run_id,rank,rank_count,device,gfx_arch,path,family,candidate,M,N,K,q,slice_index,slice_bytes,iteration_index,t_issue_us,t_release_us,t_gemm_start_us,t_gemm_end_us,t_gemm_duration_us,correctness,status
PHASEB_formal_ds_C0_DEFAULT_N4096_q8_rep2,3,4,3,sm_89,DS_PUSHSIG_SERIAL,NVSHMEM,C0_DEFAULT,2048,4096,2048,8,0,2097152,0,0,209.888,213.280,1198.144,984.864,PASS,0
PHASEB_formal_ds_C0_DEFAULT_N4096_q8_rep2,3,4,3,sm_89,DS_PUSHSIG_SERIAL,NVSHMEM,C0_DEFAULT,2048,4096,2048,8,1,2097152,0,0,1322.720,1326.112,2311.008,984.896,PASS,0
PHASEB_formal_ds_C0_DEFAULT_N4096_q8_rep2,3,4,3,sm_89,DS_PUSHSIG_SERIAL,NVSHMEM,C0_DEFAULT,2048,4096,2048,8,2,2097152,0,0,2415.200,2418.592,3401.888,983.296,PASS,0
PHASEB_formal_ds_C0_DEFAULT_N4096_q8_rep2,3,4,3,sm_89,DS_PUSHSIG_SERIAL,NVSHMEM,C0_DEFAULT,2048,4096,2048,8,3,2097152,0,0,3526.144,3530.496,4515.424,984.928,PASS,0
PHASEB_formal_ds_C0_DEFAULT_N4096_q8_rep2,3,4,3,sm_89,DS_PUSHSIG_SERIAL,NVSHMEM,C0_DEFAULT,2048,4096,2048,8,4,2097152,0,0,4599.776,4605.632,5589.856,984.224,PASS,0
PHASEB_formal_ds_C0_DEFAULT_N4096_q8_rep2,3,4,3,sm_89,DS_PUSHSIG_SERIAL,NVSHMEM,C0_DEFAULT,2048,4096,2048,8,5,2097152,0,0,5708.416,5711.776,6694.624,982.848,PASS,0
PHASEB_formal_ds_C0_DEFAULT_N4096_q8_rep2,3,4,3,sm_89,DS_PUSHSIG_SERIAL,NVSHMEM,C0_DEFAULT,2048,4096,2048,8,6,2097152,0,0,6815.232,6818.688,7802.048,983.360,PASS,0
PHASEB_formal_ds_C0_DEFAULT_N4096_q8_rep2,3,4,3,sm_89,DS_PUSHSIG_SERIAL,NVSHMEM,C0_DEFAULT,2048,4096,2048,8,7,2097152,0,0,7883.936,7888.320,8872.128,983.808,PASS,0
PHASEB_formal_ds_C0_DEFAULT_N4096_q8_rep2,3,4,3,sm_89,DS_PUSHSIG_SERIAL,NVSHMEM,C0_DEFAULT,2048,4096,2048,8,0,2097152,1,0,227.200,230.912,1213.920,983.008,PASS,0
PHASEB_formal_ds_C0_DEFAULT_N4096_q8_rep2,3,4,3,sm_89,DS_PUSHSIG_SERIAL,NVSHMEM,C0_DEFAULT,2048,4096,2048,8,1,2097152,1,0,1303.680,1310.752,2295.488,984.736,PASS,0
PHASEB_formal_ds_C0_DEFAULT_N4096_q8_rep2,3,4,3,sm_89,DS_PUSHSIG_SERIAL,NVSHMEM,C0_DEFAULT,2048,4096,2048,8,2,2097152,1,0,2403.872,2407.232,3389.888,982.656,PASS,0
PHASEB_formal_ds_C0_DEFAULT_N4096_q8_rep2,3,4,3,sm_89,DS_PUSHSIG_SERIAL,NVSHMEM,C0_DEFAULT,2048,4096,2048,8,3,2097152,1,0,3477.504,3480.896,4464.960,984.064,PASS,0
PHASEB_formal_ds_C0_DEFAULT_N4096_q8_rep2,3,4,3,sm_89,DS_PUSHSIG_SERIAL,NVSHMEM,C0_DEFAULT,2048,4096,2048,8,4,2097152,1,0,4597.216,4600.544,5583.552,983.008,PASS,0
PHASEB_formal_ds_C0_DEFAULT_N4096_q8_rep2,3,4,3,sm_89,DS_PUSHSIG_SERIAL,NVSHMEM,C0_DEFAULT,2048,4096,2048,8,5,2097152,1,0,5662.272,5665.664,6651.712,986.048,PASS,0
PHASEB_formal_ds_C0_DEFAULT_N4096_q8_rep2,3,4,3,sm_89,DS_PUSHSIG_SERIAL,NVSHMEM,C0_DEFAULT,2048,4096,2048,8,6,2097152,1,0,6772.192,6775.552,7760.640,985.088,PASS,0
PHASEB_formal_ds_C0_DEFAULT_N4096_q8_rep2,3,4,3,sm_89,DS_PUSHSIG_SERIAL,NVSHMEM,C0_DEFAULT,2048,4096,2048,8,7,2097152,1,0,7837.472,7843.552,8826.527,982.976,PASS,0
PHASEB_formal_ds_C0_DEFAULT_N4096_q8_rep2,3,4,3,sm_89,DS_PUSHSIG_SERIAL,NVSHMEM,C0_DEFAULT,2048,4096,2048,8,0,2097152,2,0,235.392,238.784,1221.472,982.688,PASS,0
PHASEB_formal_ds_C0_DEFAULT_N4096_q8_rep2,3,4,3,sm_89,DS_PUSHSIG_SERIAL,NVSHMEM,C0_DEFAULT,2048,4096,2048,8,1,2097152,2,0,1299.136,1302.528,2286.112,983.584,PASS,0
PHASEB_formal_ds_C0_DEFAULT_N4096_q8_rep2,3,4,3,sm_89,DS_PUSHSIG_SERIAL,NVSHMEM,C0_DEFAULT,2048,4096,2048,8,2,2097152,2,0,2416.992,2420.352,3403.008,982.656,PASS,0
PHASEB_formal_ds_C0_DEFAULT_N4096_q8_rep2,3,4,3,sm_89,DS_PUSHSIG_SERIAL,NVSHMEM,C0_DEFAULT,2048,4096,2048,8,3,2097152,2,0,3502.432,3505.760,4489.344,983.584,PASS,0
PHASEB_formal_ds_C0_DEFAULT_N4096_q8_rep2,3,4,3,sm_89,DS_PUSHSIG_SERIAL,NVSHMEM,C0_DEFAULT,2048,4096,2048,8,4,2097152,2,0,4610.368,4613.760,5597.632,983.872,PASS,0
PHASEB_formal_ds_C0_DEFAULT_N4096_q8_rep2,3,4,3,sm_89,DS_PUSHSIG_SERIAL,NVSHMEM,C0_DEFAULT,2048,4096,2048,8,5,2097152,2,0,5704.736,5708.096,6692.640,984.544,PASS,0
PHASEB_formal_ds_C0_DEFAULT_N4096_q8_rep2,3,4,3,sm_89,DS_PUSHSIG_SERIAL,NVSHMEM,C0_DEFAULT,2048,4096,2048,8,6,2097152,2,0,6805.920,6809.376,7792.448,983.072,PASS,0
PHASEB_formal_ds_C0_DEFAULT_N4096_q8_rep2,3,4,3,sm_89,DS_PUSHSIG_SERIAL,NVSHMEM,C0_DEFAULT,2048,4096,2048,8,7,2097152,2,0,7869.856,7873.280,8855.327,982.048,PASS,0
PHASEB_formal_ds_C0_DEFAULT_N4096_q8_rep2,3,4,3,sm_89,DS_PUSHSIG_SERIAL,NVSHMEM,C0_DEFAULT,2048,4096,2048,8,0,2097152,3,0,234.656,238.080,1221.600,983.520,PASS,0
PHASEB_formal_ds_C0_DEFAULT_N4096_q8_rep2,3,4,3,sm_89,DS_PUSHSIG_SERIAL,NVSHMEM,C0_DEFAULT,2048,4096,2048,8,1,2097152,3,0,1310.624,1314.176,2298.304,984.128,PASS,0
PHASEB_formal_ds_C0_DEFAULT_N4096_q8_rep2,3,4,3,sm_89,DS_PUSHSIG_SERIAL,NVSHMEM,C0_DEFAULT,2048,4096,2048,8,2,2097152,3,0,2430.560,2434.240,3419.008,984.768,PASS,0
PHASEB_formal_ds_C0_DEFAULT_N4096_q8_rep2,3,4,3,sm_89,DS_PUSHSIG_SERIAL,NVSHMEM,C0_DEFAULT,2048,4096,2048,8,3,2097152,3,0,3512.864,3516.224,4500.640,984.416,PASS,0
PHASEB_formal_ds_C0_DEFAULT_N4096_q8_rep2,3,4,3,sm_89,DS_PUSHSIG_SERIAL,NVSHMEM,C0_DEFAULT,2048,4096,2048,8,4,2097152,3,0,4636.544,4639.904,5623.424,983.520,PASS,0
PHASEB_formal_ds_C0_DEFAULT_N4096_q8_rep2,3,4,3,sm_89,DS_PUSHSIG_SERIAL,NVSHMEM,C0_DEFAULT,2048,4096,2048,8,5,2097152,3,0,5712.128,5715.488,6700.576,985.088,PASS,0
PHASEB_formal_ds_C0_DEFAULT_N4096_q8_rep2,3,4,3,sm_89,DS_PUSHSIG_SERIAL,NVSHMEM,C0_DEFAULT,2048,4096,2048,8,6,2097152,3,0,6834.368,6838.080,7820.032,981.952,PASS,0
PHASEB_formal_ds_C0_DEFAULT_N4096_q8_rep2,3,4,3,sm_89,DS_PUSHSIG_SERIAL,NVSHMEM,C0_DEFAULT,2048,4096,2048,8,7,2097152,3,0,7903.200,7907.040,8888.480,981.440,PASS,0
PHASEB_formal_ds_C0_DEFAULT_N4096_q8_rep2,3,4,3,sm_89,DS_PUSHSIG_SERIAL,NVSHMEM,C0_DEFAULT,2048,4096,2048,8,0,2097152,4,0,237.472,240.864,1223.904,983.040,PASS,0
PHASEB_formal_ds_C0_DEFAULT_N4096_q8_rep2,3,4,3,sm_89,DS_PUSHSIG_SERIAL,NVSHMEM,C0_DEFAULT,2048,4096,2048,8,1,2097152,4,0,1308.448,1311.808,2295.456,983.648,PASS,0
PHASEB_formal_ds_C0_DEFAULT_N4096_q8_rep2,3,4,3,sm_89,DS_PUSHSIG_SERIAL,NVSHMEM,C0_DEFAULT,2048,4096,2048,8,2,2097152,4,0,2416.864,2420.256,3404.512,984.256,PASS,0
PHASEB_formal_ds_C0_DEFAULT_N4096_q8_rep2,3,4,3,sm_89,DS_PUSHSIG_SERIAL,NVSHMEM,C0_DEFAULT,2048,4096,2048,8,3,2097152,4,0,3504.160,3508.800,4492.608,983.808,PASS,0
PHASEB_formal_ds_C0_DEFAULT_N4096_q8_rep2,3,4,3,sm_89,DS_PUSHSIG_SERIAL,NVSHMEM,C0_DEFAULT,2048,4096,2048,8,4,2097152,4,0,4613.248,4616.736,5600.768,984.032,PASS,0
PHASEB_formal_ds_C0_DEFAULT_N4096_q8_rep2,3,4,3,sm_89,DS_PUSHSIG_SERIAL,NVSHMEM,C0_DEFAULT,2048,4096,2048,8,5,2097152,4,0,5709.632,5713.088,6696.608,983.520,PASS,0
PHASEB_formal_ds_C0_DEFAULT_N4096_q8_rep2,3,4,3,sm_89,DS_PUSHSIG_SERIAL,NVSHMEM,C0_DEFAULT,2048,4096,2048,8,6,2097152,4,0,6827.424,6830.848,7813.216,982.368,PASS,0
PHASEB_formal_ds_C0_DEFAULT_N4096_q8_rep2,3,4,3,sm_89,DS_PUSHSIG_SERIAL,NVSHMEM,C0_DEFAULT,2048,4096,2048,8,7,2097152,4,0,7899.488,7905.792,8889.344,983.552,PASS,0
PHASEB_formal_ds_C0_DEFAULT_N4096_q8_rep2,3,4,3,sm_89,DS_PUSHSIG_SERIAL,NVSHMEM,C0_DEFAULT,2048,4096,2048,8,0,2097152,5,0,223.232,226.624,1210.144,983.520,PASS,0
PHASEB_formal_ds_C0_DEFAULT_N4096_q8_rep2,3,4,3,sm_89,DS_PUSHSIG_SERIAL,NVSHMEM,C0_DEFAULT,2048,4096,2048,8,1,2097152,5,0,1299.744,1305.632,2291.200,985.568,PASS,0
PHASEB_formal_ds_C0_DEFAULT_N4096_q8_rep2,3,4,3,sm_89,DS_PUSHSIG_SERIAL,NVSHMEM,C0_DEFAULT,2048,4096,2048,8,2,2097152,5,0,2406.976,2410.400,3394.208,983.808,PASS,0
PHASEB_formal_ds_C0_DEFAULT_N4096_q8_rep2,3,4,3,sm_89,DS_PUSHSIG_SERIAL,NVSHMEM,C0_DEFAULT,2048,4096,2048,8,3,2097152,5,0,3487.456,3490.816,4476.928,986.112,PASS,0
PHASEB_formal_ds_C0_DEFAULT_N4096_q8_rep2,3,4,3,sm_89,DS_PUSHSIG_SERIAL,NVSHMEM,C0_DEFAULT,2048,4096,2048,8,4,2097152,5,0,4591.808,4595.136,5579.584,984.448,PASS,0
PHASEB_formal_ds_C0_DEFAULT_N4096_q8_rep2,3,4,3,sm_89,DS_PUSHSIG_SERIAL,NVSHMEM,C0_DEFAULT,2048,4096,2048,8,5,2097152,5,0,5690.624,5694.048,6677.920,983.872,PASS,0
PHASEB_formal_ds_C0_DEFAULT_N4096_q8_rep2,3,4,3,sm_89,DS_PUSHSIG_SERIAL,NVSHMEM,C0_DEFAULT,2048,4096,2048,8,6,2097152,5,0,6791.552,6794.912,7777.152,982.240,PASS,0
PHASEB_formal_ds_C0_DEFAULT_N4096_q8_rep2,3,4,3,sm_89,DS_PUSHSIG_SERIAL,NVSHMEM,C0_DEFAULT,2048,4096,2048,8,7,2097152,5,0,7889.952,7893.312,8873.824,980.512,PASS,0
PHASEB_formal_ds_C0_DEFAULT_N4096_q8_rep2,3,4,3,sm_89,DS_PUSHSIG_SERIAL,NVSHMEM,C0_DEFAULT,2048,4096,2048,8,0,2097152,6,0,224.160,227.776,1210.560,982.784,PASS,0
PHASEB_formal_ds_C0_DEFAULT_N4096_q8_rep2,3,4,3,sm_89,DS_PUSHSIG_SERIAL,NVSHMEM,C0_DEFAULT,2048,4096,2048,8,1,2097152,6,0,1312.704,1317.024,2300.288,983.264,PASS,0
PHASEB_formal_ds_C0_DEFAULT_N4096_q8_rep2,3,4,3,sm_89,DS_PUSHSIG_SERIAL,NVSHMEM,C0_DEFAULT,2048,4096,2048,8,2,2097152,6,0,2422.368,2426.112,3408.800,982.688,PASS,0
PHASEB_formal_ds_C0_DEFAULT_N4096_q8_rep2,3,4,3,sm_89,DS_PUSHSIG_SERIAL,NVSHMEM,C0_DEFAULT,2048,4096,2048,8,3,2097152,6,0,3499.616,3504.768,4488.640,983.872,PASS,0
PHASEB_formal_ds_C0_DEFAULT_N4096_q8_rep2,3,4,3,sm_89,DS_PUSHSIG_SERIAL,NVSHMEM,C0_DEFAULT,2048,4096,2048,8,4,2097152,6,0,4605.952,4609.632,5592.576,982.944,PASS,0
PHASEB_formal_ds_C0_DEFAULT_N4096_q8_rep2,3,4,3,sm_89,DS_PUSHSIG_SERIAL,NVSHMEM,C0_DEFAULT,2048,4096,2048,8,5,2097152,6,0,5713.536,5716.992,6701.952,984.960,PASS,0
PHASEB_formal_ds_C0_DEFAULT_N4096_q8_rep2,3,4,3,sm_89,DS_PUSHSIG_SERIAL,NVSHMEM,C0_DEFAULT,2048,4096,2048,8,6,2097152,6,0,6784.928,6790.624,7773.376,982.752,PASS,0
PHASEB_formal_ds_C0_DEFAULT_N4096_q8_rep2,3,4,3,sm_89,DS_PUSHSIG_SERIAL,NVSHMEM,C0_DEFAULT,2048,4096,2048,8,7,2097152,6,0,7886.080,7889.504,8870.144,980.640,PASS,0
PHASEB_formal_ds_C0_DEFAULT_N4096_q8_rep2,3,4,3,sm_89,DS_PUSHSIG_SERIAL,NVSHMEM,C0_DEFAULT,2048,4096,2048,8,0,2097152,7,0,226.080,229.504,1212.480,982.976,PASS,0
PHASEB_formal_ds_C0_DEFAULT_N4096_q8_rep2,3,4,3,sm_89,DS_PUSHSIG_SERIAL,NVSHMEM,C0_DEFAULT,2048,4096,2048,8,1,2097152,7,0,1308.416,1314.048,2297.984,983.936,PASS,0
PHASEB_formal_ds_C0_DEFAULT_N4096_q8_rep2,3,4,3,sm_89,DS_PUSHSIG_SERIAL,NVSHMEM,C0_DEFAULT,2048,4096,2048,8,2,2097152,7,0,2428.448,2431.968,3415.104,983.136,PASS,0
PHASEB_formal_ds_C0_DEFAULT_N4096_q8_rep2,3,4,3,sm_89,DS_PUSHSIG_SERIAL,NVSHMEM,C0_DEFAULT,2048,4096,2048,8,3,2097152,7,0,3495.328,3498.720,4483.904,985.184,PASS,0
PHASEB_formal_ds_C0_DEFAULT_N4096_q8_rep2,3,4,3,sm_89,DS_PUSHSIG_SERIAL,NVSHMEM,C0_DEFAULT,2048,4096,2048,8,4,2097152,7,0,4610.656,4614.016,5597.088,983.072,PASS,0
PHASEB_formal_ds_C0_DEFAULT_N4096_q8_rep2,3,4,3,sm_89,DS_PUSHSIG_SERIAL,NVSHMEM,C0_DEFAULT,2048,4096,2048,8,5,2097152,7,0,5698.336,5704.256,6689.696,985.440,PASS,0
PHASEB_formal_ds_C0_DEFAULT_N4096_q8_rep2,3,4,3,sm_89,DS_PUSHSIG_SERIAL,NVSHMEM,C0_DEFAULT,2048,4096,2048,8,6,2097152,7,0,6802.912,6806.368,7788.672,982.304,PASS,0
PHASEB_formal_ds_C0_DEFAULT_N4096_q8_rep2,3,4,3,sm_89,DS_PUSHSIG_SERIAL,NVSHMEM,C0_DEFAULT,2048,4096,2048,8,7,2097152,7,0,7879.392,7885.696,8869.152,983.456,PASS,0
PHASEB_formal_ds_C0_DEFAULT_N4096_q8_rep2,3,4,3,sm_89,DS_PUSHSIG_SERIAL,NVSHMEM,C0_DEFAULT,2048,4096,2048,8,0,2097152,8,0,215.104,218.464,1201.408,982.944,PASS,0
PHASEB_formal_ds_C0_DEFAULT_N4096_q8_rep2,3,4,3,sm_89,DS_PUSHSIG_SERIAL,NVSHMEM,C0_DEFAULT,2048,4096,2048,8,1,2097152,8,0,1282.944,1286.240,2273.920,987.680,PASS,0
PHASEB_formal_ds_C0_DEFAULT_N4096_q8_rep2,3,4,3,sm_89,DS_PUSHSIG_SERIAL,NVSHMEM,C0_DEFAULT,2048,4096,2048,8,2,2097152,8,0,2388.544,2391.968,3377.280,985.312,PASS,0
PHASEB_formal_ds_C0_DEFAULT_N4096_q8_rep2,3,4,3,sm_89,DS_PUSHSIG_SERIAL,NVSHMEM,C0_DEFAULT,2048,4096,2048,8,3,2097152,8,0,3482.816,3486.240,4470.112,983.872,PASS,0
PHASEB_formal_ds_C0_DEFAULT_N4096_q8_rep2,3,4,3,sm_89,DS_PUSHSIG_SERIAL,NVSHMEM,C0_DEFAULT,2048,4096,2048,8,4,2097152,8,0,4580.288,4583.872,5567.648,983.776,PASS,0
PHASEB_formal_ds_C0_DEFAULT_N4096_q8_rep2,3,4,3,sm_89,DS_PUSHSIG_SERIAL,NVSHMEM,C0_DEFAULT,2048,4096,2048,8,5,2097152,8,0,5675.392,5679.968,6663.360,983.392,PASS,0
PHASEB_formal_ds_C0_DEFAULT_N4096_q8_rep2,3,4,3,sm_89,DS_PUSHSIG_SERIAL,NVSHMEM,C0_DEFAULT,2048,4096,2048,8,6,2097152,8,0,6776.128,6779.520,7761.728,982.208,PASS,0
PHASEB_formal_ds_C0_DEFAULT_N4096_q8_rep2,3,4,3,sm_89,DS_PUSHSIG_SERIAL,NVSHMEM,C0_DEFAULT,2048,4096,2048,8,7,2097152,8,0,7845.824,7849.248,8831.168,981.920,PASS,0
PHASEB_formal_ds_C0_DEFAULT_N4096_q8_rep2,3,4,3,sm_89,DS_PUSHSIG_SERIAL,NVSHMEM,C0_DEFAULT,2048,4096,2048,8,0,2097152,9,0,236.288,239.648,1223.424,983.776,PASS,0
PHASEB_formal_ds_C0_DEFAULT_N4096_q8_rep2,3,4,3,sm_89,DS_PUSHSIG_SERIAL,NVSHMEM,C0_DEFAULT,2048,4096,2048,8,1,2097152,9,0,1309.824,1313.184,2298.656,985.472,PASS,0
PHASEB_formal_ds_C0_DEFAULT_N4096_q8_rep2,3,4,3,sm_89,DS_PUSHSIG_SERIAL,NVSHMEM,C0_DEFAULT,2048,4096,2048,8,2,2097152,9,0,2419.744,2423.200,3408.864,985.664,PASS,0
PHASEB_formal_ds_C0_DEFAULT_N4096_q8_rep2,3,4,3,sm_89,DS_PUSHSIG_SERIAL,NVSHMEM,C0_DEFAULT,2048,4096,2048,8,3,2097152,9,0,3501.216,3504.992,4488.800,983.808,PASS,0
PHASEB_formal_ds_C0_DEFAULT_N4096_q8_rep2,3,4,3,sm_89,DS_PUSHSIG_SERIAL,NVSHMEM,C0_DEFAULT,2048,4096,2048,8,4,2097152,9,0,4612.384,4615.904,5599.712,983.808,PASS,0
PHASEB_formal_ds_C0_DEFAULT_N4096_q8_rep2,3,4,3,sm_89,DS_PUSHSIG_SERIAL,NVSHMEM,C0_DEFAULT,2048,4096,2048,8,5,2097152,9,0,5685.952,5689.344,6674.720,985.376,PASS,0
PHASEB_formal_ds_C0_DEFAULT_N4096_q8_rep2,3,4,3,sm_89,DS_PUSHSIG_SERIAL,NVSHMEM,C0_DEFAULT,2048,4096,2048,8,6,2097152,9,0,6797.408,6800.800,7784.352,983.552,PASS,0
PHASEB_formal_ds_C0_DEFAULT_N4096_q8_rep2,3,4,3,sm_89,DS_PUSHSIG_SERIAL,NVSHMEM,C0_DEFAULT,2048,4096,2048,8,7,2097152,9,0,7870.048,7873.472,8855.360,981.888,PASS,0
PHASEB_formal_ds_C0_DEFAULT_N4096_q8_rep2,3,4,3,sm_89,DS_PUSHSIG_SERIAL,NVSHMEM,C0_DEFAULT,2048,4096,2048,8,0,2097152,10,0,239.520,243.168,1225.952,982.784,PASS,0
PHASEB_formal_ds_C0_DEFAULT_N4096_q8_rep2,3,4,3,sm_89,DS_PUSHSIG_SERIAL,NVSHMEM,C0_DEFAULT,2048,4096,2048,8,1,2097152,10,0,1314.560,1318.048,2305.728,987.680,PASS,0
PHASEB_formal_ds_C0_DEFAULT_N4096_q8_rep2,3,4,3,sm_89,DS_PUSHSIG_SERIAL,NVSHMEM,C0_DEFAULT,2048,4096,2048,8,2,2097152,10,0,2426.848,2430.560,3413.600,983.040,PASS,0
PHASEB_formal_ds_C0_DEFAULT_N4096_q8_rep2,3,4,3,sm_89,DS_PUSHSIG_SERIAL,NVSHMEM,C0_DEFAULT,2048,4096,2048,8,3,2097152,10,0,3501.344,3506.752,4490.208,983.456,PASS,0
PHASEB_formal_ds_C0_DEFAULT_N4096_q8_rep2,3,4,3,sm_89,DS_PUSHSIG_SERIAL,NVSHMEM,C0_DEFAULT,2048,4096,2048,8,4,2097152,10,0,4603.360,4606.816,5591.872,985.056,PASS,0
PHASEB_formal_ds_C0_DEFAULT_N4096_q8_rep2,3,4,3,sm_89,DS_PUSHSIG_SERIAL,NVSHMEM,C0_DEFAULT,2048,4096,2048,8,5,2097152,10,0,5680.640,5684.096,6668.736,984.640,PASS,0
PHASEB_formal_ds_C0_DEFAULT_N4096_q8_rep2,3,4,3,sm_89,DS_PUSHSIG_SERIAL,NVSHMEM,C0_DEFAULT,2048,4096,2048,8,6,2097152,10,0,6787.872,6791.328,7774.752,983.424,PASS,0
PHASEB_formal_ds_C0_DEFAULT_N4096_q8_rep2,3,4,3,sm_89,DS_PUSHSIG_SERIAL,NVSHMEM,C0_DEFAULT,2048,4096,2048,8,7,2097152,10,0,7881.408,7884.832,8865.792,980.960,PASS,0
PHASEB_formal_ds_C0_DEFAULT_N4096_q8_rep2,3,4,3,sm_89,DS_PUSHSIG_SERIAL,NVSHMEM,C0_DEFAULT,2048,4096,2048,8,0,2097152,11,0,235.648,239.040,1222.784,983.744,PASS,0
PHASEB_formal_ds_C0_DEFAULT_N4096_q8_rep2,3,4,3,sm_89,DS_PUSHSIG_SERIAL,NVSHMEM,C0_DEFAULT,2048,4096,2048,8,1,2097152,11,0,1297.920,1301.440,2284.960,983.520,PASS,0
PHASEB_formal_ds_C0_DEFAULT_N4096_q8_rep2,3,4,3,sm_89,DS_PUSHSIG_SERIAL,NVSHMEM,C0_DEFAULT,2048,4096,2048,8,2,2097152,11,0,2403.136,2406.528,3391.392,984.864,PASS,0
PHASEB_formal_ds_C0_DEFAULT_N4096_q8_rep2,3,4,3,sm_89,DS_PUSHSIG_SERIAL,NVSHMEM,C0_DEFAULT,2048,4096,2048,8,3,2097152,11,0,3472.224,3475.776,4461.216,985.440,PASS,0
PHASEB_formal_ds_C0_DEFAULT_N4096_q8_rep2,3,4,3,sm_89,DS_PUSHSIG_SERIAL,NVSHMEM,C0_DEFAULT,2048,4096,2048,8,4,2097152,11,0,4580.800,4584.192,5567.520,983.328,PASS,0
PHASEB_formal_ds_C0_DEFAULT_N4096_q8_rep2,3,4,3,sm_89,DS_PUSHSIG_SERIAL,NVSHMEM,C0_DEFAULT,2048,4096,2048,8,5,2097152,11,0,5651.072,5655.424,6642.496,987.072,PASS,0
PHASEB_formal_ds_C0_DEFAULT_N4096_q8_rep2,3,4,3,sm_89,DS_PUSHSIG_SERIAL,NVSHMEM,C0_DEFAULT,2048,4096,2048,8,6,2097152,11,0,6762.016,6765.536,7749.056,983.520,PASS,0
PHASEB_formal_ds_C0_DEFAULT_N4096_q8_rep2,3,4,3,sm_89,DS_PUSHSIG_SERIAL,NVSHMEM,C0_DEFAULT,2048,4096,2048,8,7,2097152,11,0,7829.280,7834.656,8817.729,983.072,PASS,0
PHASEB_formal_ds_C0_DEFAULT_N4096_q8_rep2,3,4,3,sm_89,DS_PUSHSIG_SERIAL,NVSHMEM,C0_DEFAULT,2048,4096,2048,8,0,2097152,12,0,230.592,234.528,1218.560,984.032,PASS,0
PHASEB_formal_ds_C0_DEFAULT_N4096_q8_rep2,3,4,3,sm_89,DS_PUSHSIG_SERIAL,NVSHMEM,C0_DEFAULT,2048,4096,2048,8,1,2097152,12,0,1308.096,1314.368,2300.864,986.496,PASS,0
PHASEB_formal_ds_C0_DEFAULT_N4096_q8_rep2,3,4,3,sm_89,DS_PUSHSIG_SERIAL,NVSHMEM,C0_DEFAULT,2048,4096,2048,8,2,2097152,12,0,2425.248,2428.608,3411.136,982.528,PASS,0
PHASEB_formal_ds_C0_DEFAULT_N4096_q8_rep2,3,4,3,sm_89,DS_PUSHSIG_SERIAL,NVSHMEM,C0_DEFAULT,2048,4096,2048,8,3,2097152,12,0,3520.096,3523.520,4507.072,983.552,PASS,0
PHASEB_formal_ds_C0_DEFAULT_N4096_q8_rep2,3,4,3,sm_89,DS_PUSHSIG_SERIAL,NVSHMEM,C0_DEFAULT,2048,4096,2048,8,4,2097152,12,0,4591.648,4599.008,5585.792,986.784,PASS,0
PHASEB_formal_ds_C0_DEFAULT_N4096_q8_rep2,3,4,3,sm_89,DS_PUSHSIG_SERIAL,NVSHMEM,C0_DEFAULT,2048,4096,2048,8,5,2097152,12,0,5696.256,5699.584,6683.424,983.840,PASS,0
PHASEB_formal_ds_C0_DEFAULT_N4096_q8_rep2,3,4,3,sm_89,DS_PUSHSIG_SERIAL,NVSHMEM,C0_DEFAULT,2048,4096,2048,8,6,2097152,12,0,6764.864,6768.256,7752.256,984.000,PASS,0
PHASEB_formal_ds_C0_DEFAULT_N4096_q8_rep2,3,4,3,sm_89,DS_PUSHSIG_SERIAL,NVSHMEM,C0_DEFAULT,2048,4096,2048,8,7,2097152,12,0,7873.792,7877.344,8857.728,980.384,PASS,0
PHASEB_formal_ds_C0_DEFAULT_N4096_q8_rep2,3,4,3,sm_89,DS_PUSHSIG_SERIAL,NVSHMEM,C0_DEFAULT,2048,4096,2048,8,0,2097152,13,0,238.816,242.144,1224.672,982.528,PASS,0
PHASEB_formal_ds_C0_DEFAULT_N4096_q8_rep2,3,4,3,sm_89,DS_PUSHSIG_SERIAL,NVSHMEM,C0_DEFAULT,2048,4096,2048,8,1,2097152,13,0,1304.192,1307.552,2290.944,983.392,PASS,0
PHASEB_formal_ds_C0_DEFAULT_N4096_q8_rep2,3,4,3,sm_89,DS_PUSHSIG_SERIAL,NVSHMEM,C0_DEFAULT,2048,4096,2048,8,2,2097152,13,0,2417.312,2420.672,3404.448,983.776,PASS,0
PHASEB_formal_ds_C0_DEFAULT_N4096_q8_rep2,3,4,3,sm_89,DS_PUSHSIG_SERIAL,NVSHMEM,C0_DEFAULT,2048,4096,2048,8,3,2097152,13,0,3508.800,3512.384,4496.896,984.512,PASS,0
PHASEB_formal_ds_C0_DEFAULT_N4096_q8_rep2,3,4,3,sm_89,DS_PUSHSIG_SERIAL,NVSHMEM,C0_DEFAULT,2048,4096,2048,8,4,2097152,13,0,4604.544,4607.968,5591.136,983.168,PASS,0
PHASEB_formal_ds_C0_DEFAULT_N4096_q8_rep2,3,4,3,sm_89,DS_PUSHSIG_SERIAL,NVSHMEM,C0_DEFAULT,2048,4096,2048,8,5,2097152,13,0,5693.856,5697.728,6682.496,984.768,PASS,0
PHASEB_formal_ds_C0_DEFAULT_N4096_q8_rep2,3,4,3,sm_89,DS_PUSHSIG_SERIAL,NVSHMEM,C0_DEFAULT,2048,4096,2048,8,6,2097152,13,0,6796.448,6799.904,7783.008,983.104,PASS,0
PHASEB_formal_ds_C0_DEFAULT_N4096_q8_rep2,3,4,3,sm_89,DS_PUSHSIG_SERIAL,NVSHMEM,C0_DEFAULT,2048,4096,2048,8,7,2097152,13,0,7864.352,7867.776,8849.248,981.472,PASS,0
PHASEB_formal_ds_C0_DEFAULT_N4096_q8_rep2,3,4,3,sm_89,DS_PUSHSIG_SERIAL,NVSHMEM,C0_DEFAULT,2048,4096,2048,8,0,2097152,14,0,226.784,230.208,1213.696,983.488,PASS,0
PHASEB_formal_ds_C0_DEFAULT_N4096_q8_rep2,3,4,3,sm_89,DS_PUSHSIG_SERIAL,NVSHMEM,C0_DEFAULT,2048,4096,2048,8,1,2097152,14,0,1303.168,1307.424,2296.128,988.704,PASS,0
PHASEB_formal_ds_C0_DEFAULT_N4096_q8_rep2,3,4,3,sm_89,DS_PUSHSIG_SERIAL,NVSHMEM,C0_DEFAULT,2048,4096,2048,8,2,2097152,14,0,2428.992,2432.352,3416.000,983.648,PASS,0
PHASEB_formal_ds_C0_DEFAULT_N4096_q8_rep2,3,4,3,sm_89,DS_PUSHSIG_SERIAL,NVSHMEM,C0_DEFAULT,2048,4096,2048,8,3,2097152,14,0,3493.280,3496.768,4482.432,985.664,PASS,0
PHASEB_formal_ds_C0_DEFAULT_N4096_q8_rep2,3,4,3,sm_89,DS_PUSHSIG_SERIAL,NVSHMEM,C0_DEFAULT,2048,4096,2048,8,4,2097152,14,0,4615.232,4618.560,5602.400,983.840,PASS,0
PHASEB_formal_ds_C0_DEFAULT_N4096_q8_rep2,3,4,3,sm_89,DS_PUSHSIG_SERIAL,NVSHMEM,C0_DEFAULT,2048,4096,2048,8,5,2097152,14,0,5688.800,5692.288,6675.584,983.296,PASS,0
PHASEB_formal_ds_C0_DEFAULT_N4096_q8_rep2,3,4,3,sm_89,DS_PUSHSIG_SERIAL,NVSHMEM,C0_DEFAULT,2048,4096,2048,8,6,2097152,14,0,6805.696,6809.024,7790.528,981.504,PASS,0
PHASEB_formal_ds_C0_DEFAULT_N4096_q8_rep2,3,4,3,sm_89,DS_PUSHSIG_SERIAL,NVSHMEM,C0_DEFAULT,2048,4096,2048,8,7,2097152,14,0,7892.416,7895.840,8876.256,980.416,PASS,0
PHASEB_formal_ds_C0_DEFAULT_N4096_q8_rep2,3,4,3,sm_89,DS_PUSHSIG_SERIAL,NVSHMEM,C0_DEFAULT,2048,4096,2048,8,0,2097152,15,0,229.280,232.704,1215.456,982.752,PASS,0
PHASEB_formal_ds_C0_DEFAULT_N4096_q8_rep2,3,4,3,sm_89,DS_PUSHSIG_SERIAL,NVSHMEM,C0_DEFAULT,2048,4096,2048,8,1,2097152,15,0,1319.232,1325.280,2311.648,986.368,PASS,0
PHASEB_formal_ds_C0_DEFAULT_N4096_q8_rep2,3,4,3,sm_89,DS_PUSHSIG_SERIAL,NVSHMEM,C0_DEFAULT,2048,4096,2048,8,2,2097152,15,0,2430.816,2434.176,3418.176,984.000,PASS,0
PHASEB_formal_ds_C0_DEFAULT_N4096_q8_rep2,3,4,3,sm_89,DS_PUSHSIG_SERIAL,NVSHMEM,C0_DEFAULT,2048,4096,2048,8,3,2097152,15,0,3508.096,3512.864,4496.768,983.904,PASS,0
PHASEB_formal_ds_C0_DEFAULT_N4096_q8_rep2,3,4,3,sm_89,DS_PUSHSIG_SERIAL,NVSHMEM,C0_DEFAULT,2048,4096,2048,8,4,2097152,15,0,4617.632,4621.056,5605.248,984.192,PASS,0
PHASEB_formal_ds_C0_DEFAULT_N4096_q8_rep2,3,4,3,sm_89,DS_PUSHSIG_SERIAL,NVSHMEM,C0_DEFAULT,2048,4096,2048,8,5,2097152,15,0,5719.136,5722.592,6706.432,983.840,PASS,0
PHASEB_formal_ds_C0_DEFAULT_N4096_q8_rep2,3,4,3,sm_89,DS_PUSHSIG_SERIAL,NVSHMEM,C0_DEFAULT,2048,4096,2048,8,6,2097152,15,0,6788.480,6795.168,7780.256,985.088,PASS,0
PHASEB_formal_ds_C0_DEFAULT_N4096_q8_rep2,3,4,3,sm_89,DS_PUSHSIG_SERIAL,NVSHMEM,C0_DEFAULT,2048,4096,2048,8,7,2097152,15,0,7903.520,7906.944,8887.456,980.512,PASS,0
PHASEB_formal_ds_C0_DEFAULT_N4096_q8_rep2,3,4,3,sm_89,DS_PUSHSIG_SERIAL,NVSHMEM,C0_DEFAULT,2048,4096,2048,8,0,2097152,16,0,237.440,240.864,1213.152,972.288,PASS,0
PHASEB_formal_ds_C0_DEFAULT_N4096_q8_rep2,3,4,3,sm_89,DS_PUSHSIG_SERIAL,NVSHMEM,C0_DEFAULT,2048,4096,2048,8,1,2097152,16,0,1324.512,1327.904,2302.304,974.400,PASS,0
PHASEB_formal_ds_C0_DEFAULT_N4096_q8_rep2,3,4,3,sm_89,DS_PUSHSIG_SERIAL,NVSHMEM,C0_DEFAULT,2048,4096,2048,8,2,2097152,16,0,2416.000,2419.456,3391.648,972.192,PASS,0
PHASEB_formal_ds_C0_DEFAULT_N4096_q8_rep2,3,4,3,sm_89,DS_PUSHSIG_SERIAL,NVSHMEM,C0_DEFAULT,2048,4096,2048,8,3,2097152,16,0,3503.200,3506.528,4479.136,972.608,PASS,0
PHASEB_formal_ds_C0_DEFAULT_N4096_q8_rep2,3,4,3,sm_89,DS_PUSHSIG_SERIAL,NVSHMEM,C0_DEFAULT,2048,4096,2048,8,4,2097152,16,0,4585.760,4589.088,5563.008,973.920,PASS,0
PHASEB_formal_ds_C0_DEFAULT_N4096_q8_rep2,3,4,3,sm_89,DS_PUSHSIG_SERIAL,NVSHMEM,C0_DEFAULT,2048,4096,2048,8,5,2097152,16,0,5691.072,5694.624,6668.128,973.504,PASS,0
PHASEB_formal_ds_C0_DEFAULT_N4096_q8_rep2,3,4,3,sm_89,DS_PUSHSIG_SERIAL,NVSHMEM,C0_DEFAULT,2048,4096,2048,8,6,2097152,16,0,6782.240,6785.696,7757.376,971.680,PASS,0
PHASEB_formal_ds_C0_DEFAULT_N4096_q8_rep2,3,4,3,sm_89,DS_PUSHSIG_SERIAL,NVSHMEM,C0_DEFAULT,2048,4096,2048,8,7,2097152,16,0,7863.936,7867.296,8837.472,970.176,PASS,0
PHASEB_formal_ds_C0_DEFAULT_N4096_q8_rep2,3,4,3,sm_89,DS_PUSHSIG_SERIAL,NVSHMEM,C0_DEFAULT,2048,4096,2048,8,0,2097152,17,0,224.864,228.192,1201.600,973.408,PASS,0
PHASEB_formal_ds_C0_DEFAULT_N4096_q8_rep2,3,4,3,sm_89,DS_PUSHSIG_SERIAL,NVSHMEM,C0_DEFAULT,2048,4096,2048,8,1,2097152,17,0,1303.968,1307.520,2282.688,975.168,PASS,0
PHASEB_formal_ds_C0_DEFAULT_N4096_q8_rep2,3,4,3,sm_89,DS_PUSHSIG_SERIAL,NVSHMEM,C0_DEFAULT,2048,4096,2048,8,2,2097152,17,0,2404.640,2407.968,3379.936,971.968,PASS,0
PHASEB_formal_ds_C0_DEFAULT_N4096_q8_rep2,3,4,3,sm_89,DS_PUSHSIG_SERIAL,NVSHMEM,C0_DEFAULT,2048,4096,2048,8,3,2097152,17,0,3475.744,3479.776,4451.552,971.776,PASS,0
PHASEB_formal_ds_C0_DEFAULT_N4096_q8_rep2,3,4,3,sm_89,DS_PUSHSIG_SERIAL,NVSHMEM,C0_DEFAULT,2048,4096,2048,8,4,2097152,17,0,4571.104,4574.464,5547.616,973.152,PASS,0
PHASEB_formal_ds_C0_DEFAULT_N4096_q8_rep2,3,4,3,sm_89,DS_PUSHSIG_SERIAL,NVSHMEM,C0_DEFAULT,2048,4096,2048,8,5,2097152,17,0,5641.248,5647.104,6623.072,975.968,PASS,0
PHASEB_formal_ds_C0_DEFAULT_N4096_q8_rep2,3,4,3,sm_89,DS_PUSHSIG_SERIAL,NVSHMEM,C0_DEFAULT,2048,4096,2048,8,6,2097152,17,0,6750.080,6753.632,7726.272,972.640,PASS,0
PHASEB_formal_ds_C0_DEFAULT_N4096_q8_rep2,3,4,3,sm_89,DS_PUSHSIG_SERIAL,NVSHMEM,C0_DEFAULT,2048,4096,2048,8,7,2097152,17,0,7825.984,7830.624,8801.056,970.432,PASS,0
PHASEB_formal_ds_C0_DEFAULT_N4096_q8_rep2,3,4,3,sm_89,DS_PUSHSIG_SERIAL,NVSHMEM,C0_DEFAULT,2048,4096,2048,8,0,2097152,18,0,224.704,228.128,1206.528,978.400,PASS,0
PHASEB_formal_ds_C0_DEFAULT_N4096_q8_rep2,3,4,3,sm_89,DS_PUSHSIG_SERIAL,NVSHMEM,C0_DEFAULT,2048,4096,2048,8,1,2097152,18,0,1307.040,1310.336,2294.816,984.480,PASS,0
PHASEB_formal_ds_C0_DEFAULT_N4096_q8_rep2,3,4,3,sm_89,DS_PUSHSIG_SERIAL,NVSHMEM,C0_DEFAULT,2048,4096,2048,8,2,2097152,18,0,2410.688,2414.112,3397.600,983.488,PASS,0
PHASEB_formal_ds_C0_DEFAULT_N4096_q8_rep2,3,4,3,sm_89,DS_PUSHSIG_SERIAL,NVSHMEM,C0_DEFAULT,2048,4096,2048,8,3,2097152,18,0,3512.608,3516.320,4500.160,983.840,PASS,0
PHASEB_formal_ds_C0_DEFAULT_N4096_q8_rep2,3,4,3,sm_89,DS_PUSHSIG_SERIAL,NVSHMEM,C0_DEFAULT,2048,4096,2048,8,4,2097152,18,0,4612.992,4616.416,5599.776,983.360,PASS,0
PHASEB_formal_ds_C0_DEFAULT_N4096_q8_rep2,3,4,3,sm_89,DS_PUSHSIG_SERIAL,NVSHMEM,C0_DEFAULT,2048,4096,2048,8,5,2097152,18,0,5708.352,5711.744,6696.000,984.256,PASS,0
PHASEB_formal_ds_C0_DEFAULT_N4096_q8_rep2,3,4,3,sm_89,DS_PUSHSIG_SERIAL,NVSHMEM,C0_DEFAULT,2048,4096,2048,8,6,2097152,18,0,6802.496,6805.888,7789.408,983.520,PASS,0
PHASEB_formal_ds_C0_DEFAULT_N4096_q8_rep2,3,4,3,sm_89,DS_PUSHSIG_SERIAL,NVSHMEM,C0_DEFAULT,2048,4096,2048,8,7,2097152,18,0,7875.808,7881.504,8864.288,982.784,PASS,0
PHASEB_formal_ds_C0_DEFAULT_N4096_q8_rep2,3,4,3,sm_89,DS_PUSHSIG_SERIAL,NVSHMEM,C0_DEFAULT,2048,4096,2048,8,0,2097152,19,0,236.864,240.288,1222.656,982.368,PASS,0
PHASEB_formal_ds_C0_DEFAULT_N4096_q8_rep2,3,4,3,sm_89,DS_PUSHSIG_SERIAL,NVSHMEM,C0_DEFAULT,2048,4096,2048,8,1,2097152,19,0,1308.960,1312.672,2300.032,987.360,PASS,0
PHASEB_formal_ds_C0_DEFAULT_N4096_q8_rep2,3,4,3,sm_89,DS_PUSHSIG_SERIAL,NVSHMEM,C0_DEFAULT,2048,4096,2048,8,2,2097152,19,0,2417.728,2421.152,3402.304,981.152,PASS,0
PHASEB_formal_ds_C0_DEFAULT_N4096_q8_rep2,3,4,3,sm_89,DS_PUSHSIG_SERIAL,NVSHMEM,C0_DEFAULT,2048,4096,2048,8,3,2097152,19,0,3496.160,3502.368,4480.704,978.336,PASS,0
PHASEB_formal_ds_C0_DEFAULT_N4096_q8_rep2,3,4,3,sm_89,DS_PUSHSIG_SERIAL,NVSHMEM,C0_DEFAULT,2048,4096,2048,8,4,2097152,19,0,4599.008,4602.464,5583.520,981.056,PASS,0
PHASEB_formal_ds_C0_DEFAULT_N4096_q8_rep2,3,4,3,sm_89,DS_PUSHSIG_SERIAL,NVSHMEM,C0_DEFAULT,2048,4096,2048,8,5,2097152,19,0,5679.520,5684.928,6664.160,979.232,PASS,0
PHASEB_formal_ds_C0_DEFAULT_N4096_q8_rep2,3,4,3,sm_89,DS_PUSHSIG_SERIAL,NVSHMEM,C0_DEFAULT,2048,4096,2048,8,6,2097152,19,0,6782.144,6785.472,7762.848,977.376,PASS,0
PHASEB_formal_ds_C0_DEFAULT_N4096_q8_rep2,3,4,3,sm_89,DS_PUSHSIG_SERIAL,NVSHMEM,C0_DEFAULT,2048,4096,2048,8,7,2097152,19,0,7846.176,7849.568,8824.960,975.392,PASS,0
PHASEB_formal_ds_C0_DEFAULT_N4096_q8_rep2,3,4,3,sm_89,DS_PUSHSIG_SERIAL,NVSHMEM,C0_DEFAULT,2048,4096,2048,8,0,2097152,20,0,223.072,226.432,1202.976,976.544,PASS,0
PHASEB_formal_ds_C0_DEFAULT_N4096_q8_rep2,3,4,3,sm_89,DS_PUSHSIG_SERIAL,NVSHMEM,C0_DEFAULT,2048,4096,2048,8,1,2097152,20,0,1306.784,1311.136,2289.728,978.592,PASS,0
PHASEB_formal_ds_C0_DEFAULT_N4096_q8_rep2,3,4,3,sm_89,DS_PUSHSIG_SERIAL,NVSHMEM,C0_DEFAULT,2048,4096,2048,8,2,2097152,20,0,2405.440,2408.800,3388.896,980.096,PASS,0
PHASEB_formal_ds_C0_DEFAULT_N4096_q8_rep2,3,4,3,sm_89,DS_PUSHSIG_SERIAL,NVSHMEM,C0_DEFAULT,2048,4096,2048,8,3,2097152,20,0,3484.416,3491.104,4471.424,980.320,PASS,0
PHASEB_formal_ds_C0_DEFAULT_N4096_q8_rep2,3,4,3,sm_89,DS_PUSHSIG_SERIAL,NVSHMEM,C0_DEFAULT,2048,4096,2048,8,4,2097152,20,0,4585.792,4589.152,5567.552,978.400,PASS,0
PHASEB_formal_ds_C0_DEFAULT_N4096_q8_rep2,3,4,3,sm_89,DS_PUSHSIG_SERIAL,NVSHMEM,C0_DEFAULT,2048,4096,2048,8,5,2097152,20,0,5665.824,5669.120,6647.456,978.336,PASS,0
PHASEB_formal_ds_C0_DEFAULT_N4096_q8_rep2,3,4,3,sm_89,DS_PUSHSIG_SERIAL,NVSHMEM,C0_DEFAULT,2048,4096,2048,8,6,2097152,20,0,6761.952,6765.312,7744.800,979.488,PASS,0
PHASEB_formal_ds_C0_DEFAULT_N4096_q8_rep2,3,4,3,sm_89,DS_PUSHSIG_SERIAL,NVSHMEM,C0_DEFAULT,2048,4096,2048,8,7,2097152,20,0,7831.008,7834.432,8810.655,976.224,PASS,0
PHASEB_formal_ds_C0_DEFAULT_N4096_q8_rep2,3,4,3,sm_89,DS_PUSHSIG_SERIAL,NVSHMEM,C0_DEFAULT,2048,4096,2048,8,0,2097152,21,0,239.776,243.328,1220.832,977.504,PASS,0
PHASEB_formal_ds_C0_DEFAULT_N4096_q8_rep2,3,4,3,sm_89,DS_PUSHSIG_SERIAL,NVSHMEM,C0_DEFAULT,2048,4096,2048,8,1,2097152,21,0,1307.168,1312.192,2292.384,980.192,PASS,0
PHASEB_formal_ds_C0_DEFAULT_N4096_q8_rep2,3,4,3,sm_89,DS_PUSHSIG_SERIAL,NVSHMEM,C0_DEFAULT,2048,4096,2048,8,2,2097152,21,0,2410.240,2413.888,3392.480,978.592,PASS,0
PHASEB_formal_ds_C0_DEFAULT_N4096_q8_rep2,3,4,3,sm_89,DS_PUSHSIG_SERIAL,NVSHMEM,C0_DEFAULT,2048,4096,2048,8,3,2097152,21,0,3482.624,3488.256,4467.840,979.584,PASS,0
PHASEB_formal_ds_C0_DEFAULT_N4096_q8_rep2,3,4,3,sm_89,DS_PUSHSIG_SERIAL,NVSHMEM,C0_DEFAULT,2048,4096,2048,8,4,2097152,21,0,4585.248,4588.640,5567.296,978.656,PASS,0
PHASEB_formal_ds_C0_DEFAULT_N4096_q8_rep2,3,4,3,sm_89,DS_PUSHSIG_SERIAL,NVSHMEM,C0_DEFAULT,2048,4096,2048,8,5,2097152,21,0,5672.416,5676.928,6654.560,977.632,PASS,0
PHASEB_formal_ds_C0_DEFAULT_N4096_q8_rep2,3,4,3,sm_89,DS_PUSHSIG_SERIAL,NVSHMEM,C0_DEFAULT,2048,4096,2048,8,6,2097152,21,0,6771.296,6774.688,7752.544,977.856,PASS,0
PHASEB_formal_ds_C0_DEFAULT_N4096_q8_rep2,3,4,3,sm_89,DS_PUSHSIG_SERIAL,NVSHMEM,C0_DEFAULT,2048,4096,2048,8,7,2097152,21,0,7845.248,7849.184,8827.296,978.112,PASS,0
PHASEB_formal_ds_C0_DEFAULT_N4096_q8_rep2,3,4,3,sm_89,DS_PUSHSIG_SERIAL,NVSHMEM,C0_DEFAULT,2048,4096,2048,8,0,2097152,22,0,237.792,241.120,1218.528,977.408,PASS,0
PHASEB_formal_ds_C0_DEFAULT_N4096_q8_rep2,3,4,3,sm_89,DS_PUSHSIG_SERIAL,NVSHMEM,C0_DEFAULT,2048,4096,2048,8,1,2097152,22,0,1311.392,1316.096,2295.040,978.944,PASS,0
PHASEB_formal_ds_C0_DEFAULT_N4096_q8_rep2,3,4,3,sm_89,DS_PUSHSIG_SERIAL,NVSHMEM,C0_DEFAULT,2048,4096,2048,8,2,2097152,22,0,2409.760,2413.152,3390.368,977.216,PASS,0
PHASEB_formal_ds_C0_DEFAULT_N4096_q8_rep2,3,4,3,sm_89,DS_PUSHSIG_SERIAL,NVSHMEM,C0_DEFAULT,2048,4096,2048,8,3,2097152,22,0,3499.616,3503.040,4482.144,979.104,PASS,0
PHASEB_formal_ds_C0_DEFAULT_N4096_q8_rep2,3,4,3,sm_89,DS_PUSHSIG_SERIAL,NVSHMEM,C0_DEFAULT,2048,4096,2048,8,4,2097152,22,0,4570.112,4574.624,5552.192,977.568,PASS,0
PHASEB_formal_ds_C0_DEFAULT_N4096_q8_rep2,3,4,3,sm_89,DS_PUSHSIG_SERIAL,NVSHMEM,C0_DEFAULT,2048,4096,2048,8,5,2097152,22,0,5665.664,5669.024,6648.416,979.392,PASS,0
PHASEB_formal_ds_C0_DEFAULT_N4096_q8_rep2,3,4,3,sm_89,DS_PUSHSIG_SERIAL,NVSHMEM,C0_DEFAULT,2048,4096,2048,8,6,2097152,22,0,6752.704,6756.192,7733.664,977.472,PASS,0
PHASEB_formal_ds_C0_DEFAULT_N4096_q8_rep2,3,4,3,sm_89,DS_PUSHSIG_SERIAL,NVSHMEM,C0_DEFAULT,2048,4096,2048,8,7,2097152,22,0,7862.784,7866.208,8841.920,975.712,PASS,0
PHASEB_formal_ds_C0_DEFAULT_N4096_q8_rep2,3,4,3,sm_89,DS_PUSHSIG_SERIAL,NVSHMEM,C0_DEFAULT,2048,4096,2048,8,0,2097152,23,0,233.536,236.928,1214.304,977.376,PASS,0
PHASEB_formal_ds_C0_DEFAULT_N4096_q8_rep2,3,4,3,sm_89,DS_PUSHSIG_SERIAL,NVSHMEM,C0_DEFAULT,2048,4096,2048,8,1,2097152,23,0,1303.328,1309.536,2288.096,978.560,PASS,0
PHASEB_formal_ds_C0_DEFAULT_N4096_q8_rep2,3,4,3,sm_89,DS_PUSHSIG_SERIAL,NVSHMEM,C0_DEFAULT,2048,4096,2048,8,2,2097152,23,0,2409.472,2412.832,3393.184,980.352,PASS,0
PHASEB_formal_ds_C0_DEFAULT_N4096_q8_rep2,3,4,3,sm_89,DS_PUSHSIG_SERIAL,NVSHMEM,C0_DEFAULT,2048,4096,2048,8,3,2097152,23,0,3502.464,3505.920,4484.288,978.368,PASS,0
PHASEB_formal_ds_C0_DEFAULT_N4096_q8_rep2,3,4,3,sm_89,DS_PUSHSIG_SERIAL,NVSHMEM,C0_DEFAULT,2048,4096,2048,8,4,2097152,23,0,4596.640,4600.064,5578.912,978.848,PASS,0
PHASEB_formal_ds_C0_DEFAULT_N4096_q8_rep2,3,4,3,sm_89,DS_PUSHSIG_SERIAL,NVSHMEM,C0_DEFAULT,2048,4096,2048,8,5,2097152,23,0,5666.144,5669.920,6652.128,982.208,PASS,0
PHASEB_formal_ds_C0_DEFAULT_N4096_q8_rep2,3,4,3,sm_89,DS_PUSHSIG_SERIAL,NVSHMEM,C0_DEFAULT,2048,4096,2048,8,6,2097152,23,0,6771.456,6775.008,7752.480,977.472,PASS,0
PHASEB_formal_ds_C0_DEFAULT_N4096_q8_rep2,3,4,3,sm_89,DS_PUSHSIG_SERIAL,NVSHMEM,C0_DEFAULT,2048,4096,2048,8,7,2097152,23,0,7865.920,7869.696,8844.768,975.072,PASS,0
PHASEB_formal_ds_C0_DEFAULT_N4096_q8_rep2,3,4,3,sm_89,DS_PUSHSIG_SERIAL,NVSHMEM,C0_DEFAULT,2048,4096,2048,8,0,2097152,24,0,230.272,233.632,1212.416,978.784,PASS,0
PHASEB_formal_ds_C0_DEFAULT_N4096_q8_rep2,3,4,3,sm_89,DS_PUSHSIG_SERIAL,NVSHMEM,C0_DEFAULT,2048,4096,2048,8,1,2097152,24,0,1295.296,1302.432,2282.208,979.776,PASS,0
PHASEB_formal_ds_C0_DEFAULT_N4096_q8_rep2,3,4,3,sm_89,DS_PUSHSIG_SERIAL,NVSHMEM,C0_DEFAULT,2048,4096,2048,8,2,2097152,24,0,2398.656,2402.048,3381.216,979.168,PASS,0
PHASEB_formal_ds_C0_DEFAULT_N4096_q8_rep2,3,4,3,sm_89,DS_PUSHSIG_SERIAL,NVSHMEM,C0_DEFAULT,2048,4096,2048,8,3,2097152,24,0,3493.984,3497.344,4475.840,978.496,PASS,0
PHASEB_formal_ds_C0_DEFAULT_N4096_q8_rep2,3,4,3,sm_89,DS_PUSHSIG_SERIAL,NVSHMEM,C0_DEFAULT,2048,4096,2048,8,4,2097152,24,0,4590.144,4593.536,5572.608,979.072,PASS,0
PHASEB_formal_ds_C0_DEFAULT_N4096_q8_rep2,3,4,3,sm_89,DS_PUSHSIG_SERIAL,NVSHMEM,C0_DEFAULT,2048,4096,2048,8,5,2097152,24,0,5688.160,5691.616,6670.240,978.624,PASS,0
PHASEB_formal_ds_C0_DEFAULT_N4096_q8_rep2,3,4,3,sm_89,DS_PUSHSIG_SERIAL,NVSHMEM,C0_DEFAULT,2048,4096,2048,8,6,2097152,24,0,6770.144,6774.752,7752.384,977.632,PASS,0
PHASEB_formal_ds_C0_DEFAULT_N4096_q8_rep2,3,4,3,sm_89,DS_PUSHSIG_SERIAL,NVSHMEM,C0_DEFAULT,2048,4096,2048,8,7,2097152,24,0,7885.120,7888.512,8864.353,975.840,PASS,0
PHASEB_formal_ds_C0_DEFAULT_N4096_q8_rep2,3,4,3,sm_89,DS_PUSHSIG_SERIAL,NVSHMEM,C0_DEFAULT,2048,4096,2048,8,0,2097152,25,0,238.272,241.632,1219.168,977.536,PASS,0
PHASEB_formal_ds_C0_DEFAULT_N4096_q8_rep2,3,4,3,sm_89,DS_PUSHSIG_SERIAL,NVSHMEM,C0_DEFAULT,2048,4096,2048,8,1,2097152,25,0,1306.944,1312.704,2290.432,977.728,PASS,0
PHASEB_formal_ds_C0_DEFAULT_N4096_q8_rep2,3,4,3,sm_89,DS_PUSHSIG_SERIAL,NVSHMEM,C0_DEFAULT,2048,4096,2048,8,2,2097152,25,0,2409.280,2412.672,3391.456,978.784,PASS,0
PHASEB_formal_ds_C0_DEFAULT_N4096_q8_rep2,3,4,3,sm_89,DS_PUSHSIG_SERIAL,NVSHMEM,C0_DEFAULT,2048,4096,2048,8,3,2097152,25,0,3512.672,3516.096,4495.072,978.976,PASS,0
PHASEB_formal_ds_C0_DEFAULT_N4096_q8_rep2,3,4,3,sm_89,DS_PUSHSIG_SERIAL,NVSHMEM,C0_DEFAULT,2048,4096,2048,8,4,2097152,25,0,4618.720,4622.080,5600.384,978.304,PASS,0
PHASEB_formal_ds_C0_DEFAULT_N4096_q8_rep2,3,4,3,sm_89,DS_PUSHSIG_SERIAL,NVSHMEM,C0_DEFAULT,2048,4096,2048,8,5,2097152,25,0,5684.768,5690.592,6672.288,981.696,PASS,0
PHASEB_formal_ds_C0_DEFAULT_N4096_q8_rep2,3,4,3,sm_89,DS_PUSHSIG_SERIAL,NVSHMEM,C0_DEFAULT,2048,4096,2048,8,6,2097152,25,0,6796.064,6799.584,7776.512,976.928,PASS,0
PHASEB_formal_ds_C0_DEFAULT_N4096_q8_rep2,3,4,3,sm_89,DS_PUSHSIG_SERIAL,NVSHMEM,C0_DEFAULT,2048,4096,2048,8,7,2097152,25,0,7878.112,7884.064,8859.520,975.456,PASS,0
PHASEB_formal_ds_C0_DEFAULT_N4096_q8_rep2,3,4,3,sm_89,DS_PUSHSIG_SERIAL,NVSHMEM,C0_DEFAULT,2048,4096,2048,8,0,2097152,26,0,238.560,241.952,1221.760,979.808,PASS,0
PHASEB_formal_ds_C0_DEFAULT_N4096_q8_rep2,3,4,3,sm_89,DS_PUSHSIG_SERIAL,NVSHMEM,C0_DEFAULT,2048,4096,2048,8,1,2097152,26,0,1311.360,1316.480,2294.880,978.400,PASS,0
PHASEB_formal_ds_C0_DEFAULT_N4096_q8_rep2,3,4,3,sm_89,DS_PUSHSIG_SERIAL,NVSHMEM,C0_DEFAULT,2048,4096,2048,8,2,2097152,26,0,2411.392,2414.816,3393.024,978.208,PASS,0
PHASEB_formal_ds_C0_DEFAULT_N4096_q8_rep2,3,4,3,sm_89,DS_PUSHSIG_SERIAL,NVSHMEM,C0_DEFAULT,2048,4096,2048,8,3,2097152,26,0,3484.064,3489.344,4467.168,977.824,PASS,0
PHASEB_formal_ds_C0_DEFAULT_N4096_q8_rep2,3,4,3,sm_89,DS_PUSHSIG_SERIAL,NVSHMEM,C0_DEFAULT,2048,4096,2048,8,4,2097152,26,0,4581.024,4584.512,5563.008,978.496,PASS,0
PHASEB_formal_ds_C0_DEFAULT_N4096_q8_rep2,3,4,3,sm_89,DS_PUSHSIG_SERIAL,NVSHMEM,C0_DEFAULT,2048,4096,2048,8,5,2097152,26,0,5667.296,5670.592,6649.856,979.264,PASS,0
PHASEB_formal_ds_C0_DEFAULT_N4096_q8_rep2,3,4,3,sm_89,DS_PUSHSIG_SERIAL,NVSHMEM,C0_DEFAULT,2048,4096,2048,8,6,2097152,26,0,6772.992,6776.384,7753.600,977.216,PASS,0
PHASEB_formal_ds_C0_DEFAULT_N4096_q8_rep2,3,4,3,sm_89,DS_PUSHSIG_SERIAL,NVSHMEM,C0_DEFAULT,2048,4096,2048,8,7,2097152,26,0,7845.952,7851.968,8826.593,974.624,PASS,0
PHASEB_formal_ds_C0_DEFAULT_N4096_q8_rep2,3,4,3,sm_89,DS_PUSHSIG_SERIAL,NVSHMEM,C0_DEFAULT,2048,4096,2048,8,0,2097152,27,0,240.704,244.096,1220.512,976.416,PASS,0
PHASEB_formal_ds_C0_DEFAULT_N4096_q8_rep2,3,4,3,sm_89,DS_PUSHSIG_SERIAL,NVSHMEM,C0_DEFAULT,2048,4096,2048,8,1,2097152,27,0,1316.800,1320.736,2299.296,978.560,PASS,0
PHASEB_formal_ds_C0_DEFAULT_N4096_q8_rep2,3,4,3,sm_89,DS_PUSHSIG_SERIAL,NVSHMEM,C0_DEFAULT,2048,4096,2048,8,2,2097152,27,0,2417.280,2421.024,3399.776,978.752,PASS,0
PHASEB_formal_ds_C0_DEFAULT_N4096_q8_rep2,3,4,3,sm_89,DS_PUSHSIG_SERIAL,NVSHMEM,C0_DEFAULT,2048,4096,2048,8,3,2097152,27,0,3500.064,3503.488,4482.848,979.360,PASS,0
PHASEB_formal_ds_C0_DEFAULT_N4096_q8_rep2,3,4,3,sm_89,DS_PUSHSIG_SERIAL,NVSHMEM,C0_DEFAULT,2048,4096,2048,8,4,2097152,27,0,4592.224,4595.552,5573.504,977.952,PASS,0
PHASEB_formal_ds_C0_DEFAULT_N4096_q8_rep2,3,4,3,sm_89,DS_PUSHSIG_SERIAL,NVSHMEM,C0_DEFAULT,2048,4096,2048,8,5,2097152,27,0,5681.696,5685.120,6663.488,978.368,PASS,0
PHASEB_formal_ds_C0_DEFAULT_N4096_q8_rep2,3,4,3,sm_89,DS_PUSHSIG_SERIAL,NVSHMEM,C0_DEFAULT,2048,4096,2048,8,6,2097152,27,0,6778.240,6781.600,7759.584,977.984,PASS,0
PHASEB_formal_ds_C0_DEFAULT_N4096_q8_rep2,3,4,3,sm_89,DS_PUSHSIG_SERIAL,NVSHMEM,C0_DEFAULT,2048,4096,2048,8,7,2097152,27,0,7884.256,7887.680,8863.328,975.648,PASS,0
PHASEB_formal_ds_C0_DEFAULT_N4096_q8_rep2,3,4,3,sm_89,DS_PUSHSIG_SERIAL,NVSHMEM,C0_DEFAULT,2048,4096,2048,8,0,2097152,28,0,237.408,240.768,1217.280,976.512,PASS,0
PHASEB_formal_ds_C0_DEFAULT_N4096_q8_rep2,3,4,3,sm_89,DS_PUSHSIG_SERIAL,NVSHMEM,C0_DEFAULT,2048,4096,2048,8,1,2097152,28,0,1329.248,1332.704,2311.872,979.168,PASS,0
PHASEB_formal_ds_C0_DEFAULT_N4096_q8_rep2,3,4,3,sm_89,DS_PUSHSIG_SERIAL,NVSHMEM,C0_DEFAULT,2048,4096,2048,8,2,2097152,28,0,2439.392,2443.136,3426.272,983.136,PASS,0
PHASEB_formal_ds_C0_DEFAULT_N4096_q8_rep2,3,4,3,sm_89,DS_PUSHSIG_SERIAL,NVSHMEM,C0_DEFAULT,2048,4096,2048,8,3,2097152,28,0,3505.824,3509.216,4494.400,985.184,PASS,0
PHASEB_formal_ds_C0_DEFAULT_N4096_q8_rep2,3,4,3,sm_89,DS_PUSHSIG_SERIAL,NVSHMEM,C0_DEFAULT,2048,4096,2048,8,4,2097152,28,0,4616.480,4620.448,5603.904,983.456,PASS,0
PHASEB_formal_ds_C0_DEFAULT_N4096_q8_rep2,3,4,3,sm_89,DS_PUSHSIG_SERIAL,NVSHMEM,C0_DEFAULT,2048,4096,2048,8,5,2097152,28,0,5707.968,5711.552,6695.328,983.776,PASS,0
PHASEB_formal_ds_C0_DEFAULT_N4096_q8_rep2,3,4,3,sm_89,DS_PUSHSIG_SERIAL,NVSHMEM,C0_DEFAULT,2048,4096,2048,8,6,2097152,28,0,6813.376,6816.800,7800.640,983.840,PASS,0
PHASEB_formal_ds_C0_DEFAULT_N4096_q8_rep2,3,4,3,sm_89,DS_PUSHSIG_SERIAL,NVSHMEM,C0_DEFAULT,2048,4096,2048,8,7,2097152,28,0,7884.384,7887.744,8871.136,983.392,PASS,0
PHASEB_formal_ds_C0_DEFAULT_N4096_q8_rep2,3,4,3,sm_89,DS_PUSHSIG_SERIAL,NVSHMEM,C0_DEFAULT,2048,4096,2048,8,0,2097152,29,0,241.088,244.480,1228.096,983.616,PASS,0
PHASEB_formal_ds_C0_DEFAULT_N4096_q8_rep2,3,4,3,sm_89,DS_PUSHSIG_SERIAL,NVSHMEM,C0_DEFAULT,2048,4096,2048,8,1,2097152,29,0,1307.840,1312.448,2300.512,988.064,PASS,0
PHASEB_formal_ds_C0_DEFAULT_N4096_q8_rep2,3,4,3,sm_89,DS_PUSHSIG_SERIAL,NVSHMEM,C0_DEFAULT,2048,4096,2048,8,2,2097152,29,0,2418.176,2422.016,3408.256,986.240,PASS,0
PHASEB_formal_ds_C0_DEFAULT_N4096_q8_rep2,3,4,3,sm_89,DS_PUSHSIG_SERIAL,NVSHMEM,C0_DEFAULT,2048,4096,2048,8,3,2097152,29,0,3503.680,3507.168,4491.488,984.320,PASS,0
PHASEB_formal_ds_C0_DEFAULT_N4096_q8_rep2,3,4,3,sm_89,DS_PUSHSIG_SERIAL,NVSHMEM,C0_DEFAULT,2048,4096,2048,8,4,2097152,29,0,4608.064,4611.520,5595.328,983.808,PASS,0
PHASEB_formal_ds_C0_DEFAULT_N4096_q8_rep2,3,4,3,sm_89,DS_PUSHSIG_SERIAL,NVSHMEM,C0_DEFAULT,2048,4096,2048,8,5,2097152,29,0,5683.808,5689.728,6676.640,986.912,PASS,0
PHASEB_formal_ds_C0_DEFAULT_N4096_q8_rep2,3,4,3,sm_89,DS_PUSHSIG_SERIAL,NVSHMEM,C0_DEFAULT,2048,4096,2048,8,6,2097152,29,0,6803.488,6806.912,7789.952,983.040,PASS,0
PHASEB_formal_ds_C0_DEFAULT_N4096_q8_rep2,3,4,3,sm_89,DS_PUSHSIG_SERIAL,NVSHMEM,C0_DEFAULT,2048,4096,2048,8,7,2097152,29,0,7882.432,7888.384,8872.576,984.192,PASS,0
PHASEB_formal_ds_C0_DEFAULT_N4096_q8_rep2,3,4,3,sm_89,DS_PUSHSIG_SERIAL,NVSHMEM,C0_DEFAULT,2048,4096,2048,8,0,2097152,30,0,224.512,227.936,1210.496,982.560,PASS,0
PHASEB_formal_ds_C0_DEFAULT_N4096_q8_rep2,3,4,3,sm_89,DS_PUSHSIG_SERIAL,NVSHMEM,C0_DEFAULT,2048,4096,2048,8,1,2097152,30,0,1321.984,1325.344,2308.800,983.456,PASS,0
PHASEB_formal_ds_C0_DEFAULT_N4096_q8_rep2,3,4,3,sm_89,DS_PUSHSIG_SERIAL,NVSHMEM,C0_DEFAULT,2048,4096,2048,8,2,2097152,30,0,2427.200,2430.592,3413.696,983.104,PASS,0
PHASEB_formal_ds_C0_DEFAULT_N4096_q8_rep2,3,4,3,sm_89,DS_PUSHSIG_SERIAL,NVSHMEM,C0_DEFAULT,2048,4096,2048,8,3,2097152,30,0,3492.640,3496.864,4484.096,987.232,PASS,0
PHASEB_formal_ds_C0_DEFAULT_N4096_q8_rep2,3,4,3,sm_89,DS_PUSHSIG_SERIAL,NVSHMEM,C0_DEFAULT,2048,4096,2048,8,4,2097152,30,0,4598.624,4602.048,5585.824,983.776,PASS,0
PHASEB_formal_ds_C0_DEFAULT_N4096_q8_rep2,3,4,3,sm_89,DS_PUSHSIG_SERIAL,NVSHMEM,C0_DEFAULT,2048,4096,2048,8,5,2097152,30,0,5666.816,5670.176,6655.872,985.696,PASS,0
PHASEB_formal_ds_C0_DEFAULT_N4096_q8_rep2,3,4,3,sm_89,DS_PUSHSIG_SERIAL,NVSHMEM,C0_DEFAULT,2048,4096,2048,8,6,2097152,30,0,6774.816,6778.144,7760.032,981.888,PASS,0
PHASEB_formal_ds_C0_DEFAULT_N4096_q8_rep2,3,4,3,sm_89,DS_PUSHSIG_SERIAL,NVSHMEM,C0_DEFAULT,2048,4096,2048,8,7,2097152,30,0,7845.344,7848.672,8832.096,983.424,PASS,0
PHASEB_formal_ds_C0_DEFAULT_N4096_q8_rep2,3,4,3,sm_89,DS_PUSHSIG_SERIAL,NVSHMEM,C0_DEFAULT,2048,4096,2048,8,0,2097152,31,0,228.480,232.000,1214.784,982.784,PASS,0
PHASEB_formal_ds_C0_DEFAULT_N4096_q8_rep2,3,4,3,sm_89,DS_PUSHSIG_SERIAL,NVSHMEM,C0_DEFAULT,2048,4096,2048,8,1,2097152,31,0,1330.880,1334.272,2316.832,982.560,PASS,0
PHASEB_formal_ds_C0_DEFAULT_N4096_q8_rep2,3,4,3,sm_89,DS_PUSHSIG_SERIAL,NVSHMEM,C0_DEFAULT,2048,4096,2048,8,2,2097152,31,0,2443.776,2447.136,3430.912,983.776,PASS,0
PHASEB_formal_ds_C0_DEFAULT_N4096_q8_rep2,3,4,3,sm_89,DS_PUSHSIG_SERIAL,NVSHMEM,C0_DEFAULT,2048,4096,2048,8,3,2097152,31,0,3504.576,3507.968,4492.032,984.064,PASS,0
PHASEB_formal_ds_C0_DEFAULT_N4096_q8_rep2,3,4,3,sm_89,DS_PUSHSIG_SERIAL,NVSHMEM,C0_DEFAULT,2048,4096,2048,8,4,2097152,31,0,4625.248,4629.376,5613.440,984.064,PASS,0
PHASEB_formal_ds_C0_DEFAULT_N4096_q8_rep2,3,4,3,sm_89,DS_PUSHSIG_SERIAL,NVSHMEM,C0_DEFAULT,2048,4096,2048,8,5,2097152,31,0,5695.392,5698.848,6684.128,985.280,PASS,0
PHASEB_formal_ds_C0_DEFAULT_N4096_q8_rep2,3,4,3,sm_89,DS_PUSHSIG_SERIAL,NVSHMEM,C0_DEFAULT,2048,4096,2048,8,6,2097152,31,0,6802.816,6806.272,7788.832,982.560,PASS,0
PHASEB_formal_ds_C0_DEFAULT_N4096_q8_rep2,3,4,3,sm_89,DS_PUSHSIG_SERIAL,NVSHMEM,C0_DEFAULT,2048,4096,2048,8,7,2097152,31,0,7894.688,7898.112,8878.880,980.768,PASS,0
PHASEB_formal_ds_C0_DEFAULT_N4096_q8_rep2,3,4,3,sm_89,DS_PUSHSIG_SERIAL,NVSHMEM,C0_DEFAULT,2048,4096,2048,8,0,2097152,32,0,236.352,239.744,1225.024,985.280,PASS,0
PHASEB_formal_ds_C0_DEFAULT_N4096_q8_rep2,3,4,3,sm_89,DS_PUSHSIG_SERIAL,NVSHMEM,C0_DEFAULT,2048,4096,2048,8,1,2097152,32,0,1308.000,1314.048,2299.584,985.536,PASS,0
PHASEB_formal_ds_C0_DEFAULT_N4096_q8_rep2,3,4,3,sm_89,DS_PUSHSIG_SERIAL,NVSHMEM,C0_DEFAULT,2048,4096,2048,8,2,2097152,32,0,2414.752,2418.240,3401.184,982.944,PASS,0
PHASEB_formal_ds_C0_DEFAULT_N4096_q8_rep2,3,4,3,sm_89,DS_PUSHSIG_SERIAL,NVSHMEM,C0_DEFAULT,2048,4096,2048,8,3,2097152,32,0,3516.800,3520.160,4502.944,982.784,PASS,0
PHASEB_formal_ds_C0_DEFAULT_N4096_q8_rep2,3,4,3,sm_89,DS_PUSHSIG_SERIAL,NVSHMEM,C0_DEFAULT,2048,4096,2048,8,4,2097152,32,0,4592.800,4597.536,5581.248,983.712,PASS,0
PHASEB_formal_ds_C0_DEFAULT_N4096_q8_rep2,3,4,3,sm_89,DS_PUSHSIG_SERIAL,NVSHMEM,C0_DEFAULT,2048,4096,2048,8,5,2097152,32,0,5698.944,5702.368,6687.584,985.216,PASS,0
PHASEB_formal_ds_C0_DEFAULT_N4096_q8_rep2,3,4,3,sm_89,DS_PUSHSIG_SERIAL,NVSHMEM,C0_DEFAULT,2048,4096,2048,8,6,2097152,32,0,6808.832,6812.544,7796.032,983.488,PASS,0
PHASEB_formal_ds_C0_DEFAULT_N4096_q8_rep2,3,4,3,sm_89,DS_PUSHSIG_SERIAL,NVSHMEM,C0_DEFAULT,2048,4096,2048,8,7,2097152,32,0,7895.136,7899.968,8880.576,980.608,PASS,0
PHASEB_formal_ds_C0_DEFAULT_N4096_q8_rep2,3,4,3,sm_89,DS_PUSHSIG_SERIAL,NVSHMEM,C0_DEFAULT,2048,4096,2048,8,0,2097152,33,0,238.240,241.632,1225.376,983.744,PASS,0
PHASEB_formal_ds_C0_DEFAULT_N4096_q8_rep2,3,4,3,sm_89,DS_PUSHSIG_SERIAL,NVSHMEM,C0_DEFAULT,2048,4096,2048,8,1,2097152,33,0,1309.344,1315.424,2301.824,986.400,PASS,0
PHASEB_formal_ds_C0_DEFAULT_N4096_q8_rep2,3,4,3,sm_89,DS_PUSHSIG_SERIAL,NVSHMEM,C0_DEFAULT,2048,4096,2048,8,2,2097152,33,0,2416.992,2420.320,3405.184,984.864,PASS,0
PHASEB_formal_ds_C0_DEFAULT_N4096_q8_rep2,3,4,3,sm_89,DS_PUSHSIG_SERIAL,NVSHMEM,C0_DEFAULT,2048,4096,2048,8,3,2097152,33,0,3498.816,3502.176,4485.472,983.296,PASS,0
PHASEB_formal_ds_C0_DEFAULT_N4096_q8_rep2,3,4,3,sm_89,DS_PUSHSIG_SERIAL,NVSHMEM,C0_DEFAULT,2048,4096,2048,8,4,2097152,33,0,4606.336,4609.760,5595.808,986.048,PASS,0
PHASEB_formal_ds_C0_DEFAULT_N4096_q8_rep2,3,4,3,sm_89,DS_PUSHSIG_SERIAL,NVSHMEM,C0_DEFAULT,2048,4096,2048,8,5,2097152,33,0,5676.576,5680.672,6668.096,987.424,PASS,0
PHASEB_formal_ds_C0_DEFAULT_N4096_q8_rep2,3,4,3,sm_89,DS_PUSHSIG_SERIAL,NVSHMEM,C0_DEFAULT,2048,4096,2048,8,6,2097152,33,0,6785.792,6789.504,7771.872,982.368,PASS,0
PHASEB_formal_ds_C0_DEFAULT_N4096_q8_rep2,3,4,3,sm_89,DS_PUSHSIG_SERIAL,NVSHMEM,C0_DEFAULT,2048,4096,2048,8,7,2097152,33,0,7870.048,7874.688,8855.809,981.120,PASS,0
PHASEB_formal_ds_C0_DEFAULT_N4096_q8_rep2,3,4,3,sm_89,DS_PUSHSIG_SERIAL,NVSHMEM,C0_DEFAULT,2048,4096,2048,8,0,2097152,34,0,230.144,233.472,1216.960,983.488,PASS,0
PHASEB_formal_ds_C0_DEFAULT_N4096_q8_rep2,3,4,3,sm_89,DS_PUSHSIG_SERIAL,NVSHMEM,C0_DEFAULT,2048,4096,2048,8,1,2097152,34,0,1327.360,1330.752,2313.376,982.624,PASS,0
PHASEB_formal_ds_C0_DEFAULT_N4096_q8_rep2,3,4,3,sm_89,DS_PUSHSIG_SERIAL,NVSHMEM,C0_DEFAULT,2048,4096,2048,8,2,2097152,34,0,2419.264,2422.624,3405.408,982.784,PASS,0
PHASEB_formal_ds_C0_DEFAULT_N4096_q8_rep2,3,4,3,sm_89,DS_PUSHSIG_SERIAL,NVSHMEM,C0_DEFAULT,2048,4096,2048,8,3,2097152,34,0,3519.296,3522.720,4506.464,983.744,PASS,0
PHASEB_formal_ds_C0_DEFAULT_N4096_q8_rep2,3,4,3,sm_89,DS_PUSHSIG_SERIAL,NVSHMEM,C0_DEFAULT,2048,4096,2048,8,4,2097152,34,0,4611.680,4615.104,5598.592,983.488,PASS,0
PHASEB_formal_ds_C0_DEFAULT_N4096_q8_rep2,3,4,3,sm_89,DS_PUSHSIG_SERIAL,NVSHMEM,C0_DEFAULT,2048,4096,2048,8,5,2097152,34,0,5706.144,5709.504,6692.768,983.264,PASS,0
PHASEB_formal_ds_C0_DEFAULT_N4096_q8_rep2,3,4,3,sm_89,DS_PUSHSIG_SERIAL,NVSHMEM,C0_DEFAULT,2048,4096,2048,8,6,2097152,34,0,6793.408,6796.832,7780.704,983.872,PASS,0
PHASEB_formal_ds_C0_DEFAULT_N4096_q8_rep2,3,4,3,sm_89,DS_PUSHSIG_SERIAL,NVSHMEM,C0_DEFAULT,2048,4096,2048,8,7,2097152,34,0,7878.432,7883.808,8865.120,981.312,PASS,0
PHASEB_formal_ds_C0_DEFAULT_N4096_q8_rep2,3,4,3,sm_89,DS_PUSHSIG_SERIAL,NVSHMEM,C0_DEFAULT,2048,4096,2048,8,0,2097152,35,0,240.704,244.128,1227.648,983.520,PASS,0
PHASEB_formal_ds_C0_DEFAULT_N4096_q8_rep2,3,4,3,sm_89,DS_PUSHSIG_SERIAL,NVSHMEM,C0_DEFAULT,2048,4096,2048,8,1,2097152,35,0,1306.240,1312.992,2300.416,987.424,PASS,0
PHASEB_formal_ds_C0_DEFAULT_N4096_q8_rep2,3,4,3,sm_89,DS_PUSHSIG_SERIAL,NVSHMEM,C0_DEFAULT,2048,4096,2048,8,2,2097152,35,0,2419.232,2422.560,3408.096,985.536,PASS,0
PHASEB_formal_ds_C0_DEFAULT_N4096_q8_rep2,3,4,3,sm_89,DS_PUSHSIG_SERIAL,NVSHMEM,C0_DEFAULT,2048,4096,2048,8,3,2097152,35,0,3491.840,3496.128,4482.784,986.656,PASS,0
PHASEB_formal_ds_C0_DEFAULT_N4096_q8_rep2,3,4,3,sm_89,DS_PUSHSIG_SERIAL,NVSHMEM,C0_DEFAULT,2048,4096,2048,8,4,2097152,35,0,4602.112,4605.440,5590.368,984.928,PASS,0
PHASEB_formal_ds_C0_DEFAULT_N4096_q8_rep2,3,4,3,sm_89,DS_PUSHSIG_SERIAL,NVSHMEM,C0_DEFAULT,2048,4096,2048,8,5,2097152,35,0,5676.352,5679.712,6663.744,984.032,PASS,0
PHASEB_formal_ds_C0_DEFAULT_N4096_q8_rep2,3,4,3,sm_89,DS_PUSHSIG_SERIAL,NVSHMEM,C0_DEFAULT,2048,4096,2048,8,6,2097152,35,0,6784.640,6788.032,7772.512,984.480,PASS,0
PHASEB_formal_ds_C0_DEFAULT_N4096_q8_rep2,3,4,3,sm_89,DS_PUSHSIG_SERIAL,NVSHMEM,C0_DEFAULT,2048,4096,2048,8,7,2097152,35,0,7878.816,7884.832,8865.792,980.960,PASS,0
PHASEB_formal_ds_C0_DEFAULT_N4096_q8_rep2,3,4,3,sm_89,DS_PUSHSIG_SERIAL,NVSHMEM,C0_DEFAULT,2048,4096,2048,8,0,2097152,36,0,230.176,233.536,1216.736,983.200,PASS,0
PHASEB_formal_ds_C0_DEFAULT_N4096_q8_rep2,3,4,3,sm_89,DS_PUSHSIG_SERIAL,NVSHMEM,C0_DEFAULT,2048,4096,2048,8,1,2097152,36,0,1305.440,1308.736,2292.224,983.488,PASS,0
PHASEB_formal_ds_C0_DEFAULT_N4096_q8_rep2,3,4,3,sm_89,DS_PUSHSIG_SERIAL,NVSHMEM,C0_DEFAULT,2048,4096,2048,8,2,2097152,36,0,2410.400,2413.824,3398.560,984.736,PASS,0
PHASEB_formal_ds_C0_DEFAULT_N4096_q8_rep2,3,4,3,sm_89,DS_PUSHSIG_SERIAL,NVSHMEM,C0_DEFAULT,2048,4096,2048,8,3,2097152,36,0,3487.136,3493.312,4478.304,984.992,PASS,0
PHASEB_formal_ds_C0_DEFAULT_N4096_q8_rep2,3,4,3,sm_89,DS_PUSHSIG_SERIAL,NVSHMEM,C0_DEFAULT,2048,4096,2048,8,4,2097152,36,0,4593.888,4597.280,5580.832,983.552,PASS,0
PHASEB_formal_ds_C0_DEFAULT_N4096_q8_rep2,3,4,3,sm_89,DS_PUSHSIG_SERIAL,NVSHMEM,C0_DEFAULT,2048,4096,2048,8,5,2097152,36,0,5672.576,5675.968,6660.384,984.416,PASS,0
PHASEB_formal_ds_C0_DEFAULT_N4096_q8_rep2,3,4,3,sm_89,DS_PUSHSIG_SERIAL,NVSHMEM,C0_DEFAULT,2048,4096,2048,8,6,2097152,36,0,6771.072,6774.432,7757.696,983.264,PASS,0
PHASEB_formal_ds_C0_DEFAULT_N4096_q8_rep2,3,4,3,sm_89,DS_PUSHSIG_SERIAL,NVSHMEM,C0_DEFAULT,2048,4096,2048,8,7,2097152,36,0,7854.368,7857.792,8839.072,981.280,PASS,0
PHASEB_formal_ds_C0_DEFAULT_N4096_q8_rep2,3,4,3,sm_89,DS_PUSHSIG_SERIAL,NVSHMEM,C0_DEFAULT,2048,4096,2048,8,0,2097152,37,0,238.528,241.888,1226.272,984.384,PASS,0
PHASEB_formal_ds_C0_DEFAULT_N4096_q8_rep2,3,4,3,sm_89,DS_PUSHSIG_SERIAL,NVSHMEM,C0_DEFAULT,2048,4096,2048,8,1,2097152,37,0,1305.120,1310.784,2298.848,988.064,PASS,0
PHASEB_formal_ds_C0_DEFAULT_N4096_q8_rep2,3,4,3,sm_89,DS_PUSHSIG_SERIAL,NVSHMEM,C0_DEFAULT,2048,4096,2048,8,2,2097152,37,0,2415.136,2418.496,3403.584,985.088,PASS,0
PHASEB_formal_ds_C0_DEFAULT_N4096_q8_rep2,3,4,3,sm_89,DS_PUSHSIG_SERIAL,NVSHMEM,C0_DEFAULT,2048,4096,2048,8,3,2097152,37,0,3488.384,3493.472,4478.336,984.864,PASS,0
PHASEB_formal_ds_C0_DEFAULT_N4096_q8_rep2,3,4,3,sm_89,DS_PUSHSIG_SERIAL,NVSHMEM,C0_DEFAULT,2048,4096,2048,8,4,2097152,37,0,4594.752,4598.144,5581.568,983.424,PASS,0
PHASEB_formal_ds_C0_DEFAULT_N4096_q8_rep2,3,4,3,sm_89,DS_PUSHSIG_SERIAL,NVSHMEM,C0_DEFAULT,2048,4096,2048,8,5,2097152,37,0,5667.872,5674.496,6658.944,984.448,PASS,0
PHASEB_formal_ds_C0_DEFAULT_N4096_q8_rep2,3,4,3,sm_89,DS_PUSHSIG_SERIAL,NVSHMEM,C0_DEFAULT,2048,4096,2048,8,6,2097152,37,0,6778.112,6781.504,7765.568,984.064,PASS,0
PHASEB_formal_ds_C0_DEFAULT_N4096_q8_rep2,3,4,3,sm_89,DS_PUSHSIG_SERIAL,NVSHMEM,C0_DEFAULT,2048,4096,2048,8,7,2097152,37,0,7852.064,7855.936,8839.232,983.296,PASS,0
PHASEB_formal_ds_C0_DEFAULT_N4096_q8_rep2,3,4,3,sm_89,DS_PUSHSIG_SERIAL,NVSHMEM,C0_DEFAULT,2048,4096,2048,8,0,2097152,38,0,237.504,240.928,1224.096,983.168,PASS,0
PHASEB_formal_ds_C0_DEFAULT_N4096_q8_rep2,3,4,3,sm_89,DS_PUSHSIG_SERIAL,NVSHMEM,C0_DEFAULT,2048,4096,2048,8,1,2097152,38,0,1312.000,1317.728,2304.032,986.304,PASS,0
PHASEB_formal_ds_C0_DEFAULT_N4096_q8_rep2,3,4,3,sm_89,DS_PUSHSIG_SERIAL,NVSHMEM,C0_DEFAULT,2048,4096,2048,8,2,2097152,38,0,2418.688,2422.080,3405.472,983.392,PASS,0
PHASEB_formal_ds_C0_DEFAULT_N4096_q8_rep2,3,4,3,sm_89,DS_PUSHSIG_SERIAL,NVSHMEM,C0_DEFAULT,2048,4096,2048,8,3,2097152,38,0,3496.096,3501.696,4483.488,981.792,PASS,0
PHASEB_formal_ds_C0_DEFAULT_N4096_q8_rep2,3,4,3,sm_89,DS_PUSHSIG_SERIAL,NVSHMEM,C0_DEFAULT,2048,4096,2048,8,4,2097152,38,0,4603.552,4606.976,5591.520,984.544,PASS,0
PHASEB_formal_ds_C0_DEFAULT_N4096_q8_rep2,3,4,3,sm_89,DS_PUSHSIG_SERIAL,NVSHMEM,C0_DEFAULT,2048,4096,2048,8,5,2097152,38,0,5680.032,5684.224,6671.200,986.976,PASS,0
PHASEB_formal_ds_C0_DEFAULT_N4096_q8_rep2,3,4,3,sm_89,DS_PUSHSIG_SERIAL,NVSHMEM,C0_DEFAULT,2048,4096,2048,8,6,2097152,38,0,6783.776,6787.168,7769.920,982.752,PASS,0
PHASEB_formal_ds_C0_DEFAULT_N4096_q8_rep2,3,4,3,sm_89,DS_PUSHSIG_SERIAL,NVSHMEM,C0_DEFAULT,2048,4096,2048,8,7,2097152,38,0,7859.168,7862.560,8843.200,980.640,PASS,0
PHASEB_formal_ds_C0_DEFAULT_N4096_q8_rep2,3,4,3,sm_89,DS_PUSHSIG_SERIAL,NVSHMEM,C0_DEFAULT,2048,4096,2048,8,0,2097152,39,0,234.976,238.336,1221.312,982.976,PASS,0
PHASEB_formal_ds_C0_DEFAULT_N4096_q8_rep2,3,4,3,sm_89,DS_PUSHSIG_SERIAL,NVSHMEM,C0_DEFAULT,2048,4096,2048,8,1,2097152,39,0,1324.704,1328.096,2312.128,984.032,PASS,0
PHASEB_formal_ds_C0_DEFAULT_N4096_q8_rep2,3,4,3,sm_89,DS_PUSHSIG_SERIAL,NVSHMEM,C0_DEFAULT,2048,4096,2048,8,2,2097152,39,0,2426.880,2430.208,3414.752,984.544,PASS,0
PHASEB_formal_ds_C0_DEFAULT_N4096_q8_rep2,3,4,3,sm_89,DS_PUSHSIG_SERIAL,NVSHMEM,C0_DEFAULT,2048,4096,2048,8,3,2097152,39,0,3514.656,3518.688,4502.400,983.712,PASS,0
PHASEB_formal_ds_C0_DEFAULT_N4096_q8_rep2,3,4,3,sm_89,DS_PUSHSIG_SERIAL,NVSHMEM,C0_DEFAULT,2048,4096,2048,8,4,2097152,39,0,4619.840,4623.392,5608.704,985.312,PASS,0
PHASEB_formal_ds_C0_DEFAULT_N4096_q8_rep2,3,4,3,sm_89,DS_PUSHSIG_SERIAL,NVSHMEM,C0_DEFAULT,2048,4096,2048,8,5,2097152,39,0,5698.304,5702.336,6689.472,987.136,PASS,0
PHASEB_formal_ds_C0_DEFAULT_N4096_q8_rep2,3,4,3,sm_89,DS_PUSHSIG_SERIAL,NVSHMEM,C0_DEFAULT,2048,4096,2048,8,6,2097152,39,0,6806.080,6809.472,7791.552,982.080,PASS,0
PHASEB_formal_ds_C0_DEFAULT_N4096_q8_rep2,3,4,3,sm_89,DS_PUSHSIG_SERIAL,NVSHMEM,C0_DEFAULT,2048,4096,2048,8,7,2097152,39,0,7892.096,7898.368,8879.040,980.672,PASS,0
PHASEB_formal_ds_C0_DEFAULT_N4096_q8_rep2,3,4,3,sm_89,DS_PUSHSIG_SERIAL,NVSHMEM,C0_DEFAULT,2048,4096,2048,8,0,2097152,40,0,236.928,240.320,1222.400,982.080,PASS,0
PHASEB_formal_ds_C0_DEFAULT_N4096_q8_rep2,3,4,3,sm_89,DS_PUSHSIG_SERIAL,NVSHMEM,C0_DEFAULT,2048,4096,2048,8,1,2097152,40,0,1309.568,1314.112,2298.976,984.864,PASS,0
PHASEB_formal_ds_C0_DEFAULT_N4096_q8_rep2,3,4,3,sm_89,DS_PUSHSIG_SERIAL,NVSHMEM,C0_DEFAULT,2048,4096,2048,8,2,2097152,40,0,2411.968,2415.328,3399.264,983.936,PASS,0
PHASEB_formal_ds_C0_DEFAULT_N4096_q8_rep2,3,4,3,sm_89,DS_PUSHSIG_SERIAL,NVSHMEM,C0_DEFAULT,2048,4096,2048,8,3,2097152,40,0,3509.280,3512.704,4496.384,983.680,PASS,0
PHASEB_formal_ds_C0_DEFAULT_N4096_q8_rep2,3,4,3,sm_89,DS_PUSHSIG_SERIAL,NVSHMEM,C0_DEFAULT,2048,4096,2048,8,4,2097152,40,0,4587.744,4592.288,5575.840,983.552,PASS,0
PHASEB_formal_ds_C0_DEFAULT_N4096_q8_rep2,3,4,3,sm_89,DS_PUSHSIG_SERIAL,NVSHMEM,C0_DEFAULT,2048,4096,2048,8,5,2097152,40,0,5694.080,5697.632,6680.832,983.200,PASS,0
PHASEB_formal_ds_C0_DEFAULT_N4096_q8_rep2,3,4,3,sm_89,DS_PUSHSIG_SERIAL,NVSHMEM,C0_DEFAULT,2048,4096,2048,8,6,2097152,40,0,6807.008,6810.784,7792.928,982.144,PASS,0
PHASEB_formal_ds_C0_DEFAULT_N4096_q8_rep2,3,4,3,sm_89,DS_PUSHSIG_SERIAL,NVSHMEM,C0_DEFAULT,2048,4096,2048,8,7,2097152,40,0,7873.632,7877.056,8859.393,982.336,PASS,0
PHASEB_formal_ds_C0_DEFAULT_N4096_q8_rep2,3,4,3,sm_89,DS_PUSHSIG_SERIAL,NVSHMEM,C0_DEFAULT,2048,4096,2048,8,0,2097152,41,0,230.240,233.632,1216.416,982.784,PASS,0
PHASEB_formal_ds_C0_DEFAULT_N4096_q8_rep2,3,4,3,sm_89,DS_PUSHSIG_SERIAL,NVSHMEM,C0_DEFAULT,2048,4096,2048,8,1,2097152,41,0,1346.944,1350.400,2335.424,985.024,PASS,0
PHASEB_formal_ds_C0_DEFAULT_N4096_q8_rep2,3,4,3,sm_89,DS_PUSHSIG_SERIAL,NVSHMEM,C0_DEFAULT,2048,4096,2048,8,2,2097152,41,0,2406.944,2410.368,3394.592,984.224,PASS,0
PHASEB_formal_ds_C0_DEFAULT_N4096_q8_rep2,3,4,3,sm_89,DS_PUSHSIG_SERIAL,NVSHMEM,C0_DEFAULT,2048,4096,2048,8,3,2097152,41,0,3513.280,3516.736,4502.432,985.696,PASS,0
PHASEB_formal_ds_C0_DEFAULT_N4096_q8_rep2,3,4,3,sm_89,DS_PUSHSIG_SERIAL,NVSHMEM,C0_DEFAULT,2048,4096,2048,8,4,2097152,41,0,4585.376,4588.704,5572.992,984.288,PASS,0
PHASEB_formal_ds_C0_DEFAULT_N4096_q8_rep2,3,4,3,sm_89,DS_PUSHSIG_SERIAL,NVSHMEM,C0_DEFAULT,2048,4096,2048,8,5,2097152,41,0,5699.648,5703.520,6687.648,984.128,PASS,0
PHASEB_formal_ds_C0_DEFAULT_N4096_q8_rep2,3,4,3,sm_89,DS_PUSHSIG_SERIAL,NVSHMEM,C0_DEFAULT,2048,4096,2048,8,6,2097152,41,0,6765.984,6769.440,7755.584,986.144,PASS,0
PHASEB_formal_ds_C0_DEFAULT_N4096_q8_rep2,3,4,3,sm_89,DS_PUSHSIG_SERIAL,NVSHMEM,C0_DEFAULT,2048,4096,2048,8,7,2097152,41,0,7878.272,7881.696,8862.752,981.056,PASS,0
PHASEB_formal_ds_C0_DEFAULT_N4096_q8_rep2,3,4,3,sm_89,DS_PUSHSIG_SERIAL,NVSHMEM,C0_DEFAULT,2048,4096,2048,8,0,2097152,42,0,237.152,240.672,1224.160,983.488,PASS,0
PHASEB_formal_ds_C0_DEFAULT_N4096_q8_rep2,3,4,3,sm_89,DS_PUSHSIG_SERIAL,NVSHMEM,C0_DEFAULT,2048,4096,2048,8,1,2097152,42,0,1308.384,1315.264,2299.296,984.032,PASS,0
PHASEB_formal_ds_C0_DEFAULT_N4096_q8_rep2,3,4,3,sm_89,DS_PUSHSIG_SERIAL,NVSHMEM,C0_DEFAULT,2048,4096,2048,8,2,2097152,42,0,2410.976,2414.560,3398.624,984.064,PASS,0
PHASEB_formal_ds_C0_DEFAULT_N4096_q8_rep2,3,4,3,sm_89,DS_PUSHSIG_SERIAL,NVSHMEM,C0_DEFAULT,2048,4096,2048,8,3,2097152,42,0,3503.456,3506.816,4490.208,983.392,PASS,0
PHASEB_formal_ds_C0_DEFAULT_N4096_q8_rep2,3,4,3,sm_89,DS_PUSHSIG_SERIAL,NVSHMEM,C0_DEFAULT,2048,4096,2048,8,4,2097152,42,0,4584.480,4589.376,5574.496,985.120,PASS,0
PHASEB_formal_ds_C0_DEFAULT_N4096_q8_rep2,3,4,3,sm_89,DS_PUSHSIG_SERIAL,NVSHMEM,C0_DEFAULT,2048,4096,2048,8,5,2097152,42,0,5708.384,5711.936,6696.928,984.992,PASS,0
PHASEB_formal_ds_C0_DEFAULT_N4096_q8_rep2,3,4,3,sm_89,DS_PUSHSIG_SERIAL,NVSHMEM,C0_DEFAULT,2048,4096,2048,8,6,2097152,42,0,6778.592,6781.920,7767.392,985.472,PASS,0
PHASEB_formal_ds_C0_DEFAULT_N4096_q8_rep2,3,4,3,sm_89,DS_PUSHSIG_SERIAL,NVSHMEM,C0_DEFAULT,2048,4096,2048,8,7,2097152,42,0,7891.136,7894.560,8875.104,980.544,PASS,0
PHASEB_formal_ds_C0_DEFAULT_N4096_q8_rep2,3,4,3,sm_89,DS_PUSHSIG_SERIAL,NVSHMEM,C0_DEFAULT,2048,4096,2048,8,0,2097152,43,0,240.096,243.520,1226.784,983.264,PASS,0
PHASEB_formal_ds_C0_DEFAULT_N4096_q8_rep2,3,4,3,sm_89,DS_PUSHSIG_SERIAL,NVSHMEM,C0_DEFAULT,2048,4096,2048,8,1,2097152,43,0,1327.520,1330.944,2315.712,984.768,PASS,0
PHASEB_formal_ds_C0_DEFAULT_N4096_q8_rep2,3,4,3,sm_89,DS_PUSHSIG_SERIAL,NVSHMEM,C0_DEFAULT,2048,4096,2048,8,2,2097152,43,0,2407.296,2412.160,3394.240,982.080,PASS,0
PHASEB_formal_ds_C0_DEFAULT_N4096_q8_rep2,3,4,3,sm_89,DS_PUSHSIG_SERIAL,NVSHMEM,C0_DEFAULT,2048,4096,2048,8,3,2097152,43,0,3511.808,3515.456,4500.416,984.960,PASS,0
PHASEB_formal_ds_C0_DEFAULT_N4096_q8_rep2,3,4,3,sm_89,DS_PUSHSIG_SERIAL,NVSHMEM,C0_DEFAULT,2048,4096,2048,8,4,2097152,43,0,4600.992,4604.416,5590.144,985.728,PASS,0
PHASEB_formal_ds_C0_DEFAULT_N4096_q8_rep2,3,4,3,sm_89,DS_PUSHSIG_SERIAL,NVSHMEM,C0_DEFAULT,2048,4096,2048,8,5,2097152,43,0,5683.840,5688.416,6671.808,983.392,PASS,0
PHASEB_formal_ds_C0_DEFAULT_N4096_q8_rep2,3,4,3,sm_89,DS_PUSHSIG_SERIAL,NVSHMEM,C0_DEFAULT,2048,4096,2048,8,6,2097152,43,0,6788.160,6791.616,7774.688,983.072,PASS,0
PHASEB_formal_ds_C0_DEFAULT_N4096_q8_rep2,3,4,3,sm_89,DS_PUSHSIG_SERIAL,NVSHMEM,C0_DEFAULT,2048,4096,2048,8,7,2097152,43,0,7881.696,7887.520,8870.271,982.752,PASS,0
PHASEB_formal_ds_C0_DEFAULT_N4096_q8_rep2,3,4,3,sm_89,DS_PUSHSIG_SERIAL,NVSHMEM,C0_DEFAULT,2048,4096,2048,8,0,2097152,44,0,234.944,238.368,1222.688,984.320,PASS,0
PHASEB_formal_ds_C0_DEFAULT_N4096_q8_rep2,3,4,3,sm_89,DS_PUSHSIG_SERIAL,NVSHMEM,C0_DEFAULT,2048,4096,2048,8,1,2097152,44,0,1310.528,1314.592,2297.600,983.008,PASS,0
PHASEB_formal_ds_C0_DEFAULT_N4096_q8_rep2,3,4,3,sm_89,DS_PUSHSIG_SERIAL,NVSHMEM,C0_DEFAULT,2048,4096,2048,8,2,2097152,44,0,2409.088,2412.480,3397.408,984.928,PASS,0
PHASEB_formal_ds_C0_DEFAULT_N4096_q8_rep2,3,4,3,sm_89,DS_PUSHSIG_SERIAL,NVSHMEM,C0_DEFAULT,2048,4096,2048,8,3,2097152,44,0,3493.888,3497.248,4481.536,984.288,PASS,0
PHASEB_formal_ds_C0_DEFAULT_N4096_q8_rep2,3,4,3,sm_89,DS_PUSHSIG_SERIAL,NVSHMEM,C0_DEFAULT,2048,4096,2048,8,4,2097152,44,0,4598.944,4602.368,5587.136,984.768,PASS,0
PHASEB_formal_ds_C0_DEFAULT_N4096_q8_rep2,3,4,3,sm_89,DS_PUSHSIG_SERIAL,NVSHMEM,C0_DEFAULT,2048,4096,2048,8,5,2097152,44,0,5705.472,5708.896,6692.480,983.584,PASS,0
PHASEB_formal_ds_C0_DEFAULT_N4096_q8_rep2,3,4,3,sm_89,DS_PUSHSIG_SERIAL,NVSHMEM,C0_DEFAULT,2048,4096,2048,8,6,2097152,44,0,6781.376,6786.080,7768.480,982.400,PASS,0
PHASEB_formal_ds_C0_DEFAULT_N4096_q8_rep2,3,4,3,sm_89,DS_PUSHSIG_SERIAL,NVSHMEM,C0_DEFAULT,2048,4096,2048,8,7,2097152,44,0,7903.232,7906.656,8886.752,980.096,PASS,0
PHASEB_formal_ds_C0_DEFAULT_N4096_q8_rep2,3,4,3,sm_89,DS_PUSHSIG_SERIAL,NVSHMEM,C0_DEFAULT,2048,4096,2048,8,0,2097152,45,0,231.808,235.456,1219.392,983.936,PASS,0
PHASEB_formal_ds_C0_DEFAULT_N4096_q8_rep2,3,4,3,sm_89,DS_PUSHSIG_SERIAL,NVSHMEM,C0_DEFAULT,2048,4096,2048,8,1,2097152,45,0,1322.144,1325.568,2310.240,984.672,PASS,0
PHASEB_formal_ds_C0_DEFAULT_N4096_q8_rep2,3,4,3,sm_89,DS_PUSHSIG_SERIAL,NVSHMEM,C0_DEFAULT,2048,4096,2048,8,2,2097152,45,0,2425.952,2429.280,3413.184,983.904,PASS,0
PHASEB_formal_ds_C0_DEFAULT_N4096_q8_rep2,3,4,3,sm_89,DS_PUSHSIG_SERIAL,NVSHMEM,C0_DEFAULT,2048,4096,2048,8,3,2097152,45,0,3493.216,3496.768,4480.800,984.032,PASS,0
PHASEB_formal_ds_C0_DEFAULT_N4096_q8_rep2,3,4,3,sm_89,DS_PUSHSIG_SERIAL,NVSHMEM,C0_DEFAULT,2048,4096,2048,8,4,2097152,45,0,4597.888,4601.920,5585.408,983.488,PASS,0
PHASEB_formal_ds_C0_DEFAULT_N4096_q8_rep2,3,4,3,sm_89,DS_PUSHSIG_SERIAL,NVSHMEM,C0_DEFAULT,2048,4096,2048,8,5,2097152,45,0,5671.008,5677.024,6663.232,986.208,PASS,0
PHASEB_formal_ds_C0_DEFAULT_N4096_q8_rep2,3,4,3,sm_89,DS_PUSHSIG_SERIAL,NVSHMEM,C0_DEFAULT,2048,4096,2048,8,6,2097152,45,0,6788.896,6792.320,7774.752,982.432,PASS,0
PHASEB_formal_ds_C0_DEFAULT_N4096_q8_rep2,3,4,3,sm_89,DS_PUSHSIG_SERIAL,NVSHMEM,C0_DEFAULT,2048,4096,2048,8,7,2097152,45,0,7883.616,7888.896,8869.472,980.576,PASS,0
PHASEB_formal_ds_C0_DEFAULT_N4096_q8_rep2,3,4,3,sm_89,DS_PUSHSIG_SERIAL,NVSHMEM,C0_DEFAULT,2048,4096,2048,8,0,2097152,46,0,237.824,241.248,1225.280,984.032,PASS,0
PHASEB_formal_ds_C0_DEFAULT_N4096_q8_rep2,3,4,3,sm_89,DS_PUSHSIG_SERIAL,NVSHMEM,C0_DEFAULT,2048,4096,2048,8,1,2097152,46,0,1309.920,1316.096,2302.752,986.656,PASS,0
PHASEB_formal_ds_C0_DEFAULT_N4096_q8_rep2,3,4,3,sm_89,DS_PUSHSIG_SERIAL,NVSHMEM,C0_DEFAULT,2048,4096,2048,8,2,2097152,46,0,2419.904,2423.296,3408.800,985.504,PASS,0
PHASEB_formal_ds_C0_DEFAULT_N4096_q8_rep2,3,4,3,sm_89,DS_PUSHSIG_SERIAL,NVSHMEM,C0_DEFAULT,2048,4096,2048,8,3,2097152,46,0,3514.816,3518.208,4502.656,984.448,PASS,0
PHASEB_formal_ds_C0_DEFAULT_N4096_q8_rep2,3,4,3,sm_89,DS_PUSHSIG_SERIAL,NVSHMEM,C0_DEFAULT,2048,4096,2048,8,4,2097152,46,0,4616.160,4620.352,5605.024,984.672,PASS,0
PHASEB_formal_ds_C0_DEFAULT_N4096_q8_rep2,3,4,3,sm_89,DS_PUSHSIG_SERIAL,NVSHMEM,C0_DEFAULT,2048,4096,2048,8,5,2097152,46,0,5722.496,5725.888,6708.864,982.976,PASS,0
PHASEB_formal_ds_C0_DEFAULT_N4096_q8_rep2,3,4,3,sm_89,DS_PUSHSIG_SERIAL,NVSHMEM,C0_DEFAULT,2048,4096,2048,8,6,2097152,46,0,6800.736,6804.160,7787.296,983.136,PASS,0
PHASEB_formal_ds_C0_DEFAULT_N4096_q8_rep2,3,4,3,sm_89,DS_PUSHSIG_SERIAL,NVSHMEM,C0_DEFAULT,2048,4096,2048,8,7,2097152,46,0,7894.304,7899.040,8879.648,980.608,PASS,0
PHASEB_formal_ds_C0_DEFAULT_N4096_q8_rep2,3,4,3,sm_89,DS_PUSHSIG_SERIAL,NVSHMEM,C0_DEFAULT,2048,4096,2048,8,0,2097152,47,0,239.968,243.296,1228.064,984.768,PASS,0
PHASEB_formal_ds_C0_DEFAULT_N4096_q8_rep2,3,4,3,sm_89,DS_PUSHSIG_SERIAL,NVSHMEM,C0_DEFAULT,2048,4096,2048,8,1,2097152,47,0,1328.192,1331.616,2316.256,984.640,PASS,0
PHASEB_formal_ds_C0_DEFAULT_N4096_q8_rep2,3,4,3,sm_89,DS_PUSHSIG_SERIAL,NVSHMEM,C0_DEFAULT,2048,4096,2048,8,2,2097152,47,0,2406.816,2411.872,3396.224,984.352,PASS,0
PHASEB_formal_ds_C0_DEFAULT_N4096_q8_rep2,3,4,3,sm_89,DS_PUSHSIG_SERIAL,NVSHMEM,C0_DEFAULT,2048,4096,2048,8,3,2097152,47,0,3511.040,3514.464,4500.608,986.144,PASS,0
PHASEB_formal_ds_C0_DEFAULT_N4096_q8_rep2,3,4,3,sm_89,DS_PUSHSIG_SERIAL,NVSHMEM,C0_DEFAULT,2048,4096,2048,8,4,2097152,47,0,4597.248,4600.640,5583.648,983.008,PASS,0
PHASEB_formal_ds_C0_DEFAULT_N4096_q8_rep2,3,4,3,sm_89,DS_PUSHSIG_SERIAL,NVSHMEM,C0_DEFAULT,2048,4096,2048,8,5,2097152,47,0,5701.696,5705.472,6690.688,985.216,PASS,0
PHASEB_formal_ds_C0_DEFAULT_N4096_q8_rep2,3,4,3,sm_89,DS_PUSHSIG_SERIAL,NVSHMEM,C0_DEFAULT,2048,4096,2048,8,6,2097152,47,0,6782.912,6787.552,7771.488,983.936,PASS,0
PHASEB_formal_ds_C0_DEFAULT_N4096_q8_rep2,3,4,3,sm_89,DS_PUSHSIG_SERIAL,NVSHMEM,C0_DEFAULT,2048,4096,2048,8,7,2097152,47,0,7895.232,7898.656,8880.031,981.376,PASS,0
PHASEB_formal_ds_C0_DEFAULT_N4096_q8_rep2,3,4,3,sm_89,DS_PUSHSIG_SERIAL,NVSHMEM,C0_DEFAULT,2048,4096,2048,8,0,2097152,48,0,238.496,241.952,1225.152,983.200,PASS,0
PHASEB_formal_ds_C0_DEFAULT_N4096_q8_rep2,3,4,3,sm_89,DS_PUSHSIG_SERIAL,NVSHMEM,C0_DEFAULT,2048,4096,2048,8,1,2097152,48,0,1305.312,1308.800,2295.424,986.624,PASS,0
PHASEB_formal_ds_C0_DEFAULT_N4096_q8_rep2,3,4,3,sm_89,DS_PUSHSIG_SERIAL,NVSHMEM,C0_DEFAULT,2048,4096,2048,8,2,2097152,48,0,2416.160,2419.584,3403.488,983.904,PASS,0
PHASEB_formal_ds_C0_DEFAULT_N4096_q8_rep2,3,4,3,sm_89,DS_PUSHSIG_SERIAL,NVSHMEM,C0_DEFAULT,2048,4096,2048,8,3,2097152,48,0,3504.992,3508.448,4493.824,985.376,PASS,0
PHASEB_formal_ds_C0_DEFAULT_N4096_q8_rep2,3,4,3,sm_89,DS_PUSHSIG_SERIAL,NVSHMEM,C0_DEFAULT,2048,4096,2048,8,4,2097152,48,0,4609.536,4613.344,5598.656,985.312,PASS,0
PHASEB_formal_ds_C0_DEFAULT_N4096_q8_rep2,3,4,3,sm_89,DS_PUSHSIG_SERIAL,NVSHMEM,C0_DEFAULT,2048,4096,2048,8,5,2097152,48,0,5679.616,5682.944,6668.800,985.856,PASS,0
PHASEB_formal_ds_C0_DEFAULT_N4096_q8_rep2,3,4,3,sm_89,DS_PUSHSIG_SERIAL,NVSHMEM,C0_DEFAULT,2048,4096,2048,8,6,2097152,48,0,6788.960,6792.320,7774.048,981.728,PASS,0
PHASEB_formal_ds_C0_DEFAULT_N4096_q8_rep2,3,4,3,sm_89,DS_PUSHSIG_SERIAL,NVSHMEM,C0_DEFAULT,2048,4096,2048,8,7,2097152,48,0,7865.632,7868.992,8852.353,983.360,PASS,0
PHASEB_formal_ds_C0_DEFAULT_N4096_q8_rep2,3,4,3,sm_89,DS_PUSHSIG_SERIAL,NVSHMEM,C0_DEFAULT,2048,4096,2048,8,0,2097152,49,0,223.520,226.912,1210.336,983.424,PASS,0
PHASEB_formal_ds_C0_DEFAULT_N4096_q8_rep2,3,4,3,sm_89,DS_PUSHSIG_SERIAL,NVSHMEM,C0_DEFAULT,2048,4096,2048,8,1,2097152,49,0,1301.824,1306.752,2290.560,983.808,PASS,0
PHASEB_formal_ds_C0_DEFAULT_N4096_q8_rep2,3,4,3,sm_89,DS_PUSHSIG_SERIAL,NVSHMEM,C0_DEFAULT,2048,4096,2048,8,2,2097152,49,0,2403.744,2407.136,3391.648,984.512,PASS,0
PHASEB_formal_ds_C0_DEFAULT_N4096_q8_rep2,3,4,3,sm_89,DS_PUSHSIG_SERIAL,NVSHMEM,C0_DEFAULT,2048,4096,2048,8,3,2097152,49,0,3482.688,3487.264,4469.952,982.688,PASS,0
PHASEB_formal_ds_C0_DEFAULT_N4096_q8_rep2,3,4,3,sm_89,DS_PUSHSIG_SERIAL,NVSHMEM,C0_DEFAULT,2048,4096,2048,8,4,2097152,49,0,4584.224,4588.032,5572.832,984.800,PASS,0
PHASEB_formal_ds_C0_DEFAULT_N4096_q8_rep2,3,4,3,sm_89,DS_PUSHSIG_SERIAL,NVSHMEM,C0_DEFAULT,2048,4096,2048,8,5,2097152,49,0,5656.640,5663.488,6650.400,986.912,PASS,0
PHASEB_formal_ds_C0_DEFAULT_N4096_q8_rep2,3,4,3,sm_89,DS_PUSHSIG_SERIAL,NVSHMEM,C0_DEFAULT,2048,4096,2048,8,6,2097152,49,0,6765.344,6768.704,7751.168,982.464,PASS,0
PHASEB_formal_ds_C0_DEFAULT_N4096_q8_rep2,3,4,3,sm_89,DS_PUSHSIG_SERIAL,NVSHMEM,C0_DEFAULT,2048,4096,2048,8,7,2097152,49,0,7839.200,7842.624,8825.696,983.072,PASS,0
PHASEB_formal_ds_C0_DEFAULT_N4096_q8_rep2,3,4,3,sm_89,DS_PUSHSIG_SERIAL,NVSHMEM,C0_DEFAULT,2048,4096,2048,8,0,2097152,50,0,231.424,234.848,1219.136,984.288,PASS,0
PHASEB_formal_ds_C0_DEFAULT_N4096_q8_rep2,3,4,3,sm_89,DS_PUSHSIG_SERIAL,NVSHMEM,C0_DEFAULT,2048,4096,2048,8,1,2097152,50,0,1304.256,1310.112,2296.416,986.304,PASS,0
PHASEB_formal_ds_C0_DEFAULT_N4096_q8_rep2,3,4,3,sm_89,DS_PUSHSIG_SERIAL,NVSHMEM,C0_DEFAULT,2048,4096,2048,8,2,2097152,50,0,2406.848,2410.176,3392.992,982.816,PASS,0
PHASEB_formal_ds_C0_DEFAULT_N4096_q8_rep2,3,4,3,sm_89,DS_PUSHSIG_SERIAL,NVSHMEM,C0_DEFAULT,2048,4096,2048,8,3,2097152,50,0,3493.408,3496.736,4480.672,983.936,PASS,0
PHASEB_formal_ds_C0_DEFAULT_N4096_q8_rep2,3,4,3,sm_89,DS_PUSHSIG_SERIAL,NVSHMEM,C0_DEFAULT,2048,4096,2048,8,4,2097152,50,0,4593.376,4596.736,5580.448,983.712,PASS,0
PHASEB_formal_ds_C0_DEFAULT_N4096_q8_rep2,3,4,3,sm_89,DS_PUSHSIG_SERIAL,NVSHMEM,C0_DEFAULT,2048,4096,2048,8,5,2097152,50,0,5707.680,5711.104,6695.584,984.480,PASS,0
PHASEB_formal_ds_C0_DEFAULT_N4096_q8_rep2,3,4,3,sm_89,DS_PUSHSIG_SERIAL,NVSHMEM,C0_DEFAULT,2048,4096,2048,8,6,2097152,50,0,6809.280,6812.704,7795.616,982.912,PASS,0
PHASEB_formal_ds_C0_DEFAULT_N4096_q8_rep2,3,4,3,sm_89,DS_PUSHSIG_SERIAL,NVSHMEM,C0_DEFAULT,2048,4096,2048,8,7,2097152,50,0,7885.472,7891.232,8873.633,982.400,PASS,0
PHASEB_formal_ds_C0_DEFAULT_N4096_q8_rep2,3,4,3,sm_89,DS_PUSHSIG_SERIAL,NVSHMEM,C0_DEFAULT,2048,4096,2048,8,0,2097152,51,0,237.152,240.544,1224.928,984.384,PASS,0
PHASEB_formal_ds_C0_DEFAULT_N4096_q8_rep2,3,4,3,sm_89,DS_PUSHSIG_SERIAL,NVSHMEM,C0_DEFAULT,2048,4096,2048,8,1,2097152,51,0,1306.528,1310.528,2298.688,988.160,PASS,0
PHASEB_formal_ds_C0_DEFAULT_N4096_q8_rep2,3,4,3,sm_89,DS_PUSHSIG_SERIAL,NVSHMEM,C0_DEFAULT,2048,4096,2048,8,2,2097152,51,0,2414.048,2417.504,3401.984,984.480,PASS,0
PHASEB_formal_ds_C0_DEFAULT_N4096_q8_rep2,3,4,3,sm_89,DS_PUSHSIG_SERIAL,NVSHMEM,C0_DEFAULT,2048,4096,2048,8,3,2097152,51,0,3484.928,3488.384,4474.784,986.400,PASS,0
PHASEB_formal_ds_C0_DEFAULT_N4096_q8_rep2,3,4,3,sm_89,DS_PUSHSIG_SERIAL,NVSHMEM,C0_DEFAULT,2048,4096,2048,8,4,2097152,51,0,4595.264,4599.008,5582.560,983.552,PASS,0
PHASEB_formal_ds_C0_DEFAULT_N4096_q8_rep2,3,4,3,sm_89,DS_PUSHSIG_SERIAL,NVSHMEM,C0_DEFAULT,2048,4096,2048,8,5,2097152,51,0,5667.072,5670.464,6655.744,985.280,PASS,0
PHASEB_formal_ds_C0_DEFAULT_N4096_q8_rep2,3,4,3,sm_89,DS_PUSHSIG_SERIAL,NVSHMEM,C0_DEFAULT,2048,4096,2048,8,6,2097152,51,0,6776.768,6780.128,7763.680,983.552,PASS,0
PHASEB_formal_ds_C0_DEFAULT_N4096_q8_rep2,3,4,3,sm_89,DS_PUSHSIG_SERIAL,NVSHMEM,C0_DEFAULT,2048,4096,2048,8,7,2097152,51,0,7870.720,7874.112,8854.368,980.256,PASS,0
PHASEB_formal_ds_C0_DEFAULT_N4096_q8_rep2,3,4,3,sm_89,DS_PUSHSIG_SERIAL,NVSHMEM,C0_DEFAULT,2048,4096,2048,8,0,2097152,52,0,234.304,237.824,1221.632,983.808,PASS,0
PHASEB_formal_ds_C0_DEFAULT_N4096_q8_rep2,3,4,3,sm_89,DS_PUSHSIG_SERIAL,NVSHMEM,C0_DEFAULT,2048,4096,2048,8,1,2097152,52,0,1324.512,1327.808,2311.584,983.776,PASS,0
PHASEB_formal_ds_C0_DEFAULT_N4096_q8_rep2,3,4,3,sm_89,DS_PUSHSIG_SERIAL,NVSHMEM,C0_DEFAULT,2048,4096,2048,8,2,2097152,52,0,2427.392,2430.784,3414.080,983.296,PASS,0
PHASEB_formal_ds_C0_DEFAULT_N4096_q8_rep2,3,4,3,sm_89,DS_PUSHSIG_SERIAL,NVSHMEM,C0_DEFAULT,2048,4096,2048,8,3,2097152,52,0,3506.016,3511.296,4495.872,984.576,PASS,0
PHASEB_formal_ds_C0_DEFAULT_N4096_q8_rep2,3,4,3,sm_89,DS_PUSHSIG_SERIAL,NVSHMEM,C0_DEFAULT,2048,4096,2048,8,4,2097152,52,0,4620.512,4624.160,5607.776,983.616,PASS,0
PHASEB_formal_ds_C0_DEFAULT_N4096_q8_rep2,3,4,3,sm_89,DS_PUSHSIG_SERIAL,NVSHMEM,C0_DEFAULT,2048,4096,2048,8,5,2097152,52,0,5721.216,5724.672,6709.984,985.312,PASS,0
PHASEB_formal_ds_C0_DEFAULT_N4096_q8_rep2,3,4,3,sm_89,DS_PUSHSIG_SERIAL,NVSHMEM,C0_DEFAULT,2048,4096,2048,8,6,2097152,52,0,6822.464,6825.920,7809.344,983.424,PASS,0
PHASEB_formal_ds_C0_DEFAULT_N4096_q8_rep2,3,4,3,sm_89,DS_PUSHSIG_SERIAL,NVSHMEM,C0_DEFAULT,2048,4096,2048,8,7,2097152,52,0,7901.184,7907.072,8889.600,982.528,PASS,0
PHASEB_formal_ds_C0_DEFAULT_N4096_q8_rep2,3,4,3,sm_89,DS_PUSHSIG_SERIAL,NVSHMEM,C0_DEFAULT,2048,4096,2048,8,0,2097152,53,0,239.104,242.528,1226.912,984.384,PASS,0
PHASEB_formal_ds_C0_DEFAULT_N4096_q8_rep2,3,4,3,sm_89,DS_PUSHSIG_SERIAL,NVSHMEM,C0_DEFAULT,2048,4096,2048,8,1,2097152,53,0,1306.560,1312.288,2299.520,987.232,PASS,0
PHASEB_formal_ds_C0_DEFAULT_N4096_q8_rep2,3,4,3,sm_89,DS_PUSHSIG_SERIAL,NVSHMEM,C0_DEFAULT,2048,4096,2048,8,2,2097152,53,0,2414.720,2418.144,3402.272,984.128,PASS,0
PHASEB_formal_ds_C0_DEFAULT_N4096_q8_rep2,3,4,3,sm_89,DS_PUSHSIG_SERIAL,NVSHMEM,C0_DEFAULT,2048,4096,2048,8,3,2097152,53,0,3490.400,3495.232,4479.104,983.872,PASS,0
PHASEB_formal_ds_C0_DEFAULT_N4096_q8_rep2,3,4,3,sm_89,DS_PUSHSIG_SERIAL,NVSHMEM,C0_DEFAULT,2048,4096,2048,8,4,2097152,53,0,4598.560,4602.464,5586.656,984.192,PASS,0
PHASEB_formal_ds_C0_DEFAULT_N4096_q8_rep2,3,4,3,sm_89,DS_PUSHSIG_SERIAL,NVSHMEM,C0_DEFAULT,2048,4096,2048,8,5,2097152,53,0,5670.112,5673.472,6657.664,984.192,PASS,0
PHASEB_formal_ds_C0_DEFAULT_N4096_q8_rep2,3,4,3,sm_89,DS_PUSHSIG_SERIAL,NVSHMEM,C0_DEFAULT,2048,4096,2048,8,6,2097152,53,0,6786.944,6790.368,7773.184,982.816,PASS,0
PHASEB_formal_ds_C0_DEFAULT_N4096_q8_rep2,3,4,3,sm_89,DS_PUSHSIG_SERIAL,NVSHMEM,C0_DEFAULT,2048,4096,2048,8,7,2097152,53,0,7879.616,7883.040,8863.937,980.896,PASS,0
PHASEB_formal_ds_C0_DEFAULT_N4096_q8_rep2,3,4,3,sm_89,DS_PUSHSIG_SERIAL,NVSHMEM,C0_DEFAULT,2048,4096,2048,8,0,2097152,54,0,230.240,233.568,1216.544,982.976,PASS,0
PHASEB_formal_ds_C0_DEFAULT_N4096_q8_rep2,3,4,3,sm_89,DS_PUSHSIG_SERIAL,NVSHMEM,C0_DEFAULT,2048,4096,2048,8,1,2097152,54,0,1302.464,1307.840,2292.640,984.800,PASS,0
PHASEB_formal_ds_C0_DEFAULT_N4096_q8_rep2,3,4,3,sm_89,DS_PUSHSIG_SERIAL,NVSHMEM,C0_DEFAULT,2048,4096,2048,8,2,2097152,54,0,2411.776,2415.168,3400.288,985.120,PASS,0
PHASEB_formal_ds_C0_DEFAULT_N4096_q8_rep2,3,4,3,sm_89,DS_PUSHSIG_SERIAL,NVSHMEM,C0_DEFAULT,2048,4096,2048,8,3,2097152,54,0,3513.760,3517.152,4500.288,983.136,PASS,0
PHASEB_formal_ds_C0_DEFAULT_N4096_q8_rep2,3,4,3,sm_89,DS_PUSHSIG_SERIAL,NVSHMEM,C0_DEFAULT,2048,4096,2048,8,4,2097152,54,0,4611.776,4615.136,5597.216,982.080,PASS,0
PHASEB_formal_ds_C0_DEFAULT_N4096_q8_rep2,3,4,3,sm_89,DS_PUSHSIG_SERIAL,NVSHMEM,C0_DEFAULT,2048,4096,2048,8,5,2097152,54,0,5677.344,5680.672,6665.760,985.088,PASS,0
PHASEB_formal_ds_C0_DEFAULT_N4096_q8_rep2,3,4,3,sm_89,DS_PUSHSIG_SERIAL,NVSHMEM,C0_DEFAULT,2048,4096,2048,8,6,2097152,54,0,6798.464,6801.920,7784.352,982.432,PASS,0
PHASEB_formal_ds_C0_DEFAULT_N4096_q8_rep2,3,4,3,sm_89,DS_PUSHSIG_SERIAL,NVSHMEM,C0_DEFAULT,2048,4096,2048,8,7,2097152,54,0,7892.288,7895.712,8876.735,981.024,PASS,0
PHASEB_formal_ds_C0_DEFAULT_N4096_q8_rep2,3,4,3,sm_89,DS_PUSHSIG_SERIAL,NVSHMEM,C0_DEFAULT,2048,4096,2048,8,0,2097152,55,0,233.952,237.280,1220.064,982.784,PASS,0
PHASEB_formal_ds_C0_DEFAULT_N4096_q8_rep2,3,4,3,sm_89,DS_PUSHSIG_SERIAL,NVSHMEM,C0_DEFAULT,2048,4096,2048,8,1,2097152,55,0,1310.912,1315.424,2299.360,983.936,PASS,0
PHASEB_formal_ds_C0_DEFAULT_N4096_q8_rep2,3,4,3,sm_89,DS_PUSHSIG_SERIAL,NVSHMEM,C0_DEFAULT,2048,4096,2048,8,2,2097152,55,0,2416.192,2419.712,3401.984,982.272,PASS,0
PHASEB_formal_ds_C0_DEFAULT_N4096_q8_rep2,3,4,3,sm_89,DS_PUSHSIG_SERIAL,NVSHMEM,C0_DEFAULT,2048,4096,2048,8,3,2097152,55,0,3486.720,3492.960,4476.160,983.200,PASS,0
PHASEB_formal_ds_C0_DEFAULT_N4096_q8_rep2,3,4,3,sm_89,DS_PUSHSIG_SERIAL,NVSHMEM,C0_DEFAULT,2048,4096,2048,8,4,2097152,55,0,4590.336,4593.856,5578.656,984.800,PASS,0
PHASEB_formal_ds_C0_DEFAULT_N4096_q8_rep2,3,4,3,sm_89,DS_PUSHSIG_SERIAL,NVSHMEM,C0_DEFAULT,2048,4096,2048,8,5,2097152,55,0,5661.952,5665.312,6650.688,985.376,PASS,0
PHASEB_formal_ds_C0_DEFAULT_N4096_q8_rep2,3,4,3,sm_89,DS_PUSHSIG_SERIAL,NVSHMEM,C0_DEFAULT,2048,4096,2048,8,6,2097152,55,0,6769.280,6772.672,7756.064,983.392,PASS,0
PHASEB_formal_ds_C0_DEFAULT_N4096_q8_rep2,3,4,3,sm_89,DS_PUSHSIG_SERIAL,NVSHMEM,C0_DEFAULT,2048,4096,2048,8,7,2097152,55,0,7868.192,7871.744,8852.960,981.216,PASS,0
PHASEB_formal_ds_C0_DEFAULT_N4096_q8_rep2,3,4,3,sm_89,DS_PUSHSIG_SERIAL,NVSHMEM,C0_DEFAULT,2048,4096,2048,8,0,2097152,56,0,233.824,237.216,1220.736,983.520,PASS,0
PHASEB_formal_ds_C0_DEFAULT_N4096_q8_rep2,3,4,3,sm_89,DS_PUSHSIG_SERIAL,NVSHMEM,C0_DEFAULT,2048,4096,2048,8,1,2097152,56,0,1303.168,1309.120,2295.168,986.048,PASS,0
PHASEB_formal_ds_C0_DEFAULT_N4096_q8_rep2,3,4,3,sm_89,DS_PUSHSIG_SERIAL,NVSHMEM,C0_DEFAULT,2048,4096,2048,8,2,2097152,56,0,2411.200,2414.592,3399.744,985.152,PASS,0
PHASEB_formal_ds_C0_DEFAULT_N4096_q8_rep2,3,4,3,sm_89,DS_PUSHSIG_SERIAL,NVSHMEM,C0_DEFAULT,2048,4096,2048,8,3,2097152,56,0,3487.168,3492.512,4475.712,983.200,PASS,0
PHASEB_formal_ds_C0_DEFAULT_N4096_q8_rep2,3,4,3,sm_89,DS_PUSHSIG_SERIAL,NVSHMEM,C0_DEFAULT,2048,4096,2048,8,4,2097152,56,0,4593.536,4596.896,5581.312,984.416,PASS,0
PHASEB_formal_ds_C0_DEFAULT_N4096_q8_rep2,3,4,3,sm_89,DS_PUSHSIG_SERIAL,NVSHMEM,C0_DEFAULT,2048,4096,2048,8,5,2097152,56,0,5664.768,5668.704,6656.608,987.904,PASS,0
PHASEB_formal_ds_C0_DEFAULT_N4096_q8_rep2,3,4,3,sm_89,DS_PUSHSIG_SERIAL,NVSHMEM,C0_DEFAULT,2048,4096,2048,8,6,2097152,56,0,6771.808,6775.456,7758.112,982.656,PASS,0
PHASEB_formal_ds_C0_DEFAULT_N4096_q8_rep2,3,4,3,sm_89,DS_PUSHSIG_SERIAL,NVSHMEM,C0_DEFAULT,2048,4096,2048,8,7,2097152,56,0,7848.896,7852.320,8833.792,981.472,PASS,0
PHASEB_formal_ds_C0_DEFAULT_N4096_q8_rep2,3,4,3,sm_89,DS_PUSHSIG_SERIAL,NVSHMEM,C0_DEFAULT,2048,4096,2048,8,0,2097152,57,0,234.912,238.368,1220.896,982.528,PASS,0
PHASEB_formal_ds_C0_DEFAULT_N4096_q8_rep2,3,4,3,sm_89,DS_PUSHSIG_SERIAL,NVSHMEM,C0_DEFAULT,2048,4096,2048,8,1,2097152,57,0,1305.440,1310.976,2295.328,984.352,PASS,0
PHASEB_formal_ds_C0_DEFAULT_N4096_q8_rep2,3,4,3,sm_89,DS_PUSHSIG_SERIAL,NVSHMEM,C0_DEFAULT,2048,4096,2048,8,2,2097152,57,0,2409.472,2412.896,3396.320,983.424,PASS,0
PHASEB_formal_ds_C0_DEFAULT_N4096_q8_rep2,3,4,3,sm_89,DS_PUSHSIG_SERIAL,NVSHMEM,C0_DEFAULT,2048,4096,2048,8,3,2097152,57,0,3512.928,3516.320,4501.952,985.632,PASS,0
PHASEB_formal_ds_C0_DEFAULT_N4096_q8_rep2,3,4,3,sm_89,DS_PUSHSIG_SERIAL,NVSHMEM,C0_DEFAULT,2048,4096,2048,8,4,2097152,57,0,4591.872,4596.832,5582.784,985.952,PASS,0
PHASEB_formal_ds_C0_DEFAULT_N4096_q8_rep2,3,4,3,sm_89,DS_PUSHSIG_SERIAL,NVSHMEM,C0_DEFAULT,2048,4096,2048,8,5,2097152,57,0,5695.488,5699.328,6683.264,983.936,PASS,0
PHASEB_formal_ds_C0_DEFAULT_N4096_q8_rep2,3,4,3,sm_89,DS_PUSHSIG_SERIAL,NVSHMEM,C0_DEFAULT,2048,4096,2048,8,6,2097152,57,0,6781.312,6786.496,7768.704,982.208,PASS,0
PHASEB_formal_ds_C0_DEFAULT_N4096_q8_rep2,3,4,3,sm_89,DS_PUSHSIG_SERIAL,NVSHMEM,C0_DEFAULT,2048,4096,2048,8,7,2097152,57,0,7883.104,7887.584,8868.736,981.152,PASS,0
PHASEB_formal_ds_C0_DEFAULT_N4096_q8_rep2,3,4,3,sm_89,DS_PUSHSIG_SERIAL,NVSHMEM,C0_DEFAULT,2048,4096,2048,8,0,2097152,58,0,227.872,231.296,1214.400,983.104,PASS,0
PHASEB_formal_ds_C0_DEFAULT_N4096_q8_rep2,3,4,3,sm_89,DS_PUSHSIG_SERIAL,NVSHMEM,C0_DEFAULT,2048,4096,2048,8,1,2097152,58,0,1333.728,1337.120,2322.752,985.632,PASS,0
PHASEB_formal_ds_C0_DEFAULT_N4096_q8_rep2,3,4,3,sm_89,DS_PUSHSIG_SERIAL,NVSHMEM,C0_DEFAULT,2048,4096,2048,8,2,2097152,58,0,2404.864,2408.256,3395.936,987.680,PASS,0
PHASEB_formal_ds_C0_DEFAULT_N4096_q8_rep2,3,4,3,sm_89,DS_PUSHSIG_SERIAL,NVSHMEM,C0_DEFAULT,2048,4096,2048,8,3,2097152,58,0,3518.368,3521.888,4507.776,985.888,PASS,0
PHASEB_formal_ds_C0_DEFAULT_N4096_q8_rep2,3,4,3,sm_89,DS_PUSHSIG_SERIAL,NVSHMEM,C0_DEFAULT,2048,4096,2048,8,4,2097152,58,0,4602.464,4605.920,5590.592,984.672,PASS,0
PHASEB_formal_ds_C0_DEFAULT_N4096_q8_rep2,3,4,3,sm_89,DS_PUSHSIG_SERIAL,NVSHMEM,C0_DEFAULT,2048,4096,2048,8,5,2097152,58,0,5709.856,5713.408,6698.176,984.768,PASS,0
PHASEB_formal_ds_C0_DEFAULT_N4096_q8_rep2,3,4,3,sm_89,DS_PUSHSIG_SERIAL,NVSHMEM,C0_DEFAULT,2048,4096,2048,8,6,2097152,58,0,6824.288,6827.712,7810.144,982.432,PASS,0
PHASEB_formal_ds_C0_DEFAULT_N4096_q8_rep2,3,4,3,sm_89,DS_PUSHSIG_SERIAL,NVSHMEM,C0_DEFAULT,2048,4096,2048,8,7,2097152,58,0,7898.304,7904.384,8886.912,982.528,PASS,0
PHASEB_formal_ds_C0_DEFAULT_N4096_q8_rep2,3,4,3,sm_89,DS_PUSHSIG_SERIAL,NVSHMEM,C0_DEFAULT,2048,4096,2048,8,0,2097152,59,0,226.976,230.368,1213.344,982.976,PASS,0
PHASEB_formal_ds_C0_DEFAULT_N4096_q8_rep2,3,4,3,sm_89,DS_PUSHSIG_SERIAL,NVSHMEM,C0_DEFAULT,2048,4096,2048,8,1,2097152,59,0,1306.592,1310.080,2293.408,983.328,PASS,0
PHASEB_formal_ds_C0_DEFAULT_N4096_q8_rep2,3,4,3,sm_89,DS_PUSHSIG_SERIAL,NVSHMEM,C0_DEFAULT,2048,4096,2048,8,2,2097152,59,0,2420.224,2424.096,3407.520,983.424,PASS,0
PHASEB_formal_ds_C0_DEFAULT_N4096_q8_rep2,3,4,3,sm_89,DS_PUSHSIG_SERIAL,NVSHMEM,C0_DEFAULT,2048,4096,2048,8,3,2097152,59,0,3484.256,3488.736,4475.520,986.784,PASS,0
PHASEB_formal_ds_C0_DEFAULT_N4096_q8_rep2,3,4,3,sm_89,DS_PUSHSIG_SERIAL,NVSHMEM,C0_DEFAULT,2048,4096,2048,8,4,2097152,59,0,4589.824,4593.184,5577.344,984.160,PASS,0
PHASEB_formal_ds_C0_DEFAULT_N4096_q8_rep2,3,4,3,sm_89,DS_PUSHSIG_SERIAL,NVSHMEM,C0_DEFAULT,2048,4096,2048,8,5,2097152,59,0,5660.640,5664.064,6648.032,983.968,PASS,0
PHASEB_formal_ds_C0_DEFAULT_N4096_q8_rep2,3,4,3,sm_89,DS_PUSHSIG_SERIAL,NVSHMEM,C0_DEFAULT,2048,4096,2048,8,6,2097152,59,0,6776.928,6780.512,7763.008,982.496,PASS,0
PHASEB_formal_ds_C0_DEFAULT_N4096_q8_rep2,3,4,3,sm_89,DS_PUSHSIG_SERIAL,NVSHMEM,C0_DEFAULT,2048,4096,2048,8,7,2097152,59,0,7866.848,7870.272,8851.648,981.376,PASS,0
PHASEB_formal_ds_C0_DEFAULT_N4096_q8_rep2,3,4,3,sm_89,DS_PUSHSIG_SERIAL,NVSHMEM,C0_DEFAULT,2048,4096,2048,8,0,2097152,60,0,238.496,242.112,1227.680,985.568,PASS,0
PHASEB_formal_ds_C0_DEFAULT_N4096_q8_rep2,3,4,3,sm_89,DS_PUSHSIG_SERIAL,NVSHMEM,C0_DEFAULT,2048,4096,2048,8,1,2097152,60,0,1308.576,1312.832,2299.360,986.528,PASS,0
PHASEB_formal_ds_C0_DEFAULT_N4096_q8_rep2,3,4,3,sm_89,DS_PUSHSIG_SERIAL,NVSHMEM,C0_DEFAULT,2048,4096,2048,8,2,2097152,60,0,2416.928,2420.352,3402.720,982.368,PASS,0
PHASEB_formal_ds_C0_DEFAULT_N4096_q8_rep2,3,4,3,sm_89,DS_PUSHSIG_SERIAL,NVSHMEM,C0_DEFAULT,2048,4096,2048,8,3,2097152,60,0,3505.952,3509.408,4493.760,984.352,PASS,0
PHASEB_formal_ds_C0_DEFAULT_N4096_q8_rep2,3,4,3,sm_89,DS_PUSHSIG_SERIAL,NVSHMEM,C0_DEFAULT,2048,4096,2048,8,4,2097152,60,0,4585.824,4589.792,5573.600,983.808,PASS,0
PHASEB_formal_ds_C0_DEFAULT_N4096_q8_rep2,3,4,3,sm_89,DS_PUSHSIG_SERIAL,NVSHMEM,C0_DEFAULT,2048,4096,2048,8,5,2097152,60,0,5690.720,5694.112,6677.920,983.808,PASS,0
PHASEB_formal_ds_C0_DEFAULT_N4096_q8_rep2,3,4,3,sm_89,DS_PUSHSIG_SERIAL,NVSHMEM,C0_DEFAULT,2048,4096,2048,8,6,2097152,60,0,6791.168,6794.528,7777.568,983.040,PASS,0
PHASEB_formal_ds_C0_DEFAULT_N4096_q8_rep2,3,4,3,sm_89,DS_PUSHSIG_SERIAL,NVSHMEM,C0_DEFAULT,2048,4096,2048,8,7,2097152,60,0,7870.752,7874.176,8856.288,982.112,PASS,0
PHASEB_formal_ds_C0_DEFAULT_N4096_q8_rep2,3,4,3,sm_89,DS_PUSHSIG_SERIAL,NVSHMEM,C0_DEFAULT,2048,4096,2048,8,0,2097152,61,0,227.232,230.592,1214.560,983.968,PASS,0
PHASEB_formal_ds_C0_DEFAULT_N4096_q8_rep2,3,4,3,sm_89,DS_PUSHSIG_SERIAL,NVSHMEM,C0_DEFAULT,2048,4096,2048,8,1,2097152,61,0,1331.968,1335.360,2320.320,984.960,PASS,0
PHASEB_formal_ds_C0_DEFAULT_N4096_q8_rep2,3,4,3,sm_89,DS_PUSHSIG_SERIAL,NVSHMEM,C0_DEFAULT,2048,4096,2048,8,2,2097152,61,0,2412.128,2416.672,3401.920,985.248,PASS,0
PHASEB_formal_ds_C0_DEFAULT_N4096_q8_rep2,3,4,3,sm_89,DS_PUSHSIG_SERIAL,NVSHMEM,C0_DEFAULT,2048,4096,2048,8,3,2097152,61,0,3520.576,3524.160,4508.288,984.128,PASS,0
PHASEB_formal_ds_C0_DEFAULT_N4096_q8_rep2,3,4,3,sm_89,DS_PUSHSIG_SERIAL,NVSHMEM,C0_DEFAULT,2048,4096,2048,8,4,2097152,61,0,4599.520,4604.480,5587.776,983.296,PASS,0
PHASEB_formal_ds_C0_DEFAULT_N4096_q8_rep2,3,4,3,sm_89,DS_PUSHSIG_SERIAL,NVSHMEM,C0_DEFAULT,2048,4096,2048,8,5,2097152,61,0,5709.312,5712.768,6697.632,984.864,PASS,0
PHASEB_formal_ds_C0_DEFAULT_N4096_q8_rep2,3,4,3,sm_89,DS_PUSHSIG_SERIAL,NVSHMEM,C0_DEFAULT,2048,4096,2048,8,6,2097152,61,0,6800.832,6804.256,7787.648,983.392,PASS,0
PHASEB_formal_ds_C0_DEFAULT_N4096_q8_rep2,3,4,3,sm_89,DS_PUSHSIG_SERIAL,NVSHMEM,C0_DEFAULT,2048,4096,2048,8,7,2097152,61,0,7881.376,7884.768,8865.663,980.896,PASS,0
PHASEB_formal_ds_C0_DEFAULT_N4096_q8_rep2,3,4,3,sm_89,DS_PUSHSIG_SERIAL,NVSHMEM,C0_DEFAULT,2048,4096,2048,8,0,2097152,62,0,234.016,237.376,1220.832,983.456,PASS,0
PHASEB_formal_ds_C0_DEFAULT_N4096_q8_rep2,3,4,3,sm_89,DS_PUSHSIG_SERIAL,NVSHMEM,C0_DEFAULT,2048,4096,2048,8,1,2097152,62,0,1302.816,1308.480,2292.224,983.744,PASS,0
PHASEB_formal_ds_C0_DEFAULT_N4096_q8_rep2,3,4,3,sm_89,DS_PUSHSIG_SERIAL,NVSHMEM,C0_DEFAULT,2048,4096,2048,8,2,2097152,62,0,2407.968,2411.360,3395.072,983.712,PASS,0
PHASEB_formal_ds_C0_DEFAULT_N4096_q8_rep2,3,4,3,sm_89,DS_PUSHSIG_SERIAL,NVSHMEM,C0_DEFAULT,2048,4096,2048,8,3,2097152,62,0,3486.784,3491.840,4475.232,983.392,PASS,0
PHASEB_formal_ds_C0_DEFAULT_N4096_q8_rep2,3,4,3,sm_89,DS_PUSHSIG_SERIAL,NVSHMEM,C0_DEFAULT,2048,4096,2048,8,4,2097152,62,0,4589.792,4593.472,5579.360,985.888,PASS,0
PHASEB_formal_ds_C0_DEFAULT_N4096_q8_rep2,3,4,3,sm_89,DS_PUSHSIG_SERIAL,NVSHMEM,C0_DEFAULT,2048,4096,2048,8,5,2097152,62,0,5660.608,5664.000,6649.888,985.888,PASS,0
PHASEB_formal_ds_C0_DEFAULT_N4096_q8_rep2,3,4,3,sm_89,DS_PUSHSIG_SERIAL,NVSHMEM,C0_DEFAULT,2048,4096,2048,8,6,2097152,62,0,6766.304,6769.856,7752.928,983.072,PASS,0
PHASEB_formal_ds_C0_DEFAULT_N4096_q8_rep2,3,4,3,sm_89,DS_PUSHSIG_SERIAL,NVSHMEM,C0_DEFAULT,2048,4096,2048,8,7,2097152,62,0,7859.296,7863.488,8847.071,983.584,PASS,0
PHASEB_formal_ds_C0_DEFAULT_N4096_q8_rep2,3,4,3,sm_89,DS_PUSHSIG_SERIAL,NVSHMEM,C0_DEFAULT,2048,4096,2048,8,0,2097152,63,0,233.216,236.608,1220.416,983.808,PASS,0
PHASEB_formal_ds_C0_DEFAULT_N4096_q8_rep2,3,4,3,sm_89,DS_PUSHSIG_SERIAL,NVSHMEM,C0_DEFAULT,2048,4096,2048,8,1,2097152,63,0,1300.960,1306.912,2291.200,984.288,PASS,0
PHASEB_formal_ds_C0_DEFAULT_N4096_q8_rep2,3,4,3,sm_89,DS_PUSHSIG_SERIAL,NVSHMEM,C0_DEFAULT,2048,4096,2048,8,2,2097152,63,0,2411.712,2415.168,3397.952,982.784,PASS,0
PHASEB_formal_ds_C0_DEFAULT_N4096_q8_rep2,3,4,3,sm_89,DS_PUSHSIG_SERIAL,NVSHMEM,C0_DEFAULT,2048,4096,2048,8,3,2097152,63,0,3492.000,3495.488,4478.240,982.752,PASS,0
PHASEB_formal_ds_C0_DEFAULT_N4096_q8_rep2,3,4,3,sm_89,DS_PUSHSIG_SERIAL,NVSHMEM,C0_DEFAULT,2048,4096,2048,8,4,2097152,63,0,4601.344,4605.248,5588.896,983.648,PASS,0
PHASEB_formal_ds_C0_DEFAULT_N4096_q8_rep2,3,4,3,sm_89,DS_PUSHSIG_SERIAL,NVSHMEM,C0_DEFAULT,2048,4096,2048,8,5,2097152,63,0,5669.312,5673.344,6659.936,986.592,PASS,0
PHASEB_formal_ds_C0_DEFAULT_N4096_q8_rep2,3,4,3,sm_89,DS_PUSHSIG_SERIAL,NVSHMEM,C0_DEFAULT,2048,4096,2048,8,6,2097152,63,0,6774.016,6777.760,7761.408,983.648,PASS,0
PHASEB_formal_ds_C0_DEFAULT_N4096_q8_rep2,3,4,3,sm_89,DS_PUSHSIG_SERIAL,NVSHMEM,C0_DEFAULT,2048,4096,2048,8,7,2097152,63,0,7864.768,7868.768,8852.353,983.584,PASS,0
PHASEB_formal_ds_C0_DEFAULT_N4096_q8_rep2,3,4,3,sm_89,DS_PUSHSIG_SERIAL,NVSHMEM,C0_DEFAULT,2048,4096,2048,8,0,2097152,64,0,228.544,231.872,1214.432,982.560,PASS,0
PHASEB_formal_ds_C0_DEFAULT_N4096_q8_rep2,3,4,3,sm_89,DS_PUSHSIG_SERIAL,NVSHMEM,C0_DEFAULT,2048,4096,2048,8,1,2097152,64,0,1298.976,1305.856,2290.880,985.024,PASS,0
PHASEB_formal_ds_C0_DEFAULT_N4096_q8_rep2,3,4,3,sm_89,DS_PUSHSIG_SERIAL,NVSHMEM,C0_DEFAULT,2048,4096,2048,8,2,2097152,64,0,2406.144,2409.536,3393.568,984.032,PASS,0
PHASEB_formal_ds_C0_DEFAULT_N4096_q8_rep2,3,4,3,sm_89,DS_PUSHSIG_SERIAL,NVSHMEM,C0_DEFAULT,2048,4096,2048,8,3,2097152,64,0,3498.720,3502.528,4486.016,983.488,PASS,0
PHASEB_formal_ds_C0_DEFAULT_N4096_q8_rep2,3,4,3,sm_89,DS_PUSHSIG_SERIAL,NVSHMEM,C0_DEFAULT,2048,4096,2048,8,4,2097152,64,0,4594.624,4598.080,5583.040,984.960,PASS,0
PHASEB_formal_ds_C0_DEFAULT_N4096_q8_rep2,3,4,3,sm_89,DS_PUSHSIG_SERIAL,NVSHMEM,C0_DEFAULT,2048,4096,2048,8,5,2097152,64,0,5701.408,5704.736,6687.936,983.200,PASS,0
PHASEB_formal_ds_C0_DEFAULT_N4096_q8_rep2,3,4,3,sm_89,DS_PUSHSIG_SERIAL,NVSHMEM,C0_DEFAULT,2048,4096,2048,8,6,2097152,64,0,6786.208,6789.632,7771.936,982.304,PASS,0
PHASEB_formal_ds_C0_DEFAULT_N4096_q8_rep2,3,4,3,sm_89,DS_PUSHSIG_SERIAL,NVSHMEM,C0_DEFAULT,2048,4096,2048,8,7,2097152,64,0,7866.368,7869.792,8852.319,982.528,PASS,0
PHASEB_formal_ds_C0_DEFAULT_N4096_q8_rep2,3,4,3,sm_89,DS_PUSHSIG_SERIAL,NVSHMEM,C0_DEFAULT,2048,4096,2048,8,0,2097152,65,0,238.784,242.240,1227.776,985.536,PASS,0
PHASEB_formal_ds_C0_DEFAULT_N4096_q8_rep2,3,4,3,sm_89,DS_PUSHSIG_SERIAL,NVSHMEM,C0_DEFAULT,2048,4096,2048,8,1,2097152,65,0,1310.272,1316.576,2299.744,983.168,PASS,0
PHASEB_formal_ds_C0_DEFAULT_N4096_q8_rep2,3,4,3,sm_89,DS_PUSHSIG_SERIAL,NVSHMEM,C0_DEFAULT,2048,4096,2048,8,2,2097152,65,0,2413.504,2417.056,3401.152,984.096,PASS,0
PHASEB_formal_ds_C0_DEFAULT_N4096_q8_rep2,3,4,3,sm_89,DS_PUSHSIG_SERIAL,NVSHMEM,C0_DEFAULT,2048,4096,2048,8,3,2097152,65,0,3497.536,3502.400,4487.072,984.672,PASS,0
PHASEB_formal_ds_C0_DEFAULT_N4096_q8_rep2,3,4,3,sm_89,DS_PUSHSIG_SERIAL,NVSHMEM,C0_DEFAULT,2048,4096,2048,8,4,2097152,65,0,4602.688,4606.304,5590.400,984.096,PASS,0
PHASEB_formal_ds_C0_DEFAULT_N4096_q8_rep2,3,4,3,sm_89,DS_PUSHSIG_SERIAL,NVSHMEM,C0_DEFAULT,2048,4096,2048,8,5,2097152,65,0,5681.152,5686.944,6672.128,985.184,PASS,0
PHASEB_formal_ds_C0_DEFAULT_N4096_q8_rep2,3,4,3,sm_89,DS_PUSHSIG_SERIAL,NVSHMEM,C0_DEFAULT,2048,4096,2048,8,6,2097152,65,0,6789.312,6792.800,7775.872,983.072,PASS,0
PHASEB_formal_ds_C0_DEFAULT_N4096_q8_rep2,3,4,3,sm_89,DS_PUSHSIG_SERIAL,NVSHMEM,C0_DEFAULT,2048,4096,2048,8,7,2097152,65,0,7885.472,7888.864,8869.760,980.896,PASS,0
PHASEB_formal_ds_C0_DEFAULT_N4096_q8_rep2,3,4,3,sm_89,DS_PUSHSIG_SERIAL,NVSHMEM,C0_DEFAULT,2048,4096,2048,8,0,2097152,66,0,230.016,233.408,1218.592,985.184,PASS,0
PHASEB_formal_ds_C0_DEFAULT_N4096_q8_rep2,3,4,3,sm_89,DS_PUSHSIG_SERIAL,NVSHMEM,C0_DEFAULT,2048,4096,2048,8,1,2097152,66,0,1301.280,1308.800,2294.816,986.016,PASS,0
PHASEB_formal_ds_C0_DEFAULT_N4096_q8_rep2,3,4,3,sm_89,DS_PUSHSIG_SERIAL,NVSHMEM,C0_DEFAULT,2048,4096,2048,8,2,2097152,66,0,2408.992,2412.416,3394.688,982.272,PASS,0
PHASEB_formal_ds_C0_DEFAULT_N4096_q8_rep2,3,4,3,sm_89,DS_PUSHSIG_SERIAL,NVSHMEM,C0_DEFAULT,2048,4096,2048,8,3,2097152,66,0,3486.784,3490.784,4474.272,983.488,PASS,0
PHASEB_formal_ds_C0_DEFAULT_N4096_q8_rep2,3,4,3,sm_89,DS_PUSHSIG_SERIAL,NVSHMEM,C0_DEFAULT,2048,4096,2048,8,4,2097152,66,0,4593.984,4597.440,5583.040,985.600,PASS,0
PHASEB_formal_ds_C0_DEFAULT_N4096_q8_rep2,3,4,3,sm_89,DS_PUSHSIG_SERIAL,NVSHMEM,C0_DEFAULT,2048,4096,2048,8,5,2097152,66,0,5668.704,5672.064,6658.720,986.656,PASS,0
PHASEB_formal_ds_C0_DEFAULT_N4096_q8_rep2,3,4,3,sm_89,DS_PUSHSIG_SERIAL,NVSHMEM,C0_DEFAULT,2048,4096,2048,8,6,2097152,66,0,6772.992,6776.352,7759.328,982.976,PASS,0
PHASEB_formal_ds_C0_DEFAULT_N4096_q8_rep2,3,4,3,sm_89,DS_PUSHSIG_SERIAL,NVSHMEM,C0_DEFAULT,2048,4096,2048,8,7,2097152,66,0,7867.360,7870.944,8851.744,980.800,PASS,0
PHASEB_formal_ds_C0_DEFAULT_N4096_q8_rep2,3,4,3,sm_89,DS_PUSHSIG_SERIAL,NVSHMEM,C0_DEFAULT,2048,4096,2048,8,0,2097152,67,0,235.648,238.976,1223.232,984.256,PASS,0
PHASEB_formal_ds_C0_DEFAULT_N4096_q8_rep2,3,4,3,sm_89,DS_PUSHSIG_SERIAL,NVSHMEM,C0_DEFAULT,2048,4096,2048,8,1,2097152,67,0,1304.416,1310.432,2296.768,986.336,PASS,0
PHASEB_formal_ds_C0_DEFAULT_N4096_q8_rep2,3,4,3,sm_89,DS_PUSHSIG_SERIAL,NVSHMEM,C0_DEFAULT,2048,4096,2048,8,2,2097152,67,0,2410.048,2413.408,3398.080,984.672,PASS,0
PHASEB_formal_ds_C0_DEFAULT_N4096_q8_rep2,3,4,3,sm_89,DS_PUSHSIG_SERIAL,NVSHMEM,C0_DEFAULT,2048,4096,2048,8,3,2097152,67,0,3489.024,3493.472,4477.248,983.776,PASS,0
PHASEB_formal_ds_C0_DEFAULT_N4096_q8_rep2,3,4,3,sm_89,DS_PUSHSIG_SERIAL,NVSHMEM,C0_DEFAULT,2048,4096,2048,8,4,2097152,67,0,4596.192,4599.712,5583.264,983.552,PASS,0
PHASEB_formal_ds_C0_DEFAULT_N4096_q8_rep2,3,4,3,sm_89,DS_PUSHSIG_SERIAL,NVSHMEM,C0_DEFAULT,2048,4096,2048,8,5,2097152,67,0,5675.776,5681.664,6667.104,985.440,PASS,0
PHASEB_formal_ds_C0_DEFAULT_N4096_q8_rep2,3,4,3,sm_89,DS_PUSHSIG_SERIAL,NVSHMEM,C0_DEFAULT,2048,4096,2048,8,6,2097152,67,0,6783.360,6786.720,7770.432,983.712,PASS,0
PHASEB_formal_ds_C0_DEFAULT_N4096_q8_rep2,3,4,3,sm_89,DS_PUSHSIG_SERIAL,NVSHMEM,C0_DEFAULT,2048,4096,2048,8,7,2097152,67,0,7858.048,7861.536,8845.120,983.584,PASS,0
PHASEB_formal_ds_C0_DEFAULT_N4096_q8_rep2,3,4,3,sm_89,DS_PUSHSIG_SERIAL,NVSHMEM,C0_DEFAULT,2048,4096,2048,8,0,2097152,68,0,236.704,240.032,1222.304,982.272,PASS,0
PHASEB_formal_ds_C0_DEFAULT_N4096_q8_rep2,3,4,3,sm_89,DS_PUSHSIG_SERIAL,NVSHMEM,C0_DEFAULT,2048,4096,2048,8,1,2097152,68,0,1310.880,1315.584,2300.384,984.800,PASS,0
PHASEB_formal_ds_C0_DEFAULT_N4096_q8_rep2,3,4,3,sm_89,DS_PUSHSIG_SERIAL,NVSHMEM,C0_DEFAULT,2048,4096,2048,8,2,2097152,68,0,2416.352,2419.744,3404.736,984.992,PASS,0
PHASEB_formal_ds_C0_DEFAULT_N4096_q8_rep2,3,4,3,sm_89,DS_PUSHSIG_SERIAL,NVSHMEM,C0_DEFAULT,2048,4096,2048,8,3,2097152,68,0,3495.840,3501.184,4485.408,984.224,PASS,0
PHASEB_formal_ds_C0_DEFAULT_N4096_q8_rep2,3,4,3,sm_89,DS_PUSHSIG_SERIAL,NVSHMEM,C0_DEFAULT,2048,4096,2048,8,4,2097152,68,0,4594.784,4598.208,5581.952,983.744,PASS,0
PHASEB_formal_ds_C0_DEFAULT_N4096_q8_rep2,3,4,3,sm_89,DS_PUSHSIG_SERIAL,NVSHMEM,C0_DEFAULT,2048,4096,2048,8,5,2097152,68,0,5665.312,5669.568,6656.224,986.656,PASS,0
PHASEB_formal_ds_C0_DEFAULT_N4096_q8_rep2,3,4,3,sm_89,DS_PUSHSIG_SERIAL,NVSHMEM,C0_DEFAULT,2048,4096,2048,8,6,2097152,68,0,6771.264,6774.656,7758.432,983.776,PASS,0
PHASEB_formal_ds_C0_DEFAULT_N4096_q8_rep2,3,4,3,sm_89,DS_PUSHSIG_SERIAL,NVSHMEM,C0_DEFAULT,2048,4096,2048,8,7,2097152,68,0,7838.080,7841.440,8822.849,981.408,PASS,0
PHASEB_formal_ds_C0_DEFAULT_N4096_q8_rep2,3,4,3,sm_89,DS_PUSHSIG_SERIAL,NVSHMEM,C0_DEFAULT,2048,4096,2048,8,0,2097152,69,0,229.824,233.152,1216.224,983.072,PASS,0
PHASEB_formal_ds_C0_DEFAULT_N4096_q8_rep2,3,4,3,sm_89,DS_PUSHSIG_SERIAL,NVSHMEM,C0_DEFAULT,2048,4096,2048,8,1,2097152,69,0,1328.928,1332.480,2318.336,985.856,PASS,0
PHASEB_formal_ds_C0_DEFAULT_N4096_q8_rep2,3,4,3,sm_89,DS_PUSHSIG_SERIAL,NVSHMEM,C0_DEFAULT,2048,4096,2048,8,2,2097152,69,0,2408.032,2414.272,3398.304,984.032,PASS,0
PHASEB_formal_ds_C0_DEFAULT_N4096_q8_rep2,3,4,3,sm_89,DS_PUSHSIG_SERIAL,NVSHMEM,C0_DEFAULT,2048,4096,2048,8,3,2097152,69,0,3517.792,3521.184,4506.176,984.992,PASS,0
PHASEB_formal_ds_C0_DEFAULT_N4096_q8_rep2,3,4,3,sm_89,DS_PUSHSIG_SERIAL,NVSHMEM,C0_DEFAULT,2048,4096,2048,8,4,2097152,69,0,4588.192,4592.256,5579.392,987.136,PASS,0
PHASEB_formal_ds_C0_DEFAULT_N4096_q8_rep2,3,4,3,sm_89,DS_PUSHSIG_SERIAL,NVSHMEM,C0_DEFAULT,2048,4096,2048,8,5,2097152,69,0,5702.080,5705.536,6689.440,983.904,PASS,0
PHASEB_formal_ds_C0_DEFAULT_N4096_q8_rep2,3,4,3,sm_89,DS_PUSHSIG_SERIAL,NVSHMEM,C0_DEFAULT,2048,4096,2048,8,6,2097152,69,0,6781.408,6787.008,7770.720,983.712,PASS,0
PHASEB_formal_ds_C0_DEFAULT_N4096_q8_rep2,3,4,3,sm_89,DS_PUSHSIG_SERIAL,NVSHMEM,C0_DEFAULT,2048,4096,2048,8,7,2097152,69,0,7893.984,7897.408,8879.040,981.632,PASS,0
PHASEB_formal_ds_C0_DEFAULT_N4096_q8_rep2,3,4,3,sm_89,DS_PUSHSIG_SERIAL,NVSHMEM,C0_DEFAULT,2048,4096,2048,8,0,2097152,70,0,224.192,227.584,1211.488,983.904,PASS,0
PHASEB_formal_ds_C0_DEFAULT_N4096_q8_rep2,3,4,3,sm_89,DS_PUSHSIG_SERIAL,NVSHMEM,C0_DEFAULT,2048,4096,2048,8,1,2097152,70,0,1336.480,1339.808,2324.576,984.768,PASS,0
PHASEB_formal_ds_C0_DEFAULT_N4096_q8_rep2,3,4,3,sm_89,DS_PUSHSIG_SERIAL,NVSHMEM,C0_DEFAULT,2048,4096,2048,8,2,2097152,70,0,2406.944,2410.816,3397.696,986.880,PASS,0
PHASEB_formal_ds_C0_DEFAULT_N4096_q8_rep2,3,4,3,sm_89,DS_PUSHSIG_SERIAL,NVSHMEM,C0_DEFAULT,2048,4096,2048,8,3,2097152,70,0,3510.912,3514.272,4498.112,983.840,PASS,0
PHASEB_formal_ds_C0_DEFAULT_N4096_q8_rep2,3,4,3,sm_89,DS_PUSHSIG_SERIAL,NVSHMEM,C0_DEFAULT,2048,4096,2048,8,4,2097152,70,0,4593.120,4596.416,5580.384,983.968,PASS,0
PHASEB_formal_ds_C0_DEFAULT_N4096_q8_rep2,3,4,3,sm_89,DS_PUSHSIG_SERIAL,NVSHMEM,C0_DEFAULT,2048,4096,2048,8,5,2097152,70,0,5695.040,5698.400,6684.384,985.984,PASS,0
PHASEB_formal_ds_C0_DEFAULT_N4096_q8_rep2,3,4,3,sm_89,DS_PUSHSIG_SERIAL,NVSHMEM,C0_DEFAULT,2048,4096,2048,8,6,2097152,70,0,6807.264,6810.688,7794.080,983.392,PASS,0
PHASEB_formal_ds_C0_DEFAULT_N4096_q8_rep2,3,4,3,sm_89,DS_PUSHSIG_SERIAL,NVSHMEM,C0_DEFAULT,2048,4096,2048,8,7,2097152,70,0,7887.104,7892.288,8873.728,981.440,PASS,0
PHASEB_formal_ds_C0_DEFAULT_N4096_q8_rep2,3,4,3,sm_89,DS_PUSHSIG_SERIAL,NVSHMEM,C0_DEFAULT,2048,4096,2048,8,0,2097152,71,0,227.520,230.944,1214.912,983.968,PASS,0
PHASEB_formal_ds_C0_DEFAULT_N4096_q8_rep2,3,4,3,sm_89,DS_PUSHSIG_SERIAL,NVSHMEM,C0_DEFAULT,2048,4096,2048,8,1,2097152,71,0,1325.888,1329.312,2312.640,983.328,PASS,0
PHASEB_formal_ds_C0_DEFAULT_N4096_q8_rep2,3,4,3,sm_89,DS_PUSHSIG_SERIAL,NVSHMEM,C0_DEFAULT,2048,4096,2048,8,2,2097152,71,0,2425.088,2428.512,3411.904,983.392,PASS,0
PHASEB_formal_ds_C0_DEFAULT_N4096_q8_rep2,3,4,3,sm_89,DS_PUSHSIG_SERIAL,NVSHMEM,C0_DEFAULT,2048,4096,2048,8,3,2097152,71,0,3512.960,3516.992,4501.472,984.480,PASS,0
PHASEB_formal_ds_C0_DEFAULT_N4096_q8_rep2,3,4,3,sm_89,DS_PUSHSIG_SERIAL,NVSHMEM,C0_DEFAULT,2048,4096,2048,8,4,2097152,71,0,4621.120,4624.608,5608.608,984.000,PASS,0
PHASEB_formal_ds_C0_DEFAULT_N4096_q8_rep2,3,4,3,sm_89,DS_PUSHSIG_SERIAL,NVSHMEM,C0_DEFAULT,2048,4096,2048,8,5,2097152,71,0,5734.112,5737.472,6721.664,984.192,PASS,0
PHASEB_formal_ds_C0_DEFAULT_N4096_q8_rep2,3,4,3,sm_89,DS_PUSHSIG_SERIAL,NVSHMEM,C0_DEFAULT,2048,4096,2048,8,6,2097152,71,0,6800.800,6805.344,7792.128,986.784,PASS,0
PHASEB_formal_ds_C0_DEFAULT_N4096_q8_rep2,3,4,3,sm_89,DS_PUSHSIG_SERIAL,NVSHMEM,C0_DEFAULT,2048,4096,2048,8,7,2097152,71,0,7911.008,7914.624,8895.552,980.928,PASS,0
PHASEB_formal_ds_C0_DEFAULT_N4096_q8_rep2,3,4,3,sm_89,DS_PUSHSIG_SERIAL,NVSHMEM,C0_DEFAULT,2048,4096,2048,8,0,2097152,72,0,235.616,239.040,1223.872,984.832,PASS,0
PHASEB_formal_ds_C0_DEFAULT_N4096_q8_rep2,3,4,3,sm_89,DS_PUSHSIG_SERIAL,NVSHMEM,C0_DEFAULT,2048,4096,2048,8,1,2097152,72,0,1307.904,1312.288,2297.024,984.736,PASS,0
PHASEB_formal_ds_C0_DEFAULT_N4096_q8_rep2,3,4,3,sm_89,DS_PUSHSIG_SERIAL,NVSHMEM,C0_DEFAULT,2048,4096,2048,8,2,2097152,72,0,2423.104,2426.464,3410.432,983.968,PASS,0
PHASEB_formal_ds_C0_DEFAULT_N4096_q8_rep2,3,4,3,sm_89,DS_PUSHSIG_SERIAL,NVSHMEM,C0_DEFAULT,2048,4096,2048,8,3,2097152,72,0,3490.048,3495.936,4481.696,985.760,PASS,0
PHASEB_formal_ds_C0_DEFAULT_N4096_q8_rep2,3,4,3,sm_89,DS_PUSHSIG_SERIAL,NVSHMEM,C0_DEFAULT,2048,4096,2048,8,4,2097152,72,0,4596.576,4599.968,5582.720,982.752,PASS,0
PHASEB_formal_ds_C0_DEFAULT_N4096_q8_rep2,3,4,3,sm_89,DS_PUSHSIG_SERIAL,NVSHMEM,C0_DEFAULT,2048,4096,2048,8,5,2097152,72,0,5670.464,5673.856,6657.600,983.744,PASS,0
PHASEB_formal_ds_C0_DEFAULT_N4096_q8_rep2,3,4,3,sm_89,DS_PUSHSIG_SERIAL,NVSHMEM,C0_DEFAULT,2048,4096,2048,8,6,2097152,72,0,6774.720,6778.208,7761.760,983.552,PASS,0
PHASEB_formal_ds_C0_DEFAULT_N4096_q8_rep2,3,4,3,sm_89,DS_PUSHSIG_SERIAL,NVSHMEM,C0_DEFAULT,2048,4096,2048,8,7,2097152,72,0,7862.720,7867.232,8851.231,984.000,PASS,0
PHASEB_formal_ds_C0_DEFAULT_N4096_q8_rep2,3,4,3,sm_89,DS_PUSHSIG_SERIAL,NVSHMEM,C0_DEFAULT,2048,4096,2048,8,0,2097152,73,0,233.184,236.864,1219.584,982.720,PASS,0
PHASEB_formal_ds_C0_DEFAULT_N4096_q8_rep2,3,4,3,sm_89,DS_PUSHSIG_SERIAL,NVSHMEM,C0_DEFAULT,2048,4096,2048,8,1,2097152,73,0,1300.160,1306.208,2292.928,986.720,PASS,0
PHASEB_formal_ds_C0_DEFAULT_N4096_q8_rep2,3,4,3,sm_89,DS_PUSHSIG_SERIAL,NVSHMEM,C0_DEFAULT,2048,4096,2048,8,2,2097152,73,0,2410.016,2413.312,3396.160,982.848,PASS,0
PHASEB_formal_ds_C0_DEFAULT_N4096_q8_rep2,3,4,3,sm_89,DS_PUSHSIG_SERIAL,NVSHMEM,C0_DEFAULT,2048,4096,2048,8,3,2097152,73,0,3518.560,3521.984,4505.504,983.520,PASS,0
PHASEB_formal_ds_C0_DEFAULT_N4096_q8_rep2,3,4,3,sm_89,DS_PUSHSIG_SERIAL,NVSHMEM,C0_DEFAULT,2048,4096,2048,8,4,2097152,73,0,4619.584,4623.104,5608.544,985.440,PASS,0
PHASEB_formal_ds_C0_DEFAULT_N4096_q8_rep2,3,4,3,sm_89,DS_PUSHSIG_SERIAL,NVSHMEM,C0_DEFAULT,2048,4096,2048,8,5,2097152,73,0,5706.112,5709.600,6692.896,983.296,PASS,0
PHASEB_formal_ds_C0_DEFAULT_N4096_q8_rep2,3,4,3,sm_89,DS_PUSHSIG_SERIAL,NVSHMEM,C0_DEFAULT,2048,4096,2048,8,6,2097152,73,0,6811.520,6814.944,7798.560,983.616,PASS,0
PHASEB_formal_ds_C0_DEFAULT_N4096_q8_rep2,3,4,3,sm_89,DS_PUSHSIG_SERIAL,NVSHMEM,C0_DEFAULT,2048,4096,2048,8,7,2097152,73,0,7881.952,7885.312,8866.593,981.280,PASS,0
PHASEB_formal_ds_C0_DEFAULT_N4096_q8_rep2,3,4,3,sm_89,DS_PUSHSIG_SERIAL,NVSHMEM,C0_DEFAULT,2048,4096,2048,8,0,2097152,74,0,227.264,230.720,1214.304,983.584,PASS,0
PHASEB_formal_ds_C0_DEFAULT_N4096_q8_rep2,3,4,3,sm_89,DS_PUSHSIG_SERIAL,NVSHMEM,C0_DEFAULT,2048,4096,2048,8,1,2097152,74,0,1297.248,1303.040,2288.576,985.536,PASS,0
PHASEB_formal_ds_C0_DEFAULT_N4096_q8_rep2,3,4,3,sm_89,DS_PUSHSIG_SERIAL,NVSHMEM,C0_DEFAULT,2048,4096,2048,8,2,2097152,74,0,2400.512,2403.968,3387.328,983.360,PASS,0
PHASEB_formal_ds_C0_DEFAULT_N4096_q8_rep2,3,4,3,sm_89,DS_PUSHSIG_SERIAL,NVSHMEM,C0_DEFAULT,2048,4096,2048,8,3,2097152,74,0,3483.520,3486.880,4470.752,983.872,PASS,0
PHASEB_formal_ds_C0_DEFAULT_N4096_q8_rep2,3,4,3,sm_89,DS_PUSHSIG_SERIAL,NVSHMEM,C0_DEFAULT,2048,4096,2048,8,4,2097152,74,0,4563.488,4568.512,5550.944,982.432,PASS,0
PHASEB_formal_ds_C0_DEFAULT_N4096_q8_rep2,3,4,3,sm_89,DS_PUSHSIG_SERIAL,NVSHMEM,C0_DEFAULT,2048,4096,2048,8,5,2097152,74,0,5665.760,5669.312,6653.696,984.384,PASS,0
PHASEB_formal_ds_C0_DEFAULT_N4096_q8_rep2,3,4,3,sm_89,DS_PUSHSIG_SERIAL,NVSHMEM,C0_DEFAULT,2048,4096,2048,8,6,2097152,74,0,6747.520,6751.840,7734.944,983.104,PASS,0
PHASEB_formal_ds_C0_DEFAULT_N4096_q8_rep2,3,4,3,sm_89,DS_PUSHSIG_SERIAL,NVSHMEM,C0_DEFAULT,2048,4096,2048,8,7,2097152,74,0,7847.456,7853.120,8836.576,983.456,PASS,0
PHASEB_formal_ds_C0_DEFAULT_N4096_q8_rep2,3,4,3,sm_89,DS_PUSHSIG_SERIAL,NVSHMEM,C0_DEFAULT,2048,4096,2048,8,0,2097152,75,0,239.744,243.104,1227.264,984.160,PASS,0
PHASEB_formal_ds_C0_DEFAULT_N4096_q8_rep2,3,4,3,sm_89,DS_PUSHSIG_SERIAL,NVSHMEM,C0_DEFAULT,2048,4096,2048,8,1,2097152,75,0,1306.304,1309.984,2295.200,985.216,PASS,0
PHASEB_formal_ds_C0_DEFAULT_N4096_q8_rep2,3,4,3,sm_89,DS_PUSHSIG_SERIAL,NVSHMEM,C0_DEFAULT,2048,4096,2048,8,2,2097152,75,0,2412.160,2415.616,3400.608,984.992,PASS,0
PHASEB_formal_ds_C0_DEFAULT_N4096_q8_rep2,3,4,3,sm_89,DS_PUSHSIG_SERIAL,NVSHMEM,C0_DEFAULT,2048,4096,2048,8,3,2097152,75,0,3494.912,3499.712,4484.928,985.216,PASS,0
PHASEB_formal_ds_C0_DEFAULT_N4096_q8_rep2,3,4,3,sm_89,DS_PUSHSIG_SERIAL,NVSHMEM,C0_DEFAULT,2048,4096,2048,8,4,2097152,75,0,4603.168,4606.560,5591.392,984.832,PASS,0
PHASEB_formal_ds_C0_DEFAULT_N4096_q8_rep2,3,4,3,sm_89,DS_PUSHSIG_SERIAL,NVSHMEM,C0_DEFAULT,2048,4096,2048,8,5,2097152,75,0,5676.640,5680.032,6665.696,985.664,PASS,0
PHASEB_formal_ds_C0_DEFAULT_N4096_q8_rep2,3,4,3,sm_89,DS_PUSHSIG_SERIAL,NVSHMEM,C0_DEFAULT,2048,4096,2048,8,6,2097152,75,0,6782.464,6785.856,7769.952,984.096,PASS,0
PHASEB_formal_ds_C0_DEFAULT_N4096_q8_rep2,3,4,3,sm_89,DS_PUSHSIG_SERIAL,NVSHMEM,C0_DEFAULT,2048,4096,2048,8,7,2097152,75,0,7876.992,7880.352,8863.168,982.816,PASS,0
PHASEB_formal_ds_C0_DEFAULT_N4096_q8_rep2,3,4,3,sm_89,DS_PUSHSIG_SERIAL,NVSHMEM,C0_DEFAULT,2048,4096,2048,8,0,2097152,76,0,230.432,233.824,1216.096,982.272,PASS,0
PHASEB_formal_ds_C0_DEFAULT_N4096_q8_rep2,3,4,3,sm_89,DS_PUSHSIG_SERIAL,NVSHMEM,C0_DEFAULT,2048,4096,2048,8,1,2097152,76,0,1305.376,1310.368,2294.592,984.224,PASS,0
PHASEB_formal_ds_C0_DEFAULT_N4096_q8_rep2,3,4,3,sm_89,DS_PUSHSIG_SERIAL,NVSHMEM,C0_DEFAULT,2048,4096,2048,8,2,2097152,76,0,2402.112,2405.568,3389.280,983.712,PASS,0
PHASEB_formal_ds_C0_DEFAULT_N4096_q8_rep2,3,4,3,sm_89,DS_PUSHSIG_SERIAL,NVSHMEM,C0_DEFAULT,2048,4096,2048,8,3,2097152,76,0,3494.144,3497.568,4481.888,984.320,PASS,0
PHASEB_formal_ds_C0_DEFAULT_N4096_q8_rep2,3,4,3,sm_89,DS_PUSHSIG_SERIAL,NVSHMEM,C0_DEFAULT,2048,4096,2048,8,4,2097152,76,0,4579.104,4582.720,5567.104,984.384,PASS,0
PHASEB_formal_ds_C0_DEFAULT_N4096_q8_rep2,3,4,3,sm_89,DS_PUSHSIG_SERIAL,NVSHMEM,C0_DEFAULT,2048,4096,2048,8,5,2097152,76,0,5675.488,5679.072,6662.816,983.744,PASS,0
PHASEB_formal_ds_C0_DEFAULT_N4096_q8_rep2,3,4,3,sm_89,DS_PUSHSIG_SERIAL,NVSHMEM,C0_DEFAULT,2048,4096,2048,8,6,2097152,76,0,6773.760,6777.568,7759.456,981.888,PASS,0
PHASEB_formal_ds_C0_DEFAULT_N4096_q8_rep2,3,4,3,sm_89,DS_PUSHSIG_SERIAL,NVSHMEM,C0_DEFAULT,2048,4096,2048,8,7,2097152,76,0,7857.984,7862.304,8846.176,983.872,PASS,0
PHASEB_formal_ds_C0_DEFAULT_N4096_q8_rep2,3,4,3,sm_89,DS_PUSHSIG_SERIAL,NVSHMEM,C0_DEFAULT,2048,4096,2048,8,0,2097152,77,0,225.568,228.928,1212.224,983.296,PASS,0
PHASEB_formal_ds_C0_DEFAULT_N4096_q8_rep2,3,4,3,sm_89,DS_PUSHSIG_SERIAL,NVSHMEM,C0_DEFAULT,2048,4096,2048,8,1,2097152,77,0,1323.328,1326.688,2311.680,984.992,PASS,0
PHASEB_formal_ds_C0_DEFAULT_N4096_q8_rep2,3,4,3,sm_89,DS_PUSHSIG_SERIAL,NVSHMEM,C0_DEFAULT,2048,4096,2048,8,2,2097152,77,0,2403.712,2407.040,3389.760,982.720,PASS,0
PHASEB_formal_ds_C0_DEFAULT_N4096_q8_rep2,3,4,3,sm_89,DS_PUSHSIG_SERIAL,NVSHMEM,C0_DEFAULT,2048,4096,2048,8,3,2097152,77,0,3524.608,3528.160,4513.344,985.184,PASS,0
PHASEB_formal_ds_C0_DEFAULT_N4096_q8_rep2,3,4,3,sm_89,DS_PUSHSIG_SERIAL,NVSHMEM,C0_DEFAULT,2048,4096,2048,8,4,2097152,77,0,4591.136,4594.496,5582.048,987.552,PASS,0
PHASEB_formal_ds_C0_DEFAULT_N4096_q8_rep2,3,4,3,sm_89,DS_PUSHSIG_SERIAL,NVSHMEM,C0_DEFAULT,2048,4096,2048,8,5,2097152,77,0,5706.112,5709.536,6693.952,984.416,PASS,0
PHASEB_formal_ds_C0_DEFAULT_N4096_q8_rep2,3,4,3,sm_89,DS_PUSHSIG_SERIAL,NVSHMEM,C0_DEFAULT,2048,4096,2048,8,6,2097152,77,0,6776.032,6780.256,7766.848,986.592,PASS,0
PHASEB_formal_ds_C0_DEFAULT_N4096_q8_rep2,3,4,3,sm_89,DS_PUSHSIG_SERIAL,NVSHMEM,C0_DEFAULT,2048,4096,2048,8,7,2097152,77,0,7887.712,7891.328,8872.352,981.024,PASS,0
PHASEB_formal_ds_C0_DEFAULT_N4096_q8_rep2,3,4,3,sm_89,DS_PUSHSIG_SERIAL,NVSHMEM,C0_DEFAULT,2048,4096,2048,8,0,2097152,78,0,235.008,238.368,1222.304,983.936,PASS,0
PHASEB_formal_ds_C0_DEFAULT_N4096_q8_rep2,3,4,3,sm_89,DS_PUSHSIG_SERIAL,NVSHMEM,C0_DEFAULT,2048,4096,2048,8,1,2097152,78,0,1299.968,1303.296,2289.600,986.304,PASS,0
PHASEB_formal_ds_C0_DEFAULT_N4096_q8_rep2,3,4,3,sm_89,DS_PUSHSIG_SERIAL,NVSHMEM,C0_DEFAULT,2048,4096,2048,8,2,2097152,78,0,2410.272,2413.664,3398.848,985.184,PASS,0
PHASEB_formal_ds_C0_DEFAULT_N4096_q8_rep2,3,4,3,sm_89,DS_PUSHSIG_SERIAL,NVSHMEM,C0_DEFAULT,2048,4096,2048,8,3,2097152,78,0,3501.408,3504.992,4488.576,983.584,PASS,0
PHASEB_formal_ds_C0_DEFAULT_N4096_q8_rep2,3,4,3,sm_89,DS_PUSHSIG_SERIAL,NVSHMEM,C0_DEFAULT,2048,4096,2048,8,4,2097152,78,0,4588.224,4591.776,5576.992,985.216,PASS,0
PHASEB_formal_ds_C0_DEFAULT_N4096_q8_rep2,3,4,3,sm_89,DS_PUSHSIG_SERIAL,NVSHMEM,C0_DEFAULT,2048,4096,2048,8,5,2097152,78,0,5696.672,5700.096,6684.832,984.736,PASS,0
PHASEB_formal_ds_C0_DEFAULT_N4096_q8_rep2,3,4,3,sm_89,DS_PUSHSIG_SERIAL,NVSHMEM,C0_DEFAULT,2048,4096,2048,8,6,2097152,78,0,6811.872,6815.264,7797.088,981.824,PASS,0
PHASEB_formal_ds_C0_DEFAULT_N4096_q8_rep2,3,4,3,sm_89,DS_PUSHSIG_SERIAL,NVSHMEM,C0_DEFAULT,2048,4096,2048,8,7,2097152,78,0,7876.096,7879.488,8860.512,981.024,PASS,0
PHASEB_formal_ds_C0_DEFAULT_N4096_q8_rep2,3,4,3,sm_89,DS_PUSHSIG_SERIAL,NVSHMEM,C0_DEFAULT,2048,4096,2048,8,0,2097152,79,0,223.168,226.560,1209.760,983.200,PASS,0
PHASEB_formal_ds_C0_DEFAULT_N4096_q8_rep2,3,4,3,sm_89,DS_PUSHSIG_SERIAL,NVSHMEM,C0_DEFAULT,2048,4096,2048,8,1,2097152,79,0,1337.408,1340.800,2325.280,984.480,PASS,0
PHASEB_formal_ds_C0_DEFAULT_N4096_q8_rep2,3,4,3,sm_89,DS_PUSHSIG_SERIAL,NVSHMEM,C0_DEFAULT,2048,4096,2048,8,2,2097152,79,0,2404.832,2408.384,3392.768,984.384,PASS,0
PHASEB_formal_ds_C0_DEFAULT_N4096_q8_rep2,3,4,3,sm_89,DS_PUSHSIG_SERIAL,NVSHMEM,C0_DEFAULT,2048,4096,2048,8,3,2097152,79,0,3517.248,3520.640,4504.320,983.680,PASS,0
PHASEB_formal_ds_C0_DEFAULT_N4096_q8_rep2,3,4,3,sm_89,DS_PUSHSIG_SERIAL,NVSHMEM,C0_DEFAULT,2048,4096,2048,8,4,2097152,79,0,4588.384,4593.696,5578.016,984.320,PASS,0
PHASEB_formal_ds_C0_DEFAULT_N4096_q8_rep2,3,4,3,sm_89,DS_PUSHSIG_SERIAL,NVSHMEM,C0_DEFAULT,2048,4096,2048,8,5,2097152,79,0,5700.736,5704.096,6687.520,983.424,PASS,0
PHASEB_formal_ds_C0_DEFAULT_N4096_q8_rep2,3,4,3,sm_89,DS_PUSHSIG_SERIAL,NVSHMEM,C0_DEFAULT,2048,4096,2048,8,6,2097152,79,0,6798.976,6802.432,7784.640,982.208,PASS,0
PHASEB_formal_ds_C0_DEFAULT_N4096_q8_rep2,3,4,3,sm_89,DS_PUSHSIG_SERIAL,NVSHMEM,C0_DEFAULT,2048,4096,2048,8,7,2097152,79,0,7880.032,7886.176,8868.832,982.656,PASS,0
