run_id,rank,rank_count,device,gfx_arch,path,family,candidate,M,N,K,q,slice_index,slice_bytes,iteration_index,t_issue_us,t_release_us,t_gemm_start_us,t_gemm_end_us,t_gemm_duration_us,correctness,status
PHASEB_formal_rs_C0_DEFAULT_N4096_q8_rep4,3,4,3,sm_89,RS_SLICE_SERIAL,NCCL,C0_DEFAULT,2048,4096,2048,8,0,2097152,0,0,166.464,173.600,1157.280,983.680,PASS,0
PHASEB_formal_rs_C0_DEFAULT_N4096_q8_rep4,3,4,3,sm_89,RS_SLICE_SERIAL,NCCL,C0_DEFAULT,2048,4096,2048,8,1,2097152,0,0,1260.640,1266.304,2250.304,984.000,PASS,0
PHASEB_formal_rs_C0_DEFAULT_N4096_q8_rep4,3,4,3,sm_89,RS_SLICE_SERIAL,NCCL,C0_DEFAULT,2048,4096,2048,8,2,2097152,0,0,2353.664,2359.360,3343.520,984.160,PASS,0
PHASEB_formal_rs_C0_DEFAULT_N4096_q8_rep4,3,4,3,sm_89,RS_SLICE_SERIAL,NCCL,C0_DEFAULT,2048,4096,2048,8,3,2097152,0,0,3450.400,3456.128,4438.176,982.048,PASS,0
PHASEB_formal_rs_C0_DEFAULT_N4096_q8_rep4,3,4,3,sm_89,RS_SLICE_SERIAL,NCCL,C0_DEFAULT,2048,4096,2048,8,4,2097152,0,0,4547.648,4553.408,5536.416,983.008,PASS,0
PHASEB_formal_rs_C0_DEFAULT_N4096_q8_rep4,3,4,3,sm_89,RS_SLICE_SERIAL,NCCL,C0_DEFAULT,2048,4096,2048,8,5,2097152,0,0,5663.072,5668.448,6652.992,984.544,PASS,0
PHASEB_formal_rs_C0_DEFAULT_N4096_q8_rep4,3,4,3,sm_89,RS_SLICE_SERIAL,NCCL,C0_DEFAULT,2048,4096,2048,8,6,2097152,0,0,6758.656,6764.192,7748.992,984.800,PASS,0
PHASEB_formal_rs_C0_DEFAULT_N4096_q8_rep4,3,4,3,sm_89,RS_SLICE_SERIAL,NCCL,C0_DEFAULT,2048,4096,2048,8,7,2097152,0,0,7845.088,7852.480,8833.728,981.248,PASS,0
PHASEB_formal_rs_C0_DEFAULT_N4096_q8_rep4,3,4,3,sm_89,RS_SLICE_SERIAL,NCCL,C0_DEFAULT,2048,4096,2048,8,0,2097152,1,0,175.712,183.488,1165.792,982.304,PASS,0
PHASEB_formal_rs_C0_DEFAULT_N4096_q8_rep4,3,4,3,sm_89,RS_SLICE_SERIAL,NCCL,C0_DEFAULT,2048,4096,2048,8,1,2097152,1,0,1266.176,1272.160,2256.416,984.256,PASS,0
PHASEB_formal_rs_C0_DEFAULT_N4096_q8_rep4,3,4,3,sm_89,RS_SLICE_SERIAL,NCCL,C0_DEFAULT,2048,4096,2048,8,2,2097152,1,0,2360.384,2365.856,3349.728,983.872,PASS,0
PHASEB_formal_rs_C0_DEFAULT_N4096_q8_rep4,3,4,3,sm_89,RS_SLICE_SERIAL,NCCL,C0_DEFAULT,2048,4096,2048,8,3,2097152,1,0,3455.008,3460.544,4444.064,983.520,PASS,0
PHASEB_formal_rs_C0_DEFAULT_N4096_q8_rep4,3,4,3,sm_89,RS_SLICE_SERIAL,NCCL,C0_DEFAULT,2048,4096,2048,8,4,2097152,1,0,4554.112,4559.552,5542.912,983.360,PASS,0
PHASEB_formal_rs_C0_DEFAULT_N4096_q8_rep4,3,4,3,sm_89,RS_SLICE_SERIAL,NCCL,C0_DEFAULT,2048,4096,2048,8,5,2097152,1,0,5665.120,5671.552,6656.224,984.672,PASS,0
PHASEB_formal_rs_C0_DEFAULT_N4096_q8_rep4,3,4,3,sm_89,RS_SLICE_SERIAL,NCCL,C0_DEFAULT,2048,4096,2048,8,6,2097152,1,0,6760.128,6765.696,7748.800,983.104,PASS,0
PHASEB_formal_rs_C0_DEFAULT_N4096_q8_rep4,3,4,3,sm_89,RS_SLICE_SERIAL,NCCL,C0_DEFAULT,2048,4096,2048,8,7,2097152,1,0,7845.760,7852.544,8834.816,982.272,PASS,0
PHASEB_formal_rs_C0_DEFAULT_N4096_q8_rep4,3,4,3,sm_89,RS_SLICE_SERIAL,NCCL,C0_DEFAULT,2048,4096,2048,8,0,2097152,2,0,176.000,183.488,1166.848,983.360,PASS,0
PHASEB_formal_rs_C0_DEFAULT_N4096_q8_rep4,3,4,3,sm_89,RS_SLICE_SERIAL,NCCL,C0_DEFAULT,2048,4096,2048,8,1,2097152,2,0,1261.760,1267.392,2249.408,982.016,PASS,0
PHASEB_formal_rs_C0_DEFAULT_N4096_q8_rep4,3,4,3,sm_89,RS_SLICE_SERIAL,NCCL,C0_DEFAULT,2048,4096,2048,8,2,2097152,2,0,2364.000,2369.568,3353.696,984.128,PASS,0
PHASEB_formal_rs_C0_DEFAULT_N4096_q8_rep4,3,4,3,sm_89,RS_SLICE_SERIAL,NCCL,C0_DEFAULT,2048,4096,2048,8,3,2097152,2,0,3459.168,3465.664,4449.728,984.064,PASS,0
PHASEB_formal_rs_C0_DEFAULT_N4096_q8_rep4,3,4,3,sm_89,RS_SLICE_SERIAL,NCCL,C0_DEFAULT,2048,4096,2048,8,4,2097152,2,0,4550.784,4556.640,5539.072,982.432,PASS,0
PHASEB_formal_rs_C0_DEFAULT_N4096_q8_rep4,3,4,3,sm_89,RS_SLICE_SERIAL,NCCL,C0_DEFAULT,2048,4096,2048,8,5,2097152,2,0,5666.432,5671.808,6654.816,983.008,PASS,0
PHASEB_formal_rs_C0_DEFAULT_N4096_q8_rep4,3,4,3,sm_89,RS_SLICE_SERIAL,NCCL,C0_DEFAULT,2048,4096,2048,8,6,2097152,2,0,6757.504,6762.976,7746.336,983.360,PASS,0
PHASEB_formal_rs_C0_DEFAULT_N4096_q8_rep4,3,4,3,sm_89,RS_SLICE_SERIAL,NCCL,C0_DEFAULT,2048,4096,2048,8,7,2097152,2,0,7853.024,7859.968,8840.928,980.960,PASS,0
PHASEB_formal_rs_C0_DEFAULT_N4096_q8_rep4,3,4,3,sm_89,RS_SLICE_SERIAL,NCCL,C0_DEFAULT,2048,4096,2048,8,0,2097152,3,0,176.032,183.840,1168.704,984.864,PASS,0
PHASEB_formal_rs_C0_DEFAULT_N4096_q8_rep4,3,4,3,sm_89,RS_SLICE_SERIAL,NCCL,C0_DEFAULT,2048,4096,2048,8,1,2097152,3,0,1263.776,1270.304,2252.544,982.240,PASS,0
PHASEB_formal_rs_C0_DEFAULT_N4096_q8_rep4,3,4,3,sm_89,RS_SLICE_SERIAL,NCCL,C0_DEFAULT,2048,4096,2048,8,2,2097152,3,0,2360.928,2366.880,3351.424,984.544,PASS,0
PHASEB_formal_rs_C0_DEFAULT_N4096_q8_rep4,3,4,3,sm_89,RS_SLICE_SERIAL,NCCL,C0_DEFAULT,2048,4096,2048,8,3,2097152,3,0,3454.304,3459.712,4442.752,983.040,PASS,0
PHASEB_formal_rs_C0_DEFAULT_N4096_q8_rep4,3,4,3,sm_89,RS_SLICE_SERIAL,NCCL,C0_DEFAULT,2048,4096,2048,8,4,2097152,3,0,4547.296,4553.664,5536.864,983.200,PASS,0
PHASEB_formal_rs_C0_DEFAULT_N4096_q8_rep4,3,4,3,sm_89,RS_SLICE_SERIAL,NCCL,C0_DEFAULT,2048,4096,2048,8,5,2097152,3,0,5666.816,5673.120,6658.304,985.184,PASS,0
PHASEB_formal_rs_C0_DEFAULT_N4096_q8_rep4,3,4,3,sm_89,RS_SLICE_SERIAL,NCCL,C0_DEFAULT,2048,4096,2048,8,6,2097152,3,0,6764.000,6769.536,7752.800,983.264,PASS,0
PHASEB_formal_rs_C0_DEFAULT_N4096_q8_rep4,3,4,3,sm_89,RS_SLICE_SERIAL,NCCL,C0_DEFAULT,2048,4096,2048,8,7,2097152,3,0,7856.032,7863.040,8845.088,982.048,PASS,0
PHASEB_formal_rs_C0_DEFAULT_N4096_q8_rep4,3,4,3,sm_89,RS_SLICE_SERIAL,NCCL,C0_DEFAULT,2048,4096,2048,8,0,2097152,4,0,179.456,186.976,1171.200,984.224,PASS,0
PHASEB_formal_rs_C0_DEFAULT_N4096_q8_rep4,3,4,3,sm_89,RS_SLICE_SERIAL,NCCL,C0_DEFAULT,2048,4096,2048,8,1,2097152,4,0,1265.056,1271.040,2252.864,981.824,PASS,0
PHASEB_formal_rs_C0_DEFAULT_N4096_q8_rep4,3,4,3,sm_89,RS_SLICE_SERIAL,NCCL,C0_DEFAULT,2048,4096,2048,8,2,2097152,4,0,2359.104,2364.512,3349.056,984.544,PASS,0
PHASEB_formal_rs_C0_DEFAULT_N4096_q8_rep4,3,4,3,sm_89,RS_SLICE_SERIAL,NCCL,C0_DEFAULT,2048,4096,2048,8,3,2097152,4,0,3455.936,3462.784,4445.920,983.136,PASS,0
PHASEB_formal_rs_C0_DEFAULT_N4096_q8_rep4,3,4,3,sm_89,RS_SLICE_SERIAL,NCCL,C0_DEFAULT,2048,4096,2048,8,4,2097152,4,0,4554.848,4560.736,5541.728,980.992,PASS,0
PHASEB_formal_rs_C0_DEFAULT_N4096_q8_rep4,3,4,3,sm_89,RS_SLICE_SERIAL,NCCL,C0_DEFAULT,2048,4096,2048,8,5,2097152,4,0,5668.512,5673.920,6647.520,973.600,PASS,0
PHASEB_formal_rs_C0_DEFAULT_N4096_q8_rep4,3,4,3,sm_89,RS_SLICE_SERIAL,NCCL,C0_DEFAULT,2048,4096,2048,8,6,2097152,4,0,6755.648,6761.056,7735.424,974.368,PASS,0
PHASEB_formal_rs_C0_DEFAULT_N4096_q8_rep4,3,4,3,sm_89,RS_SLICE_SERIAL,NCCL,C0_DEFAULT,2048,4096,2048,8,7,2097152,4,0,7842.496,7849.344,8820.769,971.424,PASS,0
PHASEB_formal_rs_C0_DEFAULT_N4096_q8_rep4,3,4,3,sm_89,RS_SLICE_SERIAL,NCCL,C0_DEFAULT,2048,4096,2048,8,0,2097152,5,0,180.992,188.448,1162.016,973.568,PASS,0
PHASEB_formal_rs_C0_DEFAULT_N4096_q8_rep4,3,4,3,sm_89,RS_SLICE_SERIAL,NCCL,C0_DEFAULT,2048,4096,2048,8,1,2097152,5,0,1261.984,1268.192,2240.352,972.160,PASS,0
PHASEB_formal_rs_C0_DEFAULT_N4096_q8_rep4,3,4,3,sm_89,RS_SLICE_SERIAL,NCCL,C0_DEFAULT,2048,4096,2048,8,2,2097152,5,0,2361.664,2367.328,3340.192,972.864,PASS,0
PHASEB_formal_rs_C0_DEFAULT_N4096_q8_rep4,3,4,3,sm_89,RS_SLICE_SERIAL,NCCL,C0_DEFAULT,2048,4096,2048,8,3,2097152,5,0,3456.608,3462.144,4435.936,973.792,PASS,0
PHASEB_formal_rs_C0_DEFAULT_N4096_q8_rep4,3,4,3,sm_89,RS_SLICE_SERIAL,NCCL,C0_DEFAULT,2048,4096,2048,8,4,2097152,5,0,4550.400,4556.160,5529.120,972.960,PASS,0
PHASEB_formal_rs_C0_DEFAULT_N4096_q8_rep4,3,4,3,sm_89,RS_SLICE_SERIAL,NCCL,C0_DEFAULT,2048,4096,2048,8,5,2097152,5,0,5661.376,5667.776,6639.680,971.904,PASS,0
PHASEB_formal_rs_C0_DEFAULT_N4096_q8_rep4,3,4,3,sm_89,RS_SLICE_SERIAL,NCCL,C0_DEFAULT,2048,4096,2048,8,6,2097152,5,0,6751.840,6757.472,7731.200,973.728,PASS,0
PHASEB_formal_rs_C0_DEFAULT_N4096_q8_rep4,3,4,3,sm_89,RS_SLICE_SERIAL,NCCL,C0_DEFAULT,2048,4096,2048,8,7,2097152,5,0,7842.944,7849.760,8821.792,972.032,PASS,0
PHASEB_formal_rs_C0_DEFAULT_N4096_q8_rep4,3,4,3,sm_89,RS_SLICE_SERIAL,NCCL,C0_DEFAULT,2048,4096,2048,8,0,2097152,6,0,183.200,190.208,1162.848,972.640,PASS,0
PHASEB_formal_rs_C0_DEFAULT_N4096_q8_rep4,3,4,3,sm_89,RS_SLICE_SERIAL,NCCL,C0_DEFAULT,2048,4096,2048,8,1,2097152,6,0,1267.776,1273.120,2246.464,973.344,PASS,0
PHASEB_formal_rs_C0_DEFAULT_N4096_q8_rep4,3,4,3,sm_89,RS_SLICE_SERIAL,NCCL,C0_DEFAULT,2048,4096,2048,8,2,2097152,6,0,2368.192,2374.048,3349.984,975.936,PASS,0
PHASEB_formal_rs_C0_DEFAULT_N4096_q8_rep4,3,4,3,sm_89,RS_SLICE_SERIAL,NCCL,C0_DEFAULT,2048,4096,2048,8,3,2097152,6,0,3468.544,3474.592,4448.384,973.792,PASS,0
PHASEB_formal_rs_C0_DEFAULT_N4096_q8_rep4,3,4,3,sm_89,RS_SLICE_SERIAL,NCCL,C0_DEFAULT,2048,4096,2048,8,4,2097152,6,0,4561.504,4566.880,5539.904,973.024,PASS,0
PHASEB_formal_rs_C0_DEFAULT_N4096_q8_rep4,3,4,3,sm_89,RS_SLICE_SERIAL,NCCL,C0_DEFAULT,2048,4096,2048,8,5,2097152,6,0,5662.592,5668.224,6643.008,974.784,PASS,0
PHASEB_formal_rs_C0_DEFAULT_N4096_q8_rep4,3,4,3,sm_89,RS_SLICE_SERIAL,NCCL,C0_DEFAULT,2048,4096,2048,8,6,2097152,6,0,6755.872,6761.280,7734.464,973.184,PASS,0
PHASEB_formal_rs_C0_DEFAULT_N4096_q8_rep4,3,4,3,sm_89,RS_SLICE_SERIAL,NCCL,C0_DEFAULT,2048,4096,2048,8,7,2097152,6,0,7841.728,7848.512,8823.137,974.624,PASS,0
PHASEB_formal_rs_C0_DEFAULT_N4096_q8_rep4,3,4,3,sm_89,RS_SLICE_SERIAL,NCCL,C0_DEFAULT,2048,4096,2048,8,0,2097152,7,0,185.088,192.608,1178.304,985.696,PASS,0
PHASEB_formal_rs_C0_DEFAULT_N4096_q8_rep4,3,4,3,sm_89,RS_SLICE_SERIAL,NCCL,C0_DEFAULT,2048,4096,2048,8,1,2097152,7,0,1273.728,1279.808,2264.032,984.224,PASS,0
PHASEB_formal_rs_C0_DEFAULT_N4096_q8_rep4,3,4,3,sm_89,RS_SLICE_SERIAL,NCCL,C0_DEFAULT,2048,4096,2048,8,2,2097152,7,0,2369.120,2374.880,3358.272,983.392,PASS,0
PHASEB_formal_rs_C0_DEFAULT_N4096_q8_rep4,3,4,3,sm_89,RS_SLICE_SERIAL,NCCL,C0_DEFAULT,2048,4096,2048,8,3,2097152,7,0,3462.752,3468.672,4451.680,983.008,PASS,0
PHASEB_formal_rs_C0_DEFAULT_N4096_q8_rep4,3,4,3,sm_89,RS_SLICE_SERIAL,NCCL,C0_DEFAULT,2048,4096,2048,8,4,2097152,7,0,4564.672,4570.176,5553.056,982.880,PASS,0
PHASEB_formal_rs_C0_DEFAULT_N4096_q8_rep4,3,4,3,sm_89,RS_SLICE_SERIAL,NCCL,C0_DEFAULT,2048,4096,2048,8,5,2097152,7,0,5666.112,5671.552,6655.584,984.032,PASS,0
PHASEB_formal_rs_C0_DEFAULT_N4096_q8_rep4,3,4,3,sm_89,RS_SLICE_SERIAL,NCCL,C0_DEFAULT,2048,4096,2048,8,6,2097152,7,0,6759.456,6764.896,7748.544,983.648,PASS,0
PHASEB_formal_rs_C0_DEFAULT_N4096_q8_rep4,3,4,3,sm_89,RS_SLICE_SERIAL,NCCL,C0_DEFAULT,2048,4096,2048,8,7,2097152,7,0,7853.216,7860.000,8842.656,982.656,PASS,0
PHASEB_formal_rs_C0_DEFAULT_N4096_q8_rep4,3,4,3,sm_89,RS_SLICE_SERIAL,NCCL,C0_DEFAULT,2048,4096,2048,8,0,2097152,8,0,181.248,189.056,1172.448,983.392,PASS,0
PHASEB_formal_rs_C0_DEFAULT_N4096_q8_rep4,3,4,3,sm_89,RS_SLICE_SERIAL,NCCL,C0_DEFAULT,2048,4096,2048,8,1,2097152,8,0,1265.824,1271.872,2255.040,983.168,PASS,0
PHASEB_formal_rs_C0_DEFAULT_N4096_q8_rep4,3,4,3,sm_89,RS_SLICE_SERIAL,NCCL,C0_DEFAULT,2048,4096,2048,8,2,2097152,8,0,2367.360,2373.312,3357.216,983.904,PASS,0
PHASEB_formal_rs_C0_DEFAULT_N4096_q8_rep4,3,4,3,sm_89,RS_SLICE_SERIAL,NCCL,C0_DEFAULT,2048,4096,2048,8,3,2097152,8,0,3457.024,3462.976,4447.552,984.576,PASS,0
PHASEB_formal_rs_C0_DEFAULT_N4096_q8_rep4,3,4,3,sm_89,RS_SLICE_SERIAL,NCCL,C0_DEFAULT,2048,4096,2048,8,4,2097152,8,0,4549.856,4555.936,5539.136,983.200,PASS,0
PHASEB_formal_rs_C0_DEFAULT_N4096_q8_rep4,3,4,3,sm_89,RS_SLICE_SERIAL,NCCL,C0_DEFAULT,2048,4096,2048,8,5,2097152,8,0,5653.920,5659.872,6644.736,984.864,PASS,0
PHASEB_formal_rs_C0_DEFAULT_N4096_q8_rep4,3,4,3,sm_89,RS_SLICE_SERIAL,NCCL,C0_DEFAULT,2048,4096,2048,8,6,2097152,8,0,6751.072,6756.512,7740.640,984.128,PASS,0
PHASEB_formal_rs_C0_DEFAULT_N4096_q8_rep4,3,4,3,sm_89,RS_SLICE_SERIAL,NCCL,C0_DEFAULT,2048,4096,2048,8,7,2097152,8,0,7842.112,7848.960,8829.855,980.896,PASS,0
PHASEB_formal_rs_C0_DEFAULT_N4096_q8_rep4,3,4,3,sm_89,RS_SLICE_SERIAL,NCCL,C0_DEFAULT,2048,4096,2048,8,0,2097152,9,0,180.096,187.648,1171.488,983.840,PASS,0
PHASEB_formal_rs_C0_DEFAULT_N4096_q8_rep4,3,4,3,sm_89,RS_SLICE_SERIAL,NCCL,C0_DEFAULT,2048,4096,2048,8,1,2097152,9,0,1266.816,1272.896,2255.936,983.040,PASS,0
PHASEB_formal_rs_C0_DEFAULT_N4096_q8_rep4,3,4,3,sm_89,RS_SLICE_SERIAL,NCCL,C0_DEFAULT,2048,4096,2048,8,2,2097152,9,0,2364.064,2370.144,3353.888,983.744,PASS,0
PHASEB_formal_rs_C0_DEFAULT_N4096_q8_rep4,3,4,3,sm_89,RS_SLICE_SERIAL,NCCL,C0_DEFAULT,2048,4096,2048,8,3,2097152,9,0,3458.784,3464.544,4447.840,983.296,PASS,0
PHASEB_formal_rs_C0_DEFAULT_N4096_q8_rep4,3,4,3,sm_89,RS_SLICE_SERIAL,NCCL,C0_DEFAULT,2048,4096,2048,8,4,2097152,9,0,4557.856,4563.424,5545.984,982.560,PASS,0
PHASEB_formal_rs_C0_DEFAULT_N4096_q8_rep4,3,4,3,sm_89,RS_SLICE_SERIAL,NCCL,C0_DEFAULT,2048,4096,2048,8,5,2097152,9,0,5664.032,5670.080,6652.704,982.624,PASS,0
PHASEB_formal_rs_C0_DEFAULT_N4096_q8_rep4,3,4,3,sm_89,RS_SLICE_SERIAL,NCCL,C0_DEFAULT,2048,4096,2048,8,6,2097152,9,0,6757.184,6762.624,7746.496,983.872,PASS,0
PHASEB_formal_rs_C0_DEFAULT_N4096_q8_rep4,3,4,3,sm_89,RS_SLICE_SERIAL,NCCL,C0_DEFAULT,2048,4096,2048,8,7,2097152,9,0,7848.992,7856.000,8838.112,982.112,PASS,0
PHASEB_formal_rs_C0_DEFAULT_N4096_q8_rep4,3,4,3,sm_89,RS_SLICE_SERIAL,NCCL,C0_DEFAULT,2048,4096,2048,8,0,2097152,10,0,179.872,187.072,1170.176,983.104,PASS,0
PHASEB_formal_rs_C0_DEFAULT_N4096_q8_rep4,3,4,3,sm_89,RS_SLICE_SERIAL,NCCL,C0_DEFAULT,2048,4096,2048,8,1,2097152,10,0,1265.920,1271.584,2255.936,984.352,PASS,0
PHASEB_formal_rs_C0_DEFAULT_N4096_q8_rep4,3,4,3,sm_89,RS_SLICE_SERIAL,NCCL,C0_DEFAULT,2048,4096,2048,8,2,2097152,10,0,2370.624,2376.320,3363.232,986.912,PASS,0
PHASEB_formal_rs_C0_DEFAULT_N4096_q8_rep4,3,4,3,sm_89,RS_SLICE_SERIAL,NCCL,C0_DEFAULT,2048,4096,2048,8,3,2097152,10,0,3472.800,3478.976,4463.584,984.608,PASS,0
PHASEB_formal_rs_C0_DEFAULT_N4096_q8_rep4,3,4,3,sm_89,RS_SLICE_SERIAL,NCCL,C0_DEFAULT,2048,4096,2048,8,4,2097152,10,0,4568.640,4574.144,5555.872,981.728,PASS,0
PHASEB_formal_rs_C0_DEFAULT_N4096_q8_rep4,3,4,3,sm_89,RS_SLICE_SERIAL,NCCL,C0_DEFAULT,2048,4096,2048,8,5,2097152,10,0,5678.528,5684.256,6668.192,983.936,PASS,0
PHASEB_formal_rs_C0_DEFAULT_N4096_q8_rep4,3,4,3,sm_89,RS_SLICE_SERIAL,NCCL,C0_DEFAULT,2048,4096,2048,8,6,2097152,10,0,6770.016,6775.392,7760.448,985.056,PASS,0
PHASEB_formal_rs_C0_DEFAULT_N4096_q8_rep4,3,4,3,sm_89,RS_SLICE_SERIAL,NCCL,C0_DEFAULT,2048,4096,2048,8,7,2097152,10,0,7863.584,7870.400,8852.000,981.600,PASS,0
PHASEB_formal_rs_C0_DEFAULT_N4096_q8_rep4,3,4,3,sm_89,RS_SLICE_SERIAL,NCCL,C0_DEFAULT,2048,4096,2048,8,0,2097152,11,0,184.768,192.896,1176.960,984.064,PASS,0
PHASEB_formal_rs_C0_DEFAULT_N4096_q8_rep4,3,4,3,sm_89,RS_SLICE_SERIAL,NCCL,C0_DEFAULT,2048,4096,2048,8,1,2097152,11,0,1271.424,1277.600,2260.128,982.528,PASS,0
PHASEB_formal_rs_C0_DEFAULT_N4096_q8_rep4,3,4,3,sm_89,RS_SLICE_SERIAL,NCCL,C0_DEFAULT,2048,4096,2048,8,2,2097152,11,0,2373.536,2379.040,3363.168,984.128,PASS,0
PHASEB_formal_rs_C0_DEFAULT_N4096_q8_rep4,3,4,3,sm_89,RS_SLICE_SERIAL,NCCL,C0_DEFAULT,2048,4096,2048,8,3,2097152,11,0,3464.512,3470.112,4454.336,984.224,PASS,0
PHASEB_formal_rs_C0_DEFAULT_N4096_q8_rep4,3,4,3,sm_89,RS_SLICE_SERIAL,NCCL,C0_DEFAULT,2048,4096,2048,8,4,2097152,11,0,4559.072,4564.672,5549.152,984.480,PASS,0
PHASEB_formal_rs_C0_DEFAULT_N4096_q8_rep4,3,4,3,sm_89,RS_SLICE_SERIAL,NCCL,C0_DEFAULT,2048,4096,2048,8,5,2097152,11,0,5667.360,5673.120,6656.640,983.520,PASS,0
PHASEB_formal_rs_C0_DEFAULT_N4096_q8_rep4,3,4,3,sm_89,RS_SLICE_SERIAL,NCCL,C0_DEFAULT,2048,4096,2048,8,6,2097152,11,0,6770.176,6775.744,7759.296,983.552,PASS,0
PHASEB_formal_rs_C0_DEFAULT_N4096_q8_rep4,3,4,3,sm_89,RS_SLICE_SERIAL,NCCL,C0_DEFAULT,2048,4096,2048,8,7,2097152,11,0,7862.272,7869.056,8851.872,982.816,PASS,0
PHASEB_formal_rs_C0_DEFAULT_N4096_q8_rep4,3,4,3,sm_89,RS_SLICE_SERIAL,NCCL,C0_DEFAULT,2048,4096,2048,8,0,2097152,12,0,185.376,193.984,1176.512,982.528,PASS,0
PHASEB_formal_rs_C0_DEFAULT_N4096_q8_rep4,3,4,3,sm_89,RS_SLICE_SERIAL,NCCL,C0_DEFAULT,2048,4096,2048,8,1,2097152,12,0,1269.568,1275.200,2259.872,984.672,PASS,0
PHASEB_formal_rs_C0_DEFAULT_N4096_q8_rep4,3,4,3,sm_89,RS_SLICE_SERIAL,NCCL,C0_DEFAULT,2048,4096,2048,8,2,2097152,12,0,2372.288,2377.760,3363.360,985.600,PASS,0
PHASEB_formal_rs_C0_DEFAULT_N4096_q8_rep4,3,4,3,sm_89,RS_SLICE_SERIAL,NCCL,C0_DEFAULT,2048,4096,2048,8,3,2097152,12,0,3466.272,3471.840,4455.648,983.808,PASS,0
PHASEB_formal_rs_C0_DEFAULT_N4096_q8_rep4,3,4,3,sm_89,RS_SLICE_SERIAL,NCCL,C0_DEFAULT,2048,4096,2048,8,4,2097152,12,0,4558.656,4564.320,5547.648,983.328,PASS,0
PHASEB_formal_rs_C0_DEFAULT_N4096_q8_rep4,3,4,3,sm_89,RS_SLICE_SERIAL,NCCL,C0_DEFAULT,2048,4096,2048,8,5,2097152,12,0,5666.496,5672.608,6658.560,985.952,PASS,0
PHASEB_formal_rs_C0_DEFAULT_N4096_q8_rep4,3,4,3,sm_89,RS_SLICE_SERIAL,NCCL,C0_DEFAULT,2048,4096,2048,8,6,2097152,12,0,6770.400,6775.808,7759.840,984.032,PASS,0
PHASEB_formal_rs_C0_DEFAULT_N4096_q8_rep4,3,4,3,sm_89,RS_SLICE_SERIAL,NCCL,C0_DEFAULT,2048,4096,2048,8,7,2097152,12,0,7862.496,7869.568,8851.520,981.952,PASS,0
PHASEB_formal_rs_C0_DEFAULT_N4096_q8_rep4,3,4,3,sm_89,RS_SLICE_SERIAL,NCCL,C0_DEFAULT,2048,4096,2048,8,0,2097152,13,0,182.784,190.752,1175.968,985.216,PASS,0
PHASEB_formal_rs_C0_DEFAULT_N4096_q8_rep4,3,4,3,sm_89,RS_SLICE_SERIAL,NCCL,C0_DEFAULT,2048,4096,2048,8,1,2097152,13,0,1274.560,1280.128,2264.224,984.096,PASS,0
PHASEB_formal_rs_C0_DEFAULT_N4096_q8_rep4,3,4,3,sm_89,RS_SLICE_SERIAL,NCCL,C0_DEFAULT,2048,4096,2048,8,2,2097152,13,0,2374.464,2380.224,3363.648,983.424,PASS,0
PHASEB_formal_rs_C0_DEFAULT_N4096_q8_rep4,3,4,3,sm_89,RS_SLICE_SERIAL,NCCL,C0_DEFAULT,2048,4096,2048,8,3,2097152,13,0,3466.912,3472.448,4456.224,983.776,PASS,0
PHASEB_formal_rs_C0_DEFAULT_N4096_q8_rep4,3,4,3,sm_89,RS_SLICE_SERIAL,NCCL,C0_DEFAULT,2048,4096,2048,8,4,2097152,13,0,4560.704,4566.336,5551.552,985.216,PASS,0
PHASEB_formal_rs_C0_DEFAULT_N4096_q8_rep4,3,4,3,sm_89,RS_SLICE_SERIAL,NCCL,C0_DEFAULT,2048,4096,2048,8,5,2097152,13,0,5667.712,5673.856,6657.248,983.392,PASS,0
PHASEB_formal_rs_C0_DEFAULT_N4096_q8_rep4,3,4,3,sm_89,RS_SLICE_SERIAL,NCCL,C0_DEFAULT,2048,4096,2048,8,6,2097152,13,0,6773.312,6779.360,7761.792,982.432,PASS,0
PHASEB_formal_rs_C0_DEFAULT_N4096_q8_rep4,3,4,3,sm_89,RS_SLICE_SERIAL,NCCL,C0_DEFAULT,2048,4096,2048,8,7,2097152,13,0,7862.272,7869.376,8852.031,982.656,PASS,0
PHASEB_formal_rs_C0_DEFAULT_N4096_q8_rep4,3,4,3,sm_89,RS_SLICE_SERIAL,NCCL,C0_DEFAULT,2048,4096,2048,8,0,2097152,14,0,189.728,197.984,1181.760,983.776,PASS,0
PHASEB_formal_rs_C0_DEFAULT_N4096_q8_rep4,3,4,3,sm_89,RS_SLICE_SERIAL,NCCL,C0_DEFAULT,2048,4096,2048,8,1,2097152,14,0,1286.912,1292.800,2276.128,983.328,PASS,0
PHASEB_formal_rs_C0_DEFAULT_N4096_q8_rep4,3,4,3,sm_89,RS_SLICE_SERIAL,NCCL,C0_DEFAULT,2048,4096,2048,8,2,2097152,14,0,2379.904,2385.344,3370.688,985.344,PASS,0
PHASEB_formal_rs_C0_DEFAULT_N4096_q8_rep4,3,4,3,sm_89,RS_SLICE_SERIAL,NCCL,C0_DEFAULT,2048,4096,2048,8,3,2097152,14,0,3475.520,3482.432,4466.848,984.416,PASS,0
PHASEB_formal_rs_C0_DEFAULT_N4096_q8_rep4,3,4,3,sm_89,RS_SLICE_SERIAL,NCCL,C0_DEFAULT,2048,4096,2048,8,4,2097152,14,0,4575.392,4581.088,5565.088,984.000,PASS,0
PHASEB_formal_rs_C0_DEFAULT_N4096_q8_rep4,3,4,3,sm_89,RS_SLICE_SERIAL,NCCL,C0_DEFAULT,2048,4096,2048,8,5,2097152,14,0,5677.440,5682.816,6666.688,983.872,PASS,0
PHASEB_formal_rs_C0_DEFAULT_N4096_q8_rep4,3,4,3,sm_89,RS_SLICE_SERIAL,NCCL,C0_DEFAULT,2048,4096,2048,8,6,2097152,14,0,6778.400,6783.808,7768.992,985.184,PASS,0
PHASEB_formal_rs_C0_DEFAULT_N4096_q8_rep4,3,4,3,sm_89,RS_SLICE_SERIAL,NCCL,C0_DEFAULT,2048,4096,2048,8,7,2097152,14,0,7869.440,7876.256,8857.376,981.120,PASS,0
PHASEB_formal_rs_C0_DEFAULT_N4096_q8_rep4,3,4,3,sm_89,RS_SLICE_SERIAL,NCCL,C0_DEFAULT,2048,4096,2048,8,0,2097152,15,0,185.440,192.864,1176.736,983.872,PASS,0
PHASEB_formal_rs_C0_DEFAULT_N4096_q8_rep4,3,4,3,sm_89,RS_SLICE_SERIAL,NCCL,C0_DEFAULT,2048,4096,2048,8,1,2097152,15,0,1278.112,1284.448,2268.320,983.872,PASS,0
PHASEB_formal_rs_C0_DEFAULT_N4096_q8_rep4,3,4,3,sm_89,RS_SLICE_SERIAL,NCCL,C0_DEFAULT,2048,4096,2048,8,2,2097152,15,0,2378.752,2384.384,3368.704,984.320,PASS,0
PHASEB_formal_rs_C0_DEFAULT_N4096_q8_rep4,3,4,3,sm_89,RS_SLICE_SERIAL,NCCL,C0_DEFAULT,2048,4096,2048,8,3,2097152,15,0,3473.344,3479.360,4462.592,983.232,PASS,0
PHASEB_formal_rs_C0_DEFAULT_N4096_q8_rep4,3,4,3,sm_89,RS_SLICE_SERIAL,NCCL,C0_DEFAULT,2048,4096,2048,8,4,2097152,15,0,4574.400,4579.872,5562.400,982.528,PASS,0
PHASEB_formal_rs_C0_DEFAULT_N4096_q8_rep4,3,4,3,sm_89,RS_SLICE_SERIAL,NCCL,C0_DEFAULT,2048,4096,2048,8,5,2097152,15,0,5680.544,5686.272,6669.856,983.584,PASS,0
PHASEB_formal_rs_C0_DEFAULT_N4096_q8_rep4,3,4,3,sm_89,RS_SLICE_SERIAL,NCCL,C0_DEFAULT,2048,4096,2048,8,6,2097152,15,0,6783.808,6789.408,7773.280,983.872,PASS,0
PHASEB_formal_rs_C0_DEFAULT_N4096_q8_rep4,3,4,3,sm_89,RS_SLICE_SERIAL,NCCL,C0_DEFAULT,2048,4096,2048,8,7,2097152,15,0,7868.960,7876.032,8858.784,982.752,PASS,0
PHASEB_formal_rs_C0_DEFAULT_N4096_q8_rep4,3,4,3,sm_89,RS_SLICE_SERIAL,NCCL,C0_DEFAULT,2048,4096,2048,8,0,2097152,16,0,182.848,190.432,1174.656,984.224,PASS,0
PHASEB_formal_rs_C0_DEFAULT_N4096_q8_rep4,3,4,3,sm_89,RS_SLICE_SERIAL,NCCL,C0_DEFAULT,2048,4096,2048,8,1,2097152,16,0,1275.744,1281.216,2265.184,983.968,PASS,0
PHASEB_formal_rs_C0_DEFAULT_N4096_q8_rep4,3,4,3,sm_89,RS_SLICE_SERIAL,NCCL,C0_DEFAULT,2048,4096,2048,8,2,2097152,16,0,2366.112,2372.384,3358.272,985.888,PASS,0
PHASEB_formal_rs_C0_DEFAULT_N4096_q8_rep4,3,4,3,sm_89,RS_SLICE_SERIAL,NCCL,C0_DEFAULT,2048,4096,2048,8,3,2097152,16,0,3460.320,3465.664,4449.600,983.936,PASS,0
PHASEB_formal_rs_C0_DEFAULT_N4096_q8_rep4,3,4,3,sm_89,RS_SLICE_SERIAL,NCCL,C0_DEFAULT,2048,4096,2048,8,4,2097152,16,0,4554.880,4561.056,5544.128,983.072,PASS,0
PHASEB_formal_rs_C0_DEFAULT_N4096_q8_rep4,3,4,3,sm_89,RS_SLICE_SERIAL,NCCL,C0_DEFAULT,2048,4096,2048,8,5,2097152,16,0,5660.064,5665.440,6650.112,984.672,PASS,0
PHASEB_formal_rs_C0_DEFAULT_N4096_q8_rep4,3,4,3,sm_89,RS_SLICE_SERIAL,NCCL,C0_DEFAULT,2048,4096,2048,8,6,2097152,16,0,6763.744,6769.440,7754.720,985.280,PASS,0
PHASEB_formal_rs_C0_DEFAULT_N4096_q8_rep4,3,4,3,sm_89,RS_SLICE_SERIAL,NCCL,C0_DEFAULT,2048,4096,2048,8,7,2097152,16,0,7852.128,7858.944,8840.416,981.472,PASS,0
PHASEB_formal_rs_C0_DEFAULT_N4096_q8_rep4,3,4,3,sm_89,RS_SLICE_SERIAL,NCCL,C0_DEFAULT,2048,4096,2048,8,0,2097152,17,0,184.704,192.768,1175.360,982.592,PASS,0
PHASEB_formal_rs_C0_DEFAULT_N4096_q8_rep4,3,4,3,sm_89,RS_SLICE_SERIAL,NCCL,C0_DEFAULT,2048,4096,2048,8,1,2097152,17,0,1276.992,1282.656,2265.600,982.944,PASS,0
PHASEB_formal_rs_C0_DEFAULT_N4096_q8_rep4,3,4,3,sm_89,RS_SLICE_SERIAL,NCCL,C0_DEFAULT,2048,4096,2048,8,2,2097152,17,0,2370.400,2375.936,3360.608,984.672,PASS,0
PHASEB_formal_rs_C0_DEFAULT_N4096_q8_rep4,3,4,3,sm_89,RS_SLICE_SERIAL,NCCL,C0_DEFAULT,2048,4096,2048,8,3,2097152,17,0,3460.352,3466.176,4449.152,982.976,PASS,0
PHASEB_formal_rs_C0_DEFAULT_N4096_q8_rep4,3,4,3,sm_89,RS_SLICE_SERIAL,NCCL,C0_DEFAULT,2048,4096,2048,8,4,2097152,17,0,4556.064,4561.408,5545.856,984.448,PASS,0
PHASEB_formal_rs_C0_DEFAULT_N4096_q8_rep4,3,4,3,sm_89,RS_SLICE_SERIAL,NCCL,C0_DEFAULT,2048,4096,2048,8,5,2097152,17,0,5662.368,5668.512,6652.128,983.616,PASS,0
PHASEB_formal_rs_C0_DEFAULT_N4096_q8_rep4,3,4,3,sm_89,RS_SLICE_SERIAL,NCCL,C0_DEFAULT,2048,4096,2048,8,6,2097152,17,0,6764.640,6770.080,7754.176,984.096,PASS,0
PHASEB_formal_rs_C0_DEFAULT_N4096_q8_rep4,3,4,3,sm_89,RS_SLICE_SERIAL,NCCL,C0_DEFAULT,2048,4096,2048,8,7,2097152,17,0,7853.472,7860.352,8843.136,982.784,PASS,0
PHASEB_formal_rs_C0_DEFAULT_N4096_q8_rep4,3,4,3,sm_89,RS_SLICE_SERIAL,NCCL,C0_DEFAULT,2048,4096,2048,8,0,2097152,18,0,183.424,190.560,1175.584,985.024,PASS,0
PHASEB_formal_rs_C0_DEFAULT_N4096_q8_rep4,3,4,3,sm_89,RS_SLICE_SERIAL,NCCL,C0_DEFAULT,2048,4096,2048,8,1,2097152,18,0,1278.144,1284.288,2267.392,983.104,PASS,0
PHASEB_formal_rs_C0_DEFAULT_N4096_q8_rep4,3,4,3,sm_89,RS_SLICE_SERIAL,NCCL,C0_DEFAULT,2048,4096,2048,8,2,2097152,18,0,2375.680,2381.696,3367.520,985.824,PASS,0
PHASEB_formal_rs_C0_DEFAULT_N4096_q8_rep4,3,4,3,sm_89,RS_SLICE_SERIAL,NCCL,C0_DEFAULT,2048,4096,2048,8,3,2097152,18,0,3470.560,3476.832,4460.608,983.776,PASS,0
PHASEB_formal_rs_C0_DEFAULT_N4096_q8_rep4,3,4,3,sm_89,RS_SLICE_SERIAL,NCCL,C0_DEFAULT,2048,4096,2048,8,4,2097152,18,0,4570.048,4575.456,5557.536,982.080,PASS,0
PHASEB_formal_rs_C0_DEFAULT_N4096_q8_rep4,3,4,3,sm_89,RS_SLICE_SERIAL,NCCL,C0_DEFAULT,2048,4096,2048,8,5,2097152,18,0,5668.384,5674.016,6659.168,985.152,PASS,0
PHASEB_formal_rs_C0_DEFAULT_N4096_q8_rep4,3,4,3,sm_89,RS_SLICE_SERIAL,NCCL,C0_DEFAULT,2048,4096,2048,8,6,2097152,18,0,6763.264,6768.704,7751.424,982.720,PASS,0
PHASEB_formal_rs_C0_DEFAULT_N4096_q8_rep4,3,4,3,sm_89,RS_SLICE_SERIAL,NCCL,C0_DEFAULT,2048,4096,2048,8,7,2097152,18,0,7856.064,7862.848,8844.416,981.568,PASS,0
PHASEB_formal_rs_C0_DEFAULT_N4096_q8_rep4,3,4,3,sm_89,RS_SLICE_SERIAL,NCCL,C0_DEFAULT,2048,4096,2048,8,0,2097152,19,0,183.360,191.040,1176.256,985.216,PASS,0
PHASEB_formal_rs_C0_DEFAULT_N4096_q8_rep4,3,4,3,sm_89,RS_SLICE_SERIAL,NCCL,C0_DEFAULT,2048,4096,2048,8,1,2097152,19,0,1272.704,1278.912,2263.872,984.960,PASS,0
PHASEB_formal_rs_C0_DEFAULT_N4096_q8_rep4,3,4,3,sm_89,RS_SLICE_SERIAL,NCCL,C0_DEFAULT,2048,4096,2048,8,2,2097152,19,0,2375.200,2380.576,3365.152,984.576,PASS,0
PHASEB_formal_rs_C0_DEFAULT_N4096_q8_rep4,3,4,3,sm_89,RS_SLICE_SERIAL,NCCL,C0_DEFAULT,2048,4096,2048,8,3,2097152,19,0,3467.456,3472.928,4456.480,983.552,PASS,0
PHASEB_formal_rs_C0_DEFAULT_N4096_q8_rep4,3,4,3,sm_89,RS_SLICE_SERIAL,NCCL,C0_DEFAULT,2048,4096,2048,8,4,2097152,19,0,4568.800,4574.400,5556.352,981.952,PASS,0
PHASEB_formal_rs_C0_DEFAULT_N4096_q8_rep4,3,4,3,sm_89,RS_SLICE_SERIAL,NCCL,C0_DEFAULT,2048,4096,2048,8,5,2097152,19,0,5669.248,5675.488,6660.032,984.544,PASS,0
PHASEB_formal_rs_C0_DEFAULT_N4096_q8_rep4,3,4,3,sm_89,RS_SLICE_SERIAL,NCCL,C0_DEFAULT,2048,4096,2048,8,6,2097152,19,0,6762.912,6768.352,7751.296,982.944,PASS,0
PHASEB_formal_rs_C0_DEFAULT_N4096_q8_rep4,3,4,3,sm_89,RS_SLICE_SERIAL,NCCL,C0_DEFAULT,2048,4096,2048,8,7,2097152,19,0,7858.944,7865.984,8848.416,982.432,PASS,0
PHASEB_formal_rs_C0_DEFAULT_N4096_q8_rep4,3,4,3,sm_89,RS_SLICE_SERIAL,NCCL,C0_DEFAULT,2048,4096,2048,8,0,2097152,20,0,181.504,189.920,1173.792,983.872,PASS,0
PHASEB_formal_rs_C0_DEFAULT_N4096_q8_rep4,3,4,3,sm_89,RS_SLICE_SERIAL,NCCL,C0_DEFAULT,2048,4096,2048,8,1,2097152,20,0,1269.408,1275.584,2259.104,983.520,PASS,0
PHASEB_formal_rs_C0_DEFAULT_N4096_q8_rep4,3,4,3,sm_89,RS_SLICE_SERIAL,NCCL,C0_DEFAULT,2048,4096,2048,8,2,2097152,20,0,2369.088,2374.496,3359.104,984.608,PASS,0
PHASEB_formal_rs_C0_DEFAULT_N4096_q8_rep4,3,4,3,sm_89,RS_SLICE_SERIAL,NCCL,C0_DEFAULT,2048,4096,2048,8,3,2097152,20,0,3458.400,3464.800,4447.680,982.880,PASS,0
PHASEB_formal_rs_C0_DEFAULT_N4096_q8_rep4,3,4,3,sm_89,RS_SLICE_SERIAL,NCCL,C0_DEFAULT,2048,4096,2048,8,4,2097152,20,0,4557.856,4563.392,5546.784,983.392,PASS,0
PHASEB_formal_rs_C0_DEFAULT_N4096_q8_rep4,3,4,3,sm_89,RS_SLICE_SERIAL,NCCL,C0_DEFAULT,2048,4096,2048,8,5,2097152,20,0,5661.856,5667.712,6651.552,983.840,PASS,0
PHASEB_formal_rs_C0_DEFAULT_N4096_q8_rep4,3,4,3,sm_89,RS_SLICE_SERIAL,NCCL,C0_DEFAULT,2048,4096,2048,8,6,2097152,20,0,6759.200,6764.736,7748.992,984.256,PASS,0
PHASEB_formal_rs_C0_DEFAULT_N4096_q8_rep4,3,4,3,sm_89,RS_SLICE_SERIAL,NCCL,C0_DEFAULT,2048,4096,2048,8,7,2097152,20,0,7854.208,7861.024,8843.136,982.112,PASS,0
PHASEB_formal_rs_C0_DEFAULT_N4096_q8_rep4,3,4,3,sm_89,RS_SLICE_SERIAL,NCCL,C0_DEFAULT,2048,4096,2048,8,0,2097152,21,0,181.856,189.312,1172.608,983.296,PASS,0
PHASEB_formal_rs_C0_DEFAULT_N4096_q8_rep4,3,4,3,sm_89,RS_SLICE_SERIAL,NCCL,C0_DEFAULT,2048,4096,2048,8,1,2097152,21,0,1270.912,1277.120,2260.672,983.552,PASS,0
PHASEB_formal_rs_C0_DEFAULT_N4096_q8_rep4,3,4,3,sm_89,RS_SLICE_SERIAL,NCCL,C0_DEFAULT,2048,4096,2048,8,2,2097152,21,0,2370.752,2376.320,3360.160,983.840,PASS,0
PHASEB_formal_rs_C0_DEFAULT_N4096_q8_rep4,3,4,3,sm_89,RS_SLICE_SERIAL,NCCL,C0_DEFAULT,2048,4096,2048,8,3,2097152,21,0,3464.800,3470.784,4453.632,982.848,PASS,0
PHASEB_formal_rs_C0_DEFAULT_N4096_q8_rep4,3,4,3,sm_89,RS_SLICE_SERIAL,NCCL,C0_DEFAULT,2048,4096,2048,8,4,2097152,21,0,4561.472,4566.976,5551.296,984.320,PASS,0
PHASEB_formal_rs_C0_DEFAULT_N4096_q8_rep4,3,4,3,sm_89,RS_SLICE_SERIAL,NCCL,C0_DEFAULT,2048,4096,2048,8,5,2097152,21,0,5665.664,5671.968,6656.640,984.672,PASS,0
PHASEB_formal_rs_C0_DEFAULT_N4096_q8_rep4,3,4,3,sm_89,RS_SLICE_SERIAL,NCCL,C0_DEFAULT,2048,4096,2048,8,6,2097152,21,0,6762.464,6767.872,7750.272,982.400,PASS,0
PHASEB_formal_rs_C0_DEFAULT_N4096_q8_rep4,3,4,3,sm_89,RS_SLICE_SERIAL,NCCL,C0_DEFAULT,2048,4096,2048,8,7,2097152,21,0,7856.000,7862.880,8845.248,982.368,PASS,0
PHASEB_formal_rs_C0_DEFAULT_N4096_q8_rep4,3,4,3,sm_89,RS_SLICE_SERIAL,NCCL,C0_DEFAULT,2048,4096,2048,8,0,2097152,22,0,183.424,190.784,1174.720,983.936,PASS,0
PHASEB_formal_rs_C0_DEFAULT_N4096_q8_rep4,3,4,3,sm_89,RS_SLICE_SERIAL,NCCL,C0_DEFAULT,2048,4096,2048,8,1,2097152,22,0,1280.128,1286.240,2270.976,984.736,PASS,0
PHASEB_formal_rs_C0_DEFAULT_N4096_q8_rep4,3,4,3,sm_89,RS_SLICE_SERIAL,NCCL,C0_DEFAULT,2048,4096,2048,8,2,2097152,22,0,2385.024,2390.944,3374.688,983.744,PASS,0
PHASEB_formal_rs_C0_DEFAULT_N4096_q8_rep4,3,4,3,sm_89,RS_SLICE_SERIAL,NCCL,C0_DEFAULT,2048,4096,2048,8,3,2097152,22,0,3471.648,3477.728,4460.896,983.168,PASS,0
PHASEB_formal_rs_C0_DEFAULT_N4096_q8_rep4,3,4,3,sm_89,RS_SLICE_SERIAL,NCCL,C0_DEFAULT,2048,4096,2048,8,4,2097152,22,0,4566.144,4572.160,5555.584,983.424,PASS,0
PHASEB_formal_rs_C0_DEFAULT_N4096_q8_rep4,3,4,3,sm_89,RS_SLICE_SERIAL,NCCL,C0_DEFAULT,2048,4096,2048,8,5,2097152,22,0,5670.752,5676.544,6660.256,983.712,PASS,0
PHASEB_formal_rs_C0_DEFAULT_N4096_q8_rep4,3,4,3,sm_89,RS_SLICE_SERIAL,NCCL,C0_DEFAULT,2048,4096,2048,8,6,2097152,22,0,6764.800,6770.176,7754.144,983.968,PASS,0
PHASEB_formal_rs_C0_DEFAULT_N4096_q8_rep4,3,4,3,sm_89,RS_SLICE_SERIAL,NCCL,C0_DEFAULT,2048,4096,2048,8,7,2097152,22,0,7859.104,7866.048,8847.520,981.472,PASS,0
PHASEB_formal_rs_C0_DEFAULT_N4096_q8_rep4,3,4,3,sm_89,RS_SLICE_SERIAL,NCCL,C0_DEFAULT,2048,4096,2048,8,0,2097152,23,0,183.264,190.784,1175.456,984.672,PASS,0
PHASEB_formal_rs_C0_DEFAULT_N4096_q8_rep4,3,4,3,sm_89,RS_SLICE_SERIAL,NCCL,C0_DEFAULT,2048,4096,2048,8,1,2097152,23,0,1272.512,1279.008,2262.688,983.680,PASS,0
PHASEB_formal_rs_C0_DEFAULT_N4096_q8_rep4,3,4,3,sm_89,RS_SLICE_SERIAL,NCCL,C0_DEFAULT,2048,4096,2048,8,2,2097152,23,0,2372.128,2378.144,3363.680,985.536,PASS,0
PHASEB_formal_rs_C0_DEFAULT_N4096_q8_rep4,3,4,3,sm_89,RS_SLICE_SERIAL,NCCL,C0_DEFAULT,2048,4096,2048,8,3,2097152,23,0,3462.400,3467.712,4450.656,982.944,PASS,0
PHASEB_formal_rs_C0_DEFAULT_N4096_q8_rep4,3,4,3,sm_89,RS_SLICE_SERIAL,NCCL,C0_DEFAULT,2048,4096,2048,8,4,2097152,23,0,4552.512,4558.048,5541.760,983.712,PASS,0
PHASEB_formal_rs_C0_DEFAULT_N4096_q8_rep4,3,4,3,sm_89,RS_SLICE_SERIAL,NCCL,C0_DEFAULT,2048,4096,2048,8,5,2097152,23,0,5652.896,5658.464,6641.440,982.976,PASS,0
PHASEB_formal_rs_C0_DEFAULT_N4096_q8_rep4,3,4,3,sm_89,RS_SLICE_SERIAL,NCCL,C0_DEFAULT,2048,4096,2048,8,6,2097152,23,0,6750.208,6755.808,7738.464,982.656,PASS,0
PHASEB_formal_rs_C0_DEFAULT_N4096_q8_rep4,3,4,3,sm_89,RS_SLICE_SERIAL,NCCL,C0_DEFAULT,2048,4096,2048,8,7,2097152,23,0,7843.648,7850.464,8832.320,981.856,PASS,0
PHASEB_formal_rs_C0_DEFAULT_N4096_q8_rep4,3,4,3,sm_89,RS_SLICE_SERIAL,NCCL,C0_DEFAULT,2048,4096,2048,8,0,2097152,24,0,184.736,191.968,1175.040,983.072,PASS,0
PHASEB_formal_rs_C0_DEFAULT_N4096_q8_rep4,3,4,3,sm_89,RS_SLICE_SERIAL,NCCL,C0_DEFAULT,2048,4096,2048,8,1,2097152,24,0,1270.144,1275.648,2259.712,984.064,PASS,0
PHASEB_formal_rs_C0_DEFAULT_N4096_q8_rep4,3,4,3,sm_89,RS_SLICE_SERIAL,NCCL,C0_DEFAULT,2048,4096,2048,8,2,2097152,24,0,2366.112,2372.064,3357.216,985.152,PASS,0
PHASEB_formal_rs_C0_DEFAULT_N4096_q8_rep4,3,4,3,sm_89,RS_SLICE_SERIAL,NCCL,C0_DEFAULT,2048,4096,2048,8,3,2097152,24,0,3456.352,3462.080,4445.696,983.616,PASS,0
PHASEB_formal_rs_C0_DEFAULT_N4096_q8_rep4,3,4,3,sm_89,RS_SLICE_SERIAL,NCCL,C0_DEFAULT,2048,4096,2048,8,4,2097152,24,0,4551.136,4557.024,5540.704,983.680,PASS,0
PHASEB_formal_rs_C0_DEFAULT_N4096_q8_rep4,3,4,3,sm_89,RS_SLICE_SERIAL,NCCL,C0_DEFAULT,2048,4096,2048,8,5,2097152,24,0,5654.944,5660.512,6645.216,984.704,PASS,0
PHASEB_formal_rs_C0_DEFAULT_N4096_q8_rep4,3,4,3,sm_89,RS_SLICE_SERIAL,NCCL,C0_DEFAULT,2048,4096,2048,8,6,2097152,24,0,6753.920,6759.552,7746.176,986.624,PASS,0
PHASEB_formal_rs_C0_DEFAULT_N4096_q8_rep4,3,4,3,sm_89,RS_SLICE_SERIAL,NCCL,C0_DEFAULT,2048,4096,2048,8,7,2097152,24,0,7847.520,7854.464,8835.584,981.120,PASS,0
PHASEB_formal_rs_C0_DEFAULT_N4096_q8_rep4,3,4,3,sm_89,RS_SLICE_SERIAL,NCCL,C0_DEFAULT,2048,4096,2048,8,0,2097152,25,0,185.696,193.472,1177.728,984.256,PASS,0
PHASEB_formal_rs_C0_DEFAULT_N4096_q8_rep4,3,4,3,sm_89,RS_SLICE_SERIAL,NCCL,C0_DEFAULT,2048,4096,2048,8,1,2097152,25,0,1272.032,1278.144,2261.600,983.456,PASS,0
PHASEB_formal_rs_C0_DEFAULT_N4096_q8_rep4,3,4,3,sm_89,RS_SLICE_SERIAL,NCCL,C0_DEFAULT,2048,4096,2048,8,2,2097152,25,0,2368.864,2374.368,3359.008,984.640,PASS,0
PHASEB_formal_rs_C0_DEFAULT_N4096_q8_rep4,3,4,3,sm_89,RS_SLICE_SERIAL,NCCL,C0_DEFAULT,2048,4096,2048,8,3,2097152,25,0,3458.272,3463.840,4447.648,983.808,PASS,0
PHASEB_formal_rs_C0_DEFAULT_N4096_q8_rep4,3,4,3,sm_89,RS_SLICE_SERIAL,NCCL,C0_DEFAULT,2048,4096,2048,8,4,2097152,25,0,4554.368,4560.096,5543.456,983.360,PASS,0
PHASEB_formal_rs_C0_DEFAULT_N4096_q8_rep4,3,4,3,sm_89,RS_SLICE_SERIAL,NCCL,C0_DEFAULT,2048,4096,2048,8,5,2097152,25,0,5663.104,5669.280,6652.096,982.816,PASS,0
PHASEB_formal_rs_C0_DEFAULT_N4096_q8_rep4,3,4,3,sm_89,RS_SLICE_SERIAL,NCCL,C0_DEFAULT,2048,4096,2048,8,6,2097152,25,0,6763.840,6769.312,7751.648,982.336,PASS,0
PHASEB_formal_rs_C0_DEFAULT_N4096_q8_rep4,3,4,3,sm_89,RS_SLICE_SERIAL,NCCL,C0_DEFAULT,2048,4096,2048,8,7,2097152,25,0,7857.504,7864.320,8847.488,983.168,PASS,0
PHASEB_formal_rs_C0_DEFAULT_N4096_q8_rep4,3,4,3,sm_89,RS_SLICE_SERIAL,NCCL,C0_DEFAULT,2048,4096,2048,8,0,2097152,26,0,181.984,190.144,1173.600,983.456,PASS,0
PHASEB_formal_rs_C0_DEFAULT_N4096_q8_rep4,3,4,3,sm_89,RS_SLICE_SERIAL,NCCL,C0_DEFAULT,2048,4096,2048,8,1,2097152,26,0,1277.632,1283.264,2267.360,984.096,PASS,0
PHASEB_formal_rs_C0_DEFAULT_N4096_q8_rep4,3,4,3,sm_89,RS_SLICE_SERIAL,NCCL,C0_DEFAULT,2048,4096,2048,8,2,2097152,26,0,2371.680,2377.536,3363.744,986.208,PASS,0
PHASEB_formal_rs_C0_DEFAULT_N4096_q8_rep4,3,4,3,sm_89,RS_SLICE_SERIAL,NCCL,C0_DEFAULT,2048,4096,2048,8,3,2097152,26,0,3465.184,3471.264,4454.592,983.328,PASS,0
PHASEB_formal_rs_C0_DEFAULT_N4096_q8_rep4,3,4,3,sm_89,RS_SLICE_SERIAL,NCCL,C0_DEFAULT,2048,4096,2048,8,4,2097152,26,0,4560.608,4566.144,5548.928,982.784,PASS,0
PHASEB_formal_rs_C0_DEFAULT_N4096_q8_rep4,3,4,3,sm_89,RS_SLICE_SERIAL,NCCL,C0_DEFAULT,2048,4096,2048,8,5,2097152,26,0,5667.872,5673.376,6658.080,984.704,PASS,0
PHASEB_formal_rs_C0_DEFAULT_N4096_q8_rep4,3,4,3,sm_89,RS_SLICE_SERIAL,NCCL,C0_DEFAULT,2048,4096,2048,8,6,2097152,26,0,6761.056,6766.560,7751.328,984.768,PASS,0
PHASEB_formal_rs_C0_DEFAULT_N4096_q8_rep4,3,4,3,sm_89,RS_SLICE_SERIAL,NCCL,C0_DEFAULT,2048,4096,2048,8,7,2097152,26,0,7854.080,7861.152,8842.111,980.960,PASS,0
PHASEB_formal_rs_C0_DEFAULT_N4096_q8_rep4,3,4,3,sm_89,RS_SLICE_SERIAL,NCCL,C0_DEFAULT,2048,4096,2048,8,0,2097152,27,0,180.960,188.832,1174.144,985.312,PASS,0
PHASEB_formal_rs_C0_DEFAULT_N4096_q8_rep4,3,4,3,sm_89,RS_SLICE_SERIAL,NCCL,C0_DEFAULT,2048,4096,2048,8,1,2097152,27,0,1273.216,1279.264,2263.712,984.448,PASS,0
PHASEB_formal_rs_C0_DEFAULT_N4096_q8_rep4,3,4,3,sm_89,RS_SLICE_SERIAL,NCCL,C0_DEFAULT,2048,4096,2048,8,2,2097152,27,0,2369.792,2376.256,3361.376,985.120,PASS,0
PHASEB_formal_rs_C0_DEFAULT_N4096_q8_rep4,3,4,3,sm_89,RS_SLICE_SERIAL,NCCL,C0_DEFAULT,2048,4096,2048,8,3,2097152,27,0,3457.984,3464.096,4448.032,983.936,PASS,0
PHASEB_formal_rs_C0_DEFAULT_N4096_q8_rep4,3,4,3,sm_89,RS_SLICE_SERIAL,NCCL,C0_DEFAULT,2048,4096,2048,8,4,2097152,27,0,4554.464,4560.096,5544.256,984.160,PASS,0
PHASEB_formal_rs_C0_DEFAULT_N4096_q8_rep4,3,4,3,sm_89,RS_SLICE_SERIAL,NCCL,C0_DEFAULT,2048,4096,2048,8,5,2097152,27,0,5656.512,5661.984,6646.400,984.416,PASS,0
PHASEB_formal_rs_C0_DEFAULT_N4096_q8_rep4,3,4,3,sm_89,RS_SLICE_SERIAL,NCCL,C0_DEFAULT,2048,4096,2048,8,6,2097152,27,0,6756.192,6761.824,7744.672,982.848,PASS,0
PHASEB_formal_rs_C0_DEFAULT_N4096_q8_rep4,3,4,3,sm_89,RS_SLICE_SERIAL,NCCL,C0_DEFAULT,2048,4096,2048,8,7,2097152,27,0,7848.416,7855.232,8837.504,982.272,PASS,0
PHASEB_formal_rs_C0_DEFAULT_N4096_q8_rep4,3,4,3,sm_89,RS_SLICE_SERIAL,NCCL,C0_DEFAULT,2048,4096,2048,8,0,2097152,28,0,183.136,190.240,1172.864,982.624,PASS,0
PHASEB_formal_rs_C0_DEFAULT_N4096_q8_rep4,3,4,3,sm_89,RS_SLICE_SERIAL,NCCL,C0_DEFAULT,2048,4096,2048,8,1,2097152,28,0,1271.744,1277.312,2262.048,984.736,PASS,0
PHASEB_formal_rs_C0_DEFAULT_N4096_q8_rep4,3,4,3,sm_89,RS_SLICE_SERIAL,NCCL,C0_DEFAULT,2048,4096,2048,8,2,2097152,28,0,2369.792,2375.744,3361.632,985.888,PASS,0
PHASEB_formal_rs_C0_DEFAULT_N4096_q8_rep4,3,4,3,sm_89,RS_SLICE_SERIAL,NCCL,C0_DEFAULT,2048,4096,2048,8,3,2097152,28,0,3462.016,3467.584,4451.040,983.456,PASS,0
PHASEB_formal_rs_C0_DEFAULT_N4096_q8_rep4,3,4,3,sm_89,RS_SLICE_SERIAL,NCCL,C0_DEFAULT,2048,4096,2048,8,4,2097152,28,0,4553.152,4558.784,5542.688,983.904,PASS,0
PHASEB_formal_rs_C0_DEFAULT_N4096_q8_rep4,3,4,3,sm_89,RS_SLICE_SERIAL,NCCL,C0_DEFAULT,2048,4096,2048,8,5,2097152,28,0,5656.704,5662.624,6646.592,983.968,PASS,0
PHASEB_formal_rs_C0_DEFAULT_N4096_q8_rep4,3,4,3,sm_89,RS_SLICE_SERIAL,NCCL,C0_DEFAULT,2048,4096,2048,8,6,2097152,28,0,6752.960,6758.560,7744.320,985.760,PASS,0
PHASEB_formal_rs_C0_DEFAULT_N4096_q8_rep4,3,4,3,sm_89,RS_SLICE_SERIAL,NCCL,C0_DEFAULT,2048,4096,2048,8,7,2097152,28,0,7842.112,7849.248,8829.889,980.640,PASS,0
PHASEB_formal_rs_C0_DEFAULT_N4096_q8_rep4,3,4,3,sm_89,RS_SLICE_SERIAL,NCCL,C0_DEFAULT,2048,4096,2048,8,0,2097152,29,0,182.944,190.432,1174.208,983.776,PASS,0
PHASEB_formal_rs_C0_DEFAULT_N4096_q8_rep4,3,4,3,sm_89,RS_SLICE_SERIAL,NCCL,C0_DEFAULT,2048,4096,2048,8,1,2097152,29,0,1274.624,1280.544,2264.512,983.968,PASS,0
PHASEB_formal_rs_C0_DEFAULT_N4096_q8_rep4,3,4,3,sm_89,RS_SLICE_SERIAL,NCCL,C0_DEFAULT,2048,4096,2048,8,2,2097152,29,0,2374.464,2379.936,3365.376,985.440,PASS,0
PHASEB_formal_rs_C0_DEFAULT_N4096_q8_rep4,3,4,3,sm_89,RS_SLICE_SERIAL,NCCL,C0_DEFAULT,2048,4096,2048,8,3,2097152,29,0,3470.720,3476.512,4458.688,982.176,PASS,0
PHASEB_formal_rs_C0_DEFAULT_N4096_q8_rep4,3,4,3,sm_89,RS_SLICE_SERIAL,NCCL,C0_DEFAULT,2048,4096,2048,8,4,2097152,29,0,4554.976,4561.120,5545.984,984.864,PASS,0
PHASEB_formal_rs_C0_DEFAULT_N4096_q8_rep4,3,4,3,sm_89,RS_SLICE_SERIAL,NCCL,C0_DEFAULT,2048,4096,2048,8,5,2097152,29,0,5664.128,5670.208,6653.856,983.648,PASS,0
PHASEB_formal_rs_C0_DEFAULT_N4096_q8_rep4,3,4,3,sm_89,RS_SLICE_SERIAL,NCCL,C0_DEFAULT,2048,4096,2048,8,6,2097152,29,0,6761.696,6767.264,7750.272,983.008,PASS,0
PHASEB_formal_rs_C0_DEFAULT_N4096_q8_rep4,3,4,3,sm_89,RS_SLICE_SERIAL,NCCL,C0_DEFAULT,2048,4096,2048,8,7,2097152,29,0,7854.208,7861.056,8843.296,982.240,PASS,0
PHASEB_formal_rs_C0_DEFAULT_N4096_q8_rep4,3,4,3,sm_89,RS_SLICE_SERIAL,NCCL,C0_DEFAULT,2048,4096,2048,8,0,2097152,30,0,183.264,190.368,1173.216,982.848,PASS,0
PHASEB_formal_rs_C0_DEFAULT_N4096_q8_rep4,3,4,3,sm_89,RS_SLICE_SERIAL,NCCL,C0_DEFAULT,2048,4096,2048,8,1,2097152,30,0,1268.992,1274.688,2259.136,984.448,PASS,0
PHASEB_formal_rs_C0_DEFAULT_N4096_q8_rep4,3,4,3,sm_89,RS_SLICE_SERIAL,NCCL,C0_DEFAULT,2048,4096,2048,8,2,2097152,30,0,2368.576,2375.008,3361.088,986.080,PASS,0
PHASEB_formal_rs_C0_DEFAULT_N4096_q8_rep4,3,4,3,sm_89,RS_SLICE_SERIAL,NCCL,C0_DEFAULT,2048,4096,2048,8,3,2097152,30,0,3462.976,3469.632,4452.768,983.136,PASS,0
PHASEB_formal_rs_C0_DEFAULT_N4096_q8_rep4,3,4,3,sm_89,RS_SLICE_SERIAL,NCCL,C0_DEFAULT,2048,4096,2048,8,4,2097152,30,0,4551.936,4557.888,5541.280,983.392,PASS,0
PHASEB_formal_rs_C0_DEFAULT_N4096_q8_rep4,3,4,3,sm_89,RS_SLICE_SERIAL,NCCL,C0_DEFAULT,2048,4096,2048,8,5,2097152,30,0,5659.552,5665.440,6649.280,983.840,PASS,0
PHASEB_formal_rs_C0_DEFAULT_N4096_q8_rep4,3,4,3,sm_89,RS_SLICE_SERIAL,NCCL,C0_DEFAULT,2048,4096,2048,8,6,2097152,30,0,6762.464,6767.968,7750.848,982.880,PASS,0
PHASEB_formal_rs_C0_DEFAULT_N4096_q8_rep4,3,4,3,sm_89,RS_SLICE_SERIAL,NCCL,C0_DEFAULT,2048,4096,2048,8,7,2097152,30,0,7855.168,7861.984,8843.487,981.504,PASS,0
PHASEB_formal_rs_C0_DEFAULT_N4096_q8_rep4,3,4,3,sm_89,RS_SLICE_SERIAL,NCCL,C0_DEFAULT,2048,4096,2048,8,0,2097152,31,0,183.264,191.104,1176.768,985.664,PASS,0
PHASEB_formal_rs_C0_DEFAULT_N4096_q8_rep4,3,4,3,sm_89,RS_SLICE_SERIAL,NCCL,C0_DEFAULT,2048,4096,2048,8,1,2097152,31,0,1273.472,1280.576,2264.032,983.456,PASS,0
PHASEB_formal_rs_C0_DEFAULT_N4096_q8_rep4,3,4,3,sm_89,RS_SLICE_SERIAL,NCCL,C0_DEFAULT,2048,4096,2048,8,2,2097152,31,0,2374.752,2380.416,3365.632,985.216,PASS,0
PHASEB_formal_rs_C0_DEFAULT_N4096_q8_rep4,3,4,3,sm_89,RS_SLICE_SERIAL,NCCL,C0_DEFAULT,2048,4096,2048,8,3,2097152,31,0,3473.376,3478.880,4463.584,984.704,PASS,0
PHASEB_formal_rs_C0_DEFAULT_N4096_q8_rep4,3,4,3,sm_89,RS_SLICE_SERIAL,NCCL,C0_DEFAULT,2048,4096,2048,8,4,2097152,31,0,4559.328,4565.184,5547.392,982.208,PASS,0
PHASEB_formal_rs_C0_DEFAULT_N4096_q8_rep4,3,4,3,sm_89,RS_SLICE_SERIAL,NCCL,C0_DEFAULT,2048,4096,2048,8,5,2097152,31,0,5663.360,5668.704,6651.392,982.688,PASS,0
PHASEB_formal_rs_C0_DEFAULT_N4096_q8_rep4,3,4,3,sm_89,RS_SLICE_SERIAL,NCCL,C0_DEFAULT,2048,4096,2048,8,6,2097152,31,0,6759.712,6765.056,7748.224,983.168,PASS,0
PHASEB_formal_rs_C0_DEFAULT_N4096_q8_rep4,3,4,3,sm_89,RS_SLICE_SERIAL,NCCL,C0_DEFAULT,2048,4096,2048,8,7,2097152,31,0,7852.064,7859.008,8841.535,982.528,PASS,0
PHASEB_formal_rs_C0_DEFAULT_N4096_q8_rep4,3,4,3,sm_89,RS_SLICE_SERIAL,NCCL,C0_DEFAULT,2048,4096,2048,8,0,2097152,32,0,180.128,187.488,1171.744,984.256,PASS,0
PHASEB_formal_rs_C0_DEFAULT_N4096_q8_rep4,3,4,3,sm_89,RS_SLICE_SERIAL,NCCL,C0_DEFAULT,2048,4096,2048,8,1,2097152,32,0,1269.184,1274.784,2257.696,982.912,PASS,0
PHASEB_formal_rs_C0_DEFAULT_N4096_q8_rep4,3,4,3,sm_89,RS_SLICE_SERIAL,NCCL,C0_DEFAULT,2048,4096,2048,8,2,2097152,32,0,2366.752,2372.608,3358.304,985.696,PASS,0
PHASEB_formal_rs_C0_DEFAULT_N4096_q8_rep4,3,4,3,sm_89,RS_SLICE_SERIAL,NCCL,C0_DEFAULT,2048,4096,2048,8,3,2097152,32,0,3458.688,3464.224,4447.104,982.880,PASS,0
PHASEB_formal_rs_C0_DEFAULT_N4096_q8_rep4,3,4,3,sm_89,RS_SLICE_SERIAL,NCCL,C0_DEFAULT,2048,4096,2048,8,4,2097152,32,0,4545.440,4550.816,5533.408,982.592,PASS,0
PHASEB_formal_rs_C0_DEFAULT_N4096_q8_rep4,3,4,3,sm_89,RS_SLICE_SERIAL,NCCL,C0_DEFAULT,2048,4096,2048,8,5,2097152,32,0,5655.328,5661.056,6644.832,983.776,PASS,0
PHASEB_formal_rs_C0_DEFAULT_N4096_q8_rep4,3,4,3,sm_89,RS_SLICE_SERIAL,NCCL,C0_DEFAULT,2048,4096,2048,8,6,2097152,32,0,6757.888,6763.360,7747.584,984.224,PASS,0
PHASEB_formal_rs_C0_DEFAULT_N4096_q8_rep4,3,4,3,sm_89,RS_SLICE_SERIAL,NCCL,C0_DEFAULT,2048,4096,2048,8,7,2097152,32,0,7851.072,7857.920,8839.136,981.216,PASS,0
PHASEB_formal_rs_C0_DEFAULT_N4096_q8_rep4,3,4,3,sm_89,RS_SLICE_SERIAL,NCCL,C0_DEFAULT,2048,4096,2048,8,0,2097152,33,0,187.008,194.848,1178.240,983.392,PASS,0
PHASEB_formal_rs_C0_DEFAULT_N4096_q8_rep4,3,4,3,sm_89,RS_SLICE_SERIAL,NCCL,C0_DEFAULT,2048,4096,2048,8,1,2097152,33,0,1274.400,1280.608,2264.736,984.128,PASS,0
PHASEB_formal_rs_C0_DEFAULT_N4096_q8_rep4,3,4,3,sm_89,RS_SLICE_SERIAL,NCCL,C0_DEFAULT,2048,4096,2048,8,2,2097152,33,0,2371.840,2377.344,3362.720,985.376,PASS,0
PHASEB_formal_rs_C0_DEFAULT_N4096_q8_rep4,3,4,3,sm_89,RS_SLICE_SERIAL,NCCL,C0_DEFAULT,2048,4096,2048,8,3,2097152,33,0,3471.456,3476.992,4460.480,983.488,PASS,0
PHASEB_formal_rs_C0_DEFAULT_N4096_q8_rep4,3,4,3,sm_89,RS_SLICE_SERIAL,NCCL,C0_DEFAULT,2048,4096,2048,8,4,2097152,33,0,4556.704,4562.656,5547.584,984.928,PASS,0
PHASEB_formal_rs_C0_DEFAULT_N4096_q8_rep4,3,4,3,sm_89,RS_SLICE_SERIAL,NCCL,C0_DEFAULT,2048,4096,2048,8,5,2097152,33,0,5661.984,5668.160,6654.720,986.560,PASS,0
PHASEB_formal_rs_C0_DEFAULT_N4096_q8_rep4,3,4,3,sm_89,RS_SLICE_SERIAL,NCCL,C0_DEFAULT,2048,4096,2048,8,6,2097152,33,0,6768.064,6773.440,7756.608,983.168,PASS,0
PHASEB_formal_rs_C0_DEFAULT_N4096_q8_rep4,3,4,3,sm_89,RS_SLICE_SERIAL,NCCL,C0_DEFAULT,2048,4096,2048,8,7,2097152,33,0,7862.496,7869.280,8852.192,982.912,PASS,0
PHASEB_formal_rs_C0_DEFAULT_N4096_q8_rep4,3,4,3,sm_89,RS_SLICE_SERIAL,NCCL,C0_DEFAULT,2048,4096,2048,8,0,2097152,34,0,186.176,193.280,1177.760,984.480,PASS,0
PHASEB_formal_rs_C0_DEFAULT_N4096_q8_rep4,3,4,3,sm_89,RS_SLICE_SERIAL,NCCL,C0_DEFAULT,2048,4096,2048,8,1,2097152,34,0,1277.600,1283.008,2265.888,982.880,PASS,0
PHASEB_formal_rs_C0_DEFAULT_N4096_q8_rep4,3,4,3,sm_89,RS_SLICE_SERIAL,NCCL,C0_DEFAULT,2048,4096,2048,8,2,2097152,34,0,2374.624,2380.064,3365.824,985.760,PASS,0
PHASEB_formal_rs_C0_DEFAULT_N4096_q8_rep4,3,4,3,sm_89,RS_SLICE_SERIAL,NCCL,C0_DEFAULT,2048,4096,2048,8,3,2097152,34,0,3465.312,3470.816,4454.176,983.360,PASS,0
PHASEB_formal_rs_C0_DEFAULT_N4096_q8_rep4,3,4,3,sm_89,RS_SLICE_SERIAL,NCCL,C0_DEFAULT,2048,4096,2048,8,4,2097152,34,0,4553.888,4559.232,5542.080,982.848,PASS,0
PHASEB_formal_rs_C0_DEFAULT_N4096_q8_rep4,3,4,3,sm_89,RS_SLICE_SERIAL,NCCL,C0_DEFAULT,2048,4096,2048,8,5,2097152,34,0,5660.288,5665.632,6650.496,984.864,PASS,0
PHASEB_formal_rs_C0_DEFAULT_N4096_q8_rep4,3,4,3,sm_89,RS_SLICE_SERIAL,NCCL,C0_DEFAULT,2048,4096,2048,8,6,2097152,34,0,6748.448,6753.888,7737.504,983.616,PASS,0
PHASEB_formal_rs_C0_DEFAULT_N4096_q8_rep4,3,4,3,sm_89,RS_SLICE_SERIAL,NCCL,C0_DEFAULT,2048,4096,2048,8,7,2097152,34,0,7841.120,7847.904,8829.407,981.504,PASS,0
PHASEB_formal_rs_C0_DEFAULT_N4096_q8_rep4,3,4,3,sm_89,RS_SLICE_SERIAL,NCCL,C0_DEFAULT,2048,4096,2048,8,0,2097152,35,0,181.600,189.888,1174.400,984.512,PASS,0
PHASEB_formal_rs_C0_DEFAULT_N4096_q8_rep4,3,4,3,sm_89,RS_SLICE_SERIAL,NCCL,C0_DEFAULT,2048,4096,2048,8,1,2097152,35,0,1273.088,1279.456,2264.256,984.800,PASS,0
PHASEB_formal_rs_C0_DEFAULT_N4096_q8_rep4,3,4,3,sm_89,RS_SLICE_SERIAL,NCCL,C0_DEFAULT,2048,4096,2048,8,2,2097152,35,0,2369.984,2375.776,3360.992,985.216,PASS,0
PHASEB_formal_rs_C0_DEFAULT_N4096_q8_rep4,3,4,3,sm_89,RS_SLICE_SERIAL,NCCL,C0_DEFAULT,2048,4096,2048,8,3,2097152,35,0,3469.984,3475.520,4459.168,983.648,PASS,0
PHASEB_formal_rs_C0_DEFAULT_N4096_q8_rep4,3,4,3,sm_89,RS_SLICE_SERIAL,NCCL,C0_DEFAULT,2048,4096,2048,8,4,2097152,35,0,4559.104,4564.480,5547.360,982.880,PASS,0
PHASEB_formal_rs_C0_DEFAULT_N4096_q8_rep4,3,4,3,sm_89,RS_SLICE_SERIAL,NCCL,C0_DEFAULT,2048,4096,2048,8,5,2097152,35,0,5660.064,5666.208,6649.760,983.552,PASS,0
PHASEB_formal_rs_C0_DEFAULT_N4096_q8_rep4,3,4,3,sm_89,RS_SLICE_SERIAL,NCCL,C0_DEFAULT,2048,4096,2048,8,6,2097152,35,0,6754.112,6759.520,7742.368,982.848,PASS,0
PHASEB_formal_rs_C0_DEFAULT_N4096_q8_rep4,3,4,3,sm_89,RS_SLICE_SERIAL,NCCL,C0_DEFAULT,2048,4096,2048,8,7,2097152,35,0,7845.728,7852.544,8835.231,982.688,PASS,0
PHASEB_formal_rs_C0_DEFAULT_N4096_q8_rep4,3,4,3,sm_89,RS_SLICE_SERIAL,NCCL,C0_DEFAULT,2048,4096,2048,8,0,2097152,36,0,184.608,191.904,1175.776,983.872,PASS,0
PHASEB_formal_rs_C0_DEFAULT_N4096_q8_rep4,3,4,3,sm_89,RS_SLICE_SERIAL,NCCL,C0_DEFAULT,2048,4096,2048,8,1,2097152,36,0,1273.888,1279.296,2264.544,985.248,PASS,0
PHASEB_formal_rs_C0_DEFAULT_N4096_q8_rep4,3,4,3,sm_89,RS_SLICE_SERIAL,NCCL,C0_DEFAULT,2048,4096,2048,8,2,2097152,36,0,2371.712,2377.056,3362.112,985.056,PASS,0
PHASEB_formal_rs_C0_DEFAULT_N4096_q8_rep4,3,4,3,sm_89,RS_SLICE_SERIAL,NCCL,C0_DEFAULT,2048,4096,2048,8,3,2097152,36,0,3465.824,3472.192,4456.576,984.384,PASS,0
PHASEB_formal_rs_C0_DEFAULT_N4096_q8_rep4,3,4,3,sm_89,RS_SLICE_SERIAL,NCCL,C0_DEFAULT,2048,4096,2048,8,4,2097152,36,0,4552.480,4558.432,5541.696,983.264,PASS,0
PHASEB_formal_rs_C0_DEFAULT_N4096_q8_rep4,3,4,3,sm_89,RS_SLICE_SERIAL,NCCL,C0_DEFAULT,2048,4096,2048,8,5,2097152,36,0,5660.992,5666.368,6650.048,983.680,PASS,0
PHASEB_formal_rs_C0_DEFAULT_N4096_q8_rep4,3,4,3,sm_89,RS_SLICE_SERIAL,NCCL,C0_DEFAULT,2048,4096,2048,8,6,2097152,36,0,6757.696,6763.104,7748.032,984.928,PASS,0
PHASEB_formal_rs_C0_DEFAULT_N4096_q8_rep4,3,4,3,sm_89,RS_SLICE_SERIAL,NCCL,C0_DEFAULT,2048,4096,2048,8,7,2097152,36,0,7853.664,7860.672,8842.048,981.376,PASS,0
PHASEB_formal_rs_C0_DEFAULT_N4096_q8_rep4,3,4,3,sm_89,RS_SLICE_SERIAL,NCCL,C0_DEFAULT,2048,4096,2048,8,0,2097152,37,0,182.016,189.632,1172.960,983.328,PASS,0
PHASEB_formal_rs_C0_DEFAULT_N4096_q8_rep4,3,4,3,sm_89,RS_SLICE_SERIAL,NCCL,C0_DEFAULT,2048,4096,2048,8,1,2097152,37,0,1270.336,1276.992,2262.368,985.376,PASS,0
PHASEB_formal_rs_C0_DEFAULT_N4096_q8_rep4,3,4,3,sm_89,RS_SLICE_SERIAL,NCCL,C0_DEFAULT,2048,4096,2048,8,2,2097152,37,0,2372.544,2378.016,3362.816,984.800,PASS,0
PHASEB_formal_rs_C0_DEFAULT_N4096_q8_rep4,3,4,3,sm_89,RS_SLICE_SERIAL,NCCL,C0_DEFAULT,2048,4096,2048,8,3,2097152,37,0,3465.920,3471.552,4454.624,983.072,PASS,0
PHASEB_formal_rs_C0_DEFAULT_N4096_q8_rep4,3,4,3,sm_89,RS_SLICE_SERIAL,NCCL,C0_DEFAULT,2048,4096,2048,8,4,2097152,37,0,4552.832,4558.464,5543.552,985.088,PASS,0
PHASEB_formal_rs_C0_DEFAULT_N4096_q8_rep4,3,4,3,sm_89,RS_SLICE_SERIAL,NCCL,C0_DEFAULT,2048,4096,2048,8,5,2097152,37,0,5660.608,5667.104,6651.808,984.704,PASS,0
PHASEB_formal_rs_C0_DEFAULT_N4096_q8_rep4,3,4,3,sm_89,RS_SLICE_SERIAL,NCCL,C0_DEFAULT,2048,4096,2048,8,6,2097152,37,0,6759.168,6764.960,7748.608,983.648,PASS,0
PHASEB_formal_rs_C0_DEFAULT_N4096_q8_rep4,3,4,3,sm_89,RS_SLICE_SERIAL,NCCL,C0_DEFAULT,2048,4096,2048,8,7,2097152,37,0,7854.016,7860.992,8843.008,982.016,PASS,0
PHASEB_formal_rs_C0_DEFAULT_N4096_q8_rep4,3,4,3,sm_89,RS_SLICE_SERIAL,NCCL,C0_DEFAULT,2048,4096,2048,8,0,2097152,38,0,182.944,190.368,1173.856,983.488,PASS,0
PHASEB_formal_rs_C0_DEFAULT_N4096_q8_rep4,3,4,3,sm_89,RS_SLICE_SERIAL,NCCL,C0_DEFAULT,2048,4096,2048,8,1,2097152,38,0,1274.624,1280.224,2264.256,984.032,PASS,0
PHASEB_formal_rs_C0_DEFAULT_N4096_q8_rep4,3,4,3,sm_89,RS_SLICE_SERIAL,NCCL,C0_DEFAULT,2048,4096,2048,8,2,2097152,38,0,2371.968,2377.632,3361.120,983.488,PASS,0
PHASEB_formal_rs_C0_DEFAULT_N4096_q8_rep4,3,4,3,sm_89,RS_SLICE_SERIAL,NCCL,C0_DEFAULT,2048,4096,2048,8,3,2097152,38,0,3461.568,3468.224,4451.776,983.552,PASS,0
PHASEB_formal_rs_C0_DEFAULT_N4096_q8_rep4,3,4,3,sm_89,RS_SLICE_SERIAL,NCCL,C0_DEFAULT,2048,4096,2048,8,4,2097152,38,0,4553.760,4559.648,5542.368,982.720,PASS,0
PHASEB_formal_rs_C0_DEFAULT_N4096_q8_rep4,3,4,3,sm_89,RS_SLICE_SERIAL,NCCL,C0_DEFAULT,2048,4096,2048,8,5,2097152,38,0,5659.872,5665.376,6650.144,984.768,PASS,0
PHASEB_formal_rs_C0_DEFAULT_N4096_q8_rep4,3,4,3,sm_89,RS_SLICE_SERIAL,NCCL,C0_DEFAULT,2048,4096,2048,8,6,2097152,38,0,6749.440,6754.784,7736.704,981.920,PASS,0
PHASEB_formal_rs_C0_DEFAULT_N4096_q8_rep4,3,4,3,sm_89,RS_SLICE_SERIAL,NCCL,C0_DEFAULT,2048,4096,2048,8,7,2097152,38,0,7845.056,7852.064,8833.312,981.248,PASS,0
PHASEB_formal_rs_C0_DEFAULT_N4096_q8_rep4,3,4,3,sm_89,RS_SLICE_SERIAL,NCCL,C0_DEFAULT,2048,4096,2048,8,0,2097152,39,0,185.440,192.960,1177.696,984.736,PASS,0
PHASEB_formal_rs_C0_DEFAULT_N4096_q8_rep4,3,4,3,sm_89,RS_SLICE_SERIAL,NCCL,C0_DEFAULT,2048,4096,2048,8,1,2097152,39,0,1274.528,1281.152,2263.904,982.752,PASS,0
PHASEB_formal_rs_C0_DEFAULT_N4096_q8_rep4,3,4,3,sm_89,RS_SLICE_SERIAL,NCCL,C0_DEFAULT,2048,4096,2048,8,2,2097152,39,0,2372.320,2377.824,3362.944,985.120,PASS,0
PHASEB_formal_rs_C0_DEFAULT_N4096_q8_rep4,3,4,3,sm_89,RS_SLICE_SERIAL,NCCL,C0_DEFAULT,2048,4096,2048,8,3,2097152,39,0,3471.744,3477.056,4460.224,983.168,PASS,0
PHASEB_formal_rs_C0_DEFAULT_N4096_q8_rep4,3,4,3,sm_89,RS_SLICE_SERIAL,NCCL,C0_DEFAULT,2048,4096,2048,8,4,2097152,39,0,4565.152,4570.496,5553.312,982.816,PASS,0
PHASEB_formal_rs_C0_DEFAULT_N4096_q8_rep4,3,4,3,sm_89,RS_SLICE_SERIAL,NCCL,C0_DEFAULT,2048,4096,2048,8,5,2097152,39,0,5678.368,5683.840,6667.456,983.616,PASS,0
PHASEB_formal_rs_C0_DEFAULT_N4096_q8_rep4,3,4,3,sm_89,RS_SLICE_SERIAL,NCCL,C0_DEFAULT,2048,4096,2048,8,6,2097152,39,0,6771.648,6777.024,7759.776,982.752,PASS,0
PHASEB_formal_rs_C0_DEFAULT_N4096_q8_rep4,3,4,3,sm_89,RS_SLICE_SERIAL,NCCL,C0_DEFAULT,2048,4096,2048,8,7,2097152,39,0,7863.776,7870.560,8853.280,982.720,PASS,0
PHASEB_formal_rs_C0_DEFAULT_N4096_q8_rep4,3,4,3,sm_89,RS_SLICE_SERIAL,NCCL,C0_DEFAULT,2048,4096,2048,8,0,2097152,40,0,183.456,190.784,1173.568,982.784,PASS,0
PHASEB_formal_rs_C0_DEFAULT_N4096_q8_rep4,3,4,3,sm_89,RS_SLICE_SERIAL,NCCL,C0_DEFAULT,2048,4096,2048,8,1,2097152,40,0,1273.536,1278.976,2263.616,984.640,PASS,0
PHASEB_formal_rs_C0_DEFAULT_N4096_q8_rep4,3,4,3,sm_89,RS_SLICE_SERIAL,NCCL,C0_DEFAULT,2048,4096,2048,8,2,2097152,40,0,2374.048,2380.224,3364.448,984.224,PASS,0
PHASEB_formal_rs_C0_DEFAULT_N4096_q8_rep4,3,4,3,sm_89,RS_SLICE_SERIAL,NCCL,C0_DEFAULT,2048,4096,2048,8,3,2097152,40,0,3468.992,3474.720,4459.296,984.576,PASS,0
PHASEB_formal_rs_C0_DEFAULT_N4096_q8_rep4,3,4,3,sm_89,RS_SLICE_SERIAL,NCCL,C0_DEFAULT,2048,4096,2048,8,4,2097152,40,0,4555.936,4561.600,5544.768,983.168,PASS,0
PHASEB_formal_rs_C0_DEFAULT_N4096_q8_rep4,3,4,3,sm_89,RS_SLICE_SERIAL,NCCL,C0_DEFAULT,2048,4096,2048,8,5,2097152,40,0,5664.320,5669.696,6654.048,984.352,PASS,0
PHASEB_formal_rs_C0_DEFAULT_N4096_q8_rep4,3,4,3,sm_89,RS_SLICE_SERIAL,NCCL,C0_DEFAULT,2048,4096,2048,8,6,2097152,40,0,6756.736,6762.080,7746.816,984.736,PASS,0
PHASEB_formal_rs_C0_DEFAULT_N4096_q8_rep4,3,4,3,sm_89,RS_SLICE_SERIAL,NCCL,C0_DEFAULT,2048,4096,2048,8,7,2097152,40,0,7851.264,7858.112,8839.680,981.568,PASS,0
PHASEB_formal_rs_C0_DEFAULT_N4096_q8_rep4,3,4,3,sm_89,RS_SLICE_SERIAL,NCCL,C0_DEFAULT,2048,4096,2048,8,0,2097152,41,0,188.672,195.872,1179.040,983.168,PASS,0
PHASEB_formal_rs_C0_DEFAULT_N4096_q8_rep4,3,4,3,sm_89,RS_SLICE_SERIAL,NCCL,C0_DEFAULT,2048,4096,2048,8,1,2097152,41,0,1275.008,1280.384,2263.968,983.584,PASS,0
PHASEB_formal_rs_C0_DEFAULT_N4096_q8_rep4,3,4,3,sm_89,RS_SLICE_SERIAL,NCCL,C0_DEFAULT,2048,4096,2048,8,2,2097152,41,0,2374.880,2380.192,3365.344,985.152,PASS,0
PHASEB_formal_rs_C0_DEFAULT_N4096_q8_rep4,3,4,3,sm_89,RS_SLICE_SERIAL,NCCL,C0_DEFAULT,2048,4096,2048,8,3,2097152,41,0,3469.504,3475.712,4458.816,983.104,PASS,0
PHASEB_formal_rs_C0_DEFAULT_N4096_q8_rep4,3,4,3,sm_89,RS_SLICE_SERIAL,NCCL,C0_DEFAULT,2048,4096,2048,8,4,2097152,41,0,4557.728,4563.552,5548.416,984.864,PASS,0
PHASEB_formal_rs_C0_DEFAULT_N4096_q8_rep4,3,4,3,sm_89,RS_SLICE_SERIAL,NCCL,C0_DEFAULT,2048,4096,2048,8,5,2097152,41,0,5663.104,5669.632,6653.376,983.744,PASS,0
PHASEB_formal_rs_C0_DEFAULT_N4096_q8_rep4,3,4,3,sm_89,RS_SLICE_SERIAL,NCCL,C0_DEFAULT,2048,4096,2048,8,6,2097152,41,0,6756.032,6761.856,7745.504,983.648,PASS,0
PHASEB_formal_rs_C0_DEFAULT_N4096_q8_rep4,3,4,3,sm_89,RS_SLICE_SERIAL,NCCL,C0_DEFAULT,2048,4096,2048,8,7,2097152,41,0,7852.064,7858.880,8841.440,982.560,PASS,0
PHASEB_formal_rs_C0_DEFAULT_N4096_q8_rep4,3,4,3,sm_89,RS_SLICE_SERIAL,NCCL,C0_DEFAULT,2048,4096,2048,8,0,2097152,42,0,184.768,192.640,1176.288,983.648,PASS,0
PHASEB_formal_rs_C0_DEFAULT_N4096_q8_rep4,3,4,3,sm_89,RS_SLICE_SERIAL,NCCL,C0_DEFAULT,2048,4096,2048,8,1,2097152,42,0,1276.352,1281.824,2266.496,984.672,PASS,0
PHASEB_formal_rs_C0_DEFAULT_N4096_q8_rep4,3,4,3,sm_89,RS_SLICE_SERIAL,NCCL,C0_DEFAULT,2048,4096,2048,8,2,2097152,42,0,2370.400,2376.064,3361.312,985.248,PASS,0
PHASEB_formal_rs_C0_DEFAULT_N4096_q8_rep4,3,4,3,sm_89,RS_SLICE_SERIAL,NCCL,C0_DEFAULT,2048,4096,2048,8,3,2097152,42,0,3459.808,3465.984,4449.280,983.296,PASS,0
PHASEB_formal_rs_C0_DEFAULT_N4096_q8_rep4,3,4,3,sm_89,RS_SLICE_SERIAL,NCCL,C0_DEFAULT,2048,4096,2048,8,4,2097152,42,0,4545.216,4551.040,5535.168,984.128,PASS,0
PHASEB_formal_rs_C0_DEFAULT_N4096_q8_rep4,3,4,3,sm_89,RS_SLICE_SERIAL,NCCL,C0_DEFAULT,2048,4096,2048,8,5,2097152,42,0,5648.416,5653.952,6639.104,985.152,PASS,0
PHASEB_formal_rs_C0_DEFAULT_N4096_q8_rep4,3,4,3,sm_89,RS_SLICE_SERIAL,NCCL,C0_DEFAULT,2048,4096,2048,8,6,2097152,42,0,6739.424,6744.832,7729.056,984.224,PASS,0
PHASEB_formal_rs_C0_DEFAULT_N4096_q8_rep4,3,4,3,sm_89,RS_SLICE_SERIAL,NCCL,C0_DEFAULT,2048,4096,2048,8,7,2097152,42,0,7841.664,7848.544,8830.177,981.632,PASS,0
PHASEB_formal_rs_C0_DEFAULT_N4096_q8_rep4,3,4,3,sm_89,RS_SLICE_SERIAL,NCCL,C0_DEFAULT,2048,4096,2048,8,0,2097152,43,0,193.312,201.056,1186.240,985.184,PASS,0
PHASEB_formal_rs_C0_DEFAULT_N4096_q8_rep4,3,4,3,sm_89,RS_SLICE_SERIAL,NCCL,C0_DEFAULT,2048,4096,2048,8,1,2097152,43,0,1281.568,1288.192,2271.520,983.328,PASS,0
PHASEB_formal_rs_C0_DEFAULT_N4096_q8_rep4,3,4,3,sm_89,RS_SLICE_SERIAL,NCCL,C0_DEFAULT,2048,4096,2048,8,2,2097152,43,0,2378.496,2384.000,3368.576,984.576,PASS,0
PHASEB_formal_rs_C0_DEFAULT_N4096_q8_rep4,3,4,3,sm_89,RS_SLICE_SERIAL,NCCL,C0_DEFAULT,2048,4096,2048,8,3,2097152,43,0,3462.912,3468.480,4451.648,983.168,PASS,0
PHASEB_formal_rs_C0_DEFAULT_N4096_q8_rep4,3,4,3,sm_89,RS_SLICE_SERIAL,NCCL,C0_DEFAULT,2048,4096,2048,8,4,2097152,43,0,4549.792,4555.200,5538.944,983.744,PASS,0
PHASEB_formal_rs_C0_DEFAULT_N4096_q8_rep4,3,4,3,sm_89,RS_SLICE_SERIAL,NCCL,C0_DEFAULT,2048,4096,2048,8,5,2097152,43,0,5648.224,5653.632,6638.400,984.768,PASS,0
PHASEB_formal_rs_C0_DEFAULT_N4096_q8_rep4,3,4,3,sm_89,RS_SLICE_SERIAL,NCCL,C0_DEFAULT,2048,4096,2048,8,6,2097152,43,0,6747.616,6752.992,7736.736,983.744,PASS,0
PHASEB_formal_rs_C0_DEFAULT_N4096_q8_rep4,3,4,3,sm_89,RS_SLICE_SERIAL,NCCL,C0_DEFAULT,2048,4096,2048,8,7,2097152,43,0,7837.280,7844.096,8827.456,983.360,PASS,0
PHASEB_formal_rs_C0_DEFAULT_N4096_q8_rep4,3,4,3,sm_89,RS_SLICE_SERIAL,NCCL,C0_DEFAULT,2048,4096,2048,8,0,2097152,44,0,188.832,196.256,1178.944,982.688,PASS,0
PHASEB_formal_rs_C0_DEFAULT_N4096_q8_rep4,3,4,3,sm_89,RS_SLICE_SERIAL,NCCL,C0_DEFAULT,2048,4096,2048,8,1,2097152,44,0,1285.504,1291.136,2276.160,985.024,PASS,0
PHASEB_formal_rs_C0_DEFAULT_N4096_q8_rep4,3,4,3,sm_89,RS_SLICE_SERIAL,NCCL,C0_DEFAULT,2048,4096,2048,8,2,2097152,44,0,2384.160,2389.856,3377.312,987.456,PASS,0
PHASEB_formal_rs_C0_DEFAULT_N4096_q8_rep4,3,4,3,sm_89,RS_SLICE_SERIAL,NCCL,C0_DEFAULT,2048,4096,2048,8,3,2097152,44,0,3478.560,3484.064,4468.000,983.936,PASS,0
PHASEB_formal_rs_C0_DEFAULT_N4096_q8_rep4,3,4,3,sm_89,RS_SLICE_SERIAL,NCCL,C0_DEFAULT,2048,4096,2048,8,4,2097152,44,0,4565.920,4572.064,5555.392,983.328,PASS,0
PHASEB_formal_rs_C0_DEFAULT_N4096_q8_rep4,3,4,3,sm_89,RS_SLICE_SERIAL,NCCL,C0_DEFAULT,2048,4096,2048,8,5,2097152,44,0,5674.464,5679.808,6662.080,982.272,PASS,0
PHASEB_formal_rs_C0_DEFAULT_N4096_q8_rep4,3,4,3,sm_89,RS_SLICE_SERIAL,NCCL,C0_DEFAULT,2048,4096,2048,8,6,2097152,44,0,6773.408,6778.848,7763.584,984.736,PASS,0
PHASEB_formal_rs_C0_DEFAULT_N4096_q8_rep4,3,4,3,sm_89,RS_SLICE_SERIAL,NCCL,C0_DEFAULT,2048,4096,2048,8,7,2097152,44,0,7867.648,7874.560,8855.521,980.960,PASS,0
PHASEB_formal_rs_C0_DEFAULT_N4096_q8_rep4,3,4,3,sm_89,RS_SLICE_SERIAL,NCCL,C0_DEFAULT,2048,4096,2048,8,0,2097152,45,0,185.888,193.280,1179.872,986.592,PASS,0
PHASEB_formal_rs_C0_DEFAULT_N4096_q8_rep4,3,4,3,sm_89,RS_SLICE_SERIAL,NCCL,C0_DEFAULT,2048,4096,2048,8,1,2097152,45,0,1278.208,1283.488,2270.368,986.880,PASS,0
PHASEB_formal_rs_C0_DEFAULT_N4096_q8_rep4,3,4,3,sm_89,RS_SLICE_SERIAL,NCCL,C0_DEFAULT,2048,4096,2048,8,2,2097152,45,0,2379.744,2385.248,3369.792,984.544,PASS,0
PHASEB_formal_rs_C0_DEFAULT_N4096_q8_rep4,3,4,3,sm_89,RS_SLICE_SERIAL,NCCL,C0_DEFAULT,2048,4096,2048,8,3,2097152,45,0,3467.840,3473.440,4457.792,984.352,PASS,0
PHASEB_formal_rs_C0_DEFAULT_N4096_q8_rep4,3,4,3,sm_89,RS_SLICE_SERIAL,NCCL,C0_DEFAULT,2048,4096,2048,8,4,2097152,45,0,4558.752,4564.128,5549.344,985.216,PASS,0
PHASEB_formal_rs_C0_DEFAULT_N4096_q8_rep4,3,4,3,sm_89,RS_SLICE_SERIAL,NCCL,C0_DEFAULT,2048,4096,2048,8,5,2097152,45,0,5667.296,5673.760,6656.992,983.232,PASS,0
PHASEB_formal_rs_C0_DEFAULT_N4096_q8_rep4,3,4,3,sm_89,RS_SLICE_SERIAL,NCCL,C0_DEFAULT,2048,4096,2048,8,6,2097152,45,0,6759.680,6765.280,7746.912,981.632,PASS,0
PHASEB_formal_rs_C0_DEFAULT_N4096_q8_rep4,3,4,3,sm_89,RS_SLICE_SERIAL,NCCL,C0_DEFAULT,2048,4096,2048,8,7,2097152,45,0,7853.504,7860.320,8842.336,982.016,PASS,0
PHASEB_formal_rs_C0_DEFAULT_N4096_q8_rep4,3,4,3,sm_89,RS_SLICE_SERIAL,NCCL,C0_DEFAULT,2048,4096,2048,8,0,2097152,46,0,190.240,198.016,1182.688,984.672,PASS,0
PHASEB_formal_rs_C0_DEFAULT_N4096_q8_rep4,3,4,3,sm_89,RS_SLICE_SERIAL,NCCL,C0_DEFAULT,2048,4096,2048,8,1,2097152,46,0,1276.160,1282.080,2267.040,984.960,PASS,0
PHASEB_formal_rs_C0_DEFAULT_N4096_q8_rep4,3,4,3,sm_89,RS_SLICE_SERIAL,NCCL,C0_DEFAULT,2048,4096,2048,8,2,2097152,46,0,2373.888,2379.552,3366.208,986.656,PASS,0
PHASEB_formal_rs_C0_DEFAULT_N4096_q8_rep4,3,4,3,sm_89,RS_SLICE_SERIAL,NCCL,C0_DEFAULT,2048,4096,2048,8,3,2097152,46,0,3459.424,3465.760,4447.840,982.080,PASS,0
PHASEB_formal_rs_C0_DEFAULT_N4096_q8_rep4,3,4,3,sm_89,RS_SLICE_SERIAL,NCCL,C0_DEFAULT,2048,4096,2048,8,4,2097152,46,0,4552.512,4558.496,5541.184,982.688,PASS,0
PHASEB_formal_rs_C0_DEFAULT_N4096_q8_rep4,3,4,3,sm_89,RS_SLICE_SERIAL,NCCL,C0_DEFAULT,2048,4096,2048,8,5,2097152,46,0,5655.712,5661.088,6643.008,981.920,PASS,0
PHASEB_formal_rs_C0_DEFAULT_N4096_q8_rep4,3,4,3,sm_89,RS_SLICE_SERIAL,NCCL,C0_DEFAULT,2048,4096,2048,8,6,2097152,46,0,6751.296,6756.736,7740.480,983.744,PASS,0
PHASEB_formal_rs_C0_DEFAULT_N4096_q8_rep4,3,4,3,sm_89,RS_SLICE_SERIAL,NCCL,C0_DEFAULT,2048,4096,2048,8,7,2097152,46,0,7840.064,7846.944,8828.288,981.344,PASS,0
PHASEB_formal_rs_C0_DEFAULT_N4096_q8_rep4,3,4,3,sm_89,RS_SLICE_SERIAL,NCCL,C0_DEFAULT,2048,4096,2048,8,0,2097152,47,0,186.976,195.328,1180.384,985.056,PASS,0
PHASEB_formal_rs_C0_DEFAULT_N4096_q8_rep4,3,4,3,sm_89,RS_SLICE_SERIAL,NCCL,C0_DEFAULT,2048,4096,2048,8,1,2097152,47,0,1276.160,1282.272,2265.728,983.456,PASS,0
PHASEB_formal_rs_C0_DEFAULT_N4096_q8_rep4,3,4,3,sm_89,RS_SLICE_SERIAL,NCCL,C0_DEFAULT,2048,4096,2048,8,2,2097152,47,0,2374.464,2380.000,3363.360,983.360,PASS,0
PHASEB_formal_rs_C0_DEFAULT_N4096_q8_rep4,3,4,3,sm_89,RS_SLICE_SERIAL,NCCL,C0_DEFAULT,2048,4096,2048,8,3,2097152,47,0,3460.576,3466.624,4449.600,982.976,PASS,0
PHASEB_formal_rs_C0_DEFAULT_N4096_q8_rep4,3,4,3,sm_89,RS_SLICE_SERIAL,NCCL,C0_DEFAULT,2048,4096,2048,8,4,2097152,47,0,4550.400,4555.744,5538.592,982.848,PASS,0
PHASEB_formal_rs_C0_DEFAULT_N4096_q8_rep4,3,4,3,sm_89,RS_SLICE_SERIAL,NCCL,C0_DEFAULT,2048,4096,2048,8,5,2097152,47,0,5659.872,5665.344,6647.008,981.664,PASS,0
PHASEB_formal_rs_C0_DEFAULT_N4096_q8_rep4,3,4,3,sm_89,RS_SLICE_SERIAL,NCCL,C0_DEFAULT,2048,4096,2048,8,6,2097152,47,0,6757.760,6763.232,7745.664,982.432,PASS,0
PHASEB_formal_rs_C0_DEFAULT_N4096_q8_rep4,3,4,3,sm_89,RS_SLICE_SERIAL,NCCL,C0_DEFAULT,2048,4096,2048,8,7,2097152,47,0,7853.632,7860.672,8843.264,982.592,PASS,0
PHASEB_formal_rs_C0_DEFAULT_N4096_q8_rep4,3,4,3,sm_89,RS_SLICE_SERIAL,NCCL,C0_DEFAULT,2048,4096,2048,8,0,2097152,48,0,187.648,194.976,1176.960,981.984,PASS,0
PHASEB_formal_rs_C0_DEFAULT_N4096_q8_rep4,3,4,3,sm_89,RS_SLICE_SERIAL,NCCL,C0_DEFAULT,2048,4096,2048,8,1,2097152,48,0,1275.680,1281.152,2265.888,984.736,PASS,0
PHASEB_formal_rs_C0_DEFAULT_N4096_q8_rep4,3,4,3,sm_89,RS_SLICE_SERIAL,NCCL,C0_DEFAULT,2048,4096,2048,8,2,2097152,48,0,2372.800,2378.400,3363.264,984.864,PASS,0
PHASEB_formal_rs_C0_DEFAULT_N4096_q8_rep4,3,4,3,sm_89,RS_SLICE_SERIAL,NCCL,C0_DEFAULT,2048,4096,2048,8,3,2097152,48,0,3459.360,3465.056,4448.416,983.360,PASS,0
PHASEB_formal_rs_C0_DEFAULT_N4096_q8_rep4,3,4,3,sm_89,RS_SLICE_SERIAL,NCCL,C0_DEFAULT,2048,4096,2048,8,4,2097152,48,0,4547.776,4553.344,5536.192,982.848,PASS,0
PHASEB_formal_rs_C0_DEFAULT_N4096_q8_rep4,3,4,3,sm_89,RS_SLICE_SERIAL,NCCL,C0_DEFAULT,2048,4096,2048,8,5,2097152,48,0,5652.736,5658.112,6642.400,984.288,PASS,0
PHASEB_formal_rs_C0_DEFAULT_N4096_q8_rep4,3,4,3,sm_89,RS_SLICE_SERIAL,NCCL,C0_DEFAULT,2048,4096,2048,8,6,2097152,48,0,6750.944,6756.320,7740.896,984.576,PASS,0
PHASEB_formal_rs_C0_DEFAULT_N4096_q8_rep4,3,4,3,sm_89,RS_SLICE_SERIAL,NCCL,C0_DEFAULT,2048,4096,2048,8,7,2097152,48,0,7840.736,7847.616,8828.800,981.184,PASS,0
PHASEB_formal_rs_C0_DEFAULT_N4096_q8_rep4,3,4,3,sm_89,RS_SLICE_SERIAL,NCCL,C0_DEFAULT,2048,4096,2048,8,0,2097152,49,0,189.344,197.536,1181.248,983.712,PASS,0
PHASEB_formal_rs_C0_DEFAULT_N4096_q8_rep4,3,4,3,sm_89,RS_SLICE_SERIAL,NCCL,C0_DEFAULT,2048,4096,2048,8,1,2097152,49,0,1279.520,1285.504,2269.920,984.416,PASS,0
PHASEB_formal_rs_C0_DEFAULT_N4096_q8_rep4,3,4,3,sm_89,RS_SLICE_SERIAL,NCCL,C0_DEFAULT,2048,4096,2048,8,2,2097152,49,0,2377.120,2382.464,3366.176,983.712,PASS,0
PHASEB_formal_rs_C0_DEFAULT_N4096_q8_rep4,3,4,3,sm_89,RS_SLICE_SERIAL,NCCL,C0_DEFAULT,2048,4096,2048,8,3,2097152,49,0,3466.720,3473.120,4455.744,982.624,PASS,0
PHASEB_formal_rs_C0_DEFAULT_N4096_q8_rep4,3,4,3,sm_89,RS_SLICE_SERIAL,NCCL,C0_DEFAULT,2048,4096,2048,8,4,2097152,49,0,4555.488,4561.024,5546.176,985.152,PASS,0
PHASEB_formal_rs_C0_DEFAULT_N4096_q8_rep4,3,4,3,sm_89,RS_SLICE_SERIAL,NCCL,C0_DEFAULT,2048,4096,2048,8,5,2097152,49,0,5661.344,5667.584,6652.704,985.120,PASS,0
PHASEB_formal_rs_C0_DEFAULT_N4096_q8_rep4,3,4,3,sm_89,RS_SLICE_SERIAL,NCCL,C0_DEFAULT,2048,4096,2048,8,6,2097152,49,0,6756.288,6761.664,7744.704,983.040,PASS,0
PHASEB_formal_rs_C0_DEFAULT_N4096_q8_rep4,3,4,3,sm_89,RS_SLICE_SERIAL,NCCL,C0_DEFAULT,2048,4096,2048,8,7,2097152,49,0,7844.800,7851.680,8834.240,982.560,PASS,0
PHASEB_formal_rs_C0_DEFAULT_N4096_q8_rep4,3,4,3,sm_89,RS_SLICE_SERIAL,NCCL,C0_DEFAULT,2048,4096,2048,8,0,2097152,50,0,188.928,196.224,1181.312,985.088,PASS,0
PHASEB_formal_rs_C0_DEFAULT_N4096_q8_rep4,3,4,3,sm_89,RS_SLICE_SERIAL,NCCL,C0_DEFAULT,2048,4096,2048,8,1,2097152,50,0,1278.816,1284.256,2267.200,982.944,PASS,0
PHASEB_formal_rs_C0_DEFAULT_N4096_q8_rep4,3,4,3,sm_89,RS_SLICE_SERIAL,NCCL,C0_DEFAULT,2048,4096,2048,8,2,2097152,50,0,2373.632,2379.808,3364.640,984.832,PASS,0
PHASEB_formal_rs_C0_DEFAULT_N4096_q8_rep4,3,4,3,sm_89,RS_SLICE_SERIAL,NCCL,C0_DEFAULT,2048,4096,2048,8,3,2097152,50,0,3461.536,3467.872,4452.096,984.224,PASS,0
PHASEB_formal_rs_C0_DEFAULT_N4096_q8_rep4,3,4,3,sm_89,RS_SLICE_SERIAL,NCCL,C0_DEFAULT,2048,4096,2048,8,4,2097152,50,0,4554.144,4559.616,5541.728,982.112,PASS,0
PHASEB_formal_rs_C0_DEFAULT_N4096_q8_rep4,3,4,3,sm_89,RS_SLICE_SERIAL,NCCL,C0_DEFAULT,2048,4096,2048,8,5,2097152,50,0,5659.680,5665.344,6648.512,983.168,PASS,0
PHASEB_formal_rs_C0_DEFAULT_N4096_q8_rep4,3,4,3,sm_89,RS_SLICE_SERIAL,NCCL,C0_DEFAULT,2048,4096,2048,8,6,2097152,50,0,6756.544,6762.144,7745.344,983.200,PASS,0
PHASEB_formal_rs_C0_DEFAULT_N4096_q8_rep4,3,4,3,sm_89,RS_SLICE_SERIAL,NCCL,C0_DEFAULT,2048,4096,2048,8,7,2097152,50,0,7845.664,7852.352,8833.567,981.216,PASS,0
PHASEB_formal_rs_C0_DEFAULT_N4096_q8_rep4,3,4,3,sm_89,RS_SLICE_SERIAL,NCCL,C0_DEFAULT,2048,4096,2048,8,0,2097152,51,0,185.728,193.216,1179.552,986.336,PASS,0
PHASEB_formal_rs_C0_DEFAULT_N4096_q8_rep4,3,4,3,sm_89,RS_SLICE_SERIAL,NCCL,C0_DEFAULT,2048,4096,2048,8,1,2097152,51,0,1272.928,1279.392,2264.192,984.800,PASS,0
PHASEB_formal_rs_C0_DEFAULT_N4096_q8_rep4,3,4,3,sm_89,RS_SLICE_SERIAL,NCCL,C0_DEFAULT,2048,4096,2048,8,2,2097152,51,0,2374.368,2379.968,3365.280,985.312,PASS,0
PHASEB_formal_rs_C0_DEFAULT_N4096_q8_rep4,3,4,3,sm_89,RS_SLICE_SERIAL,NCCL,C0_DEFAULT,2048,4096,2048,8,3,2097152,51,0,3464.512,3470.144,4453.728,983.584,PASS,0
PHASEB_formal_rs_C0_DEFAULT_N4096_q8_rep4,3,4,3,sm_89,RS_SLICE_SERIAL,NCCL,C0_DEFAULT,2048,4096,2048,8,4,2097152,51,0,4553.344,4559.168,5543.488,984.320,PASS,0
PHASEB_formal_rs_C0_DEFAULT_N4096_q8_rep4,3,4,3,sm_89,RS_SLICE_SERIAL,NCCL,C0_DEFAULT,2048,4096,2048,8,5,2097152,51,0,5657.376,5663.680,6647.328,983.648,PASS,0
PHASEB_formal_rs_C0_DEFAULT_N4096_q8_rep4,3,4,3,sm_89,RS_SLICE_SERIAL,NCCL,C0_DEFAULT,2048,4096,2048,8,6,2097152,51,0,6756.160,6761.568,7745.152,983.584,PASS,0
PHASEB_formal_rs_C0_DEFAULT_N4096_q8_rep4,3,4,3,sm_89,RS_SLICE_SERIAL,NCCL,C0_DEFAULT,2048,4096,2048,8,7,2097152,51,0,7846.848,7853.696,8836.032,982.336,PASS,0
PHASEB_formal_rs_C0_DEFAULT_N4096_q8_rep4,3,4,3,sm_89,RS_SLICE_SERIAL,NCCL,C0_DEFAULT,2048,4096,2048,8,0,2097152,52,0,185.600,194.080,1178.752,984.672,PASS,0
PHASEB_formal_rs_C0_DEFAULT_N4096_q8_rep4,3,4,3,sm_89,RS_SLICE_SERIAL,NCCL,C0_DEFAULT,2048,4096,2048,8,1,2097152,52,0,1279.072,1285.088,2268.704,983.616,PASS,0
PHASEB_formal_rs_C0_DEFAULT_N4096_q8_rep4,3,4,3,sm_89,RS_SLICE_SERIAL,NCCL,C0_DEFAULT,2048,4096,2048,8,2,2097152,52,0,2374.560,2380.000,3364.928,984.928,PASS,0
PHASEB_formal_rs_C0_DEFAULT_N4096_q8_rep4,3,4,3,sm_89,RS_SLICE_SERIAL,NCCL,C0_DEFAULT,2048,4096,2048,8,3,2097152,52,0,3462.752,3469.120,4452.960,983.840,PASS,0
PHASEB_formal_rs_C0_DEFAULT_N4096_q8_rep4,3,4,3,sm_89,RS_SLICE_SERIAL,NCCL,C0_DEFAULT,2048,4096,2048,8,4,2097152,52,0,4552.768,4558.528,5544.224,985.696,PASS,0
PHASEB_formal_rs_C0_DEFAULT_N4096_q8_rep4,3,4,3,sm_89,RS_SLICE_SERIAL,NCCL,C0_DEFAULT,2048,4096,2048,8,5,2097152,52,0,5661.536,5666.944,6650.048,983.104,PASS,0
PHASEB_formal_rs_C0_DEFAULT_N4096_q8_rep4,3,4,3,sm_89,RS_SLICE_SERIAL,NCCL,C0_DEFAULT,2048,4096,2048,8,6,2097152,52,0,6753.888,6759.392,7744.768,985.376,PASS,0
PHASEB_formal_rs_C0_DEFAULT_N4096_q8_rep4,3,4,3,sm_89,RS_SLICE_SERIAL,NCCL,C0_DEFAULT,2048,4096,2048,8,7,2097152,52,0,7850.400,7857.312,8838.272,980.960,PASS,0
PHASEB_formal_rs_C0_DEFAULT_N4096_q8_rep4,3,4,3,sm_89,RS_SLICE_SERIAL,NCCL,C0_DEFAULT,2048,4096,2048,8,0,2097152,53,0,187.648,194.976,1179.232,984.256,PASS,0
PHASEB_formal_rs_C0_DEFAULT_N4096_q8_rep4,3,4,3,sm_89,RS_SLICE_SERIAL,NCCL,C0_DEFAULT,2048,4096,2048,8,1,2097152,53,0,1275.488,1281.568,2265.120,983.552,PASS,0
PHASEB_formal_rs_C0_DEFAULT_N4096_q8_rep4,3,4,3,sm_89,RS_SLICE_SERIAL,NCCL,C0_DEFAULT,2048,4096,2048,8,2,2097152,53,0,2377.344,2382.720,3366.816,984.096,PASS,0
PHASEB_formal_rs_C0_DEFAULT_N4096_q8_rep4,3,4,3,sm_89,RS_SLICE_SERIAL,NCCL,C0_DEFAULT,2048,4096,2048,8,3,2097152,53,0,3463.200,3469.248,4452.320,983.072,PASS,0
PHASEB_formal_rs_C0_DEFAULT_N4096_q8_rep4,3,4,3,sm_89,RS_SLICE_SERIAL,NCCL,C0_DEFAULT,2048,4096,2048,8,4,2097152,53,0,4552.352,4558.464,5542.528,984.064,PASS,0
PHASEB_formal_rs_C0_DEFAULT_N4096_q8_rep4,3,4,3,sm_89,RS_SLICE_SERIAL,NCCL,C0_DEFAULT,2048,4096,2048,8,5,2097152,53,0,5659.552,5665.728,6651.360,985.632,PASS,0
PHASEB_formal_rs_C0_DEFAULT_N4096_q8_rep4,3,4,3,sm_89,RS_SLICE_SERIAL,NCCL,C0_DEFAULT,2048,4096,2048,8,6,2097152,53,0,6751.424,6756.768,7740.512,983.744,PASS,0
PHASEB_formal_rs_C0_DEFAULT_N4096_q8_rep4,3,4,3,sm_89,RS_SLICE_SERIAL,NCCL,C0_DEFAULT,2048,4096,2048,8,7,2097152,53,0,7842.880,7849.536,8831.872,982.336,PASS,0
PHASEB_formal_rs_C0_DEFAULT_N4096_q8_rep4,3,4,3,sm_89,RS_SLICE_SERIAL,NCCL,C0_DEFAULT,2048,4096,2048,8,0,2097152,54,0,183.776,192.000,1175.808,983.808,PASS,0
PHASEB_formal_rs_C0_DEFAULT_N4096_q8_rep4,3,4,3,sm_89,RS_SLICE_SERIAL,NCCL,C0_DEFAULT,2048,4096,2048,8,1,2097152,54,0,1273.952,1279.808,2264.448,984.640,PASS,0
PHASEB_formal_rs_C0_DEFAULT_N4096_q8_rep4,3,4,3,sm_89,RS_SLICE_SERIAL,NCCL,C0_DEFAULT,2048,4096,2048,8,2,2097152,54,0,2376.800,2382.208,3369.056,986.848,PASS,0
PHASEB_formal_rs_C0_DEFAULT_N4096_q8_rep4,3,4,3,sm_89,RS_SLICE_SERIAL,NCCL,C0_DEFAULT,2048,4096,2048,8,3,2097152,54,0,3465.824,3472.032,4455.552,983.520,PASS,0
PHASEB_formal_rs_C0_DEFAULT_N4096_q8_rep4,3,4,3,sm_89,RS_SLICE_SERIAL,NCCL,C0_DEFAULT,2048,4096,2048,8,4,2097152,54,0,4550.784,4556.320,5540.896,984.576,PASS,0
PHASEB_formal_rs_C0_DEFAULT_N4096_q8_rep4,3,4,3,sm_89,RS_SLICE_SERIAL,NCCL,C0_DEFAULT,2048,4096,2048,8,5,2097152,54,0,5653.312,5659.328,6643.008,983.680,PASS,0
PHASEB_formal_rs_C0_DEFAULT_N4096_q8_rep4,3,4,3,sm_89,RS_SLICE_SERIAL,NCCL,C0_DEFAULT,2048,4096,2048,8,6,2097152,54,0,6743.616,6749.696,7734.208,984.512,PASS,0
PHASEB_formal_rs_C0_DEFAULT_N4096_q8_rep4,3,4,3,sm_89,RS_SLICE_SERIAL,NCCL,C0_DEFAULT,2048,4096,2048,8,7,2097152,54,0,7838.656,7845.472,8826.815,981.344,PASS,0
PHASEB_formal_rs_C0_DEFAULT_N4096_q8_rep4,3,4,3,sm_89,RS_SLICE_SERIAL,NCCL,C0_DEFAULT,2048,4096,2048,8,0,2097152,55,0,186.304,193.760,1178.528,984.768,PASS,0
PHASEB_formal_rs_C0_DEFAULT_N4096_q8_rep4,3,4,3,sm_89,RS_SLICE_SERIAL,NCCL,C0_DEFAULT,2048,4096,2048,8,1,2097152,55,0,1276.480,1282.528,2266.624,984.096,PASS,0
PHASEB_formal_rs_C0_DEFAULT_N4096_q8_rep4,3,4,3,sm_89,RS_SLICE_SERIAL,NCCL,C0_DEFAULT,2048,4096,2048,8,2,2097152,55,0,2376.064,2382.112,3366.112,984.000,PASS,0
PHASEB_formal_rs_C0_DEFAULT_N4096_q8_rep4,3,4,3,sm_89,RS_SLICE_SERIAL,NCCL,C0_DEFAULT,2048,4096,2048,8,3,2097152,55,0,3462.080,3468.320,4453.056,984.736,PASS,0
PHASEB_formal_rs_C0_DEFAULT_N4096_q8_rep4,3,4,3,sm_89,RS_SLICE_SERIAL,NCCL,C0_DEFAULT,2048,4096,2048,8,4,2097152,55,0,4550.592,4557.056,5540.960,983.904,PASS,0
PHASEB_formal_rs_C0_DEFAULT_N4096_q8_rep4,3,4,3,sm_89,RS_SLICE_SERIAL,NCCL,C0_DEFAULT,2048,4096,2048,8,5,2097152,55,0,5654.048,5659.712,6643.392,983.680,PASS,0
PHASEB_formal_rs_C0_DEFAULT_N4096_q8_rep4,3,4,3,sm_89,RS_SLICE_SERIAL,NCCL,C0_DEFAULT,2048,4096,2048,8,6,2097152,55,0,6744.160,6749.760,7732.512,982.752,PASS,0
PHASEB_formal_rs_C0_DEFAULT_N4096_q8_rep4,3,4,3,sm_89,RS_SLICE_SERIAL,NCCL,C0_DEFAULT,2048,4096,2048,8,7,2097152,55,0,7839.360,7846.208,8828.319,982.112,PASS,0
PHASEB_formal_rs_C0_DEFAULT_N4096_q8_rep4,3,4,3,sm_89,RS_SLICE_SERIAL,NCCL,C0_DEFAULT,2048,4096,2048,8,0,2097152,56,0,187.392,194.720,1177.664,982.944,PASS,0
PHASEB_formal_rs_C0_DEFAULT_N4096_q8_rep4,3,4,3,sm_89,RS_SLICE_SERIAL,NCCL,C0_DEFAULT,2048,4096,2048,8,1,2097152,56,0,1272.800,1278.944,2263.008,984.064,PASS,0
PHASEB_formal_rs_C0_DEFAULT_N4096_q8_rep4,3,4,3,sm_89,RS_SLICE_SERIAL,NCCL,C0_DEFAULT,2048,4096,2048,8,2,2097152,56,0,2371.968,2378.080,3362.656,984.576,PASS,0
PHASEB_formal_rs_C0_DEFAULT_N4096_q8_rep4,3,4,3,sm_89,RS_SLICE_SERIAL,NCCL,C0_DEFAULT,2048,4096,2048,8,3,2097152,56,0,3459.392,3465.312,4448.864,983.552,PASS,0
PHASEB_formal_rs_C0_DEFAULT_N4096_q8_rep4,3,4,3,sm_89,RS_SLICE_SERIAL,NCCL,C0_DEFAULT,2048,4096,2048,8,4,2097152,56,0,4549.472,4555.616,5537.888,982.272,PASS,0
PHASEB_formal_rs_C0_DEFAULT_N4096_q8_rep4,3,4,3,sm_89,RS_SLICE_SERIAL,NCCL,C0_DEFAULT,2048,4096,2048,8,5,2097152,56,0,5654.240,5659.584,6643.936,984.352,PASS,0
PHASEB_formal_rs_C0_DEFAULT_N4096_q8_rep4,3,4,3,sm_89,RS_SLICE_SERIAL,NCCL,C0_DEFAULT,2048,4096,2048,8,6,2097152,56,0,6744.608,6750.272,7735.904,985.632,PASS,0
PHASEB_formal_rs_C0_DEFAULT_N4096_q8_rep4,3,4,3,sm_89,RS_SLICE_SERIAL,NCCL,C0_DEFAULT,2048,4096,2048,8,7,2097152,56,0,7837.024,7843.840,8825.472,981.632,PASS,0
PHASEB_formal_rs_C0_DEFAULT_N4096_q8_rep4,3,4,3,sm_89,RS_SLICE_SERIAL,NCCL,C0_DEFAULT,2048,4096,2048,8,0,2097152,57,0,188.448,196.192,1180.832,984.640,PASS,0
PHASEB_formal_rs_C0_DEFAULT_N4096_q8_rep4,3,4,3,sm_89,RS_SLICE_SERIAL,NCCL,C0_DEFAULT,2048,4096,2048,8,1,2097152,57,0,1290.880,1296.960,2280.704,983.744,PASS,0
PHASEB_formal_rs_C0_DEFAULT_N4096_q8_rep4,3,4,3,sm_89,RS_SLICE_SERIAL,NCCL,C0_DEFAULT,2048,4096,2048,8,2,2097152,57,0,2391.520,2397.280,3381.856,984.576,PASS,0
PHASEB_formal_rs_C0_DEFAULT_N4096_q8_rep4,3,4,3,sm_89,RS_SLICE_SERIAL,NCCL,C0_DEFAULT,2048,4096,2048,8,3,2097152,57,0,3479.936,3485.312,4468.352,983.040,PASS,0
PHASEB_formal_rs_C0_DEFAULT_N4096_q8_rep4,3,4,3,sm_89,RS_SLICE_SERIAL,NCCL,C0_DEFAULT,2048,4096,2048,8,4,2097152,57,0,4569.312,4574.720,5559.392,984.672,PASS,0
PHASEB_formal_rs_C0_DEFAULT_N4096_q8_rep4,3,4,3,sm_89,RS_SLICE_SERIAL,NCCL,C0_DEFAULT,2048,4096,2048,8,5,2097152,57,0,5675.072,5681.312,6665.024,983.712,PASS,0
PHASEB_formal_rs_C0_DEFAULT_N4096_q8_rep4,3,4,3,sm_89,RS_SLICE_SERIAL,NCCL,C0_DEFAULT,2048,4096,2048,8,6,2097152,57,0,6767.424,6773.152,7756.832,983.680,PASS,0
PHASEB_formal_rs_C0_DEFAULT_N4096_q8_rep4,3,4,3,sm_89,RS_SLICE_SERIAL,NCCL,C0_DEFAULT,2048,4096,2048,8,7,2097152,57,0,7865.632,7872.576,8854.593,982.016,PASS,0
PHASEB_formal_rs_C0_DEFAULT_N4096_q8_rep4,3,4,3,sm_89,RS_SLICE_SERIAL,NCCL,C0_DEFAULT,2048,4096,2048,8,0,2097152,58,0,184.416,191.648,1174.432,982.784,PASS,0
PHASEB_formal_rs_C0_DEFAULT_N4096_q8_rep4,3,4,3,sm_89,RS_SLICE_SERIAL,NCCL,C0_DEFAULT,2048,4096,2048,8,1,2097152,58,0,1276.448,1282.336,2267.968,985.632,PASS,0
PHASEB_formal_rs_C0_DEFAULT_N4096_q8_rep4,3,4,3,sm_89,RS_SLICE_SERIAL,NCCL,C0_DEFAULT,2048,4096,2048,8,2,2097152,58,0,2381.376,2387.392,3372.480,985.088,PASS,0
PHASEB_formal_rs_C0_DEFAULT_N4096_q8_rep4,3,4,3,sm_89,RS_SLICE_SERIAL,NCCL,C0_DEFAULT,2048,4096,2048,8,3,2097152,58,0,3471.264,3477.536,4460.128,982.592,PASS,0
PHASEB_formal_rs_C0_DEFAULT_N4096_q8_rep4,3,4,3,sm_89,RS_SLICE_SERIAL,NCCL,C0_DEFAULT,2048,4096,2048,8,4,2097152,58,0,4562.400,4568.384,5550.528,982.144,PASS,0
PHASEB_formal_rs_C0_DEFAULT_N4096_q8_rep4,3,4,3,sm_89,RS_SLICE_SERIAL,NCCL,C0_DEFAULT,2048,4096,2048,8,5,2097152,58,0,5667.744,5674.048,6657.568,983.520,PASS,0
PHASEB_formal_rs_C0_DEFAULT_N4096_q8_rep4,3,4,3,sm_89,RS_SLICE_SERIAL,NCCL,C0_DEFAULT,2048,4096,2048,8,6,2097152,58,0,6756.096,6761.792,7747.008,985.216,PASS,0
PHASEB_formal_rs_C0_DEFAULT_N4096_q8_rep4,3,4,3,sm_89,RS_SLICE_SERIAL,NCCL,C0_DEFAULT,2048,4096,2048,8,7,2097152,58,0,7852.704,7859.616,8841.152,981.536,PASS,0
PHASEB_formal_rs_C0_DEFAULT_N4096_q8_rep4,3,4,3,sm_89,RS_SLICE_SERIAL,NCCL,C0_DEFAULT,2048,4096,2048,8,0,2097152,59,0,183.904,191.936,1176.064,984.128,PASS,0
PHASEB_formal_rs_C0_DEFAULT_N4096_q8_rep4,3,4,3,sm_89,RS_SLICE_SERIAL,NCCL,C0_DEFAULT,2048,4096,2048,8,1,2097152,59,0,1272.512,1278.656,2263.616,984.960,PASS,0
PHASEB_formal_rs_C0_DEFAULT_N4096_q8_rep4,3,4,3,sm_89,RS_SLICE_SERIAL,NCCL,C0_DEFAULT,2048,4096,2048,8,2,2097152,59,0,2372.544,2377.952,3362.976,985.024,PASS,0
PHASEB_formal_rs_C0_DEFAULT_N4096_q8_rep4,3,4,3,sm_89,RS_SLICE_SERIAL,NCCL,C0_DEFAULT,2048,4096,2048,8,3,2097152,59,0,3462.752,3468.192,4452.672,984.480,PASS,0
PHASEB_formal_rs_C0_DEFAULT_N4096_q8_rep4,3,4,3,sm_89,RS_SLICE_SERIAL,NCCL,C0_DEFAULT,2048,4096,2048,8,4,2097152,59,0,4556.736,4562.464,5547.968,985.504,PASS,0
PHASEB_formal_rs_C0_DEFAULT_N4096_q8_rep4,3,4,3,sm_89,RS_SLICE_SERIAL,NCCL,C0_DEFAULT,2048,4096,2048,8,5,2097152,59,0,5664.256,5669.696,6652.928,983.232,PASS,0
PHASEB_formal_rs_C0_DEFAULT_N4096_q8_rep4,3,4,3,sm_89,RS_SLICE_SERIAL,NCCL,C0_DEFAULT,2048,4096,2048,8,6,2097152,59,0,6755.136,6760.704,7743.552,982.848,PASS,0
PHASEB_formal_rs_C0_DEFAULT_N4096_q8_rep4,3,4,3,sm_89,RS_SLICE_SERIAL,NCCL,C0_DEFAULT,2048,4096,2048,8,7,2097152,59,0,7849.216,7856.128,8838.815,982.688,PASS,0
PHASEB_formal_rs_C0_DEFAULT_N4096_q8_rep4,3,4,3,sm_89,RS_SLICE_SERIAL,NCCL,C0_DEFAULT,2048,4096,2048,8,0,2097152,60,0,186.176,193.664,1178.176,984.512,PASS,0
PHASEB_formal_rs_C0_DEFAULT_N4096_q8_rep4,3,4,3,sm_89,RS_SLICE_SERIAL,NCCL,C0_DEFAULT,2048,4096,2048,8,1,2097152,60,0,1274.816,1280.864,2264.384,983.520,PASS,0
PHASEB_formal_rs_C0_DEFAULT_N4096_q8_rep4,3,4,3,sm_89,RS_SLICE_SERIAL,NCCL,C0_DEFAULT,2048,4096,2048,8,2,2097152,60,0,2377.664,2383.808,3369.280,985.472,PASS,0
PHASEB_formal_rs_C0_DEFAULT_N4096_q8_rep4,3,4,3,sm_89,RS_SLICE_SERIAL,NCCL,C0_DEFAULT,2048,4096,2048,8,3,2097152,60,0,3469.632,3475.360,4459.328,983.968,PASS,0
PHASEB_formal_rs_C0_DEFAULT_N4096_q8_rep4,3,4,3,sm_89,RS_SLICE_SERIAL,NCCL,C0_DEFAULT,2048,4096,2048,8,4,2097152,60,0,4559.424,4564.928,5548.704,983.776,PASS,0
PHASEB_formal_rs_C0_DEFAULT_N4096_q8_rep4,3,4,3,sm_89,RS_SLICE_SERIAL,NCCL,C0_DEFAULT,2048,4096,2048,8,5,2097152,60,0,5651.680,5657.088,6639.328,982.240,PASS,0
PHASEB_formal_rs_C0_DEFAULT_N4096_q8_rep4,3,4,3,sm_89,RS_SLICE_SERIAL,NCCL,C0_DEFAULT,2048,4096,2048,8,6,2097152,60,0,6743.616,6749.728,7733.280,983.552,PASS,0
PHASEB_formal_rs_C0_DEFAULT_N4096_q8_rep4,3,4,3,sm_89,RS_SLICE_SERIAL,NCCL,C0_DEFAULT,2048,4096,2048,8,7,2097152,60,0,7840.224,7847.328,8828.288,980.960,PASS,0
PHASEB_formal_rs_C0_DEFAULT_N4096_q8_rep4,3,4,3,sm_89,RS_SLICE_SERIAL,NCCL,C0_DEFAULT,2048,4096,2048,8,0,2097152,61,0,189.344,196.640,1182.016,985.376,PASS,0
PHASEB_formal_rs_C0_DEFAULT_N4096_q8_rep4,3,4,3,sm_89,RS_SLICE_SERIAL,NCCL,C0_DEFAULT,2048,4096,2048,8,1,2097152,61,0,1277.248,1282.624,2266.784,984.160,PASS,0
PHASEB_formal_rs_C0_DEFAULT_N4096_q8_rep4,3,4,3,sm_89,RS_SLICE_SERIAL,NCCL,C0_DEFAULT,2048,4096,2048,8,2,2097152,61,0,2375.776,2381.504,3366.560,985.056,PASS,0
PHASEB_formal_rs_C0_DEFAULT_N4096_q8_rep4,3,4,3,sm_89,RS_SLICE_SERIAL,NCCL,C0_DEFAULT,2048,4096,2048,8,3,2097152,61,0,3462.944,3468.384,4452.864,984.480,PASS,0
PHASEB_formal_rs_C0_DEFAULT_N4096_q8_rep4,3,4,3,sm_89,RS_SLICE_SERIAL,NCCL,C0_DEFAULT,2048,4096,2048,8,4,2097152,61,0,4558.272,4563.776,5548.992,985.216,PASS,0
PHASEB_formal_rs_C0_DEFAULT_N4096_q8_rep4,3,4,3,sm_89,RS_SLICE_SERIAL,NCCL,C0_DEFAULT,2048,4096,2048,8,5,2097152,61,0,5654.432,5660.832,6645.632,984.800,PASS,0
PHASEB_formal_rs_C0_DEFAULT_N4096_q8_rep4,3,4,3,sm_89,RS_SLICE_SERIAL,NCCL,C0_DEFAULT,2048,4096,2048,8,6,2097152,61,0,6743.360,6748.992,7733.024,984.032,PASS,0
PHASEB_formal_rs_C0_DEFAULT_N4096_q8_rep4,3,4,3,sm_89,RS_SLICE_SERIAL,NCCL,C0_DEFAULT,2048,4096,2048,8,7,2097152,61,0,7839.072,7845.984,8828.097,982.112,PASS,0
PHASEB_formal_rs_C0_DEFAULT_N4096_q8_rep4,3,4,3,sm_89,RS_SLICE_SERIAL,NCCL,C0_DEFAULT,2048,4096,2048,8,0,2097152,62,0,184.704,192.032,1175.584,983.552,PASS,0
PHASEB_formal_rs_C0_DEFAULT_N4096_q8_rep4,3,4,3,sm_89,RS_SLICE_SERIAL,NCCL,C0_DEFAULT,2048,4096,2048,8,1,2097152,62,0,1276.256,1281.920,2265.856,983.936,PASS,0
PHASEB_formal_rs_C0_DEFAULT_N4096_q8_rep4,3,4,3,sm_89,RS_SLICE_SERIAL,NCCL,C0_DEFAULT,2048,4096,2048,8,2,2097152,62,0,2378.848,2385.024,3370.688,985.664,PASS,0
PHASEB_formal_rs_C0_DEFAULT_N4096_q8_rep4,3,4,3,sm_89,RS_SLICE_SERIAL,NCCL,C0_DEFAULT,2048,4096,2048,8,3,2097152,62,0,3466.720,3473.344,4456.992,983.648,PASS,0
PHASEB_formal_rs_C0_DEFAULT_N4096_q8_rep4,3,4,3,sm_89,RS_SLICE_SERIAL,NCCL,C0_DEFAULT,2048,4096,2048,8,4,2097152,62,0,4561.088,4567.008,5550.240,983.232,PASS,0
PHASEB_formal_rs_C0_DEFAULT_N4096_q8_rep4,3,4,3,sm_89,RS_SLICE_SERIAL,NCCL,C0_DEFAULT,2048,4096,2048,8,5,2097152,62,0,5663.232,5668.896,6652.608,983.712,PASS,0
PHASEB_formal_rs_C0_DEFAULT_N4096_q8_rep4,3,4,3,sm_89,RS_SLICE_SERIAL,NCCL,C0_DEFAULT,2048,4096,2048,8,6,2097152,62,0,6754.016,6759.392,7741.632,982.240,PASS,0
PHASEB_formal_rs_C0_DEFAULT_N4096_q8_rep4,3,4,3,sm_89,RS_SLICE_SERIAL,NCCL,C0_DEFAULT,2048,4096,2048,8,7,2097152,62,0,7847.104,7854.080,8835.552,981.472,PASS,0
PHASEB_formal_rs_C0_DEFAULT_N4096_q8_rep4,3,4,3,sm_89,RS_SLICE_SERIAL,NCCL,C0_DEFAULT,2048,4096,2048,8,0,2097152,63,0,185.504,193.312,1176.896,983.584,PASS,0
PHASEB_formal_rs_C0_DEFAULT_N4096_q8_rep4,3,4,3,sm_89,RS_SLICE_SERIAL,NCCL,C0_DEFAULT,2048,4096,2048,8,1,2097152,63,0,1272.832,1279.008,2263.104,984.096,PASS,0
PHASEB_formal_rs_C0_DEFAULT_N4096_q8_rep4,3,4,3,sm_89,RS_SLICE_SERIAL,NCCL,C0_DEFAULT,2048,4096,2048,8,2,2097152,63,0,2373.184,2378.912,3363.552,984.640,PASS,0
PHASEB_formal_rs_C0_DEFAULT_N4096_q8_rep4,3,4,3,sm_89,RS_SLICE_SERIAL,NCCL,C0_DEFAULT,2048,4096,2048,8,3,2097152,63,0,3460.608,3466.432,4449.792,983.360,PASS,0
PHASEB_formal_rs_C0_DEFAULT_N4096_q8_rep4,3,4,3,sm_89,RS_SLICE_SERIAL,NCCL,C0_DEFAULT,2048,4096,2048,8,4,2097152,63,0,4551.456,4556.800,5540.096,983.296,PASS,0
PHASEB_formal_rs_C0_DEFAULT_N4096_q8_rep4,3,4,3,sm_89,RS_SLICE_SERIAL,NCCL,C0_DEFAULT,2048,4096,2048,8,5,2097152,63,0,5648.928,5654.336,6637.600,983.264,PASS,0
PHASEB_formal_rs_C0_DEFAULT_N4096_q8_rep4,3,4,3,sm_89,RS_SLICE_SERIAL,NCCL,C0_DEFAULT,2048,4096,2048,8,6,2097152,63,0,6739.968,6745.408,7728.544,983.136,PASS,0
PHASEB_formal_rs_C0_DEFAULT_N4096_q8_rep4,3,4,3,sm_89,RS_SLICE_SERIAL,NCCL,C0_DEFAULT,2048,4096,2048,8,7,2097152,63,0,7835.968,7842.848,8824.832,981.984,PASS,0
PHASEB_formal_rs_C0_DEFAULT_N4096_q8_rep4,3,4,3,sm_89,RS_SLICE_SERIAL,NCCL,C0_DEFAULT,2048,4096,2048,8,0,2097152,64,0,188.608,195.712,1182.144,986.432,PASS,0
PHASEB_formal_rs_C0_DEFAULT_N4096_q8_rep4,3,4,3,sm_89,RS_SLICE_SERIAL,NCCL,C0_DEFAULT,2048,4096,2048,8,1,2097152,64,0,1275.360,1280.832,2264.960,984.128,PASS,0
PHASEB_formal_rs_C0_DEFAULT_N4096_q8_rep4,3,4,3,sm_89,RS_SLICE_SERIAL,NCCL,C0_DEFAULT,2048,4096,2048,8,2,2097152,64,0,2376.672,2381.984,3367.744,985.760,PASS,0
PHASEB_formal_rs_C0_DEFAULT_N4096_q8_rep4,3,4,3,sm_89,RS_SLICE_SERIAL,NCCL,C0_DEFAULT,2048,4096,2048,8,3,2097152,64,0,3479.552,3485.216,4468.960,983.744,PASS,0
PHASEB_formal_rs_C0_DEFAULT_N4096_q8_rep4,3,4,3,sm_89,RS_SLICE_SERIAL,NCCL,C0_DEFAULT,2048,4096,2048,8,4,2097152,64,0,4567.264,4573.248,5556.800,983.552,PASS,0
PHASEB_formal_rs_C0_DEFAULT_N4096_q8_rep4,3,4,3,sm_89,RS_SLICE_SERIAL,NCCL,C0_DEFAULT,2048,4096,2048,8,5,2097152,64,0,5664.064,5669.504,6653.376,983.872,PASS,0
PHASEB_formal_rs_C0_DEFAULT_N4096_q8_rep4,3,4,3,sm_89,RS_SLICE_SERIAL,NCCL,C0_DEFAULT,2048,4096,2048,8,6,2097152,64,0,6754.720,6760.160,7744.192,984.032,PASS,0
PHASEB_formal_rs_C0_DEFAULT_N4096_q8_rep4,3,4,3,sm_89,RS_SLICE_SERIAL,NCCL,C0_DEFAULT,2048,4096,2048,8,7,2097152,64,0,7851.872,7858.880,8839.904,981.024,PASS,0
PHASEB_formal_rs_C0_DEFAULT_N4096_q8_rep4,3,4,3,sm_89,RS_SLICE_SERIAL,NCCL,C0_DEFAULT,2048,4096,2048,8,0,2097152,65,0,184.064,192.192,1175.040,982.848,PASS,0
PHASEB_formal_rs_C0_DEFAULT_N4096_q8_rep4,3,4,3,sm_89,RS_SLICE_SERIAL,NCCL,C0_DEFAULT,2048,4096,2048,8,1,2097152,65,0,1272.352,1277.696,2261.216,983.520,PASS,0
PHASEB_formal_rs_C0_DEFAULT_N4096_q8_rep4,3,4,3,sm_89,RS_SLICE_SERIAL,NCCL,C0_DEFAULT,2048,4096,2048,8,2,2097152,65,0,2372.672,2378.272,3361.984,983.712,PASS,0
PHASEB_formal_rs_C0_DEFAULT_N4096_q8_rep4,3,4,3,sm_89,RS_SLICE_SERIAL,NCCL,C0_DEFAULT,2048,4096,2048,8,3,2097152,65,0,3464.448,3469.888,4452.640,982.752,PASS,0
PHASEB_formal_rs_C0_DEFAULT_N4096_q8_rep4,3,4,3,sm_89,RS_SLICE_SERIAL,NCCL,C0_DEFAULT,2048,4096,2048,8,4,2097152,65,0,4568.512,4574.272,5558.752,984.480,PASS,0
PHASEB_formal_rs_C0_DEFAULT_N4096_q8_rep4,3,4,3,sm_89,RS_SLICE_SERIAL,NCCL,C0_DEFAULT,2048,4096,2048,8,5,2097152,65,0,5666.176,5672.384,6655.648,983.264,PASS,0
PHASEB_formal_rs_C0_DEFAULT_N4096_q8_rep4,3,4,3,sm_89,RS_SLICE_SERIAL,NCCL,C0_DEFAULT,2048,4096,2048,8,6,2097152,65,0,6755.264,6760.736,7743.136,982.400,PASS,0
PHASEB_formal_rs_C0_DEFAULT_N4096_q8_rep4,3,4,3,sm_89,RS_SLICE_SERIAL,NCCL,C0_DEFAULT,2048,4096,2048,8,7,2097152,65,0,7850.496,7857.792,8840.031,982.240,PASS,0
PHASEB_formal_rs_C0_DEFAULT_N4096_q8_rep4,3,4,3,sm_89,RS_SLICE_SERIAL,NCCL,C0_DEFAULT,2048,4096,2048,8,0,2097152,66,0,188.288,196.096,1178.944,982.848,PASS,0
PHASEB_formal_rs_C0_DEFAULT_N4096_q8_rep4,3,4,3,sm_89,RS_SLICE_SERIAL,NCCL,C0_DEFAULT,2048,4096,2048,8,1,2097152,66,0,1276.416,1281.952,2266.048,984.096,PASS,0
PHASEB_formal_rs_C0_DEFAULT_N4096_q8_rep4,3,4,3,sm_89,RS_SLICE_SERIAL,NCCL,C0_DEFAULT,2048,4096,2048,8,2,2097152,66,0,2374.560,2380.832,3366.368,985.536,PASS,0
PHASEB_formal_rs_C0_DEFAULT_N4096_q8_rep4,3,4,3,sm_89,RS_SLICE_SERIAL,NCCL,C0_DEFAULT,2048,4096,2048,8,3,2097152,66,0,3462.016,3468.224,4450.848,982.624,PASS,0
PHASEB_formal_rs_C0_DEFAULT_N4096_q8_rep4,3,4,3,sm_89,RS_SLICE_SERIAL,NCCL,C0_DEFAULT,2048,4096,2048,8,4,2097152,66,0,4555.328,4561.184,5544.352,983.168,PASS,0
PHASEB_formal_rs_C0_DEFAULT_N4096_q8_rep4,3,4,3,sm_89,RS_SLICE_SERIAL,NCCL,C0_DEFAULT,2048,4096,2048,8,5,2097152,66,0,5654.464,5660.128,6645.120,984.992,PASS,0
PHASEB_formal_rs_C0_DEFAULT_N4096_q8_rep4,3,4,3,sm_89,RS_SLICE_SERIAL,NCCL,C0_DEFAULT,2048,4096,2048,8,6,2097152,66,0,6744.160,6749.600,7733.440,983.840,PASS,0
PHASEB_formal_rs_C0_DEFAULT_N4096_q8_rep4,3,4,3,sm_89,RS_SLICE_SERIAL,NCCL,C0_DEFAULT,2048,4096,2048,8,7,2097152,66,0,7839.520,7846.336,8827.392,981.056,PASS,0
PHASEB_formal_rs_C0_DEFAULT_N4096_q8_rep4,3,4,3,sm_89,RS_SLICE_SERIAL,NCCL,C0_DEFAULT,2048,4096,2048,8,0,2097152,67,0,185.984,193.472,1180.160,986.688,PASS,0
PHASEB_formal_rs_C0_DEFAULT_N4096_q8_rep4,3,4,3,sm_89,RS_SLICE_SERIAL,NCCL,C0_DEFAULT,2048,4096,2048,8,1,2097152,67,0,1276.320,1282.944,2266.304,983.360,PASS,0
PHASEB_formal_rs_C0_DEFAULT_N4096_q8_rep4,3,4,3,sm_89,RS_SLICE_SERIAL,NCCL,C0_DEFAULT,2048,4096,2048,8,2,2097152,67,0,2375.616,2381.312,3365.024,983.712,PASS,0
PHASEB_formal_rs_C0_DEFAULT_N4096_q8_rep4,3,4,3,sm_89,RS_SLICE_SERIAL,NCCL,C0_DEFAULT,2048,4096,2048,8,3,2097152,67,0,3468.416,3474.112,4457.408,983.296,PASS,0
PHASEB_formal_rs_C0_DEFAULT_N4096_q8_rep4,3,4,3,sm_89,RS_SLICE_SERIAL,NCCL,C0_DEFAULT,2048,4096,2048,8,4,2097152,67,0,4560.256,4566.304,5550.400,984.096,PASS,0
PHASEB_formal_rs_C0_DEFAULT_N4096_q8_rep4,3,4,3,sm_89,RS_SLICE_SERIAL,NCCL,C0_DEFAULT,2048,4096,2048,8,5,2097152,67,0,5658.496,5664.768,6648.416,983.648,PASS,0
PHASEB_formal_rs_C0_DEFAULT_N4096_q8_rep4,3,4,3,sm_89,RS_SLICE_SERIAL,NCCL,C0_DEFAULT,2048,4096,2048,8,6,2097152,67,0,6744.832,6750.176,7733.056,982.880,PASS,0
PHASEB_formal_rs_C0_DEFAULT_N4096_q8_rep4,3,4,3,sm_89,RS_SLICE_SERIAL,NCCL,C0_DEFAULT,2048,4096,2048,8,7,2097152,67,0,7839.616,7846.656,8829.568,982.912,PASS,0
PHASEB_formal_rs_C0_DEFAULT_N4096_q8_rep4,3,4,3,sm_89,RS_SLICE_SERIAL,NCCL,C0_DEFAULT,2048,4096,2048,8,0,2097152,68,0,183.808,191.008,1173.728,982.720,PASS,0
PHASEB_formal_rs_C0_DEFAULT_N4096_q8_rep4,3,4,3,sm_89,RS_SLICE_SERIAL,NCCL,C0_DEFAULT,2048,4096,2048,8,1,2097152,68,0,1270.624,1276.864,2259.808,982.944,PASS,0
PHASEB_formal_rs_C0_DEFAULT_N4096_q8_rep4,3,4,3,sm_89,RS_SLICE_SERIAL,NCCL,C0_DEFAULT,2048,4096,2048,8,2,2097152,68,0,2370.144,2375.744,3360.416,984.672,PASS,0
PHASEB_formal_rs_C0_DEFAULT_N4096_q8_rep4,3,4,3,sm_89,RS_SLICE_SERIAL,NCCL,C0_DEFAULT,2048,4096,2048,8,3,2097152,68,0,3456.672,3463.104,4446.944,983.840,PASS,0
PHASEB_formal_rs_C0_DEFAULT_N4096_q8_rep4,3,4,3,sm_89,RS_SLICE_SERIAL,NCCL,C0_DEFAULT,2048,4096,2048,8,4,2097152,68,0,4558.592,4564.512,5548.480,983.968,PASS,0
PHASEB_formal_rs_C0_DEFAULT_N4096_q8_rep4,3,4,3,sm_89,RS_SLICE_SERIAL,NCCL,C0_DEFAULT,2048,4096,2048,8,5,2097152,68,0,5655.136,5660.672,6644.704,984.032,PASS,0
PHASEB_formal_rs_C0_DEFAULT_N4096_q8_rep4,3,4,3,sm_89,RS_SLICE_SERIAL,NCCL,C0_DEFAULT,2048,4096,2048,8,6,2097152,68,0,6739.808,6745.536,7731.584,986.048,PASS,0
PHASEB_formal_rs_C0_DEFAULT_N4096_q8_rep4,3,4,3,sm_89,RS_SLICE_SERIAL,NCCL,C0_DEFAULT,2048,4096,2048,8,7,2097152,68,0,7836.448,7843.616,8825.248,981.632,PASS,0
PHASEB_formal_rs_C0_DEFAULT_N4096_q8_rep4,3,4,3,sm_89,RS_SLICE_SERIAL,NCCL,C0_DEFAULT,2048,4096,2048,8,0,2097152,69,0,184.928,192.992,1176.736,983.744,PASS,0
PHASEB_formal_rs_C0_DEFAULT_N4096_q8_rep4,3,4,3,sm_89,RS_SLICE_SERIAL,NCCL,C0_DEFAULT,2048,4096,2048,8,1,2097152,69,0,1272.544,1279.328,2263.488,984.160,PASS,0
PHASEB_formal_rs_C0_DEFAULT_N4096_q8_rep4,3,4,3,sm_89,RS_SLICE_SERIAL,NCCL,C0_DEFAULT,2048,4096,2048,8,2,2097152,69,0,2369.024,2374.592,3359.616,985.024,PASS,0
PHASEB_formal_rs_C0_DEFAULT_N4096_q8_rep4,3,4,3,sm_89,RS_SLICE_SERIAL,NCCL,C0_DEFAULT,2048,4096,2048,8,3,2097152,69,0,3456.192,3462.176,4446.432,984.256,PASS,0
PHASEB_formal_rs_C0_DEFAULT_N4096_q8_rep4,3,4,3,sm_89,RS_SLICE_SERIAL,NCCL,C0_DEFAULT,2048,4096,2048,8,4,2097152,69,0,4546.944,4552.576,5537.408,984.832,PASS,0
PHASEB_formal_rs_C0_DEFAULT_N4096_q8_rep4,3,4,3,sm_89,RS_SLICE_SERIAL,NCCL,C0_DEFAULT,2048,4096,2048,8,5,2097152,69,0,5643.584,5649.728,6634.112,984.384,PASS,0
PHASEB_formal_rs_C0_DEFAULT_N4096_q8_rep4,3,4,3,sm_89,RS_SLICE_SERIAL,NCCL,C0_DEFAULT,2048,4096,2048,8,6,2097152,69,0,6730.208,6735.648,7720.224,984.576,PASS,0
PHASEB_formal_rs_C0_DEFAULT_N4096_q8_rep4,3,4,3,sm_89,RS_SLICE_SERIAL,NCCL,C0_DEFAULT,2048,4096,2048,8,7,2097152,69,0,7829.696,7836.608,8819.296,982.688,PASS,0
PHASEB_formal_rs_C0_DEFAULT_N4096_q8_rep4,3,4,3,sm_89,RS_SLICE_SERIAL,NCCL,C0_DEFAULT,2048,4096,2048,8,0,2097152,70,0,183.232,190.368,1173.376,983.008,PASS,0
PHASEB_formal_rs_C0_DEFAULT_N4096_q8_rep4,3,4,3,sm_89,RS_SLICE_SERIAL,NCCL,C0_DEFAULT,2048,4096,2048,8,1,2097152,70,0,1270.464,1276.000,2260.128,984.128,PASS,0
PHASEB_formal_rs_C0_DEFAULT_N4096_q8_rep4,3,4,3,sm_89,RS_SLICE_SERIAL,NCCL,C0_DEFAULT,2048,4096,2048,8,2,2097152,70,0,2366.048,2371.456,3357.568,986.112,PASS,0
PHASEB_formal_rs_C0_DEFAULT_N4096_q8_rep4,3,4,3,sm_89,RS_SLICE_SERIAL,NCCL,C0_DEFAULT,2048,4096,2048,8,3,2097152,70,0,3453.920,3460.480,4443.616,983.136,PASS,0
PHASEB_formal_rs_C0_DEFAULT_N4096_q8_rep4,3,4,3,sm_89,RS_SLICE_SERIAL,NCCL,C0_DEFAULT,2048,4096,2048,8,4,2097152,70,0,4547.904,4553.824,5536.448,982.624,PASS,0
PHASEB_formal_rs_C0_DEFAULT_N4096_q8_rep4,3,4,3,sm_89,RS_SLICE_SERIAL,NCCL,C0_DEFAULT,2048,4096,2048,8,5,2097152,70,0,5647.616,5653.056,6637.664,984.608,PASS,0
PHASEB_formal_rs_C0_DEFAULT_N4096_q8_rep4,3,4,3,sm_89,RS_SLICE_SERIAL,NCCL,C0_DEFAULT,2048,4096,2048,8,6,2097152,70,0,6734.144,6739.904,7723.424,983.520,PASS,0
PHASEB_formal_rs_C0_DEFAULT_N4096_q8_rep4,3,4,3,sm_89,RS_SLICE_SERIAL,NCCL,C0_DEFAULT,2048,4096,2048,8,7,2097152,70,0,7832.416,7839.552,8820.800,981.248,PASS,0
PHASEB_formal_rs_C0_DEFAULT_N4096_q8_rep4,3,4,3,sm_89,RS_SLICE_SERIAL,NCCL,C0_DEFAULT,2048,4096,2048,8,0,2097152,71,0,194.688,202.176,1187.840,985.664,PASS,0
PHASEB_formal_rs_C0_DEFAULT_N4096_q8_rep4,3,4,3,sm_89,RS_SLICE_SERIAL,NCCL,C0_DEFAULT,2048,4096,2048,8,1,2097152,71,0,1282.720,1289.216,2272.736,983.520,PASS,0
PHASEB_formal_rs_C0_DEFAULT_N4096_q8_rep4,3,4,3,sm_89,RS_SLICE_SERIAL,NCCL,C0_DEFAULT,2048,4096,2048,8,2,2097152,71,0,2387.264,2392.960,3376.384,983.424,PASS,0
PHASEB_formal_rs_C0_DEFAULT_N4096_q8_rep4,3,4,3,sm_89,RS_SLICE_SERIAL,NCCL,C0_DEFAULT,2048,4096,2048,8,3,2097152,71,0,3473.920,3479.808,4463.776,983.968,PASS,0
PHASEB_formal_rs_C0_DEFAULT_N4096_q8_rep4,3,4,3,sm_89,RS_SLICE_SERIAL,NCCL,C0_DEFAULT,2048,4096,2048,8,4,2097152,71,0,4570.144,4575.776,5559.104,983.328,PASS,0
PHASEB_formal_rs_C0_DEFAULT_N4096_q8_rep4,3,4,3,sm_89,RS_SLICE_SERIAL,NCCL,C0_DEFAULT,2048,4096,2048,8,5,2097152,71,0,5666.592,5672.128,6655.712,983.584,PASS,0
PHASEB_formal_rs_C0_DEFAULT_N4096_q8_rep4,3,4,3,sm_89,RS_SLICE_SERIAL,NCCL,C0_DEFAULT,2048,4096,2048,8,6,2097152,71,0,6752.128,6757.472,7740.544,983.072,PASS,0
PHASEB_formal_rs_C0_DEFAULT_N4096_q8_rep4,3,4,3,sm_89,RS_SLICE_SERIAL,NCCL,C0_DEFAULT,2048,4096,2048,8,7,2097152,71,0,7845.344,7852.224,8834.592,982.368,PASS,0
PHASEB_formal_rs_C0_DEFAULT_N4096_q8_rep4,3,4,3,sm_89,RS_SLICE_SERIAL,NCCL,C0_DEFAULT,2048,4096,2048,8,0,2097152,72,0,186.464,194.080,1178.016,983.936,PASS,0
PHASEB_formal_rs_C0_DEFAULT_N4096_q8_rep4,3,4,3,sm_89,RS_SLICE_SERIAL,NCCL,C0_DEFAULT,2048,4096,2048,8,1,2097152,72,0,1272.608,1278.688,2262.304,983.616,PASS,0
PHASEB_formal_rs_C0_DEFAULT_N4096_q8_rep4,3,4,3,sm_89,RS_SLICE_SERIAL,NCCL,C0_DEFAULT,2048,4096,2048,8,2,2097152,72,0,2373.792,2379.744,3363.360,983.616,PASS,0
PHASEB_formal_rs_C0_DEFAULT_N4096_q8_rep4,3,4,3,sm_89,RS_SLICE_SERIAL,NCCL,C0_DEFAULT,2048,4096,2048,8,3,2097152,72,0,3460.544,3465.888,4448.896,983.008,PASS,0
PHASEB_formal_rs_C0_DEFAULT_N4096_q8_rep4,3,4,3,sm_89,RS_SLICE_SERIAL,NCCL,C0_DEFAULT,2048,4096,2048,8,4,2097152,72,0,4552.768,4558.464,5540.704,982.240,PASS,0
PHASEB_formal_rs_C0_DEFAULT_N4096_q8_rep4,3,4,3,sm_89,RS_SLICE_SERIAL,NCCL,C0_DEFAULT,2048,4096,2048,8,5,2097152,72,0,5651.072,5656.992,6641.248,984.256,PASS,0
PHASEB_formal_rs_C0_DEFAULT_N4096_q8_rep4,3,4,3,sm_89,RS_SLICE_SERIAL,NCCL,C0_DEFAULT,2048,4096,2048,8,6,2097152,72,0,6740.832,6746.176,7730.496,984.320,PASS,0
PHASEB_formal_rs_C0_DEFAULT_N4096_q8_rep4,3,4,3,sm_89,RS_SLICE_SERIAL,NCCL,C0_DEFAULT,2048,4096,2048,8,7,2097152,72,0,7833.280,7840.096,8821.408,981.312,PASS,0
PHASEB_formal_rs_C0_DEFAULT_N4096_q8_rep4,3,4,3,sm_89,RS_SLICE_SERIAL,NCCL,C0_DEFAULT,2048,4096,2048,8,0,2097152,73,0,189.728,196.768,1180.608,983.840,PASS,0
PHASEB_formal_rs_C0_DEFAULT_N4096_q8_rep4,3,4,3,sm_89,RS_SLICE_SERIAL,NCCL,C0_DEFAULT,2048,4096,2048,8,1,2097152,73,0,1279.104,1284.736,2268.224,983.488,PASS,0
PHASEB_formal_rs_C0_DEFAULT_N4096_q8_rep4,3,4,3,sm_89,RS_SLICE_SERIAL,NCCL,C0_DEFAULT,2048,4096,2048,8,2,2097152,73,0,2378.272,2383.808,3369.216,985.408,PASS,0
PHASEB_formal_rs_C0_DEFAULT_N4096_q8_rep4,3,4,3,sm_89,RS_SLICE_SERIAL,NCCL,C0_DEFAULT,2048,4096,2048,8,3,2097152,73,0,3469.440,3474.944,4459.392,984.448,PASS,0
PHASEB_formal_rs_C0_DEFAULT_N4096_q8_rep4,3,4,3,sm_89,RS_SLICE_SERIAL,NCCL,C0_DEFAULT,2048,4096,2048,8,4,2097152,73,0,4566.080,4571.584,5556.512,984.928,PASS,0
PHASEB_formal_rs_C0_DEFAULT_N4096_q8_rep4,3,4,3,sm_89,RS_SLICE_SERIAL,NCCL,C0_DEFAULT,2048,4096,2048,8,5,2097152,73,0,5659.712,5666.240,6650.304,984.064,PASS,0
PHASEB_formal_rs_C0_DEFAULT_N4096_q8_rep4,3,4,3,sm_89,RS_SLICE_SERIAL,NCCL,C0_DEFAULT,2048,4096,2048,8,6,2097152,73,0,6750.816,6756.448,7739.616,983.168,PASS,0
PHASEB_formal_rs_C0_DEFAULT_N4096_q8_rep4,3,4,3,sm_89,RS_SLICE_SERIAL,NCCL,C0_DEFAULT,2048,4096,2048,8,7,2097152,73,0,7848.960,7856.032,8838.112,982.080,PASS,0
PHASEB_formal_rs_C0_DEFAULT_N4096_q8_rep4,3,4,3,sm_89,RS_SLICE_SERIAL,NCCL,C0_DEFAULT,2048,4096,2048,8,0,2097152,74,0,186.592,194.336,1178.080,983.744,PASS,0
PHASEB_formal_rs_C0_DEFAULT_N4096_q8_rep4,3,4,3,sm_89,RS_SLICE_SERIAL,NCCL,C0_DEFAULT,2048,4096,2048,8,1,2097152,74,0,1276.480,1282.624,2267.072,984.448,PASS,0
PHASEB_formal_rs_C0_DEFAULT_N4096_q8_rep4,3,4,3,sm_89,RS_SLICE_SERIAL,NCCL,C0_DEFAULT,2048,4096,2048,8,2,2097152,74,0,2378.112,2383.808,3367.840,984.032,PASS,0
PHASEB_formal_rs_C0_DEFAULT_N4096_q8_rep4,3,4,3,sm_89,RS_SLICE_SERIAL,NCCL,C0_DEFAULT,2048,4096,2048,8,3,2097152,74,0,3464.320,3470.848,4455.008,984.160,PASS,0
PHASEB_formal_rs_C0_DEFAULT_N4096_q8_rep4,3,4,3,sm_89,RS_SLICE_SERIAL,NCCL,C0_DEFAULT,2048,4096,2048,8,4,2097152,74,0,4560.384,4565.760,5547.808,982.048,PASS,0
PHASEB_formal_rs_C0_DEFAULT_N4096_q8_rep4,3,4,3,sm_89,RS_SLICE_SERIAL,NCCL,C0_DEFAULT,2048,4096,2048,8,5,2097152,74,0,5657.248,5662.624,6646.048,983.424,PASS,0
PHASEB_formal_rs_C0_DEFAULT_N4096_q8_rep4,3,4,3,sm_89,RS_SLICE_SERIAL,NCCL,C0_DEFAULT,2048,4096,2048,8,6,2097152,74,0,6744.992,6750.400,7735.712,985.312,PASS,0
PHASEB_formal_rs_C0_DEFAULT_N4096_q8_rep4,3,4,3,sm_89,RS_SLICE_SERIAL,NCCL,C0_DEFAULT,2048,4096,2048,8,7,2097152,74,0,7835.680,7842.528,8823.584,981.056,PASS,0
PHASEB_formal_rs_C0_DEFAULT_N4096_q8_rep4,3,4,3,sm_89,RS_SLICE_SERIAL,NCCL,C0_DEFAULT,2048,4096,2048,8,0,2097152,75,0,186.624,194.688,1179.840,985.152,PASS,0
PHASEB_formal_rs_C0_DEFAULT_N4096_q8_rep4,3,4,3,sm_89,RS_SLICE_SERIAL,NCCL,C0_DEFAULT,2048,4096,2048,8,1,2097152,75,0,1275.744,1282.464,2265.664,983.200,PASS,0
PHASEB_formal_rs_C0_DEFAULT_N4096_q8_rep4,3,4,3,sm_89,RS_SLICE_SERIAL,NCCL,C0_DEFAULT,2048,4096,2048,8,2,2097152,75,0,2377.440,2382.912,3366.848,983.936,PASS,0
PHASEB_formal_rs_C0_DEFAULT_N4096_q8_rep4,3,4,3,sm_89,RS_SLICE_SERIAL,NCCL,C0_DEFAULT,2048,4096,2048,8,3,2097152,75,0,3472.160,3477.952,4461.408,983.456,PASS,0
PHASEB_formal_rs_C0_DEFAULT_N4096_q8_rep4,3,4,3,sm_89,RS_SLICE_SERIAL,NCCL,C0_DEFAULT,2048,4096,2048,8,4,2097152,75,0,4563.616,4569.824,5553.920,984.096,PASS,0
PHASEB_formal_rs_C0_DEFAULT_N4096_q8_rep4,3,4,3,sm_89,RS_SLICE_SERIAL,NCCL,C0_DEFAULT,2048,4096,2048,8,5,2097152,75,0,5660.096,5665.472,6649.696,984.224,PASS,0
PHASEB_formal_rs_C0_DEFAULT_N4096_q8_rep4,3,4,3,sm_89,RS_SLICE_SERIAL,NCCL,C0_DEFAULT,2048,4096,2048,8,6,2097152,75,0,6751.680,6757.088,7740.576,983.488,PASS,0
PHASEB_formal_rs_C0_DEFAULT_N4096_q8_rep4,3,4,3,sm_89,RS_SLICE_SERIAL,NCCL,C0_DEFAULT,2048,4096,2048,8,7,2097152,75,0,7843.072,7849.888,8832.544,982.656,PASS,0
PHASEB_formal_rs_C0_DEFAULT_N4096_q8_rep4,3,4,3,sm_89,RS_SLICE_SERIAL,NCCL,C0_DEFAULT,2048,4096,2048,8,0,2097152,76,0,185.344,192.928,1175.616,982.688,PASS,0
PHASEB_formal_rs_C0_DEFAULT_N4096_q8_rep4,3,4,3,sm_89,RS_SLICE_SERIAL,NCCL,C0_DEFAULT,2048,4096,2048,8,1,2097152,76,0,1284.992,1290.496,2274.304,983.808,PASS,0
PHASEB_formal_rs_C0_DEFAULT_N4096_q8_rep4,3,4,3,sm_89,RS_SLICE_SERIAL,NCCL,C0_DEFAULT,2048,4096,2048,8,2,2097152,76,0,2379.040,2384.448,3368.992,984.544,PASS,0
PHASEB_formal_rs_C0_DEFAULT_N4096_q8_rep4,3,4,3,sm_89,RS_SLICE_SERIAL,NCCL,C0_DEFAULT,2048,4096,2048,8,3,2097152,76,0,3474.976,3480.416,4464.896,984.480,PASS,0
PHASEB_formal_rs_C0_DEFAULT_N4096_q8_rep4,3,4,3,sm_89,RS_SLICE_SERIAL,NCCL,C0_DEFAULT,2048,4096,2048,8,4,2097152,76,0,4561.888,4567.328,5550.496,983.168,PASS,0
PHASEB_formal_rs_C0_DEFAULT_N4096_q8_rep4,3,4,3,sm_89,RS_SLICE_SERIAL,NCCL,C0_DEFAULT,2048,4096,2048,8,5,2097152,76,0,5655.136,5660.416,6643.968,983.552,PASS,0
PHASEB_formal_rs_C0_DEFAULT_N4096_q8_rep4,3,4,3,sm_89,RS_SLICE_SERIAL,NCCL,C0_DEFAULT,2048,4096,2048,8,6,2097152,76,0,6747.200,6752.704,7737.728,985.024,PASS,0
PHASEB_formal_rs_C0_DEFAULT_N4096_q8_rep4,3,4,3,sm_89,RS_SLICE_SERIAL,NCCL,C0_DEFAULT,2048,4096,2048,8,7,2097152,76,0,7844.032,7851.008,8832.032,981.024,PASS,0
PHASEB_formal_rs_C0_DEFAULT_N4096_q8_rep4,3,4,3,sm_89,RS_SLICE_SERIAL,NCCL,C0_DEFAULT,2048,4096,2048,8,0,2097152,77,0,186.432,193.824,1179.520,985.696,PASS,0
PHASEB_formal_rs_C0_DEFAULT_N4096_q8_rep4,3,4,3,sm_89,RS_SLICE_SERIAL,NCCL,C0_DEFAULT,2048,4096,2048,8,1,2097152,77,0,1277.792,1283.552,2266.240,982.688,PASS,0
PHASEB_formal_rs_C0_DEFAULT_N4096_q8_rep4,3,4,3,sm_89,RS_SLICE_SERIAL,NCCL,C0_DEFAULT,2048,4096,2048,8,2,2097152,77,0,2373.408,2378.912,3363.776,984.864,PASS,0
PHASEB_formal_rs_C0_DEFAULT_N4096_q8_rep4,3,4,3,sm_89,RS_SLICE_SERIAL,NCCL,C0_DEFAULT,2048,4096,2048,8,3,2097152,77,0,3471.456,3476.928,4461.600,984.672,PASS,0
PHASEB_formal_rs_C0_DEFAULT_N4096_q8_rep4,3,4,3,sm_89,RS_SLICE_SERIAL,NCCL,C0_DEFAULT,2048,4096,2048,8,4,2097152,77,0,4561.440,4567.456,5552.288,984.832,PASS,0
PHASEB_formal_rs_C0_DEFAULT_N4096_q8_rep4,3,4,3,sm_89,RS_SLICE_SERIAL,NCCL,C0_DEFAULT,2048,4096,2048,8,5,2097152,77,0,5656.736,5663.168,6646.784,983.616,PASS,0
PHASEB_formal_rs_C0_DEFAULT_N4096_q8_rep4,3,4,3,sm_89,RS_SLICE_SERIAL,NCCL,C0_DEFAULT,2048,4096,2048,8,6,2097152,77,0,6750.208,6755.584,7738.944,983.360,PASS,0
PHASEB_formal_rs_C0_DEFAULT_N4096_q8_rep4,3,4,3,sm_89,RS_SLICE_SERIAL,NCCL,C0_DEFAULT,2048,4096,2048,8,7,2097152,77,0,7848.192,7854.944,8836.929,981.984,PASS,0
PHASEB_formal_rs_C0_DEFAULT_N4096_q8_rep4,3,4,3,sm_89,RS_SLICE_SERIAL,NCCL,C0_DEFAULT,2048,4096,2048,8,0,2097152,78,0,188.192,195.904,1180.096,984.192,PASS,0
PHASEB_formal_rs_C0_DEFAULT_N4096_q8_rep4,3,4,3,sm_89,RS_SLICE_SERIAL,NCCL,C0_DEFAULT,2048,4096,2048,8,1,2097152,78,0,1275.264,1280.800,2264.512,983.712,PASS,0
PHASEB_formal_rs_C0_DEFAULT_N4096_q8_rep4,3,4,3,sm_89,RS_SLICE_SERIAL,NCCL,C0_DEFAULT,2048,4096,2048,8,2,2097152,78,0,2373.760,2379.968,3365.600,985.632,PASS,0
PHASEB_formal_rs_C0_DEFAULT_N4096_q8_rep4,3,4,3,sm_89,RS_SLICE_SERIAL,NCCL,C0_DEFAULT,2048,4096,2048,8,3,2097152,78,0,3467.456,3473.760,4457.600,983.840,PASS,0
PHASEB_formal_rs_C0_DEFAULT_N4096_q8_rep4,3,4,3,sm_89,RS_SLICE_SERIAL,NCCL,C0_DEFAULT,2048,4096,2048,8,4,2097152,78,0,4555.904,4562.048,5544.768,982.720,PASS,0
PHASEB_formal_rs_C0_DEFAULT_N4096_q8_rep4,3,4,3,sm_89,RS_SLICE_SERIAL,NCCL,C0_DEFAULT,2048,4096,2048,8,5,2097152,78,0,5653.664,5659.200,6643.840,984.640,PASS,0
PHASEB_formal_rs_C0_DEFAULT_N4096_q8_rep4,3,4,3,sm_89,RS_SLICE_SERIAL,NCCL,C0_DEFAULT,2048,4096,2048,8,6,2097152,78,0,6746.496,6751.872,7735.680,983.808,PASS,0
PHASEB_formal_rs_C0_DEFAULT_N4096_q8_rep4,3,4,3,sm_89,RS_SLICE_SERIAL,NCCL,C0_DEFAULT,2048,4096,2048,8,7,2097152,78,0,7845.120,7851.872,8832.736,980.864,PASS,0
PHASEB_formal_rs_C0_DEFAULT_N4096_q8_rep4,3,4,3,sm_89,RS_SLICE_SERIAL,NCCL,C0_DEFAULT,2048,4096,2048,8,0,2097152,79,0,190.784,198.400,1184.256,985.856,PASS,0
PHASEB_formal_rs_C0_DEFAULT_N4096_q8_rep4,3,4,3,sm_89,RS_SLICE_SERIAL,NCCL,C0_DEFAULT,2048,4096,2048,8,1,2097152,79,0,1280.288,1287.040,2270.048,983.008,PASS,0
PHASEB_formal_rs_C0_DEFAULT_N4096_q8_rep4,3,4,3,sm_89,RS_SLICE_SERIAL,NCCL,C0_DEFAULT,2048,4096,2048,8,2,2097152,79,0,2381.664,2387.200,3371.904,984.704,PASS,0
PHASEB_formal_rs_C0_DEFAULT_N4096_q8_rep4,3,4,3,sm_89,RS_SLICE_SERIAL,NCCL,C0_DEFAULT,2048,4096,2048,8,3,2097152,79,0,3480.544,3486.496,4469.824,983.328,PASS,0
PHASEB_formal_rs_C0_DEFAULT_N4096_q8_rep4,3,4,3,sm_89,RS_SLICE_SERIAL,NCCL,C0_DEFAULT,2048,4096,2048,8,4,2097152,79,0,4569.760,4575.872,5558.816,982.944,PASS,0
PHASEB_formal_rs_C0_DEFAULT_N4096_q8_rep4,3,4,3,sm_89,RS_SLICE_SERIAL,NCCL,C0_DEFAULT,2048,4096,2048,8,5,2097152,79,0,5669.088,5674.528,6658.720,984.192,PASS,0
PHASEB_formal_rs_C0_DEFAULT_N4096_q8_rep4,3,4,3,sm_89,RS_SLICE_SERIAL,NCCL,C0_DEFAULT,2048,4096,2048,8,6,2097152,79,0,6762.400,6767.968,7750.048,982.080,PASS,0
PHASEB_formal_rs_C0_DEFAULT_N4096_q8_rep4,3,4,3,sm_89,RS_SLICE_SERIAL,NCCL,C0_DEFAULT,2048,4096,2048,8,7,2097152,79,0,7858.720,7865.952,8848.384,982.432,PASS,0
