run_id,rank,rank_count,device,gfx_arch,path,family,candidate,M,N,K,q,slice_index,slice_bytes,iteration_index,t_issue_us,t_release_us,t_gemm_start_us,t_gemm_end_us,t_gemm_duration_us,correctness,status
PHASEB_formal_rs_C0_DEFAULT_N2048_q16_rep1,3,4,3,sm_89,RS_SLICE_SERIAL,NCCL,C0_DEFAULT,2048,2048,2048,16,0,1048576,0,0,117.472,125.152,390.016,264.864,PASS,0
PHASEB_formal_rs_C0_DEFAULT_N2048_q16_rep1,3,4,3,sm_89,RS_SLICE_SERIAL,NCCL,C0_DEFAULT,2048,2048,2048,16,1,1048576,0,0,499.648,505.984,768.384,262.400,PASS,0
PHASEB_formal_rs_C0_DEFAULT_N2048_q16_rep1,3,4,3,sm_89,RS_SLICE_SERIAL,NCCL,C0_DEFAULT,2048,2048,2048,16,2,1048576,0,0,847.840,853.376,1115.744,262.368,PASS,0
PHASEB_formal_rs_C0_DEFAULT_N2048_q16_rep1,3,4,3,sm_89,RS_SLICE_SERIAL,NCCL,C0_DEFAULT,2048,2048,2048,16,3,1048576,0,0,1216.224,1222.048,1485.024,262.976,PASS,0
PHASEB_formal_rs_C0_DEFAULT_N2048_q16_rep1,3,4,3,sm_89,RS_SLICE_SERIAL,NCCL,C0_DEFAULT,2048,2048,2048,16,4,1048576,0,0,1576.320,1582.016,1843.584,261.568,PASS,0
PHASEB_formal_rs_C0_DEFAULT_N2048_q16_rep1,3,4,3,sm_89,RS_SLICE_SERIAL,NCCL,C0_DEFAULT,2048,2048,2048,16,5,1048576,0,0,1931.520,1936.768,2199.520,262.752,PASS,0
PHASEB_formal_rs_C0_DEFAULT_N2048_q16_rep1,3,4,3,sm_89,RS_SLICE_SERIAL,NCCL,C0_DEFAULT,2048,2048,2048,16,6,1048576,0,0,2282.656,2288.160,2550.816,262.656,PASS,0
PHASEB_formal_rs_C0_DEFAULT_N2048_q16_rep1,3,4,3,sm_89,RS_SLICE_SERIAL,NCCL,C0_DEFAULT,2048,2048,2048,16,7,1048576,0,0,2631.136,2636.672,2899.392,262.720,PASS,0
PHASEB_formal_rs_C0_DEFAULT_N2048_q16_rep1,3,4,3,sm_89,RS_SLICE_SERIAL,NCCL,C0_DEFAULT,2048,2048,2048,16,8,1048576,0,0,2994.112,2999.680,3263.936,264.256,PASS,0
PHASEB_formal_rs_C0_DEFAULT_N2048_q16_rep1,3,4,3,sm_89,RS_SLICE_SERIAL,NCCL,C0_DEFAULT,2048,2048,2048,16,9,1048576,0,0,3342.208,3348.256,3610.048,261.792,PASS,0
PHASEB_formal_rs_C0_DEFAULT_N2048_q16_rep1,3,4,3,sm_89,RS_SLICE_SERIAL,NCCL,C0_DEFAULT,2048,2048,2048,16,10,1048576,0,0,3693.664,3699.616,3961.760,262.144,PASS,0
PHASEB_formal_rs_C0_DEFAULT_N2048_q16_rep1,3,4,3,sm_89,RS_SLICE_SERIAL,NCCL,C0_DEFAULT,2048,2048,2048,16,11,1048576,0,0,4041.536,4046.944,4310.496,263.552,PASS,0
PHASEB_formal_rs_C0_DEFAULT_N2048_q16_rep1,3,4,3,sm_89,RS_SLICE_SERIAL,NCCL,C0_DEFAULT,2048,2048,2048,16,12,1048576,0,0,4392.960,4398.272,4660.096,261.824,PASS,0
PHASEB_formal_rs_C0_DEFAULT_N2048_q16_rep1,3,4,3,sm_89,RS_SLICE_SERIAL,NCCL,C0_DEFAULT,2048,2048,2048,16,13,1048576,0,0,4743.776,4749.984,5012.832,262.848,PASS,0
PHASEB_formal_rs_C0_DEFAULT_N2048_q16_rep1,3,4,3,sm_89,RS_SLICE_SERIAL,NCCL,C0_DEFAULT,2048,2048,2048,16,14,1048576,0,0,5090.848,5096.128,5358.944,262.816,PASS,0
PHASEB_formal_rs_C0_DEFAULT_N2048_q16_rep1,3,4,3,sm_89,RS_SLICE_SERIAL,NCCL,C0_DEFAULT,2048,2048,2048,16,15,1048576,0,0,5448.352,5455.328,5715.264,259.936,PASS,0
PHASEB_formal_rs_C0_DEFAULT_N2048_q16_rep1,3,4,3,sm_89,RS_SLICE_SERIAL,NCCL,C0_DEFAULT,2048,2048,2048,16,0,1048576,1,0,114.080,120.928,384.128,263.200,PASS,0
PHASEB_formal_rs_C0_DEFAULT_N2048_q16_rep1,3,4,3,sm_89,RS_SLICE_SERIAL,NCCL,C0_DEFAULT,2048,2048,2048,16,1,1048576,1,0,466.240,472.256,735.008,262.752,PASS,0
PHASEB_formal_rs_C0_DEFAULT_N2048_q16_rep1,3,4,3,sm_89,RS_SLICE_SERIAL,NCCL,C0_DEFAULT,2048,2048,2048,16,2,1048576,1,0,825.792,831.136,1095.104,263.968,PASS,0
PHASEB_formal_rs_C0_DEFAULT_N2048_q16_rep1,3,4,3,sm_89,RS_SLICE_SERIAL,NCCL,C0_DEFAULT,2048,2048,2048,16,3,1048576,1,0,1195.712,1201.216,1464.448,263.232,PASS,0
PHASEB_formal_rs_C0_DEFAULT_N2048_q16_rep1,3,4,3,sm_89,RS_SLICE_SERIAL,NCCL,C0_DEFAULT,2048,2048,2048,16,4,1048576,1,0,1544.320,1549.632,1811.232,261.600,PASS,0
PHASEB_formal_rs_C0_DEFAULT_N2048_q16_rep1,3,4,3,sm_89,RS_SLICE_SERIAL,NCCL,C0_DEFAULT,2048,2048,2048,16,5,1048576,1,0,1902.336,1908.800,2172.960,264.160,PASS,0
PHASEB_formal_rs_C0_DEFAULT_N2048_q16_rep1,3,4,3,sm_89,RS_SLICE_SERIAL,NCCL,C0_DEFAULT,2048,2048,2048,16,6,1048576,1,0,2272.832,2278.560,2542.112,263.552,PASS,0
PHASEB_formal_rs_C0_DEFAULT_N2048_q16_rep1,3,4,3,sm_89,RS_SLICE_SERIAL,NCCL,C0_DEFAULT,2048,2048,2048,16,7,1048576,1,0,2628.320,2633.984,2898.464,264.480,PASS,0
PHASEB_formal_rs_C0_DEFAULT_N2048_q16_rep1,3,4,3,sm_89,RS_SLICE_SERIAL,NCCL,C0_DEFAULT,2048,2048,2048,16,8,1048576,1,0,2992.480,2998.080,3261.824,263.744,PASS,0
PHASEB_formal_rs_C0_DEFAULT_N2048_q16_rep1,3,4,3,sm_89,RS_SLICE_SERIAL,NCCL,C0_DEFAULT,2048,2048,2048,16,9,1048576,1,0,3351.808,3357.152,3621.056,263.904,PASS,0
PHASEB_formal_rs_C0_DEFAULT_N2048_q16_rep1,3,4,3,sm_89,RS_SLICE_SERIAL,NCCL,C0_DEFAULT,2048,2048,2048,16,10,1048576,1,0,3708.736,3714.272,3977.632,263.360,PASS,0
PHASEB_formal_rs_C0_DEFAULT_N2048_q16_rep1,3,4,3,sm_89,RS_SLICE_SERIAL,NCCL,C0_DEFAULT,2048,2048,2048,16,11,1048576,1,0,4070.208,4076.192,4338.624,262.432,PASS,0
PHASEB_formal_rs_C0_DEFAULT_N2048_q16_rep1,3,4,3,sm_89,RS_SLICE_SERIAL,NCCL,C0_DEFAULT,2048,2048,2048,16,12,1048576,1,0,4446.112,4451.424,4715.520,264.096,PASS,0
PHASEB_formal_rs_C0_DEFAULT_N2048_q16_rep1,3,4,3,sm_89,RS_SLICE_SERIAL,NCCL,C0_DEFAULT,2048,2048,2048,16,13,1048576,1,0,4799.520,4805.472,5068.512,263.040,PASS,0
PHASEB_formal_rs_C0_DEFAULT_N2048_q16_rep1,3,4,3,sm_89,RS_SLICE_SERIAL,NCCL,C0_DEFAULT,2048,2048,2048,16,14,1048576,1,0,5152.448,5157.792,5420.384,262.592,PASS,0
PHASEB_formal_rs_C0_DEFAULT_N2048_q16_rep1,3,4,3,sm_89,RS_SLICE_SERIAL,NCCL,C0_DEFAULT,2048,2048,2048,16,15,1048576,1,0,5501.664,5508.640,5769.216,260.576,PASS,0
PHASEB_formal_rs_C0_DEFAULT_N2048_q16_rep1,3,4,3,sm_89,RS_SLICE_SERIAL,NCCL,C0_DEFAULT,2048,2048,2048,16,0,1048576,2,0,113.632,121.568,383.776,262.208,PASS,0
PHASEB_formal_rs_C0_DEFAULT_N2048_q16_rep1,3,4,3,sm_89,RS_SLICE_SERIAL,NCCL,C0_DEFAULT,2048,2048,2048,16,1,1048576,2,0,463.200,468.672,731.136,262.464,PASS,0
PHASEB_formal_rs_C0_DEFAULT_N2048_q16_rep1,3,4,3,sm_89,RS_SLICE_SERIAL,NCCL,C0_DEFAULT,2048,2048,2048,16,2,1048576,2,0,811.936,817.632,1081.856,264.224,PASS,0
PHASEB_formal_rs_C0_DEFAULT_N2048_q16_rep1,3,4,3,sm_89,RS_SLICE_SERIAL,NCCL,C0_DEFAULT,2048,2048,2048,16,3,1048576,2,0,1161.696,1167.776,1432.000,264.224,PASS,0
PHASEB_formal_rs_C0_DEFAULT_N2048_q16_rep1,3,4,3,sm_89,RS_SLICE_SERIAL,NCCL,C0_DEFAULT,2048,2048,2048,16,4,1048576,2,0,1523.872,1529.216,1793.280,264.064,PASS,0
PHASEB_formal_rs_C0_DEFAULT_N2048_q16_rep1,3,4,3,sm_89,RS_SLICE_SERIAL,NCCL,C0_DEFAULT,2048,2048,2048,16,5,1048576,2,0,1877.280,1883.264,2147.616,264.352,PASS,0
PHASEB_formal_rs_C0_DEFAULT_N2048_q16_rep1,3,4,3,sm_89,RS_SLICE_SERIAL,NCCL,C0_DEFAULT,2048,2048,2048,16,6,1048576,2,0,2235.968,2241.920,2506.176,264.256,PASS,0
PHASEB_formal_rs_C0_DEFAULT_N2048_q16_rep1,3,4,3,sm_89,RS_SLICE_SERIAL,NCCL,C0_DEFAULT,2048,2048,2048,16,7,1048576,2,0,2595.520,2600.736,2862.304,261.568,PASS,0
PHASEB_formal_rs_C0_DEFAULT_N2048_q16_rep1,3,4,3,sm_89,RS_SLICE_SERIAL,NCCL,C0_DEFAULT,2048,2048,2048,16,8,1048576,2,0,2950.784,2956.160,3218.816,262.656,PASS,0
PHASEB_formal_rs_C0_DEFAULT_N2048_q16_rep1,3,4,3,sm_89,RS_SLICE_SERIAL,NCCL,C0_DEFAULT,2048,2048,2048,16,9,1048576,2,0,3319.232,3324.704,3589.024,264.320,PASS,0
PHASEB_formal_rs_C0_DEFAULT_N2048_q16_rep1,3,4,3,sm_89,RS_SLICE_SERIAL,NCCL,C0_DEFAULT,2048,2048,2048,16,10,1048576,2,0,3673.216,3679.264,3944.032,264.768,PASS,0
PHASEB_formal_rs_C0_DEFAULT_N2048_q16_rep1,3,4,3,sm_89,RS_SLICE_SERIAL,NCCL,C0_DEFAULT,2048,2048,2048,16,11,1048576,2,0,4021.728,4028.704,4291.360,262.656,PASS,0
PHASEB_formal_rs_C0_DEFAULT_N2048_q16_rep1,3,4,3,sm_89,RS_SLICE_SERIAL,NCCL,C0_DEFAULT,2048,2048,2048,16,12,1048576,2,0,4377.760,4383.008,4644.928,261.920,PASS,0
PHASEB_formal_rs_C0_DEFAULT_N2048_q16_rep1,3,4,3,sm_89,RS_SLICE_SERIAL,NCCL,C0_DEFAULT,2048,2048,2048,16,13,1048576,2,0,4740.704,4745.984,5008.736,262.752,PASS,0
PHASEB_formal_rs_C0_DEFAULT_N2048_q16_rep1,3,4,3,sm_89,RS_SLICE_SERIAL,NCCL,C0_DEFAULT,2048,2048,2048,16,14,1048576,2,0,5091.328,5096.608,5359.776,263.168,PASS,0
PHASEB_formal_rs_C0_DEFAULT_N2048_q16_rep1,3,4,3,sm_89,RS_SLICE_SERIAL,NCCL,C0_DEFAULT,2048,2048,2048,16,15,1048576,2,0,5449.376,5456.224,5715.872,259.648,PASS,0
PHASEB_formal_rs_C0_DEFAULT_N2048_q16_rep1,3,4,3,sm_89,RS_SLICE_SERIAL,NCCL,C0_DEFAULT,2048,2048,2048,16,0,1048576,3,0,115.360,123.136,388.320,265.184,PASS,0
PHASEB_formal_rs_C0_DEFAULT_N2048_q16_rep1,3,4,3,sm_89,RS_SLICE_SERIAL,NCCL,C0_DEFAULT,2048,2048,2048,16,1,1048576,3,0,480.608,486.624,752.544,265.920,PASS,0
PHASEB_formal_rs_C0_DEFAULT_N2048_q16_rep1,3,4,3,sm_89,RS_SLICE_SERIAL,NCCL,C0_DEFAULT,2048,2048,2048,16,2,1048576,3,0,828.800,834.304,1096.768,262.464,PASS,0
PHASEB_formal_rs_C0_DEFAULT_N2048_q16_rep1,3,4,3,sm_89,RS_SLICE_SERIAL,NCCL,C0_DEFAULT,2048,2048,2048,16,3,1048576,3,0,1189.600,1194.976,1460.736,265.760,PASS,0
PHASEB_formal_rs_C0_DEFAULT_N2048_q16_rep1,3,4,3,sm_89,RS_SLICE_SERIAL,NCCL,C0_DEFAULT,2048,2048,2048,16,4,1048576,3,0,1559.008,1564.352,1826.784,262.432,PASS,0
PHASEB_formal_rs_C0_DEFAULT_N2048_q16_rep1,3,4,3,sm_89,RS_SLICE_SERIAL,NCCL,C0_DEFAULT,2048,2048,2048,16,5,1048576,3,0,1918.592,1924.096,2188.800,264.704,PASS,0
PHASEB_formal_rs_C0_DEFAULT_N2048_q16_rep1,3,4,3,sm_89,RS_SLICE_SERIAL,NCCL,C0_DEFAULT,2048,2048,2048,16,6,1048576,3,0,2272.256,2278.176,2541.184,263.008,PASS,0
PHASEB_formal_rs_C0_DEFAULT_N2048_q16_rep1,3,4,3,sm_89,RS_SLICE_SERIAL,NCCL,C0_DEFAULT,2048,2048,2048,16,7,1048576,3,0,2623.008,2629.088,2892.000,262.912,PASS,0
PHASEB_formal_rs_C0_DEFAULT_N2048_q16_rep1,3,4,3,sm_89,RS_SLICE_SERIAL,NCCL,C0_DEFAULT,2048,2048,2048,16,8,1048576,3,0,2984.384,2989.696,3253.984,264.288,PASS,0
PHASEB_formal_rs_C0_DEFAULT_N2048_q16_rep1,3,4,3,sm_89,RS_SLICE_SERIAL,NCCL,C0_DEFAULT,2048,2048,2048,16,9,1048576,3,0,3343.648,3349.760,3614.624,264.864,PASS,0
PHASEB_formal_rs_C0_DEFAULT_N2048_q16_rep1,3,4,3,sm_89,RS_SLICE_SERIAL,NCCL,C0_DEFAULT,2048,2048,2048,16,10,1048576,3,0,3700.096,3705.568,3967.680,262.112,PASS,0
PHASEB_formal_rs_C0_DEFAULT_N2048_q16_rep1,3,4,3,sm_89,RS_SLICE_SERIAL,NCCL,C0_DEFAULT,2048,2048,2048,16,11,1048576,3,0,4058.336,4063.616,4326.240,262.624,PASS,0
PHASEB_formal_rs_C0_DEFAULT_N2048_q16_rep1,3,4,3,sm_89,RS_SLICE_SERIAL,NCCL,C0_DEFAULT,2048,2048,2048,16,12,1048576,3,0,4418.688,4424.224,4686.400,262.176,PASS,0
PHASEB_formal_rs_C0_DEFAULT_N2048_q16_rep1,3,4,3,sm_89,RS_SLICE_SERIAL,NCCL,C0_DEFAULT,2048,2048,2048,16,13,1048576,3,0,4773.888,4780.224,5043.552,263.328,PASS,0
PHASEB_formal_rs_C0_DEFAULT_N2048_q16_rep1,3,4,3,sm_89,RS_SLICE_SERIAL,NCCL,C0_DEFAULT,2048,2048,2048,16,14,1048576,3,0,5133.888,5139.328,5402.176,262.848,PASS,0
PHASEB_formal_rs_C0_DEFAULT_N2048_q16_rep1,3,4,3,sm_89,RS_SLICE_SERIAL,NCCL,C0_DEFAULT,2048,2048,2048,16,15,1048576,3,0,5487.904,5494.656,5755.072,260.416,PASS,0
PHASEB_formal_rs_C0_DEFAULT_N2048_q16_rep1,3,4,3,sm_89,RS_SLICE_SERIAL,NCCL,C0_DEFAULT,2048,2048,2048,16,0,1048576,4,0,114.144,121.440,383.712,262.272,PASS,0
PHASEB_formal_rs_C0_DEFAULT_N2048_q16_rep1,3,4,3,sm_89,RS_SLICE_SERIAL,NCCL,C0_DEFAULT,2048,2048,2048,16,1,1048576,4,0,475.584,481.312,744.512,263.200,PASS,0
PHASEB_formal_rs_C0_DEFAULT_N2048_q16_rep1,3,4,3,sm_89,RS_SLICE_SERIAL,NCCL,C0_DEFAULT,2048,2048,2048,16,2,1048576,4,0,827.328,833.408,1095.904,262.496,PASS,0
PHASEB_formal_rs_C0_DEFAULT_N2048_q16_rep1,3,4,3,sm_89,RS_SLICE_SERIAL,NCCL,C0_DEFAULT,2048,2048,2048,16,3,1048576,4,0,1186.496,1192.864,1454.944,262.080,PASS,0
PHASEB_formal_rs_C0_DEFAULT_N2048_q16_rep1,3,4,3,sm_89,RS_SLICE_SERIAL,NCCL,C0_DEFAULT,2048,2048,2048,16,4,1048576,4,0,1545.408,1551.328,1813.216,261.888,PASS,0
PHASEB_formal_rs_C0_DEFAULT_N2048_q16_rep1,3,4,3,sm_89,RS_SLICE_SERIAL,NCCL,C0_DEFAULT,2048,2048,2048,16,5,1048576,4,0,1918.016,1923.392,2186.528,263.136,PASS,0
PHASEB_formal_rs_C0_DEFAULT_N2048_q16_rep1,3,4,3,sm_89,RS_SLICE_SERIAL,NCCL,C0_DEFAULT,2048,2048,2048,16,6,1048576,4,0,2280.352,2286.176,2548.576,262.400,PASS,0
PHASEB_formal_rs_C0_DEFAULT_N2048_q16_rep1,3,4,3,sm_89,RS_SLICE_SERIAL,NCCL,C0_DEFAULT,2048,2048,2048,16,7,1048576,4,0,2640.000,2645.984,2909.568,263.584,PASS,0
PHASEB_formal_rs_C0_DEFAULT_N2048_q16_rep1,3,4,3,sm_89,RS_SLICE_SERIAL,NCCL,C0_DEFAULT,2048,2048,2048,16,8,1048576,4,0,2992.992,2998.240,3261.280,263.040,PASS,0
PHASEB_formal_rs_C0_DEFAULT_N2048_q16_rep1,3,4,3,sm_89,RS_SLICE_SERIAL,NCCL,C0_DEFAULT,2048,2048,2048,16,9,1048576,4,0,3343.616,3349.056,3612.288,263.232,PASS,0
PHASEB_formal_rs_C0_DEFAULT_N2048_q16_rep1,3,4,3,sm_89,RS_SLICE_SERIAL,NCCL,C0_DEFAULT,2048,2048,2048,16,10,1048576,4,0,3721.760,3727.360,3989.376,262.016,PASS,0
PHASEB_formal_rs_C0_DEFAULT_N2048_q16_rep1,3,4,3,sm_89,RS_SLICE_SERIAL,NCCL,C0_DEFAULT,2048,2048,2048,16,11,1048576,4,0,4070.848,4076.352,4340.480,264.128,PASS,0
PHASEB_formal_rs_C0_DEFAULT_N2048_q16_rep1,3,4,3,sm_89,RS_SLICE_SERIAL,NCCL,C0_DEFAULT,2048,2048,2048,16,12,1048576,4,0,4419.488,4425.440,4688.064,262.624,PASS,0
PHASEB_formal_rs_C0_DEFAULT_N2048_q16_rep1,3,4,3,sm_89,RS_SLICE_SERIAL,NCCL,C0_DEFAULT,2048,2048,2048,16,13,1048576,4,0,4779.392,4784.736,5045.984,261.248,PASS,0
PHASEB_formal_rs_C0_DEFAULT_N2048_q16_rep1,3,4,3,sm_89,RS_SLICE_SERIAL,NCCL,C0_DEFAULT,2048,2048,2048,16,14,1048576,4,0,5134.048,5139.296,5403.232,263.936,PASS,0
PHASEB_formal_rs_C0_DEFAULT_N2048_q16_rep1,3,4,3,sm_89,RS_SLICE_SERIAL,NCCL,C0_DEFAULT,2048,2048,2048,16,15,1048576,4,0,5500.288,5507.104,5766.528,259.424,PASS,0
PHASEB_formal_rs_C0_DEFAULT_N2048_q16_rep1,3,4,3,sm_89,RS_SLICE_SERIAL,NCCL,C0_DEFAULT,2048,2048,2048,16,0,1048576,5,0,121.952,128.864,392.256,263.392,PASS,0
PHASEB_formal_rs_C0_DEFAULT_N2048_q16_rep1,3,4,3,sm_89,RS_SLICE_SERIAL,NCCL,C0_DEFAULT,2048,2048,2048,16,1,1048576,5,0,473.152,478.432,741.088,262.656,PASS,0
PHASEB_formal_rs_C0_DEFAULT_N2048_q16_rep1,3,4,3,sm_89,RS_SLICE_SERIAL,NCCL,C0_DEFAULT,2048,2048,2048,16,2,1048576,5,0,829.664,835.424,1098.176,262.752,PASS,0
PHASEB_formal_rs_C0_DEFAULT_N2048_q16_rep1,3,4,3,sm_89,RS_SLICE_SERIAL,NCCL,C0_DEFAULT,2048,2048,2048,16,3,1048576,5,0,1187.424,1192.896,1455.488,262.592,PASS,0
PHASEB_formal_rs_C0_DEFAULT_N2048_q16_rep1,3,4,3,sm_89,RS_SLICE_SERIAL,NCCL,C0_DEFAULT,2048,2048,2048,16,4,1048576,5,0,1544.032,1549.664,1813.632,263.968,PASS,0
PHASEB_formal_rs_C0_DEFAULT_N2048_q16_rep1,3,4,3,sm_89,RS_SLICE_SERIAL,NCCL,C0_DEFAULT,2048,2048,2048,16,5,1048576,5,0,1894.400,1900.800,2163.840,263.040,PASS,0
PHASEB_formal_rs_C0_DEFAULT_N2048_q16_rep1,3,4,3,sm_89,RS_SLICE_SERIAL,NCCL,C0_DEFAULT,2048,2048,2048,16,6,1048576,5,0,2245.312,2251.392,2514.144,262.752,PASS,0
PHASEB_formal_rs_C0_DEFAULT_N2048_q16_rep1,3,4,3,sm_89,RS_SLICE_SERIAL,NCCL,C0_DEFAULT,2048,2048,2048,16,7,1048576,5,0,2594.272,2600.320,2864.736,264.416,PASS,0
PHASEB_formal_rs_C0_DEFAULT_N2048_q16_rep1,3,4,3,sm_89,RS_SLICE_SERIAL,NCCL,C0_DEFAULT,2048,2048,2048,16,8,1048576,5,0,2963.168,2968.480,3232.576,264.096,PASS,0
PHASEB_formal_rs_C0_DEFAULT_N2048_q16_rep1,3,4,3,sm_89,RS_SLICE_SERIAL,NCCL,C0_DEFAULT,2048,2048,2048,16,9,1048576,5,0,3313.376,3318.912,3580.608,261.696,PASS,0
PHASEB_formal_rs_C0_DEFAULT_N2048_q16_rep1,3,4,3,sm_89,RS_SLICE_SERIAL,NCCL,C0_DEFAULT,2048,2048,2048,16,10,1048576,5,0,3662.112,3668.032,3929.664,261.632,PASS,0
PHASEB_formal_rs_C0_DEFAULT_N2048_q16_rep1,3,4,3,sm_89,RS_SLICE_SERIAL,NCCL,C0_DEFAULT,2048,2048,2048,16,11,1048576,5,0,4022.272,4027.552,4289.696,262.144,PASS,0
PHASEB_formal_rs_C0_DEFAULT_N2048_q16_rep1,3,4,3,sm_89,RS_SLICE_SERIAL,NCCL,C0_DEFAULT,2048,2048,2048,16,12,1048576,5,0,4387.424,4392.768,4656.928,264.160,PASS,0
PHASEB_formal_rs_C0_DEFAULT_N2048_q16_rep1,3,4,3,sm_89,RS_SLICE_SERIAL,NCCL,C0_DEFAULT,2048,2048,2048,16,13,1048576,5,0,4736.288,4742.432,5004.544,262.112,PASS,0
PHASEB_formal_rs_C0_DEFAULT_N2048_q16_rep1,3,4,3,sm_89,RS_SLICE_SERIAL,NCCL,C0_DEFAULT,2048,2048,2048,16,14,1048576,5,0,5090.592,5096.000,5356.576,260.576,PASS,0
PHASEB_formal_rs_C0_DEFAULT_N2048_q16_rep1,3,4,3,sm_89,RS_SLICE_SERIAL,NCCL,C0_DEFAULT,2048,2048,2048,16,15,1048576,5,0,5442.272,5449.536,5711.136,261.600,PASS,0
PHASEB_formal_rs_C0_DEFAULT_N2048_q16_rep1,3,4,3,sm_89,RS_SLICE_SERIAL,NCCL,C0_DEFAULT,2048,2048,2048,16,0,1048576,6,0,118.528,126.112,388.704,262.592,PASS,0
PHASEB_formal_rs_C0_DEFAULT_N2048_q16_rep1,3,4,3,sm_89,RS_SLICE_SERIAL,NCCL,C0_DEFAULT,2048,2048,2048,16,1,1048576,6,0,468.000,474.080,736.800,262.720,PASS,0
PHASEB_formal_rs_C0_DEFAULT_N2048_q16_rep1,3,4,3,sm_89,RS_SLICE_SERIAL,NCCL,C0_DEFAULT,2048,2048,2048,16,2,1048576,6,0,817.376,822.816,1088.672,265.856,PASS,0
PHASEB_formal_rs_C0_DEFAULT_N2048_q16_rep1,3,4,3,sm_89,RS_SLICE_SERIAL,NCCL,C0_DEFAULT,2048,2048,2048,16,3,1048576,6,0,1180.736,1187.040,1449.216,262.176,PASS,0
PHASEB_formal_rs_C0_DEFAULT_N2048_q16_rep1,3,4,3,sm_89,RS_SLICE_SERIAL,NCCL,C0_DEFAULT,2048,2048,2048,16,4,1048576,6,0,1531.008,1536.832,1799.072,262.240,PASS,0
PHASEB_formal_rs_C0_DEFAULT_N2048_q16_rep1,3,4,3,sm_89,RS_SLICE_SERIAL,NCCL,C0_DEFAULT,2048,2048,2048,16,5,1048576,6,0,1894.048,1899.488,2163.200,263.712,PASS,0
PHASEB_formal_rs_C0_DEFAULT_N2048_q16_rep1,3,4,3,sm_89,RS_SLICE_SERIAL,NCCL,C0_DEFAULT,2048,2048,2048,16,6,1048576,6,0,2245.728,2251.328,2514.336,263.008,PASS,0
PHASEB_formal_rs_C0_DEFAULT_N2048_q16_rep1,3,4,3,sm_89,RS_SLICE_SERIAL,NCCL,C0_DEFAULT,2048,2048,2048,16,7,1048576,6,0,2595.680,2600.960,2864.768,263.808,PASS,0
PHASEB_formal_rs_C0_DEFAULT_N2048_q16_rep1,3,4,3,sm_89,RS_SLICE_SERIAL,NCCL,C0_DEFAULT,2048,2048,2048,16,8,1048576,6,0,2954.496,2960.000,3222.080,262.080,PASS,0
PHASEB_formal_rs_C0_DEFAULT_N2048_q16_rep1,3,4,3,sm_89,RS_SLICE_SERIAL,NCCL,C0_DEFAULT,2048,2048,2048,16,9,1048576,6,0,3306.144,3311.584,3575.136,263.552,PASS,0
PHASEB_formal_rs_C0_DEFAULT_N2048_q16_rep1,3,4,3,sm_89,RS_SLICE_SERIAL,NCCL,C0_DEFAULT,2048,2048,2048,16,10,1048576,6,0,3665.888,3671.712,3933.728,262.016,PASS,0
PHASEB_formal_rs_C0_DEFAULT_N2048_q16_rep1,3,4,3,sm_89,RS_SLICE_SERIAL,NCCL,C0_DEFAULT,2048,2048,2048,16,11,1048576,6,0,4019.008,4025.088,4286.592,261.504,PASS,0
PHASEB_formal_rs_C0_DEFAULT_N2048_q16_rep1,3,4,3,sm_89,RS_SLICE_SERIAL,NCCL,C0_DEFAULT,2048,2048,2048,16,12,1048576,6,0,4382.400,4387.776,4649.408,261.632,PASS,0
PHASEB_formal_rs_C0_DEFAULT_N2048_q16_rep1,3,4,3,sm_89,RS_SLICE_SERIAL,NCCL,C0_DEFAULT,2048,2048,2048,16,13,1048576,6,0,4738.240,4743.488,5004.384,260.896,PASS,0
PHASEB_formal_rs_C0_DEFAULT_N2048_q16_rep1,3,4,3,sm_89,RS_SLICE_SERIAL,NCCL,C0_DEFAULT,2048,2048,2048,16,14,1048576,6,0,5111.744,5117.280,5379.008,261.728,PASS,0
PHASEB_formal_rs_C0_DEFAULT_N2048_q16_rep1,3,4,3,sm_89,RS_SLICE_SERIAL,NCCL,C0_DEFAULT,2048,2048,2048,16,15,1048576,6,0,5467.552,5474.464,5733.824,259.360,PASS,0
PHASEB_formal_rs_C0_DEFAULT_N2048_q16_rep1,3,4,3,sm_89,RS_SLICE_SERIAL,NCCL,C0_DEFAULT,2048,2048,2048,16,0,1048576,7,0,120.128,128.064,392.512,264.448,PASS,0
PHASEB_formal_rs_C0_DEFAULT_N2048_q16_rep1,3,4,3,sm_89,RS_SLICE_SERIAL,NCCL,C0_DEFAULT,2048,2048,2048,16,1,1048576,7,0,474.400,481.184,742.624,261.440,PASS,0
PHASEB_formal_rs_C0_DEFAULT_N2048_q16_rep1,3,4,3,sm_89,RS_SLICE_SERIAL,NCCL,C0_DEFAULT,2048,2048,2048,16,2,1048576,7,0,822.304,828.256,1091.648,263.392,PASS,0
PHASEB_formal_rs_C0_DEFAULT_N2048_q16_rep1,3,4,3,sm_89,RS_SLICE_SERIAL,NCCL,C0_DEFAULT,2048,2048,2048,16,3,1048576,7,0,1186.912,1192.672,1455.968,263.296,PASS,0
PHASEB_formal_rs_C0_DEFAULT_N2048_q16_rep1,3,4,3,sm_89,RS_SLICE_SERIAL,NCCL,C0_DEFAULT,2048,2048,2048,16,4,1048576,7,0,1540.960,1547.008,1808.352,261.344,PASS,0
PHASEB_formal_rs_C0_DEFAULT_N2048_q16_rep1,3,4,3,sm_89,RS_SLICE_SERIAL,NCCL,C0_DEFAULT,2048,2048,2048,16,5,1048576,7,0,1899.712,1906.272,2170.048,263.776,PASS,0
PHASEB_formal_rs_C0_DEFAULT_N2048_q16_rep1,3,4,3,sm_89,RS_SLICE_SERIAL,NCCL,C0_DEFAULT,2048,2048,2048,16,6,1048576,7,0,2251.520,2257.344,2519.712,262.368,PASS,0
PHASEB_formal_rs_C0_DEFAULT_N2048_q16_rep1,3,4,3,sm_89,RS_SLICE_SERIAL,NCCL,C0_DEFAULT,2048,2048,2048,16,7,1048576,7,0,2611.712,2616.960,2880.960,264.000,PASS,0
PHASEB_formal_rs_C0_DEFAULT_N2048_q16_rep1,3,4,3,sm_89,RS_SLICE_SERIAL,NCCL,C0_DEFAULT,2048,2048,2048,16,8,1048576,7,0,2962.240,2968.320,3233.088,264.768,PASS,0
PHASEB_formal_rs_C0_DEFAULT_N2048_q16_rep1,3,4,3,sm_89,RS_SLICE_SERIAL,NCCL,C0_DEFAULT,2048,2048,2048,16,9,1048576,7,0,3311.552,3317.664,3581.920,264.256,PASS,0
PHASEB_formal_rs_C0_DEFAULT_N2048_q16_rep1,3,4,3,sm_89,RS_SLICE_SERIAL,NCCL,C0_DEFAULT,2048,2048,2048,16,10,1048576,7,0,3667.712,3673.664,3937.504,263.840,PASS,0
PHASEB_formal_rs_C0_DEFAULT_N2048_q16_rep1,3,4,3,sm_89,RS_SLICE_SERIAL,NCCL,C0_DEFAULT,2048,2048,2048,16,11,1048576,7,0,4021.184,4026.624,4287.392,260.768,PASS,0
PHASEB_formal_rs_C0_DEFAULT_N2048_q16_rep1,3,4,3,sm_89,RS_SLICE_SERIAL,NCCL,C0_DEFAULT,2048,2048,2048,16,12,1048576,7,0,4378.784,4384.032,4645.792,261.760,PASS,0
PHASEB_formal_rs_C0_DEFAULT_N2048_q16_rep1,3,4,3,sm_89,RS_SLICE_SERIAL,NCCL,C0_DEFAULT,2048,2048,2048,16,13,1048576,7,0,4743.200,4748.992,5011.616,262.624,PASS,0
PHASEB_formal_rs_C0_DEFAULT_N2048_q16_rep1,3,4,3,sm_89,RS_SLICE_SERIAL,NCCL,C0_DEFAULT,2048,2048,2048,16,14,1048576,7,0,5092.736,5098.016,5359.808,261.792,PASS,0
PHASEB_formal_rs_C0_DEFAULT_N2048_q16_rep1,3,4,3,sm_89,RS_SLICE_SERIAL,NCCL,C0_DEFAULT,2048,2048,2048,16,15,1048576,7,0,5442.368,5449.248,5709.792,260.544,PASS,0
PHASEB_formal_rs_C0_DEFAULT_N2048_q16_rep1,3,4,3,sm_89,RS_SLICE_SERIAL,NCCL,C0_DEFAULT,2048,2048,2048,16,0,1048576,8,0,113.504,120.832,382.784,261.952,PASS,0
PHASEB_formal_rs_C0_DEFAULT_N2048_q16_rep1,3,4,3,sm_89,RS_SLICE_SERIAL,NCCL,C0_DEFAULT,2048,2048,2048,16,1,1048576,8,0,473.376,479.200,740.192,260.992,PASS,0
PHASEB_formal_rs_C0_DEFAULT_N2048_q16_rep1,3,4,3,sm_89,RS_SLICE_SERIAL,NCCL,C0_DEFAULT,2048,2048,2048,16,2,1048576,8,0,830.240,835.584,1099.360,263.776,PASS,0
PHASEB_formal_rs_C0_DEFAULT_N2048_q16_rep1,3,4,3,sm_89,RS_SLICE_SERIAL,NCCL,C0_DEFAULT,2048,2048,2048,16,3,1048576,8,0,1182.592,1188.000,1451.968,263.968,PASS,0
PHASEB_formal_rs_C0_DEFAULT_N2048_q16_rep1,3,4,3,sm_89,RS_SLICE_SERIAL,NCCL,C0_DEFAULT,2048,2048,2048,16,4,1048576,8,0,1539.296,1545.216,1805.888,260.672,PASS,0
PHASEB_formal_rs_C0_DEFAULT_N2048_q16_rep1,3,4,3,sm_89,RS_SLICE_SERIAL,NCCL,C0_DEFAULT,2048,2048,2048,16,5,1048576,8,0,1893.568,1898.976,2162.752,263.776,PASS,0
PHASEB_formal_rs_C0_DEFAULT_N2048_q16_rep1,3,4,3,sm_89,RS_SLICE_SERIAL,NCCL,C0_DEFAULT,2048,2048,2048,16,6,1048576,8,0,2253.440,2259.392,2524.160,264.768,PASS,0
PHASEB_formal_rs_C0_DEFAULT_N2048_q16_rep1,3,4,3,sm_89,RS_SLICE_SERIAL,NCCL,C0_DEFAULT,2048,2048,2048,16,7,1048576,8,0,2635.168,2641.184,2904.064,262.880,PASS,0
PHASEB_formal_rs_C0_DEFAULT_N2048_q16_rep1,3,4,3,sm_89,RS_SLICE_SERIAL,NCCL,C0_DEFAULT,2048,2048,2048,16,8,1048576,8,0,2983.520,2989.632,3253.408,263.776,PASS,0
PHASEB_formal_rs_C0_DEFAULT_N2048_q16_rep1,3,4,3,sm_89,RS_SLICE_SERIAL,NCCL,C0_DEFAULT,2048,2048,2048,16,9,1048576,8,0,3347.104,3352.640,3615.744,263.104,PASS,0
PHASEB_formal_rs_C0_DEFAULT_N2048_q16_rep1,3,4,3,sm_89,RS_SLICE_SERIAL,NCCL,C0_DEFAULT,2048,2048,2048,16,10,1048576,8,0,3698.912,3704.448,3967.712,263.264,PASS,0
PHASEB_formal_rs_C0_DEFAULT_N2048_q16_rep1,3,4,3,sm_89,RS_SLICE_SERIAL,NCCL,C0_DEFAULT,2048,2048,2048,16,11,1048576,8,0,4058.272,4063.968,4326.400,262.432,PASS,0
PHASEB_formal_rs_C0_DEFAULT_N2048_q16_rep1,3,4,3,sm_89,RS_SLICE_SERIAL,NCCL,C0_DEFAULT,2048,2048,2048,16,12,1048576,8,0,4411.136,4416.704,4679.328,262.624,PASS,0
PHASEB_formal_rs_C0_DEFAULT_N2048_q16_rep1,3,4,3,sm_89,RS_SLICE_SERIAL,NCCL,C0_DEFAULT,2048,2048,2048,16,13,1048576,8,0,4775.968,4781.248,5042.912,261.664,PASS,0
PHASEB_formal_rs_C0_DEFAULT_N2048_q16_rep1,3,4,3,sm_89,RS_SLICE_SERIAL,NCCL,C0_DEFAULT,2048,2048,2048,16,14,1048576,8,0,5123.200,5128.704,5391.552,262.848,PASS,0
PHASEB_formal_rs_C0_DEFAULT_N2048_q16_rep1,3,4,3,sm_89,RS_SLICE_SERIAL,NCCL,C0_DEFAULT,2048,2048,2048,16,15,1048576,8,0,5487.648,5494.496,5754.272,259.776,PASS,0
PHASEB_formal_rs_C0_DEFAULT_N2048_q16_rep1,3,4,3,sm_89,RS_SLICE_SERIAL,NCCL,C0_DEFAULT,2048,2048,2048,16,0,1048576,9,0,115.456,123.104,385.984,262.880,PASS,0
PHASEB_formal_rs_C0_DEFAULT_N2048_q16_rep1,3,4,3,sm_89,RS_SLICE_SERIAL,NCCL,C0_DEFAULT,2048,2048,2048,16,1,1048576,9,0,466.752,472.832,737.120,264.288,PASS,0
PHASEB_formal_rs_C0_DEFAULT_N2048_q16_rep1,3,4,3,sm_89,RS_SLICE_SERIAL,NCCL,C0_DEFAULT,2048,2048,2048,16,2,1048576,9,0,816.192,821.664,1085.504,263.840,PASS,0
PHASEB_formal_rs_C0_DEFAULT_N2048_q16_rep1,3,4,3,sm_89,RS_SLICE_SERIAL,NCCL,C0_DEFAULT,2048,2048,2048,16,3,1048576,9,0,1167.264,1173.312,1436.608,263.296,PASS,0
PHASEB_formal_rs_C0_DEFAULT_N2048_q16_rep1,3,4,3,sm_89,RS_SLICE_SERIAL,NCCL,C0_DEFAULT,2048,2048,2048,16,4,1048576,9,0,1525.824,1531.264,1796.352,265.088,PASS,0
PHASEB_formal_rs_C0_DEFAULT_N2048_q16_rep1,3,4,3,sm_89,RS_SLICE_SERIAL,NCCL,C0_DEFAULT,2048,2048,2048,16,5,1048576,9,0,1889.216,1895.648,2159.488,263.840,PASS,0
PHASEB_formal_rs_C0_DEFAULT_N2048_q16_rep1,3,4,3,sm_89,RS_SLICE_SERIAL,NCCL,C0_DEFAULT,2048,2048,2048,16,6,1048576,9,0,2239.488,2244.800,2507.552,262.752,PASS,0
PHASEB_formal_rs_C0_DEFAULT_N2048_q16_rep1,3,4,3,sm_89,RS_SLICE_SERIAL,NCCL,C0_DEFAULT,2048,2048,2048,16,7,1048576,9,0,2590.272,2595.744,2858.976,263.232,PASS,0
PHASEB_formal_rs_C0_DEFAULT_N2048_q16_rep1,3,4,3,sm_89,RS_SLICE_SERIAL,NCCL,C0_DEFAULT,2048,2048,2048,16,8,1048576,9,0,2946.976,2952.608,3214.432,261.824,PASS,0
PHASEB_formal_rs_C0_DEFAULT_N2048_q16_rep1,3,4,3,sm_89,RS_SLICE_SERIAL,NCCL,C0_DEFAULT,2048,2048,2048,16,9,1048576,9,0,3295.872,3301.184,3563.936,262.752,PASS,0
PHASEB_formal_rs_C0_DEFAULT_N2048_q16_rep1,3,4,3,sm_89,RS_SLICE_SERIAL,NCCL,C0_DEFAULT,2048,2048,2048,16,10,1048576,9,0,3641.664,3647.168,3908.992,261.824,PASS,0
PHASEB_formal_rs_C0_DEFAULT_N2048_q16_rep1,3,4,3,sm_89,RS_SLICE_SERIAL,NCCL,C0_DEFAULT,2048,2048,2048,16,11,1048576,9,0,4001.856,4007.520,4270.560,263.040,PASS,0
PHASEB_formal_rs_C0_DEFAULT_N2048_q16_rep1,3,4,3,sm_89,RS_SLICE_SERIAL,NCCL,C0_DEFAULT,2048,2048,2048,16,12,1048576,9,0,4373.856,4379.040,4643.648,264.608,PASS,0
PHASEB_formal_rs_C0_DEFAULT_N2048_q16_rep1,3,4,3,sm_89,RS_SLICE_SERIAL,NCCL,C0_DEFAULT,2048,2048,2048,16,13,1048576,9,0,4745.280,4751.296,5013.728,262.432,PASS,0
PHASEB_formal_rs_C0_DEFAULT_N2048_q16_rep1,3,4,3,sm_89,RS_SLICE_SERIAL,NCCL,C0_DEFAULT,2048,2048,2048,16,14,1048576,9,0,5096.832,5102.176,5364.032,261.856,PASS,0
PHASEB_formal_rs_C0_DEFAULT_N2048_q16_rep1,3,4,3,sm_89,RS_SLICE_SERIAL,NCCL,C0_DEFAULT,2048,2048,2048,16,15,1048576,9,0,5458.080,5465.248,5725.728,260.480,PASS,0
PHASEB_formal_rs_C0_DEFAULT_N2048_q16_rep1,3,4,3,sm_89,RS_SLICE_SERIAL,NCCL,C0_DEFAULT,2048,2048,2048,16,0,1048576,10,0,117.280,124.288,387.072,262.784,PASS,0
PHASEB_formal_rs_C0_DEFAULT_N2048_q16_rep1,3,4,3,sm_89,RS_SLICE_SERIAL,NCCL,C0_DEFAULT,2048,2048,2048,16,1,1048576,10,0,467.744,473.696,735.744,262.048,PASS,0
PHASEB_formal_rs_C0_DEFAULT_N2048_q16_rep1,3,4,3,sm_89,RS_SLICE_SERIAL,NCCL,C0_DEFAULT,2048,2048,2048,16,2,1048576,10,0,824.576,829.792,1093.248,263.456,PASS,0
PHASEB_formal_rs_C0_DEFAULT_N2048_q16_rep1,3,4,3,sm_89,RS_SLICE_SERIAL,NCCL,C0_DEFAULT,2048,2048,2048,16,3,1048576,10,0,1187.936,1194.144,1458.592,264.448,PASS,0
PHASEB_formal_rs_C0_DEFAULT_N2048_q16_rep1,3,4,3,sm_89,RS_SLICE_SERIAL,NCCL,C0_DEFAULT,2048,2048,2048,16,4,1048576,10,0,1542.176,1547.552,1808.800,261.248,PASS,0
PHASEB_formal_rs_C0_DEFAULT_N2048_q16_rep1,3,4,3,sm_89,RS_SLICE_SERIAL,NCCL,C0_DEFAULT,2048,2048,2048,16,5,1048576,10,0,1897.440,1903.424,2166.944,263.520,PASS,0
PHASEB_formal_rs_C0_DEFAULT_N2048_q16_rep1,3,4,3,sm_89,RS_SLICE_SERIAL,NCCL,C0_DEFAULT,2048,2048,2048,16,6,1048576,10,0,2258.880,2264.448,2528.544,264.096,PASS,0
PHASEB_formal_rs_C0_DEFAULT_N2048_q16_rep1,3,4,3,sm_89,RS_SLICE_SERIAL,NCCL,C0_DEFAULT,2048,2048,2048,16,7,1048576,10,0,2629.376,2635.744,2899.456,263.712,PASS,0
PHASEB_formal_rs_C0_DEFAULT_N2048_q16_rep1,3,4,3,sm_89,RS_SLICE_SERIAL,NCCL,C0_DEFAULT,2048,2048,2048,16,8,1048576,10,0,2988.576,2994.080,3257.472,263.392,PASS,0
PHASEB_formal_rs_C0_DEFAULT_N2048_q16_rep1,3,4,3,sm_89,RS_SLICE_SERIAL,NCCL,C0_DEFAULT,2048,2048,2048,16,9,1048576,10,0,3346.048,3352.000,3615.200,263.200,PASS,0
PHASEB_formal_rs_C0_DEFAULT_N2048_q16_rep1,3,4,3,sm_89,RS_SLICE_SERIAL,NCCL,C0_DEFAULT,2048,2048,2048,16,10,1048576,10,0,3709.600,3715.136,3978.464,263.328,PASS,0
PHASEB_formal_rs_C0_DEFAULT_N2048_q16_rep1,3,4,3,sm_89,RS_SLICE_SERIAL,NCCL,C0_DEFAULT,2048,2048,2048,16,11,1048576,10,0,4063.424,4070.368,4332.768,262.400,PASS,0
PHASEB_formal_rs_C0_DEFAULT_N2048_q16_rep1,3,4,3,sm_89,RS_SLICE_SERIAL,NCCL,C0_DEFAULT,2048,2048,2048,16,12,1048576,10,0,4420.992,4426.240,4689.408,263.168,PASS,0
PHASEB_formal_rs_C0_DEFAULT_N2048_q16_rep1,3,4,3,sm_89,RS_SLICE_SERIAL,NCCL,C0_DEFAULT,2048,2048,2048,16,13,1048576,10,0,4776.352,4781.792,5044.704,262.912,PASS,0
PHASEB_formal_rs_C0_DEFAULT_N2048_q16_rep1,3,4,3,sm_89,RS_SLICE_SERIAL,NCCL,C0_DEFAULT,2048,2048,2048,16,14,1048576,10,0,5129.696,5135.040,5395.904,260.864,PASS,0
PHASEB_formal_rs_C0_DEFAULT_N2048_q16_rep1,3,4,3,sm_89,RS_SLICE_SERIAL,NCCL,C0_DEFAULT,2048,2048,2048,16,15,1048576,10,0,5479.936,5486.784,5746.432,259.648,PASS,0
PHASEB_formal_rs_C0_DEFAULT_N2048_q16_rep1,3,4,3,sm_89,RS_SLICE_SERIAL,NCCL,C0_DEFAULT,2048,2048,2048,16,0,1048576,11,0,116.256,123.584,390.304,266.720,PASS,0
PHASEB_formal_rs_C0_DEFAULT_N2048_q16_rep1,3,4,3,sm_89,RS_SLICE_SERIAL,NCCL,C0_DEFAULT,2048,2048,2048,16,1,1048576,11,0,466.368,472.672,734.688,262.016,PASS,0
PHASEB_formal_rs_C0_DEFAULT_N2048_q16_rep1,3,4,3,sm_89,RS_SLICE_SERIAL,NCCL,C0_DEFAULT,2048,2048,2048,16,2,1048576,11,0,823.168,828.960,1089.952,260.992,PASS,0
PHASEB_formal_rs_C0_DEFAULT_N2048_q16_rep1,3,4,3,sm_89,RS_SLICE_SERIAL,NCCL,C0_DEFAULT,2048,2048,2048,16,3,1048576,11,0,1172.992,1179.072,1443.712,264.640,PASS,0
PHASEB_formal_rs_C0_DEFAULT_N2048_q16_rep1,3,4,3,sm_89,RS_SLICE_SERIAL,NCCL,C0_DEFAULT,2048,2048,2048,16,4,1048576,11,0,1533.472,1539.424,1801.888,262.464,PASS,0
PHASEB_formal_rs_C0_DEFAULT_N2048_q16_rep1,3,4,3,sm_89,RS_SLICE_SERIAL,NCCL,C0_DEFAULT,2048,2048,2048,16,5,1048576,11,0,1893.984,1900.000,2164.544,264.544,PASS,0
PHASEB_formal_rs_C0_DEFAULT_N2048_q16_rep1,3,4,3,sm_89,RS_SLICE_SERIAL,NCCL,C0_DEFAULT,2048,2048,2048,16,6,1048576,11,0,2245.824,2251.968,2514.400,262.432,PASS,0
PHASEB_formal_rs_C0_DEFAULT_N2048_q16_rep1,3,4,3,sm_89,RS_SLICE_SERIAL,NCCL,C0_DEFAULT,2048,2048,2048,16,7,1048576,11,0,2603.936,2609.888,2872.928,263.040,PASS,0
PHASEB_formal_rs_C0_DEFAULT_N2048_q16_rep1,3,4,3,sm_89,RS_SLICE_SERIAL,NCCL,C0_DEFAULT,2048,2048,2048,16,8,1048576,11,0,2956.416,2962.176,3227.296,265.120,PASS,0
PHASEB_formal_rs_C0_DEFAULT_N2048_q16_rep1,3,4,3,sm_89,RS_SLICE_SERIAL,NCCL,C0_DEFAULT,2048,2048,2048,16,9,1048576,11,0,3308.032,3314.592,3578.560,263.968,PASS,0
PHASEB_formal_rs_C0_DEFAULT_N2048_q16_rep1,3,4,3,sm_89,RS_SLICE_SERIAL,NCCL,C0_DEFAULT,2048,2048,2048,16,10,1048576,11,0,3657.984,3663.712,3924.928,261.216,PASS,0
PHASEB_formal_rs_C0_DEFAULT_N2048_q16_rep1,3,4,3,sm_89,RS_SLICE_SERIAL,NCCL,C0_DEFAULT,2048,2048,2048,16,11,1048576,11,0,4008.416,4013.824,4275.712,261.888,PASS,0
PHASEB_formal_rs_C0_DEFAULT_N2048_q16_rep1,3,4,3,sm_89,RS_SLICE_SERIAL,NCCL,C0_DEFAULT,2048,2048,2048,16,12,1048576,11,0,4407.328,4412.608,4676.064,263.456,PASS,0
PHASEB_formal_rs_C0_DEFAULT_N2048_q16_rep1,3,4,3,sm_89,RS_SLICE_SERIAL,NCCL,C0_DEFAULT,2048,2048,2048,16,13,1048576,11,0,4753.920,4759.136,5021.664,262.528,PASS,0
PHASEB_formal_rs_C0_DEFAULT_N2048_q16_rep1,3,4,3,sm_89,RS_SLICE_SERIAL,NCCL,C0_DEFAULT,2048,2048,2048,16,14,1048576,11,0,5110.912,5116.160,5378.528,262.368,PASS,0
PHASEB_formal_rs_C0_DEFAULT_N2048_q16_rep1,3,4,3,sm_89,RS_SLICE_SERIAL,NCCL,C0_DEFAULT,2048,2048,2048,16,15,1048576,11,0,5471.392,5478.400,5739.680,261.280,PASS,0
PHASEB_formal_rs_C0_DEFAULT_N2048_q16_rep1,3,4,3,sm_89,RS_SLICE_SERIAL,NCCL,C0_DEFAULT,2048,2048,2048,16,0,1048576,12,0,113.728,120.960,382.784,261.824,PASS,0
PHASEB_formal_rs_C0_DEFAULT_N2048_q16_rep1,3,4,3,sm_89,RS_SLICE_SERIAL,NCCL,C0_DEFAULT,2048,2048,2048,16,1,1048576,12,0,471.296,477.600,739.680,262.080,PASS,0
PHASEB_formal_rs_C0_DEFAULT_N2048_q16_rep1,3,4,3,sm_89,RS_SLICE_SERIAL,NCCL,C0_DEFAULT,2048,2048,2048,16,2,1048576,12,0,818.112,823.712,1087.584,263.872,PASS,0
PHASEB_formal_rs_C0_DEFAULT_N2048_q16_rep1,3,4,3,sm_89,RS_SLICE_SERIAL,NCCL,C0_DEFAULT,2048,2048,2048,16,3,1048576,12,0,1179.456,1185.120,1448.736,263.616,PASS,0
PHASEB_formal_rs_C0_DEFAULT_N2048_q16_rep1,3,4,3,sm_89,RS_SLICE_SERIAL,NCCL,C0_DEFAULT,2048,2048,2048,16,4,1048576,12,0,1529.280,1535.296,1797.120,261.824,PASS,0
PHASEB_formal_rs_C0_DEFAULT_N2048_q16_rep1,3,4,3,sm_89,RS_SLICE_SERIAL,NCCL,C0_DEFAULT,2048,2048,2048,16,5,1048576,12,0,1886.976,1892.576,2156.896,264.320,PASS,0
PHASEB_formal_rs_C0_DEFAULT_N2048_q16_rep1,3,4,3,sm_89,RS_SLICE_SERIAL,NCCL,C0_DEFAULT,2048,2048,2048,16,6,1048576,12,0,2241.216,2246.816,2509.376,262.560,PASS,0
PHASEB_formal_rs_C0_DEFAULT_N2048_q16_rep1,3,4,3,sm_89,RS_SLICE_SERIAL,NCCL,C0_DEFAULT,2048,2048,2048,16,7,1048576,12,0,2599.424,2605.440,2868.832,263.392,PASS,0
PHASEB_formal_rs_C0_DEFAULT_N2048_q16_rep1,3,4,3,sm_89,RS_SLICE_SERIAL,NCCL,C0_DEFAULT,2048,2048,2048,16,8,1048576,12,0,2952.896,2958.400,3220.384,261.984,PASS,0
PHASEB_formal_rs_C0_DEFAULT_N2048_q16_rep1,3,4,3,sm_89,RS_SLICE_SERIAL,NCCL,C0_DEFAULT,2048,2048,2048,16,9,1048576,12,0,3303.104,3308.448,3571.040,262.592,PASS,0
PHASEB_formal_rs_C0_DEFAULT_N2048_q16_rep1,3,4,3,sm_89,RS_SLICE_SERIAL,NCCL,C0_DEFAULT,2048,2048,2048,16,10,1048576,12,0,3653.184,3659.200,3921.440,262.240,PASS,0
PHASEB_formal_rs_C0_DEFAULT_N2048_q16_rep1,3,4,3,sm_89,RS_SLICE_SERIAL,NCCL,C0_DEFAULT,2048,2048,2048,16,11,1048576,12,0,4003.840,4009.632,4271.328,261.696,PASS,0
PHASEB_formal_rs_C0_DEFAULT_N2048_q16_rep1,3,4,3,sm_89,RS_SLICE_SERIAL,NCCL,C0_DEFAULT,2048,2048,2048,16,12,1048576,12,0,4354.336,4360.096,4622.400,262.304,PASS,0
PHASEB_formal_rs_C0_DEFAULT_N2048_q16_rep1,3,4,3,sm_89,RS_SLICE_SERIAL,NCCL,C0_DEFAULT,2048,2048,2048,16,13,1048576,12,0,4715.520,4721.248,4983.104,261.856,PASS,0
PHASEB_formal_rs_C0_DEFAULT_N2048_q16_rep1,3,4,3,sm_89,RS_SLICE_SERIAL,NCCL,C0_DEFAULT,2048,2048,2048,16,14,1048576,12,0,5063.296,5068.896,5331.712,262.816,PASS,0
PHASEB_formal_rs_C0_DEFAULT_N2048_q16_rep1,3,4,3,sm_89,RS_SLICE_SERIAL,NCCL,C0_DEFAULT,2048,2048,2048,16,15,1048576,12,0,5421.984,5428.864,5688.832,259.968,PASS,0
PHASEB_formal_rs_C0_DEFAULT_N2048_q16_rep1,3,4,3,sm_89,RS_SLICE_SERIAL,NCCL,C0_DEFAULT,2048,2048,2048,16,0,1048576,13,0,114.048,121.920,385.184,263.264,PASS,0
PHASEB_formal_rs_C0_DEFAULT_N2048_q16_rep1,3,4,3,sm_89,RS_SLICE_SERIAL,NCCL,C0_DEFAULT,2048,2048,2048,16,1,1048576,13,0,467.296,472.608,735.680,263.072,PASS,0
PHASEB_formal_rs_C0_DEFAULT_N2048_q16_rep1,3,4,3,sm_89,RS_SLICE_SERIAL,NCCL,C0_DEFAULT,2048,2048,2048,16,2,1048576,13,0,815.904,821.408,1084.224,262.816,PASS,0
PHASEB_formal_rs_C0_DEFAULT_N2048_q16_rep1,3,4,3,sm_89,RS_SLICE_SERIAL,NCCL,C0_DEFAULT,2048,2048,2048,16,3,1048576,13,0,1176.672,1182.560,1447.104,264.544,PASS,0
PHASEB_formal_rs_C0_DEFAULT_N2048_q16_rep1,3,4,3,sm_89,RS_SLICE_SERIAL,NCCL,C0_DEFAULT,2048,2048,2048,16,4,1048576,13,0,1546.528,1552.128,1814.432,262.304,PASS,0
PHASEB_formal_rs_C0_DEFAULT_N2048_q16_rep1,3,4,3,sm_89,RS_SLICE_SERIAL,NCCL,C0_DEFAULT,2048,2048,2048,16,5,1048576,13,0,1902.592,1909.056,2172.352,263.296,PASS,0
PHASEB_formal_rs_C0_DEFAULT_N2048_q16_rep1,3,4,3,sm_89,RS_SLICE_SERIAL,NCCL,C0_DEFAULT,2048,2048,2048,16,6,1048576,13,0,2273.856,2279.584,2542.112,262.528,PASS,0
PHASEB_formal_rs_C0_DEFAULT_N2048_q16_rep1,3,4,3,sm_89,RS_SLICE_SERIAL,NCCL,C0_DEFAULT,2048,2048,2048,16,7,1048576,13,0,2657.568,2663.040,2926.848,263.808,PASS,0
PHASEB_formal_rs_C0_DEFAULT_N2048_q16_rep1,3,4,3,sm_89,RS_SLICE_SERIAL,NCCL,C0_DEFAULT,2048,2048,2048,16,8,1048576,13,0,3019.968,3025.472,3286.816,261.344,PASS,0
PHASEB_formal_rs_C0_DEFAULT_N2048_q16_rep1,3,4,3,sm_89,RS_SLICE_SERIAL,NCCL,C0_DEFAULT,2048,2048,2048,16,9,1048576,13,0,3375.776,3382.272,3645.920,263.648,PASS,0
PHASEB_formal_rs_C0_DEFAULT_N2048_q16_rep1,3,4,3,sm_89,RS_SLICE_SERIAL,NCCL,C0_DEFAULT,2048,2048,2048,16,10,1048576,13,0,3745.440,3750.720,4012.832,262.112,PASS,0
PHASEB_formal_rs_C0_DEFAULT_N2048_q16_rep1,3,4,3,sm_89,RS_SLICE_SERIAL,NCCL,C0_DEFAULT,2048,2048,2048,16,11,1048576,13,0,4099.712,4105.056,4367.968,262.912,PASS,0
PHASEB_formal_rs_C0_DEFAULT_N2048_q16_rep1,3,4,3,sm_89,RS_SLICE_SERIAL,NCCL,C0_DEFAULT,2048,2048,2048,16,12,1048576,13,0,4449.984,4455.744,4720.000,264.256,PASS,0
PHASEB_formal_rs_C0_DEFAULT_N2048_q16_rep1,3,4,3,sm_89,RS_SLICE_SERIAL,NCCL,C0_DEFAULT,2048,2048,2048,16,13,1048576,13,0,4811.040,4817.088,5078.880,261.792,PASS,0
PHASEB_formal_rs_C0_DEFAULT_N2048_q16_rep1,3,4,3,sm_89,RS_SLICE_SERIAL,NCCL,C0_DEFAULT,2048,2048,2048,16,14,1048576,13,0,5162.336,5167.904,5430.176,262.272,PASS,0
PHASEB_formal_rs_C0_DEFAULT_N2048_q16_rep1,3,4,3,sm_89,RS_SLICE_SERIAL,NCCL,C0_DEFAULT,2048,2048,2048,16,15,1048576,13,0,5523.872,5530.944,5791.552,260.608,PASS,0
PHASEB_formal_rs_C0_DEFAULT_N2048_q16_rep1,3,4,3,sm_89,RS_SLICE_SERIAL,NCCL,C0_DEFAULT,2048,2048,2048,16,0,1048576,14,0,123.936,131.168,393.440,262.272,PASS,0
PHASEB_formal_rs_C0_DEFAULT_N2048_q16_rep1,3,4,3,sm_89,RS_SLICE_SERIAL,NCCL,C0_DEFAULT,2048,2048,2048,16,1,1048576,14,0,472.352,477.632,740.320,262.688,PASS,0
PHASEB_formal_rs_C0_DEFAULT_N2048_q16_rep1,3,4,3,sm_89,RS_SLICE_SERIAL,NCCL,C0_DEFAULT,2048,2048,2048,16,2,1048576,14,0,827.040,833.024,1098.528,265.504,PASS,0
PHASEB_formal_rs_C0_DEFAULT_N2048_q16_rep1,3,4,3,sm_89,RS_SLICE_SERIAL,NCCL,C0_DEFAULT,2048,2048,2048,16,3,1048576,14,0,1175.328,1181.632,1444.032,262.400,PASS,0
PHASEB_formal_rs_C0_DEFAULT_N2048_q16_rep1,3,4,3,sm_89,RS_SLICE_SERIAL,NCCL,C0_DEFAULT,2048,2048,2048,16,4,1048576,14,0,1527.168,1532.992,1795.904,262.912,PASS,0
PHASEB_formal_rs_C0_DEFAULT_N2048_q16_rep1,3,4,3,sm_89,RS_SLICE_SERIAL,NCCL,C0_DEFAULT,2048,2048,2048,16,5,1048576,14,0,1890.816,1896.000,2159.744,263.744,PASS,0
PHASEB_formal_rs_C0_DEFAULT_N2048_q16_rep1,3,4,3,sm_89,RS_SLICE_SERIAL,NCCL,C0_DEFAULT,2048,2048,2048,16,6,1048576,14,0,2240.704,2246.496,2509.760,263.264,PASS,0
PHASEB_formal_rs_C0_DEFAULT_N2048_q16_rep1,3,4,3,sm_89,RS_SLICE_SERIAL,NCCL,C0_DEFAULT,2048,2048,2048,16,7,1048576,14,0,2603.328,2609.056,2871.584,262.528,PASS,0
PHASEB_formal_rs_C0_DEFAULT_N2048_q16_rep1,3,4,3,sm_89,RS_SLICE_SERIAL,NCCL,C0_DEFAULT,2048,2048,2048,16,8,1048576,14,0,2955.392,2960.928,3224.224,263.296,PASS,0
PHASEB_formal_rs_C0_DEFAULT_N2048_q16_rep1,3,4,3,sm_89,RS_SLICE_SERIAL,NCCL,C0_DEFAULT,2048,2048,2048,16,9,1048576,14,0,3302.624,3308.064,3571.360,263.296,PASS,0
PHASEB_formal_rs_C0_DEFAULT_N2048_q16_rep1,3,4,3,sm_89,RS_SLICE_SERIAL,NCCL,C0_DEFAULT,2048,2048,2048,16,10,1048576,14,0,3661.952,3667.744,3932.160,264.416,PASS,0
PHASEB_formal_rs_C0_DEFAULT_N2048_q16_rep1,3,4,3,sm_89,RS_SLICE_SERIAL,NCCL,C0_DEFAULT,2048,2048,2048,16,11,1048576,14,0,4016.512,4022.560,4283.872,261.312,PASS,0
PHASEB_formal_rs_C0_DEFAULT_N2048_q16_rep1,3,4,3,sm_89,RS_SLICE_SERIAL,NCCL,C0_DEFAULT,2048,2048,2048,16,12,1048576,14,0,4382.560,4387.872,4649.888,262.016,PASS,0
PHASEB_formal_rs_C0_DEFAULT_N2048_q16_rep1,3,4,3,sm_89,RS_SLICE_SERIAL,NCCL,C0_DEFAULT,2048,2048,2048,16,13,1048576,14,0,4743.680,4749.504,5011.968,262.464,PASS,0
PHASEB_formal_rs_C0_DEFAULT_N2048_q16_rep1,3,4,3,sm_89,RS_SLICE_SERIAL,NCCL,C0_DEFAULT,2048,2048,2048,16,14,1048576,14,0,5098.720,5104.192,5367.808,263.616,PASS,0
PHASEB_formal_rs_C0_DEFAULT_N2048_q16_rep1,3,4,3,sm_89,RS_SLICE_SERIAL,NCCL,C0_DEFAULT,2048,2048,2048,16,15,1048576,14,0,5459.840,5466.720,5726.432,259.712,PASS,0
PHASEB_formal_rs_C0_DEFAULT_N2048_q16_rep1,3,4,3,sm_89,RS_SLICE_SERIAL,NCCL,C0_DEFAULT,2048,2048,2048,16,0,1048576,15,0,114.592,122.048,387.776,265.728,PASS,0
PHASEB_formal_rs_C0_DEFAULT_N2048_q16_rep1,3,4,3,sm_89,RS_SLICE_SERIAL,NCCL,C0_DEFAULT,2048,2048,2048,16,1,1048576,15,0,473.920,480.544,743.520,262.976,PASS,0
PHASEB_formal_rs_C0_DEFAULT_N2048_q16_rep1,3,4,3,sm_89,RS_SLICE_SERIAL,NCCL,C0_DEFAULT,2048,2048,2048,16,2,1048576,15,0,834.848,840.768,1104.576,263.808,PASS,0
PHASEB_formal_rs_C0_DEFAULT_N2048_q16_rep1,3,4,3,sm_89,RS_SLICE_SERIAL,NCCL,C0_DEFAULT,2048,2048,2048,16,3,1048576,15,0,1186.528,1192.512,1457.312,264.800,PASS,0
PHASEB_formal_rs_C0_DEFAULT_N2048_q16_rep1,3,4,3,sm_89,RS_SLICE_SERIAL,NCCL,C0_DEFAULT,2048,2048,2048,16,4,1048576,15,0,1535.392,1540.768,1803.872,263.104,PASS,0
PHASEB_formal_rs_C0_DEFAULT_N2048_q16_rep1,3,4,3,sm_89,RS_SLICE_SERIAL,NCCL,C0_DEFAULT,2048,2048,2048,16,5,1048576,15,0,1888.448,1894.432,2159.456,265.024,PASS,0
PHASEB_formal_rs_C0_DEFAULT_N2048_q16_rep1,3,4,3,sm_89,RS_SLICE_SERIAL,NCCL,C0_DEFAULT,2048,2048,2048,16,6,1048576,15,0,2245.984,2251.328,2512.832,261.504,PASS,0
PHASEB_formal_rs_C0_DEFAULT_N2048_q16_rep1,3,4,3,sm_89,RS_SLICE_SERIAL,NCCL,C0_DEFAULT,2048,2048,2048,16,7,1048576,15,0,2595.552,2600.800,2863.904,263.104,PASS,0
PHASEB_formal_rs_C0_DEFAULT_N2048_q16_rep1,3,4,3,sm_89,RS_SLICE_SERIAL,NCCL,C0_DEFAULT,2048,2048,2048,16,8,1048576,15,0,2945.184,2951.104,3215.936,264.832,PASS,0
PHASEB_formal_rs_C0_DEFAULT_N2048_q16_rep1,3,4,3,sm_89,RS_SLICE_SERIAL,NCCL,C0_DEFAULT,2048,2048,2048,16,9,1048576,15,0,3299.168,3305.632,3570.048,264.416,PASS,0
PHASEB_formal_rs_C0_DEFAULT_N2048_q16_rep1,3,4,3,sm_89,RS_SLICE_SERIAL,NCCL,C0_DEFAULT,2048,2048,2048,16,10,1048576,15,0,3645.888,3651.424,3914.624,263.200,PASS,0
PHASEB_formal_rs_C0_DEFAULT_N2048_q16_rep1,3,4,3,sm_89,RS_SLICE_SERIAL,NCCL,C0_DEFAULT,2048,2048,2048,16,11,1048576,15,0,3996.032,4001.856,4263.808,261.952,PASS,0
PHASEB_formal_rs_C0_DEFAULT_N2048_q16_rep1,3,4,3,sm_89,RS_SLICE_SERIAL,NCCL,C0_DEFAULT,2048,2048,2048,16,12,1048576,15,0,4354.688,4359.936,4623.680,263.744,PASS,0
PHASEB_formal_rs_C0_DEFAULT_N2048_q16_rep1,3,4,3,sm_89,RS_SLICE_SERIAL,NCCL,C0_DEFAULT,2048,2048,2048,16,13,1048576,15,0,4728.800,4734.048,4996.160,262.112,PASS,0
PHASEB_formal_rs_C0_DEFAULT_N2048_q16_rep1,3,4,3,sm_89,RS_SLICE_SERIAL,NCCL,C0_DEFAULT,2048,2048,2048,16,14,1048576,15,0,5077.760,5083.104,5343.936,260.832,PASS,0
PHASEB_formal_rs_C0_DEFAULT_N2048_q16_rep1,3,4,3,sm_89,RS_SLICE_SERIAL,NCCL,C0_DEFAULT,2048,2048,2048,16,15,1048576,15,0,5457.472,5464.288,5724.928,260.640,PASS,0
PHASEB_formal_rs_C0_DEFAULT_N2048_q16_rep1,3,4,3,sm_89,RS_SLICE_SERIAL,NCCL,C0_DEFAULT,2048,2048,2048,16,0,1048576,16,0,116.512,123.616,386.112,262.496,PASS,0
PHASEB_formal_rs_C0_DEFAULT_N2048_q16_rep1,3,4,3,sm_89,RS_SLICE_SERIAL,NCCL,C0_DEFAULT,2048,2048,2048,16,1,1048576,16,0,464.640,469.824,733.952,264.128,PASS,0
PHASEB_formal_rs_C0_DEFAULT_N2048_q16_rep1,3,4,3,sm_89,RS_SLICE_SERIAL,NCCL,C0_DEFAULT,2048,2048,2048,16,2,1048576,16,0,812.896,818.176,1079.776,261.600,PASS,0
PHASEB_formal_rs_C0_DEFAULT_N2048_q16_rep1,3,4,3,sm_89,RS_SLICE_SERIAL,NCCL,C0_DEFAULT,2048,2048,2048,16,3,1048576,16,0,1184.384,1189.952,1453.824,263.872,PASS,0
PHASEB_formal_rs_C0_DEFAULT_N2048_q16_rep1,3,4,3,sm_89,RS_SLICE_SERIAL,NCCL,C0_DEFAULT,2048,2048,2048,16,4,1048576,16,0,1555.776,1561.440,1824.416,262.976,PASS,0
PHASEB_formal_rs_C0_DEFAULT_N2048_q16_rep1,3,4,3,sm_89,RS_SLICE_SERIAL,NCCL,C0_DEFAULT,2048,2048,2048,16,5,1048576,16,0,1912.064,1917.440,2181.824,264.384,PASS,0
PHASEB_formal_rs_C0_DEFAULT_N2048_q16_rep1,3,4,3,sm_89,RS_SLICE_SERIAL,NCCL,C0_DEFAULT,2048,2048,2048,16,6,1048576,16,0,2263.456,2269.376,2533.760,264.384,PASS,0
PHASEB_formal_rs_C0_DEFAULT_N2048_q16_rep1,3,4,3,sm_89,RS_SLICE_SERIAL,NCCL,C0_DEFAULT,2048,2048,2048,16,7,1048576,16,0,2611.776,2618.016,2882.336,264.320,PASS,0
PHASEB_formal_rs_C0_DEFAULT_N2048_q16_rep1,3,4,3,sm_89,RS_SLICE_SERIAL,NCCL,C0_DEFAULT,2048,2048,2048,16,8,1048576,16,0,2963.712,2969.568,3232.800,263.232,PASS,0
PHASEB_formal_rs_C0_DEFAULT_N2048_q16_rep1,3,4,3,sm_89,RS_SLICE_SERIAL,NCCL,C0_DEFAULT,2048,2048,2048,16,9,1048576,16,0,3327.872,3333.152,3595.104,261.952,PASS,0
PHASEB_formal_rs_C0_DEFAULT_N2048_q16_rep1,3,4,3,sm_89,RS_SLICE_SERIAL,NCCL,C0_DEFAULT,2048,2048,2048,16,10,1048576,16,0,3692.544,3697.824,3960.320,262.496,PASS,0
PHASEB_formal_rs_C0_DEFAULT_N2048_q16_rep1,3,4,3,sm_89,RS_SLICE_SERIAL,NCCL,C0_DEFAULT,2048,2048,2048,16,11,1048576,16,0,4044.032,4050.240,4312.704,262.464,PASS,0
PHASEB_formal_rs_C0_DEFAULT_N2048_q16_rep1,3,4,3,sm_89,RS_SLICE_SERIAL,NCCL,C0_DEFAULT,2048,2048,2048,16,12,1048576,16,0,4409.600,4414.848,4678.336,263.488,PASS,0
PHASEB_formal_rs_C0_DEFAULT_N2048_q16_rep1,3,4,3,sm_89,RS_SLICE_SERIAL,NCCL,C0_DEFAULT,2048,2048,2048,16,13,1048576,16,0,4763.360,4768.672,5030.816,262.144,PASS,0
PHASEB_formal_rs_C0_DEFAULT_N2048_q16_rep1,3,4,3,sm_89,RS_SLICE_SERIAL,NCCL,C0_DEFAULT,2048,2048,2048,16,14,1048576,16,0,5114.880,5120.544,5383.744,263.200,PASS,0
PHASEB_formal_rs_C0_DEFAULT_N2048_q16_rep1,3,4,3,sm_89,RS_SLICE_SERIAL,NCCL,C0_DEFAULT,2048,2048,2048,16,15,1048576,16,0,5476.864,5483.648,5742.880,259.232,PASS,0
PHASEB_formal_rs_C0_DEFAULT_N2048_q16_rep1,3,4,3,sm_89,RS_SLICE_SERIAL,NCCL,C0_DEFAULT,2048,2048,2048,16,0,1048576,17,0,112.384,119.872,385.504,265.632,PASS,0
PHASEB_formal_rs_C0_DEFAULT_N2048_q16_rep1,3,4,3,sm_89,RS_SLICE_SERIAL,NCCL,C0_DEFAULT,2048,2048,2048,16,1,1048576,17,0,474.208,480.224,744.800,264.576,PASS,0
PHASEB_formal_rs_C0_DEFAULT_N2048_q16_rep1,3,4,3,sm_89,RS_SLICE_SERIAL,NCCL,C0_DEFAULT,2048,2048,2048,16,2,1048576,17,0,823.232,828.928,1094.272,265.344,PASS,0
PHASEB_formal_rs_C0_DEFAULT_N2048_q16_rep1,3,4,3,sm_89,RS_SLICE_SERIAL,NCCL,C0_DEFAULT,2048,2048,2048,16,3,1048576,17,0,1182.464,1187.776,1450.656,262.880,PASS,0
PHASEB_formal_rs_C0_DEFAULT_N2048_q16_rep1,3,4,3,sm_89,RS_SLICE_SERIAL,NCCL,C0_DEFAULT,2048,2048,2048,16,4,1048576,17,0,1541.376,1547.264,1812.320,265.056,PASS,0
PHASEB_formal_rs_C0_DEFAULT_N2048_q16_rep1,3,4,3,sm_89,RS_SLICE_SERIAL,NCCL,C0_DEFAULT,2048,2048,2048,16,5,1048576,17,0,1901.056,1907.168,2172.704,265.536,PASS,0
PHASEB_formal_rs_C0_DEFAULT_N2048_q16_rep1,3,4,3,sm_89,RS_SLICE_SERIAL,NCCL,C0_DEFAULT,2048,2048,2048,16,6,1048576,17,0,2257.984,2263.744,2526.400,262.656,PASS,0
PHASEB_formal_rs_C0_DEFAULT_N2048_q16_rep1,3,4,3,sm_89,RS_SLICE_SERIAL,NCCL,C0_DEFAULT,2048,2048,2048,16,7,1048576,17,0,2615.040,2620.576,2884.128,263.552,PASS,0
PHASEB_formal_rs_C0_DEFAULT_N2048_q16_rep1,3,4,3,sm_89,RS_SLICE_SERIAL,NCCL,C0_DEFAULT,2048,2048,2048,16,8,1048576,17,0,2973.472,2979.584,3242.432,262.848,PASS,0
PHASEB_formal_rs_C0_DEFAULT_N2048_q16_rep1,3,4,3,sm_89,RS_SLICE_SERIAL,NCCL,C0_DEFAULT,2048,2048,2048,16,9,1048576,17,0,3335.168,3340.384,3603.904,263.520,PASS,0
PHASEB_formal_rs_C0_DEFAULT_N2048_q16_rep1,3,4,3,sm_89,RS_SLICE_SERIAL,NCCL,C0_DEFAULT,2048,2048,2048,16,10,1048576,17,0,3684.320,3690.272,3953.600,263.328,PASS,0
PHASEB_formal_rs_C0_DEFAULT_N2048_q16_rep1,3,4,3,sm_89,RS_SLICE_SERIAL,NCCL,C0_DEFAULT,2048,2048,2048,16,11,1048576,17,0,4042.720,4048.320,4309.632,261.312,PASS,0
PHASEB_formal_rs_C0_DEFAULT_N2048_q16_rep1,3,4,3,sm_89,RS_SLICE_SERIAL,NCCL,C0_DEFAULT,2048,2048,2048,16,12,1048576,17,0,4405.248,4410.880,4673.824,262.944,PASS,0
PHASEB_formal_rs_C0_DEFAULT_N2048_q16_rep1,3,4,3,sm_89,RS_SLICE_SERIAL,NCCL,C0_DEFAULT,2048,2048,2048,16,13,1048576,17,0,4786.336,4792.352,5054.112,261.760,PASS,0
PHASEB_formal_rs_C0_DEFAULT_N2048_q16_rep1,3,4,3,sm_89,RS_SLICE_SERIAL,NCCL,C0_DEFAULT,2048,2048,2048,16,14,1048576,17,0,5132.448,5137.696,5399.712,262.016,PASS,0
PHASEB_formal_rs_C0_DEFAULT_N2048_q16_rep1,3,4,3,sm_89,RS_SLICE_SERIAL,NCCL,C0_DEFAULT,2048,2048,2048,16,15,1048576,17,0,5481.216,5488.032,5748.288,260.256,PASS,0
PHASEB_formal_rs_C0_DEFAULT_N2048_q16_rep1,3,4,3,sm_89,RS_SLICE_SERIAL,NCCL,C0_DEFAULT,2048,2048,2048,16,0,1048576,18,0,114.432,121.696,384.544,262.848,PASS,0
PHASEB_formal_rs_C0_DEFAULT_N2048_q16_rep1,3,4,3,sm_89,RS_SLICE_SERIAL,NCCL,C0_DEFAULT,2048,2048,2048,16,1,1048576,18,0,473.120,479.008,739.936,260.928,PASS,0
PHASEB_formal_rs_C0_DEFAULT_N2048_q16_rep1,3,4,3,sm_89,RS_SLICE_SERIAL,NCCL,C0_DEFAULT,2048,2048,2048,16,2,1048576,18,0,821.504,827.392,1091.040,263.648,PASS,0
PHASEB_formal_rs_C0_DEFAULT_N2048_q16_rep1,3,4,3,sm_89,RS_SLICE_SERIAL,NCCL,C0_DEFAULT,2048,2048,2048,16,3,1048576,18,0,1181.120,1187.392,1449.472,262.080,PASS,0
PHASEB_formal_rs_C0_DEFAULT_N2048_q16_rep1,3,4,3,sm_89,RS_SLICE_SERIAL,NCCL,C0_DEFAULT,2048,2048,2048,16,4,1048576,18,0,1537.888,1543.584,1805.408,261.824,PASS,0
PHASEB_formal_rs_C0_DEFAULT_N2048_q16_rep1,3,4,3,sm_89,RS_SLICE_SERIAL,NCCL,C0_DEFAULT,2048,2048,2048,16,5,1048576,18,0,1883.776,1889.056,2151.584,262.528,PASS,0
PHASEB_formal_rs_C0_DEFAULT_N2048_q16_rep1,3,4,3,sm_89,RS_SLICE_SERIAL,NCCL,C0_DEFAULT,2048,2048,2048,16,6,1048576,18,0,2234.944,2240.704,2502.688,261.984,PASS,0
PHASEB_formal_rs_C0_DEFAULT_N2048_q16_rep1,3,4,3,sm_89,RS_SLICE_SERIAL,NCCL,C0_DEFAULT,2048,2048,2048,16,7,1048576,18,0,2596.192,2601.600,2864.832,263.232,PASS,0
PHASEB_formal_rs_C0_DEFAULT_N2048_q16_rep1,3,4,3,sm_89,RS_SLICE_SERIAL,NCCL,C0_DEFAULT,2048,2048,2048,16,8,1048576,18,0,2946.016,2952.096,3214.272,262.176,PASS,0
PHASEB_formal_rs_C0_DEFAULT_N2048_q16_rep1,3,4,3,sm_89,RS_SLICE_SERIAL,NCCL,C0_DEFAULT,2048,2048,2048,16,9,1048576,18,0,3298.304,3303.776,3566.368,262.592,PASS,0
PHASEB_formal_rs_C0_DEFAULT_N2048_q16_rep1,3,4,3,sm_89,RS_SLICE_SERIAL,NCCL,C0_DEFAULT,2048,2048,2048,16,10,1048576,18,0,3663.072,3668.480,3931.616,263.136,PASS,0
PHASEB_formal_rs_C0_DEFAULT_N2048_q16_rep1,3,4,3,sm_89,RS_SLICE_SERIAL,NCCL,C0_DEFAULT,2048,2048,2048,16,11,1048576,18,0,4022.752,4029.056,4291.296,262.240,PASS,0
PHASEB_formal_rs_C0_DEFAULT_N2048_q16_rep1,3,4,3,sm_89,RS_SLICE_SERIAL,NCCL,C0_DEFAULT,2048,2048,2048,16,12,1048576,18,0,4368.192,4373.760,4635.232,261.472,PASS,0
PHASEB_formal_rs_C0_DEFAULT_N2048_q16_rep1,3,4,3,sm_89,RS_SLICE_SERIAL,NCCL,C0_DEFAULT,2048,2048,2048,16,13,1048576,18,0,4718.848,4724.128,4987.680,263.552,PASS,0
PHASEB_formal_rs_C0_DEFAULT_N2048_q16_rep1,3,4,3,sm_89,RS_SLICE_SERIAL,NCCL,C0_DEFAULT,2048,2048,2048,16,14,1048576,18,0,5078.368,5083.584,5346.400,262.816,PASS,0
PHASEB_formal_rs_C0_DEFAULT_N2048_q16_rep1,3,4,3,sm_89,RS_SLICE_SERIAL,NCCL,C0_DEFAULT,2048,2048,2048,16,15,1048576,18,0,5434.016,5441.024,5700.576,259.552,PASS,0
PHASEB_formal_rs_C0_DEFAULT_N2048_q16_rep1,3,4,3,sm_89,RS_SLICE_SERIAL,NCCL,C0_DEFAULT,2048,2048,2048,16,0,1048576,19,0,121.216,128.608,391.872,263.264,PASS,0
PHASEB_formal_rs_C0_DEFAULT_N2048_q16_rep1,3,4,3,sm_89,RS_SLICE_SERIAL,NCCL,C0_DEFAULT,2048,2048,2048,16,1,1048576,19,0,474.016,480.064,743.552,263.488,PASS,0
PHASEB_formal_rs_C0_DEFAULT_N2048_q16_rep1,3,4,3,sm_89,RS_SLICE_SERIAL,NCCL,C0_DEFAULT,2048,2048,2048,16,2,1048576,19,0,834.560,839.776,1101.792,262.016,PASS,0
PHASEB_formal_rs_C0_DEFAULT_N2048_q16_rep1,3,4,3,sm_89,RS_SLICE_SERIAL,NCCL,C0_DEFAULT,2048,2048,2048,16,3,1048576,19,0,1184.160,1189.568,1452.000,262.432,PASS,0
PHASEB_formal_rs_C0_DEFAULT_N2048_q16_rep1,3,4,3,sm_89,RS_SLICE_SERIAL,NCCL,C0_DEFAULT,2048,2048,2048,16,4,1048576,19,0,1545.312,1550.784,1812.864,262.080,PASS,0
PHASEB_formal_rs_C0_DEFAULT_N2048_q16_rep1,3,4,3,sm_89,RS_SLICE_SERIAL,NCCL,C0_DEFAULT,2048,2048,2048,16,5,1048576,19,0,1909.888,1915.168,2179.072,263.904,PASS,0
PHASEB_formal_rs_C0_DEFAULT_N2048_q16_rep1,3,4,3,sm_89,RS_SLICE_SERIAL,NCCL,C0_DEFAULT,2048,2048,2048,16,6,1048576,19,0,2268.064,2273.504,2537.088,263.584,PASS,0
PHASEB_formal_rs_C0_DEFAULT_N2048_q16_rep1,3,4,3,sm_89,RS_SLICE_SERIAL,NCCL,C0_DEFAULT,2048,2048,2048,16,7,1048576,19,0,2616.032,2622.016,2885.664,263.648,PASS,0
PHASEB_formal_rs_C0_DEFAULT_N2048_q16_rep1,3,4,3,sm_89,RS_SLICE_SERIAL,NCCL,C0_DEFAULT,2048,2048,2048,16,8,1048576,19,0,2967.456,2973.536,3238.688,265.152,PASS,0
PHASEB_formal_rs_C0_DEFAULT_N2048_q16_rep1,3,4,3,sm_89,RS_SLICE_SERIAL,NCCL,C0_DEFAULT,2048,2048,2048,16,9,1048576,19,0,3318.720,3325.568,3589.376,263.808,PASS,0
PHASEB_formal_rs_C0_DEFAULT_N2048_q16_rep1,3,4,3,sm_89,RS_SLICE_SERIAL,NCCL,C0_DEFAULT,2048,2048,2048,16,10,1048576,19,0,3668.832,3674.208,3936.384,262.176,PASS,0
PHASEB_formal_rs_C0_DEFAULT_N2048_q16_rep1,3,4,3,sm_89,RS_SLICE_SERIAL,NCCL,C0_DEFAULT,2048,2048,2048,16,11,1048576,19,0,4016.416,4021.696,4283.552,261.856,PASS,0
PHASEB_formal_rs_C0_DEFAULT_N2048_q16_rep1,3,4,3,sm_89,RS_SLICE_SERIAL,NCCL,C0_DEFAULT,2048,2048,2048,16,12,1048576,19,0,4366.048,4371.744,4633.856,262.112,PASS,0
PHASEB_formal_rs_C0_DEFAULT_N2048_q16_rep1,3,4,3,sm_89,RS_SLICE_SERIAL,NCCL,C0_DEFAULT,2048,2048,2048,16,13,1048576,19,0,4725.024,4731.072,4993.984,262.912,PASS,0
PHASEB_formal_rs_C0_DEFAULT_N2048_q16_rep1,3,4,3,sm_89,RS_SLICE_SERIAL,NCCL,C0_DEFAULT,2048,2048,2048,16,14,1048576,19,0,5083.872,5089.184,5350.144,260.960,PASS,0
PHASEB_formal_rs_C0_DEFAULT_N2048_q16_rep1,3,4,3,sm_89,RS_SLICE_SERIAL,NCCL,C0_DEFAULT,2048,2048,2048,16,15,1048576,19,0,5430.688,5437.632,5698.432,260.800,PASS,0
PHASEB_formal_rs_C0_DEFAULT_N2048_q16_rep1,3,4,3,sm_89,RS_SLICE_SERIAL,NCCL,C0_DEFAULT,2048,2048,2048,16,0,1048576,20,0,122.592,130.016,393.728,263.712,PASS,0
PHASEB_formal_rs_C0_DEFAULT_N2048_q16_rep1,3,4,3,sm_89,RS_SLICE_SERIAL,NCCL,C0_DEFAULT,2048,2048,2048,16,1,1048576,20,0,473.312,479.328,741.184,261.856,PASS,0
PHASEB_formal_rs_C0_DEFAULT_N2048_q16_rep1,3,4,3,sm_89,RS_SLICE_SERIAL,NCCL,C0_DEFAULT,2048,2048,2048,16,2,1048576,20,0,832.000,837.216,1101.792,264.576,PASS,0
PHASEB_formal_rs_C0_DEFAULT_N2048_q16_rep1,3,4,3,sm_89,RS_SLICE_SERIAL,NCCL,C0_DEFAULT,2048,2048,2048,16,3,1048576,20,0,1204.032,1210.272,1472.288,262.016,PASS,0
PHASEB_formal_rs_C0_DEFAULT_N2048_q16_rep1,3,4,3,sm_89,RS_SLICE_SERIAL,NCCL,C0_DEFAULT,2048,2048,2048,16,4,1048576,20,0,1556.448,1562.496,1826.176,263.680,PASS,0
PHASEB_formal_rs_C0_DEFAULT_N2048_q16_rep1,3,4,3,sm_89,RS_SLICE_SERIAL,NCCL,C0_DEFAULT,2048,2048,2048,16,5,1048576,20,0,1923.616,1928.864,2192.832,263.968,PASS,0
PHASEB_formal_rs_C0_DEFAULT_N2048_q16_rep1,3,4,3,sm_89,RS_SLICE_SERIAL,NCCL,C0_DEFAULT,2048,2048,2048,16,6,1048576,20,0,2285.952,2291.328,2555.712,264.384,PASS,0
PHASEB_formal_rs_C0_DEFAULT_N2048_q16_rep1,3,4,3,sm_89,RS_SLICE_SERIAL,NCCL,C0_DEFAULT,2048,2048,2048,16,7,1048576,20,0,2635.680,2641.728,2905.216,263.488,PASS,0
PHASEB_formal_rs_C0_DEFAULT_N2048_q16_rep1,3,4,3,sm_89,RS_SLICE_SERIAL,NCCL,C0_DEFAULT,2048,2048,2048,16,8,1048576,20,0,3001.120,3006.944,3269.280,262.336,PASS,0
PHASEB_formal_rs_C0_DEFAULT_N2048_q16_rep1,3,4,3,sm_89,RS_SLICE_SERIAL,NCCL,C0_DEFAULT,2048,2048,2048,16,9,1048576,20,0,3352.384,3358.240,3621.536,263.296,PASS,0
PHASEB_formal_rs_C0_DEFAULT_N2048_q16_rep1,3,4,3,sm_89,RS_SLICE_SERIAL,NCCL,C0_DEFAULT,2048,2048,2048,16,10,1048576,20,0,3701.600,3707.776,3969.344,261.568,PASS,0
PHASEB_formal_rs_C0_DEFAULT_N2048_q16_rep1,3,4,3,sm_89,RS_SLICE_SERIAL,NCCL,C0_DEFAULT,2048,2048,2048,16,11,1048576,20,0,4053.024,4058.272,4321.504,263.232,PASS,0
PHASEB_formal_rs_C0_DEFAULT_N2048_q16_rep1,3,4,3,sm_89,RS_SLICE_SERIAL,NCCL,C0_DEFAULT,2048,2048,2048,16,12,1048576,20,0,4435.840,4441.344,4702.208,260.864,PASS,0
PHASEB_formal_rs_C0_DEFAULT_N2048_q16_rep1,3,4,3,sm_89,RS_SLICE_SERIAL,NCCL,C0_DEFAULT,2048,2048,2048,16,13,1048576,20,0,4802.272,4807.616,5069.376,261.760,PASS,0
PHASEB_formal_rs_C0_DEFAULT_N2048_q16_rep1,3,4,3,sm_89,RS_SLICE_SERIAL,NCCL,C0_DEFAULT,2048,2048,2048,16,14,1048576,20,0,5161.888,5167.680,5431.712,264.032,PASS,0
PHASEB_formal_rs_C0_DEFAULT_N2048_q16_rep1,3,4,3,sm_89,RS_SLICE_SERIAL,NCCL,C0_DEFAULT,2048,2048,2048,16,15,1048576,20,0,5514.624,5521.440,5781.184,259.744,PASS,0
PHASEB_formal_rs_C0_DEFAULT_N2048_q16_rep1,3,4,3,sm_89,RS_SLICE_SERIAL,NCCL,C0_DEFAULT,2048,2048,2048,16,0,1048576,21,0,118.752,126.016,387.904,261.888,PASS,0
PHASEB_formal_rs_C0_DEFAULT_N2048_q16_rep1,3,4,3,sm_89,RS_SLICE_SERIAL,NCCL,C0_DEFAULT,2048,2048,2048,16,1,1048576,21,0,477.952,483.296,745.280,261.984,PASS,0
PHASEB_formal_rs_C0_DEFAULT_N2048_q16_rep1,3,4,3,sm_89,RS_SLICE_SERIAL,NCCL,C0_DEFAULT,2048,2048,2048,16,2,1048576,21,0,826.400,831.712,1094.944,263.232,PASS,0
PHASEB_formal_rs_C0_DEFAULT_N2048_q16_rep1,3,4,3,sm_89,RS_SLICE_SERIAL,NCCL,C0_DEFAULT,2048,2048,2048,16,3,1048576,21,0,1181.856,1187.200,1449.920,262.720,PASS,0
PHASEB_formal_rs_C0_DEFAULT_N2048_q16_rep1,3,4,3,sm_89,RS_SLICE_SERIAL,NCCL,C0_DEFAULT,2048,2048,2048,16,4,1048576,21,0,1533.088,1538.528,1802.656,264.128,PASS,0
PHASEB_formal_rs_C0_DEFAULT_N2048_q16_rep1,3,4,3,sm_89,RS_SLICE_SERIAL,NCCL,C0_DEFAULT,2048,2048,2048,16,5,1048576,21,0,1893.312,1899.456,2163.392,263.936,PASS,0
PHASEB_formal_rs_C0_DEFAULT_N2048_q16_rep1,3,4,3,sm_89,RS_SLICE_SERIAL,NCCL,C0_DEFAULT,2048,2048,2048,16,6,1048576,21,0,2242.688,2248.608,2510.944,262.336,PASS,0
PHASEB_formal_rs_C0_DEFAULT_N2048_q16_rep1,3,4,3,sm_89,RS_SLICE_SERIAL,NCCL,C0_DEFAULT,2048,2048,2048,16,7,1048576,21,0,2608.160,2614.272,2877.600,263.328,PASS,0
PHASEB_formal_rs_C0_DEFAULT_N2048_q16_rep1,3,4,3,sm_89,RS_SLICE_SERIAL,NCCL,C0_DEFAULT,2048,2048,2048,16,8,1048576,21,0,2959.968,2966.016,3229.248,263.232,PASS,0
PHASEB_formal_rs_C0_DEFAULT_N2048_q16_rep1,3,4,3,sm_89,RS_SLICE_SERIAL,NCCL,C0_DEFAULT,2048,2048,2048,16,9,1048576,21,0,3308.992,3314.976,3577.632,262.656,PASS,0
PHASEB_formal_rs_C0_DEFAULT_N2048_q16_rep1,3,4,3,sm_89,RS_SLICE_SERIAL,NCCL,C0_DEFAULT,2048,2048,2048,16,10,1048576,21,0,3660.960,3666.560,3927.456,260.896,PASS,0
PHASEB_formal_rs_C0_DEFAULT_N2048_q16_rep1,3,4,3,sm_89,RS_SLICE_SERIAL,NCCL,C0_DEFAULT,2048,2048,2048,16,11,1048576,21,0,4018.976,4024.384,4286.976,262.592,PASS,0
PHASEB_formal_rs_C0_DEFAULT_N2048_q16_rep1,3,4,3,sm_89,RS_SLICE_SERIAL,NCCL,C0_DEFAULT,2048,2048,2048,16,12,1048576,21,0,4375.232,4380.640,4642.752,262.112,PASS,0
PHASEB_formal_rs_C0_DEFAULT_N2048_q16_rep1,3,4,3,sm_89,RS_SLICE_SERIAL,NCCL,C0_DEFAULT,2048,2048,2048,16,13,1048576,21,0,4737.504,4743.584,5005.760,262.176,PASS,0
PHASEB_formal_rs_C0_DEFAULT_N2048_q16_rep1,3,4,3,sm_89,RS_SLICE_SERIAL,NCCL,C0_DEFAULT,2048,2048,2048,16,14,1048576,21,0,5098.016,5103.264,5365.056,261.792,PASS,0
PHASEB_formal_rs_C0_DEFAULT_N2048_q16_rep1,3,4,3,sm_89,RS_SLICE_SERIAL,NCCL,C0_DEFAULT,2048,2048,2048,16,15,1048576,21,0,5455.168,5462.048,5722.848,260.800,PASS,0
PHASEB_formal_rs_C0_DEFAULT_N2048_q16_rep1,3,4,3,sm_89,RS_SLICE_SERIAL,NCCL,C0_DEFAULT,2048,2048,2048,16,0,1048576,22,0,117.728,124.800,387.616,262.816,PASS,0
PHASEB_formal_rs_C0_DEFAULT_N2048_q16_rep1,3,4,3,sm_89,RS_SLICE_SERIAL,NCCL,C0_DEFAULT,2048,2048,2048,16,1,1048576,22,0,469.248,475.296,738.272,262.976,PASS,0
PHASEB_formal_rs_C0_DEFAULT_N2048_q16_rep1,3,4,3,sm_89,RS_SLICE_SERIAL,NCCL,C0_DEFAULT,2048,2048,2048,16,2,1048576,22,0,827.616,832.928,1098.560,265.632,PASS,0
PHASEB_formal_rs_C0_DEFAULT_N2048_q16_rep1,3,4,3,sm_89,RS_SLICE_SERIAL,NCCL,C0_DEFAULT,2048,2048,2048,16,3,1048576,22,0,1202.656,1208.672,1472.480,263.808,PASS,0
PHASEB_formal_rs_C0_DEFAULT_N2048_q16_rep1,3,4,3,sm_89,RS_SLICE_SERIAL,NCCL,C0_DEFAULT,2048,2048,2048,16,4,1048576,22,0,1563.456,1569.248,1831.072,261.824,PASS,0
PHASEB_formal_rs_C0_DEFAULT_N2048_q16_rep1,3,4,3,sm_89,RS_SLICE_SERIAL,NCCL,C0_DEFAULT,2048,2048,2048,16,5,1048576,22,0,1913.440,1919.584,2183.872,264.288,PASS,0
PHASEB_formal_rs_C0_DEFAULT_N2048_q16_rep1,3,4,3,sm_89,RS_SLICE_SERIAL,NCCL,C0_DEFAULT,2048,2048,2048,16,6,1048576,22,0,2276.864,2283.104,2545.600,262.496,PASS,0
PHASEB_formal_rs_C0_DEFAULT_N2048_q16_rep1,3,4,3,sm_89,RS_SLICE_SERIAL,NCCL,C0_DEFAULT,2048,2048,2048,16,7,1048576,22,0,2625.056,2630.880,2893.408,262.528,PASS,0
PHASEB_formal_rs_C0_DEFAULT_N2048_q16_rep1,3,4,3,sm_89,RS_SLICE_SERIAL,NCCL,C0_DEFAULT,2048,2048,2048,16,8,1048576,22,0,2973.824,2979.136,3245.024,265.888,PASS,0
PHASEB_formal_rs_C0_DEFAULT_N2048_q16_rep1,3,4,3,sm_89,RS_SLICE_SERIAL,NCCL,C0_DEFAULT,2048,2048,2048,16,9,1048576,22,0,3327.552,3333.568,3596.960,263.392,PASS,0
PHASEB_formal_rs_C0_DEFAULT_N2048_q16_rep1,3,4,3,sm_89,RS_SLICE_SERIAL,NCCL,C0_DEFAULT,2048,2048,2048,16,10,1048576,22,0,3679.328,3685.312,3949.504,264.192,PASS,0
PHASEB_formal_rs_C0_DEFAULT_N2048_q16_rep1,3,4,3,sm_89,RS_SLICE_SERIAL,NCCL,C0_DEFAULT,2048,2048,2048,16,11,1048576,22,0,4034.272,4040.384,4302.560,262.176,PASS,0
PHASEB_formal_rs_C0_DEFAULT_N2048_q16_rep1,3,4,3,sm_89,RS_SLICE_SERIAL,NCCL,C0_DEFAULT,2048,2048,2048,16,12,1048576,22,0,4432.448,4437.760,4699.968,262.208,PASS,0
PHASEB_formal_rs_C0_DEFAULT_N2048_q16_rep1,3,4,3,sm_89,RS_SLICE_SERIAL,NCCL,C0_DEFAULT,2048,2048,2048,16,13,1048576,22,0,4790.816,4796.416,5058.464,262.048,PASS,0
PHASEB_formal_rs_C0_DEFAULT_N2048_q16_rep1,3,4,3,sm_89,RS_SLICE_SERIAL,NCCL,C0_DEFAULT,2048,2048,2048,16,14,1048576,22,0,5161.984,5167.328,5430.112,262.784,PASS,0
PHASEB_formal_rs_C0_DEFAULT_N2048_q16_rep1,3,4,3,sm_89,RS_SLICE_SERIAL,NCCL,C0_DEFAULT,2048,2048,2048,16,15,1048576,22,0,5512.704,5519.488,5779.072,259.584,PASS,0
PHASEB_formal_rs_C0_DEFAULT_N2048_q16_rep1,3,4,3,sm_89,RS_SLICE_SERIAL,NCCL,C0_DEFAULT,2048,2048,2048,16,0,1048576,23,0,115.584,123.296,388.800,265.504,PASS,0
PHASEB_formal_rs_C0_DEFAULT_N2048_q16_rep1,3,4,3,sm_89,RS_SLICE_SERIAL,NCCL,C0_DEFAULT,2048,2048,2048,16,1,1048576,23,0,472.096,478.144,741.536,263.392,PASS,0
PHASEB_formal_rs_C0_DEFAULT_N2048_q16_rep1,3,4,3,sm_89,RS_SLICE_SERIAL,NCCL,C0_DEFAULT,2048,2048,2048,16,2,1048576,23,0,829.984,835.648,1100.416,264.768,PASS,0
PHASEB_formal_rs_C0_DEFAULT_N2048_q16_rep1,3,4,3,sm_89,RS_SLICE_SERIAL,NCCL,C0_DEFAULT,2048,2048,2048,16,3,1048576,23,0,1191.232,1196.416,1458.528,262.112,PASS,0
PHASEB_formal_rs_C0_DEFAULT_N2048_q16_rep1,3,4,3,sm_89,RS_SLICE_SERIAL,NCCL,C0_DEFAULT,2048,2048,2048,16,4,1048576,23,0,1548.704,1554.176,1816.160,261.984,PASS,0
PHASEB_formal_rs_C0_DEFAULT_N2048_q16_rep1,3,4,3,sm_89,RS_SLICE_SERIAL,NCCL,C0_DEFAULT,2048,2048,2048,16,5,1048576,23,0,1906.976,1913.216,2176.352,263.136,PASS,0
PHASEB_formal_rs_C0_DEFAULT_N2048_q16_rep1,3,4,3,sm_89,RS_SLICE_SERIAL,NCCL,C0_DEFAULT,2048,2048,2048,16,6,1048576,23,0,2259.520,2265.696,2528.736,263.040,PASS,0
PHASEB_formal_rs_C0_DEFAULT_N2048_q16_rep1,3,4,3,sm_89,RS_SLICE_SERIAL,NCCL,C0_DEFAULT,2048,2048,2048,16,7,1048576,23,0,2623.616,2629.568,2893.792,264.224,PASS,0
PHASEB_formal_rs_C0_DEFAULT_N2048_q16_rep1,3,4,3,sm_89,RS_SLICE_SERIAL,NCCL,C0_DEFAULT,2048,2048,2048,16,8,1048576,23,0,2975.392,2980.928,3244.928,264.000,PASS,0
PHASEB_formal_rs_C0_DEFAULT_N2048_q16_rep1,3,4,3,sm_89,RS_SLICE_SERIAL,NCCL,C0_DEFAULT,2048,2048,2048,16,9,1048576,23,0,3335.904,3341.888,3604.320,262.432,PASS,0
PHASEB_formal_rs_C0_DEFAULT_N2048_q16_rep1,3,4,3,sm_89,RS_SLICE_SERIAL,NCCL,C0_DEFAULT,2048,2048,2048,16,10,1048576,23,0,3693.760,3699.200,3962.496,263.296,PASS,0
PHASEB_formal_rs_C0_DEFAULT_N2048_q16_rep1,3,4,3,sm_89,RS_SLICE_SERIAL,NCCL,C0_DEFAULT,2048,2048,2048,16,11,1048576,23,0,4040.864,4046.720,4311.168,264.448,PASS,0
PHASEB_formal_rs_C0_DEFAULT_N2048_q16_rep1,3,4,3,sm_89,RS_SLICE_SERIAL,NCCL,C0_DEFAULT,2048,2048,2048,16,12,1048576,23,0,4406.688,4412.064,4674.144,262.080,PASS,0
PHASEB_formal_rs_C0_DEFAULT_N2048_q16_rep1,3,4,3,sm_89,RS_SLICE_SERIAL,NCCL,C0_DEFAULT,2048,2048,2048,16,13,1048576,23,0,4767.520,4772.736,5034.336,261.600,PASS,0
PHASEB_formal_rs_C0_DEFAULT_N2048_q16_rep1,3,4,3,sm_89,RS_SLICE_SERIAL,NCCL,C0_DEFAULT,2048,2048,2048,16,14,1048576,23,0,5114.720,5120.160,5382.816,262.656,PASS,0
PHASEB_formal_rs_C0_DEFAULT_N2048_q16_rep1,3,4,3,sm_89,RS_SLICE_SERIAL,NCCL,C0_DEFAULT,2048,2048,2048,16,15,1048576,23,0,5463.456,5470.336,5731.264,260.928,PASS,0
PHASEB_formal_rs_C0_DEFAULT_N2048_q16_rep1,3,4,3,sm_89,RS_SLICE_SERIAL,NCCL,C0_DEFAULT,2048,2048,2048,16,0,1048576,24,0,113.536,121.184,384.928,263.744,PASS,0
PHASEB_formal_rs_C0_DEFAULT_N2048_q16_rep1,3,4,3,sm_89,RS_SLICE_SERIAL,NCCL,C0_DEFAULT,2048,2048,2048,16,1,1048576,24,0,468.160,474.048,736.800,262.752,PASS,0
PHASEB_formal_rs_C0_DEFAULT_N2048_q16_rep1,3,4,3,sm_89,RS_SLICE_SERIAL,NCCL,C0_DEFAULT,2048,2048,2048,16,2,1048576,24,0,815.808,820.992,1083.968,262.976,PASS,0
PHASEB_formal_rs_C0_DEFAULT_N2048_q16_rep1,3,4,3,sm_89,RS_SLICE_SERIAL,NCCL,C0_DEFAULT,2048,2048,2048,16,3,1048576,24,0,1173.312,1178.976,1442.304,263.328,PASS,0
PHASEB_formal_rs_C0_DEFAULT_N2048_q16_rep1,3,4,3,sm_89,RS_SLICE_SERIAL,NCCL,C0_DEFAULT,2048,2048,2048,16,4,1048576,24,0,1534.240,1540.096,1802.464,262.368,PASS,0
PHASEB_formal_rs_C0_DEFAULT_N2048_q16_rep1,3,4,3,sm_89,RS_SLICE_SERIAL,NCCL,C0_DEFAULT,2048,2048,2048,16,5,1048576,24,0,1915.872,1921.280,2183.776,262.496,PASS,0
PHASEB_formal_rs_C0_DEFAULT_N2048_q16_rep1,3,4,3,sm_89,RS_SLICE_SERIAL,NCCL,C0_DEFAULT,2048,2048,2048,16,6,1048576,24,0,2277.280,2282.624,2546.080,263.456,PASS,0
PHASEB_formal_rs_C0_DEFAULT_N2048_q16_rep1,3,4,3,sm_89,RS_SLICE_SERIAL,NCCL,C0_DEFAULT,2048,2048,2048,16,7,1048576,24,0,2634.144,2640.224,2904.928,264.704,PASS,0
PHASEB_formal_rs_C0_DEFAULT_N2048_q16_rep1,3,4,3,sm_89,RS_SLICE_SERIAL,NCCL,C0_DEFAULT,2048,2048,2048,16,8,1048576,24,0,2994.944,3000.736,3263.776,263.040,PASS,0
PHASEB_formal_rs_C0_DEFAULT_N2048_q16_rep1,3,4,3,sm_89,RS_SLICE_SERIAL,NCCL,C0_DEFAULT,2048,2048,2048,16,9,1048576,24,0,3356.384,3362.016,3625.472,263.456,PASS,0
PHASEB_formal_rs_C0_DEFAULT_N2048_q16_rep1,3,4,3,sm_89,RS_SLICE_SERIAL,NCCL,C0_DEFAULT,2048,2048,2048,16,10,1048576,24,0,3702.112,3707.328,3969.568,262.240,PASS,0
PHASEB_formal_rs_C0_DEFAULT_N2048_q16_rep1,3,4,3,sm_89,RS_SLICE_SERIAL,NCCL,C0_DEFAULT,2048,2048,2048,16,11,1048576,24,0,4053.664,4058.944,4320.480,261.536,PASS,0
PHASEB_formal_rs_C0_DEFAULT_N2048_q16_rep1,3,4,3,sm_89,RS_SLICE_SERIAL,NCCL,C0_DEFAULT,2048,2048,2048,16,12,1048576,24,0,4412.416,4417.600,4679.392,261.792,PASS,0
PHASEB_formal_rs_C0_DEFAULT_N2048_q16_rep1,3,4,3,sm_89,RS_SLICE_SERIAL,NCCL,C0_DEFAULT,2048,2048,2048,16,13,1048576,24,0,4783.136,4788.448,5051.008,262.560,PASS,0
PHASEB_formal_rs_C0_DEFAULT_N2048_q16_rep1,3,4,3,sm_89,RS_SLICE_SERIAL,NCCL,C0_DEFAULT,2048,2048,2048,16,14,1048576,24,0,5127.680,5133.280,5395.456,262.176,PASS,0
PHASEB_formal_rs_C0_DEFAULT_N2048_q16_rep1,3,4,3,sm_89,RS_SLICE_SERIAL,NCCL,C0_DEFAULT,2048,2048,2048,16,15,1048576,24,0,5478.848,5486.048,5746.272,260.224,PASS,0
PHASEB_formal_rs_C0_DEFAULT_N2048_q16_rep1,3,4,3,sm_89,RS_SLICE_SERIAL,NCCL,C0_DEFAULT,2048,2048,2048,16,0,1048576,25,0,116.864,124.096,389.664,265.568,PASS,0
PHASEB_formal_rs_C0_DEFAULT_N2048_q16_rep1,3,4,3,sm_89,RS_SLICE_SERIAL,NCCL,C0_DEFAULT,2048,2048,2048,16,1,1048576,25,0,467.360,472.832,734.784,261.952,PASS,0
PHASEB_formal_rs_C0_DEFAULT_N2048_q16_rep1,3,4,3,sm_89,RS_SLICE_SERIAL,NCCL,C0_DEFAULT,2048,2048,2048,16,2,1048576,25,0,820.960,826.368,1087.616,261.248,PASS,0
PHASEB_formal_rs_C0_DEFAULT_N2048_q16_rep1,3,4,3,sm_89,RS_SLICE_SERIAL,NCCL,C0_DEFAULT,2048,2048,2048,16,3,1048576,25,0,1190.944,1196.928,1462.016,265.088,PASS,0
PHASEB_formal_rs_C0_DEFAULT_N2048_q16_rep1,3,4,3,sm_89,RS_SLICE_SERIAL,NCCL,C0_DEFAULT,2048,2048,2048,16,4,1048576,25,0,1545.632,1551.808,1815.648,263.840,PASS,0
PHASEB_formal_rs_C0_DEFAULT_N2048_q16_rep1,3,4,3,sm_89,RS_SLICE_SERIAL,NCCL,C0_DEFAULT,2048,2048,2048,16,5,1048576,25,0,1905.376,1911.680,2175.264,263.584,PASS,0
PHASEB_formal_rs_C0_DEFAULT_N2048_q16_rep1,3,4,3,sm_89,RS_SLICE_SERIAL,NCCL,C0_DEFAULT,2048,2048,2048,16,6,1048576,25,0,2260.032,2265.824,2527.360,261.536,PASS,0
PHASEB_formal_rs_C0_DEFAULT_N2048_q16_rep1,3,4,3,sm_89,RS_SLICE_SERIAL,NCCL,C0_DEFAULT,2048,2048,2048,16,7,1048576,25,0,2606.368,2611.744,2875.200,263.456,PASS,0
PHASEB_formal_rs_C0_DEFAULT_N2048_q16_rep1,3,4,3,sm_89,RS_SLICE_SERIAL,NCCL,C0_DEFAULT,2048,2048,2048,16,8,1048576,25,0,2967.040,2972.288,3235.040,262.752,PASS,0
PHASEB_formal_rs_C0_DEFAULT_N2048_q16_rep1,3,4,3,sm_89,RS_SLICE_SERIAL,NCCL,C0_DEFAULT,2048,2048,2048,16,9,1048576,25,0,3316.384,3322.560,3586.368,263.808,PASS,0
PHASEB_formal_rs_C0_DEFAULT_N2048_q16_rep1,3,4,3,sm_89,RS_SLICE_SERIAL,NCCL,C0_DEFAULT,2048,2048,2048,16,10,1048576,25,0,3675.040,3680.256,3941.824,261.568,PASS,0
PHASEB_formal_rs_C0_DEFAULT_N2048_q16_rep1,3,4,3,sm_89,RS_SLICE_SERIAL,NCCL,C0_DEFAULT,2048,2048,2048,16,11,1048576,25,0,4025.024,4031.008,4293.344,262.336,PASS,0
PHASEB_formal_rs_C0_DEFAULT_N2048_q16_rep1,3,4,3,sm_89,RS_SLICE_SERIAL,NCCL,C0_DEFAULT,2048,2048,2048,16,12,1048576,25,0,4386.432,4391.904,4656.736,264.832,PASS,0
PHASEB_formal_rs_C0_DEFAULT_N2048_q16_rep1,3,4,3,sm_89,RS_SLICE_SERIAL,NCCL,C0_DEFAULT,2048,2048,2048,16,13,1048576,25,0,4738.688,4745.216,5008.448,263.232,PASS,0
PHASEB_formal_rs_C0_DEFAULT_N2048_q16_rep1,3,4,3,sm_89,RS_SLICE_SERIAL,NCCL,C0_DEFAULT,2048,2048,2048,16,14,1048576,25,0,5093.696,5098.944,5362.912,263.968,PASS,0
PHASEB_formal_rs_C0_DEFAULT_N2048_q16_rep1,3,4,3,sm_89,RS_SLICE_SERIAL,NCCL,C0_DEFAULT,2048,2048,2048,16,15,1048576,25,0,5454.368,5461.152,5721.824,260.672,PASS,0
PHASEB_formal_rs_C0_DEFAULT_N2048_q16_rep1,3,4,3,sm_89,RS_SLICE_SERIAL,NCCL,C0_DEFAULT,2048,2048,2048,16,0,1048576,26,0,121.440,128.608,393.184,264.576,PASS,0
PHASEB_formal_rs_C0_DEFAULT_N2048_q16_rep1,3,4,3,sm_89,RS_SLICE_SERIAL,NCCL,C0_DEFAULT,2048,2048,2048,16,1,1048576,26,0,471.936,477.984,742.112,264.128,PASS,0
PHASEB_formal_rs_C0_DEFAULT_N2048_q16_rep1,3,4,3,sm_89,RS_SLICE_SERIAL,NCCL,C0_DEFAULT,2048,2048,2048,16,2,1048576,26,0,833.056,838.400,1100.800,262.400,PASS,0
PHASEB_formal_rs_C0_DEFAULT_N2048_q16_rep1,3,4,3,sm_89,RS_SLICE_SERIAL,NCCL,C0_DEFAULT,2048,2048,2048,16,3,1048576,26,0,1188.256,1194.656,1458.912,264.256,PASS,0
PHASEB_formal_rs_C0_DEFAULT_N2048_q16_rep1,3,4,3,sm_89,RS_SLICE_SERIAL,NCCL,C0_DEFAULT,2048,2048,2048,16,4,1048576,26,0,1550.144,1555.744,1816.480,260.736,PASS,0
PHASEB_formal_rs_C0_DEFAULT_N2048_q16_rep1,3,4,3,sm_89,RS_SLICE_SERIAL,NCCL,C0_DEFAULT,2048,2048,2048,16,5,1048576,26,0,1902.400,1907.872,2171.104,263.232,PASS,0
PHASEB_formal_rs_C0_DEFAULT_N2048_q16_rep1,3,4,3,sm_89,RS_SLICE_SERIAL,NCCL,C0_DEFAULT,2048,2048,2048,16,6,1048576,26,0,2253.856,2259.840,2520.544,260.704,PASS,0
PHASEB_formal_rs_C0_DEFAULT_N2048_q16_rep1,3,4,3,sm_89,RS_SLICE_SERIAL,NCCL,C0_DEFAULT,2048,2048,2048,16,7,1048576,26,0,2611.488,2617.536,2879.488,261.952,PASS,0
PHASEB_formal_rs_C0_DEFAULT_N2048_q16_rep1,3,4,3,sm_89,RS_SLICE_SERIAL,NCCL,C0_DEFAULT,2048,2048,2048,16,8,1048576,26,0,2960.992,2966.368,3231.776,265.408,PASS,0
PHASEB_formal_rs_C0_DEFAULT_N2048_q16_rep1,3,4,3,sm_89,RS_SLICE_SERIAL,NCCL,C0_DEFAULT,2048,2048,2048,16,9,1048576,26,0,3316.800,3322.816,3587.168,264.352,PASS,0
PHASEB_formal_rs_C0_DEFAULT_N2048_q16_rep1,3,4,3,sm_89,RS_SLICE_SERIAL,NCCL,C0_DEFAULT,2048,2048,2048,16,10,1048576,26,0,3668.832,3674.880,3938.720,263.840,PASS,0
PHASEB_formal_rs_C0_DEFAULT_N2048_q16_rep1,3,4,3,sm_89,RS_SLICE_SERIAL,NCCL,C0_DEFAULT,2048,2048,2048,16,11,1048576,26,0,4028.896,4035.040,4297.344,262.304,PASS,0
PHASEB_formal_rs_C0_DEFAULT_N2048_q16_rep1,3,4,3,sm_89,RS_SLICE_SERIAL,NCCL,C0_DEFAULT,2048,2048,2048,16,12,1048576,26,0,4387.936,4393.600,4656.480,262.880,PASS,0
PHASEB_formal_rs_C0_DEFAULT_N2048_q16_rep1,3,4,3,sm_89,RS_SLICE_SERIAL,NCCL,C0_DEFAULT,2048,2048,2048,16,13,1048576,26,0,4736.768,4742.016,5005.248,263.232,PASS,0
PHASEB_formal_rs_C0_DEFAULT_N2048_q16_rep1,3,4,3,sm_89,RS_SLICE_SERIAL,NCCL,C0_DEFAULT,2048,2048,2048,16,14,1048576,26,0,5087.232,5092.896,5354.496,261.600,PASS,0
PHASEB_formal_rs_C0_DEFAULT_N2048_q16_rep1,3,4,3,sm_89,RS_SLICE_SERIAL,NCCL,C0_DEFAULT,2048,2048,2048,16,15,1048576,26,0,5443.488,5450.336,5710.208,259.872,PASS,0
PHASEB_formal_rs_C0_DEFAULT_N2048_q16_rep1,3,4,3,sm_89,RS_SLICE_SERIAL,NCCL,C0_DEFAULT,2048,2048,2048,16,0,1048576,27,0,119.904,127.328,391.360,264.032,PASS,0
PHASEB_formal_rs_C0_DEFAULT_N2048_q16_rep1,3,4,3,sm_89,RS_SLICE_SERIAL,NCCL,C0_DEFAULT,2048,2048,2048,16,1,1048576,27,0,474.272,480.544,741.856,261.312,PASS,0
PHASEB_formal_rs_C0_DEFAULT_N2048_q16_rep1,3,4,3,sm_89,RS_SLICE_SERIAL,NCCL,C0_DEFAULT,2048,2048,2048,16,2,1048576,27,0,828.672,834.368,1096.480,262.112,PASS,0
PHASEB_formal_rs_C0_DEFAULT_N2048_q16_rep1,3,4,3,sm_89,RS_SLICE_SERIAL,NCCL,C0_DEFAULT,2048,2048,2048,16,3,1048576,27,0,1189.088,1195.104,1459.296,264.192,PASS,0
PHASEB_formal_rs_C0_DEFAULT_N2048_q16_rep1,3,4,3,sm_89,RS_SLICE_SERIAL,NCCL,C0_DEFAULT,2048,2048,2048,16,4,1048576,27,0,1540.768,1546.976,1810.080,263.104,PASS,0
PHASEB_formal_rs_C0_DEFAULT_N2048_q16_rep1,3,4,3,sm_89,RS_SLICE_SERIAL,NCCL,C0_DEFAULT,2048,2048,2048,16,5,1048576,27,0,1902.368,1907.840,2170.560,262.720,PASS,0
PHASEB_formal_rs_C0_DEFAULT_N2048_q16_rep1,3,4,3,sm_89,RS_SLICE_SERIAL,NCCL,C0_DEFAULT,2048,2048,2048,16,6,1048576,27,0,2258.464,2263.968,2526.688,262.720,PASS,0
PHASEB_formal_rs_C0_DEFAULT_N2048_q16_rep1,3,4,3,sm_89,RS_SLICE_SERIAL,NCCL,C0_DEFAULT,2048,2048,2048,16,7,1048576,27,0,2616.128,2621.600,2884.672,263.072,PASS,0
PHASEB_formal_rs_C0_DEFAULT_N2048_q16_rep1,3,4,3,sm_89,RS_SLICE_SERIAL,NCCL,C0_DEFAULT,2048,2048,2048,16,8,1048576,27,0,2977.376,2982.880,3249.152,266.272,PASS,0
PHASEB_formal_rs_C0_DEFAULT_N2048_q16_rep1,3,4,3,sm_89,RS_SLICE_SERIAL,NCCL,C0_DEFAULT,2048,2048,2048,16,9,1048576,27,0,3327.296,3333.856,3596.768,262.912,PASS,0
PHASEB_formal_rs_C0_DEFAULT_N2048_q16_rep1,3,4,3,sm_89,RS_SLICE_SERIAL,NCCL,C0_DEFAULT,2048,2048,2048,16,10,1048576,27,0,3680.832,3686.272,3949.664,263.392,PASS,0
PHASEB_formal_rs_C0_DEFAULT_N2048_q16_rep1,3,4,3,sm_89,RS_SLICE_SERIAL,NCCL,C0_DEFAULT,2048,2048,2048,16,11,1048576,27,0,4040.832,4046.048,4308.128,262.080,PASS,0
PHASEB_formal_rs_C0_DEFAULT_N2048_q16_rep1,3,4,3,sm_89,RS_SLICE_SERIAL,NCCL,C0_DEFAULT,2048,2048,2048,16,12,1048576,27,0,4396.576,4402.016,4666.592,264.576,PASS,0
PHASEB_formal_rs_C0_DEFAULT_N2048_q16_rep1,3,4,3,sm_89,RS_SLICE_SERIAL,NCCL,C0_DEFAULT,2048,2048,2048,16,13,1048576,27,0,4780.992,4786.272,5048.608,262.336,PASS,0
PHASEB_formal_rs_C0_DEFAULT_N2048_q16_rep1,3,4,3,sm_89,RS_SLICE_SERIAL,NCCL,C0_DEFAULT,2048,2048,2048,16,14,1048576,27,0,5157.888,5163.136,5424.704,261.568,PASS,0
PHASEB_formal_rs_C0_DEFAULT_N2048_q16_rep1,3,4,3,sm_89,RS_SLICE_SERIAL,NCCL,C0_DEFAULT,2048,2048,2048,16,15,1048576,27,0,5515.776,5522.592,5783.584,260.992,PASS,0
PHASEB_formal_rs_C0_DEFAULT_N2048_q16_rep1,3,4,3,sm_89,RS_SLICE_SERIAL,NCCL,C0_DEFAULT,2048,2048,2048,16,0,1048576,28,0,113.184,120.448,383.872,263.424,PASS,0
PHASEB_formal_rs_C0_DEFAULT_N2048_q16_rep1,3,4,3,sm_89,RS_SLICE_SERIAL,NCCL,C0_DEFAULT,2048,2048,2048,16,1,1048576,28,0,472.064,478.112,741.888,263.776,PASS,0
PHASEB_formal_rs_C0_DEFAULT_N2048_q16_rep1,3,4,3,sm_89,RS_SLICE_SERIAL,NCCL,C0_DEFAULT,2048,2048,2048,16,2,1048576,28,0,817.760,823.360,1087.584,264.224,PASS,0
PHASEB_formal_rs_C0_DEFAULT_N2048_q16_rep1,3,4,3,sm_89,RS_SLICE_SERIAL,NCCL,C0_DEFAULT,2048,2048,2048,16,3,1048576,28,0,1173.984,1179.392,1442.464,263.072,PASS,0
PHASEB_formal_rs_C0_DEFAULT_N2048_q16_rep1,3,4,3,sm_89,RS_SLICE_SERIAL,NCCL,C0_DEFAULT,2048,2048,2048,16,4,1048576,28,0,1537.120,1542.528,1803.840,261.312,PASS,0
PHASEB_formal_rs_C0_DEFAULT_N2048_q16_rep1,3,4,3,sm_89,RS_SLICE_SERIAL,NCCL,C0_DEFAULT,2048,2048,2048,16,5,1048576,28,0,1894.272,1900.064,2164.896,264.832,PASS,0
PHASEB_formal_rs_C0_DEFAULT_N2048_q16_rep1,3,4,3,sm_89,RS_SLICE_SERIAL,NCCL,C0_DEFAULT,2048,2048,2048,16,6,1048576,28,0,2244.800,2250.112,2514.720,264.608,PASS,0
PHASEB_formal_rs_C0_DEFAULT_N2048_q16_rep1,3,4,3,sm_89,RS_SLICE_SERIAL,NCCL,C0_DEFAULT,2048,2048,2048,16,7,1048576,28,0,2592.864,2598.944,2861.280,262.336,PASS,0
PHASEB_formal_rs_C0_DEFAULT_N2048_q16_rep1,3,4,3,sm_89,RS_SLICE_SERIAL,NCCL,C0_DEFAULT,2048,2048,2048,16,8,1048576,28,0,2943.136,2949.088,3213.408,264.320,PASS,0
PHASEB_formal_rs_C0_DEFAULT_N2048_q16_rep1,3,4,3,sm_89,RS_SLICE_SERIAL,NCCL,C0_DEFAULT,2048,2048,2048,16,9,1048576,28,0,3291.072,3296.352,3559.584,263.232,PASS,0
PHASEB_formal_rs_C0_DEFAULT_N2048_q16_rep1,3,4,3,sm_89,RS_SLICE_SERIAL,NCCL,C0_DEFAULT,2048,2048,2048,16,10,1048576,28,0,3655.936,3661.760,3925.888,264.128,PASS,0
PHASEB_formal_rs_C0_DEFAULT_N2048_q16_rep1,3,4,3,sm_89,RS_SLICE_SERIAL,NCCL,C0_DEFAULT,2048,2048,2048,16,11,1048576,28,0,4006.304,4011.936,4273.344,261.408,PASS,0
PHASEB_formal_rs_C0_DEFAULT_N2048_q16_rep1,3,4,3,sm_89,RS_SLICE_SERIAL,NCCL,C0_DEFAULT,2048,2048,2048,16,12,1048576,28,0,4375.968,4381.728,4643.808,262.080,PASS,0
PHASEB_formal_rs_C0_DEFAULT_N2048_q16_rep1,3,4,3,sm_89,RS_SLICE_SERIAL,NCCL,C0_DEFAULT,2048,2048,2048,16,13,1048576,28,0,4726.976,4732.512,4995.040,262.528,PASS,0
PHASEB_formal_rs_C0_DEFAULT_N2048_q16_rep1,3,4,3,sm_89,RS_SLICE_SERIAL,NCCL,C0_DEFAULT,2048,2048,2048,16,14,1048576,28,0,5075.808,5081.184,5346.528,265.344,PASS,0
PHASEB_formal_rs_C0_DEFAULT_N2048_q16_rep1,3,4,3,sm_89,RS_SLICE_SERIAL,NCCL,C0_DEFAULT,2048,2048,2048,16,15,1048576,28,0,5439.392,5446.368,5706.176,259.808,PASS,0
PHASEB_formal_rs_C0_DEFAULT_N2048_q16_rep1,3,4,3,sm_89,RS_SLICE_SERIAL,NCCL,C0_DEFAULT,2048,2048,2048,16,0,1048576,29,0,115.136,122.688,385.376,262.688,PASS,0
PHASEB_formal_rs_C0_DEFAULT_N2048_q16_rep1,3,4,3,sm_89,RS_SLICE_SERIAL,NCCL,C0_DEFAULT,2048,2048,2048,16,1,1048576,29,0,465.696,471.264,735.360,264.096,PASS,0
PHASEB_formal_rs_C0_DEFAULT_N2048_q16_rep1,3,4,3,sm_89,RS_SLICE_SERIAL,NCCL,C0_DEFAULT,2048,2048,2048,16,2,1048576,29,0,825.984,831.264,1095.616,264.352,PASS,0
PHASEB_formal_rs_C0_DEFAULT_N2048_q16_rep1,3,4,3,sm_89,RS_SLICE_SERIAL,NCCL,C0_DEFAULT,2048,2048,2048,16,3,1048576,29,0,1176.544,1181.952,1444.608,262.656,PASS,0
PHASEB_formal_rs_C0_DEFAULT_N2048_q16_rep1,3,4,3,sm_89,RS_SLICE_SERIAL,NCCL,C0_DEFAULT,2048,2048,2048,16,4,1048576,29,0,1532.256,1537.504,1800.832,263.328,PASS,0
PHASEB_formal_rs_C0_DEFAULT_N2048_q16_rep1,3,4,3,sm_89,RS_SLICE_SERIAL,NCCL,C0_DEFAULT,2048,2048,2048,16,5,1048576,29,0,1894.048,1900.256,2163.680,263.424,PASS,0
PHASEB_formal_rs_C0_DEFAULT_N2048_q16_rep1,3,4,3,sm_89,RS_SLICE_SERIAL,NCCL,C0_DEFAULT,2048,2048,2048,16,6,1048576,29,0,2260.864,2266.080,2527.872,261.792,PASS,0
PHASEB_formal_rs_C0_DEFAULT_N2048_q16_rep1,3,4,3,sm_89,RS_SLICE_SERIAL,NCCL,C0_DEFAULT,2048,2048,2048,16,7,1048576,29,0,2626.816,2632.640,2895.488,262.848,PASS,0
PHASEB_formal_rs_C0_DEFAULT_N2048_q16_rep1,3,4,3,sm_89,RS_SLICE_SERIAL,NCCL,C0_DEFAULT,2048,2048,2048,16,8,1048576,29,0,3000.320,3005.568,3268.992,263.424,PASS,0
PHASEB_formal_rs_C0_DEFAULT_N2048_q16_rep1,3,4,3,sm_89,RS_SLICE_SERIAL,NCCL,C0_DEFAULT,2048,2048,2048,16,9,1048576,29,0,3352.736,3358.848,3622.208,263.360,PASS,0
PHASEB_formal_rs_C0_DEFAULT_N2048_q16_rep1,3,4,3,sm_89,RS_SLICE_SERIAL,NCCL,C0_DEFAULT,2048,2048,2048,16,10,1048576,29,0,3704.640,3710.784,3974.240,263.456,PASS,0
PHASEB_formal_rs_C0_DEFAULT_N2048_q16_rep1,3,4,3,sm_89,RS_SLICE_SERIAL,NCCL,C0_DEFAULT,2048,2048,2048,16,11,1048576,29,0,4064.160,4070.304,4332.032,261.728,PASS,0
PHASEB_formal_rs_C0_DEFAULT_N2048_q16_rep1,3,4,3,sm_89,RS_SLICE_SERIAL,NCCL,C0_DEFAULT,2048,2048,2048,16,12,1048576,29,0,4420.032,4425.312,4687.584,262.272,PASS,0
PHASEB_formal_rs_C0_DEFAULT_N2048_q16_rep1,3,4,3,sm_89,RS_SLICE_SERIAL,NCCL,C0_DEFAULT,2048,2048,2048,16,13,1048576,29,0,4780.032,4786.144,5048.992,262.848,PASS,0
PHASEB_formal_rs_C0_DEFAULT_N2048_q16_rep1,3,4,3,sm_89,RS_SLICE_SERIAL,NCCL,C0_DEFAULT,2048,2048,2048,16,14,1048576,29,0,5136.864,5142.112,5405.472,263.360,PASS,0
PHASEB_formal_rs_C0_DEFAULT_N2048_q16_rep1,3,4,3,sm_89,RS_SLICE_SERIAL,NCCL,C0_DEFAULT,2048,2048,2048,16,15,1048576,29,0,5493.600,5500.384,5761.216,260.832,PASS,0
PHASEB_formal_rs_C0_DEFAULT_N2048_q16_rep1,3,4,3,sm_89,RS_SLICE_SERIAL,NCCL,C0_DEFAULT,2048,2048,2048,16,0,1048576,30,0,110.624,117.984,381.408,263.424,PASS,0
PHASEB_formal_rs_C0_DEFAULT_N2048_q16_rep1,3,4,3,sm_89,RS_SLICE_SERIAL,NCCL,C0_DEFAULT,2048,2048,2048,16,1,1048576,30,0,471.296,476.736,738.240,261.504,PASS,0
PHASEB_formal_rs_C0_DEFAULT_N2048_q16_rep1,3,4,3,sm_89,RS_SLICE_SERIAL,NCCL,C0_DEFAULT,2048,2048,2048,16,2,1048576,30,0,818.048,823.616,1088.416,264.800,PASS,0
PHASEB_formal_rs_C0_DEFAULT_N2048_q16_rep1,3,4,3,sm_89,RS_SLICE_SERIAL,NCCL,C0_DEFAULT,2048,2048,2048,16,3,1048576,30,0,1187.104,1193.344,1456.608,263.264,PASS,0
PHASEB_formal_rs_C0_DEFAULT_N2048_q16_rep1,3,4,3,sm_89,RS_SLICE_SERIAL,NCCL,C0_DEFAULT,2048,2048,2048,16,4,1048576,30,0,1547.328,1553.248,1815.904,262.656,PASS,0
PHASEB_formal_rs_C0_DEFAULT_N2048_q16_rep1,3,4,3,sm_89,RS_SLICE_SERIAL,NCCL,C0_DEFAULT,2048,2048,2048,16,5,1048576,30,0,1896.864,1902.304,2165.184,262.880,PASS,0
PHASEB_formal_rs_C0_DEFAULT_N2048_q16_rep1,3,4,3,sm_89,RS_SLICE_SERIAL,NCCL,C0_DEFAULT,2048,2048,2048,16,6,1048576,30,0,2246.944,2252.736,2515.008,262.272,PASS,0
PHASEB_formal_rs_C0_DEFAULT_N2048_q16_rep1,3,4,3,sm_89,RS_SLICE_SERIAL,NCCL,C0_DEFAULT,2048,2048,2048,16,7,1048576,30,0,2597.856,2603.072,2866.496,263.424,PASS,0
PHASEB_formal_rs_C0_DEFAULT_N2048_q16_rep1,3,4,3,sm_89,RS_SLICE_SERIAL,NCCL,C0_DEFAULT,2048,2048,2048,16,8,1048576,30,0,2956.192,2961.472,3223.136,261.664,PASS,0
PHASEB_formal_rs_C0_DEFAULT_N2048_q16_rep1,3,4,3,sm_89,RS_SLICE_SERIAL,NCCL,C0_DEFAULT,2048,2048,2048,16,9,1048576,30,0,3308.416,3314.176,3577.472,263.296,PASS,0
PHASEB_formal_rs_C0_DEFAULT_N2048_q16_rep1,3,4,3,sm_89,RS_SLICE_SERIAL,NCCL,C0_DEFAULT,2048,2048,2048,16,10,1048576,30,0,3658.208,3664.416,3929.344,264.928,PASS,0
PHASEB_formal_rs_C0_DEFAULT_N2048_q16_rep1,3,4,3,sm_89,RS_SLICE_SERIAL,NCCL,C0_DEFAULT,2048,2048,2048,16,11,1048576,30,0,4018.784,4024.864,4285.280,260.416,PASS,0
PHASEB_formal_rs_C0_DEFAULT_N2048_q16_rep1,3,4,3,sm_89,RS_SLICE_SERIAL,NCCL,C0_DEFAULT,2048,2048,2048,16,12,1048576,30,0,4378.880,4384.480,4647.424,262.944,PASS,0
PHASEB_formal_rs_C0_DEFAULT_N2048_q16_rep1,3,4,3,sm_89,RS_SLICE_SERIAL,NCCL,C0_DEFAULT,2048,2048,2048,16,13,1048576,30,0,4735.104,4740.384,5002.304,261.920,PASS,0
PHASEB_formal_rs_C0_DEFAULT_N2048_q16_rep1,3,4,3,sm_89,RS_SLICE_SERIAL,NCCL,C0_DEFAULT,2048,2048,2048,16,14,1048576,30,0,5095.104,5100.544,5365.600,265.056,PASS,0
PHASEB_formal_rs_C0_DEFAULT_N2048_q16_rep1,3,4,3,sm_89,RS_SLICE_SERIAL,NCCL,C0_DEFAULT,2048,2048,2048,16,15,1048576,30,0,5456.000,5462.848,5722.176,259.328,PASS,0
PHASEB_formal_rs_C0_DEFAULT_N2048_q16_rep1,3,4,3,sm_89,RS_SLICE_SERIAL,NCCL,C0_DEFAULT,2048,2048,2048,16,0,1048576,31,0,123.872,131.840,398.848,267.008,PASS,0
PHASEB_formal_rs_C0_DEFAULT_N2048_q16_rep1,3,4,3,sm_89,RS_SLICE_SERIAL,NCCL,C0_DEFAULT,2048,2048,2048,16,1,1048576,31,0,476.224,482.720,744.832,262.112,PASS,0
PHASEB_formal_rs_C0_DEFAULT_N2048_q16_rep1,3,4,3,sm_89,RS_SLICE_SERIAL,NCCL,C0_DEFAULT,2048,2048,2048,16,2,1048576,31,0,836.064,841.440,1103.104,261.664,PASS,0
PHASEB_formal_rs_C0_DEFAULT_N2048_q16_rep1,3,4,3,sm_89,RS_SLICE_SERIAL,NCCL,C0_DEFAULT,2048,2048,2048,16,3,1048576,31,0,1191.904,1197.760,1461.472,263.712,PASS,0
PHASEB_formal_rs_C0_DEFAULT_N2048_q16_rep1,3,4,3,sm_89,RS_SLICE_SERIAL,NCCL,C0_DEFAULT,2048,2048,2048,16,4,1048576,31,0,1554.048,1559.488,1821.696,262.208,PASS,0
PHASEB_formal_rs_C0_DEFAULT_N2048_q16_rep1,3,4,3,sm_89,RS_SLICE_SERIAL,NCCL,C0_DEFAULT,2048,2048,2048,16,5,1048576,31,0,1913.600,1919.040,2183.616,264.576,PASS,0
PHASEB_formal_rs_C0_DEFAULT_N2048_q16_rep1,3,4,3,sm_89,RS_SLICE_SERIAL,NCCL,C0_DEFAULT,2048,2048,2048,16,6,1048576,31,0,2270.336,2275.840,2537.856,262.016,PASS,0
PHASEB_formal_rs_C0_DEFAULT_N2048_q16_rep1,3,4,3,sm_89,RS_SLICE_SERIAL,NCCL,C0_DEFAULT,2048,2048,2048,16,7,1048576,31,0,2621.728,2627.072,2889.152,262.080,PASS,0
PHASEB_formal_rs_C0_DEFAULT_N2048_q16_rep1,3,4,3,sm_89,RS_SLICE_SERIAL,NCCL,C0_DEFAULT,2048,2048,2048,16,8,1048576,31,0,2982.208,2988.064,3251.168,263.104,PASS,0
PHASEB_formal_rs_C0_DEFAULT_N2048_q16_rep1,3,4,3,sm_89,RS_SLICE_SERIAL,NCCL,C0_DEFAULT,2048,2048,2048,16,9,1048576,31,0,3337.216,3343.168,3605.536,262.368,PASS,0
PHASEB_formal_rs_C0_DEFAULT_N2048_q16_rep1,3,4,3,sm_89,RS_SLICE_SERIAL,NCCL,C0_DEFAULT,2048,2048,2048,16,10,1048576,31,0,3686.720,3692.736,3954.112,261.376,PASS,0
PHASEB_formal_rs_C0_DEFAULT_N2048_q16_rep1,3,4,3,sm_89,RS_SLICE_SERIAL,NCCL,C0_DEFAULT,2048,2048,2048,16,11,1048576,31,0,4045.376,4050.720,4314.112,263.392,PASS,0
PHASEB_formal_rs_C0_DEFAULT_N2048_q16_rep1,3,4,3,sm_89,RS_SLICE_SERIAL,NCCL,C0_DEFAULT,2048,2048,2048,16,12,1048576,31,0,4421.856,4427.136,4689.760,262.624,PASS,0
PHASEB_formal_rs_C0_DEFAULT_N2048_q16_rep1,3,4,3,sm_89,RS_SLICE_SERIAL,NCCL,C0_DEFAULT,2048,2048,2048,16,13,1048576,31,0,4775.552,4780.960,5043.392,262.432,PASS,0
PHASEB_formal_rs_C0_DEFAULT_N2048_q16_rep1,3,4,3,sm_89,RS_SLICE_SERIAL,NCCL,C0_DEFAULT,2048,2048,2048,16,14,1048576,31,0,5140.320,5145.536,5406.432,260.896,PASS,0
PHASEB_formal_rs_C0_DEFAULT_N2048_q16_rep1,3,4,3,sm_89,RS_SLICE_SERIAL,NCCL,C0_DEFAULT,2048,2048,2048,16,15,1048576,31,0,5502.528,5509.216,5769.632,260.416,PASS,0
PHASEB_formal_rs_C0_DEFAULT_N2048_q16_rep1,3,4,3,sm_89,RS_SLICE_SERIAL,NCCL,C0_DEFAULT,2048,2048,2048,16,0,1048576,32,0,126.304,133.792,395.936,262.144,PASS,0
PHASEB_formal_rs_C0_DEFAULT_N2048_q16_rep1,3,4,3,sm_89,RS_SLICE_SERIAL,NCCL,C0_DEFAULT,2048,2048,2048,16,1,1048576,32,0,474.272,479.488,742.080,262.592,PASS,0
PHASEB_formal_rs_C0_DEFAULT_N2048_q16_rep1,3,4,3,sm_89,RS_SLICE_SERIAL,NCCL,C0_DEFAULT,2048,2048,2048,16,2,1048576,32,0,822.432,827.968,1090.528,262.560,PASS,0
PHASEB_formal_rs_C0_DEFAULT_N2048_q16_rep1,3,4,3,sm_89,RS_SLICE_SERIAL,NCCL,C0_DEFAULT,2048,2048,2048,16,3,1048576,32,0,1180.384,1186.176,1448.160,261.984,PASS,0
PHASEB_formal_rs_C0_DEFAULT_N2048_q16_rep1,3,4,3,sm_89,RS_SLICE_SERIAL,NCCL,C0_DEFAULT,2048,2048,2048,16,4,1048576,32,0,1531.808,1537.216,1798.336,261.120,PASS,0
PHASEB_formal_rs_C0_DEFAULT_N2048_q16_rep1,3,4,3,sm_89,RS_SLICE_SERIAL,NCCL,C0_DEFAULT,2048,2048,2048,16,5,1048576,32,0,1878.336,1883.936,2148.320,264.384,PASS,0
PHASEB_formal_rs_C0_DEFAULT_N2048_q16_rep1,3,4,3,sm_89,RS_SLICE_SERIAL,NCCL,C0_DEFAULT,2048,2048,2048,16,6,1048576,32,0,2241.056,2246.400,2511.488,265.088,PASS,0
PHASEB_formal_rs_C0_DEFAULT_N2048_q16_rep1,3,4,3,sm_89,RS_SLICE_SERIAL,NCCL,C0_DEFAULT,2048,2048,2048,16,7,1048576,32,0,2595.776,2601.728,2863.616,261.888,PASS,0
PHASEB_formal_rs_C0_DEFAULT_N2048_q16_rep1,3,4,3,sm_89,RS_SLICE_SERIAL,NCCL,C0_DEFAULT,2048,2048,2048,16,8,1048576,32,0,2945.664,2951.744,3214.080,262.336,PASS,0
PHASEB_formal_rs_C0_DEFAULT_N2048_q16_rep1,3,4,3,sm_89,RS_SLICE_SERIAL,NCCL,C0_DEFAULT,2048,2048,2048,16,9,1048576,32,0,3303.360,3309.184,3572.512,263.328,PASS,0
PHASEB_formal_rs_C0_DEFAULT_N2048_q16_rep1,3,4,3,sm_89,RS_SLICE_SERIAL,NCCL,C0_DEFAULT,2048,2048,2048,16,10,1048576,32,0,3661.152,3666.656,3930.688,264.032,PASS,0
PHASEB_formal_rs_C0_DEFAULT_N2048_q16_rep1,3,4,3,sm_89,RS_SLICE_SERIAL,NCCL,C0_DEFAULT,2048,2048,2048,16,11,1048576,32,0,4013.856,4020.000,4281.824,261.824,PASS,0
PHASEB_formal_rs_C0_DEFAULT_N2048_q16_rep1,3,4,3,sm_89,RS_SLICE_SERIAL,NCCL,C0_DEFAULT,2048,2048,2048,16,12,1048576,32,0,4374.752,4380.352,4641.632,261.280,PASS,0
PHASEB_formal_rs_C0_DEFAULT_N2048_q16_rep1,3,4,3,sm_89,RS_SLICE_SERIAL,NCCL,C0_DEFAULT,2048,2048,2048,16,13,1048576,32,0,4734.272,4739.808,5001.504,261.696,PASS,0
PHASEB_formal_rs_C0_DEFAULT_N2048_q16_rep1,3,4,3,sm_89,RS_SLICE_SERIAL,NCCL,C0_DEFAULT,2048,2048,2048,16,14,1048576,32,0,5086.176,5091.456,5355.680,264.224,PASS,0
PHASEB_formal_rs_C0_DEFAULT_N2048_q16_rep1,3,4,3,sm_89,RS_SLICE_SERIAL,NCCL,C0_DEFAULT,2048,2048,2048,16,15,1048576,32,0,5443.936,5450.656,5710.816,260.160,PASS,0
PHASEB_formal_rs_C0_DEFAULT_N2048_q16_rep1,3,4,3,sm_89,RS_SLICE_SERIAL,NCCL,C0_DEFAULT,2048,2048,2048,16,0,1048576,33,0,118.336,125.632,389.408,263.776,PASS,0
PHASEB_formal_rs_C0_DEFAULT_N2048_q16_rep1,3,4,3,sm_89,RS_SLICE_SERIAL,NCCL,C0_DEFAULT,2048,2048,2048,16,1,1048576,33,0,471.360,477.632,742.400,264.768,PASS,0
PHASEB_formal_rs_C0_DEFAULT_N2048_q16_rep1,3,4,3,sm_89,RS_SLICE_SERIAL,NCCL,C0_DEFAULT,2048,2048,2048,16,2,1048576,33,0,821.824,827.712,1089.280,261.568,PASS,0
PHASEB_formal_rs_C0_DEFAULT_N2048_q16_rep1,3,4,3,sm_89,RS_SLICE_SERIAL,NCCL,C0_DEFAULT,2048,2048,2048,16,3,1048576,33,0,1171.904,1177.184,1439.904,262.720,PASS,0
PHASEB_formal_rs_C0_DEFAULT_N2048_q16_rep1,3,4,3,sm_89,RS_SLICE_SERIAL,NCCL,C0_DEFAULT,2048,2048,2048,16,4,1048576,33,0,1548.832,1554.208,1818.720,264.512,PASS,0
PHASEB_formal_rs_C0_DEFAULT_N2048_q16_rep1,3,4,3,sm_89,RS_SLICE_SERIAL,NCCL,C0_DEFAULT,2048,2048,2048,16,5,1048576,33,0,1902.432,1908.576,2172.416,263.840,PASS,0
PHASEB_formal_rs_C0_DEFAULT_N2048_q16_rep1,3,4,3,sm_89,RS_SLICE_SERIAL,NCCL,C0_DEFAULT,2048,2048,2048,16,6,1048576,33,0,2255.328,2260.640,2522.208,261.568,PASS,0
PHASEB_formal_rs_C0_DEFAULT_N2048_q16_rep1,3,4,3,sm_89,RS_SLICE_SERIAL,NCCL,C0_DEFAULT,2048,2048,2048,16,7,1048576,33,0,2608.384,2614.176,2877.376,263.200,PASS,0
PHASEB_formal_rs_C0_DEFAULT_N2048_q16_rep1,3,4,3,sm_89,RS_SLICE_SERIAL,NCCL,C0_DEFAULT,2048,2048,2048,16,8,1048576,33,0,2970.112,2975.552,3239.552,264.000,PASS,0
PHASEB_formal_rs_C0_DEFAULT_N2048_q16_rep1,3,4,3,sm_89,RS_SLICE_SERIAL,NCCL,C0_DEFAULT,2048,2048,2048,16,9,1048576,33,0,3316.896,3322.240,3585.984,263.744,PASS,0
PHASEB_formal_rs_C0_DEFAULT_N2048_q16_rep1,3,4,3,sm_89,RS_SLICE_SERIAL,NCCL,C0_DEFAULT,2048,2048,2048,16,10,1048576,33,0,3668.768,3674.752,3937.792,263.040,PASS,0
PHASEB_formal_rs_C0_DEFAULT_N2048_q16_rep1,3,4,3,sm_89,RS_SLICE_SERIAL,NCCL,C0_DEFAULT,2048,2048,2048,16,11,1048576,33,0,4020.160,4026.304,4289.152,262.848,PASS,0
PHASEB_formal_rs_C0_DEFAULT_N2048_q16_rep1,3,4,3,sm_89,RS_SLICE_SERIAL,NCCL,C0_DEFAULT,2048,2048,2048,16,12,1048576,33,0,4394.816,4400.672,4664.800,264.128,PASS,0
PHASEB_formal_rs_C0_DEFAULT_N2048_q16_rep1,3,4,3,sm_89,RS_SLICE_SERIAL,NCCL,C0_DEFAULT,2048,2048,2048,16,13,1048576,33,0,4755.680,4761.728,5024.288,262.560,PASS,0
PHASEB_formal_rs_C0_DEFAULT_N2048_q16_rep1,3,4,3,sm_89,RS_SLICE_SERIAL,NCCL,C0_DEFAULT,2048,2048,2048,16,14,1048576,33,0,5105.088,5110.528,5372.896,262.368,PASS,0
PHASEB_formal_rs_C0_DEFAULT_N2048_q16_rep1,3,4,3,sm_89,RS_SLICE_SERIAL,NCCL,C0_DEFAULT,2048,2048,2048,16,15,1048576,33,0,5464.736,5471.584,5732.992,261.408,PASS,0
PHASEB_formal_rs_C0_DEFAULT_N2048_q16_rep1,3,4,3,sm_89,RS_SLICE_SERIAL,NCCL,C0_DEFAULT,2048,2048,2048,16,0,1048576,34,0,114.144,121.536,384.896,263.360,PASS,0
PHASEB_formal_rs_C0_DEFAULT_N2048_q16_rep1,3,4,3,sm_89,RS_SLICE_SERIAL,NCCL,C0_DEFAULT,2048,2048,2048,16,1,1048576,34,0,474.656,479.936,742.560,262.624,PASS,0
PHASEB_formal_rs_C0_DEFAULT_N2048_q16_rep1,3,4,3,sm_89,RS_SLICE_SERIAL,NCCL,C0_DEFAULT,2048,2048,2048,16,2,1048576,34,0,833.568,838.912,1102.816,263.904,PASS,0
PHASEB_formal_rs_C0_DEFAULT_N2048_q16_rep1,3,4,3,sm_89,RS_SLICE_SERIAL,NCCL,C0_DEFAULT,2048,2048,2048,16,3,1048576,34,0,1184.352,1190.400,1454.112,263.712,PASS,0
PHASEB_formal_rs_C0_DEFAULT_N2048_q16_rep1,3,4,3,sm_89,RS_SLICE_SERIAL,NCCL,C0_DEFAULT,2048,2048,2048,16,4,1048576,34,0,1543.008,1548.960,1812.832,263.872,PASS,0
PHASEB_formal_rs_C0_DEFAULT_N2048_q16_rep1,3,4,3,sm_89,RS_SLICE_SERIAL,NCCL,C0_DEFAULT,2048,2048,2048,16,5,1048576,34,0,1906.752,1912.000,2175.008,263.008,PASS,0
PHASEB_formal_rs_C0_DEFAULT_N2048_q16_rep1,3,4,3,sm_89,RS_SLICE_SERIAL,NCCL,C0_DEFAULT,2048,2048,2048,16,6,1048576,34,0,2255.680,2260.960,2523.136,262.176,PASS,0
PHASEB_formal_rs_C0_DEFAULT_N2048_q16_rep1,3,4,3,sm_89,RS_SLICE_SERIAL,NCCL,C0_DEFAULT,2048,2048,2048,16,7,1048576,34,0,2614.496,2619.904,2881.568,261.664,PASS,0
PHASEB_formal_rs_C0_DEFAULT_N2048_q16_rep1,3,4,3,sm_89,RS_SLICE_SERIAL,NCCL,C0_DEFAULT,2048,2048,2048,16,8,1048576,34,0,2973.600,2979.584,3241.920,262.336,PASS,0
PHASEB_formal_rs_C0_DEFAULT_N2048_q16_rep1,3,4,3,sm_89,RS_SLICE_SERIAL,NCCL,C0_DEFAULT,2048,2048,2048,16,9,1048576,34,0,3324.256,3329.984,3592.928,262.944,PASS,0
PHASEB_formal_rs_C0_DEFAULT_N2048_q16_rep1,3,4,3,sm_89,RS_SLICE_SERIAL,NCCL,C0_DEFAULT,2048,2048,2048,16,10,1048576,34,0,3673.632,3678.944,3942.112,263.168,PASS,0
PHASEB_formal_rs_C0_DEFAULT_N2048_q16_rep1,3,4,3,sm_89,RS_SLICE_SERIAL,NCCL,C0_DEFAULT,2048,2048,2048,16,11,1048576,34,0,4024.256,4030.400,4292.576,262.176,PASS,0
PHASEB_formal_rs_C0_DEFAULT_N2048_q16_rep1,3,4,3,sm_89,RS_SLICE_SERIAL,NCCL,C0_DEFAULT,2048,2048,2048,16,12,1048576,34,0,4408.672,4414.048,4675.968,261.920,PASS,0
PHASEB_formal_rs_C0_DEFAULT_N2048_q16_rep1,3,4,3,sm_89,RS_SLICE_SERIAL,NCCL,C0_DEFAULT,2048,2048,2048,16,13,1048576,34,0,4768.128,4773.696,5036.224,262.528,PASS,0
PHASEB_formal_rs_C0_DEFAULT_N2048_q16_rep1,3,4,3,sm_89,RS_SLICE_SERIAL,NCCL,C0_DEFAULT,2048,2048,2048,16,14,1048576,34,0,5116.416,5121.696,5383.104,261.408,PASS,0
PHASEB_formal_rs_C0_DEFAULT_N2048_q16_rep1,3,4,3,sm_89,RS_SLICE_SERIAL,NCCL,C0_DEFAULT,2048,2048,2048,16,15,1048576,34,0,5472.736,5479.552,5738.880,259.328,PASS,0
PHASEB_formal_rs_C0_DEFAULT_N2048_q16_rep1,3,4,3,sm_89,RS_SLICE_SERIAL,NCCL,C0_DEFAULT,2048,2048,2048,16,0,1048576,35,0,121.664,129.824,393.760,263.936,PASS,0
PHASEB_formal_rs_C0_DEFAULT_N2048_q16_rep1,3,4,3,sm_89,RS_SLICE_SERIAL,NCCL,C0_DEFAULT,2048,2048,2048,16,1,1048576,35,0,500.864,507.200,769.280,262.080,PASS,0
PHASEB_formal_rs_C0_DEFAULT_N2048_q16_rep1,3,4,3,sm_89,RS_SLICE_SERIAL,NCCL,C0_DEFAULT,2048,2048,2048,16,2,1048576,35,0,853.440,858.784,1122.336,263.552,PASS,0
PHASEB_formal_rs_C0_DEFAULT_N2048_q16_rep1,3,4,3,sm_89,RS_SLICE_SERIAL,NCCL,C0_DEFAULT,2048,2048,2048,16,3,1048576,35,0,1202.400,1207.616,1470.880,263.264,PASS,0
PHASEB_formal_rs_C0_DEFAULT_N2048_q16_rep1,3,4,3,sm_89,RS_SLICE_SERIAL,NCCL,C0_DEFAULT,2048,2048,2048,16,4,1048576,35,0,1562.368,1568.064,1830.848,262.784,PASS,0
PHASEB_formal_rs_C0_DEFAULT_N2048_q16_rep1,3,4,3,sm_89,RS_SLICE_SERIAL,NCCL,C0_DEFAULT,2048,2048,2048,16,5,1048576,35,0,1923.168,1928.960,2193.216,264.256,PASS,0
PHASEB_formal_rs_C0_DEFAULT_N2048_q16_rep1,3,4,3,sm_89,RS_SLICE_SERIAL,NCCL,C0_DEFAULT,2048,2048,2048,16,6,1048576,35,0,2277.312,2282.656,2546.976,264.320,PASS,0
PHASEB_formal_rs_C0_DEFAULT_N2048_q16_rep1,3,4,3,sm_89,RS_SLICE_SERIAL,NCCL,C0_DEFAULT,2048,2048,2048,16,7,1048576,35,0,2641.888,2647.872,2912.224,264.352,PASS,0
PHASEB_formal_rs_C0_DEFAULT_N2048_q16_rep1,3,4,3,sm_89,RS_SLICE_SERIAL,NCCL,C0_DEFAULT,2048,2048,2048,16,8,1048576,35,0,3003.680,3009.184,3273.664,264.480,PASS,0
PHASEB_formal_rs_C0_DEFAULT_N2048_q16_rep1,3,4,3,sm_89,RS_SLICE_SERIAL,NCCL,C0_DEFAULT,2048,2048,2048,16,9,1048576,35,0,3355.776,3361.792,3625.408,263.616,PASS,0
PHASEB_formal_rs_C0_DEFAULT_N2048_q16_rep1,3,4,3,sm_89,RS_SLICE_SERIAL,NCCL,C0_DEFAULT,2048,2048,2048,16,10,1048576,35,0,3713.632,3719.744,3983.488,263.744,PASS,0
PHASEB_formal_rs_C0_DEFAULT_N2048_q16_rep1,3,4,3,sm_89,RS_SLICE_SERIAL,NCCL,C0_DEFAULT,2048,2048,2048,16,11,1048576,35,0,4073.920,4079.712,4342.592,262.880,PASS,0
PHASEB_formal_rs_C0_DEFAULT_N2048_q16_rep1,3,4,3,sm_89,RS_SLICE_SERIAL,NCCL,C0_DEFAULT,2048,2048,2048,16,12,1048576,35,0,4435.520,4441.088,4703.840,262.752,PASS,0
PHASEB_formal_rs_C0_DEFAULT_N2048_q16_rep1,3,4,3,sm_89,RS_SLICE_SERIAL,NCCL,C0_DEFAULT,2048,2048,2048,16,13,1048576,35,0,4782.976,4789.472,5051.232,261.760,PASS,0
PHASEB_formal_rs_C0_DEFAULT_N2048_q16_rep1,3,4,3,sm_89,RS_SLICE_SERIAL,NCCL,C0_DEFAULT,2048,2048,2048,16,14,1048576,35,0,5141.280,5146.688,5407.968,261.280,PASS,0
PHASEB_formal_rs_C0_DEFAULT_N2048_q16_rep1,3,4,3,sm_89,RS_SLICE_SERIAL,NCCL,C0_DEFAULT,2048,2048,2048,16,15,1048576,35,0,5500.160,5507.008,5768.160,261.152,PASS,0
PHASEB_formal_rs_C0_DEFAULT_N2048_q16_rep1,3,4,3,sm_89,RS_SLICE_SERIAL,NCCL,C0_DEFAULT,2048,2048,2048,16,0,1048576,36,0,116.256,123.808,386.176,262.368,PASS,0
PHASEB_formal_rs_C0_DEFAULT_N2048_q16_rep1,3,4,3,sm_89,RS_SLICE_SERIAL,NCCL,C0_DEFAULT,2048,2048,2048,16,1,1048576,36,0,470.112,475.776,740.448,264.672,PASS,0
PHASEB_formal_rs_C0_DEFAULT_N2048_q16_rep1,3,4,3,sm_89,RS_SLICE_SERIAL,NCCL,C0_DEFAULT,2048,2048,2048,16,2,1048576,36,0,821.344,827.456,1091.616,264.160,PASS,0
PHASEB_formal_rs_C0_DEFAULT_N2048_q16_rep1,3,4,3,sm_89,RS_SLICE_SERIAL,NCCL,C0_DEFAULT,2048,2048,2048,16,3,1048576,36,0,1169.728,1175.744,1438.688,262.944,PASS,0
PHASEB_formal_rs_C0_DEFAULT_N2048_q16_rep1,3,4,3,sm_89,RS_SLICE_SERIAL,NCCL,C0_DEFAULT,2048,2048,2048,16,4,1048576,36,0,1531.392,1536.832,1798.048,261.216,PASS,0
PHASEB_formal_rs_C0_DEFAULT_N2048_q16_rep1,3,4,3,sm_89,RS_SLICE_SERIAL,NCCL,C0_DEFAULT,2048,2048,2048,16,5,1048576,36,0,1884.416,1890.176,2154.976,264.800,PASS,0
PHASEB_formal_rs_C0_DEFAULT_N2048_q16_rep1,3,4,3,sm_89,RS_SLICE_SERIAL,NCCL,C0_DEFAULT,2048,2048,2048,16,6,1048576,36,0,2236.224,2241.664,2503.936,262.272,PASS,0
PHASEB_formal_rs_C0_DEFAULT_N2048_q16_rep1,3,4,3,sm_89,RS_SLICE_SERIAL,NCCL,C0_DEFAULT,2048,2048,2048,16,7,1048576,36,0,2585.856,2591.872,2855.456,263.584,PASS,0
PHASEB_formal_rs_C0_DEFAULT_N2048_q16_rep1,3,4,3,sm_89,RS_SLICE_SERIAL,NCCL,C0_DEFAULT,2048,2048,2048,16,8,1048576,36,0,2945.408,2950.656,3213.472,262.816,PASS,0
PHASEB_formal_rs_C0_DEFAULT_N2048_q16_rep1,3,4,3,sm_89,RS_SLICE_SERIAL,NCCL,C0_DEFAULT,2048,2048,2048,16,9,1048576,36,0,3295.424,3300.768,3564.416,263.648,PASS,0
PHASEB_formal_rs_C0_DEFAULT_N2048_q16_rep1,3,4,3,sm_89,RS_SLICE_SERIAL,NCCL,C0_DEFAULT,2048,2048,2048,16,10,1048576,36,0,3647.456,3652.928,3915.168,262.240,PASS,0
PHASEB_formal_rs_C0_DEFAULT_N2048_q16_rep1,3,4,3,sm_89,RS_SLICE_SERIAL,NCCL,C0_DEFAULT,2048,2048,2048,16,11,1048576,36,0,4008.000,4013.504,4275.264,261.760,PASS,0
PHASEB_formal_rs_C0_DEFAULT_N2048_q16_rep1,3,4,3,sm_89,RS_SLICE_SERIAL,NCCL,C0_DEFAULT,2048,2048,2048,16,12,1048576,36,0,4365.152,4370.656,4634.336,263.680,PASS,0
PHASEB_formal_rs_C0_DEFAULT_N2048_q16_rep1,3,4,3,sm_89,RS_SLICE_SERIAL,NCCL,C0_DEFAULT,2048,2048,2048,16,13,1048576,36,0,4727.168,4732.640,4994.176,261.536,PASS,0
PHASEB_formal_rs_C0_DEFAULT_N2048_q16_rep1,3,4,3,sm_89,RS_SLICE_SERIAL,NCCL,C0_DEFAULT,2048,2048,2048,16,14,1048576,36,0,5081.856,5087.104,5350.624,263.520,PASS,0
PHASEB_formal_rs_C0_DEFAULT_N2048_q16_rep1,3,4,3,sm_89,RS_SLICE_SERIAL,NCCL,C0_DEFAULT,2048,2048,2048,16,15,1048576,36,0,5447.744,5454.496,5714.304,259.808,PASS,0
PHASEB_formal_rs_C0_DEFAULT_N2048_q16_rep1,3,4,3,sm_89,RS_SLICE_SERIAL,NCCL,C0_DEFAULT,2048,2048,2048,16,0,1048576,37,0,114.112,121.472,383.616,262.144,PASS,0
PHASEB_formal_rs_C0_DEFAULT_N2048_q16_rep1,3,4,3,sm_89,RS_SLICE_SERIAL,NCCL,C0_DEFAULT,2048,2048,2048,16,1,1048576,37,0,458.560,464.544,727.072,262.528,PASS,0
PHASEB_formal_rs_C0_DEFAULT_N2048_q16_rep1,3,4,3,sm_89,RS_SLICE_SERIAL,NCCL,C0_DEFAULT,2048,2048,2048,16,2,1048576,37,0,819.328,825.120,1087.776,262.656,PASS,0
PHASEB_formal_rs_C0_DEFAULT_N2048_q16_rep1,3,4,3,sm_89,RS_SLICE_SERIAL,NCCL,C0_DEFAULT,2048,2048,2048,16,3,1048576,37,0,1175.744,1181.280,1445.696,264.416,PASS,0
PHASEB_formal_rs_C0_DEFAULT_N2048_q16_rep1,3,4,3,sm_89,RS_SLICE_SERIAL,NCCL,C0_DEFAULT,2048,2048,2048,16,4,1048576,37,0,1527.296,1532.832,1796.576,263.744,PASS,0
PHASEB_formal_rs_C0_DEFAULT_N2048_q16_rep1,3,4,3,sm_89,RS_SLICE_SERIAL,NCCL,C0_DEFAULT,2048,2048,2048,16,5,1048576,37,0,1882.880,1888.832,2152.896,264.064,PASS,0
PHASEB_formal_rs_C0_DEFAULT_N2048_q16_rep1,3,4,3,sm_89,RS_SLICE_SERIAL,NCCL,C0_DEFAULT,2048,2048,2048,16,6,1048576,37,0,2260.800,2266.272,2528.960,262.688,PASS,0
PHASEB_formal_rs_C0_DEFAULT_N2048_q16_rep1,3,4,3,sm_89,RS_SLICE_SERIAL,NCCL,C0_DEFAULT,2048,2048,2048,16,7,1048576,37,0,2630.112,2635.520,2899.552,264.032,PASS,0
PHASEB_formal_rs_C0_DEFAULT_N2048_q16_rep1,3,4,3,sm_89,RS_SLICE_SERIAL,NCCL,C0_DEFAULT,2048,2048,2048,16,8,1048576,37,0,2981.312,2986.784,3248.480,261.696,PASS,0
PHASEB_formal_rs_C0_DEFAULT_N2048_q16_rep1,3,4,3,sm_89,RS_SLICE_SERIAL,NCCL,C0_DEFAULT,2048,2048,2048,16,9,1048576,37,0,3329.248,3335.040,3598.400,263.360,PASS,0
PHASEB_formal_rs_C0_DEFAULT_N2048_q16_rep1,3,4,3,sm_89,RS_SLICE_SERIAL,NCCL,C0_DEFAULT,2048,2048,2048,16,10,1048576,37,0,3680.512,3685.856,3949.376,263.520,PASS,0
PHASEB_formal_rs_C0_DEFAULT_N2048_q16_rep1,3,4,3,sm_89,RS_SLICE_SERIAL,NCCL,C0_DEFAULT,2048,2048,2048,16,11,1048576,37,0,4043.488,4049.440,4313.184,263.744,PASS,0
PHASEB_formal_rs_C0_DEFAULT_N2048_q16_rep1,3,4,3,sm_89,RS_SLICE_SERIAL,NCCL,C0_DEFAULT,2048,2048,2048,16,12,1048576,37,0,4416.256,4421.856,4686.176,264.320,PASS,0
PHASEB_formal_rs_C0_DEFAULT_N2048_q16_rep1,3,4,3,sm_89,RS_SLICE_SERIAL,NCCL,C0_DEFAULT,2048,2048,2048,16,13,1048576,37,0,4792.032,4798.592,5060.832,262.240,PASS,0
PHASEB_formal_rs_C0_DEFAULT_N2048_q16_rep1,3,4,3,sm_89,RS_SLICE_SERIAL,NCCL,C0_DEFAULT,2048,2048,2048,16,14,1048576,37,0,5144.352,5149.600,5412.416,262.816,PASS,0
PHASEB_formal_rs_C0_DEFAULT_N2048_q16_rep1,3,4,3,sm_89,RS_SLICE_SERIAL,NCCL,C0_DEFAULT,2048,2048,2048,16,15,1048576,37,0,5506.496,5513.728,5774.272,260.544,PASS,0
PHASEB_formal_rs_C0_DEFAULT_N2048_q16_rep1,3,4,3,sm_89,RS_SLICE_SERIAL,NCCL,C0_DEFAULT,2048,2048,2048,16,0,1048576,38,0,114.752,122.304,384.064,261.760,PASS,0
PHASEB_formal_rs_C0_DEFAULT_N2048_q16_rep1,3,4,3,sm_89,RS_SLICE_SERIAL,NCCL,C0_DEFAULT,2048,2048,2048,16,1,1048576,38,0,480.896,486.624,749.504,262.880,PASS,0
PHASEB_formal_rs_C0_DEFAULT_N2048_q16_rep1,3,4,3,sm_89,RS_SLICE_SERIAL,NCCL,C0_DEFAULT,2048,2048,2048,16,2,1048576,38,0,827.360,833.344,1096.864,263.520,PASS,0
PHASEB_formal_rs_C0_DEFAULT_N2048_q16_rep1,3,4,3,sm_89,RS_SLICE_SERIAL,NCCL,C0_DEFAULT,2048,2048,2048,16,3,1048576,38,0,1186.464,1192.416,1455.648,263.232,PASS,0
PHASEB_formal_rs_C0_DEFAULT_N2048_q16_rep1,3,4,3,sm_89,RS_SLICE_SERIAL,NCCL,C0_DEFAULT,2048,2048,2048,16,4,1048576,38,0,1554.464,1560.480,1821.824,261.344,PASS,0
PHASEB_formal_rs_C0_DEFAULT_N2048_q16_rep1,3,4,3,sm_89,RS_SLICE_SERIAL,NCCL,C0_DEFAULT,2048,2048,2048,16,5,1048576,38,0,1903.712,1909.632,2174.720,265.088,PASS,0
PHASEB_formal_rs_C0_DEFAULT_N2048_q16_rep1,3,4,3,sm_89,RS_SLICE_SERIAL,NCCL,C0_DEFAULT,2048,2048,2048,16,6,1048576,38,0,2255.584,2261.728,2524.672,262.944,PASS,0
PHASEB_formal_rs_C0_DEFAULT_N2048_q16_rep1,3,4,3,sm_89,RS_SLICE_SERIAL,NCCL,C0_DEFAULT,2048,2048,2048,16,7,1048576,38,0,2643.936,2649.600,2912.832,263.232,PASS,0
PHASEB_formal_rs_C0_DEFAULT_N2048_q16_rep1,3,4,3,sm_89,RS_SLICE_SERIAL,NCCL,C0_DEFAULT,2048,2048,2048,16,8,1048576,38,0,3001.984,3007.776,3270.656,262.880,PASS,0
PHASEB_formal_rs_C0_DEFAULT_N2048_q16_rep1,3,4,3,sm_89,RS_SLICE_SERIAL,NCCL,C0_DEFAULT,2048,2048,2048,16,9,1048576,38,0,3354.144,3359.968,3624.224,264.256,PASS,0
PHASEB_formal_rs_C0_DEFAULT_N2048_q16_rep1,3,4,3,sm_89,RS_SLICE_SERIAL,NCCL,C0_DEFAULT,2048,2048,2048,16,10,1048576,38,0,3722.720,3728.096,3992.832,264.736,PASS,0
PHASEB_formal_rs_C0_DEFAULT_N2048_q16_rep1,3,4,3,sm_89,RS_SLICE_SERIAL,NCCL,C0_DEFAULT,2048,2048,2048,16,11,1048576,38,0,4070.528,4076.544,4337.632,261.088,PASS,0
PHASEB_formal_rs_C0_DEFAULT_N2048_q16_rep1,3,4,3,sm_89,RS_SLICE_SERIAL,NCCL,C0_DEFAULT,2048,2048,2048,16,12,1048576,38,0,4429.760,4435.008,4697.824,262.816,PASS,0
PHASEB_formal_rs_C0_DEFAULT_N2048_q16_rep1,3,4,3,sm_89,RS_SLICE_SERIAL,NCCL,C0_DEFAULT,2048,2048,2048,16,13,1048576,38,0,4785.920,4791.200,5053.216,262.016,PASS,0
PHASEB_formal_rs_C0_DEFAULT_N2048_q16_rep1,3,4,3,sm_89,RS_SLICE_SERIAL,NCCL,C0_DEFAULT,2048,2048,2048,16,14,1048576,38,0,5147.456,5152.704,5414.816,262.112,PASS,0
PHASEB_formal_rs_C0_DEFAULT_N2048_q16_rep1,3,4,3,sm_89,RS_SLICE_SERIAL,NCCL,C0_DEFAULT,2048,2048,2048,16,15,1048576,38,0,5496.896,5504.032,5763.680,259.648,PASS,0
PHASEB_formal_rs_C0_DEFAULT_N2048_q16_rep1,3,4,3,sm_89,RS_SLICE_SERIAL,NCCL,C0_DEFAULT,2048,2048,2048,16,0,1048576,39,0,114.752,122.560,386.080,263.520,PASS,0
PHASEB_formal_rs_C0_DEFAULT_N2048_q16_rep1,3,4,3,sm_89,RS_SLICE_SERIAL,NCCL,C0_DEFAULT,2048,2048,2048,16,1,1048576,39,0,472.608,478.080,739.456,261.376,PASS,0
PHASEB_formal_rs_C0_DEFAULT_N2048_q16_rep1,3,4,3,sm_89,RS_SLICE_SERIAL,NCCL,C0_DEFAULT,2048,2048,2048,16,2,1048576,39,0,818.752,824.512,1087.968,263.456,PASS,0
PHASEB_formal_rs_C0_DEFAULT_N2048_q16_rep1,3,4,3,sm_89,RS_SLICE_SERIAL,NCCL,C0_DEFAULT,2048,2048,2048,16,3,1048576,39,0,1182.048,1187.520,1449.696,262.176,PASS,0
PHASEB_formal_rs_C0_DEFAULT_N2048_q16_rep1,3,4,3,sm_89,RS_SLICE_SERIAL,NCCL,C0_DEFAULT,2048,2048,2048,16,4,1048576,39,0,1540.608,1546.496,1810.368,263.872,PASS,0
PHASEB_formal_rs_C0_DEFAULT_N2048_q16_rep1,3,4,3,sm_89,RS_SLICE_SERIAL,NCCL,C0_DEFAULT,2048,2048,2048,16,5,1048576,39,0,1903.808,1909.952,2173.472,263.520,PASS,0
PHASEB_formal_rs_C0_DEFAULT_N2048_q16_rep1,3,4,3,sm_89,RS_SLICE_SERIAL,NCCL,C0_DEFAULT,2048,2048,2048,16,6,1048576,39,0,2253.088,2259.168,2523.904,264.736,PASS,0
PHASEB_formal_rs_C0_DEFAULT_N2048_q16_rep1,3,4,3,sm_89,RS_SLICE_SERIAL,NCCL,C0_DEFAULT,2048,2048,2048,16,7,1048576,39,0,2624.160,2629.984,2892.096,262.112,PASS,0
PHASEB_formal_rs_C0_DEFAULT_N2048_q16_rep1,3,4,3,sm_89,RS_SLICE_SERIAL,NCCL,C0_DEFAULT,2048,2048,2048,16,8,1048576,39,0,2981.984,2987.200,3249.920,262.720,PASS,0
PHASEB_formal_rs_C0_DEFAULT_N2048_q16_rep1,3,4,3,sm_89,RS_SLICE_SERIAL,NCCL,C0_DEFAULT,2048,2048,2048,16,9,1048576,39,0,3336.608,3342.560,3606.528,263.968,PASS,0
PHASEB_formal_rs_C0_DEFAULT_N2048_q16_rep1,3,4,3,sm_89,RS_SLICE_SERIAL,NCCL,C0_DEFAULT,2048,2048,2048,16,10,1048576,39,0,3688.288,3694.304,3957.280,262.976,PASS,0
PHASEB_formal_rs_C0_DEFAULT_N2048_q16_rep1,3,4,3,sm_89,RS_SLICE_SERIAL,NCCL,C0_DEFAULT,2048,2048,2048,16,11,1048576,39,0,4047.456,4052.992,4314.592,261.600,PASS,0
PHASEB_formal_rs_C0_DEFAULT_N2048_q16_rep1,3,4,3,sm_89,RS_SLICE_SERIAL,NCCL,C0_DEFAULT,2048,2048,2048,16,12,1048576,39,0,4411.232,4416.832,4678.112,261.280,PASS,0
PHASEB_formal_rs_C0_DEFAULT_N2048_q16_rep1,3,4,3,sm_89,RS_SLICE_SERIAL,NCCL,C0_DEFAULT,2048,2048,2048,16,13,1048576,39,0,4767.680,4773.216,5034.816,261.600,PASS,0
PHASEB_formal_rs_C0_DEFAULT_N2048_q16_rep1,3,4,3,sm_89,RS_SLICE_SERIAL,NCCL,C0_DEFAULT,2048,2048,2048,16,14,1048576,39,0,5122.336,5127.552,5388.416,260.864,PASS,0
PHASEB_formal_rs_C0_DEFAULT_N2048_q16_rep1,3,4,3,sm_89,RS_SLICE_SERIAL,NCCL,C0_DEFAULT,2048,2048,2048,16,15,1048576,39,0,5483.936,5490.720,5750.944,260.224,PASS,0
PHASEB_formal_rs_C0_DEFAULT_N2048_q16_rep1,3,4,3,sm_89,RS_SLICE_SERIAL,NCCL,C0_DEFAULT,2048,2048,2048,16,0,1048576,40,0,113.728,120.960,382.912,261.952,PASS,0
PHASEB_formal_rs_C0_DEFAULT_N2048_q16_rep1,3,4,3,sm_89,RS_SLICE_SERIAL,NCCL,C0_DEFAULT,2048,2048,2048,16,1,1048576,40,0,470.208,476.160,738.912,262.752,PASS,0
PHASEB_formal_rs_C0_DEFAULT_N2048_q16_rep1,3,4,3,sm_89,RS_SLICE_SERIAL,NCCL,C0_DEFAULT,2048,2048,2048,16,2,1048576,40,0,830.624,836.576,1098.272,261.696,PASS,0
PHASEB_formal_rs_C0_DEFAULT_N2048_q16_rep1,3,4,3,sm_89,RS_SLICE_SERIAL,NCCL,C0_DEFAULT,2048,2048,2048,16,3,1048576,40,0,1186.144,1191.616,1452.864,261.248,PASS,0
PHASEB_formal_rs_C0_DEFAULT_N2048_q16_rep1,3,4,3,sm_89,RS_SLICE_SERIAL,NCCL,C0_DEFAULT,2048,2048,2048,16,4,1048576,40,0,1535.296,1540.768,1803.520,262.752,PASS,0
PHASEB_formal_rs_C0_DEFAULT_N2048_q16_rep1,3,4,3,sm_89,RS_SLICE_SERIAL,NCCL,C0_DEFAULT,2048,2048,2048,16,5,1048576,40,0,1892.736,1898.720,2162.208,263.488,PASS,0
PHASEB_formal_rs_C0_DEFAULT_N2048_q16_rep1,3,4,3,sm_89,RS_SLICE_SERIAL,NCCL,C0_DEFAULT,2048,2048,2048,16,6,1048576,40,0,2254.912,2260.320,2525.696,265.376,PASS,0
PHASEB_formal_rs_C0_DEFAULT_N2048_q16_rep1,3,4,3,sm_89,RS_SLICE_SERIAL,NCCL,C0_DEFAULT,2048,2048,2048,16,7,1048576,40,0,2607.680,2613.856,2877.216,263.360,PASS,0
PHASEB_formal_rs_C0_DEFAULT_N2048_q16_rep1,3,4,3,sm_89,RS_SLICE_SERIAL,NCCL,C0_DEFAULT,2048,2048,2048,16,8,1048576,40,0,2970.112,2975.360,3238.912,263.552,PASS,0
PHASEB_formal_rs_C0_DEFAULT_N2048_q16_rep1,3,4,3,sm_89,RS_SLICE_SERIAL,NCCL,C0_DEFAULT,2048,2048,2048,16,9,1048576,40,0,3326.400,3331.680,3594.496,262.816,PASS,0
PHASEB_formal_rs_C0_DEFAULT_N2048_q16_rep1,3,4,3,sm_89,RS_SLICE_SERIAL,NCCL,C0_DEFAULT,2048,2048,2048,16,10,1048576,40,0,3678.432,3684.352,3946.944,262.592,PASS,0
PHASEB_formal_rs_C0_DEFAULT_N2048_q16_rep1,3,4,3,sm_89,RS_SLICE_SERIAL,NCCL,C0_DEFAULT,2048,2048,2048,16,11,1048576,40,0,4038.688,4044.384,4307.104,262.720,PASS,0
PHASEB_formal_rs_C0_DEFAULT_N2048_q16_rep1,3,4,3,sm_89,RS_SLICE_SERIAL,NCCL,C0_DEFAULT,2048,2048,2048,16,12,1048576,40,0,4396.160,4401.408,4663.360,261.952,PASS,0
PHASEB_formal_rs_C0_DEFAULT_N2048_q16_rep1,3,4,3,sm_89,RS_SLICE_SERIAL,NCCL,C0_DEFAULT,2048,2048,2048,16,13,1048576,40,0,4754.624,4759.872,5022.272,262.400,PASS,0
PHASEB_formal_rs_C0_DEFAULT_N2048_q16_rep1,3,4,3,sm_89,RS_SLICE_SERIAL,NCCL,C0_DEFAULT,2048,2048,2048,16,14,1048576,40,0,5103.520,5108.896,5373.568,264.672,PASS,0
PHASEB_formal_rs_C0_DEFAULT_N2048_q16_rep1,3,4,3,sm_89,RS_SLICE_SERIAL,NCCL,C0_DEFAULT,2048,2048,2048,16,15,1048576,40,0,5462.528,5469.376,5729.152,259.776,PASS,0
PHASEB_formal_rs_C0_DEFAULT_N2048_q16_rep1,3,4,3,sm_89,RS_SLICE_SERIAL,NCCL,C0_DEFAULT,2048,2048,2048,16,0,1048576,41,0,117.280,124.576,389.344,264.768,PASS,0
PHASEB_formal_rs_C0_DEFAULT_N2048_q16_rep1,3,4,3,sm_89,RS_SLICE_SERIAL,NCCL,C0_DEFAULT,2048,2048,2048,16,1,1048576,41,0,469.824,475.776,738.816,263.040,PASS,0
PHASEB_formal_rs_C0_DEFAULT_N2048_q16_rep1,3,4,3,sm_89,RS_SLICE_SERIAL,NCCL,C0_DEFAULT,2048,2048,2048,16,2,1048576,41,0,831.296,836.608,1098.880,262.272,PASS,0
PHASEB_formal_rs_C0_DEFAULT_N2048_q16_rep1,3,4,3,sm_89,RS_SLICE_SERIAL,NCCL,C0_DEFAULT,2048,2048,2048,16,3,1048576,41,0,1181.376,1187.008,1450.048,263.040,PASS,0
PHASEB_formal_rs_C0_DEFAULT_N2048_q16_rep1,3,4,3,sm_89,RS_SLICE_SERIAL,NCCL,C0_DEFAULT,2048,2048,2048,16,4,1048576,41,0,1541.120,1546.496,1810.944,264.448,PASS,0
PHASEB_formal_rs_C0_DEFAULT_N2048_q16_rep1,3,4,3,sm_89,RS_SLICE_SERIAL,NCCL,C0_DEFAULT,2048,2048,2048,16,5,1048576,41,0,1896.384,1902.464,2166.944,264.480,PASS,0
PHASEB_formal_rs_C0_DEFAULT_N2048_q16_rep1,3,4,3,sm_89,RS_SLICE_SERIAL,NCCL,C0_DEFAULT,2048,2048,2048,16,6,1048576,41,0,2255.456,2261.376,2524.576,263.200,PASS,0
PHASEB_formal_rs_C0_DEFAULT_N2048_q16_rep1,3,4,3,sm_89,RS_SLICE_SERIAL,NCCL,C0_DEFAULT,2048,2048,2048,16,7,1048576,41,0,2613.504,2619.360,2883.040,263.680,PASS,0
PHASEB_formal_rs_C0_DEFAULT_N2048_q16_rep1,3,4,3,sm_89,RS_SLICE_SERIAL,NCCL,C0_DEFAULT,2048,2048,2048,16,8,1048576,41,0,2968.192,2974.272,3237.408,263.136,PASS,0
PHASEB_formal_rs_C0_DEFAULT_N2048_q16_rep1,3,4,3,sm_89,RS_SLICE_SERIAL,NCCL,C0_DEFAULT,2048,2048,2048,16,9,1048576,41,0,3320.896,3326.496,3590.240,263.744,PASS,0
PHASEB_formal_rs_C0_DEFAULT_N2048_q16_rep1,3,4,3,sm_89,RS_SLICE_SERIAL,NCCL,C0_DEFAULT,2048,2048,2048,16,10,1048576,41,0,3682.304,3688.192,3951.648,263.456,PASS,0
PHASEB_formal_rs_C0_DEFAULT_N2048_q16_rep1,3,4,3,sm_89,RS_SLICE_SERIAL,NCCL,C0_DEFAULT,2048,2048,2048,16,11,1048576,41,0,4038.688,4044.800,4307.360,262.560,PASS,0
PHASEB_formal_rs_C0_DEFAULT_N2048_q16_rep1,3,4,3,sm_89,RS_SLICE_SERIAL,NCCL,C0_DEFAULT,2048,2048,2048,16,12,1048576,41,0,4408.192,4414.080,4677.568,263.488,PASS,0
PHASEB_formal_rs_C0_DEFAULT_N2048_q16_rep1,3,4,3,sm_89,RS_SLICE_SERIAL,NCCL,C0_DEFAULT,2048,2048,2048,16,13,1048576,41,0,4780.000,4785.952,5048.608,262.656,PASS,0
PHASEB_formal_rs_C0_DEFAULT_N2048_q16_rep1,3,4,3,sm_89,RS_SLICE_SERIAL,NCCL,C0_DEFAULT,2048,2048,2048,16,14,1048576,41,0,5137.248,5142.624,5404.192,261.568,PASS,0
PHASEB_formal_rs_C0_DEFAULT_N2048_q16_rep1,3,4,3,sm_89,RS_SLICE_SERIAL,NCCL,C0_DEFAULT,2048,2048,2048,16,15,1048576,41,0,5496.768,5503.648,5764.512,260.864,PASS,0
PHASEB_formal_rs_C0_DEFAULT_N2048_q16_rep1,3,4,3,sm_89,RS_SLICE_SERIAL,NCCL,C0_DEFAULT,2048,2048,2048,16,0,1048576,42,0,113.600,121.056,383.552,262.496,PASS,0
PHASEB_formal_rs_C0_DEFAULT_N2048_q16_rep1,3,4,3,sm_89,RS_SLICE_SERIAL,NCCL,C0_DEFAULT,2048,2048,2048,16,1,1048576,42,0,472.160,478.080,739.776,261.696,PASS,0
PHASEB_formal_rs_C0_DEFAULT_N2048_q16_rep1,3,4,3,sm_89,RS_SLICE_SERIAL,NCCL,C0_DEFAULT,2048,2048,2048,16,2,1048576,42,0,832.640,837.984,1102.400,264.416,PASS,0
PHASEB_formal_rs_C0_DEFAULT_N2048_q16_rep1,3,4,3,sm_89,RS_SLICE_SERIAL,NCCL,C0_DEFAULT,2048,2048,2048,16,3,1048576,42,0,1192.128,1198.592,1462.336,263.744,PASS,0
PHASEB_formal_rs_C0_DEFAULT_N2048_q16_rep1,3,4,3,sm_89,RS_SLICE_SERIAL,NCCL,C0_DEFAULT,2048,2048,2048,16,4,1048576,42,0,1552.480,1557.952,1820.992,263.040,PASS,0
PHASEB_formal_rs_C0_DEFAULT_N2048_q16_rep1,3,4,3,sm_89,RS_SLICE_SERIAL,NCCL,C0_DEFAULT,2048,2048,2048,16,5,1048576,42,0,1909.440,1914.944,2179.808,264.864,PASS,0
PHASEB_formal_rs_C0_DEFAULT_N2048_q16_rep1,3,4,3,sm_89,RS_SLICE_SERIAL,NCCL,C0_DEFAULT,2048,2048,2048,16,6,1048576,42,0,2275.808,2281.120,2543.296,262.176,PASS,0
PHASEB_formal_rs_C0_DEFAULT_N2048_q16_rep1,3,4,3,sm_89,RS_SLICE_SERIAL,NCCL,C0_DEFAULT,2048,2048,2048,16,7,1048576,42,0,2622.976,2629.184,2892.800,263.616,PASS,0
PHASEB_formal_rs_C0_DEFAULT_N2048_q16_rep1,3,4,3,sm_89,RS_SLICE_SERIAL,NCCL,C0_DEFAULT,2048,2048,2048,16,8,1048576,42,0,2973.600,2978.848,3242.496,263.648,PASS,0
PHASEB_formal_rs_C0_DEFAULT_N2048_q16_rep1,3,4,3,sm_89,RS_SLICE_SERIAL,NCCL,C0_DEFAULT,2048,2048,2048,16,9,1048576,42,0,3327.840,3333.664,3597.408,263.744,PASS,0
PHASEB_formal_rs_C0_DEFAULT_N2048_q16_rep1,3,4,3,sm_89,RS_SLICE_SERIAL,NCCL,C0_DEFAULT,2048,2048,2048,16,10,1048576,42,0,3687.616,3693.408,3956.352,262.944,PASS,0
PHASEB_formal_rs_C0_DEFAULT_N2048_q16_rep1,3,4,3,sm_89,RS_SLICE_SERIAL,NCCL,C0_DEFAULT,2048,2048,2048,16,11,1048576,42,0,4048.896,4055.104,4318.592,263.488,PASS,0
PHASEB_formal_rs_C0_DEFAULT_N2048_q16_rep1,3,4,3,sm_89,RS_SLICE_SERIAL,NCCL,C0_DEFAULT,2048,2048,2048,16,12,1048576,42,0,4413.056,4418.880,4682.368,263.488,PASS,0
PHASEB_formal_rs_C0_DEFAULT_N2048_q16_rep1,3,4,3,sm_89,RS_SLICE_SERIAL,NCCL,C0_DEFAULT,2048,2048,2048,16,13,1048576,42,0,4775.104,4780.384,5042.304,261.920,PASS,0
PHASEB_formal_rs_C0_DEFAULT_N2048_q16_rep1,3,4,3,sm_89,RS_SLICE_SERIAL,NCCL,C0_DEFAULT,2048,2048,2048,16,14,1048576,42,0,5125.440,5130.688,5392.128,261.440,PASS,0
PHASEB_formal_rs_C0_DEFAULT_N2048_q16_rep1,3,4,3,sm_89,RS_SLICE_SERIAL,NCCL,C0_DEFAULT,2048,2048,2048,16,15,1048576,42,0,5473.824,5480.800,5740.768,259.968,PASS,0
PHASEB_formal_rs_C0_DEFAULT_N2048_q16_rep1,3,4,3,sm_89,RS_SLICE_SERIAL,NCCL,C0_DEFAULT,2048,2048,2048,16,0,1048576,43,0,114.496,122.176,385.536,263.360,PASS,0
PHASEB_formal_rs_C0_DEFAULT_N2048_q16_rep1,3,4,3,sm_89,RS_SLICE_SERIAL,NCCL,C0_DEFAULT,2048,2048,2048,16,1,1048576,43,0,466.080,472.032,736.576,264.544,PASS,0
PHASEB_formal_rs_C0_DEFAULT_N2048_q16_rep1,3,4,3,sm_89,RS_SLICE_SERIAL,NCCL,C0_DEFAULT,2048,2048,2048,16,2,1048576,43,0,827.360,833.472,1097.088,263.616,PASS,0
PHASEB_formal_rs_C0_DEFAULT_N2048_q16_rep1,3,4,3,sm_89,RS_SLICE_SERIAL,NCCL,C0_DEFAULT,2048,2048,2048,16,3,1048576,43,0,1180.288,1185.920,1449.152,263.232,PASS,0
PHASEB_formal_rs_C0_DEFAULT_N2048_q16_rep1,3,4,3,sm_89,RS_SLICE_SERIAL,NCCL,C0_DEFAULT,2048,2048,2048,16,4,1048576,43,0,1538.592,1544.096,1804.896,260.800,PASS,0
PHASEB_formal_rs_C0_DEFAULT_N2048_q16_rep1,3,4,3,sm_89,RS_SLICE_SERIAL,NCCL,C0_DEFAULT,2048,2048,2048,16,5,1048576,43,0,1895.104,1900.352,2164.032,263.680,PASS,0
PHASEB_formal_rs_C0_DEFAULT_N2048_q16_rep1,3,4,3,sm_89,RS_SLICE_SERIAL,NCCL,C0_DEFAULT,2048,2048,2048,16,6,1048576,43,0,2257.856,2263.744,2527.872,264.128,PASS,0
PHASEB_formal_rs_C0_DEFAULT_N2048_q16_rep1,3,4,3,sm_89,RS_SLICE_SERIAL,NCCL,C0_DEFAULT,2048,2048,2048,16,7,1048576,43,0,2613.568,2619.008,2883.968,264.960,PASS,0
PHASEB_formal_rs_C0_DEFAULT_N2048_q16_rep1,3,4,3,sm_89,RS_SLICE_SERIAL,NCCL,C0_DEFAULT,2048,2048,2048,16,8,1048576,43,0,2964.128,2970.208,3235.104,264.896,PASS,0
PHASEB_formal_rs_C0_DEFAULT_N2048_q16_rep1,3,4,3,sm_89,RS_SLICE_SERIAL,NCCL,C0_DEFAULT,2048,2048,2048,16,9,1048576,43,0,3315.168,3321.568,3584.544,262.976,PASS,0
PHASEB_formal_rs_C0_DEFAULT_N2048_q16_rep1,3,4,3,sm_89,RS_SLICE_SERIAL,NCCL,C0_DEFAULT,2048,2048,2048,16,10,1048576,43,0,3667.264,3672.864,3935.744,262.880,PASS,0
PHASEB_formal_rs_C0_DEFAULT_N2048_q16_rep1,3,4,3,sm_89,RS_SLICE_SERIAL,NCCL,C0_DEFAULT,2048,2048,2048,16,11,1048576,43,0,4023.520,4028.960,4290.592,261.632,PASS,0
PHASEB_formal_rs_C0_DEFAULT_N2048_q16_rep1,3,4,3,sm_89,RS_SLICE_SERIAL,NCCL,C0_DEFAULT,2048,2048,2048,16,12,1048576,43,0,4410.304,4415.648,4677.312,261.664,PASS,0
PHASEB_formal_rs_C0_DEFAULT_N2048_q16_rep1,3,4,3,sm_89,RS_SLICE_SERIAL,NCCL,C0_DEFAULT,2048,2048,2048,16,13,1048576,43,0,4754.528,4759.808,5023.200,263.392,PASS,0
PHASEB_formal_rs_C0_DEFAULT_N2048_q16_rep1,3,4,3,sm_89,RS_SLICE_SERIAL,NCCL,C0_DEFAULT,2048,2048,2048,16,14,1048576,43,0,5103.648,5108.896,5370.400,261.504,PASS,0
PHASEB_formal_rs_C0_DEFAULT_N2048_q16_rep1,3,4,3,sm_89,RS_SLICE_SERIAL,NCCL,C0_DEFAULT,2048,2048,2048,16,15,1048576,43,0,5456.000,5462.848,5723.328,260.480,PASS,0
PHASEB_formal_rs_C0_DEFAULT_N2048_q16_rep1,3,4,3,sm_89,RS_SLICE_SERIAL,NCCL,C0_DEFAULT,2048,2048,2048,16,0,1048576,44,0,117.120,123.936,386.624,262.688,PASS,0
PHASEB_formal_rs_C0_DEFAULT_N2048_q16_rep1,3,4,3,sm_89,RS_SLICE_SERIAL,NCCL,C0_DEFAULT,2048,2048,2048,16,1,1048576,44,0,493.280,498.912,761.760,262.848,PASS,0
PHASEB_formal_rs_C0_DEFAULT_N2048_q16_rep1,3,4,3,sm_89,RS_SLICE_SERIAL,NCCL,C0_DEFAULT,2048,2048,2048,16,2,1048576,44,0,856.480,861.856,1124.544,262.688,PASS,0
PHASEB_formal_rs_C0_DEFAULT_N2048_q16_rep1,3,4,3,sm_89,RS_SLICE_SERIAL,NCCL,C0_DEFAULT,2048,2048,2048,16,3,1048576,44,0,1203.552,1209.088,1471.584,262.496,PASS,0
PHASEB_formal_rs_C0_DEFAULT_N2048_q16_rep1,3,4,3,sm_89,RS_SLICE_SERIAL,NCCL,C0_DEFAULT,2048,2048,2048,16,4,1048576,44,0,1562.944,1568.480,1829.568,261.088,PASS,0
PHASEB_formal_rs_C0_DEFAULT_N2048_q16_rep1,3,4,3,sm_89,RS_SLICE_SERIAL,NCCL,C0_DEFAULT,2048,2048,2048,16,5,1048576,44,0,1936.960,1942.688,2205.376,262.688,PASS,0
PHASEB_formal_rs_C0_DEFAULT_N2048_q16_rep1,3,4,3,sm_89,RS_SLICE_SERIAL,NCCL,C0_DEFAULT,2048,2048,2048,16,6,1048576,44,0,2284.576,2290.720,2556.256,265.536,PASS,0
PHASEB_formal_rs_C0_DEFAULT_N2048_q16_rep1,3,4,3,sm_89,RS_SLICE_SERIAL,NCCL,C0_DEFAULT,2048,2048,2048,16,7,1048576,44,0,2641.344,2647.712,2912.352,264.640,PASS,0
PHASEB_formal_rs_C0_DEFAULT_N2048_q16_rep1,3,4,3,sm_89,RS_SLICE_SERIAL,NCCL,C0_DEFAULT,2048,2048,2048,16,8,1048576,44,0,2994.368,3000.384,3262.496,262.112,PASS,0
PHASEB_formal_rs_C0_DEFAULT_N2048_q16_rep1,3,4,3,sm_89,RS_SLICE_SERIAL,NCCL,C0_DEFAULT,2048,2048,2048,16,9,1048576,44,0,3357.600,3363.264,3626.976,263.712,PASS,0
PHASEB_formal_rs_C0_DEFAULT_N2048_q16_rep1,3,4,3,sm_89,RS_SLICE_SERIAL,NCCL,C0_DEFAULT,2048,2048,2048,16,10,1048576,44,0,3710.272,3716.000,3979.328,263.328,PASS,0
PHASEB_formal_rs_C0_DEFAULT_N2048_q16_rep1,3,4,3,sm_89,RS_SLICE_SERIAL,NCCL,C0_DEFAULT,2048,2048,2048,16,11,1048576,44,0,4059.424,4065.440,4326.944,261.504,PASS,0
PHASEB_formal_rs_C0_DEFAULT_N2048_q16_rep1,3,4,3,sm_89,RS_SLICE_SERIAL,NCCL,C0_DEFAULT,2048,2048,2048,16,12,1048576,44,0,4418.464,4424.352,4687.936,263.584,PASS,0
PHASEB_formal_rs_C0_DEFAULT_N2048_q16_rep1,3,4,3,sm_89,RS_SLICE_SERIAL,NCCL,C0_DEFAULT,2048,2048,2048,16,13,1048576,44,0,4779.328,4784.608,5046.656,262.048,PASS,0
PHASEB_formal_rs_C0_DEFAULT_N2048_q16_rep1,3,4,3,sm_89,RS_SLICE_SERIAL,NCCL,C0_DEFAULT,2048,2048,2048,16,14,1048576,44,0,5128.160,5133.504,5396.160,262.656,PASS,0
PHASEB_formal_rs_C0_DEFAULT_N2048_q16_rep1,3,4,3,sm_89,RS_SLICE_SERIAL,NCCL,C0_DEFAULT,2048,2048,2048,16,15,1048576,44,0,5487.264,5493.984,5753.280,259.296,PASS,0
PHASEB_formal_rs_C0_DEFAULT_N2048_q16_rep1,3,4,3,sm_89,RS_SLICE_SERIAL,NCCL,C0_DEFAULT,2048,2048,2048,16,0,1048576,45,0,115.456,122.816,385.344,262.528,PASS,0
PHASEB_formal_rs_C0_DEFAULT_N2048_q16_rep1,3,4,3,sm_89,RS_SLICE_SERIAL,NCCL,C0_DEFAULT,2048,2048,2048,16,1,1048576,45,0,468.384,473.888,736.192,262.304,PASS,0
PHASEB_formal_rs_C0_DEFAULT_N2048_q16_rep1,3,4,3,sm_89,RS_SLICE_SERIAL,NCCL,C0_DEFAULT,2048,2048,2048,16,2,1048576,45,0,827.264,833.408,1095.136,261.728,PASS,0
PHASEB_formal_rs_C0_DEFAULT_N2048_q16_rep1,3,4,3,sm_89,RS_SLICE_SERIAL,NCCL,C0_DEFAULT,2048,2048,2048,16,3,1048576,45,0,1185.696,1191.616,1455.008,263.392,PASS,0
PHASEB_formal_rs_C0_DEFAULT_N2048_q16_rep1,3,4,3,sm_89,RS_SLICE_SERIAL,NCCL,C0_DEFAULT,2048,2048,2048,16,4,1048576,45,0,1547.264,1553.056,1816.192,263.136,PASS,0
PHASEB_formal_rs_C0_DEFAULT_N2048_q16_rep1,3,4,3,sm_89,RS_SLICE_SERIAL,NCCL,C0_DEFAULT,2048,2048,2048,16,5,1048576,45,0,1907.168,1913.760,2177.440,263.680,PASS,0
PHASEB_formal_rs_C0_DEFAULT_N2048_q16_rep1,3,4,3,sm_89,RS_SLICE_SERIAL,NCCL,C0_DEFAULT,2048,2048,2048,16,6,1048576,45,0,2259.200,2264.608,2527.776,263.168,PASS,0
PHASEB_formal_rs_C0_DEFAULT_N2048_q16_rep1,3,4,3,sm_89,RS_SLICE_SERIAL,NCCL,C0_DEFAULT,2048,2048,2048,16,7,1048576,45,0,2613.184,2618.400,2880.032,261.632,PASS,0
PHASEB_formal_rs_C0_DEFAULT_N2048_q16_rep1,3,4,3,sm_89,RS_SLICE_SERIAL,NCCL,C0_DEFAULT,2048,2048,2048,16,8,1048576,45,0,2970.944,2976.544,3239.808,263.264,PASS,0
PHASEB_formal_rs_C0_DEFAULT_N2048_q16_rep1,3,4,3,sm_89,RS_SLICE_SERIAL,NCCL,C0_DEFAULT,2048,2048,2048,16,9,1048576,45,0,3334.976,3341.344,3603.936,262.592,PASS,0
PHASEB_formal_rs_C0_DEFAULT_N2048_q16_rep1,3,4,3,sm_89,RS_SLICE_SERIAL,NCCL,C0_DEFAULT,2048,2048,2048,16,10,1048576,45,0,3715.456,3720.864,3982.304,261.440,PASS,0
PHASEB_formal_rs_C0_DEFAULT_N2048_q16_rep1,3,4,3,sm_89,RS_SLICE_SERIAL,NCCL,C0_DEFAULT,2048,2048,2048,16,11,1048576,45,0,4074.688,4080.448,4342.592,262.144,PASS,0
PHASEB_formal_rs_C0_DEFAULT_N2048_q16_rep1,3,4,3,sm_89,RS_SLICE_SERIAL,NCCL,C0_DEFAULT,2048,2048,2048,16,12,1048576,45,0,4439.904,4445.792,4712.224,266.432,PASS,0
PHASEB_formal_rs_C0_DEFAULT_N2048_q16_rep1,3,4,3,sm_89,RS_SLICE_SERIAL,NCCL,C0_DEFAULT,2048,2048,2048,16,13,1048576,45,0,4794.144,4800.192,5063.232,263.040,PASS,0
PHASEB_formal_rs_C0_DEFAULT_N2048_q16_rep1,3,4,3,sm_89,RS_SLICE_SERIAL,NCCL,C0_DEFAULT,2048,2048,2048,16,14,1048576,45,0,5151.360,5156.640,5418.496,261.856,PASS,0
PHASEB_formal_rs_C0_DEFAULT_N2048_q16_rep1,3,4,3,sm_89,RS_SLICE_SERIAL,NCCL,C0_DEFAULT,2048,2048,2048,16,15,1048576,45,0,5510.784,5518.016,5779.040,261.024,PASS,0
PHASEB_formal_rs_C0_DEFAULT_N2048_q16_rep1,3,4,3,sm_89,RS_SLICE_SERIAL,NCCL,C0_DEFAULT,2048,2048,2048,16,0,1048576,46,0,110.912,117.952,381.216,263.264,PASS,0
PHASEB_formal_rs_C0_DEFAULT_N2048_q16_rep1,3,4,3,sm_89,RS_SLICE_SERIAL,NCCL,C0_DEFAULT,2048,2048,2048,16,1,1048576,46,0,471.136,476.480,739.264,262.784,PASS,0
PHASEB_formal_rs_C0_DEFAULT_N2048_q16_rep1,3,4,3,sm_89,RS_SLICE_SERIAL,NCCL,C0_DEFAULT,2048,2048,2048,16,2,1048576,46,0,816.960,823.008,1089.728,266.720,PASS,0
PHASEB_formal_rs_C0_DEFAULT_N2048_q16_rep1,3,4,3,sm_89,RS_SLICE_SERIAL,NCCL,C0_DEFAULT,2048,2048,2048,16,3,1048576,46,0,1193.024,1199.232,1462.176,262.944,PASS,0
PHASEB_formal_rs_C0_DEFAULT_N2048_q16_rep1,3,4,3,sm_89,RS_SLICE_SERIAL,NCCL,C0_DEFAULT,2048,2048,2048,16,4,1048576,46,0,1560.192,1565.632,1828.384,262.752,PASS,0
PHASEB_formal_rs_C0_DEFAULT_N2048_q16_rep1,3,4,3,sm_89,RS_SLICE_SERIAL,NCCL,C0_DEFAULT,2048,2048,2048,16,5,1048576,46,0,1912.384,1918.496,2182.816,264.320,PASS,0
PHASEB_formal_rs_C0_DEFAULT_N2048_q16_rep1,3,4,3,sm_89,RS_SLICE_SERIAL,NCCL,C0_DEFAULT,2048,2048,2048,16,6,1048576,46,0,2259.904,2265.856,2528.992,263.136,PASS,0
PHASEB_formal_rs_C0_DEFAULT_N2048_q16_rep1,3,4,3,sm_89,RS_SLICE_SERIAL,NCCL,C0_DEFAULT,2048,2048,2048,16,7,1048576,46,0,2611.008,2617.088,2880.192,263.104,PASS,0
PHASEB_formal_rs_C0_DEFAULT_N2048_q16_rep1,3,4,3,sm_89,RS_SLICE_SERIAL,NCCL,C0_DEFAULT,2048,2048,2048,16,8,1048576,46,0,2960.064,2965.600,3228.832,263.232,PASS,0
PHASEB_formal_rs_C0_DEFAULT_N2048_q16_rep1,3,4,3,sm_89,RS_SLICE_SERIAL,NCCL,C0_DEFAULT,2048,2048,2048,16,9,1048576,46,0,3311.776,3317.408,3580.128,262.720,PASS,0
PHASEB_formal_rs_C0_DEFAULT_N2048_q16_rep1,3,4,3,sm_89,RS_SLICE_SERIAL,NCCL,C0_DEFAULT,2048,2048,2048,16,10,1048576,46,0,3672.448,3678.080,3940.128,262.048,PASS,0
PHASEB_formal_rs_C0_DEFAULT_N2048_q16_rep1,3,4,3,sm_89,RS_SLICE_SERIAL,NCCL,C0_DEFAULT,2048,2048,2048,16,11,1048576,46,0,4033.440,4039.552,4300.960,261.408,PASS,0
PHASEB_formal_rs_C0_DEFAULT_N2048_q16_rep1,3,4,3,sm_89,RS_SLICE_SERIAL,NCCL,C0_DEFAULT,2048,2048,2048,16,12,1048576,46,0,4392.736,4398.432,4659.840,261.408,PASS,0
PHASEB_formal_rs_C0_DEFAULT_N2048_q16_rep1,3,4,3,sm_89,RS_SLICE_SERIAL,NCCL,C0_DEFAULT,2048,2048,2048,16,13,1048576,46,0,4741.984,4747.264,5008.544,261.280,PASS,0
PHASEB_formal_rs_C0_DEFAULT_N2048_q16_rep1,3,4,3,sm_89,RS_SLICE_SERIAL,NCCL,C0_DEFAULT,2048,2048,2048,16,14,1048576,46,0,5090.880,5096.128,5358.656,262.528,PASS,0
PHASEB_formal_rs_C0_DEFAULT_N2048_q16_rep1,3,4,3,sm_89,RS_SLICE_SERIAL,NCCL,C0_DEFAULT,2048,2048,2048,16,15,1048576,46,0,5450.144,5456.960,5716.320,259.360,PASS,0
PHASEB_formal_rs_C0_DEFAULT_N2048_q16_rep1,3,4,3,sm_89,RS_SLICE_SERIAL,NCCL,C0_DEFAULT,2048,2048,2048,16,0,1048576,47,0,120.992,128.224,392.896,264.672,PASS,0
PHASEB_formal_rs_C0_DEFAULT_N2048_q16_rep1,3,4,3,sm_89,RS_SLICE_SERIAL,NCCL,C0_DEFAULT,2048,2048,2048,16,1,1048576,47,0,471.520,477.472,741.696,264.224,PASS,0
PHASEB_formal_rs_C0_DEFAULT_N2048_q16_rep1,3,4,3,sm_89,RS_SLICE_SERIAL,NCCL,C0_DEFAULT,2048,2048,2048,16,2,1048576,47,0,830.016,835.392,1097.472,262.080,PASS,0
PHASEB_formal_rs_C0_DEFAULT_N2048_q16_rep1,3,4,3,sm_89,RS_SLICE_SERIAL,NCCL,C0_DEFAULT,2048,2048,2048,16,3,1048576,47,0,1194.624,1199.840,1462.688,262.848,PASS,0
PHASEB_formal_rs_C0_DEFAULT_N2048_q16_rep1,3,4,3,sm_89,RS_SLICE_SERIAL,NCCL,C0_DEFAULT,2048,2048,2048,16,4,1048576,47,0,1552.864,1558.400,1821.856,263.456,PASS,0
PHASEB_formal_rs_C0_DEFAULT_N2048_q16_rep1,3,4,3,sm_89,RS_SLICE_SERIAL,NCCL,C0_DEFAULT,2048,2048,2048,16,5,1048576,47,0,1904.064,1909.888,2173.696,263.808,PASS,0
PHASEB_formal_rs_C0_DEFAULT_N2048_q16_rep1,3,4,3,sm_89,RS_SLICE_SERIAL,NCCL,C0_DEFAULT,2048,2048,2048,16,6,1048576,47,0,2266.336,2271.968,2535.008,263.040,PASS,0
PHASEB_formal_rs_C0_DEFAULT_N2048_q16_rep1,3,4,3,sm_89,RS_SLICE_SERIAL,NCCL,C0_DEFAULT,2048,2048,2048,16,7,1048576,47,0,2633.376,2638.976,2903.104,264.128,PASS,0
PHASEB_formal_rs_C0_DEFAULT_N2048_q16_rep1,3,4,3,sm_89,RS_SLICE_SERIAL,NCCL,C0_DEFAULT,2048,2048,2048,16,8,1048576,47,0,2979.168,2984.768,3248.224,263.456,PASS,0
PHASEB_formal_rs_C0_DEFAULT_N2048_q16_rep1,3,4,3,sm_89,RS_SLICE_SERIAL,NCCL,C0_DEFAULT,2048,2048,2048,16,9,1048576,47,0,3339.936,3346.240,3609.216,262.976,PASS,0
PHASEB_formal_rs_C0_DEFAULT_N2048_q16_rep1,3,4,3,sm_89,RS_SLICE_SERIAL,NCCL,C0_DEFAULT,2048,2048,2048,16,10,1048576,47,0,3693.952,3699.648,3961.280,261.632,PASS,0
PHASEB_formal_rs_C0_DEFAULT_N2048_q16_rep1,3,4,3,sm_89,RS_SLICE_SERIAL,NCCL,C0_DEFAULT,2048,2048,2048,16,11,1048576,47,0,4040.384,4046.400,4309.952,263.552,PASS,0
PHASEB_formal_rs_C0_DEFAULT_N2048_q16_rep1,3,4,3,sm_89,RS_SLICE_SERIAL,NCCL,C0_DEFAULT,2048,2048,2048,16,12,1048576,47,0,4390.688,4396.576,4659.680,263.104,PASS,0
PHASEB_formal_rs_C0_DEFAULT_N2048_q16_rep1,3,4,3,sm_89,RS_SLICE_SERIAL,NCCL,C0_DEFAULT,2048,2048,2048,16,13,1048576,47,0,4752.576,4758.144,5019.840,261.696,PASS,0
PHASEB_formal_rs_C0_DEFAULT_N2048_q16_rep1,3,4,3,sm_89,RS_SLICE_SERIAL,NCCL,C0_DEFAULT,2048,2048,2048,16,14,1048576,47,0,5110.400,5115.872,5378.432,262.560,PASS,0
PHASEB_formal_rs_C0_DEFAULT_N2048_q16_rep1,3,4,3,sm_89,RS_SLICE_SERIAL,NCCL,C0_DEFAULT,2048,2048,2048,16,15,1048576,47,0,5469.216,5476.032,5736.992,260.960,PASS,0
PHASEB_formal_rs_C0_DEFAULT_N2048_q16_rep1,3,4,3,sm_89,RS_SLICE_SERIAL,NCCL,C0_DEFAULT,2048,2048,2048,16,0,1048576,48,0,114.592,121.920,384.608,262.688,PASS,0
PHASEB_formal_rs_C0_DEFAULT_N2048_q16_rep1,3,4,3,sm_89,RS_SLICE_SERIAL,NCCL,C0_DEFAULT,2048,2048,2048,16,1,1048576,48,0,471.456,476.960,739.840,262.880,PASS,0
PHASEB_formal_rs_C0_DEFAULT_N2048_q16_rep1,3,4,3,sm_89,RS_SLICE_SERIAL,NCCL,C0_DEFAULT,2048,2048,2048,16,2,1048576,48,0,821.728,826.976,1088.640,261.664,PASS,0
PHASEB_formal_rs_C0_DEFAULT_N2048_q16_rep1,3,4,3,sm_89,RS_SLICE_SERIAL,NCCL,C0_DEFAULT,2048,2048,2048,16,3,1048576,48,0,1178.880,1184.896,1449.664,264.768,PASS,0
PHASEB_formal_rs_C0_DEFAULT_N2048_q16_rep1,3,4,3,sm_89,RS_SLICE_SERIAL,NCCL,C0_DEFAULT,2048,2048,2048,16,4,1048576,48,0,1538.336,1544.384,1807.872,263.488,PASS,0
PHASEB_formal_rs_C0_DEFAULT_N2048_q16_rep1,3,4,3,sm_89,RS_SLICE_SERIAL,NCCL,C0_DEFAULT,2048,2048,2048,16,5,1048576,48,0,1886.624,1892.864,2156.288,263.424,PASS,0
PHASEB_formal_rs_C0_DEFAULT_N2048_q16_rep1,3,4,3,sm_89,RS_SLICE_SERIAL,NCCL,C0_DEFAULT,2048,2048,2048,16,6,1048576,48,0,2235.776,2241.760,2506.048,264.288,PASS,0
PHASEB_formal_rs_C0_DEFAULT_N2048_q16_rep1,3,4,3,sm_89,RS_SLICE_SERIAL,NCCL,C0_DEFAULT,2048,2048,2048,16,7,1048576,48,0,2586.816,2593.024,2856.288,263.264,PASS,0
PHASEB_formal_rs_C0_DEFAULT_N2048_q16_rep1,3,4,3,sm_89,RS_SLICE_SERIAL,NCCL,C0_DEFAULT,2048,2048,2048,16,8,1048576,48,0,2938.496,2944.448,3208.128,263.680,PASS,0
PHASEB_formal_rs_C0_DEFAULT_N2048_q16_rep1,3,4,3,sm_89,RS_SLICE_SERIAL,NCCL,C0_DEFAULT,2048,2048,2048,16,9,1048576,48,0,3301.280,3307.232,3570.112,262.880,PASS,0
PHASEB_formal_rs_C0_DEFAULT_N2048_q16_rep1,3,4,3,sm_89,RS_SLICE_SERIAL,NCCL,C0_DEFAULT,2048,2048,2048,16,10,1048576,48,0,3647.968,3653.312,3916.736,263.424,PASS,0
PHASEB_formal_rs_C0_DEFAULT_N2048_q16_rep1,3,4,3,sm_89,RS_SLICE_SERIAL,NCCL,C0_DEFAULT,2048,2048,2048,16,11,1048576,48,0,3996.928,4003.040,4266.048,263.008,PASS,0
PHASEB_formal_rs_C0_DEFAULT_N2048_q16_rep1,3,4,3,sm_89,RS_SLICE_SERIAL,NCCL,C0_DEFAULT,2048,2048,2048,16,12,1048576,48,0,4349.568,4355.456,4618.624,263.168,PASS,0
PHASEB_formal_rs_C0_DEFAULT_N2048_q16_rep1,3,4,3,sm_89,RS_SLICE_SERIAL,NCCL,C0_DEFAULT,2048,2048,2048,16,13,1048576,48,0,4720.064,4725.408,4987.680,262.272,PASS,0
PHASEB_formal_rs_C0_DEFAULT_N2048_q16_rep1,3,4,3,sm_89,RS_SLICE_SERIAL,NCCL,C0_DEFAULT,2048,2048,2048,16,14,1048576,48,0,5064.320,5069.536,5331.712,262.176,PASS,0
PHASEB_formal_rs_C0_DEFAULT_N2048_q16_rep1,3,4,3,sm_89,RS_SLICE_SERIAL,NCCL,C0_DEFAULT,2048,2048,2048,16,15,1048576,48,0,5424.192,5431.040,5690.144,259.104,PASS,0
PHASEB_formal_rs_C0_DEFAULT_N2048_q16_rep1,3,4,3,sm_89,RS_SLICE_SERIAL,NCCL,C0_DEFAULT,2048,2048,2048,16,0,1048576,49,0,123.584,130.752,394.464,263.712,PASS,0
PHASEB_formal_rs_C0_DEFAULT_N2048_q16_rep1,3,4,3,sm_89,RS_SLICE_SERIAL,NCCL,C0_DEFAULT,2048,2048,2048,16,1,1048576,49,0,476.320,482.912,745.824,262.912,PASS,0
PHASEB_formal_rs_C0_DEFAULT_N2048_q16_rep1,3,4,3,sm_89,RS_SLICE_SERIAL,NCCL,C0_DEFAULT,2048,2048,2048,16,2,1048576,49,0,826.144,831.872,1096.224,264.352,PASS,0
PHASEB_formal_rs_C0_DEFAULT_N2048_q16_rep1,3,4,3,sm_89,RS_SLICE_SERIAL,NCCL,C0_DEFAULT,2048,2048,2048,16,3,1048576,49,0,1174.560,1180.608,1442.688,262.080,PASS,0
PHASEB_formal_rs_C0_DEFAULT_N2048_q16_rep1,3,4,3,sm_89,RS_SLICE_SERIAL,NCCL,C0_DEFAULT,2048,2048,2048,16,4,1048576,49,0,1525.472,1531.648,1796.000,264.352,PASS,0
PHASEB_formal_rs_C0_DEFAULT_N2048_q16_rep1,3,4,3,sm_89,RS_SLICE_SERIAL,NCCL,C0_DEFAULT,2048,2048,2048,16,5,1048576,49,0,1883.392,1889.792,2153.280,263.488,PASS,0
PHASEB_formal_rs_C0_DEFAULT_N2048_q16_rep1,3,4,3,sm_89,RS_SLICE_SERIAL,NCCL,C0_DEFAULT,2048,2048,2048,16,6,1048576,49,0,2240.192,2245.664,2506.752,261.088,PASS,0
PHASEB_formal_rs_C0_DEFAULT_N2048_q16_rep1,3,4,3,sm_89,RS_SLICE_SERIAL,NCCL,C0_DEFAULT,2048,2048,2048,16,7,1048576,49,0,2600.032,2605.568,2870.080,264.512,PASS,0
PHASEB_formal_rs_C0_DEFAULT_N2048_q16_rep1,3,4,3,sm_89,RS_SLICE_SERIAL,NCCL,C0_DEFAULT,2048,2048,2048,16,8,1048576,49,0,2949.088,2955.040,3217.664,262.624,PASS,0
PHASEB_formal_rs_C0_DEFAULT_N2048_q16_rep1,3,4,3,sm_89,RS_SLICE_SERIAL,NCCL,C0_DEFAULT,2048,2048,2048,16,9,1048576,49,0,3301.088,3306.304,3569.184,262.880,PASS,0
PHASEB_formal_rs_C0_DEFAULT_N2048_q16_rep1,3,4,3,sm_89,RS_SLICE_SERIAL,NCCL,C0_DEFAULT,2048,2048,2048,16,10,1048576,49,0,3661.152,3666.656,3928.032,261.376,PASS,0
PHASEB_formal_rs_C0_DEFAULT_N2048_q16_rep1,3,4,3,sm_89,RS_SLICE_SERIAL,NCCL,C0_DEFAULT,2048,2048,2048,16,11,1048576,49,0,4014.816,4020.480,4281.984,261.504,PASS,0
PHASEB_formal_rs_C0_DEFAULT_N2048_q16_rep1,3,4,3,sm_89,RS_SLICE_SERIAL,NCCL,C0_DEFAULT,2048,2048,2048,16,12,1048576,49,0,4396.320,4401.632,4664.736,263.104,PASS,0
PHASEB_formal_rs_C0_DEFAULT_N2048_q16_rep1,3,4,3,sm_89,RS_SLICE_SERIAL,NCCL,C0_DEFAULT,2048,2048,2048,16,13,1048576,49,0,4759.136,4765.504,5029.728,264.224,PASS,0
PHASEB_formal_rs_C0_DEFAULT_N2048_q16_rep1,3,4,3,sm_89,RS_SLICE_SERIAL,NCCL,C0_DEFAULT,2048,2048,2048,16,14,1048576,49,0,5128.960,5134.272,5396.672,262.400,PASS,0
PHASEB_formal_rs_C0_DEFAULT_N2048_q16_rep1,3,4,3,sm_89,RS_SLICE_SERIAL,NCCL,C0_DEFAULT,2048,2048,2048,16,15,1048576,49,0,5477.888,5485.024,5745.664,260.640,PASS,0
PHASEB_formal_rs_C0_DEFAULT_N2048_q16_rep1,3,4,3,sm_89,RS_SLICE_SERIAL,NCCL,C0_DEFAULT,2048,2048,2048,16,0,1048576,50,0,112.800,120.128,384.544,264.416,PASS,0
PHASEB_formal_rs_C0_DEFAULT_N2048_q16_rep1,3,4,3,sm_89,RS_SLICE_SERIAL,NCCL,C0_DEFAULT,2048,2048,2048,16,1,1048576,50,0,477.312,482.560,744.352,261.792,PASS,0
PHASEB_formal_rs_C0_DEFAULT_N2048_q16_rep1,3,4,3,sm_89,RS_SLICE_SERIAL,NCCL,C0_DEFAULT,2048,2048,2048,16,2,1048576,50,0,834.592,840.704,1105.280,264.576,PASS,0
PHASEB_formal_rs_C0_DEFAULT_N2048_q16_rep1,3,4,3,sm_89,RS_SLICE_SERIAL,NCCL,C0_DEFAULT,2048,2048,2048,16,3,1048576,50,0,1205.152,1211.392,1474.656,263.264,PASS,0
PHASEB_formal_rs_C0_DEFAULT_N2048_q16_rep1,3,4,3,sm_89,RS_SLICE_SERIAL,NCCL,C0_DEFAULT,2048,2048,2048,16,4,1048576,50,0,1555.968,1561.376,1823.200,261.824,PASS,0
PHASEB_formal_rs_C0_DEFAULT_N2048_q16_rep1,3,4,3,sm_89,RS_SLICE_SERIAL,NCCL,C0_DEFAULT,2048,2048,2048,16,5,1048576,50,0,1920.480,1926.528,2189.312,262.784,PASS,0
PHASEB_formal_rs_C0_DEFAULT_N2048_q16_rep1,3,4,3,sm_89,RS_SLICE_SERIAL,NCCL,C0_DEFAULT,2048,2048,2048,16,6,1048576,50,0,2271.968,2278.112,2544.160,266.048,PASS,0
PHASEB_formal_rs_C0_DEFAULT_N2048_q16_rep1,3,4,3,sm_89,RS_SLICE_SERIAL,NCCL,C0_DEFAULT,2048,2048,2048,16,7,1048576,50,0,2636.864,2642.080,2906.208,264.128,PASS,0
PHASEB_formal_rs_C0_DEFAULT_N2048_q16_rep1,3,4,3,sm_89,RS_SLICE_SERIAL,NCCL,C0_DEFAULT,2048,2048,2048,16,8,1048576,50,0,2984.384,2989.568,3254.240,264.672,PASS,0
PHASEB_formal_rs_C0_DEFAULT_N2048_q16_rep1,3,4,3,sm_89,RS_SLICE_SERIAL,NCCL,C0_DEFAULT,2048,2048,2048,16,9,1048576,50,0,3347.136,3352.672,3615.776,263.104,PASS,0
PHASEB_formal_rs_C0_DEFAULT_N2048_q16_rep1,3,4,3,sm_89,RS_SLICE_SERIAL,NCCL,C0_DEFAULT,2048,2048,2048,16,10,1048576,50,0,3697.152,3703.200,3966.784,263.584,PASS,0
PHASEB_formal_rs_C0_DEFAULT_N2048_q16_rep1,3,4,3,sm_89,RS_SLICE_SERIAL,NCCL,C0_DEFAULT,2048,2048,2048,16,11,1048576,50,0,4060.896,4066.976,4328.800,261.824,PASS,0
PHASEB_formal_rs_C0_DEFAULT_N2048_q16_rep1,3,4,3,sm_89,RS_SLICE_SERIAL,NCCL,C0_DEFAULT,2048,2048,2048,16,12,1048576,50,0,4433.728,4439.104,4700.480,261.376,PASS,0
PHASEB_formal_rs_C0_DEFAULT_N2048_q16_rep1,3,4,3,sm_89,RS_SLICE_SERIAL,NCCL,C0_DEFAULT,2048,2048,2048,16,13,1048576,50,0,4797.760,4803.008,5064.800,261.792,PASS,0
PHASEB_formal_rs_C0_DEFAULT_N2048_q16_rep1,3,4,3,sm_89,RS_SLICE_SERIAL,NCCL,C0_DEFAULT,2048,2048,2048,16,14,1048576,50,0,5145.088,5150.464,5412.832,262.368,PASS,0
PHASEB_formal_rs_C0_DEFAULT_N2048_q16_rep1,3,4,3,sm_89,RS_SLICE_SERIAL,NCCL,C0_DEFAULT,2048,2048,2048,16,15,1048576,50,0,5505.536,5512.416,5772.064,259.648,PASS,0
PHASEB_formal_rs_C0_DEFAULT_N2048_q16_rep1,3,4,3,sm_89,RS_SLICE_SERIAL,NCCL,C0_DEFAULT,2048,2048,2048,16,0,1048576,51,0,113.568,121.376,384.896,263.520,PASS,0
PHASEB_formal_rs_C0_DEFAULT_N2048_q16_rep1,3,4,3,sm_89,RS_SLICE_SERIAL,NCCL,C0_DEFAULT,2048,2048,2048,16,1,1048576,51,0,467.648,473.792,734.912,261.120,PASS,0
PHASEB_formal_rs_C0_DEFAULT_N2048_q16_rep1,3,4,3,sm_89,RS_SLICE_SERIAL,NCCL,C0_DEFAULT,2048,2048,2048,16,2,1048576,51,0,817.024,823.168,1086.624,263.456,PASS,0
PHASEB_formal_rs_C0_DEFAULT_N2048_q16_rep1,3,4,3,sm_89,RS_SLICE_SERIAL,NCCL,C0_DEFAULT,2048,2048,2048,16,3,1048576,51,0,1170.944,1176.320,1440.256,263.936,PASS,0
PHASEB_formal_rs_C0_DEFAULT_N2048_q16_rep1,3,4,3,sm_89,RS_SLICE_SERIAL,NCCL,C0_DEFAULT,2048,2048,2048,16,4,1048576,51,0,1529.600,1535.040,1796.768,261.728,PASS,0
PHASEB_formal_rs_C0_DEFAULT_N2048_q16_rep1,3,4,3,sm_89,RS_SLICE_SERIAL,NCCL,C0_DEFAULT,2048,2048,2048,16,5,1048576,51,0,1888.160,1894.176,2159.008,264.832,PASS,0
PHASEB_formal_rs_C0_DEFAULT_N2048_q16_rep1,3,4,3,sm_89,RS_SLICE_SERIAL,NCCL,C0_DEFAULT,2048,2048,2048,16,6,1048576,51,0,2242.496,2247.776,2510.560,262.784,PASS,0
PHASEB_formal_rs_C0_DEFAULT_N2048_q16_rep1,3,4,3,sm_89,RS_SLICE_SERIAL,NCCL,C0_DEFAULT,2048,2048,2048,16,7,1048576,51,0,2602.208,2607.552,2870.560,263.008,PASS,0
PHASEB_formal_rs_C0_DEFAULT_N2048_q16_rep1,3,4,3,sm_89,RS_SLICE_SERIAL,NCCL,C0_DEFAULT,2048,2048,2048,16,8,1048576,51,0,2951.360,2956.768,3221.248,264.480,PASS,0
PHASEB_formal_rs_C0_DEFAULT_N2048_q16_rep1,3,4,3,sm_89,RS_SLICE_SERIAL,NCCL,C0_DEFAULT,2048,2048,2048,16,9,1048576,51,0,3307.616,3313.696,3578.080,264.384,PASS,0
PHASEB_formal_rs_C0_DEFAULT_N2048_q16_rep1,3,4,3,sm_89,RS_SLICE_SERIAL,NCCL,C0_DEFAULT,2048,2048,2048,16,10,1048576,51,0,3670.720,3676.544,3938.240,261.696,PASS,0
PHASEB_formal_rs_C0_DEFAULT_N2048_q16_rep1,3,4,3,sm_89,RS_SLICE_SERIAL,NCCL,C0_DEFAULT,2048,2048,2048,16,11,1048576,51,0,4017.792,4023.744,4285.536,261.792,PASS,0
PHASEB_formal_rs_C0_DEFAULT_N2048_q16_rep1,3,4,3,sm_89,RS_SLICE_SERIAL,NCCL,C0_DEFAULT,2048,2048,2048,16,12,1048576,51,0,4369.376,4374.976,4637.408,262.432,PASS,0
PHASEB_formal_rs_C0_DEFAULT_N2048_q16_rep1,3,4,3,sm_89,RS_SLICE_SERIAL,NCCL,C0_DEFAULT,2048,2048,2048,16,13,1048576,51,0,4728.512,4734.624,4996.896,262.272,PASS,0
PHASEB_formal_rs_C0_DEFAULT_N2048_q16_rep1,3,4,3,sm_89,RS_SLICE_SERIAL,NCCL,C0_DEFAULT,2048,2048,2048,16,14,1048576,51,0,5077.184,5082.528,5344.768,262.240,PASS,0
PHASEB_formal_rs_C0_DEFAULT_N2048_q16_rep1,3,4,3,sm_89,RS_SLICE_SERIAL,NCCL,C0_DEFAULT,2048,2048,2048,16,15,1048576,51,0,5437.056,5443.904,5705.856,261.952,PASS,0
PHASEB_formal_rs_C0_DEFAULT_N2048_q16_rep1,3,4,3,sm_89,RS_SLICE_SERIAL,NCCL,C0_DEFAULT,2048,2048,2048,16,0,1048576,52,0,121.760,128.928,393.024,264.096,PASS,0
PHASEB_formal_rs_C0_DEFAULT_N2048_q16_rep1,3,4,3,sm_89,RS_SLICE_SERIAL,NCCL,C0_DEFAULT,2048,2048,2048,16,1,1048576,52,0,472.064,477.408,738.784,261.376,PASS,0
PHASEB_formal_rs_C0_DEFAULT_N2048_q16_rep1,3,4,3,sm_89,RS_SLICE_SERIAL,NCCL,C0_DEFAULT,2048,2048,2048,16,2,1048576,52,0,821.056,826.528,1088.000,261.472,PASS,0
PHASEB_formal_rs_C0_DEFAULT_N2048_q16_rep1,3,4,3,sm_89,RS_SLICE_SERIAL,NCCL,C0_DEFAULT,2048,2048,2048,16,3,1048576,52,0,1175.936,1181.984,1447.616,265.632,PASS,0
PHASEB_formal_rs_C0_DEFAULT_N2048_q16_rep1,3,4,3,sm_89,RS_SLICE_SERIAL,NCCL,C0_DEFAULT,2048,2048,2048,16,4,1048576,52,0,1549.664,1555.104,1817.728,262.624,PASS,0
PHASEB_formal_rs_C0_DEFAULT_N2048_q16_rep1,3,4,3,sm_89,RS_SLICE_SERIAL,NCCL,C0_DEFAULT,2048,2048,2048,16,5,1048576,52,0,1928.128,1934.144,2197.888,263.744,PASS,0
PHASEB_formal_rs_C0_DEFAULT_N2048_q16_rep1,3,4,3,sm_89,RS_SLICE_SERIAL,NCCL,C0_DEFAULT,2048,2048,2048,16,6,1048576,52,0,2290.560,2296.224,2559.904,263.680,PASS,0
PHASEB_formal_rs_C0_DEFAULT_N2048_q16_rep1,3,4,3,sm_89,RS_SLICE_SERIAL,NCCL,C0_DEFAULT,2048,2048,2048,16,7,1048576,52,0,2641.632,2647.712,2909.792,262.080,PASS,0
PHASEB_formal_rs_C0_DEFAULT_N2048_q16_rep1,3,4,3,sm_89,RS_SLICE_SERIAL,NCCL,C0_DEFAULT,2048,2048,2048,16,8,1048576,52,0,3001.792,3007.360,3270.912,263.552,PASS,0
PHASEB_formal_rs_C0_DEFAULT_N2048_q16_rep1,3,4,3,sm_89,RS_SLICE_SERIAL,NCCL,C0_DEFAULT,2048,2048,2048,16,9,1048576,52,0,3351.808,3357.824,3621.824,264.000,PASS,0
PHASEB_formal_rs_C0_DEFAULT_N2048_q16_rep1,3,4,3,sm_89,RS_SLICE_SERIAL,NCCL,C0_DEFAULT,2048,2048,2048,16,10,1048576,52,0,3715.968,3721.504,3984.384,262.880,PASS,0
PHASEB_formal_rs_C0_DEFAULT_N2048_q16_rep1,3,4,3,sm_89,RS_SLICE_SERIAL,NCCL,C0_DEFAULT,2048,2048,2048,16,11,1048576,52,0,4063.968,4069.280,4331.328,262.048,PASS,0
PHASEB_formal_rs_C0_DEFAULT_N2048_q16_rep1,3,4,3,sm_89,RS_SLICE_SERIAL,NCCL,C0_DEFAULT,2048,2048,2048,16,12,1048576,52,0,4424.960,4430.240,4691.648,261.408,PASS,0
PHASEB_formal_rs_C0_DEFAULT_N2048_q16_rep1,3,4,3,sm_89,RS_SLICE_SERIAL,NCCL,C0_DEFAULT,2048,2048,2048,16,13,1048576,52,0,4791.104,4796.640,5060.032,263.392,PASS,0
PHASEB_formal_rs_C0_DEFAULT_N2048_q16_rep1,3,4,3,sm_89,RS_SLICE_SERIAL,NCCL,C0_DEFAULT,2048,2048,2048,16,14,1048576,52,0,5137.248,5143.104,5405.696,262.592,PASS,0
PHASEB_formal_rs_C0_DEFAULT_N2048_q16_rep1,3,4,3,sm_89,RS_SLICE_SERIAL,NCCL,C0_DEFAULT,2048,2048,2048,16,15,1048576,52,0,5488.576,5495.328,5754.720,259.392,PASS,0
PHASEB_formal_rs_C0_DEFAULT_N2048_q16_rep1,3,4,3,sm_89,RS_SLICE_SERIAL,NCCL,C0_DEFAULT,2048,2048,2048,16,0,1048576,53,0,109.184,116.416,378.624,262.208,PASS,0
PHASEB_formal_rs_C0_DEFAULT_N2048_q16_rep1,3,4,3,sm_89,RS_SLICE_SERIAL,NCCL,C0_DEFAULT,2048,2048,2048,16,1,1048576,53,0,461.664,467.136,730.560,263.424,PASS,0
PHASEB_formal_rs_C0_DEFAULT_N2048_q16_rep1,3,4,3,sm_89,RS_SLICE_SERIAL,NCCL,C0_DEFAULT,2048,2048,2048,16,2,1048576,53,0,820.608,826.560,1089.632,263.072,PASS,0
PHASEB_formal_rs_C0_DEFAULT_N2048_q16_rep1,3,4,3,sm_89,RS_SLICE_SERIAL,NCCL,C0_DEFAULT,2048,2048,2048,16,3,1048576,53,0,1177.312,1182.944,1446.016,263.072,PASS,0
PHASEB_formal_rs_C0_DEFAULT_N2048_q16_rep1,3,4,3,sm_89,RS_SLICE_SERIAL,NCCL,C0_DEFAULT,2048,2048,2048,16,4,1048576,53,0,1538.496,1544.416,1808.512,264.096,PASS,0
PHASEB_formal_rs_C0_DEFAULT_N2048_q16_rep1,3,4,3,sm_89,RS_SLICE_SERIAL,NCCL,C0_DEFAULT,2048,2048,2048,16,5,1048576,53,0,1890.688,1897.088,2160.384,263.296,PASS,0
PHASEB_formal_rs_C0_DEFAULT_N2048_q16_rep1,3,4,3,sm_89,RS_SLICE_SERIAL,NCCL,C0_DEFAULT,2048,2048,2048,16,6,1048576,53,0,2248.832,2254.656,2516.256,261.600,PASS,0
PHASEB_formal_rs_C0_DEFAULT_N2048_q16_rep1,3,4,3,sm_89,RS_SLICE_SERIAL,NCCL,C0_DEFAULT,2048,2048,2048,16,7,1048576,53,0,2605.728,2611.232,2873.856,262.624,PASS,0
PHASEB_formal_rs_C0_DEFAULT_N2048_q16_rep1,3,4,3,sm_89,RS_SLICE_SERIAL,NCCL,C0_DEFAULT,2048,2048,2048,16,8,1048576,53,0,2961.568,2966.848,3230.016,263.168,PASS,0
PHASEB_formal_rs_C0_DEFAULT_N2048_q16_rep1,3,4,3,sm_89,RS_SLICE_SERIAL,NCCL,C0_DEFAULT,2048,2048,2048,16,9,1048576,53,0,3316.992,3322.240,3585.952,263.712,PASS,0
PHASEB_formal_rs_C0_DEFAULT_N2048_q16_rep1,3,4,3,sm_89,RS_SLICE_SERIAL,NCCL,C0_DEFAULT,2048,2048,2048,16,10,1048576,53,0,3664.256,3669.536,3933.088,263.552,PASS,0
PHASEB_formal_rs_C0_DEFAULT_N2048_q16_rep1,3,4,3,sm_89,RS_SLICE_SERIAL,NCCL,C0_DEFAULT,2048,2048,2048,16,11,1048576,53,0,4016.000,4021.920,4285.408,263.488,PASS,0
PHASEB_formal_rs_C0_DEFAULT_N2048_q16_rep1,3,4,3,sm_89,RS_SLICE_SERIAL,NCCL,C0_DEFAULT,2048,2048,2048,16,12,1048576,53,0,4377.184,4383.104,4646.912,263.808,PASS,0
PHASEB_formal_rs_C0_DEFAULT_N2048_q16_rep1,3,4,3,sm_89,RS_SLICE_SERIAL,NCCL,C0_DEFAULT,2048,2048,2048,16,13,1048576,53,0,4727.072,4733.376,4996.960,263.584,PASS,0
PHASEB_formal_rs_C0_DEFAULT_N2048_q16_rep1,3,4,3,sm_89,RS_SLICE_SERIAL,NCCL,C0_DEFAULT,2048,2048,2048,16,14,1048576,53,0,5072.896,5078.144,5340.096,261.952,PASS,0
PHASEB_formal_rs_C0_DEFAULT_N2048_q16_rep1,3,4,3,sm_89,RS_SLICE_SERIAL,NCCL,C0_DEFAULT,2048,2048,2048,16,15,1048576,53,0,5432.672,5439.520,5700.512,260.992,PASS,0
PHASEB_formal_rs_C0_DEFAULT_N2048_q16_rep1,3,4,3,sm_89,RS_SLICE_SERIAL,NCCL,C0_DEFAULT,2048,2048,2048,16,0,1048576,54,0,122.560,129.920,392.320,262.400,PASS,0
PHASEB_formal_rs_C0_DEFAULT_N2048_q16_rep1,3,4,3,sm_89,RS_SLICE_SERIAL,NCCL,C0_DEFAULT,2048,2048,2048,16,1,1048576,54,0,470.592,476.352,740.256,263.904,PASS,0
PHASEB_formal_rs_C0_DEFAULT_N2048_q16_rep1,3,4,3,sm_89,RS_SLICE_SERIAL,NCCL,C0_DEFAULT,2048,2048,2048,16,2,1048576,54,0,818.912,824.288,1087.424,263.136,PASS,0
PHASEB_formal_rs_C0_DEFAULT_N2048_q16_rep1,3,4,3,sm_89,RS_SLICE_SERIAL,NCCL,C0_DEFAULT,2048,2048,2048,16,3,1048576,54,0,1193.792,1200.224,1462.432,262.208,PASS,0
PHASEB_formal_rs_C0_DEFAULT_N2048_q16_rep1,3,4,3,sm_89,RS_SLICE_SERIAL,NCCL,C0_DEFAULT,2048,2048,2048,16,4,1048576,54,0,1552.736,1558.720,1820.064,261.344,PASS,0
PHASEB_formal_rs_C0_DEFAULT_N2048_q16_rep1,3,4,3,sm_89,RS_SLICE_SERIAL,NCCL,C0_DEFAULT,2048,2048,2048,16,5,1048576,54,0,1910.912,1916.576,2180.832,264.256,PASS,0
PHASEB_formal_rs_C0_DEFAULT_N2048_q16_rep1,3,4,3,sm_89,RS_SLICE_SERIAL,NCCL,C0_DEFAULT,2048,2048,2048,16,6,1048576,54,0,2272.800,2278.720,2541.440,262.720,PASS,0
PHASEB_formal_rs_C0_DEFAULT_N2048_q16_rep1,3,4,3,sm_89,RS_SLICE_SERIAL,NCCL,C0_DEFAULT,2048,2048,2048,16,7,1048576,54,0,2634.304,2640.064,2902.752,262.688,PASS,0
PHASEB_formal_rs_C0_DEFAULT_N2048_q16_rep1,3,4,3,sm_89,RS_SLICE_SERIAL,NCCL,C0_DEFAULT,2048,2048,2048,16,8,1048576,54,0,2989.120,2994.464,3257.984,263.520,PASS,0
PHASEB_formal_rs_C0_DEFAULT_N2048_q16_rep1,3,4,3,sm_89,RS_SLICE_SERIAL,NCCL,C0_DEFAULT,2048,2048,2048,16,9,1048576,54,0,3343.136,3348.928,3614.304,265.376,PASS,0
PHASEB_formal_rs_C0_DEFAULT_N2048_q16_rep1,3,4,3,sm_89,RS_SLICE_SERIAL,NCCL,C0_DEFAULT,2048,2048,2048,16,10,1048576,54,0,3700.320,3705.856,3967.520,261.664,PASS,0
PHASEB_formal_rs_C0_DEFAULT_N2048_q16_rep1,3,4,3,sm_89,RS_SLICE_SERIAL,NCCL,C0_DEFAULT,2048,2048,2048,16,11,1048576,54,0,4045.280,4051.360,4312.064,260.704,PASS,0
PHASEB_formal_rs_C0_DEFAULT_N2048_q16_rep1,3,4,3,sm_89,RS_SLICE_SERIAL,NCCL,C0_DEFAULT,2048,2048,2048,16,12,1048576,54,0,4392.832,4398.496,4662.176,263.680,PASS,0
PHASEB_formal_rs_C0_DEFAULT_N2048_q16_rep1,3,4,3,sm_89,RS_SLICE_SERIAL,NCCL,C0_DEFAULT,2048,2048,2048,16,13,1048576,54,0,4752.512,4757.760,5020.448,262.688,PASS,0
PHASEB_formal_rs_C0_DEFAULT_N2048_q16_rep1,3,4,3,sm_89,RS_SLICE_SERIAL,NCCL,C0_DEFAULT,2048,2048,2048,16,14,1048576,54,0,5103.296,5108.608,5370.432,261.824,PASS,0
PHASEB_formal_rs_C0_DEFAULT_N2048_q16_rep1,3,4,3,sm_89,RS_SLICE_SERIAL,NCCL,C0_DEFAULT,2048,2048,2048,16,15,1048576,54,0,5460.352,5467.168,5726.848,259.680,PASS,0
PHASEB_formal_rs_C0_DEFAULT_N2048_q16_rep1,3,4,3,sm_89,RS_SLICE_SERIAL,NCCL,C0_DEFAULT,2048,2048,2048,16,0,1048576,55,0,114.528,121.760,384.608,262.848,PASS,0
PHASEB_formal_rs_C0_DEFAULT_N2048_q16_rep1,3,4,3,sm_89,RS_SLICE_SERIAL,NCCL,C0_DEFAULT,2048,2048,2048,16,1,1048576,55,0,464.512,471.136,733.088,261.952,PASS,0
PHASEB_formal_rs_C0_DEFAULT_N2048_q16_rep1,3,4,3,sm_89,RS_SLICE_SERIAL,NCCL,C0_DEFAULT,2048,2048,2048,16,2,1048576,55,0,821.088,826.400,1090.752,264.352,PASS,0
PHASEB_formal_rs_C0_DEFAULT_N2048_q16_rep1,3,4,3,sm_89,RS_SLICE_SERIAL,NCCL,C0_DEFAULT,2048,2048,2048,16,3,1048576,55,0,1172.288,1178.208,1440.352,262.144,PASS,0
PHASEB_formal_rs_C0_DEFAULT_N2048_q16_rep1,3,4,3,sm_89,RS_SLICE_SERIAL,NCCL,C0_DEFAULT,2048,2048,2048,16,4,1048576,55,0,1532.832,1538.304,1800.544,262.240,PASS,0
PHASEB_formal_rs_C0_DEFAULT_N2048_q16_rep1,3,4,3,sm_89,RS_SLICE_SERIAL,NCCL,C0_DEFAULT,2048,2048,2048,16,5,1048576,55,0,1880.576,1886.592,2151.488,264.896,PASS,0
PHASEB_formal_rs_C0_DEFAULT_N2048_q16_rep1,3,4,3,sm_89,RS_SLICE_SERIAL,NCCL,C0_DEFAULT,2048,2048,2048,16,6,1048576,55,0,2232.672,2238.464,2501.568,263.104,PASS,0
PHASEB_formal_rs_C0_DEFAULT_N2048_q16_rep1,3,4,3,sm_89,RS_SLICE_SERIAL,NCCL,C0_DEFAULT,2048,2048,2048,16,7,1048576,55,0,2597.056,2602.272,2867.456,265.184,PASS,0
PHASEB_formal_rs_C0_DEFAULT_N2048_q16_rep1,3,4,3,sm_89,RS_SLICE_SERIAL,NCCL,C0_DEFAULT,2048,2048,2048,16,8,1048576,55,0,2948.928,2954.688,3218.752,264.064,PASS,0
PHASEB_formal_rs_C0_DEFAULT_N2048_q16_rep1,3,4,3,sm_89,RS_SLICE_SERIAL,NCCL,C0_DEFAULT,2048,2048,2048,16,9,1048576,55,0,3302.976,3308.992,3572.160,263.168,PASS,0
PHASEB_formal_rs_C0_DEFAULT_N2048_q16_rep1,3,4,3,sm_89,RS_SLICE_SERIAL,NCCL,C0_DEFAULT,2048,2048,2048,16,10,1048576,55,0,3659.776,3665.344,3928.640,263.296,PASS,0
PHASEB_formal_rs_C0_DEFAULT_N2048_q16_rep1,3,4,3,sm_89,RS_SLICE_SERIAL,NCCL,C0_DEFAULT,2048,2048,2048,16,11,1048576,55,0,4011.136,4016.640,4278.944,262.304,PASS,0
PHASEB_formal_rs_C0_DEFAULT_N2048_q16_rep1,3,4,3,sm_89,RS_SLICE_SERIAL,NCCL,C0_DEFAULT,2048,2048,2048,16,12,1048576,55,0,4359.328,4365.056,4627.616,262.560,PASS,0
PHASEB_formal_rs_C0_DEFAULT_N2048_q16_rep1,3,4,3,sm_89,RS_SLICE_SERIAL,NCCL,C0_DEFAULT,2048,2048,2048,16,13,1048576,55,0,4732.128,4737.440,5000.096,262.656,PASS,0
PHASEB_formal_rs_C0_DEFAULT_N2048_q16_rep1,3,4,3,sm_89,RS_SLICE_SERIAL,NCCL,C0_DEFAULT,2048,2048,2048,16,14,1048576,55,0,5080.896,5086.752,5348.256,261.504,PASS,0
PHASEB_formal_rs_C0_DEFAULT_N2048_q16_rep1,3,4,3,sm_89,RS_SLICE_SERIAL,NCCL,C0_DEFAULT,2048,2048,2048,16,15,1048576,55,0,5431.744,5438.560,5699.200,260.640,PASS,0
PHASEB_formal_rs_C0_DEFAULT_N2048_q16_rep1,3,4,3,sm_89,RS_SLICE_SERIAL,NCCL,C0_DEFAULT,2048,2048,2048,16,0,1048576,56,0,126.240,133.728,396.608,262.880,PASS,0
PHASEB_formal_rs_C0_DEFAULT_N2048_q16_rep1,3,4,3,sm_89,RS_SLICE_SERIAL,NCCL,C0_DEFAULT,2048,2048,2048,16,1,1048576,56,0,497.216,502.624,765.120,262.496,PASS,0
PHASEB_formal_rs_C0_DEFAULT_N2048_q16_rep1,3,4,3,sm_89,RS_SLICE_SERIAL,NCCL,C0_DEFAULT,2048,2048,2048,16,2,1048576,56,0,845.088,850.528,1113.408,262.880,PASS,0
PHASEB_formal_rs_C0_DEFAULT_N2048_q16_rep1,3,4,3,sm_89,RS_SLICE_SERIAL,NCCL,C0_DEFAULT,2048,2048,2048,16,3,1048576,56,0,1196.160,1201.536,1464.640,263.104,PASS,0
PHASEB_formal_rs_C0_DEFAULT_N2048_q16_rep1,3,4,3,sm_89,RS_SLICE_SERIAL,NCCL,C0_DEFAULT,2048,2048,2048,16,4,1048576,56,0,1551.200,1557.056,1817.888,260.832,PASS,0
PHASEB_formal_rs_C0_DEFAULT_N2048_q16_rep1,3,4,3,sm_89,RS_SLICE_SERIAL,NCCL,C0_DEFAULT,2048,2048,2048,16,5,1048576,56,0,1912.672,1918.048,2181.952,263.904,PASS,0
PHASEB_formal_rs_C0_DEFAULT_N2048_q16_rep1,3,4,3,sm_89,RS_SLICE_SERIAL,NCCL,C0_DEFAULT,2048,2048,2048,16,6,1048576,56,0,2266.688,2272.832,2537.184,264.352,PASS,0
PHASEB_formal_rs_C0_DEFAULT_N2048_q16_rep1,3,4,3,sm_89,RS_SLICE_SERIAL,NCCL,C0_DEFAULT,2048,2048,2048,16,7,1048576,56,0,2632.704,2639.232,2903.488,264.256,PASS,0
PHASEB_formal_rs_C0_DEFAULT_N2048_q16_rep1,3,4,3,sm_89,RS_SLICE_SERIAL,NCCL,C0_DEFAULT,2048,2048,2048,16,8,1048576,56,0,2995.744,3001.344,3263.808,262.464,PASS,0
PHASEB_formal_rs_C0_DEFAULT_N2048_q16_rep1,3,4,3,sm_89,RS_SLICE_SERIAL,NCCL,C0_DEFAULT,2048,2048,2048,16,9,1048576,56,0,3343.488,3348.960,3612.768,263.808,PASS,0
PHASEB_formal_rs_C0_DEFAULT_N2048_q16_rep1,3,4,3,sm_89,RS_SLICE_SERIAL,NCCL,C0_DEFAULT,2048,2048,2048,16,10,1048576,56,0,3704.256,3709.472,3972.032,262.560,PASS,0
PHASEB_formal_rs_C0_DEFAULT_N2048_q16_rep1,3,4,3,sm_89,RS_SLICE_SERIAL,NCCL,C0_DEFAULT,2048,2048,2048,16,11,1048576,56,0,4060.320,4065.600,4328.128,262.528,PASS,0
PHASEB_formal_rs_C0_DEFAULT_N2048_q16_rep1,3,4,3,sm_89,RS_SLICE_SERIAL,NCCL,C0_DEFAULT,2048,2048,2048,16,12,1048576,56,0,4410.304,4416.224,4678.720,262.496,PASS,0
PHASEB_formal_rs_C0_DEFAULT_N2048_q16_rep1,3,4,3,sm_89,RS_SLICE_SERIAL,NCCL,C0_DEFAULT,2048,2048,2048,16,13,1048576,56,0,4771.616,4776.992,5038.464,261.472,PASS,0
PHASEB_formal_rs_C0_DEFAULT_N2048_q16_rep1,3,4,3,sm_89,RS_SLICE_SERIAL,NCCL,C0_DEFAULT,2048,2048,2048,16,14,1048576,56,0,5119.616,5124.896,5387.808,262.912,PASS,0
PHASEB_formal_rs_C0_DEFAULT_N2048_q16_rep1,3,4,3,sm_89,RS_SLICE_SERIAL,NCCL,C0_DEFAULT,2048,2048,2048,16,15,1048576,56,0,5479.712,5486.688,5746.752,260.064,PASS,0
PHASEB_formal_rs_C0_DEFAULT_N2048_q16_rep1,3,4,3,sm_89,RS_SLICE_SERIAL,NCCL,C0_DEFAULT,2048,2048,2048,16,0,1048576,57,0,113.600,120.992,384.640,263.648,PASS,0
PHASEB_formal_rs_C0_DEFAULT_N2048_q16_rep1,3,4,3,sm_89,RS_SLICE_SERIAL,NCCL,C0_DEFAULT,2048,2048,2048,16,1,1048576,57,0,467.648,472.832,734.368,261.536,PASS,0
PHASEB_formal_rs_C0_DEFAULT_N2048_q16_rep1,3,4,3,sm_89,RS_SLICE_SERIAL,NCCL,C0_DEFAULT,2048,2048,2048,16,2,1048576,57,0,814.432,820.480,1085.088,264.608,PASS,0
PHASEB_formal_rs_C0_DEFAULT_N2048_q16_rep1,3,4,3,sm_89,RS_SLICE_SERIAL,NCCL,C0_DEFAULT,2048,2048,2048,16,3,1048576,57,0,1173.888,1179.968,1445.184,265.216,PASS,0
PHASEB_formal_rs_C0_DEFAULT_N2048_q16_rep1,3,4,3,sm_89,RS_SLICE_SERIAL,NCCL,C0_DEFAULT,2048,2048,2048,16,4,1048576,57,0,1526.528,1532.736,1795.008,262.272,PASS,0
PHASEB_formal_rs_C0_DEFAULT_N2048_q16_rep1,3,4,3,sm_89,RS_SLICE_SERIAL,NCCL,C0_DEFAULT,2048,2048,2048,16,5,1048576,57,0,1890.912,1897.216,2160.768,263.552,PASS,0
PHASEB_formal_rs_C0_DEFAULT_N2048_q16_rep1,3,4,3,sm_89,RS_SLICE_SERIAL,NCCL,C0_DEFAULT,2048,2048,2048,16,6,1048576,57,0,2238.784,2244.192,2507.552,263.360,PASS,0
PHASEB_formal_rs_C0_DEFAULT_N2048_q16_rep1,3,4,3,sm_89,RS_SLICE_SERIAL,NCCL,C0_DEFAULT,2048,2048,2048,16,7,1048576,57,0,2596.544,2602.336,2865.216,262.880,PASS,0
PHASEB_formal_rs_C0_DEFAULT_N2048_q16_rep1,3,4,3,sm_89,RS_SLICE_SERIAL,NCCL,C0_DEFAULT,2048,2048,2048,16,8,1048576,57,0,2951.232,2956.512,3219.712,263.200,PASS,0
PHASEB_formal_rs_C0_DEFAULT_N2048_q16_rep1,3,4,3,sm_89,RS_SLICE_SERIAL,NCCL,C0_DEFAULT,2048,2048,2048,16,9,1048576,57,0,3307.648,3313.504,3575.424,261.920,PASS,0
PHASEB_formal_rs_C0_DEFAULT_N2048_q16_rep1,3,4,3,sm_89,RS_SLICE_SERIAL,NCCL,C0_DEFAULT,2048,2048,2048,16,10,1048576,57,0,3654.528,3660.448,3924.544,264.096,PASS,0
PHASEB_formal_rs_C0_DEFAULT_N2048_q16_rep1,3,4,3,sm_89,RS_SLICE_SERIAL,NCCL,C0_DEFAULT,2048,2048,2048,16,11,1048576,57,0,4016.960,4022.464,4285.856,263.392,PASS,0
PHASEB_formal_rs_C0_DEFAULT_N2048_q16_rep1,3,4,3,sm_89,RS_SLICE_SERIAL,NCCL,C0_DEFAULT,2048,2048,2048,16,12,1048576,57,0,4403.104,4408.480,4671.808,263.328,PASS,0
PHASEB_formal_rs_C0_DEFAULT_N2048_q16_rep1,3,4,3,sm_89,RS_SLICE_SERIAL,NCCL,C0_DEFAULT,2048,2048,2048,16,13,1048576,57,0,4767.968,4774.016,5035.712,261.696,PASS,0
PHASEB_formal_rs_C0_DEFAULT_N2048_q16_rep1,3,4,3,sm_89,RS_SLICE_SERIAL,NCCL,C0_DEFAULT,2048,2048,2048,16,14,1048576,57,0,5118.560,5124.064,5386.432,262.368,PASS,0
PHASEB_formal_rs_C0_DEFAULT_N2048_q16_rep1,3,4,3,sm_89,RS_SLICE_SERIAL,NCCL,C0_DEFAULT,2048,2048,2048,16,15,1048576,57,0,5467.904,5474.912,5735.616,260.704,PASS,0
PHASEB_formal_rs_C0_DEFAULT_N2048_q16_rep1,3,4,3,sm_89,RS_SLICE_SERIAL,NCCL,C0_DEFAULT,2048,2048,2048,16,0,1048576,58,0,120.512,127.744,391.008,263.264,PASS,0
PHASEB_formal_rs_C0_DEFAULT_N2048_q16_rep1,3,4,3,sm_89,RS_SLICE_SERIAL,NCCL,C0_DEFAULT,2048,2048,2048,16,1,1048576,58,0,471.712,477.216,739.040,261.824,PASS,0
PHASEB_formal_rs_C0_DEFAULT_N2048_q16_rep1,3,4,3,sm_89,RS_SLICE_SERIAL,NCCL,C0_DEFAULT,2048,2048,2048,16,2,1048576,58,0,821.792,827.488,1091.392,263.904,PASS,0
PHASEB_formal_rs_C0_DEFAULT_N2048_q16_rep1,3,4,3,sm_89,RS_SLICE_SERIAL,NCCL,C0_DEFAULT,2048,2048,2048,16,3,1048576,58,0,1181.792,1187.744,1450.144,262.400,PASS,0
PHASEB_formal_rs_C0_DEFAULT_N2048_q16_rep1,3,4,3,sm_89,RS_SLICE_SERIAL,NCCL,C0_DEFAULT,2048,2048,2048,16,4,1048576,58,0,1556.512,1562.048,1824.832,262.784,PASS,0
PHASEB_formal_rs_C0_DEFAULT_N2048_q16_rep1,3,4,3,sm_89,RS_SLICE_SERIAL,NCCL,C0_DEFAULT,2048,2048,2048,16,5,1048576,58,0,1916.192,1921.408,2185.440,264.032,PASS,0
PHASEB_formal_rs_C0_DEFAULT_N2048_q16_rep1,3,4,3,sm_89,RS_SLICE_SERIAL,NCCL,C0_DEFAULT,2048,2048,2048,16,6,1048576,58,0,2266.272,2272.288,2534.048,261.760,PASS,0
PHASEB_formal_rs_C0_DEFAULT_N2048_q16_rep1,3,4,3,sm_89,RS_SLICE_SERIAL,NCCL,C0_DEFAULT,2048,2048,2048,16,7,1048576,58,0,2612.736,2618.848,2882.656,263.808,PASS,0
PHASEB_formal_rs_C0_DEFAULT_N2048_q16_rep1,3,4,3,sm_89,RS_SLICE_SERIAL,NCCL,C0_DEFAULT,2048,2048,2048,16,8,1048576,58,0,2977.152,2983.136,3247.072,263.936,PASS,0
PHASEB_formal_rs_C0_DEFAULT_N2048_q16_rep1,3,4,3,sm_89,RS_SLICE_SERIAL,NCCL,C0_DEFAULT,2048,2048,2048,16,9,1048576,58,0,3330.048,3335.904,3599.392,263.488,PASS,0
PHASEB_formal_rs_C0_DEFAULT_N2048_q16_rep1,3,4,3,sm_89,RS_SLICE_SERIAL,NCCL,C0_DEFAULT,2048,2048,2048,16,10,1048576,58,0,3679.552,3685.568,3949.472,263.904,PASS,0
PHASEB_formal_rs_C0_DEFAULT_N2048_q16_rep1,3,4,3,sm_89,RS_SLICE_SERIAL,NCCL,C0_DEFAULT,2048,2048,2048,16,11,1048576,58,0,4038.048,4044.384,4307.584,263.200,PASS,0
PHASEB_formal_rs_C0_DEFAULT_N2048_q16_rep1,3,4,3,sm_89,RS_SLICE_SERIAL,NCCL,C0_DEFAULT,2048,2048,2048,16,12,1048576,58,0,4393.888,4399.680,4661.408,261.728,PASS,0
PHASEB_formal_rs_C0_DEFAULT_N2048_q16_rep1,3,4,3,sm_89,RS_SLICE_SERIAL,NCCL,C0_DEFAULT,2048,2048,2048,16,13,1048576,58,0,4740.640,4745.856,5008.416,262.560,PASS,0
PHASEB_formal_rs_C0_DEFAULT_N2048_q16_rep1,3,4,3,sm_89,RS_SLICE_SERIAL,NCCL,C0_DEFAULT,2048,2048,2048,16,14,1048576,58,0,5102.208,5107.744,5370.144,262.400,PASS,0
PHASEB_formal_rs_C0_DEFAULT_N2048_q16_rep1,3,4,3,sm_89,RS_SLICE_SERIAL,NCCL,C0_DEFAULT,2048,2048,2048,16,15,1048576,58,0,5453.312,5460.160,5719.680,259.520,PASS,0
PHASEB_formal_rs_C0_DEFAULT_N2048_q16_rep1,3,4,3,sm_89,RS_SLICE_SERIAL,NCCL,C0_DEFAULT,2048,2048,2048,16,0,1048576,59,0,117.472,124.928,390.208,265.280,PASS,0
PHASEB_formal_rs_C0_DEFAULT_N2048_q16_rep1,3,4,3,sm_89,RS_SLICE_SERIAL,NCCL,C0_DEFAULT,2048,2048,2048,16,1,1048576,59,0,493.824,499.808,761.056,261.248,PASS,0
PHASEB_formal_rs_C0_DEFAULT_N2048_q16_rep1,3,4,3,sm_89,RS_SLICE_SERIAL,NCCL,C0_DEFAULT,2048,2048,2048,16,2,1048576,59,0,835.968,841.216,1103.040,261.824,PASS,0
PHASEB_formal_rs_C0_DEFAULT_N2048_q16_rep1,3,4,3,sm_89,RS_SLICE_SERIAL,NCCL,C0_DEFAULT,2048,2048,2048,16,3,1048576,59,0,1195.712,1201.024,1464.768,263.744,PASS,0
PHASEB_formal_rs_C0_DEFAULT_N2048_q16_rep1,3,4,3,sm_89,RS_SLICE_SERIAL,NCCL,C0_DEFAULT,2048,2048,2048,16,4,1048576,59,0,1559.520,1565.472,1827.936,262.464,PASS,0
PHASEB_formal_rs_C0_DEFAULT_N2048_q16_rep1,3,4,3,sm_89,RS_SLICE_SERIAL,NCCL,C0_DEFAULT,2048,2048,2048,16,5,1048576,59,0,1941.696,1947.456,2211.872,264.416,PASS,0
PHASEB_formal_rs_C0_DEFAULT_N2048_q16_rep1,3,4,3,sm_89,RS_SLICE_SERIAL,NCCL,C0_DEFAULT,2048,2048,2048,16,6,1048576,59,0,2304.160,2309.696,2572.768,263.072,PASS,0
PHASEB_formal_rs_C0_DEFAULT_N2048_q16_rep1,3,4,3,sm_89,RS_SLICE_SERIAL,NCCL,C0_DEFAULT,2048,2048,2048,16,7,1048576,59,0,2666.272,2671.520,2935.168,263.648,PASS,0
PHASEB_formal_rs_C0_DEFAULT_N2048_q16_rep1,3,4,3,sm_89,RS_SLICE_SERIAL,NCCL,C0_DEFAULT,2048,2048,2048,16,8,1048576,59,0,3016.992,3023.040,3288.000,264.960,PASS,0
PHASEB_formal_rs_C0_DEFAULT_N2048_q16_rep1,3,4,3,sm_89,RS_SLICE_SERIAL,NCCL,C0_DEFAULT,2048,2048,2048,16,9,1048576,59,0,3377.536,3383.872,3645.728,261.856,PASS,0
PHASEB_formal_rs_C0_DEFAULT_N2048_q16_rep1,3,4,3,sm_89,RS_SLICE_SERIAL,NCCL,C0_DEFAULT,2048,2048,2048,16,10,1048576,59,0,3725.344,3731.552,3993.568,262.016,PASS,0
PHASEB_formal_rs_C0_DEFAULT_N2048_q16_rep1,3,4,3,sm_89,RS_SLICE_SERIAL,NCCL,C0_DEFAULT,2048,2048,2048,16,11,1048576,59,0,4076.768,4081.952,4342.976,261.024,PASS,0
PHASEB_formal_rs_C0_DEFAULT_N2048_q16_rep1,3,4,3,sm_89,RS_SLICE_SERIAL,NCCL,C0_DEFAULT,2048,2048,2048,16,12,1048576,59,0,4432.928,4438.272,4702.272,264.000,PASS,0
PHASEB_formal_rs_C0_DEFAULT_N2048_q16_rep1,3,4,3,sm_89,RS_SLICE_SERIAL,NCCL,C0_DEFAULT,2048,2048,2048,16,13,1048576,59,0,4794.048,4799.552,5061.920,262.368,PASS,0
PHASEB_formal_rs_C0_DEFAULT_N2048_q16_rep1,3,4,3,sm_89,RS_SLICE_SERIAL,NCCL,C0_DEFAULT,2048,2048,2048,16,14,1048576,59,0,5153.056,5158.656,5421.056,262.400,PASS,0
PHASEB_formal_rs_C0_DEFAULT_N2048_q16_rep1,3,4,3,sm_89,RS_SLICE_SERIAL,NCCL,C0_DEFAULT,2048,2048,2048,16,15,1048576,59,0,5539.968,5546.688,5807.712,261.024,PASS,0
PHASEB_formal_rs_C0_DEFAULT_N2048_q16_rep1,3,4,3,sm_89,RS_SLICE_SERIAL,NCCL,C0_DEFAULT,2048,2048,2048,16,0,1048576,60,0,125.632,130.880,395.648,264.768,PASS,0
PHASEB_formal_rs_C0_DEFAULT_N2048_q16_rep1,3,4,3,sm_89,RS_SLICE_SERIAL,NCCL,C0_DEFAULT,2048,2048,2048,16,1,1048576,60,0,492.064,498.496,761.696,263.200,PASS,0
PHASEB_formal_rs_C0_DEFAULT_N2048_q16_rep1,3,4,3,sm_89,RS_SLICE_SERIAL,NCCL,C0_DEFAULT,2048,2048,2048,16,2,1048576,60,0,837.728,843.744,1106.752,263.008,PASS,0
PHASEB_formal_rs_C0_DEFAULT_N2048_q16_rep1,3,4,3,sm_89,RS_SLICE_SERIAL,NCCL,C0_DEFAULT,2048,2048,2048,16,3,1048576,60,0,1190.560,1195.904,1459.200,263.296,PASS,0
PHASEB_formal_rs_C0_DEFAULT_N2048_q16_rep1,3,4,3,sm_89,RS_SLICE_SERIAL,NCCL,C0_DEFAULT,2048,2048,2048,16,4,1048576,60,0,1538.304,1544.608,1806.400,261.792,PASS,0
PHASEB_formal_rs_C0_DEFAULT_N2048_q16_rep1,3,4,3,sm_89,RS_SLICE_SERIAL,NCCL,C0_DEFAULT,2048,2048,2048,16,5,1048576,60,0,1887.392,1892.832,2155.968,263.136,PASS,0
PHASEB_formal_rs_C0_DEFAULT_N2048_q16_rep1,3,4,3,sm_89,RS_SLICE_SERIAL,NCCL,C0_DEFAULT,2048,2048,2048,16,6,1048576,60,0,2237.024,2242.432,2505.408,262.976,PASS,0
PHASEB_formal_rs_C0_DEFAULT_N2048_q16_rep1,3,4,3,sm_89,RS_SLICE_SERIAL,NCCL,C0_DEFAULT,2048,2048,2048,16,7,1048576,60,0,2590.496,2595.968,2860.704,264.736,PASS,0
PHASEB_formal_rs_C0_DEFAULT_N2048_q16_rep1,3,4,3,sm_89,RS_SLICE_SERIAL,NCCL,C0_DEFAULT,2048,2048,2048,16,8,1048576,60,0,2941.664,2946.880,3213.088,266.208,PASS,0
PHASEB_formal_rs_C0_DEFAULT_N2048_q16_rep1,3,4,3,sm_89,RS_SLICE_SERIAL,NCCL,C0_DEFAULT,2048,2048,2048,16,9,1048576,60,0,3291.840,3298.464,3560.256,261.792,PASS,0
PHASEB_formal_rs_C0_DEFAULT_N2048_q16_rep1,3,4,3,sm_89,RS_SLICE_SERIAL,NCCL,C0_DEFAULT,2048,2048,2048,16,10,1048576,60,0,3642.656,3648.192,3910.720,262.528,PASS,0
PHASEB_formal_rs_C0_DEFAULT_N2048_q16_rep1,3,4,3,sm_89,RS_SLICE_SERIAL,NCCL,C0_DEFAULT,2048,2048,2048,16,11,1048576,60,0,3999.392,4004.736,4267.744,263.008,PASS,0
PHASEB_formal_rs_C0_DEFAULT_N2048_q16_rep1,3,4,3,sm_89,RS_SLICE_SERIAL,NCCL,C0_DEFAULT,2048,2048,2048,16,12,1048576,60,0,4361.376,4366.592,4627.936,261.344,PASS,0
PHASEB_formal_rs_C0_DEFAULT_N2048_q16_rep1,3,4,3,sm_89,RS_SLICE_SERIAL,NCCL,C0_DEFAULT,2048,2048,2048,16,13,1048576,60,0,4719.136,4724.448,4986.752,262.304,PASS,0
PHASEB_formal_rs_C0_DEFAULT_N2048_q16_rep1,3,4,3,sm_89,RS_SLICE_SERIAL,NCCL,C0_DEFAULT,2048,2048,2048,16,14,1048576,60,0,5073.600,5078.880,5341.024,262.144,PASS,0
PHASEB_formal_rs_C0_DEFAULT_N2048_q16_rep1,3,4,3,sm_89,RS_SLICE_SERIAL,NCCL,C0_DEFAULT,2048,2048,2048,16,15,1048576,60,0,5446.848,5453.696,5713.952,260.256,PASS,0
PHASEB_formal_rs_C0_DEFAULT_N2048_q16_rep1,3,4,3,sm_89,RS_SLICE_SERIAL,NCCL,C0_DEFAULT,2048,2048,2048,16,0,1048576,61,0,126.560,133.696,396.448,262.752,PASS,0
PHASEB_formal_rs_C0_DEFAULT_N2048_q16_rep1,3,4,3,sm_89,RS_SLICE_SERIAL,NCCL,C0_DEFAULT,2048,2048,2048,16,1,1048576,61,0,473.952,479.392,741.824,262.432,PASS,0
PHASEB_formal_rs_C0_DEFAULT_N2048_q16_rep1,3,4,3,sm_89,RS_SLICE_SERIAL,NCCL,C0_DEFAULT,2048,2048,2048,16,2,1048576,61,0,822.976,829.024,1092.512,263.488,PASS,0
PHASEB_formal_rs_C0_DEFAULT_N2048_q16_rep1,3,4,3,sm_89,RS_SLICE_SERIAL,NCCL,C0_DEFAULT,2048,2048,2048,16,3,1048576,61,0,1185.056,1190.528,1452.256,261.728,PASS,0
PHASEB_formal_rs_C0_DEFAULT_N2048_q16_rep1,3,4,3,sm_89,RS_SLICE_SERIAL,NCCL,C0_DEFAULT,2048,2048,2048,16,4,1048576,61,0,1553.280,1558.464,1819.712,261.248,PASS,0
PHASEB_formal_rs_C0_DEFAULT_N2048_q16_rep1,3,4,3,sm_89,RS_SLICE_SERIAL,NCCL,C0_DEFAULT,2048,2048,2048,16,5,1048576,61,0,1920.928,1926.144,2187.488,261.344,PASS,0
PHASEB_formal_rs_C0_DEFAULT_N2048_q16_rep1,3,4,3,sm_89,RS_SLICE_SERIAL,NCCL,C0_DEFAULT,2048,2048,2048,16,6,1048576,61,0,2281.696,2287.520,2552.256,264.736,PASS,0
PHASEB_formal_rs_C0_DEFAULT_N2048_q16_rep1,3,4,3,sm_89,RS_SLICE_SERIAL,NCCL,C0_DEFAULT,2048,2048,2048,16,7,1048576,61,0,2639.072,2645.696,2908.736,263.040,PASS,0
PHASEB_formal_rs_C0_DEFAULT_N2048_q16_rep1,3,4,3,sm_89,RS_SLICE_SERIAL,NCCL,C0_DEFAULT,2048,2048,2048,16,8,1048576,61,0,2990.464,2996.224,3260.448,264.224,PASS,0
PHASEB_formal_rs_C0_DEFAULT_N2048_q16_rep1,3,4,3,sm_89,RS_SLICE_SERIAL,NCCL,C0_DEFAULT,2048,2048,2048,16,9,1048576,61,0,3351.040,3356.448,3619.904,263.456,PASS,0
PHASEB_formal_rs_C0_DEFAULT_N2048_q16_rep1,3,4,3,sm_89,RS_SLICE_SERIAL,NCCL,C0_DEFAULT,2048,2048,2048,16,10,1048576,61,0,3704.160,3710.208,3973.568,263.360,PASS,0
PHASEB_formal_rs_C0_DEFAULT_N2048_q16_rep1,3,4,3,sm_89,RS_SLICE_SERIAL,NCCL,C0_DEFAULT,2048,2048,2048,16,11,1048576,61,0,4056.384,4062.432,4324.352,261.920,PASS,0
PHASEB_formal_rs_C0_DEFAULT_N2048_q16_rep1,3,4,3,sm_89,RS_SLICE_SERIAL,NCCL,C0_DEFAULT,2048,2048,2048,16,12,1048576,61,0,4417.568,4422.816,4685.248,262.432,PASS,0
PHASEB_formal_rs_C0_DEFAULT_N2048_q16_rep1,3,4,3,sm_89,RS_SLICE_SERIAL,NCCL,C0_DEFAULT,2048,2048,2048,16,13,1048576,61,0,4770.720,4776.064,5038.112,262.048,PASS,0
PHASEB_formal_rs_C0_DEFAULT_N2048_q16_rep1,3,4,3,sm_89,RS_SLICE_SERIAL,NCCL,C0_DEFAULT,2048,2048,2048,16,14,1048576,61,0,5131.776,5137.152,5401.472,264.320,PASS,0
PHASEB_formal_rs_C0_DEFAULT_N2048_q16_rep1,3,4,3,sm_89,RS_SLICE_SERIAL,NCCL,C0_DEFAULT,2048,2048,2048,16,15,1048576,61,0,5492.896,5499.616,5760.672,261.056,PASS,0
PHASEB_formal_rs_C0_DEFAULT_N2048_q16_rep1,3,4,3,sm_89,RS_SLICE_SERIAL,NCCL,C0_DEFAULT,2048,2048,2048,16,0,1048576,62,0,113.440,120.384,382.944,262.560,PASS,0
PHASEB_formal_rs_C0_DEFAULT_N2048_q16_rep1,3,4,3,sm_89,RS_SLICE_SERIAL,NCCL,C0_DEFAULT,2048,2048,2048,16,1,1048576,62,0,461.568,468.000,730.784,262.784,PASS,0
PHASEB_formal_rs_C0_DEFAULT_N2048_q16_rep1,3,4,3,sm_89,RS_SLICE_SERIAL,NCCL,C0_DEFAULT,2048,2048,2048,16,2,1048576,62,0,815.168,821.024,1085.344,264.320,PASS,0
PHASEB_formal_rs_C0_DEFAULT_N2048_q16_rep1,3,4,3,sm_89,RS_SLICE_SERIAL,NCCL,C0_DEFAULT,2048,2048,2048,16,3,1048576,62,0,1166.496,1172.480,1435.808,263.328,PASS,0
PHASEB_formal_rs_C0_DEFAULT_N2048_q16_rep1,3,4,3,sm_89,RS_SLICE_SERIAL,NCCL,C0_DEFAULT,2048,2048,2048,16,4,1048576,62,0,1526.592,1532.448,1796.960,264.512,PASS,0
PHASEB_formal_rs_C0_DEFAULT_N2048_q16_rep1,3,4,3,sm_89,RS_SLICE_SERIAL,NCCL,C0_DEFAULT,2048,2048,2048,16,5,1048576,62,0,1889.728,1895.808,2159.264,263.456,PASS,0
PHASEB_formal_rs_C0_DEFAULT_N2048_q16_rep1,3,4,3,sm_89,RS_SLICE_SERIAL,NCCL,C0_DEFAULT,2048,2048,2048,16,6,1048576,62,0,2242.880,2248.896,2512.096,263.200,PASS,0
PHASEB_formal_rs_C0_DEFAULT_N2048_q16_rep1,3,4,3,sm_89,RS_SLICE_SERIAL,NCCL,C0_DEFAULT,2048,2048,2048,16,7,1048576,62,0,2593.920,2600.000,2862.496,262.496,PASS,0
PHASEB_formal_rs_C0_DEFAULT_N2048_q16_rep1,3,4,3,sm_89,RS_SLICE_SERIAL,NCCL,C0_DEFAULT,2048,2048,2048,16,8,1048576,62,0,2952.288,2957.760,3221.184,263.424,PASS,0
PHASEB_formal_rs_C0_DEFAULT_N2048_q16_rep1,3,4,3,sm_89,RS_SLICE_SERIAL,NCCL,C0_DEFAULT,2048,2048,2048,16,9,1048576,62,0,3301.920,3307.264,3571.808,264.544,PASS,0
PHASEB_formal_rs_C0_DEFAULT_N2048_q16_rep1,3,4,3,sm_89,RS_SLICE_SERIAL,NCCL,C0_DEFAULT,2048,2048,2048,16,10,1048576,62,0,3654.944,3660.352,3923.104,262.752,PASS,0
PHASEB_formal_rs_C0_DEFAULT_N2048_q16_rep1,3,4,3,sm_89,RS_SLICE_SERIAL,NCCL,C0_DEFAULT,2048,2048,2048,16,11,1048576,62,0,4006.336,4012.000,4274.368,262.368,PASS,0
PHASEB_formal_rs_C0_DEFAULT_N2048_q16_rep1,3,4,3,sm_89,RS_SLICE_SERIAL,NCCL,C0_DEFAULT,2048,2048,2048,16,12,1048576,62,0,4360.256,4365.984,4630.048,264.064,PASS,0
PHASEB_formal_rs_C0_DEFAULT_N2048_q16_rep1,3,4,3,sm_89,RS_SLICE_SERIAL,NCCL,C0_DEFAULT,2048,2048,2048,16,13,1048576,62,0,4736.352,4743.104,5006.688,263.584,PASS,0
PHASEB_formal_rs_C0_DEFAULT_N2048_q16_rep1,3,4,3,sm_89,RS_SLICE_SERIAL,NCCL,C0_DEFAULT,2048,2048,2048,16,14,1048576,62,0,5101.056,5106.400,5367.744,261.344,PASS,0
PHASEB_formal_rs_C0_DEFAULT_N2048_q16_rep1,3,4,3,sm_89,RS_SLICE_SERIAL,NCCL,C0_DEFAULT,2048,2048,2048,16,15,1048576,62,0,5474.944,5481.888,5742.048,260.160,PASS,0
PHASEB_formal_rs_C0_DEFAULT_N2048_q16_rep1,3,4,3,sm_89,RS_SLICE_SERIAL,NCCL,C0_DEFAULT,2048,2048,2048,16,0,1048576,63,0,121.824,128.864,391.808,262.944,PASS,0
PHASEB_formal_rs_C0_DEFAULT_N2048_q16_rep1,3,4,3,sm_89,RS_SLICE_SERIAL,NCCL,C0_DEFAULT,2048,2048,2048,16,1,1048576,63,0,496.992,502.464,765.952,263.488,PASS,0
PHASEB_formal_rs_C0_DEFAULT_N2048_q16_rep1,3,4,3,sm_89,RS_SLICE_SERIAL,NCCL,C0_DEFAULT,2048,2048,2048,16,2,1048576,63,0,847.648,853.088,1117.632,264.544,PASS,0
PHASEB_formal_rs_C0_DEFAULT_N2048_q16_rep1,3,4,3,sm_89,RS_SLICE_SERIAL,NCCL,C0_DEFAULT,2048,2048,2048,16,3,1048576,63,0,1198.272,1204.864,1468.736,263.872,PASS,0
PHASEB_formal_rs_C0_DEFAULT_N2048_q16_rep1,3,4,3,sm_89,RS_SLICE_SERIAL,NCCL,C0_DEFAULT,2048,2048,2048,16,4,1048576,63,0,1549.408,1555.168,1817.600,262.432,PASS,0
PHASEB_formal_rs_C0_DEFAULT_N2048_q16_rep1,3,4,3,sm_89,RS_SLICE_SERIAL,NCCL,C0_DEFAULT,2048,2048,2048,16,5,1048576,63,0,1909.536,1915.584,2179.936,264.352,PASS,0
PHASEB_formal_rs_C0_DEFAULT_N2048_q16_rep1,3,4,3,sm_89,RS_SLICE_SERIAL,NCCL,C0_DEFAULT,2048,2048,2048,16,6,1048576,63,0,2277.952,2283.808,2545.472,261.664,PASS,0
PHASEB_formal_rs_C0_DEFAULT_N2048_q16_rep1,3,4,3,sm_89,RS_SLICE_SERIAL,NCCL,C0_DEFAULT,2048,2048,2048,16,7,1048576,63,0,2639.616,2644.864,2908.352,263.488,PASS,0
PHASEB_formal_rs_C0_DEFAULT_N2048_q16_rep1,3,4,3,sm_89,RS_SLICE_SERIAL,NCCL,C0_DEFAULT,2048,2048,2048,16,8,1048576,63,0,2987.872,2993.856,3257.248,263.392,PASS,0
PHASEB_formal_rs_C0_DEFAULT_N2048_q16_rep1,3,4,3,sm_89,RS_SLICE_SERIAL,NCCL,C0_DEFAULT,2048,2048,2048,16,9,1048576,63,0,3348.640,3354.016,3617.152,263.136,PASS,0
PHASEB_formal_rs_C0_DEFAULT_N2048_q16_rep1,3,4,3,sm_89,RS_SLICE_SERIAL,NCCL,C0_DEFAULT,2048,2048,2048,16,10,1048576,63,0,3700.416,3706.432,3969.760,263.328,PASS,0
PHASEB_formal_rs_C0_DEFAULT_N2048_q16_rep1,3,4,3,sm_89,RS_SLICE_SERIAL,NCCL,C0_DEFAULT,2048,2048,2048,16,11,1048576,63,0,4069.920,4076.064,4341.024,264.960,PASS,0
PHASEB_formal_rs_C0_DEFAULT_N2048_q16_rep1,3,4,3,sm_89,RS_SLICE_SERIAL,NCCL,C0_DEFAULT,2048,2048,2048,16,12,1048576,63,0,4421.760,4427.264,4690.272,263.008,PASS,0
PHASEB_formal_rs_C0_DEFAULT_N2048_q16_rep1,3,4,3,sm_89,RS_SLICE_SERIAL,NCCL,C0_DEFAULT,2048,2048,2048,16,13,1048576,63,0,4783.008,4788.352,5051.040,262.688,PASS,0
PHASEB_formal_rs_C0_DEFAULT_N2048_q16_rep1,3,4,3,sm_89,RS_SLICE_SERIAL,NCCL,C0_DEFAULT,2048,2048,2048,16,14,1048576,63,0,5140.384,5145.632,5407.936,262.304,PASS,0
PHASEB_formal_rs_C0_DEFAULT_N2048_q16_rep1,3,4,3,sm_89,RS_SLICE_SERIAL,NCCL,C0_DEFAULT,2048,2048,2048,16,15,1048576,63,0,5490.656,5497.408,5758.272,260.864,PASS,0
PHASEB_formal_rs_C0_DEFAULT_N2048_q16_rep1,3,4,3,sm_89,RS_SLICE_SERIAL,NCCL,C0_DEFAULT,2048,2048,2048,16,0,1048576,64,0,118.048,125.344,390.176,264.832,PASS,0
PHASEB_formal_rs_C0_DEFAULT_N2048_q16_rep1,3,4,3,sm_89,RS_SLICE_SERIAL,NCCL,C0_DEFAULT,2048,2048,2048,16,1,1048576,64,0,469.344,475.456,736.608,261.152,PASS,0
PHASEB_formal_rs_C0_DEFAULT_N2048_q16_rep1,3,4,3,sm_89,RS_SLICE_SERIAL,NCCL,C0_DEFAULT,2048,2048,2048,16,2,1048576,64,0,827.744,833.280,1094.752,261.472,PASS,0
PHASEB_formal_rs_C0_DEFAULT_N2048_q16_rep1,3,4,3,sm_89,RS_SLICE_SERIAL,NCCL,C0_DEFAULT,2048,2048,2048,16,3,1048576,64,0,1172.864,1178.112,1439.904,261.792,PASS,0
PHASEB_formal_rs_C0_DEFAULT_N2048_q16_rep1,3,4,3,sm_89,RS_SLICE_SERIAL,NCCL,C0_DEFAULT,2048,2048,2048,16,4,1048576,64,0,1523.296,1529.216,1792.384,263.168,PASS,0
PHASEB_formal_rs_C0_DEFAULT_N2048_q16_rep1,3,4,3,sm_89,RS_SLICE_SERIAL,NCCL,C0_DEFAULT,2048,2048,2048,16,5,1048576,64,0,1886.336,1892.352,2154.784,262.432,PASS,0
PHASEB_formal_rs_C0_DEFAULT_N2048_q16_rep1,3,4,3,sm_89,RS_SLICE_SERIAL,NCCL,C0_DEFAULT,2048,2048,2048,16,6,1048576,64,0,2235.904,2241.152,2503.584,262.432,PASS,0
PHASEB_formal_rs_C0_DEFAULT_N2048_q16_rep1,3,4,3,sm_89,RS_SLICE_SERIAL,NCCL,C0_DEFAULT,2048,2048,2048,16,7,1048576,64,0,2595.584,2601.568,2864.960,263.392,PASS,0
PHASEB_formal_rs_C0_DEFAULT_N2048_q16_rep1,3,4,3,sm_89,RS_SLICE_SERIAL,NCCL,C0_DEFAULT,2048,2048,2048,16,8,1048576,64,0,2946.848,2952.160,3216.000,263.840,PASS,0
PHASEB_formal_rs_C0_DEFAULT_N2048_q16_rep1,3,4,3,sm_89,RS_SLICE_SERIAL,NCCL,C0_DEFAULT,2048,2048,2048,16,9,1048576,64,0,3301.792,3307.840,3571.840,264.000,PASS,0
PHASEB_formal_rs_C0_DEFAULT_N2048_q16_rep1,3,4,3,sm_89,RS_SLICE_SERIAL,NCCL,C0_DEFAULT,2048,2048,2048,16,10,1048576,64,0,3663.968,3669.664,3932.800,263.136,PASS,0
PHASEB_formal_rs_C0_DEFAULT_N2048_q16_rep1,3,4,3,sm_89,RS_SLICE_SERIAL,NCCL,C0_DEFAULT,2048,2048,2048,16,11,1048576,64,0,4011.136,4016.416,4278.592,262.176,PASS,0
PHASEB_formal_rs_C0_DEFAULT_N2048_q16_rep1,3,4,3,sm_89,RS_SLICE_SERIAL,NCCL,C0_DEFAULT,2048,2048,2048,16,12,1048576,64,0,4375.808,4381.056,4643.360,262.304,PASS,0
PHASEB_formal_rs_C0_DEFAULT_N2048_q16_rep1,3,4,3,sm_89,RS_SLICE_SERIAL,NCCL,C0_DEFAULT,2048,2048,2048,16,13,1048576,64,0,4748.704,4754.784,5015.424,260.640,PASS,0
PHASEB_formal_rs_C0_DEFAULT_N2048_q16_rep1,3,4,3,sm_89,RS_SLICE_SERIAL,NCCL,C0_DEFAULT,2048,2048,2048,16,14,1048576,64,0,5099.328,5104.640,5366.336,261.696,PASS,0
PHASEB_formal_rs_C0_DEFAULT_N2048_q16_rep1,3,4,3,sm_89,RS_SLICE_SERIAL,NCCL,C0_DEFAULT,2048,2048,2048,16,15,1048576,64,0,5457.440,5464.320,5724.224,259.904,PASS,0
PHASEB_formal_rs_C0_DEFAULT_N2048_q16_rep1,3,4,3,sm_89,RS_SLICE_SERIAL,NCCL,C0_DEFAULT,2048,2048,2048,16,0,1048576,65,0,122.656,130.048,394.112,264.064,PASS,0
PHASEB_formal_rs_C0_DEFAULT_N2048_q16_rep1,3,4,3,sm_89,RS_SLICE_SERIAL,NCCL,C0_DEFAULT,2048,2048,2048,16,1,1048576,65,0,471.424,476.736,737.760,261.024,PASS,0
PHASEB_formal_rs_C0_DEFAULT_N2048_q16_rep1,3,4,3,sm_89,RS_SLICE_SERIAL,NCCL,C0_DEFAULT,2048,2048,2048,16,2,1048576,65,0,829.856,835.520,1098.976,263.456,PASS,0
PHASEB_formal_rs_C0_DEFAULT_N2048_q16_rep1,3,4,3,sm_89,RS_SLICE_SERIAL,NCCL,C0_DEFAULT,2048,2048,2048,16,3,1048576,65,0,1199.776,1205.792,1467.456,261.664,PASS,0
PHASEB_formal_rs_C0_DEFAULT_N2048_q16_rep1,3,4,3,sm_89,RS_SLICE_SERIAL,NCCL,C0_DEFAULT,2048,2048,2048,16,4,1048576,65,0,1547.840,1553.856,1815.776,261.920,PASS,0
PHASEB_formal_rs_C0_DEFAULT_N2048_q16_rep1,3,4,3,sm_89,RS_SLICE_SERIAL,NCCL,C0_DEFAULT,2048,2048,2048,16,5,1048576,65,0,1898.208,1903.808,2167.552,263.744,PASS,0
PHASEB_formal_rs_C0_DEFAULT_N2048_q16_rep1,3,4,3,sm_89,RS_SLICE_SERIAL,NCCL,C0_DEFAULT,2048,2048,2048,16,6,1048576,65,0,2257.856,2263.552,2529.280,265.728,PASS,0
PHASEB_formal_rs_C0_DEFAULT_N2048_q16_rep1,3,4,3,sm_89,RS_SLICE_SERIAL,NCCL,C0_DEFAULT,2048,2048,2048,16,7,1048576,65,0,2621.760,2627.808,2892.224,264.416,PASS,0
PHASEB_formal_rs_C0_DEFAULT_N2048_q16_rep1,3,4,3,sm_89,RS_SLICE_SERIAL,NCCL,C0_DEFAULT,2048,2048,2048,16,8,1048576,65,0,2981.440,2987.200,3251.456,264.256,PASS,0
PHASEB_formal_rs_C0_DEFAULT_N2048_q16_rep1,3,4,3,sm_89,RS_SLICE_SERIAL,NCCL,C0_DEFAULT,2048,2048,2048,16,9,1048576,65,0,3330.016,3335.840,3600.000,264.160,PASS,0
PHASEB_formal_rs_C0_DEFAULT_N2048_q16_rep1,3,4,3,sm_89,RS_SLICE_SERIAL,NCCL,C0_DEFAULT,2048,2048,2048,16,10,1048576,65,0,3681.664,3687.008,3951.136,264.128,PASS,0
PHASEB_formal_rs_C0_DEFAULT_N2048_q16_rep1,3,4,3,sm_89,RS_SLICE_SERIAL,NCCL,C0_DEFAULT,2048,2048,2048,16,11,1048576,65,0,4028.480,4034.048,4296.864,262.816,PASS,0
PHASEB_formal_rs_C0_DEFAULT_N2048_q16_rep1,3,4,3,sm_89,RS_SLICE_SERIAL,NCCL,C0_DEFAULT,2048,2048,2048,16,12,1048576,65,0,4406.528,4411.808,4674.272,262.464,PASS,0
PHASEB_formal_rs_C0_DEFAULT_N2048_q16_rep1,3,4,3,sm_89,RS_SLICE_SERIAL,NCCL,C0_DEFAULT,2048,2048,2048,16,13,1048576,65,0,4770.560,4775.840,5040.416,264.576,PASS,0
PHASEB_formal_rs_C0_DEFAULT_N2048_q16_rep1,3,4,3,sm_89,RS_SLICE_SERIAL,NCCL,C0_DEFAULT,2048,2048,2048,16,14,1048576,65,0,5120.800,5126.304,5391.104,264.800,PASS,0
PHASEB_formal_rs_C0_DEFAULT_N2048_q16_rep1,3,4,3,sm_89,RS_SLICE_SERIAL,NCCL,C0_DEFAULT,2048,2048,2048,16,15,1048576,65,0,5467.104,5473.952,5734.336,260.384,PASS,0
PHASEB_formal_rs_C0_DEFAULT_N2048_q16_rep1,3,4,3,sm_89,RS_SLICE_SERIAL,NCCL,C0_DEFAULT,2048,2048,2048,16,0,1048576,66,0,113.952,121.344,385.408,264.064,PASS,0
PHASEB_formal_rs_C0_DEFAULT_N2048_q16_rep1,3,4,3,sm_89,RS_SLICE_SERIAL,NCCL,C0_DEFAULT,2048,2048,2048,16,1,1048576,66,0,468.512,474.016,737.728,263.712,PASS,0
PHASEB_formal_rs_C0_DEFAULT_N2048_q16_rep1,3,4,3,sm_89,RS_SLICE_SERIAL,NCCL,C0_DEFAULT,2048,2048,2048,16,2,1048576,66,0,813.856,819.520,1083.136,263.616,PASS,0
PHASEB_formal_rs_C0_DEFAULT_N2048_q16_rep1,3,4,3,sm_89,RS_SLICE_SERIAL,NCCL,C0_DEFAULT,2048,2048,2048,16,3,1048576,66,0,1162.752,1167.968,1431.680,263.712,PASS,0
PHASEB_formal_rs_C0_DEFAULT_N2048_q16_rep1,3,4,3,sm_89,RS_SLICE_SERIAL,NCCL,C0_DEFAULT,2048,2048,2048,16,4,1048576,66,0,1526.912,1532.416,1796.000,263.584,PASS,0
PHASEB_formal_rs_C0_DEFAULT_N2048_q16_rep1,3,4,3,sm_89,RS_SLICE_SERIAL,NCCL,C0_DEFAULT,2048,2048,2048,16,5,1048576,66,0,1879.104,1885.216,2149.152,263.936,PASS,0
PHASEB_formal_rs_C0_DEFAULT_N2048_q16_rep1,3,4,3,sm_89,RS_SLICE_SERIAL,NCCL,C0_DEFAULT,2048,2048,2048,16,6,1048576,66,0,2230.528,2235.968,2499.680,263.712,PASS,0
PHASEB_formal_rs_C0_DEFAULT_N2048_q16_rep1,3,4,3,sm_89,RS_SLICE_SERIAL,NCCL,C0_DEFAULT,2048,2048,2048,16,7,1048576,66,0,2589.024,2594.528,2857.920,263.392,PASS,0
PHASEB_formal_rs_C0_DEFAULT_N2048_q16_rep1,3,4,3,sm_89,RS_SLICE_SERIAL,NCCL,C0_DEFAULT,2048,2048,2048,16,8,1048576,66,0,2946.400,2951.744,3216.224,264.480,PASS,0
PHASEB_formal_rs_C0_DEFAULT_N2048_q16_rep1,3,4,3,sm_89,RS_SLICE_SERIAL,NCCL,C0_DEFAULT,2048,2048,2048,16,9,1048576,66,0,3308.000,3313.888,3576.256,262.368,PASS,0
PHASEB_formal_rs_C0_DEFAULT_N2048_q16_rep1,3,4,3,sm_89,RS_SLICE_SERIAL,NCCL,C0_DEFAULT,2048,2048,2048,16,10,1048576,66,0,3654.048,3659.872,3923.776,263.904,PASS,0
PHASEB_formal_rs_C0_DEFAULT_N2048_q16_rep1,3,4,3,sm_89,RS_SLICE_SERIAL,NCCL,C0_DEFAULT,2048,2048,2048,16,11,1048576,66,0,4004.320,4009.760,4272.992,263.232,PASS,0
PHASEB_formal_rs_C0_DEFAULT_N2048_q16_rep1,3,4,3,sm_89,RS_SLICE_SERIAL,NCCL,C0_DEFAULT,2048,2048,2048,16,12,1048576,66,0,4358.816,4364.320,4629.408,265.088,PASS,0
PHASEB_formal_rs_C0_DEFAULT_N2048_q16_rep1,3,4,3,sm_89,RS_SLICE_SERIAL,NCCL,C0_DEFAULT,2048,2048,2048,16,13,1048576,66,0,4722.080,4728.160,4990.304,262.144,PASS,0
PHASEB_formal_rs_C0_DEFAULT_N2048_q16_rep1,3,4,3,sm_89,RS_SLICE_SERIAL,NCCL,C0_DEFAULT,2048,2048,2048,16,14,1048576,66,0,5073.472,5078.688,5341.696,263.008,PASS,0
PHASEB_formal_rs_C0_DEFAULT_N2048_q16_rep1,3,4,3,sm_89,RS_SLICE_SERIAL,NCCL,C0_DEFAULT,2048,2048,2048,16,15,1048576,66,0,5434.368,5441.184,5701.184,260.000,PASS,0
PHASEB_formal_rs_C0_DEFAULT_N2048_q16_rep1,3,4,3,sm_89,RS_SLICE_SERIAL,NCCL,C0_DEFAULT,2048,2048,2048,16,0,1048576,67,0,121.696,128.864,392.704,263.840,PASS,0
PHASEB_formal_rs_C0_DEFAULT_N2048_q16_rep1,3,4,3,sm_89,RS_SLICE_SERIAL,NCCL,C0_DEFAULT,2048,2048,2048,16,1,1048576,67,0,467.328,472.736,736.096,263.360,PASS,0
PHASEB_formal_rs_C0_DEFAULT_N2048_q16_rep1,3,4,3,sm_89,RS_SLICE_SERIAL,NCCL,C0_DEFAULT,2048,2048,2048,16,2,1048576,67,0,817.632,822.880,1086.752,263.872,PASS,0
PHASEB_formal_rs_C0_DEFAULT_N2048_q16_rep1,3,4,3,sm_89,RS_SLICE_SERIAL,NCCL,C0_DEFAULT,2048,2048,2048,16,3,1048576,67,0,1168.640,1174.560,1438.752,264.192,PASS,0
PHASEB_formal_rs_C0_DEFAULT_N2048_q16_rep1,3,4,3,sm_89,RS_SLICE_SERIAL,NCCL,C0_DEFAULT,2048,2048,2048,16,4,1048576,67,0,1524.960,1530.496,1792.256,261.760,PASS,0
PHASEB_formal_rs_C0_DEFAULT_N2048_q16_rep1,3,4,3,sm_89,RS_SLICE_SERIAL,NCCL,C0_DEFAULT,2048,2048,2048,16,5,1048576,67,0,1886.048,1891.296,2153.664,262.368,PASS,0
PHASEB_formal_rs_C0_DEFAULT_N2048_q16_rep1,3,4,3,sm_89,RS_SLICE_SERIAL,NCCL,C0_DEFAULT,2048,2048,2048,16,6,1048576,67,0,2246.592,2252.000,2512.928,260.928,PASS,0
PHASEB_formal_rs_C0_DEFAULT_N2048_q16_rep1,3,4,3,sm_89,RS_SLICE_SERIAL,NCCL,C0_DEFAULT,2048,2048,2048,16,7,1048576,67,0,2604.096,2609.792,2873.856,264.064,PASS,0
PHASEB_formal_rs_C0_DEFAULT_N2048_q16_rep1,3,4,3,sm_89,RS_SLICE_SERIAL,NCCL,C0_DEFAULT,2048,2048,2048,16,8,1048576,67,0,2961.504,2967.328,3229.952,262.624,PASS,0
PHASEB_formal_rs_C0_DEFAULT_N2048_q16_rep1,3,4,3,sm_89,RS_SLICE_SERIAL,NCCL,C0_DEFAULT,2048,2048,2048,16,9,1048576,67,0,3309.888,3315.424,3578.880,263.456,PASS,0
PHASEB_formal_rs_C0_DEFAULT_N2048_q16_rep1,3,4,3,sm_89,RS_SLICE_SERIAL,NCCL,C0_DEFAULT,2048,2048,2048,16,10,1048576,67,0,3662.336,3668.480,3932.768,264.288,PASS,0
PHASEB_formal_rs_C0_DEFAULT_N2048_q16_rep1,3,4,3,sm_89,RS_SLICE_SERIAL,NCCL,C0_DEFAULT,2048,2048,2048,16,11,1048576,67,0,4011.616,4017.696,4279.008,261.312,PASS,0
PHASEB_formal_rs_C0_DEFAULT_N2048_q16_rep1,3,4,3,sm_89,RS_SLICE_SERIAL,NCCL,C0_DEFAULT,2048,2048,2048,16,12,1048576,67,0,4360.160,4365.408,4628.288,262.880,PASS,0
PHASEB_formal_rs_C0_DEFAULT_N2048_q16_rep1,3,4,3,sm_89,RS_SLICE_SERIAL,NCCL,C0_DEFAULT,2048,2048,2048,16,13,1048576,67,0,4733.600,4738.944,5002.400,263.456,PASS,0
PHASEB_formal_rs_C0_DEFAULT_N2048_q16_rep1,3,4,3,sm_89,RS_SLICE_SERIAL,NCCL,C0_DEFAULT,2048,2048,2048,16,14,1048576,67,0,5079.552,5084.800,5347.648,262.848,PASS,0
PHASEB_formal_rs_C0_DEFAULT_N2048_q16_rep1,3,4,3,sm_89,RS_SLICE_SERIAL,NCCL,C0_DEFAULT,2048,2048,2048,16,15,1048576,67,0,5439.104,5445.856,5706.944,261.088,PASS,0
PHASEB_formal_rs_C0_DEFAULT_N2048_q16_rep1,3,4,3,sm_89,RS_SLICE_SERIAL,NCCL,C0_DEFAULT,2048,2048,2048,16,0,1048576,68,0,136.800,144.064,407.392,263.328,PASS,0
PHASEB_formal_rs_C0_DEFAULT_N2048_q16_rep1,3,4,3,sm_89,RS_SLICE_SERIAL,NCCL,C0_DEFAULT,2048,2048,2048,16,1,1048576,68,0,483.680,489.824,751.968,262.144,PASS,0
PHASEB_formal_rs_C0_DEFAULT_N2048_q16_rep1,3,4,3,sm_89,RS_SLICE_SERIAL,NCCL,C0_DEFAULT,2048,2048,2048,16,2,1048576,68,0,838.752,844.224,1106.112,261.888,PASS,0
PHASEB_formal_rs_C0_DEFAULT_N2048_q16_rep1,3,4,3,sm_89,RS_SLICE_SERIAL,NCCL,C0_DEFAULT,2048,2048,2048,16,3,1048576,68,0,1183.840,1189.920,1452.832,262.912,PASS,0
PHASEB_formal_rs_C0_DEFAULT_N2048_q16_rep1,3,4,3,sm_89,RS_SLICE_SERIAL,NCCL,C0_DEFAULT,2048,2048,2048,16,4,1048576,68,0,1552.928,1558.272,1820.608,262.336,PASS,0
PHASEB_formal_rs_C0_DEFAULT_N2048_q16_rep1,3,4,3,sm_89,RS_SLICE_SERIAL,NCCL,C0_DEFAULT,2048,2048,2048,16,5,1048576,68,0,1906.176,1912.416,2176.288,263.872,PASS,0
PHASEB_formal_rs_C0_DEFAULT_N2048_q16_rep1,3,4,3,sm_89,RS_SLICE_SERIAL,NCCL,C0_DEFAULT,2048,2048,2048,16,6,1048576,68,0,2263.552,2268.960,2532.352,263.392,PASS,0
PHASEB_formal_rs_C0_DEFAULT_N2048_q16_rep1,3,4,3,sm_89,RS_SLICE_SERIAL,NCCL,C0_DEFAULT,2048,2048,2048,16,7,1048576,68,0,2624.928,2630.464,2893.920,263.456,PASS,0
PHASEB_formal_rs_C0_DEFAULT_N2048_q16_rep1,3,4,3,sm_89,RS_SLICE_SERIAL,NCCL,C0_DEFAULT,2048,2048,2048,16,8,1048576,68,0,2975.872,2981.376,3244.160,262.784,PASS,0
PHASEB_formal_rs_C0_DEFAULT_N2048_q16_rep1,3,4,3,sm_89,RS_SLICE_SERIAL,NCCL,C0_DEFAULT,2048,2048,2048,16,9,1048576,68,0,3321.312,3327.712,3591.456,263.744,PASS,0
PHASEB_formal_rs_C0_DEFAULT_N2048_q16_rep1,3,4,3,sm_89,RS_SLICE_SERIAL,NCCL,C0_DEFAULT,2048,2048,2048,16,10,1048576,68,0,3679.072,3684.288,3947.744,263.456,PASS,0
PHASEB_formal_rs_C0_DEFAULT_N2048_q16_rep1,3,4,3,sm_89,RS_SLICE_SERIAL,NCCL,C0_DEFAULT,2048,2048,2048,16,11,1048576,68,0,4029.120,4034.368,4295.392,261.024,PASS,0
PHASEB_formal_rs_C0_DEFAULT_N2048_q16_rep1,3,4,3,sm_89,RS_SLICE_SERIAL,NCCL,C0_DEFAULT,2048,2048,2048,16,12,1048576,68,0,4378.880,4384.704,4647.040,262.336,PASS,0
PHASEB_formal_rs_C0_DEFAULT_N2048_q16_rep1,3,4,3,sm_89,RS_SLICE_SERIAL,NCCL,C0_DEFAULT,2048,2048,2048,16,13,1048576,68,0,4735.040,4740.320,5002.368,262.048,PASS,0
PHASEB_formal_rs_C0_DEFAULT_N2048_q16_rep1,3,4,3,sm_89,RS_SLICE_SERIAL,NCCL,C0_DEFAULT,2048,2048,2048,16,14,1048576,68,0,5083.808,5089.120,5351.136,262.016,PASS,0
PHASEB_formal_rs_C0_DEFAULT_N2048_q16_rep1,3,4,3,sm_89,RS_SLICE_SERIAL,NCCL,C0_DEFAULT,2048,2048,2048,16,15,1048576,68,0,5440.608,5447.456,5707.168,259.712,PASS,0
PHASEB_formal_rs_C0_DEFAULT_N2048_q16_rep1,3,4,3,sm_89,RS_SLICE_SERIAL,NCCL,C0_DEFAULT,2048,2048,2048,16,0,1048576,69,0,117.888,124.960,388.256,263.296,PASS,0
PHASEB_formal_rs_C0_DEFAULT_N2048_q16_rep1,3,4,3,sm_89,RS_SLICE_SERIAL,NCCL,C0_DEFAULT,2048,2048,2048,16,1,1048576,69,0,474.240,479.904,742.976,263.072,PASS,0
PHASEB_formal_rs_C0_DEFAULT_N2048_q16_rep1,3,4,3,sm_89,RS_SLICE_SERIAL,NCCL,C0_DEFAULT,2048,2048,2048,16,2,1048576,69,0,820.128,825.824,1088.896,263.072,PASS,0
PHASEB_formal_rs_C0_DEFAULT_N2048_q16_rep1,3,4,3,sm_89,RS_SLICE_SERIAL,NCCL,C0_DEFAULT,2048,2048,2048,16,3,1048576,69,0,1201.248,1206.816,1470.784,263.968,PASS,0
PHASEB_formal_rs_C0_DEFAULT_N2048_q16_rep1,3,4,3,sm_89,RS_SLICE_SERIAL,NCCL,C0_DEFAULT,2048,2048,2048,16,4,1048576,69,0,1547.200,1552.736,1814.720,261.984,PASS,0
PHASEB_formal_rs_C0_DEFAULT_N2048_q16_rep1,3,4,3,sm_89,RS_SLICE_SERIAL,NCCL,C0_DEFAULT,2048,2048,2048,16,5,1048576,69,0,1904.768,1910.304,2173.568,263.264,PASS,0
PHASEB_formal_rs_C0_DEFAULT_N2048_q16_rep1,3,4,3,sm_89,RS_SLICE_SERIAL,NCCL,C0_DEFAULT,2048,2048,2048,16,6,1048576,69,0,2256.288,2261.664,2525.408,263.744,PASS,0
PHASEB_formal_rs_C0_DEFAULT_N2048_q16_rep1,3,4,3,sm_89,RS_SLICE_SERIAL,NCCL,C0_DEFAULT,2048,2048,2048,16,7,1048576,69,0,2620.768,2626.688,2890.944,264.256,PASS,0
PHASEB_formal_rs_C0_DEFAULT_N2048_q16_rep1,3,4,3,sm_89,RS_SLICE_SERIAL,NCCL,C0_DEFAULT,2048,2048,2048,16,8,1048576,69,0,2974.176,2980.032,3242.848,262.816,PASS,0
PHASEB_formal_rs_C0_DEFAULT_N2048_q16_rep1,3,4,3,sm_89,RS_SLICE_SERIAL,NCCL,C0_DEFAULT,2048,2048,2048,16,9,1048576,69,0,3330.432,3336.384,3600.704,264.320,PASS,0
PHASEB_formal_rs_C0_DEFAULT_N2048_q16_rep1,3,4,3,sm_89,RS_SLICE_SERIAL,NCCL,C0_DEFAULT,2048,2048,2048,16,10,1048576,69,0,3689.056,3694.528,3958.048,263.520,PASS,0
PHASEB_formal_rs_C0_DEFAULT_N2048_q16_rep1,3,4,3,sm_89,RS_SLICE_SERIAL,NCCL,C0_DEFAULT,2048,2048,2048,16,11,1048576,69,0,4038.432,4044.096,4306.336,262.240,PASS,0
PHASEB_formal_rs_C0_DEFAULT_N2048_q16_rep1,3,4,3,sm_89,RS_SLICE_SERIAL,NCCL,C0_DEFAULT,2048,2048,2048,16,12,1048576,69,0,4385.440,4390.720,4652.256,261.536,PASS,0
PHASEB_formal_rs_C0_DEFAULT_N2048_q16_rep1,3,4,3,sm_89,RS_SLICE_SERIAL,NCCL,C0_DEFAULT,2048,2048,2048,16,13,1048576,69,0,4743.840,4749.440,5012.672,263.232,PASS,0
PHASEB_formal_rs_C0_DEFAULT_N2048_q16_rep1,3,4,3,sm_89,RS_SLICE_SERIAL,NCCL,C0_DEFAULT,2048,2048,2048,16,14,1048576,69,0,5102.720,5108.352,5372.064,263.712,PASS,0
PHASEB_formal_rs_C0_DEFAULT_N2048_q16_rep1,3,4,3,sm_89,RS_SLICE_SERIAL,NCCL,C0_DEFAULT,2048,2048,2048,16,15,1048576,69,0,5450.144,5456.960,5717.952,260.992,PASS,0
PHASEB_formal_rs_C0_DEFAULT_N2048_q16_rep1,3,4,3,sm_89,RS_SLICE_SERIAL,NCCL,C0_DEFAULT,2048,2048,2048,16,0,1048576,70,0,114.272,121.568,386.432,264.864,PASS,0
PHASEB_formal_rs_C0_DEFAULT_N2048_q16_rep1,3,4,3,sm_89,RS_SLICE_SERIAL,NCCL,C0_DEFAULT,2048,2048,2048,16,1,1048576,70,0,466.912,472.320,735.136,262.816,PASS,0
PHASEB_formal_rs_C0_DEFAULT_N2048_q16_rep1,3,4,3,sm_89,RS_SLICE_SERIAL,NCCL,C0_DEFAULT,2048,2048,2048,16,2,1048576,70,0,822.816,828.192,1091.712,263.520,PASS,0
PHASEB_formal_rs_C0_DEFAULT_N2048_q16_rep1,3,4,3,sm_89,RS_SLICE_SERIAL,NCCL,C0_DEFAULT,2048,2048,2048,16,3,1048576,70,0,1173.952,1180.192,1444.480,264.288,PASS,0
PHASEB_formal_rs_C0_DEFAULT_N2048_q16_rep1,3,4,3,sm_89,RS_SLICE_SERIAL,NCCL,C0_DEFAULT,2048,2048,2048,16,4,1048576,70,0,1550.400,1556.416,1819.808,263.392,PASS,0
PHASEB_formal_rs_C0_DEFAULT_N2048_q16_rep1,3,4,3,sm_89,RS_SLICE_SERIAL,NCCL,C0_DEFAULT,2048,2048,2048,16,5,1048576,70,0,1905.600,1912.128,2174.944,262.816,PASS,0
PHASEB_formal_rs_C0_DEFAULT_N2048_q16_rep1,3,4,3,sm_89,RS_SLICE_SERIAL,NCCL,C0_DEFAULT,2048,2048,2048,16,6,1048576,70,0,2267.104,2272.832,2534.400,261.568,PASS,0
PHASEB_formal_rs_C0_DEFAULT_N2048_q16_rep1,3,4,3,sm_89,RS_SLICE_SERIAL,NCCL,C0_DEFAULT,2048,2048,2048,16,7,1048576,70,0,2618.304,2624.000,2886.752,262.752,PASS,0
PHASEB_formal_rs_C0_DEFAULT_N2048_q16_rep1,3,4,3,sm_89,RS_SLICE_SERIAL,NCCL,C0_DEFAULT,2048,2048,2048,16,8,1048576,70,0,2967.648,2972.960,3236.000,263.040,PASS,0
PHASEB_formal_rs_C0_DEFAULT_N2048_q16_rep1,3,4,3,sm_89,RS_SLICE_SERIAL,NCCL,C0_DEFAULT,2048,2048,2048,16,9,1048576,70,0,3315.360,3320.864,3584.544,263.680,PASS,0
PHASEB_formal_rs_C0_DEFAULT_N2048_q16_rep1,3,4,3,sm_89,RS_SLICE_SERIAL,NCCL,C0_DEFAULT,2048,2048,2048,16,10,1048576,70,0,3661.792,3667.808,3929.696,261.888,PASS,0
PHASEB_formal_rs_C0_DEFAULT_N2048_q16_rep1,3,4,3,sm_89,RS_SLICE_SERIAL,NCCL,C0_DEFAULT,2048,2048,2048,16,11,1048576,70,0,4012.032,4017.312,4278.240,260.928,PASS,0
PHASEB_formal_rs_C0_DEFAULT_N2048_q16_rep1,3,4,3,sm_89,RS_SLICE_SERIAL,NCCL,C0_DEFAULT,2048,2048,2048,16,12,1048576,70,0,4368.416,4374.016,4637.920,263.904,PASS,0
PHASEB_formal_rs_C0_DEFAULT_N2048_q16_rep1,3,4,3,sm_89,RS_SLICE_SERIAL,NCCL,C0_DEFAULT,2048,2048,2048,16,13,1048576,70,0,4734.016,4740.096,5002.528,262.432,PASS,0
PHASEB_formal_rs_C0_DEFAULT_N2048_q16_rep1,3,4,3,sm_89,RS_SLICE_SERIAL,NCCL,C0_DEFAULT,2048,2048,2048,16,14,1048576,70,0,5082.624,5087.904,5349.088,261.184,PASS,0
PHASEB_formal_rs_C0_DEFAULT_N2048_q16_rep1,3,4,3,sm_89,RS_SLICE_SERIAL,NCCL,C0_DEFAULT,2048,2048,2048,16,15,1048576,70,0,5433.216,5440.192,5699.584,259.392,PASS,0
PHASEB_formal_rs_C0_DEFAULT_N2048_q16_rep1,3,4,3,sm_89,RS_SLICE_SERIAL,NCCL,C0_DEFAULT,2048,2048,2048,16,0,1048576,71,0,119.104,126.336,391.104,264.768,PASS,0
PHASEB_formal_rs_C0_DEFAULT_N2048_q16_rep1,3,4,3,sm_89,RS_SLICE_SERIAL,NCCL,C0_DEFAULT,2048,2048,2048,16,1,1048576,71,0,465.408,471.328,733.120,261.792,PASS,0
PHASEB_formal_rs_C0_DEFAULT_N2048_q16_rep1,3,4,3,sm_89,RS_SLICE_SERIAL,NCCL,C0_DEFAULT,2048,2048,2048,16,2,1048576,71,0,814.592,820.096,1084.800,264.704,PASS,0
PHASEB_formal_rs_C0_DEFAULT_N2048_q16_rep1,3,4,3,sm_89,RS_SLICE_SERIAL,NCCL,C0_DEFAULT,2048,2048,2048,16,3,1048576,71,0,1173.728,1180.544,1442.080,261.536,PASS,0
PHASEB_formal_rs_C0_DEFAULT_N2048_q16_rep1,3,4,3,sm_89,RS_SLICE_SERIAL,NCCL,C0_DEFAULT,2048,2048,2048,16,4,1048576,71,0,1521.696,1527.232,1789.600,262.368,PASS,0
PHASEB_formal_rs_C0_DEFAULT_N2048_q16_rep1,3,4,3,sm_89,RS_SLICE_SERIAL,NCCL,C0_DEFAULT,2048,2048,2048,16,5,1048576,71,0,1870.016,1876.064,2138.752,262.688,PASS,0
PHASEB_formal_rs_C0_DEFAULT_N2048_q16_rep1,3,4,3,sm_89,RS_SLICE_SERIAL,NCCL,C0_DEFAULT,2048,2048,2048,16,6,1048576,71,0,2223.584,2229.152,2492.128,262.976,PASS,0
PHASEB_formal_rs_C0_DEFAULT_N2048_q16_rep1,3,4,3,sm_89,RS_SLICE_SERIAL,NCCL,C0_DEFAULT,2048,2048,2048,16,7,1048576,71,0,2583.168,2589.280,2851.808,262.528,PASS,0
PHASEB_formal_rs_C0_DEFAULT_N2048_q16_rep1,3,4,3,sm_89,RS_SLICE_SERIAL,NCCL,C0_DEFAULT,2048,2048,2048,16,8,1048576,71,0,2950.944,2956.224,3220.192,263.968,PASS,0
PHASEB_formal_rs_C0_DEFAULT_N2048_q16_rep1,3,4,3,sm_89,RS_SLICE_SERIAL,NCCL,C0_DEFAULT,2048,2048,2048,16,9,1048576,71,0,3304.352,3309.568,3573.504,263.936,PASS,0
PHASEB_formal_rs_C0_DEFAULT_N2048_q16_rep1,3,4,3,sm_89,RS_SLICE_SERIAL,NCCL,C0_DEFAULT,2048,2048,2048,16,10,1048576,71,0,3658.080,3663.328,3928.736,265.408,PASS,0
PHASEB_formal_rs_C0_DEFAULT_N2048_q16_rep1,3,4,3,sm_89,RS_SLICE_SERIAL,NCCL,C0_DEFAULT,2048,2048,2048,16,11,1048576,71,0,4022.240,4028.384,4289.824,261.440,PASS,0
PHASEB_formal_rs_C0_DEFAULT_N2048_q16_rep1,3,4,3,sm_89,RS_SLICE_SERIAL,NCCL,C0_DEFAULT,2048,2048,2048,16,12,1048576,71,0,4373.664,4379.232,4639.712,260.480,PASS,0
PHASEB_formal_rs_C0_DEFAULT_N2048_q16_rep1,3,4,3,sm_89,RS_SLICE_SERIAL,NCCL,C0_DEFAULT,2048,2048,2048,16,13,1048576,71,0,4726.848,4732.160,4995.680,263.520,PASS,0
PHASEB_formal_rs_C0_DEFAULT_N2048_q16_rep1,3,4,3,sm_89,RS_SLICE_SERIAL,NCCL,C0_DEFAULT,2048,2048,2048,16,14,1048576,71,0,5073.088,5078.368,5342.208,263.840,PASS,0
PHASEB_formal_rs_C0_DEFAULT_N2048_q16_rep1,3,4,3,sm_89,RS_SLICE_SERIAL,NCCL,C0_DEFAULT,2048,2048,2048,16,15,1048576,71,0,5424.800,5431.616,5692.320,260.704,PASS,0
PHASEB_formal_rs_C0_DEFAULT_N2048_q16_rep1,3,4,3,sm_89,RS_SLICE_SERIAL,NCCL,C0_DEFAULT,2048,2048,2048,16,0,1048576,72,0,124.672,132.192,395.776,263.584,PASS,0
PHASEB_formal_rs_C0_DEFAULT_N2048_q16_rep1,3,4,3,sm_89,RS_SLICE_SERIAL,NCCL,C0_DEFAULT,2048,2048,2048,16,1,1048576,72,0,473.920,479.936,741.376,261.440,PASS,0
PHASEB_formal_rs_C0_DEFAULT_N2048_q16_rep1,3,4,3,sm_89,RS_SLICE_SERIAL,NCCL,C0_DEFAULT,2048,2048,2048,16,2,1048576,72,0,832.800,838.976,1102.464,263.488,PASS,0
PHASEB_formal_rs_C0_DEFAULT_N2048_q16_rep1,3,4,3,sm_89,RS_SLICE_SERIAL,NCCL,C0_DEFAULT,2048,2048,2048,16,3,1048576,72,0,1190.752,1196.288,1458.688,262.400,PASS,0
PHASEB_formal_rs_C0_DEFAULT_N2048_q16_rep1,3,4,3,sm_89,RS_SLICE_SERIAL,NCCL,C0_DEFAULT,2048,2048,2048,16,4,1048576,72,0,1553.760,1559.520,1821.280,261.760,PASS,0
PHASEB_formal_rs_C0_DEFAULT_N2048_q16_rep1,3,4,3,sm_89,RS_SLICE_SERIAL,NCCL,C0_DEFAULT,2048,2048,2048,16,5,1048576,72,0,1960.192,1965.888,2230.624,264.736,PASS,0
PHASEB_formal_rs_C0_DEFAULT_N2048_q16_rep1,3,4,3,sm_89,RS_SLICE_SERIAL,NCCL,C0_DEFAULT,2048,2048,2048,16,6,1048576,72,0,2312.864,2318.144,2580.288,262.144,PASS,0
PHASEB_formal_rs_C0_DEFAULT_N2048_q16_rep1,3,4,3,sm_89,RS_SLICE_SERIAL,NCCL,C0_DEFAULT,2048,2048,2048,16,7,1048576,72,0,2661.056,2666.432,2930.112,263.680,PASS,0
PHASEB_formal_rs_C0_DEFAULT_N2048_q16_rep1,3,4,3,sm_89,RS_SLICE_SERIAL,NCCL,C0_DEFAULT,2048,2048,2048,16,8,1048576,72,0,3010.944,3016.960,3280.640,263.680,PASS,0
PHASEB_formal_rs_C0_DEFAULT_N2048_q16_rep1,3,4,3,sm_89,RS_SLICE_SERIAL,NCCL,C0_DEFAULT,2048,2048,2048,16,9,1048576,72,0,3362.208,3368.448,3631.840,263.392,PASS,0
PHASEB_formal_rs_C0_DEFAULT_N2048_q16_rep1,3,4,3,sm_89,RS_SLICE_SERIAL,NCCL,C0_DEFAULT,2048,2048,2048,16,10,1048576,72,0,3713.440,3719.264,3981.888,262.624,PASS,0
PHASEB_formal_rs_C0_DEFAULT_N2048_q16_rep1,3,4,3,sm_89,RS_SLICE_SERIAL,NCCL,C0_DEFAULT,2048,2048,2048,16,11,1048576,72,0,4065.920,4071.360,4332.704,261.344,PASS,0
PHASEB_formal_rs_C0_DEFAULT_N2048_q16_rep1,3,4,3,sm_89,RS_SLICE_SERIAL,NCCL,C0_DEFAULT,2048,2048,2048,16,12,1048576,72,0,4454.496,4459.776,4722.080,262.304,PASS,0
PHASEB_formal_rs_C0_DEFAULT_N2048_q16_rep1,3,4,3,sm_89,RS_SLICE_SERIAL,NCCL,C0_DEFAULT,2048,2048,2048,16,13,1048576,72,0,4813.344,4818.688,5080.352,261.664,PASS,0
PHASEB_formal_rs_C0_DEFAULT_N2048_q16_rep1,3,4,3,sm_89,RS_SLICE_SERIAL,NCCL,C0_DEFAULT,2048,2048,2048,16,14,1048576,72,0,5168.928,5174.176,5436.864,262.688,PASS,0
PHASEB_formal_rs_C0_DEFAULT_N2048_q16_rep1,3,4,3,sm_89,RS_SLICE_SERIAL,NCCL,C0_DEFAULT,2048,2048,2048,16,15,1048576,72,0,5532.896,5539.744,5799.872,260.128,PASS,0
PHASEB_formal_rs_C0_DEFAULT_N2048_q16_rep1,3,4,3,sm_89,RS_SLICE_SERIAL,NCCL,C0_DEFAULT,2048,2048,2048,16,0,1048576,73,0,114.528,121.760,385.824,264.064,PASS,0
PHASEB_formal_rs_C0_DEFAULT_N2048_q16_rep1,3,4,3,sm_89,RS_SLICE_SERIAL,NCCL,C0_DEFAULT,2048,2048,2048,16,1,1048576,73,0,463.008,468.320,729.984,261.664,PASS,0
PHASEB_formal_rs_C0_DEFAULT_N2048_q16_rep1,3,4,3,sm_89,RS_SLICE_SERIAL,NCCL,C0_DEFAULT,2048,2048,2048,16,2,1048576,73,0,810.112,815.776,1079.040,263.264,PASS,0
PHASEB_formal_rs_C0_DEFAULT_N2048_q16_rep1,3,4,3,sm_89,RS_SLICE_SERIAL,NCCL,C0_DEFAULT,2048,2048,2048,16,3,1048576,73,0,1170.752,1175.936,1440.160,264.224,PASS,0
PHASEB_formal_rs_C0_DEFAULT_N2048_q16_rep1,3,4,3,sm_89,RS_SLICE_SERIAL,NCCL,C0_DEFAULT,2048,2048,2048,16,4,1048576,73,0,1528.352,1534.048,1794.944,260.896,PASS,0
PHASEB_formal_rs_C0_DEFAULT_N2048_q16_rep1,3,4,3,sm_89,RS_SLICE_SERIAL,NCCL,C0_DEFAULT,2048,2048,2048,16,5,1048576,73,0,1887.648,1893.792,2158.560,264.768,PASS,0
PHASEB_formal_rs_C0_DEFAULT_N2048_q16_rep1,3,4,3,sm_89,RS_SLICE_SERIAL,NCCL,C0_DEFAULT,2048,2048,2048,16,6,1048576,73,0,2240.128,2246.080,2509.920,263.840,PASS,0
PHASEB_formal_rs_C0_DEFAULT_N2048_q16_rep1,3,4,3,sm_89,RS_SLICE_SERIAL,NCCL,C0_DEFAULT,2048,2048,2048,16,7,1048576,73,0,2596.608,2602.624,2866.976,264.352,PASS,0
PHASEB_formal_rs_C0_DEFAULT_N2048_q16_rep1,3,4,3,sm_89,RS_SLICE_SERIAL,NCCL,C0_DEFAULT,2048,2048,2048,16,8,1048576,73,0,2947.872,2953.344,3216.096,262.752,PASS,0
PHASEB_formal_rs_C0_DEFAULT_N2048_q16_rep1,3,4,3,sm_89,RS_SLICE_SERIAL,NCCL,C0_DEFAULT,2048,2048,2048,16,9,1048576,73,0,3314.688,3320.256,3584.160,263.904,PASS,0
PHASEB_formal_rs_C0_DEFAULT_N2048_q16_rep1,3,4,3,sm_89,RS_SLICE_SERIAL,NCCL,C0_DEFAULT,2048,2048,2048,16,10,1048576,73,0,3668.320,3674.272,3936.768,262.496,PASS,0
PHASEB_formal_rs_C0_DEFAULT_N2048_q16_rep1,3,4,3,sm_89,RS_SLICE_SERIAL,NCCL,C0_DEFAULT,2048,2048,2048,16,11,1048576,73,0,4016.000,4021.504,4283.424,261.920,PASS,0
PHASEB_formal_rs_C0_DEFAULT_N2048_q16_rep1,3,4,3,sm_89,RS_SLICE_SERIAL,NCCL,C0_DEFAULT,2048,2048,2048,16,12,1048576,73,0,4370.880,4376.544,4640.896,264.352,PASS,0
PHASEB_formal_rs_C0_DEFAULT_N2048_q16_rep1,3,4,3,sm_89,RS_SLICE_SERIAL,NCCL,C0_DEFAULT,2048,2048,2048,16,13,1048576,73,0,4734.144,4740.224,5002.112,261.888,PASS,0
PHASEB_formal_rs_C0_DEFAULT_N2048_q16_rep1,3,4,3,sm_89,RS_SLICE_SERIAL,NCCL,C0_DEFAULT,2048,2048,2048,16,14,1048576,73,0,5083.328,5088.736,5351.552,262.816,PASS,0
PHASEB_formal_rs_C0_DEFAULT_N2048_q16_rep1,3,4,3,sm_89,RS_SLICE_SERIAL,NCCL,C0_DEFAULT,2048,2048,2048,16,15,1048576,73,0,5443.072,5449.888,5710.688,260.800,PASS,0
PHASEB_formal_rs_C0_DEFAULT_N2048_q16_rep1,3,4,3,sm_89,RS_SLICE_SERIAL,NCCL,C0_DEFAULT,2048,2048,2048,16,0,1048576,74,0,117.280,124.928,388.160,263.232,PASS,0
PHASEB_formal_rs_C0_DEFAULT_N2048_q16_rep1,3,4,3,sm_89,RS_SLICE_SERIAL,NCCL,C0_DEFAULT,2048,2048,2048,16,1,1048576,74,0,468.800,474.784,736.608,261.824,PASS,0
PHASEB_formal_rs_C0_DEFAULT_N2048_q16_rep1,3,4,3,sm_89,RS_SLICE_SERIAL,NCCL,C0_DEFAULT,2048,2048,2048,16,2,1048576,74,0,830.016,835.872,1097.664,261.792,PASS,0
PHASEB_formal_rs_C0_DEFAULT_N2048_q16_rep1,3,4,3,sm_89,RS_SLICE_SERIAL,NCCL,C0_DEFAULT,2048,2048,2048,16,3,1048576,74,0,1188.384,1194.560,1458.176,263.616,PASS,0
PHASEB_formal_rs_C0_DEFAULT_N2048_q16_rep1,3,4,3,sm_89,RS_SLICE_SERIAL,NCCL,C0_DEFAULT,2048,2048,2048,16,4,1048576,74,0,1552.032,1557.792,1819.680,261.888,PASS,0
PHASEB_formal_rs_C0_DEFAULT_N2048_q16_rep1,3,4,3,sm_89,RS_SLICE_SERIAL,NCCL,C0_DEFAULT,2048,2048,2048,16,5,1048576,74,0,1902.976,1908.928,2171.776,262.848,PASS,0
PHASEB_formal_rs_C0_DEFAULT_N2048_q16_rep1,3,4,3,sm_89,RS_SLICE_SERIAL,NCCL,C0_DEFAULT,2048,2048,2048,16,6,1048576,74,0,2252.192,2258.144,2521.440,263.296,PASS,0
PHASEB_formal_rs_C0_DEFAULT_N2048_q16_rep1,3,4,3,sm_89,RS_SLICE_SERIAL,NCCL,C0_DEFAULT,2048,2048,2048,16,7,1048576,74,0,2613.216,2618.944,2882.880,263.936,PASS,0
PHASEB_formal_rs_C0_DEFAULT_N2048_q16_rep1,3,4,3,sm_89,RS_SLICE_SERIAL,NCCL,C0_DEFAULT,2048,2048,2048,16,8,1048576,74,0,2967.136,2972.640,3235.072,262.432,PASS,0
PHASEB_formal_rs_C0_DEFAULT_N2048_q16_rep1,3,4,3,sm_89,RS_SLICE_SERIAL,NCCL,C0_DEFAULT,2048,2048,2048,16,9,1048576,74,0,3317.440,3322.720,3585.376,262.656,PASS,0
PHASEB_formal_rs_C0_DEFAULT_N2048_q16_rep1,3,4,3,sm_89,RS_SLICE_SERIAL,NCCL,C0_DEFAULT,2048,2048,2048,16,10,1048576,74,0,3674.784,3680.096,3942.976,262.880,PASS,0
PHASEB_formal_rs_C0_DEFAULT_N2048_q16_rep1,3,4,3,sm_89,RS_SLICE_SERIAL,NCCL,C0_DEFAULT,2048,2048,2048,16,11,1048576,74,0,4023.680,4029.760,4291.424,261.664,PASS,0
PHASEB_formal_rs_C0_DEFAULT_N2048_q16_rep1,3,4,3,sm_89,RS_SLICE_SERIAL,NCCL,C0_DEFAULT,2048,2048,2048,16,12,1048576,74,0,4384.288,4390.080,4653.472,263.392,PASS,0
PHASEB_formal_rs_C0_DEFAULT_N2048_q16_rep1,3,4,3,sm_89,RS_SLICE_SERIAL,NCCL,C0_DEFAULT,2048,2048,2048,16,13,1048576,74,0,4743.456,4748.704,5012.128,263.424,PASS,0
PHASEB_formal_rs_C0_DEFAULT_N2048_q16_rep1,3,4,3,sm_89,RS_SLICE_SERIAL,NCCL,C0_DEFAULT,2048,2048,2048,16,14,1048576,74,0,5097.152,5102.432,5362.464,260.032,PASS,0
PHASEB_formal_rs_C0_DEFAULT_N2048_q16_rep1,3,4,3,sm_89,RS_SLICE_SERIAL,NCCL,C0_DEFAULT,2048,2048,2048,16,15,1048576,74,0,5447.264,5454.080,5711.616,257.536,PASS,0
PHASEB_formal_rs_C0_DEFAULT_N2048_q16_rep1,3,4,3,sm_89,RS_SLICE_SERIAL,NCCL,C0_DEFAULT,2048,2048,2048,16,0,1048576,75,0,118.432,126.368,389.056,262.688,PASS,0
PHASEB_formal_rs_C0_DEFAULT_N2048_q16_rep1,3,4,3,sm_89,RS_SLICE_SERIAL,NCCL,C0_DEFAULT,2048,2048,2048,16,1,1048576,75,0,475.136,481.248,741.472,260.224,PASS,0
PHASEB_formal_rs_C0_DEFAULT_N2048_q16_rep1,3,4,3,sm_89,RS_SLICE_SERIAL,NCCL,C0_DEFAULT,2048,2048,2048,16,2,1048576,75,0,830.976,836.288,1097.088,260.800,PASS,0
PHASEB_formal_rs_C0_DEFAULT_N2048_q16_rep1,3,4,3,sm_89,RS_SLICE_SERIAL,NCCL,C0_DEFAULT,2048,2048,2048,16,3,1048576,75,0,1218.080,1223.712,1483.776,260.064,PASS,0
PHASEB_formal_rs_C0_DEFAULT_N2048_q16_rep1,3,4,3,sm_89,RS_SLICE_SERIAL,NCCL,C0_DEFAULT,2048,2048,2048,16,4,1048576,75,0,1563.328,1569.312,1829.408,260.096,PASS,0
PHASEB_formal_rs_C0_DEFAULT_N2048_q16_rep1,3,4,3,sm_89,RS_SLICE_SERIAL,NCCL,C0_DEFAULT,2048,2048,2048,16,5,1048576,75,0,1920.352,1926.400,2187.840,261.440,PASS,0
PHASEB_formal_rs_C0_DEFAULT_N2048_q16_rep1,3,4,3,sm_89,RS_SLICE_SERIAL,NCCL,C0_DEFAULT,2048,2048,2048,16,6,1048576,75,0,2271.072,2277.120,2537.312,260.192,PASS,0
PHASEB_formal_rs_C0_DEFAULT_N2048_q16_rep1,3,4,3,sm_89,RS_SLICE_SERIAL,NCCL,C0_DEFAULT,2048,2048,2048,16,7,1048576,75,0,2634.336,2639.840,2899.648,259.808,PASS,0
PHASEB_formal_rs_C0_DEFAULT_N2048_q16_rep1,3,4,3,sm_89,RS_SLICE_SERIAL,NCCL,C0_DEFAULT,2048,2048,2048,16,8,1048576,75,0,2991.616,2997.184,3259.648,262.464,PASS,0
PHASEB_formal_rs_C0_DEFAULT_N2048_q16_rep1,3,4,3,sm_89,RS_SLICE_SERIAL,NCCL,C0_DEFAULT,2048,2048,2048,16,9,1048576,75,0,3341.696,3347.808,3609.568,261.760,PASS,0
PHASEB_formal_rs_C0_DEFAULT_N2048_q16_rep1,3,4,3,sm_89,RS_SLICE_SERIAL,NCCL,C0_DEFAULT,2048,2048,2048,16,10,1048576,75,0,3702.592,3708.000,3966.368,258.368,PASS,0
PHASEB_formal_rs_C0_DEFAULT_N2048_q16_rep1,3,4,3,sm_89,RS_SLICE_SERIAL,NCCL,C0_DEFAULT,2048,2048,2048,16,11,1048576,75,0,4049.088,4054.304,4313.056,258.752,PASS,0
PHASEB_formal_rs_C0_DEFAULT_N2048_q16_rep1,3,4,3,sm_89,RS_SLICE_SERIAL,NCCL,C0_DEFAULT,2048,2048,2048,16,12,1048576,75,0,4406.784,4412.480,4672.512,260.032,PASS,0
PHASEB_formal_rs_C0_DEFAULT_N2048_q16_rep1,3,4,3,sm_89,RS_SLICE_SERIAL,NCCL,C0_DEFAULT,2048,2048,2048,16,13,1048576,75,0,4767.872,4773.568,5033.728,260.160,PASS,0
PHASEB_formal_rs_C0_DEFAULT_N2048_q16_rep1,3,4,3,sm_89,RS_SLICE_SERIAL,NCCL,C0_DEFAULT,2048,2048,2048,16,14,1048576,75,0,5118.528,5123.776,5383.456,259.680,PASS,0
PHASEB_formal_rs_C0_DEFAULT_N2048_q16_rep1,3,4,3,sm_89,RS_SLICE_SERIAL,NCCL,C0_DEFAULT,2048,2048,2048,16,15,1048576,75,0,5475.296,5482.400,5740.448,258.048,PASS,0
PHASEB_formal_rs_C0_DEFAULT_N2048_q16_rep1,3,4,3,sm_89,RS_SLICE_SERIAL,NCCL,C0_DEFAULT,2048,2048,2048,16,0,1048576,76,0,112.640,119.840,380.896,261.056,PASS,0
PHASEB_formal_rs_C0_DEFAULT_N2048_q16_rep1,3,4,3,sm_89,RS_SLICE_SERIAL,NCCL,C0_DEFAULT,2048,2048,2048,16,1,1048576,76,0,464.608,470.144,728.768,258.624,PASS,0
PHASEB_formal_rs_C0_DEFAULT_N2048_q16_rep1,3,4,3,sm_89,RS_SLICE_SERIAL,NCCL,C0_DEFAULT,2048,2048,2048,16,2,1048576,76,0,810.816,816.800,1076.896,260.096,PASS,0
PHASEB_formal_rs_C0_DEFAULT_N2048_q16_rep1,3,4,3,sm_89,RS_SLICE_SERIAL,NCCL,C0_DEFAULT,2048,2048,2048,16,3,1048576,76,0,1161.984,1168.096,1428.032,259.936,PASS,0
PHASEB_formal_rs_C0_DEFAULT_N2048_q16_rep1,3,4,3,sm_89,RS_SLICE_SERIAL,NCCL,C0_DEFAULT,2048,2048,2048,16,4,1048576,76,0,1514.816,1520.384,1778.496,258.112,PASS,0
PHASEB_formal_rs_C0_DEFAULT_N2048_q16_rep1,3,4,3,sm_89,RS_SLICE_SERIAL,NCCL,C0_DEFAULT,2048,2048,2048,16,5,1048576,76,0,1872.224,1878.112,2138.848,260.736,PASS,0
PHASEB_formal_rs_C0_DEFAULT_N2048_q16_rep1,3,4,3,sm_89,RS_SLICE_SERIAL,NCCL,C0_DEFAULT,2048,2048,2048,16,6,1048576,76,0,2230.624,2236.064,2498.016,261.952,PASS,0
PHASEB_formal_rs_C0_DEFAULT_N2048_q16_rep1,3,4,3,sm_89,RS_SLICE_SERIAL,NCCL,C0_DEFAULT,2048,2048,2048,16,7,1048576,76,0,2584.832,2591.200,2852.224,261.024,PASS,0
PHASEB_formal_rs_C0_DEFAULT_N2048_q16_rep1,3,4,3,sm_89,RS_SLICE_SERIAL,NCCL,C0_DEFAULT,2048,2048,2048,16,8,1048576,76,0,2954.048,2959.296,3219.104,259.808,PASS,0
PHASEB_formal_rs_C0_DEFAULT_N2048_q16_rep1,3,4,3,sm_89,RS_SLICE_SERIAL,NCCL,C0_DEFAULT,2048,2048,2048,16,9,1048576,76,0,3305.184,3310.944,3573.600,262.656,PASS,0
PHASEB_formal_rs_C0_DEFAULT_N2048_q16_rep1,3,4,3,sm_89,RS_SLICE_SERIAL,NCCL,C0_DEFAULT,2048,2048,2048,16,10,1048576,76,0,3662.048,3667.328,3928.128,260.800,PASS,0
PHASEB_formal_rs_C0_DEFAULT_N2048_q16_rep1,3,4,3,sm_89,RS_SLICE_SERIAL,NCCL,C0_DEFAULT,2048,2048,2048,16,11,1048576,76,0,4011.968,4017.216,4276.704,259.488,PASS,0
PHASEB_formal_rs_C0_DEFAULT_N2048_q16_rep1,3,4,3,sm_89,RS_SLICE_SERIAL,NCCL,C0_DEFAULT,2048,2048,2048,16,12,1048576,76,0,4392.192,4397.504,4656.832,259.328,PASS,0
PHASEB_formal_rs_C0_DEFAULT_N2048_q16_rep1,3,4,3,sm_89,RS_SLICE_SERIAL,NCCL,C0_DEFAULT,2048,2048,2048,16,13,1048576,76,0,4760.384,4765.568,5024.064,258.496,PASS,0
PHASEB_formal_rs_C0_DEFAULT_N2048_q16_rep1,3,4,3,sm_89,RS_SLICE_SERIAL,NCCL,C0_DEFAULT,2048,2048,2048,16,14,1048576,76,0,5107.904,5113.120,5373.856,260.736,PASS,0
PHASEB_formal_rs_C0_DEFAULT_N2048_q16_rep1,3,4,3,sm_89,RS_SLICE_SERIAL,NCCL,C0_DEFAULT,2048,2048,2048,16,15,1048576,76,0,5477.248,5484.352,5741.440,257.088,PASS,0
PHASEB_formal_rs_C0_DEFAULT_N2048_q16_rep1,3,4,3,sm_89,RS_SLICE_SERIAL,NCCL,C0_DEFAULT,2048,2048,2048,16,0,1048576,77,0,120.384,127.808,388.608,260.800,PASS,0
PHASEB_formal_rs_C0_DEFAULT_N2048_q16_rep1,3,4,3,sm_89,RS_SLICE_SERIAL,NCCL,C0_DEFAULT,2048,2048,2048,16,1,1048576,77,0,466.976,472.576,731.136,258.560,PASS,0
PHASEB_formal_rs_C0_DEFAULT_N2048_q16_rep1,3,4,3,sm_89,RS_SLICE_SERIAL,NCCL,C0_DEFAULT,2048,2048,2048,16,2,1048576,77,0,825.792,831.104,1091.040,259.936,PASS,0
PHASEB_formal_rs_C0_DEFAULT_N2048_q16_rep1,3,4,3,sm_89,RS_SLICE_SERIAL,NCCL,C0_DEFAULT,2048,2048,2048,16,3,1048576,77,0,1186.400,1191.744,1451.616,259.872,PASS,0
PHASEB_formal_rs_C0_DEFAULT_N2048_q16_rep1,3,4,3,sm_89,RS_SLICE_SERIAL,NCCL,C0_DEFAULT,2048,2048,2048,16,4,1048576,77,0,1544.384,1550.048,1809.984,259.936,PASS,0
PHASEB_formal_rs_C0_DEFAULT_N2048_q16_rep1,3,4,3,sm_89,RS_SLICE_SERIAL,NCCL,C0_DEFAULT,2048,2048,2048,16,5,1048576,77,0,1906.016,1912.096,2172.032,259.936,PASS,0
PHASEB_formal_rs_C0_DEFAULT_N2048_q16_rep1,3,4,3,sm_89,RS_SLICE_SERIAL,NCCL,C0_DEFAULT,2048,2048,2048,16,6,1048576,77,0,2253.472,2259.712,2520.960,261.248,PASS,0
PHASEB_formal_rs_C0_DEFAULT_N2048_q16_rep1,3,4,3,sm_89,RS_SLICE_SERIAL,NCCL,C0_DEFAULT,2048,2048,2048,16,7,1048576,77,0,2609.696,2615.584,2876.544,260.960,PASS,0
PHASEB_formal_rs_C0_DEFAULT_N2048_q16_rep1,3,4,3,sm_89,RS_SLICE_SERIAL,NCCL,C0_DEFAULT,2048,2048,2048,16,8,1048576,77,0,2959.392,2965.056,3226.624,261.568,PASS,0
PHASEB_formal_rs_C0_DEFAULT_N2048_q16_rep1,3,4,3,sm_89,RS_SLICE_SERIAL,NCCL,C0_DEFAULT,2048,2048,2048,16,9,1048576,77,0,3309.760,3314.976,3575.584,260.608,PASS,0
PHASEB_formal_rs_C0_DEFAULT_N2048_q16_rep1,3,4,3,sm_89,RS_SLICE_SERIAL,NCCL,C0_DEFAULT,2048,2048,2048,16,10,1048576,77,0,3659.744,3665.152,3925.056,259.904,PASS,0
PHASEB_formal_rs_C0_DEFAULT_N2048_q16_rep1,3,4,3,sm_89,RS_SLICE_SERIAL,NCCL,C0_DEFAULT,2048,2048,2048,16,11,1048576,77,0,4019.584,4025.056,4285.632,260.576,PASS,0
PHASEB_formal_rs_C0_DEFAULT_N2048_q16_rep1,3,4,3,sm_89,RS_SLICE_SERIAL,NCCL,C0_DEFAULT,2048,2048,2048,16,12,1048576,77,0,4395.264,4401.280,4661.216,259.936,PASS,0
PHASEB_formal_rs_C0_DEFAULT_N2048_q16_rep1,3,4,3,sm_89,RS_SLICE_SERIAL,NCCL,C0_DEFAULT,2048,2048,2048,16,13,1048576,77,0,4766.528,4772.800,5032.704,259.904,PASS,0
PHASEB_formal_rs_C0_DEFAULT_N2048_q16_rep1,3,4,3,sm_89,RS_SLICE_SERIAL,NCCL,C0_DEFAULT,2048,2048,2048,16,14,1048576,77,0,5112.608,5117.920,5379.040,261.120,PASS,0
PHASEB_formal_rs_C0_DEFAULT_N2048_q16_rep1,3,4,3,sm_89,RS_SLICE_SERIAL,NCCL,C0_DEFAULT,2048,2048,2048,16,15,1048576,77,0,5471.040,5477.824,5738.688,260.864,PASS,0
PHASEB_formal_rs_C0_DEFAULT_N2048_q16_rep1,3,4,3,sm_89,RS_SLICE_SERIAL,NCCL,C0_DEFAULT,2048,2048,2048,16,0,1048576,78,0,120.960,128.448,391.680,263.232,PASS,0
PHASEB_formal_rs_C0_DEFAULT_N2048_q16_rep1,3,4,3,sm_89,RS_SLICE_SERIAL,NCCL,C0_DEFAULT,2048,2048,2048,16,1,1048576,78,0,473.216,478.752,740.768,262.016,PASS,0
PHASEB_formal_rs_C0_DEFAULT_N2048_q16_rep1,3,4,3,sm_89,RS_SLICE_SERIAL,NCCL,C0_DEFAULT,2048,2048,2048,16,2,1048576,78,0,821.504,827.360,1092.160,264.800,PASS,0
PHASEB_formal_rs_C0_DEFAULT_N2048_q16_rep1,3,4,3,sm_89,RS_SLICE_SERIAL,NCCL,C0_DEFAULT,2048,2048,2048,16,3,1048576,78,0,1175.808,1181.856,1445.152,263.296,PASS,0
PHASEB_formal_rs_C0_DEFAULT_N2048_q16_rep1,3,4,3,sm_89,RS_SLICE_SERIAL,NCCL,C0_DEFAULT,2048,2048,2048,16,4,1048576,78,0,1538.240,1543.456,1804.416,260.960,PASS,0
PHASEB_formal_rs_C0_DEFAULT_N2048_q16_rep1,3,4,3,sm_89,RS_SLICE_SERIAL,NCCL,C0_DEFAULT,2048,2048,2048,16,5,1048576,78,0,1917.760,1923.808,2186.432,262.624,PASS,0
PHASEB_formal_rs_C0_DEFAULT_N2048_q16_rep1,3,4,3,sm_89,RS_SLICE_SERIAL,NCCL,C0_DEFAULT,2048,2048,2048,16,6,1048576,78,0,2273.696,2279.040,2539.840,260.800,PASS,0
PHASEB_formal_rs_C0_DEFAULT_N2048_q16_rep1,3,4,3,sm_89,RS_SLICE_SERIAL,NCCL,C0_DEFAULT,2048,2048,2048,16,7,1048576,78,0,2631.200,2637.536,2902.080,264.544,PASS,0
PHASEB_formal_rs_C0_DEFAULT_N2048_q16_rep1,3,4,3,sm_89,RS_SLICE_SERIAL,NCCL,C0_DEFAULT,2048,2048,2048,16,8,1048576,78,0,2984.320,2989.952,3255.392,265.440,PASS,0
PHASEB_formal_rs_C0_DEFAULT_N2048_q16_rep1,3,4,3,sm_89,RS_SLICE_SERIAL,NCCL,C0_DEFAULT,2048,2048,2048,16,9,1048576,78,0,3336.736,3341.984,3605.568,263.584,PASS,0
PHASEB_formal_rs_C0_DEFAULT_N2048_q16_rep1,3,4,3,sm_89,RS_SLICE_SERIAL,NCCL,C0_DEFAULT,2048,2048,2048,16,10,1048576,78,0,3701.024,3706.784,3969.312,262.528,PASS,0
PHASEB_formal_rs_C0_DEFAULT_N2048_q16_rep1,3,4,3,sm_89,RS_SLICE_SERIAL,NCCL,C0_DEFAULT,2048,2048,2048,16,11,1048576,78,0,4049.792,4056.544,4318.624,262.080,PASS,0
PHASEB_formal_rs_C0_DEFAULT_N2048_q16_rep1,3,4,3,sm_89,RS_SLICE_SERIAL,NCCL,C0_DEFAULT,2048,2048,2048,16,12,1048576,78,0,4400.544,4405.824,4667.072,261.248,PASS,0
PHASEB_formal_rs_C0_DEFAULT_N2048_q16_rep1,3,4,3,sm_89,RS_SLICE_SERIAL,NCCL,C0_DEFAULT,2048,2048,2048,16,13,1048576,78,0,4767.808,4773.152,5034.496,261.344,PASS,0
PHASEB_formal_rs_C0_DEFAULT_N2048_q16_rep1,3,4,3,sm_89,RS_SLICE_SERIAL,NCCL,C0_DEFAULT,2048,2048,2048,16,14,1048576,78,0,5126.048,5131.328,5394.688,263.360,PASS,0
PHASEB_formal_rs_C0_DEFAULT_N2048_q16_rep1,3,4,3,sm_89,RS_SLICE_SERIAL,NCCL,C0_DEFAULT,2048,2048,2048,16,15,1048576,78,0,5490.080,5496.928,5756.256,259.328,PASS,0
PHASEB_formal_rs_C0_DEFAULT_N2048_q16_rep1,3,4,3,sm_89,RS_SLICE_SERIAL,NCCL,C0_DEFAULT,2048,2048,2048,16,0,1048576,79,0,116.352,123.712,388.032,264.320,PASS,0
PHASEB_formal_rs_C0_DEFAULT_N2048_q16_rep1,3,4,3,sm_89,RS_SLICE_SERIAL,NCCL,C0_DEFAULT,2048,2048,2048,16,1,1048576,79,0,469.440,475.744,737.472,261.728,PASS,0
PHASEB_formal_rs_C0_DEFAULT_N2048_q16_rep1,3,4,3,sm_89,RS_SLICE_SERIAL,NCCL,C0_DEFAULT,2048,2048,2048,16,2,1048576,79,0,825.408,831.392,1094.880,263.488,PASS,0
PHASEB_formal_rs_C0_DEFAULT_N2048_q16_rep1,3,4,3,sm_89,RS_SLICE_SERIAL,NCCL,C0_DEFAULT,2048,2048,2048,16,3,1048576,79,0,1179.328,1185.152,1446.144,260.992,PASS,0
PHASEB_formal_rs_C0_DEFAULT_N2048_q16_rep1,3,4,3,sm_89,RS_SLICE_SERIAL,NCCL,C0_DEFAULT,2048,2048,2048,16,4,1048576,79,0,1536.096,1541.792,1804.224,262.432,PASS,0
PHASEB_formal_rs_C0_DEFAULT_N2048_q16_rep1,3,4,3,sm_89,RS_SLICE_SERIAL,NCCL,C0_DEFAULT,2048,2048,2048,16,5,1048576,79,0,1896.256,1901.792,2165.248,263.456,PASS,0
PHASEB_formal_rs_C0_DEFAULT_N2048_q16_rep1,3,4,3,sm_89,RS_SLICE_SERIAL,NCCL,C0_DEFAULT,2048,2048,2048,16,6,1048576,79,0,2254.720,2260.512,2523.552,263.040,PASS,0
PHASEB_formal_rs_C0_DEFAULT_N2048_q16_rep1,3,4,3,sm_89,RS_SLICE_SERIAL,NCCL,C0_DEFAULT,2048,2048,2048,16,7,1048576,79,0,2604.704,2610.752,2875.648,264.896,PASS,0
PHASEB_formal_rs_C0_DEFAULT_N2048_q16_rep1,3,4,3,sm_89,RS_SLICE_SERIAL,NCCL,C0_DEFAULT,2048,2048,2048,16,8,1048576,79,0,2955.936,2961.888,3226.368,264.480,PASS,0
PHASEB_formal_rs_C0_DEFAULT_N2048_q16_rep1,3,4,3,sm_89,RS_SLICE_SERIAL,NCCL,C0_DEFAULT,2048,2048,2048,16,9,1048576,79,0,3308.256,3314.336,3578.016,263.680,PASS,0
PHASEB_formal_rs_C0_DEFAULT_N2048_q16_rep1,3,4,3,sm_89,RS_SLICE_SERIAL,NCCL,C0_DEFAULT,2048,2048,2048,16,10,1048576,79,0,3656.192,3662.048,3924.768,262.720,PASS,0
PHASEB_formal_rs_C0_DEFAULT_N2048_q16_rep1,3,4,3,sm_89,RS_SLICE_SERIAL,NCCL,C0_DEFAULT,2048,2048,2048,16,11,1048576,79,0,4005.984,4011.328,4274.080,262.752,PASS,0
PHASEB_formal_rs_C0_DEFAULT_N2048_q16_rep1,3,4,3,sm_89,RS_SLICE_SERIAL,NCCL,C0_DEFAULT,2048,2048,2048,16,12,1048576,79,0,4360.672,4366.400,4629.696,263.296,PASS,0
PHASEB_formal_rs_C0_DEFAULT_N2048_q16_rep1,3,4,3,sm_89,RS_SLICE_SERIAL,NCCL,C0_DEFAULT,2048,2048,2048,16,13,1048576,79,0,4725.120,4730.784,4993.280,262.496,PASS,0
PHASEB_formal_rs_C0_DEFAULT_N2048_q16_rep1,3,4,3,sm_89,RS_SLICE_SERIAL,NCCL,C0_DEFAULT,2048,2048,2048,16,14,1048576,79,0,5075.328,5080.608,5342.400,261.792,PASS,0
PHASEB_formal_rs_C0_DEFAULT_N2048_q16_rep1,3,4,3,sm_89,RS_SLICE_SERIAL,NCCL,C0_DEFAULT,2048,2048,2048,16,15,1048576,79,0,5438.912,5445.760,5706.848,261.088,PASS,0
