cs-ec021-cfaa2-server:18866:18866 [0] NCCL INFO cudaDriverVersion 13000
cs-ec021-cfaa2-server:18866:18866 [0] NCCL INFO NCCL version 2.28.3+cuda13.0
cs-ec021-cfaa2-server:18866:18866 [0] NCCL INFO NET/Plugin: Could not find: libnccl-net.so
cs-ec021-cfaa2-server:18866:18866 [0] NCCL INFO NET/IB : Using [0]mlx5_100:1/IB [1]mlx5_101:1/IB [2]mlx5_102:1/IB [3]mlx5_103:1/IB [4]mlx5_104:1/IB [5]mlx5_105:1/IB [6]mlx5_106:1/IB [7]mlx5_107:1/IB [8]mlx5_200:1/IB [9]mlx5_bond_0:1/RoCE [RO]; OOB eth0:10.233.123.102<0>
cs-ec021-cfaa2-server:18866:18866 [0] NCCL INFO Initialized NET plugin IB
cs-ec021-cfaa2-server:18866:18866 [0] NCCL INFO Assigned NET plugin IB to comm
cs-ec021-cfaa2-server:18866:18866 [0] NCCL INFO Using network IB
cs-ec021-cfaa2-server:18866:18866 [0] NCCL INFO DMA-BUF is available on GPU device 0
cs-ec021-cfaa2-server:18866:18866 [0] NCCL INFO ncclCommInitRank comm 0x561cf8109030 rank 0 nranks 4 cudaDev 0 nvmlDev 0 busId 8a000 commId 0x711abd83f3451850 - Init START
cs-ec021-cfaa2-server:18866:18866 [0] NCCL INFO RAS client listening socket at ::1<28028>
cs-ec021-cfaa2-server:18866:18866 [0] NCCL INFO ncclTopoGetCpuAffinity: Affinity for GPU 0 is 32-63,96-127. (GPU affinity = 32-63,96-127 ; CPU affinity = 0-127).
cs-ec021-cfaa2-server:18866:18866 [0] NCCL INFO NVLS multicast support is not available on dev 0 (NVLS_NCHANNELS 0)
cs-ec021-cfaa2-server:18866:18866 [0] NCCL INFO comm 0x561cf8109030 rank 0 nRanks 4 nNodes 1 localRanks 4 localRank 0 MNNVL 0
cs-ec021-cfaa2-server:18866:18866 [0] NCCL INFO Channel 00/16 : 0 1 2 3
cs-ec021-cfaa2-server:18866:18866 [0] NCCL INFO Channel 01/16 : 0 1 2 3
cs-ec021-cfaa2-server:18866:18866 [0] NCCL INFO Channel 02/16 : 0 1 2 3
cs-ec021-cfaa2-server:18866:18866 [0] NCCL INFO Channel 03/16 : 0 1 2 3
cs-ec021-cfaa2-server:18866:18866 [0] NCCL INFO Channel 04/16 : 0 1 2 3
cs-ec021-cfaa2-server:18866:18866 [0] NCCL INFO Channel 05/16 : 0 1 2 3
cs-ec021-cfaa2-server:18866:18866 [0] NCCL INFO Channel 06/16 : 0 1 2 3
cs-ec021-cfaa2-server:18866:18866 [0] NCCL INFO Channel 07/16 : 0 1 2 3
cs-ec021-cfaa2-server:18866:18866 [0] NCCL INFO Channel 08/16 : 0 1 2 3
cs-ec021-cfaa2-server:18866:18866 [0] NCCL INFO Channel 09/16 : 0 1 2 3
cs-ec021-cfaa2-server:18866:18866 [0] NCCL INFO Channel 10/16 : 0 1 2 3
cs-ec021-cfaa2-server:18866:18866 [0] NCCL INFO Channel 11/16 : 0 1 2 3
cs-ec021-cfaa2-server:18866:18866 [0] NCCL INFO Channel 12/16 : 0 1 2 3
cs-ec021-cfaa2-server:18866:18866 [0] NCCL INFO Channel 13/16 : 0 1 2 3
cs-ec021-cfaa2-server:18866:18866 [0] NCCL INFO Channel 14/16 : 0 1 2 3
cs-ec021-cfaa2-server:18866:18866 [0] NCCL INFO Channel 15/16 : 0 1 2 3
cs-ec021-cfaa2-server:18866:18866 [0] NCCL INFO Trees [0] 1/-1/-1->0->-1 [1] 1/-1/-1->0->-1 [2] 1/-1/-1->0->-1 [3] 1/-1/-1->0->-1 [4] 1/-1/-1->0->-1 [5] 1/-1/-1->0->-1 [6] 1/-1/-1->0->-1 [7] 1/-1/-1->0->-1 [8] 1/-1/-1->0->-1 [9] 1/-1/-1->0->-1 [10] 1/-1/-1->0->-1 [11] 1/-1/-1->0->-1 [12] 1/-1/-1->0->-1 [13] 1/-1/-1->0->-1 [14] 1/-1/-1->0->-1 [15] 1/-1/-1->0->-1
cs-ec021-cfaa2-server:18866:18866 [0] NCCL INFO P2P Chunksize set to 524288
cs-ec021-cfaa2-server:18866:18866 [0] NCCL INFO PROFILER/Plugin: Could not find: libnccl-profiler.so
cs-ec021-cfaa2-server:18866:18866 [0] NCCL INFO Check P2P Type isAllDirectP2p 1 directMode 0
cs-ec021-cfaa2-server:18866:18932 [0] NCCL INFO [Proxy Service] Device 0 CPU core 54
cs-ec021-cfaa2-server:18866:18936 [0] NCCL INFO [Proxy Service UDS] Device 0 CPU core 57
cs-ec021-cfaa2-server:18866:18866 [0] NCCL INFO TUNER/Plugin: Could not find: libnccl-tuner.so. Using internal tuner plugin.
cs-ec021-cfaa2-server:18866:18866 [0] NCCL INFO   Algorithm   |                            Tree                  |                            Ring                  |                   CollNetDirect                  |
cs-ec021-cfaa2-server:18866:18866 [0] NCCL INFO   Protocol    |             LL |          LL128 |         Simple |             LL |          LL128 |         Simple |             LL |          LL128 |         Simple |
cs-ec021-cfaa2-server:18866:18866 [0] NCCL INFO  Max NThreads |            512 |            640 |            512 |            512 |            640 |            512 |              0 |              0 |            640 |
cs-ec021-cfaa2-server:18866:18866 [0] NCCL INFO     Broadcast |     0.0/   0.0 |     0.0/   0.0 |     0.0/   0.0 |     7.2/  80.0 |    15.9/ 147.2 |    11.8/ 160.0 |     0.0/   0.0 |     0.0/   0.0 |     0.0/   0.0 |
cs-ec021-cfaa2-server:18866:18866 [0] NCCL INFO        Reduce |     0.0/   0.0 |     0.0/   0.0 |     0.0/   0.0 |     7.2/  80.0 |    15.9/ 147.2 |    11.8/ 160.0 |     0.0/   0.0 |     0.0/   0.0 |     0.0/   0.0 |
cs-ec021-cfaa2-server:18866:18866 [0] NCCL INFO     AllGather |     0.0/   0.0 |     0.0/   0.0 |     0.0/   0.0 |     8.4/ 106.7 |    19.7/ 196.3 |    18.6/ 213.3 |     2.4/   0.0 |     2.4/   0.0 |    40.8/   0.0 |
cs-ec021-cfaa2-server:18866:18866 [0] NCCL INFO ReduceScatter |     0.0/   0.0 |     0.0/   0.0 |     0.0/   0.0 |     8.4/ 106.7 |    19.7/ 196.3 |    18.6/ 213.3 |     2.4/   0.0 |     2.4/   0.0 |    40.8/   0.0 |
cs-ec021-cfaa2-server:18866:18866 [0] NCCL INFO     AllReduce |    10.4/  19.4 |    21.5/  57.2 |    32.4/  73.6 |    10.2/  53.3 |    25.4/  98.1 |    28.8/ 106.7 |     2.4/   0.0 |     2.4/   0.0 |    40.8/   0.0 |
cs-ec021-cfaa2-server:18866:18866 [0] NCCL INFO   Algorithm   |                    CollNetChain                  |                            NVLS                  |                        NVLSTree                  |
cs-ec021-cfaa2-server:18866:18866 [0] NCCL INFO   Protocol    |             LL |          LL128 |         Simple |             LL |          LL128 |         Simple |             LL |          LL128 |         Simple |
cs-ec021-cfaa2-server:18866:18866 [0] NCCL INFO  Max NThreads |              0 |              0 |            640 |              0 |              0 |            640 |              0 |              0 |            640 |
cs-ec021-cfaa2-server:18866:18866 [0] NCCL INFO     Broadcast |     0.0/   0.0 |     0.0/   0.0 |     0.0/   0.0 |     0.0/   0.0 |     0.0/   0.0 |     0.0/   0.0 |     0.0/   0.0 |     0.0/   0.0 |     0.0/   0.0 |
cs-ec021-cfaa2-server:18866:18866 [0] NCCL INFO        Reduce |     0.0/   0.0 |     0.0/   0.0 |     0.0/   0.0 |     0.0/   0.0 |     0.0/   0.0 |     0.0/   0.0 |     0.0/   0.0 |     0.0/   0.0 |     0.0/   0.0 |
cs-ec021-cfaa2-server:18866:18866 [0] NCCL INFO     AllGather |     0.0/   0.0 |     0.0/   0.0 |     0.0/   0.0 |     0.0/   0.0 |     0.0/   0.0 |     0.0/   0.0 |     0.0/   0.0 |     0.0/   0.0 |     0.0/   0.0 |
cs-ec021-cfaa2-server:18866:18866 [0] NCCL INFO ReduceScatter |     0.0/   0.0 |     0.0/   0.0 |     0.0/   0.0 |     0.0/   0.0 |     0.0/   0.0 |     0.0/   0.0 |     0.0/   0.0 |     0.0/   0.0 |     0.0/   0.0 |
cs-ec021-cfaa2-server:18866:18866 [0] NCCL INFO     AllReduce |     0.0/   0.0 |     0.0/   0.0 |    46.8/   0.0 |     0.0/   0.0 |     0.0/   0.0 |     0.0/   0.0 |     0.0/   0.0 |     0.0/   0.0 |     0.0/   0.0 |
cs-ec021-cfaa2-server:18866:18866 [0] NCCL INFO   Algorithm   |                             PAT                  |
cs-ec021-cfaa2-server:18866:18866 [0] NCCL INFO   Protocol    |             LL |          LL128 |         Simple |             LL |          LL128 |         Simple |             LL |          LL128 |         Simple |
cs-ec021-cfaa2-server:18866:18866 [0] NCCL INFO  Max NThreads |              0 |              0 |              0 |
cs-ec021-cfaa2-server:18866:18866 [0] NCCL INFO     Broadcast |     0.0/   0.0 |     0.0/   0.0 |     0.0/   0.0 |
cs-ec021-cfaa2-server:18866:18866 [0] NCCL INFO        Reduce |     0.0/   0.0 |     0.0/   0.0 |     0.0/   0.0 |
cs-ec021-cfaa2-server:18866:18866 [0] NCCL INFO     AllGather |     0.0/   0.0 |     0.0/   0.0 |     0.0/   0.0 |
cs-ec021-cfaa2-server:18866:18866 [0] NCCL INFO ReduceScatter |     0.0/   0.0 |     0.0/   0.0 |     0.0/   0.0 |
cs-ec021-cfaa2-server:18866:18866 [0] NCCL INFO     AllReduce |     0.0/   0.0 |     0.0/   0.0 |     0.0/   0.0 |
cs-ec021-cfaa2-server:18866:18866 [0] NCCL INFO threadThresholds 8/8/64 | 32/8/64 | 512 | 512
cs-ec021-cfaa2-server:18866:18866 [0] NCCL INFO 16 coll channels, 16 collnet channels, 0 nvls channels, 16 p2p channels, 16 p2p channels per peer
cs-ec021-cfaa2-server:18866:18866 [0] NCCL INFO CC Off, workFifoBytes 1048576
cs-ec021-cfaa2-server:18866:18866 [0] NCCL INFO ncclCommInitRank comm 0x561cf8109030 rank 0 nranks 4 cudaDev 0 nvmlDev 0 busId 8a000 commId 0x711abd83f3451850 - Init COMPLETE
cs-ec021-cfaa2-server:18866:18866 [0] NCCL INFO Init timings - ncclCommInitRank: rank 0 nranks 4 total 0.34 (kernels 0.13, alloc 0.13, bootstrap 0.03, allgathers 0.00, topo 0.03, graphs 0.00, connections 0.01, rest 0.00)
cs-ec021-cfaa2-server:18866:18866 [0] NCCL INFO Channel 00/0 : 0[0] -> 1[1] via P2P/CUMEM/read
cs-ec021-cfaa2-server:18866:18866 [0] NCCL INFO Channel 01/0 : 0[0] -> 1[1] via P2P/CUMEM/read
cs-ec021-cfaa2-server:18866:18866 [0] NCCL INFO Channel 02/0 : 0[0] -> 1[1] via P2P/CUMEM/read
cs-ec021-cfaa2-server:18866:18866 [0] NCCL INFO Channel 03/0 : 0[0] -> 1[1] via P2P/CUMEM/read
cs-ec021-cfaa2-server:18866:18866 [0] NCCL INFO Channel 04/0 : 0[0] -> 1[1] via P2P/CUMEM/read
cs-ec021-cfaa2-server:18866:18866 [0] NCCL INFO Channel 05/0 : 0[0] -> 1[1] via P2P/CUMEM/read
cs-ec021-cfaa2-server:18866:18866 [0] NCCL INFO Channel 06/0 : 0[0] -> 1[1] via P2P/CUMEM/read
cs-ec021-cfaa2-server:18866:18866 [0] NCCL INFO Channel 07/0 : 0[0] -> 1[1] via P2P/CUMEM/read
cs-ec021-cfaa2-server:18866:18866 [0] NCCL INFO Channel 08/0 : 0[0] -> 1[1] via P2P/CUMEM/read
cs-ec021-cfaa2-server:18866:18866 [0] NCCL INFO Channel 09/0 : 0[0] -> 1[1] via P2P/CUMEM/read
cs-ec021-cfaa2-server:18866:18866 [0] NCCL INFO Channel 10/0 : 0[0] -> 1[1] via P2P/CUMEM/read
cs-ec021-cfaa2-server:18866:18866 [0] NCCL INFO Channel 11/0 : 0[0] -> 1[1] via P2P/CUMEM/read
cs-ec021-cfaa2-server:18866:18866 [0] NCCL INFO Channel 12/0 : 0[0] -> 1[1] via P2P/CUMEM/read
cs-ec021-cfaa2-server:18866:18866 [0] NCCL INFO Channel 13/0 : 0[0] -> 1[1] via P2P/CUMEM/read
cs-ec021-cfaa2-server:18866:18866 [0] NCCL INFO Channel 14/0 : 0[0] -> 1[1] via P2P/CUMEM/read
cs-ec021-cfaa2-server:18866:18866 [0] NCCL INFO Channel 15/0 : 0[0] -> 1[1] via P2P/CUMEM/read
cs-ec021-cfaa2-server:18866:18866 [0] NCCL INFO Connected all rings, use ring PXN 0 GDR 1
cs-ec021-cfaa2-server:18866:18866 [0] NCCL INFO AllGather: 67108864 Bytes -> Algo RING proto SIMPLE channel{Lo..Hi}={0..15}
cs-ec021-cfaa2-server:18866:18866 [0] NCCL INFO AllGather: 67108864 Bytes -> Algo RING proto SIMPLE channel{Lo..Hi}={0..15}
cs-ec021-cfaa2-server:18866:18866 [0] NCCL INFO AllGather: 67108864 Bytes -> Algo RING proto SIMPLE channel{Lo..Hi}={0..15}
cs-ec021-cfaa2-server:18866:18866 [0] NCCL INFO AllGather: 67108864 Bytes -> Algo RING proto SIMPLE channel{Lo..Hi}={0..15}
cs-ec021-cfaa2-server:18866:18866 [0] NCCL INFO AllGather: 67108864 Bytes -> Algo RING proto SIMPLE channel{Lo..Hi}={0..15}
cs-ec021-cfaa2-server:18866:18866 [0] NCCL INFO AllGather: 67108864 Bytes -> Algo RING proto SIMPLE channel{Lo..Hi}={0..15}
cs-ec021-cfaa2-server:18866:18866 [0] NCCL INFO AllGather: 67108864 Bytes -> Algo RING proto SIMPLE channel{Lo..Hi}={0..15}
cs-ec021-cfaa2-server:18866:18866 [0] NCCL INFO AllGather: 67108864 Bytes -> Algo RING proto SIMPLE channel{Lo..Hi}={0..15}
cs-ec021-cfaa2-server:18866:18866 [0] NCCL INFO AllGather: 67108864 Bytes -> Algo RING proto SIMPLE channel{Lo..Hi}={0..15}
cs-ec021-cfaa2-server:18866:18866 [0] NCCL INFO AllGather: 67108864 Bytes -> Algo RING proto SIMPLE channel{Lo..Hi}={0..15}
cs-ec021-cfaa2-server:18866:18866 [0] NCCL INFO AllGather: 67108864 Bytes -> Algo RING proto SIMPLE channel{Lo..Hi}={0..15}
cs-ec021-cfaa2-server:18866:18866 [0] NCCL INFO AllGather: 67108864 Bytes -> Algo RING proto SIMPLE channel{Lo..Hi}={0..15}
cs-ec021-cfaa2-server:18866:18866 [0] NCCL INFO AllGather: 67108864 Bytes -> Algo RING proto SIMPLE channel{Lo..Hi}={0..15}
cs-ec021-cfaa2-server:18866:18866 [0] NCCL INFO AllGather: 67108864 Bytes -> Algo RING proto SIMPLE channel{Lo..Hi}={0..15}
cs-ec021-cfaa2-server:18866:18866 [0] NCCL INFO AllGather: 67108864 Bytes -> Algo RING proto SIMPLE channel{Lo..Hi}={0..15}
cs-ec021-cfaa2-server:18866:18866 [0] NCCL INFO AllGather: 67108864 Bytes -> Algo RING proto SIMPLE channel{Lo..Hi}={0..15}
cs-ec021-cfaa2-server:18866:18866 [0] NCCL INFO AllGather: 67108864 Bytes -> Algo RING proto SIMPLE channel{Lo..Hi}={0..15}
cs-ec021-cfaa2-server:18866:18866 [0] NCCL INFO AllGather: 67108864 Bytes -> Algo RING proto SIMPLE channel{Lo..Hi}={0..15}
cs-ec021-cfaa2-server:18866:18866 [0] NCCL INFO AllGather: 67108864 Bytes -> Algo RING proto SIMPLE channel{Lo..Hi}={0..15}
cs-ec021-cfaa2-server:18866:18866 [0] NCCL INFO AllGather: 67108864 Bytes -> Algo RING proto SIMPLE channel{Lo..Hi}={0..15}
cs-ec021-cfaa2-server:18866:18866 [0] NCCL INFO AllGather: 67108864 Bytes -> Algo RING proto SIMPLE channel{Lo..Hi}={0..15}
cs-ec021-cfaa2-server:18866:18866 [0] NCCL INFO AllGather: 8388608 Bytes -> Algo RING proto SIMPLE channel{Lo..Hi}={0..15}
cs-ec021-cfaa2-server:18866:18866 [0] NCCL INFO AllGather: 8388608 Bytes -> Algo RING proto SIMPLE channel{Lo..Hi}={0..15}
cs-ec021-cfaa2-server:18866:18866 [0] NCCL INFO AllGather: 8388608 Bytes -> Algo RING proto SIMPLE channel{Lo..Hi}={0..15}
cs-ec021-cfaa2-server:18866:18866 [0] NCCL INFO AllGather: 8388608 Bytes -> Algo RING proto SIMPLE channel{Lo..Hi}={0..15}
cs-ec021-cfaa2-server:18866:18866 [0] NCCL INFO AllGather: 8388608 Bytes -> Algo RING proto SIMPLE channel{Lo..Hi}={0..15}
cs-ec021-cfaa2-server:18866:18866 [0] NCCL INFO AllGather: 8388608 Bytes -> Algo RING proto SIMPLE channel{Lo..Hi}={0..15}
cs-ec021-cfaa2-server:18866:18866 [0] NCCL INFO AllGather: 8388608 Bytes -> Algo RING proto SIMPLE channel{Lo..Hi}={0..15}
cs-ec021-cfaa2-server:18866:18866 [0] NCCL INFO AllGather: 8388608 Bytes -> Algo RING proto SIMPLE channel{Lo..Hi}={0..15}
cs-ec021-cfaa2-server:18866:18866 [0] NCCL INFO AllGather: 8388608 Bytes -> Algo RING proto SIMPLE channel{Lo..Hi}={0..15}
cs-ec021-cfaa2-server:18866:18866 [0] NCCL INFO AllGather: 8388608 Bytes -> Algo RING proto SIMPLE channel{Lo..Hi}={0..15}
cs-ec021-cfaa2-server:18866:18866 [0] NCCL INFO AllGather: 8388608 Bytes -> Algo RING proto SIMPLE channel{Lo..Hi}={0..15}
cs-ec021-cfaa2-server:18866:18866 [0] NCCL INFO AllGather: 8388608 Bytes -> Algo RING proto SIMPLE channel{Lo..Hi}={0..15}
cs-ec021-cfaa2-server:18866:18866 [0] NCCL INFO AllGather: 8388608 Bytes -> Algo RING proto SIMPLE channel{Lo..Hi}={0..15}
cs-ec021-cfaa2-server:18866:18866 [0] NCCL INFO AllGather: 8388608 Bytes -> Algo RING proto SIMPLE channel{Lo..Hi}={0..15}
cs-ec021-cfaa2-server:18866:18866 [0] NCCL INFO AllGather: 8388608 Bytes -> Algo RING proto SIMPLE channel{Lo..Hi}={0..15}
cs-ec021-cfaa2-server:18866:18866 [0] NCCL INFO AllGather: 8388608 Bytes -> Algo RING proto SIMPLE channel{Lo..Hi}={0..15}
cs-ec021-cfaa2-server:18866:18866 [0] NCCL INFO AllGather: 8388608 Bytes -> Algo RING proto SIMPLE channel{Lo..Hi}={0..15}
cs-ec021-cfaa2-server:18866:18866 [0] NCCL INFO AllGather: 8388608 Bytes -> Algo RING proto SIMPLE channel{Lo..Hi}={0..15}
cs-ec021-cfaa2-server:18866:18866 [0] NCCL INFO AllGather: 8388608 Bytes -> Algo RING proto SIMPLE channel{Lo..Hi}={0..15}
cs-ec021-cfaa2-server:18866:18866 [0] NCCL INFO AllGather: 8388608 Bytes -> Algo RING proto SIMPLE channel{Lo..Hi}={0..15}
cs-ec021-cfaa2-server:18866:18866 [0] NCCL INFO AllGather: 8388608 Bytes -> Algo RING proto SIMPLE channel{Lo..Hi}={0..15}
cs-ec021-cfaa2-server:18866:18866 [0] NCCL INFO AllGather: 8388608 Bytes -> Algo RING proto SIMPLE channel{Lo..Hi}={0..15}
cs-ec021-cfaa2-server:18866:18866 [0] NCCL INFO AllGather: 8388608 Bytes -> Algo RING proto SIMPLE channel{Lo..Hi}={0..15}
cs-ec021-cfaa2-server:18866:18866 [0] NCCL INFO AllGather: 8388608 Bytes -> Algo RING proto SIMPLE channel{Lo..Hi}={0..15}
cs-ec021-cfaa2-server:18866:18866 [0] NCCL INFO AllGather: 8388608 Bytes -> Algo RING proto SIMPLE channel{Lo..Hi}={0..15}
cs-ec021-cfaa2-server:18866:18866 [0] NCCL INFO AllGather: 8388608 Bytes -> Algo RING proto SIMPLE channel{Lo..Hi}={0..15}
cs-ec021-cfaa2-server:18866:18866 [0] NCCL INFO AllGather: 8388608 Bytes -> Algo RING proto SIMPLE channel{Lo..Hi}={0..15}
cs-ec021-cfaa2-server:18866:18866 [0] NCCL INFO AllGather: 8388608 Bytes -> Algo RING proto SIMPLE channel{Lo..Hi}={0..15}
cs-ec021-cfaa2-server:18866:18866 [0] NCCL INFO AllGather: 8388608 Bytes -> Algo RING proto SIMPLE channel{Lo..Hi}={0..15}
cs-ec021-cfaa2-server:18866:18866 [0] NCCL INFO AllGather: 8388608 Bytes -> Algo RING proto SIMPLE channel{Lo..Hi}={0..15}
cs-ec021-cfaa2-server:18866:18866 [0] NCCL INFO AllGather: 8388608 Bytes -> Algo RING proto SIMPLE channel{Lo..Hi}={0..15}
cs-ec021-cfaa2-server:18866:18866 [0] NCCL INFO AllGather: 8388608 Bytes -> Algo RING proto SIMPLE channel{Lo..Hi}={0..15}
cs-ec021-cfaa2-server:18866:18866 [0] NCCL INFO AllGather: 8388608 Bytes -> Algo RING proto SIMPLE channel{Lo..Hi}={0..15}
cs-ec021-cfaa2-server:18866:18866 [0] NCCL INFO AllGather: 8388608 Bytes -> Algo RING proto SIMPLE channel{Lo..Hi}={0..15}
cs-ec021-cfaa2-server:18866:18866 [0] NCCL INFO AllGather: 8388608 Bytes -> Algo RING proto SIMPLE channel{Lo..Hi}={0..15}
cs-ec021-cfaa2-server:18866:18866 [0] NCCL INFO AllGather: 8388608 Bytes -> Algo RING proto SIMPLE channel{Lo..Hi}={0..15}
cs-ec021-cfaa2-server:18866:18866 [0] NCCL INFO AllGather: 8388608 Bytes -> Algo RING proto SIMPLE channel{Lo..Hi}={0..15}
cs-ec021-cfaa2-server:18866:18866 [0] NCCL INFO AllGather: 8388608 Bytes -> Algo RING proto SIMPLE channel{Lo..Hi}={0..15}
cs-ec021-cfaa2-server:18866:18866 [0] NCCL INFO AllGather: 8388608 Bytes -> Algo RING proto SIMPLE channel{Lo..Hi}={0..15}
cs-ec021-cfaa2-server:18866:18866 [0] NCCL INFO AllGather: 8388608 Bytes -> Algo RING proto SIMPLE channel{Lo..Hi}={0..15}
cs-ec021-cfaa2-server:18866:18866 [0] NCCL INFO AllGather: 8388608 Bytes -> Algo RING proto SIMPLE channel{Lo..Hi}={0..15}
cs-ec021-cfaa2-server:18866:18866 [0] NCCL INFO AllGather: 8388608 Bytes -> Algo RING proto SIMPLE channel{Lo..Hi}={0..15}
cs-ec021-cfaa2-server:18866:18866 [0] NCCL INFO AllGather: 8388608 Bytes -> Algo RING proto SIMPLE channel{Lo..Hi}={0..15}
cs-ec021-cfaa2-server:18866:18866 [0] NCCL INFO AllGather: 8388608 Bytes -> Algo RING proto SIMPLE channel{Lo..Hi}={0..15}
cs-ec021-cfaa2-server:18866:18866 [0] NCCL INFO AllGather: 8388608 Bytes -> Algo RING proto SIMPLE channel{Lo..Hi}={0..15}
cs-ec021-cfaa2-server:18866:18866 [0] NCCL INFO AllGather: 8388608 Bytes -> Algo RING proto SIMPLE channel{Lo..Hi}={0..15}
cs-ec021-cfaa2-server:18866:18866 [0] NCCL INFO AllGather: 8388608 Bytes -> Algo RING proto SIMPLE channel{Lo..Hi}={0..15}
cs-ec021-cfaa2-server:18866:18866 [0] NCCL INFO AllGather: 8388608 Bytes -> Algo RING proto SIMPLE channel{Lo..Hi}={0..15}
cs-ec021-cfaa2-server:18866:18866 [0] NCCL INFO AllGather: 8388608 Bytes -> Algo RING proto SIMPLE channel{Lo..Hi}={0..15}
cs-ec021-cfaa2-server:18866:18866 [0] NCCL INFO AllGather: 8388608 Bytes -> Algo RING proto SIMPLE channel{Lo..Hi}={0..15}
cs-ec021-cfaa2-server:18866:18866 [0] NCCL INFO AllGather: 8388608 Bytes -> Algo RING proto SIMPLE channel{Lo..Hi}={0..15}
cs-ec021-cfaa2-server:18866:18866 [0] NCCL INFO AllGather: 8388608 Bytes -> Algo RING proto SIMPLE channel{Lo..Hi}={0..15}
cs-ec021-cfaa2-server:18866:18866 [0] NCCL INFO AllGather: 8388608 Bytes -> Algo RING proto SIMPLE channel{Lo..Hi}={0..15}
cs-ec021-cfaa2-server:18866:18866 [0] NCCL INFO AllGather: 8388608 Bytes -> Algo RING proto SIMPLE channel{Lo..Hi}={0..15}
cs-ec021-cfaa2-server:18866:18866 [0] NCCL INFO AllGather: 8388608 Bytes -> Algo RING proto SIMPLE channel{Lo..Hi}={0..15}
cs-ec021-cfaa2-server:18866:18866 [0] NCCL INFO AllGather: 8388608 Bytes -> Algo RING proto SIMPLE channel{Lo..Hi}={0..15}
cs-ec021-cfaa2-server:18866:18866 [0] NCCL INFO AllGather: 8388608 Bytes -> Algo RING proto SIMPLE channel{Lo..Hi}={0..15}
cs-ec021-cfaa2-server:18866:18866 [0] NCCL INFO AllGather: 8388608 Bytes -> Algo RING proto SIMPLE channel{Lo..Hi}={0..15}
cs-ec021-cfaa2-server:18866:18866 [0] NCCL INFO AllGather: 8388608 Bytes -> Algo RING proto SIMPLE channel{Lo..Hi}={0..15}
cs-ec021-cfaa2-server:18866:18866 [0] NCCL INFO AllGather: 8388608 Bytes -> Algo RING proto SIMPLE channel{Lo..Hi}={0..15}
cs-ec021-cfaa2-server:18866:18866 [0] NCCL INFO AllGather: 8388608 Bytes -> Algo RING proto SIMPLE channel{Lo..Hi}={0..15}
cs-ec021-cfaa2-server:18866:18866 [0] NCCL INFO AllGather: 8388608 Bytes -> Algo RING proto SIMPLE channel{Lo..Hi}={0..15}
cs-ec021-cfaa2-server:18866:18866 [0] NCCL INFO AllGather: 8388608 Bytes -> Algo RING proto SIMPLE channel{Lo..Hi}={0..15}
cs-ec021-cfaa2-server:18866:18866 [0] NCCL INFO AllGather: 8388608 Bytes -> Algo RING proto SIMPLE channel{Lo..Hi}={0..15}
cs-ec021-cfaa2-server:18866:18866 [0] NCCL INFO AllGather: 8388608 Bytes -> Algo RING proto SIMPLE channel{Lo..Hi}={0..15}
cs-ec021-cfaa2-server:18866:18866 [0] NCCL INFO AllGather: 8388608 Bytes -> Algo RING proto SIMPLE channel{Lo..Hi}={0..15}
cs-ec021-cfaa2-server:18866:18866 [0] NCCL INFO AllGather: 8388608 Bytes -> Algo RING proto SIMPLE channel{Lo..Hi}={0..15}
cs-ec021-cfaa2-server:18866:18866 [0] NCCL INFO AllGather: 8388608 Bytes -> Algo RING proto SIMPLE channel{Lo..Hi}={0..15}
cs-ec021-cfaa2-server:18866:18866 [0] NCCL INFO AllGather: 8388608 Bytes -> Algo RING proto SIMPLE channel{Lo..Hi}={0..15}
cs-ec021-cfaa2-server:18866:18866 [0] NCCL INFO AllGather: 8388608 Bytes -> Algo RING proto SIMPLE channel{Lo..Hi}={0..15}
cs-ec021-cfaa2-server:18866:18866 [0] NCCL INFO AllGather: 8388608 Bytes -> Algo RING proto SIMPLE channel{Lo..Hi}={0..15}
cs-ec021-cfaa2-server:18866:18866 [0] NCCL INFO AllGather: 8388608 Bytes -> Algo RING proto SIMPLE channel{Lo..Hi}={0..15}
cs-ec021-cfaa2-server:18866:18866 [0] NCCL INFO AllGather: 8388608 Bytes -> Algo RING proto SIMPLE channel{Lo..Hi}={0..15}
cs-ec021-cfaa2-server:18866:18866 [0] NCCL INFO AllGather: 8388608 Bytes -> Algo RING proto SIMPLE channel{Lo..Hi}={0..15}
cs-ec021-cfaa2-server:18866:18866 [0] NCCL INFO AllGather: 8388608 Bytes -> Algo RING proto SIMPLE channel{Lo..Hi}={0..15}
cs-ec021-cfaa2-server:18866:18866 [0] NCCL INFO AllGather: 8388608 Bytes -> Algo RING proto SIMPLE channel{Lo..Hi}={0..15}
cs-ec021-cfaa2-server:18866:18866 [0] NCCL INFO AllGather: 8388608 Bytes -> Algo RING proto SIMPLE channel{Lo..Hi}={0..15}
cs-ec021-cfaa2-server:18866:18866 [0] NCCL INFO AllGather: 8388608 Bytes -> Algo RING proto SIMPLE channel{Lo..Hi}={0..15}
cs-ec021-cfaa2-server:18866:18866 [0] NCCL INFO AllGather: 8388608 Bytes -> Algo RING proto SIMPLE channel{Lo..Hi}={0..15}
cs-ec021-cfaa2-server:18866:18866 [0] NCCL INFO AllGather: 8388608 Bytes -> Algo RING proto SIMPLE channel{Lo..Hi}={0..15}
cs-ec021-cfaa2-server:18866:18866 [0] NCCL INFO AllGather: 8388608 Bytes -> Algo RING proto SIMPLE channel{Lo..Hi}={0..15}
cs-ec021-cfaa2-server:18866:18866 [0] NCCL INFO AllGather: 8388608 Bytes -> Algo RING proto SIMPLE channel{Lo..Hi}={0..15}
cs-ec021-cfaa2-server:18866:18866 [0] NCCL INFO AllGather: 8388608 Bytes -> Algo RING proto SIMPLE channel{Lo..Hi}={0..15}
cs-ec021-cfaa2-server:18866:18866 [0] NCCL INFO AllGather: 8388608 Bytes -> Algo RING proto SIMPLE channel{Lo..Hi}={0..15}
cs-ec021-cfaa2-server:18866:18866 [0] NCCL INFO AllGather: 8388608 Bytes -> Algo RING proto SIMPLE channel{Lo..Hi}={0..15}
cs-ec021-cfaa2-server:18866:18866 [0] NCCL INFO AllGather: 8388608 Bytes -> Algo RING proto SIMPLE channel{Lo..Hi}={0..15}
cs-ec021-cfaa2-server:18866:18866 [0] NCCL INFO AllGather: 8388608 Bytes -> Algo RING proto SIMPLE channel{Lo..Hi}={0..15}
cs-ec021-cfaa2-server:18866:18866 [0] NCCL INFO AllGather: 8388608 Bytes -> Algo RING proto SIMPLE channel{Lo..Hi}={0..15}
cs-ec021-cfaa2-server:18866:18866 [0] NCCL INFO AllGather: 8388608 Bytes -> Algo RING proto SIMPLE channel{Lo..Hi}={0..15}
cs-ec021-cfaa2-server:18866:18866 [0] NCCL INFO AllGather: 8388608 Bytes -> Algo RING proto SIMPLE channel{Lo..Hi}={0..15}
cs-ec021-cfaa2-server:18866:18866 [0] NCCL INFO AllGather: 8388608 Bytes -> Algo RING proto SIMPLE channel{Lo..Hi}={0..15}
cs-ec021-cfaa2-server:18866:18866 [0] NCCL INFO AllGather: 8388608 Bytes -> Algo RING proto SIMPLE channel{Lo..Hi}={0..15}
cs-ec021-cfaa2-server:18866:18866 [0] NCCL INFO AllGather: 8388608 Bytes -> Algo RING proto SIMPLE channel{Lo..Hi}={0..15}
cs-ec021-cfaa2-server:18866:18866 [0] NCCL INFO AllGather: 8388608 Bytes -> Algo RING proto SIMPLE channel{Lo..Hi}={0..15}
cs-ec021-cfaa2-server:18866:18866 [0] NCCL INFO AllGather: 8388608 Bytes -> Algo RING proto SIMPLE channel{Lo..Hi}={0..15}
cs-ec021-cfaa2-server:18866:18866 [0] NCCL INFO AllGather: 8388608 Bytes -> Algo RING proto SIMPLE channel{Lo..Hi}={0..15}
cs-ec021-cfaa2-server:18866:18866 [0] NCCL INFO AllGather: 8388608 Bytes -> Algo RING proto SIMPLE channel{Lo..Hi}={0..15}
cs-ec021-cfaa2-server:18866:18866 [0] NCCL INFO AllGather: 8388608 Bytes -> Algo RING proto SIMPLE channel{Lo..Hi}={0..15}
cs-ec021-cfaa2-server:18866:18866 [0] NCCL INFO AllGather: 8388608 Bytes -> Algo RING proto SIMPLE channel{Lo..Hi}={0..15}
cs-ec021-cfaa2-server:18866:18866 [0] NCCL INFO AllGather: 8388608 Bytes -> Algo RING proto SIMPLE channel{Lo..Hi}={0..15}
cs-ec021-cfaa2-server:18866:18866 [0] NCCL INFO AllGather: 8388608 Bytes -> Algo RING proto SIMPLE channel{Lo..Hi}={0..15}
cs-ec021-cfaa2-server:18866:18866 [0] NCCL INFO AllGather: 8388608 Bytes -> Algo RING proto SIMPLE channel{Lo..Hi}={0..15}
cs-ec021-cfaa2-server:18866:18866 [0] NCCL INFO AllGather: 8388608 Bytes -> Algo RING proto SIMPLE channel{Lo..Hi}={0..15}
cs-ec021-cfaa2-server:18866:18866 [0] NCCL INFO AllGather: 8388608 Bytes -> Algo RING proto SIMPLE channel{Lo..Hi}={0..15}
cs-ec021-cfaa2-server:18866:18866 [0] NCCL INFO AllGather: 8388608 Bytes -> Algo RING proto SIMPLE channel{Lo..Hi}={0..15}
cs-ec021-cfaa2-server:18866:18866 [0] NCCL INFO AllGather: 8388608 Bytes -> Algo RING proto SIMPLE channel{Lo..Hi}={0..15}
cs-ec021-cfaa2-server:18866:18866 [0] NCCL INFO AllGather: 8388608 Bytes -> Algo RING proto SIMPLE channel{Lo..Hi}={0..15}
cs-ec021-cfaa2-server:18866:18866 [0] NCCL INFO AllGather: 8388608 Bytes -> Algo RING proto SIMPLE channel{Lo..Hi}={0..15}
cs-ec021-cfaa2-server:18866:18866 [0] NCCL INFO AllGather: 8388608 Bytes -> Algo RING proto SIMPLE channel{Lo..Hi}={0..15}
cs-ec021-cfaa2-server:18866:18866 [0] NCCL INFO AllGather: 8388608 Bytes -> Algo RING proto SIMPLE channel{Lo..Hi}={0..15}
cs-ec021-cfaa2-server:18866:18866 [0] NCCL INFO AllGather: 8388608 Bytes -> Algo RING proto SIMPLE channel{Lo..Hi}={0..15}
cs-ec021-cfaa2-server:18866:18866 [0] NCCL INFO AllGather: 8388608 Bytes -> Algo RING proto SIMPLE channel{Lo..Hi}={0..15}
cs-ec021-cfaa2-server:18866:18866 [0] NCCL INFO AllGather: 8388608 Bytes -> Algo RING proto SIMPLE channel{Lo..Hi}={0..15}
cs-ec021-cfaa2-server:18866:18866 [0] NCCL INFO AllGather: 8388608 Bytes -> Algo RING proto SIMPLE channel{Lo..Hi}={0..15}
cs-ec021-cfaa2-server:18866:18866 [0] NCCL INFO AllGather: 8388608 Bytes -> Algo RING proto SIMPLE channel{Lo..Hi}={0..15}
cs-ec021-cfaa2-server:18866:18866 [0] NCCL INFO AllGather: 8388608 Bytes -> Algo RING proto SIMPLE channel{Lo..Hi}={0..15}
cs-ec021-cfaa2-server:18866:18866 [0] NCCL INFO AllGather: 8388608 Bytes -> Algo RING proto SIMPLE channel{Lo..Hi}={0..15}
cs-ec021-cfaa2-server:18866:18866 [0] NCCL INFO AllGather: 8388608 Bytes -> Algo RING proto SIMPLE channel{Lo..Hi}={0..15}
cs-ec021-cfaa2-server:18866:18866 [0] NCCL INFO AllGather: 8388608 Bytes -> Algo RING proto SIMPLE channel{Lo..Hi}={0..15}
cs-ec021-cfaa2-server:18866:18866 [0] NCCL INFO AllGather: 8388608 Bytes -> Algo RING proto SIMPLE channel{Lo..Hi}={0..15}
cs-ec021-cfaa2-server:18866:18866 [0] NCCL INFO AllGather: 8388608 Bytes -> Algo RING proto SIMPLE channel{Lo..Hi}={0..15}
cs-ec021-cfaa2-server:18866:18866 [0] NCCL INFO AllGather: 8388608 Bytes -> Algo RING proto SIMPLE channel{Lo..Hi}={0..15}
cs-ec021-cfaa2-server:18866:18866 [0] NCCL INFO AllGather: 8388608 Bytes -> Algo RING proto SIMPLE channel{Lo..Hi}={0..15}
cs-ec021-cfaa2-server:18866:18866 [0] NCCL INFO AllGather: 8388608 Bytes -> Algo RING proto SIMPLE channel{Lo..Hi}={0..15}
cs-ec021-cfaa2-server:18866:18866 [0] NCCL INFO AllGather: 8388608 Bytes -> Algo RING proto SIMPLE channel{Lo..Hi}={0..15}
cs-ec021-cfaa2-server:18866:18866 [0] NCCL INFO AllGather: 8388608 Bytes -> Algo RING proto SIMPLE channel{Lo..Hi}={0..15}
cs-ec021-cfaa2-server:18866:18866 [0] NCCL INFO AllGather: 8388608 Bytes -> Algo RING proto SIMPLE channel{Lo..Hi}={0..15}
cs-ec021-cfaa2-server:18866:18866 [0] NCCL INFO AllGather: 8388608 Bytes -> Algo RING proto SIMPLE channel{Lo..Hi}={0..15}
cs-ec021-cfaa2-server:18866:18866 [0] NCCL INFO AllGather: 8388608 Bytes -> Algo RING proto SIMPLE channel{Lo..Hi}={0..15}
cs-ec021-cfaa2-server:18866:18866 [0] NCCL INFO AllGather: 8388608 Bytes -> Algo RING proto SIMPLE channel{Lo..Hi}={0..15}
cs-ec021-cfaa2-server:18866:18866 [0] NCCL INFO AllGather: 8388608 Bytes -> Algo RING proto SIMPLE channel{Lo..Hi}={0..15}
cs-ec021-cfaa2-server:18866:18866 [0] NCCL INFO AllGather: 8388608 Bytes -> Algo RING proto SIMPLE channel{Lo..Hi}={0..15}
cs-ec021-cfaa2-server:18866:18866 [0] NCCL INFO AllGather: 8388608 Bytes -> Algo RING proto SIMPLE channel{Lo..Hi}={0..15}
cs-ec021-cfaa2-server:18866:18866 [0] NCCL INFO AllGather: 8388608 Bytes -> Algo RING proto SIMPLE channel{Lo..Hi}={0..15}
cs-ec021-cfaa2-server:18866:18866 [0] NCCL INFO AllGather: 8388608 Bytes -> Algo RING proto SIMPLE channel{Lo..Hi}={0..15}
cs-ec021-cfaa2-server:18866:18866 [0] NCCL INFO AllGather: 8388608 Bytes -> Algo RING proto SIMPLE channel{Lo..Hi}={0..15}
cs-ec021-cfaa2-server:18866:18866 [0] NCCL INFO AllGather: 8388608 Bytes -> Algo RING proto SIMPLE channel{Lo..Hi}={0..15}
cs-ec021-cfaa2-server:18866:18866 [0] NCCL INFO AllGather: 8388608 Bytes -> Algo RING proto SIMPLE channel{Lo..Hi}={0..15}
cs-ec021-cfaa2-server:18866:18866 [0] NCCL INFO AllGather: 8388608 Bytes -> Algo RING proto SIMPLE channel{Lo..Hi}={0..15}
cs-ec021-cfaa2-server:18866:18866 [0] NCCL INFO AllGather: 8388608 Bytes -> Algo RING proto SIMPLE channel{Lo..Hi}={0..15}
cs-ec021-cfaa2-server:18866:18866 [0] NCCL INFO AllGather: 8388608 Bytes -> Algo RING proto SIMPLE channel{Lo..Hi}={0..15}
cs-ec021-cfaa2-server:18866:18866 [0] NCCL INFO AllGather: 8388608 Bytes -> Algo RING proto SIMPLE channel{Lo..Hi}={0..15}
cs-ec021-cfaa2-server:18866:18866 [0] NCCL INFO AllGather: 8388608 Bytes -> Algo RING proto SIMPLE channel{Lo..Hi}={0..15}
cs-ec021-cfaa2-server:18866:18866 [0] NCCL INFO AllGather: 8388608 Bytes -> Algo RING proto SIMPLE channel{Lo..Hi}={0..15}
cs-ec021-cfaa2-server:18866:18866 [0] NCCL INFO AllGather: 8388608 Bytes -> Algo RING proto SIMPLE channel{Lo..Hi}={0..15}
cs-ec021-cfaa2-server:18866:18866 [0] NCCL INFO AllGather: 8388608 Bytes -> Algo RING proto SIMPLE channel{Lo..Hi}={0..15}
cs-ec021-cfaa2-server:18866:18866 [0] NCCL INFO AllGather: 8388608 Bytes -> Algo RING proto SIMPLE channel{Lo..Hi}={0..15}
cs-ec021-cfaa2-server:18866:18866 [0] NCCL INFO AllGather: 8388608 Bytes -> Algo RING proto SIMPLE channel{Lo..Hi}={0..15}
cs-ec021-cfaa2-server:18866:18866 [0] NCCL INFO AllGather: 8388608 Bytes -> Algo RING proto SIMPLE channel{Lo..Hi}={0..15}
cs-ec021-cfaa2-server:18866:18866 [0] NCCL INFO AllGather: 8388608 Bytes -> Algo RING proto SIMPLE channel{Lo..Hi}={0..15}
cs-ec021-cfaa2-server:18866:18866 [0] NCCL INFO AllGather: 8388608 Bytes -> Algo RING proto SIMPLE channel{Lo..Hi}={0..15}
cs-ec021-cfaa2-server:18866:18866 [0] NCCL INFO AllGather: 8388608 Bytes -> Algo RING proto SIMPLE channel{Lo..Hi}={0..15}
cs-ec021-cfaa2-server:18866:18866 [0] NCCL INFO AllGather: 8388608 Bytes -> Algo RING proto SIMPLE channel{Lo..Hi}={0..15}
cs-ec021-cfaa2-server:18866:18866 [0] NCCL INFO AllGather: 8388608 Bytes -> Algo RING proto SIMPLE channel{Lo..Hi}={0..15}
cs-ec021-cfaa2-server:18866:18866 [0] NCCL INFO AllGather: 8388608 Bytes -> Algo RING proto SIMPLE channel{Lo..Hi}={0..15}
cs-ec021-cfaa2-server:18866:18866 [0] NCCL INFO AllGather: 8388608 Bytes -> Algo RING proto SIMPLE channel{Lo..Hi}={0..15}
cs-ec021-cfaa2-server:18866:18866 [0] NCCL INFO AllGather: 8388608 Bytes -> Algo RING proto SIMPLE channel{Lo..Hi}={0..15}
cs-ec021-cfaa2-server:18866:18866 [0] NCCL INFO AllGather: 8388608 Bytes -> Algo RING proto SIMPLE channel{Lo..Hi}={0..15}
cs-ec021-cfaa2-server:18866:18866 [0] NCCL INFO AllGather: 8388608 Bytes -> Algo RING proto SIMPLE channel{Lo..Hi}={0..15}
cs-ec021-cfaa2-server:18866:18866 [0] NCCL INFO AllGather: 8388608 Bytes -> Algo RING proto SIMPLE channel{Lo..Hi}={0..15}
cs-ec021-cfaa2-server:18866:18866 [0] NCCL INFO AllGather: 8388608 Bytes -> Algo RING proto SIMPLE channel{Lo..Hi}={0..15}
cs-ec021-cfaa2-server:18866:18866 [0] NCCL INFO AllGather: 8388608 Bytes -> Algo RING proto SIMPLE channel{Lo..Hi}={0..15}
cs-ec021-cfaa2-server:18866:18866 [0] NCCL INFO AllGather: 8388608 Bytes -> Algo RING proto SIMPLE channel{Lo..Hi}={0..15}
cs-ec021-cfaa2-server:18866:18866 [0] NCCL INFO AllGather: 8388608 Bytes -> Algo RING proto SIMPLE channel{Lo..Hi}={0..15}
cs-ec021-cfaa2-server:18866:18866 [0] NCCL INFO AllGather: 8388608 Bytes -> Algo RING proto SIMPLE channel{Lo..Hi}={0..15}
cs-ec021-cfaa2-server:18866:18866 [0] NCCL INFO AllGather: 8388608 Bytes -> Algo RING proto SIMPLE channel{Lo..Hi}={0..15}
cs-ec021-cfaa2-server:18866:18866 [0] NCCL INFO AllGather: 8388608 Bytes -> Algo RING proto SIMPLE channel{Lo..Hi}={0..15}
cs-ec021-cfaa2-server:18866:18866 [0] NCCL INFO AllGather: 8388608 Bytes -> Algo RING proto SIMPLE channel{Lo..Hi}={0..15}
cs-ec021-cfaa2-server:18866:18866 [0] NCCL INFO AllGather: 8388608 Bytes -> Algo RING proto SIMPLE channel{Lo..Hi}={0..15}
cs-ec021-cfaa2-server:18866:18866 [0] NCCL INFO AllGather: 8388608 Bytes -> Algo RING proto SIMPLE channel{Lo..Hi}={0..15}
cs-ec021-cfaa2-server:18866:18866 [0] NCCL INFO AllGather: 8388608 Bytes -> Algo RING proto SIMPLE channel{Lo..Hi}={0..15}
cs-ec021-cfaa2-server:18866:18866 [0] NCCL INFO AllGather: 8388608 Bytes -> Algo RING proto SIMPLE channel{Lo..Hi}={0..15}
cs-ec021-cfaa2-server:18866:18866 [0] NCCL INFO AllGather: 8388608 Bytes -> Algo RING proto SIMPLE channel{Lo..Hi}={0..15}
cs-ec021-cfaa2-server:18866:18866 [0] NCCL INFO AllGather: 8388608 Bytes -> Algo RING proto SIMPLE channel{Lo..Hi}={0..15}
cs-ec021-cfaa2-server:18866:18866 [0] NCCL INFO AllGather: 8388608 Bytes -> Algo RING proto SIMPLE channel{Lo..Hi}={0..15}
cs-ec021-cfaa2-server:18866:18866 [0] NCCL INFO AllGather: 8388608 Bytes -> Algo RING proto SIMPLE channel{Lo..Hi}={0..15}
cs-ec021-cfaa2-server:18866:18866 [0] NCCL INFO AllGather: 8388608 Bytes -> Algo RING proto SIMPLE channel{Lo..Hi}={0..15}
cs-ec021-cfaa2-server:18866:18866 [0] NCCL INFO AllGather: 8388608 Bytes -> Algo RING proto SIMPLE channel{Lo..Hi}={0..15}
cs-ec021-cfaa2-server:18866:18866 [0] NCCL INFO AllGather: 8388608 Bytes -> Algo RING proto SIMPLE channel{Lo..Hi}={0..15}
cs-ec021-cfaa2-server:18866:18866 [0] NCCL INFO AllGather: 8388608 Bytes -> Algo RING proto SIMPLE channel{Lo..Hi}={0..15}
cs-ec021-cfaa2-server:18866:18866 [0] NCCL INFO AllGather: 8388608 Bytes -> Algo RING proto SIMPLE channel{Lo..Hi}={0..15}
cs-ec021-cfaa2-server:18866:18866 [0] NCCL INFO AllGather: 8388608 Bytes -> Algo RING proto SIMPLE channel{Lo..Hi}={0..15}
cs-ec021-cfaa2-server:18866:18866 [0] NCCL INFO AllGather: 8388608 Bytes -> Algo RING proto SIMPLE channel{Lo..Hi}={0..15}
cs-ec021-cfaa2-server:18866:18866 [0] NCCL INFO AllGather: 8388608 Bytes -> Algo RING proto SIMPLE channel{Lo..Hi}={0..15}
cs-ec021-cfaa2-server:18866:18866 [0] NCCL INFO AllGather: 8388608 Bytes -> Algo RING proto SIMPLE channel{Lo..Hi}={0..15}
cs-ec021-cfaa2-server:18866:18866 [0] NCCL INFO AllGather: 8388608 Bytes -> Algo RING proto SIMPLE channel{Lo..Hi}={0..15}
cs-ec021-cfaa2-server:18866:18866 [0] NCCL INFO AllGather: 8388608 Bytes -> Algo RING proto SIMPLE channel{Lo..Hi}={0..15}
cs-ec021-cfaa2-server:18866:18866 [0] NCCL INFO AllGather: 8388608 Bytes -> Algo RING proto SIMPLE channel{Lo..Hi}={0..15}
cs-ec021-cfaa2-server:18866:18866 [0] NCCL INFO AllGather: 8388608 Bytes -> Algo RING proto SIMPLE channel{Lo..Hi}={0..15}
cs-ec021-cfaa2-server:18866:18866 [0] NCCL INFO AllGather: 8388608 Bytes -> Algo RING proto SIMPLE channel{Lo..Hi}={0..15}
cs-ec021-cfaa2-server:18866:18866 [0] NCCL INFO AllGather: 8388608 Bytes -> Algo RING proto SIMPLE channel{Lo..Hi}={0..15}
cs-ec021-cfaa2-server:18866:18866 [0] NCCL INFO AllGather: 8388608 Bytes -> Algo RING proto SIMPLE channel{Lo..Hi}={0..15}
cs-ec021-cfaa2-server:18866:18866 [0] NCCL INFO AllGather: 8388608 Bytes -> Algo RING proto SIMPLE channel{Lo..Hi}={0..15}
cs-ec021-cfaa2-server:18866:18866 [0] NCCL INFO AllGather: 8388608 Bytes -> Algo RING proto SIMPLE channel{Lo..Hi}={0..15}
cs-ec021-cfaa2-server:18866:18866 [0] NCCL INFO AllGather: 8388608 Bytes -> Algo RING proto SIMPLE channel{Lo..Hi}={0..15}
cs-ec021-cfaa2-server:18866:18866 [0] NCCL INFO AllGather: 8388608 Bytes -> Algo RING proto SIMPLE channel{Lo..Hi}={0..15}
cs-ec021-cfaa2-server:18866:18866 [0] NCCL INFO AllGather: 8388608 Bytes -> Algo RING proto SIMPLE channel{Lo..Hi}={0..15}
cs-ec021-cfaa2-server:18866:18866 [0] NCCL INFO AllGather: 8388608 Bytes -> Algo RING proto SIMPLE channel{Lo..Hi}={0..15}
cs-ec021-cfaa2-server:18866:18866 [0] NCCL INFO AllGather: 8388608 Bytes -> Algo RING proto SIMPLE channel{Lo..Hi}={0..15}
cs-ec021-cfaa2-server:18866:18866 [0] NCCL INFO AllGather: 8388608 Bytes -> Algo RING proto SIMPLE channel{Lo..Hi}={0..15}
cs-ec021-cfaa2-server:18866:18866 [0] NCCL INFO AllGather: 8388608 Bytes -> Algo RING proto SIMPLE channel{Lo..Hi}={0..15}
cs-ec021-cfaa2-server:18866:18866 [0] NCCL INFO AllGather: 8388608 Bytes -> Algo RING proto SIMPLE channel{Lo..Hi}={0..15}
cs-ec021-cfaa2-server:18866:18866 [0] NCCL INFO AllGather: 8388608 Bytes -> Algo RING proto SIMPLE channel{Lo..Hi}={0..15}
cs-ec021-cfaa2-server:18866:18866 [0] NCCL INFO AllGather: 8388608 Bytes -> Algo RING proto SIMPLE channel{Lo..Hi}={0..15}
cs-ec021-cfaa2-server:18866:18866 [0] NCCL INFO AllGather: 8388608 Bytes -> Algo RING proto SIMPLE channel{Lo..Hi}={0..15}
cs-ec021-cfaa2-server:18866:18866 [0] NCCL INFO AllGather: 8388608 Bytes -> Algo RING proto SIMPLE channel{Lo..Hi}={0..15}
cs-ec021-cfaa2-server:18866:18866 [0] NCCL INFO AllGather: 8388608 Bytes -> Algo RING proto SIMPLE channel{Lo..Hi}={0..15}
cs-ec021-cfaa2-server:18866:18866 [0] NCCL INFO AllGather: 8388608 Bytes -> Algo RING proto SIMPLE channel{Lo..Hi}={0..15}
cs-ec021-cfaa2-server:18866:18866 [0] NCCL INFO AllGather: 8388608 Bytes -> Algo RING proto SIMPLE channel{Lo..Hi}={0..15}
cs-ec021-cfaa2-server:18866:18866 [0] NCCL INFO AllGather: 8388608 Bytes -> Algo RING proto SIMPLE channel{Lo..Hi}={0..15}
cs-ec021-cfaa2-server:18866:18866 [0] NCCL INFO AllGather: 8388608 Bytes -> Algo RING proto SIMPLE channel{Lo..Hi}={0..15}
cs-ec021-cfaa2-server:18866:18866 [0] NCCL INFO AllGather: 8388608 Bytes -> Algo RING proto SIMPLE channel{Lo..Hi}={0..15}
cs-ec021-cfaa2-server:18866:18866 [0] NCCL INFO AllGather: 8388608 Bytes -> Algo RING proto SIMPLE channel{Lo..Hi}={0..15}
cs-ec021-cfaa2-server:18866:18866 [0] NCCL INFO AllGather: 8388608 Bytes -> Algo RING proto SIMPLE channel{Lo..Hi}={0..15}
cs-ec021-cfaa2-server:18866:18866 [0] NCCL INFO AllGather: 8388608 Bytes -> Algo RING proto SIMPLE channel{Lo..Hi}={0..15}
cs-ec021-cfaa2-server:18866:18866 [0] NCCL INFO AllGather: 8388608 Bytes -> Algo RING proto SIMPLE channel{Lo..Hi}={0..15}
cs-ec021-cfaa2-server:18866:18866 [0] NCCL INFO AllGather: 8388608 Bytes -> Algo RING proto SIMPLE channel{Lo..Hi}={0..15}
cs-ec021-cfaa2-server:18866:18866 [0] NCCL INFO AllGather: 8388608 Bytes -> Algo RING proto SIMPLE channel{Lo..Hi}={0..15}
cs-ec021-cfaa2-server:18866:18866 [0] NCCL INFO AllGather: 8388608 Bytes -> Algo RING proto SIMPLE channel{Lo..Hi}={0..15}
cs-ec021-cfaa2-server:18866:18866 [0] NCCL INFO AllGather: 8388608 Bytes -> Algo RING proto SIMPLE channel{Lo..Hi}={0..15}
cs-ec021-cfaa2-server:18866:18866 [0] NCCL INFO AllGather: 8388608 Bytes -> Algo RING proto SIMPLE channel{Lo..Hi}={0..15}
cs-ec021-cfaa2-server:18866:18866 [0] NCCL INFO AllGather: 8388608 Bytes -> Algo RING proto SIMPLE channel{Lo..Hi}={0..15}
cs-ec021-cfaa2-server:18866:18866 [0] NCCL INFO AllGather: 8388608 Bytes -> Algo RING proto SIMPLE channel{Lo..Hi}={0..15}
cs-ec021-cfaa2-server:18866:18866 [0] NCCL INFO AllGather: 8388608 Bytes -> Algo RING proto SIMPLE channel{Lo..Hi}={0..15}
cs-ec021-cfaa2-server:18866:18866 [0] NCCL INFO AllGather: 8388608 Bytes -> Algo RING proto SIMPLE channel{Lo..Hi}={0..15}
cs-ec021-cfaa2-server:18866:18866 [0] NCCL INFO AllGather: 8388608 Bytes -> Algo RING proto SIMPLE channel{Lo..Hi}={0..15}
cs-ec021-cfaa2-server:18866:18866 [0] NCCL INFO AllGather: 8388608 Bytes -> Algo RING proto SIMPLE channel{Lo..Hi}={0..15}
cs-ec021-cfaa2-server:18866:18866 [0] NCCL INFO AllGather: 8388608 Bytes -> Algo RING proto SIMPLE channel{Lo..Hi}={0..15}
cs-ec021-cfaa2-server:18866:18866 [0] NCCL INFO AllGather: 8388608 Bytes -> Algo RING proto SIMPLE channel{Lo..Hi}={0..15}
cs-ec021-cfaa2-server:18866:18866 [0] NCCL INFO AllGather: 8388608 Bytes -> Algo RING proto SIMPLE channel{Lo..Hi}={0..15}
cs-ec021-cfaa2-server:18866:18866 [0] NCCL INFO AllGather: 8388608 Bytes -> Algo RING proto SIMPLE channel{Lo..Hi}={0..15}
cs-ec021-cfaa2-server:18866:18866 [0] NCCL INFO AllGather: 8388608 Bytes -> Algo RING proto SIMPLE channel{Lo..Hi}={0..15}
cs-ec021-cfaa2-server:18866:18866 [0] NCCL INFO AllGather: 8388608 Bytes -> Algo RING proto SIMPLE channel{Lo..Hi}={0..15}
cs-ec021-cfaa2-server:18866:18866 [0] NCCL INFO AllGather: 8388608 Bytes -> Algo RING proto SIMPLE channel{Lo..Hi}={0..15}
cs-ec021-cfaa2-server:18866:18866 [0] NCCL INFO AllGather: 8388608 Bytes -> Algo RING proto SIMPLE channel{Lo..Hi}={0..15}
cs-ec021-cfaa2-server:18866:18866 [0] NCCL INFO AllGather: 8388608 Bytes -> Algo RING proto SIMPLE channel{Lo..Hi}={0..15}
cs-ec021-cfaa2-server:18866:18866 [0] NCCL INFO AllGather: 8388608 Bytes -> Algo RING proto SIMPLE channel{Lo..Hi}={0..15}
cs-ec021-cfaa2-server:18866:18866 [0] NCCL INFO AllGather: 8388608 Bytes -> Algo RING proto SIMPLE channel{Lo..Hi}={0..15}
cs-ec021-cfaa2-server:18866:18866 [0] NCCL INFO AllGather: 8388608 Bytes -> Algo RING proto SIMPLE channel{Lo..Hi}={0..15}
cs-ec021-cfaa2-server:18866:18866 [0] NCCL INFO AllGather: 8388608 Bytes -> Algo RING proto SIMPLE channel{Lo..Hi}={0..15}
cs-ec021-cfaa2-server:18866:18866 [0] NCCL INFO AllGather: 8388608 Bytes -> Algo RING proto SIMPLE channel{Lo..Hi}={0..15}
cs-ec021-cfaa2-server:18866:18866 [0] NCCL INFO AllGather: 8388608 Bytes -> Algo RING proto SIMPLE channel{Lo..Hi}={0..15}
cs-ec021-cfaa2-server:18866:18866 [0] NCCL INFO AllGather: 8388608 Bytes -> Algo RING proto SIMPLE channel{Lo..Hi}={0..15}
cs-ec021-cfaa2-server:18866:18866 [0] NCCL INFO AllGather: 8388608 Bytes -> Algo RING proto SIMPLE channel{Lo..Hi}={0..15}
cs-ec021-cfaa2-server:18866:18866 [0] NCCL INFO AllGather: 8388608 Bytes -> Algo RING proto SIMPLE channel{Lo..Hi}={0..15}
cs-ec021-cfaa2-server:18866:18866 [0] NCCL INFO AllGather: 8388608 Bytes -> Algo RING proto SIMPLE channel{Lo..Hi}={0..15}
cs-ec021-cfaa2-server:18866:18866 [0] NCCL INFO AllGather: 8388608 Bytes -> Algo RING proto SIMPLE channel{Lo..Hi}={0..15}
cs-ec021-cfaa2-server:18866:18866 [0] NCCL INFO AllGather: 8388608 Bytes -> Algo RING proto SIMPLE channel{Lo..Hi}={0..15}
cs-ec021-cfaa2-server:18866:18866 [0] NCCL INFO AllGather: 8388608 Bytes -> Algo RING proto SIMPLE channel{Lo..Hi}={0..15}
cs-ec021-cfaa2-server:18866:18866 [0] NCCL INFO AllGather: 8388608 Bytes -> Algo RING proto SIMPLE channel{Lo..Hi}={0..15}
cs-ec021-cfaa2-server:18866:18866 [0] NCCL INFO AllGather: 8388608 Bytes -> Algo RING proto SIMPLE channel{Lo..Hi}={0..15}
cs-ec021-cfaa2-server:18866:18866 [0] NCCL INFO AllGather: 8388608 Bytes -> Algo RING proto SIMPLE channel{Lo..Hi}={0..15}
cs-ec021-cfaa2-server:18866:18866 [0] NCCL INFO AllGather: 8388608 Bytes -> Algo RING proto SIMPLE channel{Lo..Hi}={0..15}
cs-ec021-cfaa2-server:18866:18866 [0] NCCL INFO AllGather: 8388608 Bytes -> Algo RING proto SIMPLE channel{Lo..Hi}={0..15}
cs-ec021-cfaa2-server:18866:18866 [0] NCCL INFO AllGather: 8388608 Bytes -> Algo RING proto SIMPLE channel{Lo..Hi}={0..15}
cs-ec021-cfaa2-server:18866:18866 [0] NCCL INFO AllGather: 8388608 Bytes -> Algo RING proto SIMPLE channel{Lo..Hi}={0..15}
cs-ec021-cfaa2-server:18866:18866 [0] NCCL INFO AllGather: 8388608 Bytes -> Algo RING proto SIMPLE channel{Lo..Hi}={0..15}
cs-ec021-cfaa2-server:18866:18866 [0] NCCL INFO AllGather: 8388608 Bytes -> Algo RING proto SIMPLE channel{Lo..Hi}={0..15}
cs-ec021-cfaa2-server:18866:18866 [0] NCCL INFO AllGather: 8388608 Bytes -> Algo RING proto SIMPLE channel{Lo..Hi}={0..15}
cs-ec021-cfaa2-server:18866:18866 [0] NCCL INFO AllGather: 8388608 Bytes -> Algo RING proto SIMPLE channel{Lo..Hi}={0..15}
cs-ec021-cfaa2-server:18866:18866 [0] NCCL INFO AllGather: 8388608 Bytes -> Algo RING proto SIMPLE channel{Lo..Hi}={0..15}
cs-ec021-cfaa2-server:18866:18866 [0] NCCL INFO AllGather: 8388608 Bytes -> Algo RING proto SIMPLE channel{Lo..Hi}={0..15}
cs-ec021-cfaa2-server:18866:18866 [0] NCCL INFO AllGather: 8388608 Bytes -> Algo RING proto SIMPLE channel{Lo..Hi}={0..15}
cs-ec021-cfaa2-server:18866:18866 [0] NCCL INFO AllGather: 8388608 Bytes -> Algo RING proto SIMPLE channel{Lo..Hi}={0..15}
cs-ec021-cfaa2-server:18866:18866 [0] NCCL INFO AllGather: 8388608 Bytes -> Algo RING proto SIMPLE channel{Lo..Hi}={0..15}
cs-ec021-cfaa2-server:18866:18866 [0] NCCL INFO AllGather: 8388608 Bytes -> Algo RING proto SIMPLE channel{Lo..Hi}={0..15}
cs-ec021-cfaa2-server:18866:18866 [0] NCCL INFO AllGather: 8388608 Bytes -> Algo RING proto SIMPLE channel{Lo..Hi}={0..15}
cs-ec021-cfaa2-server:18866:18866 [0] NCCL INFO AllGather: 8388608 Bytes -> Algo RING proto SIMPLE channel{Lo..Hi}={0..15}
cs-ec021-cfaa2-server:18866:18866 [0] NCCL INFO AllGather: 8388608 Bytes -> Algo RING proto SIMPLE channel{Lo..Hi}={0..15}
cs-ec021-cfaa2-server:18866:18866 [0] NCCL INFO AllGather: 8388608 Bytes -> Algo RING proto SIMPLE channel{Lo..Hi}={0..15}
cs-ec021-cfaa2-server:18866:18866 [0] NCCL INFO AllGather: 8388608 Bytes -> Algo RING proto SIMPLE channel{Lo..Hi}={0..15}
cs-ec021-cfaa2-server:18866:18866 [0] NCCL INFO AllGather: 8388608 Bytes -> Algo RING proto SIMPLE channel{Lo..Hi}={0..15}
cs-ec021-cfaa2-server:18866:18866 [0] NCCL INFO AllGather: 8388608 Bytes -> Algo RING proto SIMPLE channel{Lo..Hi}={0..15}
cs-ec021-cfaa2-server:18866:18866 [0] NCCL INFO AllGather: 8388608 Bytes -> Algo RING proto SIMPLE channel{Lo..Hi}={0..15}
cs-ec021-cfaa2-server:18866:18866 [0] NCCL INFO AllGather: 8388608 Bytes -> Algo RING proto SIMPLE channel{Lo..Hi}={0..15}
cs-ec021-cfaa2-server:18866:18866 [0] NCCL INFO AllGather: 8388608 Bytes -> Algo RING proto SIMPLE channel{Lo..Hi}={0..15}
cs-ec021-cfaa2-server:18866:18866 [0] NCCL INFO AllGather: 8388608 Bytes -> Algo RING proto SIMPLE channel{Lo..Hi}={0..15}
cs-ec021-cfaa2-server:18866:18866 [0] NCCL INFO AllGather: 8388608 Bytes -> Algo RING proto SIMPLE channel{Lo..Hi}={0..15}
cs-ec021-cfaa2-server:18866:18866 [0] NCCL INFO AllGather: 8388608 Bytes -> Algo RING proto SIMPLE channel{Lo..Hi}={0..15}
cs-ec021-cfaa2-server:18866:18866 [0] NCCL INFO AllGather: 8388608 Bytes -> Algo RING proto SIMPLE channel{Lo..Hi}={0..15}
cs-ec021-cfaa2-server:18866:18866 [0] NCCL INFO AllGather: 8388608 Bytes -> Algo RING proto SIMPLE channel{Lo..Hi}={0..15}
cs-ec021-cfaa2-server:18866:18866 [0] NCCL INFO AllGather: 8388608 Bytes -> Algo RING proto SIMPLE channel{Lo..Hi}={0..15}
cs-ec021-cfaa2-server:18866:18866 [0] NCCL INFO AllGather: 8388608 Bytes -> Algo RING proto SIMPLE channel{Lo..Hi}={0..15}
cs-ec021-cfaa2-server:18866:18866 [0] NCCL INFO AllGather: 8388608 Bytes -> Algo RING proto SIMPLE channel{Lo..Hi}={0..15}
cs-ec021-cfaa2-server:18866:18866 [0] NCCL INFO AllGather: 8388608 Bytes -> Algo RING proto SIMPLE channel{Lo..Hi}={0..15}
cs-ec021-cfaa2-server:18866:18866 [0] NCCL INFO AllGather: 8388608 Bytes -> Algo RING proto SIMPLE channel{Lo..Hi}={0..15}
cs-ec021-cfaa2-server:18866:18866 [0] NCCL INFO AllGather: 8388608 Bytes -> Algo RING proto SIMPLE channel{Lo..Hi}={0..15}
cs-ec021-cfaa2-server:18866:18866 [0] NCCL INFO AllGather: 8388608 Bytes -> Algo RING proto SIMPLE channel{Lo..Hi}={0..15}
cs-ec021-cfaa2-server:18866:18866 [0] NCCL INFO AllGather: 8388608 Bytes -> Algo RING proto SIMPLE channel{Lo..Hi}={0..15}
cs-ec021-cfaa2-server:18866:18866 [0] NCCL INFO AllGather: 8388608 Bytes -> Algo RING proto SIMPLE channel{Lo..Hi}={0..15}
cs-ec021-cfaa2-server:18866:18866 [0] NCCL INFO AllGather: 8388608 Bytes -> Algo RING proto SIMPLE channel{Lo..Hi}={0..15}
cs-ec021-cfaa2-server:18866:18866 [0] NCCL INFO AllGather: 8388608 Bytes -> Algo RING proto SIMPLE channel{Lo..Hi}={0..15}
cs-ec021-cfaa2-server:18866:18866 [0] NCCL INFO AllGather: 8388608 Bytes -> Algo RING proto SIMPLE channel{Lo..Hi}={0..15}
cs-ec021-cfaa2-server:18866:18866 [0] NCCL INFO AllGather: 8388608 Bytes -> Algo RING proto SIMPLE channel{Lo..Hi}={0..15}
cs-ec021-cfaa2-server:18866:18866 [0] NCCL INFO AllGather: 8388608 Bytes -> Algo RING proto SIMPLE channel{Lo..Hi}={0..15}
cs-ec021-cfaa2-server:18866:18866 [0] NCCL INFO AllGather: 8388608 Bytes -> Algo RING proto SIMPLE channel{Lo..Hi}={0..15}
cs-ec021-cfaa2-server:18866:18866 [0] NCCL INFO AllGather: 8388608 Bytes -> Algo RING proto SIMPLE channel{Lo..Hi}={0..15}
cs-ec021-cfaa2-server:18866:18866 [0] NCCL INFO AllGather: 8388608 Bytes -> Algo RING proto SIMPLE channel{Lo..Hi}={0..15}
cs-ec021-cfaa2-server:18866:18866 [0] NCCL INFO AllGather: 8388608 Bytes -> Algo RING proto SIMPLE channel{Lo..Hi}={0..15}
cs-ec021-cfaa2-server:18866:18866 [0] NCCL INFO AllGather: 8388608 Bytes -> Algo RING proto SIMPLE channel{Lo..Hi}={0..15}
cs-ec021-cfaa2-server:18866:18866 [0] NCCL INFO AllGather: 8388608 Bytes -> Algo RING proto SIMPLE channel{Lo..Hi}={0..15}
cs-ec021-cfaa2-server:18866:18866 [0] NCCL INFO AllGather: 8388608 Bytes -> Algo RING proto SIMPLE channel{Lo..Hi}={0..15}
cs-ec021-cfaa2-server:18866:18866 [0] NCCL INFO AllGather: 8388608 Bytes -> Algo RING proto SIMPLE channel{Lo..Hi}={0..15}
cs-ec021-cfaa2-server:18866:18866 [0] NCCL INFO AllGather: 8388608 Bytes -> Algo RING proto SIMPLE channel{Lo..Hi}={0..15}
cs-ec021-cfaa2-server:18866:18866 [0] NCCL INFO AllGather: 8388608 Bytes -> Algo RING proto SIMPLE channel{Lo..Hi}={0..15}
cs-ec021-cfaa2-server:18866:18866 [0] NCCL INFO AllGather: 8388608 Bytes -> Algo RING proto SIMPLE channel{Lo..Hi}={0..15}
cs-ec021-cfaa2-server:18866:18866 [0] NCCL INFO AllGather: 8388608 Bytes -> Algo RING proto SIMPLE channel{Lo..Hi}={0..15}
cs-ec021-cfaa2-server:18866:18866 [0] NCCL INFO AllGather: 8388608 Bytes -> Algo RING proto SIMPLE channel{Lo..Hi}={0..15}
cs-ec021-cfaa2-server:18866:18866 [0] NCCL INFO AllGather: 8388608 Bytes -> Algo RING proto SIMPLE channel{Lo..Hi}={0..15}
cs-ec021-cfaa2-server:18866:18866 [0] NCCL INFO AllGather: 8388608 Bytes -> Algo RING proto SIMPLE channel{Lo..Hi}={0..15}
cs-ec021-cfaa2-server:18866:18866 [0] NCCL INFO AllGather: 8388608 Bytes -> Algo RING proto SIMPLE channel{Lo..Hi}={0..15}
cs-ec021-cfaa2-server:18866:18866 [0] NCCL INFO AllGather: 8388608 Bytes -> Algo RING proto SIMPLE channel{Lo..Hi}={0..15}
cs-ec021-cfaa2-server:18866:18866 [0] NCCL INFO AllGather: 8388608 Bytes -> Algo RING proto SIMPLE channel{Lo..Hi}={0..15}
cs-ec021-cfaa2-server:18866:18866 [0] NCCL INFO AllGather: 8388608 Bytes -> Algo RING proto SIMPLE channel{Lo..Hi}={0..15}
cs-ec021-cfaa2-server:18866:18866 [0] NCCL INFO AllGather: 8388608 Bytes -> Algo RING proto SIMPLE channel{Lo..Hi}={0..15}
cs-ec021-cfaa2-server:18866:18866 [0] NCCL INFO AllGather: 8388608 Bytes -> Algo RING proto SIMPLE channel{Lo..Hi}={0..15}
cs-ec021-cfaa2-server:18866:18866 [0] NCCL INFO AllGather: 8388608 Bytes -> Algo RING proto SIMPLE channel{Lo..Hi}={0..15}
cs-ec021-cfaa2-server:18866:18866 [0] NCCL INFO AllGather: 8388608 Bytes -> Algo RING proto SIMPLE channel{Lo..Hi}={0..15}
cs-ec021-cfaa2-server:18866:18866 [0] NCCL INFO AllGather: 8388608 Bytes -> Algo RING proto SIMPLE channel{Lo..Hi}={0..15}
cs-ec021-cfaa2-server:18866:18866 [0] NCCL INFO AllGather: 8388608 Bytes -> Algo RING proto SIMPLE channel{Lo..Hi}={0..15}
cs-ec021-cfaa2-server:18866:18866 [0] NCCL INFO AllGather: 67108864 Bytes -> Algo RING proto SIMPLE channel{Lo..Hi}={0..15}
cs-ec021-cfaa2-server:18866:18866 [0] NCCL INFO AllGather: 67108864 Bytes -> Algo RING proto SIMPLE channel{Lo..Hi}={0..15}
cs-ec021-cfaa2-server:18866:18866 [0] NCCL INFO AllGather: 67108864 Bytes -> Algo RING proto SIMPLE channel{Lo..Hi}={0..15}
cs-ec021-cfaa2-server:18866:18866 [0] NCCL INFO AllGather: 67108864 Bytes -> Algo RING proto SIMPLE channel{Lo..Hi}={0..15}
cs-ec021-cfaa2-server:18866:18866 [0] NCCL INFO AllGather: 67108864 Bytes -> Algo RING proto SIMPLE channel{Lo..Hi}={0..15}
cs-ec021-cfaa2-server:18866:18866 [0] NCCL INFO AllGather: 67108864 Bytes -> Algo RING proto SIMPLE channel{Lo..Hi}={0..15}
cs-ec021-cfaa2-server:18866:18866 [0] NCCL INFO AllGather: 67108864 Bytes -> Algo RING proto SIMPLE channel{Lo..Hi}={0..15}
cs-ec021-cfaa2-server:18866:18866 [0] NCCL INFO AllGather: 67108864 Bytes -> Algo RING proto SIMPLE channel{Lo..Hi}={0..15}
cs-ec021-cfaa2-server:18866:18866 [0] NCCL INFO AllGather: 67108864 Bytes -> Algo RING proto SIMPLE channel{Lo..Hi}={0..15}
cs-ec021-cfaa2-server:18866:18866 [0] NCCL INFO AllGather: 67108864 Bytes -> Algo RING proto SIMPLE channel{Lo..Hi}={0..15}
cs-ec021-cfaa2-server:18866:18866 [0] NCCL INFO AllGather: 67108864 Bytes -> Algo RING proto SIMPLE channel{Lo..Hi}={0..15}
cs-ec021-cfaa2-server:18866:18866 [0] NCCL INFO AllGather: 67108864 Bytes -> Algo RING proto SIMPLE channel{Lo..Hi}={0..15}
cs-ec021-cfaa2-server:18866:18866 [0] NCCL INFO AllGather: 67108864 Bytes -> Algo RING proto SIMPLE channel{Lo..Hi}={0..15}
cs-ec021-cfaa2-server:18866:18866 [0] NCCL INFO AllGather: 67108864 Bytes -> Algo RING proto SIMPLE channel{Lo..Hi}={0..15}
cs-ec021-cfaa2-server:18866:18866 [0] NCCL INFO AllGather: 67108864 Bytes -> Algo RING proto SIMPLE channel{Lo..Hi}={0..15}
cs-ec021-cfaa2-server:18866:18866 [0] NCCL INFO AllGather: 67108864 Bytes -> Algo RING proto SIMPLE channel{Lo..Hi}={0..15}
cs-ec021-cfaa2-server:18866:18866 [0] NCCL INFO AllGather: 67108864 Bytes -> Algo RING proto SIMPLE channel{Lo..Hi}={0..15}
cs-ec021-cfaa2-server:18866:18866 [0] NCCL INFO AllGather: 67108864 Bytes -> Algo RING proto SIMPLE channel{Lo..Hi}={0..15}
cs-ec021-cfaa2-server:18866:18866 [0] NCCL INFO AllGather: 67108864 Bytes -> Algo RING proto SIMPLE channel{Lo..Hi}={0..15}
cs-ec021-cfaa2-server:18866:18866 [0] NCCL INFO AllGather: 67108864 Bytes -> Algo RING proto SIMPLE channel{Lo..Hi}={0..15}
cs-ec021-cfaa2-server:18866:18866 [0] NCCL INFO AllGather: 67108864 Bytes -> Algo RING proto SIMPLE channel{Lo..Hi}={0..15}
cs-ec021-cfaa2-server:18866:18866 [0] NCCL INFO AllGather: 67108864 Bytes -> Algo RING proto SIMPLE channel{Lo..Hi}={0..15}
cs-ec021-cfaa2-server:18866:18866 [0] NCCL INFO AllGather: 67108864 Bytes -> Algo RING proto SIMPLE channel{Lo..Hi}={0..15}
cs-ec021-cfaa2-server:18866:18866 [0] NCCL INFO AllGather: 67108864 Bytes -> Algo RING proto SIMPLE channel{Lo..Hi}={0..15}
cs-ec021-cfaa2-server:18866:18866 [0] NCCL INFO AllGather: 67108864 Bytes -> Algo RING proto SIMPLE channel{Lo..Hi}={0..15}
cs-ec021-cfaa2-server:18866:18866 [0] NCCL INFO AllGather: 67108864 Bytes -> Algo RING proto SIMPLE channel{Lo..Hi}={0..15}
cs-ec021-cfaa2-server:18866:18866 [0] NCCL INFO AllGather: 67108864 Bytes -> Algo RING proto SIMPLE channel{Lo..Hi}={0..15}
cs-ec021-cfaa2-server:18866:18866 [0] NCCL INFO AllGather: 67108864 Bytes -> Algo RING proto SIMPLE channel{Lo..Hi}={0..15}
cs-ec021-cfaa2-server:18866:18866 [0] NCCL INFO AllGather: 67108864 Bytes -> Algo RING proto SIMPLE channel{Lo..Hi}={0..15}
cs-ec021-cfaa2-server:18866:18866 [0] NCCL INFO AllGather: 67108864 Bytes -> Algo RING proto SIMPLE channel{Lo..Hi}={0..15}
cs-ec021-cfaa2-server:18866:18866 [0] NCCL INFO AllGather: 67108864 Bytes -> Algo RING proto SIMPLE channel{Lo..Hi}={0..15}
cs-ec021-cfaa2-server:18866:18866 [0] NCCL INFO AllGather: 67108864 Bytes -> Algo RING proto SIMPLE channel{Lo..Hi}={0..15}
cs-ec021-cfaa2-server:18866:18866 [0] NCCL INFO AllGather: 67108864 Bytes -> Algo RING proto SIMPLE channel{Lo..Hi}={0..15}
cs-ec021-cfaa2-server:18866:18866 [0] NCCL INFO AllGather: 67108864 Bytes -> Algo RING proto SIMPLE channel{Lo..Hi}={0..15}
cs-ec021-cfaa2-server:18866:18866 [0] NCCL INFO AllGather: 67108864 Bytes -> Algo RING proto SIMPLE channel{Lo..Hi}={0..15}
cs-ec021-cfaa2-server:18866:18866 [0] NCCL INFO AllGather: 67108864 Bytes -> Algo RING proto SIMPLE channel{Lo..Hi}={0..15}
cs-ec021-cfaa2-server:18866:18866 [0] NCCL INFO AllGather: 67108864 Bytes -> Algo RING proto SIMPLE channel{Lo..Hi}={0..15}
cs-ec021-cfaa2-server:18866:18866 [0] NCCL INFO AllGather: 67108864 Bytes -> Algo RING proto SIMPLE channel{Lo..Hi}={0..15}
cs-ec021-cfaa2-server:18866:18866 [0] NCCL INFO AllGather: 67108864 Bytes -> Algo RING proto SIMPLE channel{Lo..Hi}={0..15}
cs-ec021-cfaa2-server:18866:18866 [0] NCCL INFO AllGather: 67108864 Bytes -> Algo RING proto SIMPLE channel{Lo..Hi}={0..15}
cs-ec021-cfaa2-server:18866:18866 [0] NCCL INFO AllGather: 67108864 Bytes -> Algo RING proto SIMPLE channel{Lo..Hi}={0..15}
cs-ec021-cfaa2-server:18866:18866 [0] NCCL INFO AllGather: 67108864 Bytes -> Algo RING proto SIMPLE channel{Lo..Hi}={0..15}
cs-ec021-cfaa2-server:18866:18866 [0] NCCL INFO AllGather: 67108864 Bytes -> Algo RING proto SIMPLE channel{Lo..Hi}={0..15}
cs-ec021-cfaa2-server:18866:18866 [0] NCCL INFO AllGather: 67108864 Bytes -> Algo RING proto SIMPLE channel{Lo..Hi}={0..15}
cs-ec021-cfaa2-server:18866:18866 [0] NCCL INFO AllGather: 67108864 Bytes -> Algo RING proto SIMPLE channel{Lo..Hi}={0..15}
cs-ec021-cfaa2-server:18866:18866 [0] NCCL INFO AllGather: 67108864 Bytes -> Algo RING proto SIMPLE channel{Lo..Hi}={0..15}
cs-ec021-cfaa2-server:18866:18866 [0] NCCL INFO AllGather: 67108864 Bytes -> Algo RING proto SIMPLE channel{Lo..Hi}={0..15}
cs-ec021-cfaa2-server:18866:18866 [0] NCCL INFO AllGather: 67108864 Bytes -> Algo RING proto SIMPLE channel{Lo..Hi}={0..15}
cs-ec021-cfaa2-server:18866:18866 [0] NCCL INFO AllGather: 67108864 Bytes -> Algo RING proto SIMPLE channel{Lo..Hi}={0..15}
cs-ec021-cfaa2-server:18866:18866 [0] NCCL INFO AllGather: 67108864 Bytes -> Algo RING proto SIMPLE channel{Lo..Hi}={0..15}
cs-ec021-cfaa2-server:18866:18866 [0] NCCL INFO AllGather: 8388608 Bytes -> Algo RING proto SIMPLE channel{Lo..Hi}={0..15}
cs-ec021-cfaa2-server:18866:18866 [0] NCCL INFO AllGather: 8388608 Bytes -> Algo RING proto SIMPLE channel{Lo..Hi}={0..15}
cs-ec021-cfaa2-server:18866:18866 [0] NCCL INFO AllGather: 8388608 Bytes -> Algo RING proto SIMPLE channel{Lo..Hi}={0..15}
cs-ec021-cfaa2-server:18866:18866 [0] NCCL INFO AllGather: 8388608 Bytes -> Algo RING proto SIMPLE channel{Lo..Hi}={0..15}
cs-ec021-cfaa2-server:18866:18866 [0] NCCL INFO AllGather: 8388608 Bytes -> Algo RING proto SIMPLE channel{Lo..Hi}={0..15}
cs-ec021-cfaa2-server:18866:18866 [0] NCCL INFO AllGather: 8388608 Bytes -> Algo RING proto SIMPLE channel{Lo..Hi}={0..15}
cs-ec021-cfaa2-server:18866:18866 [0] NCCL INFO AllGather: 8388608 Bytes -> Algo RING proto SIMPLE channel{Lo..Hi}={0..15}
cs-ec021-cfaa2-server:18866:18866 [0] NCCL INFO AllGather: 8388608 Bytes -> Algo RING proto SIMPLE channel{Lo..Hi}={0..15}
cs-ec021-cfaa2-server:18866:18866 [0] NCCL INFO AllGather: 8388608 Bytes -> Algo RING proto SIMPLE channel{Lo..Hi}={0..15}
cs-ec021-cfaa2-server:18866:18866 [0] NCCL INFO AllGather: 8388608 Bytes -> Algo RING proto SIMPLE channel{Lo..Hi}={0..15}
cs-ec021-cfaa2-server:18866:18866 [0] NCCL INFO AllGather: 8388608 Bytes -> Algo RING proto SIMPLE channel{Lo..Hi}={0..15}
cs-ec021-cfaa2-server:18866:18866 [0] NCCL INFO AllGather: 8388608 Bytes -> Algo RING proto SIMPLE channel{Lo..Hi}={0..15}
cs-ec021-cfaa2-server:18866:18866 [0] NCCL INFO AllGather: 8388608 Bytes -> Algo RING proto SIMPLE channel{Lo..Hi}={0..15}
cs-ec021-cfaa2-server:18866:18866 [0] NCCL INFO AllGather: 8388608 Bytes -> Algo RING proto SIMPLE channel{Lo..Hi}={0..15}
cs-ec021-cfaa2-server:18866:18866 [0] NCCL INFO AllGather: 8388608 Bytes -> Algo RING proto SIMPLE channel{Lo..Hi}={0..15}
cs-ec021-cfaa2-server:18866:18866 [0] NCCL INFO AllGather: 8388608 Bytes -> Algo RING proto SIMPLE channel{Lo..Hi}={0..15}
cs-ec021-cfaa2-server:18866:18866 [0] NCCL INFO AllGather: 8388608 Bytes -> Algo RING proto SIMPLE channel{Lo..Hi}={0..15}
cs-ec021-cfaa2-server:18866:18866 [0] NCCL INFO AllGather: 8388608 Bytes -> Algo RING proto SIMPLE channel{Lo..Hi}={0..15}
cs-ec021-cfaa2-server:18866:18866 [0] NCCL INFO AllGather: 8388608 Bytes -> Algo RING proto SIMPLE channel{Lo..Hi}={0..15}
cs-ec021-cfaa2-server:18866:18866 [0] NCCL INFO AllGather: 8388608 Bytes -> Algo RING proto SIMPLE channel{Lo..Hi}={0..15}
cs-ec021-cfaa2-server:18866:18866 [0] NCCL INFO AllGather: 8388608 Bytes -> Algo RING proto SIMPLE channel{Lo..Hi}={0..15}
cs-ec021-cfaa2-server:18866:18866 [0] NCCL INFO AllGather: 8388608 Bytes -> Algo RING proto SIMPLE channel{Lo..Hi}={0..15}
cs-ec021-cfaa2-server:18866:18866 [0] NCCL INFO AllGather: 8388608 Bytes -> Algo RING proto SIMPLE channel{Lo..Hi}={0..15}
cs-ec021-cfaa2-server:18866:18866 [0] NCCL INFO AllGather: 8388608 Bytes -> Algo RING proto SIMPLE channel{Lo..Hi}={0..15}
cs-ec021-cfaa2-server:18866:18866 [0] NCCL INFO AllGather: 8388608 Bytes -> Algo RING proto SIMPLE channel{Lo..Hi}={0..15}
cs-ec021-cfaa2-server:18866:18866 [0] NCCL INFO AllGather: 8388608 Bytes -> Algo RING proto SIMPLE channel{Lo..Hi}={0..15}
cs-ec021-cfaa2-server:18866:18866 [0] NCCL INFO AllGather: 8388608 Bytes -> Algo RING proto SIMPLE channel{Lo..Hi}={0..15}
cs-ec021-cfaa2-server:18866:18866 [0] NCCL INFO AllGather: 8388608 Bytes -> Algo RING proto SIMPLE channel{Lo..Hi}={0..15}
cs-ec021-cfaa2-server:18866:18866 [0] NCCL INFO AllGather: 8388608 Bytes -> Algo RING proto SIMPLE channel{Lo..Hi}={0..15}
cs-ec021-cfaa2-server:18866:18866 [0] NCCL INFO AllGather: 8388608 Bytes -> Algo RING proto SIMPLE channel{Lo..Hi}={0..15}
cs-ec021-cfaa2-server:18866:18866 [0] NCCL INFO AllGather: 8388608 Bytes -> Algo RING proto SIMPLE channel{Lo..Hi}={0..15}
cs-ec021-cfaa2-server:18866:18866 [0] NCCL INFO AllGather: 8388608 Bytes -> Algo RING proto SIMPLE channel{Lo..Hi}={0..15}
cs-ec021-cfaa2-server:18866:18866 [0] NCCL INFO AllGather: 8388608 Bytes -> Algo RING proto SIMPLE channel{Lo..Hi}={0..15}
cs-ec021-cfaa2-server:18866:18866 [0] NCCL INFO AllGather: 8388608 Bytes -> Algo RING proto SIMPLE channel{Lo..Hi}={0..15}
cs-ec021-cfaa2-server:18866:18866 [0] NCCL INFO AllGather: 8388608 Bytes -> Algo RING proto SIMPLE channel{Lo..Hi}={0..15}
cs-ec021-cfaa2-server:18866:18866 [0] NCCL INFO AllGather: 8388608 Bytes -> Algo RING proto SIMPLE channel{Lo..Hi}={0..15}
cs-ec021-cfaa2-server:18866:18866 [0] NCCL INFO AllGather: 8388608 Bytes -> Algo RING proto SIMPLE channel{Lo..Hi}={0..15}
cs-ec021-cfaa2-server:18866:18866 [0] NCCL INFO AllGather: 8388608 Bytes -> Algo RING proto SIMPLE channel{Lo..Hi}={0..15}
cs-ec021-cfaa2-server:18866:18866 [0] NCCL INFO AllGather: 8388608 Bytes -> Algo RING proto SIMPLE channel{Lo..Hi}={0..15}
cs-ec021-cfaa2-server:18866:18866 [0] NCCL INFO AllGather: 8388608 Bytes -> Algo RING proto SIMPLE channel{Lo..Hi}={0..15}
cs-ec021-cfaa2-server:18866:18866 [0] NCCL INFO AllGather: 8388608 Bytes -> Algo RING proto SIMPLE channel{Lo..Hi}={0..15}
cs-ec021-cfaa2-server:18866:18866 [0] NCCL INFO AllGather: 8388608 Bytes -> Algo RING proto SIMPLE channel{Lo..Hi}={0..15}
cs-ec021-cfaa2-server:18866:18866 [0] NCCL INFO AllGather: 8388608 Bytes -> Algo RING proto SIMPLE channel{Lo..Hi}={0..15}
cs-ec021-cfaa2-server:18866:18866 [0] NCCL INFO AllGather: 8388608 Bytes -> Algo RING proto SIMPLE channel{Lo..Hi}={0..15}
cs-ec021-cfaa2-server:18866:18866 [0] NCCL INFO AllGather: 8388608 Bytes -> Algo RING proto SIMPLE channel{Lo..Hi}={0..15}
cs-ec021-cfaa2-server:18866:18866 [0] NCCL INFO AllGather: 8388608 Bytes -> Algo RING proto SIMPLE channel{Lo..Hi}={0..15}
cs-ec021-cfaa2-server:18866:18866 [0] NCCL INFO AllGather: 8388608 Bytes -> Algo RING proto SIMPLE channel{Lo..Hi}={0..15}
cs-ec021-cfaa2-server:18866:18866 [0] NCCL INFO AllGather: 8388608 Bytes -> Algo RING proto SIMPLE channel{Lo..Hi}={0..15}
cs-ec021-cfaa2-server:18866:18866 [0] NCCL INFO AllGather: 8388608 Bytes -> Algo RING proto SIMPLE channel{Lo..Hi}={0..15}
cs-ec021-cfaa2-server:18866:18866 [0] NCCL INFO AllGather: 8388608 Bytes -> Algo RING proto SIMPLE channel{Lo..Hi}={0..15}
cs-ec021-cfaa2-server:18866:18866 [0] NCCL INFO AllGather: 8388608 Bytes -> Algo RING proto SIMPLE channel{Lo..Hi}={0..15}
cs-ec021-cfaa2-server:18866:18866 [0] NCCL INFO AllGather: 8388608 Bytes -> Algo RING proto SIMPLE channel{Lo..Hi}={0..15}
cs-ec021-cfaa2-server:18866:18866 [0] NCCL INFO AllGather: 8388608 Bytes -> Algo RING proto SIMPLE channel{Lo..Hi}={0..15}
cs-ec021-cfaa2-server:18866:18866 [0] NCCL INFO AllGather: 8388608 Bytes -> Algo RING proto SIMPLE channel{Lo..Hi}={0..15}
cs-ec021-cfaa2-server:18866:18866 [0] NCCL INFO AllGather: 8388608 Bytes -> Algo RING proto SIMPLE channel{Lo..Hi}={0..15}
cs-ec021-cfaa2-server:18866:18866 [0] NCCL INFO AllGather: 8388608 Bytes -> Algo RING proto SIMPLE channel{Lo..Hi}={0..15}
cs-ec021-cfaa2-server:18866:18866 [0] NCCL INFO AllGather: 8388608 Bytes -> Algo RING proto SIMPLE channel{Lo..Hi}={0..15}
cs-ec021-cfaa2-server:18866:18866 [0] NCCL INFO AllGather: 8388608 Bytes -> Algo RING proto SIMPLE channel{Lo..Hi}={0..15}
cs-ec021-cfaa2-server:18866:18866 [0] NCCL INFO AllGather: 8388608 Bytes -> Algo RING proto SIMPLE channel{Lo..Hi}={0..15}
cs-ec021-cfaa2-server:18866:18866 [0] NCCL INFO AllGather: 8388608 Bytes -> Algo RING proto SIMPLE channel{Lo..Hi}={0..15}
cs-ec021-cfaa2-server:18866:18866 [0] NCCL INFO AllGather: 8388608 Bytes -> Algo RING proto SIMPLE channel{Lo..Hi}={0..15}
cs-ec021-cfaa2-server:18866:18866 [0] NCCL INFO AllGather: 8388608 Bytes -> Algo RING proto SIMPLE channel{Lo..Hi}={0..15}
cs-ec021-cfaa2-server:18866:18866 [0] NCCL INFO AllGather: 8388608 Bytes -> Algo RING proto SIMPLE channel{Lo..Hi}={0..15}
cs-ec021-cfaa2-server:18866:18866 [0] NCCL INFO AllGather: 8388608 Bytes -> Algo RING proto SIMPLE channel{Lo..Hi}={0..15}
cs-ec021-cfaa2-server:18866:18866 [0] NCCL INFO AllGather: 8388608 Bytes -> Algo RING proto SIMPLE channel{Lo..Hi}={0..15}
cs-ec021-cfaa2-server:18866:18866 [0] NCCL INFO AllGather: 8388608 Bytes -> Algo RING proto SIMPLE channel{Lo..Hi}={0..15}
cs-ec021-cfaa2-server:18866:18866 [0] NCCL INFO AllGather: 8388608 Bytes -> Algo RING proto SIMPLE channel{Lo..Hi}={0..15}
cs-ec021-cfaa2-server:18866:18866 [0] NCCL INFO AllGather: 8388608 Bytes -> Algo RING proto SIMPLE channel{Lo..Hi}={0..15}
cs-ec021-cfaa2-server:18866:18866 [0] NCCL INFO AllGather: 8388608 Bytes -> Algo RING proto SIMPLE channel{Lo..Hi}={0..15}
cs-ec021-cfaa2-server:18866:18866 [0] NCCL INFO AllGather: 8388608 Bytes -> Algo RING proto SIMPLE channel{Lo..Hi}={0..15}
cs-ec021-cfaa2-server:18866:18866 [0] NCCL INFO AllGather: 8388608 Bytes -> Algo RING proto SIMPLE channel{Lo..Hi}={0..15}
cs-ec021-cfaa2-server:18866:18866 [0] NCCL INFO AllGather: 8388608 Bytes -> Algo RING proto SIMPLE channel{Lo..Hi}={0..15}
cs-ec021-cfaa2-server:18866:18866 [0] NCCL INFO AllGather: 8388608 Bytes -> Algo RING proto SIMPLE channel{Lo..Hi}={0..15}
cs-ec021-cfaa2-server:18866:18866 [0] NCCL INFO AllGather: 8388608 Bytes -> Algo RING proto SIMPLE channel{Lo..Hi}={0..15}
cs-ec021-cfaa2-server:18866:18866 [0] NCCL INFO AllGather: 8388608 Bytes -> Algo RING proto SIMPLE channel{Lo..Hi}={0..15}
cs-ec021-cfaa2-server:18866:18866 [0] NCCL INFO AllGather: 8388608 Bytes -> Algo RING proto SIMPLE channel{Lo..Hi}={0..15}
cs-ec021-cfaa2-server:18866:18866 [0] NCCL INFO AllGather: 8388608 Bytes -> Algo RING proto SIMPLE channel{Lo..Hi}={0..15}
cs-ec021-cfaa2-server:18866:18866 [0] NCCL INFO AllGather: 8388608 Bytes -> Algo RING proto SIMPLE channel{Lo..Hi}={0..15}
cs-ec021-cfaa2-server:18866:18866 [0] NCCL INFO AllGather: 8388608 Bytes -> Algo RING proto SIMPLE channel{Lo..Hi}={0..15}
cs-ec021-cfaa2-server:18866:18866 [0] NCCL INFO AllGather: 8388608 Bytes -> Algo RING proto SIMPLE channel{Lo..Hi}={0..15}
cs-ec021-cfaa2-server:18866:18866 [0] NCCL INFO AllGather: 8388608 Bytes -> Algo RING proto SIMPLE channel{Lo..Hi}={0..15}
cs-ec021-cfaa2-server:18866:18866 [0] NCCL INFO AllGather: 8388608 Bytes -> Algo RING proto SIMPLE channel{Lo..Hi}={0..15}
cs-ec021-cfaa2-server:18866:18866 [0] NCCL INFO AllGather: 8388608 Bytes -> Algo RING proto SIMPLE channel{Lo..Hi}={0..15}
cs-ec021-cfaa2-server:18866:18866 [0] NCCL INFO AllGather: 8388608 Bytes -> Algo RING proto SIMPLE channel{Lo..Hi}={0..15}
cs-ec021-cfaa2-server:18866:18866 [0] NCCL INFO AllGather: 8388608 Bytes -> Algo RING proto SIMPLE channel{Lo..Hi}={0..15}
cs-ec021-cfaa2-server:18866:18866 [0] NCCL INFO AllGather: 8388608 Bytes -> Algo RING proto SIMPLE channel{Lo..Hi}={0..15}
cs-ec021-cfaa2-server:18866:18866 [0] NCCL INFO AllGather: 8388608 Bytes -> Algo RING proto SIMPLE channel{Lo..Hi}={0..15}
cs-ec021-cfaa2-server:18866:18866 [0] NCCL INFO AllGather: 8388608 Bytes -> Algo RING proto SIMPLE channel{Lo..Hi}={0..15}
cs-ec021-cfaa2-server:18866:18866 [0] NCCL INFO AllGather: 8388608 Bytes -> Algo RING proto SIMPLE channel{Lo..Hi}={0..15}
cs-ec021-cfaa2-server:18866:18866 [0] NCCL INFO AllGather: 8388608 Bytes -> Algo RING proto SIMPLE channel{Lo..Hi}={0..15}
cs-ec021-cfaa2-server:18866:18866 [0] NCCL INFO AllGather: 8388608 Bytes -> Algo RING proto SIMPLE channel{Lo..Hi}={0..15}
cs-ec021-cfaa2-server:18866:18866 [0] NCCL INFO AllGather: 8388608 Bytes -> Algo RING proto SIMPLE channel{Lo..Hi}={0..15}
cs-ec021-cfaa2-server:18866:18866 [0] NCCL INFO AllGather: 8388608 Bytes -> Algo RING proto SIMPLE channel{Lo..Hi}={0..15}
cs-ec021-cfaa2-server:18866:18866 [0] NCCL INFO AllGather: 8388608 Bytes -> Algo RING proto SIMPLE channel{Lo..Hi}={0..15}
cs-ec021-cfaa2-server:18866:18866 [0] NCCL INFO AllGather: 8388608 Bytes -> Algo RING proto SIMPLE channel{Lo..Hi}={0..15}
cs-ec021-cfaa2-server:18866:18866 [0] NCCL INFO AllGather: 8388608 Bytes -> Algo RING proto SIMPLE channel{Lo..Hi}={0..15}
cs-ec021-cfaa2-server:18866:18866 [0] NCCL INFO AllGather: 8388608 Bytes -> Algo RING proto SIMPLE channel{Lo..Hi}={0..15}
cs-ec021-cfaa2-server:18866:18866 [0] NCCL INFO AllGather: 8388608 Bytes -> Algo RING proto SIMPLE channel{Lo..Hi}={0..15}
cs-ec021-cfaa2-server:18866:18866 [0] NCCL INFO AllGather: 8388608 Bytes -> Algo RING proto SIMPLE channel{Lo..Hi}={0..15}
cs-ec021-cfaa2-server:18866:18866 [0] NCCL INFO AllGather: 8388608 Bytes -> Algo RING proto SIMPLE channel{Lo..Hi}={0..15}
cs-ec021-cfaa2-server:18866:18866 [0] NCCL INFO AllGather: 8388608 Bytes -> Algo RING proto SIMPLE channel{Lo..Hi}={0..15}
cs-ec021-cfaa2-server:18866:18866 [0] NCCL INFO AllGather: 8388608 Bytes -> Algo RING proto SIMPLE channel{Lo..Hi}={0..15}
cs-ec021-cfaa2-server:18866:18866 [0] NCCL INFO AllGather: 8388608 Bytes -> Algo RING proto SIMPLE channel{Lo..Hi}={0..15}
cs-ec021-cfaa2-server:18866:18866 [0] NCCL INFO AllGather: 8388608 Bytes -> Algo RING proto SIMPLE channel{Lo..Hi}={0..15}
cs-ec021-cfaa2-server:18866:18866 [0] NCCL INFO AllGather: 8388608 Bytes -> Algo RING proto SIMPLE channel{Lo..Hi}={0..15}
cs-ec021-cfaa2-server:18866:18866 [0] NCCL INFO AllGather: 8388608 Bytes -> Algo RING proto SIMPLE channel{Lo..Hi}={0..15}
cs-ec021-cfaa2-server:18866:18866 [0] NCCL INFO AllGather: 8388608 Bytes -> Algo RING proto SIMPLE channel{Lo..Hi}={0..15}
cs-ec021-cfaa2-server:18866:18866 [0] NCCL INFO AllGather: 8388608 Bytes -> Algo RING proto SIMPLE channel{Lo..Hi}={0..15}
cs-ec021-cfaa2-server:18866:18866 [0] NCCL INFO AllGather: 8388608 Bytes -> Algo RING proto SIMPLE channel{Lo..Hi}={0..15}
cs-ec021-cfaa2-server:18866:18866 [0] NCCL INFO AllGather: 8388608 Bytes -> Algo RING proto SIMPLE channel{Lo..Hi}={0..15}
cs-ec021-cfaa2-server:18866:18866 [0] NCCL INFO AllGather: 8388608 Bytes -> Algo RING proto SIMPLE channel{Lo..Hi}={0..15}
cs-ec021-cfaa2-server:18866:18866 [0] NCCL INFO AllGather: 8388608 Bytes -> Algo RING proto SIMPLE channel{Lo..Hi}={0..15}
cs-ec021-cfaa2-server:18866:18866 [0] NCCL INFO AllGather: 8388608 Bytes -> Algo RING proto SIMPLE channel{Lo..Hi}={0..15}
cs-ec021-cfaa2-server:18866:18866 [0] NCCL INFO AllGather: 8388608 Bytes -> Algo RING proto SIMPLE channel{Lo..Hi}={0..15}
cs-ec021-cfaa2-server:18866:18866 [0] NCCL INFO AllGather: 8388608 Bytes -> Algo RING proto SIMPLE channel{Lo..Hi}={0..15}
cs-ec021-cfaa2-server:18866:18866 [0] NCCL INFO AllGather: 8388608 Bytes -> Algo RING proto SIMPLE channel{Lo..Hi}={0..15}
cs-ec021-cfaa2-server:18866:18866 [0] NCCL INFO AllGather: 8388608 Bytes -> Algo RING proto SIMPLE channel{Lo..Hi}={0..15}
cs-ec021-cfaa2-server:18866:18866 [0] NCCL INFO AllGather: 8388608 Bytes -> Algo RING proto SIMPLE channel{Lo..Hi}={0..15}
cs-ec021-cfaa2-server:18866:18866 [0] NCCL INFO AllGather: 8388608 Bytes -> Algo RING proto SIMPLE channel{Lo..Hi}={0..15}
cs-ec021-cfaa2-server:18866:18866 [0] NCCL INFO AllGather: 8388608 Bytes -> Algo RING proto SIMPLE channel{Lo..Hi}={0..15}
cs-ec021-cfaa2-server:18866:18866 [0] NCCL INFO AllGather: 8388608 Bytes -> Algo RING proto SIMPLE channel{Lo..Hi}={0..15}
cs-ec021-cfaa2-server:18866:18866 [0] NCCL INFO AllGather: 8388608 Bytes -> Algo RING proto SIMPLE channel{Lo..Hi}={0..15}
cs-ec021-cfaa2-server:18866:18866 [0] NCCL INFO AllGather: 8388608 Bytes -> Algo RING proto SIMPLE channel{Lo..Hi}={0..15}
cs-ec021-cfaa2-server:18866:18866 [0] NCCL INFO AllGather: 8388608 Bytes -> Algo RING proto SIMPLE channel{Lo..Hi}={0..15}
cs-ec021-cfaa2-server:18866:18866 [0] NCCL INFO AllGather: 8388608 Bytes -> Algo RING proto SIMPLE channel{Lo..Hi}={0..15}
cs-ec021-cfaa2-server:18866:18866 [0] NCCL INFO AllGather: 8388608 Bytes -> Algo RING proto SIMPLE channel{Lo..Hi}={0..15}
cs-ec021-cfaa2-server:18866:18866 [0] NCCL INFO AllGather: 8388608 Bytes -> Algo RING proto SIMPLE channel{Lo..Hi}={0..15}
cs-ec021-cfaa2-server:18866:18866 [0] NCCL INFO AllGather: 8388608 Bytes -> Algo RING proto SIMPLE channel{Lo..Hi}={0..15}
cs-ec021-cfaa2-server:18866:18866 [0] NCCL INFO AllGather: 8388608 Bytes -> Algo RING proto SIMPLE channel{Lo..Hi}={0..15}
cs-ec021-cfaa2-server:18866:18866 [0] NCCL INFO AllGather: 8388608 Bytes -> Algo RING proto SIMPLE channel{Lo..Hi}={0..15}
cs-ec021-cfaa2-server:18866:18866 [0] NCCL INFO AllGather: 8388608 Bytes -> Algo RING proto SIMPLE channel{Lo..Hi}={0..15}
cs-ec021-cfaa2-server:18866:18866 [0] NCCL INFO AllGather: 8388608 Bytes -> Algo RING proto SIMPLE channel{Lo..Hi}={0..15}
cs-ec021-cfaa2-server:18866:18866 [0] NCCL INFO AllGather: 8388608 Bytes -> Algo RING proto SIMPLE channel{Lo..Hi}={0..15}
cs-ec021-cfaa2-server:18866:18866 [0] NCCL INFO AllGather: 8388608 Bytes -> Algo RING proto SIMPLE channel{Lo..Hi}={0..15}
cs-ec021-cfaa2-server:18866:18866 [0] NCCL INFO AllGather: 8388608 Bytes -> Algo RING proto SIMPLE channel{Lo..Hi}={0..15}
cs-ec021-cfaa2-server:18866:18866 [0] NCCL INFO AllGather: 8388608 Bytes -> Algo RING proto SIMPLE channel{Lo..Hi}={0..15}
cs-ec021-cfaa2-server:18866:18866 [0] NCCL INFO AllGather: 8388608 Bytes -> Algo RING proto SIMPLE channel{Lo..Hi}={0..15}
cs-ec021-cfaa2-server:18866:18866 [0] NCCL INFO AllGather: 8388608 Bytes -> Algo RING proto SIMPLE channel{Lo..Hi}={0..15}
cs-ec021-cfaa2-server:18866:18866 [0] NCCL INFO AllGather: 8388608 Bytes -> Algo RING proto SIMPLE channel{Lo..Hi}={0..15}
cs-ec021-cfaa2-server:18866:18866 [0] NCCL INFO AllGather: 8388608 Bytes -> Algo RING proto SIMPLE channel{Lo..Hi}={0..15}
cs-ec021-cfaa2-server:18866:18866 [0] NCCL INFO AllGather: 8388608 Bytes -> Algo RING proto SIMPLE channel{Lo..Hi}={0..15}
cs-ec021-cfaa2-server:18866:18866 [0] NCCL INFO AllGather: 8388608 Bytes -> Algo RING proto SIMPLE channel{Lo..Hi}={0..15}
cs-ec021-cfaa2-server:18866:18866 [0] NCCL INFO AllGather: 8388608 Bytes -> Algo RING proto SIMPLE channel{Lo..Hi}={0..15}
cs-ec021-cfaa2-server:18866:18866 [0] NCCL INFO AllGather: 8388608 Bytes -> Algo RING proto SIMPLE channel{Lo..Hi}={0..15}
cs-ec021-cfaa2-server:18866:18866 [0] NCCL INFO AllGather: 8388608 Bytes -> Algo RING proto SIMPLE channel{Lo..Hi}={0..15}
cs-ec021-cfaa2-server:18866:18866 [0] NCCL INFO AllGather: 8388608 Bytes -> Algo RING proto SIMPLE channel{Lo..Hi}={0..15}
cs-ec021-cfaa2-server:18866:18866 [0] NCCL INFO AllGather: 8388608 Bytes -> Algo RING proto SIMPLE channel{Lo..Hi}={0..15}
cs-ec021-cfaa2-server:18866:18866 [0] NCCL INFO AllGather: 8388608 Bytes -> Algo RING proto SIMPLE channel{Lo..Hi}={0..15}
cs-ec021-cfaa2-server:18866:18866 [0] NCCL INFO AllGather: 8388608 Bytes -> Algo RING proto SIMPLE channel{Lo..Hi}={0..15}
cs-ec021-cfaa2-server:18866:18866 [0] NCCL INFO AllGather: 8388608 Bytes -> Algo RING proto SIMPLE channel{Lo..Hi}={0..15}
cs-ec021-cfaa2-server:18866:18866 [0] NCCL INFO AllGather: 8388608 Bytes -> Algo RING proto SIMPLE channel{Lo..Hi}={0..15}
cs-ec021-cfaa2-server:18866:18866 [0] NCCL INFO AllGather: 8388608 Bytes -> Algo RING proto SIMPLE channel{Lo..Hi}={0..15}
cs-ec021-cfaa2-server:18866:18866 [0] NCCL INFO AllGather: 8388608 Bytes -> Algo RING proto SIMPLE channel{Lo..Hi}={0..15}
cs-ec021-cfaa2-server:18866:18866 [0] NCCL INFO AllGather: 8388608 Bytes -> Algo RING proto SIMPLE channel{Lo..Hi}={0..15}
cs-ec021-cfaa2-server:18866:18866 [0] NCCL INFO AllGather: 8388608 Bytes -> Algo RING proto SIMPLE channel{Lo..Hi}={0..15}
cs-ec021-cfaa2-server:18866:18866 [0] NCCL INFO AllGather: 8388608 Bytes -> Algo RING proto SIMPLE channel{Lo..Hi}={0..15}
cs-ec021-cfaa2-server:18866:18866 [0] NCCL INFO AllGather: 8388608 Bytes -> Algo RING proto SIMPLE channel{Lo..Hi}={0..15}
cs-ec021-cfaa2-server:18866:18866 [0] NCCL INFO AllGather: 8388608 Bytes -> Algo RING proto SIMPLE channel{Lo..Hi}={0..15}
cs-ec021-cfaa2-server:18866:18866 [0] NCCL INFO AllGather: 8388608 Bytes -> Algo RING proto SIMPLE channel{Lo..Hi}={0..15}
cs-ec021-cfaa2-server:18866:18866 [0] NCCL INFO AllGather: 8388608 Bytes -> Algo RING proto SIMPLE channel{Lo..Hi}={0..15}
cs-ec021-cfaa2-server:18866:18866 [0] NCCL INFO AllGather: 8388608 Bytes -> Algo RING proto SIMPLE channel{Lo..Hi}={0..15}
cs-ec021-cfaa2-server:18866:18866 [0] NCCL INFO AllGather: 8388608 Bytes -> Algo RING proto SIMPLE channel{Lo..Hi}={0..15}
cs-ec021-cfaa2-server:18866:18866 [0] NCCL INFO AllGather: 8388608 Bytes -> Algo RING proto SIMPLE channel{Lo..Hi}={0..15}
cs-ec021-cfaa2-server:18866:18866 [0] NCCL INFO AllGather: 8388608 Bytes -> Algo RING proto SIMPLE channel{Lo..Hi}={0..15}
cs-ec021-cfaa2-server:18866:18866 [0] NCCL INFO AllGather: 8388608 Bytes -> Algo RING proto SIMPLE channel{Lo..Hi}={0..15}
cs-ec021-cfaa2-server:18866:18866 [0] NCCL INFO AllGather: 8388608 Bytes -> Algo RING proto SIMPLE channel{Lo..Hi}={0..15}
cs-ec021-cfaa2-server:18866:18866 [0] NCCL INFO AllGather: 8388608 Bytes -> Algo RING proto SIMPLE channel{Lo..Hi}={0..15}
cs-ec021-cfaa2-server:18866:18866 [0] NCCL INFO AllGather: 8388608 Bytes -> Algo RING proto SIMPLE channel{Lo..Hi}={0..15}
cs-ec021-cfaa2-server:18866:18866 [0] NCCL INFO AllGather: 8388608 Bytes -> Algo RING proto SIMPLE channel{Lo..Hi}={0..15}
cs-ec021-cfaa2-server:18866:18866 [0] NCCL INFO AllGather: 8388608 Bytes -> Algo RING proto SIMPLE channel{Lo..Hi}={0..15}
cs-ec021-cfaa2-server:18866:18866 [0] NCCL INFO AllGather: 8388608 Bytes -> Algo RING proto SIMPLE channel{Lo..Hi}={0..15}
cs-ec021-cfaa2-server:18866:18866 [0] NCCL INFO AllGather: 8388608 Bytes -> Algo RING proto SIMPLE channel{Lo..Hi}={0..15}
cs-ec021-cfaa2-server:18866:18866 [0] NCCL INFO AllGather: 8388608 Bytes -> Algo RING proto SIMPLE channel{Lo..Hi}={0..15}
cs-ec021-cfaa2-server:18866:18866 [0] NCCL INFO AllGather: 8388608 Bytes -> Algo RING proto SIMPLE channel{Lo..Hi}={0..15}
cs-ec021-cfaa2-server:18866:18866 [0] NCCL INFO AllGather: 8388608 Bytes -> Algo RING proto SIMPLE channel{Lo..Hi}={0..15}
cs-ec021-cfaa2-server:18866:18866 [0] NCCL INFO AllGather: 8388608 Bytes -> Algo RING proto SIMPLE channel{Lo..Hi}={0..15}
cs-ec021-cfaa2-server:18866:18866 [0] NCCL INFO AllGather: 8388608 Bytes -> Algo RING proto SIMPLE channel{Lo..Hi}={0..15}
cs-ec021-cfaa2-server:18866:18866 [0] NCCL INFO AllGather: 8388608 Bytes -> Algo RING proto SIMPLE channel{Lo..Hi}={0..15}
cs-ec021-cfaa2-server:18866:18866 [0] NCCL INFO AllGather: 8388608 Bytes -> Algo RING proto SIMPLE channel{Lo..Hi}={0..15}
cs-ec021-cfaa2-server:18866:18866 [0] NCCL INFO AllGather: 8388608 Bytes -> Algo RING proto SIMPLE channel{Lo..Hi}={0..15}
cs-ec021-cfaa2-server:18866:18866 [0] NCCL INFO AllGather: 8388608 Bytes -> Algo RING proto SIMPLE channel{Lo..Hi}={0..15}
cs-ec021-cfaa2-server:18866:18866 [0] NCCL INFO AllGather: 8388608 Bytes -> Algo RING proto SIMPLE channel{Lo..Hi}={0..15}
cs-ec021-cfaa2-server:18866:18866 [0] NCCL INFO AllGather: 8388608 Bytes -> Algo RING proto SIMPLE channel{Lo..Hi}={0..15}
cs-ec021-cfaa2-server:18866:18866 [0] NCCL INFO AllGather: 8388608 Bytes -> Algo RING proto SIMPLE channel{Lo..Hi}={0..15}
cs-ec021-cfaa2-server:18866:18866 [0] NCCL INFO AllGather: 8388608 Bytes -> Algo RING proto SIMPLE channel{Lo..Hi}={0..15}
cs-ec021-cfaa2-server:18866:18866 [0] NCCL INFO AllGather: 8388608 Bytes -> Algo RING proto SIMPLE channel{Lo..Hi}={0..15}
cs-ec021-cfaa2-server:18866:18866 [0] NCCL INFO AllGather: 8388608 Bytes -> Algo RING proto SIMPLE channel{Lo..Hi}={0..15}
cs-ec021-cfaa2-server:18866:18866 [0] NCCL INFO AllGather: 8388608 Bytes -> Algo RING proto SIMPLE channel{Lo..Hi}={0..15}
cs-ec021-cfaa2-server:18866:18866 [0] NCCL INFO AllGather: 8388608 Bytes -> Algo RING proto SIMPLE channel{Lo..Hi}={0..15}
cs-ec021-cfaa2-server:18866:18866 [0] NCCL INFO AllGather: 8388608 Bytes -> Algo RING proto SIMPLE channel{Lo..Hi}={0..15}
cs-ec021-cfaa2-server:18866:18866 [0] NCCL INFO AllGather: 8388608 Bytes -> Algo RING proto SIMPLE channel{Lo..Hi}={0..15}
cs-ec021-cfaa2-server:18866:18866 [0] NCCL INFO AllGather: 8388608 Bytes -> Algo RING proto SIMPLE channel{Lo..Hi}={0..15}
cs-ec021-cfaa2-server:18866:18866 [0] NCCL INFO AllGather: 8388608 Bytes -> Algo RING proto SIMPLE channel{Lo..Hi}={0..15}
cs-ec021-cfaa2-server:18866:18866 [0] NCCL INFO AllGather: 8388608 Bytes -> Algo RING proto SIMPLE channel{Lo..Hi}={0..15}
cs-ec021-cfaa2-server:18866:18866 [0] NCCL INFO AllGather: 8388608 Bytes -> Algo RING proto SIMPLE channel{Lo..Hi}={0..15}
cs-ec021-cfaa2-server:18866:18866 [0] NCCL INFO AllGather: 8388608 Bytes -> Algo RING proto SIMPLE channel{Lo..Hi}={0..15}
cs-ec021-cfaa2-server:18866:18866 [0] NCCL INFO AllGather: 8388608 Bytes -> Algo RING proto SIMPLE channel{Lo..Hi}={0..15}
cs-ec021-cfaa2-server:18866:18866 [0] NCCL INFO AllGather: 8388608 Bytes -> Algo RING proto SIMPLE channel{Lo..Hi}={0..15}
cs-ec021-cfaa2-server:18866:18866 [0] NCCL INFO AllGather: 8388608 Bytes -> Algo RING proto SIMPLE channel{Lo..Hi}={0..15}
cs-ec021-cfaa2-server:18866:18866 [0] NCCL INFO AllGather: 8388608 Bytes -> Algo RING proto SIMPLE channel{Lo..Hi}={0..15}
cs-ec021-cfaa2-server:18866:18866 [0] NCCL INFO AllGather: 8388608 Bytes -> Algo RING proto SIMPLE channel{Lo..Hi}={0..15}
cs-ec021-cfaa2-server:18866:18866 [0] NCCL INFO AllGather: 8388608 Bytes -> Algo RING proto SIMPLE channel{Lo..Hi}={0..15}
cs-ec021-cfaa2-server:18866:18866 [0] NCCL INFO AllGather: 8388608 Bytes -> Algo RING proto SIMPLE channel{Lo..Hi}={0..15}
cs-ec021-cfaa2-server:18866:18866 [0] NCCL INFO AllGather: 8388608 Bytes -> Algo RING proto SIMPLE channel{Lo..Hi}={0..15}
cs-ec021-cfaa2-server:18866:18866 [0] NCCL INFO AllGather: 8388608 Bytes -> Algo RING proto SIMPLE channel{Lo..Hi}={0..15}
cs-ec021-cfaa2-server:18866:18866 [0] NCCL INFO AllGather: 8388608 Bytes -> Algo RING proto SIMPLE channel{Lo..Hi}={0..15}
cs-ec021-cfaa2-server:18866:18866 [0] NCCL INFO AllGather: 8388608 Bytes -> Algo RING proto SIMPLE channel{Lo..Hi}={0..15}
cs-ec021-cfaa2-server:18866:18866 [0] NCCL INFO AllGather: 8388608 Bytes -> Algo RING proto SIMPLE channel{Lo..Hi}={0..15}
cs-ec021-cfaa2-server:18866:18866 [0] NCCL INFO AllGather: 8388608 Bytes -> Algo RING proto SIMPLE channel{Lo..Hi}={0..15}
cs-ec021-cfaa2-server:18866:18866 [0] NCCL INFO AllGather: 8388608 Bytes -> Algo RING proto SIMPLE channel{Lo..Hi}={0..15}
cs-ec021-cfaa2-server:18866:18866 [0] NCCL INFO AllGather: 8388608 Bytes -> Algo RING proto SIMPLE channel{Lo..Hi}={0..15}
cs-ec021-cfaa2-server:18866:18866 [0] NCCL INFO AllGather: 8388608 Bytes -> Algo RING proto SIMPLE channel{Lo..Hi}={0..15}
cs-ec021-cfaa2-server:18866:18866 [0] NCCL INFO AllGather: 8388608 Bytes -> Algo RING proto SIMPLE channel{Lo..Hi}={0..15}
cs-ec021-cfaa2-server:18866:18866 [0] NCCL INFO AllGather: 8388608 Bytes -> Algo RING proto SIMPLE channel{Lo..Hi}={0..15}
cs-ec021-cfaa2-server:18866:18866 [0] NCCL INFO AllGather: 8388608 Bytes -> Algo RING proto SIMPLE channel{Lo..Hi}={0..15}
cs-ec021-cfaa2-server:18866:18866 [0] NCCL INFO AllGather: 8388608 Bytes -> Algo RING proto SIMPLE channel{Lo..Hi}={0..15}
cs-ec021-cfaa2-server:18866:18866 [0] NCCL INFO AllGather: 8388608 Bytes -> Algo RING proto SIMPLE channel{Lo..Hi}={0..15}
cs-ec021-cfaa2-server:18866:18866 [0] NCCL INFO AllGather: 8388608 Bytes -> Algo RING proto SIMPLE channel{Lo..Hi}={0..15}
cs-ec021-cfaa2-server:18866:18866 [0] NCCL INFO AllGather: 8388608 Bytes -> Algo RING proto SIMPLE channel{Lo..Hi}={0..15}
cs-ec021-cfaa2-server:18866:18866 [0] NCCL INFO AllGather: 8388608 Bytes -> Algo RING proto SIMPLE channel{Lo..Hi}={0..15}
cs-ec021-cfaa2-server:18866:18866 [0] NCCL INFO AllGather: 8388608 Bytes -> Algo RING proto SIMPLE channel{Lo..Hi}={0..15}
cs-ec021-cfaa2-server:18866:18866 [0] NCCL INFO AllGather: 8388608 Bytes -> Algo RING proto SIMPLE channel{Lo..Hi}={0..15}
cs-ec021-cfaa2-server:18866:18866 [0] NCCL INFO AllGather: 8388608 Bytes -> Algo RING proto SIMPLE channel{Lo..Hi}={0..15}
cs-ec021-cfaa2-server:18866:18866 [0] NCCL INFO AllGather: 8388608 Bytes -> Algo RING proto SIMPLE channel{Lo..Hi}={0..15}
cs-ec021-cfaa2-server:18866:18866 [0] NCCL INFO AllGather: 8388608 Bytes -> Algo RING proto SIMPLE channel{Lo..Hi}={0..15}
cs-ec021-cfaa2-server:18866:18866 [0] NCCL INFO AllGather: 8388608 Bytes -> Algo RING proto SIMPLE channel{Lo..Hi}={0..15}
cs-ec021-cfaa2-server:18866:18866 [0] NCCL INFO AllGather: 8388608 Bytes -> Algo RING proto SIMPLE channel{Lo..Hi}={0..15}
cs-ec021-cfaa2-server:18866:18866 [0] NCCL INFO AllGather: 8388608 Bytes -> Algo RING proto SIMPLE channel{Lo..Hi}={0..15}
cs-ec021-cfaa2-server:18866:18866 [0] NCCL INFO AllGather: 8388608 Bytes -> Algo RING proto SIMPLE channel{Lo..Hi}={0..15}
cs-ec021-cfaa2-server:18866:18866 [0] NCCL INFO AllGather: 8388608 Bytes -> Algo RING proto SIMPLE channel{Lo..Hi}={0..15}
cs-ec021-cfaa2-server:18866:18866 [0] NCCL INFO AllGather: 8388608 Bytes -> Algo RING proto SIMPLE channel{Lo..Hi}={0..15}
cs-ec021-cfaa2-server:18866:18866 [0] NCCL INFO AllGather: 8388608 Bytes -> Algo RING proto SIMPLE channel{Lo..Hi}={0..15}
cs-ec021-cfaa2-server:18866:18866 [0] NCCL INFO AllGather: 8388608 Bytes -> Algo RING proto SIMPLE channel{Lo..Hi}={0..15}
cs-ec021-cfaa2-server:18866:18866 [0] NCCL INFO AllGather: 8388608 Bytes -> Algo RING proto SIMPLE channel{Lo..Hi}={0..15}
cs-ec021-cfaa2-server:18866:18866 [0] NCCL INFO AllGather: 8388608 Bytes -> Algo RING proto SIMPLE channel{Lo..Hi}={0..15}
cs-ec021-cfaa2-server:18866:18866 [0] NCCL INFO AllGather: 8388608 Bytes -> Algo RING proto SIMPLE channel{Lo..Hi}={0..15}
cs-ec021-cfaa2-server:18866:18866 [0] NCCL INFO AllGather: 8388608 Bytes -> Algo RING proto SIMPLE channel{Lo..Hi}={0..15}
cs-ec021-cfaa2-server:18866:18866 [0] NCCL INFO AllGather: 8388608 Bytes -> Algo RING proto SIMPLE channel{Lo..Hi}={0..15}
cs-ec021-cfaa2-server:18866:18866 [0] NCCL INFO AllGather: 8388608 Bytes -> Algo RING proto SIMPLE channel{Lo..Hi}={0..15}
cs-ec021-cfaa2-server:18866:18866 [0] NCCL INFO AllGather: 8388608 Bytes -> Algo RING proto SIMPLE channel{Lo..Hi}={0..15}
cs-ec021-cfaa2-server:18866:18866 [0] NCCL INFO AllGather: 8388608 Bytes -> Algo RING proto SIMPLE channel{Lo..Hi}={0..15}
cs-ec021-cfaa2-server:18866:18866 [0] NCCL INFO AllGather: 8388608 Bytes -> Algo RING proto SIMPLE channel{Lo..Hi}={0..15}
cs-ec021-cfaa2-server:18866:18866 [0] NCCL INFO AllGather: 8388608 Bytes -> Algo RING proto SIMPLE channel{Lo..Hi}={0..15}
cs-ec021-cfaa2-server:18866:18866 [0] NCCL INFO AllGather: 8388608 Bytes -> Algo RING proto SIMPLE channel{Lo..Hi}={0..15}
cs-ec021-cfaa2-server:18866:18866 [0] NCCL INFO AllGather: 8388608 Bytes -> Algo RING proto SIMPLE channel{Lo..Hi}={0..15}
cs-ec021-cfaa2-server:18866:18866 [0] NCCL INFO AllGather: 8388608 Bytes -> Algo RING proto SIMPLE channel{Lo..Hi}={0..15}
cs-ec021-cfaa2-server:18866:18866 [0] NCCL INFO AllGather: 8388608 Bytes -> Algo RING proto SIMPLE channel{Lo..Hi}={0..15}
cs-ec021-cfaa2-server:18866:18866 [0] NCCL INFO AllGather: 8388608 Bytes -> Algo RING proto SIMPLE channel{Lo..Hi}={0..15}
cs-ec021-cfaa2-server:18866:18866 [0] NCCL INFO AllGather: 8388608 Bytes -> Algo RING proto SIMPLE channel{Lo..Hi}={0..15}
cs-ec021-cfaa2-server:18866:18866 [0] NCCL INFO AllGather: 8388608 Bytes -> Algo RING proto SIMPLE channel{Lo..Hi}={0..15}
cs-ec021-cfaa2-server:18866:18866 [0] NCCL INFO AllGather: 8388608 Bytes -> Algo RING proto SIMPLE channel{Lo..Hi}={0..15}
cs-ec021-cfaa2-server:18866:18866 [0] NCCL INFO AllGather: 8388608 Bytes -> Algo RING proto SIMPLE channel{Lo..Hi}={0..15}
cs-ec021-cfaa2-server:18866:18866 [0] NCCL INFO AllGather: 8388608 Bytes -> Algo RING proto SIMPLE channel{Lo..Hi}={0..15}
cs-ec021-cfaa2-server:18866:18866 [0] NCCL INFO AllGather: 8388608 Bytes -> Algo RING proto SIMPLE channel{Lo..Hi}={0..15}
cs-ec021-cfaa2-server:18866:18866 [0] NCCL INFO AllGather: 8388608 Bytes -> Algo RING proto SIMPLE channel{Lo..Hi}={0..15}
cs-ec021-cfaa2-server:18866:18866 [0] NCCL INFO AllGather: 8388608 Bytes -> Algo RING proto SIMPLE channel{Lo..Hi}={0..15}
cs-ec021-cfaa2-server:18866:18866 [0] NCCL INFO AllGather: 8388608 Bytes -> Algo RING proto SIMPLE channel{Lo..Hi}={0..15}
cs-ec021-cfaa2-server:18866:18866 [0] NCCL INFO AllGather: 8388608 Bytes -> Algo RING proto SIMPLE channel{Lo..Hi}={0..15}
cs-ec021-cfaa2-server:18866:18866 [0] NCCL INFO AllGather: 8388608 Bytes -> Algo RING proto SIMPLE channel{Lo..Hi}={0..15}
cs-ec021-cfaa2-server:18866:18866 [0] NCCL INFO AllGather: 8388608 Bytes -> Algo RING proto SIMPLE channel{Lo..Hi}={0..15}
cs-ec021-cfaa2-server:18866:18866 [0] NCCL INFO AllGather: 8388608 Bytes -> Algo RING proto SIMPLE channel{Lo..Hi}={0..15}
cs-ec021-cfaa2-server:18866:18866 [0] NCCL INFO AllGather: 8388608 Bytes -> Algo RING proto SIMPLE channel{Lo..Hi}={0..15}
cs-ec021-cfaa2-server:18866:18866 [0] NCCL INFO AllGather: 8388608 Bytes -> Algo RING proto SIMPLE channel{Lo..Hi}={0..15}
cs-ec021-cfaa2-server:18866:18866 [0] NCCL INFO AllGather: 8388608 Bytes -> Algo RING proto SIMPLE channel{Lo..Hi}={0..15}
cs-ec021-cfaa2-server:18866:18866 [0] NCCL INFO AllGather: 8388608 Bytes -> Algo RING proto SIMPLE channel{Lo..Hi}={0..15}
cs-ec021-cfaa2-server:18866:18866 [0] NCCL INFO AllGather: 8388608 Bytes -> Algo RING proto SIMPLE channel{Lo..Hi}={0..15}
cs-ec021-cfaa2-server:18866:18866 [0] NCCL INFO AllGather: 8388608 Bytes -> Algo RING proto SIMPLE channel{Lo..Hi}={0..15}
cs-ec021-cfaa2-server:18866:18866 [0] NCCL INFO AllGather: 8388608 Bytes -> Algo RING proto SIMPLE channel{Lo..Hi}={0..15}
cs-ec021-cfaa2-server:18866:18866 [0] NCCL INFO AllGather: 8388608 Bytes -> Algo RING proto SIMPLE channel{Lo..Hi}={0..15}
cs-ec021-cfaa2-server:18866:18866 [0] NCCL INFO AllGather: 8388608 Bytes -> Algo RING proto SIMPLE channel{Lo..Hi}={0..15}
cs-ec021-cfaa2-server:18866:18866 [0] NCCL INFO AllGather: 8388608 Bytes -> Algo RING proto SIMPLE channel{Lo..Hi}={0..15}
cs-ec021-cfaa2-server:18866:18866 [0] NCCL INFO AllGather: 8388608 Bytes -> Algo RING proto SIMPLE channel{Lo..Hi}={0..15}
cs-ec021-cfaa2-server:18866:18866 [0] NCCL INFO AllGather: 8388608 Bytes -> Algo RING proto SIMPLE channel{Lo..Hi}={0..15}
cs-ec021-cfaa2-server:18866:18866 [0] NCCL INFO AllGather: 8388608 Bytes -> Algo RING proto SIMPLE channel{Lo..Hi}={0..15}
cs-ec021-cfaa2-server:18866:18866 [0] NCCL INFO AllGather: 8388608 Bytes -> Algo RING proto SIMPLE channel{Lo..Hi}={0..15}
cs-ec021-cfaa2-server:18866:18866 [0] NCCL INFO AllGather: 8388608 Bytes -> Algo RING proto SIMPLE channel{Lo..Hi}={0..15}
cs-ec021-cfaa2-server:18866:18866 [0] NCCL INFO AllGather: 8388608 Bytes -> Algo RING proto SIMPLE channel{Lo..Hi}={0..15}
cs-ec021-cfaa2-server:18866:18866 [0] NCCL INFO AllGather: 8388608 Bytes -> Algo RING proto SIMPLE channel{Lo..Hi}={0..15}
cs-ec021-cfaa2-server:18866:18866 [0] NCCL INFO AllGather: 8388608 Bytes -> Algo RING proto SIMPLE channel{Lo..Hi}={0..15}
cs-ec021-cfaa2-server:18866:18866 [0] NCCL INFO AllGather: 8388608 Bytes -> Algo RING proto SIMPLE channel{Lo..Hi}={0..15}
cs-ec021-cfaa2-server:18866:18866 [0] NCCL INFO AllGather: 8388608 Bytes -> Algo RING proto SIMPLE channel{Lo..Hi}={0..15}
cs-ec021-cfaa2-server:18866:18866 [0] NCCL INFO AllGather: 8388608 Bytes -> Algo RING proto SIMPLE channel{Lo..Hi}={0..15}
cs-ec021-cfaa2-server:18866:18866 [0] NCCL INFO AllGather: 8388608 Bytes -> Algo RING proto SIMPLE channel{Lo..Hi}={0..15}
cs-ec021-cfaa2-server:18866:18866 [0] NCCL INFO AllGather: 8388608 Bytes -> Algo RING proto SIMPLE channel{Lo..Hi}={0..15}
cs-ec021-cfaa2-server:18866:18866 [0] NCCL INFO AllGather: 8388608 Bytes -> Algo RING proto SIMPLE channel{Lo..Hi}={0..15}
cs-ec021-cfaa2-server:18866:18866 [0] NCCL INFO AllGather: 8388608 Bytes -> Algo RING proto SIMPLE channel{Lo..Hi}={0..15}
cs-ec021-cfaa2-server:18866:18866 [0] NCCL INFO AllGather: 8388608 Bytes -> Algo RING proto SIMPLE channel{Lo..Hi}={0..15}
cs-ec021-cfaa2-server:18866:18866 [0] NCCL INFO AllGather: 8388608 Bytes -> Algo RING proto SIMPLE channel{Lo..Hi}={0..15}
cs-ec021-cfaa2-server:18866:18866 [0] NCCL INFO AllGather: 8388608 Bytes -> Algo RING proto SIMPLE channel{Lo..Hi}={0..15}
cs-ec021-cfaa2-server:18866:18866 [0] NCCL INFO AllGather: 8388608 Bytes -> Algo RING proto SIMPLE channel{Lo..Hi}={0..15}
cs-ec021-cfaa2-server:18866:18866 [0] NCCL INFO AllGather: 8388608 Bytes -> Algo RING proto SIMPLE channel{Lo..Hi}={0..15}
cs-ec021-cfaa2-server:18866:18866 [0] NCCL INFO AllGather: 8388608 Bytes -> Algo RING proto SIMPLE channel{Lo..Hi}={0..15}
cs-ec021-cfaa2-server:18866:18866 [0] NCCL INFO AllGather: 8388608 Bytes -> Algo RING proto SIMPLE channel{Lo..Hi}={0..15}
cs-ec021-cfaa2-server:18866:18866 [0] NCCL INFO AllGather: 8388608 Bytes -> Algo RING proto SIMPLE channel{Lo..Hi}={0..15}
cs-ec021-cfaa2-server:18866:18866 [0] NCCL INFO AllGather: 8388608 Bytes -> Algo RING proto SIMPLE channel{Lo..Hi}={0..15}
cs-ec021-cfaa2-server:18866:18866 [0] NCCL INFO AllGather: 8388608 Bytes -> Algo RING proto SIMPLE channel{Lo..Hi}={0..15}
cs-ec021-cfaa2-server:18866:18866 [0] NCCL INFO AllGather: 8388608 Bytes -> Algo RING proto SIMPLE channel{Lo..Hi}={0..15}
cs-ec021-cfaa2-server:18866:18866 [0] NCCL INFO AllGather: 8388608 Bytes -> Algo RING proto SIMPLE channel{Lo..Hi}={0..15}
cs-ec021-cfaa2-server:18866:18866 [0] NCCL INFO AllGather: 8388608 Bytes -> Algo RING proto SIMPLE channel{Lo..Hi}={0..15}
cs-ec021-cfaa2-server:18866:18866 [0] NCCL INFO AllGather: 8388608 Bytes -> Algo RING proto SIMPLE channel{Lo..Hi}={0..15}
cs-ec021-cfaa2-server:18866:18866 [0] NCCL INFO AllGather: 8388608 Bytes -> Algo RING proto SIMPLE channel{Lo..Hi}={0..15}
cs-ec021-cfaa2-server:18866:18866 [0] NCCL INFO AllGather: 8388608 Bytes -> Algo RING proto SIMPLE channel{Lo..Hi}={0..15}
cs-ec021-cfaa2-server:18866:18866 [0] NCCL INFO AllGather: 8388608 Bytes -> Algo RING proto SIMPLE channel{Lo..Hi}={0..15}
cs-ec021-cfaa2-server:18866:18866 [0] NCCL INFO AllGather: 8388608 Bytes -> Algo RING proto SIMPLE channel{Lo..Hi}={0..15}
cs-ec021-cfaa2-server:18866:18866 [0] NCCL INFO AllGather: 8388608 Bytes -> Algo RING proto SIMPLE channel{Lo..Hi}={0..15}
cs-ec021-cfaa2-server:18866:18866 [0] NCCL INFO AllGather: 8388608 Bytes -> Algo RING proto SIMPLE channel{Lo..Hi}={0..15}
cs-ec021-cfaa2-server:18866:18866 [0] NCCL INFO AllGather: 8388608 Bytes -> Algo RING proto SIMPLE channel{Lo..Hi}={0..15}
cs-ec021-cfaa2-server:18866:18866 [0] NCCL INFO AllGather: 8388608 Bytes -> Algo RING proto SIMPLE channel{Lo..Hi}={0..15}
cs-ec021-cfaa2-server:18866:18866 [0] NCCL INFO AllGather: 8388608 Bytes -> Algo RING proto SIMPLE channel{Lo..Hi}={0..15}
cs-ec021-cfaa2-server:18866:18866 [0] NCCL INFO AllGather: 8388608 Bytes -> Algo RING proto SIMPLE channel{Lo..Hi}={0..15}
cs-ec021-cfaa2-server:18866:18866 [0] NCCL INFO AllGather: 8388608 Bytes -> Algo RING proto SIMPLE channel{Lo..Hi}={0..15}
cs-ec021-cfaa2-server:18866:18866 [0] NCCL INFO AllGather: 8388608 Bytes -> Algo RING proto SIMPLE channel{Lo..Hi}={0..15}
cs-ec021-cfaa2-server:18866:18866 [0] NCCL INFO AllGather: 8388608 Bytes -> Algo RING proto SIMPLE channel{Lo..Hi}={0..15}
cs-ec021-cfaa2-server:18866:18866 [0] NCCL INFO AllGather: 8388608 Bytes -> Algo RING proto SIMPLE channel{Lo..Hi}={0..15}
cs-ec021-cfaa2-server:18866:18866 [0] NCCL INFO AllGather: 8388608 Bytes -> Algo RING proto SIMPLE channel{Lo..Hi}={0..15}
cs-ec021-cfaa2-server:18866:18866 [0] NCCL INFO AllGather: 8388608 Bytes -> Algo RING proto SIMPLE channel{Lo..Hi}={0..15}
cs-ec021-cfaa2-server:18866:18866 [0] NCCL INFO AllGather: 8388608 Bytes -> Algo RING proto SIMPLE channel{Lo..Hi}={0..15}
cs-ec021-cfaa2-server:18866:18866 [0] NCCL INFO AllGather: 8388608 Bytes -> Algo RING proto SIMPLE channel{Lo..Hi}={0..15}
cs-ec021-cfaa2-server:18866:18866 [0] NCCL INFO AllGather: 8388608 Bytes -> Algo RING proto SIMPLE channel{Lo..Hi}={0..15}
cs-ec021-cfaa2-server:18866:18866 [0] NCCL INFO AllGather: 8388608 Bytes -> Algo RING proto SIMPLE channel{Lo..Hi}={0..15}
cs-ec021-cfaa2-server:18866:18866 [0] NCCL INFO AllGather: 8388608 Bytes -> Algo RING proto SIMPLE channel{Lo..Hi}={0..15}
cs-ec021-cfaa2-server:18866:18866 [0] NCCL INFO AllGather: 8388608 Bytes -> Algo RING proto SIMPLE channel{Lo..Hi}={0..15}
cs-ec021-cfaa2-server:18866:18866 [0] NCCL INFO AllGather: 8388608 Bytes -> Algo RING proto SIMPLE channel{Lo..Hi}={0..15}
cs-ec021-cfaa2-server:18866:18866 [0] NCCL INFO AllGather: 8388608 Bytes -> Algo RING proto SIMPLE channel{Lo..Hi}={0..15}
cs-ec021-cfaa2-server:18866:18866 [0] NCCL INFO AllGather: 8388608 Bytes -> Algo RING proto SIMPLE channel{Lo..Hi}={0..15}
cs-ec021-cfaa2-server:18866:18866 [0] NCCL INFO AllGather: 8388608 Bytes -> Algo RING proto SIMPLE channel{Lo..Hi}={0..15}
cs-ec021-cfaa2-server:18866:18866 [0] NCCL INFO AllGather: 8388608 Bytes -> Algo RING proto SIMPLE channel{Lo..Hi}={0..15}
cs-ec021-cfaa2-server:18866:18866 [0] NCCL INFO AllGather: 8388608 Bytes -> Algo RING proto SIMPLE channel{Lo..Hi}={0..15}
cs-ec021-cfaa2-server:18866:18866 [0] NCCL INFO AllGather: 8388608 Bytes -> Algo RING proto SIMPLE channel{Lo..Hi}={0..15}
cs-ec021-cfaa2-server:18866:18866 [0] NCCL INFO AllGather: 8388608 Bytes -> Algo RING proto SIMPLE channel{Lo..Hi}={0..15}
cs-ec021-cfaa2-server:18866:18866 [0] NCCL INFO AllGather: 8388608 Bytes -> Algo RING proto SIMPLE channel{Lo..Hi}={0..15}
cs-ec021-cfaa2-server:18866:18866 [0] NCCL INFO AllGather: 8388608 Bytes -> Algo RING proto SIMPLE channel{Lo..Hi}={0..15}
cs-ec021-cfaa2-server:18866:18866 [0] NCCL INFO AllGather: 8388608 Bytes -> Algo RING proto SIMPLE channel{Lo..Hi}={0..15}
cs-ec021-cfaa2-server:18866:18866 [0] NCCL INFO AllGather: 8388608 Bytes -> Algo RING proto SIMPLE channel{Lo..Hi}={0..15}
cs-ec021-cfaa2-server:18866:18866 [0] NCCL INFO AllGather: 8388608 Bytes -> Algo RING proto SIMPLE channel{Lo..Hi}={0..15}
cs-ec021-cfaa2-server:18866:18866 [0] NCCL INFO AllGather: 8388608 Bytes -> Algo RING proto SIMPLE channel{Lo..Hi}={0..15}
cs-ec021-cfaa2-server:18866:18866 [0] NCCL INFO AllGather: 8388608 Bytes -> Algo RING proto SIMPLE channel{Lo..Hi}={0..15}
cs-ec021-cfaa2-server:18866:18866 [0] NCCL INFO AllGather: 8388608 Bytes -> Algo RING proto SIMPLE channel{Lo..Hi}={0..15}
cs-ec021-cfaa2-server:18866:18866 [0] NCCL INFO AllGather: 8388608 Bytes -> Algo RING proto SIMPLE channel{Lo..Hi}={0..15}
cs-ec021-cfaa2-server:18866:18866 [0] NCCL INFO AllGather: 8388608 Bytes -> Algo RING proto SIMPLE channel{Lo..Hi}={0..15}
cs-ec021-cfaa2-server:18866:18866 [0] NCCL INFO AllGather: 8388608 Bytes -> Algo RING proto SIMPLE channel{Lo..Hi}={0..15}
cs-ec021-cfaa2-server:18866:18866 [0] NCCL INFO AllGather: 8388608 Bytes -> Algo RING proto SIMPLE channel{Lo..Hi}={0..15}
cs-ec021-cfaa2-server:18866:18866 [0] NCCL INFO AllGather: 8388608 Bytes -> Algo RING proto SIMPLE channel{Lo..Hi}={0..15}
cs-ec021-cfaa2-server:18866:18866 [0] NCCL INFO AllGather: 8388608 Bytes -> Algo RING proto SIMPLE channel{Lo..Hi}={0..15}
cs-ec021-cfaa2-server:18866:18866 [0] NCCL INFO AllGather: 8388608 Bytes -> Algo RING proto SIMPLE channel{Lo..Hi}={0..15}
cs-ec021-cfaa2-server:18866:18866 [0] NCCL INFO AllGather: 8388608 Bytes -> Algo RING proto SIMPLE channel{Lo..Hi}={0..15}
cs-ec021-cfaa2-server:18866:18866 [0] NCCL INFO AllGather: 8388608 Bytes -> Algo RING proto SIMPLE channel{Lo..Hi}={0..15}
cs-ec021-cfaa2-server:18866:18866 [0] NCCL INFO AllGather: 8388608 Bytes -> Algo RING proto SIMPLE channel{Lo..Hi}={0..15}
cs-ec021-cfaa2-server:18866:18866 [0] NCCL INFO AllGather: 8388608 Bytes -> Algo RING proto SIMPLE channel{Lo..Hi}={0..15}
cs-ec021-cfaa2-server:18866:18866 [0] NCCL INFO AllGather: 8388608 Bytes -> Algo RING proto SIMPLE channel{Lo..Hi}={0..15}
cs-ec021-cfaa2-server:18866:18866 [0] NCCL INFO AllGather: 8388608 Bytes -> Algo RING proto SIMPLE channel{Lo..Hi}={0..15}
cs-ec021-cfaa2-server:18866:18866 [0] NCCL INFO AllGather: 8388608 Bytes -> Algo RING proto SIMPLE channel{Lo..Hi}={0..15}
cs-ec021-cfaa2-server:18866:18866 [0] NCCL INFO AllGather: 8388608 Bytes -> Algo RING proto SIMPLE channel{Lo..Hi}={0..15}
cs-ec021-cfaa2-server:18866:18866 [0] NCCL INFO AllGather: 8388608 Bytes -> Algo RING proto SIMPLE channel{Lo..Hi}={0..15}
cs-ec021-cfaa2-server:18866:18866 [0] NCCL INFO AllGather: 8388608 Bytes -> Algo RING proto SIMPLE channel{Lo..Hi}={0..15}
cs-ec021-cfaa2-server:18866:18866 [0] NCCL INFO AllGather: 8388608 Bytes -> Algo RING proto SIMPLE channel{Lo..Hi}={0..15}
cs-ec021-cfaa2-server:18866:18866 [0] NCCL INFO AllGather: 8388608 Bytes -> Algo RING proto SIMPLE channel{Lo..Hi}={0..15}
cs-ec021-cfaa2-server:18866:18866 [0] NCCL INFO AllGather: 8388608 Bytes -> Algo RING proto SIMPLE channel{Lo..Hi}={0..15}
cs-ec021-cfaa2-server:18866:18866 [0] NCCL INFO AllGather: 8388608 Bytes -> Algo RING proto SIMPLE channel{Lo..Hi}={0..15}
cs-ec021-cfaa2-server:18866:18866 [0] NCCL INFO AllGather: 8388608 Bytes -> Algo RING proto SIMPLE channel{Lo..Hi}={0..15}
cs-ec021-cfaa2-server:18866:18866 [0] NCCL INFO AllGather: 8388608 Bytes -> Algo RING proto SIMPLE channel{Lo..Hi}={0..15}
cs-ec021-cfaa2-server:18866:18866 [0] NCCL INFO AllGather: 8388608 Bytes -> Algo RING proto SIMPLE channel{Lo..Hi}={0..15}
cs-ec021-cfaa2-server:18866:18866 [0] NCCL INFO AllGather: 8388608 Bytes -> Algo RING proto SIMPLE channel{Lo..Hi}={0..15}
cs-ec021-cfaa2-server:18866:18866 [0] NCCL INFO AllGather: 8388608 Bytes -> Algo RING proto SIMPLE channel{Lo..Hi}={0..15}
cs-ec021-cfaa2-server:18866:18866 [0] NCCL INFO AllGather: 8388608 Bytes -> Algo RING proto SIMPLE channel{Lo..Hi}={0..15}
cs-ec021-cfaa2-server:18866:18866 [0] NCCL INFO AllGather: 8388608 Bytes -> Algo RING proto SIMPLE channel{Lo..Hi}={0..15}
cs-ec021-cfaa2-server:18866:18866 [0] NCCL INFO AllGather: 8388608 Bytes -> Algo RING proto SIMPLE channel{Lo..Hi}={0..15}
cs-ec021-cfaa2-server:18866:18866 [0] NCCL INFO AllGather: 8388608 Bytes -> Algo RING proto SIMPLE channel{Lo..Hi}={0..15}
cs-ec021-cfaa2-server:18866:18866 [0] NCCL INFO AllGather: 8388608 Bytes -> Algo RING proto SIMPLE channel{Lo..Hi}={0..15}
cs-ec021-cfaa2-server:18866:18866 [0] NCCL INFO AllGather: 8388608 Bytes -> Algo RING proto SIMPLE channel{Lo..Hi}={0..15}
cs-ec021-cfaa2-server:18866:18866 [0] NCCL INFO AllGather: 8388608 Bytes -> Algo RING proto SIMPLE channel{Lo..Hi}={0..15}
cs-ec021-cfaa2-server:18866:18866 [0] NCCL INFO AllGather: 8388608 Bytes -> Algo RING proto SIMPLE channel{Lo..Hi}={0..15}
cs-ec021-cfaa2-server:18866:18866 [0] NCCL INFO AllGather: 8388608 Bytes -> Algo RING proto SIMPLE channel{Lo..Hi}={0..15}
cs-ec021-cfaa2-server:18866:18866 [0] NCCL INFO AllGather: 8388608 Bytes -> Algo RING proto SIMPLE channel{Lo..Hi}={0..15}
cs-ec021-cfaa2-server:18866:18866 [0] NCCL INFO AllGather: 8388608 Bytes -> Algo RING proto SIMPLE channel{Lo..Hi}={0..15}
cs-ec021-cfaa2-server:18866:18866 [0] NCCL INFO AllGather: 8388608 Bytes -> Algo RING proto SIMPLE channel{Lo..Hi}={0..15}
cs-ec021-cfaa2-server:18866:18866 [0] NCCL INFO AllGather: 8388608 Bytes -> Algo RING proto SIMPLE channel{Lo..Hi}={0..15}
cs-ec021-cfaa2-server:18866:18866 [0] NCCL INFO AllGather: 8388608 Bytes -> Algo RING proto SIMPLE channel{Lo..Hi}={0..15}
cs-ec021-cfaa2-server:18866:18866 [0] NCCL INFO AllGather: 8388608 Bytes -> Algo RING proto SIMPLE channel{Lo..Hi}={0..15}
cs-ec021-cfaa2-server:18866:18866 [0] NCCL INFO AllGather: 8388608 Bytes -> Algo RING proto SIMPLE channel{Lo..Hi}={0..15}
cs-ec021-cfaa2-server:18866:18866 [0] NCCL INFO AllGather: 8388608 Bytes -> Algo RING proto SIMPLE channel{Lo..Hi}={0..15}
cs-ec021-cfaa2-server:18866:18866 [0] NCCL INFO AllGather: 8388608 Bytes -> Algo RING proto SIMPLE channel{Lo..Hi}={0..15}
cs-ec021-cfaa2-server:18866:18866 [0] NCCL INFO AllGather: 8388608 Bytes -> Algo RING proto SIMPLE channel{Lo..Hi}={0..15}
cs-ec021-cfaa2-server:18866:18866 [0] NCCL INFO AllGather: 8388608 Bytes -> Algo RING proto SIMPLE channel{Lo..Hi}={0..15}
cs-ec021-cfaa2-server:18866:18866 [0] NCCL INFO AllGather: 8388608 Bytes -> Algo RING proto SIMPLE channel{Lo..Hi}={0..15}
cs-ec021-cfaa2-server:18866:18866 [0] NCCL INFO AllGather: 8388608 Bytes -> Algo RING proto SIMPLE channel{Lo..Hi}={0..15}
cs-ec021-cfaa2-server:18866:18866 [0] NCCL INFO AllGather: 8388608 Bytes -> Algo RING proto SIMPLE channel{Lo..Hi}={0..15}
cs-ec021-cfaa2-server:18866:18866 [0] NCCL INFO AllGather: 8388608 Bytes -> Algo RING proto SIMPLE channel{Lo..Hi}={0..15}
cs-ec021-cfaa2-server:18866:18866 [0] NCCL INFO AllGather: 8388608 Bytes -> Algo RING proto SIMPLE channel{Lo..Hi}={0..15}
cs-ec021-cfaa2-server:18866:18866 [0] NCCL INFO AllGather: 8388608 Bytes -> Algo RING proto SIMPLE channel{Lo..Hi}={0..15}
cs-ec021-cfaa2-server:18866:18866 [0] NCCL INFO AllGather: 8388608 Bytes -> Algo RING proto SIMPLE channel{Lo..Hi}={0..15}
cs-ec021-cfaa2-server:18866:18866 [0] NCCL INFO AllGather: 8388608 Bytes -> Algo RING proto SIMPLE channel{Lo..Hi}={0..15}
cs-ec021-cfaa2-server:18866:18866 [0] NCCL INFO AllGather: 8388608 Bytes -> Algo RING proto SIMPLE channel{Lo..Hi}={0..15}
cs-ec021-cfaa2-server:18866:18866 [0] NCCL INFO AllGather: 8388608 Bytes -> Algo RING proto SIMPLE channel{Lo..Hi}={0..15}
cs-ec021-cfaa2-server:18866:18866 [0] NCCL INFO AllGather: 8388608 Bytes -> Algo RING proto SIMPLE channel{Lo..Hi}={0..15}
cs-ec021-cfaa2-server:18866:18866 [0] NCCL INFO AllGather: 8388608 Bytes -> Algo RING proto SIMPLE channel{Lo..Hi}={0..15}
cs-ec021-cfaa2-server:18866:18866 [0] NCCL INFO AllGather: 8388608 Bytes -> Algo RING proto SIMPLE channel{Lo..Hi}={0..15}
cs-ec021-cfaa2-server:18866:18866 [0] NCCL INFO AllGather: 8388608 Bytes -> Algo RING proto SIMPLE channel{Lo..Hi}={0..15}
cs-ec021-cfaa2-server:18866:18866 [0] NCCL INFO AllGather: 8388608 Bytes -> Algo RING proto SIMPLE channel{Lo..Hi}={0..15}
cs-ec021-cfaa2-server:18866:18866 [0] NCCL INFO AllGather: 8388608 Bytes -> Algo RING proto SIMPLE channel{Lo..Hi}={0..15}
cs-ec021-cfaa2-server:18866:18866 [0] NCCL INFO AllGather: 8388608 Bytes -> Algo RING proto SIMPLE channel{Lo..Hi}={0..15}
cs-ec021-cfaa2-server:18866:18866 [0] NCCL INFO AllGather: 8388608 Bytes -> Algo RING proto SIMPLE channel{Lo..Hi}={0..15}
cs-ec021-cfaa2-server:18866:18866 [0] NCCL INFO AllGather: 8388608 Bytes -> Algo RING proto SIMPLE channel{Lo..Hi}={0..15}
cs-ec021-cfaa2-server:18866:18866 [0] NCCL INFO AllGather: 8388608 Bytes -> Algo RING proto SIMPLE channel{Lo..Hi}={0..15}
cs-ec021-cfaa2-server:18866:18866 [0] NCCL INFO AllGather: 8388608 Bytes -> Algo RING proto SIMPLE channel{Lo..Hi}={0..15}
cs-ec021-cfaa2-server:18866:18866 [0] NCCL INFO AllGather: 8388608 Bytes -> Algo RING proto SIMPLE channel{Lo..Hi}={0..15}
cs-ec021-cfaa2-server:18866:18866 [0] NCCL INFO AllGather: 8388608 Bytes -> Algo RING proto SIMPLE channel{Lo..Hi}={0..15}
cs-ec021-cfaa2-server:18866:18866 [0] NCCL INFO AllGather: 8388608 Bytes -> Algo RING proto SIMPLE channel{Lo..Hi}={0..15}
cs-ec021-cfaa2-server:18866:18866 [0] NCCL INFO AllGather: 8388608 Bytes -> Algo RING proto SIMPLE channel{Lo..Hi}={0..15}
cs-ec021-cfaa2-server:18866:18866 [0] NCCL INFO AllGather: 8388608 Bytes -> Algo RING proto SIMPLE channel{Lo..Hi}={0..15}
cs-ec021-cfaa2-server:18866:18866 [0] NCCL INFO AllGather: 8388608 Bytes -> Algo RING proto SIMPLE channel{Lo..Hi}={0..15}
cs-ec021-cfaa2-server:18866:18866 [0] NCCL INFO AllGather: 8388608 Bytes -> Algo RING proto SIMPLE channel{Lo..Hi}={0..15}
cs-ec021-cfaa2-server:18866:18866 [0] NCCL INFO AllGather: 8388608 Bytes -> Algo RING proto SIMPLE channel{Lo..Hi}={0..15}
cs-ec021-cfaa2-server:18866:18866 [0] NCCL INFO AllGather: 8388608 Bytes -> Algo RING proto SIMPLE channel{Lo..Hi}={0..15}
cs-ec021-cfaa2-server:18866:18866 [0] NCCL INFO AllGather: 8388608 Bytes -> Algo RING proto SIMPLE channel{Lo..Hi}={0..15}
cs-ec021-cfaa2-server:18866:18866 [0] NCCL INFO AllGather: 8388608 Bytes -> Algo RING proto SIMPLE channel{Lo..Hi}={0..15}
cs-ec021-cfaa2-server:18866:18866 [0] NCCL INFO AllGather: 8388608 Bytes -> Algo RING proto SIMPLE channel{Lo..Hi}={0..15}
cs-ec021-cfaa2-server:18866:18866 [0] NCCL INFO AllGather: 8388608 Bytes -> Algo RING proto SIMPLE channel{Lo..Hi}={0..15}
cs-ec021-cfaa2-server:18866:18866 [0] NCCL INFO AllGather: 8388608 Bytes -> Algo RING proto SIMPLE channel{Lo..Hi}={0..15}
cs-ec021-cfaa2-server:18866:18866 [0] NCCL INFO AllGather: 8388608 Bytes -> Algo RING proto SIMPLE channel{Lo..Hi}={0..15}
cs-ec021-cfaa2-server:18866:18866 [0] NCCL INFO AllGather: 8388608 Bytes -> Algo RING proto SIMPLE channel{Lo..Hi}={0..15}
cs-ec021-cfaa2-server:18866:18866 [0] NCCL INFO AllGather: 8388608 Bytes -> Algo RING proto SIMPLE channel{Lo..Hi}={0..15}
cs-ec021-cfaa2-server:18866:18866 [0] NCCL INFO AllGather: 8388608 Bytes -> Algo RING proto SIMPLE channel{Lo..Hi}={0..15}
cs-ec021-cfaa2-server:18866:18866 [0] NCCL INFO AllGather: 8388608 Bytes -> Algo RING proto SIMPLE channel{Lo..Hi}={0..15}
cs-ec021-cfaa2-server:18866:18866 [0] NCCL INFO AllGather: 8388608 Bytes -> Algo RING proto SIMPLE channel{Lo..Hi}={0..15}
cs-ec021-cfaa2-server:18866:18866 [0] NCCL INFO AllGather: 8388608 Bytes -> Algo RING proto SIMPLE channel{Lo..Hi}={0..15}
cs-ec021-cfaa2-server:18866:18866 [0] NCCL INFO AllGather: 8388608 Bytes -> Algo RING proto SIMPLE channel{Lo..Hi}={0..15}
cs-ec021-cfaa2-server:18866:18866 [0] NCCL INFO AllGather: 8388608 Bytes -> Algo RING proto SIMPLE channel{Lo..Hi}={0..15}
cs-ec021-cfaa2-server:18866:18866 [0] NCCL INFO AllGather: 8388608 Bytes -> Algo RING proto SIMPLE channel{Lo..Hi}={0..15}
cs-ec021-cfaa2-server:18866:18866 [0] NCCL INFO AllGather: 8388608 Bytes -> Algo RING proto SIMPLE channel{Lo..Hi}={0..15}
cs-ec021-cfaa2-server:18866:18866 [0] NCCL INFO AllGather: 8388608 Bytes -> Algo RING proto SIMPLE channel{Lo..Hi}={0..15}
cs-ec021-cfaa2-server:18866:18866 [0] NCCL INFO AllGather: 8388608 Bytes -> Algo RING proto SIMPLE channel{Lo..Hi}={0..15}
cs-ec021-cfaa2-server:18866:18866 [0] NCCL INFO AllGather: 8388608 Bytes -> Algo RING proto SIMPLE channel{Lo..Hi}={0..15}
cs-ec021-cfaa2-server:18866:18866 [0] NCCL INFO AllGather: 8388608 Bytes -> Algo RING proto SIMPLE channel{Lo..Hi}={0..15}
cs-ec021-cfaa2-server:18866:18866 [0] NCCL INFO AllGather: 8388608 Bytes -> Algo RING proto SIMPLE channel{Lo..Hi}={0..15}
cs-ec021-cfaa2-server:18866:18866 [0] NCCL INFO AllGather: 8388608 Bytes -> Algo RING proto SIMPLE channel{Lo..Hi}={0..15}
cs-ec021-cfaa2-server:18866:18866 [0] NCCL INFO AllGather: 8388608 Bytes -> Algo RING proto SIMPLE channel{Lo..Hi}={0..15}
cs-ec021-cfaa2-server:18866:18866 [0] NCCL INFO AllGather: 8388608 Bytes -> Algo RING proto SIMPLE channel{Lo..Hi}={0..15}
cs-ec021-cfaa2-server:18866:18866 [0] NCCL INFO AllGather: 8388608 Bytes -> Algo RING proto SIMPLE channel{Lo..Hi}={0..15}
cs-ec021-cfaa2-server:18866:18866 [0] NCCL INFO AllGather: 8388608 Bytes -> Algo RING proto SIMPLE channel{Lo..Hi}={0..15}
cs-ec021-cfaa2-server:18866:18866 [0] NCCL INFO AllGather: 8388608 Bytes -> Algo RING proto SIMPLE channel{Lo..Hi}={0..15}
cs-ec021-cfaa2-server:18866:18866 [0] NCCL INFO AllGather: 8388608 Bytes -> Algo RING proto SIMPLE channel{Lo..Hi}={0..15}
cs-ec021-cfaa2-server:18866:18866 [0] NCCL INFO AllGather: 8388608 Bytes -> Algo RING proto SIMPLE channel{Lo..Hi}={0..15}
cs-ec021-cfaa2-server:18866:18866 [0] NCCL INFO AllGather: 8388608 Bytes -> Algo RING proto SIMPLE channel{Lo..Hi}={0..15}
cs-ec021-cfaa2-server:18866:18866 [0] NCCL INFO AllGather: 8388608 Bytes -> Algo RING proto SIMPLE channel{Lo..Hi}={0..15}
cs-ec021-cfaa2-server:18866:18866 [0] NCCL INFO AllGather: 8388608 Bytes -> Algo RING proto SIMPLE channel{Lo..Hi}={0..15}
cs-ec021-cfaa2-server:18866:18866 [0] NCCL INFO AllGather: 8388608 Bytes -> Algo RING proto SIMPLE channel{Lo..Hi}={0..15}
cs-ec021-cfaa2-server:18866:18866 [0] NCCL INFO AllGather: 8388608 Bytes -> Algo RING proto SIMPLE channel{Lo..Hi}={0..15}
cs-ec021-cfaa2-server:18866:18866 [0] NCCL INFO AllGather: 8388608 Bytes -> Algo RING proto SIMPLE channel{Lo..Hi}={0..15}
cs-ec021-cfaa2-server:18866:18866 [0] NCCL INFO AllGather: 8388608 Bytes -> Algo RING proto SIMPLE channel{Lo..Hi}={0..15}
cs-ec021-cfaa2-server:18866:18866 [0] NCCL INFO AllGather: 8388608 Bytes -> Algo RING proto SIMPLE channel{Lo..Hi}={0..15}
cs-ec021-cfaa2-server:18866:18866 [0] NCCL INFO AllGather: 8388608 Bytes -> Algo RING proto SIMPLE channel{Lo..Hi}={0..15}
cs-ec021-cfaa2-server:18866:18866 [0] NCCL INFO AllGather: 8388608 Bytes -> Algo RING proto SIMPLE channel{Lo..Hi}={0..15}
cs-ec021-cfaa2-server:18866:18866 [0] NCCL INFO AllGather: 8388608 Bytes -> Algo RING proto SIMPLE channel{Lo..Hi}={0..15}
cs-ec021-cfaa2-server:18866:18866 [0] NCCL INFO AllGather: 8388608 Bytes -> Algo RING proto SIMPLE channel{Lo..Hi}={0..15}
cs-ec021-cfaa2-server:18866:18866 [0] NCCL INFO AllGather: 8388608 Bytes -> Algo RING proto SIMPLE channel{Lo..Hi}={0..15}
cs-ec021-cfaa2-server:18866:18866 [0] NCCL INFO AllGather: 8388608 Bytes -> Algo RING proto SIMPLE channel{Lo..Hi}={0..15}
cs-ec021-cfaa2-server:18866:18866 [0] NCCL INFO AllGather: 8388608 Bytes -> Algo RING proto SIMPLE channel{Lo..Hi}={0..15}
cs-ec021-cfaa2-server:18866:18866 [0] NCCL INFO AllGather: 8388608 Bytes -> Algo RING proto SIMPLE channel{Lo..Hi}={0..15}
cs-ec021-cfaa2-server:18866:18866 [0] NCCL INFO AllGather: 8388608 Bytes -> Algo RING proto SIMPLE channel{Lo..Hi}={0..15}
cs-ec021-cfaa2-server:18866:18866 [0] NCCL INFO AllGather: 8388608 Bytes -> Algo RING proto SIMPLE channel{Lo..Hi}={0..15}
cs-ec021-cfaa2-server:18866:18866 [0] NCCL INFO AllGather: 8388608 Bytes -> Algo RING proto SIMPLE channel{Lo..Hi}={0..15}
cs-ec021-cfaa2-server:18866:18866 [0] NCCL INFO AllGather: 8388608 Bytes -> Algo RING proto SIMPLE channel{Lo..Hi}={0..15}
cs-ec021-cfaa2-server:18866:18866 [0] NCCL INFO AllGather: 8388608 Bytes -> Algo RING proto SIMPLE channel{Lo..Hi}={0..15}
cs-ec021-cfaa2-server:18866:18866 [0] NCCL INFO AllGather: 8388608 Bytes -> Algo RING proto SIMPLE channel{Lo..Hi}={0..15}
cs-ec021-cfaa2-server:18866:18866 [0] NCCL INFO AllGather: 8388608 Bytes -> Algo RING proto SIMPLE channel{Lo..Hi}={0..15}
cs-ec021-cfaa2-server:18866:18866 [0] NCCL INFO AllGather: 8388608 Bytes -> Algo RING proto SIMPLE channel{Lo..Hi}={0..15}
cs-ec021-cfaa2-server:18866:18866 [0] NCCL INFO AllGather: 8388608 Bytes -> Algo RING proto SIMPLE channel{Lo..Hi}={0..15}
cs-ec021-cfaa2-server:18866:18866 [0] NCCL INFO AllGather: 8388608 Bytes -> Algo RING proto SIMPLE channel{Lo..Hi}={0..15}
cs-ec021-cfaa2-server:18866:18866 [0] NCCL INFO AllGather: 8388608 Bytes -> Algo RING proto SIMPLE channel{Lo..Hi}={0..15}
cs-ec021-cfaa2-server:18866:18866 [0] NCCL INFO AllGather: 8388608 Bytes -> Algo RING proto SIMPLE channel{Lo..Hi}={0..15}
cs-ec021-cfaa2-server:18866:18866 [0] NCCL INFO AllGather: 8388608 Bytes -> Algo RING proto SIMPLE channel{Lo..Hi}={0..15}
cs-ec021-cfaa2-server:18866:18866 [0] NCCL INFO AllGather: 8388608 Bytes -> Algo RING proto SIMPLE channel{Lo..Hi}={0..15}
cs-ec021-cfaa2-server:18866:18866 [0] NCCL INFO AllGather: 8388608 Bytes -> Algo RING proto SIMPLE channel{Lo..Hi}={0..15}
cs-ec021-cfaa2-server:18866:18866 [0] NCCL INFO AllGather: 8388608 Bytes -> Algo RING proto SIMPLE channel{Lo..Hi}={0..15}
cs-ec021-cfaa2-server:18866:18866 [0] NCCL INFO AllGather: 8388608 Bytes -> Algo RING proto SIMPLE channel{Lo..Hi}={0..15}
cs-ec021-cfaa2-server:18866:18866 [0] NCCL INFO AllGather: 8388608 Bytes -> Algo RING proto SIMPLE channel{Lo..Hi}={0..15}
cs-ec021-cfaa2-server:18866:18866 [0] NCCL INFO AllGather: 8388608 Bytes -> Algo RING proto SIMPLE channel{Lo..Hi}={0..15}
cs-ec021-cfaa2-server:18866:18866 [0] NCCL INFO AllGather: 8388608 Bytes -> Algo RING proto SIMPLE channel{Lo..Hi}={0..15}
cs-ec021-cfaa2-server:18866:18866 [0] NCCL INFO AllGather: 8388608 Bytes -> Algo RING proto SIMPLE channel{Lo..Hi}={0..15}
cs-ec021-cfaa2-server:18866:18866 [0] NCCL INFO AllGather: 8388608 Bytes -> Algo RING proto SIMPLE channel{Lo..Hi}={0..15}
cs-ec021-cfaa2-server:18866:18866 [0] NCCL INFO AllGather: 8388608 Bytes -> Algo RING proto SIMPLE channel{Lo..Hi}={0..15}
cs-ec021-cfaa2-server:18866:18866 [0] NCCL INFO AllGather: 8388608 Bytes -> Algo RING proto SIMPLE channel{Lo..Hi}={0..15}
cs-ec021-cfaa2-server:18866:18866 [0] NCCL INFO AllGather: 8388608 Bytes -> Algo RING proto SIMPLE channel{Lo..Hi}={0..15}
cs-ec021-cfaa2-server:18866:18866 [0] NCCL INFO AllGather: 8388608 Bytes -> Algo RING proto SIMPLE channel{Lo..Hi}={0..15}
cs-ec021-cfaa2-server:18866:18866 [0] NCCL INFO AllGather: 8388608 Bytes -> Algo RING proto SIMPLE channel{Lo..Hi}={0..15}
cs-ec021-cfaa2-server:18866:18866 [0] NCCL INFO AllGather: 8388608 Bytes -> Algo RING proto SIMPLE channel{Lo..Hi}={0..15}
cs-ec021-cfaa2-server:18866:18866 [0] NCCL INFO AllGather: 8388608 Bytes -> Algo RING proto SIMPLE channel{Lo..Hi}={0..15}
cs-ec021-cfaa2-server:18866:18866 [0] NCCL INFO AllGather: 8388608 Bytes -> Algo RING proto SIMPLE channel{Lo..Hi}={0..15}
cs-ec021-cfaa2-server:18866:18866 [0] NCCL INFO AllGather: 8388608 Bytes -> Algo RING proto SIMPLE channel{Lo..Hi}={0..15}
cs-ec021-cfaa2-server:18866:18866 [0] NCCL INFO AllGather: 8388608 Bytes -> Algo RING proto SIMPLE channel{Lo..Hi}={0..15}
cs-ec021-cfaa2-server:18866:18866 [0] NCCL INFO AllGather: 8388608 Bytes -> Algo RING proto SIMPLE channel{Lo..Hi}={0..15}
cs-ec021-cfaa2-server:18866:18866 [0] NCCL INFO AllGather: 8388608 Bytes -> Algo RING proto SIMPLE channel{Lo..Hi}={0..15}
cs-ec021-cfaa2-server:18866:18866 [0] NCCL INFO AllGather: 8388608 Bytes -> Algo RING proto SIMPLE channel{Lo..Hi}={0..15}
cs-ec021-cfaa2-server:18866:18866 [0] NCCL INFO AllGather: 8388608 Bytes -> Algo RING proto SIMPLE channel{Lo..Hi}={0..15}
cs-ec021-cfaa2-server:18866:18866 [0] NCCL INFO AllGather: 8388608 Bytes -> Algo RING proto SIMPLE channel{Lo..Hi}={0..15}
cs-ec021-cfaa2-server:18866:18866 [0] NCCL INFO AllGather: 8388608 Bytes -> Algo RING proto SIMPLE channel{Lo..Hi}={0..15}
cs-ec021-cfaa2-server:18866:18866 [0] NCCL INFO AllGather: 8388608 Bytes -> Algo RING proto SIMPLE channel{Lo..Hi}={0..15}
cs-ec021-cfaa2-server:18866:18866 [0] NCCL INFO AllGather: 8388608 Bytes -> Algo RING proto SIMPLE channel{Lo..Hi}={0..15}
cs-ec021-cfaa2-server:18866:18866 [0] NCCL INFO AllGather: 8388608 Bytes -> Algo RING proto SIMPLE channel{Lo..Hi}={0..15}
cs-ec021-cfaa2-server:18866:18866 [0] NCCL INFO AllGather: 8388608 Bytes -> Algo RING proto SIMPLE channel{Lo..Hi}={0..15}
cs-ec021-cfaa2-server:18866:18866 [0] NCCL INFO AllGather: 8388608 Bytes -> Algo RING proto SIMPLE channel{Lo..Hi}={0..15}
cs-ec021-cfaa2-server:18866:18866 [0] NCCL INFO AllGather: 8388608 Bytes -> Algo RING proto SIMPLE channel{Lo..Hi}={0..15}
cs-ec021-cfaa2-server:18866:18866 [0] NCCL INFO AllGather: 8388608 Bytes -> Algo RING proto SIMPLE channel{Lo..Hi}={0..15}
cs-ec021-cfaa2-server:18866:18866 [0] NCCL INFO AllGather: 8388608 Bytes -> Algo RING proto SIMPLE channel{Lo..Hi}={0..15}
cs-ec021-cfaa2-server:18866:18866 [0] NCCL INFO AllGather: 8388608 Bytes -> Algo RING proto SIMPLE channel{Lo..Hi}={0..15}
cs-ec021-cfaa2-server:18866:18866 [0] NCCL INFO AllGather: 8388608 Bytes -> Algo RING proto SIMPLE channel{Lo..Hi}={0..15}
cs-ec021-cfaa2-server:18866:18866 [0] NCCL INFO AllGather: 8388608 Bytes -> Algo RING proto SIMPLE channel{Lo..Hi}={0..15}
cs-ec021-cfaa2-server:18866:18866 [0] NCCL INFO AllGather: 8388608 Bytes -> Algo RING proto SIMPLE channel{Lo..Hi}={0..15}
cs-ec021-cfaa2-server:18866:18866 [0] NCCL INFO AllGather: 8388608 Bytes -> Algo RING proto SIMPLE channel{Lo..Hi}={0..15}
cs-ec021-cfaa2-server:18866:18866 [0] NCCL INFO AllGather: 8388608 Bytes -> Algo RING proto SIMPLE channel{Lo..Hi}={0..15}
cs-ec021-cfaa2-server:18866:18866 [0] NCCL INFO AllGather: 8388608 Bytes -> Algo RING proto SIMPLE channel{Lo..Hi}={0..15}
cs-ec021-cfaa2-server:18866:18866 [0] NCCL INFO AllGather: 8388608 Bytes -> Algo RING proto SIMPLE channel{Lo..Hi}={0..15}
cs-ec021-cfaa2-server:18866:18866 [0] NCCL INFO AllGather: 8388608 Bytes -> Algo RING proto SIMPLE channel{Lo..Hi}={0..15}
cs-ec021-cfaa2-server:18866:18866 [0] NCCL INFO AllGather: 8388608 Bytes -> Algo RING proto SIMPLE channel{Lo..Hi}={0..15}
cs-ec021-cfaa2-server:18866:18866 [0] NCCL INFO AllGather: 8388608 Bytes -> Algo RING proto SIMPLE channel{Lo..Hi}={0..15}
cs-ec021-cfaa2-server:18866:18866 [0] NCCL INFO AllGather: 8388608 Bytes -> Algo RING proto SIMPLE channel{Lo..Hi}={0..15}
cs-ec021-cfaa2-server:18866:18866 [0] NCCL INFO AllGather: 8388608 Bytes -> Algo RING proto SIMPLE channel{Lo..Hi}={0..15}
cs-ec021-cfaa2-server:18866:18866 [0] NCCL INFO AllGather: 8388608 Bytes -> Algo RING proto SIMPLE channel{Lo..Hi}={0..15}
cs-ec021-cfaa2-server:18866:18866 [0] NCCL INFO AllGather: 8388608 Bytes -> Algo RING proto SIMPLE channel{Lo..Hi}={0..15}
cs-ec021-cfaa2-server:18866:18866 [0] NCCL INFO AllGather: 8388608 Bytes -> Algo RING proto SIMPLE channel{Lo..Hi}={0..15}
cs-ec021-cfaa2-server:18866:18866 [0] NCCL INFO AllGather: 8388608 Bytes -> Algo RING proto SIMPLE channel{Lo..Hi}={0..15}
cs-ec021-cfaa2-server:18866:18866 [0] NCCL INFO AllGather: 8388608 Bytes -> Algo RING proto SIMPLE channel{Lo..Hi}={0..15}
cs-ec021-cfaa2-server:18866:18866 [0] NCCL INFO AllGather: 8388608 Bytes -> Algo RING proto SIMPLE channel{Lo..Hi}={0..15}
cs-ec021-cfaa2-server:18866:18866 [0] NCCL INFO AllGather: 8388608 Bytes -> Algo RING proto SIMPLE channel{Lo..Hi}={0..15}
cs-ec021-cfaa2-server:18866:18866 [0] NCCL INFO AllGather: 8388608 Bytes -> Algo RING proto SIMPLE channel{Lo..Hi}={0..15}
cs-ec021-cfaa2-server:18866:18866 [0] NCCL INFO AllGather: 8388608 Bytes -> Algo RING proto SIMPLE channel{Lo..Hi}={0..15}
cs-ec021-cfaa2-server:18866:18866 [0] NCCL INFO AllGather: 8388608 Bytes -> Algo RING proto SIMPLE channel{Lo..Hi}={0..15}
cs-ec021-cfaa2-server:18866:18866 [0] NCCL INFO AllGather: 8388608 Bytes -> Algo RING proto SIMPLE channel{Lo..Hi}={0..15}
cs-ec021-cfaa2-server:18866:18866 [0] NCCL INFO AllGather: 8388608 Bytes -> Algo RING proto SIMPLE channel{Lo..Hi}={0..15}
cs-ec021-cfaa2-server:18866:18866 [0] NCCL INFO AllGather: 8388608 Bytes -> Algo RING proto SIMPLE channel{Lo..Hi}={0..15}
cs-ec021-cfaa2-server:18866:18866 [0] NCCL INFO AllGather: 8388608 Bytes -> Algo RING proto SIMPLE channel{Lo..Hi}={0..15}
cs-ec021-cfaa2-server:18866:18866 [0] NCCL INFO AllGather: 8388608 Bytes -> Algo RING proto SIMPLE channel{Lo..Hi}={0..15}
cs-ec021-cfaa2-server:18866:18866 [0] NCCL INFO AllGather: 8388608 Bytes -> Algo RING proto SIMPLE channel{Lo..Hi}={0..15}
cs-ec021-cfaa2-server:18866:18866 [0] NCCL INFO AllGather: 8388608 Bytes -> Algo RING proto SIMPLE channel{Lo..Hi}={0..15}
cs-ec021-cfaa2-server:18866:18866 [0] NCCL INFO AllGather: 8388608 Bytes -> Algo RING proto SIMPLE channel{Lo..Hi}={0..15}
cs-ec021-cfaa2-server:18866:18866 [0] NCCL INFO AllGather: 8388608 Bytes -> Algo RING proto SIMPLE channel{Lo..Hi}={0..15}
cs-ec021-cfaa2-server:18866:18866 [0] NCCL INFO AllGather: 8388608 Bytes -> Algo RING proto SIMPLE channel{Lo..Hi}={0..15}
cs-ec021-cfaa2-server:18866:18866 [0] NCCL INFO AllGather: 8388608 Bytes -> Algo RING proto SIMPLE channel{Lo..Hi}={0..15}
cs-ec021-cfaa2-server:18866:18866 [0] NCCL INFO AllGather: 8388608 Bytes -> Algo RING proto SIMPLE channel{Lo..Hi}={0..15}
cs-ec021-cfaa2-server:18866:18866 [0] NCCL INFO AllGather: 8388608 Bytes -> Algo RING proto SIMPLE channel{Lo..Hi}={0..15}
cs-ec021-cfaa2-server:18866:18866 [0] NCCL INFO AllGather: 8388608 Bytes -> Algo RING proto SIMPLE channel{Lo..Hi}={0..15}
cs-ec021-cfaa2-server:18866:18866 [0] NCCL INFO AllGather: 8388608 Bytes -> Algo RING proto SIMPLE channel{Lo..Hi}={0..15}
cs-ec021-cfaa2-server:18866:18866 [0] NCCL INFO AllGather: 8388608 Bytes -> Algo RING proto SIMPLE channel{Lo..Hi}={0..15}
cs-ec021-cfaa2-server:18866:18866 [0] NCCL INFO AllGather: 8388608 Bytes -> Algo RING proto SIMPLE channel{Lo..Hi}={0..15}
cs-ec021-cfaa2-server:18866:18866 [0] NCCL INFO AllGather: 8388608 Bytes -> Algo RING proto SIMPLE channel{Lo..Hi}={0..15}
cs-ec021-cfaa2-server:18866:18866 [0] NCCL INFO AllGather: 8388608 Bytes -> Algo RING proto SIMPLE channel{Lo..Hi}={0..15}
cs-ec021-cfaa2-server:18866:18866 [0] NCCL INFO AllGather: 8388608 Bytes -> Algo RING proto SIMPLE channel{Lo..Hi}={0..15}
cs-ec021-cfaa2-server:18866:18866 [0] NCCL INFO AllGather: 8388608 Bytes -> Algo RING proto SIMPLE channel{Lo..Hi}={0..15}
cs-ec021-cfaa2-server:18866:18866 [0] NCCL INFO AllGather: 8388608 Bytes -> Algo RING proto SIMPLE channel{Lo..Hi}={0..15}
cs-ec021-cfaa2-server:18866:18866 [0] NCCL INFO AllGather: 8388608 Bytes -> Algo RING proto SIMPLE channel{Lo..Hi}={0..15}
cs-ec021-cfaa2-server:18866:18866 [0] NCCL INFO AllGather: 8388608 Bytes -> Algo RING proto SIMPLE channel{Lo..Hi}={0..15}
cs-ec021-cfaa2-server:18866:18866 [0] NCCL INFO AllGather: 8388608 Bytes -> Algo RING proto SIMPLE channel{Lo..Hi}={0..15}
cs-ec021-cfaa2-server:18866:18866 [0] NCCL INFO AllGather: 8388608 Bytes -> Algo RING proto SIMPLE channel{Lo..Hi}={0..15}
cs-ec021-cfaa2-server:18866:18866 [0] NCCL INFO AllGather: 8388608 Bytes -> Algo RING proto SIMPLE channel{Lo..Hi}={0..15}
cs-ec021-cfaa2-server:18866:18866 [0] NCCL INFO AllGather: 8388608 Bytes -> Algo RING proto SIMPLE channel{Lo..Hi}={0..15}
cs-ec021-cfaa2-server:18866:18866 [0] NCCL INFO AllGather: 8388608 Bytes -> Algo RING proto SIMPLE channel{Lo..Hi}={0..15}
cs-ec021-cfaa2-server:18866:18866 [0] NCCL INFO AllGather: 8388608 Bytes -> Algo RING proto SIMPLE channel{Lo..Hi}={0..15}
cs-ec021-cfaa2-server:18866:18866 [0] NCCL INFO AllGather: 8388608 Bytes -> Algo RING proto SIMPLE channel{Lo..Hi}={0..15}
cs-ec021-cfaa2-server:18866:18866 [0] NCCL INFO AllGather: 8388608 Bytes -> Algo RING proto SIMPLE channel{Lo..Hi}={0..15}
cs-ec021-cfaa2-server:18866:18866 [0] NCCL INFO AllGather: 8388608 Bytes -> Algo RING proto SIMPLE channel{Lo..Hi}={0..15}
cs-ec021-cfaa2-server:18866:18866 [0] NCCL INFO AllGather: 8388608 Bytes -> Algo RING proto SIMPLE channel{Lo..Hi}={0..15}
cs-ec021-cfaa2-server:18866:18866 [0] NCCL INFO AllGather: 8388608 Bytes -> Algo RING proto SIMPLE channel{Lo..Hi}={0..15}
cs-ec021-cfaa2-server:18866:18866 [0] NCCL INFO AllGather: 8388608 Bytes -> Algo RING proto SIMPLE channel{Lo..Hi}={0..15}
cs-ec021-cfaa2-server:18866:18866 [0] NCCL INFO AllGather: 8388608 Bytes -> Algo RING proto SIMPLE channel{Lo..Hi}={0..15}
cs-ec021-cfaa2-server:18866:18866 [0] NCCL INFO AllGather: 8388608 Bytes -> Algo RING proto SIMPLE channel{Lo..Hi}={0..15}
cs-ec021-cfaa2-server:18866:18866 [0] NCCL INFO AllGather: 8388608 Bytes -> Algo RING proto SIMPLE channel{Lo..Hi}={0..15}
cs-ec021-cfaa2-server:18866:18866 [0] NCCL INFO AllGather: 8388608 Bytes -> Algo RING proto SIMPLE channel{Lo..Hi}={0..15}
cs-ec021-cfaa2-server:18866:18866 [0] NCCL INFO AllGather: 8388608 Bytes -> Algo RING proto SIMPLE channel{Lo..Hi}={0..15}
cs-ec021-cfaa2-server:18866:18866 [0] NCCL INFO AllGather: 8388608 Bytes -> Algo RING proto SIMPLE channel{Lo..Hi}={0..15}
cs-ec021-cfaa2-server:18866:18866 [0] NCCL INFO AllGather: 8388608 Bytes -> Algo RING proto SIMPLE channel{Lo..Hi}={0..15}
cs-ec021-cfaa2-server:18866:18866 [0] NCCL INFO AllGather: 8388608 Bytes -> Algo RING proto SIMPLE channel{Lo..Hi}={0..15}
cs-ec021-cfaa2-server:18866:18866 [0] NCCL INFO AllGather: 8388608 Bytes -> Algo RING proto SIMPLE channel{Lo..Hi}={0..15}
cs-ec021-cfaa2-server:18866:18866 [0] NCCL INFO AllGather: 8388608 Bytes -> Algo RING proto SIMPLE channel{Lo..Hi}={0..15}
cs-ec021-cfaa2-server:18866:18866 [0] NCCL INFO AllGather: 8388608 Bytes -> Algo RING proto SIMPLE channel{Lo..Hi}={0..15}
cs-ec021-cfaa2-server:18866:18866 [0] NCCL INFO AllGather: 8388608 Bytes -> Algo RING proto SIMPLE channel{Lo..Hi}={0..15}
cs-ec021-cfaa2-server:18866:18866 [0] NCCL INFO AllGather: 8388608 Bytes -> Algo RING proto SIMPLE channel{Lo..Hi}={0..15}
cs-ec021-cfaa2-server:18866:18866 [0] NCCL INFO AllGather: 8388608 Bytes -> Algo RING proto SIMPLE channel{Lo..Hi}={0..15}
cs-ec021-cfaa2-server:18866:18866 [0] NCCL INFO AllGather: 8388608 Bytes -> Algo RING proto SIMPLE channel{Lo..Hi}={0..15}
cs-ec021-cfaa2-server:18866:18866 [0] NCCL INFO AllGather: 8388608 Bytes -> Algo RING proto SIMPLE channel{Lo..Hi}={0..15}
cs-ec021-cfaa2-server:18866:18866 [0] NCCL INFO AllGather: 8388608 Bytes -> Algo RING proto SIMPLE channel{Lo..Hi}={0..15}
cs-ec021-cfaa2-server:18866:18866 [0] NCCL INFO AllGather: 8388608 Bytes -> Algo RING proto SIMPLE channel{Lo..Hi}={0..15}
cs-ec021-cfaa2-server:18866:18866 [0] NCCL INFO AllGather: 8388608 Bytes -> Algo RING proto SIMPLE channel{Lo..Hi}={0..15}
cs-ec021-cfaa2-server:18866:18866 [0] NCCL INFO AllGather: 8388608 Bytes -> Algo RING proto SIMPLE channel{Lo..Hi}={0..15}
cs-ec021-cfaa2-server:18866:18866 [0] NCCL INFO AllGather: 8388608 Bytes -> Algo RING proto SIMPLE channel{Lo..Hi}={0..15}
cs-ec021-cfaa2-server:18866:18866 [0] NCCL INFO AllGather: 8388608 Bytes -> Algo RING proto SIMPLE channel{Lo..Hi}={0..15}
cs-ec021-cfaa2-server:18866:18866 [0] NCCL INFO AllGather: 8388608 Bytes -> Algo RING proto SIMPLE channel{Lo..Hi}={0..15}
cs-ec021-cfaa2-server:18866:18866 [0] NCCL INFO AllGather: 8388608 Bytes -> Algo RING proto SIMPLE channel{Lo..Hi}={0..15}
cs-ec021-cfaa2-server:18866:18866 [0] NCCL INFO AllGather: 8388608 Bytes -> Algo RING proto SIMPLE channel{Lo..Hi}={0..15}
cs-ec021-cfaa2-server:18866:18866 [0] NCCL INFO AllGather: 8388608 Bytes -> Algo RING proto SIMPLE channel{Lo..Hi}={0..15}
cs-ec021-cfaa2-server:18866:18866 [0] NCCL INFO AllGather: 8388608 Bytes -> Algo RING proto SIMPLE channel{Lo..Hi}={0..15}
cs-ec021-cfaa2-server:18866:18866 [0] NCCL INFO AllGather: 8388608 Bytes -> Algo RING proto SIMPLE channel{Lo..Hi}={0..15}
cs-ec021-cfaa2-server:18866:18866 [0] NCCL INFO AllGather: 8388608 Bytes -> Algo RING proto SIMPLE channel{Lo..Hi}={0..15}
cs-ec021-cfaa2-server:18866:18866 [0] NCCL INFO AllGather: 8388608 Bytes -> Algo RING proto SIMPLE channel{Lo..Hi}={0..15}
cs-ec021-cfaa2-server:18866:18866 [0] NCCL INFO AllGather: 8388608 Bytes -> Algo RING proto SIMPLE channel{Lo..Hi}={0..15}
cs-ec021-cfaa2-server:18866:18866 [0] NCCL INFO AllGather: 8388608 Bytes -> Algo RING proto SIMPLE channel{Lo..Hi}={0..15}
cs-ec021-cfaa2-server:18866:18866 [0] NCCL INFO AllGather: 8388608 Bytes -> Algo RING proto SIMPLE channel{Lo..Hi}={0..15}
cs-ec021-cfaa2-server:18866:18866 [0] NCCL INFO AllGather: 8388608 Bytes -> Algo RING proto SIMPLE channel{Lo..Hi}={0..15}
cs-ec021-cfaa2-server:18866:18866 [0] NCCL INFO AllGather: 8388608 Bytes -> Algo RING proto SIMPLE channel{Lo..Hi}={0..15}
cs-ec021-cfaa2-server:18866:18866 [0] NCCL INFO AllGather: 8388608 Bytes -> Algo RING proto SIMPLE channel{Lo..Hi}={0..15}
cs-ec021-cfaa2-server:18866:18866 [0] NCCL INFO AllGather: 8388608 Bytes -> Algo RING proto SIMPLE channel{Lo..Hi}={0..15}
cs-ec021-cfaa2-server:18866:18866 [0] NCCL INFO AllGather: 8388608 Bytes -> Algo RING proto SIMPLE channel{Lo..Hi}={0..15}
cs-ec021-cfaa2-server:18866:18866 [0] NCCL INFO AllGather: 8388608 Bytes -> Algo RING proto SIMPLE channel{Lo..Hi}={0..15}
cs-ec021-cfaa2-server:18866:18866 [0] NCCL INFO AllGather: 8388608 Bytes -> Algo RING proto SIMPLE channel{Lo..Hi}={0..15}
cs-ec021-cfaa2-server:18866:18866 [0] NCCL INFO AllGather: 8388608 Bytes -> Algo RING proto SIMPLE channel{Lo..Hi}={0..15}
cs-ec021-cfaa2-server:18866:18866 [0] NCCL INFO AllGather: 8388608 Bytes -> Algo RING proto SIMPLE channel{Lo..Hi}={0..15}
cs-ec021-cfaa2-server:18866:18866 [0] NCCL INFO AllGather: 8388608 Bytes -> Algo RING proto SIMPLE channel{Lo..Hi}={0..15}
cs-ec021-cfaa2-server:18866:18866 [0] NCCL INFO AllGather: 8388608 Bytes -> Algo RING proto SIMPLE channel{Lo..Hi}={0..15}
cs-ec021-cfaa2-server:18866:18866 [0] NCCL INFO AllGather: 8388608 Bytes -> Algo RING proto SIMPLE channel{Lo..Hi}={0..15}
cs-ec021-cfaa2-server:18866:18866 [0] NCCL INFO AllGather: 8388608 Bytes -> Algo RING proto SIMPLE channel{Lo..Hi}={0..15}
cs-ec021-cfaa2-server:18866:18866 [0] NCCL INFO AllGather: 8388608 Bytes -> Algo RING proto SIMPLE channel{Lo..Hi}={0..15}
cs-ec021-cfaa2-server:18866:18866 [0] NCCL INFO AllGather: 8388608 Bytes -> Algo RING proto SIMPLE channel{Lo..Hi}={0..15}
cs-ec021-cfaa2-server:18866:18866 [0] NCCL INFO AllGather: 8388608 Bytes -> Algo RING proto SIMPLE channel{Lo..Hi}={0..15}
cs-ec021-cfaa2-server:18866:18866 [0] NCCL INFO AllGather: 8388608 Bytes -> Algo RING proto SIMPLE channel{Lo..Hi}={0..15}
cs-ec021-cfaa2-server:18866:18866 [0] NCCL INFO AllGather: 8388608 Bytes -> Algo RING proto SIMPLE channel{Lo..Hi}={0..15}
cs-ec021-cfaa2-server:18866:18866 [0] NCCL INFO AllGather: 8388608 Bytes -> Algo RING proto SIMPLE channel{Lo..Hi}={0..15}
cs-ec021-cfaa2-server:18866:18866 [0] NCCL INFO AllGather: 8388608 Bytes -> Algo RING proto SIMPLE channel{Lo..Hi}={0..15}
cs-ec021-cfaa2-server:18866:18866 [0] NCCL INFO AllGather: 8388608 Bytes -> Algo RING proto SIMPLE channel{Lo..Hi}={0..15}
cs-ec021-cfaa2-server:18866:18866 [0] NCCL INFO AllGather: 8388608 Bytes -> Algo RING proto SIMPLE channel{Lo..Hi}={0..15}
cs-ec021-cfaa2-server:18866:18866 [0] NCCL INFO AllGather: 8388608 Bytes -> Algo RING proto SIMPLE channel{Lo..Hi}={0..15}
cs-ec021-cfaa2-server:18866:18866 [0] NCCL INFO AllGather: 8388608 Bytes -> Algo RING proto SIMPLE channel{Lo..Hi}={0..15}
cs-ec021-cfaa2-server:18866:18866 [0] NCCL INFO AllGather: 8388608 Bytes -> Algo RING proto SIMPLE channel{Lo..Hi}={0..15}
cs-ec021-cfaa2-server:18866:18866 [0] NCCL INFO AllGather: 8388608 Bytes -> Algo RING proto SIMPLE channel{Lo..Hi}={0..15}
cs-ec021-cfaa2-server:18866:18866 [0] NCCL INFO AllGather: 8388608 Bytes -> Algo RING proto SIMPLE channel{Lo..Hi}={0..15}
cs-ec021-cfaa2-server:18866:18866 [0] NCCL INFO AllGather: 8388608 Bytes -> Algo RING proto SIMPLE channel{Lo..Hi}={0..15}
cs-ec021-cfaa2-server:18866:18866 [0] NCCL INFO AllGather: 8388608 Bytes -> Algo RING proto SIMPLE channel{Lo..Hi}={0..15}
cs-ec021-cfaa2-server:18866:18866 [0] NCCL INFO AllGather: 8388608 Bytes -> Algo RING proto SIMPLE channel{Lo..Hi}={0..15}
cs-ec021-cfaa2-server:18866:18866 [0] NCCL INFO AllGather: 8388608 Bytes -> Algo RING proto SIMPLE channel{Lo..Hi}={0..15}
cs-ec021-cfaa2-server:18866:18866 [0] NCCL INFO AllGather: 8388608 Bytes -> Algo RING proto SIMPLE channel{Lo..Hi}={0..15}
cs-ec021-cfaa2-server:18866:18866 [0] NCCL INFO AllGather: 8388608 Bytes -> Algo RING proto SIMPLE channel{Lo..Hi}={0..15}
cs-ec021-cfaa2-server:18866:18866 [0] NCCL INFO AllGather: 8388608 Bytes -> Algo RING proto SIMPLE channel{Lo..Hi}={0..15}
cs-ec021-cfaa2-server:18866:18866 [0] NCCL INFO AllGather: 8388608 Bytes -> Algo RING proto SIMPLE channel{Lo..Hi}={0..15}
cs-ec021-cfaa2-server:18866:18866 [0] NCCL INFO AllGather: 8388608 Bytes -> Algo RING proto SIMPLE channel{Lo..Hi}={0..15}
cs-ec021-cfaa2-server:18866:18866 [0] NCCL INFO AllGather: 8388608 Bytes -> Algo RING proto SIMPLE channel{Lo..Hi}={0..15}
cs-ec021-cfaa2-server:18866:18866 [0] NCCL INFO AllGather: 8388608 Bytes -> Algo RING proto SIMPLE channel{Lo..Hi}={0..15}
cs-ec021-cfaa2-server:18866:18866 [0] NCCL INFO AllGather: 8388608 Bytes -> Algo RING proto SIMPLE channel{Lo..Hi}={0..15}
cs-ec021-cfaa2-server:18866:18866 [0] NCCL INFO AllGather: 8388608 Bytes -> Algo RING proto SIMPLE channel{Lo..Hi}={0..15}
cs-ec021-cfaa2-server:18866:18866 [0] NCCL INFO AllGather: 8388608 Bytes -> Algo RING proto SIMPLE channel{Lo..Hi}={0..15}
cs-ec021-cfaa2-server:18866:18866 [0] NCCL INFO AllGather: 8388608 Bytes -> Algo RING proto SIMPLE channel{Lo..Hi}={0..15}
cs-ec021-cfaa2-server:18866:18866 [0] NCCL INFO AllGather: 8388608 Bytes -> Algo RING proto SIMPLE channel{Lo..Hi}={0..15}
cs-ec021-cfaa2-server:18866:18866 [0] NCCL INFO AllGather: 8388608 Bytes -> Algo RING proto SIMPLE channel{Lo..Hi}={0..15}
cs-ec021-cfaa2-server:18866:18866 [0] NCCL INFO AllGather: 8388608 Bytes -> Algo RING proto SIMPLE channel{Lo..Hi}={0..15}
cs-ec021-cfaa2-server:18866:18866 [0] NCCL INFO AllGather: 8388608 Bytes -> Algo RING proto SIMPLE channel{Lo..Hi}={0..15}
cs-ec021-cfaa2-server:18866:18866 [0] NCCL INFO AllGather: 8388608 Bytes -> Algo RING proto SIMPLE channel{Lo..Hi}={0..15}
cs-ec021-cfaa2-server:18866:18866 [0] NCCL INFO AllGather: 8388608 Bytes -> Algo RING proto SIMPLE channel{Lo..Hi}={0..15}
cs-ec021-cfaa2-server:18866:18866 [0] NCCL INFO AllGather: 8388608 Bytes -> Algo RING proto SIMPLE channel{Lo..Hi}={0..15}
cs-ec021-cfaa2-server:18866:18866 [0] NCCL INFO AllGather: 8388608 Bytes -> Algo RING proto SIMPLE channel{Lo..Hi}={0..15}
cs-ec021-cfaa2-server:18866:18866 [0] NCCL INFO AllGather: 8388608 Bytes -> Algo RING proto SIMPLE channel{Lo..Hi}={0..15}
cs-ec021-cfaa2-server:18866:18866 [0] NCCL INFO AllGather: 8388608 Bytes -> Algo RING proto SIMPLE channel{Lo..Hi}={0..15}
cs-ec021-cfaa2-server:18866:18866 [0] NCCL INFO AllGather: 8388608 Bytes -> Algo RING proto SIMPLE channel{Lo..Hi}={0..15}
cs-ec021-cfaa2-server:18866:18866 [0] NCCL INFO AllGather: 8388608 Bytes -> Algo RING proto SIMPLE channel{Lo..Hi}={0..15}
cs-ec021-cfaa2-server:18866:18866 [0] NCCL INFO AllGather: 8388608 Bytes -> Algo RING proto SIMPLE channel{Lo..Hi}={0..15}
cs-ec021-cfaa2-server:18866:18866 [0] NCCL INFO AllGather: 8388608 Bytes -> Algo RING proto SIMPLE channel{Lo..Hi}={0..15}
cs-ec021-cfaa2-server:18866:18866 [0] NCCL INFO AllGather: 8388608 Bytes -> Algo RING proto SIMPLE channel{Lo..Hi}={0..15}
cs-ec021-cfaa2-server:18866:18866 [0] NCCL INFO AllGather: 8388608 Bytes -> Algo RING proto SIMPLE channel{Lo..Hi}={0..15}
cs-ec021-cfaa2-server:18866:18866 [0] NCCL INFO AllGather: 8388608 Bytes -> Algo RING proto SIMPLE channel{Lo..Hi}={0..15}
cs-ec021-cfaa2-server:18866:18866 [0] NCCL INFO AllGather: 8388608 Bytes -> Algo RING proto SIMPLE channel{Lo..Hi}={0..15}
cs-ec021-cfaa2-server:18866:18866 [0] NCCL INFO AllGather: 8388608 Bytes -> Algo RING proto SIMPLE channel{Lo..Hi}={0..15}
cs-ec021-cfaa2-server:18866:18866 [0] NCCL INFO AllGather: 8388608 Bytes -> Algo RING proto SIMPLE channel{Lo..Hi}={0..15}
cs-ec021-cfaa2-server:18866:18866 [0] NCCL INFO AllGather: 8388608 Bytes -> Algo RING proto SIMPLE channel{Lo..Hi}={0..15}
cs-ec021-cfaa2-server:18866:18866 [0] NCCL INFO AllGather: 8388608 Bytes -> Algo RING proto SIMPLE channel{Lo..Hi}={0..15}
cs-ec021-cfaa2-server:18866:18866 [0] NCCL INFO AllGather: 8388608 Bytes -> Algo RING proto SIMPLE channel{Lo..Hi}={0..15}
cs-ec021-cfaa2-server:18866:18866 [0] NCCL INFO AllGather: 8388608 Bytes -> Algo RING proto SIMPLE channel{Lo..Hi}={0..15}
cs-ec021-cfaa2-server:18866:18866 [0] NCCL INFO AllGather: 8388608 Bytes -> Algo RING proto SIMPLE channel{Lo..Hi}={0..15}
cs-ec021-cfaa2-server:18866:18866 [0] NCCL INFO AllGather: 8388608 Bytes -> Algo RING proto SIMPLE channel{Lo..Hi}={0..15}
cs-ec021-cfaa2-server:18866:18866 [0] NCCL INFO AllGather: 8388608 Bytes -> Algo RING proto SIMPLE channel{Lo..Hi}={0..15}
cs-ec021-cfaa2-server:18866:18866 [0] NCCL INFO AllGather: 8388608 Bytes -> Algo RING proto SIMPLE channel{Lo..Hi}={0..15}
cs-ec021-cfaa2-server:18866:18866 [0] NCCL INFO AllGather: 8388608 Bytes -> Algo RING proto SIMPLE channel{Lo..Hi}={0..15}
cs-ec021-cfaa2-server:18866:18866 [0] NCCL INFO AllGather: 8388608 Bytes -> Algo RING proto SIMPLE channel{Lo..Hi}={0..15}
cs-ec021-cfaa2-server:18866:18866 [0] NCCL INFO AllGather: 8388608 Bytes -> Algo RING proto SIMPLE channel{Lo..Hi}={0..15}
cs-ec021-cfaa2-server:18866:18866 [0] NCCL INFO AllGather: 8388608 Bytes -> Algo RING proto SIMPLE channel{Lo..Hi}={0..15}
cs-ec021-cfaa2-server:18866:18866 [0] NCCL INFO AllGather: 8388608 Bytes -> Algo RING proto SIMPLE channel{Lo..Hi}={0..15}
cs-ec021-cfaa2-server:18866:18866 [0] NCCL INFO AllGather: 8388608 Bytes -> Algo RING proto SIMPLE channel{Lo..Hi}={0..15}
cs-ec021-cfaa2-server:18866:18866 [0] NCCL INFO AllGather: 8388608 Bytes -> Algo RING proto SIMPLE channel{Lo..Hi}={0..15}
cs-ec021-cfaa2-server:18866:18866 [0] NCCL INFO AllGather: 8388608 Bytes -> Algo RING proto SIMPLE channel{Lo..Hi}={0..15}
cs-ec021-cfaa2-server:18866:18866 [0] NCCL INFO AllGather: 8388608 Bytes -> Algo RING proto SIMPLE channel{Lo..Hi}={0..15}
cs-ec021-cfaa2-server:18866:18866 [0] NCCL INFO AllGather: 8388608 Bytes -> Algo RING proto SIMPLE channel{Lo..Hi}={0..15}
cs-ec021-cfaa2-server:18866:18866 [0] NCCL INFO AllGather: 8388608 Bytes -> Algo RING proto SIMPLE channel{Lo..Hi}={0..15}
cs-ec021-cfaa2-server:18866:18866 [0] NCCL INFO AllGather: 8388608 Bytes -> Algo RING proto SIMPLE channel{Lo..Hi}={0..15}
cs-ec021-cfaa2-server:18866:18866 [0] NCCL INFO AllGather: 8388608 Bytes -> Algo RING proto SIMPLE channel{Lo..Hi}={0..15}
cs-ec021-cfaa2-server:18866:18866 [0] NCCL INFO AllGather: 8388608 Bytes -> Algo RING proto SIMPLE channel{Lo..Hi}={0..15}
cs-ec021-cfaa2-server:18866:18866 [0] NCCL INFO AllGather: 8388608 Bytes -> Algo RING proto SIMPLE channel{Lo..Hi}={0..15}
cs-ec021-cfaa2-server:18866:18866 [0] NCCL INFO AllGather: 8388608 Bytes -> Algo RING proto SIMPLE channel{Lo..Hi}={0..15}
cs-ec021-cfaa2-server:18866:18866 [0] NCCL INFO AllGather: 8388608 Bytes -> Algo RING proto SIMPLE channel{Lo..Hi}={0..15}
cs-ec021-cfaa2-server:18866:18866 [0] NCCL INFO AllGather: 8388608 Bytes -> Algo RING proto SIMPLE channel{Lo..Hi}={0..15}
cs-ec021-cfaa2-server:18866:18866 [0] NCCL INFO AllGather: 8388608 Bytes -> Algo RING proto SIMPLE channel{Lo..Hi}={0..15}
cs-ec021-cfaa2-server:18866:18866 [0] NCCL INFO AllGather: 8388608 Bytes -> Algo RING proto SIMPLE channel{Lo..Hi}={0..15}
cs-ec021-cfaa2-server:18866:18866 [0] NCCL INFO AllGather: 8388608 Bytes -> Algo RING proto SIMPLE channel{Lo..Hi}={0..15}
cs-ec021-cfaa2-server:18866:18866 [0] NCCL INFO AllGather: 8388608 Bytes -> Algo RING proto SIMPLE channel{Lo..Hi}={0..15}
cs-ec021-cfaa2-server:18866:18866 [0] NCCL INFO AllGather: 8388608 Bytes -> Algo RING proto SIMPLE channel{Lo..Hi}={0..15}
cs-ec021-cfaa2-server:18866:18866 [0] NCCL INFO AllGather: 8388608 Bytes -> Algo RING proto SIMPLE channel{Lo..Hi}={0..15}
cs-ec021-cfaa2-server:18866:18866 [0] NCCL INFO AllGather: 8388608 Bytes -> Algo RING proto SIMPLE channel{Lo..Hi}={0..15}
cs-ec021-cfaa2-server:18866:18866 [0] NCCL INFO AllGather: 8388608 Bytes -> Algo RING proto SIMPLE channel{Lo..Hi}={0..15}
cs-ec021-cfaa2-server:18866:18866 [0] NCCL INFO AllGather: 8388608 Bytes -> Algo RING proto SIMPLE channel{Lo..Hi}={0..15}
cs-ec021-cfaa2-server:18866:18866 [0] NCCL INFO AllGather: 8388608 Bytes -> Algo RING proto SIMPLE channel{Lo..Hi}={0..15}
cs-ec021-cfaa2-server:18866:18866 [0] NCCL INFO AllGather: 8388608 Bytes -> Algo RING proto SIMPLE channel{Lo..Hi}={0..15}
cs-ec021-cfaa2-server:18866:18866 [0] NCCL INFO AllGather: 8388608 Bytes -> Algo RING proto SIMPLE channel{Lo..Hi}={0..15}
cs-ec021-cfaa2-server:18866:18866 [0] NCCL INFO AllGather: 8388608 Bytes -> Algo RING proto SIMPLE channel{Lo..Hi}={0..15}
cs-ec021-cfaa2-server:18866:18866 [0] NCCL INFO AllGather: 8388608 Bytes -> Algo RING proto SIMPLE channel{Lo..Hi}={0..15}
cs-ec021-cfaa2-server:18866:18866 [0] NCCL INFO AllGather: 8388608 Bytes -> Algo RING proto SIMPLE channel{Lo..Hi}={0..15}
cs-ec021-cfaa2-server:18866:18866 [0] NCCL INFO AllGather: 8388608 Bytes -> Algo RING proto SIMPLE channel{Lo..Hi}={0..15}
cs-ec021-cfaa2-server:18866:18866 [0] NCCL INFO AllGather: 8388608 Bytes -> Algo RING proto SIMPLE channel{Lo..Hi}={0..15}
cs-ec021-cfaa2-server:18866:18866 [0] NCCL INFO AllGather: 8388608 Bytes -> Algo RING proto SIMPLE channel{Lo..Hi}={0..15}
cs-ec021-cfaa2-server:18866:18866 [0] NCCL INFO AllGather: 8388608 Bytes -> Algo RING proto SIMPLE channel{Lo..Hi}={0..15}
cs-ec021-cfaa2-server:18866:18866 [0] NCCL INFO AllGather: 8388608 Bytes -> Algo RING proto SIMPLE channel{Lo..Hi}={0..15}
cs-ec021-cfaa2-server:18866:18866 [0] NCCL INFO AllGather: 8388608 Bytes -> Algo RING proto SIMPLE channel{Lo..Hi}={0..15}
cs-ec021-cfaa2-server:18866:18866 [0] NCCL INFO AllGather: 8388608 Bytes -> Algo RING proto SIMPLE channel{Lo..Hi}={0..15}
cs-ec021-cfaa2-server:18866:18866 [0] NCCL INFO AllGather: 8388608 Bytes -> Algo RING proto SIMPLE channel{Lo..Hi}={0..15}
cs-ec021-cfaa2-server:18866:18866 [0] NCCL INFO AllGather: 8388608 Bytes -> Algo RING proto SIMPLE channel{Lo..Hi}={0..15}
cs-ec021-cfaa2-server:18866:18866 [0] NCCL INFO AllGather: 8388608 Bytes -> Algo RING proto SIMPLE channel{Lo..Hi}={0..15}
cs-ec021-cfaa2-server:18866:18866 [0] NCCL INFO AllGather: 8388608 Bytes -> Algo RING proto SIMPLE channel{Lo..Hi}={0..15}
cs-ec021-cfaa2-server:18866:18866 [0] NCCL INFO AllGather: 8388608 Bytes -> Algo RING proto SIMPLE channel{Lo..Hi}={0..15}
cs-ec021-cfaa2-server:18866:18866 [0] NCCL INFO AllGather: 8388608 Bytes -> Algo RING proto SIMPLE channel{Lo..Hi}={0..15}
cs-ec021-cfaa2-server:18866:18866 [0] NCCL INFO AllGather: 8388608 Bytes -> Algo RING proto SIMPLE channel{Lo..Hi}={0..15}
cs-ec021-cfaa2-server:18866:18866 [0] NCCL INFO AllGather: 8388608 Bytes -> Algo RING proto SIMPLE channel{Lo..Hi}={0..15}
cs-ec021-cfaa2-server:18866:18866 [0] NCCL INFO AllGather: 8388608 Bytes -> Algo RING proto SIMPLE channel{Lo..Hi}={0..15}
cs-ec021-cfaa2-server:18866:18866 [0] NCCL INFO AllGather: 8388608 Bytes -> Algo RING proto SIMPLE channel{Lo..Hi}={0..15}
cs-ec021-cfaa2-server:18866:18866 [0] NCCL INFO AllGather: 8388608 Bytes -> Algo RING proto SIMPLE channel{Lo..Hi}={0..15}
cs-ec021-cfaa2-server:18866:18866 [0] NCCL INFO AllGather: 8388608 Bytes -> Algo RING proto SIMPLE channel{Lo..Hi}={0..15}
cs-ec021-cfaa2-server:18866:18866 [0] NCCL INFO AllGather: 8388608 Bytes -> Algo RING proto SIMPLE channel{Lo..Hi}={0..15}
cs-ec021-cfaa2-server:18866:18866 [0] NCCL INFO AllGather: 8388608 Bytes -> Algo RING proto SIMPLE channel{Lo..Hi}={0..15}
cs-ec021-cfaa2-server:18866:18866 [0] NCCL INFO AllGather: 8388608 Bytes -> Algo RING proto SIMPLE channel{Lo..Hi}={0..15}
cs-ec021-cfaa2-server:18866:18866 [0] NCCL INFO AllGather: 8388608 Bytes -> Algo RING proto SIMPLE channel{Lo..Hi}={0..15}
cs-ec021-cfaa2-server:18866:18866 [0] NCCL INFO AllGather: 8388608 Bytes -> Algo RING proto SIMPLE channel{Lo..Hi}={0..15}
cs-ec021-cfaa2-server:18866:18866 [0] NCCL INFO AllGather: 8388608 Bytes -> Algo RING proto SIMPLE channel{Lo..Hi}={0..15}
cs-ec021-cfaa2-server:18866:18866 [0] NCCL INFO AllGather: 8388608 Bytes -> Algo RING proto SIMPLE channel{Lo..Hi}={0..15}
cs-ec021-cfaa2-server:18866:18866 [0] NCCL INFO AllGather: 8388608 Bytes -> Algo RING proto SIMPLE channel{Lo..Hi}={0..15}
cs-ec021-cfaa2-server:18866:18866 [0] NCCL INFO AllGather: 8388608 Bytes -> Algo RING proto SIMPLE channel{Lo..Hi}={0..15}
cs-ec021-cfaa2-server:18866:18866 [0] NCCL INFO AllGather: 8388608 Bytes -> Algo RING proto SIMPLE channel{Lo..Hi}={0..15}
cs-ec021-cfaa2-server:18866:18866 [0] NCCL INFO AllGather: 8388608 Bytes -> Algo RING proto SIMPLE channel{Lo..Hi}={0..15}
cs-ec021-cfaa2-server:18866:18866 [0] NCCL INFO AllGather: 8388608 Bytes -> Algo RING proto SIMPLE channel{Lo..Hi}={0..15}
cs-ec021-cfaa2-server:18866:18866 [0] NCCL INFO AllGather: 8388608 Bytes -> Algo RING proto SIMPLE channel{Lo..Hi}={0..15}
cs-ec021-cfaa2-server:18866:18866 [0] NCCL INFO AllGather: 8388608 Bytes -> Algo RING proto SIMPLE channel{Lo..Hi}={0..15}
cs-ec021-cfaa2-server:18866:18866 [0] NCCL INFO AllGather: 8388608 Bytes -> Algo RING proto SIMPLE channel{Lo..Hi}={0..15}
cs-ec021-cfaa2-server:18866:18866 [0] NCCL INFO AllGather: 8388608 Bytes -> Algo RING proto SIMPLE channel{Lo..Hi}={0..15}
cs-ec021-cfaa2-server:18866:18866 [0] NCCL INFO AllGather: 8388608 Bytes -> Algo RING proto SIMPLE channel{Lo..Hi}={0..15}
cs-ec021-cfaa2-server:18866:18866 [0] NCCL INFO AllGather: 8388608 Bytes -> Algo RING proto SIMPLE channel{Lo..Hi}={0..15}
cs-ec021-cfaa2-server:18866:18866 [0] NCCL INFO AllGather: 8388608 Bytes -> Algo RING proto SIMPLE channel{Lo..Hi}={0..15}
cs-ec021-cfaa2-server:18866:18866 [0] NCCL INFO AllGather: 8388608 Bytes -> Algo RING proto SIMPLE channel{Lo..Hi}={0..15}
cs-ec021-cfaa2-server:18866:18866 [0] NCCL INFO AllGather: 8388608 Bytes -> Algo RING proto SIMPLE channel{Lo..Hi}={0..15}
cs-ec021-cfaa2-server:18866:18866 [0] NCCL INFO AllGather: 8388608 Bytes -> Algo RING proto SIMPLE channel{Lo..Hi}={0..15}
cs-ec021-cfaa2-server:18866:18866 [0] NCCL INFO AllGather: 8388608 Bytes -> Algo RING proto SIMPLE channel{Lo..Hi}={0..15}
cs-ec021-cfaa2-server:18866:18866 [0] NCCL INFO AllGather: 8388608 Bytes -> Algo RING proto SIMPLE channel{Lo..Hi}={0..15}
cs-ec021-cfaa2-server:18866:18866 [0] NCCL INFO AllGather: 8388608 Bytes -> Algo RING proto SIMPLE channel{Lo..Hi}={0..15}
cs-ec021-cfaa2-server:18866:18866 [0] NCCL INFO AllGather: 8388608 Bytes -> Algo RING proto SIMPLE channel{Lo..Hi}={0..15}
cs-ec021-cfaa2-server:18866:18866 [0] NCCL INFO AllGather: 8388608 Bytes -> Algo RING proto SIMPLE channel{Lo..Hi}={0..15}
cs-ec021-cfaa2-server:18866:18866 [0] NCCL INFO AllGather: 8388608 Bytes -> Algo RING proto SIMPLE channel{Lo..Hi}={0..15}
cs-ec021-cfaa2-server:18866:18866 [0] NCCL INFO AllGather: 8388608 Bytes -> Algo RING proto SIMPLE channel{Lo..Hi}={0..15}
cs-ec021-cfaa2-server:18866:18866 [0] NCCL INFO AllGather: 8388608 Bytes -> Algo RING proto SIMPLE channel{Lo..Hi}={0..15}
cs-ec021-cfaa2-server:18866:18866 [0] NCCL INFO AllGather: 8388608 Bytes -> Algo RING proto SIMPLE channel{Lo..Hi}={0..15}
cs-ec021-cfaa2-server:18866:18866 [0] NCCL INFO AllGather: 8388608 Bytes -> Algo RING proto SIMPLE channel{Lo..Hi}={0..15}
cs-ec021-cfaa2-server:18866:18866 [0] NCCL INFO AllGather: 8388608 Bytes -> Algo RING proto SIMPLE channel{Lo..Hi}={0..15}
cs-ec021-cfaa2-server:18866:18866 [0] NCCL INFO AllGather: 8388608 Bytes -> Algo RING proto SIMPLE channel{Lo..Hi}={0..15}
cs-ec021-cfaa2-server:18866:18866 [0] NCCL INFO AllGather: 8388608 Bytes -> Algo RING proto SIMPLE channel{Lo..Hi}={0..15}
cs-ec021-cfaa2-server:18866:18866 [0] NCCL INFO AllGather: 8388608 Bytes -> Algo RING proto SIMPLE channel{Lo..Hi}={0..15}
cs-ec021-cfaa2-server:18866:18866 [0] NCCL INFO AllGather: 8388608 Bytes -> Algo RING proto SIMPLE channel{Lo..Hi}={0..15}
cs-ec021-cfaa2-server:18866:18866 [0] NCCL INFO AllGather: 8388608 Bytes -> Algo RING proto SIMPLE channel{Lo..Hi}={0..15}
cs-ec021-cfaa2-server:18866:18866 [0] NCCL INFO AllGather: 8388608 Bytes -> Algo RING proto SIMPLE channel{Lo..Hi}={0..15}
cs-ec021-cfaa2-server:18866:18866 [0] NCCL INFO AllGather: 8388608 Bytes -> Algo RING proto SIMPLE channel{Lo..Hi}={0..15}
cs-ec021-cfaa2-server:18866:18866 [0] NCCL INFO AllGather: 8388608 Bytes -> Algo RING proto SIMPLE channel{Lo..Hi}={0..15}
cs-ec021-cfaa2-server:18866:18866 [0] NCCL INFO AllGather: 8388608 Bytes -> Algo RING proto SIMPLE channel{Lo..Hi}={0..15}
cs-ec021-cfaa2-server:18866:18866 [0] NCCL INFO AllGather: 8388608 Bytes -> Algo RING proto SIMPLE channel{Lo..Hi}={0..15}
cs-ec021-cfaa2-server:18866:18866 [0] NCCL INFO AllGather: 8388608 Bytes -> Algo RING proto SIMPLE channel{Lo..Hi}={0..15}
cs-ec021-cfaa2-server:18866:18866 [0] NCCL INFO AllGather: 8388608 Bytes -> Algo RING proto SIMPLE channel{Lo..Hi}={0..15}
cs-ec021-cfaa2-server:18866:18866 [0] NCCL INFO AllGather: 8388608 Bytes -> Algo RING proto SIMPLE channel{Lo..Hi}={0..15}
cs-ec021-cfaa2-server:18866:18866 [0] NCCL INFO AllGather: 8388608 Bytes -> Algo RING proto SIMPLE channel{Lo..Hi}={0..15}
cs-ec021-cfaa2-server:18866:18866 [0] NCCL INFO AllGather: 8388608 Bytes -> Algo RING proto SIMPLE channel{Lo..Hi}={0..15}
cs-ec021-cfaa2-server:18866:18866 [0] NCCL INFO AllGather: 8388608 Bytes -> Algo RING proto SIMPLE channel{Lo..Hi}={0..15}
cs-ec021-cfaa2-server:18866:18866 [0] NCCL INFO AllGather: 8388608 Bytes -> Algo RING proto SIMPLE channel{Lo..Hi}={0..15}
cs-ec021-cfaa2-server:18866:18866 [0] NCCL INFO AllGather: 8388608 Bytes -> Algo RING proto SIMPLE channel{Lo..Hi}={0..15}
cs-ec021-cfaa2-server:18866:18866 [0] NCCL INFO AllGather: 8388608 Bytes -> Algo RING proto SIMPLE channel{Lo..Hi}={0..15}
cs-ec021-cfaa2-server:18866:18866 [0] NCCL INFO AllGather: 8388608 Bytes -> Algo RING proto SIMPLE channel{Lo..Hi}={0..15}
cs-ec021-cfaa2-server:18866:18866 [0] NCCL INFO AllGather: 8388608 Bytes -> Algo RING proto SIMPLE channel{Lo..Hi}={0..15}
cs-ec021-cfaa2-server:18866:18866 [0] NCCL INFO AllGather: 8388608 Bytes -> Algo RING proto SIMPLE channel{Lo..Hi}={0..15}
cs-ec021-cfaa2-server:18866:18866 [0] NCCL INFO AllGather: 8388608 Bytes -> Algo RING proto SIMPLE channel{Lo..Hi}={0..15}
cs-ec021-cfaa2-server:18866:18866 [0] NCCL INFO AllGather: 8388608 Bytes -> Algo RING proto SIMPLE channel{Lo..Hi}={0..15}
cs-ec021-cfaa2-server:18866:18866 [0] NCCL INFO AllGather: 8388608 Bytes -> Algo RING proto SIMPLE channel{Lo..Hi}={0..15}
cs-ec021-cfaa2-server:18866:18866 [0] NCCL INFO AllGather: 8388608 Bytes -> Algo RING proto SIMPLE channel{Lo..Hi}={0..15}
cs-ec021-cfaa2-server:18866:18866 [0] NCCL INFO AllGather: 8388608 Bytes -> Algo RING proto SIMPLE channel{Lo..Hi}={0..15}
cs-ec021-cfaa2-server:18866:18866 [0] NCCL INFO AllGather: 8388608 Bytes -> Algo RING proto SIMPLE channel{Lo..Hi}={0..15}
cs-ec021-cfaa2-server:18866:18866 [0] NCCL INFO AllGather: 8388608 Bytes -> Algo RING proto SIMPLE channel{Lo..Hi}={0..15}
cs-ec021-cfaa2-server:18866:18866 [0] NCCL INFO AllGather: 8388608 Bytes -> Algo RING proto SIMPLE channel{Lo..Hi}={0..15}
cs-ec021-cfaa2-server:18866:18866 [0] NCCL INFO AllGather: 8388608 Bytes -> Algo RING proto SIMPLE channel{Lo..Hi}={0..15}
cs-ec021-cfaa2-server:18866:18866 [0] NCCL INFO AllGather: 8388608 Bytes -> Algo RING proto SIMPLE channel{Lo..Hi}={0..15}
cs-ec021-cfaa2-server:18866:18866 [0] NCCL INFO AllGather: 8388608 Bytes -> Algo RING proto SIMPLE channel{Lo..Hi}={0..15}
cs-ec021-cfaa2-server:18866:18866 [0] NCCL INFO AllGather: 8388608 Bytes -> Algo RING proto SIMPLE channel{Lo..Hi}={0..15}
cs-ec021-cfaa2-server:18866:18866 [0] NCCL INFO AllGather: 8388608 Bytes -> Algo RING proto SIMPLE channel{Lo..Hi}={0..15}
cs-ec021-cfaa2-server:18866:18866 [0] NCCL INFO AllGather: 8388608 Bytes -> Algo RING proto SIMPLE channel{Lo..Hi}={0..15}
cs-ec021-cfaa2-server:18866:18866 [0] NCCL INFO AllGather: 8388608 Bytes -> Algo RING proto SIMPLE channel{Lo..Hi}={0..15}
cs-ec021-cfaa2-server:18866:18866 [0] NCCL INFO AllGather: 8388608 Bytes -> Algo RING proto SIMPLE channel{Lo..Hi}={0..15}
cs-ec021-cfaa2-server:18866:18866 [0] NCCL INFO AllGather: 8388608 Bytes -> Algo RING proto SIMPLE channel{Lo..Hi}={0..15}
cs-ec021-cfaa2-server:18866:18866 [0] NCCL INFO AllGather: 8388608 Bytes -> Algo RING proto SIMPLE channel{Lo..Hi}={0..15}
cs-ec021-cfaa2-server:18866:18866 [0] NCCL INFO AllGather: 8388608 Bytes -> Algo RING proto SIMPLE channel{Lo..Hi}={0..15}
cs-ec021-cfaa2-server:18866:18866 [0] NCCL INFO AllGather: 8388608 Bytes -> Algo RING proto SIMPLE channel{Lo..Hi}={0..15}
cs-ec021-cfaa2-server:18866:18866 [0] NCCL INFO AllGather: 8388608 Bytes -> Algo RING proto SIMPLE channel{Lo..Hi}={0..15}
cs-ec021-cfaa2-server:18866:18866 [0] NCCL INFO AllGather: 8388608 Bytes -> Algo RING proto SIMPLE channel{Lo..Hi}={0..15}
cs-ec021-cfaa2-server:18866:18866 [0] NCCL INFO AllGather: 8388608 Bytes -> Algo RING proto SIMPLE channel{Lo..Hi}={0..15}
cs-ec021-cfaa2-server:18866:18866 [0] NCCL INFO AllGather: 8388608 Bytes -> Algo RING proto SIMPLE channel{Lo..Hi}={0..15}
cs-ec021-cfaa2-server:18866:18866 [0] NCCL INFO AllGather: 8388608 Bytes -> Algo RING proto SIMPLE channel{Lo..Hi}={0..15}
cs-ec021-cfaa2-server:18866:18866 [0] NCCL INFO AllGather: 8388608 Bytes -> Algo RING proto SIMPLE channel{Lo..Hi}={0..15}
cs-ec021-cfaa2-server:18866:18866 [0] NCCL INFO comm 0x561cf8109030 rank 0 nranks 4 cudaDev 0 busId 8a000 - Destroy COMPLETE
