run_id,rank,rank_count,device,gfx_arch,path,family,candidate,M,N,K,q,slice_index,slice_bytes,iteration_index,t_issue_us,t_release_us,t_gemm_start_us,t_gemm_end_us,t_gemm_duration_us,correctness,status
PHASEB_formal_d1w_C0_DEFAULT_N4096_q8_rep3,2,4,2,sm_89,D1W_WAITSTREAM_OVERLAP,NVSHMEM,C0_DEFAULT,2048,4096,2048,8,0,2097152,0,0,189.152,198.528,1242.656,1044.128,PASS,0
PHASEB_formal_d1w_C0_DEFAULT_N4096_q8_rep3,2,4,2,sm_89,D1W_WAITSTREAM_OVERLAP,NVSHMEM,C0_DEFAULT,2048,4096,2048,8,1,2097152,0,0,1191.296,1265.344,2239.872,974.528,PASS,0
PHASEB_formal_d1w_C0_DEFAULT_N4096_q8_rep3,2,4,2,sm_89,D1W_WAITSTREAM_OVERLAP,NVSHMEM,C0_DEFAULT,2048,4096,2048,8,2,2097152,0,0,2088.096,2272.768,3337.408,1064.640,PASS,0
PHASEB_formal_d1w_C0_DEFAULT_N4096_q8_rep3,2,4,2,sm_89,D1W_WAITSTREAM_OVERLAP,NVSHMEM,C0_DEFAULT,2048,4096,2048,8,3,2097152,0,0,2251.936,3377.408,4426.432,1049.024,PASS,0
PHASEB_formal_d1w_C0_DEFAULT_N4096_q8_rep3,2,4,2,sm_89,D1W_WAITSTREAM_OVERLAP,NVSHMEM,C0_DEFAULT,2048,4096,2048,8,4,2097152,0,0,3353.664,4458.080,5500.800,1042.720,PASS,0
PHASEB_formal_d1w_C0_DEFAULT_N4096_q8_rep3,2,4,2,sm_89,D1W_WAITSTREAM_OVERLAP,NVSHMEM,C0_DEFAULT,2048,4096,2048,8,5,2097152,0,0,4303.040,5518.368,6486.272,967.904,PASS,0
PHASEB_formal_d1w_C0_DEFAULT_N4096_q8_rep3,2,4,2,sm_89,D1W_WAITSTREAM_OVERLAP,NVSHMEM,C0_DEFAULT,2048,4096,2048,8,6,2097152,0,0,4433.376,6503.616,7471.456,967.840,PASS,0
PHASEB_formal_d1w_C0_DEFAULT_N4096_q8_rep3,2,4,2,sm_89,D1W_WAITSTREAM_OVERLAP,NVSHMEM,C0_DEFAULT,2048,4096,2048,8,7,2097152,0,0,5375.424,7488.864,8456.192,967.328,PASS,0
PHASEB_formal_d1w_C0_DEFAULT_N4096_q8_rep3,2,4,2,sm_89,D1W_WAITSTREAM_OVERLAP,NVSHMEM,C0_DEFAULT,2048,4096,2048,8,0,2097152,1,0,192.512,200.768,1247.104,1046.336,PASS,0
PHASEB_formal_d1w_C0_DEFAULT_N4096_q8_rep3,2,4,2,sm_89,D1W_WAITSTREAM_OVERLAP,NVSHMEM,C0_DEFAULT,2048,4096,2048,8,1,2097152,1,0,1233.728,1271.328,2251.776,980.448,PASS,0
PHASEB_formal_d1w_C0_DEFAULT_N4096_q8_rep3,2,4,2,sm_89,D1W_WAITSTREAM_OVERLAP,NVSHMEM,C0_DEFAULT,2048,4096,2048,8,2,2097152,1,0,2085.280,2278.304,3280.032,1001.728,PASS,0
PHASEB_formal_d1w_C0_DEFAULT_N4096_q8_rep3,2,4,2,sm_89,D1W_WAITSTREAM_OVERLAP,NVSHMEM,C0_DEFAULT,2048,4096,2048,8,3,2097152,1,0,2316.736,3325.664,4318.976,993.312,PASS,0
PHASEB_formal_d1w_C0_DEFAULT_N4096_q8_rep3,2,4,2,sm_89,D1W_WAITSTREAM_OVERLAP,NVSHMEM,C0_DEFAULT,2048,4096,2048,8,4,2097152,1,0,3351.200,4347.840,5395.744,1047.904,PASS,0
PHASEB_formal_d1w_C0_DEFAULT_N4096_q8_rep3,2,4,2,sm_89,D1W_WAITSTREAM_OVERLAP,NVSHMEM,C0_DEFAULT,2048,4096,2048,8,5,2097152,1,0,4276.416,5416.832,6384.608,967.776,PASS,0
PHASEB_formal_d1w_C0_DEFAULT_N4096_q8_rep3,2,4,2,sm_89,D1W_WAITSTREAM_OVERLAP,NVSHMEM,C0_DEFAULT,2048,4096,2048,8,6,2097152,1,0,5267.392,6402.016,7370.336,968.320,PASS,0
PHASEB_formal_d1w_C0_DEFAULT_N4096_q8_rep3,2,4,2,sm_89,D1W_WAITSTREAM_OVERLAP,NVSHMEM,C0_DEFAULT,2048,4096,2048,8,7,2097152,1,0,5404.608,7387.712,8355.775,968.064,PASS,0
PHASEB_formal_d1w_C0_DEFAULT_N4096_q8_rep3,2,4,2,sm_89,D1W_WAITSTREAM_OVERLAP,NVSHMEM,C0_DEFAULT,2048,4096,2048,8,0,2097152,2,0,172.160,181.152,1225.248,1044.096,PASS,0
PHASEB_formal_d1w_C0_DEFAULT_N4096_q8_rep3,2,4,2,sm_89,D1W_WAITSTREAM_OVERLAP,NVSHMEM,C0_DEFAULT,2048,4096,2048,8,1,2097152,2,0,1170.464,1246.784,2292.768,1045.984,PASS,0
PHASEB_formal_d1w_C0_DEFAULT_N4096_q8_rep3,2,4,2,sm_89,D1W_WAITSTREAM_OVERLAP,NVSHMEM,C0_DEFAULT,2048,4096,2048,8,2,2097152,2,0,2220.512,2320.192,3382.976,1062.784,PASS,0
PHASEB_formal_d1w_C0_DEFAULT_N4096_q8_rep3,2,4,2,sm_89,D1W_WAITSTREAM_OVERLAP,NVSHMEM,C0_DEFAULT,2048,4096,2048,8,3,2097152,2,0,3238.016,3408.096,4462.336,1054.240,PASS,0
PHASEB_formal_d1w_C0_DEFAULT_N4096_q8_rep3,2,4,2,sm_89,D1W_WAITSTREAM_OVERLAP,NVSHMEM,C0_DEFAULT,2048,4096,2048,8,4,2097152,2,0,3317.216,4484.896,5464.064,979.168,PASS,0
PHASEB_formal_d1w_C0_DEFAULT_N4096_q8_rep3,2,4,2,sm_89,D1W_WAITSTREAM_OVERLAP,NVSHMEM,C0_DEFAULT,2048,4096,2048,8,5,2097152,2,0,4301.120,5481.600,6459.264,977.664,PASS,0
PHASEB_formal_d1w_C0_DEFAULT_N4096_q8_rep3,2,4,2,sm_89,D1W_WAITSTREAM_OVERLAP,NVSHMEM,C0_DEFAULT,2048,4096,2048,8,6,2097152,2,0,4348.576,6476.864,7454.528,977.664,PASS,0
PHASEB_formal_d1w_C0_DEFAULT_N4096_q8_rep3,2,4,2,sm_89,D1W_WAITSTREAM_OVERLAP,NVSHMEM,C0_DEFAULT,2048,4096,2048,8,7,2097152,2,0,5310.432,7472.064,8449.536,977.472,PASS,0
PHASEB_formal_d1w_C0_DEFAULT_N4096_q8_rep3,2,4,2,sm_89,D1W_WAITSTREAM_OVERLAP,NVSHMEM,C0_DEFAULT,2048,4096,2048,8,0,2097152,3,0,193.152,201.984,1259.072,1057.088,PASS,0
PHASEB_formal_d1w_C0_DEFAULT_N4096_q8_rep3,2,4,2,sm_89,D1W_WAITSTREAM_OVERLAP,NVSHMEM,C0_DEFAULT,2048,4096,2048,8,1,2097152,3,0,1182.048,1291.200,2273.344,982.144,PASS,0
PHASEB_formal_d1w_C0_DEFAULT_N4096_q8_rep3,2,4,2,sm_89,D1W_WAITSTREAM_OVERLAP,NVSHMEM,C0_DEFAULT,2048,4096,2048,8,2,2097152,3,0,2138.816,2297.376,3287.328,989.952,PASS,0
PHASEB_formal_d1w_C0_DEFAULT_N4096_q8_rep3,2,4,2,sm_89,D1W_WAITSTREAM_OVERLAP,NVSHMEM,C0_DEFAULT,2048,4096,2048,8,3,2097152,3,0,2222.336,3316.320,4369.664,1053.344,PASS,0
PHASEB_formal_d1w_C0_DEFAULT_N4096_q8_rep3,2,4,2,sm_89,D1W_WAITSTREAM_OVERLAP,NVSHMEM,C0_DEFAULT,2048,4096,2048,8,4,2097152,3,0,3280.896,4398.336,5448.960,1050.624,PASS,0
PHASEB_formal_d1w_C0_DEFAULT_N4096_q8_rep3,2,4,2,sm_89,D1W_WAITSTREAM_OVERLAP,NVSHMEM,C0_DEFAULT,2048,4096,2048,8,5,2097152,3,0,4242.720,5466.528,6444.000,977.472,PASS,0
PHASEB_formal_d1w_C0_DEFAULT_N4096_q8_rep3,2,4,2,sm_89,D1W_WAITSTREAM_OVERLAP,NVSHMEM,C0_DEFAULT,2048,4096,2048,8,6,2097152,3,0,4381.536,6461.568,7439.680,978.112,PASS,0
PHASEB_formal_d1w_C0_DEFAULT_N4096_q8_rep3,2,4,2,sm_89,D1W_WAITSTREAM_OVERLAP,NVSHMEM,C0_DEFAULT,2048,4096,2048,8,7,2097152,3,0,5285.632,7457.216,8434.592,977.376,PASS,0
PHASEB_formal_d1w_C0_DEFAULT_N4096_q8_rep3,2,4,2,sm_89,D1W_WAITSTREAM_OVERLAP,NVSHMEM,C0_DEFAULT,2048,4096,2048,8,0,2097152,4,0,184.352,192.800,1247.424,1054.624,PASS,0
PHASEB_formal_d1w_C0_DEFAULT_N4096_q8_rep3,2,4,2,sm_89,D1W_WAITSTREAM_OVERLAP,NVSHMEM,C0_DEFAULT,2048,4096,2048,8,1,2097152,4,0,1189.312,1272.032,2252.512,980.480,PASS,0
PHASEB_formal_d1w_C0_DEFAULT_N4096_q8_rep3,2,4,2,sm_89,D1W_WAITSTREAM_OVERLAP,NVSHMEM,C0_DEFAULT,2048,4096,2048,8,2,2097152,4,0,2083.328,2283.040,3344.736,1061.696,PASS,0
PHASEB_formal_d1w_C0_DEFAULT_N4096_q8_rep3,2,4,2,sm_89,D1W_WAITSTREAM_OVERLAP,NVSHMEM,C0_DEFAULT,2048,4096,2048,8,3,2097152,4,0,2264.672,3374.912,4426.720,1051.808,PASS,0
PHASEB_formal_d1w_C0_DEFAULT_N4096_q8_rep3,2,4,2,sm_89,D1W_WAITSTREAM_OVERLAP,NVSHMEM,C0_DEFAULT,2048,4096,2048,8,4,2097152,4,0,3253.344,4449.984,5499.968,1049.984,PASS,0
PHASEB_formal_d1w_C0_DEFAULT_N4096_q8_rep3,2,4,2,sm_89,D1W_WAITSTREAM_OVERLAP,NVSHMEM,C0_DEFAULT,2048,4096,2048,8,5,2097152,4,0,4268.256,5517.632,6491.232,973.600,PASS,0
PHASEB_formal_d1w_C0_DEFAULT_N4096_q8_rep3,2,4,2,sm_89,D1W_WAITSTREAM_OVERLAP,NVSHMEM,C0_DEFAULT,2048,4096,2048,8,6,2097152,4,0,5325.152,6508.768,7482.656,973.888,PASS,0
PHASEB_formal_d1w_C0_DEFAULT_N4096_q8_rep3,2,4,2,sm_89,D1W_WAITSTREAM_OVERLAP,NVSHMEM,C0_DEFAULT,2048,4096,2048,8,7,2097152,4,0,5401.984,7500.224,8473.856,973.632,PASS,0
PHASEB_formal_d1w_C0_DEFAULT_N4096_q8_rep3,2,4,2,sm_89,D1W_WAITSTREAM_OVERLAP,NVSHMEM,C0_DEFAULT,2048,4096,2048,8,0,2097152,5,0,188.736,198.048,1253.472,1055.424,PASS,0
PHASEB_formal_d1w_C0_DEFAULT_N4096_q8_rep3,2,4,2,sm_89,D1W_WAITSTREAM_OVERLAP,NVSHMEM,C0_DEFAULT,2048,4096,2048,8,1,2097152,5,0,1239.040,1277.632,2264.128,986.496,PASS,0
PHASEB_formal_d1w_C0_DEFAULT_N4096_q8_rep3,2,4,2,sm_89,D1W_WAITSTREAM_OVERLAP,NVSHMEM,C0_DEFAULT,2048,4096,2048,8,2,2097152,5,0,2107.296,2298.784,3357.632,1058.848,PASS,0
PHASEB_formal_d1w_C0_DEFAULT_N4096_q8_rep3,2,4,2,sm_89,D1W_WAITSTREAM_OVERLAP,NVSHMEM,C0_DEFAULT,2048,4096,2048,8,3,2097152,5,0,2269.504,3394.272,4404.192,1009.920,PASS,0
PHASEB_formal_d1w_C0_DEFAULT_N4096_q8_rep3,2,4,2,sm_89,D1W_WAITSTREAM_OVERLAP,NVSHMEM,C0_DEFAULT,2048,4096,2048,8,4,2097152,5,0,3310.624,4426.208,5476.000,1049.792,PASS,0
PHASEB_formal_d1w_C0_DEFAULT_N4096_q8_rep3,2,4,2,sm_89,D1W_WAITSTREAM_OVERLAP,NVSHMEM,C0_DEFAULT,2048,4096,2048,8,5,2097152,5,0,4204.192,5495.936,6469.664,973.728,PASS,0
PHASEB_formal_d1w_C0_DEFAULT_N4096_q8_rep3,2,4,2,sm_89,D1W_WAITSTREAM_OVERLAP,NVSHMEM,C0_DEFAULT,2048,4096,2048,8,6,2097152,5,0,4357.184,6487.008,7461.472,974.464,PASS,0
PHASEB_formal_d1w_C0_DEFAULT_N4096_q8_rep3,2,4,2,sm_89,D1W_WAITSTREAM_OVERLAP,NVSHMEM,C0_DEFAULT,2048,4096,2048,8,7,2097152,5,0,5487.424,7479.008,8452.640,973.632,PASS,0
PHASEB_formal_d1w_C0_DEFAULT_N4096_q8_rep3,2,4,2,sm_89,D1W_WAITSTREAM_OVERLAP,NVSHMEM,C0_DEFAULT,2048,4096,2048,8,0,2097152,6,0,189.120,200.544,1257.632,1057.088,PASS,0
PHASEB_formal_d1w_C0_DEFAULT_N4096_q8_rep3,2,4,2,sm_89,D1W_WAITSTREAM_OVERLAP,NVSHMEM,C0_DEFAULT,2048,4096,2048,8,1,2097152,6,0,1184.256,1293.888,2282.688,988.800,PASS,0
PHASEB_formal_d1w_C0_DEFAULT_N4096_q8_rep3,2,4,2,sm_89,D1W_WAITSTREAM_OVERLAP,NVSHMEM,C0_DEFAULT,2048,4096,2048,8,2,2097152,6,0,2122.176,2309.312,3364.032,1054.720,PASS,0
PHASEB_formal_d1w_C0_DEFAULT_N4096_q8_rep3,2,4,2,sm_89,D1W_WAITSTREAM_OVERLAP,NVSHMEM,C0_DEFAULT,2048,4096,2048,8,3,2097152,6,0,2240.128,3400.832,4381.824,980.992,PASS,0
PHASEB_formal_d1w_C0_DEFAULT_N4096_q8_rep3,2,4,2,sm_89,D1W_WAITSTREAM_OVERLAP,NVSHMEM,C0_DEFAULT,2048,4096,2048,8,4,2097152,6,0,3267.072,4403.648,5379.008,975.360,PASS,0
PHASEB_formal_d1w_C0_DEFAULT_N4096_q8_rep3,2,4,2,sm_89,D1W_WAITSTREAM_OVERLAP,NVSHMEM,C0_DEFAULT,2048,4096,2048,8,5,2097152,6,0,3407.648,5396.768,6370.624,973.856,PASS,0
PHASEB_formal_d1w_C0_DEFAULT_N4096_q8_rep3,2,4,2,sm_89,D1W_WAITSTREAM_OVERLAP,NVSHMEM,C0_DEFAULT,2048,4096,2048,8,6,2097152,6,0,4319.424,6388.384,7362.048,973.664,PASS,0
PHASEB_formal_d1w_C0_DEFAULT_N4096_q8_rep3,2,4,2,sm_89,D1W_WAITSTREAM_OVERLAP,NVSHMEM,C0_DEFAULT,2048,4096,2048,8,7,2097152,6,0,5255.232,7379.584,8353.696,974.112,PASS,0
PHASEB_formal_d1w_C0_DEFAULT_N4096_q8_rep3,2,4,2,sm_89,D1W_WAITSTREAM_OVERLAP,NVSHMEM,C0_DEFAULT,2048,4096,2048,8,0,2097152,7,0,208.992,220.608,1276.864,1056.256,PASS,0
PHASEB_formal_d1w_C0_DEFAULT_N4096_q8_rep3,2,4,2,sm_89,D1W_WAITSTREAM_OVERLAP,NVSHMEM,C0_DEFAULT,2048,4096,2048,8,1,2097152,7,0,1203.744,1303.712,2294.112,990.400,PASS,0
PHASEB_formal_d1w_C0_DEFAULT_N4096_q8_rep3,2,4,2,sm_89,D1W_WAITSTREAM_OVERLAP,NVSHMEM,C0_DEFAULT,2048,4096,2048,8,2,2097152,7,0,2128.960,2318.720,3372.032,1053.312,PASS,0
PHASEB_formal_d1w_C0_DEFAULT_N4096_q8_rep3,2,4,2,sm_89,D1W_WAITSTREAM_OVERLAP,NVSHMEM,C0_DEFAULT,2048,4096,2048,8,3,2097152,7,0,2254.048,3407.136,4485.664,1078.528,PASS,0
PHASEB_formal_d1w_C0_DEFAULT_N4096_q8_rep3,2,4,2,sm_89,D1W_WAITSTREAM_OVERLAP,NVSHMEM,C0_DEFAULT,2048,4096,2048,8,4,2097152,7,0,3256.992,4503.232,5477.280,974.048,PASS,0
PHASEB_formal_d1w_C0_DEFAULT_N4096_q8_rep3,2,4,2,sm_89,D1W_WAITSTREAM_OVERLAP,NVSHMEM,C0_DEFAULT,2048,4096,2048,8,5,2097152,7,0,3381.280,5494.592,6468.896,974.304,PASS,0
PHASEB_formal_d1w_C0_DEFAULT_N4096_q8_rep3,2,4,2,sm_89,D1W_WAITSTREAM_OVERLAP,NVSHMEM,C0_DEFAULT,2048,4096,2048,8,6,2097152,7,0,4350.400,6486.240,7461.024,974.784,PASS,0
PHASEB_formal_d1w_C0_DEFAULT_N4096_q8_rep3,2,4,2,sm_89,D1W_WAITSTREAM_OVERLAP,NVSHMEM,C0_DEFAULT,2048,4096,2048,8,7,2097152,7,0,4430.112,7478.528,8452.416,973.888,PASS,0
PHASEB_formal_d1w_C0_DEFAULT_N4096_q8_rep3,2,4,2,sm_89,D1W_WAITSTREAM_OVERLAP,NVSHMEM,C0_DEFAULT,2048,4096,2048,8,0,2097152,8,0,201.088,212.448,1265.632,1053.184,PASS,0
PHASEB_formal_d1w_C0_DEFAULT_N4096_q8_rep3,2,4,2,sm_89,D1W_WAITSTREAM_OVERLAP,NVSHMEM,C0_DEFAULT,2048,4096,2048,8,1,2097152,8,0,1207.712,1293.760,2279.616,985.856,PASS,0
PHASEB_formal_d1w_C0_DEFAULT_N4096_q8_rep3,2,4,2,sm_89,D1W_WAITSTREAM_OVERLAP,NVSHMEM,C0_DEFAULT,2048,4096,2048,8,2,2097152,8,0,2121.216,2310.976,3369.248,1058.272,PASS,0
PHASEB_formal_d1w_C0_DEFAULT_N4096_q8_rep3,2,4,2,sm_89,D1W_WAITSTREAM_OVERLAP,NVSHMEM,C0_DEFAULT,2048,4096,2048,8,3,2097152,8,0,2292.192,3396.192,4452.608,1056.416,PASS,0
PHASEB_formal_d1w_C0_DEFAULT_N4096_q8_rep3,2,4,2,sm_89,D1W_WAITSTREAM_OVERLAP,NVSHMEM,C0_DEFAULT,2048,4096,2048,8,4,2097152,8,0,3298.752,4475.008,5524.928,1049.920,PASS,0
PHASEB_formal_d1w_C0_DEFAULT_N4096_q8_rep3,2,4,2,sm_89,D1W_WAITSTREAM_OVERLAP,NVSHMEM,C0_DEFAULT,2048,4096,2048,8,5,2097152,8,0,4309.536,5541.856,6516.032,974.176,PASS,0
PHASEB_formal_d1w_C0_DEFAULT_N4096_q8_rep3,2,4,2,sm_89,D1W_WAITSTREAM_OVERLAP,NVSHMEM,C0_DEFAULT,2048,4096,2048,8,6,2097152,8,0,5362.912,6533.504,7507.488,973.984,PASS,0
PHASEB_formal_d1w_C0_DEFAULT_N4096_q8_rep3,2,4,2,sm_89,D1W_WAITSTREAM_OVERLAP,NVSHMEM,C0_DEFAULT,2048,4096,2048,8,7,2097152,8,0,5416.480,7525.056,8498.433,973.376,PASS,0
PHASEB_formal_d1w_C0_DEFAULT_N4096_q8_rep3,2,4,2,sm_89,D1W_WAITSTREAM_OVERLAP,NVSHMEM,C0_DEFAULT,2048,4096,2048,8,0,2097152,9,0,210.848,219.456,1272.864,1053.408,PASS,0
PHASEB_formal_d1w_C0_DEFAULT_N4096_q8_rep3,2,4,2,sm_89,D1W_WAITSTREAM_OVERLAP,NVSHMEM,C0_DEFAULT,2048,4096,2048,8,1,2097152,9,0,1264.224,1295.936,2280.096,984.160,PASS,0
PHASEB_formal_d1w_C0_DEFAULT_N4096_q8_rep3,2,4,2,sm_89,D1W_WAITSTREAM_OVERLAP,NVSHMEM,C0_DEFAULT,2048,4096,2048,8,2,2097152,9,0,2126.720,2311.296,3365.888,1054.592,PASS,0
PHASEB_formal_d1w_C0_DEFAULT_N4096_q8_rep3,2,4,2,sm_89,D1W_WAITSTREAM_OVERLAP,NVSHMEM,C0_DEFAULT,2048,4096,2048,8,3,2097152,9,0,2285.664,3391.776,4377.408,985.632,PASS,0
PHASEB_formal_d1w_C0_DEFAULT_N4096_q8_rep3,2,4,2,sm_89,D1W_WAITSTREAM_OVERLAP,NVSHMEM,C0_DEFAULT,2048,4096,2048,8,4,2097152,9,0,3302.784,4402.432,5451.840,1049.408,PASS,0
PHASEB_formal_d1w_C0_DEFAULT_N4096_q8_rep3,2,4,2,sm_89,D1W_WAITSTREAM_OVERLAP,NVSHMEM,C0_DEFAULT,2048,4096,2048,8,5,2097152,9,0,4233.152,5469.408,6443.488,974.080,PASS,0
PHASEB_formal_d1w_C0_DEFAULT_N4096_q8_rep3,2,4,2,sm_89,D1W_WAITSTREAM_OVERLAP,NVSHMEM,C0_DEFAULT,2048,4096,2048,8,6,2097152,9,0,4382.688,6461.056,7435.904,974.848,PASS,0
PHASEB_formal_d1w_C0_DEFAULT_N4096_q8_rep3,2,4,2,sm_89,D1W_WAITSTREAM_OVERLAP,NVSHMEM,C0_DEFAULT,2048,4096,2048,8,7,2097152,9,0,5352.640,7453.408,8427.359,973.952,PASS,0
PHASEB_formal_d1w_C0_DEFAULT_N4096_q8_rep3,2,4,2,sm_89,D1W_WAITSTREAM_OVERLAP,NVSHMEM,C0_DEFAULT,2048,4096,2048,8,0,2097152,10,0,189.600,198.112,1251.520,1053.408,PASS,0
PHASEB_formal_d1w_C0_DEFAULT_N4096_q8_rep3,2,4,2,sm_89,D1W_WAITSTREAM_OVERLAP,NVSHMEM,C0_DEFAULT,2048,4096,2048,8,1,2097152,10,0,1242.912,1274.816,2330.560,1055.744,PASS,0
PHASEB_formal_d1w_C0_DEFAULT_N4096_q8_rep3,2,4,2,sm_89,D1W_WAITSTREAM_OVERLAP,NVSHMEM,C0_DEFAULT,2048,4096,2048,8,2,2097152,10,0,2249.696,2375.328,3446.400,1071.072,PASS,0
PHASEB_formal_d1w_C0_DEFAULT_N4096_q8_rep3,2,4,2,sm_89,D1W_WAITSTREAM_OVERLAP,NVSHMEM,C0_DEFAULT,2048,4096,2048,8,3,2097152,10,0,3270.400,3470.464,4523.040,1052.576,PASS,0
PHASEB_formal_d1w_C0_DEFAULT_N4096_q8_rep3,2,4,2,sm_89,D1W_WAITSTREAM_OVERLAP,NVSHMEM,C0_DEFAULT,2048,4096,2048,8,4,2097152,10,0,3341.728,4548.128,5545.120,996.992,PASS,0
PHASEB_formal_d1w_C0_DEFAULT_N4096_q8_rep3,2,4,2,sm_89,D1W_WAITSTREAM_OVERLAP,NVSHMEM,C0_DEFAULT,2048,4096,2048,8,5,2097152,10,0,4376.832,5562.560,6536.256,973.696,PASS,0
PHASEB_formal_d1w_C0_DEFAULT_N4096_q8_rep3,2,4,2,sm_89,D1W_WAITSTREAM_OVERLAP,NVSHMEM,C0_DEFAULT,2048,4096,2048,8,6,2097152,10,0,4529.312,6553.728,7527.840,974.112,PASS,0
PHASEB_formal_d1w_C0_DEFAULT_N4096_q8_rep3,2,4,2,sm_89,D1W_WAITSTREAM_OVERLAP,NVSHMEM,C0_DEFAULT,2048,4096,2048,8,7,2097152,10,0,5398.784,7545.248,8518.912,973.664,PASS,0
PHASEB_formal_d1w_C0_DEFAULT_N4096_q8_rep3,2,4,2,sm_89,D1W_WAITSTREAM_OVERLAP,NVSHMEM,C0_DEFAULT,2048,4096,2048,8,0,2097152,11,0,176.160,184.224,1236.992,1052.768,PASS,0
PHASEB_formal_d1w_C0_DEFAULT_N4096_q8_rep3,2,4,2,sm_89,D1W_WAITSTREAM_OVERLAP,NVSHMEM,C0_DEFAULT,2048,4096,2048,8,1,2097152,11,0,1188.224,1279.296,2346.752,1067.456,PASS,0
PHASEB_formal_d1w_C0_DEFAULT_N4096_q8_rep3,2,4,2,sm_89,D1W_WAITSTREAM_OVERLAP,NVSHMEM,C0_DEFAULT,2048,4096,2048,8,2,2097152,11,0,2243.840,2388.960,3447.264,1058.304,PASS,0
PHASEB_formal_d1w_C0_DEFAULT_N4096_q8_rep3,2,4,2,sm_89,D1W_WAITSTREAM_OVERLAP,NVSHMEM,C0_DEFAULT,2048,4096,2048,8,3,2097152,11,0,3297.504,3487.680,4465.824,978.144,PASS,0
PHASEB_formal_d1w_C0_DEFAULT_N4096_q8_rep3,2,4,2,sm_89,D1W_WAITSTREAM_OVERLAP,NVSHMEM,C0_DEFAULT,2048,4096,2048,8,4,2097152,11,0,4323.520,4487.904,5464.640,976.736,PASS,0
PHASEB_formal_d1w_C0_DEFAULT_N4096_q8_rep3,2,4,2,sm_89,D1W_WAITSTREAM_OVERLAP,NVSHMEM,C0_DEFAULT,2048,4096,2048,8,5,2097152,11,0,4350.592,5486.080,6460.000,973.920,PASS,0
PHASEB_formal_d1w_C0_DEFAULT_N4096_q8_rep3,2,4,2,sm_89,D1W_WAITSTREAM_OVERLAP,NVSHMEM,C0_DEFAULT,2048,4096,2048,8,6,2097152,11,0,5332.640,6477.568,7452.768,975.200,PASS,0
PHASEB_formal_d1w_C0_DEFAULT_N4096_q8_rep3,2,4,2,sm_89,D1W_WAITSTREAM_OVERLAP,NVSHMEM,C0_DEFAULT,2048,4096,2048,8,7,2097152,11,0,6321.664,7470.272,8444.192,973.920,PASS,0
PHASEB_formal_d1w_C0_DEFAULT_N4096_q8_rep3,2,4,2,sm_89,D1W_WAITSTREAM_OVERLAP,NVSHMEM,C0_DEFAULT,2048,4096,2048,8,0,2097152,12,0,176.544,184.768,1244.192,1059.424,PASS,0
PHASEB_formal_d1w_C0_DEFAULT_N4096_q8_rep3,2,4,2,sm_89,D1W_WAITSTREAM_OVERLAP,NVSHMEM,C0_DEFAULT,2048,4096,2048,8,1,2097152,12,0,1160.192,1303.968,2287.296,983.328,PASS,0
PHASEB_formal_d1w_C0_DEFAULT_N4096_q8_rep3,2,4,2,sm_89,D1W_WAITSTREAM_OVERLAP,NVSHMEM,C0_DEFAULT,2048,4096,2048,8,2,2097152,12,0,2107.488,2310.528,3313.248,1002.720,PASS,0
PHASEB_formal_d1w_C0_DEFAULT_N4096_q8_rep3,2,4,2,sm_89,D1W_WAITSTREAM_OVERLAP,NVSHMEM,C0_DEFAULT,2048,4096,2048,8,3,2097152,12,0,2241.312,3335.232,4387.904,1052.672,PASS,0
PHASEB_formal_d1w_C0_DEFAULT_N4096_q8_rep3,2,4,2,sm_89,D1W_WAITSTREAM_OVERLAP,NVSHMEM,C0_DEFAULT,2048,4096,2048,8,4,2097152,12,0,3267.328,4413.216,5463.328,1050.112,PASS,0
PHASEB_formal_d1w_C0_DEFAULT_N4096_q8_rep3,2,4,2,sm_89,D1W_WAITSTREAM_OVERLAP,NVSHMEM,C0_DEFAULT,2048,4096,2048,8,5,2097152,12,0,4271.552,5484.192,6458.176,973.984,PASS,0
PHASEB_formal_d1w_C0_DEFAULT_N4096_q8_rep3,2,4,2,sm_89,D1W_WAITSTREAM_OVERLAP,NVSHMEM,C0_DEFAULT,2048,4096,2048,8,6,2097152,12,0,5332.128,6475.712,7449.408,973.696,PASS,0
PHASEB_formal_d1w_C0_DEFAULT_N4096_q8_rep3,2,4,2,sm_89,D1W_WAITSTREAM_OVERLAP,NVSHMEM,C0_DEFAULT,2048,4096,2048,8,7,2097152,12,0,6327.808,7466.912,8441.408,974.496,PASS,0
PHASEB_formal_d1w_C0_DEFAULT_N4096_q8_rep3,2,4,2,sm_89,D1W_WAITSTREAM_OVERLAP,NVSHMEM,C0_DEFAULT,2048,4096,2048,8,0,2097152,13,0,180.928,189.568,1257.184,1067.616,PASS,0
PHASEB_formal_d1w_C0_DEFAULT_N4096_q8_rep3,2,4,2,sm_89,D1W_WAITSTREAM_OVERLAP,NVSHMEM,C0_DEFAULT,2048,4096,2048,8,1,2097152,13,0,1206.752,1281.664,2344.512,1062.848,PASS,0
PHASEB_formal_d1w_C0_DEFAULT_N4096_q8_rep3,2,4,2,sm_89,D1W_WAITSTREAM_OVERLAP,NVSHMEM,C0_DEFAULT,2048,4096,2048,8,2,2097152,13,0,2295.424,2370.528,3365.920,995.392,PASS,0
PHASEB_formal_d1w_C0_DEFAULT_N4096_q8_rep3,2,4,2,sm_89,D1W_WAITSTREAM_OVERLAP,NVSHMEM,C0_DEFAULT,2048,4096,2048,8,3,2097152,13,0,3321.952,3392.576,4446.624,1054.048,PASS,0
PHASEB_formal_d1w_C0_DEFAULT_N4096_q8_rep3,2,4,2,sm_89,D1W_WAITSTREAM_OVERLAP,NVSHMEM,C0_DEFAULT,2048,4096,2048,8,4,2097152,13,0,4304.288,4471.584,5522.080,1050.496,PASS,0
PHASEB_formal_d1w_C0_DEFAULT_N4096_q8_rep3,2,4,2,sm_89,D1W_WAITSTREAM_OVERLAP,NVSHMEM,C0_DEFAULT,2048,4096,2048,8,5,2097152,13,0,4403.616,5539.488,6516.832,977.344,PASS,0
PHASEB_formal_d1w_C0_DEFAULT_N4096_q8_rep3,2,4,2,sm_89,D1W_WAITSTREAM_OVERLAP,NVSHMEM,C0_DEFAULT,2048,4096,2048,8,6,2097152,13,0,5348.672,6534.144,7512.416,978.272,PASS,0
PHASEB_formal_d1w_C0_DEFAULT_N4096_q8_rep3,2,4,2,sm_89,D1W_WAITSTREAM_OVERLAP,NVSHMEM,C0_DEFAULT,2048,4096,2048,8,7,2097152,13,0,5406.048,7529.920,8507.360,977.440,PASS,0
PHASEB_formal_d1w_C0_DEFAULT_N4096_q8_rep3,2,4,2,sm_89,D1W_WAITSTREAM_OVERLAP,NVSHMEM,C0_DEFAULT,2048,4096,2048,8,0,2097152,14,0,192.192,203.200,1259.104,1055.904,PASS,0
PHASEB_formal_d1w_C0_DEFAULT_N4096_q8_rep3,2,4,2,sm_89,D1W_WAITSTREAM_OVERLAP,NVSHMEM,C0_DEFAULT,2048,4096,2048,8,1,2097152,14,0,1248.960,1281.408,2272.480,991.072,PASS,0
PHASEB_formal_d1w_C0_DEFAULT_N4096_q8_rep3,2,4,2,sm_89,D1W_WAITSTREAM_OVERLAP,NVSHMEM,C0_DEFAULT,2048,4096,2048,8,2,2097152,14,0,2123.904,2306.496,3365.728,1059.232,PASS,0
PHASEB_formal_d1w_C0_DEFAULT_N4096_q8_rep3,2,4,2,sm_89,D1W_WAITSTREAM_OVERLAP,NVSHMEM,C0_DEFAULT,2048,4096,2048,8,3,2097152,14,0,2290.784,3392.608,4377.664,985.056,PASS,0
PHASEB_formal_d1w_C0_DEFAULT_N4096_q8_rep3,2,4,2,sm_89,D1W_WAITSTREAM_OVERLAP,NVSHMEM,C0_DEFAULT,2048,4096,2048,8,4,2097152,14,0,3297.600,4407.168,5458.016,1050.848,PASS,0
PHASEB_formal_d1w_C0_DEFAULT_N4096_q8_rep3,2,4,2,sm_89,D1W_WAITSTREAM_OVERLAP,NVSHMEM,C0_DEFAULT,2048,4096,2048,8,5,2097152,14,0,4199.552,5475.520,6452.896,977.376,PASS,0
PHASEB_formal_d1w_C0_DEFAULT_N4096_q8_rep3,2,4,2,sm_89,D1W_WAITSTREAM_OVERLAP,NVSHMEM,C0_DEFAULT,2048,4096,2048,8,6,2097152,14,0,4384.096,6470.400,7448.288,977.888,PASS,0
PHASEB_formal_d1w_C0_DEFAULT_N4096_q8_rep3,2,4,2,sm_89,D1W_WAITSTREAM_OVERLAP,NVSHMEM,C0_DEFAULT,2048,4096,2048,8,7,2097152,14,0,5408.480,7465.856,8443.168,977.312,PASS,0
PHASEB_formal_d1w_C0_DEFAULT_N4096_q8_rep3,2,4,2,sm_89,D1W_WAITSTREAM_OVERLAP,NVSHMEM,C0_DEFAULT,2048,4096,2048,8,0,2097152,15,0,182.496,190.912,1245.536,1054.624,PASS,0
PHASEB_formal_d1w_C0_DEFAULT_N4096_q8_rep3,2,4,2,sm_89,D1W_WAITSTREAM_OVERLAP,NVSHMEM,C0_DEFAULT,2048,4096,2048,8,1,2097152,15,0,1200.416,1270.656,2326.144,1055.488,PASS,0
PHASEB_formal_d1w_C0_DEFAULT_N4096_q8_rep3,2,4,2,sm_89,D1W_WAITSTREAM_OVERLAP,NVSHMEM,C0_DEFAULT,2048,4096,2048,8,2,2097152,15,0,2218.592,2355.360,3415.200,1059.840,PASS,0
PHASEB_formal_d1w_C0_DEFAULT_N4096_q8_rep3,2,4,2,sm_89,D1W_WAITSTREAM_OVERLAP,NVSHMEM,C0_DEFAULT,2048,4096,2048,8,3,2097152,15,0,3249.024,3456.768,4509.088,1052.320,PASS,0
PHASEB_formal_d1w_C0_DEFAULT_N4096_q8_rep3,2,4,2,sm_89,D1W_WAITSTREAM_OVERLAP,NVSHMEM,C0_DEFAULT,2048,4096,2048,8,4,2097152,15,0,4347.936,4532.192,5509.920,977.728,PASS,0
PHASEB_formal_d1w_C0_DEFAULT_N4096_q8_rep3,2,4,2,sm_89,D1W_WAITSTREAM_OVERLAP,NVSHMEM,C0_DEFAULT,2048,4096,2048,8,5,2097152,15,0,4390.080,5527.264,6505.184,977.920,PASS,0
PHASEB_formal_d1w_C0_DEFAULT_N4096_q8_rep3,2,4,2,sm_89,D1W_WAITSTREAM_OVERLAP,NVSHMEM,C0_DEFAULT,2048,4096,2048,8,6,2097152,15,0,5345.632,6522.464,7500.480,978.016,PASS,0
PHASEB_formal_d1w_C0_DEFAULT_N4096_q8_rep3,2,4,2,sm_89,D1W_WAITSTREAM_OVERLAP,NVSHMEM,C0_DEFAULT,2048,4096,2048,8,7,2097152,15,0,5374.464,7518.080,8495.360,977.280,PASS,0
PHASEB_formal_d1w_C0_DEFAULT_N4096_q8_rep3,2,4,2,sm_89,D1W_WAITSTREAM_OVERLAP,NVSHMEM,C0_DEFAULT,2048,4096,2048,8,0,2097152,16,0,202.368,213.696,1270.528,1056.832,PASS,0
PHASEB_formal_d1w_C0_DEFAULT_N4096_q8_rep3,2,4,2,sm_89,D1W_WAITSTREAM_OVERLAP,NVSHMEM,C0_DEFAULT,2048,4096,2048,8,1,2097152,16,0,1205.792,1297.344,2285.856,988.512,PASS,0
PHASEB_formal_d1w_C0_DEFAULT_N4096_q8_rep3,2,4,2,sm_89,D1W_WAITSTREAM_OVERLAP,NVSHMEM,C0_DEFAULT,2048,4096,2048,8,2,2097152,16,0,2135.360,2318.688,3375.872,1057.184,PASS,0
PHASEB_formal_d1w_C0_DEFAULT_N4096_q8_rep3,2,4,2,sm_89,D1W_WAITSTREAM_OVERLAP,NVSHMEM,C0_DEFAULT,2048,4096,2048,8,3,2097152,16,0,2301.088,3415.424,4402.752,987.328,PASS,0
PHASEB_formal_d1w_C0_DEFAULT_N4096_q8_rep3,2,4,2,sm_89,D1W_WAITSTREAM_OVERLAP,NVSHMEM,C0_DEFAULT,2048,4096,2048,8,4,2097152,16,0,3308.960,4432.640,5416.704,984.064,PASS,0
PHASEB_formal_d1w_C0_DEFAULT_N4096_q8_rep3,2,4,2,sm_89,D1W_WAITSTREAM_OVERLAP,NVSHMEM,C0_DEFAULT,2048,4096,2048,8,5,2097152,16,0,4243.232,5437.408,6414.752,977.344,PASS,0
PHASEB_formal_d1w_C0_DEFAULT_N4096_q8_rep3,2,4,2,sm_89,D1W_WAITSTREAM_OVERLAP,NVSHMEM,C0_DEFAULT,2048,4096,2048,8,6,2097152,16,0,4356.928,6432.288,7409.728,977.440,PASS,0
PHASEB_formal_d1w_C0_DEFAULT_N4096_q8_rep3,2,4,2,sm_89,D1W_WAITSTREAM_OVERLAP,NVSHMEM,C0_DEFAULT,2048,4096,2048,8,7,2097152,16,0,5262.496,7427.040,8404.128,977.088,PASS,0
PHASEB_formal_d1w_C0_DEFAULT_N4096_q8_rep3,2,4,2,sm_89,D1W_WAITSTREAM_OVERLAP,NVSHMEM,C0_DEFAULT,2048,4096,2048,8,0,2097152,17,0,196.256,207.328,1265.088,1057.760,PASS,0
PHASEB_formal_d1w_C0_DEFAULT_N4096_q8_rep3,2,4,2,sm_89,D1W_WAITSTREAM_OVERLAP,NVSHMEM,C0_DEFAULT,2048,4096,2048,8,1,2097152,17,0,1206.272,1290.112,2349.600,1059.488,PASS,0
PHASEB_formal_d1w_C0_DEFAULT_N4096_q8_rep3,2,4,2,sm_89,D1W_WAITSTREAM_OVERLAP,NVSHMEM,C0_DEFAULT,2048,4096,2048,8,2,2097152,17,0,2208.672,2384.480,3442.336,1057.856,PASS,0
PHASEB_formal_d1w_C0_DEFAULT_N4096_q8_rep3,2,4,2,sm_89,D1W_WAITSTREAM_OVERLAP,NVSHMEM,C0_DEFAULT,2048,4096,2048,8,3,2097152,17,0,2364.864,3493.920,4534.336,1040.416,PASS,0
PHASEB_formal_d1w_C0_DEFAULT_N4096_q8_rep3,2,4,2,sm_89,D1W_WAITSTREAM_OVERLAP,NVSHMEM,C0_DEFAULT,2048,4096,2048,8,4,2097152,17,0,3268.448,4551.904,5528.928,977.024,PASS,0
PHASEB_formal_d1w_C0_DEFAULT_N4096_q8_rep3,2,4,2,sm_89,D1W_WAITSTREAM_OVERLAP,NVSHMEM,C0_DEFAULT,2048,4096,2048,8,5,2097152,17,0,3389.792,5550.112,6527.360,977.248,PASS,0
PHASEB_formal_d1w_C0_DEFAULT_N4096_q8_rep3,2,4,2,sm_89,D1W_WAITSTREAM_OVERLAP,NVSHMEM,C0_DEFAULT,2048,4096,2048,8,6,2097152,17,0,4372.512,6544.736,7523.680,978.944,PASS,0
PHASEB_formal_d1w_C0_DEFAULT_N4096_q8_rep3,2,4,2,sm_89,D1W_WAITSTREAM_OVERLAP,NVSHMEM,C0_DEFAULT,2048,4096,2048,8,7,2097152,17,0,4494.656,7541.184,8518.304,977.120,PASS,0
PHASEB_formal_d1w_C0_DEFAULT_N4096_q8_rep3,2,4,2,sm_89,D1W_WAITSTREAM_OVERLAP,NVSHMEM,C0_DEFAULT,2048,4096,2048,8,0,2097152,18,0,195.936,206.560,1263.264,1056.704,PASS,0
PHASEB_formal_d1w_C0_DEFAULT_N4096_q8_rep3,2,4,2,sm_89,D1W_WAITSTREAM_OVERLAP,NVSHMEM,C0_DEFAULT,2048,4096,2048,8,1,2097152,18,0,1225.152,1287.104,2279.200,992.096,PASS,0
PHASEB_formal_d1w_C0_DEFAULT_N4096_q8_rep3,2,4,2,sm_89,D1W_WAITSTREAM_OVERLAP,NVSHMEM,C0_DEFAULT,2048,4096,2048,8,2,2097152,18,0,2098.624,2323.904,3383.104,1059.200,PASS,0
PHASEB_formal_d1w_C0_DEFAULT_N4096_q8_rep3,2,4,2,sm_89,D1W_WAITSTREAM_OVERLAP,NVSHMEM,C0_DEFAULT,2048,4096,2048,8,3,2097152,18,0,2305.280,3407.648,4397.984,990.336,PASS,0
PHASEB_formal_d1w_C0_DEFAULT_N4096_q8_rep3,2,4,2,sm_89,D1W_WAITSTREAM_OVERLAP,NVSHMEM,C0_DEFAULT,2048,4096,2048,8,4,2097152,18,0,3332.640,4443.616,5496.032,1052.416,PASS,0
PHASEB_formal_d1w_C0_DEFAULT_N4096_q8_rep3,2,4,2,sm_89,D1W_WAITSTREAM_OVERLAP,NVSHMEM,C0_DEFAULT,2048,4096,2048,8,5,2097152,18,0,4261.088,5513.280,6490.240,976.960,PASS,0
PHASEB_formal_d1w_C0_DEFAULT_N4096_q8_rep3,2,4,2,sm_89,D1W_WAITSTREAM_OVERLAP,NVSHMEM,C0_DEFAULT,2048,4096,2048,8,6,2097152,18,0,4429.120,6511.968,7489.024,977.056,PASS,0
PHASEB_formal_d1w_C0_DEFAULT_N4096_q8_rep3,2,4,2,sm_89,D1W_WAITSTREAM_OVERLAP,NVSHMEM,C0_DEFAULT,2048,4096,2048,8,7,2097152,18,0,5431.424,7508.128,8485.664,977.536,PASS,0
PHASEB_formal_d1w_C0_DEFAULT_N4096_q8_rep3,2,4,2,sm_89,D1W_WAITSTREAM_OVERLAP,NVSHMEM,C0_DEFAULT,2048,4096,2048,8,0,2097152,19,0,187.904,198.016,1254.272,1056.256,PASS,0
PHASEB_formal_d1w_C0_DEFAULT_N4096_q8_rep3,2,4,2,sm_89,D1W_WAITSTREAM_OVERLAP,NVSHMEM,C0_DEFAULT,2048,4096,2048,8,1,2097152,19,0,1178.976,1287.552,2275.584,988.032,PASS,0
PHASEB_formal_d1w_C0_DEFAULT_N4096_q8_rep3,2,4,2,sm_89,D1W_WAITSTREAM_OVERLAP,NVSHMEM,C0_DEFAULT,2048,4096,2048,8,2,2097152,19,0,2103.648,2299.968,3355.328,1055.360,PASS,0
PHASEB_formal_d1w_C0_DEFAULT_N4096_q8_rep3,2,4,2,sm_89,D1W_WAITSTREAM_OVERLAP,NVSHMEM,C0_DEFAULT,2048,4096,2048,8,3,2097152,19,0,2242.016,3382.944,4439.296,1056.352,PASS,0
PHASEB_formal_d1w_C0_DEFAULT_N4096_q8_rep3,2,4,2,sm_89,D1W_WAITSTREAM_OVERLAP,NVSHMEM,C0_DEFAULT,2048,4096,2048,8,4,2097152,19,0,3237.984,4461.856,5440.320,978.464,PASS,0
PHASEB_formal_d1w_C0_DEFAULT_N4096_q8_rep3,2,4,2,sm_89,D1W_WAITSTREAM_OVERLAP,NVSHMEM,C0_DEFAULT,2048,4096,2048,8,5,2097152,19,0,4305.024,5457.600,6434.816,977.216,PASS,0
PHASEB_formal_d1w_C0_DEFAULT_N4096_q8_rep3,2,4,2,sm_89,D1W_WAITSTREAM_OVERLAP,NVSHMEM,C0_DEFAULT,2048,4096,2048,8,6,2097152,19,0,4342.112,6452.384,7430.464,978.080,PASS,0
PHASEB_formal_d1w_C0_DEFAULT_N4096_q8_rep3,2,4,2,sm_89,D1W_WAITSTREAM_OVERLAP,NVSHMEM,C0_DEFAULT,2048,4096,2048,8,7,2097152,19,0,5300.160,7447.968,8425.216,977.248,PASS,0
PHASEB_formal_d1w_C0_DEFAULT_N4096_q8_rep3,2,4,2,sm_89,D1W_WAITSTREAM_OVERLAP,NVSHMEM,C0_DEFAULT,2048,4096,2048,8,0,2097152,20,0,192.512,203.168,1258.368,1055.200,PASS,0
PHASEB_formal_d1w_C0_DEFAULT_N4096_q8_rep3,2,4,2,sm_89,D1W_WAITSTREAM_OVERLAP,NVSHMEM,C0_DEFAULT,2048,4096,2048,8,1,2097152,20,0,1205.792,1283.008,2277.088,994.080,PASS,0
PHASEB_formal_d1w_C0_DEFAULT_N4096_q8_rep3,2,4,2,sm_89,D1W_WAITSTREAM_OVERLAP,NVSHMEM,C0_DEFAULT,2048,4096,2048,8,2,2097152,20,0,2116.480,2304.608,3361.120,1056.512,PASS,0
PHASEB_formal_d1w_C0_DEFAULT_N4096_q8_rep3,2,4,2,sm_89,D1W_WAITSTREAM_OVERLAP,NVSHMEM,C0_DEFAULT,2048,4096,2048,8,3,2097152,20,0,2281.504,3386.144,4440.352,1054.208,PASS,0
PHASEB_formal_d1w_C0_DEFAULT_N4096_q8_rep3,2,4,2,sm_89,D1W_WAITSTREAM_OVERLAP,NVSHMEM,C0_DEFAULT,2048,4096,2048,8,4,2097152,20,0,3309.920,4462.144,5512.960,1050.816,PASS,0
PHASEB_formal_d1w_C0_DEFAULT_N4096_q8_rep3,2,4,2,sm_89,D1W_WAITSTREAM_OVERLAP,NVSHMEM,C0_DEFAULT,2048,4096,2048,8,5,2097152,20,0,4352.672,5534.112,6582.624,1048.512,PASS,0
PHASEB_formal_d1w_C0_DEFAULT_N4096_q8_rep3,2,4,2,sm_89,D1W_WAITSTREAM_OVERLAP,NVSHMEM,C0_DEFAULT,2048,4096,2048,8,6,2097152,20,0,5439.712,6600.160,7577.152,976.992,PASS,0
PHASEB_formal_d1w_C0_DEFAULT_N4096_q8_rep3,2,4,2,sm_89,D1W_WAITSTREAM_OVERLAP,NVSHMEM,C0_DEFAULT,2048,4096,2048,8,7,2097152,20,0,6418.368,7594.464,8572.608,978.144,PASS,0
PHASEB_formal_d1w_C0_DEFAULT_N4096_q8_rep3,2,4,2,sm_89,D1W_WAITSTREAM_OVERLAP,NVSHMEM,C0_DEFAULT,2048,4096,2048,8,0,2097152,21,0,195.712,207.296,1263.392,1056.096,PASS,0
PHASEB_formal_d1w_C0_DEFAULT_N4096_q8_rep3,2,4,2,sm_89,D1W_WAITSTREAM_OVERLAP,NVSHMEM,C0_DEFAULT,2048,4096,2048,8,1,2097152,21,0,1249.120,1297.472,2284.224,986.752,PASS,0
PHASEB_formal_d1w_C0_DEFAULT_N4096_q8_rep3,2,4,2,sm_89,D1W_WAITSTREAM_OVERLAP,NVSHMEM,C0_DEFAULT,2048,4096,2048,8,2,2097152,21,0,2122.176,2317.600,3375.136,1057.536,PASS,0
PHASEB_formal_d1w_C0_DEFAULT_N4096_q8_rep3,2,4,2,sm_89,D1W_WAITSTREAM_OVERLAP,NVSHMEM,C0_DEFAULT,2048,4096,2048,8,3,2097152,21,0,2309.472,3401.632,4471.296,1069.664,PASS,0
PHASEB_formal_d1w_C0_DEFAULT_N4096_q8_rep3,2,4,2,sm_89,D1W_WAITSTREAM_OVERLAP,NVSHMEM,C0_DEFAULT,2048,4096,2048,8,4,2097152,21,0,3321.984,4493.152,5472.000,978.848,PASS,0
PHASEB_formal_d1w_C0_DEFAULT_N4096_q8_rep3,2,4,2,sm_89,D1W_WAITSTREAM_OVERLAP,NVSHMEM,C0_DEFAULT,2048,4096,2048,8,5,2097152,21,0,4313.632,5489.312,6466.144,976.832,PASS,0
PHASEB_formal_d1w_C0_DEFAULT_N4096_q8_rep3,2,4,2,sm_89,D1W_WAITSTREAM_OVERLAP,NVSHMEM,C0_DEFAULT,2048,4096,2048,8,6,2097152,21,0,5339.488,6483.712,7462.048,978.336,PASS,0
PHASEB_formal_d1w_C0_DEFAULT_N4096_q8_rep3,2,4,2,sm_89,D1W_WAITSTREAM_OVERLAP,NVSHMEM,C0_DEFAULT,2048,4096,2048,8,7,2097152,21,0,5366.272,7479.616,8457.504,977.888,PASS,0
PHASEB_formal_d1w_C0_DEFAULT_N4096_q8_rep3,2,4,2,sm_89,D1W_WAITSTREAM_OVERLAP,NVSHMEM,C0_DEFAULT,2048,4096,2048,8,0,2097152,22,0,217.472,228.800,1288.640,1059.840,PASS,0
PHASEB_formal_d1w_C0_DEFAULT_N4096_q8_rep3,2,4,2,sm_89,D1W_WAITSTREAM_OVERLAP,NVSHMEM,C0_DEFAULT,2048,4096,2048,8,1,2097152,22,0,1223.584,1318.144,2305.984,987.840,PASS,0
PHASEB_formal_d1w_C0_DEFAULT_N4096_q8_rep3,2,4,2,sm_89,D1W_WAITSTREAM_OVERLAP,NVSHMEM,C0_DEFAULT,2048,4096,2048,8,2,2097152,22,0,2125.312,2333.952,3322.976,989.024,PASS,0
PHASEB_formal_d1w_C0_DEFAULT_N4096_q8_rep3,2,4,2,sm_89,D1W_WAITSTREAM_OVERLAP,NVSHMEM,C0_DEFAULT,2048,4096,2048,8,3,2097152,22,0,2310.208,3373.248,4463.328,1090.080,PASS,0
PHASEB_formal_d1w_C0_DEFAULT_N4096_q8_rep3,2,4,2,sm_89,D1W_WAITSTREAM_OVERLAP,NVSHMEM,C0_DEFAULT,2048,4096,2048,8,4,2097152,22,0,3343.648,4492.416,5551.424,1059.008,PASS,0
PHASEB_formal_d1w_C0_DEFAULT_N4096_q8_rep3,2,4,2,sm_89,D1W_WAITSTREAM_OVERLAP,NVSHMEM,C0_DEFAULT,2048,4096,2048,8,5,2097152,22,0,4252.128,5568.896,6546.496,977.600,PASS,0
PHASEB_formal_d1w_C0_DEFAULT_N4096_q8_rep3,2,4,2,sm_89,D1W_WAITSTREAM_OVERLAP,NVSHMEM,C0_DEFAULT,2048,4096,2048,8,6,2097152,22,0,4412.672,6564.000,7541.472,977.472,PASS,0
PHASEB_formal_d1w_C0_DEFAULT_N4096_q8_rep3,2,4,2,sm_89,D1W_WAITSTREAM_OVERLAP,NVSHMEM,C0_DEFAULT,2048,4096,2048,8,7,2097152,22,0,5369.728,7559.296,8536.513,977.216,PASS,0
PHASEB_formal_d1w_C0_DEFAULT_N4096_q8_rep3,2,4,2,sm_89,D1W_WAITSTREAM_OVERLAP,NVSHMEM,C0_DEFAULT,2048,4096,2048,8,0,2097152,23,0,203.520,214.720,1268.576,1053.856,PASS,0
PHASEB_formal_d1w_C0_DEFAULT_N4096_q8_rep3,2,4,2,sm_89,D1W_WAITSTREAM_OVERLAP,NVSHMEM,C0_DEFAULT,2048,4096,2048,8,1,2097152,23,0,1229.920,1298.272,2289.344,991.072,PASS,0
PHASEB_formal_d1w_C0_DEFAULT_N4096_q8_rep3,2,4,2,sm_89,D1W_WAITSTREAM_OVERLAP,NVSHMEM,C0_DEFAULT,2048,4096,2048,8,2,2097152,23,0,2120.000,2315.488,3374.656,1059.168,PASS,0
PHASEB_formal_d1w_C0_DEFAULT_N4096_q8_rep3,2,4,2,sm_89,D1W_WAITSTREAM_OVERLAP,NVSHMEM,C0_DEFAULT,2048,4096,2048,8,3,2097152,23,0,2260.992,3398.592,4382.688,984.096,PASS,0
PHASEB_formal_d1w_C0_DEFAULT_N4096_q8_rep3,2,4,2,sm_89,D1W_WAITSTREAM_OVERLAP,NVSHMEM,C0_DEFAULT,2048,4096,2048,8,4,2097152,23,0,3319.840,4403.840,5380.576,976.736,PASS,0
PHASEB_formal_d1w_C0_DEFAULT_N4096_q8_rep3,2,4,2,sm_89,D1W_WAITSTREAM_OVERLAP,NVSHMEM,C0_DEFAULT,2048,4096,2048,8,5,2097152,23,0,4228.704,5397.888,6374.752,976.864,PASS,0
PHASEB_formal_d1w_C0_DEFAULT_N4096_q8_rep3,2,4,2,sm_89,D1W_WAITSTREAM_OVERLAP,NVSHMEM,C0_DEFAULT,2048,4096,2048,8,6,2097152,23,0,4353.472,6396.096,7374.432,978.336,PASS,0
PHASEB_formal_d1w_C0_DEFAULT_N4096_q8_rep3,2,4,2,sm_89,D1W_WAITSTREAM_OVERLAP,NVSHMEM,C0_DEFAULT,2048,4096,2048,8,7,2097152,23,0,5232.000,7392.672,8370.400,977.728,PASS,0
PHASEB_formal_d1w_C0_DEFAULT_N4096_q8_rep3,2,4,2,sm_89,D1W_WAITSTREAM_OVERLAP,NVSHMEM,C0_DEFAULT,2048,4096,2048,8,0,2097152,24,0,188.032,199.136,1258.112,1058.976,PASS,0
PHASEB_formal_d1w_C0_DEFAULT_N4096_q8_rep3,2,4,2,sm_89,D1W_WAITSTREAM_OVERLAP,NVSHMEM,C0_DEFAULT,2048,4096,2048,8,1,2097152,24,0,1249.696,1280.992,2269.184,988.192,PASS,0
PHASEB_formal_d1w_C0_DEFAULT_N4096_q8_rep3,2,4,2,sm_89,D1W_WAITSTREAM_OVERLAP,NVSHMEM,C0_DEFAULT,2048,4096,2048,8,2,2097152,24,0,2110.368,2301.152,3289.312,988.160,PASS,0
PHASEB_formal_d1w_C0_DEFAULT_N4096_q8_rep3,2,4,2,sm_89,D1W_WAITSTREAM_OVERLAP,NVSHMEM,C0_DEFAULT,2048,4096,2048,8,3,2097152,24,0,2314.304,3318.240,4377.408,1059.168,PASS,0
PHASEB_formal_d1w_C0_DEFAULT_N4096_q8_rep3,2,4,2,sm_89,D1W_WAITSTREAM_OVERLAP,NVSHMEM,C0_DEFAULT,2048,4096,2048,8,4,2097152,24,0,3294.656,4406.688,5390.240,983.552,PASS,0
PHASEB_formal_d1w_C0_DEFAULT_N4096_q8_rep3,2,4,2,sm_89,D1W_WAITSTREAM_OVERLAP,NVSHMEM,C0_DEFAULT,2048,4096,2048,8,5,2097152,24,0,4276.736,5407.712,6384.864,977.152,PASS,0
PHASEB_formal_d1w_C0_DEFAULT_N4096_q8_rep3,2,4,2,sm_89,D1W_WAITSTREAM_OVERLAP,NVSHMEM,C0_DEFAULT,2048,4096,2048,8,6,2097152,24,0,5212.448,6402.656,7379.872,977.216,PASS,0
PHASEB_formal_d1w_C0_DEFAULT_N4096_q8_rep3,2,4,2,sm_89,D1W_WAITSTREAM_OVERLAP,NVSHMEM,C0_DEFAULT,2048,4096,2048,8,7,2097152,24,0,5332.672,7397.216,8374.720,977.504,PASS,0
PHASEB_formal_d1w_C0_DEFAULT_N4096_q8_rep3,2,4,2,sm_89,D1W_WAITSTREAM_OVERLAP,NVSHMEM,C0_DEFAULT,2048,4096,2048,8,0,2097152,25,0,181.504,189.824,1251.712,1061.888,PASS,0
PHASEB_formal_d1w_C0_DEFAULT_N4096_q8_rep3,2,4,2,sm_89,D1W_WAITSTREAM_OVERLAP,NVSHMEM,C0_DEFAULT,2048,4096,2048,8,1,2097152,25,0,1244.352,1275.744,2333.056,1057.312,PASS,0
PHASEB_formal_d1w_C0_DEFAULT_N4096_q8_rep3,2,4,2,sm_89,D1W_WAITSTREAM_OVERLAP,NVSHMEM,C0_DEFAULT,2048,4096,2048,8,2,2097152,25,0,2245.024,2365.760,3430.752,1064.992,PASS,0
PHASEB_formal_d1w_C0_DEFAULT_N4096_q8_rep3,2,4,2,sm_89,D1W_WAITSTREAM_OVERLAP,NVSHMEM,C0_DEFAULT,2048,4096,2048,8,3,2097152,25,0,3274.880,3470.528,4464.704,994.176,PASS,0
PHASEB_formal_d1w_C0_DEFAULT_N4096_q8_rep3,2,4,2,sm_89,D1W_WAITSTREAM_OVERLAP,NVSHMEM,C0_DEFAULT,2048,4096,2048,8,4,2097152,25,0,4290.272,4487.072,5466.400,979.328,PASS,0
PHASEB_formal_d1w_C0_DEFAULT_N4096_q8_rep3,2,4,2,sm_89,D1W_WAITSTREAM_OVERLAP,NVSHMEM,C0_DEFAULT,2048,4096,2048,8,5,2097152,25,0,4336.384,5483.968,6461.056,977.088,PASS,0
PHASEB_formal_d1w_C0_DEFAULT_N4096_q8_rep3,2,4,2,sm_89,D1W_WAITSTREAM_OVERLAP,NVSHMEM,C0_DEFAULT,2048,4096,2048,8,6,2097152,25,0,5297.760,6478.592,7456.832,978.240,PASS,0
PHASEB_formal_d1w_C0_DEFAULT_N4096_q8_rep3,2,4,2,sm_89,D1W_WAITSTREAM_OVERLAP,NVSHMEM,C0_DEFAULT,2048,4096,2048,8,7,2097152,25,0,5355.616,7474.688,8451.936,977.248,PASS,0
PHASEB_formal_d1w_C0_DEFAULT_N4096_q8_rep3,2,4,2,sm_89,D1W_WAITSTREAM_OVERLAP,NVSHMEM,C0_DEFAULT,2048,4096,2048,8,0,2097152,26,0,191.072,202.304,1259.104,1056.800,PASS,0
PHASEB_formal_d1w_C0_DEFAULT_N4096_q8_rep3,2,4,2,sm_89,D1W_WAITSTREAM_OVERLAP,NVSHMEM,C0_DEFAULT,2048,4096,2048,8,1,2097152,26,0,1187.968,1298.272,2291.136,992.864,PASS,0
PHASEB_formal_d1w_C0_DEFAULT_N4096_q8_rep3,2,4,2,sm_89,D1W_WAITSTREAM_OVERLAP,NVSHMEM,C0_DEFAULT,2048,4096,2048,8,2,2097152,26,0,2132.192,2319.872,3374.080,1054.208,PASS,0
PHASEB_formal_d1w_C0_DEFAULT_N4096_q8_rep3,2,4,2,sm_89,D1W_WAITSTREAM_OVERLAP,NVSHMEM,C0_DEFAULT,2048,4096,2048,8,3,2097152,26,0,2295.552,3403.200,4465.856,1062.656,PASS,0
PHASEB_formal_d1w_C0_DEFAULT_N4096_q8_rep3,2,4,2,sm_89,D1W_WAITSTREAM_OVERLAP,NVSHMEM,C0_DEFAULT,2048,4096,2048,8,4,2097152,26,0,3301.280,4492.256,5542.496,1050.240,PASS,0
PHASEB_formal_d1w_C0_DEFAULT_N4096_q8_rep3,2,4,2,sm_89,D1W_WAITSTREAM_OVERLAP,NVSHMEM,C0_DEFAULT,2048,4096,2048,8,5,2097152,26,0,4312.544,5559.712,6536.992,977.280,PASS,0
PHASEB_formal_d1w_C0_DEFAULT_N4096_q8_rep3,2,4,2,sm_89,D1W_WAITSTREAM_OVERLAP,NVSHMEM,C0_DEFAULT,2048,4096,2048,8,6,2097152,26,0,5408.896,6554.496,7532.064,977.568,PASS,0
PHASEB_formal_d1w_C0_DEFAULT_N4096_q8_rep3,2,4,2,sm_89,D1W_WAITSTREAM_OVERLAP,NVSHMEM,C0_DEFAULT,2048,4096,2048,8,7,2097152,26,0,5442.080,7549.376,8527.296,977.920,PASS,0
PHASEB_formal_d1w_C0_DEFAULT_N4096_q8_rep3,2,4,2,sm_89,D1W_WAITSTREAM_OVERLAP,NVSHMEM,C0_DEFAULT,2048,4096,2048,8,0,2097152,27,0,2543.456,2549.888,3529.600,979.712,PASS,0
PHASEB_formal_d1w_C0_DEFAULT_N4096_q8_rep3,2,4,2,sm_89,D1W_WAITSTREAM_OVERLAP,NVSHMEM,C0_DEFAULT,2048,4096,2048,8,1,2097152,27,0,3489.248,3551.840,4603.680,1051.840,PASS,0
PHASEB_formal_d1w_C0_DEFAULT_N4096_q8_rep3,2,4,2,sm_89,D1W_WAITSTREAM_OVERLAP,NVSHMEM,C0_DEFAULT,2048,4096,2048,8,2,2097152,27,0,4487.712,4626.624,5678.368,1051.744,PASS,0
PHASEB_formal_d1w_C0_DEFAULT_N4096_q8_rep3,2,4,2,sm_89,D1W_WAITSTREAM_OVERLAP,NVSHMEM,C0_DEFAULT,2048,4096,2048,8,3,2097152,27,0,4586.912,5699.520,6750.592,1051.072,PASS,0
PHASEB_formal_d1w_C0_DEFAULT_N4096_q8_rep3,2,4,2,sm_89,D1W_WAITSTREAM_OVERLAP,NVSHMEM,C0_DEFAULT,2048,4096,2048,8,4,2097152,27,0,5547.232,6772.864,7750.528,977.664,PASS,0
PHASEB_formal_d1w_C0_DEFAULT_N4096_q8_rep3,2,4,2,sm_89,D1W_WAITSTREAM_OVERLAP,NVSHMEM,C0_DEFAULT,2048,4096,2048,8,5,2097152,27,0,6482.720,7768.576,8746.208,977.632,PASS,0
PHASEB_formal_d1w_C0_DEFAULT_N4096_q8_rep3,2,4,2,sm_89,D1W_WAITSTREAM_OVERLAP,NVSHMEM,C0_DEFAULT,2048,4096,2048,8,6,2097152,27,0,6596.992,8763.552,9741.439,977.888,PASS,0
PHASEB_formal_d1w_C0_DEFAULT_N4096_q8_rep3,2,4,2,sm_89,D1W_WAITSTREAM_OVERLAP,NVSHMEM,C0_DEFAULT,2048,4096,2048,8,7,2097152,27,0,7475.296,9758.943,10735.903,976.960,PASS,0
PHASEB_formal_d1w_C0_DEFAULT_N4096_q8_rep3,2,4,2,sm_89,D1W_WAITSTREAM_OVERLAP,NVSHMEM,C0_DEFAULT,2048,4096,2048,8,0,2097152,28,0,206.752,217.856,1273.440,1055.584,PASS,0
PHASEB_formal_d1w_C0_DEFAULT_N4096_q8_rep3,2,4,2,sm_89,D1W_WAITSTREAM_OVERLAP,NVSHMEM,C0_DEFAULT,2048,4096,2048,8,1,2097152,28,0,1218.176,1296.448,2356.544,1060.096,PASS,0
PHASEB_formal_d1w_C0_DEFAULT_N4096_q8_rep3,2,4,2,sm_89,D1W_WAITSTREAM_OVERLAP,NVSHMEM,C0_DEFAULT,2048,4096,2048,8,2,2097152,28,0,2260.608,2381.632,3440.544,1058.912,PASS,0
PHASEB_formal_d1w_C0_DEFAULT_N4096_q8_rep3,2,4,2,sm_89,D1W_WAITSTREAM_OVERLAP,NVSHMEM,C0_DEFAULT,2048,4096,2048,8,3,2097152,28,0,3282.400,3469.792,4524.576,1054.784,PASS,0
PHASEB_formal_d1w_C0_DEFAULT_N4096_q8_rep3,2,4,2,sm_89,D1W_WAITSTREAM_OVERLAP,NVSHMEM,C0_DEFAULT,2048,4096,2048,8,4,2097152,28,0,3338.560,4544.736,5524.288,979.552,PASS,0
PHASEB_formal_d1w_C0_DEFAULT_N4096_q8_rep3,2,4,2,sm_89,D1W_WAITSTREAM_OVERLAP,NVSHMEM,C0_DEFAULT,2048,4096,2048,8,5,2097152,28,0,4354.560,5542.336,6520.096,977.760,PASS,0
PHASEB_formal_d1w_C0_DEFAULT_N4096_q8_rep3,2,4,2,sm_89,D1W_WAITSTREAM_OVERLAP,NVSHMEM,C0_DEFAULT,2048,4096,2048,8,6,2097152,28,0,4392.128,6537.600,7515.072,977.472,PASS,0
PHASEB_formal_d1w_C0_DEFAULT_N4096_q8_rep3,2,4,2,sm_89,D1W_WAITSTREAM_OVERLAP,NVSHMEM,C0_DEFAULT,2048,4096,2048,8,7,2097152,28,0,5387.136,7532.672,8509.600,976.928,PASS,0
PHASEB_formal_d1w_C0_DEFAULT_N4096_q8_rep3,2,4,2,sm_89,D1W_WAITSTREAM_OVERLAP,NVSHMEM,C0_DEFAULT,2048,4096,2048,8,0,2097152,29,0,197.728,209.024,1266.560,1057.536,PASS,0
PHASEB_formal_d1w_C0_DEFAULT_N4096_q8_rep3,2,4,2,sm_89,D1W_WAITSTREAM_OVERLAP,NVSHMEM,C0_DEFAULT,2048,4096,2048,8,1,2097152,29,0,1217.184,1291.648,2289.216,997.568,PASS,0
PHASEB_formal_d1w_C0_DEFAULT_N4096_q8_rep3,2,4,2,sm_89,D1W_WAITSTREAM_OVERLAP,NVSHMEM,C0_DEFAULT,2048,4096,2048,8,2,2097152,29,0,2108.416,2325.312,3382.912,1057.600,PASS,0
PHASEB_formal_d1w_C0_DEFAULT_N4096_q8_rep3,2,4,2,sm_89,D1W_WAITSTREAM_OVERLAP,NVSHMEM,C0_DEFAULT,2048,4096,2048,8,3,2097152,29,0,2294.560,3409.696,4403.072,993.376,PASS,0
PHASEB_formal_d1w_C0_DEFAULT_N4096_q8_rep3,2,4,2,sm_89,D1W_WAITSTREAM_OVERLAP,NVSHMEM,C0_DEFAULT,2048,4096,2048,8,4,2097152,29,0,3302.176,4425.536,5475.776,1050.240,PASS,0
PHASEB_formal_d1w_C0_DEFAULT_N4096_q8_rep3,2,4,2,sm_89,D1W_WAITSTREAM_OVERLAP,NVSHMEM,C0_DEFAULT,2048,4096,2048,8,5,2097152,29,0,4243.296,5493.088,6470.432,977.344,PASS,0
PHASEB_formal_d1w_C0_DEFAULT_N4096_q8_rep3,2,4,2,sm_89,D1W_WAITSTREAM_OVERLAP,NVSHMEM,C0_DEFAULT,2048,4096,2048,8,6,2097152,29,0,4358.560,6488.192,7466.784,978.592,PASS,0
PHASEB_formal_d1w_C0_DEFAULT_N4096_q8_rep3,2,4,2,sm_89,D1W_WAITSTREAM_OVERLAP,NVSHMEM,C0_DEFAULT,2048,4096,2048,8,7,2097152,29,0,5393.504,7484.064,8461.695,977.632,PASS,0
PHASEB_formal_d1w_C0_DEFAULT_N4096_q8_rep3,2,4,2,sm_89,D1W_WAITSTREAM_OVERLAP,NVSHMEM,C0_DEFAULT,2048,4096,2048,8,0,2097152,30,0,181.696,189.728,1245.568,1055.840,PASS,0
PHASEB_formal_d1w_C0_DEFAULT_N4096_q8_rep3,2,4,2,sm_89,D1W_WAITSTREAM_OVERLAP,NVSHMEM,C0_DEFAULT,2048,4096,2048,8,1,2097152,30,0,1187.296,1270.016,2283.104,1013.088,PASS,0
PHASEB_formal_d1w_C0_DEFAULT_N4096_q8_rep3,2,4,2,sm_89,D1W_WAITSTREAM_OVERLAP,NVSHMEM,C0_DEFAULT,2048,4096,2048,8,2,2097152,30,0,2092.512,2323.584,3383.616,1060.032,PASS,0
PHASEB_formal_d1w_C0_DEFAULT_N4096_q8_rep3,2,4,2,sm_89,D1W_WAITSTREAM_OVERLAP,NVSHMEM,C0_DEFAULT,2048,4096,2048,8,3,2097152,30,0,2298.592,3426.176,4410.912,984.736,PASS,0
PHASEB_formal_d1w_C0_DEFAULT_N4096_q8_rep3,2,4,2,sm_89,D1W_WAITSTREAM_OVERLAP,NVSHMEM,C0_DEFAULT,2048,4096,2048,8,4,2097152,30,0,3273.024,4437.824,5417.184,979.360,PASS,0
PHASEB_formal_d1w_C0_DEFAULT_N4096_q8_rep3,2,4,2,sm_89,D1W_WAITSTREAM_OVERLAP,NVSHMEM,C0_DEFAULT,2048,4096,2048,8,5,2097152,30,0,3432.608,5434.688,6412.352,977.664,PASS,0
PHASEB_formal_d1w_C0_DEFAULT_N4096_q8_rep3,2,4,2,sm_89,D1W_WAITSTREAM_OVERLAP,NVSHMEM,C0_DEFAULT,2048,4096,2048,8,6,2097152,30,0,4315.776,6430.080,7407.680,977.600,PASS,0
PHASEB_formal_d1w_C0_DEFAULT_N4096_q8_rep3,2,4,2,sm_89,D1W_WAITSTREAM_OVERLAP,NVSHMEM,C0_DEFAULT,2048,4096,2048,8,7,2097152,30,0,5363.680,7425.248,8402.400,977.152,PASS,0
PHASEB_formal_d1w_C0_DEFAULT_N4096_q8_rep3,2,4,2,sm_89,D1W_WAITSTREAM_OVERLAP,NVSHMEM,C0_DEFAULT,2048,4096,2048,8,0,2097152,31,0,180.160,187.872,1248.096,1060.224,PASS,0
PHASEB_formal_d1w_C0_DEFAULT_N4096_q8_rep3,2,4,2,sm_89,D1W_WAITSTREAM_OVERLAP,NVSHMEM,C0_DEFAULT,2048,4096,2048,8,1,2097152,31,0,1196.064,1272.608,2266.848,994.240,PASS,0
PHASEB_formal_d1w_C0_DEFAULT_N4096_q8_rep3,2,4,2,sm_89,D1W_WAITSTREAM_OVERLAP,NVSHMEM,C0_DEFAULT,2048,4096,2048,8,2,2097152,31,0,2085.376,2294.560,3357.184,1062.624,PASS,0
PHASEB_formal_d1w_C0_DEFAULT_N4096_q8_rep3,2,4,2,sm_89,D1W_WAITSTREAM_OVERLAP,NVSHMEM,C0_DEFAULT,2048,4096,2048,8,3,2097152,31,0,2222.080,3387.296,4446.848,1059.552,PASS,0
PHASEB_formal_d1w_C0_DEFAULT_N4096_q8_rep3,2,4,2,sm_89,D1W_WAITSTREAM_OVERLAP,NVSHMEM,C0_DEFAULT,2048,4096,2048,8,4,2097152,31,0,3317.216,4469.312,5448.512,979.200,PASS,0
PHASEB_formal_d1w_C0_DEFAULT_N4096_q8_rep3,2,4,2,sm_89,D1W_WAITSTREAM_OVERLAP,NVSHMEM,C0_DEFAULT,2048,4096,2048,8,5,2097152,31,0,4372.864,5466.048,6443.840,977.792,PASS,0
PHASEB_formal_d1w_C0_DEFAULT_N4096_q8_rep3,2,4,2,sm_89,D1W_WAITSTREAM_OVERLAP,NVSHMEM,C0_DEFAULT,2048,4096,2048,8,6,2097152,31,0,5294.656,6463.136,7441.728,978.592,PASS,0
PHASEB_formal_d1w_C0_DEFAULT_N4096_q8_rep3,2,4,2,sm_89,D1W_WAITSTREAM_OVERLAP,NVSHMEM,C0_DEFAULT,2048,4096,2048,8,7,2097152,31,0,5408.640,7459.488,8436.768,977.280,PASS,0
PHASEB_formal_d1w_C0_DEFAULT_N4096_q8_rep3,2,4,2,sm_89,D1W_WAITSTREAM_OVERLAP,NVSHMEM,C0_DEFAULT,2048,4096,2048,8,0,2097152,32,0,197.888,208.768,1263.456,1054.688,PASS,0
PHASEB_formal_d1w_C0_DEFAULT_N4096_q8_rep3,2,4,2,sm_89,D1W_WAITSTREAM_OVERLAP,NVSHMEM,C0_DEFAULT,2048,4096,2048,8,1,2097152,32,0,1290.976,1299.680,2289.792,990.112,PASS,0
PHASEB_formal_d1w_C0_DEFAULT_N4096_q8_rep3,2,4,2,sm_89,D1W_WAITSTREAM_OVERLAP,NVSHMEM,C0_DEFAULT,2048,4096,2048,8,2,2097152,32,0,2268.672,2314.048,3302.624,988.576,PASS,0
PHASEB_formal_d1w_C0_DEFAULT_N4096_q8_rep3,2,4,2,sm_89,D1W_WAITSTREAM_OVERLAP,NVSHMEM,C0_DEFAULT,2048,4096,2048,8,3,2097152,32,0,2383.328,3332.960,4321.920,988.960,PASS,0
PHASEB_formal_d1w_C0_DEFAULT_N4096_q8_rep3,2,4,2,sm_89,D1W_WAITSTREAM_OVERLAP,NVSHMEM,C0_DEFAULT,2048,4096,2048,8,4,2097152,32,0,3287.264,4350.944,5333.248,982.304,PASS,0
PHASEB_formal_d1w_C0_DEFAULT_N4096_q8_rep3,2,4,2,sm_89,D1W_WAITSTREAM_OVERLAP,NVSHMEM,C0_DEFAULT,2048,4096,2048,8,5,2097152,32,0,4152.192,5355.200,6333.152,977.952,PASS,0
PHASEB_formal_d1w_C0_DEFAULT_N4096_q8_rep3,2,4,2,sm_89,D1W_WAITSTREAM_OVERLAP,NVSHMEM,C0_DEFAULT,2048,4096,2048,8,6,2097152,32,0,4358.304,6351.008,7328.672,977.664,PASS,0
PHASEB_formal_d1w_C0_DEFAULT_N4096_q8_rep3,2,4,2,sm_89,D1W_WAITSTREAM_OVERLAP,NVSHMEM,C0_DEFAULT,2048,4096,2048,8,7,2097152,32,0,5372.512,7346.016,8323.456,977.440,PASS,0
PHASEB_formal_d1w_C0_DEFAULT_N4096_q8_rep3,2,4,2,sm_89,D1W_WAITSTREAM_OVERLAP,NVSHMEM,C0_DEFAULT,2048,4096,2048,8,0,2097152,33,0,186.560,197.920,1255.488,1057.568,PASS,0
PHASEB_formal_d1w_C0_DEFAULT_N4096_q8_rep3,2,4,2,sm_89,D1W_WAITSTREAM_OVERLAP,NVSHMEM,C0_DEFAULT,2048,4096,2048,8,1,2097152,33,0,1186.592,1279.232,2337.280,1058.048,PASS,0
PHASEB_formal_d1w_C0_DEFAULT_N4096_q8_rep3,2,4,2,sm_89,D1W_WAITSTREAM_OVERLAP,NVSHMEM,C0_DEFAULT,2048,4096,2048,8,2,2097152,33,0,2238.368,2362.464,3424.384,1061.920,PASS,0
PHASEB_formal_d1w_C0_DEFAULT_N4096_q8_rep3,2,4,2,sm_89,D1W_WAITSTREAM_OVERLAP,NVSHMEM,C0_DEFAULT,2048,4096,2048,8,3,2097152,33,0,3248.032,3467.872,4527.424,1059.552,PASS,0
PHASEB_formal_d1w_C0_DEFAULT_N4096_q8_rep3,2,4,2,sm_89,D1W_WAITSTREAM_OVERLAP,NVSHMEM,C0_DEFAULT,2048,4096,2048,8,4,2097152,33,0,3325.536,4549.184,5560.896,1011.712,PASS,0
PHASEB_formal_d1w_C0_DEFAULT_N4096_q8_rep3,2,4,2,sm_89,D1W_WAITSTREAM_OVERLAP,NVSHMEM,C0_DEFAULT,2048,4096,2048,8,5,2097152,33,0,4370.400,5578.176,6555.296,977.120,PASS,0
PHASEB_formal_d1w_C0_DEFAULT_N4096_q8_rep3,2,4,2,sm_89,D1W_WAITSTREAM_OVERLAP,NVSHMEM,C0_DEFAULT,2048,4096,2048,8,6,2097152,33,0,4422.848,6572.640,7551.264,978.624,PASS,0
PHASEB_formal_d1w_C0_DEFAULT_N4096_q8_rep3,2,4,2,sm_89,D1W_WAITSTREAM_OVERLAP,NVSHMEM,C0_DEFAULT,2048,4096,2048,8,7,2097152,33,0,5402.112,7568.800,8545.984,977.184,PASS,0
PHASEB_formal_d1w_C0_DEFAULT_N4096_q8_rep3,2,4,2,sm_89,D1W_WAITSTREAM_OVERLAP,NVSHMEM,C0_DEFAULT,2048,4096,2048,8,0,2097152,34,0,199.648,208.032,1266.976,1058.944,PASS,0
PHASEB_formal_d1w_C0_DEFAULT_N4096_q8_rep3,2,4,2,sm_89,D1W_WAITSTREAM_OVERLAP,NVSHMEM,C0_DEFAULT,2048,4096,2048,8,1,2097152,34,0,1253.856,1296.192,2281.152,984.960,PASS,0
PHASEB_formal_d1w_C0_DEFAULT_N4096_q8_rep3,2,4,2,sm_89,D1W_WAITSTREAM_OVERLAP,NVSHMEM,C0_DEFAULT,2048,4096,2048,8,2,2097152,34,0,2123.104,2311.808,3296.832,985.024,PASS,0
PHASEB_formal_d1w_C0_DEFAULT_N4096_q8_rep3,2,4,2,sm_89,D1W_WAITSTREAM_OVERLAP,NVSHMEM,C0_DEFAULT,2048,4096,2048,8,3,2097152,34,0,2318.112,3320.576,4303.360,982.784,PASS,0
PHASEB_formal_d1w_C0_DEFAULT_N4096_q8_rep3,2,4,2,sm_89,D1W_WAITSTREAM_OVERLAP,NVSHMEM,C0_DEFAULT,2048,4096,2048,8,4,2097152,34,0,3349.184,4329.664,5315.840,986.176,PASS,0
PHASEB_formal_d1w_C0_DEFAULT_N4096_q8_rep3,2,4,2,sm_89,D1W_WAITSTREAM_OVERLAP,NVSHMEM,C0_DEFAULT,2048,4096,2048,8,5,2097152,34,0,4193.856,5346.016,6323.808,977.792,PASS,0
PHASEB_formal_d1w_C0_DEFAULT_N4096_q8_rep3,2,4,2,sm_89,D1W_WAITSTREAM_OVERLAP,NVSHMEM,C0_DEFAULT,2048,4096,2048,8,6,2097152,34,0,5177.152,6341.568,7318.592,977.024,PASS,0
PHASEB_formal_d1w_C0_DEFAULT_N4096_q8_rep3,2,4,2,sm_89,D1W_WAITSTREAM_OVERLAP,NVSHMEM,C0_DEFAULT,2048,4096,2048,8,7,2097152,34,0,6175.776,7336.160,8314.271,978.112,PASS,0
PHASEB_formal_d1w_C0_DEFAULT_N4096_q8_rep3,2,4,2,sm_89,D1W_WAITSTREAM_OVERLAP,NVSHMEM,C0_DEFAULT,2048,4096,2048,8,0,2097152,35,0,195.424,206.528,1263.744,1057.216,PASS,0
PHASEB_formal_d1w_C0_DEFAULT_N4096_q8_rep3,2,4,2,sm_89,D1W_WAITSTREAM_OVERLAP,NVSHMEM,C0_DEFAULT,2048,4096,2048,8,1,2097152,35,0,1186.496,1292.704,2279.936,987.232,PASS,0
PHASEB_formal_d1w_C0_DEFAULT_N4096_q8_rep3,2,4,2,sm_89,D1W_WAITSTREAM_OVERLAP,NVSHMEM,C0_DEFAULT,2048,4096,2048,8,2,2097152,35,0,2096.768,2308.896,3366.368,1057.472,PASS,0
PHASEB_formal_d1w_C0_DEFAULT_N4096_q8_rep3,2,4,2,sm_89,D1W_WAITSTREAM_OVERLAP,NVSHMEM,C0_DEFAULT,2048,4096,2048,8,3,2097152,35,0,2285.504,3393.600,4454.464,1060.864,PASS,0
PHASEB_formal_d1w_C0_DEFAULT_N4096_q8_rep3,2,4,2,sm_89,D1W_WAITSTREAM_OVERLAP,NVSHMEM,C0_DEFAULT,2048,4096,2048,8,4,2097152,35,0,3319.616,4481.792,5530.880,1049.088,PASS,0
PHASEB_formal_d1w_C0_DEFAULT_N4096_q8_rep3,2,4,2,sm_89,D1W_WAITSTREAM_OVERLAP,NVSHMEM,C0_DEFAULT,2048,4096,2048,8,5,2097152,35,0,4351.232,5548.384,6526.336,977.952,PASS,0
PHASEB_formal_d1w_C0_DEFAULT_N4096_q8_rep3,2,4,2,sm_89,D1W_WAITSTREAM_OVERLAP,NVSHMEM,C0_DEFAULT,2048,4096,2048,8,6,2097152,35,0,5385.472,6543.648,7521.856,978.208,PASS,0
PHASEB_formal_d1w_C0_DEFAULT_N4096_q8_rep3,2,4,2,sm_89,D1W_WAITSTREAM_OVERLAP,NVSHMEM,C0_DEFAULT,2048,4096,2048,8,7,2097152,35,0,5432.096,7539.360,8516.256,976.896,PASS,0
PHASEB_formal_d1w_C0_DEFAULT_N4096_q8_rep3,2,4,2,sm_89,D1W_WAITSTREAM_OVERLAP,NVSHMEM,C0_DEFAULT,2048,4096,2048,8,0,2097152,36,0,202.944,211.520,1268.896,1057.376,PASS,0
PHASEB_formal_d1w_C0_DEFAULT_N4096_q8_rep3,2,4,2,sm_89,D1W_WAITSTREAM_OVERLAP,NVSHMEM,C0_DEFAULT,2048,4096,2048,8,1,2097152,36,0,1251.840,1297.216,2287.392,990.176,PASS,0
PHASEB_formal_d1w_C0_DEFAULT_N4096_q8_rep3,2,4,2,sm_89,D1W_WAITSTREAM_OVERLAP,NVSHMEM,C0_DEFAULT,2048,4096,2048,8,2,2097152,36,0,2113.312,2321.728,3306.944,985.216,PASS,0
PHASEB_formal_d1w_C0_DEFAULT_N4096_q8_rep3,2,4,2,sm_89,D1W_WAITSTREAM_OVERLAP,NVSHMEM,C0_DEFAULT,2048,4096,2048,8,3,2097152,36,0,2331.968,3341.824,4332.544,990.720,PASS,0
PHASEB_formal_d1w_C0_DEFAULT_N4096_q8_rep3,2,4,2,sm_89,D1W_WAITSTREAM_OVERLAP,NVSHMEM,C0_DEFAULT,2048,4096,2048,8,4,2097152,36,0,3331.904,4361.312,5350.848,989.536,PASS,0
PHASEB_formal_d1w_C0_DEFAULT_N4096_q8_rep3,2,4,2,sm_89,D1W_WAITSTREAM_OVERLAP,NVSHMEM,C0_DEFAULT,2048,4096,2048,8,5,2097152,36,0,4390.976,5373.280,6351.552,978.272,PASS,0
PHASEB_formal_d1w_C0_DEFAULT_N4096_q8_rep3,2,4,2,sm_89,D1W_WAITSTREAM_OVERLAP,NVSHMEM,C0_DEFAULT,2048,4096,2048,8,6,2097152,36,0,5306.368,6368.800,7346.080,977.280,PASS,0
PHASEB_formal_d1w_C0_DEFAULT_N4096_q8_rep3,2,4,2,sm_89,D1W_WAITSTREAM_OVERLAP,NVSHMEM,C0_DEFAULT,2048,4096,2048,8,7,2097152,36,0,5433.984,7363.648,8340.640,976.992,PASS,0
PHASEB_formal_d1w_C0_DEFAULT_N4096_q8_rep3,2,4,2,sm_89,D1W_WAITSTREAM_OVERLAP,NVSHMEM,C0_DEFAULT,2048,4096,2048,8,0,2097152,37,0,200.480,211.872,1268.192,1056.320,PASS,0
PHASEB_formal_d1w_C0_DEFAULT_N4096_q8_rep3,2,4,2,sm_89,D1W_WAITSTREAM_OVERLAP,NVSHMEM,C0_DEFAULT,2048,4096,2048,8,1,2097152,37,0,1272.800,1297.120,2356.544,1059.424,PASS,0
PHASEB_formal_d1w_C0_DEFAULT_N4096_q8_rep3,2,4,2,sm_89,D1W_WAITSTREAM_OVERLAP,NVSHMEM,C0_DEFAULT,2048,4096,2048,8,2,2097152,37,0,2314.112,2385.216,3441.984,1056.768,PASS,0
PHASEB_formal_d1w_C0_DEFAULT_N4096_q8_rep3,2,4,2,sm_89,D1W_WAITSTREAM_OVERLAP,NVSHMEM,C0_DEFAULT,2048,4096,2048,8,3,2097152,37,0,3389.856,3466.336,4456.704,990.368,PASS,0
PHASEB_formal_d1w_C0_DEFAULT_N4096_q8_rep3,2,4,2,sm_89,D1W_WAITSTREAM_OVERLAP,NVSHMEM,C0_DEFAULT,2048,4096,2048,8,4,2097152,37,0,4413.888,4490.176,5544.960,1054.784,PASS,0
PHASEB_formal_d1w_C0_DEFAULT_N4096_q8_rep3,2,4,2,sm_89,D1W_WAITSTREAM_OVERLAP,NVSHMEM,C0_DEFAULT,2048,4096,2048,8,5,2097152,37,0,5400.864,5568.064,6617.376,1049.312,PASS,0
PHASEB_formal_d1w_C0_DEFAULT_N4096_q8_rep3,2,4,2,sm_89,D1W_WAITSTREAM_OVERLAP,NVSHMEM,C0_DEFAULT,2048,4096,2048,8,6,2097152,37,0,5515.296,6634.784,7613.376,978.592,PASS,0
PHASEB_formal_d1w_C0_DEFAULT_N4096_q8_rep3,2,4,2,sm_89,D1W_WAITSTREAM_OVERLAP,NVSHMEM,C0_DEFAULT,2048,4096,2048,8,7,2097152,37,0,6444.256,7630.976,8608.480,977.504,PASS,0
PHASEB_formal_d1w_C0_DEFAULT_N4096_q8_rep3,2,4,2,sm_89,D1W_WAITSTREAM_OVERLAP,NVSHMEM,C0_DEFAULT,2048,4096,2048,8,0,2097152,38,0,198.368,209.632,1263.424,1053.792,PASS,0
PHASEB_formal_d1w_C0_DEFAULT_N4096_q8_rep3,2,4,2,sm_89,D1W_WAITSTREAM_OVERLAP,NVSHMEM,C0_DEFAULT,2048,4096,2048,8,1,2097152,38,0,1218.848,1286.528,2276.480,989.952,PASS,0
PHASEB_formal_d1w_C0_DEFAULT_N4096_q8_rep3,2,4,2,sm_89,D1W_WAITSTREAM_OVERLAP,NVSHMEM,C0_DEFAULT,2048,4096,2048,8,2,2097152,38,0,2122.016,2311.552,3371.520,1059.968,PASS,0
PHASEB_formal_d1w_C0_DEFAULT_N4096_q8_rep3,2,4,2,sm_89,D1W_WAITSTREAM_OVERLAP,NVSHMEM,C0_DEFAULT,2048,4096,2048,8,3,2097152,38,0,2286.336,3395.776,4450.560,1054.784,PASS,0
PHASEB_formal_d1w_C0_DEFAULT_N4096_q8_rep3,2,4,2,sm_89,D1W_WAITSTREAM_OVERLAP,NVSHMEM,C0_DEFAULT,2048,4096,2048,8,4,2097152,38,0,3249.856,4475.648,5456.800,981.152,PASS,0
PHASEB_formal_d1w_C0_DEFAULT_N4096_q8_rep3,2,4,2,sm_89,D1W_WAITSTREAM_OVERLAP,NVSHMEM,C0_DEFAULT,2048,4096,2048,8,5,2097152,38,0,4293.888,5479.424,6457.696,978.272,PASS,0
PHASEB_formal_d1w_C0_DEFAULT_N4096_q8_rep3,2,4,2,sm_89,D1W_WAITSTREAM_OVERLAP,NVSHMEM,C0_DEFAULT,2048,4096,2048,8,6,2097152,38,0,5354.656,6475.200,7452.640,977.440,PASS,0
PHASEB_formal_d1w_C0_DEFAULT_N4096_q8_rep3,2,4,2,sm_89,D1W_WAITSTREAM_OVERLAP,NVSHMEM,C0_DEFAULT,2048,4096,2048,8,7,2097152,38,0,6302.528,7470.208,8448.160,977.952,PASS,0
PHASEB_formal_d1w_C0_DEFAULT_N4096_q8_rep3,2,4,2,sm_89,D1W_WAITSTREAM_OVERLAP,NVSHMEM,C0_DEFAULT,2048,4096,2048,8,0,2097152,39,0,201.056,209.728,1269.216,1059.488,PASS,0
PHASEB_formal_d1w_C0_DEFAULT_N4096_q8_rep3,2,4,2,sm_89,D1W_WAITSTREAM_OVERLAP,NVSHMEM,C0_DEFAULT,2048,4096,2048,8,1,2097152,39,0,1242.304,1294.016,2282.528,988.512,PASS,0
PHASEB_formal_d1w_C0_DEFAULT_N4096_q8_rep3,2,4,2,sm_89,D1W_WAITSTREAM_OVERLAP,NVSHMEM,C0_DEFAULT,2048,4096,2048,8,2,2097152,39,0,2126.464,2312.864,3400.480,1087.616,PASS,0
PHASEB_formal_d1w_C0_DEFAULT_N4096_q8_rep3,2,4,2,sm_89,D1W_WAITSTREAM_OVERLAP,NVSHMEM,C0_DEFAULT,2048,4096,2048,8,3,2097152,39,0,2270.400,3430.976,4486.560,1055.584,PASS,0
PHASEB_formal_d1w_C0_DEFAULT_N4096_q8_rep3,2,4,2,sm_89,D1W_WAITSTREAM_OVERLAP,NVSHMEM,C0_DEFAULT,2048,4096,2048,8,4,2097152,39,0,3200.256,4510.944,5504.800,993.856,PASS,0
PHASEB_formal_d1w_C0_DEFAULT_N4096_q8_rep3,2,4,2,sm_89,D1W_WAITSTREAM_OVERLAP,NVSHMEM,C0_DEFAULT,2048,4096,2048,8,5,2097152,39,0,3350.528,5522.304,6499.776,977.472,PASS,0
PHASEB_formal_d1w_C0_DEFAULT_N4096_q8_rep3,2,4,2,sm_89,D1W_WAITSTREAM_OVERLAP,NVSHMEM,C0_DEFAULT,2048,4096,2048,8,6,2097152,39,0,4357.408,6517.344,7495.072,977.728,PASS,0
PHASEB_formal_d1w_C0_DEFAULT_N4096_q8_rep3,2,4,2,sm_89,D1W_WAITSTREAM_OVERLAP,NVSHMEM,C0_DEFAULT,2048,4096,2048,8,7,2097152,39,0,5335.264,7512.736,8490.496,977.760,PASS,0
PHASEB_formal_d1w_C0_DEFAULT_N4096_q8_rep3,2,4,2,sm_89,D1W_WAITSTREAM_OVERLAP,NVSHMEM,C0_DEFAULT,2048,4096,2048,8,0,2097152,40,0,202.400,214.336,1266.912,1052.576,PASS,0
PHASEB_formal_d1w_C0_DEFAULT_N4096_q8_rep3,2,4,2,sm_89,D1W_WAITSTREAM_OVERLAP,NVSHMEM,C0_DEFAULT,2048,4096,2048,8,1,2097152,40,0,1272.224,1292.512,2279.104,986.592,PASS,0
PHASEB_formal_d1w_C0_DEFAULT_N4096_q8_rep3,2,4,2,sm_89,D1W_WAITSTREAM_OVERLAP,NVSHMEM,C0_DEFAULT,2048,4096,2048,8,2,2097152,40,0,2117.376,2307.808,3289.632,981.824,PASS,0
PHASEB_formal_d1w_C0_DEFAULT_N4096_q8_rep3,2,4,2,sm_89,D1W_WAITSTREAM_OVERLAP,NVSHMEM,C0_DEFAULT,2048,4096,2048,8,3,2097152,40,0,2314.560,3319.392,4301.632,982.240,PASS,0
PHASEB_formal_d1w_C0_DEFAULT_N4096_q8_rep3,2,4,2,sm_89,D1W_WAITSTREAM_OVERLAP,NVSHMEM,C0_DEFAULT,2048,4096,2048,8,4,2097152,40,0,3327.360,4345.344,5327.072,981.728,PASS,0
PHASEB_formal_d1w_C0_DEFAULT_N4096_q8_rep3,2,4,2,sm_89,D1W_WAITSTREAM_OVERLAP,NVSHMEM,C0_DEFAULT,2048,4096,2048,8,5,2097152,40,0,4351.840,5352.256,6330.144,977.888,PASS,0
PHASEB_formal_d1w_C0_DEFAULT_N4096_q8_rep3,2,4,2,sm_89,D1W_WAITSTREAM_OVERLAP,NVSHMEM,C0_DEFAULT,2048,4096,2048,8,6,2097152,40,0,5240.416,6347.904,7325.664,977.760,PASS,0
PHASEB_formal_d1w_C0_DEFAULT_N4096_q8_rep3,2,4,2,sm_89,D1W_WAITSTREAM_OVERLAP,NVSHMEM,C0_DEFAULT,2048,4096,2048,8,7,2097152,40,0,5348.896,7343.200,8320.384,977.184,PASS,0
PHASEB_formal_d1w_C0_DEFAULT_N4096_q8_rep3,2,4,2,sm_89,D1W_WAITSTREAM_OVERLAP,NVSHMEM,C0_DEFAULT,2048,4096,2048,8,0,2097152,41,0,205.056,214.688,1270.400,1055.712,PASS,0
PHASEB_formal_d1w_C0_DEFAULT_N4096_q8_rep3,2,4,2,sm_89,D1W_WAITSTREAM_OVERLAP,NVSHMEM,C0_DEFAULT,2048,4096,2048,8,1,2097152,41,0,1256.960,1299.872,2357.792,1057.920,PASS,0
PHASEB_formal_d1w_C0_DEFAULT_N4096_q8_rep3,2,4,2,sm_89,D1W_WAITSTREAM_OVERLAP,NVSHMEM,C0_DEFAULT,2048,4096,2048,8,2,2097152,41,0,2233.376,2387.904,3444.224,1056.320,PASS,0
PHASEB_formal_d1w_C0_DEFAULT_N4096_q8_rep3,2,4,2,sm_89,D1W_WAITSTREAM_OVERLAP,NVSHMEM,C0_DEFAULT,2048,4096,2048,8,3,2097152,41,0,2369.632,3469.632,4537.568,1067.936,PASS,0
PHASEB_formal_d1w_C0_DEFAULT_N4096_q8_rep3,2,4,2,sm_89,D1W_WAITSTREAM_OVERLAP,NVSHMEM,C0_DEFAULT,2048,4096,2048,8,4,2097152,41,0,3302.528,4563.904,5540.992,977.088,PASS,0
PHASEB_formal_d1w_C0_DEFAULT_N4096_q8_rep3,2,4,2,sm_89,D1W_WAITSTREAM_OVERLAP,NVSHMEM,C0_DEFAULT,2048,4096,2048,8,5,2097152,41,0,3424.160,5558.528,6535.584,977.056,PASS,0
PHASEB_formal_d1w_C0_DEFAULT_N4096_q8_rep3,2,4,2,sm_89,D1W_WAITSTREAM_OVERLAP,NVSHMEM,C0_DEFAULT,2048,4096,2048,8,6,2097152,41,0,4387.744,6552.864,7531.776,978.912,PASS,0
PHASEB_formal_d1w_C0_DEFAULT_N4096_q8_rep3,2,4,2,sm_89,D1W_WAITSTREAM_OVERLAP,NVSHMEM,C0_DEFAULT,2048,4096,2048,8,7,2097152,41,0,4555.456,7549.280,8527.615,978.336,PASS,0
PHASEB_formal_d1w_C0_DEFAULT_N4096_q8_rep3,2,4,2,sm_89,D1W_WAITSTREAM_OVERLAP,NVSHMEM,C0_DEFAULT,2048,4096,2048,8,0,2097152,42,0,203.232,214.144,1267.744,1053.600,PASS,0
PHASEB_formal_d1w_C0_DEFAULT_N4096_q8_rep3,2,4,2,sm_89,D1W_WAITSTREAM_OVERLAP,NVSHMEM,C0_DEFAULT,2048,4096,2048,8,1,2097152,42,0,1212.992,1292.800,2353.536,1060.736,PASS,0
PHASEB_formal_d1w_C0_DEFAULT_N4096_q8_rep3,2,4,2,sm_89,D1W_WAITSTREAM_OVERLAP,NVSHMEM,C0_DEFAULT,2048,4096,2048,8,2,2097152,42,0,2249.760,2379.232,3440.512,1061.280,PASS,0
PHASEB_formal_d1w_C0_DEFAULT_N4096_q8_rep3,2,4,2,sm_89,D1W_WAITSTREAM_OVERLAP,NVSHMEM,C0_DEFAULT,2048,4096,2048,8,3,2097152,42,0,3276.832,3465.536,4518.496,1052.960,PASS,0
PHASEB_formal_d1w_C0_DEFAULT_N4096_q8_rep3,2,4,2,sm_89,D1W_WAITSTREAM_OVERLAP,NVSHMEM,C0_DEFAULT,2048,4096,2048,8,4,2097152,42,0,3351.360,4538.144,5517.792,979.648,PASS,0
PHASEB_formal_d1w_C0_DEFAULT_N4096_q8_rep3,2,4,2,sm_89,D1W_WAITSTREAM_OVERLAP,NVSHMEM,C0_DEFAULT,2048,4096,2048,8,5,2097152,42,0,4374.016,5535.296,6512.448,977.152,PASS,0
PHASEB_formal_d1w_C0_DEFAULT_N4096_q8_rep3,2,4,2,sm_89,D1W_WAITSTREAM_OVERLAP,NVSHMEM,C0_DEFAULT,2048,4096,2048,8,6,2097152,42,0,5366.400,6530.208,7507.712,977.504,PASS,0
PHASEB_formal_d1w_C0_DEFAULT_N4096_q8_rep3,2,4,2,sm_89,D1W_WAITSTREAM_OVERLAP,NVSHMEM,C0_DEFAULT,2048,4096,2048,8,7,2097152,42,0,5385.088,7525.280,8502.464,977.184,PASS,0
PHASEB_formal_d1w_C0_DEFAULT_N4096_q8_rep3,2,4,2,sm_89,D1W_WAITSTREAM_OVERLAP,NVSHMEM,C0_DEFAULT,2048,4096,2048,8,0,2097152,43,0,197.024,204.128,1265.280,1061.152,PASS,0
PHASEB_formal_d1w_C0_DEFAULT_N4096_q8_rep3,2,4,2,sm_89,D1W_WAITSTREAM_OVERLAP,NVSHMEM,C0_DEFAULT,2048,4096,2048,8,1,2097152,43,0,1223.072,1289.856,2278.496,988.640,PASS,0
PHASEB_formal_d1w_C0_DEFAULT_N4096_q8_rep3,2,4,2,sm_89,D1W_WAITSTREAM_OVERLAP,NVSHMEM,C0_DEFAULT,2048,4096,2048,8,2,2097152,43,0,2104.768,2310.624,3366.336,1055.712,PASS,0
PHASEB_formal_d1w_C0_DEFAULT_N4096_q8_rep3,2,4,2,sm_89,D1W_WAITSTREAM_OVERLAP,NVSHMEM,C0_DEFAULT,2048,4096,2048,8,3,2097152,43,0,2290.688,3396.416,4388.512,992.096,PASS,0
PHASEB_formal_d1w_C0_DEFAULT_N4096_q8_rep3,2,4,2,sm_89,D1W_WAITSTREAM_OVERLAP,NVSHMEM,C0_DEFAULT,2048,4096,2048,8,4,2097152,43,0,3310.848,4418.656,5470.592,1051.936,PASS,0
PHASEB_formal_d1w_C0_DEFAULT_N4096_q8_rep3,2,4,2,sm_89,D1W_WAITSTREAM_OVERLAP,NVSHMEM,C0_DEFAULT,2048,4096,2048,8,5,2097152,43,0,4219.584,5487.904,6465.152,977.248,PASS,0
PHASEB_formal_d1w_C0_DEFAULT_N4096_q8_rep3,2,4,2,sm_89,D1W_WAITSTREAM_OVERLAP,NVSHMEM,C0_DEFAULT,2048,4096,2048,8,6,2097152,43,0,4395.872,6482.752,7461.632,978.880,PASS,0
PHASEB_formal_d1w_C0_DEFAULT_N4096_q8_rep3,2,4,2,sm_89,D1W_WAITSTREAM_OVERLAP,NVSHMEM,C0_DEFAULT,2048,4096,2048,8,7,2097152,43,0,5422.080,7479.136,8456.032,976.896,PASS,0
PHASEB_formal_d1w_C0_DEFAULT_N4096_q8_rep3,2,4,2,sm_89,D1W_WAITSTREAM_OVERLAP,NVSHMEM,C0_DEFAULT,2048,4096,2048,8,0,2097152,44,0,182.176,193.856,1251.200,1057.344,PASS,0
PHASEB_formal_d1w_C0_DEFAULT_N4096_q8_rep3,2,4,2,sm_89,D1W_WAITSTREAM_OVERLAP,NVSHMEM,C0_DEFAULT,2048,4096,2048,8,1,2097152,44,0,1178.496,1279.200,2273.120,993.920,PASS,0
PHASEB_formal_d1w_C0_DEFAULT_N4096_q8_rep3,2,4,2,sm_89,D1W_WAITSTREAM_OVERLAP,NVSHMEM,C0_DEFAULT,2048,4096,2048,8,2,2097152,44,0,2089.536,2308.768,3365.344,1056.576,PASS,0
PHASEB_formal_d1w_C0_DEFAULT_N4096_q8_rep3,2,4,2,sm_89,D1W_WAITSTREAM_OVERLAP,NVSHMEM,C0_DEFAULT,2048,4096,2048,8,3,2097152,44,0,2290.048,3390.272,4444.928,1054.656,PASS,0
PHASEB_formal_d1w_C0_DEFAULT_N4096_q8_rep3,2,4,2,sm_89,D1W_WAITSTREAM_OVERLAP,NVSHMEM,C0_DEFAULT,2048,4096,2048,8,4,2097152,44,0,3316.128,4468.512,5519.360,1050.848,PASS,0
PHASEB_formal_d1w_C0_DEFAULT_N4096_q8_rep3,2,4,2,sm_89,D1W_WAITSTREAM_OVERLAP,NVSHMEM,C0_DEFAULT,2048,4096,2048,8,5,2097152,44,0,4378.784,5536.608,6513.984,977.376,PASS,0
PHASEB_formal_d1w_C0_DEFAULT_N4096_q8_rep3,2,4,2,sm_89,D1W_WAITSTREAM_OVERLAP,NVSHMEM,C0_DEFAULT,2048,4096,2048,8,6,2097152,44,0,5364.768,6531.776,7509.568,977.792,PASS,0
PHASEB_formal_d1w_C0_DEFAULT_N4096_q8_rep3,2,4,2,sm_89,D1W_WAITSTREAM_OVERLAP,NVSHMEM,C0_DEFAULT,2048,4096,2048,8,7,2097152,44,0,5447.392,7527.168,8504.863,977.696,PASS,0
PHASEB_formal_d1w_C0_DEFAULT_N4096_q8_rep3,2,4,2,sm_89,D1W_WAITSTREAM_OVERLAP,NVSHMEM,C0_DEFAULT,2048,4096,2048,8,0,2097152,45,0,209.568,218.304,1274.048,1055.744,PASS,0
PHASEB_formal_d1w_C0_DEFAULT_N4096_q8_rep3,2,4,2,sm_89,D1W_WAITSTREAM_OVERLAP,NVSHMEM,C0_DEFAULT,2048,4096,2048,8,1,2097152,45,0,1197.536,1302.624,2286.432,983.808,PASS,0
PHASEB_formal_d1w_C0_DEFAULT_N4096_q8_rep3,2,4,2,sm_89,D1W_WAITSTREAM_OVERLAP,NVSHMEM,C0_DEFAULT,2048,4096,2048,8,2,2097152,45,0,2177.120,2317.888,3376.448,1058.560,PASS,0
PHASEB_formal_d1w_C0_DEFAULT_N4096_q8_rep3,2,4,2,sm_89,D1W_WAITSTREAM_OVERLAP,NVSHMEM,C0_DEFAULT,2048,4096,2048,8,3,2097152,45,0,2309.280,3398.720,4397.504,998.784,PASS,0
PHASEB_formal_d1w_C0_DEFAULT_N4096_q8_rep3,2,4,2,sm_89,D1W_WAITSTREAM_OVERLAP,NVSHMEM,C0_DEFAULT,2048,4096,2048,8,4,2097152,45,0,3305.728,4434.720,5487.808,1053.088,PASS,0
PHASEB_formal_d1w_C0_DEFAULT_N4096_q8_rep3,2,4,2,sm_89,D1W_WAITSTREAM_OVERLAP,NVSHMEM,C0_DEFAULT,2048,4096,2048,8,5,2097152,45,0,4234.528,5505.536,6483.072,977.536,PASS,0
PHASEB_formal_d1w_C0_DEFAULT_N4096_q8_rep3,2,4,2,sm_89,D1W_WAITSTREAM_OVERLAP,NVSHMEM,C0_DEFAULT,2048,4096,2048,8,6,2097152,45,0,4420.800,6500.608,7478.912,978.304,PASS,0
PHASEB_formal_d1w_C0_DEFAULT_N4096_q8_rep3,2,4,2,sm_89,D1W_WAITSTREAM_OVERLAP,NVSHMEM,C0_DEFAULT,2048,4096,2048,8,7,2097152,45,0,5439.936,7496.800,8474.177,977.376,PASS,0
PHASEB_formal_d1w_C0_DEFAULT_N4096_q8_rep3,2,4,2,sm_89,D1W_WAITSTREAM_OVERLAP,NVSHMEM,C0_DEFAULT,2048,4096,2048,8,0,2097152,46,0,179.328,189.792,1245.728,1055.936,PASS,0
PHASEB_formal_d1w_C0_DEFAULT_N4096_q8_rep3,2,4,2,sm_89,D1W_WAITSTREAM_OVERLAP,NVSHMEM,C0_DEFAULT,2048,4096,2048,8,1,2097152,46,0,1204.320,1282.336,2266.816,984.480,PASS,0
PHASEB_formal_d1w_C0_DEFAULT_N4096_q8_rep3,2,4,2,sm_89,D1W_WAITSTREAM_OVERLAP,NVSHMEM,C0_DEFAULT,2048,4096,2048,8,2,2097152,46,0,2108.384,2293.216,3349.184,1055.968,PASS,0
PHASEB_formal_d1w_C0_DEFAULT_N4096_q8_rep3,2,4,2,sm_89,D1W_WAITSTREAM_OVERLAP,NVSHMEM,C0_DEFAULT,2048,4096,2048,8,3,2097152,46,0,2235.616,3374.656,4357.856,983.200,PASS,0
PHASEB_formal_d1w_C0_DEFAULT_N4096_q8_rep3,2,4,2,sm_89,D1W_WAITSTREAM_OVERLAP,NVSHMEM,C0_DEFAULT,2048,4096,2048,8,4,2097152,46,0,3201.120,4389.184,5371.008,981.824,PASS,0
PHASEB_formal_d1w_C0_DEFAULT_N4096_q8_rep3,2,4,2,sm_89,D1W_WAITSTREAM_OVERLAP,NVSHMEM,C0_DEFAULT,2048,4096,2048,8,5,2097152,46,0,3457.120,5399.840,6381.088,981.248,PASS,0
PHASEB_formal_d1w_C0_DEFAULT_N4096_q8_rep3,2,4,2,sm_89,D1W_WAITSTREAM_OVERLAP,NVSHMEM,C0_DEFAULT,2048,4096,2048,8,6,2097152,46,0,4467.392,6404.576,7387.232,982.656,PASS,0
PHASEB_formal_d1w_C0_DEFAULT_N4096_q8_rep3,2,4,2,sm_89,D1W_WAITSTREAM_OVERLAP,NVSHMEM,C0_DEFAULT,2048,4096,2048,8,7,2097152,46,0,5262.368,7404.768,8381.952,977.184,PASS,0
PHASEB_formal_d1w_C0_DEFAULT_N4096_q8_rep3,2,4,2,sm_89,D1W_WAITSTREAM_OVERLAP,NVSHMEM,C0_DEFAULT,2048,4096,2048,8,0,2097152,47,0,210.976,219.520,1277.760,1058.240,PASS,0
PHASEB_formal_d1w_C0_DEFAULT_N4096_q8_rep3,2,4,2,sm_89,D1W_WAITSTREAM_OVERLAP,NVSHMEM,C0_DEFAULT,2048,4096,2048,8,1,2097152,47,0,1300.864,1306.528,2371.168,1064.640,PASS,0
PHASEB_formal_d1w_C0_DEFAULT_N4096_q8_rep3,2,4,2,sm_89,D1W_WAITSTREAM_OVERLAP,NVSHMEM,C0_DEFAULT,2048,4096,2048,8,2,2097152,47,0,2349.120,2399.072,3393.600,994.528,PASS,0
PHASEB_formal_d1w_C0_DEFAULT_N4096_q8_rep3,2,4,2,sm_89,D1W_WAITSTREAM_OVERLAP,NVSHMEM,C0_DEFAULT,2048,4096,2048,8,3,2097152,47,0,2480.512,3418.400,4403.040,984.640,PASS,0
PHASEB_formal_d1w_C0_DEFAULT_N4096_q8_rep3,2,4,2,sm_89,D1W_WAITSTREAM_OVERLAP,NVSHMEM,C0_DEFAULT,2048,4096,2048,8,4,2097152,47,0,3437.056,4439.744,5417.984,978.240,PASS,0
PHASEB_formal_d1w_C0_DEFAULT_N4096_q8_rep3,2,4,2,sm_89,D1W_WAITSTREAM_OVERLAP,NVSHMEM,C0_DEFAULT,2048,4096,2048,8,5,2097152,47,0,4304.416,5435.424,6412.768,977.344,PASS,0
PHASEB_formal_d1w_C0_DEFAULT_N4096_q8_rep3,2,4,2,sm_89,D1W_WAITSTREAM_OVERLAP,NVSHMEM,C0_DEFAULT,2048,4096,2048,8,6,2097152,47,0,4528.256,6430.048,7408.512,978.464,PASS,0
PHASEB_formal_d1w_C0_DEFAULT_N4096_q8_rep3,2,4,2,sm_89,D1W_WAITSTREAM_OVERLAP,NVSHMEM,C0_DEFAULT,2048,4096,2048,8,7,2097152,47,0,5265.504,7426.016,8403.200,977.184,PASS,0
PHASEB_formal_d1w_C0_DEFAULT_N4096_q8_rep3,2,4,2,sm_89,D1W_WAITSTREAM_OVERLAP,NVSHMEM,C0_DEFAULT,2048,4096,2048,8,0,2097152,48,0,213.184,221.792,1277.152,1055.360,PASS,0
PHASEB_formal_d1w_C0_DEFAULT_N4096_q8_rep3,2,4,2,sm_89,D1W_WAITSTREAM_OVERLAP,NVSHMEM,C0_DEFAULT,2048,4096,2048,8,1,2097152,48,0,1208.576,1299.520,2288.768,989.248,PASS,0
PHASEB_formal_d1w_C0_DEFAULT_N4096_q8_rep3,2,4,2,sm_89,D1W_WAITSTREAM_OVERLAP,NVSHMEM,C0_DEFAULT,2048,4096,2048,8,2,2097152,48,0,2109.856,2321.536,3308.064,986.528,PASS,0
PHASEB_formal_d1w_C0_DEFAULT_N4096_q8_rep3,2,4,2,sm_89,D1W_WAITSTREAM_OVERLAP,NVSHMEM,C0_DEFAULT,2048,4096,2048,8,3,2097152,48,0,2330.208,3339.328,4325.472,986.144,PASS,0
PHASEB_formal_d1w_C0_DEFAULT_N4096_q8_rep3,2,4,2,sm_89,D1W_WAITSTREAM_OVERLAP,NVSHMEM,C0_DEFAULT,2048,4096,2048,8,4,2097152,48,0,3349.888,4345.760,5324.800,979.040,PASS,0
PHASEB_formal_d1w_C0_DEFAULT_N4096_q8_rep3,2,4,2,sm_89,D1W_WAITSTREAM_OVERLAP,NVSHMEM,C0_DEFAULT,2048,4096,2048,8,5,2097152,48,0,4197.664,5342.528,6320.448,977.920,PASS,0
PHASEB_formal_d1w_C0_DEFAULT_N4096_q8_rep3,2,4,2,sm_89,D1W_WAITSTREAM_OVERLAP,NVSHMEM,C0_DEFAULT,2048,4096,2048,8,6,2097152,48,0,5150.656,6337.984,7316.224,978.240,PASS,0
PHASEB_formal_d1w_C0_DEFAULT_N4096_q8_rep3,2,4,2,sm_89,D1W_WAITSTREAM_OVERLAP,NVSHMEM,C0_DEFAULT,2048,4096,2048,8,7,2097152,48,0,5232.096,7333.536,8311.040,977.504,PASS,0
PHASEB_formal_d1w_C0_DEFAULT_N4096_q8_rep3,2,4,2,sm_89,D1W_WAITSTREAM_OVERLAP,NVSHMEM,C0_DEFAULT,2048,4096,2048,8,0,2097152,49,0,177.280,190.944,1248.096,1057.152,PASS,0
PHASEB_formal_d1w_C0_DEFAULT_N4096_q8_rep3,2,4,2,sm_89,D1W_WAITSTREAM_OVERLAP,NVSHMEM,C0_DEFAULT,2048,4096,2048,8,1,2097152,49,0,1185.280,1273.920,2286.112,1012.192,PASS,0
PHASEB_formal_d1w_C0_DEFAULT_N4096_q8_rep3,2,4,2,sm_89,D1W_WAITSTREAM_OVERLAP,NVSHMEM,C0_DEFAULT,2048,4096,2048,8,2,2097152,49,0,2105.248,2311.808,3369.792,1057.984,PASS,0
PHASEB_formal_d1w_C0_DEFAULT_N4096_q8_rep3,2,4,2,sm_89,D1W_WAITSTREAM_OVERLAP,NVSHMEM,C0_DEFAULT,2048,4096,2048,8,3,2097152,49,0,2236.352,3395.968,4453.984,1058.016,PASS,0
PHASEB_formal_d1w_C0_DEFAULT_N4096_q8_rep3,2,4,2,sm_89,D1W_WAITSTREAM_OVERLAP,NVSHMEM,C0_DEFAULT,2048,4096,2048,8,4,2097152,49,0,3318.048,4479.552,5533.568,1054.016,PASS,0
PHASEB_formal_d1w_C0_DEFAULT_N4096_q8_rep3,2,4,2,sm_89,D1W_WAITSTREAM_OVERLAP,NVSHMEM,C0_DEFAULT,2048,4096,2048,8,5,2097152,49,0,4413.248,5556.544,6605.760,1049.216,PASS,0
PHASEB_formal_d1w_C0_DEFAULT_N4096_q8_rep3,2,4,2,sm_89,D1W_WAITSTREAM_OVERLAP,NVSHMEM,C0_DEFAULT,2048,4096,2048,8,6,2097152,49,0,5452.576,6623.584,7602.464,978.880,PASS,0
PHASEB_formal_d1w_C0_DEFAULT_N4096_q8_rep3,2,4,2,sm_89,D1W_WAITSTREAM_OVERLAP,NVSHMEM,C0_DEFAULT,2048,4096,2048,8,7,2097152,49,0,6442.208,7619.968,8597.376,977.408,PASS,0
PHASEB_formal_d1w_C0_DEFAULT_N4096_q8_rep3,2,4,2,sm_89,D1W_WAITSTREAM_OVERLAP,NVSHMEM,C0_DEFAULT,2048,4096,2048,8,0,2097152,50,0,207.296,218.496,1273.728,1055.232,PASS,0
PHASEB_formal_d1w_C0_DEFAULT_N4096_q8_rep3,2,4,2,sm_89,D1W_WAITSTREAM_OVERLAP,NVSHMEM,C0_DEFAULT,2048,4096,2048,8,1,2097152,50,0,1225.888,1296.128,2287.584,991.456,PASS,0
PHASEB_formal_d1w_C0_DEFAULT_N4096_q8_rep3,2,4,2,sm_89,D1W_WAITSTREAM_OVERLAP,NVSHMEM,C0_DEFAULT,2048,4096,2048,8,2,2097152,50,0,2114.912,2315.360,3374.656,1059.296,PASS,0
PHASEB_formal_d1w_C0_DEFAULT_N4096_q8_rep3,2,4,2,sm_89,D1W_WAITSTREAM_OVERLAP,NVSHMEM,C0_DEFAULT,2048,4096,2048,8,3,2097152,50,0,2300.032,3401.248,4465.984,1064.736,PASS,0
PHASEB_formal_d1w_C0_DEFAULT_N4096_q8_rep3,2,4,2,sm_89,D1W_WAITSTREAM_OVERLAP,NVSHMEM,C0_DEFAULT,2048,4096,2048,8,4,2097152,50,0,3302.688,4490.016,5540.256,1050.240,PASS,0
PHASEB_formal_d1w_C0_DEFAULT_N4096_q8_rep3,2,4,2,sm_89,D1W_WAITSTREAM_OVERLAP,NVSHMEM,C0_DEFAULT,2048,4096,2048,8,5,2097152,50,0,4322.176,5557.728,6535.328,977.600,PASS,0
PHASEB_formal_d1w_C0_DEFAULT_N4096_q8_rep3,2,4,2,sm_89,D1W_WAITSTREAM_OVERLAP,NVSHMEM,C0_DEFAULT,2048,4096,2048,8,6,2097152,50,0,4402.464,6552.768,7530.208,977.440,PASS,0
PHASEB_formal_d1w_C0_DEFAULT_N4096_q8_rep3,2,4,2,sm_89,D1W_WAITSTREAM_OVERLAP,NVSHMEM,C0_DEFAULT,2048,4096,2048,8,7,2097152,50,0,5382.272,7547.712,8525.152,977.440,PASS,0
PHASEB_formal_d1w_C0_DEFAULT_N4096_q8_rep3,2,4,2,sm_89,D1W_WAITSTREAM_OVERLAP,NVSHMEM,C0_DEFAULT,2048,4096,2048,8,0,2097152,51,0,204.480,212.896,1268.000,1055.104,PASS,0
PHASEB_formal_d1w_C0_DEFAULT_N4096_q8_rep3,2,4,2,sm_89,D1W_WAITSTREAM_OVERLAP,NVSHMEM,C0_DEFAULT,2048,4096,2048,8,1,2097152,51,0,1251.392,1294.464,2287.744,993.280,PASS,0
PHASEB_formal_d1w_C0_DEFAULT_N4096_q8_rep3,2,4,2,sm_89,D1W_WAITSTREAM_OVERLAP,NVSHMEM,C0_DEFAULT,2048,4096,2048,8,2,2097152,51,0,2140.928,2313.856,3299.840,985.984,PASS,0
PHASEB_formal_d1w_C0_DEFAULT_N4096_q8_rep3,2,4,2,sm_89,D1W_WAITSTREAM_OVERLAP,NVSHMEM,C0_DEFAULT,2048,4096,2048,8,3,2097152,51,0,2320.864,3327.680,4315.232,987.552,PASS,0
PHASEB_formal_d1w_C0_DEFAULT_N4096_q8_rep3,2,4,2,sm_89,D1W_WAITSTREAM_OVERLAP,NVSHMEM,C0_DEFAULT,2048,4096,2048,8,4,2097152,51,0,3345.632,4337.504,5390.048,1052.544,PASS,0
PHASEB_formal_d1w_C0_DEFAULT_N4096_q8_rep3,2,4,2,sm_89,D1W_WAITSTREAM_OVERLAP,NVSHMEM,C0_DEFAULT,2048,4096,2048,8,5,2097152,51,0,4270.176,5413.024,6462.400,1049.376,PASS,0
PHASEB_formal_d1w_C0_DEFAULT_N4096_q8_rep3,2,4,2,sm_89,D1W_WAITSTREAM_OVERLAP,NVSHMEM,C0_DEFAULT,2048,4096,2048,8,6,2097152,51,0,5322.752,6479.744,7458.848,979.104,PASS,0
PHASEB_formal_d1w_C0_DEFAULT_N4096_q8_rep3,2,4,2,sm_89,D1W_WAITSTREAM_OVERLAP,NVSHMEM,C0_DEFAULT,2048,4096,2048,8,7,2097152,51,0,6312.416,7476.608,8454.336,977.728,PASS,0
PHASEB_formal_d1w_C0_DEFAULT_N4096_q8_rep3,2,4,2,sm_89,D1W_WAITSTREAM_OVERLAP,NVSHMEM,C0_DEFAULT,2048,4096,2048,8,0,2097152,52,0,207.360,215.968,1272.928,1056.960,PASS,0
PHASEB_formal_d1w_C0_DEFAULT_N4096_q8_rep3,2,4,2,sm_89,D1W_WAITSTREAM_OVERLAP,NVSHMEM,C0_DEFAULT,2048,4096,2048,8,1,2097152,52,0,1254.240,1301.280,2296.640,995.360,PASS,0
PHASEB_formal_d1w_C0_DEFAULT_N4096_q8_rep3,2,4,2,sm_89,D1W_WAITSTREAM_OVERLAP,NVSHMEM,C0_DEFAULT,2048,4096,2048,8,2,2097152,52,0,2148.512,2323.456,3381.728,1058.272,PASS,0
PHASEB_formal_d1w_C0_DEFAULT_N4096_q8_rep3,2,4,2,sm_89,D1W_WAITSTREAM_OVERLAP,NVSHMEM,C0_DEFAULT,2048,4096,2048,8,3,2097152,52,0,2289.216,3415.040,4404.576,989.536,PASS,0
PHASEB_formal_d1w_C0_DEFAULT_N4096_q8_rep3,2,4,2,sm_89,D1W_WAITSTREAM_OVERLAP,NVSHMEM,C0_DEFAULT,2048,4096,2048,8,4,2097152,52,0,3298.720,4434.080,5484.384,1050.304,PASS,0
PHASEB_formal_d1w_C0_DEFAULT_N4096_q8_rep3,2,4,2,sm_89,D1W_WAITSTREAM_OVERLAP,NVSHMEM,C0_DEFAULT,2048,4096,2048,8,5,2097152,52,0,4234.816,5502.368,6480.416,978.048,PASS,0
PHASEB_formal_d1w_C0_DEFAULT_N4096_q8_rep3,2,4,2,sm_89,D1W_WAITSTREAM_OVERLAP,NVSHMEM,C0_DEFAULT,2048,4096,2048,8,6,2097152,52,0,4363.136,6497.952,7475.328,977.376,PASS,0
PHASEB_formal_d1w_C0_DEFAULT_N4096_q8_rep3,2,4,2,sm_89,D1W_WAITSTREAM_OVERLAP,NVSHMEM,C0_DEFAULT,2048,4096,2048,8,7,2097152,52,0,5379.328,7492.672,8470.464,977.792,PASS,0
PHASEB_formal_d1w_C0_DEFAULT_N4096_q8_rep3,2,4,2,sm_89,D1W_WAITSTREAM_OVERLAP,NVSHMEM,C0_DEFAULT,2048,4096,2048,8,0,2097152,53,0,184.512,193.280,1251.808,1058.528,PASS,0
PHASEB_formal_d1w_C0_DEFAULT_N4096_q8_rep3,2,4,2,sm_89,D1W_WAITSTREAM_OVERLAP,NVSHMEM,C0_DEFAULT,2048,4096,2048,8,1,2097152,53,0,1244.224,1280.288,2272.736,992.448,PASS,0
PHASEB_formal_d1w_C0_DEFAULT_N4096_q8_rep3,2,4,2,sm_89,D1W_WAITSTREAM_OVERLAP,NVSHMEM,C0_DEFAULT,2048,4096,2048,8,2,2097152,53,0,2103.328,2312.032,3301.472,989.440,PASS,0
PHASEB_formal_d1w_C0_DEFAULT_N4096_q8_rep3,2,4,2,sm_89,D1W_WAITSTREAM_OVERLAP,NVSHMEM,C0_DEFAULT,2048,4096,2048,8,3,2097152,53,0,2320.288,3330.464,4317.440,986.976,PASS,0
PHASEB_formal_d1w_C0_DEFAULT_N4096_q8_rep3,2,4,2,sm_89,D1W_WAITSTREAM_OVERLAP,NVSHMEM,C0_DEFAULT,2048,4096,2048,8,4,2097152,53,0,3315.488,4344.576,5328.288,983.712,PASS,0
PHASEB_formal_d1w_C0_DEFAULT_N4096_q8_rep3,2,4,2,sm_89,D1W_WAITSTREAM_OVERLAP,NVSHMEM,C0_DEFAULT,2048,4096,2048,8,5,2097152,53,0,4146.848,5354.368,6334.016,979.648,PASS,0
PHASEB_formal_d1w_C0_DEFAULT_N4096_q8_rep3,2,4,2,sm_89,D1W_WAITSTREAM_OVERLAP,NVSHMEM,C0_DEFAULT,2048,4096,2048,8,6,2097152,53,0,4363.296,6351.648,7330.368,978.720,PASS,0
PHASEB_formal_d1w_C0_DEFAULT_N4096_q8_rep3,2,4,2,sm_89,D1W_WAITSTREAM_OVERLAP,NVSHMEM,C0_DEFAULT,2048,4096,2048,8,7,2097152,53,0,6158.816,7348.384,8325.920,977.536,PASS,0
PHASEB_formal_d1w_C0_DEFAULT_N4096_q8_rep3,2,4,2,sm_89,D1W_WAITSTREAM_OVERLAP,NVSHMEM,C0_DEFAULT,2048,4096,2048,8,0,2097152,54,0,193.504,201.536,1257.088,1055.552,PASS,0
PHASEB_formal_d1w_C0_DEFAULT_N4096_q8_rep3,2,4,2,sm_89,D1W_WAITSTREAM_OVERLAP,NVSHMEM,C0_DEFAULT,2048,4096,2048,8,1,2097152,54,0,1185.280,1287.776,2277.472,989.696,PASS,0
PHASEB_formal_d1w_C0_DEFAULT_N4096_q8_rep3,2,4,2,sm_89,D1W_WAITSTREAM_OVERLAP,NVSHMEM,C0_DEFAULT,2048,4096,2048,8,2,2097152,54,0,2094.176,2308.512,3297.216,988.704,PASS,0
PHASEB_formal_d1w_C0_DEFAULT_N4096_q8_rep3,2,4,2,sm_89,D1W_WAITSTREAM_OVERLAP,NVSHMEM,C0_DEFAULT,2048,4096,2048,8,3,2097152,54,0,2230.656,3342.240,4331.328,989.088,PASS,0
PHASEB_formal_d1w_C0_DEFAULT_N4096_q8_rep3,2,4,2,sm_89,D1W_WAITSTREAM_OVERLAP,NVSHMEM,C0_DEFAULT,2048,4096,2048,8,4,2097152,54,0,3123.392,4355.360,5334.560,979.200,PASS,0
PHASEB_formal_d1w_C0_DEFAULT_N4096_q8_rep3,2,4,2,sm_89,D1W_WAITSTREAM_OVERLAP,NVSHMEM,C0_DEFAULT,2048,4096,2048,8,5,2097152,54,0,3235.232,5352.768,6331.264,978.496,PASS,0
PHASEB_formal_d1w_C0_DEFAULT_N4096_q8_rep3,2,4,2,sm_89,D1W_WAITSTREAM_OVERLAP,NVSHMEM,C0_DEFAULT,2048,4096,2048,8,6,2097152,54,0,4155.584,6348.768,7325.856,977.088,PASS,0
PHASEB_formal_d1w_C0_DEFAULT_N4096_q8_rep3,2,4,2,sm_89,D1W_WAITSTREAM_OVERLAP,NVSHMEM,C0_DEFAULT,2048,4096,2048,8,7,2097152,54,0,4364.544,7343.424,8320.800,977.376,PASS,0
PHASEB_formal_d1w_C0_DEFAULT_N4096_q8_rep3,2,4,2,sm_89,D1W_WAITSTREAM_OVERLAP,NVSHMEM,C0_DEFAULT,2048,4096,2048,8,0,2097152,55,0,188.576,197.056,1254.656,1057.600,PASS,0
PHASEB_formal_d1w_C0_DEFAULT_N4096_q8_rep3,2,4,2,sm_89,D1W_WAITSTREAM_OVERLAP,NVSHMEM,C0_DEFAULT,2048,4096,2048,8,1,2097152,55,0,1233.056,1278.880,2335.104,1056.224,PASS,0
PHASEB_formal_d1w_C0_DEFAULT_N4096_q8_rep3,2,4,2,sm_89,D1W_WAITSTREAM_OVERLAP,NVSHMEM,C0_DEFAULT,2048,4096,2048,8,2,2097152,55,0,2248.096,2364.384,3361.984,997.600,PASS,0
PHASEB_formal_d1w_C0_DEFAULT_N4096_q8_rep3,2,4,2,sm_89,D1W_WAITSTREAM_OVERLAP,NVSHMEM,C0_DEFAULT,2048,4096,2048,8,3,2097152,55,0,3207.360,3391.936,4449.696,1057.760,PASS,0
PHASEB_formal_d1w_C0_DEFAULT_N4096_q8_rep3,2,4,2,sm_89,D1W_WAITSTREAM_OVERLAP,NVSHMEM,C0_DEFAULT,2048,4096,2048,8,4,2097152,55,0,3374.304,4470.624,5519.072,1048.448,PASS,0
PHASEB_formal_d1w_C0_DEFAULT_N4096_q8_rep3,2,4,2,sm_89,D1W_WAITSTREAM_OVERLAP,NVSHMEM,C0_DEFAULT,2048,4096,2048,8,5,2097152,55,0,4274.688,5536.576,6514.176,977.600,PASS,0
PHASEB_formal_d1w_C0_DEFAULT_N4096_q8_rep3,2,4,2,sm_89,D1W_WAITSTREAM_OVERLAP,NVSHMEM,C0_DEFAULT,2048,4096,2048,8,6,2097152,55,0,4340.896,6531.520,7510.016,978.496,PASS,0
PHASEB_formal_d1w_C0_DEFAULT_N4096_q8_rep3,2,4,2,sm_89,D1W_WAITSTREAM_OVERLAP,NVSHMEM,C0_DEFAULT,2048,4096,2048,8,7,2097152,55,0,5372.512,7527.552,8504.736,977.184,PASS,0
PHASEB_formal_d1w_C0_DEFAULT_N4096_q8_rep3,2,4,2,sm_89,D1W_WAITSTREAM_OVERLAP,NVSHMEM,C0_DEFAULT,2048,4096,2048,8,0,2097152,56,0,196.128,204.448,1262.464,1058.016,PASS,0
PHASEB_formal_d1w_C0_DEFAULT_N4096_q8_rep3,2,4,2,sm_89,D1W_WAITSTREAM_OVERLAP,NVSHMEM,C0_DEFAULT,2048,4096,2048,8,1,2097152,56,0,1216.128,1292.064,2302.912,1010.848,PASS,0
PHASEB_formal_d1w_C0_DEFAULT_N4096_q8_rep3,2,4,2,sm_89,D1W_WAITSTREAM_OVERLAP,NVSHMEM,C0_DEFAULT,2048,4096,2048,8,2,2097152,56,0,2124.576,2348.128,3405.984,1057.856,PASS,0
PHASEB_formal_d1w_C0_DEFAULT_N4096_q8_rep3,2,4,2,sm_89,D1W_WAITSTREAM_OVERLAP,NVSHMEM,C0_DEFAULT,2048,4096,2048,8,3,2097152,56,0,2330.240,3431.712,4487.392,1055.680,PASS,0
PHASEB_formal_d1w_C0_DEFAULT_N4096_q8_rep3,2,4,2,sm_89,D1W_WAITSTREAM_OVERLAP,NVSHMEM,C0_DEFAULT,2048,4096,2048,8,4,2097152,56,0,3244.192,4513.056,5495.040,981.984,PASS,0
PHASEB_formal_d1w_C0_DEFAULT_N4096_q8_rep3,2,4,2,sm_89,D1W_WAITSTREAM_OVERLAP,NVSHMEM,C0_DEFAULT,2048,4096,2048,8,5,2097152,56,0,3377.600,5512.544,6490.400,977.856,PASS,0
PHASEB_formal_d1w_C0_DEFAULT_N4096_q8_rep3,2,4,2,sm_89,D1W_WAITSTREAM_OVERLAP,NVSHMEM,C0_DEFAULT,2048,4096,2048,8,6,2097152,56,0,4323.520,6508.064,7485.824,977.760,PASS,0
PHASEB_formal_d1w_C0_DEFAULT_N4096_q8_rep3,2,4,2,sm_89,D1W_WAITSTREAM_OVERLAP,NVSHMEM,C0_DEFAULT,2048,4096,2048,8,7,2097152,56,0,5323.520,7503.136,8480.064,976.928,PASS,0
PHASEB_formal_d1w_C0_DEFAULT_N4096_q8_rep3,2,4,2,sm_89,D1W_WAITSTREAM_OVERLAP,NVSHMEM,C0_DEFAULT,2048,4096,2048,8,0,2097152,57,0,214.048,224.992,1285.696,1060.704,PASS,0
PHASEB_formal_d1w_C0_DEFAULT_N4096_q8_rep3,2,4,2,sm_89,D1W_WAITSTREAM_OVERLAP,NVSHMEM,C0_DEFAULT,2048,4096,2048,8,1,2097152,57,0,1214.080,1317.408,2308.064,990.656,PASS,0
PHASEB_formal_d1w_C0_DEFAULT_N4096_q8_rep3,2,4,2,sm_89,D1W_WAITSTREAM_OVERLAP,NVSHMEM,C0_DEFAULT,2048,4096,2048,8,2,2097152,57,0,2131.136,2338.912,3416.544,1077.632,PASS,0
PHASEB_formal_d1w_C0_DEFAULT_N4096_q8_rep3,2,4,2,sm_89,D1W_WAITSTREAM_OVERLAP,NVSHMEM,C0_DEFAULT,2048,4096,2048,8,3,2097152,57,0,2265.216,3443.360,4500.896,1057.536,PASS,0
PHASEB_formal_d1w_C0_DEFAULT_N4096_q8_rep3,2,4,2,sm_89,D1W_WAITSTREAM_OVERLAP,NVSHMEM,C0_DEFAULT,2048,4096,2048,8,4,2097152,57,0,3323.296,4523.232,5572.608,1049.376,PASS,0
PHASEB_formal_d1w_C0_DEFAULT_N4096_q8_rep3,2,4,2,sm_89,D1W_WAITSTREAM_OVERLAP,NVSHMEM,C0_DEFAULT,2048,4096,2048,8,5,2097152,57,0,4371.232,5590.112,6567.776,977.664,PASS,0
PHASEB_formal_d1w_C0_DEFAULT_N4096_q8_rep3,2,4,2,sm_89,D1W_WAITSTREAM_OVERLAP,NVSHMEM,C0_DEFAULT,2048,4096,2048,8,6,2097152,57,0,5425.952,6585.344,7563.776,978.432,PASS,0
PHASEB_formal_d1w_C0_DEFAULT_N4096_q8_rep3,2,4,2,sm_89,D1W_WAITSTREAM_OVERLAP,NVSHMEM,C0_DEFAULT,2048,4096,2048,8,7,2097152,57,0,5445.440,7581.632,8559.071,977.440,PASS,0
PHASEB_formal_d1w_C0_DEFAULT_N4096_q8_rep3,2,4,2,sm_89,D1W_WAITSTREAM_OVERLAP,NVSHMEM,C0_DEFAULT,2048,4096,2048,8,0,2097152,58,0,194.272,205.952,1264.384,1058.432,PASS,0
PHASEB_formal_d1w_C0_DEFAULT_N4096_q8_rep3,2,4,2,sm_89,D1W_WAITSTREAM_OVERLAP,NVSHMEM,C0_DEFAULT,2048,4096,2048,8,1,2097152,58,0,1214.912,1288.416,2277.568,989.152,PASS,0
PHASEB_formal_d1w_C0_DEFAULT_N4096_q8_rep3,2,4,2,sm_89,D1W_WAITSTREAM_OVERLAP,NVSHMEM,C0_DEFAULT,2048,4096,2048,8,2,2097152,58,0,2111.840,2307.424,3382.624,1075.200,PASS,0
PHASEB_formal_d1w_C0_DEFAULT_N4096_q8_rep3,2,4,2,sm_89,D1W_WAITSTREAM_OVERLAP,NVSHMEM,C0_DEFAULT,2048,4096,2048,8,3,2097152,58,0,2292.960,3405.888,4460.384,1054.496,PASS,0
PHASEB_formal_d1w_C0_DEFAULT_N4096_q8_rep3,2,4,2,sm_89,D1W_WAITSTREAM_OVERLAP,NVSHMEM,C0_DEFAULT,2048,4096,2048,8,4,2097152,58,0,3331.296,4482.816,5540.000,1057.184,PASS,0
PHASEB_formal_d1w_C0_DEFAULT_N4096_q8_rep3,2,4,2,sm_89,D1W_WAITSTREAM_OVERLAP,NVSHMEM,C0_DEFAULT,2048,4096,2048,8,5,2097152,58,0,4407.936,5561.568,6610.816,1049.248,PASS,0
PHASEB_formal_d1w_C0_DEFAULT_N4096_q8_rep3,2,4,2,sm_89,D1W_WAITSTREAM_OVERLAP,NVSHMEM,C0_DEFAULT,2048,4096,2048,8,6,2097152,58,0,5503.616,6628.352,7605.632,977.280,PASS,0
PHASEB_formal_d1w_C0_DEFAULT_N4096_q8_rep3,2,4,2,sm_89,D1W_WAITSTREAM_OVERLAP,NVSHMEM,C0_DEFAULT,2048,4096,2048,8,7,2097152,58,0,6555.392,7623.232,8601.376,978.144,PASS,0
PHASEB_formal_d1w_C0_DEFAULT_N4096_q8_rep3,2,4,2,sm_89,D1W_WAITSTREAM_OVERLAP,NVSHMEM,C0_DEFAULT,2048,4096,2048,8,0,2097152,59,0,190.976,201.824,1256.320,1054.496,PASS,0
PHASEB_formal_d1w_C0_DEFAULT_N4096_q8_rep3,2,4,2,sm_89,D1W_WAITSTREAM_OVERLAP,NVSHMEM,C0_DEFAULT,2048,4096,2048,8,1,2097152,59,0,1192.704,1282.208,2342.592,1060.384,PASS,0
PHASEB_formal_d1w_C0_DEFAULT_N4096_q8_rep3,2,4,2,sm_89,D1W_WAITSTREAM_OVERLAP,NVSHMEM,C0_DEFAULT,2048,4096,2048,8,2,2097152,59,0,2193.504,2375.072,3433.088,1058.016,PASS,0
PHASEB_formal_d1w_C0_DEFAULT_N4096_q8_rep3,2,4,2,sm_89,D1W_WAITSTREAM_OVERLAP,NVSHMEM,C0_DEFAULT,2048,4096,2048,8,3,2097152,59,0,2348.672,3465.344,4520.608,1055.264,PASS,0
PHASEB_formal_d1w_C0_DEFAULT_N4096_q8_rep3,2,4,2,sm_89,D1W_WAITSTREAM_OVERLAP,NVSHMEM,C0_DEFAULT,2048,4096,2048,8,4,2097152,59,0,3290.880,4542.816,5573.024,1030.208,PASS,0
PHASEB_formal_d1w_C0_DEFAULT_N4096_q8_rep3,2,4,2,sm_89,D1W_WAITSTREAM_OVERLAP,NVSHMEM,C0_DEFAULT,2048,4096,2048,8,5,2097152,59,0,4379.072,5590.560,6568.288,977.728,PASS,0
PHASEB_formal_d1w_C0_DEFAULT_N4096_q8_rep3,2,4,2,sm_89,D1W_WAITSTREAM_OVERLAP,NVSHMEM,C0_DEFAULT,2048,4096,2048,8,6,2097152,59,0,4418.528,6585.632,7563.488,977.856,PASS,0
PHASEB_formal_d1w_C0_DEFAULT_N4096_q8_rep3,2,4,2,sm_89,D1W_WAITSTREAM_OVERLAP,NVSHMEM,C0_DEFAULT,2048,4096,2048,8,7,2097152,59,0,5413.376,7580.864,8557.888,977.024,PASS,0
PHASEB_formal_d1w_C0_DEFAULT_N4096_q8_rep3,2,4,2,sm_89,D1W_WAITSTREAM_OVERLAP,NVSHMEM,C0_DEFAULT,2048,4096,2048,8,0,2097152,60,0,193.664,200.544,1256.544,1056.000,PASS,0
PHASEB_formal_d1w_C0_DEFAULT_N4096_q8_rep3,2,4,2,sm_89,D1W_WAITSTREAM_OVERLAP,NVSHMEM,C0_DEFAULT,2048,4096,2048,8,1,2097152,60,0,1189.728,1284.192,2273.152,988.960,PASS,0
PHASEB_formal_d1w_C0_DEFAULT_N4096_q8_rep3,2,4,2,sm_89,D1W_WAITSTREAM_OVERLAP,NVSHMEM,C0_DEFAULT,2048,4096,2048,8,2,2097152,60,0,2134.048,2303.936,3290.752,986.816,PASS,0
PHASEB_formal_d1w_C0_DEFAULT_N4096_q8_rep3,2,4,2,sm_89,D1W_WAITSTREAM_OVERLAP,NVSHMEM,C0_DEFAULT,2048,4096,2048,8,3,2097152,60,0,2230.592,3328.128,4390.944,1062.816,PASS,0
PHASEB_formal_d1w_C0_DEFAULT_N4096_q8_rep3,2,4,2,sm_89,D1W_WAITSTREAM_OVERLAP,NVSHMEM,C0_DEFAULT,2048,4096,2048,8,4,2097152,60,0,3157.920,4427.776,5480.096,1052.320,PASS,0
PHASEB_formal_d1w_C0_DEFAULT_N4096_q8_rep3,2,4,2,sm_89,D1W_WAITSTREAM_OVERLAP,NVSHMEM,C0_DEFAULT,2048,4096,2048,8,5,2097152,60,0,3316.800,5498.496,6476.224,977.728,PASS,0
PHASEB_formal_d1w_C0_DEFAULT_N4096_q8_rep3,2,4,2,sm_89,D1W_WAITSTREAM_OVERLAP,NVSHMEM,C0_DEFAULT,2048,4096,2048,8,6,2097152,60,0,4406.432,6493.792,7471.616,977.824,PASS,0
PHASEB_formal_d1w_C0_DEFAULT_N4096_q8_rep3,2,4,2,sm_89,D1W_WAITSTREAM_OVERLAP,NVSHMEM,C0_DEFAULT,2048,4096,2048,8,7,2097152,60,0,5436.960,7488.928,8466.304,977.376,PASS,0
PHASEB_formal_d1w_C0_DEFAULT_N4096_q8_rep3,2,4,2,sm_89,D1W_WAITSTREAM_OVERLAP,NVSHMEM,C0_DEFAULT,2048,4096,2048,8,0,2097152,61,0,176.800,187.808,1240.864,1053.056,PASS,0
PHASEB_formal_d1w_C0_DEFAULT_N4096_q8_rep3,2,4,2,sm_89,D1W_WAITSTREAM_OVERLAP,NVSHMEM,C0_DEFAULT,2048,4096,2048,8,1,2097152,61,0,1185.760,1271.168,2337.344,1066.176,PASS,0
PHASEB_formal_d1w_C0_DEFAULT_N4096_q8_rep3,2,4,2,sm_89,D1W_WAITSTREAM_OVERLAP,NVSHMEM,C0_DEFAULT,2048,4096,2048,8,2,2097152,61,0,2241.152,2363.200,3420.704,1057.504,PASS,0
PHASEB_formal_d1w_C0_DEFAULT_N4096_q8_rep3,2,4,2,sm_89,D1W_WAITSTREAM_OVERLAP,NVSHMEM,C0_DEFAULT,2048,4096,2048,8,3,2097152,61,0,3263.392,3448.768,4499.936,1051.168,PASS,0
PHASEB_formal_d1w_C0_DEFAULT_N4096_q8_rep3,2,4,2,sm_89,D1W_WAITSTREAM_OVERLAP,NVSHMEM,C0_DEFAULT,2048,4096,2048,8,4,2097152,61,0,3338.336,4520.704,5569.440,1048.736,PASS,0
PHASEB_formal_d1w_C0_DEFAULT_N4096_q8_rep3,2,4,2,sm_89,D1W_WAITSTREAM_OVERLAP,NVSHMEM,C0_DEFAULT,2048,4096,2048,8,5,2097152,61,0,4327.840,5587.072,6564.064,976.992,PASS,0
PHASEB_formal_d1w_C0_DEFAULT_N4096_q8_rep3,2,4,2,sm_89,D1W_WAITSTREAM_OVERLAP,NVSHMEM,C0_DEFAULT,2048,4096,2048,8,6,2097152,61,0,4392.800,6581.632,7559.968,978.336,PASS,0
PHASEB_formal_d1w_C0_DEFAULT_N4096_q8_rep3,2,4,2,sm_89,D1W_WAITSTREAM_OVERLAP,NVSHMEM,C0_DEFAULT,2048,4096,2048,8,7,2097152,61,0,5403.744,7577.504,8555.328,977.824,PASS,0
PHASEB_formal_d1w_C0_DEFAULT_N4096_q8_rep3,2,4,2,sm_89,D1W_WAITSTREAM_OVERLAP,NVSHMEM,C0_DEFAULT,2048,4096,2048,8,0,2097152,62,0,208.288,219.584,1275.488,1055.904,PASS,0
PHASEB_formal_d1w_C0_DEFAULT_N4096_q8_rep3,2,4,2,sm_89,D1W_WAITSTREAM_OVERLAP,NVSHMEM,C0_DEFAULT,2048,4096,2048,8,1,2097152,62,0,1230.976,1301.152,2310.560,1009.408,PASS,0
PHASEB_formal_d1w_C0_DEFAULT_N4096_q8_rep3,2,4,2,sm_89,D1W_WAITSTREAM_OVERLAP,NVSHMEM,C0_DEFAULT,2048,4096,2048,8,2,2097152,62,0,2201.952,2334.848,3319.936,985.088,PASS,0
PHASEB_formal_d1w_C0_DEFAULT_N4096_q8_rep3,2,4,2,sm_89,D1W_WAITSTREAM_OVERLAP,NVSHMEM,C0_DEFAULT,2048,4096,2048,8,3,2097152,62,0,2261.248,3350.784,4336.672,985.888,PASS,0
PHASEB_formal_d1w_C0_DEFAULT_N4096_q8_rep3,2,4,2,sm_89,D1W_WAITSTREAM_OVERLAP,NVSHMEM,C0_DEFAULT,2048,4096,2048,8,4,2097152,62,0,3343.264,4386.784,5443.776,1056.992,PASS,0
PHASEB_formal_d1w_C0_DEFAULT_N4096_q8_rep3,2,4,2,sm_89,D1W_WAITSTREAM_OVERLAP,NVSHMEM,C0_DEFAULT,2048,4096,2048,8,5,2097152,62,0,4161.152,5462.624,6439.904,977.280,PASS,0
PHASEB_formal_d1w_C0_DEFAULT_N4096_q8_rep3,2,4,2,sm_89,D1W_WAITSTREAM_OVERLAP,NVSHMEM,C0_DEFAULT,2048,4096,2048,8,6,2097152,62,0,4366.720,6457.920,7435.424,977.504,PASS,0
PHASEB_formal_d1w_C0_DEFAULT_N4096_q8_rep3,2,4,2,sm_89,D1W_WAITSTREAM_OVERLAP,NVSHMEM,C0_DEFAULT,2048,4096,2048,8,7,2097152,62,0,5448.064,7452.960,8429.792,976.832,PASS,0
PHASEB_formal_d1w_C0_DEFAULT_N4096_q8_rep3,2,4,2,sm_89,D1W_WAITSTREAM_OVERLAP,NVSHMEM,C0_DEFAULT,2048,4096,2048,8,0,2097152,63,0,187.296,198.016,1253.824,1055.808,PASS,0
PHASEB_formal_d1w_C0_DEFAULT_N4096_q8_rep3,2,4,2,sm_89,D1W_WAITSTREAM_OVERLAP,NVSHMEM,C0_DEFAULT,2048,4096,2048,8,1,2097152,63,0,1203.552,1280.576,2274.752,994.176,PASS,0
PHASEB_formal_d1w_C0_DEFAULT_N4096_q8_rep3,2,4,2,sm_89,D1W_WAITSTREAM_OVERLAP,NVSHMEM,C0_DEFAULT,2048,4096,2048,8,2,2097152,63,0,2118.784,2303.680,3360.256,1056.576,PASS,0
PHASEB_formal_d1w_C0_DEFAULT_N4096_q8_rep3,2,4,2,sm_89,D1W_WAITSTREAM_OVERLAP,NVSHMEM,C0_DEFAULT,2048,4096,2048,8,3,2097152,63,0,2280.064,3390.176,4452.448,1062.272,PASS,0
PHASEB_formal_d1w_C0_DEFAULT_N4096_q8_rep3,2,4,2,sm_89,D1W_WAITSTREAM_OVERLAP,NVSHMEM,C0_DEFAULT,2048,4096,2048,8,4,2097152,63,0,3310.560,4481.472,5532.480,1051.008,PASS,0
PHASEB_formal_d1w_C0_DEFAULT_N4096_q8_rep3,2,4,2,sm_89,D1W_WAITSTREAM_OVERLAP,NVSHMEM,C0_DEFAULT,2048,4096,2048,8,5,2097152,63,0,4319.552,5550.432,6527.040,976.608,PASS,0
PHASEB_formal_d1w_C0_DEFAULT_N4096_q8_rep3,2,4,2,sm_89,D1W_WAITSTREAM_OVERLAP,NVSHMEM,C0_DEFAULT,2048,4096,2048,8,6,2097152,63,0,4468.096,6544.416,7522.464,978.048,PASS,0
PHASEB_formal_d1w_C0_DEFAULT_N4096_q8_rep3,2,4,2,sm_89,D1W_WAITSTREAM_OVERLAP,NVSHMEM,C0_DEFAULT,2048,4096,2048,8,7,2097152,63,0,5397.152,7539.744,8516.703,976.960,PASS,0
PHASEB_formal_d1w_C0_DEFAULT_N4096_q8_rep3,2,4,2,sm_89,D1W_WAITSTREAM_OVERLAP,NVSHMEM,C0_DEFAULT,2048,4096,2048,8,0,2097152,64,0,219.200,227.456,1284.512,1057.056,PASS,0
PHASEB_formal_d1w_C0_DEFAULT_N4096_q8_rep3,2,4,2,sm_89,D1W_WAITSTREAM_OVERLAP,NVSHMEM,C0_DEFAULT,2048,4096,2048,8,1,2097152,64,0,1289.760,1317.728,2381.472,1063.744,PASS,0
PHASEB_formal_d1w_C0_DEFAULT_N4096_q8_rep3,2,4,2,sm_89,D1W_WAITSTREAM_OVERLAP,NVSHMEM,C0_DEFAULT,2048,4096,2048,8,2,2097152,64,0,2259.040,2408.864,3468.704,1059.840,PASS,0
PHASEB_formal_d1w_C0_DEFAULT_N4096_q8_rep3,2,4,2,sm_89,D1W_WAITSTREAM_OVERLAP,NVSHMEM,C0_DEFAULT,2048,4096,2048,8,3,2097152,64,0,3300.608,3501.312,4554.208,1052.896,PASS,0
PHASEB_formal_d1w_C0_DEFAULT_N4096_q8_rep3,2,4,2,sm_89,D1W_WAITSTREAM_OVERLAP,NVSHMEM,C0_DEFAULT,2048,4096,2048,8,4,2097152,64,0,4384.608,4574.624,5554.304,979.680,PASS,0
PHASEB_formal_d1w_C0_DEFAULT_N4096_q8_rep3,2,4,2,sm_89,D1W_WAITSTREAM_OVERLAP,NVSHMEM,C0_DEFAULT,2048,4096,2048,8,5,2097152,64,0,5422.272,5576.160,6554.048,977.888,PASS,0
PHASEB_formal_d1w_C0_DEFAULT_N4096_q8_rep3,2,4,2,sm_89,D1W_WAITSTREAM_OVERLAP,NVSHMEM,C0_DEFAULT,2048,4096,2048,8,6,2097152,64,0,6395.904,6572.064,7550.496,978.432,PASS,0
PHASEB_formal_d1w_C0_DEFAULT_N4096_q8_rep3,2,4,2,sm_89,D1W_WAITSTREAM_OVERLAP,NVSHMEM,C0_DEFAULT,2048,4096,2048,8,7,2097152,64,0,6429.856,7568.096,8545.408,977.312,PASS,0
PHASEB_formal_d1w_C0_DEFAULT_N4096_q8_rep3,2,4,2,sm_89,D1W_WAITSTREAM_OVERLAP,NVSHMEM,C0_DEFAULT,2048,4096,2048,8,0,2097152,65,0,184.352,192.672,1250.592,1057.920,PASS,0
PHASEB_formal_d1w_C0_DEFAULT_N4096_q8_rep3,2,4,2,sm_89,D1W_WAITSTREAM_OVERLAP,NVSHMEM,C0_DEFAULT,2048,4096,2048,8,1,2097152,65,0,1193.088,1294.752,2301.024,1006.272,PASS,0
PHASEB_formal_d1w_C0_DEFAULT_N4096_q8_rep3,2,4,2,sm_89,D1W_WAITSTREAM_OVERLAP,NVSHMEM,C0_DEFAULT,2048,4096,2048,8,2,2097152,65,0,2142.080,2339.744,3397.472,1057.728,PASS,0
PHASEB_formal_d1w_C0_DEFAULT_N4096_q8_rep3,2,4,2,sm_89,D1W_WAITSTREAM_OVERLAP,NVSHMEM,C0_DEFAULT,2048,4096,2048,8,3,2097152,65,0,2312.832,3425.280,4479.808,1054.528,PASS,0
PHASEB_formal_d1w_C0_DEFAULT_N4096_q8_rep3,2,4,2,sm_89,D1W_WAITSTREAM_OVERLAP,NVSHMEM,C0_DEFAULT,2048,4096,2048,8,4,2097152,65,0,3224.512,4500.992,5479.136,978.144,PASS,0
PHASEB_formal_d1w_C0_DEFAULT_N4096_q8_rep3,2,4,2,sm_89,D1W_WAITSTREAM_OVERLAP,NVSHMEM,C0_DEFAULT,2048,4096,2048,8,5,2097152,65,0,3357.376,5496.416,6473.920,977.504,PASS,0
PHASEB_formal_d1w_C0_DEFAULT_N4096_q8_rep3,2,4,2,sm_89,D1W_WAITSTREAM_OVERLAP,NVSHMEM,C0_DEFAULT,2048,4096,2048,8,6,2097152,65,0,4321.088,6491.680,7470.208,978.528,PASS,0
PHASEB_formal_d1w_C0_DEFAULT_N4096_q8_rep3,2,4,2,sm_89,D1W_WAITSTREAM_OVERLAP,NVSHMEM,C0_DEFAULT,2048,4096,2048,8,7,2097152,65,0,5345.216,7487.744,8465.185,977.440,PASS,0
PHASEB_formal_d1w_C0_DEFAULT_N4096_q8_rep3,2,4,2,sm_89,D1W_WAITSTREAM_OVERLAP,NVSHMEM,C0_DEFAULT,2048,4096,2048,8,0,2097152,66,0,194.400,204.512,1261.472,1056.960,PASS,0
PHASEB_formal_d1w_C0_DEFAULT_N4096_q8_rep3,2,4,2,sm_89,D1W_WAITSTREAM_OVERLAP,NVSHMEM,C0_DEFAULT,2048,4096,2048,8,1,2097152,66,0,1198.016,1288.992,2280.768,991.776,PASS,0
PHASEB_formal_d1w_C0_DEFAULT_N4096_q8_rep3,2,4,2,sm_89,D1W_WAITSTREAM_OVERLAP,NVSHMEM,C0_DEFAULT,2048,4096,2048,8,2,2097152,66,0,2122.016,2311.872,3385.088,1073.216,PASS,0
PHASEB_formal_d1w_C0_DEFAULT_N4096_q8_rep3,2,4,2,sm_89,D1W_WAITSTREAM_OVERLAP,NVSHMEM,C0_DEFAULT,2048,4096,2048,8,3,2097152,66,0,2294.624,3414.080,4471.648,1057.568,PASS,0
PHASEB_formal_d1w_C0_DEFAULT_N4096_q8_rep3,2,4,2,sm_89,D1W_WAITSTREAM_OVERLAP,NVSHMEM,C0_DEFAULT,2048,4096,2048,8,4,2097152,66,0,3337.312,4495.520,5547.136,1051.616,PASS,0
PHASEB_formal_d1w_C0_DEFAULT_N4096_q8_rep3,2,4,2,sm_89,D1W_WAITSTREAM_OVERLAP,NVSHMEM,C0_DEFAULT,2048,4096,2048,8,5,2097152,66,0,4367.872,5568.736,6617.600,1048.864,PASS,0
PHASEB_formal_d1w_C0_DEFAULT_N4096_q8_rep3,2,4,2,sm_89,D1W_WAITSTREAM_OVERLAP,NVSHMEM,C0_DEFAULT,2048,4096,2048,8,6,2097152,66,0,5405.280,6635.296,7612.704,977.408,PASS,0
PHASEB_formal_d1w_C0_DEFAULT_N4096_q8_rep3,2,4,2,sm_89,D1W_WAITSTREAM_OVERLAP,NVSHMEM,C0_DEFAULT,2048,4096,2048,8,7,2097152,66,0,6462.688,7630.528,8607.552,977.024,PASS,0
PHASEB_formal_d1w_C0_DEFAULT_N4096_q8_rep3,2,4,2,sm_89,D1W_WAITSTREAM_OVERLAP,NVSHMEM,C0_DEFAULT,2048,4096,2048,8,0,2097152,67,0,187.904,199.904,1255.936,1056.032,PASS,0
PHASEB_formal_d1w_C0_DEFAULT_N4096_q8_rep3,2,4,2,sm_89,D1W_WAITSTREAM_OVERLAP,NVSHMEM,C0_DEFAULT,2048,4096,2048,8,1,2097152,67,0,1200.352,1296.960,2358.624,1061.664,PASS,0
PHASEB_formal_d1w_C0_DEFAULT_N4096_q8_rep3,2,4,2,sm_89,D1W_WAITSTREAM_OVERLAP,NVSHMEM,C0_DEFAULT,2048,4096,2048,8,2,2097152,67,0,2226.336,2386.720,3449.728,1063.008,PASS,0
PHASEB_formal_d1w_C0_DEFAULT_N4096_q8_rep3,2,4,2,sm_89,D1W_WAITSTREAM_OVERLAP,NVSHMEM,C0_DEFAULT,2048,4096,2048,8,3,2097152,67,0,3272.384,3475.104,4463.168,988.064,PASS,0
PHASEB_formal_d1w_C0_DEFAULT_N4096_q8_rep3,2,4,2,sm_89,D1W_WAITSTREAM_OVERLAP,NVSHMEM,C0_DEFAULT,2048,4096,2048,8,4,2097152,67,0,4287.712,4484.832,5466.144,981.312,PASS,0
PHASEB_formal_d1w_C0_DEFAULT_N4096_q8_rep3,2,4,2,sm_89,D1W_WAITSTREAM_OVERLAP,NVSHMEM,C0_DEFAULT,2048,4096,2048,8,5,2097152,67,0,5309.248,5488.576,6466.208,977.632,PASS,0
PHASEB_formal_d1w_C0_DEFAULT_N4096_q8_rep3,2,4,2,sm_89,D1W_WAITSTREAM_OVERLAP,NVSHMEM,C0_DEFAULT,2048,4096,2048,8,6,2097152,67,0,5360.256,6483.584,7462.112,978.528,PASS,0
PHASEB_formal_d1w_C0_DEFAULT_N4096_q8_rep3,2,4,2,sm_89,D1W_WAITSTREAM_OVERLAP,NVSHMEM,C0_DEFAULT,2048,4096,2048,8,7,2097152,67,0,6335.072,7479.616,8457.216,977.600,PASS,0
PHASEB_formal_d1w_C0_DEFAULT_N4096_q8_rep3,2,4,2,sm_89,D1W_WAITSTREAM_OVERLAP,NVSHMEM,C0_DEFAULT,2048,4096,2048,8,0,2097152,68,0,182.592,194.368,1248.416,1054.048,PASS,0
PHASEB_formal_d1w_C0_DEFAULT_N4096_q8_rep3,2,4,2,sm_89,D1W_WAITSTREAM_OVERLAP,NVSHMEM,C0_DEFAULT,2048,4096,2048,8,1,2097152,68,0,1179.456,1279.552,2272.224,992.672,PASS,0
PHASEB_formal_d1w_C0_DEFAULT_N4096_q8_rep3,2,4,2,sm_89,D1W_WAITSTREAM_OVERLAP,NVSHMEM,C0_DEFAULT,2048,4096,2048,8,2,2097152,68,0,2088.928,2303.936,3358.976,1055.040,PASS,0
PHASEB_formal_d1w_C0_DEFAULT_N4096_q8_rep3,2,4,2,sm_89,D1W_WAITSTREAM_OVERLAP,NVSHMEM,C0_DEFAULT,2048,4096,2048,8,3,2097152,68,0,2278.496,3386.624,4444.768,1058.144,PASS,0
PHASEB_formal_d1w_C0_DEFAULT_N4096_q8_rep3,2,4,2,sm_89,D1W_WAITSTREAM_OVERLAP,NVSHMEM,C0_DEFAULT,2048,4096,2048,8,4,2097152,68,0,3309.120,4472.128,5529.408,1057.280,PASS,0
PHASEB_formal_d1w_C0_DEFAULT_N4096_q8_rep3,2,4,2,sm_89,D1W_WAITSTREAM_OVERLAP,NVSHMEM,C0_DEFAULT,2048,4096,2048,8,5,2097152,68,0,4360.576,5547.008,6524.288,977.280,PASS,0
PHASEB_formal_d1w_C0_DEFAULT_N4096_q8_rep3,2,4,2,sm_89,D1W_WAITSTREAM_OVERLAP,NVSHMEM,C0_DEFAULT,2048,4096,2048,8,6,2097152,68,0,5364.480,6542.272,7519.936,977.664,PASS,0
PHASEB_formal_d1w_C0_DEFAULT_N4096_q8_rep3,2,4,2,sm_89,D1W_WAITSTREAM_OVERLAP,NVSHMEM,C0_DEFAULT,2048,4096,2048,8,7,2097152,68,0,5456.992,7537.536,8514.336,976.800,PASS,0
PHASEB_formal_d1w_C0_DEFAULT_N4096_q8_rep3,2,4,2,sm_89,D1W_WAITSTREAM_OVERLAP,NVSHMEM,C0_DEFAULT,2048,4096,2048,8,0,2097152,69,0,186.048,194.304,1251.744,1057.440,PASS,0
PHASEB_formal_d1w_C0_DEFAULT_N4096_q8_rep3,2,4,2,sm_89,D1W_WAITSTREAM_OVERLAP,NVSHMEM,C0_DEFAULT,2048,4096,2048,8,1,2097152,69,0,1198.528,1276.672,2279.456,1002.784,PASS,0
PHASEB_formal_d1w_C0_DEFAULT_N4096_q8_rep3,2,4,2,sm_89,D1W_WAITSTREAM_OVERLAP,NVSHMEM,C0_DEFAULT,2048,4096,2048,8,2,2097152,69,0,2093.984,2304.032,3360.640,1056.608,PASS,0
PHASEB_formal_d1w_C0_DEFAULT_N4096_q8_rep3,2,4,2,sm_89,D1W_WAITSTREAM_OVERLAP,NVSHMEM,C0_DEFAULT,2048,4096,2048,8,3,2097152,69,0,2267.616,3389.248,4450.912,1061.664,PASS,0
PHASEB_formal_d1w_C0_DEFAULT_N4096_q8_rep3,2,4,2,sm_89,D1W_WAITSTREAM_OVERLAP,NVSHMEM,C0_DEFAULT,2048,4096,2048,8,4,2097152,69,0,3259.648,4471.456,5521.024,1049.568,PASS,0
PHASEB_formal_d1w_C0_DEFAULT_N4096_q8_rep3,2,4,2,sm_89,D1W_WAITSTREAM_OVERLAP,NVSHMEM,C0_DEFAULT,2048,4096,2048,8,5,2097152,69,0,4313.344,5538.368,6516.000,977.632,PASS,0
PHASEB_formal_d1w_C0_DEFAULT_N4096_q8_rep3,2,4,2,sm_89,D1W_WAITSTREAM_OVERLAP,NVSHMEM,C0_DEFAULT,2048,4096,2048,8,6,2097152,69,0,4347.616,6533.856,7512.576,978.720,PASS,0
PHASEB_formal_d1w_C0_DEFAULT_N4096_q8_rep3,2,4,2,sm_89,D1W_WAITSTREAM_OVERLAP,NVSHMEM,C0_DEFAULT,2048,4096,2048,8,7,2097152,69,0,5388.736,7530.368,8507.264,976.896,PASS,0
PHASEB_formal_d1w_C0_DEFAULT_N4096_q8_rep3,2,4,2,sm_89,D1W_WAITSTREAM_OVERLAP,NVSHMEM,C0_DEFAULT,2048,4096,2048,8,0,2097152,70,0,192.864,201.568,1254.912,1053.344,PASS,0
PHASEB_formal_d1w_C0_DEFAULT_N4096_q8_rep3,2,4,2,sm_89,D1W_WAITSTREAM_OVERLAP,NVSHMEM,C0_DEFAULT,2048,4096,2048,8,1,2097152,70,0,1196.864,1281.888,2274.496,992.608,PASS,0
PHASEB_formal_d1w_C0_DEFAULT_N4096_q8_rep3,2,4,2,sm_89,D1W_WAITSTREAM_OVERLAP,NVSHMEM,C0_DEFAULT,2048,4096,2048,8,2,2097152,70,0,2108.576,2314.528,3372.000,1057.472,PASS,0
PHASEB_formal_d1w_C0_DEFAULT_N4096_q8_rep3,2,4,2,sm_89,D1W_WAITSTREAM_OVERLAP,NVSHMEM,C0_DEFAULT,2048,4096,2048,8,3,2097152,70,0,2289.408,3397.984,4385.376,987.392,PASS,0
PHASEB_formal_d1w_C0_DEFAULT_N4096_q8_rep3,2,4,2,sm_89,D1W_WAITSTREAM_OVERLAP,NVSHMEM,C0_DEFAULT,2048,4096,2048,8,4,2097152,70,0,3333.376,4415.968,5469.920,1053.952,PASS,0
PHASEB_formal_d1w_C0_DEFAULT_N4096_q8_rep3,2,4,2,sm_89,D1W_WAITSTREAM_OVERLAP,NVSHMEM,C0_DEFAULT,2048,4096,2048,8,5,2097152,70,0,4240.384,5487.456,6464.864,977.408,PASS,0
PHASEB_formal_d1w_C0_DEFAULT_N4096_q8_rep3,2,4,2,sm_89,D1W_WAITSTREAM_OVERLAP,NVSHMEM,C0_DEFAULT,2048,4096,2048,8,6,2097152,70,0,4401.760,6482.432,7460.320,977.888,PASS,0
PHASEB_formal_d1w_C0_DEFAULT_N4096_q8_rep3,2,4,2,sm_89,D1W_WAITSTREAM_OVERLAP,NVSHMEM,C0_DEFAULT,2048,4096,2048,8,7,2097152,70,0,5423.264,7477.920,8455.231,977.312,PASS,0
PHASEB_formal_d1w_C0_DEFAULT_N4096_q8_rep3,2,4,2,sm_89,D1W_WAITSTREAM_OVERLAP,NVSHMEM,C0_DEFAULT,2048,4096,2048,8,0,2097152,71,0,191.424,201.792,1257.056,1055.264,PASS,0
PHASEB_formal_d1w_C0_DEFAULT_N4096_q8_rep3,2,4,2,sm_89,D1W_WAITSTREAM_OVERLAP,NVSHMEM,C0_DEFAULT,2048,4096,2048,8,1,2097152,71,0,1193.760,1280.640,2339.808,1059.168,PASS,0
PHASEB_formal_d1w_C0_DEFAULT_N4096_q8_rep3,2,4,2,sm_89,D1W_WAITSTREAM_OVERLAP,NVSHMEM,C0_DEFAULT,2048,4096,2048,8,2,2097152,71,0,2262.816,2371.840,3431.232,1059.392,PASS,0
PHASEB_formal_d1w_C0_DEFAULT_N4096_q8_rep3,2,4,2,sm_89,D1W_WAITSTREAM_OVERLAP,NVSHMEM,C0_DEFAULT,2048,4096,2048,8,3,2097152,71,0,3274.624,3457.184,4516.512,1059.328,PASS,0
PHASEB_formal_d1w_C0_DEFAULT_N4096_q8_rep3,2,4,2,sm_89,D1W_WAITSTREAM_OVERLAP,NVSHMEM,C0_DEFAULT,2048,4096,2048,8,4,2097152,71,0,3378.048,4539.648,5518.176,978.528,PASS,0
PHASEB_formal_d1w_C0_DEFAULT_N4096_q8_rep3,2,4,2,sm_89,D1W_WAITSTREAM_OVERLAP,NVSHMEM,C0_DEFAULT,2048,4096,2048,8,5,2097152,71,0,4359.264,5543.232,6520.736,977.504,PASS,0
PHASEB_formal_d1w_C0_DEFAULT_N4096_q8_rep3,2,4,2,sm_89,D1W_WAITSTREAM_OVERLAP,NVSHMEM,C0_DEFAULT,2048,4096,2048,8,6,2097152,71,0,4379.872,6538.336,7516.864,978.528,PASS,0
PHASEB_formal_d1w_C0_DEFAULT_N4096_q8_rep3,2,4,2,sm_89,D1W_WAITSTREAM_OVERLAP,NVSHMEM,C0_DEFAULT,2048,4096,2048,8,7,2097152,71,0,5383.776,7534.400,8511.552,977.152,PASS,0
PHASEB_formal_d1w_C0_DEFAULT_N4096_q8_rep3,2,4,2,sm_89,D1W_WAITSTREAM_OVERLAP,NVSHMEM,C0_DEFAULT,2048,4096,2048,8,0,2097152,72,0,202.144,211.040,1267.872,1056.832,PASS,0
PHASEB_formal_d1w_C0_DEFAULT_N4096_q8_rep3,2,4,2,sm_89,D1W_WAITSTREAM_OVERLAP,NVSHMEM,C0_DEFAULT,2048,4096,2048,8,1,2097152,72,0,1243.456,1297.984,2286.592,988.608,PASS,0
PHASEB_formal_d1w_C0_DEFAULT_N4096_q8_rep3,2,4,2,sm_89,D1W_WAITSTREAM_OVERLAP,NVSHMEM,C0_DEFAULT,2048,4096,2048,8,2,2097152,72,0,2126.080,2311.264,3371.680,1060.416,PASS,0
PHASEB_formal_d1w_C0_DEFAULT_N4096_q8_rep3,2,4,2,sm_89,D1W_WAITSTREAM_OVERLAP,NVSHMEM,C0_DEFAULT,2048,4096,2048,8,3,2097152,72,0,2269.472,3404.128,4457.568,1053.440,PASS,0
PHASEB_formal_d1w_C0_DEFAULT_N4096_q8_rep3,2,4,2,sm_89,D1W_WAITSTREAM_OVERLAP,NVSHMEM,C0_DEFAULT,2048,4096,2048,8,4,2097152,72,0,3257.248,4481.856,5531.328,1049.472,PASS,0
PHASEB_formal_d1w_C0_DEFAULT_N4096_q8_rep3,2,4,2,sm_89,D1W_WAITSTREAM_OVERLAP,NVSHMEM,C0_DEFAULT,2048,4096,2048,8,5,2097152,72,0,4310.464,5548.800,6526.400,977.600,PASS,0
PHASEB_formal_d1w_C0_DEFAULT_N4096_q8_rep3,2,4,2,sm_89,D1W_WAITSTREAM_OVERLAP,NVSHMEM,C0_DEFAULT,2048,4096,2048,8,6,2097152,72,0,4373.344,6543.904,7520.832,976.928,PASS,0
PHASEB_formal_d1w_C0_DEFAULT_N4096_q8_rep3,2,4,2,sm_89,D1W_WAITSTREAM_OVERLAP,NVSHMEM,C0_DEFAULT,2048,4096,2048,8,7,2097152,72,0,5371.648,7538.400,8515.809,977.408,PASS,0
PHASEB_formal_d1w_C0_DEFAULT_N4096_q8_rep3,2,4,2,sm_89,D1W_WAITSTREAM_OVERLAP,NVSHMEM,C0_DEFAULT,2048,4096,2048,8,0,2097152,73,0,206.784,215.008,1270.816,1055.808,PASS,0
PHASEB_formal_d1w_C0_DEFAULT_N4096_q8_rep3,2,4,2,sm_89,D1W_WAITSTREAM_OVERLAP,NVSHMEM,C0_DEFAULT,2048,4096,2048,8,1,2097152,73,0,1209.824,1293.120,2302.240,1009.120,PASS,0
PHASEB_formal_d1w_C0_DEFAULT_N4096_q8_rep3,2,4,2,sm_89,D1W_WAITSTREAM_OVERLAP,NVSHMEM,C0_DEFAULT,2048,4096,2048,8,2,2097152,73,0,2118.592,2327.456,3398.080,1070.624,PASS,0
PHASEB_formal_d1w_C0_DEFAULT_N4096_q8_rep3,2,4,2,sm_89,D1W_WAITSTREAM_OVERLAP,NVSHMEM,C0_DEFAULT,2048,4096,2048,8,3,2097152,73,0,2250.688,3424.256,4483.424,1059.168,PASS,0
PHASEB_formal_d1w_C0_DEFAULT_N4096_q8_rep3,2,4,2,sm_89,D1W_WAITSTREAM_OVERLAP,NVSHMEM,C0_DEFAULT,2048,4096,2048,8,4,2097152,73,0,3353.440,4505.280,5554.304,1049.024,PASS,0
PHASEB_formal_d1w_C0_DEFAULT_N4096_q8_rep3,2,4,2,sm_89,D1W_WAITSTREAM_OVERLAP,NVSHMEM,C0_DEFAULT,2048,4096,2048,8,5,2097152,73,0,4318.912,5571.616,6549.088,977.472,PASS,0
PHASEB_formal_d1w_C0_DEFAULT_N4096_q8_rep3,2,4,2,sm_89,D1W_WAITSTREAM_OVERLAP,NVSHMEM,C0_DEFAULT,2048,4096,2048,8,6,2097152,73,0,4453.600,6566.400,7545.120,978.720,PASS,0
PHASEB_formal_d1w_C0_DEFAULT_N4096_q8_rep3,2,4,2,sm_89,D1W_WAITSTREAM_OVERLAP,NVSHMEM,C0_DEFAULT,2048,4096,2048,8,7,2097152,73,0,5410.112,7562.400,8540.224,977.824,PASS,0
PHASEB_formal_d1w_C0_DEFAULT_N4096_q8_rep3,2,4,2,sm_89,D1W_WAITSTREAM_OVERLAP,NVSHMEM,C0_DEFAULT,2048,4096,2048,8,0,2097152,74,0,205.408,213.632,1266.720,1053.088,PASS,0
PHASEB_formal_d1w_C0_DEFAULT_N4096_q8_rep3,2,4,2,sm_89,D1W_WAITSTREAM_OVERLAP,NVSHMEM,C0_DEFAULT,2048,4096,2048,8,1,2097152,74,0,1271.872,1292.416,2347.616,1055.200,PASS,0
PHASEB_formal_d1w_C0_DEFAULT_N4096_q8_rep3,2,4,2,sm_89,D1W_WAITSTREAM_OVERLAP,NVSHMEM,C0_DEFAULT,2048,4096,2048,8,2,2097152,74,0,2247.456,2398.304,3455.296,1056.992,PASS,0
PHASEB_formal_d1w_C0_DEFAULT_N4096_q8_rep3,2,4,2,sm_89,D1W_WAITSTREAM_OVERLAP,NVSHMEM,C0_DEFAULT,2048,4096,2048,8,3,2097152,74,0,3303.200,3479.008,4535.424,1056.416,PASS,0
PHASEB_formal_d1w_C0_DEFAULT_N4096_q8_rep3,2,4,2,sm_89,D1W_WAITSTREAM_OVERLAP,NVSHMEM,C0_DEFAULT,2048,4096,2048,8,4,2097152,74,0,3369.760,4556.800,5535.744,978.944,PASS,0
PHASEB_formal_d1w_C0_DEFAULT_N4096_q8_rep3,2,4,2,sm_89,D1W_WAITSTREAM_OVERLAP,NVSHMEM,C0_DEFAULT,2048,4096,2048,8,5,2097152,74,0,4366.784,5553.376,6531.328,977.952,PASS,0
PHASEB_formal_d1w_C0_DEFAULT_N4096_q8_rep3,2,4,2,sm_89,D1W_WAITSTREAM_OVERLAP,NVSHMEM,C0_DEFAULT,2048,4096,2048,8,6,2097152,74,0,4390.080,6548.864,7527.328,978.464,PASS,0
PHASEB_formal_d1w_C0_DEFAULT_N4096_q8_rep3,2,4,2,sm_89,D1W_WAITSTREAM_OVERLAP,NVSHMEM,C0_DEFAULT,2048,4096,2048,8,7,2097152,74,0,5364.480,7544.736,8522.368,977.632,PASS,0
PHASEB_formal_d1w_C0_DEFAULT_N4096_q8_rep3,2,4,2,sm_89,D1W_WAITSTREAM_OVERLAP,NVSHMEM,C0_DEFAULT,2048,4096,2048,8,0,2097152,75,0,197.856,209.088,1264.192,1055.104,PASS,0
PHASEB_formal_d1w_C0_DEFAULT_N4096_q8_rep3,2,4,2,sm_89,D1W_WAITSTREAM_OVERLAP,NVSHMEM,C0_DEFAULT,2048,4096,2048,8,1,2097152,75,0,1245.696,1290.144,2354.944,1064.800,PASS,0
PHASEB_formal_d1w_C0_DEFAULT_N4096_q8_rep3,2,4,2,sm_89,D1W_WAITSTREAM_OVERLAP,NVSHMEM,C0_DEFAULT,2048,4096,2048,8,2,2097152,75,0,2267.328,2396.256,3457.984,1061.728,PASS,0
PHASEB_formal_d1w_C0_DEFAULT_N4096_q8_rep3,2,4,2,sm_89,D1W_WAITSTREAM_OVERLAP,NVSHMEM,C0_DEFAULT,2048,4096,2048,8,3,2097152,75,0,3284.704,3489.344,4552.640,1063.296,PASS,0
PHASEB_formal_d1w_C0_DEFAULT_N4096_q8_rep3,2,4,2,sm_89,D1W_WAITSTREAM_OVERLAP,NVSHMEM,C0_DEFAULT,2048,4096,2048,8,4,2097152,75,0,3385.088,4577.952,5556.032,978.080,PASS,0
PHASEB_formal_d1w_C0_DEFAULT_N4096_q8_rep3,2,4,2,sm_89,D1W_WAITSTREAM_OVERLAP,NVSHMEM,C0_DEFAULT,2048,4096,2048,8,5,2097152,75,0,4395.296,5573.856,6551.584,977.728,PASS,0
PHASEB_formal_d1w_C0_DEFAULT_N4096_q8_rep3,2,4,2,sm_89,D1W_WAITSTREAM_OVERLAP,NVSHMEM,C0_DEFAULT,2048,4096,2048,8,6,2097152,75,0,4439.712,6568.960,7547.680,978.720,PASS,0
PHASEB_formal_d1w_C0_DEFAULT_N4096_q8_rep3,2,4,2,sm_89,D1W_WAITSTREAM_OVERLAP,NVSHMEM,C0_DEFAULT,2048,4096,2048,8,7,2097152,75,0,5397.056,7565.216,8542.496,977.280,PASS,0
PHASEB_formal_d1w_C0_DEFAULT_N4096_q8_rep3,2,4,2,sm_89,D1W_WAITSTREAM_OVERLAP,NVSHMEM,C0_DEFAULT,2048,4096,2048,8,0,2097152,76,0,211.168,219.744,1281.184,1061.440,PASS,0
PHASEB_formal_d1w_C0_DEFAULT_N4096_q8_rep3,2,4,2,sm_89,D1W_WAITSTREAM_OVERLAP,NVSHMEM,C0_DEFAULT,2048,4096,2048,8,1,2097152,76,0,1271.712,1314.144,2311.232,997.088,PASS,0
PHASEB_formal_d1w_C0_DEFAULT_N4096_q8_rep3,2,4,2,sm_89,D1W_WAITSTREAM_OVERLAP,NVSHMEM,C0_DEFAULT,2048,4096,2048,8,2,2097152,76,0,2126.688,2333.824,3391.552,1057.728,PASS,0
PHASEB_formal_d1w_C0_DEFAULT_N4096_q8_rep3,2,4,2,sm_89,D1W_WAITSTREAM_OVERLAP,NVSHMEM,C0_DEFAULT,2048,4096,2048,8,3,2097152,76,0,2274.720,3417.792,4473.216,1055.424,PASS,0
PHASEB_formal_d1w_C0_DEFAULT_N4096_q8_rep3,2,4,2,sm_89,D1W_WAITSTREAM_OVERLAP,NVSHMEM,C0_DEFAULT,2048,4096,2048,8,4,2097152,76,0,3270.496,4495.520,5545.024,1049.504,PASS,0
PHASEB_formal_d1w_C0_DEFAULT_N4096_q8_rep3,2,4,2,sm_89,D1W_WAITSTREAM_OVERLAP,NVSHMEM,C0_DEFAULT,2048,4096,2048,8,5,2097152,76,0,4336.032,5562.496,6539.680,977.184,PASS,0
PHASEB_formal_d1w_C0_DEFAULT_N4096_q8_rep3,2,4,2,sm_89,D1W_WAITSTREAM_OVERLAP,NVSHMEM,C0_DEFAULT,2048,4096,2048,8,6,2097152,76,0,4371.264,6557.216,7534.656,977.440,PASS,0
PHASEB_formal_d1w_C0_DEFAULT_N4096_q8_rep3,2,4,2,sm_89,D1W_WAITSTREAM_OVERLAP,NVSHMEM,C0_DEFAULT,2048,4096,2048,8,7,2097152,76,0,5376.736,7552.256,8530.080,977.824,PASS,0
PHASEB_formal_d1w_C0_DEFAULT_N4096_q8_rep3,2,4,2,sm_89,D1W_WAITSTREAM_OVERLAP,NVSHMEM,C0_DEFAULT,2048,4096,2048,8,0,2097152,77,0,207.040,215.264,1271.040,1055.776,PASS,0
PHASEB_formal_d1w_C0_DEFAULT_N4096_q8_rep3,2,4,2,sm_89,D1W_WAITSTREAM_OVERLAP,NVSHMEM,C0_DEFAULT,2048,4096,2048,8,1,2097152,77,0,1250.080,1293.440,2357.472,1064.032,PASS,0
PHASEB_formal_d1w_C0_DEFAULT_N4096_q8_rep3,2,4,2,sm_89,D1W_WAITSTREAM_OVERLAP,NVSHMEM,C0_DEFAULT,2048,4096,2048,8,2,2097152,77,0,2237.984,2393.824,3456.768,1062.944,PASS,0
PHASEB_formal_d1w_C0_DEFAULT_N4096_q8_rep3,2,4,2,sm_89,D1W_WAITSTREAM_OVERLAP,NVSHMEM,C0_DEFAULT,2048,4096,2048,8,3,2097152,77,0,3305.792,3481.120,4468.672,987.552,PASS,0
PHASEB_formal_d1w_C0_DEFAULT_N4096_q8_rep3,2,4,2,sm_89,D1W_WAITSTREAM_OVERLAP,NVSHMEM,C0_DEFAULT,2048,4096,2048,8,4,2097152,77,0,4322.432,4491.072,5469.856,978.784,PASS,0
PHASEB_formal_d1w_C0_DEFAULT_N4096_q8_rep3,2,4,2,sm_89,D1W_WAITSTREAM_OVERLAP,NVSHMEM,C0_DEFAULT,2048,4096,2048,8,5,2097152,77,0,4362.176,5487.328,6465.472,978.144,PASS,0
PHASEB_formal_d1w_C0_DEFAULT_N4096_q8_rep3,2,4,2,sm_89,D1W_WAITSTREAM_OVERLAP,NVSHMEM,C0_DEFAULT,2048,4096,2048,8,6,2097152,77,0,5337.344,6483.072,7461.856,978.784,PASS,0
PHASEB_formal_d1w_C0_DEFAULT_N4096_q8_rep3,2,4,2,sm_89,D1W_WAITSTREAM_OVERLAP,NVSHMEM,C0_DEFAULT,2048,4096,2048,8,7,2097152,77,0,5363.424,7479.392,8456.832,977.440,PASS,0
PHASEB_formal_d1w_C0_DEFAULT_N4096_q8_rep3,2,4,2,sm_89,D1W_WAITSTREAM_OVERLAP,NVSHMEM,C0_DEFAULT,2048,4096,2048,8,0,2097152,78,0,202.976,213.792,1272.832,1059.040,PASS,0
PHASEB_formal_d1w_C0_DEFAULT_N4096_q8_rep3,2,4,2,sm_89,D1W_WAITSTREAM_OVERLAP,NVSHMEM,C0_DEFAULT,2048,4096,2048,8,1,2097152,78,0,1199.008,1301.472,2296.832,995.360,PASS,0
PHASEB_formal_d1w_C0_DEFAULT_N4096_q8_rep3,2,4,2,sm_89,D1W_WAITSTREAM_OVERLAP,NVSHMEM,C0_DEFAULT,2048,4096,2048,8,2,2097152,78,0,2103.520,2324.448,3378.784,1054.336,PASS,0
PHASEB_formal_d1w_C0_DEFAULT_N4096_q8_rep3,2,4,2,sm_89,D1W_WAITSTREAM_OVERLAP,NVSHMEM,C0_DEFAULT,2048,4096,2048,8,3,2097152,78,0,2250.624,3401.472,4462.912,1061.440,PASS,0
PHASEB_formal_d1w_C0_DEFAULT_N4096_q8_rep3,2,4,2,sm_89,D1W_WAITSTREAM_OVERLAP,NVSHMEM,C0_DEFAULT,2048,4096,2048,8,4,2097152,78,0,3300.192,4486.720,5470.144,983.424,PASS,0
PHASEB_formal_d1w_C0_DEFAULT_N4096_q8_rep3,2,4,2,sm_89,D1W_WAITSTREAM_OVERLAP,NVSHMEM,C0_DEFAULT,2048,4096,2048,8,5,2097152,78,0,4291.808,5489.632,6467.776,978.144,PASS,0
PHASEB_formal_d1w_C0_DEFAULT_N4096_q8_rep3,2,4,2,sm_89,D1W_WAITSTREAM_OVERLAP,NVSHMEM,C0_DEFAULT,2048,4096,2048,8,6,2097152,78,0,5341.792,6485.312,7462.624,977.312,PASS,0
PHASEB_formal_d1w_C0_DEFAULT_N4096_q8_rep3,2,4,2,sm_89,D1W_WAITSTREAM_OVERLAP,NVSHMEM,C0_DEFAULT,2048,4096,2048,8,7,2097152,78,0,6299.776,7480.192,8457.344,977.152,PASS,0
PHASEB_formal_d1w_C0_DEFAULT_N4096_q8_rep3,2,4,2,sm_89,D1W_WAITSTREAM_OVERLAP,NVSHMEM,C0_DEFAULT,2048,4096,2048,8,0,2097152,79,0,211.104,220.256,1278.720,1058.464,PASS,0
PHASEB_formal_d1w_C0_DEFAULT_N4096_q8_rep3,2,4,2,sm_89,D1W_WAITSTREAM_OVERLAP,NVSHMEM,C0_DEFAULT,2048,4096,2048,8,1,2097152,79,0,1208.960,1312.512,2300.160,987.648,PASS,0
PHASEB_formal_d1w_C0_DEFAULT_N4096_q8_rep3,2,4,2,sm_89,D1W_WAITSTREAM_OVERLAP,NVSHMEM,C0_DEFAULT,2048,4096,2048,8,2,2097152,79,0,2187.296,2327.424,3392.224,1064.800,PASS,0
PHASEB_formal_d1w_C0_DEFAULT_N4096_q8_rep3,2,4,2,sm_89,D1W_WAITSTREAM_OVERLAP,NVSHMEM,C0_DEFAULT,2048,4096,2048,8,3,2097152,79,0,2255.936,3417.536,4475.616,1058.080,PASS,0
PHASEB_formal_d1w_C0_DEFAULT_N4096_q8_rep3,2,4,2,sm_89,D1W_WAITSTREAM_OVERLAP,NVSHMEM,C0_DEFAULT,2048,4096,2048,8,4,2097152,79,0,3297.376,4498.112,5547.392,1049.280,PASS,0
PHASEB_formal_d1w_C0_DEFAULT_N4096_q8_rep3,2,4,2,sm_89,D1W_WAITSTREAM_OVERLAP,NVSHMEM,C0_DEFAULT,2048,4096,2048,8,5,2097152,79,0,4349.504,5564.672,6542.080,977.408,PASS,0
PHASEB_formal_d1w_C0_DEFAULT_N4096_q8_rep3,2,4,2,sm_89,D1W_WAITSTREAM_OVERLAP,NVSHMEM,C0_DEFAULT,2048,4096,2048,8,6,2097152,79,0,5411.872,6559.648,7537.664,978.016,PASS,0
PHASEB_formal_d1w_C0_DEFAULT_N4096_q8_rep3,2,4,2,sm_89,D1W_WAITSTREAM_OVERLAP,NVSHMEM,C0_DEFAULT,2048,4096,2048,8,7,2097152,79,0,5446.880,7555.264,8532.480,977.216,PASS,0
