run_id,rank_count,path,family,candidate,M,N,K,q,slice_index,slice_bytes,iteration_index,t_issue_us,t_release_max_us,t_gemm_start_max_us,t_gemm_end_max_us,t_gemm_duration_max_us,correctness_all_ranks,status
PHASEB_formal_d1w_C0_DEFAULT_N4096_q8_rep5,4,D1W_WAITSTREAM_OVERLAP,NVSHMEM,C0_DEFAULT,2048,4096,2048,8,0,2097152,0,0,221.440,229.632,1296.672,1067.040,PASS,0
PHASEB_formal_d1w_C0_DEFAULT_N4096_q8_rep5,4,D1W_WAITSTREAM_OVERLAP,NVSHMEM,C0_DEFAULT,2048,4096,2048,8,1,2097152,0,0,1235.360,1321.664,2316.000,994.336,PASS,0
PHASEB_formal_d1w_C0_DEFAULT_N4096_q8_rep5,4,D1W_WAITSTREAM_OVERLAP,NVSHMEM,C0_DEFAULT,2048,4096,2048,8,2,2097152,0,0,2127.168,2343.232,3339.264,1070.400,PASS,0
PHASEB_formal_d1w_C0_DEFAULT_N4096_q8_rep5,4,D1W_WAITSTREAM_OVERLAP,NVSHMEM,C0_DEFAULT,2048,4096,2048,8,3,2097152,0,0,2320.832,3376.128,4433.440,1057.856,PASS,0
PHASEB_formal_d1w_C0_DEFAULT_N4096_q8_rep5,4,D1W_WAITSTREAM_OVERLAP,NVSHMEM,C0_DEFAULT,2048,4096,2048,8,4,2097152,0,0,4171.680,4456.320,5506.176,1049.856,PASS,0
PHASEB_formal_d1w_C0_DEFAULT_N4096_q8_rep5,4,D1W_WAITSTREAM_OVERLAP,NVSHMEM,C0_DEFAULT,2048,4096,2048,8,5,2097152,0,0,4294.336,5523.392,6497.568,981.408,PASS,0
PHASEB_formal_d1w_C0_DEFAULT_N4096_q8_rep5,4,D1W_WAITSTREAM_OVERLAP,NVSHMEM,C0_DEFAULT,2048,4096,2048,8,6,2097152,0,0,5213.536,6514.912,7488.352,981.088,PASS,0
PHASEB_formal_d1w_C0_DEFAULT_N4096_q8_rep5,4,D1W_WAITSTREAM_OVERLAP,NVSHMEM,C0_DEFAULT,2048,4096,2048,8,7,2097152,0,0,5355.808,7505.536,8479.392,981.600,PASS,0
PHASEB_formal_d1w_C0_DEFAULT_N4096_q8_rep5,4,D1W_WAITSTREAM_OVERLAP,NVSHMEM,C0_DEFAULT,2048,4096,2048,8,0,2097152,1,0,217.408,225.472,1289.952,1064.480,PASS,0
PHASEB_formal_d1w_C0_DEFAULT_N4096_q8_rep5,4,D1W_WAITSTREAM_OVERLAP,NVSHMEM,C0_DEFAULT,2048,4096,2048,8,1,2097152,1,0,1295.072,1315.392,2380.512,1065.120,PASS,0
PHASEB_formal_d1w_C0_DEFAULT_N4096_q8_rep5,4,D1W_WAITSTREAM_OVERLAP,NVSHMEM,C0_DEFAULT,2048,4096,2048,8,2,2097152,1,0,2310.784,2404.384,3465.152,1060.768,PASS,0
PHASEB_formal_d1w_C0_DEFAULT_N4096_q8_rep5,4,D1W_WAITSTREAM_OVERLAP,NVSHMEM,C0_DEFAULT,2048,4096,2048,8,3,2097152,1,0,3322.208,3494.784,4552.736,1057.952,PASS,0
PHASEB_formal_d1w_C0_DEFAULT_N4096_q8_rep5,4,D1W_WAITSTREAM_OVERLAP,NVSHMEM,C0_DEFAULT,2048,4096,2048,8,4,2097152,1,0,4145.792,4574.976,5570.368,1005.984,PASS,0
PHASEB_formal_d1w_C0_DEFAULT_N4096_q8_rep5,4,D1W_WAITSTREAM_OVERLAP,NVSHMEM,C0_DEFAULT,2048,4096,2048,8,5,2097152,1,0,4418.144,5587.744,6569.184,981.440,PASS,0
PHASEB_formal_d1w_C0_DEFAULT_N4096_q8_rep5,4,D1W_WAITSTREAM_OVERLAP,NVSHMEM,C0_DEFAULT,2048,4096,2048,8,6,2097152,1,0,5106.624,6586.912,7569.344,982.432,PASS,0
PHASEB_formal_d1w_C0_DEFAULT_N4096_q8_rep5,4,D1W_WAITSTREAM_OVERLAP,NVSHMEM,C0_DEFAULT,2048,4096,2048,8,7,2097152,1,0,5425.216,7586.656,8568.191,981.536,PASS,0
PHASEB_formal_d1w_C0_DEFAULT_N4096_q8_rep5,4,D1W_WAITSTREAM_OVERLAP,NVSHMEM,C0_DEFAULT,2048,4096,2048,8,0,2097152,2,0,212.512,220.768,1277.376,1063.168,PASS,0
PHASEB_formal_d1w_C0_DEFAULT_N4096_q8_rep5,4,D1W_WAITSTREAM_OVERLAP,NVSHMEM,C0_DEFAULT,2048,4096,2048,8,1,2097152,2,0,1287.232,1310.880,2378.400,1067.520,PASS,0
PHASEB_formal_d1w_C0_DEFAULT_N4096_q8_rep5,4,D1W_WAITSTREAM_OVERLAP,NVSHMEM,C0_DEFAULT,2048,4096,2048,8,2,2097152,2,0,2245.728,2407.840,3476.448,1068.608,PASS,0
PHASEB_formal_d1w_C0_DEFAULT_N4096_q8_rep5,4,D1W_WAITSTREAM_OVERLAP,NVSHMEM,C0_DEFAULT,2048,4096,2048,8,3,2097152,2,0,3087.360,3503.040,4559.680,1056.640,PASS,0
PHASEB_formal_d1w_C0_DEFAULT_N4096_q8_rep5,4,D1W_WAITSTREAM_OVERLAP,NVSHMEM,C0_DEFAULT,2048,4096,2048,8,4,2097152,2,0,3351.008,4580.384,5634.880,1054.496,PASS,0
PHASEB_formal_d1w_C0_DEFAULT_N4096_q8_rep5,4,D1W_WAITSTREAM_OVERLAP,NVSHMEM,C0_DEFAULT,2048,4096,2048,8,5,2097152,2,0,4401.856,5652.224,6632.864,980.640,PASS,0
PHASEB_formal_d1w_C0_DEFAULT_N4096_q8_rep5,4,D1W_WAITSTREAM_OVERLAP,NVSHMEM,C0_DEFAULT,2048,4096,2048,8,6,2097152,2,0,4463.072,6650.272,7631.648,981.376,PASS,0
PHASEB_formal_d1w_C0_DEFAULT_N4096_q8_rep5,4,D1W_WAITSTREAM_OVERLAP,NVSHMEM,C0_DEFAULT,2048,4096,2048,8,7,2097152,2,0,5465.120,7649.440,8630.720,981.280,PASS,0
PHASEB_formal_d1w_C0_DEFAULT_N4096_q8_rep5,4,D1W_WAITSTREAM_OVERLAP,NVSHMEM,C0_DEFAULT,2048,4096,2048,8,0,2097152,3,0,214.816,222.880,1285.952,1063.072,PASS,0
PHASEB_formal_d1w_C0_DEFAULT_N4096_q8_rep5,4,D1W_WAITSTREAM_OVERLAP,NVSHMEM,C0_DEFAULT,2048,4096,2048,8,1,2097152,3,0,1298.688,1327.616,2405.376,1077.760,PASS,0
PHASEB_formal_d1w_C0_DEFAULT_N4096_q8_rep5,4,D1W_WAITSTREAM_OVERLAP,NVSHMEM,C0_DEFAULT,2048,4096,2048,8,2,2097152,3,0,2316.256,2433.760,3495.648,1061.888,PASS,0
PHASEB_formal_d1w_C0_DEFAULT_N4096_q8_rep5,4,D1W_WAITSTREAM_OVERLAP,NVSHMEM,C0_DEFAULT,2048,4096,2048,8,3,2097152,3,0,3231.456,3521.344,4574.912,1064.512,PASS,0
PHASEB_formal_d1w_C0_DEFAULT_N4096_q8_rep5,4,D1W_WAITSTREAM_OVERLAP,NVSHMEM,C0_DEFAULT,2048,4096,2048,8,4,2097152,3,0,3407.968,4596.672,5634.304,1054.624,PASS,0
PHASEB_formal_d1w_C0_DEFAULT_N4096_q8_rep5,4,D1W_WAITSTREAM_OVERLAP,NVSHMEM,C0_DEFAULT,2048,4096,2048,8,5,2097152,3,0,4407.648,5651.488,6629.856,981.408,PASS,0
PHASEB_formal_d1w_C0_DEFAULT_N4096_q8_rep5,4,D1W_WAITSTREAM_OVERLAP,NVSHMEM,C0_DEFAULT,2048,4096,2048,8,6,2097152,3,0,5192.928,6647.168,7625.888,981.952,PASS,0
PHASEB_formal_d1w_C0_DEFAULT_N4096_q8_rep5,4,D1W_WAITSTREAM_OVERLAP,NVSHMEM,C0_DEFAULT,2048,4096,2048,8,7,2097152,3,0,5464.832,7643.232,8620.992,981.280,PASS,0
PHASEB_formal_d1w_C0_DEFAULT_N4096_q8_rep5,4,D1W_WAITSTREAM_OVERLAP,NVSHMEM,C0_DEFAULT,2048,4096,2048,8,0,2097152,4,0,208.896,217.728,1279.968,1069.184,PASS,0
PHASEB_formal_d1w_C0_DEFAULT_N4096_q8_rep5,4,D1W_WAITSTREAM_OVERLAP,NVSHMEM,C0_DEFAULT,2048,4096,2048,8,1,2097152,4,0,1291.936,1312.672,2384.032,1071.360,PASS,0
PHASEB_formal_d1w_C0_DEFAULT_N4096_q8_rep5,4,D1W_WAITSTREAM_OVERLAP,NVSHMEM,C0_DEFAULT,2048,4096,2048,8,2,2097152,4,0,2308.992,2414.112,3413.792,999.680,PASS,0
PHASEB_formal_d1w_C0_DEFAULT_N4096_q8_rep5,4,D1W_WAITSTREAM_OVERLAP,NVSHMEM,C0_DEFAULT,2048,4096,2048,8,3,2097152,4,0,3234.720,3447.168,4439.488,992.544,PASS,0
PHASEB_formal_d1w_C0_DEFAULT_N4096_q8_rep5,4,D1W_WAITSTREAM_OVERLAP,NVSHMEM,C0_DEFAULT,2048,4096,2048,8,4,2097152,4,0,3347.552,4467.648,5524.512,1056.864,PASS,0
PHASEB_formal_d1w_C0_DEFAULT_N4096_q8_rep5,4,D1W_WAITSTREAM_OVERLAP,NVSHMEM,C0_DEFAULT,2048,4096,2048,8,5,2097152,4,0,4259.008,5542.016,6523.552,981.536,PASS,0
PHASEB_formal_d1w_C0_DEFAULT_N4096_q8_rep5,4,D1W_WAITSTREAM_OVERLAP,NVSHMEM,C0_DEFAULT,2048,4096,2048,8,6,2097152,4,0,4445.536,6541.184,7522.976,981.792,PASS,0
PHASEB_formal_d1w_C0_DEFAULT_N4096_q8_rep5,4,D1W_WAITSTREAM_OVERLAP,NVSHMEM,C0_DEFAULT,2048,4096,2048,8,7,2097152,4,0,5432.192,7540.192,8521.151,980.960,PASS,0
PHASEB_formal_d1w_C0_DEFAULT_N4096_q8_rep5,4,D1W_WAITSTREAM_OVERLAP,NVSHMEM,C0_DEFAULT,2048,4096,2048,8,0,2097152,5,0,220.960,229.344,1296.640,1080.320,PASS,0
PHASEB_formal_d1w_C0_DEFAULT_N4096_q8_rep5,4,D1W_WAITSTREAM_OVERLAP,NVSHMEM,C0_DEFAULT,2048,4096,2048,8,1,2097152,5,0,1300.992,1322.304,2315.232,992.928,PASS,0
PHASEB_formal_d1w_C0_DEFAULT_N4096_q8_rep5,4,D1W_WAITSTREAM_OVERLAP,NVSHMEM,C0_DEFAULT,2048,4096,2048,8,2,2097152,5,0,2286.528,2340.128,3402.688,1062.560,PASS,0
PHASEB_formal_d1w_C0_DEFAULT_N4096_q8_rep5,4,D1W_WAITSTREAM_OVERLAP,NVSHMEM,C0_DEFAULT,2048,4096,2048,8,3,2097152,5,0,3306.560,3428.928,4488.128,1062.656,PASS,0
PHASEB_formal_d1w_C0_DEFAULT_N4096_q8_rep5,4,D1W_WAITSTREAM_OVERLAP,NVSHMEM,C0_DEFAULT,2048,4096,2048,8,4,2097152,5,0,4280.672,4508.992,5562.976,1054.592,PASS,0
PHASEB_formal_d1w_C0_DEFAULT_N4096_q8_rep5,4,D1W_WAITSTREAM_OVERLAP,NVSHMEM,C0_DEFAULT,2048,4096,2048,8,5,2097152,5,0,4386.464,5585.568,6567.296,981.728,PASS,0
PHASEB_formal_d1w_C0_DEFAULT_N4096_q8_rep5,4,D1W_WAITSTREAM_OVERLAP,NVSHMEM,C0_DEFAULT,2048,4096,2048,8,6,2097152,5,0,5362.624,6584.704,7567.808,983.104,PASS,0
PHASEB_formal_d1w_C0_DEFAULT_N4096_q8_rep5,4,D1W_WAITSTREAM_OVERLAP,NVSHMEM,C0_DEFAULT,2048,4096,2048,8,7,2097152,5,0,6361.344,7585.344,8567.456,982.112,PASS,0
PHASEB_formal_d1w_C0_DEFAULT_N4096_q8_rep5,4,D1W_WAITSTREAM_OVERLAP,NVSHMEM,C0_DEFAULT,2048,4096,2048,8,0,2097152,6,0,212.064,220.032,1288.160,1068.128,PASS,0
PHASEB_formal_d1w_C0_DEFAULT_N4096_q8_rep5,4,D1W_WAITSTREAM_OVERLAP,NVSHMEM,C0_DEFAULT,2048,4096,2048,8,1,2097152,6,0,1281.440,1317.984,2384.224,1066.240,PASS,0
PHASEB_formal_d1w_C0_DEFAULT_N4096_q8_rep5,4,D1W_WAITSTREAM_OVERLAP,NVSHMEM,C0_DEFAULT,2048,4096,2048,8,2,2097152,6,0,2258.976,2408.896,3478.784,1069.888,PASS,0
PHASEB_formal_d1w_C0_DEFAULT_N4096_q8_rep5,4,D1W_WAITSTREAM_OVERLAP,NVSHMEM,C0_DEFAULT,2048,4096,2048,8,3,2097152,6,0,3331.680,3507.168,4498.240,1042.944,PASS,0
PHASEB_formal_d1w_C0_DEFAULT_N4096_q8_rep5,4,D1W_WAITSTREAM_OVERLAP,NVSHMEM,C0_DEFAULT,2048,4096,2048,8,4,2097152,6,0,4337.248,4518.624,5535.232,1049.568,PASS,0
PHASEB_formal_d1w_C0_DEFAULT_N4096_q8_rep5,4,D1W_WAITSTREAM_OVERLAP,NVSHMEM,C0_DEFAULT,2048,4096,2048,8,5,2097152,6,0,4387.040,5556.736,6524.448,981.824,PASS,0
PHASEB_formal_d1w_C0_DEFAULT_N4096_q8_rep5,4,D1W_WAITSTREAM_OVERLAP,NVSHMEM,C0_DEFAULT,2048,4096,2048,8,6,2097152,6,0,5395.808,6541.536,7509.120,981.440,PASS,0
PHASEB_formal_d1w_C0_DEFAULT_N4096_q8_rep5,4,D1W_WAITSTREAM_OVERLAP,NVSHMEM,C0_DEFAULT,2048,4096,2048,8,7,2097152,6,0,6386.880,7526.464,8503.744,981.280,PASS,0
PHASEB_formal_d1w_C0_DEFAULT_N4096_q8_rep5,4,D1W_WAITSTREAM_OVERLAP,NVSHMEM,C0_DEFAULT,2048,4096,2048,8,0,2097152,7,0,196.224,227.744,1299.936,1072.192,PASS,0
PHASEB_formal_d1w_C0_DEFAULT_N4096_q8_rep5,4,D1W_WAITSTREAM_OVERLAP,NVSHMEM,C0_DEFAULT,2048,4096,2048,8,1,2097152,7,0,1237.088,1328.352,2318.464,990.112,PASS,0
PHASEB_formal_d1w_C0_DEFAULT_N4096_q8_rep5,4,D1W_WAITSTREAM_OVERLAP,NVSHMEM,C0_DEFAULT,2048,4096,2048,8,2,2097152,7,0,2156.192,2344.320,3410.688,1066.368,PASS,0
PHASEB_formal_d1w_C0_DEFAULT_N4096_q8_rep5,4,D1W_WAITSTREAM_OVERLAP,NVSHMEM,C0_DEFAULT,2048,4096,2048,8,3,2097152,7,0,2235.808,3440.192,4496.608,1058.720,PASS,0
PHASEB_formal_d1w_C0_DEFAULT_N4096_q8_rep5,4,D1W_WAITSTREAM_OVERLAP,NVSHMEM,C0_DEFAULT,2048,4096,2048,8,4,2097152,7,0,3271.552,4518.848,5500.544,1049.216,PASS,0
PHASEB_formal_d1w_C0_DEFAULT_N4096_q8_rep5,4,D1W_WAITSTREAM_OVERLAP,NVSHMEM,C0_DEFAULT,2048,4096,2048,8,5,2097152,7,0,4101.632,5518.144,6499.072,980.928,PASS,0
PHASEB_formal_d1w_C0_DEFAULT_N4096_q8_rep5,4,D1W_WAITSTREAM_OVERLAP,NVSHMEM,C0_DEFAULT,2048,4096,2048,8,6,2097152,7,0,4346.656,6516.512,7498.688,982.176,PASS,0
PHASEB_formal_d1w_C0_DEFAULT_N4096_q8_rep5,4,D1W_WAITSTREAM_OVERLAP,NVSHMEM,C0_DEFAULT,2048,4096,2048,8,7,2097152,7,0,5369.056,7516.032,8497.376,981.344,PASS,0
PHASEB_formal_d1w_C0_DEFAULT_N4096_q8_rep5,4,D1W_WAITSTREAM_OVERLAP,NVSHMEM,C0_DEFAULT,2048,4096,2048,8,0,2097152,8,0,236.256,245.632,1307.008,1064.224,PASS,0
PHASEB_formal_d1w_C0_DEFAULT_N4096_q8_rep5,4,D1W_WAITSTREAM_OVERLAP,NVSHMEM,C0_DEFAULT,2048,4096,2048,8,1,2097152,8,0,1278.080,1329.792,2398.304,1070.144,PASS,0
PHASEB_formal_d1w_C0_DEFAULT_N4096_q8_rep5,4,D1W_WAITSTREAM_OVERLAP,NVSHMEM,C0_DEFAULT,2048,4096,2048,8,2,2097152,8,0,2247.552,2426.336,3486.976,1060.640,PASS,0
PHASEB_formal_d1w_C0_DEFAULT_N4096_q8_rep5,4,D1W_WAITSTREAM_OVERLAP,NVSHMEM,C0_DEFAULT,2048,4096,2048,8,3,2097152,8,0,3105.248,3537.664,4595.040,1057.376,PASS,0
PHASEB_formal_d1w_C0_DEFAULT_N4096_q8_rep5,4,D1W_WAITSTREAM_OVERLAP,NVSHMEM,C0_DEFAULT,2048,4096,2048,8,4,2097152,8,0,3348.288,4612.384,5594.560,982.176,PASS,0
PHASEB_formal_d1w_C0_DEFAULT_N4096_q8_rep5,4,D1W_WAITSTREAM_OVERLAP,NVSHMEM,C0_DEFAULT,2048,4096,2048,8,5,2097152,8,0,4138.048,5612.096,6593.280,981.184,PASS,0
PHASEB_formal_d1w_C0_DEFAULT_N4096_q8_rep5,4,D1W_WAITSTREAM_OVERLAP,NVSHMEM,C0_DEFAULT,2048,4096,2048,8,6,2097152,8,0,4445.056,6610.656,7592.064,981.408,PASS,0
PHASEB_formal_d1w_C0_DEFAULT_N4096_q8_rep5,4,D1W_WAITSTREAM_OVERLAP,NVSHMEM,C0_DEFAULT,2048,4096,2048,8,7,2097152,8,0,5150.304,7609.472,8590.399,980.928,PASS,0
PHASEB_formal_d1w_C0_DEFAULT_N4096_q8_rep5,4,D1W_WAITSTREAM_OVERLAP,NVSHMEM,C0_DEFAULT,2048,4096,2048,8,0,2097152,9,0,212.544,221.184,1284.544,1063.392,PASS,0
PHASEB_formal_d1w_C0_DEFAULT_N4096_q8_rep5,4,D1W_WAITSTREAM_OVERLAP,NVSHMEM,C0_DEFAULT,2048,4096,2048,8,1,2097152,9,0,1299.456,1314.240,2376.800,1062.560,PASS,0
PHASEB_formal_d1w_C0_DEFAULT_N4096_q8_rep5,4,D1W_WAITSTREAM_OVERLAP,NVSHMEM,C0_DEFAULT,2048,4096,2048,8,2,2097152,9,0,2332.480,2399.520,3391.616,1024.864,PASS,0
PHASEB_formal_d1w_C0_DEFAULT_N4096_q8_rep5,4,D1W_WAITSTREAM_OVERLAP,NVSHMEM,C0_DEFAULT,2048,4096,2048,8,3,2097152,9,0,3216.480,3420.704,4486.272,1065.568,PASS,0
PHASEB_formal_d1w_C0_DEFAULT_N4096_q8_rep5,4,D1W_WAITSTREAM_OVERLAP,NVSHMEM,C0_DEFAULT,2048,4096,2048,8,4,2097152,9,0,3397.152,4508.032,5494.176,986.144,PASS,0
PHASEB_formal_d1w_C0_DEFAULT_N4096_q8_rep5,4,D1W_WAITSTREAM_OVERLAP,NVSHMEM,C0_DEFAULT,2048,4096,2048,8,5,2097152,9,0,4481.984,5512.992,6494.656,981.664,PASS,0
PHASEB_formal_d1w_C0_DEFAULT_N4096_q8_rep5,4,D1W_WAITSTREAM_OVERLAP,NVSHMEM,C0_DEFAULT,2048,4096,2048,8,6,2097152,9,0,5341.152,6512.096,7494.080,981.984,PASS,0
PHASEB_formal_d1w_C0_DEFAULT_N4096_q8_rep5,4,D1W_WAITSTREAM_OVERLAP,NVSHMEM,C0_DEFAULT,2048,4096,2048,8,7,2097152,9,0,5498.528,7512.064,8493.312,981.248,PASS,0
PHASEB_formal_d1w_C0_DEFAULT_N4096_q8_rep5,4,D1W_WAITSTREAM_OVERLAP,NVSHMEM,C0_DEFAULT,2048,4096,2048,8,0,2097152,10,0,205.440,213.088,1283.712,1078.176,PASS,0
PHASEB_formal_d1w_C0_DEFAULT_N4096_q8_rep5,4,D1W_WAITSTREAM_OVERLAP,NVSHMEM,C0_DEFAULT,2048,4096,2048,8,1,2097152,10,0,1240.928,1313.536,2376.512,1062.976,PASS,0
PHASEB_formal_d1w_C0_DEFAULT_N4096_q8_rep5,4,D1W_WAITSTREAM_OVERLAP,NVSHMEM,C0_DEFAULT,2048,4096,2048,8,2,2097152,10,0,2344.832,2399.104,3461.536,1065.568,PASS,0
PHASEB_formal_d1w_C0_DEFAULT_N4096_q8_rep5,4,D1W_WAITSTREAM_OVERLAP,NVSHMEM,C0_DEFAULT,2048,4096,2048,8,3,2097152,10,0,3289.120,3489.792,4546.080,1056.288,PASS,0
PHASEB_formal_d1w_C0_DEFAULT_N4096_q8_rep5,4,D1W_WAITSTREAM_OVERLAP,NVSHMEM,C0_DEFAULT,2048,4096,2048,8,4,2097152,10,0,3365.664,4566.368,5593.440,1049.696,PASS,0
PHASEB_formal_d1w_C0_DEFAULT_N4096_q8_rep5,4,D1W_WAITSTREAM_OVERLAP,NVSHMEM,C0_DEFAULT,2048,4096,2048,8,5,2097152,10,0,4381.888,5611.072,6585.504,981.408,PASS,0
PHASEB_formal_d1w_C0_DEFAULT_N4096_q8_rep5,4,D1W_WAITSTREAM_OVERLAP,NVSHMEM,C0_DEFAULT,2048,4096,2048,8,6,2097152,10,0,4433.152,6602.624,7577.312,981.536,PASS,0
PHASEB_formal_d1w_C0_DEFAULT_N4096_q8_rep5,4,D1W_WAITSTREAM_OVERLAP,NVSHMEM,C0_DEFAULT,2048,4096,2048,8,7,2097152,10,0,5439.328,7594.688,8570.880,981.056,PASS,0
PHASEB_formal_d1w_C0_DEFAULT_N4096_q8_rep5,4,D1W_WAITSTREAM_OVERLAP,NVSHMEM,C0_DEFAULT,2048,4096,2048,8,0,2097152,11,0,205.568,212.352,1283.648,1071.296,PASS,0
PHASEB_formal_d1w_C0_DEFAULT_N4096_q8_rep5,4,D1W_WAITSTREAM_OVERLAP,NVSHMEM,C0_DEFAULT,2048,4096,2048,8,1,2097152,11,0,1239.392,1318.176,2309.184,995.136,PASS,0
PHASEB_formal_d1w_C0_DEFAULT_N4096_q8_rep5,4,D1W_WAITSTREAM_OVERLAP,NVSHMEM,C0_DEFAULT,2048,4096,2048,8,2,2097152,11,0,2142.912,2338.656,3397.920,1070.272,PASS,0
PHASEB_formal_d1w_C0_DEFAULT_N4096_q8_rep5,4,D1W_WAITSTREAM_OVERLAP,NVSHMEM,C0_DEFAULT,2048,4096,2048,8,3,2097152,11,0,2316.192,3421.248,4479.168,1087.680,PASS,0
PHASEB_formal_d1w_C0_DEFAULT_N4096_q8_rep5,4,D1W_WAITSTREAM_OVERLAP,NVSHMEM,C0_DEFAULT,2048,4096,2048,8,4,2097152,11,0,3402.240,4500.384,5558.976,1066.688,PASS,0
PHASEB_formal_d1w_C0_DEFAULT_N4096_q8_rep5,4,D1W_WAITSTREAM_OVERLAP,NVSHMEM,C0_DEFAULT,2048,4096,2048,8,5,2097152,11,0,4490.080,5580.704,6635.296,1054.592,PASS,0
PHASEB_formal_d1w_C0_DEFAULT_N4096_q8_rep5,4,D1W_WAITSTREAM_OVERLAP,NVSHMEM,C0_DEFAULT,2048,4096,2048,8,6,2097152,11,0,5563.968,6652.480,7635.104,982.624,PASS,0
PHASEB_formal_d1w_C0_DEFAULT_N4096_q8_rep5,4,D1W_WAITSTREAM_OVERLAP,NVSHMEM,C0_DEFAULT,2048,4096,2048,8,7,2097152,11,0,6527.744,7652.736,8634.688,981.952,PASS,0
PHASEB_formal_d1w_C0_DEFAULT_N4096_q8_rep5,4,D1W_WAITSTREAM_OVERLAP,NVSHMEM,C0_DEFAULT,2048,4096,2048,8,0,2097152,12,0,210.048,218.528,1281.760,1065.952,PASS,0
PHASEB_formal_d1w_C0_DEFAULT_N4096_q8_rep5,4,D1W_WAITSTREAM_OVERLAP,NVSHMEM,C0_DEFAULT,2048,4096,2048,8,1,2097152,12,0,1251.264,1305.632,2372.320,1066.688,PASS,0
PHASEB_formal_d1w_C0_DEFAULT_N4096_q8_rep5,4,D1W_WAITSTREAM_OVERLAP,NVSHMEM,C0_DEFAULT,2048,4096,2048,8,2,2097152,12,0,2275.808,2402.176,3467.552,1067.328,PASS,0
PHASEB_formal_d1w_C0_DEFAULT_N4096_q8_rep5,4,D1W_WAITSTREAM_OVERLAP,NVSHMEM,C0_DEFAULT,2048,4096,2048,8,3,2097152,12,0,3300.064,3490.752,4548.416,1057.664,PASS,0
PHASEB_formal_d1w_C0_DEFAULT_N4096_q8_rep5,4,D1W_WAITSTREAM_OVERLAP,NVSHMEM,C0_DEFAULT,2048,4096,2048,8,4,2097152,12,0,3424.160,4571.680,5623.744,1052.064,PASS,0
PHASEB_formal_d1w_C0_DEFAULT_N4096_q8_rep5,4,D1W_WAITSTREAM_OVERLAP,NVSHMEM,C0_DEFAULT,2048,4096,2048,8,5,2097152,12,0,4396.896,5641.280,6622.592,981.312,PASS,0
PHASEB_formal_d1w_C0_DEFAULT_N4096_q8_rep5,4,D1W_WAITSTREAM_OVERLAP,NVSHMEM,C0_DEFAULT,2048,4096,2048,8,6,2097152,12,0,5083.168,6639.968,7621.600,981.632,PASS,0
PHASEB_formal_d1w_C0_DEFAULT_N4096_q8_rep5,4,D1W_WAITSTREAM_OVERLAP,NVSHMEM,C0_DEFAULT,2048,4096,2048,8,7,2097152,12,0,5453.184,7638.816,8620.320,981.504,PASS,0
PHASEB_formal_d1w_C0_DEFAULT_N4096_q8_rep5,4,D1W_WAITSTREAM_OVERLAP,NVSHMEM,C0_DEFAULT,2048,4096,2048,8,0,2097152,13,0,201.920,210.080,1279.008,1068.928,PASS,0
PHASEB_formal_d1w_C0_DEFAULT_N4096_q8_rep5,4,D1W_WAITSTREAM_OVERLAP,NVSHMEM,C0_DEFAULT,2048,4096,2048,8,1,2097152,13,0,1243.872,1307.904,2371.136,1063.424,PASS,0
PHASEB_formal_d1w_C0_DEFAULT_N4096_q8_rep5,4,D1W_WAITSTREAM_OVERLAP,NVSHMEM,C0_DEFAULT,2048,4096,2048,8,2,2097152,13,0,2248.256,2404.800,3467.200,1062.400,PASS,0
PHASEB_formal_d1w_C0_DEFAULT_N4096_q8_rep5,4,D1W_WAITSTREAM_OVERLAP,NVSHMEM,C0_DEFAULT,2048,4096,2048,8,3,2097152,13,0,3060.384,3492.288,4549.824,1057.536,PASS,0
PHASEB_formal_d1w_C0_DEFAULT_N4096_q8_rep5,4,D1W_WAITSTREAM_OVERLAP,NVSHMEM,C0_DEFAULT,2048,4096,2048,8,4,2097152,13,0,3324.256,4570.656,5552.576,981.920,PASS,0
PHASEB_formal_d1w_C0_DEFAULT_N4096_q8_rep5,4,D1W_WAITSTREAM_OVERLAP,NVSHMEM,C0_DEFAULT,2048,4096,2048,8,5,2097152,13,0,4092.992,5569.984,6551.584,981.600,PASS,0
PHASEB_formal_d1w_C0_DEFAULT_N4096_q8_rep5,4,D1W_WAITSTREAM_OVERLAP,NVSHMEM,C0_DEFAULT,2048,4096,2048,8,6,2097152,13,0,4379.680,6569.024,7551.840,982.816,PASS,0
PHASEB_formal_d1w_C0_DEFAULT_N4096_q8_rep5,4,D1W_WAITSTREAM_OVERLAP,NVSHMEM,C0_DEFAULT,2048,4096,2048,8,7,2097152,13,0,5380.800,7569.440,8550.399,980.960,PASS,0
PHASEB_formal_d1w_C0_DEFAULT_N4096_q8_rep5,4,D1W_WAITSTREAM_OVERLAP,NVSHMEM,C0_DEFAULT,2048,4096,2048,8,0,2097152,14,0,199.584,207.552,1270.624,1063.072,PASS,0
PHASEB_formal_d1w_C0_DEFAULT_N4096_q8_rep5,4,D1W_WAITSTREAM_OVERLAP,NVSHMEM,C0_DEFAULT,2048,4096,2048,8,1,2097152,14,0,1285.952,1301.952,2369.920,1067.968,PASS,0
PHASEB_formal_d1w_C0_DEFAULT_N4096_q8_rep5,4,D1W_WAITSTREAM_OVERLAP,NVSHMEM,C0_DEFAULT,2048,4096,2048,8,2,2097152,14,0,2235.168,2402.848,3469.824,1066.976,PASS,0
PHASEB_formal_d1w_C0_DEFAULT_N4096_q8_rep5,4,D1W_WAITSTREAM_OVERLAP,NVSHMEM,C0_DEFAULT,2048,4096,2048,8,3,2097152,14,0,3056.384,3494.368,4553.920,1059.552,PASS,0
PHASEB_formal_d1w_C0_DEFAULT_N4096_q8_rep5,4,D1W_WAITSTREAM_OVERLAP,NVSHMEM,C0_DEFAULT,2048,4096,2048,8,4,2097152,14,0,3323.936,4571.520,5553.888,982.368,PASS,0
PHASEB_formal_d1w_C0_DEFAULT_N4096_q8_rep5,4,D1W_WAITSTREAM_OVERLAP,NVSHMEM,C0_DEFAULT,2048,4096,2048,8,5,2097152,14,0,4086.016,5571.232,6552.448,981.216,PASS,0
PHASEB_formal_d1w_C0_DEFAULT_N4096_q8_rep5,4,D1W_WAITSTREAM_OVERLAP,NVSHMEM,C0_DEFAULT,2048,4096,2048,8,6,2097152,14,0,4383.232,6569.792,7551.680,981.888,PASS,0
PHASEB_formal_d1w_C0_DEFAULT_N4096_q8_rep5,4,D1W_WAITSTREAM_OVERLAP,NVSHMEM,C0_DEFAULT,2048,4096,2048,8,7,2097152,14,0,5106.016,7569.120,8550.527,981.408,PASS,0
PHASEB_formal_d1w_C0_DEFAULT_N4096_q8_rep5,4,D1W_WAITSTREAM_OVERLAP,NVSHMEM,C0_DEFAULT,2048,4096,2048,8,0,2097152,15,0,218.624,225.824,1286.368,1075.296,PASS,0
PHASEB_formal_d1w_C0_DEFAULT_N4096_q8_rep5,4,D1W_WAITSTREAM_OVERLAP,NVSHMEM,C0_DEFAULT,2048,4096,2048,8,1,2097152,15,0,1233.280,1315.296,2381.056,1065.760,PASS,0
PHASEB_formal_d1w_C0_DEFAULT_N4096_q8_rep5,4,D1W_WAITSTREAM_OVERLAP,NVSHMEM,C0_DEFAULT,2048,4096,2048,8,2,2097152,15,0,2239.712,2407.680,3470.816,1063.136,PASS,0
PHASEB_formal_d1w_C0_DEFAULT_N4096_q8_rep5,4,D1W_WAITSTREAM_OVERLAP,NVSHMEM,C0_DEFAULT,2048,4096,2048,8,3,2097152,15,0,3302.016,3497.600,4484.832,1053.248,PASS,0
PHASEB_formal_d1w_C0_DEFAULT_N4096_q8_rep5,4,D1W_WAITSTREAM_OVERLAP,NVSHMEM,C0_DEFAULT,2048,4096,2048,8,4,2097152,15,0,3346.976,4507.328,5513.856,1008.192,PASS,0
PHASEB_formal_d1w_C0_DEFAULT_N4096_q8_rep5,4,D1W_WAITSTREAM_OVERLAP,NVSHMEM,C0_DEFAULT,2048,4096,2048,8,5,2097152,15,0,4331.072,5531.360,6508.896,981.888,PASS,0
PHASEB_formal_d1w_C0_DEFAULT_N4096_q8_rep5,4,D1W_WAITSTREAM_OVERLAP,NVSHMEM,C0_DEFAULT,2048,4096,2048,8,6,2097152,15,0,4379.840,6525.824,7503.808,982.368,PASS,0
PHASEB_formal_d1w_C0_DEFAULT_N4096_q8_rep5,4,D1W_WAITSTREAM_OVERLAP,NVSHMEM,C0_DEFAULT,2048,4096,2048,8,7,2097152,15,0,5347.424,7520.960,8498.176,981.760,PASS,0
PHASEB_formal_d1w_C0_DEFAULT_N4096_q8_rep5,4,D1W_WAITSTREAM_OVERLAP,NVSHMEM,C0_DEFAULT,2048,4096,2048,8,0,2097152,16,0,221.888,229.088,1294.144,1065.056,PASS,0
PHASEB_formal_d1w_C0_DEFAULT_N4096_q8_rep5,4,D1W_WAITSTREAM_OVERLAP,NVSHMEM,C0_DEFAULT,2048,4096,2048,8,1,2097152,16,0,1253.856,1323.232,2387.136,1063.904,PASS,0
PHASEB_formal_d1w_C0_DEFAULT_N4096_q8_rep5,4,D1W_WAITSTREAM_OVERLAP,NVSHMEM,C0_DEFAULT,2048,4096,2048,8,2,2097152,16,0,2330.528,2416.928,3410.112,1044.448,PASS,0
PHASEB_formal_d1w_C0_DEFAULT_N4096_q8_rep5,4,D1W_WAITSTREAM_OVERLAP,NVSHMEM,C0_DEFAULT,2048,4096,2048,8,3,2097152,16,0,3338.240,3442.944,4463.808,1049.760,PASS,0
PHASEB_formal_d1w_C0_DEFAULT_N4096_q8_rep5,4,D1W_WAITSTREAM_OVERLAP,NVSHMEM,C0_DEFAULT,2048,4096,2048,8,4,2097152,16,0,4330.720,4514.016,5481.184,983.712,PASS,0
PHASEB_formal_d1w_C0_DEFAULT_N4096_q8_rep5,4,D1W_WAITSTREAM_OVERLAP,NVSHMEM,C0_DEFAULT,2048,4096,2048,8,5,2097152,16,0,5324.736,5502.400,6466.880,1049.312,PASS,0
PHASEB_formal_d1w_C0_DEFAULT_N4096_q8_rep5,4,D1W_WAITSTREAM_OVERLAP,NVSHMEM,C0_DEFAULT,2048,4096,2048,8,6,2097152,16,0,5405.792,6484.000,7452.640,981.312,PASS,0
PHASEB_formal_d1w_C0_DEFAULT_N4096_q8_rep5,4,D1W_WAITSTREAM_OVERLAP,NVSHMEM,C0_DEFAULT,2048,4096,2048,8,7,2097152,16,0,6314.496,7470.112,8448.416,980.704,PASS,0
PHASEB_formal_d1w_C0_DEFAULT_N4096_q8_rep5,4,D1W_WAITSTREAM_OVERLAP,NVSHMEM,C0_DEFAULT,2048,4096,2048,8,0,2097152,17,0,208.576,217.216,1284.608,1067.392,PASS,0
PHASEB_formal_d1w_C0_DEFAULT_N4096_q8_rep5,4,D1W_WAITSTREAM_OVERLAP,NVSHMEM,C0_DEFAULT,2048,4096,2048,8,1,2097152,17,0,1244.160,1316.608,2310.624,994.016,PASS,0
PHASEB_formal_d1w_C0_DEFAULT_N4096_q8_rep5,4,D1W_WAITSTREAM_OVERLAP,NVSHMEM,C0_DEFAULT,2048,4096,2048,8,2,2097152,17,0,2151.360,2345.856,3409.760,1063.904,PASS,0
PHASEB_formal_d1w_C0_DEFAULT_N4096_q8_rep5,4,D1W_WAITSTREAM_OVERLAP,NVSHMEM,C0_DEFAULT,2048,4096,2048,8,3,2097152,17,0,3070.496,3439.744,4497.664,1057.920,PASS,0
PHASEB_formal_d1w_C0_DEFAULT_N4096_q8_rep5,4,D1W_WAITSTREAM_OVERLAP,NVSHMEM,C0_DEFAULT,2048,4096,2048,8,4,2097152,17,0,4141.056,4519.328,5503.072,991.552,PASS,0
PHASEB_formal_d1w_C0_DEFAULT_N4096_q8_rep5,4,D1W_WAITSTREAM_OVERLAP,NVSHMEM,C0_DEFAULT,2048,4096,2048,8,5,2097152,17,0,4345.632,5525.376,6507.200,1037.120,PASS,0
PHASEB_formal_d1w_C0_DEFAULT_N4096_q8_rep5,4,D1W_WAITSTREAM_OVERLAP,NVSHMEM,C0_DEFAULT,2048,4096,2048,8,6,2097152,17,0,5352.512,6524.608,7507.232,982.624,PASS,0
PHASEB_formal_d1w_C0_DEFAULT_N4096_q8_rep5,4,D1W_WAITSTREAM_OVERLAP,NVSHMEM,C0_DEFAULT,2048,4096,2048,8,7,2097152,17,0,6352.480,7524.608,8506.368,981.760,PASS,0
PHASEB_formal_d1w_C0_DEFAULT_N4096_q8_rep5,4,D1W_WAITSTREAM_OVERLAP,NVSHMEM,C0_DEFAULT,2048,4096,2048,8,0,2097152,18,0,202.560,210.912,1273.184,1063.328,PASS,0
PHASEB_formal_d1w_C0_DEFAULT_N4096_q8_rep5,4,D1W_WAITSTREAM_OVERLAP,NVSHMEM,C0_DEFAULT,2048,4096,2048,8,1,2097152,18,0,1285.056,1300.768,2368.992,1068.224,PASS,0
PHASEB_formal_d1w_C0_DEFAULT_N4096_q8_rep5,4,D1W_WAITSTREAM_OVERLAP,NVSHMEM,C0_DEFAULT,2048,4096,2048,8,2,2097152,18,0,2327.136,2394.112,3401.728,1007.616,PASS,0
PHASEB_formal_d1w_C0_DEFAULT_N4096_q8_rep5,4,D1W_WAITSTREAM_OVERLAP,NVSHMEM,C0_DEFAULT,2048,4096,2048,8,3,2097152,18,0,3247.520,3436.480,4495.968,1062.240,PASS,0
PHASEB_formal_d1w_C0_DEFAULT_N4096_q8_rep5,4,D1W_WAITSTREAM_OVERLAP,NVSHMEM,C0_DEFAULT,2048,4096,2048,8,4,2097152,18,0,3339.968,4517.984,5573.504,1055.520,PASS,0
PHASEB_formal_d1w_C0_DEFAULT_N4096_q8_rep5,4,D1W_WAITSTREAM_OVERLAP,NVSHMEM,C0_DEFAULT,2048,4096,2048,8,5,2097152,18,0,4335.200,5591.072,6572.480,981.408,PASS,0
PHASEB_formal_d1w_C0_DEFAULT_N4096_q8_rep5,4,D1W_WAITSTREAM_OVERLAP,NVSHMEM,C0_DEFAULT,2048,4096,2048,8,6,2097152,18,0,4437.152,6590.112,7571.264,981.152,PASS,0
PHASEB_formal_d1w_C0_DEFAULT_N4096_q8_rep5,4,D1W_WAITSTREAM_OVERLAP,NVSHMEM,C0_DEFAULT,2048,4096,2048,8,7,2097152,18,0,5406.656,7588.704,8570.240,981.536,PASS,0
PHASEB_formal_d1w_C0_DEFAULT_N4096_q8_rep5,4,D1W_WAITSTREAM_OVERLAP,NVSHMEM,C0_DEFAULT,2048,4096,2048,8,0,2097152,19,0,226.240,235.200,1298.272,1065.408,PASS,0
PHASEB_formal_d1w_C0_DEFAULT_N4096_q8_rep5,4,D1W_WAITSTREAM_OVERLAP,NVSHMEM,C0_DEFAULT,2048,4096,2048,8,1,2097152,19,0,1250.848,1330.848,2320.960,991.104,PASS,0
PHASEB_formal_d1w_C0_DEFAULT_N4096_q8_rep5,4,D1W_WAITSTREAM_OVERLAP,NVSHMEM,C0_DEFAULT,2048,4096,2048,8,2,2097152,19,0,2136.608,2347.392,3407.168,1067.776,PASS,0
PHASEB_formal_d1w_C0_DEFAULT_N4096_q8_rep5,4,D1W_WAITSTREAM_OVERLAP,NVSHMEM,C0_DEFAULT,2048,4096,2048,8,3,2097152,19,0,2332.064,3434.272,4496.096,1061.824,PASS,0
PHASEB_formal_d1w_C0_DEFAULT_N4096_q8_rep5,4,D1W_WAITSTREAM_OVERLAP,NVSHMEM,C0_DEFAULT,2048,4096,2048,8,4,2097152,19,0,4104.960,4518.784,5572.096,1053.312,PASS,0
PHASEB_formal_d1w_C0_DEFAULT_N4096_q8_rep5,4,D1W_WAITSTREAM_OVERLAP,NVSHMEM,C0_DEFAULT,2048,4096,2048,8,5,2097152,19,0,4358.240,5589.792,6571.264,981.472,PASS,0
PHASEB_formal_d1w_C0_DEFAULT_N4096_q8_rep5,4,D1W_WAITSTREAM_OVERLAP,NVSHMEM,C0_DEFAULT,2048,4096,2048,8,6,2097152,19,0,5109.952,6588.704,7571.072,982.368,PASS,0
PHASEB_formal_d1w_C0_DEFAULT_N4096_q8_rep5,4,D1W_WAITSTREAM_OVERLAP,NVSHMEM,C0_DEFAULT,2048,4096,2048,8,7,2097152,19,0,6146.592,7588.416,8569.664,981.248,PASS,0
PHASEB_formal_d1w_C0_DEFAULT_N4096_q8_rep5,4,D1W_WAITSTREAM_OVERLAP,NVSHMEM,C0_DEFAULT,2048,4096,2048,8,0,2097152,20,0,209.120,218.304,1281.920,1063.616,PASS,0
PHASEB_formal_d1w_C0_DEFAULT_N4096_q8_rep5,4,D1W_WAITSTREAM_OVERLAP,NVSHMEM,C0_DEFAULT,2048,4096,2048,8,1,2097152,20,0,1294.304,1307.680,2372.800,1065.120,PASS,0
PHASEB_formal_d1w_C0_DEFAULT_N4096_q8_rep5,4,D1W_WAITSTREAM_OVERLAP,NVSHMEM,C0_DEFAULT,2048,4096,2048,8,2,2097152,20,0,2333.984,2401.792,3392.608,1006.016,PASS,0
PHASEB_formal_d1w_C0_DEFAULT_N4096_q8_rep5,4,D1W_WAITSTREAM_OVERLAP,NVSHMEM,C0_DEFAULT,2048,4096,2048,8,3,2097152,20,0,3216.448,3425.536,4510.656,1085.120,PASS,0
PHASEB_formal_d1w_C0_DEFAULT_N4096_q8_rep5,4,D1W_WAITSTREAM_OVERLAP,NVSHMEM,C0_DEFAULT,2048,4096,2048,8,4,2097152,20,0,3405.184,4532.672,5589.952,1067.488,PASS,0
PHASEB_formal_d1w_C0_DEFAULT_N4096_q8_rep5,4,D1W_WAITSTREAM_OVERLAP,NVSHMEM,C0_DEFAULT,2048,4096,2048,8,5,2097152,20,0,4398.208,5612.096,6666.080,1053.984,PASS,0
PHASEB_formal_d1w_C0_DEFAULT_N4096_q8_rep5,4,D1W_WAITSTREAM_OVERLAP,NVSHMEM,C0_DEFAULT,2048,4096,2048,8,6,2097152,20,0,5497.024,6683.424,7664.864,981.440,PASS,0
PHASEB_formal_d1w_C0_DEFAULT_N4096_q8_rep5,4,D1W_WAITSTREAM_OVERLAP,NVSHMEM,C0_DEFAULT,2048,4096,2048,8,7,2097152,20,0,6530.240,7682.272,8663.712,981.440,PASS,0
PHASEB_formal_d1w_C0_DEFAULT_N4096_q8_rep5,4,D1W_WAITSTREAM_OVERLAP,NVSHMEM,C0_DEFAULT,2048,4096,2048,8,0,2097152,21,0,215.328,223.232,1286.528,1066.208,PASS,0
PHASEB_formal_d1w_C0_DEFAULT_N4096_q8_rep5,4,D1W_WAITSTREAM_OVERLAP,NVSHMEM,C0_DEFAULT,2048,4096,2048,8,1,2097152,21,0,1298.464,1314.208,2385.824,1071.616,PASS,0
PHASEB_formal_d1w_C0_DEFAULT_N4096_q8_rep5,4,D1W_WAITSTREAM_OVERLAP,NVSHMEM,C0_DEFAULT,2048,4096,2048,8,2,2097152,21,0,2281.536,2411.168,3471.680,1063.232,PASS,0
PHASEB_formal_d1w_C0_DEFAULT_N4096_q8_rep5,4,D1W_WAITSTREAM_OVERLAP,NVSHMEM,C0_DEFAULT,2048,4096,2048,8,3,2097152,21,0,3304.928,3502.272,4493.088,990.816,PASS,0
PHASEB_formal_d1w_C0_DEFAULT_N4096_q8_rep5,4,D1W_WAITSTREAM_OVERLAP,NVSHMEM,C0_DEFAULT,2048,4096,2048,8,4,2097152,21,0,4354.528,4514.464,5495.456,990.656,PASS,0
PHASEB_formal_d1w_C0_DEFAULT_N4096_q8_rep5,4,D1W_WAITSTREAM_OVERLAP,NVSHMEM,C0_DEFAULT,2048,4096,2048,8,5,2097152,21,0,5359.872,5516.320,6495.232,982.432,PASS,0
PHASEB_formal_d1w_C0_DEFAULT_N4096_q8_rep5,4,D1W_WAITSTREAM_OVERLAP,NVSHMEM,C0_DEFAULT,2048,4096,2048,8,6,2097152,21,0,6346.528,6512.352,7493.920,982.464,PASS,0
PHASEB_formal_d1w_C0_DEFAULT_N4096_q8_rep5,4,D1W_WAITSTREAM_OVERLAP,NVSHMEM,C0_DEFAULT,2048,4096,2048,8,7,2097152,21,0,6391.488,7511.296,8492.992,981.696,PASS,0
PHASEB_formal_d1w_C0_DEFAULT_N4096_q8_rep5,4,D1W_WAITSTREAM_OVERLAP,NVSHMEM,C0_DEFAULT,2048,4096,2048,8,0,2097152,22,0,180.064,188.416,1246.144,1058.048,PASS,0
PHASEB_formal_d1w_C0_DEFAULT_N4096_q8_rep5,4,D1W_WAITSTREAM_OVERLAP,NVSHMEM,C0_DEFAULT,2048,4096,2048,8,1,2097152,22,0,1278.624,1287.744,2276.768,994.400,PASS,0
PHASEB_formal_d1w_C0_DEFAULT_N4096_q8_rep5,4,D1W_WAITSTREAM_OVERLAP,NVSHMEM,C0_DEFAULT,2048,4096,2048,8,2,2097152,22,0,2255.840,2301.088,3387.040,1085.952,PASS,0
PHASEB_formal_d1w_C0_DEFAULT_N4096_q8_rep5,4,D1W_WAITSTREAM_OVERLAP,NVSHMEM,C0_DEFAULT,2048,4096,2048,8,3,2097152,22,0,2396.960,3415.296,4475.456,1060.160,PASS,0
PHASEB_formal_d1w_C0_DEFAULT_N4096_q8_rep5,4,D1W_WAITSTREAM_OVERLAP,NVSHMEM,C0_DEFAULT,2048,4096,2048,8,4,2097152,22,0,3339.328,4504.128,5488.384,984.256,PASS,0
PHASEB_formal_d1w_C0_DEFAULT_N4096_q8_rep5,4,D1W_WAITSTREAM_OVERLAP,NVSHMEM,C0_DEFAULT,2048,4096,2048,8,5,2097152,22,0,4145.312,5505.728,6487.296,981.568,PASS,0
PHASEB_formal_d1w_C0_DEFAULT_N4096_q8_rep5,4,D1W_WAITSTREAM_OVERLAP,NVSHMEM,C0_DEFAULT,2048,4096,2048,8,6,2097152,22,0,4449.376,6504.928,7486.048,981.120,PASS,0
PHASEB_formal_d1w_C0_DEFAULT_N4096_q8_rep5,4,D1W_WAITSTREAM_OVERLAP,NVSHMEM,C0_DEFAULT,2048,4096,2048,8,7,2097152,22,0,5319.008,7503.776,8485.184,981.408,PASS,0
PHASEB_formal_d1w_C0_DEFAULT_N4096_q8_rep5,4,D1W_WAITSTREAM_OVERLAP,NVSHMEM,C0_DEFAULT,2048,4096,2048,8,0,2097152,23,0,194.944,202.688,1261.248,1062.688,PASS,0
PHASEB_formal_d1w_C0_DEFAULT_N4096_q8_rep5,4,D1W_WAITSTREAM_OVERLAP,NVSHMEM,C0_DEFAULT,2048,4096,2048,8,1,2097152,23,0,1234.880,1299.904,2292.160,994.656,PASS,0
PHASEB_formal_d1w_C0_DEFAULT_N4096_q8_rep5,4,D1W_WAITSTREAM_OVERLAP,NVSHMEM,C0_DEFAULT,2048,4096,2048,8,2,2097152,23,0,2112.768,2318.336,3307.552,992.480,PASS,0
PHASEB_formal_d1w_C0_DEFAULT_N4096_q8_rep5,4,D1W_WAITSTREAM_OVERLAP,NVSHMEM,C0_DEFAULT,2048,4096,2048,8,3,2097152,23,0,2288.864,3347.680,4406.720,1059.872,PASS,0
PHASEB_formal_d1w_C0_DEFAULT_N4096_q8_rep5,4,D1W_WAITSTREAM_OVERLAP,NVSHMEM,C0_DEFAULT,2048,4096,2048,8,4,2097152,23,0,3136.256,4436.672,5415.936,981.504,PASS,0
PHASEB_formal_d1w_C0_DEFAULT_N4096_q8_rep5,4,D1W_WAITSTREAM_OVERLAP,NVSHMEM,C0_DEFAULT,2048,4096,2048,8,5,2097152,23,0,4159.840,5432.928,6410.144,981.536,PASS,0
PHASEB_formal_d1w_C0_DEFAULT_N4096_q8_rep5,4,D1W_WAITSTREAM_OVERLAP,NVSHMEM,C0_DEFAULT,2048,4096,2048,8,6,2097152,23,0,5157.440,6427.648,7405.792,982.368,PASS,0
PHASEB_formal_d1w_C0_DEFAULT_N4096_q8_rep5,4,D1W_WAITSTREAM_OVERLAP,NVSHMEM,C0_DEFAULT,2048,4096,2048,8,7,2097152,23,0,5244.064,7423.136,8400.704,981.376,PASS,0
PHASEB_formal_d1w_C0_DEFAULT_N4096_q8_rep5,4,D1W_WAITSTREAM_OVERLAP,NVSHMEM,C0_DEFAULT,2048,4096,2048,8,0,2097152,24,0,211.136,219.360,1279.616,1060.256,PASS,0
PHASEB_formal_d1w_C0_DEFAULT_N4096_q8_rep5,4,D1W_WAITSTREAM_OVERLAP,NVSHMEM,C0_DEFAULT,2048,4096,2048,8,1,2097152,24,0,1215.968,1310.112,2302.016,1009.792,PASS,0
PHASEB_formal_d1w_C0_DEFAULT_N4096_q8_rep5,4,D1W_WAITSTREAM_OVERLAP,NVSHMEM,C0_DEFAULT,2048,4096,2048,8,2,2097152,24,0,2155.104,2333.504,3333.632,1057.536,PASS,0
PHASEB_formal_d1w_C0_DEFAULT_N4096_q8_rep5,4,D1W_WAITSTREAM_OVERLAP,NVSHMEM,C0_DEFAULT,2048,4096,2048,8,3,2097152,24,0,2256.352,3359.616,4418.176,1060.480,PASS,0
PHASEB_formal_d1w_C0_DEFAULT_N4096_q8_rep5,4,D1W_WAITSTREAM_OVERLAP,NVSHMEM,C0_DEFAULT,2048,4096,2048,8,4,2097152,24,0,3266.144,4438.464,5491.104,1056.288,PASS,0
PHASEB_formal_d1w_C0_DEFAULT_N4096_q8_rep5,4,D1W_WAITSTREAM_OVERLAP,NVSHMEM,C0_DEFAULT,2048,4096,2048,8,5,2097152,24,0,4312.288,5512.992,6493.856,980.864,PASS,0
PHASEB_formal_d1w_C0_DEFAULT_N4096_q8_rep5,4,D1W_WAITSTREAM_OVERLAP,NVSHMEM,C0_DEFAULT,2048,4096,2048,8,6,2097152,24,0,5316.128,6511.232,7492.928,981.696,PASS,0
PHASEB_formal_d1w_C0_DEFAULT_N4096_q8_rep5,4,D1W_WAITSTREAM_OVERLAP,NVSHMEM,C0_DEFAULT,2048,4096,2048,8,7,2097152,24,0,6318.880,7510.112,8491.808,981.696,PASS,0
PHASEB_formal_d1w_C0_DEFAULT_N4096_q8_rep5,4,D1W_WAITSTREAM_OVERLAP,NVSHMEM,C0_DEFAULT,2048,4096,2048,8,0,2097152,25,0,201.824,209.600,1275.552,1068.576,PASS,0
PHASEB_formal_d1w_C0_DEFAULT_N4096_q8_rep5,4,D1W_WAITSTREAM_OVERLAP,NVSHMEM,C0_DEFAULT,2048,4096,2048,8,1,2097152,25,0,1234.688,1306.336,2371.264,1064.928,PASS,0
PHASEB_formal_d1w_C0_DEFAULT_N4096_q8_rep5,4,D1W_WAITSTREAM_OVERLAP,NVSHMEM,C0_DEFAULT,2048,4096,2048,8,2,2097152,25,0,2292.192,2397.344,3461.472,1064.128,PASS,0
PHASEB_formal_d1w_C0_DEFAULT_N4096_q8_rep5,4,D1W_WAITSTREAM_OVERLAP,NVSHMEM,C0_DEFAULT,2048,4096,2048,8,3,2097152,25,0,3314.272,3502.112,4509.888,1056.288,PASS,0
PHASEB_formal_d1w_C0_DEFAULT_N4096_q8_rep5,4,D1W_WAITSTREAM_OVERLAP,NVSHMEM,C0_DEFAULT,2048,4096,2048,8,4,2097152,25,0,3334.368,4531.680,5579.904,1048.224,PASS,0
PHASEB_formal_d1w_C0_DEFAULT_N4096_q8_rep5,4,D1W_WAITSTREAM_OVERLAP,NVSHMEM,C0_DEFAULT,2048,4096,2048,8,5,2097152,25,0,4355.680,5597.216,6574.208,980.768,PASS,0
PHASEB_formal_d1w_C0_DEFAULT_N4096_q8_rep5,4,D1W_WAITSTREAM_OVERLAP,NVSHMEM,C0_DEFAULT,2048,4096,2048,8,6,2097152,25,0,4424.960,6591.584,7570.144,982.208,PASS,0
PHASEB_formal_d1w_C0_DEFAULT_N4096_q8_rep5,4,D1W_WAITSTREAM_OVERLAP,NVSHMEM,C0_DEFAULT,2048,4096,2048,8,7,2097152,25,0,5436.320,7587.904,8565.280,981.888,PASS,0
PHASEB_formal_d1w_C0_DEFAULT_N4096_q8_rep5,4,D1W_WAITSTREAM_OVERLAP,NVSHMEM,C0_DEFAULT,2048,4096,2048,8,0,2097152,26,0,206.880,216.480,1280.224,1066.944,PASS,0
PHASEB_formal_d1w_C0_DEFAULT_N4096_q8_rep5,4,D1W_WAITSTREAM_OVERLAP,NVSHMEM,C0_DEFAULT,2048,4096,2048,8,1,2097152,26,0,1230.656,1312.032,2376.000,1063.968,PASS,0
PHASEB_formal_d1w_C0_DEFAULT_N4096_q8_rep5,4,D1W_WAITSTREAM_OVERLAP,NVSHMEM,C0_DEFAULT,2048,4096,2048,8,2,2097152,26,0,2279.648,2404.576,3465.120,1060.544,PASS,0
PHASEB_formal_d1w_C0_DEFAULT_N4096_q8_rep5,4,D1W_WAITSTREAM_OVERLAP,NVSHMEM,C0_DEFAULT,2048,4096,2048,8,3,2097152,26,0,3310.176,3487.264,4544.576,1060.992,PASS,0
PHASEB_formal_d1w_C0_DEFAULT_N4096_q8_rep5,4,D1W_WAITSTREAM_OVERLAP,NVSHMEM,C0_DEFAULT,2048,4096,2048,8,4,2097152,26,0,3358.272,4566.272,5619.680,1053.408,PASS,0
PHASEB_formal_d1w_C0_DEFAULT_N4096_q8_rep5,4,D1W_WAITSTREAM_OVERLAP,NVSHMEM,C0_DEFAULT,2048,4096,2048,8,5,2097152,26,0,4396.352,5637.248,6618.208,980.960,PASS,0
PHASEB_formal_d1w_C0_DEFAULT_N4096_q8_rep5,4,D1W_WAITSTREAM_OVERLAP,NVSHMEM,C0_DEFAULT,2048,4096,2048,8,6,2097152,26,0,4438.496,6635.808,7617.216,981.408,PASS,0
PHASEB_formal_d1w_C0_DEFAULT_N4096_q8_rep5,4,D1W_WAITSTREAM_OVERLAP,NVSHMEM,C0_DEFAULT,2048,4096,2048,8,7,2097152,26,0,5467.584,7634.656,8615.937,981.280,PASS,0
PHASEB_formal_d1w_C0_DEFAULT_N4096_q8_rep5,4,D1W_WAITSTREAM_OVERLAP,NVSHMEM,C0_DEFAULT,2048,4096,2048,8,0,2097152,27,0,192.672,200.448,1261.920,1061.472,PASS,0
PHASEB_formal_d1w_C0_DEFAULT_N4096_q8_rep5,4,D1W_WAITSTREAM_OVERLAP,NVSHMEM,C0_DEFAULT,2048,4096,2048,8,1,2097152,27,0,1271.968,1302.848,2367.456,1075.776,PASS,0
PHASEB_formal_d1w_C0_DEFAULT_N4096_q8_rep5,4,D1W_WAITSTREAM_OVERLAP,NVSHMEM,C0_DEFAULT,2048,4096,2048,8,2,2097152,27,0,2326.560,2405.280,3402.304,1000.512,PASS,0
PHASEB_formal_d1w_C0_DEFAULT_N4096_q8_rep5,4,D1W_WAITSTREAM_OVERLAP,NVSHMEM,C0_DEFAULT,2048,4096,2048,8,3,2097152,27,0,3242.656,3426.784,4489.472,1062.688,PASS,0
PHASEB_formal_d1w_C0_DEFAULT_N4096_q8_rep5,4,D1W_WAITSTREAM_OVERLAP,NVSHMEM,C0_DEFAULT,2048,4096,2048,8,4,2097152,27,0,3360.288,4510.400,5499.136,1051.488,PASS,0
PHASEB_formal_d1w_C0_DEFAULT_N4096_q8_rep5,4,D1W_WAITSTREAM_OVERLAP,NVSHMEM,C0_DEFAULT,2048,4096,2048,8,5,2097152,27,0,4434.432,5520.032,6569.344,1054.496,PASS,0
PHASEB_formal_d1w_C0_DEFAULT_N4096_q8_rep5,4,D1W_WAITSTREAM_OVERLAP,NVSHMEM,C0_DEFAULT,2048,4096,2048,8,6,2097152,27,0,5457.216,6587.040,7569.600,982.560,PASS,0
PHASEB_formal_d1w_C0_DEFAULT_N4096_q8_rep5,4,D1W_WAITSTREAM_OVERLAP,NVSHMEM,C0_DEFAULT,2048,4096,2048,8,7,2097152,27,0,6426.400,7586.944,8568.320,981.376,PASS,0
PHASEB_formal_d1w_C0_DEFAULT_N4096_q8_rep5,4,D1W_WAITSTREAM_OVERLAP,NVSHMEM,C0_DEFAULT,2048,4096,2048,8,0,2097152,28,0,197.952,206.176,1266.176,1063.200,PASS,0
PHASEB_formal_d1w_C0_DEFAULT_N4096_q8_rep5,4,D1W_WAITSTREAM_OVERLAP,NVSHMEM,C0_DEFAULT,2048,4096,2048,8,1,2097152,28,0,1253.376,1289.728,2283.616,993.920,PASS,0
PHASEB_formal_d1w_C0_DEFAULT_N4096_q8_rep5,4,D1W_WAITSTREAM_OVERLAP,NVSHMEM,C0_DEFAULT,2048,4096,2048,8,2,2097152,28,0,2118.304,2314.272,3374.784,1063.104,PASS,0
PHASEB_formal_d1w_C0_DEFAULT_N4096_q8_rep5,4,D1W_WAITSTREAM_OVERLAP,NVSHMEM,C0_DEFAULT,2048,4096,2048,8,3,2097152,28,0,2298.144,3397.856,4393.120,995.616,PASS,0
PHASEB_formal_d1w_C0_DEFAULT_N4096_q8_rep5,4,D1W_WAITSTREAM_OVERLAP,NVSHMEM,C0_DEFAULT,2048,4096,2048,8,4,2097152,28,0,4090.240,4418.976,5405.248,986.912,PASS,0
PHASEB_formal_d1w_C0_DEFAULT_N4096_q8_rep5,4,D1W_WAITSTREAM_OVERLAP,NVSHMEM,C0_DEFAULT,2048,4096,2048,8,5,2097152,28,0,4215.072,5423.936,6405.152,981.216,PASS,0
PHASEB_formal_d1w_C0_DEFAULT_N4096_q8_rep5,4,D1W_WAITSTREAM_OVERLAP,NVSHMEM,C0_DEFAULT,2048,4096,2048,8,6,2097152,28,0,5118.176,6422.528,7403.520,980.992,PASS,0
PHASEB_formal_d1w_C0_DEFAULT_N4096_q8_rep5,4,D1W_WAITSTREAM_OVERLAP,NVSHMEM,C0_DEFAULT,2048,4096,2048,8,7,2097152,28,0,6101.696,7421.088,8402.176,981.088,PASS,0
PHASEB_formal_d1w_C0_DEFAULT_N4096_q8_rep5,4,D1W_WAITSTREAM_OVERLAP,NVSHMEM,C0_DEFAULT,2048,4096,2048,8,0,2097152,29,0,199.072,208.032,1277.376,1069.344,PASS,0
PHASEB_formal_d1w_C0_DEFAULT_N4096_q8_rep5,4,D1W_WAITSTREAM_OVERLAP,NVSHMEM,C0_DEFAULT,2048,4096,2048,8,1,2097152,29,0,1234.528,1300.736,2365.920,1065.184,PASS,0
PHASEB_formal_d1w_C0_DEFAULT_N4096_q8_rep5,4,D1W_WAITSTREAM_OVERLAP,NVSHMEM,C0_DEFAULT,2048,4096,2048,8,2,2097152,29,0,2242.496,2395.616,3459.712,1064.096,PASS,0
PHASEB_formal_d1w_C0_DEFAULT_N4096_q8_rep5,4,D1W_WAITSTREAM_OVERLAP,NVSHMEM,C0_DEFAULT,2048,4096,2048,8,3,2097152,29,0,2378.688,3501.056,4559.040,1057.984,PASS,0
PHASEB_formal_d1w_C0_DEFAULT_N4096_q8_rep5,4,D1W_WAITSTREAM_OVERLAP,NVSHMEM,C0_DEFAULT,2048,4096,2048,8,4,2097152,29,0,3290.976,4579.392,5607.680,1041.664,PASS,0
PHASEB_formal_d1w_C0_DEFAULT_N4096_q8_rep5,4,D1W_WAITSTREAM_OVERLAP,NVSHMEM,C0_DEFAULT,2048,4096,2048,8,5,2097152,29,0,4402.144,5625.024,6606.336,981.312,PASS,0
PHASEB_formal_d1w_C0_DEFAULT_N4096_q8_rep5,4,D1W_WAITSTREAM_OVERLAP,NVSHMEM,C0_DEFAULT,2048,4096,2048,8,6,2097152,29,0,4454.688,6623.776,7606.336,982.560,PASS,0
PHASEB_formal_d1w_C0_DEFAULT_N4096_q8_rep5,4,D1W_WAITSTREAM_OVERLAP,NVSHMEM,C0_DEFAULT,2048,4096,2048,8,7,2097152,29,0,5455.424,7623.712,8605.408,981.696,PASS,0
PHASEB_formal_d1w_C0_DEFAULT_N4096_q8_rep5,4,D1W_WAITSTREAM_OVERLAP,NVSHMEM,C0_DEFAULT,2048,4096,2048,8,0,2097152,30,0,195.904,203.744,1264.352,1060.608,PASS,0
PHASEB_formal_d1w_C0_DEFAULT_N4096_q8_rep5,4,D1W_WAITSTREAM_OVERLAP,NVSHMEM,C0_DEFAULT,2048,4096,2048,8,1,2097152,30,0,1255.872,1297.312,2282.048,986.208,PASS,0
PHASEB_formal_d1w_C0_DEFAULT_N4096_q8_rep5,4,D1W_WAITSTREAM_OVERLAP,NVSHMEM,C0_DEFAULT,2048,4096,2048,8,2,2097152,30,0,2132.128,2317.344,3377.856,1060.832,PASS,0
PHASEB_formal_d1w_C0_DEFAULT_N4096_q8_rep5,4,D1W_WAITSTREAM_OVERLAP,NVSHMEM,C0_DEFAULT,2048,4096,2048,8,3,2097152,30,0,2286.336,3402.560,4460.384,1064.192,PASS,0
PHASEB_formal_d1w_C0_DEFAULT_N4096_q8_rep5,4,D1W_WAITSTREAM_OVERLAP,NVSHMEM,C0_DEFAULT,2048,4096,2048,8,4,2097152,30,0,3288.832,4481.120,5530.432,1053.696,PASS,0
PHASEB_formal_d1w_C0_DEFAULT_N4096_q8_rep5,4,D1W_WAITSTREAM_OVERLAP,NVSHMEM,C0_DEFAULT,2048,4096,2048,8,5,2097152,30,0,4308.416,5547.552,6524.928,980.832,PASS,0
PHASEB_formal_d1w_C0_DEFAULT_N4096_q8_rep5,4,D1W_WAITSTREAM_OVERLAP,NVSHMEM,C0_DEFAULT,2048,4096,2048,8,6,2097152,30,0,4368.800,6542.208,7519.232,982.080,PASS,0
PHASEB_formal_d1w_C0_DEFAULT_N4096_q8_rep5,4,D1W_WAITSTREAM_OVERLAP,NVSHMEM,C0_DEFAULT,2048,4096,2048,8,7,2097152,30,0,5375.104,7536.256,8513.695,981.568,PASS,0
PHASEB_formal_d1w_C0_DEFAULT_N4096_q8_rep5,4,D1W_WAITSTREAM_OVERLAP,NVSHMEM,C0_DEFAULT,2048,4096,2048,8,0,2097152,31,0,192.384,200.352,1261.696,1063.456,PASS,0
PHASEB_formal_d1w_C0_DEFAULT_N4096_q8_rep5,4,D1W_WAITSTREAM_OVERLAP,NVSHMEM,C0_DEFAULT,2048,4096,2048,8,1,2097152,31,0,1250.624,1294.240,2284.352,990.528,PASS,0
PHASEB_formal_d1w_C0_DEFAULT_N4096_q8_rep5,4,D1W_WAITSTREAM_OVERLAP,NVSHMEM,C0_DEFAULT,2048,4096,2048,8,2,2097152,31,0,2174.784,2312.512,3370.464,1062.880,PASS,0
PHASEB_formal_d1w_C0_DEFAULT_N4096_q8_rep5,4,D1W_WAITSTREAM_OVERLAP,NVSHMEM,C0_DEFAULT,2048,4096,2048,8,3,2097152,31,0,2291.584,3416.640,4475.584,1068.064,PASS,0
PHASEB_formal_d1w_C0_DEFAULT_N4096_q8_rep5,4,D1W_WAITSTREAM_OVERLAP,NVSHMEM,C0_DEFAULT,2048,4096,2048,8,4,2097152,31,0,3338.240,4499.936,5556.320,1056.384,PASS,0
PHASEB_formal_d1w_C0_DEFAULT_N4096_q8_rep5,4,D1W_WAITSTREAM_OVERLAP,NVSHMEM,C0_DEFAULT,2048,4096,2048,8,5,2097152,31,0,4335.168,5577.600,6558.496,980.896,PASS,0
PHASEB_formal_d1w_C0_DEFAULT_N4096_q8_rep5,4,D1W_WAITSTREAM_OVERLAP,NVSHMEM,C0_DEFAULT,2048,4096,2048,8,6,2097152,31,0,5389.504,6575.680,7558.272,982.592,PASS,0
PHASEB_formal_d1w_C0_DEFAULT_N4096_q8_rep5,4,D1W_WAITSTREAM_OVERLAP,NVSHMEM,C0_DEFAULT,2048,4096,2048,8,7,2097152,31,0,6415.616,7575.936,8558.048,982.112,PASS,0
PHASEB_formal_d1w_C0_DEFAULT_N4096_q8_rep5,4,D1W_WAITSTREAM_OVERLAP,NVSHMEM,C0_DEFAULT,2048,4096,2048,8,0,2097152,32,0,200.128,208.384,1268.864,1062.272,PASS,0
PHASEB_formal_d1w_C0_DEFAULT_N4096_q8_rep5,4,D1W_WAITSTREAM_OVERLAP,NVSHMEM,C0_DEFAULT,2048,4096,2048,8,1,2097152,32,0,1220.608,1303.840,2300.192,1002.336,PASS,0
PHASEB_formal_d1w_C0_DEFAULT_N4096_q8_rep5,4,D1W_WAITSTREAM_OVERLAP,NVSHMEM,C0_DEFAULT,2048,4096,2048,8,2,2097152,32,0,2126.240,2325.888,3386.464,1063.904,PASS,0
PHASEB_formal_d1w_C0_DEFAULT_N4096_q8_rep5,4,D1W_WAITSTREAM_OVERLAP,NVSHMEM,C0_DEFAULT,2048,4096,2048,8,3,2097152,32,0,2311.744,3417.248,4480.640,1071.552,PASS,0
PHASEB_formal_d1w_C0_DEFAULT_N4096_q8_rep5,4,D1W_WAITSTREAM_OVERLAP,NVSHMEM,C0_DEFAULT,2048,4096,2048,8,4,2097152,32,0,3346.176,4501.792,5556.448,1059.904,PASS,0
PHASEB_formal_d1w_C0_DEFAULT_N4096_q8_rep5,4,D1W_WAITSTREAM_OVERLAP,NVSHMEM,C0_DEFAULT,2048,4096,2048,8,5,2097152,32,0,4337.984,5574.144,6555.680,981.536,PASS,0
PHASEB_formal_d1w_C0_DEFAULT_N4096_q8_rep5,4,D1W_WAITSTREAM_OVERLAP,NVSHMEM,C0_DEFAULT,2048,4096,2048,8,6,2097152,32,0,5142.464,6573.024,7554.432,981.408,PASS,0
PHASEB_formal_d1w_C0_DEFAULT_N4096_q8_rep5,4,D1W_WAITSTREAM_OVERLAP,NVSHMEM,C0_DEFAULT,2048,4096,2048,8,7,2097152,32,0,5409.344,7571.840,8553.504,981.664,PASS,0
PHASEB_formal_d1w_C0_DEFAULT_N4096_q8_rep5,4,D1W_WAITSTREAM_OVERLAP,NVSHMEM,C0_DEFAULT,2048,4096,2048,8,0,2097152,33,0,198.656,206.720,1269.760,1063.040,PASS,0
PHASEB_formal_d1w_C0_DEFAULT_N4096_q8_rep5,4,D1W_WAITSTREAM_OVERLAP,NVSHMEM,C0_DEFAULT,2048,4096,2048,8,1,2097152,33,0,1243.360,1293.440,2287.360,993.920,PASS,0
PHASEB_formal_d1w_C0_DEFAULT_N4096_q8_rep5,4,D1W_WAITSTREAM_OVERLAP,NVSHMEM,C0_DEFAULT,2048,4096,2048,8,2,2097152,33,0,2116.416,2313.600,3380.352,1066.752,PASS,0
PHASEB_formal_d1w_C0_DEFAULT_N4096_q8_rep5,4,D1W_WAITSTREAM_OVERLAP,NVSHMEM,C0_DEFAULT,2048,4096,2048,8,3,2097152,33,0,2299.520,3423.200,4488.544,1065.344,PASS,0
PHASEB_formal_d1w_C0_DEFAULT_N4096_q8_rep5,4,D1W_WAITSTREAM_OVERLAP,NVSHMEM,C0_DEFAULT,2048,4096,2048,8,4,2097152,33,0,3373.184,4510.560,5568.160,1058.240,PASS,0
PHASEB_formal_d1w_C0_DEFAULT_N4096_q8_rep5,4,D1W_WAITSTREAM_OVERLAP,NVSHMEM,C0_DEFAULT,2048,4096,2048,8,5,2097152,33,0,4437.760,5590.240,6644.448,1054.688,PASS,0
PHASEB_formal_d1w_C0_DEFAULT_N4096_q8_rep5,4,D1W_WAITSTREAM_OVERLAP,NVSHMEM,C0_DEFAULT,2048,4096,2048,8,6,2097152,33,0,5518.400,6661.888,7644.192,982.304,PASS,0
PHASEB_formal_d1w_C0_DEFAULT_N4096_q8_rep5,4,D1W_WAITSTREAM_OVERLAP,NVSHMEM,C0_DEFAULT,2048,4096,2048,8,7,2097152,33,0,6557.600,7661.568,8643.488,981.920,PASS,0
PHASEB_formal_d1w_C0_DEFAULT_N4096_q8_rep5,4,D1W_WAITSTREAM_OVERLAP,NVSHMEM,C0_DEFAULT,2048,4096,2048,8,0,2097152,34,0,203.168,211.392,1271.904,1066.624,PASS,0
PHASEB_formal_d1w_C0_DEFAULT_N4096_q8_rep5,4,D1W_WAITSTREAM_OVERLAP,NVSHMEM,C0_DEFAULT,2048,4096,2048,8,1,2097152,34,0,1219.968,1303.136,2298.848,1000.448,PASS,0
PHASEB_formal_d1w_C0_DEFAULT_N4096_q8_rep5,4,D1W_WAITSTREAM_OVERLAP,NVSHMEM,C0_DEFAULT,2048,4096,2048,8,2,2097152,34,0,2138.016,2327.616,3394.688,1067.072,PASS,0
PHASEB_formal_d1w_C0_DEFAULT_N4096_q8_rep5,4,D1W_WAITSTREAM_OVERLAP,NVSHMEM,C0_DEFAULT,2048,4096,2048,8,3,2097152,34,0,2303.904,3438.208,4495.904,1061.440,PASS,0
PHASEB_formal_d1w_C0_DEFAULT_N4096_q8_rep5,4,D1W_WAITSTREAM_OVERLAP,NVSHMEM,C0_DEFAULT,2048,4096,2048,8,4,2097152,34,0,3388.192,4519.104,5574.208,1055.104,PASS,0
PHASEB_formal_d1w_C0_DEFAULT_N4096_q8_rep5,4,D1W_WAITSTREAM_OVERLAP,NVSHMEM,C0_DEFAULT,2048,4096,2048,8,5,2097152,34,0,4383.040,5591.552,6573.216,981.664,PASS,0
PHASEB_formal_d1w_C0_DEFAULT_N4096_q8_rep5,4,D1W_WAITSTREAM_OVERLAP,NVSHMEM,C0_DEFAULT,2048,4096,2048,8,6,2097152,34,0,5407.264,6591.104,7572.448,981.344,PASS,0
PHASEB_formal_d1w_C0_DEFAULT_N4096_q8_rep5,4,D1W_WAITSTREAM_OVERLAP,NVSHMEM,C0_DEFAULT,2048,4096,2048,8,7,2097152,34,0,5486.944,7589.920,8571.168,981.248,PASS,0
PHASEB_formal_d1w_C0_DEFAULT_N4096_q8_rep5,4,D1W_WAITSTREAM_OVERLAP,NVSHMEM,C0_DEFAULT,2048,4096,2048,8,0,2097152,35,0,202.592,210.272,1275.296,1065.024,PASS,0
PHASEB_formal_d1w_C0_DEFAULT_N4096_q8_rep5,4,D1W_WAITSTREAM_OVERLAP,NVSHMEM,C0_DEFAULT,2048,4096,2048,8,1,2097152,35,0,1256.512,1302.592,2301.472,998.880,PASS,0
PHASEB_formal_d1w_C0_DEFAULT_N4096_q8_rep5,4,D1W_WAITSTREAM_OVERLAP,NVSHMEM,C0_DEFAULT,2048,4096,2048,8,2,2097152,35,0,2148.256,2329.088,3394.304,1072.064,PASS,0
PHASEB_formal_d1w_C0_DEFAULT_N4096_q8_rep5,4,D1W_WAITSTREAM_OVERLAP,NVSHMEM,C0_DEFAULT,2048,4096,2048,8,3,2097152,35,0,2312.800,3424.320,4417.216,996.576,PASS,0
PHASEB_formal_d1w_C0_DEFAULT_N4096_q8_rep5,4,D1W_WAITSTREAM_OVERLAP,NVSHMEM,C0_DEFAULT,2048,4096,2048,8,4,2097152,35,0,3350.208,4445.120,5505.504,1081.152,PASS,0
PHASEB_formal_d1w_C0_DEFAULT_N4096_q8_rep5,4,D1W_WAITSTREAM_OVERLAP,NVSHMEM,C0_DEFAULT,2048,4096,2048,8,5,2097152,35,0,4261.024,5527.008,6508.704,981.696,PASS,0
PHASEB_formal_d1w_C0_DEFAULT_N4096_q8_rep5,4,D1W_WAITSTREAM_OVERLAP,NVSHMEM,C0_DEFAULT,2048,4096,2048,8,6,2097152,35,0,4423.008,6526.336,7508.640,982.304,PASS,0
PHASEB_formal_d1w_C0_DEFAULT_N4096_q8_rep5,4,D1W_WAITSTREAM_OVERLAP,NVSHMEM,C0_DEFAULT,2048,4096,2048,8,7,2097152,35,0,5514.400,7526.272,8508.128,981.856,PASS,0
PHASEB_formal_d1w_C0_DEFAULT_N4096_q8_rep5,4,D1W_WAITSTREAM_OVERLAP,NVSHMEM,C0_DEFAULT,2048,4096,2048,8,0,2097152,36,0,198.272,207.104,1270.784,1069.984,PASS,0
PHASEB_formal_d1w_C0_DEFAULT_N4096_q8_rep5,4,D1W_WAITSTREAM_OVERLAP,NVSHMEM,C0_DEFAULT,2048,4096,2048,8,1,2097152,36,0,1246.976,1293.984,2280.960,993.440,PASS,0
PHASEB_formal_d1w_C0_DEFAULT_N4096_q8_rep5,4,D1W_WAITSTREAM_OVERLAP,NVSHMEM,C0_DEFAULT,2048,4096,2048,8,2,2097152,36,0,2107.104,2313.760,3376.768,1063.008,PASS,0
PHASEB_formal_d1w_C0_DEFAULT_N4096_q8_rep5,4,D1W_WAITSTREAM_OVERLAP,NVSHMEM,C0_DEFAULT,2048,4096,2048,8,3,2097152,36,0,2296.160,3401.760,4463.296,1063.776,PASS,0
PHASEB_formal_d1w_C0_DEFAULT_N4096_q8_rep5,4,D1W_WAITSTREAM_OVERLAP,NVSHMEM,C0_DEFAULT,2048,4096,2048,8,4,2097152,36,0,3381.088,4484.992,5542.848,1057.856,PASS,0
PHASEB_formal_d1w_C0_DEFAULT_N4096_q8_rep5,4,D1W_WAITSTREAM_OVERLAP,NVSHMEM,C0_DEFAULT,2048,4096,2048,8,5,2097152,36,0,4426.624,5565.984,6619.456,1053.472,PASS,0
PHASEB_formal_d1w_C0_DEFAULT_N4096_q8_rep5,4,D1W_WAITSTREAM_OVERLAP,NVSHMEM,C0_DEFAULT,2048,4096,2048,8,6,2097152,36,0,5450.368,6637.216,7619.040,981.824,PASS,0
PHASEB_formal_d1w_C0_DEFAULT_N4096_q8_rep5,4,D1W_WAITSTREAM_OVERLAP,NVSHMEM,C0_DEFAULT,2048,4096,2048,8,7,2097152,36,0,6454.208,7636.512,8618.560,982.048,PASS,0
PHASEB_formal_d1w_C0_DEFAULT_N4096_q8_rep5,4,D1W_WAITSTREAM_OVERLAP,NVSHMEM,C0_DEFAULT,2048,4096,2048,8,0,2097152,37,0,200.064,208.576,1269.952,1061.376,PASS,0
PHASEB_formal_d1w_C0_DEFAULT_N4096_q8_rep5,4,D1W_WAITSTREAM_OVERLAP,NVSHMEM,C0_DEFAULT,2048,4096,2048,8,1,2097152,37,0,1202.048,1309.088,2370.560,1061.472,PASS,0
PHASEB_formal_d1w_C0_DEFAULT_N4096_q8_rep5,4,D1W_WAITSTREAM_OVERLAP,NVSHMEM,C0_DEFAULT,2048,4096,2048,8,2,2097152,37,0,2215.328,2398.720,3462.720,1064.000,PASS,0
PHASEB_formal_d1w_C0_DEFAULT_N4096_q8_rep5,4,D1W_WAITSTREAM_OVERLAP,NVSHMEM,C0_DEFAULT,2048,4096,2048,8,3,2097152,37,0,3061.312,3493.248,4483.744,1056.896,PASS,0
PHASEB_formal_d1w_C0_DEFAULT_N4096_q8_rep5,4,D1W_WAITSTREAM_OVERLAP,NVSHMEM,C0_DEFAULT,2048,4096,2048,8,4,2097152,37,0,4007.200,4504.512,5483.392,982.304,PASS,0
PHASEB_formal_d1w_C0_DEFAULT_N4096_q8_rep5,4,D1W_WAITSTREAM_OVERLAP,NVSHMEM,C0_DEFAULT,2048,4096,2048,8,5,2097152,37,0,4324.384,5500.768,6482.272,981.504,PASS,0
PHASEB_formal_d1w_C0_DEFAULT_N4096_q8_rep5,4,D1W_WAITSTREAM_OVERLAP,NVSHMEM,C0_DEFAULT,2048,4096,2048,8,6,2097152,37,0,5331.264,6499.936,7482.016,982.080,PASS,0
PHASEB_formal_d1w_C0_DEFAULT_N4096_q8_rep5,4,D1W_WAITSTREAM_OVERLAP,NVSHMEM,C0_DEFAULT,2048,4096,2048,8,7,2097152,37,0,5372.192,7499.616,8480.608,980.992,PASS,0
PHASEB_formal_d1w_C0_DEFAULT_N4096_q8_rep5,4,D1W_WAITSTREAM_OVERLAP,NVSHMEM,C0_DEFAULT,2048,4096,2048,8,0,2097152,38,0,212.384,220.608,1285.088,1064.480,PASS,0
PHASEB_formal_d1w_C0_DEFAULT_N4096_q8_rep5,4,D1W_WAITSTREAM_OVERLAP,NVSHMEM,C0_DEFAULT,2048,4096,2048,8,1,2097152,38,0,1250.752,1310.752,2305.088,994.336,PASS,0
PHASEB_formal_d1w_C0_DEFAULT_N4096_q8_rep5,4,D1W_WAITSTREAM_OVERLAP,NVSHMEM,C0_DEFAULT,2048,4096,2048,8,2,2097152,38,0,2127.488,2338.464,3401.856,1063.392,PASS,0
PHASEB_formal_d1w_C0_DEFAULT_N4096_q8_rep5,4,D1W_WAITSTREAM_OVERLAP,NVSHMEM,C0_DEFAULT,2048,4096,2048,8,3,2097152,38,0,3080.640,3430.752,4471.840,1061.408,PASS,0
PHASEB_formal_d1w_C0_DEFAULT_N4096_q8_rep5,4,D1W_WAITSTREAM_OVERLAP,NVSHMEM,C0_DEFAULT,2048,4096,2048,8,4,2097152,38,0,4093.024,4496.640,5549.536,1052.896,PASS,0
PHASEB_formal_d1w_C0_DEFAULT_N4096_q8_rep5,4,D1W_WAITSTREAM_OVERLAP,NVSHMEM,C0_DEFAULT,2048,4096,2048,8,5,2097152,38,0,4221.120,5566.688,6544.160,981.408,PASS,0
PHASEB_formal_d1w_C0_DEFAULT_N4096_q8_rep5,4,D1W_WAITSTREAM_OVERLAP,NVSHMEM,C0_DEFAULT,2048,4096,2048,8,6,2097152,38,0,5211.232,6561.152,7538.560,981.312,PASS,0
PHASEB_formal_d1w_C0_DEFAULT_N4096_q8_rep5,4,D1W_WAITSTREAM_OVERLAP,NVSHMEM,C0_DEFAULT,2048,4096,2048,8,7,2097152,38,0,6095.584,7555.872,8533.023,981.440,PASS,0
PHASEB_formal_d1w_C0_DEFAULT_N4096_q8_rep5,4,D1W_WAITSTREAM_OVERLAP,NVSHMEM,C0_DEFAULT,2048,4096,2048,8,0,2097152,39,0,212.640,222.464,1286.336,1063.872,PASS,0
PHASEB_formal_d1w_C0_DEFAULT_N4096_q8_rep5,4,D1W_WAITSTREAM_OVERLAP,NVSHMEM,C0_DEFAULT,2048,4096,2048,8,1,2097152,39,0,1291.840,1313.056,2380.928,1067.872,PASS,0
PHASEB_formal_d1w_C0_DEFAULT_N4096_q8_rep5,4,D1W_WAITSTREAM_OVERLAP,NVSHMEM,C0_DEFAULT,2048,4096,2048,8,2,2097152,39,0,2338.176,2416.864,3486.592,1069.728,PASS,0
PHASEB_formal_d1w_C0_DEFAULT_N4096_q8_rep5,4,D1W_WAITSTREAM_OVERLAP,NVSHMEM,C0_DEFAULT,2048,4096,2048,8,3,2097152,39,0,3391.456,3514.976,4575.744,1060.768,PASS,0
PHASEB_formal_d1w_C0_DEFAULT_N4096_q8_rep5,4,D1W_WAITSTREAM_OVERLAP,NVSHMEM,C0_DEFAULT,2048,4096,2048,8,4,2097152,39,0,4417.504,4597.376,5581.408,1050.880,PASS,0
PHASEB_formal_d1w_C0_DEFAULT_N4096_q8_rep5,4,D1W_WAITSTREAM_OVERLAP,NVSHMEM,C0_DEFAULT,2048,4096,2048,8,5,2097152,39,0,5407.744,5602.848,6585.024,982.176,PASS,0
PHASEB_formal_d1w_C0_DEFAULT_N4096_q8_rep5,4,D1W_WAITSTREAM_OVERLAP,NVSHMEM,C0_DEFAULT,2048,4096,2048,8,6,2097152,39,0,5463.072,6602.720,7585.600,982.880,PASS,0
PHASEB_formal_d1w_C0_DEFAULT_N4096_q8_rep5,4,D1W_WAITSTREAM_OVERLAP,NVSHMEM,C0_DEFAULT,2048,4096,2048,8,7,2097152,39,0,6426.752,7602.976,8583.904,980.928,PASS,0
PHASEB_formal_d1w_C0_DEFAULT_N4096_q8_rep5,4,D1W_WAITSTREAM_OVERLAP,NVSHMEM,C0_DEFAULT,2048,4096,2048,8,0,2097152,40,0,210.912,219.200,1279.552,1060.352,PASS,0
PHASEB_formal_d1w_C0_DEFAULT_N4096_q8_rep5,4,D1W_WAITSTREAM_OVERLAP,NVSHMEM,C0_DEFAULT,2048,4096,2048,8,1,2097152,40,0,1254.240,1304.800,2300.480,995.680,PASS,0
PHASEB_formal_d1w_C0_DEFAULT_N4096_q8_rep5,4,D1W_WAITSTREAM_OVERLAP,NVSHMEM,C0_DEFAULT,2048,4096,2048,8,2,2097152,40,0,2139.616,2336.384,3403.904,1067.520,PASS,0
PHASEB_formal_d1w_C0_DEFAULT_N4096_q8_rep5,4,D1W_WAITSTREAM_OVERLAP,NVSHMEM,C0_DEFAULT,2048,4096,2048,8,3,2097152,40,0,3100.192,3434.592,4495.936,1061.344,PASS,0
PHASEB_formal_d1w_C0_DEFAULT_N4096_q8_rep5,4,D1W_WAITSTREAM_OVERLAP,NVSHMEM,C0_DEFAULT,2048,4096,2048,8,4,2097152,40,0,3356.800,4523.424,5507.904,985.184,PASS,0
PHASEB_formal_d1w_C0_DEFAULT_N4096_q8_rep5,4,D1W_WAITSTREAM_OVERLAP,NVSHMEM,C0_DEFAULT,2048,4096,2048,8,5,2097152,40,0,4169.152,5525.504,6506.560,981.056,PASS,0
PHASEB_formal_d1w_C0_DEFAULT_N4096_q8_rep5,4,D1W_WAITSTREAM_OVERLAP,NVSHMEM,C0_DEFAULT,2048,4096,2048,8,6,2097152,40,0,5123.936,6523.904,7505.184,981.280,PASS,0
PHASEB_formal_d1w_C0_DEFAULT_N4096_q8_rep5,4,D1W_WAITSTREAM_OVERLAP,NVSHMEM,C0_DEFAULT,2048,4096,2048,8,7,2097152,40,0,6124.736,7522.528,8504.000,981.472,PASS,0
PHASEB_formal_d1w_C0_DEFAULT_N4096_q8_rep5,4,D1W_WAITSTREAM_OVERLAP,NVSHMEM,C0_DEFAULT,2048,4096,2048,8,0,2097152,41,0,214.848,222.624,1281.920,1059.520,PASS,0
PHASEB_formal_d1w_C0_DEFAULT_N4096_q8_rep5,4,D1W_WAITSTREAM_OVERLAP,NVSHMEM,C0_DEFAULT,2048,4096,2048,8,1,2097152,41,0,1255.232,1305.696,2368.096,1062.400,PASS,0
PHASEB_formal_d1w_C0_DEFAULT_N4096_q8_rep5,4,D1W_WAITSTREAM_OVERLAP,NVSHMEM,C0_DEFAULT,2048,4096,2048,8,2,2097152,41,0,2272.256,2394.816,3453.984,1060.320,PASS,0
PHASEB_formal_d1w_C0_DEFAULT_N4096_q8_rep5,4,D1W_WAITSTREAM_OVERLAP,NVSHMEM,C0_DEFAULT,2048,4096,2048,8,3,2097152,41,0,3301.408,3480.832,4539.360,1058.528,PASS,0
PHASEB_formal_d1w_C0_DEFAULT_N4096_q8_rep5,4,D1W_WAITSTREAM_OVERLAP,NVSHMEM,C0_DEFAULT,2048,4096,2048,8,4,2097152,41,0,3392.064,4561.056,5555.104,994.048,PASS,0
PHASEB_formal_d1w_C0_DEFAULT_N4096_q8_rep5,4,D1W_WAITSTREAM_OVERLAP,NVSHMEM,C0_DEFAULT,2048,4096,2048,8,5,2097152,41,0,4380.416,5572.512,6553.472,980.960,PASS,0
PHASEB_formal_d1w_C0_DEFAULT_N4096_q8_rep5,4,D1W_WAITSTREAM_OVERLAP,NVSHMEM,C0_DEFAULT,2048,4096,2048,8,6,2097152,41,0,4427.936,6570.880,7553.024,982.144,PASS,0
PHASEB_formal_d1w_C0_DEFAULT_N4096_q8_rep5,4,D1W_WAITSTREAM_OVERLAP,NVSHMEM,C0_DEFAULT,2048,4096,2048,8,7,2097152,41,0,5422.400,7570.368,8552.319,981.952,PASS,0
PHASEB_formal_d1w_C0_DEFAULT_N4096_q8_rep5,4,D1W_WAITSTREAM_OVERLAP,NVSHMEM,C0_DEFAULT,2048,4096,2048,8,0,2097152,42,0,199.264,207.808,1267.744,1060.544,PASS,0
PHASEB_formal_d1w_C0_DEFAULT_N4096_q8_rep5,4,D1W_WAITSTREAM_OVERLAP,NVSHMEM,C0_DEFAULT,2048,4096,2048,8,1,2097152,42,0,1280.480,1297.280,2298.656,1001.376,PASS,0
PHASEB_formal_d1w_C0_DEFAULT_N4096_q8_rep5,4,D1W_WAITSTREAM_OVERLAP,NVSHMEM,C0_DEFAULT,2048,4096,2048,8,2,2097152,42,0,2139.392,2329.728,3390.688,1060.960,PASS,0
PHASEB_formal_d1w_C0_DEFAULT_N4096_q8_rep5,4,D1W_WAITSTREAM_OVERLAP,NVSHMEM,C0_DEFAULT,2048,4096,2048,8,3,2097152,42,0,2316.192,3412.288,4472.992,1060.704,PASS,0
PHASEB_formal_d1w_C0_DEFAULT_N4096_q8_rep5,4,D1W_WAITSTREAM_OVERLAP,NVSHMEM,C0_DEFAULT,2048,4096,2048,8,4,2097152,42,0,3369.024,4499.360,5565.856,1066.496,PASS,0
PHASEB_formal_d1w_C0_DEFAULT_N4096_q8_rep5,4,D1W_WAITSTREAM_OVERLAP,NVSHMEM,C0_DEFAULT,2048,4096,2048,8,5,2097152,42,0,4364.800,5587.616,6586.400,1048.672,PASS,0
PHASEB_formal_d1w_C0_DEFAULT_N4096_q8_rep5,4,D1W_WAITSTREAM_OVERLAP,NVSHMEM,C0_DEFAULT,2048,4096,2048,8,6,2097152,42,0,5374.560,6603.296,7577.344,980.992,PASS,0
PHASEB_formal_d1w_C0_DEFAULT_N4096_q8_rep5,4,D1W_WAITSTREAM_OVERLAP,NVSHMEM,C0_DEFAULT,2048,4096,2048,8,7,2097152,42,0,6423.552,7594.912,8569.185,981.376,PASS,0
PHASEB_formal_d1w_C0_DEFAULT_N4096_q8_rep5,4,D1W_WAITSTREAM_OVERLAP,NVSHMEM,C0_DEFAULT,2048,4096,2048,8,0,2097152,43,0,199.264,207.552,1274.912,1071.360,PASS,0
PHASEB_formal_d1w_C0_DEFAULT_N4096_q8_rep5,4,D1W_WAITSTREAM_OVERLAP,NVSHMEM,C0_DEFAULT,2048,4096,2048,8,1,2097152,43,0,1242.688,1310.144,2306.080,997.280,PASS,0
PHASEB_formal_d1w_C0_DEFAULT_N4096_q8_rep5,4,D1W_WAITSTREAM_OVERLAP,NVSHMEM,C0_DEFAULT,2048,4096,2048,8,2,2097152,43,0,2127.488,2339.744,3405.216,1065.472,PASS,0
PHASEB_formal_d1w_C0_DEFAULT_N4096_q8_rep5,4,D1W_WAITSTREAM_OVERLAP,NVSHMEM,C0_DEFAULT,2048,4096,2048,8,3,2097152,43,0,2314.976,3449.280,4438.496,996.192,PASS,0
PHASEB_formal_d1w_C0_DEFAULT_N4096_q8_rep5,4,D1W_WAITSTREAM_OVERLAP,NVSHMEM,C0_DEFAULT,2048,4096,2048,8,4,2097152,43,0,3355.616,4463.328,5521.184,1057.856,PASS,0
PHASEB_formal_d1w_C0_DEFAULT_N4096_q8_rep5,4,D1W_WAITSTREAM_OVERLAP,NVSHMEM,C0_DEFAULT,2048,4096,2048,8,5,2097152,43,0,4397.856,5542.944,6524.192,981.248,PASS,0
PHASEB_formal_d1w_C0_DEFAULT_N4096_q8_rep5,4,D1W_WAITSTREAM_OVERLAP,NVSHMEM,C0_DEFAULT,2048,4096,2048,8,6,2097152,43,0,5428.064,6541.856,7524.160,982.304,PASS,0
PHASEB_formal_d1w_C0_DEFAULT_N4096_q8_rep5,4,D1W_WAITSTREAM_OVERLAP,NVSHMEM,C0_DEFAULT,2048,4096,2048,8,7,2097152,43,0,6304.704,7541.504,8522.944,981.440,PASS,0
PHASEB_formal_d1w_C0_DEFAULT_N4096_q8_rep5,4,D1W_WAITSTREAM_OVERLAP,NVSHMEM,C0_DEFAULT,2048,4096,2048,8,0,2097152,44,0,200.608,209.728,1274.336,1064.608,PASS,0
PHASEB_formal_d1w_C0_DEFAULT_N4096_q8_rep5,4,D1W_WAITSTREAM_OVERLAP,NVSHMEM,C0_DEFAULT,2048,4096,2048,8,1,2097152,44,0,1279.072,1302.592,2368.800,1066.208,PASS,0
PHASEB_formal_d1w_C0_DEFAULT_N4096_q8_rep5,4,D1W_WAITSTREAM_OVERLAP,NVSHMEM,C0_DEFAULT,2048,4096,2048,8,2,2097152,44,0,2290.400,2408.672,3469.792,1061.120,PASS,0
PHASEB_formal_d1w_C0_DEFAULT_N4096_q8_rep5,4,D1W_WAITSTREAM_OVERLAP,NVSHMEM,C0_DEFAULT,2048,4096,2048,8,3,2097152,44,0,3328.864,3497.024,4557.312,1060.288,PASS,0
PHASEB_formal_d1w_C0_DEFAULT_N4096_q8_rep5,4,D1W_WAITSTREAM_OVERLAP,NVSHMEM,C0_DEFAULT,2048,4096,2048,8,4,2097152,44,0,3365.248,4579.520,5563.200,1018.880,PASS,0
PHASEB_formal_d1w_C0_DEFAULT_N4096_q8_rep5,4,D1W_WAITSTREAM_OVERLAP,NVSHMEM,C0_DEFAULT,2048,4096,2048,8,5,2097152,44,0,4393.824,5580.352,6561.568,981.792,PASS,0
PHASEB_formal_d1w_C0_DEFAULT_N4096_q8_rep5,4,D1W_WAITSTREAM_OVERLAP,NVSHMEM,C0_DEFAULT,2048,4096,2048,8,6,2097152,44,0,4421.344,6578.912,7560.384,981.472,PASS,0
PHASEB_formal_d1w_C0_DEFAULT_N4096_q8_rep5,4,D1W_WAITSTREAM_OVERLAP,NVSHMEM,C0_DEFAULT,2048,4096,2048,8,7,2097152,44,0,5419.904,7577.600,8558.816,981.216,PASS,0
PHASEB_formal_d1w_C0_DEFAULT_N4096_q8_rep5,4,D1W_WAITSTREAM_OVERLAP,NVSHMEM,C0_DEFAULT,2048,4096,2048,8,0,2097152,45,0,201.056,209.984,1271.072,1061.152,PASS,0
PHASEB_formal_d1w_C0_DEFAULT_N4096_q8_rep5,4,D1W_WAITSTREAM_OVERLAP,NVSHMEM,C0_DEFAULT,2048,4096,2048,8,1,2097152,45,0,1251.936,1297.504,2290.848,1002.240,PASS,0
PHASEB_formal_d1w_C0_DEFAULT_N4096_q8_rep5,4,D1W_WAITSTREAM_OVERLAP,NVSHMEM,C0_DEFAULT,2048,4096,2048,8,2,2097152,45,0,2119.008,2328.672,3396.768,1068.096,PASS,0
PHASEB_formal_d1w_C0_DEFAULT_N4096_q8_rep5,4,D1W_WAITSTREAM_OVERLAP,NVSHMEM,C0_DEFAULT,2048,4096,2048,8,3,2097152,45,0,2312.864,3425.504,4412.960,992.160,PASS,0
PHASEB_formal_d1w_C0_DEFAULT_N4096_q8_rep5,4,D1W_WAITSTREAM_OVERLAP,NVSHMEM,C0_DEFAULT,2048,4096,2048,8,4,2097152,45,0,4129.248,4436.800,5492.352,1055.552,PASS,0
PHASEB_formal_d1w_C0_DEFAULT_N4096_q8_rep5,4,D1W_WAITSTREAM_OVERLAP,NVSHMEM,C0_DEFAULT,2048,4096,2048,8,5,2097152,45,0,4360.160,5509.824,6491.136,981.312,PASS,0
PHASEB_formal_d1w_C0_DEFAULT_N4096_q8_rep5,4,D1W_WAITSTREAM_OVERLAP,NVSHMEM,C0_DEFAULT,2048,4096,2048,8,6,2097152,45,0,5303.392,6508.576,7491.616,983.040,PASS,0
PHASEB_formal_d1w_C0_DEFAULT_N4096_q8_rep5,4,D1W_WAITSTREAM_OVERLAP,NVSHMEM,C0_DEFAULT,2048,4096,2048,8,7,2097152,45,0,5402.944,7508.960,8490.944,981.984,PASS,0
PHASEB_formal_d1w_C0_DEFAULT_N4096_q8_rep5,4,D1W_WAITSTREAM_OVERLAP,NVSHMEM,C0_DEFAULT,2048,4096,2048,8,0,2097152,46,0,245.120,253.824,1313.408,1060.096,PASS,0
PHASEB_formal_d1w_C0_DEFAULT_N4096_q8_rep5,4,D1W_WAITSTREAM_OVERLAP,NVSHMEM,C0_DEFAULT,2048,4096,2048,8,1,2097152,46,0,1243.360,1337.120,2326.176,989.056,PASS,0
PHASEB_formal_d1w_C0_DEFAULT_N4096_q8_rep5,4,D1W_WAITSTREAM_OVERLAP,NVSHMEM,C0_DEFAULT,2048,4096,2048,8,2,2097152,46,0,2149.120,2367.616,3445.856,1078.240,PASS,0
PHASEB_formal_d1w_C0_DEFAULT_N4096_q8_rep5,4,D1W_WAITSTREAM_OVERLAP,NVSHMEM,C0_DEFAULT,2048,4096,2048,8,3,2097152,46,0,3128.224,3470.688,4537.952,1067.264,PASS,0
PHASEB_formal_d1w_C0_DEFAULT_N4096_q8_rep5,4,D1W_WAITSTREAM_OVERLAP,NVSHMEM,C0_DEFAULT,2048,4096,2048,8,4,2097152,46,0,3278.080,4560.512,5543.584,1050.080,PASS,0
PHASEB_formal_d1w_C0_DEFAULT_N4096_q8_rep5,4,D1W_WAITSTREAM_OVERLAP,NVSHMEM,C0_DEFAULT,2048,4096,2048,8,5,2097152,46,0,4121.152,5561.248,6542.176,980.928,PASS,0
PHASEB_formal_d1w_C0_DEFAULT_N4096_q8_rep5,4,D1W_WAITSTREAM_OVERLAP,NVSHMEM,C0_DEFAULT,2048,4096,2048,8,6,2097152,46,0,5152.448,6559.552,7540.864,981.312,PASS,0
PHASEB_formal_d1w_C0_DEFAULT_N4096_q8_rep5,4,D1W_WAITSTREAM_OVERLAP,NVSHMEM,C0_DEFAULT,2048,4096,2048,8,7,2097152,46,0,5372.416,7558.336,8539.680,981.344,PASS,0
PHASEB_formal_d1w_C0_DEFAULT_N4096_q8_rep5,4,D1W_WAITSTREAM_OVERLAP,NVSHMEM,C0_DEFAULT,2048,4096,2048,8,0,2097152,47,0,236.160,243.232,1306.240,1078.080,PASS,0
PHASEB_formal_d1w_C0_DEFAULT_N4096_q8_rep5,4,D1W_WAITSTREAM_OVERLAP,NVSHMEM,C0_DEFAULT,2048,4096,2048,8,1,2097152,47,0,1265.088,1337.280,2325.728,998.400,PASS,0
PHASEB_formal_d1w_C0_DEFAULT_N4096_q8_rep5,4,D1W_WAITSTREAM_OVERLAP,NVSHMEM,C0_DEFAULT,2048,4096,2048,8,2,2097152,47,0,2146.400,2356.320,3389.248,1057.952,PASS,0
PHASEB_formal_d1w_C0_DEFAULT_N4096_q8_rep5,4,D1W_WAITSTREAM_OVERLAP,NVSHMEM,C0_DEFAULT,2048,4096,2048,8,3,2097152,47,0,2338.400,3424.928,4483.584,1061.024,PASS,0
PHASEB_formal_d1w_C0_DEFAULT_N4096_q8_rep5,4,D1W_WAITSTREAM_OVERLAP,NVSHMEM,C0_DEFAULT,2048,4096,2048,8,4,2097152,47,0,3349.024,4503.232,5550.688,1056.896,PASS,0
PHASEB_formal_d1w_C0_DEFAULT_N4096_q8_rep5,4,D1W_WAITSTREAM_OVERLAP,NVSHMEM,C0_DEFAULT,2048,4096,2048,8,5,2097152,47,0,4342.336,5568.384,6542.496,981.088,PASS,0
PHASEB_formal_d1w_C0_DEFAULT_N4096_q8_rep5,4,D1W_WAITSTREAM_OVERLAP,NVSHMEM,C0_DEFAULT,2048,4096,2048,8,6,2097152,47,0,5172.288,6559.840,7534.944,982.560,PASS,0
PHASEB_formal_d1w_C0_DEFAULT_N4096_q8_rep5,4,D1W_WAITSTREAM_OVERLAP,NVSHMEM,C0_DEFAULT,2048,4096,2048,8,7,2097152,47,0,5404.992,7556.384,8530.176,980.992,PASS,0
PHASEB_formal_d1w_C0_DEFAULT_N4096_q8_rep5,4,D1W_WAITSTREAM_OVERLAP,NVSHMEM,C0_DEFAULT,2048,4096,2048,8,0,2097152,48,0,206.048,214.208,1276.768,1062.560,PASS,0
PHASEB_formal_d1w_C0_DEFAULT_N4096_q8_rep5,4,D1W_WAITSTREAM_OVERLAP,NVSHMEM,C0_DEFAULT,2048,4096,2048,8,1,2097152,48,0,1258.304,1298.752,2293.152,994.400,PASS,0
PHASEB_formal_d1w_C0_DEFAULT_N4096_q8_rep5,4,D1W_WAITSTREAM_OVERLAP,NVSHMEM,C0_DEFAULT,2048,4096,2048,8,2,2097152,48,0,2128.576,2321.280,3389.632,1068.352,PASS,0
PHASEB_formal_d1w_C0_DEFAULT_N4096_q8_rep5,4,D1W_WAITSTREAM_OVERLAP,NVSHMEM,C0_DEFAULT,2048,4096,2048,8,3,2097152,48,0,2305.568,3419.008,4480.160,1061.152,PASS,0
PHASEB_formal_d1w_C0_DEFAULT_N4096_q8_rep5,4,D1W_WAITSTREAM_OVERLAP,NVSHMEM,C0_DEFAULT,2048,4096,2048,8,4,2097152,48,0,3356.288,4504.736,5559.808,1055.072,PASS,0
PHASEB_formal_d1w_C0_DEFAULT_N4096_q8_rep5,4,D1W_WAITSTREAM_OVERLAP,NVSHMEM,C0_DEFAULT,2048,4096,2048,8,5,2097152,48,0,4342.624,5577.664,6559.264,981.600,PASS,0
PHASEB_formal_d1w_C0_DEFAULT_N4096_q8_rep5,4,D1W_WAITSTREAM_OVERLAP,NVSHMEM,C0_DEFAULT,2048,4096,2048,8,6,2097152,48,0,4493.760,6576.640,7558.080,981.440,PASS,0
PHASEB_formal_d1w_C0_DEFAULT_N4096_q8_rep5,4,D1W_WAITSTREAM_OVERLAP,NVSHMEM,C0_DEFAULT,2048,4096,2048,8,7,2097152,48,0,5427.136,7575.584,8557.216,981.632,PASS,0
PHASEB_formal_d1w_C0_DEFAULT_N4096_q8_rep5,4,D1W_WAITSTREAM_OVERLAP,NVSHMEM,C0_DEFAULT,2048,4096,2048,8,0,2097152,49,0,210.304,216.960,1288.192,1071.232,PASS,0
PHASEB_formal_d1w_C0_DEFAULT_N4096_q8_rep5,4,D1W_WAITSTREAM_OVERLAP,NVSHMEM,C0_DEFAULT,2048,4096,2048,8,1,2097152,49,0,1243.872,1324.192,2312.384,1007.200,PASS,0
PHASEB_formal_d1w_C0_DEFAULT_N4096_q8_rep5,4,D1W_WAITSTREAM_OVERLAP,NVSHMEM,C0_DEFAULT,2048,4096,2048,8,2,2097152,49,0,2151.264,2345.984,3409.408,1065.824,PASS,0
PHASEB_formal_d1w_C0_DEFAULT_N4096_q8_rep5,4,D1W_WAITSTREAM_OVERLAP,NVSHMEM,C0_DEFAULT,2048,4096,2048,8,3,2097152,49,0,2334.688,3437.824,4497.312,1059.488,PASS,0
PHASEB_formal_d1w_C0_DEFAULT_N4096_q8_rep5,4,D1W_WAITSTREAM_OVERLAP,NVSHMEM,C0_DEFAULT,2048,4096,2048,8,4,2097152,49,0,3413.792,4518.880,5573.440,1054.560,PASS,0
PHASEB_formal_d1w_C0_DEFAULT_N4096_q8_rep5,4,D1W_WAITSTREAM_OVERLAP,NVSHMEM,C0_DEFAULT,2048,4096,2048,8,5,2097152,49,0,4415.136,5590.848,6572.480,981.632,PASS,0
PHASEB_formal_d1w_C0_DEFAULT_N4096_q8_rep5,4,D1W_WAITSTREAM_OVERLAP,NVSHMEM,C0_DEFAULT,2048,4096,2048,8,6,2097152,49,0,5421.824,6590.368,7572.864,982.496,PASS,0
PHASEB_formal_d1w_C0_DEFAULT_N4096_q8_rep5,4,D1W_WAITSTREAM_OVERLAP,NVSHMEM,C0_DEFAULT,2048,4096,2048,8,7,2097152,49,0,5495.392,7590.240,8571.231,980.992,PASS,0
PHASEB_formal_d1w_C0_DEFAULT_N4096_q8_rep5,4,D1W_WAITSTREAM_OVERLAP,NVSHMEM,C0_DEFAULT,2048,4096,2048,8,0,2097152,50,0,213.024,221.856,1288.160,1072.224,PASS,0
PHASEB_formal_d1w_C0_DEFAULT_N4096_q8_rep5,4,D1W_WAITSTREAM_OVERLAP,NVSHMEM,C0_DEFAULT,2048,4096,2048,8,1,2097152,50,0,1224.064,1329.504,2317.568,999.424,PASS,0
PHASEB_formal_d1w_C0_DEFAULT_N4096_q8_rep5,4,D1W_WAITSTREAM_OVERLAP,NVSHMEM,C0_DEFAULT,2048,4096,2048,8,2,2097152,50,0,2162.112,2341.120,3401.504,1064.640,PASS,0
PHASEB_formal_d1w_C0_DEFAULT_N4096_q8_rep5,4,D1W_WAITSTREAM_OVERLAP,NVSHMEM,C0_DEFAULT,2048,4096,2048,8,3,2097152,50,0,2288.448,3425.856,4483.360,1088.960,PASS,0
PHASEB_formal_d1w_C0_DEFAULT_N4096_q8_rep5,4,D1W_WAITSTREAM_OVERLAP,NVSHMEM,C0_DEFAULT,2048,4096,2048,8,4,2097152,50,0,3405.888,4510.080,5564.640,1063.104,PASS,0
PHASEB_formal_d1w_C0_DEFAULT_N4096_q8_rep5,4,D1W_WAITSTREAM_OVERLAP,NVSHMEM,C0_DEFAULT,2048,4096,2048,8,5,2097152,50,0,4493.760,5589.280,6648.160,1058.880,PASS,0
PHASEB_formal_d1w_C0_DEFAULT_N4096_q8_rep5,4,D1W_WAITSTREAM_OVERLAP,NVSHMEM,C0_DEFAULT,2048,4096,2048,8,6,2097152,50,0,5571.872,6667.232,7648.512,981.280,PASS,0
PHASEB_formal_d1w_C0_DEFAULT_N4096_q8_rep5,4,D1W_WAITSTREAM_OVERLAP,NVSHMEM,C0_DEFAULT,2048,4096,2048,8,7,2097152,50,0,6652.512,7665.952,8647.681,981.728,PASS,0
PHASEB_formal_d1w_C0_DEFAULT_N4096_q8_rep5,4,D1W_WAITSTREAM_OVERLAP,NVSHMEM,C0_DEFAULT,2048,4096,2048,8,0,2097152,51,0,202.592,210.720,1280.576,1069.856,PASS,0
PHASEB_formal_d1w_C0_DEFAULT_N4096_q8_rep5,4,D1W_WAITSTREAM_OVERLAP,NVSHMEM,C0_DEFAULT,2048,4096,2048,8,1,2097152,51,0,1256.608,1303.872,2366.560,1062.688,PASS,0
PHASEB_formal_d1w_C0_DEFAULT_N4096_q8_rep5,4,D1W_WAITSTREAM_OVERLAP,NVSHMEM,C0_DEFAULT,2048,4096,2048,8,2,2097152,51,0,2275.136,2390.176,3451.424,1061.248,PASS,0
PHASEB_formal_d1w_C0_DEFAULT_N4096_q8_rep5,4,D1W_WAITSTREAM_OVERLAP,NVSHMEM,C0_DEFAULT,2048,4096,2048,8,3,2097152,51,0,3294.592,3484.672,4473.600,998.240,PASS,0
PHASEB_formal_d1w_C0_DEFAULT_N4096_q8_rep5,4,D1W_WAITSTREAM_OVERLAP,NVSHMEM,C0_DEFAULT,2048,4096,2048,8,4,2097152,51,0,4313.536,4495.552,5548.000,1053.600,PASS,0
PHASEB_formal_d1w_C0_DEFAULT_N4096_q8_rep5,4,D1W_WAITSTREAM_OVERLAP,NVSHMEM,C0_DEFAULT,2048,4096,2048,8,5,2097152,51,0,4371.072,5565.600,6547.520,981.920,PASS,0
PHASEB_formal_d1w_C0_DEFAULT_N4096_q8_rep5,4,D1W_WAITSTREAM_OVERLAP,NVSHMEM,C0_DEFAULT,2048,4096,2048,8,6,2097152,51,0,5419.456,6564.928,7547.520,982.592,PASS,0
PHASEB_formal_d1w_C0_DEFAULT_N4096_q8_rep5,4,D1W_WAITSTREAM_OVERLAP,NVSHMEM,C0_DEFAULT,2048,4096,2048,8,7,2097152,51,0,5448.288,7564.896,8546.048,981.152,PASS,0
PHASEB_formal_d1w_C0_DEFAULT_N4096_q8_rep5,4,D1W_WAITSTREAM_OVERLAP,NVSHMEM,C0_DEFAULT,2048,4096,2048,8,0,2097152,52,0,214.432,223.008,1284.352,1061.344,PASS,0
PHASEB_formal_d1w_C0_DEFAULT_N4096_q8_rep5,4,D1W_WAITSTREAM_OVERLAP,NVSHMEM,C0_DEFAULT,2048,4096,2048,8,1,2097152,52,0,1256.192,1313.216,2307.360,994.144,PASS,0
PHASEB_formal_d1w_C0_DEFAULT_N4096_q8_rep5,4,D1W_WAITSTREAM_OVERLAP,NVSHMEM,C0_DEFAULT,2048,4096,2048,8,2,2097152,52,0,2180.544,2336.256,3402.592,1080.160,PASS,0
PHASEB_formal_d1w_C0_DEFAULT_N4096_q8_rep5,4,D1W_WAITSTREAM_OVERLAP,NVSHMEM,C0_DEFAULT,2048,4096,2048,8,3,2097152,52,0,2311.680,3426.720,4418.976,992.256,PASS,0
PHASEB_formal_d1w_C0_DEFAULT_N4096_q8_rep5,4,D1W_WAITSTREAM_OVERLAP,NVSHMEM,C0_DEFAULT,2048,4096,2048,8,4,2097152,52,0,3355.616,4443.776,5499.872,1056.096,PASS,0
PHASEB_formal_d1w_C0_DEFAULT_N4096_q8_rep5,4,D1W_WAITSTREAM_OVERLAP,NVSHMEM,C0_DEFAULT,2048,4096,2048,8,5,2097152,52,0,4275.360,5517.312,6498.496,981.184,PASS,0
PHASEB_formal_d1w_C0_DEFAULT_N4096_q8_rep5,4,D1W_WAITSTREAM_OVERLAP,NVSHMEM,C0_DEFAULT,2048,4096,2048,8,6,2097152,52,0,4425.760,6515.904,7497.312,981.408,PASS,0
PHASEB_formal_d1w_C0_DEFAULT_N4096_q8_rep5,4,D1W_WAITSTREAM_OVERLAP,NVSHMEM,C0_DEFAULT,2048,4096,2048,8,7,2097152,52,0,5433.568,7514.752,8496.288,981.536,PASS,0
PHASEB_formal_d1w_C0_DEFAULT_N4096_q8_rep5,4,D1W_WAITSTREAM_OVERLAP,NVSHMEM,C0_DEFAULT,2048,4096,2048,8,0,2097152,53,0,224.672,233.888,1302.144,1071.232,PASS,0
PHASEB_formal_d1w_C0_DEFAULT_N4096_q8_rep5,4,D1W_WAITSTREAM_OVERLAP,NVSHMEM,C0_DEFAULT,2048,4096,2048,8,1,2097152,53,0,1295.712,1325.248,2392.384,1067.136,PASS,0
PHASEB_formal_d1w_C0_DEFAULT_N4096_q8_rep5,4,D1W_WAITSTREAM_OVERLAP,NVSHMEM,C0_DEFAULT,2048,4096,2048,8,2,2097152,53,0,2289.632,2420.032,3477.888,1057.856,PASS,0
PHASEB_formal_d1w_C0_DEFAULT_N4096_q8_rep5,4,D1W_WAITSTREAM_OVERLAP,NVSHMEM,C0_DEFAULT,2048,4096,2048,8,3,2097152,53,0,3320.672,3500.960,4557.856,1056.896,PASS,0
PHASEB_formal_d1w_C0_DEFAULT_N4096_q8_rep5,4,D1W_WAITSTREAM_OVERLAP,NVSHMEM,C0_DEFAULT,2048,4096,2048,8,4,2097152,53,0,3376.576,4579.584,5561.792,982.208,PASS,0
PHASEB_formal_d1w_C0_DEFAULT_N4096_q8_rep5,4,D1W_WAITSTREAM_OVERLAP,NVSHMEM,C0_DEFAULT,2048,4096,2048,8,5,2097152,53,0,4399.072,5579.040,6560.800,981.760,PASS,0
PHASEB_formal_d1w_C0_DEFAULT_N4096_q8_rep5,4,D1W_WAITSTREAM_OVERLAP,NVSHMEM,C0_DEFAULT,2048,4096,2048,8,6,2097152,53,0,5402.368,6578.720,7560.800,982.080,PASS,0
PHASEB_formal_d1w_C0_DEFAULT_N4096_q8_rep5,4,D1W_WAITSTREAM_OVERLAP,NVSHMEM,C0_DEFAULT,2048,4096,2048,8,7,2097152,53,0,5449.888,7578.176,8559.680,981.504,PASS,0
PHASEB_formal_d1w_C0_DEFAULT_N4096_q8_rep5,4,D1W_WAITSTREAM_OVERLAP,NVSHMEM,C0_DEFAULT,2048,4096,2048,8,0,2097152,54,0,212.512,220.800,1286.112,1065.312,PASS,0
PHASEB_formal_d1w_C0_DEFAULT_N4096_q8_rep5,4,D1W_WAITSTREAM_OVERLAP,NVSHMEM,C0_DEFAULT,2048,4096,2048,8,1,2097152,54,0,1249.824,1316.576,2309.248,992.672,PASS,0
PHASEB_formal_d1w_C0_DEFAULT_N4096_q8_rep5,4,D1W_WAITSTREAM_OVERLAP,NVSHMEM,C0_DEFAULT,2048,4096,2048,8,2,2097152,54,0,2173.856,2340.768,3399.296,1058.944,PASS,0
PHASEB_formal_d1w_C0_DEFAULT_N4096_q8_rep5,4,D1W_WAITSTREAM_OVERLAP,NVSHMEM,C0_DEFAULT,2048,4096,2048,8,3,2097152,54,0,3077.600,3422.688,4483.008,1060.320,PASS,0
PHASEB_formal_d1w_C0_DEFAULT_N4096_q8_rep5,4,D1W_WAITSTREAM_OVERLAP,NVSHMEM,C0_DEFAULT,2048,4096,2048,8,4,2097152,54,0,4083.552,4504.480,5558.880,1054.400,PASS,0
PHASEB_formal_d1w_C0_DEFAULT_N4096_q8_rep5,4,D1W_WAITSTREAM_OVERLAP,NVSHMEM,C0_DEFAULT,2048,4096,2048,8,5,2097152,54,0,4322.944,5576.352,6557.792,981.440,PASS,0
PHASEB_formal_d1w_C0_DEFAULT_N4096_q8_rep5,4,D1W_WAITSTREAM_OVERLAP,NVSHMEM,C0_DEFAULT,2048,4096,2048,8,6,2097152,54,0,5083.680,6575.200,7556.544,981.344,PASS,0
PHASEB_formal_d1w_C0_DEFAULT_N4096_q8_rep5,4,D1W_WAITSTREAM_OVERLAP,NVSHMEM,C0_DEFAULT,2048,4096,2048,8,7,2097152,54,0,5404.576,7574.016,8556.000,981.984,PASS,0
PHASEB_formal_d1w_C0_DEFAULT_N4096_q8_rep5,4,D1W_WAITSTREAM_OVERLAP,NVSHMEM,C0_DEFAULT,2048,4096,2048,8,0,2097152,55,0,219.392,227.072,1288.512,1061.440,PASS,0
PHASEB_formal_d1w_C0_DEFAULT_N4096_q8_rep5,4,D1W_WAITSTREAM_OVERLAP,NVSHMEM,C0_DEFAULT,2048,4096,2048,8,1,2097152,55,0,1260.864,1316.960,2382.688,1065.728,PASS,0
PHASEB_formal_d1w_C0_DEFAULT_N4096_q8_rep5,4,D1W_WAITSTREAM_OVERLAP,NVSHMEM,C0_DEFAULT,2048,4096,2048,8,2,2097152,55,0,2283.904,2409.696,3473.088,1063.392,PASS,0
PHASEB_formal_d1w_C0_DEFAULT_N4096_q8_rep5,4,D1W_WAITSTREAM_OVERLAP,NVSHMEM,C0_DEFAULT,2048,4096,2048,8,3,2097152,55,0,3310.624,3497.280,4555.744,1059.904,PASS,0
PHASEB_formal_d1w_C0_DEFAULT_N4096_q8_rep5,4,D1W_WAITSTREAM_OVERLAP,NVSHMEM,C0_DEFAULT,2048,4096,2048,8,4,2097152,55,0,3363.712,4578.656,5559.936,1000.896,PASS,0
PHASEB_formal_d1w_C0_DEFAULT_N4096_q8_rep5,4,D1W_WAITSTREAM_OVERLAP,NVSHMEM,C0_DEFAULT,2048,4096,2048,8,5,2097152,55,0,4397.920,5577.792,6559.616,981.824,PASS,0
PHASEB_formal_d1w_C0_DEFAULT_N4096_q8_rep5,4,D1W_WAITSTREAM_OVERLAP,NVSHMEM,C0_DEFAULT,2048,4096,2048,8,6,2097152,55,0,4437.792,6577.600,7560.480,982.880,PASS,0
PHASEB_formal_d1w_C0_DEFAULT_N4096_q8_rep5,4,D1W_WAITSTREAM_OVERLAP,NVSHMEM,C0_DEFAULT,2048,4096,2048,8,7,2097152,55,0,5409.120,7578.464,8559.840,981.376,PASS,0
PHASEB_formal_d1w_C0_DEFAULT_N4096_q8_rep5,4,D1W_WAITSTREAM_OVERLAP,NVSHMEM,C0_DEFAULT,2048,4096,2048,8,0,2097152,56,0,215.168,223.552,1286.048,1062.496,PASS,0
PHASEB_formal_d1w_C0_DEFAULT_N4096_q8_rep5,4,D1W_WAITSTREAM_OVERLAP,NVSHMEM,C0_DEFAULT,2048,4096,2048,8,1,2097152,56,0,1298.848,1315.584,2379.616,1064.032,PASS,0
PHASEB_formal_d1w_C0_DEFAULT_N4096_q8_rep5,4,D1W_WAITSTREAM_OVERLAP,NVSHMEM,C0_DEFAULT,2048,4096,2048,8,2,2097152,56,0,2312.736,2409.856,3475.424,1065.568,PASS,0
PHASEB_formal_d1w_C0_DEFAULT_N4096_q8_rep5,4,D1W_WAITSTREAM_OVERLAP,NVSHMEM,C0_DEFAULT,2048,4096,2048,8,3,2097152,56,0,3309.280,3507.520,4568.256,1060.736,PASS,0
PHASEB_formal_d1w_C0_DEFAULT_N4096_q8_rep5,4,D1W_WAITSTREAM_OVERLAP,NVSHMEM,C0_DEFAULT,2048,4096,2048,8,4,2097152,56,0,3392.832,4589.920,5573.280,983.360,PASS,0
PHASEB_formal_d1w_C0_DEFAULT_N4096_q8_rep5,4,D1W_WAITSTREAM_OVERLAP,NVSHMEM,C0_DEFAULT,2048,4096,2048,8,5,2097152,56,0,4407.232,5590.624,6572.064,981.440,PASS,0
PHASEB_formal_d1w_C0_DEFAULT_N4096_q8_rep5,4,D1W_WAITSTREAM_OVERLAP,NVSHMEM,C0_DEFAULT,2048,4096,2048,8,6,2097152,56,0,5402.944,6589.696,7570.560,980.864,PASS,0
PHASEB_formal_d1w_C0_DEFAULT_N4096_q8_rep5,4,D1W_WAITSTREAM_OVERLAP,NVSHMEM,C0_DEFAULT,2048,4096,2048,8,7,2097152,56,0,5463.136,7587.808,8569.824,982.016,PASS,0
PHASEB_formal_d1w_C0_DEFAULT_N4096_q8_rep5,4,D1W_WAITSTREAM_OVERLAP,NVSHMEM,C0_DEFAULT,2048,4096,2048,8,0,2097152,57,0,205.024,212.928,1280.544,1075.296,PASS,0
PHASEB_formal_d1w_C0_DEFAULT_N4096_q8_rep5,4,D1W_WAITSTREAM_OVERLAP,NVSHMEM,C0_DEFAULT,2048,4096,2048,8,1,2097152,57,0,1274.144,1304.512,2295.104,1000.576,PASS,0
PHASEB_formal_d1w_C0_DEFAULT_N4096_q8_rep5,4,D1W_WAITSTREAM_OVERLAP,NVSHMEM,C0_DEFAULT,2048,4096,2048,8,2,2097152,57,0,2133.760,2322.528,3383.840,1065.952,PASS,0
PHASEB_formal_d1w_C0_DEFAULT_N4096_q8_rep5,4,D1W_WAITSTREAM_OVERLAP,NVSHMEM,C0_DEFAULT,2048,4096,2048,8,3,2097152,57,0,2306.944,3409.728,4473.152,1064.000,PASS,0
PHASEB_formal_d1w_C0_DEFAULT_N4096_q8_rep5,4,D1W_WAITSTREAM_OVERLAP,NVSHMEM,C0_DEFAULT,2048,4096,2048,8,4,2097152,57,0,3394.688,4494.016,5555.424,1066.528,PASS,0
PHASEB_formal_d1w_C0_DEFAULT_N4096_q8_rep5,4,D1W_WAITSTREAM_OVERLAP,NVSHMEM,C0_DEFAULT,2048,4096,2048,8,5,2097152,57,0,4483.744,5577.600,6559.520,981.920,PASS,0
PHASEB_formal_d1w_C0_DEFAULT_N4096_q8_rep5,4,D1W_WAITSTREAM_OVERLAP,NVSHMEM,C0_DEFAULT,2048,4096,2048,8,6,2097152,57,0,5560.608,6576.736,7559.328,982.592,PASS,0
PHASEB_formal_d1w_C0_DEFAULT_N4096_q8_rep5,4,D1W_WAITSTREAM_OVERLAP,NVSHMEM,C0_DEFAULT,2048,4096,2048,8,7,2097152,57,0,6408.768,7576.672,8558.783,982.112,PASS,0
PHASEB_formal_d1w_C0_DEFAULT_N4096_q8_rep5,4,D1W_WAITSTREAM_OVERLAP,NVSHMEM,C0_DEFAULT,2048,4096,2048,8,0,2097152,58,0,230.464,237.600,1301.344,1065.312,PASS,0
PHASEB_formal_d1w_C0_DEFAULT_N4096_q8_rep5,4,D1W_WAITSTREAM_OVERLAP,NVSHMEM,C0_DEFAULT,2048,4096,2048,8,1,2097152,58,0,1256.512,1326.336,2323.456,997.120,PASS,0
PHASEB_formal_d1w_C0_DEFAULT_N4096_q8_rep5,4,D1W_WAITSTREAM_OVERLAP,NVSHMEM,C0_DEFAULT,2048,4096,2048,8,2,2097152,58,0,2163.456,2358.944,3349.216,990.272,PASS,0
PHASEB_formal_d1w_C0_DEFAULT_N4096_q8_rep5,4,D1W_WAITSTREAM_OVERLAP,NVSHMEM,C0_DEFAULT,2048,4096,2048,8,3,2097152,58,0,3127.904,3380.576,4407.968,1058.208,PASS,0
PHASEB_formal_d1w_C0_DEFAULT_N4096_q8_rep5,4,D1W_WAITSTREAM_OVERLAP,NVSHMEM,C0_DEFAULT,2048,4096,2048,8,4,2097152,58,0,4145.504,4433.920,5487.360,1053.440,PASS,0
PHASEB_formal_d1w_C0_DEFAULT_N4096_q8_rep5,4,D1W_WAITSTREAM_OVERLAP,NVSHMEM,C0_DEFAULT,2048,4096,2048,8,5,2097152,58,0,4371.040,5504.512,6481.248,981.984,PASS,0
PHASEB_formal_d1w_C0_DEFAULT_N4096_q8_rep5,4,D1W_WAITSTREAM_OVERLAP,NVSHMEM,C0_DEFAULT,2048,4096,2048,8,6,2097152,58,0,5175.200,6498.848,7476.224,981.952,PASS,0
PHASEB_formal_d1w_C0_DEFAULT_N4096_q8_rep5,4,D1W_WAITSTREAM_OVERLAP,NVSHMEM,C0_DEFAULT,2048,4096,2048,8,7,2097152,58,0,6174.816,7493.312,8470.336,981.664,PASS,0
PHASEB_formal_d1w_C0_DEFAULT_N4096_q8_rep5,4,D1W_WAITSTREAM_OVERLAP,NVSHMEM,C0_DEFAULT,2048,4096,2048,8,0,2097152,59,0,233.568,241.952,1305.280,1063.520,PASS,0
PHASEB_formal_d1w_C0_DEFAULT_N4096_q8_rep5,4,D1W_WAITSTREAM_OVERLAP,NVSHMEM,C0_DEFAULT,2048,4096,2048,8,1,2097152,59,0,1270.816,1347.008,2341.600,994.592,PASS,0
PHASEB_formal_d1w_C0_DEFAULT_N4096_q8_rep5,4,D1W_WAITSTREAM_OVERLAP,NVSHMEM,C0_DEFAULT,2048,4096,2048,8,2,2097152,59,0,2167.904,2365.120,3420.544,1057.280,PASS,0
PHASEB_formal_d1w_C0_DEFAULT_N4096_q8_rep5,4,D1W_WAITSTREAM_OVERLAP,NVSHMEM,C0_DEFAULT,2048,4096,2048,8,3,2097152,59,0,3121.472,3447.968,4432.992,987.840,PASS,0
PHASEB_formal_d1w_C0_DEFAULT_N4096_q8_rep5,4,D1W_WAITSTREAM_OVERLAP,NVSHMEM,C0_DEFAULT,2048,4096,2048,8,4,2097152,59,0,4125.216,4459.648,5510.752,1051.104,PASS,0
PHASEB_formal_d1w_C0_DEFAULT_N4096_q8_rep5,4,D1W_WAITSTREAM_OVERLAP,NVSHMEM,C0_DEFAULT,2048,4096,2048,8,5,2097152,59,0,4273.088,5528.448,6505.152,982.048,PASS,0
PHASEB_formal_d1w_C0_DEFAULT_N4096_q8_rep5,4,D1W_WAITSTREAM_OVERLAP,NVSHMEM,C0_DEFAULT,2048,4096,2048,8,6,2097152,59,0,5219.776,6522.464,7500.160,982.560,PASS,0
PHASEB_formal_d1w_C0_DEFAULT_N4096_q8_rep5,4,D1W_WAITSTREAM_OVERLAP,NVSHMEM,C0_DEFAULT,2048,4096,2048,8,7,2097152,59,0,6210.464,7517.280,8494.336,981.088,PASS,0
PHASEB_formal_d1w_C0_DEFAULT_N4096_q8_rep5,4,D1W_WAITSTREAM_OVERLAP,NVSHMEM,C0_DEFAULT,2048,4096,2048,8,0,2097152,60,0,211.968,219.712,1281.376,1084.736,PASS,0
PHASEB_formal_d1w_C0_DEFAULT_N4096_q8_rep5,4,D1W_WAITSTREAM_OVERLAP,NVSHMEM,C0_DEFAULT,2048,4096,2048,8,1,2097152,60,0,1294.176,1320.992,2386.624,1065.632,PASS,0
PHASEB_formal_d1w_C0_DEFAULT_N4096_q8_rep5,4,D1W_WAITSTREAM_OVERLAP,NVSHMEM,C0_DEFAULT,2048,4096,2048,8,2,2097152,60,0,2319.904,2414.784,3472.544,1068.704,PASS,0
PHASEB_formal_d1w_C0_DEFAULT_N4096_q8_rep5,4,D1W_WAITSTREAM_OVERLAP,NVSHMEM,C0_DEFAULT,2048,4096,2048,8,3,2097152,60,0,3370.176,3499.424,4549.440,1058.016,PASS,0
PHASEB_formal_d1w_C0_DEFAULT_N4096_q8_rep5,4,D1W_WAITSTREAM_OVERLAP,NVSHMEM,C0_DEFAULT,2048,4096,2048,8,4,2097152,60,0,4403.200,4572.928,5557.888,984.960,PASS,0
PHASEB_formal_d1w_C0_DEFAULT_N4096_q8_rep5,4,D1W_WAITSTREAM_OVERLAP,NVSHMEM,C0_DEFAULT,2048,4096,2048,8,5,2097152,60,0,5404.384,5579.456,6563.680,984.224,PASS,0
PHASEB_formal_d1w_C0_DEFAULT_N4096_q8_rep5,4,D1W_WAITSTREAM_OVERLAP,NVSHMEM,C0_DEFAULT,2048,4096,2048,8,6,2097152,60,0,6408.576,6585.248,7567.104,981.856,PASS,0
PHASEB_formal_d1w_C0_DEFAULT_N4096_q8_rep5,4,D1W_WAITSTREAM_OVERLAP,NVSHMEM,C0_DEFAULT,2048,4096,2048,8,7,2097152,60,0,7395.392,7584.320,8565.152,980.832,PASS,0
PHASEB_formal_d1w_C0_DEFAULT_N4096_q8_rep5,4,D1W_WAITSTREAM_OVERLAP,NVSHMEM,C0_DEFAULT,2048,4096,2048,8,0,2097152,61,0,221.088,229.440,1290.976,1062.240,PASS,0
PHASEB_formal_d1w_C0_DEFAULT_N4096_q8_rep5,4,D1W_WAITSTREAM_OVERLAP,NVSHMEM,C0_DEFAULT,2048,4096,2048,8,1,2097152,61,0,1262.016,1325.024,2310.208,989.984,PASS,0
PHASEB_formal_d1w_C0_DEFAULT_N4096_q8_rep5,4,D1W_WAITSTREAM_OVERLAP,NVSHMEM,C0_DEFAULT,2048,4096,2048,8,2,2097152,61,0,2165.376,2342.208,3407.168,1073.056,PASS,0
PHASEB_formal_d1w_C0_DEFAULT_N4096_q8_rep5,4,D1W_WAITSTREAM_OVERLAP,NVSHMEM,C0_DEFAULT,2048,4096,2048,8,3,2097152,61,0,2316.864,3432.864,4445.760,1054.016,PASS,0
PHASEB_formal_d1w_C0_DEFAULT_N4096_q8_rep5,4,D1W_WAITSTREAM_OVERLAP,NVSHMEM,C0_DEFAULT,2048,4096,2048,8,4,2097152,61,0,4089.472,4472.416,5492.960,1054.432,PASS,0
PHASEB_formal_d1w_C0_DEFAULT_N4096_q8_rep5,4,D1W_WAITSTREAM_OVERLAP,NVSHMEM,C0_DEFAULT,2048,4096,2048,8,5,2097152,61,0,4250.144,5510.432,6492.448,982.016,PASS,0
PHASEB_formal_d1w_C0_DEFAULT_N4096_q8_rep5,4,D1W_WAITSTREAM_OVERLAP,NVSHMEM,C0_DEFAULT,2048,4096,2048,8,6,2097152,61,0,5134.048,6509.856,7492.256,982.400,PASS,0
PHASEB_formal_d1w_C0_DEFAULT_N4096_q8_rep5,4,D1W_WAITSTREAM_OVERLAP,NVSHMEM,C0_DEFAULT,2048,4096,2048,8,7,2097152,61,0,5339.424,7509.792,8491.616,981.824,PASS,0
PHASEB_formal_d1w_C0_DEFAULT_N4096_q8_rep5,4,D1W_WAITSTREAM_OVERLAP,NVSHMEM,C0_DEFAULT,2048,4096,2048,8,0,2097152,62,0,210.272,217.440,1281.920,1064.480,PASS,0
PHASEB_formal_d1w_C0_DEFAULT_N4096_q8_rep5,4,D1W_WAITSTREAM_OVERLAP,NVSHMEM,C0_DEFAULT,2048,4096,2048,8,1,2097152,62,0,1222.912,1307.072,2302.336,995.264,PASS,0
PHASEB_formal_d1w_C0_DEFAULT_N4096_q8_rep5,4,D1W_WAITSTREAM_OVERLAP,NVSHMEM,C0_DEFAULT,2048,4096,2048,8,2,2097152,62,0,2133.440,2333.984,3398.272,1064.288,PASS,0
PHASEB_formal_d1w_C0_DEFAULT_N4096_q8_rep5,4,D1W_WAITSTREAM_OVERLAP,NVSHMEM,C0_DEFAULT,2048,4096,2048,8,3,2097152,62,0,2326.784,3423.968,4411.616,987.648,PASS,0
PHASEB_formal_d1w_C0_DEFAULT_N4096_q8_rep5,4,D1W_WAITSTREAM_OVERLAP,NVSHMEM,C0_DEFAULT,2048,4096,2048,8,4,2097152,62,0,3328.224,4433.888,5489.472,1055.584,PASS,0
PHASEB_formal_d1w_C0_DEFAULT_N4096_q8_rep5,4,D1W_WAITSTREAM_OVERLAP,NVSHMEM,C0_DEFAULT,2048,4096,2048,8,5,2097152,62,0,4246.240,5507.296,6488.672,981.376,PASS,0
PHASEB_formal_d1w_C0_DEFAULT_N4096_q8_rep5,4,D1W_WAITSTREAM_OVERLAP,NVSHMEM,C0_DEFAULT,2048,4096,2048,8,6,2097152,62,0,5196.320,6506.016,7488.320,982.304,PASS,0
PHASEB_formal_d1w_C0_DEFAULT_N4096_q8_rep5,4,D1W_WAITSTREAM_OVERLAP,NVSHMEM,C0_DEFAULT,2048,4096,2048,8,7,2097152,62,0,6195.232,7505.792,8488.097,982.304,PASS,0
PHASEB_formal_d1w_C0_DEFAULT_N4096_q8_rep5,4,D1W_WAITSTREAM_OVERLAP,NVSHMEM,C0_DEFAULT,2048,4096,2048,8,0,2097152,63,0,209.696,218.144,1282.336,1064.192,PASS,0
PHASEB_formal_d1w_C0_DEFAULT_N4096_q8_rep5,4,D1W_WAITSTREAM_OVERLAP,NVSHMEM,C0_DEFAULT,2048,4096,2048,8,1,2097152,63,0,1286.656,1311.648,2375.584,1064.032,PASS,0
PHASEB_formal_d1w_C0_DEFAULT_N4096_q8_rep5,4,D1W_WAITSTREAM_OVERLAP,NVSHMEM,C0_DEFAULT,2048,4096,2048,8,2,2097152,63,0,2311.200,2398.208,3465.024,1069.056,PASS,0
PHASEB_formal_d1w_C0_DEFAULT_N4096_q8_rep5,4,D1W_WAITSTREAM_OVERLAP,NVSHMEM,C0_DEFAULT,2048,4096,2048,8,3,2097152,63,0,3294.720,3489.312,4557.504,1068.192,PASS,0
PHASEB_formal_d1w_C0_DEFAULT_N4096_q8_rep5,4,D1W_WAITSTREAM_OVERLAP,NVSHMEM,C0_DEFAULT,2048,4096,2048,8,4,2097152,63,0,3395.296,4579.168,5561.344,982.176,PASS,0
PHASEB_formal_d1w_C0_DEFAULT_N4096_q8_rep5,4,D1W_WAITSTREAM_OVERLAP,NVSHMEM,C0_DEFAULT,2048,4096,2048,8,5,2097152,63,0,4376.832,5578.784,6560.000,981.216,PASS,0
PHASEB_formal_d1w_C0_DEFAULT_N4096_q8_rep5,4,D1W_WAITSTREAM_OVERLAP,NVSHMEM,C0_DEFAULT,2048,4096,2048,8,6,2097152,63,0,5397.088,6577.408,7559.136,981.728,PASS,0
PHASEB_formal_d1w_C0_DEFAULT_N4096_q8_rep5,4,D1W_WAITSTREAM_OVERLAP,NVSHMEM,C0_DEFAULT,2048,4096,2048,8,7,2097152,63,0,5439.392,7576.512,8558.272,981.760,PASS,0
PHASEB_formal_d1w_C0_DEFAULT_N4096_q8_rep5,4,D1W_WAITSTREAM_OVERLAP,NVSHMEM,C0_DEFAULT,2048,4096,2048,8,0,2097152,64,0,205.824,214.816,1276.576,1064.160,PASS,0
PHASEB_formal_d1w_C0_DEFAULT_N4096_q8_rep5,4,D1W_WAITSTREAM_OVERLAP,NVSHMEM,C0_DEFAULT,2048,4096,2048,8,1,2097152,64,0,1233.920,1304.352,2305.344,1000.992,PASS,0
PHASEB_formal_d1w_C0_DEFAULT_N4096_q8_rep5,4,D1W_WAITSTREAM_OVERLAP,NVSHMEM,C0_DEFAULT,2048,4096,2048,8,2,2097152,64,0,2136.320,2334.048,3382.688,1056.064,PASS,0
PHASEB_formal_d1w_C0_DEFAULT_N4096_q8_rep5,4,D1W_WAITSTREAM_OVERLAP,NVSHMEM,C0_DEFAULT,2048,4096,2048,8,3,2097152,64,0,3145.952,3409.728,4467.200,1057.472,PASS,0
PHASEB_formal_d1w_C0_DEFAULT_N4096_q8_rep5,4,D1W_WAITSTREAM_OVERLAP,NVSHMEM,C0_DEFAULT,2048,4096,2048,8,4,2097152,64,0,4141.216,4489.344,5538.048,1048.704,PASS,0
PHASEB_formal_d1w_C0_DEFAULT_N4096_q8_rep5,4,D1W_WAITSTREAM_OVERLAP,NVSHMEM,C0_DEFAULT,2048,4096,2048,8,5,2097152,64,0,4303.328,5555.232,6529.568,981.824,PASS,0
PHASEB_formal_d1w_C0_DEFAULT_N4096_q8_rep5,4,D1W_WAITSTREAM_OVERLAP,NVSHMEM,C0_DEFAULT,2048,4096,2048,8,6,2097152,64,0,5195.328,6546.880,7520.640,980.992,PASS,0
PHASEB_formal_d1w_C0_DEFAULT_N4096_q8_rep5,4,D1W_WAITSTREAM_OVERLAP,NVSHMEM,C0_DEFAULT,2048,4096,2048,8,7,2097152,64,0,5362.240,7538.176,8512.160,980.736,PASS,0
PHASEB_formal_d1w_C0_DEFAULT_N4096_q8_rep5,4,D1W_WAITSTREAM_OVERLAP,NVSHMEM,C0_DEFAULT,2048,4096,2048,8,0,2097152,65,0,206.848,215.296,1278.848,1067.136,PASS,0
PHASEB_formal_d1w_C0_DEFAULT_N4096_q8_rep5,4,D1W_WAITSTREAM_OVERLAP,NVSHMEM,C0_DEFAULT,2048,4096,2048,8,1,2097152,65,0,1247.008,1302.976,2304.384,1057.184,PASS,0
PHASEB_formal_d1w_C0_DEFAULT_N4096_q8_rep5,4,D1W_WAITSTREAM_OVERLAP,NVSHMEM,C0_DEFAULT,2048,4096,2048,8,2,2097152,65,0,2232.896,2335.520,3394.688,1059.168,PASS,0
PHASEB_formal_d1w_C0_DEFAULT_N4096_q8_rep5,4,D1W_WAITSTREAM_OVERLAP,NVSHMEM,C0_DEFAULT,2048,4096,2048,8,3,2097152,65,0,3121.600,3421.344,4476.576,1055.232,PASS,0
PHASEB_formal_d1w_C0_DEFAULT_N4096_q8_rep5,4,D1W_WAITSTREAM_OVERLAP,NVSHMEM,C0_DEFAULT,2048,4096,2048,8,4,2097152,65,0,4137.152,4497.440,5546.336,1048.896,PASS,0
PHASEB_formal_d1w_C0_DEFAULT_N4096_q8_rep5,4,D1W_WAITSTREAM_OVERLAP,NVSHMEM,C0_DEFAULT,2048,4096,2048,8,5,2097152,65,0,4306.048,5563.392,6537.248,981.280,PASS,0
PHASEB_formal_d1w_C0_DEFAULT_N4096_q8_rep5,4,D1W_WAITSTREAM_OVERLAP,NVSHMEM,C0_DEFAULT,2048,4096,2048,8,6,2097152,65,0,5165.088,6554.976,7530.272,982.112,PASS,0
PHASEB_formal_d1w_C0_DEFAULT_N4096_q8_rep5,4,D1W_WAITSTREAM_OVERLAP,NVSHMEM,C0_DEFAULT,2048,4096,2048,8,7,2097152,65,0,5397.792,7548.032,8523.009,981.696,PASS,0
PHASEB_formal_d1w_C0_DEFAULT_N4096_q8_rep5,4,D1W_WAITSTREAM_OVERLAP,NVSHMEM,C0_DEFAULT,2048,4096,2048,8,0,2097152,66,0,196.672,204.544,1264.384,1060.064,PASS,0
PHASEB_formal_d1w_C0_DEFAULT_N4096_q8_rep5,4,D1W_WAITSTREAM_OVERLAP,NVSHMEM,C0_DEFAULT,2048,4096,2048,8,1,2097152,66,0,1248.000,1291.040,2286.816,995.776,PASS,0
PHASEB_formal_d1w_C0_DEFAULT_N4096_q8_rep5,4,D1W_WAITSTREAM_OVERLAP,NVSHMEM,C0_DEFAULT,2048,4096,2048,8,2,2097152,66,0,2167.712,2311.232,3373.472,1066.944,PASS,0
PHASEB_formal_d1w_C0_DEFAULT_N4096_q8_rep5,4,D1W_WAITSTREAM_OVERLAP,NVSHMEM,C0_DEFAULT,2048,4096,2048,8,3,2097152,66,0,2291.232,3399.072,4396.800,997.728,PASS,0
PHASEB_formal_d1w_C0_DEFAULT_N4096_q8_rep5,4,D1W_WAITSTREAM_OVERLAP,NVSHMEM,C0_DEFAULT,2048,4096,2048,8,4,2097152,66,0,3328.896,4425.440,5478.944,1057.760,PASS,0
PHASEB_formal_d1w_C0_DEFAULT_N4096_q8_rep5,4,D1W_WAITSTREAM_OVERLAP,NVSHMEM,C0_DEFAULT,2048,4096,2048,8,5,2097152,66,0,4231.584,5495.776,6472.736,981.216,PASS,0
PHASEB_formal_d1w_C0_DEFAULT_N4096_q8_rep5,4,D1W_WAITSTREAM_OVERLAP,NVSHMEM,C0_DEFAULT,2048,4096,2048,8,6,2097152,66,0,5251.904,6489.952,7467.552,981.728,PASS,0
PHASEB_formal_d1w_C0_DEFAULT_N4096_q8_rep5,4,D1W_WAITSTREAM_OVERLAP,NVSHMEM,C0_DEFAULT,2048,4096,2048,8,7,2097152,66,0,6225.568,7484.608,8462.240,981.088,PASS,0
PHASEB_formal_d1w_C0_DEFAULT_N4096_q8_rep5,4,D1W_WAITSTREAM_OVERLAP,NVSHMEM,C0_DEFAULT,2048,4096,2048,8,0,2097152,67,0,185.824,194.944,1256.960,1062.784,PASS,0
PHASEB_formal_d1w_C0_DEFAULT_N4096_q8_rep5,4,D1W_WAITSTREAM_OVERLAP,NVSHMEM,C0_DEFAULT,2048,4096,2048,8,1,2097152,67,0,1230.592,1284.448,2274.272,1008.672,PASS,0
PHASEB_formal_d1w_C0_DEFAULT_N4096_q8_rep5,4,D1W_WAITSTREAM_OVERLAP,NVSHMEM,C0_DEFAULT,2048,4096,2048,8,2,2097152,67,0,2163.072,2321.152,3381.376,1061.760,PASS,0
PHASEB_formal_d1w_C0_DEFAULT_N4096_q8_rep5,4,D1W_WAITSTREAM_OVERLAP,NVSHMEM,C0_DEFAULT,2048,4096,2048,8,3,2097152,67,0,2332.352,3406.112,4416.736,1010.624,PASS,0
PHASEB_formal_d1w_C0_DEFAULT_N4096_q8_rep5,4,D1W_WAITSTREAM_OVERLAP,NVSHMEM,C0_DEFAULT,2048,4096,2048,8,4,2097152,67,0,4127.136,4445.472,5430.048,984.576,PASS,0
PHASEB_formal_d1w_C0_DEFAULT_N4096_q8_rep5,4,D1W_WAITSTREAM_OVERLAP,NVSHMEM,C0_DEFAULT,2048,4096,2048,8,5,2097152,67,0,4280.160,5447.616,6428.992,993.632,PASS,0
PHASEB_formal_d1w_C0_DEFAULT_N4096_q8_rep5,4,D1W_WAITSTREAM_OVERLAP,NVSHMEM,C0_DEFAULT,2048,4096,2048,8,6,2097152,67,0,5174.144,6446.880,7429.024,982.144,PASS,0
PHASEB_formal_d1w_C0_DEFAULT_N4096_q8_rep5,4,D1W_WAITSTREAM_OVERLAP,NVSHMEM,C0_DEFAULT,2048,4096,2048,8,7,2097152,67,0,5370.240,7446.656,8427.872,981.216,PASS,0
PHASEB_formal_d1w_C0_DEFAULT_N4096_q8_rep5,4,D1W_WAITSTREAM_OVERLAP,NVSHMEM,C0_DEFAULT,2048,4096,2048,8,0,2097152,68,0,212.000,219.744,1280.576,1061.536,PASS,0
PHASEB_formal_d1w_C0_DEFAULT_N4096_q8_rep5,4,D1W_WAITSTREAM_OVERLAP,NVSHMEM,C0_DEFAULT,2048,4096,2048,8,1,2097152,68,0,1248.896,1304.928,2371.264,1066.336,PASS,0
PHASEB_formal_d1w_C0_DEFAULT_N4096_q8_rep5,4,D1W_WAITSTREAM_OVERLAP,NVSHMEM,C0_DEFAULT,2048,4096,2048,8,2,2097152,68,0,2243.520,2407.968,3470.816,1062.848,PASS,0
PHASEB_formal_d1w_C0_DEFAULT_N4096_q8_rep5,4,D1W_WAITSTREAM_OVERLAP,NVSHMEM,C0_DEFAULT,2048,4096,2048,8,3,2097152,68,0,3097.312,3493.792,4482.368,988.576,PASS,0
PHASEB_formal_d1w_C0_DEFAULT_N4096_q8_rep5,4,D1W_WAITSTREAM_OVERLAP,NVSHMEM,C0_DEFAULT,2048,4096,2048,8,4,2097152,68,0,3328.832,4504.288,5488.000,983.712,PASS,0
PHASEB_formal_d1w_C0_DEFAULT_N4096_q8_rep5,4,D1W_WAITSTREAM_OVERLAP,NVSHMEM,C0_DEFAULT,2048,4096,2048,8,5,2097152,68,0,4322.848,5509.536,6490.976,1048.704,PASS,0
PHASEB_formal_d1w_C0_DEFAULT_N4096_q8_rep5,4,D1W_WAITSTREAM_OVERLAP,NVSHMEM,C0_DEFAULT,2048,4096,2048,8,6,2097152,68,0,5334.976,6508.384,7490.400,982.016,PASS,0
PHASEB_formal_d1w_C0_DEFAULT_N4096_q8_rep5,4,D1W_WAITSTREAM_OVERLAP,NVSHMEM,C0_DEFAULT,2048,4096,2048,8,7,2097152,68,0,6336.800,7507.616,8488.224,980.608,PASS,0
PHASEB_formal_d1w_C0_DEFAULT_N4096_q8_rep5,4,D1W_WAITSTREAM_OVERLAP,NVSHMEM,C0_DEFAULT,2048,4096,2048,8,0,2097152,69,0,224.640,232.768,1294.432,1069.952,PASS,0
PHASEB_formal_d1w_C0_DEFAULT_N4096_q8_rep5,4,D1W_WAITSTREAM_OVERLAP,NVSHMEM,C0_DEFAULT,2048,4096,2048,8,1,2097152,69,0,1261.984,1318.880,2311.232,1007.584,PASS,0
PHASEB_formal_d1w_C0_DEFAULT_N4096_q8_rep5,4,D1W_WAITSTREAM_OVERLAP,NVSHMEM,C0_DEFAULT,2048,4096,2048,8,2,2097152,69,0,2141.632,2346.976,3414.464,1067.488,PASS,0
PHASEB_formal_d1w_C0_DEFAULT_N4096_q8_rep5,4,D1W_WAITSTREAM_OVERLAP,NVSHMEM,C0_DEFAULT,2048,4096,2048,8,3,2097152,69,0,2323.392,3443.808,4439.712,995.904,PASS,0
PHASEB_formal_d1w_C0_DEFAULT_N4096_q8_rep5,4,D1W_WAITSTREAM_OVERLAP,NVSHMEM,C0_DEFAULT,2048,4096,2048,8,4,2097152,69,0,3373.536,4462.752,5517.280,1054.528,PASS,0
PHASEB_formal_d1w_C0_DEFAULT_N4096_q8_rep5,4,D1W_WAITSTREAM_OVERLAP,NVSHMEM,C0_DEFAULT,2048,4096,2048,8,5,2097152,69,0,4264.000,5535.136,6516.960,981.824,PASS,0
PHASEB_formal_d1w_C0_DEFAULT_N4096_q8_rep5,4,D1W_WAITSTREAM_OVERLAP,NVSHMEM,C0_DEFAULT,2048,4096,2048,8,6,2097152,69,0,5181.056,6534.208,7516.512,982.304,PASS,0
PHASEB_formal_d1w_C0_DEFAULT_N4096_q8_rep5,4,D1W_WAITSTREAM_OVERLAP,NVSHMEM,C0_DEFAULT,2048,4096,2048,8,7,2097152,69,0,6180.992,7533.856,8515.744,981.888,PASS,0
PHASEB_formal_d1w_C0_DEFAULT_N4096_q8_rep5,4,D1W_WAITSTREAM_OVERLAP,NVSHMEM,C0_DEFAULT,2048,4096,2048,8,0,2097152,70,0,220.704,229.984,1294.016,1064.032,PASS,0
PHASEB_formal_d1w_C0_DEFAULT_N4096_q8_rep5,4,D1W_WAITSTREAM_OVERLAP,NVSHMEM,C0_DEFAULT,2048,4096,2048,8,1,2097152,70,0,1269.984,1325.344,2369.632,1068.960,PASS,0
PHASEB_formal_d1w_C0_DEFAULT_N4096_q8_rep5,4,D1W_WAITSTREAM_OVERLAP,NVSHMEM,C0_DEFAULT,2048,4096,2048,8,2,2097152,70,0,2258.784,2394.528,3452.992,1058.464,PASS,0
PHASEB_formal_d1w_C0_DEFAULT_N4096_q8_rep5,4,D1W_WAITSTREAM_OVERLAP,NVSHMEM,C0_DEFAULT,2048,4096,2048,8,3,2097152,70,0,3099.168,3504.992,4486.080,986.400,PASS,0
PHASEB_formal_d1w_C0_DEFAULT_N4096_q8_rep5,4,D1W_WAITSTREAM_OVERLAP,NVSHMEM,C0_DEFAULT,2048,4096,2048,8,4,2097152,70,0,3340.704,4513.216,5562.976,1049.760,PASS,0
PHASEB_formal_d1w_C0_DEFAULT_N4096_q8_rep5,4,D1W_WAITSTREAM_OVERLAP,NVSHMEM,C0_DEFAULT,2048,4096,2048,8,5,2097152,70,0,4304.576,5580.288,6554.528,981.472,PASS,0
PHASEB_formal_d1w_C0_DEFAULT_N4096_q8_rep5,4,D1W_WAITSTREAM_OVERLAP,NVSHMEM,C0_DEFAULT,2048,4096,2048,8,6,2097152,70,0,5075.936,6571.872,7546.208,981.664,PASS,0
PHASEB_formal_d1w_C0_DEFAULT_N4096_q8_rep5,4,D1W_WAITSTREAM_OVERLAP,NVSHMEM,C0_DEFAULT,2048,4096,2048,8,7,2097152,70,0,6068.288,7563.584,8537.632,980.800,PASS,0
PHASEB_formal_d1w_C0_DEFAULT_N4096_q8_rep5,4,D1W_WAITSTREAM_OVERLAP,NVSHMEM,C0_DEFAULT,2048,4096,2048,8,0,2097152,71,0,211.360,218.464,1279.200,1069.888,PASS,0
PHASEB_formal_d1w_C0_DEFAULT_N4096_q8_rep5,4,D1W_WAITSTREAM_OVERLAP,NVSHMEM,C0_DEFAULT,2048,4096,2048,8,1,2097152,71,0,1228.064,1306.176,2301.344,995.168,PASS,0
PHASEB_formal_d1w_C0_DEFAULT_N4096_q8_rep5,4,D1W_WAITSTREAM_OVERLAP,NVSHMEM,C0_DEFAULT,2048,4096,2048,8,2,2097152,71,0,2128.256,2325.632,3369.568,1058.560,PASS,0
PHASEB_formal_d1w_C0_DEFAULT_N4096_q8_rep5,4,D1W_WAITSTREAM_OVERLAP,NVSHMEM,C0_DEFAULT,2048,4096,2048,8,3,2097152,71,0,2334.784,3409.792,4464.416,1058.624,PASS,0
PHASEB_formal_d1w_C0_DEFAULT_N4096_q8_rep5,4,D1W_WAITSTREAM_OVERLAP,NVSHMEM,C0_DEFAULT,2048,4096,2048,8,4,2097152,71,0,3353.248,4484.928,5533.216,1048.576,PASS,0
PHASEB_formal_d1w_C0_DEFAULT_N4096_q8_rep5,4,D1W_WAITSTREAM_OVERLAP,NVSHMEM,C0_DEFAULT,2048,4096,2048,8,5,2097152,71,0,4307.456,5550.560,6524.544,981.312,PASS,0
PHASEB_formal_d1w_C0_DEFAULT_N4096_q8_rep5,4,D1W_WAITSTREAM_OVERLAP,NVSHMEM,C0_DEFAULT,2048,4096,2048,8,6,2097152,71,0,5174.784,6541.536,7516.768,982.304,PASS,0
PHASEB_formal_d1w_C0_DEFAULT_N4096_q8_rep5,4,D1W_WAITSTREAM_OVERLAP,NVSHMEM,C0_DEFAULT,2048,4096,2048,8,7,2097152,71,0,5380.416,7534.400,8509.184,981.888,PASS,0
PHASEB_formal_d1w_C0_DEFAULT_N4096_q8_rep5,4,D1W_WAITSTREAM_OVERLAP,NVSHMEM,C0_DEFAULT,2048,4096,2048,8,0,2097152,72,0,223.520,231.776,1299.264,1067.488,PASS,0
PHASEB_formal_d1w_C0_DEFAULT_N4096_q8_rep5,4,D1W_WAITSTREAM_OVERLAP,NVSHMEM,C0_DEFAULT,2048,4096,2048,8,1,2097152,72,0,1257.440,1326.016,2392.672,1066.656,PASS,0
PHASEB_formal_d1w_C0_DEFAULT_N4096_q8_rep5,4,D1W_WAITSTREAM_OVERLAP,NVSHMEM,C0_DEFAULT,2048,4096,2048,8,2,2097152,72,0,2311.200,2419.872,3482.912,1063.040,PASS,0
PHASEB_formal_d1w_C0_DEFAULT_N4096_q8_rep5,4,D1W_WAITSTREAM_OVERLAP,NVSHMEM,C0_DEFAULT,2048,4096,2048,8,3,2097152,72,0,3351.744,3510.816,4570.592,1059.776,PASS,0
PHASEB_formal_d1w_C0_DEFAULT_N4096_q8_rep5,4,D1W_WAITSTREAM_OVERLAP,NVSHMEM,C0_DEFAULT,2048,4096,2048,8,4,2097152,72,0,4396.544,4593.248,5576.416,1048.832,PASS,0
PHASEB_formal_d1w_C0_DEFAULT_N4096_q8_rep5,4,D1W_WAITSTREAM_OVERLAP,NVSHMEM,C0_DEFAULT,2048,4096,2048,8,5,2097152,72,0,4442.208,5593.952,6575.488,981.536,PASS,0
PHASEB_formal_d1w_C0_DEFAULT_N4096_q8_rep5,4,D1W_WAITSTREAM_OVERLAP,NVSHMEM,C0_DEFAULT,2048,4096,2048,8,6,2097152,72,0,5404.256,6592.864,7574.720,981.856,PASS,0
PHASEB_formal_d1w_C0_DEFAULT_N4096_q8_rep5,4,D1W_WAITSTREAM_OVERLAP,NVSHMEM,C0_DEFAULT,2048,4096,2048,8,7,2097152,72,0,5450.080,7592.416,8573.439,981.024,PASS,0
PHASEB_formal_d1w_C0_DEFAULT_N4096_q8_rep5,4,D1W_WAITSTREAM_OVERLAP,NVSHMEM,C0_DEFAULT,2048,4096,2048,8,0,2097152,73,0,203.808,212.064,1280.736,1068.672,PASS,0
PHASEB_formal_d1w_C0_DEFAULT_N4096_q8_rep5,4,D1W_WAITSTREAM_OVERLAP,NVSHMEM,C0_DEFAULT,2048,4096,2048,8,1,2097152,73,0,1253.408,1302.784,2298.400,995.616,PASS,0
PHASEB_formal_d1w_C0_DEFAULT_N4096_q8_rep5,4,D1W_WAITSTREAM_OVERLAP,NVSHMEM,C0_DEFAULT,2048,4096,2048,8,2,2097152,73,0,2125.088,2325.088,3390.944,1071.968,PASS,0
PHASEB_formal_d1w_C0_DEFAULT_N4096_q8_rep5,4,D1W_WAITSTREAM_OVERLAP,NVSHMEM,C0_DEFAULT,2048,4096,2048,8,3,2097152,73,0,2310.688,3418.656,4412.320,1007.840,PASS,0
PHASEB_formal_d1w_C0_DEFAULT_N4096_q8_rep5,4,D1W_WAITSTREAM_OVERLAP,NVSHMEM,C0_DEFAULT,2048,4096,2048,8,4,2097152,73,0,3384.192,4439.040,5496.832,1060.160,PASS,0
PHASEB_formal_d1w_C0_DEFAULT_N4096_q8_rep5,4,D1W_WAITSTREAM_OVERLAP,NVSHMEM,C0_DEFAULT,2048,4096,2048,8,5,2097152,73,0,4260.160,5516.928,6498.400,981.472,PASS,0
PHASEB_formal_d1w_C0_DEFAULT_N4096_q8_rep5,4,D1W_WAITSTREAM_OVERLAP,NVSHMEM,C0_DEFAULT,2048,4096,2048,8,6,2097152,73,0,4434.784,6516.448,7498.656,982.208,PASS,0
PHASEB_formal_d1w_C0_DEFAULT_N4096_q8_rep5,4,D1W_WAITSTREAM_OVERLAP,NVSHMEM,C0_DEFAULT,2048,4096,2048,8,7,2097152,73,0,5508.896,7516.000,8497.792,981.792,PASS,0
PHASEB_formal_d1w_C0_DEFAULT_N4096_q8_rep5,4,D1W_WAITSTREAM_OVERLAP,NVSHMEM,C0_DEFAULT,2048,4096,2048,8,0,2097152,74,0,218.560,232.256,1289.984,1063.392,PASS,0
PHASEB_formal_d1w_C0_DEFAULT_N4096_q8_rep5,4,D1W_WAITSTREAM_OVERLAP,NVSHMEM,C0_DEFAULT,2048,4096,2048,8,1,2097152,74,0,1247.744,1316.256,2308.768,1056.896,PASS,0
PHASEB_formal_d1w_C0_DEFAULT_N4096_q8_rep5,4,D1W_WAITSTREAM_OVERLAP,NVSHMEM,C0_DEFAULT,2048,4096,2048,8,2,2097152,74,0,2258.304,2348.000,3405.248,1068.576,PASS,0
PHASEB_formal_d1w_C0_DEFAULT_N4096_q8_rep5,4,D1W_WAITSTREAM_OVERLAP,NVSHMEM,C0_DEFAULT,2048,4096,2048,8,3,2097152,74,0,3249.216,3432.320,4485.024,1057.536,PASS,0
PHASEB_formal_d1w_C0_DEFAULT_N4096_q8_rep5,4,D1W_WAITSTREAM_OVERLAP,NVSHMEM,C0_DEFAULT,2048,4096,2048,8,4,2097152,74,0,3389.216,4506.112,5557.024,1055.424,PASS,0
PHASEB_formal_d1w_C0_DEFAULT_N4096_q8_rep5,4,D1W_WAITSTREAM_OVERLAP,NVSHMEM,C0_DEFAULT,2048,4096,2048,8,5,2097152,74,0,4314.592,5574.592,6555.488,980.896,PASS,0
PHASEB_formal_d1w_C0_DEFAULT_N4096_q8_rep5,4,D1W_WAITSTREAM_OVERLAP,NVSHMEM,C0_DEFAULT,2048,4096,2048,8,6,2097152,74,0,4376.640,6572.832,7554.848,982.016,PASS,0
PHASEB_formal_d1w_C0_DEFAULT_N4096_q8_rep5,4,D1W_WAITSTREAM_OVERLAP,NVSHMEM,C0_DEFAULT,2048,4096,2048,8,7,2097152,74,0,5412.512,7572.512,8554.336,981.824,PASS,0
PHASEB_formal_d1w_C0_DEFAULT_N4096_q8_rep5,4,D1W_WAITSTREAM_OVERLAP,NVSHMEM,C0_DEFAULT,2048,4096,2048,8,0,2097152,75,0,196.768,205.504,1267.008,1061.504,PASS,0
PHASEB_formal_d1w_C0_DEFAULT_N4096_q8_rep5,4,D1W_WAITSTREAM_OVERLAP,NVSHMEM,C0_DEFAULT,2048,4096,2048,8,1,2097152,75,0,1247.840,1293.248,2284.480,997.824,PASS,0
PHASEB_formal_d1w_C0_DEFAULT_N4096_q8_rep5,4,D1W_WAITSTREAM_OVERLAP,NVSHMEM,C0_DEFAULT,2048,4096,2048,8,2,2097152,75,0,2116.256,2314.304,3374.976,1063.776,PASS,0
PHASEB_formal_d1w_C0_DEFAULT_N4096_q8_rep5,4,D1W_WAITSTREAM_OVERLAP,NVSHMEM,C0_DEFAULT,2048,4096,2048,8,3,2097152,75,0,2296.480,3400.640,4460.096,1059.456,PASS,0
PHASEB_formal_d1w_C0_DEFAULT_N4096_q8_rep5,4,D1W_WAITSTREAM_OVERLAP,NVSHMEM,C0_DEFAULT,2048,4096,2048,8,4,2097152,75,0,3379.296,4482.336,5539.648,1057.312,PASS,0
PHASEB_formal_d1w_C0_DEFAULT_N4096_q8_rep5,4,D1W_WAITSTREAM_OVERLAP,NVSHMEM,C0_DEFAULT,2048,4096,2048,8,5,2097152,75,0,4358.848,5563.360,6545.344,981.984,PASS,0
PHASEB_formal_d1w_C0_DEFAULT_N4096_q8_rep5,4,D1W_WAITSTREAM_OVERLAP,NVSHMEM,C0_DEFAULT,2048,4096,2048,8,6,2097152,75,0,5378.656,6562.592,7545.120,982.528,PASS,0
PHASEB_formal_d1w_C0_DEFAULT_N4096_q8_rep5,4,D1W_WAITSTREAM_OVERLAP,NVSHMEM,C0_DEFAULT,2048,4096,2048,8,7,2097152,75,0,6391.104,7562.496,8544.320,981.824,PASS,0
PHASEB_formal_d1w_C0_DEFAULT_N4096_q8_rep5,4,D1W_WAITSTREAM_OVERLAP,NVSHMEM,C0_DEFAULT,2048,4096,2048,8,0,2097152,76,0,210.784,219.040,1280.288,1066.080,PASS,0
PHASEB_formal_d1w_C0_DEFAULT_N4096_q8_rep5,4,D1W_WAITSTREAM_OVERLAP,NVSHMEM,C0_DEFAULT,2048,4096,2048,8,1,2097152,76,0,1235.776,1304.864,2295.840,993.408,PASS,0
PHASEB_formal_d1w_C0_DEFAULT_N4096_q8_rep5,4,D1W_WAITSTREAM_OVERLAP,NVSHMEM,C0_DEFAULT,2048,4096,2048,8,2,2097152,76,0,2134.208,2330.048,3390.976,1060.928,PASS,0
PHASEB_formal_d1w_C0_DEFAULT_N4096_q8_rep5,4,D1W_WAITSTREAM_OVERLAP,NVSHMEM,C0_DEFAULT,2048,4096,2048,8,3,2097152,76,0,3152.128,3425.824,4498.464,1072.640,PASS,0
PHASEB_formal_d1w_C0_DEFAULT_N4096_q8_rep5,4,D1W_WAITSTREAM_OVERLAP,NVSHMEM,C0_DEFAULT,2048,4096,2048,8,4,2097152,76,0,4164.352,4519.488,5506.144,1063.872,PASS,0
PHASEB_formal_d1w_C0_DEFAULT_N4096_q8_rep5,4,D1W_WAITSTREAM_OVERLAP,NVSHMEM,C0_DEFAULT,2048,4096,2048,8,5,2097152,76,0,4340.576,5525.056,6506.272,981.216,PASS,0
PHASEB_formal_d1w_C0_DEFAULT_N4096_q8_rep5,4,D1W_WAITSTREAM_OVERLAP,NVSHMEM,C0_DEFAULT,2048,4096,2048,8,6,2097152,76,0,5365.184,6523.904,7505.728,981.824,PASS,0
PHASEB_formal_d1w_C0_DEFAULT_N4096_q8_rep5,4,D1W_WAITSTREAM_OVERLAP,NVSHMEM,C0_DEFAULT,2048,4096,2048,8,7,2097152,76,0,6143.136,7522.944,8504.032,981.088,PASS,0
PHASEB_formal_d1w_C0_DEFAULT_N4096_q8_rep5,4,D1W_WAITSTREAM_OVERLAP,NVSHMEM,C0_DEFAULT,2048,4096,2048,8,0,2097152,77,0,221.632,229.760,1289.440,1067.584,PASS,0
PHASEB_formal_d1w_C0_DEFAULT_N4096_q8_rep5,4,D1W_WAITSTREAM_OVERLAP,NVSHMEM,C0_DEFAULT,2048,4096,2048,8,1,2097152,77,0,1244.096,1313.088,2311.968,998.880,PASS,0
PHASEB_formal_d1w_C0_DEFAULT_N4096_q8_rep5,4,D1W_WAITSTREAM_OVERLAP,NVSHMEM,C0_DEFAULT,2048,4096,2048,8,2,2097152,77,0,2132.352,2342.528,3335.648,993.120,PASS,0
PHASEB_formal_d1w_C0_DEFAULT_N4096_q8_rep5,4,D1W_WAITSTREAM_OVERLAP,NVSHMEM,C0_DEFAULT,2048,4096,2048,8,3,2097152,77,0,2302.592,3368.896,4392.064,1057.472,PASS,0
PHASEB_formal_d1w_C0_DEFAULT_N4096_q8_rep5,4,D1W_WAITSTREAM_OVERLAP,NVSHMEM,C0_DEFAULT,2048,4096,2048,8,4,2097152,77,0,3158.496,4418.240,5393.824,981.760,PASS,0
PHASEB_formal_d1w_C0_DEFAULT_N4096_q8_rep5,4,D1W_WAITSTREAM_OVERLAP,NVSHMEM,C0_DEFAULT,2048,4096,2048,8,5,2097152,77,0,3345.408,5411.232,6385.792,981.504,PASS,0
PHASEB_formal_d1w_C0_DEFAULT_N4096_q8_rep5,4,D1W_WAITSTREAM_OVERLAP,NVSHMEM,C0_DEFAULT,2048,4096,2048,8,6,2097152,77,0,4356.896,6402.816,7377.408,982.752,PASS,0
PHASEB_formal_d1w_C0_DEFAULT_N4096_q8_rep5,4,D1W_WAITSTREAM_OVERLAP,NVSHMEM,C0_DEFAULT,2048,4096,2048,8,7,2097152,77,0,5216.512,7394.848,8369.088,981.728,PASS,0
PHASEB_formal_d1w_C0_DEFAULT_N4096_q8_rep5,4,D1W_WAITSTREAM_OVERLAP,NVSHMEM,C0_DEFAULT,2048,4096,2048,8,0,2097152,78,0,235.872,243.904,1306.400,1062.496,PASS,0
PHASEB_formal_d1w_C0_DEFAULT_N4096_q8_rep5,4,D1W_WAITSTREAM_OVERLAP,NVSHMEM,C0_DEFAULT,2048,4096,2048,8,1,2097152,78,0,1274.528,1328.576,2391.296,1062.720,PASS,0
PHASEB_formal_d1w_C0_DEFAULT_N4096_q8_rep5,4,D1W_WAITSTREAM_OVERLAP,NVSHMEM,C0_DEFAULT,2048,4096,2048,8,2,2097152,78,0,2275.904,2420.192,3482.976,1062.784,PASS,0
PHASEB_formal_d1w_C0_DEFAULT_N4096_q8_rep5,4,D1W_WAITSTREAM_OVERLAP,NVSHMEM,C0_DEFAULT,2048,4096,2048,8,3,2097152,78,0,2403.200,3507.360,4565.536,1058.176,PASS,0
PHASEB_formal_d1w_C0_DEFAULT_N4096_q8_rep5,4,D1W_WAITSTREAM_OVERLAP,NVSHMEM,C0_DEFAULT,2048,4096,2048,8,4,2097152,78,0,3322.464,4586.976,5569.696,983.744,PASS,0
PHASEB_formal_d1w_C0_DEFAULT_N4096_q8_rep5,4,D1W_WAITSTREAM_OVERLAP,NVSHMEM,C0_DEFAULT,2048,4096,2048,8,5,2097152,78,0,4115.328,5587.008,6568.512,981.504,PASS,0
PHASEB_formal_d1w_C0_DEFAULT_N4096_q8_rep5,4,D1W_WAITSTREAM_OVERLAP,NVSHMEM,C0_DEFAULT,2048,4096,2048,8,6,2097152,78,0,5109.248,6586.400,7567.200,980.800,PASS,0
PHASEB_formal_d1w_C0_DEFAULT_N4096_q8_rep5,4,D1W_WAITSTREAM_OVERLAP,NVSHMEM,C0_DEFAULT,2048,4096,2048,8,7,2097152,78,0,5354.336,7584.992,8566.271,981.280,PASS,0
PHASEB_formal_d1w_C0_DEFAULT_N4096_q8_rep5,4,D1W_WAITSTREAM_OVERLAP,NVSHMEM,C0_DEFAULT,2048,4096,2048,8,0,2097152,79,0,218.976,227.168,1286.048,1066.784,PASS,0
PHASEB_formal_d1w_C0_DEFAULT_N4096_q8_rep5,4,D1W_WAITSTREAM_OVERLAP,NVSHMEM,C0_DEFAULT,2048,4096,2048,8,1,2097152,79,0,1299.808,1313.472,2377.824,1064.352,PASS,0
PHASEB_formal_d1w_C0_DEFAULT_N4096_q8_rep5,4,D1W_WAITSTREAM_OVERLAP,NVSHMEM,C0_DEFAULT,2048,4096,2048,8,2,2097152,79,0,2275.360,2413.504,3478.432,1064.928,PASS,0
PHASEB_formal_d1w_C0_DEFAULT_N4096_q8_rep5,4,D1W_WAITSTREAM_OVERLAP,NVSHMEM,C0_DEFAULT,2048,4096,2048,8,3,2097152,79,0,3091.808,3504.864,4565.312,1060.448,PASS,0
PHASEB_formal_d1w_C0_DEFAULT_N4096_q8_rep5,4,D1W_WAITSTREAM_OVERLAP,NVSHMEM,C0_DEFAULT,2048,4096,2048,8,4,2097152,79,0,3324.832,4587.104,5641.312,1054.208,PASS,0
PHASEB_formal_d1w_C0_DEFAULT_N4096_q8_rep5,4,D1W_WAITSTREAM_OVERLAP,NVSHMEM,C0_DEFAULT,2048,4096,2048,8,5,2097152,79,0,4244.928,5658.944,6640.384,981.440,PASS,0
PHASEB_formal_d1w_C0_DEFAULT_N4096_q8_rep5,4,D1W_WAITSTREAM_OVERLAP,NVSHMEM,C0_DEFAULT,2048,4096,2048,8,6,2097152,79,0,5242.816,6657.824,7639.424,981.600,PASS,0
PHASEB_formal_d1w_C0_DEFAULT_N4096_q8_rep5,4,D1W_WAITSTREAM_OVERLAP,NVSHMEM,C0_DEFAULT,2048,4096,2048,8,7,2097152,79,0,5505.504,7656.832,8638.528,981.696,PASS,0
