run_id,rank,rank_count,device,gfx_arch,path,family,candidate,M,N,K,q,slice_index,slice_bytes,iteration_index,t_issue_us,t_release_us,t_gemm_start_us,t_gemm_end_us,t_gemm_duration_us,correctness,status
PHASEB_formal_comm_C0_DEFAULT_N2048_q16_rep2,0,4,0,sm_89,COMM_ONLY,NCCL,C0_DEFAULT,2048,2048,2048,16,0,1048576,0,0,102.240,0.000,0.000,0.000,PASS,0
PHASEB_formal_comm_C0_DEFAULT_N2048_q16_rep2,0,4,0,sm_89,COMM_ONLY,NCCL,C0_DEFAULT,2048,2048,2048,16,1,1048576,0,0,171.520,0.000,0.000,0.000,PASS,0
PHASEB_formal_comm_C0_DEFAULT_N2048_q16_rep2,0,4,0,sm_89,COMM_ONLY,NCCL,C0_DEFAULT,2048,2048,2048,16,2,1048576,0,0,240.064,0.000,0.000,0.000,PASS,0
PHASEB_formal_comm_C0_DEFAULT_N2048_q16_rep2,0,4,0,sm_89,COMM_ONLY,NCCL,C0_DEFAULT,2048,2048,2048,16,3,1048576,0,0,311.904,0.000,0.000,0.000,PASS,0
PHASEB_formal_comm_C0_DEFAULT_N2048_q16_rep2,0,4,0,sm_89,COMM_ONLY,NCCL,C0_DEFAULT,2048,2048,2048,16,4,1048576,0,0,382.176,0.000,0.000,0.000,PASS,0
PHASEB_formal_comm_C0_DEFAULT_N2048_q16_rep2,0,4,0,sm_89,COMM_ONLY,NCCL,C0_DEFAULT,2048,2048,2048,16,5,1048576,0,0,454.080,0.000,0.000,0.000,PASS,0
PHASEB_formal_comm_C0_DEFAULT_N2048_q16_rep2,0,4,0,sm_89,COMM_ONLY,NCCL,C0_DEFAULT,2048,2048,2048,16,6,1048576,0,0,521.952,0.000,0.000,0.000,PASS,0
PHASEB_formal_comm_C0_DEFAULT_N2048_q16_rep2,0,4,0,sm_89,COMM_ONLY,NCCL,C0_DEFAULT,2048,2048,2048,16,7,1048576,0,0,591.392,0.000,0.000,0.000,PASS,0
PHASEB_formal_comm_C0_DEFAULT_N2048_q16_rep2,0,4,0,sm_89,COMM_ONLY,NCCL,C0_DEFAULT,2048,2048,2048,16,8,1048576,0,0,669.824,0.000,0.000,0.000,PASS,0
PHASEB_formal_comm_C0_DEFAULT_N2048_q16_rep2,0,4,0,sm_89,COMM_ONLY,NCCL,C0_DEFAULT,2048,2048,2048,16,9,1048576,0,0,739.456,0.000,0.000,0.000,PASS,0
PHASEB_formal_comm_C0_DEFAULT_N2048_q16_rep2,0,4,0,sm_89,COMM_ONLY,NCCL,C0_DEFAULT,2048,2048,2048,16,10,1048576,0,0,821.056,0.000,0.000,0.000,PASS,0
PHASEB_formal_comm_C0_DEFAULT_N2048_q16_rep2,0,4,0,sm_89,COMM_ONLY,NCCL,C0_DEFAULT,2048,2048,2048,16,11,1048576,0,0,902.400,0.000,0.000,0.000,PASS,0
PHASEB_formal_comm_C0_DEFAULT_N2048_q16_rep2,0,4,0,sm_89,COMM_ONLY,NCCL,C0_DEFAULT,2048,2048,2048,16,12,1048576,0,0,972.704,0.000,0.000,0.000,PASS,0
PHASEB_formal_comm_C0_DEFAULT_N2048_q16_rep2,0,4,0,sm_89,COMM_ONLY,NCCL,C0_DEFAULT,2048,2048,2048,16,13,1048576,0,0,1042.144,0.000,0.000,0.000,PASS,0
PHASEB_formal_comm_C0_DEFAULT_N2048_q16_rep2,0,4,0,sm_89,COMM_ONLY,NCCL,C0_DEFAULT,2048,2048,2048,16,14,1048576,0,0,1110.336,0.000,0.000,0.000,PASS,0
PHASEB_formal_comm_C0_DEFAULT_N2048_q16_rep2,0,4,0,sm_89,COMM_ONLY,NCCL,C0_DEFAULT,2048,2048,2048,16,15,1048576,0,0,1180.160,0.000,0.000,0.000,PASS,0
PHASEB_formal_comm_C0_DEFAULT_N2048_q16_rep2,0,4,0,sm_89,COMM_ONLY,NCCL,C0_DEFAULT,2048,2048,2048,16,0,1048576,1,0,101.024,0.000,0.000,0.000,PASS,0
PHASEB_formal_comm_C0_DEFAULT_N2048_q16_rep2,0,4,0,sm_89,COMM_ONLY,NCCL,C0_DEFAULT,2048,2048,2048,16,1,1048576,1,0,170.016,0.000,0.000,0.000,PASS,0
PHASEB_formal_comm_C0_DEFAULT_N2048_q16_rep2,0,4,0,sm_89,COMM_ONLY,NCCL,C0_DEFAULT,2048,2048,2048,16,2,1048576,1,0,237.824,0.000,0.000,0.000,PASS,0
PHASEB_formal_comm_C0_DEFAULT_N2048_q16_rep2,0,4,0,sm_89,COMM_ONLY,NCCL,C0_DEFAULT,2048,2048,2048,16,3,1048576,1,0,308.640,0.000,0.000,0.000,PASS,0
PHASEB_formal_comm_C0_DEFAULT_N2048_q16_rep2,0,4,0,sm_89,COMM_ONLY,NCCL,C0_DEFAULT,2048,2048,2048,16,4,1048576,1,0,377.344,0.000,0.000,0.000,PASS,0
PHASEB_formal_comm_C0_DEFAULT_N2048_q16_rep2,0,4,0,sm_89,COMM_ONLY,NCCL,C0_DEFAULT,2048,2048,2048,16,5,1048576,1,0,448.064,0.000,0.000,0.000,PASS,0
PHASEB_formal_comm_C0_DEFAULT_N2048_q16_rep2,0,4,0,sm_89,COMM_ONLY,NCCL,C0_DEFAULT,2048,2048,2048,16,6,1048576,1,0,516.896,0.000,0.000,0.000,PASS,0
PHASEB_formal_comm_C0_DEFAULT_N2048_q16_rep2,0,4,0,sm_89,COMM_ONLY,NCCL,C0_DEFAULT,2048,2048,2048,16,7,1048576,1,0,585.632,0.000,0.000,0.000,PASS,0
PHASEB_formal_comm_C0_DEFAULT_N2048_q16_rep2,0,4,0,sm_89,COMM_ONLY,NCCL,C0_DEFAULT,2048,2048,2048,16,8,1048576,1,0,655.264,0.000,0.000,0.000,PASS,0
PHASEB_formal_comm_C0_DEFAULT_N2048_q16_rep2,0,4,0,sm_89,COMM_ONLY,NCCL,C0_DEFAULT,2048,2048,2048,16,9,1048576,1,0,724.384,0.000,0.000,0.000,PASS,0
PHASEB_formal_comm_C0_DEFAULT_N2048_q16_rep2,0,4,0,sm_89,COMM_ONLY,NCCL,C0_DEFAULT,2048,2048,2048,16,10,1048576,1,0,793.280,0.000,0.000,0.000,PASS,0
PHASEB_formal_comm_C0_DEFAULT_N2048_q16_rep2,0,4,0,sm_89,COMM_ONLY,NCCL,C0_DEFAULT,2048,2048,2048,16,11,1048576,1,0,862.464,0.000,0.000,0.000,PASS,0
PHASEB_formal_comm_C0_DEFAULT_N2048_q16_rep2,0,4,0,sm_89,COMM_ONLY,NCCL,C0_DEFAULT,2048,2048,2048,16,12,1048576,1,0,931.584,0.000,0.000,0.000,PASS,0
PHASEB_formal_comm_C0_DEFAULT_N2048_q16_rep2,0,4,0,sm_89,COMM_ONLY,NCCL,C0_DEFAULT,2048,2048,2048,16,13,1048576,1,0,1003.040,0.000,0.000,0.000,PASS,0
PHASEB_formal_comm_C0_DEFAULT_N2048_q16_rep2,0,4,0,sm_89,COMM_ONLY,NCCL,C0_DEFAULT,2048,2048,2048,16,14,1048576,1,0,1071.392,0.000,0.000,0.000,PASS,0
PHASEB_formal_comm_C0_DEFAULT_N2048_q16_rep2,0,4,0,sm_89,COMM_ONLY,NCCL,C0_DEFAULT,2048,2048,2048,16,15,1048576,1,0,1140.736,0.000,0.000,0.000,PASS,0
PHASEB_formal_comm_C0_DEFAULT_N2048_q16_rep2,0,4,0,sm_89,COMM_ONLY,NCCL,C0_DEFAULT,2048,2048,2048,16,0,1048576,2,0,101.504,0.000,0.000,0.000,PASS,0
PHASEB_formal_comm_C0_DEFAULT_N2048_q16_rep2,0,4,0,sm_89,COMM_ONLY,NCCL,C0_DEFAULT,2048,2048,2048,16,1,1048576,2,0,172.800,0.000,0.000,0.000,PASS,0
PHASEB_formal_comm_C0_DEFAULT_N2048_q16_rep2,0,4,0,sm_89,COMM_ONLY,NCCL,C0_DEFAULT,2048,2048,2048,16,2,1048576,2,0,242.432,0.000,0.000,0.000,PASS,0
PHASEB_formal_comm_C0_DEFAULT_N2048_q16_rep2,0,4,0,sm_89,COMM_ONLY,NCCL,C0_DEFAULT,2048,2048,2048,16,3,1048576,2,0,312.800,0.000,0.000,0.000,PASS,0
PHASEB_formal_comm_C0_DEFAULT_N2048_q16_rep2,0,4,0,sm_89,COMM_ONLY,NCCL,C0_DEFAULT,2048,2048,2048,16,4,1048576,2,0,382.144,0.000,0.000,0.000,PASS,0
PHASEB_formal_comm_C0_DEFAULT_N2048_q16_rep2,0,4,0,sm_89,COMM_ONLY,NCCL,C0_DEFAULT,2048,2048,2048,16,5,1048576,2,0,449.600,0.000,0.000,0.000,PASS,0
PHASEB_formal_comm_C0_DEFAULT_N2048_q16_rep2,0,4,0,sm_89,COMM_ONLY,NCCL,C0_DEFAULT,2048,2048,2048,16,6,1048576,2,0,518.624,0.000,0.000,0.000,PASS,0
PHASEB_formal_comm_C0_DEFAULT_N2048_q16_rep2,0,4,0,sm_89,COMM_ONLY,NCCL,C0_DEFAULT,2048,2048,2048,16,7,1048576,2,0,589.248,0.000,0.000,0.000,PASS,0
PHASEB_formal_comm_C0_DEFAULT_N2048_q16_rep2,0,4,0,sm_89,COMM_ONLY,NCCL,C0_DEFAULT,2048,2048,2048,16,8,1048576,2,0,656.992,0.000,0.000,0.000,PASS,0
PHASEB_formal_comm_C0_DEFAULT_N2048_q16_rep2,0,4,0,sm_89,COMM_ONLY,NCCL,C0_DEFAULT,2048,2048,2048,16,9,1048576,2,0,724.608,0.000,0.000,0.000,PASS,0
PHASEB_formal_comm_C0_DEFAULT_N2048_q16_rep2,0,4,0,sm_89,COMM_ONLY,NCCL,C0_DEFAULT,2048,2048,2048,16,10,1048576,2,0,793.280,0.000,0.000,0.000,PASS,0
PHASEB_formal_comm_C0_DEFAULT_N2048_q16_rep2,0,4,0,sm_89,COMM_ONLY,NCCL,C0_DEFAULT,2048,2048,2048,16,11,1048576,2,0,863.936,0.000,0.000,0.000,PASS,0
PHASEB_formal_comm_C0_DEFAULT_N2048_q16_rep2,0,4,0,sm_89,COMM_ONLY,NCCL,C0_DEFAULT,2048,2048,2048,16,12,1048576,2,0,932.832,0.000,0.000,0.000,PASS,0
PHASEB_formal_comm_C0_DEFAULT_N2048_q16_rep2,0,4,0,sm_89,COMM_ONLY,NCCL,C0_DEFAULT,2048,2048,2048,16,13,1048576,2,0,1004.416,0.000,0.000,0.000,PASS,0
PHASEB_formal_comm_C0_DEFAULT_N2048_q16_rep2,0,4,0,sm_89,COMM_ONLY,NCCL,C0_DEFAULT,2048,2048,2048,16,14,1048576,2,0,1073.888,0.000,0.000,0.000,PASS,0
PHASEB_formal_comm_C0_DEFAULT_N2048_q16_rep2,0,4,0,sm_89,COMM_ONLY,NCCL,C0_DEFAULT,2048,2048,2048,16,15,1048576,2,0,1145.152,0.000,0.000,0.000,PASS,0
PHASEB_formal_comm_C0_DEFAULT_N2048_q16_rep2,0,4,0,sm_89,COMM_ONLY,NCCL,C0_DEFAULT,2048,2048,2048,16,0,1048576,3,0,101.664,0.000,0.000,0.000,PASS,0
PHASEB_formal_comm_C0_DEFAULT_N2048_q16_rep2,0,4,0,sm_89,COMM_ONLY,NCCL,C0_DEFAULT,2048,2048,2048,16,1,1048576,3,0,172.064,0.000,0.000,0.000,PASS,0
PHASEB_formal_comm_C0_DEFAULT_N2048_q16_rep2,0,4,0,sm_89,COMM_ONLY,NCCL,C0_DEFAULT,2048,2048,2048,16,2,1048576,3,0,239.072,0.000,0.000,0.000,PASS,0
PHASEB_formal_comm_C0_DEFAULT_N2048_q16_rep2,0,4,0,sm_89,COMM_ONLY,NCCL,C0_DEFAULT,2048,2048,2048,16,3,1048576,3,0,309.024,0.000,0.000,0.000,PASS,0
PHASEB_formal_comm_C0_DEFAULT_N2048_q16_rep2,0,4,0,sm_89,COMM_ONLY,NCCL,C0_DEFAULT,2048,2048,2048,16,4,1048576,3,0,378.656,0.000,0.000,0.000,PASS,0
PHASEB_formal_comm_C0_DEFAULT_N2048_q16_rep2,0,4,0,sm_89,COMM_ONLY,NCCL,C0_DEFAULT,2048,2048,2048,16,5,1048576,3,0,446.272,0.000,0.000,0.000,PASS,0
PHASEB_formal_comm_C0_DEFAULT_N2048_q16_rep2,0,4,0,sm_89,COMM_ONLY,NCCL,C0_DEFAULT,2048,2048,2048,16,6,1048576,3,0,514.752,0.000,0.000,0.000,PASS,0
PHASEB_formal_comm_C0_DEFAULT_N2048_q16_rep2,0,4,0,sm_89,COMM_ONLY,NCCL,C0_DEFAULT,2048,2048,2048,16,7,1048576,3,0,585.376,0.000,0.000,0.000,PASS,0
PHASEB_formal_comm_C0_DEFAULT_N2048_q16_rep2,0,4,0,sm_89,COMM_ONLY,NCCL,C0_DEFAULT,2048,2048,2048,16,8,1048576,3,0,653.632,0.000,0.000,0.000,PASS,0
PHASEB_formal_comm_C0_DEFAULT_N2048_q16_rep2,0,4,0,sm_89,COMM_ONLY,NCCL,C0_DEFAULT,2048,2048,2048,16,9,1048576,3,0,738.880,0.000,0.000,0.000,PASS,0
PHASEB_formal_comm_C0_DEFAULT_N2048_q16_rep2,0,4,0,sm_89,COMM_ONLY,NCCL,C0_DEFAULT,2048,2048,2048,16,10,1048576,3,0,819.136,0.000,0.000,0.000,PASS,0
PHASEB_formal_comm_C0_DEFAULT_N2048_q16_rep2,0,4,0,sm_89,COMM_ONLY,NCCL,C0_DEFAULT,2048,2048,2048,16,11,1048576,3,0,888.032,0.000,0.000,0.000,PASS,0
PHASEB_formal_comm_C0_DEFAULT_N2048_q16_rep2,0,4,0,sm_89,COMM_ONLY,NCCL,C0_DEFAULT,2048,2048,2048,16,12,1048576,3,0,958.496,0.000,0.000,0.000,PASS,0
PHASEB_formal_comm_C0_DEFAULT_N2048_q16_rep2,0,4,0,sm_89,COMM_ONLY,NCCL,C0_DEFAULT,2048,2048,2048,16,13,1048576,3,0,1028.096,0.000,0.000,0.000,PASS,0
PHASEB_formal_comm_C0_DEFAULT_N2048_q16_rep2,0,4,0,sm_89,COMM_ONLY,NCCL,C0_DEFAULT,2048,2048,2048,16,14,1048576,3,0,1110.432,0.000,0.000,0.000,PASS,0
PHASEB_formal_comm_C0_DEFAULT_N2048_q16_rep2,0,4,0,sm_89,COMM_ONLY,NCCL,C0_DEFAULT,2048,2048,2048,16,15,1048576,3,0,1180.064,0.000,0.000,0.000,PASS,0
PHASEB_formal_comm_C0_DEFAULT_N2048_q16_rep2,0,4,0,sm_89,COMM_ONLY,NCCL,C0_DEFAULT,2048,2048,2048,16,0,1048576,4,0,104.192,0.000,0.000,0.000,PASS,0
PHASEB_formal_comm_C0_DEFAULT_N2048_q16_rep2,0,4,0,sm_89,COMM_ONLY,NCCL,C0_DEFAULT,2048,2048,2048,16,1,1048576,4,0,174.816,0.000,0.000,0.000,PASS,0
PHASEB_formal_comm_C0_DEFAULT_N2048_q16_rep2,0,4,0,sm_89,COMM_ONLY,NCCL,C0_DEFAULT,2048,2048,2048,16,2,1048576,4,0,242.368,0.000,0.000,0.000,PASS,0
PHASEB_formal_comm_C0_DEFAULT_N2048_q16_rep2,0,4,0,sm_89,COMM_ONLY,NCCL,C0_DEFAULT,2048,2048,2048,16,3,1048576,4,0,312.992,0.000,0.000,0.000,PASS,0
PHASEB_formal_comm_C0_DEFAULT_N2048_q16_rep2,0,4,0,sm_89,COMM_ONLY,NCCL,C0_DEFAULT,2048,2048,2048,16,4,1048576,4,0,383.104,0.000,0.000,0.000,PASS,0
PHASEB_formal_comm_C0_DEFAULT_N2048_q16_rep2,0,4,0,sm_89,COMM_ONLY,NCCL,C0_DEFAULT,2048,2048,2048,16,5,1048576,4,0,451.488,0.000,0.000,0.000,PASS,0
PHASEB_formal_comm_C0_DEFAULT_N2048_q16_rep2,0,4,0,sm_89,COMM_ONLY,NCCL,C0_DEFAULT,2048,2048,2048,16,6,1048576,4,0,523.648,0.000,0.000,0.000,PASS,0
PHASEB_formal_comm_C0_DEFAULT_N2048_q16_rep2,0,4,0,sm_89,COMM_ONLY,NCCL,C0_DEFAULT,2048,2048,2048,16,7,1048576,4,0,600.192,0.000,0.000,0.000,PASS,0
PHASEB_formal_comm_C0_DEFAULT_N2048_q16_rep2,0,4,0,sm_89,COMM_ONLY,NCCL,C0_DEFAULT,2048,2048,2048,16,8,1048576,4,0,670.720,0.000,0.000,0.000,PASS,0
PHASEB_formal_comm_C0_DEFAULT_N2048_q16_rep2,0,4,0,sm_89,COMM_ONLY,NCCL,C0_DEFAULT,2048,2048,2048,16,9,1048576,4,0,739.840,0.000,0.000,0.000,PASS,0
PHASEB_formal_comm_C0_DEFAULT_N2048_q16_rep2,0,4,0,sm_89,COMM_ONLY,NCCL,C0_DEFAULT,2048,2048,2048,16,10,1048576,4,0,810.080,0.000,0.000,0.000,PASS,0
PHASEB_formal_comm_C0_DEFAULT_N2048_q16_rep2,0,4,0,sm_89,COMM_ONLY,NCCL,C0_DEFAULT,2048,2048,2048,16,11,1048576,4,0,878.784,0.000,0.000,0.000,PASS,0
PHASEB_formal_comm_C0_DEFAULT_N2048_q16_rep2,0,4,0,sm_89,COMM_ONLY,NCCL,C0_DEFAULT,2048,2048,2048,16,12,1048576,4,0,947.552,0.000,0.000,0.000,PASS,0
PHASEB_formal_comm_C0_DEFAULT_N2048_q16_rep2,0,4,0,sm_89,COMM_ONLY,NCCL,C0_DEFAULT,2048,2048,2048,16,13,1048576,4,0,1016.224,0.000,0.000,0.000,PASS,0
PHASEB_formal_comm_C0_DEFAULT_N2048_q16_rep2,0,4,0,sm_89,COMM_ONLY,NCCL,C0_DEFAULT,2048,2048,2048,16,14,1048576,4,0,1085.312,0.000,0.000,0.000,PASS,0
PHASEB_formal_comm_C0_DEFAULT_N2048_q16_rep2,0,4,0,sm_89,COMM_ONLY,NCCL,C0_DEFAULT,2048,2048,2048,16,15,1048576,4,0,1155.584,0.000,0.000,0.000,PASS,0
PHASEB_formal_comm_C0_DEFAULT_N2048_q16_rep2,0,4,0,sm_89,COMM_ONLY,NCCL,C0_DEFAULT,2048,2048,2048,16,0,1048576,5,0,100.544,0.000,0.000,0.000,PASS,0
PHASEB_formal_comm_C0_DEFAULT_N2048_q16_rep2,0,4,0,sm_89,COMM_ONLY,NCCL,C0_DEFAULT,2048,2048,2048,16,1,1048576,5,0,170.816,0.000,0.000,0.000,PASS,0
PHASEB_formal_comm_C0_DEFAULT_N2048_q16_rep2,0,4,0,sm_89,COMM_ONLY,NCCL,C0_DEFAULT,2048,2048,2048,16,2,1048576,5,0,251.904,0.000,0.000,0.000,PASS,0
PHASEB_formal_comm_C0_DEFAULT_N2048_q16_rep2,0,4,0,sm_89,COMM_ONLY,NCCL,C0_DEFAULT,2048,2048,2048,16,3,1048576,5,0,322.080,0.000,0.000,0.000,PASS,0
PHASEB_formal_comm_C0_DEFAULT_N2048_q16_rep2,0,4,0,sm_89,COMM_ONLY,NCCL,C0_DEFAULT,2048,2048,2048,16,4,1048576,5,0,391.616,0.000,0.000,0.000,PASS,0
PHASEB_formal_comm_C0_DEFAULT_N2048_q16_rep2,0,4,0,sm_89,COMM_ONLY,NCCL,C0_DEFAULT,2048,2048,2048,16,5,1048576,5,0,458.848,0.000,0.000,0.000,PASS,0
PHASEB_formal_comm_C0_DEFAULT_N2048_q16_rep2,0,4,0,sm_89,COMM_ONLY,NCCL,C0_DEFAULT,2048,2048,2048,16,6,1048576,5,0,528.256,0.000,0.000,0.000,PASS,0
PHASEB_formal_comm_C0_DEFAULT_N2048_q16_rep2,0,4,0,sm_89,COMM_ONLY,NCCL,C0_DEFAULT,2048,2048,2048,16,7,1048576,5,0,609.920,0.000,0.000,0.000,PASS,0
PHASEB_formal_comm_C0_DEFAULT_N2048_q16_rep2,0,4,0,sm_89,COMM_ONLY,NCCL,C0_DEFAULT,2048,2048,2048,16,8,1048576,5,0,679.936,0.000,0.000,0.000,PASS,0
PHASEB_formal_comm_C0_DEFAULT_N2048_q16_rep2,0,4,0,sm_89,COMM_ONLY,NCCL,C0_DEFAULT,2048,2048,2048,16,9,1048576,5,0,748.064,0.000,0.000,0.000,PASS,0
PHASEB_formal_comm_C0_DEFAULT_N2048_q16_rep2,0,4,0,sm_89,COMM_ONLY,NCCL,C0_DEFAULT,2048,2048,2048,16,10,1048576,5,0,815.872,0.000,0.000,0.000,PASS,0
PHASEB_formal_comm_C0_DEFAULT_N2048_q16_rep2,0,4,0,sm_89,COMM_ONLY,NCCL,C0_DEFAULT,2048,2048,2048,16,11,1048576,5,0,896.416,0.000,0.000,0.000,PASS,0
PHASEB_formal_comm_C0_DEFAULT_N2048_q16_rep2,0,4,0,sm_89,COMM_ONLY,NCCL,C0_DEFAULT,2048,2048,2048,16,12,1048576,5,0,964.896,0.000,0.000,0.000,PASS,0
PHASEB_formal_comm_C0_DEFAULT_N2048_q16_rep2,0,4,0,sm_89,COMM_ONLY,NCCL,C0_DEFAULT,2048,2048,2048,16,13,1048576,5,0,1034.496,0.000,0.000,0.000,PASS,0
PHASEB_formal_comm_C0_DEFAULT_N2048_q16_rep2,0,4,0,sm_89,COMM_ONLY,NCCL,C0_DEFAULT,2048,2048,2048,16,14,1048576,5,0,1104.704,0.000,0.000,0.000,PASS,0
PHASEB_formal_comm_C0_DEFAULT_N2048_q16_rep2,0,4,0,sm_89,COMM_ONLY,NCCL,C0_DEFAULT,2048,2048,2048,16,15,1048576,5,0,1174.112,0.000,0.000,0.000,PASS,0
PHASEB_formal_comm_C0_DEFAULT_N2048_q16_rep2,0,4,0,sm_89,COMM_ONLY,NCCL,C0_DEFAULT,2048,2048,2048,16,0,1048576,6,0,102.304,0.000,0.000,0.000,PASS,0
PHASEB_formal_comm_C0_DEFAULT_N2048_q16_rep2,0,4,0,sm_89,COMM_ONLY,NCCL,C0_DEFAULT,2048,2048,2048,16,1,1048576,6,0,171.456,0.000,0.000,0.000,PASS,0
PHASEB_formal_comm_C0_DEFAULT_N2048_q16_rep2,0,4,0,sm_89,COMM_ONLY,NCCL,C0_DEFAULT,2048,2048,2048,16,2,1048576,6,0,238.816,0.000,0.000,0.000,PASS,0
PHASEB_formal_comm_C0_DEFAULT_N2048_q16_rep2,0,4,0,sm_89,COMM_ONLY,NCCL,C0_DEFAULT,2048,2048,2048,16,3,1048576,6,0,310.240,0.000,0.000,0.000,PASS,0
PHASEB_formal_comm_C0_DEFAULT_N2048_q16_rep2,0,4,0,sm_89,COMM_ONLY,NCCL,C0_DEFAULT,2048,2048,2048,16,4,1048576,6,0,379.808,0.000,0.000,0.000,PASS,0
PHASEB_formal_comm_C0_DEFAULT_N2048_q16_rep2,0,4,0,sm_89,COMM_ONLY,NCCL,C0_DEFAULT,2048,2048,2048,16,5,1048576,6,0,448.128,0.000,0.000,0.000,PASS,0
PHASEB_formal_comm_C0_DEFAULT_N2048_q16_rep2,0,4,0,sm_89,COMM_ONLY,NCCL,C0_DEFAULT,2048,2048,2048,16,6,1048576,6,0,516.512,0.000,0.000,0.000,PASS,0
PHASEB_formal_comm_C0_DEFAULT_N2048_q16_rep2,0,4,0,sm_89,COMM_ONLY,NCCL,C0_DEFAULT,2048,2048,2048,16,7,1048576,6,0,586.336,0.000,0.000,0.000,PASS,0
PHASEB_formal_comm_C0_DEFAULT_N2048_q16_rep2,0,4,0,sm_89,COMM_ONLY,NCCL,C0_DEFAULT,2048,2048,2048,16,8,1048576,6,0,656.000,0.000,0.000,0.000,PASS,0
PHASEB_formal_comm_C0_DEFAULT_N2048_q16_rep2,0,4,0,sm_89,COMM_ONLY,NCCL,C0_DEFAULT,2048,2048,2048,16,9,1048576,6,0,724.928,0.000,0.000,0.000,PASS,0
PHASEB_formal_comm_C0_DEFAULT_N2048_q16_rep2,0,4,0,sm_89,COMM_ONLY,NCCL,C0_DEFAULT,2048,2048,2048,16,10,1048576,6,0,794.880,0.000,0.000,0.000,PASS,0
PHASEB_formal_comm_C0_DEFAULT_N2048_q16_rep2,0,4,0,sm_89,COMM_ONLY,NCCL,C0_DEFAULT,2048,2048,2048,16,11,1048576,6,0,864.576,0.000,0.000,0.000,PASS,0
PHASEB_formal_comm_C0_DEFAULT_N2048_q16_rep2,0,4,0,sm_89,COMM_ONLY,NCCL,C0_DEFAULT,2048,2048,2048,16,12,1048576,6,0,933.504,0.000,0.000,0.000,PASS,0
PHASEB_formal_comm_C0_DEFAULT_N2048_q16_rep2,0,4,0,sm_89,COMM_ONLY,NCCL,C0_DEFAULT,2048,2048,2048,16,13,1048576,6,0,1001.792,0.000,0.000,0.000,PASS,0
PHASEB_formal_comm_C0_DEFAULT_N2048_q16_rep2,0,4,0,sm_89,COMM_ONLY,NCCL,C0_DEFAULT,2048,2048,2048,16,14,1048576,6,0,1071.360,0.000,0.000,0.000,PASS,0
PHASEB_formal_comm_C0_DEFAULT_N2048_q16_rep2,0,4,0,sm_89,COMM_ONLY,NCCL,C0_DEFAULT,2048,2048,2048,16,15,1048576,6,0,1142.016,0.000,0.000,0.000,PASS,0
PHASEB_formal_comm_C0_DEFAULT_N2048_q16_rep2,0,4,0,sm_89,COMM_ONLY,NCCL,C0_DEFAULT,2048,2048,2048,16,0,1048576,7,0,99.904,0.000,0.000,0.000,PASS,0
PHASEB_formal_comm_C0_DEFAULT_N2048_q16_rep2,0,4,0,sm_89,COMM_ONLY,NCCL,C0_DEFAULT,2048,2048,2048,16,1,1048576,7,0,169.824,0.000,0.000,0.000,PASS,0
PHASEB_formal_comm_C0_DEFAULT_N2048_q16_rep2,0,4,0,sm_89,COMM_ONLY,NCCL,C0_DEFAULT,2048,2048,2048,16,2,1048576,7,0,238.656,0.000,0.000,0.000,PASS,0
PHASEB_formal_comm_C0_DEFAULT_N2048_q16_rep2,0,4,0,sm_89,COMM_ONLY,NCCL,C0_DEFAULT,2048,2048,2048,16,3,1048576,7,0,309.184,0.000,0.000,0.000,PASS,0
PHASEB_formal_comm_C0_DEFAULT_N2048_q16_rep2,0,4,0,sm_89,COMM_ONLY,NCCL,C0_DEFAULT,2048,2048,2048,16,4,1048576,7,0,378.592,0.000,0.000,0.000,PASS,0
PHASEB_formal_comm_C0_DEFAULT_N2048_q16_rep2,0,4,0,sm_89,COMM_ONLY,NCCL,C0_DEFAULT,2048,2048,2048,16,5,1048576,7,0,446.976,0.000,0.000,0.000,PASS,0
PHASEB_formal_comm_C0_DEFAULT_N2048_q16_rep2,0,4,0,sm_89,COMM_ONLY,NCCL,C0_DEFAULT,2048,2048,2048,16,6,1048576,7,0,515.328,0.000,0.000,0.000,PASS,0
PHASEB_formal_comm_C0_DEFAULT_N2048_q16_rep2,0,4,0,sm_89,COMM_ONLY,NCCL,C0_DEFAULT,2048,2048,2048,16,7,1048576,7,0,584.512,0.000,0.000,0.000,PASS,0
PHASEB_formal_comm_C0_DEFAULT_N2048_q16_rep2,0,4,0,sm_89,COMM_ONLY,NCCL,C0_DEFAULT,2048,2048,2048,16,8,1048576,7,0,654.080,0.000,0.000,0.000,PASS,0
PHASEB_formal_comm_C0_DEFAULT_N2048_q16_rep2,0,4,0,sm_89,COMM_ONLY,NCCL,C0_DEFAULT,2048,2048,2048,16,9,1048576,7,0,723.744,0.000,0.000,0.000,PASS,0
PHASEB_formal_comm_C0_DEFAULT_N2048_q16_rep2,0,4,0,sm_89,COMM_ONLY,NCCL,C0_DEFAULT,2048,2048,2048,16,10,1048576,7,0,792.448,0.000,0.000,0.000,PASS,0
PHASEB_formal_comm_C0_DEFAULT_N2048_q16_rep2,0,4,0,sm_89,COMM_ONLY,NCCL,C0_DEFAULT,2048,2048,2048,16,11,1048576,7,0,861.952,0.000,0.000,0.000,PASS,0
PHASEB_formal_comm_C0_DEFAULT_N2048_q16_rep2,0,4,0,sm_89,COMM_ONLY,NCCL,C0_DEFAULT,2048,2048,2048,16,12,1048576,7,0,934.912,0.000,0.000,0.000,PASS,0
PHASEB_formal_comm_C0_DEFAULT_N2048_q16_rep2,0,4,0,sm_89,COMM_ONLY,NCCL,C0_DEFAULT,2048,2048,2048,16,13,1048576,7,0,1003.680,0.000,0.000,0.000,PASS,0
PHASEB_formal_comm_C0_DEFAULT_N2048_q16_rep2,0,4,0,sm_89,COMM_ONLY,NCCL,C0_DEFAULT,2048,2048,2048,16,14,1048576,7,0,1073.024,0.000,0.000,0.000,PASS,0
PHASEB_formal_comm_C0_DEFAULT_N2048_q16_rep2,0,4,0,sm_89,COMM_ONLY,NCCL,C0_DEFAULT,2048,2048,2048,16,15,1048576,7,0,1143.008,0.000,0.000,0.000,PASS,0
PHASEB_formal_comm_C0_DEFAULT_N2048_q16_rep2,0,4,0,sm_89,COMM_ONLY,NCCL,C0_DEFAULT,2048,2048,2048,16,0,1048576,8,0,99.104,0.000,0.000,0.000,PASS,0
PHASEB_formal_comm_C0_DEFAULT_N2048_q16_rep2,0,4,0,sm_89,COMM_ONLY,NCCL,C0_DEFAULT,2048,2048,2048,16,1,1048576,8,0,169.504,0.000,0.000,0.000,PASS,0
PHASEB_formal_comm_C0_DEFAULT_N2048_q16_rep2,0,4,0,sm_89,COMM_ONLY,NCCL,C0_DEFAULT,2048,2048,2048,16,2,1048576,8,0,237.984,0.000,0.000,0.000,PASS,0
PHASEB_formal_comm_C0_DEFAULT_N2048_q16_rep2,0,4,0,sm_89,COMM_ONLY,NCCL,C0_DEFAULT,2048,2048,2048,16,3,1048576,8,0,308.256,0.000,0.000,0.000,PASS,0
PHASEB_formal_comm_C0_DEFAULT_N2048_q16_rep2,0,4,0,sm_89,COMM_ONLY,NCCL,C0_DEFAULT,2048,2048,2048,16,4,1048576,8,0,381.280,0.000,0.000,0.000,PASS,0
PHASEB_formal_comm_C0_DEFAULT_N2048_q16_rep2,0,4,0,sm_89,COMM_ONLY,NCCL,C0_DEFAULT,2048,2048,2048,16,5,1048576,8,0,453.024,0.000,0.000,0.000,PASS,0
PHASEB_formal_comm_C0_DEFAULT_N2048_q16_rep2,0,4,0,sm_89,COMM_ONLY,NCCL,C0_DEFAULT,2048,2048,2048,16,6,1048576,8,0,522.464,0.000,0.000,0.000,PASS,0
PHASEB_formal_comm_C0_DEFAULT_N2048_q16_rep2,0,4,0,sm_89,COMM_ONLY,NCCL,C0_DEFAULT,2048,2048,2048,16,7,1048576,8,0,598.496,0.000,0.000,0.000,PASS,0
PHASEB_formal_comm_C0_DEFAULT_N2048_q16_rep2,0,4,0,sm_89,COMM_ONLY,NCCL,C0_DEFAULT,2048,2048,2048,16,8,1048576,8,0,667.200,0.000,0.000,0.000,PASS,0
PHASEB_formal_comm_C0_DEFAULT_N2048_q16_rep2,0,4,0,sm_89,COMM_ONLY,NCCL,C0_DEFAULT,2048,2048,2048,16,9,1048576,8,0,736.640,0.000,0.000,0.000,PASS,0
PHASEB_formal_comm_C0_DEFAULT_N2048_q16_rep2,0,4,0,sm_89,COMM_ONLY,NCCL,C0_DEFAULT,2048,2048,2048,16,10,1048576,8,0,805.376,0.000,0.000,0.000,PASS,0
PHASEB_formal_comm_C0_DEFAULT_N2048_q16_rep2,0,4,0,sm_89,COMM_ONLY,NCCL,C0_DEFAULT,2048,2048,2048,16,11,1048576,8,0,874.848,0.000,0.000,0.000,PASS,0
PHASEB_formal_comm_C0_DEFAULT_N2048_q16_rep2,0,4,0,sm_89,COMM_ONLY,NCCL,C0_DEFAULT,2048,2048,2048,16,12,1048576,8,0,944.448,0.000,0.000,0.000,PASS,0
PHASEB_formal_comm_C0_DEFAULT_N2048_q16_rep2,0,4,0,sm_89,COMM_ONLY,NCCL,C0_DEFAULT,2048,2048,2048,16,13,1048576,8,0,1013.888,0.000,0.000,0.000,PASS,0
PHASEB_formal_comm_C0_DEFAULT_N2048_q16_rep2,0,4,0,sm_89,COMM_ONLY,NCCL,C0_DEFAULT,2048,2048,2048,16,14,1048576,8,0,1083.456,0.000,0.000,0.000,PASS,0
PHASEB_formal_comm_C0_DEFAULT_N2048_q16_rep2,0,4,0,sm_89,COMM_ONLY,NCCL,C0_DEFAULT,2048,2048,2048,16,15,1048576,8,0,1153.472,0.000,0.000,0.000,PASS,0
PHASEB_formal_comm_C0_DEFAULT_N2048_q16_rep2,0,4,0,sm_89,COMM_ONLY,NCCL,C0_DEFAULT,2048,2048,2048,16,0,1048576,9,0,110.560,0.000,0.000,0.000,PASS,0
PHASEB_formal_comm_C0_DEFAULT_N2048_q16_rep2,0,4,0,sm_89,COMM_ONLY,NCCL,C0_DEFAULT,2048,2048,2048,16,1,1048576,9,0,192.544,0.000,0.000,0.000,PASS,0
PHASEB_formal_comm_C0_DEFAULT_N2048_q16_rep2,0,4,0,sm_89,COMM_ONLY,NCCL,C0_DEFAULT,2048,2048,2048,16,2,1048576,9,0,260.704,0.000,0.000,0.000,PASS,0
PHASEB_formal_comm_C0_DEFAULT_N2048_q16_rep2,0,4,0,sm_89,COMM_ONLY,NCCL,C0_DEFAULT,2048,2048,2048,16,3,1048576,9,0,350.880,0.000,0.000,0.000,PASS,0
PHASEB_formal_comm_C0_DEFAULT_N2048_q16_rep2,0,4,0,sm_89,COMM_ONLY,NCCL,C0_DEFAULT,2048,2048,2048,16,4,1048576,9,0,433.280,0.000,0.000,0.000,PASS,0
PHASEB_formal_comm_C0_DEFAULT_N2048_q16_rep2,0,4,0,sm_89,COMM_ONLY,NCCL,C0_DEFAULT,2048,2048,2048,16,5,1048576,9,0,522.720,0.000,0.000,0.000,PASS,0
PHASEB_formal_comm_C0_DEFAULT_N2048_q16_rep2,0,4,0,sm_89,COMM_ONLY,NCCL,C0_DEFAULT,2048,2048,2048,16,6,1048576,9,0,610.368,0.000,0.000,0.000,PASS,0
PHASEB_formal_comm_C0_DEFAULT_N2048_q16_rep2,0,4,0,sm_89,COMM_ONLY,NCCL,C0_DEFAULT,2048,2048,2048,16,7,1048576,9,0,678.304,0.000,0.000,0.000,PASS,0
PHASEB_formal_comm_C0_DEFAULT_N2048_q16_rep2,0,4,0,sm_89,COMM_ONLY,NCCL,C0_DEFAULT,2048,2048,2048,16,8,1048576,9,0,745.664,0.000,0.000,0.000,PASS,0
PHASEB_formal_comm_C0_DEFAULT_N2048_q16_rep2,0,4,0,sm_89,COMM_ONLY,NCCL,C0_DEFAULT,2048,2048,2048,16,9,1048576,9,0,826.816,0.000,0.000,0.000,PASS,0
PHASEB_formal_comm_C0_DEFAULT_N2048_q16_rep2,0,4,0,sm_89,COMM_ONLY,NCCL,C0_DEFAULT,2048,2048,2048,16,10,1048576,9,0,895.072,0.000,0.000,0.000,PASS,0
PHASEB_formal_comm_C0_DEFAULT_N2048_q16_rep2,0,4,0,sm_89,COMM_ONLY,NCCL,C0_DEFAULT,2048,2048,2048,16,11,1048576,9,0,965.952,0.000,0.000,0.000,PASS,0
PHASEB_formal_comm_C0_DEFAULT_N2048_q16_rep2,0,4,0,sm_89,COMM_ONLY,NCCL,C0_DEFAULT,2048,2048,2048,16,12,1048576,9,0,1036.128,0.000,0.000,0.000,PASS,0
PHASEB_formal_comm_C0_DEFAULT_N2048_q16_rep2,0,4,0,sm_89,COMM_ONLY,NCCL,C0_DEFAULT,2048,2048,2048,16,13,1048576,9,0,1104.096,0.000,0.000,0.000,PASS,0
PHASEB_formal_comm_C0_DEFAULT_N2048_q16_rep2,0,4,0,sm_89,COMM_ONLY,NCCL,C0_DEFAULT,2048,2048,2048,16,14,1048576,9,0,1185.664,0.000,0.000,0.000,PASS,0
PHASEB_formal_comm_C0_DEFAULT_N2048_q16_rep2,0,4,0,sm_89,COMM_ONLY,NCCL,C0_DEFAULT,2048,2048,2048,16,15,1048576,9,0,1256.640,0.000,0.000,0.000,PASS,0
PHASEB_formal_comm_C0_DEFAULT_N2048_q16_rep2,0,4,0,sm_89,COMM_ONLY,NCCL,C0_DEFAULT,2048,2048,2048,16,0,1048576,10,0,101.120,0.000,0.000,0.000,PASS,0
PHASEB_formal_comm_C0_DEFAULT_N2048_q16_rep2,0,4,0,sm_89,COMM_ONLY,NCCL,C0_DEFAULT,2048,2048,2048,16,1,1048576,10,0,171.872,0.000,0.000,0.000,PASS,0
PHASEB_formal_comm_C0_DEFAULT_N2048_q16_rep2,0,4,0,sm_89,COMM_ONLY,NCCL,C0_DEFAULT,2048,2048,2048,16,2,1048576,10,0,240.576,0.000,0.000,0.000,PASS,0
PHASEB_formal_comm_C0_DEFAULT_N2048_q16_rep2,0,4,0,sm_89,COMM_ONLY,NCCL,C0_DEFAULT,2048,2048,2048,16,3,1048576,10,0,311.392,0.000,0.000,0.000,PASS,0
PHASEB_formal_comm_C0_DEFAULT_N2048_q16_rep2,0,4,0,sm_89,COMM_ONLY,NCCL,C0_DEFAULT,2048,2048,2048,16,4,1048576,10,0,379.488,0.000,0.000,0.000,PASS,0
PHASEB_formal_comm_C0_DEFAULT_N2048_q16_rep2,0,4,0,sm_89,COMM_ONLY,NCCL,C0_DEFAULT,2048,2048,2048,16,5,1048576,10,0,447.808,0.000,0.000,0.000,PASS,0
PHASEB_formal_comm_C0_DEFAULT_N2048_q16_rep2,0,4,0,sm_89,COMM_ONLY,NCCL,C0_DEFAULT,2048,2048,2048,16,6,1048576,10,0,516.832,0.000,0.000,0.000,PASS,0
PHASEB_formal_comm_C0_DEFAULT_N2048_q16_rep2,0,4,0,sm_89,COMM_ONLY,NCCL,C0_DEFAULT,2048,2048,2048,16,7,1048576,10,0,602.272,0.000,0.000,0.000,PASS,0
PHASEB_formal_comm_C0_DEFAULT_N2048_q16_rep2,0,4,0,sm_89,COMM_ONLY,NCCL,C0_DEFAULT,2048,2048,2048,16,8,1048576,10,0,673.344,0.000,0.000,0.000,PASS,0
PHASEB_formal_comm_C0_DEFAULT_N2048_q16_rep2,0,4,0,sm_89,COMM_ONLY,NCCL,C0_DEFAULT,2048,2048,2048,16,9,1048576,10,0,742.272,0.000,0.000,0.000,PASS,0
PHASEB_formal_comm_C0_DEFAULT_N2048_q16_rep2,0,4,0,sm_89,COMM_ONLY,NCCL,C0_DEFAULT,2048,2048,2048,16,10,1048576,10,0,810.400,0.000,0.000,0.000,PASS,0
PHASEB_formal_comm_C0_DEFAULT_N2048_q16_rep2,0,4,0,sm_89,COMM_ONLY,NCCL,C0_DEFAULT,2048,2048,2048,16,11,1048576,10,0,879.712,0.000,0.000,0.000,PASS,0
PHASEB_formal_comm_C0_DEFAULT_N2048_q16_rep2,0,4,0,sm_89,COMM_ONLY,NCCL,C0_DEFAULT,2048,2048,2048,16,12,1048576,10,0,949.088,0.000,0.000,0.000,PASS,0
PHASEB_formal_comm_C0_DEFAULT_N2048_q16_rep2,0,4,0,sm_89,COMM_ONLY,NCCL,C0_DEFAULT,2048,2048,2048,16,13,1048576,10,0,1018.176,0.000,0.000,0.000,PASS,0
PHASEB_formal_comm_C0_DEFAULT_N2048_q16_rep2,0,4,0,sm_89,COMM_ONLY,NCCL,C0_DEFAULT,2048,2048,2048,16,14,1048576,10,0,1088.128,0.000,0.000,0.000,PASS,0
PHASEB_formal_comm_C0_DEFAULT_N2048_q16_rep2,0,4,0,sm_89,COMM_ONLY,NCCL,C0_DEFAULT,2048,2048,2048,16,15,1048576,10,0,1157.920,0.000,0.000,0.000,PASS,0
PHASEB_formal_comm_C0_DEFAULT_N2048_q16_rep2,0,4,0,sm_89,COMM_ONLY,NCCL,C0_DEFAULT,2048,2048,2048,16,0,1048576,11,0,103.264,0.000,0.000,0.000,PASS,0
PHASEB_formal_comm_C0_DEFAULT_N2048_q16_rep2,0,4,0,sm_89,COMM_ONLY,NCCL,C0_DEFAULT,2048,2048,2048,16,1,1048576,11,0,172.576,0.000,0.000,0.000,PASS,0
PHASEB_formal_comm_C0_DEFAULT_N2048_q16_rep2,0,4,0,sm_89,COMM_ONLY,NCCL,C0_DEFAULT,2048,2048,2048,16,2,1048576,11,0,240.128,0.000,0.000,0.000,PASS,0
PHASEB_formal_comm_C0_DEFAULT_N2048_q16_rep2,0,4,0,sm_89,COMM_ONLY,NCCL,C0_DEFAULT,2048,2048,2048,16,3,1048576,11,0,310.240,0.000,0.000,0.000,PASS,0
PHASEB_formal_comm_C0_DEFAULT_N2048_q16_rep2,0,4,0,sm_89,COMM_ONLY,NCCL,C0_DEFAULT,2048,2048,2048,16,4,1048576,11,0,379.712,0.000,0.000,0.000,PASS,0
PHASEB_formal_comm_C0_DEFAULT_N2048_q16_rep2,0,4,0,sm_89,COMM_ONLY,NCCL,C0_DEFAULT,2048,2048,2048,16,5,1048576,11,0,448.352,0.000,0.000,0.000,PASS,0
PHASEB_formal_comm_C0_DEFAULT_N2048_q16_rep2,0,4,0,sm_89,COMM_ONLY,NCCL,C0_DEFAULT,2048,2048,2048,16,6,1048576,11,0,518.464,0.000,0.000,0.000,PASS,0
PHASEB_formal_comm_C0_DEFAULT_N2048_q16_rep2,0,4,0,sm_89,COMM_ONLY,NCCL,C0_DEFAULT,2048,2048,2048,16,7,1048576,11,0,599.136,0.000,0.000,0.000,PASS,0
PHASEB_formal_comm_C0_DEFAULT_N2048_q16_rep2,0,4,0,sm_89,COMM_ONLY,NCCL,C0_DEFAULT,2048,2048,2048,16,8,1048576,11,0,668.768,0.000,0.000,0.000,PASS,0
PHASEB_formal_comm_C0_DEFAULT_N2048_q16_rep2,0,4,0,sm_89,COMM_ONLY,NCCL,C0_DEFAULT,2048,2048,2048,16,9,1048576,11,0,737.792,0.000,0.000,0.000,PASS,0
PHASEB_formal_comm_C0_DEFAULT_N2048_q16_rep2,0,4,0,sm_89,COMM_ONLY,NCCL,C0_DEFAULT,2048,2048,2048,16,10,1048576,11,0,807.808,0.000,0.000,0.000,PASS,0
PHASEB_formal_comm_C0_DEFAULT_N2048_q16_rep2,0,4,0,sm_89,COMM_ONLY,NCCL,C0_DEFAULT,2048,2048,2048,16,11,1048576,11,0,876.896,0.000,0.000,0.000,PASS,0
PHASEB_formal_comm_C0_DEFAULT_N2048_q16_rep2,0,4,0,sm_89,COMM_ONLY,NCCL,C0_DEFAULT,2048,2048,2048,16,12,1048576,11,0,945.664,0.000,0.000,0.000,PASS,0
PHASEB_formal_comm_C0_DEFAULT_N2048_q16_rep2,0,4,0,sm_89,COMM_ONLY,NCCL,C0_DEFAULT,2048,2048,2048,16,13,1048576,11,0,1027.392,0.000,0.000,0.000,PASS,0
PHASEB_formal_comm_C0_DEFAULT_N2048_q16_rep2,0,4,0,sm_89,COMM_ONLY,NCCL,C0_DEFAULT,2048,2048,2048,16,14,1048576,11,0,1132.192,0.000,0.000,0.000,PASS,0
PHASEB_formal_comm_C0_DEFAULT_N2048_q16_rep2,0,4,0,sm_89,COMM_ONLY,NCCL,C0_DEFAULT,2048,2048,2048,16,15,1048576,11,0,1205.856,0.000,0.000,0.000,PASS,0
PHASEB_formal_comm_C0_DEFAULT_N2048_q16_rep2,0,4,0,sm_89,COMM_ONLY,NCCL,C0_DEFAULT,2048,2048,2048,16,0,1048576,12,0,110.048,0.000,0.000,0.000,PASS,0
PHASEB_formal_comm_C0_DEFAULT_N2048_q16_rep2,0,4,0,sm_89,COMM_ONLY,NCCL,C0_DEFAULT,2048,2048,2048,16,1,1048576,12,0,180.992,0.000,0.000,0.000,PASS,0
PHASEB_formal_comm_C0_DEFAULT_N2048_q16_rep2,0,4,0,sm_89,COMM_ONLY,NCCL,C0_DEFAULT,2048,2048,2048,16,2,1048576,12,0,252.224,0.000,0.000,0.000,PASS,0
PHASEB_formal_comm_C0_DEFAULT_N2048_q16_rep2,0,4,0,sm_89,COMM_ONLY,NCCL,C0_DEFAULT,2048,2048,2048,16,3,1048576,12,0,326.464,0.000,0.000,0.000,PASS,0
PHASEB_formal_comm_C0_DEFAULT_N2048_q16_rep2,0,4,0,sm_89,COMM_ONLY,NCCL,C0_DEFAULT,2048,2048,2048,16,4,1048576,12,0,394.464,0.000,0.000,0.000,PASS,0
PHASEB_formal_comm_C0_DEFAULT_N2048_q16_rep2,0,4,0,sm_89,COMM_ONLY,NCCL,C0_DEFAULT,2048,2048,2048,16,5,1048576,12,0,461.920,0.000,0.000,0.000,PASS,0
PHASEB_formal_comm_C0_DEFAULT_N2048_q16_rep2,0,4,0,sm_89,COMM_ONLY,NCCL,C0_DEFAULT,2048,2048,2048,16,6,1048576,12,0,543.168,0.000,0.000,0.000,PASS,0
PHASEB_formal_comm_C0_DEFAULT_N2048_q16_rep2,0,4,0,sm_89,COMM_ONLY,NCCL,C0_DEFAULT,2048,2048,2048,16,7,1048576,12,0,616.160,0.000,0.000,0.000,PASS,0
PHASEB_formal_comm_C0_DEFAULT_N2048_q16_rep2,0,4,0,sm_89,COMM_ONLY,NCCL,C0_DEFAULT,2048,2048,2048,16,8,1048576,12,0,690.208,0.000,0.000,0.000,PASS,0
PHASEB_formal_comm_C0_DEFAULT_N2048_q16_rep2,0,4,0,sm_89,COMM_ONLY,NCCL,C0_DEFAULT,2048,2048,2048,16,9,1048576,12,0,784.800,0.000,0.000,0.000,PASS,0
PHASEB_formal_comm_C0_DEFAULT_N2048_q16_rep2,0,4,0,sm_89,COMM_ONLY,NCCL,C0_DEFAULT,2048,2048,2048,16,10,1048576,12,0,868.512,0.000,0.000,0.000,PASS,0
PHASEB_formal_comm_C0_DEFAULT_N2048_q16_rep2,0,4,0,sm_89,COMM_ONLY,NCCL,C0_DEFAULT,2048,2048,2048,16,11,1048576,12,0,937.376,0.000,0.000,0.000,PASS,0
PHASEB_formal_comm_C0_DEFAULT_N2048_q16_rep2,0,4,0,sm_89,COMM_ONLY,NCCL,C0_DEFAULT,2048,2048,2048,16,12,1048576,12,0,1010.528,0.000,0.000,0.000,PASS,0
PHASEB_formal_comm_C0_DEFAULT_N2048_q16_rep2,0,4,0,sm_89,COMM_ONLY,NCCL,C0_DEFAULT,2048,2048,2048,16,13,1048576,12,0,1086.144,0.000,0.000,0.000,PASS,0
PHASEB_formal_comm_C0_DEFAULT_N2048_q16_rep2,0,4,0,sm_89,COMM_ONLY,NCCL,C0_DEFAULT,2048,2048,2048,16,14,1048576,12,0,1168.352,0.000,0.000,0.000,PASS,0
PHASEB_formal_comm_C0_DEFAULT_N2048_q16_rep2,0,4,0,sm_89,COMM_ONLY,NCCL,C0_DEFAULT,2048,2048,2048,16,15,1048576,12,0,1238.624,0.000,0.000,0.000,PASS,0
PHASEB_formal_comm_C0_DEFAULT_N2048_q16_rep2,0,4,0,sm_89,COMM_ONLY,NCCL,C0_DEFAULT,2048,2048,2048,16,0,1048576,13,0,103.232,0.000,0.000,0.000,PASS,0
PHASEB_formal_comm_C0_DEFAULT_N2048_q16_rep2,0,4,0,sm_89,COMM_ONLY,NCCL,C0_DEFAULT,2048,2048,2048,16,1,1048576,13,0,183.296,0.000,0.000,0.000,PASS,0
PHASEB_formal_comm_C0_DEFAULT_N2048_q16_rep2,0,4,0,sm_89,COMM_ONLY,NCCL,C0_DEFAULT,2048,2048,2048,16,2,1048576,13,0,254.336,0.000,0.000,0.000,PASS,0
PHASEB_formal_comm_C0_DEFAULT_N2048_q16_rep2,0,4,0,sm_89,COMM_ONLY,NCCL,C0_DEFAULT,2048,2048,2048,16,3,1048576,13,0,324.512,0.000,0.000,0.000,PASS,0
PHASEB_formal_comm_C0_DEFAULT_N2048_q16_rep2,0,4,0,sm_89,COMM_ONLY,NCCL,C0_DEFAULT,2048,2048,2048,16,4,1048576,13,0,392.640,0.000,0.000,0.000,PASS,0
PHASEB_formal_comm_C0_DEFAULT_N2048_q16_rep2,0,4,0,sm_89,COMM_ONLY,NCCL,C0_DEFAULT,2048,2048,2048,16,5,1048576,13,0,474.112,0.000,0.000,0.000,PASS,0
PHASEB_formal_comm_C0_DEFAULT_N2048_q16_rep2,0,4,0,sm_89,COMM_ONLY,NCCL,C0_DEFAULT,2048,2048,2048,16,6,1048576,13,0,547.584,0.000,0.000,0.000,PASS,0
PHASEB_formal_comm_C0_DEFAULT_N2048_q16_rep2,0,4,0,sm_89,COMM_ONLY,NCCL,C0_DEFAULT,2048,2048,2048,16,7,1048576,13,0,616.224,0.000,0.000,0.000,PASS,0
PHASEB_formal_comm_C0_DEFAULT_N2048_q16_rep2,0,4,0,sm_89,COMM_ONLY,NCCL,C0_DEFAULT,2048,2048,2048,16,8,1048576,13,0,685.568,0.000,0.000,0.000,PASS,0
PHASEB_formal_comm_C0_DEFAULT_N2048_q16_rep2,0,4,0,sm_89,COMM_ONLY,NCCL,C0_DEFAULT,2048,2048,2048,16,9,1048576,13,0,758.752,0.000,0.000,0.000,PASS,0
PHASEB_formal_comm_C0_DEFAULT_N2048_q16_rep2,0,4,0,sm_89,COMM_ONLY,NCCL,C0_DEFAULT,2048,2048,2048,16,10,1048576,13,0,837.888,0.000,0.000,0.000,PASS,0
PHASEB_formal_comm_C0_DEFAULT_N2048_q16_rep2,0,4,0,sm_89,COMM_ONLY,NCCL,C0_DEFAULT,2048,2048,2048,16,11,1048576,13,0,915.552,0.000,0.000,0.000,PASS,0
PHASEB_formal_comm_C0_DEFAULT_N2048_q16_rep2,0,4,0,sm_89,COMM_ONLY,NCCL,C0_DEFAULT,2048,2048,2048,16,12,1048576,13,0,1006.368,0.000,0.000,0.000,PASS,0
PHASEB_formal_comm_C0_DEFAULT_N2048_q16_rep2,0,4,0,sm_89,COMM_ONLY,NCCL,C0_DEFAULT,2048,2048,2048,16,13,1048576,13,0,1076.992,0.000,0.000,0.000,PASS,0
PHASEB_formal_comm_C0_DEFAULT_N2048_q16_rep2,0,4,0,sm_89,COMM_ONLY,NCCL,C0_DEFAULT,2048,2048,2048,16,14,1048576,13,0,1146.400,0.000,0.000,0.000,PASS,0
PHASEB_formal_comm_C0_DEFAULT_N2048_q16_rep2,0,4,0,sm_89,COMM_ONLY,NCCL,C0_DEFAULT,2048,2048,2048,16,15,1048576,13,0,1217.152,0.000,0.000,0.000,PASS,0
PHASEB_formal_comm_C0_DEFAULT_N2048_q16_rep2,0,4,0,sm_89,COMM_ONLY,NCCL,C0_DEFAULT,2048,2048,2048,16,0,1048576,14,0,112.128,0.000,0.000,0.000,PASS,0
PHASEB_formal_comm_C0_DEFAULT_N2048_q16_rep2,0,4,0,sm_89,COMM_ONLY,NCCL,C0_DEFAULT,2048,2048,2048,16,1,1048576,14,0,181.856,0.000,0.000,0.000,PASS,0
PHASEB_formal_comm_C0_DEFAULT_N2048_q16_rep2,0,4,0,sm_89,COMM_ONLY,NCCL,C0_DEFAULT,2048,2048,2048,16,2,1048576,14,0,249.216,0.000,0.000,0.000,PASS,0
PHASEB_formal_comm_C0_DEFAULT_N2048_q16_rep2,0,4,0,sm_89,COMM_ONLY,NCCL,C0_DEFAULT,2048,2048,2048,16,3,1048576,14,0,318.304,0.000,0.000,0.000,PASS,0
PHASEB_formal_comm_C0_DEFAULT_N2048_q16_rep2,0,4,0,sm_89,COMM_ONLY,NCCL,C0_DEFAULT,2048,2048,2048,16,4,1048576,14,0,389.088,0.000,0.000,0.000,PASS,0
PHASEB_formal_comm_C0_DEFAULT_N2048_q16_rep2,0,4,0,sm_89,COMM_ONLY,NCCL,C0_DEFAULT,2048,2048,2048,16,5,1048576,14,0,473.504,0.000,0.000,0.000,PASS,0
PHASEB_formal_comm_C0_DEFAULT_N2048_q16_rep2,0,4,0,sm_89,COMM_ONLY,NCCL,C0_DEFAULT,2048,2048,2048,16,6,1048576,14,0,542.880,0.000,0.000,0.000,PASS,0
PHASEB_formal_comm_C0_DEFAULT_N2048_q16_rep2,0,4,0,sm_89,COMM_ONLY,NCCL,C0_DEFAULT,2048,2048,2048,16,7,1048576,14,0,611.296,0.000,0.000,0.000,PASS,0
PHASEB_formal_comm_C0_DEFAULT_N2048_q16_rep2,0,4,0,sm_89,COMM_ONLY,NCCL,C0_DEFAULT,2048,2048,2048,16,8,1048576,14,0,680.928,0.000,0.000,0.000,PASS,0
PHASEB_formal_comm_C0_DEFAULT_N2048_q16_rep2,0,4,0,sm_89,COMM_ONLY,NCCL,C0_DEFAULT,2048,2048,2048,16,9,1048576,14,0,752.480,0.000,0.000,0.000,PASS,0
PHASEB_formal_comm_C0_DEFAULT_N2048_q16_rep2,0,4,0,sm_89,COMM_ONLY,NCCL,C0_DEFAULT,2048,2048,2048,16,10,1048576,14,0,822.272,0.000,0.000,0.000,PASS,0
PHASEB_formal_comm_C0_DEFAULT_N2048_q16_rep2,0,4,0,sm_89,COMM_ONLY,NCCL,C0_DEFAULT,2048,2048,2048,16,11,1048576,14,0,891.296,0.000,0.000,0.000,PASS,0
PHASEB_formal_comm_C0_DEFAULT_N2048_q16_rep2,0,4,0,sm_89,COMM_ONLY,NCCL,C0_DEFAULT,2048,2048,2048,16,12,1048576,14,0,961.440,0.000,0.000,0.000,PASS,0
PHASEB_formal_comm_C0_DEFAULT_N2048_q16_rep2,0,4,0,sm_89,COMM_ONLY,NCCL,C0_DEFAULT,2048,2048,2048,16,13,1048576,14,0,1031.680,0.000,0.000,0.000,PASS,0
PHASEB_formal_comm_C0_DEFAULT_N2048_q16_rep2,0,4,0,sm_89,COMM_ONLY,NCCL,C0_DEFAULT,2048,2048,2048,16,14,1048576,14,0,1100.960,0.000,0.000,0.000,PASS,0
PHASEB_formal_comm_C0_DEFAULT_N2048_q16_rep2,0,4,0,sm_89,COMM_ONLY,NCCL,C0_DEFAULT,2048,2048,2048,16,15,1048576,14,0,1170.112,0.000,0.000,0.000,PASS,0
PHASEB_formal_comm_C0_DEFAULT_N2048_q16_rep2,0,4,0,sm_89,COMM_ONLY,NCCL,C0_DEFAULT,2048,2048,2048,16,0,1048576,15,0,102.368,0.000,0.000,0.000,PASS,0
PHASEB_formal_comm_C0_DEFAULT_N2048_q16_rep2,0,4,0,sm_89,COMM_ONLY,NCCL,C0_DEFAULT,2048,2048,2048,16,1,1048576,15,0,172.704,0.000,0.000,0.000,PASS,0
PHASEB_formal_comm_C0_DEFAULT_N2048_q16_rep2,0,4,0,sm_89,COMM_ONLY,NCCL,C0_DEFAULT,2048,2048,2048,16,2,1048576,15,0,252.288,0.000,0.000,0.000,PASS,0
PHASEB_formal_comm_C0_DEFAULT_N2048_q16_rep2,0,4,0,sm_89,COMM_ONLY,NCCL,C0_DEFAULT,2048,2048,2048,16,3,1048576,15,0,321.408,0.000,0.000,0.000,PASS,0
PHASEB_formal_comm_C0_DEFAULT_N2048_q16_rep2,0,4,0,sm_89,COMM_ONLY,NCCL,C0_DEFAULT,2048,2048,2048,16,4,1048576,15,0,391.328,0.000,0.000,0.000,PASS,0
PHASEB_formal_comm_C0_DEFAULT_N2048_q16_rep2,0,4,0,sm_89,COMM_ONLY,NCCL,C0_DEFAULT,2048,2048,2048,16,5,1048576,15,0,458.912,0.000,0.000,0.000,PASS,0
PHASEB_formal_comm_C0_DEFAULT_N2048_q16_rep2,0,4,0,sm_89,COMM_ONLY,NCCL,C0_DEFAULT,2048,2048,2048,16,6,1048576,15,0,527.296,0.000,0.000,0.000,PASS,0
PHASEB_formal_comm_C0_DEFAULT_N2048_q16_rep2,0,4,0,sm_89,COMM_ONLY,NCCL,C0_DEFAULT,2048,2048,2048,16,7,1048576,15,0,596.704,0.000,0.000,0.000,PASS,0
PHASEB_formal_comm_C0_DEFAULT_N2048_q16_rep2,0,4,0,sm_89,COMM_ONLY,NCCL,C0_DEFAULT,2048,2048,2048,16,8,1048576,15,0,678.560,0.000,0.000,0.000,PASS,0
PHASEB_formal_comm_C0_DEFAULT_N2048_q16_rep2,0,4,0,sm_89,COMM_ONLY,NCCL,C0_DEFAULT,2048,2048,2048,16,9,1048576,15,0,747.520,0.000,0.000,0.000,PASS,0
PHASEB_formal_comm_C0_DEFAULT_N2048_q16_rep2,0,4,0,sm_89,COMM_ONLY,NCCL,C0_DEFAULT,2048,2048,2048,16,10,1048576,15,0,818.944,0.000,0.000,0.000,PASS,0
PHASEB_formal_comm_C0_DEFAULT_N2048_q16_rep2,0,4,0,sm_89,COMM_ONLY,NCCL,C0_DEFAULT,2048,2048,2048,16,11,1048576,15,0,887.648,0.000,0.000,0.000,PASS,0
PHASEB_formal_comm_C0_DEFAULT_N2048_q16_rep2,0,4,0,sm_89,COMM_ONLY,NCCL,C0_DEFAULT,2048,2048,2048,16,12,1048576,15,0,955.904,0.000,0.000,0.000,PASS,0
PHASEB_formal_comm_C0_DEFAULT_N2048_q16_rep2,0,4,0,sm_89,COMM_ONLY,NCCL,C0_DEFAULT,2048,2048,2048,16,13,1048576,15,0,1026.304,0.000,0.000,0.000,PASS,0
PHASEB_formal_comm_C0_DEFAULT_N2048_q16_rep2,0,4,0,sm_89,COMM_ONLY,NCCL,C0_DEFAULT,2048,2048,2048,16,14,1048576,15,0,1094.784,0.000,0.000,0.000,PASS,0
PHASEB_formal_comm_C0_DEFAULT_N2048_q16_rep2,0,4,0,sm_89,COMM_ONLY,NCCL,C0_DEFAULT,2048,2048,2048,16,15,1048576,15,0,1167.264,0.000,0.000,0.000,PASS,0
PHASEB_formal_comm_C0_DEFAULT_N2048_q16_rep2,0,4,0,sm_89,COMM_ONLY,NCCL,C0_DEFAULT,2048,2048,2048,16,0,1048576,16,0,120.064,0.000,0.000,0.000,PASS,0
PHASEB_formal_comm_C0_DEFAULT_N2048_q16_rep2,0,4,0,sm_89,COMM_ONLY,NCCL,C0_DEFAULT,2048,2048,2048,16,1,1048576,16,0,188.992,0.000,0.000,0.000,PASS,0
PHASEB_formal_comm_C0_DEFAULT_N2048_q16_rep2,0,4,0,sm_89,COMM_ONLY,NCCL,C0_DEFAULT,2048,2048,2048,16,2,1048576,16,0,264.544,0.000,0.000,0.000,PASS,0
PHASEB_formal_comm_C0_DEFAULT_N2048_q16_rep2,0,4,0,sm_89,COMM_ONLY,NCCL,C0_DEFAULT,2048,2048,2048,16,3,1048576,16,0,336.256,0.000,0.000,0.000,PASS,0
PHASEB_formal_comm_C0_DEFAULT_N2048_q16_rep2,0,4,0,sm_89,COMM_ONLY,NCCL,C0_DEFAULT,2048,2048,2048,16,4,1048576,16,0,404.480,0.000,0.000,0.000,PASS,0
PHASEB_formal_comm_C0_DEFAULT_N2048_q16_rep2,0,4,0,sm_89,COMM_ONLY,NCCL,C0_DEFAULT,2048,2048,2048,16,5,1048576,16,0,476.576,0.000,0.000,0.000,PASS,0
PHASEB_formal_comm_C0_DEFAULT_N2048_q16_rep2,0,4,0,sm_89,COMM_ONLY,NCCL,C0_DEFAULT,2048,2048,2048,16,6,1048576,16,0,544.800,0.000,0.000,0.000,PASS,0
PHASEB_formal_comm_C0_DEFAULT_N2048_q16_rep2,0,4,0,sm_89,COMM_ONLY,NCCL,C0_DEFAULT,2048,2048,2048,16,7,1048576,16,0,614.624,0.000,0.000,0.000,PASS,0
PHASEB_formal_comm_C0_DEFAULT_N2048_q16_rep2,0,4,0,sm_89,COMM_ONLY,NCCL,C0_DEFAULT,2048,2048,2048,16,8,1048576,16,0,683.424,0.000,0.000,0.000,PASS,0
PHASEB_formal_comm_C0_DEFAULT_N2048_q16_rep2,0,4,0,sm_89,COMM_ONLY,NCCL,C0_DEFAULT,2048,2048,2048,16,9,1048576,16,0,751.648,0.000,0.000,0.000,PASS,0
PHASEB_formal_comm_C0_DEFAULT_N2048_q16_rep2,0,4,0,sm_89,COMM_ONLY,NCCL,C0_DEFAULT,2048,2048,2048,16,10,1048576,16,0,820.448,0.000,0.000,0.000,PASS,0
PHASEB_formal_comm_C0_DEFAULT_N2048_q16_rep2,0,4,0,sm_89,COMM_ONLY,NCCL,C0_DEFAULT,2048,2048,2048,16,11,1048576,16,0,889.472,0.000,0.000,0.000,PASS,0
PHASEB_formal_comm_C0_DEFAULT_N2048_q16_rep2,0,4,0,sm_89,COMM_ONLY,NCCL,C0_DEFAULT,2048,2048,2048,16,12,1048576,16,0,958.752,0.000,0.000,0.000,PASS,0
PHASEB_formal_comm_C0_DEFAULT_N2048_q16_rep2,0,4,0,sm_89,COMM_ONLY,NCCL,C0_DEFAULT,2048,2048,2048,16,13,1048576,16,0,1028.608,0.000,0.000,0.000,PASS,0
PHASEB_formal_comm_C0_DEFAULT_N2048_q16_rep2,0,4,0,sm_89,COMM_ONLY,NCCL,C0_DEFAULT,2048,2048,2048,16,14,1048576,16,0,1097.088,0.000,0.000,0.000,PASS,0
PHASEB_formal_comm_C0_DEFAULT_N2048_q16_rep2,0,4,0,sm_89,COMM_ONLY,NCCL,C0_DEFAULT,2048,2048,2048,16,15,1048576,16,0,1166.560,0.000,0.000,0.000,PASS,0
PHASEB_formal_comm_C0_DEFAULT_N2048_q16_rep2,0,4,0,sm_89,COMM_ONLY,NCCL,C0_DEFAULT,2048,2048,2048,16,0,1048576,17,0,104.096,0.000,0.000,0.000,PASS,0
PHASEB_formal_comm_C0_DEFAULT_N2048_q16_rep2,0,4,0,sm_89,COMM_ONLY,NCCL,C0_DEFAULT,2048,2048,2048,16,1,1048576,17,0,176.160,0.000,0.000,0.000,PASS,0
PHASEB_formal_comm_C0_DEFAULT_N2048_q16_rep2,0,4,0,sm_89,COMM_ONLY,NCCL,C0_DEFAULT,2048,2048,2048,16,2,1048576,17,0,243.840,0.000,0.000,0.000,PASS,0
PHASEB_formal_comm_C0_DEFAULT_N2048_q16_rep2,0,4,0,sm_89,COMM_ONLY,NCCL,C0_DEFAULT,2048,2048,2048,16,3,1048576,17,0,313.056,0.000,0.000,0.000,PASS,0
PHASEB_formal_comm_C0_DEFAULT_N2048_q16_rep2,0,4,0,sm_89,COMM_ONLY,NCCL,C0_DEFAULT,2048,2048,2048,16,4,1048576,17,0,381.216,0.000,0.000,0.000,PASS,0
PHASEB_formal_comm_C0_DEFAULT_N2048_q16_rep2,0,4,0,sm_89,COMM_ONLY,NCCL,C0_DEFAULT,2048,2048,2048,16,5,1048576,17,0,454.304,0.000,0.000,0.000,PASS,0
PHASEB_formal_comm_C0_DEFAULT_N2048_q16_rep2,0,4,0,sm_89,COMM_ONLY,NCCL,C0_DEFAULT,2048,2048,2048,16,6,1048576,17,0,528.480,0.000,0.000,0.000,PASS,0
PHASEB_formal_comm_C0_DEFAULT_N2048_q16_rep2,0,4,0,sm_89,COMM_ONLY,NCCL,C0_DEFAULT,2048,2048,2048,16,7,1048576,17,0,596.576,0.000,0.000,0.000,PASS,0
PHASEB_formal_comm_C0_DEFAULT_N2048_q16_rep2,0,4,0,sm_89,COMM_ONLY,NCCL,C0_DEFAULT,2048,2048,2048,16,8,1048576,17,0,664.384,0.000,0.000,0.000,PASS,0
PHASEB_formal_comm_C0_DEFAULT_N2048_q16_rep2,0,4,0,sm_89,COMM_ONLY,NCCL,C0_DEFAULT,2048,2048,2048,16,9,1048576,17,0,733.856,0.000,0.000,0.000,PASS,0
PHASEB_formal_comm_C0_DEFAULT_N2048_q16_rep2,0,4,0,sm_89,COMM_ONLY,NCCL,C0_DEFAULT,2048,2048,2048,16,10,1048576,17,0,803.328,0.000,0.000,0.000,PASS,0
PHASEB_formal_comm_C0_DEFAULT_N2048_q16_rep2,0,4,0,sm_89,COMM_ONLY,NCCL,C0_DEFAULT,2048,2048,2048,16,11,1048576,17,0,870.368,0.000,0.000,0.000,PASS,0
PHASEB_formal_comm_C0_DEFAULT_N2048_q16_rep2,0,4,0,sm_89,COMM_ONLY,NCCL,C0_DEFAULT,2048,2048,2048,16,12,1048576,17,0,939.168,0.000,0.000,0.000,PASS,0
PHASEB_formal_comm_C0_DEFAULT_N2048_q16_rep2,0,4,0,sm_89,COMM_ONLY,NCCL,C0_DEFAULT,2048,2048,2048,16,13,1048576,17,0,1017.120,0.000,0.000,0.000,PASS,0
PHASEB_formal_comm_C0_DEFAULT_N2048_q16_rep2,0,4,0,sm_89,COMM_ONLY,NCCL,C0_DEFAULT,2048,2048,2048,16,14,1048576,17,0,1087.584,0.000,0.000,0.000,PASS,0
PHASEB_formal_comm_C0_DEFAULT_N2048_q16_rep2,0,4,0,sm_89,COMM_ONLY,NCCL,C0_DEFAULT,2048,2048,2048,16,15,1048576,17,0,1157.312,0.000,0.000,0.000,PASS,0
PHASEB_formal_comm_C0_DEFAULT_N2048_q16_rep2,0,4,0,sm_89,COMM_ONLY,NCCL,C0_DEFAULT,2048,2048,2048,16,0,1048576,18,0,101.760,0.000,0.000,0.000,PASS,0
PHASEB_formal_comm_C0_DEFAULT_N2048_q16_rep2,0,4,0,sm_89,COMM_ONLY,NCCL,C0_DEFAULT,2048,2048,2048,16,1,1048576,18,0,174.560,0.000,0.000,0.000,PASS,0
PHASEB_formal_comm_C0_DEFAULT_N2048_q16_rep2,0,4,0,sm_89,COMM_ONLY,NCCL,C0_DEFAULT,2048,2048,2048,16,2,1048576,18,0,255.136,0.000,0.000,0.000,PASS,0
PHASEB_formal_comm_C0_DEFAULT_N2048_q16_rep2,0,4,0,sm_89,COMM_ONLY,NCCL,C0_DEFAULT,2048,2048,2048,16,3,1048576,18,0,325.024,0.000,0.000,0.000,PASS,0
PHASEB_formal_comm_C0_DEFAULT_N2048_q16_rep2,0,4,0,sm_89,COMM_ONLY,NCCL,C0_DEFAULT,2048,2048,2048,16,4,1048576,18,0,393.824,0.000,0.000,0.000,PASS,0
PHASEB_formal_comm_C0_DEFAULT_N2048_q16_rep2,0,4,0,sm_89,COMM_ONLY,NCCL,C0_DEFAULT,2048,2048,2048,16,5,1048576,18,0,462.336,0.000,0.000,0.000,PASS,0
PHASEB_formal_comm_C0_DEFAULT_N2048_q16_rep2,0,4,0,sm_89,COMM_ONLY,NCCL,C0_DEFAULT,2048,2048,2048,16,6,1048576,18,0,531.904,0.000,0.000,0.000,PASS,0
PHASEB_formal_comm_C0_DEFAULT_N2048_q16_rep2,0,4,0,sm_89,COMM_ONLY,NCCL,C0_DEFAULT,2048,2048,2048,16,7,1048576,18,0,599.872,0.000,0.000,0.000,PASS,0
PHASEB_formal_comm_C0_DEFAULT_N2048_q16_rep2,0,4,0,sm_89,COMM_ONLY,NCCL,C0_DEFAULT,2048,2048,2048,16,8,1048576,18,0,678.784,0.000,0.000,0.000,PASS,0
PHASEB_formal_comm_C0_DEFAULT_N2048_q16_rep2,0,4,0,sm_89,COMM_ONLY,NCCL,C0_DEFAULT,2048,2048,2048,16,9,1048576,18,0,748.608,0.000,0.000,0.000,PASS,0
PHASEB_formal_comm_C0_DEFAULT_N2048_q16_rep2,0,4,0,sm_89,COMM_ONLY,NCCL,C0_DEFAULT,2048,2048,2048,16,10,1048576,18,0,818.048,0.000,0.000,0.000,PASS,0
PHASEB_formal_comm_C0_DEFAULT_N2048_q16_rep2,0,4,0,sm_89,COMM_ONLY,NCCL,C0_DEFAULT,2048,2048,2048,16,11,1048576,18,0,890.176,0.000,0.000,0.000,PASS,0
PHASEB_formal_comm_C0_DEFAULT_N2048_q16_rep2,0,4,0,sm_89,COMM_ONLY,NCCL,C0_DEFAULT,2048,2048,2048,16,12,1048576,18,0,959.392,0.000,0.000,0.000,PASS,0
PHASEB_formal_comm_C0_DEFAULT_N2048_q16_rep2,0,4,0,sm_89,COMM_ONLY,NCCL,C0_DEFAULT,2048,2048,2048,16,13,1048576,18,0,1043.264,0.000,0.000,0.000,PASS,0
PHASEB_formal_comm_C0_DEFAULT_N2048_q16_rep2,0,4,0,sm_89,COMM_ONLY,NCCL,C0_DEFAULT,2048,2048,2048,16,14,1048576,18,0,1112.960,0.000,0.000,0.000,PASS,0
PHASEB_formal_comm_C0_DEFAULT_N2048_q16_rep2,0,4,0,sm_89,COMM_ONLY,NCCL,C0_DEFAULT,2048,2048,2048,16,15,1048576,18,0,1182.912,0.000,0.000,0.000,PASS,0
PHASEB_formal_comm_C0_DEFAULT_N2048_q16_rep2,0,4,0,sm_89,COMM_ONLY,NCCL,C0_DEFAULT,2048,2048,2048,16,0,1048576,19,0,100.672,0.000,0.000,0.000,PASS,0
PHASEB_formal_comm_C0_DEFAULT_N2048_q16_rep2,0,4,0,sm_89,COMM_ONLY,NCCL,C0_DEFAULT,2048,2048,2048,16,1,1048576,19,0,175.008,0.000,0.000,0.000,PASS,0
PHASEB_formal_comm_C0_DEFAULT_N2048_q16_rep2,0,4,0,sm_89,COMM_ONLY,NCCL,C0_DEFAULT,2048,2048,2048,16,2,1048576,19,0,243.584,0.000,0.000,0.000,PASS,0
PHASEB_formal_comm_C0_DEFAULT_N2048_q16_rep2,0,4,0,sm_89,COMM_ONLY,NCCL,C0_DEFAULT,2048,2048,2048,16,3,1048576,19,0,313.664,0.000,0.000,0.000,PASS,0
PHASEB_formal_comm_C0_DEFAULT_N2048_q16_rep2,0,4,0,sm_89,COMM_ONLY,NCCL,C0_DEFAULT,2048,2048,2048,16,4,1048576,19,0,382.848,0.000,0.000,0.000,PASS,0
PHASEB_formal_comm_C0_DEFAULT_N2048_q16_rep2,0,4,0,sm_89,COMM_ONLY,NCCL,C0_DEFAULT,2048,2048,2048,16,5,1048576,19,0,450.688,0.000,0.000,0.000,PASS,0
PHASEB_formal_comm_C0_DEFAULT_N2048_q16_rep2,0,4,0,sm_89,COMM_ONLY,NCCL,C0_DEFAULT,2048,2048,2048,16,6,1048576,19,0,518.464,0.000,0.000,0.000,PASS,0
PHASEB_formal_comm_C0_DEFAULT_N2048_q16_rep2,0,4,0,sm_89,COMM_ONLY,NCCL,C0_DEFAULT,2048,2048,2048,16,7,1048576,19,0,588.224,0.000,0.000,0.000,PASS,0
PHASEB_formal_comm_C0_DEFAULT_N2048_q16_rep2,0,4,0,sm_89,COMM_ONLY,NCCL,C0_DEFAULT,2048,2048,2048,16,8,1048576,19,0,656.512,0.000,0.000,0.000,PASS,0
PHASEB_formal_comm_C0_DEFAULT_N2048_q16_rep2,0,4,0,sm_89,COMM_ONLY,NCCL,C0_DEFAULT,2048,2048,2048,16,9,1048576,19,0,725.888,0.000,0.000,0.000,PASS,0
PHASEB_formal_comm_C0_DEFAULT_N2048_q16_rep2,0,4,0,sm_89,COMM_ONLY,NCCL,C0_DEFAULT,2048,2048,2048,16,10,1048576,19,0,798.592,0.000,0.000,0.000,PASS,0
PHASEB_formal_comm_C0_DEFAULT_N2048_q16_rep2,0,4,0,sm_89,COMM_ONLY,NCCL,C0_DEFAULT,2048,2048,2048,16,11,1048576,19,0,869.696,0.000,0.000,0.000,PASS,0
PHASEB_formal_comm_C0_DEFAULT_N2048_q16_rep2,0,4,0,sm_89,COMM_ONLY,NCCL,C0_DEFAULT,2048,2048,2048,16,12,1048576,19,0,951.456,0.000,0.000,0.000,PASS,0
PHASEB_formal_comm_C0_DEFAULT_N2048_q16_rep2,0,4,0,sm_89,COMM_ONLY,NCCL,C0_DEFAULT,2048,2048,2048,16,13,1048576,19,0,1019.168,0.000,0.000,0.000,PASS,0
PHASEB_formal_comm_C0_DEFAULT_N2048_q16_rep2,0,4,0,sm_89,COMM_ONLY,NCCL,C0_DEFAULT,2048,2048,2048,16,14,1048576,19,0,1089.216,0.000,0.000,0.000,PASS,0
PHASEB_formal_comm_C0_DEFAULT_N2048_q16_rep2,0,4,0,sm_89,COMM_ONLY,NCCL,C0_DEFAULT,2048,2048,2048,16,15,1048576,19,0,1159.520,0.000,0.000,0.000,PASS,0
PHASEB_formal_comm_C0_DEFAULT_N2048_q16_rep2,0,4,0,sm_89,COMM_ONLY,NCCL,C0_DEFAULT,2048,2048,2048,16,0,1048576,20,0,112.128,0.000,0.000,0.000,PASS,0
PHASEB_formal_comm_C0_DEFAULT_N2048_q16_rep2,0,4,0,sm_89,COMM_ONLY,NCCL,C0_DEFAULT,2048,2048,2048,16,1,1048576,20,0,181.440,0.000,0.000,0.000,PASS,0
PHASEB_formal_comm_C0_DEFAULT_N2048_q16_rep2,0,4,0,sm_89,COMM_ONLY,NCCL,C0_DEFAULT,2048,2048,2048,16,2,1048576,20,0,248.352,0.000,0.000,0.000,PASS,0
PHASEB_formal_comm_C0_DEFAULT_N2048_q16_rep2,0,4,0,sm_89,COMM_ONLY,NCCL,C0_DEFAULT,2048,2048,2048,16,3,1048576,20,0,318.144,0.000,0.000,0.000,PASS,0
PHASEB_formal_comm_C0_DEFAULT_N2048_q16_rep2,0,4,0,sm_89,COMM_ONLY,NCCL,C0_DEFAULT,2048,2048,2048,16,4,1048576,20,0,386.880,0.000,0.000,0.000,PASS,0
PHASEB_formal_comm_C0_DEFAULT_N2048_q16_rep2,0,4,0,sm_89,COMM_ONLY,NCCL,C0_DEFAULT,2048,2048,2048,16,5,1048576,20,0,455.040,0.000,0.000,0.000,PASS,0
PHASEB_formal_comm_C0_DEFAULT_N2048_q16_rep2,0,4,0,sm_89,COMM_ONLY,NCCL,C0_DEFAULT,2048,2048,2048,16,6,1048576,20,0,525.632,0.000,0.000,0.000,PASS,0
PHASEB_formal_comm_C0_DEFAULT_N2048_q16_rep2,0,4,0,sm_89,COMM_ONLY,NCCL,C0_DEFAULT,2048,2048,2048,16,7,1048576,20,0,593.216,0.000,0.000,0.000,PASS,0
PHASEB_formal_comm_C0_DEFAULT_N2048_q16_rep2,0,4,0,sm_89,COMM_ONLY,NCCL,C0_DEFAULT,2048,2048,2048,16,8,1048576,20,0,662.816,0.000,0.000,0.000,PASS,0
PHASEB_formal_comm_C0_DEFAULT_N2048_q16_rep2,0,4,0,sm_89,COMM_ONLY,NCCL,C0_DEFAULT,2048,2048,2048,16,9,1048576,20,0,731.872,0.000,0.000,0.000,PASS,0
PHASEB_formal_comm_C0_DEFAULT_N2048_q16_rep2,0,4,0,sm_89,COMM_ONLY,NCCL,C0_DEFAULT,2048,2048,2048,16,10,1048576,20,0,801.344,0.000,0.000,0.000,PASS,0
PHASEB_formal_comm_C0_DEFAULT_N2048_q16_rep2,0,4,0,sm_89,COMM_ONLY,NCCL,C0_DEFAULT,2048,2048,2048,16,11,1048576,20,0,870.528,0.000,0.000,0.000,PASS,0
PHASEB_formal_comm_C0_DEFAULT_N2048_q16_rep2,0,4,0,sm_89,COMM_ONLY,NCCL,C0_DEFAULT,2048,2048,2048,16,12,1048576,20,0,942.688,0.000,0.000,0.000,PASS,0
PHASEB_formal_comm_C0_DEFAULT_N2048_q16_rep2,0,4,0,sm_89,COMM_ONLY,NCCL,C0_DEFAULT,2048,2048,2048,16,13,1048576,20,0,1020.416,0.000,0.000,0.000,PASS,0
PHASEB_formal_comm_C0_DEFAULT_N2048_q16_rep2,0,4,0,sm_89,COMM_ONLY,NCCL,C0_DEFAULT,2048,2048,2048,16,14,1048576,20,0,1090.976,0.000,0.000,0.000,PASS,0
PHASEB_formal_comm_C0_DEFAULT_N2048_q16_rep2,0,4,0,sm_89,COMM_ONLY,NCCL,C0_DEFAULT,2048,2048,2048,16,15,1048576,20,0,1159.776,0.000,0.000,0.000,PASS,0
PHASEB_formal_comm_C0_DEFAULT_N2048_q16_rep2,0,4,0,sm_89,COMM_ONLY,NCCL,C0_DEFAULT,2048,2048,2048,16,0,1048576,21,0,101.088,0.000,0.000,0.000,PASS,0
PHASEB_formal_comm_C0_DEFAULT_N2048_q16_rep2,0,4,0,sm_89,COMM_ONLY,NCCL,C0_DEFAULT,2048,2048,2048,16,1,1048576,21,0,171.552,0.000,0.000,0.000,PASS,0
PHASEB_formal_comm_C0_DEFAULT_N2048_q16_rep2,0,4,0,sm_89,COMM_ONLY,NCCL,C0_DEFAULT,2048,2048,2048,16,2,1048576,21,0,239.680,0.000,0.000,0.000,PASS,0
PHASEB_formal_comm_C0_DEFAULT_N2048_q16_rep2,0,4,0,sm_89,COMM_ONLY,NCCL,C0_DEFAULT,2048,2048,2048,16,3,1048576,21,0,309.696,0.000,0.000,0.000,PASS,0
PHASEB_formal_comm_C0_DEFAULT_N2048_q16_rep2,0,4,0,sm_89,COMM_ONLY,NCCL,C0_DEFAULT,2048,2048,2048,16,4,1048576,21,0,377.856,0.000,0.000,0.000,PASS,0
PHASEB_formal_comm_C0_DEFAULT_N2048_q16_rep2,0,4,0,sm_89,COMM_ONLY,NCCL,C0_DEFAULT,2048,2048,2048,16,5,1048576,21,0,446.848,0.000,0.000,0.000,PASS,0
PHASEB_formal_comm_C0_DEFAULT_N2048_q16_rep2,0,4,0,sm_89,COMM_ONLY,NCCL,C0_DEFAULT,2048,2048,2048,16,6,1048576,21,0,526.112,0.000,0.000,0.000,PASS,0
PHASEB_formal_comm_C0_DEFAULT_N2048_q16_rep2,0,4,0,sm_89,COMM_ONLY,NCCL,C0_DEFAULT,2048,2048,2048,16,7,1048576,21,0,594.240,0.000,0.000,0.000,PASS,0
PHASEB_formal_comm_C0_DEFAULT_N2048_q16_rep2,0,4,0,sm_89,COMM_ONLY,NCCL,C0_DEFAULT,2048,2048,2048,16,8,1048576,21,0,664.096,0.000,0.000,0.000,PASS,0
PHASEB_formal_comm_C0_DEFAULT_N2048_q16_rep2,0,4,0,sm_89,COMM_ONLY,NCCL,C0_DEFAULT,2048,2048,2048,16,9,1048576,21,0,733.088,0.000,0.000,0.000,PASS,0
PHASEB_formal_comm_C0_DEFAULT_N2048_q16_rep2,0,4,0,sm_89,COMM_ONLY,NCCL,C0_DEFAULT,2048,2048,2048,16,10,1048576,21,0,803.072,0.000,0.000,0.000,PASS,0
PHASEB_formal_comm_C0_DEFAULT_N2048_q16_rep2,0,4,0,sm_89,COMM_ONLY,NCCL,C0_DEFAULT,2048,2048,2048,16,11,1048576,21,0,871.584,0.000,0.000,0.000,PASS,0
PHASEB_formal_comm_C0_DEFAULT_N2048_q16_rep2,0,4,0,sm_89,COMM_ONLY,NCCL,C0_DEFAULT,2048,2048,2048,16,12,1048576,21,0,941.760,0.000,0.000,0.000,PASS,0
PHASEB_formal_comm_C0_DEFAULT_N2048_q16_rep2,0,4,0,sm_89,COMM_ONLY,NCCL,C0_DEFAULT,2048,2048,2048,16,13,1048576,21,0,1021.920,0.000,0.000,0.000,PASS,0
PHASEB_formal_comm_C0_DEFAULT_N2048_q16_rep2,0,4,0,sm_89,COMM_ONLY,NCCL,C0_DEFAULT,2048,2048,2048,16,14,1048576,21,0,1090.560,0.000,0.000,0.000,PASS,0
PHASEB_formal_comm_C0_DEFAULT_N2048_q16_rep2,0,4,0,sm_89,COMM_ONLY,NCCL,C0_DEFAULT,2048,2048,2048,16,15,1048576,21,0,1169.856,0.000,0.000,0.000,PASS,0
PHASEB_formal_comm_C0_DEFAULT_N2048_q16_rep2,0,4,0,sm_89,COMM_ONLY,NCCL,C0_DEFAULT,2048,2048,2048,16,0,1048576,22,0,101.888,0.000,0.000,0.000,PASS,0
PHASEB_formal_comm_C0_DEFAULT_N2048_q16_rep2,0,4,0,sm_89,COMM_ONLY,NCCL,C0_DEFAULT,2048,2048,2048,16,1,1048576,22,0,171.712,0.000,0.000,0.000,PASS,0
PHASEB_formal_comm_C0_DEFAULT_N2048_q16_rep2,0,4,0,sm_89,COMM_ONLY,NCCL,C0_DEFAULT,2048,2048,2048,16,2,1048576,22,0,240.544,0.000,0.000,0.000,PASS,0
PHASEB_formal_comm_C0_DEFAULT_N2048_q16_rep2,0,4,0,sm_89,COMM_ONLY,NCCL,C0_DEFAULT,2048,2048,2048,16,3,1048576,22,0,310.368,0.000,0.000,0.000,PASS,0
PHASEB_formal_comm_C0_DEFAULT_N2048_q16_rep2,0,4,0,sm_89,COMM_ONLY,NCCL,C0_DEFAULT,2048,2048,2048,16,4,1048576,22,0,379.840,0.000,0.000,0.000,PASS,0
PHASEB_formal_comm_C0_DEFAULT_N2048_q16_rep2,0,4,0,sm_89,COMM_ONLY,NCCL,C0_DEFAULT,2048,2048,2048,16,5,1048576,22,0,447.264,0.000,0.000,0.000,PASS,0
PHASEB_formal_comm_C0_DEFAULT_N2048_q16_rep2,0,4,0,sm_89,COMM_ONLY,NCCL,C0_DEFAULT,2048,2048,2048,16,6,1048576,22,0,518.048,0.000,0.000,0.000,PASS,0
PHASEB_formal_comm_C0_DEFAULT_N2048_q16_rep2,0,4,0,sm_89,COMM_ONLY,NCCL,C0_DEFAULT,2048,2048,2048,16,7,1048576,22,0,586.688,0.000,0.000,0.000,PASS,0
PHASEB_formal_comm_C0_DEFAULT_N2048_q16_rep2,0,4,0,sm_89,COMM_ONLY,NCCL,C0_DEFAULT,2048,2048,2048,16,8,1048576,22,0,655.488,0.000,0.000,0.000,PASS,0
PHASEB_formal_comm_C0_DEFAULT_N2048_q16_rep2,0,4,0,sm_89,COMM_ONLY,NCCL,C0_DEFAULT,2048,2048,2048,16,9,1048576,22,0,725.184,0.000,0.000,0.000,PASS,0
PHASEB_formal_comm_C0_DEFAULT_N2048_q16_rep2,0,4,0,sm_89,COMM_ONLY,NCCL,C0_DEFAULT,2048,2048,2048,16,10,1048576,22,0,806.688,0.000,0.000,0.000,PASS,0
PHASEB_formal_comm_C0_DEFAULT_N2048_q16_rep2,0,4,0,sm_89,COMM_ONLY,NCCL,C0_DEFAULT,2048,2048,2048,16,11,1048576,22,0,900.096,0.000,0.000,0.000,PASS,0
PHASEB_formal_comm_C0_DEFAULT_N2048_q16_rep2,0,4,0,sm_89,COMM_ONLY,NCCL,C0_DEFAULT,2048,2048,2048,16,12,1048576,22,0,977.536,0.000,0.000,0.000,PASS,0
PHASEB_formal_comm_C0_DEFAULT_N2048_q16_rep2,0,4,0,sm_89,COMM_ONLY,NCCL,C0_DEFAULT,2048,2048,2048,16,13,1048576,22,0,1073.600,0.000,0.000,0.000,PASS,0
PHASEB_formal_comm_C0_DEFAULT_N2048_q16_rep2,0,4,0,sm_89,COMM_ONLY,NCCL,C0_DEFAULT,2048,2048,2048,16,14,1048576,22,0,1152.928,0.000,0.000,0.000,PASS,0
PHASEB_formal_comm_C0_DEFAULT_N2048_q16_rep2,0,4,0,sm_89,COMM_ONLY,NCCL,C0_DEFAULT,2048,2048,2048,16,15,1048576,22,0,1225.888,0.000,0.000,0.000,PASS,0
PHASEB_formal_comm_C0_DEFAULT_N2048_q16_rep2,0,4,0,sm_89,COMM_ONLY,NCCL,C0_DEFAULT,2048,2048,2048,16,0,1048576,23,0,100.160,0.000,0.000,0.000,PASS,0
PHASEB_formal_comm_C0_DEFAULT_N2048_q16_rep2,0,4,0,sm_89,COMM_ONLY,NCCL,C0_DEFAULT,2048,2048,2048,16,1,1048576,23,0,170.752,0.000,0.000,0.000,PASS,0
PHASEB_formal_comm_C0_DEFAULT_N2048_q16_rep2,0,4,0,sm_89,COMM_ONLY,NCCL,C0_DEFAULT,2048,2048,2048,16,2,1048576,23,0,237.600,0.000,0.000,0.000,PASS,0
PHASEB_formal_comm_C0_DEFAULT_N2048_q16_rep2,0,4,0,sm_89,COMM_ONLY,NCCL,C0_DEFAULT,2048,2048,2048,16,3,1048576,23,0,308.256,0.000,0.000,0.000,PASS,0
PHASEB_formal_comm_C0_DEFAULT_N2048_q16_rep2,0,4,0,sm_89,COMM_ONLY,NCCL,C0_DEFAULT,2048,2048,2048,16,4,1048576,23,0,379.552,0.000,0.000,0.000,PASS,0
PHASEB_formal_comm_C0_DEFAULT_N2048_q16_rep2,0,4,0,sm_89,COMM_ONLY,NCCL,C0_DEFAULT,2048,2048,2048,16,5,1048576,23,0,448.416,0.000,0.000,0.000,PASS,0
PHASEB_formal_comm_C0_DEFAULT_N2048_q16_rep2,0,4,0,sm_89,COMM_ONLY,NCCL,C0_DEFAULT,2048,2048,2048,16,6,1048576,23,0,517.440,0.000,0.000,0.000,PASS,0
PHASEB_formal_comm_C0_DEFAULT_N2048_q16_rep2,0,4,0,sm_89,COMM_ONLY,NCCL,C0_DEFAULT,2048,2048,2048,16,7,1048576,23,0,585.856,0.000,0.000,0.000,PASS,0
PHASEB_formal_comm_C0_DEFAULT_N2048_q16_rep2,0,4,0,sm_89,COMM_ONLY,NCCL,C0_DEFAULT,2048,2048,2048,16,8,1048576,23,0,654.752,0.000,0.000,0.000,PASS,0
PHASEB_formal_comm_C0_DEFAULT_N2048_q16_rep2,0,4,0,sm_89,COMM_ONLY,NCCL,C0_DEFAULT,2048,2048,2048,16,9,1048576,23,0,725.088,0.000,0.000,0.000,PASS,0
PHASEB_formal_comm_C0_DEFAULT_N2048_q16_rep2,0,4,0,sm_89,COMM_ONLY,NCCL,C0_DEFAULT,2048,2048,2048,16,10,1048576,23,0,793.440,0.000,0.000,0.000,PASS,0
PHASEB_formal_comm_C0_DEFAULT_N2048_q16_rep2,0,4,0,sm_89,COMM_ONLY,NCCL,C0_DEFAULT,2048,2048,2048,16,11,1048576,23,0,863.584,0.000,0.000,0.000,PASS,0
PHASEB_formal_comm_C0_DEFAULT_N2048_q16_rep2,0,4,0,sm_89,COMM_ONLY,NCCL,C0_DEFAULT,2048,2048,2048,16,12,1048576,23,0,933.376,0.000,0.000,0.000,PASS,0
PHASEB_formal_comm_C0_DEFAULT_N2048_q16_rep2,0,4,0,sm_89,COMM_ONLY,NCCL,C0_DEFAULT,2048,2048,2048,16,13,1048576,23,0,1003.744,0.000,0.000,0.000,PASS,0
PHASEB_formal_comm_C0_DEFAULT_N2048_q16_rep2,0,4,0,sm_89,COMM_ONLY,NCCL,C0_DEFAULT,2048,2048,2048,16,14,1048576,23,0,1071.968,0.000,0.000,0.000,PASS,0
PHASEB_formal_comm_C0_DEFAULT_N2048_q16_rep2,0,4,0,sm_89,COMM_ONLY,NCCL,C0_DEFAULT,2048,2048,2048,16,15,1048576,23,0,1141.856,0.000,0.000,0.000,PASS,0
PHASEB_formal_comm_C0_DEFAULT_N2048_q16_rep2,0,4,0,sm_89,COMM_ONLY,NCCL,C0_DEFAULT,2048,2048,2048,16,0,1048576,24,0,111.712,0.000,0.000,0.000,PASS,0
PHASEB_formal_comm_C0_DEFAULT_N2048_q16_rep2,0,4,0,sm_89,COMM_ONLY,NCCL,C0_DEFAULT,2048,2048,2048,16,1,1048576,24,0,189.696,0.000,0.000,0.000,PASS,0
PHASEB_formal_comm_C0_DEFAULT_N2048_q16_rep2,0,4,0,sm_89,COMM_ONLY,NCCL,C0_DEFAULT,2048,2048,2048,16,2,1048576,24,0,258.432,0.000,0.000,0.000,PASS,0
PHASEB_formal_comm_C0_DEFAULT_N2048_q16_rep2,0,4,0,sm_89,COMM_ONLY,NCCL,C0_DEFAULT,2048,2048,2048,16,3,1048576,24,0,334.016,0.000,0.000,0.000,PASS,0
PHASEB_formal_comm_C0_DEFAULT_N2048_q16_rep2,0,4,0,sm_89,COMM_ONLY,NCCL,C0_DEFAULT,2048,2048,2048,16,4,1048576,24,0,403.072,0.000,0.000,0.000,PASS,0
PHASEB_formal_comm_C0_DEFAULT_N2048_q16_rep2,0,4,0,sm_89,COMM_ONLY,NCCL,C0_DEFAULT,2048,2048,2048,16,5,1048576,24,0,470.496,0.000,0.000,0.000,PASS,0
PHASEB_formal_comm_C0_DEFAULT_N2048_q16_rep2,0,4,0,sm_89,COMM_ONLY,NCCL,C0_DEFAULT,2048,2048,2048,16,6,1048576,24,0,543.808,0.000,0.000,0.000,PASS,0
PHASEB_formal_comm_C0_DEFAULT_N2048_q16_rep2,0,4,0,sm_89,COMM_ONLY,NCCL,C0_DEFAULT,2048,2048,2048,16,7,1048576,24,0,616.032,0.000,0.000,0.000,PASS,0
PHASEB_formal_comm_C0_DEFAULT_N2048_q16_rep2,0,4,0,sm_89,COMM_ONLY,NCCL,C0_DEFAULT,2048,2048,2048,16,8,1048576,24,0,685.760,0.000,0.000,0.000,PASS,0
PHASEB_formal_comm_C0_DEFAULT_N2048_q16_rep2,0,4,0,sm_89,COMM_ONLY,NCCL,C0_DEFAULT,2048,2048,2048,16,9,1048576,24,0,754.944,0.000,0.000,0.000,PASS,0
PHASEB_formal_comm_C0_DEFAULT_N2048_q16_rep2,0,4,0,sm_89,COMM_ONLY,NCCL,C0_DEFAULT,2048,2048,2048,16,10,1048576,24,0,844.512,0.000,0.000,0.000,PASS,0
PHASEB_formal_comm_C0_DEFAULT_N2048_q16_rep2,0,4,0,sm_89,COMM_ONLY,NCCL,C0_DEFAULT,2048,2048,2048,16,11,1048576,24,0,929.152,0.000,0.000,0.000,PASS,0
PHASEB_formal_comm_C0_DEFAULT_N2048_q16_rep2,0,4,0,sm_89,COMM_ONLY,NCCL,C0_DEFAULT,2048,2048,2048,16,12,1048576,24,0,1004.416,0.000,0.000,0.000,PASS,0
PHASEB_formal_comm_C0_DEFAULT_N2048_q16_rep2,0,4,0,sm_89,COMM_ONLY,NCCL,C0_DEFAULT,2048,2048,2048,16,13,1048576,24,0,1074.368,0.000,0.000,0.000,PASS,0
PHASEB_formal_comm_C0_DEFAULT_N2048_q16_rep2,0,4,0,sm_89,COMM_ONLY,NCCL,C0_DEFAULT,2048,2048,2048,16,14,1048576,24,0,1142.976,0.000,0.000,0.000,PASS,0
PHASEB_formal_comm_C0_DEFAULT_N2048_q16_rep2,0,4,0,sm_89,COMM_ONLY,NCCL,C0_DEFAULT,2048,2048,2048,16,15,1048576,24,0,1213.184,0.000,0.000,0.000,PASS,0
PHASEB_formal_comm_C0_DEFAULT_N2048_q16_rep2,0,4,0,sm_89,COMM_ONLY,NCCL,C0_DEFAULT,2048,2048,2048,16,0,1048576,25,0,111.744,0.000,0.000,0.000,PASS,0
PHASEB_formal_comm_C0_DEFAULT_N2048_q16_rep2,0,4,0,sm_89,COMM_ONLY,NCCL,C0_DEFAULT,2048,2048,2048,16,1,1048576,25,0,185.472,0.000,0.000,0.000,PASS,0
PHASEB_formal_comm_C0_DEFAULT_N2048_q16_rep2,0,4,0,sm_89,COMM_ONLY,NCCL,C0_DEFAULT,2048,2048,2048,16,2,1048576,25,0,252.448,0.000,0.000,0.000,PASS,0
PHASEB_formal_comm_C0_DEFAULT_N2048_q16_rep2,0,4,0,sm_89,COMM_ONLY,NCCL,C0_DEFAULT,2048,2048,2048,16,3,1048576,25,0,337.472,0.000,0.000,0.000,PASS,0
PHASEB_formal_comm_C0_DEFAULT_N2048_q16_rep2,0,4,0,sm_89,COMM_ONLY,NCCL,C0_DEFAULT,2048,2048,2048,16,4,1048576,25,0,407.328,0.000,0.000,0.000,PASS,0
PHASEB_formal_comm_C0_DEFAULT_N2048_q16_rep2,0,4,0,sm_89,COMM_ONLY,NCCL,C0_DEFAULT,2048,2048,2048,16,5,1048576,25,0,480.672,0.000,0.000,0.000,PASS,0
PHASEB_formal_comm_C0_DEFAULT_N2048_q16_rep2,0,4,0,sm_89,COMM_ONLY,NCCL,C0_DEFAULT,2048,2048,2048,16,6,1048576,25,0,549.152,0.000,0.000,0.000,PASS,0
PHASEB_formal_comm_C0_DEFAULT_N2048_q16_rep2,0,4,0,sm_89,COMM_ONLY,NCCL,C0_DEFAULT,2048,2048,2048,16,7,1048576,25,0,617.024,0.000,0.000,0.000,PASS,0
PHASEB_formal_comm_C0_DEFAULT_N2048_q16_rep2,0,4,0,sm_89,COMM_ONLY,NCCL,C0_DEFAULT,2048,2048,2048,16,8,1048576,25,0,687.392,0.000,0.000,0.000,PASS,0
PHASEB_formal_comm_C0_DEFAULT_N2048_q16_rep2,0,4,0,sm_89,COMM_ONLY,NCCL,C0_DEFAULT,2048,2048,2048,16,9,1048576,25,0,776.576,0.000,0.000,0.000,PASS,0
PHASEB_formal_comm_C0_DEFAULT_N2048_q16_rep2,0,4,0,sm_89,COMM_ONLY,NCCL,C0_DEFAULT,2048,2048,2048,16,10,1048576,25,0,862.176,0.000,0.000,0.000,PASS,0
PHASEB_formal_comm_C0_DEFAULT_N2048_q16_rep2,0,4,0,sm_89,COMM_ONLY,NCCL,C0_DEFAULT,2048,2048,2048,16,11,1048576,25,0,961.056,0.000,0.000,0.000,PASS,0
PHASEB_formal_comm_C0_DEFAULT_N2048_q16_rep2,0,4,0,sm_89,COMM_ONLY,NCCL,C0_DEFAULT,2048,2048,2048,16,12,1048576,25,0,1034.368,0.000,0.000,0.000,PASS,0
PHASEB_formal_comm_C0_DEFAULT_N2048_q16_rep2,0,4,0,sm_89,COMM_ONLY,NCCL,C0_DEFAULT,2048,2048,2048,16,13,1048576,25,0,1104.064,0.000,0.000,0.000,PASS,0
PHASEB_formal_comm_C0_DEFAULT_N2048_q16_rep2,0,4,0,sm_89,COMM_ONLY,NCCL,C0_DEFAULT,2048,2048,2048,16,14,1048576,25,0,1193.248,0.000,0.000,0.000,PASS,0
PHASEB_formal_comm_C0_DEFAULT_N2048_q16_rep2,0,4,0,sm_89,COMM_ONLY,NCCL,C0_DEFAULT,2048,2048,2048,16,15,1048576,25,0,1263.648,0.000,0.000,0.000,PASS,0
PHASEB_formal_comm_C0_DEFAULT_N2048_q16_rep2,0,4,0,sm_89,COMM_ONLY,NCCL,C0_DEFAULT,2048,2048,2048,16,0,1048576,26,0,105.600,0.000,0.000,0.000,PASS,0
PHASEB_formal_comm_C0_DEFAULT_N2048_q16_rep2,0,4,0,sm_89,COMM_ONLY,NCCL,C0_DEFAULT,2048,2048,2048,16,1,1048576,26,0,175.648,0.000,0.000,0.000,PASS,0
PHASEB_formal_comm_C0_DEFAULT_N2048_q16_rep2,0,4,0,sm_89,COMM_ONLY,NCCL,C0_DEFAULT,2048,2048,2048,16,2,1048576,26,0,243.520,0.000,0.000,0.000,PASS,0
PHASEB_formal_comm_C0_DEFAULT_N2048_q16_rep2,0,4,0,sm_89,COMM_ONLY,NCCL,C0_DEFAULT,2048,2048,2048,16,3,1048576,26,0,313.632,0.000,0.000,0.000,PASS,0
PHASEB_formal_comm_C0_DEFAULT_N2048_q16_rep2,0,4,0,sm_89,COMM_ONLY,NCCL,C0_DEFAULT,2048,2048,2048,16,4,1048576,26,0,383.968,0.000,0.000,0.000,PASS,0
PHASEB_formal_comm_C0_DEFAULT_N2048_q16_rep2,0,4,0,sm_89,COMM_ONLY,NCCL,C0_DEFAULT,2048,2048,2048,16,5,1048576,26,0,452.320,0.000,0.000,0.000,PASS,0
PHASEB_formal_comm_C0_DEFAULT_N2048_q16_rep2,0,4,0,sm_89,COMM_ONLY,NCCL,C0_DEFAULT,2048,2048,2048,16,6,1048576,26,0,521.664,0.000,0.000,0.000,PASS,0
PHASEB_formal_comm_C0_DEFAULT_N2048_q16_rep2,0,4,0,sm_89,COMM_ONLY,NCCL,C0_DEFAULT,2048,2048,2048,16,7,1048576,26,0,590.144,0.000,0.000,0.000,PASS,0
PHASEB_formal_comm_C0_DEFAULT_N2048_q16_rep2,0,4,0,sm_89,COMM_ONLY,NCCL,C0_DEFAULT,2048,2048,2048,16,8,1048576,26,0,673.856,0.000,0.000,0.000,PASS,0
PHASEB_formal_comm_C0_DEFAULT_N2048_q16_rep2,0,4,0,sm_89,COMM_ONLY,NCCL,C0_DEFAULT,2048,2048,2048,16,9,1048576,26,0,751.648,0.000,0.000,0.000,PASS,0
PHASEB_formal_comm_C0_DEFAULT_N2048_q16_rep2,0,4,0,sm_89,COMM_ONLY,NCCL,C0_DEFAULT,2048,2048,2048,16,10,1048576,26,0,827.424,0.000,0.000,0.000,PASS,0
PHASEB_formal_comm_C0_DEFAULT_N2048_q16_rep2,0,4,0,sm_89,COMM_ONLY,NCCL,C0_DEFAULT,2048,2048,2048,16,11,1048576,26,0,897.472,0.000,0.000,0.000,PASS,0
PHASEB_formal_comm_C0_DEFAULT_N2048_q16_rep2,0,4,0,sm_89,COMM_ONLY,NCCL,C0_DEFAULT,2048,2048,2048,16,12,1048576,26,0,966.592,0.000,0.000,0.000,PASS,0
PHASEB_formal_comm_C0_DEFAULT_N2048_q16_rep2,0,4,0,sm_89,COMM_ONLY,NCCL,C0_DEFAULT,2048,2048,2048,16,13,1048576,26,0,1038.848,0.000,0.000,0.000,PASS,0
PHASEB_formal_comm_C0_DEFAULT_N2048_q16_rep2,0,4,0,sm_89,COMM_ONLY,NCCL,C0_DEFAULT,2048,2048,2048,16,14,1048576,26,0,1133.568,0.000,0.000,0.000,PASS,0
PHASEB_formal_comm_C0_DEFAULT_N2048_q16_rep2,0,4,0,sm_89,COMM_ONLY,NCCL,C0_DEFAULT,2048,2048,2048,16,15,1048576,26,0,1204.736,0.000,0.000,0.000,PASS,0
PHASEB_formal_comm_C0_DEFAULT_N2048_q16_rep2,0,4,0,sm_89,COMM_ONLY,NCCL,C0_DEFAULT,2048,2048,2048,16,0,1048576,27,0,109.632,0.000,0.000,0.000,PASS,0
PHASEB_formal_comm_C0_DEFAULT_N2048_q16_rep2,0,4,0,sm_89,COMM_ONLY,NCCL,C0_DEFAULT,2048,2048,2048,16,1,1048576,27,0,180.160,0.000,0.000,0.000,PASS,0
PHASEB_formal_comm_C0_DEFAULT_N2048_q16_rep2,0,4,0,sm_89,COMM_ONLY,NCCL,C0_DEFAULT,2048,2048,2048,16,2,1048576,27,0,248.448,0.000,0.000,0.000,PASS,0
PHASEB_formal_comm_C0_DEFAULT_N2048_q16_rep2,0,4,0,sm_89,COMM_ONLY,NCCL,C0_DEFAULT,2048,2048,2048,16,3,1048576,27,0,320.160,0.000,0.000,0.000,PASS,0
PHASEB_formal_comm_C0_DEFAULT_N2048_q16_rep2,0,4,0,sm_89,COMM_ONLY,NCCL,C0_DEFAULT,2048,2048,2048,16,4,1048576,27,0,389.696,0.000,0.000,0.000,PASS,0
PHASEB_formal_comm_C0_DEFAULT_N2048_q16_rep2,0,4,0,sm_89,COMM_ONLY,NCCL,C0_DEFAULT,2048,2048,2048,16,5,1048576,27,0,458.368,0.000,0.000,0.000,PASS,0
PHASEB_formal_comm_C0_DEFAULT_N2048_q16_rep2,0,4,0,sm_89,COMM_ONLY,NCCL,C0_DEFAULT,2048,2048,2048,16,6,1048576,27,0,529.408,0.000,0.000,0.000,PASS,0
PHASEB_formal_comm_C0_DEFAULT_N2048_q16_rep2,0,4,0,sm_89,COMM_ONLY,NCCL,C0_DEFAULT,2048,2048,2048,16,7,1048576,27,0,608.512,0.000,0.000,0.000,PASS,0
PHASEB_formal_comm_C0_DEFAULT_N2048_q16_rep2,0,4,0,sm_89,COMM_ONLY,NCCL,C0_DEFAULT,2048,2048,2048,16,8,1048576,27,0,678.144,0.000,0.000,0.000,PASS,0
PHASEB_formal_comm_C0_DEFAULT_N2048_q16_rep2,0,4,0,sm_89,COMM_ONLY,NCCL,C0_DEFAULT,2048,2048,2048,16,9,1048576,27,0,747.008,0.000,0.000,0.000,PASS,0
PHASEB_formal_comm_C0_DEFAULT_N2048_q16_rep2,0,4,0,sm_89,COMM_ONLY,NCCL,C0_DEFAULT,2048,2048,2048,16,10,1048576,27,0,819.328,0.000,0.000,0.000,PASS,0
PHASEB_formal_comm_C0_DEFAULT_N2048_q16_rep2,0,4,0,sm_89,COMM_ONLY,NCCL,C0_DEFAULT,2048,2048,2048,16,11,1048576,27,0,889.568,0.000,0.000,0.000,PASS,0
PHASEB_formal_comm_C0_DEFAULT_N2048_q16_rep2,0,4,0,sm_89,COMM_ONLY,NCCL,C0_DEFAULT,2048,2048,2048,16,12,1048576,27,0,980.576,0.000,0.000,0.000,PASS,0
PHASEB_formal_comm_C0_DEFAULT_N2048_q16_rep2,0,4,0,sm_89,COMM_ONLY,NCCL,C0_DEFAULT,2048,2048,2048,16,13,1048576,27,0,1051.136,0.000,0.000,0.000,PASS,0
PHASEB_formal_comm_C0_DEFAULT_N2048_q16_rep2,0,4,0,sm_89,COMM_ONLY,NCCL,C0_DEFAULT,2048,2048,2048,16,14,1048576,27,0,1120.608,0.000,0.000,0.000,PASS,0
PHASEB_formal_comm_C0_DEFAULT_N2048_q16_rep2,0,4,0,sm_89,COMM_ONLY,NCCL,C0_DEFAULT,2048,2048,2048,16,15,1048576,27,0,1189.792,0.000,0.000,0.000,PASS,0
PHASEB_formal_comm_C0_DEFAULT_N2048_q16_rep2,0,4,0,sm_89,COMM_ONLY,NCCL,C0_DEFAULT,2048,2048,2048,16,0,1048576,28,0,99.488,0.000,0.000,0.000,PASS,0
PHASEB_formal_comm_C0_DEFAULT_N2048_q16_rep2,0,4,0,sm_89,COMM_ONLY,NCCL,C0_DEFAULT,2048,2048,2048,16,1,1048576,28,0,169.312,0.000,0.000,0.000,PASS,0
PHASEB_formal_comm_C0_DEFAULT_N2048_q16_rep2,0,4,0,sm_89,COMM_ONLY,NCCL,C0_DEFAULT,2048,2048,2048,16,2,1048576,28,0,236.608,0.000,0.000,0.000,PASS,0
PHASEB_formal_comm_C0_DEFAULT_N2048_q16_rep2,0,4,0,sm_89,COMM_ONLY,NCCL,C0_DEFAULT,2048,2048,2048,16,3,1048576,28,0,305.856,0.000,0.000,0.000,PASS,0
PHASEB_formal_comm_C0_DEFAULT_N2048_q16_rep2,0,4,0,sm_89,COMM_ONLY,NCCL,C0_DEFAULT,2048,2048,2048,16,4,1048576,28,0,373.600,0.000,0.000,0.000,PASS,0
PHASEB_formal_comm_C0_DEFAULT_N2048_q16_rep2,0,4,0,sm_89,COMM_ONLY,NCCL,C0_DEFAULT,2048,2048,2048,16,5,1048576,28,0,442.944,0.000,0.000,0.000,PASS,0
PHASEB_formal_comm_C0_DEFAULT_N2048_q16_rep2,0,4,0,sm_89,COMM_ONLY,NCCL,C0_DEFAULT,2048,2048,2048,16,6,1048576,28,0,513.408,0.000,0.000,0.000,PASS,0
PHASEB_formal_comm_C0_DEFAULT_N2048_q16_rep2,0,4,0,sm_89,COMM_ONLY,NCCL,C0_DEFAULT,2048,2048,2048,16,7,1048576,28,0,586.560,0.000,0.000,0.000,PASS,0
PHASEB_formal_comm_C0_DEFAULT_N2048_q16_rep2,0,4,0,sm_89,COMM_ONLY,NCCL,C0_DEFAULT,2048,2048,2048,16,8,1048576,28,0,661.408,0.000,0.000,0.000,PASS,0
PHASEB_formal_comm_C0_DEFAULT_N2048_q16_rep2,0,4,0,sm_89,COMM_ONLY,NCCL,C0_DEFAULT,2048,2048,2048,16,9,1048576,28,0,743.520,0.000,0.000,0.000,PASS,0
PHASEB_formal_comm_C0_DEFAULT_N2048_q16_rep2,0,4,0,sm_89,COMM_ONLY,NCCL,C0_DEFAULT,2048,2048,2048,16,10,1048576,28,0,812.576,0.000,0.000,0.000,PASS,0
PHASEB_formal_comm_C0_DEFAULT_N2048_q16_rep2,0,4,0,sm_89,COMM_ONLY,NCCL,C0_DEFAULT,2048,2048,2048,16,11,1048576,28,0,881.536,0.000,0.000,0.000,PASS,0
PHASEB_formal_comm_C0_DEFAULT_N2048_q16_rep2,0,4,0,sm_89,COMM_ONLY,NCCL,C0_DEFAULT,2048,2048,2048,16,12,1048576,28,0,950.080,0.000,0.000,0.000,PASS,0
PHASEB_formal_comm_C0_DEFAULT_N2048_q16_rep2,0,4,0,sm_89,COMM_ONLY,NCCL,C0_DEFAULT,2048,2048,2048,16,13,1048576,28,0,1019.072,0.000,0.000,0.000,PASS,0
PHASEB_formal_comm_C0_DEFAULT_N2048_q16_rep2,0,4,0,sm_89,COMM_ONLY,NCCL,C0_DEFAULT,2048,2048,2048,16,14,1048576,28,0,1089.056,0.000,0.000,0.000,PASS,0
PHASEB_formal_comm_C0_DEFAULT_N2048_q16_rep2,0,4,0,sm_89,COMM_ONLY,NCCL,C0_DEFAULT,2048,2048,2048,16,15,1048576,28,0,1159.360,0.000,0.000,0.000,PASS,0
PHASEB_formal_comm_C0_DEFAULT_N2048_q16_rep2,0,4,0,sm_89,COMM_ONLY,NCCL,C0_DEFAULT,2048,2048,2048,16,0,1048576,29,0,102.688,0.000,0.000,0.000,PASS,0
PHASEB_formal_comm_C0_DEFAULT_N2048_q16_rep2,0,4,0,sm_89,COMM_ONLY,NCCL,C0_DEFAULT,2048,2048,2048,16,1,1048576,29,0,171.936,0.000,0.000,0.000,PASS,0
PHASEB_formal_comm_C0_DEFAULT_N2048_q16_rep2,0,4,0,sm_89,COMM_ONLY,NCCL,C0_DEFAULT,2048,2048,2048,16,2,1048576,29,0,239.008,0.000,0.000,0.000,PASS,0
PHASEB_formal_comm_C0_DEFAULT_N2048_q16_rep2,0,4,0,sm_89,COMM_ONLY,NCCL,C0_DEFAULT,2048,2048,2048,16,3,1048576,29,0,309.280,0.000,0.000,0.000,PASS,0
PHASEB_formal_comm_C0_DEFAULT_N2048_q16_rep2,0,4,0,sm_89,COMM_ONLY,NCCL,C0_DEFAULT,2048,2048,2048,16,4,1048576,29,0,377.888,0.000,0.000,0.000,PASS,0
PHASEB_formal_comm_C0_DEFAULT_N2048_q16_rep2,0,4,0,sm_89,COMM_ONLY,NCCL,C0_DEFAULT,2048,2048,2048,16,5,1048576,29,0,446.016,0.000,0.000,0.000,PASS,0
PHASEB_formal_comm_C0_DEFAULT_N2048_q16_rep2,0,4,0,sm_89,COMM_ONLY,NCCL,C0_DEFAULT,2048,2048,2048,16,6,1048576,29,0,514.336,0.000,0.000,0.000,PASS,0
PHASEB_formal_comm_C0_DEFAULT_N2048_q16_rep2,0,4,0,sm_89,COMM_ONLY,NCCL,C0_DEFAULT,2048,2048,2048,16,7,1048576,29,0,583.040,0.000,0.000,0.000,PASS,0
PHASEB_formal_comm_C0_DEFAULT_N2048_q16_rep2,0,4,0,sm_89,COMM_ONLY,NCCL,C0_DEFAULT,2048,2048,2048,16,8,1048576,29,0,651.456,0.000,0.000,0.000,PASS,0
PHASEB_formal_comm_C0_DEFAULT_N2048_q16_rep2,0,4,0,sm_89,COMM_ONLY,NCCL,C0_DEFAULT,2048,2048,2048,16,9,1048576,29,0,721.376,0.000,0.000,0.000,PASS,0
PHASEB_formal_comm_C0_DEFAULT_N2048_q16_rep2,0,4,0,sm_89,COMM_ONLY,NCCL,C0_DEFAULT,2048,2048,2048,16,10,1048576,29,0,789.632,0.000,0.000,0.000,PASS,0
PHASEB_formal_comm_C0_DEFAULT_N2048_q16_rep2,0,4,0,sm_89,COMM_ONLY,NCCL,C0_DEFAULT,2048,2048,2048,16,11,1048576,29,0,858.304,0.000,0.000,0.000,PASS,0
PHASEB_formal_comm_C0_DEFAULT_N2048_q16_rep2,0,4,0,sm_89,COMM_ONLY,NCCL,C0_DEFAULT,2048,2048,2048,16,12,1048576,29,0,927.808,0.000,0.000,0.000,PASS,0
PHASEB_formal_comm_C0_DEFAULT_N2048_q16_rep2,0,4,0,sm_89,COMM_ONLY,NCCL,C0_DEFAULT,2048,2048,2048,16,13,1048576,29,0,997.728,0.000,0.000,0.000,PASS,0
PHASEB_formal_comm_C0_DEFAULT_N2048_q16_rep2,0,4,0,sm_89,COMM_ONLY,NCCL,C0_DEFAULT,2048,2048,2048,16,14,1048576,29,0,1067.296,0.000,0.000,0.000,PASS,0
PHASEB_formal_comm_C0_DEFAULT_N2048_q16_rep2,0,4,0,sm_89,COMM_ONLY,NCCL,C0_DEFAULT,2048,2048,2048,16,15,1048576,29,0,1137.728,0.000,0.000,0.000,PASS,0
PHASEB_formal_comm_C0_DEFAULT_N2048_q16_rep2,0,4,0,sm_89,COMM_ONLY,NCCL,C0_DEFAULT,2048,2048,2048,16,0,1048576,30,0,112.480,0.000,0.000,0.000,PASS,0
PHASEB_formal_comm_C0_DEFAULT_N2048_q16_rep2,0,4,0,sm_89,COMM_ONLY,NCCL,C0_DEFAULT,2048,2048,2048,16,1,1048576,30,0,182.656,0.000,0.000,0.000,PASS,0
PHASEB_formal_comm_C0_DEFAULT_N2048_q16_rep2,0,4,0,sm_89,COMM_ONLY,NCCL,C0_DEFAULT,2048,2048,2048,16,2,1048576,30,0,250.720,0.000,0.000,0.000,PASS,0
PHASEB_formal_comm_C0_DEFAULT_N2048_q16_rep2,0,4,0,sm_89,COMM_ONLY,NCCL,C0_DEFAULT,2048,2048,2048,16,3,1048576,30,0,320.512,0.000,0.000,0.000,PASS,0
PHASEB_formal_comm_C0_DEFAULT_N2048_q16_rep2,0,4,0,sm_89,COMM_ONLY,NCCL,C0_DEFAULT,2048,2048,2048,16,4,1048576,30,0,388.608,0.000,0.000,0.000,PASS,0
PHASEB_formal_comm_C0_DEFAULT_N2048_q16_rep2,0,4,0,sm_89,COMM_ONLY,NCCL,C0_DEFAULT,2048,2048,2048,16,5,1048576,30,0,457.984,0.000,0.000,0.000,PASS,0
PHASEB_formal_comm_C0_DEFAULT_N2048_q16_rep2,0,4,0,sm_89,COMM_ONLY,NCCL,C0_DEFAULT,2048,2048,2048,16,6,1048576,30,0,527.296,0.000,0.000,0.000,PASS,0
PHASEB_formal_comm_C0_DEFAULT_N2048_q16_rep2,0,4,0,sm_89,COMM_ONLY,NCCL,C0_DEFAULT,2048,2048,2048,16,7,1048576,30,0,595.904,0.000,0.000,0.000,PASS,0
PHASEB_formal_comm_C0_DEFAULT_N2048_q16_rep2,0,4,0,sm_89,COMM_ONLY,NCCL,C0_DEFAULT,2048,2048,2048,16,8,1048576,30,0,663.616,0.000,0.000,0.000,PASS,0
PHASEB_formal_comm_C0_DEFAULT_N2048_q16_rep2,0,4,0,sm_89,COMM_ONLY,NCCL,C0_DEFAULT,2048,2048,2048,16,9,1048576,30,0,732.736,0.000,0.000,0.000,PASS,0
PHASEB_formal_comm_C0_DEFAULT_N2048_q16_rep2,0,4,0,sm_89,COMM_ONLY,NCCL,C0_DEFAULT,2048,2048,2048,16,10,1048576,30,0,802.816,0.000,0.000,0.000,PASS,0
PHASEB_formal_comm_C0_DEFAULT_N2048_q16_rep2,0,4,0,sm_89,COMM_ONLY,NCCL,C0_DEFAULT,2048,2048,2048,16,11,1048576,30,0,884.832,0.000,0.000,0.000,PASS,0
PHASEB_formal_comm_C0_DEFAULT_N2048_q16_rep2,0,4,0,sm_89,COMM_ONLY,NCCL,C0_DEFAULT,2048,2048,2048,16,12,1048576,30,0,954.784,0.000,0.000,0.000,PASS,0
PHASEB_formal_comm_C0_DEFAULT_N2048_q16_rep2,0,4,0,sm_89,COMM_ONLY,NCCL,C0_DEFAULT,2048,2048,2048,16,13,1048576,30,0,1024.640,0.000,0.000,0.000,PASS,0
PHASEB_formal_comm_C0_DEFAULT_N2048_q16_rep2,0,4,0,sm_89,COMM_ONLY,NCCL,C0_DEFAULT,2048,2048,2048,16,14,1048576,30,0,1095.424,0.000,0.000,0.000,PASS,0
PHASEB_formal_comm_C0_DEFAULT_N2048_q16_rep2,0,4,0,sm_89,COMM_ONLY,NCCL,C0_DEFAULT,2048,2048,2048,16,15,1048576,30,0,1164.960,0.000,0.000,0.000,PASS,0
PHASEB_formal_comm_C0_DEFAULT_N2048_q16_rep2,0,4,0,sm_89,COMM_ONLY,NCCL,C0_DEFAULT,2048,2048,2048,16,0,1048576,31,0,103.232,0.000,0.000,0.000,PASS,0
PHASEB_formal_comm_C0_DEFAULT_N2048_q16_rep2,0,4,0,sm_89,COMM_ONLY,NCCL,C0_DEFAULT,2048,2048,2048,16,1,1048576,31,0,172.384,0.000,0.000,0.000,PASS,0
PHASEB_formal_comm_C0_DEFAULT_N2048_q16_rep2,0,4,0,sm_89,COMM_ONLY,NCCL,C0_DEFAULT,2048,2048,2048,16,2,1048576,31,0,239.840,0.000,0.000,0.000,PASS,0
PHASEB_formal_comm_C0_DEFAULT_N2048_q16_rep2,0,4,0,sm_89,COMM_ONLY,NCCL,C0_DEFAULT,2048,2048,2048,16,3,1048576,31,0,322.240,0.000,0.000,0.000,PASS,0
PHASEB_formal_comm_C0_DEFAULT_N2048_q16_rep2,0,4,0,sm_89,COMM_ONLY,NCCL,C0_DEFAULT,2048,2048,2048,16,4,1048576,31,0,390.880,0.000,0.000,0.000,PASS,0
PHASEB_formal_comm_C0_DEFAULT_N2048_q16_rep2,0,4,0,sm_89,COMM_ONLY,NCCL,C0_DEFAULT,2048,2048,2048,16,5,1048576,31,0,459.456,0.000,0.000,0.000,PASS,0
PHASEB_formal_comm_C0_DEFAULT_N2048_q16_rep2,0,4,0,sm_89,COMM_ONLY,NCCL,C0_DEFAULT,2048,2048,2048,16,6,1048576,31,0,529.216,0.000,0.000,0.000,PASS,0
PHASEB_formal_comm_C0_DEFAULT_N2048_q16_rep2,0,4,0,sm_89,COMM_ONLY,NCCL,C0_DEFAULT,2048,2048,2048,16,7,1048576,31,0,598.464,0.000,0.000,0.000,PASS,0
PHASEB_formal_comm_C0_DEFAULT_N2048_q16_rep2,0,4,0,sm_89,COMM_ONLY,NCCL,C0_DEFAULT,2048,2048,2048,16,8,1048576,31,0,666.336,0.000,0.000,0.000,PASS,0
PHASEB_formal_comm_C0_DEFAULT_N2048_q16_rep2,0,4,0,sm_89,COMM_ONLY,NCCL,C0_DEFAULT,2048,2048,2048,16,9,1048576,31,0,744.448,0.000,0.000,0.000,PASS,0
PHASEB_formal_comm_C0_DEFAULT_N2048_q16_rep2,0,4,0,sm_89,COMM_ONLY,NCCL,C0_DEFAULT,2048,2048,2048,16,10,1048576,31,0,813.984,0.000,0.000,0.000,PASS,0
PHASEB_formal_comm_C0_DEFAULT_N2048_q16_rep2,0,4,0,sm_89,COMM_ONLY,NCCL,C0_DEFAULT,2048,2048,2048,16,11,1048576,31,0,886.368,0.000,0.000,0.000,PASS,0
PHASEB_formal_comm_C0_DEFAULT_N2048_q16_rep2,0,4,0,sm_89,COMM_ONLY,NCCL,C0_DEFAULT,2048,2048,2048,16,12,1048576,31,0,953.888,0.000,0.000,0.000,PASS,0
PHASEB_formal_comm_C0_DEFAULT_N2048_q16_rep2,0,4,0,sm_89,COMM_ONLY,NCCL,C0_DEFAULT,2048,2048,2048,16,13,1048576,31,0,1022.944,0.000,0.000,0.000,PASS,0
PHASEB_formal_comm_C0_DEFAULT_N2048_q16_rep2,0,4,0,sm_89,COMM_ONLY,NCCL,C0_DEFAULT,2048,2048,2048,16,14,1048576,31,0,1091.840,0.000,0.000,0.000,PASS,0
PHASEB_formal_comm_C0_DEFAULT_N2048_q16_rep2,0,4,0,sm_89,COMM_ONLY,NCCL,C0_DEFAULT,2048,2048,2048,16,15,1048576,31,0,1162.816,0.000,0.000,0.000,PASS,0
PHASEB_formal_comm_C0_DEFAULT_N2048_q16_rep2,0,4,0,sm_89,COMM_ONLY,NCCL,C0_DEFAULT,2048,2048,2048,16,0,1048576,32,0,101.056,0.000,0.000,0.000,PASS,0
PHASEB_formal_comm_C0_DEFAULT_N2048_q16_rep2,0,4,0,sm_89,COMM_ONLY,NCCL,C0_DEFAULT,2048,2048,2048,16,1,1048576,32,0,174.528,0.000,0.000,0.000,PASS,0
PHASEB_formal_comm_C0_DEFAULT_N2048_q16_rep2,0,4,0,sm_89,COMM_ONLY,NCCL,C0_DEFAULT,2048,2048,2048,16,2,1048576,32,0,242.336,0.000,0.000,0.000,PASS,0
PHASEB_formal_comm_C0_DEFAULT_N2048_q16_rep2,0,4,0,sm_89,COMM_ONLY,NCCL,C0_DEFAULT,2048,2048,2048,16,3,1048576,32,0,312.992,0.000,0.000,0.000,PASS,0
PHASEB_formal_comm_C0_DEFAULT_N2048_q16_rep2,0,4,0,sm_89,COMM_ONLY,NCCL,C0_DEFAULT,2048,2048,2048,16,4,1048576,32,0,381.408,0.000,0.000,0.000,PASS,0
PHASEB_formal_comm_C0_DEFAULT_N2048_q16_rep2,0,4,0,sm_89,COMM_ONLY,NCCL,C0_DEFAULT,2048,2048,2048,16,5,1048576,32,0,449.568,0.000,0.000,0.000,PASS,0
PHASEB_formal_comm_C0_DEFAULT_N2048_q16_rep2,0,4,0,sm_89,COMM_ONLY,NCCL,C0_DEFAULT,2048,2048,2048,16,6,1048576,32,0,523.648,0.000,0.000,0.000,PASS,0
PHASEB_formal_comm_C0_DEFAULT_N2048_q16_rep2,0,4,0,sm_89,COMM_ONLY,NCCL,C0_DEFAULT,2048,2048,2048,16,7,1048576,32,0,592.320,0.000,0.000,0.000,PASS,0
PHASEB_formal_comm_C0_DEFAULT_N2048_q16_rep2,0,4,0,sm_89,COMM_ONLY,NCCL,C0_DEFAULT,2048,2048,2048,16,8,1048576,32,0,660.640,0.000,0.000,0.000,PASS,0
PHASEB_formal_comm_C0_DEFAULT_N2048_q16_rep2,0,4,0,sm_89,COMM_ONLY,NCCL,C0_DEFAULT,2048,2048,2048,16,9,1048576,32,0,741.408,0.000,0.000,0.000,PASS,0
PHASEB_formal_comm_C0_DEFAULT_N2048_q16_rep2,0,4,0,sm_89,COMM_ONLY,NCCL,C0_DEFAULT,2048,2048,2048,16,10,1048576,32,0,809.344,0.000,0.000,0.000,PASS,0
PHASEB_formal_comm_C0_DEFAULT_N2048_q16_rep2,0,4,0,sm_89,COMM_ONLY,NCCL,C0_DEFAULT,2048,2048,2048,16,11,1048576,32,0,878.464,0.000,0.000,0.000,PASS,0
PHASEB_formal_comm_C0_DEFAULT_N2048_q16_rep2,0,4,0,sm_89,COMM_ONLY,NCCL,C0_DEFAULT,2048,2048,2048,16,12,1048576,32,0,947.904,0.000,0.000,0.000,PASS,0
PHASEB_formal_comm_C0_DEFAULT_N2048_q16_rep2,0,4,0,sm_89,COMM_ONLY,NCCL,C0_DEFAULT,2048,2048,2048,16,13,1048576,32,0,1016.384,0.000,0.000,0.000,PASS,0
PHASEB_formal_comm_C0_DEFAULT_N2048_q16_rep2,0,4,0,sm_89,COMM_ONLY,NCCL,C0_DEFAULT,2048,2048,2048,16,14,1048576,32,0,1085.760,0.000,0.000,0.000,PASS,0
PHASEB_formal_comm_C0_DEFAULT_N2048_q16_rep2,0,4,0,sm_89,COMM_ONLY,NCCL,C0_DEFAULT,2048,2048,2048,16,15,1048576,32,0,1156.032,0.000,0.000,0.000,PASS,0
PHASEB_formal_comm_C0_DEFAULT_N2048_q16_rep2,0,4,0,sm_89,COMM_ONLY,NCCL,C0_DEFAULT,2048,2048,2048,16,0,1048576,33,0,122.816,0.000,0.000,0.000,PASS,0
PHASEB_formal_comm_C0_DEFAULT_N2048_q16_rep2,0,4,0,sm_89,COMM_ONLY,NCCL,C0_DEFAULT,2048,2048,2048,16,1,1048576,33,0,191.552,0.000,0.000,0.000,PASS,0
PHASEB_formal_comm_C0_DEFAULT_N2048_q16_rep2,0,4,0,sm_89,COMM_ONLY,NCCL,C0_DEFAULT,2048,2048,2048,16,2,1048576,33,0,258.400,0.000,0.000,0.000,PASS,0
PHASEB_formal_comm_C0_DEFAULT_N2048_q16_rep2,0,4,0,sm_89,COMM_ONLY,NCCL,C0_DEFAULT,2048,2048,2048,16,3,1048576,33,0,331.168,0.000,0.000,0.000,PASS,0
PHASEB_formal_comm_C0_DEFAULT_N2048_q16_rep2,0,4,0,sm_89,COMM_ONLY,NCCL,C0_DEFAULT,2048,2048,2048,16,4,1048576,33,0,399.904,0.000,0.000,0.000,PASS,0
PHASEB_formal_comm_C0_DEFAULT_N2048_q16_rep2,0,4,0,sm_89,COMM_ONLY,NCCL,C0_DEFAULT,2048,2048,2048,16,5,1048576,33,0,468.896,0.000,0.000,0.000,PASS,0
PHASEB_formal_comm_C0_DEFAULT_N2048_q16_rep2,0,4,0,sm_89,COMM_ONLY,NCCL,C0_DEFAULT,2048,2048,2048,16,6,1048576,33,0,546.912,0.000,0.000,0.000,PASS,0
PHASEB_formal_comm_C0_DEFAULT_N2048_q16_rep2,0,4,0,sm_89,COMM_ONLY,NCCL,C0_DEFAULT,2048,2048,2048,16,7,1048576,33,0,618.528,0.000,0.000,0.000,PASS,0
PHASEB_formal_comm_C0_DEFAULT_N2048_q16_rep2,0,4,0,sm_89,COMM_ONLY,NCCL,C0_DEFAULT,2048,2048,2048,16,8,1048576,33,0,688.224,0.000,0.000,0.000,PASS,0
PHASEB_formal_comm_C0_DEFAULT_N2048_q16_rep2,0,4,0,sm_89,COMM_ONLY,NCCL,C0_DEFAULT,2048,2048,2048,16,9,1048576,33,0,757.248,0.000,0.000,0.000,PASS,0
PHASEB_formal_comm_C0_DEFAULT_N2048_q16_rep2,0,4,0,sm_89,COMM_ONLY,NCCL,C0_DEFAULT,2048,2048,2048,16,10,1048576,33,0,826.752,0.000,0.000,0.000,PASS,0
PHASEB_formal_comm_C0_DEFAULT_N2048_q16_rep2,0,4,0,sm_89,COMM_ONLY,NCCL,C0_DEFAULT,2048,2048,2048,16,11,1048576,33,0,898.912,0.000,0.000,0.000,PASS,0
PHASEB_formal_comm_C0_DEFAULT_N2048_q16_rep2,0,4,0,sm_89,COMM_ONLY,NCCL,C0_DEFAULT,2048,2048,2048,16,12,1048576,33,0,968.960,0.000,0.000,0.000,PASS,0
PHASEB_formal_comm_C0_DEFAULT_N2048_q16_rep2,0,4,0,sm_89,COMM_ONLY,NCCL,C0_DEFAULT,2048,2048,2048,16,13,1048576,33,0,1039.808,0.000,0.000,0.000,PASS,0
PHASEB_formal_comm_C0_DEFAULT_N2048_q16_rep2,0,4,0,sm_89,COMM_ONLY,NCCL,C0_DEFAULT,2048,2048,2048,16,14,1048576,33,0,1108.224,0.000,0.000,0.000,PASS,0
PHASEB_formal_comm_C0_DEFAULT_N2048_q16_rep2,0,4,0,sm_89,COMM_ONLY,NCCL,C0_DEFAULT,2048,2048,2048,16,15,1048576,33,0,1179.744,0.000,0.000,0.000,PASS,0
PHASEB_formal_comm_C0_DEFAULT_N2048_q16_rep2,0,4,0,sm_89,COMM_ONLY,NCCL,C0_DEFAULT,2048,2048,2048,16,0,1048576,34,0,117.728,0.000,0.000,0.000,PASS,0
PHASEB_formal_comm_C0_DEFAULT_N2048_q16_rep2,0,4,0,sm_89,COMM_ONLY,NCCL,C0_DEFAULT,2048,2048,2048,16,1,1048576,34,0,217.120,0.000,0.000,0.000,PASS,0
PHASEB_formal_comm_C0_DEFAULT_N2048_q16_rep2,0,4,0,sm_89,COMM_ONLY,NCCL,C0_DEFAULT,2048,2048,2048,16,2,1048576,34,0,288.800,0.000,0.000,0.000,PASS,0
PHASEB_formal_comm_C0_DEFAULT_N2048_q16_rep2,0,4,0,sm_89,COMM_ONLY,NCCL,C0_DEFAULT,2048,2048,2048,16,3,1048576,34,0,359.328,0.000,0.000,0.000,PASS,0
PHASEB_formal_comm_C0_DEFAULT_N2048_q16_rep2,0,4,0,sm_89,COMM_ONLY,NCCL,C0_DEFAULT,2048,2048,2048,16,4,1048576,34,0,428.448,0.000,0.000,0.000,PASS,0
PHASEB_formal_comm_C0_DEFAULT_N2048_q16_rep2,0,4,0,sm_89,COMM_ONLY,NCCL,C0_DEFAULT,2048,2048,2048,16,5,1048576,34,0,496.384,0.000,0.000,0.000,PASS,0
PHASEB_formal_comm_C0_DEFAULT_N2048_q16_rep2,0,4,0,sm_89,COMM_ONLY,NCCL,C0_DEFAULT,2048,2048,2048,16,6,1048576,34,0,565.184,0.000,0.000,0.000,PASS,0
PHASEB_formal_comm_C0_DEFAULT_N2048_q16_rep2,0,4,0,sm_89,COMM_ONLY,NCCL,C0_DEFAULT,2048,2048,2048,16,7,1048576,34,0,633.568,0.000,0.000,0.000,PASS,0
PHASEB_formal_comm_C0_DEFAULT_N2048_q16_rep2,0,4,0,sm_89,COMM_ONLY,NCCL,C0_DEFAULT,2048,2048,2048,16,8,1048576,34,0,703.072,0.000,0.000,0.000,PASS,0
PHASEB_formal_comm_C0_DEFAULT_N2048_q16_rep2,0,4,0,sm_89,COMM_ONLY,NCCL,C0_DEFAULT,2048,2048,2048,16,9,1048576,34,0,771.968,0.000,0.000,0.000,PASS,0
PHASEB_formal_comm_C0_DEFAULT_N2048_q16_rep2,0,4,0,sm_89,COMM_ONLY,NCCL,C0_DEFAULT,2048,2048,2048,16,10,1048576,34,0,841.568,0.000,0.000,0.000,PASS,0
PHASEB_formal_comm_C0_DEFAULT_N2048_q16_rep2,0,4,0,sm_89,COMM_ONLY,NCCL,C0_DEFAULT,2048,2048,2048,16,11,1048576,34,0,910.368,0.000,0.000,0.000,PASS,0
PHASEB_formal_comm_C0_DEFAULT_N2048_q16_rep2,0,4,0,sm_89,COMM_ONLY,NCCL,C0_DEFAULT,2048,2048,2048,16,12,1048576,34,0,979.744,0.000,0.000,0.000,PASS,0
PHASEB_formal_comm_C0_DEFAULT_N2048_q16_rep2,0,4,0,sm_89,COMM_ONLY,NCCL,C0_DEFAULT,2048,2048,2048,16,13,1048576,34,0,1049.024,0.000,0.000,0.000,PASS,0
PHASEB_formal_comm_C0_DEFAULT_N2048_q16_rep2,0,4,0,sm_89,COMM_ONLY,NCCL,C0_DEFAULT,2048,2048,2048,16,14,1048576,34,0,1117.824,0.000,0.000,0.000,PASS,0
PHASEB_formal_comm_C0_DEFAULT_N2048_q16_rep2,0,4,0,sm_89,COMM_ONLY,NCCL,C0_DEFAULT,2048,2048,2048,16,15,1048576,34,0,1187.296,0.000,0.000,0.000,PASS,0
PHASEB_formal_comm_C0_DEFAULT_N2048_q16_rep2,0,4,0,sm_89,COMM_ONLY,NCCL,C0_DEFAULT,2048,2048,2048,16,0,1048576,35,0,100.640,0.000,0.000,0.000,PASS,0
PHASEB_formal_comm_C0_DEFAULT_N2048_q16_rep2,0,4,0,sm_89,COMM_ONLY,NCCL,C0_DEFAULT,2048,2048,2048,16,1,1048576,35,0,171.328,0.000,0.000,0.000,PASS,0
PHASEB_formal_comm_C0_DEFAULT_N2048_q16_rep2,0,4,0,sm_89,COMM_ONLY,NCCL,C0_DEFAULT,2048,2048,2048,16,2,1048576,35,0,239.040,0.000,0.000,0.000,PASS,0
PHASEB_formal_comm_C0_DEFAULT_N2048_q16_rep2,0,4,0,sm_89,COMM_ONLY,NCCL,C0_DEFAULT,2048,2048,2048,16,3,1048576,35,0,308.512,0.000,0.000,0.000,PASS,0
PHASEB_formal_comm_C0_DEFAULT_N2048_q16_rep2,0,4,0,sm_89,COMM_ONLY,NCCL,C0_DEFAULT,2048,2048,2048,16,4,1048576,35,0,378.432,0.000,0.000,0.000,PASS,0
PHASEB_formal_comm_C0_DEFAULT_N2048_q16_rep2,0,4,0,sm_89,COMM_ONLY,NCCL,C0_DEFAULT,2048,2048,2048,16,5,1048576,35,0,455.872,0.000,0.000,0.000,PASS,0
PHASEB_formal_comm_C0_DEFAULT_N2048_q16_rep2,0,4,0,sm_89,COMM_ONLY,NCCL,C0_DEFAULT,2048,2048,2048,16,6,1048576,35,0,524.800,0.000,0.000,0.000,PASS,0
PHASEB_formal_comm_C0_DEFAULT_N2048_q16_rep2,0,4,0,sm_89,COMM_ONLY,NCCL,C0_DEFAULT,2048,2048,2048,16,7,1048576,35,0,594.080,0.000,0.000,0.000,PASS,0
PHASEB_formal_comm_C0_DEFAULT_N2048_q16_rep2,0,4,0,sm_89,COMM_ONLY,NCCL,C0_DEFAULT,2048,2048,2048,16,8,1048576,35,0,663.968,0.000,0.000,0.000,PASS,0
PHASEB_formal_comm_C0_DEFAULT_N2048_q16_rep2,0,4,0,sm_89,COMM_ONLY,NCCL,C0_DEFAULT,2048,2048,2048,16,9,1048576,35,0,733.952,0.000,0.000,0.000,PASS,0
PHASEB_formal_comm_C0_DEFAULT_N2048_q16_rep2,0,4,0,sm_89,COMM_ONLY,NCCL,C0_DEFAULT,2048,2048,2048,16,10,1048576,35,0,802.048,0.000,0.000,0.000,PASS,0
PHASEB_formal_comm_C0_DEFAULT_N2048_q16_rep2,0,4,0,sm_89,COMM_ONLY,NCCL,C0_DEFAULT,2048,2048,2048,16,11,1048576,35,0,874.848,0.000,0.000,0.000,PASS,0
PHASEB_formal_comm_C0_DEFAULT_N2048_q16_rep2,0,4,0,sm_89,COMM_ONLY,NCCL,C0_DEFAULT,2048,2048,2048,16,12,1048576,35,0,945.536,0.000,0.000,0.000,PASS,0
PHASEB_formal_comm_C0_DEFAULT_N2048_q16_rep2,0,4,0,sm_89,COMM_ONLY,NCCL,C0_DEFAULT,2048,2048,2048,16,13,1048576,35,0,1014.048,0.000,0.000,0.000,PASS,0
PHASEB_formal_comm_C0_DEFAULT_N2048_q16_rep2,0,4,0,sm_89,COMM_ONLY,NCCL,C0_DEFAULT,2048,2048,2048,16,14,1048576,35,0,1083.040,0.000,0.000,0.000,PASS,0
PHASEB_formal_comm_C0_DEFAULT_N2048_q16_rep2,0,4,0,sm_89,COMM_ONLY,NCCL,C0_DEFAULT,2048,2048,2048,16,15,1048576,35,0,1153.600,0.000,0.000,0.000,PASS,0
PHASEB_formal_comm_C0_DEFAULT_N2048_q16_rep2,0,4,0,sm_89,COMM_ONLY,NCCL,C0_DEFAULT,2048,2048,2048,16,0,1048576,36,0,99.744,0.000,0.000,0.000,PASS,0
PHASEB_formal_comm_C0_DEFAULT_N2048_q16_rep2,0,4,0,sm_89,COMM_ONLY,NCCL,C0_DEFAULT,2048,2048,2048,16,1,1048576,36,0,169.760,0.000,0.000,0.000,PASS,0
PHASEB_formal_comm_C0_DEFAULT_N2048_q16_rep2,0,4,0,sm_89,COMM_ONLY,NCCL,C0_DEFAULT,2048,2048,2048,16,2,1048576,36,0,237.472,0.000,0.000,0.000,PASS,0
PHASEB_formal_comm_C0_DEFAULT_N2048_q16_rep2,0,4,0,sm_89,COMM_ONLY,NCCL,C0_DEFAULT,2048,2048,2048,16,3,1048576,36,0,307.552,0.000,0.000,0.000,PASS,0
PHASEB_formal_comm_C0_DEFAULT_N2048_q16_rep2,0,4,0,sm_89,COMM_ONLY,NCCL,C0_DEFAULT,2048,2048,2048,16,4,1048576,36,0,376.608,0.000,0.000,0.000,PASS,0
PHASEB_formal_comm_C0_DEFAULT_N2048_q16_rep2,0,4,0,sm_89,COMM_ONLY,NCCL,C0_DEFAULT,2048,2048,2048,16,5,1048576,36,0,444.352,0.000,0.000,0.000,PASS,0
PHASEB_formal_comm_C0_DEFAULT_N2048_q16_rep2,0,4,0,sm_89,COMM_ONLY,NCCL,C0_DEFAULT,2048,2048,2048,16,6,1048576,36,0,514.624,0.000,0.000,0.000,PASS,0
PHASEB_formal_comm_C0_DEFAULT_N2048_q16_rep2,0,4,0,sm_89,COMM_ONLY,NCCL,C0_DEFAULT,2048,2048,2048,16,7,1048576,36,0,582.816,0.000,0.000,0.000,PASS,0
PHASEB_formal_comm_C0_DEFAULT_N2048_q16_rep2,0,4,0,sm_89,COMM_ONLY,NCCL,C0_DEFAULT,2048,2048,2048,16,8,1048576,36,0,652.288,0.000,0.000,0.000,PASS,0
PHASEB_formal_comm_C0_DEFAULT_N2048_q16_rep2,0,4,0,sm_89,COMM_ONLY,NCCL,C0_DEFAULT,2048,2048,2048,16,9,1048576,36,0,720.288,0.000,0.000,0.000,PASS,0
PHASEB_formal_comm_C0_DEFAULT_N2048_q16_rep2,0,4,0,sm_89,COMM_ONLY,NCCL,C0_DEFAULT,2048,2048,2048,16,10,1048576,36,0,788.704,0.000,0.000,0.000,PASS,0
PHASEB_formal_comm_C0_DEFAULT_N2048_q16_rep2,0,4,0,sm_89,COMM_ONLY,NCCL,C0_DEFAULT,2048,2048,2048,16,11,1048576,36,0,872.192,0.000,0.000,0.000,PASS,0
PHASEB_formal_comm_C0_DEFAULT_N2048_q16_rep2,0,4,0,sm_89,COMM_ONLY,NCCL,C0_DEFAULT,2048,2048,2048,16,12,1048576,36,0,941.824,0.000,0.000,0.000,PASS,0
PHASEB_formal_comm_C0_DEFAULT_N2048_q16_rep2,0,4,0,sm_89,COMM_ONLY,NCCL,C0_DEFAULT,2048,2048,2048,16,13,1048576,36,0,1010.112,0.000,0.000,0.000,PASS,0
PHASEB_formal_comm_C0_DEFAULT_N2048_q16_rep2,0,4,0,sm_89,COMM_ONLY,NCCL,C0_DEFAULT,2048,2048,2048,16,14,1048576,36,0,1079.488,0.000,0.000,0.000,PASS,0
PHASEB_formal_comm_C0_DEFAULT_N2048_q16_rep2,0,4,0,sm_89,COMM_ONLY,NCCL,C0_DEFAULT,2048,2048,2048,16,15,1048576,36,0,1148.096,0.000,0.000,0.000,PASS,0
PHASEB_formal_comm_C0_DEFAULT_N2048_q16_rep2,0,4,0,sm_89,COMM_ONLY,NCCL,C0_DEFAULT,2048,2048,2048,16,0,1048576,37,0,110.784,0.000,0.000,0.000,PASS,0
PHASEB_formal_comm_C0_DEFAULT_N2048_q16_rep2,0,4,0,sm_89,COMM_ONLY,NCCL,C0_DEFAULT,2048,2048,2048,16,1,1048576,37,0,183.296,0.000,0.000,0.000,PASS,0
PHASEB_formal_comm_C0_DEFAULT_N2048_q16_rep2,0,4,0,sm_89,COMM_ONLY,NCCL,C0_DEFAULT,2048,2048,2048,16,2,1048576,37,0,251.776,0.000,0.000,0.000,PASS,0
PHASEB_formal_comm_C0_DEFAULT_N2048_q16_rep2,0,4,0,sm_89,COMM_ONLY,NCCL,C0_DEFAULT,2048,2048,2048,16,3,1048576,37,0,321.856,0.000,0.000,0.000,PASS,0
PHASEB_formal_comm_C0_DEFAULT_N2048_q16_rep2,0,4,0,sm_89,COMM_ONLY,NCCL,C0_DEFAULT,2048,2048,2048,16,4,1048576,37,0,390.752,0.000,0.000,0.000,PASS,0
PHASEB_formal_comm_C0_DEFAULT_N2048_q16_rep2,0,4,0,sm_89,COMM_ONLY,NCCL,C0_DEFAULT,2048,2048,2048,16,5,1048576,37,0,458.080,0.000,0.000,0.000,PASS,0
PHASEB_formal_comm_C0_DEFAULT_N2048_q16_rep2,0,4,0,sm_89,COMM_ONLY,NCCL,C0_DEFAULT,2048,2048,2048,16,6,1048576,37,0,526.912,0.000,0.000,0.000,PASS,0
PHASEB_formal_comm_C0_DEFAULT_N2048_q16_rep2,0,4,0,sm_89,COMM_ONLY,NCCL,C0_DEFAULT,2048,2048,2048,16,7,1048576,37,0,595.648,0.000,0.000,0.000,PASS,0
PHASEB_formal_comm_C0_DEFAULT_N2048_q16_rep2,0,4,0,sm_89,COMM_ONLY,NCCL,C0_DEFAULT,2048,2048,2048,16,8,1048576,37,0,664.448,0.000,0.000,0.000,PASS,0
PHASEB_formal_comm_C0_DEFAULT_N2048_q16_rep2,0,4,0,sm_89,COMM_ONLY,NCCL,C0_DEFAULT,2048,2048,2048,16,9,1048576,37,0,733.504,0.000,0.000,0.000,PASS,0
PHASEB_formal_comm_C0_DEFAULT_N2048_q16_rep2,0,4,0,sm_89,COMM_ONLY,NCCL,C0_DEFAULT,2048,2048,2048,16,10,1048576,37,0,801.984,0.000,0.000,0.000,PASS,0
PHASEB_formal_comm_C0_DEFAULT_N2048_q16_rep2,0,4,0,sm_89,COMM_ONLY,NCCL,C0_DEFAULT,2048,2048,2048,16,11,1048576,37,0,871.584,0.000,0.000,0.000,PASS,0
PHASEB_formal_comm_C0_DEFAULT_N2048_q16_rep2,0,4,0,sm_89,COMM_ONLY,NCCL,C0_DEFAULT,2048,2048,2048,16,12,1048576,37,0,941.056,0.000,0.000,0.000,PASS,0
PHASEB_formal_comm_C0_DEFAULT_N2048_q16_rep2,0,4,0,sm_89,COMM_ONLY,NCCL,C0_DEFAULT,2048,2048,2048,16,13,1048576,37,0,1010.016,0.000,0.000,0.000,PASS,0
PHASEB_formal_comm_C0_DEFAULT_N2048_q16_rep2,0,4,0,sm_89,COMM_ONLY,NCCL,C0_DEFAULT,2048,2048,2048,16,14,1048576,37,0,1080.320,0.000,0.000,0.000,PASS,0
PHASEB_formal_comm_C0_DEFAULT_N2048_q16_rep2,0,4,0,sm_89,COMM_ONLY,NCCL,C0_DEFAULT,2048,2048,2048,16,15,1048576,37,0,1149.824,0.000,0.000,0.000,PASS,0
PHASEB_formal_comm_C0_DEFAULT_N2048_q16_rep2,0,4,0,sm_89,COMM_ONLY,NCCL,C0_DEFAULT,2048,2048,2048,16,0,1048576,38,0,100.544,0.000,0.000,0.000,PASS,0
PHASEB_formal_comm_C0_DEFAULT_N2048_q16_rep2,0,4,0,sm_89,COMM_ONLY,NCCL,C0_DEFAULT,2048,2048,2048,16,1,1048576,38,0,169.920,0.000,0.000,0.000,PASS,0
PHASEB_formal_comm_C0_DEFAULT_N2048_q16_rep2,0,4,0,sm_89,COMM_ONLY,NCCL,C0_DEFAULT,2048,2048,2048,16,2,1048576,38,0,240.800,0.000,0.000,0.000,PASS,0
PHASEB_formal_comm_C0_DEFAULT_N2048_q16_rep2,0,4,0,sm_89,COMM_ONLY,NCCL,C0_DEFAULT,2048,2048,2048,16,3,1048576,38,0,311.936,0.000,0.000,0.000,PASS,0
PHASEB_formal_comm_C0_DEFAULT_N2048_q16_rep2,0,4,0,sm_89,COMM_ONLY,NCCL,C0_DEFAULT,2048,2048,2048,16,4,1048576,38,0,380.928,0.000,0.000,0.000,PASS,0
PHASEB_formal_comm_C0_DEFAULT_N2048_q16_rep2,0,4,0,sm_89,COMM_ONLY,NCCL,C0_DEFAULT,2048,2048,2048,16,5,1048576,38,0,451.008,0.000,0.000,0.000,PASS,0
PHASEB_formal_comm_C0_DEFAULT_N2048_q16_rep2,0,4,0,sm_89,COMM_ONLY,NCCL,C0_DEFAULT,2048,2048,2048,16,6,1048576,38,0,518.848,0.000,0.000,0.000,PASS,0
PHASEB_formal_comm_C0_DEFAULT_N2048_q16_rep2,0,4,0,sm_89,COMM_ONLY,NCCL,C0_DEFAULT,2048,2048,2048,16,7,1048576,38,0,588.256,0.000,0.000,0.000,PASS,0
PHASEB_formal_comm_C0_DEFAULT_N2048_q16_rep2,0,4,0,sm_89,COMM_ONLY,NCCL,C0_DEFAULT,2048,2048,2048,16,8,1048576,38,0,657.088,0.000,0.000,0.000,PASS,0
PHASEB_formal_comm_C0_DEFAULT_N2048_q16_rep2,0,4,0,sm_89,COMM_ONLY,NCCL,C0_DEFAULT,2048,2048,2048,16,9,1048576,38,0,726.496,0.000,0.000,0.000,PASS,0
PHASEB_formal_comm_C0_DEFAULT_N2048_q16_rep2,0,4,0,sm_89,COMM_ONLY,NCCL,C0_DEFAULT,2048,2048,2048,16,10,1048576,38,0,795.360,0.000,0.000,0.000,PASS,0
PHASEB_formal_comm_C0_DEFAULT_N2048_q16_rep2,0,4,0,sm_89,COMM_ONLY,NCCL,C0_DEFAULT,2048,2048,2048,16,11,1048576,38,0,865.696,0.000,0.000,0.000,PASS,0
PHASEB_formal_comm_C0_DEFAULT_N2048_q16_rep2,0,4,0,sm_89,COMM_ONLY,NCCL,C0_DEFAULT,2048,2048,2048,16,12,1048576,38,0,934.304,0.000,0.000,0.000,PASS,0
PHASEB_formal_comm_C0_DEFAULT_N2048_q16_rep2,0,4,0,sm_89,COMM_ONLY,NCCL,C0_DEFAULT,2048,2048,2048,16,13,1048576,38,0,1003.872,0.000,0.000,0.000,PASS,0
PHASEB_formal_comm_C0_DEFAULT_N2048_q16_rep2,0,4,0,sm_89,COMM_ONLY,NCCL,C0_DEFAULT,2048,2048,2048,16,14,1048576,38,0,1084.544,0.000,0.000,0.000,PASS,0
PHASEB_formal_comm_C0_DEFAULT_N2048_q16_rep2,0,4,0,sm_89,COMM_ONLY,NCCL,C0_DEFAULT,2048,2048,2048,16,15,1048576,38,0,1169.440,0.000,0.000,0.000,PASS,0
PHASEB_formal_comm_C0_DEFAULT_N2048_q16_rep2,0,4,0,sm_89,COMM_ONLY,NCCL,C0_DEFAULT,2048,2048,2048,16,0,1048576,39,0,112.608,0.000,0.000,0.000,PASS,0
PHASEB_formal_comm_C0_DEFAULT_N2048_q16_rep2,0,4,0,sm_89,COMM_ONLY,NCCL,C0_DEFAULT,2048,2048,2048,16,1,1048576,39,0,184.704,0.000,0.000,0.000,PASS,0
PHASEB_formal_comm_C0_DEFAULT_N2048_q16_rep2,0,4,0,sm_89,COMM_ONLY,NCCL,C0_DEFAULT,2048,2048,2048,16,2,1048576,39,0,252.512,0.000,0.000,0.000,PASS,0
PHASEB_formal_comm_C0_DEFAULT_N2048_q16_rep2,0,4,0,sm_89,COMM_ONLY,NCCL,C0_DEFAULT,2048,2048,2048,16,3,1048576,39,0,321.952,0.000,0.000,0.000,PASS,0
PHASEB_formal_comm_C0_DEFAULT_N2048_q16_rep2,0,4,0,sm_89,COMM_ONLY,NCCL,C0_DEFAULT,2048,2048,2048,16,4,1048576,39,0,403.168,0.000,0.000,0.000,PASS,0
PHASEB_formal_comm_C0_DEFAULT_N2048_q16_rep2,0,4,0,sm_89,COMM_ONLY,NCCL,C0_DEFAULT,2048,2048,2048,16,5,1048576,39,0,481.312,0.000,0.000,0.000,PASS,0
PHASEB_formal_comm_C0_DEFAULT_N2048_q16_rep2,0,4,0,sm_89,COMM_ONLY,NCCL,C0_DEFAULT,2048,2048,2048,16,6,1048576,39,0,550.976,0.000,0.000,0.000,PASS,0
PHASEB_formal_comm_C0_DEFAULT_N2048_q16_rep2,0,4,0,sm_89,COMM_ONLY,NCCL,C0_DEFAULT,2048,2048,2048,16,7,1048576,39,0,622.400,0.000,0.000,0.000,PASS,0
PHASEB_formal_comm_C0_DEFAULT_N2048_q16_rep2,0,4,0,sm_89,COMM_ONLY,NCCL,C0_DEFAULT,2048,2048,2048,16,8,1048576,39,0,691.488,0.000,0.000,0.000,PASS,0
PHASEB_formal_comm_C0_DEFAULT_N2048_q16_rep2,0,4,0,sm_89,COMM_ONLY,NCCL,C0_DEFAULT,2048,2048,2048,16,9,1048576,39,0,761.120,0.000,0.000,0.000,PASS,0
PHASEB_formal_comm_C0_DEFAULT_N2048_q16_rep2,0,4,0,sm_89,COMM_ONLY,NCCL,C0_DEFAULT,2048,2048,2048,16,10,1048576,39,0,830.080,0.000,0.000,0.000,PASS,0
PHASEB_formal_comm_C0_DEFAULT_N2048_q16_rep2,0,4,0,sm_89,COMM_ONLY,NCCL,C0_DEFAULT,2048,2048,2048,16,11,1048576,39,0,902.656,0.000,0.000,0.000,PASS,0
PHASEB_formal_comm_C0_DEFAULT_N2048_q16_rep2,0,4,0,sm_89,COMM_ONLY,NCCL,C0_DEFAULT,2048,2048,2048,16,12,1048576,39,0,971.392,0.000,0.000,0.000,PASS,0
PHASEB_formal_comm_C0_DEFAULT_N2048_q16_rep2,0,4,0,sm_89,COMM_ONLY,NCCL,C0_DEFAULT,2048,2048,2048,16,13,1048576,39,0,1041.280,0.000,0.000,0.000,PASS,0
PHASEB_formal_comm_C0_DEFAULT_N2048_q16_rep2,0,4,0,sm_89,COMM_ONLY,NCCL,C0_DEFAULT,2048,2048,2048,16,14,1048576,39,0,1110.496,0.000,0.000,0.000,PASS,0
PHASEB_formal_comm_C0_DEFAULT_N2048_q16_rep2,0,4,0,sm_89,COMM_ONLY,NCCL,C0_DEFAULT,2048,2048,2048,16,15,1048576,39,0,1180.256,0.000,0.000,0.000,PASS,0
PHASEB_formal_comm_C0_DEFAULT_N2048_q16_rep2,0,4,0,sm_89,COMM_ONLY,NCCL,C0_DEFAULT,2048,2048,2048,16,0,1048576,40,0,112.896,0.000,0.000,0.000,PASS,0
PHASEB_formal_comm_C0_DEFAULT_N2048_q16_rep2,0,4,0,sm_89,COMM_ONLY,NCCL,C0_DEFAULT,2048,2048,2048,16,1,1048576,40,0,192.576,0.000,0.000,0.000,PASS,0
PHASEB_formal_comm_C0_DEFAULT_N2048_q16_rep2,0,4,0,sm_89,COMM_ONLY,NCCL,C0_DEFAULT,2048,2048,2048,16,2,1048576,40,0,262.464,0.000,0.000,0.000,PASS,0
PHASEB_formal_comm_C0_DEFAULT_N2048_q16_rep2,0,4,0,sm_89,COMM_ONLY,NCCL,C0_DEFAULT,2048,2048,2048,16,3,1048576,40,0,334.560,0.000,0.000,0.000,PASS,0
PHASEB_formal_comm_C0_DEFAULT_N2048_q16_rep2,0,4,0,sm_89,COMM_ONLY,NCCL,C0_DEFAULT,2048,2048,2048,16,4,1048576,40,0,403.712,0.000,0.000,0.000,PASS,0
PHASEB_formal_comm_C0_DEFAULT_N2048_q16_rep2,0,4,0,sm_89,COMM_ONLY,NCCL,C0_DEFAULT,2048,2048,2048,16,5,1048576,40,0,516.864,0.000,0.000,0.000,PASS,0
PHASEB_formal_comm_C0_DEFAULT_N2048_q16_rep2,0,4,0,sm_89,COMM_ONLY,NCCL,C0_DEFAULT,2048,2048,2048,16,6,1048576,40,0,585.440,0.000,0.000,0.000,PASS,0
PHASEB_formal_comm_C0_DEFAULT_N2048_q16_rep2,0,4,0,sm_89,COMM_ONLY,NCCL,C0_DEFAULT,2048,2048,2048,16,7,1048576,40,0,653.184,0.000,0.000,0.000,PASS,0
PHASEB_formal_comm_C0_DEFAULT_N2048_q16_rep2,0,4,0,sm_89,COMM_ONLY,NCCL,C0_DEFAULT,2048,2048,2048,16,8,1048576,40,0,732.640,0.000,0.000,0.000,PASS,0
PHASEB_formal_comm_C0_DEFAULT_N2048_q16_rep2,0,4,0,sm_89,COMM_ONLY,NCCL,C0_DEFAULT,2048,2048,2048,16,9,1048576,40,0,801.280,0.000,0.000,0.000,PASS,0
PHASEB_formal_comm_C0_DEFAULT_N2048_q16_rep2,0,4,0,sm_89,COMM_ONLY,NCCL,C0_DEFAULT,2048,2048,2048,16,10,1048576,40,0,874.400,0.000,0.000,0.000,PASS,0
PHASEB_formal_comm_C0_DEFAULT_N2048_q16_rep2,0,4,0,sm_89,COMM_ONLY,NCCL,C0_DEFAULT,2048,2048,2048,16,11,1048576,40,0,944.544,0.000,0.000,0.000,PASS,0
PHASEB_formal_comm_C0_DEFAULT_N2048_q16_rep2,0,4,0,sm_89,COMM_ONLY,NCCL,C0_DEFAULT,2048,2048,2048,16,12,1048576,40,0,1022.688,0.000,0.000,0.000,PASS,0
PHASEB_formal_comm_C0_DEFAULT_N2048_q16_rep2,0,4,0,sm_89,COMM_ONLY,NCCL,C0_DEFAULT,2048,2048,2048,16,13,1048576,40,0,1091.840,0.000,0.000,0.000,PASS,0
PHASEB_formal_comm_C0_DEFAULT_N2048_q16_rep2,0,4,0,sm_89,COMM_ONLY,NCCL,C0_DEFAULT,2048,2048,2048,16,14,1048576,40,0,1160.448,0.000,0.000,0.000,PASS,0
PHASEB_formal_comm_C0_DEFAULT_N2048_q16_rep2,0,4,0,sm_89,COMM_ONLY,NCCL,C0_DEFAULT,2048,2048,2048,16,15,1048576,40,0,1232.000,0.000,0.000,0.000,PASS,0
PHASEB_formal_comm_C0_DEFAULT_N2048_q16_rep2,0,4,0,sm_89,COMM_ONLY,NCCL,C0_DEFAULT,2048,2048,2048,16,0,1048576,41,0,111.392,0.000,0.000,0.000,PASS,0
PHASEB_formal_comm_C0_DEFAULT_N2048_q16_rep2,0,4,0,sm_89,COMM_ONLY,NCCL,C0_DEFAULT,2048,2048,2048,16,1,1048576,41,0,182.208,0.000,0.000,0.000,PASS,0
PHASEB_formal_comm_C0_DEFAULT_N2048_q16_rep2,0,4,0,sm_89,COMM_ONLY,NCCL,C0_DEFAULT,2048,2048,2048,16,2,1048576,41,0,262.976,0.000,0.000,0.000,PASS,0
PHASEB_formal_comm_C0_DEFAULT_N2048_q16_rep2,0,4,0,sm_89,COMM_ONLY,NCCL,C0_DEFAULT,2048,2048,2048,16,3,1048576,41,0,337.536,0.000,0.000,0.000,PASS,0
PHASEB_formal_comm_C0_DEFAULT_N2048_q16_rep2,0,4,0,sm_89,COMM_ONLY,NCCL,C0_DEFAULT,2048,2048,2048,16,4,1048576,41,0,406.496,0.000,0.000,0.000,PASS,0
PHASEB_formal_comm_C0_DEFAULT_N2048_q16_rep2,0,4,0,sm_89,COMM_ONLY,NCCL,C0_DEFAULT,2048,2048,2048,16,5,1048576,41,0,475.552,0.000,0.000,0.000,PASS,0
PHASEB_formal_comm_C0_DEFAULT_N2048_q16_rep2,0,4,0,sm_89,COMM_ONLY,NCCL,C0_DEFAULT,2048,2048,2048,16,6,1048576,41,0,543.936,0.000,0.000,0.000,PASS,0
PHASEB_formal_comm_C0_DEFAULT_N2048_q16_rep2,0,4,0,sm_89,COMM_ONLY,NCCL,C0_DEFAULT,2048,2048,2048,16,7,1048576,41,0,627.488,0.000,0.000,0.000,PASS,0
PHASEB_formal_comm_C0_DEFAULT_N2048_q16_rep2,0,4,0,sm_89,COMM_ONLY,NCCL,C0_DEFAULT,2048,2048,2048,16,8,1048576,41,0,695.840,0.000,0.000,0.000,PASS,0
PHASEB_formal_comm_C0_DEFAULT_N2048_q16_rep2,0,4,0,sm_89,COMM_ONLY,NCCL,C0_DEFAULT,2048,2048,2048,16,9,1048576,41,0,769.280,0.000,0.000,0.000,PASS,0
PHASEB_formal_comm_C0_DEFAULT_N2048_q16_rep2,0,4,0,sm_89,COMM_ONLY,NCCL,C0_DEFAULT,2048,2048,2048,16,10,1048576,41,0,837.760,0.000,0.000,0.000,PASS,0
PHASEB_formal_comm_C0_DEFAULT_N2048_q16_rep2,0,4,0,sm_89,COMM_ONLY,NCCL,C0_DEFAULT,2048,2048,2048,16,11,1048576,41,0,906.880,0.000,0.000,0.000,PASS,0
PHASEB_formal_comm_C0_DEFAULT_N2048_q16_rep2,0,4,0,sm_89,COMM_ONLY,NCCL,C0_DEFAULT,2048,2048,2048,16,12,1048576,41,0,978.016,0.000,0.000,0.000,PASS,0
PHASEB_formal_comm_C0_DEFAULT_N2048_q16_rep2,0,4,0,sm_89,COMM_ONLY,NCCL,C0_DEFAULT,2048,2048,2048,16,13,1048576,41,0,1060.960,0.000,0.000,0.000,PASS,0
PHASEB_formal_comm_C0_DEFAULT_N2048_q16_rep2,0,4,0,sm_89,COMM_ONLY,NCCL,C0_DEFAULT,2048,2048,2048,16,14,1048576,41,0,1155.072,0.000,0.000,0.000,PASS,0
PHASEB_formal_comm_C0_DEFAULT_N2048_q16_rep2,0,4,0,sm_89,COMM_ONLY,NCCL,C0_DEFAULT,2048,2048,2048,16,15,1048576,41,0,1225.984,0.000,0.000,0.000,PASS,0
PHASEB_formal_comm_C0_DEFAULT_N2048_q16_rep2,0,4,0,sm_89,COMM_ONLY,NCCL,C0_DEFAULT,2048,2048,2048,16,0,1048576,42,0,102.368,0.000,0.000,0.000,PASS,0
PHASEB_formal_comm_C0_DEFAULT_N2048_q16_rep2,0,4,0,sm_89,COMM_ONLY,NCCL,C0_DEFAULT,2048,2048,2048,16,1,1048576,42,0,175.232,0.000,0.000,0.000,PASS,0
PHASEB_formal_comm_C0_DEFAULT_N2048_q16_rep2,0,4,0,sm_89,COMM_ONLY,NCCL,C0_DEFAULT,2048,2048,2048,16,2,1048576,42,0,243.200,0.000,0.000,0.000,PASS,0
PHASEB_formal_comm_C0_DEFAULT_N2048_q16_rep2,0,4,0,sm_89,COMM_ONLY,NCCL,C0_DEFAULT,2048,2048,2048,16,3,1048576,42,0,313.984,0.000,0.000,0.000,PASS,0
PHASEB_formal_comm_C0_DEFAULT_N2048_q16_rep2,0,4,0,sm_89,COMM_ONLY,NCCL,C0_DEFAULT,2048,2048,2048,16,4,1048576,42,0,383.168,0.000,0.000,0.000,PASS,0
PHASEB_formal_comm_C0_DEFAULT_N2048_q16_rep2,0,4,0,sm_89,COMM_ONLY,NCCL,C0_DEFAULT,2048,2048,2048,16,5,1048576,42,0,450.848,0.000,0.000,0.000,PASS,0
PHASEB_formal_comm_C0_DEFAULT_N2048_q16_rep2,0,4,0,sm_89,COMM_ONLY,NCCL,C0_DEFAULT,2048,2048,2048,16,6,1048576,42,0,536.416,0.000,0.000,0.000,PASS,0
PHASEB_formal_comm_C0_DEFAULT_N2048_q16_rep2,0,4,0,sm_89,COMM_ONLY,NCCL,C0_DEFAULT,2048,2048,2048,16,7,1048576,42,0,603.552,0.000,0.000,0.000,PASS,0
PHASEB_formal_comm_C0_DEFAULT_N2048_q16_rep2,0,4,0,sm_89,COMM_ONLY,NCCL,C0_DEFAULT,2048,2048,2048,16,8,1048576,42,0,672.448,0.000,0.000,0.000,PASS,0
PHASEB_formal_comm_C0_DEFAULT_N2048_q16_rep2,0,4,0,sm_89,COMM_ONLY,NCCL,C0_DEFAULT,2048,2048,2048,16,9,1048576,42,0,740.704,0.000,0.000,0.000,PASS,0
PHASEB_formal_comm_C0_DEFAULT_N2048_q16_rep2,0,4,0,sm_89,COMM_ONLY,NCCL,C0_DEFAULT,2048,2048,2048,16,10,1048576,42,0,810.400,0.000,0.000,0.000,PASS,0
PHASEB_formal_comm_C0_DEFAULT_N2048_q16_rep2,0,4,0,sm_89,COMM_ONLY,NCCL,C0_DEFAULT,2048,2048,2048,16,11,1048576,42,0,880.128,0.000,0.000,0.000,PASS,0
PHASEB_formal_comm_C0_DEFAULT_N2048_q16_rep2,0,4,0,sm_89,COMM_ONLY,NCCL,C0_DEFAULT,2048,2048,2048,16,12,1048576,42,0,969.600,0.000,0.000,0.000,PASS,0
PHASEB_formal_comm_C0_DEFAULT_N2048_q16_rep2,0,4,0,sm_89,COMM_ONLY,NCCL,C0_DEFAULT,2048,2048,2048,16,13,1048576,42,0,1038.080,0.000,0.000,0.000,PASS,0
PHASEB_formal_comm_C0_DEFAULT_N2048_q16_rep2,0,4,0,sm_89,COMM_ONLY,NCCL,C0_DEFAULT,2048,2048,2048,16,14,1048576,42,0,1107.840,0.000,0.000,0.000,PASS,0
PHASEB_formal_comm_C0_DEFAULT_N2048_q16_rep2,0,4,0,sm_89,COMM_ONLY,NCCL,C0_DEFAULT,2048,2048,2048,16,15,1048576,42,0,1177.120,0.000,0.000,0.000,PASS,0
PHASEB_formal_comm_C0_DEFAULT_N2048_q16_rep2,0,4,0,sm_89,COMM_ONLY,NCCL,C0_DEFAULT,2048,2048,2048,16,0,1048576,43,0,102.816,0.000,0.000,0.000,PASS,0
PHASEB_formal_comm_C0_DEFAULT_N2048_q16_rep2,0,4,0,sm_89,COMM_ONLY,NCCL,C0_DEFAULT,2048,2048,2048,16,1,1048576,43,0,172.640,0.000,0.000,0.000,PASS,0
PHASEB_formal_comm_C0_DEFAULT_N2048_q16_rep2,0,4,0,sm_89,COMM_ONLY,NCCL,C0_DEFAULT,2048,2048,2048,16,2,1048576,43,0,251.264,0.000,0.000,0.000,PASS,0
PHASEB_formal_comm_C0_DEFAULT_N2048_q16_rep2,0,4,0,sm_89,COMM_ONLY,NCCL,C0_DEFAULT,2048,2048,2048,16,3,1048576,43,0,334.432,0.000,0.000,0.000,PASS,0
PHASEB_formal_comm_C0_DEFAULT_N2048_q16_rep2,0,4,0,sm_89,COMM_ONLY,NCCL,C0_DEFAULT,2048,2048,2048,16,4,1048576,43,0,415.744,0.000,0.000,0.000,PASS,0
PHASEB_formal_comm_C0_DEFAULT_N2048_q16_rep2,0,4,0,sm_89,COMM_ONLY,NCCL,C0_DEFAULT,2048,2048,2048,16,5,1048576,43,0,489.728,0.000,0.000,0.000,PASS,0
PHASEB_formal_comm_C0_DEFAULT_N2048_q16_rep2,0,4,0,sm_89,COMM_ONLY,NCCL,C0_DEFAULT,2048,2048,2048,16,6,1048576,43,0,559.200,0.000,0.000,0.000,PASS,0
PHASEB_formal_comm_C0_DEFAULT_N2048_q16_rep2,0,4,0,sm_89,COMM_ONLY,NCCL,C0_DEFAULT,2048,2048,2048,16,7,1048576,43,0,626.912,0.000,0.000,0.000,PASS,0
PHASEB_formal_comm_C0_DEFAULT_N2048_q16_rep2,0,4,0,sm_89,COMM_ONLY,NCCL,C0_DEFAULT,2048,2048,2048,16,8,1048576,43,0,696.224,0.000,0.000,0.000,PASS,0
PHASEB_formal_comm_C0_DEFAULT_N2048_q16_rep2,0,4,0,sm_89,COMM_ONLY,NCCL,C0_DEFAULT,2048,2048,2048,16,9,1048576,43,0,766.368,0.000,0.000,0.000,PASS,0
PHASEB_formal_comm_C0_DEFAULT_N2048_q16_rep2,0,4,0,sm_89,COMM_ONLY,NCCL,C0_DEFAULT,2048,2048,2048,16,10,1048576,43,0,836.032,0.000,0.000,0.000,PASS,0
PHASEB_formal_comm_C0_DEFAULT_N2048_q16_rep2,0,4,0,sm_89,COMM_ONLY,NCCL,C0_DEFAULT,2048,2048,2048,16,11,1048576,43,0,907.552,0.000,0.000,0.000,PASS,0
PHASEB_formal_comm_C0_DEFAULT_N2048_q16_rep2,0,4,0,sm_89,COMM_ONLY,NCCL,C0_DEFAULT,2048,2048,2048,16,12,1048576,43,0,988.288,0.000,0.000,0.000,PASS,0
PHASEB_formal_comm_C0_DEFAULT_N2048_q16_rep2,0,4,0,sm_89,COMM_ONLY,NCCL,C0_DEFAULT,2048,2048,2048,16,13,1048576,43,0,1057.376,0.000,0.000,0.000,PASS,0
PHASEB_formal_comm_C0_DEFAULT_N2048_q16_rep2,0,4,0,sm_89,COMM_ONLY,NCCL,C0_DEFAULT,2048,2048,2048,16,14,1048576,43,0,1128.640,0.000,0.000,0.000,PASS,0
PHASEB_formal_comm_C0_DEFAULT_N2048_q16_rep2,0,4,0,sm_89,COMM_ONLY,NCCL,C0_DEFAULT,2048,2048,2048,16,15,1048576,43,0,1198.464,0.000,0.000,0.000,PASS,0
PHASEB_formal_comm_C0_DEFAULT_N2048_q16_rep2,0,4,0,sm_89,COMM_ONLY,NCCL,C0_DEFAULT,2048,2048,2048,16,0,1048576,44,0,100.864,0.000,0.000,0.000,PASS,0
PHASEB_formal_comm_C0_DEFAULT_N2048_q16_rep2,0,4,0,sm_89,COMM_ONLY,NCCL,C0_DEFAULT,2048,2048,2048,16,1,1048576,44,0,171.328,0.000,0.000,0.000,PASS,0
PHASEB_formal_comm_C0_DEFAULT_N2048_q16_rep2,0,4,0,sm_89,COMM_ONLY,NCCL,C0_DEFAULT,2048,2048,2048,16,2,1048576,44,0,249.888,0.000,0.000,0.000,PASS,0
PHASEB_formal_comm_C0_DEFAULT_N2048_q16_rep2,0,4,0,sm_89,COMM_ONLY,NCCL,C0_DEFAULT,2048,2048,2048,16,3,1048576,44,0,319.392,0.000,0.000,0.000,PASS,0
PHASEB_formal_comm_C0_DEFAULT_N2048_q16_rep2,0,4,0,sm_89,COMM_ONLY,NCCL,C0_DEFAULT,2048,2048,2048,16,4,1048576,44,0,401.216,0.000,0.000,0.000,PASS,0
PHASEB_formal_comm_C0_DEFAULT_N2048_q16_rep2,0,4,0,sm_89,COMM_ONLY,NCCL,C0_DEFAULT,2048,2048,2048,16,5,1048576,44,0,468.896,0.000,0.000,0.000,PASS,0
PHASEB_formal_comm_C0_DEFAULT_N2048_q16_rep2,0,4,0,sm_89,COMM_ONLY,NCCL,C0_DEFAULT,2048,2048,2048,16,6,1048576,44,0,538.784,0.000,0.000,0.000,PASS,0
PHASEB_formal_comm_C0_DEFAULT_N2048_q16_rep2,0,4,0,sm_89,COMM_ONLY,NCCL,C0_DEFAULT,2048,2048,2048,16,7,1048576,44,0,606.912,0.000,0.000,0.000,PASS,0
PHASEB_formal_comm_C0_DEFAULT_N2048_q16_rep2,0,4,0,sm_89,COMM_ONLY,NCCL,C0_DEFAULT,2048,2048,2048,16,8,1048576,44,0,674.560,0.000,0.000,0.000,PASS,0
PHASEB_formal_comm_C0_DEFAULT_N2048_q16_rep2,0,4,0,sm_89,COMM_ONLY,NCCL,C0_DEFAULT,2048,2048,2048,16,9,1048576,44,0,743.808,0.000,0.000,0.000,PASS,0
PHASEB_formal_comm_C0_DEFAULT_N2048_q16_rep2,0,4,0,sm_89,COMM_ONLY,NCCL,C0_DEFAULT,2048,2048,2048,16,10,1048576,44,0,812.640,0.000,0.000,0.000,PASS,0
PHASEB_formal_comm_C0_DEFAULT_N2048_q16_rep2,0,4,0,sm_89,COMM_ONLY,NCCL,C0_DEFAULT,2048,2048,2048,16,11,1048576,44,0,885.632,0.000,0.000,0.000,PASS,0
PHASEB_formal_comm_C0_DEFAULT_N2048_q16_rep2,0,4,0,sm_89,COMM_ONLY,NCCL,C0_DEFAULT,2048,2048,2048,16,12,1048576,44,0,954.944,0.000,0.000,0.000,PASS,0
PHASEB_formal_comm_C0_DEFAULT_N2048_q16_rep2,0,4,0,sm_89,COMM_ONLY,NCCL,C0_DEFAULT,2048,2048,2048,16,13,1048576,44,0,1025.024,0.000,0.000,0.000,PASS,0
PHASEB_formal_comm_C0_DEFAULT_N2048_q16_rep2,0,4,0,sm_89,COMM_ONLY,NCCL,C0_DEFAULT,2048,2048,2048,16,14,1048576,44,0,1108.000,0.000,0.000,0.000,PASS,0
PHASEB_formal_comm_C0_DEFAULT_N2048_q16_rep2,0,4,0,sm_89,COMM_ONLY,NCCL,C0_DEFAULT,2048,2048,2048,16,15,1048576,44,0,1177.120,0.000,0.000,0.000,PASS,0
PHASEB_formal_comm_C0_DEFAULT_N2048_q16_rep2,0,4,0,sm_89,COMM_ONLY,NCCL,C0_DEFAULT,2048,2048,2048,16,0,1048576,45,0,100.480,0.000,0.000,0.000,PASS,0
PHASEB_formal_comm_C0_DEFAULT_N2048_q16_rep2,0,4,0,sm_89,COMM_ONLY,NCCL,C0_DEFAULT,2048,2048,2048,16,1,1048576,45,0,171.168,0.000,0.000,0.000,PASS,0
PHASEB_formal_comm_C0_DEFAULT_N2048_q16_rep2,0,4,0,sm_89,COMM_ONLY,NCCL,C0_DEFAULT,2048,2048,2048,16,2,1048576,45,0,239.424,0.000,0.000,0.000,PASS,0
PHASEB_formal_comm_C0_DEFAULT_N2048_q16_rep2,0,4,0,sm_89,COMM_ONLY,NCCL,C0_DEFAULT,2048,2048,2048,16,3,1048576,45,0,319.104,0.000,0.000,0.000,PASS,0
PHASEB_formal_comm_C0_DEFAULT_N2048_q16_rep2,0,4,0,sm_89,COMM_ONLY,NCCL,C0_DEFAULT,2048,2048,2048,16,4,1048576,45,0,388.096,0.000,0.000,0.000,PASS,0
PHASEB_formal_comm_C0_DEFAULT_N2048_q16_rep2,0,4,0,sm_89,COMM_ONLY,NCCL,C0_DEFAULT,2048,2048,2048,16,5,1048576,45,0,456.736,0.000,0.000,0.000,PASS,0
PHASEB_formal_comm_C0_DEFAULT_N2048_q16_rep2,0,4,0,sm_89,COMM_ONLY,NCCL,C0_DEFAULT,2048,2048,2048,16,6,1048576,45,0,526.912,0.000,0.000,0.000,PASS,0
PHASEB_formal_comm_C0_DEFAULT_N2048_q16_rep2,0,4,0,sm_89,COMM_ONLY,NCCL,C0_DEFAULT,2048,2048,2048,16,7,1048576,45,0,605.760,0.000,0.000,0.000,PASS,0
PHASEB_formal_comm_C0_DEFAULT_N2048_q16_rep2,0,4,0,sm_89,COMM_ONLY,NCCL,C0_DEFAULT,2048,2048,2048,16,8,1048576,45,0,674.304,0.000,0.000,0.000,PASS,0
PHASEB_formal_comm_C0_DEFAULT_N2048_q16_rep2,0,4,0,sm_89,COMM_ONLY,NCCL,C0_DEFAULT,2048,2048,2048,16,9,1048576,45,0,753.568,0.000,0.000,0.000,PASS,0
PHASEB_formal_comm_C0_DEFAULT_N2048_q16_rep2,0,4,0,sm_89,COMM_ONLY,NCCL,C0_DEFAULT,2048,2048,2048,16,10,1048576,45,0,823.424,0.000,0.000,0.000,PASS,0
PHASEB_formal_comm_C0_DEFAULT_N2048_q16_rep2,0,4,0,sm_89,COMM_ONLY,NCCL,C0_DEFAULT,2048,2048,2048,16,11,1048576,45,0,893.056,0.000,0.000,0.000,PASS,0
PHASEB_formal_comm_C0_DEFAULT_N2048_q16_rep2,0,4,0,sm_89,COMM_ONLY,NCCL,C0_DEFAULT,2048,2048,2048,16,12,1048576,45,0,963.680,0.000,0.000,0.000,PASS,0
PHASEB_formal_comm_C0_DEFAULT_N2048_q16_rep2,0,4,0,sm_89,COMM_ONLY,NCCL,C0_DEFAULT,2048,2048,2048,16,13,1048576,45,0,1031.232,0.000,0.000,0.000,PASS,0
PHASEB_formal_comm_C0_DEFAULT_N2048_q16_rep2,0,4,0,sm_89,COMM_ONLY,NCCL,C0_DEFAULT,2048,2048,2048,16,14,1048576,45,0,1101.952,0.000,0.000,0.000,PASS,0
PHASEB_formal_comm_C0_DEFAULT_N2048_q16_rep2,0,4,0,sm_89,COMM_ONLY,NCCL,C0_DEFAULT,2048,2048,2048,16,15,1048576,45,0,1171.872,0.000,0.000,0.000,PASS,0
PHASEB_formal_comm_C0_DEFAULT_N2048_q16_rep2,0,4,0,sm_89,COMM_ONLY,NCCL,C0_DEFAULT,2048,2048,2048,16,0,1048576,46,0,100.992,0.000,0.000,0.000,PASS,0
PHASEB_formal_comm_C0_DEFAULT_N2048_q16_rep2,0,4,0,sm_89,COMM_ONLY,NCCL,C0_DEFAULT,2048,2048,2048,16,1,1048576,46,0,181.376,0.000,0.000,0.000,PASS,0
PHASEB_formal_comm_C0_DEFAULT_N2048_q16_rep2,0,4,0,sm_89,COMM_ONLY,NCCL,C0_DEFAULT,2048,2048,2048,16,2,1048576,46,0,248.192,0.000,0.000,0.000,PASS,0
PHASEB_formal_comm_C0_DEFAULT_N2048_q16_rep2,0,4,0,sm_89,COMM_ONLY,NCCL,C0_DEFAULT,2048,2048,2048,16,3,1048576,46,0,319.616,0.000,0.000,0.000,PASS,0
PHASEB_formal_comm_C0_DEFAULT_N2048_q16_rep2,0,4,0,sm_89,COMM_ONLY,NCCL,C0_DEFAULT,2048,2048,2048,16,4,1048576,46,0,388.672,0.000,0.000,0.000,PASS,0
PHASEB_formal_comm_C0_DEFAULT_N2048_q16_rep2,0,4,0,sm_89,COMM_ONLY,NCCL,C0_DEFAULT,2048,2048,2048,16,5,1048576,46,0,456.672,0.000,0.000,0.000,PASS,0
PHASEB_formal_comm_C0_DEFAULT_N2048_q16_rep2,0,4,0,sm_89,COMM_ONLY,NCCL,C0_DEFAULT,2048,2048,2048,16,6,1048576,46,0,526.368,0.000,0.000,0.000,PASS,0
PHASEB_formal_comm_C0_DEFAULT_N2048_q16_rep2,0,4,0,sm_89,COMM_ONLY,NCCL,C0_DEFAULT,2048,2048,2048,16,7,1048576,46,0,609.088,0.000,0.000,0.000,PASS,0
PHASEB_formal_comm_C0_DEFAULT_N2048_q16_rep2,0,4,0,sm_89,COMM_ONLY,NCCL,C0_DEFAULT,2048,2048,2048,16,8,1048576,46,0,677.888,0.000,0.000,0.000,PASS,0
PHASEB_formal_comm_C0_DEFAULT_N2048_q16_rep2,0,4,0,sm_89,COMM_ONLY,NCCL,C0_DEFAULT,2048,2048,2048,16,9,1048576,46,0,747.808,0.000,0.000,0.000,PASS,0
PHASEB_formal_comm_C0_DEFAULT_N2048_q16_rep2,0,4,0,sm_89,COMM_ONLY,NCCL,C0_DEFAULT,2048,2048,2048,16,10,1048576,46,0,818.592,0.000,0.000,0.000,PASS,0
PHASEB_formal_comm_C0_DEFAULT_N2048_q16_rep2,0,4,0,sm_89,COMM_ONLY,NCCL,C0_DEFAULT,2048,2048,2048,16,11,1048576,46,0,890.304,0.000,0.000,0.000,PASS,0
PHASEB_formal_comm_C0_DEFAULT_N2048_q16_rep2,0,4,0,sm_89,COMM_ONLY,NCCL,C0_DEFAULT,2048,2048,2048,16,12,1048576,46,0,960.000,0.000,0.000,0.000,PASS,0
PHASEB_formal_comm_C0_DEFAULT_N2048_q16_rep2,0,4,0,sm_89,COMM_ONLY,NCCL,C0_DEFAULT,2048,2048,2048,16,13,1048576,46,0,1032.224,0.000,0.000,0.000,PASS,0
PHASEB_formal_comm_C0_DEFAULT_N2048_q16_rep2,0,4,0,sm_89,COMM_ONLY,NCCL,C0_DEFAULT,2048,2048,2048,16,14,1048576,46,0,1102.272,0.000,0.000,0.000,PASS,0
PHASEB_formal_comm_C0_DEFAULT_N2048_q16_rep2,0,4,0,sm_89,COMM_ONLY,NCCL,C0_DEFAULT,2048,2048,2048,16,15,1048576,46,0,1173.056,0.000,0.000,0.000,PASS,0
PHASEB_formal_comm_C0_DEFAULT_N2048_q16_rep2,0,4,0,sm_89,COMM_ONLY,NCCL,C0_DEFAULT,2048,2048,2048,16,0,1048576,47,0,111.552,0.000,0.000,0.000,PASS,0
PHASEB_formal_comm_C0_DEFAULT_N2048_q16_rep2,0,4,0,sm_89,COMM_ONLY,NCCL,C0_DEFAULT,2048,2048,2048,16,1,1048576,47,0,180.256,0.000,0.000,0.000,PASS,0
PHASEB_formal_comm_C0_DEFAULT_N2048_q16_rep2,0,4,0,sm_89,COMM_ONLY,NCCL,C0_DEFAULT,2048,2048,2048,16,2,1048576,47,0,248.960,0.000,0.000,0.000,PASS,0
PHASEB_formal_comm_C0_DEFAULT_N2048_q16_rep2,0,4,0,sm_89,COMM_ONLY,NCCL,C0_DEFAULT,2048,2048,2048,16,3,1048576,47,0,319.136,0.000,0.000,0.000,PASS,0
PHASEB_formal_comm_C0_DEFAULT_N2048_q16_rep2,0,4,0,sm_89,COMM_ONLY,NCCL,C0_DEFAULT,2048,2048,2048,16,4,1048576,47,0,388.000,0.000,0.000,0.000,PASS,0
PHASEB_formal_comm_C0_DEFAULT_N2048_q16_rep2,0,4,0,sm_89,COMM_ONLY,NCCL,C0_DEFAULT,2048,2048,2048,16,5,1048576,47,0,456.768,0.000,0.000,0.000,PASS,0
PHASEB_formal_comm_C0_DEFAULT_N2048_q16_rep2,0,4,0,sm_89,COMM_ONLY,NCCL,C0_DEFAULT,2048,2048,2048,16,6,1048576,47,0,527.616,0.000,0.000,0.000,PASS,0
PHASEB_formal_comm_C0_DEFAULT_N2048_q16_rep2,0,4,0,sm_89,COMM_ONLY,NCCL,C0_DEFAULT,2048,2048,2048,16,7,1048576,47,0,597.120,0.000,0.000,0.000,PASS,0
PHASEB_formal_comm_C0_DEFAULT_N2048_q16_rep2,0,4,0,sm_89,COMM_ONLY,NCCL,C0_DEFAULT,2048,2048,2048,16,8,1048576,47,0,666.784,0.000,0.000,0.000,PASS,0
PHASEB_formal_comm_C0_DEFAULT_N2048_q16_rep2,0,4,0,sm_89,COMM_ONLY,NCCL,C0_DEFAULT,2048,2048,2048,16,9,1048576,47,0,735.968,0.000,0.000,0.000,PASS,0
PHASEB_formal_comm_C0_DEFAULT_N2048_q16_rep2,0,4,0,sm_89,COMM_ONLY,NCCL,C0_DEFAULT,2048,2048,2048,16,10,1048576,47,0,817.568,0.000,0.000,0.000,PASS,0
PHASEB_formal_comm_C0_DEFAULT_N2048_q16_rep2,0,4,0,sm_89,COMM_ONLY,NCCL,C0_DEFAULT,2048,2048,2048,16,11,1048576,47,0,903.168,0.000,0.000,0.000,PASS,0
PHASEB_formal_comm_C0_DEFAULT_N2048_q16_rep2,0,4,0,sm_89,COMM_ONLY,NCCL,C0_DEFAULT,2048,2048,2048,16,12,1048576,47,0,990.432,0.000,0.000,0.000,PASS,0
PHASEB_formal_comm_C0_DEFAULT_N2048_q16_rep2,0,4,0,sm_89,COMM_ONLY,NCCL,C0_DEFAULT,2048,2048,2048,16,13,1048576,47,0,1069.728,0.000,0.000,0.000,PASS,0
PHASEB_formal_comm_C0_DEFAULT_N2048_q16_rep2,0,4,0,sm_89,COMM_ONLY,NCCL,C0_DEFAULT,2048,2048,2048,16,14,1048576,47,0,1148.768,0.000,0.000,0.000,PASS,0
PHASEB_formal_comm_C0_DEFAULT_N2048_q16_rep2,0,4,0,sm_89,COMM_ONLY,NCCL,C0_DEFAULT,2048,2048,2048,16,15,1048576,47,0,1218.784,0.000,0.000,0.000,PASS,0
PHASEB_formal_comm_C0_DEFAULT_N2048_q16_rep2,0,4,0,sm_89,COMM_ONLY,NCCL,C0_DEFAULT,2048,2048,2048,16,0,1048576,48,0,101.120,0.000,0.000,0.000,PASS,0
PHASEB_formal_comm_C0_DEFAULT_N2048_q16_rep2,0,4,0,sm_89,COMM_ONLY,NCCL,C0_DEFAULT,2048,2048,2048,16,1,1048576,48,0,171.840,0.000,0.000,0.000,PASS,0
PHASEB_formal_comm_C0_DEFAULT_N2048_q16_rep2,0,4,0,sm_89,COMM_ONLY,NCCL,C0_DEFAULT,2048,2048,2048,16,2,1048576,48,0,239.456,0.000,0.000,0.000,PASS,0
PHASEB_formal_comm_C0_DEFAULT_N2048_q16_rep2,0,4,0,sm_89,COMM_ONLY,NCCL,C0_DEFAULT,2048,2048,2048,16,3,1048576,48,0,309.216,0.000,0.000,0.000,PASS,0
PHASEB_formal_comm_C0_DEFAULT_N2048_q16_rep2,0,4,0,sm_89,COMM_ONLY,NCCL,C0_DEFAULT,2048,2048,2048,16,4,1048576,48,0,378.240,0.000,0.000,0.000,PASS,0
PHASEB_formal_comm_C0_DEFAULT_N2048_q16_rep2,0,4,0,sm_89,COMM_ONLY,NCCL,C0_DEFAULT,2048,2048,2048,16,5,1048576,48,0,447.744,0.000,0.000,0.000,PASS,0
PHASEB_formal_comm_C0_DEFAULT_N2048_q16_rep2,0,4,0,sm_89,COMM_ONLY,NCCL,C0_DEFAULT,2048,2048,2048,16,6,1048576,48,0,516.032,0.000,0.000,0.000,PASS,0
PHASEB_formal_comm_C0_DEFAULT_N2048_q16_rep2,0,4,0,sm_89,COMM_ONLY,NCCL,C0_DEFAULT,2048,2048,2048,16,7,1048576,48,0,584.128,0.000,0.000,0.000,PASS,0
PHASEB_formal_comm_C0_DEFAULT_N2048_q16_rep2,0,4,0,sm_89,COMM_ONLY,NCCL,C0_DEFAULT,2048,2048,2048,16,8,1048576,48,0,654.016,0.000,0.000,0.000,PASS,0
PHASEB_formal_comm_C0_DEFAULT_N2048_q16_rep2,0,4,0,sm_89,COMM_ONLY,NCCL,C0_DEFAULT,2048,2048,2048,16,9,1048576,48,0,735.872,0.000,0.000,0.000,PASS,0
PHASEB_formal_comm_C0_DEFAULT_N2048_q16_rep2,0,4,0,sm_89,COMM_ONLY,NCCL,C0_DEFAULT,2048,2048,2048,16,10,1048576,48,0,805.888,0.000,0.000,0.000,PASS,0
PHASEB_formal_comm_C0_DEFAULT_N2048_q16_rep2,0,4,0,sm_89,COMM_ONLY,NCCL,C0_DEFAULT,2048,2048,2048,16,11,1048576,48,0,874.816,0.000,0.000,0.000,PASS,0
PHASEB_formal_comm_C0_DEFAULT_N2048_q16_rep2,0,4,0,sm_89,COMM_ONLY,NCCL,C0_DEFAULT,2048,2048,2048,16,12,1048576,48,0,944.544,0.000,0.000,0.000,PASS,0
PHASEB_formal_comm_C0_DEFAULT_N2048_q16_rep2,0,4,0,sm_89,COMM_ONLY,NCCL,C0_DEFAULT,2048,2048,2048,16,13,1048576,48,0,1017.920,0.000,0.000,0.000,PASS,0
PHASEB_formal_comm_C0_DEFAULT_N2048_q16_rep2,0,4,0,sm_89,COMM_ONLY,NCCL,C0_DEFAULT,2048,2048,2048,16,14,1048576,48,0,1086.912,0.000,0.000,0.000,PASS,0
PHASEB_formal_comm_C0_DEFAULT_N2048_q16_rep2,0,4,0,sm_89,COMM_ONLY,NCCL,C0_DEFAULT,2048,2048,2048,16,15,1048576,48,0,1155.808,0.000,0.000,0.000,PASS,0
PHASEB_formal_comm_C0_DEFAULT_N2048_q16_rep2,0,4,0,sm_89,COMM_ONLY,NCCL,C0_DEFAULT,2048,2048,2048,16,0,1048576,49,0,102.880,0.000,0.000,0.000,PASS,0
PHASEB_formal_comm_C0_DEFAULT_N2048_q16_rep2,0,4,0,sm_89,COMM_ONLY,NCCL,C0_DEFAULT,2048,2048,2048,16,1,1048576,49,0,173.376,0.000,0.000,0.000,PASS,0
PHASEB_formal_comm_C0_DEFAULT_N2048_q16_rep2,0,4,0,sm_89,COMM_ONLY,NCCL,C0_DEFAULT,2048,2048,2048,16,2,1048576,49,0,242.560,0.000,0.000,0.000,PASS,0
PHASEB_formal_comm_C0_DEFAULT_N2048_q16_rep2,0,4,0,sm_89,COMM_ONLY,NCCL,C0_DEFAULT,2048,2048,2048,16,3,1048576,49,0,312.064,0.000,0.000,0.000,PASS,0
PHASEB_formal_comm_C0_DEFAULT_N2048_q16_rep2,0,4,0,sm_89,COMM_ONLY,NCCL,C0_DEFAULT,2048,2048,2048,16,4,1048576,49,0,380.352,0.000,0.000,0.000,PASS,0
PHASEB_formal_comm_C0_DEFAULT_N2048_q16_rep2,0,4,0,sm_89,COMM_ONLY,NCCL,C0_DEFAULT,2048,2048,2048,16,5,1048576,49,0,460.864,0.000,0.000,0.000,PASS,0
PHASEB_formal_comm_C0_DEFAULT_N2048_q16_rep2,0,4,0,sm_89,COMM_ONLY,NCCL,C0_DEFAULT,2048,2048,2048,16,6,1048576,49,0,540.320,0.000,0.000,0.000,PASS,0
PHASEB_formal_comm_C0_DEFAULT_N2048_q16_rep2,0,4,0,sm_89,COMM_ONLY,NCCL,C0_DEFAULT,2048,2048,2048,16,7,1048576,49,0,611.264,0.000,0.000,0.000,PASS,0
PHASEB_formal_comm_C0_DEFAULT_N2048_q16_rep2,0,4,0,sm_89,COMM_ONLY,NCCL,C0_DEFAULT,2048,2048,2048,16,8,1048576,49,0,696.928,0.000,0.000,0.000,PASS,0
PHASEB_formal_comm_C0_DEFAULT_N2048_q16_rep2,0,4,0,sm_89,COMM_ONLY,NCCL,C0_DEFAULT,2048,2048,2048,16,9,1048576,49,0,766.048,0.000,0.000,0.000,PASS,0
PHASEB_formal_comm_C0_DEFAULT_N2048_q16_rep2,0,4,0,sm_89,COMM_ONLY,NCCL,C0_DEFAULT,2048,2048,2048,16,10,1048576,49,0,834.880,0.000,0.000,0.000,PASS,0
PHASEB_formal_comm_C0_DEFAULT_N2048_q16_rep2,0,4,0,sm_89,COMM_ONLY,NCCL,C0_DEFAULT,2048,2048,2048,16,11,1048576,49,0,903.200,0.000,0.000,0.000,PASS,0
PHASEB_formal_comm_C0_DEFAULT_N2048_q16_rep2,0,4,0,sm_89,COMM_ONLY,NCCL,C0_DEFAULT,2048,2048,2048,16,12,1048576,49,0,972.832,0.000,0.000,0.000,PASS,0
PHASEB_formal_comm_C0_DEFAULT_N2048_q16_rep2,0,4,0,sm_89,COMM_ONLY,NCCL,C0_DEFAULT,2048,2048,2048,16,13,1048576,49,0,1042.432,0.000,0.000,0.000,PASS,0
PHASEB_formal_comm_C0_DEFAULT_N2048_q16_rep2,0,4,0,sm_89,COMM_ONLY,NCCL,C0_DEFAULT,2048,2048,2048,16,14,1048576,49,0,1111.936,0.000,0.000,0.000,PASS,0
PHASEB_formal_comm_C0_DEFAULT_N2048_q16_rep2,0,4,0,sm_89,COMM_ONLY,NCCL,C0_DEFAULT,2048,2048,2048,16,15,1048576,49,0,1181.312,0.000,0.000,0.000,PASS,0
PHASEB_formal_comm_C0_DEFAULT_N2048_q16_rep2,0,4,0,sm_89,COMM_ONLY,NCCL,C0_DEFAULT,2048,2048,2048,16,0,1048576,50,0,100.288,0.000,0.000,0.000,PASS,0
PHASEB_formal_comm_C0_DEFAULT_N2048_q16_rep2,0,4,0,sm_89,COMM_ONLY,NCCL,C0_DEFAULT,2048,2048,2048,16,1,1048576,50,0,170.976,0.000,0.000,0.000,PASS,0
PHASEB_formal_comm_C0_DEFAULT_N2048_q16_rep2,0,4,0,sm_89,COMM_ONLY,NCCL,C0_DEFAULT,2048,2048,2048,16,2,1048576,50,0,242.016,0.000,0.000,0.000,PASS,0
PHASEB_formal_comm_C0_DEFAULT_N2048_q16_rep2,0,4,0,sm_89,COMM_ONLY,NCCL,C0_DEFAULT,2048,2048,2048,16,3,1048576,50,0,311.168,0.000,0.000,0.000,PASS,0
PHASEB_formal_comm_C0_DEFAULT_N2048_q16_rep2,0,4,0,sm_89,COMM_ONLY,NCCL,C0_DEFAULT,2048,2048,2048,16,4,1048576,50,0,380.672,0.000,0.000,0.000,PASS,0
PHASEB_formal_comm_C0_DEFAULT_N2048_q16_rep2,0,4,0,sm_89,COMM_ONLY,NCCL,C0_DEFAULT,2048,2048,2048,16,5,1048576,50,0,462.048,0.000,0.000,0.000,PASS,0
PHASEB_formal_comm_C0_DEFAULT_N2048_q16_rep2,0,4,0,sm_89,COMM_ONLY,NCCL,C0_DEFAULT,2048,2048,2048,16,6,1048576,50,0,541.344,0.000,0.000,0.000,PASS,0
PHASEB_formal_comm_C0_DEFAULT_N2048_q16_rep2,0,4,0,sm_89,COMM_ONLY,NCCL,C0_DEFAULT,2048,2048,2048,16,7,1048576,50,0,608.992,0.000,0.000,0.000,PASS,0
PHASEB_formal_comm_C0_DEFAULT_N2048_q16_rep2,0,4,0,sm_89,COMM_ONLY,NCCL,C0_DEFAULT,2048,2048,2048,16,8,1048576,50,0,679.008,0.000,0.000,0.000,PASS,0
PHASEB_formal_comm_C0_DEFAULT_N2048_q16_rep2,0,4,0,sm_89,COMM_ONLY,NCCL,C0_DEFAULT,2048,2048,2048,16,9,1048576,50,0,749.344,0.000,0.000,0.000,PASS,0
PHASEB_formal_comm_C0_DEFAULT_N2048_q16_rep2,0,4,0,sm_89,COMM_ONLY,NCCL,C0_DEFAULT,2048,2048,2048,16,10,1048576,50,0,828.608,0.000,0.000,0.000,PASS,0
PHASEB_formal_comm_C0_DEFAULT_N2048_q16_rep2,0,4,0,sm_89,COMM_ONLY,NCCL,C0_DEFAULT,2048,2048,2048,16,11,1048576,50,0,900.000,0.000,0.000,0.000,PASS,0
PHASEB_formal_comm_C0_DEFAULT_N2048_q16_rep2,0,4,0,sm_89,COMM_ONLY,NCCL,C0_DEFAULT,2048,2048,2048,16,12,1048576,50,0,969.760,0.000,0.000,0.000,PASS,0
PHASEB_formal_comm_C0_DEFAULT_N2048_q16_rep2,0,4,0,sm_89,COMM_ONLY,NCCL,C0_DEFAULT,2048,2048,2048,16,13,1048576,50,0,1039.072,0.000,0.000,0.000,PASS,0
PHASEB_formal_comm_C0_DEFAULT_N2048_q16_rep2,0,4,0,sm_89,COMM_ONLY,NCCL,C0_DEFAULT,2048,2048,2048,16,14,1048576,50,0,1106.976,0.000,0.000,0.000,PASS,0
PHASEB_formal_comm_C0_DEFAULT_N2048_q16_rep2,0,4,0,sm_89,COMM_ONLY,NCCL,C0_DEFAULT,2048,2048,2048,16,15,1048576,50,0,1177.856,0.000,0.000,0.000,PASS,0
PHASEB_formal_comm_C0_DEFAULT_N2048_q16_rep2,0,4,0,sm_89,COMM_ONLY,NCCL,C0_DEFAULT,2048,2048,2048,16,0,1048576,51,0,100.416,0.000,0.000,0.000,PASS,0
PHASEB_formal_comm_C0_DEFAULT_N2048_q16_rep2,0,4,0,sm_89,COMM_ONLY,NCCL,C0_DEFAULT,2048,2048,2048,16,1,1048576,51,0,180.768,0.000,0.000,0.000,PASS,0
PHASEB_formal_comm_C0_DEFAULT_N2048_q16_rep2,0,4,0,sm_89,COMM_ONLY,NCCL,C0_DEFAULT,2048,2048,2048,16,2,1048576,51,0,249.312,0.000,0.000,0.000,PASS,0
PHASEB_formal_comm_C0_DEFAULT_N2048_q16_rep2,0,4,0,sm_89,COMM_ONLY,NCCL,C0_DEFAULT,2048,2048,2048,16,3,1048576,51,0,319.648,0.000,0.000,0.000,PASS,0
PHASEB_formal_comm_C0_DEFAULT_N2048_q16_rep2,0,4,0,sm_89,COMM_ONLY,NCCL,C0_DEFAULT,2048,2048,2048,16,4,1048576,51,0,388.736,0.000,0.000,0.000,PASS,0
PHASEB_formal_comm_C0_DEFAULT_N2048_q16_rep2,0,4,0,sm_89,COMM_ONLY,NCCL,C0_DEFAULT,2048,2048,2048,16,5,1048576,51,0,456.000,0.000,0.000,0.000,PASS,0
PHASEB_formal_comm_C0_DEFAULT_N2048_q16_rep2,0,4,0,sm_89,COMM_ONLY,NCCL,C0_DEFAULT,2048,2048,2048,16,6,1048576,51,0,537.024,0.000,0.000,0.000,PASS,0
PHASEB_formal_comm_C0_DEFAULT_N2048_q16_rep2,0,4,0,sm_89,COMM_ONLY,NCCL,C0_DEFAULT,2048,2048,2048,16,7,1048576,51,0,605.920,0.000,0.000,0.000,PASS,0
PHASEB_formal_comm_C0_DEFAULT_N2048_q16_rep2,0,4,0,sm_89,COMM_ONLY,NCCL,C0_DEFAULT,2048,2048,2048,16,8,1048576,51,0,675.456,0.000,0.000,0.000,PASS,0
PHASEB_formal_comm_C0_DEFAULT_N2048_q16_rep2,0,4,0,sm_89,COMM_ONLY,NCCL,C0_DEFAULT,2048,2048,2048,16,9,1048576,51,0,743.264,0.000,0.000,0.000,PASS,0
PHASEB_formal_comm_C0_DEFAULT_N2048_q16_rep2,0,4,0,sm_89,COMM_ONLY,NCCL,C0_DEFAULT,2048,2048,2048,16,10,1048576,51,0,812.768,0.000,0.000,0.000,PASS,0
PHASEB_formal_comm_C0_DEFAULT_N2048_q16_rep2,0,4,0,sm_89,COMM_ONLY,NCCL,C0_DEFAULT,2048,2048,2048,16,11,1048576,51,0,881.632,0.000,0.000,0.000,PASS,0
PHASEB_formal_comm_C0_DEFAULT_N2048_q16_rep2,0,4,0,sm_89,COMM_ONLY,NCCL,C0_DEFAULT,2048,2048,2048,16,12,1048576,51,0,949.888,0.000,0.000,0.000,PASS,0
PHASEB_formal_comm_C0_DEFAULT_N2048_q16_rep2,0,4,0,sm_89,COMM_ONLY,NCCL,C0_DEFAULT,2048,2048,2048,16,13,1048576,51,0,1019.648,0.000,0.000,0.000,PASS,0
PHASEB_formal_comm_C0_DEFAULT_N2048_q16_rep2,0,4,0,sm_89,COMM_ONLY,NCCL,C0_DEFAULT,2048,2048,2048,16,14,1048576,51,0,1089.696,0.000,0.000,0.000,PASS,0
PHASEB_formal_comm_C0_DEFAULT_N2048_q16_rep2,0,4,0,sm_89,COMM_ONLY,NCCL,C0_DEFAULT,2048,2048,2048,16,15,1048576,51,0,1159.040,0.000,0.000,0.000,PASS,0
PHASEB_formal_comm_C0_DEFAULT_N2048_q16_rep2,0,4,0,sm_89,COMM_ONLY,NCCL,C0_DEFAULT,2048,2048,2048,16,0,1048576,52,0,99.392,0.000,0.000,0.000,PASS,0
PHASEB_formal_comm_C0_DEFAULT_N2048_q16_rep2,0,4,0,sm_89,COMM_ONLY,NCCL,C0_DEFAULT,2048,2048,2048,16,1,1048576,52,0,169.408,0.000,0.000,0.000,PASS,0
PHASEB_formal_comm_C0_DEFAULT_N2048_q16_rep2,0,4,0,sm_89,COMM_ONLY,NCCL,C0_DEFAULT,2048,2048,2048,16,2,1048576,52,0,237.408,0.000,0.000,0.000,PASS,0
PHASEB_formal_comm_C0_DEFAULT_N2048_q16_rep2,0,4,0,sm_89,COMM_ONLY,NCCL,C0_DEFAULT,2048,2048,2048,16,3,1048576,52,0,307.488,0.000,0.000,0.000,PASS,0
PHASEB_formal_comm_C0_DEFAULT_N2048_q16_rep2,0,4,0,sm_89,COMM_ONLY,NCCL,C0_DEFAULT,2048,2048,2048,16,4,1048576,52,0,375.776,0.000,0.000,0.000,PASS,0
PHASEB_formal_comm_C0_DEFAULT_N2048_q16_rep2,0,4,0,sm_89,COMM_ONLY,NCCL,C0_DEFAULT,2048,2048,2048,16,5,1048576,52,0,443.552,0.000,0.000,0.000,PASS,0
PHASEB_formal_comm_C0_DEFAULT_N2048_q16_rep2,0,4,0,sm_89,COMM_ONLY,NCCL,C0_DEFAULT,2048,2048,2048,16,6,1048576,52,0,512.896,0.000,0.000,0.000,PASS,0
PHASEB_formal_comm_C0_DEFAULT_N2048_q16_rep2,0,4,0,sm_89,COMM_ONLY,NCCL,C0_DEFAULT,2048,2048,2048,16,7,1048576,52,0,581.920,0.000,0.000,0.000,PASS,0
PHASEB_formal_comm_C0_DEFAULT_N2048_q16_rep2,0,4,0,sm_89,COMM_ONLY,NCCL,C0_DEFAULT,2048,2048,2048,16,8,1048576,52,0,650.656,0.000,0.000,0.000,PASS,0
PHASEB_formal_comm_C0_DEFAULT_N2048_q16_rep2,0,4,0,sm_89,COMM_ONLY,NCCL,C0_DEFAULT,2048,2048,2048,16,9,1048576,52,0,719.456,0.000,0.000,0.000,PASS,0
PHASEB_formal_comm_C0_DEFAULT_N2048_q16_rep2,0,4,0,sm_89,COMM_ONLY,NCCL,C0_DEFAULT,2048,2048,2048,16,10,1048576,52,0,789.280,0.000,0.000,0.000,PASS,0
PHASEB_formal_comm_C0_DEFAULT_N2048_q16_rep2,0,4,0,sm_89,COMM_ONLY,NCCL,C0_DEFAULT,2048,2048,2048,16,11,1048576,52,0,858.240,0.000,0.000,0.000,PASS,0
PHASEB_formal_comm_C0_DEFAULT_N2048_q16_rep2,0,4,0,sm_89,COMM_ONLY,NCCL,C0_DEFAULT,2048,2048,2048,16,12,1048576,52,0,927.456,0.000,0.000,0.000,PASS,0
PHASEB_formal_comm_C0_DEFAULT_N2048_q16_rep2,0,4,0,sm_89,COMM_ONLY,NCCL,C0_DEFAULT,2048,2048,2048,16,13,1048576,52,0,996.352,0.000,0.000,0.000,PASS,0
PHASEB_formal_comm_C0_DEFAULT_N2048_q16_rep2,0,4,0,sm_89,COMM_ONLY,NCCL,C0_DEFAULT,2048,2048,2048,16,14,1048576,52,0,1065.248,0.000,0.000,0.000,PASS,0
PHASEB_formal_comm_C0_DEFAULT_N2048_q16_rep2,0,4,0,sm_89,COMM_ONLY,NCCL,C0_DEFAULT,2048,2048,2048,16,15,1048576,52,0,1136.480,0.000,0.000,0.000,PASS,0
PHASEB_formal_comm_C0_DEFAULT_N2048_q16_rep2,0,4,0,sm_89,COMM_ONLY,NCCL,C0_DEFAULT,2048,2048,2048,16,0,1048576,53,0,100.768,0.000,0.000,0.000,PASS,0
PHASEB_formal_comm_C0_DEFAULT_N2048_q16_rep2,0,4,0,sm_89,COMM_ONLY,NCCL,C0_DEFAULT,2048,2048,2048,16,1,1048576,53,0,173.280,0.000,0.000,0.000,PASS,0
PHASEB_formal_comm_C0_DEFAULT_N2048_q16_rep2,0,4,0,sm_89,COMM_ONLY,NCCL,C0_DEFAULT,2048,2048,2048,16,2,1048576,53,0,240.064,0.000,0.000,0.000,PASS,0
PHASEB_formal_comm_C0_DEFAULT_N2048_q16_rep2,0,4,0,sm_89,COMM_ONLY,NCCL,C0_DEFAULT,2048,2048,2048,16,3,1048576,53,0,308.928,0.000,0.000,0.000,PASS,0
PHASEB_formal_comm_C0_DEFAULT_N2048_q16_rep2,0,4,0,sm_89,COMM_ONLY,NCCL,C0_DEFAULT,2048,2048,2048,16,4,1048576,53,0,389.888,0.000,0.000,0.000,PASS,0
PHASEB_formal_comm_C0_DEFAULT_N2048_q16_rep2,0,4,0,sm_89,COMM_ONLY,NCCL,C0_DEFAULT,2048,2048,2048,16,5,1048576,53,0,457.984,0.000,0.000,0.000,PASS,0
PHASEB_formal_comm_C0_DEFAULT_N2048_q16_rep2,0,4,0,sm_89,COMM_ONLY,NCCL,C0_DEFAULT,2048,2048,2048,16,6,1048576,53,0,539.552,0.000,0.000,0.000,PASS,0
PHASEB_formal_comm_C0_DEFAULT_N2048_q16_rep2,0,4,0,sm_89,COMM_ONLY,NCCL,C0_DEFAULT,2048,2048,2048,16,7,1048576,53,0,609.888,0.000,0.000,0.000,PASS,0
PHASEB_formal_comm_C0_DEFAULT_N2048_q16_rep2,0,4,0,sm_89,COMM_ONLY,NCCL,C0_DEFAULT,2048,2048,2048,16,8,1048576,53,0,679.744,0.000,0.000,0.000,PASS,0
PHASEB_formal_comm_C0_DEFAULT_N2048_q16_rep2,0,4,0,sm_89,COMM_ONLY,NCCL,C0_DEFAULT,2048,2048,2048,16,9,1048576,53,0,750.016,0.000,0.000,0.000,PASS,0
PHASEB_formal_comm_C0_DEFAULT_N2048_q16_rep2,0,4,0,sm_89,COMM_ONLY,NCCL,C0_DEFAULT,2048,2048,2048,16,10,1048576,53,0,818.080,0.000,0.000,0.000,PASS,0
PHASEB_formal_comm_C0_DEFAULT_N2048_q16_rep2,0,4,0,sm_89,COMM_ONLY,NCCL,C0_DEFAULT,2048,2048,2048,16,11,1048576,53,0,887.776,0.000,0.000,0.000,PASS,0
PHASEB_formal_comm_C0_DEFAULT_N2048_q16_rep2,0,4,0,sm_89,COMM_ONLY,NCCL,C0_DEFAULT,2048,2048,2048,16,12,1048576,53,0,965.792,0.000,0.000,0.000,PASS,0
PHASEB_formal_comm_C0_DEFAULT_N2048_q16_rep2,0,4,0,sm_89,COMM_ONLY,NCCL,C0_DEFAULT,2048,2048,2048,16,13,1048576,53,0,1037.056,0.000,0.000,0.000,PASS,0
PHASEB_formal_comm_C0_DEFAULT_N2048_q16_rep2,0,4,0,sm_89,COMM_ONLY,NCCL,C0_DEFAULT,2048,2048,2048,16,14,1048576,53,0,1106.656,0.000,0.000,0.000,PASS,0
PHASEB_formal_comm_C0_DEFAULT_N2048_q16_rep2,0,4,0,sm_89,COMM_ONLY,NCCL,C0_DEFAULT,2048,2048,2048,16,15,1048576,53,0,1177.280,0.000,0.000,0.000,PASS,0
PHASEB_formal_comm_C0_DEFAULT_N2048_q16_rep2,0,4,0,sm_89,COMM_ONLY,NCCL,C0_DEFAULT,2048,2048,2048,16,0,1048576,54,0,103.584,0.000,0.000,0.000,PASS,0
PHASEB_formal_comm_C0_DEFAULT_N2048_q16_rep2,0,4,0,sm_89,COMM_ONLY,NCCL,C0_DEFAULT,2048,2048,2048,16,1,1048576,54,0,174.400,0.000,0.000,0.000,PASS,0
PHASEB_formal_comm_C0_DEFAULT_N2048_q16_rep2,0,4,0,sm_89,COMM_ONLY,NCCL,C0_DEFAULT,2048,2048,2048,16,2,1048576,54,0,243.840,0.000,0.000,0.000,PASS,0
PHASEB_formal_comm_C0_DEFAULT_N2048_q16_rep2,0,4,0,sm_89,COMM_ONLY,NCCL,C0_DEFAULT,2048,2048,2048,16,3,1048576,54,0,312.224,0.000,0.000,0.000,PASS,0
PHASEB_formal_comm_C0_DEFAULT_N2048_q16_rep2,0,4,0,sm_89,COMM_ONLY,NCCL,C0_DEFAULT,2048,2048,2048,16,4,1048576,54,0,381.088,0.000,0.000,0.000,PASS,0
PHASEB_formal_comm_C0_DEFAULT_N2048_q16_rep2,0,4,0,sm_89,COMM_ONLY,NCCL,C0_DEFAULT,2048,2048,2048,16,5,1048576,54,0,450.848,0.000,0.000,0.000,PASS,0
PHASEB_formal_comm_C0_DEFAULT_N2048_q16_rep2,0,4,0,sm_89,COMM_ONLY,NCCL,C0_DEFAULT,2048,2048,2048,16,6,1048576,54,0,521.248,0.000,0.000,0.000,PASS,0
PHASEB_formal_comm_C0_DEFAULT_N2048_q16_rep2,0,4,0,sm_89,COMM_ONLY,NCCL,C0_DEFAULT,2048,2048,2048,16,7,1048576,54,0,604.096,0.000,0.000,0.000,PASS,0
PHASEB_formal_comm_C0_DEFAULT_N2048_q16_rep2,0,4,0,sm_89,COMM_ONLY,NCCL,C0_DEFAULT,2048,2048,2048,16,8,1048576,54,0,674.080,0.000,0.000,0.000,PASS,0
PHASEB_formal_comm_C0_DEFAULT_N2048_q16_rep2,0,4,0,sm_89,COMM_ONLY,NCCL,C0_DEFAULT,2048,2048,2048,16,9,1048576,54,0,744.256,0.000,0.000,0.000,PASS,0
PHASEB_formal_comm_C0_DEFAULT_N2048_q16_rep2,0,4,0,sm_89,COMM_ONLY,NCCL,C0_DEFAULT,2048,2048,2048,16,10,1048576,54,0,813.632,0.000,0.000,0.000,PASS,0
PHASEB_formal_comm_C0_DEFAULT_N2048_q16_rep2,0,4,0,sm_89,COMM_ONLY,NCCL,C0_DEFAULT,2048,2048,2048,16,11,1048576,54,0,882.816,0.000,0.000,0.000,PASS,0
PHASEB_formal_comm_C0_DEFAULT_N2048_q16_rep2,0,4,0,sm_89,COMM_ONLY,NCCL,C0_DEFAULT,2048,2048,2048,16,12,1048576,54,0,952.928,0.000,0.000,0.000,PASS,0
PHASEB_formal_comm_C0_DEFAULT_N2048_q16_rep2,0,4,0,sm_89,COMM_ONLY,NCCL,C0_DEFAULT,2048,2048,2048,16,13,1048576,54,0,1024.480,0.000,0.000,0.000,PASS,0
PHASEB_formal_comm_C0_DEFAULT_N2048_q16_rep2,0,4,0,sm_89,COMM_ONLY,NCCL,C0_DEFAULT,2048,2048,2048,16,14,1048576,54,0,1094.752,0.000,0.000,0.000,PASS,0
PHASEB_formal_comm_C0_DEFAULT_N2048_q16_rep2,0,4,0,sm_89,COMM_ONLY,NCCL,C0_DEFAULT,2048,2048,2048,16,15,1048576,54,0,1164.064,0.000,0.000,0.000,PASS,0
PHASEB_formal_comm_C0_DEFAULT_N2048_q16_rep2,0,4,0,sm_89,COMM_ONLY,NCCL,C0_DEFAULT,2048,2048,2048,16,0,1048576,55,0,136.576,0.000,0.000,0.000,PASS,0
PHASEB_formal_comm_C0_DEFAULT_N2048_q16_rep2,0,4,0,sm_89,COMM_ONLY,NCCL,C0_DEFAULT,2048,2048,2048,16,1,1048576,55,0,220.032,0.000,0.000,0.000,PASS,0
PHASEB_formal_comm_C0_DEFAULT_N2048_q16_rep2,0,4,0,sm_89,COMM_ONLY,NCCL,C0_DEFAULT,2048,2048,2048,16,2,1048576,55,0,287.104,0.000,0.000,0.000,PASS,0
PHASEB_formal_comm_C0_DEFAULT_N2048_q16_rep2,0,4,0,sm_89,COMM_ONLY,NCCL,C0_DEFAULT,2048,2048,2048,16,3,1048576,55,0,357.024,0.000,0.000,0.000,PASS,0
PHASEB_formal_comm_C0_DEFAULT_N2048_q16_rep2,0,4,0,sm_89,COMM_ONLY,NCCL,C0_DEFAULT,2048,2048,2048,16,4,1048576,55,0,444.608,0.000,0.000,0.000,PASS,0
PHASEB_formal_comm_C0_DEFAULT_N2048_q16_rep2,0,4,0,sm_89,COMM_ONLY,NCCL,C0_DEFAULT,2048,2048,2048,16,5,1048576,55,0,513.760,0.000,0.000,0.000,PASS,0
PHASEB_formal_comm_C0_DEFAULT_N2048_q16_rep2,0,4,0,sm_89,COMM_ONLY,NCCL,C0_DEFAULT,2048,2048,2048,16,6,1048576,55,0,595.392,0.000,0.000,0.000,PASS,0
PHASEB_formal_comm_C0_DEFAULT_N2048_q16_rep2,0,4,0,sm_89,COMM_ONLY,NCCL,C0_DEFAULT,2048,2048,2048,16,7,1048576,55,0,665.792,0.000,0.000,0.000,PASS,0
PHASEB_formal_comm_C0_DEFAULT_N2048_q16_rep2,0,4,0,sm_89,COMM_ONLY,NCCL,C0_DEFAULT,2048,2048,2048,16,8,1048576,55,0,734.976,0.000,0.000,0.000,PASS,0
PHASEB_formal_comm_C0_DEFAULT_N2048_q16_rep2,0,4,0,sm_89,COMM_ONLY,NCCL,C0_DEFAULT,2048,2048,2048,16,9,1048576,55,0,816.864,0.000,0.000,0.000,PASS,0
PHASEB_formal_comm_C0_DEFAULT_N2048_q16_rep2,0,4,0,sm_89,COMM_ONLY,NCCL,C0_DEFAULT,2048,2048,2048,16,10,1048576,55,0,885.888,0.000,0.000,0.000,PASS,0
PHASEB_formal_comm_C0_DEFAULT_N2048_q16_rep2,0,4,0,sm_89,COMM_ONLY,NCCL,C0_DEFAULT,2048,2048,2048,16,11,1048576,55,0,968.704,0.000,0.000,0.000,PASS,0
PHASEB_formal_comm_C0_DEFAULT_N2048_q16_rep2,0,4,0,sm_89,COMM_ONLY,NCCL,C0_DEFAULT,2048,2048,2048,16,12,1048576,55,0,1037.920,0.000,0.000,0.000,PASS,0
PHASEB_formal_comm_C0_DEFAULT_N2048_q16_rep2,0,4,0,sm_89,COMM_ONLY,NCCL,C0_DEFAULT,2048,2048,2048,16,13,1048576,55,0,1107.808,0.000,0.000,0.000,PASS,0
PHASEB_formal_comm_C0_DEFAULT_N2048_q16_rep2,0,4,0,sm_89,COMM_ONLY,NCCL,C0_DEFAULT,2048,2048,2048,16,14,1048576,55,0,1191.808,0.000,0.000,0.000,PASS,0
PHASEB_formal_comm_C0_DEFAULT_N2048_q16_rep2,0,4,0,sm_89,COMM_ONLY,NCCL,C0_DEFAULT,2048,2048,2048,16,15,1048576,55,0,1280.704,0.000,0.000,0.000,PASS,0
PHASEB_formal_comm_C0_DEFAULT_N2048_q16_rep2,0,4,0,sm_89,COMM_ONLY,NCCL,C0_DEFAULT,2048,2048,2048,16,0,1048576,56,0,112.512,0.000,0.000,0.000,PASS,0
PHASEB_formal_comm_C0_DEFAULT_N2048_q16_rep2,0,4,0,sm_89,COMM_ONLY,NCCL,C0_DEFAULT,2048,2048,2048,16,1,1048576,56,0,191.104,0.000,0.000,0.000,PASS,0
PHASEB_formal_comm_C0_DEFAULT_N2048_q16_rep2,0,4,0,sm_89,COMM_ONLY,NCCL,C0_DEFAULT,2048,2048,2048,16,2,1048576,56,0,262.112,0.000,0.000,0.000,PASS,0
PHASEB_formal_comm_C0_DEFAULT_N2048_q16_rep2,0,4,0,sm_89,COMM_ONLY,NCCL,C0_DEFAULT,2048,2048,2048,16,3,1048576,56,0,332.448,0.000,0.000,0.000,PASS,0
PHASEB_formal_comm_C0_DEFAULT_N2048_q16_rep2,0,4,0,sm_89,COMM_ONLY,NCCL,C0_DEFAULT,2048,2048,2048,16,4,1048576,56,0,401.824,0.000,0.000,0.000,PASS,0
PHASEB_formal_comm_C0_DEFAULT_N2048_q16_rep2,0,4,0,sm_89,COMM_ONLY,NCCL,C0_DEFAULT,2048,2048,2048,16,5,1048576,56,0,477.632,0.000,0.000,0.000,PASS,0
PHASEB_formal_comm_C0_DEFAULT_N2048_q16_rep2,0,4,0,sm_89,COMM_ONLY,NCCL,C0_DEFAULT,2048,2048,2048,16,6,1048576,56,0,546.944,0.000,0.000,0.000,PASS,0
PHASEB_formal_comm_C0_DEFAULT_N2048_q16_rep2,0,4,0,sm_89,COMM_ONLY,NCCL,C0_DEFAULT,2048,2048,2048,16,7,1048576,56,0,615.776,0.000,0.000,0.000,PASS,0
PHASEB_formal_comm_C0_DEFAULT_N2048_q16_rep2,0,4,0,sm_89,COMM_ONLY,NCCL,C0_DEFAULT,2048,2048,2048,16,8,1048576,56,0,685.920,0.000,0.000,0.000,PASS,0
PHASEB_formal_comm_C0_DEFAULT_N2048_q16_rep2,0,4,0,sm_89,COMM_ONLY,NCCL,C0_DEFAULT,2048,2048,2048,16,9,1048576,56,0,756.128,0.000,0.000,0.000,PASS,0
PHASEB_formal_comm_C0_DEFAULT_N2048_q16_rep2,0,4,0,sm_89,COMM_ONLY,NCCL,C0_DEFAULT,2048,2048,2048,16,10,1048576,56,0,830.368,0.000,0.000,0.000,PASS,0
PHASEB_formal_comm_C0_DEFAULT_N2048_q16_rep2,0,4,0,sm_89,COMM_ONLY,NCCL,C0_DEFAULT,2048,2048,2048,16,11,1048576,56,0,899.488,0.000,0.000,0.000,PASS,0
PHASEB_formal_comm_C0_DEFAULT_N2048_q16_rep2,0,4,0,sm_89,COMM_ONLY,NCCL,C0_DEFAULT,2048,2048,2048,16,12,1048576,56,0,982.272,0.000,0.000,0.000,PASS,0
PHASEB_formal_comm_C0_DEFAULT_N2048_q16_rep2,0,4,0,sm_89,COMM_ONLY,NCCL,C0_DEFAULT,2048,2048,2048,16,13,1048576,56,0,1052.032,0.000,0.000,0.000,PASS,0
PHASEB_formal_comm_C0_DEFAULT_N2048_q16_rep2,0,4,0,sm_89,COMM_ONLY,NCCL,C0_DEFAULT,2048,2048,2048,16,14,1048576,56,0,1139.360,0.000,0.000,0.000,PASS,0
PHASEB_formal_comm_C0_DEFAULT_N2048_q16_rep2,0,4,0,sm_89,COMM_ONLY,NCCL,C0_DEFAULT,2048,2048,2048,16,15,1048576,56,0,1209.568,0.000,0.000,0.000,PASS,0
PHASEB_formal_comm_C0_DEFAULT_N2048_q16_rep2,0,4,0,sm_89,COMM_ONLY,NCCL,C0_DEFAULT,2048,2048,2048,16,0,1048576,57,0,102.400,0.000,0.000,0.000,PASS,0
PHASEB_formal_comm_C0_DEFAULT_N2048_q16_rep2,0,4,0,sm_89,COMM_ONLY,NCCL,C0_DEFAULT,2048,2048,2048,16,1,1048576,57,0,173.024,0.000,0.000,0.000,PASS,0
PHASEB_formal_comm_C0_DEFAULT_N2048_q16_rep2,0,4,0,sm_89,COMM_ONLY,NCCL,C0_DEFAULT,2048,2048,2048,16,2,1048576,57,0,240.672,0.000,0.000,0.000,PASS,0
PHASEB_formal_comm_C0_DEFAULT_N2048_q16_rep2,0,4,0,sm_89,COMM_ONLY,NCCL,C0_DEFAULT,2048,2048,2048,16,3,1048576,57,0,311.808,0.000,0.000,0.000,PASS,0
PHASEB_formal_comm_C0_DEFAULT_N2048_q16_rep2,0,4,0,sm_89,COMM_ONLY,NCCL,C0_DEFAULT,2048,2048,2048,16,4,1048576,57,0,382.720,0.000,0.000,0.000,PASS,0
PHASEB_formal_comm_C0_DEFAULT_N2048_q16_rep2,0,4,0,sm_89,COMM_ONLY,NCCL,C0_DEFAULT,2048,2048,2048,16,5,1048576,57,0,455.456,0.000,0.000,0.000,PASS,0
PHASEB_formal_comm_C0_DEFAULT_N2048_q16_rep2,0,4,0,sm_89,COMM_ONLY,NCCL,C0_DEFAULT,2048,2048,2048,16,6,1048576,57,0,525.472,0.000,0.000,0.000,PASS,0
PHASEB_formal_comm_C0_DEFAULT_N2048_q16_rep2,0,4,0,sm_89,COMM_ONLY,NCCL,C0_DEFAULT,2048,2048,2048,16,7,1048576,57,0,596.832,0.000,0.000,0.000,PASS,0
PHASEB_formal_comm_C0_DEFAULT_N2048_q16_rep2,0,4,0,sm_89,COMM_ONLY,NCCL,C0_DEFAULT,2048,2048,2048,16,8,1048576,57,0,666.240,0.000,0.000,0.000,PASS,0
PHASEB_formal_comm_C0_DEFAULT_N2048_q16_rep2,0,4,0,sm_89,COMM_ONLY,NCCL,C0_DEFAULT,2048,2048,2048,16,9,1048576,57,0,747.744,0.000,0.000,0.000,PASS,0
PHASEB_formal_comm_C0_DEFAULT_N2048_q16_rep2,0,4,0,sm_89,COMM_ONLY,NCCL,C0_DEFAULT,2048,2048,2048,16,10,1048576,57,0,816.352,0.000,0.000,0.000,PASS,0
PHASEB_formal_comm_C0_DEFAULT_N2048_q16_rep2,0,4,0,sm_89,COMM_ONLY,NCCL,C0_DEFAULT,2048,2048,2048,16,11,1048576,57,0,884.672,0.000,0.000,0.000,PASS,0
PHASEB_formal_comm_C0_DEFAULT_N2048_q16_rep2,0,4,0,sm_89,COMM_ONLY,NCCL,C0_DEFAULT,2048,2048,2048,16,12,1048576,57,0,966.528,0.000,0.000,0.000,PASS,0
PHASEB_formal_comm_C0_DEFAULT_N2048_q16_rep2,0,4,0,sm_89,COMM_ONLY,NCCL,C0_DEFAULT,2048,2048,2048,16,13,1048576,57,0,1052.800,0.000,0.000,0.000,PASS,0
PHASEB_formal_comm_C0_DEFAULT_N2048_q16_rep2,0,4,0,sm_89,COMM_ONLY,NCCL,C0_DEFAULT,2048,2048,2048,16,14,1048576,57,0,1140.288,0.000,0.000,0.000,PASS,0
PHASEB_formal_comm_C0_DEFAULT_N2048_q16_rep2,0,4,0,sm_89,COMM_ONLY,NCCL,C0_DEFAULT,2048,2048,2048,16,15,1048576,57,0,1210.048,0.000,0.000,0.000,PASS,0
PHASEB_formal_comm_C0_DEFAULT_N2048_q16_rep2,0,4,0,sm_89,COMM_ONLY,NCCL,C0_DEFAULT,2048,2048,2048,16,0,1048576,58,0,100.928,0.000,0.000,0.000,PASS,0
PHASEB_formal_comm_C0_DEFAULT_N2048_q16_rep2,0,4,0,sm_89,COMM_ONLY,NCCL,C0_DEFAULT,2048,2048,2048,16,1,1048576,58,0,180.384,0.000,0.000,0.000,PASS,0
PHASEB_formal_comm_C0_DEFAULT_N2048_q16_rep2,0,4,0,sm_89,COMM_ONLY,NCCL,C0_DEFAULT,2048,2048,2048,16,2,1048576,58,0,248.576,0.000,0.000,0.000,PASS,0
PHASEB_formal_comm_C0_DEFAULT_N2048_q16_rep2,0,4,0,sm_89,COMM_ONLY,NCCL,C0_DEFAULT,2048,2048,2048,16,3,1048576,58,0,319.168,0.000,0.000,0.000,PASS,0
PHASEB_formal_comm_C0_DEFAULT_N2048_q16_rep2,0,4,0,sm_89,COMM_ONLY,NCCL,C0_DEFAULT,2048,2048,2048,16,4,1048576,58,0,388.160,0.000,0.000,0.000,PASS,0
PHASEB_formal_comm_C0_DEFAULT_N2048_q16_rep2,0,4,0,sm_89,COMM_ONLY,NCCL,C0_DEFAULT,2048,2048,2048,16,5,1048576,58,0,455.136,0.000,0.000,0.000,PASS,0
PHASEB_formal_comm_C0_DEFAULT_N2048_q16_rep2,0,4,0,sm_89,COMM_ONLY,NCCL,C0_DEFAULT,2048,2048,2048,16,6,1048576,58,0,524.064,0.000,0.000,0.000,PASS,0
PHASEB_formal_comm_C0_DEFAULT_N2048_q16_rep2,0,4,0,sm_89,COMM_ONLY,NCCL,C0_DEFAULT,2048,2048,2048,16,7,1048576,58,0,592.544,0.000,0.000,0.000,PASS,0
PHASEB_formal_comm_C0_DEFAULT_N2048_q16_rep2,0,4,0,sm_89,COMM_ONLY,NCCL,C0_DEFAULT,2048,2048,2048,16,8,1048576,58,0,688.896,0.000,0.000,0.000,PASS,0
PHASEB_formal_comm_C0_DEFAULT_N2048_q16_rep2,0,4,0,sm_89,COMM_ONLY,NCCL,C0_DEFAULT,2048,2048,2048,16,9,1048576,58,0,758.016,0.000,0.000,0.000,PASS,0
PHASEB_formal_comm_C0_DEFAULT_N2048_q16_rep2,0,4,0,sm_89,COMM_ONLY,NCCL,C0_DEFAULT,2048,2048,2048,16,10,1048576,58,0,826.944,0.000,0.000,0.000,PASS,0
PHASEB_formal_comm_C0_DEFAULT_N2048_q16_rep2,0,4,0,sm_89,COMM_ONLY,NCCL,C0_DEFAULT,2048,2048,2048,16,11,1048576,58,0,895.136,0.000,0.000,0.000,PASS,0
PHASEB_formal_comm_C0_DEFAULT_N2048_q16_rep2,0,4,0,sm_89,COMM_ONLY,NCCL,C0_DEFAULT,2048,2048,2048,16,12,1048576,58,0,964.384,0.000,0.000,0.000,PASS,0
PHASEB_formal_comm_C0_DEFAULT_N2048_q16_rep2,0,4,0,sm_89,COMM_ONLY,NCCL,C0_DEFAULT,2048,2048,2048,16,13,1048576,58,0,1033.984,0.000,0.000,0.000,PASS,0
PHASEB_formal_comm_C0_DEFAULT_N2048_q16_rep2,0,4,0,sm_89,COMM_ONLY,NCCL,C0_DEFAULT,2048,2048,2048,16,14,1048576,58,0,1102.432,0.000,0.000,0.000,PASS,0
PHASEB_formal_comm_C0_DEFAULT_N2048_q16_rep2,0,4,0,sm_89,COMM_ONLY,NCCL,C0_DEFAULT,2048,2048,2048,16,15,1048576,58,0,1172.032,0.000,0.000,0.000,PASS,0
PHASEB_formal_comm_C0_DEFAULT_N2048_q16_rep2,0,4,0,sm_89,COMM_ONLY,NCCL,C0_DEFAULT,2048,2048,2048,16,0,1048576,59,0,101.664,0.000,0.000,0.000,PASS,0
PHASEB_formal_comm_C0_DEFAULT_N2048_q16_rep2,0,4,0,sm_89,COMM_ONLY,NCCL,C0_DEFAULT,2048,2048,2048,16,1,1048576,59,0,172.928,0.000,0.000,0.000,PASS,0
PHASEB_formal_comm_C0_DEFAULT_N2048_q16_rep2,0,4,0,sm_89,COMM_ONLY,NCCL,C0_DEFAULT,2048,2048,2048,16,2,1048576,59,0,240.640,0.000,0.000,0.000,PASS,0
PHASEB_formal_comm_C0_DEFAULT_N2048_q16_rep2,0,4,0,sm_89,COMM_ONLY,NCCL,C0_DEFAULT,2048,2048,2048,16,3,1048576,59,0,311.744,0.000,0.000,0.000,PASS,0
PHASEB_formal_comm_C0_DEFAULT_N2048_q16_rep2,0,4,0,sm_89,COMM_ONLY,NCCL,C0_DEFAULT,2048,2048,2048,16,4,1048576,59,0,380.992,0.000,0.000,0.000,PASS,0
PHASEB_formal_comm_C0_DEFAULT_N2048_q16_rep2,0,4,0,sm_89,COMM_ONLY,NCCL,C0_DEFAULT,2048,2048,2048,16,5,1048576,59,0,459.104,0.000,0.000,0.000,PASS,0
PHASEB_formal_comm_C0_DEFAULT_N2048_q16_rep2,0,4,0,sm_89,COMM_ONLY,NCCL,C0_DEFAULT,2048,2048,2048,16,6,1048576,59,0,527.904,0.000,0.000,0.000,PASS,0
PHASEB_formal_comm_C0_DEFAULT_N2048_q16_rep2,0,4,0,sm_89,COMM_ONLY,NCCL,C0_DEFAULT,2048,2048,2048,16,7,1048576,59,0,595.520,0.000,0.000,0.000,PASS,0
PHASEB_formal_comm_C0_DEFAULT_N2048_q16_rep2,0,4,0,sm_89,COMM_ONLY,NCCL,C0_DEFAULT,2048,2048,2048,16,8,1048576,59,0,663.520,0.000,0.000,0.000,PASS,0
PHASEB_formal_comm_C0_DEFAULT_N2048_q16_rep2,0,4,0,sm_89,COMM_ONLY,NCCL,C0_DEFAULT,2048,2048,2048,16,9,1048576,59,0,732.768,0.000,0.000,0.000,PASS,0
PHASEB_formal_comm_C0_DEFAULT_N2048_q16_rep2,0,4,0,sm_89,COMM_ONLY,NCCL,C0_DEFAULT,2048,2048,2048,16,10,1048576,59,0,814.912,0.000,0.000,0.000,PASS,0
PHASEB_formal_comm_C0_DEFAULT_N2048_q16_rep2,0,4,0,sm_89,COMM_ONLY,NCCL,C0_DEFAULT,2048,2048,2048,16,11,1048576,59,0,885.664,0.000,0.000,0.000,PASS,0
PHASEB_formal_comm_C0_DEFAULT_N2048_q16_rep2,0,4,0,sm_89,COMM_ONLY,NCCL,C0_DEFAULT,2048,2048,2048,16,12,1048576,59,0,954.560,0.000,0.000,0.000,PASS,0
PHASEB_formal_comm_C0_DEFAULT_N2048_q16_rep2,0,4,0,sm_89,COMM_ONLY,NCCL,C0_DEFAULT,2048,2048,2048,16,13,1048576,59,0,1022.784,0.000,0.000,0.000,PASS,0
PHASEB_formal_comm_C0_DEFAULT_N2048_q16_rep2,0,4,0,sm_89,COMM_ONLY,NCCL,C0_DEFAULT,2048,2048,2048,16,14,1048576,59,0,1092.512,0.000,0.000,0.000,PASS,0
PHASEB_formal_comm_C0_DEFAULT_N2048_q16_rep2,0,4,0,sm_89,COMM_ONLY,NCCL,C0_DEFAULT,2048,2048,2048,16,15,1048576,59,0,1161.920,0.000,0.000,0.000,PASS,0
PHASEB_formal_comm_C0_DEFAULT_N2048_q16_rep2,0,4,0,sm_89,COMM_ONLY,NCCL,C0_DEFAULT,2048,2048,2048,16,0,1048576,60,0,102.240,0.000,0.000,0.000,PASS,0
PHASEB_formal_comm_C0_DEFAULT_N2048_q16_rep2,0,4,0,sm_89,COMM_ONLY,NCCL,C0_DEFAULT,2048,2048,2048,16,1,1048576,60,0,173.024,0.000,0.000,0.000,PASS,0
PHASEB_formal_comm_C0_DEFAULT_N2048_q16_rep2,0,4,0,sm_89,COMM_ONLY,NCCL,C0_DEFAULT,2048,2048,2048,16,2,1048576,60,0,243.616,0.000,0.000,0.000,PASS,0
PHASEB_formal_comm_C0_DEFAULT_N2048_q16_rep2,0,4,0,sm_89,COMM_ONLY,NCCL,C0_DEFAULT,2048,2048,2048,16,3,1048576,60,0,314.752,0.000,0.000,0.000,PASS,0
PHASEB_formal_comm_C0_DEFAULT_N2048_q16_rep2,0,4,0,sm_89,COMM_ONLY,NCCL,C0_DEFAULT,2048,2048,2048,16,4,1048576,60,0,383.520,0.000,0.000,0.000,PASS,0
PHASEB_formal_comm_C0_DEFAULT_N2048_q16_rep2,0,4,0,sm_89,COMM_ONLY,NCCL,C0_DEFAULT,2048,2048,2048,16,5,1048576,60,0,450.240,0.000,0.000,0.000,PASS,0
PHASEB_formal_comm_C0_DEFAULT_N2048_q16_rep2,0,4,0,sm_89,COMM_ONLY,NCCL,C0_DEFAULT,2048,2048,2048,16,6,1048576,60,0,524.000,0.000,0.000,0.000,PASS,0
PHASEB_formal_comm_C0_DEFAULT_N2048_q16_rep2,0,4,0,sm_89,COMM_ONLY,NCCL,C0_DEFAULT,2048,2048,2048,16,7,1048576,60,0,591.168,0.000,0.000,0.000,PASS,0
PHASEB_formal_comm_C0_DEFAULT_N2048_q16_rep2,0,4,0,sm_89,COMM_ONLY,NCCL,C0_DEFAULT,2048,2048,2048,16,8,1048576,60,0,661.024,0.000,0.000,0.000,PASS,0
PHASEB_formal_comm_C0_DEFAULT_N2048_q16_rep2,0,4,0,sm_89,COMM_ONLY,NCCL,C0_DEFAULT,2048,2048,2048,16,9,1048576,60,0,729.536,0.000,0.000,0.000,PASS,0
PHASEB_formal_comm_C0_DEFAULT_N2048_q16_rep2,0,4,0,sm_89,COMM_ONLY,NCCL,C0_DEFAULT,2048,2048,2048,16,10,1048576,60,0,799.008,0.000,0.000,0.000,PASS,0
PHASEB_formal_comm_C0_DEFAULT_N2048_q16_rep2,0,4,0,sm_89,COMM_ONLY,NCCL,C0_DEFAULT,2048,2048,2048,16,11,1048576,60,0,868.416,0.000,0.000,0.000,PASS,0
PHASEB_formal_comm_C0_DEFAULT_N2048_q16_rep2,0,4,0,sm_89,COMM_ONLY,NCCL,C0_DEFAULT,2048,2048,2048,16,12,1048576,60,0,937.408,0.000,0.000,0.000,PASS,0
PHASEB_formal_comm_C0_DEFAULT_N2048_q16_rep2,0,4,0,sm_89,COMM_ONLY,NCCL,C0_DEFAULT,2048,2048,2048,16,13,1048576,60,0,1006.432,0.000,0.000,0.000,PASS,0
PHASEB_formal_comm_C0_DEFAULT_N2048_q16_rep2,0,4,0,sm_89,COMM_ONLY,NCCL,C0_DEFAULT,2048,2048,2048,16,14,1048576,60,0,1075.680,0.000,0.000,0.000,PASS,0
PHASEB_formal_comm_C0_DEFAULT_N2048_q16_rep2,0,4,0,sm_89,COMM_ONLY,NCCL,C0_DEFAULT,2048,2048,2048,16,15,1048576,60,0,1145.568,0.000,0.000,0.000,PASS,0
PHASEB_formal_comm_C0_DEFAULT_N2048_q16_rep2,0,4,0,sm_89,COMM_ONLY,NCCL,C0_DEFAULT,2048,2048,2048,16,0,1048576,61,0,117.056,0.000,0.000,0.000,PASS,0
PHASEB_formal_comm_C0_DEFAULT_N2048_q16_rep2,0,4,0,sm_89,COMM_ONLY,NCCL,C0_DEFAULT,2048,2048,2048,16,1,1048576,61,0,191.552,0.000,0.000,0.000,PASS,0
PHASEB_formal_comm_C0_DEFAULT_N2048_q16_rep2,0,4,0,sm_89,COMM_ONLY,NCCL,C0_DEFAULT,2048,2048,2048,16,2,1048576,61,0,259.360,0.000,0.000,0.000,PASS,0
PHASEB_formal_comm_C0_DEFAULT_N2048_q16_rep2,0,4,0,sm_89,COMM_ONLY,NCCL,C0_DEFAULT,2048,2048,2048,16,3,1048576,61,0,342.112,0.000,0.000,0.000,PASS,0
PHASEB_formal_comm_C0_DEFAULT_N2048_q16_rep2,0,4,0,sm_89,COMM_ONLY,NCCL,C0_DEFAULT,2048,2048,2048,16,4,1048576,61,0,413.568,0.000,0.000,0.000,PASS,0
PHASEB_formal_comm_C0_DEFAULT_N2048_q16_rep2,0,4,0,sm_89,COMM_ONLY,NCCL,C0_DEFAULT,2048,2048,2048,16,5,1048576,61,0,484.576,0.000,0.000,0.000,PASS,0
PHASEB_formal_comm_C0_DEFAULT_N2048_q16_rep2,0,4,0,sm_89,COMM_ONLY,NCCL,C0_DEFAULT,2048,2048,2048,16,6,1048576,61,0,553.824,0.000,0.000,0.000,PASS,0
PHASEB_formal_comm_C0_DEFAULT_N2048_q16_rep2,0,4,0,sm_89,COMM_ONLY,NCCL,C0_DEFAULT,2048,2048,2048,16,7,1048576,61,0,625.312,0.000,0.000,0.000,PASS,0
PHASEB_formal_comm_C0_DEFAULT_N2048_q16_rep2,0,4,0,sm_89,COMM_ONLY,NCCL,C0_DEFAULT,2048,2048,2048,16,8,1048576,61,0,697.696,0.000,0.000,0.000,PASS,0
PHASEB_formal_comm_C0_DEFAULT_N2048_q16_rep2,0,4,0,sm_89,COMM_ONLY,NCCL,C0_DEFAULT,2048,2048,2048,16,9,1048576,61,0,766.848,0.000,0.000,0.000,PASS,0
PHASEB_formal_comm_C0_DEFAULT_N2048_q16_rep2,0,4,0,sm_89,COMM_ONLY,NCCL,C0_DEFAULT,2048,2048,2048,16,10,1048576,61,0,835.712,0.000,0.000,0.000,PASS,0
PHASEB_formal_comm_C0_DEFAULT_N2048_q16_rep2,0,4,0,sm_89,COMM_ONLY,NCCL,C0_DEFAULT,2048,2048,2048,16,11,1048576,61,0,904.160,0.000,0.000,0.000,PASS,0
PHASEB_formal_comm_C0_DEFAULT_N2048_q16_rep2,0,4,0,sm_89,COMM_ONLY,NCCL,C0_DEFAULT,2048,2048,2048,16,12,1048576,61,0,985.408,0.000,0.000,0.000,PASS,0
PHASEB_formal_comm_C0_DEFAULT_N2048_q16_rep2,0,4,0,sm_89,COMM_ONLY,NCCL,C0_DEFAULT,2048,2048,2048,16,13,1048576,61,0,1053.664,0.000,0.000,0.000,PASS,0
PHASEB_formal_comm_C0_DEFAULT_N2048_q16_rep2,0,4,0,sm_89,COMM_ONLY,NCCL,C0_DEFAULT,2048,2048,2048,16,14,1048576,61,0,1122.400,0.000,0.000,0.000,PASS,0
PHASEB_formal_comm_C0_DEFAULT_N2048_q16_rep2,0,4,0,sm_89,COMM_ONLY,NCCL,C0_DEFAULT,2048,2048,2048,16,15,1048576,61,0,1192.224,0.000,0.000,0.000,PASS,0
PHASEB_formal_comm_C0_DEFAULT_N2048_q16_rep2,0,4,0,sm_89,COMM_ONLY,NCCL,C0_DEFAULT,2048,2048,2048,16,0,1048576,62,0,103.200,0.000,0.000,0.000,PASS,0
PHASEB_formal_comm_C0_DEFAULT_N2048_q16_rep2,0,4,0,sm_89,COMM_ONLY,NCCL,C0_DEFAULT,2048,2048,2048,16,1,1048576,62,0,172.928,0.000,0.000,0.000,PASS,0
PHASEB_formal_comm_C0_DEFAULT_N2048_q16_rep2,0,4,0,sm_89,COMM_ONLY,NCCL,C0_DEFAULT,2048,2048,2048,16,2,1048576,62,0,240.832,0.000,0.000,0.000,PASS,0
PHASEB_formal_comm_C0_DEFAULT_N2048_q16_rep2,0,4,0,sm_89,COMM_ONLY,NCCL,C0_DEFAULT,2048,2048,2048,16,3,1048576,62,0,313.248,0.000,0.000,0.000,PASS,0
PHASEB_formal_comm_C0_DEFAULT_N2048_q16_rep2,0,4,0,sm_89,COMM_ONLY,NCCL,C0_DEFAULT,2048,2048,2048,16,4,1048576,62,0,383.616,0.000,0.000,0.000,PASS,0
PHASEB_formal_comm_C0_DEFAULT_N2048_q16_rep2,0,4,0,sm_89,COMM_ONLY,NCCL,C0_DEFAULT,2048,2048,2048,16,5,1048576,62,0,452.864,0.000,0.000,0.000,PASS,0
PHASEB_formal_comm_C0_DEFAULT_N2048_q16_rep2,0,4,0,sm_89,COMM_ONLY,NCCL,C0_DEFAULT,2048,2048,2048,16,6,1048576,62,0,524.352,0.000,0.000,0.000,PASS,0
PHASEB_formal_comm_C0_DEFAULT_N2048_q16_rep2,0,4,0,sm_89,COMM_ONLY,NCCL,C0_DEFAULT,2048,2048,2048,16,7,1048576,62,0,606.336,0.000,0.000,0.000,PASS,0
PHASEB_formal_comm_C0_DEFAULT_N2048_q16_rep2,0,4,0,sm_89,COMM_ONLY,NCCL,C0_DEFAULT,2048,2048,2048,16,8,1048576,62,0,676.864,0.000,0.000,0.000,PASS,0
PHASEB_formal_comm_C0_DEFAULT_N2048_q16_rep2,0,4,0,sm_89,COMM_ONLY,NCCL,C0_DEFAULT,2048,2048,2048,16,9,1048576,62,0,746.112,0.000,0.000,0.000,PASS,0
PHASEB_formal_comm_C0_DEFAULT_N2048_q16_rep2,0,4,0,sm_89,COMM_ONLY,NCCL,C0_DEFAULT,2048,2048,2048,16,10,1048576,62,0,829.312,0.000,0.000,0.000,PASS,0
PHASEB_formal_comm_C0_DEFAULT_N2048_q16_rep2,0,4,0,sm_89,COMM_ONLY,NCCL,C0_DEFAULT,2048,2048,2048,16,11,1048576,62,0,897.024,0.000,0.000,0.000,PASS,0
PHASEB_formal_comm_C0_DEFAULT_N2048_q16_rep2,0,4,0,sm_89,COMM_ONLY,NCCL,C0_DEFAULT,2048,2048,2048,16,12,1048576,62,0,969.568,0.000,0.000,0.000,PASS,0
PHASEB_formal_comm_C0_DEFAULT_N2048_q16_rep2,0,4,0,sm_89,COMM_ONLY,NCCL,C0_DEFAULT,2048,2048,2048,16,13,1048576,62,0,1038.240,0.000,0.000,0.000,PASS,0
PHASEB_formal_comm_C0_DEFAULT_N2048_q16_rep2,0,4,0,sm_89,COMM_ONLY,NCCL,C0_DEFAULT,2048,2048,2048,16,14,1048576,62,0,1108.096,0.000,0.000,0.000,PASS,0
PHASEB_formal_comm_C0_DEFAULT_N2048_q16_rep2,0,4,0,sm_89,COMM_ONLY,NCCL,C0_DEFAULT,2048,2048,2048,16,15,1048576,62,0,1189.568,0.000,0.000,0.000,PASS,0
PHASEB_formal_comm_C0_DEFAULT_N2048_q16_rep2,0,4,0,sm_89,COMM_ONLY,NCCL,C0_DEFAULT,2048,2048,2048,16,0,1048576,63,0,110.208,0.000,0.000,0.000,PASS,0
PHASEB_formal_comm_C0_DEFAULT_N2048_q16_rep2,0,4,0,sm_89,COMM_ONLY,NCCL,C0_DEFAULT,2048,2048,2048,16,1,1048576,63,0,190.848,0.000,0.000,0.000,PASS,0
PHASEB_formal_comm_C0_DEFAULT_N2048_q16_rep2,0,4,0,sm_89,COMM_ONLY,NCCL,C0_DEFAULT,2048,2048,2048,16,2,1048576,63,0,260.192,0.000,0.000,0.000,PASS,0
PHASEB_formal_comm_C0_DEFAULT_N2048_q16_rep2,0,4,0,sm_89,COMM_ONLY,NCCL,C0_DEFAULT,2048,2048,2048,16,3,1048576,63,0,329.984,0.000,0.000,0.000,PASS,0
PHASEB_formal_comm_C0_DEFAULT_N2048_q16_rep2,0,4,0,sm_89,COMM_ONLY,NCCL,C0_DEFAULT,2048,2048,2048,16,4,1048576,63,0,411.424,0.000,0.000,0.000,PASS,0
PHASEB_formal_comm_C0_DEFAULT_N2048_q16_rep2,0,4,0,sm_89,COMM_ONLY,NCCL,C0_DEFAULT,2048,2048,2048,16,5,1048576,63,0,479.136,0.000,0.000,0.000,PASS,0
PHASEB_formal_comm_C0_DEFAULT_N2048_q16_rep2,0,4,0,sm_89,COMM_ONLY,NCCL,C0_DEFAULT,2048,2048,2048,16,6,1048576,63,0,546.368,0.000,0.000,0.000,PASS,0
PHASEB_formal_comm_C0_DEFAULT_N2048_q16_rep2,0,4,0,sm_89,COMM_ONLY,NCCL,C0_DEFAULT,2048,2048,2048,16,7,1048576,63,0,615.552,0.000,0.000,0.000,PASS,0
PHASEB_formal_comm_C0_DEFAULT_N2048_q16_rep2,0,4,0,sm_89,COMM_ONLY,NCCL,C0_DEFAULT,2048,2048,2048,16,8,1048576,63,0,683.872,0.000,0.000,0.000,PASS,0
PHASEB_formal_comm_C0_DEFAULT_N2048_q16_rep2,0,4,0,sm_89,COMM_ONLY,NCCL,C0_DEFAULT,2048,2048,2048,16,9,1048576,63,0,756.608,0.000,0.000,0.000,PASS,0
PHASEB_formal_comm_C0_DEFAULT_N2048_q16_rep2,0,4,0,sm_89,COMM_ONLY,NCCL,C0_DEFAULT,2048,2048,2048,16,10,1048576,63,0,824.928,0.000,0.000,0.000,PASS,0
PHASEB_formal_comm_C0_DEFAULT_N2048_q16_rep2,0,4,0,sm_89,COMM_ONLY,NCCL,C0_DEFAULT,2048,2048,2048,16,11,1048576,63,0,894.656,0.000,0.000,0.000,PASS,0
PHASEB_formal_comm_C0_DEFAULT_N2048_q16_rep2,0,4,0,sm_89,COMM_ONLY,NCCL,C0_DEFAULT,2048,2048,2048,16,12,1048576,63,0,964.864,0.000,0.000,0.000,PASS,0
PHASEB_formal_comm_C0_DEFAULT_N2048_q16_rep2,0,4,0,sm_89,COMM_ONLY,NCCL,C0_DEFAULT,2048,2048,2048,16,13,1048576,63,0,1034.784,0.000,0.000,0.000,PASS,0
PHASEB_formal_comm_C0_DEFAULT_N2048_q16_rep2,0,4,0,sm_89,COMM_ONLY,NCCL,C0_DEFAULT,2048,2048,2048,16,14,1048576,63,0,1103.936,0.000,0.000,0.000,PASS,0
PHASEB_formal_comm_C0_DEFAULT_N2048_q16_rep2,0,4,0,sm_89,COMM_ONLY,NCCL,C0_DEFAULT,2048,2048,2048,16,15,1048576,63,0,1173.792,0.000,0.000,0.000,PASS,0
PHASEB_formal_comm_C0_DEFAULT_N2048_q16_rep2,0,4,0,sm_89,COMM_ONLY,NCCL,C0_DEFAULT,2048,2048,2048,16,0,1048576,64,0,102.528,0.000,0.000,0.000,PASS,0
PHASEB_formal_comm_C0_DEFAULT_N2048_q16_rep2,0,4,0,sm_89,COMM_ONLY,NCCL,C0_DEFAULT,2048,2048,2048,16,1,1048576,64,0,172.576,0.000,0.000,0.000,PASS,0
PHASEB_formal_comm_C0_DEFAULT_N2048_q16_rep2,0,4,0,sm_89,COMM_ONLY,NCCL,C0_DEFAULT,2048,2048,2048,16,2,1048576,64,0,240.096,0.000,0.000,0.000,PASS,0
PHASEB_formal_comm_C0_DEFAULT_N2048_q16_rep2,0,4,0,sm_89,COMM_ONLY,NCCL,C0_DEFAULT,2048,2048,2048,16,3,1048576,64,0,309.952,0.000,0.000,0.000,PASS,0
PHASEB_formal_comm_C0_DEFAULT_N2048_q16_rep2,0,4,0,sm_89,COMM_ONLY,NCCL,C0_DEFAULT,2048,2048,2048,16,4,1048576,64,0,379.360,0.000,0.000,0.000,PASS,0
PHASEB_formal_comm_C0_DEFAULT_N2048_q16_rep2,0,4,0,sm_89,COMM_ONLY,NCCL,C0_DEFAULT,2048,2048,2048,16,5,1048576,64,0,447.776,0.000,0.000,0.000,PASS,0
PHASEB_formal_comm_C0_DEFAULT_N2048_q16_rep2,0,4,0,sm_89,COMM_ONLY,NCCL,C0_DEFAULT,2048,2048,2048,16,6,1048576,64,0,520.992,0.000,0.000,0.000,PASS,0
PHASEB_formal_comm_C0_DEFAULT_N2048_q16_rep2,0,4,0,sm_89,COMM_ONLY,NCCL,C0_DEFAULT,2048,2048,2048,16,7,1048576,64,0,600.992,0.000,0.000,0.000,PASS,0
PHASEB_formal_comm_C0_DEFAULT_N2048_q16_rep2,0,4,0,sm_89,COMM_ONLY,NCCL,C0_DEFAULT,2048,2048,2048,16,8,1048576,64,0,671.360,0.000,0.000,0.000,PASS,0
PHASEB_formal_comm_C0_DEFAULT_N2048_q16_rep2,0,4,0,sm_89,COMM_ONLY,NCCL,C0_DEFAULT,2048,2048,2048,16,9,1048576,64,0,739.424,0.000,0.000,0.000,PASS,0
PHASEB_formal_comm_C0_DEFAULT_N2048_q16_rep2,0,4,0,sm_89,COMM_ONLY,NCCL,C0_DEFAULT,2048,2048,2048,16,10,1048576,64,0,808.224,0.000,0.000,0.000,PASS,0
PHASEB_formal_comm_C0_DEFAULT_N2048_q16_rep2,0,4,0,sm_89,COMM_ONLY,NCCL,C0_DEFAULT,2048,2048,2048,16,11,1048576,64,0,878.720,0.000,0.000,0.000,PASS,0
PHASEB_formal_comm_C0_DEFAULT_N2048_q16_rep2,0,4,0,sm_89,COMM_ONLY,NCCL,C0_DEFAULT,2048,2048,2048,16,12,1048576,64,0,958.656,0.000,0.000,0.000,PASS,0
PHASEB_formal_comm_C0_DEFAULT_N2048_q16_rep2,0,4,0,sm_89,COMM_ONLY,NCCL,C0_DEFAULT,2048,2048,2048,16,13,1048576,64,0,1040.544,0.000,0.000,0.000,PASS,0
PHASEB_formal_comm_C0_DEFAULT_N2048_q16_rep2,0,4,0,sm_89,COMM_ONLY,NCCL,C0_DEFAULT,2048,2048,2048,16,14,1048576,64,0,1109.984,0.000,0.000,0.000,PASS,0
PHASEB_formal_comm_C0_DEFAULT_N2048_q16_rep2,0,4,0,sm_89,COMM_ONLY,NCCL,C0_DEFAULT,2048,2048,2048,16,15,1048576,64,0,1180.928,0.000,0.000,0.000,PASS,0
PHASEB_formal_comm_C0_DEFAULT_N2048_q16_rep2,0,4,0,sm_89,COMM_ONLY,NCCL,C0_DEFAULT,2048,2048,2048,16,0,1048576,65,0,102.432,0.000,0.000,0.000,PASS,0
PHASEB_formal_comm_C0_DEFAULT_N2048_q16_rep2,0,4,0,sm_89,COMM_ONLY,NCCL,C0_DEFAULT,2048,2048,2048,16,1,1048576,65,0,184.448,0.000,0.000,0.000,PASS,0
PHASEB_formal_comm_C0_DEFAULT_N2048_q16_rep2,0,4,0,sm_89,COMM_ONLY,NCCL,C0_DEFAULT,2048,2048,2048,16,2,1048576,65,0,252.992,0.000,0.000,0.000,PASS,0
PHASEB_formal_comm_C0_DEFAULT_N2048_q16_rep2,0,4,0,sm_89,COMM_ONLY,NCCL,C0_DEFAULT,2048,2048,2048,16,3,1048576,65,0,321.952,0.000,0.000,0.000,PASS,0
PHASEB_formal_comm_C0_DEFAULT_N2048_q16_rep2,0,4,0,sm_89,COMM_ONLY,NCCL,C0_DEFAULT,2048,2048,2048,16,4,1048576,65,0,400.224,0.000,0.000,0.000,PASS,0
PHASEB_formal_comm_C0_DEFAULT_N2048_q16_rep2,0,4,0,sm_89,COMM_ONLY,NCCL,C0_DEFAULT,2048,2048,2048,16,5,1048576,65,0,484.320,0.000,0.000,0.000,PASS,0
PHASEB_formal_comm_C0_DEFAULT_N2048_q16_rep2,0,4,0,sm_89,COMM_ONLY,NCCL,C0_DEFAULT,2048,2048,2048,16,6,1048576,65,0,576.416,0.000,0.000,0.000,PASS,0
PHASEB_formal_comm_C0_DEFAULT_N2048_q16_rep2,0,4,0,sm_89,COMM_ONLY,NCCL,C0_DEFAULT,2048,2048,2048,16,7,1048576,65,0,647.744,0.000,0.000,0.000,PASS,0
PHASEB_formal_comm_C0_DEFAULT_N2048_q16_rep2,0,4,0,sm_89,COMM_ONLY,NCCL,C0_DEFAULT,2048,2048,2048,16,8,1048576,65,0,716.800,0.000,0.000,0.000,PASS,0
PHASEB_formal_comm_C0_DEFAULT_N2048_q16_rep2,0,4,0,sm_89,COMM_ONLY,NCCL,C0_DEFAULT,2048,2048,2048,16,9,1048576,65,0,785.376,0.000,0.000,0.000,PASS,0
PHASEB_formal_comm_C0_DEFAULT_N2048_q16_rep2,0,4,0,sm_89,COMM_ONLY,NCCL,C0_DEFAULT,2048,2048,2048,16,10,1048576,65,0,855.968,0.000,0.000,0.000,PASS,0
PHASEB_formal_comm_C0_DEFAULT_N2048_q16_rep2,0,4,0,sm_89,COMM_ONLY,NCCL,C0_DEFAULT,2048,2048,2048,16,11,1048576,65,0,924.480,0.000,0.000,0.000,PASS,0
PHASEB_formal_comm_C0_DEFAULT_N2048_q16_rep2,0,4,0,sm_89,COMM_ONLY,NCCL,C0_DEFAULT,2048,2048,2048,16,12,1048576,65,0,994.432,0.000,0.000,0.000,PASS,0
PHASEB_formal_comm_C0_DEFAULT_N2048_q16_rep2,0,4,0,sm_89,COMM_ONLY,NCCL,C0_DEFAULT,2048,2048,2048,16,13,1048576,65,0,1064.192,0.000,0.000,0.000,PASS,0
PHASEB_formal_comm_C0_DEFAULT_N2048_q16_rep2,0,4,0,sm_89,COMM_ONLY,NCCL,C0_DEFAULT,2048,2048,2048,16,14,1048576,65,0,1133.824,0.000,0.000,0.000,PASS,0
PHASEB_formal_comm_C0_DEFAULT_N2048_q16_rep2,0,4,0,sm_89,COMM_ONLY,NCCL,C0_DEFAULT,2048,2048,2048,16,15,1048576,65,0,1203.328,0.000,0.000,0.000,PASS,0
PHASEB_formal_comm_C0_DEFAULT_N2048_q16_rep2,0,4,0,sm_89,COMM_ONLY,NCCL,C0_DEFAULT,2048,2048,2048,16,0,1048576,66,0,99.328,0.000,0.000,0.000,PASS,0
PHASEB_formal_comm_C0_DEFAULT_N2048_q16_rep2,0,4,0,sm_89,COMM_ONLY,NCCL,C0_DEFAULT,2048,2048,2048,16,1,1048576,66,0,168.512,0.000,0.000,0.000,PASS,0
PHASEB_formal_comm_C0_DEFAULT_N2048_q16_rep2,0,4,0,sm_89,COMM_ONLY,NCCL,C0_DEFAULT,2048,2048,2048,16,2,1048576,66,0,237.376,0.000,0.000,0.000,PASS,0
PHASEB_formal_comm_C0_DEFAULT_N2048_q16_rep2,0,4,0,sm_89,COMM_ONLY,NCCL,C0_DEFAULT,2048,2048,2048,16,3,1048576,66,0,306.560,0.000,0.000,0.000,PASS,0
PHASEB_formal_comm_C0_DEFAULT_N2048_q16_rep2,0,4,0,sm_89,COMM_ONLY,NCCL,C0_DEFAULT,2048,2048,2048,16,4,1048576,66,0,375.360,0.000,0.000,0.000,PASS,0
PHASEB_formal_comm_C0_DEFAULT_N2048_q16_rep2,0,4,0,sm_89,COMM_ONLY,NCCL,C0_DEFAULT,2048,2048,2048,16,5,1048576,66,0,443.328,0.000,0.000,0.000,PASS,0
PHASEB_formal_comm_C0_DEFAULT_N2048_q16_rep2,0,4,0,sm_89,COMM_ONLY,NCCL,C0_DEFAULT,2048,2048,2048,16,6,1048576,66,0,513.120,0.000,0.000,0.000,PASS,0
PHASEB_formal_comm_C0_DEFAULT_N2048_q16_rep2,0,4,0,sm_89,COMM_ONLY,NCCL,C0_DEFAULT,2048,2048,2048,16,7,1048576,66,0,580.896,0.000,0.000,0.000,PASS,0
PHASEB_formal_comm_C0_DEFAULT_N2048_q16_rep2,0,4,0,sm_89,COMM_ONLY,NCCL,C0_DEFAULT,2048,2048,2048,16,8,1048576,66,0,649.120,0.000,0.000,0.000,PASS,0
PHASEB_formal_comm_C0_DEFAULT_N2048_q16_rep2,0,4,0,sm_89,COMM_ONLY,NCCL,C0_DEFAULT,2048,2048,2048,16,9,1048576,66,0,718.880,0.000,0.000,0.000,PASS,0
PHASEB_formal_comm_C0_DEFAULT_N2048_q16_rep2,0,4,0,sm_89,COMM_ONLY,NCCL,C0_DEFAULT,2048,2048,2048,16,10,1048576,66,0,788.160,0.000,0.000,0.000,PASS,0
PHASEB_formal_comm_C0_DEFAULT_N2048_q16_rep2,0,4,0,sm_89,COMM_ONLY,NCCL,C0_DEFAULT,2048,2048,2048,16,11,1048576,66,0,857.888,0.000,0.000,0.000,PASS,0
PHASEB_formal_comm_C0_DEFAULT_N2048_q16_rep2,0,4,0,sm_89,COMM_ONLY,NCCL,C0_DEFAULT,2048,2048,2048,16,12,1048576,66,0,933.184,0.000,0.000,0.000,PASS,0
PHASEB_formal_comm_C0_DEFAULT_N2048_q16_rep2,0,4,0,sm_89,COMM_ONLY,NCCL,C0_DEFAULT,2048,2048,2048,16,13,1048576,66,0,1012.768,0.000,0.000,0.000,PASS,0
PHASEB_formal_comm_C0_DEFAULT_N2048_q16_rep2,0,4,0,sm_89,COMM_ONLY,NCCL,C0_DEFAULT,2048,2048,2048,16,14,1048576,66,0,1084.448,0.000,0.000,0.000,PASS,0
PHASEB_formal_comm_C0_DEFAULT_N2048_q16_rep2,0,4,0,sm_89,COMM_ONLY,NCCL,C0_DEFAULT,2048,2048,2048,16,15,1048576,66,0,1154.368,0.000,0.000,0.000,PASS,0
PHASEB_formal_comm_C0_DEFAULT_N2048_q16_rep2,0,4,0,sm_89,COMM_ONLY,NCCL,C0_DEFAULT,2048,2048,2048,16,0,1048576,67,0,100.832,0.000,0.000,0.000,PASS,0
PHASEB_formal_comm_C0_DEFAULT_N2048_q16_rep2,0,4,0,sm_89,COMM_ONLY,NCCL,C0_DEFAULT,2048,2048,2048,16,1,1048576,67,0,171.296,0.000,0.000,0.000,PASS,0
PHASEB_formal_comm_C0_DEFAULT_N2048_q16_rep2,0,4,0,sm_89,COMM_ONLY,NCCL,C0_DEFAULT,2048,2048,2048,16,2,1048576,67,0,238.976,0.000,0.000,0.000,PASS,0
PHASEB_formal_comm_C0_DEFAULT_N2048_q16_rep2,0,4,0,sm_89,COMM_ONLY,NCCL,C0_DEFAULT,2048,2048,2048,16,3,1048576,67,0,308.832,0.000,0.000,0.000,PASS,0
PHASEB_formal_comm_C0_DEFAULT_N2048_q16_rep2,0,4,0,sm_89,COMM_ONLY,NCCL,C0_DEFAULT,2048,2048,2048,16,4,1048576,67,0,377.632,0.000,0.000,0.000,PASS,0
PHASEB_formal_comm_C0_DEFAULT_N2048_q16_rep2,0,4,0,sm_89,COMM_ONLY,NCCL,C0_DEFAULT,2048,2048,2048,16,5,1048576,67,0,446.208,0.000,0.000,0.000,PASS,0
PHASEB_formal_comm_C0_DEFAULT_N2048_q16_rep2,0,4,0,sm_89,COMM_ONLY,NCCL,C0_DEFAULT,2048,2048,2048,16,6,1048576,67,0,514.208,0.000,0.000,0.000,PASS,0
PHASEB_formal_comm_C0_DEFAULT_N2048_q16_rep2,0,4,0,sm_89,COMM_ONLY,NCCL,C0_DEFAULT,2048,2048,2048,16,7,1048576,67,0,582.304,0.000,0.000,0.000,PASS,0
PHASEB_formal_comm_C0_DEFAULT_N2048_q16_rep2,0,4,0,sm_89,COMM_ONLY,NCCL,C0_DEFAULT,2048,2048,2048,16,8,1048576,67,0,652.384,0.000,0.000,0.000,PASS,0
PHASEB_formal_comm_C0_DEFAULT_N2048_q16_rep2,0,4,0,sm_89,COMM_ONLY,NCCL,C0_DEFAULT,2048,2048,2048,16,9,1048576,67,0,720.544,0.000,0.000,0.000,PASS,0
PHASEB_formal_comm_C0_DEFAULT_N2048_q16_rep2,0,4,0,sm_89,COMM_ONLY,NCCL,C0_DEFAULT,2048,2048,2048,16,10,1048576,67,0,790.304,0.000,0.000,0.000,PASS,0
PHASEB_formal_comm_C0_DEFAULT_N2048_q16_rep2,0,4,0,sm_89,COMM_ONLY,NCCL,C0_DEFAULT,2048,2048,2048,16,11,1048576,67,0,860.128,0.000,0.000,0.000,PASS,0
PHASEB_formal_comm_C0_DEFAULT_N2048_q16_rep2,0,4,0,sm_89,COMM_ONLY,NCCL,C0_DEFAULT,2048,2048,2048,16,12,1048576,67,0,928.960,0.000,0.000,0.000,PASS,0
PHASEB_formal_comm_C0_DEFAULT_N2048_q16_rep2,0,4,0,sm_89,COMM_ONLY,NCCL,C0_DEFAULT,2048,2048,2048,16,13,1048576,67,0,997.568,0.000,0.000,0.000,PASS,0
PHASEB_formal_comm_C0_DEFAULT_N2048_q16_rep2,0,4,0,sm_89,COMM_ONLY,NCCL,C0_DEFAULT,2048,2048,2048,16,14,1048576,67,0,1066.784,0.000,0.000,0.000,PASS,0
PHASEB_formal_comm_C0_DEFAULT_N2048_q16_rep2,0,4,0,sm_89,COMM_ONLY,NCCL,C0_DEFAULT,2048,2048,2048,16,15,1048576,67,0,1146.688,0.000,0.000,0.000,PASS,0
PHASEB_formal_comm_C0_DEFAULT_N2048_q16_rep2,0,4,0,sm_89,COMM_ONLY,NCCL,C0_DEFAULT,2048,2048,2048,16,0,1048576,68,0,109.984,0.000,0.000,0.000,PASS,0
PHASEB_formal_comm_C0_DEFAULT_N2048_q16_rep2,0,4,0,sm_89,COMM_ONLY,NCCL,C0_DEFAULT,2048,2048,2048,16,1,1048576,68,0,181.088,0.000,0.000,0.000,PASS,0
PHASEB_formal_comm_C0_DEFAULT_N2048_q16_rep2,0,4,0,sm_89,COMM_ONLY,NCCL,C0_DEFAULT,2048,2048,2048,16,2,1048576,68,0,250.080,0.000,0.000,0.000,PASS,0
PHASEB_formal_comm_C0_DEFAULT_N2048_q16_rep2,0,4,0,sm_89,COMM_ONLY,NCCL,C0_DEFAULT,2048,2048,2048,16,3,1048576,68,0,319.232,0.000,0.000,0.000,PASS,0
PHASEB_formal_comm_C0_DEFAULT_N2048_q16_rep2,0,4,0,sm_89,COMM_ONLY,NCCL,C0_DEFAULT,2048,2048,2048,16,4,1048576,68,0,387.584,0.000,0.000,0.000,PASS,0
PHASEB_formal_comm_C0_DEFAULT_N2048_q16_rep2,0,4,0,sm_89,COMM_ONLY,NCCL,C0_DEFAULT,2048,2048,2048,16,5,1048576,68,0,468.864,0.000,0.000,0.000,PASS,0
PHASEB_formal_comm_C0_DEFAULT_N2048_q16_rep2,0,4,0,sm_89,COMM_ONLY,NCCL,C0_DEFAULT,2048,2048,2048,16,6,1048576,68,0,540.224,0.000,0.000,0.000,PASS,0
PHASEB_formal_comm_C0_DEFAULT_N2048_q16_rep2,0,4,0,sm_89,COMM_ONLY,NCCL,C0_DEFAULT,2048,2048,2048,16,7,1048576,68,0,609.600,0.000,0.000,0.000,PASS,0
PHASEB_formal_comm_C0_DEFAULT_N2048_q16_rep2,0,4,0,sm_89,COMM_ONLY,NCCL,C0_DEFAULT,2048,2048,2048,16,8,1048576,68,0,678.880,0.000,0.000,0.000,PASS,0
PHASEB_formal_comm_C0_DEFAULT_N2048_q16_rep2,0,4,0,sm_89,COMM_ONLY,NCCL,C0_DEFAULT,2048,2048,2048,16,9,1048576,68,0,748.384,0.000,0.000,0.000,PASS,0
PHASEB_formal_comm_C0_DEFAULT_N2048_q16_rep2,0,4,0,sm_89,COMM_ONLY,NCCL,C0_DEFAULT,2048,2048,2048,16,10,1048576,68,0,817.216,0.000,0.000,0.000,PASS,0
PHASEB_formal_comm_C0_DEFAULT_N2048_q16_rep2,0,4,0,sm_89,COMM_ONLY,NCCL,C0_DEFAULT,2048,2048,2048,16,11,1048576,68,0,888.096,0.000,0.000,0.000,PASS,0
PHASEB_formal_comm_C0_DEFAULT_N2048_q16_rep2,0,4,0,sm_89,COMM_ONLY,NCCL,C0_DEFAULT,2048,2048,2048,16,12,1048576,68,0,957.728,0.000,0.000,0.000,PASS,0
PHASEB_formal_comm_C0_DEFAULT_N2048_q16_rep2,0,4,0,sm_89,COMM_ONLY,NCCL,C0_DEFAULT,2048,2048,2048,16,13,1048576,68,0,1027.104,0.000,0.000,0.000,PASS,0
PHASEB_formal_comm_C0_DEFAULT_N2048_q16_rep2,0,4,0,sm_89,COMM_ONLY,NCCL,C0_DEFAULT,2048,2048,2048,16,14,1048576,68,0,1095.872,0.000,0.000,0.000,PASS,0
PHASEB_formal_comm_C0_DEFAULT_N2048_q16_rep2,0,4,0,sm_89,COMM_ONLY,NCCL,C0_DEFAULT,2048,2048,2048,16,15,1048576,68,0,1166.272,0.000,0.000,0.000,PASS,0
PHASEB_formal_comm_C0_DEFAULT_N2048_q16_rep2,0,4,0,sm_89,COMM_ONLY,NCCL,C0_DEFAULT,2048,2048,2048,16,0,1048576,69,0,101.248,0.000,0.000,0.000,PASS,0
PHASEB_formal_comm_C0_DEFAULT_N2048_q16_rep2,0,4,0,sm_89,COMM_ONLY,NCCL,C0_DEFAULT,2048,2048,2048,16,1,1048576,69,0,172.928,0.000,0.000,0.000,PASS,0
PHASEB_formal_comm_C0_DEFAULT_N2048_q16_rep2,0,4,0,sm_89,COMM_ONLY,NCCL,C0_DEFAULT,2048,2048,2048,16,2,1048576,69,0,240.896,0.000,0.000,0.000,PASS,0
PHASEB_formal_comm_C0_DEFAULT_N2048_q16_rep2,0,4,0,sm_89,COMM_ONLY,NCCL,C0_DEFAULT,2048,2048,2048,16,3,1048576,69,0,313.856,0.000,0.000,0.000,PASS,0
PHASEB_formal_comm_C0_DEFAULT_N2048_q16_rep2,0,4,0,sm_89,COMM_ONLY,NCCL,C0_DEFAULT,2048,2048,2048,16,4,1048576,69,0,384.832,0.000,0.000,0.000,PASS,0
PHASEB_formal_comm_C0_DEFAULT_N2048_q16_rep2,0,4,0,sm_89,COMM_ONLY,NCCL,C0_DEFAULT,2048,2048,2048,16,5,1048576,69,0,454.016,0.000,0.000,0.000,PASS,0
PHASEB_formal_comm_C0_DEFAULT_N2048_q16_rep2,0,4,0,sm_89,COMM_ONLY,NCCL,C0_DEFAULT,2048,2048,2048,16,6,1048576,69,0,531.264,0.000,0.000,0.000,PASS,0
PHASEB_formal_comm_C0_DEFAULT_N2048_q16_rep2,0,4,0,sm_89,COMM_ONLY,NCCL,C0_DEFAULT,2048,2048,2048,16,7,1048576,69,0,611.584,0.000,0.000,0.000,PASS,0
PHASEB_formal_comm_C0_DEFAULT_N2048_q16_rep2,0,4,0,sm_89,COMM_ONLY,NCCL,C0_DEFAULT,2048,2048,2048,16,8,1048576,69,0,681.216,0.000,0.000,0.000,PASS,0
PHASEB_formal_comm_C0_DEFAULT_N2048_q16_rep2,0,4,0,sm_89,COMM_ONLY,NCCL,C0_DEFAULT,2048,2048,2048,16,9,1048576,69,0,749.632,0.000,0.000,0.000,PASS,0
PHASEB_formal_comm_C0_DEFAULT_N2048_q16_rep2,0,4,0,sm_89,COMM_ONLY,NCCL,C0_DEFAULT,2048,2048,2048,16,10,1048576,69,0,817.728,0.000,0.000,0.000,PASS,0
PHASEB_formal_comm_C0_DEFAULT_N2048_q16_rep2,0,4,0,sm_89,COMM_ONLY,NCCL,C0_DEFAULT,2048,2048,2048,16,11,1048576,69,0,887.552,0.000,0.000,0.000,PASS,0
PHASEB_formal_comm_C0_DEFAULT_N2048_q16_rep2,0,4,0,sm_89,COMM_ONLY,NCCL,C0_DEFAULT,2048,2048,2048,16,12,1048576,69,0,957.024,0.000,0.000,0.000,PASS,0
PHASEB_formal_comm_C0_DEFAULT_N2048_q16_rep2,0,4,0,sm_89,COMM_ONLY,NCCL,C0_DEFAULT,2048,2048,2048,16,13,1048576,69,0,1026.016,0.000,0.000,0.000,PASS,0
PHASEB_formal_comm_C0_DEFAULT_N2048_q16_rep2,0,4,0,sm_89,COMM_ONLY,NCCL,C0_DEFAULT,2048,2048,2048,16,14,1048576,69,0,1107.072,0.000,0.000,0.000,PASS,0
PHASEB_formal_comm_C0_DEFAULT_N2048_q16_rep2,0,4,0,sm_89,COMM_ONLY,NCCL,C0_DEFAULT,2048,2048,2048,16,15,1048576,69,0,1191.328,0.000,0.000,0.000,PASS,0
PHASEB_formal_comm_C0_DEFAULT_N2048_q16_rep2,0,4,0,sm_89,COMM_ONLY,NCCL,C0_DEFAULT,2048,2048,2048,16,0,1048576,70,0,104.384,0.000,0.000,0.000,PASS,0
PHASEB_formal_comm_C0_DEFAULT_N2048_q16_rep2,0,4,0,sm_89,COMM_ONLY,NCCL,C0_DEFAULT,2048,2048,2048,16,1,1048576,70,0,174.944,0.000,0.000,0.000,PASS,0
PHASEB_formal_comm_C0_DEFAULT_N2048_q16_rep2,0,4,0,sm_89,COMM_ONLY,NCCL,C0_DEFAULT,2048,2048,2048,16,2,1048576,70,0,242.112,0.000,0.000,0.000,PASS,0
PHASEB_formal_comm_C0_DEFAULT_N2048_q16_rep2,0,4,0,sm_89,COMM_ONLY,NCCL,C0_DEFAULT,2048,2048,2048,16,3,1048576,70,0,333.120,0.000,0.000,0.000,PASS,0
PHASEB_formal_comm_C0_DEFAULT_N2048_q16_rep2,0,4,0,sm_89,COMM_ONLY,NCCL,C0_DEFAULT,2048,2048,2048,16,4,1048576,70,0,402.240,0.000,0.000,0.000,PASS,0
PHASEB_formal_comm_C0_DEFAULT_N2048_q16_rep2,0,4,0,sm_89,COMM_ONLY,NCCL,C0_DEFAULT,2048,2048,2048,16,5,1048576,70,0,471.520,0.000,0.000,0.000,PASS,0
PHASEB_formal_comm_C0_DEFAULT_N2048_q16_rep2,0,4,0,sm_89,COMM_ONLY,NCCL,C0_DEFAULT,2048,2048,2048,16,6,1048576,70,0,554.560,0.000,0.000,0.000,PASS,0
PHASEB_formal_comm_C0_DEFAULT_N2048_q16_rep2,0,4,0,sm_89,COMM_ONLY,NCCL,C0_DEFAULT,2048,2048,2048,16,7,1048576,70,0,640.256,0.000,0.000,0.000,PASS,0
PHASEB_formal_comm_C0_DEFAULT_N2048_q16_rep2,0,4,0,sm_89,COMM_ONLY,NCCL,C0_DEFAULT,2048,2048,2048,16,8,1048576,70,0,712.672,0.000,0.000,0.000,PASS,0
PHASEB_formal_comm_C0_DEFAULT_N2048_q16_rep2,0,4,0,sm_89,COMM_ONLY,NCCL,C0_DEFAULT,2048,2048,2048,16,9,1048576,70,0,794.368,0.000,0.000,0.000,PASS,0
PHASEB_formal_comm_C0_DEFAULT_N2048_q16_rep2,0,4,0,sm_89,COMM_ONLY,NCCL,C0_DEFAULT,2048,2048,2048,16,10,1048576,70,0,863.072,0.000,0.000,0.000,PASS,0
PHASEB_formal_comm_C0_DEFAULT_N2048_q16_rep2,0,4,0,sm_89,COMM_ONLY,NCCL,C0_DEFAULT,2048,2048,2048,16,11,1048576,70,0,931.296,0.000,0.000,0.000,PASS,0
PHASEB_formal_comm_C0_DEFAULT_N2048_q16_rep2,0,4,0,sm_89,COMM_ONLY,NCCL,C0_DEFAULT,2048,2048,2048,16,12,1048576,70,0,1000.544,0.000,0.000,0.000,PASS,0
PHASEB_formal_comm_C0_DEFAULT_N2048_q16_rep2,0,4,0,sm_89,COMM_ONLY,NCCL,C0_DEFAULT,2048,2048,2048,16,13,1048576,70,0,1072.864,0.000,0.000,0.000,PASS,0
PHASEB_formal_comm_C0_DEFAULT_N2048_q16_rep2,0,4,0,sm_89,COMM_ONLY,NCCL,C0_DEFAULT,2048,2048,2048,16,14,1048576,70,0,1152.736,0.000,0.000,0.000,PASS,0
PHASEB_formal_comm_C0_DEFAULT_N2048_q16_rep2,0,4,0,sm_89,COMM_ONLY,NCCL,C0_DEFAULT,2048,2048,2048,16,15,1048576,70,0,1222.656,0.000,0.000,0.000,PASS,0
PHASEB_formal_comm_C0_DEFAULT_N2048_q16_rep2,0,4,0,sm_89,COMM_ONLY,NCCL,C0_DEFAULT,2048,2048,2048,16,0,1048576,71,0,103.392,0.000,0.000,0.000,PASS,0
PHASEB_formal_comm_C0_DEFAULT_N2048_q16_rep2,0,4,0,sm_89,COMM_ONLY,NCCL,C0_DEFAULT,2048,2048,2048,16,1,1048576,71,0,184.832,0.000,0.000,0.000,PASS,0
PHASEB_formal_comm_C0_DEFAULT_N2048_q16_rep2,0,4,0,sm_89,COMM_ONLY,NCCL,C0_DEFAULT,2048,2048,2048,16,2,1048576,71,0,252.096,0.000,0.000,0.000,PASS,0
PHASEB_formal_comm_C0_DEFAULT_N2048_q16_rep2,0,4,0,sm_89,COMM_ONLY,NCCL,C0_DEFAULT,2048,2048,2048,16,3,1048576,71,0,325.760,0.000,0.000,0.000,PASS,0
PHASEB_formal_comm_C0_DEFAULT_N2048_q16_rep2,0,4,0,sm_89,COMM_ONLY,NCCL,C0_DEFAULT,2048,2048,2048,16,4,1048576,71,0,426.080,0.000,0.000,0.000,PASS,0
PHASEB_formal_comm_C0_DEFAULT_N2048_q16_rep2,0,4,0,sm_89,COMM_ONLY,NCCL,C0_DEFAULT,2048,2048,2048,16,5,1048576,71,0,493.216,0.000,0.000,0.000,PASS,0
PHASEB_formal_comm_C0_DEFAULT_N2048_q16_rep2,0,4,0,sm_89,COMM_ONLY,NCCL,C0_DEFAULT,2048,2048,2048,16,6,1048576,71,0,577.696,0.000,0.000,0.000,PASS,0
PHASEB_formal_comm_C0_DEFAULT_N2048_q16_rep2,0,4,0,sm_89,COMM_ONLY,NCCL,C0_DEFAULT,2048,2048,2048,16,7,1048576,71,0,646.560,0.000,0.000,0.000,PASS,0
PHASEB_formal_comm_C0_DEFAULT_N2048_q16_rep2,0,4,0,sm_89,COMM_ONLY,NCCL,C0_DEFAULT,2048,2048,2048,16,8,1048576,71,0,715.680,0.000,0.000,0.000,PASS,0
PHASEB_formal_comm_C0_DEFAULT_N2048_q16_rep2,0,4,0,sm_89,COMM_ONLY,NCCL,C0_DEFAULT,2048,2048,2048,16,9,1048576,71,0,784.352,0.000,0.000,0.000,PASS,0
PHASEB_formal_comm_C0_DEFAULT_N2048_q16_rep2,0,4,0,sm_89,COMM_ONLY,NCCL,C0_DEFAULT,2048,2048,2048,16,10,1048576,71,0,854.720,0.000,0.000,0.000,PASS,0
PHASEB_formal_comm_C0_DEFAULT_N2048_q16_rep2,0,4,0,sm_89,COMM_ONLY,NCCL,C0_DEFAULT,2048,2048,2048,16,11,1048576,71,0,923.648,0.000,0.000,0.000,PASS,0
PHASEB_formal_comm_C0_DEFAULT_N2048_q16_rep2,0,4,0,sm_89,COMM_ONLY,NCCL,C0_DEFAULT,2048,2048,2048,16,12,1048576,71,0,993.248,0.000,0.000,0.000,PASS,0
PHASEB_formal_comm_C0_DEFAULT_N2048_q16_rep2,0,4,0,sm_89,COMM_ONLY,NCCL,C0_DEFAULT,2048,2048,2048,16,13,1048576,71,0,1061.024,0.000,0.000,0.000,PASS,0
PHASEB_formal_comm_C0_DEFAULT_N2048_q16_rep2,0,4,0,sm_89,COMM_ONLY,NCCL,C0_DEFAULT,2048,2048,2048,16,14,1048576,71,0,1133.664,0.000,0.000,0.000,PASS,0
PHASEB_formal_comm_C0_DEFAULT_N2048_q16_rep2,0,4,0,sm_89,COMM_ONLY,NCCL,C0_DEFAULT,2048,2048,2048,16,15,1048576,71,0,1203.200,0.000,0.000,0.000,PASS,0
PHASEB_formal_comm_C0_DEFAULT_N2048_q16_rep2,0,4,0,sm_89,COMM_ONLY,NCCL,C0_DEFAULT,2048,2048,2048,16,0,1048576,72,0,101.792,0.000,0.000,0.000,PASS,0
PHASEB_formal_comm_C0_DEFAULT_N2048_q16_rep2,0,4,0,sm_89,COMM_ONLY,NCCL,C0_DEFAULT,2048,2048,2048,16,1,1048576,72,0,172.256,0.000,0.000,0.000,PASS,0
PHASEB_formal_comm_C0_DEFAULT_N2048_q16_rep2,0,4,0,sm_89,COMM_ONLY,NCCL,C0_DEFAULT,2048,2048,2048,16,2,1048576,72,0,239.008,0.000,0.000,0.000,PASS,0
PHASEB_formal_comm_C0_DEFAULT_N2048_q16_rep2,0,4,0,sm_89,COMM_ONLY,NCCL,C0_DEFAULT,2048,2048,2048,16,3,1048576,72,0,310.912,0.000,0.000,0.000,PASS,0
PHASEB_formal_comm_C0_DEFAULT_N2048_q16_rep2,0,4,0,sm_89,COMM_ONLY,NCCL,C0_DEFAULT,2048,2048,2048,16,4,1048576,72,0,401.472,0.000,0.000,0.000,PASS,0
PHASEB_formal_comm_C0_DEFAULT_N2048_q16_rep2,0,4,0,sm_89,COMM_ONLY,NCCL,C0_DEFAULT,2048,2048,2048,16,5,1048576,72,0,495.616,0.000,0.000,0.000,PASS,0
PHASEB_formal_comm_C0_DEFAULT_N2048_q16_rep2,0,4,0,sm_89,COMM_ONLY,NCCL,C0_DEFAULT,2048,2048,2048,16,6,1048576,72,0,565.184,0.000,0.000,0.000,PASS,0
PHASEB_formal_comm_C0_DEFAULT_N2048_q16_rep2,0,4,0,sm_89,COMM_ONLY,NCCL,C0_DEFAULT,2048,2048,2048,16,7,1048576,72,0,636.736,0.000,0.000,0.000,PASS,0
PHASEB_formal_comm_C0_DEFAULT_N2048_q16_rep2,0,4,0,sm_89,COMM_ONLY,NCCL,C0_DEFAULT,2048,2048,2048,16,8,1048576,72,0,705.408,0.000,0.000,0.000,PASS,0
PHASEB_formal_comm_C0_DEFAULT_N2048_q16_rep2,0,4,0,sm_89,COMM_ONLY,NCCL,C0_DEFAULT,2048,2048,2048,16,9,1048576,72,0,775.744,0.000,0.000,0.000,PASS,0
PHASEB_formal_comm_C0_DEFAULT_N2048_q16_rep2,0,4,0,sm_89,COMM_ONLY,NCCL,C0_DEFAULT,2048,2048,2048,16,10,1048576,72,0,844.160,0.000,0.000,0.000,PASS,0
PHASEB_formal_comm_C0_DEFAULT_N2048_q16_rep2,0,4,0,sm_89,COMM_ONLY,NCCL,C0_DEFAULT,2048,2048,2048,16,11,1048576,72,0,926.752,0.000,0.000,0.000,PASS,0
PHASEB_formal_comm_C0_DEFAULT_N2048_q16_rep2,0,4,0,sm_89,COMM_ONLY,NCCL,C0_DEFAULT,2048,2048,2048,16,12,1048576,72,0,1010.400,0.000,0.000,0.000,PASS,0
PHASEB_formal_comm_C0_DEFAULT_N2048_q16_rep2,0,4,0,sm_89,COMM_ONLY,NCCL,C0_DEFAULT,2048,2048,2048,16,13,1048576,72,0,1079.232,0.000,0.000,0.000,PASS,0
PHASEB_formal_comm_C0_DEFAULT_N2048_q16_rep2,0,4,0,sm_89,COMM_ONLY,NCCL,C0_DEFAULT,2048,2048,2048,16,14,1048576,72,0,1148.992,0.000,0.000,0.000,PASS,0
PHASEB_formal_comm_C0_DEFAULT_N2048_q16_rep2,0,4,0,sm_89,COMM_ONLY,NCCL,C0_DEFAULT,2048,2048,2048,16,15,1048576,72,0,1218.848,0.000,0.000,0.000,PASS,0
PHASEB_formal_comm_C0_DEFAULT_N2048_q16_rep2,0,4,0,sm_89,COMM_ONLY,NCCL,C0_DEFAULT,2048,2048,2048,16,0,1048576,73,0,107.104,0.000,0.000,0.000,PASS,0
PHASEB_formal_comm_C0_DEFAULT_N2048_q16_rep2,0,4,0,sm_89,COMM_ONLY,NCCL,C0_DEFAULT,2048,2048,2048,16,1,1048576,73,0,177.024,0.000,0.000,0.000,PASS,0
PHASEB_formal_comm_C0_DEFAULT_N2048_q16_rep2,0,4,0,sm_89,COMM_ONLY,NCCL,C0_DEFAULT,2048,2048,2048,16,2,1048576,73,0,245.856,0.000,0.000,0.000,PASS,0
PHASEB_formal_comm_C0_DEFAULT_N2048_q16_rep2,0,4,0,sm_89,COMM_ONLY,NCCL,C0_DEFAULT,2048,2048,2048,16,3,1048576,73,0,316.128,0.000,0.000,0.000,PASS,0
PHASEB_formal_comm_C0_DEFAULT_N2048_q16_rep2,0,4,0,sm_89,COMM_ONLY,NCCL,C0_DEFAULT,2048,2048,2048,16,4,1048576,73,0,386.368,0.000,0.000,0.000,PASS,0
PHASEB_formal_comm_C0_DEFAULT_N2048_q16_rep2,0,4,0,sm_89,COMM_ONLY,NCCL,C0_DEFAULT,2048,2048,2048,16,5,1048576,73,0,454.944,0.000,0.000,0.000,PASS,0
PHASEB_formal_comm_C0_DEFAULT_N2048_q16_rep2,0,4,0,sm_89,COMM_ONLY,NCCL,C0_DEFAULT,2048,2048,2048,16,6,1048576,73,0,523.072,0.000,0.000,0.000,PASS,0
PHASEB_formal_comm_C0_DEFAULT_N2048_q16_rep2,0,4,0,sm_89,COMM_ONLY,NCCL,C0_DEFAULT,2048,2048,2048,16,7,1048576,73,0,592.576,0.000,0.000,0.000,PASS,0
PHASEB_formal_comm_C0_DEFAULT_N2048_q16_rep2,0,4,0,sm_89,COMM_ONLY,NCCL,C0_DEFAULT,2048,2048,2048,16,8,1048576,73,0,676.992,0.000,0.000,0.000,PASS,0
PHASEB_formal_comm_C0_DEFAULT_N2048_q16_rep2,0,4,0,sm_89,COMM_ONLY,NCCL,C0_DEFAULT,2048,2048,2048,16,9,1048576,73,0,745.984,0.000,0.000,0.000,PASS,0
PHASEB_formal_comm_C0_DEFAULT_N2048_q16_rep2,0,4,0,sm_89,COMM_ONLY,NCCL,C0_DEFAULT,2048,2048,2048,16,10,1048576,73,0,815.200,0.000,0.000,0.000,PASS,0
PHASEB_formal_comm_C0_DEFAULT_N2048_q16_rep2,0,4,0,sm_89,COMM_ONLY,NCCL,C0_DEFAULT,2048,2048,2048,16,11,1048576,73,0,883.776,0.000,0.000,0.000,PASS,0
PHASEB_formal_comm_C0_DEFAULT_N2048_q16_rep2,0,4,0,sm_89,COMM_ONLY,NCCL,C0_DEFAULT,2048,2048,2048,16,12,1048576,73,0,953.760,0.000,0.000,0.000,PASS,0
PHASEB_formal_comm_C0_DEFAULT_N2048_q16_rep2,0,4,0,sm_89,COMM_ONLY,NCCL,C0_DEFAULT,2048,2048,2048,16,13,1048576,73,0,1034.208,0.000,0.000,0.000,PASS,0
PHASEB_formal_comm_C0_DEFAULT_N2048_q16_rep2,0,4,0,sm_89,COMM_ONLY,NCCL,C0_DEFAULT,2048,2048,2048,16,14,1048576,73,0,1102.784,0.000,0.000,0.000,PASS,0
PHASEB_formal_comm_C0_DEFAULT_N2048_q16_rep2,0,4,0,sm_89,COMM_ONLY,NCCL,C0_DEFAULT,2048,2048,2048,16,15,1048576,73,0,1172.832,0.000,0.000,0.000,PASS,0
PHASEB_formal_comm_C0_DEFAULT_N2048_q16_rep2,0,4,0,sm_89,COMM_ONLY,NCCL,C0_DEFAULT,2048,2048,2048,16,0,1048576,74,0,100.384,0.000,0.000,0.000,PASS,0
PHASEB_formal_comm_C0_DEFAULT_N2048_q16_rep2,0,4,0,sm_89,COMM_ONLY,NCCL,C0_DEFAULT,2048,2048,2048,16,1,1048576,74,0,169.312,0.000,0.000,0.000,PASS,0
PHASEB_formal_comm_C0_DEFAULT_N2048_q16_rep2,0,4,0,sm_89,COMM_ONLY,NCCL,C0_DEFAULT,2048,2048,2048,16,2,1048576,74,0,236.896,0.000,0.000,0.000,PASS,0
PHASEB_formal_comm_C0_DEFAULT_N2048_q16_rep2,0,4,0,sm_89,COMM_ONLY,NCCL,C0_DEFAULT,2048,2048,2048,16,3,1048576,74,0,308.800,0.000,0.000,0.000,PASS,0
PHASEB_formal_comm_C0_DEFAULT_N2048_q16_rep2,0,4,0,sm_89,COMM_ONLY,NCCL,C0_DEFAULT,2048,2048,2048,16,4,1048576,74,0,377.248,0.000,0.000,0.000,PASS,0
PHASEB_formal_comm_C0_DEFAULT_N2048_q16_rep2,0,4,0,sm_89,COMM_ONLY,NCCL,C0_DEFAULT,2048,2048,2048,16,5,1048576,74,0,445.760,0.000,0.000,0.000,PASS,0
PHASEB_formal_comm_C0_DEFAULT_N2048_q16_rep2,0,4,0,sm_89,COMM_ONLY,NCCL,C0_DEFAULT,2048,2048,2048,16,6,1048576,74,0,514.464,0.000,0.000,0.000,PASS,0
PHASEB_formal_comm_C0_DEFAULT_N2048_q16_rep2,0,4,0,sm_89,COMM_ONLY,NCCL,C0_DEFAULT,2048,2048,2048,16,7,1048576,74,0,582.240,0.000,0.000,0.000,PASS,0
PHASEB_formal_comm_C0_DEFAULT_N2048_q16_rep2,0,4,0,sm_89,COMM_ONLY,NCCL,C0_DEFAULT,2048,2048,2048,16,8,1048576,74,0,665.472,0.000,0.000,0.000,PASS,0
PHASEB_formal_comm_C0_DEFAULT_N2048_q16_rep2,0,4,0,sm_89,COMM_ONLY,NCCL,C0_DEFAULT,2048,2048,2048,16,9,1048576,74,0,745.792,0.000,0.000,0.000,PASS,0
PHASEB_formal_comm_C0_DEFAULT_N2048_q16_rep2,0,4,0,sm_89,COMM_ONLY,NCCL,C0_DEFAULT,2048,2048,2048,16,10,1048576,74,0,824.192,0.000,0.000,0.000,PASS,0
PHASEB_formal_comm_C0_DEFAULT_N2048_q16_rep2,0,4,0,sm_89,COMM_ONLY,NCCL,C0_DEFAULT,2048,2048,2048,16,11,1048576,74,0,893.216,0.000,0.000,0.000,PASS,0
PHASEB_formal_comm_C0_DEFAULT_N2048_q16_rep2,0,4,0,sm_89,COMM_ONLY,NCCL,C0_DEFAULT,2048,2048,2048,16,12,1048576,74,0,961.216,0.000,0.000,0.000,PASS,0
PHASEB_formal_comm_C0_DEFAULT_N2048_q16_rep2,0,4,0,sm_89,COMM_ONLY,NCCL,C0_DEFAULT,2048,2048,2048,16,13,1048576,74,0,1030.720,0.000,0.000,0.000,PASS,0
PHASEB_formal_comm_C0_DEFAULT_N2048_q16_rep2,0,4,0,sm_89,COMM_ONLY,NCCL,C0_DEFAULT,2048,2048,2048,16,14,1048576,74,0,1099.808,0.000,0.000,0.000,PASS,0
PHASEB_formal_comm_C0_DEFAULT_N2048_q16_rep2,0,4,0,sm_89,COMM_ONLY,NCCL,C0_DEFAULT,2048,2048,2048,16,15,1048576,74,0,1172.224,0.000,0.000,0.000,PASS,0
PHASEB_formal_comm_C0_DEFAULT_N2048_q16_rep2,0,4,0,sm_89,COMM_ONLY,NCCL,C0_DEFAULT,2048,2048,2048,16,0,1048576,75,0,101.408,0.000,0.000,0.000,PASS,0
PHASEB_formal_comm_C0_DEFAULT_N2048_q16_rep2,0,4,0,sm_89,COMM_ONLY,NCCL,C0_DEFAULT,2048,2048,2048,16,1,1048576,75,0,172.128,0.000,0.000,0.000,PASS,0
PHASEB_formal_comm_C0_DEFAULT_N2048_q16_rep2,0,4,0,sm_89,COMM_ONLY,NCCL,C0_DEFAULT,2048,2048,2048,16,2,1048576,75,0,240.736,0.000,0.000,0.000,PASS,0
PHASEB_formal_comm_C0_DEFAULT_N2048_q16_rep2,0,4,0,sm_89,COMM_ONLY,NCCL,C0_DEFAULT,2048,2048,2048,16,3,1048576,75,0,310.464,0.000,0.000,0.000,PASS,0
PHASEB_formal_comm_C0_DEFAULT_N2048_q16_rep2,0,4,0,sm_89,COMM_ONLY,NCCL,C0_DEFAULT,2048,2048,2048,16,4,1048576,75,0,378.752,0.000,0.000,0.000,PASS,0
PHASEB_formal_comm_C0_DEFAULT_N2048_q16_rep2,0,4,0,sm_89,COMM_ONLY,NCCL,C0_DEFAULT,2048,2048,2048,16,5,1048576,75,0,463.008,0.000,0.000,0.000,PASS,0
PHASEB_formal_comm_C0_DEFAULT_N2048_q16_rep2,0,4,0,sm_89,COMM_ONLY,NCCL,C0_DEFAULT,2048,2048,2048,16,6,1048576,75,0,533.248,0.000,0.000,0.000,PASS,0
PHASEB_formal_comm_C0_DEFAULT_N2048_q16_rep2,0,4,0,sm_89,COMM_ONLY,NCCL,C0_DEFAULT,2048,2048,2048,16,7,1048576,75,0,602.112,0.000,0.000,0.000,PASS,0
PHASEB_formal_comm_C0_DEFAULT_N2048_q16_rep2,0,4,0,sm_89,COMM_ONLY,NCCL,C0_DEFAULT,2048,2048,2048,16,8,1048576,75,0,671.456,0.000,0.000,0.000,PASS,0
PHASEB_formal_comm_C0_DEFAULT_N2048_q16_rep2,0,4,0,sm_89,COMM_ONLY,NCCL,C0_DEFAULT,2048,2048,2048,16,9,1048576,75,0,740.320,0.000,0.000,0.000,PASS,0
PHASEB_formal_comm_C0_DEFAULT_N2048_q16_rep2,0,4,0,sm_89,COMM_ONLY,NCCL,C0_DEFAULT,2048,2048,2048,16,10,1048576,75,0,810.048,0.000,0.000,0.000,PASS,0
PHASEB_formal_comm_C0_DEFAULT_N2048_q16_rep2,0,4,0,sm_89,COMM_ONLY,NCCL,C0_DEFAULT,2048,2048,2048,16,11,1048576,75,0,878.336,0.000,0.000,0.000,PASS,0
PHASEB_formal_comm_C0_DEFAULT_N2048_q16_rep2,0,4,0,sm_89,COMM_ONLY,NCCL,C0_DEFAULT,2048,2048,2048,16,12,1048576,75,0,950.720,0.000,0.000,0.000,PASS,0
PHASEB_formal_comm_C0_DEFAULT_N2048_q16_rep2,0,4,0,sm_89,COMM_ONLY,NCCL,C0_DEFAULT,2048,2048,2048,16,13,1048576,75,0,1019.904,0.000,0.000,0.000,PASS,0
PHASEB_formal_comm_C0_DEFAULT_N2048_q16_rep2,0,4,0,sm_89,COMM_ONLY,NCCL,C0_DEFAULT,2048,2048,2048,16,14,1048576,75,0,1090.272,0.000,0.000,0.000,PASS,0
PHASEB_formal_comm_C0_DEFAULT_N2048_q16_rep2,0,4,0,sm_89,COMM_ONLY,NCCL,C0_DEFAULT,2048,2048,2048,16,15,1048576,75,0,1160.192,0.000,0.000,0.000,PASS,0
PHASEB_formal_comm_C0_DEFAULT_N2048_q16_rep2,0,4,0,sm_89,COMM_ONLY,NCCL,C0_DEFAULT,2048,2048,2048,16,0,1048576,76,0,100.672,0.000,0.000,0.000,PASS,0
PHASEB_formal_comm_C0_DEFAULT_N2048_q16_rep2,0,4,0,sm_89,COMM_ONLY,NCCL,C0_DEFAULT,2048,2048,2048,16,1,1048576,76,0,169.856,0.000,0.000,0.000,PASS,0
PHASEB_formal_comm_C0_DEFAULT_N2048_q16_rep2,0,4,0,sm_89,COMM_ONLY,NCCL,C0_DEFAULT,2048,2048,2048,16,2,1048576,76,0,250.496,0.000,0.000,0.000,PASS,0
PHASEB_formal_comm_C0_DEFAULT_N2048_q16_rep2,0,4,0,sm_89,COMM_ONLY,NCCL,C0_DEFAULT,2048,2048,2048,16,3,1048576,76,0,323.008,0.000,0.000,0.000,PASS,0
PHASEB_formal_comm_C0_DEFAULT_N2048_q16_rep2,0,4,0,sm_89,COMM_ONLY,NCCL,C0_DEFAULT,2048,2048,2048,16,4,1048576,76,0,391.808,0.000,0.000,0.000,PASS,0
PHASEB_formal_comm_C0_DEFAULT_N2048_q16_rep2,0,4,0,sm_89,COMM_ONLY,NCCL,C0_DEFAULT,2048,2048,2048,16,5,1048576,76,0,473.728,0.000,0.000,0.000,PASS,0
PHASEB_formal_comm_C0_DEFAULT_N2048_q16_rep2,0,4,0,sm_89,COMM_ONLY,NCCL,C0_DEFAULT,2048,2048,2048,16,6,1048576,76,0,541.344,0.000,0.000,0.000,PASS,0
PHASEB_formal_comm_C0_DEFAULT_N2048_q16_rep2,0,4,0,sm_89,COMM_ONLY,NCCL,C0_DEFAULT,2048,2048,2048,16,7,1048576,76,0,610.816,0.000,0.000,0.000,PASS,0
PHASEB_formal_comm_C0_DEFAULT_N2048_q16_rep2,0,4,0,sm_89,COMM_ONLY,NCCL,C0_DEFAULT,2048,2048,2048,16,8,1048576,76,0,680.224,0.000,0.000,0.000,PASS,0
PHASEB_formal_comm_C0_DEFAULT_N2048_q16_rep2,0,4,0,sm_89,COMM_ONLY,NCCL,C0_DEFAULT,2048,2048,2048,16,9,1048576,76,0,749.344,0.000,0.000,0.000,PASS,0
PHASEB_formal_comm_C0_DEFAULT_N2048_q16_rep2,0,4,0,sm_89,COMM_ONLY,NCCL,C0_DEFAULT,2048,2048,2048,16,10,1048576,76,0,818.912,0.000,0.000,0.000,PASS,0
PHASEB_formal_comm_C0_DEFAULT_N2048_q16_rep2,0,4,0,sm_89,COMM_ONLY,NCCL,C0_DEFAULT,2048,2048,2048,16,11,1048576,76,0,900.160,0.000,0.000,0.000,PASS,0
PHASEB_formal_comm_C0_DEFAULT_N2048_q16_rep2,0,4,0,sm_89,COMM_ONLY,NCCL,C0_DEFAULT,2048,2048,2048,16,12,1048576,76,0,969.440,0.000,0.000,0.000,PASS,0
PHASEB_formal_comm_C0_DEFAULT_N2048_q16_rep2,0,4,0,sm_89,COMM_ONLY,NCCL,C0_DEFAULT,2048,2048,2048,16,13,1048576,76,0,1042.080,0.000,0.000,0.000,PASS,0
PHASEB_formal_comm_C0_DEFAULT_N2048_q16_rep2,0,4,0,sm_89,COMM_ONLY,NCCL,C0_DEFAULT,2048,2048,2048,16,14,1048576,76,0,1112.128,0.000,0.000,0.000,PASS,0
PHASEB_formal_comm_C0_DEFAULT_N2048_q16_rep2,0,4,0,sm_89,COMM_ONLY,NCCL,C0_DEFAULT,2048,2048,2048,16,15,1048576,76,0,1193.312,0.000,0.000,0.000,PASS,0
PHASEB_formal_comm_C0_DEFAULT_N2048_q16_rep2,0,4,0,sm_89,COMM_ONLY,NCCL,C0_DEFAULT,2048,2048,2048,16,0,1048576,77,0,102.432,0.000,0.000,0.000,PASS,0
PHASEB_formal_comm_C0_DEFAULT_N2048_q16_rep2,0,4,0,sm_89,COMM_ONLY,NCCL,C0_DEFAULT,2048,2048,2048,16,1,1048576,77,0,174.816,0.000,0.000,0.000,PASS,0
PHASEB_formal_comm_C0_DEFAULT_N2048_q16_rep2,0,4,0,sm_89,COMM_ONLY,NCCL,C0_DEFAULT,2048,2048,2048,16,2,1048576,77,0,242.144,0.000,0.000,0.000,PASS,0
PHASEB_formal_comm_C0_DEFAULT_N2048_q16_rep2,0,4,0,sm_89,COMM_ONLY,NCCL,C0_DEFAULT,2048,2048,2048,16,3,1048576,77,0,322.752,0.000,0.000,0.000,PASS,0
PHASEB_formal_comm_C0_DEFAULT_N2048_q16_rep2,0,4,0,sm_89,COMM_ONLY,NCCL,C0_DEFAULT,2048,2048,2048,16,4,1048576,77,0,391.904,0.000,0.000,0.000,PASS,0
PHASEB_formal_comm_C0_DEFAULT_N2048_q16_rep2,0,4,0,sm_89,COMM_ONLY,NCCL,C0_DEFAULT,2048,2048,2048,16,5,1048576,77,0,473.600,0.000,0.000,0.000,PASS,0
PHASEB_formal_comm_C0_DEFAULT_N2048_q16_rep2,0,4,0,sm_89,COMM_ONLY,NCCL,C0_DEFAULT,2048,2048,2048,16,6,1048576,77,0,542.784,0.000,0.000,0.000,PASS,0
PHASEB_formal_comm_C0_DEFAULT_N2048_q16_rep2,0,4,0,sm_89,COMM_ONLY,NCCL,C0_DEFAULT,2048,2048,2048,16,7,1048576,77,0,611.232,0.000,0.000,0.000,PASS,0
PHASEB_formal_comm_C0_DEFAULT_N2048_q16_rep2,0,4,0,sm_89,COMM_ONLY,NCCL,C0_DEFAULT,2048,2048,2048,16,8,1048576,77,0,683.520,0.000,0.000,0.000,PASS,0
PHASEB_formal_comm_C0_DEFAULT_N2048_q16_rep2,0,4,0,sm_89,COMM_ONLY,NCCL,C0_DEFAULT,2048,2048,2048,16,9,1048576,77,0,758.496,0.000,0.000,0.000,PASS,0
PHASEB_formal_comm_C0_DEFAULT_N2048_q16_rep2,0,4,0,sm_89,COMM_ONLY,NCCL,C0_DEFAULT,2048,2048,2048,16,10,1048576,77,0,827.680,0.000,0.000,0.000,PASS,0
PHASEB_formal_comm_C0_DEFAULT_N2048_q16_rep2,0,4,0,sm_89,COMM_ONLY,NCCL,C0_DEFAULT,2048,2048,2048,16,11,1048576,77,0,896.384,0.000,0.000,0.000,PASS,0
PHASEB_formal_comm_C0_DEFAULT_N2048_q16_rep2,0,4,0,sm_89,COMM_ONLY,NCCL,C0_DEFAULT,2048,2048,2048,16,12,1048576,77,0,966.080,0.000,0.000,0.000,PASS,0
PHASEB_formal_comm_C0_DEFAULT_N2048_q16_rep2,0,4,0,sm_89,COMM_ONLY,NCCL,C0_DEFAULT,2048,2048,2048,16,13,1048576,77,0,1039.264,0.000,0.000,0.000,PASS,0
PHASEB_formal_comm_C0_DEFAULT_N2048_q16_rep2,0,4,0,sm_89,COMM_ONLY,NCCL,C0_DEFAULT,2048,2048,2048,16,14,1048576,77,0,1108.928,0.000,0.000,0.000,PASS,0
PHASEB_formal_comm_C0_DEFAULT_N2048_q16_rep2,0,4,0,sm_89,COMM_ONLY,NCCL,C0_DEFAULT,2048,2048,2048,16,15,1048576,77,0,1178.528,0.000,0.000,0.000,PASS,0
PHASEB_formal_comm_C0_DEFAULT_N2048_q16_rep2,0,4,0,sm_89,COMM_ONLY,NCCL,C0_DEFAULT,2048,2048,2048,16,0,1048576,78,0,110.592,0.000,0.000,0.000,PASS,0
PHASEB_formal_comm_C0_DEFAULT_N2048_q16_rep2,0,4,0,sm_89,COMM_ONLY,NCCL,C0_DEFAULT,2048,2048,2048,16,1,1048576,78,0,179.808,0.000,0.000,0.000,PASS,0
PHASEB_formal_comm_C0_DEFAULT_N2048_q16_rep2,0,4,0,sm_89,COMM_ONLY,NCCL,C0_DEFAULT,2048,2048,2048,16,2,1048576,78,0,272.064,0.000,0.000,0.000,PASS,0
PHASEB_formal_comm_C0_DEFAULT_N2048_q16_rep2,0,4,0,sm_89,COMM_ONLY,NCCL,C0_DEFAULT,2048,2048,2048,16,3,1048576,78,0,340.288,0.000,0.000,0.000,PASS,0
PHASEB_formal_comm_C0_DEFAULT_N2048_q16_rep2,0,4,0,sm_89,COMM_ONLY,NCCL,C0_DEFAULT,2048,2048,2048,16,4,1048576,78,0,409.504,0.000,0.000,0.000,PASS,0
PHASEB_formal_comm_C0_DEFAULT_N2048_q16_rep2,0,4,0,sm_89,COMM_ONLY,NCCL,C0_DEFAULT,2048,2048,2048,16,5,1048576,78,0,478.144,0.000,0.000,0.000,PASS,0
PHASEB_formal_comm_C0_DEFAULT_N2048_q16_rep2,0,4,0,sm_89,COMM_ONLY,NCCL,C0_DEFAULT,2048,2048,2048,16,6,1048576,78,0,545.920,0.000,0.000,0.000,PASS,0
PHASEB_formal_comm_C0_DEFAULT_N2048_q16_rep2,0,4,0,sm_89,COMM_ONLY,NCCL,C0_DEFAULT,2048,2048,2048,16,7,1048576,78,0,615.200,0.000,0.000,0.000,PASS,0
PHASEB_formal_comm_C0_DEFAULT_N2048_q16_rep2,0,4,0,sm_89,COMM_ONLY,NCCL,C0_DEFAULT,2048,2048,2048,16,8,1048576,78,0,683.584,0.000,0.000,0.000,PASS,0
PHASEB_formal_comm_C0_DEFAULT_N2048_q16_rep2,0,4,0,sm_89,COMM_ONLY,NCCL,C0_DEFAULT,2048,2048,2048,16,9,1048576,78,0,752.128,0.000,0.000,0.000,PASS,0
PHASEB_formal_comm_C0_DEFAULT_N2048_q16_rep2,0,4,0,sm_89,COMM_ONLY,NCCL,C0_DEFAULT,2048,2048,2048,16,10,1048576,78,0,820.640,0.000,0.000,0.000,PASS,0
PHASEB_formal_comm_C0_DEFAULT_N2048_q16_rep2,0,4,0,sm_89,COMM_ONLY,NCCL,C0_DEFAULT,2048,2048,2048,16,11,1048576,78,0,890.176,0.000,0.000,0.000,PASS,0
PHASEB_formal_comm_C0_DEFAULT_N2048_q16_rep2,0,4,0,sm_89,COMM_ONLY,NCCL,C0_DEFAULT,2048,2048,2048,16,12,1048576,78,0,962.560,0.000,0.000,0.000,PASS,0
PHASEB_formal_comm_C0_DEFAULT_N2048_q16_rep2,0,4,0,sm_89,COMM_ONLY,NCCL,C0_DEFAULT,2048,2048,2048,16,13,1048576,78,0,1030.592,0.000,0.000,0.000,PASS,0
PHASEB_formal_comm_C0_DEFAULT_N2048_q16_rep2,0,4,0,sm_89,COMM_ONLY,NCCL,C0_DEFAULT,2048,2048,2048,16,14,1048576,78,0,1099.456,0.000,0.000,0.000,PASS,0
PHASEB_formal_comm_C0_DEFAULT_N2048_q16_rep2,0,4,0,sm_89,COMM_ONLY,NCCL,C0_DEFAULT,2048,2048,2048,16,15,1048576,78,0,1179.104,0.000,0.000,0.000,PASS,0
PHASEB_formal_comm_C0_DEFAULT_N2048_q16_rep2,0,4,0,sm_89,COMM_ONLY,NCCL,C0_DEFAULT,2048,2048,2048,16,0,1048576,79,0,105.984,0.000,0.000,0.000,PASS,0
PHASEB_formal_comm_C0_DEFAULT_N2048_q16_rep2,0,4,0,sm_89,COMM_ONLY,NCCL,C0_DEFAULT,2048,2048,2048,16,1,1048576,79,0,176.224,0.000,0.000,0.000,PASS,0
PHASEB_formal_comm_C0_DEFAULT_N2048_q16_rep2,0,4,0,sm_89,COMM_ONLY,NCCL,C0_DEFAULT,2048,2048,2048,16,2,1048576,79,0,244.288,0.000,0.000,0.000,PASS,0
PHASEB_formal_comm_C0_DEFAULT_N2048_q16_rep2,0,4,0,sm_89,COMM_ONLY,NCCL,C0_DEFAULT,2048,2048,2048,16,3,1048576,79,0,314.208,0.000,0.000,0.000,PASS,0
PHASEB_formal_comm_C0_DEFAULT_N2048_q16_rep2,0,4,0,sm_89,COMM_ONLY,NCCL,C0_DEFAULT,2048,2048,2048,16,4,1048576,79,0,382.528,0.000,0.000,0.000,PASS,0
PHASEB_formal_comm_C0_DEFAULT_N2048_q16_rep2,0,4,0,sm_89,COMM_ONLY,NCCL,C0_DEFAULT,2048,2048,2048,16,5,1048576,79,0,450.816,0.000,0.000,0.000,PASS,0
PHASEB_formal_comm_C0_DEFAULT_N2048_q16_rep2,0,4,0,sm_89,COMM_ONLY,NCCL,C0_DEFAULT,2048,2048,2048,16,6,1048576,79,0,521.280,0.000,0.000,0.000,PASS,0
PHASEB_formal_comm_C0_DEFAULT_N2048_q16_rep2,0,4,0,sm_89,COMM_ONLY,NCCL,C0_DEFAULT,2048,2048,2048,16,7,1048576,79,0,590.176,0.000,0.000,0.000,PASS,0
PHASEB_formal_comm_C0_DEFAULT_N2048_q16_rep2,0,4,0,sm_89,COMM_ONLY,NCCL,C0_DEFAULT,2048,2048,2048,16,8,1048576,79,0,658.848,0.000,0.000,0.000,PASS,0
PHASEB_formal_comm_C0_DEFAULT_N2048_q16_rep2,0,4,0,sm_89,COMM_ONLY,NCCL,C0_DEFAULT,2048,2048,2048,16,9,1048576,79,0,728.192,0.000,0.000,0.000,PASS,0
PHASEB_formal_comm_C0_DEFAULT_N2048_q16_rep2,0,4,0,sm_89,COMM_ONLY,NCCL,C0_DEFAULT,2048,2048,2048,16,10,1048576,79,0,796.992,0.000,0.000,0.000,PASS,0
PHASEB_formal_comm_C0_DEFAULT_N2048_q16_rep2,0,4,0,sm_89,COMM_ONLY,NCCL,C0_DEFAULT,2048,2048,2048,16,11,1048576,79,0,866.752,0.000,0.000,0.000,PASS,0
PHASEB_formal_comm_C0_DEFAULT_N2048_q16_rep2,0,4,0,sm_89,COMM_ONLY,NCCL,C0_DEFAULT,2048,2048,2048,16,12,1048576,79,0,935.232,0.000,0.000,0.000,PASS,0
PHASEB_formal_comm_C0_DEFAULT_N2048_q16_rep2,0,4,0,sm_89,COMM_ONLY,NCCL,C0_DEFAULT,2048,2048,2048,16,13,1048576,79,0,1008.896,0.000,0.000,0.000,PASS,0
PHASEB_formal_comm_C0_DEFAULT_N2048_q16_rep2,0,4,0,sm_89,COMM_ONLY,NCCL,C0_DEFAULT,2048,2048,2048,16,14,1048576,79,0,1077.408,0.000,0.000,0.000,PASS,0
PHASEB_formal_comm_C0_DEFAULT_N2048_q16_rep2,0,4,0,sm_89,COMM_ONLY,NCCL,C0_DEFAULT,2048,2048,2048,16,15,1048576,79,0,1145.952,0.000,0.000,0.000,PASS,0
