run_id,rank,rank_count,device,gfx_arch,path,family,candidate,M,N,K,q,slice_index,slice_bytes,iteration_index,t_issue_us,t_release_us,t_gemm_start_us,t_gemm_end_us,t_gemm_duration_us,correctness,status
PHASEB_formal_rs_C0_DEFAULT_N2048_q16_rep3,1,4,1,sm_89,RS_SLICE_SERIAL,NCCL,C0_DEFAULT,2048,2048,2048,16,0,1048576,0,0,125.472,133.312,396.608,263.296,PASS,0
PHASEB_formal_rs_C0_DEFAULT_N2048_q16_rep3,1,4,1,sm_89,RS_SLICE_SERIAL,NCCL,C0_DEFAULT,2048,2048,2048,16,1,1048576,0,0,498.080,504.352,765.248,260.896,PASS,0
PHASEB_formal_rs_C0_DEFAULT_N2048_q16_rep3,1,4,1,sm_89,RS_SLICE_SERIAL,NCCL,C0_DEFAULT,2048,2048,2048,16,2,1048576,0,0,848.224,853.600,1115.104,261.504,PASS,0
PHASEB_formal_rs_C0_DEFAULT_N2048_q16_rep3,1,4,1,sm_89,RS_SLICE_SERIAL,NCCL,C0_DEFAULT,2048,2048,2048,16,3,1048576,0,0,1205.984,1212.160,1474.752,262.592,PASS,0
PHASEB_formal_rs_C0_DEFAULT_N2048_q16_rep3,1,4,1,sm_89,RS_SLICE_SERIAL,NCCL,C0_DEFAULT,2048,2048,2048,16,4,1048576,0,0,1565.824,1571.200,1832.992,261.792,PASS,0
PHASEB_formal_rs_C0_DEFAULT_N2048_q16_rep3,1,4,1,sm_89,RS_SLICE_SERIAL,NCCL,C0_DEFAULT,2048,2048,2048,16,5,1048576,0,0,1917.120,1922.656,2184.672,262.016,PASS,0
PHASEB_formal_rs_C0_DEFAULT_N2048_q16_rep3,1,4,1,sm_89,RS_SLICE_SERIAL,NCCL,C0_DEFAULT,2048,2048,2048,16,6,1048576,0,0,2260.544,2266.976,2527.808,260.832,PASS,0
PHASEB_formal_rs_C0_DEFAULT_N2048_q16_rep3,1,4,1,sm_89,RS_SLICE_SERIAL,NCCL,C0_DEFAULT,2048,2048,2048,16,7,1048576,0,0,2612.992,2619.104,2881.664,262.560,PASS,0
PHASEB_formal_rs_C0_DEFAULT_N2048_q16_rep3,1,4,1,sm_89,RS_SLICE_SERIAL,NCCL,C0_DEFAULT,2048,2048,2048,16,8,1048576,0,0,2963.808,2969.888,3232.512,262.624,PASS,0
PHASEB_formal_rs_C0_DEFAULT_N2048_q16_rep3,1,4,1,sm_89,RS_SLICE_SERIAL,NCCL,C0_DEFAULT,2048,2048,2048,16,9,1048576,0,0,3322.368,3329.344,3589.984,260.640,PASS,0
PHASEB_formal_rs_C0_DEFAULT_N2048_q16_rep3,1,4,1,sm_89,RS_SLICE_SERIAL,NCCL,C0_DEFAULT,2048,2048,2048,16,10,1048576,0,0,3681.312,3687.072,3947.840,260.768,PASS,0
PHASEB_formal_rs_C0_DEFAULT_N2048_q16_rep3,1,4,1,sm_89,RS_SLICE_SERIAL,NCCL,C0_DEFAULT,2048,2048,2048,16,11,1048576,0,0,4040.736,4046.784,4308.800,262.016,PASS,0
PHASEB_formal_rs_C0_DEFAULT_N2048_q16_rep3,1,4,1,sm_89,RS_SLICE_SERIAL,NCCL,C0_DEFAULT,2048,2048,2048,16,12,1048576,0,0,4390.912,4396.672,4657.920,261.248,PASS,0
PHASEB_formal_rs_C0_DEFAULT_N2048_q16_rep3,1,4,1,sm_89,RS_SLICE_SERIAL,NCCL,C0_DEFAULT,2048,2048,2048,16,13,1048576,0,0,4750.208,4756.768,5017.920,261.152,PASS,0
PHASEB_formal_rs_C0_DEFAULT_N2048_q16_rep3,1,4,1,sm_89,RS_SLICE_SERIAL,NCCL,C0_DEFAULT,2048,2048,2048,16,14,1048576,0,0,5097.312,5102.848,5364.032,261.184,PASS,0
PHASEB_formal_rs_C0_DEFAULT_N2048_q16_rep3,1,4,1,sm_89,RS_SLICE_SERIAL,NCCL,C0_DEFAULT,2048,2048,2048,16,15,1048576,0,0,5458.944,5465.632,5723.488,257.856,PASS,0
PHASEB_formal_rs_C0_DEFAULT_N2048_q16_rep3,1,4,1,sm_89,RS_SLICE_SERIAL,NCCL,C0_DEFAULT,2048,2048,2048,16,0,1048576,1,0,138.880,146.112,407.520,261.408,PASS,0
PHASEB_formal_rs_C0_DEFAULT_N2048_q16_rep3,1,4,1,sm_89,RS_SLICE_SERIAL,NCCL,C0_DEFAULT,2048,2048,2048,16,1,1048576,1,0,509.568,515.040,775.392,260.352,PASS,0
PHASEB_formal_rs_C0_DEFAULT_N2048_q16_rep3,1,4,1,sm_89,RS_SLICE_SERIAL,NCCL,C0_DEFAULT,2048,2048,2048,16,2,1048576,1,0,885.120,890.656,1152.032,261.376,PASS,0
PHASEB_formal_rs_C0_DEFAULT_N2048_q16_rep3,1,4,1,sm_89,RS_SLICE_SERIAL,NCCL,C0_DEFAULT,2048,2048,2048,16,3,1048576,1,0,1242.720,1248.992,1510.848,261.856,PASS,0
PHASEB_formal_rs_C0_DEFAULT_N2048_q16_rep3,1,4,1,sm_89,RS_SLICE_SERIAL,NCCL,C0_DEFAULT,2048,2048,2048,16,4,1048576,1,0,1608.576,1614.464,1873.632,259.168,PASS,0
PHASEB_formal_rs_C0_DEFAULT_N2048_q16_rep3,1,4,1,sm_89,RS_SLICE_SERIAL,NCCL,C0_DEFAULT,2048,2048,2048,16,5,1048576,1,0,1953.792,1959.584,2222.144,262.560,PASS,0
PHASEB_formal_rs_C0_DEFAULT_N2048_q16_rep3,1,4,1,sm_89,RS_SLICE_SERIAL,NCCL,C0_DEFAULT,2048,2048,2048,16,6,1048576,1,0,2306.752,2312.544,2574.240,261.696,PASS,0
PHASEB_formal_rs_C0_DEFAULT_N2048_q16_rep3,1,4,1,sm_89,RS_SLICE_SERIAL,NCCL,C0_DEFAULT,2048,2048,2048,16,7,1048576,1,0,2659.744,2665.888,2929.120,263.232,PASS,0
PHASEB_formal_rs_C0_DEFAULT_N2048_q16_rep3,1,4,1,sm_89,RS_SLICE_SERIAL,NCCL,C0_DEFAULT,2048,2048,2048,16,8,1048576,1,0,3019.040,3024.928,3287.488,262.560,PASS,0
PHASEB_formal_rs_C0_DEFAULT_N2048_q16_rep3,1,4,1,sm_89,RS_SLICE_SERIAL,NCCL,C0_DEFAULT,2048,2048,2048,16,9,1048576,1,0,3379.456,3384.832,3644.992,260.160,PASS,0
PHASEB_formal_rs_C0_DEFAULT_N2048_q16_rep3,1,4,1,sm_89,RS_SLICE_SERIAL,NCCL,C0_DEFAULT,2048,2048,2048,16,10,1048576,1,0,3738.464,3744.224,4006.368,262.144,PASS,0
PHASEB_formal_rs_C0_DEFAULT_N2048_q16_rep3,1,4,1,sm_89,RS_SLICE_SERIAL,NCCL,C0_DEFAULT,2048,2048,2048,16,11,1048576,1,0,4094.272,4099.648,4359.808,260.160,PASS,0
PHASEB_formal_rs_C0_DEFAULT_N2048_q16_rep3,1,4,1,sm_89,RS_SLICE_SERIAL,NCCL,C0_DEFAULT,2048,2048,2048,16,12,1048576,1,0,4450.240,4455.648,4717.344,261.696,PASS,0
PHASEB_formal_rs_C0_DEFAULT_N2048_q16_rep3,1,4,1,sm_89,RS_SLICE_SERIAL,NCCL,C0_DEFAULT,2048,2048,2048,16,13,1048576,1,0,4809.120,4815.168,5076.032,260.864,PASS,0
PHASEB_formal_rs_C0_DEFAULT_N2048_q16_rep3,1,4,1,sm_89,RS_SLICE_SERIAL,NCCL,C0_DEFAULT,2048,2048,2048,16,14,1048576,1,0,5161.568,5166.944,5430.496,263.552,PASS,0
PHASEB_formal_rs_C0_DEFAULT_N2048_q16_rep3,1,4,1,sm_89,RS_SLICE_SERIAL,NCCL,C0_DEFAULT,2048,2048,2048,16,15,1048576,1,0,5513.888,5520.640,5779.552,258.912,PASS,0
PHASEB_formal_rs_C0_DEFAULT_N2048_q16_rep3,1,4,1,sm_89,RS_SLICE_SERIAL,NCCL,C0_DEFAULT,2048,2048,2048,16,0,1048576,2,0,112.096,119.328,380.256,260.928,PASS,0
PHASEB_formal_rs_C0_DEFAULT_N2048_q16_rep3,1,4,1,sm_89,RS_SLICE_SERIAL,NCCL,C0_DEFAULT,2048,2048,2048,16,1,1048576,2,0,470.880,476.800,737.792,260.992,PASS,0
PHASEB_formal_rs_C0_DEFAULT_N2048_q16_rep3,1,4,1,sm_89,RS_SLICE_SERIAL,NCCL,C0_DEFAULT,2048,2048,2048,16,2,1048576,2,0,828.768,834.592,1095.360,260.768,PASS,0
PHASEB_formal_rs_C0_DEFAULT_N2048_q16_rep3,1,4,1,sm_89,RS_SLICE_SERIAL,NCCL,C0_DEFAULT,2048,2048,2048,16,3,1048576,2,0,1186.528,1192.064,1453.760,261.696,PASS,0
PHASEB_formal_rs_C0_DEFAULT_N2048_q16_rep3,1,4,1,sm_89,RS_SLICE_SERIAL,NCCL,C0_DEFAULT,2048,2048,2048,16,4,1048576,2,0,1535.360,1540.928,1804.672,263.744,PASS,0
PHASEB_formal_rs_C0_DEFAULT_N2048_q16_rep3,1,4,1,sm_89,RS_SLICE_SERIAL,NCCL,C0_DEFAULT,2048,2048,2048,16,5,1048576,2,0,1888.864,1895.136,2157.888,262.752,PASS,0
PHASEB_formal_rs_C0_DEFAULT_N2048_q16_rep3,1,4,1,sm_89,RS_SLICE_SERIAL,NCCL,C0_DEFAULT,2048,2048,2048,16,6,1048576,2,0,2238.272,2244.480,2506.208,261.728,PASS,0
PHASEB_formal_rs_C0_DEFAULT_N2048_q16_rep3,1,4,1,sm_89,RS_SLICE_SERIAL,NCCL,C0_DEFAULT,2048,2048,2048,16,7,1048576,2,0,2589.888,2595.744,2856.768,261.024,PASS,0
PHASEB_formal_rs_C0_DEFAULT_N2048_q16_rep3,1,4,1,sm_89,RS_SLICE_SERIAL,NCCL,C0_DEFAULT,2048,2048,2048,16,8,1048576,2,0,2939.040,2944.736,3208.288,263.552,PASS,0
PHASEB_formal_rs_C0_DEFAULT_N2048_q16_rep3,1,4,1,sm_89,RS_SLICE_SERIAL,NCCL,C0_DEFAULT,2048,2048,2048,16,9,1048576,2,0,3303.744,3309.568,3570.048,260.480,PASS,0
PHASEB_formal_rs_C0_DEFAULT_N2048_q16_rep3,1,4,1,sm_89,RS_SLICE_SERIAL,NCCL,C0_DEFAULT,2048,2048,2048,16,10,1048576,2,0,3651.456,3657.152,3917.824,260.672,PASS,0
PHASEB_formal_rs_C0_DEFAULT_N2048_q16_rep3,1,4,1,sm_89,RS_SLICE_SERIAL,NCCL,C0_DEFAULT,2048,2048,2048,16,11,1048576,2,0,3999.552,4005.120,4264.864,259.744,PASS,0
PHASEB_formal_rs_C0_DEFAULT_N2048_q16_rep3,1,4,1,sm_89,RS_SLICE_SERIAL,NCCL,C0_DEFAULT,2048,2048,2048,16,12,1048576,2,0,4363.808,4369.632,4632.096,262.464,PASS,0
PHASEB_formal_rs_C0_DEFAULT_N2048_q16_rep3,1,4,1,sm_89,RS_SLICE_SERIAL,NCCL,C0_DEFAULT,2048,2048,2048,16,13,1048576,2,0,4721.568,4728.352,4990.176,261.824,PASS,0
PHASEB_formal_rs_C0_DEFAULT_N2048_q16_rep3,1,4,1,sm_89,RS_SLICE_SERIAL,NCCL,C0_DEFAULT,2048,2048,2048,16,14,1048576,2,0,5078.112,5083.904,5344.576,260.672,PASS,0
PHASEB_formal_rs_C0_DEFAULT_N2048_q16_rep3,1,4,1,sm_89,RS_SLICE_SERIAL,NCCL,C0_DEFAULT,2048,2048,2048,16,15,1048576,2,0,5439.008,5445.632,5703.936,258.304,PASS,0
PHASEB_formal_rs_C0_DEFAULT_N2048_q16_rep3,1,4,1,sm_89,RS_SLICE_SERIAL,NCCL,C0_DEFAULT,2048,2048,2048,16,0,1048576,3,0,121.248,128.544,389.152,260.608,PASS,0
PHASEB_formal_rs_C0_DEFAULT_N2048_q16_rep3,1,4,1,sm_89,RS_SLICE_SERIAL,NCCL,C0_DEFAULT,2048,2048,2048,16,1,1048576,3,0,475.872,481.504,743.360,261.856,PASS,0
PHASEB_formal_rs_C0_DEFAULT_N2048_q16_rep3,1,4,1,sm_89,RS_SLICE_SERIAL,NCCL,C0_DEFAULT,2048,2048,2048,16,2,1048576,3,0,828.640,834.688,1096.256,261.568,PASS,0
PHASEB_formal_rs_C0_DEFAULT_N2048_q16_rep3,1,4,1,sm_89,RS_SLICE_SERIAL,NCCL,C0_DEFAULT,2048,2048,2048,16,3,1048576,3,0,1179.680,1186.496,1446.880,260.384,PASS,0
PHASEB_formal_rs_C0_DEFAULT_N2048_q16_rep3,1,4,1,sm_89,RS_SLICE_SERIAL,NCCL,C0_DEFAULT,2048,2048,2048,16,4,1048576,3,0,1541.184,1547.232,1809.376,262.144,PASS,0
PHASEB_formal_rs_C0_DEFAULT_N2048_q16_rep3,1,4,1,sm_89,RS_SLICE_SERIAL,NCCL,C0_DEFAULT,2048,2048,2048,16,5,1048576,3,0,1908.544,1914.016,2177.088,263.072,PASS,0
PHASEB_formal_rs_C0_DEFAULT_N2048_q16_rep3,1,4,1,sm_89,RS_SLICE_SERIAL,NCCL,C0_DEFAULT,2048,2048,2048,16,6,1048576,3,0,2260.768,2266.368,2528.576,262.208,PASS,0
PHASEB_formal_rs_C0_DEFAULT_N2048_q16_rep3,1,4,1,sm_89,RS_SLICE_SERIAL,NCCL,C0_DEFAULT,2048,2048,2048,16,7,1048576,3,0,2612.864,2619.232,2878.368,259.136,PASS,0
PHASEB_formal_rs_C0_DEFAULT_N2048_q16_rep3,1,4,1,sm_89,RS_SLICE_SERIAL,NCCL,C0_DEFAULT,2048,2048,2048,16,8,1048576,3,0,2963.424,2969.088,3232.384,263.296,PASS,0
PHASEB_formal_rs_C0_DEFAULT_N2048_q16_rep3,1,4,1,sm_89,RS_SLICE_SERIAL,NCCL,C0_DEFAULT,2048,2048,2048,16,9,1048576,3,0,3324.096,3329.888,3589.824,259.936,PASS,0
PHASEB_formal_rs_C0_DEFAULT_N2048_q16_rep3,1,4,1,sm_89,RS_SLICE_SERIAL,NCCL,C0_DEFAULT,2048,2048,2048,16,10,1048576,3,0,3673.536,3679.232,3942.144,262.912,PASS,0
PHASEB_formal_rs_C0_DEFAULT_N2048_q16_rep3,1,4,1,sm_89,RS_SLICE_SERIAL,NCCL,C0_DEFAULT,2048,2048,2048,16,11,1048576,3,0,4035.328,4041.632,4301.824,260.192,PASS,0
PHASEB_formal_rs_C0_DEFAULT_N2048_q16_rep3,1,4,1,sm_89,RS_SLICE_SERIAL,NCCL,C0_DEFAULT,2048,2048,2048,16,12,1048576,3,0,4384.384,4389.920,4651.104,261.184,PASS,0
PHASEB_formal_rs_C0_DEFAULT_N2048_q16_rep3,1,4,1,sm_89,RS_SLICE_SERIAL,NCCL,C0_DEFAULT,2048,2048,2048,16,13,1048576,3,0,4743.520,4748.992,5009.760,260.768,PASS,0
PHASEB_formal_rs_C0_DEFAULT_N2048_q16_rep3,1,4,1,sm_89,RS_SLICE_SERIAL,NCCL,C0_DEFAULT,2048,2048,2048,16,14,1048576,3,0,5100.736,5106.080,5366.240,260.160,PASS,0
PHASEB_formal_rs_C0_DEFAULT_N2048_q16_rep3,1,4,1,sm_89,RS_SLICE_SERIAL,NCCL,C0_DEFAULT,2048,2048,2048,16,15,1048576,3,0,5456.896,5463.648,5722.496,258.848,PASS,0
PHASEB_formal_rs_C0_DEFAULT_N2048_q16_rep3,1,4,1,sm_89,RS_SLICE_SERIAL,NCCL,C0_DEFAULT,2048,2048,2048,16,0,1048576,4,0,113.024,120.960,383.328,262.368,PASS,0
PHASEB_formal_rs_C0_DEFAULT_N2048_q16_rep3,1,4,1,sm_89,RS_SLICE_SERIAL,NCCL,C0_DEFAULT,2048,2048,2048,16,1,1048576,4,0,476.032,482.272,742.720,260.448,PASS,0
PHASEB_formal_rs_C0_DEFAULT_N2048_q16_rep3,1,4,1,sm_89,RS_SLICE_SERIAL,NCCL,C0_DEFAULT,2048,2048,2048,16,2,1048576,4,0,831.072,836.512,1100.032,263.520,PASS,0
PHASEB_formal_rs_C0_DEFAULT_N2048_q16_rep3,1,4,1,sm_89,RS_SLICE_SERIAL,NCCL,C0_DEFAULT,2048,2048,2048,16,3,1048576,4,0,1209.088,1214.624,1476.000,261.376,PASS,0
PHASEB_formal_rs_C0_DEFAULT_N2048_q16_rep3,1,4,1,sm_89,RS_SLICE_SERIAL,NCCL,C0_DEFAULT,2048,2048,2048,16,4,1048576,4,0,1573.408,1579.520,1841.408,261.888,PASS,0
PHASEB_formal_rs_C0_DEFAULT_N2048_q16_rep3,1,4,1,sm_89,RS_SLICE_SERIAL,NCCL,C0_DEFAULT,2048,2048,2048,16,5,1048576,4,0,1935.520,1941.696,2203.968,262.272,PASS,0
PHASEB_formal_rs_C0_DEFAULT_N2048_q16_rep3,1,4,1,sm_89,RS_SLICE_SERIAL,NCCL,C0_DEFAULT,2048,2048,2048,16,6,1048576,4,0,2294.304,2299.968,2562.528,262.560,PASS,0
PHASEB_formal_rs_C0_DEFAULT_N2048_q16_rep3,1,4,1,sm_89,RS_SLICE_SERIAL,NCCL,C0_DEFAULT,2048,2048,2048,16,7,1048576,4,0,2654.880,2660.320,2921.440,261.120,PASS,0
PHASEB_formal_rs_C0_DEFAULT_N2048_q16_rep3,1,4,1,sm_89,RS_SLICE_SERIAL,NCCL,C0_DEFAULT,2048,2048,2048,16,8,1048576,4,0,3008.992,3015.360,3281.280,265.920,PASS,0
PHASEB_formal_rs_C0_DEFAULT_N2048_q16_rep3,1,4,1,sm_89,RS_SLICE_SERIAL,NCCL,C0_DEFAULT,2048,2048,2048,16,9,1048576,4,0,3366.400,3372.736,3635.104,262.368,PASS,0
PHASEB_formal_rs_C0_DEFAULT_N2048_q16_rep3,1,4,1,sm_89,RS_SLICE_SERIAL,NCCL,C0_DEFAULT,2048,2048,2048,16,10,1048576,4,0,3721.728,3727.616,3989.696,262.080,PASS,0
PHASEB_formal_rs_C0_DEFAULT_N2048_q16_rep3,1,4,1,sm_89,RS_SLICE_SERIAL,NCCL,C0_DEFAULT,2048,2048,2048,16,11,1048576,4,0,4078.080,4083.520,4343.840,260.320,PASS,0
PHASEB_formal_rs_C0_DEFAULT_N2048_q16_rep3,1,4,1,sm_89,RS_SLICE_SERIAL,NCCL,C0_DEFAULT,2048,2048,2048,16,12,1048576,4,0,4447.008,4453.152,4714.720,261.568,PASS,0
PHASEB_formal_rs_C0_DEFAULT_N2048_q16_rep3,1,4,1,sm_89,RS_SLICE_SERIAL,NCCL,C0_DEFAULT,2048,2048,2048,16,13,1048576,4,0,4812.512,4818.016,5077.760,259.744,PASS,0
PHASEB_formal_rs_C0_DEFAULT_N2048_q16_rep3,1,4,1,sm_89,RS_SLICE_SERIAL,NCCL,C0_DEFAULT,2048,2048,2048,16,14,1048576,4,0,5169.440,5175.072,5435.456,260.384,PASS,0
PHASEB_formal_rs_C0_DEFAULT_N2048_q16_rep3,1,4,1,sm_89,RS_SLICE_SERIAL,NCCL,C0_DEFAULT,2048,2048,2048,16,15,1048576,4,0,5516.672,5523.456,5781.344,257.888,PASS,0
PHASEB_formal_rs_C0_DEFAULT_N2048_q16_rep3,1,4,1,sm_89,RS_SLICE_SERIAL,NCCL,C0_DEFAULT,2048,2048,2048,16,0,1048576,5,0,109.280,116.416,378.464,262.048,PASS,0
PHASEB_formal_rs_C0_DEFAULT_N2048_q16_rep3,1,4,1,sm_89,RS_SLICE_SERIAL,NCCL,C0_DEFAULT,2048,2048,2048,16,1,1048576,5,0,463.456,469.728,730.656,260.928,PASS,0
PHASEB_formal_rs_C0_DEFAULT_N2048_q16_rep3,1,4,1,sm_89,RS_SLICE_SERIAL,NCCL,C0_DEFAULT,2048,2048,2048,16,2,1048576,5,0,825.952,831.424,1093.440,262.016,PASS,0
PHASEB_formal_rs_C0_DEFAULT_N2048_q16_rep3,1,4,1,sm_89,RS_SLICE_SERIAL,NCCL,C0_DEFAULT,2048,2048,2048,16,3,1048576,5,0,1187.104,1193.504,1456.000,262.496,PASS,0
PHASEB_formal_rs_C0_DEFAULT_N2048_q16_rep3,1,4,1,sm_89,RS_SLICE_SERIAL,NCCL,C0_DEFAULT,2048,2048,2048,16,4,1048576,5,0,1538.656,1544.672,1805.728,261.056,PASS,0
PHASEB_formal_rs_C0_DEFAULT_N2048_q16_rep3,1,4,1,sm_89,RS_SLICE_SERIAL,NCCL,C0_DEFAULT,2048,2048,2048,16,5,1048576,5,0,1887.872,1893.536,2155.840,262.304,PASS,0
PHASEB_formal_rs_C0_DEFAULT_N2048_q16_rep3,1,4,1,sm_89,RS_SLICE_SERIAL,NCCL,C0_DEFAULT,2048,2048,2048,16,6,1048576,5,0,2256.224,2262.112,2523.872,261.760,PASS,0
PHASEB_formal_rs_C0_DEFAULT_N2048_q16_rep3,1,4,1,sm_89,RS_SLICE_SERIAL,NCCL,C0_DEFAULT,2048,2048,2048,16,7,1048576,5,0,2605.024,2611.680,2872.480,260.800,PASS,0
PHASEB_formal_rs_C0_DEFAULT_N2048_q16_rep3,1,4,1,sm_89,RS_SLICE_SERIAL,NCCL,C0_DEFAULT,2048,2048,2048,16,8,1048576,5,0,2962.400,2967.936,3229.760,261.824,PASS,0
PHASEB_formal_rs_C0_DEFAULT_N2048_q16_rep3,1,4,1,sm_89,RS_SLICE_SERIAL,NCCL,C0_DEFAULT,2048,2048,2048,16,9,1048576,5,0,3318.080,3324.352,3585.536,261.184,PASS,0
PHASEB_formal_rs_C0_DEFAULT_N2048_q16_rep3,1,4,1,sm_89,RS_SLICE_SERIAL,NCCL,C0_DEFAULT,2048,2048,2048,16,10,1048576,5,0,3679.584,3685.248,3947.872,262.624,PASS,0
PHASEB_formal_rs_C0_DEFAULT_N2048_q16_rep3,1,4,1,sm_89,RS_SLICE_SERIAL,NCCL,C0_DEFAULT,2048,2048,2048,16,11,1048576,5,0,4032.384,4037.760,4298.752,260.992,PASS,0
PHASEB_formal_rs_C0_DEFAULT_N2048_q16_rep3,1,4,1,sm_89,RS_SLICE_SERIAL,NCCL,C0_DEFAULT,2048,2048,2048,16,12,1048576,5,0,4390.784,4396.512,4657.760,261.248,PASS,0
PHASEB_formal_rs_C0_DEFAULT_N2048_q16_rep3,1,4,1,sm_89,RS_SLICE_SERIAL,NCCL,C0_DEFAULT,2048,2048,2048,16,13,1048576,5,0,4748.256,4753.760,5014.944,261.184,PASS,0
PHASEB_formal_rs_C0_DEFAULT_N2048_q16_rep3,1,4,1,sm_89,RS_SLICE_SERIAL,NCCL,C0_DEFAULT,2048,2048,2048,16,14,1048576,5,0,5102.880,5108.256,5369.344,261.088,PASS,0
PHASEB_formal_rs_C0_DEFAULT_N2048_q16_rep3,1,4,1,sm_89,RS_SLICE_SERIAL,NCCL,C0_DEFAULT,2048,2048,2048,16,15,1048576,5,0,5479.008,5485.664,5744.704,259.040,PASS,0
PHASEB_formal_rs_C0_DEFAULT_N2048_q16_rep3,1,4,1,sm_89,RS_SLICE_SERIAL,NCCL,C0_DEFAULT,2048,2048,2048,16,0,1048576,6,0,125.792,133.248,395.200,261.952,PASS,0
PHASEB_formal_rs_C0_DEFAULT_N2048_q16_rep3,1,4,1,sm_89,RS_SLICE_SERIAL,NCCL,C0_DEFAULT,2048,2048,2048,16,1,1048576,6,0,483.232,488.832,749.440,260.608,PASS,0
PHASEB_formal_rs_C0_DEFAULT_N2048_q16_rep3,1,4,1,sm_89,RS_SLICE_SERIAL,NCCL,C0_DEFAULT,2048,2048,2048,16,2,1048576,6,0,838.624,844.544,1106.432,261.888,PASS,0
PHASEB_formal_rs_C0_DEFAULT_N2048_q16_rep3,1,4,1,sm_89,RS_SLICE_SERIAL,NCCL,C0_DEFAULT,2048,2048,2048,16,3,1048576,6,0,1206.784,1213.024,1473.472,260.448,PASS,0
PHASEB_formal_rs_C0_DEFAULT_N2048_q16_rep3,1,4,1,sm_89,RS_SLICE_SERIAL,NCCL,C0_DEFAULT,2048,2048,2048,16,4,1048576,6,0,1568.672,1574.912,1838.208,263.296,PASS,0
PHASEB_formal_rs_C0_DEFAULT_N2048_q16_rep3,1,4,1,sm_89,RS_SLICE_SERIAL,NCCL,C0_DEFAULT,2048,2048,2048,16,5,1048576,6,0,1934.432,1940.224,2202.080,261.856,PASS,0
PHASEB_formal_rs_C0_DEFAULT_N2048_q16_rep3,1,4,1,sm_89,RS_SLICE_SERIAL,NCCL,C0_DEFAULT,2048,2048,2048,16,6,1048576,6,0,2293.472,2299.712,2561.792,262.080,PASS,0
PHASEB_formal_rs_C0_DEFAULT_N2048_q16_rep3,1,4,1,sm_89,RS_SLICE_SERIAL,NCCL,C0_DEFAULT,2048,2048,2048,16,7,1048576,6,0,2644.032,2649.888,2912.832,262.944,PASS,0
PHASEB_formal_rs_C0_DEFAULT_N2048_q16_rep3,1,4,1,sm_89,RS_SLICE_SERIAL,NCCL,C0_DEFAULT,2048,2048,2048,16,8,1048576,6,0,2995.840,3001.440,3263.872,262.432,PASS,0
PHASEB_formal_rs_C0_DEFAULT_N2048_q16_rep3,1,4,1,sm_89,RS_SLICE_SERIAL,NCCL,C0_DEFAULT,2048,2048,2048,16,9,1048576,6,0,3346.112,3352.544,3614.112,261.568,PASS,0
PHASEB_formal_rs_C0_DEFAULT_N2048_q16_rep3,1,4,1,sm_89,RS_SLICE_SERIAL,NCCL,C0_DEFAULT,2048,2048,2048,16,10,1048576,6,0,3694.304,3700.416,3962.656,262.240,PASS,0
PHASEB_formal_rs_C0_DEFAULT_N2048_q16_rep3,1,4,1,sm_89,RS_SLICE_SERIAL,NCCL,C0_DEFAULT,2048,2048,2048,16,11,1048576,6,0,4054.336,4060.192,4320.896,260.704,PASS,0
PHASEB_formal_rs_C0_DEFAULT_N2048_q16_rep3,1,4,1,sm_89,RS_SLICE_SERIAL,NCCL,C0_DEFAULT,2048,2048,2048,16,12,1048576,6,0,4406.912,4412.320,4676.800,264.480,PASS,0
PHASEB_formal_rs_C0_DEFAULT_N2048_q16_rep3,1,4,1,sm_89,RS_SLICE_SERIAL,NCCL,C0_DEFAULT,2048,2048,2048,16,13,1048576,6,0,4757.568,4763.872,5025.344,261.472,PASS,0
PHASEB_formal_rs_C0_DEFAULT_N2048_q16_rep3,1,4,1,sm_89,RS_SLICE_SERIAL,NCCL,C0_DEFAULT,2048,2048,2048,16,14,1048576,6,0,5107.264,5112.608,5372.480,259.872,PASS,0
PHASEB_formal_rs_C0_DEFAULT_N2048_q16_rep3,1,4,1,sm_89,RS_SLICE_SERIAL,NCCL,C0_DEFAULT,2048,2048,2048,16,15,1048576,6,0,5464.000,5470.752,5729.568,258.816,PASS,0
PHASEB_formal_rs_C0_DEFAULT_N2048_q16_rep3,1,4,1,sm_89,RS_SLICE_SERIAL,NCCL,C0_DEFAULT,2048,2048,2048,16,0,1048576,7,0,123.840,131.872,392.160,260.288,PASS,0
PHASEB_formal_rs_C0_DEFAULT_N2048_q16_rep3,1,4,1,sm_89,RS_SLICE_SERIAL,NCCL,C0_DEFAULT,2048,2048,2048,16,1,1048576,7,0,474.240,480.128,740.480,260.352,PASS,0
PHASEB_formal_rs_C0_DEFAULT_N2048_q16_rep3,1,4,1,sm_89,RS_SLICE_SERIAL,NCCL,C0_DEFAULT,2048,2048,2048,16,2,1048576,7,0,831.232,836.896,1100.544,263.648,PASS,0
PHASEB_formal_rs_C0_DEFAULT_N2048_q16_rep3,1,4,1,sm_89,RS_SLICE_SERIAL,NCCL,C0_DEFAULT,2048,2048,2048,16,3,1048576,7,0,1192.192,1198.464,1458.464,260.000,PASS,0
PHASEB_formal_rs_C0_DEFAULT_N2048_q16_rep3,1,4,1,sm_89,RS_SLICE_SERIAL,NCCL,C0_DEFAULT,2048,2048,2048,16,4,1048576,7,0,1541.632,1547.424,1808.448,261.024,PASS,0
PHASEB_formal_rs_C0_DEFAULT_N2048_q16_rep3,1,4,1,sm_89,RS_SLICE_SERIAL,NCCL,C0_DEFAULT,2048,2048,2048,16,5,1048576,7,0,1902.464,1908.192,2170.368,262.176,PASS,0
PHASEB_formal_rs_C0_DEFAULT_N2048_q16_rep3,1,4,1,sm_89,RS_SLICE_SERIAL,NCCL,C0_DEFAULT,2048,2048,2048,16,6,1048576,7,0,2260.864,2266.720,2528.000,261.280,PASS,0
PHASEB_formal_rs_C0_DEFAULT_N2048_q16_rep3,1,4,1,sm_89,RS_SLICE_SERIAL,NCCL,C0_DEFAULT,2048,2048,2048,16,7,1048576,7,0,2619.008,2625.600,2887.552,261.952,PASS,0
PHASEB_formal_rs_C0_DEFAULT_N2048_q16_rep3,1,4,1,sm_89,RS_SLICE_SERIAL,NCCL,C0_DEFAULT,2048,2048,2048,16,8,1048576,7,0,2976.736,2982.848,3245.504,262.656,PASS,0
PHASEB_formal_rs_C0_DEFAULT_N2048_q16_rep3,1,4,1,sm_89,RS_SLICE_SERIAL,NCCL,C0_DEFAULT,2048,2048,2048,16,9,1048576,7,0,3326.368,3332.224,3593.376,261.152,PASS,0
PHASEB_formal_rs_C0_DEFAULT_N2048_q16_rep3,1,4,1,sm_89,RS_SLICE_SERIAL,NCCL,C0_DEFAULT,2048,2048,2048,16,10,1048576,7,0,3684.448,3690.112,3951.712,261.600,PASS,0
PHASEB_formal_rs_C0_DEFAULT_N2048_q16_rep3,1,4,1,sm_89,RS_SLICE_SERIAL,NCCL,C0_DEFAULT,2048,2048,2048,16,11,1048576,7,0,4037.120,4043.456,4304.000,260.544,PASS,0
PHASEB_formal_rs_C0_DEFAULT_N2048_q16_rep3,1,4,1,sm_89,RS_SLICE_SERIAL,NCCL,C0_DEFAULT,2048,2048,2048,16,12,1048576,7,0,4403.136,4409.024,4669.664,260.640,PASS,0
PHASEB_formal_rs_C0_DEFAULT_N2048_q16_rep3,1,4,1,sm_89,RS_SLICE_SERIAL,NCCL,C0_DEFAULT,2048,2048,2048,16,13,1048576,7,0,4784.704,4790.368,5051.104,260.736,PASS,0
PHASEB_formal_rs_C0_DEFAULT_N2048_q16_rep3,1,4,1,sm_89,RS_SLICE_SERIAL,NCCL,C0_DEFAULT,2048,2048,2048,16,14,1048576,7,0,5132.960,5138.272,5398.496,260.224,PASS,0
PHASEB_formal_rs_C0_DEFAULT_N2048_q16_rep3,1,4,1,sm_89,RS_SLICE_SERIAL,NCCL,C0_DEFAULT,2048,2048,2048,16,15,1048576,7,0,5507.104,5513.760,5772.768,259.008,PASS,0
PHASEB_formal_rs_C0_DEFAULT_N2048_q16_rep3,1,4,1,sm_89,RS_SLICE_SERIAL,NCCL,C0_DEFAULT,2048,2048,2048,16,0,1048576,8,0,116.864,124.320,387.264,262.944,PASS,0
PHASEB_formal_rs_C0_DEFAULT_N2048_q16_rep3,1,4,1,sm_89,RS_SLICE_SERIAL,NCCL,C0_DEFAULT,2048,2048,2048,16,1,1048576,8,0,467.072,473.184,733.440,260.256,PASS,0
PHASEB_formal_rs_C0_DEFAULT_N2048_q16_rep3,1,4,1,sm_89,RS_SLICE_SERIAL,NCCL,C0_DEFAULT,2048,2048,2048,16,2,1048576,8,0,817.216,823.040,1085.632,262.592,PASS,0
PHASEB_formal_rs_C0_DEFAULT_N2048_q16_rep3,1,4,1,sm_89,RS_SLICE_SERIAL,NCCL,C0_DEFAULT,2048,2048,2048,16,3,1048576,8,0,1175.008,1180.800,1442.144,261.344,PASS,0
PHASEB_formal_rs_C0_DEFAULT_N2048_q16_rep3,1,4,1,sm_89,RS_SLICE_SERIAL,NCCL,C0_DEFAULT,2048,2048,2048,16,4,1048576,8,0,1526.528,1532.096,1793.920,261.824,PASS,0
PHASEB_formal_rs_C0_DEFAULT_N2048_q16_rep3,1,4,1,sm_89,RS_SLICE_SERIAL,NCCL,C0_DEFAULT,2048,2048,2048,16,5,1048576,8,0,1876.000,1881.728,2143.648,261.920,PASS,0
PHASEB_formal_rs_C0_DEFAULT_N2048_q16_rep3,1,4,1,sm_89,RS_SLICE_SERIAL,NCCL,C0_DEFAULT,2048,2048,2048,16,6,1048576,8,0,2225.760,2231.072,2491.584,260.512,PASS,0
PHASEB_formal_rs_C0_DEFAULT_N2048_q16_rep3,1,4,1,sm_89,RS_SLICE_SERIAL,NCCL,C0_DEFAULT,2048,2048,2048,16,7,1048576,8,0,2575.168,2580.864,2840.544,259.680,PASS,0
PHASEB_formal_rs_C0_DEFAULT_N2048_q16_rep3,1,4,1,sm_89,RS_SLICE_SERIAL,NCCL,C0_DEFAULT,2048,2048,2048,16,8,1048576,8,0,2922.880,2929.024,3191.392,262.368,PASS,0
PHASEB_formal_rs_C0_DEFAULT_N2048_q16_rep3,1,4,1,sm_89,RS_SLICE_SERIAL,NCCL,C0_DEFAULT,2048,2048,2048,16,9,1048576,8,0,3285.504,3291.840,3551.360,259.520,PASS,0
PHASEB_formal_rs_C0_DEFAULT_N2048_q16_rep3,1,4,1,sm_89,RS_SLICE_SERIAL,NCCL,C0_DEFAULT,2048,2048,2048,16,10,1048576,8,0,3635.168,3641.440,3905.504,264.064,PASS,0
PHASEB_formal_rs_C0_DEFAULT_N2048_q16_rep3,1,4,1,sm_89,RS_SLICE_SERIAL,NCCL,C0_DEFAULT,2048,2048,2048,16,11,1048576,8,0,3988.416,3993.856,4252.864,259.008,PASS,0
PHASEB_formal_rs_C0_DEFAULT_N2048_q16_rep3,1,4,1,sm_89,RS_SLICE_SERIAL,NCCL,C0_DEFAULT,2048,2048,2048,16,12,1048576,8,0,4345.504,4352.000,4614.912,262.912,PASS,0
PHASEB_formal_rs_C0_DEFAULT_N2048_q16_rep3,1,4,1,sm_89,RS_SLICE_SERIAL,NCCL,C0_DEFAULT,2048,2048,2048,16,13,1048576,8,0,4708.128,4713.664,4974.176,260.512,PASS,0
PHASEB_formal_rs_C0_DEFAULT_N2048_q16_rep3,1,4,1,sm_89,RS_SLICE_SERIAL,NCCL,C0_DEFAULT,2048,2048,2048,16,14,1048576,8,0,5056.704,5062.080,5322.112,260.032,PASS,0
PHASEB_formal_rs_C0_DEFAULT_N2048_q16_rep3,1,4,1,sm_89,RS_SLICE_SERIAL,NCCL,C0_DEFAULT,2048,2048,2048,16,15,1048576,8,0,5417.088,5423.616,5681.856,258.240,PASS,0
PHASEB_formal_rs_C0_DEFAULT_N2048_q16_rep3,1,4,1,sm_89,RS_SLICE_SERIAL,NCCL,C0_DEFAULT,2048,2048,2048,16,0,1048576,9,0,125.184,132.704,394.368,261.664,PASS,0
PHASEB_formal_rs_C0_DEFAULT_N2048_q16_rep3,1,4,1,sm_89,RS_SLICE_SERIAL,NCCL,C0_DEFAULT,2048,2048,2048,16,1,1048576,9,0,474.880,480.832,742.080,261.248,PASS,0
PHASEB_formal_rs_C0_DEFAULT_N2048_q16_rep3,1,4,1,sm_89,RS_SLICE_SERIAL,NCCL,C0_DEFAULT,2048,2048,2048,16,2,1048576,9,0,821.344,827.008,1090.528,263.520,PASS,0
PHASEB_formal_rs_C0_DEFAULT_N2048_q16_rep3,1,4,1,sm_89,RS_SLICE_SERIAL,NCCL,C0_DEFAULT,2048,2048,2048,16,3,1048576,9,0,1194.912,1200.416,1460.640,260.224,PASS,0
PHASEB_formal_rs_C0_DEFAULT_N2048_q16_rep3,1,4,1,sm_89,RS_SLICE_SERIAL,NCCL,C0_DEFAULT,2048,2048,2048,16,4,1048576,9,0,1568.960,1574.848,1835.232,260.384,PASS,0
PHASEB_formal_rs_C0_DEFAULT_N2048_q16_rep3,1,4,1,sm_89,RS_SLICE_SERIAL,NCCL,C0_DEFAULT,2048,2048,2048,16,5,1048576,9,0,1931.520,1937.856,2198.560,260.704,PASS,0
PHASEB_formal_rs_C0_DEFAULT_N2048_q16_rep3,1,4,1,sm_89,RS_SLICE_SERIAL,NCCL,C0_DEFAULT,2048,2048,2048,16,6,1048576,9,0,2282.080,2287.648,2550.720,263.072,PASS,0
PHASEB_formal_rs_C0_DEFAULT_N2048_q16_rep3,1,4,1,sm_89,RS_SLICE_SERIAL,NCCL,C0_DEFAULT,2048,2048,2048,16,7,1048576,9,0,2647.456,2653.536,2914.592,261.056,PASS,0
PHASEB_formal_rs_C0_DEFAULT_N2048_q16_rep3,1,4,1,sm_89,RS_SLICE_SERIAL,NCCL,C0_DEFAULT,2048,2048,2048,16,8,1048576,9,0,2996.320,3002.208,3264.704,262.496,PASS,0
PHASEB_formal_rs_C0_DEFAULT_N2048_q16_rep3,1,4,1,sm_89,RS_SLICE_SERIAL,NCCL,C0_DEFAULT,2048,2048,2048,16,9,1048576,9,0,3346.848,3353.216,3614.624,261.408,PASS,0
PHASEB_formal_rs_C0_DEFAULT_N2048_q16_rep3,1,4,1,sm_89,RS_SLICE_SERIAL,NCCL,C0_DEFAULT,2048,2048,2048,16,10,1048576,9,0,3707.104,3712.672,3974.336,261.664,PASS,0
PHASEB_formal_rs_C0_DEFAULT_N2048_q16_rep3,1,4,1,sm_89,RS_SLICE_SERIAL,NCCL,C0_DEFAULT,2048,2048,2048,16,11,1048576,9,0,4057.664,4063.648,4323.200,259.552,PASS,0
PHASEB_formal_rs_C0_DEFAULT_N2048_q16_rep3,1,4,1,sm_89,RS_SLICE_SERIAL,NCCL,C0_DEFAULT,2048,2048,2048,16,12,1048576,9,0,4417.280,4423.104,4683.936,260.832,PASS,0
PHASEB_formal_rs_C0_DEFAULT_N2048_q16_rep3,1,4,1,sm_89,RS_SLICE_SERIAL,NCCL,C0_DEFAULT,2048,2048,2048,16,13,1048576,9,0,4797.152,4802.528,5062.624,260.096,PASS,0
PHASEB_formal_rs_C0_DEFAULT_N2048_q16_rep3,1,4,1,sm_89,RS_SLICE_SERIAL,NCCL,C0_DEFAULT,2048,2048,2048,16,14,1048576,9,0,5144.992,5150.560,5412.576,262.016,PASS,0
PHASEB_formal_rs_C0_DEFAULT_N2048_q16_rep3,1,4,1,sm_89,RS_SLICE_SERIAL,NCCL,C0_DEFAULT,2048,2048,2048,16,15,1048576,9,0,5504.128,5510.816,5769.632,258.816,PASS,0
PHASEB_formal_rs_C0_DEFAULT_N2048_q16_rep3,1,4,1,sm_89,RS_SLICE_SERIAL,NCCL,C0_DEFAULT,2048,2048,2048,16,0,1048576,10,0,121.120,129.056,390.752,261.696,PASS,0
PHASEB_formal_rs_C0_DEFAULT_N2048_q16_rep3,1,4,1,sm_89,RS_SLICE_SERIAL,NCCL,C0_DEFAULT,2048,2048,2048,16,1,1048576,10,0,472.096,478.144,738.624,260.480,PASS,0
PHASEB_formal_rs_C0_DEFAULT_N2048_q16_rep3,1,4,1,sm_89,RS_SLICE_SERIAL,NCCL,C0_DEFAULT,2048,2048,2048,16,2,1048576,10,0,820.224,826.208,1089.280,263.072,PASS,0
PHASEB_formal_rs_C0_DEFAULT_N2048_q16_rep3,1,4,1,sm_89,RS_SLICE_SERIAL,NCCL,C0_DEFAULT,2048,2048,2048,16,3,1048576,10,0,1179.104,1184.480,1446.368,261.888,PASS,0
PHASEB_formal_rs_C0_DEFAULT_N2048_q16_rep3,1,4,1,sm_89,RS_SLICE_SERIAL,NCCL,C0_DEFAULT,2048,2048,2048,16,4,1048576,10,0,1531.552,1537.856,1799.872,262.016,PASS,0
PHASEB_formal_rs_C0_DEFAULT_N2048_q16_rep3,1,4,1,sm_89,RS_SLICE_SERIAL,NCCL,C0_DEFAULT,2048,2048,2048,16,5,1048576,10,0,1888.512,1895.104,2156.736,261.632,PASS,0
PHASEB_formal_rs_C0_DEFAULT_N2048_q16_rep3,1,4,1,sm_89,RS_SLICE_SERIAL,NCCL,C0_DEFAULT,2048,2048,2048,16,6,1048576,10,0,2245.056,2250.560,2509.888,259.328,PASS,0
PHASEB_formal_rs_C0_DEFAULT_N2048_q16_rep3,1,4,1,sm_89,RS_SLICE_SERIAL,NCCL,C0_DEFAULT,2048,2048,2048,16,7,1048576,10,0,2600.384,2606.528,2868.128,261.600,PASS,0
PHASEB_formal_rs_C0_DEFAULT_N2048_q16_rep3,1,4,1,sm_89,RS_SLICE_SERIAL,NCCL,C0_DEFAULT,2048,2048,2048,16,8,1048576,10,0,2949.888,2955.360,3216.288,260.928,PASS,0
PHASEB_formal_rs_C0_DEFAULT_N2048_q16_rep3,1,4,1,sm_89,RS_SLICE_SERIAL,NCCL,C0_DEFAULT,2048,2048,2048,16,9,1048576,10,0,3302.656,3308.928,3569.728,260.800,PASS,0
PHASEB_formal_rs_C0_DEFAULT_N2048_q16_rep3,1,4,1,sm_89,RS_SLICE_SERIAL,NCCL,C0_DEFAULT,2048,2048,2048,16,10,1048576,10,0,3653.280,3658.944,3920.256,261.312,PASS,0
PHASEB_formal_rs_C0_DEFAULT_N2048_q16_rep3,1,4,1,sm_89,RS_SLICE_SERIAL,NCCL,C0_DEFAULT,2048,2048,2048,16,11,1048576,10,0,4000.256,4006.016,4267.392,261.376,PASS,0
PHASEB_formal_rs_C0_DEFAULT_N2048_q16_rep3,1,4,1,sm_89,RS_SLICE_SERIAL,NCCL,C0_DEFAULT,2048,2048,2048,16,12,1048576,10,0,4361.728,4367.264,4629.120,261.856,PASS,0
PHASEB_formal_rs_C0_DEFAULT_N2048_q16_rep3,1,4,1,sm_89,RS_SLICE_SERIAL,NCCL,C0_DEFAULT,2048,2048,2048,16,13,1048576,10,0,4711.968,4718.272,4978.944,260.672,PASS,0
PHASEB_formal_rs_C0_DEFAULT_N2048_q16_rep3,1,4,1,sm_89,RS_SLICE_SERIAL,NCCL,C0_DEFAULT,2048,2048,2048,16,14,1048576,10,0,5059.168,5064.992,5325.504,260.512,PASS,0
PHASEB_formal_rs_C0_DEFAULT_N2048_q16_rep3,1,4,1,sm_89,RS_SLICE_SERIAL,NCCL,C0_DEFAULT,2048,2048,2048,16,15,1048576,10,0,5417.696,5424.352,5681.888,257.536,PASS,0
PHASEB_formal_rs_C0_DEFAULT_N2048_q16_rep3,1,4,1,sm_89,RS_SLICE_SERIAL,NCCL,C0_DEFAULT,2048,2048,2048,16,0,1048576,11,0,121.024,128.896,389.632,260.736,PASS,0
PHASEB_formal_rs_C0_DEFAULT_N2048_q16_rep3,1,4,1,sm_89,RS_SLICE_SERIAL,NCCL,C0_DEFAULT,2048,2048,2048,16,1,1048576,11,0,473.856,479.808,742.656,262.848,PASS,0
PHASEB_formal_rs_C0_DEFAULT_N2048_q16_rep3,1,4,1,sm_89,RS_SLICE_SERIAL,NCCL,C0_DEFAULT,2048,2048,2048,16,2,1048576,11,0,833.600,839.552,1102.944,263.392,PASS,0
PHASEB_formal_rs_C0_DEFAULT_N2048_q16_rep3,1,4,1,sm_89,RS_SLICE_SERIAL,NCCL,C0_DEFAULT,2048,2048,2048,16,3,1048576,11,0,1187.872,1194.368,1455.456,261.088,PASS,0
PHASEB_formal_rs_C0_DEFAULT_N2048_q16_rep3,1,4,1,sm_89,RS_SLICE_SERIAL,NCCL,C0_DEFAULT,2048,2048,2048,16,4,1048576,11,0,1547.872,1553.536,1814.176,260.640,PASS,0
PHASEB_formal_rs_C0_DEFAULT_N2048_q16_rep3,1,4,1,sm_89,RS_SLICE_SERIAL,NCCL,C0_DEFAULT,2048,2048,2048,16,5,1048576,11,0,1942.432,1948.192,2210.464,262.272,PASS,0
PHASEB_formal_rs_C0_DEFAULT_N2048_q16_rep3,1,4,1,sm_89,RS_SLICE_SERIAL,NCCL,C0_DEFAULT,2048,2048,2048,16,6,1048576,11,0,2289.600,2295.712,2556.128,260.416,PASS,0
PHASEB_formal_rs_C0_DEFAULT_N2048_q16_rep3,1,4,1,sm_89,RS_SLICE_SERIAL,NCCL,C0_DEFAULT,2048,2048,2048,16,7,1048576,11,0,2650.688,2656.096,2917.376,261.280,PASS,0
PHASEB_formal_rs_C0_DEFAULT_N2048_q16_rep3,1,4,1,sm_89,RS_SLICE_SERIAL,NCCL,C0_DEFAULT,2048,2048,2048,16,8,1048576,11,0,2998.048,3003.744,3265.216,261.472,PASS,0
PHASEB_formal_rs_C0_DEFAULT_N2048_q16_rep3,1,4,1,sm_89,RS_SLICE_SERIAL,NCCL,C0_DEFAULT,2048,2048,2048,16,9,1048576,11,0,3359.392,3364.960,3624.640,259.680,PASS,0
PHASEB_formal_rs_C0_DEFAULT_N2048_q16_rep3,1,4,1,sm_89,RS_SLICE_SERIAL,NCCL,C0_DEFAULT,2048,2048,2048,16,10,1048576,11,0,3707.648,3713.600,3976.832,263.232,PASS,0
PHASEB_formal_rs_C0_DEFAULT_N2048_q16_rep3,1,4,1,sm_89,RS_SLICE_SERIAL,NCCL,C0_DEFAULT,2048,2048,2048,16,11,1048576,11,0,4067.840,4074.144,4335.072,260.928,PASS,0
PHASEB_formal_rs_C0_DEFAULT_N2048_q16_rep3,1,4,1,sm_89,RS_SLICE_SERIAL,NCCL,C0_DEFAULT,2048,2048,2048,16,12,1048576,11,0,4432.000,4437.632,4700.512,262.880,PASS,0
PHASEB_formal_rs_C0_DEFAULT_N2048_q16_rep3,1,4,1,sm_89,RS_SLICE_SERIAL,NCCL,C0_DEFAULT,2048,2048,2048,16,13,1048576,11,0,4792.320,4797.952,5057.664,259.712,PASS,0
PHASEB_formal_rs_C0_DEFAULT_N2048_q16_rep3,1,4,1,sm_89,RS_SLICE_SERIAL,NCCL,C0_DEFAULT,2048,2048,2048,16,14,1048576,11,0,5149.152,5154.496,5415.936,261.440,PASS,0
PHASEB_formal_rs_C0_DEFAULT_N2048_q16_rep3,1,4,1,sm_89,RS_SLICE_SERIAL,NCCL,C0_DEFAULT,2048,2048,2048,16,15,1048576,11,0,5507.936,5514.624,5773.760,259.136,PASS,0
PHASEB_formal_rs_C0_DEFAULT_N2048_q16_rep3,1,4,1,sm_89,RS_SLICE_SERIAL,NCCL,C0_DEFAULT,2048,2048,2048,16,0,1048576,12,0,117.280,125.088,388.512,263.424,PASS,0
PHASEB_formal_rs_C0_DEFAULT_N2048_q16_rep3,1,4,1,sm_89,RS_SLICE_SERIAL,NCCL,C0_DEFAULT,2048,2048,2048,16,1,1048576,12,0,466.656,473.152,733.184,260.032,PASS,0
PHASEB_formal_rs_C0_DEFAULT_N2048_q16_rep3,1,4,1,sm_89,RS_SLICE_SERIAL,NCCL,C0_DEFAULT,2048,2048,2048,16,2,1048576,12,0,825.376,830.912,1092.576,261.664,PASS,0
PHASEB_formal_rs_C0_DEFAULT_N2048_q16_rep3,1,4,1,sm_89,RS_SLICE_SERIAL,NCCL,C0_DEFAULT,2048,2048,2048,16,3,1048576,12,0,1178.112,1183.680,1445.792,262.112,PASS,0
PHASEB_formal_rs_C0_DEFAULT_N2048_q16_rep3,1,4,1,sm_89,RS_SLICE_SERIAL,NCCL,C0_DEFAULT,2048,2048,2048,16,4,1048576,12,0,1539.200,1545.600,1808.352,262.752,PASS,0
PHASEB_formal_rs_C0_DEFAULT_N2048_q16_rep3,1,4,1,sm_89,RS_SLICE_SERIAL,NCCL,C0_DEFAULT,2048,2048,2048,16,5,1048576,12,0,1888.928,1894.656,2156.256,261.600,PASS,0
PHASEB_formal_rs_C0_DEFAULT_N2048_q16_rep3,1,4,1,sm_89,RS_SLICE_SERIAL,NCCL,C0_DEFAULT,2048,2048,2048,16,6,1048576,12,0,2238.816,2244.992,2506.336,261.344,PASS,0
PHASEB_formal_rs_C0_DEFAULT_N2048_q16_rep3,1,4,1,sm_89,RS_SLICE_SERIAL,NCCL,C0_DEFAULT,2048,2048,2048,16,7,1048576,12,0,2599.200,2604.800,2865.696,260.896,PASS,0
PHASEB_formal_rs_C0_DEFAULT_N2048_q16_rep3,1,4,1,sm_89,RS_SLICE_SERIAL,NCCL,C0_DEFAULT,2048,2048,2048,16,8,1048576,12,0,2947.776,2953.600,3215.456,261.856,PASS,0
PHASEB_formal_rs_C0_DEFAULT_N2048_q16_rep3,1,4,1,sm_89,RS_SLICE_SERIAL,NCCL,C0_DEFAULT,2048,2048,2048,16,9,1048576,12,0,3299.648,3306.176,3566.720,260.544,PASS,0
PHASEB_formal_rs_C0_DEFAULT_N2048_q16_rep3,1,4,1,sm_89,RS_SLICE_SERIAL,NCCL,C0_DEFAULT,2048,2048,2048,16,10,1048576,12,0,3662.496,3668.128,3930.048,261.920,PASS,0
PHASEB_formal_rs_C0_DEFAULT_N2048_q16_rep3,1,4,1,sm_89,RS_SLICE_SERIAL,NCCL,C0_DEFAULT,2048,2048,2048,16,11,1048576,12,0,4010.016,4015.712,4275.936,260.224,PASS,0
PHASEB_formal_rs_C0_DEFAULT_N2048_q16_rep3,1,4,1,sm_89,RS_SLICE_SERIAL,NCCL,C0_DEFAULT,2048,2048,2048,16,12,1048576,12,0,4375.552,4380.928,4643.328,262.400,PASS,0
PHASEB_formal_rs_C0_DEFAULT_N2048_q16_rep3,1,4,1,sm_89,RS_SLICE_SERIAL,NCCL,C0_DEFAULT,2048,2048,2048,16,13,1048576,12,0,4737.504,4743.040,5003.520,260.480,PASS,0
PHASEB_formal_rs_C0_DEFAULT_N2048_q16_rep3,1,4,1,sm_89,RS_SLICE_SERIAL,NCCL,C0_DEFAULT,2048,2048,2048,16,14,1048576,12,0,5086.368,5091.936,5351.040,259.104,PASS,0
PHASEB_formal_rs_C0_DEFAULT_N2048_q16_rep3,1,4,1,sm_89,RS_SLICE_SERIAL,NCCL,C0_DEFAULT,2048,2048,2048,16,15,1048576,12,0,5457.728,5464.320,5722.208,257.888,PASS,0
PHASEB_formal_rs_C0_DEFAULT_N2048_q16_rep3,1,4,1,sm_89,RS_SLICE_SERIAL,NCCL,C0_DEFAULT,2048,2048,2048,16,0,1048576,13,0,117.568,125.024,386.304,261.280,PASS,0
PHASEB_formal_rs_C0_DEFAULT_N2048_q16_rep3,1,4,1,sm_89,RS_SLICE_SERIAL,NCCL,C0_DEFAULT,2048,2048,2048,16,1,1048576,13,0,467.136,473.472,734.176,260.704,PASS,0
PHASEB_formal_rs_C0_DEFAULT_N2048_q16_rep3,1,4,1,sm_89,RS_SLICE_SERIAL,NCCL,C0_DEFAULT,2048,2048,2048,16,2,1048576,13,0,818.016,823.904,1086.080,262.176,PASS,0
PHASEB_formal_rs_C0_DEFAULT_N2048_q16_rep3,1,4,1,sm_89,RS_SLICE_SERIAL,NCCL,C0_DEFAULT,2048,2048,2048,16,3,1048576,13,0,1168.992,1175.360,1437.024,261.664,PASS,0
PHASEB_formal_rs_C0_DEFAULT_N2048_q16_rep3,1,4,1,sm_89,RS_SLICE_SERIAL,NCCL,C0_DEFAULT,2048,2048,2048,16,4,1048576,13,0,1527.552,1533.888,1793.344,259.456,PASS,0
PHASEB_formal_rs_C0_DEFAULT_N2048_q16_rep3,1,4,1,sm_89,RS_SLICE_SERIAL,NCCL,C0_DEFAULT,2048,2048,2048,16,5,1048576,13,0,1896.416,1902.304,2162.976,260.672,PASS,0
PHASEB_formal_rs_C0_DEFAULT_N2048_q16_rep3,1,4,1,sm_89,RS_SLICE_SERIAL,NCCL,C0_DEFAULT,2048,2048,2048,16,6,1048576,13,0,2254.688,2260.512,2522.976,262.464,PASS,0
PHASEB_formal_rs_C0_DEFAULT_N2048_q16_rep3,1,4,1,sm_89,RS_SLICE_SERIAL,NCCL,C0_DEFAULT,2048,2048,2048,16,7,1048576,13,0,2615.488,2622.080,2884.992,262.912,PASS,0
PHASEB_formal_rs_C0_DEFAULT_N2048_q16_rep3,1,4,1,sm_89,RS_SLICE_SERIAL,NCCL,C0_DEFAULT,2048,2048,2048,16,8,1048576,13,0,2972.992,2978.624,3240.192,261.568,PASS,0
PHASEB_formal_rs_C0_DEFAULT_N2048_q16_rep3,1,4,1,sm_89,RS_SLICE_SERIAL,NCCL,C0_DEFAULT,2048,2048,2048,16,9,1048576,13,0,3327.232,3332.672,3594.272,261.600,PASS,0
PHASEB_formal_rs_C0_DEFAULT_N2048_q16_rep3,1,4,1,sm_89,RS_SLICE_SERIAL,NCCL,C0_DEFAULT,2048,2048,2048,16,10,1048576,13,0,3677.888,3684.032,3945.248,261.216,PASS,0
PHASEB_formal_rs_C0_DEFAULT_N2048_q16_rep3,1,4,1,sm_89,RS_SLICE_SERIAL,NCCL,C0_DEFAULT,2048,2048,2048,16,11,1048576,13,0,4029.088,4035.328,4294.752,259.424,PASS,0
PHASEB_formal_rs_C0_DEFAULT_N2048_q16_rep3,1,4,1,sm_89,RS_SLICE_SERIAL,NCCL,C0_DEFAULT,2048,2048,2048,16,12,1048576,13,0,4401.440,4406.816,4668.160,261.344,PASS,0
PHASEB_formal_rs_C0_DEFAULT_N2048_q16_rep3,1,4,1,sm_89,RS_SLICE_SERIAL,NCCL,C0_DEFAULT,2048,2048,2048,16,13,1048576,13,0,4749.312,4754.944,5015.520,260.576,PASS,0
PHASEB_formal_rs_C0_DEFAULT_N2048_q16_rep3,1,4,1,sm_89,RS_SLICE_SERIAL,NCCL,C0_DEFAULT,2048,2048,2048,16,14,1048576,13,0,5095.808,5101.344,5364.096,262.752,PASS,0
PHASEB_formal_rs_C0_DEFAULT_N2048_q16_rep3,1,4,1,sm_89,RS_SLICE_SERIAL,NCCL,C0_DEFAULT,2048,2048,2048,16,15,1048576,13,0,5455.104,5461.760,5720.928,259.168,PASS,0
PHASEB_formal_rs_C0_DEFAULT_N2048_q16_rep3,1,4,1,sm_89,RS_SLICE_SERIAL,NCCL,C0_DEFAULT,2048,2048,2048,16,0,1048576,14,0,116.448,124.064,385.248,261.184,PASS,0
PHASEB_formal_rs_C0_DEFAULT_N2048_q16_rep3,1,4,1,sm_89,RS_SLICE_SERIAL,NCCL,C0_DEFAULT,2048,2048,2048,16,1,1048576,14,0,468.064,474.880,736.096,261.216,PASS,0
PHASEB_formal_rs_C0_DEFAULT_N2048_q16_rep3,1,4,1,sm_89,RS_SLICE_SERIAL,NCCL,C0_DEFAULT,2048,2048,2048,16,2,1048576,14,0,818.496,824.288,1086.464,262.176,PASS,0
PHASEB_formal_rs_C0_DEFAULT_N2048_q16_rep3,1,4,1,sm_89,RS_SLICE_SERIAL,NCCL,C0_DEFAULT,2048,2048,2048,16,3,1048576,14,0,1169.632,1175.168,1436.416,261.248,PASS,0
PHASEB_formal_rs_C0_DEFAULT_N2048_q16_rep3,1,4,1,sm_89,RS_SLICE_SERIAL,NCCL,C0_DEFAULT,2048,2048,2048,16,4,1048576,14,0,1532.896,1538.368,1799.104,260.736,PASS,0
PHASEB_formal_rs_C0_DEFAULT_N2048_q16_rep3,1,4,1,sm_89,RS_SLICE_SERIAL,NCCL,C0_DEFAULT,2048,2048,2048,16,5,1048576,14,0,1890.176,1896.544,2159.072,262.528,PASS,0
PHASEB_formal_rs_C0_DEFAULT_N2048_q16_rep3,1,4,1,sm_89,RS_SLICE_SERIAL,NCCL,C0_DEFAULT,2048,2048,2048,16,6,1048576,14,0,2252.864,2258.432,2519.648,261.216,PASS,0
PHASEB_formal_rs_C0_DEFAULT_N2048_q16_rep3,1,4,1,sm_89,RS_SLICE_SERIAL,NCCL,C0_DEFAULT,2048,2048,2048,16,7,1048576,14,0,2605.600,2611.424,2871.008,259.584,PASS,0
PHASEB_formal_rs_C0_DEFAULT_N2048_q16_rep3,1,4,1,sm_89,RS_SLICE_SERIAL,NCCL,C0_DEFAULT,2048,2048,2048,16,8,1048576,14,0,2966.528,2972.256,3235.136,262.880,PASS,0
PHASEB_formal_rs_C0_DEFAULT_N2048_q16_rep3,1,4,1,sm_89,RS_SLICE_SERIAL,NCCL,C0_DEFAULT,2048,2048,2048,16,9,1048576,14,0,3326.880,3332.448,3592.352,259.904,PASS,0
PHASEB_formal_rs_C0_DEFAULT_N2048_q16_rep3,1,4,1,sm_89,RS_SLICE_SERIAL,NCCL,C0_DEFAULT,2048,2048,2048,16,10,1048576,14,0,3683.712,3689.792,3952.352,262.560,PASS,0
PHASEB_formal_rs_C0_DEFAULT_N2048_q16_rep3,1,4,1,sm_89,RS_SLICE_SERIAL,NCCL,C0_DEFAULT,2048,2048,2048,16,11,1048576,14,0,4034.144,4039.872,4300.960,261.088,PASS,0
PHASEB_formal_rs_C0_DEFAULT_N2048_q16_rep3,1,4,1,sm_89,RS_SLICE_SERIAL,NCCL,C0_DEFAULT,2048,2048,2048,16,12,1048576,14,0,4395.360,4401.120,4663.072,261.952,PASS,0
PHASEB_formal_rs_C0_DEFAULT_N2048_q16_rep3,1,4,1,sm_89,RS_SLICE_SERIAL,NCCL,C0_DEFAULT,2048,2048,2048,16,13,1048576,14,0,4761.248,4767.424,5027.872,260.448,PASS,0
PHASEB_formal_rs_C0_DEFAULT_N2048_q16_rep3,1,4,1,sm_89,RS_SLICE_SERIAL,NCCL,C0_DEFAULT,2048,2048,2048,16,14,1048576,14,0,5122.816,5128.320,5389.280,260.960,PASS,0
PHASEB_formal_rs_C0_DEFAULT_N2048_q16_rep3,1,4,1,sm_89,RS_SLICE_SERIAL,NCCL,C0_DEFAULT,2048,2048,2048,16,15,1048576,14,0,5471.296,5477.888,5736.224,258.336,PASS,0
PHASEB_formal_rs_C0_DEFAULT_N2048_q16_rep3,1,4,1,sm_89,RS_SLICE_SERIAL,NCCL,C0_DEFAULT,2048,2048,2048,16,0,1048576,15,0,121.568,129.088,390.720,261.632,PASS,0
PHASEB_formal_rs_C0_DEFAULT_N2048_q16_rep3,1,4,1,sm_89,RS_SLICE_SERIAL,NCCL,C0_DEFAULT,2048,2048,2048,16,1,1048576,15,0,472.640,478.496,739.200,260.704,PASS,0
PHASEB_formal_rs_C0_DEFAULT_N2048_q16_rep3,1,4,1,sm_89,RS_SLICE_SERIAL,NCCL,C0_DEFAULT,2048,2048,2048,16,2,1048576,15,0,829.472,835.552,1099.680,264.128,PASS,0
PHASEB_formal_rs_C0_DEFAULT_N2048_q16_rep3,1,4,1,sm_89,RS_SLICE_SERIAL,NCCL,C0_DEFAULT,2048,2048,2048,16,3,1048576,15,0,1182.080,1188.352,1449.184,260.832,PASS,0
PHASEB_formal_rs_C0_DEFAULT_N2048_q16_rep3,1,4,1,sm_89,RS_SLICE_SERIAL,NCCL,C0_DEFAULT,2048,2048,2048,16,4,1048576,15,0,1538.080,1543.488,1804.896,261.408,PASS,0
PHASEB_formal_rs_C0_DEFAULT_N2048_q16_rep3,1,4,1,sm_89,RS_SLICE_SERIAL,NCCL,C0_DEFAULT,2048,2048,2048,16,5,1048576,15,0,1893.024,1898.720,2160.160,261.440,PASS,0
PHASEB_formal_rs_C0_DEFAULT_N2048_q16_rep3,1,4,1,sm_89,RS_SLICE_SERIAL,NCCL,C0_DEFAULT,2048,2048,2048,16,6,1048576,15,0,2244.512,2250.336,2512.736,262.400,PASS,0
PHASEB_formal_rs_C0_DEFAULT_N2048_q16_rep3,1,4,1,sm_89,RS_SLICE_SERIAL,NCCL,C0_DEFAULT,2048,2048,2048,16,7,1048576,15,0,2605.952,2611.808,2874.560,262.752,PASS,0
PHASEB_formal_rs_C0_DEFAULT_N2048_q16_rep3,1,4,1,sm_89,RS_SLICE_SERIAL,NCCL,C0_DEFAULT,2048,2048,2048,16,8,1048576,15,0,2981.248,2987.040,3248.416,261.376,PASS,0
PHASEB_formal_rs_C0_DEFAULT_N2048_q16_rep3,1,4,1,sm_89,RS_SLICE_SERIAL,NCCL,C0_DEFAULT,2048,2048,2048,16,9,1048576,15,0,3348.192,3353.760,3614.080,260.320,PASS,0
PHASEB_formal_rs_C0_DEFAULT_N2048_q16_rep3,1,4,1,sm_89,RS_SLICE_SERIAL,NCCL,C0_DEFAULT,2048,2048,2048,16,10,1048576,15,0,3711.168,3716.672,3979.136,262.464,PASS,0
PHASEB_formal_rs_C0_DEFAULT_N2048_q16_rep3,1,4,1,sm_89,RS_SLICE_SERIAL,NCCL,C0_DEFAULT,2048,2048,2048,16,11,1048576,15,0,4063.712,4070.016,4331.360,261.344,PASS,0
PHASEB_formal_rs_C0_DEFAULT_N2048_q16_rep3,1,4,1,sm_89,RS_SLICE_SERIAL,NCCL,C0_DEFAULT,2048,2048,2048,16,12,1048576,15,0,4423.680,4429.312,4690.752,261.440,PASS,0
PHASEB_formal_rs_C0_DEFAULT_N2048_q16_rep3,1,4,1,sm_89,RS_SLICE_SERIAL,NCCL,C0_DEFAULT,2048,2048,2048,16,13,1048576,15,0,4782.048,4787.680,5049.024,261.344,PASS,0
PHASEB_formal_rs_C0_DEFAULT_N2048_q16_rep3,1,4,1,sm_89,RS_SLICE_SERIAL,NCCL,C0_DEFAULT,2048,2048,2048,16,14,1048576,15,0,5137.472,5143.200,5404.224,261.024,PASS,0
PHASEB_formal_rs_C0_DEFAULT_N2048_q16_rep3,1,4,1,sm_89,RS_SLICE_SERIAL,NCCL,C0_DEFAULT,2048,2048,2048,16,15,1048576,15,0,5495.808,5502.528,5762.496,259.968,PASS,0
PHASEB_formal_rs_C0_DEFAULT_N2048_q16_rep3,1,4,1,sm_89,RS_SLICE_SERIAL,NCCL,C0_DEFAULT,2048,2048,2048,16,0,1048576,16,0,118.400,126.336,389.376,263.040,PASS,0
PHASEB_formal_rs_C0_DEFAULT_N2048_q16_rep3,1,4,1,sm_89,RS_SLICE_SERIAL,NCCL,C0_DEFAULT,2048,2048,2048,16,1,1048576,16,0,469.984,476.288,737.824,261.536,PASS,0
PHASEB_formal_rs_C0_DEFAULT_N2048_q16_rep3,1,4,1,sm_89,RS_SLICE_SERIAL,NCCL,C0_DEFAULT,2048,2048,2048,16,2,1048576,16,0,828.032,833.472,1095.936,262.464,PASS,0
PHASEB_formal_rs_C0_DEFAULT_N2048_q16_rep3,1,4,1,sm_89,RS_SLICE_SERIAL,NCCL,C0_DEFAULT,2048,2048,2048,16,3,1048576,16,0,1183.264,1188.928,1450.272,261.344,PASS,0
PHASEB_formal_rs_C0_DEFAULT_N2048_q16_rep3,1,4,1,sm_89,RS_SLICE_SERIAL,NCCL,C0_DEFAULT,2048,2048,2048,16,4,1048576,16,0,1536.224,1542.112,1802.496,260.384,PASS,0
PHASEB_formal_rs_C0_DEFAULT_N2048_q16_rep3,1,4,1,sm_89,RS_SLICE_SERIAL,NCCL,C0_DEFAULT,2048,2048,2048,16,5,1048576,16,0,1901.760,1907.936,2168.960,261.024,PASS,0
PHASEB_formal_rs_C0_DEFAULT_N2048_q16_rep3,1,4,1,sm_89,RS_SLICE_SERIAL,NCCL,C0_DEFAULT,2048,2048,2048,16,6,1048576,16,0,2251.616,2257.824,2519.488,261.664,PASS,0
PHASEB_formal_rs_C0_DEFAULT_N2048_q16_rep3,1,4,1,sm_89,RS_SLICE_SERIAL,NCCL,C0_DEFAULT,2048,2048,2048,16,7,1048576,16,0,2601.344,2607.456,2867.168,259.712,PASS,0
PHASEB_formal_rs_C0_DEFAULT_N2048_q16_rep3,1,4,1,sm_89,RS_SLICE_SERIAL,NCCL,C0_DEFAULT,2048,2048,2048,16,8,1048576,16,0,2951.488,2957.312,3221.792,264.480,PASS,0
PHASEB_formal_rs_C0_DEFAULT_N2048_q16_rep3,1,4,1,sm_89,RS_SLICE_SERIAL,NCCL,C0_DEFAULT,2048,2048,2048,16,9,1048576,16,0,3349.312,3355.424,3615.808,260.384,PASS,0
PHASEB_formal_rs_C0_DEFAULT_N2048_q16_rep3,1,4,1,sm_89,RS_SLICE_SERIAL,NCCL,C0_DEFAULT,2048,2048,2048,16,10,1048576,16,0,3698.112,3703.584,3965.568,261.984,PASS,0
PHASEB_formal_rs_C0_DEFAULT_N2048_q16_rep3,1,4,1,sm_89,RS_SLICE_SERIAL,NCCL,C0_DEFAULT,2048,2048,2048,16,11,1048576,16,0,4057.152,4062.688,4323.936,261.248,PASS,0
PHASEB_formal_rs_C0_DEFAULT_N2048_q16_rep3,1,4,1,sm_89,RS_SLICE_SERIAL,NCCL,C0_DEFAULT,2048,2048,2048,16,12,1048576,16,0,4415.968,4421.600,4683.168,261.568,PASS,0
PHASEB_formal_rs_C0_DEFAULT_N2048_q16_rep3,1,4,1,sm_89,RS_SLICE_SERIAL,NCCL,C0_DEFAULT,2048,2048,2048,16,13,1048576,16,0,4775.616,4781.760,5041.536,259.776,PASS,0
PHASEB_formal_rs_C0_DEFAULT_N2048_q16_rep3,1,4,1,sm_89,RS_SLICE_SERIAL,NCCL,C0_DEFAULT,2048,2048,2048,16,14,1048576,16,0,5122.336,5127.744,5387.328,259.584,PASS,0
PHASEB_formal_rs_C0_DEFAULT_N2048_q16_rep3,1,4,1,sm_89,RS_SLICE_SERIAL,NCCL,C0_DEFAULT,2048,2048,2048,16,15,1048576,16,0,5474.688,5481.344,5739.488,258.144,PASS,0
PHASEB_formal_rs_C0_DEFAULT_N2048_q16_rep3,1,4,1,sm_89,RS_SLICE_SERIAL,NCCL,C0_DEFAULT,2048,2048,2048,16,0,1048576,17,0,113.632,121.312,382.656,261.344,PASS,0
PHASEB_formal_rs_C0_DEFAULT_N2048_q16_rep3,1,4,1,sm_89,RS_SLICE_SERIAL,NCCL,C0_DEFAULT,2048,2048,2048,16,1,1048576,17,0,473.792,479.520,742.048,262.528,PASS,0
PHASEB_formal_rs_C0_DEFAULT_N2048_q16_rep3,1,4,1,sm_89,RS_SLICE_SERIAL,NCCL,C0_DEFAULT,2048,2048,2048,16,2,1048576,17,0,829.824,835.264,1096.640,261.376,PASS,0
PHASEB_formal_rs_C0_DEFAULT_N2048_q16_rep3,1,4,1,sm_89,RS_SLICE_SERIAL,NCCL,C0_DEFAULT,2048,2048,2048,16,3,1048576,17,0,1188.928,1195.072,1456.288,261.216,PASS,0
PHASEB_formal_rs_C0_DEFAULT_N2048_q16_rep3,1,4,1,sm_89,RS_SLICE_SERIAL,NCCL,C0_DEFAULT,2048,2048,2048,16,4,1048576,17,0,1543.424,1549.088,1810.976,261.888,PASS,0
PHASEB_formal_rs_C0_DEFAULT_N2048_q16_rep3,1,4,1,sm_89,RS_SLICE_SERIAL,NCCL,C0_DEFAULT,2048,2048,2048,16,5,1048576,17,0,1899.968,1905.792,2167.488,261.696,PASS,0
PHASEB_formal_rs_C0_DEFAULT_N2048_q16_rep3,1,4,1,sm_89,RS_SLICE_SERIAL,NCCL,C0_DEFAULT,2048,2048,2048,16,6,1048576,17,0,2269.216,2274.784,2536.032,261.248,PASS,0
PHASEB_formal_rs_C0_DEFAULT_N2048_q16_rep3,1,4,1,sm_89,RS_SLICE_SERIAL,NCCL,C0_DEFAULT,2048,2048,2048,16,7,1048576,17,0,2638.176,2644.480,2906.176,261.696,PASS,0
PHASEB_formal_rs_C0_DEFAULT_N2048_q16_rep3,1,4,1,sm_89,RS_SLICE_SERIAL,NCCL,C0_DEFAULT,2048,2048,2048,16,8,1048576,17,0,2990.272,2996.000,3258.848,262.848,PASS,0
PHASEB_formal_rs_C0_DEFAULT_N2048_q16_rep3,1,4,1,sm_89,RS_SLICE_SERIAL,NCCL,C0_DEFAULT,2048,2048,2048,16,9,1048576,17,0,3360.896,3366.752,3626.432,259.680,PASS,0
PHASEB_formal_rs_C0_DEFAULT_N2048_q16_rep3,1,4,1,sm_89,RS_SLICE_SERIAL,NCCL,C0_DEFAULT,2048,2048,2048,16,10,1048576,17,0,3711.040,3716.896,3979.712,262.816,PASS,0
PHASEB_formal_rs_C0_DEFAULT_N2048_q16_rep3,1,4,1,sm_89,RS_SLICE_SERIAL,NCCL,C0_DEFAULT,2048,2048,2048,16,11,1048576,17,0,4072.448,4078.208,4337.920,259.712,PASS,0
PHASEB_formal_rs_C0_DEFAULT_N2048_q16_rep3,1,4,1,sm_89,RS_SLICE_SERIAL,NCCL,C0_DEFAULT,2048,2048,2048,16,12,1048576,17,0,4432.896,4438.528,4699.616,261.088,PASS,0
PHASEB_formal_rs_C0_DEFAULT_N2048_q16_rep3,1,4,1,sm_89,RS_SLICE_SERIAL,NCCL,C0_DEFAULT,2048,2048,2048,16,13,1048576,17,0,4797.568,4802.976,5064.320,261.344,PASS,0
PHASEB_formal_rs_C0_DEFAULT_N2048_q16_rep3,1,4,1,sm_89,RS_SLICE_SERIAL,NCCL,C0_DEFAULT,2048,2048,2048,16,14,1048576,17,0,5152.480,5158.048,5419.744,261.696,PASS,0
PHASEB_formal_rs_C0_DEFAULT_N2048_q16_rep3,1,4,1,sm_89,RS_SLICE_SERIAL,NCCL,C0_DEFAULT,2048,2048,2048,16,15,1048576,17,0,5506.144,5512.768,5771.488,258.720,PASS,0
PHASEB_formal_rs_C0_DEFAULT_N2048_q16_rep3,1,4,1,sm_89,RS_SLICE_SERIAL,NCCL,C0_DEFAULT,2048,2048,2048,16,0,1048576,18,0,115.200,123.360,383.936,260.576,PASS,0
PHASEB_formal_rs_C0_DEFAULT_N2048_q16_rep3,1,4,1,sm_89,RS_SLICE_SERIAL,NCCL,C0_DEFAULT,2048,2048,2048,16,1,1048576,18,0,469.664,475.296,737.184,261.888,PASS,0
PHASEB_formal_rs_C0_DEFAULT_N2048_q16_rep3,1,4,1,sm_89,RS_SLICE_SERIAL,NCCL,C0_DEFAULT,2048,2048,2048,16,2,1048576,18,0,826.528,832.384,1096.192,263.808,PASS,0
PHASEB_formal_rs_C0_DEFAULT_N2048_q16_rep3,1,4,1,sm_89,RS_SLICE_SERIAL,NCCL,C0_DEFAULT,2048,2048,2048,16,3,1048576,18,0,1180.896,1186.880,1446.560,259.680,PASS,0
PHASEB_formal_rs_C0_DEFAULT_N2048_q16_rep3,1,4,1,sm_89,RS_SLICE_SERIAL,NCCL,C0_DEFAULT,2048,2048,2048,16,4,1048576,18,0,1551.584,1557.728,1820.352,262.624,PASS,0
PHASEB_formal_rs_C0_DEFAULT_N2048_q16_rep3,1,4,1,sm_89,RS_SLICE_SERIAL,NCCL,C0_DEFAULT,2048,2048,2048,16,5,1048576,18,0,1900.352,1906.624,2168.512,261.888,PASS,0
PHASEB_formal_rs_C0_DEFAULT_N2048_q16_rep3,1,4,1,sm_89,RS_SLICE_SERIAL,NCCL,C0_DEFAULT,2048,2048,2048,16,6,1048576,18,0,2251.776,2257.792,2518.048,260.256,PASS,0
PHASEB_formal_rs_C0_DEFAULT_N2048_q16_rep3,1,4,1,sm_89,RS_SLICE_SERIAL,NCCL,C0_DEFAULT,2048,2048,2048,16,7,1048576,18,0,2612.032,2617.504,2878.560,261.056,PASS,0
PHASEB_formal_rs_C0_DEFAULT_N2048_q16_rep3,1,4,1,sm_89,RS_SLICE_SERIAL,NCCL,C0_DEFAULT,2048,2048,2048,16,8,1048576,18,0,2969.504,2975.520,3239.776,264.256,PASS,0
PHASEB_formal_rs_C0_DEFAULT_N2048_q16_rep3,1,4,1,sm_89,RS_SLICE_SERIAL,NCCL,C0_DEFAULT,2048,2048,2048,16,9,1048576,18,0,3319.840,3326.080,3588.320,262.240,PASS,0
PHASEB_formal_rs_C0_DEFAULT_N2048_q16_rep3,1,4,1,sm_89,RS_SLICE_SERIAL,NCCL,C0_DEFAULT,2048,2048,2048,16,10,1048576,18,0,3688.320,3693.824,3955.776,261.952,PASS,0
PHASEB_formal_rs_C0_DEFAULT_N2048_q16_rep3,1,4,1,sm_89,RS_SLICE_SERIAL,NCCL,C0_DEFAULT,2048,2048,2048,16,11,1048576,18,0,4046.944,4053.152,4314.656,261.504,PASS,0
PHASEB_formal_rs_C0_DEFAULT_N2048_q16_rep3,1,4,1,sm_89,RS_SLICE_SERIAL,NCCL,C0_DEFAULT,2048,2048,2048,16,12,1048576,18,0,4404.960,4410.656,4674.400,263.744,PASS,0
PHASEB_formal_rs_C0_DEFAULT_N2048_q16_rep3,1,4,1,sm_89,RS_SLICE_SERIAL,NCCL,C0_DEFAULT,2048,2048,2048,16,13,1048576,18,0,4756.672,4763.008,5023.744,260.736,PASS,0
PHASEB_formal_rs_C0_DEFAULT_N2048_q16_rep3,1,4,1,sm_89,RS_SLICE_SERIAL,NCCL,C0_DEFAULT,2048,2048,2048,16,14,1048576,18,0,5105.056,5110.592,5371.872,261.280,PASS,0
PHASEB_formal_rs_C0_DEFAULT_N2048_q16_rep3,1,4,1,sm_89,RS_SLICE_SERIAL,NCCL,C0_DEFAULT,2048,2048,2048,16,15,1048576,18,0,5462.976,5469.824,5727.584,257.760,PASS,0
PHASEB_formal_rs_C0_DEFAULT_N2048_q16_rep3,1,4,1,sm_89,RS_SLICE_SERIAL,NCCL,C0_DEFAULT,2048,2048,2048,16,0,1048576,19,0,116.256,123.392,384.928,261.536,PASS,0
PHASEB_formal_rs_C0_DEFAULT_N2048_q16_rep3,1,4,1,sm_89,RS_SLICE_SERIAL,NCCL,C0_DEFAULT,2048,2048,2048,16,1,1048576,19,0,489.312,494.784,755.232,260.448,PASS,0
PHASEB_formal_rs_C0_DEFAULT_N2048_q16_rep3,1,4,1,sm_89,RS_SLICE_SERIAL,NCCL,C0_DEFAULT,2048,2048,2048,16,2,1048576,19,0,845.792,851.104,1113.952,262.848,PASS,0
PHASEB_formal_rs_C0_DEFAULT_N2048_q16_rep3,1,4,1,sm_89,RS_SLICE_SERIAL,NCCL,C0_DEFAULT,2048,2048,2048,16,3,1048576,19,0,1205.376,1212.096,1472.000,259.904,PASS,0
PHASEB_formal_rs_C0_DEFAULT_N2048_q16_rep3,1,4,1,sm_89,RS_SLICE_SERIAL,NCCL,C0_DEFAULT,2048,2048,2048,16,4,1048576,19,0,1572.160,1577.504,1838.400,260.896,PASS,0
PHASEB_formal_rs_C0_DEFAULT_N2048_q16_rep3,1,4,1,sm_89,RS_SLICE_SERIAL,NCCL,C0_DEFAULT,2048,2048,2048,16,5,1048576,19,0,1919.968,1925.376,2187.072,261.696,PASS,0
PHASEB_formal_rs_C0_DEFAULT_N2048_q16_rep3,1,4,1,sm_89,RS_SLICE_SERIAL,NCCL,C0_DEFAULT,2048,2048,2048,16,6,1048576,19,0,2280.512,2286.624,2548.288,261.664,PASS,0
PHASEB_formal_rs_C0_DEFAULT_N2048_q16_rep3,1,4,1,sm_89,RS_SLICE_SERIAL,NCCL,C0_DEFAULT,2048,2048,2048,16,7,1048576,19,0,2642.592,2648.672,2908.960,260.288,PASS,0
PHASEB_formal_rs_C0_DEFAULT_N2048_q16_rep3,1,4,1,sm_89,RS_SLICE_SERIAL,NCCL,C0_DEFAULT,2048,2048,2048,16,8,1048576,19,0,2997.088,3002.848,3266.080,263.232,PASS,0
PHASEB_formal_rs_C0_DEFAULT_N2048_q16_rep3,1,4,1,sm_89,RS_SLICE_SERIAL,NCCL,C0_DEFAULT,2048,2048,2048,16,9,1048576,19,0,3355.232,3360.640,3621.568,260.928,PASS,0
PHASEB_formal_rs_C0_DEFAULT_N2048_q16_rep3,1,4,1,sm_89,RS_SLICE_SERIAL,NCCL,C0_DEFAULT,2048,2048,2048,16,10,1048576,19,0,3716.000,3721.792,3983.776,261.984,PASS,0
PHASEB_formal_rs_C0_DEFAULT_N2048_q16_rep3,1,4,1,sm_89,RS_SLICE_SERIAL,NCCL,C0_DEFAULT,2048,2048,2048,16,11,1048576,19,0,4066.048,4072.704,4334.272,261.568,PASS,0
PHASEB_formal_rs_C0_DEFAULT_N2048_q16_rep3,1,4,1,sm_89,RS_SLICE_SERIAL,NCCL,C0_DEFAULT,2048,2048,2048,16,12,1048576,19,0,4417.696,4423.232,4684.064,260.832,PASS,0
PHASEB_formal_rs_C0_DEFAULT_N2048_q16_rep3,1,4,1,sm_89,RS_SLICE_SERIAL,NCCL,C0_DEFAULT,2048,2048,2048,16,13,1048576,19,0,4778.720,4784.032,5044.032,260.000,PASS,0
PHASEB_formal_rs_C0_DEFAULT_N2048_q16_rep3,1,4,1,sm_89,RS_SLICE_SERIAL,NCCL,C0_DEFAULT,2048,2048,2048,16,14,1048576,19,0,5130.560,5136.128,5396.192,260.064,PASS,0
PHASEB_formal_rs_C0_DEFAULT_N2048_q16_rep3,1,4,1,sm_89,RS_SLICE_SERIAL,NCCL,C0_DEFAULT,2048,2048,2048,16,15,1048576,19,0,5489.344,5495.968,5755.008,259.040,PASS,0
PHASEB_formal_rs_C0_DEFAULT_N2048_q16_rep3,1,4,1,sm_89,RS_SLICE_SERIAL,NCCL,C0_DEFAULT,2048,2048,2048,16,0,1048576,20,0,113.824,121.600,385.056,263.456,PASS,0
PHASEB_formal_rs_C0_DEFAULT_N2048_q16_rep3,1,4,1,sm_89,RS_SLICE_SERIAL,NCCL,C0_DEFAULT,2048,2048,2048,16,1,1048576,20,0,465.280,471.776,733.664,261.888,PASS,0
PHASEB_formal_rs_C0_DEFAULT_N2048_q16_rep3,1,4,1,sm_89,RS_SLICE_SERIAL,NCCL,C0_DEFAULT,2048,2048,2048,16,2,1048576,20,0,821.312,827.008,1088.672,261.664,PASS,0
PHASEB_formal_rs_C0_DEFAULT_N2048_q16_rep3,1,4,1,sm_89,RS_SLICE_SERIAL,NCCL,C0_DEFAULT,2048,2048,2048,16,3,1048576,20,0,1170.944,1176.256,1438.592,262.336,PASS,0
PHASEB_formal_rs_C0_DEFAULT_N2048_q16_rep3,1,4,1,sm_89,RS_SLICE_SERIAL,NCCL,C0_DEFAULT,2048,2048,2048,16,4,1048576,20,0,1530.208,1536.032,1795.488,259.456,PASS,0
PHASEB_formal_rs_C0_DEFAULT_N2048_q16_rep3,1,4,1,sm_89,RS_SLICE_SERIAL,NCCL,C0_DEFAULT,2048,2048,2048,16,5,1048576,20,0,1878.528,1884.928,2146.528,261.600,PASS,0
PHASEB_formal_rs_C0_DEFAULT_N2048_q16_rep3,1,4,1,sm_89,RS_SLICE_SERIAL,NCCL,C0_DEFAULT,2048,2048,2048,16,6,1048576,20,0,2228.032,2233.728,2495.840,262.112,PASS,0
PHASEB_formal_rs_C0_DEFAULT_N2048_q16_rep3,1,4,1,sm_89,RS_SLICE_SERIAL,NCCL,C0_DEFAULT,2048,2048,2048,16,7,1048576,20,0,2604.160,2610.048,2870.656,260.608,PASS,0
PHASEB_formal_rs_C0_DEFAULT_N2048_q16_rep3,1,4,1,sm_89,RS_SLICE_SERIAL,NCCL,C0_DEFAULT,2048,2048,2048,16,8,1048576,20,0,2950.240,2956.608,3218.752,262.144,PASS,0
PHASEB_formal_rs_C0_DEFAULT_N2048_q16_rep3,1,4,1,sm_89,RS_SLICE_SERIAL,NCCL,C0_DEFAULT,2048,2048,2048,16,9,1048576,20,0,3301.696,3307.840,3568.352,260.512,PASS,0
PHASEB_formal_rs_C0_DEFAULT_N2048_q16_rep3,1,4,1,sm_89,RS_SLICE_SERIAL,NCCL,C0_DEFAULT,2048,2048,2048,16,10,1048576,20,0,3650.848,3656.608,3918.400,261.792,PASS,0
PHASEB_formal_rs_C0_DEFAULT_N2048_q16_rep3,1,4,1,sm_89,RS_SLICE_SERIAL,NCCL,C0_DEFAULT,2048,2048,2048,16,11,1048576,20,0,4010.656,4016.576,4275.776,259.200,PASS,0
PHASEB_formal_rs_C0_DEFAULT_N2048_q16_rep3,1,4,1,sm_89,RS_SLICE_SERIAL,NCCL,C0_DEFAULT,2048,2048,2048,16,12,1048576,20,0,4369.632,4375.200,4635.904,260.704,PASS,0
PHASEB_formal_rs_C0_DEFAULT_N2048_q16_rep3,1,4,1,sm_89,RS_SLICE_SERIAL,NCCL,C0_DEFAULT,2048,2048,2048,16,13,1048576,20,0,4736.448,4741.824,5002.944,261.120,PASS,0
PHASEB_formal_rs_C0_DEFAULT_N2048_q16_rep3,1,4,1,sm_89,RS_SLICE_SERIAL,NCCL,C0_DEFAULT,2048,2048,2048,16,14,1048576,20,0,5083.712,5089.184,5350.688,261.504,PASS,0
PHASEB_formal_rs_C0_DEFAULT_N2048_q16_rep3,1,4,1,sm_89,RS_SLICE_SERIAL,NCCL,C0_DEFAULT,2048,2048,2048,16,15,1048576,20,0,5431.328,5438.016,5695.872,257.856,PASS,0
PHASEB_formal_rs_C0_DEFAULT_N2048_q16_rep3,1,4,1,sm_89,RS_SLICE_SERIAL,NCCL,C0_DEFAULT,2048,2048,2048,16,0,1048576,21,0,121.280,128.704,390.336,261.632,PASS,0
PHASEB_formal_rs_C0_DEFAULT_N2048_q16_rep3,1,4,1,sm_89,RS_SLICE_SERIAL,NCCL,C0_DEFAULT,2048,2048,2048,16,1,1048576,21,0,492.704,498.432,758.624,260.192,PASS,0
PHASEB_formal_rs_C0_DEFAULT_N2048_q16_rep3,1,4,1,sm_89,RS_SLICE_SERIAL,NCCL,C0_DEFAULT,2048,2048,2048,16,2,1048576,21,0,851.936,858.080,1122.336,264.256,PASS,0
PHASEB_formal_rs_C0_DEFAULT_N2048_q16_rep3,1,4,1,sm_89,RS_SLICE_SERIAL,NCCL,C0_DEFAULT,2048,2048,2048,16,3,1048576,21,0,1206.080,1211.968,1472.064,260.096,PASS,0
PHASEB_formal_rs_C0_DEFAULT_N2048_q16_rep3,1,4,1,sm_89,RS_SLICE_SERIAL,NCCL,C0_DEFAULT,2048,2048,2048,16,4,1048576,21,0,1556.224,1562.624,1823.904,261.280,PASS,0
PHASEB_formal_rs_C0_DEFAULT_N2048_q16_rep3,1,4,1,sm_89,RS_SLICE_SERIAL,NCCL,C0_DEFAULT,2048,2048,2048,16,5,1048576,21,0,1916.768,1922.880,2184.960,262.080,PASS,0
PHASEB_formal_rs_C0_DEFAULT_N2048_q16_rep3,1,4,1,sm_89,RS_SLICE_SERIAL,NCCL,C0_DEFAULT,2048,2048,2048,16,6,1048576,21,0,2274.528,2280.320,2543.168,262.848,PASS,0
PHASEB_formal_rs_C0_DEFAULT_N2048_q16_rep3,1,4,1,sm_89,RS_SLICE_SERIAL,NCCL,C0_DEFAULT,2048,2048,2048,16,7,1048576,21,0,2623.488,2629.664,2890.976,261.312,PASS,0
PHASEB_formal_rs_C0_DEFAULT_N2048_q16_rep3,1,4,1,sm_89,RS_SLICE_SERIAL,NCCL,C0_DEFAULT,2048,2048,2048,16,8,1048576,21,0,2976.800,2982.688,3243.872,261.184,PASS,0
PHASEB_formal_rs_C0_DEFAULT_N2048_q16_rep3,1,4,1,sm_89,RS_SLICE_SERIAL,NCCL,C0_DEFAULT,2048,2048,2048,16,9,1048576,21,0,3333.632,3339.392,3601.056,261.664,PASS,0
PHASEB_formal_rs_C0_DEFAULT_N2048_q16_rep3,1,4,1,sm_89,RS_SLICE_SERIAL,NCCL,C0_DEFAULT,2048,2048,2048,16,10,1048576,21,0,3691.840,3697.696,3959.520,261.824,PASS,0
PHASEB_formal_rs_C0_DEFAULT_N2048_q16_rep3,1,4,1,sm_89,RS_SLICE_SERIAL,NCCL,C0_DEFAULT,2048,2048,2048,16,11,1048576,21,0,4045.824,4052.000,4313.728,261.728,PASS,0
PHASEB_formal_rs_C0_DEFAULT_N2048_q16_rep3,1,4,1,sm_89,RS_SLICE_SERIAL,NCCL,C0_DEFAULT,2048,2048,2048,16,12,1048576,21,0,4406.080,4411.776,4672.736,260.960,PASS,0
PHASEB_formal_rs_C0_DEFAULT_N2048_q16_rep3,1,4,1,sm_89,RS_SLICE_SERIAL,NCCL,C0_DEFAULT,2048,2048,2048,16,13,1048576,21,0,4753.280,4758.784,5019.840,261.056,PASS,0
PHASEB_formal_rs_C0_DEFAULT_N2048_q16_rep3,1,4,1,sm_89,RS_SLICE_SERIAL,NCCL,C0_DEFAULT,2048,2048,2048,16,14,1048576,21,0,5111.104,5116.896,5379.712,262.816,PASS,0
PHASEB_formal_rs_C0_DEFAULT_N2048_q16_rep3,1,4,1,sm_89,RS_SLICE_SERIAL,NCCL,C0_DEFAULT,2048,2048,2048,16,15,1048576,21,0,5470.464,5477.120,5736.448,259.328,PASS,0
PHASEB_formal_rs_C0_DEFAULT_N2048_q16_rep3,1,4,1,sm_89,RS_SLICE_SERIAL,NCCL,C0_DEFAULT,2048,2048,2048,16,0,1048576,22,0,124.704,132.064,392.704,260.640,PASS,0
PHASEB_formal_rs_C0_DEFAULT_N2048_q16_rep3,1,4,1,sm_89,RS_SLICE_SERIAL,NCCL,C0_DEFAULT,2048,2048,2048,16,1,1048576,22,0,468.800,474.496,735.968,261.472,PASS,0
PHASEB_formal_rs_C0_DEFAULT_N2048_q16_rep3,1,4,1,sm_89,RS_SLICE_SERIAL,NCCL,C0_DEFAULT,2048,2048,2048,16,2,1048576,22,0,815.072,821.056,1084.096,263.040,PASS,0
PHASEB_formal_rs_C0_DEFAULT_N2048_q16_rep3,1,4,1,sm_89,RS_SLICE_SERIAL,NCCL,C0_DEFAULT,2048,2048,2048,16,3,1048576,22,0,1162.976,1169.344,1431.360,262.016,PASS,0
PHASEB_formal_rs_C0_DEFAULT_N2048_q16_rep3,1,4,1,sm_89,RS_SLICE_SERIAL,NCCL,C0_DEFAULT,2048,2048,2048,16,4,1048576,22,0,1513.984,1520.352,1783.168,262.816,PASS,0
PHASEB_formal_rs_C0_DEFAULT_N2048_q16_rep3,1,4,1,sm_89,RS_SLICE_SERIAL,NCCL,C0_DEFAULT,2048,2048,2048,16,5,1048576,22,0,1870.176,1876.320,2136.032,259.712,PASS,0
PHASEB_formal_rs_C0_DEFAULT_N2048_q16_rep3,1,4,1,sm_89,RS_SLICE_SERIAL,NCCL,C0_DEFAULT,2048,2048,2048,16,6,1048576,22,0,2229.888,2235.552,2496.288,260.736,PASS,0
PHASEB_formal_rs_C0_DEFAULT_N2048_q16_rep3,1,4,1,sm_89,RS_SLICE_SERIAL,NCCL,C0_DEFAULT,2048,2048,2048,16,7,1048576,22,0,2580.320,2585.696,2844.640,258.944,PASS,0
PHASEB_formal_rs_C0_DEFAULT_N2048_q16_rep3,1,4,1,sm_89,RS_SLICE_SERIAL,NCCL,C0_DEFAULT,2048,2048,2048,16,8,1048576,22,0,2937.312,2943.264,3205.152,261.888,PASS,0
PHASEB_formal_rs_C0_DEFAULT_N2048_q16_rep3,1,4,1,sm_89,RS_SLICE_SERIAL,NCCL,C0_DEFAULT,2048,2048,2048,16,9,1048576,22,0,3295.776,3301.344,3563.424,262.080,PASS,0
PHASEB_formal_rs_C0_DEFAULT_N2048_q16_rep3,1,4,1,sm_89,RS_SLICE_SERIAL,NCCL,C0_DEFAULT,2048,2048,2048,16,10,1048576,22,0,3656.800,3662.688,3923.424,260.736,PASS,0
PHASEB_formal_rs_C0_DEFAULT_N2048_q16_rep3,1,4,1,sm_89,RS_SLICE_SERIAL,NCCL,C0_DEFAULT,2048,2048,2048,16,11,1048576,22,0,4004.704,4010.592,4270.112,259.520,PASS,0
PHASEB_formal_rs_C0_DEFAULT_N2048_q16_rep3,1,4,1,sm_89,RS_SLICE_SERIAL,NCCL,C0_DEFAULT,2048,2048,2048,16,12,1048576,22,0,4354.080,4360.224,4624.032,263.808,PASS,0
PHASEB_formal_rs_C0_DEFAULT_N2048_q16_rep3,1,4,1,sm_89,RS_SLICE_SERIAL,NCCL,C0_DEFAULT,2048,2048,2048,16,13,1048576,22,0,4719.392,4726.144,4988.352,262.208,PASS,0
PHASEB_formal_rs_C0_DEFAULT_N2048_q16_rep3,1,4,1,sm_89,RS_SLICE_SERIAL,NCCL,C0_DEFAULT,2048,2048,2048,16,14,1048576,22,0,5077.088,5082.464,5343.072,260.608,PASS,0
PHASEB_formal_rs_C0_DEFAULT_N2048_q16_rep3,1,4,1,sm_89,RS_SLICE_SERIAL,NCCL,C0_DEFAULT,2048,2048,2048,16,15,1048576,22,0,5434.784,5441.696,5699.520,257.824,PASS,0
PHASEB_formal_rs_C0_DEFAULT_N2048_q16_rep3,1,4,1,sm_89,RS_SLICE_SERIAL,NCCL,C0_DEFAULT,2048,2048,2048,16,0,1048576,23,0,118.112,125.696,386.240,260.544,PASS,0
PHASEB_formal_rs_C0_DEFAULT_N2048_q16_rep3,1,4,1,sm_89,RS_SLICE_SERIAL,NCCL,C0_DEFAULT,2048,2048,2048,16,1,1048576,23,0,469.120,475.040,737.472,262.432,PASS,0
PHASEB_formal_rs_C0_DEFAULT_N2048_q16_rep3,1,4,1,sm_89,RS_SLICE_SERIAL,NCCL,C0_DEFAULT,2048,2048,2048,16,2,1048576,23,0,831.232,836.768,1100.032,263.264,PASS,0
PHASEB_formal_rs_C0_DEFAULT_N2048_q16_rep3,1,4,1,sm_89,RS_SLICE_SERIAL,NCCL,C0_DEFAULT,2048,2048,2048,16,3,1048576,23,0,1212.704,1218.944,1479.072,260.128,PASS,0
PHASEB_formal_rs_C0_DEFAULT_N2048_q16_rep3,1,4,1,sm_89,RS_SLICE_SERIAL,NCCL,C0_DEFAULT,2048,2048,2048,16,4,1048576,23,0,1568.320,1574.144,1835.840,261.696,PASS,0
PHASEB_formal_rs_C0_DEFAULT_N2048_q16_rep3,1,4,1,sm_89,RS_SLICE_SERIAL,NCCL,C0_DEFAULT,2048,2048,2048,16,5,1048576,23,0,1930.752,1936.480,2198.496,262.016,PASS,0
PHASEB_formal_rs_C0_DEFAULT_N2048_q16_rep3,1,4,1,sm_89,RS_SLICE_SERIAL,NCCL,C0_DEFAULT,2048,2048,2048,16,6,1048576,23,0,2291.072,2296.544,2556.704,260.160,PASS,0
PHASEB_formal_rs_C0_DEFAULT_N2048_q16_rep3,1,4,1,sm_89,RS_SLICE_SERIAL,NCCL,C0_DEFAULT,2048,2048,2048,16,7,1048576,23,0,2649.056,2655.392,2916.512,261.120,PASS,0
PHASEB_formal_rs_C0_DEFAULT_N2048_q16_rep3,1,4,1,sm_89,RS_SLICE_SERIAL,NCCL,C0_DEFAULT,2048,2048,2048,16,8,1048576,23,0,2999.488,3005.440,3266.944,261.504,PASS,0
PHASEB_formal_rs_C0_DEFAULT_N2048_q16_rep3,1,4,1,sm_89,RS_SLICE_SERIAL,NCCL,C0_DEFAULT,2048,2048,2048,16,9,1048576,23,0,3351.520,3357.472,3619.552,262.080,PASS,0
PHASEB_formal_rs_C0_DEFAULT_N2048_q16_rep3,1,4,1,sm_89,RS_SLICE_SERIAL,NCCL,C0_DEFAULT,2048,2048,2048,16,10,1048576,23,0,3724.768,3730.880,3992.608,261.728,PASS,0
PHASEB_formal_rs_C0_DEFAULT_N2048_q16_rep3,1,4,1,sm_89,RS_SLICE_SERIAL,NCCL,C0_DEFAULT,2048,2048,2048,16,11,1048576,23,0,4073.472,4080.032,4340.704,260.672,PASS,0
PHASEB_formal_rs_C0_DEFAULT_N2048_q16_rep3,1,4,1,sm_89,RS_SLICE_SERIAL,NCCL,C0_DEFAULT,2048,2048,2048,16,12,1048576,23,0,4433.184,4438.784,4700.448,261.664,PASS,0
PHASEB_formal_rs_C0_DEFAULT_N2048_q16_rep3,1,4,1,sm_89,RS_SLICE_SERIAL,NCCL,C0_DEFAULT,2048,2048,2048,16,13,1048576,23,0,4795.424,4800.928,5061.760,260.832,PASS,0
PHASEB_formal_rs_C0_DEFAULT_N2048_q16_rep3,1,4,1,sm_89,RS_SLICE_SERIAL,NCCL,C0_DEFAULT,2048,2048,2048,16,14,1048576,23,0,5145.504,5150.944,5411.200,260.256,PASS,0
PHASEB_formal_rs_C0_DEFAULT_N2048_q16_rep3,1,4,1,sm_89,RS_SLICE_SERIAL,NCCL,C0_DEFAULT,2048,2048,2048,16,15,1048576,23,0,5509.952,5516.608,5775.808,259.200,PASS,0
PHASEB_formal_rs_C0_DEFAULT_N2048_q16_rep3,1,4,1,sm_89,RS_SLICE_SERIAL,NCCL,C0_DEFAULT,2048,2048,2048,16,0,1048576,24,0,116.768,124.544,387.488,262.944,PASS,0
PHASEB_formal_rs_C0_DEFAULT_N2048_q16_rep3,1,4,1,sm_89,RS_SLICE_SERIAL,NCCL,C0_DEFAULT,2048,2048,2048,16,1,1048576,24,0,467.616,474.048,735.968,261.920,PASS,0
PHASEB_formal_rs_C0_DEFAULT_N2048_q16_rep3,1,4,1,sm_89,RS_SLICE_SERIAL,NCCL,C0_DEFAULT,2048,2048,2048,16,2,1048576,24,0,822.496,827.872,1089.856,261.984,PASS,0
PHASEB_formal_rs_C0_DEFAULT_N2048_q16_rep3,1,4,1,sm_89,RS_SLICE_SERIAL,NCCL,C0_DEFAULT,2048,2048,2048,16,3,1048576,24,0,1181.152,1186.624,1447.424,260.800,PASS,0
PHASEB_formal_rs_C0_DEFAULT_N2048_q16_rep3,1,4,1,sm_89,RS_SLICE_SERIAL,NCCL,C0_DEFAULT,2048,2048,2048,16,4,1048576,24,0,1528.800,1534.688,1795.424,260.736,PASS,0
PHASEB_formal_rs_C0_DEFAULT_N2048_q16_rep3,1,4,1,sm_89,RS_SLICE_SERIAL,NCCL,C0_DEFAULT,2048,2048,2048,16,5,1048576,24,0,1892.288,1898.560,2161.216,262.656,PASS,0
PHASEB_formal_rs_C0_DEFAULT_N2048_q16_rep3,1,4,1,sm_89,RS_SLICE_SERIAL,NCCL,C0_DEFAULT,2048,2048,2048,16,6,1048576,24,0,2241.376,2247.136,2509.248,262.112,PASS,0
PHASEB_formal_rs_C0_DEFAULT_N2048_q16_rep3,1,4,1,sm_89,RS_SLICE_SERIAL,NCCL,C0_DEFAULT,2048,2048,2048,16,7,1048576,24,0,2589.472,2594.944,2855.424,260.480,PASS,0
PHASEB_formal_rs_C0_DEFAULT_N2048_q16_rep3,1,4,1,sm_89,RS_SLICE_SERIAL,NCCL,C0_DEFAULT,2048,2048,2048,16,8,1048576,24,0,2940.480,2946.304,3207.968,261.664,PASS,0
PHASEB_formal_rs_C0_DEFAULT_N2048_q16_rep3,1,4,1,sm_89,RS_SLICE_SERIAL,NCCL,C0_DEFAULT,2048,2048,2048,16,9,1048576,24,0,3292.448,3298.688,3560.192,261.504,PASS,0
PHASEB_formal_rs_C0_DEFAULT_N2048_q16_rep3,1,4,1,sm_89,RS_SLICE_SERIAL,NCCL,C0_DEFAULT,2048,2048,2048,16,10,1048576,24,0,3655.168,3660.960,3921.792,260.832,PASS,0
PHASEB_formal_rs_C0_DEFAULT_N2048_q16_rep3,1,4,1,sm_89,RS_SLICE_SERIAL,NCCL,C0_DEFAULT,2048,2048,2048,16,11,1048576,24,0,4006.816,4012.736,4273.664,260.928,PASS,0
PHASEB_formal_rs_C0_DEFAULT_N2048_q16_rep3,1,4,1,sm_89,RS_SLICE_SERIAL,NCCL,C0_DEFAULT,2048,2048,2048,16,12,1048576,24,0,4365.216,4371.040,4633.280,262.240,PASS,0
PHASEB_formal_rs_C0_DEFAULT_N2048_q16_rep3,1,4,1,sm_89,RS_SLICE_SERIAL,NCCL,C0_DEFAULT,2048,2048,2048,16,13,1048576,24,0,4737.920,4743.712,5004.000,260.288,PASS,0
PHASEB_formal_rs_C0_DEFAULT_N2048_q16_rep3,1,4,1,sm_89,RS_SLICE_SERIAL,NCCL,C0_DEFAULT,2048,2048,2048,16,14,1048576,24,0,5088.128,5093.504,5353.152,259.648,PASS,0
PHASEB_formal_rs_C0_DEFAULT_N2048_q16_rep3,1,4,1,sm_89,RS_SLICE_SERIAL,NCCL,C0_DEFAULT,2048,2048,2048,16,15,1048576,24,0,5459.328,5466.016,5724.352,258.336,PASS,0
PHASEB_formal_rs_C0_DEFAULT_N2048_q16_rep3,1,4,1,sm_89,RS_SLICE_SERIAL,NCCL,C0_DEFAULT,2048,2048,2048,16,0,1048576,25,0,114.336,121.632,383.680,262.048,PASS,0
PHASEB_formal_rs_C0_DEFAULT_N2048_q16_rep3,1,4,1,sm_89,RS_SLICE_SERIAL,NCCL,C0_DEFAULT,2048,2048,2048,16,1,1048576,25,0,473.600,479.392,741.120,261.728,PASS,0
PHASEB_formal_rs_C0_DEFAULT_N2048_q16_rep3,1,4,1,sm_89,RS_SLICE_SERIAL,NCCL,C0_DEFAULT,2048,2048,2048,16,2,1048576,25,0,832.352,838.624,1100.448,261.824,PASS,0
PHASEB_formal_rs_C0_DEFAULT_N2048_q16_rep3,1,4,1,sm_89,RS_SLICE_SERIAL,NCCL,C0_DEFAULT,2048,2048,2048,16,3,1048576,25,0,1190.784,1196.512,1458.656,262.144,PASS,0
PHASEB_formal_rs_C0_DEFAULT_N2048_q16_rep3,1,4,1,sm_89,RS_SLICE_SERIAL,NCCL,C0_DEFAULT,2048,2048,2048,16,4,1048576,25,0,1551.904,1557.760,1819.200,261.440,PASS,0
PHASEB_formal_rs_C0_DEFAULT_N2048_q16_rep3,1,4,1,sm_89,RS_SLICE_SERIAL,NCCL,C0_DEFAULT,2048,2048,2048,16,5,1048576,25,0,1902.560,1908.448,2168.288,259.840,PASS,0
PHASEB_formal_rs_C0_DEFAULT_N2048_q16_rep3,1,4,1,sm_89,RS_SLICE_SERIAL,NCCL,C0_DEFAULT,2048,2048,2048,16,6,1048576,25,0,2261.760,2267.744,2530.688,262.944,PASS,0
PHASEB_formal_rs_C0_DEFAULT_N2048_q16_rep3,1,4,1,sm_89,RS_SLICE_SERIAL,NCCL,C0_DEFAULT,2048,2048,2048,16,7,1048576,25,0,2622.592,2628.768,2889.152,260.384,PASS,0
PHASEB_formal_rs_C0_DEFAULT_N2048_q16_rep3,1,4,1,sm_89,RS_SLICE_SERIAL,NCCL,C0_DEFAULT,2048,2048,2048,16,8,1048576,25,0,2972.480,2978.560,3240.352,261.792,PASS,0
PHASEB_formal_rs_C0_DEFAULT_N2048_q16_rep3,1,4,1,sm_89,RS_SLICE_SERIAL,NCCL,C0_DEFAULT,2048,2048,2048,16,9,1048576,25,0,3334.976,3340.352,3600.544,260.192,PASS,0
PHASEB_formal_rs_C0_DEFAULT_N2048_q16_rep3,1,4,1,sm_89,RS_SLICE_SERIAL,NCCL,C0_DEFAULT,2048,2048,2048,16,10,1048576,25,0,3692.640,3698.016,3960.512,262.496,PASS,0
PHASEB_formal_rs_C0_DEFAULT_N2048_q16_rep3,1,4,1,sm_89,RS_SLICE_SERIAL,NCCL,C0_DEFAULT,2048,2048,2048,16,11,1048576,25,0,4050.304,4056.000,4317.536,261.536,PASS,0
PHASEB_formal_rs_C0_DEFAULT_N2048_q16_rep3,1,4,1,sm_89,RS_SLICE_SERIAL,NCCL,C0_DEFAULT,2048,2048,2048,16,12,1048576,25,0,4411.200,4416.576,4678.816,262.240,PASS,0
PHASEB_formal_rs_C0_DEFAULT_N2048_q16_rep3,1,4,1,sm_89,RS_SLICE_SERIAL,NCCL,C0_DEFAULT,2048,2048,2048,16,13,1048576,25,0,4758.752,4764.096,5023.840,259.744,PASS,0
PHASEB_formal_rs_C0_DEFAULT_N2048_q16_rep3,1,4,1,sm_89,RS_SLICE_SERIAL,NCCL,C0_DEFAULT,2048,2048,2048,16,14,1048576,25,0,5119.168,5124.960,5388.864,263.904,PASS,0
PHASEB_formal_rs_C0_DEFAULT_N2048_q16_rep3,1,4,1,sm_89,RS_SLICE_SERIAL,NCCL,C0_DEFAULT,2048,2048,2048,16,15,1048576,25,0,5483.200,5489.952,5748.960,259.008,PASS,0
PHASEB_formal_rs_C0_DEFAULT_N2048_q16_rep3,1,4,1,sm_89,RS_SLICE_SERIAL,NCCL,C0_DEFAULT,2048,2048,2048,16,0,1048576,26,0,123.168,130.624,390.624,260.000,PASS,0
PHASEB_formal_rs_C0_DEFAULT_N2048_q16_rep3,1,4,1,sm_89,RS_SLICE_SERIAL,NCCL,C0_DEFAULT,2048,2048,2048,16,1,1048576,26,0,472.160,477.920,739.776,261.856,PASS,0
PHASEB_formal_rs_C0_DEFAULT_N2048_q16_rep3,1,4,1,sm_89,RS_SLICE_SERIAL,NCCL,C0_DEFAULT,2048,2048,2048,16,2,1048576,26,0,829.952,835.872,1098.304,262.432,PASS,0
PHASEB_formal_rs_C0_DEFAULT_N2048_q16_rep3,1,4,1,sm_89,RS_SLICE_SERIAL,NCCL,C0_DEFAULT,2048,2048,2048,16,3,1048576,26,0,1181.728,1187.872,1449.600,261.728,PASS,0
PHASEB_formal_rs_C0_DEFAULT_N2048_q16_rep3,1,4,1,sm_89,RS_SLICE_SERIAL,NCCL,C0_DEFAULT,2048,2048,2048,16,4,1048576,26,0,1533.632,1539.520,1803.264,263.744,PASS,0
PHASEB_formal_rs_C0_DEFAULT_N2048_q16_rep3,1,4,1,sm_89,RS_SLICE_SERIAL,NCCL,C0_DEFAULT,2048,2048,2048,16,5,1048576,26,0,1895.424,1901.632,2161.824,260.192,PASS,0
PHASEB_formal_rs_C0_DEFAULT_N2048_q16_rep3,1,4,1,sm_89,RS_SLICE_SERIAL,NCCL,C0_DEFAULT,2048,2048,2048,16,6,1048576,26,0,2246.176,2252.288,2512.160,259.872,PASS,0
PHASEB_formal_rs_C0_DEFAULT_N2048_q16_rep3,1,4,1,sm_89,RS_SLICE_SERIAL,NCCL,C0_DEFAULT,2048,2048,2048,16,7,1048576,26,0,2627.616,2633.344,2895.648,262.304,PASS,0
PHASEB_formal_rs_C0_DEFAULT_N2048_q16_rep3,1,4,1,sm_89,RS_SLICE_SERIAL,NCCL,C0_DEFAULT,2048,2048,2048,16,8,1048576,26,0,2977.280,2983.232,3244.352,261.120,PASS,0
PHASEB_formal_rs_C0_DEFAULT_N2048_q16_rep3,1,4,1,sm_89,RS_SLICE_SERIAL,NCCL,C0_DEFAULT,2048,2048,2048,16,9,1048576,26,0,3333.536,3340.256,3601.184,260.928,PASS,0
PHASEB_formal_rs_C0_DEFAULT_N2048_q16_rep3,1,4,1,sm_89,RS_SLICE_SERIAL,NCCL,C0_DEFAULT,2048,2048,2048,16,10,1048576,26,0,3685.376,3691.072,3953.408,262.336,PASS,0
PHASEB_formal_rs_C0_DEFAULT_N2048_q16_rep3,1,4,1,sm_89,RS_SLICE_SERIAL,NCCL,C0_DEFAULT,2048,2048,2048,16,11,1048576,26,0,4045.888,4051.392,4312.320,260.928,PASS,0
PHASEB_formal_rs_C0_DEFAULT_N2048_q16_rep3,1,4,1,sm_89,RS_SLICE_SERIAL,NCCL,C0_DEFAULT,2048,2048,2048,16,12,1048576,26,0,4394.720,4400.288,4663.264,262.976,PASS,0
PHASEB_formal_rs_C0_DEFAULT_N2048_q16_rep3,1,4,1,sm_89,RS_SLICE_SERIAL,NCCL,C0_DEFAULT,2048,2048,2048,16,13,1048576,26,0,4755.744,4762.080,5021.728,259.648,PASS,0
PHASEB_formal_rs_C0_DEFAULT_N2048_q16_rep3,1,4,1,sm_89,RS_SLICE_SERIAL,NCCL,C0_DEFAULT,2048,2048,2048,16,14,1048576,26,0,5104.320,5109.856,5370.112,260.256,PASS,0
PHASEB_formal_rs_C0_DEFAULT_N2048_q16_rep3,1,4,1,sm_89,RS_SLICE_SERIAL,NCCL,C0_DEFAULT,2048,2048,2048,16,15,1048576,26,0,5459.872,5466.400,5724.448,258.048,PASS,0
PHASEB_formal_rs_C0_DEFAULT_N2048_q16_rep3,1,4,1,sm_89,RS_SLICE_SERIAL,NCCL,C0_DEFAULT,2048,2048,2048,16,0,1048576,27,0,124.000,131.968,394.976,263.008,PASS,0
PHASEB_formal_rs_C0_DEFAULT_N2048_q16_rep3,1,4,1,sm_89,RS_SLICE_SERIAL,NCCL,C0_DEFAULT,2048,2048,2048,16,1,1048576,27,0,476.352,482.144,743.776,261.632,PASS,0
PHASEB_formal_rs_C0_DEFAULT_N2048_q16_rep3,1,4,1,sm_89,RS_SLICE_SERIAL,NCCL,C0_DEFAULT,2048,2048,2048,16,2,1048576,27,0,824.480,830.016,1094.784,264.768,PASS,0
PHASEB_formal_rs_C0_DEFAULT_N2048_q16_rep3,1,4,1,sm_89,RS_SLICE_SERIAL,NCCL,C0_DEFAULT,2048,2048,2048,16,3,1048576,27,0,1185.120,1191.936,1452.192,260.256,PASS,0
PHASEB_formal_rs_C0_DEFAULT_N2048_q16_rep3,1,4,1,sm_89,RS_SLICE_SERIAL,NCCL,C0_DEFAULT,2048,2048,2048,16,4,1048576,27,0,1536.608,1542.912,1805.728,262.816,PASS,0
PHASEB_formal_rs_C0_DEFAULT_N2048_q16_rep3,1,4,1,sm_89,RS_SLICE_SERIAL,NCCL,C0_DEFAULT,2048,2048,2048,16,5,1048576,27,0,1896.512,1902.496,2165.920,263.424,PASS,0
PHASEB_formal_rs_C0_DEFAULT_N2048_q16_rep3,1,4,1,sm_89,RS_SLICE_SERIAL,NCCL,C0_DEFAULT,2048,2048,2048,16,6,1048576,27,0,2248.096,2253.728,2514.816,261.088,PASS,0
PHASEB_formal_rs_C0_DEFAULT_N2048_q16_rep3,1,4,1,sm_89,RS_SLICE_SERIAL,NCCL,C0_DEFAULT,2048,2048,2048,16,7,1048576,27,0,2605.760,2611.136,2871.040,259.904,PASS,0
PHASEB_formal_rs_C0_DEFAULT_N2048_q16_rep3,1,4,1,sm_89,RS_SLICE_SERIAL,NCCL,C0_DEFAULT,2048,2048,2048,16,8,1048576,27,0,2954.912,2960.448,3222.272,261.824,PASS,0
PHASEB_formal_rs_C0_DEFAULT_N2048_q16_rep3,1,4,1,sm_89,RS_SLICE_SERIAL,NCCL,C0_DEFAULT,2048,2048,2048,16,9,1048576,27,0,3308.960,3314.880,3576.640,261.760,PASS,0
PHASEB_formal_rs_C0_DEFAULT_N2048_q16_rep3,1,4,1,sm_89,RS_SLICE_SERIAL,NCCL,C0_DEFAULT,2048,2048,2048,16,10,1048576,27,0,3675.136,3681.088,3944.544,263.456,PASS,0
PHASEB_formal_rs_C0_DEFAULT_N2048_q16_rep3,1,4,1,sm_89,RS_SLICE_SERIAL,NCCL,C0_DEFAULT,2048,2048,2048,16,11,1048576,27,0,4026.144,4032.672,4293.344,260.672,PASS,0
PHASEB_formal_rs_C0_DEFAULT_N2048_q16_rep3,1,4,1,sm_89,RS_SLICE_SERIAL,NCCL,C0_DEFAULT,2048,2048,2048,16,12,1048576,27,0,4396.576,4402.144,4662.240,260.096,PASS,0
PHASEB_formal_rs_C0_DEFAULT_N2048_q16_rep3,1,4,1,sm_89,RS_SLICE_SERIAL,NCCL,C0_DEFAULT,2048,2048,2048,16,13,1048576,27,0,4752.096,4757.696,5017.952,260.256,PASS,0
PHASEB_formal_rs_C0_DEFAULT_N2048_q16_rep3,1,4,1,sm_89,RS_SLICE_SERIAL,NCCL,C0_DEFAULT,2048,2048,2048,16,14,1048576,27,0,5099.808,5105.184,5367.328,262.144,PASS,0
PHASEB_formal_rs_C0_DEFAULT_N2048_q16_rep3,1,4,1,sm_89,RS_SLICE_SERIAL,NCCL,C0_DEFAULT,2048,2048,2048,16,15,1048576,27,0,5459.712,5466.624,5725.792,259.168,PASS,0
PHASEB_formal_rs_C0_DEFAULT_N2048_q16_rep3,1,4,1,sm_89,RS_SLICE_SERIAL,NCCL,C0_DEFAULT,2048,2048,2048,16,0,1048576,28,0,123.008,130.496,392.160,261.664,PASS,0
PHASEB_formal_rs_C0_DEFAULT_N2048_q16_rep3,1,4,1,sm_89,RS_SLICE_SERIAL,NCCL,C0_DEFAULT,2048,2048,2048,16,1,1048576,28,0,505.568,512.064,773.312,261.248,PASS,0
PHASEB_formal_rs_C0_DEFAULT_N2048_q16_rep3,1,4,1,sm_89,RS_SLICE_SERIAL,NCCL,C0_DEFAULT,2048,2048,2048,16,2,1048576,28,0,850.240,855.552,1117.856,262.304,PASS,0
PHASEB_formal_rs_C0_DEFAULT_N2048_q16_rep3,1,4,1,sm_89,RS_SLICE_SERIAL,NCCL,C0_DEFAULT,2048,2048,2048,16,3,1048576,28,0,1212.352,1218.304,1478.464,260.160,PASS,0
PHASEB_formal_rs_C0_DEFAULT_N2048_q16_rep3,1,4,1,sm_89,RS_SLICE_SERIAL,NCCL,C0_DEFAULT,2048,2048,2048,16,4,1048576,28,0,1558.624,1565.152,1828.512,263.360,PASS,0
PHASEB_formal_rs_C0_DEFAULT_N2048_q16_rep3,1,4,1,sm_89,RS_SLICE_SERIAL,NCCL,C0_DEFAULT,2048,2048,2048,16,5,1048576,28,0,1913.312,1919.040,2182.080,263.040,PASS,0
PHASEB_formal_rs_C0_DEFAULT_N2048_q16_rep3,1,4,1,sm_89,RS_SLICE_SERIAL,NCCL,C0_DEFAULT,2048,2048,2048,16,6,1048576,28,0,2272.256,2277.728,2539.296,261.568,PASS,0
PHASEB_formal_rs_C0_DEFAULT_N2048_q16_rep3,1,4,1,sm_89,RS_SLICE_SERIAL,NCCL,C0_DEFAULT,2048,2048,2048,16,7,1048576,28,0,2644.352,2649.888,2911.200,261.312,PASS,0
PHASEB_formal_rs_C0_DEFAULT_N2048_q16_rep3,1,4,1,sm_89,RS_SLICE_SERIAL,NCCL,C0_DEFAULT,2048,2048,2048,16,8,1048576,28,0,3005.792,3011.584,3273.408,261.824,PASS,0
PHASEB_formal_rs_C0_DEFAULT_N2048_q16_rep3,1,4,1,sm_89,RS_SLICE_SERIAL,NCCL,C0_DEFAULT,2048,2048,2048,16,9,1048576,28,0,3365.248,3371.552,3632.768,261.216,PASS,0
PHASEB_formal_rs_C0_DEFAULT_N2048_q16_rep3,1,4,1,sm_89,RS_SLICE_SERIAL,NCCL,C0_DEFAULT,2048,2048,2048,16,10,1048576,28,0,3717.568,3723.296,3988.288,264.992,PASS,0
PHASEB_formal_rs_C0_DEFAULT_N2048_q16_rep3,1,4,1,sm_89,RS_SLICE_SERIAL,NCCL,C0_DEFAULT,2048,2048,2048,16,11,1048576,28,0,4079.840,4085.952,4345.248,259.296,PASS,0
PHASEB_formal_rs_C0_DEFAULT_N2048_q16_rep3,1,4,1,sm_89,RS_SLICE_SERIAL,NCCL,C0_DEFAULT,2048,2048,2048,16,12,1048576,28,0,4430.912,4436.704,4698.144,261.440,PASS,0
PHASEB_formal_rs_C0_DEFAULT_N2048_q16_rep3,1,4,1,sm_89,RS_SLICE_SERIAL,NCCL,C0_DEFAULT,2048,2048,2048,16,13,1048576,28,0,4790.976,4796.512,5057.984,261.472,PASS,0
PHASEB_formal_rs_C0_DEFAULT_N2048_q16_rep3,1,4,1,sm_89,RS_SLICE_SERIAL,NCCL,C0_DEFAULT,2048,2048,2048,16,14,1048576,28,0,5158.336,5163.872,5423.200,259.328,PASS,0
PHASEB_formal_rs_C0_DEFAULT_N2048_q16_rep3,1,4,1,sm_89,RS_SLICE_SERIAL,NCCL,C0_DEFAULT,2048,2048,2048,16,15,1048576,28,0,5525.984,5532.672,5790.208,257.536,PASS,0
PHASEB_formal_rs_C0_DEFAULT_N2048_q16_rep3,1,4,1,sm_89,RS_SLICE_SERIAL,NCCL,C0_DEFAULT,2048,2048,2048,16,0,1048576,29,0,115.520,123.104,384.064,260.960,PASS,0
PHASEB_formal_rs_C0_DEFAULT_N2048_q16_rep3,1,4,1,sm_89,RS_SLICE_SERIAL,NCCL,C0_DEFAULT,2048,2048,2048,16,1,1048576,29,0,468.768,475.040,736.320,261.280,PASS,0
PHASEB_formal_rs_C0_DEFAULT_N2048_q16_rep3,1,4,1,sm_89,RS_SLICE_SERIAL,NCCL,C0_DEFAULT,2048,2048,2048,16,2,1048576,29,0,816.704,822.304,1084.448,262.144,PASS,0
PHASEB_formal_rs_C0_DEFAULT_N2048_q16_rep3,1,4,1,sm_89,RS_SLICE_SERIAL,NCCL,C0_DEFAULT,2048,2048,2048,16,3,1048576,29,0,1165.792,1171.776,1432.832,261.056,PASS,0
PHASEB_formal_rs_C0_DEFAULT_N2048_q16_rep3,1,4,1,sm_89,RS_SLICE_SERIAL,NCCL,C0_DEFAULT,2048,2048,2048,16,4,1048576,29,0,1527.680,1533.888,1794.688,260.800,PASS,0
PHASEB_formal_rs_C0_DEFAULT_N2048_q16_rep3,1,4,1,sm_89,RS_SLICE_SERIAL,NCCL,C0_DEFAULT,2048,2048,2048,16,5,1048576,29,0,1875.936,1882.272,2144.224,261.952,PASS,0
PHASEB_formal_rs_C0_DEFAULT_N2048_q16_rep3,1,4,1,sm_89,RS_SLICE_SERIAL,NCCL,C0_DEFAULT,2048,2048,2048,16,6,1048576,29,0,2228.288,2234.016,2497.408,263.392,PASS,0
PHASEB_formal_rs_C0_DEFAULT_N2048_q16_rep3,1,4,1,sm_89,RS_SLICE_SERIAL,NCCL,C0_DEFAULT,2048,2048,2048,16,7,1048576,29,0,2587.968,2594.336,2854.752,260.416,PASS,0
PHASEB_formal_rs_C0_DEFAULT_N2048_q16_rep3,1,4,1,sm_89,RS_SLICE_SERIAL,NCCL,C0_DEFAULT,2048,2048,2048,16,8,1048576,29,0,2945.376,2951.456,3212.224,260.768,PASS,0
PHASEB_formal_rs_C0_DEFAULT_N2048_q16_rep3,1,4,1,sm_89,RS_SLICE_SERIAL,NCCL,C0_DEFAULT,2048,2048,2048,16,9,1048576,29,0,3301.696,3307.712,3569.920,262.208,PASS,0
PHASEB_formal_rs_C0_DEFAULT_N2048_q16_rep3,1,4,1,sm_89,RS_SLICE_SERIAL,NCCL,C0_DEFAULT,2048,2048,2048,16,10,1048576,29,0,3652.928,3658.304,3920.192,261.888,PASS,0
PHASEB_formal_rs_C0_DEFAULT_N2048_q16_rep3,1,4,1,sm_89,RS_SLICE_SERIAL,NCCL,C0_DEFAULT,2048,2048,2048,16,11,1048576,29,0,4003.520,4009.216,4270.496,261.280,PASS,0
PHASEB_formal_rs_C0_DEFAULT_N2048_q16_rep3,1,4,1,sm_89,RS_SLICE_SERIAL,NCCL,C0_DEFAULT,2048,2048,2048,16,12,1048576,29,0,4363.200,4368.736,4631.296,262.560,PASS,0
PHASEB_formal_rs_C0_DEFAULT_N2048_q16_rep3,1,4,1,sm_89,RS_SLICE_SERIAL,NCCL,C0_DEFAULT,2048,2048,2048,16,13,1048576,29,0,4727.392,4732.928,4993.856,260.928,PASS,0
PHASEB_formal_rs_C0_DEFAULT_N2048_q16_rep3,1,4,1,sm_89,RS_SLICE_SERIAL,NCCL,C0_DEFAULT,2048,2048,2048,16,14,1048576,29,0,5094.016,5099.552,5362.336,262.784,PASS,0
PHASEB_formal_rs_C0_DEFAULT_N2048_q16_rep3,1,4,1,sm_89,RS_SLICE_SERIAL,NCCL,C0_DEFAULT,2048,2048,2048,16,15,1048576,29,0,5454.016,5460.896,5720.192,259.296,PASS,0
PHASEB_formal_rs_C0_DEFAULT_N2048_q16_rep3,1,4,1,sm_89,RS_SLICE_SERIAL,NCCL,C0_DEFAULT,2048,2048,2048,16,0,1048576,30,0,123.200,130.944,391.840,260.896,PASS,0
PHASEB_formal_rs_C0_DEFAULT_N2048_q16_rep3,1,4,1,sm_89,RS_SLICE_SERIAL,NCCL,C0_DEFAULT,2048,2048,2048,16,1,1048576,30,0,474.208,480.544,741.120,260.576,PASS,0
PHASEB_formal_rs_C0_DEFAULT_N2048_q16_rep3,1,4,1,sm_89,RS_SLICE_SERIAL,NCCL,C0_DEFAULT,2048,2048,2048,16,2,1048576,30,0,822.880,828.864,1092.480,263.616,PASS,0
PHASEB_formal_rs_C0_DEFAULT_N2048_q16_rep3,1,4,1,sm_89,RS_SLICE_SERIAL,NCCL,C0_DEFAULT,2048,2048,2048,16,3,1048576,30,0,1174.304,1180.160,1441.920,261.760,PASS,0
PHASEB_formal_rs_C0_DEFAULT_N2048_q16_rep3,1,4,1,sm_89,RS_SLICE_SERIAL,NCCL,C0_DEFAULT,2048,2048,2048,16,4,1048576,30,0,1522.720,1528.512,1791.968,263.456,PASS,0
PHASEB_formal_rs_C0_DEFAULT_N2048_q16_rep3,1,4,1,sm_89,RS_SLICE_SERIAL,NCCL,C0_DEFAULT,2048,2048,2048,16,5,1048576,30,0,1881.728,1888.160,2150.976,262.816,PASS,0
PHASEB_formal_rs_C0_DEFAULT_N2048_q16_rep3,1,4,1,sm_89,RS_SLICE_SERIAL,NCCL,C0_DEFAULT,2048,2048,2048,16,6,1048576,30,0,2240.736,2246.560,2507.104,260.544,PASS,0
PHASEB_formal_rs_C0_DEFAULT_N2048_q16_rep3,1,4,1,sm_89,RS_SLICE_SERIAL,NCCL,C0_DEFAULT,2048,2048,2048,16,7,1048576,30,0,2602.432,2607.904,2868.256,260.352,PASS,0
PHASEB_formal_rs_C0_DEFAULT_N2048_q16_rep3,1,4,1,sm_89,RS_SLICE_SERIAL,NCCL,C0_DEFAULT,2048,2048,2048,16,8,1048576,30,0,2960.064,2965.664,3228.928,263.264,PASS,0
PHASEB_formal_rs_C0_DEFAULT_N2048_q16_rep3,1,4,1,sm_89,RS_SLICE_SERIAL,NCCL,C0_DEFAULT,2048,2048,2048,16,9,1048576,30,0,3312.128,3317.728,3580.064,262.336,PASS,0
PHASEB_formal_rs_C0_DEFAULT_N2048_q16_rep3,1,4,1,sm_89,RS_SLICE_SERIAL,NCCL,C0_DEFAULT,2048,2048,2048,16,10,1048576,30,0,3675.072,3681.120,3943.296,262.176,PASS,0
PHASEB_formal_rs_C0_DEFAULT_N2048_q16_rep3,1,4,1,sm_89,RS_SLICE_SERIAL,NCCL,C0_DEFAULT,2048,2048,2048,16,11,1048576,30,0,4031.360,4037.600,4297.600,260.000,PASS,0
PHASEB_formal_rs_C0_DEFAULT_N2048_q16_rep3,1,4,1,sm_89,RS_SLICE_SERIAL,NCCL,C0_DEFAULT,2048,2048,2048,16,12,1048576,30,0,4391.520,4397.504,4660.288,262.784,PASS,0
PHASEB_formal_rs_C0_DEFAULT_N2048_q16_rep3,1,4,1,sm_89,RS_SLICE_SERIAL,NCCL,C0_DEFAULT,2048,2048,2048,16,13,1048576,30,0,4762.528,4768.672,5029.024,260.352,PASS,0
PHASEB_formal_rs_C0_DEFAULT_N2048_q16_rep3,1,4,1,sm_89,RS_SLICE_SERIAL,NCCL,C0_DEFAULT,2048,2048,2048,16,14,1048576,30,0,5121.280,5126.656,5387.168,260.512,PASS,0
PHASEB_formal_rs_C0_DEFAULT_N2048_q16_rep3,1,4,1,sm_89,RS_SLICE_SERIAL,NCCL,C0_DEFAULT,2048,2048,2048,16,15,1048576,30,0,5469.152,5475.840,5733.760,257.920,PASS,0
PHASEB_formal_rs_C0_DEFAULT_N2048_q16_rep3,1,4,1,sm_89,RS_SLICE_SERIAL,NCCL,C0_DEFAULT,2048,2048,2048,16,0,1048576,31,0,120.416,127.744,388.928,261.184,PASS,0
PHASEB_formal_rs_C0_DEFAULT_N2048_q16_rep3,1,4,1,sm_89,RS_SLICE_SERIAL,NCCL,C0_DEFAULT,2048,2048,2048,16,1,1048576,31,0,473.536,479.456,741.696,262.240,PASS,0
PHASEB_formal_rs_C0_DEFAULT_N2048_q16_rep3,1,4,1,sm_89,RS_SLICE_SERIAL,NCCL,C0_DEFAULT,2048,2048,2048,16,2,1048576,31,0,821.440,827.616,1091.712,264.096,PASS,0
PHASEB_formal_rs_C0_DEFAULT_N2048_q16_rep3,1,4,1,sm_89,RS_SLICE_SERIAL,NCCL,C0_DEFAULT,2048,2048,2048,16,3,1048576,31,0,1181.664,1187.968,1448.224,260.256,PASS,0
PHASEB_formal_rs_C0_DEFAULT_N2048_q16_rep3,1,4,1,sm_89,RS_SLICE_SERIAL,NCCL,C0_DEFAULT,2048,2048,2048,16,4,1048576,31,0,1543.680,1549.120,1810.304,261.184,PASS,0
PHASEB_formal_rs_C0_DEFAULT_N2048_q16_rep3,1,4,1,sm_89,RS_SLICE_SERIAL,NCCL,C0_DEFAULT,2048,2048,2048,16,5,1048576,31,0,1902.272,1908.672,2169.760,261.088,PASS,0
PHASEB_formal_rs_C0_DEFAULT_N2048_q16_rep3,1,4,1,sm_89,RS_SLICE_SERIAL,NCCL,C0_DEFAULT,2048,2048,2048,16,6,1048576,31,0,2262.816,2268.640,2530.112,261.472,PASS,0
PHASEB_formal_rs_C0_DEFAULT_N2048_q16_rep3,1,4,1,sm_89,RS_SLICE_SERIAL,NCCL,C0_DEFAULT,2048,2048,2048,16,7,1048576,31,0,2621.984,2627.520,2889.408,261.888,PASS,0
PHASEB_formal_rs_C0_DEFAULT_N2048_q16_rep3,1,4,1,sm_89,RS_SLICE_SERIAL,NCCL,C0_DEFAULT,2048,2048,2048,16,8,1048576,31,0,2971.968,2978.208,3240.512,262.304,PASS,0
PHASEB_formal_rs_C0_DEFAULT_N2048_q16_rep3,1,4,1,sm_89,RS_SLICE_SERIAL,NCCL,C0_DEFAULT,2048,2048,2048,16,9,1048576,31,0,3330.752,3337.120,3597.504,260.384,PASS,0
PHASEB_formal_rs_C0_DEFAULT_N2048_q16_rep3,1,4,1,sm_89,RS_SLICE_SERIAL,NCCL,C0_DEFAULT,2048,2048,2048,16,10,1048576,31,0,3676.352,3682.208,3945.024,262.816,PASS,0
PHASEB_formal_rs_C0_DEFAULT_N2048_q16_rep3,1,4,1,sm_89,RS_SLICE_SERIAL,NCCL,C0_DEFAULT,2048,2048,2048,16,11,1048576,31,0,4029.920,4036.224,4297.952,261.728,PASS,0
PHASEB_formal_rs_C0_DEFAULT_N2048_q16_rep3,1,4,1,sm_89,RS_SLICE_SERIAL,NCCL,C0_DEFAULT,2048,2048,2048,16,12,1048576,31,0,4385.216,4390.784,4651.296,260.512,PASS,0
PHASEB_formal_rs_C0_DEFAULT_N2048_q16_rep3,1,4,1,sm_89,RS_SLICE_SERIAL,NCCL,C0_DEFAULT,2048,2048,2048,16,13,1048576,31,0,4751.360,4756.736,5017.824,261.088,PASS,0
PHASEB_formal_rs_C0_DEFAULT_N2048_q16_rep3,1,4,1,sm_89,RS_SLICE_SERIAL,NCCL,C0_DEFAULT,2048,2048,2048,16,14,1048576,31,0,5114.528,5120.096,5381.440,261.344,PASS,0
PHASEB_formal_rs_C0_DEFAULT_N2048_q16_rep3,1,4,1,sm_89,RS_SLICE_SERIAL,NCCL,C0_DEFAULT,2048,2048,2048,16,15,1048576,31,0,5464.864,5471.488,5731.072,259.584,PASS,0
PHASEB_formal_rs_C0_DEFAULT_N2048_q16_rep3,1,4,1,sm_89,RS_SLICE_SERIAL,NCCL,C0_DEFAULT,2048,2048,2048,16,0,1048576,32,0,118.496,126.400,389.792,263.392,PASS,0
PHASEB_formal_rs_C0_DEFAULT_N2048_q16_rep3,1,4,1,sm_89,RS_SLICE_SERIAL,NCCL,C0_DEFAULT,2048,2048,2048,16,1,1048576,32,0,470.816,477.600,738.624,261.024,PASS,0
PHASEB_formal_rs_C0_DEFAULT_N2048_q16_rep3,1,4,1,sm_89,RS_SLICE_SERIAL,NCCL,C0_DEFAULT,2048,2048,2048,16,2,1048576,32,0,817.536,823.104,1086.144,263.040,PASS,0
PHASEB_formal_rs_C0_DEFAULT_N2048_q16_rep3,1,4,1,sm_89,RS_SLICE_SERIAL,NCCL,C0_DEFAULT,2048,2048,2048,16,3,1048576,32,0,1174.944,1180.352,1441.024,260.672,PASS,0
PHASEB_formal_rs_C0_DEFAULT_N2048_q16_rep3,1,4,1,sm_89,RS_SLICE_SERIAL,NCCL,C0_DEFAULT,2048,2048,2048,16,4,1048576,32,0,1533.120,1539.104,1799.552,260.448,PASS,0
PHASEB_formal_rs_C0_DEFAULT_N2048_q16_rep3,1,4,1,sm_89,RS_SLICE_SERIAL,NCCL,C0_DEFAULT,2048,2048,2048,16,5,1048576,32,0,1884.288,1890.432,2153.344,262.912,PASS,0
PHASEB_formal_rs_C0_DEFAULT_N2048_q16_rep3,1,4,1,sm_89,RS_SLICE_SERIAL,NCCL,C0_DEFAULT,2048,2048,2048,16,6,1048576,32,0,2245.760,2251.808,2513.984,262.176,PASS,0
PHASEB_formal_rs_C0_DEFAULT_N2048_q16_rep3,1,4,1,sm_89,RS_SLICE_SERIAL,NCCL,C0_DEFAULT,2048,2048,2048,16,7,1048576,32,0,2598.848,2604.864,2865.568,260.704,PASS,0
PHASEB_formal_rs_C0_DEFAULT_N2048_q16_rep3,1,4,1,sm_89,RS_SLICE_SERIAL,NCCL,C0_DEFAULT,2048,2048,2048,16,8,1048576,32,0,2949.120,2955.264,3219.712,264.448,PASS,0
PHASEB_formal_rs_C0_DEFAULT_N2048_q16_rep3,1,4,1,sm_89,RS_SLICE_SERIAL,NCCL,C0_DEFAULT,2048,2048,2048,16,9,1048576,32,0,3309.408,3316.064,3577.184,261.120,PASS,0
PHASEB_formal_rs_C0_DEFAULT_N2048_q16_rep3,1,4,1,sm_89,RS_SLICE_SERIAL,NCCL,C0_DEFAULT,2048,2048,2048,16,10,1048576,32,0,3668.608,3674.720,3938.880,264.160,PASS,0
PHASEB_formal_rs_C0_DEFAULT_N2048_q16_rep3,1,4,1,sm_89,RS_SLICE_SERIAL,NCCL,C0_DEFAULT,2048,2048,2048,16,11,1048576,32,0,4019.840,4025.440,4284.832,259.392,PASS,0
PHASEB_formal_rs_C0_DEFAULT_N2048_q16_rep3,1,4,1,sm_89,RS_SLICE_SERIAL,NCCL,C0_DEFAULT,2048,2048,2048,16,12,1048576,32,0,4382.720,4388.224,4649.856,261.632,PASS,0
PHASEB_formal_rs_C0_DEFAULT_N2048_q16_rep3,1,4,1,sm_89,RS_SLICE_SERIAL,NCCL,C0_DEFAULT,2048,2048,2048,16,13,1048576,32,0,4733.376,4739.488,4999.936,260.448,PASS,0
PHASEB_formal_rs_C0_DEFAULT_N2048_q16_rep3,1,4,1,sm_89,RS_SLICE_SERIAL,NCCL,C0_DEFAULT,2048,2048,2048,16,14,1048576,32,0,5082.400,5087.936,5348.096,260.160,PASS,0
PHASEB_formal_rs_C0_DEFAULT_N2048_q16_rep3,1,4,1,sm_89,RS_SLICE_SERIAL,NCCL,C0_DEFAULT,2048,2048,2048,16,15,1048576,32,0,5431.904,5438.560,5696.416,257.856,PASS,0
PHASEB_formal_rs_C0_DEFAULT_N2048_q16_rep3,1,4,1,sm_89,RS_SLICE_SERIAL,NCCL,C0_DEFAULT,2048,2048,2048,16,0,1048576,33,0,120.448,128.608,388.928,260.320,PASS,0
PHASEB_formal_rs_C0_DEFAULT_N2048_q16_rep3,1,4,1,sm_89,RS_SLICE_SERIAL,NCCL,C0_DEFAULT,2048,2048,2048,16,1,1048576,33,0,495.392,500.800,762.208,261.408,PASS,0
PHASEB_formal_rs_C0_DEFAULT_N2048_q16_rep3,1,4,1,sm_89,RS_SLICE_SERIAL,NCCL,C0_DEFAULT,2048,2048,2048,16,2,1048576,33,0,858.560,864.640,1126.848,262.208,PASS,0
PHASEB_formal_rs_C0_DEFAULT_N2048_q16_rep3,1,4,1,sm_89,RS_SLICE_SERIAL,NCCL,C0_DEFAULT,2048,2048,2048,16,3,1048576,33,0,1207.264,1213.600,1474.368,260.768,PASS,0
PHASEB_formal_rs_C0_DEFAULT_N2048_q16_rep3,1,4,1,sm_89,RS_SLICE_SERIAL,NCCL,C0_DEFAULT,2048,2048,2048,16,4,1048576,33,0,1559.136,1564.704,1824.768,260.064,PASS,0
PHASEB_formal_rs_C0_DEFAULT_N2048_q16_rep3,1,4,1,sm_89,RS_SLICE_SERIAL,NCCL,C0_DEFAULT,2048,2048,2048,16,5,1048576,33,0,1929.120,1934.752,2196.640,261.888,PASS,0
PHASEB_formal_rs_C0_DEFAULT_N2048_q16_rep3,1,4,1,sm_89,RS_SLICE_SERIAL,NCCL,C0_DEFAULT,2048,2048,2048,16,6,1048576,33,0,2276.544,2282.688,2545.536,262.848,PASS,0
PHASEB_formal_rs_C0_DEFAULT_N2048_q16_rep3,1,4,1,sm_89,RS_SLICE_SERIAL,NCCL,C0_DEFAULT,2048,2048,2048,16,7,1048576,33,0,2637.376,2643.680,2905.888,262.208,PASS,0
PHASEB_formal_rs_C0_DEFAULT_N2048_q16_rep3,1,4,1,sm_89,RS_SLICE_SERIAL,NCCL,C0_DEFAULT,2048,2048,2048,16,8,1048576,33,0,2995.232,3001.568,3262.752,261.184,PASS,0
PHASEB_formal_rs_C0_DEFAULT_N2048_q16_rep3,1,4,1,sm_89,RS_SLICE_SERIAL,NCCL,C0_DEFAULT,2048,2048,2048,16,9,1048576,33,0,3363.872,3369.696,3629.984,260.288,PASS,0
PHASEB_formal_rs_C0_DEFAULT_N2048_q16_rep3,1,4,1,sm_89,RS_SLICE_SERIAL,NCCL,C0_DEFAULT,2048,2048,2048,16,10,1048576,33,0,3712.992,3718.784,3979.968,261.184,PASS,0
PHASEB_formal_rs_C0_DEFAULT_N2048_q16_rep3,1,4,1,sm_89,RS_SLICE_SERIAL,NCCL,C0_DEFAULT,2048,2048,2048,16,11,1048576,33,0,4070.528,4076.256,4336.320,260.064,PASS,0
PHASEB_formal_rs_C0_DEFAULT_N2048_q16_rep3,1,4,1,sm_89,RS_SLICE_SERIAL,NCCL,C0_DEFAULT,2048,2048,2048,16,12,1048576,33,0,4438.848,4444.448,4705.248,260.800,PASS,0
PHASEB_formal_rs_C0_DEFAULT_N2048_q16_rep3,1,4,1,sm_89,RS_SLICE_SERIAL,NCCL,C0_DEFAULT,2048,2048,2048,16,13,1048576,33,0,4813.472,4819.488,5080.640,261.152,PASS,0
PHASEB_formal_rs_C0_DEFAULT_N2048_q16_rep3,1,4,1,sm_89,RS_SLICE_SERIAL,NCCL,C0_DEFAULT,2048,2048,2048,16,14,1048576,33,0,5163.744,5169.120,5431.168,262.048,PASS,0
PHASEB_formal_rs_C0_DEFAULT_N2048_q16_rep3,1,4,1,sm_89,RS_SLICE_SERIAL,NCCL,C0_DEFAULT,2048,2048,2048,16,15,1048576,33,0,5512.960,5519.616,5778.880,259.264,PASS,0
PHASEB_formal_rs_C0_DEFAULT_N2048_q16_rep3,1,4,1,sm_89,RS_SLICE_SERIAL,NCCL,C0_DEFAULT,2048,2048,2048,16,0,1048576,34,0,114.080,121.600,381.920,260.320,PASS,0
PHASEB_formal_rs_C0_DEFAULT_N2048_q16_rep3,1,4,1,sm_89,RS_SLICE_SERIAL,NCCL,C0_DEFAULT,2048,2048,2048,16,1,1048576,34,0,472.800,478.368,739.968,261.600,PASS,0
PHASEB_formal_rs_C0_DEFAULT_N2048_q16_rep3,1,4,1,sm_89,RS_SLICE_SERIAL,NCCL,C0_DEFAULT,2048,2048,2048,16,2,1048576,34,0,832.128,837.920,1099.648,261.728,PASS,0
PHASEB_formal_rs_C0_DEFAULT_N2048_q16_rep3,1,4,1,sm_89,RS_SLICE_SERIAL,NCCL,C0_DEFAULT,2048,2048,2048,16,3,1048576,34,0,1187.488,1192.896,1453.536,260.640,PASS,0
PHASEB_formal_rs_C0_DEFAULT_N2048_q16_rep3,1,4,1,sm_89,RS_SLICE_SERIAL,NCCL,C0_DEFAULT,2048,2048,2048,16,4,1048576,34,0,1555.264,1560.768,1825.344,264.576,PASS,0
PHASEB_formal_rs_C0_DEFAULT_N2048_q16_rep3,1,4,1,sm_89,RS_SLICE_SERIAL,NCCL,C0_DEFAULT,2048,2048,2048,16,5,1048576,34,0,1909.760,1916.320,2177.728,261.408,PASS,0
PHASEB_formal_rs_C0_DEFAULT_N2048_q16_rep3,1,4,1,sm_89,RS_SLICE_SERIAL,NCCL,C0_DEFAULT,2048,2048,2048,16,6,1048576,34,0,2270.880,2276.672,2537.280,260.608,PASS,0
PHASEB_formal_rs_C0_DEFAULT_N2048_q16_rep3,1,4,1,sm_89,RS_SLICE_SERIAL,NCCL,C0_DEFAULT,2048,2048,2048,16,7,1048576,34,0,2624.224,2630.144,2890.592,260.448,PASS,0
PHASEB_formal_rs_C0_DEFAULT_N2048_q16_rep3,1,4,1,sm_89,RS_SLICE_SERIAL,NCCL,C0_DEFAULT,2048,2048,2048,16,8,1048576,34,0,2982.592,2988.416,3252.352,263.936,PASS,0
PHASEB_formal_rs_C0_DEFAULT_N2048_q16_rep3,1,4,1,sm_89,RS_SLICE_SERIAL,NCCL,C0_DEFAULT,2048,2048,2048,16,9,1048576,34,0,3331.296,3337.376,3597.760,260.384,PASS,0
PHASEB_formal_rs_C0_DEFAULT_N2048_q16_rep3,1,4,1,sm_89,RS_SLICE_SERIAL,NCCL,C0_DEFAULT,2048,2048,2048,16,10,1048576,34,0,3681.792,3687.392,3949.728,262.336,PASS,0
PHASEB_formal_rs_C0_DEFAULT_N2048_q16_rep3,1,4,1,sm_89,RS_SLICE_SERIAL,NCCL,C0_DEFAULT,2048,2048,2048,16,11,1048576,34,0,4028.416,4034.464,4295.872,261.408,PASS,0
PHASEB_formal_rs_C0_DEFAULT_N2048_q16_rep3,1,4,1,sm_89,RS_SLICE_SERIAL,NCCL,C0_DEFAULT,2048,2048,2048,16,12,1048576,34,0,4391.744,4397.248,4659.360,262.112,PASS,0
PHASEB_formal_rs_C0_DEFAULT_N2048_q16_rep3,1,4,1,sm_89,RS_SLICE_SERIAL,NCCL,C0_DEFAULT,2048,2048,2048,16,13,1048576,34,0,4754.400,4760.672,5022.624,261.952,PASS,0
PHASEB_formal_rs_C0_DEFAULT_N2048_q16_rep3,1,4,1,sm_89,RS_SLICE_SERIAL,NCCL,C0_DEFAULT,2048,2048,2048,16,14,1048576,34,0,5104.064,5109.600,5370.816,261.216,PASS,0
PHASEB_formal_rs_C0_DEFAULT_N2048_q16_rep3,1,4,1,sm_89,RS_SLICE_SERIAL,NCCL,C0_DEFAULT,2048,2048,2048,16,15,1048576,34,0,5463.744,5470.368,5728.128,257.760,PASS,0
PHASEB_formal_rs_C0_DEFAULT_N2048_q16_rep3,1,4,1,sm_89,RS_SLICE_SERIAL,NCCL,C0_DEFAULT,2048,2048,2048,16,0,1048576,35,0,114.976,122.528,383.904,261.376,PASS,0
PHASEB_formal_rs_C0_DEFAULT_N2048_q16_rep3,1,4,1,sm_89,RS_SLICE_SERIAL,NCCL,C0_DEFAULT,2048,2048,2048,16,1,1048576,35,0,466.912,472.960,734.048,261.088,PASS,0
PHASEB_formal_rs_C0_DEFAULT_N2048_q16_rep3,1,4,1,sm_89,RS_SLICE_SERIAL,NCCL,C0_DEFAULT,2048,2048,2048,16,2,1048576,35,0,825.760,831.424,1094.368,262.944,PASS,0
PHASEB_formal_rs_C0_DEFAULT_N2048_q16_rep3,1,4,1,sm_89,RS_SLICE_SERIAL,NCCL,C0_DEFAULT,2048,2048,2048,16,3,1048576,35,0,1189.344,1195.552,1456.544,260.992,PASS,0
PHASEB_formal_rs_C0_DEFAULT_N2048_q16_rep3,1,4,1,sm_89,RS_SLICE_SERIAL,NCCL,C0_DEFAULT,2048,2048,2048,16,4,1048576,35,0,1545.152,1550.752,1812.512,261.760,PASS,0
PHASEB_formal_rs_C0_DEFAULT_N2048_q16_rep3,1,4,1,sm_89,RS_SLICE_SERIAL,NCCL,C0_DEFAULT,2048,2048,2048,16,5,1048576,35,0,1904.768,1910.656,2172.640,261.984,PASS,0
PHASEB_formal_rs_C0_DEFAULT_N2048_q16_rep3,1,4,1,sm_89,RS_SLICE_SERIAL,NCCL,C0_DEFAULT,2048,2048,2048,16,6,1048576,35,0,2259.232,2264.992,2524.672,259.680,PASS,0
PHASEB_formal_rs_C0_DEFAULT_N2048_q16_rep3,1,4,1,sm_89,RS_SLICE_SERIAL,NCCL,C0_DEFAULT,2048,2048,2048,16,7,1048576,35,0,2615.616,2621.312,2882.944,261.632,PASS,0
PHASEB_formal_rs_C0_DEFAULT_N2048_q16_rep3,1,4,1,sm_89,RS_SLICE_SERIAL,NCCL,C0_DEFAULT,2048,2048,2048,16,8,1048576,35,0,2974.304,2980.096,3242.240,262.144,PASS,0
PHASEB_formal_rs_C0_DEFAULT_N2048_q16_rep3,1,4,1,sm_89,RS_SLICE_SERIAL,NCCL,C0_DEFAULT,2048,2048,2048,16,9,1048576,35,0,3324.416,3329.984,3589.696,259.712,PASS,0
PHASEB_formal_rs_C0_DEFAULT_N2048_q16_rep3,1,4,1,sm_89,RS_SLICE_SERIAL,NCCL,C0_DEFAULT,2048,2048,2048,16,10,1048576,35,0,3676.000,3681.984,3946.560,264.576,PASS,0
PHASEB_formal_rs_C0_DEFAULT_N2048_q16_rep3,1,4,1,sm_89,RS_SLICE_SERIAL,NCCL,C0_DEFAULT,2048,2048,2048,16,11,1048576,35,0,4025.760,4031.936,4291.520,259.584,PASS,0
PHASEB_formal_rs_C0_DEFAULT_N2048_q16_rep3,1,4,1,sm_89,RS_SLICE_SERIAL,NCCL,C0_DEFAULT,2048,2048,2048,16,12,1048576,35,0,4389.792,4395.680,4656.448,260.768,PASS,0
PHASEB_formal_rs_C0_DEFAULT_N2048_q16_rep3,1,4,1,sm_89,RS_SLICE_SERIAL,NCCL,C0_DEFAULT,2048,2048,2048,16,13,1048576,35,0,4759.904,4765.824,5025.792,259.968,PASS,0
PHASEB_formal_rs_C0_DEFAULT_N2048_q16_rep3,1,4,1,sm_89,RS_SLICE_SERIAL,NCCL,C0_DEFAULT,2048,2048,2048,16,14,1048576,35,0,5133.536,5139.072,5400.160,261.088,PASS,0
PHASEB_formal_rs_C0_DEFAULT_N2048_q16_rep3,1,4,1,sm_89,RS_SLICE_SERIAL,NCCL,C0_DEFAULT,2048,2048,2048,16,15,1048576,35,0,5493.248,5499.968,5758.784,258.816,PASS,0
PHASEB_formal_rs_C0_DEFAULT_N2048_q16_rep3,1,4,1,sm_89,RS_SLICE_SERIAL,NCCL,C0_DEFAULT,2048,2048,2048,16,0,1048576,36,0,118.016,125.952,389.152,263.200,PASS,0
PHASEB_formal_rs_C0_DEFAULT_N2048_q16_rep3,1,4,1,sm_89,RS_SLICE_SERIAL,NCCL,C0_DEFAULT,2048,2048,2048,16,1,1048576,36,0,473.184,479.616,739.552,259.936,PASS,0
PHASEB_formal_rs_C0_DEFAULT_N2048_q16_rep3,1,4,1,sm_89,RS_SLICE_SERIAL,NCCL,C0_DEFAULT,2048,2048,2048,16,2,1048576,36,0,828.992,834.912,1097.504,262.592,PASS,0
PHASEB_formal_rs_C0_DEFAULT_N2048_q16_rep3,1,4,1,sm_89,RS_SLICE_SERIAL,NCCL,C0_DEFAULT,2048,2048,2048,16,3,1048576,36,0,1186.240,1192.384,1452.992,260.608,PASS,0
PHASEB_formal_rs_C0_DEFAULT_N2048_q16_rep3,1,4,1,sm_89,RS_SLICE_SERIAL,NCCL,C0_DEFAULT,2048,2048,2048,16,4,1048576,36,0,1546.304,1552.064,1812.800,260.736,PASS,0
PHASEB_formal_rs_C0_DEFAULT_N2048_q16_rep3,1,4,1,sm_89,RS_SLICE_SERIAL,NCCL,C0_DEFAULT,2048,2048,2048,16,5,1048576,36,0,1923.392,1929.664,2190.880,261.216,PASS,0
PHASEB_formal_rs_C0_DEFAULT_N2048_q16_rep3,1,4,1,sm_89,RS_SLICE_SERIAL,NCCL,C0_DEFAULT,2048,2048,2048,16,6,1048576,36,0,2273.568,2279.264,2539.552,260.288,PASS,0
PHASEB_formal_rs_C0_DEFAULT_N2048_q16_rep3,1,4,1,sm_89,RS_SLICE_SERIAL,NCCL,C0_DEFAULT,2048,2048,2048,16,7,1048576,36,0,2620.064,2626.080,2885.408,259.328,PASS,0
PHASEB_formal_rs_C0_DEFAULT_N2048_q16_rep3,1,4,1,sm_89,RS_SLICE_SERIAL,NCCL,C0_DEFAULT,2048,2048,2048,16,8,1048576,36,0,2978.272,2983.872,3246.656,262.784,PASS,0
PHASEB_formal_rs_C0_DEFAULT_N2048_q16_rep3,1,4,1,sm_89,RS_SLICE_SERIAL,NCCL,C0_DEFAULT,2048,2048,2048,16,9,1048576,36,0,3328.480,3335.008,3596.704,261.696,PASS,0
PHASEB_formal_rs_C0_DEFAULT_N2048_q16_rep3,1,4,1,sm_89,RS_SLICE_SERIAL,NCCL,C0_DEFAULT,2048,2048,2048,16,10,1048576,36,0,3688.416,3694.208,3957.376,263.168,PASS,0
PHASEB_formal_rs_C0_DEFAULT_N2048_q16_rep3,1,4,1,sm_89,RS_SLICE_SERIAL,NCCL,C0_DEFAULT,2048,2048,2048,16,11,1048576,36,0,4037.280,4042.688,4302.880,260.192,PASS,0
PHASEB_formal_rs_C0_DEFAULT_N2048_q16_rep3,1,4,1,sm_89,RS_SLICE_SERIAL,NCCL,C0_DEFAULT,2048,2048,2048,16,12,1048576,36,0,4393.120,4398.624,4659.200,260.576,PASS,0
PHASEB_formal_rs_C0_DEFAULT_N2048_q16_rep3,1,4,1,sm_89,RS_SLICE_SERIAL,NCCL,C0_DEFAULT,2048,2048,2048,16,13,1048576,36,0,4746.560,4752.192,5011.968,259.776,PASS,0
PHASEB_formal_rs_C0_DEFAULT_N2048_q16_rep3,1,4,1,sm_89,RS_SLICE_SERIAL,NCCL,C0_DEFAULT,2048,2048,2048,16,14,1048576,36,0,5092.704,5098.336,5358.592,260.256,PASS,0
PHASEB_formal_rs_C0_DEFAULT_N2048_q16_rep3,1,4,1,sm_89,RS_SLICE_SERIAL,NCCL,C0_DEFAULT,2048,2048,2048,16,15,1048576,36,0,5453.312,5460.000,5717.760,257.760,PASS,0
PHASEB_formal_rs_C0_DEFAULT_N2048_q16_rep3,1,4,1,sm_89,RS_SLICE_SERIAL,NCCL,C0_DEFAULT,2048,2048,2048,16,0,1048576,37,0,115.776,123.200,384.736,261.536,PASS,0
PHASEB_formal_rs_C0_DEFAULT_N2048_q16_rep3,1,4,1,sm_89,RS_SLICE_SERIAL,NCCL,C0_DEFAULT,2048,2048,2048,16,1,1048576,37,0,467.392,473.376,735.296,261.920,PASS,0
PHASEB_formal_rs_C0_DEFAULT_N2048_q16_rep3,1,4,1,sm_89,RS_SLICE_SERIAL,NCCL,C0_DEFAULT,2048,2048,2048,16,2,1048576,37,0,824.736,830.400,1092.960,262.560,PASS,0
PHASEB_formal_rs_C0_DEFAULT_N2048_q16_rep3,1,4,1,sm_89,RS_SLICE_SERIAL,NCCL,C0_DEFAULT,2048,2048,2048,16,3,1048576,37,0,1173.664,1179.488,1440.128,260.640,PASS,0
PHASEB_formal_rs_C0_DEFAULT_N2048_q16_rep3,1,4,1,sm_89,RS_SLICE_SERIAL,NCCL,C0_DEFAULT,2048,2048,2048,16,4,1048576,37,0,1540.224,1545.888,1808.768,262.880,PASS,0
PHASEB_formal_rs_C0_DEFAULT_N2048_q16_rep3,1,4,1,sm_89,RS_SLICE_SERIAL,NCCL,C0_DEFAULT,2048,2048,2048,16,5,1048576,37,0,1899.808,1905.632,2167.712,262.080,PASS,0
PHASEB_formal_rs_C0_DEFAULT_N2048_q16_rep3,1,4,1,sm_89,RS_SLICE_SERIAL,NCCL,C0_DEFAULT,2048,2048,2048,16,6,1048576,37,0,2260.672,2267.072,2528.608,261.536,PASS,0
PHASEB_formal_rs_C0_DEFAULT_N2048_q16_rep3,1,4,1,sm_89,RS_SLICE_SERIAL,NCCL,C0_DEFAULT,2048,2048,2048,16,7,1048576,37,0,2620.928,2627.168,2890.144,262.976,PASS,0
PHASEB_formal_rs_C0_DEFAULT_N2048_q16_rep3,1,4,1,sm_89,RS_SLICE_SERIAL,NCCL,C0_DEFAULT,2048,2048,2048,16,8,1048576,37,0,2978.272,2983.840,3246.560,262.720,PASS,0
PHASEB_formal_rs_C0_DEFAULT_N2048_q16_rep3,1,4,1,sm_89,RS_SLICE_SERIAL,NCCL,C0_DEFAULT,2048,2048,2048,16,9,1048576,37,0,3329.088,3334.720,3596.000,261.280,PASS,0
PHASEB_formal_rs_C0_DEFAULT_N2048_q16_rep3,1,4,1,sm_89,RS_SLICE_SERIAL,NCCL,C0_DEFAULT,2048,2048,2048,16,10,1048576,37,0,3691.648,3698.016,3961.632,263.616,PASS,0
PHASEB_formal_rs_C0_DEFAULT_N2048_q16_rep3,1,4,1,sm_89,RS_SLICE_SERIAL,NCCL,C0_DEFAULT,2048,2048,2048,16,11,1048576,37,0,4043.104,4049.024,4310.336,261.312,PASS,0
PHASEB_formal_rs_C0_DEFAULT_N2048_q16_rep3,1,4,1,sm_89,RS_SLICE_SERIAL,NCCL,C0_DEFAULT,2048,2048,2048,16,12,1048576,37,0,4412.992,4418.560,4679.904,261.344,PASS,0
PHASEB_formal_rs_C0_DEFAULT_N2048_q16_rep3,1,4,1,sm_89,RS_SLICE_SERIAL,NCCL,C0_DEFAULT,2048,2048,2048,16,13,1048576,37,0,4769.216,4774.752,5035.744,260.992,PASS,0
PHASEB_formal_rs_C0_DEFAULT_N2048_q16_rep3,1,4,1,sm_89,RS_SLICE_SERIAL,NCCL,C0_DEFAULT,2048,2048,2048,16,14,1048576,37,0,5120.512,5126.080,5388.256,262.176,PASS,0
PHASEB_formal_rs_C0_DEFAULT_N2048_q16_rep3,1,4,1,sm_89,RS_SLICE_SERIAL,NCCL,C0_DEFAULT,2048,2048,2048,16,15,1048576,37,0,5476.480,5483.200,5741.568,258.368,PASS,0
PHASEB_formal_rs_C0_DEFAULT_N2048_q16_rep3,1,4,1,sm_89,RS_SLICE_SERIAL,NCCL,C0_DEFAULT,2048,2048,2048,16,0,1048576,38,0,116.384,124.064,385.952,261.888,PASS,0
PHASEB_formal_rs_C0_DEFAULT_N2048_q16_rep3,1,4,1,sm_89,RS_SLICE_SERIAL,NCCL,C0_DEFAULT,2048,2048,2048,16,1,1048576,38,0,472.960,479.168,740.384,261.216,PASS,0
PHASEB_formal_rs_C0_DEFAULT_N2048_q16_rep3,1,4,1,sm_89,RS_SLICE_SERIAL,NCCL,C0_DEFAULT,2048,2048,2048,16,2,1048576,38,0,828.736,834.784,1096.448,261.664,PASS,0
PHASEB_formal_rs_C0_DEFAULT_N2048_q16_rep3,1,4,1,sm_89,RS_SLICE_SERIAL,NCCL,C0_DEFAULT,2048,2048,2048,16,3,1048576,38,0,1184.224,1190.368,1450.336,259.968,PASS,0
PHASEB_formal_rs_C0_DEFAULT_N2048_q16_rep3,1,4,1,sm_89,RS_SLICE_SERIAL,NCCL,C0_DEFAULT,2048,2048,2048,16,4,1048576,38,0,1547.232,1553.088,1813.536,260.448,PASS,0
PHASEB_formal_rs_C0_DEFAULT_N2048_q16_rep3,1,4,1,sm_89,RS_SLICE_SERIAL,NCCL,C0_DEFAULT,2048,2048,2048,16,5,1048576,38,0,1906.080,1912.160,2173.792,261.632,PASS,0
PHASEB_formal_rs_C0_DEFAULT_N2048_q16_rep3,1,4,1,sm_89,RS_SLICE_SERIAL,NCCL,C0_DEFAULT,2048,2048,2048,16,6,1048576,38,0,2254.848,2261.024,2521.504,260.480,PASS,0
PHASEB_formal_rs_C0_DEFAULT_N2048_q16_rep3,1,4,1,sm_89,RS_SLICE_SERIAL,NCCL,C0_DEFAULT,2048,2048,2048,16,7,1048576,38,0,2615.040,2620.800,2881.632,260.832,PASS,0
PHASEB_formal_rs_C0_DEFAULT_N2048_q16_rep3,1,4,1,sm_89,RS_SLICE_SERIAL,NCCL,C0_DEFAULT,2048,2048,2048,16,8,1048576,38,0,2966.400,2971.840,3233.536,261.696,PASS,0
PHASEB_formal_rs_C0_DEFAULT_N2048_q16_rep3,1,4,1,sm_89,RS_SLICE_SERIAL,NCCL,C0_DEFAULT,2048,2048,2048,16,9,1048576,38,0,3328.192,3334.432,3596.320,261.888,PASS,0
PHASEB_formal_rs_C0_DEFAULT_N2048_q16_rep3,1,4,1,sm_89,RS_SLICE_SERIAL,NCCL,C0_DEFAULT,2048,2048,2048,16,10,1048576,38,0,3677.760,3683.840,3945.600,261.760,PASS,0
PHASEB_formal_rs_C0_DEFAULT_N2048_q16_rep3,1,4,1,sm_89,RS_SLICE_SERIAL,NCCL,C0_DEFAULT,2048,2048,2048,16,11,1048576,38,0,4024.224,4029.920,4291.840,261.920,PASS,0
PHASEB_formal_rs_C0_DEFAULT_N2048_q16_rep3,1,4,1,sm_89,RS_SLICE_SERIAL,NCCL,C0_DEFAULT,2048,2048,2048,16,12,1048576,38,0,4381.312,4386.848,4648.384,261.536,PASS,0
PHASEB_formal_rs_C0_DEFAULT_N2048_q16_rep3,1,4,1,sm_89,RS_SLICE_SERIAL,NCCL,C0_DEFAULT,2048,2048,2048,16,13,1048576,38,0,4732.288,4738.464,4999.552,261.088,PASS,0
PHASEB_formal_rs_C0_DEFAULT_N2048_q16_rep3,1,4,1,sm_89,RS_SLICE_SERIAL,NCCL,C0_DEFAULT,2048,2048,2048,16,14,1048576,38,0,5089.152,5094.784,5355.840,261.056,PASS,0
PHASEB_formal_rs_C0_DEFAULT_N2048_q16_rep3,1,4,1,sm_89,RS_SLICE_SERIAL,NCCL,C0_DEFAULT,2048,2048,2048,16,15,1048576,38,0,5448.832,5455.488,5713.312,257.824,PASS,0
PHASEB_formal_rs_C0_DEFAULT_N2048_q16_rep3,1,4,1,sm_89,RS_SLICE_SERIAL,NCCL,C0_DEFAULT,2048,2048,2048,16,0,1048576,39,0,122.528,130.208,390.976,260.768,PASS,0
PHASEB_formal_rs_C0_DEFAULT_N2048_q16_rep3,1,4,1,sm_89,RS_SLICE_SERIAL,NCCL,C0_DEFAULT,2048,2048,2048,16,1,1048576,39,0,472.992,479.136,741.760,262.624,PASS,0
PHASEB_formal_rs_C0_DEFAULT_N2048_q16_rep3,1,4,1,sm_89,RS_SLICE_SERIAL,NCCL,C0_DEFAULT,2048,2048,2048,16,2,1048576,39,0,823.200,828.992,1093.952,264.960,PASS,0
PHASEB_formal_rs_C0_DEFAULT_N2048_q16_rep3,1,4,1,sm_89,RS_SLICE_SERIAL,NCCL,C0_DEFAULT,2048,2048,2048,16,3,1048576,39,0,1195.904,1202.048,1462.304,260.256,PASS,0
PHASEB_formal_rs_C0_DEFAULT_N2048_q16_rep3,1,4,1,sm_89,RS_SLICE_SERIAL,NCCL,C0_DEFAULT,2048,2048,2048,16,4,1048576,39,0,1560.160,1565.504,1827.904,262.400,PASS,0
PHASEB_formal_rs_C0_DEFAULT_N2048_q16_rep3,1,4,1,sm_89,RS_SLICE_SERIAL,NCCL,C0_DEFAULT,2048,2048,2048,16,5,1048576,39,0,1940.928,1947.168,2210.112,262.944,PASS,0
PHASEB_formal_rs_C0_DEFAULT_N2048_q16_rep3,1,4,1,sm_89,RS_SLICE_SERIAL,NCCL,C0_DEFAULT,2048,2048,2048,16,6,1048576,39,0,2291.488,2297.824,2560.288,262.464,PASS,0
PHASEB_formal_rs_C0_DEFAULT_N2048_q16_rep3,1,4,1,sm_89,RS_SLICE_SERIAL,NCCL,C0_DEFAULT,2048,2048,2048,16,7,1048576,39,0,2652.608,2658.976,2921.216,262.240,PASS,0
PHASEB_formal_rs_C0_DEFAULT_N2048_q16_rep3,1,4,1,sm_89,RS_SLICE_SERIAL,NCCL,C0_DEFAULT,2048,2048,2048,16,8,1048576,39,0,3005.888,3011.712,3273.504,261.792,PASS,0
PHASEB_formal_rs_C0_DEFAULT_N2048_q16_rep3,1,4,1,sm_89,RS_SLICE_SERIAL,NCCL,C0_DEFAULT,2048,2048,2048,16,9,1048576,39,0,3351.904,3357.632,3617.376,259.744,PASS,0
PHASEB_formal_rs_C0_DEFAULT_N2048_q16_rep3,1,4,1,sm_89,RS_SLICE_SERIAL,NCCL,C0_DEFAULT,2048,2048,2048,16,10,1048576,39,0,3708.960,3714.848,3975.648,260.800,PASS,0
PHASEB_formal_rs_C0_DEFAULT_N2048_q16_rep3,1,4,1,sm_89,RS_SLICE_SERIAL,NCCL,C0_DEFAULT,2048,2048,2048,16,11,1048576,39,0,4067.136,4073.536,4333.504,259.968,PASS,0
PHASEB_formal_rs_C0_DEFAULT_N2048_q16_rep3,1,4,1,sm_89,RS_SLICE_SERIAL,NCCL,C0_DEFAULT,2048,2048,2048,16,12,1048576,39,0,4427.008,4432.512,4694.176,261.664,PASS,0
PHASEB_formal_rs_C0_DEFAULT_N2048_q16_rep3,1,4,1,sm_89,RS_SLICE_SERIAL,NCCL,C0_DEFAULT,2048,2048,2048,16,13,1048576,39,0,4787.168,4792.800,5054.048,261.248,PASS,0
PHASEB_formal_rs_C0_DEFAULT_N2048_q16_rep3,1,4,1,sm_89,RS_SLICE_SERIAL,NCCL,C0_DEFAULT,2048,2048,2048,16,14,1048576,39,0,5146.912,5152.512,5413.984,261.472,PASS,0
PHASEB_formal_rs_C0_DEFAULT_N2048_q16_rep3,1,4,1,sm_89,RS_SLICE_SERIAL,NCCL,C0_DEFAULT,2048,2048,2048,16,15,1048576,39,0,5507.808,5514.592,5773.184,258.592,PASS,0
PHASEB_formal_rs_C0_DEFAULT_N2048_q16_rep3,1,4,1,sm_89,RS_SLICE_SERIAL,NCCL,C0_DEFAULT,2048,2048,2048,16,0,1048576,40,0,113.760,121.280,384.384,263.104,PASS,0
PHASEB_formal_rs_C0_DEFAULT_N2048_q16_rep3,1,4,1,sm_89,RS_SLICE_SERIAL,NCCL,C0_DEFAULT,2048,2048,2048,16,1,1048576,40,0,470.400,476.768,736.480,259.712,PASS,0
PHASEB_formal_rs_C0_DEFAULT_N2048_q16_rep3,1,4,1,sm_89,RS_SLICE_SERIAL,NCCL,C0_DEFAULT,2048,2048,2048,16,2,1048576,40,0,817.120,822.592,1085.856,263.264,PASS,0
PHASEB_formal_rs_C0_DEFAULT_N2048_q16_rep3,1,4,1,sm_89,RS_SLICE_SERIAL,NCCL,C0_DEFAULT,2048,2048,2048,16,3,1048576,40,0,1184.416,1190.112,1450.976,260.864,PASS,0
PHASEB_formal_rs_C0_DEFAULT_N2048_q16_rep3,1,4,1,sm_89,RS_SLICE_SERIAL,NCCL,C0_DEFAULT,2048,2048,2048,16,4,1048576,40,0,1550.432,1556.064,1819.232,263.168,PASS,0
PHASEB_formal_rs_C0_DEFAULT_N2048_q16_rep3,1,4,1,sm_89,RS_SLICE_SERIAL,NCCL,C0_DEFAULT,2048,2048,2048,16,5,1048576,40,0,1905.888,1911.424,2172.736,261.312,PASS,0
PHASEB_formal_rs_C0_DEFAULT_N2048_q16_rep3,1,4,1,sm_89,RS_SLICE_SERIAL,NCCL,C0_DEFAULT,2048,2048,2048,16,6,1048576,40,0,2266.112,2271.840,2533.952,262.112,PASS,0
PHASEB_formal_rs_C0_DEFAULT_N2048_q16_rep3,1,4,1,sm_89,RS_SLICE_SERIAL,NCCL,C0_DEFAULT,2048,2048,2048,16,7,1048576,40,0,2619.616,2625.088,2887.712,262.624,PASS,0
PHASEB_formal_rs_C0_DEFAULT_N2048_q16_rep3,1,4,1,sm_89,RS_SLICE_SERIAL,NCCL,C0_DEFAULT,2048,2048,2048,16,8,1048576,40,0,2977.440,2983.072,3246.400,263.328,PASS,0
PHASEB_formal_rs_C0_DEFAULT_N2048_q16_rep3,1,4,1,sm_89,RS_SLICE_SERIAL,NCCL,C0_DEFAULT,2048,2048,2048,16,9,1048576,40,0,3332.032,3338.432,3600.000,261.568,PASS,0
PHASEB_formal_rs_C0_DEFAULT_N2048_q16_rep3,1,4,1,sm_89,RS_SLICE_SERIAL,NCCL,C0_DEFAULT,2048,2048,2048,16,10,1048576,40,0,3687.488,3693.280,3953.792,260.512,PASS,0
PHASEB_formal_rs_C0_DEFAULT_N2048_q16_rep3,1,4,1,sm_89,RS_SLICE_SERIAL,NCCL,C0_DEFAULT,2048,2048,2048,16,11,1048576,40,0,4035.744,4041.696,4302.912,261.216,PASS,0
PHASEB_formal_rs_C0_DEFAULT_N2048_q16_rep3,1,4,1,sm_89,RS_SLICE_SERIAL,NCCL,C0_DEFAULT,2048,2048,2048,16,12,1048576,40,0,4392.704,4398.272,4661.632,263.360,PASS,0
PHASEB_formal_rs_C0_DEFAULT_N2048_q16_rep3,1,4,1,sm_89,RS_SLICE_SERIAL,NCCL,C0_DEFAULT,2048,2048,2048,16,13,1048576,40,0,4754.176,4759.840,5019.936,260.096,PASS,0
PHASEB_formal_rs_C0_DEFAULT_N2048_q16_rep3,1,4,1,sm_89,RS_SLICE_SERIAL,NCCL,C0_DEFAULT,2048,2048,2048,16,14,1048576,40,0,5109.248,5114.560,5375.328,260.768,PASS,0
PHASEB_formal_rs_C0_DEFAULT_N2048_q16_rep3,1,4,1,sm_89,RS_SLICE_SERIAL,NCCL,C0_DEFAULT,2048,2048,2048,16,15,1048576,40,0,5459.296,5465.888,5723.584,257.696,PASS,0
PHASEB_formal_rs_C0_DEFAULT_N2048_q16_rep3,1,4,1,sm_89,RS_SLICE_SERIAL,NCCL,C0_DEFAULT,2048,2048,2048,16,0,1048576,41,0,119.456,126.944,389.120,262.176,PASS,0
PHASEB_formal_rs_C0_DEFAULT_N2048_q16_rep3,1,4,1,sm_89,RS_SLICE_SERIAL,NCCL,C0_DEFAULT,2048,2048,2048,16,1,1048576,41,0,469.408,475.232,737.472,262.240,PASS,0
PHASEB_formal_rs_C0_DEFAULT_N2048_q16_rep3,1,4,1,sm_89,RS_SLICE_SERIAL,NCCL,C0_DEFAULT,2048,2048,2048,16,2,1048576,41,0,826.784,832.352,1097.024,264.672,PASS,0
PHASEB_formal_rs_C0_DEFAULT_N2048_q16_rep3,1,4,1,sm_89,RS_SLICE_SERIAL,NCCL,C0_DEFAULT,2048,2048,2048,16,3,1048576,41,0,1178.144,1183.488,1444.128,260.640,PASS,0
PHASEB_formal_rs_C0_DEFAULT_N2048_q16_rep3,1,4,1,sm_89,RS_SLICE_SERIAL,NCCL,C0_DEFAULT,2048,2048,2048,16,4,1048576,41,0,1541.280,1547.136,1809.568,262.432,PASS,0
PHASEB_formal_rs_C0_DEFAULT_N2048_q16_rep3,1,4,1,sm_89,RS_SLICE_SERIAL,NCCL,C0_DEFAULT,2048,2048,2048,16,5,1048576,41,0,1908.992,1915.648,2177.664,262.016,PASS,0
PHASEB_formal_rs_C0_DEFAULT_N2048_q16_rep3,1,4,1,sm_89,RS_SLICE_SERIAL,NCCL,C0_DEFAULT,2048,2048,2048,16,6,1048576,41,0,2256.896,2263.552,2526.944,263.392,PASS,0
PHASEB_formal_rs_C0_DEFAULT_N2048_q16_rep3,1,4,1,sm_89,RS_SLICE_SERIAL,NCCL,C0_DEFAULT,2048,2048,2048,16,7,1048576,41,0,2635.456,2642.080,2901.536,259.456,PASS,0
PHASEB_formal_rs_C0_DEFAULT_N2048_q16_rep3,1,4,1,sm_89,RS_SLICE_SERIAL,NCCL,C0_DEFAULT,2048,2048,2048,16,8,1048576,41,0,2985.728,2992.384,3255.296,262.912,PASS,0
PHASEB_formal_rs_C0_DEFAULT_N2048_q16_rep3,1,4,1,sm_89,RS_SLICE_SERIAL,NCCL,C0_DEFAULT,2048,2048,2048,16,9,1048576,41,0,3350.272,3357.024,3617.216,260.192,PASS,0
PHASEB_formal_rs_C0_DEFAULT_N2048_q16_rep3,1,4,1,sm_89,RS_SLICE_SERIAL,NCCL,C0_DEFAULT,2048,2048,2048,16,10,1048576,41,0,3698.432,3705.440,3966.880,261.440,PASS,0
PHASEB_formal_rs_C0_DEFAULT_N2048_q16_rep3,1,4,1,sm_89,RS_SLICE_SERIAL,NCCL,C0_DEFAULT,2048,2048,2048,16,11,1048576,41,0,4064.608,4071.424,4332.768,261.344,PASS,0
PHASEB_formal_rs_C0_DEFAULT_N2048_q16_rep3,1,4,1,sm_89,RS_SLICE_SERIAL,NCCL,C0_DEFAULT,2048,2048,2048,16,12,1048576,41,0,4424.992,4430.592,4691.712,261.120,PASS,0
PHASEB_formal_rs_C0_DEFAULT_N2048_q16_rep3,1,4,1,sm_89,RS_SLICE_SERIAL,NCCL,C0_DEFAULT,2048,2048,2048,16,13,1048576,41,0,4772.544,4778.080,5037.984,259.904,PASS,0
PHASEB_formal_rs_C0_DEFAULT_N2048_q16_rep3,1,4,1,sm_89,RS_SLICE_SERIAL,NCCL,C0_DEFAULT,2048,2048,2048,16,14,1048576,41,0,5130.656,5136.128,5399.040,262.912,PASS,0
PHASEB_formal_rs_C0_DEFAULT_N2048_q16_rep3,1,4,1,sm_89,RS_SLICE_SERIAL,NCCL,C0_DEFAULT,2048,2048,2048,16,15,1048576,41,0,5494.912,5501.824,5761.024,259.200,PASS,0
PHASEB_formal_rs_C0_DEFAULT_N2048_q16_rep3,1,4,1,sm_89,RS_SLICE_SERIAL,NCCL,C0_DEFAULT,2048,2048,2048,16,0,1048576,42,0,113.280,121.088,382.880,261.792,PASS,0
PHASEB_formal_rs_C0_DEFAULT_N2048_q16_rep3,1,4,1,sm_89,RS_SLICE_SERIAL,NCCL,C0_DEFAULT,2048,2048,2048,16,1,1048576,42,0,473.632,479.168,741.568,262.400,PASS,0
PHASEB_formal_rs_C0_DEFAULT_N2048_q16_rep3,1,4,1,sm_89,RS_SLICE_SERIAL,NCCL,C0_DEFAULT,2048,2048,2048,16,2,1048576,42,0,831.584,837.504,1098.720,261.216,PASS,0
PHASEB_formal_rs_C0_DEFAULT_N2048_q16_rep3,1,4,1,sm_89,RS_SLICE_SERIAL,NCCL,C0_DEFAULT,2048,2048,2048,16,3,1048576,42,0,1186.944,1192.640,1455.296,262.656,PASS,0
PHASEB_formal_rs_C0_DEFAULT_N2048_q16_rep3,1,4,1,sm_89,RS_SLICE_SERIAL,NCCL,C0_DEFAULT,2048,2048,2048,16,4,1048576,42,0,1537.472,1543.104,1807.296,264.192,PASS,0
PHASEB_formal_rs_C0_DEFAULT_N2048_q16_rep3,1,4,1,sm_89,RS_SLICE_SERIAL,NCCL,C0_DEFAULT,2048,2048,2048,16,5,1048576,42,0,1894.176,1900.704,2162.976,262.272,PASS,0
PHASEB_formal_rs_C0_DEFAULT_N2048_q16_rep3,1,4,1,sm_89,RS_SLICE_SERIAL,NCCL,C0_DEFAULT,2048,2048,2048,16,6,1048576,42,0,2247.232,2253.088,2513.248,260.160,PASS,0
PHASEB_formal_rs_C0_DEFAULT_N2048_q16_rep3,1,4,1,sm_89,RS_SLICE_SERIAL,NCCL,C0_DEFAULT,2048,2048,2048,16,7,1048576,42,0,2596.384,2602.464,2864.384,261.920,PASS,0
PHASEB_formal_rs_C0_DEFAULT_N2048_q16_rep3,1,4,1,sm_89,RS_SLICE_SERIAL,NCCL,C0_DEFAULT,2048,2048,2048,16,8,1048576,42,0,2947.712,2953.536,3215.584,262.048,PASS,0
PHASEB_formal_rs_C0_DEFAULT_N2048_q16_rep3,1,4,1,sm_89,RS_SLICE_SERIAL,NCCL,C0_DEFAULT,2048,2048,2048,16,9,1048576,42,0,3307.520,3313.664,3575.648,261.984,PASS,0
PHASEB_formal_rs_C0_DEFAULT_N2048_q16_rep3,1,4,1,sm_89,RS_SLICE_SERIAL,NCCL,C0_DEFAULT,2048,2048,2048,16,10,1048576,42,0,3657.536,3663.232,3926.240,263.008,PASS,0
PHASEB_formal_rs_C0_DEFAULT_N2048_q16_rep3,1,4,1,sm_89,RS_SLICE_SERIAL,NCCL,C0_DEFAULT,2048,2048,2048,16,11,1048576,42,0,4005.536,4011.168,4271.424,260.256,PASS,0
PHASEB_formal_rs_C0_DEFAULT_N2048_q16_rep3,1,4,1,sm_89,RS_SLICE_SERIAL,NCCL,C0_DEFAULT,2048,2048,2048,16,12,1048576,42,0,4378.080,4383.552,4646.880,263.328,PASS,0
PHASEB_formal_rs_C0_DEFAULT_N2048_q16_rep3,1,4,1,sm_89,RS_SLICE_SERIAL,NCCL,C0_DEFAULT,2048,2048,2048,16,13,1048576,42,0,4749.280,4755.840,5017.088,261.248,PASS,0
PHASEB_formal_rs_C0_DEFAULT_N2048_q16_rep3,1,4,1,sm_89,RS_SLICE_SERIAL,NCCL,C0_DEFAULT,2048,2048,2048,16,14,1048576,42,0,5100.192,5105.536,5366.112,260.576,PASS,0
PHASEB_formal_rs_C0_DEFAULT_N2048_q16_rep3,1,4,1,sm_89,RS_SLICE_SERIAL,NCCL,C0_DEFAULT,2048,2048,2048,16,15,1048576,42,0,5461.568,5468.320,5726.208,257.888,PASS,0
PHASEB_formal_rs_C0_DEFAULT_N2048_q16_rep3,1,4,1,sm_89,RS_SLICE_SERIAL,NCCL,C0_DEFAULT,2048,2048,2048,16,0,1048576,43,0,116.928,124.672,386.784,262.112,PASS,0
PHASEB_formal_rs_C0_DEFAULT_N2048_q16_rep3,1,4,1,sm_89,RS_SLICE_SERIAL,NCCL,C0_DEFAULT,2048,2048,2048,16,1,1048576,43,0,468.288,474.272,734.336,260.064,PASS,0
PHASEB_formal_rs_C0_DEFAULT_N2048_q16_rep3,1,4,1,sm_89,RS_SLICE_SERIAL,NCCL,C0_DEFAULT,2048,2048,2048,16,2,1048576,43,0,823.616,828.992,1092.256,263.264,PASS,0
PHASEB_formal_rs_C0_DEFAULT_N2048_q16_rep3,1,4,1,sm_89,RS_SLICE_SERIAL,NCCL,C0_DEFAULT,2048,2048,2048,16,3,1048576,43,0,1180.800,1187.744,1449.280,261.536,PASS,0
PHASEB_formal_rs_C0_DEFAULT_N2048_q16_rep3,1,4,1,sm_89,RS_SLICE_SERIAL,NCCL,C0_DEFAULT,2048,2048,2048,16,4,1048576,43,0,1543.680,1549.792,1810.976,261.184,PASS,0
PHASEB_formal_rs_C0_DEFAULT_N2048_q16_rep3,1,4,1,sm_89,RS_SLICE_SERIAL,NCCL,C0_DEFAULT,2048,2048,2048,16,5,1048576,43,0,1900.864,1906.912,2168.608,261.696,PASS,0
PHASEB_formal_rs_C0_DEFAULT_N2048_q16_rep3,1,4,1,sm_89,RS_SLICE_SERIAL,NCCL,C0_DEFAULT,2048,2048,2048,16,6,1048576,43,0,2252.192,2258.016,2520.416,262.400,PASS,0
PHASEB_formal_rs_C0_DEFAULT_N2048_q16_rep3,1,4,1,sm_89,RS_SLICE_SERIAL,NCCL,C0_DEFAULT,2048,2048,2048,16,7,1048576,43,0,2613.216,2618.848,2880.160,261.312,PASS,0
PHASEB_formal_rs_C0_DEFAULT_N2048_q16_rep3,1,4,1,sm_89,RS_SLICE_SERIAL,NCCL,C0_DEFAULT,2048,2048,2048,16,8,1048576,43,0,2979.104,2984.608,3247.680,263.072,PASS,0
PHASEB_formal_rs_C0_DEFAULT_N2048_q16_rep3,1,4,1,sm_89,RS_SLICE_SERIAL,NCCL,C0_DEFAULT,2048,2048,2048,16,9,1048576,43,0,3329.856,3335.552,3598.944,263.392,PASS,0
PHASEB_formal_rs_C0_DEFAULT_N2048_q16_rep3,1,4,1,sm_89,RS_SLICE_SERIAL,NCCL,C0_DEFAULT,2048,2048,2048,16,10,1048576,43,0,3687.840,3693.504,3955.456,261.952,PASS,0
PHASEB_formal_rs_C0_DEFAULT_N2048_q16_rep3,1,4,1,sm_89,RS_SLICE_SERIAL,NCCL,C0_DEFAULT,2048,2048,2048,16,11,1048576,43,0,4051.904,4058.080,4317.888,259.808,PASS,0
PHASEB_formal_rs_C0_DEFAULT_N2048_q16_rep3,1,4,1,sm_89,RS_SLICE_SERIAL,NCCL,C0_DEFAULT,2048,2048,2048,16,12,1048576,43,0,4408.256,4413.984,4676.224,262.240,PASS,0
PHASEB_formal_rs_C0_DEFAULT_N2048_q16_rep3,1,4,1,sm_89,RS_SLICE_SERIAL,NCCL,C0_DEFAULT,2048,2048,2048,16,13,1048576,43,0,4764.864,4770.272,5031.744,261.472,PASS,0
PHASEB_formal_rs_C0_DEFAULT_N2048_q16_rep3,1,4,1,sm_89,RS_SLICE_SERIAL,NCCL,C0_DEFAULT,2048,2048,2048,16,14,1048576,43,0,5134.880,5140.256,5401.600,261.344,PASS,0
PHASEB_formal_rs_C0_DEFAULT_N2048_q16_rep3,1,4,1,sm_89,RS_SLICE_SERIAL,NCCL,C0_DEFAULT,2048,2048,2048,16,15,1048576,43,0,5483.520,5490.080,5749.536,259.456,PASS,0
PHASEB_formal_rs_C0_DEFAULT_N2048_q16_rep3,1,4,1,sm_89,RS_SLICE_SERIAL,NCCL,C0_DEFAULT,2048,2048,2048,16,0,1048576,44,0,109.856,117.600,380.384,262.784,PASS,0
PHASEB_formal_rs_C0_DEFAULT_N2048_q16_rep3,1,4,1,sm_89,RS_SLICE_SERIAL,NCCL,C0_DEFAULT,2048,2048,2048,16,1,1048576,44,0,470.528,476.864,737.248,260.384,PASS,0
PHASEB_formal_rs_C0_DEFAULT_N2048_q16_rep3,1,4,1,sm_89,RS_SLICE_SERIAL,NCCL,C0_DEFAULT,2048,2048,2048,16,2,1048576,44,0,826.592,832.544,1095.872,263.328,PASS,0
PHASEB_formal_rs_C0_DEFAULT_N2048_q16_rep3,1,4,1,sm_89,RS_SLICE_SERIAL,NCCL,C0_DEFAULT,2048,2048,2048,16,3,1048576,44,0,1184.192,1190.432,1450.976,260.544,PASS,0
PHASEB_formal_rs_C0_DEFAULT_N2048_q16_rep3,1,4,1,sm_89,RS_SLICE_SERIAL,NCCL,C0_DEFAULT,2048,2048,2048,16,4,1048576,44,0,1545.472,1551.168,1812.256,261.088,PASS,0
PHASEB_formal_rs_C0_DEFAULT_N2048_q16_rep3,1,4,1,sm_89,RS_SLICE_SERIAL,NCCL,C0_DEFAULT,2048,2048,2048,16,5,1048576,44,0,1901.728,1907.328,2169.792,262.464,PASS,0
PHASEB_formal_rs_C0_DEFAULT_N2048_q16_rep3,1,4,1,sm_89,RS_SLICE_SERIAL,NCCL,C0_DEFAULT,2048,2048,2048,16,6,1048576,44,0,2262.400,2268.064,2529.248,261.184,PASS,0
PHASEB_formal_rs_C0_DEFAULT_N2048_q16_rep3,1,4,1,sm_89,RS_SLICE_SERIAL,NCCL,C0_DEFAULT,2048,2048,2048,16,7,1048576,44,0,2631.328,2637.440,2898.304,260.864,PASS,0
PHASEB_formal_rs_C0_DEFAULT_N2048_q16_rep3,1,4,1,sm_89,RS_SLICE_SERIAL,NCCL,C0_DEFAULT,2048,2048,2048,16,8,1048576,44,0,2982.432,2988.160,3251.424,263.264,PASS,0
PHASEB_formal_rs_C0_DEFAULT_N2048_q16_rep3,1,4,1,sm_89,RS_SLICE_SERIAL,NCCL,C0_DEFAULT,2048,2048,2048,16,9,1048576,44,0,3335.680,3341.824,3601.728,259.904,PASS,0
PHASEB_formal_rs_C0_DEFAULT_N2048_q16_rep3,1,4,1,sm_89,RS_SLICE_SERIAL,NCCL,C0_DEFAULT,2048,2048,2048,16,10,1048576,44,0,3695.232,3701.568,3965.568,264.000,PASS,0
PHASEB_formal_rs_C0_DEFAULT_N2048_q16_rep3,1,4,1,sm_89,RS_SLICE_SERIAL,NCCL,C0_DEFAULT,2048,2048,2048,16,11,1048576,44,0,4046.080,4051.904,4311.712,259.808,PASS,0
PHASEB_formal_rs_C0_DEFAULT_N2048_q16_rep3,1,4,1,sm_89,RS_SLICE_SERIAL,NCCL,C0_DEFAULT,2048,2048,2048,16,12,1048576,44,0,4411.712,4417.120,4676.928,259.808,PASS,0
PHASEB_formal_rs_C0_DEFAULT_N2048_q16_rep3,1,4,1,sm_89,RS_SLICE_SERIAL,NCCL,C0_DEFAULT,2048,2048,2048,16,13,1048576,44,0,4770.304,4776.032,5037.056,261.024,PASS,0
PHASEB_formal_rs_C0_DEFAULT_N2048_q16_rep3,1,4,1,sm_89,RS_SLICE_SERIAL,NCCL,C0_DEFAULT,2048,2048,2048,16,14,1048576,44,0,5122.720,5128.320,5388.608,260.288,PASS,0
PHASEB_formal_rs_C0_DEFAULT_N2048_q16_rep3,1,4,1,sm_89,RS_SLICE_SERIAL,NCCL,C0_DEFAULT,2048,2048,2048,16,15,1048576,44,0,5479.744,5486.400,5744.704,258.304,PASS,0
PHASEB_formal_rs_C0_DEFAULT_N2048_q16_rep3,1,4,1,sm_89,RS_SLICE_SERIAL,NCCL,C0_DEFAULT,2048,2048,2048,16,0,1048576,45,0,120.128,127.520,387.552,260.032,PASS,0
PHASEB_formal_rs_C0_DEFAULT_N2048_q16_rep3,1,4,1,sm_89,RS_SLICE_SERIAL,NCCL,C0_DEFAULT,2048,2048,2048,16,1,1048576,45,0,469.728,475.872,737.632,261.760,PASS,0
PHASEB_formal_rs_C0_DEFAULT_N2048_q16_rep3,1,4,1,sm_89,RS_SLICE_SERIAL,NCCL,C0_DEFAULT,2048,2048,2048,16,2,1048576,45,0,840.416,846.592,1109.280,262.688,PASS,0
PHASEB_formal_rs_C0_DEFAULT_N2048_q16_rep3,1,4,1,sm_89,RS_SLICE_SERIAL,NCCL,C0_DEFAULT,2048,2048,2048,16,3,1048576,45,0,1205.824,1211.584,1471.552,259.968,PASS,0
PHASEB_formal_rs_C0_DEFAULT_N2048_q16_rep3,1,4,1,sm_89,RS_SLICE_SERIAL,NCCL,C0_DEFAULT,2048,2048,2048,16,4,1048576,45,0,1563.968,1569.952,1832.416,262.464,PASS,0
PHASEB_formal_rs_C0_DEFAULT_N2048_q16_rep3,1,4,1,sm_89,RS_SLICE_SERIAL,NCCL,C0_DEFAULT,2048,2048,2048,16,5,1048576,45,0,1928.192,1934.240,2196.128,261.888,PASS,0
PHASEB_formal_rs_C0_DEFAULT_N2048_q16_rep3,1,4,1,sm_89,RS_SLICE_SERIAL,NCCL,C0_DEFAULT,2048,2048,2048,16,6,1048576,45,0,2282.944,2288.672,2553.536,264.864,PASS,0
PHASEB_formal_rs_C0_DEFAULT_N2048_q16_rep3,1,4,1,sm_89,RS_SLICE_SERIAL,NCCL,C0_DEFAULT,2048,2048,2048,16,7,1048576,45,0,2638.272,2644.672,2904.640,259.968,PASS,0
PHASEB_formal_rs_C0_DEFAULT_N2048_q16_rep3,1,4,1,sm_89,RS_SLICE_SERIAL,NCCL,C0_DEFAULT,2048,2048,2048,16,8,1048576,45,0,2985.824,2991.392,3253.184,261.792,PASS,0
PHASEB_formal_rs_C0_DEFAULT_N2048_q16_rep3,1,4,1,sm_89,RS_SLICE_SERIAL,NCCL,C0_DEFAULT,2048,2048,2048,16,9,1048576,45,0,3343.232,3349.312,3611.328,262.016,PASS,0
PHASEB_formal_rs_C0_DEFAULT_N2048_q16_rep3,1,4,1,sm_89,RS_SLICE_SERIAL,NCCL,C0_DEFAULT,2048,2048,2048,16,10,1048576,45,0,3693.504,3699.776,3961.728,261.952,PASS,0
PHASEB_formal_rs_C0_DEFAULT_N2048_q16_rep3,1,4,1,sm_89,RS_SLICE_SERIAL,NCCL,C0_DEFAULT,2048,2048,2048,16,11,1048576,45,0,4042.272,4048.608,4308.736,260.128,PASS,0
PHASEB_formal_rs_C0_DEFAULT_N2048_q16_rep3,1,4,1,sm_89,RS_SLICE_SERIAL,NCCL,C0_DEFAULT,2048,2048,2048,16,12,1048576,45,0,4392.640,4398.560,4658.336,259.776,PASS,0
PHASEB_formal_rs_C0_DEFAULT_N2048_q16_rep3,1,4,1,sm_89,RS_SLICE_SERIAL,NCCL,C0_DEFAULT,2048,2048,2048,16,13,1048576,45,0,4739.008,4744.736,5005.440,260.704,PASS,0
PHASEB_formal_rs_C0_DEFAULT_N2048_q16_rep3,1,4,1,sm_89,RS_SLICE_SERIAL,NCCL,C0_DEFAULT,2048,2048,2048,16,14,1048576,45,0,5086.912,5092.448,5355.552,263.104,PASS,0
PHASEB_formal_rs_C0_DEFAULT_N2048_q16_rep3,1,4,1,sm_89,RS_SLICE_SERIAL,NCCL,C0_DEFAULT,2048,2048,2048,16,15,1048576,45,0,5446.304,5453.056,5711.712,258.656,PASS,0
PHASEB_formal_rs_C0_DEFAULT_N2048_q16_rep3,1,4,1,sm_89,RS_SLICE_SERIAL,NCCL,C0_DEFAULT,2048,2048,2048,16,0,1048576,46,0,116.640,124.000,385.408,261.408,PASS,0
PHASEB_formal_rs_C0_DEFAULT_N2048_q16_rep3,1,4,1,sm_89,RS_SLICE_SERIAL,NCCL,C0_DEFAULT,2048,2048,2048,16,1,1048576,46,0,466.624,472.896,734.048,261.152,PASS,0
PHASEB_formal_rs_C0_DEFAULT_N2048_q16_rep3,1,4,1,sm_89,RS_SLICE_SERIAL,NCCL,C0_DEFAULT,2048,2048,2048,16,2,1048576,46,0,823.232,829.248,1090.688,261.440,PASS,0
PHASEB_formal_rs_C0_DEFAULT_N2048_q16_rep3,1,4,1,sm_89,RS_SLICE_SERIAL,NCCL,C0_DEFAULT,2048,2048,2048,16,3,1048576,46,0,1170.240,1175.776,1436.160,260.384,PASS,0
PHASEB_formal_rs_C0_DEFAULT_N2048_q16_rep3,1,4,1,sm_89,RS_SLICE_SERIAL,NCCL,C0_DEFAULT,2048,2048,2048,16,4,1048576,46,0,1528.448,1534.464,1796.512,262.048,PASS,0
PHASEB_formal_rs_C0_DEFAULT_N2048_q16_rep3,1,4,1,sm_89,RS_SLICE_SERIAL,NCCL,C0_DEFAULT,2048,2048,2048,16,5,1048576,46,0,1916.608,1922.528,2185.024,262.496,PASS,0
PHASEB_formal_rs_C0_DEFAULT_N2048_q16_rep3,1,4,1,sm_89,RS_SLICE_SERIAL,NCCL,C0_DEFAULT,2048,2048,2048,16,6,1048576,46,0,2270.816,2276.544,2539.872,263.328,PASS,0
PHASEB_formal_rs_C0_DEFAULT_N2048_q16_rep3,1,4,1,sm_89,RS_SLICE_SERIAL,NCCL,C0_DEFAULT,2048,2048,2048,16,7,1048576,46,0,2632.640,2638.240,2898.720,260.480,PASS,0
PHASEB_formal_rs_C0_DEFAULT_N2048_q16_rep3,1,4,1,sm_89,RS_SLICE_SERIAL,NCCL,C0_DEFAULT,2048,2048,2048,16,8,1048576,46,0,3000.640,3006.816,3267.744,260.928,PASS,0
PHASEB_formal_rs_C0_DEFAULT_N2048_q16_rep3,1,4,1,sm_89,RS_SLICE_SERIAL,NCCL,C0_DEFAULT,2048,2048,2048,16,9,1048576,46,0,3350.240,3356.512,3618.336,261.824,PASS,0
PHASEB_formal_rs_C0_DEFAULT_N2048_q16_rep3,1,4,1,sm_89,RS_SLICE_SERIAL,NCCL,C0_DEFAULT,2048,2048,2048,16,10,1048576,46,0,3708.992,3715.072,3978.112,263.040,PASS,0
PHASEB_formal_rs_C0_DEFAULT_N2048_q16_rep3,1,4,1,sm_89,RS_SLICE_SERIAL,NCCL,C0_DEFAULT,2048,2048,2048,16,11,1048576,46,0,4059.552,4065.408,4326.240,260.832,PASS,0
PHASEB_formal_rs_C0_DEFAULT_N2048_q16_rep3,1,4,1,sm_89,RS_SLICE_SERIAL,NCCL,C0_DEFAULT,2048,2048,2048,16,12,1048576,46,0,4436.864,4442.688,4706.016,263.328,PASS,0
PHASEB_formal_rs_C0_DEFAULT_N2048_q16_rep3,1,4,1,sm_89,RS_SLICE_SERIAL,NCCL,C0_DEFAULT,2048,2048,2048,16,13,1048576,46,0,4796.736,4802.880,5063.456,260.576,PASS,0
PHASEB_formal_rs_C0_DEFAULT_N2048_q16_rep3,1,4,1,sm_89,RS_SLICE_SERIAL,NCCL,C0_DEFAULT,2048,2048,2048,16,14,1048576,46,0,5151.104,5156.672,5416.736,260.064,PASS,0
PHASEB_formal_rs_C0_DEFAULT_N2048_q16_rep3,1,4,1,sm_89,RS_SLICE_SERIAL,NCCL,C0_DEFAULT,2048,2048,2048,16,15,1048576,46,0,5498.784,5505.440,5763.488,258.048,PASS,0
PHASEB_formal_rs_C0_DEFAULT_N2048_q16_rep3,1,4,1,sm_89,RS_SLICE_SERIAL,NCCL,C0_DEFAULT,2048,2048,2048,16,0,1048576,47,0,114.304,121.824,381.632,259.808,PASS,0
PHASEB_formal_rs_C0_DEFAULT_N2048_q16_rep3,1,4,1,sm_89,RS_SLICE_SERIAL,NCCL,C0_DEFAULT,2048,2048,2048,16,1,1048576,47,0,473.472,479.456,740.384,260.928,PASS,0
PHASEB_formal_rs_C0_DEFAULT_N2048_q16_rep3,1,4,1,sm_89,RS_SLICE_SERIAL,NCCL,C0_DEFAULT,2048,2048,2048,16,2,1048576,47,0,826.016,831.904,1095.680,263.776,PASS,0
PHASEB_formal_rs_C0_DEFAULT_N2048_q16_rep3,1,4,1,sm_89,RS_SLICE_SERIAL,NCCL,C0_DEFAULT,2048,2048,2048,16,3,1048576,47,0,1176.800,1183.200,1444.224,261.024,PASS,0
PHASEB_formal_rs_C0_DEFAULT_N2048_q16_rep3,1,4,1,sm_89,RS_SLICE_SERIAL,NCCL,C0_DEFAULT,2048,2048,2048,16,4,1048576,47,0,1537.248,1543.104,1803.264,260.160,PASS,0
PHASEB_formal_rs_C0_DEFAULT_N2048_q16_rep3,1,4,1,sm_89,RS_SLICE_SERIAL,NCCL,C0_DEFAULT,2048,2048,2048,16,5,1048576,47,0,1883.296,1889.024,2151.392,262.368,PASS,0
PHASEB_formal_rs_C0_DEFAULT_N2048_q16_rep3,1,4,1,sm_89,RS_SLICE_SERIAL,NCCL,C0_DEFAULT,2048,2048,2048,16,6,1048576,47,0,2233.824,2239.616,2500.928,261.312,PASS,0
PHASEB_formal_rs_C0_DEFAULT_N2048_q16_rep3,1,4,1,sm_89,RS_SLICE_SERIAL,NCCL,C0_DEFAULT,2048,2048,2048,16,7,1048576,47,0,2584.896,2590.624,2852.992,262.368,PASS,0
PHASEB_formal_rs_C0_DEFAULT_N2048_q16_rep3,1,4,1,sm_89,RS_SLICE_SERIAL,NCCL,C0_DEFAULT,2048,2048,2048,16,8,1048576,47,0,2946.112,2951.680,3214.144,262.464,PASS,0
PHASEB_formal_rs_C0_DEFAULT_N2048_q16_rep3,1,4,1,sm_89,RS_SLICE_SERIAL,NCCL,C0_DEFAULT,2048,2048,2048,16,9,1048576,47,0,3297.088,3302.688,3563.328,260.640,PASS,0
PHASEB_formal_rs_C0_DEFAULT_N2048_q16_rep3,1,4,1,sm_89,RS_SLICE_SERIAL,NCCL,C0_DEFAULT,2048,2048,2048,16,10,1048576,47,0,3645.440,3651.360,3913.920,262.560,PASS,0
PHASEB_formal_rs_C0_DEFAULT_N2048_q16_rep3,1,4,1,sm_89,RS_SLICE_SERIAL,NCCL,C0_DEFAULT,2048,2048,2048,16,11,1048576,47,0,4011.744,4018.816,4279.552,260.736,PASS,0
PHASEB_formal_rs_C0_DEFAULT_N2048_q16_rep3,1,4,1,sm_89,RS_SLICE_SERIAL,NCCL,C0_DEFAULT,2048,2048,2048,16,12,1048576,47,0,4392.032,4397.504,4658.560,261.056,PASS,0
PHASEB_formal_rs_C0_DEFAULT_N2048_q16_rep3,1,4,1,sm_89,RS_SLICE_SERIAL,NCCL,C0_DEFAULT,2048,2048,2048,16,13,1048576,47,0,4748.672,4754.400,5015.360,260.960,PASS,0
PHASEB_formal_rs_C0_DEFAULT_N2048_q16_rep3,1,4,1,sm_89,RS_SLICE_SERIAL,NCCL,C0_DEFAULT,2048,2048,2048,16,14,1048576,47,0,5097.920,5103.328,5362.560,259.232,PASS,0
PHASEB_formal_rs_C0_DEFAULT_N2048_q16_rep3,1,4,1,sm_89,RS_SLICE_SERIAL,NCCL,C0_DEFAULT,2048,2048,2048,16,15,1048576,47,0,5452.544,5459.200,5718.336,259.136,PASS,0
PHASEB_formal_rs_C0_DEFAULT_N2048_q16_rep3,1,4,1,sm_89,RS_SLICE_SERIAL,NCCL,C0_DEFAULT,2048,2048,2048,16,0,1048576,48,0,117.248,125.120,387.616,262.496,PASS,0
PHASEB_formal_rs_C0_DEFAULT_N2048_q16_rep3,1,4,1,sm_89,RS_SLICE_SERIAL,NCCL,C0_DEFAULT,2048,2048,2048,16,1,1048576,48,0,466.240,472.544,732.544,260.000,PASS,0
PHASEB_formal_rs_C0_DEFAULT_N2048_q16_rep3,1,4,1,sm_89,RS_SLICE_SERIAL,NCCL,C0_DEFAULT,2048,2048,2048,16,2,1048576,48,0,824.672,831.008,1093.344,262.336,PASS,0
PHASEB_formal_rs_C0_DEFAULT_N2048_q16_rep3,1,4,1,sm_89,RS_SLICE_SERIAL,NCCL,C0_DEFAULT,2048,2048,2048,16,3,1048576,48,0,1175.456,1181.472,1444.256,262.784,PASS,0
PHASEB_formal_rs_C0_DEFAULT_N2048_q16_rep3,1,4,1,sm_89,RS_SLICE_SERIAL,NCCL,C0_DEFAULT,2048,2048,2048,16,4,1048576,48,0,1540.256,1546.336,1808.192,261.856,PASS,0
PHASEB_formal_rs_C0_DEFAULT_N2048_q16_rep3,1,4,1,sm_89,RS_SLICE_SERIAL,NCCL,C0_DEFAULT,2048,2048,2048,16,5,1048576,48,0,1907.808,1914.016,2177.184,263.168,PASS,0
PHASEB_formal_rs_C0_DEFAULT_N2048_q16_rep3,1,4,1,sm_89,RS_SLICE_SERIAL,NCCL,C0_DEFAULT,2048,2048,2048,16,6,1048576,48,0,2277.024,2282.560,2542.784,260.224,PASS,0
PHASEB_formal_rs_C0_DEFAULT_N2048_q16_rep3,1,4,1,sm_89,RS_SLICE_SERIAL,NCCL,C0_DEFAULT,2048,2048,2048,16,7,1048576,48,0,2622.720,2628.672,2889.696,261.024,PASS,0
PHASEB_formal_rs_C0_DEFAULT_N2048_q16_rep3,1,4,1,sm_89,RS_SLICE_SERIAL,NCCL,C0_DEFAULT,2048,2048,2048,16,8,1048576,48,0,2970.784,2976.896,3239.712,262.816,PASS,0
PHASEB_formal_rs_C0_DEFAULT_N2048_q16_rep3,1,4,1,sm_89,RS_SLICE_SERIAL,NCCL,C0_DEFAULT,2048,2048,2048,16,9,1048576,48,0,3333.280,3339.680,3599.872,260.192,PASS,0
PHASEB_formal_rs_C0_DEFAULT_N2048_q16_rep3,1,4,1,sm_89,RS_SLICE_SERIAL,NCCL,C0_DEFAULT,2048,2048,2048,16,10,1048576,48,0,3682.560,3688.512,3952.384,263.872,PASS,0
PHASEB_formal_rs_C0_DEFAULT_N2048_q16_rep3,1,4,1,sm_89,RS_SLICE_SERIAL,NCCL,C0_DEFAULT,2048,2048,2048,16,11,1048576,48,0,4039.840,4045.536,4305.664,260.128,PASS,0
PHASEB_formal_rs_C0_DEFAULT_N2048_q16_rep3,1,4,1,sm_89,RS_SLICE_SERIAL,NCCL,C0_DEFAULT,2048,2048,2048,16,12,1048576,48,0,4389.728,4395.616,4657.216,261.600,PASS,0
PHASEB_formal_rs_C0_DEFAULT_N2048_q16_rep3,1,4,1,sm_89,RS_SLICE_SERIAL,NCCL,C0_DEFAULT,2048,2048,2048,16,13,1048576,48,0,4746.432,4752.608,5014.080,261.472,PASS,0
PHASEB_formal_rs_C0_DEFAULT_N2048_q16_rep3,1,4,1,sm_89,RS_SLICE_SERIAL,NCCL,C0_DEFAULT,2048,2048,2048,16,14,1048576,48,0,5110.112,5115.648,5375.936,260.288,PASS,0
PHASEB_formal_rs_C0_DEFAULT_N2048_q16_rep3,1,4,1,sm_89,RS_SLICE_SERIAL,NCCL,C0_DEFAULT,2048,2048,2048,16,15,1048576,48,0,5464.800,5471.552,5729.728,258.176,PASS,0
PHASEB_formal_rs_C0_DEFAULT_N2048_q16_rep3,1,4,1,sm_89,RS_SLICE_SERIAL,NCCL,C0_DEFAULT,2048,2048,2048,16,0,1048576,49,0,111.808,119.360,379.520,260.160,PASS,0
PHASEB_formal_rs_C0_DEFAULT_N2048_q16_rep3,1,4,1,sm_89,RS_SLICE_SERIAL,NCCL,C0_DEFAULT,2048,2048,2048,16,1,1048576,49,0,469.120,474.752,735.968,261.216,PASS,0
PHASEB_formal_rs_C0_DEFAULT_N2048_q16_rep3,1,4,1,sm_89,RS_SLICE_SERIAL,NCCL,C0_DEFAULT,2048,2048,2048,16,2,1048576,49,0,824.608,830.400,1092.384,261.984,PASS,0
PHASEB_formal_rs_C0_DEFAULT_N2048_q16_rep3,1,4,1,sm_89,RS_SLICE_SERIAL,NCCL,C0_DEFAULT,2048,2048,2048,16,3,1048576,49,0,1182.400,1187.968,1449.024,261.056,PASS,0
PHASEB_formal_rs_C0_DEFAULT_N2048_q16_rep3,1,4,1,sm_89,RS_SLICE_SERIAL,NCCL,C0_DEFAULT,2048,2048,2048,16,4,1048576,49,0,1555.680,1561.920,1823.648,261.728,PASS,0
PHASEB_formal_rs_C0_DEFAULT_N2048_q16_rep3,1,4,1,sm_89,RS_SLICE_SERIAL,NCCL,C0_DEFAULT,2048,2048,2048,16,5,1048576,49,0,1914.528,1920.032,2182.336,262.304,PASS,0
PHASEB_formal_rs_C0_DEFAULT_N2048_q16_rep3,1,4,1,sm_89,RS_SLICE_SERIAL,NCCL,C0_DEFAULT,2048,2048,2048,16,6,1048576,49,0,2264.544,2270.592,2533.824,263.232,PASS,0
PHASEB_formal_rs_C0_DEFAULT_N2048_q16_rep3,1,4,1,sm_89,RS_SLICE_SERIAL,NCCL,C0_DEFAULT,2048,2048,2048,16,7,1048576,49,0,2624.896,2631.488,2892.832,261.344,PASS,0
PHASEB_formal_rs_C0_DEFAULT_N2048_q16_rep3,1,4,1,sm_89,RS_SLICE_SERIAL,NCCL,C0_DEFAULT,2048,2048,2048,16,8,1048576,49,0,2976.800,2982.432,3244.416,261.984,PASS,0
PHASEB_formal_rs_C0_DEFAULT_N2048_q16_rep3,1,4,1,sm_89,RS_SLICE_SERIAL,NCCL,C0_DEFAULT,2048,2048,2048,16,9,1048576,49,0,3335.008,3340.736,3600.640,259.904,PASS,0
PHASEB_formal_rs_C0_DEFAULT_N2048_q16_rep3,1,4,1,sm_89,RS_SLICE_SERIAL,NCCL,C0_DEFAULT,2048,2048,2048,16,10,1048576,49,0,3683.328,3689.248,3950.976,261.728,PASS,0
PHASEB_formal_rs_C0_DEFAULT_N2048_q16_rep3,1,4,1,sm_89,RS_SLICE_SERIAL,NCCL,C0_DEFAULT,2048,2048,2048,16,11,1048576,49,0,4041.472,4047.488,4307.648,260.160,PASS,0
PHASEB_formal_rs_C0_DEFAULT_N2048_q16_rep3,1,4,1,sm_89,RS_SLICE_SERIAL,NCCL,C0_DEFAULT,2048,2048,2048,16,12,1048576,49,0,4389.280,4394.784,4656.000,261.216,PASS,0
PHASEB_formal_rs_C0_DEFAULT_N2048_q16_rep3,1,4,1,sm_89,RS_SLICE_SERIAL,NCCL,C0_DEFAULT,2048,2048,2048,16,13,1048576,49,0,4752.896,4758.496,5018.016,259.520,PASS,0
PHASEB_formal_rs_C0_DEFAULT_N2048_q16_rep3,1,4,1,sm_89,RS_SLICE_SERIAL,NCCL,C0_DEFAULT,2048,2048,2048,16,14,1048576,49,0,5109.920,5115.296,5377.792,262.496,PASS,0
PHASEB_formal_rs_C0_DEFAULT_N2048_q16_rep3,1,4,1,sm_89,RS_SLICE_SERIAL,NCCL,C0_DEFAULT,2048,2048,2048,16,15,1048576,49,0,5469.664,5476.576,5735.904,259.328,PASS,0
PHASEB_formal_rs_C0_DEFAULT_N2048_q16_rep3,1,4,1,sm_89,RS_SLICE_SERIAL,NCCL,C0_DEFAULT,2048,2048,2048,16,0,1048576,50,0,118.784,126.240,387.648,261.408,PASS,0
PHASEB_formal_rs_C0_DEFAULT_N2048_q16_rep3,1,4,1,sm_89,RS_SLICE_SERIAL,NCCL,C0_DEFAULT,2048,2048,2048,16,1,1048576,50,0,468.768,474.336,736.160,261.824,PASS,0
PHASEB_formal_rs_C0_DEFAULT_N2048_q16_rep3,1,4,1,sm_89,RS_SLICE_SERIAL,NCCL,C0_DEFAULT,2048,2048,2048,16,2,1048576,50,0,828.224,833.632,1096.736,263.104,PASS,0
PHASEB_formal_rs_C0_DEFAULT_N2048_q16_rep3,1,4,1,sm_89,RS_SLICE_SERIAL,NCCL,C0_DEFAULT,2048,2048,2048,16,3,1048576,50,0,1207.584,1213.056,1472.736,259.680,PASS,0
PHASEB_formal_rs_C0_DEFAULT_N2048_q16_rep3,1,4,1,sm_89,RS_SLICE_SERIAL,NCCL,C0_DEFAULT,2048,2048,2048,16,4,1048576,50,0,1563.040,1568.960,1831.264,262.304,PASS,0
PHASEB_formal_rs_C0_DEFAULT_N2048_q16_rep3,1,4,1,sm_89,RS_SLICE_SERIAL,NCCL,C0_DEFAULT,2048,2048,2048,16,5,1048576,50,0,1914.048,1920.320,2181.664,261.344,PASS,0
PHASEB_formal_rs_C0_DEFAULT_N2048_q16_rep3,1,4,1,sm_89,RS_SLICE_SERIAL,NCCL,C0_DEFAULT,2048,2048,2048,16,6,1048576,50,0,2265.088,2271.328,2533.632,262.304,PASS,0
PHASEB_formal_rs_C0_DEFAULT_N2048_q16_rep3,1,4,1,sm_89,RS_SLICE_SERIAL,NCCL,C0_DEFAULT,2048,2048,2048,16,7,1048576,50,0,2616.864,2623.264,2884.832,261.568,PASS,0
PHASEB_formal_rs_C0_DEFAULT_N2048_q16_rep3,1,4,1,sm_89,RS_SLICE_SERIAL,NCCL,C0_DEFAULT,2048,2048,2048,16,8,1048576,50,0,2976.320,2982.176,3246.176,264.000,PASS,0
PHASEB_formal_rs_C0_DEFAULT_N2048_q16_rep3,1,4,1,sm_89,RS_SLICE_SERIAL,NCCL,C0_DEFAULT,2048,2048,2048,16,9,1048576,50,0,3328.512,3334.336,3594.240,259.904,PASS,0
PHASEB_formal_rs_C0_DEFAULT_N2048_q16_rep3,1,4,1,sm_89,RS_SLICE_SERIAL,NCCL,C0_DEFAULT,2048,2048,2048,16,10,1048576,50,0,3678.688,3684.224,3946.464,262.240,PASS,0
PHASEB_formal_rs_C0_DEFAULT_N2048_q16_rep3,1,4,1,sm_89,RS_SLICE_SERIAL,NCCL,C0_DEFAULT,2048,2048,2048,16,11,1048576,50,0,4027.648,4033.536,4294.336,260.800,PASS,0
PHASEB_formal_rs_C0_DEFAULT_N2048_q16_rep3,1,4,1,sm_89,RS_SLICE_SERIAL,NCCL,C0_DEFAULT,2048,2048,2048,16,12,1048576,50,0,4386.752,4392.288,4655.872,263.584,PASS,0
PHASEB_formal_rs_C0_DEFAULT_N2048_q16_rep3,1,4,1,sm_89,RS_SLICE_SERIAL,NCCL,C0_DEFAULT,2048,2048,2048,16,13,1048576,50,0,4743.296,4749.760,5010.912,261.152,PASS,0
PHASEB_formal_rs_C0_DEFAULT_N2048_q16_rep3,1,4,1,sm_89,RS_SLICE_SERIAL,NCCL,C0_DEFAULT,2048,2048,2048,16,14,1048576,50,0,5101.408,5106.784,5367.136,260.352,PASS,0
PHASEB_formal_rs_C0_DEFAULT_N2048_q16_rep3,1,4,1,sm_89,RS_SLICE_SERIAL,NCCL,C0_DEFAULT,2048,2048,2048,16,15,1048576,50,0,5457.056,5463.712,5722.496,258.784,PASS,0
PHASEB_formal_rs_C0_DEFAULT_N2048_q16_rep3,1,4,1,sm_89,RS_SLICE_SERIAL,NCCL,C0_DEFAULT,2048,2048,2048,16,0,1048576,51,0,125.184,132.992,394.432,261.440,PASS,0
PHASEB_formal_rs_C0_DEFAULT_N2048_q16_rep3,1,4,1,sm_89,RS_SLICE_SERIAL,NCCL,C0_DEFAULT,2048,2048,2048,16,1,1048576,51,0,482.880,488.672,748.992,260.320,PASS,0
PHASEB_formal_rs_C0_DEFAULT_N2048_q16_rep3,1,4,1,sm_89,RS_SLICE_SERIAL,NCCL,C0_DEFAULT,2048,2048,2048,16,2,1048576,51,0,838.912,844.608,1106.688,262.080,PASS,0
PHASEB_formal_rs_C0_DEFAULT_N2048_q16_rep3,1,4,1,sm_89,RS_SLICE_SERIAL,NCCL,C0_DEFAULT,2048,2048,2048,16,3,1048576,51,0,1187.008,1193.312,1454.304,260.992,PASS,0
PHASEB_formal_rs_C0_DEFAULT_N2048_q16_rep3,1,4,1,sm_89,RS_SLICE_SERIAL,NCCL,C0_DEFAULT,2048,2048,2048,16,4,1048576,51,0,1549.056,1554.912,1814.880,259.968,PASS,0
PHASEB_formal_rs_C0_DEFAULT_N2048_q16_rep3,1,4,1,sm_89,RS_SLICE_SERIAL,NCCL,C0_DEFAULT,2048,2048,2048,16,5,1048576,51,0,1905.280,1911.328,2172.768,261.440,PASS,0
PHASEB_formal_rs_C0_DEFAULT_N2048_q16_rep3,1,4,1,sm_89,RS_SLICE_SERIAL,NCCL,C0_DEFAULT,2048,2048,2048,16,6,1048576,51,0,2267.328,2273.696,2537.312,263.616,PASS,0
PHASEB_formal_rs_C0_DEFAULT_N2048_q16_rep3,1,4,1,sm_89,RS_SLICE_SERIAL,NCCL,C0_DEFAULT,2048,2048,2048,16,7,1048576,51,0,2618.656,2624.896,2885.248,260.352,PASS,0
PHASEB_formal_rs_C0_DEFAULT_N2048_q16_rep3,1,4,1,sm_89,RS_SLICE_SERIAL,NCCL,C0_DEFAULT,2048,2048,2048,16,8,1048576,51,0,2974.560,2980.576,3243.104,262.528,PASS,0
PHASEB_formal_rs_C0_DEFAULT_N2048_q16_rep3,1,4,1,sm_89,RS_SLICE_SERIAL,NCCL,C0_DEFAULT,2048,2048,2048,16,9,1048576,51,0,3324.064,3329.376,3590.560,261.184,PASS,0
PHASEB_formal_rs_C0_DEFAULT_N2048_q16_rep3,1,4,1,sm_89,RS_SLICE_SERIAL,NCCL,C0_DEFAULT,2048,2048,2048,16,10,1048576,51,0,3675.424,3680.960,3944.992,264.032,PASS,0
PHASEB_formal_rs_C0_DEFAULT_N2048_q16_rep3,1,4,1,sm_89,RS_SLICE_SERIAL,NCCL,C0_DEFAULT,2048,2048,2048,16,11,1048576,51,0,4020.736,4027.104,4287.680,260.576,PASS,0
PHASEB_formal_rs_C0_DEFAULT_N2048_q16_rep3,1,4,1,sm_89,RS_SLICE_SERIAL,NCCL,C0_DEFAULT,2048,2048,2048,16,12,1048576,51,0,4370.080,4375.488,4637.952,262.464,PASS,0
PHASEB_formal_rs_C0_DEFAULT_N2048_q16_rep3,1,4,1,sm_89,RS_SLICE_SERIAL,NCCL,C0_DEFAULT,2048,2048,2048,16,13,1048576,51,0,4730.656,4736.352,4996.608,260.256,PASS,0
PHASEB_formal_rs_C0_DEFAULT_N2048_q16_rep3,1,4,1,sm_89,RS_SLICE_SERIAL,NCCL,C0_DEFAULT,2048,2048,2048,16,14,1048576,51,0,5078.368,5084.128,5343.552,259.424,PASS,0
PHASEB_formal_rs_C0_DEFAULT_N2048_q16_rep3,1,4,1,sm_89,RS_SLICE_SERIAL,NCCL,C0_DEFAULT,2048,2048,2048,16,15,1048576,51,0,5440.320,5447.072,5705.888,258.816,PASS,0
PHASEB_formal_rs_C0_DEFAULT_N2048_q16_rep3,1,4,1,sm_89,RS_SLICE_SERIAL,NCCL,C0_DEFAULT,2048,2048,2048,16,0,1048576,52,0,110.688,118.112,381.472,263.360,PASS,0
PHASEB_formal_rs_C0_DEFAULT_N2048_q16_rep3,1,4,1,sm_89,RS_SLICE_SERIAL,NCCL,C0_DEFAULT,2048,2048,2048,16,1,1048576,52,0,471.808,478.336,739.744,261.408,PASS,0
PHASEB_formal_rs_C0_DEFAULT_N2048_q16_rep3,1,4,1,sm_89,RS_SLICE_SERIAL,NCCL,C0_DEFAULT,2048,2048,2048,16,2,1048576,52,0,820.960,826.880,1089.952,263.072,PASS,0
PHASEB_formal_rs_C0_DEFAULT_N2048_q16_rep3,1,4,1,sm_89,RS_SLICE_SERIAL,NCCL,C0_DEFAULT,2048,2048,2048,16,3,1048576,52,0,1183.648,1189.696,1451.296,261.600,PASS,0
PHASEB_formal_rs_C0_DEFAULT_N2048_q16_rep3,1,4,1,sm_89,RS_SLICE_SERIAL,NCCL,C0_DEFAULT,2048,2048,2048,16,4,1048576,52,0,1543.040,1548.672,1810.688,262.016,PASS,0
PHASEB_formal_rs_C0_DEFAULT_N2048_q16_rep3,1,4,1,sm_89,RS_SLICE_SERIAL,NCCL,C0_DEFAULT,2048,2048,2048,16,5,1048576,52,0,1894.688,1900.768,2161.920,261.152,PASS,0
PHASEB_formal_rs_C0_DEFAULT_N2048_q16_rep3,1,4,1,sm_89,RS_SLICE_SERIAL,NCCL,C0_DEFAULT,2048,2048,2048,16,6,1048576,52,0,2260.576,2266.304,2527.328,261.024,PASS,0
PHASEB_formal_rs_C0_DEFAULT_N2048_q16_rep3,1,4,1,sm_89,RS_SLICE_SERIAL,NCCL,C0_DEFAULT,2048,2048,2048,16,7,1048576,52,0,2614.336,2619.872,2881.024,261.152,PASS,0
PHASEB_formal_rs_C0_DEFAULT_N2048_q16_rep3,1,4,1,sm_89,RS_SLICE_SERIAL,NCCL,C0_DEFAULT,2048,2048,2048,16,8,1048576,52,0,2964.256,2970.464,3235.584,265.120,PASS,0
PHASEB_formal_rs_C0_DEFAULT_N2048_q16_rep3,1,4,1,sm_89,RS_SLICE_SERIAL,NCCL,C0_DEFAULT,2048,2048,2048,16,9,1048576,52,0,3316.288,3322.880,3582.400,259.520,PASS,0
PHASEB_formal_rs_C0_DEFAULT_N2048_q16_rep3,1,4,1,sm_89,RS_SLICE_SERIAL,NCCL,C0_DEFAULT,2048,2048,2048,16,10,1048576,52,0,3666.912,3672.480,3934.720,262.240,PASS,0
PHASEB_formal_rs_C0_DEFAULT_N2048_q16_rep3,1,4,1,sm_89,RS_SLICE_SERIAL,NCCL,C0_DEFAULT,2048,2048,2048,16,11,1048576,52,0,4015.424,4021.696,4281.632,259.936,PASS,0
PHASEB_formal_rs_C0_DEFAULT_N2048_q16_rep3,1,4,1,sm_89,RS_SLICE_SERIAL,NCCL,C0_DEFAULT,2048,2048,2048,16,12,1048576,52,0,4377.696,4383.488,4645.376,261.888,PASS,0
PHASEB_formal_rs_C0_DEFAULT_N2048_q16_rep3,1,4,1,sm_89,RS_SLICE_SERIAL,NCCL,C0_DEFAULT,2048,2048,2048,16,13,1048576,52,0,4736.832,4742.368,5005.024,262.656,PASS,0
PHASEB_formal_rs_C0_DEFAULT_N2048_q16_rep3,1,4,1,sm_89,RS_SLICE_SERIAL,NCCL,C0_DEFAULT,2048,2048,2048,16,14,1048576,52,0,5083.136,5088.672,5349.504,260.832,PASS,0
PHASEB_formal_rs_C0_DEFAULT_N2048_q16_rep3,1,4,1,sm_89,RS_SLICE_SERIAL,NCCL,C0_DEFAULT,2048,2048,2048,16,15,1048576,52,0,5444.864,5451.424,5709.472,258.048,PASS,0
PHASEB_formal_rs_C0_DEFAULT_N2048_q16_rep3,1,4,1,sm_89,RS_SLICE_SERIAL,NCCL,C0_DEFAULT,2048,2048,2048,16,0,1048576,53,0,122.272,130.688,391.136,260.448,PASS,0
PHASEB_formal_rs_C0_DEFAULT_N2048_q16_rep3,1,4,1,sm_89,RS_SLICE_SERIAL,NCCL,C0_DEFAULT,2048,2048,2048,16,1,1048576,53,0,472.960,478.752,738.560,259.808,PASS,0
PHASEB_formal_rs_C0_DEFAULT_N2048_q16_rep3,1,4,1,sm_89,RS_SLICE_SERIAL,NCCL,C0_DEFAULT,2048,2048,2048,16,2,1048576,53,0,829.408,835.552,1098.816,263.264,PASS,0
PHASEB_formal_rs_C0_DEFAULT_N2048_q16_rep3,1,4,1,sm_89,RS_SLICE_SERIAL,NCCL,C0_DEFAULT,2048,2048,2048,16,3,1048576,53,0,1186.112,1191.712,1453.888,262.176,PASS,0
PHASEB_formal_rs_C0_DEFAULT_N2048_q16_rep3,1,4,1,sm_89,RS_SLICE_SERIAL,NCCL,C0_DEFAULT,2048,2048,2048,16,4,1048576,53,0,1536.192,1542.048,1802.240,260.192,PASS,0
PHASEB_formal_rs_C0_DEFAULT_N2048_q16_rep3,1,4,1,sm_89,RS_SLICE_SERIAL,NCCL,C0_DEFAULT,2048,2048,2048,16,5,1048576,53,0,1889.792,1895.680,2156.384,260.704,PASS,0
PHASEB_formal_rs_C0_DEFAULT_N2048_q16_rep3,1,4,1,sm_89,RS_SLICE_SERIAL,NCCL,C0_DEFAULT,2048,2048,2048,16,6,1048576,53,0,2236.480,2242.720,2505.152,262.432,PASS,0
PHASEB_formal_rs_C0_DEFAULT_N2048_q16_rep3,1,4,1,sm_89,RS_SLICE_SERIAL,NCCL,C0_DEFAULT,2048,2048,2048,16,7,1048576,53,0,2590.720,2597.056,2857.152,260.096,PASS,0
PHASEB_formal_rs_C0_DEFAULT_N2048_q16_rep3,1,4,1,sm_89,RS_SLICE_SERIAL,NCCL,C0_DEFAULT,2048,2048,2048,16,8,1048576,53,0,2950.752,2956.224,3217.312,261.088,PASS,0
PHASEB_formal_rs_C0_DEFAULT_N2048_q16_rep3,1,4,1,sm_89,RS_SLICE_SERIAL,NCCL,C0_DEFAULT,2048,2048,2048,16,9,1048576,53,0,3295.008,3300.544,3561.792,261.248,PASS,0
PHASEB_formal_rs_C0_DEFAULT_N2048_q16_rep3,1,4,1,sm_89,RS_SLICE_SERIAL,NCCL,C0_DEFAULT,2048,2048,2048,16,10,1048576,53,0,3656.000,3661.792,3924.768,262.976,PASS,0
PHASEB_formal_rs_C0_DEFAULT_N2048_q16_rep3,1,4,1,sm_89,RS_SLICE_SERIAL,NCCL,C0_DEFAULT,2048,2048,2048,16,11,1048576,53,0,4003.584,4009.376,4269.440,260.064,PASS,0
PHASEB_formal_rs_C0_DEFAULT_N2048_q16_rep3,1,4,1,sm_89,RS_SLICE_SERIAL,NCCL,C0_DEFAULT,2048,2048,2048,16,12,1048576,53,0,4364.800,4370.624,4631.104,260.480,PASS,0
PHASEB_formal_rs_C0_DEFAULT_N2048_q16_rep3,1,4,1,sm_89,RS_SLICE_SERIAL,NCCL,C0_DEFAULT,2048,2048,2048,16,13,1048576,53,0,4718.368,4723.744,4984.736,260.992,PASS,0
PHASEB_formal_rs_C0_DEFAULT_N2048_q16_rep3,1,4,1,sm_89,RS_SLICE_SERIAL,NCCL,C0_DEFAULT,2048,2048,2048,16,14,1048576,53,0,5066.656,5072.352,5334.368,262.016,PASS,0
PHASEB_formal_rs_C0_DEFAULT_N2048_q16_rep3,1,4,1,sm_89,RS_SLICE_SERIAL,NCCL,C0_DEFAULT,2048,2048,2048,16,15,1048576,53,0,5413.152,5419.840,5678.848,259.008,PASS,0
PHASEB_formal_rs_C0_DEFAULT_N2048_q16_rep3,1,4,1,sm_89,RS_SLICE_SERIAL,NCCL,C0_DEFAULT,2048,2048,2048,16,0,1048576,54,0,133.856,140.992,403.808,262.816,PASS,0
PHASEB_formal_rs_C0_DEFAULT_N2048_q16_rep3,1,4,1,sm_89,RS_SLICE_SERIAL,NCCL,C0_DEFAULT,2048,2048,2048,16,1,1048576,54,0,496.000,502.016,762.816,260.800,PASS,0
PHASEB_formal_rs_C0_DEFAULT_N2048_q16_rep3,1,4,1,sm_89,RS_SLICE_SERIAL,NCCL,C0_DEFAULT,2048,2048,2048,16,2,1048576,54,0,852.960,858.784,1121.632,262.848,PASS,0
PHASEB_formal_rs_C0_DEFAULT_N2048_q16_rep3,1,4,1,sm_89,RS_SLICE_SERIAL,NCCL,C0_DEFAULT,2048,2048,2048,16,3,1048576,54,0,1211.872,1217.408,1478.624,261.216,PASS,0
PHASEB_formal_rs_C0_DEFAULT_N2048_q16_rep3,1,4,1,sm_89,RS_SLICE_SERIAL,NCCL,C0_DEFAULT,2048,2048,2048,16,4,1048576,54,0,1573.120,1579.072,1842.336,263.264,PASS,0
PHASEB_formal_rs_C0_DEFAULT_N2048_q16_rep3,1,4,1,sm_89,RS_SLICE_SERIAL,NCCL,C0_DEFAULT,2048,2048,2048,16,5,1048576,54,0,1932.800,1939.136,2200.416,261.280,PASS,0
PHASEB_formal_rs_C0_DEFAULT_N2048_q16_rep3,1,4,1,sm_89,RS_SLICE_SERIAL,NCCL,C0_DEFAULT,2048,2048,2048,16,6,1048576,54,0,2292.256,2298.560,2561.120,262.560,PASS,0
PHASEB_formal_rs_C0_DEFAULT_N2048_q16_rep3,1,4,1,sm_89,RS_SLICE_SERIAL,NCCL,C0_DEFAULT,2048,2048,2048,16,7,1048576,54,0,2641.216,2646.880,2906.656,259.776,PASS,0
PHASEB_formal_rs_C0_DEFAULT_N2048_q16_rep3,1,4,1,sm_89,RS_SLICE_SERIAL,NCCL,C0_DEFAULT,2048,2048,2048,16,8,1048576,54,0,3002.272,3007.968,3272.960,264.992,PASS,0
PHASEB_formal_rs_C0_DEFAULT_N2048_q16_rep3,1,4,1,sm_89,RS_SLICE_SERIAL,NCCL,C0_DEFAULT,2048,2048,2048,16,9,1048576,54,0,3356.032,3361.600,3623.808,262.208,PASS,0
PHASEB_formal_rs_C0_DEFAULT_N2048_q16_rep3,1,4,1,sm_89,RS_SLICE_SERIAL,NCCL,C0_DEFAULT,2048,2048,2048,16,10,1048576,54,0,3716.448,3721.920,3984.704,262.784,PASS,0
PHASEB_formal_rs_C0_DEFAULT_N2048_q16_rep3,1,4,1,sm_89,RS_SLICE_SERIAL,NCCL,C0_DEFAULT,2048,2048,2048,16,11,1048576,54,0,4065.952,4071.232,4332.672,261.440,PASS,0
PHASEB_formal_rs_C0_DEFAULT_N2048_q16_rep3,1,4,1,sm_89,RS_SLICE_SERIAL,NCCL,C0_DEFAULT,2048,2048,2048,16,12,1048576,54,0,4416.608,4422.272,4685.504,263.232,PASS,0
PHASEB_formal_rs_C0_DEFAULT_N2048_q16_rep3,1,4,1,sm_89,RS_SLICE_SERIAL,NCCL,C0_DEFAULT,2048,2048,2048,16,13,1048576,54,0,4787.872,4793.952,5054.944,260.992,PASS,0
PHASEB_formal_rs_C0_DEFAULT_N2048_q16_rep3,1,4,1,sm_89,RS_SLICE_SERIAL,NCCL,C0_DEFAULT,2048,2048,2048,16,14,1048576,54,0,5138.496,5144.576,5404.768,260.192,PASS,0
PHASEB_formal_rs_C0_DEFAULT_N2048_q16_rep3,1,4,1,sm_89,RS_SLICE_SERIAL,NCCL,C0_DEFAULT,2048,2048,2048,16,15,1048576,54,0,5498.304,5504.960,5762.784,257.824,PASS,0
PHASEB_formal_rs_C0_DEFAULT_N2048_q16_rep3,1,4,1,sm_89,RS_SLICE_SERIAL,NCCL,C0_DEFAULT,2048,2048,2048,16,0,1048576,55,0,114.592,121.888,382.752,260.864,PASS,0
PHASEB_formal_rs_C0_DEFAULT_N2048_q16_rep3,1,4,1,sm_89,RS_SLICE_SERIAL,NCCL,C0_DEFAULT,2048,2048,2048,16,1,1048576,55,0,463.008,469.312,732.160,262.848,PASS,0
PHASEB_formal_rs_C0_DEFAULT_N2048_q16_rep3,1,4,1,sm_89,RS_SLICE_SERIAL,NCCL,C0_DEFAULT,2048,2048,2048,16,2,1048576,55,0,823.392,829.664,1093.184,263.520,PASS,0
PHASEB_formal_rs_C0_DEFAULT_N2048_q16_rep3,1,4,1,sm_89,RS_SLICE_SERIAL,NCCL,C0_DEFAULT,2048,2048,2048,16,3,1048576,55,0,1175.712,1182.112,1443.296,261.184,PASS,0
PHASEB_formal_rs_C0_DEFAULT_N2048_q16_rep3,1,4,1,sm_89,RS_SLICE_SERIAL,NCCL,C0_DEFAULT,2048,2048,2048,16,4,1048576,55,0,1537.120,1543.040,1804.896,261.856,PASS,0
PHASEB_formal_rs_C0_DEFAULT_N2048_q16_rep3,1,4,1,sm_89,RS_SLICE_SERIAL,NCCL,C0_DEFAULT,2048,2048,2048,16,5,1048576,55,0,1889.184,1894.880,2157.056,262.176,PASS,0
PHASEB_formal_rs_C0_DEFAULT_N2048_q16_rep3,1,4,1,sm_89,RS_SLICE_SERIAL,NCCL,C0_DEFAULT,2048,2048,2048,16,6,1048576,55,0,2238.240,2243.872,2504.800,260.928,PASS,0
PHASEB_formal_rs_C0_DEFAULT_N2048_q16_rep3,1,4,1,sm_89,RS_SLICE_SERIAL,NCCL,C0_DEFAULT,2048,2048,2048,16,7,1048576,55,0,2587.840,2594.176,2855.360,261.184,PASS,0
PHASEB_formal_rs_C0_DEFAULT_N2048_q16_rep3,1,4,1,sm_89,RS_SLICE_SERIAL,NCCL,C0_DEFAULT,2048,2048,2048,16,8,1048576,55,0,2939.456,2944.960,3208.192,263.232,PASS,0
PHASEB_formal_rs_C0_DEFAULT_N2048_q16_rep3,1,4,1,sm_89,RS_SLICE_SERIAL,NCCL,C0_DEFAULT,2048,2048,2048,16,9,1048576,55,0,3301.632,3307.232,3567.360,260.128,PASS,0
PHASEB_formal_rs_C0_DEFAULT_N2048_q16_rep3,1,4,1,sm_89,RS_SLICE_SERIAL,NCCL,C0_DEFAULT,2048,2048,2048,16,10,1048576,55,0,3652.512,3658.112,3921.472,263.360,PASS,0
PHASEB_formal_rs_C0_DEFAULT_N2048_q16_rep3,1,4,1,sm_89,RS_SLICE_SERIAL,NCCL,C0_DEFAULT,2048,2048,2048,16,11,1048576,55,0,4009.056,4015.104,4274.752,259.648,PASS,0
PHASEB_formal_rs_C0_DEFAULT_N2048_q16_rep3,1,4,1,sm_89,RS_SLICE_SERIAL,NCCL,C0_DEFAULT,2048,2048,2048,16,12,1048576,55,0,4371.744,4377.600,4638.400,260.800,PASS,0
PHASEB_formal_rs_C0_DEFAULT_N2048_q16_rep3,1,4,1,sm_89,RS_SLICE_SERIAL,NCCL,C0_DEFAULT,2048,2048,2048,16,13,1048576,55,0,4739.232,4744.864,5007.648,262.784,PASS,0
PHASEB_formal_rs_C0_DEFAULT_N2048_q16_rep3,1,4,1,sm_89,RS_SLICE_SERIAL,NCCL,C0_DEFAULT,2048,2048,2048,16,14,1048576,55,0,5103.872,5109.536,5369.632,260.096,PASS,0
PHASEB_formal_rs_C0_DEFAULT_N2048_q16_rep3,1,4,1,sm_89,RS_SLICE_SERIAL,NCCL,C0_DEFAULT,2048,2048,2048,16,15,1048576,55,0,5451.424,5458.304,5717.024,258.720,PASS,0
PHASEB_formal_rs_C0_DEFAULT_N2048_q16_rep3,1,4,1,sm_89,RS_SLICE_SERIAL,NCCL,C0_DEFAULT,2048,2048,2048,16,0,1048576,56,0,121.408,129.184,391.936,262.752,PASS,0
PHASEB_formal_rs_C0_DEFAULT_N2048_q16_rep3,1,4,1,sm_89,RS_SLICE_SERIAL,NCCL,C0_DEFAULT,2048,2048,2048,16,1,1048576,56,0,473.984,480.064,740.480,260.416,PASS,0
PHASEB_formal_rs_C0_DEFAULT_N2048_q16_rep3,1,4,1,sm_89,RS_SLICE_SERIAL,NCCL,C0_DEFAULT,2048,2048,2048,16,2,1048576,56,0,833.088,838.816,1101.760,262.944,PASS,0
PHASEB_formal_rs_C0_DEFAULT_N2048_q16_rep3,1,4,1,sm_89,RS_SLICE_SERIAL,NCCL,C0_DEFAULT,2048,2048,2048,16,3,1048576,56,0,1181.184,1186.784,1447.744,260.960,PASS,0
PHASEB_formal_rs_C0_DEFAULT_N2048_q16_rep3,1,4,1,sm_89,RS_SLICE_SERIAL,NCCL,C0_DEFAULT,2048,2048,2048,16,4,1048576,56,0,1556.480,1562.112,1822.336,260.224,PASS,0
PHASEB_formal_rs_C0_DEFAULT_N2048_q16_rep3,1,4,1,sm_89,RS_SLICE_SERIAL,NCCL,C0_DEFAULT,2048,2048,2048,16,5,1048576,56,0,1945.440,1951.264,2212.544,261.280,PASS,0
PHASEB_formal_rs_C0_DEFAULT_N2048_q16_rep3,1,4,1,sm_89,RS_SLICE_SERIAL,NCCL,C0_DEFAULT,2048,2048,2048,16,6,1048576,56,0,2295.488,2301.312,2562.400,261.088,PASS,0
PHASEB_formal_rs_C0_DEFAULT_N2048_q16_rep3,1,4,1,sm_89,RS_SLICE_SERIAL,NCCL,C0_DEFAULT,2048,2048,2048,16,7,1048576,56,0,2661.056,2666.784,2927.680,260.896,PASS,0
PHASEB_formal_rs_C0_DEFAULT_N2048_q16_rep3,1,4,1,sm_89,RS_SLICE_SERIAL,NCCL,C0_DEFAULT,2048,2048,2048,16,8,1048576,56,0,3010.336,3016.224,3280.320,264.096,PASS,0
PHASEB_formal_rs_C0_DEFAULT_N2048_q16_rep3,1,4,1,sm_89,RS_SLICE_SERIAL,NCCL,C0_DEFAULT,2048,2048,2048,16,9,1048576,56,0,3363.264,3369.568,3630.016,260.448,PASS,0
PHASEB_formal_rs_C0_DEFAULT_N2048_q16_rep3,1,4,1,sm_89,RS_SLICE_SERIAL,NCCL,C0_DEFAULT,2048,2048,2048,16,10,1048576,56,0,3719.392,3725.056,3987.008,261.952,PASS,0
PHASEB_formal_rs_C0_DEFAULT_N2048_q16_rep3,1,4,1,sm_89,RS_SLICE_SERIAL,NCCL,C0_DEFAULT,2048,2048,2048,16,11,1048576,56,0,4092.352,4098.240,4359.680,261.440,PASS,0
PHASEB_formal_rs_C0_DEFAULT_N2048_q16_rep3,1,4,1,sm_89,RS_SLICE_SERIAL,NCCL,C0_DEFAULT,2048,2048,2048,16,12,1048576,56,0,4441.920,4447.456,4710.496,263.040,PASS,0
PHASEB_formal_rs_C0_DEFAULT_N2048_q16_rep3,1,4,1,sm_89,RS_SLICE_SERIAL,NCCL,C0_DEFAULT,2048,2048,2048,16,13,1048576,56,0,4802.336,4807.904,5069.152,261.248,PASS,0
PHASEB_formal_rs_C0_DEFAULT_N2048_q16_rep3,1,4,1,sm_89,RS_SLICE_SERIAL,NCCL,C0_DEFAULT,2048,2048,2048,16,14,1048576,56,0,5175.456,5180.800,5440.320,259.520,PASS,0
PHASEB_formal_rs_C0_DEFAULT_N2048_q16_rep3,1,4,1,sm_89,RS_SLICE_SERIAL,NCCL,C0_DEFAULT,2048,2048,2048,16,15,1048576,56,0,5544.992,5551.584,5809.056,257.472,PASS,0
PHASEB_formal_rs_C0_DEFAULT_N2048_q16_rep3,1,4,1,sm_89,RS_SLICE_SERIAL,NCCL,C0_DEFAULT,2048,2048,2048,16,0,1048576,57,0,110.592,117.952,378.720,260.768,PASS,0
PHASEB_formal_rs_C0_DEFAULT_N2048_q16_rep3,1,4,1,sm_89,RS_SLICE_SERIAL,NCCL,C0_DEFAULT,2048,2048,2048,16,1,1048576,57,0,466.144,472.160,735.328,263.168,PASS,0
PHASEB_formal_rs_C0_DEFAULT_N2048_q16_rep3,1,4,1,sm_89,RS_SLICE_SERIAL,NCCL,C0_DEFAULT,2048,2048,2048,16,2,1048576,57,0,815.392,821.120,1085.408,264.288,PASS,0
PHASEB_formal_rs_C0_DEFAULT_N2048_q16_rep3,1,4,1,sm_89,RS_SLICE_SERIAL,NCCL,C0_DEFAULT,2048,2048,2048,16,3,1048576,57,0,1167.072,1173.216,1434.176,260.960,PASS,0
PHASEB_formal_rs_C0_DEFAULT_N2048_q16_rep3,1,4,1,sm_89,RS_SLICE_SERIAL,NCCL,C0_DEFAULT,2048,2048,2048,16,4,1048576,57,0,1531.808,1537.792,1799.072,261.280,PASS,0
PHASEB_formal_rs_C0_DEFAULT_N2048_q16_rep3,1,4,1,sm_89,RS_SLICE_SERIAL,NCCL,C0_DEFAULT,2048,2048,2048,16,5,1048576,57,0,1891.808,1897.664,2159.936,262.272,PASS,0
PHASEB_formal_rs_C0_DEFAULT_N2048_q16_rep3,1,4,1,sm_89,RS_SLICE_SERIAL,NCCL,C0_DEFAULT,2048,2048,2048,16,6,1048576,57,0,2245.600,2251.520,2514.048,262.528,PASS,0
PHASEB_formal_rs_C0_DEFAULT_N2048_q16_rep3,1,4,1,sm_89,RS_SLICE_SERIAL,NCCL,C0_DEFAULT,2048,2048,2048,16,7,1048576,57,0,2598.272,2604.800,2865.760,260.960,PASS,0
PHASEB_formal_rs_C0_DEFAULT_N2048_q16_rep3,1,4,1,sm_89,RS_SLICE_SERIAL,NCCL,C0_DEFAULT,2048,2048,2048,16,8,1048576,57,0,2961.120,2967.104,3229.184,262.080,PASS,0
PHASEB_formal_rs_C0_DEFAULT_N2048_q16_rep3,1,4,1,sm_89,RS_SLICE_SERIAL,NCCL,C0_DEFAULT,2048,2048,2048,16,9,1048576,57,0,3311.424,3317.568,3576.832,259.264,PASS,0
PHASEB_formal_rs_C0_DEFAULT_N2048_q16_rep3,1,4,1,sm_89,RS_SLICE_SERIAL,NCCL,C0_DEFAULT,2048,2048,2048,16,10,1048576,57,0,3660.064,3665.824,3927.680,261.856,PASS,0
PHASEB_formal_rs_C0_DEFAULT_N2048_q16_rep3,1,4,1,sm_89,RS_SLICE_SERIAL,NCCL,C0_DEFAULT,2048,2048,2048,16,11,1048576,57,0,4011.008,4016.608,4276.800,260.192,PASS,0
PHASEB_formal_rs_C0_DEFAULT_N2048_q16_rep3,1,4,1,sm_89,RS_SLICE_SERIAL,NCCL,C0_DEFAULT,2048,2048,2048,16,12,1048576,57,0,4376.448,4382.528,4643.456,260.928,PASS,0
PHASEB_formal_rs_C0_DEFAULT_N2048_q16_rep3,1,4,1,sm_89,RS_SLICE_SERIAL,NCCL,C0_DEFAULT,2048,2048,2048,16,13,1048576,57,0,4741.504,4746.880,5007.808,260.928,PASS,0
PHASEB_formal_rs_C0_DEFAULT_N2048_q16_rep3,1,4,1,sm_89,RS_SLICE_SERIAL,NCCL,C0_DEFAULT,2048,2048,2048,16,14,1048576,57,0,5087.808,5093.504,5355.744,262.240,PASS,0
PHASEB_formal_rs_C0_DEFAULT_N2048_q16_rep3,1,4,1,sm_89,RS_SLICE_SERIAL,NCCL,C0_DEFAULT,2048,2048,2048,16,15,1048576,57,0,5451.104,5457.792,5716.992,259.200,PASS,0
PHASEB_formal_rs_C0_DEFAULT_N2048_q16_rep3,1,4,1,sm_89,RS_SLICE_SERIAL,NCCL,C0_DEFAULT,2048,2048,2048,16,0,1048576,58,0,119.808,127.520,388.512,260.992,PASS,0
PHASEB_formal_rs_C0_DEFAULT_N2048_q16_rep3,1,4,1,sm_89,RS_SLICE_SERIAL,NCCL,C0_DEFAULT,2048,2048,2048,16,1,1048576,58,0,470.752,476.832,739.840,263.008,PASS,0
PHASEB_formal_rs_C0_DEFAULT_N2048_q16_rep3,1,4,1,sm_89,RS_SLICE_SERIAL,NCCL,C0_DEFAULT,2048,2048,2048,16,2,1048576,58,0,831.136,836.704,1098.304,261.600,PASS,0
PHASEB_formal_rs_C0_DEFAULT_N2048_q16_rep3,1,4,1,sm_89,RS_SLICE_SERIAL,NCCL,C0_DEFAULT,2048,2048,2048,16,3,1048576,58,0,1190.496,1196.128,1457.856,261.728,PASS,0
PHASEB_formal_rs_C0_DEFAULT_N2048_q16_rep3,1,4,1,sm_89,RS_SLICE_SERIAL,NCCL,C0_DEFAULT,2048,2048,2048,16,4,1048576,58,0,1560.928,1566.688,1830.080,263.392,PASS,0
PHASEB_formal_rs_C0_DEFAULT_N2048_q16_rep3,1,4,1,sm_89,RS_SLICE_SERIAL,NCCL,C0_DEFAULT,2048,2048,2048,16,5,1048576,58,0,1911.552,1918.016,2180.416,262.400,PASS,0
PHASEB_formal_rs_C0_DEFAULT_N2048_q16_rep3,1,4,1,sm_89,RS_SLICE_SERIAL,NCCL,C0_DEFAULT,2048,2048,2048,16,6,1048576,58,0,2264.000,2269.376,2529.248,259.872,PASS,0
PHASEB_formal_rs_C0_DEFAULT_N2048_q16_rep3,1,4,1,sm_89,RS_SLICE_SERIAL,NCCL,C0_DEFAULT,2048,2048,2048,16,7,1048576,58,0,2623.136,2628.960,2891.328,262.368,PASS,0
PHASEB_formal_rs_C0_DEFAULT_N2048_q16_rep3,1,4,1,sm_89,RS_SLICE_SERIAL,NCCL,C0_DEFAULT,2048,2048,2048,16,8,1048576,58,0,2974.976,2981.024,3242.880,261.856,PASS,0
PHASEB_formal_rs_C0_DEFAULT_N2048_q16_rep3,1,4,1,sm_89,RS_SLICE_SERIAL,NCCL,C0_DEFAULT,2048,2048,2048,16,9,1048576,58,0,3325.664,3331.776,3592.928,261.152,PASS,0
PHASEB_formal_rs_C0_DEFAULT_N2048_q16_rep3,1,4,1,sm_89,RS_SLICE_SERIAL,NCCL,C0_DEFAULT,2048,2048,2048,16,10,1048576,58,0,3687.328,3693.024,3955.808,262.784,PASS,0
PHASEB_formal_rs_C0_DEFAULT_N2048_q16_rep3,1,4,1,sm_89,RS_SLICE_SERIAL,NCCL,C0_DEFAULT,2048,2048,2048,16,11,1048576,58,0,4037.632,4043.872,4304.896,261.024,PASS,0
PHASEB_formal_rs_C0_DEFAULT_N2048_q16_rep3,1,4,1,sm_89,RS_SLICE_SERIAL,NCCL,C0_DEFAULT,2048,2048,2048,16,12,1048576,58,0,4393.856,4399.648,4660.896,261.248,PASS,0
PHASEB_formal_rs_C0_DEFAULT_N2048_q16_rep3,1,4,1,sm_89,RS_SLICE_SERIAL,NCCL,C0_DEFAULT,2048,2048,2048,16,13,1048576,58,0,4743.488,4749.824,5011.072,261.248,PASS,0
PHASEB_formal_rs_C0_DEFAULT_N2048_q16_rep3,1,4,1,sm_89,RS_SLICE_SERIAL,NCCL,C0_DEFAULT,2048,2048,2048,16,14,1048576,58,0,5100.512,5106.144,5365.600,259.456,PASS,0
PHASEB_formal_rs_C0_DEFAULT_N2048_q16_rep3,1,4,1,sm_89,RS_SLICE_SERIAL,NCCL,C0_DEFAULT,2048,2048,2048,16,15,1048576,58,0,5451.456,5458.208,5716.128,257.920,PASS,0
PHASEB_formal_rs_C0_DEFAULT_N2048_q16_rep3,1,4,1,sm_89,RS_SLICE_SERIAL,NCCL,C0_DEFAULT,2048,2048,2048,16,0,1048576,59,0,123.232,130.816,390.784,259.968,PASS,0
PHASEB_formal_rs_C0_DEFAULT_N2048_q16_rep3,1,4,1,sm_89,RS_SLICE_SERIAL,NCCL,C0_DEFAULT,2048,2048,2048,16,1,1048576,59,0,469.984,475.680,736.160,260.480,PASS,0
PHASEB_formal_rs_C0_DEFAULT_N2048_q16_rep3,1,4,1,sm_89,RS_SLICE_SERIAL,NCCL,C0_DEFAULT,2048,2048,2048,16,2,1048576,59,0,819.904,826.144,1089.184,263.040,PASS,0
PHASEB_formal_rs_C0_DEFAULT_N2048_q16_rep3,1,4,1,sm_89,RS_SLICE_SERIAL,NCCL,C0_DEFAULT,2048,2048,2048,16,3,1048576,59,0,1178.560,1184.992,1446.208,261.216,PASS,0
PHASEB_formal_rs_C0_DEFAULT_N2048_q16_rep3,1,4,1,sm_89,RS_SLICE_SERIAL,NCCL,C0_DEFAULT,2048,2048,2048,16,4,1048576,59,0,1539.968,1546.304,1808.256,261.952,PASS,0
PHASEB_formal_rs_C0_DEFAULT_N2048_q16_rep3,1,4,1,sm_89,RS_SLICE_SERIAL,NCCL,C0_DEFAULT,2048,2048,2048,16,5,1048576,59,0,1899.232,1905.248,2168.064,262.816,PASS,0
PHASEB_formal_rs_C0_DEFAULT_N2048_q16_rep3,1,4,1,sm_89,RS_SLICE_SERIAL,NCCL,C0_DEFAULT,2048,2048,2048,16,6,1048576,59,0,2253.216,2259.456,2521.056,261.600,PASS,0
PHASEB_formal_rs_C0_DEFAULT_N2048_q16_rep3,1,4,1,sm_89,RS_SLICE_SERIAL,NCCL,C0_DEFAULT,2048,2048,2048,16,7,1048576,59,0,2611.488,2616.992,2876.384,259.392,PASS,0
PHASEB_formal_rs_C0_DEFAULT_N2048_q16_rep3,1,4,1,sm_89,RS_SLICE_SERIAL,NCCL,C0_DEFAULT,2048,2048,2048,16,8,1048576,59,0,2961.824,2967.488,3230.048,262.560,PASS,0
PHASEB_formal_rs_C0_DEFAULT_N2048_q16_rep3,1,4,1,sm_89,RS_SLICE_SERIAL,NCCL,C0_DEFAULT,2048,2048,2048,16,9,1048576,59,0,3321.696,3327.296,3588.800,261.504,PASS,0
PHASEB_formal_rs_C0_DEFAULT_N2048_q16_rep3,1,4,1,sm_89,RS_SLICE_SERIAL,NCCL,C0_DEFAULT,2048,2048,2048,16,10,1048576,59,0,3686.112,3691.840,3955.456,263.616,PASS,0
PHASEB_formal_rs_C0_DEFAULT_N2048_q16_rep3,1,4,1,sm_89,RS_SLICE_SERIAL,NCCL,C0_DEFAULT,2048,2048,2048,16,11,1048576,59,0,4036.416,4042.720,4303.712,260.992,PASS,0
PHASEB_formal_rs_C0_DEFAULT_N2048_q16_rep3,1,4,1,sm_89,RS_SLICE_SERIAL,NCCL,C0_DEFAULT,2048,2048,2048,16,12,1048576,59,0,4414.016,4419.584,4681.152,261.568,PASS,0
PHASEB_formal_rs_C0_DEFAULT_N2048_q16_rep3,1,4,1,sm_89,RS_SLICE_SERIAL,NCCL,C0_DEFAULT,2048,2048,2048,16,13,1048576,59,0,4796.032,4801.792,5061.664,259.872,PASS,0
PHASEB_formal_rs_C0_DEFAULT_N2048_q16_rep3,1,4,1,sm_89,RS_SLICE_SERIAL,NCCL,C0_DEFAULT,2048,2048,2048,16,14,1048576,59,0,5142.464,5147.840,5408.864,261.024,PASS,0
PHASEB_formal_rs_C0_DEFAULT_N2048_q16_rep3,1,4,1,sm_89,RS_SLICE_SERIAL,NCCL,C0_DEFAULT,2048,2048,2048,16,15,1048576,59,0,5500.448,5507.456,5766.432,258.976,PASS,0
PHASEB_formal_rs_C0_DEFAULT_N2048_q16_rep3,1,4,1,sm_89,RS_SLICE_SERIAL,NCCL,C0_DEFAULT,2048,2048,2048,16,0,1048576,60,0,114.560,122.048,385.376,263.328,PASS,0
PHASEB_formal_rs_C0_DEFAULT_N2048_q16_rep3,1,4,1,sm_89,RS_SLICE_SERIAL,NCCL,C0_DEFAULT,2048,2048,2048,16,1,1048576,60,0,465.760,472.480,733.216,260.736,PASS,0
PHASEB_formal_rs_C0_DEFAULT_N2048_q16_rep3,1,4,1,sm_89,RS_SLICE_SERIAL,NCCL,C0_DEFAULT,2048,2048,2048,16,2,1048576,60,0,821.696,827.424,1088.800,261.376,PASS,0
PHASEB_formal_rs_C0_DEFAULT_N2048_q16_rep3,1,4,1,sm_89,RS_SLICE_SERIAL,NCCL,C0_DEFAULT,2048,2048,2048,16,3,1048576,60,0,1185.568,1191.104,1452.032,260.928,PASS,0
PHASEB_formal_rs_C0_DEFAULT_N2048_q16_rep3,1,4,1,sm_89,RS_SLICE_SERIAL,NCCL,C0_DEFAULT,2048,2048,2048,16,4,1048576,60,0,1565.120,1570.560,1831.616,261.056,PASS,0
PHASEB_formal_rs_C0_DEFAULT_N2048_q16_rep3,1,4,1,sm_89,RS_SLICE_SERIAL,NCCL,C0_DEFAULT,2048,2048,2048,16,5,1048576,60,0,1922.880,1928.576,2190.112,261.536,PASS,0
PHASEB_formal_rs_C0_DEFAULT_N2048_q16_rep3,1,4,1,sm_89,RS_SLICE_SERIAL,NCCL,C0_DEFAULT,2048,2048,2048,16,6,1048576,60,0,2276.448,2282.528,2542.720,260.192,PASS,0
PHASEB_formal_rs_C0_DEFAULT_N2048_q16_rep3,1,4,1,sm_89,RS_SLICE_SERIAL,NCCL,C0_DEFAULT,2048,2048,2048,16,7,1048576,60,0,2628.160,2634.336,2895.904,261.568,PASS,0
PHASEB_formal_rs_C0_DEFAULT_N2048_q16_rep3,1,4,1,sm_89,RS_SLICE_SERIAL,NCCL,C0_DEFAULT,2048,2048,2048,16,8,1048576,60,0,2986.912,2992.832,3255.936,263.104,PASS,0
PHASEB_formal_rs_C0_DEFAULT_N2048_q16_rep3,1,4,1,sm_89,RS_SLICE_SERIAL,NCCL,C0_DEFAULT,2048,2048,2048,16,9,1048576,60,0,3336.704,3343.008,3605.056,262.048,PASS,0
PHASEB_formal_rs_C0_DEFAULT_N2048_q16_rep3,1,4,1,sm_89,RS_SLICE_SERIAL,NCCL,C0_DEFAULT,2048,2048,2048,16,10,1048576,60,0,3687.584,3693.440,3955.712,262.272,PASS,0
PHASEB_formal_rs_C0_DEFAULT_N2048_q16_rep3,1,4,1,sm_89,RS_SLICE_SERIAL,NCCL,C0_DEFAULT,2048,2048,2048,16,11,1048576,60,0,4037.824,4043.968,4306.112,262.144,PASS,0
PHASEB_formal_rs_C0_DEFAULT_N2048_q16_rep3,1,4,1,sm_89,RS_SLICE_SERIAL,NCCL,C0_DEFAULT,2048,2048,2048,16,12,1048576,60,0,4398.816,4404.480,4665.824,261.344,PASS,0
PHASEB_formal_rs_C0_DEFAULT_N2048_q16_rep3,1,4,1,sm_89,RS_SLICE_SERIAL,NCCL,C0_DEFAULT,2048,2048,2048,16,13,1048576,60,0,4756.864,4762.464,5023.264,260.800,PASS,0
PHASEB_formal_rs_C0_DEFAULT_N2048_q16_rep3,1,4,1,sm_89,RS_SLICE_SERIAL,NCCL,C0_DEFAULT,2048,2048,2048,16,14,1048576,60,0,5117.120,5122.656,5382.304,259.648,PASS,0
PHASEB_formal_rs_C0_DEFAULT_N2048_q16_rep3,1,4,1,sm_89,RS_SLICE_SERIAL,NCCL,C0_DEFAULT,2048,2048,2048,16,15,1048576,60,0,5480.352,5486.976,5744.832,257.856,PASS,0
PHASEB_formal_rs_C0_DEFAULT_N2048_q16_rep3,1,4,1,sm_89,RS_SLICE_SERIAL,NCCL,C0_DEFAULT,2048,2048,2048,16,0,1048576,61,0,120.416,128.064,387.936,259.872,PASS,0
PHASEB_formal_rs_C0_DEFAULT_N2048_q16_rep3,1,4,1,sm_89,RS_SLICE_SERIAL,NCCL,C0_DEFAULT,2048,2048,2048,16,1,1048576,61,0,476.192,481.600,743.904,262.304,PASS,0
PHASEB_formal_rs_C0_DEFAULT_N2048_q16_rep3,1,4,1,sm_89,RS_SLICE_SERIAL,NCCL,C0_DEFAULT,2048,2048,2048,16,2,1048576,61,0,825.632,831.296,1094.144,262.848,PASS,0
PHASEB_formal_rs_C0_DEFAULT_N2048_q16_rep3,1,4,1,sm_89,RS_SLICE_SERIAL,NCCL,C0_DEFAULT,2048,2048,2048,16,3,1048576,61,0,1186.112,1191.552,1451.680,260.128,PASS,0
PHASEB_formal_rs_C0_DEFAULT_N2048_q16_rep3,1,4,1,sm_89,RS_SLICE_SERIAL,NCCL,C0_DEFAULT,2048,2048,2048,16,4,1048576,61,0,1546.752,1552.512,1811.872,259.360,PASS,0
PHASEB_formal_rs_C0_DEFAULT_N2048_q16_rep3,1,4,1,sm_89,RS_SLICE_SERIAL,NCCL,C0_DEFAULT,2048,2048,2048,16,5,1048576,61,0,1908.160,1914.144,2175.552,261.408,PASS,0
PHASEB_formal_rs_C0_DEFAULT_N2048_q16_rep3,1,4,1,sm_89,RS_SLICE_SERIAL,NCCL,C0_DEFAULT,2048,2048,2048,16,6,1048576,61,0,2259.744,2265.856,2527.712,261.856,PASS,0
PHASEB_formal_rs_C0_DEFAULT_N2048_q16_rep3,1,4,1,sm_89,RS_SLICE_SERIAL,NCCL,C0_DEFAULT,2048,2048,2048,16,7,1048576,61,0,2613.280,2619.552,2880.320,260.768,PASS,0
PHASEB_formal_rs_C0_DEFAULT_N2048_q16_rep3,1,4,1,sm_89,RS_SLICE_SERIAL,NCCL,C0_DEFAULT,2048,2048,2048,16,8,1048576,61,0,2962.272,2968.064,3230.368,262.304,PASS,0
PHASEB_formal_rs_C0_DEFAULT_N2048_q16_rep3,1,4,1,sm_89,RS_SLICE_SERIAL,NCCL,C0_DEFAULT,2048,2048,2048,16,9,1048576,61,0,3322.112,3327.872,3587.552,259.680,PASS,0
PHASEB_formal_rs_C0_DEFAULT_N2048_q16_rep3,1,4,1,sm_89,RS_SLICE_SERIAL,NCCL,C0_DEFAULT,2048,2048,2048,16,10,1048576,61,0,3688.224,3694.048,3954.720,260.672,PASS,0
PHASEB_formal_rs_C0_DEFAULT_N2048_q16_rep3,1,4,1,sm_89,RS_SLICE_SERIAL,NCCL,C0_DEFAULT,2048,2048,2048,16,11,1048576,61,0,4037.120,4043.360,4304.416,261.056,PASS,0
PHASEB_formal_rs_C0_DEFAULT_N2048_q16_rep3,1,4,1,sm_89,RS_SLICE_SERIAL,NCCL,C0_DEFAULT,2048,2048,2048,16,12,1048576,61,0,4392.000,4397.920,4659.328,261.408,PASS,0
PHASEB_formal_rs_C0_DEFAULT_N2048_q16_rep3,1,4,1,sm_89,RS_SLICE_SERIAL,NCCL,C0_DEFAULT,2048,2048,2048,16,13,1048576,61,0,4749.920,4755.232,5016.544,261.312,PASS,0
PHASEB_formal_rs_C0_DEFAULT_N2048_q16_rep3,1,4,1,sm_89,RS_SLICE_SERIAL,NCCL,C0_DEFAULT,2048,2048,2048,16,14,1048576,61,0,5107.968,5113.696,5376.000,262.304,PASS,0
PHASEB_formal_rs_C0_DEFAULT_N2048_q16_rep3,1,4,1,sm_89,RS_SLICE_SERIAL,NCCL,C0_DEFAULT,2048,2048,2048,16,15,1048576,61,0,5470.528,5477.216,5737.376,260.160,PASS,0
PHASEB_formal_rs_C0_DEFAULT_N2048_q16_rep3,1,4,1,sm_89,RS_SLICE_SERIAL,NCCL,C0_DEFAULT,2048,2048,2048,16,0,1048576,62,0,115.616,123.104,383.840,260.736,PASS,0
PHASEB_formal_rs_C0_DEFAULT_N2048_q16_rep3,1,4,1,sm_89,RS_SLICE_SERIAL,NCCL,C0_DEFAULT,2048,2048,2048,16,1,1048576,62,0,464.032,470.656,731.968,261.312,PASS,0
PHASEB_formal_rs_C0_DEFAULT_N2048_q16_rep3,1,4,1,sm_89,RS_SLICE_SERIAL,NCCL,C0_DEFAULT,2048,2048,2048,16,2,1048576,62,0,825.792,831.712,1094.016,262.304,PASS,0
PHASEB_formal_rs_C0_DEFAULT_N2048_q16_rep3,1,4,1,sm_89,RS_SLICE_SERIAL,NCCL,C0_DEFAULT,2048,2048,2048,16,3,1048576,62,0,1177.984,1183.968,1444.352,260.384,PASS,0
PHASEB_formal_rs_C0_DEFAULT_N2048_q16_rep3,1,4,1,sm_89,RS_SLICE_SERIAL,NCCL,C0_DEFAULT,2048,2048,2048,16,4,1048576,62,0,1532.992,1538.720,1801.120,262.400,PASS,0
PHASEB_formal_rs_C0_DEFAULT_N2048_q16_rep3,1,4,1,sm_89,RS_SLICE_SERIAL,NCCL,C0_DEFAULT,2048,2048,2048,16,5,1048576,62,0,1893.088,1899.392,2162.304,262.912,PASS,0
PHASEB_formal_rs_C0_DEFAULT_N2048_q16_rep3,1,4,1,sm_89,RS_SLICE_SERIAL,NCCL,C0_DEFAULT,2048,2048,2048,16,6,1048576,62,0,2245.504,2251.552,2512.960,261.408,PASS,0
PHASEB_formal_rs_C0_DEFAULT_N2048_q16_rep3,1,4,1,sm_89,RS_SLICE_SERIAL,NCCL,C0_DEFAULT,2048,2048,2048,16,7,1048576,62,0,2606.720,2612.160,2872.704,260.544,PASS,0
PHASEB_formal_rs_C0_DEFAULT_N2048_q16_rep3,1,4,1,sm_89,RS_SLICE_SERIAL,NCCL,C0_DEFAULT,2048,2048,2048,16,8,1048576,62,0,2956.928,2963.296,3225.888,262.592,PASS,0
PHASEB_formal_rs_C0_DEFAULT_N2048_q16_rep3,1,4,1,sm_89,RS_SLICE_SERIAL,NCCL,C0_DEFAULT,2048,2048,2048,16,9,1048576,62,0,3305.952,3311.744,3574.720,262.976,PASS,0
PHASEB_formal_rs_C0_DEFAULT_N2048_q16_rep3,1,4,1,sm_89,RS_SLICE_SERIAL,NCCL,C0_DEFAULT,2048,2048,2048,16,10,1048576,62,0,3666.624,3672.672,3934.656,261.984,PASS,0
PHASEB_formal_rs_C0_DEFAULT_N2048_q16_rep3,1,4,1,sm_89,RS_SLICE_SERIAL,NCCL,C0_DEFAULT,2048,2048,2048,16,11,1048576,62,0,4017.152,4022.976,4283.264,260.288,PASS,0
PHASEB_formal_rs_C0_DEFAULT_N2048_q16_rep3,1,4,1,sm_89,RS_SLICE_SERIAL,NCCL,C0_DEFAULT,2048,2048,2048,16,12,1048576,62,0,4395.104,4400.992,4663.808,262.816,PASS,0
PHASEB_formal_rs_C0_DEFAULT_N2048_q16_rep3,1,4,1,sm_89,RS_SLICE_SERIAL,NCCL,C0_DEFAULT,2048,2048,2048,16,13,1048576,62,0,4760.896,4767.200,5028.480,261.280,PASS,0
PHASEB_formal_rs_C0_DEFAULT_N2048_q16_rep3,1,4,1,sm_89,RS_SLICE_SERIAL,NCCL,C0_DEFAULT,2048,2048,2048,16,14,1048576,62,0,5118.720,5124.160,5385.440,261.280,PASS,0
PHASEB_formal_rs_C0_DEFAULT_N2048_q16_rep3,1,4,1,sm_89,RS_SLICE_SERIAL,NCCL,C0_DEFAULT,2048,2048,2048,16,15,1048576,62,0,5478.336,5485.056,5743.072,258.016,PASS,0
PHASEB_formal_rs_C0_DEFAULT_N2048_q16_rep3,1,4,1,sm_89,RS_SLICE_SERIAL,NCCL,C0_DEFAULT,2048,2048,2048,16,0,1048576,63,0,122.208,129.856,390.528,260.672,PASS,0
PHASEB_formal_rs_C0_DEFAULT_N2048_q16_rep3,1,4,1,sm_89,RS_SLICE_SERIAL,NCCL,C0_DEFAULT,2048,2048,2048,16,1,1048576,63,0,472.768,479.040,741.760,262.720,PASS,0
PHASEB_formal_rs_C0_DEFAULT_N2048_q16_rep3,1,4,1,sm_89,RS_SLICE_SERIAL,NCCL,C0_DEFAULT,2048,2048,2048,16,2,1048576,63,0,828.512,834.496,1097.472,262.976,PASS,0
PHASEB_formal_rs_C0_DEFAULT_N2048_q16_rep3,1,4,1,sm_89,RS_SLICE_SERIAL,NCCL,C0_DEFAULT,2048,2048,2048,16,3,1048576,63,0,1189.440,1195.968,1455.840,259.872,PASS,0
PHASEB_formal_rs_C0_DEFAULT_N2048_q16_rep3,1,4,1,sm_89,RS_SLICE_SERIAL,NCCL,C0_DEFAULT,2048,2048,2048,16,4,1048576,63,0,1548.320,1554.816,1816.352,261.536,PASS,0
PHASEB_formal_rs_C0_DEFAULT_N2048_q16_rep3,1,4,1,sm_89,RS_SLICE_SERIAL,NCCL,C0_DEFAULT,2048,2048,2048,16,5,1048576,63,0,1898.048,1903.936,2165.344,261.408,PASS,0
PHASEB_formal_rs_C0_DEFAULT_N2048_q16_rep3,1,4,1,sm_89,RS_SLICE_SERIAL,NCCL,C0_DEFAULT,2048,2048,2048,16,6,1048576,63,0,2258.848,2264.672,2527.552,262.880,PASS,0
PHASEB_formal_rs_C0_DEFAULT_N2048_q16_rep3,1,4,1,sm_89,RS_SLICE_SERIAL,NCCL,C0_DEFAULT,2048,2048,2048,16,7,1048576,63,0,2608.960,2615.040,2877.280,262.240,PASS,0
PHASEB_formal_rs_C0_DEFAULT_N2048_q16_rep3,1,4,1,sm_89,RS_SLICE_SERIAL,NCCL,C0_DEFAULT,2048,2048,2048,16,8,1048576,63,0,2959.744,2965.824,3227.264,261.440,PASS,0
PHASEB_formal_rs_C0_DEFAULT_N2048_q16_rep3,1,4,1,sm_89,RS_SLICE_SERIAL,NCCL,C0_DEFAULT,2048,2048,2048,16,9,1048576,63,0,3308.352,3314.112,3576.480,262.368,PASS,0
PHASEB_formal_rs_C0_DEFAULT_N2048_q16_rep3,1,4,1,sm_89,RS_SLICE_SERIAL,NCCL,C0_DEFAULT,2048,2048,2048,16,10,1048576,63,0,3660.576,3666.304,3929.760,263.456,PASS,0
PHASEB_formal_rs_C0_DEFAULT_N2048_q16_rep3,1,4,1,sm_89,RS_SLICE_SERIAL,NCCL,C0_DEFAULT,2048,2048,2048,16,11,1048576,63,0,4013.440,4019.712,4280.672,260.960,PASS,0
PHASEB_formal_rs_C0_DEFAULT_N2048_q16_rep3,1,4,1,sm_89,RS_SLICE_SERIAL,NCCL,C0_DEFAULT,2048,2048,2048,16,12,1048576,63,0,4367.552,4373.280,4633.792,260.512,PASS,0
PHASEB_formal_rs_C0_DEFAULT_N2048_q16_rep3,1,4,1,sm_89,RS_SLICE_SERIAL,NCCL,C0_DEFAULT,2048,2048,2048,16,13,1048576,63,0,4734.560,4739.872,4999.552,259.680,PASS,0
PHASEB_formal_rs_C0_DEFAULT_N2048_q16_rep3,1,4,1,sm_89,RS_SLICE_SERIAL,NCCL,C0_DEFAULT,2048,2048,2048,16,14,1048576,63,0,5092.224,5097.632,5358.784,261.152,PASS,0
PHASEB_formal_rs_C0_DEFAULT_N2048_q16_rep3,1,4,1,sm_89,RS_SLICE_SERIAL,NCCL,C0_DEFAULT,2048,2048,2048,16,15,1048576,63,0,5453.632,5460.448,5719.648,259.200,PASS,0
PHASEB_formal_rs_C0_DEFAULT_N2048_q16_rep3,1,4,1,sm_89,RS_SLICE_SERIAL,NCCL,C0_DEFAULT,2048,2048,2048,16,0,1048576,64,0,117.152,124.896,386.432,261.536,PASS,0
PHASEB_formal_rs_C0_DEFAULT_N2048_q16_rep3,1,4,1,sm_89,RS_SLICE_SERIAL,NCCL,C0_DEFAULT,2048,2048,2048,16,1,1048576,64,0,474.336,480.768,742.272,261.504,PASS,0
PHASEB_formal_rs_C0_DEFAULT_N2048_q16_rep3,1,4,1,sm_89,RS_SLICE_SERIAL,NCCL,C0_DEFAULT,2048,2048,2048,16,2,1048576,64,0,827.808,833.888,1095.744,261.856,PASS,0
PHASEB_formal_rs_C0_DEFAULT_N2048_q16_rep3,1,4,1,sm_89,RS_SLICE_SERIAL,NCCL,C0_DEFAULT,2048,2048,2048,16,3,1048576,64,0,1186.400,1192.512,1452.352,259.840,PASS,0
PHASEB_formal_rs_C0_DEFAULT_N2048_q16_rep3,1,4,1,sm_89,RS_SLICE_SERIAL,NCCL,C0_DEFAULT,2048,2048,2048,16,4,1048576,64,0,1557.568,1562.880,1823.296,260.416,PASS,0
PHASEB_formal_rs_C0_DEFAULT_N2048_q16_rep3,1,4,1,sm_89,RS_SLICE_SERIAL,NCCL,C0_DEFAULT,2048,2048,2048,16,5,1048576,64,0,1908.960,1914.784,2178.016,263.232,PASS,0
PHASEB_formal_rs_C0_DEFAULT_N2048_q16_rep3,1,4,1,sm_89,RS_SLICE_SERIAL,NCCL,C0_DEFAULT,2048,2048,2048,16,6,1048576,64,0,2266.048,2271.424,2532.224,260.800,PASS,0
PHASEB_formal_rs_C0_DEFAULT_N2048_q16_rep3,1,4,1,sm_89,RS_SLICE_SERIAL,NCCL,C0_DEFAULT,2048,2048,2048,16,7,1048576,64,0,2626.272,2632.352,2893.568,261.216,PASS,0
PHASEB_formal_rs_C0_DEFAULT_N2048_q16_rep3,1,4,1,sm_89,RS_SLICE_SERIAL,NCCL,C0_DEFAULT,2048,2048,2048,16,8,1048576,64,0,2976.320,2982.176,3245.888,263.712,PASS,0
PHASEB_formal_rs_C0_DEFAULT_N2048_q16_rep3,1,4,1,sm_89,RS_SLICE_SERIAL,NCCL,C0_DEFAULT,2048,2048,2048,16,9,1048576,64,0,3329.376,3335.552,3596.128,260.576,PASS,0
PHASEB_formal_rs_C0_DEFAULT_N2048_q16_rep3,1,4,1,sm_89,RS_SLICE_SERIAL,NCCL,C0_DEFAULT,2048,2048,2048,16,10,1048576,64,0,3701.952,3708.064,3970.016,261.952,PASS,0
PHASEB_formal_rs_C0_DEFAULT_N2048_q16_rep3,1,4,1,sm_89,RS_SLICE_SERIAL,NCCL,C0_DEFAULT,2048,2048,2048,16,11,1048576,64,0,4048.416,4053.952,4314.560,260.608,PASS,0
PHASEB_formal_rs_C0_DEFAULT_N2048_q16_rep3,1,4,1,sm_89,RS_SLICE_SERIAL,NCCL,C0_DEFAULT,2048,2048,2048,16,12,1048576,64,0,4434.368,4440.000,4701.856,261.856,PASS,0
PHASEB_formal_rs_C0_DEFAULT_N2048_q16_rep3,1,4,1,sm_89,RS_SLICE_SERIAL,NCCL,C0_DEFAULT,2048,2048,2048,16,13,1048576,64,0,4796.576,4803.488,5064.160,260.672,PASS,0
PHASEB_formal_rs_C0_DEFAULT_N2048_q16_rep3,1,4,1,sm_89,RS_SLICE_SERIAL,NCCL,C0_DEFAULT,2048,2048,2048,16,14,1048576,64,0,5156.000,5161.792,5422.272,260.480,PASS,0
PHASEB_formal_rs_C0_DEFAULT_N2048_q16_rep3,1,4,1,sm_89,RS_SLICE_SERIAL,NCCL,C0_DEFAULT,2048,2048,2048,16,15,1048576,64,0,5514.912,5521.600,5778.432,256.832,PASS,0
PHASEB_formal_rs_C0_DEFAULT_N2048_q16_rep3,1,4,1,sm_89,RS_SLICE_SERIAL,NCCL,C0_DEFAULT,2048,2048,2048,16,0,1048576,65,0,121.728,129.696,387.936,258.240,PASS,0
PHASEB_formal_rs_C0_DEFAULT_N2048_q16_rep3,1,4,1,sm_89,RS_SLICE_SERIAL,NCCL,C0_DEFAULT,2048,2048,2048,16,1,1048576,65,0,468.480,474.240,732.160,257.920,PASS,0
PHASEB_formal_rs_C0_DEFAULT_N2048_q16_rep3,1,4,1,sm_89,RS_SLICE_SERIAL,NCCL,C0_DEFAULT,2048,2048,2048,16,2,1048576,65,0,825.376,831.232,1090.432,259.200,PASS,0
PHASEB_formal_rs_C0_DEFAULT_N2048_q16_rep3,1,4,1,sm_89,RS_SLICE_SERIAL,NCCL,C0_DEFAULT,2048,2048,2048,16,3,1048576,65,0,1183.360,1189.888,1449.056,259.168,PASS,0
PHASEB_formal_rs_C0_DEFAULT_N2048_q16_rep3,1,4,1,sm_89,RS_SLICE_SERIAL,NCCL,C0_DEFAULT,2048,2048,2048,16,4,1048576,65,0,1533.056,1539.328,1799.232,259.904,PASS,0
PHASEB_formal_rs_C0_DEFAULT_N2048_q16_rep3,1,4,1,sm_89,RS_SLICE_SERIAL,NCCL,C0_DEFAULT,2048,2048,2048,16,5,1048576,65,0,1891.360,1897.600,2156.320,258.720,PASS,0
PHASEB_formal_rs_C0_DEFAULT_N2048_q16_rep3,1,4,1,sm_89,RS_SLICE_SERIAL,NCCL,C0_DEFAULT,2048,2048,2048,16,6,1048576,65,0,2242.496,2248.416,2507.648,259.232,PASS,0
PHASEB_formal_rs_C0_DEFAULT_N2048_q16_rep3,1,4,1,sm_89,RS_SLICE_SERIAL,NCCL,C0_DEFAULT,2048,2048,2048,16,7,1048576,65,0,2603.904,2610.112,2867.296,257.184,PASS,0
PHASEB_formal_rs_C0_DEFAULT_N2048_q16_rep3,1,4,1,sm_89,RS_SLICE_SERIAL,NCCL,C0_DEFAULT,2048,2048,2048,16,8,1048576,65,0,2960.352,2965.952,3223.744,257.792,PASS,0
PHASEB_formal_rs_C0_DEFAULT_N2048_q16_rep3,1,4,1,sm_89,RS_SLICE_SERIAL,NCCL,C0_DEFAULT,2048,2048,2048,16,9,1048576,65,0,3314.272,3319.936,3578.048,258.112,PASS,0
PHASEB_formal_rs_C0_DEFAULT_N2048_q16_rep3,1,4,1,sm_89,RS_SLICE_SERIAL,NCCL,C0_DEFAULT,2048,2048,2048,16,10,1048576,65,0,3669.760,3675.584,3934.336,258.752,PASS,0
PHASEB_formal_rs_C0_DEFAULT_N2048_q16_rep3,1,4,1,sm_89,RS_SLICE_SERIAL,NCCL,C0_DEFAULT,2048,2048,2048,16,11,1048576,65,0,4017.536,4023.680,4281.664,257.984,PASS,0
PHASEB_formal_rs_C0_DEFAULT_N2048_q16_rep3,1,4,1,sm_89,RS_SLICE_SERIAL,NCCL,C0_DEFAULT,2048,2048,2048,16,12,1048576,65,0,4383.648,4389.120,4647.040,257.920,PASS,0
PHASEB_formal_rs_C0_DEFAULT_N2048_q16_rep3,1,4,1,sm_89,RS_SLICE_SERIAL,NCCL,C0_DEFAULT,2048,2048,2048,16,13,1048576,65,0,4729.888,4735.424,4992.032,256.608,PASS,0
PHASEB_formal_rs_C0_DEFAULT_N2048_q16_rep3,1,4,1,sm_89,RS_SLICE_SERIAL,NCCL,C0_DEFAULT,2048,2048,2048,16,14,1048576,65,0,5082.976,5088.512,5346.912,258.400,PASS,0
PHASEB_formal_rs_C0_DEFAULT_N2048_q16_rep3,1,4,1,sm_89,RS_SLICE_SERIAL,NCCL,C0_DEFAULT,2048,2048,2048,16,15,1048576,65,0,5449.536,5456.064,5712.480,256.416,PASS,0
PHASEB_formal_rs_C0_DEFAULT_N2048_q16_rep3,1,4,1,sm_89,RS_SLICE_SERIAL,NCCL,C0_DEFAULT,2048,2048,2048,16,0,1048576,66,0,117.536,124.960,383.040,258.080,PASS,0
PHASEB_formal_rs_C0_DEFAULT_N2048_q16_rep3,1,4,1,sm_89,RS_SLICE_SERIAL,NCCL,C0_DEFAULT,2048,2048,2048,16,1,1048576,66,0,474.400,479.840,736.928,257.088,PASS,0
PHASEB_formal_rs_C0_DEFAULT_N2048_q16_rep3,1,4,1,sm_89,RS_SLICE_SERIAL,NCCL,C0_DEFAULT,2048,2048,2048,16,2,1048576,66,0,830.752,836.608,1096.800,260.192,PASS,0
PHASEB_formal_rs_C0_DEFAULT_N2048_q16_rep3,1,4,1,sm_89,RS_SLICE_SERIAL,NCCL,C0_DEFAULT,2048,2048,2048,16,3,1048576,66,0,1188.288,1194.656,1454.272,259.616,PASS,0
PHASEB_formal_rs_C0_DEFAULT_N2048_q16_rep3,1,4,1,sm_89,RS_SLICE_SERIAL,NCCL,C0_DEFAULT,2048,2048,2048,16,4,1048576,66,0,1546.784,1552.352,1809.280,256.928,PASS,0
PHASEB_formal_rs_C0_DEFAULT_N2048_q16_rep3,1,4,1,sm_89,RS_SLICE_SERIAL,NCCL,C0_DEFAULT,2048,2048,2048,16,5,1048576,66,0,1908.448,1914.496,2173.504,259.008,PASS,0
PHASEB_formal_rs_C0_DEFAULT_N2048_q16_rep3,1,4,1,sm_89,RS_SLICE_SERIAL,NCCL,C0_DEFAULT,2048,2048,2048,16,6,1048576,66,0,2260.640,2266.272,2524.832,258.560,PASS,0
PHASEB_formal_rs_C0_DEFAULT_N2048_q16_rep3,1,4,1,sm_89,RS_SLICE_SERIAL,NCCL,C0_DEFAULT,2048,2048,2048,16,7,1048576,66,0,2618.432,2624.064,2884.096,260.032,PASS,0
PHASEB_formal_rs_C0_DEFAULT_N2048_q16_rep3,1,4,1,sm_89,RS_SLICE_SERIAL,NCCL,C0_DEFAULT,2048,2048,2048,16,8,1048576,66,0,2966.720,2972.480,3232.192,259.712,PASS,0
PHASEB_formal_rs_C0_DEFAULT_N2048_q16_rep3,1,4,1,sm_89,RS_SLICE_SERIAL,NCCL,C0_DEFAULT,2048,2048,2048,16,9,1048576,66,0,3324.992,3330.304,3587.808,257.504,PASS,0
PHASEB_formal_rs_C0_DEFAULT_N2048_q16_rep3,1,4,1,sm_89,RS_SLICE_SERIAL,NCCL,C0_DEFAULT,2048,2048,2048,16,10,1048576,66,0,3679.072,3684.736,3944.896,260.160,PASS,0
PHASEB_formal_rs_C0_DEFAULT_N2048_q16_rep3,1,4,1,sm_89,RS_SLICE_SERIAL,NCCL,C0_DEFAULT,2048,2048,2048,16,11,1048576,66,0,4028.160,4033.504,4290.624,257.120,PASS,0
PHASEB_formal_rs_C0_DEFAULT_N2048_q16_rep3,1,4,1,sm_89,RS_SLICE_SERIAL,NCCL,C0_DEFAULT,2048,2048,2048,16,12,1048576,66,0,4377.312,4382.848,4643.840,260.992,PASS,0
PHASEB_formal_rs_C0_DEFAULT_N2048_q16_rep3,1,4,1,sm_89,RS_SLICE_SERIAL,NCCL,C0_DEFAULT,2048,2048,2048,16,13,1048576,66,0,4736.288,4742.432,5000.960,258.528,PASS,0
PHASEB_formal_rs_C0_DEFAULT_N2048_q16_rep3,1,4,1,sm_89,RS_SLICE_SERIAL,NCCL,C0_DEFAULT,2048,2048,2048,16,14,1048576,66,0,5083.072,5088.640,5347.904,259.264,PASS,0
PHASEB_formal_rs_C0_DEFAULT_N2048_q16_rep3,1,4,1,sm_89,RS_SLICE_SERIAL,NCCL,C0_DEFAULT,2048,2048,2048,16,15,1048576,66,0,5440.928,5447.840,5703.200,255.360,PASS,0
PHASEB_formal_rs_C0_DEFAULT_N2048_q16_rep3,1,4,1,sm_89,RS_SLICE_SERIAL,NCCL,C0_DEFAULT,2048,2048,2048,16,0,1048576,67,0,120.384,127.872,387.104,259.232,PASS,0
PHASEB_formal_rs_C0_DEFAULT_N2048_q16_rep3,1,4,1,sm_89,RS_SLICE_SERIAL,NCCL,C0_DEFAULT,2048,2048,2048,16,1,1048576,67,0,495.520,501.056,758.912,257.856,PASS,0
PHASEB_formal_rs_C0_DEFAULT_N2048_q16_rep3,1,4,1,sm_89,RS_SLICE_SERIAL,NCCL,C0_DEFAULT,2048,2048,2048,16,2,1048576,67,0,840.896,847.136,1106.080,258.944,PASS,0
PHASEB_formal_rs_C0_DEFAULT_N2048_q16_rep3,1,4,1,sm_89,RS_SLICE_SERIAL,NCCL,C0_DEFAULT,2048,2048,2048,16,3,1048576,67,0,1189.824,1196.576,1454.016,257.440,PASS,0
PHASEB_formal_rs_C0_DEFAULT_N2048_q16_rep3,1,4,1,sm_89,RS_SLICE_SERIAL,NCCL,C0_DEFAULT,2048,2048,2048,16,4,1048576,67,0,1554.816,1560.768,1817.440,256.672,PASS,0
PHASEB_formal_rs_C0_DEFAULT_N2048_q16_rep3,1,4,1,sm_89,RS_SLICE_SERIAL,NCCL,C0_DEFAULT,2048,2048,2048,16,5,1048576,67,0,1905.120,1911.168,2170.112,258.944,PASS,0
PHASEB_formal_rs_C0_DEFAULT_N2048_q16_rep3,1,4,1,sm_89,RS_SLICE_SERIAL,NCCL,C0_DEFAULT,2048,2048,2048,16,6,1048576,67,0,2254.656,2260.256,2518.656,258.400,PASS,0
PHASEB_formal_rs_C0_DEFAULT_N2048_q16_rep3,1,4,1,sm_89,RS_SLICE_SERIAL,NCCL,C0_DEFAULT,2048,2048,2048,16,7,1048576,67,0,2616.064,2622.560,2881.248,258.688,PASS,0
PHASEB_formal_rs_C0_DEFAULT_N2048_q16_rep3,1,4,1,sm_89,RS_SLICE_SERIAL,NCCL,C0_DEFAULT,2048,2048,2048,16,8,1048576,67,0,2966.528,2972.544,3230.912,258.368,PASS,0
PHASEB_formal_rs_C0_DEFAULT_N2048_q16_rep3,1,4,1,sm_89,RS_SLICE_SERIAL,NCCL,C0_DEFAULT,2048,2048,2048,16,9,1048576,67,0,3327.552,3333.216,3590.528,257.312,PASS,0
PHASEB_formal_rs_C0_DEFAULT_N2048_q16_rep3,1,4,1,sm_89,RS_SLICE_SERIAL,NCCL,C0_DEFAULT,2048,2048,2048,16,10,1048576,67,0,3679.648,3685.632,3946.784,261.152,PASS,0
PHASEB_formal_rs_C0_DEFAULT_N2048_q16_rep3,1,4,1,sm_89,RS_SLICE_SERIAL,NCCL,C0_DEFAULT,2048,2048,2048,16,11,1048576,67,0,4028.000,4034.112,4291.520,257.408,PASS,0
PHASEB_formal_rs_C0_DEFAULT_N2048_q16_rep3,1,4,1,sm_89,RS_SLICE_SERIAL,NCCL,C0_DEFAULT,2048,2048,2048,16,12,1048576,67,0,4377.792,4383.680,4642.528,258.848,PASS,0
PHASEB_formal_rs_C0_DEFAULT_N2048_q16_rep3,1,4,1,sm_89,RS_SLICE_SERIAL,NCCL,C0_DEFAULT,2048,2048,2048,16,13,1048576,67,0,4736.064,4741.696,4999.008,257.312,PASS,0
PHASEB_formal_rs_C0_DEFAULT_N2048_q16_rep3,1,4,1,sm_89,RS_SLICE_SERIAL,NCCL,C0_DEFAULT,2048,2048,2048,16,14,1048576,67,0,5089.376,5094.848,5352.352,257.504,PASS,0
PHASEB_formal_rs_C0_DEFAULT_N2048_q16_rep3,1,4,1,sm_89,RS_SLICE_SERIAL,NCCL,C0_DEFAULT,2048,2048,2048,16,15,1048576,67,0,5447.648,5454.240,5710.080,255.840,PASS,0
PHASEB_formal_rs_C0_DEFAULT_N2048_q16_rep3,1,4,1,sm_89,RS_SLICE_SERIAL,NCCL,C0_DEFAULT,2048,2048,2048,16,0,1048576,68,0,115.936,124.000,382.112,258.112,PASS,0
PHASEB_formal_rs_C0_DEFAULT_N2048_q16_rep3,1,4,1,sm_89,RS_SLICE_SERIAL,NCCL,C0_DEFAULT,2048,2048,2048,16,1,1048576,68,0,468.704,474.912,733.344,258.432,PASS,0
PHASEB_formal_rs_C0_DEFAULT_N2048_q16_rep3,1,4,1,sm_89,RS_SLICE_SERIAL,NCCL,C0_DEFAULT,2048,2048,2048,16,2,1048576,68,0,820.256,826.016,1084.512,258.496,PASS,0
PHASEB_formal_rs_C0_DEFAULT_N2048_q16_rep3,1,4,1,sm_89,RS_SLICE_SERIAL,NCCL,C0_DEFAULT,2048,2048,2048,16,3,1048576,68,0,1180.704,1186.112,1444.480,258.368,PASS,0
PHASEB_formal_rs_C0_DEFAULT_N2048_q16_rep3,1,4,1,sm_89,RS_SLICE_SERIAL,NCCL,C0_DEFAULT,2048,2048,2048,16,4,1048576,68,0,1530.656,1536.224,1795.392,259.168,PASS,0
PHASEB_formal_rs_C0_DEFAULT_N2048_q16_rep3,1,4,1,sm_89,RS_SLICE_SERIAL,NCCL,C0_DEFAULT,2048,2048,2048,16,5,1048576,68,0,1887.968,1894.176,2155.744,261.568,PASS,0
PHASEB_formal_rs_C0_DEFAULT_N2048_q16_rep3,1,4,1,sm_89,RS_SLICE_SERIAL,NCCL,C0_DEFAULT,2048,2048,2048,16,6,1048576,68,0,2238.240,2243.616,2505.696,262.080,PASS,0
PHASEB_formal_rs_C0_DEFAULT_N2048_q16_rep3,1,4,1,sm_89,RS_SLICE_SERIAL,NCCL,C0_DEFAULT,2048,2048,2048,16,7,1048576,68,0,2611.584,2617.408,2877.728,260.320,PASS,0
PHASEB_formal_rs_C0_DEFAULT_N2048_q16_rep3,1,4,1,sm_89,RS_SLICE_SERIAL,NCCL,C0_DEFAULT,2048,2048,2048,16,8,1048576,68,0,2963.520,2969.504,3232.096,262.592,PASS,0
PHASEB_formal_rs_C0_DEFAULT_N2048_q16_rep3,1,4,1,sm_89,RS_SLICE_SERIAL,NCCL,C0_DEFAULT,2048,2048,2048,16,9,1048576,68,0,3313.120,3319.552,3580.544,260.992,PASS,0
PHASEB_formal_rs_C0_DEFAULT_N2048_q16_rep3,1,4,1,sm_89,RS_SLICE_SERIAL,NCCL,C0_DEFAULT,2048,2048,2048,16,10,1048576,68,0,3664.320,3670.944,3931.904,260.960,PASS,0
PHASEB_formal_rs_C0_DEFAULT_N2048_q16_rep3,1,4,1,sm_89,RS_SLICE_SERIAL,NCCL,C0_DEFAULT,2048,2048,2048,16,11,1048576,68,0,4013.728,4019.104,4279.872,260.768,PASS,0
PHASEB_formal_rs_C0_DEFAULT_N2048_q16_rep3,1,4,1,sm_89,RS_SLICE_SERIAL,NCCL,C0_DEFAULT,2048,2048,2048,16,12,1048576,68,0,4369.472,4374.784,4636.256,261.472,PASS,0
PHASEB_formal_rs_C0_DEFAULT_N2048_q16_rep3,1,4,1,sm_89,RS_SLICE_SERIAL,NCCL,C0_DEFAULT,2048,2048,2048,16,13,1048576,68,0,4720.864,4726.208,4987.040,260.832,PASS,0
PHASEB_formal_rs_C0_DEFAULT_N2048_q16_rep3,1,4,1,sm_89,RS_SLICE_SERIAL,NCCL,C0_DEFAULT,2048,2048,2048,16,14,1048576,68,0,5076.480,5082.080,5343.712,261.632,PASS,0
PHASEB_formal_rs_C0_DEFAULT_N2048_q16_rep3,1,4,1,sm_89,RS_SLICE_SERIAL,NCCL,C0_DEFAULT,2048,2048,2048,16,15,1048576,68,0,5432.736,5439.520,5697.536,258.016,PASS,0
PHASEB_formal_rs_C0_DEFAULT_N2048_q16_rep3,1,4,1,sm_89,RS_SLICE_SERIAL,NCCL,C0_DEFAULT,2048,2048,2048,16,0,1048576,69,0,120.672,128.800,390.432,261.632,PASS,0
PHASEB_formal_rs_C0_DEFAULT_N2048_q16_rep3,1,4,1,sm_89,RS_SLICE_SERIAL,NCCL,C0_DEFAULT,2048,2048,2048,16,1,1048576,69,0,469.472,475.552,735.648,260.096,PASS,0
PHASEB_formal_rs_C0_DEFAULT_N2048_q16_rep3,1,4,1,sm_89,RS_SLICE_SERIAL,NCCL,C0_DEFAULT,2048,2048,2048,16,2,1048576,69,0,827.648,833.504,1097.376,263.872,PASS,0
PHASEB_formal_rs_C0_DEFAULT_N2048_q16_rep3,1,4,1,sm_89,RS_SLICE_SERIAL,NCCL,C0_DEFAULT,2048,2048,2048,16,3,1048576,69,0,1175.392,1180.864,1440.896,260.032,PASS,0
PHASEB_formal_rs_C0_DEFAULT_N2048_q16_rep3,1,4,1,sm_89,RS_SLICE_SERIAL,NCCL,C0_DEFAULT,2048,2048,2048,16,4,1048576,69,0,1525.376,1530.912,1791.328,260.416,PASS,0
PHASEB_formal_rs_C0_DEFAULT_N2048_q16_rep3,1,4,1,sm_89,RS_SLICE_SERIAL,NCCL,C0_DEFAULT,2048,2048,2048,16,5,1048576,69,0,1884.576,1890.336,2152.256,261.920,PASS,0
PHASEB_formal_rs_C0_DEFAULT_N2048_q16_rep3,1,4,1,sm_89,RS_SLICE_SERIAL,NCCL,C0_DEFAULT,2048,2048,2048,16,6,1048576,69,0,2245.024,2251.008,2514.080,263.072,PASS,0
PHASEB_formal_rs_C0_DEFAULT_N2048_q16_rep3,1,4,1,sm_89,RS_SLICE_SERIAL,NCCL,C0_DEFAULT,2048,2048,2048,16,7,1048576,69,0,2616.960,2623.104,2885.472,262.368,PASS,0
PHASEB_formal_rs_C0_DEFAULT_N2048_q16_rep3,1,4,1,sm_89,RS_SLICE_SERIAL,NCCL,C0_DEFAULT,2048,2048,2048,16,8,1048576,69,0,2963.040,2968.800,3230.720,261.920,PASS,0
PHASEB_formal_rs_C0_DEFAULT_N2048_q16_rep3,1,4,1,sm_89,RS_SLICE_SERIAL,NCCL,C0_DEFAULT,2048,2048,2048,16,9,1048576,69,0,3324.032,3330.272,3591.168,260.896,PASS,0
PHASEB_formal_rs_C0_DEFAULT_N2048_q16_rep3,1,4,1,sm_89,RS_SLICE_SERIAL,NCCL,C0_DEFAULT,2048,2048,2048,16,10,1048576,69,0,3672.128,3677.984,3941.408,263.424,PASS,0
PHASEB_formal_rs_C0_DEFAULT_N2048_q16_rep3,1,4,1,sm_89,RS_SLICE_SERIAL,NCCL,C0_DEFAULT,2048,2048,2048,16,11,1048576,69,0,4023.264,4029.600,4289.376,259.776,PASS,0
PHASEB_formal_rs_C0_DEFAULT_N2048_q16_rep3,1,4,1,sm_89,RS_SLICE_SERIAL,NCCL,C0_DEFAULT,2048,2048,2048,16,12,1048576,69,0,4381.344,4387.264,4648.160,260.896,PASS,0
PHASEB_formal_rs_C0_DEFAULT_N2048_q16_rep3,1,4,1,sm_89,RS_SLICE_SERIAL,NCCL,C0_DEFAULT,2048,2048,2048,16,13,1048576,69,0,4750.176,4755.904,5018.400,262.496,PASS,0
PHASEB_formal_rs_C0_DEFAULT_N2048_q16_rep3,1,4,1,sm_89,RS_SLICE_SERIAL,NCCL,C0_DEFAULT,2048,2048,2048,16,14,1048576,69,0,5097.728,5103.424,5365.248,261.824,PASS,0
PHASEB_formal_rs_C0_DEFAULT_N2048_q16_rep3,1,4,1,sm_89,RS_SLICE_SERIAL,NCCL,C0_DEFAULT,2048,2048,2048,16,15,1048576,69,0,5460.224,5466.944,5726.240,259.296,PASS,0
PHASEB_formal_rs_C0_DEFAULT_N2048_q16_rep3,1,4,1,sm_89,RS_SLICE_SERIAL,NCCL,C0_DEFAULT,2048,2048,2048,16,0,1048576,70,0,111.360,119.040,380.736,261.696,PASS,0
PHASEB_formal_rs_C0_DEFAULT_N2048_q16_rep3,1,4,1,sm_89,RS_SLICE_SERIAL,NCCL,C0_DEFAULT,2048,2048,2048,16,1,1048576,70,0,465.920,472.288,734.112,261.824,PASS,0
PHASEB_formal_rs_C0_DEFAULT_N2048_q16_rep3,1,4,1,sm_89,RS_SLICE_SERIAL,NCCL,C0_DEFAULT,2048,2048,2048,16,2,1048576,70,0,823.616,828.992,1091.872,262.880,PASS,0
PHASEB_formal_rs_C0_DEFAULT_N2048_q16_rep3,1,4,1,sm_89,RS_SLICE_SERIAL,NCCL,C0_DEFAULT,2048,2048,2048,16,3,1048576,70,0,1184.064,1190.560,1452.736,262.176,PASS,0
PHASEB_formal_rs_C0_DEFAULT_N2048_q16_rep3,1,4,1,sm_89,RS_SLICE_SERIAL,NCCL,C0_DEFAULT,2048,2048,2048,16,4,1048576,70,0,1533.344,1539.008,1801.664,262.656,PASS,0
PHASEB_formal_rs_C0_DEFAULT_N2048_q16_rep3,1,4,1,sm_89,RS_SLICE_SERIAL,NCCL,C0_DEFAULT,2048,2048,2048,16,5,1048576,70,0,1884.288,1890.176,2151.648,261.472,PASS,0
PHASEB_formal_rs_C0_DEFAULT_N2048_q16_rep3,1,4,1,sm_89,RS_SLICE_SERIAL,NCCL,C0_DEFAULT,2048,2048,2048,16,6,1048576,70,0,2235.040,2241.056,2502.784,261.728,PASS,0
PHASEB_formal_rs_C0_DEFAULT_N2048_q16_rep3,1,4,1,sm_89,RS_SLICE_SERIAL,NCCL,C0_DEFAULT,2048,2048,2048,16,7,1048576,70,0,2590.304,2595.904,2854.976,259.072,PASS,0
PHASEB_formal_rs_C0_DEFAULT_N2048_q16_rep3,1,4,1,sm_89,RS_SLICE_SERIAL,NCCL,C0_DEFAULT,2048,2048,2048,16,8,1048576,70,0,2935.840,2941.952,3204.288,262.336,PASS,0
PHASEB_formal_rs_C0_DEFAULT_N2048_q16_rep3,1,4,1,sm_89,RS_SLICE_SERIAL,NCCL,C0_DEFAULT,2048,2048,2048,16,9,1048576,70,0,3285.024,3290.592,3551.616,261.024,PASS,0
PHASEB_formal_rs_C0_DEFAULT_N2048_q16_rep3,1,4,1,sm_89,RS_SLICE_SERIAL,NCCL,C0_DEFAULT,2048,2048,2048,16,10,1048576,70,0,3634.112,3640.160,3901.568,261.408,PASS,0
PHASEB_formal_rs_C0_DEFAULT_N2048_q16_rep3,1,4,1,sm_89,RS_SLICE_SERIAL,NCCL,C0_DEFAULT,2048,2048,2048,16,11,1048576,70,0,3995.968,4001.600,4261.824,260.224,PASS,0
PHASEB_formal_rs_C0_DEFAULT_N2048_q16_rep3,1,4,1,sm_89,RS_SLICE_SERIAL,NCCL,C0_DEFAULT,2048,2048,2048,16,12,1048576,70,0,4358.048,4363.584,4625.312,261.728,PASS,0
PHASEB_formal_rs_C0_DEFAULT_N2048_q16_rep3,1,4,1,sm_89,RS_SLICE_SERIAL,NCCL,C0_DEFAULT,2048,2048,2048,16,13,1048576,70,0,4716.480,4722.624,4983.232,260.608,PASS,0
PHASEB_formal_rs_C0_DEFAULT_N2048_q16_rep3,1,4,1,sm_89,RS_SLICE_SERIAL,NCCL,C0_DEFAULT,2048,2048,2048,16,14,1048576,70,0,5074.528,5080.000,5340.512,260.512,PASS,0
PHASEB_formal_rs_C0_DEFAULT_N2048_q16_rep3,1,4,1,sm_89,RS_SLICE_SERIAL,NCCL,C0_DEFAULT,2048,2048,2048,16,15,1048576,70,0,5432.512,5439.136,5697.056,257.920,PASS,0
PHASEB_formal_rs_C0_DEFAULT_N2048_q16_rep3,1,4,1,sm_89,RS_SLICE_SERIAL,NCCL,C0_DEFAULT,2048,2048,2048,16,0,1048576,71,0,124.192,131.392,393.280,261.888,PASS,0
PHASEB_formal_rs_C0_DEFAULT_N2048_q16_rep3,1,4,1,sm_89,RS_SLICE_SERIAL,NCCL,C0_DEFAULT,2048,2048,2048,16,1,1048576,71,0,468.352,474.592,735.584,260.992,PASS,0
PHASEB_formal_rs_C0_DEFAULT_N2048_q16_rep3,1,4,1,sm_89,RS_SLICE_SERIAL,NCCL,C0_DEFAULT,2048,2048,2048,16,2,1048576,71,0,821.472,827.136,1089.184,262.048,PASS,0
PHASEB_formal_rs_C0_DEFAULT_N2048_q16_rep3,1,4,1,sm_89,RS_SLICE_SERIAL,NCCL,C0_DEFAULT,2048,2048,2048,16,3,1048576,71,0,1180.096,1186.048,1445.728,259.680,PASS,0
PHASEB_formal_rs_C0_DEFAULT_N2048_q16_rep3,1,4,1,sm_89,RS_SLICE_SERIAL,NCCL,C0_DEFAULT,2048,2048,2048,16,4,1048576,71,0,1553.920,1559.904,1819.296,259.392,PASS,0
PHASEB_formal_rs_C0_DEFAULT_N2048_q16_rep3,1,4,1,sm_89,RS_SLICE_SERIAL,NCCL,C0_DEFAULT,2048,2048,2048,16,5,1048576,71,0,1930.848,1937.248,2200.032,262.784,PASS,0
PHASEB_formal_rs_C0_DEFAULT_N2048_q16_rep3,1,4,1,sm_89,RS_SLICE_SERIAL,NCCL,C0_DEFAULT,2048,2048,2048,16,6,1048576,71,0,2283.584,2290.560,2550.560,260.000,PASS,0
PHASEB_formal_rs_C0_DEFAULT_N2048_q16_rep3,1,4,1,sm_89,RS_SLICE_SERIAL,NCCL,C0_DEFAULT,2048,2048,2048,16,7,1048576,71,0,2652.800,2659.680,2921.280,261.600,PASS,0
PHASEB_formal_rs_C0_DEFAULT_N2048_q16_rep3,1,4,1,sm_89,RS_SLICE_SERIAL,NCCL,C0_DEFAULT,2048,2048,2048,16,8,1048576,71,0,3007.680,3014.144,3276.064,261.920,PASS,0
PHASEB_formal_rs_C0_DEFAULT_N2048_q16_rep3,1,4,1,sm_89,RS_SLICE_SERIAL,NCCL,C0_DEFAULT,2048,2048,2048,16,9,1048576,71,0,3363.744,3370.400,3630.784,260.384,PASS,0
PHASEB_formal_rs_C0_DEFAULT_N2048_q16_rep3,1,4,1,sm_89,RS_SLICE_SERIAL,NCCL,C0_DEFAULT,2048,2048,2048,16,10,1048576,71,0,3717.472,3724.000,3985.024,261.024,PASS,0
PHASEB_formal_rs_C0_DEFAULT_N2048_q16_rep3,1,4,1,sm_89,RS_SLICE_SERIAL,NCCL,C0_DEFAULT,2048,2048,2048,16,11,1048576,71,0,4069.376,4076.064,4335.648,259.584,PASS,0
PHASEB_formal_rs_C0_DEFAULT_N2048_q16_rep3,1,4,1,sm_89,RS_SLICE_SERIAL,NCCL,C0_DEFAULT,2048,2048,2048,16,12,1048576,71,0,4418.432,4425.120,4686.816,261.696,PASS,0
PHASEB_formal_rs_C0_DEFAULT_N2048_q16_rep3,1,4,1,sm_89,RS_SLICE_SERIAL,NCCL,C0_DEFAULT,2048,2048,2048,16,13,1048576,71,0,4779.104,4785.568,5045.888,260.320,PASS,0
PHASEB_formal_rs_C0_DEFAULT_N2048_q16_rep3,1,4,1,sm_89,RS_SLICE_SERIAL,NCCL,C0_DEFAULT,2048,2048,2048,16,14,1048576,71,0,5134.208,5139.584,5400.448,260.864,PASS,0
PHASEB_formal_rs_C0_DEFAULT_N2048_q16_rep3,1,4,1,sm_89,RS_SLICE_SERIAL,NCCL,C0_DEFAULT,2048,2048,2048,16,15,1048576,71,0,5517.600,5524.416,5783.232,258.816,PASS,0
PHASEB_formal_rs_C0_DEFAULT_N2048_q16_rep3,1,4,1,sm_89,RS_SLICE_SERIAL,NCCL,C0_DEFAULT,2048,2048,2048,16,0,1048576,72,0,116.928,124.416,386.016,261.600,PASS,0
PHASEB_formal_rs_C0_DEFAULT_N2048_q16_rep3,1,4,1,sm_89,RS_SLICE_SERIAL,NCCL,C0_DEFAULT,2048,2048,2048,16,1,1048576,72,0,467.680,474.016,735.296,261.280,PASS,0
PHASEB_formal_rs_C0_DEFAULT_N2048_q16_rep3,1,4,1,sm_89,RS_SLICE_SERIAL,NCCL,C0_DEFAULT,2048,2048,2048,16,2,1048576,72,0,817.376,823.392,1085.760,262.368,PASS,0
PHASEB_formal_rs_C0_DEFAULT_N2048_q16_rep3,1,4,1,sm_89,RS_SLICE_SERIAL,NCCL,C0_DEFAULT,2048,2048,2048,16,3,1048576,72,0,1182.592,1188.288,1449.536,261.248,PASS,0
PHASEB_formal_rs_C0_DEFAULT_N2048_q16_rep3,1,4,1,sm_89,RS_SLICE_SERIAL,NCCL,C0_DEFAULT,2048,2048,2048,16,4,1048576,72,0,1531.904,1537.280,1799.232,261.952,PASS,0
PHASEB_formal_rs_C0_DEFAULT_N2048_q16_rep3,1,4,1,sm_89,RS_SLICE_SERIAL,NCCL,C0_DEFAULT,2048,2048,2048,16,5,1048576,72,0,1880.416,1885.952,2148.096,262.144,PASS,0
PHASEB_formal_rs_C0_DEFAULT_N2048_q16_rep3,1,4,1,sm_89,RS_SLICE_SERIAL,NCCL,C0_DEFAULT,2048,2048,2048,16,6,1048576,72,0,2230.624,2236.256,2497.376,261.120,PASS,0
PHASEB_formal_rs_C0_DEFAULT_N2048_q16_rep3,1,4,1,sm_89,RS_SLICE_SERIAL,NCCL,C0_DEFAULT,2048,2048,2048,16,7,1048576,72,0,2581.184,2587.104,2848.800,261.696,PASS,0
PHASEB_formal_rs_C0_DEFAULT_N2048_q16_rep3,1,4,1,sm_89,RS_SLICE_SERIAL,NCCL,C0_DEFAULT,2048,2048,2048,16,8,1048576,72,0,2932.576,2938.528,3199.808,261.280,PASS,0
PHASEB_formal_rs_C0_DEFAULT_N2048_q16_rep3,1,4,1,sm_89,RS_SLICE_SERIAL,NCCL,C0_DEFAULT,2048,2048,2048,16,9,1048576,72,0,3282.336,3288.480,3549.248,260.768,PASS,0
PHASEB_formal_rs_C0_DEFAULT_N2048_q16_rep3,1,4,1,sm_89,RS_SLICE_SERIAL,NCCL,C0_DEFAULT,2048,2048,2048,16,10,1048576,72,0,3634.112,3639.904,3902.080,262.176,PASS,0
PHASEB_formal_rs_C0_DEFAULT_N2048_q16_rep3,1,4,1,sm_89,RS_SLICE_SERIAL,NCCL,C0_DEFAULT,2048,2048,2048,16,11,1048576,72,0,3983.808,3989.376,4249.472,260.096,PASS,0
PHASEB_formal_rs_C0_DEFAULT_N2048_q16_rep3,1,4,1,sm_89,RS_SLICE_SERIAL,NCCL,C0_DEFAULT,2048,2048,2048,16,12,1048576,72,0,4355.808,4361.248,4625.184,263.936,PASS,0
PHASEB_formal_rs_C0_DEFAULT_N2048_q16_rep3,1,4,1,sm_89,RS_SLICE_SERIAL,NCCL,C0_DEFAULT,2048,2048,2048,16,13,1048576,72,0,4717.088,4722.816,4983.168,260.352,PASS,0
PHASEB_formal_rs_C0_DEFAULT_N2048_q16_rep3,1,4,1,sm_89,RS_SLICE_SERIAL,NCCL,C0_DEFAULT,2048,2048,2048,16,14,1048576,72,0,5073.408,5078.688,5338.912,260.224,PASS,0
PHASEB_formal_rs_C0_DEFAULT_N2048_q16_rep3,1,4,1,sm_89,RS_SLICE_SERIAL,NCCL,C0_DEFAULT,2048,2048,2048,16,15,1048576,72,0,5428.512,5435.104,5693.152,258.048,PASS,0
PHASEB_formal_rs_C0_DEFAULT_N2048_q16_rep3,1,4,1,sm_89,RS_SLICE_SERIAL,NCCL,C0_DEFAULT,2048,2048,2048,16,0,1048576,73,0,122.080,129.280,390.816,261.536,PASS,0
PHASEB_formal_rs_C0_DEFAULT_N2048_q16_rep3,1,4,1,sm_89,RS_SLICE_SERIAL,NCCL,C0_DEFAULT,2048,2048,2048,16,1,1048576,73,0,478.944,485.408,746.144,260.736,PASS,0
PHASEB_formal_rs_C0_DEFAULT_N2048_q16_rep3,1,4,1,sm_89,RS_SLICE_SERIAL,NCCL,C0_DEFAULT,2048,2048,2048,16,2,1048576,73,0,828.768,834.784,1097.984,263.200,PASS,0
PHASEB_formal_rs_C0_DEFAULT_N2048_q16_rep3,1,4,1,sm_89,RS_SLICE_SERIAL,NCCL,C0_DEFAULT,2048,2048,2048,16,3,1048576,73,0,1190.144,1196.160,1458.368,262.208,PASS,0
PHASEB_formal_rs_C0_DEFAULT_N2048_q16_rep3,1,4,1,sm_89,RS_SLICE_SERIAL,NCCL,C0_DEFAULT,2048,2048,2048,16,4,1048576,73,0,1541.472,1547.200,1808.192,260.992,PASS,0
PHASEB_formal_rs_C0_DEFAULT_N2048_q16_rep3,1,4,1,sm_89,RS_SLICE_SERIAL,NCCL,C0_DEFAULT,2048,2048,2048,16,5,1048576,73,0,1902.496,1908.416,2170.144,261.728,PASS,0
PHASEB_formal_rs_C0_DEFAULT_N2048_q16_rep3,1,4,1,sm_89,RS_SLICE_SERIAL,NCCL,C0_DEFAULT,2048,2048,2048,16,6,1048576,73,0,2252.480,2257.920,2521.568,263.648,PASS,0
PHASEB_formal_rs_C0_DEFAULT_N2048_q16_rep3,1,4,1,sm_89,RS_SLICE_SERIAL,NCCL,C0_DEFAULT,2048,2048,2048,16,7,1048576,73,0,2614.752,2621.440,2883.104,261.664,PASS,0
PHASEB_formal_rs_C0_DEFAULT_N2048_q16_rep3,1,4,1,sm_89,RS_SLICE_SERIAL,NCCL,C0_DEFAULT,2048,2048,2048,16,8,1048576,73,0,2974.944,2980.480,3243.072,262.592,PASS,0
PHASEB_formal_rs_C0_DEFAULT_N2048_q16_rep3,1,4,1,sm_89,RS_SLICE_SERIAL,NCCL,C0_DEFAULT,2048,2048,2048,16,9,1048576,73,0,3328.960,3335.456,3598.048,262.592,PASS,0
PHASEB_formal_rs_C0_DEFAULT_N2048_q16_rep3,1,4,1,sm_89,RS_SLICE_SERIAL,NCCL,C0_DEFAULT,2048,2048,2048,16,10,1048576,73,0,3690.048,3696.416,3957.408,260.992,PASS,0
PHASEB_formal_rs_C0_DEFAULT_N2048_q16_rep3,1,4,1,sm_89,RS_SLICE_SERIAL,NCCL,C0_DEFAULT,2048,2048,2048,16,11,1048576,73,0,4043.648,4049.184,4310.496,261.312,PASS,0
PHASEB_formal_rs_C0_DEFAULT_N2048_q16_rep3,1,4,1,sm_89,RS_SLICE_SERIAL,NCCL,C0_DEFAULT,2048,2048,2048,16,12,1048576,73,0,4397.344,4403.264,4665.632,262.368,PASS,0
PHASEB_formal_rs_C0_DEFAULT_N2048_q16_rep3,1,4,1,sm_89,RS_SLICE_SERIAL,NCCL,C0_DEFAULT,2048,2048,2048,16,13,1048576,73,0,4757.536,4763.712,5024.864,261.152,PASS,0
PHASEB_formal_rs_C0_DEFAULT_N2048_q16_rep3,1,4,1,sm_89,RS_SLICE_SERIAL,NCCL,C0_DEFAULT,2048,2048,2048,16,14,1048576,73,0,5112.736,5118.272,5377.664,259.392,PASS,0
PHASEB_formal_rs_C0_DEFAULT_N2048_q16_rep3,1,4,1,sm_89,RS_SLICE_SERIAL,NCCL,C0_DEFAULT,2048,2048,2048,16,15,1048576,73,0,5461.088,5468.096,5726.688,258.592,PASS,0
PHASEB_formal_rs_C0_DEFAULT_N2048_q16_rep3,1,4,1,sm_89,RS_SLICE_SERIAL,NCCL,C0_DEFAULT,2048,2048,2048,16,0,1048576,74,0,114.720,122.848,384.672,261.824,PASS,0
PHASEB_formal_rs_C0_DEFAULT_N2048_q16_rep3,1,4,1,sm_89,RS_SLICE_SERIAL,NCCL,C0_DEFAULT,2048,2048,2048,16,1,1048576,74,0,474.240,480.512,742.080,261.568,PASS,0
PHASEB_formal_rs_C0_DEFAULT_N2048_q16_rep3,1,4,1,sm_89,RS_SLICE_SERIAL,NCCL,C0_DEFAULT,2048,2048,2048,16,2,1048576,74,0,820.864,826.432,1090.752,264.320,PASS,0
PHASEB_formal_rs_C0_DEFAULT_N2048_q16_rep3,1,4,1,sm_89,RS_SLICE_SERIAL,NCCL,C0_DEFAULT,2048,2048,2048,16,3,1048576,74,0,1184.832,1190.880,1452.704,261.824,PASS,0
PHASEB_formal_rs_C0_DEFAULT_N2048_q16_rep3,1,4,1,sm_89,RS_SLICE_SERIAL,NCCL,C0_DEFAULT,2048,2048,2048,16,4,1048576,74,0,1551.648,1557.248,1818.624,261.376,PASS,0
PHASEB_formal_rs_C0_DEFAULT_N2048_q16_rep3,1,4,1,sm_89,RS_SLICE_SERIAL,NCCL,C0_DEFAULT,2048,2048,2048,16,5,1048576,74,0,1903.232,1909.408,2171.200,261.792,PASS,0
PHASEB_formal_rs_C0_DEFAULT_N2048_q16_rep3,1,4,1,sm_89,RS_SLICE_SERIAL,NCCL,C0_DEFAULT,2048,2048,2048,16,6,1048576,74,0,2253.440,2259.200,2520.544,261.344,PASS,0
PHASEB_formal_rs_C0_DEFAULT_N2048_q16_rep3,1,4,1,sm_89,RS_SLICE_SERIAL,NCCL,C0_DEFAULT,2048,2048,2048,16,7,1048576,74,0,2615.040,2620.800,2882.304,261.504,PASS,0
PHASEB_formal_rs_C0_DEFAULT_N2048_q16_rep3,1,4,1,sm_89,RS_SLICE_SERIAL,NCCL,C0_DEFAULT,2048,2048,2048,16,8,1048576,74,0,2964.704,2970.496,3230.816,260.320,PASS,0
PHASEB_formal_rs_C0_DEFAULT_N2048_q16_rep3,1,4,1,sm_89,RS_SLICE_SERIAL,NCCL,C0_DEFAULT,2048,2048,2048,16,9,1048576,74,0,3313.728,3319.520,3580.384,260.864,PASS,0
PHASEB_formal_rs_C0_DEFAULT_N2048_q16_rep3,1,4,1,sm_89,RS_SLICE_SERIAL,NCCL,C0_DEFAULT,2048,2048,2048,16,10,1048576,74,0,3663.520,3669.632,3932.480,262.848,PASS,0
PHASEB_formal_rs_C0_DEFAULT_N2048_q16_rep3,1,4,1,sm_89,RS_SLICE_SERIAL,NCCL,C0_DEFAULT,2048,2048,2048,16,11,1048576,74,0,4012.128,4018.304,4278.592,260.288,PASS,0
PHASEB_formal_rs_C0_DEFAULT_N2048_q16_rep3,1,4,1,sm_89,RS_SLICE_SERIAL,NCCL,C0_DEFAULT,2048,2048,2048,16,12,1048576,74,0,4359.456,4364.992,4626.336,261.344,PASS,0
PHASEB_formal_rs_C0_DEFAULT_N2048_q16_rep3,1,4,1,sm_89,RS_SLICE_SERIAL,NCCL,C0_DEFAULT,2048,2048,2048,16,13,1048576,74,0,4728.384,4733.984,4995.392,261.408,PASS,0
PHASEB_formal_rs_C0_DEFAULT_N2048_q16_rep3,1,4,1,sm_89,RS_SLICE_SERIAL,NCCL,C0_DEFAULT,2048,2048,2048,16,14,1048576,74,0,5104.832,5110.176,5371.584,261.408,PASS,0
PHASEB_formal_rs_C0_DEFAULT_N2048_q16_rep3,1,4,1,sm_89,RS_SLICE_SERIAL,NCCL,C0_DEFAULT,2048,2048,2048,16,15,1048576,74,0,5471.040,5477.728,5735.648,257.920,PASS,0
PHASEB_formal_rs_C0_DEFAULT_N2048_q16_rep3,1,4,1,sm_89,RS_SLICE_SERIAL,NCCL,C0_DEFAULT,2048,2048,2048,16,0,1048576,75,0,113.536,121.408,384.032,262.624,PASS,0
PHASEB_formal_rs_C0_DEFAULT_N2048_q16_rep3,1,4,1,sm_89,RS_SLICE_SERIAL,NCCL,C0_DEFAULT,2048,2048,2048,16,1,1048576,75,0,465.280,471.584,733.600,262.016,PASS,0
PHASEB_formal_rs_C0_DEFAULT_N2048_q16_rep3,1,4,1,sm_89,RS_SLICE_SERIAL,NCCL,C0_DEFAULT,2048,2048,2048,16,2,1048576,75,0,823.648,829.664,1092.608,262.944,PASS,0
PHASEB_formal_rs_C0_DEFAULT_N2048_q16_rep3,1,4,1,sm_89,RS_SLICE_SERIAL,NCCL,C0_DEFAULT,2048,2048,2048,16,3,1048576,75,0,1176.992,1182.304,1443.264,260.960,PASS,0
PHASEB_formal_rs_C0_DEFAULT_N2048_q16_rep3,1,4,1,sm_89,RS_SLICE_SERIAL,NCCL,C0_DEFAULT,2048,2048,2048,16,4,1048576,75,0,1534.240,1540.032,1801.824,261.792,PASS,0
PHASEB_formal_rs_C0_DEFAULT_N2048_q16_rep3,1,4,1,sm_89,RS_SLICE_SERIAL,NCCL,C0_DEFAULT,2048,2048,2048,16,5,1048576,75,0,1895.392,1901.696,2164.928,263.232,PASS,0
PHASEB_formal_rs_C0_DEFAULT_N2048_q16_rep3,1,4,1,sm_89,RS_SLICE_SERIAL,NCCL,C0_DEFAULT,2048,2048,2048,16,6,1048576,75,0,2258.944,2264.800,2526.976,262.176,PASS,0
PHASEB_formal_rs_C0_DEFAULT_N2048_q16_rep3,1,4,1,sm_89,RS_SLICE_SERIAL,NCCL,C0_DEFAULT,2048,2048,2048,16,7,1048576,75,0,2616.352,2622.336,2884.192,261.856,PASS,0
PHASEB_formal_rs_C0_DEFAULT_N2048_q16_rep3,1,4,1,sm_89,RS_SLICE_SERIAL,NCCL,C0_DEFAULT,2048,2048,2048,16,8,1048576,75,0,2966.336,2972.352,3237.088,264.736,PASS,0
PHASEB_formal_rs_C0_DEFAULT_N2048_q16_rep3,1,4,1,sm_89,RS_SLICE_SERIAL,NCCL,C0_DEFAULT,2048,2048,2048,16,9,1048576,75,0,3318.528,3324.768,3586.720,261.952,PASS,0
PHASEB_formal_rs_C0_DEFAULT_N2048_q16_rep3,1,4,1,sm_89,RS_SLICE_SERIAL,NCCL,C0_DEFAULT,2048,2048,2048,16,10,1048576,75,0,3669.696,3675.616,3937.760,262.144,PASS,0
PHASEB_formal_rs_C0_DEFAULT_N2048_q16_rep3,1,4,1,sm_89,RS_SLICE_SERIAL,NCCL,C0_DEFAULT,2048,2048,2048,16,11,1048576,75,0,4019.232,4024.832,4286.016,261.184,PASS,0
PHASEB_formal_rs_C0_DEFAULT_N2048_q16_rep3,1,4,1,sm_89,RS_SLICE_SERIAL,NCCL,C0_DEFAULT,2048,2048,2048,16,12,1048576,75,0,4380.320,4386.464,4648.096,261.632,PASS,0
PHASEB_formal_rs_C0_DEFAULT_N2048_q16_rep3,1,4,1,sm_89,RS_SLICE_SERIAL,NCCL,C0_DEFAULT,2048,2048,2048,16,13,1048576,75,0,4735.648,4741.120,5001.824,260.704,PASS,0
PHASEB_formal_rs_C0_DEFAULT_N2048_q16_rep3,1,4,1,sm_89,RS_SLICE_SERIAL,NCCL,C0_DEFAULT,2048,2048,2048,16,14,1048576,75,0,5093.056,5098.624,5358.464,259.840,PASS,0
PHASEB_formal_rs_C0_DEFAULT_N2048_q16_rep3,1,4,1,sm_89,RS_SLICE_SERIAL,NCCL,C0_DEFAULT,2048,2048,2048,16,15,1048576,75,0,5450.432,5457.280,5716.320,259.040,PASS,0
PHASEB_formal_rs_C0_DEFAULT_N2048_q16_rep3,1,4,1,sm_89,RS_SLICE_SERIAL,NCCL,C0_DEFAULT,2048,2048,2048,16,0,1048576,76,0,118.080,125.280,388.192,262.912,PASS,0
PHASEB_formal_rs_C0_DEFAULT_N2048_q16_rep3,1,4,1,sm_89,RS_SLICE_SERIAL,NCCL,C0_DEFAULT,2048,2048,2048,16,1,1048576,76,0,467.360,472.992,734.624,261.632,PASS,0
PHASEB_formal_rs_C0_DEFAULT_N2048_q16_rep3,1,4,1,sm_89,RS_SLICE_SERIAL,NCCL,C0_DEFAULT,2048,2048,2048,16,2,1048576,76,0,815.488,821.408,1084.352,262.944,PASS,0
PHASEB_formal_rs_C0_DEFAULT_N2048_q16_rep3,1,4,1,sm_89,RS_SLICE_SERIAL,NCCL,C0_DEFAULT,2048,2048,2048,16,3,1048576,76,0,1180.480,1185.984,1446.912,260.928,PASS,0
PHASEB_formal_rs_C0_DEFAULT_N2048_q16_rep3,1,4,1,sm_89,RS_SLICE_SERIAL,NCCL,C0_DEFAULT,2048,2048,2048,16,4,1048576,76,0,1536.576,1542.048,1803.552,261.504,PASS,0
PHASEB_formal_rs_C0_DEFAULT_N2048_q16_rep3,1,4,1,sm_89,RS_SLICE_SERIAL,NCCL,C0_DEFAULT,2048,2048,2048,16,5,1048576,76,0,1898.112,1904.128,2166.176,262.048,PASS,0
PHASEB_formal_rs_C0_DEFAULT_N2048_q16_rep3,1,4,1,sm_89,RS_SLICE_SERIAL,NCCL,C0_DEFAULT,2048,2048,2048,16,6,1048576,76,0,2248.864,2255.168,2517.856,262.688,PASS,0
PHASEB_formal_rs_C0_DEFAULT_N2048_q16_rep3,1,4,1,sm_89,RS_SLICE_SERIAL,NCCL,C0_DEFAULT,2048,2048,2048,16,7,1048576,76,0,2601.472,2607.616,2869.792,262.176,PASS,0
PHASEB_formal_rs_C0_DEFAULT_N2048_q16_rep3,1,4,1,sm_89,RS_SLICE_SERIAL,NCCL,C0_DEFAULT,2048,2048,2048,16,8,1048576,76,0,2952.992,2959.424,3222.400,262.976,PASS,0
PHASEB_formal_rs_C0_DEFAULT_N2048_q16_rep3,1,4,1,sm_89,RS_SLICE_SERIAL,NCCL,C0_DEFAULT,2048,2048,2048,16,9,1048576,76,0,3314.912,3320.416,3581.696,261.280,PASS,0
PHASEB_formal_rs_C0_DEFAULT_N2048_q16_rep3,1,4,1,sm_89,RS_SLICE_SERIAL,NCCL,C0_DEFAULT,2048,2048,2048,16,10,1048576,76,0,3669.632,3675.520,3936.800,261.280,PASS,0
PHASEB_formal_rs_C0_DEFAULT_N2048_q16_rep3,1,4,1,sm_89,RS_SLICE_SERIAL,NCCL,C0_DEFAULT,2048,2048,2048,16,11,1048576,76,0,4026.784,4032.320,4292.960,260.640,PASS,0
PHASEB_formal_rs_C0_DEFAULT_N2048_q16_rep3,1,4,1,sm_89,RS_SLICE_SERIAL,NCCL,C0_DEFAULT,2048,2048,2048,16,12,1048576,76,0,4384.608,4389.984,4651.648,261.664,PASS,0
PHASEB_formal_rs_C0_DEFAULT_N2048_q16_rep3,1,4,1,sm_89,RS_SLICE_SERIAL,NCCL,C0_DEFAULT,2048,2048,2048,16,13,1048576,76,0,4768.960,4774.400,5035.712,261.312,PASS,0
PHASEB_formal_rs_C0_DEFAULT_N2048_q16_rep3,1,4,1,sm_89,RS_SLICE_SERIAL,NCCL,C0_DEFAULT,2048,2048,2048,16,14,1048576,76,0,5112.352,5117.728,5380.640,262.912,PASS,0
PHASEB_formal_rs_C0_DEFAULT_N2048_q16_rep3,1,4,1,sm_89,RS_SLICE_SERIAL,NCCL,C0_DEFAULT,2048,2048,2048,16,15,1048576,76,0,5475.936,5482.592,5740.448,257.856,PASS,0
PHASEB_formal_rs_C0_DEFAULT_N2048_q16_rep3,1,4,1,sm_89,RS_SLICE_SERIAL,NCCL,C0_DEFAULT,2048,2048,2048,16,0,1048576,77,0,123.104,130.912,393.536,262.624,PASS,0
PHASEB_formal_rs_C0_DEFAULT_N2048_q16_rep3,1,4,1,sm_89,RS_SLICE_SERIAL,NCCL,C0_DEFAULT,2048,2048,2048,16,1,1048576,77,0,472.192,477.760,740.352,262.592,PASS,0
PHASEB_formal_rs_C0_DEFAULT_N2048_q16_rep3,1,4,1,sm_89,RS_SLICE_SERIAL,NCCL,C0_DEFAULT,2048,2048,2048,16,2,1048576,77,0,834.624,840.352,1102.400,262.048,PASS,0
PHASEB_formal_rs_C0_DEFAULT_N2048_q16_rep3,1,4,1,sm_89,RS_SLICE_SERIAL,NCCL,C0_DEFAULT,2048,2048,2048,16,3,1048576,77,0,1191.424,1197.536,1460.128,262.592,PASS,0
PHASEB_formal_rs_C0_DEFAULT_N2048_q16_rep3,1,4,1,sm_89,RS_SLICE_SERIAL,NCCL,C0_DEFAULT,2048,2048,2048,16,4,1048576,77,0,1542.048,1547.840,1810.048,262.208,PASS,0
PHASEB_formal_rs_C0_DEFAULT_N2048_q16_rep3,1,4,1,sm_89,RS_SLICE_SERIAL,NCCL,C0_DEFAULT,2048,2048,2048,16,5,1048576,77,0,1899.136,1905.216,2167.392,262.176,PASS,0
PHASEB_formal_rs_C0_DEFAULT_N2048_q16_rep3,1,4,1,sm_89,RS_SLICE_SERIAL,NCCL,C0_DEFAULT,2048,2048,2048,16,6,1048576,77,0,2257.376,2263.648,2524.192,260.544,PASS,0
PHASEB_formal_rs_C0_DEFAULT_N2048_q16_rep3,1,4,1,sm_89,RS_SLICE_SERIAL,NCCL,C0_DEFAULT,2048,2048,2048,16,7,1048576,77,0,2611.200,2617.600,2879.296,261.696,PASS,0
PHASEB_formal_rs_C0_DEFAULT_N2048_q16_rep3,1,4,1,sm_89,RS_SLICE_SERIAL,NCCL,C0_DEFAULT,2048,2048,2048,16,8,1048576,77,0,2959.520,2965.472,3227.520,262.048,PASS,0
PHASEB_formal_rs_C0_DEFAULT_N2048_q16_rep3,1,4,1,sm_89,RS_SLICE_SERIAL,NCCL,C0_DEFAULT,2048,2048,2048,16,9,1048576,77,0,3311.456,3317.216,3577.728,260.512,PASS,0
PHASEB_formal_rs_C0_DEFAULT_N2048_q16_rep3,1,4,1,sm_89,RS_SLICE_SERIAL,NCCL,C0_DEFAULT,2048,2048,2048,16,10,1048576,77,0,3678.592,3684.352,3947.040,262.688,PASS,0
PHASEB_formal_rs_C0_DEFAULT_N2048_q16_rep3,1,4,1,sm_89,RS_SLICE_SERIAL,NCCL,C0_DEFAULT,2048,2048,2048,16,11,1048576,77,0,4027.008,4032.768,4292.384,259.616,PASS,0
PHASEB_formal_rs_C0_DEFAULT_N2048_q16_rep3,1,4,1,sm_89,RS_SLICE_SERIAL,NCCL,C0_DEFAULT,2048,2048,2048,16,12,1048576,77,0,4388.800,4394.272,4658.176,263.904,PASS,0
PHASEB_formal_rs_C0_DEFAULT_N2048_q16_rep3,1,4,1,sm_89,RS_SLICE_SERIAL,NCCL,C0_DEFAULT,2048,2048,2048,16,13,1048576,77,0,4747.136,4753.568,5014.240,260.672,PASS,0
PHASEB_formal_rs_C0_DEFAULT_N2048_q16_rep3,1,4,1,sm_89,RS_SLICE_SERIAL,NCCL,C0_DEFAULT,2048,2048,2048,16,14,1048576,77,0,5102.528,5108.032,5369.280,261.248,PASS,0
PHASEB_formal_rs_C0_DEFAULT_N2048_q16_rep3,1,4,1,sm_89,RS_SLICE_SERIAL,NCCL,C0_DEFAULT,2048,2048,2048,16,15,1048576,77,0,5455.168,5461.888,5720.928,259.040,PASS,0
PHASEB_formal_rs_C0_DEFAULT_N2048_q16_rep3,1,4,1,sm_89,RS_SLICE_SERIAL,NCCL,C0_DEFAULT,2048,2048,2048,16,0,1048576,78,0,113.760,121.408,382.240,260.832,PASS,0
PHASEB_formal_rs_C0_DEFAULT_N2048_q16_rep3,1,4,1,sm_89,RS_SLICE_SERIAL,NCCL,C0_DEFAULT,2048,2048,2048,16,1,1048576,78,0,464.800,471.040,732.928,261.888,PASS,0
PHASEB_formal_rs_C0_DEFAULT_N2048_q16_rep3,1,4,1,sm_89,RS_SLICE_SERIAL,NCCL,C0_DEFAULT,2048,2048,2048,16,2,1048576,78,0,823.424,828.800,1092.800,264.000,PASS,0
PHASEB_formal_rs_C0_DEFAULT_N2048_q16_rep3,1,4,1,sm_89,RS_SLICE_SERIAL,NCCL,C0_DEFAULT,2048,2048,2048,16,3,1048576,78,0,1183.776,1190.400,1450.944,260.544,PASS,0
PHASEB_formal_rs_C0_DEFAULT_N2048_q16_rep3,1,4,1,sm_89,RS_SLICE_SERIAL,NCCL,C0_DEFAULT,2048,2048,2048,16,4,1048576,78,0,1541.952,1548.128,1809.312,261.184,PASS,0
PHASEB_formal_rs_C0_DEFAULT_N2048_q16_rep3,1,4,1,sm_89,RS_SLICE_SERIAL,NCCL,C0_DEFAULT,2048,2048,2048,16,5,1048576,78,0,1899.104,1904.608,2165.344,260.736,PASS,0
PHASEB_formal_rs_C0_DEFAULT_N2048_q16_rep3,1,4,1,sm_89,RS_SLICE_SERIAL,NCCL,C0_DEFAULT,2048,2048,2048,16,6,1048576,78,0,2258.816,2264.864,2525.984,261.120,PASS,0
PHASEB_formal_rs_C0_DEFAULT_N2048_q16_rep3,1,4,1,sm_89,RS_SLICE_SERIAL,NCCL,C0_DEFAULT,2048,2048,2048,16,7,1048576,78,0,2620.896,2627.008,2888.576,261.568,PASS,0
PHASEB_formal_rs_C0_DEFAULT_N2048_q16_rep3,1,4,1,sm_89,RS_SLICE_SERIAL,NCCL,C0_DEFAULT,2048,2048,2048,16,8,1048576,78,0,2973.664,2979.104,3240.352,261.248,PASS,0
PHASEB_formal_rs_C0_DEFAULT_N2048_q16_rep3,1,4,1,sm_89,RS_SLICE_SERIAL,NCCL,C0_DEFAULT,2048,2048,2048,16,9,1048576,78,0,3330.336,3336.096,3596.864,260.768,PASS,0
PHASEB_formal_rs_C0_DEFAULT_N2048_q16_rep3,1,4,1,sm_89,RS_SLICE_SERIAL,NCCL,C0_DEFAULT,2048,2048,2048,16,10,1048576,78,0,3687.520,3693.344,3956.320,262.976,PASS,0
PHASEB_formal_rs_C0_DEFAULT_N2048_q16_rep3,1,4,1,sm_89,RS_SLICE_SERIAL,NCCL,C0_DEFAULT,2048,2048,2048,16,11,1048576,78,0,4037.888,4044.288,4304.320,260.032,PASS,0
PHASEB_formal_rs_C0_DEFAULT_N2048_q16_rep3,1,4,1,sm_89,RS_SLICE_SERIAL,NCCL,C0_DEFAULT,2048,2048,2048,16,12,1048576,78,0,4410.432,4416.032,4677.376,261.344,PASS,0
PHASEB_formal_rs_C0_DEFAULT_N2048_q16_rep3,1,4,1,sm_89,RS_SLICE_SERIAL,NCCL,C0_DEFAULT,2048,2048,2048,16,13,1048576,78,0,4771.904,4777.504,5038.880,261.376,PASS,0
PHASEB_formal_rs_C0_DEFAULT_N2048_q16_rep3,1,4,1,sm_89,RS_SLICE_SERIAL,NCCL,C0_DEFAULT,2048,2048,2048,16,14,1048576,78,0,5119.936,5125.568,5386.720,261.152,PASS,0
PHASEB_formal_rs_C0_DEFAULT_N2048_q16_rep3,1,4,1,sm_89,RS_SLICE_SERIAL,NCCL,C0_DEFAULT,2048,2048,2048,16,15,1048576,78,0,5490.976,5497.728,5755.712,257.984,PASS,0
PHASEB_formal_rs_C0_DEFAULT_N2048_q16_rep3,1,4,1,sm_89,RS_SLICE_SERIAL,NCCL,C0_DEFAULT,2048,2048,2048,16,0,1048576,79,0,115.456,123.520,387.136,263.616,PASS,0
PHASEB_formal_rs_C0_DEFAULT_N2048_q16_rep3,1,4,1,sm_89,RS_SLICE_SERIAL,NCCL,C0_DEFAULT,2048,2048,2048,16,1,1048576,79,0,461.568,467.680,729.824,262.144,PASS,0
PHASEB_formal_rs_C0_DEFAULT_N2048_q16_rep3,1,4,1,sm_89,RS_SLICE_SERIAL,NCCL,C0_DEFAULT,2048,2048,2048,16,2,1048576,79,0,822.592,828.512,1091.104,262.592,PASS,0
PHASEB_formal_rs_C0_DEFAULT_N2048_q16_rep3,1,4,1,sm_89,RS_SLICE_SERIAL,NCCL,C0_DEFAULT,2048,2048,2048,16,3,1048576,79,0,1172.192,1177.984,1438.880,260.896,PASS,0
PHASEB_formal_rs_C0_DEFAULT_N2048_q16_rep3,1,4,1,sm_89,RS_SLICE_SERIAL,NCCL,C0_DEFAULT,2048,2048,2048,16,4,1048576,79,0,1532.576,1538.432,1798.720,260.288,PASS,0
PHASEB_formal_rs_C0_DEFAULT_N2048_q16_rep3,1,4,1,sm_89,RS_SLICE_SERIAL,NCCL,C0_DEFAULT,2048,2048,2048,16,5,1048576,79,0,1882.624,1888.416,2151.392,262.976,PASS,0
PHASEB_formal_rs_C0_DEFAULT_N2048_q16_rep3,1,4,1,sm_89,RS_SLICE_SERIAL,NCCL,C0_DEFAULT,2048,2048,2048,16,6,1048576,79,0,2243.008,2248.640,2510.048,261.408,PASS,0
PHASEB_formal_rs_C0_DEFAULT_N2048_q16_rep3,1,4,1,sm_89,RS_SLICE_SERIAL,NCCL,C0_DEFAULT,2048,2048,2048,16,7,1048576,79,0,2591.168,2597.344,2857.600,260.256,PASS,0
PHASEB_formal_rs_C0_DEFAULT_N2048_q16_rep3,1,4,1,sm_89,RS_SLICE_SERIAL,NCCL,C0_DEFAULT,2048,2048,2048,16,8,1048576,79,0,2950.432,2956.288,3220.288,264.000,PASS,0
PHASEB_formal_rs_C0_DEFAULT_N2048_q16_rep3,1,4,1,sm_89,RS_SLICE_SERIAL,NCCL,C0_DEFAULT,2048,2048,2048,16,9,1048576,79,0,3299.008,3305.792,3566.112,260.320,PASS,0
PHASEB_formal_rs_C0_DEFAULT_N2048_q16_rep3,1,4,1,sm_89,RS_SLICE_SERIAL,NCCL,C0_DEFAULT,2048,2048,2048,16,10,1048576,79,0,3651.520,3657.088,3919.456,262.368,PASS,0
PHASEB_formal_rs_C0_DEFAULT_N2048_q16_rep3,1,4,1,sm_89,RS_SLICE_SERIAL,NCCL,C0_DEFAULT,2048,2048,2048,16,11,1048576,79,0,3999.360,4005.568,4266.752,261.184,PASS,0
PHASEB_formal_rs_C0_DEFAULT_N2048_q16_rep3,1,4,1,sm_89,RS_SLICE_SERIAL,NCCL,C0_DEFAULT,2048,2048,2048,16,12,1048576,79,0,4351.488,4356.896,4619.520,262.624,PASS,0
PHASEB_formal_rs_C0_DEFAULT_N2048_q16_rep3,1,4,1,sm_89,RS_SLICE_SERIAL,NCCL,C0_DEFAULT,2048,2048,2048,16,13,1048576,79,0,4715.200,4720.704,4980.768,260.064,PASS,0
PHASEB_formal_rs_C0_DEFAULT_N2048_q16_rep3,1,4,1,sm_89,RS_SLICE_SERIAL,NCCL,C0_DEFAULT,2048,2048,2048,16,14,1048576,79,0,5064.224,5069.792,5329.856,260.064,PASS,0
PHASEB_formal_rs_C0_DEFAULT_N2048_q16_rep3,1,4,1,sm_89,RS_SLICE_SERIAL,NCCL,C0_DEFAULT,2048,2048,2048,16,15,1048576,79,0,5421.056,5428.096,5686.912,258.816,PASS,0
