run_id,rank,rank_count,device,gfx_arch,path,family,candidate,M,N,K,q,slice_index,slice_bytes,iteration_index,t_issue_us,t_release_us,t_gemm_start_us,t_gemm_end_us,t_gemm_duration_us,correctness,status
wm_S5_d1_q16m2_rep3,3,4,3,sm_89,D1_PUSHSIG_OVERLAP,NVSHMEM,C0_DEFAULT,4096,1024,4096,16,0,4194304,0,0,214.560,218.080,714.944,496.864,PASS,0
wm_S5_d1_q16m2_rep3,3,4,3,sm_89,D1_PUSHSIG_OVERLAP,NVSHMEM,C0_DEFAULT,4096,1024,4096,16,1,4194304,0,0,791.200,806.432,1315.712,509.280,PASS,0
wm_S5_d1_q16m2_rep3,3,4,3,sm_89,D1_PUSHSIG_OVERLAP,NVSHMEM,C0_DEFAULT,4096,1024,4096,16,2,4194304,0,0,1366.784,1379.104,1882.080,502.976,PASS,0
wm_S5_d1_q16m2_rep3,3,4,3,sm_89,D1_PUSHSIG_OVERLAP,NVSHMEM,C0_DEFAULT,4096,1024,4096,16,3,4194304,0,0,1942.528,1959.136,2458.336,499.200,PASS,0
wm_S5_d1_q16m2_rep3,3,4,3,sm_89,D1_PUSHSIG_OVERLAP,NVSHMEM,C0_DEFAULT,4096,1024,4096,16,4,4194304,0,0,2507.008,2517.248,3010.336,493.088,PASS,0
wm_S5_d1_q16m2_rep3,3,4,3,sm_89,D1_PUSHSIG_OVERLAP,NVSHMEM,C0_DEFAULT,4096,1024,4096,16,5,4194304,0,0,3054.432,3060.928,3557.280,496.352,PASS,0
wm_S5_d1_q16m2_rep3,3,4,3,sm_89,D1_PUSHSIG_OVERLAP,NVSHMEM,C0_DEFAULT,4096,1024,4096,16,6,4194304,0,0,3616.448,3622.656,4120.640,497.984,PASS,0
wm_S5_d1_q16m2_rep3,3,4,3,sm_89,D1_PUSHSIG_OVERLAP,NVSHMEM,C0_DEFAULT,4096,1024,4096,16,7,4194304,0,0,4161.888,4165.568,4661.472,495.904,PASS,0
wm_S5_d1_q16m2_rep3,3,4,3,sm_89,D1_PUSHSIG_OVERLAP,NVSHMEM,C0_DEFAULT,4096,1024,4096,16,8,4194304,0,0,4704.576,4708.192,5202.176,493.984,PASS,0
wm_S5_d1_q16m2_rep3,3,4,3,sm_89,D1_PUSHSIG_OVERLAP,NVSHMEM,C0_DEFAULT,4096,1024,4096,16,9,4194304,0,0,5247.584,5251.616,5747.200,495.584,PASS,0
wm_S5_d1_q16m2_rep3,3,4,3,sm_89,D1_PUSHSIG_OVERLAP,NVSHMEM,C0_DEFAULT,4096,1024,4096,16,10,4194304,0,0,5787.712,5791.648,6282.848,491.200,PASS,0
wm_S5_d1_q16m2_rep3,3,4,3,sm_89,D1_PUSHSIG_OVERLAP,NVSHMEM,C0_DEFAULT,4096,1024,4096,16,11,4194304,0,0,6327.168,6330.720,6825.984,495.264,PASS,0
wm_S5_d1_q16m2_rep3,3,4,3,sm_89,D1_PUSHSIG_OVERLAP,NVSHMEM,C0_DEFAULT,4096,1024,4096,16,12,4194304,0,0,6865.856,6869.440,7361.568,492.128,PASS,0
wm_S5_d1_q16m2_rep3,3,4,3,sm_89,D1_PUSHSIG_OVERLAP,NVSHMEM,C0_DEFAULT,4096,1024,4096,16,13,4194304,0,0,7402.048,7405.568,7896.032,490.464,PASS,0
wm_S5_d1_q16m2_rep3,3,4,3,sm_89,D1_PUSHSIG_OVERLAP,NVSHMEM,C0_DEFAULT,4096,1024,4096,16,14,4194304,0,0,7940.064,7947.744,8443.231,495.488,PASS,0
wm_S5_d1_q16m2_rep3,3,4,3,sm_89,D1_PUSHSIG_OVERLAP,NVSHMEM,C0_DEFAULT,4096,1024,4096,16,15,4194304,0,0,8479.520,8484.128,8971.488,487.360,PASS,0
wm_S5_d1_q16m2_rep3,3,4,3,sm_89,D1_PUSHSIG_OVERLAP,NVSHMEM,C0_DEFAULT,4096,1024,4096,16,0,4194304,1,0,256.096,259.776,750.176,490.400,PASS,0
wm_S5_d1_q16m2_rep3,3,4,3,sm_89,D1_PUSHSIG_OVERLAP,NVSHMEM,C0_DEFAULT,4096,1024,4096,16,1,4194304,1,0,833.952,840.416,1339.136,498.720,PASS,0
wm_S5_d1_q16m2_rep3,3,4,3,sm_89,D1_PUSHSIG_OVERLAP,NVSHMEM,C0_DEFAULT,4096,1024,4096,16,2,4194304,1,0,1386.400,1402.272,1907.840,505.568,PASS,0
wm_S5_d1_q16m2_rep3,3,4,3,sm_89,D1_PUSHSIG_OVERLAP,NVSHMEM,C0_DEFAULT,4096,1024,4096,16,3,4194304,1,0,1955.776,1959.456,2451.872,492.416,PASS,0
wm_S5_d1_q16m2_rep3,3,4,3,sm_89,D1_PUSHSIG_OVERLAP,NVSHMEM,C0_DEFAULT,4096,1024,4096,16,4,4194304,1,0,2495.200,2498.688,2994.720,496.032,PASS,0
wm_S5_d1_q16m2_rep3,3,4,3,sm_89,D1_PUSHSIG_OVERLAP,NVSHMEM,C0_DEFAULT,4096,1024,4096,16,5,4194304,1,0,3040.000,3051.808,3554.400,502.592,PASS,0
wm_S5_d1_q16m2_rep3,3,4,3,sm_89,D1_PUSHSIG_OVERLAP,NVSHMEM,C0_DEFAULT,4096,1024,4096,16,6,4194304,1,0,3592.672,3596.768,4090.304,493.536,PASS,0
wm_S5_d1_q16m2_rep3,3,4,3,sm_89,D1_PUSHSIG_OVERLAP,NVSHMEM,C0_DEFAULT,4096,1024,4096,16,7,4194304,1,0,4125.440,4129.056,4621.088,492.032,PASS,0
wm_S5_d1_q16m2_rep3,3,4,3,sm_89,D1_PUSHSIG_OVERLAP,NVSHMEM,C0_DEFAULT,4096,1024,4096,16,8,4194304,1,0,4662.592,4666.016,5159.104,493.088,PASS,0
wm_S5_d1_q16m2_rep3,3,4,3,sm_89,D1_PUSHSIG_OVERLAP,NVSHMEM,C0_DEFAULT,4096,1024,4096,16,9,4194304,1,0,5208.768,5213.024,5709.440,496.416,PASS,0
wm_S5_d1_q16m2_rep3,3,4,3,sm_89,D1_PUSHSIG_OVERLAP,NVSHMEM,C0_DEFAULT,4096,1024,4096,16,10,4194304,1,0,5753.024,5756.608,6250.336,493.728,PASS,0
wm_S5_d1_q16m2_rep3,3,4,3,sm_89,D1_PUSHSIG_OVERLAP,NVSHMEM,C0_DEFAULT,4096,1024,4096,16,11,4194304,1,0,6292.096,6295.584,6789.568,493.984,PASS,0
wm_S5_d1_q16m2_rep3,3,4,3,sm_89,D1_PUSHSIG_OVERLAP,NVSHMEM,C0_DEFAULT,4096,1024,4096,16,12,4194304,1,0,6838.368,6841.792,7342.368,500.576,PASS,0
wm_S5_d1_q16m2_rep3,3,4,3,sm_89,D1_PUSHSIG_OVERLAP,NVSHMEM,C0_DEFAULT,4096,1024,4096,16,13,4194304,1,0,7424.608,7428.160,7914.720,486.560,PASS,0
wm_S5_d1_q16m2_rep3,3,4,3,sm_89,D1_PUSHSIG_OVERLAP,NVSHMEM,C0_DEFAULT,4096,1024,4096,16,14,4194304,1,0,7940.256,7943.744,8430.496,486.752,PASS,0
wm_S5_d1_q16m2_rep3,3,4,3,sm_89,D1_PUSHSIG_OVERLAP,NVSHMEM,C0_DEFAULT,4096,1024,4096,16,15,4194304,1,0,8458.944,8462.464,8949.567,487.104,PASS,0
wm_S5_d1_q16m2_rep3,3,4,3,sm_89,D1_PUSHSIG_OVERLAP,NVSHMEM,C0_DEFAULT,4096,1024,4096,16,0,4194304,2,0,236.800,240.672,737.440,496.768,PASS,0
wm_S5_d1_q16m2_rep3,3,4,3,sm_89,D1_PUSHSIG_OVERLAP,NVSHMEM,C0_DEFAULT,4096,1024,4096,16,1,4194304,2,0,795.168,806.624,1316.640,510.016,PASS,0
wm_S5_d1_q16m2_rep3,3,4,3,sm_89,D1_PUSHSIG_OVERLAP,NVSHMEM,C0_DEFAULT,4096,1024,4096,16,2,4194304,2,0,1357.152,1360.704,1855.136,494.432,PASS,0
wm_S5_d1_q16m2_rep3,3,4,3,sm_89,D1_PUSHSIG_OVERLAP,NVSHMEM,C0_DEFAULT,4096,1024,4096,16,3,4194304,2,0,1899.552,1903.264,2397.024,493.760,PASS,0
wm_S5_d1_q16m2_rep3,3,4,3,sm_89,D1_PUSHSIG_OVERLAP,NVSHMEM,C0_DEFAULT,4096,1024,4096,16,4,4194304,2,0,2438.400,2442.144,2933.664,491.520,PASS,0
wm_S5_d1_q16m2_rep3,3,4,3,sm_89,D1_PUSHSIG_OVERLAP,NVSHMEM,C0_DEFAULT,4096,1024,4096,16,5,4194304,2,0,2977.184,2980.800,3475.968,495.168,PASS,0
wm_S5_d1_q16m2_rep3,3,4,3,sm_89,D1_PUSHSIG_OVERLAP,NVSHMEM,C0_DEFAULT,4096,1024,4096,16,6,4194304,2,0,3521.888,3525.760,4017.888,492.128,PASS,0
wm_S5_d1_q16m2_rep3,3,4,3,sm_89,D1_PUSHSIG_OVERLAP,NVSHMEM,C0_DEFAULT,4096,1024,4096,16,7,4194304,2,0,4060.000,4063.648,4560.896,497.248,PASS,0
wm_S5_d1_q16m2_rep3,3,4,3,sm_89,D1_PUSHSIG_OVERLAP,NVSHMEM,C0_DEFAULT,4096,1024,4096,16,8,4194304,2,0,4609.216,4616.000,5115.520,499.520,PASS,0
wm_S5_d1_q16m2_rep3,3,4,3,sm_89,D1_PUSHSIG_OVERLAP,NVSHMEM,C0_DEFAULT,4096,1024,4096,16,9,4194304,2,0,5162.656,5168.864,5664.832,495.968,PASS,0
wm_S5_d1_q16m2_rep3,3,4,3,sm_89,D1_PUSHSIG_OVERLAP,NVSHMEM,C0_DEFAULT,4096,1024,4096,16,10,4194304,2,0,5707.296,5712.096,6206.432,494.336,PASS,0
wm_S5_d1_q16m2_rep3,3,4,3,sm_89,D1_PUSHSIG_OVERLAP,NVSHMEM,C0_DEFAULT,4096,1024,4096,16,11,4194304,2,0,6251.264,6254.848,6750.304,495.456,PASS,0
wm_S5_d1_q16m2_rep3,3,4,3,sm_89,D1_PUSHSIG_OVERLAP,NVSHMEM,C0_DEFAULT,4096,1024,4096,16,12,4194304,2,0,6797.248,6803.520,7301.216,497.696,PASS,0
wm_S5_d1_q16m2_rep3,3,4,3,sm_89,D1_PUSHSIG_OVERLAP,NVSHMEM,C0_DEFAULT,4096,1024,4096,16,13,4194304,2,0,7349.440,7355.840,7853.888,498.048,PASS,0
wm_S5_d1_q16m2_rep3,3,4,3,sm_89,D1_PUSHSIG_OVERLAP,NVSHMEM,C0_DEFAULT,4096,1024,4096,16,14,4194304,2,0,7901.216,7905.056,8392.479,487.424,PASS,0
wm_S5_d1_q16m2_rep3,3,4,3,sm_89,D1_PUSHSIG_OVERLAP,NVSHMEM,C0_DEFAULT,4096,1024,4096,16,15,4194304,2,0,8418.048,8421.568,8908.800,487.232,PASS,0
wm_S5_d1_q16m2_rep3,3,4,3,sm_89,D1_PUSHSIG_OVERLAP,NVSHMEM,C0_DEFAULT,4096,1024,4096,16,0,4194304,3,0,246.848,250.368,745.888,495.520,PASS,0
wm_S5_d1_q16m2_rep3,3,4,3,sm_89,D1_PUSHSIG_OVERLAP,NVSHMEM,C0_DEFAULT,4096,1024,4096,16,1,4194304,3,0,792.224,805.344,1304.032,498.688,PASS,0
wm_S5_d1_q16m2_rep3,3,4,3,sm_89,D1_PUSHSIG_OVERLAP,NVSHMEM,C0_DEFAULT,4096,1024,4096,16,2,4194304,3,0,1345.376,1348.960,1841.920,492.960,PASS,0
wm_S5_d1_q16m2_rep3,3,4,3,sm_89,D1_PUSHSIG_OVERLAP,NVSHMEM,C0_DEFAULT,4096,1024,4096,16,3,4194304,3,0,1878.688,1882.272,2377.824,495.552,PASS,0
wm_S5_d1_q16m2_rep3,3,4,3,sm_89,D1_PUSHSIG_OVERLAP,NVSHMEM,C0_DEFAULT,4096,1024,4096,16,4,4194304,3,0,2426.848,2437.440,2934.656,497.216,PASS,0
wm_S5_d1_q16m2_rep3,3,4,3,sm_89,D1_PUSHSIG_OVERLAP,NVSHMEM,C0_DEFAULT,4096,1024,4096,16,5,4194304,3,0,2976.352,2980.224,3477.088,496.864,PASS,0
wm_S5_d1_q16m2_rep3,3,4,3,sm_89,D1_PUSHSIG_OVERLAP,NVSHMEM,C0_DEFAULT,4096,1024,4096,16,6,4194304,3,0,3520.320,3531.040,4030.752,499.712,PASS,0
wm_S5_d1_q16m2_rep3,3,4,3,sm_89,D1_PUSHSIG_OVERLAP,NVSHMEM,C0_DEFAULT,4096,1024,4096,16,7,4194304,3,0,4069.408,4072.960,4565.440,492.480,PASS,0
wm_S5_d1_q16m2_rep3,3,4,3,sm_89,D1_PUSHSIG_OVERLAP,NVSHMEM,C0_DEFAULT,4096,1024,4096,16,8,4194304,3,0,4606.400,4610.432,5102.816,492.384,PASS,0
wm_S5_d1_q16m2_rep3,3,4,3,sm_89,D1_PUSHSIG_OVERLAP,NVSHMEM,C0_DEFAULT,4096,1024,4096,16,9,4194304,3,0,5141.056,5147.360,5641.024,493.664,PASS,0
wm_S5_d1_q16m2_rep3,3,4,3,sm_89,D1_PUSHSIG_OVERLAP,NVSHMEM,C0_DEFAULT,4096,1024,4096,16,10,4194304,3,0,5678.880,5682.944,6179.136,496.192,PASS,0
wm_S5_d1_q16m2_rep3,3,4,3,sm_89,D1_PUSHSIG_OVERLAP,NVSHMEM,C0_DEFAULT,4096,1024,4096,16,11,4194304,3,0,6224.736,6232.512,6727.264,494.752,PASS,0
wm_S5_d1_q16m2_rep3,3,4,3,sm_89,D1_PUSHSIG_OVERLAP,NVSHMEM,C0_DEFAULT,4096,1024,4096,16,12,4194304,3,0,6768.640,6775.680,7269.280,493.600,PASS,0
wm_S5_d1_q16m2_rep3,3,4,3,sm_89,D1_PUSHSIG_OVERLAP,NVSHMEM,C0_DEFAULT,4096,1024,4096,16,13,4194304,3,0,7310.624,7314.144,7806.016,491.872,PASS,0
wm_S5_d1_q16m2_rep3,3,4,3,sm_89,D1_PUSHSIG_OVERLAP,NVSHMEM,C0_DEFAULT,4096,1024,4096,16,14,4194304,3,0,7849.408,7853.120,8340.000,486.880,PASS,0
wm_S5_d1_q16m2_rep3,3,4,3,sm_89,D1_PUSHSIG_OVERLAP,NVSHMEM,C0_DEFAULT,4096,1024,4096,16,15,4194304,3,0,8369.729,8373.248,8860.736,487.488,PASS,0
wm_S5_d1_q16m2_rep3,3,4,3,sm_89,D1_PUSHSIG_OVERLAP,NVSHMEM,C0_DEFAULT,4096,1024,4096,16,0,4194304,4,0,249.504,253.280,748.384,495.104,PASS,0
wm_S5_d1_q16m2_rep3,3,4,3,sm_89,D1_PUSHSIG_OVERLAP,NVSHMEM,C0_DEFAULT,4096,1024,4096,16,1,4194304,4,0,794.528,800.576,1299.424,498.848,PASS,0
wm_S5_d1_q16m2_rep3,3,4,3,sm_89,D1_PUSHSIG_OVERLAP,NVSHMEM,C0_DEFAULT,4096,1024,4096,16,2,4194304,4,0,1339.616,1343.168,1837.664,494.496,PASS,0
wm_S5_d1_q16m2_rep3,3,4,3,sm_89,D1_PUSHSIG_OVERLAP,NVSHMEM,C0_DEFAULT,4096,1024,4096,16,3,4194304,4,0,1879.584,1883.328,2377.152,493.824,PASS,0
wm_S5_d1_q16m2_rep3,3,4,3,sm_89,D1_PUSHSIG_OVERLAP,NVSHMEM,C0_DEFAULT,4096,1024,4096,16,4,4194304,4,0,2417.440,2425.696,2921.344,495.648,PASS,0
wm_S5_d1_q16m2_rep3,3,4,3,sm_89,D1_PUSHSIG_OVERLAP,NVSHMEM,C0_DEFAULT,4096,1024,4096,16,5,4194304,4,0,2967.200,2970.656,3464.928,494.272,PASS,0
wm_S5_d1_q16m2_rep3,3,4,3,sm_89,D1_PUSHSIG_OVERLAP,NVSHMEM,C0_DEFAULT,4096,1024,4096,16,6,4194304,4,0,3506.592,3510.176,4005.856,495.680,PASS,0
wm_S5_d1_q16m2_rep3,3,4,3,sm_89,D1_PUSHSIG_OVERLAP,NVSHMEM,C0_DEFAULT,4096,1024,4096,16,7,4194304,4,0,4045.536,4049.120,4542.976,493.856,PASS,0
wm_S5_d1_q16m2_rep3,3,4,3,sm_89,D1_PUSHSIG_OVERLAP,NVSHMEM,C0_DEFAULT,4096,1024,4096,16,8,4194304,4,0,4598.176,4605.792,5098.240,492.448,PASS,0
wm_S5_d1_q16m2_rep3,3,4,3,sm_89,D1_PUSHSIG_OVERLAP,NVSHMEM,C0_DEFAULT,4096,1024,4096,16,9,4194304,4,0,5144.000,5147.520,5641.280,493.760,PASS,0
wm_S5_d1_q16m2_rep3,3,4,3,sm_89,D1_PUSHSIG_OVERLAP,NVSHMEM,C0_DEFAULT,4096,1024,4096,16,10,4194304,4,0,5683.328,5692.000,6186.048,494.048,PASS,0
wm_S5_d1_q16m2_rep3,3,4,3,sm_89,D1_PUSHSIG_OVERLAP,NVSHMEM,C0_DEFAULT,4096,1024,4096,16,11,4194304,4,0,6230.752,6234.400,6723.936,489.536,PASS,0
wm_S5_d1_q16m2_rep3,3,4,3,sm_89,D1_PUSHSIG_OVERLAP,NVSHMEM,C0_DEFAULT,4096,1024,4096,16,12,4194304,4,0,6811.520,6815.072,7307.424,492.352,PASS,0
wm_S5_d1_q16m2_rep3,3,4,3,sm_89,D1_PUSHSIG_OVERLAP,NVSHMEM,C0_DEFAULT,4096,1024,4096,16,13,4194304,4,0,7347.200,7350.560,7843.296,492.736,PASS,0
wm_S5_d1_q16m2_rep3,3,4,3,sm_89,D1_PUSHSIG_OVERLAP,NVSHMEM,C0_DEFAULT,4096,1024,4096,16,14,4194304,4,0,7890.304,7893.952,8381.312,487.360,PASS,0
wm_S5_d1_q16m2_rep3,3,4,3,sm_89,D1_PUSHSIG_OVERLAP,NVSHMEM,C0_DEFAULT,4096,1024,4096,16,15,4194304,4,0,8441.760,8445.280,8932.128,486.848,PASS,0
wm_S5_d1_q16m2_rep3,3,4,3,sm_89,D1_PUSHSIG_OVERLAP,NVSHMEM,C0_DEFAULT,4096,1024,4096,16,0,4194304,5,0,236.512,239.936,736.928,496.992,PASS,0
wm_S5_d1_q16m2_rep3,3,4,3,sm_89,D1_PUSHSIG_OVERLAP,NVSHMEM,C0_DEFAULT,4096,1024,4096,16,1,4194304,5,0,789.504,804.480,1309.792,505.312,PASS,0
wm_S5_d1_q16m2_rep3,3,4,3,sm_89,D1_PUSHSIG_OVERLAP,NVSHMEM,C0_DEFAULT,4096,1024,4096,16,2,4194304,5,0,1356.320,1360.128,1849.760,489.632,PASS,0
wm_S5_d1_q16m2_rep3,3,4,3,sm_89,D1_PUSHSIG_OVERLAP,NVSHMEM,C0_DEFAULT,4096,1024,4096,16,3,4194304,5,0,1889.120,1893.312,2387.872,494.560,PASS,0
wm_S5_d1_q16m2_rep3,3,4,3,sm_89,D1_PUSHSIG_OVERLAP,NVSHMEM,C0_DEFAULT,4096,1024,4096,16,4,4194304,5,0,2431.296,2438.944,2930.080,491.136,PASS,0
wm_S5_d1_q16m2_rep3,3,4,3,sm_89,D1_PUSHSIG_OVERLAP,NVSHMEM,C0_DEFAULT,4096,1024,4096,16,5,4194304,5,0,2970.304,2973.792,3466.016,492.224,PASS,0
wm_S5_d1_q16m2_rep3,3,4,3,sm_89,D1_PUSHSIG_OVERLAP,NVSHMEM,C0_DEFAULT,4096,1024,4096,16,6,4194304,5,0,3511.808,3515.328,4007.712,492.384,PASS,0
wm_S5_d1_q16m2_rep3,3,4,3,sm_89,D1_PUSHSIG_OVERLAP,NVSHMEM,C0_DEFAULT,4096,1024,4096,16,7,4194304,5,0,4047.008,4051.392,4543.200,491.808,PASS,0
wm_S5_d1_q16m2_rep3,3,4,3,sm_89,D1_PUSHSIG_OVERLAP,NVSHMEM,C0_DEFAULT,4096,1024,4096,16,8,4194304,5,0,4589.696,4595.872,5088.480,492.608,PASS,0
wm_S5_d1_q16m2_rep3,3,4,3,sm_89,D1_PUSHSIG_OVERLAP,NVSHMEM,C0_DEFAULT,4096,1024,4096,16,9,4194304,5,0,5129.696,5133.248,5626.112,492.864,PASS,0
wm_S5_d1_q16m2_rep3,3,4,3,sm_89,D1_PUSHSIG_OVERLAP,NVSHMEM,C0_DEFAULT,4096,1024,4096,16,10,4194304,5,0,5665.792,5670.528,6164.640,494.112,PASS,0
wm_S5_d1_q16m2_rep3,3,4,3,sm_89,D1_PUSHSIG_OVERLAP,NVSHMEM,C0_DEFAULT,4096,1024,4096,16,11,4194304,5,0,6227.872,6232.448,6727.232,494.784,PASS,0
wm_S5_d1_q16m2_rep3,3,4,3,sm_89,D1_PUSHSIG_OVERLAP,NVSHMEM,C0_DEFAULT,4096,1024,4096,16,12,4194304,5,0,6770.816,6777.600,7271.424,493.824,PASS,0
wm_S5_d1_q16m2_rep3,3,4,3,sm_89,D1_PUSHSIG_OVERLAP,NVSHMEM,C0_DEFAULT,4096,1024,4096,16,13,4194304,5,0,7320.384,7323.936,7817.376,493.440,PASS,0
wm_S5_d1_q16m2_rep3,3,4,3,sm_89,D1_PUSHSIG_OVERLAP,NVSHMEM,C0_DEFAULT,4096,1024,4096,16,14,4194304,5,0,7855.200,7859.232,8346.656,487.424,PASS,0
wm_S5_d1_q16m2_rep3,3,4,3,sm_89,D1_PUSHSIG_OVERLAP,NVSHMEM,C0_DEFAULT,4096,1024,4096,16,15,4194304,5,0,8371.969,8375.488,8861.824,486.336,PASS,0
wm_S5_d1_q16m2_rep3,3,4,3,sm_89,D1_PUSHSIG_OVERLAP,NVSHMEM,C0_DEFAULT,4096,1024,4096,16,0,4194304,6,0,255.904,262.048,754.304,492.256,PASS,0
wm_S5_d1_q16m2_rep3,3,4,3,sm_89,D1_PUSHSIG_OVERLAP,NVSHMEM,C0_DEFAULT,4096,1024,4096,16,1,4194304,6,0,792.736,797.664,1291.712,494.048,PASS,0
wm_S5_d1_q16m2_rep3,3,4,3,sm_89,D1_PUSHSIG_OVERLAP,NVSHMEM,C0_DEFAULT,4096,1024,4096,16,2,4194304,6,0,1332.960,1336.480,1832.992,496.512,PASS,0
wm_S5_d1_q16m2_rep3,3,4,3,sm_89,D1_PUSHSIG_OVERLAP,NVSHMEM,C0_DEFAULT,4096,1024,4096,16,3,4194304,6,0,1895.776,1906.304,2403.200,496.896,PASS,0
wm_S5_d1_q16m2_rep3,3,4,3,sm_89,D1_PUSHSIG_OVERLAP,NVSHMEM,C0_DEFAULT,4096,1024,4096,16,4,4194304,6,0,2447.392,2451.872,2943.744,491.872,PASS,0
wm_S5_d1_q16m2_rep3,3,4,3,sm_89,D1_PUSHSIG_OVERLAP,NVSHMEM,C0_DEFAULT,4096,1024,4096,16,5,4194304,6,0,2994.912,2998.496,3493.792,495.296,PASS,0
wm_S5_d1_q16m2_rep3,3,4,3,sm_89,D1_PUSHSIG_OVERLAP,NVSHMEM,C0_DEFAULT,4096,1024,4096,16,6,4194304,6,0,3538.112,3541.504,4039.776,498.272,PASS,0
wm_S5_d1_q16m2_rep3,3,4,3,sm_89,D1_PUSHSIG_OVERLAP,NVSHMEM,C0_DEFAULT,4096,1024,4096,16,7,4194304,6,0,4110.400,4114.080,4608.608,494.528,PASS,0
wm_S5_d1_q16m2_rep3,3,4,3,sm_89,D1_PUSHSIG_OVERLAP,NVSHMEM,C0_DEFAULT,4096,1024,4096,16,8,4194304,6,0,4653.952,4657.376,5149.568,492.192,PASS,0
wm_S5_d1_q16m2_rep3,3,4,3,sm_89,D1_PUSHSIG_OVERLAP,NVSHMEM,C0_DEFAULT,4096,1024,4096,16,9,4194304,6,0,5202.880,5206.496,5701.184,494.688,PASS,0
wm_S5_d1_q16m2_rep3,3,4,3,sm_89,D1_PUSHSIG_OVERLAP,NVSHMEM,C0_DEFAULT,4096,1024,4096,16,10,4194304,6,0,5764.064,5767.584,6261.248,493.664,PASS,0
wm_S5_d1_q16m2_rep3,3,4,3,sm_89,D1_PUSHSIG_OVERLAP,NVSHMEM,C0_DEFAULT,4096,1024,4096,16,11,4194304,6,0,6313.184,6316.672,6813.088,496.416,PASS,0
wm_S5_d1_q16m2_rep3,3,4,3,sm_89,D1_PUSHSIG_OVERLAP,NVSHMEM,C0_DEFAULT,4096,1024,4096,16,12,4194304,6,0,6885.632,6898.496,7398.784,500.288,PASS,0
wm_S5_d1_q16m2_rep3,3,4,3,sm_89,D1_PUSHSIG_OVERLAP,NVSHMEM,C0_DEFAULT,4096,1024,4096,16,13,4194304,6,0,7441.824,7445.280,7936.544,491.264,PASS,0
wm_S5_d1_q16m2_rep3,3,4,3,sm_89,D1_PUSHSIG_OVERLAP,NVSHMEM,C0_DEFAULT,4096,1024,4096,16,14,4194304,6,0,7980.288,7984.608,8472.288,487.680,PASS,0
wm_S5_d1_q16m2_rep3,3,4,3,sm_89,D1_PUSHSIG_OVERLAP,NVSHMEM,C0_DEFAULT,4096,1024,4096,16,15,4194304,6,0,8497.856,8501.344,8987.775,486.432,PASS,0
wm_S5_d1_q16m2_rep3,3,4,3,sm_89,D1_PUSHSIG_OVERLAP,NVSHMEM,C0_DEFAULT,4096,1024,4096,16,0,4194304,7,0,244.000,247.488,743.936,496.448,PASS,0
wm_S5_d1_q16m2_rep3,3,4,3,sm_89,D1_PUSHSIG_OVERLAP,NVSHMEM,C0_DEFAULT,4096,1024,4096,16,1,4194304,7,0,786.144,789.696,1285.696,496.000,PASS,0
wm_S5_d1_q16m2_rep3,3,4,3,sm_89,D1_PUSHSIG_OVERLAP,NVSHMEM,C0_DEFAULT,4096,1024,4096,16,2,4194304,7,0,1351.936,1362.272,1864.864,502.592,PASS,0
wm_S5_d1_q16m2_rep3,3,4,3,sm_89,D1_PUSHSIG_OVERLAP,NVSHMEM,C0_DEFAULT,4096,1024,4096,16,3,4194304,7,0,1910.048,1916.256,2415.040,498.784,PASS,0
wm_S5_d1_q16m2_rep3,3,4,3,sm_89,D1_PUSHSIG_OVERLAP,NVSHMEM,C0_DEFAULT,4096,1024,4096,16,4,4194304,7,0,2462.912,2470.880,2965.984,495.104,PASS,0
wm_S5_d1_q16m2_rep3,3,4,3,sm_89,D1_PUSHSIG_OVERLAP,NVSHMEM,C0_DEFAULT,4096,1024,4096,16,5,4194304,7,0,3003.424,3006.848,3502.272,495.424,PASS,0
wm_S5_d1_q16m2_rep3,3,4,3,sm_89,D1_PUSHSIG_OVERLAP,NVSHMEM,C0_DEFAULT,4096,1024,4096,16,6,4194304,7,0,3568.224,3571.680,4063.904,492.224,PASS,0
wm_S5_d1_q16m2_rep3,3,4,3,sm_89,D1_PUSHSIG_OVERLAP,NVSHMEM,C0_DEFAULT,4096,1024,4096,16,7,4194304,7,0,4106.016,4109.472,4602.048,492.576,PASS,0
wm_S5_d1_q16m2_rep3,3,4,3,sm_89,D1_PUSHSIG_OVERLAP,NVSHMEM,C0_DEFAULT,4096,1024,4096,16,8,4194304,7,0,4643.264,4646.784,5141.728,494.944,PASS,0
wm_S5_d1_q16m2_rep3,3,4,3,sm_89,D1_PUSHSIG_OVERLAP,NVSHMEM,C0_DEFAULT,4096,1024,4096,16,9,4194304,7,0,5184.352,5191.072,5687.872,496.800,PASS,0
wm_S5_d1_q16m2_rep3,3,4,3,sm_89,D1_PUSHSIG_OVERLAP,NVSHMEM,C0_DEFAULT,4096,1024,4096,16,10,4194304,7,0,5727.872,5731.552,6226.080,494.528,PASS,0
wm_S5_d1_q16m2_rep3,3,4,3,sm_89,D1_PUSHSIG_OVERLAP,NVSHMEM,C0_DEFAULT,4096,1024,4096,16,11,4194304,7,0,6265.024,6268.480,6761.760,493.280,PASS,0
wm_S5_d1_q16m2_rep3,3,4,3,sm_89,D1_PUSHSIG_OVERLAP,NVSHMEM,C0_DEFAULT,4096,1024,4096,16,12,4194304,7,0,6812.352,6819.200,7317.696,498.496,PASS,0
wm_S5_d1_q16m2_rep3,3,4,3,sm_89,D1_PUSHSIG_OVERLAP,NVSHMEM,C0_DEFAULT,4096,1024,4096,16,13,4194304,7,0,7360.960,7367.648,7863.776,496.128,PASS,0
wm_S5_d1_q16m2_rep3,3,4,3,sm_89,D1_PUSHSIG_OVERLAP,NVSHMEM,C0_DEFAULT,4096,1024,4096,16,14,4194304,7,0,7907.520,7912.896,8399.744,486.848,PASS,0
wm_S5_d1_q16m2_rep3,3,4,3,sm_89,D1_PUSHSIG_OVERLAP,NVSHMEM,C0_DEFAULT,4096,1024,4096,16,15,4194304,7,0,8425.088,8428.800,8915.872,487.072,PASS,0
wm_S5_d1_q16m2_rep3,3,4,3,sm_89,D1_PUSHSIG_OVERLAP,NVSHMEM,C0_DEFAULT,4096,1024,4096,16,0,4194304,8,0,259.008,262.464,758.464,496.000,PASS,0
wm_S5_d1_q16m2_rep3,3,4,3,sm_89,D1_PUSHSIG_OVERLAP,NVSHMEM,C0_DEFAULT,4096,1024,4096,16,1,4194304,8,0,819.424,822.912,1317.792,494.880,PASS,0
wm_S5_d1_q16m2_rep3,3,4,3,sm_89,D1_PUSHSIG_OVERLAP,NVSHMEM,C0_DEFAULT,4096,1024,4096,16,2,4194304,8,0,1357.632,1361.376,1857.312,495.936,PASS,0
wm_S5_d1_q16m2_rep3,3,4,3,sm_89,D1_PUSHSIG_OVERLAP,NVSHMEM,C0_DEFAULT,4096,1024,4096,16,3,4194304,8,0,1896.800,1903.424,2400.608,497.184,PASS,0
wm_S5_d1_q16m2_rep3,3,4,3,sm_89,D1_PUSHSIG_OVERLAP,NVSHMEM,C0_DEFAULT,4096,1024,4096,16,4,4194304,8,0,2445.600,2449.952,2941.472,491.520,PASS,0
wm_S5_d1_q16m2_rep3,3,4,3,sm_89,D1_PUSHSIG_OVERLAP,NVSHMEM,C0_DEFAULT,4096,1024,4096,16,5,4194304,8,0,2986.944,2991.712,3490.080,498.368,PASS,0
wm_S5_d1_q16m2_rep3,3,4,3,sm_89,D1_PUSHSIG_OVERLAP,NVSHMEM,C0_DEFAULT,4096,1024,4096,16,6,4194304,8,0,3541.120,3545.088,4040.672,495.584,PASS,0
wm_S5_d1_q16m2_rep3,3,4,3,sm_89,D1_PUSHSIG_OVERLAP,NVSHMEM,C0_DEFAULT,4096,1024,4096,16,7,4194304,8,0,4084.384,4088.192,4580.704,492.512,PASS,0
wm_S5_d1_q16m2_rep3,3,4,3,sm_89,D1_PUSHSIG_OVERLAP,NVSHMEM,C0_DEFAULT,4096,1024,4096,16,8,4194304,8,0,4627.264,4631.200,5121.152,489.952,PASS,0
wm_S5_d1_q16m2_rep3,3,4,3,sm_89,D1_PUSHSIG_OVERLAP,NVSHMEM,C0_DEFAULT,4096,1024,4096,16,9,4194304,8,0,5161.760,5165.312,5656.096,490.784,PASS,0
wm_S5_d1_q16m2_rep3,3,4,3,sm_89,D1_PUSHSIG_OVERLAP,NVSHMEM,C0_DEFAULT,4096,1024,4096,16,10,4194304,8,0,5700.672,5704.256,6210.592,506.336,PASS,0
wm_S5_d1_q16m2_rep3,3,4,3,sm_89,D1_PUSHSIG_OVERLAP,NVSHMEM,C0_DEFAULT,4096,1024,4096,16,11,4194304,8,0,6270.272,6277.184,6770.656,493.472,PASS,0
wm_S5_d1_q16m2_rep3,3,4,3,sm_89,D1_PUSHSIG_OVERLAP,NVSHMEM,C0_DEFAULT,4096,1024,4096,16,12,4194304,8,0,6831.936,6836.352,7326.560,490.208,PASS,0
wm_S5_d1_q16m2_rep3,3,4,3,sm_89,D1_PUSHSIG_OVERLAP,NVSHMEM,C0_DEFAULT,4096,1024,4096,16,13,4194304,8,0,7367.968,7371.488,7862.016,490.528,PASS,0
wm_S5_d1_q16m2_rep3,3,4,3,sm_89,D1_PUSHSIG_OVERLAP,NVSHMEM,C0_DEFAULT,4096,1024,4096,16,14,4194304,8,0,7909.600,7913.472,8406.145,492.672,PASS,0
wm_S5_d1_q16m2_rep3,3,4,3,sm_89,D1_PUSHSIG_OVERLAP,NVSHMEM,C0_DEFAULT,4096,1024,4096,16,15,4194304,8,0,8459.809,8463.328,8950.464,487.136,PASS,0
wm_S5_d1_q16m2_rep3,3,4,3,sm_89,D1_PUSHSIG_OVERLAP,NVSHMEM,C0_DEFAULT,4096,1024,4096,16,0,4194304,9,0,239.264,242.944,739.648,496.704,PASS,0
wm_S5_d1_q16m2_rep3,3,4,3,sm_89,D1_PUSHSIG_OVERLAP,NVSHMEM,C0_DEFAULT,4096,1024,4096,16,1,4194304,9,0,781.984,785.472,1279.552,494.080,PASS,0
wm_S5_d1_q16m2_rep3,3,4,3,sm_89,D1_PUSHSIG_OVERLAP,NVSHMEM,C0_DEFAULT,4096,1024,4096,16,2,4194304,9,0,1322.720,1328.768,1824.960,496.192,PASS,0
wm_S5_d1_q16m2_rep3,3,4,3,sm_89,D1_PUSHSIG_OVERLAP,NVSHMEM,C0_DEFAULT,4096,1024,4096,16,3,4194304,9,0,1863.776,1867.520,2364.064,496.544,PASS,0
wm_S5_d1_q16m2_rep3,3,4,3,sm_89,D1_PUSHSIG_OVERLAP,NVSHMEM,C0_DEFAULT,4096,1024,4096,16,4,4194304,9,0,2412.896,2424.576,2923.104,498.528,PASS,0
wm_S5_d1_q16m2_rep3,3,4,3,sm_89,D1_PUSHSIG_OVERLAP,NVSHMEM,C0_DEFAULT,4096,1024,4096,16,5,4194304,9,0,2960.928,2964.480,3459.840,495.360,PASS,0
wm_S5_d1_q16m2_rep3,3,4,3,sm_89,D1_PUSHSIG_OVERLAP,NVSHMEM,C0_DEFAULT,4096,1024,4096,16,6,4194304,9,0,3500.384,3503.776,3995.584,491.808,PASS,0
wm_S5_d1_q16m2_rep3,3,4,3,sm_89,D1_PUSHSIG_OVERLAP,NVSHMEM,C0_DEFAULT,4096,1024,4096,16,7,4194304,9,0,4036.992,4041.120,4538.976,497.856,PASS,0
wm_S5_d1_q16m2_rep3,3,4,3,sm_89,D1_PUSHSIG_OVERLAP,NVSHMEM,C0_DEFAULT,4096,1024,4096,16,8,4194304,9,0,4590.656,4596.864,5091.488,494.624,PASS,0
wm_S5_d1_q16m2_rep3,3,4,3,sm_89,D1_PUSHSIG_OVERLAP,NVSHMEM,C0_DEFAULT,4096,1024,4096,16,9,4194304,9,0,5134.656,5141.440,5637.056,495.616,PASS,0
wm_S5_d1_q16m2_rep3,3,4,3,sm_89,D1_PUSHSIG_OVERLAP,NVSHMEM,C0_DEFAULT,4096,1024,4096,16,10,4194304,9,0,5678.720,5683.616,6176.608,492.992,PASS,0
wm_S5_d1_q16m2_rep3,3,4,3,sm_89,D1_PUSHSIG_OVERLAP,NVSHMEM,C0_DEFAULT,4096,1024,4096,16,11,4194304,9,0,6218.656,6225.088,6720.352,495.264,PASS,0
wm_S5_d1_q16m2_rep3,3,4,3,sm_89,D1_PUSHSIG_OVERLAP,NVSHMEM,C0_DEFAULT,4096,1024,4096,16,12,4194304,9,0,6767.744,6775.008,7273.856,498.848,PASS,0
wm_S5_d1_q16m2_rep3,3,4,3,sm_89,D1_PUSHSIG_OVERLAP,NVSHMEM,C0_DEFAULT,4096,1024,4096,16,13,4194304,9,0,7321.792,7328.544,7823.744,495.200,PASS,0
wm_S5_d1_q16m2_rep3,3,4,3,sm_89,D1_PUSHSIG_OVERLAP,NVSHMEM,C0_DEFAULT,4096,1024,4096,16,14,4194304,9,0,7866.304,7871.168,8358.496,487.328,PASS,0
wm_S5_d1_q16m2_rep3,3,4,3,sm_89,D1_PUSHSIG_OVERLAP,NVSHMEM,C0_DEFAULT,4096,1024,4096,16,15,4194304,9,0,8383.264,8386.752,8874.048,487.296,PASS,0
wm_S5_d1_q16m2_rep3,3,4,3,sm_89,D1_PUSHSIG_OVERLAP,NVSHMEM,C0_DEFAULT,4096,1024,4096,16,0,4194304,10,0,264.864,268.448,761.632,493.184,PASS,0
wm_S5_d1_q16m2_rep3,3,4,3,sm_89,D1_PUSHSIG_OVERLAP,NVSHMEM,C0_DEFAULT,4096,1024,4096,16,1,4194304,10,0,805.440,809.632,1306.240,496.608,PASS,0
wm_S5_d1_q16m2_rep3,3,4,3,sm_89,D1_PUSHSIG_OVERLAP,NVSHMEM,C0_DEFAULT,4096,1024,4096,16,2,4194304,10,0,1356.128,1359.936,1856.352,496.416,PASS,0
wm_S5_d1_q16m2_rep3,3,4,3,sm_89,D1_PUSHSIG_OVERLAP,NVSHMEM,C0_DEFAULT,4096,1024,4096,16,3,4194304,10,0,1913.024,1920.832,2421.792,500.960,PASS,0
wm_S5_d1_q16m2_rep3,3,4,3,sm_89,D1_PUSHSIG_OVERLAP,NVSHMEM,C0_DEFAULT,4096,1024,4096,16,4,4194304,10,0,2460.512,2464.096,2956.960,492.864,PASS,0
wm_S5_d1_q16m2_rep3,3,4,3,sm_89,D1_PUSHSIG_OVERLAP,NVSHMEM,C0_DEFAULT,4096,1024,4096,16,5,4194304,10,0,3002.752,3006.240,3498.272,492.032,PASS,0
wm_S5_d1_q16m2_rep3,3,4,3,sm_89,D1_PUSHSIG_OVERLAP,NVSHMEM,C0_DEFAULT,4096,1024,4096,16,6,4194304,10,0,3544.736,3548.480,4044.512,496.032,PASS,0
wm_S5_d1_q16m2_rep3,3,4,3,sm_89,D1_PUSHSIG_OVERLAP,NVSHMEM,C0_DEFAULT,4096,1024,4096,16,7,4194304,10,0,4103.936,4114.528,4618.720,504.192,PASS,0
wm_S5_d1_q16m2_rep3,3,4,3,sm_89,D1_PUSHSIG_OVERLAP,NVSHMEM,C0_DEFAULT,4096,1024,4096,16,8,4194304,10,0,4676.160,4690.720,5195.776,505.056,PASS,0
wm_S5_d1_q16m2_rep3,3,4,3,sm_89,D1_PUSHSIG_OVERLAP,NVSHMEM,C0_DEFAULT,4096,1024,4096,16,9,4194304,10,0,5245.248,5251.008,5748.000,496.992,PASS,0
wm_S5_d1_q16m2_rep3,3,4,3,sm_89,D1_PUSHSIG_OVERLAP,NVSHMEM,C0_DEFAULT,4096,1024,4096,16,10,4194304,10,0,5788.480,5792.928,6287.488,494.560,PASS,0
wm_S5_d1_q16m2_rep3,3,4,3,sm_89,D1_PUSHSIG_OVERLAP,NVSHMEM,C0_DEFAULT,4096,1024,4096,16,11,4194304,10,0,6325.088,6329.664,6822.304,492.640,PASS,0
wm_S5_d1_q16m2_rep3,3,4,3,sm_89,D1_PUSHSIG_OVERLAP,NVSHMEM,C0_DEFAULT,4096,1024,4096,16,12,4194304,10,0,6868.320,6875.360,7370.048,494.688,PASS,0
wm_S5_d1_q16m2_rep3,3,4,3,sm_89,D1_PUSHSIG_OVERLAP,NVSHMEM,C0_DEFAULT,4096,1024,4096,16,13,4194304,10,0,7406.592,7410.336,7899.648,489.312,PASS,0
wm_S5_d1_q16m2_rep3,3,4,3,sm_89,D1_PUSHSIG_OVERLAP,NVSHMEM,C0_DEFAULT,4096,1024,4096,16,14,4194304,10,0,7940.416,7944.544,8438.816,494.272,PASS,0
wm_S5_d1_q16m2_rep3,3,4,3,sm_89,D1_PUSHSIG_OVERLAP,NVSHMEM,C0_DEFAULT,4096,1024,4096,16,15,4194304,10,0,8477.185,8483.712,8972.607,488.896,PASS,0
wm_S5_d1_q16m2_rep3,3,4,3,sm_89,D1_PUSHSIG_OVERLAP,NVSHMEM,C0_DEFAULT,4096,1024,4096,16,0,4194304,11,0,246.080,250.368,745.120,494.752,PASS,0
wm_S5_d1_q16m2_rep3,3,4,3,sm_89,D1_PUSHSIG_OVERLAP,NVSHMEM,C0_DEFAULT,4096,1024,4096,16,1,4194304,11,0,786.784,790.144,1282.016,491.872,PASS,0
wm_S5_d1_q16m2_rep3,3,4,3,sm_89,D1_PUSHSIG_OVERLAP,NVSHMEM,C0_DEFAULT,4096,1024,4096,16,2,4194304,11,0,1330.624,1334.176,1829.056,494.880,PASS,0
wm_S5_d1_q16m2_rep3,3,4,3,sm_89,D1_PUSHSIG_OVERLAP,NVSHMEM,C0_DEFAULT,4096,1024,4096,16,3,4194304,11,0,1879.424,1886.016,2384.992,498.976,PASS,0
wm_S5_d1_q16m2_rep3,3,4,3,sm_89,D1_PUSHSIG_OVERLAP,NVSHMEM,C0_DEFAULT,4096,1024,4096,16,4,4194304,11,0,2441.024,2450.944,2947.008,496.064,PASS,0
wm_S5_d1_q16m2_rep3,3,4,3,sm_89,D1_PUSHSIG_OVERLAP,NVSHMEM,C0_DEFAULT,4096,1024,4096,16,5,4194304,11,0,2993.408,2997.440,3491.136,493.696,PASS,0
wm_S5_d1_q16m2_rep3,3,4,3,sm_89,D1_PUSHSIG_OVERLAP,NVSHMEM,C0_DEFAULT,4096,1024,4096,16,6,4194304,11,0,3576.224,3580.096,4075.136,495.040,PASS,0
wm_S5_d1_q16m2_rep3,3,4,3,sm_89,D1_PUSHSIG_OVERLAP,NVSHMEM,C0_DEFAULT,4096,1024,4096,16,7,4194304,11,0,4115.904,4119.360,4611.200,491.840,PASS,0
wm_S5_d1_q16m2_rep3,3,4,3,sm_89,D1_PUSHSIG_OVERLAP,NVSHMEM,C0_DEFAULT,4096,1024,4096,16,8,4194304,11,0,4657.024,4660.448,5153.856,493.408,PASS,0
wm_S5_d1_q16m2_rep3,3,4,3,sm_89,D1_PUSHSIG_OVERLAP,NVSHMEM,C0_DEFAULT,4096,1024,4096,16,9,4194304,11,0,5197.056,5203.424,5700.288,496.864,PASS,0
wm_S5_d1_q16m2_rep3,3,4,3,sm_89,D1_PUSHSIG_OVERLAP,NVSHMEM,C0_DEFAULT,4096,1024,4096,16,10,4194304,11,0,5744.736,5748.320,6242.816,494.496,PASS,0
wm_S5_d1_q16m2_rep3,3,4,3,sm_89,D1_PUSHSIG_OVERLAP,NVSHMEM,C0_DEFAULT,4096,1024,4096,16,11,4194304,11,0,6299.040,6305.888,6803.008,497.120,PASS,0
wm_S5_d1_q16m2_rep3,3,4,3,sm_89,D1_PUSHSIG_OVERLAP,NVSHMEM,C0_DEFAULT,4096,1024,4096,16,12,4194304,11,0,6845.792,6856.032,7351.008,494.976,PASS,0
wm_S5_d1_q16m2_rep3,3,4,3,sm_89,D1_PUSHSIG_OVERLAP,NVSHMEM,C0_DEFAULT,4096,1024,4096,16,13,4194304,11,0,7397.248,7400.928,7895.936,495.008,PASS,0
wm_S5_d1_q16m2_rep3,3,4,3,sm_89,D1_PUSHSIG_OVERLAP,NVSHMEM,C0_DEFAULT,4096,1024,4096,16,14,4194304,11,0,7938.976,7944.032,8431.840,487.808,PASS,0
wm_S5_d1_q16m2_rep3,3,4,3,sm_89,D1_PUSHSIG_OVERLAP,NVSHMEM,C0_DEFAULT,4096,1024,4096,16,15,4194304,11,0,8457.089,8460.607,8947.296,486.688,PASS,0
wm_S5_d1_q16m2_rep3,3,4,3,sm_89,D1_PUSHSIG_OVERLAP,NVSHMEM,C0_DEFAULT,4096,1024,4096,16,0,4194304,12,0,251.872,255.296,749.664,494.368,PASS,0
wm_S5_d1_q16m2_rep3,3,4,3,sm_89,D1_PUSHSIG_OVERLAP,NVSHMEM,C0_DEFAULT,4096,1024,4096,16,1,4194304,12,0,815.264,818.720,1310.624,491.904,PASS,0
wm_S5_d1_q16m2_rep3,3,4,3,sm_89,D1_PUSHSIG_OVERLAP,NVSHMEM,C0_DEFAULT,4096,1024,4096,16,2,4194304,12,0,1364.672,1368.160,1860.032,491.872,PASS,0
wm_S5_d1_q16m2_rep3,3,4,3,sm_89,D1_PUSHSIG_OVERLAP,NVSHMEM,C0_DEFAULT,4096,1024,4096,16,3,4194304,12,0,1902.976,1909.568,2405.952,496.384,PASS,0
wm_S5_d1_q16m2_rep3,3,4,3,sm_89,D1_PUSHSIG_OVERLAP,NVSHMEM,C0_DEFAULT,4096,1024,4096,16,4,4194304,12,0,2446.848,2450.304,2943.232,492.928,PASS,0
wm_S5_d1_q16m2_rep3,3,4,3,sm_89,D1_PUSHSIG_OVERLAP,NVSHMEM,C0_DEFAULT,4096,1024,4096,16,5,4194304,12,0,2989.536,2996.288,3491.552,495.264,PASS,0
wm_S5_d1_q16m2_rep3,3,4,3,sm_89,D1_PUSHSIG_OVERLAP,NVSHMEM,C0_DEFAULT,4096,1024,4096,16,6,4194304,12,0,3555.872,3559.872,4052.512,492.640,PASS,0
wm_S5_d1_q16m2_rep3,3,4,3,sm_89,D1_PUSHSIG_OVERLAP,NVSHMEM,C0_DEFAULT,4096,1024,4096,16,7,4194304,12,0,4090.048,4093.664,4587.712,494.048,PASS,0
wm_S5_d1_q16m2_rep3,3,4,3,sm_89,D1_PUSHSIG_OVERLAP,NVSHMEM,C0_DEFAULT,4096,1024,4096,16,8,4194304,12,0,4626.560,4630.112,5121.888,491.776,PASS,0
wm_S5_d1_q16m2_rep3,3,4,3,sm_89,D1_PUSHSIG_OVERLAP,NVSHMEM,C0_DEFAULT,4096,1024,4096,16,9,4194304,12,0,5168.736,5172.224,5666.368,494.144,PASS,0
wm_S5_d1_q16m2_rep3,3,4,3,sm_89,D1_PUSHSIG_OVERLAP,NVSHMEM,C0_DEFAULT,4096,1024,4096,16,10,4194304,12,0,5712.864,5716.384,6208.576,492.192,PASS,0
wm_S5_d1_q16m2_rep3,3,4,3,sm_89,D1_PUSHSIG_OVERLAP,NVSHMEM,C0_DEFAULT,4096,1024,4096,16,11,4194304,12,0,6253.376,6260.576,6754.496,493.920,PASS,0
wm_S5_d1_q16m2_rep3,3,4,3,sm_89,D1_PUSHSIG_OVERLAP,NVSHMEM,C0_DEFAULT,4096,1024,4096,16,12,4194304,12,0,6855.904,6859.552,7352.928,493.376,PASS,0
wm_S5_d1_q16m2_rep3,3,4,3,sm_89,D1_PUSHSIG_OVERLAP,NVSHMEM,C0_DEFAULT,4096,1024,4096,16,13,4194304,12,0,7391.328,7395.040,7888.192,493.152,PASS,0
wm_S5_d1_q16m2_rep3,3,4,3,sm_89,D1_PUSHSIG_OVERLAP,NVSHMEM,C0_DEFAULT,4096,1024,4096,16,14,4194304,12,0,7928.224,7932.160,8419.169,487.008,PASS,0
wm_S5_d1_q16m2_rep3,3,4,3,sm_89,D1_PUSHSIG_OVERLAP,NVSHMEM,C0_DEFAULT,4096,1024,4096,16,15,4194304,12,0,8444.225,8447.744,8934.784,487.040,PASS,0
wm_S5_d1_q16m2_rep3,3,4,3,sm_89,D1_PUSHSIG_OVERLAP,NVSHMEM,C0_DEFAULT,4096,1024,4096,16,0,4194304,13,0,245.024,248.448,743.424,494.976,PASS,0
wm_S5_d1_q16m2_rep3,3,4,3,sm_89,D1_PUSHSIG_OVERLAP,NVSHMEM,C0_DEFAULT,4096,1024,4096,16,1,4194304,13,0,785.376,790.144,1284.096,493.952,PASS,0
wm_S5_d1_q16m2_rep3,3,4,3,sm_89,D1_PUSHSIG_OVERLAP,NVSHMEM,C0_DEFAULT,4096,1024,4096,16,2,4194304,13,0,1327.072,1330.752,1823.456,492.704,PASS,0
wm_S5_d1_q16m2_rep3,3,4,3,sm_89,D1_PUSHSIG_OVERLAP,NVSHMEM,C0_DEFAULT,4096,1024,4096,16,3,4194304,13,0,1868.192,1871.648,2367.072,495.424,PASS,0
wm_S5_d1_q16m2_rep3,3,4,3,sm_89,D1_PUSHSIG_OVERLAP,NVSHMEM,C0_DEFAULT,4096,1024,4096,16,4,4194304,13,0,2417.088,2423.840,2918.816,494.976,PASS,0
wm_S5_d1_q16m2_rep3,3,4,3,sm_89,D1_PUSHSIG_OVERLAP,NVSHMEM,C0_DEFAULT,4096,1024,4096,16,5,4194304,13,0,2959.456,2966.144,3461.696,495.552,PASS,0
wm_S5_d1_q16m2_rep3,3,4,3,sm_89,D1_PUSHSIG_OVERLAP,NVSHMEM,C0_DEFAULT,4096,1024,4096,16,6,4194304,13,0,3503.136,3507.680,3999.616,491.936,PASS,0
wm_S5_d1_q16m2_rep3,3,4,3,sm_89,D1_PUSHSIG_OVERLAP,NVSHMEM,C0_DEFAULT,4096,1024,4096,16,7,4194304,13,0,4036.768,4041.760,4534.368,492.608,PASS,0
wm_S5_d1_q16m2_rep3,3,4,3,sm_89,D1_PUSHSIG_OVERLAP,NVSHMEM,C0_DEFAULT,4096,1024,4096,16,8,4194304,13,0,4579.392,4586.144,5081.952,495.808,PASS,0
wm_S5_d1_q16m2_rep3,3,4,3,sm_89,D1_PUSHSIG_OVERLAP,NVSHMEM,C0_DEFAULT,4096,1024,4096,16,9,4194304,13,0,5134.144,5138.144,5631.008,492.864,PASS,0
wm_S5_d1_q16m2_rep3,3,4,3,sm_89,D1_PUSHSIG_OVERLAP,NVSHMEM,C0_DEFAULT,4096,1024,4096,16,10,4194304,13,0,5677.152,5680.640,6172.640,492.000,PASS,0
wm_S5_d1_q16m2_rep3,3,4,3,sm_89,D1_PUSHSIG_OVERLAP,NVSHMEM,C0_DEFAULT,4096,1024,4096,16,11,4194304,13,0,6217.504,6221.184,6715.904,494.720,PASS,0
wm_S5_d1_q16m2_rep3,3,4,3,sm_89,D1_PUSHSIG_OVERLAP,NVSHMEM,C0_DEFAULT,4096,1024,4096,16,12,4194304,13,0,6768.576,6777.952,7269.824,491.872,PASS,0
wm_S5_d1_q16m2_rep3,3,4,3,sm_89,D1_PUSHSIG_OVERLAP,NVSHMEM,C0_DEFAULT,4096,1024,4096,16,13,4194304,13,0,7315.488,7322.592,7814.432,491.840,PASS,0
wm_S5_d1_q16m2_rep3,3,4,3,sm_89,D1_PUSHSIG_OVERLAP,NVSHMEM,C0_DEFAULT,4096,1024,4096,16,14,4194304,13,0,7873.568,7878.496,8366.080,487.584,PASS,0
wm_S5_d1_q16m2_rep3,3,4,3,sm_89,D1_PUSHSIG_OVERLAP,NVSHMEM,C0_DEFAULT,4096,1024,4096,16,15,4194304,13,0,8390.976,8394.496,8881.920,487.424,PASS,0
wm_S5_d1_q16m2_rep3,3,4,3,sm_89,D1_PUSHSIG_OVERLAP,NVSHMEM,C0_DEFAULT,4096,1024,4096,16,0,4194304,14,0,262.400,265.824,761.280,495.456,PASS,0
wm_S5_d1_q16m2_rep3,3,4,3,sm_89,D1_PUSHSIG_OVERLAP,NVSHMEM,C0_DEFAULT,4096,1024,4096,16,1,4194304,14,0,835.392,846.944,1345.696,498.752,PASS,0
wm_S5_d1_q16m2_rep3,3,4,3,sm_89,D1_PUSHSIG_OVERLAP,NVSHMEM,C0_DEFAULT,4096,1024,4096,16,2,4194304,14,0,1387.648,1391.872,1884.704,492.832,PASS,0
wm_S5_d1_q16m2_rep3,3,4,3,sm_89,D1_PUSHSIG_OVERLAP,NVSHMEM,C0_DEFAULT,4096,1024,4096,16,3,4194304,14,0,1927.008,1935.296,2427.328,492.032,PASS,0
wm_S5_d1_q16m2_rep3,3,4,3,sm_89,D1_PUSHSIG_OVERLAP,NVSHMEM,C0_DEFAULT,4096,1024,4096,16,4,4194304,14,0,2468.160,2471.936,2961.824,489.888,PASS,0
wm_S5_d1_q16m2_rep3,3,4,3,sm_89,D1_PUSHSIG_OVERLAP,NVSHMEM,C0_DEFAULT,4096,1024,4096,16,5,4194304,14,0,3006.240,3010.752,3501.568,490.816,PASS,0
wm_S5_d1_q16m2_rep3,3,4,3,sm_89,D1_PUSHSIG_OVERLAP,NVSHMEM,C0_DEFAULT,4096,1024,4096,16,6,4194304,14,0,3545.824,3549.632,4044.480,494.848,PASS,0
wm_S5_d1_q16m2_rep3,3,4,3,sm_89,D1_PUSHSIG_OVERLAP,NVSHMEM,C0_DEFAULT,4096,1024,4096,16,7,4194304,14,0,4087.072,4090.784,4583.072,492.288,PASS,0
wm_S5_d1_q16m2_rep3,3,4,3,sm_89,D1_PUSHSIG_OVERLAP,NVSHMEM,C0_DEFAULT,4096,1024,4096,16,8,4194304,14,0,4622.496,4626.176,5120.768,494.592,PASS,0
wm_S5_d1_q16m2_rep3,3,4,3,sm_89,D1_PUSHSIG_OVERLAP,NVSHMEM,C0_DEFAULT,4096,1024,4096,16,9,4194304,14,0,5168.864,5174.464,5674.400,499.936,PASS,0
wm_S5_d1_q16m2_rep3,3,4,3,sm_89,D1_PUSHSIG_OVERLAP,NVSHMEM,C0_DEFAULT,4096,1024,4096,16,10,4194304,14,0,5713.568,5717.472,6209.216,491.744,PASS,0
wm_S5_d1_q16m2_rep3,3,4,3,sm_89,D1_PUSHSIG_OVERLAP,NVSHMEM,C0_DEFAULT,4096,1024,4096,16,11,4194304,14,0,6260.992,6265.088,6757.888,492.800,PASS,0
wm_S5_d1_q16m2_rep3,3,4,3,sm_89,D1_PUSHSIG_OVERLAP,NVSHMEM,C0_DEFAULT,4096,1024,4096,16,12,4194304,14,0,6800.608,6807.040,7299.200,492.160,PASS,0
wm_S5_d1_q16m2_rep3,3,4,3,sm_89,D1_PUSHSIG_OVERLAP,NVSHMEM,C0_DEFAULT,4096,1024,4096,16,13,4194304,14,0,7339.296,7349.632,7846.944,497.312,PASS,0
wm_S5_d1_q16m2_rep3,3,4,3,sm_89,D1_PUSHSIG_OVERLAP,NVSHMEM,C0_DEFAULT,4096,1024,4096,16,14,4194304,14,0,7897.760,7901.472,8388.544,487.072,PASS,0
wm_S5_d1_q16m2_rep3,3,4,3,sm_89,D1_PUSHSIG_OVERLAP,NVSHMEM,C0_DEFAULT,4096,1024,4096,16,15,4194304,14,0,8413.920,8417.568,8904.960,487.392,PASS,0
wm_S5_d1_q16m2_rep3,3,4,3,sm_89,D1_PUSHSIG_OVERLAP,NVSHMEM,C0_DEFAULT,4096,1024,4096,16,0,4194304,15,0,256.768,263.072,759.712,496.640,PASS,0
wm_S5_d1_q16m2_rep3,3,4,3,sm_89,D1_PUSHSIG_OVERLAP,NVSHMEM,C0_DEFAULT,4096,1024,4096,16,1,4194304,15,0,802.592,813.152,1313.568,500.416,PASS,0
wm_S5_d1_q16m2_rep3,3,4,3,sm_89,D1_PUSHSIG_OVERLAP,NVSHMEM,C0_DEFAULT,4096,1024,4096,16,2,4194304,15,0,1352.832,1356.672,1850.976,494.304,PASS,0
wm_S5_d1_q16m2_rep3,3,4,3,sm_89,D1_PUSHSIG_OVERLAP,NVSHMEM,C0_DEFAULT,4096,1024,4096,16,3,4194304,15,0,1917.376,1921.024,2414.496,493.472,PASS,0
wm_S5_d1_q16m2_rep3,3,4,3,sm_89,D1_PUSHSIG_OVERLAP,NVSHMEM,C0_DEFAULT,4096,1024,4096,16,4,4194304,15,0,2464.032,2467.776,2962.112,494.336,PASS,0
wm_S5_d1_q16m2_rep3,3,4,3,sm_89,D1_PUSHSIG_OVERLAP,NVSHMEM,C0_DEFAULT,4096,1024,4096,16,5,4194304,15,0,3006.528,3010.048,3506.880,496.832,PASS,0
wm_S5_d1_q16m2_rep3,3,4,3,sm_89,D1_PUSHSIG_OVERLAP,NVSHMEM,C0_DEFAULT,4096,1024,4096,16,6,4194304,15,0,3546.560,3550.336,4041.344,491.008,PASS,0
wm_S5_d1_q16m2_rep3,3,4,3,sm_89,D1_PUSHSIG_OVERLAP,NVSHMEM,C0_DEFAULT,4096,1024,4096,16,7,4194304,15,0,4079.776,4083.680,4577.280,493.600,PASS,0
wm_S5_d1_q16m2_rep3,3,4,3,sm_89,D1_PUSHSIG_OVERLAP,NVSHMEM,C0_DEFAULT,4096,1024,4096,16,8,4194304,15,0,4618.688,4626.048,5118.688,492.640,PASS,0
wm_S5_d1_q16m2_rep3,3,4,3,sm_89,D1_PUSHSIG_OVERLAP,NVSHMEM,C0_DEFAULT,4096,1024,4096,16,9,4194304,15,0,5158.752,5164.896,5661.664,496.768,PASS,0
wm_S5_d1_q16m2_rep3,3,4,3,sm_89,D1_PUSHSIG_OVERLAP,NVSHMEM,C0_DEFAULT,4096,1024,4096,16,10,4194304,15,0,5703.584,5711.040,6206.208,495.168,PASS,0
wm_S5_d1_q16m2_rep3,3,4,3,sm_89,D1_PUSHSIG_OVERLAP,NVSHMEM,C0_DEFAULT,4096,1024,4096,16,11,4194304,15,0,6248.000,6254.624,6748.224,493.600,PASS,0
wm_S5_d1_q16m2_rep3,3,4,3,sm_89,D1_PUSHSIG_OVERLAP,NVSHMEM,C0_DEFAULT,4096,1024,4096,16,12,4194304,15,0,6790.208,6795.200,7286.752,491.552,PASS,0
wm_S5_d1_q16m2_rep3,3,4,3,sm_89,D1_PUSHSIG_OVERLAP,NVSHMEM,C0_DEFAULT,4096,1024,4096,16,13,4194304,15,0,7329.760,7336.608,7831.040,494.432,PASS,0
wm_S5_d1_q16m2_rep3,3,4,3,sm_89,D1_PUSHSIG_OVERLAP,NVSHMEM,C0_DEFAULT,4096,1024,4096,16,14,4194304,15,0,7873.184,7876.864,8364.384,487.520,PASS,0
wm_S5_d1_q16m2_rep3,3,4,3,sm_89,D1_PUSHSIG_OVERLAP,NVSHMEM,C0_DEFAULT,4096,1024,4096,16,15,4194304,15,0,8389.792,8393.312,8881.056,487.744,PASS,0
wm_S5_d1_q16m2_rep3,3,4,3,sm_89,D1_PUSHSIG_OVERLAP,NVSHMEM,C0_DEFAULT,4096,1024,4096,16,0,4194304,16,0,239.296,242.784,739.712,496.928,PASS,0
wm_S5_d1_q16m2_rep3,3,4,3,sm_89,D1_PUSHSIG_OVERLAP,NVSHMEM,C0_DEFAULT,4096,1024,4096,16,1,4194304,16,0,802.880,806.816,1299.296,492.480,PASS,0
wm_S5_d1_q16m2_rep3,3,4,3,sm_89,D1_PUSHSIG_OVERLAP,NVSHMEM,C0_DEFAULT,4096,1024,4096,16,2,4194304,16,0,1347.712,1352.000,1848.448,496.448,PASS,0
wm_S5_d1_q16m2_rep3,3,4,3,sm_89,D1_PUSHSIG_OVERLAP,NVSHMEM,C0_DEFAULT,4096,1024,4096,16,3,4194304,16,0,1928.928,1938.144,2431.072,492.928,PASS,0
wm_S5_d1_q16m2_rep3,3,4,3,sm_89,D1_PUSHSIG_OVERLAP,NVSHMEM,C0_DEFAULT,4096,1024,4096,16,4,4194304,16,0,2474.592,2478.144,2970.560,492.416,PASS,0
wm_S5_d1_q16m2_rep3,3,4,3,sm_89,D1_PUSHSIG_OVERLAP,NVSHMEM,C0_DEFAULT,4096,1024,4096,16,5,4194304,16,0,3009.664,3014.272,3509.728,495.456,PASS,0
wm_S5_d1_q16m2_rep3,3,4,3,sm_89,D1_PUSHSIG_OVERLAP,NVSHMEM,C0_DEFAULT,4096,1024,4096,16,6,4194304,16,0,3580.544,3584.064,4078.272,494.208,PASS,0
wm_S5_d1_q16m2_rep3,3,4,3,sm_89,D1_PUSHSIG_OVERLAP,NVSHMEM,C0_DEFAULT,4096,1024,4096,16,7,4194304,16,0,4118.432,4121.952,4613.600,491.648,PASS,0
wm_S5_d1_q16m2_rep3,3,4,3,sm_89,D1_PUSHSIG_OVERLAP,NVSHMEM,C0_DEFAULT,4096,1024,4096,16,8,4194304,16,0,4654.688,4659.680,5152.992,493.312,PASS,0
wm_S5_d1_q16m2_rep3,3,4,3,sm_89,D1_PUSHSIG_OVERLAP,NVSHMEM,C0_DEFAULT,4096,1024,4096,16,9,4194304,16,0,5197.472,5201.088,5695.424,494.336,PASS,0
wm_S5_d1_q16m2_rep3,3,4,3,sm_89,D1_PUSHSIG_OVERLAP,NVSHMEM,C0_DEFAULT,4096,1024,4096,16,10,4194304,16,0,5739.232,5742.784,6234.368,491.584,PASS,0
wm_S5_d1_q16m2_rep3,3,4,3,sm_89,D1_PUSHSIG_OVERLAP,NVSHMEM,C0_DEFAULT,4096,1024,4096,16,11,4194304,16,0,6279.104,6282.592,6779.808,497.216,PASS,0
wm_S5_d1_q16m2_rep3,3,4,3,sm_89,D1_PUSHSIG_OVERLAP,NVSHMEM,C0_DEFAULT,4096,1024,4096,16,12,4194304,16,0,6845.248,6855.680,7350.368,494.688,PASS,0
wm_S5_d1_q16m2_rep3,3,4,3,sm_89,D1_PUSHSIG_OVERLAP,NVSHMEM,C0_DEFAULT,4096,1024,4096,16,13,4194304,16,0,7434.752,7438.240,7928.672,490.432,PASS,0
wm_S5_d1_q16m2_rep3,3,4,3,sm_89,D1_PUSHSIG_OVERLAP,NVSHMEM,C0_DEFAULT,4096,1024,4096,16,14,4194304,16,0,7965.600,7968.992,8456.447,487.456,PASS,0
wm_S5_d1_q16m2_rep3,3,4,3,sm_89,D1_PUSHSIG_OVERLAP,NVSHMEM,C0_DEFAULT,4096,1024,4096,16,15,4194304,16,0,8481.760,8485.280,8972.097,486.816,PASS,0
wm_S5_d1_q16m2_rep3,3,4,3,sm_89,D1_PUSHSIG_OVERLAP,NVSHMEM,C0_DEFAULT,4096,1024,4096,16,0,4194304,17,0,254.176,257.600,754.432,496.832,PASS,0
wm_S5_d1_q16m2_rep3,3,4,3,sm_89,D1_PUSHSIG_OVERLAP,NVSHMEM,C0_DEFAULT,4096,1024,4096,16,1,4194304,17,0,795.360,798.912,1292.192,493.280,PASS,0
wm_S5_d1_q16m2_rep3,3,4,3,sm_89,D1_PUSHSIG_OVERLAP,NVSHMEM,C0_DEFAULT,4096,1024,4096,16,2,4194304,17,0,1332.256,1335.776,1827.488,491.712,PASS,0
wm_S5_d1_q16m2_rep3,3,4,3,sm_89,D1_PUSHSIG_OVERLAP,NVSHMEM,C0_DEFAULT,4096,1024,4096,16,3,4194304,17,0,1868.192,1872.000,2365.120,493.120,PASS,0
wm_S5_d1_q16m2_rep3,3,4,3,sm_89,D1_PUSHSIG_OVERLAP,NVSHMEM,C0_DEFAULT,4096,1024,4096,16,4,4194304,17,0,2403.840,2407.360,2902.912,495.552,PASS,0
wm_S5_d1_q16m2_rep3,3,4,3,sm_89,D1_PUSHSIG_OVERLAP,NVSHMEM,C0_DEFAULT,4096,1024,4096,16,5,4194304,17,0,2941.792,2949.536,3446.048,496.512,PASS,0
wm_S5_d1_q16m2_rep3,3,4,3,sm_89,D1_PUSHSIG_OVERLAP,NVSHMEM,C0_DEFAULT,4096,1024,4096,16,6,4194304,17,0,3487.584,3492.992,3990.336,497.344,PASS,0
wm_S5_d1_q16m2_rep3,3,4,3,sm_89,D1_PUSHSIG_OVERLAP,NVSHMEM,C0_DEFAULT,4096,1024,4096,16,7,4194304,17,0,4041.152,4048.128,4544.896,496.768,PASS,0
wm_S5_d1_q16m2_rep3,3,4,3,sm_89,D1_PUSHSIG_OVERLAP,NVSHMEM,C0_DEFAULT,4096,1024,4096,16,8,4194304,17,0,4592.416,4595.968,5090.688,494.720,PASS,0
wm_S5_d1_q16m2_rep3,3,4,3,sm_89,D1_PUSHSIG_OVERLAP,NVSHMEM,C0_DEFAULT,4096,1024,4096,16,9,4194304,17,0,5137.664,5144.096,5642.848,498.752,PASS,0
wm_S5_d1_q16m2_rep3,3,4,3,sm_89,D1_PUSHSIG_OVERLAP,NVSHMEM,C0_DEFAULT,4096,1024,4096,16,10,4194304,17,0,5690.144,5697.088,6192.032,494.944,PASS,0
wm_S5_d1_q16m2_rep3,3,4,3,sm_89,D1_PUSHSIG_OVERLAP,NVSHMEM,C0_DEFAULT,4096,1024,4096,16,11,4194304,17,0,6236.704,6242.400,6734.912,492.512,PASS,0
wm_S5_d1_q16m2_rep3,3,4,3,sm_89,D1_PUSHSIG_OVERLAP,NVSHMEM,C0_DEFAULT,4096,1024,4096,16,12,4194304,17,0,6772.800,6776.320,7267.872,491.552,PASS,0
wm_S5_d1_q16m2_rep3,3,4,3,sm_89,D1_PUSHSIG_OVERLAP,NVSHMEM,C0_DEFAULT,4096,1024,4096,16,13,4194304,17,0,7307.584,7311.136,7802.528,491.392,PASS,0
wm_S5_d1_q16m2_rep3,3,4,3,sm_89,D1_PUSHSIG_OVERLAP,NVSHMEM,C0_DEFAULT,4096,1024,4096,16,14,4194304,17,0,7828.320,7831.840,8318.560,486.720,PASS,0
wm_S5_d1_q16m2_rep3,3,4,3,sm_89,D1_PUSHSIG_OVERLAP,NVSHMEM,C0_DEFAULT,4096,1024,4096,16,15,4194304,17,0,8370.624,8374.176,8861.345,487.168,PASS,0
wm_S5_d1_q16m2_rep3,3,4,3,sm_89,D1_PUSHSIG_OVERLAP,NVSHMEM,C0_DEFAULT,4096,1024,4096,16,0,4194304,18,0,259.840,263.296,758.848,495.552,PASS,0
wm_S5_d1_q16m2_rep3,3,4,3,sm_89,D1_PUSHSIG_OVERLAP,NVSHMEM,C0_DEFAULT,4096,1024,4096,16,1,4194304,18,0,838.464,845.248,1341.056,495.808,PASS,0
wm_S5_d1_q16m2_rep3,3,4,3,sm_89,D1_PUSHSIG_OVERLAP,NVSHMEM,C0_DEFAULT,4096,1024,4096,16,2,4194304,18,0,1379.136,1382.784,1878.176,495.392,PASS,0
wm_S5_d1_q16m2_rep3,3,4,3,sm_89,D1_PUSHSIG_OVERLAP,NVSHMEM,C0_DEFAULT,4096,1024,4096,16,3,4194304,18,0,1937.728,1946.400,2449.408,503.008,PASS,0
wm_S5_d1_q16m2_rep3,3,4,3,sm_89,D1_PUSHSIG_OVERLAP,NVSHMEM,C0_DEFAULT,4096,1024,4096,16,4,4194304,18,0,2491.360,2495.360,2990.816,495.456,PASS,0
wm_S5_d1_q16m2_rep3,3,4,3,sm_89,D1_PUSHSIG_OVERLAP,NVSHMEM,C0_DEFAULT,4096,1024,4096,16,5,4194304,18,0,3075.648,3080.096,3576.704,496.608,PASS,0
wm_S5_d1_q16m2_rep3,3,4,3,sm_89,D1_PUSHSIG_OVERLAP,NVSHMEM,C0_DEFAULT,4096,1024,4096,16,6,4194304,18,0,3622.592,3626.208,4121.248,495.040,PASS,0
wm_S5_d1_q16m2_rep3,3,4,3,sm_89,D1_PUSHSIG_OVERLAP,NVSHMEM,C0_DEFAULT,4096,1024,4096,16,7,4194304,18,0,4170.112,4173.504,4665.344,491.840,PASS,0
wm_S5_d1_q16m2_rep3,3,4,3,sm_89,D1_PUSHSIG_OVERLAP,NVSHMEM,C0_DEFAULT,4096,1024,4096,16,8,4194304,18,0,4707.072,4710.912,5203.680,492.768,PASS,0
wm_S5_d1_q16m2_rep3,3,4,3,sm_89,D1_PUSHSIG_OVERLAP,NVSHMEM,C0_DEFAULT,4096,1024,4096,16,9,4194304,18,0,5247.360,5252.128,5745.536,493.408,PASS,0
wm_S5_d1_q16m2_rep3,3,4,3,sm_89,D1_PUSHSIG_OVERLAP,NVSHMEM,C0_DEFAULT,4096,1024,4096,16,10,4194304,18,0,5786.080,5789.504,6286.528,497.024,PASS,0
wm_S5_d1_q16m2_rep3,3,4,3,sm_89,D1_PUSHSIG_OVERLAP,NVSHMEM,C0_DEFAULT,4096,1024,4096,16,11,4194304,18,0,6332.256,6338.624,6838.176,499.552,PASS,0
wm_S5_d1_q16m2_rep3,3,4,3,sm_89,D1_PUSHSIG_OVERLAP,NVSHMEM,C0_DEFAULT,4096,1024,4096,16,12,4194304,18,0,6879.392,6885.632,7375.008,489.376,PASS,0
wm_S5_d1_q16m2_rep3,3,4,3,sm_89,D1_PUSHSIG_OVERLAP,NVSHMEM,C0_DEFAULT,4096,1024,4096,16,13,4194304,18,0,7400.384,7403.840,7889.888,486.048,PASS,0
wm_S5_d1_q16m2_rep3,3,4,3,sm_89,D1_PUSHSIG_OVERLAP,NVSHMEM,C0_DEFAULT,4096,1024,4096,16,14,4194304,18,0,7915.456,7919.296,8405.823,486.528,PASS,0
wm_S5_d1_q16m2_rep3,3,4,3,sm_89,D1_PUSHSIG_OVERLAP,NVSHMEM,C0_DEFAULT,4096,1024,4096,16,15,4194304,18,0,8431.136,8434.656,8921.729,487.072,PASS,0
wm_S5_d1_q16m2_rep3,3,4,3,sm_89,D1_PUSHSIG_OVERLAP,NVSHMEM,C0_DEFAULT,4096,1024,4096,16,0,4194304,19,0,244.992,251.488,751.776,500.288,PASS,0
wm_S5_d1_q16m2_rep3,3,4,3,sm_89,D1_PUSHSIG_OVERLAP,NVSHMEM,C0_DEFAULT,4096,1024,4096,16,1,4194304,19,0,813.824,826.816,1326.368,499.552,PASS,0
wm_S5_d1_q16m2_rep3,3,4,3,sm_89,D1_PUSHSIG_OVERLAP,NVSHMEM,C0_DEFAULT,4096,1024,4096,16,2,4194304,19,0,1368.544,1371.968,1865.632,493.664,PASS,0
wm_S5_d1_q16m2_rep3,3,4,3,sm_89,D1_PUSHSIG_OVERLAP,NVSHMEM,C0_DEFAULT,4096,1024,4096,16,3,4194304,19,0,1907.200,1910.880,2407.168,496.288,PASS,0
wm_S5_d1_q16m2_rep3,3,4,3,sm_89,D1_PUSHSIG_OVERLAP,NVSHMEM,C0_DEFAULT,4096,1024,4096,16,4,4194304,19,0,2456.256,2467.360,2969.408,502.048,PASS,0
wm_S5_d1_q16m2_rep3,3,4,3,sm_89,D1_PUSHSIG_OVERLAP,NVSHMEM,C0_DEFAULT,4096,1024,4096,16,5,4194304,19,0,3012.896,3016.544,3510.944,494.400,PASS,0
wm_S5_d1_q16m2_rep3,3,4,3,sm_89,D1_PUSHSIG_OVERLAP,NVSHMEM,C0_DEFAULT,4096,1024,4096,16,6,4194304,19,0,3550.240,3553.760,4046.080,492.320,PASS,0
wm_S5_d1_q16m2_rep3,3,4,3,sm_89,D1_PUSHSIG_OVERLAP,NVSHMEM,C0_DEFAULT,4096,1024,4096,16,7,4194304,19,0,4094.368,4097.792,4589.568,491.776,PASS,0
wm_S5_d1_q16m2_rep3,3,4,3,sm_89,D1_PUSHSIG_OVERLAP,NVSHMEM,C0_DEFAULT,4096,1024,4096,16,8,4194304,19,0,4628.896,4632.288,5123.072,490.784,PASS,0
wm_S5_d1_q16m2_rep3,3,4,3,sm_89,D1_PUSHSIG_OVERLAP,NVSHMEM,C0_DEFAULT,4096,1024,4096,16,9,4194304,19,0,5171.840,5176.192,5674.464,498.272,PASS,0
wm_S5_d1_q16m2_rep3,3,4,3,sm_89,D1_PUSHSIG_OVERLAP,NVSHMEM,C0_DEFAULT,4096,1024,4096,16,10,4194304,19,0,5721.856,5729.024,6226.560,497.536,PASS,0
wm_S5_d1_q16m2_rep3,3,4,3,sm_89,D1_PUSHSIG_OVERLAP,NVSHMEM,C0_DEFAULT,4096,1024,4096,16,11,4194304,19,0,6272.288,6280.480,6777.472,496.992,PASS,0
wm_S5_d1_q16m2_rep3,3,4,3,sm_89,D1_PUSHSIG_OVERLAP,NVSHMEM,C0_DEFAULT,4096,1024,4096,16,12,4194304,19,0,6818.752,6825.280,7321.280,496.000,PASS,0
wm_S5_d1_q16m2_rep3,3,4,3,sm_89,D1_PUSHSIG_OVERLAP,NVSHMEM,C0_DEFAULT,4096,1024,4096,16,13,4194304,19,0,7362.848,7367.744,7859.872,492.128,PASS,0
wm_S5_d1_q16m2_rep3,3,4,3,sm_89,D1_PUSHSIG_OVERLAP,NVSHMEM,C0_DEFAULT,4096,1024,4096,16,14,4194304,19,0,7900.928,7907.200,8395.615,488.416,PASS,0
wm_S5_d1_q16m2_rep3,3,4,3,sm_89,D1_PUSHSIG_OVERLAP,NVSHMEM,C0_DEFAULT,4096,1024,4096,16,15,4194304,19,0,8421.472,8425.312,8912.000,486.688,PASS,0
wm_S5_d1_q16m2_rep3,3,4,3,sm_89,D1_PUSHSIG_OVERLAP,NVSHMEM,C0_DEFAULT,4096,1024,4096,16,0,4194304,20,0,232.192,237.184,733.248,496.064,PASS,0
wm_S5_d1_q16m2_rep3,3,4,3,sm_89,D1_PUSHSIG_OVERLAP,NVSHMEM,C0_DEFAULT,4096,1024,4096,16,1,4194304,20,0,779.264,794.144,1300.416,506.272,PASS,0
wm_S5_d1_q16m2_rep3,3,4,3,sm_89,D1_PUSHSIG_OVERLAP,NVSHMEM,C0_DEFAULT,4096,1024,4096,16,2,4194304,20,0,1342.496,1348.864,1843.936,495.072,PASS,0
wm_S5_d1_q16m2_rep3,3,4,3,sm_89,D1_PUSHSIG_OVERLAP,NVSHMEM,C0_DEFAULT,4096,1024,4096,16,3,4194304,20,0,1886.912,1890.528,2383.200,492.672,PASS,0
wm_S5_d1_q16m2_rep3,3,4,3,sm_89,D1_PUSHSIG_OVERLAP,NVSHMEM,C0_DEFAULT,4096,1024,4096,16,4,4194304,20,0,2424.864,2429.376,2923.296,493.920,PASS,0
wm_S5_d1_q16m2_rep3,3,4,3,sm_89,D1_PUSHSIG_OVERLAP,NVSHMEM,C0_DEFAULT,4096,1024,4096,16,5,4194304,20,0,2961.824,2965.344,3457.632,492.288,PASS,0
wm_S5_d1_q16m2_rep3,3,4,3,sm_89,D1_PUSHSIG_OVERLAP,NVSHMEM,C0_DEFAULT,4096,1024,4096,16,6,4194304,20,0,3517.920,3521.472,4014.464,492.992,PASS,0
wm_S5_d1_q16m2_rep3,3,4,3,sm_89,D1_PUSHSIG_OVERLAP,NVSHMEM,C0_DEFAULT,4096,1024,4096,16,7,4194304,20,0,4073.728,4077.184,4570.848,493.664,PASS,0
wm_S5_d1_q16m2_rep3,3,4,3,sm_89,D1_PUSHSIG_OVERLAP,NVSHMEM,C0_DEFAULT,4096,1024,4096,16,8,4194304,20,0,4617.280,4620.736,5110.784,490.048,PASS,0
wm_S5_d1_q16m2_rep3,3,4,3,sm_89,D1_PUSHSIG_OVERLAP,NVSHMEM,C0_DEFAULT,4096,1024,4096,16,9,4194304,20,0,5215.040,5218.688,5711.904,493.216,PASS,0
wm_S5_d1_q16m2_rep3,3,4,3,sm_89,D1_PUSHSIG_OVERLAP,NVSHMEM,C0_DEFAULT,4096,1024,4096,16,10,4194304,20,0,5753.248,5756.960,6248.800,491.840,PASS,0
wm_S5_d1_q16m2_rep3,3,4,3,sm_89,D1_PUSHSIG_OVERLAP,NVSHMEM,C0_DEFAULT,4096,1024,4096,16,11,4194304,20,0,6296.960,6300.640,6795.392,494.752,PASS,0
wm_S5_d1_q16m2_rep3,3,4,3,sm_89,D1_PUSHSIG_OVERLAP,NVSHMEM,C0_DEFAULT,4096,1024,4096,16,12,4194304,20,0,6836.672,6840.192,7327.712,487.520,PASS,0
wm_S5_d1_q16m2_rep3,3,4,3,sm_89,D1_PUSHSIG_OVERLAP,NVSHMEM,C0_DEFAULT,4096,1024,4096,16,13,4194304,20,0,7394.016,7397.504,7884.384,486.880,PASS,0
wm_S5_d1_q16m2_rep3,3,4,3,sm_89,D1_PUSHSIG_OVERLAP,NVSHMEM,C0_DEFAULT,4096,1024,4096,16,14,4194304,20,0,7910.784,7914.496,8401.984,487.488,PASS,0
wm_S5_d1_q16m2_rep3,3,4,3,sm_89,D1_PUSHSIG_OVERLAP,NVSHMEM,C0_DEFAULT,4096,1024,4096,16,15,4194304,20,0,8453.057,8456.576,8943.264,486.688,PASS,0
wm_S5_d1_q16m2_rep3,3,4,3,sm_89,D1_PUSHSIG_OVERLAP,NVSHMEM,C0_DEFAULT,4096,1024,4096,16,0,4194304,21,0,246.656,250.272,747.360,497.088,PASS,0
wm_S5_d1_q16m2_rep3,3,4,3,sm_89,D1_PUSHSIG_OVERLAP,NVSHMEM,C0_DEFAULT,4096,1024,4096,16,1,4194304,21,0,788.928,793.312,1289.504,496.192,PASS,0
wm_S5_d1_q16m2_rep3,3,4,3,sm_89,D1_PUSHSIG_OVERLAP,NVSHMEM,C0_DEFAULT,4096,1024,4096,16,2,4194304,21,0,1345.728,1363.232,1866.816,503.584,PASS,0
wm_S5_d1_q16m2_rep3,3,4,3,sm_89,D1_PUSHSIG_OVERLAP,NVSHMEM,C0_DEFAULT,4096,1024,4096,16,3,4194304,21,0,1908.384,1911.808,2402.720,490.912,PASS,0
wm_S5_d1_q16m2_rep3,3,4,3,sm_89,D1_PUSHSIG_OVERLAP,NVSHMEM,C0_DEFAULT,4096,1024,4096,16,4,4194304,21,0,2444.832,2448.768,2944.608,495.840,PASS,0
wm_S5_d1_q16m2_rep3,3,4,3,sm_89,D1_PUSHSIG_OVERLAP,NVSHMEM,C0_DEFAULT,4096,1024,4096,16,5,4194304,21,0,2987.904,2991.456,3486.240,494.784,PASS,0
wm_S5_d1_q16m2_rep3,3,4,3,sm_89,D1_PUSHSIG_OVERLAP,NVSHMEM,C0_DEFAULT,4096,1024,4096,16,6,4194304,21,0,3524.896,3528.384,4021.664,493.280,PASS,0
wm_S5_d1_q16m2_rep3,3,4,3,sm_89,D1_PUSHSIG_OVERLAP,NVSHMEM,C0_DEFAULT,4096,1024,4096,16,7,4194304,21,0,4077.408,4080.896,4574.560,493.664,PASS,0
wm_S5_d1_q16m2_rep3,3,4,3,sm_89,D1_PUSHSIG_OVERLAP,NVSHMEM,C0_DEFAULT,4096,1024,4096,16,8,4194304,21,0,4652.416,4656.832,5150.592,493.760,PASS,0
wm_S5_d1_q16m2_rep3,3,4,3,sm_89,D1_PUSHSIG_OVERLAP,NVSHMEM,C0_DEFAULT,4096,1024,4096,16,9,4194304,21,0,5194.304,5197.984,5690.720,492.736,PASS,0
wm_S5_d1_q16m2_rep3,3,4,3,sm_89,D1_PUSHSIG_OVERLAP,NVSHMEM,C0_DEFAULT,4096,1024,4096,16,10,4194304,21,0,5733.568,5737.088,6231.008,493.920,PASS,0
wm_S5_d1_q16m2_rep3,3,4,3,sm_89,D1_PUSHSIG_OVERLAP,NVSHMEM,C0_DEFAULT,4096,1024,4096,16,11,4194304,21,0,6275.616,6279.040,6770.848,491.808,PASS,0
wm_S5_d1_q16m2_rep3,3,4,3,sm_89,D1_PUSHSIG_OVERLAP,NVSHMEM,C0_DEFAULT,4096,1024,4096,16,12,4194304,21,0,6808.288,6812.480,7308.096,495.616,PASS,0
wm_S5_d1_q16m2_rep3,3,4,3,sm_89,D1_PUSHSIG_OVERLAP,NVSHMEM,C0_DEFAULT,4096,1024,4096,16,13,4194304,21,0,7351.040,7354.752,7847.040,492.288,PASS,0
wm_S5_d1_q16m2_rep3,3,4,3,sm_89,D1_PUSHSIG_OVERLAP,NVSHMEM,C0_DEFAULT,4096,1024,4096,16,14,4194304,21,0,7886.080,7889.536,8377.056,487.520,PASS,0
wm_S5_d1_q16m2_rep3,3,4,3,sm_89,D1_PUSHSIG_OVERLAP,NVSHMEM,C0_DEFAULT,4096,1024,4096,16,15,4194304,21,0,8415.328,8418.848,8905.984,487.136,PASS,0
wm_S5_d1_q16m2_rep3,3,4,3,sm_89,D1_PUSHSIG_OVERLAP,NVSHMEM,C0_DEFAULT,4096,1024,4096,16,0,4194304,22,0,271.168,275.584,775.616,500.032,PASS,0
wm_S5_d1_q16m2_rep3,3,4,3,sm_89,D1_PUSHSIG_OVERLAP,NVSHMEM,C0_DEFAULT,4096,1024,4096,16,1,4194304,22,0,824.416,839.584,1331.072,491.488,PASS,0
wm_S5_d1_q16m2_rep3,3,4,3,sm_89,D1_PUSHSIG_OVERLAP,NVSHMEM,C0_DEFAULT,4096,1024,4096,16,2,4194304,22,0,1370.144,1373.984,1868.992,495.008,PASS,0
wm_S5_d1_q16m2_rep3,3,4,3,sm_89,D1_PUSHSIG_OVERLAP,NVSHMEM,C0_DEFAULT,4096,1024,4096,16,3,4194304,22,0,1905.920,1910.400,2404.640,494.240,PASS,0
wm_S5_d1_q16m2_rep3,3,4,3,sm_89,D1_PUSHSIG_OVERLAP,NVSHMEM,C0_DEFAULT,4096,1024,4096,16,4,4194304,22,0,2443.904,2447.584,2940.640,493.056,PASS,0
wm_S5_d1_q16m2_rep3,3,4,3,sm_89,D1_PUSHSIG_OVERLAP,NVSHMEM,C0_DEFAULT,4096,1024,4096,16,5,4194304,22,0,2995.680,2999.488,3496.544,497.056,PASS,0
wm_S5_d1_q16m2_rep3,3,4,3,sm_89,D1_PUSHSIG_OVERLAP,NVSHMEM,C0_DEFAULT,4096,1024,4096,16,6,4194304,22,0,3545.888,3549.536,4042.784,493.248,PASS,0
wm_S5_d1_q16m2_rep3,3,4,3,sm_89,D1_PUSHSIG_OVERLAP,NVSHMEM,C0_DEFAULT,4096,1024,4096,16,7,4194304,22,0,4085.600,4089.216,4582.560,493.344,PASS,0
wm_S5_d1_q16m2_rep3,3,4,3,sm_89,D1_PUSHSIG_OVERLAP,NVSHMEM,C0_DEFAULT,4096,1024,4096,16,8,4194304,22,0,4632.576,4636.704,5131.520,494.816,PASS,0
wm_S5_d1_q16m2_rep3,3,4,3,sm_89,D1_PUSHSIG_OVERLAP,NVSHMEM,C0_DEFAULT,4096,1024,4096,16,9,4194304,22,0,5185.248,5189.088,5684.416,495.328,PASS,0
wm_S5_d1_q16m2_rep3,3,4,3,sm_89,D1_PUSHSIG_OVERLAP,NVSHMEM,C0_DEFAULT,4096,1024,4096,16,10,4194304,22,0,5735.456,5738.816,6231.584,492.768,PASS,0
wm_S5_d1_q16m2_rep3,3,4,3,sm_89,D1_PUSHSIG_OVERLAP,NVSHMEM,C0_DEFAULT,4096,1024,4096,16,11,4194304,22,0,6274.784,6278.528,6772.416,493.888,PASS,0
wm_S5_d1_q16m2_rep3,3,4,3,sm_89,D1_PUSHSIG_OVERLAP,NVSHMEM,C0_DEFAULT,4096,1024,4096,16,12,4194304,22,0,6812.960,6816.448,7311.712,495.264,PASS,0
wm_S5_d1_q16m2_rep3,3,4,3,sm_89,D1_PUSHSIG_OVERLAP,NVSHMEM,C0_DEFAULT,4096,1024,4096,16,13,4194304,22,0,7358.080,7361.696,7856.768,495.072,PASS,0
wm_S5_d1_q16m2_rep3,3,4,3,sm_89,D1_PUSHSIG_OVERLAP,NVSHMEM,C0_DEFAULT,4096,1024,4096,16,14,4194304,22,0,7906.112,7911.936,8401.984,490.048,PASS,0
wm_S5_d1_q16m2_rep3,3,4,3,sm_89,D1_PUSHSIG_OVERLAP,NVSHMEM,C0_DEFAULT,4096,1024,4096,16,15,4194304,22,0,8427.392,8430.912,8918.527,487.616,PASS,0
wm_S5_d1_q16m2_rep3,3,4,3,sm_89,D1_PUSHSIG_OVERLAP,NVSHMEM,C0_DEFAULT,4096,1024,4096,16,0,4194304,23,0,248.352,251.968,748.160,496.192,PASS,0
wm_S5_d1_q16m2_rep3,3,4,3,sm_89,D1_PUSHSIG_OVERLAP,NVSHMEM,C0_DEFAULT,4096,1024,4096,16,1,4194304,23,0,791.200,794.944,1288.448,493.504,PASS,0
wm_S5_d1_q16m2_rep3,3,4,3,sm_89,D1_PUSHSIG_OVERLAP,NVSHMEM,C0_DEFAULT,4096,1024,4096,16,2,4194304,23,0,1332.224,1335.680,1828.160,492.480,PASS,0
wm_S5_d1_q16m2_rep3,3,4,3,sm_89,D1_PUSHSIG_OVERLAP,NVSHMEM,C0_DEFAULT,4096,1024,4096,16,3,4194304,23,0,1871.072,1878.304,2375.040,496.736,PASS,0
wm_S5_d1_q16m2_rep3,3,4,3,sm_89,D1_PUSHSIG_OVERLAP,NVSHMEM,C0_DEFAULT,4096,1024,4096,16,4,4194304,23,0,2420.736,2426.944,2921.664,494.720,PASS,0
wm_S5_d1_q16m2_rep3,3,4,3,sm_89,D1_PUSHSIG_OVERLAP,NVSHMEM,C0_DEFAULT,4096,1024,4096,16,5,4194304,23,0,2963.456,2967.360,3462.432,495.072,PASS,0
wm_S5_d1_q16m2_rep3,3,4,3,sm_89,D1_PUSHSIG_OVERLAP,NVSHMEM,C0_DEFAULT,4096,1024,4096,16,6,4194304,23,0,3500.064,3503.520,3997.664,494.144,PASS,0
wm_S5_d1_q16m2_rep3,3,4,3,sm_89,D1_PUSHSIG_OVERLAP,NVSHMEM,C0_DEFAULT,4096,1024,4096,16,7,4194304,23,0,4046.944,4053.600,4548.800,495.200,PASS,0
wm_S5_d1_q16m2_rep3,3,4,3,sm_89,D1_PUSHSIG_OVERLAP,NVSHMEM,C0_DEFAULT,4096,1024,4096,16,8,4194304,23,0,4591.264,4594.880,5086.464,491.584,PASS,0
wm_S5_d1_q16m2_rep3,3,4,3,sm_89,D1_PUSHSIG_OVERLAP,NVSHMEM,C0_DEFAULT,4096,1024,4096,16,9,4194304,23,0,5133.888,5139.072,5635.488,496.416,PASS,0
wm_S5_d1_q16m2_rep3,3,4,3,sm_89,D1_PUSHSIG_OVERLAP,NVSHMEM,C0_DEFAULT,4096,1024,4096,16,10,4194304,23,0,5682.112,5688.672,6184.416,495.744,PASS,0
wm_S5_d1_q16m2_rep3,3,4,3,sm_89,D1_PUSHSIG_OVERLAP,NVSHMEM,C0_DEFAULT,4096,1024,4096,16,11,4194304,23,0,6228.192,6233.696,6725.888,492.192,PASS,0
wm_S5_d1_q16m2_rep3,3,4,3,sm_89,D1_PUSHSIG_OVERLAP,NVSHMEM,C0_DEFAULT,4096,1024,4096,16,12,4194304,23,0,6768.064,6774.944,7263.584,488.640,PASS,0
wm_S5_d1_q16m2_rep3,3,4,3,sm_89,D1_PUSHSIG_OVERLAP,NVSHMEM,C0_DEFAULT,4096,1024,4096,16,13,4194304,23,0,7289.184,7292.960,7779.104,486.144,PASS,0
wm_S5_d1_q16m2_rep3,3,4,3,sm_89,D1_PUSHSIG_OVERLAP,NVSHMEM,C0_DEFAULT,4096,1024,4096,16,14,4194304,23,0,7804.416,7808.192,8295.328,487.136,PASS,0
wm_S5_d1_q16m2_rep3,3,4,3,sm_89,D1_PUSHSIG_OVERLAP,NVSHMEM,C0_DEFAULT,4096,1024,4096,16,15,4194304,23,0,8320.640,8324.320,8811.231,486.912,PASS,0
wm_S5_d1_q16m2_rep3,3,4,3,sm_89,D1_PUSHSIG_OVERLAP,NVSHMEM,C0_DEFAULT,4096,1024,4096,16,0,4194304,24,0,242.368,245.952,740.192,494.240,PASS,0
wm_S5_d1_q16m2_rep3,3,4,3,sm_89,D1_PUSHSIG_OVERLAP,NVSHMEM,C0_DEFAULT,4096,1024,4096,16,1,4194304,24,0,809.728,813.376,1308.992,495.616,PASS,0
wm_S5_d1_q16m2_rep3,3,4,3,sm_89,D1_PUSHSIG_OVERLAP,NVSHMEM,C0_DEFAULT,4096,1024,4096,16,2,4194304,24,0,1357.568,1361.088,1855.136,494.048,PASS,0
wm_S5_d1_q16m2_rep3,3,4,3,sm_89,D1_PUSHSIG_OVERLAP,NVSHMEM,C0_DEFAULT,4096,1024,4096,16,3,4194304,24,0,1892.800,1897.856,2394.816,496.960,PASS,0
wm_S5_d1_q16m2_rep3,3,4,3,sm_89,D1_PUSHSIG_OVERLAP,NVSHMEM,C0_DEFAULT,4096,1024,4096,16,4,4194304,24,0,2447.328,2457.312,2956.768,499.456,PASS,0
wm_S5_d1_q16m2_rep3,3,4,3,sm_89,D1_PUSHSIG_OVERLAP,NVSHMEM,C0_DEFAULT,4096,1024,4096,16,5,4194304,24,0,2996.256,2999.840,3493.760,493.920,PASS,0
wm_S5_d1_q16m2_rep3,3,4,3,sm_89,D1_PUSHSIG_OVERLAP,NVSHMEM,C0_DEFAULT,4096,1024,4096,16,6,4194304,24,0,3535.776,3539.264,4033.984,494.720,PASS,0
wm_S5_d1_q16m2_rep3,3,4,3,sm_89,D1_PUSHSIG_OVERLAP,NVSHMEM,C0_DEFAULT,4096,1024,4096,16,7,4194304,24,0,4075.968,4079.424,4573.088,493.664,PASS,0
wm_S5_d1_q16m2_rep3,3,4,3,sm_89,D1_PUSHSIG_OVERLAP,NVSHMEM,C0_DEFAULT,4096,1024,4096,16,8,4194304,24,0,4615.392,4620.736,5115.744,495.008,PASS,0
wm_S5_d1_q16m2_rep3,3,4,3,sm_89,D1_PUSHSIG_OVERLAP,NVSHMEM,C0_DEFAULT,4096,1024,4096,16,9,4194304,24,0,5156.672,5163.232,5659.968,496.736,PASS,0
wm_S5_d1_q16m2_rep3,3,4,3,sm_89,D1_PUSHSIG_OVERLAP,NVSHMEM,C0_DEFAULT,4096,1024,4096,16,10,4194304,24,0,5703.360,5710.784,6204.768,493.984,PASS,0
wm_S5_d1_q16m2_rep3,3,4,3,sm_89,D1_PUSHSIG_OVERLAP,NVSHMEM,C0_DEFAULT,4096,1024,4096,16,11,4194304,24,0,6247.776,6251.328,6744.896,493.568,PASS,0
wm_S5_d1_q16m2_rep3,3,4,3,sm_89,D1_PUSHSIG_OVERLAP,NVSHMEM,C0_DEFAULT,4096,1024,4096,16,12,4194304,24,0,6784.384,6791.072,7287.360,496.288,PASS,0
wm_S5_d1_q16m2_rep3,3,4,3,sm_89,D1_PUSHSIG_OVERLAP,NVSHMEM,C0_DEFAULT,4096,1024,4096,16,13,4194304,24,0,7326.720,7330.688,7822.048,491.360,PASS,0
wm_S5_d1_q16m2_rep3,3,4,3,sm_89,D1_PUSHSIG_OVERLAP,NVSHMEM,C0_DEFAULT,4096,1024,4096,16,14,4194304,24,0,7858.720,7864.448,8351.616,487.168,PASS,0
wm_S5_d1_q16m2_rep3,3,4,3,sm_89,D1_PUSHSIG_OVERLAP,NVSHMEM,C0_DEFAULT,4096,1024,4096,16,15,4194304,24,0,8376.704,8380.191,8866.720,486.528,PASS,0
wm_S5_d1_q16m2_rep3,3,4,3,sm_89,D1_PUSHSIG_OVERLAP,NVSHMEM,C0_DEFAULT,4096,1024,4096,16,0,4194304,25,0,254.176,257.984,751.936,493.952,PASS,0
wm_S5_d1_q16m2_rep3,3,4,3,sm_89,D1_PUSHSIG_OVERLAP,NVSHMEM,C0_DEFAULT,4096,1024,4096,16,1,4194304,25,0,796.320,799.840,1292.768,492.928,PASS,0
wm_S5_d1_q16m2_rep3,3,4,3,sm_89,D1_PUSHSIG_OVERLAP,NVSHMEM,C0_DEFAULT,4096,1024,4096,16,2,4194304,25,0,1374.944,1378.528,1871.008,492.480,PASS,0
wm_S5_d1_q16m2_rep3,3,4,3,sm_89,D1_PUSHSIG_OVERLAP,NVSHMEM,C0_DEFAULT,4096,1024,4096,16,3,4194304,25,0,1909.184,1912.672,2408.000,495.328,PASS,0
wm_S5_d1_q16m2_rep3,3,4,3,sm_89,D1_PUSHSIG_OVERLAP,NVSHMEM,C0_DEFAULT,4096,1024,4096,16,4,4194304,25,0,2449.120,2452.704,2947.520,494.816,PASS,0
wm_S5_d1_q16m2_rep3,3,4,3,sm_89,D1_PUSHSIG_OVERLAP,NVSHMEM,C0_DEFAULT,4096,1024,4096,16,5,4194304,25,0,2989.952,2993.632,3488.192,494.560,PASS,0
wm_S5_d1_q16m2_rep3,3,4,3,sm_89,D1_PUSHSIG_OVERLAP,NVSHMEM,C0_DEFAULT,4096,1024,4096,16,6,4194304,25,0,3528.768,3532.352,4022.432,490.080,PASS,0
wm_S5_d1_q16m2_rep3,3,4,3,sm_89,D1_PUSHSIG_OVERLAP,NVSHMEM,C0_DEFAULT,4096,1024,4096,16,7,4194304,25,0,4061.696,4065.120,4559.520,494.400,PASS,0
wm_S5_d1_q16m2_rep3,3,4,3,sm_89,D1_PUSHSIG_OVERLAP,NVSHMEM,C0_DEFAULT,4096,1024,4096,16,8,4194304,25,0,4620.672,4629.024,5125.408,496.384,PASS,0
wm_S5_d1_q16m2_rep3,3,4,3,sm_89,D1_PUSHSIG_OVERLAP,NVSHMEM,C0_DEFAULT,4096,1024,4096,16,9,4194304,25,0,5171.520,5177.952,5675.296,497.344,PASS,0
wm_S5_d1_q16m2_rep3,3,4,3,sm_89,D1_PUSHSIG_OVERLAP,NVSHMEM,C0_DEFAULT,4096,1024,4096,16,10,4194304,25,0,5723.808,5730.624,6225.344,494.720,PASS,0
wm_S5_d1_q16m2_rep3,3,4,3,sm_89,D1_PUSHSIG_OVERLAP,NVSHMEM,C0_DEFAULT,4096,1024,4096,16,11,4194304,25,0,6270.336,6273.984,6768.128,494.144,PASS,0
wm_S5_d1_q16m2_rep3,3,4,3,sm_89,D1_PUSHSIG_OVERLAP,NVSHMEM,C0_DEFAULT,4096,1024,4096,16,12,4194304,25,0,6809.632,6816.096,7312.352,496.256,PASS,0
wm_S5_d1_q16m2_rep3,3,4,3,sm_89,D1_PUSHSIG_OVERLAP,NVSHMEM,C0_DEFAULT,4096,1024,4096,16,13,4194304,25,0,7357.120,7364.064,7853.888,489.824,PASS,0
wm_S5_d1_q16m2_rep3,3,4,3,sm_89,D1_PUSHSIG_OVERLAP,NVSHMEM,C0_DEFAULT,4096,1024,4096,16,14,4194304,25,0,7881.088,7884.832,8372.320,487.488,PASS,0
wm_S5_d1_q16m2_rep3,3,4,3,sm_89,D1_PUSHSIG_OVERLAP,NVSHMEM,C0_DEFAULT,4096,1024,4096,16,15,4194304,25,0,8397.761,8401.280,8888.704,487.424,PASS,0
wm_S5_d1_q16m2_rep3,3,4,3,sm_89,D1_PUSHSIG_OVERLAP,NVSHMEM,C0_DEFAULT,4096,1024,4096,16,0,4194304,26,0,268.512,272.960,769.216,496.256,PASS,0
wm_S5_d1_q16m2_rep3,3,4,3,sm_89,D1_PUSHSIG_OVERLAP,NVSHMEM,C0_DEFAULT,4096,1024,4096,16,1,4194304,26,0,809.280,813.152,1305.536,492.384,PASS,0
wm_S5_d1_q16m2_rep3,3,4,3,sm_89,D1_PUSHSIG_OVERLAP,NVSHMEM,C0_DEFAULT,4096,1024,4096,16,2,4194304,26,0,1346.688,1350.368,1845.312,494.944,PASS,0
wm_S5_d1_q16m2_rep3,3,4,3,sm_89,D1_PUSHSIG_OVERLAP,NVSHMEM,C0_DEFAULT,4096,1024,4096,16,3,4194304,26,0,1898.208,1901.824,2398.464,496.640,PASS,0
wm_S5_d1_q16m2_rep3,3,4,3,sm_89,D1_PUSHSIG_OVERLAP,NVSHMEM,C0_DEFAULT,4096,1024,4096,16,4,4194304,26,0,2461.504,2468.480,2964.352,495.872,PASS,0
wm_S5_d1_q16m2_rep3,3,4,3,sm_89,D1_PUSHSIG_OVERLAP,NVSHMEM,C0_DEFAULT,4096,1024,4096,16,5,4194304,26,0,3006.432,3010.528,3502.432,491.904,PASS,0
wm_S5_d1_q16m2_rep3,3,4,3,sm_89,D1_PUSHSIG_OVERLAP,NVSHMEM,C0_DEFAULT,4096,1024,4096,16,6,4194304,26,0,3545.088,3548.576,4045.344,496.768,PASS,0
wm_S5_d1_q16m2_rep3,3,4,3,sm_89,D1_PUSHSIG_OVERLAP,NVSHMEM,C0_DEFAULT,4096,1024,4096,16,7,4194304,26,0,4109.536,4121.280,4627.136,505.856,PASS,0
wm_S5_d1_q16m2_rep3,3,4,3,sm_89,D1_PUSHSIG_OVERLAP,NVSHMEM,C0_DEFAULT,4096,1024,4096,16,8,4194304,26,0,4669.056,4676.416,5167.392,490.976,PASS,0
wm_S5_d1_q16m2_rep3,3,4,3,sm_89,D1_PUSHSIG_OVERLAP,NVSHMEM,C0_DEFAULT,4096,1024,4096,16,9,4194304,26,0,5265.728,5269.184,5764.512,495.328,PASS,0
wm_S5_d1_q16m2_rep3,3,4,3,sm_89,D1_PUSHSIG_OVERLAP,NVSHMEM,C0_DEFAULT,4096,1024,4096,16,10,4194304,26,0,5802.784,5806.240,6300.992,494.752,PASS,0
wm_S5_d1_q16m2_rep3,3,4,3,sm_89,D1_PUSHSIG_OVERLAP,NVSHMEM,C0_DEFAULT,4096,1024,4096,16,11,4194304,26,0,6343.552,6347.072,6840.608,493.536,PASS,0
wm_S5_d1_q16m2_rep3,3,4,3,sm_89,D1_PUSHSIG_OVERLAP,NVSHMEM,C0_DEFAULT,4096,1024,4096,16,12,4194304,26,0,6884.608,6888.160,7379.648,491.488,PASS,0
wm_S5_d1_q16m2_rep3,3,4,3,sm_89,D1_PUSHSIG_OVERLAP,NVSHMEM,C0_DEFAULT,4096,1024,4096,16,13,4194304,26,0,7421.280,7424.928,7912.736,487.808,PASS,0
wm_S5_d1_q16m2_rep3,3,4,3,sm_89,D1_PUSHSIG_OVERLAP,NVSHMEM,C0_DEFAULT,4096,1024,4096,16,14,4194304,26,0,7939.104,7942.688,8429.344,486.656,PASS,0
wm_S5_d1_q16m2_rep3,3,4,3,sm_89,D1_PUSHSIG_OVERLAP,NVSHMEM,C0_DEFAULT,4096,1024,4096,16,15,4194304,26,0,8475.328,8478.849,8965.760,486.912,PASS,0
wm_S5_d1_q16m2_rep3,3,4,3,sm_89,D1_PUSHSIG_OVERLAP,NVSHMEM,C0_DEFAULT,4096,1024,4096,16,0,4194304,27,0,252.384,256.064,751.424,495.360,PASS,0
wm_S5_d1_q16m2_rep3,3,4,3,sm_89,D1_PUSHSIG_OVERLAP,NVSHMEM,C0_DEFAULT,4096,1024,4096,16,1,4194304,27,0,801.952,805.440,1301.088,495.648,PASS,0
wm_S5_d1_q16m2_rep3,3,4,3,sm_89,D1_PUSHSIG_OVERLAP,NVSHMEM,C0_DEFAULT,4096,1024,4096,16,2,4194304,27,0,1359.584,1363.168,1857.376,494.208,PASS,0
wm_S5_d1_q16m2_rep3,3,4,3,sm_89,D1_PUSHSIG_OVERLAP,NVSHMEM,C0_DEFAULT,4096,1024,4096,16,3,4194304,27,0,1902.688,1906.464,2399.488,493.024,PASS,0
wm_S5_d1_q16m2_rep3,3,4,3,sm_89,D1_PUSHSIG_OVERLAP,NVSHMEM,C0_DEFAULT,4096,1024,4096,16,4,4194304,27,0,2440.032,2443.520,2939.264,495.744,PASS,0
wm_S5_d1_q16m2_rep3,3,4,3,sm_89,D1_PUSHSIG_OVERLAP,NVSHMEM,C0_DEFAULT,4096,1024,4096,16,5,4194304,27,0,2990.464,2995.168,3489.568,494.400,PASS,0
wm_S5_d1_q16m2_rep3,3,4,3,sm_89,D1_PUSHSIG_OVERLAP,NVSHMEM,C0_DEFAULT,4096,1024,4096,16,6,4194304,27,0,3544.736,3548.320,4045.152,496.832,PASS,0
wm_S5_d1_q16m2_rep3,3,4,3,sm_89,D1_PUSHSIG_OVERLAP,NVSHMEM,C0_DEFAULT,4096,1024,4096,16,7,4194304,27,0,4120.800,4124.288,4617.856,493.568,PASS,0
wm_S5_d1_q16m2_rep3,3,4,3,sm_89,D1_PUSHSIG_OVERLAP,NVSHMEM,C0_DEFAULT,4096,1024,4096,16,8,4194304,27,0,4659.584,4663.136,5155.424,492.288,PASS,0
wm_S5_d1_q16m2_rep3,3,4,3,sm_89,D1_PUSHSIG_OVERLAP,NVSHMEM,C0_DEFAULT,4096,1024,4096,16,9,4194304,27,0,5201.056,5207.648,5701.984,494.336,PASS,0
wm_S5_d1_q16m2_rep3,3,4,3,sm_89,D1_PUSHSIG_OVERLAP,NVSHMEM,C0_DEFAULT,4096,1024,4096,16,10,4194304,27,0,5743.872,5747.360,6241.408,494.048,PASS,0
wm_S5_d1_q16m2_rep3,3,4,3,sm_89,D1_PUSHSIG_OVERLAP,NVSHMEM,C0_DEFAULT,4096,1024,4096,16,11,4194304,27,0,6281.504,6285.056,6777.760,492.704,PASS,0
wm_S5_d1_q16m2_rep3,3,4,3,sm_89,D1_PUSHSIG_OVERLAP,NVSHMEM,C0_DEFAULT,4096,1024,4096,16,12,4194304,27,0,6821.792,6825.728,7318.240,492.512,PASS,0
wm_S5_d1_q16m2_rep3,3,4,3,sm_89,D1_PUSHSIG_OVERLAP,NVSHMEM,C0_DEFAULT,4096,1024,4096,16,13,4194304,27,0,7360.704,7364.224,7853.440,489.216,PASS,0
wm_S5_d1_q16m2_rep3,3,4,3,sm_89,D1_PUSHSIG_OVERLAP,NVSHMEM,C0_DEFAULT,4096,1024,4096,16,14,4194304,27,0,7903.264,7906.784,8393.696,486.912,PASS,0
wm_S5_d1_q16m2_rep3,3,4,3,sm_89,D1_PUSHSIG_OVERLAP,NVSHMEM,C0_DEFAULT,4096,1024,4096,16,15,4194304,27,0,8419.392,8422.912,8909.761,486.848,PASS,0
wm_S5_d1_q16m2_rep3,3,4,3,sm_89,D1_PUSHSIG_OVERLAP,NVSHMEM,C0_DEFAULT,4096,1024,4096,16,0,4194304,28,0,248.096,252.800,750.880,498.080,PASS,0
wm_S5_d1_q16m2_rep3,3,4,3,sm_89,D1_PUSHSIG_OVERLAP,NVSHMEM,C0_DEFAULT,4096,1024,4096,16,1,4194304,28,0,811.744,823.584,1322.080,498.496,PASS,0
wm_S5_d1_q16m2_rep3,3,4,3,sm_89,D1_PUSHSIG_OVERLAP,NVSHMEM,C0_DEFAULT,4096,1024,4096,16,2,4194304,28,0,1366.144,1377.760,1873.440,495.680,PASS,0
wm_S5_d1_q16m2_rep3,3,4,3,sm_89,D1_PUSHSIG_OVERLAP,NVSHMEM,C0_DEFAULT,4096,1024,4096,16,3,4194304,28,0,1915.968,1920.096,2414.112,494.016,PASS,0
wm_S5_d1_q16m2_rep3,3,4,3,sm_89,D1_PUSHSIG_OVERLAP,NVSHMEM,C0_DEFAULT,4096,1024,4096,16,4,4194304,28,0,2455.840,2459.392,2954.368,494.976,PASS,0
wm_S5_d1_q16m2_rep3,3,4,3,sm_89,D1_PUSHSIG_OVERLAP,NVSHMEM,C0_DEFAULT,4096,1024,4096,16,5,4194304,28,0,2995.392,2998.848,3495.776,496.928,PASS,0
wm_S5_d1_q16m2_rep3,3,4,3,sm_89,D1_PUSHSIG_OVERLAP,NVSHMEM,C0_DEFAULT,4096,1024,4096,16,6,4194304,28,0,3536.800,3541.664,4036.576,494.912,PASS,0
wm_S5_d1_q16m2_rep3,3,4,3,sm_89,D1_PUSHSIG_OVERLAP,NVSHMEM,C0_DEFAULT,4096,1024,4096,16,7,4194304,28,0,4078.528,4084.288,4579.424,495.136,PASS,0
wm_S5_d1_q16m2_rep3,3,4,3,sm_89,D1_PUSHSIG_OVERLAP,NVSHMEM,C0_DEFAULT,4096,1024,4096,16,8,4194304,28,0,4621.792,4629.568,5124.672,495.104,PASS,0
wm_S5_d1_q16m2_rep3,3,4,3,sm_89,D1_PUSHSIG_OVERLAP,NVSHMEM,C0_DEFAULT,4096,1024,4096,16,9,4194304,28,0,5169.408,5173.376,5667.168,493.792,PASS,0
wm_S5_d1_q16m2_rep3,3,4,3,sm_89,D1_PUSHSIG_OVERLAP,NVSHMEM,C0_DEFAULT,4096,1024,4096,16,10,4194304,28,0,5717.216,5722.240,6215.104,492.864,PASS,0
wm_S5_d1_q16m2_rep3,3,4,3,sm_89,D1_PUSHSIG_OVERLAP,NVSHMEM,C0_DEFAULT,4096,1024,4096,16,11,4194304,28,0,6258.528,6262.304,6761.120,498.816,PASS,0
wm_S5_d1_q16m2_rep3,3,4,3,sm_89,D1_PUSHSIG_OVERLAP,NVSHMEM,C0_DEFAULT,4096,1024,4096,16,12,4194304,28,0,6807.936,6811.616,7302.464,490.848,PASS,0
wm_S5_d1_q16m2_rep3,3,4,3,sm_89,D1_PUSHSIG_OVERLAP,NVSHMEM,C0_DEFAULT,4096,1024,4096,16,13,4194304,28,0,7346.976,7354.336,7846.080,491.744,PASS,0
wm_S5_d1_q16m2_rep3,3,4,3,sm_89,D1_PUSHSIG_OVERLAP,NVSHMEM,C0_DEFAULT,4096,1024,4096,16,14,4194304,28,0,7884.032,7887.776,8374.400,486.624,PASS,0
wm_S5_d1_q16m2_rep3,3,4,3,sm_89,D1_PUSHSIG_OVERLAP,NVSHMEM,C0_DEFAULT,4096,1024,4096,16,15,4194304,28,0,8400.096,8403.584,8891.009,487.424,PASS,0
wm_S5_d1_q16m2_rep3,3,4,3,sm_89,D1_PUSHSIG_OVERLAP,NVSHMEM,C0_DEFAULT,4096,1024,4096,16,0,4194304,29,0,242.400,247.488,742.848,495.360,PASS,0
wm_S5_d1_q16m2_rep3,3,4,3,sm_89,D1_PUSHSIG_OVERLAP,NVSHMEM,C0_DEFAULT,4096,1024,4096,16,1,4194304,29,0,796.928,805.312,1303.360,498.048,PASS,0
wm_S5_d1_q16m2_rep3,3,4,3,sm_89,D1_PUSHSIG_OVERLAP,NVSHMEM,C0_DEFAULT,4096,1024,4096,16,2,4194304,29,0,1346.784,1350.208,1846.592,496.384,PASS,0
wm_S5_d1_q16m2_rep3,3,4,3,sm_89,D1_PUSHSIG_OVERLAP,NVSHMEM,C0_DEFAULT,4096,1024,4096,16,3,4194304,29,0,1890.560,1897.024,2391.040,494.016,PASS,0
wm_S5_d1_q16m2_rep3,3,4,3,sm_89,D1_PUSHSIG_OVERLAP,NVSHMEM,C0_DEFAULT,4096,1024,4096,16,4,4194304,29,0,2433.312,2437.408,2933.472,496.064,PASS,0
wm_S5_d1_q16m2_rep3,3,4,3,sm_89,D1_PUSHSIG_OVERLAP,NVSHMEM,C0_DEFAULT,4096,1024,4096,16,5,4194304,29,0,2979.456,2990.784,3490.400,499.616,PASS,0
wm_S5_d1_q16m2_rep3,3,4,3,sm_89,D1_PUSHSIG_OVERLAP,NVSHMEM,C0_DEFAULT,4096,1024,4096,16,6,4194304,29,0,3532.992,3536.512,4030.208,493.696,PASS,0
wm_S5_d1_q16m2_rep3,3,4,3,sm_89,D1_PUSHSIG_OVERLAP,NVSHMEM,C0_DEFAULT,4096,1024,4096,16,7,4194304,29,0,4068.832,4072.320,4565.696,493.376,PASS,0
wm_S5_d1_q16m2_rep3,3,4,3,sm_89,D1_PUSHSIG_OVERLAP,NVSHMEM,C0_DEFAULT,4096,1024,4096,16,8,4194304,29,0,4608.544,4612.544,5105.952,493.408,PASS,0
wm_S5_d1_q16m2_rep3,3,4,3,sm_89,D1_PUSHSIG_OVERLAP,NVSHMEM,C0_DEFAULT,4096,1024,4096,16,9,4194304,29,0,5144.928,5149.120,5647.680,498.560,PASS,0
wm_S5_d1_q16m2_rep3,3,4,3,sm_89,D1_PUSHSIG_OVERLAP,NVSHMEM,C0_DEFAULT,4096,1024,4096,16,10,4194304,29,0,5686.304,5690.048,6179.840,489.792,PASS,0
wm_S5_d1_q16m2_rep3,3,4,3,sm_89,D1_PUSHSIG_OVERLAP,NVSHMEM,C0_DEFAULT,4096,1024,4096,16,11,4194304,29,0,6223.264,6226.976,6721.248,494.272,PASS,0
wm_S5_d1_q16m2_rep3,3,4,3,sm_89,D1_PUSHSIG_OVERLAP,NVSHMEM,C0_DEFAULT,4096,1024,4096,16,12,4194304,29,0,6781.920,6789.920,7288.864,498.944,PASS,0
wm_S5_d1_q16m2_rep3,3,4,3,sm_89,D1_PUSHSIG_OVERLAP,NVSHMEM,C0_DEFAULT,4096,1024,4096,16,13,4194304,29,0,7328.224,7331.936,7818.432,486.496,PASS,0
wm_S5_d1_q16m2_rep3,3,4,3,sm_89,D1_PUSHSIG_OVERLAP,NVSHMEM,C0_DEFAULT,4096,1024,4096,16,14,4194304,29,0,7844.352,7847.872,8334.912,487.040,PASS,0
wm_S5_d1_q16m2_rep3,3,4,3,sm_89,D1_PUSHSIG_OVERLAP,NVSHMEM,C0_DEFAULT,4096,1024,4096,16,15,4194304,29,0,8360.288,8363.840,8850.561,486.720,PASS,0
wm_S5_d1_q16m2_rep3,3,4,3,sm_89,D1_PUSHSIG_OVERLAP,NVSHMEM,C0_DEFAULT,4096,1024,4096,16,0,4194304,30,0,252.288,258.368,760.256,501.888,PASS,0
wm_S5_d1_q16m2_rep3,3,4,3,sm_89,D1_PUSHSIG_OVERLAP,NVSHMEM,C0_DEFAULT,4096,1024,4096,16,1,4194304,30,0,824.896,828.672,1324.352,495.680,PASS,0
wm_S5_d1_q16m2_rep3,3,4,3,sm_89,D1_PUSHSIG_OVERLAP,NVSHMEM,C0_DEFAULT,4096,1024,4096,16,2,4194304,30,0,1379.936,1383.360,1877.120,493.760,PASS,0
wm_S5_d1_q16m2_rep3,3,4,3,sm_89,D1_PUSHSIG_OVERLAP,NVSHMEM,C0_DEFAULT,4096,1024,4096,16,3,4194304,30,0,1926.208,1930.048,2425.760,495.712,PASS,0
wm_S5_d1_q16m2_rep3,3,4,3,sm_89,D1_PUSHSIG_OVERLAP,NVSHMEM,C0_DEFAULT,4096,1024,4096,16,4,4194304,30,0,2467.904,2475.456,2973.536,498.080,PASS,0
wm_S5_d1_q16m2_rep3,3,4,3,sm_89,D1_PUSHSIG_OVERLAP,NVSHMEM,C0_DEFAULT,4096,1024,4096,16,5,4194304,30,0,3014.944,3021.568,3514.624,493.056,PASS,0
wm_S5_d1_q16m2_rep3,3,4,3,sm_89,D1_PUSHSIG_OVERLAP,NVSHMEM,C0_DEFAULT,4096,1024,4096,16,6,4194304,30,0,3555.904,3560.576,4053.216,492.640,PASS,0
wm_S5_d1_q16m2_rep3,3,4,3,sm_89,D1_PUSHSIG_OVERLAP,NVSHMEM,C0_DEFAULT,4096,1024,4096,16,7,4194304,30,0,4089.632,4093.280,4588.832,495.552,PASS,0
wm_S5_d1_q16m2_rep3,3,4,3,sm_89,D1_PUSHSIG_OVERLAP,NVSHMEM,C0_DEFAULT,4096,1024,4096,16,8,4194304,30,0,4635.936,4644.352,5139.008,494.656,PASS,0
wm_S5_d1_q16m2_rep3,3,4,3,sm_89,D1_PUSHSIG_OVERLAP,NVSHMEM,C0_DEFAULT,4096,1024,4096,16,9,4194304,30,0,5181.536,5185.152,5680.416,495.264,PASS,0
wm_S5_d1_q16m2_rep3,3,4,3,sm_89,D1_PUSHSIG_OVERLAP,NVSHMEM,C0_DEFAULT,4096,1024,4096,16,10,4194304,30,0,5720.416,5725.280,6220.064,494.784,PASS,0
wm_S5_d1_q16m2_rep3,3,4,3,sm_89,D1_PUSHSIG_OVERLAP,NVSHMEM,C0_DEFAULT,4096,1024,4096,16,11,4194304,30,0,6259.456,6266.464,6762.848,496.384,PASS,0
wm_S5_d1_q16m2_rep3,3,4,3,sm_89,D1_PUSHSIG_OVERLAP,NVSHMEM,C0_DEFAULT,4096,1024,4096,16,12,4194304,30,0,6810.016,6820.960,7322.368,501.408,PASS,0
wm_S5_d1_q16m2_rep3,3,4,3,sm_89,D1_PUSHSIG_OVERLAP,NVSHMEM,C0_DEFAULT,4096,1024,4096,16,13,4194304,30,0,7359.584,7363.168,7855.744,492.576,PASS,0
wm_S5_d1_q16m2_rep3,3,4,3,sm_89,D1_PUSHSIG_OVERLAP,NVSHMEM,C0_DEFAULT,4096,1024,4096,16,14,4194304,30,0,7895.744,7899.296,8385.952,486.656,PASS,0
wm_S5_d1_q16m2_rep3,3,4,3,sm_89,D1_PUSHSIG_OVERLAP,NVSHMEM,C0_DEFAULT,4096,1024,4096,16,15,4194304,30,0,8411.553,8415.072,8901.696,486.624,PASS,0
wm_S5_d1_q16m2_rep3,3,4,3,sm_89,D1_PUSHSIG_OVERLAP,NVSHMEM,C0_DEFAULT,4096,1024,4096,16,0,4194304,31,0,250.912,254.400,746.848,492.448,PASS,0
wm_S5_d1_q16m2_rep3,3,4,3,sm_89,D1_PUSHSIG_OVERLAP,NVSHMEM,C0_DEFAULT,4096,1024,4096,16,1,4194304,31,0,788.768,795.296,1288.416,493.120,PASS,0
wm_S5_d1_q16m2_rep3,3,4,3,sm_89,D1_PUSHSIG_OVERLAP,NVSHMEM,C0_DEFAULT,4096,1024,4096,16,2,4194304,31,0,1328.352,1335.168,1829.600,494.432,PASS,0
wm_S5_d1_q16m2_rep3,3,4,3,sm_89,D1_PUSHSIG_OVERLAP,NVSHMEM,C0_DEFAULT,4096,1024,4096,16,3,4194304,31,0,1879.904,1887.072,2383.968,496.896,PASS,0
wm_S5_d1_q16m2_rep3,3,4,3,sm_89,D1_PUSHSIG_OVERLAP,NVSHMEM,C0_DEFAULT,4096,1024,4096,16,4,4194304,31,0,2446.112,2456.320,2954.208,497.888,PASS,0
wm_S5_d1_q16m2_rep3,3,4,3,sm_89,D1_PUSHSIG_OVERLAP,NVSHMEM,C0_DEFAULT,4096,1024,4096,16,5,4194304,31,0,2998.976,3002.784,3500.448,497.664,PASS,0
wm_S5_d1_q16m2_rep3,3,4,3,sm_89,D1_PUSHSIG_OVERLAP,NVSHMEM,C0_DEFAULT,4096,1024,4096,16,6,4194304,31,0,3546.784,3550.944,4045.248,494.304,PASS,0
wm_S5_d1_q16m2_rep3,3,4,3,sm_89,D1_PUSHSIG_OVERLAP,NVSHMEM,C0_DEFAULT,4096,1024,4096,16,7,4194304,31,0,4088.480,4092.256,4584.352,492.096,PASS,0
wm_S5_d1_q16m2_rep3,3,4,3,sm_89,D1_PUSHSIG_OVERLAP,NVSHMEM,C0_DEFAULT,4096,1024,4096,16,8,4194304,31,0,4628.064,4636.032,5128.544,492.512,PASS,0
wm_S5_d1_q16m2_rep3,3,4,3,sm_89,D1_PUSHSIG_OVERLAP,NVSHMEM,C0_DEFAULT,4096,1024,4096,16,9,4194304,31,0,5166.208,5169.824,5661.760,491.936,PASS,0
wm_S5_d1_q16m2_rep3,3,4,3,sm_89,D1_PUSHSIG_OVERLAP,NVSHMEM,C0_DEFAULT,4096,1024,4096,16,10,4194304,31,0,5700.320,5707.680,6201.312,493.632,PASS,0
wm_S5_d1_q16m2_rep3,3,4,3,sm_89,D1_PUSHSIG_OVERLAP,NVSHMEM,C0_DEFAULT,4096,1024,4096,16,11,4194304,31,0,6246.144,6249.824,6742.272,492.448,PASS,0
wm_S5_d1_q16m2_rep3,3,4,3,sm_89,D1_PUSHSIG_OVERLAP,NVSHMEM,C0_DEFAULT,4096,1024,4096,16,12,4194304,31,0,6783.840,6788.448,7280.448,492.000,PASS,0
wm_S5_d1_q16m2_rep3,3,4,3,sm_89,D1_PUSHSIG_OVERLAP,NVSHMEM,C0_DEFAULT,4096,1024,4096,16,13,4194304,31,0,7320.896,7325.024,7820.352,495.328,PASS,0
wm_S5_d1_q16m2_rep3,3,4,3,sm_89,D1_PUSHSIG_OVERLAP,NVSHMEM,C0_DEFAULT,4096,1024,4096,16,14,4194304,31,0,7872.736,7876.256,8362.977,486.720,PASS,0
wm_S5_d1_q16m2_rep3,3,4,3,sm_89,D1_PUSHSIG_OVERLAP,NVSHMEM,C0_DEFAULT,4096,1024,4096,16,15,4194304,31,0,8388.608,8392.128,8878.496,486.368,PASS,0
wm_S5_d1_q16m2_rep3,3,4,3,sm_89,D1_PUSHSIG_OVERLAP,NVSHMEM,C0_DEFAULT,4096,1024,4096,16,0,4194304,32,0,250.368,254.048,748.320,494.272,PASS,0
wm_S5_d1_q16m2_rep3,3,4,3,sm_89,D1_PUSHSIG_OVERLAP,NVSHMEM,C0_DEFAULT,4096,1024,4096,16,1,4194304,32,0,790.048,793.760,1291.776,498.016,PASS,0
wm_S5_d1_q16m2_rep3,3,4,3,sm_89,D1_PUSHSIG_OVERLAP,NVSHMEM,C0_DEFAULT,4096,1024,4096,16,2,4194304,32,0,1371.200,1387.104,1884.672,497.568,PASS,0
wm_S5_d1_q16m2_rep3,3,4,3,sm_89,D1_PUSHSIG_OVERLAP,NVSHMEM,C0_DEFAULT,4096,1024,4096,16,3,4194304,32,0,1922.784,1927.456,2425.408,497.952,PASS,0
wm_S5_d1_q16m2_rep3,3,4,3,sm_89,D1_PUSHSIG_OVERLAP,NVSHMEM,C0_DEFAULT,4096,1024,4096,16,4,4194304,32,0,2467.104,2471.552,2964.960,493.408,PASS,0
wm_S5_d1_q16m2_rep3,3,4,3,sm_89,D1_PUSHSIG_OVERLAP,NVSHMEM,C0_DEFAULT,4096,1024,4096,16,5,4194304,32,0,3001.408,3006.240,3501.696,495.456,PASS,0
wm_S5_d1_q16m2_rep3,3,4,3,sm_89,D1_PUSHSIG_OVERLAP,NVSHMEM,C0_DEFAULT,4096,1024,4096,16,6,4194304,32,0,3548.128,3552.608,4045.216,492.608,PASS,0
wm_S5_d1_q16m2_rep3,3,4,3,sm_89,D1_PUSHSIG_OVERLAP,NVSHMEM,C0_DEFAULT,4096,1024,4096,16,7,4194304,32,0,4084.576,4088.288,4580.864,492.576,PASS,0
wm_S5_d1_q16m2_rep3,3,4,3,sm_89,D1_PUSHSIG_OVERLAP,NVSHMEM,C0_DEFAULT,4096,1024,4096,16,8,4194304,32,0,4622.400,4625.952,5117.952,492.000,PASS,0
wm_S5_d1_q16m2_rep3,3,4,3,sm_89,D1_PUSHSIG_OVERLAP,NVSHMEM,C0_DEFAULT,4096,1024,4096,16,9,4194304,32,0,5157.248,5161.856,5654.560,492.704,PASS,0
wm_S5_d1_q16m2_rep3,3,4,3,sm_89,D1_PUSHSIG_OVERLAP,NVSHMEM,C0_DEFAULT,4096,1024,4096,16,10,4194304,32,0,5697.888,5702.944,6194.176,491.232,PASS,0
wm_S5_d1_q16m2_rep3,3,4,3,sm_89,D1_PUSHSIG_OVERLAP,NVSHMEM,C0_DEFAULT,4096,1024,4096,16,11,4194304,32,0,6238.592,6242.656,6732.288,489.632,PASS,0
wm_S5_d1_q16m2_rep3,3,4,3,sm_89,D1_PUSHSIG_OVERLAP,NVSHMEM,C0_DEFAULT,4096,1024,4096,16,12,4194304,32,0,6779.168,6782.816,7273.248,490.432,PASS,0
wm_S5_d1_q16m2_rep3,3,4,3,sm_89,D1_PUSHSIG_OVERLAP,NVSHMEM,C0_DEFAULT,4096,1024,4096,16,13,4194304,32,0,7317.152,7320.928,7807.616,486.688,PASS,0
wm_S5_d1_q16m2_rep3,3,4,3,sm_89,D1_PUSHSIG_OVERLAP,NVSHMEM,C0_DEFAULT,4096,1024,4096,16,14,4194304,32,0,7833.440,7836.928,8323.648,486.720,PASS,0
wm_S5_d1_q16m2_rep3,3,4,3,sm_89,D1_PUSHSIG_OVERLAP,NVSHMEM,C0_DEFAULT,4096,1024,4096,16,15,4194304,32,0,8349.248,8352.768,8840.160,487.392,PASS,0
wm_S5_d1_q16m2_rep3,3,4,3,sm_89,D1_PUSHSIG_OVERLAP,NVSHMEM,C0_DEFAULT,4096,1024,4096,16,0,4194304,33,0,249.024,252.864,752.096,499.232,PASS,0
wm_S5_d1_q16m2_rep3,3,4,3,sm_89,D1_PUSHSIG_OVERLAP,NVSHMEM,C0_DEFAULT,4096,1024,4096,16,1,4194304,33,0,809.952,813.600,1305.056,491.456,PASS,0
wm_S5_d1_q16m2_rep3,3,4,3,sm_89,D1_PUSHSIG_OVERLAP,NVSHMEM,C0_DEFAULT,4096,1024,4096,16,2,4194304,33,0,1346.784,1350.272,1846.752,496.480,PASS,0
wm_S5_d1_q16m2_rep3,3,4,3,sm_89,D1_PUSHSIG_OVERLAP,NVSHMEM,C0_DEFAULT,4096,1024,4096,16,3,4194304,33,0,1906.176,1918.656,2414.976,496.320,PASS,0
wm_S5_d1_q16m2_rep3,3,4,3,sm_89,D1_PUSHSIG_OVERLAP,NVSHMEM,C0_DEFAULT,4096,1024,4096,16,4,4194304,33,0,2453.888,2457.408,2949.344,491.936,PASS,0
wm_S5_d1_q16m2_rep3,3,4,3,sm_89,D1_PUSHSIG_OVERLAP,NVSHMEM,C0_DEFAULT,4096,1024,4096,16,5,4194304,33,0,2992.608,2998.912,3493.280,494.368,PASS,0
wm_S5_d1_q16m2_rep3,3,4,3,sm_89,D1_PUSHSIG_OVERLAP,NVSHMEM,C0_DEFAULT,4096,1024,4096,16,6,4194304,33,0,3533.632,3538.656,4034.016,495.360,PASS,0
wm_S5_d1_q16m2_rep3,3,4,3,sm_89,D1_PUSHSIG_OVERLAP,NVSHMEM,C0_DEFAULT,4096,1024,4096,16,7,4194304,33,0,4074.016,4081.120,4578.496,497.376,PASS,0
wm_S5_d1_q16m2_rep3,3,4,3,sm_89,D1_PUSHSIG_OVERLAP,NVSHMEM,C0_DEFAULT,4096,1024,4096,16,8,4194304,33,0,4628.000,4635.776,5135.072,499.296,PASS,0
wm_S5_d1_q16m2_rep3,3,4,3,sm_89,D1_PUSHSIG_OVERLAP,NVSHMEM,C0_DEFAULT,4096,1024,4096,16,9,4194304,33,0,5180.736,5184.224,5676.896,492.672,PASS,0
wm_S5_d1_q16m2_rep3,3,4,3,sm_89,D1_PUSHSIG_OVERLAP,NVSHMEM,C0_DEFAULT,4096,1024,4096,16,10,4194304,33,0,5721.344,5728.544,6223.072,494.528,PASS,0
wm_S5_d1_q16m2_rep3,3,4,3,sm_89,D1_PUSHSIG_OVERLAP,NVSHMEM,C0_DEFAULT,4096,1024,4096,16,11,4194304,33,0,6273.696,6280.608,6777.536,496.928,PASS,0
wm_S5_d1_q16m2_rep3,3,4,3,sm_89,D1_PUSHSIG_OVERLAP,NVSHMEM,C0_DEFAULT,4096,1024,4096,16,12,4194304,33,0,6826.208,6833.216,7331.392,498.176,PASS,0
wm_S5_d1_q16m2_rep3,3,4,3,sm_89,D1_PUSHSIG_OVERLAP,NVSHMEM,C0_DEFAULT,4096,1024,4096,16,13,4194304,33,0,7383.488,7389.664,7887.488,497.824,PASS,0
wm_S5_d1_q16m2_rep3,3,4,3,sm_89,D1_PUSHSIG_OVERLAP,NVSHMEM,C0_DEFAULT,4096,1024,4096,16,14,4194304,33,0,7929.376,7935.776,8424.480,488.704,PASS,0
wm_S5_d1_q16m2_rep3,3,4,3,sm_89,D1_PUSHSIG_OVERLAP,NVSHMEM,C0_DEFAULT,4096,1024,4096,16,15,4194304,33,0,8449.601,8453.057,8939.744,486.688,PASS,0
wm_S5_d1_q16m2_rep3,3,4,3,sm_89,D1_PUSHSIG_OVERLAP,NVSHMEM,C0_DEFAULT,4096,1024,4096,16,0,4194304,34,0,260.800,264.256,757.632,493.376,PASS,0
wm_S5_d1_q16m2_rep3,3,4,3,sm_89,D1_PUSHSIG_OVERLAP,NVSHMEM,C0_DEFAULT,4096,1024,4096,16,1,4194304,34,0,802.240,805.728,1303.520,497.792,PASS,0
wm_S5_d1_q16m2_rep3,3,4,3,sm_89,D1_PUSHSIG_OVERLAP,NVSHMEM,C0_DEFAULT,4096,1024,4096,16,2,4194304,34,0,1367.392,1384.064,1887.968,503.904,PASS,0
wm_S5_d1_q16m2_rep3,3,4,3,sm_89,D1_PUSHSIG_OVERLAP,NVSHMEM,C0_DEFAULT,4096,1024,4096,16,3,4194304,34,0,1926.272,1930.208,2424.896,494.688,PASS,0
wm_S5_d1_q16m2_rep3,3,4,3,sm_89,D1_PUSHSIG_OVERLAP,NVSHMEM,C0_DEFAULT,4096,1024,4096,16,4,4194304,34,0,2479.744,2483.200,2976.640,493.440,PASS,0
wm_S5_d1_q16m2_rep3,3,4,3,sm_89,D1_PUSHSIG_OVERLAP,NVSHMEM,C0_DEFAULT,4096,1024,4096,16,5,4194304,34,0,3036.544,3040.224,3533.792,493.568,PASS,0
wm_S5_d1_q16m2_rep3,3,4,3,sm_89,D1_PUSHSIG_OVERLAP,NVSHMEM,C0_DEFAULT,4096,1024,4096,16,6,4194304,34,0,3576.384,3581.664,4078.368,496.704,PASS,0
wm_S5_d1_q16m2_rep3,3,4,3,sm_89,D1_PUSHSIG_OVERLAP,NVSHMEM,C0_DEFAULT,4096,1024,4096,16,7,4194304,34,0,4132.832,4145.504,4649.696,504.192,PASS,0
wm_S5_d1_q16m2_rep3,3,4,3,sm_89,D1_PUSHSIG_OVERLAP,NVSHMEM,C0_DEFAULT,4096,1024,4096,16,8,4194304,34,0,4689.408,4692.896,5184.320,491.424,PASS,0
wm_S5_d1_q16m2_rep3,3,4,3,sm_89,D1_PUSHSIG_OVERLAP,NVSHMEM,C0_DEFAULT,4096,1024,4096,16,9,4194304,34,0,5226.496,5230.400,5726.656,496.256,PASS,0
wm_S5_d1_q16m2_rep3,3,4,3,sm_89,D1_PUSHSIG_OVERLAP,NVSHMEM,C0_DEFAULT,4096,1024,4096,16,10,4194304,34,0,5769.056,5775.264,6271.936,496.672,PASS,0
wm_S5_d1_q16m2_rep3,3,4,3,sm_89,D1_PUSHSIG_OVERLAP,NVSHMEM,C0_DEFAULT,4096,1024,4096,16,11,4194304,34,0,6318.464,6325.824,6822.688,496.864,PASS,0
wm_S5_d1_q16m2_rep3,3,4,3,sm_89,D1_PUSHSIG_OVERLAP,NVSHMEM,C0_DEFAULT,4096,1024,4096,16,12,4194304,34,0,6867.424,6872.960,7368.672,495.712,PASS,0
wm_S5_d1_q16m2_rep3,3,4,3,sm_89,D1_PUSHSIG_OVERLAP,NVSHMEM,C0_DEFAULT,4096,1024,4096,16,13,4194304,34,0,7412.192,7417.856,7914.752,496.896,PASS,0
wm_S5_d1_q16m2_rep3,3,4,3,sm_89,D1_PUSHSIG_OVERLAP,NVSHMEM,C0_DEFAULT,4096,1024,4096,16,14,4194304,34,0,7958.784,7964.640,8452.480,487.840,PASS,0
wm_S5_d1_q16m2_rep3,3,4,3,sm_89,D1_PUSHSIG_OVERLAP,NVSHMEM,C0_DEFAULT,4096,1024,4096,16,15,4194304,34,0,8478.080,8481.568,8968.607,487.040,PASS,0
wm_S5_d1_q16m2_rep3,3,4,3,sm_89,D1_PUSHSIG_OVERLAP,NVSHMEM,C0_DEFAULT,4096,1024,4096,16,0,4194304,35,0,236.128,241.856,738.752,496.896,PASS,0
wm_S5_d1_q16m2_rep3,3,4,3,sm_89,D1_PUSHSIG_OVERLAP,NVSHMEM,C0_DEFAULT,4096,1024,4096,16,1,4194304,35,0,778.368,781.824,1277.216,495.392,PASS,0
wm_S5_d1_q16m2_rep3,3,4,3,sm_89,D1_PUSHSIG_OVERLAP,NVSHMEM,C0_DEFAULT,4096,1024,4096,16,2,4194304,35,0,1318.976,1325.664,1821.280,495.616,PASS,0
wm_S5_d1_q16m2_rep3,3,4,3,sm_89,D1_PUSHSIG_OVERLAP,NVSHMEM,C0_DEFAULT,4096,1024,4096,16,3,4194304,35,0,1864.288,1871.040,2363.392,492.352,PASS,0
wm_S5_d1_q16m2_rep3,3,4,3,sm_89,D1_PUSHSIG_OVERLAP,NVSHMEM,C0_DEFAULT,4096,1024,4096,16,4,4194304,35,0,2401.504,2405.024,2899.872,494.848,PASS,0
wm_S5_d1_q16m2_rep3,3,4,3,sm_89,D1_PUSHSIG_OVERLAP,NVSHMEM,C0_DEFAULT,4096,1024,4096,16,5,4194304,35,0,2943.264,2949.824,3446.880,497.056,PASS,0
wm_S5_d1_q16m2_rep3,3,4,3,sm_89,D1_PUSHSIG_OVERLAP,NVSHMEM,C0_DEFAULT,4096,1024,4096,16,6,4194304,35,0,3513.568,3517.024,4010.944,493.920,PASS,0
wm_S5_d1_q16m2_rep3,3,4,3,sm_89,D1_PUSHSIG_OVERLAP,NVSHMEM,C0_DEFAULT,4096,1024,4096,16,7,4194304,35,0,4052.320,4056.640,4557.632,500.992,PASS,0
wm_S5_d1_q16m2_rep3,3,4,3,sm_89,D1_PUSHSIG_OVERLAP,NVSHMEM,C0_DEFAULT,4096,1024,4096,16,8,4194304,35,0,4613.696,4617.216,5110.560,493.344,PASS,0
wm_S5_d1_q16m2_rep3,3,4,3,sm_89,D1_PUSHSIG_OVERLAP,NVSHMEM,C0_DEFAULT,4096,1024,4096,16,9,4194304,35,0,5155.840,5161.952,5660.928,498.976,PASS,0
wm_S5_d1_q16m2_rep3,3,4,3,sm_89,D1_PUSHSIG_OVERLAP,NVSHMEM,C0_DEFAULT,4096,1024,4096,16,10,4194304,35,0,5702.880,5709.376,6206.496,497.120,PASS,0
wm_S5_d1_q16m2_rep3,3,4,3,sm_89,D1_PUSHSIG_OVERLAP,NVSHMEM,C0_DEFAULT,4096,1024,4096,16,11,4194304,35,0,6253.472,6265.568,6763.264,497.696,PASS,0
wm_S5_d1_q16m2_rep3,3,4,3,sm_89,D1_PUSHSIG_OVERLAP,NVSHMEM,C0_DEFAULT,4096,1024,4096,16,12,4194304,35,0,6799.744,6803.200,7296.160,492.960,PASS,0
wm_S5_d1_q16m2_rep3,3,4,3,sm_89,D1_PUSHSIG_OVERLAP,NVSHMEM,C0_DEFAULT,4096,1024,4096,16,13,4194304,35,0,7333.216,7336.992,7823.968,486.976,PASS,0
wm_S5_d1_q16m2_rep3,3,4,3,sm_89,D1_PUSHSIG_OVERLAP,NVSHMEM,C0_DEFAULT,4096,1024,4096,16,14,4194304,35,0,7849.696,7853.216,8340.031,486.816,PASS,0
wm_S5_d1_q16m2_rep3,3,4,3,sm_89,D1_PUSHSIG_OVERLAP,NVSHMEM,C0_DEFAULT,4096,1024,4096,16,15,4194304,35,0,8387.744,8391.231,8878.208,486.976,PASS,0
wm_S5_d1_q16m2_rep3,3,4,3,sm_89,D1_PUSHSIG_OVERLAP,NVSHMEM,C0_DEFAULT,4096,1024,4096,16,0,4194304,36,0,245.216,248.864,740.672,491.808,PASS,0
wm_S5_d1_q16m2_rep3,3,4,3,sm_89,D1_PUSHSIG_OVERLAP,NVSHMEM,C0_DEFAULT,4096,1024,4096,16,1,4194304,36,0,779.584,783.168,1281.088,497.920,PASS,0
wm_S5_d1_q16m2_rep3,3,4,3,sm_89,D1_PUSHSIG_OVERLAP,NVSHMEM,C0_DEFAULT,4096,1024,4096,16,2,4194304,36,0,1341.248,1354.848,1853.056,498.208,PASS,0
wm_S5_d1_q16m2_rep3,3,4,3,sm_89,D1_PUSHSIG_OVERLAP,NVSHMEM,C0_DEFAULT,4096,1024,4096,16,3,4194304,36,0,1895.264,1898.688,2394.816,496.128,PASS,0
wm_S5_d1_q16m2_rep3,3,4,3,sm_89,D1_PUSHSIG_OVERLAP,NVSHMEM,C0_DEFAULT,4096,1024,4096,16,4,4194304,36,0,2465.408,2469.952,2964.384,494.432,PASS,0
wm_S5_d1_q16m2_rep3,3,4,3,sm_89,D1_PUSHSIG_OVERLAP,NVSHMEM,C0_DEFAULT,4096,1024,4096,16,5,4194304,36,0,3002.176,3005.632,3500.672,495.040,PASS,0
wm_S5_d1_q16m2_rep3,3,4,3,sm_89,D1_PUSHSIG_OVERLAP,NVSHMEM,C0_DEFAULT,4096,1024,4096,16,6,4194304,36,0,3546.368,3549.888,4043.296,493.408,PASS,0
wm_S5_d1_q16m2_rep3,3,4,3,sm_89,D1_PUSHSIG_OVERLAP,NVSHMEM,C0_DEFAULT,4096,1024,4096,16,7,4194304,36,0,4085.856,4090.688,4586.144,495.456,PASS,0
wm_S5_d1_q16m2_rep3,3,4,3,sm_89,D1_PUSHSIG_OVERLAP,NVSHMEM,C0_DEFAULT,4096,1024,4096,16,8,4194304,36,0,4634.624,4641.472,5138.560,497.088,PASS,0
wm_S5_d1_q16m2_rep3,3,4,3,sm_89,D1_PUSHSIG_OVERLAP,NVSHMEM,C0_DEFAULT,4096,1024,4096,16,9,4194304,36,0,5188.384,5194.560,5691.136,496.576,PASS,0
wm_S5_d1_q16m2_rep3,3,4,3,sm_89,D1_PUSHSIG_OVERLAP,NVSHMEM,C0_DEFAULT,4096,1024,4096,16,10,4194304,36,0,5733.216,5738.752,6232.864,494.112,PASS,0
wm_S5_d1_q16m2_rep3,3,4,3,sm_89,D1_PUSHSIG_OVERLAP,NVSHMEM,C0_DEFAULT,4096,1024,4096,16,11,4194304,36,0,6283.200,6289.120,6788.416,499.296,PASS,0
wm_S5_d1_q16m2_rep3,3,4,3,sm_89,D1_PUSHSIG_OVERLAP,NVSHMEM,C0_DEFAULT,4096,1024,4096,16,12,4194304,36,0,6838.208,6844.768,7341.888,497.120,PASS,0
wm_S5_d1_q16m2_rep3,3,4,3,sm_89,D1_PUSHSIG_OVERLAP,NVSHMEM,C0_DEFAULT,4096,1024,4096,16,13,4194304,36,0,7393.632,7400.288,7888.128,487.840,PASS,0
wm_S5_d1_q16m2_rep3,3,4,3,sm_89,D1_PUSHSIG_OVERLAP,NVSHMEM,C0_DEFAULT,4096,1024,4096,16,14,4194304,36,0,7914.336,7918.048,8404.704,486.656,PASS,0
wm_S5_d1_q16m2_rep3,3,4,3,sm_89,D1_PUSHSIG_OVERLAP,NVSHMEM,C0_DEFAULT,4096,1024,4096,16,15,4194304,36,0,8429.792,8433.312,8919.903,486.592,PASS,0
wm_S5_d1_q16m2_rep3,3,4,3,sm_89,D1_PUSHSIG_OVERLAP,NVSHMEM,C0_DEFAULT,4096,1024,4096,16,0,4194304,37,0,267.712,271.264,765.088,493.824,PASS,0
wm_S5_d1_q16m2_rep3,3,4,3,sm_89,D1_PUSHSIG_OVERLAP,NVSHMEM,C0_DEFAULT,4096,1024,4096,16,1,4194304,37,0,813.056,816.768,1311.840,495.072,PASS,0
wm_S5_d1_q16m2_rep3,3,4,3,sm_89,D1_PUSHSIG_OVERLAP,NVSHMEM,C0_DEFAULT,4096,1024,4096,16,2,4194304,37,0,1366.784,1375.712,1872.576,496.864,PASS,0
wm_S5_d1_q16m2_rep3,3,4,3,sm_89,D1_PUSHSIG_OVERLAP,NVSHMEM,C0_DEFAULT,4096,1024,4096,16,3,4194304,37,0,1919.616,1925.568,2422.560,496.992,PASS,0
wm_S5_d1_q16m2_rep3,3,4,3,sm_89,D1_PUSHSIG_OVERLAP,NVSHMEM,C0_DEFAULT,4096,1024,4096,16,4,4194304,37,0,2463.712,2467.392,2959.328,491.936,PASS,0
wm_S5_d1_q16m2_rep3,3,4,3,sm_89,D1_PUSHSIG_OVERLAP,NVSHMEM,C0_DEFAULT,4096,1024,4096,16,5,4194304,37,0,3007.904,3011.424,3507.232,495.808,PASS,0
wm_S5_d1_q16m2_rep3,3,4,3,sm_89,D1_PUSHSIG_OVERLAP,NVSHMEM,C0_DEFAULT,4096,1024,4096,16,6,4194304,37,0,3553.184,3559.168,4056.640,497.472,PASS,0
wm_S5_d1_q16m2_rep3,3,4,3,sm_89,D1_PUSHSIG_OVERLAP,NVSHMEM,C0_DEFAULT,4096,1024,4096,16,7,4194304,37,0,4101.568,4107.840,4605.312,497.472,PASS,0
wm_S5_d1_q16m2_rep3,3,4,3,sm_89,D1_PUSHSIG_OVERLAP,NVSHMEM,C0_DEFAULT,4096,1024,4096,16,8,4194304,37,0,4651.520,4655.072,5148.000,492.928,PASS,0
wm_S5_d1_q16m2_rep3,3,4,3,sm_89,D1_PUSHSIG_OVERLAP,NVSHMEM,C0_DEFAULT,4096,1024,4096,16,9,4194304,37,0,5189.024,5193.280,5691.648,498.368,PASS,0
wm_S5_d1_q16m2_rep3,3,4,3,sm_89,D1_PUSHSIG_OVERLAP,NVSHMEM,C0_DEFAULT,4096,1024,4096,16,10,4194304,37,0,5730.912,5734.688,6222.720,488.032,PASS,0
wm_S5_d1_q16m2_rep3,3,4,3,sm_89,D1_PUSHSIG_OVERLAP,NVSHMEM,C0_DEFAULT,4096,1024,4096,16,11,4194304,37,0,6248.160,6251.840,6740.000,488.160,PASS,0
wm_S5_d1_q16m2_rep3,3,4,3,sm_89,D1_PUSHSIG_OVERLAP,NVSHMEM,C0_DEFAULT,4096,1024,4096,16,12,4194304,37,0,6767.104,6770.560,7257.632,487.072,PASS,0
wm_S5_d1_q16m2_rep3,3,4,3,sm_89,D1_PUSHSIG_OVERLAP,NVSHMEM,C0_DEFAULT,4096,1024,4096,16,13,4194304,37,0,7284.064,7287.936,7773.920,485.984,PASS,0
wm_S5_d1_q16m2_rep3,3,4,3,sm_89,D1_PUSHSIG_OVERLAP,NVSHMEM,C0_DEFAULT,4096,1024,4096,16,14,4194304,37,0,7799.200,7802.720,8289.184,486.464,PASS,0
wm_S5_d1_q16m2_rep3,3,4,3,sm_89,D1_PUSHSIG_OVERLAP,NVSHMEM,C0_DEFAULT,4096,1024,4096,16,15,4194304,37,0,8314.240,8317.855,8804.479,486.624,PASS,0
wm_S5_d1_q16m2_rep3,3,4,3,sm_89,D1_PUSHSIG_OVERLAP,NVSHMEM,C0_DEFAULT,4096,1024,4096,16,0,4194304,38,0,235.104,238.592,734.880,496.288,PASS,0
wm_S5_d1_q16m2_rep3,3,4,3,sm_89,D1_PUSHSIG_OVERLAP,NVSHMEM,C0_DEFAULT,4096,1024,4096,16,1,4194304,38,0,828.992,840.928,1340.800,499.872,PASS,0
wm_S5_d1_q16m2_rep3,3,4,3,sm_89,D1_PUSHSIG_OVERLAP,NVSHMEM,C0_DEFAULT,4096,1024,4096,16,2,4194304,38,0,1387.264,1392.704,1888.448,495.744,PASS,0
wm_S5_d1_q16m2_rep3,3,4,3,sm_89,D1_PUSHSIG_OVERLAP,NVSHMEM,C0_DEFAULT,4096,1024,4096,16,3,4194304,38,0,1937.824,1944.832,2444.160,499.328,PASS,0
wm_S5_d1_q16m2_rep3,3,4,3,sm_89,D1_PUSHSIG_OVERLAP,NVSHMEM,C0_DEFAULT,4096,1024,4096,16,4,4194304,38,0,2493.856,2500.288,2999.040,498.752,PASS,0
wm_S5_d1_q16m2_rep3,3,4,3,sm_89,D1_PUSHSIG_OVERLAP,NVSHMEM,C0_DEFAULT,4096,1024,4096,16,5,4194304,38,0,3044.032,3047.648,3540.928,493.280,PASS,0
wm_S5_d1_q16m2_rep3,3,4,3,sm_89,D1_PUSHSIG_OVERLAP,NVSHMEM,C0_DEFAULT,4096,1024,4096,16,6,4194304,38,0,3583.680,3589.152,4085.760,496.608,PASS,0
wm_S5_d1_q16m2_rep3,3,4,3,sm_89,D1_PUSHSIG_OVERLAP,NVSHMEM,C0_DEFAULT,4096,1024,4096,16,7,4194304,38,0,4128.896,4134.464,4626.208,491.744,PASS,0
wm_S5_d1_q16m2_rep3,3,4,3,sm_89,D1_PUSHSIG_OVERLAP,NVSHMEM,C0_DEFAULT,4096,1024,4096,16,8,4194304,38,0,4669.280,4679.680,5172.736,493.056,PASS,0
wm_S5_d1_q16m2_rep3,3,4,3,sm_89,D1_PUSHSIG_OVERLAP,NVSHMEM,C0_DEFAULT,4096,1024,4096,16,9,4194304,38,0,5219.904,5234.592,5730.080,495.488,PASS,0
wm_S5_d1_q16m2_rep3,3,4,3,sm_89,D1_PUSHSIG_OVERLAP,NVSHMEM,C0_DEFAULT,4096,1024,4096,16,10,4194304,38,0,5775.392,5778.848,6268.352,489.504,PASS,0
wm_S5_d1_q16m2_rep3,3,4,3,sm_89,D1_PUSHSIG_OVERLAP,NVSHMEM,C0_DEFAULT,4096,1024,4096,16,11,4194304,38,0,6306.336,6310.048,6803.648,493.600,PASS,0
wm_S5_d1_q16m2_rep3,3,4,3,sm_89,D1_PUSHSIG_OVERLAP,NVSHMEM,C0_DEFAULT,4096,1024,4096,16,12,4194304,38,0,6842.144,6848.768,7342.912,494.144,PASS,0
wm_S5_d1_q16m2_rep3,3,4,3,sm_89,D1_PUSHSIG_OVERLAP,NVSHMEM,C0_DEFAULT,4096,1024,4096,16,13,4194304,38,0,7384.288,7388.288,7877.824,489.536,PASS,0
wm_S5_d1_q16m2_rep3,3,4,3,sm_89,D1_PUSHSIG_OVERLAP,NVSHMEM,C0_DEFAULT,4096,1024,4096,16,14,4194304,38,0,7918.464,7921.984,8414.912,492.928,PASS,0
wm_S5_d1_q16m2_rep3,3,4,3,sm_89,D1_PUSHSIG_OVERLAP,NVSHMEM,C0_DEFAULT,4096,1024,4096,16,15,4194304,38,0,8454.561,8458.048,8944.479,486.432,PASS,0
wm_S5_d1_q16m2_rep3,3,4,3,sm_89,D1_PUSHSIG_OVERLAP,NVSHMEM,C0_DEFAULT,4096,1024,4096,16,0,4194304,39,0,234.944,239.520,735.584,496.064,PASS,0
wm_S5_d1_q16m2_rep3,3,4,3,sm_89,D1_PUSHSIG_OVERLAP,NVSHMEM,C0_DEFAULT,4096,1024,4096,16,1,4194304,39,0,775.456,779.712,1271.264,491.552,PASS,0
wm_S5_d1_q16m2_rep3,3,4,3,sm_89,D1_PUSHSIG_OVERLAP,NVSHMEM,C0_DEFAULT,4096,1024,4096,16,2,4194304,39,0,1311.552,1315.040,1808.416,493.376,PASS,0
wm_S5_d1_q16m2_rep3,3,4,3,sm_89,D1_PUSHSIG_OVERLAP,NVSHMEM,C0_DEFAULT,4096,1024,4096,16,3,4194304,39,0,1857.664,1864.864,2361.600,496.736,PASS,0
wm_S5_d1_q16m2_rep3,3,4,3,sm_89,D1_PUSHSIG_OVERLAP,NVSHMEM,C0_DEFAULT,4096,1024,4096,16,4,4194304,39,0,2399.360,2402.816,2896.672,493.856,PASS,0
wm_S5_d1_q16m2_rep3,3,4,3,sm_89,D1_PUSHSIG_OVERLAP,NVSHMEM,C0_DEFAULT,4096,1024,4096,16,5,4194304,39,0,2937.472,2940.928,3436.928,496.000,PASS,0
wm_S5_d1_q16m2_rep3,3,4,3,sm_89,D1_PUSHSIG_OVERLAP,NVSHMEM,C0_DEFAULT,4096,1024,4096,16,6,4194304,39,0,3491.232,3497.728,3994.432,496.704,PASS,0
wm_S5_d1_q16m2_rep3,3,4,3,sm_89,D1_PUSHSIG_OVERLAP,NVSHMEM,C0_DEFAULT,4096,1024,4096,16,7,4194304,39,0,4035.680,4043.008,4538.336,495.328,PASS,0
wm_S5_d1_q16m2_rep3,3,4,3,sm_89,D1_PUSHSIG_OVERLAP,NVSHMEM,C0_DEFAULT,4096,1024,4096,16,8,4194304,39,0,4586.336,4592.608,5091.136,498.528,PASS,0
wm_S5_d1_q16m2_rep3,3,4,3,sm_89,D1_PUSHSIG_OVERLAP,NVSHMEM,C0_DEFAULT,4096,1024,4096,16,9,4194304,39,0,5137.952,5141.600,5634.528,492.928,PASS,0
wm_S5_d1_q16m2_rep3,3,4,3,sm_89,D1_PUSHSIG_OVERLAP,NVSHMEM,C0_DEFAULT,4096,1024,4096,16,10,4194304,39,0,5676.704,5680.192,6171.488,491.296,PASS,0
wm_S5_d1_q16m2_rep3,3,4,3,sm_89,D1_PUSHSIG_OVERLAP,NVSHMEM,C0_DEFAULT,4096,1024,4096,16,11,4194304,39,0,6224.224,6230.688,6727.808,497.120,PASS,0
wm_S5_d1_q16m2_rep3,3,4,3,sm_89,D1_PUSHSIG_OVERLAP,NVSHMEM,C0_DEFAULT,4096,1024,4096,16,12,4194304,39,0,6767.040,6770.528,7265.952,495.424,PASS,0
wm_S5_d1_q16m2_rep3,3,4,3,sm_89,D1_PUSHSIG_OVERLAP,NVSHMEM,C0_DEFAULT,4096,1024,4096,16,13,4194304,39,0,7315.712,7319.232,7811.520,492.288,PASS,0
wm_S5_d1_q16m2_rep3,3,4,3,sm_89,D1_PUSHSIG_OVERLAP,NVSHMEM,C0_DEFAULT,4096,1024,4096,16,14,4194304,39,0,7851.584,7855.104,8342.017,486.912,PASS,0
wm_S5_d1_q16m2_rep3,3,4,3,sm_89,D1_PUSHSIG_OVERLAP,NVSHMEM,C0_DEFAULT,4096,1024,4096,16,15,4194304,39,0,8367.392,8370.911,8857.473,486.560,PASS,0
wm_S5_d1_q16m2_rep3,3,4,3,sm_89,D1_PUSHSIG_OVERLAP,NVSHMEM,C0_DEFAULT,4096,1024,4096,16,0,4194304,40,0,251.296,255.136,754.304,499.168,PASS,0
wm_S5_d1_q16m2_rep3,3,4,3,sm_89,D1_PUSHSIG_OVERLAP,NVSHMEM,C0_DEFAULT,4096,1024,4096,16,1,4194304,40,0,817.760,829.248,1328.160,498.912,PASS,0
wm_S5_d1_q16m2_rep3,3,4,3,sm_89,D1_PUSHSIG_OVERLAP,NVSHMEM,C0_DEFAULT,4096,1024,4096,16,2,4194304,40,0,1366.560,1370.304,1867.008,496.704,PASS,0
wm_S5_d1_q16m2_rep3,3,4,3,sm_89,D1_PUSHSIG_OVERLAP,NVSHMEM,C0_DEFAULT,4096,1024,4096,16,3,4194304,40,0,1919.296,1936.128,2438.080,501.952,PASS,0
wm_S5_d1_q16m2_rep3,3,4,3,sm_89,D1_PUSHSIG_OVERLAP,NVSHMEM,C0_DEFAULT,4096,1024,4096,16,4,4194304,40,0,2479.360,2482.880,2975.552,492.672,PASS,0
wm_S5_d1_q16m2_rep3,3,4,3,sm_89,D1_PUSHSIG_OVERLAP,NVSHMEM,C0_DEFAULT,4096,1024,4096,16,5,4194304,40,0,3015.456,3019.168,3511.904,492.736,PASS,0
wm_S5_d1_q16m2_rep3,3,4,3,sm_89,D1_PUSHSIG_OVERLAP,NVSHMEM,C0_DEFAULT,4096,1024,4096,16,6,4194304,40,0,3556.256,3559.680,4050.880,491.200,PASS,0
wm_S5_d1_q16m2_rep3,3,4,3,sm_89,D1_PUSHSIG_OVERLAP,NVSHMEM,C0_DEFAULT,4096,1024,4096,16,7,4194304,40,0,4092.640,4096.320,4591.072,494.752,PASS,0
wm_S5_d1_q16m2_rep3,3,4,3,sm_89,D1_PUSHSIG_OVERLAP,NVSHMEM,C0_DEFAULT,4096,1024,4096,16,8,4194304,40,0,4628.704,4632.256,5125.312,493.056,PASS,0
wm_S5_d1_q16m2_rep3,3,4,3,sm_89,D1_PUSHSIG_OVERLAP,NVSHMEM,C0_DEFAULT,4096,1024,4096,16,9,4194304,40,0,5174.080,5178.752,5674.112,495.360,PASS,0
wm_S5_d1_q16m2_rep3,3,4,3,sm_89,D1_PUSHSIG_OVERLAP,NVSHMEM,C0_DEFAULT,4096,1024,4096,16,10,4194304,40,0,5713.600,5717.120,6211.680,494.560,PASS,0
wm_S5_d1_q16m2_rep3,3,4,3,sm_89,D1_PUSHSIG_OVERLAP,NVSHMEM,C0_DEFAULT,4096,1024,4096,16,11,4194304,40,0,6257.248,6269.504,6764.128,494.624,PASS,0
wm_S5_d1_q16m2_rep3,3,4,3,sm_89,D1_PUSHSIG_OVERLAP,NVSHMEM,C0_DEFAULT,4096,1024,4096,16,12,4194304,40,0,6810.720,6814.720,7312.288,497.568,PASS,0
wm_S5_d1_q16m2_rep3,3,4,3,sm_89,D1_PUSHSIG_OVERLAP,NVSHMEM,C0_DEFAULT,4096,1024,4096,16,13,4194304,40,0,7358.272,7364.608,7853.024,488.416,PASS,0
wm_S5_d1_q16m2_rep3,3,4,3,sm_89,D1_PUSHSIG_OVERLAP,NVSHMEM,C0_DEFAULT,4096,1024,4096,16,14,4194304,40,0,7878.624,7882.080,8369.184,487.104,PASS,0
wm_S5_d1_q16m2_rep3,3,4,3,sm_89,D1_PUSHSIG_OVERLAP,NVSHMEM,C0_DEFAULT,4096,1024,4096,16,15,4194304,40,0,8394.848,8398.336,8885.185,486.848,PASS,0
wm_S5_d1_q16m2_rep3,3,4,3,sm_89,D1_PUSHSIG_OVERLAP,NVSHMEM,C0_DEFAULT,4096,1024,4096,16,0,4194304,41,0,252.544,256.800,753.888,497.088,PASS,0
wm_S5_d1_q16m2_rep3,3,4,3,sm_89,D1_PUSHSIG_OVERLAP,NVSHMEM,C0_DEFAULT,4096,1024,4096,16,1,4194304,41,0,805.184,817.376,1317.152,499.776,PASS,0
wm_S5_d1_q16m2_rep3,3,4,3,sm_89,D1_PUSHSIG_OVERLAP,NVSHMEM,C0_DEFAULT,4096,1024,4096,16,2,4194304,41,0,1358.336,1361.888,1854.720,492.832,PASS,0
wm_S5_d1_q16m2_rep3,3,4,3,sm_89,D1_PUSHSIG_OVERLAP,NVSHMEM,C0_DEFAULT,4096,1024,4096,16,3,4194304,41,0,1895.872,1899.392,2390.752,491.360,PASS,0
wm_S5_d1_q16m2_rep3,3,4,3,sm_89,D1_PUSHSIG_OVERLAP,NVSHMEM,C0_DEFAULT,4096,1024,4096,16,4,4194304,41,0,2433.472,2437.088,2928.768,491.680,PASS,0
wm_S5_d1_q16m2_rep3,3,4,3,sm_89,D1_PUSHSIG_OVERLAP,NVSHMEM,C0_DEFAULT,4096,1024,4096,16,5,4194304,41,0,2969.472,2973.056,3466.880,493.824,PASS,0
wm_S5_d1_q16m2_rep3,3,4,3,sm_89,D1_PUSHSIG_OVERLAP,NVSHMEM,C0_DEFAULT,4096,1024,4096,16,6,4194304,41,0,3507.488,3511.328,4008.224,496.896,PASS,0
wm_S5_d1_q16m2_rep3,3,4,3,sm_89,D1_PUSHSIG_OVERLAP,NVSHMEM,C0_DEFAULT,4096,1024,4096,16,7,4194304,41,0,4049.632,4055.392,4552.224,496.832,PASS,0
wm_S5_d1_q16m2_rep3,3,4,3,sm_89,D1_PUSHSIG_OVERLAP,NVSHMEM,C0_DEFAULT,4096,1024,4096,16,8,4194304,41,0,4597.536,4600.992,5096.256,495.264,PASS,0
wm_S5_d1_q16m2_rep3,3,4,3,sm_89,D1_PUSHSIG_OVERLAP,NVSHMEM,C0_DEFAULT,4096,1024,4096,16,9,4194304,41,0,5144.064,5154.816,5656.672,501.856,PASS,0
wm_S5_d1_q16m2_rep3,3,4,3,sm_89,D1_PUSHSIG_OVERLAP,NVSHMEM,C0_DEFAULT,4096,1024,4096,16,10,4194304,41,0,5698.624,5702.720,6196.160,493.440,PASS,0
wm_S5_d1_q16m2_rep3,3,4,3,sm_89,D1_PUSHSIG_OVERLAP,NVSHMEM,C0_DEFAULT,4096,1024,4096,16,11,4194304,41,0,6237.344,6241.088,6732.384,491.296,PASS,0
wm_S5_d1_q16m2_rep3,3,4,3,sm_89,D1_PUSHSIG_OVERLAP,NVSHMEM,C0_DEFAULT,4096,1024,4096,16,12,4194304,41,0,6775.904,6779.424,7265.760,486.336,PASS,0
wm_S5_d1_q16m2_rep3,3,4,3,sm_89,D1_PUSHSIG_OVERLAP,NVSHMEM,C0_DEFAULT,4096,1024,4096,16,13,4194304,41,0,7291.520,7295.200,7781.600,486.400,PASS,0
wm_S5_d1_q16m2_rep3,3,4,3,sm_89,D1_PUSHSIG_OVERLAP,NVSHMEM,C0_DEFAULT,4096,1024,4096,16,14,4194304,41,0,7806.880,7810.656,8297.280,486.624,PASS,0
wm_S5_d1_q16m2_rep3,3,4,3,sm_89,D1_PUSHSIG_OVERLAP,NVSHMEM,C0_DEFAULT,4096,1024,4096,16,15,4194304,41,0,8322.815,8326.721,8813.920,487.200,PASS,0
wm_S5_d1_q16m2_rep3,3,4,3,sm_89,D1_PUSHSIG_OVERLAP,NVSHMEM,C0_DEFAULT,4096,1024,4096,16,0,4194304,42,0,253.984,258.464,754.752,496.288,PASS,0
wm_S5_d1_q16m2_rep3,3,4,3,sm_89,D1_PUSHSIG_OVERLAP,NVSHMEM,C0_DEFAULT,4096,1024,4096,16,1,4194304,42,0,802.304,815.040,1322.528,507.488,PASS,0
wm_S5_d1_q16m2_rep3,3,4,3,sm_89,D1_PUSHSIG_OVERLAP,NVSHMEM,C0_DEFAULT,4096,1024,4096,16,2,4194304,42,0,1363.744,1367.328,1859.744,492.416,PASS,0
wm_S5_d1_q16m2_rep3,3,4,3,sm_89,D1_PUSHSIG_OVERLAP,NVSHMEM,C0_DEFAULT,4096,1024,4096,16,3,4194304,42,0,1903.264,1906.752,2402.688,495.936,PASS,0
wm_S5_d1_q16m2_rep3,3,4,3,sm_89,D1_PUSHSIG_OVERLAP,NVSHMEM,C0_DEFAULT,4096,1024,4096,16,4,4194304,42,0,2451.648,2467.168,2972.448,505.280,PASS,0
wm_S5_d1_q16m2_rep3,3,4,3,sm_89,D1_PUSHSIG_OVERLAP,NVSHMEM,C0_DEFAULT,4096,1024,4096,16,5,4194304,42,0,3012.864,3016.480,3510.592,494.112,PASS,0
wm_S5_d1_q16m2_rep3,3,4,3,sm_89,D1_PUSHSIG_OVERLAP,NVSHMEM,C0_DEFAULT,4096,1024,4096,16,6,4194304,42,0,3554.720,3565.728,4064.096,498.368,PASS,0
wm_S5_d1_q16m2_rep3,3,4,3,sm_89,D1_PUSHSIG_OVERLAP,NVSHMEM,C0_DEFAULT,4096,1024,4096,16,7,4194304,42,0,4107.104,4110.592,4605.056,494.464,PASS,0
wm_S5_d1_q16m2_rep3,3,4,3,sm_89,D1_PUSHSIG_OVERLAP,NVSHMEM,C0_DEFAULT,4096,1024,4096,16,8,4194304,42,0,4647.904,4652.160,5143.872,491.712,PASS,0
wm_S5_d1_q16m2_rep3,3,4,3,sm_89,D1_PUSHSIG_OVERLAP,NVSHMEM,C0_DEFAULT,4096,1024,4096,16,9,4194304,42,0,5182.784,5187.328,5682.976,495.648,PASS,0
wm_S5_d1_q16m2_rep3,3,4,3,sm_89,D1_PUSHSIG_OVERLAP,NVSHMEM,C0_DEFAULT,4096,1024,4096,16,10,4194304,42,0,5723.488,5726.944,6218.528,491.584,PASS,0
wm_S5_d1_q16m2_rep3,3,4,3,sm_89,D1_PUSHSIG_OVERLAP,NVSHMEM,C0_DEFAULT,4096,1024,4096,16,11,4194304,42,0,6260.768,6264.320,6755.264,490.944,PASS,0
wm_S5_d1_q16m2_rep3,3,4,3,sm_89,D1_PUSHSIG_OVERLAP,NVSHMEM,C0_DEFAULT,4096,1024,4096,16,12,4194304,42,0,6789.632,6793.568,7286.944,493.376,PASS,0
wm_S5_d1_q16m2_rep3,3,4,3,sm_89,D1_PUSHSIG_OVERLAP,NVSHMEM,C0_DEFAULT,4096,1024,4096,16,13,4194304,42,0,7332.224,7338.528,7827.520,488.992,PASS,0
wm_S5_d1_q16m2_rep3,3,4,3,sm_89,D1_PUSHSIG_OVERLAP,NVSHMEM,C0_DEFAULT,4096,1024,4096,16,14,4194304,42,0,7852.960,7856.480,8343.200,486.720,PASS,0
wm_S5_d1_q16m2_rep3,3,4,3,sm_89,D1_PUSHSIG_OVERLAP,NVSHMEM,C0_DEFAULT,4096,1024,4096,16,15,4194304,42,0,8368.896,8372.384,8859.359,486.976,PASS,0
wm_S5_d1_q16m2_rep3,3,4,3,sm_89,D1_PUSHSIG_OVERLAP,NVSHMEM,C0_DEFAULT,4096,1024,4096,16,0,4194304,43,0,255.232,259.936,756.480,496.544,PASS,0
wm_S5_d1_q16m2_rep3,3,4,3,sm_89,D1_PUSHSIG_OVERLAP,NVSHMEM,C0_DEFAULT,4096,1024,4096,16,1,4194304,43,0,795.360,799.136,1291.680,492.544,PASS,0
wm_S5_d1_q16m2_rep3,3,4,3,sm_89,D1_PUSHSIG_OVERLAP,NVSHMEM,C0_DEFAULT,4096,1024,4096,16,2,4194304,43,0,1340.768,1344.256,1838.816,494.560,PASS,0
wm_S5_d1_q16m2_rep3,3,4,3,sm_89,D1_PUSHSIG_OVERLAP,NVSHMEM,C0_DEFAULT,4096,1024,4096,16,3,4194304,43,0,1893.376,1899.872,2396.800,496.928,PASS,0
wm_S5_d1_q16m2_rep3,3,4,3,sm_89,D1_PUSHSIG_OVERLAP,NVSHMEM,C0_DEFAULT,4096,1024,4096,16,4,4194304,43,0,2440.224,2444.992,2937.888,492.896,PASS,0
wm_S5_d1_q16m2_rep3,3,4,3,sm_89,D1_PUSHSIG_OVERLAP,NVSHMEM,C0_DEFAULT,4096,1024,4096,16,5,4194304,43,0,2978.624,2982.560,3474.784,492.224,PASS,0
wm_S5_d1_q16m2_rep3,3,4,3,sm_89,D1_PUSHSIG_OVERLAP,NVSHMEM,C0_DEFAULT,4096,1024,4096,16,6,4194304,43,0,3554.944,3561.440,4058.144,496.704,PASS,0
wm_S5_d1_q16m2_rep3,3,4,3,sm_89,D1_PUSHSIG_OVERLAP,NVSHMEM,C0_DEFAULT,4096,1024,4096,16,7,4194304,43,0,4100.832,4104.320,4597.824,493.504,PASS,0
wm_S5_d1_q16m2_rep3,3,4,3,sm_89,D1_PUSHSIG_OVERLAP,NVSHMEM,C0_DEFAULT,4096,1024,4096,16,8,4194304,43,0,4637.888,4642.976,5133.888,490.912,PASS,0
wm_S5_d1_q16m2_rep3,3,4,3,sm_89,D1_PUSHSIG_OVERLAP,NVSHMEM,C0_DEFAULT,4096,1024,4096,16,9,4194304,43,0,5177.600,5184.096,5680.480,496.384,PASS,0
wm_S5_d1_q16m2_rep3,3,4,3,sm_89,D1_PUSHSIG_OVERLAP,NVSHMEM,C0_DEFAULT,4096,1024,4096,16,10,4194304,43,0,5723.616,5727.040,6220.448,493.408,PASS,0
wm_S5_d1_q16m2_rep3,3,4,3,sm_89,D1_PUSHSIG_OVERLAP,NVSHMEM,C0_DEFAULT,4096,1024,4096,16,11,4194304,43,0,6260.672,6271.360,6765.056,493.696,PASS,0
wm_S5_d1_q16m2_rep3,3,4,3,sm_89,D1_PUSHSIG_OVERLAP,NVSHMEM,C0_DEFAULT,4096,1024,4096,16,12,4194304,43,0,6803.776,6810.208,7301.600,491.392,PASS,0
wm_S5_d1_q16m2_rep3,3,4,3,sm_89,D1_PUSHSIG_OVERLAP,NVSHMEM,C0_DEFAULT,4096,1024,4096,16,13,4194304,43,0,7340.352,7346.592,7834.336,487.744,PASS,0
wm_S5_d1_q16m2_rep3,3,4,3,sm_89,D1_PUSHSIG_OVERLAP,NVSHMEM,C0_DEFAULT,4096,1024,4096,16,14,4194304,43,0,7860.320,7863.808,8350.592,486.784,PASS,0
wm_S5_d1_q16m2_rep3,3,4,3,sm_89,D1_PUSHSIG_OVERLAP,NVSHMEM,C0_DEFAULT,4096,1024,4096,16,15,4194304,43,0,8376.447,8379.937,8866.944,487.008,PASS,0
wm_S5_d1_q16m2_rep3,3,4,3,sm_89,D1_PUSHSIG_OVERLAP,NVSHMEM,C0_DEFAULT,4096,1024,4096,16,0,4194304,44,0,241.376,245.568,737.824,492.256,PASS,0
wm_S5_d1_q16m2_rep3,3,4,3,sm_89,D1_PUSHSIG_OVERLAP,NVSHMEM,C0_DEFAULT,4096,1024,4096,16,1,4194304,44,0,779.104,786.400,1287.040,500.640,PASS,0
wm_S5_d1_q16m2_rep3,3,4,3,sm_89,D1_PUSHSIG_OVERLAP,NVSHMEM,C0_DEFAULT,4096,1024,4096,16,2,4194304,44,0,1341.824,1353.056,1855.776,502.720,PASS,0
wm_S5_d1_q16m2_rep3,3,4,3,sm_89,D1_PUSHSIG_OVERLAP,NVSHMEM,C0_DEFAULT,4096,1024,4096,16,3,4194304,44,0,1895.104,1898.592,2392.288,493.696,PASS,0
wm_S5_d1_q16m2_rep3,3,4,3,sm_89,D1_PUSHSIG_OVERLAP,NVSHMEM,C0_DEFAULT,4096,1024,4096,16,4,4194304,44,0,2427.968,2431.584,2927.104,495.520,PASS,0
wm_S5_d1_q16m2_rep3,3,4,3,sm_89,D1_PUSHSIG_OVERLAP,NVSHMEM,C0_DEFAULT,4096,1024,4096,16,5,4194304,44,0,2968.864,2975.840,3471.200,495.360,PASS,0
wm_S5_d1_q16m2_rep3,3,4,3,sm_89,D1_PUSHSIG_OVERLAP,NVSHMEM,C0_DEFAULT,4096,1024,4096,16,6,4194304,44,0,3516.128,3522.592,4017.184,494.592,PASS,0
wm_S5_d1_q16m2_rep3,3,4,3,sm_89,D1_PUSHSIG_OVERLAP,NVSHMEM,C0_DEFAULT,4096,1024,4096,16,7,4194304,44,0,4064.736,4070.528,4569.984,499.456,PASS,0
wm_S5_d1_q16m2_rep3,3,4,3,sm_89,D1_PUSHSIG_OVERLAP,NVSHMEM,C0_DEFAULT,4096,1024,4096,16,8,4194304,44,0,4616.864,4620.928,5112.704,491.776,PASS,0
wm_S5_d1_q16m2_rep3,3,4,3,sm_89,D1_PUSHSIG_OVERLAP,NVSHMEM,C0_DEFAULT,4096,1024,4096,16,9,4194304,44,0,5154.272,5161.536,5654.496,492.960,PASS,0
wm_S5_d1_q16m2_rep3,3,4,3,sm_89,D1_PUSHSIG_OVERLAP,NVSHMEM,C0_DEFAULT,4096,1024,4096,16,10,4194304,44,0,5707.712,5713.792,6206.752,492.960,PASS,0
wm_S5_d1_q16m2_rep3,3,4,3,sm_89,D1_PUSHSIG_OVERLAP,NVSHMEM,C0_DEFAULT,4096,1024,4096,16,11,4194304,44,0,6252.032,6258.592,6751.360,492.768,PASS,0
wm_S5_d1_q16m2_rep3,3,4,3,sm_89,D1_PUSHSIG_OVERLAP,NVSHMEM,C0_DEFAULT,4096,1024,4096,16,12,4194304,44,0,6793.696,6797.344,7292.960,495.616,PASS,0
wm_S5_d1_q16m2_rep3,3,4,3,sm_89,D1_PUSHSIG_OVERLAP,NVSHMEM,C0_DEFAULT,4096,1024,4096,16,13,4194304,44,0,7339.968,7343.808,7830.624,486.816,PASS,0
wm_S5_d1_q16m2_rep3,3,4,3,sm_89,D1_PUSHSIG_OVERLAP,NVSHMEM,C0_DEFAULT,4096,1024,4096,16,14,4194304,44,0,7856.128,7859.744,8346.880,487.136,PASS,0
wm_S5_d1_q16m2_rep3,3,4,3,sm_89,D1_PUSHSIG_OVERLAP,NVSHMEM,C0_DEFAULT,4096,1024,4096,16,15,4194304,44,0,8372.224,8375.712,8862.624,486.912,PASS,0
wm_S5_d1_q16m2_rep3,3,4,3,sm_89,D1_PUSHSIG_OVERLAP,NVSHMEM,C0_DEFAULT,4096,1024,4096,16,0,4194304,45,0,245.568,249.408,743.392,493.984,PASS,0
wm_S5_d1_q16m2_rep3,3,4,3,sm_89,D1_PUSHSIG_OVERLAP,NVSHMEM,C0_DEFAULT,4096,1024,4096,16,1,4194304,45,0,784.160,787.648,1282.880,495.232,PASS,0
wm_S5_d1_q16m2_rep3,3,4,3,sm_89,D1_PUSHSIG_OVERLAP,NVSHMEM,C0_DEFAULT,4096,1024,4096,16,2,4194304,45,0,1325.088,1328.768,1827.040,498.272,PASS,0
wm_S5_d1_q16m2_rep3,3,4,3,sm_89,D1_PUSHSIG_OVERLAP,NVSHMEM,C0_DEFAULT,4096,1024,4096,16,3,4194304,45,0,1874.880,1881.824,2381.568,499.744,PASS,0
wm_S5_d1_q16m2_rep3,3,4,3,sm_89,D1_PUSHSIG_OVERLAP,NVSHMEM,C0_DEFAULT,4096,1024,4096,16,4,4194304,45,0,2428.192,2433.600,2928.288,494.688,PASS,0
wm_S5_d1_q16m2_rep3,3,4,3,sm_89,D1_PUSHSIG_OVERLAP,NVSHMEM,C0_DEFAULT,4096,1024,4096,16,5,4194304,45,0,2971.872,2978.304,3474.368,496.064,PASS,0
wm_S5_d1_q16m2_rep3,3,4,3,sm_89,D1_PUSHSIG_OVERLAP,NVSHMEM,C0_DEFAULT,4096,1024,4096,16,6,4194304,45,0,3517.696,3521.344,4012.896,491.552,PASS,0
wm_S5_d1_q16m2_rep3,3,4,3,sm_89,D1_PUSHSIG_OVERLAP,NVSHMEM,C0_DEFAULT,4096,1024,4096,16,7,4194304,45,0,4052.768,4056.480,4546.624,490.144,PASS,0
wm_S5_d1_q16m2_rep3,3,4,3,sm_89,D1_PUSHSIG_OVERLAP,NVSHMEM,C0_DEFAULT,4096,1024,4096,16,8,4194304,45,0,4589.024,4592.992,5085.504,492.512,PASS,0
wm_S5_d1_q16m2_rep3,3,4,3,sm_89,D1_PUSHSIG_OVERLAP,NVSHMEM,C0_DEFAULT,4096,1024,4096,16,9,4194304,45,0,5134.272,5137.792,5630.240,492.448,PASS,0
wm_S5_d1_q16m2_rep3,3,4,3,sm_89,D1_PUSHSIG_OVERLAP,NVSHMEM,C0_DEFAULT,4096,1024,4096,16,10,4194304,45,0,5673.280,5677.056,6168.704,491.648,PASS,0
wm_S5_d1_q16m2_rep3,3,4,3,sm_89,D1_PUSHSIG_OVERLAP,NVSHMEM,C0_DEFAULT,4096,1024,4096,16,11,4194304,45,0,6212.352,6216.032,6711.520,495.488,PASS,0
wm_S5_d1_q16m2_rep3,3,4,3,sm_89,D1_PUSHSIG_OVERLAP,NVSHMEM,C0_DEFAULT,4096,1024,4096,16,12,4194304,45,0,6757.696,6764.896,7260.672,495.776,PASS,0
wm_S5_d1_q16m2_rep3,3,4,3,sm_89,D1_PUSHSIG_OVERLAP,NVSHMEM,C0_DEFAULT,4096,1024,4096,16,13,4194304,45,0,7306.208,7312.768,7804.992,492.224,PASS,0
wm_S5_d1_q16m2_rep3,3,4,3,sm_89,D1_PUSHSIG_OVERLAP,NVSHMEM,C0_DEFAULT,4096,1024,4096,16,14,4194304,45,0,7842.976,7848.512,8335.776,487.264,PASS,0
wm_S5_d1_q16m2_rep3,3,4,3,sm_89,D1_PUSHSIG_OVERLAP,NVSHMEM,C0_DEFAULT,4096,1024,4096,16,15,4194304,45,0,8361.057,8364.513,8851.680,487.168,PASS,0
wm_S5_d1_q16m2_rep3,3,4,3,sm_89,D1_PUSHSIG_OVERLAP,NVSHMEM,C0_DEFAULT,4096,1024,4096,16,0,4194304,46,0,264.352,269.088,767.296,498.208,PASS,0
wm_S5_d1_q16m2_rep3,3,4,3,sm_89,D1_PUSHSIG_OVERLAP,NVSHMEM,C0_DEFAULT,4096,1024,4096,16,1,4194304,46,0,828.512,835.520,1331.104,495.584,PASS,0
wm_S5_d1_q16m2_rep3,3,4,3,sm_89,D1_PUSHSIG_OVERLAP,NVSHMEM,C0_DEFAULT,4096,1024,4096,16,2,4194304,46,0,1375.552,1386.880,1884.704,497.824,PASS,0
wm_S5_d1_q16m2_rep3,3,4,3,sm_89,D1_PUSHSIG_OVERLAP,NVSHMEM,C0_DEFAULT,4096,1024,4096,16,3,4194304,46,0,1926.176,1929.632,2423.680,494.048,PASS,0
wm_S5_d1_q16m2_rep3,3,4,3,sm_89,D1_PUSHSIG_OVERLAP,NVSHMEM,C0_DEFAULT,4096,1024,4096,16,4,4194304,46,0,2465.984,2469.696,2960.064,490.368,PASS,0
wm_S5_d1_q16m2_rep3,3,4,3,sm_89,D1_PUSHSIG_OVERLAP,NVSHMEM,C0_DEFAULT,4096,1024,4096,16,5,4194304,46,0,3004.800,3008.288,3502.784,494.496,PASS,0
wm_S5_d1_q16m2_rep3,3,4,3,sm_89,D1_PUSHSIG_OVERLAP,NVSHMEM,C0_DEFAULT,4096,1024,4096,16,6,4194304,46,0,3545.888,3549.280,4042.816,493.536,PASS,0
wm_S5_d1_q16m2_rep3,3,4,3,sm_89,D1_PUSHSIG_OVERLAP,NVSHMEM,C0_DEFAULT,4096,1024,4096,16,7,4194304,46,0,4093.152,4097.312,4592.384,495.072,PASS,0
wm_S5_d1_q16m2_rep3,3,4,3,sm_89,D1_PUSHSIG_OVERLAP,NVSHMEM,C0_DEFAULT,4096,1024,4096,16,8,4194304,46,0,4654.208,4657.856,5153.056,495.200,PASS,0
wm_S5_d1_q16m2_rep3,3,4,3,sm_89,D1_PUSHSIG_OVERLAP,NVSHMEM,C0_DEFAULT,4096,1024,4096,16,9,4194304,46,0,5217.344,5220.928,5716.224,495.296,PASS,0
wm_S5_d1_q16m2_rep3,3,4,3,sm_89,D1_PUSHSIG_OVERLAP,NVSHMEM,C0_DEFAULT,4096,1024,4096,16,10,4194304,46,0,5759.872,5763.968,6258.176,494.208,PASS,0
wm_S5_d1_q16m2_rep3,3,4,3,sm_89,D1_PUSHSIG_OVERLAP,NVSHMEM,C0_DEFAULT,4096,1024,4096,16,11,4194304,46,0,6302.016,6305.600,6798.976,493.376,PASS,0
wm_S5_d1_q16m2_rep3,3,4,3,sm_89,D1_PUSHSIG_OVERLAP,NVSHMEM,C0_DEFAULT,4096,1024,4096,16,12,4194304,46,0,6836.064,6841.440,7332.704,491.264,PASS,0
wm_S5_d1_q16m2_rep3,3,4,3,sm_89,D1_PUSHSIG_OVERLAP,NVSHMEM,C0_DEFAULT,4096,1024,4096,16,13,4194304,46,0,7377.152,7380.704,7867.680,486.976,PASS,0
wm_S5_d1_q16m2_rep3,3,4,3,sm_89,D1_PUSHSIG_OVERLAP,NVSHMEM,C0_DEFAULT,4096,1024,4096,16,14,4194304,46,0,7893.024,7896.512,8384.160,487.648,PASS,0
wm_S5_d1_q16m2_rep3,3,4,3,sm_89,D1_PUSHSIG_OVERLAP,NVSHMEM,C0_DEFAULT,4096,1024,4096,16,15,4194304,46,0,8409.567,8413.088,8900.256,487.168,PASS,0
wm_S5_d1_q16m2_rep3,3,4,3,sm_89,D1_PUSHSIG_OVERLAP,NVSHMEM,C0_DEFAULT,4096,1024,4096,16,0,4194304,47,0,248.224,252.736,750.336,497.600,PASS,0
wm_S5_d1_q16m2_rep3,3,4,3,sm_89,D1_PUSHSIG_OVERLAP,NVSHMEM,C0_DEFAULT,4096,1024,4096,16,1,4194304,47,0,798.400,807.200,1302.304,495.104,PASS,0
wm_S5_d1_q16m2_rep3,3,4,3,sm_89,D1_PUSHSIG_OVERLAP,NVSHMEM,C0_DEFAULT,4096,1024,4096,16,2,4194304,47,0,1343.456,1346.976,1839.040,492.064,PASS,0
wm_S5_d1_q16m2_rep3,3,4,3,sm_89,D1_PUSHSIG_OVERLAP,NVSHMEM,C0_DEFAULT,4096,1024,4096,16,3,4194304,47,0,1883.584,1887.232,2383.264,496.032,PASS,0
wm_S5_d1_q16m2_rep3,3,4,3,sm_89,D1_PUSHSIG_OVERLAP,NVSHMEM,C0_DEFAULT,4096,1024,4096,16,4,4194304,47,0,2431.776,2446.272,2954.208,507.936,PASS,0
wm_S5_d1_q16m2_rep3,3,4,3,sm_89,D1_PUSHSIG_OVERLAP,NVSHMEM,C0_DEFAULT,4096,1024,4096,16,5,4194304,47,0,3000.192,3003.616,3495.808,492.192,PASS,0
wm_S5_d1_q16m2_rep3,3,4,3,sm_89,D1_PUSHSIG_OVERLAP,NVSHMEM,C0_DEFAULT,4096,1024,4096,16,6,4194304,47,0,3538.624,3542.848,4039.104,496.256,PASS,0
wm_S5_d1_q16m2_rep3,3,4,3,sm_89,D1_PUSHSIG_OVERLAP,NVSHMEM,C0_DEFAULT,4096,1024,4096,16,7,4194304,47,0,4084.480,4088.288,4582.176,493.888,PASS,0
wm_S5_d1_q16m2_rep3,3,4,3,sm_89,D1_PUSHSIG_OVERLAP,NVSHMEM,C0_DEFAULT,4096,1024,4096,16,8,4194304,47,0,4624.992,4628.576,5119.712,491.136,PASS,0
wm_S5_d1_q16m2_rep3,3,4,3,sm_89,D1_PUSHSIG_OVERLAP,NVSHMEM,C0_DEFAULT,4096,1024,4096,16,9,4194304,47,0,5166.112,5172.800,5670.272,497.472,PASS,0
wm_S5_d1_q16m2_rep3,3,4,3,sm_89,D1_PUSHSIG_OVERLAP,NVSHMEM,C0_DEFAULT,4096,1024,4096,16,10,4194304,47,0,5712.864,5716.384,6213.248,496.864,PASS,0
wm_S5_d1_q16m2_rep3,3,4,3,sm_89,D1_PUSHSIG_OVERLAP,NVSHMEM,C0_DEFAULT,4096,1024,4096,16,11,4194304,47,0,6261.376,6269.472,6766.144,496.672,PASS,0
wm_S5_d1_q16m2_rep3,3,4,3,sm_89,D1_PUSHSIG_OVERLAP,NVSHMEM,C0_DEFAULT,4096,1024,4096,16,12,4194304,47,0,6807.968,6811.872,7299.392,487.520,PASS,0
wm_S5_d1_q16m2_rep3,3,4,3,sm_89,D1_PUSHSIG_OVERLAP,NVSHMEM,C0_DEFAULT,4096,1024,4096,16,13,4194304,47,0,7337.568,7341.312,7827.968,486.656,PASS,0
wm_S5_d1_q16m2_rep3,3,4,3,sm_89,D1_PUSHSIG_OVERLAP,NVSHMEM,C0_DEFAULT,4096,1024,4096,16,14,4194304,47,0,7869.888,7873.344,8360.512,487.168,PASS,0
wm_S5_d1_q16m2_rep3,3,4,3,sm_89,D1_PUSHSIG_OVERLAP,NVSHMEM,C0_DEFAULT,4096,1024,4096,16,15,4194304,47,0,8391.328,8394.848,8881.856,487.008,PASS,0
wm_S5_d1_q16m2_rep3,3,4,3,sm_89,D1_PUSHSIG_OVERLAP,NVSHMEM,C0_DEFAULT,4096,1024,4096,16,0,4194304,48,0,247.008,250.880,743.424,492.544,PASS,0
wm_S5_d1_q16m2_rep3,3,4,3,sm_89,D1_PUSHSIG_OVERLAP,NVSHMEM,C0_DEFAULT,4096,1024,4096,16,1,4194304,48,0,785.600,789.056,1281.952,492.896,PASS,0
wm_S5_d1_q16m2_rep3,3,4,3,sm_89,D1_PUSHSIG_OVERLAP,NVSHMEM,C0_DEFAULT,4096,1024,4096,16,2,4194304,48,0,1322.528,1325.984,1821.536,495.552,PASS,0
wm_S5_d1_q16m2_rep3,3,4,3,sm_89,D1_PUSHSIG_OVERLAP,NVSHMEM,C0_DEFAULT,4096,1024,4096,16,3,4194304,48,0,1877.344,1887.808,2388.096,500.288,PASS,0
wm_S5_d1_q16m2_rep3,3,4,3,sm_89,D1_PUSHSIG_OVERLAP,NVSHMEM,C0_DEFAULT,4096,1024,4096,16,4,4194304,48,0,2427.392,2431.360,2926.944,495.584,PASS,0
wm_S5_d1_q16m2_rep3,3,4,3,sm_89,D1_PUSHSIG_OVERLAP,NVSHMEM,C0_DEFAULT,4096,1024,4096,16,5,4194304,48,0,2979.040,2983.360,3479.264,495.904,PASS,0
wm_S5_d1_q16m2_rep3,3,4,3,sm_89,D1_PUSHSIG_OVERLAP,NVSHMEM,C0_DEFAULT,4096,1024,4096,16,6,4194304,48,0,3525.536,3529.888,4023.584,493.696,PASS,0
wm_S5_d1_q16m2_rep3,3,4,3,sm_89,D1_PUSHSIG_OVERLAP,NVSHMEM,C0_DEFAULT,4096,1024,4096,16,7,4194304,48,0,4064.032,4068.224,4562.112,493.888,PASS,0
wm_S5_d1_q16m2_rep3,3,4,3,sm_89,D1_PUSHSIG_OVERLAP,NVSHMEM,C0_DEFAULT,4096,1024,4096,16,8,4194304,48,0,4640.160,4643.936,5136.640,492.704,PASS,0
wm_S5_d1_q16m2_rep3,3,4,3,sm_89,D1_PUSHSIG_OVERLAP,NVSHMEM,C0_DEFAULT,4096,1024,4096,16,9,4194304,48,0,5192.416,5196.096,5691.360,495.264,PASS,0
wm_S5_d1_q16m2_rep3,3,4,3,sm_89,D1_PUSHSIG_OVERLAP,NVSHMEM,C0_DEFAULT,4096,1024,4096,16,10,4194304,48,0,5731.328,5735.360,6227.104,491.744,PASS,0
wm_S5_d1_q16m2_rep3,3,4,3,sm_89,D1_PUSHSIG_OVERLAP,NVSHMEM,C0_DEFAULT,4096,1024,4096,16,11,4194304,48,0,6270.592,6274.656,6767.648,492.992,PASS,0
wm_S5_d1_q16m2_rep3,3,4,3,sm_89,D1_PUSHSIG_OVERLAP,NVSHMEM,C0_DEFAULT,4096,1024,4096,16,12,4194304,48,0,6808.800,6812.416,7308.224,495.808,PASS,0
wm_S5_d1_q16m2_rep3,3,4,3,sm_89,D1_PUSHSIG_OVERLAP,NVSHMEM,C0_DEFAULT,4096,1024,4096,16,13,4194304,48,0,7346.816,7350.304,7837.344,487.040,PASS,0
wm_S5_d1_q16m2_rep3,3,4,3,sm_89,D1_PUSHSIG_OVERLAP,NVSHMEM,C0_DEFAULT,4096,1024,4096,16,14,4194304,48,0,7879.328,7882.976,8369.920,486.944,PASS,0
wm_S5_d1_q16m2_rep3,3,4,3,sm_89,D1_PUSHSIG_OVERLAP,NVSHMEM,C0_DEFAULT,4096,1024,4096,16,15,4194304,48,0,8425.824,8429.344,8916.353,487.008,PASS,0
wm_S5_d1_q16m2_rep3,3,4,3,sm_89,D1_PUSHSIG_OVERLAP,NVSHMEM,C0_DEFAULT,4096,1024,4096,16,0,4194304,49,0,256.768,260.224,757.280,497.056,PASS,0
wm_S5_d1_q16m2_rep3,3,4,3,sm_89,D1_PUSHSIG_OVERLAP,NVSHMEM,C0_DEFAULT,4096,1024,4096,16,1,4194304,49,0,853.920,858.144,1356.544,498.400,PASS,0
wm_S5_d1_q16m2_rep3,3,4,3,sm_89,D1_PUSHSIG_OVERLAP,NVSHMEM,C0_DEFAULT,4096,1024,4096,16,2,4194304,49,0,1406.560,1418.912,1918.848,499.936,PASS,0
wm_S5_d1_q16m2_rep3,3,4,3,sm_89,D1_PUSHSIG_OVERLAP,NVSHMEM,C0_DEFAULT,4096,1024,4096,16,3,4194304,49,0,1959.296,1962.816,2456.448,493.632,PASS,0
wm_S5_d1_q16m2_rep3,3,4,3,sm_89,D1_PUSHSIG_OVERLAP,NVSHMEM,C0_DEFAULT,4096,1024,4096,16,4,4194304,49,0,2498.272,2501.696,2997.408,495.712,PASS,0
wm_S5_d1_q16m2_rep3,3,4,3,sm_89,D1_PUSHSIG_OVERLAP,NVSHMEM,C0_DEFAULT,4096,1024,4096,16,5,4194304,49,0,3044.480,3055.840,3549.760,493.920,PASS,0
wm_S5_d1_q16m2_rep3,3,4,3,sm_89,D1_PUSHSIG_OVERLAP,NVSHMEM,C0_DEFAULT,4096,1024,4096,16,6,4194304,49,0,3590.752,3594.272,4086.752,492.480,PASS,0
wm_S5_d1_q16m2_rep3,3,4,3,sm_89,D1_PUSHSIG_OVERLAP,NVSHMEM,C0_DEFAULT,4096,1024,4096,16,7,4194304,49,0,4129.728,4133.184,4630.368,497.184,PASS,0
wm_S5_d1_q16m2_rep3,3,4,3,sm_89,D1_PUSHSIG_OVERLAP,NVSHMEM,C0_DEFAULT,4096,1024,4096,16,8,4194304,49,0,4693.280,4696.800,5189.344,492.544,PASS,0
wm_S5_d1_q16m2_rep3,3,4,3,sm_89,D1_PUSHSIG_OVERLAP,NVSHMEM,C0_DEFAULT,4096,1024,4096,16,9,4194304,49,0,5228.288,5231.744,5724.832,493.088,PASS,0
wm_S5_d1_q16m2_rep3,3,4,3,sm_89,D1_PUSHSIG_OVERLAP,NVSHMEM,C0_DEFAULT,4096,1024,4096,16,10,4194304,49,0,5768.992,5772.448,6266.496,494.048,PASS,0
wm_S5_d1_q16m2_rep3,3,4,3,sm_89,D1_PUSHSIG_OVERLAP,NVSHMEM,C0_DEFAULT,4096,1024,4096,16,11,4194304,49,0,6305.600,6308.992,6801.952,492.960,PASS,0
wm_S5_d1_q16m2_rep3,3,4,3,sm_89,D1_PUSHSIG_OVERLAP,NVSHMEM,C0_DEFAULT,4096,1024,4096,16,12,4194304,49,0,6841.120,6844.640,7337.984,493.344,PASS,0
wm_S5_d1_q16m2_rep3,3,4,3,sm_89,D1_PUSHSIG_OVERLAP,NVSHMEM,C0_DEFAULT,4096,1024,4096,16,13,4194304,49,0,7397.824,7402.944,7890.464,487.520,PASS,0
wm_S5_d1_q16m2_rep3,3,4,3,sm_89,D1_PUSHSIG_OVERLAP,NVSHMEM,C0_DEFAULT,4096,1024,4096,16,14,4194304,49,0,7920.704,7924.192,8411.616,487.424,PASS,0
wm_S5_d1_q16m2_rep3,3,4,3,sm_89,D1_PUSHSIG_OVERLAP,NVSHMEM,C0_DEFAULT,4096,1024,4096,16,15,4194304,49,0,8468.128,8471.616,8958.336,486.720,PASS,0
