run_id,rank_count,path,family,candidate,M,N,K,q,slice_index,slice_bytes,iteration_index,t_issue_us,t_release_max_us,t_gemm_start_max_us,t_gemm_end_max_us,t_gemm_duration_max_us,correctness_all_ranks,status
wm_S5_d1_q16m2_rep3,4,D1_PUSHSIG_OVERLAP,NVSHMEM,C0_DEFAULT,4096,1024,4096,16,0,4194304,0,0,215.712,219.200,716.896,497.696,PASS,0
wm_S5_d1_q16m2_rep3,4,D1_PUSHSIG_OVERLAP,NVSHMEM,C0_DEFAULT,4096,1024,4096,16,1,4194304,0,0,834.656,838.784,1333.600,509.280,PASS,0
wm_S5_d1_q16m2_rep3,4,D1_PUSHSIG_OVERLAP,NVSHMEM,C0_DEFAULT,4096,1024,4096,16,2,4194304,0,0,1396.544,1400.064,1897.088,502.976,PASS,0
wm_S5_d1_q16m2_rep3,4,D1_PUSHSIG_OVERLAP,NVSHMEM,C0_DEFAULT,4096,1024,4096,16,3,4194304,0,0,1977.056,1981.248,2477.760,500.288,PASS,0
wm_S5_d1_q16m2_rep3,4,D1_PUSHSIG_OVERLAP,NVSHMEM,C0_DEFAULT,4096,1024,4096,16,4,4194304,0,0,2532.256,2535.776,3032.384,498.560,PASS,0
wm_S5_d1_q16m2_rep3,4,D1_PUSHSIG_OVERLAP,NVSHMEM,C0_DEFAULT,4096,1024,4096,16,5,4194304,0,0,3080.448,3086.208,3585.344,499.136,PASS,0
wm_S5_d1_q16m2_rep3,4,D1_PUSHSIG_OVERLAP,NVSHMEM,C0_DEFAULT,4096,1024,4096,16,6,4194304,0,0,3645.632,3653.024,4147.488,497.984,PASS,0
wm_S5_d1_q16m2_rep3,4,D1_PUSHSIG_OVERLAP,NVSHMEM,C0_DEFAULT,4096,1024,4096,16,7,4194304,0,0,4189.856,4193.376,4688.480,495.904,PASS,0
wm_S5_d1_q16m2_rep3,4,D1_PUSHSIG_OVERLAP,NVSHMEM,C0_DEFAULT,4096,1024,4096,16,8,4194304,0,0,4729.984,4733.568,5227.264,493.984,PASS,0
wm_S5_d1_q16m2_rep3,4,D1_PUSHSIG_OVERLAP,NVSHMEM,C0_DEFAULT,4096,1024,4096,16,9,4194304,0,0,5266.272,5270.144,5765.440,495.584,PASS,0
wm_S5_d1_q16m2_rep3,4,D1_PUSHSIG_OVERLAP,NVSHMEM,C0_DEFAULT,4096,1024,4096,16,10,4194304,0,0,5803.904,5807.360,6301.056,493.696,PASS,0
wm_S5_d1_q16m2_rep3,4,D1_PUSHSIG_OVERLAP,NVSHMEM,C0_DEFAULT,4096,1024,4096,16,11,4194304,0,0,6387.104,6390.560,6883.680,495.264,PASS,0
wm_S5_d1_q16m2_rep3,4,D1_PUSHSIG_OVERLAP,NVSHMEM,C0_DEFAULT,4096,1024,4096,16,12,4194304,0,0,6924.960,6928.576,7423.328,494.752,PASS,0
wm_S5_d1_q16m2_rep3,4,D1_PUSHSIG_OVERLAP,NVSHMEM,C0_DEFAULT,4096,1024,4096,16,13,4194304,0,0,7466.048,7469.536,7956.512,490.464,PASS,0
wm_S5_d1_q16m2_rep3,4,D1_PUSHSIG_OVERLAP,NVSHMEM,C0_DEFAULT,4096,1024,4096,16,14,4194304,0,0,7981.504,7984.992,8472.160,495.488,PASS,0
wm_S5_d1_q16m2_rep3,4,D1_PUSHSIG_OVERLAP,NVSHMEM,C0_DEFAULT,4096,1024,4096,16,15,4194304,0,0,8497.023,8500.576,8987.903,487.360,PASS,0
wm_S5_d1_q16m2_rep3,4,D1_PUSHSIG_OVERLAP,NVSHMEM,C0_DEFAULT,4096,1024,4096,16,0,4194304,1,0,256.096,259.776,751.744,496.480,PASS,0
wm_S5_d1_q16m2_rep3,4,D1_PUSHSIG_OVERLAP,NVSHMEM,C0_DEFAULT,4096,1024,4096,16,1,4194304,1,0,833.952,840.416,1339.136,502.560,PASS,0
wm_S5_d1_q16m2_rep3,4,D1_PUSHSIG_OVERLAP,NVSHMEM,C0_DEFAULT,4096,1024,4096,16,2,4194304,1,0,1386.400,1402.272,1907.840,505.568,PASS,0
wm_S5_d1_q16m2_rep3,4,D1_PUSHSIG_OVERLAP,NVSHMEM,C0_DEFAULT,4096,1024,4096,16,3,4194304,1,0,1955.776,1959.456,2451.872,503.008,PASS,0
wm_S5_d1_q16m2_rep3,4,D1_PUSHSIG_OVERLAP,NVSHMEM,C0_DEFAULT,4096,1024,4096,16,4,4194304,1,0,2495.200,2498.688,2994.720,498.048,PASS,0
wm_S5_d1_q16m2_rep3,4,D1_PUSHSIG_OVERLAP,NVSHMEM,C0_DEFAULT,4096,1024,4096,16,5,4194304,1,0,3040.000,3051.808,3554.400,502.592,PASS,0
wm_S5_d1_q16m2_rep3,4,D1_PUSHSIG_OVERLAP,NVSHMEM,C0_DEFAULT,4096,1024,4096,16,6,4194304,1,0,3592.672,3596.768,4090.304,497.600,PASS,0
wm_S5_d1_q16m2_rep3,4,D1_PUSHSIG_OVERLAP,NVSHMEM,C0_DEFAULT,4096,1024,4096,16,7,4194304,1,0,4125.440,4129.056,4621.088,498.496,PASS,0
wm_S5_d1_q16m2_rep3,4,D1_PUSHSIG_OVERLAP,NVSHMEM,C0_DEFAULT,4096,1024,4096,16,8,4194304,1,0,4662.592,4666.016,5159.104,493.984,PASS,0
wm_S5_d1_q16m2_rep3,4,D1_PUSHSIG_OVERLAP,NVSHMEM,C0_DEFAULT,4096,1024,4096,16,9,4194304,1,0,5208.768,5213.024,5709.440,496.416,PASS,0
wm_S5_d1_q16m2_rep3,4,D1_PUSHSIG_OVERLAP,NVSHMEM,C0_DEFAULT,4096,1024,4096,16,10,4194304,1,0,5753.024,5756.608,6250.336,495.200,PASS,0
wm_S5_d1_q16m2_rep3,4,D1_PUSHSIG_OVERLAP,NVSHMEM,C0_DEFAULT,4096,1024,4096,16,11,4194304,1,0,6292.096,6295.584,6789.568,496.160,PASS,0
wm_S5_d1_q16m2_rep3,4,D1_PUSHSIG_OVERLAP,NVSHMEM,C0_DEFAULT,4096,1024,4096,16,12,4194304,1,0,6838.368,6841.792,7342.368,500.576,PASS,0
wm_S5_d1_q16m2_rep3,4,D1_PUSHSIG_OVERLAP,NVSHMEM,C0_DEFAULT,4096,1024,4096,16,13,4194304,1,0,7424.608,7428.160,7914.720,490.272,PASS,0
wm_S5_d1_q16m2_rep3,4,D1_PUSHSIG_OVERLAP,NVSHMEM,C0_DEFAULT,4096,1024,4096,16,14,4194304,1,0,7940.256,7943.744,8430.496,491.680,PASS,0
wm_S5_d1_q16m2_rep3,4,D1_PUSHSIG_OVERLAP,NVSHMEM,C0_DEFAULT,4096,1024,4096,16,15,4194304,1,0,8458.944,8462.464,8949.567,487.616,PASS,0
wm_S5_d1_q16m2_rep3,4,D1_PUSHSIG_OVERLAP,NVSHMEM,C0_DEFAULT,4096,1024,4096,16,0,4194304,2,0,238.944,242.432,740.768,498.336,PASS,0
wm_S5_d1_q16m2_rep3,4,D1_PUSHSIG_OVERLAP,NVSHMEM,C0_DEFAULT,4096,1024,4096,16,1,4194304,2,0,848.864,852.480,1346.208,510.016,PASS,0
wm_S5_d1_q16m2_rep3,4,D1_PUSHSIG_OVERLAP,NVSHMEM,C0_DEFAULT,4096,1024,4096,16,2,4194304,2,0,1385.728,1389.472,1880.960,494.720,PASS,0
wm_S5_d1_q16m2_rep3,4,D1_PUSHSIG_OVERLAP,NVSHMEM,C0_DEFAULT,4096,1024,4096,16,3,4194304,2,0,1922.272,1925.760,2418.592,493.760,PASS,0
wm_S5_d1_q16m2_rep3,4,D1_PUSHSIG_OVERLAP,NVSHMEM,C0_DEFAULT,4096,1024,4096,16,4,4194304,2,0,2461.792,2465.504,2958.272,492.768,PASS,0
wm_S5_d1_q16m2_rep3,4,D1_PUSHSIG_OVERLAP,NVSHMEM,C0_DEFAULT,4096,1024,4096,16,5,4194304,2,0,2995.648,3001.760,3496.352,495.168,PASS,0
wm_S5_d1_q16m2_rep3,4,D1_PUSHSIG_OVERLAP,NVSHMEM,C0_DEFAULT,4096,1024,4096,16,6,4194304,2,0,3537.600,3542.464,4033.216,493.536,PASS,0
wm_S5_d1_q16m2_rep3,4,D1_PUSHSIG_OVERLAP,NVSHMEM,C0_DEFAULT,4096,1024,4096,16,7,4194304,2,0,4072.384,4075.776,4567.904,497.248,PASS,0
wm_S5_d1_q16m2_rep3,4,D1_PUSHSIG_OVERLAP,NVSHMEM,C0_DEFAULT,4096,1024,4096,16,8,4194304,2,0,4609.216,4616.000,5115.520,500.960,PASS,0
wm_S5_d1_q16m2_rep3,4,D1_PUSHSIG_OVERLAP,NVSHMEM,C0_DEFAULT,4096,1024,4096,16,9,4194304,2,0,5162.656,5168.864,5664.832,496.224,PASS,0
wm_S5_d1_q16m2_rep3,4,D1_PUSHSIG_OVERLAP,NVSHMEM,C0_DEFAULT,4096,1024,4096,16,10,4194304,2,0,5707.296,5712.096,6206.432,494.560,PASS,0
wm_S5_d1_q16m2_rep3,4,D1_PUSHSIG_OVERLAP,NVSHMEM,C0_DEFAULT,4096,1024,4096,16,11,4194304,2,0,6251.264,6254.848,6750.304,501.696,PASS,0
wm_S5_d1_q16m2_rep3,4,D1_PUSHSIG_OVERLAP,NVSHMEM,C0_DEFAULT,4096,1024,4096,16,12,4194304,2,0,6797.248,6803.520,7301.216,497.696,PASS,0
wm_S5_d1_q16m2_rep3,4,D1_PUSHSIG_OVERLAP,NVSHMEM,C0_DEFAULT,4096,1024,4096,16,13,4194304,2,0,7349.440,7355.840,7853.888,498.304,PASS,0
wm_S5_d1_q16m2_rep3,4,D1_PUSHSIG_OVERLAP,NVSHMEM,C0_DEFAULT,4096,1024,4096,16,14,4194304,2,0,7901.216,7906.784,8395.456,488.672,PASS,0
wm_S5_d1_q16m2_rep3,4,D1_PUSHSIG_OVERLAP,NVSHMEM,C0_DEFAULT,4096,1024,4096,16,15,4194304,2,0,8420.512,8424.000,8911.456,487.456,PASS,0
wm_S5_d1_q16m2_rep3,4,D1_PUSHSIG_OVERLAP,NVSHMEM,C0_DEFAULT,4096,1024,4096,16,0,4194304,3,0,246.848,250.368,745.888,497.728,PASS,0
wm_S5_d1_q16m2_rep3,4,D1_PUSHSIG_OVERLAP,NVSHMEM,C0_DEFAULT,4096,1024,4096,16,1,4194304,3,0,792.224,805.344,1304.032,503.424,PASS,0
wm_S5_d1_q16m2_rep3,4,D1_PUSHSIG_OVERLAP,NVSHMEM,C0_DEFAULT,4096,1024,4096,16,2,4194304,3,0,1345.376,1348.960,1841.920,492.960,PASS,0
wm_S5_d1_q16m2_rep3,4,D1_PUSHSIG_OVERLAP,NVSHMEM,C0_DEFAULT,4096,1024,4096,16,3,4194304,3,0,1878.688,1882.272,2377.824,495.552,PASS,0
wm_S5_d1_q16m2_rep3,4,D1_PUSHSIG_OVERLAP,NVSHMEM,C0_DEFAULT,4096,1024,4096,16,4,4194304,3,0,2426.848,2437.440,2934.656,504.192,PASS,0
wm_S5_d1_q16m2_rep3,4,D1_PUSHSIG_OVERLAP,NVSHMEM,C0_DEFAULT,4096,1024,4096,16,5,4194304,3,0,2976.352,2980.224,3477.088,497.664,PASS,0
wm_S5_d1_q16m2_rep3,4,D1_PUSHSIG_OVERLAP,NVSHMEM,C0_DEFAULT,4096,1024,4096,16,6,4194304,3,0,3520.320,3531.040,4030.752,499.712,PASS,0
wm_S5_d1_q16m2_rep3,4,D1_PUSHSIG_OVERLAP,NVSHMEM,C0_DEFAULT,4096,1024,4096,16,7,4194304,3,0,4069.408,4072.960,4565.440,500.736,PASS,0
wm_S5_d1_q16m2_rep3,4,D1_PUSHSIG_OVERLAP,NVSHMEM,C0_DEFAULT,4096,1024,4096,16,8,4194304,3,0,4606.400,4610.432,5102.816,494.144,PASS,0
wm_S5_d1_q16m2_rep3,4,D1_PUSHSIG_OVERLAP,NVSHMEM,C0_DEFAULT,4096,1024,4096,16,9,4194304,3,0,5141.056,5147.360,5641.024,498.432,PASS,0
wm_S5_d1_q16m2_rep3,4,D1_PUSHSIG_OVERLAP,NVSHMEM,C0_DEFAULT,4096,1024,4096,16,10,4194304,3,0,5678.880,5682.944,6179.136,496.192,PASS,0
wm_S5_d1_q16m2_rep3,4,D1_PUSHSIG_OVERLAP,NVSHMEM,C0_DEFAULT,4096,1024,4096,16,11,4194304,3,0,6224.736,6232.512,6727.264,494.752,PASS,0
wm_S5_d1_q16m2_rep3,4,D1_PUSHSIG_OVERLAP,NVSHMEM,C0_DEFAULT,4096,1024,4096,16,12,4194304,3,0,6768.640,6775.680,7269.280,495.680,PASS,0
wm_S5_d1_q16m2_rep3,4,D1_PUSHSIG_OVERLAP,NVSHMEM,C0_DEFAULT,4096,1024,4096,16,13,4194304,3,0,7310.624,7314.144,7806.016,496.288,PASS,0
wm_S5_d1_q16m2_rep3,4,D1_PUSHSIG_OVERLAP,NVSHMEM,C0_DEFAULT,4096,1024,4096,16,14,4194304,3,0,7849.408,7853.120,8340.000,492.160,PASS,0
wm_S5_d1_q16m2_rep3,4,D1_PUSHSIG_OVERLAP,NVSHMEM,C0_DEFAULT,4096,1024,4096,16,15,4194304,3,0,8369.729,8373.248,8860.736,487.488,PASS,0
wm_S5_d1_q16m2_rep3,4,D1_PUSHSIG_OVERLAP,NVSHMEM,C0_DEFAULT,4096,1024,4096,16,0,4194304,4,0,249.504,253.280,748.384,495.104,PASS,0
wm_S5_d1_q16m2_rep3,4,D1_PUSHSIG_OVERLAP,NVSHMEM,C0_DEFAULT,4096,1024,4096,16,1,4194304,4,0,794.528,800.576,1299.424,498.848,PASS,0
wm_S5_d1_q16m2_rep3,4,D1_PUSHSIG_OVERLAP,NVSHMEM,C0_DEFAULT,4096,1024,4096,16,2,4194304,4,0,1339.616,1343.168,1837.664,494.496,PASS,0
wm_S5_d1_q16m2_rep3,4,D1_PUSHSIG_OVERLAP,NVSHMEM,C0_DEFAULT,4096,1024,4096,16,3,4194304,4,0,1879.584,1883.328,2377.152,493.824,PASS,0
wm_S5_d1_q16m2_rep3,4,D1_PUSHSIG_OVERLAP,NVSHMEM,C0_DEFAULT,4096,1024,4096,16,4,4194304,4,0,2417.440,2425.696,2921.344,495.648,PASS,0
wm_S5_d1_q16m2_rep3,4,D1_PUSHSIG_OVERLAP,NVSHMEM,C0_DEFAULT,4096,1024,4096,16,5,4194304,4,0,2967.200,2970.656,3464.928,494.272,PASS,0
wm_S5_d1_q16m2_rep3,4,D1_PUSHSIG_OVERLAP,NVSHMEM,C0_DEFAULT,4096,1024,4096,16,6,4194304,4,0,3506.592,3510.176,4005.856,501.152,PASS,0
wm_S5_d1_q16m2_rep3,4,D1_PUSHSIG_OVERLAP,NVSHMEM,C0_DEFAULT,4096,1024,4096,16,7,4194304,4,0,4045.536,4049.120,4542.976,495.392,PASS,0
wm_S5_d1_q16m2_rep3,4,D1_PUSHSIG_OVERLAP,NVSHMEM,C0_DEFAULT,4096,1024,4096,16,8,4194304,4,0,4598.176,4605.792,5098.240,502.848,PASS,0
wm_S5_d1_q16m2_rep3,4,D1_PUSHSIG_OVERLAP,NVSHMEM,C0_DEFAULT,4096,1024,4096,16,9,4194304,4,0,5144.000,5147.520,5641.280,495.328,PASS,0
wm_S5_d1_q16m2_rep3,4,D1_PUSHSIG_OVERLAP,NVSHMEM,C0_DEFAULT,4096,1024,4096,16,10,4194304,4,0,5683.328,5692.000,6186.048,495.584,PASS,0
wm_S5_d1_q16m2_rep3,4,D1_PUSHSIG_OVERLAP,NVSHMEM,C0_DEFAULT,4096,1024,4096,16,11,4194304,4,0,6230.752,6234.400,6723.936,503.008,PASS,0
wm_S5_d1_q16m2_rep3,4,D1_PUSHSIG_OVERLAP,NVSHMEM,C0_DEFAULT,4096,1024,4096,16,12,4194304,4,0,6811.520,6815.072,7307.424,492.352,PASS,0
wm_S5_d1_q16m2_rep3,4,D1_PUSHSIG_OVERLAP,NVSHMEM,C0_DEFAULT,4096,1024,4096,16,13,4194304,4,0,7347.200,7350.560,7843.296,493.952,PASS,0
wm_S5_d1_q16m2_rep3,4,D1_PUSHSIG_OVERLAP,NVSHMEM,C0_DEFAULT,4096,1024,4096,16,14,4194304,4,0,7890.304,7893.952,8381.312,495.936,PASS,0
wm_S5_d1_q16m2_rep3,4,D1_PUSHSIG_OVERLAP,NVSHMEM,C0_DEFAULT,4096,1024,4096,16,15,4194304,4,0,8441.760,8445.280,8932.128,499.744,PASS,0
wm_S5_d1_q16m2_rep3,4,D1_PUSHSIG_OVERLAP,NVSHMEM,C0_DEFAULT,4096,1024,4096,16,0,4194304,5,0,236.512,239.936,736.928,499.232,PASS,0
wm_S5_d1_q16m2_rep3,4,D1_PUSHSIG_OVERLAP,NVSHMEM,C0_DEFAULT,4096,1024,4096,16,1,4194304,5,0,853.728,857.408,1351.424,505.312,PASS,0
wm_S5_d1_q16m2_rep3,4,D1_PUSHSIG_OVERLAP,NVSHMEM,C0_DEFAULT,4096,1024,4096,16,2,4194304,5,0,1396.000,1399.392,1893.312,499.584,PASS,0
wm_S5_d1_q16m2_rep3,4,D1_PUSHSIG_OVERLAP,NVSHMEM,C0_DEFAULT,4096,1024,4096,16,3,4194304,5,0,1937.472,1941.056,2433.440,495.552,PASS,0
wm_S5_d1_q16m2_rep3,4,D1_PUSHSIG_OVERLAP,NVSHMEM,C0_DEFAULT,4096,1024,4096,16,4,4194304,5,0,2475.072,2478.624,2972.032,495.904,PASS,0
wm_S5_d1_q16m2_rep3,4,D1_PUSHSIG_OVERLAP,NVSHMEM,C0_DEFAULT,4096,1024,4096,16,5,4194304,5,0,3015.168,3018.720,3511.744,494.208,PASS,0
wm_S5_d1_q16m2_rep3,4,D1_PUSHSIG_OVERLAP,NVSHMEM,C0_DEFAULT,4096,1024,4096,16,6,4194304,5,0,3556.416,3560.160,4053.504,499.648,PASS,0
wm_S5_d1_q16m2_rep3,4,D1_PUSHSIG_OVERLAP,NVSHMEM,C0_DEFAULT,4096,1024,4096,16,7,4194304,5,0,4095.936,4099.520,4592.576,494.400,PASS,0
wm_S5_d1_q16m2_rep3,4,D1_PUSHSIG_OVERLAP,NVSHMEM,C0_DEFAULT,4096,1024,4096,16,8,4194304,5,0,4630.752,4634.368,5128.352,493.984,PASS,0
wm_S5_d1_q16m2_rep3,4,D1_PUSHSIG_OVERLAP,NVSHMEM,C0_DEFAULT,4096,1024,4096,16,9,4194304,5,0,5171.328,5175.008,5668.576,494.336,PASS,0
wm_S5_d1_q16m2_rep3,4,D1_PUSHSIG_OVERLAP,NVSHMEM,C0_DEFAULT,4096,1024,4096,16,10,4194304,5,0,5708.224,5711.936,6206.144,494.208,PASS,0
wm_S5_d1_q16m2_rep3,4,D1_PUSHSIG_OVERLAP,NVSHMEM,C0_DEFAULT,4096,1024,4096,16,11,4194304,5,0,6262.112,6265.824,6758.688,494.784,PASS,0
wm_S5_d1_q16m2_rep3,4,D1_PUSHSIG_OVERLAP,NVSHMEM,C0_DEFAULT,4096,1024,4096,16,12,4194304,5,0,6799.968,6803.520,7295.808,495.904,PASS,0
wm_S5_d1_q16m2_rep3,4,D1_PUSHSIG_OVERLAP,NVSHMEM,C0_DEFAULT,4096,1024,4096,16,13,4194304,5,0,7340.288,7343.776,7835.296,493.440,PASS,0
wm_S5_d1_q16m2_rep3,4,D1_PUSHSIG_OVERLAP,NVSHMEM,C0_DEFAULT,4096,1024,4096,16,14,4194304,5,0,7873.728,7877.216,8363.968,487.584,PASS,0
wm_S5_d1_q16m2_rep3,4,D1_PUSHSIG_OVERLAP,NVSHMEM,C0_DEFAULT,4096,1024,4096,16,15,4194304,5,0,8388.992,8392.513,8879.521,487.008,PASS,0
wm_S5_d1_q16m2_rep3,4,D1_PUSHSIG_OVERLAP,NVSHMEM,C0_DEFAULT,4096,1024,4096,16,0,4194304,6,0,255.904,262.048,754.304,494.048,PASS,0
wm_S5_d1_q16m2_rep3,4,D1_PUSHSIG_OVERLAP,NVSHMEM,C0_DEFAULT,4096,1024,4096,16,1,4194304,6,0,792.736,797.664,1291.712,496.736,PASS,0
wm_S5_d1_q16m2_rep3,4,D1_PUSHSIG_OVERLAP,NVSHMEM,C0_DEFAULT,4096,1024,4096,16,2,4194304,6,0,1332.960,1336.480,1832.992,496.512,PASS,0
wm_S5_d1_q16m2_rep3,4,D1_PUSHSIG_OVERLAP,NVSHMEM,C0_DEFAULT,4096,1024,4096,16,3,4194304,6,0,1895.776,1906.304,2403.200,504.288,PASS,0
wm_S5_d1_q16m2_rep3,4,D1_PUSHSIG_OVERLAP,NVSHMEM,C0_DEFAULT,4096,1024,4096,16,4,4194304,6,0,2447.392,2451.872,2943.744,496.384,PASS,0
wm_S5_d1_q16m2_rep3,4,D1_PUSHSIG_OVERLAP,NVSHMEM,C0_DEFAULT,4096,1024,4096,16,5,4194304,6,0,2994.912,2998.496,3493.792,502.752,PASS,0
wm_S5_d1_q16m2_rep3,4,D1_PUSHSIG_OVERLAP,NVSHMEM,C0_DEFAULT,4096,1024,4096,16,6,4194304,6,0,3538.112,3541.504,4039.776,498.880,PASS,0
wm_S5_d1_q16m2_rep3,4,D1_PUSHSIG_OVERLAP,NVSHMEM,C0_DEFAULT,4096,1024,4096,16,7,4194304,6,0,4110.400,4114.080,4608.608,512.576,PASS,0
wm_S5_d1_q16m2_rep3,4,D1_PUSHSIG_OVERLAP,NVSHMEM,C0_DEFAULT,4096,1024,4096,16,8,4194304,6,0,4653.952,4657.376,5149.568,500.192,PASS,0
wm_S5_d1_q16m2_rep3,4,D1_PUSHSIG_OVERLAP,NVSHMEM,C0_DEFAULT,4096,1024,4096,16,9,4194304,6,0,5202.880,5206.496,5701.184,499.200,PASS,0
wm_S5_d1_q16m2_rep3,4,D1_PUSHSIG_OVERLAP,NVSHMEM,C0_DEFAULT,4096,1024,4096,16,10,4194304,6,0,5764.064,5767.584,6261.248,495.328,PASS,0
wm_S5_d1_q16m2_rep3,4,D1_PUSHSIG_OVERLAP,NVSHMEM,C0_DEFAULT,4096,1024,4096,16,11,4194304,6,0,6313.184,6316.672,6813.088,500.128,PASS,0
wm_S5_d1_q16m2_rep3,4,D1_PUSHSIG_OVERLAP,NVSHMEM,C0_DEFAULT,4096,1024,4096,16,12,4194304,6,0,6885.632,6898.496,7398.784,500.288,PASS,0
wm_S5_d1_q16m2_rep3,4,D1_PUSHSIG_OVERLAP,NVSHMEM,C0_DEFAULT,4096,1024,4096,16,13,4194304,6,0,7441.824,7445.280,7936.544,492.928,PASS,0
wm_S5_d1_q16m2_rep3,4,D1_PUSHSIG_OVERLAP,NVSHMEM,C0_DEFAULT,4096,1024,4096,16,14,4194304,6,0,7980.288,7984.608,8472.288,494.272,PASS,0
wm_S5_d1_q16m2_rep3,4,D1_PUSHSIG_OVERLAP,NVSHMEM,C0_DEFAULT,4096,1024,4096,16,15,4194304,6,0,8497.856,8501.344,8987.775,487.584,PASS,0
wm_S5_d1_q16m2_rep3,4,D1_PUSHSIG_OVERLAP,NVSHMEM,C0_DEFAULT,4096,1024,4096,16,0,4194304,7,0,244.000,247.488,743.936,496.448,PASS,0
wm_S5_d1_q16m2_rep3,4,D1_PUSHSIG_OVERLAP,NVSHMEM,C0_DEFAULT,4096,1024,4096,16,1,4194304,7,0,786.144,789.696,1285.696,496.000,PASS,0
wm_S5_d1_q16m2_rep3,4,D1_PUSHSIG_OVERLAP,NVSHMEM,C0_DEFAULT,4096,1024,4096,16,2,4194304,7,0,1351.936,1362.272,1864.864,502.592,PASS,0
wm_S5_d1_q16m2_rep3,4,D1_PUSHSIG_OVERLAP,NVSHMEM,C0_DEFAULT,4096,1024,4096,16,3,4194304,7,0,1910.048,1916.256,2415.040,499.424,PASS,0
wm_S5_d1_q16m2_rep3,4,D1_PUSHSIG_OVERLAP,NVSHMEM,C0_DEFAULT,4096,1024,4096,16,4,4194304,7,0,2462.912,2470.880,2965.984,495.200,PASS,0
wm_S5_d1_q16m2_rep3,4,D1_PUSHSIG_OVERLAP,NVSHMEM,C0_DEFAULT,4096,1024,4096,16,5,4194304,7,0,3003.424,3006.848,3502.272,495.424,PASS,0
wm_S5_d1_q16m2_rep3,4,D1_PUSHSIG_OVERLAP,NVSHMEM,C0_DEFAULT,4096,1024,4096,16,6,4194304,7,0,3568.224,3571.680,4063.904,495.328,PASS,0
wm_S5_d1_q16m2_rep3,4,D1_PUSHSIG_OVERLAP,NVSHMEM,C0_DEFAULT,4096,1024,4096,16,7,4194304,7,0,4106.016,4109.472,4602.048,498.720,PASS,0
wm_S5_d1_q16m2_rep3,4,D1_PUSHSIG_OVERLAP,NVSHMEM,C0_DEFAULT,4096,1024,4096,16,8,4194304,7,0,4643.264,4646.784,5141.728,494.944,PASS,0
wm_S5_d1_q16m2_rep3,4,D1_PUSHSIG_OVERLAP,NVSHMEM,C0_DEFAULT,4096,1024,4096,16,9,4194304,7,0,5184.352,5191.072,5687.872,496.800,PASS,0
wm_S5_d1_q16m2_rep3,4,D1_PUSHSIG_OVERLAP,NVSHMEM,C0_DEFAULT,4096,1024,4096,16,10,4194304,7,0,5727.872,5731.552,6226.080,506.592,PASS,0
wm_S5_d1_q16m2_rep3,4,D1_PUSHSIG_OVERLAP,NVSHMEM,C0_DEFAULT,4096,1024,4096,16,11,4194304,7,0,6265.504,6269.152,6765.184,496.032,PASS,0
wm_S5_d1_q16m2_rep3,4,D1_PUSHSIG_OVERLAP,NVSHMEM,C0_DEFAULT,4096,1024,4096,16,12,4194304,7,0,6812.352,6819.200,7317.696,498.496,PASS,0
wm_S5_d1_q16m2_rep3,4,D1_PUSHSIG_OVERLAP,NVSHMEM,C0_DEFAULT,4096,1024,4096,16,13,4194304,7,0,7360.960,7367.648,7863.776,497.312,PASS,0
wm_S5_d1_q16m2_rep3,4,D1_PUSHSIG_OVERLAP,NVSHMEM,C0_DEFAULT,4096,1024,4096,16,14,4194304,7,0,7908.000,7914.144,8404.384,490.240,PASS,0
wm_S5_d1_q16m2_rep3,4,D1_PUSHSIG_OVERLAP,NVSHMEM,C0_DEFAULT,4096,1024,4096,16,15,4194304,7,0,8429.920,8433.440,8920.225,487.360,PASS,0
wm_S5_d1_q16m2_rep3,4,D1_PUSHSIG_OVERLAP,NVSHMEM,C0_DEFAULT,4096,1024,4096,16,0,4194304,8,0,259.840,263.392,758.464,498.208,PASS,0
wm_S5_d1_q16m2_rep3,4,D1_PUSHSIG_OVERLAP,NVSHMEM,C0_DEFAULT,4096,1024,4096,16,1,4194304,8,0,833.920,838.272,1333.152,495.936,PASS,0
wm_S5_d1_q16m2_rep3,4,D1_PUSHSIG_OVERLAP,NVSHMEM,C0_DEFAULT,4096,1024,4096,16,2,4194304,8,0,1373.536,1377.248,1870.784,495.936,PASS,0
wm_S5_d1_q16m2_rep3,4,D1_PUSHSIG_OVERLAP,NVSHMEM,C0_DEFAULT,4096,1024,4096,16,3,4194304,8,0,1916.832,1920.448,2412.608,499.712,PASS,0
wm_S5_d1_q16m2_rep3,4,D1_PUSHSIG_OVERLAP,NVSHMEM,C0_DEFAULT,4096,1024,4096,16,4,4194304,8,0,2462.464,2466.496,2959.232,505.472,PASS,0
wm_S5_d1_q16m2_rep3,4,D1_PUSHSIG_OVERLAP,NVSHMEM,C0_DEFAULT,4096,1024,4096,16,5,4194304,8,0,3003.040,3006.528,3500.576,498.368,PASS,0
wm_S5_d1_q16m2_rep3,4,D1_PUSHSIG_OVERLAP,NVSHMEM,C0_DEFAULT,4096,1024,4096,16,6,4194304,8,0,3546.176,3550.944,4046.528,495.584,PASS,0
wm_S5_d1_q16m2_rep3,4,D1_PUSHSIG_OVERLAP,NVSHMEM,C0_DEFAULT,4096,1024,4096,16,7,4194304,8,0,4099.712,4106.496,4603.936,497.440,PASS,0
wm_S5_d1_q16m2_rep3,4,D1_PUSHSIG_OVERLAP,NVSHMEM,C0_DEFAULT,4096,1024,4096,16,8,4194304,8,0,4676.928,4681.120,5175.488,499.744,PASS,0
wm_S5_d1_q16m2_rep3,4,D1_PUSHSIG_OVERLAP,NVSHMEM,C0_DEFAULT,4096,1024,4096,16,9,4194304,8,0,5220.096,5223.744,5715.264,493.376,PASS,0
wm_S5_d1_q16m2_rep3,4,D1_PUSHSIG_OVERLAP,NVSHMEM,C0_DEFAULT,4096,1024,4096,16,10,4194304,8,0,5757.920,5761.344,6254.048,506.336,PASS,0
wm_S5_d1_q16m2_rep3,4,D1_PUSHSIG_OVERLAP,NVSHMEM,C0_DEFAULT,4096,1024,4096,16,11,4194304,8,0,6295.616,6299.264,6798.368,499.104,PASS,0
wm_S5_d1_q16m2_rep3,4,D1_PUSHSIG_OVERLAP,NVSHMEM,C0_DEFAULT,4096,1024,4096,16,12,4194304,8,0,6901.600,6908.096,7402.240,501.248,PASS,0
wm_S5_d1_q16m2_rep3,4,D1_PUSHSIG_OVERLAP,NVSHMEM,C0_DEFAULT,4096,1024,4096,16,13,4194304,8,0,7440.800,7444.320,7930.784,490.528,PASS,0
wm_S5_d1_q16m2_rep3,4,D1_PUSHSIG_OVERLAP,NVSHMEM,C0_DEFAULT,4096,1024,4096,16,14,4194304,8,0,7956.000,7959.424,8447.744,492.672,PASS,0
wm_S5_d1_q16m2_rep3,4,D1_PUSHSIG_OVERLAP,NVSHMEM,C0_DEFAULT,4096,1024,4096,16,15,4194304,8,0,8472.832,8476.352,8962.784,487.136,PASS,0
wm_S5_d1_q16m2_rep3,4,D1_PUSHSIG_OVERLAP,NVSHMEM,C0_DEFAULT,4096,1024,4096,16,0,4194304,9,0,239.264,242.944,739.648,502.880,PASS,0
wm_S5_d1_q16m2_rep3,4,D1_PUSHSIG_OVERLAP,NVSHMEM,C0_DEFAULT,4096,1024,4096,16,1,4194304,9,0,781.984,785.472,1279.552,494.720,PASS,0
wm_S5_d1_q16m2_rep3,4,D1_PUSHSIG_OVERLAP,NVSHMEM,C0_DEFAULT,4096,1024,4096,16,2,4194304,9,0,1322.720,1328.768,1824.960,496.192,PASS,0
wm_S5_d1_q16m2_rep3,4,D1_PUSHSIG_OVERLAP,NVSHMEM,C0_DEFAULT,4096,1024,4096,16,3,4194304,9,0,1863.776,1867.520,2364.064,496.544,PASS,0
wm_S5_d1_q16m2_rep3,4,D1_PUSHSIG_OVERLAP,NVSHMEM,C0_DEFAULT,4096,1024,4096,16,4,4194304,9,0,2412.896,2424.576,2923.104,498.528,PASS,0
wm_S5_d1_q16m2_rep3,4,D1_PUSHSIG_OVERLAP,NVSHMEM,C0_DEFAULT,4096,1024,4096,16,5,4194304,9,0,2960.928,2964.480,3459.840,496.192,PASS,0
wm_S5_d1_q16m2_rep3,4,D1_PUSHSIG_OVERLAP,NVSHMEM,C0_DEFAULT,4096,1024,4096,16,6,4194304,9,0,3500.384,3503.776,3995.584,493.376,PASS,0
wm_S5_d1_q16m2_rep3,4,D1_PUSHSIG_OVERLAP,NVSHMEM,C0_DEFAULT,4096,1024,4096,16,7,4194304,9,0,4036.992,4041.120,4538.976,497.856,PASS,0
wm_S5_d1_q16m2_rep3,4,D1_PUSHSIG_OVERLAP,NVSHMEM,C0_DEFAULT,4096,1024,4096,16,8,4194304,9,0,4590.656,4596.864,5094.112,499.840,PASS,0
wm_S5_d1_q16m2_rep3,4,D1_PUSHSIG_OVERLAP,NVSHMEM,C0_DEFAULT,4096,1024,4096,16,9,4194304,9,0,5134.720,5141.536,5637.056,502.976,PASS,0
wm_S5_d1_q16m2_rep3,4,D1_PUSHSIG_OVERLAP,NVSHMEM,C0_DEFAULT,4096,1024,4096,16,10,4194304,9,0,5678.752,5683.616,6176.608,500.096,PASS,0
wm_S5_d1_q16m2_rep3,4,D1_PUSHSIG_OVERLAP,NVSHMEM,C0_DEFAULT,4096,1024,4096,16,11,4194304,9,0,6218.656,6225.088,6720.352,501.632,PASS,0
wm_S5_d1_q16m2_rep3,4,D1_PUSHSIG_OVERLAP,NVSHMEM,C0_DEFAULT,4096,1024,4096,16,12,4194304,9,0,6767.744,6775.008,7273.856,498.848,PASS,0
wm_S5_d1_q16m2_rep3,4,D1_PUSHSIG_OVERLAP,NVSHMEM,C0_DEFAULT,4096,1024,4096,16,13,4194304,9,0,7321.792,7328.544,7823.968,499.616,PASS,0
wm_S5_d1_q16m2_rep3,4,D1_PUSHSIG_OVERLAP,NVSHMEM,C0_DEFAULT,4096,1024,4096,16,14,4194304,9,0,7866.304,7871.168,8358.496,487.392,PASS,0
wm_S5_d1_q16m2_rep3,4,D1_PUSHSIG_OVERLAP,NVSHMEM,C0_DEFAULT,4096,1024,4096,16,15,4194304,9,0,8383.264,8386.752,8874.048,487.296,PASS,0
wm_S5_d1_q16m2_rep3,4,D1_PUSHSIG_OVERLAP,NVSHMEM,C0_DEFAULT,4096,1024,4096,16,0,4194304,10,0,278.720,283.520,775.712,493.184,PASS,0
wm_S5_d1_q16m2_rep3,4,D1_PUSHSIG_OVERLAP,NVSHMEM,C0_DEFAULT,4096,1024,4096,16,1,4194304,10,0,822.272,825.920,1322.336,496.608,PASS,0
wm_S5_d1_q16m2_rep3,4,D1_PUSHSIG_OVERLAP,NVSHMEM,C0_DEFAULT,4096,1024,4096,16,2,4194304,10,0,1371.392,1375.456,1873.312,498.112,PASS,0
wm_S5_d1_q16m2_rep3,4,D1_PUSHSIG_OVERLAP,NVSHMEM,C0_DEFAULT,4096,1024,4096,16,3,4194304,10,0,1961.056,1965.056,2460.448,500.960,PASS,0
wm_S5_d1_q16m2_rep3,4,D1_PUSHSIG_OVERLAP,NVSHMEM,C0_DEFAULT,4096,1024,4096,16,4,4194304,10,0,2503.872,2507.712,3002.912,495.200,PASS,0
wm_S5_d1_q16m2_rep3,4,D1_PUSHSIG_OVERLAP,NVSHMEM,C0_DEFAULT,4096,1024,4096,16,5,4194304,10,0,3045.376,3049.568,3543.136,509.184,PASS,0
wm_S5_d1_q16m2_rep3,4,D1_PUSHSIG_OVERLAP,NVSHMEM,C0_DEFAULT,4096,1024,4096,16,6,4194304,10,0,3586.016,3589.952,4085.632,497.120,PASS,0
wm_S5_d1_q16m2_rep3,4,D1_PUSHSIG_OVERLAP,NVSHMEM,C0_DEFAULT,4096,1024,4096,16,7,4194304,10,0,4144.160,4147.744,4643.040,504.192,PASS,0
wm_S5_d1_q16m2_rep3,4,D1_PUSHSIG_OVERLAP,NVSHMEM,C0_DEFAULT,4096,1024,4096,16,8,4194304,10,0,4720.608,4724.032,5221.536,505.056,PASS,0
wm_S5_d1_q16m2_rep3,4,D1_PUSHSIG_OVERLAP,NVSHMEM,C0_DEFAULT,4096,1024,4096,16,9,4194304,10,0,5266.496,5271.776,5763.648,500.288,PASS,0
wm_S5_d1_q16m2_rep3,4,D1_PUSHSIG_OVERLAP,NVSHMEM,C0_DEFAULT,4096,1024,4096,16,10,4194304,10,0,5806.176,5809.632,6302.272,494.560,PASS,0
wm_S5_d1_q16m2_rep3,4,D1_PUSHSIG_OVERLAP,NVSHMEM,C0_DEFAULT,4096,1024,4096,16,11,4194304,10,0,6344.672,6348.448,6841.152,492.704,PASS,0
wm_S5_d1_q16m2_rep3,4,D1_PUSHSIG_OVERLAP,NVSHMEM,C0_DEFAULT,4096,1024,4096,16,12,4194304,10,0,6890.048,6893.440,7385.088,494.688,PASS,0
wm_S5_d1_q16m2_rep3,4,D1_PUSHSIG_OVERLAP,NVSHMEM,C0_DEFAULT,4096,1024,4096,16,13,4194304,10,0,7424.928,7428.608,7914.880,489.312,PASS,0
wm_S5_d1_q16m2_rep3,4,D1_PUSHSIG_OVERLAP,NVSHMEM,C0_DEFAULT,4096,1024,4096,16,14,4194304,10,0,7953.248,7956.704,8443.488,494.272,PASS,0
wm_S5_d1_q16m2_rep3,4,D1_PUSHSIG_OVERLAP,NVSHMEM,C0_DEFAULT,4096,1024,4096,16,15,4194304,10,0,8494.688,8498.208,8984.896,488.896,PASS,0
wm_S5_d1_q16m2_rep3,4,D1_PUSHSIG_OVERLAP,NVSHMEM,C0_DEFAULT,4096,1024,4096,16,0,4194304,11,0,246.080,250.368,745.120,503.424,PASS,0
wm_S5_d1_q16m2_rep3,4,D1_PUSHSIG_OVERLAP,NVSHMEM,C0_DEFAULT,4096,1024,4096,16,1,4194304,11,0,786.784,790.144,1282.016,503.616,PASS,0
wm_S5_d1_q16m2_rep3,4,D1_PUSHSIG_OVERLAP,NVSHMEM,C0_DEFAULT,4096,1024,4096,16,2,4194304,11,0,1330.624,1334.176,1829.056,497.664,PASS,0
wm_S5_d1_q16m2_rep3,4,D1_PUSHSIG_OVERLAP,NVSHMEM,C0_DEFAULT,4096,1024,4096,16,3,4194304,11,0,1879.424,1886.016,2384.992,499.328,PASS,0
wm_S5_d1_q16m2_rep3,4,D1_PUSHSIG_OVERLAP,NVSHMEM,C0_DEFAULT,4096,1024,4096,16,4,4194304,11,0,2441.024,2450.944,2947.008,509.344,PASS,0
wm_S5_d1_q16m2_rep3,4,D1_PUSHSIG_OVERLAP,NVSHMEM,C0_DEFAULT,4096,1024,4096,16,5,4194304,11,0,2993.408,2997.440,3491.136,511.872,PASS,0
wm_S5_d1_q16m2_rep3,4,D1_PUSHSIG_OVERLAP,NVSHMEM,C0_DEFAULT,4096,1024,4096,16,6,4194304,11,0,3576.224,3580.096,4075.136,495.232,PASS,0
wm_S5_d1_q16m2_rep3,4,D1_PUSHSIG_OVERLAP,NVSHMEM,C0_DEFAULT,4096,1024,4096,16,7,4194304,11,0,4115.904,4119.360,4611.200,494.784,PASS,0
wm_S5_d1_q16m2_rep3,4,D1_PUSHSIG_OVERLAP,NVSHMEM,C0_DEFAULT,4096,1024,4096,16,8,4194304,11,0,4657.024,4660.448,5153.856,500.192,PASS,0
wm_S5_d1_q16m2_rep3,4,D1_PUSHSIG_OVERLAP,NVSHMEM,C0_DEFAULT,4096,1024,4096,16,9,4194304,11,0,5197.056,5203.424,5700.288,501.984,PASS,0
wm_S5_d1_q16m2_rep3,4,D1_PUSHSIG_OVERLAP,NVSHMEM,C0_DEFAULT,4096,1024,4096,16,10,4194304,11,0,5744.736,5748.320,6242.816,495.296,PASS,0
wm_S5_d1_q16m2_rep3,4,D1_PUSHSIG_OVERLAP,NVSHMEM,C0_DEFAULT,4096,1024,4096,16,11,4194304,11,0,6299.040,6305.888,6803.008,506.592,PASS,0
wm_S5_d1_q16m2_rep3,4,D1_PUSHSIG_OVERLAP,NVSHMEM,C0_DEFAULT,4096,1024,4096,16,12,4194304,11,0,6845.792,6856.032,7351.008,494.976,PASS,0
wm_S5_d1_q16m2_rep3,4,D1_PUSHSIG_OVERLAP,NVSHMEM,C0_DEFAULT,4096,1024,4096,16,13,4194304,11,0,7397.248,7400.928,7895.936,495.008,PASS,0
wm_S5_d1_q16m2_rep3,4,D1_PUSHSIG_OVERLAP,NVSHMEM,C0_DEFAULT,4096,1024,4096,16,14,4194304,11,0,7938.976,7944.032,8431.840,494.560,PASS,0
wm_S5_d1_q16m2_rep3,4,D1_PUSHSIG_OVERLAP,NVSHMEM,C0_DEFAULT,4096,1024,4096,16,15,4194304,11,0,8457.089,8460.607,8947.296,487.296,PASS,0
wm_S5_d1_q16m2_rep3,4,D1_PUSHSIG_OVERLAP,NVSHMEM,C0_DEFAULT,4096,1024,4096,16,0,4194304,12,0,251.872,255.296,749.664,498.208,PASS,0
wm_S5_d1_q16m2_rep3,4,D1_PUSHSIG_OVERLAP,NVSHMEM,C0_DEFAULT,4096,1024,4096,16,1,4194304,12,0,815.264,818.720,1310.624,501.376,PASS,0
wm_S5_d1_q16m2_rep3,4,D1_PUSHSIG_OVERLAP,NVSHMEM,C0_DEFAULT,4096,1024,4096,16,2,4194304,12,0,1364.672,1368.160,1860.032,504.192,PASS,0
wm_S5_d1_q16m2_rep3,4,D1_PUSHSIG_OVERLAP,NVSHMEM,C0_DEFAULT,4096,1024,4096,16,3,4194304,12,0,1902.976,1909.568,2405.952,510.784,PASS,0
wm_S5_d1_q16m2_rep3,4,D1_PUSHSIG_OVERLAP,NVSHMEM,C0_DEFAULT,4096,1024,4096,16,4,4194304,12,0,2446.848,2450.304,2943.232,495.648,PASS,0
wm_S5_d1_q16m2_rep3,4,D1_PUSHSIG_OVERLAP,NVSHMEM,C0_DEFAULT,4096,1024,4096,16,5,4194304,12,0,2989.536,2996.288,3491.552,496.000,PASS,0
wm_S5_d1_q16m2_rep3,4,D1_PUSHSIG_OVERLAP,NVSHMEM,C0_DEFAULT,4096,1024,4096,16,6,4194304,12,0,3555.872,3559.872,4052.512,493.056,PASS,0
wm_S5_d1_q16m2_rep3,4,D1_PUSHSIG_OVERLAP,NVSHMEM,C0_DEFAULT,4096,1024,4096,16,7,4194304,12,0,4090.048,4093.664,4587.712,497.664,PASS,0
wm_S5_d1_q16m2_rep3,4,D1_PUSHSIG_OVERLAP,NVSHMEM,C0_DEFAULT,4096,1024,4096,16,8,4194304,12,0,4626.560,4630.112,5122.720,495.040,PASS,0
wm_S5_d1_q16m2_rep3,4,D1_PUSHSIG_OVERLAP,NVSHMEM,C0_DEFAULT,4096,1024,4096,16,9,4194304,12,0,5168.736,5172.224,5666.368,496.000,PASS,0
wm_S5_d1_q16m2_rep3,4,D1_PUSHSIG_OVERLAP,NVSHMEM,C0_DEFAULT,4096,1024,4096,16,10,4194304,12,0,5712.864,5717.632,6215.232,497.600,PASS,0
wm_S5_d1_q16m2_rep3,4,D1_PUSHSIG_OVERLAP,NVSHMEM,C0_DEFAULT,4096,1024,4096,16,11,4194304,12,0,6255.360,6260.576,6754.496,504.800,PASS,0
wm_S5_d1_q16m2_rep3,4,D1_PUSHSIG_OVERLAP,NVSHMEM,C0_DEFAULT,4096,1024,4096,16,12,4194304,12,0,6855.904,6859.552,7352.928,496.192,PASS,0
wm_S5_d1_q16m2_rep3,4,D1_PUSHSIG_OVERLAP,NVSHMEM,C0_DEFAULT,4096,1024,4096,16,13,4194304,12,0,7391.328,7395.040,7888.192,493.152,PASS,0
wm_S5_d1_q16m2_rep3,4,D1_PUSHSIG_OVERLAP,NVSHMEM,C0_DEFAULT,4096,1024,4096,16,14,4194304,12,0,7928.224,7932.160,8419.169,487.872,PASS,0
wm_S5_d1_q16m2_rep3,4,D1_PUSHSIG_OVERLAP,NVSHMEM,C0_DEFAULT,4096,1024,4096,16,15,4194304,12,0,8444.225,8447.744,8934.784,487.040,PASS,0
wm_S5_d1_q16m2_rep3,4,D1_PUSHSIG_OVERLAP,NVSHMEM,C0_DEFAULT,4096,1024,4096,16,0,4194304,13,0,245.024,248.448,743.424,501.600,PASS,0
wm_S5_d1_q16m2_rep3,4,D1_PUSHSIG_OVERLAP,NVSHMEM,C0_DEFAULT,4096,1024,4096,16,1,4194304,13,0,785.376,790.144,1284.096,495.360,PASS,0
wm_S5_d1_q16m2_rep3,4,D1_PUSHSIG_OVERLAP,NVSHMEM,C0_DEFAULT,4096,1024,4096,16,2,4194304,13,0,1327.072,1330.752,1823.456,494.304,PASS,0
wm_S5_d1_q16m2_rep3,4,D1_PUSHSIG_OVERLAP,NVSHMEM,C0_DEFAULT,4096,1024,4096,16,3,4194304,13,0,1868.192,1871.648,2367.072,495.424,PASS,0
wm_S5_d1_q16m2_rep3,4,D1_PUSHSIG_OVERLAP,NVSHMEM,C0_DEFAULT,4096,1024,4096,16,4,4194304,13,0,2417.088,2423.840,2918.816,495.648,PASS,0
wm_S5_d1_q16m2_rep3,4,D1_PUSHSIG_OVERLAP,NVSHMEM,C0_DEFAULT,4096,1024,4096,16,5,4194304,13,0,2959.456,2966.144,3461.696,498.496,PASS,0
wm_S5_d1_q16m2_rep3,4,D1_PUSHSIG_OVERLAP,NVSHMEM,C0_DEFAULT,4096,1024,4096,16,6,4194304,13,0,3503.136,3507.680,3999.616,497.344,PASS,0
wm_S5_d1_q16m2_rep3,4,D1_PUSHSIG_OVERLAP,NVSHMEM,C0_DEFAULT,4096,1024,4096,16,7,4194304,13,0,4039.840,4043.392,4538.240,497.408,PASS,0
wm_S5_d1_q16m2_rep3,4,D1_PUSHSIG_OVERLAP,NVSHMEM,C0_DEFAULT,4096,1024,4096,16,8,4194304,13,0,4583.584,4588.480,5084.000,501.792,PASS,0
wm_S5_d1_q16m2_rep3,4,D1_PUSHSIG_OVERLAP,NVSHMEM,C0_DEFAULT,4096,1024,4096,16,9,4194304,13,0,5134.144,5138.144,5631.008,501.376,PASS,0
wm_S5_d1_q16m2_rep3,4,D1_PUSHSIG_OVERLAP,NVSHMEM,C0_DEFAULT,4096,1024,4096,16,10,4194304,13,0,5677.152,5680.640,6172.640,499.104,PASS,0
wm_S5_d1_q16m2_rep3,4,D1_PUSHSIG_OVERLAP,NVSHMEM,C0_DEFAULT,4096,1024,4096,16,11,4194304,13,0,6217.504,6223.904,6731.584,507.680,PASS,0
wm_S5_d1_q16m2_rep3,4,D1_PUSHSIG_OVERLAP,NVSHMEM,C0_DEFAULT,4096,1024,4096,16,12,4194304,13,0,6774.464,6785.664,7291.744,506.080,PASS,0
wm_S5_d1_q16m2_rep3,4,D1_PUSHSIG_OVERLAP,NVSHMEM,C0_DEFAULT,4096,1024,4096,16,13,4194304,13,0,7334.336,7345.632,7850.752,505.120,PASS,0
wm_S5_d1_q16m2_rep3,4,D1_PUSHSIG_OVERLAP,NVSHMEM,C0_DEFAULT,4096,1024,4096,16,14,4194304,13,0,7903.360,7906.976,8399.071,492.096,PASS,0
wm_S5_d1_q16m2_rep3,4,D1_PUSHSIG_OVERLAP,NVSHMEM,C0_DEFAULT,4096,1024,4096,16,15,4194304,13,0,8424.096,8427.584,8918.912,491.328,PASS,0
wm_S5_d1_q16m2_rep3,4,D1_PUSHSIG_OVERLAP,NVSHMEM,C0_DEFAULT,4096,1024,4096,16,0,4194304,14,0,264.928,268.800,765.248,498.496,PASS,0
wm_S5_d1_q16m2_rep3,4,D1_PUSHSIG_OVERLAP,NVSHMEM,C0_DEFAULT,4096,1024,4096,16,1,4194304,14,0,864.832,871.264,1367.168,502.624,PASS,0
wm_S5_d1_q16m2_rep3,4,D1_PUSHSIG_OVERLAP,NVSHMEM,C0_DEFAULT,4096,1024,4096,16,2,4194304,14,0,1410.624,1414.080,1906.400,495.008,PASS,0
wm_S5_d1_q16m2_rep3,4,D1_PUSHSIG_OVERLAP,NVSHMEM,C0_DEFAULT,4096,1024,4096,16,3,4194304,14,0,1946.848,1951.968,2444.032,496.544,PASS,0
wm_S5_d1_q16m2_rep3,4,D1_PUSHSIG_OVERLAP,NVSHMEM,C0_DEFAULT,4096,1024,4096,16,4,4194304,14,0,2482.688,2486.400,2981.600,495.808,PASS,0
wm_S5_d1_q16m2_rep3,4,D1_PUSHSIG_OVERLAP,NVSHMEM,C0_DEFAULT,4096,1024,4096,16,5,4194304,14,0,3029.728,3037.216,3536.320,499.104,PASS,0
wm_S5_d1_q16m2_rep3,4,D1_PUSHSIG_OVERLAP,NVSHMEM,C0_DEFAULT,4096,1024,4096,16,6,4194304,14,0,3575.264,3578.784,4070.240,498.688,PASS,0
wm_S5_d1_q16m2_rep3,4,D1_PUSHSIG_OVERLAP,NVSHMEM,C0_DEFAULT,4096,1024,4096,16,7,4194304,14,0,4109.728,4113.376,4604.864,497.952,PASS,0
wm_S5_d1_q16m2_rep3,4,D1_PUSHSIG_OVERLAP,NVSHMEM,C0_DEFAULT,4096,1024,4096,16,8,4194304,14,0,4642.880,4646.944,5139.072,497.760,PASS,0
wm_S5_d1_q16m2_rep3,4,D1_PUSHSIG_OVERLAP,NVSHMEM,C0_DEFAULT,4096,1024,4096,16,9,4194304,14,0,5177.920,5181.728,5674.400,514.048,PASS,0
wm_S5_d1_q16m2_rep3,4,D1_PUSHSIG_OVERLAP,NVSHMEM,C0_DEFAULT,4096,1024,4096,16,10,4194304,14,0,5715.648,5721.856,6216.896,499.488,PASS,0
wm_S5_d1_q16m2_rep3,4,D1_PUSHSIG_OVERLAP,NVSHMEM,C0_DEFAULT,4096,1024,4096,16,11,4194304,14,0,6268.736,6272.256,6762.688,505.952,PASS,0
wm_S5_d1_q16m2_rep3,4,D1_PUSHSIG_OVERLAP,NVSHMEM,C0_DEFAULT,4096,1024,4096,16,12,4194304,14,0,6804.672,6812.608,7301.152,497.376,PASS,0
wm_S5_d1_q16m2_rep3,4,D1_PUSHSIG_OVERLAP,NVSHMEM,C0_DEFAULT,4096,1024,4096,16,13,4194304,14,0,7352.672,7357.504,7850.112,497.312,PASS,0
wm_S5_d1_q16m2_rep3,4,D1_PUSHSIG_OVERLAP,NVSHMEM,C0_DEFAULT,4096,1024,4096,16,14,4194304,14,0,7897.760,7901.472,8388.544,492.288,PASS,0
wm_S5_d1_q16m2_rep3,4,D1_PUSHSIG_OVERLAP,NVSHMEM,C0_DEFAULT,4096,1024,4096,16,15,4194304,14,0,8413.920,8417.568,8904.960,491.872,PASS,0
wm_S5_d1_q16m2_rep3,4,D1_PUSHSIG_OVERLAP,NVSHMEM,C0_DEFAULT,4096,1024,4096,16,0,4194304,15,0,256.768,263.072,759.712,498.048,PASS,0
wm_S5_d1_q16m2_rep3,4,D1_PUSHSIG_OVERLAP,NVSHMEM,C0_DEFAULT,4096,1024,4096,16,1,4194304,15,0,802.592,813.152,1313.568,500.736,PASS,0
wm_S5_d1_q16m2_rep3,4,D1_PUSHSIG_OVERLAP,NVSHMEM,C0_DEFAULT,4096,1024,4096,16,2,4194304,15,0,1352.832,1356.672,1850.976,497.248,PASS,0
wm_S5_d1_q16m2_rep3,4,D1_PUSHSIG_OVERLAP,NVSHMEM,C0_DEFAULT,4096,1024,4096,16,3,4194304,15,0,1917.376,1921.024,2414.496,500.896,PASS,0
wm_S5_d1_q16m2_rep3,4,D1_PUSHSIG_OVERLAP,NVSHMEM,C0_DEFAULT,4096,1024,4096,16,4,4194304,15,0,2464.032,2467.776,2962.112,499.520,PASS,0
wm_S5_d1_q16m2_rep3,4,D1_PUSHSIG_OVERLAP,NVSHMEM,C0_DEFAULT,4096,1024,4096,16,5,4194304,15,0,3006.528,3010.048,3506.880,501.088,PASS,0
wm_S5_d1_q16m2_rep3,4,D1_PUSHSIG_OVERLAP,NVSHMEM,C0_DEFAULT,4096,1024,4096,16,6,4194304,15,0,3546.560,3550.336,4041.344,500.224,PASS,0
wm_S5_d1_q16m2_rep3,4,D1_PUSHSIG_OVERLAP,NVSHMEM,C0_DEFAULT,4096,1024,4096,16,7,4194304,15,0,4079.776,4083.680,4577.280,499.680,PASS,0
wm_S5_d1_q16m2_rep3,4,D1_PUSHSIG_OVERLAP,NVSHMEM,C0_DEFAULT,4096,1024,4096,16,8,4194304,15,0,4618.688,4626.048,5124.672,500.640,PASS,0
wm_S5_d1_q16m2_rep3,4,D1_PUSHSIG_OVERLAP,NVSHMEM,C0_DEFAULT,4096,1024,4096,16,9,4194304,15,0,5168.128,5172.960,5671.264,498.304,PASS,0
wm_S5_d1_q16m2_rep3,4,D1_PUSHSIG_OVERLAP,NVSHMEM,C0_DEFAULT,4096,1024,4096,16,10,4194304,15,0,5708.704,5712.128,6209.536,497.408,PASS,0
wm_S5_d1_q16m2_rep3,4,D1_PUSHSIG_OVERLAP,NVSHMEM,C0_DEFAULT,4096,1024,4096,16,11,4194304,15,0,6248.000,6254.624,6751.552,497.888,PASS,0
wm_S5_d1_q16m2_rep3,4,D1_PUSHSIG_OVERLAP,NVSHMEM,C0_DEFAULT,4096,1024,4096,16,12,4194304,15,0,6797.376,6800.928,7297.696,496.768,PASS,0
wm_S5_d1_q16m2_rep3,4,D1_PUSHSIG_OVERLAP,NVSHMEM,C0_DEFAULT,4096,1024,4096,16,13,4194304,15,0,7336.832,7342.432,7841.024,498.592,PASS,0
wm_S5_d1_q16m2_rep3,4,D1_PUSHSIG_OVERLAP,NVSHMEM,C0_DEFAULT,4096,1024,4096,16,14,4194304,15,0,7876.576,7880.096,8372.608,492.512,PASS,0
wm_S5_d1_q16m2_rep3,4,D1_PUSHSIG_OVERLAP,NVSHMEM,C0_DEFAULT,4096,1024,4096,16,15,4194304,15,0,8397.855,8401.408,8892.832,491.424,PASS,0
wm_S5_d1_q16m2_rep3,4,D1_PUSHSIG_OVERLAP,NVSHMEM,C0_DEFAULT,4096,1024,4096,16,0,4194304,16,0,239.296,242.784,739.712,497.088,PASS,0
wm_S5_d1_q16m2_rep3,4,D1_PUSHSIG_OVERLAP,NVSHMEM,C0_DEFAULT,4096,1024,4096,16,1,4194304,16,0,802.880,806.816,1299.296,502.976,PASS,0
wm_S5_d1_q16m2_rep3,4,D1_PUSHSIG_OVERLAP,NVSHMEM,C0_DEFAULT,4096,1024,4096,16,2,4194304,16,0,1347.712,1352.000,1848.448,498.560,PASS,0
wm_S5_d1_q16m2_rep3,4,D1_PUSHSIG_OVERLAP,NVSHMEM,C0_DEFAULT,4096,1024,4096,16,3,4194304,16,0,1928.928,1938.144,2431.072,504.064,PASS,0
wm_S5_d1_q16m2_rep3,4,D1_PUSHSIG_OVERLAP,NVSHMEM,C0_DEFAULT,4096,1024,4096,16,4,4194304,16,0,2474.592,2478.144,2970.560,498.080,PASS,0
wm_S5_d1_q16m2_rep3,4,D1_PUSHSIG_OVERLAP,NVSHMEM,C0_DEFAULT,4096,1024,4096,16,5,4194304,16,0,3009.664,3014.272,3509.728,496.448,PASS,0
wm_S5_d1_q16m2_rep3,4,D1_PUSHSIG_OVERLAP,NVSHMEM,C0_DEFAULT,4096,1024,4096,16,6,4194304,16,0,3580.544,3584.064,4078.272,494.208,PASS,0
wm_S5_d1_q16m2_rep3,4,D1_PUSHSIG_OVERLAP,NVSHMEM,C0_DEFAULT,4096,1024,4096,16,7,4194304,16,0,4118.432,4121.952,4613.600,493.984,PASS,0
wm_S5_d1_q16m2_rep3,4,D1_PUSHSIG_OVERLAP,NVSHMEM,C0_DEFAULT,4096,1024,4096,16,8,4194304,16,0,4654.688,4659.680,5152.992,495.936,PASS,0
wm_S5_d1_q16m2_rep3,4,D1_PUSHSIG_OVERLAP,NVSHMEM,C0_DEFAULT,4096,1024,4096,16,9,4194304,16,0,5197.472,5201.088,5695.424,494.336,PASS,0
wm_S5_d1_q16m2_rep3,4,D1_PUSHSIG_OVERLAP,NVSHMEM,C0_DEFAULT,4096,1024,4096,16,10,4194304,16,0,5739.232,5742.784,6234.368,495.648,PASS,0
wm_S5_d1_q16m2_rep3,4,D1_PUSHSIG_OVERLAP,NVSHMEM,C0_DEFAULT,4096,1024,4096,16,11,4194304,16,0,6279.104,6282.592,6779.808,504.224,PASS,0
wm_S5_d1_q16m2_rep3,4,D1_PUSHSIG_OVERLAP,NVSHMEM,C0_DEFAULT,4096,1024,4096,16,12,4194304,16,0,6845.248,6855.680,7350.368,507.424,PASS,0
wm_S5_d1_q16m2_rep3,4,D1_PUSHSIG_OVERLAP,NVSHMEM,C0_DEFAULT,4096,1024,4096,16,13,4194304,16,0,7434.752,7438.240,7928.672,494.016,PASS,0
wm_S5_d1_q16m2_rep3,4,D1_PUSHSIG_OVERLAP,NVSHMEM,C0_DEFAULT,4096,1024,4096,16,14,4194304,16,0,7965.600,7968.992,8456.447,490.592,PASS,0
wm_S5_d1_q16m2_rep3,4,D1_PUSHSIG_OVERLAP,NVSHMEM,C0_DEFAULT,4096,1024,4096,16,15,4194304,16,0,8481.760,8485.280,8972.097,487.072,PASS,0
wm_S5_d1_q16m2_rep3,4,D1_PUSHSIG_OVERLAP,NVSHMEM,C0_DEFAULT,4096,1024,4096,16,0,4194304,17,0,254.176,257.600,754.432,496.832,PASS,0
wm_S5_d1_q16m2_rep3,4,D1_PUSHSIG_OVERLAP,NVSHMEM,C0_DEFAULT,4096,1024,4096,16,1,4194304,17,0,795.360,798.912,1292.192,496.512,PASS,0
wm_S5_d1_q16m2_rep3,4,D1_PUSHSIG_OVERLAP,NVSHMEM,C0_DEFAULT,4096,1024,4096,16,2,4194304,17,0,1332.256,1335.776,1827.488,493.888,PASS,0
wm_S5_d1_q16m2_rep3,4,D1_PUSHSIG_OVERLAP,NVSHMEM,C0_DEFAULT,4096,1024,4096,16,3,4194304,17,0,1868.192,1872.000,2365.120,495.328,PASS,0
wm_S5_d1_q16m2_rep3,4,D1_PUSHSIG_OVERLAP,NVSHMEM,C0_DEFAULT,4096,1024,4096,16,4,4194304,17,0,2403.840,2407.840,2905.856,498.016,PASS,0
wm_S5_d1_q16m2_rep3,4,D1_PUSHSIG_OVERLAP,NVSHMEM,C0_DEFAULT,4096,1024,4096,16,5,4194304,17,0,2952.032,2958.944,3451.872,501.888,PASS,0
wm_S5_d1_q16m2_rep3,4,D1_PUSHSIG_OVERLAP,NVSHMEM,C0_DEFAULT,4096,1024,4096,16,6,4194304,17,0,3496.928,3500.800,3995.424,499.168,PASS,0
wm_S5_d1_q16m2_rep3,4,D1_PUSHSIG_OVERLAP,NVSHMEM,C0_DEFAULT,4096,1024,4096,16,7,4194304,17,0,4042.144,4049.376,4546.048,496.768,PASS,0
wm_S5_d1_q16m2_rep3,4,D1_PUSHSIG_OVERLAP,NVSHMEM,C0_DEFAULT,4096,1024,4096,16,8,4194304,17,0,4592.416,4595.968,5090.688,494.720,PASS,0
wm_S5_d1_q16m2_rep3,4,D1_PUSHSIG_OVERLAP,NVSHMEM,C0_DEFAULT,4096,1024,4096,16,9,4194304,17,0,5137.664,5144.096,5642.848,498.752,PASS,0
wm_S5_d1_q16m2_rep3,4,D1_PUSHSIG_OVERLAP,NVSHMEM,C0_DEFAULT,4096,1024,4096,16,10,4194304,17,0,5690.144,5697.088,6192.032,496.064,PASS,0
wm_S5_d1_q16m2_rep3,4,D1_PUSHSIG_OVERLAP,NVSHMEM,C0_DEFAULT,4096,1024,4096,16,11,4194304,17,0,6236.704,6242.400,6734.912,507.840,PASS,0
wm_S5_d1_q16m2_rep3,4,D1_PUSHSIG_OVERLAP,NVSHMEM,C0_DEFAULT,4096,1024,4096,16,12,4194304,17,0,6772.800,6776.320,7267.872,495.552,PASS,0
wm_S5_d1_q16m2_rep3,4,D1_PUSHSIG_OVERLAP,NVSHMEM,C0_DEFAULT,4096,1024,4096,16,13,4194304,17,0,7307.584,7311.136,7802.528,491.392,PASS,0
wm_S5_d1_q16m2_rep3,4,D1_PUSHSIG_OVERLAP,NVSHMEM,C0_DEFAULT,4096,1024,4096,16,14,4194304,17,0,7828.320,7831.840,8318.560,494.112,PASS,0
wm_S5_d1_q16m2_rep3,4,D1_PUSHSIG_OVERLAP,NVSHMEM,C0_DEFAULT,4096,1024,4096,16,15,4194304,17,0,8370.624,8374.176,8861.345,489.312,PASS,0
wm_S5_d1_q16m2_rep3,4,D1_PUSHSIG_OVERLAP,NVSHMEM,C0_DEFAULT,4096,1024,4096,16,0,4194304,18,0,262.464,265.984,762.976,496.992,PASS,0
wm_S5_d1_q16m2_rep3,4,D1_PUSHSIG_OVERLAP,NVSHMEM,C0_DEFAULT,4096,1024,4096,16,1,4194304,18,0,838.464,845.248,1341.056,500.288,PASS,0
wm_S5_d1_q16m2_rep3,4,D1_PUSHSIG_OVERLAP,NVSHMEM,C0_DEFAULT,4096,1024,4096,16,2,4194304,18,0,1379.136,1382.784,1878.176,495.392,PASS,0
wm_S5_d1_q16m2_rep3,4,D1_PUSHSIG_OVERLAP,NVSHMEM,C0_DEFAULT,4096,1024,4096,16,3,4194304,18,0,1937.728,1946.400,2449.408,504.160,PASS,0
wm_S5_d1_q16m2_rep3,4,D1_PUSHSIG_OVERLAP,NVSHMEM,C0_DEFAULT,4096,1024,4096,16,4,4194304,18,0,2491.360,2495.360,2990.816,503.328,PASS,0
wm_S5_d1_q16m2_rep3,4,D1_PUSHSIG_OVERLAP,NVSHMEM,C0_DEFAULT,4096,1024,4096,16,5,4194304,18,0,3075.648,3080.096,3576.704,506.688,PASS,0
wm_S5_d1_q16m2_rep3,4,D1_PUSHSIG_OVERLAP,NVSHMEM,C0_DEFAULT,4096,1024,4096,16,6,4194304,18,0,3622.592,3626.208,4121.248,502.208,PASS,0
wm_S5_d1_q16m2_rep3,4,D1_PUSHSIG_OVERLAP,NVSHMEM,C0_DEFAULT,4096,1024,4096,16,7,4194304,18,0,4170.112,4173.504,4665.344,494.752,PASS,0
wm_S5_d1_q16m2_rep3,4,D1_PUSHSIG_OVERLAP,NVSHMEM,C0_DEFAULT,4096,1024,4096,16,8,4194304,18,0,4707.072,4710.912,5203.680,495.328,PASS,0
wm_S5_d1_q16m2_rep3,4,D1_PUSHSIG_OVERLAP,NVSHMEM,C0_DEFAULT,4096,1024,4096,16,9,4194304,18,0,5247.360,5252.128,5745.536,494.592,PASS,0
wm_S5_d1_q16m2_rep3,4,D1_PUSHSIG_OVERLAP,NVSHMEM,C0_DEFAULT,4096,1024,4096,16,10,4194304,18,0,5786.080,5789.504,6286.528,497.024,PASS,0
wm_S5_d1_q16m2_rep3,4,D1_PUSHSIG_OVERLAP,NVSHMEM,C0_DEFAULT,4096,1024,4096,16,11,4194304,18,0,6332.256,6338.688,6838.176,499.552,PASS,0
wm_S5_d1_q16m2_rep3,4,D1_PUSHSIG_OVERLAP,NVSHMEM,C0_DEFAULT,4096,1024,4096,16,12,4194304,18,0,6879.392,6885.632,7375.808,492.736,PASS,0
wm_S5_d1_q16m2_rep3,4,D1_PUSHSIG_OVERLAP,NVSHMEM,C0_DEFAULT,4096,1024,4096,16,13,4194304,18,0,7417.728,7424.192,7913.152,488.960,PASS,0
wm_S5_d1_q16m2_rep3,4,D1_PUSHSIG_OVERLAP,NVSHMEM,C0_DEFAULT,4096,1024,4096,16,14,4194304,18,0,7938.144,7941.664,8428.896,487.232,PASS,0
wm_S5_d1_q16m2_rep3,4,D1_PUSHSIG_OVERLAP,NVSHMEM,C0_DEFAULT,4096,1024,4096,16,15,4194304,18,0,8453.952,8457.632,8944.801,489.728,PASS,0
wm_S5_d1_q16m2_rep3,4,D1_PUSHSIG_OVERLAP,NVSHMEM,C0_DEFAULT,4096,1024,4096,16,0,4194304,19,0,244.992,251.488,751.776,501.504,PASS,0
wm_S5_d1_q16m2_rep3,4,D1_PUSHSIG_OVERLAP,NVSHMEM,C0_DEFAULT,4096,1024,4096,16,1,4194304,19,0,813.824,826.816,1326.368,509.184,PASS,0
wm_S5_d1_q16m2_rep3,4,D1_PUSHSIG_OVERLAP,NVSHMEM,C0_DEFAULT,4096,1024,4096,16,2,4194304,19,0,1368.544,1371.968,1865.632,496.288,PASS,0
wm_S5_d1_q16m2_rep3,4,D1_PUSHSIG_OVERLAP,NVSHMEM,C0_DEFAULT,4096,1024,4096,16,3,4194304,19,0,1907.200,1910.880,2407.168,500.992,PASS,0
wm_S5_d1_q16m2_rep3,4,D1_PUSHSIG_OVERLAP,NVSHMEM,C0_DEFAULT,4096,1024,4096,16,4,4194304,19,0,2456.256,2467.360,2969.408,502.048,PASS,0
wm_S5_d1_q16m2_rep3,4,D1_PUSHSIG_OVERLAP,NVSHMEM,C0_DEFAULT,4096,1024,4096,16,5,4194304,19,0,3012.896,3016.544,3510.944,497.632,PASS,0
wm_S5_d1_q16m2_rep3,4,D1_PUSHSIG_OVERLAP,NVSHMEM,C0_DEFAULT,4096,1024,4096,16,6,4194304,19,0,3550.240,3553.760,4046.080,512.992,PASS,0
wm_S5_d1_q16m2_rep3,4,D1_PUSHSIG_OVERLAP,NVSHMEM,C0_DEFAULT,4096,1024,4096,16,7,4194304,19,0,4094.368,4097.792,4589.568,500.640,PASS,0
wm_S5_d1_q16m2_rep3,4,D1_PUSHSIG_OVERLAP,NVSHMEM,C0_DEFAULT,4096,1024,4096,16,8,4194304,19,0,4628.896,4632.288,5123.072,497.600,PASS,0
wm_S5_d1_q16m2_rep3,4,D1_PUSHSIG_OVERLAP,NVSHMEM,C0_DEFAULT,4096,1024,4096,16,9,4194304,19,0,5171.840,5176.192,5674.464,498.272,PASS,0
wm_S5_d1_q16m2_rep3,4,D1_PUSHSIG_OVERLAP,NVSHMEM,C0_DEFAULT,4096,1024,4096,16,10,4194304,19,0,5721.856,5729.024,6226.560,497.536,PASS,0
wm_S5_d1_q16m2_rep3,4,D1_PUSHSIG_OVERLAP,NVSHMEM,C0_DEFAULT,4096,1024,4096,16,11,4194304,19,0,6272.288,6280.480,6777.472,504.864,PASS,0
wm_S5_d1_q16m2_rep3,4,D1_PUSHSIG_OVERLAP,NVSHMEM,C0_DEFAULT,4096,1024,4096,16,12,4194304,19,0,6818.752,6825.280,7321.280,505.152,PASS,0
wm_S5_d1_q16m2_rep3,4,D1_PUSHSIG_OVERLAP,NVSHMEM,C0_DEFAULT,4096,1024,4096,16,13,4194304,19,0,7362.848,7367.744,7859.872,496.000,PASS,0
wm_S5_d1_q16m2_rep3,4,D1_PUSHSIG_OVERLAP,NVSHMEM,C0_DEFAULT,4096,1024,4096,16,14,4194304,19,0,7900.928,7907.200,8395.615,491.552,PASS,0
wm_S5_d1_q16m2_rep3,4,D1_PUSHSIG_OVERLAP,NVSHMEM,C0_DEFAULT,4096,1024,4096,16,15,4194304,19,0,8421.472,8425.312,8912.000,491.200,PASS,0
wm_S5_d1_q16m2_rep3,4,D1_PUSHSIG_OVERLAP,NVSHMEM,C0_DEFAULT,4096,1024,4096,16,0,4194304,20,0,232.192,237.184,733.248,501.312,PASS,0
wm_S5_d1_q16m2_rep3,4,D1_PUSHSIG_OVERLAP,NVSHMEM,C0_DEFAULT,4096,1024,4096,16,1,4194304,20,0,779.264,794.144,1300.416,506.272,PASS,0
wm_S5_d1_q16m2_rep3,4,D1_PUSHSIG_OVERLAP,NVSHMEM,C0_DEFAULT,4096,1024,4096,16,2,4194304,20,0,1342.496,1348.864,1843.936,500.096,PASS,0
wm_S5_d1_q16m2_rep3,4,D1_PUSHSIG_OVERLAP,NVSHMEM,C0_DEFAULT,4096,1024,4096,16,3,4194304,20,0,1886.912,1890.528,2383.200,497.280,PASS,0
wm_S5_d1_q16m2_rep3,4,D1_PUSHSIG_OVERLAP,NVSHMEM,C0_DEFAULT,4096,1024,4096,16,4,4194304,20,0,2424.864,2429.376,2923.296,495.584,PASS,0
wm_S5_d1_q16m2_rep3,4,D1_PUSHSIG_OVERLAP,NVSHMEM,C0_DEFAULT,4096,1024,4096,16,5,4194304,20,0,2961.824,2965.344,3457.632,499.648,PASS,0
wm_S5_d1_q16m2_rep3,4,D1_PUSHSIG_OVERLAP,NVSHMEM,C0_DEFAULT,4096,1024,4096,16,6,4194304,20,0,3517.920,3521.472,4014.464,505.216,PASS,0
wm_S5_d1_q16m2_rep3,4,D1_PUSHSIG_OVERLAP,NVSHMEM,C0_DEFAULT,4096,1024,4096,16,7,4194304,20,0,4073.728,4077.184,4570.848,497.888,PASS,0
wm_S5_d1_q16m2_rep3,4,D1_PUSHSIG_OVERLAP,NVSHMEM,C0_DEFAULT,4096,1024,4096,16,8,4194304,20,0,4617.280,4620.736,5110.784,512.576,PASS,0
wm_S5_d1_q16m2_rep3,4,D1_PUSHSIG_OVERLAP,NVSHMEM,C0_DEFAULT,4096,1024,4096,16,9,4194304,20,0,5215.040,5218.688,5711.904,498.112,PASS,0
wm_S5_d1_q16m2_rep3,4,D1_PUSHSIG_OVERLAP,NVSHMEM,C0_DEFAULT,4096,1024,4096,16,10,4194304,20,0,5753.248,5756.960,6248.800,495.584,PASS,0
wm_S5_d1_q16m2_rep3,4,D1_PUSHSIG_OVERLAP,NVSHMEM,C0_DEFAULT,4096,1024,4096,16,11,4194304,20,0,6296.960,6300.640,6795.392,503.680,PASS,0
wm_S5_d1_q16m2_rep3,4,D1_PUSHSIG_OVERLAP,NVSHMEM,C0_DEFAULT,4096,1024,4096,16,12,4194304,20,0,6836.672,6840.192,7327.712,498.720,PASS,0
wm_S5_d1_q16m2_rep3,4,D1_PUSHSIG_OVERLAP,NVSHMEM,C0_DEFAULT,4096,1024,4096,16,13,4194304,20,0,7394.016,7397.504,7884.384,498.720,PASS,0
wm_S5_d1_q16m2_rep3,4,D1_PUSHSIG_OVERLAP,NVSHMEM,C0_DEFAULT,4096,1024,4096,16,14,4194304,20,0,7914.784,7918.560,8405.984,491.264,PASS,0
wm_S5_d1_q16m2_rep3,4,D1_PUSHSIG_OVERLAP,NVSHMEM,C0_DEFAULT,4096,1024,4096,16,15,4194304,20,0,8453.057,8456.576,8943.264,491.552,PASS,0
wm_S5_d1_q16m2_rep3,4,D1_PUSHSIG_OVERLAP,NVSHMEM,C0_DEFAULT,4096,1024,4096,16,0,4194304,21,0,246.656,250.272,747.360,497.088,PASS,0
wm_S5_d1_q16m2_rep3,4,D1_PUSHSIG_OVERLAP,NVSHMEM,C0_DEFAULT,4096,1024,4096,16,1,4194304,21,0,788.928,793.312,1289.504,499.648,PASS,0
wm_S5_d1_q16m2_rep3,4,D1_PUSHSIG_OVERLAP,NVSHMEM,C0_DEFAULT,4096,1024,4096,16,2,4194304,21,0,1345.728,1363.232,1866.816,503.584,PASS,0
wm_S5_d1_q16m2_rep3,4,D1_PUSHSIG_OVERLAP,NVSHMEM,C0_DEFAULT,4096,1024,4096,16,3,4194304,21,0,1908.384,1911.808,2402.720,495.808,PASS,0
wm_S5_d1_q16m2_rep3,4,D1_PUSHSIG_OVERLAP,NVSHMEM,C0_DEFAULT,4096,1024,4096,16,4,4194304,21,0,2444.832,2448.768,2944.608,500.032,PASS,0
wm_S5_d1_q16m2_rep3,4,D1_PUSHSIG_OVERLAP,NVSHMEM,C0_DEFAULT,4096,1024,4096,16,5,4194304,21,0,2987.904,2991.456,3486.240,499.392,PASS,0
wm_S5_d1_q16m2_rep3,4,D1_PUSHSIG_OVERLAP,NVSHMEM,C0_DEFAULT,4096,1024,4096,16,6,4194304,21,0,3524.896,3528.384,4021.664,502.400,PASS,0
wm_S5_d1_q16m2_rep3,4,D1_PUSHSIG_OVERLAP,NVSHMEM,C0_DEFAULT,4096,1024,4096,16,7,4194304,21,0,4077.408,4080.896,4574.560,498.368,PASS,0
wm_S5_d1_q16m2_rep3,4,D1_PUSHSIG_OVERLAP,NVSHMEM,C0_DEFAULT,4096,1024,4096,16,8,4194304,21,0,4652.416,4656.832,5150.592,495.840,PASS,0
wm_S5_d1_q16m2_rep3,4,D1_PUSHSIG_OVERLAP,NVSHMEM,C0_DEFAULT,4096,1024,4096,16,9,4194304,21,0,5194.304,5197.984,5690.720,498.240,PASS,0
wm_S5_d1_q16m2_rep3,4,D1_PUSHSIG_OVERLAP,NVSHMEM,C0_DEFAULT,4096,1024,4096,16,10,4194304,21,0,5733.568,5737.088,6231.008,499.712,PASS,0
wm_S5_d1_q16m2_rep3,4,D1_PUSHSIG_OVERLAP,NVSHMEM,C0_DEFAULT,4096,1024,4096,16,11,4194304,21,0,6275.616,6279.040,6770.848,495.520,PASS,0
wm_S5_d1_q16m2_rep3,4,D1_PUSHSIG_OVERLAP,NVSHMEM,C0_DEFAULT,4096,1024,4096,16,12,4194304,21,0,6808.288,6812.480,7308.096,497.376,PASS,0
wm_S5_d1_q16m2_rep3,4,D1_PUSHSIG_OVERLAP,NVSHMEM,C0_DEFAULT,4096,1024,4096,16,13,4194304,21,0,7351.040,7354.752,7847.040,496.160,PASS,0
wm_S5_d1_q16m2_rep3,4,D1_PUSHSIG_OVERLAP,NVSHMEM,C0_DEFAULT,4096,1024,4096,16,14,4194304,21,0,7886.080,7889.536,8377.056,490.208,PASS,0
wm_S5_d1_q16m2_rep3,4,D1_PUSHSIG_OVERLAP,NVSHMEM,C0_DEFAULT,4096,1024,4096,16,15,4194304,21,0,8419.680,8423.487,8910.432,487.136,PASS,0
wm_S5_d1_q16m2_rep3,4,D1_PUSHSIG_OVERLAP,NVSHMEM,C0_DEFAULT,4096,1024,4096,16,0,4194304,22,0,271.168,275.584,775.616,502.528,PASS,0
wm_S5_d1_q16m2_rep3,4,D1_PUSHSIG_OVERLAP,NVSHMEM,C0_DEFAULT,4096,1024,4096,16,1,4194304,22,0,824.416,839.584,1331.072,500.576,PASS,0
wm_S5_d1_q16m2_rep3,4,D1_PUSHSIG_OVERLAP,NVSHMEM,C0_DEFAULT,4096,1024,4096,16,2,4194304,22,0,1370.144,1373.984,1868.992,495.008,PASS,0
wm_S5_d1_q16m2_rep3,4,D1_PUSHSIG_OVERLAP,NVSHMEM,C0_DEFAULT,4096,1024,4096,16,3,4194304,22,0,1905.920,1910.400,2404.640,494.240,PASS,0
wm_S5_d1_q16m2_rep3,4,D1_PUSHSIG_OVERLAP,NVSHMEM,C0_DEFAULT,4096,1024,4096,16,4,4194304,22,0,2443.904,2447.584,2940.640,498.528,PASS,0
wm_S5_d1_q16m2_rep3,4,D1_PUSHSIG_OVERLAP,NVSHMEM,C0_DEFAULT,4096,1024,4096,16,5,4194304,22,0,2995.680,2999.488,3496.544,499.296,PASS,0
wm_S5_d1_q16m2_rep3,4,D1_PUSHSIG_OVERLAP,NVSHMEM,C0_DEFAULT,4096,1024,4096,16,6,4194304,22,0,3545.888,3549.536,4042.784,500.448,PASS,0
wm_S5_d1_q16m2_rep3,4,D1_PUSHSIG_OVERLAP,NVSHMEM,C0_DEFAULT,4096,1024,4096,16,7,4194304,22,0,4085.600,4089.216,4582.560,493.344,PASS,0
wm_S5_d1_q16m2_rep3,4,D1_PUSHSIG_OVERLAP,NVSHMEM,C0_DEFAULT,4096,1024,4096,16,8,4194304,22,0,4632.576,4636.704,5131.520,496.128,PASS,0
wm_S5_d1_q16m2_rep3,4,D1_PUSHSIG_OVERLAP,NVSHMEM,C0_DEFAULT,4096,1024,4096,16,9,4194304,22,0,5185.248,5189.088,5684.416,495.424,PASS,0
wm_S5_d1_q16m2_rep3,4,D1_PUSHSIG_OVERLAP,NVSHMEM,C0_DEFAULT,4096,1024,4096,16,10,4194304,22,0,5735.456,5738.816,6231.584,496.384,PASS,0
wm_S5_d1_q16m2_rep3,4,D1_PUSHSIG_OVERLAP,NVSHMEM,C0_DEFAULT,4096,1024,4096,16,11,4194304,22,0,6274.784,6278.528,6772.416,496.960,PASS,0
wm_S5_d1_q16m2_rep3,4,D1_PUSHSIG_OVERLAP,NVSHMEM,C0_DEFAULT,4096,1024,4096,16,12,4194304,22,0,6812.960,6816.448,7311.712,497.952,PASS,0
wm_S5_d1_q16m2_rep3,4,D1_PUSHSIG_OVERLAP,NVSHMEM,C0_DEFAULT,4096,1024,4096,16,13,4194304,22,0,7358.080,7361.696,7856.768,498.688,PASS,0
wm_S5_d1_q16m2_rep3,4,D1_PUSHSIG_OVERLAP,NVSHMEM,C0_DEFAULT,4096,1024,4096,16,14,4194304,22,0,7906.112,7912.160,8401.984,490.048,PASS,0
wm_S5_d1_q16m2_rep3,4,D1_PUSHSIG_OVERLAP,NVSHMEM,C0_DEFAULT,4096,1024,4096,16,15,4194304,22,0,8427.392,8430.912,8918.527,487.616,PASS,0
wm_S5_d1_q16m2_rep3,4,D1_PUSHSIG_OVERLAP,NVSHMEM,C0_DEFAULT,4096,1024,4096,16,0,4194304,23,0,248.352,251.968,748.160,496.192,PASS,0
wm_S5_d1_q16m2_rep3,4,D1_PUSHSIG_OVERLAP,NVSHMEM,C0_DEFAULT,4096,1024,4096,16,1,4194304,23,0,791.200,794.944,1288.448,502.848,PASS,0
wm_S5_d1_q16m2_rep3,4,D1_PUSHSIG_OVERLAP,NVSHMEM,C0_DEFAULT,4096,1024,4096,16,2,4194304,23,0,1332.224,1335.680,1828.160,495.360,PASS,0
wm_S5_d1_q16m2_rep3,4,D1_PUSHSIG_OVERLAP,NVSHMEM,C0_DEFAULT,4096,1024,4096,16,3,4194304,23,0,1871.072,1878.304,2375.040,496.736,PASS,0
wm_S5_d1_q16m2_rep3,4,D1_PUSHSIG_OVERLAP,NVSHMEM,C0_DEFAULT,4096,1024,4096,16,4,4194304,23,0,2420.736,2426.944,2921.664,500.800,PASS,0
wm_S5_d1_q16m2_rep3,4,D1_PUSHSIG_OVERLAP,NVSHMEM,C0_DEFAULT,4096,1024,4096,16,5,4194304,23,0,2963.456,2967.360,3462.432,495.072,PASS,0
wm_S5_d1_q16m2_rep3,4,D1_PUSHSIG_OVERLAP,NVSHMEM,C0_DEFAULT,4096,1024,4096,16,6,4194304,23,0,3500.064,3503.520,3997.664,506.400,PASS,0
wm_S5_d1_q16m2_rep3,4,D1_PUSHSIG_OVERLAP,NVSHMEM,C0_DEFAULT,4096,1024,4096,16,7,4194304,23,0,4046.944,4053.600,4548.800,495.968,PASS,0
wm_S5_d1_q16m2_rep3,4,D1_PUSHSIG_OVERLAP,NVSHMEM,C0_DEFAULT,4096,1024,4096,16,8,4194304,23,0,4591.264,4594.880,5086.464,502.784,PASS,0
wm_S5_d1_q16m2_rep3,4,D1_PUSHSIG_OVERLAP,NVSHMEM,C0_DEFAULT,4096,1024,4096,16,9,4194304,23,0,5133.888,5139.072,5635.488,498.976,PASS,0
wm_S5_d1_q16m2_rep3,4,D1_PUSHSIG_OVERLAP,NVSHMEM,C0_DEFAULT,4096,1024,4096,16,10,4194304,23,0,5682.112,5688.672,6184.416,496.224,PASS,0
wm_S5_d1_q16m2_rep3,4,D1_PUSHSIG_OVERLAP,NVSHMEM,C0_DEFAULT,4096,1024,4096,16,11,4194304,23,0,6228.192,6233.696,6725.888,496.096,PASS,0
wm_S5_d1_q16m2_rep3,4,D1_PUSHSIG_OVERLAP,NVSHMEM,C0_DEFAULT,4096,1024,4096,16,12,4194304,23,0,6768.064,6774.944,7265.792,503.680,PASS,0
wm_S5_d1_q16m2_rep3,4,D1_PUSHSIG_OVERLAP,NVSHMEM,C0_DEFAULT,4096,1024,4096,16,13,4194304,23,0,7308.480,7312.000,7797.920,486.144,PASS,0
wm_S5_d1_q16m2_rep3,4,D1_PUSHSIG_OVERLAP,NVSHMEM,C0_DEFAULT,4096,1024,4096,16,14,4194304,23,0,7822.592,7826.112,8313.504,487.392,PASS,0
wm_S5_d1_q16m2_rep3,4,D1_PUSHSIG_OVERLAP,NVSHMEM,C0_DEFAULT,4096,1024,4096,16,15,4194304,23,0,8339.264,8342.753,8829.344,486.912,PASS,0
wm_S5_d1_q16m2_rep3,4,D1_PUSHSIG_OVERLAP,NVSHMEM,C0_DEFAULT,4096,1024,4096,16,0,4194304,24,0,242.368,245.952,740.192,497.472,PASS,0
wm_S5_d1_q16m2_rep3,4,D1_PUSHSIG_OVERLAP,NVSHMEM,C0_DEFAULT,4096,1024,4096,16,1,4194304,24,0,809.728,813.376,1308.992,501.952,PASS,0
wm_S5_d1_q16m2_rep3,4,D1_PUSHSIG_OVERLAP,NVSHMEM,C0_DEFAULT,4096,1024,4096,16,2,4194304,24,0,1357.568,1361.088,1855.136,499.232,PASS,0
wm_S5_d1_q16m2_rep3,4,D1_PUSHSIG_OVERLAP,NVSHMEM,C0_DEFAULT,4096,1024,4096,16,3,4194304,24,0,1892.800,1897.856,2394.816,496.960,PASS,0
wm_S5_d1_q16m2_rep3,4,D1_PUSHSIG_OVERLAP,NVSHMEM,C0_DEFAULT,4096,1024,4096,16,4,4194304,24,0,2447.328,2457.312,2956.768,499.456,PASS,0
wm_S5_d1_q16m2_rep3,4,D1_PUSHSIG_OVERLAP,NVSHMEM,C0_DEFAULT,4096,1024,4096,16,5,4194304,24,0,2996.256,2999.840,3493.760,500.704,PASS,0
wm_S5_d1_q16m2_rep3,4,D1_PUSHSIG_OVERLAP,NVSHMEM,C0_DEFAULT,4096,1024,4096,16,6,4194304,24,0,3535.776,3539.264,4033.984,499.008,PASS,0
wm_S5_d1_q16m2_rep3,4,D1_PUSHSIG_OVERLAP,NVSHMEM,C0_DEFAULT,4096,1024,4096,16,7,4194304,24,0,4075.968,4079.424,4573.088,497.664,PASS,0
wm_S5_d1_q16m2_rep3,4,D1_PUSHSIG_OVERLAP,NVSHMEM,C0_DEFAULT,4096,1024,4096,16,8,4194304,24,0,4615.392,4620.736,5115.744,495.360,PASS,0
wm_S5_d1_q16m2_rep3,4,D1_PUSHSIG_OVERLAP,NVSHMEM,C0_DEFAULT,4096,1024,4096,16,9,4194304,24,0,5156.672,5163.232,5659.968,497.088,PASS,0
wm_S5_d1_q16m2_rep3,4,D1_PUSHSIG_OVERLAP,NVSHMEM,C0_DEFAULT,4096,1024,4096,16,10,4194304,24,0,5703.360,5710.784,6204.768,494.176,PASS,0
wm_S5_d1_q16m2_rep3,4,D1_PUSHSIG_OVERLAP,NVSHMEM,C0_DEFAULT,4096,1024,4096,16,11,4194304,24,0,6247.776,6251.328,6744.896,496.000,PASS,0
wm_S5_d1_q16m2_rep3,4,D1_PUSHSIG_OVERLAP,NVSHMEM,C0_DEFAULT,4096,1024,4096,16,12,4194304,24,0,6784.384,6791.072,7287.360,496.288,PASS,0
wm_S5_d1_q16m2_rep3,4,D1_PUSHSIG_OVERLAP,NVSHMEM,C0_DEFAULT,4096,1024,4096,16,13,4194304,24,0,7326.720,7330.688,7822.048,491.360,PASS,0
wm_S5_d1_q16m2_rep3,4,D1_PUSHSIG_OVERLAP,NVSHMEM,C0_DEFAULT,4096,1024,4096,16,14,4194304,24,0,7858.720,7864.448,8351.616,487.840,PASS,0
wm_S5_d1_q16m2_rep3,4,D1_PUSHSIG_OVERLAP,NVSHMEM,C0_DEFAULT,4096,1024,4096,16,15,4194304,24,0,8376.704,8380.191,8866.720,487.552,PASS,0
wm_S5_d1_q16m2_rep3,4,D1_PUSHSIG_OVERLAP,NVSHMEM,C0_DEFAULT,4096,1024,4096,16,0,4194304,25,0,254.176,257.984,751.936,496.064,PASS,0
wm_S5_d1_q16m2_rep3,4,D1_PUSHSIG_OVERLAP,NVSHMEM,C0_DEFAULT,4096,1024,4096,16,1,4194304,25,0,796.320,799.840,1292.768,497.536,PASS,0
wm_S5_d1_q16m2_rep3,4,D1_PUSHSIG_OVERLAP,NVSHMEM,C0_DEFAULT,4096,1024,4096,16,2,4194304,25,0,1374.944,1378.528,1871.008,499.936,PASS,0
wm_S5_d1_q16m2_rep3,4,D1_PUSHSIG_OVERLAP,NVSHMEM,C0_DEFAULT,4096,1024,4096,16,3,4194304,25,0,1909.184,1912.672,2408.000,495.328,PASS,0
wm_S5_d1_q16m2_rep3,4,D1_PUSHSIG_OVERLAP,NVSHMEM,C0_DEFAULT,4096,1024,4096,16,4,4194304,25,0,2449.120,2452.704,2947.520,494.816,PASS,0
wm_S5_d1_q16m2_rep3,4,D1_PUSHSIG_OVERLAP,NVSHMEM,C0_DEFAULT,4096,1024,4096,16,5,4194304,25,0,2989.952,2993.632,3488.192,497.056,PASS,0
wm_S5_d1_q16m2_rep3,4,D1_PUSHSIG_OVERLAP,NVSHMEM,C0_DEFAULT,4096,1024,4096,16,6,4194304,25,0,3528.768,3532.352,4022.432,498.752,PASS,0
wm_S5_d1_q16m2_rep3,4,D1_PUSHSIG_OVERLAP,NVSHMEM,C0_DEFAULT,4096,1024,4096,16,7,4194304,25,0,4061.696,4065.120,4559.520,497.728,PASS,0
wm_S5_d1_q16m2_rep3,4,D1_PUSHSIG_OVERLAP,NVSHMEM,C0_DEFAULT,4096,1024,4096,16,8,4194304,25,0,4620.672,4629.024,5125.408,498.688,PASS,0
wm_S5_d1_q16m2_rep3,4,D1_PUSHSIG_OVERLAP,NVSHMEM,C0_DEFAULT,4096,1024,4096,16,9,4194304,25,0,5171.520,5177.952,5675.296,500.864,PASS,0
wm_S5_d1_q16m2_rep3,4,D1_PUSHSIG_OVERLAP,NVSHMEM,C0_DEFAULT,4096,1024,4096,16,10,4194304,25,0,5723.808,5730.624,6225.344,497.600,PASS,0
wm_S5_d1_q16m2_rep3,4,D1_PUSHSIG_OVERLAP,NVSHMEM,C0_DEFAULT,4096,1024,4096,16,11,4194304,25,0,6270.336,6273.984,6768.128,495.264,PASS,0
wm_S5_d1_q16m2_rep3,4,D1_PUSHSIG_OVERLAP,NVSHMEM,C0_DEFAULT,4096,1024,4096,16,12,4194304,25,0,6809.632,6816.096,7312.352,496.256,PASS,0
wm_S5_d1_q16m2_rep3,4,D1_PUSHSIG_OVERLAP,NVSHMEM,C0_DEFAULT,4096,1024,4096,16,13,4194304,25,0,7357.120,7364.064,7855.360,496.128,PASS,0
wm_S5_d1_q16m2_rep3,4,D1_PUSHSIG_OVERLAP,NVSHMEM,C0_DEFAULT,4096,1024,4096,16,14,4194304,25,0,7902.688,7906.208,8393.983,491.200,PASS,0
wm_S5_d1_q16m2_rep3,4,D1_PUSHSIG_OVERLAP,NVSHMEM,C0_DEFAULT,4096,1024,4096,16,15,4194304,25,0,8420.031,8423.552,8910.400,487.424,PASS,0
wm_S5_d1_q16m2_rep3,4,D1_PUSHSIG_OVERLAP,NVSHMEM,C0_DEFAULT,4096,1024,4096,16,0,4194304,26,0,268.512,272.960,769.216,498.080,PASS,0
wm_S5_d1_q16m2_rep3,4,D1_PUSHSIG_OVERLAP,NVSHMEM,C0_DEFAULT,4096,1024,4096,16,1,4194304,26,0,809.280,813.152,1305.536,496.256,PASS,0
wm_S5_d1_q16m2_rep3,4,D1_PUSHSIG_OVERLAP,NVSHMEM,C0_DEFAULT,4096,1024,4096,16,2,4194304,26,0,1346.688,1350.368,1845.312,496.320,PASS,0
wm_S5_d1_q16m2_rep3,4,D1_PUSHSIG_OVERLAP,NVSHMEM,C0_DEFAULT,4096,1024,4096,16,3,4194304,26,0,1898.208,1901.824,2398.464,497.440,PASS,0
wm_S5_d1_q16m2_rep3,4,D1_PUSHSIG_OVERLAP,NVSHMEM,C0_DEFAULT,4096,1024,4096,16,4,4194304,26,0,2461.504,2468.480,2964.352,502.656,PASS,0
wm_S5_d1_q16m2_rep3,4,D1_PUSHSIG_OVERLAP,NVSHMEM,C0_DEFAULT,4096,1024,4096,16,5,4194304,26,0,3006.432,3010.528,3502.432,497.088,PASS,0
wm_S5_d1_q16m2_rep3,4,D1_PUSHSIG_OVERLAP,NVSHMEM,C0_DEFAULT,4096,1024,4096,16,6,4194304,26,0,3545.088,3548.576,4045.344,500.640,PASS,0
wm_S5_d1_q16m2_rep3,4,D1_PUSHSIG_OVERLAP,NVSHMEM,C0_DEFAULT,4096,1024,4096,16,7,4194304,26,0,4109.536,4121.280,4627.136,505.856,PASS,0
wm_S5_d1_q16m2_rep3,4,D1_PUSHSIG_OVERLAP,NVSHMEM,C0_DEFAULT,4096,1024,4096,16,8,4194304,26,0,4669.056,4676.416,5167.392,504.640,PASS,0
wm_S5_d1_q16m2_rep3,4,D1_PUSHSIG_OVERLAP,NVSHMEM,C0_DEFAULT,4096,1024,4096,16,9,4194304,26,0,5265.728,5269.184,5764.512,505.888,PASS,0
wm_S5_d1_q16m2_rep3,4,D1_PUSHSIG_OVERLAP,NVSHMEM,C0_DEFAULT,4096,1024,4096,16,10,4194304,26,0,5802.784,5806.240,6300.992,495.008,PASS,0
wm_S5_d1_q16m2_rep3,4,D1_PUSHSIG_OVERLAP,NVSHMEM,C0_DEFAULT,4096,1024,4096,16,11,4194304,26,0,6343.552,6347.072,6840.608,495.616,PASS,0
wm_S5_d1_q16m2_rep3,4,D1_PUSHSIG_OVERLAP,NVSHMEM,C0_DEFAULT,4096,1024,4096,16,12,4194304,26,0,6884.608,6888.160,7379.648,491.488,PASS,0
wm_S5_d1_q16m2_rep3,4,D1_PUSHSIG_OVERLAP,NVSHMEM,C0_DEFAULT,4096,1024,4096,16,13,4194304,26,0,7421.280,7424.928,7912.736,490.592,PASS,0
wm_S5_d1_q16m2_rep3,4,D1_PUSHSIG_OVERLAP,NVSHMEM,C0_DEFAULT,4096,1024,4096,16,14,4194304,26,0,7945.120,7948.672,8440.256,491.584,PASS,0
wm_S5_d1_q16m2_rep3,4,D1_PUSHSIG_OVERLAP,NVSHMEM,C0_DEFAULT,4096,1024,4096,16,15,4194304,26,0,8481.536,8485.088,8971.840,487.328,PASS,0
wm_S5_d1_q16m2_rep3,4,D1_PUSHSIG_OVERLAP,NVSHMEM,C0_DEFAULT,4096,1024,4096,16,0,4194304,27,0,252.384,256.064,751.424,496.608,PASS,0
wm_S5_d1_q16m2_rep3,4,D1_PUSHSIG_OVERLAP,NVSHMEM,C0_DEFAULT,4096,1024,4096,16,1,4194304,27,0,801.952,805.440,1301.088,498.112,PASS,0
wm_S5_d1_q16m2_rep3,4,D1_PUSHSIG_OVERLAP,NVSHMEM,C0_DEFAULT,4096,1024,4096,16,2,4194304,27,0,1359.584,1363.168,1857.376,499.456,PASS,0
wm_S5_d1_q16m2_rep3,4,D1_PUSHSIG_OVERLAP,NVSHMEM,C0_DEFAULT,4096,1024,4096,16,3,4194304,27,0,1902.688,1906.464,2399.488,496.064,PASS,0
wm_S5_d1_q16m2_rep3,4,D1_PUSHSIG_OVERLAP,NVSHMEM,C0_DEFAULT,4096,1024,4096,16,4,4194304,27,0,2440.032,2443.520,2939.264,497.888,PASS,0
wm_S5_d1_q16m2_rep3,4,D1_PUSHSIG_OVERLAP,NVSHMEM,C0_DEFAULT,4096,1024,4096,16,5,4194304,27,0,2990.464,2995.168,3489.568,494.400,PASS,0
wm_S5_d1_q16m2_rep3,4,D1_PUSHSIG_OVERLAP,NVSHMEM,C0_DEFAULT,4096,1024,4096,16,6,4194304,27,0,3544.736,3548.320,4045.152,501.056,PASS,0
wm_S5_d1_q16m2_rep3,4,D1_PUSHSIG_OVERLAP,NVSHMEM,C0_DEFAULT,4096,1024,4096,16,7,4194304,27,0,4120.800,4124.288,4617.856,507.744,PASS,0
wm_S5_d1_q16m2_rep3,4,D1_PUSHSIG_OVERLAP,NVSHMEM,C0_DEFAULT,4096,1024,4096,16,8,4194304,27,0,4659.584,4663.136,5156.544,496.352,PASS,0
wm_S5_d1_q16m2_rep3,4,D1_PUSHSIG_OVERLAP,NVSHMEM,C0_DEFAULT,4096,1024,4096,16,9,4194304,27,0,5201.056,5207.648,5701.984,494.336,PASS,0
wm_S5_d1_q16m2_rep3,4,D1_PUSHSIG_OVERLAP,NVSHMEM,C0_DEFAULT,4096,1024,4096,16,10,4194304,27,0,5743.872,5747.360,6241.408,494.112,PASS,0
wm_S5_d1_q16m2_rep3,4,D1_PUSHSIG_OVERLAP,NVSHMEM,C0_DEFAULT,4096,1024,4096,16,11,4194304,27,0,6281.504,6285.056,6777.760,496.928,PASS,0
wm_S5_d1_q16m2_rep3,4,D1_PUSHSIG_OVERLAP,NVSHMEM,C0_DEFAULT,4096,1024,4096,16,12,4194304,27,0,6821.792,6825.728,7318.240,492.992,PASS,0
wm_S5_d1_q16m2_rep3,4,D1_PUSHSIG_OVERLAP,NVSHMEM,C0_DEFAULT,4096,1024,4096,16,13,4194304,27,0,7360.704,7364.224,7853.440,489.216,PASS,0
wm_S5_d1_q16m2_rep3,4,D1_PUSHSIG_OVERLAP,NVSHMEM,C0_DEFAULT,4096,1024,4096,16,14,4194304,27,0,7903.264,7906.784,8393.696,487.040,PASS,0
wm_S5_d1_q16m2_rep3,4,D1_PUSHSIG_OVERLAP,NVSHMEM,C0_DEFAULT,4096,1024,4096,16,15,4194304,27,0,8419.392,8422.912,8909.761,486.848,PASS,0
wm_S5_d1_q16m2_rep3,4,D1_PUSHSIG_OVERLAP,NVSHMEM,C0_DEFAULT,4096,1024,4096,16,0,4194304,28,0,248.096,252.800,750.880,498.176,PASS,0
wm_S5_d1_q16m2_rep3,4,D1_PUSHSIG_OVERLAP,NVSHMEM,C0_DEFAULT,4096,1024,4096,16,1,4194304,28,0,811.744,823.584,1322.080,506.272,PASS,0
wm_S5_d1_q16m2_rep3,4,D1_PUSHSIG_OVERLAP,NVSHMEM,C0_DEFAULT,4096,1024,4096,16,2,4194304,28,0,1366.144,1377.760,1873.440,495.744,PASS,0
wm_S5_d1_q16m2_rep3,4,D1_PUSHSIG_OVERLAP,NVSHMEM,C0_DEFAULT,4096,1024,4096,16,3,4194304,28,0,1915.968,1920.096,2414.112,494.816,PASS,0
wm_S5_d1_q16m2_rep3,4,D1_PUSHSIG_OVERLAP,NVSHMEM,C0_DEFAULT,4096,1024,4096,16,4,4194304,28,0,2455.840,2459.392,2954.368,508.896,PASS,0
wm_S5_d1_q16m2_rep3,4,D1_PUSHSIG_OVERLAP,NVSHMEM,C0_DEFAULT,4096,1024,4096,16,5,4194304,28,0,2995.392,2998.848,3495.776,500.832,PASS,0
wm_S5_d1_q16m2_rep3,4,D1_PUSHSIG_OVERLAP,NVSHMEM,C0_DEFAULT,4096,1024,4096,16,6,4194304,28,0,3536.800,3541.664,4036.576,497.952,PASS,0
wm_S5_d1_q16m2_rep3,4,D1_PUSHSIG_OVERLAP,NVSHMEM,C0_DEFAULT,4096,1024,4096,16,7,4194304,28,0,4078.528,4084.288,4579.424,496.512,PASS,0
wm_S5_d1_q16m2_rep3,4,D1_PUSHSIG_OVERLAP,NVSHMEM,C0_DEFAULT,4096,1024,4096,16,8,4194304,28,0,4621.792,4629.568,5127.744,502.592,PASS,0
wm_S5_d1_q16m2_rep3,4,D1_PUSHSIG_OVERLAP,NVSHMEM,C0_DEFAULT,4096,1024,4096,16,9,4194304,28,0,5172.512,5178.592,5675.520,503.840,PASS,0
wm_S5_d1_q16m2_rep3,4,D1_PUSHSIG_OVERLAP,NVSHMEM,C0_DEFAULT,4096,1024,4096,16,10,4194304,28,0,5723.488,5734.176,6231.808,506.528,PASS,0
wm_S5_d1_q16m2_rep3,4,D1_PUSHSIG_OVERLAP,NVSHMEM,C0_DEFAULT,4096,1024,4096,16,11,4194304,28,0,6274.912,6287.328,6782.880,503.136,PASS,0
wm_S5_d1_q16m2_rep3,4,D1_PUSHSIG_OVERLAP,NVSHMEM,C0_DEFAULT,4096,1024,4096,16,12,4194304,28,0,6824.480,6827.904,7321.760,493.856,PASS,0
wm_S5_d1_q16m2_rep3,4,D1_PUSHSIG_OVERLAP,NVSHMEM,C0_DEFAULT,4096,1024,4096,16,13,4194304,28,0,7376.224,7382.880,7875.104,492.224,PASS,0
wm_S5_d1_q16m2_rep3,4,D1_PUSHSIG_OVERLAP,NVSHMEM,C0_DEFAULT,4096,1024,4096,16,14,4194304,28,0,7917.056,7920.576,8407.521,487.680,PASS,0
wm_S5_d1_q16m2_rep3,4,D1_PUSHSIG_OVERLAP,NVSHMEM,C0_DEFAULT,4096,1024,4096,16,15,4194304,28,0,8433.056,8436.576,8923.168,487.424,PASS,0
wm_S5_d1_q16m2_rep3,4,D1_PUSHSIG_OVERLAP,NVSHMEM,C0_DEFAULT,4096,1024,4096,16,0,4194304,29,0,242.400,247.488,742.848,500.672,PASS,0
wm_S5_d1_q16m2_rep3,4,D1_PUSHSIG_OVERLAP,NVSHMEM,C0_DEFAULT,4096,1024,4096,16,1,4194304,29,0,796.928,805.312,1303.360,498.048,PASS,0
wm_S5_d1_q16m2_rep3,4,D1_PUSHSIG_OVERLAP,NVSHMEM,C0_DEFAULT,4096,1024,4096,16,2,4194304,29,0,1346.784,1350.208,1846.592,498.752,PASS,0
wm_S5_d1_q16m2_rep3,4,D1_PUSHSIG_OVERLAP,NVSHMEM,C0_DEFAULT,4096,1024,4096,16,3,4194304,29,0,1890.560,1897.024,2391.040,498.432,PASS,0
wm_S5_d1_q16m2_rep3,4,D1_PUSHSIG_OVERLAP,NVSHMEM,C0_DEFAULT,4096,1024,4096,16,4,4194304,29,0,2433.312,2437.408,2933.472,499.680,PASS,0
wm_S5_d1_q16m2_rep3,4,D1_PUSHSIG_OVERLAP,NVSHMEM,C0_DEFAULT,4096,1024,4096,16,5,4194304,29,0,2979.456,2990.784,3490.400,500.480,PASS,0
wm_S5_d1_q16m2_rep3,4,D1_PUSHSIG_OVERLAP,NVSHMEM,C0_DEFAULT,4096,1024,4096,16,6,4194304,29,0,3532.992,3536.512,4030.208,493.696,PASS,0
wm_S5_d1_q16m2_rep3,4,D1_PUSHSIG_OVERLAP,NVSHMEM,C0_DEFAULT,4096,1024,4096,16,7,4194304,29,0,4068.832,4072.320,4565.696,499.520,PASS,0
wm_S5_d1_q16m2_rep3,4,D1_PUSHSIG_OVERLAP,NVSHMEM,C0_DEFAULT,4096,1024,4096,16,8,4194304,29,0,4615.584,4619.616,5116.800,503.424,PASS,0
wm_S5_d1_q16m2_rep3,4,D1_PUSHSIG_OVERLAP,NVSHMEM,C0_DEFAULT,4096,1024,4096,16,9,4194304,29,0,5166.304,5169.856,5666.144,501.600,PASS,0
wm_S5_d1_q16m2_rep3,4,D1_PUSHSIG_OVERLAP,NVSHMEM,C0_DEFAULT,4096,1024,4096,16,10,4194304,29,0,5711.168,5718.016,6210.784,503.712,PASS,0
wm_S5_d1_q16m2_rep3,4,D1_PUSHSIG_OVERLAP,NVSHMEM,C0_DEFAULT,4096,1024,4096,16,11,4194304,29,0,6248.992,6252.480,6746.272,494.272,PASS,0
wm_S5_d1_q16m2_rep3,4,D1_PUSHSIG_OVERLAP,NVSHMEM,C0_DEFAULT,4096,1024,4096,16,12,4194304,29,0,6789.024,6792.608,7288.864,498.944,PASS,0
wm_S5_d1_q16m2_rep3,4,D1_PUSHSIG_OVERLAP,NVSHMEM,C0_DEFAULT,4096,1024,4096,16,13,4194304,29,0,7328.224,7331.936,7818.432,486.592,PASS,0
wm_S5_d1_q16m2_rep3,4,D1_PUSHSIG_OVERLAP,NVSHMEM,C0_DEFAULT,4096,1024,4096,16,14,4194304,29,0,7844.352,7847.872,8334.912,487.584,PASS,0
wm_S5_d1_q16m2_rep3,4,D1_PUSHSIG_OVERLAP,NVSHMEM,C0_DEFAULT,4096,1024,4096,16,15,4194304,29,0,8360.288,8363.840,8850.561,487.616,PASS,0
wm_S5_d1_q16m2_rep3,4,D1_PUSHSIG_OVERLAP,NVSHMEM,C0_DEFAULT,4096,1024,4096,16,0,4194304,30,0,252.288,258.368,760.256,501.888,PASS,0
wm_S5_d1_q16m2_rep3,4,D1_PUSHSIG_OVERLAP,NVSHMEM,C0_DEFAULT,4096,1024,4096,16,1,4194304,30,0,824.896,828.672,1324.352,501.568,PASS,0
wm_S5_d1_q16m2_rep3,4,D1_PUSHSIG_OVERLAP,NVSHMEM,C0_DEFAULT,4096,1024,4096,16,2,4194304,30,0,1379.936,1383.360,1877.120,494.400,PASS,0
wm_S5_d1_q16m2_rep3,4,D1_PUSHSIG_OVERLAP,NVSHMEM,C0_DEFAULT,4096,1024,4096,16,3,4194304,30,0,1926.208,1930.048,2425.760,500.096,PASS,0
wm_S5_d1_q16m2_rep3,4,D1_PUSHSIG_OVERLAP,NVSHMEM,C0_DEFAULT,4096,1024,4096,16,4,4194304,30,0,2467.904,2475.456,2973.536,498.080,PASS,0
wm_S5_d1_q16m2_rep3,4,D1_PUSHSIG_OVERLAP,NVSHMEM,C0_DEFAULT,4096,1024,4096,16,5,4194304,30,0,3014.944,3021.568,3514.624,496.736,PASS,0
wm_S5_d1_q16m2_rep3,4,D1_PUSHSIG_OVERLAP,NVSHMEM,C0_DEFAULT,4096,1024,4096,16,6,4194304,30,0,3555.904,3560.576,4053.216,496.736,PASS,0
wm_S5_d1_q16m2_rep3,4,D1_PUSHSIG_OVERLAP,NVSHMEM,C0_DEFAULT,4096,1024,4096,16,7,4194304,30,0,4089.632,4093.280,4588.832,495.552,PASS,0
wm_S5_d1_q16m2_rep3,4,D1_PUSHSIG_OVERLAP,NVSHMEM,C0_DEFAULT,4096,1024,4096,16,8,4194304,30,0,4635.936,4644.352,5139.008,497.472,PASS,0
wm_S5_d1_q16m2_rep3,4,D1_PUSHSIG_OVERLAP,NVSHMEM,C0_DEFAULT,4096,1024,4096,16,9,4194304,30,0,5181.536,5185.152,5680.416,496.256,PASS,0
wm_S5_d1_q16m2_rep3,4,D1_PUSHSIG_OVERLAP,NVSHMEM,C0_DEFAULT,4096,1024,4096,16,10,4194304,30,0,5720.416,5725.280,6220.064,495.360,PASS,0
wm_S5_d1_q16m2_rep3,4,D1_PUSHSIG_OVERLAP,NVSHMEM,C0_DEFAULT,4096,1024,4096,16,11,4194304,30,0,6259.456,6266.464,6762.848,496.384,PASS,0
wm_S5_d1_q16m2_rep3,4,D1_PUSHSIG_OVERLAP,NVSHMEM,C0_DEFAULT,4096,1024,4096,16,12,4194304,30,0,6810.016,6820.960,7322.368,501.408,PASS,0
wm_S5_d1_q16m2_rep3,4,D1_PUSHSIG_OVERLAP,NVSHMEM,C0_DEFAULT,4096,1024,4096,16,13,4194304,30,0,7359.584,7363.168,7855.744,495.264,PASS,0
wm_S5_d1_q16m2_rep3,4,D1_PUSHSIG_OVERLAP,NVSHMEM,C0_DEFAULT,4096,1024,4096,16,14,4194304,30,0,7895.744,7899.296,8385.952,487.648,PASS,0
wm_S5_d1_q16m2_rep3,4,D1_PUSHSIG_OVERLAP,NVSHMEM,C0_DEFAULT,4096,1024,4096,16,15,4194304,30,0,8411.553,8415.072,8901.696,487.040,PASS,0
wm_S5_d1_q16m2_rep3,4,D1_PUSHSIG_OVERLAP,NVSHMEM,C0_DEFAULT,4096,1024,4096,16,0,4194304,31,0,251.616,255.136,746.912,492.832,PASS,0
wm_S5_d1_q16m2_rep3,4,D1_PUSHSIG_OVERLAP,NVSHMEM,C0_DEFAULT,4096,1024,4096,16,1,4194304,31,0,809.376,813.760,1322.208,508.448,PASS,0
wm_S5_d1_q16m2_rep3,4,D1_PUSHSIG_OVERLAP,NVSHMEM,C0_DEFAULT,4096,1024,4096,16,2,4194304,31,0,1359.104,1362.528,1858.080,496.384,PASS,0
wm_S5_d1_q16m2_rep3,4,D1_PUSHSIG_OVERLAP,NVSHMEM,C0_DEFAULT,4096,1024,4096,16,3,4194304,31,0,1904.032,1907.744,2406.016,498.272,PASS,0
wm_S5_d1_q16m2_rep3,4,D1_PUSHSIG_OVERLAP,NVSHMEM,C0_DEFAULT,4096,1024,4096,16,4,4194304,31,0,2488.320,2492.224,2987.776,497.888,PASS,0
wm_S5_d1_q16m2_rep3,4,D1_PUSHSIG_OVERLAP,NVSHMEM,C0_DEFAULT,4096,1024,4096,16,5,4194304,31,0,3028.608,3032.160,3527.776,497.664,PASS,0
wm_S5_d1_q16m2_rep3,4,D1_PUSHSIG_OVERLAP,NVSHMEM,C0_DEFAULT,4096,1024,4096,16,6,4194304,31,0,3571.328,3576.992,4070.208,496.832,PASS,0
wm_S5_d1_q16m2_rep3,4,D1_PUSHSIG_OVERLAP,NVSHMEM,C0_DEFAULT,4096,1024,4096,16,7,4194304,31,0,4112.832,4116.352,4608.928,492.640,PASS,0
wm_S5_d1_q16m2_rep3,4,D1_PUSHSIG_OVERLAP,NVSHMEM,C0_DEFAULT,4096,1024,4096,16,8,4194304,31,0,4650.912,4656.768,5153.120,496.352,PASS,0
wm_S5_d1_q16m2_rep3,4,D1_PUSHSIG_OVERLAP,NVSHMEM,C0_DEFAULT,4096,1024,4096,16,9,4194304,31,0,5194.432,5198.048,5689.344,491.936,PASS,0
wm_S5_d1_q16m2_rep3,4,D1_PUSHSIG_OVERLAP,NVSHMEM,C0_DEFAULT,4096,1024,4096,16,10,4194304,31,0,5732.864,5736.416,6231.648,495.232,PASS,0
wm_S5_d1_q16m2_rep3,4,D1_PUSHSIG_OVERLAP,NVSHMEM,C0_DEFAULT,4096,1024,4096,16,11,4194304,31,0,6273.536,6277.056,6768.736,492.640,PASS,0
wm_S5_d1_q16m2_rep3,4,D1_PUSHSIG_OVERLAP,NVSHMEM,C0_DEFAULT,4096,1024,4096,16,12,4194304,31,0,6812.032,6815.520,7306.016,492.000,PASS,0
wm_S5_d1_q16m2_rep3,4,D1_PUSHSIG_OVERLAP,NVSHMEM,C0_DEFAULT,4096,1024,4096,16,13,4194304,31,0,7350.592,7354.144,7840.512,495.328,PASS,0
wm_S5_d1_q16m2_rep3,4,D1_PUSHSIG_OVERLAP,NVSHMEM,C0_DEFAULT,4096,1024,4096,16,14,4194304,31,0,7872.736,7876.256,8362.977,487.200,PASS,0
wm_S5_d1_q16m2_rep3,4,D1_PUSHSIG_OVERLAP,NVSHMEM,C0_DEFAULT,4096,1024,4096,16,15,4194304,31,0,8388.608,8392.128,8878.496,487.328,PASS,0
wm_S5_d1_q16m2_rep3,4,D1_PUSHSIG_OVERLAP,NVSHMEM,C0_DEFAULT,4096,1024,4096,16,0,4194304,32,0,250.368,254.048,748.320,496.352,PASS,0
wm_S5_d1_q16m2_rep3,4,D1_PUSHSIG_OVERLAP,NVSHMEM,C0_DEFAULT,4096,1024,4096,16,1,4194304,32,0,790.048,793.760,1291.776,500.832,PASS,0
wm_S5_d1_q16m2_rep3,4,D1_PUSHSIG_OVERLAP,NVSHMEM,C0_DEFAULT,4096,1024,4096,16,2,4194304,32,0,1371.200,1387.104,1884.672,498.240,PASS,0
wm_S5_d1_q16m2_rep3,4,D1_PUSHSIG_OVERLAP,NVSHMEM,C0_DEFAULT,4096,1024,4096,16,3,4194304,32,0,1922.784,1927.456,2425.408,498.656,PASS,0
wm_S5_d1_q16m2_rep3,4,D1_PUSHSIG_OVERLAP,NVSHMEM,C0_DEFAULT,4096,1024,4096,16,4,4194304,32,0,2467.104,2471.552,2964.960,496.512,PASS,0
wm_S5_d1_q16m2_rep3,4,D1_PUSHSIG_OVERLAP,NVSHMEM,C0_DEFAULT,4096,1024,4096,16,5,4194304,32,0,3001.408,3006.240,3501.696,495.456,PASS,0
wm_S5_d1_q16m2_rep3,4,D1_PUSHSIG_OVERLAP,NVSHMEM,C0_DEFAULT,4096,1024,4096,16,6,4194304,32,0,3548.128,3552.608,4045.216,499.008,PASS,0
wm_S5_d1_q16m2_rep3,4,D1_PUSHSIG_OVERLAP,NVSHMEM,C0_DEFAULT,4096,1024,4096,16,7,4194304,32,0,4084.576,4088.288,4580.864,496.416,PASS,0
wm_S5_d1_q16m2_rep3,4,D1_PUSHSIG_OVERLAP,NVSHMEM,C0_DEFAULT,4096,1024,4096,16,8,4194304,32,0,4622.400,4625.952,5117.952,502.720,PASS,0
wm_S5_d1_q16m2_rep3,4,D1_PUSHSIG_OVERLAP,NVSHMEM,C0_DEFAULT,4096,1024,4096,16,9,4194304,32,0,5157.248,5161.856,5654.560,498.976,PASS,0
wm_S5_d1_q16m2_rep3,4,D1_PUSHSIG_OVERLAP,NVSHMEM,C0_DEFAULT,4096,1024,4096,16,10,4194304,32,0,5697.888,5702.944,6194.176,497.536,PASS,0
wm_S5_d1_q16m2_rep3,4,D1_PUSHSIG_OVERLAP,NVSHMEM,C0_DEFAULT,4096,1024,4096,16,11,4194304,32,0,6238.592,6245.600,6741.152,496.128,PASS,0
wm_S5_d1_q16m2_rep3,4,D1_PUSHSIG_OVERLAP,NVSHMEM,C0_DEFAULT,4096,1024,4096,16,12,4194304,32,0,6787.328,6790.784,7282.592,494.944,PASS,0
wm_S5_d1_q16m2_rep3,4,D1_PUSHSIG_OVERLAP,NVSHMEM,C0_DEFAULT,4096,1024,4096,16,13,4194304,32,0,7330.176,7333.632,7838.400,504.768,PASS,0
wm_S5_d1_q16m2_rep3,4,D1_PUSHSIG_OVERLAP,NVSHMEM,C0_DEFAULT,4096,1024,4096,16,14,4194304,32,0,7878.400,7884.928,8374.400,489.472,PASS,0
wm_S5_d1_q16m2_rep3,4,D1_PUSHSIG_OVERLAP,NVSHMEM,C0_DEFAULT,4096,1024,4096,16,15,4194304,32,0,8399.744,8403.264,8889.888,487.392,PASS,0
wm_S5_d1_q16m2_rep3,4,D1_PUSHSIG_OVERLAP,NVSHMEM,C0_DEFAULT,4096,1024,4096,16,0,4194304,33,0,249.024,252.864,752.096,499.232,PASS,0
wm_S5_d1_q16m2_rep3,4,D1_PUSHSIG_OVERLAP,NVSHMEM,C0_DEFAULT,4096,1024,4096,16,1,4194304,33,0,809.952,813.600,1305.056,505.184,PASS,0
wm_S5_d1_q16m2_rep3,4,D1_PUSHSIG_OVERLAP,NVSHMEM,C0_DEFAULT,4096,1024,4096,16,2,4194304,33,0,1346.784,1350.272,1847.744,500.576,PASS,0
wm_S5_d1_q16m2_rep3,4,D1_PUSHSIG_OVERLAP,NVSHMEM,C0_DEFAULT,4096,1024,4096,16,3,4194304,33,0,1906.176,1918.656,2414.976,496.320,PASS,0
wm_S5_d1_q16m2_rep3,4,D1_PUSHSIG_OVERLAP,NVSHMEM,C0_DEFAULT,4096,1024,4096,16,4,4194304,33,0,2453.888,2457.408,2949.344,496.288,PASS,0
wm_S5_d1_q16m2_rep3,4,D1_PUSHSIG_OVERLAP,NVSHMEM,C0_DEFAULT,4096,1024,4096,16,5,4194304,33,0,2992.608,2998.912,3493.280,496.672,PASS,0
wm_S5_d1_q16m2_rep3,4,D1_PUSHSIG_OVERLAP,NVSHMEM,C0_DEFAULT,4096,1024,4096,16,6,4194304,33,0,3533.632,3538.656,4034.016,503.680,PASS,0
wm_S5_d1_q16m2_rep3,4,D1_PUSHSIG_OVERLAP,NVSHMEM,C0_DEFAULT,4096,1024,4096,16,7,4194304,33,0,4074.016,4081.120,4578.496,500.832,PASS,0
wm_S5_d1_q16m2_rep3,4,D1_PUSHSIG_OVERLAP,NVSHMEM,C0_DEFAULT,4096,1024,4096,16,8,4194304,33,0,4628.000,4635.776,5135.072,499.296,PASS,0
wm_S5_d1_q16m2_rep3,4,D1_PUSHSIG_OVERLAP,NVSHMEM,C0_DEFAULT,4096,1024,4096,16,9,4194304,33,0,5180.736,5184.224,5676.896,499.424,PASS,0
wm_S5_d1_q16m2_rep3,4,D1_PUSHSIG_OVERLAP,NVSHMEM,C0_DEFAULT,4096,1024,4096,16,10,4194304,33,0,5721.344,5728.544,6223.072,500.608,PASS,0
wm_S5_d1_q16m2_rep3,4,D1_PUSHSIG_OVERLAP,NVSHMEM,C0_DEFAULT,4096,1024,4096,16,11,4194304,33,0,6273.696,6280.608,6777.536,501.248,PASS,0
wm_S5_d1_q16m2_rep3,4,D1_PUSHSIG_OVERLAP,NVSHMEM,C0_DEFAULT,4096,1024,4096,16,12,4194304,33,0,6826.208,6833.216,7331.392,498.176,PASS,0
wm_S5_d1_q16m2_rep3,4,D1_PUSHSIG_OVERLAP,NVSHMEM,C0_DEFAULT,4096,1024,4096,16,13,4194304,33,0,7383.488,7389.664,7887.488,497.824,PASS,0
wm_S5_d1_q16m2_rep3,4,D1_PUSHSIG_OVERLAP,NVSHMEM,C0_DEFAULT,4096,1024,4096,16,14,4194304,33,0,7929.376,7935.776,8424.480,490.432,PASS,0
wm_S5_d1_q16m2_rep3,4,D1_PUSHSIG_OVERLAP,NVSHMEM,C0_DEFAULT,4096,1024,4096,16,15,4194304,33,0,8449.601,8453.057,8939.744,487.424,PASS,0
wm_S5_d1_q16m2_rep3,4,D1_PUSHSIG_OVERLAP,NVSHMEM,C0_DEFAULT,4096,1024,4096,16,0,4194304,34,0,260.800,264.256,757.632,499.552,PASS,0
wm_S5_d1_q16m2_rep3,4,D1_PUSHSIG_OVERLAP,NVSHMEM,C0_DEFAULT,4096,1024,4096,16,1,4194304,34,0,802.240,805.728,1303.520,506.880,PASS,0
wm_S5_d1_q16m2_rep3,4,D1_PUSHSIG_OVERLAP,NVSHMEM,C0_DEFAULT,4096,1024,4096,16,2,4194304,34,0,1367.392,1384.064,1887.968,509.280,PASS,0
wm_S5_d1_q16m2_rep3,4,D1_PUSHSIG_OVERLAP,NVSHMEM,C0_DEFAULT,4096,1024,4096,16,3,4194304,34,0,1926.272,1930.208,2424.896,504.288,PASS,0
wm_S5_d1_q16m2_rep3,4,D1_PUSHSIG_OVERLAP,NVSHMEM,C0_DEFAULT,4096,1024,4096,16,4,4194304,34,0,2479.744,2483.200,2976.640,496.352,PASS,0
wm_S5_d1_q16m2_rep3,4,D1_PUSHSIG_OVERLAP,NVSHMEM,C0_DEFAULT,4096,1024,4096,16,5,4194304,34,0,3036.544,3040.224,3533.792,499.840,PASS,0
wm_S5_d1_q16m2_rep3,4,D1_PUSHSIG_OVERLAP,NVSHMEM,C0_DEFAULT,4096,1024,4096,16,6,4194304,34,0,3576.384,3581.664,4078.368,500.384,PASS,0
wm_S5_d1_q16m2_rep3,4,D1_PUSHSIG_OVERLAP,NVSHMEM,C0_DEFAULT,4096,1024,4096,16,7,4194304,34,0,4132.832,4145.504,4649.696,504.192,PASS,0
wm_S5_d1_q16m2_rep3,4,D1_PUSHSIG_OVERLAP,NVSHMEM,C0_DEFAULT,4096,1024,4096,16,8,4194304,34,0,4689.408,4692.896,5184.320,497.248,PASS,0
wm_S5_d1_q16m2_rep3,4,D1_PUSHSIG_OVERLAP,NVSHMEM,C0_DEFAULT,4096,1024,4096,16,9,4194304,34,0,5226.496,5230.400,5726.656,497.344,PASS,0
wm_S5_d1_q16m2_rep3,4,D1_PUSHSIG_OVERLAP,NVSHMEM,C0_DEFAULT,4096,1024,4096,16,10,4194304,34,0,5769.056,5775.264,6271.936,497.024,PASS,0
wm_S5_d1_q16m2_rep3,4,D1_PUSHSIG_OVERLAP,NVSHMEM,C0_DEFAULT,4096,1024,4096,16,11,4194304,34,0,6318.464,6325.824,6822.688,500.608,PASS,0
wm_S5_d1_q16m2_rep3,4,D1_PUSHSIG_OVERLAP,NVSHMEM,C0_DEFAULT,4096,1024,4096,16,12,4194304,34,0,6868.384,6874.944,7372.064,497.984,PASS,0
wm_S5_d1_q16m2_rep3,4,D1_PUSHSIG_OVERLAP,NVSHMEM,C0_DEFAULT,4096,1024,4096,16,13,4194304,34,0,7419.488,7424.544,7918.976,496.896,PASS,0
wm_S5_d1_q16m2_rep3,4,D1_PUSHSIG_OVERLAP,NVSHMEM,C0_DEFAULT,4096,1024,4096,16,14,4194304,34,0,7968.896,7974.752,8461.760,487.840,PASS,0
wm_S5_d1_q16m2_rep3,4,D1_PUSHSIG_OVERLAP,NVSHMEM,C0_DEFAULT,4096,1024,4096,16,15,4194304,34,0,8486.848,8490.336,8977.439,487.104,PASS,0
wm_S5_d1_q16m2_rep3,4,D1_PUSHSIG_OVERLAP,NVSHMEM,C0_DEFAULT,4096,1024,4096,16,0,4194304,35,0,236.128,241.856,738.752,496.896,PASS,0
wm_S5_d1_q16m2_rep3,4,D1_PUSHSIG_OVERLAP,NVSHMEM,C0_DEFAULT,4096,1024,4096,16,1,4194304,35,0,778.368,781.824,1277.216,499.552,PASS,0
wm_S5_d1_q16m2_rep3,4,D1_PUSHSIG_OVERLAP,NVSHMEM,C0_DEFAULT,4096,1024,4096,16,2,4194304,35,0,1318.976,1325.664,1821.280,497.664,PASS,0
wm_S5_d1_q16m2_rep3,4,D1_PUSHSIG_OVERLAP,NVSHMEM,C0_DEFAULT,4096,1024,4096,16,3,4194304,35,0,1864.288,1871.040,2363.392,492.352,PASS,0
wm_S5_d1_q16m2_rep3,4,D1_PUSHSIG_OVERLAP,NVSHMEM,C0_DEFAULT,4096,1024,4096,16,4,4194304,35,0,2401.504,2405.024,2900.704,498.944,PASS,0
wm_S5_d1_q16m2_rep3,4,D1_PUSHSIG_OVERLAP,NVSHMEM,C0_DEFAULT,4096,1024,4096,16,5,4194304,35,0,2945.696,2949.824,3448.672,500.000,PASS,0
wm_S5_d1_q16m2_rep3,4,D1_PUSHSIG_OVERLAP,NVSHMEM,C0_DEFAULT,4096,1024,4096,16,6,4194304,35,0,3513.568,3517.024,4010.944,505.920,PASS,0
wm_S5_d1_q16m2_rep3,4,D1_PUSHSIG_OVERLAP,NVSHMEM,C0_DEFAULT,4096,1024,4096,16,7,4194304,35,0,4052.320,4056.640,4557.632,500.992,PASS,0
wm_S5_d1_q16m2_rep3,4,D1_PUSHSIG_OVERLAP,NVSHMEM,C0_DEFAULT,4096,1024,4096,16,8,4194304,35,0,4613.696,4617.216,5110.560,497.120,PASS,0
wm_S5_d1_q16m2_rep3,4,D1_PUSHSIG_OVERLAP,NVSHMEM,C0_DEFAULT,4096,1024,4096,16,9,4194304,35,0,5155.840,5161.952,5660.928,498.976,PASS,0
wm_S5_d1_q16m2_rep3,4,D1_PUSHSIG_OVERLAP,NVSHMEM,C0_DEFAULT,4096,1024,4096,16,10,4194304,35,0,5702.880,5709.376,6206.496,497.120,PASS,0
wm_S5_d1_q16m2_rep3,4,D1_PUSHSIG_OVERLAP,NVSHMEM,C0_DEFAULT,4096,1024,4096,16,11,4194304,35,0,6253.472,6265.568,6763.264,497.696,PASS,0
wm_S5_d1_q16m2_rep3,4,D1_PUSHSIG_OVERLAP,NVSHMEM,C0_DEFAULT,4096,1024,4096,16,12,4194304,35,0,6799.744,6803.200,7296.160,497.888,PASS,0
wm_S5_d1_q16m2_rep3,4,D1_PUSHSIG_OVERLAP,NVSHMEM,C0_DEFAULT,4096,1024,4096,16,13,4194304,35,0,7333.216,7336.992,7823.968,495.552,PASS,0
wm_S5_d1_q16m2_rep3,4,D1_PUSHSIG_OVERLAP,NVSHMEM,C0_DEFAULT,4096,1024,4096,16,14,4194304,35,0,7849.696,7853.216,8340.031,501.376,PASS,0
wm_S5_d1_q16m2_rep3,4,D1_PUSHSIG_OVERLAP,NVSHMEM,C0_DEFAULT,4096,1024,4096,16,15,4194304,35,0,8387.744,8391.231,8878.208,487.040,PASS,0
wm_S5_d1_q16m2_rep3,4,D1_PUSHSIG_OVERLAP,NVSHMEM,C0_DEFAULT,4096,1024,4096,16,0,4194304,36,0,245.216,248.864,740.672,496.000,PASS,0
wm_S5_d1_q16m2_rep3,4,D1_PUSHSIG_OVERLAP,NVSHMEM,C0_DEFAULT,4096,1024,4096,16,1,4194304,36,0,779.584,783.168,1281.088,500.384,PASS,0
wm_S5_d1_q16m2_rep3,4,D1_PUSHSIG_OVERLAP,NVSHMEM,C0_DEFAULT,4096,1024,4096,16,2,4194304,36,0,1341.248,1354.848,1853.056,498.208,PASS,0
wm_S5_d1_q16m2_rep3,4,D1_PUSHSIG_OVERLAP,NVSHMEM,C0_DEFAULT,4096,1024,4096,16,3,4194304,36,0,1895.264,1898.688,2394.816,496.288,PASS,0
wm_S5_d1_q16m2_rep3,4,D1_PUSHSIG_OVERLAP,NVSHMEM,C0_DEFAULT,4096,1024,4096,16,4,4194304,36,0,2465.408,2469.952,2964.384,500.928,PASS,0
wm_S5_d1_q16m2_rep3,4,D1_PUSHSIG_OVERLAP,NVSHMEM,C0_DEFAULT,4096,1024,4096,16,5,4194304,36,0,3002.176,3005.632,3500.672,504.992,PASS,0
wm_S5_d1_q16m2_rep3,4,D1_PUSHSIG_OVERLAP,NVSHMEM,C0_DEFAULT,4096,1024,4096,16,6,4194304,36,0,3546.368,3549.888,4043.296,505.280,PASS,0
wm_S5_d1_q16m2_rep3,4,D1_PUSHSIG_OVERLAP,NVSHMEM,C0_DEFAULT,4096,1024,4096,16,7,4194304,36,0,4085.856,4090.688,4586.144,498.464,PASS,0
wm_S5_d1_q16m2_rep3,4,D1_PUSHSIG_OVERLAP,NVSHMEM,C0_DEFAULT,4096,1024,4096,16,8,4194304,36,0,4634.624,4641.472,5138.560,497.536,PASS,0
wm_S5_d1_q16m2_rep3,4,D1_PUSHSIG_OVERLAP,NVSHMEM,C0_DEFAULT,4096,1024,4096,16,9,4194304,36,0,5188.384,5194.560,5691.136,504.128,PASS,0
wm_S5_d1_q16m2_rep3,4,D1_PUSHSIG_OVERLAP,NVSHMEM,C0_DEFAULT,4096,1024,4096,16,10,4194304,36,0,5733.216,5738.752,6232.864,498.592,PASS,0
wm_S5_d1_q16m2_rep3,4,D1_PUSHSIG_OVERLAP,NVSHMEM,C0_DEFAULT,4096,1024,4096,16,11,4194304,36,0,6283.200,6289.120,6788.416,499.296,PASS,0
wm_S5_d1_q16m2_rep3,4,D1_PUSHSIG_OVERLAP,NVSHMEM,C0_DEFAULT,4096,1024,4096,16,12,4194304,36,0,6838.208,6844.768,7341.888,504.352,PASS,0
wm_S5_d1_q16m2_rep3,4,D1_PUSHSIG_OVERLAP,NVSHMEM,C0_DEFAULT,4096,1024,4096,16,13,4194304,36,0,7393.632,7400.288,7888.448,492.928,PASS,0
wm_S5_d1_q16m2_rep3,4,D1_PUSHSIG_OVERLAP,NVSHMEM,C0_DEFAULT,4096,1024,4096,16,14,4194304,36,0,7928.224,7935.584,8425.888,490.304,PASS,0
wm_S5_d1_q16m2_rep3,4,D1_PUSHSIG_OVERLAP,NVSHMEM,C0_DEFAULT,4096,1024,4096,16,15,4194304,36,0,8450.912,8454.432,8940.704,486.784,PASS,0
wm_S5_d1_q16m2_rep3,4,D1_PUSHSIG_OVERLAP,NVSHMEM,C0_DEFAULT,4096,1024,4096,16,0,4194304,37,0,267.712,271.264,765.088,496.480,PASS,0
wm_S5_d1_q16m2_rep3,4,D1_PUSHSIG_OVERLAP,NVSHMEM,C0_DEFAULT,4096,1024,4096,16,1,4194304,37,0,813.056,816.768,1311.840,498.656,PASS,0
wm_S5_d1_q16m2_rep3,4,D1_PUSHSIG_OVERLAP,NVSHMEM,C0_DEFAULT,4096,1024,4096,16,2,4194304,37,0,1366.784,1375.712,1872.576,497.952,PASS,0
wm_S5_d1_q16m2_rep3,4,D1_PUSHSIG_OVERLAP,NVSHMEM,C0_DEFAULT,4096,1024,4096,16,3,4194304,37,0,1919.616,1925.568,2422.560,496.992,PASS,0
wm_S5_d1_q16m2_rep3,4,D1_PUSHSIG_OVERLAP,NVSHMEM,C0_DEFAULT,4096,1024,4096,16,4,4194304,37,0,2463.712,2467.392,2959.328,494.304,PASS,0
wm_S5_d1_q16m2_rep3,4,D1_PUSHSIG_OVERLAP,NVSHMEM,C0_DEFAULT,4096,1024,4096,16,5,4194304,37,0,3007.904,3011.424,3507.232,497.472,PASS,0
wm_S5_d1_q16m2_rep3,4,D1_PUSHSIG_OVERLAP,NVSHMEM,C0_DEFAULT,4096,1024,4096,16,6,4194304,37,0,3553.184,3559.168,4056.640,497.472,PASS,0
wm_S5_d1_q16m2_rep3,4,D1_PUSHSIG_OVERLAP,NVSHMEM,C0_DEFAULT,4096,1024,4096,16,7,4194304,37,0,4101.568,4107.840,4605.312,497.472,PASS,0
wm_S5_d1_q16m2_rep3,4,D1_PUSHSIG_OVERLAP,NVSHMEM,C0_DEFAULT,4096,1024,4096,16,8,4194304,37,0,4651.520,4655.072,5148.000,492.928,PASS,0
wm_S5_d1_q16m2_rep3,4,D1_PUSHSIG_OVERLAP,NVSHMEM,C0_DEFAULT,4096,1024,4096,16,9,4194304,37,0,5189.024,5193.280,5691.648,498.368,PASS,0
wm_S5_d1_q16m2_rep3,4,D1_PUSHSIG_OVERLAP,NVSHMEM,C0_DEFAULT,4096,1024,4096,16,10,4194304,37,0,5730.912,5734.688,6222.720,494.656,PASS,0
wm_S5_d1_q16m2_rep3,4,D1_PUSHSIG_OVERLAP,NVSHMEM,C0_DEFAULT,4096,1024,4096,16,11,4194304,37,0,6248.160,6251.840,6740.000,500.064,PASS,0
wm_S5_d1_q16m2_rep3,4,D1_PUSHSIG_OVERLAP,NVSHMEM,C0_DEFAULT,4096,1024,4096,16,12,4194304,37,0,6767.104,6770.560,7257.632,498.304,PASS,0
wm_S5_d1_q16m2_rep3,4,D1_PUSHSIG_OVERLAP,NVSHMEM,C0_DEFAULT,4096,1024,4096,16,13,4194304,37,0,7296.672,7300.192,7786.304,487.136,PASS,0
wm_S5_d1_q16m2_rep3,4,D1_PUSHSIG_OVERLAP,NVSHMEM,C0_DEFAULT,4096,1024,4096,16,14,4194304,37,0,7811.520,7815.040,8301.856,487.552,PASS,0
wm_S5_d1_q16m2_rep3,4,D1_PUSHSIG_OVERLAP,NVSHMEM,C0_DEFAULT,4096,1024,4096,16,15,4194304,37,0,8327.360,8330.880,8817.664,486.784,PASS,0
wm_S5_d1_q16m2_rep3,4,D1_PUSHSIG_OVERLAP,NVSHMEM,C0_DEFAULT,4096,1024,4096,16,0,4194304,38,0,235.104,238.592,736.448,498.016,PASS,0
wm_S5_d1_q16m2_rep3,4,D1_PUSHSIG_OVERLAP,NVSHMEM,C0_DEFAULT,4096,1024,4096,16,1,4194304,38,0,856.704,863.328,1362.560,504.512,PASS,0
wm_S5_d1_q16m2_rep3,4,D1_PUSHSIG_OVERLAP,NVSHMEM,C0_DEFAULT,4096,1024,4096,16,2,4194304,38,0,1408.064,1419.968,1917.824,500.384,PASS,0
wm_S5_d1_q16m2_rep3,4,D1_PUSHSIG_OVERLAP,NVSHMEM,C0_DEFAULT,4096,1024,4096,16,3,4194304,38,0,1957.792,1961.600,2457.920,499.328,PASS,0
wm_S5_d1_q16m2_rep3,4,D1_PUSHSIG_OVERLAP,NVSHMEM,C0_DEFAULT,4096,1024,4096,16,4,4194304,38,0,2520.832,2532.768,3031.712,498.944,PASS,0
wm_S5_d1_q16m2_rep3,4,D1_PUSHSIG_OVERLAP,NVSHMEM,C0_DEFAULT,4096,1024,4096,16,5,4194304,38,0,3073.824,3077.376,3571.936,494.560,PASS,0
wm_S5_d1_q16m2_rep3,4,D1_PUSHSIG_OVERLAP,NVSHMEM,C0_DEFAULT,4096,1024,4096,16,6,4194304,38,0,3617.856,3621.344,4116.032,496.608,PASS,0
wm_S5_d1_q16m2_rep3,4,D1_PUSHSIG_OVERLAP,NVSHMEM,C0_DEFAULT,4096,1024,4096,16,7,4194304,38,0,4159.040,4162.784,4659.008,496.224,PASS,0
wm_S5_d1_q16m2_rep3,4,D1_PUSHSIG_OVERLAP,NVSHMEM,C0_DEFAULT,4096,1024,4096,16,8,4194304,38,0,4742.656,4746.912,5241.696,508.320,PASS,0
wm_S5_d1_q16m2_rep3,4,D1_PUSHSIG_OVERLAP,NVSHMEM,C0_DEFAULT,4096,1024,4096,16,9,4194304,38,0,5286.656,5292.640,5784.416,499.104,PASS,0
wm_S5_d1_q16m2_rep3,4,D1_PUSHSIG_OVERLAP,NVSHMEM,C0_DEFAULT,4096,1024,4096,16,10,4194304,38,0,5829.056,5832.512,6325.856,493.504,PASS,0
wm_S5_d1_q16m2_rep3,4,D1_PUSHSIG_OVERLAP,NVSHMEM,C0_DEFAULT,4096,1024,4096,16,11,4194304,38,0,6368.608,6372.256,6862.400,493.600,PASS,0
wm_S5_d1_q16m2_rep3,4,D1_PUSHSIG_OVERLAP,NVSHMEM,C0_DEFAULT,4096,1024,4096,16,12,4194304,38,0,6903.744,6907.264,7399.200,494.144,PASS,0
wm_S5_d1_q16m2_rep3,4,D1_PUSHSIG_OVERLAP,NVSHMEM,C0_DEFAULT,4096,1024,4096,16,13,4194304,38,0,7440.288,7443.744,7930.144,489.536,PASS,0
wm_S5_d1_q16m2_rep3,4,D1_PUSHSIG_OVERLAP,NVSHMEM,C0_DEFAULT,4096,1024,4096,16,14,4194304,38,0,7955.072,7959.008,8446.048,492.928,PASS,0
wm_S5_d1_q16m2_rep3,4,D1_PUSHSIG_OVERLAP,NVSHMEM,C0_DEFAULT,4096,1024,4096,16,15,4194304,38,0,8471.456,8474.976,8961.952,487.136,PASS,0
wm_S5_d1_q16m2_rep3,4,D1_PUSHSIG_OVERLAP,NVSHMEM,C0_DEFAULT,4096,1024,4096,16,0,4194304,39,0,234.944,239.520,735.584,498.208,PASS,0
wm_S5_d1_q16m2_rep3,4,D1_PUSHSIG_OVERLAP,NVSHMEM,C0_DEFAULT,4096,1024,4096,16,1,4194304,39,0,775.456,779.712,1271.264,497.920,PASS,0
wm_S5_d1_q16m2_rep3,4,D1_PUSHSIG_OVERLAP,NVSHMEM,C0_DEFAULT,4096,1024,4096,16,2,4194304,39,0,1311.552,1315.040,1808.416,494.624,PASS,0
wm_S5_d1_q16m2_rep3,4,D1_PUSHSIG_OVERLAP,NVSHMEM,C0_DEFAULT,4096,1024,4096,16,3,4194304,39,0,1857.664,1864.864,2361.600,496.736,PASS,0
wm_S5_d1_q16m2_rep3,4,D1_PUSHSIG_OVERLAP,NVSHMEM,C0_DEFAULT,4096,1024,4096,16,4,4194304,39,0,2399.360,2402.816,2896.672,493.856,PASS,0
wm_S5_d1_q16m2_rep3,4,D1_PUSHSIG_OVERLAP,NVSHMEM,C0_DEFAULT,4096,1024,4096,16,5,4194304,39,0,2937.472,2940.928,3436.928,497.120,PASS,0
wm_S5_d1_q16m2_rep3,4,D1_PUSHSIG_OVERLAP,NVSHMEM,C0_DEFAULT,4096,1024,4096,16,6,4194304,39,0,3491.232,3497.728,3994.432,499.328,PASS,0
wm_S5_d1_q16m2_rep3,4,D1_PUSHSIG_OVERLAP,NVSHMEM,C0_DEFAULT,4096,1024,4096,16,7,4194304,39,0,4035.680,4043.008,4538.336,506.208,PASS,0
wm_S5_d1_q16m2_rep3,4,D1_PUSHSIG_OVERLAP,NVSHMEM,C0_DEFAULT,4096,1024,4096,16,8,4194304,39,0,4586.336,4592.608,5091.136,506.368,PASS,0
wm_S5_d1_q16m2_rep3,4,D1_PUSHSIG_OVERLAP,NVSHMEM,C0_DEFAULT,4096,1024,4096,16,9,4194304,39,0,5137.952,5141.600,5634.528,497.056,PASS,0
wm_S5_d1_q16m2_rep3,4,D1_PUSHSIG_OVERLAP,NVSHMEM,C0_DEFAULT,4096,1024,4096,16,10,4194304,39,0,5676.704,5680.192,6171.488,500.352,PASS,0
wm_S5_d1_q16m2_rep3,4,D1_PUSHSIG_OVERLAP,NVSHMEM,C0_DEFAULT,4096,1024,4096,16,11,4194304,39,0,6224.224,6230.688,6727.808,503.008,PASS,0
wm_S5_d1_q16m2_rep3,4,D1_PUSHSIG_OVERLAP,NVSHMEM,C0_DEFAULT,4096,1024,4096,16,12,4194304,39,0,6767.040,6770.528,7265.952,495.424,PASS,0
wm_S5_d1_q16m2_rep3,4,D1_PUSHSIG_OVERLAP,NVSHMEM,C0_DEFAULT,4096,1024,4096,16,13,4194304,39,0,7315.712,7319.232,7811.520,492.288,PASS,0
wm_S5_d1_q16m2_rep3,4,D1_PUSHSIG_OVERLAP,NVSHMEM,C0_DEFAULT,4096,1024,4096,16,14,4194304,39,0,7851.584,7855.104,8342.017,487.520,PASS,0
wm_S5_d1_q16m2_rep3,4,D1_PUSHSIG_OVERLAP,NVSHMEM,C0_DEFAULT,4096,1024,4096,16,15,4194304,39,0,8367.392,8370.911,8857.473,487.008,PASS,0
wm_S5_d1_q16m2_rep3,4,D1_PUSHSIG_OVERLAP,NVSHMEM,C0_DEFAULT,4096,1024,4096,16,0,4194304,40,0,251.296,255.136,754.304,499.168,PASS,0
wm_S5_d1_q16m2_rep3,4,D1_PUSHSIG_OVERLAP,NVSHMEM,C0_DEFAULT,4096,1024,4096,16,1,4194304,40,0,817.760,829.248,1328.160,503.136,PASS,0
wm_S5_d1_q16m2_rep3,4,D1_PUSHSIG_OVERLAP,NVSHMEM,C0_DEFAULT,4096,1024,4096,16,2,4194304,40,0,1366.560,1370.304,1867.008,503.360,PASS,0
wm_S5_d1_q16m2_rep3,4,D1_PUSHSIG_OVERLAP,NVSHMEM,C0_DEFAULT,4096,1024,4096,16,3,4194304,40,0,1919.296,1936.128,2438.080,501.952,PASS,0
wm_S5_d1_q16m2_rep3,4,D1_PUSHSIG_OVERLAP,NVSHMEM,C0_DEFAULT,4096,1024,4096,16,4,4194304,40,0,2479.360,2482.880,2975.552,494.912,PASS,0
wm_S5_d1_q16m2_rep3,4,D1_PUSHSIG_OVERLAP,NVSHMEM,C0_DEFAULT,4096,1024,4096,16,5,4194304,40,0,3015.456,3019.168,3511.904,499.456,PASS,0
wm_S5_d1_q16m2_rep3,4,D1_PUSHSIG_OVERLAP,NVSHMEM,C0_DEFAULT,4096,1024,4096,16,6,4194304,40,0,3556.256,3559.680,4050.880,502.240,PASS,0
wm_S5_d1_q16m2_rep3,4,D1_PUSHSIG_OVERLAP,NVSHMEM,C0_DEFAULT,4096,1024,4096,16,7,4194304,40,0,4092.640,4096.320,4591.072,495.040,PASS,0
wm_S5_d1_q16m2_rep3,4,D1_PUSHSIG_OVERLAP,NVSHMEM,C0_DEFAULT,4096,1024,4096,16,8,4194304,40,0,4628.704,4632.256,5125.312,496.544,PASS,0
wm_S5_d1_q16m2_rep3,4,D1_PUSHSIG_OVERLAP,NVSHMEM,C0_DEFAULT,4096,1024,4096,16,9,4194304,40,0,5174.080,5178.752,5674.112,501.696,PASS,0
wm_S5_d1_q16m2_rep3,4,D1_PUSHSIG_OVERLAP,NVSHMEM,C0_DEFAULT,4096,1024,4096,16,10,4194304,40,0,5713.600,5717.120,6211.680,494.560,PASS,0
wm_S5_d1_q16m2_rep3,4,D1_PUSHSIG_OVERLAP,NVSHMEM,C0_DEFAULT,4096,1024,4096,16,11,4194304,40,0,6257.248,6269.504,6764.128,506.080,PASS,0
wm_S5_d1_q16m2_rep3,4,D1_PUSHSIG_OVERLAP,NVSHMEM,C0_DEFAULT,4096,1024,4096,16,12,4194304,40,0,6810.720,6814.720,7312.288,499.904,PASS,0
wm_S5_d1_q16m2_rep3,4,D1_PUSHSIG_OVERLAP,NVSHMEM,C0_DEFAULT,4096,1024,4096,16,13,4194304,40,0,7358.272,7364.608,7853.024,494.144,PASS,0
wm_S5_d1_q16m2_rep3,4,D1_PUSHSIG_OVERLAP,NVSHMEM,C0_DEFAULT,4096,1024,4096,16,14,4194304,40,0,7885.312,7888.832,8375.584,487.488,PASS,0
wm_S5_d1_q16m2_rep3,4,D1_PUSHSIG_OVERLAP,NVSHMEM,C0_DEFAULT,4096,1024,4096,16,15,4194304,40,0,8400.832,8404.353,8891.552,487.488,PASS,0
wm_S5_d1_q16m2_rep3,4,D1_PUSHSIG_OVERLAP,NVSHMEM,C0_DEFAULT,4096,1024,4096,16,0,4194304,41,0,252.544,256.800,753.888,497.088,PASS,0
wm_S5_d1_q16m2_rep3,4,D1_PUSHSIG_OVERLAP,NVSHMEM,C0_DEFAULT,4096,1024,4096,16,1,4194304,41,0,805.184,817.376,1317.152,502.752,PASS,0
wm_S5_d1_q16m2_rep3,4,D1_PUSHSIG_OVERLAP,NVSHMEM,C0_DEFAULT,4096,1024,4096,16,2,4194304,41,0,1358.336,1361.888,1854.720,492.832,PASS,0
wm_S5_d1_q16m2_rep3,4,D1_PUSHSIG_OVERLAP,NVSHMEM,C0_DEFAULT,4096,1024,4096,16,3,4194304,41,0,1895.872,1899.392,2390.752,494.080,PASS,0
wm_S5_d1_q16m2_rep3,4,D1_PUSHSIG_OVERLAP,NVSHMEM,C0_DEFAULT,4096,1024,4096,16,4,4194304,41,0,2433.472,2437.088,2928.768,492.992,PASS,0
wm_S5_d1_q16m2_rep3,4,D1_PUSHSIG_OVERLAP,NVSHMEM,C0_DEFAULT,4096,1024,4096,16,5,4194304,41,0,2969.472,2973.056,3466.880,499.616,PASS,0
wm_S5_d1_q16m2_rep3,4,D1_PUSHSIG_OVERLAP,NVSHMEM,C0_DEFAULT,4096,1024,4096,16,6,4194304,41,0,3507.488,3511.328,4008.224,497.824,PASS,0
wm_S5_d1_q16m2_rep3,4,D1_PUSHSIG_OVERLAP,NVSHMEM,C0_DEFAULT,4096,1024,4096,16,7,4194304,41,0,4049.632,4055.392,4552.224,496.832,PASS,0
wm_S5_d1_q16m2_rep3,4,D1_PUSHSIG_OVERLAP,NVSHMEM,C0_DEFAULT,4096,1024,4096,16,8,4194304,41,0,4597.536,4600.992,5096.256,507.424,PASS,0
wm_S5_d1_q16m2_rep3,4,D1_PUSHSIG_OVERLAP,NVSHMEM,C0_DEFAULT,4096,1024,4096,16,9,4194304,41,0,5144.064,5154.816,5656.672,501.856,PASS,0
wm_S5_d1_q16m2_rep3,4,D1_PUSHSIG_OVERLAP,NVSHMEM,C0_DEFAULT,4096,1024,4096,16,10,4194304,41,0,5698.624,5702.720,6196.160,493.440,PASS,0
wm_S5_d1_q16m2_rep3,4,D1_PUSHSIG_OVERLAP,NVSHMEM,C0_DEFAULT,4096,1024,4096,16,11,4194304,41,0,6237.344,6241.088,6732.384,504.256,PASS,0
wm_S5_d1_q16m2_rep3,4,D1_PUSHSIG_OVERLAP,NVSHMEM,C0_DEFAULT,4096,1024,4096,16,12,4194304,41,0,6775.904,6779.424,7265.760,506.016,PASS,0
wm_S5_d1_q16m2_rep3,4,D1_PUSHSIG_OVERLAP,NVSHMEM,C0_DEFAULT,4096,1024,4096,16,13,4194304,41,0,7295.296,7303.904,7793.248,489.344,PASS,0
wm_S5_d1_q16m2_rep3,4,D1_PUSHSIG_OVERLAP,NVSHMEM,C0_DEFAULT,4096,1024,4096,16,14,4194304,41,0,7818.240,7821.728,8309.120,487.392,PASS,0
wm_S5_d1_q16m2_rep3,4,D1_PUSHSIG_OVERLAP,NVSHMEM,C0_DEFAULT,4096,1024,4096,16,15,4194304,41,0,8334.368,8337.856,8824.832,487.200,PASS,0
wm_S5_d1_q16m2_rep3,4,D1_PUSHSIG_OVERLAP,NVSHMEM,C0_DEFAULT,4096,1024,4096,16,0,4194304,42,0,253.984,258.464,754.752,496.928,PASS,0
wm_S5_d1_q16m2_rep3,4,D1_PUSHSIG_OVERLAP,NVSHMEM,C0_DEFAULT,4096,1024,4096,16,1,4194304,42,0,802.304,815.040,1322.528,507.488,PASS,0
wm_S5_d1_q16m2_rep3,4,D1_PUSHSIG_OVERLAP,NVSHMEM,C0_DEFAULT,4096,1024,4096,16,2,4194304,42,0,1363.744,1367.328,1859.744,494.432,PASS,0
wm_S5_d1_q16m2_rep3,4,D1_PUSHSIG_OVERLAP,NVSHMEM,C0_DEFAULT,4096,1024,4096,16,3,4194304,42,0,1903.264,1906.752,2402.688,507.424,PASS,0
wm_S5_d1_q16m2_rep3,4,D1_PUSHSIG_OVERLAP,NVSHMEM,C0_DEFAULT,4096,1024,4096,16,4,4194304,42,0,2451.648,2467.168,2972.448,505.280,PASS,0
wm_S5_d1_q16m2_rep3,4,D1_PUSHSIG_OVERLAP,NVSHMEM,C0_DEFAULT,4096,1024,4096,16,5,4194304,42,0,3012.864,3016.480,3510.592,494.464,PASS,0
wm_S5_d1_q16m2_rep3,4,D1_PUSHSIG_OVERLAP,NVSHMEM,C0_DEFAULT,4096,1024,4096,16,6,4194304,42,0,3554.720,3565.728,4064.096,498.368,PASS,0
wm_S5_d1_q16m2_rep3,4,D1_PUSHSIG_OVERLAP,NVSHMEM,C0_DEFAULT,4096,1024,4096,16,7,4194304,42,0,4107.104,4110.592,4605.056,495.136,PASS,0
wm_S5_d1_q16m2_rep3,4,D1_PUSHSIG_OVERLAP,NVSHMEM,C0_DEFAULT,4096,1024,4096,16,8,4194304,42,0,4647.904,4652.160,5143.872,495.040,PASS,0
wm_S5_d1_q16m2_rep3,4,D1_PUSHSIG_OVERLAP,NVSHMEM,C0_DEFAULT,4096,1024,4096,16,9,4194304,42,0,5182.784,5187.328,5682.976,498.816,PASS,0
wm_S5_d1_q16m2_rep3,4,D1_PUSHSIG_OVERLAP,NVSHMEM,C0_DEFAULT,4096,1024,4096,16,10,4194304,42,0,5723.488,5726.944,6218.528,495.904,PASS,0
wm_S5_d1_q16m2_rep3,4,D1_PUSHSIG_OVERLAP,NVSHMEM,C0_DEFAULT,4096,1024,4096,16,11,4194304,42,0,6260.768,6264.320,6755.264,495.680,PASS,0
wm_S5_d1_q16m2_rep3,4,D1_PUSHSIG_OVERLAP,NVSHMEM,C0_DEFAULT,4096,1024,4096,16,12,4194304,42,0,6789.632,6793.568,7286.944,494.464,PASS,0
wm_S5_d1_q16m2_rep3,4,D1_PUSHSIG_OVERLAP,NVSHMEM,C0_DEFAULT,4096,1024,4096,16,13,4194304,42,0,7332.224,7338.528,7827.520,490.048,PASS,0
wm_S5_d1_q16m2_rep3,4,D1_PUSHSIG_OVERLAP,NVSHMEM,C0_DEFAULT,4096,1024,4096,16,14,4194304,42,0,7852.960,7856.480,8343.200,487.904,PASS,0
wm_S5_d1_q16m2_rep3,4,D1_PUSHSIG_OVERLAP,NVSHMEM,C0_DEFAULT,4096,1024,4096,16,15,4194304,42,0,8368.896,8372.384,8859.359,487.296,PASS,0
wm_S5_d1_q16m2_rep3,4,D1_PUSHSIG_OVERLAP,NVSHMEM,C0_DEFAULT,4096,1024,4096,16,0,4194304,43,0,255.232,259.936,756.480,500.288,PASS,0
wm_S5_d1_q16m2_rep3,4,D1_PUSHSIG_OVERLAP,NVSHMEM,C0_DEFAULT,4096,1024,4096,16,1,4194304,43,0,797.280,800.768,1294.784,507.040,PASS,0
wm_S5_d1_q16m2_rep3,4,D1_PUSHSIG_OVERLAP,NVSHMEM,C0_DEFAULT,4096,1024,4096,16,2,4194304,43,0,1345.888,1349.440,1846.528,497.088,PASS,0
wm_S5_d1_q16m2_rep3,4,D1_PUSHSIG_OVERLAP,NVSHMEM,C0_DEFAULT,4096,1024,4096,16,3,4194304,43,0,1897.984,1904.256,2399.328,496.928,PASS,0
wm_S5_d1_q16m2_rep3,4,D1_PUSHSIG_OVERLAP,NVSHMEM,C0_DEFAULT,4096,1024,4096,16,4,4194304,43,0,2442.528,2446.080,2941.024,494.944,PASS,0
wm_S5_d1_q16m2_rep3,4,D1_PUSHSIG_OVERLAP,NVSHMEM,C0_DEFAULT,4096,1024,4096,16,5,4194304,43,0,2988.864,2992.416,3487.072,498.848,PASS,0
wm_S5_d1_q16m2_rep3,4,D1_PUSHSIG_OVERLAP,NVSHMEM,C0_DEFAULT,4096,1024,4096,16,6,4194304,43,0,3554.944,3561.440,4058.144,499.328,PASS,0
wm_S5_d1_q16m2_rep3,4,D1_PUSHSIG_OVERLAP,NVSHMEM,C0_DEFAULT,4096,1024,4096,16,7,4194304,43,0,4100.832,4104.320,4597.824,496.704,PASS,0
wm_S5_d1_q16m2_rep3,4,D1_PUSHSIG_OVERLAP,NVSHMEM,C0_DEFAULT,4096,1024,4096,16,8,4194304,43,0,4637.888,4642.976,5133.888,492.000,PASS,0
wm_S5_d1_q16m2_rep3,4,D1_PUSHSIG_OVERLAP,NVSHMEM,C0_DEFAULT,4096,1024,4096,16,9,4194304,43,0,5177.600,5184.096,5680.480,496.384,PASS,0
wm_S5_d1_q16m2_rep3,4,D1_PUSHSIG_OVERLAP,NVSHMEM,C0_DEFAULT,4096,1024,4096,16,10,4194304,43,0,5723.616,5727.040,6220.448,501.024,PASS,0
wm_S5_d1_q16m2_rep3,4,D1_PUSHSIG_OVERLAP,NVSHMEM,C0_DEFAULT,4096,1024,4096,16,11,4194304,43,0,6260.672,6271.360,6765.056,506.080,PASS,0
wm_S5_d1_q16m2_rep3,4,D1_PUSHSIG_OVERLAP,NVSHMEM,C0_DEFAULT,4096,1024,4096,16,12,4194304,43,0,6803.776,6810.208,7301.600,498.560,PASS,0
wm_S5_d1_q16m2_rep3,4,D1_PUSHSIG_OVERLAP,NVSHMEM,C0_DEFAULT,4096,1024,4096,16,13,4194304,43,0,7340.352,7346.592,7834.336,490.784,PASS,0
wm_S5_d1_q16m2_rep3,4,D1_PUSHSIG_OVERLAP,NVSHMEM,C0_DEFAULT,4096,1024,4096,16,14,4194304,43,0,7860.320,7863.808,8350.592,487.872,PASS,0
wm_S5_d1_q16m2_rep3,4,D1_PUSHSIG_OVERLAP,NVSHMEM,C0_DEFAULT,4096,1024,4096,16,15,4194304,43,0,8376.447,8379.937,8866.944,487.328,PASS,0
wm_S5_d1_q16m2_rep3,4,D1_PUSHSIG_OVERLAP,NVSHMEM,C0_DEFAULT,4096,1024,4096,16,0,4194304,44,0,241.376,245.568,737.824,495.392,PASS,0
wm_S5_d1_q16m2_rep3,4,D1_PUSHSIG_OVERLAP,NVSHMEM,C0_DEFAULT,4096,1024,4096,16,1,4194304,44,0,779.104,786.400,1287.040,511.488,PASS,0
wm_S5_d1_q16m2_rep3,4,D1_PUSHSIG_OVERLAP,NVSHMEM,C0_DEFAULT,4096,1024,4096,16,2,4194304,44,0,1341.824,1353.056,1855.776,502.720,PASS,0
wm_S5_d1_q16m2_rep3,4,D1_PUSHSIG_OVERLAP,NVSHMEM,C0_DEFAULT,4096,1024,4096,16,3,4194304,44,0,1895.104,1898.592,2392.288,494.528,PASS,0
wm_S5_d1_q16m2_rep3,4,D1_PUSHSIG_OVERLAP,NVSHMEM,C0_DEFAULT,4096,1024,4096,16,4,4194304,44,0,2427.968,2431.584,2927.104,497.184,PASS,0
wm_S5_d1_q16m2_rep3,4,D1_PUSHSIG_OVERLAP,NVSHMEM,C0_DEFAULT,4096,1024,4096,16,5,4194304,44,0,2968.864,2975.840,3471.200,503.040,PASS,0
wm_S5_d1_q16m2_rep3,4,D1_PUSHSIG_OVERLAP,NVSHMEM,C0_DEFAULT,4096,1024,4096,16,6,4194304,44,0,3516.128,3522.592,4017.184,505.984,PASS,0
wm_S5_d1_q16m2_rep3,4,D1_PUSHSIG_OVERLAP,NVSHMEM,C0_DEFAULT,4096,1024,4096,16,7,4194304,44,0,4065.760,4070.528,4569.984,505.920,PASS,0
wm_S5_d1_q16m2_rep3,4,D1_PUSHSIG_OVERLAP,NVSHMEM,C0_DEFAULT,4096,1024,4096,16,8,4194304,44,0,4616.864,4620.928,5112.704,506.112,PASS,0
wm_S5_d1_q16m2_rep3,4,D1_PUSHSIG_OVERLAP,NVSHMEM,C0_DEFAULT,4096,1024,4096,16,9,4194304,44,0,5154.272,5161.536,5661.824,501.824,PASS,0
wm_S5_d1_q16m2_rep3,4,D1_PUSHSIG_OVERLAP,NVSHMEM,C0_DEFAULT,4096,1024,4096,16,10,4194304,44,0,5708.192,5713.792,6206.752,495.936,PASS,0
wm_S5_d1_q16m2_rep3,4,D1_PUSHSIG_OVERLAP,NVSHMEM,C0_DEFAULT,4096,1024,4096,16,11,4194304,44,0,6253.568,6260.320,6758.560,498.240,PASS,0
wm_S5_d1_q16m2_rep3,4,D1_PUSHSIG_OVERLAP,NVSHMEM,C0_DEFAULT,4096,1024,4096,16,12,4194304,44,0,6806.496,6813.120,7306.496,500.160,PASS,0
wm_S5_d1_q16m2_rep3,4,D1_PUSHSIG_OVERLAP,NVSHMEM,C0_DEFAULT,4096,1024,4096,16,13,4194304,44,0,7352.960,7356.704,7851.616,499.104,PASS,0
wm_S5_d1_q16m2_rep3,4,D1_PUSHSIG_OVERLAP,NVSHMEM,C0_DEFAULT,4096,1024,4096,16,14,4194304,44,0,7892.512,7896.000,8383.328,487.328,PASS,0
wm_S5_d1_q16m2_rep3,4,D1_PUSHSIG_OVERLAP,NVSHMEM,C0_DEFAULT,4096,1024,4096,16,15,4194304,44,0,8409.056,8412.544,8899.359,486.912,PASS,0
wm_S5_d1_q16m2_rep3,4,D1_PUSHSIG_OVERLAP,NVSHMEM,C0_DEFAULT,4096,1024,4096,16,0,4194304,45,0,245.568,249.408,743.392,495.200,PASS,0
wm_S5_d1_q16m2_rep3,4,D1_PUSHSIG_OVERLAP,NVSHMEM,C0_DEFAULT,4096,1024,4096,16,1,4194304,45,0,784.160,787.648,1283.488,501.408,PASS,0
wm_S5_d1_q16m2_rep3,4,D1_PUSHSIG_OVERLAP,NVSHMEM,C0_DEFAULT,4096,1024,4096,16,2,4194304,45,0,1330.624,1337.920,1835.840,498.464,PASS,0
wm_S5_d1_q16m2_rep3,4,D1_PUSHSIG_OVERLAP,NVSHMEM,C0_DEFAULT,4096,1024,4096,16,3,4194304,45,0,1881.312,1886.752,2381.568,499.744,PASS,0
wm_S5_d1_q16m2_rep3,4,D1_PUSHSIG_OVERLAP,NVSHMEM,C0_DEFAULT,4096,1024,4096,16,4,4194304,45,0,2428.992,2435.328,2933.216,497.888,PASS,0
wm_S5_d1_q16m2_rep3,4,D1_PUSHSIG_OVERLAP,NVSHMEM,C0_DEFAULT,4096,1024,4096,16,5,4194304,45,0,2985.792,2992.800,3484.992,496.064,PASS,0
wm_S5_d1_q16m2_rep3,4,D1_PUSHSIG_OVERLAP,NVSHMEM,C0_DEFAULT,4096,1024,4096,16,6,4194304,45,0,3522.528,3526.016,4020.512,494.496,PASS,0
wm_S5_d1_q16m2_rep3,4,D1_PUSHSIG_OVERLAP,NVSHMEM,C0_DEFAULT,4096,1024,4096,16,7,4194304,45,0,4065.632,4069.888,4564.672,502.112,PASS,0
wm_S5_d1_q16m2_rep3,4,D1_PUSHSIG_OVERLAP,NVSHMEM,C0_DEFAULT,4096,1024,4096,16,8,4194304,45,0,4604.384,4608.320,5101.184,505.824,PASS,0
wm_S5_d1_q16m2_rep3,4,D1_PUSHSIG_OVERLAP,NVSHMEM,C0_DEFAULT,4096,1024,4096,16,9,4194304,45,0,5148.928,5155.552,5649.312,505.920,PASS,0
wm_S5_d1_q16m2_rep3,4,D1_PUSHSIG_OVERLAP,NVSHMEM,C0_DEFAULT,4096,1024,4096,16,10,4194304,45,0,5689.888,5693.472,6186.976,500.832,PASS,0
wm_S5_d1_q16m2_rep3,4,D1_PUSHSIG_OVERLAP,NVSHMEM,C0_DEFAULT,4096,1024,4096,16,11,4194304,45,0,6224.320,6227.872,6722.304,501.088,PASS,0
wm_S5_d1_q16m2_rep3,4,D1_PUSHSIG_OVERLAP,NVSHMEM,C0_DEFAULT,4096,1024,4096,16,12,4194304,45,0,6768.864,6776.640,7276.832,505.568,PASS,0
wm_S5_d1_q16m2_rep3,4,D1_PUSHSIG_OVERLAP,NVSHMEM,C0_DEFAULT,4096,1024,4096,16,13,4194304,45,0,7320.256,7326.496,7816.480,502.272,PASS,0
wm_S5_d1_q16m2_rep3,4,D1_PUSHSIG_OVERLAP,NVSHMEM,C0_DEFAULT,4096,1024,4096,16,14,4194304,45,0,7855.680,7863.168,8352.000,493.248,PASS,0
wm_S5_d1_q16m2_rep3,4,D1_PUSHSIG_OVERLAP,NVSHMEM,C0_DEFAULT,4096,1024,4096,16,15,4194304,45,0,8377.344,8380.864,8867.456,487.168,PASS,0
wm_S5_d1_q16m2_rep3,4,D1_PUSHSIG_OVERLAP,NVSHMEM,C0_DEFAULT,4096,1024,4096,16,0,4194304,46,0,264.352,269.088,767.296,498.208,PASS,0
wm_S5_d1_q16m2_rep3,4,D1_PUSHSIG_OVERLAP,NVSHMEM,C0_DEFAULT,4096,1024,4096,16,1,4194304,46,0,828.512,835.520,1331.104,506.944,PASS,0
wm_S5_d1_q16m2_rep3,4,D1_PUSHSIG_OVERLAP,NVSHMEM,C0_DEFAULT,4096,1024,4096,16,2,4194304,46,0,1375.552,1386.880,1884.704,497.824,PASS,0
wm_S5_d1_q16m2_rep3,4,D1_PUSHSIG_OVERLAP,NVSHMEM,C0_DEFAULT,4096,1024,4096,16,3,4194304,46,0,1926.176,1929.632,2423.680,496.800,PASS,0
wm_S5_d1_q16m2_rep3,4,D1_PUSHSIG_OVERLAP,NVSHMEM,C0_DEFAULT,4096,1024,4096,16,4,4194304,46,0,2465.984,2469.696,2960.064,493.728,PASS,0
wm_S5_d1_q16m2_rep3,4,D1_PUSHSIG_OVERLAP,NVSHMEM,C0_DEFAULT,4096,1024,4096,16,5,4194304,46,0,3004.800,3008.288,3502.784,494.496,PASS,0
wm_S5_d1_q16m2_rep3,4,D1_PUSHSIG_OVERLAP,NVSHMEM,C0_DEFAULT,4096,1024,4096,16,6,4194304,46,0,3545.888,3549.280,4042.816,498.432,PASS,0
wm_S5_d1_q16m2_rep3,4,D1_PUSHSIG_OVERLAP,NVSHMEM,C0_DEFAULT,4096,1024,4096,16,7,4194304,46,0,4093.152,4097.312,4592.384,500.160,PASS,0
wm_S5_d1_q16m2_rep3,4,D1_PUSHSIG_OVERLAP,NVSHMEM,C0_DEFAULT,4096,1024,4096,16,8,4194304,46,0,4654.208,4657.856,5153.056,495.360,PASS,0
wm_S5_d1_q16m2_rep3,4,D1_PUSHSIG_OVERLAP,NVSHMEM,C0_DEFAULT,4096,1024,4096,16,9,4194304,46,0,5217.344,5220.928,5716.224,497.952,PASS,0
wm_S5_d1_q16m2_rep3,4,D1_PUSHSIG_OVERLAP,NVSHMEM,C0_DEFAULT,4096,1024,4096,16,10,4194304,46,0,5759.872,5763.968,6258.176,495.424,PASS,0
wm_S5_d1_q16m2_rep3,4,D1_PUSHSIG_OVERLAP,NVSHMEM,C0_DEFAULT,4096,1024,4096,16,11,4194304,46,0,6302.016,6305.600,6798.976,496.704,PASS,0
wm_S5_d1_q16m2_rep3,4,D1_PUSHSIG_OVERLAP,NVSHMEM,C0_DEFAULT,4096,1024,4096,16,12,4194304,46,0,6836.064,6841.440,7332.704,494.720,PASS,0
wm_S5_d1_q16m2_rep3,4,D1_PUSHSIG_OVERLAP,NVSHMEM,C0_DEFAULT,4096,1024,4096,16,13,4194304,46,0,7377.152,7380.704,7867.680,489.824,PASS,0
wm_S5_d1_q16m2_rep3,4,D1_PUSHSIG_OVERLAP,NVSHMEM,C0_DEFAULT,4096,1024,4096,16,14,4194304,46,0,7893.024,7896.512,8384.160,487.648,PASS,0
wm_S5_d1_q16m2_rep3,4,D1_PUSHSIG_OVERLAP,NVSHMEM,C0_DEFAULT,4096,1024,4096,16,15,4194304,46,0,8409.567,8413.088,8900.256,487.168,PASS,0
wm_S5_d1_q16m2_rep3,4,D1_PUSHSIG_OVERLAP,NVSHMEM,C0_DEFAULT,4096,1024,4096,16,0,4194304,47,0,248.224,252.736,750.336,497.600,PASS,0
wm_S5_d1_q16m2_rep3,4,D1_PUSHSIG_OVERLAP,NVSHMEM,C0_DEFAULT,4096,1024,4096,16,1,4194304,47,0,798.400,807.200,1302.304,495.680,PASS,0
wm_S5_d1_q16m2_rep3,4,D1_PUSHSIG_OVERLAP,NVSHMEM,C0_DEFAULT,4096,1024,4096,16,2,4194304,47,0,1343.456,1346.976,1839.040,494.016,PASS,0
wm_S5_d1_q16m2_rep3,4,D1_PUSHSIG_OVERLAP,NVSHMEM,C0_DEFAULT,4096,1024,4096,16,3,4194304,47,0,1883.584,1887.232,2383.264,502.656,PASS,0
wm_S5_d1_q16m2_rep3,4,D1_PUSHSIG_OVERLAP,NVSHMEM,C0_DEFAULT,4096,1024,4096,16,4,4194304,47,0,2431.776,2446.272,2954.208,507.936,PASS,0
wm_S5_d1_q16m2_rep3,4,D1_PUSHSIG_OVERLAP,NVSHMEM,C0_DEFAULT,4096,1024,4096,16,5,4194304,47,0,3000.192,3003.616,3495.808,493.760,PASS,0
wm_S5_d1_q16m2_rep3,4,D1_PUSHSIG_OVERLAP,NVSHMEM,C0_DEFAULT,4096,1024,4096,16,6,4194304,47,0,3538.624,3542.848,4039.104,499.008,PASS,0
wm_S5_d1_q16m2_rep3,4,D1_PUSHSIG_OVERLAP,NVSHMEM,C0_DEFAULT,4096,1024,4096,16,7,4194304,47,0,4084.480,4088.288,4582.176,497.824,PASS,0
wm_S5_d1_q16m2_rep3,4,D1_PUSHSIG_OVERLAP,NVSHMEM,C0_DEFAULT,4096,1024,4096,16,8,4194304,47,0,4624.992,4628.576,5119.712,496.896,PASS,0
wm_S5_d1_q16m2_rep3,4,D1_PUSHSIG_OVERLAP,NVSHMEM,C0_DEFAULT,4096,1024,4096,16,9,4194304,47,0,5166.112,5172.800,5670.272,513.280,PASS,0
wm_S5_d1_q16m2_rep3,4,D1_PUSHSIG_OVERLAP,NVSHMEM,C0_DEFAULT,4096,1024,4096,16,10,4194304,47,0,5712.864,5716.384,6213.248,496.864,PASS,0
wm_S5_d1_q16m2_rep3,4,D1_PUSHSIG_OVERLAP,NVSHMEM,C0_DEFAULT,4096,1024,4096,16,11,4194304,47,0,6261.376,6269.472,6766.144,496.672,PASS,0
wm_S5_d1_q16m2_rep3,4,D1_PUSHSIG_OVERLAP,NVSHMEM,C0_DEFAULT,4096,1024,4096,16,12,4194304,47,0,6807.968,6811.872,7299.392,495.744,PASS,0
wm_S5_d1_q16m2_rep3,4,D1_PUSHSIG_OVERLAP,NVSHMEM,C0_DEFAULT,4096,1024,4096,16,13,4194304,47,0,7337.568,7341.312,7827.968,493.152,PASS,0
wm_S5_d1_q16m2_rep3,4,D1_PUSHSIG_OVERLAP,NVSHMEM,C0_DEFAULT,4096,1024,4096,16,14,4194304,47,0,7869.888,7873.344,8360.512,493.344,PASS,0
wm_S5_d1_q16m2_rep3,4,D1_PUSHSIG_OVERLAP,NVSHMEM,C0_DEFAULT,4096,1024,4096,16,15,4194304,47,0,8395.903,8399.424,8885.984,487.072,PASS,0
wm_S5_d1_q16m2_rep3,4,D1_PUSHSIG_OVERLAP,NVSHMEM,C0_DEFAULT,4096,1024,4096,16,0,4194304,48,0,247.008,250.880,743.424,496.512,PASS,0
wm_S5_d1_q16m2_rep3,4,D1_PUSHSIG_OVERLAP,NVSHMEM,C0_DEFAULT,4096,1024,4096,16,1,4194304,48,0,785.600,789.056,1281.952,493.920,PASS,0
wm_S5_d1_q16m2_rep3,4,D1_PUSHSIG_OVERLAP,NVSHMEM,C0_DEFAULT,4096,1024,4096,16,2,4194304,48,0,1322.528,1325.984,1821.536,500.672,PASS,0
wm_S5_d1_q16m2_rep3,4,D1_PUSHSIG_OVERLAP,NVSHMEM,C0_DEFAULT,4096,1024,4096,16,3,4194304,48,0,1877.344,1887.808,2388.096,502.560,PASS,0
wm_S5_d1_q16m2_rep3,4,D1_PUSHSIG_OVERLAP,NVSHMEM,C0_DEFAULT,4096,1024,4096,16,4,4194304,48,0,2427.392,2431.360,2926.944,495.584,PASS,0
wm_S5_d1_q16m2_rep3,4,D1_PUSHSIG_OVERLAP,NVSHMEM,C0_DEFAULT,4096,1024,4096,16,5,4194304,48,0,2979.040,2983.360,3479.264,508.768,PASS,0
wm_S5_d1_q16m2_rep3,4,D1_PUSHSIG_OVERLAP,NVSHMEM,C0_DEFAULT,4096,1024,4096,16,6,4194304,48,0,3525.536,3529.888,4023.584,502.912,PASS,0
wm_S5_d1_q16m2_rep3,4,D1_PUSHSIG_OVERLAP,NVSHMEM,C0_DEFAULT,4096,1024,4096,16,7,4194304,48,0,4064.032,4068.224,4562.112,495.584,PASS,0
wm_S5_d1_q16m2_rep3,4,D1_PUSHSIG_OVERLAP,NVSHMEM,C0_DEFAULT,4096,1024,4096,16,8,4194304,48,0,4640.160,4643.936,5136.640,496.480,PASS,0
wm_S5_d1_q16m2_rep3,4,D1_PUSHSIG_OVERLAP,NVSHMEM,C0_DEFAULT,4096,1024,4096,16,9,4194304,48,0,5192.416,5196.096,5691.360,499.712,PASS,0
wm_S5_d1_q16m2_rep3,4,D1_PUSHSIG_OVERLAP,NVSHMEM,C0_DEFAULT,4096,1024,4096,16,10,4194304,48,0,5731.328,5735.360,6227.104,495.424,PASS,0
wm_S5_d1_q16m2_rep3,4,D1_PUSHSIG_OVERLAP,NVSHMEM,C0_DEFAULT,4096,1024,4096,16,11,4194304,48,0,6270.592,6274.656,6767.648,496.832,PASS,0
wm_S5_d1_q16m2_rep3,4,D1_PUSHSIG_OVERLAP,NVSHMEM,C0_DEFAULT,4096,1024,4096,16,12,4194304,48,0,6808.800,6812.416,7308.224,499.168,PASS,0
wm_S5_d1_q16m2_rep3,4,D1_PUSHSIG_OVERLAP,NVSHMEM,C0_DEFAULT,4096,1024,4096,16,13,4194304,48,0,7346.816,7350.304,7837.344,491.936,PASS,0
wm_S5_d1_q16m2_rep3,4,D1_PUSHSIG_OVERLAP,NVSHMEM,C0_DEFAULT,4096,1024,4096,16,14,4194304,48,0,7879.328,7882.976,8369.920,491.872,PASS,0
wm_S5_d1_q16m2_rep3,4,D1_PUSHSIG_OVERLAP,NVSHMEM,C0_DEFAULT,4096,1024,4096,16,15,4194304,48,0,8425.824,8429.344,8916.353,488.320,PASS,0
wm_S5_d1_q16m2_rep3,4,D1_PUSHSIG_OVERLAP,NVSHMEM,C0_DEFAULT,4096,1024,4096,16,0,4194304,49,0,256.768,260.224,758.944,500.448,PASS,0
wm_S5_d1_q16m2_rep3,4,D1_PUSHSIG_OVERLAP,NVSHMEM,C0_DEFAULT,4096,1024,4096,16,1,4194304,49,0,853.920,858.144,1356.544,499.232,PASS,0
wm_S5_d1_q16m2_rep3,4,D1_PUSHSIG_OVERLAP,NVSHMEM,C0_DEFAULT,4096,1024,4096,16,2,4194304,49,0,1406.560,1418.912,1918.848,499.936,PASS,0
wm_S5_d1_q16m2_rep3,4,D1_PUSHSIG_OVERLAP,NVSHMEM,C0_DEFAULT,4096,1024,4096,16,3,4194304,49,0,1959.296,1962.816,2456.448,493.664,PASS,0
wm_S5_d1_q16m2_rep3,4,D1_PUSHSIG_OVERLAP,NVSHMEM,C0_DEFAULT,4096,1024,4096,16,4,4194304,49,0,2498.272,2501.696,2997.408,495.712,PASS,0
wm_S5_d1_q16m2_rep3,4,D1_PUSHSIG_OVERLAP,NVSHMEM,C0_DEFAULT,4096,1024,4096,16,5,4194304,49,0,3044.480,3055.840,3549.760,493.920,PASS,0
wm_S5_d1_q16m2_rep3,4,D1_PUSHSIG_OVERLAP,NVSHMEM,C0_DEFAULT,4096,1024,4096,16,6,4194304,49,0,3590.752,3594.272,4086.752,495.328,PASS,0
wm_S5_d1_q16m2_rep3,4,D1_PUSHSIG_OVERLAP,NVSHMEM,C0_DEFAULT,4096,1024,4096,16,7,4194304,49,0,4129.728,4133.184,4630.368,504.320,PASS,0
wm_S5_d1_q16m2_rep3,4,D1_PUSHSIG_OVERLAP,NVSHMEM,C0_DEFAULT,4096,1024,4096,16,8,4194304,49,0,4693.280,4696.800,5189.344,493.632,PASS,0
wm_S5_d1_q16m2_rep3,4,D1_PUSHSIG_OVERLAP,NVSHMEM,C0_DEFAULT,4096,1024,4096,16,9,4194304,49,0,5228.288,5231.744,5724.832,501.184,PASS,0
wm_S5_d1_q16m2_rep3,4,D1_PUSHSIG_OVERLAP,NVSHMEM,C0_DEFAULT,4096,1024,4096,16,10,4194304,49,0,5768.992,5772.448,6266.496,494.048,PASS,0
wm_S5_d1_q16m2_rep3,4,D1_PUSHSIG_OVERLAP,NVSHMEM,C0_DEFAULT,4096,1024,4096,16,11,4194304,49,0,6305.600,6308.992,6801.952,501.824,PASS,0
wm_S5_d1_q16m2_rep3,4,D1_PUSHSIG_OVERLAP,NVSHMEM,C0_DEFAULT,4096,1024,4096,16,12,4194304,49,0,6841.120,6844.640,7337.984,494.880,PASS,0
wm_S5_d1_q16m2_rep3,4,D1_PUSHSIG_OVERLAP,NVSHMEM,C0_DEFAULT,4096,1024,4096,16,13,4194304,49,0,7397.824,7402.944,7890.464,494.144,PASS,0
wm_S5_d1_q16m2_rep3,4,D1_PUSHSIG_OVERLAP,NVSHMEM,C0_DEFAULT,4096,1024,4096,16,14,4194304,49,0,7920.704,7924.192,8411.616,493.056,PASS,0
wm_S5_d1_q16m2_rep3,4,D1_PUSHSIG_OVERLAP,NVSHMEM,C0_DEFAULT,4096,1024,4096,16,15,4194304,49,0,8468.128,8471.616,8958.336,488.160,PASS,0
