run_id,rank,rank_count,device,gfx_arch,path,family,candidate,M,N,K,q,slice_index,slice_bytes,iteration_index,t_issue_us,t_release_us,t_gemm_start_us,t_gemm_end_us,t_gemm_duration_us,correctness,status
PHASEB_formal_ds_C0_DEFAULT_N512_q8_rep4,3,4,3,sm_89,DS_PUSHSIG_SERIAL,NVSHMEM,C0_DEFAULT,2048,512,2048,8,0,2097152,0,0,120.096,123.648,274.464,150.816,PASS,0
PHASEB_formal_ds_C0_DEFAULT_N512_q8_rep4,3,4,3,sm_89,DS_PUSHSIG_SERIAL,NVSHMEM,C0_DEFAULT,2048,512,2048,8,1,2097152,0,0,367.136,370.496,520.928,150.432,PASS,0
PHASEB_formal_ds_C0_DEFAULT_N512_q8_rep4,3,4,3,sm_89,DS_PUSHSIG_SERIAL,NVSHMEM,C0_DEFAULT,2048,512,2048,8,2,2097152,0,0,643.296,647.072,796.000,148.928,PASS,0
PHASEB_formal_ds_C0_DEFAULT_N512_q8_rep4,3,4,3,sm_89,DS_PUSHSIG_SERIAL,NVSHMEM,C0_DEFAULT,2048,512,2048,8,3,2097152,0,0,881.536,885.568,1036.608,151.040,PASS,0
PHASEB_formal_ds_C0_DEFAULT_N512_q8_rep4,3,4,3,sm_89,DS_PUSHSIG_SERIAL,NVSHMEM,C0_DEFAULT,2048,512,2048,8,4,2097152,0,0,1148.992,1152.352,1301.088,148.736,PASS,0
PHASEB_formal_ds_C0_DEFAULT_N512_q8_rep4,3,4,3,sm_89,DS_PUSHSIG_SERIAL,NVSHMEM,C0_DEFAULT,2048,512,2048,8,5,2097152,0,0,1385.984,1391.968,1543.936,151.968,PASS,0
PHASEB_formal_ds_C0_DEFAULT_N512_q8_rep4,3,4,3,sm_89,DS_PUSHSIG_SERIAL,NVSHMEM,C0_DEFAULT,2048,512,2048,8,6,2097152,0,0,1663.136,1666.496,1817.568,151.072,PASS,0
PHASEB_formal_ds_C0_DEFAULT_N512_q8_rep4,3,4,3,sm_89,DS_PUSHSIG_SERIAL,NVSHMEM,C0_DEFAULT,2048,512,2048,8,7,2097152,0,0,1901.216,1905.888,2055.648,149.760,PASS,0
PHASEB_formal_ds_C0_DEFAULT_N512_q8_rep4,3,4,3,sm_89,DS_PUSHSIG_SERIAL,NVSHMEM,C0_DEFAULT,2048,512,2048,8,0,2097152,1,0,136.896,140.320,292.928,152.608,PASS,0
PHASEB_formal_ds_C0_DEFAULT_N512_q8_rep4,3,4,3,sm_89,DS_PUSHSIG_SERIAL,NVSHMEM,C0_DEFAULT,2048,512,2048,8,1,2097152,1,0,370.912,374.240,528.160,153.920,PASS,0
PHASEB_formal_ds_C0_DEFAULT_N512_q8_rep4,3,4,3,sm_89,DS_PUSHSIG_SERIAL,NVSHMEM,C0_DEFAULT,2048,512,2048,8,2,2097152,1,0,647.840,651.168,804.736,153.568,PASS,0
PHASEB_formal_ds_C0_DEFAULT_N512_q8_rep4,3,4,3,sm_89,DS_PUSHSIG_SERIAL,NVSHMEM,C0_DEFAULT,2048,512,2048,8,3,2097152,1,0,888.512,894.656,1048.512,153.856,PASS,0
PHASEB_formal_ds_C0_DEFAULT_N512_q8_rep4,3,4,3,sm_89,DS_PUSHSIG_SERIAL,NVSHMEM,C0_DEFAULT,2048,512,2048,8,4,2097152,1,0,1166.272,1169.600,1321.312,151.712,PASS,0
PHASEB_formal_ds_C0_DEFAULT_N512_q8_rep4,3,4,3,sm_89,DS_PUSHSIG_SERIAL,NVSHMEM,C0_DEFAULT,2048,512,2048,8,5,2097152,1,0,1415.424,1418.784,1569.024,150.240,PASS,0
PHASEB_formal_ds_C0_DEFAULT_N512_q8_rep4,3,4,3,sm_89,DS_PUSHSIG_SERIAL,NVSHMEM,C0_DEFAULT,2048,512,2048,8,6,2097152,1,0,1681.408,1684.864,1833.344,148.480,PASS,0
PHASEB_formal_ds_C0_DEFAULT_N512_q8_rep4,3,4,3,sm_89,DS_PUSHSIG_SERIAL,NVSHMEM,C0_DEFAULT,2048,512,2048,8,7,2097152,1,0,1917.184,1920.608,2069.728,149.120,PASS,0
PHASEB_formal_ds_C0_DEFAULT_N512_q8_rep4,3,4,3,sm_89,DS_PUSHSIG_SERIAL,NVSHMEM,C0_DEFAULT,2048,512,2048,8,0,2097152,2,0,117.216,120.768,272.256,151.488,PASS,0
PHASEB_formal_ds_C0_DEFAULT_N512_q8_rep4,3,4,3,sm_89,DS_PUSHSIG_SERIAL,NVSHMEM,C0_DEFAULT,2048,512,2048,8,1,2097152,2,0,380.480,383.936,537.760,153.824,PASS,0
PHASEB_formal_ds_C0_DEFAULT_N512_q8_rep4,3,4,3,sm_89,DS_PUSHSIG_SERIAL,NVSHMEM,C0_DEFAULT,2048,512,2048,8,2,2097152,2,0,623.584,630.528,783.008,152.480,PASS,0
PHASEB_formal_ds_C0_DEFAULT_N512_q8_rep4,3,4,3,sm_89,DS_PUSHSIG_SERIAL,NVSHMEM,C0_DEFAULT,2048,512,2048,8,3,2097152,2,0,902.560,905.952,1059.360,153.408,PASS,0
PHASEB_formal_ds_C0_DEFAULT_N512_q8_rep4,3,4,3,sm_89,DS_PUSHSIG_SERIAL,NVSHMEM,C0_DEFAULT,2048,512,2048,8,4,2097152,2,0,1183.936,1187.296,1336.640,149.344,PASS,0
PHASEB_formal_ds_C0_DEFAULT_N512_q8_rep4,3,4,3,sm_89,DS_PUSHSIG_SERIAL,NVSHMEM,C0_DEFAULT,2048,512,2048,8,5,2097152,2,0,1433.472,1436.864,1587.264,150.400,PASS,0
PHASEB_formal_ds_C0_DEFAULT_N512_q8_rep4,3,4,3,sm_89,DS_PUSHSIG_SERIAL,NVSHMEM,C0_DEFAULT,2048,512,2048,8,6,2097152,2,0,1682.080,1686.112,1836.672,150.560,PASS,0
PHASEB_formal_ds_C0_DEFAULT_N512_q8_rep4,3,4,3,sm_89,DS_PUSHSIG_SERIAL,NVSHMEM,C0_DEFAULT,2048,512,2048,8,7,2097152,2,0,1954.688,1958.176,2106.752,148.576,PASS,0
PHASEB_formal_ds_C0_DEFAULT_N512_q8_rep4,3,4,3,sm_89,DS_PUSHSIG_SERIAL,NVSHMEM,C0_DEFAULT,2048,512,2048,8,0,2097152,3,0,133.216,136.640,288.736,152.096,PASS,0
PHASEB_formal_ds_C0_DEFAULT_N512_q8_rep4,3,4,3,sm_89,DS_PUSHSIG_SERIAL,NVSHMEM,C0_DEFAULT,2048,512,2048,8,1,2097152,3,0,396.064,399.488,549.760,150.272,PASS,0
PHASEB_formal_ds_C0_DEFAULT_N512_q8_rep4,3,4,3,sm_89,DS_PUSHSIG_SERIAL,NVSHMEM,C0_DEFAULT,2048,512,2048,8,2,2097152,3,0,673.888,677.664,829.248,151.584,PASS,0
PHASEB_formal_ds_C0_DEFAULT_N512_q8_rep4,3,4,3,sm_89,DS_PUSHSIG_SERIAL,NVSHMEM,C0_DEFAULT,2048,512,2048,8,3,2097152,3,0,923.136,928.192,1078.560,150.368,PASS,0
PHASEB_formal_ds_C0_DEFAULT_N512_q8_rep4,3,4,3,sm_89,DS_PUSHSIG_SERIAL,NVSHMEM,C0_DEFAULT,2048,512,2048,8,4,2097152,3,0,1198.112,1201.568,1351.648,150.080,PASS,0
PHASEB_formal_ds_C0_DEFAULT_N512_q8_rep4,3,4,3,sm_89,DS_PUSHSIG_SERIAL,NVSHMEM,C0_DEFAULT,2048,512,2048,8,5,2097152,3,0,1437.248,1442.240,1592.352,150.112,PASS,0
PHASEB_formal_ds_C0_DEFAULT_N512_q8_rep4,3,4,3,sm_89,DS_PUSHSIG_SERIAL,NVSHMEM,C0_DEFAULT,2048,512,2048,8,6,2097152,3,0,1703.776,1708.064,1857.984,149.920,PASS,0
PHASEB_formal_ds_C0_DEFAULT_N512_q8_rep4,3,4,3,sm_89,DS_PUSHSIG_SERIAL,NVSHMEM,C0_DEFAULT,2048,512,2048,8,7,2097152,3,0,1972.096,1975.648,2125.472,149.824,PASS,0
PHASEB_formal_ds_C0_DEFAULT_N512_q8_rep4,3,4,3,sm_89,DS_PUSHSIG_SERIAL,NVSHMEM,C0_DEFAULT,2048,512,2048,8,0,2097152,4,0,131.072,134.432,285.632,151.200,PASS,0
PHASEB_formal_ds_C0_DEFAULT_N512_q8_rep4,3,4,3,sm_89,DS_PUSHSIG_SERIAL,NVSHMEM,C0_DEFAULT,2048,512,2048,8,1,2097152,4,0,367.456,374.240,526.784,152.544,PASS,0
PHASEB_formal_ds_C0_DEFAULT_N512_q8_rep4,3,4,3,sm_89,DS_PUSHSIG_SERIAL,NVSHMEM,C0_DEFAULT,2048,512,2048,8,2,2097152,4,0,660.640,664.096,815.040,150.944,PASS,0
PHASEB_formal_ds_C0_DEFAULT_N512_q8_rep4,3,4,3,sm_89,DS_PUSHSIG_SERIAL,NVSHMEM,C0_DEFAULT,2048,512,2048,8,3,2097152,4,0,920.480,924.352,1075.328,150.976,PASS,0
PHASEB_formal_ds_C0_DEFAULT_N512_q8_rep4,3,4,3,sm_89,DS_PUSHSIG_SERIAL,NVSHMEM,C0_DEFAULT,2048,512,2048,8,4,2097152,4,0,1160.736,1164.160,1315.264,151.104,PASS,0
PHASEB_formal_ds_C0_DEFAULT_N512_q8_rep4,3,4,3,sm_89,DS_PUSHSIG_SERIAL,NVSHMEM,C0_DEFAULT,2048,512,2048,8,5,2097152,4,0,1436.448,1440.352,1589.984,149.632,PASS,0
PHASEB_formal_ds_C0_DEFAULT_N512_q8_rep4,3,4,3,sm_89,DS_PUSHSIG_SERIAL,NVSHMEM,C0_DEFAULT,2048,512,2048,8,6,2097152,4,0,1673.120,1680.032,1831.584,151.552,PASS,0
PHASEB_formal_ds_C0_DEFAULT_N512_q8_rep4,3,4,3,sm_89,DS_PUSHSIG_SERIAL,NVSHMEM,C0_DEFAULT,2048,512,2048,8,7,2097152,4,0,1944.128,1947.552,2096.320,148.768,PASS,0
PHASEB_formal_ds_C0_DEFAULT_N512_q8_rep4,3,4,3,sm_89,DS_PUSHSIG_SERIAL,NVSHMEM,C0_DEFAULT,2048,512,2048,8,0,2097152,5,0,136.256,139.616,290.816,151.200,PASS,0
PHASEB_formal_ds_C0_DEFAULT_N512_q8_rep4,3,4,3,sm_89,DS_PUSHSIG_SERIAL,NVSHMEM,C0_DEFAULT,2048,512,2048,8,1,2097152,5,0,382.176,387.648,538.272,150.624,PASS,0
PHASEB_formal_ds_C0_DEFAULT_N512_q8_rep4,3,4,3,sm_89,DS_PUSHSIG_SERIAL,NVSHMEM,C0_DEFAULT,2048,512,2048,8,2,2097152,5,0,653.408,656.800,806.304,149.504,PASS,0
PHASEB_formal_ds_C0_DEFAULT_N512_q8_rep4,3,4,3,sm_89,DS_PUSHSIG_SERIAL,NVSHMEM,C0_DEFAULT,2048,512,2048,8,3,2097152,5,0,888.672,894.464,1046.848,152.384,PASS,0
PHASEB_formal_ds_C0_DEFAULT_N512_q8_rep4,3,4,3,sm_89,DS_PUSHSIG_SERIAL,NVSHMEM,C0_DEFAULT,2048,512,2048,8,4,2097152,5,0,1168.448,1171.808,1322.464,150.656,PASS,0
PHASEB_formal_ds_C0_DEFAULT_N512_q8_rep4,3,4,3,sm_89,DS_PUSHSIG_SERIAL,NVSHMEM,C0_DEFAULT,2048,512,2048,8,5,2097152,5,0,1408.096,1413.984,1563.680,149.696,PASS,0
PHASEB_formal_ds_C0_DEFAULT_N512_q8_rep4,3,4,3,sm_89,DS_PUSHSIG_SERIAL,NVSHMEM,C0_DEFAULT,2048,512,2048,8,6,2097152,5,0,1680.384,1684.064,1835.328,151.264,PASS,0
PHASEB_formal_ds_C0_DEFAULT_N512_q8_rep4,3,4,3,sm_89,DS_PUSHSIG_SERIAL,NVSHMEM,C0_DEFAULT,2048,512,2048,8,7,2097152,5,0,1912.416,1915.840,2065.312,149.472,PASS,0
PHASEB_formal_ds_C0_DEFAULT_N512_q8_rep4,3,4,3,sm_89,DS_PUSHSIG_SERIAL,NVSHMEM,C0_DEFAULT,2048,512,2048,8,0,2097152,6,0,123.136,126.592,279.680,153.088,PASS,0
PHASEB_formal_ds_C0_DEFAULT_N512_q8_rep4,3,4,3,sm_89,DS_PUSHSIG_SERIAL,NVSHMEM,C0_DEFAULT,2048,512,2048,8,1,2097152,6,0,361.312,367.424,518.464,151.040,PASS,0
PHASEB_formal_ds_C0_DEFAULT_N512_q8_rep4,3,4,3,sm_89,DS_PUSHSIG_SERIAL,NVSHMEM,C0_DEFAULT,2048,512,2048,8,2,2097152,6,0,636.032,639.424,791.264,151.840,PASS,0
PHASEB_formal_ds_C0_DEFAULT_N512_q8_rep4,3,4,3,sm_89,DS_PUSHSIG_SERIAL,NVSHMEM,C0_DEFAULT,2048,512,2048,8,3,2097152,6,0,876.096,880.352,1032.416,152.064,PASS,0
PHASEB_formal_ds_C0_DEFAULT_N512_q8_rep4,3,4,3,sm_89,DS_PUSHSIG_SERIAL,NVSHMEM,C0_DEFAULT,2048,512,2048,8,4,2097152,6,0,1148.832,1152.224,1302.176,149.952,PASS,0
PHASEB_formal_ds_C0_DEFAULT_N512_q8_rep4,3,4,3,sm_89,DS_PUSHSIG_SERIAL,NVSHMEM,C0_DEFAULT,2048,512,2048,8,5,2097152,6,0,1381.856,1385.696,1539.616,153.920,PASS,0
PHASEB_formal_ds_C0_DEFAULT_N512_q8_rep4,3,4,3,sm_89,DS_PUSHSIG_SERIAL,NVSHMEM,C0_DEFAULT,2048,512,2048,8,6,2097152,6,0,1658.688,1662.080,1811.584,149.504,PASS,0
PHASEB_formal_ds_C0_DEFAULT_N512_q8_rep4,3,4,3,sm_89,DS_PUSHSIG_SERIAL,NVSHMEM,C0_DEFAULT,2048,512,2048,8,7,2097152,6,0,1902.208,1905.920,2055.104,149.184,PASS,0
PHASEB_formal_ds_C0_DEFAULT_N512_q8_rep4,3,4,3,sm_89,DS_PUSHSIG_SERIAL,NVSHMEM,C0_DEFAULT,2048,512,2048,8,0,2097152,7,0,127.072,130.432,281.696,151.264,PASS,0
PHASEB_formal_ds_C0_DEFAULT_N512_q8_rep4,3,4,3,sm_89,DS_PUSHSIG_SERIAL,NVSHMEM,C0_DEFAULT,2048,512,2048,8,1,2097152,7,0,424.768,428.192,580.704,152.512,PASS,0
PHASEB_formal_ds_C0_DEFAULT_N512_q8_rep4,3,4,3,sm_89,DS_PUSHSIG_SERIAL,NVSHMEM,C0_DEFAULT,2048,512,2048,8,2,2097152,7,0,699.968,703.392,854.240,150.848,PASS,0
PHASEB_formal_ds_C0_DEFAULT_N512_q8_rep4,3,4,3,sm_89,DS_PUSHSIG_SERIAL,NVSHMEM,C0_DEFAULT,2048,512,2048,8,3,2097152,7,0,964.064,967.456,1119.424,151.968,PASS,0
PHASEB_formal_ds_C0_DEFAULT_N512_q8_rep4,3,4,3,sm_89,DS_PUSHSIG_SERIAL,NVSHMEM,C0_DEFAULT,2048,512,2048,8,4,2097152,7,0,1201.472,1207.776,1361.664,153.888,PASS,0
PHASEB_formal_ds_C0_DEFAULT_N512_q8_rep4,3,4,3,sm_89,DS_PUSHSIG_SERIAL,NVSHMEM,C0_DEFAULT,2048,512,2048,8,5,2097152,7,0,1476.192,1479.552,1629.504,149.952,PASS,0
PHASEB_formal_ds_C0_DEFAULT_N512_q8_rep4,3,4,3,sm_89,DS_PUSHSIG_SERIAL,NVSHMEM,C0_DEFAULT,2048,512,2048,8,6,2097152,7,0,1712.832,1718.624,1872.480,153.856,PASS,0
PHASEB_formal_ds_C0_DEFAULT_N512_q8_rep4,3,4,3,sm_89,DS_PUSHSIG_SERIAL,NVSHMEM,C0_DEFAULT,2048,512,2048,8,7,2097152,7,0,1989.088,1992.544,2141.600,149.056,PASS,0
PHASEB_formal_ds_C0_DEFAULT_N512_q8_rep4,3,4,3,sm_89,DS_PUSHSIG_SERIAL,NVSHMEM,C0_DEFAULT,2048,512,2048,8,0,2097152,8,0,145.920,149.376,301.280,151.904,PASS,0
PHASEB_formal_ds_C0_DEFAULT_N512_q8_rep4,3,4,3,sm_89,DS_PUSHSIG_SERIAL,NVSHMEM,C0_DEFAULT,2048,512,2048,8,1,2097152,8,0,385.344,390.976,542.528,151.552,PASS,0
PHASEB_formal_ds_C0_DEFAULT_N512_q8_rep4,3,4,3,sm_89,DS_PUSHSIG_SERIAL,NVSHMEM,C0_DEFAULT,2048,512,2048,8,2,2097152,8,0,657.984,661.600,810.976,149.376,PASS,0
PHASEB_formal_ds_C0_DEFAULT_N512_q8_rep4,3,4,3,sm_89,DS_PUSHSIG_SERIAL,NVSHMEM,C0_DEFAULT,2048,512,2048,8,3,2097152,8,0,917.824,921.344,1075.072,153.728,PASS,0
PHASEB_formal_ds_C0_DEFAULT_N512_q8_rep4,3,4,3,sm_89,DS_PUSHSIG_SERIAL,NVSHMEM,C0_DEFAULT,2048,512,2048,8,4,2097152,8,0,1166.656,1170.336,1320.576,150.240,PASS,0
PHASEB_formal_ds_C0_DEFAULT_N512_q8_rep4,3,4,3,sm_89,DS_PUSHSIG_SERIAL,NVSHMEM,C0_DEFAULT,2048,512,2048,8,5,2097152,8,0,1434.880,1438.592,1587.488,148.896,PASS,0
PHASEB_formal_ds_C0_DEFAULT_N512_q8_rep4,3,4,3,sm_89,DS_PUSHSIG_SERIAL,NVSHMEM,C0_DEFAULT,2048,512,2048,8,6,2097152,8,0,1671.840,1676.576,1827.968,151.392,PASS,0
PHASEB_formal_ds_C0_DEFAULT_N512_q8_rep4,3,4,3,sm_89,DS_PUSHSIG_SERIAL,NVSHMEM,C0_DEFAULT,2048,512,2048,8,7,2097152,8,0,1941.600,1945.024,2094.208,149.184,PASS,0
PHASEB_formal_ds_C0_DEFAULT_N512_q8_rep4,3,4,3,sm_89,DS_PUSHSIG_SERIAL,NVSHMEM,C0_DEFAULT,2048,512,2048,8,0,2097152,9,0,125.824,129.184,280.832,151.648,PASS,0
PHASEB_formal_ds_C0_DEFAULT_N512_q8_rep4,3,4,3,sm_89,DS_PUSHSIG_SERIAL,NVSHMEM,C0_DEFAULT,2048,512,2048,8,1,2097152,9,0,365.088,370.880,521.344,150.464,PASS,0
PHASEB_formal_ds_C0_DEFAULT_N512_q8_rep4,3,4,3,sm_89,DS_PUSHSIG_SERIAL,NVSHMEM,C0_DEFAULT,2048,512,2048,8,2,2097152,9,0,641.408,644.800,794.720,149.920,PASS,0
PHASEB_formal_ds_C0_DEFAULT_N512_q8_rep4,3,4,3,sm_89,DS_PUSHSIG_SERIAL,NVSHMEM,C0_DEFAULT,2048,512,2048,8,3,2097152,9,0,898.176,901.600,1055.680,154.080,PASS,0
PHASEB_formal_ds_C0_DEFAULT_N512_q8_rep4,3,4,3,sm_89,DS_PUSHSIG_SERIAL,NVSHMEM,C0_DEFAULT,2048,512,2048,8,4,2097152,9,0,1163.936,1167.424,1318.336,150.912,PASS,0
PHASEB_formal_ds_C0_DEFAULT_N512_q8_rep4,3,4,3,sm_89,DS_PUSHSIG_SERIAL,NVSHMEM,C0_DEFAULT,2048,512,2048,8,5,2097152,9,0,1435.616,1438.976,1589.408,150.432,PASS,0
PHASEB_formal_ds_C0_DEFAULT_N512_q8_rep4,3,4,3,sm_89,DS_PUSHSIG_SERIAL,NVSHMEM,C0_DEFAULT,2048,512,2048,8,6,2097152,9,0,1678.016,1682.816,1832.160,149.344,PASS,0
PHASEB_formal_ds_C0_DEFAULT_N512_q8_rep4,3,4,3,sm_89,DS_PUSHSIG_SERIAL,NVSHMEM,C0_DEFAULT,2048,512,2048,8,7,2097152,9,0,1949.152,1952.576,2101.760,149.184,PASS,0
PHASEB_formal_ds_C0_DEFAULT_N512_q8_rep4,3,4,3,sm_89,DS_PUSHSIG_SERIAL,NVSHMEM,C0_DEFAULT,2048,512,2048,8,0,2097152,10,0,126.784,130.112,283.168,153.056,PASS,0
PHASEB_formal_ds_C0_DEFAULT_N512_q8_rep4,3,4,3,sm_89,DS_PUSHSIG_SERIAL,NVSHMEM,C0_DEFAULT,2048,512,2048,8,1,2097152,10,0,356.160,359.936,513.664,153.728,PASS,0
PHASEB_formal_ds_C0_DEFAULT_N512_q8_rep4,3,4,3,sm_89,DS_PUSHSIG_SERIAL,NVSHMEM,C0_DEFAULT,2048,512,2048,8,2,2097152,10,0,632.864,636.192,787.424,151.232,PASS,0
PHASEB_formal_ds_C0_DEFAULT_N512_q8_rep4,3,4,3,sm_89,DS_PUSHSIG_SERIAL,NVSHMEM,C0_DEFAULT,2048,512,2048,8,3,2097152,10,0,899.712,903.328,1055.264,151.936,PASS,0
PHASEB_formal_ds_C0_DEFAULT_N512_q8_rep4,3,4,3,sm_89,DS_PUSHSIG_SERIAL,NVSHMEM,C0_DEFAULT,2048,512,2048,8,4,2097152,10,0,1171.040,1174.560,1325.952,151.392,PASS,0
PHASEB_formal_ds_C0_DEFAULT_N512_q8_rep4,3,4,3,sm_89,DS_PUSHSIG_SERIAL,NVSHMEM,C0_DEFAULT,2048,512,2048,8,5,2097152,10,0,1411.712,1417.280,1568.576,151.296,PASS,0
PHASEB_formal_ds_C0_DEFAULT_N512_q8_rep4,3,4,3,sm_89,DS_PUSHSIG_SERIAL,NVSHMEM,C0_DEFAULT,2048,512,2048,8,6,2097152,10,0,1684.448,1687.808,1837.536,149.728,PASS,0
PHASEB_formal_ds_C0_DEFAULT_N512_q8_rep4,3,4,3,sm_89,DS_PUSHSIG_SERIAL,NVSHMEM,C0_DEFAULT,2048,512,2048,8,7,2097152,10,0,1947.904,1951.328,2100.288,148.960,PASS,0
PHASEB_formal_ds_C0_DEFAULT_N512_q8_rep4,3,4,3,sm_89,DS_PUSHSIG_SERIAL,NVSHMEM,C0_DEFAULT,2048,512,2048,8,0,2097152,11,0,139.104,142.464,295.392,152.928,PASS,0
PHASEB_formal_ds_C0_DEFAULT_N512_q8_rep4,3,4,3,sm_89,DS_PUSHSIG_SERIAL,NVSHMEM,C0_DEFAULT,2048,512,2048,8,1,2097152,11,0,382.112,385.824,537.152,151.328,PASS,0
PHASEB_formal_ds_C0_DEFAULT_N512_q8_rep4,3,4,3,sm_89,DS_PUSHSIG_SERIAL,NVSHMEM,C0_DEFAULT,2048,512,2048,8,2,2097152,11,0,655.232,658.592,809.344,150.752,PASS,0
PHASEB_formal_ds_C0_DEFAULT_N512_q8_rep4,3,4,3,sm_89,DS_PUSHSIG_SERIAL,NVSHMEM,C0_DEFAULT,2048,512,2048,8,3,2097152,11,0,894.848,899.936,1050.048,150.112,PASS,0
PHASEB_formal_ds_C0_DEFAULT_N512_q8_rep4,3,4,3,sm_89,DS_PUSHSIG_SERIAL,NVSHMEM,C0_DEFAULT,2048,512,2048,8,4,2097152,11,0,1173.408,1176.768,1326.112,149.344,PASS,0
PHASEB_formal_ds_C0_DEFAULT_N512_q8_rep4,3,4,3,sm_89,DS_PUSHSIG_SERIAL,NVSHMEM,C0_DEFAULT,2048,512,2048,8,5,2097152,11,0,1405.792,1409.632,1564.256,154.624,PASS,0
PHASEB_formal_ds_C0_DEFAULT_N512_q8_rep4,3,4,3,sm_89,DS_PUSHSIG_SERIAL,NVSHMEM,C0_DEFAULT,2048,512,2048,8,6,2097152,11,0,1684.416,1687.808,1837.504,149.696,PASS,0
PHASEB_formal_ds_C0_DEFAULT_N512_q8_rep4,3,4,3,sm_89,DS_PUSHSIG_SERIAL,NVSHMEM,C0_DEFAULT,2048,512,2048,8,7,2097152,11,0,1920.480,1926.176,2075.104,148.928,PASS,0
PHASEB_formal_ds_C0_DEFAULT_N512_q8_rep4,3,4,3,sm_89,DS_PUSHSIG_SERIAL,NVSHMEM,C0_DEFAULT,2048,512,2048,8,0,2097152,12,0,130.880,134.272,285.600,151.328,PASS,0
PHASEB_formal_ds_C0_DEFAULT_N512_q8_rep4,3,4,3,sm_89,DS_PUSHSIG_SERIAL,NVSHMEM,C0_DEFAULT,2048,512,2048,8,1,2097152,12,0,395.264,398.752,550.176,151.424,PASS,0
PHASEB_formal_ds_C0_DEFAULT_N512_q8_rep4,3,4,3,sm_89,DS_PUSHSIG_SERIAL,NVSHMEM,C0_DEFAULT,2048,512,2048,8,2,2097152,12,0,640.192,645.024,794.528,149.504,PASS,0
PHASEB_formal_ds_C0_DEFAULT_N512_q8_rep4,3,4,3,sm_89,DS_PUSHSIG_SERIAL,NVSHMEM,C0_DEFAULT,2048,512,2048,8,3,2097152,12,0,910.336,913.696,1065.536,151.840,PASS,0
PHASEB_formal_ds_C0_DEFAULT_N512_q8_rep4,3,4,3,sm_89,DS_PUSHSIG_SERIAL,NVSHMEM,C0_DEFAULT,2048,512,2048,8,4,2097152,12,0,1150.016,1155.232,1306.112,150.880,PASS,0
PHASEB_formal_ds_C0_DEFAULT_N512_q8_rep4,3,4,3,sm_89,DS_PUSHSIG_SERIAL,NVSHMEM,C0_DEFAULT,2048,512,2048,8,5,2097152,12,0,1420.064,1423.776,1574.176,150.400,PASS,0
PHASEB_formal_ds_C0_DEFAULT_N512_q8_rep4,3,4,3,sm_89,DS_PUSHSIG_SERIAL,NVSHMEM,C0_DEFAULT,2048,512,2048,8,6,2097152,12,0,1657.888,1662.432,1811.936,149.504,PASS,0
PHASEB_formal_ds_C0_DEFAULT_N512_q8_rep4,3,4,3,sm_89,DS_PUSHSIG_SERIAL,NVSHMEM,C0_DEFAULT,2048,512,2048,8,7,2097152,12,0,1924.896,1928.384,2078.400,150.016,PASS,0
PHASEB_formal_ds_C0_DEFAULT_N512_q8_rep4,3,4,3,sm_89,DS_PUSHSIG_SERIAL,NVSHMEM,C0_DEFAULT,2048,512,2048,8,0,2097152,13,0,141.696,145.024,298.656,153.632,PASS,0
PHASEB_formal_ds_C0_DEFAULT_N512_q8_rep4,3,4,3,sm_89,DS_PUSHSIG_SERIAL,NVSHMEM,C0_DEFAULT,2048,512,2048,8,1,2097152,13,0,360.224,363.616,514.688,151.072,PASS,0
PHASEB_formal_ds_C0_DEFAULT_N512_q8_rep4,3,4,3,sm_89,DS_PUSHSIG_SERIAL,NVSHMEM,C0_DEFAULT,2048,512,2048,8,2,2097152,13,0,656.288,659.648,810.112,150.464,PASS,0
PHASEB_formal_ds_C0_DEFAULT_N512_q8_rep4,3,4,3,sm_89,DS_PUSHSIG_SERIAL,NVSHMEM,C0_DEFAULT,2048,512,2048,8,3,2097152,13,0,898.144,901.440,1052.896,151.456,PASS,0
PHASEB_formal_ds_C0_DEFAULT_N512_q8_rep4,3,4,3,sm_89,DS_PUSHSIG_SERIAL,NVSHMEM,C0_DEFAULT,2048,512,2048,8,4,2097152,13,0,1165.696,1169.024,1319.776,150.752,PASS,0
PHASEB_formal_ds_C0_DEFAULT_N512_q8_rep4,3,4,3,sm_89,DS_PUSHSIG_SERIAL,NVSHMEM,C0_DEFAULT,2048,512,2048,8,5,2097152,13,0,1433.664,1437.088,1587.712,150.624,PASS,0
PHASEB_formal_ds_C0_DEFAULT_N512_q8_rep4,3,4,3,sm_89,DS_PUSHSIG_SERIAL,NVSHMEM,C0_DEFAULT,2048,512,2048,8,6,2097152,13,0,1701.248,1704.576,1854.848,150.272,PASS,0
PHASEB_formal_ds_C0_DEFAULT_N512_q8_rep4,3,4,3,sm_89,DS_PUSHSIG_SERIAL,NVSHMEM,C0_DEFAULT,2048,512,2048,8,7,2097152,13,0,1960.864,1964.384,2112.800,148.416,PASS,0
PHASEB_formal_ds_C0_DEFAULT_N512_q8_rep4,3,4,3,sm_89,DS_PUSHSIG_SERIAL,NVSHMEM,C0_DEFAULT,2048,512,2048,8,0,2097152,14,0,119.968,123.392,275.488,152.096,PASS,0
PHASEB_formal_ds_C0_DEFAULT_N512_q8_rep4,3,4,3,sm_89,DS_PUSHSIG_SERIAL,NVSHMEM,C0_DEFAULT,2048,512,2048,8,1,2097152,14,0,357.056,363.296,514.496,151.200,PASS,0
PHASEB_formal_ds_C0_DEFAULT_N512_q8_rep4,3,4,3,sm_89,DS_PUSHSIG_SERIAL,NVSHMEM,C0_DEFAULT,2048,512,2048,8,2,2097152,14,0,640.416,643.776,796.160,152.384,PASS,0
PHASEB_formal_ds_C0_DEFAULT_N512_q8_rep4,3,4,3,sm_89,DS_PUSHSIG_SERIAL,NVSHMEM,C0_DEFAULT,2048,512,2048,8,3,2097152,14,0,888.096,893.472,1045.120,151.648,PASS,0
PHASEB_formal_ds_C0_DEFAULT_N512_q8_rep4,3,4,3,sm_89,DS_PUSHSIG_SERIAL,NVSHMEM,C0_DEFAULT,2048,512,2048,8,4,2097152,14,0,1166.912,1170.624,1320.096,149.472,PASS,0
PHASEB_formal_ds_C0_DEFAULT_N512_q8_rep4,3,4,3,sm_89,DS_PUSHSIG_SERIAL,NVSHMEM,C0_DEFAULT,2048,512,2048,8,5,2097152,14,0,1425.760,1429.376,1580.256,150.880,PASS,0
PHASEB_formal_ds_C0_DEFAULT_N512_q8_rep4,3,4,3,sm_89,DS_PUSHSIG_SERIAL,NVSHMEM,C0_DEFAULT,2048,512,2048,8,6,2097152,14,0,1709.696,1713.024,1861.632,148.608,PASS,0
PHASEB_formal_ds_C0_DEFAULT_N512_q8_rep4,3,4,3,sm_89,DS_PUSHSIG_SERIAL,NVSHMEM,C0_DEFAULT,2048,512,2048,8,7,2097152,14,0,1937.504,1941.632,2093.184,151.552,PASS,0
PHASEB_formal_ds_C0_DEFAULT_N512_q8_rep4,3,4,3,sm_89,DS_PUSHSIG_SERIAL,NVSHMEM,C0_DEFAULT,2048,512,2048,8,0,2097152,15,0,150.176,153.568,305.568,152.000,PASS,0
PHASEB_formal_ds_C0_DEFAULT_N512_q8_rep4,3,4,3,sm_89,DS_PUSHSIG_SERIAL,NVSHMEM,C0_DEFAULT,2048,512,2048,8,1,2097152,15,0,398.656,404.064,554.304,150.240,PASS,0
PHASEB_formal_ds_C0_DEFAULT_N512_q8_rep4,3,4,3,sm_89,DS_PUSHSIG_SERIAL,NVSHMEM,C0_DEFAULT,2048,512,2048,8,2,2097152,15,0,669.856,673.184,823.936,150.752,PASS,0
PHASEB_formal_ds_C0_DEFAULT_N512_q8_rep4,3,4,3,sm_89,DS_PUSHSIG_SERIAL,NVSHMEM,C0_DEFAULT,2048,512,2048,8,3,2097152,15,0,906.240,912.224,1066.912,154.688,PASS,0
PHASEB_formal_ds_C0_DEFAULT_N512_q8_rep4,3,4,3,sm_89,DS_PUSHSIG_SERIAL,NVSHMEM,C0_DEFAULT,2048,512,2048,8,4,2097152,15,0,1188.896,1192.256,1342.624,150.368,PASS,0
PHASEB_formal_ds_C0_DEFAULT_N512_q8_rep4,3,4,3,sm_89,DS_PUSHSIG_SERIAL,NVSHMEM,C0_DEFAULT,2048,512,2048,8,5,2097152,15,0,1423.520,1426.880,1576.608,149.728,PASS,0
PHASEB_formal_ds_C0_DEFAULT_N512_q8_rep4,3,4,3,sm_89,DS_PUSHSIG_SERIAL,NVSHMEM,C0_DEFAULT,2048,512,2048,8,6,2097152,15,0,1721.632,1725.024,1875.360,150.336,PASS,0
PHASEB_formal_ds_C0_DEFAULT_N512_q8_rep4,3,4,3,sm_89,DS_PUSHSIG_SERIAL,NVSHMEM,C0_DEFAULT,2048,512,2048,8,7,2097152,15,0,1954.432,1957.888,2109.440,151.552,PASS,0
PHASEB_formal_ds_C0_DEFAULT_N512_q8_rep4,3,4,3,sm_89,DS_PUSHSIG_SERIAL,NVSHMEM,C0_DEFAULT,2048,512,2048,8,0,2097152,16,0,121.600,125.024,276.960,151.936,PASS,0
PHASEB_formal_ds_C0_DEFAULT_N512_q8_rep4,3,4,3,sm_89,DS_PUSHSIG_SERIAL,NVSHMEM,C0_DEFAULT,2048,512,2048,8,1,2097152,16,0,402.240,406.048,556.704,150.656,PASS,0
PHASEB_formal_ds_C0_DEFAULT_N512_q8_rep4,3,4,3,sm_89,DS_PUSHSIG_SERIAL,NVSHMEM,C0_DEFAULT,2048,512,2048,8,2,2097152,16,0,642.976,647.584,798.016,150.432,PASS,0
PHASEB_formal_ds_C0_DEFAULT_N512_q8_rep4,3,4,3,sm_89,DS_PUSHSIG_SERIAL,NVSHMEM,C0_DEFAULT,2048,512,2048,8,3,2097152,16,0,910.592,913.920,1063.584,149.664,PASS,0
PHASEB_formal_ds_C0_DEFAULT_N512_q8_rep4,3,4,3,sm_89,DS_PUSHSIG_SERIAL,NVSHMEM,C0_DEFAULT,2048,512,2048,8,4,2097152,16,0,1173.344,1176.768,1327.872,151.104,PASS,0
PHASEB_formal_ds_C0_DEFAULT_N512_q8_rep4,3,4,3,sm_89,DS_PUSHSIG_SERIAL,NVSHMEM,C0_DEFAULT,2048,512,2048,8,5,2097152,16,0,1422.592,1428.352,1578.816,150.464,PASS,0
PHASEB_formal_ds_C0_DEFAULT_N512_q8_rep4,3,4,3,sm_89,DS_PUSHSIG_SERIAL,NVSHMEM,C0_DEFAULT,2048,512,2048,8,6,2097152,16,0,1688.768,1692.192,1841.184,148.992,PASS,0
PHASEB_formal_ds_C0_DEFAULT_N512_q8_rep4,3,4,3,sm_89,DS_PUSHSIG_SERIAL,NVSHMEM,C0_DEFAULT,2048,512,2048,8,7,2097152,16,0,1926.144,1932.320,2081.344,149.024,PASS,0
PHASEB_formal_ds_C0_DEFAULT_N512_q8_rep4,3,4,3,sm_89,DS_PUSHSIG_SERIAL,NVSHMEM,C0_DEFAULT,2048,512,2048,8,0,2097152,17,0,177.344,180.704,332.736,152.032,PASS,0
PHASEB_formal_ds_C0_DEFAULT_N512_q8_rep4,3,4,3,sm_89,DS_PUSHSIG_SERIAL,NVSHMEM,C0_DEFAULT,2048,512,2048,8,1,2097152,17,0,418.624,421.984,573.024,151.040,PASS,0
PHASEB_formal_ds_C0_DEFAULT_N512_q8_rep4,3,4,3,sm_89,DS_PUSHSIG_SERIAL,NVSHMEM,C0_DEFAULT,2048,512,2048,8,2,2097152,17,0,687.424,690.784,843.168,152.384,PASS,0
PHASEB_formal_ds_C0_DEFAULT_N512_q8_rep4,3,4,3,sm_89,DS_PUSHSIG_SERIAL,NVSHMEM,C0_DEFAULT,2048,512,2048,8,3,2097152,17,0,936.224,939.584,1091.776,152.192,PASS,0
PHASEB_formal_ds_C0_DEFAULT_N512_q8_rep4,3,4,3,sm_89,DS_PUSHSIG_SERIAL,NVSHMEM,C0_DEFAULT,2048,512,2048,8,4,2097152,17,0,1206.464,1209.856,1359.904,150.048,PASS,0
PHASEB_formal_ds_C0_DEFAULT_N512_q8_rep4,3,4,3,sm_89,DS_PUSHSIG_SERIAL,NVSHMEM,C0_DEFAULT,2048,512,2048,8,5,2097152,17,0,1445.024,1450.368,1599.104,148.736,PASS,0
PHASEB_formal_ds_C0_DEFAULT_N512_q8_rep4,3,4,3,sm_89,DS_PUSHSIG_SERIAL,NVSHMEM,C0_DEFAULT,2048,512,2048,8,6,2097152,17,0,1718.496,1721.920,1872.160,150.240,PASS,0
PHASEB_formal_ds_C0_DEFAULT_N512_q8_rep4,3,4,3,sm_89,DS_PUSHSIG_SERIAL,NVSHMEM,C0_DEFAULT,2048,512,2048,8,7,2097152,17,0,1955.232,1959.296,2111.616,152.320,PASS,0
PHASEB_formal_ds_C0_DEFAULT_N512_q8_rep4,3,4,3,sm_89,DS_PUSHSIG_SERIAL,NVSHMEM,C0_DEFAULT,2048,512,2048,8,0,2097152,18,0,139.904,143.296,294.336,151.040,PASS,0
PHASEB_formal_ds_C0_DEFAULT_N512_q8_rep4,3,4,3,sm_89,DS_PUSHSIG_SERIAL,NVSHMEM,C0_DEFAULT,2048,512,2048,8,1,2097152,18,0,366.080,372.224,522.432,150.208,PASS,0
PHASEB_formal_ds_C0_DEFAULT_N512_q8_rep4,3,4,3,sm_89,DS_PUSHSIG_SERIAL,NVSHMEM,C0_DEFAULT,2048,512,2048,8,2,2097152,18,0,643.840,647.200,797.888,150.688,PASS,0
PHASEB_formal_ds_C0_DEFAULT_N512_q8_rep4,3,4,3,sm_89,DS_PUSHSIG_SERIAL,NVSHMEM,C0_DEFAULT,2048,512,2048,8,3,2097152,18,0,881.408,884.800,1037.280,152.480,PASS,0
PHASEB_formal_ds_C0_DEFAULT_N512_q8_rep4,3,4,3,sm_89,DS_PUSHSIG_SERIAL,NVSHMEM,C0_DEFAULT,2048,512,2048,8,4,2097152,18,0,1156.800,1160.224,1310.048,149.824,PASS,0
PHASEB_formal_ds_C0_DEFAULT_N512_q8_rep4,3,4,3,sm_89,DS_PUSHSIG_SERIAL,NVSHMEM,C0_DEFAULT,2048,512,2048,8,5,2097152,18,0,1400.640,1404.704,1554.592,149.888,PASS,0
PHASEB_formal_ds_C0_DEFAULT_N512_q8_rep4,3,4,3,sm_89,DS_PUSHSIG_SERIAL,NVSHMEM,C0_DEFAULT,2048,512,2048,8,6,2097152,18,0,1665.952,1669.280,1819.296,150.016,PASS,0
PHASEB_formal_ds_C0_DEFAULT_N512_q8_rep4,3,4,3,sm_89,DS_PUSHSIG_SERIAL,NVSHMEM,C0_DEFAULT,2048,512,2048,8,7,2097152,18,0,1921.952,1925.376,2074.528,149.152,PASS,0
PHASEB_formal_ds_C0_DEFAULT_N512_q8_rep4,3,4,3,sm_89,DS_PUSHSIG_SERIAL,NVSHMEM,C0_DEFAULT,2048,512,2048,8,0,2097152,19,0,121.696,125.088,279.264,154.176,PASS,0
PHASEB_formal_ds_C0_DEFAULT_N512_q8_rep4,3,4,3,sm_89,DS_PUSHSIG_SERIAL,NVSHMEM,C0_DEFAULT,2048,512,2048,8,1,2097152,19,0,360.320,365.376,515.744,150.368,PASS,0
PHASEB_formal_ds_C0_DEFAULT_N512_q8_rep4,3,4,3,sm_89,DS_PUSHSIG_SERIAL,NVSHMEM,C0_DEFAULT,2048,512,2048,8,2,2097152,19,0,632.640,636.064,786.816,150.752,PASS,0
PHASEB_formal_ds_C0_DEFAULT_N512_q8_rep4,3,4,3,sm_89,DS_PUSHSIG_SERIAL,NVSHMEM,C0_DEFAULT,2048,512,2048,8,3,2097152,19,0,868.992,873.408,1028.032,154.624,PASS,0
PHASEB_formal_ds_C0_DEFAULT_N512_q8_rep4,3,4,3,sm_89,DS_PUSHSIG_SERIAL,NVSHMEM,C0_DEFAULT,2048,512,2048,8,4,2097152,19,0,1154.272,1157.696,1308.288,150.592,PASS,0
PHASEB_formal_ds_C0_DEFAULT_N512_q8_rep4,3,4,3,sm_89,DS_PUSHSIG_SERIAL,NVSHMEM,C0_DEFAULT,2048,512,2048,8,5,2097152,19,0,1405.376,1409.920,1559.456,149.536,PASS,0
PHASEB_formal_ds_C0_DEFAULT_N512_q8_rep4,3,4,3,sm_89,DS_PUSHSIG_SERIAL,NVSHMEM,C0_DEFAULT,2048,512,2048,8,6,2097152,19,0,1673.344,1676.672,1827.200,150.528,PASS,0
PHASEB_formal_ds_C0_DEFAULT_N512_q8_rep4,3,4,3,sm_89,DS_PUSHSIG_SERIAL,NVSHMEM,C0_DEFAULT,2048,512,2048,8,7,2097152,19,0,1911.808,1917.344,2068.224,150.880,PASS,0
PHASEB_formal_ds_C0_DEFAULT_N512_q8_rep4,3,4,3,sm_89,DS_PUSHSIG_SERIAL,NVSHMEM,C0_DEFAULT,2048,512,2048,8,0,2097152,20,0,133.248,136.608,288.512,151.904,PASS,0
PHASEB_formal_ds_C0_DEFAULT_N512_q8_rep4,3,4,3,sm_89,DS_PUSHSIG_SERIAL,NVSHMEM,C0_DEFAULT,2048,512,2048,8,1,2097152,20,0,366.496,369.760,523.360,153.600,PASS,0
PHASEB_formal_ds_C0_DEFAULT_N512_q8_rep4,3,4,3,sm_89,DS_PUSHSIG_SERIAL,NVSHMEM,C0_DEFAULT,2048,512,2048,8,2,2097152,20,0,642.848,646.208,797.088,150.880,PASS,0
PHASEB_formal_ds_C0_DEFAULT_N512_q8_rep4,3,4,3,sm_89,DS_PUSHSIG_SERIAL,NVSHMEM,C0_DEFAULT,2048,512,2048,8,3,2097152,20,0,881.536,888.672,1041.184,152.512,PASS,0
PHASEB_formal_ds_C0_DEFAULT_N512_q8_rep4,3,4,3,sm_89,DS_PUSHSIG_SERIAL,NVSHMEM,C0_DEFAULT,2048,512,2048,8,4,2097152,20,0,1154.816,1158.144,1310.208,152.064,PASS,0
PHASEB_formal_ds_C0_DEFAULT_N512_q8_rep4,3,4,3,sm_89,DS_PUSHSIG_SERIAL,NVSHMEM,C0_DEFAULT,2048,512,2048,8,5,2097152,20,0,1423.776,1427.200,1578.144,150.944,PASS,0
PHASEB_formal_ds_C0_DEFAULT_N512_q8_rep4,3,4,3,sm_89,DS_PUSHSIG_SERIAL,NVSHMEM,C0_DEFAULT,2048,512,2048,8,6,2097152,20,0,1685.024,1688.480,1840.832,152.352,PASS,0
PHASEB_formal_ds_C0_DEFAULT_N512_q8_rep4,3,4,3,sm_89,DS_PUSHSIG_SERIAL,NVSHMEM,C0_DEFAULT,2048,512,2048,8,7,2097152,20,0,1959.552,1962.880,2111.936,149.056,PASS,0
PHASEB_formal_ds_C0_DEFAULT_N512_q8_rep4,3,4,3,sm_89,DS_PUSHSIG_SERIAL,NVSHMEM,C0_DEFAULT,2048,512,2048,8,0,2097152,21,0,126.912,130.336,282.944,152.608,PASS,0
PHASEB_formal_ds_C0_DEFAULT_N512_q8_rep4,3,4,3,sm_89,DS_PUSHSIG_SERIAL,NVSHMEM,C0_DEFAULT,2048,512,2048,8,1,2097152,21,0,389.568,392.992,544.992,152.000,PASS,0
PHASEB_formal_ds_C0_DEFAULT_N512_q8_rep4,3,4,3,sm_89,DS_PUSHSIG_SERIAL,NVSHMEM,C0_DEFAULT,2048,512,2048,8,2,2097152,21,0,639.008,642.592,792.352,149.760,PASS,0
PHASEB_formal_ds_C0_DEFAULT_N512_q8_rep4,3,4,3,sm_89,DS_PUSHSIG_SERIAL,NVSHMEM,C0_DEFAULT,2048,512,2048,8,3,2097152,21,0,913.600,917.056,1071.520,154.464,PASS,0
PHASEB_formal_ds_C0_DEFAULT_N512_q8_rep4,3,4,3,sm_89,DS_PUSHSIG_SERIAL,NVSHMEM,C0_DEFAULT,2048,512,2048,8,4,2097152,21,0,1156.224,1160.256,1311.616,151.360,PASS,0
PHASEB_formal_ds_C0_DEFAULT_N512_q8_rep4,3,4,3,sm_89,DS_PUSHSIG_SERIAL,NVSHMEM,C0_DEFAULT,2048,512,2048,8,5,2097152,21,0,1418.144,1423.296,1573.056,149.760,PASS,0
PHASEB_formal_ds_C0_DEFAULT_N512_q8_rep4,3,4,3,sm_89,DS_PUSHSIG_SERIAL,NVSHMEM,C0_DEFAULT,2048,512,2048,8,6,2097152,21,0,1702.720,1706.112,1855.296,149.184,PASS,0
PHASEB_formal_ds_C0_DEFAULT_N512_q8_rep4,3,4,3,sm_89,DS_PUSHSIG_SERIAL,NVSHMEM,C0_DEFAULT,2048,512,2048,8,7,2097152,21,0,1939.552,1945.984,2094.816,148.832,PASS,0
PHASEB_formal_ds_C0_DEFAULT_N512_q8_rep4,3,4,3,sm_89,DS_PUSHSIG_SERIAL,NVSHMEM,C0_DEFAULT,2048,512,2048,8,0,2097152,22,0,134.048,137.504,289.632,152.128,PASS,0
PHASEB_formal_ds_C0_DEFAULT_N512_q8_rep4,3,4,3,sm_89,DS_PUSHSIG_SERIAL,NVSHMEM,C0_DEFAULT,2048,512,2048,8,1,2097152,22,0,364.320,368.576,522.848,154.272,PASS,0
PHASEB_formal_ds_C0_DEFAULT_N512_q8_rep4,3,4,3,sm_89,DS_PUSHSIG_SERIAL,NVSHMEM,C0_DEFAULT,2048,512,2048,8,2,2097152,22,0,639.168,642.592,793.536,150.944,PASS,0
PHASEB_formal_ds_C0_DEFAULT_N512_q8_rep4,3,4,3,sm_89,DS_PUSHSIG_SERIAL,NVSHMEM,C0_DEFAULT,2048,512,2048,8,3,2097152,22,0,892.032,895.424,1046.048,150.624,PASS,0
PHASEB_formal_ds_C0_DEFAULT_N512_q8_rep4,3,4,3,sm_89,DS_PUSHSIG_SERIAL,NVSHMEM,C0_DEFAULT,2048,512,2048,8,4,2097152,22,0,1163.104,1166.848,1318.336,151.488,PASS,0
PHASEB_formal_ds_C0_DEFAULT_N512_q8_rep4,3,4,3,sm_89,DS_PUSHSIG_SERIAL,NVSHMEM,C0_DEFAULT,2048,512,2048,8,5,2097152,22,0,1399.968,1405.152,1555.200,150.048,PASS,0
PHASEB_formal_ds_C0_DEFAULT_N512_q8_rep4,3,4,3,sm_89,DS_PUSHSIG_SERIAL,NVSHMEM,C0_DEFAULT,2048,512,2048,8,6,2097152,22,0,1672.864,1676.288,1826.112,149.824,PASS,0
PHASEB_formal_ds_C0_DEFAULT_N512_q8_rep4,3,4,3,sm_89,DS_PUSHSIG_SERIAL,NVSHMEM,C0_DEFAULT,2048,512,2048,8,7,2097152,22,0,1910.016,1916.192,2065.472,149.280,PASS,0
PHASEB_formal_ds_C0_DEFAULT_N512_q8_rep4,3,4,3,sm_89,DS_PUSHSIG_SERIAL,NVSHMEM,C0_DEFAULT,2048,512,2048,8,0,2097152,23,0,150.784,154.144,306.112,151.968,PASS,0
PHASEB_formal_ds_C0_DEFAULT_N512_q8_rep4,3,4,3,sm_89,DS_PUSHSIG_SERIAL,NVSHMEM,C0_DEFAULT,2048,512,2048,8,1,2097152,23,0,389.472,396.256,548.544,152.288,PASS,0
PHASEB_formal_ds_C0_DEFAULT_N512_q8_rep4,3,4,3,sm_89,DS_PUSHSIG_SERIAL,NVSHMEM,C0_DEFAULT,2048,512,2048,8,2,2097152,23,0,666.912,670.368,821.568,151.200,PASS,0
PHASEB_formal_ds_C0_DEFAULT_N512_q8_rep4,3,4,3,sm_89,DS_PUSHSIG_SERIAL,NVSHMEM,C0_DEFAULT,2048,512,2048,8,3,2097152,23,0,906.464,910.816,1065.376,154.560,PASS,0
PHASEB_formal_ds_C0_DEFAULT_N512_q8_rep4,3,4,3,sm_89,DS_PUSHSIG_SERIAL,NVSHMEM,C0_DEFAULT,2048,512,2048,8,4,2097152,23,0,1179.840,1183.200,1334.656,151.456,PASS,0
PHASEB_formal_ds_C0_DEFAULT_N512_q8_rep4,3,4,3,sm_89,DS_PUSHSIG_SERIAL,NVSHMEM,C0_DEFAULT,2048,512,2048,8,5,2097152,23,0,1417.472,1423.424,1575.072,151.648,PASS,0
PHASEB_formal_ds_C0_DEFAULT_N512_q8_rep4,3,4,3,sm_89,DS_PUSHSIG_SERIAL,NVSHMEM,C0_DEFAULT,2048,512,2048,8,6,2097152,23,0,1692.480,1696.064,1847.456,151.392,PASS,0
PHASEB_formal_ds_C0_DEFAULT_N512_q8_rep4,3,4,3,sm_89,DS_PUSHSIG_SERIAL,NVSHMEM,C0_DEFAULT,2048,512,2048,8,7,2097152,23,0,1928.448,1932.576,2084.736,152.160,PASS,0
PHASEB_formal_ds_C0_DEFAULT_N512_q8_rep4,3,4,3,sm_89,DS_PUSHSIG_SERIAL,NVSHMEM,C0_DEFAULT,2048,512,2048,8,0,2097152,24,0,149.536,152.960,305.856,152.896,PASS,0
PHASEB_formal_ds_C0_DEFAULT_N512_q8_rep4,3,4,3,sm_89,DS_PUSHSIG_SERIAL,NVSHMEM,C0_DEFAULT,2048,512,2048,8,1,2097152,24,0,418.528,421.920,574.944,153.024,PASS,0
PHASEB_formal_ds_C0_DEFAULT_N512_q8_rep4,3,4,3,sm_89,DS_PUSHSIG_SERIAL,NVSHMEM,C0_DEFAULT,2048,512,2048,8,2,2097152,24,0,697.536,700.896,850.752,149.856,PASS,0
PHASEB_formal_ds_C0_DEFAULT_N512_q8_rep4,3,4,3,sm_89,DS_PUSHSIG_SERIAL,NVSHMEM,C0_DEFAULT,2048,512,2048,8,3,2097152,24,0,941.120,947.680,1099.072,151.392,PASS,0
PHASEB_formal_ds_C0_DEFAULT_N512_q8_rep4,3,4,3,sm_89,DS_PUSHSIG_SERIAL,NVSHMEM,C0_DEFAULT,2048,512,2048,8,4,2097152,24,0,1215.296,1218.624,1368.928,150.304,PASS,0
PHASEB_formal_ds_C0_DEFAULT_N512_q8_rep4,3,4,3,sm_89,DS_PUSHSIG_SERIAL,NVSHMEM,C0_DEFAULT,2048,512,2048,8,5,2097152,24,0,1458.016,1462.016,1615.840,153.824,PASS,0
PHASEB_formal_ds_C0_DEFAULT_N512_q8_rep4,3,4,3,sm_89,DS_PUSHSIG_SERIAL,NVSHMEM,C0_DEFAULT,2048,512,2048,8,6,2097152,24,0,1732.096,1735.552,1884.928,149.376,PASS,0
PHASEB_formal_ds_C0_DEFAULT_N512_q8_rep4,3,4,3,sm_89,DS_PUSHSIG_SERIAL,NVSHMEM,C0_DEFAULT,2048,512,2048,8,7,2097152,24,0,1985.216,1988.640,2137.920,149.280,PASS,0
PHASEB_formal_ds_C0_DEFAULT_N512_q8_rep4,3,4,3,sm_89,DS_PUSHSIG_SERIAL,NVSHMEM,C0_DEFAULT,2048,512,2048,8,0,2097152,25,0,115.584,118.944,269.408,150.464,PASS,0
PHASEB_formal_ds_C0_DEFAULT_N512_q8_rep4,3,4,3,sm_89,DS_PUSHSIG_SERIAL,NVSHMEM,C0_DEFAULT,2048,512,2048,8,1,2097152,25,0,380.704,384.032,535.680,151.648,PASS,0
PHASEB_formal_ds_C0_DEFAULT_N512_q8_rep4,3,4,3,sm_89,DS_PUSHSIG_SERIAL,NVSHMEM,C0_DEFAULT,2048,512,2048,8,2,2097152,25,0,655.520,658.944,810.624,151.680,PASS,0
PHASEB_formal_ds_C0_DEFAULT_N512_q8_rep4,3,4,3,sm_89,DS_PUSHSIG_SERIAL,NVSHMEM,C0_DEFAULT,2048,512,2048,8,3,2097152,25,0,896.864,901.376,1052.448,151.072,PASS,0
PHASEB_formal_ds_C0_DEFAULT_N512_q8_rep4,3,4,3,sm_89,DS_PUSHSIG_SERIAL,NVSHMEM,C0_DEFAULT,2048,512,2048,8,4,2097152,25,0,1171.616,1175.232,1324.864,149.632,PASS,0
PHASEB_formal_ds_C0_DEFAULT_N512_q8_rep4,3,4,3,sm_89,DS_PUSHSIG_SERIAL,NVSHMEM,C0_DEFAULT,2048,512,2048,8,5,2097152,25,0,1422.048,1425.472,1578.208,152.736,PASS,0
PHASEB_formal_ds_C0_DEFAULT_N512_q8_rep4,3,4,3,sm_89,DS_PUSHSIG_SERIAL,NVSHMEM,C0_DEFAULT,2048,512,2048,8,6,2097152,25,0,1705.792,1709.216,1859.200,149.984,PASS,0
PHASEB_formal_ds_C0_DEFAULT_N512_q8_rep4,3,4,3,sm_89,DS_PUSHSIG_SERIAL,NVSHMEM,C0_DEFAULT,2048,512,2048,8,7,2097152,25,0,1937.664,1941.888,2094.464,152.576,PASS,0
PHASEB_formal_ds_C0_DEFAULT_N512_q8_rep4,3,4,3,sm_89,DS_PUSHSIG_SERIAL,NVSHMEM,C0_DEFAULT,2048,512,2048,8,0,2097152,26,0,148.960,152.416,304.096,151.680,PASS,0
PHASEB_formal_ds_C0_DEFAULT_N512_q8_rep4,3,4,3,sm_89,DS_PUSHSIG_SERIAL,NVSHMEM,C0_DEFAULT,2048,512,2048,8,1,2097152,26,0,409.216,412.736,565.568,152.832,PASS,0
PHASEB_formal_ds_C0_DEFAULT_N512_q8_rep4,3,4,3,sm_89,DS_PUSHSIG_SERIAL,NVSHMEM,C0_DEFAULT,2048,512,2048,8,2,2097152,26,0,655.648,661.472,812.864,151.392,PASS,0
PHASEB_formal_ds_C0_DEFAULT_N512_q8_rep4,3,4,3,sm_89,DS_PUSHSIG_SERIAL,NVSHMEM,C0_DEFAULT,2048,512,2048,8,3,2097152,26,0,933.952,937.280,1090.112,152.832,PASS,0
PHASEB_formal_ds_C0_DEFAULT_N512_q8_rep4,3,4,3,sm_89,DS_PUSHSIG_SERIAL,NVSHMEM,C0_DEFAULT,2048,512,2048,8,4,2097152,26,0,1175.872,1181.760,1333.184,151.424,PASS,0
PHASEB_formal_ds_C0_DEFAULT_N512_q8_rep4,3,4,3,sm_89,DS_PUSHSIG_SERIAL,NVSHMEM,C0_DEFAULT,2048,512,2048,8,5,2097152,26,0,1457.472,1460.896,1610.560,149.664,PASS,0
PHASEB_formal_ds_C0_DEFAULT_N512_q8_rep4,3,4,3,sm_89,DS_PUSHSIG_SERIAL,NVSHMEM,C0_DEFAULT,2048,512,2048,8,6,2097152,26,0,1721.024,1724.448,1873.888,149.440,PASS,0
PHASEB_formal_ds_C0_DEFAULT_N512_q8_rep4,3,4,3,sm_89,DS_PUSHSIG_SERIAL,NVSHMEM,C0_DEFAULT,2048,512,2048,8,7,2097152,26,0,1964.256,1969.792,2118.400,148.608,PASS,0
PHASEB_formal_ds_C0_DEFAULT_N512_q8_rep4,3,4,3,sm_89,DS_PUSHSIG_SERIAL,NVSHMEM,C0_DEFAULT,2048,512,2048,8,0,2097152,27,0,141.728,145.120,296.736,151.616,PASS,0
PHASEB_formal_ds_C0_DEFAULT_N512_q8_rep4,3,4,3,sm_89,DS_PUSHSIG_SERIAL,NVSHMEM,C0_DEFAULT,2048,512,2048,8,1,2097152,27,0,388.576,393.376,543.552,150.176,PASS,0
PHASEB_formal_ds_C0_DEFAULT_N512_q8_rep4,3,4,3,sm_89,DS_PUSHSIG_SERIAL,NVSHMEM,C0_DEFAULT,2048,512,2048,8,2,2097152,27,0,663.392,666.912,816.000,149.088,PASS,0
PHASEB_formal_ds_C0_DEFAULT_N512_q8_rep4,3,4,3,sm_89,DS_PUSHSIG_SERIAL,NVSHMEM,C0_DEFAULT,2048,512,2048,8,3,2097152,27,0,909.344,913.408,1064.224,150.816,PASS,0
PHASEB_formal_ds_C0_DEFAULT_N512_q8_rep4,3,4,3,sm_89,DS_PUSHSIG_SERIAL,NVSHMEM,C0_DEFAULT,2048,512,2048,8,4,2097152,27,0,1187.488,1190.912,1340.736,149.824,PASS,0
PHASEB_formal_ds_C0_DEFAULT_N512_q8_rep4,3,4,3,sm_89,DS_PUSHSIG_SERIAL,NVSHMEM,C0_DEFAULT,2048,512,2048,8,5,2097152,27,0,1451.744,1455.104,1604.512,149.408,PASS,0
PHASEB_formal_ds_C0_DEFAULT_N512_q8_rep4,3,4,3,sm_89,DS_PUSHSIG_SERIAL,NVSHMEM,C0_DEFAULT,2048,512,2048,8,6,2097152,27,0,1716.448,1719.840,1870.048,150.208,PASS,0
PHASEB_formal_ds_C0_DEFAULT_N512_q8_rep4,3,4,3,sm_89,DS_PUSHSIG_SERIAL,NVSHMEM,C0_DEFAULT,2048,512,2048,8,7,2097152,27,0,1950.976,1956.768,2106.656,149.888,PASS,0
PHASEB_formal_ds_C0_DEFAULT_N512_q8_rep4,3,4,3,sm_89,DS_PUSHSIG_SERIAL,NVSHMEM,C0_DEFAULT,2048,512,2048,8,0,2097152,28,0,145.376,148.704,300.512,151.808,PASS,0
PHASEB_formal_ds_C0_DEFAULT_N512_q8_rep4,3,4,3,sm_89,DS_PUSHSIG_SERIAL,NVSHMEM,C0_DEFAULT,2048,512,2048,8,1,2097152,28,0,393.472,399.424,548.608,149.184,PASS,0
PHASEB_formal_ds_C0_DEFAULT_N512_q8_rep4,3,4,3,sm_89,DS_PUSHSIG_SERIAL,NVSHMEM,C0_DEFAULT,2048,512,2048,8,2,2097152,28,0,674.240,677.600,828.480,150.880,PASS,0
PHASEB_formal_ds_C0_DEFAULT_N512_q8_rep4,3,4,3,sm_89,DS_PUSHSIG_SERIAL,NVSHMEM,C0_DEFAULT,2048,512,2048,8,3,2097152,28,0,906.752,910.048,1064.448,154.400,PASS,0
PHASEB_formal_ds_C0_DEFAULT_N512_q8_rep4,3,4,3,sm_89,DS_PUSHSIG_SERIAL,NVSHMEM,C0_DEFAULT,2048,512,2048,8,4,2097152,28,0,1185.728,1189.344,1340.448,151.104,PASS,0
PHASEB_formal_ds_C0_DEFAULT_N512_q8_rep4,3,4,3,sm_89,DS_PUSHSIG_SERIAL,NVSHMEM,C0_DEFAULT,2048,512,2048,8,5,2097152,28,0,1418.272,1421.984,1574.400,152.416,PASS,0
PHASEB_formal_ds_C0_DEFAULT_N512_q8_rep4,3,4,3,sm_89,DS_PUSHSIG_SERIAL,NVSHMEM,C0_DEFAULT,2048,512,2048,8,6,2097152,28,0,1696.160,1699.552,1851.776,152.224,PASS,0
PHASEB_formal_ds_C0_DEFAULT_N512_q8_rep4,3,4,3,sm_89,DS_PUSHSIG_SERIAL,NVSHMEM,C0_DEFAULT,2048,512,2048,8,7,2097152,28,0,1952.416,1955.840,2105.152,149.312,PASS,0
PHASEB_formal_ds_C0_DEFAULT_N512_q8_rep4,3,4,3,sm_89,DS_PUSHSIG_SERIAL,NVSHMEM,C0_DEFAULT,2048,512,2048,8,0,2097152,29,0,123.968,127.328,279.840,152.512,PASS,0
PHASEB_formal_ds_C0_DEFAULT_N512_q8_rep4,3,4,3,sm_89,DS_PUSHSIG_SERIAL,NVSHMEM,C0_DEFAULT,2048,512,2048,8,1,2097152,29,0,356.768,362.976,516.992,154.016,PASS,0
PHASEB_formal_ds_C0_DEFAULT_N512_q8_rep4,3,4,3,sm_89,DS_PUSHSIG_SERIAL,NVSHMEM,C0_DEFAULT,2048,512,2048,8,2,2097152,29,0,631.648,635.040,786.688,151.648,PASS,0
PHASEB_formal_ds_C0_DEFAULT_N512_q8_rep4,3,4,3,sm_89,DS_PUSHSIG_SERIAL,NVSHMEM,C0_DEFAULT,2048,512,2048,8,3,2097152,29,0,872.608,876.000,1028.288,152.288,PASS,0
PHASEB_formal_ds_C0_DEFAULT_N512_q8_rep4,3,4,3,sm_89,DS_PUSHSIG_SERIAL,NVSHMEM,C0_DEFAULT,2048,512,2048,8,4,2097152,29,0,1167.872,1171.328,1321.120,149.792,PASS,0
PHASEB_formal_ds_C0_DEFAULT_N512_q8_rep4,3,4,3,sm_89,DS_PUSHSIG_SERIAL,NVSHMEM,C0_DEFAULT,2048,512,2048,8,5,2097152,29,0,1403.648,1407.040,1557.984,150.944,PASS,0
PHASEB_formal_ds_C0_DEFAULT_N512_q8_rep4,3,4,3,sm_89,DS_PUSHSIG_SERIAL,NVSHMEM,C0_DEFAULT,2048,512,2048,8,6,2097152,29,0,1691.744,1695.168,1847.552,152.384,PASS,0
PHASEB_formal_ds_C0_DEFAULT_N512_q8_rep4,3,4,3,sm_89,DS_PUSHSIG_SERIAL,NVSHMEM,C0_DEFAULT,2048,512,2048,8,7,2097152,29,0,1922.912,1926.336,2076.544,150.208,PASS,0
PHASEB_formal_ds_C0_DEFAULT_N512_q8_rep4,3,4,3,sm_89,DS_PUSHSIG_SERIAL,NVSHMEM,C0_DEFAULT,2048,512,2048,8,0,2097152,30,0,110.784,114.176,265.536,151.360,PASS,0
PHASEB_formal_ds_C0_DEFAULT_N512_q8_rep4,3,4,3,sm_89,DS_PUSHSIG_SERIAL,NVSHMEM,C0_DEFAULT,2048,512,2048,8,1,2097152,30,0,380.000,383.328,534.848,151.520,PASS,0
PHASEB_formal_ds_C0_DEFAULT_N512_q8_rep4,3,4,3,sm_89,DS_PUSHSIG_SERIAL,NVSHMEM,C0_DEFAULT,2048,512,2048,8,2,2097152,30,0,634.016,637.408,790.432,153.024,PASS,0
PHASEB_formal_ds_C0_DEFAULT_N512_q8_rep4,3,4,3,sm_89,DS_PUSHSIG_SERIAL,NVSHMEM,C0_DEFAULT,2048,512,2048,8,3,2097152,30,0,879.200,884.416,1034.048,149.632,PASS,0
PHASEB_formal_ds_C0_DEFAULT_N512_q8_rep4,3,4,3,sm_89,DS_PUSHSIG_SERIAL,NVSHMEM,C0_DEFAULT,2048,512,2048,8,4,2097152,30,0,1155.808,1159.232,1310.688,151.456,PASS,0
PHASEB_formal_ds_C0_DEFAULT_N512_q8_rep4,3,4,3,sm_89,DS_PUSHSIG_SERIAL,NVSHMEM,C0_DEFAULT,2048,512,2048,8,5,2097152,30,0,1426.048,1429.536,1580.096,150.560,PASS,0
PHASEB_formal_ds_C0_DEFAULT_N512_q8_rep4,3,4,3,sm_89,DS_PUSHSIG_SERIAL,NVSHMEM,C0_DEFAULT,2048,512,2048,8,6,2097152,30,0,1699.776,1703.104,1852.576,149.472,PASS,0
PHASEB_formal_ds_C0_DEFAULT_N512_q8_rep4,3,4,3,sm_89,DS_PUSHSIG_SERIAL,NVSHMEM,C0_DEFAULT,2048,512,2048,8,7,2097152,30,0,1939.104,1943.936,2093.312,149.376,PASS,0
PHASEB_formal_ds_C0_DEFAULT_N512_q8_rep4,3,4,3,sm_89,DS_PUSHSIG_SERIAL,NVSHMEM,C0_DEFAULT,2048,512,2048,8,0,2097152,31,0,122.144,125.472,276.128,150.656,PASS,0
PHASEB_formal_ds_C0_DEFAULT_N512_q8_rep4,3,4,3,sm_89,DS_PUSHSIG_SERIAL,NVSHMEM,C0_DEFAULT,2048,512,2048,8,1,2097152,31,0,356.096,362.112,513.472,151.360,PASS,0
PHASEB_formal_ds_C0_DEFAULT_N512_q8_rep4,3,4,3,sm_89,DS_PUSHSIG_SERIAL,NVSHMEM,C0_DEFAULT,2048,512,2048,8,2,2097152,31,0,645.888,649.280,801.408,152.128,PASS,0
PHASEB_formal_ds_C0_DEFAULT_N512_q8_rep4,3,4,3,sm_89,DS_PUSHSIG_SERIAL,NVSHMEM,C0_DEFAULT,2048,512,2048,8,3,2097152,31,0,880.416,884.704,1039.616,154.912,PASS,0
PHASEB_formal_ds_C0_DEFAULT_N512_q8_rep4,3,4,3,sm_89,DS_PUSHSIG_SERIAL,NVSHMEM,C0_DEFAULT,2048,512,2048,8,4,2097152,31,0,1186.496,1189.824,1340.160,150.336,PASS,0
PHASEB_formal_ds_C0_DEFAULT_N512_q8_rep4,3,4,3,sm_89,DS_PUSHSIG_SERIAL,NVSHMEM,C0_DEFAULT,2048,512,2048,8,5,2097152,31,0,1435.168,1439.328,1592.352,153.024,PASS,0
PHASEB_formal_ds_C0_DEFAULT_N512_q8_rep4,3,4,3,sm_89,DS_PUSHSIG_SERIAL,NVSHMEM,C0_DEFAULT,2048,512,2048,8,6,2097152,31,0,1712.544,1716.000,1864.768,148.768,PASS,0
PHASEB_formal_ds_C0_DEFAULT_N512_q8_rep4,3,4,3,sm_89,DS_PUSHSIG_SERIAL,NVSHMEM,C0_DEFAULT,2048,512,2048,8,7,2097152,31,0,1949.408,1956.096,2106.624,150.528,PASS,0
PHASEB_formal_ds_C0_DEFAULT_N512_q8_rep4,3,4,3,sm_89,DS_PUSHSIG_SERIAL,NVSHMEM,C0_DEFAULT,2048,512,2048,8,0,2097152,32,0,128.992,132.384,284.224,151.840,PASS,0
PHASEB_formal_ds_C0_DEFAULT_N512_q8_rep4,3,4,3,sm_89,DS_PUSHSIG_SERIAL,NVSHMEM,C0_DEFAULT,2048,512,2048,8,1,2097152,32,0,354.784,358.112,509.312,151.200,PASS,0
PHASEB_formal_ds_C0_DEFAULT_N512_q8_rep4,3,4,3,sm_89,DS_PUSHSIG_SERIAL,NVSHMEM,C0_DEFAULT,2048,512,2048,8,2,2097152,32,0,647.200,651.296,801.600,150.304,PASS,0
PHASEB_formal_ds_C0_DEFAULT_N512_q8_rep4,3,4,3,sm_89,DS_PUSHSIG_SERIAL,NVSHMEM,C0_DEFAULT,2048,512,2048,8,3,2097152,32,0,873.664,877.888,1030.176,152.288,PASS,0
PHASEB_formal_ds_C0_DEFAULT_N512_q8_rep4,3,4,3,sm_89,DS_PUSHSIG_SERIAL,NVSHMEM,C0_DEFAULT,2048,512,2048,8,4,2097152,32,0,1151.136,1154.592,1306.144,151.552,PASS,0
PHASEB_formal_ds_C0_DEFAULT_N512_q8_rep4,3,4,3,sm_89,DS_PUSHSIG_SERIAL,NVSHMEM,C0_DEFAULT,2048,512,2048,8,5,2097152,32,0,1412.256,1416.320,1568.896,152.576,PASS,0
PHASEB_formal_ds_C0_DEFAULT_N512_q8_rep4,3,4,3,sm_89,DS_PUSHSIG_SERIAL,NVSHMEM,C0_DEFAULT,2048,512,2048,8,6,2097152,32,0,1687.456,1690.880,1840.320,149.440,PASS,0
PHASEB_formal_ds_C0_DEFAULT_N512_q8_rep4,3,4,3,sm_89,DS_PUSHSIG_SERIAL,NVSHMEM,C0_DEFAULT,2048,512,2048,8,7,2097152,32,0,1968.576,1972.032,2121.024,148.992,PASS,0
PHASEB_formal_ds_C0_DEFAULT_N512_q8_rep4,3,4,3,sm_89,DS_PUSHSIG_SERIAL,NVSHMEM,C0_DEFAULT,2048,512,2048,8,0,2097152,33,0,141.216,144.576,295.904,151.328,PASS,0
PHASEB_formal_ds_C0_DEFAULT_N512_q8_rep4,3,4,3,sm_89,DS_PUSHSIG_SERIAL,NVSHMEM,C0_DEFAULT,2048,512,2048,8,1,2097152,33,0,406.208,409.568,560.256,150.688,PASS,0
PHASEB_formal_ds_C0_DEFAULT_N512_q8_rep4,3,4,3,sm_89,DS_PUSHSIG_SERIAL,NVSHMEM,C0_DEFAULT,2048,512,2048,8,2,2097152,33,0,661.920,665.280,816.832,151.552,PASS,0
PHASEB_formal_ds_C0_DEFAULT_N512_q8_rep4,3,4,3,sm_89,DS_PUSHSIG_SERIAL,NVSHMEM,C0_DEFAULT,2048,512,2048,8,3,2097152,33,0,934.272,937.600,1089.152,151.552,PASS,0
PHASEB_formal_ds_C0_DEFAULT_N512_q8_rep4,3,4,3,sm_89,DS_PUSHSIG_SERIAL,NVSHMEM,C0_DEFAULT,2048,512,2048,8,4,2097152,33,0,1172.992,1179.264,1329.536,150.272,PASS,0
PHASEB_formal_ds_C0_DEFAULT_N512_q8_rep4,3,4,3,sm_89,DS_PUSHSIG_SERIAL,NVSHMEM,C0_DEFAULT,2048,512,2048,8,5,2097152,33,0,1445.312,1448.704,1599.104,150.400,PASS,0
PHASEB_formal_ds_C0_DEFAULT_N512_q8_rep4,3,4,3,sm_89,DS_PUSHSIG_SERIAL,NVSHMEM,C0_DEFAULT,2048,512,2048,8,6,2097152,33,0,1708.480,1712.032,1861.344,149.312,PASS,0
PHASEB_formal_ds_C0_DEFAULT_N512_q8_rep4,3,4,3,sm_89,DS_PUSHSIG_SERIAL,NVSHMEM,C0_DEFAULT,2048,512,2048,8,7,2097152,33,0,1964.736,1968.160,2117.024,148.864,PASS,0
PHASEB_formal_ds_C0_DEFAULT_N512_q8_rep4,3,4,3,sm_89,DS_PUSHSIG_SERIAL,NVSHMEM,C0_DEFAULT,2048,512,2048,8,0,2097152,34,0,131.968,135.328,285.248,149.920,PASS,0
PHASEB_formal_ds_C0_DEFAULT_N512_q8_rep4,3,4,3,sm_89,DS_PUSHSIG_SERIAL,NVSHMEM,C0_DEFAULT,2048,512,2048,8,1,2097152,34,0,403.328,406.688,557.440,150.752,PASS,0
PHASEB_formal_ds_C0_DEFAULT_N512_q8_rep4,3,4,3,sm_89,DS_PUSHSIG_SERIAL,NVSHMEM,C0_DEFAULT,2048,512,2048,8,2,2097152,34,0,645.696,649.088,800.928,151.840,PASS,0
PHASEB_formal_ds_C0_DEFAULT_N512_q8_rep4,3,4,3,sm_89,DS_PUSHSIG_SERIAL,NVSHMEM,C0_DEFAULT,2048,512,2048,8,3,2097152,34,0,918.272,922.112,1073.088,150.976,PASS,0
PHASEB_formal_ds_C0_DEFAULT_N512_q8_rep4,3,4,3,sm_89,DS_PUSHSIG_SERIAL,NVSHMEM,C0_DEFAULT,2048,512,2048,8,4,2097152,34,0,1174.688,1178.048,1327.424,149.376,PASS,0
PHASEB_formal_ds_C0_DEFAULT_N512_q8_rep4,3,4,3,sm_89,DS_PUSHSIG_SERIAL,NVSHMEM,C0_DEFAULT,2048,512,2048,8,5,2097152,34,0,1441.664,1445.056,1595.040,149.984,PASS,0
PHASEB_formal_ds_C0_DEFAULT_N512_q8_rep4,3,4,3,sm_89,DS_PUSHSIG_SERIAL,NVSHMEM,C0_DEFAULT,2048,512,2048,8,6,2097152,34,0,1681.984,1686.976,1836.256,149.280,PASS,0
PHASEB_formal_ds_C0_DEFAULT_N512_q8_rep4,3,4,3,sm_89,DS_PUSHSIG_SERIAL,NVSHMEM,C0_DEFAULT,2048,512,2048,8,7,2097152,34,0,1967.136,1970.592,2119.232,148.640,PASS,0
PHASEB_formal_ds_C0_DEFAULT_N512_q8_rep4,3,4,3,sm_89,DS_PUSHSIG_SERIAL,NVSHMEM,C0_DEFAULT,2048,512,2048,8,0,2097152,35,0,127.872,131.328,284.096,152.768,PASS,0
PHASEB_formal_ds_C0_DEFAULT_N512_q8_rep4,3,4,3,sm_89,DS_PUSHSIG_SERIAL,NVSHMEM,C0_DEFAULT,2048,512,2048,8,1,2097152,35,0,364.288,367.584,517.920,150.336,PASS,0
PHASEB_formal_ds_C0_DEFAULT_N512_q8_rep4,3,4,3,sm_89,DS_PUSHSIG_SERIAL,NVSHMEM,C0_DEFAULT,2048,512,2048,8,2,2097152,35,0,639.840,643.232,794.560,151.328,PASS,0
PHASEB_formal_ds_C0_DEFAULT_N512_q8_rep4,3,4,3,sm_89,DS_PUSHSIG_SERIAL,NVSHMEM,C0_DEFAULT,2048,512,2048,8,3,2097152,35,0,896.096,899.392,1050.208,150.816,PASS,0
PHASEB_formal_ds_C0_DEFAULT_N512_q8_rep4,3,4,3,sm_89,DS_PUSHSIG_SERIAL,NVSHMEM,C0_DEFAULT,2048,512,2048,8,4,2097152,35,0,1160.448,1163.840,1313.216,149.376,PASS,0
PHASEB_formal_ds_C0_DEFAULT_N512_q8_rep4,3,4,3,sm_89,DS_PUSHSIG_SERIAL,NVSHMEM,C0_DEFAULT,2048,512,2048,8,5,2097152,35,0,1398.688,1405.184,1554.976,149.792,PASS,0
PHASEB_formal_ds_C0_DEFAULT_N512_q8_rep4,3,4,3,sm_89,DS_PUSHSIG_SERIAL,NVSHMEM,C0_DEFAULT,2048,512,2048,8,6,2097152,35,0,1670.944,1674.304,1823.392,149.088,PASS,0
PHASEB_formal_ds_C0_DEFAULT_N512_q8_rep4,3,4,3,sm_89,DS_PUSHSIG_SERIAL,NVSHMEM,C0_DEFAULT,2048,512,2048,8,7,2097152,35,0,1905.152,1909.376,2060.576,151.200,PASS,0
PHASEB_formal_ds_C0_DEFAULT_N512_q8_rep4,3,4,3,sm_89,DS_PUSHSIG_SERIAL,NVSHMEM,C0_DEFAULT,2048,512,2048,8,0,2097152,36,0,109.376,112.800,265.120,152.320,PASS,0
PHASEB_formal_ds_C0_DEFAULT_N512_q8_rep4,3,4,3,sm_89,DS_PUSHSIG_SERIAL,NVSHMEM,C0_DEFAULT,2048,512,2048,8,1,2097152,36,0,372.960,376.288,527.840,151.552,PASS,0
PHASEB_formal_ds_C0_DEFAULT_N512_q8_rep4,3,4,3,sm_89,DS_PUSHSIG_SERIAL,NVSHMEM,C0_DEFAULT,2048,512,2048,8,2,2097152,36,0,612.768,617.280,767.520,150.240,PASS,0
PHASEB_formal_ds_C0_DEFAULT_N512_q8_rep4,3,4,3,sm_89,DS_PUSHSIG_SERIAL,NVSHMEM,C0_DEFAULT,2048,512,2048,8,3,2097152,36,0,883.840,887.264,1038.368,151.104,PASS,0
PHASEB_formal_ds_C0_DEFAULT_N512_q8_rep4,3,4,3,sm_89,DS_PUSHSIG_SERIAL,NVSHMEM,C0_DEFAULT,2048,512,2048,8,4,2097152,36,0,1124.736,1128.768,1278.752,149.984,PASS,0
PHASEB_formal_ds_C0_DEFAULT_N512_q8_rep4,3,4,3,sm_89,DS_PUSHSIG_SERIAL,NVSHMEM,C0_DEFAULT,2048,512,2048,8,5,2097152,36,0,1406.208,1409.632,1560.640,151.008,PASS,0
PHASEB_formal_ds_C0_DEFAULT_N512_q8_rep4,3,4,3,sm_89,DS_PUSHSIG_SERIAL,NVSHMEM,C0_DEFAULT,2048,512,2048,8,6,2097152,36,0,1669.216,1672.544,1821.920,149.376,PASS,0
PHASEB_formal_ds_C0_DEFAULT_N512_q8_rep4,3,4,3,sm_89,DS_PUSHSIG_SERIAL,NVSHMEM,C0_DEFAULT,2048,512,2048,8,7,2097152,36,0,1942.432,1945.856,2094.944,149.088,PASS,0
PHASEB_formal_ds_C0_DEFAULT_N512_q8_rep4,3,4,3,sm_89,DS_PUSHSIG_SERIAL,NVSHMEM,C0_DEFAULT,2048,512,2048,8,0,2097152,37,0,154.272,157.696,310.272,152.576,PASS,0
PHASEB_formal_ds_C0_DEFAULT_N512_q8_rep4,3,4,3,sm_89,DS_PUSHSIG_SERIAL,NVSHMEM,C0_DEFAULT,2048,512,2048,8,1,2097152,37,0,410.304,413.696,564.192,150.496,PASS,0
PHASEB_formal_ds_C0_DEFAULT_N512_q8_rep4,3,4,3,sm_89,DS_PUSHSIG_SERIAL,NVSHMEM,C0_DEFAULT,2048,512,2048,8,2,2097152,37,0,672.736,676.096,828.864,152.768,PASS,0
PHASEB_formal_ds_C0_DEFAULT_N512_q8_rep4,3,4,3,sm_89,DS_PUSHSIG_SERIAL,NVSHMEM,C0_DEFAULT,2048,512,2048,8,3,2097152,37,0,910.944,914.272,1069.600,155.328,PASS,0
PHASEB_formal_ds_C0_DEFAULT_N512_q8_rep4,3,4,3,sm_89,DS_PUSHSIG_SERIAL,NVSHMEM,C0_DEFAULT,2048,512,2048,8,4,2097152,37,0,1189.312,1192.704,1342.944,150.240,PASS,0
PHASEB_formal_ds_C0_DEFAULT_N512_q8_rep4,3,4,3,sm_89,DS_PUSHSIG_SERIAL,NVSHMEM,C0_DEFAULT,2048,512,2048,8,5,2097152,37,0,1444.032,1447.488,1597.664,150.176,PASS,0
PHASEB_formal_ds_C0_DEFAULT_N512_q8_rep4,3,4,3,sm_89,DS_PUSHSIG_SERIAL,NVSHMEM,C0_DEFAULT,2048,512,2048,8,6,2097152,37,0,1691.744,1696.608,1846.336,149.728,PASS,0
PHASEB_formal_ds_C0_DEFAULT_N512_q8_rep4,3,4,3,sm_89,DS_PUSHSIG_SERIAL,NVSHMEM,C0_DEFAULT,2048,512,2048,8,7,2097152,37,0,1959.520,1962.976,2112.160,149.184,PASS,0
PHASEB_formal_ds_C0_DEFAULT_N512_q8_rep4,3,4,3,sm_89,DS_PUSHSIG_SERIAL,NVSHMEM,C0_DEFAULT,2048,512,2048,8,0,2097152,38,0,128.608,132.032,284.608,152.576,PASS,0
PHASEB_formal_ds_C0_DEFAULT_N512_q8_rep4,3,4,3,sm_89,DS_PUSHSIG_SERIAL,NVSHMEM,C0_DEFAULT,2048,512,2048,8,1,2097152,38,0,363.104,367.040,520.544,153.504,PASS,0
PHASEB_formal_ds_C0_DEFAULT_N512_q8_rep4,3,4,3,sm_89,DS_PUSHSIG_SERIAL,NVSHMEM,C0_DEFAULT,2048,512,2048,8,2,2097152,38,0,644.928,648.288,799.680,151.392,PASS,0
PHASEB_formal_ds_C0_DEFAULT_N512_q8_rep4,3,4,3,sm_89,DS_PUSHSIG_SERIAL,NVSHMEM,C0_DEFAULT,2048,512,2048,8,3,2097152,38,0,902.720,906.144,1058.976,152.832,PASS,0
PHASEB_formal_ds_C0_DEFAULT_N512_q8_rep4,3,4,3,sm_89,DS_PUSHSIG_SERIAL,NVSHMEM,C0_DEFAULT,2048,512,2048,8,4,2097152,38,0,1181.824,1185.184,1336.416,151.232,PASS,0
PHASEB_formal_ds_C0_DEFAULT_N512_q8_rep4,3,4,3,sm_89,DS_PUSHSIG_SERIAL,NVSHMEM,C0_DEFAULT,2048,512,2048,8,5,2097152,38,0,1422.496,1427.392,1576.608,149.216,PASS,0
PHASEB_formal_ds_C0_DEFAULT_N512_q8_rep4,3,4,3,sm_89,DS_PUSHSIG_SERIAL,NVSHMEM,C0_DEFAULT,2048,512,2048,8,6,2097152,38,0,1689.184,1692.512,1840.992,148.480,PASS,0
PHASEB_formal_ds_C0_DEFAULT_N512_q8_rep4,3,4,3,sm_89,DS_PUSHSIG_SERIAL,NVSHMEM,C0_DEFAULT,2048,512,2048,8,7,2097152,38,0,1947.488,1950.880,2100.480,149.600,PASS,0
PHASEB_formal_ds_C0_DEFAULT_N512_q8_rep4,3,4,3,sm_89,DS_PUSHSIG_SERIAL,NVSHMEM,C0_DEFAULT,2048,512,2048,8,0,2097152,39,0,130.624,134.016,287.584,153.568,PASS,0
PHASEB_formal_ds_C0_DEFAULT_N512_q8_rep4,3,4,3,sm_89,DS_PUSHSIG_SERIAL,NVSHMEM,C0_DEFAULT,2048,512,2048,8,1,2097152,39,0,387.936,391.392,541.568,150.176,PASS,0
PHASEB_formal_ds_C0_DEFAULT_N512_q8_rep4,3,4,3,sm_89,DS_PUSHSIG_SERIAL,NVSHMEM,C0_DEFAULT,2048,512,2048,8,2,2097152,39,0,666.336,669.760,820.160,150.400,PASS,0
PHASEB_formal_ds_C0_DEFAULT_N512_q8_rep4,3,4,3,sm_89,DS_PUSHSIG_SERIAL,NVSHMEM,C0_DEFAULT,2048,512,2048,8,3,2097152,39,0,931.872,935.232,1085.472,150.240,PASS,0
PHASEB_formal_ds_C0_DEFAULT_N512_q8_rep4,3,4,3,sm_89,DS_PUSHSIG_SERIAL,NVSHMEM,C0_DEFAULT,2048,512,2048,8,4,2097152,39,0,1196.640,1200.224,1350.144,149.920,PASS,0
PHASEB_formal_ds_C0_DEFAULT_N512_q8_rep4,3,4,3,sm_89,DS_PUSHSIG_SERIAL,NVSHMEM,C0_DEFAULT,2048,512,2048,8,5,2097152,39,0,1464.800,1468.160,1618.688,150.528,PASS,0
PHASEB_formal_ds_C0_DEFAULT_N512_q8_rep4,3,4,3,sm_89,DS_PUSHSIG_SERIAL,NVSHMEM,C0_DEFAULT,2048,512,2048,8,6,2097152,39,0,1701.216,1704.960,1857.440,152.480,PASS,0
PHASEB_formal_ds_C0_DEFAULT_N512_q8_rep4,3,4,3,sm_89,DS_PUSHSIG_SERIAL,NVSHMEM,C0_DEFAULT,2048,512,2048,8,7,2097152,39,0,1978.240,1981.792,2131.040,149.248,PASS,0
PHASEB_formal_ds_C0_DEFAULT_N512_q8_rep4,3,4,3,sm_89,DS_PUSHSIG_SERIAL,NVSHMEM,C0_DEFAULT,2048,512,2048,8,0,2097152,40,0,115.200,118.656,270.464,151.808,PASS,0
PHASEB_formal_ds_C0_DEFAULT_N512_q8_rep4,3,4,3,sm_89,DS_PUSHSIG_SERIAL,NVSHMEM,C0_DEFAULT,2048,512,2048,8,1,2097152,40,0,381.568,385.024,536.480,151.456,PASS,0
PHASEB_formal_ds_C0_DEFAULT_N512_q8_rep4,3,4,3,sm_89,DS_PUSHSIG_SERIAL,NVSHMEM,C0_DEFAULT,2048,512,2048,8,2,2097152,40,0,635.936,640.640,790.624,149.984,PASS,0
PHASEB_formal_ds_C0_DEFAULT_N512_q8_rep4,3,4,3,sm_89,DS_PUSHSIG_SERIAL,NVSHMEM,C0_DEFAULT,2048,512,2048,8,3,2097152,40,0,920.288,923.680,1075.200,151.520,PASS,0
PHASEB_formal_ds_C0_DEFAULT_N512_q8_rep4,3,4,3,sm_89,DS_PUSHSIG_SERIAL,NVSHMEM,C0_DEFAULT,2048,512,2048,8,4,2097152,40,0,1187.904,1191.296,1345.568,154.272,PASS,0
PHASEB_formal_ds_C0_DEFAULT_N512_q8_rep4,3,4,3,sm_89,DS_PUSHSIG_SERIAL,NVSHMEM,C0_DEFAULT,2048,512,2048,8,5,2097152,40,0,1436.608,1441.088,1592.704,151.616,PASS,0
PHASEB_formal_ds_C0_DEFAULT_N512_q8_rep4,3,4,3,sm_89,DS_PUSHSIG_SERIAL,NVSHMEM,C0_DEFAULT,2048,512,2048,8,6,2097152,40,0,1707.872,1711.232,1860.320,149.088,PASS,0
PHASEB_formal_ds_C0_DEFAULT_N512_q8_rep4,3,4,3,sm_89,DS_PUSHSIG_SERIAL,NVSHMEM,C0_DEFAULT,2048,512,2048,8,7,2097152,40,0,1941.248,1945.504,2097.376,151.872,PASS,0
PHASEB_formal_ds_C0_DEFAULT_N512_q8_rep4,3,4,3,sm_89,DS_PUSHSIG_SERIAL,NVSHMEM,C0_DEFAULT,2048,512,2048,8,0,2097152,41,0,126.528,129.888,283.680,153.792,PASS,0
PHASEB_formal_ds_C0_DEFAULT_N512_q8_rep4,3,4,3,sm_89,DS_PUSHSIG_SERIAL,NVSHMEM,C0_DEFAULT,2048,512,2048,8,1,2097152,41,0,361.280,368.192,521.696,153.504,PASS,0
PHASEB_formal_ds_C0_DEFAULT_N512_q8_rep4,3,4,3,sm_89,DS_PUSHSIG_SERIAL,NVSHMEM,C0_DEFAULT,2048,512,2048,8,2,2097152,41,0,644.704,648.096,798.944,150.848,PASS,0
PHASEB_formal_ds_C0_DEFAULT_N512_q8_rep4,3,4,3,sm_89,DS_PUSHSIG_SERIAL,NVSHMEM,C0_DEFAULT,2048,512,2048,8,3,2097152,41,0,901.376,904.736,1054.752,150.016,PASS,0
PHASEB_formal_ds_C0_DEFAULT_N512_q8_rep4,3,4,3,sm_89,DS_PUSHSIG_SERIAL,NVSHMEM,C0_DEFAULT,2048,512,2048,8,4,2097152,41,0,1165.440,1168.864,1319.968,151.104,PASS,0
PHASEB_formal_ds_C0_DEFAULT_N512_q8_rep4,3,4,3,sm_89,DS_PUSHSIG_SERIAL,NVSHMEM,C0_DEFAULT,2048,512,2048,8,5,2097152,41,0,1424.576,1431.680,1582.208,150.528,PASS,0
PHASEB_formal_ds_C0_DEFAULT_N512_q8_rep4,3,4,3,sm_89,DS_PUSHSIG_SERIAL,NVSHMEM,C0_DEFAULT,2048,512,2048,8,6,2097152,41,0,1717.952,1721.280,1871.104,149.824,PASS,0
PHASEB_formal_ds_C0_DEFAULT_N512_q8_rep4,3,4,3,sm_89,DS_PUSHSIG_SERIAL,NVSHMEM,C0_DEFAULT,2048,512,2048,8,7,2097152,41,0,1951.520,1955.744,2107.072,151.328,PASS,0
PHASEB_formal_ds_C0_DEFAULT_N512_q8_rep4,3,4,3,sm_89,DS_PUSHSIG_SERIAL,NVSHMEM,C0_DEFAULT,2048,512,2048,8,0,2097152,42,0,133.664,137.280,289.184,151.904,PASS,0
PHASEB_formal_ds_C0_DEFAULT_N512_q8_rep4,3,4,3,sm_89,DS_PUSHSIG_SERIAL,NVSHMEM,C0_DEFAULT,2048,512,2048,8,1,2097152,42,0,399.712,403.104,555.808,152.704,PASS,0
PHASEB_formal_ds_C0_DEFAULT_N512_q8_rep4,3,4,3,sm_89,DS_PUSHSIG_SERIAL,NVSHMEM,C0_DEFAULT,2048,512,2048,8,2,2097152,42,0,643.072,646.976,799.232,152.256,PASS,0
PHASEB_formal_ds_C0_DEFAULT_N512_q8_rep4,3,4,3,sm_89,DS_PUSHSIG_SERIAL,NVSHMEM,C0_DEFAULT,2048,512,2048,8,3,2097152,42,0,914.464,917.856,1069.120,151.264,PASS,0
PHASEB_formal_ds_C0_DEFAULT_N512_q8_rep4,3,4,3,sm_89,DS_PUSHSIG_SERIAL,NVSHMEM,C0_DEFAULT,2048,512,2048,8,4,2097152,42,0,1176.896,1180.352,1331.040,150.688,PASS,0
PHASEB_formal_ds_C0_DEFAULT_N512_q8_rep4,3,4,3,sm_89,DS_PUSHSIG_SERIAL,NVSHMEM,C0_DEFAULT,2048,512,2048,8,5,2097152,42,0,1437.984,1443.488,1594.528,151.040,PASS,0
PHASEB_formal_ds_C0_DEFAULT_N512_q8_rep4,3,4,3,sm_89,DS_PUSHSIG_SERIAL,NVSHMEM,C0_DEFAULT,2048,512,2048,8,6,2097152,42,0,1709.248,1712.832,1862.432,149.600,PASS,0
PHASEB_formal_ds_C0_DEFAULT_N512_q8_rep4,3,4,3,sm_89,DS_PUSHSIG_SERIAL,NVSHMEM,C0_DEFAULT,2048,512,2048,8,7,2097152,42,0,1949.504,1952.864,2101.664,148.800,PASS,0
PHASEB_formal_ds_C0_DEFAULT_N512_q8_rep4,3,4,3,sm_89,DS_PUSHSIG_SERIAL,NVSHMEM,C0_DEFAULT,2048,512,2048,8,0,2097152,43,0,135.008,138.336,291.648,153.312,PASS,0
PHASEB_formal_ds_C0_DEFAULT_N512_q8_rep4,3,4,3,sm_89,DS_PUSHSIG_SERIAL,NVSHMEM,C0_DEFAULT,2048,512,2048,8,1,2097152,43,0,364.608,368.224,517.856,149.632,PASS,0
PHASEB_formal_ds_C0_DEFAULT_N512_q8_rep4,3,4,3,sm_89,DS_PUSHSIG_SERIAL,NVSHMEM,C0_DEFAULT,2048,512,2048,8,2,2097152,43,0,644.576,647.936,799.136,151.200,PASS,0
PHASEB_formal_ds_C0_DEFAULT_N512_q8_rep4,3,4,3,sm_89,DS_PUSHSIG_SERIAL,NVSHMEM,C0_DEFAULT,2048,512,2048,8,3,2097152,43,0,903.360,906.784,1057.664,150.880,PASS,0
PHASEB_formal_ds_C0_DEFAULT_N512_q8_rep4,3,4,3,sm_89,DS_PUSHSIG_SERIAL,NVSHMEM,C0_DEFAULT,2048,512,2048,8,4,2097152,43,0,1175.008,1178.912,1330.944,152.032,PASS,0
PHASEB_formal_ds_C0_DEFAULT_N512_q8_rep4,3,4,3,sm_89,DS_PUSHSIG_SERIAL,NVSHMEM,C0_DEFAULT,2048,512,2048,8,5,2097152,43,0,1439.296,1442.656,1595.520,152.864,PASS,0
PHASEB_formal_ds_C0_DEFAULT_N512_q8_rep4,3,4,3,sm_89,DS_PUSHSIG_SERIAL,NVSHMEM,C0_DEFAULT,2048,512,2048,8,6,2097152,43,0,1715.424,1718.816,1869.312,150.496,PASS,0
PHASEB_formal_ds_C0_DEFAULT_N512_q8_rep4,3,4,3,sm_89,DS_PUSHSIG_SERIAL,NVSHMEM,C0_DEFAULT,2048,512,2048,8,7,2097152,43,0,1964.864,1969.888,2118.496,148.608,PASS,0
PHASEB_formal_ds_C0_DEFAULT_N512_q8_rep4,3,4,3,sm_89,DS_PUSHSIG_SERIAL,NVSHMEM,C0_DEFAULT,2048,512,2048,8,0,2097152,44,0,130.176,133.536,287.648,154.112,PASS,0
PHASEB_formal_ds_C0_DEFAULT_N512_q8_rep4,3,4,3,sm_89,DS_PUSHSIG_SERIAL,NVSHMEM,C0_DEFAULT,2048,512,2048,8,1,2097152,44,0,387.808,391.168,541.984,150.816,PASS,0
PHASEB_formal_ds_C0_DEFAULT_N512_q8_rep4,3,4,3,sm_89,DS_PUSHSIG_SERIAL,NVSHMEM,C0_DEFAULT,2048,512,2048,8,2,2097152,44,0,660.576,663.968,816.608,152.640,PASS,0
PHASEB_formal_ds_C0_DEFAULT_N512_q8_rep4,3,4,3,sm_89,DS_PUSHSIG_SERIAL,NVSHMEM,C0_DEFAULT,2048,512,2048,8,3,2097152,44,0,902.432,907.616,1057.952,150.336,PASS,0
PHASEB_formal_ds_C0_DEFAULT_N512_q8_rep4,3,4,3,sm_89,DS_PUSHSIG_SERIAL,NVSHMEM,C0_DEFAULT,2048,512,2048,8,4,2097152,44,0,1187.552,1190.912,1342.592,151.680,PASS,0
PHASEB_formal_ds_C0_DEFAULT_N512_q8_rep4,3,4,3,sm_89,DS_PUSHSIG_SERIAL,NVSHMEM,C0_DEFAULT,2048,512,2048,8,5,2097152,44,0,1445.280,1448.704,1599.776,151.072,PASS,0
PHASEB_formal_ds_C0_DEFAULT_N512_q8_rep4,3,4,3,sm_89,DS_PUSHSIG_SERIAL,NVSHMEM,C0_DEFAULT,2048,512,2048,8,6,2097152,44,0,1716.064,1719.424,1870.912,151.488,PASS,0
PHASEB_formal_ds_C0_DEFAULT_N512_q8_rep4,3,4,3,sm_89,DS_PUSHSIG_SERIAL,NVSHMEM,C0_DEFAULT,2048,512,2048,8,7,2097152,44,0,1979.936,1983.552,2133.088,149.536,PASS,0
PHASEB_formal_ds_C0_DEFAULT_N512_q8_rep4,3,4,3,sm_89,DS_PUSHSIG_SERIAL,NVSHMEM,C0_DEFAULT,2048,512,2048,8,0,2097152,45,0,138.688,142.112,294.560,152.448,PASS,0
PHASEB_formal_ds_C0_DEFAULT_N512_q8_rep4,3,4,3,sm_89,DS_PUSHSIG_SERIAL,NVSHMEM,C0_DEFAULT,2048,512,2048,8,1,2097152,45,0,397.248,400.640,552.320,151.680,PASS,0
PHASEB_formal_ds_C0_DEFAULT_N512_q8_rep4,3,4,3,sm_89,DS_PUSHSIG_SERIAL,NVSHMEM,C0_DEFAULT,2048,512,2048,8,2,2097152,45,0,667.808,671.296,822.432,151.136,PASS,0
PHASEB_formal_ds_C0_DEFAULT_N512_q8_rep4,3,4,3,sm_89,DS_PUSHSIG_SERIAL,NVSHMEM,C0_DEFAULT,2048,512,2048,8,3,2097152,45,0,903.360,906.720,1058.560,151.840,PASS,0
PHASEB_formal_ds_C0_DEFAULT_N512_q8_rep4,3,4,3,sm_89,DS_PUSHSIG_SERIAL,NVSHMEM,C0_DEFAULT,2048,512,2048,8,4,2097152,45,0,1194.016,1197.408,1348.704,151.296,PASS,0
PHASEB_formal_ds_C0_DEFAULT_N512_q8_rep4,3,4,3,sm_89,DS_PUSHSIG_SERIAL,NVSHMEM,C0_DEFAULT,2048,512,2048,8,5,2097152,45,0,1436.960,1441.088,1592.512,151.424,PASS,0
PHASEB_formal_ds_C0_DEFAULT_N512_q8_rep4,3,4,3,sm_89,DS_PUSHSIG_SERIAL,NVSHMEM,C0_DEFAULT,2048,512,2048,8,6,2097152,45,0,1707.232,1710.848,1860.992,150.144,PASS,0
PHASEB_formal_ds_C0_DEFAULT_N512_q8_rep4,3,4,3,sm_89,DS_PUSHSIG_SERIAL,NVSHMEM,C0_DEFAULT,2048,512,2048,8,7,2097152,45,0,1941.696,1945.440,2096.672,151.232,PASS,0
PHASEB_formal_ds_C0_DEFAULT_N512_q8_rep4,3,4,3,sm_89,DS_PUSHSIG_SERIAL,NVSHMEM,C0_DEFAULT,2048,512,2048,8,0,2097152,46,0,126.496,129.920,281.280,151.360,PASS,0
PHASEB_formal_ds_C0_DEFAULT_N512_q8_rep4,3,4,3,sm_89,DS_PUSHSIG_SERIAL,NVSHMEM,C0_DEFAULT,2048,512,2048,8,1,2097152,46,0,360.256,367.200,519.360,152.160,PASS,0
PHASEB_formal_ds_C0_DEFAULT_N512_q8_rep4,3,4,3,sm_89,DS_PUSHSIG_SERIAL,NVSHMEM,C0_DEFAULT,2048,512,2048,8,2,2097152,46,0,636.960,640.384,792.736,152.352,PASS,0
PHASEB_formal_ds_C0_DEFAULT_N512_q8_rep4,3,4,3,sm_89,DS_PUSHSIG_SERIAL,NVSHMEM,C0_DEFAULT,2048,512,2048,8,3,2097152,46,0,905.216,908.672,1061.120,152.448,PASS,0
PHASEB_formal_ds_C0_DEFAULT_N512_q8_rep4,3,4,3,sm_89,DS_PUSHSIG_SERIAL,NVSHMEM,C0_DEFAULT,2048,512,2048,8,4,2097152,46,0,1168.928,1172.320,1322.752,150.432,PASS,0
PHASEB_formal_ds_C0_DEFAULT_N512_q8_rep4,3,4,3,sm_89,DS_PUSHSIG_SERIAL,NVSHMEM,C0_DEFAULT,2048,512,2048,8,5,2097152,46,0,1433.216,1436.608,1587.552,150.944,PASS,0
PHASEB_formal_ds_C0_DEFAULT_N512_q8_rep4,3,4,3,sm_89,DS_PUSHSIG_SERIAL,NVSHMEM,C0_DEFAULT,2048,512,2048,8,6,2097152,46,0,1672.096,1675.872,1825.824,149.952,PASS,0
PHASEB_formal_ds_C0_DEFAULT_N512_q8_rep4,3,4,3,sm_89,DS_PUSHSIG_SERIAL,NVSHMEM,C0_DEFAULT,2048,512,2048,8,7,2097152,46,0,1939.200,1942.656,2092.416,149.760,PASS,0
PHASEB_formal_ds_C0_DEFAULT_N512_q8_rep4,3,4,3,sm_89,DS_PUSHSIG_SERIAL,NVSHMEM,C0_DEFAULT,2048,512,2048,8,0,2097152,47,0,130.496,134.272,285.760,151.488,PASS,0
PHASEB_formal_ds_C0_DEFAULT_N512_q8_rep4,3,4,3,sm_89,DS_PUSHSIG_SERIAL,NVSHMEM,C0_DEFAULT,2048,512,2048,8,1,2097152,47,0,356.576,359.936,512.928,152.992,PASS,0
PHASEB_formal_ds_C0_DEFAULT_N512_q8_rep4,3,4,3,sm_89,DS_PUSHSIG_SERIAL,NVSHMEM,C0_DEFAULT,2048,512,2048,8,2,2097152,47,0,632.960,636.352,789.344,152.992,PASS,0
PHASEB_formal_ds_C0_DEFAULT_N512_q8_rep4,3,4,3,sm_89,DS_PUSHSIG_SERIAL,NVSHMEM,C0_DEFAULT,2048,512,2048,8,3,2097152,47,0,887.328,890.976,1043.232,152.256,PASS,0
PHASEB_formal_ds_C0_DEFAULT_N512_q8_rep4,3,4,3,sm_89,DS_PUSHSIG_SERIAL,NVSHMEM,C0_DEFAULT,2048,512,2048,8,4,2097152,47,0,1162.752,1166.368,1315.712,149.344,PASS,0
PHASEB_formal_ds_C0_DEFAULT_N512_q8_rep4,3,4,3,sm_89,DS_PUSHSIG_SERIAL,NVSHMEM,C0_DEFAULT,2048,512,2048,8,5,2097152,47,0,1409.344,1413.024,1565.120,152.096,PASS,0
PHASEB_formal_ds_C0_DEFAULT_N512_q8_rep4,3,4,3,sm_89,DS_PUSHSIG_SERIAL,NVSHMEM,C0_DEFAULT,2048,512,2048,8,6,2097152,47,0,1687.264,1690.720,1840.512,149.792,PASS,0
PHASEB_formal_ds_C0_DEFAULT_N512_q8_rep4,3,4,3,sm_89,DS_PUSHSIG_SERIAL,NVSHMEM,C0_DEFAULT,2048,512,2048,8,7,2097152,47,0,1923.136,1928.448,2079.648,151.200,PASS,0
PHASEB_formal_ds_C0_DEFAULT_N512_q8_rep4,3,4,3,sm_89,DS_PUSHSIG_SERIAL,NVSHMEM,C0_DEFAULT,2048,512,2048,8,0,2097152,48,0,148.992,152.416,305.024,152.608,PASS,0
PHASEB_formal_ds_C0_DEFAULT_N512_q8_rep4,3,4,3,sm_89,DS_PUSHSIG_SERIAL,NVSHMEM,C0_DEFAULT,2048,512,2048,8,1,2097152,48,0,391.680,395.232,549.920,154.688,PASS,0
PHASEB_formal_ds_C0_DEFAULT_N512_q8_rep4,3,4,3,sm_89,DS_PUSHSIG_SERIAL,NVSHMEM,C0_DEFAULT,2048,512,2048,8,2,2097152,48,0,669.152,672.512,823.360,150.848,PASS,0
PHASEB_formal_ds_C0_DEFAULT_N512_q8_rep4,3,4,3,sm_89,DS_PUSHSIG_SERIAL,NVSHMEM,C0_DEFAULT,2048,512,2048,8,3,2097152,48,0,907.712,911.936,1066.592,154.656,PASS,0
PHASEB_formal_ds_C0_DEFAULT_N512_q8_rep4,3,4,3,sm_89,DS_PUSHSIG_SERIAL,NVSHMEM,C0_DEFAULT,2048,512,2048,8,4,2097152,48,0,1180.416,1184.192,1335.104,150.912,PASS,0
PHASEB_formal_ds_C0_DEFAULT_N512_q8_rep4,3,4,3,sm_89,DS_PUSHSIG_SERIAL,NVSHMEM,C0_DEFAULT,2048,512,2048,8,5,2097152,48,0,1427.968,1434.016,1584.224,150.208,PASS,0
PHASEB_formal_ds_C0_DEFAULT_N512_q8_rep4,3,4,3,sm_89,DS_PUSHSIG_SERIAL,NVSHMEM,C0_DEFAULT,2048,512,2048,8,6,2097152,48,0,1696.672,1700.192,1849.984,149.792,PASS,0
PHASEB_formal_ds_C0_DEFAULT_N512_q8_rep4,3,4,3,sm_89,DS_PUSHSIG_SERIAL,NVSHMEM,C0_DEFAULT,2048,512,2048,8,7,2097152,48,0,1941.408,1944.832,2094.080,149.248,PASS,0
PHASEB_formal_ds_C0_DEFAULT_N512_q8_rep4,3,4,3,sm_89,DS_PUSHSIG_SERIAL,NVSHMEM,C0_DEFAULT,2048,512,2048,8,0,2097152,49,0,126.112,129.536,283.200,153.664,PASS,0
PHASEB_formal_ds_C0_DEFAULT_N512_q8_rep4,3,4,3,sm_89,DS_PUSHSIG_SERIAL,NVSHMEM,C0_DEFAULT,2048,512,2048,8,1,2097152,49,0,406.080,409.792,560.000,150.208,PASS,0
PHASEB_formal_ds_C0_DEFAULT_N512_q8_rep4,3,4,3,sm_89,DS_PUSHSIG_SERIAL,NVSHMEM,C0_DEFAULT,2048,512,2048,8,2,2097152,49,0,668.512,671.904,824.896,152.992,PASS,0
PHASEB_formal_ds_C0_DEFAULT_N512_q8_rep4,3,4,3,sm_89,DS_PUSHSIG_SERIAL,NVSHMEM,C0_DEFAULT,2048,512,2048,8,3,2097152,49,0,923.424,927.968,1078.528,150.560,PASS,0
PHASEB_formal_ds_C0_DEFAULT_N512_q8_rep4,3,4,3,sm_89,DS_PUSHSIG_SERIAL,NVSHMEM,C0_DEFAULT,2048,512,2048,8,4,2097152,49,0,1192.352,1195.776,1347.168,151.392,PASS,0
PHASEB_formal_ds_C0_DEFAULT_N512_q8_rep4,3,4,3,sm_89,DS_PUSHSIG_SERIAL,NVSHMEM,C0_DEFAULT,2048,512,2048,8,5,2097152,49,0,1457.824,1461.600,1612.000,150.400,PASS,0
PHASEB_formal_ds_C0_DEFAULT_N512_q8_rep4,3,4,3,sm_89,DS_PUSHSIG_SERIAL,NVSHMEM,C0_DEFAULT,2048,512,2048,8,6,2097152,49,0,1733.888,1737.536,1889.984,152.448,PASS,0
PHASEB_formal_ds_C0_DEFAULT_N512_q8_rep4,3,4,3,sm_89,DS_PUSHSIG_SERIAL,NVSHMEM,C0_DEFAULT,2048,512,2048,8,7,2097152,49,0,2001.472,2005.056,2155.168,150.112,PASS,0
PHASEB_formal_ds_C0_DEFAULT_N512_q8_rep4,3,4,3,sm_89,DS_PUSHSIG_SERIAL,NVSHMEM,C0_DEFAULT,2048,512,2048,8,0,2097152,50,0,122.784,126.432,277.920,151.488,PASS,0
PHASEB_formal_ds_C0_DEFAULT_N512_q8_rep4,3,4,3,sm_89,DS_PUSHSIG_SERIAL,NVSHMEM,C0_DEFAULT,2048,512,2048,8,1,2097152,50,0,352.128,355.456,507.776,152.320,PASS,0
PHASEB_formal_ds_C0_DEFAULT_N512_q8_rep4,3,4,3,sm_89,DS_PUSHSIG_SERIAL,NVSHMEM,C0_DEFAULT,2048,512,2048,8,2,2097152,50,0,650.720,654.112,807.168,153.056,PASS,0
PHASEB_formal_ds_C0_DEFAULT_N512_q8_rep4,3,4,3,sm_89,DS_PUSHSIG_SERIAL,NVSHMEM,C0_DEFAULT,2048,512,2048,8,3,2097152,50,0,913.280,916.672,1069.440,152.768,PASS,0
PHASEB_formal_ds_C0_DEFAULT_N512_q8_rep4,3,4,3,sm_89,DS_PUSHSIG_SERIAL,NVSHMEM,C0_DEFAULT,2048,512,2048,8,4,2097152,50,0,1170.400,1174.176,1324.640,150.464,PASS,0
PHASEB_formal_ds_C0_DEFAULT_N512_q8_rep4,3,4,3,sm_89,DS_PUSHSIG_SERIAL,NVSHMEM,C0_DEFAULT,2048,512,2048,8,5,2097152,50,0,1424.832,1429.312,1580.800,151.488,PASS,0
PHASEB_formal_ds_C0_DEFAULT_N512_q8_rep4,3,4,3,sm_89,DS_PUSHSIG_SERIAL,NVSHMEM,C0_DEFAULT,2048,512,2048,8,6,2097152,50,0,1691.968,1695.296,1844.992,149.696,PASS,0
PHASEB_formal_ds_C0_DEFAULT_N512_q8_rep4,3,4,3,sm_89,DS_PUSHSIG_SERIAL,NVSHMEM,C0_DEFAULT,2048,512,2048,8,7,2097152,50,0,1948.256,1951.680,2100.416,148.736,PASS,0
PHASEB_formal_ds_C0_DEFAULT_N512_q8_rep4,3,4,3,sm_89,DS_PUSHSIG_SERIAL,NVSHMEM,C0_DEFAULT,2048,512,2048,8,0,2097152,51,0,138.048,141.408,294.624,153.216,PASS,0
PHASEB_formal_ds_C0_DEFAULT_N512_q8_rep4,3,4,3,sm_89,DS_PUSHSIG_SERIAL,NVSHMEM,C0_DEFAULT,2048,512,2048,8,1,2097152,51,0,396.768,400.128,550.624,150.496,PASS,0
PHASEB_formal_ds_C0_DEFAULT_N512_q8_rep4,3,4,3,sm_89,DS_PUSHSIG_SERIAL,NVSHMEM,C0_DEFAULT,2048,512,2048,8,2,2097152,51,0,668.256,671.712,823.200,151.488,PASS,0
PHASEB_formal_ds_C0_DEFAULT_N512_q8_rep4,3,4,3,sm_89,DS_PUSHSIG_SERIAL,NVSHMEM,C0_DEFAULT,2048,512,2048,8,3,2097152,51,0,925.312,928.864,1079.456,150.592,PASS,0
PHASEB_formal_ds_C0_DEFAULT_N512_q8_rep4,3,4,3,sm_89,DS_PUSHSIG_SERIAL,NVSHMEM,C0_DEFAULT,2048,512,2048,8,4,2097152,51,0,1193.728,1197.088,1347.936,150.848,PASS,0
PHASEB_formal_ds_C0_DEFAULT_N512_q8_rep4,3,4,3,sm_89,DS_PUSHSIG_SERIAL,NVSHMEM,C0_DEFAULT,2048,512,2048,8,5,2097152,51,0,1443.392,1446.816,1596.608,149.792,PASS,0
PHASEB_formal_ds_C0_DEFAULT_N512_q8_rep4,3,4,3,sm_89,DS_PUSHSIG_SERIAL,NVSHMEM,C0_DEFAULT,2048,512,2048,8,6,2097152,51,0,1716.128,1719.488,1870.016,150.528,PASS,0
PHASEB_formal_ds_C0_DEFAULT_N512_q8_rep4,3,4,3,sm_89,DS_PUSHSIG_SERIAL,NVSHMEM,C0_DEFAULT,2048,512,2048,8,7,2097152,51,0,1959.360,1963.232,2113.056,149.824,PASS,0
PHASEB_formal_ds_C0_DEFAULT_N512_q8_rep4,3,4,3,sm_89,DS_PUSHSIG_SERIAL,NVSHMEM,C0_DEFAULT,2048,512,2048,8,0,2097152,52,0,135.552,138.976,291.872,152.896,PASS,0
PHASEB_formal_ds_C0_DEFAULT_N512_q8_rep4,3,4,3,sm_89,DS_PUSHSIG_SERIAL,NVSHMEM,C0_DEFAULT,2048,512,2048,8,1,2097152,52,0,373.984,377.504,527.072,149.568,PASS,0
PHASEB_formal_ds_C0_DEFAULT_N512_q8_rep4,3,4,3,sm_89,DS_PUSHSIG_SERIAL,NVSHMEM,C0_DEFAULT,2048,512,2048,8,2,2097152,52,0,644.512,648.000,799.488,151.488,PASS,0
PHASEB_formal_ds_C0_DEFAULT_N512_q8_rep4,3,4,3,sm_89,DS_PUSHSIG_SERIAL,NVSHMEM,C0_DEFAULT,2048,512,2048,8,3,2097152,52,0,884.288,889.568,1039.872,150.304,PASS,0
PHASEB_formal_ds_C0_DEFAULT_N512_q8_rep4,3,4,3,sm_89,DS_PUSHSIG_SERIAL,NVSHMEM,C0_DEFAULT,2048,512,2048,8,4,2097152,52,0,1155.456,1158.880,1311.136,152.256,PASS,0
PHASEB_formal_ds_C0_DEFAULT_N512_q8_rep4,3,4,3,sm_89,DS_PUSHSIG_SERIAL,NVSHMEM,C0_DEFAULT,2048,512,2048,8,5,2097152,52,0,1393.184,1398.144,1549.056,150.912,PASS,0
PHASEB_formal_ds_C0_DEFAULT_N512_q8_rep4,3,4,3,sm_89,DS_PUSHSIG_SERIAL,NVSHMEM,C0_DEFAULT,2048,512,2048,8,6,2097152,52,0,1658.144,1661.504,1812.224,150.720,PASS,0
PHASEB_formal_ds_C0_DEFAULT_N512_q8_rep4,3,4,3,sm_89,DS_PUSHSIG_SERIAL,NVSHMEM,C0_DEFAULT,2048,512,2048,8,7,2097152,52,0,1919.488,1922.912,2071.648,148.736,PASS,0
PHASEB_formal_ds_C0_DEFAULT_N512_q8_rep4,3,4,3,sm_89,DS_PUSHSIG_SERIAL,NVSHMEM,C0_DEFAULT,2048,512,2048,8,0,2097152,53,0,141.312,144.672,297.120,152.448,PASS,0
PHASEB_formal_ds_C0_DEFAULT_N512_q8_rep4,3,4,3,sm_89,DS_PUSHSIG_SERIAL,NVSHMEM,C0_DEFAULT,2048,512,2048,8,1,2097152,53,0,377.568,383.424,534.080,150.656,PASS,0
PHASEB_formal_ds_C0_DEFAULT_N512_q8_rep4,3,4,3,sm_89,DS_PUSHSIG_SERIAL,NVSHMEM,C0_DEFAULT,2048,512,2048,8,2,2097152,53,0,650.944,654.528,806.336,151.808,PASS,0
PHASEB_formal_ds_C0_DEFAULT_N512_q8_rep4,3,4,3,sm_89,DS_PUSHSIG_SERIAL,NVSHMEM,C0_DEFAULT,2048,512,2048,8,3,2097152,53,0,896.320,901.440,1054.112,152.672,PASS,0
PHASEB_formal_ds_C0_DEFAULT_N512_q8_rep4,3,4,3,sm_89,DS_PUSHSIG_SERIAL,NVSHMEM,C0_DEFAULT,2048,512,2048,8,4,2097152,53,0,1173.216,1176.864,1328.736,151.872,PASS,0
PHASEB_formal_ds_C0_DEFAULT_N512_q8_rep4,3,4,3,sm_89,DS_PUSHSIG_SERIAL,NVSHMEM,C0_DEFAULT,2048,512,2048,8,5,2097152,53,0,1424.096,1428.608,1580.288,151.680,PASS,0
PHASEB_formal_ds_C0_DEFAULT_N512_q8_rep4,3,4,3,sm_89,DS_PUSHSIG_SERIAL,NVSHMEM,C0_DEFAULT,2048,512,2048,8,6,2097152,53,0,1700.160,1703.520,1853.312,149.792,PASS,0
PHASEB_formal_ds_C0_DEFAULT_N512_q8_rep4,3,4,3,sm_89,DS_PUSHSIG_SERIAL,NVSHMEM,C0_DEFAULT,2048,512,2048,8,7,2097152,53,0,1935.008,1938.496,2089.792,151.296,PASS,0
PHASEB_formal_ds_C0_DEFAULT_N512_q8_rep4,3,4,3,sm_89,DS_PUSHSIG_SERIAL,NVSHMEM,C0_DEFAULT,2048,512,2048,8,0,2097152,54,0,136.608,140.032,292.704,152.672,PASS,0
PHASEB_formal_ds_C0_DEFAULT_N512_q8_rep4,3,4,3,sm_89,DS_PUSHSIG_SERIAL,NVSHMEM,C0_DEFAULT,2048,512,2048,8,1,2097152,54,0,365.312,368.768,519.616,150.848,PASS,0
PHASEB_formal_ds_C0_DEFAULT_N512_q8_rep4,3,4,3,sm_89,DS_PUSHSIG_SERIAL,NVSHMEM,C0_DEFAULT,2048,512,2048,8,2,2097152,54,0,640.224,643.584,794.080,150.496,PASS,0
PHASEB_formal_ds_C0_DEFAULT_N512_q8_rep4,3,4,3,sm_89,DS_PUSHSIG_SERIAL,NVSHMEM,C0_DEFAULT,2048,512,2048,8,3,2097152,54,0,893.376,896.800,1049.952,153.152,PASS,0
PHASEB_formal_ds_C0_DEFAULT_N512_q8_rep4,3,4,3,sm_89,DS_PUSHSIG_SERIAL,NVSHMEM,C0_DEFAULT,2048,512,2048,8,4,2097152,54,0,1158.208,1161.792,1313.088,151.296,PASS,0
PHASEB_formal_ds_C0_DEFAULT_N512_q8_rep4,3,4,3,sm_89,DS_PUSHSIG_SERIAL,NVSHMEM,C0_DEFAULT,2048,512,2048,8,5,2097152,54,0,1421.344,1426.464,1575.744,149.280,PASS,0
PHASEB_formal_ds_C0_DEFAULT_N512_q8_rep4,3,4,3,sm_89,DS_PUSHSIG_SERIAL,NVSHMEM,C0_DEFAULT,2048,512,2048,8,6,2097152,54,0,1694.368,1697.728,1846.688,148.960,PASS,0
PHASEB_formal_ds_C0_DEFAULT_N512_q8_rep4,3,4,3,sm_89,DS_PUSHSIG_SERIAL,NVSHMEM,C0_DEFAULT,2048,512,2048,8,7,2097152,54,0,1962.240,1965.664,2115.488,149.824,PASS,0
PHASEB_formal_ds_C0_DEFAULT_N512_q8_rep4,3,4,3,sm_89,DS_PUSHSIG_SERIAL,NVSHMEM,C0_DEFAULT,2048,512,2048,8,0,2097152,55,0,142.176,145.600,297.152,151.552,PASS,0
PHASEB_formal_ds_C0_DEFAULT_N512_q8_rep4,3,4,3,sm_89,DS_PUSHSIG_SERIAL,NVSHMEM,C0_DEFAULT,2048,512,2048,8,1,2097152,55,0,382.464,385.792,541.152,155.360,PASS,0
PHASEB_formal_ds_C0_DEFAULT_N512_q8_rep4,3,4,3,sm_89,DS_PUSHSIG_SERIAL,NVSHMEM,C0_DEFAULT,2048,512,2048,8,2,2097152,55,0,661.056,664.640,816.288,151.648,PASS,0
PHASEB_formal_ds_C0_DEFAULT_N512_q8_rep4,3,4,3,sm_89,DS_PUSHSIG_SERIAL,NVSHMEM,C0_DEFAULT,2048,512,2048,8,3,2097152,55,0,900.320,906.464,1059.008,152.544,PASS,0
PHASEB_formal_ds_C0_DEFAULT_N512_q8_rep4,3,4,3,sm_89,DS_PUSHSIG_SERIAL,NVSHMEM,C0_DEFAULT,2048,512,2048,8,4,2097152,55,0,1171.232,1174.592,1324.736,150.144,PASS,0
PHASEB_formal_ds_C0_DEFAULT_N512_q8_rep4,3,4,3,sm_89,DS_PUSHSIG_SERIAL,NVSHMEM,C0_DEFAULT,2048,512,2048,8,5,2097152,55,0,1433.088,1436.512,1587.552,151.040,PASS,0
PHASEB_formal_ds_C0_DEFAULT_N512_q8_rep4,3,4,3,sm_89,DS_PUSHSIG_SERIAL,NVSHMEM,C0_DEFAULT,2048,512,2048,8,6,2097152,55,0,1679.584,1684.608,1833.504,148.896,PASS,0
PHASEB_formal_ds_C0_DEFAULT_N512_q8_rep4,3,4,3,sm_89,DS_PUSHSIG_SERIAL,NVSHMEM,C0_DEFAULT,2048,512,2048,8,7,2097152,55,0,1964.384,1967.744,2116.288,148.544,PASS,0
PHASEB_formal_ds_C0_DEFAULT_N512_q8_rep4,3,4,3,sm_89,DS_PUSHSIG_SERIAL,NVSHMEM,C0_DEFAULT,2048,512,2048,8,0,2097152,56,0,128.128,131.488,284.256,152.768,PASS,0
PHASEB_formal_ds_C0_DEFAULT_N512_q8_rep4,3,4,3,sm_89,DS_PUSHSIG_SERIAL,NVSHMEM,C0_DEFAULT,2048,512,2048,8,1,2097152,56,0,435.232,438.528,590.432,151.904,PASS,0
PHASEB_formal_ds_C0_DEFAULT_N512_q8_rep4,3,4,3,sm_89,DS_PUSHSIG_SERIAL,NVSHMEM,C0_DEFAULT,2048,512,2048,8,2,2097152,56,0,729.472,732.832,884.768,151.936,PASS,0
PHASEB_formal_ds_C0_DEFAULT_N512_q8_rep4,3,4,3,sm_89,DS_PUSHSIG_SERIAL,NVSHMEM,C0_DEFAULT,2048,512,2048,8,3,2097152,56,0,995.808,999.136,1150.592,151.456,PASS,0
PHASEB_formal_ds_C0_DEFAULT_N512_q8_rep4,3,4,3,sm_89,DS_PUSHSIG_SERIAL,NVSHMEM,C0_DEFAULT,2048,512,2048,8,4,2097152,56,0,1256.704,1260.096,1410.368,150.272,PASS,0
PHASEB_formal_ds_C0_DEFAULT_N512_q8_rep4,3,4,3,sm_89,DS_PUSHSIG_SERIAL,NVSHMEM,C0_DEFAULT,2048,512,2048,8,5,2097152,56,0,1527.552,1530.880,1682.496,151.616,PASS,0
PHASEB_formal_ds_C0_DEFAULT_N512_q8_rep4,3,4,3,sm_89,DS_PUSHSIG_SERIAL,NVSHMEM,C0_DEFAULT,2048,512,2048,8,6,2097152,56,0,1791.168,1794.528,1943.648,149.120,PASS,0
PHASEB_formal_ds_C0_DEFAULT_N512_q8_rep4,3,4,3,sm_89,DS_PUSHSIG_SERIAL,NVSHMEM,C0_DEFAULT,2048,512,2048,8,7,2097152,56,0,2051.712,2055.136,2203.968,148.832,PASS,0
PHASEB_formal_ds_C0_DEFAULT_N512_q8_rep4,3,4,3,sm_89,DS_PUSHSIG_SERIAL,NVSHMEM,C0_DEFAULT,2048,512,2048,8,0,2097152,57,0,116.384,119.776,270.144,150.368,PASS,0
PHASEB_formal_ds_C0_DEFAULT_N512_q8_rep4,3,4,3,sm_89,DS_PUSHSIG_SERIAL,NVSHMEM,C0_DEFAULT,2048,512,2048,8,1,2097152,57,0,376.224,379.808,530.848,151.040,PASS,0
PHASEB_formal_ds_C0_DEFAULT_N512_q8_rep4,3,4,3,sm_89,DS_PUSHSIG_SERIAL,NVSHMEM,C0_DEFAULT,2048,512,2048,8,2,2097152,57,0,618.656,624.064,776.544,152.480,PASS,0
PHASEB_formal_ds_C0_DEFAULT_N512_q8_rep4,3,4,3,sm_89,DS_PUSHSIG_SERIAL,NVSHMEM,C0_DEFAULT,2048,512,2048,8,3,2097152,57,0,891.040,894.400,1047.008,152.608,PASS,0
PHASEB_formal_ds_C0_DEFAULT_N512_q8_rep4,3,4,3,sm_89,DS_PUSHSIG_SERIAL,NVSHMEM,C0_DEFAULT,2048,512,2048,8,4,2097152,57,0,1130.848,1135.360,1285.248,149.888,PASS,0
PHASEB_formal_ds_C0_DEFAULT_N512_q8_rep4,3,4,3,sm_89,DS_PUSHSIG_SERIAL,NVSHMEM,C0_DEFAULT,2048,512,2048,8,5,2097152,57,0,1404.672,1408.320,1557.216,148.896,PASS,0
PHASEB_formal_ds_C0_DEFAULT_N512_q8_rep4,3,4,3,sm_89,DS_PUSHSIG_SERIAL,NVSHMEM,C0_DEFAULT,2048,512,2048,8,6,2097152,57,0,1640.288,1645.184,1795.488,150.304,PASS,0
PHASEB_formal_ds_C0_DEFAULT_N512_q8_rep4,3,4,3,sm_89,DS_PUSHSIG_SERIAL,NVSHMEM,C0_DEFAULT,2048,512,2048,8,7,2097152,57,0,1909.056,1912.512,2061.600,149.088,PASS,0
PHASEB_formal_ds_C0_DEFAULT_N512_q8_rep4,3,4,3,sm_89,DS_PUSHSIG_SERIAL,NVSHMEM,C0_DEFAULT,2048,512,2048,8,0,2097152,58,0,143.936,147.392,298.848,151.456,PASS,0
PHASEB_formal_ds_C0_DEFAULT_N512_q8_rep4,3,4,3,sm_89,DS_PUSHSIG_SERIAL,NVSHMEM,C0_DEFAULT,2048,512,2048,8,1,2097152,58,0,381.728,385.984,540.608,154.624,PASS,0
PHASEB_formal_ds_C0_DEFAULT_N512_q8_rep4,3,4,3,sm_89,DS_PUSHSIG_SERIAL,NVSHMEM,C0_DEFAULT,2048,512,2048,8,2,2097152,58,0,656.416,659.872,810.208,150.336,PASS,0
PHASEB_formal_ds_C0_DEFAULT_N512_q8_rep4,3,4,3,sm_89,DS_PUSHSIG_SERIAL,NVSHMEM,C0_DEFAULT,2048,512,2048,8,3,2097152,58,0,894.912,900.224,1051.328,151.104,PASS,0
PHASEB_formal_ds_C0_DEFAULT_N512_q8_rep4,3,4,3,sm_89,DS_PUSHSIG_SERIAL,NVSHMEM,C0_DEFAULT,2048,512,2048,8,4,2097152,58,0,1166.080,1169.824,1320.672,150.848,PASS,0
PHASEB_formal_ds_C0_DEFAULT_N512_q8_rep4,3,4,3,sm_89,DS_PUSHSIG_SERIAL,NVSHMEM,C0_DEFAULT,2048,512,2048,8,5,2097152,58,0,1418.880,1422.240,1575.584,153.344,PASS,0
PHASEB_formal_ds_C0_DEFAULT_N512_q8_rep4,3,4,3,sm_89,DS_PUSHSIG_SERIAL,NVSHMEM,C0_DEFAULT,2048,512,2048,8,6,2097152,58,0,1696.832,1700.288,1851.360,151.072,PASS,0
PHASEB_formal_ds_C0_DEFAULT_N512_q8_rep4,3,4,3,sm_89,DS_PUSHSIG_SERIAL,NVSHMEM,C0_DEFAULT,2048,512,2048,8,7,2097152,58,0,1961.728,1965.344,2114.944,149.600,PASS,0
PHASEB_formal_ds_C0_DEFAULT_N512_q8_rep4,3,4,3,sm_89,DS_PUSHSIG_SERIAL,NVSHMEM,C0_DEFAULT,2048,512,2048,8,0,2097152,59,0,114.880,118.304,270.080,151.776,PASS,0
PHASEB_formal_ds_C0_DEFAULT_N512_q8_rep4,3,4,3,sm_89,DS_PUSHSIG_SERIAL,NVSHMEM,C0_DEFAULT,2048,512,2048,8,1,2097152,59,0,384.288,387.648,539.296,151.648,PASS,0
PHASEB_formal_ds_C0_DEFAULT_N512_q8_rep4,3,4,3,sm_89,DS_PUSHSIG_SERIAL,NVSHMEM,C0_DEFAULT,2048,512,2048,8,2,2097152,59,0,656.640,660.096,812.256,152.160,PASS,0
PHASEB_formal_ds_C0_DEFAULT_N512_q8_rep4,3,4,3,sm_89,DS_PUSHSIG_SERIAL,NVSHMEM,C0_DEFAULT,2048,512,2048,8,3,2097152,59,0,945.600,949.376,1100.224,150.848,PASS,0
PHASEB_formal_ds_C0_DEFAULT_N512_q8_rep4,3,4,3,sm_89,DS_PUSHSIG_SERIAL,NVSHMEM,C0_DEFAULT,2048,512,2048,8,4,2097152,59,0,1198.976,1202.880,1353.120,150.240,PASS,0
PHASEB_formal_ds_C0_DEFAULT_N512_q8_rep4,3,4,3,sm_89,DS_PUSHSIG_SERIAL,NVSHMEM,C0_DEFAULT,2048,512,2048,8,5,2097152,59,0,1466.240,1469.952,1619.328,149.376,PASS,0
PHASEB_formal_ds_C0_DEFAULT_N512_q8_rep4,3,4,3,sm_89,DS_PUSHSIG_SERIAL,NVSHMEM,C0_DEFAULT,2048,512,2048,8,6,2097152,59,0,1732.032,1735.712,1885.984,150.272,PASS,0
PHASEB_formal_ds_C0_DEFAULT_N512_q8_rep4,3,4,3,sm_89,DS_PUSHSIG_SERIAL,NVSHMEM,C0_DEFAULT,2048,512,2048,8,7,2097152,59,0,1999.520,2002.944,2151.968,149.024,PASS,0
PHASEB_formal_ds_C0_DEFAULT_N512_q8_rep4,3,4,3,sm_89,DS_PUSHSIG_SERIAL,NVSHMEM,C0_DEFAULT,2048,512,2048,8,0,2097152,60,0,141.696,145.152,297.312,152.160,PASS,0
PHASEB_formal_ds_C0_DEFAULT_N512_q8_rep4,3,4,3,sm_89,DS_PUSHSIG_SERIAL,NVSHMEM,C0_DEFAULT,2048,512,2048,8,1,2097152,60,0,382.464,386.976,538.240,151.264,PASS,0
PHASEB_formal_ds_C0_DEFAULT_N512_q8_rep4,3,4,3,sm_89,DS_PUSHSIG_SERIAL,NVSHMEM,C0_DEFAULT,2048,512,2048,8,2,2097152,60,0,652.800,656.224,808.384,152.160,PASS,0
PHASEB_formal_ds_C0_DEFAULT_N512_q8_rep4,3,4,3,sm_89,DS_PUSHSIG_SERIAL,NVSHMEM,C0_DEFAULT,2048,512,2048,8,3,2097152,60,0,897.440,902.112,1053.664,151.552,PASS,0
PHASEB_formal_ds_C0_DEFAULT_N512_q8_rep4,3,4,3,sm_89,DS_PUSHSIG_SERIAL,NVSHMEM,C0_DEFAULT,2048,512,2048,8,4,2097152,60,0,1164.736,1168.352,1319.360,151.008,PASS,0
PHASEB_formal_ds_C0_DEFAULT_N512_q8_rep4,3,4,3,sm_89,DS_PUSHSIG_SERIAL,NVSHMEM,C0_DEFAULT,2048,512,2048,8,5,2097152,60,0,1399.104,1402.432,1555.488,153.056,PASS,0
PHASEB_formal_ds_C0_DEFAULT_N512_q8_rep4,3,4,3,sm_89,DS_PUSHSIG_SERIAL,NVSHMEM,C0_DEFAULT,2048,512,2048,8,6,2097152,60,0,1673.696,1677.184,1828.736,151.552,PASS,0
PHASEB_formal_ds_C0_DEFAULT_N512_q8_rep4,3,4,3,sm_89,DS_PUSHSIG_SERIAL,NVSHMEM,C0_DEFAULT,2048,512,2048,8,7,2097152,60,0,1911.200,1916.992,2065.792,148.800,PASS,0
PHASEB_formal_ds_C0_DEFAULT_N512_q8_rep4,3,4,3,sm_89,DS_PUSHSIG_SERIAL,NVSHMEM,C0_DEFAULT,2048,512,2048,8,0,2097152,61,0,120.352,123.776,276.608,152.832,PASS,0
PHASEB_formal_ds_C0_DEFAULT_N512_q8_rep4,3,4,3,sm_89,DS_PUSHSIG_SERIAL,NVSHMEM,C0_DEFAULT,2048,512,2048,8,1,2097152,61,0,367.744,373.312,525.632,152.320,PASS,0
PHASEB_formal_ds_C0_DEFAULT_N512_q8_rep4,3,4,3,sm_89,DS_PUSHSIG_SERIAL,NVSHMEM,C0_DEFAULT,2048,512,2048,8,2,2097152,61,0,641.984,645.344,796.096,150.752,PASS,0
PHASEB_formal_ds_C0_DEFAULT_N512_q8_rep4,3,4,3,sm_89,DS_PUSHSIG_SERIAL,NVSHMEM,C0_DEFAULT,2048,512,2048,8,3,2097152,61,0,885.280,889.184,1043.168,153.984,PASS,0
PHASEB_formal_ds_C0_DEFAULT_N512_q8_rep4,3,4,3,sm_89,DS_PUSHSIG_SERIAL,NVSHMEM,C0_DEFAULT,2048,512,2048,8,4,2097152,61,0,1160.832,1164.352,1314.272,149.920,PASS,0
PHASEB_formal_ds_C0_DEFAULT_N512_q8_rep4,3,4,3,sm_89,DS_PUSHSIG_SERIAL,NVSHMEM,C0_DEFAULT,2048,512,2048,8,5,2097152,61,0,1413.440,1416.992,1567.872,150.880,PASS,0
PHASEB_formal_ds_C0_DEFAULT_N512_q8_rep4,3,4,3,sm_89,DS_PUSHSIG_SERIAL,NVSHMEM,C0_DEFAULT,2048,512,2048,8,6,2097152,61,0,1686.176,1689.536,1840.704,151.168,PASS,0
PHASEB_formal_ds_C0_DEFAULT_N512_q8_rep4,3,4,3,sm_89,DS_PUSHSIG_SERIAL,NVSHMEM,C0_DEFAULT,2048,512,2048,8,7,2097152,61,0,1928.832,1934.592,2082.976,148.384,PASS,0
PHASEB_formal_ds_C0_DEFAULT_N512_q8_rep4,3,4,3,sm_89,DS_PUSHSIG_SERIAL,NVSHMEM,C0_DEFAULT,2048,512,2048,8,0,2097152,62,0,139.552,142.912,294.688,151.776,PASS,0
PHASEB_formal_ds_C0_DEFAULT_N512_q8_rep4,3,4,3,sm_89,DS_PUSHSIG_SERIAL,NVSHMEM,C0_DEFAULT,2048,512,2048,8,1,2097152,62,0,412.800,416.224,567.808,151.584,PASS,0
PHASEB_formal_ds_C0_DEFAULT_N512_q8_rep4,3,4,3,sm_89,DS_PUSHSIG_SERIAL,NVSHMEM,C0_DEFAULT,2048,512,2048,8,2,2097152,62,0,662.816,666.144,820.800,154.656,PASS,0
PHASEB_formal_ds_C0_DEFAULT_N512_q8_rep4,3,4,3,sm_89,DS_PUSHSIG_SERIAL,NVSHMEM,C0_DEFAULT,2048,512,2048,8,3,2097152,62,0,934.752,938.688,1090.080,151.392,PASS,0
PHASEB_formal_ds_C0_DEFAULT_N512_q8_rep4,3,4,3,sm_89,DS_PUSHSIG_SERIAL,NVSHMEM,C0_DEFAULT,2048,512,2048,8,4,2097152,62,0,1186.080,1189.504,1339.392,149.888,PASS,0
PHASEB_formal_ds_C0_DEFAULT_N512_q8_rep4,3,4,3,sm_89,DS_PUSHSIG_SERIAL,NVSHMEM,C0_DEFAULT,2048,512,2048,8,5,2097152,62,0,1468.608,1472.032,1623.040,151.008,PASS,0
PHASEB_formal_ds_C0_DEFAULT_N512_q8_rep4,3,4,3,sm_89,DS_PUSHSIG_SERIAL,NVSHMEM,C0_DEFAULT,2048,512,2048,8,6,2097152,62,0,1714.752,1719.488,1869.504,150.016,PASS,0
PHASEB_formal_ds_C0_DEFAULT_N512_q8_rep4,3,4,3,sm_89,DS_PUSHSIG_SERIAL,NVSHMEM,C0_DEFAULT,2048,512,2048,8,7,2097152,62,0,1984.160,1987.616,2137.600,149.984,PASS,0
PHASEB_formal_ds_C0_DEFAULT_N512_q8_rep4,3,4,3,sm_89,DS_PUSHSIG_SERIAL,NVSHMEM,C0_DEFAULT,2048,512,2048,8,0,2097152,63,0,158.848,162.368,314.752,152.384,PASS,0
PHASEB_formal_ds_C0_DEFAULT_N512_q8_rep4,3,4,3,sm_89,DS_PUSHSIG_SERIAL,NVSHMEM,C0_DEFAULT,2048,512,2048,8,1,2097152,63,0,389.792,393.088,546.560,153.472,PASS,0
PHASEB_formal_ds_C0_DEFAULT_N512_q8_rep4,3,4,3,sm_89,DS_PUSHSIG_SERIAL,NVSHMEM,C0_DEFAULT,2048,512,2048,8,2,2097152,63,0,669.568,672.960,823.136,150.176,PASS,0
PHASEB_formal_ds_C0_DEFAULT_N512_q8_rep4,3,4,3,sm_89,DS_PUSHSIG_SERIAL,NVSHMEM,C0_DEFAULT,2048,512,2048,8,3,2097152,63,0,906.656,913.184,1068.032,154.848,PASS,0
PHASEB_formal_ds_C0_DEFAULT_N512_q8_rep4,3,4,3,sm_89,DS_PUSHSIG_SERIAL,NVSHMEM,C0_DEFAULT,2048,512,2048,8,4,2097152,63,0,1181.760,1185.216,1335.616,150.400,PASS,0
PHASEB_formal_ds_C0_DEFAULT_N512_q8_rep4,3,4,3,sm_89,DS_PUSHSIG_SERIAL,NVSHMEM,C0_DEFAULT,2048,512,2048,8,5,2097152,63,0,1421.792,1426.432,1575.968,149.536,PASS,0
PHASEB_formal_ds_C0_DEFAULT_N512_q8_rep4,3,4,3,sm_89,DS_PUSHSIG_SERIAL,NVSHMEM,C0_DEFAULT,2048,512,2048,8,6,2097152,63,0,1691.616,1694.976,1844.896,149.920,PASS,0
PHASEB_formal_ds_C0_DEFAULT_N512_q8_rep4,3,4,3,sm_89,DS_PUSHSIG_SERIAL,NVSHMEM,C0_DEFAULT,2048,512,2048,8,7,2097152,63,0,1931.712,1937.600,2085.952,148.352,PASS,0
PHASEB_formal_ds_C0_DEFAULT_N512_q8_rep4,3,4,3,sm_89,DS_PUSHSIG_SERIAL,NVSHMEM,C0_DEFAULT,2048,512,2048,8,0,2097152,64,0,152.320,155.744,307.552,151.808,PASS,0
PHASEB_formal_ds_C0_DEFAULT_N512_q8_rep4,3,4,3,sm_89,DS_PUSHSIG_SERIAL,NVSHMEM,C0_DEFAULT,2048,512,2048,8,1,2097152,64,0,384.800,388.064,543.072,155.008,PASS,0
PHASEB_formal_ds_C0_DEFAULT_N512_q8_rep4,3,4,3,sm_89,DS_PUSHSIG_SERIAL,NVSHMEM,C0_DEFAULT,2048,512,2048,8,2,2097152,64,0,666.272,669.600,821.280,151.680,PASS,0
PHASEB_formal_ds_C0_DEFAULT_N512_q8_rep4,3,4,3,sm_89,DS_PUSHSIG_SERIAL,NVSHMEM,C0_DEFAULT,2048,512,2048,8,3,2097152,64,0,906.336,909.696,1062.528,152.832,PASS,0
PHASEB_formal_ds_C0_DEFAULT_N512_q8_rep4,3,4,3,sm_89,DS_PUSHSIG_SERIAL,NVSHMEM,C0_DEFAULT,2048,512,2048,8,4,2097152,64,0,1187.808,1191.232,1341.920,150.688,PASS,0
PHASEB_formal_ds_C0_DEFAULT_N512_q8_rep4,3,4,3,sm_89,DS_PUSHSIG_SERIAL,NVSHMEM,C0_DEFAULT,2048,512,2048,8,5,2097152,64,0,1426.016,1429.760,1578.560,148.800,PASS,0
PHASEB_formal_ds_C0_DEFAULT_N512_q8_rep4,3,4,3,sm_89,DS_PUSHSIG_SERIAL,NVSHMEM,C0_DEFAULT,2048,512,2048,8,6,2097152,64,0,1722.592,1726.016,1875.360,149.344,PASS,0
PHASEB_formal_ds_C0_DEFAULT_N512_q8_rep4,3,4,3,sm_89,DS_PUSHSIG_SERIAL,NVSHMEM,C0_DEFAULT,2048,512,2048,8,7,2097152,64,0,1964.640,1968.064,2117.728,149.664,PASS,0
PHASEB_formal_ds_C0_DEFAULT_N512_q8_rep4,3,4,3,sm_89,DS_PUSHSIG_SERIAL,NVSHMEM,C0_DEFAULT,2048,512,2048,8,0,2097152,65,0,123.712,127.040,279.808,152.768,PASS,0
PHASEB_formal_ds_C0_DEFAULT_N512_q8_rep4,3,4,3,sm_89,DS_PUSHSIG_SERIAL,NVSHMEM,C0_DEFAULT,2048,512,2048,8,1,2097152,65,0,372.736,376.128,526.144,150.016,PASS,0
PHASEB_formal_ds_C0_DEFAULT_N512_q8_rep4,3,4,3,sm_89,DS_PUSHSIG_SERIAL,NVSHMEM,C0_DEFAULT,2048,512,2048,8,2,2097152,65,0,645.184,648.544,799.072,150.528,PASS,0
PHASEB_formal_ds_C0_DEFAULT_N512_q8_rep4,3,4,3,sm_89,DS_PUSHSIG_SERIAL,NVSHMEM,C0_DEFAULT,2048,512,2048,8,3,2097152,65,0,885.312,889.408,1039.168,149.760,PASS,0
PHASEB_formal_ds_C0_DEFAULT_N512_q8_rep4,3,4,3,sm_89,DS_PUSHSIG_SERIAL,NVSHMEM,C0_DEFAULT,2048,512,2048,8,4,2097152,65,0,1181.472,1185.024,1334.944,149.920,PASS,0
PHASEB_formal_ds_C0_DEFAULT_N512_q8_rep4,3,4,3,sm_89,DS_PUSHSIG_SERIAL,NVSHMEM,C0_DEFAULT,2048,512,2048,8,5,2097152,65,0,1417.984,1421.376,1571.648,150.272,PASS,0
PHASEB_formal_ds_C0_DEFAULT_N512_q8_rep4,3,4,3,sm_89,DS_PUSHSIG_SERIAL,NVSHMEM,C0_DEFAULT,2048,512,2048,8,6,2097152,65,0,1707.840,1711.232,1862.464,151.232,PASS,0
PHASEB_formal_ds_C0_DEFAULT_N512_q8_rep4,3,4,3,sm_89,DS_PUSHSIG_SERIAL,NVSHMEM,C0_DEFAULT,2048,512,2048,8,7,2097152,65,0,1942.176,1946.112,2095.040,148.928,PASS,0
PHASEB_formal_ds_C0_DEFAULT_N512_q8_rep4,3,4,3,sm_89,DS_PUSHSIG_SERIAL,NVSHMEM,C0_DEFAULT,2048,512,2048,8,0,2097152,66,0,115.040,118.496,270.304,151.808,PASS,0
PHASEB_formal_ds_C0_DEFAULT_N512_q8_rep4,3,4,3,sm_89,DS_PUSHSIG_SERIAL,NVSHMEM,C0_DEFAULT,2048,512,2048,8,1,2097152,66,0,384.384,387.808,539.200,151.392,PASS,0
PHASEB_formal_ds_C0_DEFAULT_N512_q8_rep4,3,4,3,sm_89,DS_PUSHSIG_SERIAL,NVSHMEM,C0_DEFAULT,2048,512,2048,8,2,2097152,66,0,648.256,651.616,803.552,151.936,PASS,0
PHASEB_formal_ds_C0_DEFAULT_N512_q8_rep4,3,4,3,sm_89,DS_PUSHSIG_SERIAL,NVSHMEM,C0_DEFAULT,2048,512,2048,8,3,2097152,66,0,904.608,908.000,1059.040,151.040,PASS,0
PHASEB_formal_ds_C0_DEFAULT_N512_q8_rep4,3,4,3,sm_89,DS_PUSHSIG_SERIAL,NVSHMEM,C0_DEFAULT,2048,512,2048,8,4,2097152,66,0,1178.176,1181.600,1333.152,151.552,PASS,0
PHASEB_formal_ds_C0_DEFAULT_N512_q8_rep4,3,4,3,sm_89,DS_PUSHSIG_SERIAL,NVSHMEM,C0_DEFAULT,2048,512,2048,8,5,2097152,66,0,1415.424,1421.792,1574.496,152.704,PASS,0
PHASEB_formal_ds_C0_DEFAULT_N512_q8_rep4,3,4,3,sm_89,DS_PUSHSIG_SERIAL,NVSHMEM,C0_DEFAULT,2048,512,2048,8,6,2097152,66,0,1687.648,1691.296,1840.736,149.440,PASS,0
PHASEB_formal_ds_C0_DEFAULT_N512_q8_rep4,3,4,3,sm_89,DS_PUSHSIG_SERIAL,NVSHMEM,C0_DEFAULT,2048,512,2048,8,7,2097152,66,0,1926.592,1932.320,2080.768,148.448,PASS,0
PHASEB_formal_ds_C0_DEFAULT_N512_q8_rep4,3,4,3,sm_89,DS_PUSHSIG_SERIAL,NVSHMEM,C0_DEFAULT,2048,512,2048,8,0,2097152,67,0,109.056,112.448,264.128,151.680,PASS,0
PHASEB_formal_ds_C0_DEFAULT_N512_q8_rep4,3,4,3,sm_89,DS_PUSHSIG_SERIAL,NVSHMEM,C0_DEFAULT,2048,512,2048,8,1,2097152,67,0,375.680,379.264,529.024,149.760,PASS,0
PHASEB_formal_ds_C0_DEFAULT_N512_q8_rep4,3,4,3,sm_89,DS_PUSHSIG_SERIAL,NVSHMEM,C0_DEFAULT,2048,512,2048,8,2,2097152,67,0,613.760,619.264,768.800,149.536,PASS,0
PHASEB_formal_ds_C0_DEFAULT_N512_q8_rep4,3,4,3,sm_89,DS_PUSHSIG_SERIAL,NVSHMEM,C0_DEFAULT,2048,512,2048,8,3,2097152,67,0,888.096,891.424,1044.992,153.568,PASS,0
PHASEB_formal_ds_C0_DEFAULT_N512_q8_rep4,3,4,3,sm_89,DS_PUSHSIG_SERIAL,NVSHMEM,C0_DEFAULT,2048,512,2048,8,4,2097152,67,0,1146.464,1149.920,1299.552,149.632,PASS,0
PHASEB_formal_ds_C0_DEFAULT_N512_q8_rep4,3,4,3,sm_89,DS_PUSHSIG_SERIAL,NVSHMEM,C0_DEFAULT,2048,512,2048,8,5,2097152,67,0,1414.080,1417.504,1568.320,150.816,PASS,0
PHASEB_formal_ds_C0_DEFAULT_N512_q8_rep4,3,4,3,sm_89,DS_PUSHSIG_SERIAL,NVSHMEM,C0_DEFAULT,2048,512,2048,8,6,2097152,67,0,1677.664,1680.992,1831.424,150.432,PASS,0
PHASEB_formal_ds_C0_DEFAULT_N512_q8_rep4,3,4,3,sm_89,DS_PUSHSIG_SERIAL,NVSHMEM,C0_DEFAULT,2048,512,2048,8,7,2097152,67,0,1944.320,1947.904,2096.736,148.832,PASS,0
PHASEB_formal_ds_C0_DEFAULT_N512_q8_rep4,3,4,3,sm_89,DS_PUSHSIG_SERIAL,NVSHMEM,C0_DEFAULT,2048,512,2048,8,0,2097152,68,0,139.872,143.616,296.256,152.640,PASS,0
PHASEB_formal_ds_C0_DEFAULT_N512_q8_rep4,3,4,3,sm_89,DS_PUSHSIG_SERIAL,NVSHMEM,C0_DEFAULT,2048,512,2048,8,1,2097152,68,0,373.440,380.448,532.096,151.648,PASS,0
PHASEB_formal_ds_C0_DEFAULT_N512_q8_rep4,3,4,3,sm_89,DS_PUSHSIG_SERIAL,NVSHMEM,C0_DEFAULT,2048,512,2048,8,2,2097152,68,0,646.016,649.344,800.736,151.392,PASS,0
PHASEB_formal_ds_C0_DEFAULT_N512_q8_rep4,3,4,3,sm_89,DS_PUSHSIG_SERIAL,NVSHMEM,C0_DEFAULT,2048,512,2048,8,3,2097152,68,0,885.056,888.448,1042.784,154.336,PASS,0
PHASEB_formal_ds_C0_DEFAULT_N512_q8_rep4,3,4,3,sm_89,DS_PUSHSIG_SERIAL,NVSHMEM,C0_DEFAULT,2048,512,2048,8,4,2097152,68,0,1160.832,1164.288,1314.496,150.208,PASS,0
PHASEB_formal_ds_C0_DEFAULT_N512_q8_rep4,3,4,3,sm_89,DS_PUSHSIG_SERIAL,NVSHMEM,C0_DEFAULT,2048,512,2048,8,5,2097152,68,0,1416.800,1420.224,1570.528,150.304,PASS,0
PHASEB_formal_ds_C0_DEFAULT_N512_q8_rep4,3,4,3,sm_89,DS_PUSHSIG_SERIAL,NVSHMEM,C0_DEFAULT,2048,512,2048,8,6,2097152,68,0,1674.432,1677.792,1827.136,149.344,PASS,0
PHASEB_formal_ds_C0_DEFAULT_N512_q8_rep4,3,4,3,sm_89,DS_PUSHSIG_SERIAL,NVSHMEM,C0_DEFAULT,2048,512,2048,8,7,2097152,68,0,1914.816,1920.576,2069.248,148.672,PASS,0
PHASEB_formal_ds_C0_DEFAULT_N512_q8_rep4,3,4,3,sm_89,DS_PUSHSIG_SERIAL,NVSHMEM,C0_DEFAULT,2048,512,2048,8,0,2097152,69,0,137.728,141.152,292.576,151.424,PASS,0
PHASEB_formal_ds_C0_DEFAULT_N512_q8_rep4,3,4,3,sm_89,DS_PUSHSIG_SERIAL,NVSHMEM,C0_DEFAULT,2048,512,2048,8,1,2097152,69,0,389.472,392.864,543.776,150.912,PASS,0
PHASEB_formal_ds_C0_DEFAULT_N512_q8_rep4,3,4,3,sm_89,DS_PUSHSIG_SERIAL,NVSHMEM,C0_DEFAULT,2048,512,2048,8,2,2097152,69,0,657.344,660.736,812.832,152.096,PASS,0
PHASEB_formal_ds_C0_DEFAULT_N512_q8_rep4,3,4,3,sm_89,DS_PUSHSIG_SERIAL,NVSHMEM,C0_DEFAULT,2048,512,2048,8,3,2097152,69,0,896.320,899.616,1052.704,153.088,PASS,0
PHASEB_formal_ds_C0_DEFAULT_N512_q8_rep4,3,4,3,sm_89,DS_PUSHSIG_SERIAL,NVSHMEM,C0_DEFAULT,2048,512,2048,8,4,2097152,69,0,1193.696,1197.056,1351.008,153.952,PASS,0
PHASEB_formal_ds_C0_DEFAULT_N512_q8_rep4,3,4,3,sm_89,DS_PUSHSIG_SERIAL,NVSHMEM,C0_DEFAULT,2048,512,2048,8,5,2097152,69,0,1450.688,1454.016,1605.888,151.872,PASS,0
PHASEB_formal_ds_C0_DEFAULT_N512_q8_rep4,3,4,3,sm_89,DS_PUSHSIG_SERIAL,NVSHMEM,C0_DEFAULT,2048,512,2048,8,6,2097152,69,0,1727.072,1730.464,1880.384,149.920,PASS,0
PHASEB_formal_ds_C0_DEFAULT_N512_q8_rep4,3,4,3,sm_89,DS_PUSHSIG_SERIAL,NVSHMEM,C0_DEFAULT,2048,512,2048,8,7,2097152,69,0,1964.704,1970.656,2121.152,150.496,PASS,0
PHASEB_formal_ds_C0_DEFAULT_N512_q8_rep4,3,4,3,sm_89,DS_PUSHSIG_SERIAL,NVSHMEM,C0_DEFAULT,2048,512,2048,8,0,2097152,70,0,131.168,134.656,285.728,151.072,PASS,0
PHASEB_formal_ds_C0_DEFAULT_N512_q8_rep4,3,4,3,sm_89,DS_PUSHSIG_SERIAL,NVSHMEM,C0_DEFAULT,2048,512,2048,8,1,2097152,70,0,394.976,398.400,549.376,150.976,PASS,0
PHASEB_formal_ds_C0_DEFAULT_N512_q8_rep4,3,4,3,sm_89,DS_PUSHSIG_SERIAL,NVSHMEM,C0_DEFAULT,2048,512,2048,8,2,2097152,70,0,657.408,660.768,811.168,150.400,PASS,0
PHASEB_formal_ds_C0_DEFAULT_N512_q8_rep4,3,4,3,sm_89,DS_PUSHSIG_SERIAL,NVSHMEM,C0_DEFAULT,2048,512,2048,8,3,2097152,70,0,896.000,901.952,1050.880,148.928,PASS,0
PHASEB_formal_ds_C0_DEFAULT_N512_q8_rep4,3,4,3,sm_89,DS_PUSHSIG_SERIAL,NVSHMEM,C0_DEFAULT,2048,512,2048,8,4,2097152,70,0,1167.584,1171.200,1323.168,151.968,PASS,0
PHASEB_formal_ds_C0_DEFAULT_N512_q8_rep4,3,4,3,sm_89,DS_PUSHSIG_SERIAL,NVSHMEM,C0_DEFAULT,2048,512,2048,8,5,2097152,70,0,1425.792,1429.344,1578.528,149.184,PASS,0
PHASEB_formal_ds_C0_DEFAULT_N512_q8_rep4,3,4,3,sm_89,DS_PUSHSIG_SERIAL,NVSHMEM,C0_DEFAULT,2048,512,2048,8,6,2097152,70,0,1674.304,1678.368,1828.064,149.696,PASS,0
PHASEB_formal_ds_C0_DEFAULT_N512_q8_rep4,3,4,3,sm_89,DS_PUSHSIG_SERIAL,NVSHMEM,C0_DEFAULT,2048,512,2048,8,7,2097152,70,0,1949.984,1953.408,2103.264,149.856,PASS,0
PHASEB_formal_ds_C0_DEFAULT_N512_q8_rep4,3,4,3,sm_89,DS_PUSHSIG_SERIAL,NVSHMEM,C0_DEFAULT,2048,512,2048,8,0,2097152,71,0,141.792,145.216,297.600,152.384,PASS,0
PHASEB_formal_ds_C0_DEFAULT_N512_q8_rep4,3,4,3,sm_89,DS_PUSHSIG_SERIAL,NVSHMEM,C0_DEFAULT,2048,512,2048,8,1,2097152,71,0,383.360,388.928,542.400,153.472,PASS,0
PHASEB_formal_ds_C0_DEFAULT_N512_q8_rep4,3,4,3,sm_89,DS_PUSHSIG_SERIAL,NVSHMEM,C0_DEFAULT,2048,512,2048,8,2,2097152,71,0,660.480,664.032,816.256,152.224,PASS,0
PHASEB_formal_ds_C0_DEFAULT_N512_q8_rep4,3,4,3,sm_89,DS_PUSHSIG_SERIAL,NVSHMEM,C0_DEFAULT,2048,512,2048,8,3,2097152,71,0,916.448,919.808,1072.448,152.640,PASS,0
PHASEB_formal_ds_C0_DEFAULT_N512_q8_rep4,3,4,3,sm_89,DS_PUSHSIG_SERIAL,NVSHMEM,C0_DEFAULT,2048,512,2048,8,4,2097152,71,0,1182.720,1186.080,1337.280,151.200,PASS,0
PHASEB_formal_ds_C0_DEFAULT_N512_q8_rep4,3,4,3,sm_89,DS_PUSHSIG_SERIAL,NVSHMEM,C0_DEFAULT,2048,512,2048,8,5,2097152,71,0,1434.560,1438.048,1588.640,150.592,PASS,0
PHASEB_formal_ds_C0_DEFAULT_N512_q8_rep4,3,4,3,sm_89,DS_PUSHSIG_SERIAL,NVSHMEM,C0_DEFAULT,2048,512,2048,8,6,2097152,71,0,1696.640,1700.096,1852.064,151.968,PASS,0
PHASEB_formal_ds_C0_DEFAULT_N512_q8_rep4,3,4,3,sm_89,DS_PUSHSIG_SERIAL,NVSHMEM,C0_DEFAULT,2048,512,2048,8,7,2097152,71,0,1947.456,1950.848,2099.616,148.768,PASS,0
PHASEB_formal_ds_C0_DEFAULT_N512_q8_rep4,3,4,3,sm_89,DS_PUSHSIG_SERIAL,NVSHMEM,C0_DEFAULT,2048,512,2048,8,0,2097152,72,0,116.352,119.808,272.864,153.056,PASS,0
PHASEB_formal_ds_C0_DEFAULT_N512_q8_rep4,3,4,3,sm_89,DS_PUSHSIG_SERIAL,NVSHMEM,C0_DEFAULT,2048,512,2048,8,1,2097152,72,0,360.704,364.032,515.392,151.360,PASS,0
PHASEB_formal_ds_C0_DEFAULT_N512_q8_rep4,3,4,3,sm_89,DS_PUSHSIG_SERIAL,NVSHMEM,C0_DEFAULT,2048,512,2048,8,2,2097152,72,0,632.320,635.680,787.680,152.000,PASS,0
PHASEB_formal_ds_C0_DEFAULT_N512_q8_rep4,3,4,3,sm_89,DS_PUSHSIG_SERIAL,NVSHMEM,C0_DEFAULT,2048,512,2048,8,3,2097152,72,0,871.808,877.888,1030.304,152.416,PASS,0
PHASEB_formal_ds_C0_DEFAULT_N512_q8_rep4,3,4,3,sm_89,DS_PUSHSIG_SERIAL,NVSHMEM,C0_DEFAULT,2048,512,2048,8,4,2097152,72,0,1147.616,1150.944,1301.760,150.816,PASS,0
PHASEB_formal_ds_C0_DEFAULT_N512_q8_rep4,3,4,3,sm_89,DS_PUSHSIG_SERIAL,NVSHMEM,C0_DEFAULT,2048,512,2048,8,5,2097152,72,0,1403.904,1407.232,1557.856,150.624,PASS,0
PHASEB_formal_ds_C0_DEFAULT_N512_q8_rep4,3,4,3,sm_89,DS_PUSHSIG_SERIAL,NVSHMEM,C0_DEFAULT,2048,512,2048,8,6,2097152,72,0,1665.536,1668.864,1817.888,149.024,PASS,0
PHASEB_formal_ds_C0_DEFAULT_N512_q8_rep4,3,4,3,sm_89,DS_PUSHSIG_SERIAL,NVSHMEM,C0_DEFAULT,2048,512,2048,8,7,2097152,72,0,1937.248,1940.736,2090.016,149.280,PASS,0
PHASEB_formal_ds_C0_DEFAULT_N512_q8_rep4,3,4,3,sm_89,DS_PUSHSIG_SERIAL,NVSHMEM,C0_DEFAULT,2048,512,2048,8,0,2097152,73,0,137.312,140.672,291.488,150.816,PASS,0
PHASEB_formal_ds_C0_DEFAULT_N512_q8_rep4,3,4,3,sm_89,DS_PUSHSIG_SERIAL,NVSHMEM,C0_DEFAULT,2048,512,2048,8,1,2097152,73,0,375.328,380.576,531.040,150.464,PASS,0
PHASEB_formal_ds_C0_DEFAULT_N512_q8_rep4,3,4,3,sm_89,DS_PUSHSIG_SERIAL,NVSHMEM,C0_DEFAULT,2048,512,2048,8,2,2097152,73,0,650.048,653.408,803.904,150.496,PASS,0
PHASEB_formal_ds_C0_DEFAULT_N512_q8_rep4,3,4,3,sm_89,DS_PUSHSIG_SERIAL,NVSHMEM,C0_DEFAULT,2048,512,2048,8,3,2097152,73,0,911.424,914.816,1064.480,149.664,PASS,0
PHASEB_formal_ds_C0_DEFAULT_N512_q8_rep4,3,4,3,sm_89,DS_PUSHSIG_SERIAL,NVSHMEM,C0_DEFAULT,2048,512,2048,8,4,2097152,73,0,1185.984,1189.568,1341.280,151.712,PASS,0
PHASEB_formal_ds_C0_DEFAULT_N512_q8_rep4,3,4,3,sm_89,DS_PUSHSIG_SERIAL,NVSHMEM,C0_DEFAULT,2048,512,2048,8,5,2097152,73,0,1434.464,1439.776,1590.336,150.560,PASS,0
PHASEB_formal_ds_C0_DEFAULT_N512_q8_rep4,3,4,3,sm_89,DS_PUSHSIG_SERIAL,NVSHMEM,C0_DEFAULT,2048,512,2048,8,6,2097152,73,0,1710.176,1713.728,1865.152,151.424,PASS,0
PHASEB_formal_ds_C0_DEFAULT_N512_q8_rep4,3,4,3,sm_89,DS_PUSHSIG_SERIAL,NVSHMEM,C0_DEFAULT,2048,512,2048,8,7,2097152,73,0,1948.544,1954.528,2103.712,149.184,PASS,0
PHASEB_formal_ds_C0_DEFAULT_N512_q8_rep4,3,4,3,sm_89,DS_PUSHSIG_SERIAL,NVSHMEM,C0_DEFAULT,2048,512,2048,8,0,2097152,74,0,126.112,129.568,282.144,152.576,PASS,0
PHASEB_formal_ds_C0_DEFAULT_N512_q8_rep4,3,4,3,sm_89,DS_PUSHSIG_SERIAL,NVSHMEM,C0_DEFAULT,2048,512,2048,8,1,2097152,74,0,365.312,370.112,520.768,150.656,PASS,0
PHASEB_formal_ds_C0_DEFAULT_N512_q8_rep4,3,4,3,sm_89,DS_PUSHSIG_SERIAL,NVSHMEM,C0_DEFAULT,2048,512,2048,8,2,2097152,74,0,632.224,635.584,787.968,152.384,PASS,0
PHASEB_formal_ds_C0_DEFAULT_N512_q8_rep4,3,4,3,sm_89,DS_PUSHSIG_SERIAL,NVSHMEM,C0_DEFAULT,2048,512,2048,8,3,2097152,74,0,871.168,874.528,1028.000,153.472,PASS,0
PHASEB_formal_ds_C0_DEFAULT_N512_q8_rep4,3,4,3,sm_89,DS_PUSHSIG_SERIAL,NVSHMEM,C0_DEFAULT,2048,512,2048,8,4,2097152,74,0,1151.808,1155.168,1306.048,150.880,PASS,0
PHASEB_formal_ds_C0_DEFAULT_N512_q8_rep4,3,4,3,sm_89,DS_PUSHSIG_SERIAL,NVSHMEM,C0_DEFAULT,2048,512,2048,8,5,2097152,74,0,1389.184,1394.560,1545.376,150.816,PASS,0
PHASEB_formal_ds_C0_DEFAULT_N512_q8_rep4,3,4,3,sm_89,DS_PUSHSIG_SERIAL,NVSHMEM,C0_DEFAULT,2048,512,2048,8,6,2097152,74,0,1661.920,1665.344,1815.168,149.824,PASS,0
PHASEB_formal_ds_C0_DEFAULT_N512_q8_rep4,3,4,3,sm_89,DS_PUSHSIG_SERIAL,NVSHMEM,C0_DEFAULT,2048,512,2048,8,7,2097152,74,0,1897.920,1903.456,2054.656,151.200,PASS,0
PHASEB_formal_ds_C0_DEFAULT_N512_q8_rep4,3,4,3,sm_89,DS_PUSHSIG_SERIAL,NVSHMEM,C0_DEFAULT,2048,512,2048,8,0,2097152,75,0,156.384,159.744,310.592,150.848,PASS,0
PHASEB_formal_ds_C0_DEFAULT_N512_q8_rep4,3,4,3,sm_89,DS_PUSHSIG_SERIAL,NVSHMEM,C0_DEFAULT,2048,512,2048,8,1,2097152,75,0,395.008,402.144,555.104,152.960,PASS,0
PHASEB_formal_ds_C0_DEFAULT_N512_q8_rep4,3,4,3,sm_89,DS_PUSHSIG_SERIAL,NVSHMEM,C0_DEFAULT,2048,512,2048,8,2,2097152,75,0,673.760,677.088,829.760,152.672,PASS,0
PHASEB_formal_ds_C0_DEFAULT_N512_q8_rep4,3,4,3,sm_89,DS_PUSHSIG_SERIAL,NVSHMEM,C0_DEFAULT,2048,512,2048,8,3,2097152,75,0,919.904,923.264,1074.112,150.848,PASS,0
PHASEB_formal_ds_C0_DEFAULT_N512_q8_rep4,3,4,3,sm_89,DS_PUSHSIG_SERIAL,NVSHMEM,C0_DEFAULT,2048,512,2048,8,4,2097152,75,0,1186.176,1189.600,1339.968,150.368,PASS,0
PHASEB_formal_ds_C0_DEFAULT_N512_q8_rep4,3,4,3,sm_89,DS_PUSHSIG_SERIAL,NVSHMEM,C0_DEFAULT,2048,512,2048,8,5,2097152,75,0,1427.840,1431.520,1583.968,152.448,PASS,0
PHASEB_formal_ds_C0_DEFAULT_N512_q8_rep4,3,4,3,sm_89,DS_PUSHSIG_SERIAL,NVSHMEM,C0_DEFAULT,2048,512,2048,8,6,2097152,75,0,1708.704,1712.192,1861.536,149.344,PASS,0
PHASEB_formal_ds_C0_DEFAULT_N512_q8_rep4,3,4,3,sm_89,DS_PUSHSIG_SERIAL,NVSHMEM,C0_DEFAULT,2048,512,2048,8,7,2097152,75,0,1944.480,1950.176,2098.720,148.544,PASS,0
PHASEB_formal_ds_C0_DEFAULT_N512_q8_rep4,3,4,3,sm_89,DS_PUSHSIG_SERIAL,NVSHMEM,C0_DEFAULT,2048,512,2048,8,0,2097152,76,0,130.336,133.792,285.888,152.096,PASS,0
PHASEB_formal_ds_C0_DEFAULT_N512_q8_rep4,3,4,3,sm_89,DS_PUSHSIG_SERIAL,NVSHMEM,C0_DEFAULT,2048,512,2048,8,1,2097152,76,0,392.000,395.360,546.880,151.520,PASS,0
PHASEB_formal_ds_C0_DEFAULT_N512_q8_rep4,3,4,3,sm_89,DS_PUSHSIG_SERIAL,NVSHMEM,C0_DEFAULT,2048,512,2048,8,2,2097152,76,0,660.992,664.672,815.072,150.400,PASS,0
PHASEB_formal_ds_C0_DEFAULT_N512_q8_rep4,3,4,3,sm_89,DS_PUSHSIG_SERIAL,NVSHMEM,C0_DEFAULT,2048,512,2048,8,3,2097152,76,0,901.984,909.088,1062.016,152.928,PASS,0
PHASEB_formal_ds_C0_DEFAULT_N512_q8_rep4,3,4,3,sm_89,DS_PUSHSIG_SERIAL,NVSHMEM,C0_DEFAULT,2048,512,2048,8,4,2097152,76,0,1177.472,1180.864,1332.672,151.808,PASS,0
PHASEB_formal_ds_C0_DEFAULT_N512_q8_rep4,3,4,3,sm_89,DS_PUSHSIG_SERIAL,NVSHMEM,C0_DEFAULT,2048,512,2048,8,5,2097152,76,0,1424.672,1428.128,1580.032,151.904,PASS,0
PHASEB_formal_ds_C0_DEFAULT_N512_q8_rep4,3,4,3,sm_89,DS_PUSHSIG_SERIAL,NVSHMEM,C0_DEFAULT,2048,512,2048,8,6,2097152,76,0,1708.768,1712.288,1862.016,149.728,PASS,0
PHASEB_formal_ds_C0_DEFAULT_N512_q8_rep4,3,4,3,sm_89,DS_PUSHSIG_SERIAL,NVSHMEM,C0_DEFAULT,2048,512,2048,8,7,2097152,76,0,1947.296,1950.688,2100.544,149.856,PASS,0
PHASEB_formal_ds_C0_DEFAULT_N512_q8_rep4,3,4,3,sm_89,DS_PUSHSIG_SERIAL,NVSHMEM,C0_DEFAULT,2048,512,2048,8,0,2097152,77,0,133.792,137.152,290.304,153.152,PASS,0
PHASEB_formal_ds_C0_DEFAULT_N512_q8_rep4,3,4,3,sm_89,DS_PUSHSIG_SERIAL,NVSHMEM,C0_DEFAULT,2048,512,2048,8,1,2097152,77,0,390.784,394.208,544.992,150.784,PASS,0
PHASEB_formal_ds_C0_DEFAULT_N512_q8_rep4,3,4,3,sm_89,DS_PUSHSIG_SERIAL,NVSHMEM,C0_DEFAULT,2048,512,2048,8,2,2097152,77,0,662.304,665.888,817.376,151.488,PASS,0
PHASEB_formal_ds_C0_DEFAULT_N512_q8_rep4,3,4,3,sm_89,DS_PUSHSIG_SERIAL,NVSHMEM,C0_DEFAULT,2048,512,2048,8,3,2097152,77,0,896.768,900.128,1053.088,152.960,PASS,0
PHASEB_formal_ds_C0_DEFAULT_N512_q8_rep4,3,4,3,sm_89,DS_PUSHSIG_SERIAL,NVSHMEM,C0_DEFAULT,2048,512,2048,8,4,2097152,77,0,1172.000,1175.456,1326.816,151.360,PASS,0
PHASEB_formal_ds_C0_DEFAULT_N512_q8_rep4,3,4,3,sm_89,DS_PUSHSIG_SERIAL,NVSHMEM,C0_DEFAULT,2048,512,2048,8,5,2097152,77,0,1416.928,1421.312,1572.992,151.680,PASS,0
PHASEB_formal_ds_C0_DEFAULT_N512_q8_rep4,3,4,3,sm_89,DS_PUSHSIG_SERIAL,NVSHMEM,C0_DEFAULT,2048,512,2048,8,6,2097152,77,0,1686.048,1689.728,1840.480,150.752,PASS,0
PHASEB_formal_ds_C0_DEFAULT_N512_q8_rep4,3,4,3,sm_89,DS_PUSHSIG_SERIAL,NVSHMEM,C0_DEFAULT,2048,512,2048,8,7,2097152,77,0,1927.904,1934.080,2082.176,148.096,PASS,0
PHASEB_formal_ds_C0_DEFAULT_N512_q8_rep4,3,4,3,sm_89,DS_PUSHSIG_SERIAL,NVSHMEM,C0_DEFAULT,2048,512,2048,8,0,2097152,78,0,141.728,145.312,297.568,152.256,PASS,0
PHASEB_formal_ds_C0_DEFAULT_N512_q8_rep4,3,4,3,sm_89,DS_PUSHSIG_SERIAL,NVSHMEM,C0_DEFAULT,2048,512,2048,8,1,2097152,78,0,370.784,377.792,532.096,154.304,PASS,0
PHASEB_formal_ds_C0_DEFAULT_N512_q8_rep4,3,4,3,sm_89,DS_PUSHSIG_SERIAL,NVSHMEM,C0_DEFAULT,2048,512,2048,8,2,2097152,78,0,640.448,643.808,796.576,152.768,PASS,0
PHASEB_formal_ds_C0_DEFAULT_N512_q8_rep4,3,4,3,sm_89,DS_PUSHSIG_SERIAL,NVSHMEM,C0_DEFAULT,2048,512,2048,8,3,2097152,78,0,880.160,883.712,1033.888,150.176,PASS,0
PHASEB_formal_ds_C0_DEFAULT_N512_q8_rep4,3,4,3,sm_89,DS_PUSHSIG_SERIAL,NVSHMEM,C0_DEFAULT,2048,512,2048,8,4,2097152,78,0,1157.888,1161.376,1311.584,150.208,PASS,0
PHASEB_formal_ds_C0_DEFAULT_N512_q8_rep4,3,4,3,sm_89,DS_PUSHSIG_SERIAL,NVSHMEM,C0_DEFAULT,2048,512,2048,8,5,2097152,78,0,1428.896,1432.256,1581.568,149.312,PASS,0
PHASEB_formal_ds_C0_DEFAULT_N512_q8_rep4,3,4,3,sm_89,DS_PUSHSIG_SERIAL,NVSHMEM,C0_DEFAULT,2048,512,2048,8,6,2097152,78,0,1688.512,1691.936,1842.048,150.112,PASS,0
PHASEB_formal_ds_C0_DEFAULT_N512_q8_rep4,3,4,3,sm_89,DS_PUSHSIG_SERIAL,NVSHMEM,C0_DEFAULT,2048,512,2048,8,7,2097152,78,0,1933.280,1936.640,2087.296,150.656,PASS,0
PHASEB_formal_ds_C0_DEFAULT_N512_q8_rep4,3,4,3,sm_89,DS_PUSHSIG_SERIAL,NVSHMEM,C0_DEFAULT,2048,512,2048,8,0,2097152,79,0,115.776,119.136,271.104,151.968,PASS,0
PHASEB_formal_ds_C0_DEFAULT_N512_q8_rep4,3,4,3,sm_89,DS_PUSHSIG_SERIAL,NVSHMEM,C0_DEFAULT,2048,512,2048,8,1,2097152,79,0,359.136,362.496,512.672,150.176,PASS,0
PHASEB_formal_ds_C0_DEFAULT_N512_q8_rep4,3,4,3,sm_89,DS_PUSHSIG_SERIAL,NVSHMEM,C0_DEFAULT,2048,512,2048,8,2,2097152,79,0,626.560,629.952,781.472,151.520,PASS,0
PHASEB_formal_ds_C0_DEFAULT_N512_q8_rep4,3,4,3,sm_89,DS_PUSHSIG_SERIAL,NVSHMEM,C0_DEFAULT,2048,512,2048,8,3,2097152,79,0,866.944,870.304,1023.040,152.736,PASS,0
PHASEB_formal_ds_C0_DEFAULT_N512_q8_rep4,3,4,3,sm_89,DS_PUSHSIG_SERIAL,NVSHMEM,C0_DEFAULT,2048,512,2048,8,4,2097152,79,0,1146.560,1149.888,1298.944,149.056,PASS,0
PHASEB_formal_ds_C0_DEFAULT_N512_q8_rep4,3,4,3,sm_89,DS_PUSHSIG_SERIAL,NVSHMEM,C0_DEFAULT,2048,512,2048,8,5,2097152,79,0,1401.760,1405.696,1556.768,151.072,PASS,0
PHASEB_formal_ds_C0_DEFAULT_N512_q8_rep4,3,4,3,sm_89,DS_PUSHSIG_SERIAL,NVSHMEM,C0_DEFAULT,2048,512,2048,8,6,2097152,79,0,1672.576,1675.936,1826.592,150.656,PASS,0
PHASEB_formal_ds_C0_DEFAULT_N512_q8_rep4,3,4,3,sm_89,DS_PUSHSIG_SERIAL,NVSHMEM,C0_DEFAULT,2048,512,2048,8,7,2097152,79,0,1917.344,1922.304,2072.768,150.464,PASS,0
