run_id,rank,rank_count,device,gfx_arch,path,family,candidate,M,N,K,q,slice_index,slice_bytes,iteration_index,t_issue_us,t_release_us,t_gemm_start_us,t_gemm_end_us,t_gemm_duration_us,correctness,status
PHASEB_formal_r1_C2_RING_SIMPLE_CH8_N4096_q8_rep2,2,4,2,sm_89,R1_EVENT_OVERLAP,NCCL,C2_RING_SIMPLE_CH8,2048,4096,2048,8,0,2097152,0,0,182.112,188.672,1184.832,996.160,PASS,0
PHASEB_formal_r1_C2_RING_SIMPLE_CH8_N4096_q8_rep2,2,4,2,sm_89,R1_EVENT_OVERLAP,NCCL,C2_RING_SIMPLE_CH8,2048,4096,2048,8,1,2097152,0,0,295.776,1188.480,2186.944,998.464,PASS,0
PHASEB_formal_r1_C2_RING_SIMPLE_CH8_N4096_q8_rep2,2,4,2,sm_89,R1_EVENT_OVERLAP,NCCL,C2_RING_SIMPLE_CH8,2048,4096,2048,8,2,2097152,0,0,1194.784,2190.464,3277.376,1086.912,PASS,0
PHASEB_formal_r1_C2_RING_SIMPLE_CH8_N4096_q8_rep2,2,4,2,sm_89,R1_EVENT_OVERLAP,NCCL,C2_RING_SIMPLE_CH8,2048,4096,2048,8,3,2097152,0,0,2177.344,3280.768,4359.968,1079.200,PASS,0
PHASEB_formal_r1_C2_RING_SIMPLE_CH8_N4096_q8_rep2,2,4,2,sm_89,R1_EVENT_OVERLAP,NCCL,C2_RING_SIMPLE_CH8,2048,4096,2048,8,4,2097152,0,0,3177.248,4363.392,5423.072,1059.680,PASS,0
PHASEB_formal_r1_C2_RING_SIMPLE_CH8_N4096_q8_rep2,2,4,2,sm_89,R1_EVENT_OVERLAP,NCCL,C2_RING_SIMPLE_CH8,2048,4096,2048,8,5,2097152,0,0,4161.312,5426.528,6405.248,978.720,PASS,0
PHASEB_formal_r1_C2_RING_SIMPLE_CH8_N4096_q8_rep2,2,4,2,sm_89,R1_EVENT_OVERLAP,NCCL,C2_RING_SIMPLE_CH8,2048,4096,2048,8,6,2097152,0,0,4350.016,6408.672,7387.808,979.136,PASS,0
PHASEB_formal_r1_C2_RING_SIMPLE_CH8_N4096_q8_rep2,2,4,2,sm_89,R1_EVENT_OVERLAP,NCCL,C2_RING_SIMPLE_CH8,2048,4096,2048,8,7,2097152,0,0,5302.880,7391.232,8369.504,978.272,PASS,0
PHASEB_formal_r1_C2_RING_SIMPLE_CH8_N4096_q8_rep2,2,4,2,sm_89,R1_EVENT_OVERLAP,NCCL,C2_RING_SIMPLE_CH8,2048,4096,2048,8,0,2097152,1,0,218.656,224.896,1218.848,993.952,PASS,0
PHASEB_formal_r1_C2_RING_SIMPLE_CH8_N4096_q8_rep2,2,4,2,sm_89,R1_EVENT_OVERLAP,NCCL,C2_RING_SIMPLE_CH8,2048,4096,2048,8,1,2097152,1,0,332.768,1222.400,2216.000,993.600,PASS,0
PHASEB_formal_r1_C2_RING_SIMPLE_CH8_N4096_q8_rep2,2,4,2,sm_89,R1_EVENT_OVERLAP,NCCL,C2_RING_SIMPLE_CH8,2048,4096,2048,8,2,2097152,1,0,1228.672,2219.392,3206.272,986.880,PASS,0
PHASEB_formal_r1_C2_RING_SIMPLE_CH8_N4096_q8_rep2,2,4,2,sm_89,R1_EVENT_OVERLAP,NCCL,C2_RING_SIMPLE_CH8,2048,4096,2048,8,3,2097152,1,0,2225.888,3209.664,4194.496,984.832,PASS,0
PHASEB_formal_r1_C2_RING_SIMPLE_CH8_N4096_q8_rep2,2,4,2,sm_89,R1_EVENT_OVERLAP,NCCL,C2_RING_SIMPLE_CH8,2048,4096,2048,8,4,2097152,1,0,3216.544,4197.888,5186.720,988.832,PASS,0
PHASEB_formal_r1_C2_RING_SIMPLE_CH8_N4096_q8_rep2,2,4,2,sm_89,R1_EVENT_OVERLAP,NCCL,C2_RING_SIMPLE_CH8,2048,4096,2048,8,5,2097152,1,0,4204.192,5190.176,6191.008,1000.832,PASS,0
PHASEB_formal_r1_C2_RING_SIMPLE_CH8_N4096_q8_rep2,2,4,2,sm_89,R1_EVENT_OVERLAP,NCCL,C2_RING_SIMPLE_CH8,2048,4096,2048,8,6,2097152,1,0,5179.776,6194.432,7162.752,968.320,PASS,0
PHASEB_formal_r1_C2_RING_SIMPLE_CH8_N4096_q8_rep2,2,4,2,sm_89,R1_EVENT_OVERLAP,NCCL,C2_RING_SIMPLE_CH8,2048,4096,2048,8,7,2097152,1,0,5392.256,7166.176,8135.456,969.280,PASS,0
PHASEB_formal_r1_C2_RING_SIMPLE_CH8_N4096_q8_rep2,2,4,2,sm_89,R1_EVENT_OVERLAP,NCCL,C2_RING_SIMPLE_CH8,2048,4096,2048,8,0,2097152,2,0,171.328,177.920,1184.160,1006.240,PASS,0
PHASEB_formal_r1_C2_RING_SIMPLE_CH8_N4096_q8_rep2,2,4,2,sm_89,R1_EVENT_OVERLAP,NCCL,C2_RING_SIMPLE_CH8,2048,4096,2048,8,1,2097152,2,0,289.504,1187.680,2172.160,984.480,PASS,0
PHASEB_formal_r1_C2_RING_SIMPLE_CH8_N4096_q8_rep2,2,4,2,sm_89,R1_EVENT_OVERLAP,NCCL,C2_RING_SIMPLE_CH8,2048,4096,2048,8,2,2097152,2,0,1214.688,2175.584,3159.104,983.520,PASS,0
PHASEB_formal_r1_C2_RING_SIMPLE_CH8_N4096_q8_rep2,2,4,2,sm_89,R1_EVENT_OVERLAP,NCCL,C2_RING_SIMPLE_CH8,2048,4096,2048,8,3,2097152,2,0,2181.824,3162.496,4148.128,985.632,PASS,0
PHASEB_formal_r1_C2_RING_SIMPLE_CH8_N4096_q8_rep2,2,4,2,sm_89,R1_EVENT_OVERLAP,NCCL,C2_RING_SIMPLE_CH8,2048,4096,2048,8,4,2097152,2,0,3168.736,4151.968,5133.888,981.920,PASS,0
PHASEB_formal_r1_C2_RING_SIMPLE_CH8_N4096_q8_rep2,2,4,2,sm_89,R1_EVENT_OVERLAP,NCCL,C2_RING_SIMPLE_CH8,2048,4096,2048,8,5,2097152,2,0,4158.304,5137.344,6121.632,984.288,PASS,0
PHASEB_formal_r1_C2_RING_SIMPLE_CH8_N4096_q8_rep2,2,4,2,sm_89,R1_EVENT_OVERLAP,NCCL,C2_RING_SIMPLE_CH8,2048,4096,2048,8,6,2097152,2,0,5143.488,6125.056,7094.464,969.408,PASS,0
PHASEB_formal_r1_C2_RING_SIMPLE_CH8_N4096_q8_rep2,2,4,2,sm_89,R1_EVENT_OVERLAP,NCCL,C2_RING_SIMPLE_CH8,2048,4096,2048,8,7,2097152,2,0,6131.328,7097.888,8065.696,967.808,PASS,0
PHASEB_formal_r1_C2_RING_SIMPLE_CH8_N4096_q8_rep2,2,4,2,sm_89,R1_EVENT_OVERLAP,NCCL,C2_RING_SIMPLE_CH8,2048,4096,2048,8,0,2097152,3,0,171.328,177.568,1161.824,984.256,PASS,0
PHASEB_formal_r1_C2_RING_SIMPLE_CH8_N4096_q8_rep2,2,4,2,sm_89,R1_EVENT_OVERLAP,NCCL,C2_RING_SIMPLE_CH8,2048,4096,2048,8,1,2097152,3,0,288.416,1166.048,2164.832,998.784,PASS,0
PHASEB_formal_r1_C2_RING_SIMPLE_CH8_N4096_q8_rep2,2,4,2,sm_89,R1_EVENT_OVERLAP,NCCL,C2_RING_SIMPLE_CH8,2048,4096,2048,8,2,2097152,3,0,1183.040,2168.384,3153.920,985.536,PASS,0
PHASEB_formal_r1_C2_RING_SIMPLE_CH8_N4096_q8_rep2,2,4,2,sm_89,R1_EVENT_OVERLAP,NCCL,C2_RING_SIMPLE_CH8,2048,4096,2048,8,3,2097152,3,0,2193.280,3157.632,4140.704,983.072,PASS,0
PHASEB_formal_r1_C2_RING_SIMPLE_CH8_N4096_q8_rep2,2,4,2,sm_89,R1_EVENT_OVERLAP,NCCL,C2_RING_SIMPLE_CH8,2048,4096,2048,8,4,2097152,3,0,3170.560,4144.416,5129.184,984.768,PASS,0
PHASEB_formal_r1_C2_RING_SIMPLE_CH8_N4096_q8_rep2,2,4,2,sm_89,R1_EVENT_OVERLAP,NCCL,C2_RING_SIMPLE_CH8,2048,4096,2048,8,5,2097152,3,0,4150.784,5132.640,6130.560,997.920,PASS,0
PHASEB_formal_r1_C2_RING_SIMPLE_CH8_N4096_q8_rep2,2,4,2,sm_89,R1_EVENT_OVERLAP,NCCL,C2_RING_SIMPLE_CH8,2048,4096,2048,8,6,2097152,3,0,5138.880,6134.016,7111.488,977.472,PASS,0
PHASEB_formal_r1_C2_RING_SIMPLE_CH8_N4096_q8_rep2,2,4,2,sm_89,R1_EVENT_OVERLAP,NCCL,C2_RING_SIMPLE_CH8,2048,4096,2048,8,7,2097152,3,0,6123.328,7114.912,8092.736,977.824,PASS,0
PHASEB_formal_r1_C2_RING_SIMPLE_CH8_N4096_q8_rep2,2,4,2,sm_89,R1_EVENT_OVERLAP,NCCL,C2_RING_SIMPLE_CH8,2048,4096,2048,8,0,2097152,4,0,187.680,193.888,1188.448,994.560,PASS,0
PHASEB_formal_r1_C2_RING_SIMPLE_CH8_N4096_q8_rep2,2,4,2,sm_89,R1_EVENT_OVERLAP,NCCL,C2_RING_SIMPLE_CH8,2048,4096,2048,8,1,2097152,4,0,303.584,1192.256,2190.240,997.984,PASS,0
PHASEB_formal_r1_C2_RING_SIMPLE_CH8_N4096_q8_rep2,2,4,2,sm_89,R1_EVENT_OVERLAP,NCCL,C2_RING_SIMPLE_CH8,2048,4096,2048,8,2,2097152,4,0,1198.464,2193.824,3266.304,1072.480,PASS,0
PHASEB_formal_r1_C2_RING_SIMPLE_CH8_N4096_q8_rep2,2,4,2,sm_89,R1_EVENT_OVERLAP,NCCL,C2_RING_SIMPLE_CH8,2048,4096,2048,8,3,2097152,4,0,2183.776,3270.496,4337.056,1066.560,PASS,0
PHASEB_formal_r1_C2_RING_SIMPLE_CH8_N4096_q8_rep2,2,4,2,sm_89,R1_EVENT_OVERLAP,NCCL,C2_RING_SIMPLE_CH8,2048,4096,2048,8,4,2097152,4,0,3201.376,4340.800,5406.368,1065.568,PASS,0
PHASEB_formal_r1_C2_RING_SIMPLE_CH8_N4096_q8_rep2,2,4,2,sm_89,R1_EVENT_OVERLAP,NCCL,C2_RING_SIMPLE_CH8,2048,4096,2048,8,5,2097152,4,0,4194.112,5409.824,6465.792,1055.968,PASS,0
PHASEB_formal_r1_C2_RING_SIMPLE_CH8_N4096_q8_rep2,2,4,2,sm_89,R1_EVENT_OVERLAP,NCCL,C2_RING_SIMPLE_CH8,2048,4096,2048,8,6,2097152,4,0,5190.272,6469.216,7448.032,978.816,PASS,0
PHASEB_formal_r1_C2_RING_SIMPLE_CH8_N4096_q8_rep2,2,4,2,sm_89,R1_EVENT_OVERLAP,NCCL,C2_RING_SIMPLE_CH8,2048,4096,2048,8,7,2097152,4,0,6184.928,7451.616,8428.832,977.216,PASS,0
PHASEB_formal_r1_C2_RING_SIMPLE_CH8_N4096_q8_rep2,2,4,2,sm_89,R1_EVENT_OVERLAP,NCCL,C2_RING_SIMPLE_CH8,2048,4096,2048,8,0,2097152,5,0,182.176,188.864,1181.760,992.896,PASS,0
PHASEB_formal_r1_C2_RING_SIMPLE_CH8_N4096_q8_rep2,2,4,2,sm_89,R1_EVENT_OVERLAP,NCCL,C2_RING_SIMPLE_CH8,2048,4096,2048,8,1,2097152,5,0,297.280,1186.464,2181.728,995.264,PASS,0
PHASEB_formal_r1_C2_RING_SIMPLE_CH8_N4096_q8_rep2,2,4,2,sm_89,R1_EVENT_OVERLAP,NCCL,C2_RING_SIMPLE_CH8,2048,4096,2048,8,2,2097152,5,0,1204.960,2185.280,3252.928,1067.648,PASS,0
PHASEB_formal_r1_C2_RING_SIMPLE_CH8_N4096_q8_rep2,2,4,2,sm_89,R1_EVENT_OVERLAP,NCCL,C2_RING_SIMPLE_CH8,2048,4096,2048,8,3,2097152,5,0,2172.640,3256.288,4324.000,1067.712,PASS,0
PHASEB_formal_r1_C2_RING_SIMPLE_CH8_N4096_q8_rep2,2,4,2,sm_89,R1_EVENT_OVERLAP,NCCL,C2_RING_SIMPLE_CH8,2048,4096,2048,8,4,2097152,5,0,3161.920,4327.392,5392.832,1065.440,PASS,0
PHASEB_formal_r1_C2_RING_SIMPLE_CH8_N4096_q8_rep2,2,4,2,sm_89,R1_EVENT_OVERLAP,NCCL,C2_RING_SIMPLE_CH8,2048,4096,2048,8,5,2097152,5,0,4168.800,5396.256,6452.000,1055.744,PASS,0
PHASEB_formal_r1_C2_RING_SIMPLE_CH8_N4096_q8_rep2,2,4,2,sm_89,R1_EVENT_OVERLAP,NCCL,C2_RING_SIMPLE_CH8,2048,4096,2048,8,6,2097152,5,0,5162.048,6455.424,7433.536,978.112,PASS,0
PHASEB_formal_r1_C2_RING_SIMPLE_CH8_N4096_q8_rep2,2,4,2,sm_89,R1_EVENT_OVERLAP,NCCL,C2_RING_SIMPLE_CH8,2048,4096,2048,8,7,2097152,5,0,6149.824,7436.992,8415.008,978.016,PASS,0
PHASEB_formal_r1_C2_RING_SIMPLE_CH8_N4096_q8_rep2,2,4,2,sm_89,R1_EVENT_OVERLAP,NCCL,C2_RING_SIMPLE_CH8,2048,4096,2048,8,0,2097152,6,0,174.752,181.568,1180.960,999.392,PASS,0
PHASEB_formal_r1_C2_RING_SIMPLE_CH8_N4096_q8_rep2,2,4,2,sm_89,R1_EVENT_OVERLAP,NCCL,C2_RING_SIMPLE_CH8,2048,4096,2048,8,1,2097152,6,0,291.008,1184.384,2177.376,992.992,PASS,0
PHASEB_formal_r1_C2_RING_SIMPLE_CH8_N4096_q8_rep2,2,4,2,sm_89,R1_EVENT_OVERLAP,NCCL,C2_RING_SIMPLE_CH8,2048,4096,2048,8,2,2097152,6,0,1191.680,2181.280,3178.176,996.896,PASS,0
PHASEB_formal_r1_C2_RING_SIMPLE_CH8_N4096_q8_rep2,2,4,2,sm_89,R1_EVENT_OVERLAP,NCCL,C2_RING_SIMPLE_CH8,2048,4096,2048,8,3,2097152,6,0,2187.552,3181.664,4250.272,1068.608,PASS,0
PHASEB_formal_r1_C2_RING_SIMPLE_CH8_N4096_q8_rep2,2,4,2,sm_89,R1_EVENT_OVERLAP,NCCL,C2_RING_SIMPLE_CH8,2048,4096,2048,8,4,2097152,6,0,3168.608,4253.664,5320.960,1067.296,PASS,0
PHASEB_formal_r1_C2_RING_SIMPLE_CH8_N4096_q8_rep2,2,4,2,sm_89,R1_EVENT_OVERLAP,NCCL,C2_RING_SIMPLE_CH8,2048,4096,2048,8,5,2097152,6,0,4160.864,5324.448,6380.640,1056.192,PASS,0
PHASEB_formal_r1_C2_RING_SIMPLE_CH8_N4096_q8_rep2,2,4,2,sm_89,R1_EVENT_OVERLAP,NCCL,C2_RING_SIMPLE_CH8,2048,4096,2048,8,6,2097152,6,0,5166.752,6384.064,7362.944,978.880,PASS,0
PHASEB_formal_r1_C2_RING_SIMPLE_CH8_N4096_q8_rep2,2,4,2,sm_89,R1_EVENT_OVERLAP,NCCL,C2_RING_SIMPLE_CH8,2048,4096,2048,8,7,2097152,6,0,6172.320,7366.400,8343.712,977.312,PASS,0
PHASEB_formal_r1_C2_RING_SIMPLE_CH8_N4096_q8_rep2,2,4,2,sm_89,R1_EVENT_OVERLAP,NCCL,C2_RING_SIMPLE_CH8,2048,4096,2048,8,0,2097152,7,0,185.600,192.096,1188.224,996.128,PASS,0
PHASEB_formal_r1_C2_RING_SIMPLE_CH8_N4096_q8_rep2,2,4,2,sm_89,R1_EVENT_OVERLAP,NCCL,C2_RING_SIMPLE_CH8,2048,4096,2048,8,1,2097152,7,0,300.096,1192.256,2190.432,998.176,PASS,0
PHASEB_formal_r1_C2_RING_SIMPLE_CH8_N4096_q8_rep2,2,4,2,sm_89,R1_EVENT_OVERLAP,NCCL,C2_RING_SIMPLE_CH8,2048,4096,2048,8,2,2097152,7,0,1198.784,2194.112,3265.440,1071.328,PASS,0
PHASEB_formal_r1_C2_RING_SIMPLE_CH8_N4096_q8_rep2,2,4,2,sm_89,R1_EVENT_OVERLAP,NCCL,C2_RING_SIMPLE_CH8,2048,4096,2048,8,3,2097152,7,0,2183.904,3268.832,4336.832,1068.000,PASS,0
PHASEB_formal_r1_C2_RING_SIMPLE_CH8_N4096_q8_rep2,2,4,2,sm_89,R1_EVENT_OVERLAP,NCCL,C2_RING_SIMPLE_CH8,2048,4096,2048,8,4,2097152,7,0,3160.064,4340.320,5404.896,1064.576,PASS,0
PHASEB_formal_r1_C2_RING_SIMPLE_CH8_N4096_q8_rep2,2,4,2,sm_89,R1_EVENT_OVERLAP,NCCL,C2_RING_SIMPLE_CH8,2048,4096,2048,8,5,2097152,7,0,4172.416,5408.896,6464.384,1055.488,PASS,0
PHASEB_formal_r1_C2_RING_SIMPLE_CH8_N4096_q8_rep2,2,4,2,sm_89,R1_EVENT_OVERLAP,NCCL,C2_RING_SIMPLE_CH8,2048,4096,2048,8,6,2097152,7,0,5166.752,6467.808,7445.472,977.664,PASS,0
PHASEB_formal_r1_C2_RING_SIMPLE_CH8_N4096_q8_rep2,2,4,2,sm_89,R1_EVENT_OVERLAP,NCCL,C2_RING_SIMPLE_CH8,2048,4096,2048,8,7,2097152,7,0,6176.640,7448.896,8427.168,978.272,PASS,0
PHASEB_formal_r1_C2_RING_SIMPLE_CH8_N4096_q8_rep2,2,4,2,sm_89,R1_EVENT_OVERLAP,NCCL,C2_RING_SIMPLE_CH8,2048,4096,2048,8,0,2097152,8,0,181.600,188.192,1181.440,993.248,PASS,0
PHASEB_formal_r1_C2_RING_SIMPLE_CH8_N4096_q8_rep2,2,4,2,sm_89,R1_EVENT_OVERLAP,NCCL,C2_RING_SIMPLE_CH8,2048,4096,2048,8,1,2097152,8,0,296.864,1185.664,2182.944,997.280,PASS,0
PHASEB_formal_r1_C2_RING_SIMPLE_CH8_N4096_q8_rep2,2,4,2,sm_89,R1_EVENT_OVERLAP,NCCL,C2_RING_SIMPLE_CH8,2048,4096,2048,8,2,2097152,8,0,1204.448,2186.592,3183.072,996.480,PASS,0
PHASEB_formal_r1_C2_RING_SIMPLE_CH8_N4096_q8_rep2,2,4,2,sm_89,R1_EVENT_OVERLAP,NCCL,C2_RING_SIMPLE_CH8,2048,4096,2048,8,3,2097152,8,0,2176.736,3186.368,4180.480,994.112,PASS,0
PHASEB_formal_r1_C2_RING_SIMPLE_CH8_N4096_q8_rep2,2,4,2,sm_89,R1_EVENT_OVERLAP,NCCL,C2_RING_SIMPLE_CH8,2048,4096,2048,8,4,2097152,8,0,2295.744,4183.872,5179.456,995.584,PASS,0
PHASEB_formal_r1_C2_RING_SIMPLE_CH8_N4096_q8_rep2,2,4,2,sm_89,R1_EVENT_OVERLAP,NCCL,C2_RING_SIMPLE_CH8,2048,4096,2048,8,5,2097152,8,0,3192.576,5182.912,6161.088,978.176,PASS,0
PHASEB_formal_r1_C2_RING_SIMPLE_CH8_N4096_q8_rep2,2,4,2,sm_89,R1_EVENT_OVERLAP,NCCL,C2_RING_SIMPLE_CH8,2048,4096,2048,8,6,2097152,8,0,4190.112,6164.512,7143.488,978.976,PASS,0
PHASEB_formal_r1_C2_RING_SIMPLE_CH8_N4096_q8_rep2,2,4,2,sm_89,R1_EVENT_OVERLAP,NCCL,C2_RING_SIMPLE_CH8,2048,4096,2048,8,7,2097152,8,0,5189.280,7146.912,8123.872,976.960,PASS,0
PHASEB_formal_r1_C2_RING_SIMPLE_CH8_N4096_q8_rep2,2,4,2,sm_89,R1_EVENT_OVERLAP,NCCL,C2_RING_SIMPLE_CH8,2048,4096,2048,8,0,2097152,9,0,205.664,212.064,1206.272,994.208,PASS,0
PHASEB_formal_r1_C2_RING_SIMPLE_CH8_N4096_q8_rep2,2,4,2,sm_89,R1_EVENT_OVERLAP,NCCL,C2_RING_SIMPLE_CH8,2048,4096,2048,8,1,2097152,9,0,320.416,1209.888,2204.704,994.816,PASS,0
PHASEB_formal_r1_C2_RING_SIMPLE_CH8_N4096_q8_rep2,2,4,2,sm_89,R1_EVENT_OVERLAP,NCCL,C2_RING_SIMPLE_CH8,2048,4096,2048,8,2,2097152,9,0,1218.272,2208.224,3207.296,999.072,PASS,0
PHASEB_formal_r1_C2_RING_SIMPLE_CH8_N4096_q8_rep2,2,4,2,sm_89,R1_EVENT_OVERLAP,NCCL,C2_RING_SIMPLE_CH8,2048,4096,2048,8,3,2097152,9,0,2214.688,3211.040,4278.368,1067.328,PASS,0
PHASEB_formal_r1_C2_RING_SIMPLE_CH8_N4096_q8_rep2,2,4,2,sm_89,R1_EVENT_OVERLAP,NCCL,C2_RING_SIMPLE_CH8,2048,4096,2048,8,4,2097152,9,0,3199.104,4281.920,5356.416,1074.496,PASS,0
PHASEB_formal_r1_C2_RING_SIMPLE_CH8_N4096_q8_rep2,2,4,2,sm_89,R1_EVENT_OVERLAP,NCCL,C2_RING_SIMPLE_CH8,2048,4096,2048,8,5,2097152,9,0,4181.088,5359.744,6417.152,1057.408,PASS,0
PHASEB_formal_r1_C2_RING_SIMPLE_CH8_N4096_q8_rep2,2,4,2,sm_89,R1_EVENT_OVERLAP,NCCL,C2_RING_SIMPLE_CH8,2048,4096,2048,8,6,2097152,9,0,5166.176,6420.576,7398.688,978.112,PASS,0
PHASEB_formal_r1_C2_RING_SIMPLE_CH8_N4096_q8_rep2,2,4,2,sm_89,R1_EVENT_OVERLAP,NCCL,C2_RING_SIMPLE_CH8,2048,4096,2048,8,7,2097152,9,0,6167.552,7402.144,8380.704,978.560,PASS,0
PHASEB_formal_r1_C2_RING_SIMPLE_CH8_N4096_q8_rep2,2,4,2,sm_89,R1_EVENT_OVERLAP,NCCL,C2_RING_SIMPLE_CH8,2048,4096,2048,8,0,2097152,10,0,174.944,181.568,1177.216,995.648,PASS,0
PHASEB_formal_r1_C2_RING_SIMPLE_CH8_N4096_q8_rep2,2,4,2,sm_89,R1_EVENT_OVERLAP,NCCL,C2_RING_SIMPLE_CH8,2048,4096,2048,8,1,2097152,10,0,290.240,1180.800,2174.624,993.824,PASS,0
PHASEB_formal_r1_C2_RING_SIMPLE_CH8_N4096_q8_rep2,2,4,2,sm_89,R1_EVENT_OVERLAP,NCCL,C2_RING_SIMPLE_CH8,2048,4096,2048,8,2,2097152,10,0,1204.064,2178.176,3171.680,993.504,PASS,0
PHASEB_formal_r1_C2_RING_SIMPLE_CH8_N4096_q8_rep2,2,4,2,sm_89,R1_EVENT_OVERLAP,NCCL,C2_RING_SIMPLE_CH8,2048,4096,2048,8,3,2097152,10,0,2184.384,3175.264,4169.216,993.952,PASS,0
PHASEB_formal_r1_C2_RING_SIMPLE_CH8_N4096_q8_rep2,2,4,2,sm_89,R1_EVENT_OVERLAP,NCCL,C2_RING_SIMPLE_CH8,2048,4096,2048,8,4,2097152,10,0,3181.600,4172.608,5163.744,991.136,PASS,0
PHASEB_formal_r1_C2_RING_SIMPLE_CH8_N4096_q8_rep2,2,4,2,sm_89,R1_EVENT_OVERLAP,NCCL,C2_RING_SIMPLE_CH8,2048,4096,2048,8,5,2097152,10,0,4158.496,5167.200,6146.016,978.816,PASS,0
PHASEB_formal_r1_C2_RING_SIMPLE_CH8_N4096_q8_rep2,2,4,2,sm_89,R1_EVENT_OVERLAP,NCCL,C2_RING_SIMPLE_CH8,2048,4096,2048,8,6,2097152,10,0,4276.928,6149.792,7128.512,978.720,PASS,0
PHASEB_formal_r1_C2_RING_SIMPLE_CH8_N4096_q8_rep2,2,4,2,sm_89,R1_EVENT_OVERLAP,NCCL,C2_RING_SIMPLE_CH8,2048,4096,2048,8,7,2097152,10,0,5270.368,7131.936,8108.896,976.960,PASS,0
PHASEB_formal_r1_C2_RING_SIMPLE_CH8_N4096_q8_rep2,2,4,2,sm_89,R1_EVENT_OVERLAP,NCCL,C2_RING_SIMPLE_CH8,2048,4096,2048,8,0,2097152,11,0,184.320,190.720,1185.824,995.104,PASS,0
PHASEB_formal_r1_C2_RING_SIMPLE_CH8_N4096_q8_rep2,2,4,2,sm_89,R1_EVENT_OVERLAP,NCCL,C2_RING_SIMPLE_CH8,2048,4096,2048,8,1,2097152,11,0,299.520,1189.376,2182.624,993.248,PASS,0
PHASEB_formal_r1_C2_RING_SIMPLE_CH8_N4096_q8_rep2,2,4,2,sm_89,R1_EVENT_OVERLAP,NCCL,C2_RING_SIMPLE_CH8,2048,4096,2048,8,2,2097152,11,0,1195.680,2186.272,3184.608,998.336,PASS,0
PHASEB_formal_r1_C2_RING_SIMPLE_CH8_N4096_q8_rep2,2,4,2,sm_89,R1_EVENT_OVERLAP,NCCL,C2_RING_SIMPLE_CH8,2048,4096,2048,8,3,2097152,11,0,2197.120,3187.968,4256.224,1068.256,PASS,0
PHASEB_formal_r1_C2_RING_SIMPLE_CH8_N4096_q8_rep2,2,4,2,sm_89,R1_EVENT_OVERLAP,NCCL,C2_RING_SIMPLE_CH8,2048,4096,2048,8,4,2097152,11,0,3175.168,4259.584,5325.440,1065.856,PASS,0
PHASEB_formal_r1_C2_RING_SIMPLE_CH8_N4096_q8_rep2,2,4,2,sm_89,R1_EVENT_OVERLAP,NCCL,C2_RING_SIMPLE_CH8,2048,4096,2048,8,5,2097152,11,0,4172.960,5328.800,6386.624,1057.824,PASS,0
PHASEB_formal_r1_C2_RING_SIMPLE_CH8_N4096_q8_rep2,2,4,2,sm_89,R1_EVENT_OVERLAP,NCCL,C2_RING_SIMPLE_CH8,2048,4096,2048,8,6,2097152,11,0,5154.976,6390.400,7368.224,977.824,PASS,0
PHASEB_formal_r1_C2_RING_SIMPLE_CH8_N4096_q8_rep2,2,4,2,sm_89,R1_EVENT_OVERLAP,NCCL,C2_RING_SIMPLE_CH8,2048,4096,2048,8,7,2097152,11,0,6148.992,7371.648,8350.016,978.368,PASS,0
PHASEB_formal_r1_C2_RING_SIMPLE_CH8_N4096_q8_rep2,2,4,2,sm_89,R1_EVENT_OVERLAP,NCCL,C2_RING_SIMPLE_CH8,2048,4096,2048,8,0,2097152,12,0,173.536,180.512,1177.184,996.672,PASS,0
PHASEB_formal_r1_C2_RING_SIMPLE_CH8_N4096_q8_rep2,2,4,2,sm_89,R1_EVENT_OVERLAP,NCCL,C2_RING_SIMPLE_CH8,2048,4096,2048,8,1,2097152,12,0,289.696,1180.544,2178.848,998.304,PASS,0
PHASEB_formal_r1_C2_RING_SIMPLE_CH8_N4096_q8_rep2,2,4,2,sm_89,R1_EVENT_OVERLAP,NCCL,C2_RING_SIMPLE_CH8,2048,4096,2048,8,2,2097152,12,0,1191.328,2182.240,3255.264,1073.024,PASS,0
PHASEB_formal_r1_C2_RING_SIMPLE_CH8_N4096_q8_rep2,2,4,2,sm_89,R1_EVENT_OVERLAP,NCCL,C2_RING_SIMPLE_CH8,2048,4096,2048,8,3,2097152,12,0,2169.344,3258.656,4330.240,1071.584,PASS,0
PHASEB_formal_r1_C2_RING_SIMPLE_CH8_N4096_q8_rep2,2,4,2,sm_89,R1_EVENT_OVERLAP,NCCL,C2_RING_SIMPLE_CH8,2048,4096,2048,8,4,2097152,12,0,3208.064,4333.632,5323.616,989.984,PASS,0
PHASEB_formal_r1_C2_RING_SIMPLE_CH8_N4096_q8_rep2,2,4,2,sm_89,R1_EVENT_OVERLAP,NCCL,C2_RING_SIMPLE_CH8,2048,4096,2048,8,5,2097152,12,0,4166.432,5327.808,6302.912,975.104,PASS,0
PHASEB_formal_r1_C2_RING_SIMPLE_CH8_N4096_q8_rep2,2,4,2,sm_89,R1_EVENT_OVERLAP,NCCL,C2_RING_SIMPLE_CH8,2048,4096,2048,8,6,2097152,12,0,4352.704,6306.336,7281.664,975.328,PASS,0
PHASEB_formal_r1_C2_RING_SIMPLE_CH8_N4096_q8_rep2,2,4,2,sm_89,R1_EVENT_OVERLAP,NCCL,C2_RING_SIMPLE_CH8,2048,4096,2048,8,7,2097152,12,0,5355.840,7285.088,8259.360,974.272,PASS,0
PHASEB_formal_r1_C2_RING_SIMPLE_CH8_N4096_q8_rep2,2,4,2,sm_89,R1_EVENT_OVERLAP,NCCL,C2_RING_SIMPLE_CH8,2048,4096,2048,8,0,2097152,13,0,177.280,184.064,1174.336,990.272,PASS,0
PHASEB_formal_r1_C2_RING_SIMPLE_CH8_N4096_q8_rep2,2,4,2,sm_89,R1_EVENT_OVERLAP,NCCL,C2_RING_SIMPLE_CH8,2048,4096,2048,8,1,2097152,13,0,291.712,1178.464,2171.712,993.248,PASS,0
PHASEB_formal_r1_C2_RING_SIMPLE_CH8_N4096_q8_rep2,2,4,2,sm_89,R1_EVENT_OVERLAP,NCCL,C2_RING_SIMPLE_CH8,2048,4096,2048,8,2,2097152,13,0,1187.552,2175.104,3171.552,996.448,PASS,0
PHASEB_formal_r1_C2_RING_SIMPLE_CH8_N4096_q8_rep2,2,4,2,sm_89,R1_EVENT_OVERLAP,NCCL,C2_RING_SIMPLE_CH8,2048,4096,2048,8,3,2097152,13,0,2181.472,3174.976,4241.376,1066.400,PASS,0
PHASEB_formal_r1_C2_RING_SIMPLE_CH8_N4096_q8_rep2,2,4,2,sm_89,R1_EVENT_OVERLAP,NCCL,C2_RING_SIMPLE_CH8,2048,4096,2048,8,4,2097152,13,0,3163.264,4244.928,5307.488,1062.560,PASS,0
PHASEB_formal_r1_C2_RING_SIMPLE_CH8_N4096_q8_rep2,2,4,2,sm_89,R1_EVENT_OVERLAP,NCCL,C2_RING_SIMPLE_CH8,2048,4096,2048,8,5,2097152,13,0,4182.112,5310.912,6364.864,1053.952,PASS,0
PHASEB_formal_r1_C2_RING_SIMPLE_CH8_N4096_q8_rep2,2,4,2,sm_89,R1_EVENT_OVERLAP,NCCL,C2_RING_SIMPLE_CH8,2048,4096,2048,8,6,2097152,13,0,5160.768,6368.288,7342.528,974.240,PASS,0
PHASEB_formal_r1_C2_RING_SIMPLE_CH8_N4096_q8_rep2,2,4,2,sm_89,R1_EVENT_OVERLAP,NCCL,C2_RING_SIMPLE_CH8,2048,4096,2048,8,7,2097152,13,0,6168.992,7345.952,8320.863,974.912,PASS,0
PHASEB_formal_r1_C2_RING_SIMPLE_CH8_N4096_q8_rep2,2,4,2,sm_89,R1_EVENT_OVERLAP,NCCL,C2_RING_SIMPLE_CH8,2048,4096,2048,8,0,2097152,14,0,172.896,179.936,1170.400,990.464,PASS,0
PHASEB_formal_r1_C2_RING_SIMPLE_CH8_N4096_q8_rep2,2,4,2,sm_89,R1_EVENT_OVERLAP,NCCL,C2_RING_SIMPLE_CH8,2048,4096,2048,8,1,2097152,14,0,288.224,1173.952,2165.888,991.936,PASS,0
PHASEB_formal_r1_C2_RING_SIMPLE_CH8_N4096_q8_rep2,2,4,2,sm_89,R1_EVENT_OVERLAP,NCCL,C2_RING_SIMPLE_CH8,2048,4096,2048,8,2,2097152,14,0,1181.568,2169.664,3165.344,995.680,PASS,0
PHASEB_formal_r1_C2_RING_SIMPLE_CH8_N4096_q8_rep2,2,4,2,sm_89,R1_EVENT_OVERLAP,NCCL,C2_RING_SIMPLE_CH8,2048,4096,2048,8,3,2097152,14,0,2175.968,3168.704,4232.448,1063.744,PASS,0
PHASEB_formal_r1_C2_RING_SIMPLE_CH8_N4096_q8_rep2,2,4,2,sm_89,R1_EVENT_OVERLAP,NCCL,C2_RING_SIMPLE_CH8,2048,4096,2048,8,4,2097152,14,0,3158.624,4235.808,5306.816,1071.008,PASS,0
PHASEB_formal_r1_C2_RING_SIMPLE_CH8_N4096_q8_rep2,2,4,2,sm_89,R1_EVENT_OVERLAP,NCCL,C2_RING_SIMPLE_CH8,2048,4096,2048,8,5,2097152,14,0,4116.000,5310.208,6362.048,1051.840,PASS,0
PHASEB_formal_r1_C2_RING_SIMPLE_CH8_N4096_q8_rep2,2,4,2,sm_89,R1_EVENT_OVERLAP,NCCL,C2_RING_SIMPLE_CH8,2048,4096,2048,8,6,2097152,14,0,5117.568,6365.504,7341.056,975.552,PASS,0
PHASEB_formal_r1_C2_RING_SIMPLE_CH8_N4096_q8_rep2,2,4,2,sm_89,R1_EVENT_OVERLAP,NCCL,C2_RING_SIMPLE_CH8,2048,4096,2048,8,7,2097152,14,0,6085.920,7344.512,8317.983,973.472,PASS,0
PHASEB_formal_r1_C2_RING_SIMPLE_CH8_N4096_q8_rep2,2,4,2,sm_89,R1_EVENT_OVERLAP,NCCL,C2_RING_SIMPLE_CH8,2048,4096,2048,8,0,2097152,15,0,176.512,183.008,1173.792,990.784,PASS,0
PHASEB_formal_r1_C2_RING_SIMPLE_CH8_N4096_q8_rep2,2,4,2,sm_89,R1_EVENT_OVERLAP,NCCL,C2_RING_SIMPLE_CH8,2048,4096,2048,8,1,2097152,15,0,291.808,1177.408,2171.328,993.920,PASS,0
PHASEB_formal_r1_C2_RING_SIMPLE_CH8_N4096_q8_rep2,2,4,2,sm_89,R1_EVENT_OVERLAP,NCCL,C2_RING_SIMPLE_CH8,2048,4096,2048,8,2,2097152,15,0,1186.912,2174.848,3169.376,994.528,PASS,0
PHASEB_formal_r1_C2_RING_SIMPLE_CH8_N4096_q8_rep2,2,4,2,sm_89,R1_EVENT_OVERLAP,NCCL,C2_RING_SIMPLE_CH8,2048,4096,2048,8,3,2097152,15,0,2181.120,3172.896,4236.128,1063.232,PASS,0
PHASEB_formal_r1_C2_RING_SIMPLE_CH8_N4096_q8_rep2,2,4,2,sm_89,R1_EVENT_OVERLAP,NCCL,C2_RING_SIMPLE_CH8,2048,4096,2048,8,4,2097152,15,0,3159.712,4239.872,5300.512,1060.640,PASS,0
PHASEB_formal_r1_C2_RING_SIMPLE_CH8_N4096_q8_rep2,2,4,2,sm_89,R1_EVENT_OVERLAP,NCCL,C2_RING_SIMPLE_CH8,2048,4096,2048,8,5,2097152,15,0,4106.560,5303.904,6357.440,1053.536,PASS,0
PHASEB_formal_r1_C2_RING_SIMPLE_CH8_N4096_q8_rep2,2,4,2,sm_89,R1_EVENT_OVERLAP,NCCL,C2_RING_SIMPLE_CH8,2048,4096,2048,8,6,2097152,15,0,5102.240,6360.896,7335.200,974.304,PASS,0
PHASEB_formal_r1_C2_RING_SIMPLE_CH8_N4096_q8_rep2,2,4,2,sm_89,R1_EVENT_OVERLAP,NCCL,C2_RING_SIMPLE_CH8,2048,4096,2048,8,7,2097152,15,0,6094.368,7338.816,8313.920,975.104,PASS,0
PHASEB_formal_r1_C2_RING_SIMPLE_CH8_N4096_q8_rep2,2,4,2,sm_89,R1_EVENT_OVERLAP,NCCL,C2_RING_SIMPLE_CH8,2048,4096,2048,8,0,2097152,16,0,182.080,188.832,1178.880,990.048,PASS,0
PHASEB_formal_r1_C2_RING_SIMPLE_CH8_N4096_q8_rep2,2,4,2,sm_89,R1_EVENT_OVERLAP,NCCL,C2_RING_SIMPLE_CH8,2048,4096,2048,8,1,2097152,16,0,298.272,1182.656,2172.896,990.240,PASS,0
PHASEB_formal_r1_C2_RING_SIMPLE_CH8_N4096_q8_rep2,2,4,2,sm_89,R1_EVENT_OVERLAP,NCCL,C2_RING_SIMPLE_CH8,2048,4096,2048,8,2,2097152,16,0,1201.376,2176.384,3166.208,989.824,PASS,0
PHASEB_formal_r1_C2_RING_SIMPLE_CH8_N4096_q8_rep2,2,4,2,sm_89,R1_EVENT_OVERLAP,NCCL,C2_RING_SIMPLE_CH8,2048,4096,2048,8,3,2097152,16,0,2183.712,3169.632,4159.520,989.888,PASS,0
PHASEB_formal_r1_C2_RING_SIMPLE_CH8_N4096_q8_rep2,2,4,2,sm_89,R1_EVENT_OVERLAP,NCCL,C2_RING_SIMPLE_CH8,2048,4096,2048,8,4,2097152,16,0,3175.840,4162.944,5157.088,994.144,PASS,0
PHASEB_formal_r1_C2_RING_SIMPLE_CH8_N4096_q8_rep2,2,4,2,sm_89,R1_EVENT_OVERLAP,NCCL,C2_RING_SIMPLE_CH8,2048,4096,2048,8,5,2097152,16,0,4169.536,5160.448,6153.760,993.312,PASS,0
PHASEB_formal_r1_C2_RING_SIMPLE_CH8_N4096_q8_rep2,2,4,2,sm_89,R1_EVENT_OVERLAP,NCCL,C2_RING_SIMPLE_CH8,2048,4096,2048,8,6,2097152,16,0,5166.752,6157.280,7132.384,975.104,PASS,0
PHASEB_formal_r1_C2_RING_SIMPLE_CH8_N4096_q8_rep2,2,4,2,sm_89,R1_EVENT_OVERLAP,NCCL,C2_RING_SIMPLE_CH8,2048,4096,2048,8,7,2097152,16,0,6163.552,7135.808,8109.408,973.600,PASS,0
PHASEB_formal_r1_C2_RING_SIMPLE_CH8_N4096_q8_rep2,2,4,2,sm_89,R1_EVENT_OVERLAP,NCCL,C2_RING_SIMPLE_CH8,2048,4096,2048,8,0,2097152,17,0,195.840,202.048,1192.800,990.752,PASS,0
PHASEB_formal_r1_C2_RING_SIMPLE_CH8_N4096_q8_rep2,2,4,2,sm_89,R1_EVENT_OVERLAP,NCCL,C2_RING_SIMPLE_CH8,2048,4096,2048,8,1,2097152,17,0,311.200,1196.480,2189.600,993.120,PASS,0
PHASEB_formal_r1_C2_RING_SIMPLE_CH8_N4096_q8_rep2,2,4,2,sm_89,R1_EVENT_OVERLAP,NCCL,C2_RING_SIMPLE_CH8,2048,4096,2048,8,2,2097152,17,0,1207.008,2192.992,3189.120,996.128,PASS,0
PHASEB_formal_r1_C2_RING_SIMPLE_CH8_N4096_q8_rep2,2,4,2,sm_89,R1_EVENT_OVERLAP,NCCL,C2_RING_SIMPLE_CH8,2048,4096,2048,8,3,2097152,17,0,2199.200,3192.544,4259.680,1067.136,PASS,0
PHASEB_formal_r1_C2_RING_SIMPLE_CH8_N4096_q8_rep2,2,4,2,sm_89,R1_EVENT_OVERLAP,NCCL,C2_RING_SIMPLE_CH8,2048,4096,2048,8,4,2097152,17,0,3180.896,4263.168,5330.432,1067.264,PASS,0
PHASEB_formal_r1_C2_RING_SIMPLE_CH8_N4096_q8_rep2,2,4,2,sm_89,R1_EVENT_OVERLAP,NCCL,C2_RING_SIMPLE_CH8,2048,4096,2048,8,5,2097152,17,0,4163.296,5334.112,6308.384,974.272,PASS,0
PHASEB_formal_r1_C2_RING_SIMPLE_CH8_N4096_q8_rep2,2,4,2,sm_89,R1_EVENT_OVERLAP,NCCL,C2_RING_SIMPLE_CH8,2048,4096,2048,8,6,2097152,17,0,5167.936,6311.808,7286.592,974.784,PASS,0
PHASEB_formal_r1_C2_RING_SIMPLE_CH8_N4096_q8_rep2,2,4,2,sm_89,R1_EVENT_OVERLAP,NCCL,C2_RING_SIMPLE_CH8,2048,4096,2048,8,7,2097152,17,0,5340.448,7290.048,8265.119,975.072,PASS,0
PHASEB_formal_r1_C2_RING_SIMPLE_CH8_N4096_q8_rep2,2,4,2,sm_89,R1_EVENT_OVERLAP,NCCL,C2_RING_SIMPLE_CH8,2048,4096,2048,8,0,2097152,18,0,192.000,199.328,1191.104,991.776,PASS,0
PHASEB_formal_r1_C2_RING_SIMPLE_CH8_N4096_q8_rep2,2,4,2,sm_89,R1_EVENT_OVERLAP,NCCL,C2_RING_SIMPLE_CH8,2048,4096,2048,8,1,2097152,18,0,306.816,1194.688,2185.888,991.200,PASS,0
PHASEB_formal_r1_C2_RING_SIMPLE_CH8_N4096_q8_rep2,2,4,2,sm_89,R1_EVENT_OVERLAP,NCCL,C2_RING_SIMPLE_CH8,2048,4096,2048,8,2,2097152,18,0,1217.856,2189.280,3177.856,988.576,PASS,0
PHASEB_formal_r1_C2_RING_SIMPLE_CH8_N4096_q8_rep2,2,4,2,sm_89,R1_EVENT_OVERLAP,NCCL,C2_RING_SIMPLE_CH8,2048,4096,2048,8,3,2097152,18,0,2195.872,3181.600,4176.160,994.560,PASS,0
PHASEB_formal_r1_C2_RING_SIMPLE_CH8_N4096_q8_rep2,2,4,2,sm_89,R1_EVENT_OVERLAP,NCCL,C2_RING_SIMPLE_CH8,2048,4096,2048,8,4,2097152,18,0,3187.968,4179.744,5163.648,983.904,PASS,0
PHASEB_formal_r1_C2_RING_SIMPLE_CH8_N4096_q8_rep2,2,4,2,sm_89,R1_EVENT_OVERLAP,NCCL,C2_RING_SIMPLE_CH8,2048,4096,2048,8,5,2097152,18,0,4169.248,5167.296,6142.336,975.040,PASS,0
PHASEB_formal_r1_C2_RING_SIMPLE_CH8_N4096_q8_rep2,2,4,2,sm_89,R1_EVENT_OVERLAP,NCCL,C2_RING_SIMPLE_CH8,2048,4096,2048,8,6,2097152,18,0,4351.776,6145.792,7120.768,974.976,PASS,0
PHASEB_formal_r1_C2_RING_SIMPLE_CH8_N4096_q8_rep2,2,4,2,sm_89,R1_EVENT_OVERLAP,NCCL,C2_RING_SIMPLE_CH8,2048,4096,2048,8,7,2097152,18,0,5239.936,7124.192,8098.048,973.856,PASS,0
PHASEB_formal_r1_C2_RING_SIMPLE_CH8_N4096_q8_rep2,2,4,2,sm_89,R1_EVENT_OVERLAP,NCCL,C2_RING_SIMPLE_CH8,2048,4096,2048,8,0,2097152,19,0,182.048,188.480,1186.528,998.048,PASS,0
PHASEB_formal_r1_C2_RING_SIMPLE_CH8_N4096_q8_rep2,2,4,2,sm_89,R1_EVENT_OVERLAP,NCCL,C2_RING_SIMPLE_CH8,2048,4096,2048,8,1,2097152,19,0,296.640,1189.952,2179.392,989.440,PASS,0
PHASEB_formal_r1_C2_RING_SIMPLE_CH8_N4096_q8_rep2,2,4,2,sm_89,R1_EVENT_OVERLAP,NCCL,C2_RING_SIMPLE_CH8,2048,4096,2048,8,2,2097152,19,0,1213.344,2182.976,3173.472,990.496,PASS,0
PHASEB_formal_r1_C2_RING_SIMPLE_CH8_N4096_q8_rep2,2,4,2,sm_89,R1_EVENT_OVERLAP,NCCL,C2_RING_SIMPLE_CH8,2048,4096,2048,8,3,2097152,19,0,2198.016,3178.464,4173.760,995.296,PASS,0
PHASEB_formal_r1_C2_RING_SIMPLE_CH8_N4096_q8_rep2,2,4,2,sm_89,R1_EVENT_OVERLAP,NCCL,C2_RING_SIMPLE_CH8,2048,4096,2048,8,4,2097152,19,0,3207.968,4177.152,5170.272,993.120,PASS,0
PHASEB_formal_r1_C2_RING_SIMPLE_CH8_N4096_q8_rep2,2,4,2,sm_89,R1_EVENT_OVERLAP,NCCL,C2_RING_SIMPLE_CH8,2048,4096,2048,8,5,2097152,19,0,4183.552,5173.792,6228.352,1054.560,PASS,0
PHASEB_formal_r1_C2_RING_SIMPLE_CH8_N4096_q8_rep2,2,4,2,sm_89,R1_EVENT_OVERLAP,NCCL,C2_RING_SIMPLE_CH8,2048,4096,2048,8,6,2097152,19,0,5160.576,6231.808,7205.888,974.080,PASS,0
PHASEB_formal_r1_C2_RING_SIMPLE_CH8_N4096_q8_rep2,2,4,2,sm_89,R1_EVENT_OVERLAP,NCCL,C2_RING_SIMPLE_CH8,2048,4096,2048,8,7,2097152,19,0,6121.696,7209.344,8184.543,975.200,PASS,0
PHASEB_formal_r1_C2_RING_SIMPLE_CH8_N4096_q8_rep2,2,4,2,sm_89,R1_EVENT_OVERLAP,NCCL,C2_RING_SIMPLE_CH8,2048,4096,2048,8,0,2097152,20,0,173.952,180.256,1172.736,992.480,PASS,0
PHASEB_formal_r1_C2_RING_SIMPLE_CH8_N4096_q8_rep2,2,4,2,sm_89,R1_EVENT_OVERLAP,NCCL,C2_RING_SIMPLE_CH8,2048,4096,2048,8,1,2097152,20,0,288.928,1176.224,2165.440,989.216,PASS,0
PHASEB_formal_r1_C2_RING_SIMPLE_CH8_N4096_q8_rep2,2,4,2,sm_89,R1_EVENT_OVERLAP,NCCL,C2_RING_SIMPLE_CH8,2048,4096,2048,8,2,2097152,20,0,1182.464,2168.960,3160.352,991.392,PASS,0
PHASEB_formal_r1_C2_RING_SIMPLE_CH8_N4096_q8_rep2,2,4,2,sm_89,R1_EVENT_OVERLAP,NCCL,C2_RING_SIMPLE_CH8,2048,4096,2048,8,3,2097152,20,0,2175.200,3163.776,4159.712,995.936,PASS,0
PHASEB_formal_r1_C2_RING_SIMPLE_CH8_N4096_q8_rep2,2,4,2,sm_89,R1_EVENT_OVERLAP,NCCL,C2_RING_SIMPLE_CH8,2048,4096,2048,8,4,2097152,20,0,3170.144,4163.136,5226.912,1063.776,PASS,0
PHASEB_formal_r1_C2_RING_SIMPLE_CH8_N4096_q8_rep2,2,4,2,sm_89,R1_EVENT_OVERLAP,NCCL,C2_RING_SIMPLE_CH8,2048,4096,2048,8,5,2097152,20,0,4152.896,5230.272,6286.528,1056.256,PASS,0
PHASEB_formal_r1_C2_RING_SIMPLE_CH8_N4096_q8_rep2,2,4,2,sm_89,R1_EVENT_OVERLAP,NCCL,C2_RING_SIMPLE_CH8,2048,4096,2048,8,6,2097152,20,0,5138.784,6290.016,7265.440,975.424,PASS,0
PHASEB_formal_r1_C2_RING_SIMPLE_CH8_N4096_q8_rep2,2,4,2,sm_89,R1_EVENT_OVERLAP,NCCL,C2_RING_SIMPLE_CH8,2048,4096,2048,8,7,2097152,20,0,6101.248,7268.896,8242.528,973.632,PASS,0
PHASEB_formal_r1_C2_RING_SIMPLE_CH8_N4096_q8_rep2,2,4,2,sm_89,R1_EVENT_OVERLAP,NCCL,C2_RING_SIMPLE_CH8,2048,4096,2048,8,0,2097152,21,0,181.984,188.352,1181.600,993.248,PASS,0
PHASEB_formal_r1_C2_RING_SIMPLE_CH8_N4096_q8_rep2,2,4,2,sm_89,R1_EVENT_OVERLAP,NCCL,C2_RING_SIMPLE_CH8,2048,4096,2048,8,1,2097152,21,0,297.600,1184.960,2174.656,989.696,PASS,0
PHASEB_formal_r1_C2_RING_SIMPLE_CH8_N4096_q8_rep2,2,4,2,sm_89,R1_EVENT_OVERLAP,NCCL,C2_RING_SIMPLE_CH8,2048,4096,2048,8,2,2097152,21,0,1193.792,2178.016,3170.048,992.032,PASS,0
PHASEB_formal_r1_C2_RING_SIMPLE_CH8_N4096_q8_rep2,2,4,2,sm_89,R1_EVENT_OVERLAP,NCCL,C2_RING_SIMPLE_CH8,2048,4096,2048,8,3,2097152,21,0,2165.120,3173.600,4167.552,993.952,PASS,0
PHASEB_formal_r1_C2_RING_SIMPLE_CH8_N4096_q8_rep2,2,4,2,sm_89,R1_EVENT_OVERLAP,NCCL,C2_RING_SIMPLE_CH8,2048,4096,2048,8,4,2097152,21,0,2283.040,4170.944,5163.808,992.864,PASS,0
PHASEB_formal_r1_C2_RING_SIMPLE_CH8_N4096_q8_rep2,2,4,2,sm_89,R1_EVENT_OVERLAP,NCCL,C2_RING_SIMPLE_CH8,2048,4096,2048,8,5,2097152,21,0,3197.088,5167.680,6143.072,975.392,PASS,0
PHASEB_formal_r1_C2_RING_SIMPLE_CH8_N4096_q8_rep2,2,4,2,sm_89,R1_EVENT_OVERLAP,NCCL,C2_RING_SIMPLE_CH8,2048,4096,2048,8,6,2097152,21,0,4182.944,6146.496,7120.960,974.464,PASS,0
PHASEB_formal_r1_C2_RING_SIMPLE_CH8_N4096_q8_rep2,2,4,2,sm_89,R1_EVENT_OVERLAP,NCCL,C2_RING_SIMPLE_CH8,2048,4096,2048,8,7,2097152,21,0,5174.432,7124.416,8099.200,974.784,PASS,0
PHASEB_formal_r1_C2_RING_SIMPLE_CH8_N4096_q8_rep2,2,4,2,sm_89,R1_EVENT_OVERLAP,NCCL,C2_RING_SIMPLE_CH8,2048,4096,2048,8,0,2097152,22,0,186.272,192.896,1188.512,995.616,PASS,0
PHASEB_formal_r1_C2_RING_SIMPLE_CH8_N4096_q8_rep2,2,4,2,sm_89,R1_EVENT_OVERLAP,NCCL,C2_RING_SIMPLE_CH8,2048,4096,2048,8,1,2097152,22,0,302.848,1191.968,2190.464,998.496,PASS,0
PHASEB_formal_r1_C2_RING_SIMPLE_CH8_N4096_q8_rep2,2,4,2,sm_89,R1_EVENT_OVERLAP,NCCL,C2_RING_SIMPLE_CH8,2048,4096,2048,8,2,2097152,22,0,1202.592,2194.048,3262.080,1068.032,PASS,0
PHASEB_formal_r1_C2_RING_SIMPLE_CH8_N4096_q8_rep2,2,4,2,sm_89,R1_EVENT_OVERLAP,NCCL,C2_RING_SIMPLE_CH8,2048,4096,2048,8,3,2097152,22,0,2183.584,3265.504,4328.544,1063.040,PASS,0
PHASEB_formal_r1_C2_RING_SIMPLE_CH8_N4096_q8_rep2,2,4,2,sm_89,R1_EVENT_OVERLAP,NCCL,C2_RING_SIMPLE_CH8,2048,4096,2048,8,4,2097152,22,0,3181.632,4331.904,5392.512,1060.608,PASS,0
PHASEB_formal_r1_C2_RING_SIMPLE_CH8_N4096_q8_rep2,2,4,2,sm_89,R1_EVENT_OVERLAP,NCCL,C2_RING_SIMPLE_CH8,2048,4096,2048,8,5,2097152,22,0,4180.608,5396.032,6447.936,1051.904,PASS,0
PHASEB_formal_r1_C2_RING_SIMPLE_CH8_N4096_q8_rep2,2,4,2,sm_89,R1_EVENT_OVERLAP,NCCL,C2_RING_SIMPLE_CH8,2048,4096,2048,8,6,2097152,22,0,5184.896,6451.392,7427.008,975.616,PASS,0
PHASEB_formal_r1_C2_RING_SIMPLE_CH8_N4096_q8_rep2,2,4,2,sm_89,R1_EVENT_OVERLAP,NCCL,C2_RING_SIMPLE_CH8,2048,4096,2048,8,7,2097152,22,0,6171.680,7430.400,8404.159,973.760,PASS,0
PHASEB_formal_r1_C2_RING_SIMPLE_CH8_N4096_q8_rep2,2,4,2,sm_89,R1_EVENT_OVERLAP,NCCL,C2_RING_SIMPLE_CH8,2048,4096,2048,8,0,2097152,23,0,179.904,186.336,1179.104,992.768,PASS,0
PHASEB_formal_r1_C2_RING_SIMPLE_CH8_N4096_q8_rep2,2,4,2,sm_89,R1_EVENT_OVERLAP,NCCL,C2_RING_SIMPLE_CH8,2048,4096,2048,8,1,2097152,23,0,293.888,1183.104,2179.392,996.288,PASS,0
PHASEB_formal_r1_C2_RING_SIMPLE_CH8_N4096_q8_rep2,2,4,2,sm_89,R1_EVENT_OVERLAP,NCCL,C2_RING_SIMPLE_CH8,2048,4096,2048,8,2,2097152,23,0,1199.424,2182.784,3175.712,992.928,PASS,0
PHASEB_formal_r1_C2_RING_SIMPLE_CH8_N4096_q8_rep2,2,4,2,sm_89,R1_EVENT_OVERLAP,NCCL,C2_RING_SIMPLE_CH8,2048,4096,2048,8,3,2097152,23,0,2172.576,3179.744,4170.880,991.136,PASS,0
PHASEB_formal_r1_C2_RING_SIMPLE_CH8_N4096_q8_rep2,2,4,2,sm_89,R1_EVENT_OVERLAP,NCCL,C2_RING_SIMPLE_CH8,2048,4096,2048,8,4,2097152,23,0,2291.424,4174.304,5163.680,989.376,PASS,0
PHASEB_formal_r1_C2_RING_SIMPLE_CH8_N4096_q8_rep2,2,4,2,sm_89,R1_EVENT_OVERLAP,NCCL,C2_RING_SIMPLE_CH8,2048,4096,2048,8,5,2097152,23,0,3196.352,5167.168,6142.976,975.808,PASS,0
PHASEB_formal_r1_C2_RING_SIMPLE_CH8_N4096_q8_rep2,2,4,2,sm_89,R1_EVENT_OVERLAP,NCCL,C2_RING_SIMPLE_CH8,2048,4096,2048,8,6,2097152,23,0,4180.704,6146.400,7120.384,973.984,PASS,0
PHASEB_formal_r1_C2_RING_SIMPLE_CH8_N4096_q8_rep2,2,4,2,sm_89,R1_EVENT_OVERLAP,NCCL,C2_RING_SIMPLE_CH8,2048,4096,2048,8,7,2097152,23,0,5177.664,7123.808,8099.104,975.296,PASS,0
PHASEB_formal_r1_C2_RING_SIMPLE_CH8_N4096_q8_rep2,2,4,2,sm_89,R1_EVENT_OVERLAP,NCCL,C2_RING_SIMPLE_CH8,2048,4096,2048,8,0,2097152,24,0,196.960,203.136,1193.472,990.336,PASS,0
PHASEB_formal_r1_C2_RING_SIMPLE_CH8_N4096_q8_rep2,2,4,2,sm_89,R1_EVENT_OVERLAP,NCCL,C2_RING_SIMPLE_CH8,2048,4096,2048,8,1,2097152,24,0,311.936,1197.024,2189.664,992.640,PASS,0
PHASEB_formal_r1_C2_RING_SIMPLE_CH8_N4096_q8_rep2,2,4,2,sm_89,R1_EVENT_OVERLAP,NCCL,C2_RING_SIMPLE_CH8,2048,4096,2048,8,2,2097152,24,0,1207.648,2193.024,3185.280,992.256,PASS,0
PHASEB_formal_r1_C2_RING_SIMPLE_CH8_N4096_q8_rep2,2,4,2,sm_89,R1_EVENT_OVERLAP,NCCL,C2_RING_SIMPLE_CH8,2048,4096,2048,8,3,2097152,24,0,2199.296,3188.736,4179.488,990.752,PASS,0
PHASEB_formal_r1_C2_RING_SIMPLE_CH8_N4096_q8_rep2,2,4,2,sm_89,R1_EVENT_OVERLAP,NCCL,C2_RING_SIMPLE_CH8,2048,4096,2048,8,4,2097152,24,0,3195.136,4182.944,5175.264,992.320,PASS,0
PHASEB_formal_r1_C2_RING_SIMPLE_CH8_N4096_q8_rep2,2,4,2,sm_89,R1_EVENT_OVERLAP,NCCL,C2_RING_SIMPLE_CH8,2048,4096,2048,8,5,2097152,24,0,4189.280,5178.688,6168.864,990.176,PASS,0
PHASEB_formal_r1_C2_RING_SIMPLE_CH8_N4096_q8_rep2,2,4,2,sm_89,R1_EVENT_OVERLAP,NCCL,C2_RING_SIMPLE_CH8,2048,4096,2048,8,6,2097152,24,0,5184.928,6172.192,7148.320,976.128,PASS,0
PHASEB_formal_r1_C2_RING_SIMPLE_CH8_N4096_q8_rep2,2,4,2,sm_89,R1_EVENT_OVERLAP,NCCL,C2_RING_SIMPLE_CH8,2048,4096,2048,8,7,2097152,24,0,6178.752,7151.776,8125.696,973.920,PASS,0
PHASEB_formal_r1_C2_RING_SIMPLE_CH8_N4096_q8_rep2,2,4,2,sm_89,R1_EVENT_OVERLAP,NCCL,C2_RING_SIMPLE_CH8,2048,4096,2048,8,0,2097152,25,0,176.992,183.840,1173.504,989.664,PASS,0
PHASEB_formal_r1_C2_RING_SIMPLE_CH8_N4096_q8_rep2,2,4,2,sm_89,R1_EVENT_OVERLAP,NCCL,C2_RING_SIMPLE_CH8,2048,4096,2048,8,1,2097152,25,0,292.064,1178.208,2171.744,993.536,PASS,0
PHASEB_formal_r1_C2_RING_SIMPLE_CH8_N4096_q8_rep2,2,4,2,sm_89,R1_EVENT_OVERLAP,NCCL,C2_RING_SIMPLE_CH8,2048,4096,2048,8,2,2097152,25,0,1203.552,2175.360,3175.744,1000.384,PASS,0
PHASEB_formal_r1_C2_RING_SIMPLE_CH8_N4096_q8_rep2,2,4,2,sm_89,R1_EVENT_OVERLAP,NCCL,C2_RING_SIMPLE_CH8,2048,4096,2048,8,3,2097152,25,0,2181.728,3179.104,4242.560,1063.456,PASS,0
PHASEB_formal_r1_C2_RING_SIMPLE_CH8_N4096_q8_rep2,2,4,2,sm_89,R1_EVENT_OVERLAP,NCCL,C2_RING_SIMPLE_CH8,2048,4096,2048,8,4,2097152,25,0,3167.264,4246.304,5307.680,1061.376,PASS,0
PHASEB_formal_r1_C2_RING_SIMPLE_CH8_N4096_q8_rep2,2,4,2,sm_89,R1_EVENT_OVERLAP,NCCL,C2_RING_SIMPLE_CH8,2048,4096,2048,8,5,2097152,25,0,4158.688,5311.392,6365.792,1054.400,PASS,0
PHASEB_formal_r1_C2_RING_SIMPLE_CH8_N4096_q8_rep2,2,4,2,sm_89,R1_EVENT_OVERLAP,NCCL,C2_RING_SIMPLE_CH8,2048,4096,2048,8,6,2097152,25,0,5160.640,6369.216,7343.680,974.464,PASS,0
PHASEB_formal_r1_C2_RING_SIMPLE_CH8_N4096_q8_rep2,2,4,2,sm_89,R1_EVENT_OVERLAP,NCCL,C2_RING_SIMPLE_CH8,2048,4096,2048,8,7,2097152,25,0,6152.320,7347.104,8322.016,974.912,PASS,0
PHASEB_formal_r1_C2_RING_SIMPLE_CH8_N4096_q8_rep2,2,4,2,sm_89,R1_EVENT_OVERLAP,NCCL,C2_RING_SIMPLE_CH8,2048,4096,2048,8,0,2097152,26,0,194.400,201.184,1204.736,1003.552,PASS,0
PHASEB_formal_r1_C2_RING_SIMPLE_CH8_N4096_q8_rep2,2,4,2,sm_89,R1_EVENT_OVERLAP,NCCL,C2_RING_SIMPLE_CH8,2048,4096,2048,8,1,2097152,26,0,310.496,1208.320,2273.312,1064.992,PASS,0
PHASEB_formal_r1_C2_RING_SIMPLE_CH8_N4096_q8_rep2,2,4,2,sm_89,R1_EVENT_OVERLAP,NCCL,C2_RING_SIMPLE_CH8,2048,4096,2048,8,2,2097152,26,0,1196.512,2276.768,3338.144,1061.376,PASS,0
PHASEB_formal_r1_C2_RING_SIMPLE_CH8_N4096_q8_rep2,2,4,2,sm_89,R1_EVENT_OVERLAP,NCCL,C2_RING_SIMPLE_CH8,2048,4096,2048,8,3,2097152,26,0,2192.160,3341.536,4404.384,1062.848,PASS,0
PHASEB_formal_r1_C2_RING_SIMPLE_CH8_N4096_q8_rep2,2,4,2,sm_89,R1_EVENT_OVERLAP,NCCL,C2_RING_SIMPLE_CH8,2048,4096,2048,8,4,2097152,26,0,3172.320,4408.000,5470.304,1062.304,PASS,0
PHASEB_formal_r1_C2_RING_SIMPLE_CH8_N4096_q8_rep2,2,4,2,sm_89,R1_EVENT_OVERLAP,NCCL,C2_RING_SIMPLE_CH8,2048,4096,2048,8,5,2097152,26,0,4171.040,5473.664,6525.280,1051.616,PASS,0
PHASEB_formal_r1_C2_RING_SIMPLE_CH8_N4096_q8_rep2,2,4,2,sm_89,R1_EVENT_OVERLAP,NCCL,C2_RING_SIMPLE_CH8,2048,4096,2048,8,6,2097152,26,0,5176.288,6528.736,7503.872,975.136,PASS,0
PHASEB_formal_r1_C2_RING_SIMPLE_CH8_N4096_q8_rep2,2,4,2,sm_89,R1_EVENT_OVERLAP,NCCL,C2_RING_SIMPLE_CH8,2048,4096,2048,8,7,2097152,26,0,6147.488,7507.296,8481.184,973.888,PASS,0
PHASEB_formal_r1_C2_RING_SIMPLE_CH8_N4096_q8_rep2,2,4,2,sm_89,R1_EVENT_OVERLAP,NCCL,C2_RING_SIMPLE_CH8,2048,4096,2048,8,0,2097152,27,0,187.328,193.760,1186.432,992.672,PASS,0
PHASEB_formal_r1_C2_RING_SIMPLE_CH8_N4096_q8_rep2,2,4,2,sm_89,R1_EVENT_OVERLAP,NCCL,C2_RING_SIMPLE_CH8,2048,4096,2048,8,1,2097152,27,0,301.856,1190.656,2185.408,994.752,PASS,0
PHASEB_formal_r1_C2_RING_SIMPLE_CH8_N4096_q8_rep2,2,4,2,sm_89,R1_EVENT_OVERLAP,NCCL,C2_RING_SIMPLE_CH8,2048,4096,2048,8,2,2097152,27,0,1217.248,2188.800,3179.872,991.072,PASS,0
PHASEB_formal_r1_C2_RING_SIMPLE_CH8_N4096_q8_rep2,2,4,2,sm_89,R1_EVENT_OVERLAP,NCCL,C2_RING_SIMPLE_CH8,2048,4096,2048,8,3,2097152,27,0,2178.816,3183.584,4174.272,990.688,PASS,0
PHASEB_formal_r1_C2_RING_SIMPLE_CH8_N4096_q8_rep2,2,4,2,sm_89,R1_EVENT_OVERLAP,NCCL,C2_RING_SIMPLE_CH8,2048,4096,2048,8,4,2097152,27,0,2296.832,4177.888,5170.496,992.608,PASS,0
PHASEB_formal_r1_C2_RING_SIMPLE_CH8_N4096_q8_rep2,2,4,2,sm_89,R1_EVENT_OVERLAP,NCCL,C2_RING_SIMPLE_CH8,2048,4096,2048,8,5,2097152,27,0,3206.240,5173.984,6149.664,975.680,PASS,0
PHASEB_formal_r1_C2_RING_SIMPLE_CH8_N4096_q8_rep2,2,4,2,sm_89,R1_EVENT_OVERLAP,NCCL,C2_RING_SIMPLE_CH8,2048,4096,2048,8,6,2097152,27,0,4184.160,6153.088,7127.456,974.368,PASS,0
PHASEB_formal_r1_C2_RING_SIMPLE_CH8_N4096_q8_rep2,2,4,2,sm_89,R1_EVENT_OVERLAP,NCCL,C2_RING_SIMPLE_CH8,2048,4096,2048,8,7,2097152,27,0,5180.288,7130.880,8106.048,975.168,PASS,0
PHASEB_formal_r1_C2_RING_SIMPLE_CH8_N4096_q8_rep2,2,4,2,sm_89,R1_EVENT_OVERLAP,NCCL,C2_RING_SIMPLE_CH8,2048,4096,2048,8,0,2097152,28,0,195.488,201.952,1196.160,994.208,PASS,0
PHASEB_formal_r1_C2_RING_SIMPLE_CH8_N4096_q8_rep2,2,4,2,sm_89,R1_EVENT_OVERLAP,NCCL,C2_RING_SIMPLE_CH8,2048,4096,2048,8,1,2097152,28,0,310.496,1200.064,2191.424,991.360,PASS,0
PHASEB_formal_r1_C2_RING_SIMPLE_CH8_N4096_q8_rep2,2,4,2,sm_89,R1_EVENT_OVERLAP,NCCL,C2_RING_SIMPLE_CH8,2048,4096,2048,8,2,2097152,28,0,1215.584,2195.008,3187.488,992.480,PASS,0
PHASEB_formal_r1_C2_RING_SIMPLE_CH8_N4096_q8_rep2,2,4,2,sm_89,R1_EVENT_OVERLAP,NCCL,C2_RING_SIMPLE_CH8,2048,4096,2048,8,3,2097152,28,0,2204.768,3191.040,4181.440,990.400,PASS,0
PHASEB_formal_r1_C2_RING_SIMPLE_CH8_N4096_q8_rep2,2,4,2,sm_89,R1_EVENT_OVERLAP,NCCL,C2_RING_SIMPLE_CH8,2048,4096,2048,8,4,2097152,28,0,3197.408,4184.800,5176.928,992.128,PASS,0
PHASEB_formal_r1_C2_RING_SIMPLE_CH8_N4096_q8_rep2,2,4,2,sm_89,R1_EVENT_OVERLAP,NCCL,C2_RING_SIMPLE_CH8,2048,4096,2048,8,5,2097152,28,0,4197.152,5180.288,6234.304,1054.016,PASS,0
PHASEB_formal_r1_C2_RING_SIMPLE_CH8_N4096_q8_rep2,2,4,2,sm_89,R1_EVENT_OVERLAP,NCCL,C2_RING_SIMPLE_CH8,2048,4096,2048,8,6,2097152,28,0,5166.848,6237.728,7213.120,975.392,PASS,0
PHASEB_formal_r1_C2_RING_SIMPLE_CH8_N4096_q8_rep2,2,4,2,sm_89,R1_EVENT_OVERLAP,NCCL,C2_RING_SIMPLE_CH8,2048,4096,2048,8,7,2097152,28,0,6166.912,7216.544,8191.008,974.464,PASS,0
PHASEB_formal_r1_C2_RING_SIMPLE_CH8_N4096_q8_rep2,2,4,2,sm_89,R1_EVENT_OVERLAP,NCCL,C2_RING_SIMPLE_CH8,2048,4096,2048,8,0,2097152,29,0,172.192,178.752,1169.440,990.688,PASS,0
PHASEB_formal_r1_C2_RING_SIMPLE_CH8_N4096_q8_rep2,2,4,2,sm_89,R1_EVENT_OVERLAP,NCCL,C2_RING_SIMPLE_CH8,2048,4096,2048,8,1,2097152,29,0,286.784,1173.312,2164.608,991.296,PASS,0
PHASEB_formal_r1_C2_RING_SIMPLE_CH8_N4096_q8_rep2,2,4,2,sm_89,R1_EVENT_OVERLAP,NCCL,C2_RING_SIMPLE_CH8,2048,4096,2048,8,2,2097152,29,0,1195.296,2168.256,3164.736,996.480,PASS,0
PHASEB_formal_r1_C2_RING_SIMPLE_CH8_N4096_q8_rep2,2,4,2,sm_89,R1_EVENT_OVERLAP,NCCL,C2_RING_SIMPLE_CH8,2048,4096,2048,8,3,2097152,29,0,2174.784,3168.064,4159.424,991.360,PASS,0
PHASEB_formal_r1_C2_RING_SIMPLE_CH8_N4096_q8_rep2,2,4,2,sm_89,R1_EVENT_OVERLAP,NCCL,C2_RING_SIMPLE_CH8,2048,4096,2048,8,4,2097152,29,0,3174.368,4162.848,5149.024,986.176,PASS,0
PHASEB_formal_r1_C2_RING_SIMPLE_CH8_N4096_q8_rep2,2,4,2,sm_89,R1_EVENT_OVERLAP,NCCL,C2_RING_SIMPLE_CH8,2048,4096,2048,8,5,2097152,29,0,4149.728,5152.960,6128.960,976.000,PASS,0
PHASEB_formal_r1_C2_RING_SIMPLE_CH8_N4096_q8_rep2,2,4,2,sm_89,R1_EVENT_OVERLAP,NCCL,C2_RING_SIMPLE_CH8,2048,4096,2048,8,6,2097152,29,0,4323.840,6132.416,7106.816,974.400,PASS,0
PHASEB_formal_r1_C2_RING_SIMPLE_CH8_N4096_q8_rep2,2,4,2,sm_89,R1_EVENT_OVERLAP,NCCL,C2_RING_SIMPLE_CH8,2048,4096,2048,8,7,2097152,29,0,5308.832,7110.272,8085.056,974.784,PASS,0
PHASEB_formal_r1_C2_RING_SIMPLE_CH8_N4096_q8_rep2,2,4,2,sm_89,R1_EVENT_OVERLAP,NCCL,C2_RING_SIMPLE_CH8,2048,4096,2048,8,0,2097152,30,0,194.464,201.248,1191.264,990.016,PASS,0
PHASEB_formal_r1_C2_RING_SIMPLE_CH8_N4096_q8_rep2,2,4,2,sm_89,R1_EVENT_OVERLAP,NCCL,C2_RING_SIMPLE_CH8,2048,4096,2048,8,1,2097152,30,0,310.368,1194.688,2186.496,991.808,PASS,0
PHASEB_formal_r1_C2_RING_SIMPLE_CH8_N4096_q8_rep2,2,4,2,sm_89,R1_EVENT_OVERLAP,NCCL,C2_RING_SIMPLE_CH8,2048,4096,2048,8,2,2097152,30,0,1217.248,2189.952,3179.200,989.248,PASS,0
PHASEB_formal_r1_C2_RING_SIMPLE_CH8_N4096_q8_rep2,2,4,2,sm_89,R1_EVENT_OVERLAP,NCCL,C2_RING_SIMPLE_CH8,2048,4096,2048,8,3,2097152,30,0,2196.256,3183.424,4173.024,989.600,PASS,0
PHASEB_formal_r1_C2_RING_SIMPLE_CH8_N4096_q8_rep2,2,4,2,sm_89,R1_EVENT_OVERLAP,NCCL,C2_RING_SIMPLE_CH8,2048,4096,2048,8,4,2097152,30,0,3237.664,4176.384,5169.888,993.504,PASS,0
PHASEB_formal_r1_C2_RING_SIMPLE_CH8_N4096_q8_rep2,2,4,2,sm_89,R1_EVENT_OVERLAP,NCCL,C2_RING_SIMPLE_CH8,2048,4096,2048,8,5,2097152,30,0,4184.896,5173.312,6207.488,1034.176,PASS,0
PHASEB_formal_r1_C2_RING_SIMPLE_CH8_N4096_q8_rep2,2,4,2,sm_89,R1_EVENT_OVERLAP,NCCL,C2_RING_SIMPLE_CH8,2048,4096,2048,8,6,2097152,30,0,5163.008,6210.912,7186.208,975.296,PASS,0
PHASEB_formal_r1_C2_RING_SIMPLE_CH8_N4096_q8_rep2,2,4,2,sm_89,R1_EVENT_OVERLAP,NCCL,C2_RING_SIMPLE_CH8,2048,4096,2048,8,7,2097152,30,0,5406.208,7189.632,8163.296,973.664,PASS,0
PHASEB_formal_r1_C2_RING_SIMPLE_CH8_N4096_q8_rep2,2,4,2,sm_89,R1_EVENT_OVERLAP,NCCL,C2_RING_SIMPLE_CH8,2048,4096,2048,8,0,2097152,31,0,185.568,192.064,1182.752,990.688,PASS,0
PHASEB_formal_r1_C2_RING_SIMPLE_CH8_N4096_q8_rep2,2,4,2,sm_89,R1_EVENT_OVERLAP,NCCL,C2_RING_SIMPLE_CH8,2048,4096,2048,8,1,2097152,31,0,300.832,1186.464,2186.816,1000.352,PASS,0
PHASEB_formal_r1_C2_RING_SIMPLE_CH8_N4096_q8_rep2,2,4,2,sm_89,R1_EVENT_OVERLAP,NCCL,C2_RING_SIMPLE_CH8,2048,4096,2048,8,2,2097152,31,0,1209.888,2190.208,3267.808,1077.600,PASS,0
PHASEB_formal_r1_C2_RING_SIMPLE_CH8_N4096_q8_rep2,2,4,2,sm_89,R1_EVENT_OVERLAP,NCCL,C2_RING_SIMPLE_CH8,2048,4096,2048,8,3,2097152,31,0,2179.648,3271.520,4264.832,993.312,PASS,0
PHASEB_formal_r1_C2_RING_SIMPLE_CH8_N4096_q8_rep2,2,4,2,sm_89,R1_EVENT_OVERLAP,NCCL,C2_RING_SIMPLE_CH8,2048,4096,2048,8,4,2097152,31,0,3175.808,4268.160,5281.568,1013.408,PASS,0
PHASEB_formal_r1_C2_RING_SIMPLE_CH8_N4096_q8_rep2,2,4,2,sm_89,R1_EVENT_OVERLAP,NCCL,C2_RING_SIMPLE_CH8,2048,4096,2048,8,5,2097152,31,0,3301.408,5284.992,6264.544,979.552,PASS,0
PHASEB_formal_r1_C2_RING_SIMPLE_CH8_N4096_q8_rep2,2,4,2,sm_89,R1_EVENT_OVERLAP,NCCL,C2_RING_SIMPLE_CH8,2048,4096,2048,8,6,2097152,31,0,4275.264,6267.968,7246.304,978.336,PASS,0
PHASEB_formal_r1_C2_RING_SIMPLE_CH8_N4096_q8_rep2,2,4,2,sm_89,R1_EVENT_OVERLAP,NCCL,C2_RING_SIMPLE_CH8,2048,4096,2048,8,7,2097152,31,0,5314.016,7249.728,8227.647,977.920,PASS,0
PHASEB_formal_r1_C2_RING_SIMPLE_CH8_N4096_q8_rep2,2,4,2,sm_89,R1_EVENT_OVERLAP,NCCL,C2_RING_SIMPLE_CH8,2048,4096,2048,8,0,2097152,32,0,176.320,182.976,1177.568,994.592,PASS,0
PHASEB_formal_r1_C2_RING_SIMPLE_CH8_N4096_q8_rep2,2,4,2,sm_89,R1_EVENT_OVERLAP,NCCL,C2_RING_SIMPLE_CH8,2048,4096,2048,8,1,2097152,32,0,291.552,1180.960,2176.704,995.744,PASS,0
PHASEB_formal_r1_C2_RING_SIMPLE_CH8_N4096_q8_rep2,2,4,2,sm_89,R1_EVENT_OVERLAP,NCCL,C2_RING_SIMPLE_CH8,2048,4096,2048,8,2,2097152,32,0,1200.736,2180.640,3184.800,1004.160,PASS,0
PHASEB_formal_r1_C2_RING_SIMPLE_CH8_N4096_q8_rep2,2,4,2,sm_89,R1_EVENT_OVERLAP,NCCL,C2_RING_SIMPLE_CH8,2048,4096,2048,8,3,2097152,32,0,2192.000,3188.224,4256.704,1068.480,PASS,0
PHASEB_formal_r1_C2_RING_SIMPLE_CH8_N4096_q8_rep2,2,4,2,sm_89,R1_EVENT_OVERLAP,NCCL,C2_RING_SIMPLE_CH8,2048,4096,2048,8,4,2097152,32,0,3178.272,4260.096,5326.400,1066.304,PASS,0
PHASEB_formal_r1_C2_RING_SIMPLE_CH8_N4096_q8_rep2,2,4,2,sm_89,R1_EVENT_OVERLAP,NCCL,C2_RING_SIMPLE_CH8,2048,4096,2048,8,5,2097152,32,0,4168.320,5329.760,6386.592,1056.832,PASS,0
PHASEB_formal_r1_C2_RING_SIMPLE_CH8_N4096_q8_rep2,2,4,2,sm_89,R1_EVENT_OVERLAP,NCCL,C2_RING_SIMPLE_CH8,2048,4096,2048,8,6,2097152,32,0,5158.336,6390.016,7368.800,978.784,PASS,0
PHASEB_formal_r1_C2_RING_SIMPLE_CH8_N4096_q8_rep2,2,4,2,sm_89,R1_EVENT_OVERLAP,NCCL,C2_RING_SIMPLE_CH8,2048,4096,2048,8,7,2097152,32,0,6149.568,7372.224,8349.505,977.280,PASS,0
PHASEB_formal_r1_C2_RING_SIMPLE_CH8_N4096_q8_rep2,2,4,2,sm_89,R1_EVENT_OVERLAP,NCCL,C2_RING_SIMPLE_CH8,2048,4096,2048,8,0,2097152,33,0,175.744,182.272,1175.552,993.280,PASS,0
PHASEB_formal_r1_C2_RING_SIMPLE_CH8_N4096_q8_rep2,2,4,2,sm_89,R1_EVENT_OVERLAP,NCCL,C2_RING_SIMPLE_CH8,2048,4096,2048,8,1,2097152,33,0,292.896,1179.776,2176.928,997.152,PASS,0
PHASEB_formal_r1_C2_RING_SIMPLE_CH8_N4096_q8_rep2,2,4,2,sm_89,R1_EVENT_OVERLAP,NCCL,C2_RING_SIMPLE_CH8,2048,4096,2048,8,2,2097152,33,0,1188.768,2180.416,3178.400,997.984,PASS,0
PHASEB_formal_r1_C2_RING_SIMPLE_CH8_N4096_q8_rep2,2,4,2,sm_89,R1_EVENT_OVERLAP,NCCL,C2_RING_SIMPLE_CH8,2048,4096,2048,8,3,2097152,33,0,2186.944,3181.856,4176.864,995.008,PASS,0
PHASEB_formal_r1_C2_RING_SIMPLE_CH8_N4096_q8_rep2,2,4,2,sm_89,R1_EVENT_OVERLAP,NCCL,C2_RING_SIMPLE_CH8,2048,4096,2048,8,4,2097152,33,0,3188.160,4180.288,5249.504,1069.216,PASS,0
PHASEB_formal_r1_C2_RING_SIMPLE_CH8_N4096_q8_rep2,2,4,2,sm_89,R1_EVENT_OVERLAP,NCCL,C2_RING_SIMPLE_CH8,2048,4096,2048,8,5,2097152,33,0,4166.208,5253.088,6310.720,1057.632,PASS,0
PHASEB_formal_r1_C2_RING_SIMPLE_CH8_N4096_q8_rep2,2,4,2,sm_89,R1_EVENT_OVERLAP,NCCL,C2_RING_SIMPLE_CH8,2048,4096,2048,8,6,2097152,33,0,5165.568,6314.144,7292.064,977.920,PASS,0
PHASEB_formal_r1_C2_RING_SIMPLE_CH8_N4096_q8_rep2,2,4,2,sm_89,R1_EVENT_OVERLAP,NCCL,C2_RING_SIMPLE_CH8,2048,4096,2048,8,7,2097152,33,0,6159.264,7295.552,8273.984,978.432,PASS,0
PHASEB_formal_r1_C2_RING_SIMPLE_CH8_N4096_q8_rep2,2,4,2,sm_89,R1_EVENT_OVERLAP,NCCL,C2_RING_SIMPLE_CH8,2048,4096,2048,8,0,2097152,34,0,188.288,194.976,1193.280,998.304,PASS,0
PHASEB_formal_r1_C2_RING_SIMPLE_CH8_N4096_q8_rep2,2,4,2,sm_89,R1_EVENT_OVERLAP,NCCL,C2_RING_SIMPLE_CH8,2048,4096,2048,8,1,2097152,34,0,303.840,1196.704,2194.752,998.048,PASS,0
PHASEB_formal_r1_C2_RING_SIMPLE_CH8_N4096_q8_rep2,2,4,2,sm_89,R1_EVENT_OVERLAP,NCCL,C2_RING_SIMPLE_CH8,2048,4096,2048,8,2,2097152,34,0,1202.976,2198.144,3268.672,1070.528,PASS,0
PHASEB_formal_r1_C2_RING_SIMPLE_CH8_N4096_q8_rep2,2,4,2,sm_89,R1_EVENT_OVERLAP,NCCL,C2_RING_SIMPLE_CH8,2048,4096,2048,8,3,2097152,34,0,2185.568,3272.128,4339.072,1066.944,PASS,0
PHASEB_formal_r1_C2_RING_SIMPLE_CH8_N4096_q8_rep2,2,4,2,sm_89,R1_EVENT_OVERLAP,NCCL,C2_RING_SIMPLE_CH8,2048,4096,2048,8,4,2097152,34,0,3198.944,4342.464,5407.168,1064.704,PASS,0
PHASEB_formal_r1_C2_RING_SIMPLE_CH8_N4096_q8_rep2,2,4,2,sm_89,R1_EVENT_OVERLAP,NCCL,C2_RING_SIMPLE_CH8,2048,4096,2048,8,5,2097152,34,0,4228.480,5410.624,6465.504,1054.880,PASS,0
PHASEB_formal_r1_C2_RING_SIMPLE_CH8_N4096_q8_rep2,2,4,2,sm_89,R1_EVENT_OVERLAP,NCCL,C2_RING_SIMPLE_CH8,2048,4096,2048,8,6,2097152,34,0,5207.360,6468.928,7447.840,978.912,PASS,0
PHASEB_formal_r1_C2_RING_SIMPLE_CH8_N4096_q8_rep2,2,4,2,sm_89,R1_EVENT_OVERLAP,NCCL,C2_RING_SIMPLE_CH8,2048,4096,2048,8,7,2097152,34,0,6189.184,7451.264,8429.217,977.952,PASS,0
PHASEB_formal_r1_C2_RING_SIMPLE_CH8_N4096_q8_rep2,2,4,2,sm_89,R1_EVENT_OVERLAP,NCCL,C2_RING_SIMPLE_CH8,2048,4096,2048,8,0,2097152,35,0,177.792,184.192,1178.752,994.560,PASS,0
PHASEB_formal_r1_C2_RING_SIMPLE_CH8_N4096_q8_rep2,2,4,2,sm_89,R1_EVENT_OVERLAP,NCCL,C2_RING_SIMPLE_CH8,2048,4096,2048,8,1,2097152,35,0,293.248,1182.368,2180.544,998.176,PASS,0
PHASEB_formal_r1_C2_RING_SIMPLE_CH8_N4096_q8_rep2,2,4,2,sm_89,R1_EVENT_OVERLAP,NCCL,C2_RING_SIMPLE_CH8,2048,4096,2048,8,2,2097152,35,0,1202.528,2184.128,3258.944,1074.816,PASS,0
PHASEB_formal_r1_C2_RING_SIMPLE_CH8_N4096_q8_rep2,2,4,2,sm_89,R1_EVENT_OVERLAP,NCCL,C2_RING_SIMPLE_CH8,2048,4096,2048,8,3,2097152,35,0,2174.080,3262.720,4330.400,1067.680,PASS,0
PHASEB_formal_r1_C2_RING_SIMPLE_CH8_N4096_q8_rep2,2,4,2,sm_89,R1_EVENT_OVERLAP,NCCL,C2_RING_SIMPLE_CH8,2048,4096,2048,8,4,2097152,35,0,3173.536,4333.792,5397.632,1063.840,PASS,0
PHASEB_formal_r1_C2_RING_SIMPLE_CH8_N4096_q8_rep2,2,4,2,sm_89,R1_EVENT_OVERLAP,NCCL,C2_RING_SIMPLE_CH8,2048,4096,2048,8,5,2097152,35,0,4167.200,5401.120,6456.896,1055.776,PASS,0
PHASEB_formal_r1_C2_RING_SIMPLE_CH8_N4096_q8_rep2,2,4,2,sm_89,R1_EVENT_OVERLAP,NCCL,C2_RING_SIMPLE_CH8,2048,4096,2048,8,6,2097152,35,0,5166.976,6460.320,7438.080,977.760,PASS,0
PHASEB_formal_r1_C2_RING_SIMPLE_CH8_N4096_q8_rep2,2,4,2,sm_89,R1_EVENT_OVERLAP,NCCL,C2_RING_SIMPLE_CH8,2048,4096,2048,8,7,2097152,35,0,6163.104,7441.536,8419.776,978.240,PASS,0
PHASEB_formal_r1_C2_RING_SIMPLE_CH8_N4096_q8_rep2,2,4,2,sm_89,R1_EVENT_OVERLAP,NCCL,C2_RING_SIMPLE_CH8,2048,4096,2048,8,0,2097152,36,0,185.920,192.608,1189.120,996.512,PASS,0
PHASEB_formal_r1_C2_RING_SIMPLE_CH8_N4096_q8_rep2,2,4,2,sm_89,R1_EVENT_OVERLAP,NCCL,C2_RING_SIMPLE_CH8,2048,4096,2048,8,1,2097152,36,0,301.696,1193.024,2191.456,998.432,PASS,0
PHASEB_formal_r1_C2_RING_SIMPLE_CH8_N4096_q8_rep2,2,4,2,sm_89,R1_EVENT_OVERLAP,NCCL,C2_RING_SIMPLE_CH8,2048,4096,2048,8,2,2097152,36,0,1199.392,2194.816,3188.960,994.144,PASS,0
PHASEB_formal_r1_C2_RING_SIMPLE_CH8_N4096_q8_rep2,2,4,2,sm_89,R1_EVENT_OVERLAP,NCCL,C2_RING_SIMPLE_CH8,2048,4096,2048,8,3,2097152,36,0,2201.152,3192.416,4186.976,994.560,PASS,0
PHASEB_formal_r1_C2_RING_SIMPLE_CH8_N4096_q8_rep2,2,4,2,sm_89,R1_EVENT_OVERLAP,NCCL,C2_RING_SIMPLE_CH8,2048,4096,2048,8,4,2097152,36,0,3207.744,4191.488,5187.936,996.448,PASS,0
PHASEB_formal_r1_C2_RING_SIMPLE_CH8_N4096_q8_rep2,2,4,2,sm_89,R1_EVENT_OVERLAP,NCCL,C2_RING_SIMPLE_CH8,2048,4096,2048,8,5,2097152,36,0,4197.664,5191.296,6187.680,996.384,PASS,0
PHASEB_formal_r1_C2_RING_SIMPLE_CH8_N4096_q8_rep2,2,4,2,sm_89,R1_EVENT_OVERLAP,NCCL,C2_RING_SIMPLE_CH8,2048,4096,2048,8,6,2097152,36,0,5201.856,6191.040,7170.304,979.264,PASS,0
PHASEB_formal_r1_C2_RING_SIMPLE_CH8_N4096_q8_rep2,2,4,2,sm_89,R1_EVENT_OVERLAP,NCCL,C2_RING_SIMPLE_CH8,2048,4096,2048,8,7,2097152,36,0,6197.376,7173.760,8151.104,977.344,PASS,0
PHASEB_formal_r1_C2_RING_SIMPLE_CH8_N4096_q8_rep2,2,4,2,sm_89,R1_EVENT_OVERLAP,NCCL,C2_RING_SIMPLE_CH8,2048,4096,2048,8,0,2097152,37,0,184.608,190.848,1186.528,995.680,PASS,0
PHASEB_formal_r1_C2_RING_SIMPLE_CH8_N4096_q8_rep2,2,4,2,sm_89,R1_EVENT_OVERLAP,NCCL,C2_RING_SIMPLE_CH8,2048,4096,2048,8,1,2097152,37,0,300.448,1190.176,2189.824,999.648,PASS,0
PHASEB_formal_r1_C2_RING_SIMPLE_CH8_N4096_q8_rep2,2,4,2,sm_89,R1_EVENT_OVERLAP,NCCL,C2_RING_SIMPLE_CH8,2048,4096,2048,8,2,2097152,37,0,1209.312,2193.248,3268.864,1075.616,PASS,0
PHASEB_formal_r1_C2_RING_SIMPLE_CH8_N4096_q8_rep2,2,4,2,sm_89,R1_EVENT_OVERLAP,NCCL,C2_RING_SIMPLE_CH8,2048,4096,2048,8,3,2097152,37,0,2182.752,3272.256,4354.144,1081.888,PASS,0
PHASEB_formal_r1_C2_RING_SIMPLE_CH8_N4096_q8_rep2,2,4,2,sm_89,R1_EVENT_OVERLAP,NCCL,C2_RING_SIMPLE_CH8,2048,4096,2048,8,4,2097152,37,0,3186.688,4357.568,5351.072,993.504,PASS,0
PHASEB_formal_r1_C2_RING_SIMPLE_CH8_N4096_q8_rep2,2,4,2,sm_89,R1_EVENT_OVERLAP,NCCL,C2_RING_SIMPLE_CH8,2048,4096,2048,8,5,2097152,37,0,4158.656,5354.528,6333.280,978.752,PASS,0
PHASEB_formal_r1_C2_RING_SIMPLE_CH8_N4096_q8_rep2,2,4,2,sm_89,R1_EVENT_OVERLAP,NCCL,C2_RING_SIMPLE_CH8,2048,4096,2048,8,6,2097152,37,0,4364.320,6336.736,7315.168,978.432,PASS,0
PHASEB_formal_r1_C2_RING_SIMPLE_CH8_N4096_q8_rep2,2,4,2,sm_89,R1_EVENT_OVERLAP,NCCL,C2_RING_SIMPLE_CH8,2048,4096,2048,8,7,2097152,37,0,5341.984,7318.592,8297.057,978.464,PASS,0
PHASEB_formal_r1_C2_RING_SIMPLE_CH8_N4096_q8_rep2,2,4,2,sm_89,R1_EVENT_OVERLAP,NCCL,C2_RING_SIMPLE_CH8,2048,4096,2048,8,0,2097152,38,0,190.304,196.960,1190.432,993.472,PASS,0
PHASEB_formal_r1_C2_RING_SIMPLE_CH8_N4096_q8_rep2,2,4,2,sm_89,R1_EVENT_OVERLAP,NCCL,C2_RING_SIMPLE_CH8,2048,4096,2048,8,1,2097152,38,0,306.304,1193.888,2185.632,991.744,PASS,0
PHASEB_formal_r1_C2_RING_SIMPLE_CH8_N4096_q8_rep2,2,4,2,sm_89,R1_EVENT_OVERLAP,NCCL,C2_RING_SIMPLE_CH8,2048,4096,2048,8,2,2097152,38,0,1211.424,2189.056,3185.696,996.640,PASS,0
PHASEB_formal_r1_C2_RING_SIMPLE_CH8_N4096_q8_rep2,2,4,2,sm_89,R1_EVENT_OVERLAP,NCCL,C2_RING_SIMPLE_CH8,2048,4096,2048,8,3,2097152,38,0,2197.408,3189.120,4201.760,1012.640,PASS,0
PHASEB_formal_r1_C2_RING_SIMPLE_CH8_N4096_q8_rep2,2,4,2,sm_89,R1_EVENT_OVERLAP,NCCL,C2_RING_SIMPLE_CH8,2048,4096,2048,8,4,2097152,38,0,3176.224,4205.312,5222.912,1017.600,PASS,0
PHASEB_formal_r1_C2_RING_SIMPLE_CH8_N4096_q8_rep2,2,4,2,sm_89,R1_EVENT_OVERLAP,NCCL,C2_RING_SIMPLE_CH8,2048,4096,2048,8,5,2097152,38,0,3327.968,5230.176,6207.840,977.664,PASS,0
PHASEB_formal_r1_C2_RING_SIMPLE_CH8_N4096_q8_rep2,2,4,2,sm_89,R1_EVENT_OVERLAP,NCCL,C2_RING_SIMPLE_CH8,2048,4096,2048,8,6,2097152,38,0,4293.984,6211.264,7190.048,978.784,PASS,0
PHASEB_formal_r1_C2_RING_SIMPLE_CH8_N4096_q8_rep2,2,4,2,sm_89,R1_EVENT_OVERLAP,NCCL,C2_RING_SIMPLE_CH8,2048,4096,2048,8,7,2097152,38,0,5291.072,7193.504,8170.560,977.056,PASS,0
PHASEB_formal_r1_C2_RING_SIMPLE_CH8_N4096_q8_rep2,2,4,2,sm_89,R1_EVENT_OVERLAP,NCCL,C2_RING_SIMPLE_CH8,2048,4096,2048,8,0,2097152,39,0,187.328,193.728,1190.304,996.576,PASS,0
PHASEB_formal_r1_C2_RING_SIMPLE_CH8_N4096_q8_rep2,2,4,2,sm_89,R1_EVENT_OVERLAP,NCCL,C2_RING_SIMPLE_CH8,2048,4096,2048,8,1,2097152,39,0,302.176,1193.760,2190.368,996.608,PASS,0
PHASEB_formal_r1_C2_RING_SIMPLE_CH8_N4096_q8_rep2,2,4,2,sm_89,R1_EVENT_OVERLAP,NCCL,C2_RING_SIMPLE_CH8,2048,4096,2048,8,2,2097152,39,0,1217.280,2193.760,3191.168,997.408,PASS,0
PHASEB_formal_r1_C2_RING_SIMPLE_CH8_N4096_q8_rep2,2,4,2,sm_89,R1_EVENT_OVERLAP,NCCL,C2_RING_SIMPLE_CH8,2048,4096,2048,8,3,2097152,39,0,2200.320,3194.688,4192.896,998.208,PASS,0
PHASEB_formal_r1_C2_RING_SIMPLE_CH8_N4096_q8_rep2,2,4,2,sm_89,R1_EVENT_OVERLAP,NCCL,C2_RING_SIMPLE_CH8,2048,4096,2048,8,4,2097152,39,0,3201.120,4197.184,5262.848,1065.664,PASS,0
PHASEB_formal_r1_C2_RING_SIMPLE_CH8_N4096_q8_rep2,2,4,2,sm_89,R1_EVENT_OVERLAP,NCCL,C2_RING_SIMPLE_CH8,2048,4096,2048,8,5,2097152,39,0,4186.208,5266.432,6325.184,1058.752,PASS,0
PHASEB_formal_r1_C2_RING_SIMPLE_CH8_N4096_q8_rep2,2,4,2,sm_89,R1_EVENT_OVERLAP,NCCL,C2_RING_SIMPLE_CH8,2048,4096,2048,8,6,2097152,39,0,5164.992,6328.608,7306.336,977.728,PASS,0
PHASEB_formal_r1_C2_RING_SIMPLE_CH8_N4096_q8_rep2,2,4,2,sm_89,R1_EVENT_OVERLAP,NCCL,C2_RING_SIMPLE_CH8,2048,4096,2048,8,7,2097152,39,0,6163.232,7309.760,8287.776,978.016,PASS,0
PHASEB_formal_r1_C2_RING_SIMPLE_CH8_N4096_q8_rep2,2,4,2,sm_89,R1_EVENT_OVERLAP,NCCL,C2_RING_SIMPLE_CH8,2048,4096,2048,8,0,2097152,40,0,172.032,178.592,1176.768,998.176,PASS,0
PHASEB_formal_r1_C2_RING_SIMPLE_CH8_N4096_q8_rep2,2,4,2,sm_89,R1_EVENT_OVERLAP,NCCL,C2_RING_SIMPLE_CH8,2048,4096,2048,8,1,2097152,40,0,287.232,1180.160,2174.272,994.112,PASS,0
PHASEB_formal_r1_C2_RING_SIMPLE_CH8_N4096_q8_rep2,2,4,2,sm_89,R1_EVENT_OVERLAP,NCCL,C2_RING_SIMPLE_CH8,2048,4096,2048,8,2,2097152,40,0,1191.072,2178.016,3176.416,998.400,PASS,0
PHASEB_formal_r1_C2_RING_SIMPLE_CH8_N4096_q8_rep2,2,4,2,sm_89,R1_EVENT_OVERLAP,NCCL,C2_RING_SIMPLE_CH8,2048,4096,2048,8,3,2097152,40,0,2185.600,3180.064,4248.352,1068.288,PASS,0
PHASEB_formal_r1_C2_RING_SIMPLE_CH8_N4096_q8_rep2,2,4,2,sm_89,R1_EVENT_OVERLAP,NCCL,C2_RING_SIMPLE_CH8,2048,4096,2048,8,4,2097152,40,0,3169.376,4251.744,5319.584,1067.840,PASS,0
PHASEB_formal_r1_C2_RING_SIMPLE_CH8_N4096_q8_rep2,2,4,2,sm_89,R1_EVENT_OVERLAP,NCCL,C2_RING_SIMPLE_CH8,2048,4096,2048,8,5,2097152,40,0,4159.488,5322.976,6380.384,1057.408,PASS,0
PHASEB_formal_r1_C2_RING_SIMPLE_CH8_N4096_q8_rep2,2,4,2,sm_89,R1_EVENT_OVERLAP,NCCL,C2_RING_SIMPLE_CH8,2048,4096,2048,8,6,2097152,40,0,5149.280,6383.808,7362.656,978.848,PASS,0
PHASEB_formal_r1_C2_RING_SIMPLE_CH8_N4096_q8_rep2,2,4,2,sm_89,R1_EVENT_OVERLAP,NCCL,C2_RING_SIMPLE_CH8,2048,4096,2048,8,7,2097152,40,0,6155.456,7366.112,8343.360,977.248,PASS,0
PHASEB_formal_r1_C2_RING_SIMPLE_CH8_N4096_q8_rep2,2,4,2,sm_89,R1_EVENT_OVERLAP,NCCL,C2_RING_SIMPLE_CH8,2048,4096,2048,8,0,2097152,41,0,176.768,183.232,1179.040,995.808,PASS,0
PHASEB_formal_r1_C2_RING_SIMPLE_CH8_N4096_q8_rep2,2,4,2,sm_89,R1_EVENT_OVERLAP,NCCL,C2_RING_SIMPLE_CH8,2048,4096,2048,8,1,2097152,41,0,292.480,1182.368,2175.456,993.088,PASS,0
PHASEB_formal_r1_C2_RING_SIMPLE_CH8_N4096_q8_rep2,2,4,2,sm_89,R1_EVENT_OVERLAP,NCCL,C2_RING_SIMPLE_CH8,2048,4096,2048,8,2,2097152,41,0,1188.864,2179.168,3192.608,1013.440,PASS,0
PHASEB_formal_r1_C2_RING_SIMPLE_CH8_N4096_q8_rep2,2,4,2,sm_89,R1_EVENT_OVERLAP,NCCL,C2_RING_SIMPLE_CH8,2048,4096,2048,8,3,2097152,41,0,2186.048,3196.000,4192.096,996.096,PASS,0
PHASEB_formal_r1_C2_RING_SIMPLE_CH8_N4096_q8_rep2,2,4,2,sm_89,R1_EVENT_OVERLAP,NCCL,C2_RING_SIMPLE_CH8,2048,4096,2048,8,4,2097152,41,0,3204.320,4195.488,5261.856,1066.368,PASS,0
PHASEB_formal_r1_C2_RING_SIMPLE_CH8_N4096_q8_rep2,2,4,2,sm_89,R1_EVENT_OVERLAP,NCCL,C2_RING_SIMPLE_CH8,2048,4096,2048,8,5,2097152,41,0,4183.168,5265.248,6324.288,1059.040,PASS,0
PHASEB_formal_r1_C2_RING_SIMPLE_CH8_N4096_q8_rep2,2,4,2,sm_89,R1_EVENT_OVERLAP,NCCL,C2_RING_SIMPLE_CH8,2048,4096,2048,8,6,2097152,41,0,5166.016,6327.712,7305.056,977.344,PASS,0
PHASEB_formal_r1_C2_RING_SIMPLE_CH8_N4096_q8_rep2,2,4,2,sm_89,R1_EVENT_OVERLAP,NCCL,C2_RING_SIMPLE_CH8,2048,4096,2048,8,7,2097152,41,0,6158.176,7308.480,8287.008,978.528,PASS,0
PHASEB_formal_r1_C2_RING_SIMPLE_CH8_N4096_q8_rep2,2,4,2,sm_89,R1_EVENT_OVERLAP,NCCL,C2_RING_SIMPLE_CH8,2048,4096,2048,8,0,2097152,42,0,186.464,193.472,1198.880,1005.408,PASS,0
PHASEB_formal_r1_C2_RING_SIMPLE_CH8_N4096_q8_rep2,2,4,2,sm_89,R1_EVENT_OVERLAP,NCCL,C2_RING_SIMPLE_CH8,2048,4096,2048,8,1,2097152,42,0,301.664,1202.336,2269.280,1066.944,PASS,0
PHASEB_formal_r1_C2_RING_SIMPLE_CH8_N4096_q8_rep2,2,4,2,sm_89,R1_EVENT_OVERLAP,NCCL,C2_RING_SIMPLE_CH8,2048,4096,2048,8,2,2097152,42,0,1191.136,2272.672,3338.080,1065.408,PASS,0
PHASEB_formal_r1_C2_RING_SIMPLE_CH8_N4096_q8_rep2,2,4,2,sm_89,R1_EVENT_OVERLAP,NCCL,C2_RING_SIMPLE_CH8,2048,4096,2048,8,3,2097152,42,0,2175.872,3341.792,4407.616,1065.824,PASS,0
PHASEB_formal_r1_C2_RING_SIMPLE_CH8_N4096_q8_rep2,2,4,2,sm_89,R1_EVENT_OVERLAP,NCCL,C2_RING_SIMPLE_CH8,2048,4096,2048,8,4,2097152,42,0,3169.024,4411.008,5476.896,1065.888,PASS,0
PHASEB_formal_r1_C2_RING_SIMPLE_CH8_N4096_q8_rep2,2,4,2,sm_89,R1_EVENT_OVERLAP,NCCL,C2_RING_SIMPLE_CH8,2048,4096,2048,8,5,2097152,42,0,4172.672,5480.256,6535.104,1054.848,PASS,0
PHASEB_formal_r1_C2_RING_SIMPLE_CH8_N4096_q8_rep2,2,4,2,sm_89,R1_EVENT_OVERLAP,NCCL,C2_RING_SIMPLE_CH8,2048,4096,2048,8,6,2097152,42,0,5153.568,6538.560,7517.184,978.624,PASS,0
PHASEB_formal_r1_C2_RING_SIMPLE_CH8_N4096_q8_rep2,2,4,2,sm_89,R1_EVENT_OVERLAP,NCCL,C2_RING_SIMPLE_CH8,2048,4096,2048,8,7,2097152,42,0,6153.696,7520.608,8497.536,976.928,PASS,0
PHASEB_formal_r1_C2_RING_SIMPLE_CH8_N4096_q8_rep2,2,4,2,sm_89,R1_EVENT_OVERLAP,NCCL,C2_RING_SIMPLE_CH8,2048,4096,2048,8,0,2097152,43,0,179.936,186.144,1177.696,991.552,PASS,0
PHASEB_formal_r1_C2_RING_SIMPLE_CH8_N4096_q8_rep2,2,4,2,sm_89,R1_EVENT_OVERLAP,NCCL,C2_RING_SIMPLE_CH8,2048,4096,2048,8,1,2097152,43,0,295.776,1181.504,2181.248,999.744,PASS,0
PHASEB_formal_r1_C2_RING_SIMPLE_CH8_N4096_q8_rep2,2,4,2,sm_89,R1_EVENT_OVERLAP,NCCL,C2_RING_SIMPLE_CH8,2048,4096,2048,8,2,2097152,43,0,1205.408,2184.768,3180.992,996.224,PASS,0
PHASEB_formal_r1_C2_RING_SIMPLE_CH8_N4096_q8_rep2,2,4,2,sm_89,R1_EVENT_OVERLAP,NCCL,C2_RING_SIMPLE_CH8,2048,4096,2048,8,3,2097152,43,0,2171.872,3184.320,4180.672,996.352,PASS,0
PHASEB_formal_r1_C2_RING_SIMPLE_CH8_N4096_q8_rep2,2,4,2,sm_89,R1_EVENT_OVERLAP,NCCL,C2_RING_SIMPLE_CH8,2048,4096,2048,8,4,2097152,43,0,2290.464,4184.064,5176.928,992.864,PASS,0
PHASEB_formal_r1_C2_RING_SIMPLE_CH8_N4096_q8_rep2,2,4,2,sm_89,R1_EVENT_OVERLAP,NCCL,C2_RING_SIMPLE_CH8,2048,4096,2048,8,5,2097152,43,0,3191.040,5180.320,6158.784,978.464,PASS,0
PHASEB_formal_r1_C2_RING_SIMPLE_CH8_N4096_q8_rep2,2,4,2,sm_89,R1_EVENT_OVERLAP,NCCL,C2_RING_SIMPLE_CH8,2048,4096,2048,8,6,2097152,43,0,4190.400,6162.240,7139.552,977.312,PASS,0
PHASEB_formal_r1_C2_RING_SIMPLE_CH8_N4096_q8_rep2,2,4,2,sm_89,R1_EVENT_OVERLAP,NCCL,C2_RING_SIMPLE_CH8,2048,4096,2048,8,7,2097152,43,0,5186.560,7143.008,8121.216,978.208,PASS,0
PHASEB_formal_r1_C2_RING_SIMPLE_CH8_N4096_q8_rep2,2,4,2,sm_89,R1_EVENT_OVERLAP,NCCL,C2_RING_SIMPLE_CH8,2048,4096,2048,8,0,2097152,44,0,187.296,193.696,1189.056,995.360,PASS,0
PHASEB_formal_r1_C2_RING_SIMPLE_CH8_N4096_q8_rep2,2,4,2,sm_89,R1_EVENT_OVERLAP,NCCL,C2_RING_SIMPLE_CH8,2048,4096,2048,8,1,2097152,44,0,300.416,1192.512,2184.608,992.096,PASS,0
PHASEB_formal_r1_C2_RING_SIMPLE_CH8_N4096_q8_rep2,2,4,2,sm_89,R1_EVENT_OVERLAP,NCCL,C2_RING_SIMPLE_CH8,2048,4096,2048,8,2,2097152,44,0,1201.824,2188.768,3185.056,996.288,PASS,0
PHASEB_formal_r1_C2_RING_SIMPLE_CH8_N4096_q8_rep2,2,4,2,sm_89,R1_EVENT_OVERLAP,NCCL,C2_RING_SIMPLE_CH8,2048,4096,2048,8,3,2097152,44,0,2198.176,3188.512,4182.112,993.600,PASS,0
PHASEB_formal_r1_C2_RING_SIMPLE_CH8_N4096_q8_rep2,2,4,2,sm_89,R1_EVENT_OVERLAP,NCCL,C2_RING_SIMPLE_CH8,2048,4096,2048,8,4,2097152,44,0,3178.432,4185.792,5183.168,997.376,PASS,0
PHASEB_formal_r1_C2_RING_SIMPLE_CH8_N4096_q8_rep2,2,4,2,sm_89,R1_EVENT_OVERLAP,NCCL,C2_RING_SIMPLE_CH8,2048,4096,2048,8,5,2097152,44,0,3305.600,5186.592,6164.800,978.208,PASS,0
PHASEB_formal_r1_C2_RING_SIMPLE_CH8_N4096_q8_rep2,2,4,2,sm_89,R1_EVENT_OVERLAP,NCCL,C2_RING_SIMPLE_CH8,2048,4096,2048,8,6,2097152,44,0,4275.072,6168.256,7147.200,978.944,PASS,0
PHASEB_formal_r1_C2_RING_SIMPLE_CH8_N4096_q8_rep2,2,4,2,sm_89,R1_EVENT_OVERLAP,NCCL,C2_RING_SIMPLE_CH8,2048,4096,2048,8,7,2097152,44,0,5192.896,7150.656,8127.937,977.280,PASS,0
PHASEB_formal_r1_C2_RING_SIMPLE_CH8_N4096_q8_rep2,2,4,2,sm_89,R1_EVENT_OVERLAP,NCCL,C2_RING_SIMPLE_CH8,2048,4096,2048,8,0,2097152,45,0,203.136,209.728,1205.568,995.840,PASS,0
PHASEB_formal_r1_C2_RING_SIMPLE_CH8_N4096_q8_rep2,2,4,2,sm_89,R1_EVENT_OVERLAP,NCCL,C2_RING_SIMPLE_CH8,2048,4096,2048,8,1,2097152,45,0,317.888,1209.088,2202.464,993.376,PASS,0
PHASEB_formal_r1_C2_RING_SIMPLE_CH8_N4096_q8_rep2,2,4,2,sm_89,R1_EVENT_OVERLAP,NCCL,C2_RING_SIMPLE_CH8,2048,4096,2048,8,2,2097152,45,0,1221.760,2205.888,3273.856,1067.968,PASS,0
PHASEB_formal_r1_C2_RING_SIMPLE_CH8_N4096_q8_rep2,2,4,2,sm_89,R1_EVENT_OVERLAP,NCCL,C2_RING_SIMPLE_CH8,2048,4096,2048,8,3,2097152,45,0,2193.056,3277.216,4344.512,1067.296,PASS,0
PHASEB_formal_r1_C2_RING_SIMPLE_CH8_N4096_q8_rep2,2,4,2,sm_89,R1_EVENT_OVERLAP,NCCL,C2_RING_SIMPLE_CH8,2048,4096,2048,8,4,2097152,45,0,3182.400,4347.936,5412.544,1064.608,PASS,0
PHASEB_formal_r1_C2_RING_SIMPLE_CH8_N4096_q8_rep2,2,4,2,sm_89,R1_EVENT_OVERLAP,NCCL,C2_RING_SIMPLE_CH8,2048,4096,2048,8,5,2097152,45,0,4178.272,5415.936,6472.096,1056.160,PASS,0
PHASEB_formal_r1_C2_RING_SIMPLE_CH8_N4096_q8_rep2,2,4,2,sm_89,R1_EVENT_OVERLAP,NCCL,C2_RING_SIMPLE_CH8,2048,4096,2048,8,6,2097152,45,0,5172.768,6475.520,7453.152,977.632,PASS,0
PHASEB_formal_r1_C2_RING_SIMPLE_CH8_N4096_q8_rep2,2,4,2,sm_89,R1_EVENT_OVERLAP,NCCL,C2_RING_SIMPLE_CH8,2048,4096,2048,8,7,2097152,45,0,6163.072,7456.576,8434.560,977.984,PASS,0
PHASEB_formal_r1_C2_RING_SIMPLE_CH8_N4096_q8_rep2,2,4,2,sm_89,R1_EVENT_OVERLAP,NCCL,C2_RING_SIMPLE_CH8,2048,4096,2048,8,0,2097152,46,0,171.840,178.560,1173.088,994.528,PASS,0
PHASEB_formal_r1_C2_RING_SIMPLE_CH8_N4096_q8_rep2,2,4,2,sm_89,R1_EVENT_OVERLAP,NCCL,C2_RING_SIMPLE_CH8,2048,4096,2048,8,1,2097152,46,0,286.304,1176.960,2171.040,994.080,PASS,0
PHASEB_formal_r1_C2_RING_SIMPLE_CH8_N4096_q8_rep2,2,4,2,sm_89,R1_EVENT_OVERLAP,NCCL,C2_RING_SIMPLE_CH8,2048,4096,2048,8,2,2097152,46,0,1200.800,2174.432,3169.824,995.392,PASS,0
PHASEB_formal_r1_C2_RING_SIMPLE_CH8_N4096_q8_rep2,2,4,2,sm_89,R1_EVENT_OVERLAP,NCCL,C2_RING_SIMPLE_CH8,2048,4096,2048,8,3,2097152,46,0,2181.152,3173.760,4167.936,994.176,PASS,0
PHASEB_formal_r1_C2_RING_SIMPLE_CH8_N4096_q8_rep2,2,4,2,sm_89,R1_EVENT_OVERLAP,NCCL,C2_RING_SIMPLE_CH8,2048,4096,2048,8,4,2097152,46,0,3180.160,4171.360,5170.528,999.168,PASS,0
PHASEB_formal_r1_C2_RING_SIMPLE_CH8_N4096_q8_rep2,2,4,2,sm_89,R1_EVENT_OVERLAP,NCCL,C2_RING_SIMPLE_CH8,2048,4096,2048,8,5,2097152,46,0,4177.632,5173.920,6232.256,1058.336,PASS,0
PHASEB_formal_r1_C2_RING_SIMPLE_CH8_N4096_q8_rep2,2,4,2,sm_89,R1_EVENT_OVERLAP,NCCL,C2_RING_SIMPLE_CH8,2048,4096,2048,8,6,2097152,46,0,5163.168,6235.712,7214.240,978.528,PASS,0
PHASEB_formal_r1_C2_RING_SIMPLE_CH8_N4096_q8_rep2,2,4,2,sm_89,R1_EVENT_OVERLAP,NCCL,C2_RING_SIMPLE_CH8,2048,4096,2048,8,7,2097152,46,0,6162.944,7217.696,8194.752,977.056,PASS,0
PHASEB_formal_r1_C2_RING_SIMPLE_CH8_N4096_q8_rep2,2,4,2,sm_89,R1_EVENT_OVERLAP,NCCL,C2_RING_SIMPLE_CH8,2048,4096,2048,8,0,2097152,47,0,186.016,192.224,1187.680,995.456,PASS,0
PHASEB_formal_r1_C2_RING_SIMPLE_CH8_N4096_q8_rep2,2,4,2,sm_89,R1_EVENT_OVERLAP,NCCL,C2_RING_SIMPLE_CH8,2048,4096,2048,8,1,2097152,47,0,302.144,1191.072,2183.328,992.256,PASS,0
PHASEB_formal_r1_C2_RING_SIMPLE_CH8_N4096_q8_rep2,2,4,2,sm_89,R1_EVENT_OVERLAP,NCCL,C2_RING_SIMPLE_CH8,2048,4096,2048,8,2,2097152,47,0,1197.312,2186.752,3179.680,992.928,PASS,0
PHASEB_formal_r1_C2_RING_SIMPLE_CH8_N4096_q8_rep2,2,4,2,sm_89,R1_EVENT_OVERLAP,NCCL,C2_RING_SIMPLE_CH8,2048,4096,2048,8,3,2097152,47,0,2193.504,3183.072,4175.104,992.032,PASS,0
PHASEB_formal_r1_C2_RING_SIMPLE_CH8_N4096_q8_rep2,2,4,2,sm_89,R1_EVENT_OVERLAP,NCCL,C2_RING_SIMPLE_CH8,2048,4096,2048,8,4,2097152,47,0,3189.408,4178.496,5173.376,994.880,PASS,0
PHASEB_formal_r1_C2_RING_SIMPLE_CH8_N4096_q8_rep2,2,4,2,sm_89,R1_EVENT_OVERLAP,NCCL,C2_RING_SIMPLE_CH8,2048,4096,2048,8,5,2097152,47,0,4184.864,5176.800,6170.016,993.216,PASS,0
PHASEB_formal_r1_C2_RING_SIMPLE_CH8_N4096_q8_rep2,2,4,2,sm_89,R1_EVENT_OVERLAP,NCCL,C2_RING_SIMPLE_CH8,2048,4096,2048,8,6,2097152,47,0,5183.072,6173.472,7151.168,977.696,PASS,0
PHASEB_formal_r1_C2_RING_SIMPLE_CH8_N4096_q8_rep2,2,4,2,sm_89,R1_EVENT_OVERLAP,NCCL,C2_RING_SIMPLE_CH8,2048,4096,2048,8,7,2097152,47,0,6179.744,7154.592,8133.440,978.848,PASS,0
PHASEB_formal_r1_C2_RING_SIMPLE_CH8_N4096_q8_rep2,2,4,2,sm_89,R1_EVENT_OVERLAP,NCCL,C2_RING_SIMPLE_CH8,2048,4096,2048,8,0,2097152,48,0,177.120,184.160,1184.512,1000.352,PASS,0
PHASEB_formal_r1_C2_RING_SIMPLE_CH8_N4096_q8_rep2,2,4,2,sm_89,R1_EVENT_OVERLAP,NCCL,C2_RING_SIMPLE_CH8,2048,4096,2048,8,1,2097152,48,0,310.016,1188.608,2186.592,997.984,PASS,0
PHASEB_formal_r1_C2_RING_SIMPLE_CH8_N4096_q8_rep2,2,4,2,sm_89,R1_EVENT_OVERLAP,NCCL,C2_RING_SIMPLE_CH8,2048,4096,2048,8,2,2097152,48,0,1215.872,2190.592,3260.832,1070.240,PASS,0
PHASEB_formal_r1_C2_RING_SIMPLE_CH8_N4096_q8_rep2,2,4,2,sm_89,R1_EVENT_OVERLAP,NCCL,C2_RING_SIMPLE_CH8,2048,4096,2048,8,3,2097152,48,0,2180.352,3264.864,4332.160,1067.296,PASS,0
PHASEB_formal_r1_C2_RING_SIMPLE_CH8_N4096_q8_rep2,2,4,2,sm_89,R1_EVENT_OVERLAP,NCCL,C2_RING_SIMPLE_CH8,2048,4096,2048,8,4,2097152,48,0,3180.800,4335.712,5407.136,1071.424,PASS,0
PHASEB_formal_r1_C2_RING_SIMPLE_CH8_N4096_q8_rep2,2,4,2,sm_89,R1_EVENT_OVERLAP,NCCL,C2_RING_SIMPLE_CH8,2048,4096,2048,8,5,2097152,48,0,4161.600,5410.976,6388.224,977.248,PASS,0
PHASEB_formal_r1_C2_RING_SIMPLE_CH8_N4096_q8_rep2,2,4,2,sm_89,R1_EVENT_OVERLAP,NCCL,C2_RING_SIMPLE_CH8,2048,4096,2048,8,6,2097152,48,0,5151.840,6391.680,7370.112,978.432,PASS,0
PHASEB_formal_r1_C2_RING_SIMPLE_CH8_N4096_q8_rep2,2,4,2,sm_89,R1_EVENT_OVERLAP,NCCL,C2_RING_SIMPLE_CH8,2048,4096,2048,8,7,2097152,48,0,5430.048,7373.568,8351.009,977.440,PASS,0
PHASEB_formal_r1_C2_RING_SIMPLE_CH8_N4096_q8_rep2,2,4,2,sm_89,R1_EVENT_OVERLAP,NCCL,C2_RING_SIMPLE_CH8,2048,4096,2048,8,0,2097152,49,0,180.384,186.624,1182.112,995.488,PASS,0
PHASEB_formal_r1_C2_RING_SIMPLE_CH8_N4096_q8_rep2,2,4,2,sm_89,R1_EVENT_OVERLAP,NCCL,C2_RING_SIMPLE_CH8,2048,4096,2048,8,1,2097152,49,0,295.392,1185.568,2182.688,997.120,PASS,0
PHASEB_formal_r1_C2_RING_SIMPLE_CH8_N4096_q8_rep2,2,4,2,sm_89,R1_EVENT_OVERLAP,NCCL,C2_RING_SIMPLE_CH8,2048,4096,2048,8,2,2097152,49,0,1196.224,2186.080,3253.248,1067.168,PASS,0
PHASEB_formal_r1_C2_RING_SIMPLE_CH8_N4096_q8_rep2,2,4,2,sm_89,R1_EVENT_OVERLAP,NCCL,C2_RING_SIMPLE_CH8,2048,4096,2048,8,3,2097152,49,0,2176.096,3257.216,4325.216,1068.000,PASS,0
PHASEB_formal_r1_C2_RING_SIMPLE_CH8_N4096_q8_rep2,2,4,2,sm_89,R1_EVENT_OVERLAP,NCCL,C2_RING_SIMPLE_CH8,2048,4096,2048,8,4,2097152,49,0,3159.552,4328.608,5392.448,1063.840,PASS,0
PHASEB_formal_r1_C2_RING_SIMPLE_CH8_N4096_q8_rep2,2,4,2,sm_89,R1_EVENT_OVERLAP,NCCL,C2_RING_SIMPLE_CH8,2048,4096,2048,8,5,2097152,49,0,4168.992,5396.064,6450.336,1054.272,PASS,0
PHASEB_formal_r1_C2_RING_SIMPLE_CH8_N4096_q8_rep2,2,4,2,sm_89,R1_EVENT_OVERLAP,NCCL,C2_RING_SIMPLE_CH8,2048,4096,2048,8,6,2097152,49,0,5151.040,6453.792,7431.552,977.760,PASS,0
PHASEB_formal_r1_C2_RING_SIMPLE_CH8_N4096_q8_rep2,2,4,2,sm_89,R1_EVENT_OVERLAP,NCCL,C2_RING_SIMPLE_CH8,2048,4096,2048,8,7,2097152,49,0,6144.224,7434.976,8413.792,978.816,PASS,0
PHASEB_formal_r1_C2_RING_SIMPLE_CH8_N4096_q8_rep2,2,4,2,sm_89,R1_EVENT_OVERLAP,NCCL,C2_RING_SIMPLE_CH8,2048,4096,2048,8,0,2097152,50,0,172.512,179.584,1175.136,995.552,PASS,0
PHASEB_formal_r1_C2_RING_SIMPLE_CH8_N4096_q8_rep2,2,4,2,sm_89,R1_EVENT_OVERLAP,NCCL,C2_RING_SIMPLE_CH8,2048,4096,2048,8,1,2097152,50,0,288.032,1178.624,2174.336,995.712,PASS,0
PHASEB_formal_r1_C2_RING_SIMPLE_CH8_N4096_q8_rep2,2,4,2,sm_89,R1_EVENT_OVERLAP,NCCL,C2_RING_SIMPLE_CH8,2048,4096,2048,8,2,2097152,50,0,1189.824,2177.824,3166.624,988.800,PASS,0
PHASEB_formal_r1_C2_RING_SIMPLE_CH8_N4096_q8_rep2,2,4,2,sm_89,R1_EVENT_OVERLAP,NCCL,C2_RING_SIMPLE_CH8,2048,4096,2048,8,3,2097152,50,0,2184.064,3170.048,4166.720,996.672,PASS,0
PHASEB_formal_r1_C2_RING_SIMPLE_CH8_N4096_q8_rep2,2,4,2,sm_89,R1_EVENT_OVERLAP,NCCL,C2_RING_SIMPLE_CH8,2048,4096,2048,8,4,2097152,50,0,3176.288,4170.112,5236.000,1065.888,PASS,0
PHASEB_formal_r1_C2_RING_SIMPLE_CH8_N4096_q8_rep2,2,4,2,sm_89,R1_EVENT_OVERLAP,NCCL,C2_RING_SIMPLE_CH8,2048,4096,2048,8,5,2097152,50,0,4156.992,5239.392,6297.568,1058.176,PASS,0
PHASEB_formal_r1_C2_RING_SIMPLE_CH8_N4096_q8_rep2,2,4,2,sm_89,R1_EVENT_OVERLAP,NCCL,C2_RING_SIMPLE_CH8,2048,4096,2048,8,6,2097152,50,0,5184.672,6300.992,7279.744,978.752,PASS,0
PHASEB_formal_r1_C2_RING_SIMPLE_CH8_N4096_q8_rep2,2,4,2,sm_89,R1_EVENT_OVERLAP,NCCL,C2_RING_SIMPLE_CH8,2048,4096,2048,8,7,2097152,50,0,6160.928,7283.168,8261.216,978.048,PASS,0
PHASEB_formal_r1_C2_RING_SIMPLE_CH8_N4096_q8_rep2,2,4,2,sm_89,R1_EVENT_OVERLAP,NCCL,C2_RING_SIMPLE_CH8,2048,4096,2048,8,0,2097152,51,0,186.656,193.504,1189.856,996.352,PASS,0
PHASEB_formal_r1_C2_RING_SIMPLE_CH8_N4096_q8_rep2,2,4,2,sm_89,R1_EVENT_OVERLAP,NCCL,C2_RING_SIMPLE_CH8,2048,4096,2048,8,1,2097152,51,0,301.472,1193.280,2183.584,990.304,PASS,0
PHASEB_formal_r1_C2_RING_SIMPLE_CH8_N4096_q8_rep2,2,4,2,sm_89,R1_EVENT_OVERLAP,NCCL,C2_RING_SIMPLE_CH8,2048,4096,2048,8,2,2097152,51,0,1199.456,2186.976,3178.848,991.872,PASS,0
PHASEB_formal_r1_C2_RING_SIMPLE_CH8_N4096_q8_rep2,2,4,2,sm_89,R1_EVENT_OVERLAP,NCCL,C2_RING_SIMPLE_CH8,2048,4096,2048,8,3,2097152,51,0,2193.280,3182.368,4176.704,994.336,PASS,0
PHASEB_formal_r1_C2_RING_SIMPLE_CH8_N4096_q8_rep2,2,4,2,sm_89,R1_EVENT_OVERLAP,NCCL,C2_RING_SIMPLE_CH8,2048,4096,2048,8,4,2097152,51,0,3188.864,4180.128,5176.448,996.320,PASS,0
PHASEB_formal_r1_C2_RING_SIMPLE_CH8_N4096_q8_rep2,2,4,2,sm_89,R1_EVENT_OVERLAP,NCCL,C2_RING_SIMPLE_CH8,2048,4096,2048,8,5,2097152,51,0,4187.712,5180.192,6239.648,1059.456,PASS,0
PHASEB_formal_r1_C2_RING_SIMPLE_CH8_N4096_q8_rep2,2,4,2,sm_89,R1_EVENT_OVERLAP,NCCL,C2_RING_SIMPLE_CH8,2048,4096,2048,8,6,2097152,51,0,5169.248,6243.072,7220.768,977.696,PASS,0
PHASEB_formal_r1_C2_RING_SIMPLE_CH8_N4096_q8_rep2,2,4,2,sm_89,R1_EVENT_OVERLAP,NCCL,C2_RING_SIMPLE_CH8,2048,4096,2048,8,7,2097152,51,0,6169.920,7224.192,8202.528,978.336,PASS,0
PHASEB_formal_r1_C2_RING_SIMPLE_CH8_N4096_q8_rep2,2,4,2,sm_89,R1_EVENT_OVERLAP,NCCL,C2_RING_SIMPLE_CH8,2048,4096,2048,8,0,2097152,52,0,179.584,186.144,1180.608,994.464,PASS,0
PHASEB_formal_r1_C2_RING_SIMPLE_CH8_N4096_q8_rep2,2,4,2,sm_89,R1_EVENT_OVERLAP,NCCL,C2_RING_SIMPLE_CH8,2048,4096,2048,8,1,2097152,52,0,296.544,1184.320,2182.016,997.696,PASS,0
PHASEB_formal_r1_C2_RING_SIMPLE_CH8_N4096_q8_rep2,2,4,2,sm_89,R1_EVENT_OVERLAP,NCCL,C2_RING_SIMPLE_CH8,2048,4096,2048,8,2,2097152,52,0,1208.640,2185.664,3181.888,996.224,PASS,0
PHASEB_formal_r1_C2_RING_SIMPLE_CH8_N4096_q8_rep2,2,4,2,sm_89,R1_EVENT_OVERLAP,NCCL,C2_RING_SIMPLE_CH8,2048,4096,2048,8,3,2097152,52,0,2175.872,3185.568,4180.736,995.168,PASS,0
PHASEB_formal_r1_C2_RING_SIMPLE_CH8_N4096_q8_rep2,2,4,2,sm_89,R1_EVENT_OVERLAP,NCCL,C2_RING_SIMPLE_CH8,2048,4096,2048,8,4,2097152,52,0,2300.480,4184.320,5177.984,993.664,PASS,0
PHASEB_formal_r1_C2_RING_SIMPLE_CH8_N4096_q8_rep2,2,4,2,sm_89,R1_EVENT_OVERLAP,NCCL,C2_RING_SIMPLE_CH8,2048,4096,2048,8,5,2097152,52,0,3192.576,5181.472,6159.424,977.952,PASS,0
PHASEB_formal_r1_C2_RING_SIMPLE_CH8_N4096_q8_rep2,2,4,2,sm_89,R1_EVENT_OVERLAP,NCCL,C2_RING_SIMPLE_CH8,2048,4096,2048,8,6,2097152,52,0,4190.848,6163.104,7141.824,978.720,PASS,0
PHASEB_formal_r1_C2_RING_SIMPLE_CH8_N4096_q8_rep2,2,4,2,sm_89,R1_EVENT_OVERLAP,NCCL,C2_RING_SIMPLE_CH8,2048,4096,2048,8,7,2097152,52,0,5188.576,7145.248,8123.360,978.112,PASS,0
PHASEB_formal_r1_C2_RING_SIMPLE_CH8_N4096_q8_rep2,2,4,2,sm_89,R1_EVENT_OVERLAP,NCCL,C2_RING_SIMPLE_CH8,2048,4096,2048,8,0,2097152,53,0,200.992,207.424,1204.640,997.216,PASS,0
PHASEB_formal_r1_C2_RING_SIMPLE_CH8_N4096_q8_rep2,2,4,2,sm_89,R1_EVENT_OVERLAP,NCCL,C2_RING_SIMPLE_CH8,2048,4096,2048,8,1,2097152,53,0,315.840,1207.968,2203.680,995.712,PASS,0
PHASEB_formal_r1_C2_RING_SIMPLE_CH8_N4096_q8_rep2,2,4,2,sm_89,R1_EVENT_OVERLAP,NCCL,C2_RING_SIMPLE_CH8,2048,4096,2048,8,2,2097152,53,0,1214.208,2207.072,3206.368,999.296,PASS,0
PHASEB_formal_r1_C2_RING_SIMPLE_CH8_N4096_q8_rep2,2,4,2,sm_89,R1_EVENT_OVERLAP,NCCL,C2_RING_SIMPLE_CH8,2048,4096,2048,8,3,2097152,53,0,2213.952,3209.792,4207.456,997.664,PASS,0
PHASEB_formal_r1_C2_RING_SIMPLE_CH8_N4096_q8_rep2,2,4,2,sm_89,R1_EVENT_OVERLAP,NCCL,C2_RING_SIMPLE_CH8,2048,4096,2048,8,4,2097152,53,0,3216.192,4210.880,5275.488,1064.608,PASS,0
PHASEB_formal_r1_C2_RING_SIMPLE_CH8_N4096_q8_rep2,2,4,2,sm_89,R1_EVENT_OVERLAP,NCCL,C2_RING_SIMPLE_CH8,2048,4096,2048,8,5,2097152,53,0,4195.840,5278.912,6337.696,1058.784,PASS,0
PHASEB_formal_r1_C2_RING_SIMPLE_CH8_N4096_q8_rep2,2,4,2,sm_89,R1_EVENT_OVERLAP,NCCL,C2_RING_SIMPLE_CH8,2048,4096,2048,8,6,2097152,53,0,5181.472,6341.504,7319.712,978.208,PASS,0
PHASEB_formal_r1_C2_RING_SIMPLE_CH8_N4096_q8_rep2,2,4,2,sm_89,R1_EVENT_OVERLAP,NCCL,C2_RING_SIMPLE_CH8,2048,4096,2048,8,7,2097152,53,0,6179.712,7323.168,8301.535,978.368,PASS,0
PHASEB_formal_r1_C2_RING_SIMPLE_CH8_N4096_q8_rep2,2,4,2,sm_89,R1_EVENT_OVERLAP,NCCL,C2_RING_SIMPLE_CH8,2048,4096,2048,8,0,2097152,54,0,172.256,178.848,1175.840,996.992,PASS,0
PHASEB_formal_r1_C2_RING_SIMPLE_CH8_N4096_q8_rep2,2,4,2,sm_89,R1_EVENT_OVERLAP,NCCL,C2_RING_SIMPLE_CH8,2048,4096,2048,8,1,2097152,54,0,287.808,1179.392,2174.272,994.880,PASS,0
PHASEB_formal_r1_C2_RING_SIMPLE_CH8_N4096_q8_rep2,2,4,2,sm_89,R1_EVENT_OVERLAP,NCCL,C2_RING_SIMPLE_CH8,2048,4096,2048,8,2,2097152,54,0,1209.728,2178.048,3174.624,996.576,PASS,0
PHASEB_formal_r1_C2_RING_SIMPLE_CH8_N4096_q8_rep2,2,4,2,sm_89,R1_EVENT_OVERLAP,NCCL,C2_RING_SIMPLE_CH8,2048,4096,2048,8,3,2097152,54,0,2185.248,3177.984,4175.904,997.920,PASS,0
PHASEB_formal_r1_C2_RING_SIMPLE_CH8_N4096_q8_rep2,2,4,2,sm_89,R1_EVENT_OVERLAP,NCCL,C2_RING_SIMPLE_CH8,2048,4096,2048,8,4,2097152,54,0,3184.320,4179.296,5173.696,994.400,PASS,0
PHASEB_formal_r1_C2_RING_SIMPLE_CH8_N4096_q8_rep2,2,4,2,sm_89,R1_EVENT_OVERLAP,NCCL,C2_RING_SIMPLE_CH8,2048,4096,2048,8,5,2097152,54,0,4166.304,5177.088,6155.456,978.368,PASS,0
PHASEB_formal_r1_C2_RING_SIMPLE_CH8_N4096_q8_rep2,2,4,2,sm_89,R1_EVENT_OVERLAP,NCCL,C2_RING_SIMPLE_CH8,2048,4096,2048,8,6,2097152,54,0,4287.584,6158.944,7137.408,978.464,PASS,0
PHASEB_formal_r1_C2_RING_SIMPLE_CH8_N4096_q8_rep2,2,4,2,sm_89,R1_EVENT_OVERLAP,NCCL,C2_RING_SIMPLE_CH8,2048,4096,2048,8,7,2097152,54,0,5184.672,7140.864,8116.928,976.064,PASS,0
PHASEB_formal_r1_C2_RING_SIMPLE_CH8_N4096_q8_rep2,2,4,2,sm_89,R1_EVENT_OVERLAP,NCCL,C2_RING_SIMPLE_CH8,2048,4096,2048,8,0,2097152,55,0,188.896,196.000,1194.528,998.528,PASS,0
PHASEB_formal_r1_C2_RING_SIMPLE_CH8_N4096_q8_rep2,2,4,2,sm_89,R1_EVENT_OVERLAP,NCCL,C2_RING_SIMPLE_CH8,2048,4096,2048,8,1,2097152,55,0,304.256,1198.048,2191.744,993.696,PASS,0
PHASEB_formal_r1_C2_RING_SIMPLE_CH8_N4096_q8_rep2,2,4,2,sm_89,R1_EVENT_OVERLAP,NCCL,C2_RING_SIMPLE_CH8,2048,4096,2048,8,2,2097152,55,0,1204.672,2195.136,3196.224,1001.088,PASS,0
PHASEB_formal_r1_C2_RING_SIMPLE_CH8_N4096_q8_rep2,2,4,2,sm_89,R1_EVENT_OVERLAP,NCCL,C2_RING_SIMPLE_CH8,2048,4096,2048,8,3,2097152,55,0,2202.080,3199.648,4272.672,1073.024,PASS,0
PHASEB_formal_r1_C2_RING_SIMPLE_CH8_N4096_q8_rep2,2,4,2,sm_89,R1_EVENT_OVERLAP,NCCL,C2_RING_SIMPLE_CH8,2048,4096,2048,8,4,2097152,55,0,3189.536,4276.416,5270.080,993.664,PASS,0
PHASEB_formal_r1_C2_RING_SIMPLE_CH8_N4096_q8_rep2,2,4,2,sm_89,R1_EVENT_OVERLAP,NCCL,C2_RING_SIMPLE_CH8,2048,4096,2048,8,5,2097152,55,0,4172.928,5273.664,6252.992,979.328,PASS,0
PHASEB_formal_r1_C2_RING_SIMPLE_CH8_N4096_q8_rep2,2,4,2,sm_89,R1_EVENT_OVERLAP,NCCL,C2_RING_SIMPLE_CH8,2048,4096,2048,8,6,2097152,55,0,4296.416,6256.448,7233.856,977.408,PASS,0
PHASEB_formal_r1_C2_RING_SIMPLE_CH8_N4096_q8_rep2,2,4,2,sm_89,R1_EVENT_OVERLAP,NCCL,C2_RING_SIMPLE_CH8,2048,4096,2048,8,7,2097152,55,0,5287.168,7237.312,8215.712,978.400,PASS,0
PHASEB_formal_r1_C2_RING_SIMPLE_CH8_N4096_q8_rep2,2,4,2,sm_89,R1_EVENT_OVERLAP,NCCL,C2_RING_SIMPLE_CH8,2048,4096,2048,8,0,2097152,56,0,186.368,192.672,1187.392,994.720,PASS,0
PHASEB_formal_r1_C2_RING_SIMPLE_CH8_N4096_q8_rep2,2,4,2,sm_89,R1_EVENT_OVERLAP,NCCL,C2_RING_SIMPLE_CH8,2048,4096,2048,8,1,2097152,56,0,304.288,1191.872,2190.208,998.336,PASS,0
PHASEB_formal_r1_C2_RING_SIMPLE_CH8_N4096_q8_rep2,2,4,2,sm_89,R1_EVENT_OVERLAP,NCCL,C2_RING_SIMPLE_CH8,2048,4096,2048,8,2,2097152,56,0,1209.600,2193.792,3193.024,999.232,PASS,0
PHASEB_formal_r1_C2_RING_SIMPLE_CH8_N4096_q8_rep2,2,4,2,sm_89,R1_EVENT_OVERLAP,NCCL,C2_RING_SIMPLE_CH8,2048,4096,2048,8,3,2097152,56,0,2183.936,3196.512,4190.976,994.464,PASS,0
PHASEB_formal_r1_C2_RING_SIMPLE_CH8_N4096_q8_rep2,2,4,2,sm_89,R1_EVENT_OVERLAP,NCCL,C2_RING_SIMPLE_CH8,2048,4096,2048,8,4,2097152,56,0,2302.144,4194.400,5253.664,1059.264,PASS,0
PHASEB_formal_r1_C2_RING_SIMPLE_CH8_N4096_q8_rep2,2,4,2,sm_89,R1_EVENT_OVERLAP,NCCL,C2_RING_SIMPLE_CH8,2048,4096,2048,8,5,2097152,56,0,3214.176,5257.088,6235.168,978.080,PASS,0
PHASEB_formal_r1_C2_RING_SIMPLE_CH8_N4096_q8_rep2,2,4,2,sm_89,R1_EVENT_OVERLAP,NCCL,C2_RING_SIMPLE_CH8,2048,4096,2048,8,6,2097152,56,0,4181.312,6238.624,7217.344,978.720,PASS,0
PHASEB_formal_r1_C2_RING_SIMPLE_CH8_N4096_q8_rep2,2,4,2,sm_89,R1_EVENT_OVERLAP,NCCL,C2_RING_SIMPLE_CH8,2048,4096,2048,8,7,2097152,56,0,5184.512,7220.800,8197.536,976.736,PASS,0
PHASEB_formal_r1_C2_RING_SIMPLE_CH8_N4096_q8_rep2,2,4,2,sm_89,R1_EVENT_OVERLAP,NCCL,C2_RING_SIMPLE_CH8,2048,4096,2048,8,0,2097152,57,0,180.032,186.624,1184.896,998.272,PASS,0
PHASEB_formal_r1_C2_RING_SIMPLE_CH8_N4096_q8_rep2,2,4,2,sm_89,R1_EVENT_OVERLAP,NCCL,C2_RING_SIMPLE_CH8,2048,4096,2048,8,1,2097152,57,0,294.368,1188.288,2181.952,993.664,PASS,0
PHASEB_formal_r1_C2_RING_SIMPLE_CH8_N4096_q8_rep2,2,4,2,sm_89,R1_EVENT_OVERLAP,NCCL,C2_RING_SIMPLE_CH8,2048,4096,2048,8,2,2097152,57,0,1194.752,2185.344,3181.344,996.000,PASS,0
PHASEB_formal_r1_C2_RING_SIMPLE_CH8_N4096_q8_rep2,2,4,2,sm_89,R1_EVENT_OVERLAP,NCCL,C2_RING_SIMPLE_CH8,2048,4096,2048,8,3,2097152,57,0,2191.712,3184.768,4251.936,1067.168,PASS,0
PHASEB_formal_r1_C2_RING_SIMPLE_CH8_N4096_q8_rep2,2,4,2,sm_89,R1_EVENT_OVERLAP,NCCL,C2_RING_SIMPLE_CH8,2048,4096,2048,8,4,2097152,57,0,3171.744,4255.296,5319.008,1063.712,PASS,0
PHASEB_formal_r1_C2_RING_SIMPLE_CH8_N4096_q8_rep2,2,4,2,sm_89,R1_EVENT_OVERLAP,NCCL,C2_RING_SIMPLE_CH8,2048,4096,2048,8,5,2097152,57,0,4166.880,5322.336,6379.936,1057.600,PASS,0
PHASEB_formal_r1_C2_RING_SIMPLE_CH8_N4096_q8_rep2,2,4,2,sm_89,R1_EVENT_OVERLAP,NCCL,C2_RING_SIMPLE_CH8,2048,4096,2048,8,6,2097152,57,0,5153.408,6383.360,7361.472,978.112,PASS,0
PHASEB_formal_r1_C2_RING_SIMPLE_CH8_N4096_q8_rep2,2,4,2,sm_89,R1_EVENT_OVERLAP,NCCL,C2_RING_SIMPLE_CH8,2048,4096,2048,8,7,2097152,57,0,6158.720,7364.896,8343.393,978.496,PASS,0
PHASEB_formal_r1_C2_RING_SIMPLE_CH8_N4096_q8_rep2,2,4,2,sm_89,R1_EVENT_OVERLAP,NCCL,C2_RING_SIMPLE_CH8,2048,4096,2048,8,0,2097152,58,0,180.960,187.616,1184.384,996.768,PASS,0
PHASEB_formal_r1_C2_RING_SIMPLE_CH8_N4096_q8_rep2,2,4,2,sm_89,R1_EVENT_OVERLAP,NCCL,C2_RING_SIMPLE_CH8,2048,4096,2048,8,1,2097152,58,0,296.608,1187.776,2179.968,992.192,PASS,0
PHASEB_formal_r1_C2_RING_SIMPLE_CH8_N4096_q8_rep2,2,4,2,sm_89,R1_EVENT_OVERLAP,NCCL,C2_RING_SIMPLE_CH8,2048,4096,2048,8,2,2097152,58,0,1194.016,2183.872,3250.752,1066.880,PASS,0
PHASEB_formal_r1_C2_RING_SIMPLE_CH8_N4096_q8_rep2,2,4,2,sm_89,R1_EVENT_OVERLAP,NCCL,C2_RING_SIMPLE_CH8,2048,4096,2048,8,3,2097152,58,0,2170.688,3254.176,4328.096,1073.920,PASS,0
PHASEB_formal_r1_C2_RING_SIMPLE_CH8_N4096_q8_rep2,2,4,2,sm_89,R1_EVENT_OVERLAP,NCCL,C2_RING_SIMPLE_CH8,2048,4096,2048,8,4,2097152,58,0,3158.368,4331.584,5389.504,1057.920,PASS,0
PHASEB_formal_r1_C2_RING_SIMPLE_CH8_N4096_q8_rep2,2,4,2,sm_89,R1_EVENT_OVERLAP,NCCL,C2_RING_SIMPLE_CH8,2048,4096,2048,8,5,2097152,58,0,4162.240,5392.960,6370.944,977.984,PASS,0
PHASEB_formal_r1_C2_RING_SIMPLE_CH8_N4096_q8_rep2,2,4,2,sm_89,R1_EVENT_OVERLAP,NCCL,C2_RING_SIMPLE_CH8,2048,4096,2048,8,6,2097152,58,0,4280.064,6374.720,7353.664,978.944,PASS,0
PHASEB_formal_r1_C2_RING_SIMPLE_CH8_N4096_q8_rep2,2,4,2,sm_89,R1_EVENT_OVERLAP,NCCL,C2_RING_SIMPLE_CH8,2048,4096,2048,8,7,2097152,58,0,5193.536,7357.088,8333.824,976.736,PASS,0
PHASEB_formal_r1_C2_RING_SIMPLE_CH8_N4096_q8_rep2,2,4,2,sm_89,R1_EVENT_OVERLAP,NCCL,C2_RING_SIMPLE_CH8,2048,4096,2048,8,0,2097152,59,0,195.904,202.208,1196.544,994.336,PASS,0
PHASEB_formal_r1_C2_RING_SIMPLE_CH8_N4096_q8_rep2,2,4,2,sm_89,R1_EVENT_OVERLAP,NCCL,C2_RING_SIMPLE_CH8,2048,4096,2048,8,1,2097152,59,0,309.312,1200.384,2195.584,995.200,PASS,0
PHASEB_formal_r1_C2_RING_SIMPLE_CH8_N4096_q8_rep2,2,4,2,sm_89,R1_EVENT_OVERLAP,NCCL,C2_RING_SIMPLE_CH8,2048,4096,2048,8,2,2097152,59,0,1208.320,2199.040,3198.112,999.072,PASS,0
PHASEB_formal_r1_C2_RING_SIMPLE_CH8_N4096_q8_rep2,2,4,2,sm_89,R1_EVENT_OVERLAP,NCCL,C2_RING_SIMPLE_CH8,2048,4096,2048,8,3,2097152,59,0,2186.304,3201.472,4197.344,995.872,PASS,0
PHASEB_formal_r1_C2_RING_SIMPLE_CH8_N4096_q8_rep2,2,4,2,sm_89,R1_EVENT_OVERLAP,NCCL,C2_RING_SIMPLE_CH8,2048,4096,2048,8,4,2097152,59,0,2304.992,4201.056,5194.848,993.792,PASS,0
PHASEB_formal_r1_C2_RING_SIMPLE_CH8_N4096_q8_rep2,2,4,2,sm_89,R1_EVENT_OVERLAP,NCCL,C2_RING_SIMPLE_CH8,2048,4096,2048,8,5,2097152,59,0,3207.840,5198.272,6176.992,978.720,PASS,0
PHASEB_formal_r1_C2_RING_SIMPLE_CH8_N4096_q8_rep2,2,4,2,sm_89,R1_EVENT_OVERLAP,NCCL,C2_RING_SIMPLE_CH8,2048,4096,2048,8,6,2097152,59,0,4207.392,6180.448,7158.208,977.760,PASS,0
PHASEB_formal_r1_C2_RING_SIMPLE_CH8_N4096_q8_rep2,2,4,2,sm_89,R1_EVENT_OVERLAP,NCCL,C2_RING_SIMPLE_CH8,2048,4096,2048,8,7,2097152,59,0,5204.512,7161.696,8139.840,978.144,PASS,0
PHASEB_formal_r1_C2_RING_SIMPLE_CH8_N4096_q8_rep2,2,4,2,sm_89,R1_EVENT_OVERLAP,NCCL,C2_RING_SIMPLE_CH8,2048,4096,2048,8,0,2097152,60,0,199.904,206.112,1201.920,995.808,PASS,0
PHASEB_formal_r1_C2_RING_SIMPLE_CH8_N4096_q8_rep2,2,4,2,sm_89,R1_EVENT_OVERLAP,NCCL,C2_RING_SIMPLE_CH8,2048,4096,2048,8,1,2097152,60,0,315.744,1205.984,2202.496,996.512,PASS,0
PHASEB_formal_r1_C2_RING_SIMPLE_CH8_N4096_q8_rep2,2,4,2,sm_89,R1_EVENT_OVERLAP,NCCL,C2_RING_SIMPLE_CH8,2048,4096,2048,8,2,2097152,60,0,1224.832,2205.888,3296.768,1090.880,PASS,0
PHASEB_formal_r1_C2_RING_SIMPLE_CH8_N4096_q8_rep2,2,4,2,sm_89,R1_EVENT_OVERLAP,NCCL,C2_RING_SIMPLE_CH8,2048,4096,2048,8,3,2097152,60,0,2193.312,3301.408,4299.296,997.888,PASS,0
PHASEB_formal_r1_C2_RING_SIMPLE_CH8_N4096_q8_rep2,2,4,2,sm_89,R1_EVENT_OVERLAP,NCCL,C2_RING_SIMPLE_CH8,2048,4096,2048,8,4,2097152,60,0,3180.608,4302.784,5364.768,1061.984,PASS,0
PHASEB_formal_r1_C2_RING_SIMPLE_CH8_N4096_q8_rep2,2,4,2,sm_89,R1_EVENT_OVERLAP,NCCL,C2_RING_SIMPLE_CH8,2048,4096,2048,8,5,2097152,60,0,3318.816,5368.128,6345.152,977.024,PASS,0
PHASEB_formal_r1_C2_RING_SIMPLE_CH8_N4096_q8_rep2,2,4,2,sm_89,R1_EVENT_OVERLAP,NCCL,C2_RING_SIMPLE_CH8,2048,4096,2048,8,6,2097152,60,0,4289.344,6348.576,7327.168,978.592,PASS,0
PHASEB_formal_r1_C2_RING_SIMPLE_CH8_N4096_q8_rep2,2,4,2,sm_89,R1_EVENT_OVERLAP,NCCL,C2_RING_SIMPLE_CH8,2048,4096,2048,8,7,2097152,60,0,5180.288,7330.592,8307.393,976.800,PASS,0
PHASEB_formal_r1_C2_RING_SIMPLE_CH8_N4096_q8_rep2,2,4,2,sm_89,R1_EVENT_OVERLAP,NCCL,C2_RING_SIMPLE_CH8,2048,4096,2048,8,0,2097152,61,0,180.576,187.040,1181.632,994.592,PASS,0
PHASEB_formal_r1_C2_RING_SIMPLE_CH8_N4096_q8_rep2,2,4,2,sm_89,R1_EVENT_OVERLAP,NCCL,C2_RING_SIMPLE_CH8,2048,4096,2048,8,1,2097152,61,0,296.128,1185.344,2182.816,997.472,PASS,0
PHASEB_formal_r1_C2_RING_SIMPLE_CH8_N4096_q8_rep2,2,4,2,sm_89,R1_EVENT_OVERLAP,NCCL,C2_RING_SIMPLE_CH8,2048,4096,2048,8,2,2097152,61,0,1208.992,2186.560,3181.344,994.784,PASS,0
PHASEB_formal_r1_C2_RING_SIMPLE_CH8_N4096_q8_rep2,2,4,2,sm_89,R1_EVENT_OVERLAP,NCCL,C2_RING_SIMPLE_CH8,2048,4096,2048,8,3,2097152,61,0,2193.312,3184.800,4178.912,994.112,PASS,0
PHASEB_formal_r1_C2_RING_SIMPLE_CH8_N4096_q8_rep2,2,4,2,sm_89,R1_EVENT_OVERLAP,NCCL,C2_RING_SIMPLE_CH8,2048,4096,2048,8,4,2097152,61,0,3191.520,4182.368,5179.648,997.280,PASS,0
PHASEB_formal_r1_C2_RING_SIMPLE_CH8_N4096_q8_rep2,2,4,2,sm_89,R1_EVENT_OVERLAP,NCCL,C2_RING_SIMPLE_CH8,2048,4096,2048,8,5,2097152,61,0,4188.672,5183.232,6242.016,1058.784,PASS,0
PHASEB_formal_r1_C2_RING_SIMPLE_CH8_N4096_q8_rep2,2,4,2,sm_89,R1_EVENT_OVERLAP,NCCL,C2_RING_SIMPLE_CH8,2048,4096,2048,8,6,2097152,61,0,5172.448,6245.440,7223.008,977.568,PASS,0
PHASEB_formal_r1_C2_RING_SIMPLE_CH8_N4096_q8_rep2,2,4,2,sm_89,R1_EVENT_OVERLAP,NCCL,C2_RING_SIMPLE_CH8,2048,4096,2048,8,7,2097152,61,0,6168.832,7226.464,8204.672,978.208,PASS,0
PHASEB_formal_r1_C2_RING_SIMPLE_CH8_N4096_q8_rep2,2,4,2,sm_89,R1_EVENT_OVERLAP,NCCL,C2_RING_SIMPLE_CH8,2048,4096,2048,8,0,2097152,62,0,171.616,178.208,1174.432,996.224,PASS,0
PHASEB_formal_r1_C2_RING_SIMPLE_CH8_N4096_q8_rep2,2,4,2,sm_89,R1_EVENT_OVERLAP,NCCL,C2_RING_SIMPLE_CH8,2048,4096,2048,8,1,2097152,62,0,286.496,1178.464,2172.288,993.824,PASS,0
PHASEB_formal_r1_C2_RING_SIMPLE_CH8_N4096_q8_rep2,2,4,2,sm_89,R1_EVENT_OVERLAP,NCCL,C2_RING_SIMPLE_CH8,2048,4096,2048,8,2,2097152,62,0,1189.312,2175.904,3173.376,997.472,PASS,0
PHASEB_formal_r1_C2_RING_SIMPLE_CH8_N4096_q8_rep2,2,4,2,sm_89,R1_EVENT_OVERLAP,NCCL,C2_RING_SIMPLE_CH8,2048,4096,2048,8,3,2097152,62,0,2189.728,3177.312,4174.304,996.992,PASS,0
PHASEB_formal_r1_C2_RING_SIMPLE_CH8_N4096_q8_rep2,2,4,2,sm_89,R1_EVENT_OVERLAP,NCCL,C2_RING_SIMPLE_CH8,2048,4096,2048,8,4,2097152,62,0,3190.784,4177.760,5247.584,1069.824,PASS,0
PHASEB_formal_r1_C2_RING_SIMPLE_CH8_N4096_q8_rep2,2,4,2,sm_89,R1_EVENT_OVERLAP,NCCL,C2_RING_SIMPLE_CH8,2048,4096,2048,8,5,2097152,62,0,4167.616,5250.976,6308.320,1057.344,PASS,0
PHASEB_formal_r1_C2_RING_SIMPLE_CH8_N4096_q8_rep2,2,4,2,sm_89,R1_EVENT_OVERLAP,NCCL,C2_RING_SIMPLE_CH8,2048,4096,2048,8,6,2097152,62,0,5164.800,6311.744,7290.432,978.688,PASS,0
PHASEB_formal_r1_C2_RING_SIMPLE_CH8_N4096_q8_rep2,2,4,2,sm_89,R1_EVENT_OVERLAP,NCCL,C2_RING_SIMPLE_CH8,2048,4096,2048,8,7,2097152,62,0,6151.808,7293.856,8271.072,977.216,PASS,0
PHASEB_formal_r1_C2_RING_SIMPLE_CH8_N4096_q8_rep2,2,4,2,sm_89,R1_EVENT_OVERLAP,NCCL,C2_RING_SIMPLE_CH8,2048,4096,2048,8,0,2097152,63,0,186.336,192.544,1185.696,993.152,PASS,0
PHASEB_formal_r1_C2_RING_SIMPLE_CH8_N4096_q8_rep2,2,4,2,sm_89,R1_EVENT_OVERLAP,NCCL,C2_RING_SIMPLE_CH8,2048,4096,2048,8,1,2097152,63,0,300.576,1189.248,2182.912,993.664,PASS,0
PHASEB_formal_r1_C2_RING_SIMPLE_CH8_N4096_q8_rep2,2,4,2,sm_89,R1_EVENT_OVERLAP,NCCL,C2_RING_SIMPLE_CH8,2048,4096,2048,8,2,2097152,63,0,1198.784,2186.816,3180.864,994.048,PASS,0
PHASEB_formal_r1_C2_RING_SIMPLE_CH8_N4096_q8_rep2,2,4,2,sm_89,R1_EVENT_OVERLAP,NCCL,C2_RING_SIMPLE_CH8,2048,4096,2048,8,3,2097152,63,0,2195.072,3185.568,4180.768,995.200,PASS,0
PHASEB_formal_r1_C2_RING_SIMPLE_CH8_N4096_q8_rep2,2,4,2,sm_89,R1_EVENT_OVERLAP,NCCL,C2_RING_SIMPLE_CH8,2048,4096,2048,8,4,2097152,63,0,3214.816,4184.416,5174.112,989.696,PASS,0
PHASEB_formal_r1_C2_RING_SIMPLE_CH8_N4096_q8_rep2,2,4,2,sm_89,R1_EVENT_OVERLAP,NCCL,C2_RING_SIMPLE_CH8,2048,4096,2048,8,5,2097152,63,0,4199.584,5177.568,6170.880,993.312,PASS,0
PHASEB_formal_r1_C2_RING_SIMPLE_CH8_N4096_q8_rep2,2,4,2,sm_89,R1_EVENT_OVERLAP,NCCL,C2_RING_SIMPLE_CH8,2048,4096,2048,8,6,2097152,63,0,5183.840,6174.336,7152.704,978.368,PASS,0
PHASEB_formal_r1_C2_RING_SIMPLE_CH8_N4096_q8_rep2,2,4,2,sm_89,R1_EVENT_OVERLAP,NCCL,C2_RING_SIMPLE_CH8,2048,4096,2048,8,7,2097152,63,0,6180.640,7156.128,8134.816,978.688,PASS,0
PHASEB_formal_r1_C2_RING_SIMPLE_CH8_N4096_q8_rep2,2,4,2,sm_89,R1_EVENT_OVERLAP,NCCL,C2_RING_SIMPLE_CH8,2048,4096,2048,8,0,2097152,64,0,189.056,195.936,1190.944,995.008,PASS,0
PHASEB_formal_r1_C2_RING_SIMPLE_CH8_N4096_q8_rep2,2,4,2,sm_89,R1_EVENT_OVERLAP,NCCL,C2_RING_SIMPLE_CH8,2048,4096,2048,8,1,2097152,64,0,304.064,1195.104,2190.176,995.072,PASS,0
PHASEB_formal_r1_C2_RING_SIMPLE_CH8_N4096_q8_rep2,2,4,2,sm_89,R1_EVENT_OVERLAP,NCCL,C2_RING_SIMPLE_CH8,2048,4096,2048,8,2,2097152,64,0,1214.368,2193.664,3281.664,1088.000,PASS,0
PHASEB_formal_r1_C2_RING_SIMPLE_CH8_N4096_q8_rep2,2,4,2,sm_89,R1_EVENT_OVERLAP,NCCL,C2_RING_SIMPLE_CH8,2048,4096,2048,8,3,2097152,64,0,2180.160,3285.120,4353.312,1068.192,PASS,0
PHASEB_formal_r1_C2_RING_SIMPLE_CH8_N4096_q8_rep2,2,4,2,sm_89,R1_EVENT_OVERLAP,NCCL,C2_RING_SIMPLE_CH8,2048,4096,2048,8,4,2097152,64,0,3177.888,4356.704,5423.200,1066.496,PASS,0
PHASEB_formal_r1_C2_RING_SIMPLE_CH8_N4096_q8_rep2,2,4,2,sm_89,R1_EVENT_OVERLAP,NCCL,C2_RING_SIMPLE_CH8,2048,4096,2048,8,5,2097152,64,0,4190.048,5426.624,6482.176,1055.552,PASS,0
PHASEB_formal_r1_C2_RING_SIMPLE_CH8_N4096_q8_rep2,2,4,2,sm_89,R1_EVENT_OVERLAP,NCCL,C2_RING_SIMPLE_CH8,2048,4096,2048,8,6,2097152,64,0,5189.472,6485.600,7464.320,978.720,PASS,0
PHASEB_formal_r1_C2_RING_SIMPLE_CH8_N4096_q8_rep2,2,4,2,sm_89,R1_EVENT_OVERLAP,NCCL,C2_RING_SIMPLE_CH8,2048,4096,2048,8,7,2097152,64,0,6153.888,7467.744,8444.576,976.832,PASS,0
PHASEB_formal_r1_C2_RING_SIMPLE_CH8_N4096_q8_rep2,2,4,2,sm_89,R1_EVENT_OVERLAP,NCCL,C2_RING_SIMPLE_CH8,2048,4096,2048,8,0,2097152,65,0,179.232,186.016,1181.408,995.392,PASS,0
PHASEB_formal_r1_C2_RING_SIMPLE_CH8_N4096_q8_rep2,2,4,2,sm_89,R1_EVENT_OVERLAP,NCCL,C2_RING_SIMPLE_CH8,2048,4096,2048,8,1,2097152,65,0,294.592,1184.800,2176.864,992.064,PASS,0
PHASEB_formal_r1_C2_RING_SIMPLE_CH8_N4096_q8_rep2,2,4,2,sm_89,R1_EVENT_OVERLAP,NCCL,C2_RING_SIMPLE_CH8,2048,4096,2048,8,2,2097152,65,0,1195.520,2180.672,3175.264,994.592,PASS,0
PHASEB_formal_r1_C2_RING_SIMPLE_CH8_N4096_q8_rep2,2,4,2,sm_89,R1_EVENT_OVERLAP,NCCL,C2_RING_SIMPLE_CH8,2048,4096,2048,8,3,2097152,65,0,2187.040,3178.656,4246.912,1068.256,PASS,0
PHASEB_formal_r1_C2_RING_SIMPLE_CH8_N4096_q8_rep2,2,4,2,sm_89,R1_EVENT_OVERLAP,NCCL,C2_RING_SIMPLE_CH8,2048,4096,2048,8,4,2097152,65,0,3165.472,4250.240,5315.776,1065.536,PASS,0
PHASEB_formal_r1_C2_RING_SIMPLE_CH8_N4096_q8_rep2,2,4,2,sm_89,R1_EVENT_OVERLAP,NCCL,C2_RING_SIMPLE_CH8,2048,4096,2048,8,5,2097152,65,0,4172.448,5319.392,6376.096,1056.704,PASS,0
PHASEB_formal_r1_C2_RING_SIMPLE_CH8_N4096_q8_rep2,2,4,2,sm_89,R1_EVENT_OVERLAP,NCCL,C2_RING_SIMPLE_CH8,2048,4096,2048,8,6,2097152,65,0,5166.560,6379.552,7357.728,978.176,PASS,0
PHASEB_formal_r1_C2_RING_SIMPLE_CH8_N4096_q8_rep2,2,4,2,sm_89,R1_EVENT_OVERLAP,NCCL,C2_RING_SIMPLE_CH8,2048,4096,2048,8,7,2097152,65,0,6156.864,7361.152,8338.912,977.760,PASS,0
PHASEB_formal_r1_C2_RING_SIMPLE_CH8_N4096_q8_rep2,2,4,2,sm_89,R1_EVENT_OVERLAP,NCCL,C2_RING_SIMPLE_CH8,2048,4096,2048,8,0,2097152,66,0,172.640,179.840,1177.056,997.216,PASS,0
PHASEB_formal_r1_C2_RING_SIMPLE_CH8_N4096_q8_rep2,2,4,2,sm_89,R1_EVENT_OVERLAP,NCCL,C2_RING_SIMPLE_CH8,2048,4096,2048,8,1,2097152,66,0,289.824,1180.704,2176.864,996.160,PASS,0
PHASEB_formal_r1_C2_RING_SIMPLE_CH8_N4096_q8_rep2,2,4,2,sm_89,R1_EVENT_OVERLAP,NCCL,C2_RING_SIMPLE_CH8,2048,4096,2048,8,2,2097152,66,0,1189.728,2180.256,3246.720,1066.464,PASS,0
PHASEB_formal_r1_C2_RING_SIMPLE_CH8_N4096_q8_rep2,2,4,2,sm_89,R1_EVENT_OVERLAP,NCCL,C2_RING_SIMPLE_CH8,2048,4096,2048,8,3,2097152,66,0,2167.456,3250.080,4322.912,1072.832,PASS,0
PHASEB_formal_r1_C2_RING_SIMPLE_CH8_N4096_q8_rep2,2,4,2,sm_89,R1_EVENT_OVERLAP,NCCL,C2_RING_SIMPLE_CH8,2048,4096,2048,8,4,2097152,66,0,3164.160,4326.336,5384.384,1058.048,PASS,0
PHASEB_formal_r1_C2_RING_SIMPLE_CH8_N4096_q8_rep2,2,4,2,sm_89,R1_EVENT_OVERLAP,NCCL,C2_RING_SIMPLE_CH8,2048,4096,2048,8,5,2097152,66,0,4144.128,5387.808,6365.440,977.632,PASS,0
PHASEB_formal_r1_C2_RING_SIMPLE_CH8_N4096_q8_rep2,2,4,2,sm_89,R1_EVENT_OVERLAP,NCCL,C2_RING_SIMPLE_CH8,2048,4096,2048,8,6,2097152,66,0,4313.152,6368.864,7346.944,978.080,PASS,0
PHASEB_formal_r1_C2_RING_SIMPLE_CH8_N4096_q8_rep2,2,4,2,sm_89,R1_EVENT_OVERLAP,NCCL,C2_RING_SIMPLE_CH8,2048,4096,2048,8,7,2097152,66,0,5195.456,7350.400,8328.128,977.728,PASS,0
PHASEB_formal_r1_C2_RING_SIMPLE_CH8_N4096_q8_rep2,2,4,2,sm_89,R1_EVENT_OVERLAP,NCCL,C2_RING_SIMPLE_CH8,2048,4096,2048,8,0,2097152,67,0,193.664,200.128,1193.952,993.824,PASS,0
PHASEB_formal_r1_C2_RING_SIMPLE_CH8_N4096_q8_rep2,2,4,2,sm_89,R1_EVENT_OVERLAP,NCCL,C2_RING_SIMPLE_CH8,2048,4096,2048,8,1,2097152,67,0,307.904,1197.312,2194.400,997.088,PASS,0
PHASEB_formal_r1_C2_RING_SIMPLE_CH8_N4096_q8_rep2,2,4,2,sm_89,R1_EVENT_OVERLAP,NCCL,C2_RING_SIMPLE_CH8,2048,4096,2048,8,2,2097152,67,0,1203.552,2198.240,3187.072,988.832,PASS,0
PHASEB_formal_r1_C2_RING_SIMPLE_CH8_N4096_q8_rep2,2,4,2,sm_89,R1_EVENT_OVERLAP,NCCL,C2_RING_SIMPLE_CH8,2048,4096,2048,8,3,2097152,67,0,2188.192,3190.848,4180.096,989.248,PASS,0
PHASEB_formal_r1_C2_RING_SIMPLE_CH8_N4096_q8_rep2,2,4,2,sm_89,R1_EVENT_OVERLAP,NCCL,C2_RING_SIMPLE_CH8,2048,4096,2048,8,4,2097152,67,0,2310.976,4183.456,5175.584,992.128,PASS,0
PHASEB_formal_r1_C2_RING_SIMPLE_CH8_N4096_q8_rep2,2,4,2,sm_89,R1_EVENT_OVERLAP,NCCL,C2_RING_SIMPLE_CH8,2048,4096,2048,8,5,2097152,67,0,3285.248,5179.040,6157.632,978.592,PASS,0
PHASEB_formal_r1_C2_RING_SIMPLE_CH8_N4096_q8_rep2,2,4,2,sm_89,R1_EVENT_OVERLAP,NCCL,C2_RING_SIMPLE_CH8,2048,4096,2048,8,6,2097152,67,0,4260.960,6161.056,7138.848,977.792,PASS,0
PHASEB_formal_r1_C2_RING_SIMPLE_CH8_N4096_q8_rep2,2,4,2,sm_89,R1_EVENT_OVERLAP,NCCL,C2_RING_SIMPLE_CH8,2048,4096,2048,8,7,2097152,67,0,5168.256,7142.464,8120.224,977.760,PASS,0
PHASEB_formal_r1_C2_RING_SIMPLE_CH8_N4096_q8_rep2,2,4,2,sm_89,R1_EVENT_OVERLAP,NCCL,C2_RING_SIMPLE_CH8,2048,4096,2048,8,0,2097152,68,0,191.008,197.856,1198.560,1000.704,PASS,0
PHASEB_formal_r1_C2_RING_SIMPLE_CH8_N4096_q8_rep2,2,4,2,sm_89,R1_EVENT_OVERLAP,NCCL,C2_RING_SIMPLE_CH8,2048,4096,2048,8,1,2097152,68,0,305.984,1203.520,2208.480,1004.960,PASS,0
PHASEB_formal_r1_C2_RING_SIMPLE_CH8_N4096_q8_rep2,2,4,2,sm_89,R1_EVENT_OVERLAP,NCCL,C2_RING_SIMPLE_CH8,2048,4096,2048,8,2,2097152,68,0,1227.616,2212.064,3278.880,1066.816,PASS,0
PHASEB_formal_r1_C2_RING_SIMPLE_CH8_N4096_q8_rep2,2,4,2,sm_89,R1_EVENT_OVERLAP,NCCL,C2_RING_SIMPLE_CH8,2048,4096,2048,8,3,2097152,68,0,2202.336,3282.560,4358.976,1076.416,PASS,0
PHASEB_formal_r1_C2_RING_SIMPLE_CH8_N4096_q8_rep2,2,4,2,sm_89,R1_EVENT_OVERLAP,NCCL,C2_RING_SIMPLE_CH8,2048,4096,2048,8,4,2097152,68,0,3180.480,4362.752,5427.936,1065.184,PASS,0
PHASEB_formal_r1_C2_RING_SIMPLE_CH8_N4096_q8_rep2,2,4,2,sm_89,R1_EVENT_OVERLAP,NCCL,C2_RING_SIMPLE_CH8,2048,4096,2048,8,5,2097152,68,0,4170.528,5431.392,6486.112,1054.720,PASS,0
PHASEB_formal_r1_C2_RING_SIMPLE_CH8_N4096_q8_rep2,2,4,2,sm_89,R1_EVENT_OVERLAP,NCCL,C2_RING_SIMPLE_CH8,2048,4096,2048,8,6,2097152,68,0,5157.568,6489.536,7468.160,978.624,PASS,0
PHASEB_formal_r1_C2_RING_SIMPLE_CH8_N4096_q8_rep2,2,4,2,sm_89,R1_EVENT_OVERLAP,NCCL,C2_RING_SIMPLE_CH8,2048,4096,2048,8,7,2097152,68,0,6145.856,7471.520,8448.544,977.024,PASS,0
PHASEB_formal_r1_C2_RING_SIMPLE_CH8_N4096_q8_rep2,2,4,2,sm_89,R1_EVENT_OVERLAP,NCCL,C2_RING_SIMPLE_CH8,2048,4096,2048,8,0,2097152,69,0,172.576,179.136,1178.176,999.040,PASS,0
PHASEB_formal_r1_C2_RING_SIMPLE_CH8_N4096_q8_rep2,2,4,2,sm_89,R1_EVENT_OVERLAP,NCCL,C2_RING_SIMPLE_CH8,2048,4096,2048,8,1,2097152,69,0,287.008,1181.696,2175.136,993.440,PASS,0
PHASEB_formal_r1_C2_RING_SIMPLE_CH8_N4096_q8_rep2,2,4,2,sm_89,R1_EVENT_OVERLAP,NCCL,C2_RING_SIMPLE_CH8,2048,4096,2048,8,2,2097152,69,0,1188.704,2178.528,3171.168,992.640,PASS,0
PHASEB_formal_r1_C2_RING_SIMPLE_CH8_N4096_q8_rep2,2,4,2,sm_89,R1_EVENT_OVERLAP,NCCL,C2_RING_SIMPLE_CH8,2048,4096,2048,8,3,2097152,69,0,2188.640,3174.560,4174.304,999.744,PASS,0
PHASEB_formal_r1_C2_RING_SIMPLE_CH8_N4096_q8_rep2,2,4,2,sm_89,R1_EVENT_OVERLAP,NCCL,C2_RING_SIMPLE_CH8,2048,4096,2048,8,4,2097152,69,0,3180.864,4177.664,5242.656,1064.992,PASS,0
PHASEB_formal_r1_C2_RING_SIMPLE_CH8_N4096_q8_rep2,2,4,2,sm_89,R1_EVENT_OVERLAP,NCCL,C2_RING_SIMPLE_CH8,2048,4096,2048,8,5,2097152,69,0,4167.328,5246.016,6305.120,1059.104,PASS,0
PHASEB_formal_r1_C2_RING_SIMPLE_CH8_N4096_q8_rep2,2,4,2,sm_89,R1_EVENT_OVERLAP,NCCL,C2_RING_SIMPLE_CH8,2048,4096,2048,8,6,2097152,69,0,5153.056,6308.544,7286.944,978.400,PASS,0
PHASEB_formal_r1_C2_RING_SIMPLE_CH8_N4096_q8_rep2,2,4,2,sm_89,R1_EVENT_OVERLAP,NCCL,C2_RING_SIMPLE_CH8,2048,4096,2048,8,7,2097152,69,0,6141.504,7290.368,8268.544,978.176,PASS,0
PHASEB_formal_r1_C2_RING_SIMPLE_CH8_N4096_q8_rep2,2,4,2,sm_89,R1_EVENT_OVERLAP,NCCL,C2_RING_SIMPLE_CH8,2048,4096,2048,8,0,2097152,70,0,183.392,190.176,1187.456,997.280,PASS,0
PHASEB_formal_r1_C2_RING_SIMPLE_CH8_N4096_q8_rep2,2,4,2,sm_89,R1_EVENT_OVERLAP,NCCL,C2_RING_SIMPLE_CH8,2048,4096,2048,8,1,2097152,70,0,297.856,1190.816,2195.072,1004.256,PASS,0
PHASEB_formal_r1_C2_RING_SIMPLE_CH8_N4096_q8_rep2,2,4,2,sm_89,R1_EVENT_OVERLAP,NCCL,C2_RING_SIMPLE_CH8,2048,4096,2048,8,2,2097152,70,0,1197.088,2198.464,3269.472,1071.008,PASS,0
PHASEB_formal_r1_C2_RING_SIMPLE_CH8_N4096_q8_rep2,2,4,2,sm_89,R1_EVENT_OVERLAP,NCCL,C2_RING_SIMPLE_CH8,2048,4096,2048,8,3,2097152,70,0,2188.640,3272.832,4338.784,1065.952,PASS,0
PHASEB_formal_r1_C2_RING_SIMPLE_CH8_N4096_q8_rep2,2,4,2,sm_89,R1_EVENT_OVERLAP,NCCL,C2_RING_SIMPLE_CH8,2048,4096,2048,8,4,2097152,70,0,3203.680,4342.144,5406.176,1064.032,PASS,0
PHASEB_formal_r1_C2_RING_SIMPLE_CH8_N4096_q8_rep2,2,4,2,sm_89,R1_EVENT_OVERLAP,NCCL,C2_RING_SIMPLE_CH8,2048,4096,2048,8,5,2097152,70,0,4174.944,5409.568,6463.712,1054.144,PASS,0
PHASEB_formal_r1_C2_RING_SIMPLE_CH8_N4096_q8_rep2,2,4,2,sm_89,R1_EVENT_OVERLAP,NCCL,C2_RING_SIMPLE_CH8,2048,4096,2048,8,6,2097152,70,0,5153.568,6467.136,7445.888,978.752,PASS,0
PHASEB_formal_r1_C2_RING_SIMPLE_CH8_N4096_q8_rep2,2,4,2,sm_89,R1_EVENT_OVERLAP,NCCL,C2_RING_SIMPLE_CH8,2048,4096,2048,8,7,2097152,70,0,6171.264,7449.312,8426.464,977.152,PASS,0
PHASEB_formal_r1_C2_RING_SIMPLE_CH8_N4096_q8_rep2,2,4,2,sm_89,R1_EVENT_OVERLAP,NCCL,C2_RING_SIMPLE_CH8,2048,4096,2048,8,0,2097152,71,0,190.688,197.152,1194.496,997.344,PASS,0
PHASEB_formal_r1_C2_RING_SIMPLE_CH8_N4096_q8_rep2,2,4,2,sm_89,R1_EVENT_OVERLAP,NCCL,C2_RING_SIMPLE_CH8,2048,4096,2048,8,1,2097152,71,0,306.304,1197.888,2193.632,995.744,PASS,0
PHASEB_formal_r1_C2_RING_SIMPLE_CH8_N4096_q8_rep2,2,4,2,sm_89,R1_EVENT_OVERLAP,NCCL,C2_RING_SIMPLE_CH8,2048,4096,2048,8,2,2097152,71,0,1204.160,2196.992,3264.192,1067.200,PASS,0
PHASEB_formal_r1_C2_RING_SIMPLE_CH8_N4096_q8_rep2,2,4,2,sm_89,R1_EVENT_OVERLAP,NCCL,C2_RING_SIMPLE_CH8,2048,4096,2048,8,3,2097152,71,0,2184.064,3267.840,4334.816,1066.976,PASS,0
PHASEB_formal_r1_C2_RING_SIMPLE_CH8_N4096_q8_rep2,2,4,2,sm_89,R1_EVENT_OVERLAP,NCCL,C2_RING_SIMPLE_CH8,2048,4096,2048,8,4,2097152,71,0,3170.400,4338.464,5402.528,1064.064,PASS,0
PHASEB_formal_r1_C2_RING_SIMPLE_CH8_N4096_q8_rep2,2,4,2,sm_89,R1_EVENT_OVERLAP,NCCL,C2_RING_SIMPLE_CH8,2048,4096,2048,8,5,2097152,71,0,4176.480,5406.304,6462.304,1056.000,PASS,0
PHASEB_formal_r1_C2_RING_SIMPLE_CH8_N4096_q8_rep2,2,4,2,sm_89,R1_EVENT_OVERLAP,NCCL,C2_RING_SIMPLE_CH8,2048,4096,2048,8,6,2097152,71,0,5158.752,6465.856,7443.936,978.080,PASS,0
PHASEB_formal_r1_C2_RING_SIMPLE_CH8_N4096_q8_rep2,2,4,2,sm_89,R1_EVENT_OVERLAP,NCCL,C2_RING_SIMPLE_CH8,2048,4096,2048,8,7,2097152,71,0,6143.936,7447.360,8425.473,978.112,PASS,0
PHASEB_formal_r1_C2_RING_SIMPLE_CH8_N4096_q8_rep2,2,4,2,sm_89,R1_EVENT_OVERLAP,NCCL,C2_RING_SIMPLE_CH8,2048,4096,2048,8,0,2097152,72,0,189.056,195.264,1187.808,992.544,PASS,0
PHASEB_formal_r1_C2_RING_SIMPLE_CH8_N4096_q8_rep2,2,4,2,sm_89,R1_EVENT_OVERLAP,NCCL,C2_RING_SIMPLE_CH8,2048,4096,2048,8,1,2097152,72,0,304.800,1192.128,2194.240,1002.112,PASS,0
PHASEB_formal_r1_C2_RING_SIMPLE_CH8_N4096_q8_rep2,2,4,2,sm_89,R1_EVENT_OVERLAP,NCCL,C2_RING_SIMPLE_CH8,2048,4096,2048,8,2,2097152,72,0,1210.784,2197.664,3263.008,1065.344,PASS,0
PHASEB_formal_r1_C2_RING_SIMPLE_CH8_N4096_q8_rep2,2,4,2,sm_89,R1_EVENT_OVERLAP,NCCL,C2_RING_SIMPLE_CH8,2048,4096,2048,8,3,2097152,72,0,2187.520,3266.784,4334.080,1067.296,PASS,0
PHASEB_formal_r1_C2_RING_SIMPLE_CH8_N4096_q8_rep2,2,4,2,sm_89,R1_EVENT_OVERLAP,NCCL,C2_RING_SIMPLE_CH8,2048,4096,2048,8,4,2097152,72,0,3179.104,4337.472,5403.328,1065.856,PASS,0
PHASEB_formal_r1_C2_RING_SIMPLE_CH8_N4096_q8_rep2,2,4,2,sm_89,R1_EVENT_OVERLAP,NCCL,C2_RING_SIMPLE_CH8,2048,4096,2048,8,5,2097152,72,0,4169.952,5407.008,6461.600,1054.592,PASS,0
PHASEB_formal_r1_C2_RING_SIMPLE_CH8_N4096_q8_rep2,2,4,2,sm_89,R1_EVENT_OVERLAP,NCCL,C2_RING_SIMPLE_CH8,2048,4096,2048,8,6,2097152,72,0,5175.456,6465.056,7444.320,979.264,PASS,0
PHASEB_formal_r1_C2_RING_SIMPLE_CH8_N4096_q8_rep2,2,4,2,sm_89,R1_EVENT_OVERLAP,NCCL,C2_RING_SIMPLE_CH8,2048,4096,2048,8,7,2097152,72,0,6157.792,7447.776,8424.832,977.056,PASS,0
PHASEB_formal_r1_C2_RING_SIMPLE_CH8_N4096_q8_rep2,2,4,2,sm_89,R1_EVENT_OVERLAP,NCCL,C2_RING_SIMPLE_CH8,2048,4096,2048,8,0,2097152,73,0,171.360,178.336,1176.736,998.400,PASS,0
PHASEB_formal_r1_C2_RING_SIMPLE_CH8_N4096_q8_rep2,2,4,2,sm_89,R1_EVENT_OVERLAP,NCCL,C2_RING_SIMPLE_CH8,2048,4096,2048,8,1,2097152,73,0,285.568,1180.320,2173.760,993.440,PASS,0
PHASEB_formal_r1_C2_RING_SIMPLE_CH8_N4096_q8_rep2,2,4,2,sm_89,R1_EVENT_OVERLAP,NCCL,C2_RING_SIMPLE_CH8,2048,4096,2048,8,2,2097152,73,0,1186.816,2177.184,3173.888,996.704,PASS,0
PHASEB_formal_r1_C2_RING_SIMPLE_CH8_N4096_q8_rep2,2,4,2,sm_89,R1_EVENT_OVERLAP,NCCL,C2_RING_SIMPLE_CH8,2048,4096,2048,8,3,2097152,73,0,2183.488,3177.312,4245.216,1067.904,PASS,0
PHASEB_formal_r1_C2_RING_SIMPLE_CH8_N4096_q8_rep2,2,4,2,sm_89,R1_EVENT_OVERLAP,NCCL,C2_RING_SIMPLE_CH8,2048,4096,2048,8,4,2097152,73,0,3163.904,4248.640,5315.296,1066.656,PASS,0
PHASEB_formal_r1_C2_RING_SIMPLE_CH8_N4096_q8_rep2,2,4,2,sm_89,R1_EVENT_OVERLAP,NCCL,C2_RING_SIMPLE_CH8,2048,4096,2048,8,5,2097152,73,0,4150.496,5319.104,6376.864,1057.760,PASS,0
PHASEB_formal_r1_C2_RING_SIMPLE_CH8_N4096_q8_rep2,2,4,2,sm_89,R1_EVENT_OVERLAP,NCCL,C2_RING_SIMPLE_CH8,2048,4096,2048,8,6,2097152,73,0,5145.088,6380.288,7357.952,977.664,PASS,0
PHASEB_formal_r1_C2_RING_SIMPLE_CH8_N4096_q8_rep2,2,4,2,sm_89,R1_EVENT_OVERLAP,NCCL,C2_RING_SIMPLE_CH8,2048,4096,2048,8,7,2097152,73,0,6150.048,7361.376,8339.712,978.336,PASS,0
PHASEB_formal_r1_C2_RING_SIMPLE_CH8_N4096_q8_rep2,2,4,2,sm_89,R1_EVENT_OVERLAP,NCCL,C2_RING_SIMPLE_CH8,2048,4096,2048,8,0,2097152,74,0,177.120,183.680,1182.752,999.072,PASS,0
PHASEB_formal_r1_C2_RING_SIMPLE_CH8_N4096_q8_rep2,2,4,2,sm_89,R1_EVENT_OVERLAP,NCCL,C2_RING_SIMPLE_CH8,2048,4096,2048,8,1,2097152,74,0,293.184,1186.240,2186.688,1000.448,PASS,0
PHASEB_formal_r1_C2_RING_SIMPLE_CH8_N4096_q8_rep2,2,4,2,sm_89,R1_EVENT_OVERLAP,NCCL,C2_RING_SIMPLE_CH8,2048,4096,2048,8,2,2097152,74,0,1192.736,2190.112,3258.752,1068.640,PASS,0
PHASEB_formal_r1_C2_RING_SIMPLE_CH8_N4096_q8_rep2,2,4,2,sm_89,R1_EVENT_OVERLAP,NCCL,C2_RING_SIMPLE_CH8,2048,4096,2048,8,3,2097152,74,0,2179.712,3262.400,4331.936,1069.536,PASS,0
PHASEB_formal_r1_C2_RING_SIMPLE_CH8_N4096_q8_rep2,2,4,2,sm_89,R1_EVENT_OVERLAP,NCCL,C2_RING_SIMPLE_CH8,2048,4096,2048,8,4,2097152,74,0,3168.064,4335.808,5330.208,994.400,PASS,0
PHASEB_formal_r1_C2_RING_SIMPLE_CH8_N4096_q8_rep2,2,4,2,sm_89,R1_EVENT_OVERLAP,NCCL,C2_RING_SIMPLE_CH8,2048,4096,2048,8,5,2097152,74,0,4155.808,5333.632,6311.296,977.664,PASS,0
PHASEB_formal_r1_C2_RING_SIMPLE_CH8_N4096_q8_rep2,2,4,2,sm_89,R1_EVENT_OVERLAP,NCCL,C2_RING_SIMPLE_CH8,2048,4096,2048,8,6,2097152,74,0,4342.176,6314.752,7293.184,978.432,PASS,0
PHASEB_formal_r1_C2_RING_SIMPLE_CH8_N4096_q8_rep2,2,4,2,sm_89,R1_EVENT_OVERLAP,NCCL,C2_RING_SIMPLE_CH8,2048,4096,2048,8,7,2097152,74,0,5320.864,7296.608,8273.729,977.120,PASS,0
PHASEB_formal_r1_C2_RING_SIMPLE_CH8_N4096_q8_rep2,2,4,2,sm_89,R1_EVENT_OVERLAP,NCCL,C2_RING_SIMPLE_CH8,2048,4096,2048,8,0,2097152,75,0,202.240,208.960,1202.432,993.472,PASS,0
PHASEB_formal_r1_C2_RING_SIMPLE_CH8_N4096_q8_rep2,2,4,2,sm_89,R1_EVENT_OVERLAP,NCCL,C2_RING_SIMPLE_CH8,2048,4096,2048,8,1,2097152,75,0,316.832,1205.952,2204.544,998.592,PASS,0
PHASEB_formal_r1_C2_RING_SIMPLE_CH8_N4096_q8_rep2,2,4,2,sm_89,R1_EVENT_OVERLAP,NCCL,C2_RING_SIMPLE_CH8,2048,4096,2048,8,2,2097152,75,0,1215.008,2208.096,3277.728,1069.632,PASS,0
PHASEB_formal_r1_C2_RING_SIMPLE_CH8_N4096_q8_rep2,2,4,2,sm_89,R1_EVENT_OVERLAP,NCCL,C2_RING_SIMPLE_CH8,2048,4096,2048,8,3,2097152,75,0,2197.888,3281.120,4349.440,1068.320,PASS,0
PHASEB_formal_r1_C2_RING_SIMPLE_CH8_N4096_q8_rep2,2,4,2,sm_89,R1_EVENT_OVERLAP,NCCL,C2_RING_SIMPLE_CH8,2048,4096,2048,8,4,2097152,75,0,3188.960,4352.768,5426.880,1074.112,PASS,0
PHASEB_formal_r1_C2_RING_SIMPLE_CH8_N4096_q8_rep2,2,4,2,sm_89,R1_EVENT_OVERLAP,NCCL,C2_RING_SIMPLE_CH8,2048,4096,2048,8,5,2097152,75,0,4186.144,5430.304,6409.568,979.264,PASS,0
PHASEB_formal_r1_C2_RING_SIMPLE_CH8_N4096_q8_rep2,2,4,2,sm_89,R1_EVENT_OVERLAP,NCCL,C2_RING_SIMPLE_CH8,2048,4096,2048,8,6,2097152,75,0,5168.576,6413.408,7390.784,977.376,PASS,0
PHASEB_formal_r1_C2_RING_SIMPLE_CH8_N4096_q8_rep2,2,4,2,sm_89,R1_EVENT_OVERLAP,NCCL,C2_RING_SIMPLE_CH8,2048,4096,2048,8,7,2097152,75,0,5419.904,7394.208,8371.936,977.728,PASS,0
PHASEB_formal_r1_C2_RING_SIMPLE_CH8_N4096_q8_rep2,2,4,2,sm_89,R1_EVENT_OVERLAP,NCCL,C2_RING_SIMPLE_CH8,2048,4096,2048,8,0,2097152,76,0,173.632,179.840,1177.312,997.472,PASS,0
PHASEB_formal_r1_C2_RING_SIMPLE_CH8_N4096_q8_rep2,2,4,2,sm_89,R1_EVENT_OVERLAP,NCCL,C2_RING_SIMPLE_CH8,2048,4096,2048,8,1,2097152,76,0,288.128,1181.280,2183.712,1002.432,PASS,0
PHASEB_formal_r1_C2_RING_SIMPLE_CH8_N4096_q8_rep2,2,4,2,sm_89,R1_EVENT_OVERLAP,NCCL,C2_RING_SIMPLE_CH8,2048,4096,2048,8,2,2097152,76,0,1205.664,2187.392,3264.704,1077.312,PASS,0
PHASEB_formal_r1_C2_RING_SIMPLE_CH8_N4096_q8_rep2,2,4,2,sm_89,R1_EVENT_OVERLAP,NCCL,C2_RING_SIMPLE_CH8,2048,4096,2048,8,3,2097152,76,0,2176.704,3268.576,4261.312,992.736,PASS,0
PHASEB_formal_r1_C2_RING_SIMPLE_CH8_N4096_q8_rep2,2,4,2,sm_89,R1_EVENT_OVERLAP,NCCL,C2_RING_SIMPLE_CH8,2048,4096,2048,8,4,2097152,76,0,3159.776,4264.608,5256.416,991.808,PASS,0
PHASEB_formal_r1_C2_RING_SIMPLE_CH8_N4096_q8_rep2,2,4,2,sm_89,R1_EVENT_OVERLAP,NCCL,C2_RING_SIMPLE_CH8,2048,4096,2048,8,5,2097152,76,0,3299.520,5260.032,6238.016,977.984,PASS,0
PHASEB_formal_r1_C2_RING_SIMPLE_CH8_N4096_q8_rep2,2,4,2,sm_89,R1_EVENT_OVERLAP,NCCL,C2_RING_SIMPLE_CH8,2048,4096,2048,8,6,2097152,76,0,4270.976,6241.472,7220.928,979.456,PASS,0
PHASEB_formal_r1_C2_RING_SIMPLE_CH8_N4096_q8_rep2,2,4,2,sm_89,R1_EVENT_OVERLAP,NCCL,C2_RING_SIMPLE_CH8,2048,4096,2048,8,7,2097152,76,0,5267.488,7224.352,8202.016,977.664,PASS,0
PHASEB_formal_r1_C2_RING_SIMPLE_CH8_N4096_q8_rep2,2,4,2,sm_89,R1_EVENT_OVERLAP,NCCL,C2_RING_SIMPLE_CH8,2048,4096,2048,8,0,2097152,77,0,179.328,186.048,1180.864,994.816,PASS,0
PHASEB_formal_r1_C2_RING_SIMPLE_CH8_N4096_q8_rep2,2,4,2,sm_89,R1_EVENT_OVERLAP,NCCL,C2_RING_SIMPLE_CH8,2048,4096,2048,8,1,2097152,77,0,294.816,1184.288,2174.464,990.176,PASS,0
PHASEB_formal_r1_C2_RING_SIMPLE_CH8_N4096_q8_rep2,2,4,2,sm_89,R1_EVENT_OVERLAP,NCCL,C2_RING_SIMPLE_CH8,2048,4096,2048,8,2,2097152,77,0,1190.400,2178.560,3172.608,994.048,PASS,0
PHASEB_formal_r1_C2_RING_SIMPLE_CH8_N4096_q8_rep2,2,4,2,sm_89,R1_EVENT_OVERLAP,NCCL,C2_RING_SIMPLE_CH8,2048,4096,2048,8,3,2097152,77,0,2201.856,3175.904,4174.400,998.496,PASS,0
PHASEB_formal_r1_C2_RING_SIMPLE_CH8_N4096_q8_rep2,2,4,2,sm_89,R1_EVENT_OVERLAP,NCCL,C2_RING_SIMPLE_CH8,2048,4096,2048,8,4,2097152,77,0,3184.896,4177.792,5244.672,1066.880,PASS,0
PHASEB_formal_r1_C2_RING_SIMPLE_CH8_N4096_q8_rep2,2,4,2,sm_89,R1_EVENT_OVERLAP,NCCL,C2_RING_SIMPLE_CH8,2048,4096,2048,8,5,2097152,77,0,4167.712,5248.000,6307.264,1059.264,PASS,0
PHASEB_formal_r1_C2_RING_SIMPLE_CH8_N4096_q8_rep2,2,4,2,sm_89,R1_EVENT_OVERLAP,NCCL,C2_RING_SIMPLE_CH8,2048,4096,2048,8,6,2097152,77,0,5159.488,6310.688,7288.864,978.176,PASS,0
PHASEB_formal_r1_C2_RING_SIMPLE_CH8_N4096_q8_rep2,2,4,2,sm_89,R1_EVENT_OVERLAP,NCCL,C2_RING_SIMPLE_CH8,2048,4096,2048,8,7,2097152,77,0,6151.744,7292.288,8270.688,978.400,PASS,0
PHASEB_formal_r1_C2_RING_SIMPLE_CH8_N4096_q8_rep2,2,4,2,sm_89,R1_EVENT_OVERLAP,NCCL,C2_RING_SIMPLE_CH8,2048,4096,2048,8,0,2097152,78,0,185.184,192.192,1189.728,997.536,PASS,0
PHASEB_formal_r1_C2_RING_SIMPLE_CH8_N4096_q8_rep2,2,4,2,sm_89,R1_EVENT_OVERLAP,NCCL,C2_RING_SIMPLE_CH8,2048,4096,2048,8,1,2097152,78,0,301.088,1193.120,2191.104,997.984,PASS,0
PHASEB_formal_r1_C2_RING_SIMPLE_CH8_N4096_q8_rep2,2,4,2,sm_89,R1_EVENT_OVERLAP,NCCL,C2_RING_SIMPLE_CH8,2048,4096,2048,8,2,2097152,78,0,1199.424,2194.528,3261.952,1067.424,PASS,0
PHASEB_formal_r1_C2_RING_SIMPLE_CH8_N4096_q8_rep2,2,4,2,sm_89,R1_EVENT_OVERLAP,NCCL,C2_RING_SIMPLE_CH8,2048,4096,2048,8,3,2097152,78,0,2181.504,3265.632,4332.768,1067.136,PASS,0
PHASEB_formal_r1_C2_RING_SIMPLE_CH8_N4096_q8_rep2,2,4,2,sm_89,R1_EVENT_OVERLAP,NCCL,C2_RING_SIMPLE_CH8,2048,4096,2048,8,4,2097152,78,0,3170.976,4336.192,5401.088,1064.896,PASS,0
PHASEB_formal_r1_C2_RING_SIMPLE_CH8_N4096_q8_rep2,2,4,2,sm_89,R1_EVENT_OVERLAP,NCCL,C2_RING_SIMPLE_CH8,2048,4096,2048,8,5,2097152,78,0,4155.520,5404.704,6459.616,1054.912,PASS,0
PHASEB_formal_r1_C2_RING_SIMPLE_CH8_N4096_q8_rep2,2,4,2,sm_89,R1_EVENT_OVERLAP,NCCL,C2_RING_SIMPLE_CH8,2048,4096,2048,8,6,2097152,78,0,5147.648,6463.040,7442.400,979.360,PASS,0
PHASEB_formal_r1_C2_RING_SIMPLE_CH8_N4096_q8_rep2,2,4,2,sm_89,R1_EVENT_OVERLAP,NCCL,C2_RING_SIMPLE_CH8,2048,4096,2048,8,7,2097152,78,0,6148.512,7445.824,8423.264,977.440,PASS,0
PHASEB_formal_r1_C2_RING_SIMPLE_CH8_N4096_q8_rep2,2,4,2,sm_89,R1_EVENT_OVERLAP,NCCL,C2_RING_SIMPLE_CH8,2048,4096,2048,8,0,2097152,79,0,184.192,190.432,1183.296,992.864,PASS,0
PHASEB_formal_r1_C2_RING_SIMPLE_CH8_N4096_q8_rep2,2,4,2,sm_89,R1_EVENT_OVERLAP,NCCL,C2_RING_SIMPLE_CH8,2048,4096,2048,8,1,2097152,79,0,300.256,1187.168,2187.808,1000.640,PASS,0
PHASEB_formal_r1_C2_RING_SIMPLE_CH8_N4096_q8_rep2,2,4,2,sm_89,R1_EVENT_OVERLAP,NCCL,C2_RING_SIMPLE_CH8,2048,4096,2048,8,2,2097152,79,0,1194.016,2191.200,3187.808,996.608,PASS,0
PHASEB_formal_r1_C2_RING_SIMPLE_CH8_N4096_q8_rep2,2,4,2,sm_89,R1_EVENT_OVERLAP,NCCL,C2_RING_SIMPLE_CH8,2048,4096,2048,8,3,2097152,79,0,2180.992,3191.264,4183.776,992.512,PASS,0
PHASEB_formal_r1_C2_RING_SIMPLE_CH8_N4096_q8_rep2,2,4,2,sm_89,R1_EVENT_OVERLAP,NCCL,C2_RING_SIMPLE_CH8,2048,4096,2048,8,4,2097152,79,0,2298.880,4187.680,5185.696,998.016,PASS,0
PHASEB_formal_r1_C2_RING_SIMPLE_CH8_N4096_q8_rep2,2,4,2,sm_89,R1_EVENT_OVERLAP,NCCL,C2_RING_SIMPLE_CH8,2048,4096,2048,8,5,2097152,79,0,3206.240,5189.152,6167.936,978.784,PASS,0
PHASEB_formal_r1_C2_RING_SIMPLE_CH8_N4096_q8_rep2,2,4,2,sm_89,R1_EVENT_OVERLAP,NCCL,C2_RING_SIMPLE_CH8,2048,4096,2048,8,6,2097152,79,0,4194.816,6171.360,7149.376,978.016,PASS,0
PHASEB_formal_r1_C2_RING_SIMPLE_CH8_N4096_q8_rep2,2,4,2,sm_89,R1_EVENT_OVERLAP,NCCL,C2_RING_SIMPLE_CH8,2048,4096,2048,8,7,2097152,79,0,5178.496,7153.152,8131.264,978.112,PASS,0
