run_id,rank_count,path,family,candidate,M,N,K,q,slice_index,slice_bytes,iteration_index,t_issue_us,t_release_max_us,t_gemm_start_max_us,t_gemm_end_max_us,t_gemm_duration_max_us,correctness_all_ranks,status
mh_comm_C2_RING_SIMPLE_CH8_N8192_q16_rep3,4,COMM_ONLY,NCCL,C2_RING_SIMPLE_CH8,2048,8192,2048,16,0,1048576,0,0,215.584,0.000,0.000,0.000,PASS,0
mh_comm_C2_RING_SIMPLE_CH8_N8192_q16_rep3,4,COMM_ONLY,NCCL,C2_RING_SIMPLE_CH8,2048,8192,2048,16,1,1048576,0,0,295.616,0.000,0.000,0.000,PASS,0
mh_comm_C2_RING_SIMPLE_CH8_N8192_q16_rep3,4,COMM_ONLY,NCCL,C2_RING_SIMPLE_CH8,2048,8192,2048,16,2,1048576,0,0,376.608,0.000,0.000,0.000,PASS,0
mh_comm_C2_RING_SIMPLE_CH8_N8192_q16_rep3,4,COMM_ONLY,NCCL,C2_RING_SIMPLE_CH8,2048,8192,2048,16,3,1048576,0,0,457.280,0.000,0.000,0.000,PASS,0
mh_comm_C2_RING_SIMPLE_CH8_N8192_q16_rep3,4,COMM_ONLY,NCCL,C2_RING_SIMPLE_CH8,2048,8192,2048,16,4,1048576,0,0,537.920,0.000,0.000,0.000,PASS,0
mh_comm_C2_RING_SIMPLE_CH8_N8192_q16_rep3,4,COMM_ONLY,NCCL,C2_RING_SIMPLE_CH8,2048,8192,2048,16,5,1048576,0,0,618.560,0.000,0.000,0.000,PASS,0
mh_comm_C2_RING_SIMPLE_CH8_N8192_q16_rep3,4,COMM_ONLY,NCCL,C2_RING_SIMPLE_CH8,2048,8192,2048,16,6,1048576,0,0,700.288,0.000,0.000,0.000,PASS,0
mh_comm_C2_RING_SIMPLE_CH8_N8192_q16_rep3,4,COMM_ONLY,NCCL,C2_RING_SIMPLE_CH8,2048,8192,2048,16,7,1048576,0,0,782.048,0.000,0.000,0.000,PASS,0
mh_comm_C2_RING_SIMPLE_CH8_N8192_q16_rep3,4,COMM_ONLY,NCCL,C2_RING_SIMPLE_CH8,2048,8192,2048,16,8,1048576,0,0,862.272,0.000,0.000,0.000,PASS,0
mh_comm_C2_RING_SIMPLE_CH8_N8192_q16_rep3,4,COMM_ONLY,NCCL,C2_RING_SIMPLE_CH8,2048,8192,2048,16,9,1048576,0,0,942.080,0.000,0.000,0.000,PASS,0
mh_comm_C2_RING_SIMPLE_CH8_N8192_q16_rep3,4,COMM_ONLY,NCCL,C2_RING_SIMPLE_CH8,2048,8192,2048,16,10,1048576,0,0,1023.968,0.000,0.000,0.000,PASS,0
mh_comm_C2_RING_SIMPLE_CH8_N8192_q16_rep3,4,COMM_ONLY,NCCL,C2_RING_SIMPLE_CH8,2048,8192,2048,16,11,1048576,0,0,1105.536,0.000,0.000,0.000,PASS,0
mh_comm_C2_RING_SIMPLE_CH8_N8192_q16_rep3,4,COMM_ONLY,NCCL,C2_RING_SIMPLE_CH8,2048,8192,2048,16,12,1048576,0,0,1187.424,0.000,0.000,0.000,PASS,0
mh_comm_C2_RING_SIMPLE_CH8_N8192_q16_rep3,4,COMM_ONLY,NCCL,C2_RING_SIMPLE_CH8,2048,8192,2048,16,13,1048576,0,0,1268.448,0.000,0.000,0.000,PASS,0
mh_comm_C2_RING_SIMPLE_CH8_N8192_q16_rep3,4,COMM_ONLY,NCCL,C2_RING_SIMPLE_CH8,2048,8192,2048,16,14,1048576,0,0,1372.768,0.000,0.000,0.000,PASS,0
mh_comm_C2_RING_SIMPLE_CH8_N8192_q16_rep3,4,COMM_ONLY,NCCL,C2_RING_SIMPLE_CH8,2048,8192,2048,16,15,1048576,0,0,1452.832,0.000,0.000,0.000,PASS,0
mh_comm_C2_RING_SIMPLE_CH8_N8192_q16_rep3,4,COMM_ONLY,NCCL,C2_RING_SIMPLE_CH8,2048,8192,2048,16,0,1048576,1,0,225.056,0.000,0.000,0.000,PASS,0
mh_comm_C2_RING_SIMPLE_CH8_N8192_q16_rep3,4,COMM_ONLY,NCCL,C2_RING_SIMPLE_CH8,2048,8192,2048,16,1,1048576,1,0,305.504,0.000,0.000,0.000,PASS,0
mh_comm_C2_RING_SIMPLE_CH8_N8192_q16_rep3,4,COMM_ONLY,NCCL,C2_RING_SIMPLE_CH8,2048,8192,2048,16,2,1048576,1,0,385.024,0.000,0.000,0.000,PASS,0
mh_comm_C2_RING_SIMPLE_CH8_N8192_q16_rep3,4,COMM_ONLY,NCCL,C2_RING_SIMPLE_CH8,2048,8192,2048,16,3,1048576,1,0,466.176,0.000,0.000,0.000,PASS,0
mh_comm_C2_RING_SIMPLE_CH8_N8192_q16_rep3,4,COMM_ONLY,NCCL,C2_RING_SIMPLE_CH8,2048,8192,2048,16,4,1048576,1,0,548.032,0.000,0.000,0.000,PASS,0
mh_comm_C2_RING_SIMPLE_CH8_N8192_q16_rep3,4,COMM_ONLY,NCCL,C2_RING_SIMPLE_CH8,2048,8192,2048,16,5,1048576,1,0,627.936,0.000,0.000,0.000,PASS,0
mh_comm_C2_RING_SIMPLE_CH8_N8192_q16_rep3,4,COMM_ONLY,NCCL,C2_RING_SIMPLE_CH8,2048,8192,2048,16,6,1048576,1,0,709.568,0.000,0.000,0.000,PASS,0
mh_comm_C2_RING_SIMPLE_CH8_N8192_q16_rep3,4,COMM_ONLY,NCCL,C2_RING_SIMPLE_CH8,2048,8192,2048,16,7,1048576,1,0,790.848,0.000,0.000,0.000,PASS,0
mh_comm_C2_RING_SIMPLE_CH8_N8192_q16_rep3,4,COMM_ONLY,NCCL,C2_RING_SIMPLE_CH8,2048,8192,2048,16,8,1048576,1,0,871.680,0.000,0.000,0.000,PASS,0
mh_comm_C2_RING_SIMPLE_CH8_N8192_q16_rep3,4,COMM_ONLY,NCCL,C2_RING_SIMPLE_CH8,2048,8192,2048,16,9,1048576,1,0,976.736,0.000,0.000,0.000,PASS,0
mh_comm_C2_RING_SIMPLE_CH8_N8192_q16_rep3,4,COMM_ONLY,NCCL,C2_RING_SIMPLE_CH8,2048,8192,2048,16,10,1048576,1,0,1063.584,0.000,0.000,0.000,PASS,0
mh_comm_C2_RING_SIMPLE_CH8_N8192_q16_rep3,4,COMM_ONLY,NCCL,C2_RING_SIMPLE_CH8,2048,8192,2048,16,11,1048576,1,0,1144.512,0.000,0.000,0.000,PASS,0
mh_comm_C2_RING_SIMPLE_CH8_N8192_q16_rep3,4,COMM_ONLY,NCCL,C2_RING_SIMPLE_CH8,2048,8192,2048,16,12,1048576,1,0,1225.920,0.000,0.000,0.000,PASS,0
mh_comm_C2_RING_SIMPLE_CH8_N8192_q16_rep3,4,COMM_ONLY,NCCL,C2_RING_SIMPLE_CH8,2048,8192,2048,16,13,1048576,1,0,1308.480,0.000,0.000,0.000,PASS,0
mh_comm_C2_RING_SIMPLE_CH8_N8192_q16_rep3,4,COMM_ONLY,NCCL,C2_RING_SIMPLE_CH8,2048,8192,2048,16,14,1048576,1,0,1390.272,0.000,0.000,0.000,PASS,0
mh_comm_C2_RING_SIMPLE_CH8_N8192_q16_rep3,4,COMM_ONLY,NCCL,C2_RING_SIMPLE_CH8,2048,8192,2048,16,15,1048576,1,0,1481.312,0.000,0.000,0.000,PASS,0
mh_comm_C2_RING_SIMPLE_CH8_N8192_q16_rep3,4,COMM_ONLY,NCCL,C2_RING_SIMPLE_CH8,2048,8192,2048,16,0,1048576,2,0,214.432,0.000,0.000,0.000,PASS,0
mh_comm_C2_RING_SIMPLE_CH8_N8192_q16_rep3,4,COMM_ONLY,NCCL,C2_RING_SIMPLE_CH8,2048,8192,2048,16,1,1048576,2,0,308.704,0.000,0.000,0.000,PASS,0
mh_comm_C2_RING_SIMPLE_CH8_N8192_q16_rep3,4,COMM_ONLY,NCCL,C2_RING_SIMPLE_CH8,2048,8192,2048,16,2,1048576,2,0,419.744,0.000,0.000,0.000,PASS,0
mh_comm_C2_RING_SIMPLE_CH8_N8192_q16_rep3,4,COMM_ONLY,NCCL,C2_RING_SIMPLE_CH8,2048,8192,2048,16,3,1048576,2,0,547.648,0.000,0.000,0.000,PASS,0
mh_comm_C2_RING_SIMPLE_CH8_N8192_q16_rep3,4,COMM_ONLY,NCCL,C2_RING_SIMPLE_CH8,2048,8192,2048,16,4,1048576,2,0,638.944,0.000,0.000,0.000,PASS,0
mh_comm_C2_RING_SIMPLE_CH8_N8192_q16_rep3,4,COMM_ONLY,NCCL,C2_RING_SIMPLE_CH8,2048,8192,2048,16,5,1048576,2,0,746.048,0.000,0.000,0.000,PASS,0
mh_comm_C2_RING_SIMPLE_CH8_N8192_q16_rep3,4,COMM_ONLY,NCCL,C2_RING_SIMPLE_CH8,2048,8192,2048,16,6,1048576,2,0,827.296,0.000,0.000,0.000,PASS,0
mh_comm_C2_RING_SIMPLE_CH8_N8192_q16_rep3,4,COMM_ONLY,NCCL,C2_RING_SIMPLE_CH8,2048,8192,2048,16,7,1048576,2,0,907.776,0.000,0.000,0.000,PASS,0
mh_comm_C2_RING_SIMPLE_CH8_N8192_q16_rep3,4,COMM_ONLY,NCCL,C2_RING_SIMPLE_CH8,2048,8192,2048,16,8,1048576,2,0,1001.248,0.000,0.000,0.000,PASS,0
mh_comm_C2_RING_SIMPLE_CH8_N8192_q16_rep3,4,COMM_ONLY,NCCL,C2_RING_SIMPLE_CH8,2048,8192,2048,16,9,1048576,2,0,1097.856,0.000,0.000,0.000,PASS,0
mh_comm_C2_RING_SIMPLE_CH8_N8192_q16_rep3,4,COMM_ONLY,NCCL,C2_RING_SIMPLE_CH8,2048,8192,2048,16,10,1048576,2,0,1179.232,0.000,0.000,0.000,PASS,0
mh_comm_C2_RING_SIMPLE_CH8_N8192_q16_rep3,4,COMM_ONLY,NCCL,C2_RING_SIMPLE_CH8,2048,8192,2048,16,11,1048576,2,0,1260.736,0.000,0.000,0.000,PASS,0
mh_comm_C2_RING_SIMPLE_CH8_N8192_q16_rep3,4,COMM_ONLY,NCCL,C2_RING_SIMPLE_CH8,2048,8192,2048,16,12,1048576,2,0,1342.592,0.000,0.000,0.000,PASS,0
mh_comm_C2_RING_SIMPLE_CH8_N8192_q16_rep3,4,COMM_ONLY,NCCL,C2_RING_SIMPLE_CH8,2048,8192,2048,16,13,1048576,2,0,1433.792,0.000,0.000,0.000,PASS,0
mh_comm_C2_RING_SIMPLE_CH8_N8192_q16_rep3,4,COMM_ONLY,NCCL,C2_RING_SIMPLE_CH8,2048,8192,2048,16,14,1048576,2,0,1514.528,0.000,0.000,0.000,PASS,0
mh_comm_C2_RING_SIMPLE_CH8_N8192_q16_rep3,4,COMM_ONLY,NCCL,C2_RING_SIMPLE_CH8,2048,8192,2048,16,15,1048576,2,0,1614.272,0.000,0.000,0.000,PASS,0
mh_comm_C2_RING_SIMPLE_CH8_N8192_q16_rep3,4,COMM_ONLY,NCCL,C2_RING_SIMPLE_CH8,2048,8192,2048,16,0,1048576,3,0,216.736,0.000,0.000,0.000,PASS,0
mh_comm_C2_RING_SIMPLE_CH8_N8192_q16_rep3,4,COMM_ONLY,NCCL,C2_RING_SIMPLE_CH8,2048,8192,2048,16,1,1048576,3,0,297.664,0.000,0.000,0.000,PASS,0
mh_comm_C2_RING_SIMPLE_CH8_N8192_q16_rep3,4,COMM_ONLY,NCCL,C2_RING_SIMPLE_CH8,2048,8192,2048,16,2,1048576,3,0,378.784,0.000,0.000,0.000,PASS,0
mh_comm_C2_RING_SIMPLE_CH8_N8192_q16_rep3,4,COMM_ONLY,NCCL,C2_RING_SIMPLE_CH8,2048,8192,2048,16,3,1048576,3,0,465.056,0.000,0.000,0.000,PASS,0
mh_comm_C2_RING_SIMPLE_CH8_N8192_q16_rep3,4,COMM_ONLY,NCCL,C2_RING_SIMPLE_CH8,2048,8192,2048,16,4,1048576,3,0,556.192,0.000,0.000,0.000,PASS,0
mh_comm_C2_RING_SIMPLE_CH8_N8192_q16_rep3,4,COMM_ONLY,NCCL,C2_RING_SIMPLE_CH8,2048,8192,2048,16,5,1048576,3,0,635.040,0.000,0.000,0.000,PASS,0
mh_comm_C2_RING_SIMPLE_CH8_N8192_q16_rep3,4,COMM_ONLY,NCCL,C2_RING_SIMPLE_CH8,2048,8192,2048,16,6,1048576,3,0,727.616,0.000,0.000,0.000,PASS,0
mh_comm_C2_RING_SIMPLE_CH8_N8192_q16_rep3,4,COMM_ONLY,NCCL,C2_RING_SIMPLE_CH8,2048,8192,2048,16,7,1048576,3,0,809.216,0.000,0.000,0.000,PASS,0
mh_comm_C2_RING_SIMPLE_CH8_N8192_q16_rep3,4,COMM_ONLY,NCCL,C2_RING_SIMPLE_CH8,2048,8192,2048,16,8,1048576,3,0,900.096,0.000,0.000,0.000,PASS,0
mh_comm_C2_RING_SIMPLE_CH8_N8192_q16_rep3,4,COMM_ONLY,NCCL,C2_RING_SIMPLE_CH8,2048,8192,2048,16,9,1048576,3,0,981.280,0.000,0.000,0.000,PASS,0
mh_comm_C2_RING_SIMPLE_CH8_N8192_q16_rep3,4,COMM_ONLY,NCCL,C2_RING_SIMPLE_CH8,2048,8192,2048,16,10,1048576,3,0,1063.296,0.000,0.000,0.000,PASS,0
mh_comm_C2_RING_SIMPLE_CH8_N8192_q16_rep3,4,COMM_ONLY,NCCL,C2_RING_SIMPLE_CH8,2048,8192,2048,16,11,1048576,3,0,1144.704,0.000,0.000,0.000,PASS,0
mh_comm_C2_RING_SIMPLE_CH8_N8192_q16_rep3,4,COMM_ONLY,NCCL,C2_RING_SIMPLE_CH8,2048,8192,2048,16,12,1048576,3,0,1226.720,0.000,0.000,0.000,PASS,0
mh_comm_C2_RING_SIMPLE_CH8_N8192_q16_rep3,4,COMM_ONLY,NCCL,C2_RING_SIMPLE_CH8,2048,8192,2048,16,13,1048576,3,0,1307.360,0.000,0.000,0.000,PASS,0
mh_comm_C2_RING_SIMPLE_CH8_N8192_q16_rep3,4,COMM_ONLY,NCCL,C2_RING_SIMPLE_CH8,2048,8192,2048,16,14,1048576,3,0,1388.352,0.000,0.000,0.000,PASS,0
mh_comm_C2_RING_SIMPLE_CH8_N8192_q16_rep3,4,COMM_ONLY,NCCL,C2_RING_SIMPLE_CH8,2048,8192,2048,16,15,1048576,3,0,1469.952,0.000,0.000,0.000,PASS,0
mh_comm_C2_RING_SIMPLE_CH8_N8192_q16_rep3,4,COMM_ONLY,NCCL,C2_RING_SIMPLE_CH8,2048,8192,2048,16,0,1048576,4,0,225.152,0.000,0.000,0.000,PASS,0
mh_comm_C2_RING_SIMPLE_CH8_N8192_q16_rep3,4,COMM_ONLY,NCCL,C2_RING_SIMPLE_CH8,2048,8192,2048,16,1,1048576,4,0,314.432,0.000,0.000,0.000,PASS,0
mh_comm_C2_RING_SIMPLE_CH8_N8192_q16_rep3,4,COMM_ONLY,NCCL,C2_RING_SIMPLE_CH8,2048,8192,2048,16,2,1048576,4,0,401.344,0.000,0.000,0.000,PASS,0
mh_comm_C2_RING_SIMPLE_CH8_N8192_q16_rep3,4,COMM_ONLY,NCCL,C2_RING_SIMPLE_CH8,2048,8192,2048,16,3,1048576,4,0,482.272,0.000,0.000,0.000,PASS,0
mh_comm_C2_RING_SIMPLE_CH8_N8192_q16_rep3,4,COMM_ONLY,NCCL,C2_RING_SIMPLE_CH8,2048,8192,2048,16,4,1048576,4,0,563.264,0.000,0.000,0.000,PASS,0
mh_comm_C2_RING_SIMPLE_CH8_N8192_q16_rep3,4,COMM_ONLY,NCCL,C2_RING_SIMPLE_CH8,2048,8192,2048,16,5,1048576,4,0,643.296,0.000,0.000,0.000,PASS,0
mh_comm_C2_RING_SIMPLE_CH8_N8192_q16_rep3,4,COMM_ONLY,NCCL,C2_RING_SIMPLE_CH8,2048,8192,2048,16,6,1048576,4,0,724.096,0.000,0.000,0.000,PASS,0
mh_comm_C2_RING_SIMPLE_CH8_N8192_q16_rep3,4,COMM_ONLY,NCCL,C2_RING_SIMPLE_CH8,2048,8192,2048,16,7,1048576,4,0,805.984,0.000,0.000,0.000,PASS,0
mh_comm_C2_RING_SIMPLE_CH8_N8192_q16_rep3,4,COMM_ONLY,NCCL,C2_RING_SIMPLE_CH8,2048,8192,2048,16,8,1048576,4,0,899.168,0.000,0.000,0.000,PASS,0
mh_comm_C2_RING_SIMPLE_CH8_N8192_q16_rep3,4,COMM_ONLY,NCCL,C2_RING_SIMPLE_CH8,2048,8192,2048,16,9,1048576,4,0,979.584,0.000,0.000,0.000,PASS,0
mh_comm_C2_RING_SIMPLE_CH8_N8192_q16_rep3,4,COMM_ONLY,NCCL,C2_RING_SIMPLE_CH8,2048,8192,2048,16,10,1048576,4,0,1061.056,0.000,0.000,0.000,PASS,0
mh_comm_C2_RING_SIMPLE_CH8_N8192_q16_rep3,4,COMM_ONLY,NCCL,C2_RING_SIMPLE_CH8,2048,8192,2048,16,11,1048576,4,0,1142.592,0.000,0.000,0.000,PASS,0
mh_comm_C2_RING_SIMPLE_CH8_N8192_q16_rep3,4,COMM_ONLY,NCCL,C2_RING_SIMPLE_CH8,2048,8192,2048,16,12,1048576,4,0,1234.784,0.000,0.000,0.000,PASS,0
mh_comm_C2_RING_SIMPLE_CH8_N8192_q16_rep3,4,COMM_ONLY,NCCL,C2_RING_SIMPLE_CH8,2048,8192,2048,16,13,1048576,4,0,1315.936,0.000,0.000,0.000,PASS,0
mh_comm_C2_RING_SIMPLE_CH8_N8192_q16_rep3,4,COMM_ONLY,NCCL,C2_RING_SIMPLE_CH8,2048,8192,2048,16,14,1048576,4,0,1407.776,0.000,0.000,0.000,PASS,0
mh_comm_C2_RING_SIMPLE_CH8_N8192_q16_rep3,4,COMM_ONLY,NCCL,C2_RING_SIMPLE_CH8,2048,8192,2048,16,15,1048576,4,0,1488.512,0.000,0.000,0.000,PASS,0
mh_comm_C2_RING_SIMPLE_CH8_N8192_q16_rep3,4,COMM_ONLY,NCCL,C2_RING_SIMPLE_CH8,2048,8192,2048,16,0,1048576,5,0,217.152,0.000,0.000,0.000,PASS,0
mh_comm_C2_RING_SIMPLE_CH8_N8192_q16_rep3,4,COMM_ONLY,NCCL,C2_RING_SIMPLE_CH8,2048,8192,2048,16,1,1048576,5,0,297.920,0.000,0.000,0.000,PASS,0
mh_comm_C2_RING_SIMPLE_CH8_N8192_q16_rep3,4,COMM_ONLY,NCCL,C2_RING_SIMPLE_CH8,2048,8192,2048,16,2,1048576,5,0,377.376,0.000,0.000,0.000,PASS,0
mh_comm_C2_RING_SIMPLE_CH8_N8192_q16_rep3,4,COMM_ONLY,NCCL,C2_RING_SIMPLE_CH8,2048,8192,2048,16,3,1048576,5,0,459.072,0.000,0.000,0.000,PASS,0
mh_comm_C2_RING_SIMPLE_CH8_N8192_q16_rep3,4,COMM_ONLY,NCCL,C2_RING_SIMPLE_CH8,2048,8192,2048,16,4,1048576,5,0,540.832,0.000,0.000,0.000,PASS,0
mh_comm_C2_RING_SIMPLE_CH8_N8192_q16_rep3,4,COMM_ONLY,NCCL,C2_RING_SIMPLE_CH8,2048,8192,2048,16,5,1048576,5,0,620.992,0.000,0.000,0.000,PASS,0
mh_comm_C2_RING_SIMPLE_CH8_N8192_q16_rep3,4,COMM_ONLY,NCCL,C2_RING_SIMPLE_CH8,2048,8192,2048,16,6,1048576,5,0,702.912,0.000,0.000,0.000,PASS,0
mh_comm_C2_RING_SIMPLE_CH8_N8192_q16_rep3,4,COMM_ONLY,NCCL,C2_RING_SIMPLE_CH8,2048,8192,2048,16,7,1048576,5,0,783.328,0.000,0.000,0.000,PASS,0
mh_comm_C2_RING_SIMPLE_CH8_N8192_q16_rep3,4,COMM_ONLY,NCCL,C2_RING_SIMPLE_CH8,2048,8192,2048,16,8,1048576,5,0,865.088,0.000,0.000,0.000,PASS,0
mh_comm_C2_RING_SIMPLE_CH8_N8192_q16_rep3,4,COMM_ONLY,NCCL,C2_RING_SIMPLE_CH8,2048,8192,2048,16,9,1048576,5,0,959.616,0.000,0.000,0.000,PASS,0
mh_comm_C2_RING_SIMPLE_CH8_N8192_q16_rep3,4,COMM_ONLY,NCCL,C2_RING_SIMPLE_CH8,2048,8192,2048,16,10,1048576,5,0,1041.824,0.000,0.000,0.000,PASS,0
mh_comm_C2_RING_SIMPLE_CH8_N8192_q16_rep3,4,COMM_ONLY,NCCL,C2_RING_SIMPLE_CH8,2048,8192,2048,16,11,1048576,5,0,1121.728,0.000,0.000,0.000,PASS,0
mh_comm_C2_RING_SIMPLE_CH8_N8192_q16_rep3,4,COMM_ONLY,NCCL,C2_RING_SIMPLE_CH8,2048,8192,2048,16,12,1048576,5,0,1203.392,0.000,0.000,0.000,PASS,0
mh_comm_C2_RING_SIMPLE_CH8_N8192_q16_rep3,4,COMM_ONLY,NCCL,C2_RING_SIMPLE_CH8,2048,8192,2048,16,13,1048576,5,0,1284.960,0.000,0.000,0.000,PASS,0
mh_comm_C2_RING_SIMPLE_CH8_N8192_q16_rep3,4,COMM_ONLY,NCCL,C2_RING_SIMPLE_CH8,2048,8192,2048,16,14,1048576,5,0,1374.656,0.000,0.000,0.000,PASS,0
mh_comm_C2_RING_SIMPLE_CH8_N8192_q16_rep3,4,COMM_ONLY,NCCL,C2_RING_SIMPLE_CH8,2048,8192,2048,16,15,1048576,5,0,1455.648,0.000,0.000,0.000,PASS,0
mh_comm_C2_RING_SIMPLE_CH8_N8192_q16_rep3,4,COMM_ONLY,NCCL,C2_RING_SIMPLE_CH8,2048,8192,2048,16,0,1048576,6,0,211.936,0.000,0.000,0.000,PASS,0
mh_comm_C2_RING_SIMPLE_CH8_N8192_q16_rep3,4,COMM_ONLY,NCCL,C2_RING_SIMPLE_CH8,2048,8192,2048,16,1,1048576,6,0,294.656,0.000,0.000,0.000,PASS,0
mh_comm_C2_RING_SIMPLE_CH8_N8192_q16_rep3,4,COMM_ONLY,NCCL,C2_RING_SIMPLE_CH8,2048,8192,2048,16,2,1048576,6,0,374.720,0.000,0.000,0.000,PASS,0
mh_comm_C2_RING_SIMPLE_CH8_N8192_q16_rep3,4,COMM_ONLY,NCCL,C2_RING_SIMPLE_CH8,2048,8192,2048,16,3,1048576,6,0,455.872,0.000,0.000,0.000,PASS,0
mh_comm_C2_RING_SIMPLE_CH8_N8192_q16_rep3,4,COMM_ONLY,NCCL,C2_RING_SIMPLE_CH8,2048,8192,2048,16,4,1048576,6,0,538.432,0.000,0.000,0.000,PASS,0
mh_comm_C2_RING_SIMPLE_CH8_N8192_q16_rep3,4,COMM_ONLY,NCCL,C2_RING_SIMPLE_CH8,2048,8192,2048,16,5,1048576,6,0,618.368,0.000,0.000,0.000,PASS,0
mh_comm_C2_RING_SIMPLE_CH8_N8192_q16_rep3,4,COMM_ONLY,NCCL,C2_RING_SIMPLE_CH8,2048,8192,2048,16,6,1048576,6,0,699.040,0.000,0.000,0.000,PASS,0
mh_comm_C2_RING_SIMPLE_CH8_N8192_q16_rep3,4,COMM_ONLY,NCCL,C2_RING_SIMPLE_CH8,2048,8192,2048,16,7,1048576,6,0,779.584,0.000,0.000,0.000,PASS,0
mh_comm_C2_RING_SIMPLE_CH8_N8192_q16_rep3,4,COMM_ONLY,NCCL,C2_RING_SIMPLE_CH8,2048,8192,2048,16,8,1048576,6,0,861.728,0.000,0.000,0.000,PASS,0
mh_comm_C2_RING_SIMPLE_CH8_N8192_q16_rep3,4,COMM_ONLY,NCCL,C2_RING_SIMPLE_CH8,2048,8192,2048,16,9,1048576,6,0,943.904,0.000,0.000,0.000,PASS,0
mh_comm_C2_RING_SIMPLE_CH8_N8192_q16_rep3,4,COMM_ONLY,NCCL,C2_RING_SIMPLE_CH8,2048,8192,2048,16,10,1048576,6,0,1024.928,0.000,0.000,0.000,PASS,0
mh_comm_C2_RING_SIMPLE_CH8_N8192_q16_rep3,4,COMM_ONLY,NCCL,C2_RING_SIMPLE_CH8,2048,8192,2048,16,11,1048576,6,0,1125.408,0.000,0.000,0.000,PASS,0
mh_comm_C2_RING_SIMPLE_CH8_N8192_q16_rep3,4,COMM_ONLY,NCCL,C2_RING_SIMPLE_CH8,2048,8192,2048,16,12,1048576,6,0,1214.560,0.000,0.000,0.000,PASS,0
mh_comm_C2_RING_SIMPLE_CH8_N8192_q16_rep3,4,COMM_ONLY,NCCL,C2_RING_SIMPLE_CH8,2048,8192,2048,16,13,1048576,6,0,1294.880,0.000,0.000,0.000,PASS,0
mh_comm_C2_RING_SIMPLE_CH8_N8192_q16_rep3,4,COMM_ONLY,NCCL,C2_RING_SIMPLE_CH8,2048,8192,2048,16,14,1048576,6,0,1375.904,0.000,0.000,0.000,PASS,0
mh_comm_C2_RING_SIMPLE_CH8_N8192_q16_rep3,4,COMM_ONLY,NCCL,C2_RING_SIMPLE_CH8,2048,8192,2048,16,15,1048576,6,0,1456.352,0.000,0.000,0.000,PASS,0
mh_comm_C2_RING_SIMPLE_CH8_N8192_q16_rep3,4,COMM_ONLY,NCCL,C2_RING_SIMPLE_CH8,2048,8192,2048,16,0,1048576,7,0,214.208,0.000,0.000,0.000,PASS,0
mh_comm_C2_RING_SIMPLE_CH8_N8192_q16_rep3,4,COMM_ONLY,NCCL,C2_RING_SIMPLE_CH8,2048,8192,2048,16,1,1048576,7,0,296.096,0.000,0.000,0.000,PASS,0
mh_comm_C2_RING_SIMPLE_CH8_N8192_q16_rep3,4,COMM_ONLY,NCCL,C2_RING_SIMPLE_CH8,2048,8192,2048,16,2,1048576,7,0,375.456,0.000,0.000,0.000,PASS,0
mh_comm_C2_RING_SIMPLE_CH8_N8192_q16_rep3,4,COMM_ONLY,NCCL,C2_RING_SIMPLE_CH8,2048,8192,2048,16,3,1048576,7,0,457.152,0.000,0.000,0.000,PASS,0
mh_comm_C2_RING_SIMPLE_CH8_N8192_q16_rep3,4,COMM_ONLY,NCCL,C2_RING_SIMPLE_CH8,2048,8192,2048,16,4,1048576,7,0,538.144,0.000,0.000,0.000,PASS,0
mh_comm_C2_RING_SIMPLE_CH8_N8192_q16_rep3,4,COMM_ONLY,NCCL,C2_RING_SIMPLE_CH8,2048,8192,2048,16,5,1048576,7,0,619.232,0.000,0.000,0.000,PASS,0
mh_comm_C2_RING_SIMPLE_CH8_N8192_q16_rep3,4,COMM_ONLY,NCCL,C2_RING_SIMPLE_CH8,2048,8192,2048,16,6,1048576,7,0,699.776,0.000,0.000,0.000,PASS,0
mh_comm_C2_RING_SIMPLE_CH8_N8192_q16_rep3,4,COMM_ONLY,NCCL,C2_RING_SIMPLE_CH8,2048,8192,2048,16,7,1048576,7,0,781.184,0.000,0.000,0.000,PASS,0
mh_comm_C2_RING_SIMPLE_CH8_N8192_q16_rep3,4,COMM_ONLY,NCCL,C2_RING_SIMPLE_CH8,2048,8192,2048,16,8,1048576,7,0,861.504,0.000,0.000,0.000,PASS,0
mh_comm_C2_RING_SIMPLE_CH8_N8192_q16_rep3,4,COMM_ONLY,NCCL,C2_RING_SIMPLE_CH8,2048,8192,2048,16,9,1048576,7,0,943.456,0.000,0.000,0.000,PASS,0
mh_comm_C2_RING_SIMPLE_CH8_N8192_q16_rep3,4,COMM_ONLY,NCCL,C2_RING_SIMPLE_CH8,2048,8192,2048,16,10,1048576,7,0,1025.344,0.000,0.000,0.000,PASS,0
mh_comm_C2_RING_SIMPLE_CH8_N8192_q16_rep3,4,COMM_ONLY,NCCL,C2_RING_SIMPLE_CH8,2048,8192,2048,16,11,1048576,7,0,1106.176,0.000,0.000,0.000,PASS,0
mh_comm_C2_RING_SIMPLE_CH8_N8192_q16_rep3,4,COMM_ONLY,NCCL,C2_RING_SIMPLE_CH8,2048,8192,2048,16,12,1048576,7,0,1187.008,0.000,0.000,0.000,PASS,0
mh_comm_C2_RING_SIMPLE_CH8_N8192_q16_rep3,4,COMM_ONLY,NCCL,C2_RING_SIMPLE_CH8,2048,8192,2048,16,13,1048576,7,0,1268.576,0.000,0.000,0.000,PASS,0
mh_comm_C2_RING_SIMPLE_CH8_N8192_q16_rep3,4,COMM_ONLY,NCCL,C2_RING_SIMPLE_CH8,2048,8192,2048,16,14,1048576,7,0,1349.824,0.000,0.000,0.000,PASS,0
mh_comm_C2_RING_SIMPLE_CH8_N8192_q16_rep3,4,COMM_ONLY,NCCL,C2_RING_SIMPLE_CH8,2048,8192,2048,16,15,1048576,7,0,1431.744,0.000,0.000,0.000,PASS,0
mh_comm_C2_RING_SIMPLE_CH8_N8192_q16_rep3,4,COMM_ONLY,NCCL,C2_RING_SIMPLE_CH8,2048,8192,2048,16,0,1048576,8,0,213.024,0.000,0.000,0.000,PASS,0
mh_comm_C2_RING_SIMPLE_CH8_N8192_q16_rep3,4,COMM_ONLY,NCCL,C2_RING_SIMPLE_CH8,2048,8192,2048,16,1,1048576,8,0,293.824,0.000,0.000,0.000,PASS,0
mh_comm_C2_RING_SIMPLE_CH8_N8192_q16_rep3,4,COMM_ONLY,NCCL,C2_RING_SIMPLE_CH8,2048,8192,2048,16,2,1048576,8,0,375.072,0.000,0.000,0.000,PASS,0
mh_comm_C2_RING_SIMPLE_CH8_N8192_q16_rep3,4,COMM_ONLY,NCCL,C2_RING_SIMPLE_CH8,2048,8192,2048,16,3,1048576,8,0,456.640,0.000,0.000,0.000,PASS,0
mh_comm_C2_RING_SIMPLE_CH8_N8192_q16_rep3,4,COMM_ONLY,NCCL,C2_RING_SIMPLE_CH8,2048,8192,2048,16,4,1048576,8,0,539.040,0.000,0.000,0.000,PASS,0
mh_comm_C2_RING_SIMPLE_CH8_N8192_q16_rep3,4,COMM_ONLY,NCCL,C2_RING_SIMPLE_CH8,2048,8192,2048,16,5,1048576,8,0,619.552,0.000,0.000,0.000,PASS,0
mh_comm_C2_RING_SIMPLE_CH8_N8192_q16_rep3,4,COMM_ONLY,NCCL,C2_RING_SIMPLE_CH8,2048,8192,2048,16,6,1048576,8,0,700.032,0.000,0.000,0.000,PASS,0
mh_comm_C2_RING_SIMPLE_CH8_N8192_q16_rep3,4,COMM_ONLY,NCCL,C2_RING_SIMPLE_CH8,2048,8192,2048,16,7,1048576,8,0,781.280,0.000,0.000,0.000,PASS,0
mh_comm_C2_RING_SIMPLE_CH8_N8192_q16_rep3,4,COMM_ONLY,NCCL,C2_RING_SIMPLE_CH8,2048,8192,2048,16,8,1048576,8,0,863.552,0.000,0.000,0.000,PASS,0
mh_comm_C2_RING_SIMPLE_CH8_N8192_q16_rep3,4,COMM_ONLY,NCCL,C2_RING_SIMPLE_CH8,2048,8192,2048,16,9,1048576,8,0,944.128,0.000,0.000,0.000,PASS,0
mh_comm_C2_RING_SIMPLE_CH8_N8192_q16_rep3,4,COMM_ONLY,NCCL,C2_RING_SIMPLE_CH8,2048,8192,2048,16,10,1048576,8,0,1025.888,0.000,0.000,0.000,PASS,0
mh_comm_C2_RING_SIMPLE_CH8_N8192_q16_rep3,4,COMM_ONLY,NCCL,C2_RING_SIMPLE_CH8,2048,8192,2048,16,11,1048576,8,0,1107.744,0.000,0.000,0.000,PASS,0
mh_comm_C2_RING_SIMPLE_CH8_N8192_q16_rep3,4,COMM_ONLY,NCCL,C2_RING_SIMPLE_CH8,2048,8192,2048,16,12,1048576,8,0,1189.472,0.000,0.000,0.000,PASS,0
mh_comm_C2_RING_SIMPLE_CH8_N8192_q16_rep3,4,COMM_ONLY,NCCL,C2_RING_SIMPLE_CH8,2048,8192,2048,16,13,1048576,8,0,1271.680,0.000,0.000,0.000,PASS,0
mh_comm_C2_RING_SIMPLE_CH8_N8192_q16_rep3,4,COMM_ONLY,NCCL,C2_RING_SIMPLE_CH8,2048,8192,2048,16,14,1048576,8,0,1352.736,0.000,0.000,0.000,PASS,0
mh_comm_C2_RING_SIMPLE_CH8_N8192_q16_rep3,4,COMM_ONLY,NCCL,C2_RING_SIMPLE_CH8,2048,8192,2048,16,15,1048576,8,0,1434.688,0.000,0.000,0.000,PASS,0
mh_comm_C2_RING_SIMPLE_CH8_N8192_q16_rep3,4,COMM_ONLY,NCCL,C2_RING_SIMPLE_CH8,2048,8192,2048,16,0,1048576,9,0,212.832,0.000,0.000,0.000,PASS,0
mh_comm_C2_RING_SIMPLE_CH8_N8192_q16_rep3,4,COMM_ONLY,NCCL,C2_RING_SIMPLE_CH8,2048,8192,2048,16,1,1048576,9,0,294.112,0.000,0.000,0.000,PASS,0
mh_comm_C2_RING_SIMPLE_CH8_N8192_q16_rep3,4,COMM_ONLY,NCCL,C2_RING_SIMPLE_CH8,2048,8192,2048,16,2,1048576,9,0,374.912,0.000,0.000,0.000,PASS,0
mh_comm_C2_RING_SIMPLE_CH8_N8192_q16_rep3,4,COMM_ONLY,NCCL,C2_RING_SIMPLE_CH8,2048,8192,2048,16,3,1048576,9,0,457.152,0.000,0.000,0.000,PASS,0
mh_comm_C2_RING_SIMPLE_CH8_N8192_q16_rep3,4,COMM_ONLY,NCCL,C2_RING_SIMPLE_CH8,2048,8192,2048,16,4,1048576,9,0,537.632,0.000,0.000,0.000,PASS,0
mh_comm_C2_RING_SIMPLE_CH8_N8192_q16_rep3,4,COMM_ONLY,NCCL,C2_RING_SIMPLE_CH8,2048,8192,2048,16,5,1048576,9,0,617.984,0.000,0.000,0.000,PASS,0
mh_comm_C2_RING_SIMPLE_CH8_N8192_q16_rep3,4,COMM_ONLY,NCCL,C2_RING_SIMPLE_CH8,2048,8192,2048,16,6,1048576,9,0,699.616,0.000,0.000,0.000,PASS,0
mh_comm_C2_RING_SIMPLE_CH8_N8192_q16_rep3,4,COMM_ONLY,NCCL,C2_RING_SIMPLE_CH8,2048,8192,2048,16,7,1048576,9,0,781.760,0.000,0.000,0.000,PASS,0
mh_comm_C2_RING_SIMPLE_CH8_N8192_q16_rep3,4,COMM_ONLY,NCCL,C2_RING_SIMPLE_CH8,2048,8192,2048,16,8,1048576,9,0,862.688,0.000,0.000,0.000,PASS,0
mh_comm_C2_RING_SIMPLE_CH8_N8192_q16_rep3,4,COMM_ONLY,NCCL,C2_RING_SIMPLE_CH8,2048,8192,2048,16,9,1048576,9,0,944.320,0.000,0.000,0.000,PASS,0
mh_comm_C2_RING_SIMPLE_CH8_N8192_q16_rep3,4,COMM_ONLY,NCCL,C2_RING_SIMPLE_CH8,2048,8192,2048,16,10,1048576,9,0,1026.976,0.000,0.000,0.000,PASS,0
mh_comm_C2_RING_SIMPLE_CH8_N8192_q16_rep3,4,COMM_ONLY,NCCL,C2_RING_SIMPLE_CH8,2048,8192,2048,16,11,1048576,9,0,1107.680,0.000,0.000,0.000,PASS,0
mh_comm_C2_RING_SIMPLE_CH8_N8192_q16_rep3,4,COMM_ONLY,NCCL,C2_RING_SIMPLE_CH8,2048,8192,2048,16,12,1048576,9,0,1188.064,0.000,0.000,0.000,PASS,0
mh_comm_C2_RING_SIMPLE_CH8_N8192_q16_rep3,4,COMM_ONLY,NCCL,C2_RING_SIMPLE_CH8,2048,8192,2048,16,13,1048576,9,0,1269.728,0.000,0.000,0.000,PASS,0
mh_comm_C2_RING_SIMPLE_CH8_N8192_q16_rep3,4,COMM_ONLY,NCCL,C2_RING_SIMPLE_CH8,2048,8192,2048,16,14,1048576,9,0,1350.560,0.000,0.000,0.000,PASS,0
mh_comm_C2_RING_SIMPLE_CH8_N8192_q16_rep3,4,COMM_ONLY,NCCL,C2_RING_SIMPLE_CH8,2048,8192,2048,16,15,1048576,9,0,1432.224,0.000,0.000,0.000,PASS,0
mh_comm_C2_RING_SIMPLE_CH8_N8192_q16_rep3,4,COMM_ONLY,NCCL,C2_RING_SIMPLE_CH8,2048,8192,2048,16,0,1048576,10,0,211.328,0.000,0.000,0.000,PASS,0
mh_comm_C2_RING_SIMPLE_CH8_N8192_q16_rep3,4,COMM_ONLY,NCCL,C2_RING_SIMPLE_CH8,2048,8192,2048,16,1,1048576,10,0,293.312,0.000,0.000,0.000,PASS,0
mh_comm_C2_RING_SIMPLE_CH8_N8192_q16_rep3,4,COMM_ONLY,NCCL,C2_RING_SIMPLE_CH8,2048,8192,2048,16,2,1048576,10,0,373.408,0.000,0.000,0.000,PASS,0
mh_comm_C2_RING_SIMPLE_CH8_N8192_q16_rep3,4,COMM_ONLY,NCCL,C2_RING_SIMPLE_CH8,2048,8192,2048,16,3,1048576,10,0,454.080,0.000,0.000,0.000,PASS,0
mh_comm_C2_RING_SIMPLE_CH8_N8192_q16_rep3,4,COMM_ONLY,NCCL,C2_RING_SIMPLE_CH8,2048,8192,2048,16,4,1048576,10,0,535.488,0.000,0.000,0.000,PASS,0
mh_comm_C2_RING_SIMPLE_CH8_N8192_q16_rep3,4,COMM_ONLY,NCCL,C2_RING_SIMPLE_CH8,2048,8192,2048,16,5,1048576,10,0,637.568,0.000,0.000,0.000,PASS,0
mh_comm_C2_RING_SIMPLE_CH8_N8192_q16_rep3,4,COMM_ONLY,NCCL,C2_RING_SIMPLE_CH8,2048,8192,2048,16,6,1048576,10,0,718.816,0.000,0.000,0.000,PASS,0
mh_comm_C2_RING_SIMPLE_CH8_N8192_q16_rep3,4,COMM_ONLY,NCCL,C2_RING_SIMPLE_CH8,2048,8192,2048,16,7,1048576,10,0,799.616,0.000,0.000,0.000,PASS,0
mh_comm_C2_RING_SIMPLE_CH8_N8192_q16_rep3,4,COMM_ONLY,NCCL,C2_RING_SIMPLE_CH8,2048,8192,2048,16,8,1048576,10,0,880.896,0.000,0.000,0.000,PASS,0
mh_comm_C2_RING_SIMPLE_CH8_N8192_q16_rep3,4,COMM_ONLY,NCCL,C2_RING_SIMPLE_CH8,2048,8192,2048,16,9,1048576,10,0,961.760,0.000,0.000,0.000,PASS,0
mh_comm_C2_RING_SIMPLE_CH8_N8192_q16_rep3,4,COMM_ONLY,NCCL,C2_RING_SIMPLE_CH8,2048,8192,2048,16,10,1048576,10,0,1043.584,0.000,0.000,0.000,PASS,0
mh_comm_C2_RING_SIMPLE_CH8_N8192_q16_rep3,4,COMM_ONLY,NCCL,C2_RING_SIMPLE_CH8,2048,8192,2048,16,11,1048576,10,0,1124.512,0.000,0.000,0.000,PASS,0
mh_comm_C2_RING_SIMPLE_CH8_N8192_q16_rep3,4,COMM_ONLY,NCCL,C2_RING_SIMPLE_CH8,2048,8192,2048,16,12,1048576,10,0,1205.312,0.000,0.000,0.000,PASS,0
mh_comm_C2_RING_SIMPLE_CH8_N8192_q16_rep3,4,COMM_ONLY,NCCL,C2_RING_SIMPLE_CH8,2048,8192,2048,16,13,1048576,10,0,1286.336,0.000,0.000,0.000,PASS,0
mh_comm_C2_RING_SIMPLE_CH8_N8192_q16_rep3,4,COMM_ONLY,NCCL,C2_RING_SIMPLE_CH8,2048,8192,2048,16,14,1048576,10,0,1367.488,0.000,0.000,0.000,PASS,0
mh_comm_C2_RING_SIMPLE_CH8_N8192_q16_rep3,4,COMM_ONLY,NCCL,C2_RING_SIMPLE_CH8,2048,8192,2048,16,15,1048576,10,0,1449.376,0.000,0.000,0.000,PASS,0
mh_comm_C2_RING_SIMPLE_CH8_N8192_q16_rep3,4,COMM_ONLY,NCCL,C2_RING_SIMPLE_CH8,2048,8192,2048,16,0,1048576,11,0,224.672,0.000,0.000,0.000,PASS,0
mh_comm_C2_RING_SIMPLE_CH8_N8192_q16_rep3,4,COMM_ONLY,NCCL,C2_RING_SIMPLE_CH8,2048,8192,2048,16,1,1048576,11,0,305.664,0.000,0.000,0.000,PASS,0
mh_comm_C2_RING_SIMPLE_CH8_N8192_q16_rep3,4,COMM_ONLY,NCCL,C2_RING_SIMPLE_CH8,2048,8192,2048,16,2,1048576,11,0,387.520,0.000,0.000,0.000,PASS,0
mh_comm_C2_RING_SIMPLE_CH8_N8192_q16_rep3,4,COMM_ONLY,NCCL,C2_RING_SIMPLE_CH8,2048,8192,2048,16,3,1048576,11,0,468.960,0.000,0.000,0.000,PASS,0
mh_comm_C2_RING_SIMPLE_CH8_N8192_q16_rep3,4,COMM_ONLY,NCCL,C2_RING_SIMPLE_CH8,2048,8192,2048,16,4,1048576,11,0,551.584,0.000,0.000,0.000,PASS,0
mh_comm_C2_RING_SIMPLE_CH8_N8192_q16_rep3,4,COMM_ONLY,NCCL,C2_RING_SIMPLE_CH8,2048,8192,2048,16,5,1048576,11,0,631.008,0.000,0.000,0.000,PASS,0
mh_comm_C2_RING_SIMPLE_CH8_N8192_q16_rep3,4,COMM_ONLY,NCCL,C2_RING_SIMPLE_CH8,2048,8192,2048,16,6,1048576,11,0,712.832,0.000,0.000,0.000,PASS,0
mh_comm_C2_RING_SIMPLE_CH8_N8192_q16_rep3,4,COMM_ONLY,NCCL,C2_RING_SIMPLE_CH8,2048,8192,2048,16,7,1048576,11,0,806.688,0.000,0.000,0.000,PASS,0
mh_comm_C2_RING_SIMPLE_CH8_N8192_q16_rep3,4,COMM_ONLY,NCCL,C2_RING_SIMPLE_CH8,2048,8192,2048,16,8,1048576,11,0,894.432,0.000,0.000,0.000,PASS,0
mh_comm_C2_RING_SIMPLE_CH8_N8192_q16_rep3,4,COMM_ONLY,NCCL,C2_RING_SIMPLE_CH8,2048,8192,2048,16,9,1048576,11,0,975.200,0.000,0.000,0.000,PASS,0
mh_comm_C2_RING_SIMPLE_CH8_N8192_q16_rep3,4,COMM_ONLY,NCCL,C2_RING_SIMPLE_CH8,2048,8192,2048,16,10,1048576,11,0,1056.992,0.000,0.000,0.000,PASS,0
mh_comm_C2_RING_SIMPLE_CH8_N8192_q16_rep3,4,COMM_ONLY,NCCL,C2_RING_SIMPLE_CH8,2048,8192,2048,16,11,1048576,11,0,1138.816,0.000,0.000,0.000,PASS,0
mh_comm_C2_RING_SIMPLE_CH8_N8192_q16_rep3,4,COMM_ONLY,NCCL,C2_RING_SIMPLE_CH8,2048,8192,2048,16,12,1048576,11,0,1229.248,0.000,0.000,0.000,PASS,0
mh_comm_C2_RING_SIMPLE_CH8_N8192_q16_rep3,4,COMM_ONLY,NCCL,C2_RING_SIMPLE_CH8,2048,8192,2048,16,13,1048576,11,0,1320.896,0.000,0.000,0.000,PASS,0
mh_comm_C2_RING_SIMPLE_CH8_N8192_q16_rep3,4,COMM_ONLY,NCCL,C2_RING_SIMPLE_CH8,2048,8192,2048,16,14,1048576,11,0,1399.904,0.000,0.000,0.000,PASS,0
mh_comm_C2_RING_SIMPLE_CH8_N8192_q16_rep3,4,COMM_ONLY,NCCL,C2_RING_SIMPLE_CH8,2048,8192,2048,16,15,1048576,11,0,1482.240,0.000,0.000,0.000,PASS,0
mh_comm_C2_RING_SIMPLE_CH8_N8192_q16_rep3,4,COMM_ONLY,NCCL,C2_RING_SIMPLE_CH8,2048,8192,2048,16,0,1048576,12,0,213.344,0.000,0.000,0.000,PASS,0
mh_comm_C2_RING_SIMPLE_CH8_N8192_q16_rep3,4,COMM_ONLY,NCCL,C2_RING_SIMPLE_CH8,2048,8192,2048,16,1,1048576,12,0,302.240,0.000,0.000,0.000,PASS,0
mh_comm_C2_RING_SIMPLE_CH8_N8192_q16_rep3,4,COMM_ONLY,NCCL,C2_RING_SIMPLE_CH8,2048,8192,2048,16,2,1048576,12,0,383.072,0.000,0.000,0.000,PASS,0
mh_comm_C2_RING_SIMPLE_CH8_N8192_q16_rep3,4,COMM_ONLY,NCCL,C2_RING_SIMPLE_CH8,2048,8192,2048,16,3,1048576,12,0,464.608,0.000,0.000,0.000,PASS,0
mh_comm_C2_RING_SIMPLE_CH8_N8192_q16_rep3,4,COMM_ONLY,NCCL,C2_RING_SIMPLE_CH8,2048,8192,2048,16,4,1048576,12,0,547.680,0.000,0.000,0.000,PASS,0
mh_comm_C2_RING_SIMPLE_CH8_N8192_q16_rep3,4,COMM_ONLY,NCCL,C2_RING_SIMPLE_CH8,2048,8192,2048,16,5,1048576,12,0,626.592,0.000,0.000,0.000,PASS,0
mh_comm_C2_RING_SIMPLE_CH8_N8192_q16_rep3,4,COMM_ONLY,NCCL,C2_RING_SIMPLE_CH8,2048,8192,2048,16,6,1048576,12,0,708.096,0.000,0.000,0.000,PASS,0
mh_comm_C2_RING_SIMPLE_CH8_N8192_q16_rep3,4,COMM_ONLY,NCCL,C2_RING_SIMPLE_CH8,2048,8192,2048,16,7,1048576,12,0,789.632,0.000,0.000,0.000,PASS,0
mh_comm_C2_RING_SIMPLE_CH8_N8192_q16_rep3,4,COMM_ONLY,NCCL,C2_RING_SIMPLE_CH8,2048,8192,2048,16,8,1048576,12,0,870.880,0.000,0.000,0.000,PASS,0
mh_comm_C2_RING_SIMPLE_CH8_N8192_q16_rep3,4,COMM_ONLY,NCCL,C2_RING_SIMPLE_CH8,2048,8192,2048,16,9,1048576,12,0,964.000,0.000,0.000,0.000,PASS,0
mh_comm_C2_RING_SIMPLE_CH8_N8192_q16_rep3,4,COMM_ONLY,NCCL,C2_RING_SIMPLE_CH8,2048,8192,2048,16,10,1048576,12,0,1045.248,0.000,0.000,0.000,PASS,0
mh_comm_C2_RING_SIMPLE_CH8_N8192_q16_rep3,4,COMM_ONLY,NCCL,C2_RING_SIMPLE_CH8,2048,8192,2048,16,11,1048576,12,0,1126.144,0.000,0.000,0.000,PASS,0
mh_comm_C2_RING_SIMPLE_CH8_N8192_q16_rep3,4,COMM_ONLY,NCCL,C2_RING_SIMPLE_CH8,2048,8192,2048,16,12,1048576,12,0,1209.504,0.000,0.000,0.000,PASS,0
mh_comm_C2_RING_SIMPLE_CH8_N8192_q16_rep3,4,COMM_ONLY,NCCL,C2_RING_SIMPLE_CH8,2048,8192,2048,16,13,1048576,12,0,1292.480,0.000,0.000,0.000,PASS,0
mh_comm_C2_RING_SIMPLE_CH8_N8192_q16_rep3,4,COMM_ONLY,NCCL,C2_RING_SIMPLE_CH8,2048,8192,2048,16,14,1048576,12,0,1390.368,0.000,0.000,0.000,PASS,0
mh_comm_C2_RING_SIMPLE_CH8_N8192_q16_rep3,4,COMM_ONLY,NCCL,C2_RING_SIMPLE_CH8,2048,8192,2048,16,15,1048576,12,0,1498.400,0.000,0.000,0.000,PASS,0
mh_comm_C2_RING_SIMPLE_CH8_N8192_q16_rep3,4,COMM_ONLY,NCCL,C2_RING_SIMPLE_CH8,2048,8192,2048,16,0,1048576,13,0,227.808,0.000,0.000,0.000,PASS,0
mh_comm_C2_RING_SIMPLE_CH8_N8192_q16_rep3,4,COMM_ONLY,NCCL,C2_RING_SIMPLE_CH8,2048,8192,2048,16,1,1048576,13,0,307.648,0.000,0.000,0.000,PASS,0
mh_comm_C2_RING_SIMPLE_CH8_N8192_q16_rep3,4,COMM_ONLY,NCCL,C2_RING_SIMPLE_CH8,2048,8192,2048,16,2,1048576,13,0,388.896,0.000,0.000,0.000,PASS,0
mh_comm_C2_RING_SIMPLE_CH8_N8192_q16_rep3,4,COMM_ONLY,NCCL,C2_RING_SIMPLE_CH8,2048,8192,2048,16,3,1048576,13,0,471.456,0.000,0.000,0.000,PASS,0
mh_comm_C2_RING_SIMPLE_CH8_N8192_q16_rep3,4,COMM_ONLY,NCCL,C2_RING_SIMPLE_CH8,2048,8192,2048,16,4,1048576,13,0,565.664,0.000,0.000,0.000,PASS,0
mh_comm_C2_RING_SIMPLE_CH8_N8192_q16_rep3,4,COMM_ONLY,NCCL,C2_RING_SIMPLE_CH8,2048,8192,2048,16,5,1048576,13,0,656.992,0.000,0.000,0.000,PASS,0
mh_comm_C2_RING_SIMPLE_CH8_N8192_q16_rep3,4,COMM_ONLY,NCCL,C2_RING_SIMPLE_CH8,2048,8192,2048,16,6,1048576,13,0,739.648,0.000,0.000,0.000,PASS,0
mh_comm_C2_RING_SIMPLE_CH8_N8192_q16_rep3,4,COMM_ONLY,NCCL,C2_RING_SIMPLE_CH8,2048,8192,2048,16,7,1048576,13,0,831.968,0.000,0.000,0.000,PASS,0
mh_comm_C2_RING_SIMPLE_CH8_N8192_q16_rep3,4,COMM_ONLY,NCCL,C2_RING_SIMPLE_CH8,2048,8192,2048,16,8,1048576,13,0,925.600,0.000,0.000,0.000,PASS,0
mh_comm_C2_RING_SIMPLE_CH8_N8192_q16_rep3,4,COMM_ONLY,NCCL,C2_RING_SIMPLE_CH8,2048,8192,2048,16,9,1048576,13,0,1005.440,0.000,0.000,0.000,PASS,0
mh_comm_C2_RING_SIMPLE_CH8_N8192_q16_rep3,4,COMM_ONLY,NCCL,C2_RING_SIMPLE_CH8,2048,8192,2048,16,10,1048576,13,0,1097.728,0.000,0.000,0.000,PASS,0
mh_comm_C2_RING_SIMPLE_CH8_N8192_q16_rep3,4,COMM_ONLY,NCCL,C2_RING_SIMPLE_CH8,2048,8192,2048,16,11,1048576,13,0,1178.272,0.000,0.000,0.000,PASS,0
mh_comm_C2_RING_SIMPLE_CH8_N8192_q16_rep3,4,COMM_ONLY,NCCL,C2_RING_SIMPLE_CH8,2048,8192,2048,16,12,1048576,13,0,1259.648,0.000,0.000,0.000,PASS,0
mh_comm_C2_RING_SIMPLE_CH8_N8192_q16_rep3,4,COMM_ONLY,NCCL,C2_RING_SIMPLE_CH8,2048,8192,2048,16,13,1048576,13,0,1342.368,0.000,0.000,0.000,PASS,0
mh_comm_C2_RING_SIMPLE_CH8_N8192_q16_rep3,4,COMM_ONLY,NCCL,C2_RING_SIMPLE_CH8,2048,8192,2048,16,14,1048576,13,0,1436.224,0.000,0.000,0.000,PASS,0
mh_comm_C2_RING_SIMPLE_CH8_N8192_q16_rep3,4,COMM_ONLY,NCCL,C2_RING_SIMPLE_CH8,2048,8192,2048,16,15,1048576,13,0,1517.472,0.000,0.000,0.000,PASS,0
mh_comm_C2_RING_SIMPLE_CH8_N8192_q16_rep3,4,COMM_ONLY,NCCL,C2_RING_SIMPLE_CH8,2048,8192,2048,16,0,1048576,14,0,221.792,0.000,0.000,0.000,PASS,0
mh_comm_C2_RING_SIMPLE_CH8_N8192_q16_rep3,4,COMM_ONLY,NCCL,C2_RING_SIMPLE_CH8,2048,8192,2048,16,1,1048576,14,0,303.456,0.000,0.000,0.000,PASS,0
mh_comm_C2_RING_SIMPLE_CH8_N8192_q16_rep3,4,COMM_ONLY,NCCL,C2_RING_SIMPLE_CH8,2048,8192,2048,16,2,1048576,14,0,392.512,0.000,0.000,0.000,PASS,0
mh_comm_C2_RING_SIMPLE_CH8_N8192_q16_rep3,4,COMM_ONLY,NCCL,C2_RING_SIMPLE_CH8,2048,8192,2048,16,3,1048576,14,0,473.216,0.000,0.000,0.000,PASS,0
mh_comm_C2_RING_SIMPLE_CH8_N8192_q16_rep3,4,COMM_ONLY,NCCL,C2_RING_SIMPLE_CH8,2048,8192,2048,16,4,1048576,14,0,555.456,0.000,0.000,0.000,PASS,0
mh_comm_C2_RING_SIMPLE_CH8_N8192_q16_rep3,4,COMM_ONLY,NCCL,C2_RING_SIMPLE_CH8,2048,8192,2048,16,5,1048576,14,0,636.608,0.000,0.000,0.000,PASS,0
mh_comm_C2_RING_SIMPLE_CH8_N8192_q16_rep3,4,COMM_ONLY,NCCL,C2_RING_SIMPLE_CH8,2048,8192,2048,16,6,1048576,14,0,734.048,0.000,0.000,0.000,PASS,0
mh_comm_C2_RING_SIMPLE_CH8_N8192_q16_rep3,4,COMM_ONLY,NCCL,C2_RING_SIMPLE_CH8,2048,8192,2048,16,7,1048576,14,0,814.208,0.000,0.000,0.000,PASS,0
mh_comm_C2_RING_SIMPLE_CH8_N8192_q16_rep3,4,COMM_ONLY,NCCL,C2_RING_SIMPLE_CH8,2048,8192,2048,16,8,1048576,14,0,896.096,0.000,0.000,0.000,PASS,0
mh_comm_C2_RING_SIMPLE_CH8_N8192_q16_rep3,4,COMM_ONLY,NCCL,C2_RING_SIMPLE_CH8,2048,8192,2048,16,9,1048576,14,0,977.664,0.000,0.000,0.000,PASS,0
mh_comm_C2_RING_SIMPLE_CH8_N8192_q16_rep3,4,COMM_ONLY,NCCL,C2_RING_SIMPLE_CH8,2048,8192,2048,16,10,1048576,14,0,1068.000,0.000,0.000,0.000,PASS,0
mh_comm_C2_RING_SIMPLE_CH8_N8192_q16_rep3,4,COMM_ONLY,NCCL,C2_RING_SIMPLE_CH8,2048,8192,2048,16,11,1048576,14,0,1168.480,0.000,0.000,0.000,PASS,0
mh_comm_C2_RING_SIMPLE_CH8_N8192_q16_rep3,4,COMM_ONLY,NCCL,C2_RING_SIMPLE_CH8,2048,8192,2048,16,12,1048576,14,0,1250.432,0.000,0.000,0.000,PASS,0
mh_comm_C2_RING_SIMPLE_CH8_N8192_q16_rep3,4,COMM_ONLY,NCCL,C2_RING_SIMPLE_CH8,2048,8192,2048,16,13,1048576,14,0,1331.872,0.000,0.000,0.000,PASS,0
mh_comm_C2_RING_SIMPLE_CH8_N8192_q16_rep3,4,COMM_ONLY,NCCL,C2_RING_SIMPLE_CH8,2048,8192,2048,16,14,1048576,14,0,1412.672,0.000,0.000,0.000,PASS,0
mh_comm_C2_RING_SIMPLE_CH8_N8192_q16_rep3,4,COMM_ONLY,NCCL,C2_RING_SIMPLE_CH8,2048,8192,2048,16,15,1048576,14,0,1496.256,0.000,0.000,0.000,PASS,0
mh_comm_C2_RING_SIMPLE_CH8_N8192_q16_rep3,4,COMM_ONLY,NCCL,C2_RING_SIMPLE_CH8,2048,8192,2048,16,0,1048576,15,0,215.104,0.000,0.000,0.000,PASS,0
mh_comm_C2_RING_SIMPLE_CH8_N8192_q16_rep3,4,COMM_ONLY,NCCL,C2_RING_SIMPLE_CH8,2048,8192,2048,16,1,1048576,15,0,295.328,0.000,0.000,0.000,PASS,0
mh_comm_C2_RING_SIMPLE_CH8_N8192_q16_rep3,4,COMM_ONLY,NCCL,C2_RING_SIMPLE_CH8,2048,8192,2048,16,2,1048576,15,0,375.264,0.000,0.000,0.000,PASS,0
mh_comm_C2_RING_SIMPLE_CH8_N8192_q16_rep3,4,COMM_ONLY,NCCL,C2_RING_SIMPLE_CH8,2048,8192,2048,16,3,1048576,15,0,457.408,0.000,0.000,0.000,PASS,0
mh_comm_C2_RING_SIMPLE_CH8_N8192_q16_rep3,4,COMM_ONLY,NCCL,C2_RING_SIMPLE_CH8,2048,8192,2048,16,4,1048576,15,0,538.528,0.000,0.000,0.000,PASS,0
mh_comm_C2_RING_SIMPLE_CH8_N8192_q16_rep3,4,COMM_ONLY,NCCL,C2_RING_SIMPLE_CH8,2048,8192,2048,16,5,1048576,15,0,641.440,0.000,0.000,0.000,PASS,0
mh_comm_C2_RING_SIMPLE_CH8_N8192_q16_rep3,4,COMM_ONLY,NCCL,C2_RING_SIMPLE_CH8,2048,8192,2048,16,6,1048576,15,0,721.088,0.000,0.000,0.000,PASS,0
mh_comm_C2_RING_SIMPLE_CH8_N8192_q16_rep3,4,COMM_ONLY,NCCL,C2_RING_SIMPLE_CH8,2048,8192,2048,16,7,1048576,15,0,802.784,0.000,0.000,0.000,PASS,0
mh_comm_C2_RING_SIMPLE_CH8_N8192_q16_rep3,4,COMM_ONLY,NCCL,C2_RING_SIMPLE_CH8,2048,8192,2048,16,8,1048576,15,0,883.648,0.000,0.000,0.000,PASS,0
mh_comm_C2_RING_SIMPLE_CH8_N8192_q16_rep3,4,COMM_ONLY,NCCL,C2_RING_SIMPLE_CH8,2048,8192,2048,16,9,1048576,15,0,964.352,0.000,0.000,0.000,PASS,0
mh_comm_C2_RING_SIMPLE_CH8_N8192_q16_rep3,4,COMM_ONLY,NCCL,C2_RING_SIMPLE_CH8,2048,8192,2048,16,10,1048576,15,0,1055.616,0.000,0.000,0.000,PASS,0
mh_comm_C2_RING_SIMPLE_CH8_N8192_q16_rep3,4,COMM_ONLY,NCCL,C2_RING_SIMPLE_CH8,2048,8192,2048,16,11,1048576,15,0,1135.744,0.000,0.000,0.000,PASS,0
mh_comm_C2_RING_SIMPLE_CH8_N8192_q16_rep3,4,COMM_ONLY,NCCL,C2_RING_SIMPLE_CH8,2048,8192,2048,16,12,1048576,15,0,1218.656,0.000,0.000,0.000,PASS,0
mh_comm_C2_RING_SIMPLE_CH8_N8192_q16_rep3,4,COMM_ONLY,NCCL,C2_RING_SIMPLE_CH8,2048,8192,2048,16,13,1048576,15,0,1299.616,0.000,0.000,0.000,PASS,0
mh_comm_C2_RING_SIMPLE_CH8_N8192_q16_rep3,4,COMM_ONLY,NCCL,C2_RING_SIMPLE_CH8,2048,8192,2048,16,14,1048576,15,0,1380.032,0.000,0.000,0.000,PASS,0
mh_comm_C2_RING_SIMPLE_CH8_N8192_q16_rep3,4,COMM_ONLY,NCCL,C2_RING_SIMPLE_CH8,2048,8192,2048,16,15,1048576,15,0,1462.560,0.000,0.000,0.000,PASS,0
mh_comm_C2_RING_SIMPLE_CH8_N8192_q16_rep3,4,COMM_ONLY,NCCL,C2_RING_SIMPLE_CH8,2048,8192,2048,16,0,1048576,16,0,215.168,0.000,0.000,0.000,PASS,0
mh_comm_C2_RING_SIMPLE_CH8_N8192_q16_rep3,4,COMM_ONLY,NCCL,C2_RING_SIMPLE_CH8,2048,8192,2048,16,1,1048576,16,0,296.640,0.000,0.000,0.000,PASS,0
mh_comm_C2_RING_SIMPLE_CH8_N8192_q16_rep3,4,COMM_ONLY,NCCL,C2_RING_SIMPLE_CH8,2048,8192,2048,16,2,1048576,16,0,376.064,0.000,0.000,0.000,PASS,0
mh_comm_C2_RING_SIMPLE_CH8_N8192_q16_rep3,4,COMM_ONLY,NCCL,C2_RING_SIMPLE_CH8,2048,8192,2048,16,3,1048576,16,0,457.280,0.000,0.000,0.000,PASS,0
mh_comm_C2_RING_SIMPLE_CH8_N8192_q16_rep3,4,COMM_ONLY,NCCL,C2_RING_SIMPLE_CH8,2048,8192,2048,16,4,1048576,16,0,539.296,0.000,0.000,0.000,PASS,0
mh_comm_C2_RING_SIMPLE_CH8_N8192_q16_rep3,4,COMM_ONLY,NCCL,C2_RING_SIMPLE_CH8,2048,8192,2048,16,5,1048576,16,0,619.936,0.000,0.000,0.000,PASS,0
mh_comm_C2_RING_SIMPLE_CH8_N8192_q16_rep3,4,COMM_ONLY,NCCL,C2_RING_SIMPLE_CH8,2048,8192,2048,16,6,1048576,16,0,699.712,0.000,0.000,0.000,PASS,0
mh_comm_C2_RING_SIMPLE_CH8_N8192_q16_rep3,4,COMM_ONLY,NCCL,C2_RING_SIMPLE_CH8,2048,8192,2048,16,7,1048576,16,0,780.992,0.000,0.000,0.000,PASS,0
mh_comm_C2_RING_SIMPLE_CH8_N8192_q16_rep3,4,COMM_ONLY,NCCL,C2_RING_SIMPLE_CH8,2048,8192,2048,16,8,1048576,16,0,863.360,0.000,0.000,0.000,PASS,0
mh_comm_C2_RING_SIMPLE_CH8_N8192_q16_rep3,4,COMM_ONLY,NCCL,C2_RING_SIMPLE_CH8,2048,8192,2048,16,9,1048576,16,0,955.680,0.000,0.000,0.000,PASS,0
mh_comm_C2_RING_SIMPLE_CH8_N8192_q16_rep3,4,COMM_ONLY,NCCL,C2_RING_SIMPLE_CH8,2048,8192,2048,16,10,1048576,16,0,1036.992,0.000,0.000,0.000,PASS,0
mh_comm_C2_RING_SIMPLE_CH8_N8192_q16_rep3,4,COMM_ONLY,NCCL,C2_RING_SIMPLE_CH8,2048,8192,2048,16,11,1048576,16,0,1119.136,0.000,0.000,0.000,PASS,0
mh_comm_C2_RING_SIMPLE_CH8_N8192_q16_rep3,4,COMM_ONLY,NCCL,C2_RING_SIMPLE_CH8,2048,8192,2048,16,12,1048576,16,0,1200.256,0.000,0.000,0.000,PASS,0
mh_comm_C2_RING_SIMPLE_CH8_N8192_q16_rep3,4,COMM_ONLY,NCCL,C2_RING_SIMPLE_CH8,2048,8192,2048,16,13,1048576,16,0,1281.824,0.000,0.000,0.000,PASS,0
mh_comm_C2_RING_SIMPLE_CH8_N8192_q16_rep3,4,COMM_ONLY,NCCL,C2_RING_SIMPLE_CH8,2048,8192,2048,16,14,1048576,16,0,1363.104,0.000,0.000,0.000,PASS,0
mh_comm_C2_RING_SIMPLE_CH8_N8192_q16_rep3,4,COMM_ONLY,NCCL,C2_RING_SIMPLE_CH8,2048,8192,2048,16,15,1048576,16,0,1443.808,0.000,0.000,0.000,PASS,0
mh_comm_C2_RING_SIMPLE_CH8_N8192_q16_rep3,4,COMM_ONLY,NCCL,C2_RING_SIMPLE_CH8,2048,8192,2048,16,0,1048576,17,0,215.648,0.000,0.000,0.000,PASS,0
mh_comm_C2_RING_SIMPLE_CH8_N8192_q16_rep3,4,COMM_ONLY,NCCL,C2_RING_SIMPLE_CH8,2048,8192,2048,16,1,1048576,17,0,296.736,0.000,0.000,0.000,PASS,0
mh_comm_C2_RING_SIMPLE_CH8_N8192_q16_rep3,4,COMM_ONLY,NCCL,C2_RING_SIMPLE_CH8,2048,8192,2048,16,2,1048576,17,0,388.576,0.000,0.000,0.000,PASS,0
mh_comm_C2_RING_SIMPLE_CH8_N8192_q16_rep3,4,COMM_ONLY,NCCL,C2_RING_SIMPLE_CH8,2048,8192,2048,16,3,1048576,17,0,468.768,0.000,0.000,0.000,PASS,0
mh_comm_C2_RING_SIMPLE_CH8_N8192_q16_rep3,4,COMM_ONLY,NCCL,C2_RING_SIMPLE_CH8,2048,8192,2048,16,4,1048576,17,0,562.944,0.000,0.000,0.000,PASS,0
mh_comm_C2_RING_SIMPLE_CH8_N8192_q16_rep3,4,COMM_ONLY,NCCL,C2_RING_SIMPLE_CH8,2048,8192,2048,16,5,1048576,17,0,644.352,0.000,0.000,0.000,PASS,0
mh_comm_C2_RING_SIMPLE_CH8_N8192_q16_rep3,4,COMM_ONLY,NCCL,C2_RING_SIMPLE_CH8,2048,8192,2048,16,6,1048576,17,0,724.832,0.000,0.000,0.000,PASS,0
mh_comm_C2_RING_SIMPLE_CH8_N8192_q16_rep3,4,COMM_ONLY,NCCL,C2_RING_SIMPLE_CH8,2048,8192,2048,16,7,1048576,17,0,805.344,0.000,0.000,0.000,PASS,0
mh_comm_C2_RING_SIMPLE_CH8_N8192_q16_rep3,4,COMM_ONLY,NCCL,C2_RING_SIMPLE_CH8,2048,8192,2048,16,8,1048576,17,0,886.720,0.000,0.000,0.000,PASS,0
mh_comm_C2_RING_SIMPLE_CH8_N8192_q16_rep3,4,COMM_ONLY,NCCL,C2_RING_SIMPLE_CH8,2048,8192,2048,16,9,1048576,17,0,969.216,0.000,0.000,0.000,PASS,0
mh_comm_C2_RING_SIMPLE_CH8_N8192_q16_rep3,4,COMM_ONLY,NCCL,C2_RING_SIMPLE_CH8,2048,8192,2048,16,10,1048576,17,0,1050.208,0.000,0.000,0.000,PASS,0
mh_comm_C2_RING_SIMPLE_CH8_N8192_q16_rep3,4,COMM_ONLY,NCCL,C2_RING_SIMPLE_CH8,2048,8192,2048,16,11,1048576,17,0,1132.928,0.000,0.000,0.000,PASS,0
mh_comm_C2_RING_SIMPLE_CH8_N8192_q16_rep3,4,COMM_ONLY,NCCL,C2_RING_SIMPLE_CH8,2048,8192,2048,16,12,1048576,17,0,1213.952,0.000,0.000,0.000,PASS,0
mh_comm_C2_RING_SIMPLE_CH8_N8192_q16_rep3,4,COMM_ONLY,NCCL,C2_RING_SIMPLE_CH8,2048,8192,2048,16,13,1048576,17,0,1295.872,0.000,0.000,0.000,PASS,0
mh_comm_C2_RING_SIMPLE_CH8_N8192_q16_rep3,4,COMM_ONLY,NCCL,C2_RING_SIMPLE_CH8,2048,8192,2048,16,14,1048576,17,0,1376.448,0.000,0.000,0.000,PASS,0
mh_comm_C2_RING_SIMPLE_CH8_N8192_q16_rep3,4,COMM_ONLY,NCCL,C2_RING_SIMPLE_CH8,2048,8192,2048,16,15,1048576,17,0,1457.984,0.000,0.000,0.000,PASS,0
mh_comm_C2_RING_SIMPLE_CH8_N8192_q16_rep3,4,COMM_ONLY,NCCL,C2_RING_SIMPLE_CH8,2048,8192,2048,16,0,1048576,18,0,214.912,0.000,0.000,0.000,PASS,0
mh_comm_C2_RING_SIMPLE_CH8_N8192_q16_rep3,4,COMM_ONLY,NCCL,C2_RING_SIMPLE_CH8,2048,8192,2048,16,1,1048576,18,0,295.936,0.000,0.000,0.000,PASS,0
mh_comm_C2_RING_SIMPLE_CH8_N8192_q16_rep3,4,COMM_ONLY,NCCL,C2_RING_SIMPLE_CH8,2048,8192,2048,16,2,1048576,18,0,376.096,0.000,0.000,0.000,PASS,0
mh_comm_C2_RING_SIMPLE_CH8_N8192_q16_rep3,4,COMM_ONLY,NCCL,C2_RING_SIMPLE_CH8,2048,8192,2048,16,3,1048576,18,0,461.184,0.000,0.000,0.000,PASS,0
mh_comm_C2_RING_SIMPLE_CH8_N8192_q16_rep3,4,COMM_ONLY,NCCL,C2_RING_SIMPLE_CH8,2048,8192,2048,16,4,1048576,18,0,542.720,0.000,0.000,0.000,PASS,0
mh_comm_C2_RING_SIMPLE_CH8_N8192_q16_rep3,4,COMM_ONLY,NCCL,C2_RING_SIMPLE_CH8,2048,8192,2048,16,5,1048576,18,0,621.248,0.000,0.000,0.000,PASS,0
mh_comm_C2_RING_SIMPLE_CH8_N8192_q16_rep3,4,COMM_ONLY,NCCL,C2_RING_SIMPLE_CH8,2048,8192,2048,16,6,1048576,18,0,701.984,0.000,0.000,0.000,PASS,0
mh_comm_C2_RING_SIMPLE_CH8_N8192_q16_rep3,4,COMM_ONLY,NCCL,C2_RING_SIMPLE_CH8,2048,8192,2048,16,7,1048576,18,0,783.936,0.000,0.000,0.000,PASS,0
mh_comm_C2_RING_SIMPLE_CH8_N8192_q16_rep3,4,COMM_ONLY,NCCL,C2_RING_SIMPLE_CH8,2048,8192,2048,16,8,1048576,18,0,864.576,0.000,0.000,0.000,PASS,0
mh_comm_C2_RING_SIMPLE_CH8_N8192_q16_rep3,4,COMM_ONLY,NCCL,C2_RING_SIMPLE_CH8,2048,8192,2048,16,9,1048576,18,0,945.984,0.000,0.000,0.000,PASS,0
mh_comm_C2_RING_SIMPLE_CH8_N8192_q16_rep3,4,COMM_ONLY,NCCL,C2_RING_SIMPLE_CH8,2048,8192,2048,16,10,1048576,18,0,1037.568,0.000,0.000,0.000,PASS,0
mh_comm_C2_RING_SIMPLE_CH8_N8192_q16_rep3,4,COMM_ONLY,NCCL,C2_RING_SIMPLE_CH8,2048,8192,2048,16,11,1048576,18,0,1118.112,0.000,0.000,0.000,PASS,0
mh_comm_C2_RING_SIMPLE_CH8_N8192_q16_rep3,4,COMM_ONLY,NCCL,C2_RING_SIMPLE_CH8,2048,8192,2048,16,12,1048576,18,0,1199.584,0.000,0.000,0.000,PASS,0
mh_comm_C2_RING_SIMPLE_CH8_N8192_q16_rep3,4,COMM_ONLY,NCCL,C2_RING_SIMPLE_CH8,2048,8192,2048,16,13,1048576,18,0,1280.448,0.000,0.000,0.000,PASS,0
mh_comm_C2_RING_SIMPLE_CH8_N8192_q16_rep3,4,COMM_ONLY,NCCL,C2_RING_SIMPLE_CH8,2048,8192,2048,16,14,1048576,18,0,1361.792,0.000,0.000,0.000,PASS,0
mh_comm_C2_RING_SIMPLE_CH8_N8192_q16_rep3,4,COMM_ONLY,NCCL,C2_RING_SIMPLE_CH8,2048,8192,2048,16,15,1048576,18,0,1443.808,0.000,0.000,0.000,PASS,0
mh_comm_C2_RING_SIMPLE_CH8_N8192_q16_rep3,4,COMM_ONLY,NCCL,C2_RING_SIMPLE_CH8,2048,8192,2048,16,0,1048576,19,0,212.096,0.000,0.000,0.000,PASS,0
mh_comm_C2_RING_SIMPLE_CH8_N8192_q16_rep3,4,COMM_ONLY,NCCL,C2_RING_SIMPLE_CH8,2048,8192,2048,16,1,1048576,19,0,294.368,0.000,0.000,0.000,PASS,0
mh_comm_C2_RING_SIMPLE_CH8_N8192_q16_rep3,4,COMM_ONLY,NCCL,C2_RING_SIMPLE_CH8,2048,8192,2048,16,2,1048576,19,0,374.624,0.000,0.000,0.000,PASS,0
mh_comm_C2_RING_SIMPLE_CH8_N8192_q16_rep3,4,COMM_ONLY,NCCL,C2_RING_SIMPLE_CH8,2048,8192,2048,16,3,1048576,19,0,456.032,0.000,0.000,0.000,PASS,0
mh_comm_C2_RING_SIMPLE_CH8_N8192_q16_rep3,4,COMM_ONLY,NCCL,C2_RING_SIMPLE_CH8,2048,8192,2048,16,4,1048576,19,0,537.664,0.000,0.000,0.000,PASS,0
mh_comm_C2_RING_SIMPLE_CH8_N8192_q16_rep3,4,COMM_ONLY,NCCL,C2_RING_SIMPLE_CH8,2048,8192,2048,16,5,1048576,19,0,620.352,0.000,0.000,0.000,PASS,0
mh_comm_C2_RING_SIMPLE_CH8_N8192_q16_rep3,4,COMM_ONLY,NCCL,C2_RING_SIMPLE_CH8,2048,8192,2048,16,6,1048576,19,0,700.448,0.000,0.000,0.000,PASS,0
mh_comm_C2_RING_SIMPLE_CH8_N8192_q16_rep3,4,COMM_ONLY,NCCL,C2_RING_SIMPLE_CH8,2048,8192,2048,16,7,1048576,19,0,780.544,0.000,0.000,0.000,PASS,0
mh_comm_C2_RING_SIMPLE_CH8_N8192_q16_rep3,4,COMM_ONLY,NCCL,C2_RING_SIMPLE_CH8,2048,8192,2048,16,8,1048576,19,0,862.304,0.000,0.000,0.000,PASS,0
mh_comm_C2_RING_SIMPLE_CH8_N8192_q16_rep3,4,COMM_ONLY,NCCL,C2_RING_SIMPLE_CH8,2048,8192,2048,16,9,1048576,19,0,943.904,0.000,0.000,0.000,PASS,0
mh_comm_C2_RING_SIMPLE_CH8_N8192_q16_rep3,4,COMM_ONLY,NCCL,C2_RING_SIMPLE_CH8,2048,8192,2048,16,10,1048576,19,0,1025.760,0.000,0.000,0.000,PASS,0
mh_comm_C2_RING_SIMPLE_CH8_N8192_q16_rep3,4,COMM_ONLY,NCCL,C2_RING_SIMPLE_CH8,2048,8192,2048,16,11,1048576,19,0,1106.848,0.000,0.000,0.000,PASS,0
mh_comm_C2_RING_SIMPLE_CH8_N8192_q16_rep3,4,COMM_ONLY,NCCL,C2_RING_SIMPLE_CH8,2048,8192,2048,16,12,1048576,19,0,1188.064,0.000,0.000,0.000,PASS,0
mh_comm_C2_RING_SIMPLE_CH8_N8192_q16_rep3,4,COMM_ONLY,NCCL,C2_RING_SIMPLE_CH8,2048,8192,2048,16,13,1048576,19,0,1269.984,0.000,0.000,0.000,PASS,0
mh_comm_C2_RING_SIMPLE_CH8_N8192_q16_rep3,4,COMM_ONLY,NCCL,C2_RING_SIMPLE_CH8,2048,8192,2048,16,14,1048576,19,0,1350.592,0.000,0.000,0.000,PASS,0
mh_comm_C2_RING_SIMPLE_CH8_N8192_q16_rep3,4,COMM_ONLY,NCCL,C2_RING_SIMPLE_CH8,2048,8192,2048,16,15,1048576,19,0,1432.448,0.000,0.000,0.000,PASS,0
mh_comm_C2_RING_SIMPLE_CH8_N8192_q16_rep3,4,COMM_ONLY,NCCL,C2_RING_SIMPLE_CH8,2048,8192,2048,16,0,1048576,20,0,224.352,0.000,0.000,0.000,PASS,0
mh_comm_C2_RING_SIMPLE_CH8_N8192_q16_rep3,4,COMM_ONLY,NCCL,C2_RING_SIMPLE_CH8,2048,8192,2048,16,1,1048576,20,0,304.640,0.000,0.000,0.000,PASS,0
mh_comm_C2_RING_SIMPLE_CH8_N8192_q16_rep3,4,COMM_ONLY,NCCL,C2_RING_SIMPLE_CH8,2048,8192,2048,16,2,1048576,20,0,385.856,0.000,0.000,0.000,PASS,0
mh_comm_C2_RING_SIMPLE_CH8_N8192_q16_rep3,4,COMM_ONLY,NCCL,C2_RING_SIMPLE_CH8,2048,8192,2048,16,3,1048576,20,0,467.488,0.000,0.000,0.000,PASS,0
mh_comm_C2_RING_SIMPLE_CH8_N8192_q16_rep3,4,COMM_ONLY,NCCL,C2_RING_SIMPLE_CH8,2048,8192,2048,16,4,1048576,20,0,548.832,0.000,0.000,0.000,PASS,0
mh_comm_C2_RING_SIMPLE_CH8_N8192_q16_rep3,4,COMM_ONLY,NCCL,C2_RING_SIMPLE_CH8,2048,8192,2048,16,5,1048576,20,0,629.760,0.000,0.000,0.000,PASS,0
mh_comm_C2_RING_SIMPLE_CH8_N8192_q16_rep3,4,COMM_ONLY,NCCL,C2_RING_SIMPLE_CH8,2048,8192,2048,16,6,1048576,20,0,711.424,0.000,0.000,0.000,PASS,0
mh_comm_C2_RING_SIMPLE_CH8_N8192_q16_rep3,4,COMM_ONLY,NCCL,C2_RING_SIMPLE_CH8,2048,8192,2048,16,7,1048576,20,0,793.888,0.000,0.000,0.000,PASS,0
mh_comm_C2_RING_SIMPLE_CH8_N8192_q16_rep3,4,COMM_ONLY,NCCL,C2_RING_SIMPLE_CH8,2048,8192,2048,16,8,1048576,20,0,874.816,0.000,0.000,0.000,PASS,0
mh_comm_C2_RING_SIMPLE_CH8_N8192_q16_rep3,4,COMM_ONLY,NCCL,C2_RING_SIMPLE_CH8,2048,8192,2048,16,9,1048576,20,0,956.320,0.000,0.000,0.000,PASS,0
mh_comm_C2_RING_SIMPLE_CH8_N8192_q16_rep3,4,COMM_ONLY,NCCL,C2_RING_SIMPLE_CH8,2048,8192,2048,16,10,1048576,20,0,1037.760,0.000,0.000,0.000,PASS,0
mh_comm_C2_RING_SIMPLE_CH8_N8192_q16_rep3,4,COMM_ONLY,NCCL,C2_RING_SIMPLE_CH8,2048,8192,2048,16,11,1048576,20,0,1119.456,0.000,0.000,0.000,PASS,0
mh_comm_C2_RING_SIMPLE_CH8_N8192_q16_rep3,4,COMM_ONLY,NCCL,C2_RING_SIMPLE_CH8,2048,8192,2048,16,12,1048576,20,0,1200.032,0.000,0.000,0.000,PASS,0
mh_comm_C2_RING_SIMPLE_CH8_N8192_q16_rep3,4,COMM_ONLY,NCCL,C2_RING_SIMPLE_CH8,2048,8192,2048,16,13,1048576,20,0,1281.824,0.000,0.000,0.000,PASS,0
mh_comm_C2_RING_SIMPLE_CH8_N8192_q16_rep3,4,COMM_ONLY,NCCL,C2_RING_SIMPLE_CH8,2048,8192,2048,16,14,1048576,20,0,1363.200,0.000,0.000,0.000,PASS,0
mh_comm_C2_RING_SIMPLE_CH8_N8192_q16_rep3,4,COMM_ONLY,NCCL,C2_RING_SIMPLE_CH8,2048,8192,2048,16,15,1048576,20,0,1445.280,0.000,0.000,0.000,PASS,0
mh_comm_C2_RING_SIMPLE_CH8_N8192_q16_rep3,4,COMM_ONLY,NCCL,C2_RING_SIMPLE_CH8,2048,8192,2048,16,0,1048576,21,0,223.776,0.000,0.000,0.000,PASS,0
mh_comm_C2_RING_SIMPLE_CH8_N8192_q16_rep3,4,COMM_ONLY,NCCL,C2_RING_SIMPLE_CH8,2048,8192,2048,16,1,1048576,21,0,304.864,0.000,0.000,0.000,PASS,0
mh_comm_C2_RING_SIMPLE_CH8_N8192_q16_rep3,4,COMM_ONLY,NCCL,C2_RING_SIMPLE_CH8,2048,8192,2048,16,2,1048576,21,0,385.504,0.000,0.000,0.000,PASS,0
mh_comm_C2_RING_SIMPLE_CH8_N8192_q16_rep3,4,COMM_ONLY,NCCL,C2_RING_SIMPLE_CH8,2048,8192,2048,16,3,1048576,21,0,466.848,0.000,0.000,0.000,PASS,0
mh_comm_C2_RING_SIMPLE_CH8_N8192_q16_rep3,4,COMM_ONLY,NCCL,C2_RING_SIMPLE_CH8,2048,8192,2048,16,4,1048576,21,0,549.216,0.000,0.000,0.000,PASS,0
mh_comm_C2_RING_SIMPLE_CH8_N8192_q16_rep3,4,COMM_ONLY,NCCL,C2_RING_SIMPLE_CH8,2048,8192,2048,16,5,1048576,21,0,629.120,0.000,0.000,0.000,PASS,0
mh_comm_C2_RING_SIMPLE_CH8_N8192_q16_rep3,4,COMM_ONLY,NCCL,C2_RING_SIMPLE_CH8,2048,8192,2048,16,6,1048576,21,0,710.208,0.000,0.000,0.000,PASS,0
mh_comm_C2_RING_SIMPLE_CH8_N8192_q16_rep3,4,COMM_ONLY,NCCL,C2_RING_SIMPLE_CH8,2048,8192,2048,16,7,1048576,21,0,791.456,0.000,0.000,0.000,PASS,0
mh_comm_C2_RING_SIMPLE_CH8_N8192_q16_rep3,4,COMM_ONLY,NCCL,C2_RING_SIMPLE_CH8,2048,8192,2048,16,8,1048576,21,0,873.504,0.000,0.000,0.000,PASS,0
mh_comm_C2_RING_SIMPLE_CH8_N8192_q16_rep3,4,COMM_ONLY,NCCL,C2_RING_SIMPLE_CH8,2048,8192,2048,16,9,1048576,21,0,963.360,0.000,0.000,0.000,PASS,0
mh_comm_C2_RING_SIMPLE_CH8_N8192_q16_rep3,4,COMM_ONLY,NCCL,C2_RING_SIMPLE_CH8,2048,8192,2048,16,10,1048576,21,0,1044.768,0.000,0.000,0.000,PASS,0
mh_comm_C2_RING_SIMPLE_CH8_N8192_q16_rep3,4,COMM_ONLY,NCCL,C2_RING_SIMPLE_CH8,2048,8192,2048,16,11,1048576,21,0,1126.432,0.000,0.000,0.000,PASS,0
mh_comm_C2_RING_SIMPLE_CH8_N8192_q16_rep3,4,COMM_ONLY,NCCL,C2_RING_SIMPLE_CH8,2048,8192,2048,16,12,1048576,21,0,1207.456,0.000,0.000,0.000,PASS,0
mh_comm_C2_RING_SIMPLE_CH8_N8192_q16_rep3,4,COMM_ONLY,NCCL,C2_RING_SIMPLE_CH8,2048,8192,2048,16,13,1048576,21,0,1288.896,0.000,0.000,0.000,PASS,0
mh_comm_C2_RING_SIMPLE_CH8_N8192_q16_rep3,4,COMM_ONLY,NCCL,C2_RING_SIMPLE_CH8,2048,8192,2048,16,14,1048576,21,0,1369.088,0.000,0.000,0.000,PASS,0
mh_comm_C2_RING_SIMPLE_CH8_N8192_q16_rep3,4,COMM_ONLY,NCCL,C2_RING_SIMPLE_CH8,2048,8192,2048,16,15,1048576,21,0,1451.328,0.000,0.000,0.000,PASS,0
mh_comm_C2_RING_SIMPLE_CH8_N8192_q16_rep3,4,COMM_ONLY,NCCL,C2_RING_SIMPLE_CH8,2048,8192,2048,16,0,1048576,22,0,220.480,0.000,0.000,0.000,PASS,0
mh_comm_C2_RING_SIMPLE_CH8_N8192_q16_rep3,4,COMM_ONLY,NCCL,C2_RING_SIMPLE_CH8,2048,8192,2048,16,1,1048576,22,0,301.088,0.000,0.000,0.000,PASS,0
mh_comm_C2_RING_SIMPLE_CH8_N8192_q16_rep3,4,COMM_ONLY,NCCL,C2_RING_SIMPLE_CH8,2048,8192,2048,16,2,1048576,22,0,382.176,0.000,0.000,0.000,PASS,0
mh_comm_C2_RING_SIMPLE_CH8_N8192_q16_rep3,4,COMM_ONLY,NCCL,C2_RING_SIMPLE_CH8,2048,8192,2048,16,3,1048576,22,0,463.072,0.000,0.000,0.000,PASS,0
mh_comm_C2_RING_SIMPLE_CH8_N8192_q16_rep3,4,COMM_ONLY,NCCL,C2_RING_SIMPLE_CH8,2048,8192,2048,16,4,1048576,22,0,557.312,0.000,0.000,0.000,PASS,0
mh_comm_C2_RING_SIMPLE_CH8_N8192_q16_rep3,4,COMM_ONLY,NCCL,C2_RING_SIMPLE_CH8,2048,8192,2048,16,5,1048576,22,0,637.472,0.000,0.000,0.000,PASS,0
mh_comm_C2_RING_SIMPLE_CH8_N8192_q16_rep3,4,COMM_ONLY,NCCL,C2_RING_SIMPLE_CH8,2048,8192,2048,16,6,1048576,22,0,718.240,0.000,0.000,0.000,PASS,0
mh_comm_C2_RING_SIMPLE_CH8_N8192_q16_rep3,4,COMM_ONLY,NCCL,C2_RING_SIMPLE_CH8,2048,8192,2048,16,7,1048576,22,0,798.944,0.000,0.000,0.000,PASS,0
mh_comm_C2_RING_SIMPLE_CH8_N8192_q16_rep3,4,COMM_ONLY,NCCL,C2_RING_SIMPLE_CH8,2048,8192,2048,16,8,1048576,22,0,880.512,0.000,0.000,0.000,PASS,0
mh_comm_C2_RING_SIMPLE_CH8_N8192_q16_rep3,4,COMM_ONLY,NCCL,C2_RING_SIMPLE_CH8,2048,8192,2048,16,9,1048576,22,0,972.032,0.000,0.000,0.000,PASS,0
mh_comm_C2_RING_SIMPLE_CH8_N8192_q16_rep3,4,COMM_ONLY,NCCL,C2_RING_SIMPLE_CH8,2048,8192,2048,16,10,1048576,22,0,1064.416,0.000,0.000,0.000,PASS,0
mh_comm_C2_RING_SIMPLE_CH8_N8192_q16_rep3,4,COMM_ONLY,NCCL,C2_RING_SIMPLE_CH8,2048,8192,2048,16,11,1048576,22,0,1154.848,0.000,0.000,0.000,PASS,0
mh_comm_C2_RING_SIMPLE_CH8_N8192_q16_rep3,4,COMM_ONLY,NCCL,C2_RING_SIMPLE_CH8,2048,8192,2048,16,12,1048576,22,0,1236.480,0.000,0.000,0.000,PASS,0
mh_comm_C2_RING_SIMPLE_CH8_N8192_q16_rep3,4,COMM_ONLY,NCCL,C2_RING_SIMPLE_CH8,2048,8192,2048,16,13,1048576,22,0,1318.816,0.000,0.000,0.000,PASS,0
mh_comm_C2_RING_SIMPLE_CH8_N8192_q16_rep3,4,COMM_ONLY,NCCL,C2_RING_SIMPLE_CH8,2048,8192,2048,16,14,1048576,22,0,1399.968,0.000,0.000,0.000,PASS,0
mh_comm_C2_RING_SIMPLE_CH8_N8192_q16_rep3,4,COMM_ONLY,NCCL,C2_RING_SIMPLE_CH8,2048,8192,2048,16,15,1048576,22,0,1482.752,0.000,0.000,0.000,PASS,0
mh_comm_C2_RING_SIMPLE_CH8_N8192_q16_rep3,4,COMM_ONLY,NCCL,C2_RING_SIMPLE_CH8,2048,8192,2048,16,0,1048576,23,0,222.176,0.000,0.000,0.000,PASS,0
mh_comm_C2_RING_SIMPLE_CH8_N8192_q16_rep3,4,COMM_ONLY,NCCL,C2_RING_SIMPLE_CH8,2048,8192,2048,16,1,1048576,23,0,303.136,0.000,0.000,0.000,PASS,0
mh_comm_C2_RING_SIMPLE_CH8_N8192_q16_rep3,4,COMM_ONLY,NCCL,C2_RING_SIMPLE_CH8,2048,8192,2048,16,2,1048576,23,0,401.280,0.000,0.000,0.000,PASS,0
mh_comm_C2_RING_SIMPLE_CH8_N8192_q16_rep3,4,COMM_ONLY,NCCL,C2_RING_SIMPLE_CH8,2048,8192,2048,16,3,1048576,23,0,503.456,0.000,0.000,0.000,PASS,0
mh_comm_C2_RING_SIMPLE_CH8_N8192_q16_rep3,4,COMM_ONLY,NCCL,C2_RING_SIMPLE_CH8,2048,8192,2048,16,4,1048576,23,0,606.432,0.000,0.000,0.000,PASS,0
mh_comm_C2_RING_SIMPLE_CH8_N8192_q16_rep3,4,COMM_ONLY,NCCL,C2_RING_SIMPLE_CH8,2048,8192,2048,16,5,1048576,23,0,685.600,0.000,0.000,0.000,PASS,0
mh_comm_C2_RING_SIMPLE_CH8_N8192_q16_rep3,4,COMM_ONLY,NCCL,C2_RING_SIMPLE_CH8,2048,8192,2048,16,6,1048576,23,0,766.848,0.000,0.000,0.000,PASS,0
mh_comm_C2_RING_SIMPLE_CH8_N8192_q16_rep3,4,COMM_ONLY,NCCL,C2_RING_SIMPLE_CH8,2048,8192,2048,16,7,1048576,23,0,847.232,0.000,0.000,0.000,PASS,0
mh_comm_C2_RING_SIMPLE_CH8_N8192_q16_rep3,4,COMM_ONLY,NCCL,C2_RING_SIMPLE_CH8,2048,8192,2048,16,8,1048576,23,0,939.616,0.000,0.000,0.000,PASS,0
mh_comm_C2_RING_SIMPLE_CH8_N8192_q16_rep3,4,COMM_ONLY,NCCL,C2_RING_SIMPLE_CH8,2048,8192,2048,16,9,1048576,23,0,1019.552,0.000,0.000,0.000,PASS,0
mh_comm_C2_RING_SIMPLE_CH8_N8192_q16_rep3,4,COMM_ONLY,NCCL,C2_RING_SIMPLE_CH8,2048,8192,2048,16,10,1048576,23,0,1101.376,0.000,0.000,0.000,PASS,0
mh_comm_C2_RING_SIMPLE_CH8_N8192_q16_rep3,4,COMM_ONLY,NCCL,C2_RING_SIMPLE_CH8,2048,8192,2048,16,11,1048576,23,0,1181.696,0.000,0.000,0.000,PASS,0
mh_comm_C2_RING_SIMPLE_CH8_N8192_q16_rep3,4,COMM_ONLY,NCCL,C2_RING_SIMPLE_CH8,2048,8192,2048,16,12,1048576,23,0,1304.704,0.000,0.000,0.000,PASS,0
mh_comm_C2_RING_SIMPLE_CH8_N8192_q16_rep3,4,COMM_ONLY,NCCL,C2_RING_SIMPLE_CH8,2048,8192,2048,16,13,1048576,23,0,1383.104,0.000,0.000,0.000,PASS,0
mh_comm_C2_RING_SIMPLE_CH8_N8192_q16_rep3,4,COMM_ONLY,NCCL,C2_RING_SIMPLE_CH8,2048,8192,2048,16,14,1048576,23,0,1465.472,0.000,0.000,0.000,PASS,0
mh_comm_C2_RING_SIMPLE_CH8_N8192_q16_rep3,4,COMM_ONLY,NCCL,C2_RING_SIMPLE_CH8,2048,8192,2048,16,15,1048576,23,0,1554.752,0.000,0.000,0.000,PASS,0
mh_comm_C2_RING_SIMPLE_CH8_N8192_q16_rep3,4,COMM_ONLY,NCCL,C2_RING_SIMPLE_CH8,2048,8192,2048,16,0,1048576,24,0,224.928,0.000,0.000,0.000,PASS,0
mh_comm_C2_RING_SIMPLE_CH8_N8192_q16_rep3,4,COMM_ONLY,NCCL,C2_RING_SIMPLE_CH8,2048,8192,2048,16,1,1048576,24,0,315.392,0.000,0.000,0.000,PASS,0
mh_comm_C2_RING_SIMPLE_CH8_N8192_q16_rep3,4,COMM_ONLY,NCCL,C2_RING_SIMPLE_CH8,2048,8192,2048,16,2,1048576,24,0,408.512,0.000,0.000,0.000,PASS,0
mh_comm_C2_RING_SIMPLE_CH8_N8192_q16_rep3,4,COMM_ONLY,NCCL,C2_RING_SIMPLE_CH8,2048,8192,2048,16,3,1048576,24,0,498.912,0.000,0.000,0.000,PASS,0
mh_comm_C2_RING_SIMPLE_CH8_N8192_q16_rep3,4,COMM_ONLY,NCCL,C2_RING_SIMPLE_CH8,2048,8192,2048,16,4,1048576,24,0,597.504,0.000,0.000,0.000,PASS,0
mh_comm_C2_RING_SIMPLE_CH8_N8192_q16_rep3,4,COMM_ONLY,NCCL,C2_RING_SIMPLE_CH8,2048,8192,2048,16,5,1048576,24,0,676.448,0.000,0.000,0.000,PASS,0
mh_comm_C2_RING_SIMPLE_CH8_N8192_q16_rep3,4,COMM_ONLY,NCCL,C2_RING_SIMPLE_CH8,2048,8192,2048,16,6,1048576,24,0,781.536,0.000,0.000,0.000,PASS,0
mh_comm_C2_RING_SIMPLE_CH8_N8192_q16_rep3,4,COMM_ONLY,NCCL,C2_RING_SIMPLE_CH8,2048,8192,2048,16,7,1048576,24,0,864.640,0.000,0.000,0.000,PASS,0
mh_comm_C2_RING_SIMPLE_CH8_N8192_q16_rep3,4,COMM_ONLY,NCCL,C2_RING_SIMPLE_CH8,2048,8192,2048,16,8,1048576,24,0,945.216,0.000,0.000,0.000,PASS,0
mh_comm_C2_RING_SIMPLE_CH8_N8192_q16_rep3,4,COMM_ONLY,NCCL,C2_RING_SIMPLE_CH8,2048,8192,2048,16,9,1048576,24,0,1050.464,0.000,0.000,0.000,PASS,0
mh_comm_C2_RING_SIMPLE_CH8_N8192_q16_rep3,4,COMM_ONLY,NCCL,C2_RING_SIMPLE_CH8,2048,8192,2048,16,10,1048576,24,0,1131.520,0.000,0.000,0.000,PASS,0
mh_comm_C2_RING_SIMPLE_CH8_N8192_q16_rep3,4,COMM_ONLY,NCCL,C2_RING_SIMPLE_CH8,2048,8192,2048,16,11,1048576,24,0,1212.224,0.000,0.000,0.000,PASS,0
mh_comm_C2_RING_SIMPLE_CH8_N8192_q16_rep3,4,COMM_ONLY,NCCL,C2_RING_SIMPLE_CH8,2048,8192,2048,16,12,1048576,24,0,1294.336,0.000,0.000,0.000,PASS,0
mh_comm_C2_RING_SIMPLE_CH8_N8192_q16_rep3,4,COMM_ONLY,NCCL,C2_RING_SIMPLE_CH8,2048,8192,2048,16,13,1048576,24,0,1401.920,0.000,0.000,0.000,PASS,0
mh_comm_C2_RING_SIMPLE_CH8_N8192_q16_rep3,4,COMM_ONLY,NCCL,C2_RING_SIMPLE_CH8,2048,8192,2048,16,14,1048576,24,0,1482.720,0.000,0.000,0.000,PASS,0
mh_comm_C2_RING_SIMPLE_CH8_N8192_q16_rep3,4,COMM_ONLY,NCCL,C2_RING_SIMPLE_CH8,2048,8192,2048,16,15,1048576,24,0,1582.400,0.000,0.000,0.000,PASS,0
mh_comm_C2_RING_SIMPLE_CH8_N8192_q16_rep3,4,COMM_ONLY,NCCL,C2_RING_SIMPLE_CH8,2048,8192,2048,16,0,1048576,25,0,212.512,0.000,0.000,0.000,PASS,0
mh_comm_C2_RING_SIMPLE_CH8_N8192_q16_rep3,4,COMM_ONLY,NCCL,C2_RING_SIMPLE_CH8,2048,8192,2048,16,1,1048576,25,0,305.376,0.000,0.000,0.000,PASS,0
mh_comm_C2_RING_SIMPLE_CH8_N8192_q16_rep3,4,COMM_ONLY,NCCL,C2_RING_SIMPLE_CH8,2048,8192,2048,16,2,1048576,25,0,384.672,0.000,0.000,0.000,PASS,0
mh_comm_C2_RING_SIMPLE_CH8_N8192_q16_rep3,4,COMM_ONLY,NCCL,C2_RING_SIMPLE_CH8,2048,8192,2048,16,3,1048576,25,0,465.312,0.000,0.000,0.000,PASS,0
mh_comm_C2_RING_SIMPLE_CH8_N8192_q16_rep3,4,COMM_ONLY,NCCL,C2_RING_SIMPLE_CH8,2048,8192,2048,16,4,1048576,25,0,547.840,0.000,0.000,0.000,PASS,0
mh_comm_C2_RING_SIMPLE_CH8_N8192_q16_rep3,4,COMM_ONLY,NCCL,C2_RING_SIMPLE_CH8,2048,8192,2048,16,5,1048576,25,0,628.480,0.000,0.000,0.000,PASS,0
mh_comm_C2_RING_SIMPLE_CH8_N8192_q16_rep3,4,COMM_ONLY,NCCL,C2_RING_SIMPLE_CH8,2048,8192,2048,16,6,1048576,25,0,723.648,0.000,0.000,0.000,PASS,0
mh_comm_C2_RING_SIMPLE_CH8_N8192_q16_rep3,4,COMM_ONLY,NCCL,C2_RING_SIMPLE_CH8,2048,8192,2048,16,7,1048576,25,0,803.936,0.000,0.000,0.000,PASS,0
mh_comm_C2_RING_SIMPLE_CH8_N8192_q16_rep3,4,COMM_ONLY,NCCL,C2_RING_SIMPLE_CH8,2048,8192,2048,16,8,1048576,25,0,884.928,0.000,0.000,0.000,PASS,0
mh_comm_C2_RING_SIMPLE_CH8_N8192_q16_rep3,4,COMM_ONLY,NCCL,C2_RING_SIMPLE_CH8,2048,8192,2048,16,9,1048576,25,0,966.016,0.000,0.000,0.000,PASS,0
mh_comm_C2_RING_SIMPLE_CH8_N8192_q16_rep3,4,COMM_ONLY,NCCL,C2_RING_SIMPLE_CH8,2048,8192,2048,16,10,1048576,25,0,1047.872,0.000,0.000,0.000,PASS,0
mh_comm_C2_RING_SIMPLE_CH8_N8192_q16_rep3,4,COMM_ONLY,NCCL,C2_RING_SIMPLE_CH8,2048,8192,2048,16,11,1048576,25,0,1129.632,0.000,0.000,0.000,PASS,0
mh_comm_C2_RING_SIMPLE_CH8_N8192_q16_rep3,4,COMM_ONLY,NCCL,C2_RING_SIMPLE_CH8,2048,8192,2048,16,12,1048576,25,0,1211.232,0.000,0.000,0.000,PASS,0
mh_comm_C2_RING_SIMPLE_CH8_N8192_q16_rep3,4,COMM_ONLY,NCCL,C2_RING_SIMPLE_CH8,2048,8192,2048,16,13,1048576,25,0,1293.632,0.000,0.000,0.000,PASS,0
mh_comm_C2_RING_SIMPLE_CH8_N8192_q16_rep3,4,COMM_ONLY,NCCL,C2_RING_SIMPLE_CH8,2048,8192,2048,16,14,1048576,25,0,1374.176,0.000,0.000,0.000,PASS,0
mh_comm_C2_RING_SIMPLE_CH8_N8192_q16_rep3,4,COMM_ONLY,NCCL,C2_RING_SIMPLE_CH8,2048,8192,2048,16,15,1048576,25,0,1456.256,0.000,0.000,0.000,PASS,0
mh_comm_C2_RING_SIMPLE_CH8_N8192_q16_rep3,4,COMM_ONLY,NCCL,C2_RING_SIMPLE_CH8,2048,8192,2048,16,0,1048576,26,0,213.120,0.000,0.000,0.000,PASS,0
mh_comm_C2_RING_SIMPLE_CH8_N8192_q16_rep3,4,COMM_ONLY,NCCL,C2_RING_SIMPLE_CH8,2048,8192,2048,16,1,1048576,26,0,294.912,0.000,0.000,0.000,PASS,0
mh_comm_C2_RING_SIMPLE_CH8_N8192_q16_rep3,4,COMM_ONLY,NCCL,C2_RING_SIMPLE_CH8,2048,8192,2048,16,2,1048576,26,0,375.584,0.000,0.000,0.000,PASS,0
mh_comm_C2_RING_SIMPLE_CH8_N8192_q16_rep3,4,COMM_ONLY,NCCL,C2_RING_SIMPLE_CH8,2048,8192,2048,16,3,1048576,26,0,457.632,0.000,0.000,0.000,PASS,0
mh_comm_C2_RING_SIMPLE_CH8_N8192_q16_rep3,4,COMM_ONLY,NCCL,C2_RING_SIMPLE_CH8,2048,8192,2048,16,4,1048576,26,0,538.848,0.000,0.000,0.000,PASS,0
mh_comm_C2_RING_SIMPLE_CH8_N8192_q16_rep3,4,COMM_ONLY,NCCL,C2_RING_SIMPLE_CH8,2048,8192,2048,16,5,1048576,26,0,619.584,0.000,0.000,0.000,PASS,0
mh_comm_C2_RING_SIMPLE_CH8_N8192_q16_rep3,4,COMM_ONLY,NCCL,C2_RING_SIMPLE_CH8,2048,8192,2048,16,6,1048576,26,0,700.896,0.000,0.000,0.000,PASS,0
mh_comm_C2_RING_SIMPLE_CH8_N8192_q16_rep3,4,COMM_ONLY,NCCL,C2_RING_SIMPLE_CH8,2048,8192,2048,16,7,1048576,26,0,781.568,0.000,0.000,0.000,PASS,0
mh_comm_C2_RING_SIMPLE_CH8_N8192_q16_rep3,4,COMM_ONLY,NCCL,C2_RING_SIMPLE_CH8,2048,8192,2048,16,8,1048576,26,0,871.584,0.000,0.000,0.000,PASS,0
mh_comm_C2_RING_SIMPLE_CH8_N8192_q16_rep3,4,COMM_ONLY,NCCL,C2_RING_SIMPLE_CH8,2048,8192,2048,16,9,1048576,26,0,952.032,0.000,0.000,0.000,PASS,0
mh_comm_C2_RING_SIMPLE_CH8_N8192_q16_rep3,4,COMM_ONLY,NCCL,C2_RING_SIMPLE_CH8,2048,8192,2048,16,10,1048576,26,0,1034.080,0.000,0.000,0.000,PASS,0
mh_comm_C2_RING_SIMPLE_CH8_N8192_q16_rep3,4,COMM_ONLY,NCCL,C2_RING_SIMPLE_CH8,2048,8192,2048,16,11,1048576,26,0,1114.592,0.000,0.000,0.000,PASS,0
mh_comm_C2_RING_SIMPLE_CH8_N8192_q16_rep3,4,COMM_ONLY,NCCL,C2_RING_SIMPLE_CH8,2048,8192,2048,16,12,1048576,26,0,1195.840,0.000,0.000,0.000,PASS,0
mh_comm_C2_RING_SIMPLE_CH8_N8192_q16_rep3,4,COMM_ONLY,NCCL,C2_RING_SIMPLE_CH8,2048,8192,2048,16,13,1048576,26,0,1277.920,0.000,0.000,0.000,PASS,0
mh_comm_C2_RING_SIMPLE_CH8_N8192_q16_rep3,4,COMM_ONLY,NCCL,C2_RING_SIMPLE_CH8,2048,8192,2048,16,14,1048576,26,0,1358.784,0.000,0.000,0.000,PASS,0
mh_comm_C2_RING_SIMPLE_CH8_N8192_q16_rep3,4,COMM_ONLY,NCCL,C2_RING_SIMPLE_CH8,2048,8192,2048,16,15,1048576,26,0,1440.672,0.000,0.000,0.000,PASS,0
mh_comm_C2_RING_SIMPLE_CH8_N8192_q16_rep3,4,COMM_ONLY,NCCL,C2_RING_SIMPLE_CH8,2048,8192,2048,16,0,1048576,27,0,211.520,0.000,0.000,0.000,PASS,0
mh_comm_C2_RING_SIMPLE_CH8_N8192_q16_rep3,4,COMM_ONLY,NCCL,C2_RING_SIMPLE_CH8,2048,8192,2048,16,1,1048576,27,0,293.248,0.000,0.000,0.000,PASS,0
mh_comm_C2_RING_SIMPLE_CH8_N8192_q16_rep3,4,COMM_ONLY,NCCL,C2_RING_SIMPLE_CH8,2048,8192,2048,16,2,1048576,27,0,382.912,0.000,0.000,0.000,PASS,0
mh_comm_C2_RING_SIMPLE_CH8_N8192_q16_rep3,4,COMM_ONLY,NCCL,C2_RING_SIMPLE_CH8,2048,8192,2048,16,3,1048576,27,0,465.184,0.000,0.000,0.000,PASS,0
mh_comm_C2_RING_SIMPLE_CH8_N8192_q16_rep3,4,COMM_ONLY,NCCL,C2_RING_SIMPLE_CH8,2048,8192,2048,16,4,1048576,27,0,546.176,0.000,0.000,0.000,PASS,0
mh_comm_C2_RING_SIMPLE_CH8_N8192_q16_rep3,4,COMM_ONLY,NCCL,C2_RING_SIMPLE_CH8,2048,8192,2048,16,5,1048576,27,0,626.240,0.000,0.000,0.000,PASS,0
mh_comm_C2_RING_SIMPLE_CH8_N8192_q16_rep3,4,COMM_ONLY,NCCL,C2_RING_SIMPLE_CH8,2048,8192,2048,16,6,1048576,27,0,707.296,0.000,0.000,0.000,PASS,0
mh_comm_C2_RING_SIMPLE_CH8_N8192_q16_rep3,4,COMM_ONLY,NCCL,C2_RING_SIMPLE_CH8,2048,8192,2048,16,7,1048576,27,0,788.288,0.000,0.000,0.000,PASS,0
mh_comm_C2_RING_SIMPLE_CH8_N8192_q16_rep3,4,COMM_ONLY,NCCL,C2_RING_SIMPLE_CH8,2048,8192,2048,16,8,1048576,27,0,870.784,0.000,0.000,0.000,PASS,0
mh_comm_C2_RING_SIMPLE_CH8_N8192_q16_rep3,4,COMM_ONLY,NCCL,C2_RING_SIMPLE_CH8,2048,8192,2048,16,9,1048576,27,0,951.456,0.000,0.000,0.000,PASS,0
mh_comm_C2_RING_SIMPLE_CH8_N8192_q16_rep3,4,COMM_ONLY,NCCL,C2_RING_SIMPLE_CH8,2048,8192,2048,16,10,1048576,27,0,1033.248,0.000,0.000,0.000,PASS,0
mh_comm_C2_RING_SIMPLE_CH8_N8192_q16_rep3,4,COMM_ONLY,NCCL,C2_RING_SIMPLE_CH8,2048,8192,2048,16,11,1048576,27,0,1113.632,0.000,0.000,0.000,PASS,0
mh_comm_C2_RING_SIMPLE_CH8_N8192_q16_rep3,4,COMM_ONLY,NCCL,C2_RING_SIMPLE_CH8,2048,8192,2048,16,12,1048576,27,0,1204.576,0.000,0.000,0.000,PASS,0
mh_comm_C2_RING_SIMPLE_CH8_N8192_q16_rep3,4,COMM_ONLY,NCCL,C2_RING_SIMPLE_CH8,2048,8192,2048,16,13,1048576,27,0,1285.952,0.000,0.000,0.000,PASS,0
mh_comm_C2_RING_SIMPLE_CH8_N8192_q16_rep3,4,COMM_ONLY,NCCL,C2_RING_SIMPLE_CH8,2048,8192,2048,16,14,1048576,27,0,1373.696,0.000,0.000,0.000,PASS,0
mh_comm_C2_RING_SIMPLE_CH8_N8192_q16_rep3,4,COMM_ONLY,NCCL,C2_RING_SIMPLE_CH8,2048,8192,2048,16,15,1048576,27,0,1455.936,0.000,0.000,0.000,PASS,0
mh_comm_C2_RING_SIMPLE_CH8_N8192_q16_rep3,4,COMM_ONLY,NCCL,C2_RING_SIMPLE_CH8,2048,8192,2048,16,0,1048576,28,0,215.296,0.000,0.000,0.000,PASS,0
mh_comm_C2_RING_SIMPLE_CH8_N8192_q16_rep3,4,COMM_ONLY,NCCL,C2_RING_SIMPLE_CH8,2048,8192,2048,16,1,1048576,28,0,296.000,0.000,0.000,0.000,PASS,0
mh_comm_C2_RING_SIMPLE_CH8_N8192_q16_rep3,4,COMM_ONLY,NCCL,C2_RING_SIMPLE_CH8,2048,8192,2048,16,2,1048576,28,0,376.160,0.000,0.000,0.000,PASS,0
mh_comm_C2_RING_SIMPLE_CH8_N8192_q16_rep3,4,COMM_ONLY,NCCL,C2_RING_SIMPLE_CH8,2048,8192,2048,16,3,1048576,28,0,458.528,0.000,0.000,0.000,PASS,0
mh_comm_C2_RING_SIMPLE_CH8_N8192_q16_rep3,4,COMM_ONLY,NCCL,C2_RING_SIMPLE_CH8,2048,8192,2048,16,4,1048576,28,0,539.904,0.000,0.000,0.000,PASS,0
mh_comm_C2_RING_SIMPLE_CH8_N8192_q16_rep3,4,COMM_ONLY,NCCL,C2_RING_SIMPLE_CH8,2048,8192,2048,16,5,1048576,28,0,620.544,0.000,0.000,0.000,PASS,0
mh_comm_C2_RING_SIMPLE_CH8_N8192_q16_rep3,4,COMM_ONLY,NCCL,C2_RING_SIMPLE_CH8,2048,8192,2048,16,6,1048576,28,0,700.416,0.000,0.000,0.000,PASS,0
mh_comm_C2_RING_SIMPLE_CH8_N8192_q16_rep3,4,COMM_ONLY,NCCL,C2_RING_SIMPLE_CH8,2048,8192,2048,16,7,1048576,28,0,781.280,0.000,0.000,0.000,PASS,0
mh_comm_C2_RING_SIMPLE_CH8_N8192_q16_rep3,4,COMM_ONLY,NCCL,C2_RING_SIMPLE_CH8,2048,8192,2048,16,8,1048576,28,0,862.112,0.000,0.000,0.000,PASS,0
mh_comm_C2_RING_SIMPLE_CH8_N8192_q16_rep3,4,COMM_ONLY,NCCL,C2_RING_SIMPLE_CH8,2048,8192,2048,16,9,1048576,28,0,942.816,0.000,0.000,0.000,PASS,0
mh_comm_C2_RING_SIMPLE_CH8_N8192_q16_rep3,4,COMM_ONLY,NCCL,C2_RING_SIMPLE_CH8,2048,8192,2048,16,10,1048576,28,0,1024.416,0.000,0.000,0.000,PASS,0
mh_comm_C2_RING_SIMPLE_CH8_N8192_q16_rep3,4,COMM_ONLY,NCCL,C2_RING_SIMPLE_CH8,2048,8192,2048,16,11,1048576,28,0,1105.696,0.000,0.000,0.000,PASS,0
mh_comm_C2_RING_SIMPLE_CH8_N8192_q16_rep3,4,COMM_ONLY,NCCL,C2_RING_SIMPLE_CH8,2048,8192,2048,16,12,1048576,28,0,1187.072,0.000,0.000,0.000,PASS,0
mh_comm_C2_RING_SIMPLE_CH8_N8192_q16_rep3,4,COMM_ONLY,NCCL,C2_RING_SIMPLE_CH8,2048,8192,2048,16,13,1048576,28,0,1268.576,0.000,0.000,0.000,PASS,0
mh_comm_C2_RING_SIMPLE_CH8_N8192_q16_rep3,4,COMM_ONLY,NCCL,C2_RING_SIMPLE_CH8,2048,8192,2048,16,14,1048576,28,0,1349.504,0.000,0.000,0.000,PASS,0
mh_comm_C2_RING_SIMPLE_CH8_N8192_q16_rep3,4,COMM_ONLY,NCCL,C2_RING_SIMPLE_CH8,2048,8192,2048,16,15,1048576,28,0,1430.496,0.000,0.000,0.000,PASS,0
mh_comm_C2_RING_SIMPLE_CH8_N8192_q16_rep3,4,COMM_ONLY,NCCL,C2_RING_SIMPLE_CH8,2048,8192,2048,16,0,1048576,29,0,226.688,0.000,0.000,0.000,PASS,0
mh_comm_C2_RING_SIMPLE_CH8_N8192_q16_rep3,4,COMM_ONLY,NCCL,C2_RING_SIMPLE_CH8,2048,8192,2048,16,1,1048576,29,0,309.408,0.000,0.000,0.000,PASS,0
mh_comm_C2_RING_SIMPLE_CH8_N8192_q16_rep3,4,COMM_ONLY,NCCL,C2_RING_SIMPLE_CH8,2048,8192,2048,16,2,1048576,29,0,390.016,0.000,0.000,0.000,PASS,0
mh_comm_C2_RING_SIMPLE_CH8_N8192_q16_rep3,4,COMM_ONLY,NCCL,C2_RING_SIMPLE_CH8,2048,8192,2048,16,3,1048576,29,0,470.016,0.000,0.000,0.000,PASS,0
mh_comm_C2_RING_SIMPLE_CH8_N8192_q16_rep3,4,COMM_ONLY,NCCL,C2_RING_SIMPLE_CH8,2048,8192,2048,16,4,1048576,29,0,551.808,0.000,0.000,0.000,PASS,0
mh_comm_C2_RING_SIMPLE_CH8_N8192_q16_rep3,4,COMM_ONLY,NCCL,C2_RING_SIMPLE_CH8,2048,8192,2048,16,5,1048576,29,0,632.736,0.000,0.000,0.000,PASS,0
mh_comm_C2_RING_SIMPLE_CH8_N8192_q16_rep3,4,COMM_ONLY,NCCL,C2_RING_SIMPLE_CH8,2048,8192,2048,16,6,1048576,29,0,713.280,0.000,0.000,0.000,PASS,0
mh_comm_C2_RING_SIMPLE_CH8_N8192_q16_rep3,4,COMM_ONLY,NCCL,C2_RING_SIMPLE_CH8,2048,8192,2048,16,7,1048576,29,0,794.688,0.000,0.000,0.000,PASS,0
mh_comm_C2_RING_SIMPLE_CH8_N8192_q16_rep3,4,COMM_ONLY,NCCL,C2_RING_SIMPLE_CH8,2048,8192,2048,16,8,1048576,29,0,876.480,0.000,0.000,0.000,PASS,0
mh_comm_C2_RING_SIMPLE_CH8_N8192_q16_rep3,4,COMM_ONLY,NCCL,C2_RING_SIMPLE_CH8,2048,8192,2048,16,9,1048576,29,0,957.664,0.000,0.000,0.000,PASS,0
mh_comm_C2_RING_SIMPLE_CH8_N8192_q16_rep3,4,COMM_ONLY,NCCL,C2_RING_SIMPLE_CH8,2048,8192,2048,16,10,1048576,29,0,1038.560,0.000,0.000,0.000,PASS,0
mh_comm_C2_RING_SIMPLE_CH8_N8192_q16_rep3,4,COMM_ONLY,NCCL,C2_RING_SIMPLE_CH8,2048,8192,2048,16,11,1048576,29,0,1119.712,0.000,0.000,0.000,PASS,0
mh_comm_C2_RING_SIMPLE_CH8_N8192_q16_rep3,4,COMM_ONLY,NCCL,C2_RING_SIMPLE_CH8,2048,8192,2048,16,12,1048576,29,0,1212.288,0.000,0.000,0.000,PASS,0
mh_comm_C2_RING_SIMPLE_CH8_N8192_q16_rep3,4,COMM_ONLY,NCCL,C2_RING_SIMPLE_CH8,2048,8192,2048,16,13,1048576,29,0,1291.296,0.000,0.000,0.000,PASS,0
mh_comm_C2_RING_SIMPLE_CH8_N8192_q16_rep3,4,COMM_ONLY,NCCL,C2_RING_SIMPLE_CH8,2048,8192,2048,16,14,1048576,29,0,1372.576,0.000,0.000,0.000,PASS,0
mh_comm_C2_RING_SIMPLE_CH8_N8192_q16_rep3,4,COMM_ONLY,NCCL,C2_RING_SIMPLE_CH8,2048,8192,2048,16,15,1048576,29,0,1454.400,0.000,0.000,0.000,PASS,0
mh_comm_C2_RING_SIMPLE_CH8_N8192_q16_rep3,4,COMM_ONLY,NCCL,C2_RING_SIMPLE_CH8,2048,8192,2048,16,0,1048576,30,0,224.672,0.000,0.000,0.000,PASS,0
mh_comm_C2_RING_SIMPLE_CH8_N8192_q16_rep3,4,COMM_ONLY,NCCL,C2_RING_SIMPLE_CH8,2048,8192,2048,16,1,1048576,30,0,306.144,0.000,0.000,0.000,PASS,0
mh_comm_C2_RING_SIMPLE_CH8_N8192_q16_rep3,4,COMM_ONLY,NCCL,C2_RING_SIMPLE_CH8,2048,8192,2048,16,2,1048576,30,0,387.008,0.000,0.000,0.000,PASS,0
mh_comm_C2_RING_SIMPLE_CH8_N8192_q16_rep3,4,COMM_ONLY,NCCL,C2_RING_SIMPLE_CH8,2048,8192,2048,16,3,1048576,30,0,468.864,0.000,0.000,0.000,PASS,0
mh_comm_C2_RING_SIMPLE_CH8_N8192_q16_rep3,4,COMM_ONLY,NCCL,C2_RING_SIMPLE_CH8,2048,8192,2048,16,4,1048576,30,0,549.792,0.000,0.000,0.000,PASS,0
mh_comm_C2_RING_SIMPLE_CH8_N8192_q16_rep3,4,COMM_ONLY,NCCL,C2_RING_SIMPLE_CH8,2048,8192,2048,16,5,1048576,30,0,630.016,0.000,0.000,0.000,PASS,0
mh_comm_C2_RING_SIMPLE_CH8_N8192_q16_rep3,4,COMM_ONLY,NCCL,C2_RING_SIMPLE_CH8,2048,8192,2048,16,6,1048576,30,0,711.520,0.000,0.000,0.000,PASS,0
mh_comm_C2_RING_SIMPLE_CH8_N8192_q16_rep3,4,COMM_ONLY,NCCL,C2_RING_SIMPLE_CH8,2048,8192,2048,16,7,1048576,30,0,793.504,0.000,0.000,0.000,PASS,0
mh_comm_C2_RING_SIMPLE_CH8_N8192_q16_rep3,4,COMM_ONLY,NCCL,C2_RING_SIMPLE_CH8,2048,8192,2048,16,8,1048576,30,0,874.944,0.000,0.000,0.000,PASS,0
mh_comm_C2_RING_SIMPLE_CH8_N8192_q16_rep3,4,COMM_ONLY,NCCL,C2_RING_SIMPLE_CH8,2048,8192,2048,16,9,1048576,30,0,955.168,0.000,0.000,0.000,PASS,0
mh_comm_C2_RING_SIMPLE_CH8_N8192_q16_rep3,4,COMM_ONLY,NCCL,C2_RING_SIMPLE_CH8,2048,8192,2048,16,10,1048576,30,0,1037.664,0.000,0.000,0.000,PASS,0
mh_comm_C2_RING_SIMPLE_CH8_N8192_q16_rep3,4,COMM_ONLY,NCCL,C2_RING_SIMPLE_CH8,2048,8192,2048,16,11,1048576,30,0,1118.848,0.000,0.000,0.000,PASS,0
mh_comm_C2_RING_SIMPLE_CH8_N8192_q16_rep3,4,COMM_ONLY,NCCL,C2_RING_SIMPLE_CH8,2048,8192,2048,16,12,1048576,30,0,1201.664,0.000,0.000,0.000,PASS,0
mh_comm_C2_RING_SIMPLE_CH8_N8192_q16_rep3,4,COMM_ONLY,NCCL,C2_RING_SIMPLE_CH8,2048,8192,2048,16,13,1048576,30,0,1281.984,0.000,0.000,0.000,PASS,0
mh_comm_C2_RING_SIMPLE_CH8_N8192_q16_rep3,4,COMM_ONLY,NCCL,C2_RING_SIMPLE_CH8,2048,8192,2048,16,14,1048576,30,0,1363.776,0.000,0.000,0.000,PASS,0
mh_comm_C2_RING_SIMPLE_CH8_N8192_q16_rep3,4,COMM_ONLY,NCCL,C2_RING_SIMPLE_CH8,2048,8192,2048,16,15,1048576,30,0,1445.120,0.000,0.000,0.000,PASS,0
mh_comm_C2_RING_SIMPLE_CH8_N8192_q16_rep3,4,COMM_ONLY,NCCL,C2_RING_SIMPLE_CH8,2048,8192,2048,16,0,1048576,31,0,212.160,0.000,0.000,0.000,PASS,0
mh_comm_C2_RING_SIMPLE_CH8_N8192_q16_rep3,4,COMM_ONLY,NCCL,C2_RING_SIMPLE_CH8,2048,8192,2048,16,1,1048576,31,0,293.760,0.000,0.000,0.000,PASS,0
mh_comm_C2_RING_SIMPLE_CH8_N8192_q16_rep3,4,COMM_ONLY,NCCL,C2_RING_SIMPLE_CH8,2048,8192,2048,16,2,1048576,31,0,373.888,0.000,0.000,0.000,PASS,0
mh_comm_C2_RING_SIMPLE_CH8_N8192_q16_rep3,4,COMM_ONLY,NCCL,C2_RING_SIMPLE_CH8,2048,8192,2048,16,3,1048576,31,0,455.680,0.000,0.000,0.000,PASS,0
mh_comm_C2_RING_SIMPLE_CH8_N8192_q16_rep3,4,COMM_ONLY,NCCL,C2_RING_SIMPLE_CH8,2048,8192,2048,16,4,1048576,31,0,537.312,0.000,0.000,0.000,PASS,0
mh_comm_C2_RING_SIMPLE_CH8_N8192_q16_rep3,4,COMM_ONLY,NCCL,C2_RING_SIMPLE_CH8,2048,8192,2048,16,5,1048576,31,0,628.000,0.000,0.000,0.000,PASS,0
mh_comm_C2_RING_SIMPLE_CH8_N8192_q16_rep3,4,COMM_ONLY,NCCL,C2_RING_SIMPLE_CH8,2048,8192,2048,16,6,1048576,31,0,718.784,0.000,0.000,0.000,PASS,0
mh_comm_C2_RING_SIMPLE_CH8_N8192_q16_rep3,4,COMM_ONLY,NCCL,C2_RING_SIMPLE_CH8,2048,8192,2048,16,7,1048576,31,0,800.064,0.000,0.000,0.000,PASS,0
mh_comm_C2_RING_SIMPLE_CH8_N8192_q16_rep3,4,COMM_ONLY,NCCL,C2_RING_SIMPLE_CH8,2048,8192,2048,16,8,1048576,31,0,892.768,0.000,0.000,0.000,PASS,0
mh_comm_C2_RING_SIMPLE_CH8_N8192_q16_rep3,4,COMM_ONLY,NCCL,C2_RING_SIMPLE_CH8,2048,8192,2048,16,9,1048576,31,0,983.840,0.000,0.000,0.000,PASS,0
mh_comm_C2_RING_SIMPLE_CH8_N8192_q16_rep3,4,COMM_ONLY,NCCL,C2_RING_SIMPLE_CH8,2048,8192,2048,16,10,1048576,31,0,1065.760,0.000,0.000,0.000,PASS,0
mh_comm_C2_RING_SIMPLE_CH8_N8192_q16_rep3,4,COMM_ONLY,NCCL,C2_RING_SIMPLE_CH8,2048,8192,2048,16,11,1048576,31,0,1146.816,0.000,0.000,0.000,PASS,0
mh_comm_C2_RING_SIMPLE_CH8_N8192_q16_rep3,4,COMM_ONLY,NCCL,C2_RING_SIMPLE_CH8,2048,8192,2048,16,12,1048576,31,0,1228.480,0.000,0.000,0.000,PASS,0
mh_comm_C2_RING_SIMPLE_CH8_N8192_q16_rep3,4,COMM_ONLY,NCCL,C2_RING_SIMPLE_CH8,2048,8192,2048,16,13,1048576,31,0,1310.336,0.000,0.000,0.000,PASS,0
mh_comm_C2_RING_SIMPLE_CH8_N8192_q16_rep3,4,COMM_ONLY,NCCL,C2_RING_SIMPLE_CH8,2048,8192,2048,16,14,1048576,31,0,1391.808,0.000,0.000,0.000,PASS,0
mh_comm_C2_RING_SIMPLE_CH8_N8192_q16_rep3,4,COMM_ONLY,NCCL,C2_RING_SIMPLE_CH8,2048,8192,2048,16,15,1048576,31,0,1473.888,0.000,0.000,0.000,PASS,0
mh_comm_C2_RING_SIMPLE_CH8_N8192_q16_rep3,4,COMM_ONLY,NCCL,C2_RING_SIMPLE_CH8,2048,8192,2048,16,0,1048576,32,0,213.440,0.000,0.000,0.000,PASS,0
mh_comm_C2_RING_SIMPLE_CH8_N8192_q16_rep3,4,COMM_ONLY,NCCL,C2_RING_SIMPLE_CH8,2048,8192,2048,16,1,1048576,32,0,294.880,0.000,0.000,0.000,PASS,0
mh_comm_C2_RING_SIMPLE_CH8_N8192_q16_rep3,4,COMM_ONLY,NCCL,C2_RING_SIMPLE_CH8,2048,8192,2048,16,2,1048576,32,0,374.784,0.000,0.000,0.000,PASS,0
mh_comm_C2_RING_SIMPLE_CH8_N8192_q16_rep3,4,COMM_ONLY,NCCL,C2_RING_SIMPLE_CH8,2048,8192,2048,16,3,1048576,32,0,456.320,0.000,0.000,0.000,PASS,0
mh_comm_C2_RING_SIMPLE_CH8_N8192_q16_rep3,4,COMM_ONLY,NCCL,C2_RING_SIMPLE_CH8,2048,8192,2048,16,4,1048576,32,0,539.744,0.000,0.000,0.000,PASS,0
mh_comm_C2_RING_SIMPLE_CH8_N8192_q16_rep3,4,COMM_ONLY,NCCL,C2_RING_SIMPLE_CH8,2048,8192,2048,16,5,1048576,32,0,618.880,0.000,0.000,0.000,PASS,0
mh_comm_C2_RING_SIMPLE_CH8_N8192_q16_rep3,4,COMM_ONLY,NCCL,C2_RING_SIMPLE_CH8,2048,8192,2048,16,6,1048576,32,0,700.416,0.000,0.000,0.000,PASS,0
mh_comm_C2_RING_SIMPLE_CH8_N8192_q16_rep3,4,COMM_ONLY,NCCL,C2_RING_SIMPLE_CH8,2048,8192,2048,16,7,1048576,32,0,781.408,0.000,0.000,0.000,PASS,0
mh_comm_C2_RING_SIMPLE_CH8_N8192_q16_rep3,4,COMM_ONLY,NCCL,C2_RING_SIMPLE_CH8,2048,8192,2048,16,8,1048576,32,0,863.072,0.000,0.000,0.000,PASS,0
mh_comm_C2_RING_SIMPLE_CH8_N8192_q16_rep3,4,COMM_ONLY,NCCL,C2_RING_SIMPLE_CH8,2048,8192,2048,16,9,1048576,32,0,944.096,0.000,0.000,0.000,PASS,0
mh_comm_C2_RING_SIMPLE_CH8_N8192_q16_rep3,4,COMM_ONLY,NCCL,C2_RING_SIMPLE_CH8,2048,8192,2048,16,10,1048576,32,0,1051.232,0.000,0.000,0.000,PASS,0
mh_comm_C2_RING_SIMPLE_CH8_N8192_q16_rep3,4,COMM_ONLY,NCCL,C2_RING_SIMPLE_CH8,2048,8192,2048,16,11,1048576,32,0,1155.968,0.000,0.000,0.000,PASS,0
mh_comm_C2_RING_SIMPLE_CH8_N8192_q16_rep3,4,COMM_ONLY,NCCL,C2_RING_SIMPLE_CH8,2048,8192,2048,16,12,1048576,32,0,1240.096,0.000,0.000,0.000,PASS,0
mh_comm_C2_RING_SIMPLE_CH8_N8192_q16_rep3,4,COMM_ONLY,NCCL,C2_RING_SIMPLE_CH8,2048,8192,2048,16,13,1048576,32,0,1332.832,0.000,0.000,0.000,PASS,0
mh_comm_C2_RING_SIMPLE_CH8_N8192_q16_rep3,4,COMM_ONLY,NCCL,C2_RING_SIMPLE_CH8,2048,8192,2048,16,14,1048576,32,0,1413.184,0.000,0.000,0.000,PASS,0
mh_comm_C2_RING_SIMPLE_CH8_N8192_q16_rep3,4,COMM_ONLY,NCCL,C2_RING_SIMPLE_CH8,2048,8192,2048,16,15,1048576,32,0,1506.592,0.000,0.000,0.000,PASS,0
mh_comm_C2_RING_SIMPLE_CH8_N8192_q16_rep3,4,COMM_ONLY,NCCL,C2_RING_SIMPLE_CH8,2048,8192,2048,16,0,1048576,33,0,227.776,0.000,0.000,0.000,PASS,0
mh_comm_C2_RING_SIMPLE_CH8_N8192_q16_rep3,4,COMM_ONLY,NCCL,C2_RING_SIMPLE_CH8,2048,8192,2048,16,1,1048576,33,0,325.856,0.000,0.000,0.000,PASS,0
mh_comm_C2_RING_SIMPLE_CH8_N8192_q16_rep3,4,COMM_ONLY,NCCL,C2_RING_SIMPLE_CH8,2048,8192,2048,16,2,1048576,33,0,406.208,0.000,0.000,0.000,PASS,0
mh_comm_C2_RING_SIMPLE_CH8_N8192_q16_rep3,4,COMM_ONLY,NCCL,C2_RING_SIMPLE_CH8,2048,8192,2048,16,3,1048576,33,0,498.016,0.000,0.000,0.000,PASS,0
mh_comm_C2_RING_SIMPLE_CH8_N8192_q16_rep3,4,COMM_ONLY,NCCL,C2_RING_SIMPLE_CH8,2048,8192,2048,16,4,1048576,33,0,598.400,0.000,0.000,0.000,PASS,0
mh_comm_C2_RING_SIMPLE_CH8_N8192_q16_rep3,4,COMM_ONLY,NCCL,C2_RING_SIMPLE_CH8,2048,8192,2048,16,5,1048576,33,0,677.728,0.000,0.000,0.000,PASS,0
mh_comm_C2_RING_SIMPLE_CH8_N8192_q16_rep3,4,COMM_ONLY,NCCL,C2_RING_SIMPLE_CH8,2048,8192,2048,16,6,1048576,33,0,771.584,0.000,0.000,0.000,PASS,0
mh_comm_C2_RING_SIMPLE_CH8_N8192_q16_rep3,4,COMM_ONLY,NCCL,C2_RING_SIMPLE_CH8,2048,8192,2048,16,7,1048576,33,0,854.336,0.000,0.000,0.000,PASS,0
mh_comm_C2_RING_SIMPLE_CH8_N8192_q16_rep3,4,COMM_ONLY,NCCL,C2_RING_SIMPLE_CH8,2048,8192,2048,16,8,1048576,33,0,936.000,0.000,0.000,0.000,PASS,0
mh_comm_C2_RING_SIMPLE_CH8_N8192_q16_rep3,4,COMM_ONLY,NCCL,C2_RING_SIMPLE_CH8,2048,8192,2048,16,9,1048576,33,0,1016.576,0.000,0.000,0.000,PASS,0
mh_comm_C2_RING_SIMPLE_CH8_N8192_q16_rep3,4,COMM_ONLY,NCCL,C2_RING_SIMPLE_CH8,2048,8192,2048,16,10,1048576,33,0,1099.104,0.000,0.000,0.000,PASS,0
mh_comm_C2_RING_SIMPLE_CH8_N8192_q16_rep3,4,COMM_ONLY,NCCL,C2_RING_SIMPLE_CH8,2048,8192,2048,16,11,1048576,33,0,1180.896,0.000,0.000,0.000,PASS,0
mh_comm_C2_RING_SIMPLE_CH8_N8192_q16_rep3,4,COMM_ONLY,NCCL,C2_RING_SIMPLE_CH8,2048,8192,2048,16,12,1048576,33,0,1262.112,0.000,0.000,0.000,PASS,0
mh_comm_C2_RING_SIMPLE_CH8_N8192_q16_rep3,4,COMM_ONLY,NCCL,C2_RING_SIMPLE_CH8,2048,8192,2048,16,13,1048576,33,0,1353.280,0.000,0.000,0.000,PASS,0
mh_comm_C2_RING_SIMPLE_CH8_N8192_q16_rep3,4,COMM_ONLY,NCCL,C2_RING_SIMPLE_CH8,2048,8192,2048,16,14,1048576,33,0,1455.360,0.000,0.000,0.000,PASS,0
mh_comm_C2_RING_SIMPLE_CH8_N8192_q16_rep3,4,COMM_ONLY,NCCL,C2_RING_SIMPLE_CH8,2048,8192,2048,16,15,1048576,33,0,1555.072,0.000,0.000,0.000,PASS,0
mh_comm_C2_RING_SIMPLE_CH8_N8192_q16_rep3,4,COMM_ONLY,NCCL,C2_RING_SIMPLE_CH8,2048,8192,2048,16,0,1048576,34,0,224.864,0.000,0.000,0.000,PASS,0
mh_comm_C2_RING_SIMPLE_CH8_N8192_q16_rep3,4,COMM_ONLY,NCCL,C2_RING_SIMPLE_CH8,2048,8192,2048,16,1,1048576,34,0,305.984,0.000,0.000,0.000,PASS,0
mh_comm_C2_RING_SIMPLE_CH8_N8192_q16_rep3,4,COMM_ONLY,NCCL,C2_RING_SIMPLE_CH8,2048,8192,2048,16,2,1048576,34,0,397.184,0.000,0.000,0.000,PASS,0
mh_comm_C2_RING_SIMPLE_CH8_N8192_q16_rep3,4,COMM_ONLY,NCCL,C2_RING_SIMPLE_CH8,2048,8192,2048,16,3,1048576,34,0,478.784,0.000,0.000,0.000,PASS,0
mh_comm_C2_RING_SIMPLE_CH8_N8192_q16_rep3,4,COMM_ONLY,NCCL,C2_RING_SIMPLE_CH8,2048,8192,2048,16,4,1048576,34,0,561.856,0.000,0.000,0.000,PASS,0
mh_comm_C2_RING_SIMPLE_CH8_N8192_q16_rep3,4,COMM_ONLY,NCCL,C2_RING_SIMPLE_CH8,2048,8192,2048,16,5,1048576,34,0,656.192,0.000,0.000,0.000,PASS,0
mh_comm_C2_RING_SIMPLE_CH8_N8192_q16_rep3,4,COMM_ONLY,NCCL,C2_RING_SIMPLE_CH8,2048,8192,2048,16,6,1048576,34,0,754.464,0.000,0.000,0.000,PASS,0
mh_comm_C2_RING_SIMPLE_CH8_N8192_q16_rep3,4,COMM_ONLY,NCCL,C2_RING_SIMPLE_CH8,2048,8192,2048,16,7,1048576,34,0,848.544,0.000,0.000,0.000,PASS,0
mh_comm_C2_RING_SIMPLE_CH8_N8192_q16_rep3,4,COMM_ONLY,NCCL,C2_RING_SIMPLE_CH8,2048,8192,2048,16,8,1048576,34,0,930.688,0.000,0.000,0.000,PASS,0
mh_comm_C2_RING_SIMPLE_CH8_N8192_q16_rep3,4,COMM_ONLY,NCCL,C2_RING_SIMPLE_CH8,2048,8192,2048,16,9,1048576,34,0,1012.064,0.000,0.000,0.000,PASS,0
mh_comm_C2_RING_SIMPLE_CH8_N8192_q16_rep3,4,COMM_ONLY,NCCL,C2_RING_SIMPLE_CH8,2048,8192,2048,16,10,1048576,34,0,1105.696,0.000,0.000,0.000,PASS,0
mh_comm_C2_RING_SIMPLE_CH8_N8192_q16_rep3,4,COMM_ONLY,NCCL,C2_RING_SIMPLE_CH8,2048,8192,2048,16,11,1048576,34,0,1185.920,0.000,0.000,0.000,PASS,0
mh_comm_C2_RING_SIMPLE_CH8_N8192_q16_rep3,4,COMM_ONLY,NCCL,C2_RING_SIMPLE_CH8,2048,8192,2048,16,12,1048576,34,0,1278.176,0.000,0.000,0.000,PASS,0
mh_comm_C2_RING_SIMPLE_CH8_N8192_q16_rep3,4,COMM_ONLY,NCCL,C2_RING_SIMPLE_CH8,2048,8192,2048,16,13,1048576,34,0,1358.944,0.000,0.000,0.000,PASS,0
mh_comm_C2_RING_SIMPLE_CH8_N8192_q16_rep3,4,COMM_ONLY,NCCL,C2_RING_SIMPLE_CH8,2048,8192,2048,16,14,1048576,34,0,1454.624,0.000,0.000,0.000,PASS,0
mh_comm_C2_RING_SIMPLE_CH8_N8192_q16_rep3,4,COMM_ONLY,NCCL,C2_RING_SIMPLE_CH8,2048,8192,2048,16,15,1048576,34,0,1537.696,0.000,0.000,0.000,PASS,0
mh_comm_C2_RING_SIMPLE_CH8_N8192_q16_rep3,4,COMM_ONLY,NCCL,C2_RING_SIMPLE_CH8,2048,8192,2048,16,0,1048576,35,0,213.536,0.000,0.000,0.000,PASS,0
mh_comm_C2_RING_SIMPLE_CH8_N8192_q16_rep3,4,COMM_ONLY,NCCL,C2_RING_SIMPLE_CH8,2048,8192,2048,16,1,1048576,35,0,294.784,0.000,0.000,0.000,PASS,0
mh_comm_C2_RING_SIMPLE_CH8_N8192_q16_rep3,4,COMM_ONLY,NCCL,C2_RING_SIMPLE_CH8,2048,8192,2048,16,2,1048576,35,0,375.008,0.000,0.000,0.000,PASS,0
mh_comm_C2_RING_SIMPLE_CH8_N8192_q16_rep3,4,COMM_ONLY,NCCL,C2_RING_SIMPLE_CH8,2048,8192,2048,16,3,1048576,35,0,457.408,0.000,0.000,0.000,PASS,0
mh_comm_C2_RING_SIMPLE_CH8_N8192_q16_rep3,4,COMM_ONLY,NCCL,C2_RING_SIMPLE_CH8,2048,8192,2048,16,4,1048576,35,0,539.552,0.000,0.000,0.000,PASS,0
mh_comm_C2_RING_SIMPLE_CH8_N8192_q16_rep3,4,COMM_ONLY,NCCL,C2_RING_SIMPLE_CH8,2048,8192,2048,16,5,1048576,35,0,630.304,0.000,0.000,0.000,PASS,0
mh_comm_C2_RING_SIMPLE_CH8_N8192_q16_rep3,4,COMM_ONLY,NCCL,C2_RING_SIMPLE_CH8,2048,8192,2048,16,6,1048576,35,0,720.448,0.000,0.000,0.000,PASS,0
mh_comm_C2_RING_SIMPLE_CH8_N8192_q16_rep3,4,COMM_ONLY,NCCL,C2_RING_SIMPLE_CH8,2048,8192,2048,16,7,1048576,35,0,803.008,0.000,0.000,0.000,PASS,0
mh_comm_C2_RING_SIMPLE_CH8_N8192_q16_rep3,4,COMM_ONLY,NCCL,C2_RING_SIMPLE_CH8,2048,8192,2048,16,8,1048576,35,0,883.424,0.000,0.000,0.000,PASS,0
mh_comm_C2_RING_SIMPLE_CH8_N8192_q16_rep3,4,COMM_ONLY,NCCL,C2_RING_SIMPLE_CH8,2048,8192,2048,16,9,1048576,35,0,964.352,0.000,0.000,0.000,PASS,0
mh_comm_C2_RING_SIMPLE_CH8_N8192_q16_rep3,4,COMM_ONLY,NCCL,C2_RING_SIMPLE_CH8,2048,8192,2048,16,10,1048576,35,0,1045.440,0.000,0.000,0.000,PASS,0
mh_comm_C2_RING_SIMPLE_CH8_N8192_q16_rep3,4,COMM_ONLY,NCCL,C2_RING_SIMPLE_CH8,2048,8192,2048,16,11,1048576,35,0,1127.584,0.000,0.000,0.000,PASS,0
mh_comm_C2_RING_SIMPLE_CH8_N8192_q16_rep3,4,COMM_ONLY,NCCL,C2_RING_SIMPLE_CH8,2048,8192,2048,16,12,1048576,35,0,1219.680,0.000,0.000,0.000,PASS,0
mh_comm_C2_RING_SIMPLE_CH8_N8192_q16_rep3,4,COMM_ONLY,NCCL,C2_RING_SIMPLE_CH8,2048,8192,2048,16,13,1048576,35,0,1300.416,0.000,0.000,0.000,PASS,0
mh_comm_C2_RING_SIMPLE_CH8_N8192_q16_rep3,4,COMM_ONLY,NCCL,C2_RING_SIMPLE_CH8,2048,8192,2048,16,14,1048576,35,0,1380.736,0.000,0.000,0.000,PASS,0
mh_comm_C2_RING_SIMPLE_CH8_N8192_q16_rep3,4,COMM_ONLY,NCCL,C2_RING_SIMPLE_CH8,2048,8192,2048,16,15,1048576,35,0,1462.784,0.000,0.000,0.000,PASS,0
mh_comm_C2_RING_SIMPLE_CH8_N8192_q16_rep3,4,COMM_ONLY,NCCL,C2_RING_SIMPLE_CH8,2048,8192,2048,16,0,1048576,36,0,216.192,0.000,0.000,0.000,PASS,0
mh_comm_C2_RING_SIMPLE_CH8_N8192_q16_rep3,4,COMM_ONLY,NCCL,C2_RING_SIMPLE_CH8,2048,8192,2048,16,1,1048576,36,0,297.024,0.000,0.000,0.000,PASS,0
mh_comm_C2_RING_SIMPLE_CH8_N8192_q16_rep3,4,COMM_ONLY,NCCL,C2_RING_SIMPLE_CH8,2048,8192,2048,16,2,1048576,36,0,377.696,0.000,0.000,0.000,PASS,0
mh_comm_C2_RING_SIMPLE_CH8_N8192_q16_rep3,4,COMM_ONLY,NCCL,C2_RING_SIMPLE_CH8,2048,8192,2048,16,3,1048576,36,0,458.080,0.000,0.000,0.000,PASS,0
mh_comm_C2_RING_SIMPLE_CH8_N8192_q16_rep3,4,COMM_ONLY,NCCL,C2_RING_SIMPLE_CH8,2048,8192,2048,16,4,1048576,36,0,539.392,0.000,0.000,0.000,PASS,0
mh_comm_C2_RING_SIMPLE_CH8_N8192_q16_rep3,4,COMM_ONLY,NCCL,C2_RING_SIMPLE_CH8,2048,8192,2048,16,5,1048576,36,0,619.808,0.000,0.000,0.000,PASS,0
mh_comm_C2_RING_SIMPLE_CH8_N8192_q16_rep3,4,COMM_ONLY,NCCL,C2_RING_SIMPLE_CH8,2048,8192,2048,16,6,1048576,36,0,700.256,0.000,0.000,0.000,PASS,0
mh_comm_C2_RING_SIMPLE_CH8_N8192_q16_rep3,4,COMM_ONLY,NCCL,C2_RING_SIMPLE_CH8,2048,8192,2048,16,7,1048576,36,0,781.408,0.000,0.000,0.000,PASS,0
mh_comm_C2_RING_SIMPLE_CH8_N8192_q16_rep3,4,COMM_ONLY,NCCL,C2_RING_SIMPLE_CH8,2048,8192,2048,16,8,1048576,36,0,862.720,0.000,0.000,0.000,PASS,0
mh_comm_C2_RING_SIMPLE_CH8_N8192_q16_rep3,4,COMM_ONLY,NCCL,C2_RING_SIMPLE_CH8,2048,8192,2048,16,9,1048576,36,0,944.224,0.000,0.000,0.000,PASS,0
mh_comm_C2_RING_SIMPLE_CH8_N8192_q16_rep3,4,COMM_ONLY,NCCL,C2_RING_SIMPLE_CH8,2048,8192,2048,16,10,1048576,36,0,1026.496,0.000,0.000,0.000,PASS,0
mh_comm_C2_RING_SIMPLE_CH8_N8192_q16_rep3,4,COMM_ONLY,NCCL,C2_RING_SIMPLE_CH8,2048,8192,2048,16,11,1048576,36,0,1110.208,0.000,0.000,0.000,PASS,0
mh_comm_C2_RING_SIMPLE_CH8_N8192_q16_rep3,4,COMM_ONLY,NCCL,C2_RING_SIMPLE_CH8,2048,8192,2048,16,12,1048576,36,0,1190.720,0.000,0.000,0.000,PASS,0
mh_comm_C2_RING_SIMPLE_CH8_N8192_q16_rep3,4,COMM_ONLY,NCCL,C2_RING_SIMPLE_CH8,2048,8192,2048,16,13,1048576,36,0,1272.800,0.000,0.000,0.000,PASS,0
mh_comm_C2_RING_SIMPLE_CH8_N8192_q16_rep3,4,COMM_ONLY,NCCL,C2_RING_SIMPLE_CH8,2048,8192,2048,16,14,1048576,36,0,1354.400,0.000,0.000,0.000,PASS,0
mh_comm_C2_RING_SIMPLE_CH8_N8192_q16_rep3,4,COMM_ONLY,NCCL,C2_RING_SIMPLE_CH8,2048,8192,2048,16,15,1048576,36,0,1435.904,0.000,0.000,0.000,PASS,0
mh_comm_C2_RING_SIMPLE_CH8_N8192_q16_rep3,4,COMM_ONLY,NCCL,C2_RING_SIMPLE_CH8,2048,8192,2048,16,0,1048576,37,0,216.000,0.000,0.000,0.000,PASS,0
mh_comm_C2_RING_SIMPLE_CH8_N8192_q16_rep3,4,COMM_ONLY,NCCL,C2_RING_SIMPLE_CH8,2048,8192,2048,16,1,1048576,37,0,297.440,0.000,0.000,0.000,PASS,0
mh_comm_C2_RING_SIMPLE_CH8_N8192_q16_rep3,4,COMM_ONLY,NCCL,C2_RING_SIMPLE_CH8,2048,8192,2048,16,2,1048576,37,0,389.664,0.000,0.000,0.000,PASS,0
mh_comm_C2_RING_SIMPLE_CH8_N8192_q16_rep3,4,COMM_ONLY,NCCL,C2_RING_SIMPLE_CH8,2048,8192,2048,16,3,1048576,37,0,471.136,0.000,0.000,0.000,PASS,0
mh_comm_C2_RING_SIMPLE_CH8_N8192_q16_rep3,4,COMM_ONLY,NCCL,C2_RING_SIMPLE_CH8,2048,8192,2048,16,4,1048576,37,0,552.832,0.000,0.000,0.000,PASS,0
mh_comm_C2_RING_SIMPLE_CH8_N8192_q16_rep3,4,COMM_ONLY,NCCL,C2_RING_SIMPLE_CH8,2048,8192,2048,16,5,1048576,37,0,631.584,0.000,0.000,0.000,PASS,0
mh_comm_C2_RING_SIMPLE_CH8_N8192_q16_rep3,4,COMM_ONLY,NCCL,C2_RING_SIMPLE_CH8,2048,8192,2048,16,6,1048576,37,0,724.896,0.000,0.000,0.000,PASS,0
mh_comm_C2_RING_SIMPLE_CH8_N8192_q16_rep3,4,COMM_ONLY,NCCL,C2_RING_SIMPLE_CH8,2048,8192,2048,16,7,1048576,37,0,804.320,0.000,0.000,0.000,PASS,0
mh_comm_C2_RING_SIMPLE_CH8_N8192_q16_rep3,4,COMM_ONLY,NCCL,C2_RING_SIMPLE_CH8,2048,8192,2048,16,8,1048576,37,0,886.080,0.000,0.000,0.000,PASS,0
mh_comm_C2_RING_SIMPLE_CH8_N8192_q16_rep3,4,COMM_ONLY,NCCL,C2_RING_SIMPLE_CH8,2048,8192,2048,16,9,1048576,37,0,977.888,0.000,0.000,0.000,PASS,0
mh_comm_C2_RING_SIMPLE_CH8_N8192_q16_rep3,4,COMM_ONLY,NCCL,C2_RING_SIMPLE_CH8,2048,8192,2048,16,10,1048576,37,0,1058.784,0.000,0.000,0.000,PASS,0
mh_comm_C2_RING_SIMPLE_CH8_N8192_q16_rep3,4,COMM_ONLY,NCCL,C2_RING_SIMPLE_CH8,2048,8192,2048,16,11,1048576,37,0,1140.416,0.000,0.000,0.000,PASS,0
mh_comm_C2_RING_SIMPLE_CH8_N8192_q16_rep3,4,COMM_ONLY,NCCL,C2_RING_SIMPLE_CH8,2048,8192,2048,16,12,1048576,37,0,1223.008,0.000,0.000,0.000,PASS,0
mh_comm_C2_RING_SIMPLE_CH8_N8192_q16_rep3,4,COMM_ONLY,NCCL,C2_RING_SIMPLE_CH8,2048,8192,2048,16,13,1048576,37,0,1315.008,0.000,0.000,0.000,PASS,0
mh_comm_C2_RING_SIMPLE_CH8_N8192_q16_rep3,4,COMM_ONLY,NCCL,C2_RING_SIMPLE_CH8,2048,8192,2048,16,14,1048576,37,0,1395.712,0.000,0.000,0.000,PASS,0
mh_comm_C2_RING_SIMPLE_CH8_N8192_q16_rep3,4,COMM_ONLY,NCCL,C2_RING_SIMPLE_CH8,2048,8192,2048,16,15,1048576,37,0,1477.248,0.000,0.000,0.000,PASS,0
mh_comm_C2_RING_SIMPLE_CH8_N8192_q16_rep3,4,COMM_ONLY,NCCL,C2_RING_SIMPLE_CH8,2048,8192,2048,16,0,1048576,38,0,225.408,0.000,0.000,0.000,PASS,0
mh_comm_C2_RING_SIMPLE_CH8_N8192_q16_rep3,4,COMM_ONLY,NCCL,C2_RING_SIMPLE_CH8,2048,8192,2048,16,1,1048576,38,0,306.112,0.000,0.000,0.000,PASS,0
mh_comm_C2_RING_SIMPLE_CH8_N8192_q16_rep3,4,COMM_ONLY,NCCL,C2_RING_SIMPLE_CH8,2048,8192,2048,16,2,1048576,38,0,385.216,0.000,0.000,0.000,PASS,0
mh_comm_C2_RING_SIMPLE_CH8_N8192_q16_rep3,4,COMM_ONLY,NCCL,C2_RING_SIMPLE_CH8,2048,8192,2048,16,3,1048576,38,0,467.488,0.000,0.000,0.000,PASS,0
mh_comm_C2_RING_SIMPLE_CH8_N8192_q16_rep3,4,COMM_ONLY,NCCL,C2_RING_SIMPLE_CH8,2048,8192,2048,16,4,1048576,38,0,549.312,0.000,0.000,0.000,PASS,0
mh_comm_C2_RING_SIMPLE_CH8_N8192_q16_rep3,4,COMM_ONLY,NCCL,C2_RING_SIMPLE_CH8,2048,8192,2048,16,5,1048576,38,0,629.984,0.000,0.000,0.000,PASS,0
mh_comm_C2_RING_SIMPLE_CH8_N8192_q16_rep3,4,COMM_ONLY,NCCL,C2_RING_SIMPLE_CH8,2048,8192,2048,16,6,1048576,38,0,711.136,0.000,0.000,0.000,PASS,0
mh_comm_C2_RING_SIMPLE_CH8_N8192_q16_rep3,4,COMM_ONLY,NCCL,C2_RING_SIMPLE_CH8,2048,8192,2048,16,7,1048576,38,0,791.872,0.000,0.000,0.000,PASS,0
mh_comm_C2_RING_SIMPLE_CH8_N8192_q16_rep3,4,COMM_ONLY,NCCL,C2_RING_SIMPLE_CH8,2048,8192,2048,16,8,1048576,38,0,872.928,0.000,0.000,0.000,PASS,0
mh_comm_C2_RING_SIMPLE_CH8_N8192_q16_rep3,4,COMM_ONLY,NCCL,C2_RING_SIMPLE_CH8,2048,8192,2048,16,9,1048576,38,0,953.440,0.000,0.000,0.000,PASS,0
mh_comm_C2_RING_SIMPLE_CH8_N8192_q16_rep3,4,COMM_ONLY,NCCL,C2_RING_SIMPLE_CH8,2048,8192,2048,16,10,1048576,38,0,1035.552,0.000,0.000,0.000,PASS,0
mh_comm_C2_RING_SIMPLE_CH8_N8192_q16_rep3,4,COMM_ONLY,NCCL,C2_RING_SIMPLE_CH8,2048,8192,2048,16,11,1048576,38,0,1116.064,0.000,0.000,0.000,PASS,0
mh_comm_C2_RING_SIMPLE_CH8_N8192_q16_rep3,4,COMM_ONLY,NCCL,C2_RING_SIMPLE_CH8,2048,8192,2048,16,12,1048576,38,0,1197.120,0.000,0.000,0.000,PASS,0
mh_comm_C2_RING_SIMPLE_CH8_N8192_q16_rep3,4,COMM_ONLY,NCCL,C2_RING_SIMPLE_CH8,2048,8192,2048,16,13,1048576,38,0,1278.400,0.000,0.000,0.000,PASS,0
mh_comm_C2_RING_SIMPLE_CH8_N8192_q16_rep3,4,COMM_ONLY,NCCL,C2_RING_SIMPLE_CH8,2048,8192,2048,16,14,1048576,38,0,1359.712,0.000,0.000,0.000,PASS,0
mh_comm_C2_RING_SIMPLE_CH8_N8192_q16_rep3,4,COMM_ONLY,NCCL,C2_RING_SIMPLE_CH8,2048,8192,2048,16,15,1048576,38,0,1452.224,0.000,0.000,0.000,PASS,0
mh_comm_C2_RING_SIMPLE_CH8_N8192_q16_rep3,4,COMM_ONLY,NCCL,C2_RING_SIMPLE_CH8,2048,8192,2048,16,0,1048576,39,0,222.912,0.000,0.000,0.000,PASS,0
mh_comm_C2_RING_SIMPLE_CH8_N8192_q16_rep3,4,COMM_ONLY,NCCL,C2_RING_SIMPLE_CH8,2048,8192,2048,16,1,1048576,39,0,302.144,0.000,0.000,0.000,PASS,0
mh_comm_C2_RING_SIMPLE_CH8_N8192_q16_rep3,4,COMM_ONLY,NCCL,C2_RING_SIMPLE_CH8,2048,8192,2048,16,2,1048576,39,0,382.208,0.000,0.000,0.000,PASS,0
mh_comm_C2_RING_SIMPLE_CH8_N8192_q16_rep3,4,COMM_ONLY,NCCL,C2_RING_SIMPLE_CH8,2048,8192,2048,16,3,1048576,39,0,464.416,0.000,0.000,0.000,PASS,0
mh_comm_C2_RING_SIMPLE_CH8_N8192_q16_rep3,4,COMM_ONLY,NCCL,C2_RING_SIMPLE_CH8,2048,8192,2048,16,4,1048576,39,0,544.992,0.000,0.000,0.000,PASS,0
mh_comm_C2_RING_SIMPLE_CH8_N8192_q16_rep3,4,COMM_ONLY,NCCL,C2_RING_SIMPLE_CH8,2048,8192,2048,16,5,1048576,39,0,625.056,0.000,0.000,0.000,PASS,0
mh_comm_C2_RING_SIMPLE_CH8_N8192_q16_rep3,4,COMM_ONLY,NCCL,C2_RING_SIMPLE_CH8,2048,8192,2048,16,6,1048576,39,0,706.848,0.000,0.000,0.000,PASS,0
mh_comm_C2_RING_SIMPLE_CH8_N8192_q16_rep3,4,COMM_ONLY,NCCL,C2_RING_SIMPLE_CH8,2048,8192,2048,16,7,1048576,39,0,795.456,0.000,0.000,0.000,PASS,0
mh_comm_C2_RING_SIMPLE_CH8_N8192_q16_rep3,4,COMM_ONLY,NCCL,C2_RING_SIMPLE_CH8,2048,8192,2048,16,8,1048576,39,0,876.512,0.000,0.000,0.000,PASS,0
mh_comm_C2_RING_SIMPLE_CH8_N8192_q16_rep3,4,COMM_ONLY,NCCL,C2_RING_SIMPLE_CH8,2048,8192,2048,16,9,1048576,39,0,957.440,0.000,0.000,0.000,PASS,0
mh_comm_C2_RING_SIMPLE_CH8_N8192_q16_rep3,4,COMM_ONLY,NCCL,C2_RING_SIMPLE_CH8,2048,8192,2048,16,10,1048576,39,0,1038.880,0.000,0.000,0.000,PASS,0
mh_comm_C2_RING_SIMPLE_CH8_N8192_q16_rep3,4,COMM_ONLY,NCCL,C2_RING_SIMPLE_CH8,2048,8192,2048,16,11,1048576,39,0,1120.896,0.000,0.000,0.000,PASS,0
mh_comm_C2_RING_SIMPLE_CH8_N8192_q16_rep3,4,COMM_ONLY,NCCL,C2_RING_SIMPLE_CH8,2048,8192,2048,16,12,1048576,39,0,1201.536,0.000,0.000,0.000,PASS,0
mh_comm_C2_RING_SIMPLE_CH8_N8192_q16_rep3,4,COMM_ONLY,NCCL,C2_RING_SIMPLE_CH8,2048,8192,2048,16,13,1048576,39,0,1282.880,0.000,0.000,0.000,PASS,0
mh_comm_C2_RING_SIMPLE_CH8_N8192_q16_rep3,4,COMM_ONLY,NCCL,C2_RING_SIMPLE_CH8,2048,8192,2048,16,14,1048576,39,0,1363.648,0.000,0.000,0.000,PASS,0
mh_comm_C2_RING_SIMPLE_CH8_N8192_q16_rep3,4,COMM_ONLY,NCCL,C2_RING_SIMPLE_CH8,2048,8192,2048,16,15,1048576,39,0,1444.768,0.000,0.000,0.000,PASS,0
mh_comm_C2_RING_SIMPLE_CH8_N8192_q16_rep3,4,COMM_ONLY,NCCL,C2_RING_SIMPLE_CH8,2048,8192,2048,16,0,1048576,40,0,224.096,0.000,0.000,0.000,PASS,0
mh_comm_C2_RING_SIMPLE_CH8_N8192_q16_rep3,4,COMM_ONLY,NCCL,C2_RING_SIMPLE_CH8,2048,8192,2048,16,1,1048576,40,0,304.704,0.000,0.000,0.000,PASS,0
mh_comm_C2_RING_SIMPLE_CH8_N8192_q16_rep3,4,COMM_ONLY,NCCL,C2_RING_SIMPLE_CH8,2048,8192,2048,16,2,1048576,40,0,385.856,0.000,0.000,0.000,PASS,0
mh_comm_C2_RING_SIMPLE_CH8_N8192_q16_rep3,4,COMM_ONLY,NCCL,C2_RING_SIMPLE_CH8,2048,8192,2048,16,3,1048576,40,0,466.912,0.000,0.000,0.000,PASS,0
mh_comm_C2_RING_SIMPLE_CH8_N8192_q16_rep3,4,COMM_ONLY,NCCL,C2_RING_SIMPLE_CH8,2048,8192,2048,16,4,1048576,40,0,548.288,0.000,0.000,0.000,PASS,0
mh_comm_C2_RING_SIMPLE_CH8_N8192_q16_rep3,4,COMM_ONLY,NCCL,C2_RING_SIMPLE_CH8,2048,8192,2048,16,5,1048576,40,0,628.704,0.000,0.000,0.000,PASS,0
mh_comm_C2_RING_SIMPLE_CH8_N8192_q16_rep3,4,COMM_ONLY,NCCL,C2_RING_SIMPLE_CH8,2048,8192,2048,16,6,1048576,40,0,708.704,0.000,0.000,0.000,PASS,0
mh_comm_C2_RING_SIMPLE_CH8_N8192_q16_rep3,4,COMM_ONLY,NCCL,C2_RING_SIMPLE_CH8,2048,8192,2048,16,7,1048576,40,0,791.072,0.000,0.000,0.000,PASS,0
mh_comm_C2_RING_SIMPLE_CH8_N8192_q16_rep3,4,COMM_ONLY,NCCL,C2_RING_SIMPLE_CH8,2048,8192,2048,16,8,1048576,40,0,871.616,0.000,0.000,0.000,PASS,0
mh_comm_C2_RING_SIMPLE_CH8_N8192_q16_rep3,4,COMM_ONLY,NCCL,C2_RING_SIMPLE_CH8,2048,8192,2048,16,9,1048576,40,0,952.608,0.000,0.000,0.000,PASS,0
mh_comm_C2_RING_SIMPLE_CH8_N8192_q16_rep3,4,COMM_ONLY,NCCL,C2_RING_SIMPLE_CH8,2048,8192,2048,16,10,1048576,40,0,1034.496,0.000,0.000,0.000,PASS,0
mh_comm_C2_RING_SIMPLE_CH8_N8192_q16_rep3,4,COMM_ONLY,NCCL,C2_RING_SIMPLE_CH8,2048,8192,2048,16,11,1048576,40,0,1115.616,0.000,0.000,0.000,PASS,0
mh_comm_C2_RING_SIMPLE_CH8_N8192_q16_rep3,4,COMM_ONLY,NCCL,C2_RING_SIMPLE_CH8,2048,8192,2048,16,12,1048576,40,0,1196.608,0.000,0.000,0.000,PASS,0
mh_comm_C2_RING_SIMPLE_CH8_N8192_q16_rep3,4,COMM_ONLY,NCCL,C2_RING_SIMPLE_CH8,2048,8192,2048,16,13,1048576,40,0,1281.184,0.000,0.000,0.000,PASS,0
mh_comm_C2_RING_SIMPLE_CH8_N8192_q16_rep3,4,COMM_ONLY,NCCL,C2_RING_SIMPLE_CH8,2048,8192,2048,16,14,1048576,40,0,1360.864,0.000,0.000,0.000,PASS,0
mh_comm_C2_RING_SIMPLE_CH8_N8192_q16_rep3,4,COMM_ONLY,NCCL,C2_RING_SIMPLE_CH8,2048,8192,2048,16,15,1048576,40,0,1442.656,0.000,0.000,0.000,PASS,0
mh_comm_C2_RING_SIMPLE_CH8_N8192_q16_rep3,4,COMM_ONLY,NCCL,C2_RING_SIMPLE_CH8,2048,8192,2048,16,0,1048576,41,0,244.864,0.000,0.000,0.000,PASS,0
mh_comm_C2_RING_SIMPLE_CH8_N8192_q16_rep3,4,COMM_ONLY,NCCL,C2_RING_SIMPLE_CH8,2048,8192,2048,16,1,1048576,41,0,325.152,0.000,0.000,0.000,PASS,0
mh_comm_C2_RING_SIMPLE_CH8_N8192_q16_rep3,4,COMM_ONLY,NCCL,C2_RING_SIMPLE_CH8,2048,8192,2048,16,2,1048576,41,0,405.440,0.000,0.000,0.000,PASS,0
mh_comm_C2_RING_SIMPLE_CH8_N8192_q16_rep3,4,COMM_ONLY,NCCL,C2_RING_SIMPLE_CH8,2048,8192,2048,16,3,1048576,41,0,487.232,0.000,0.000,0.000,PASS,0
mh_comm_C2_RING_SIMPLE_CH8_N8192_q16_rep3,4,COMM_ONLY,NCCL,C2_RING_SIMPLE_CH8,2048,8192,2048,16,4,1048576,41,0,568.736,0.000,0.000,0.000,PASS,0
mh_comm_C2_RING_SIMPLE_CH8_N8192_q16_rep3,4,COMM_ONLY,NCCL,C2_RING_SIMPLE_CH8,2048,8192,2048,16,5,1048576,41,0,649.120,0.000,0.000,0.000,PASS,0
mh_comm_C2_RING_SIMPLE_CH8_N8192_q16_rep3,4,COMM_ONLY,NCCL,C2_RING_SIMPLE_CH8,2048,8192,2048,16,6,1048576,41,0,730.016,0.000,0.000,0.000,PASS,0
mh_comm_C2_RING_SIMPLE_CH8_N8192_q16_rep3,4,COMM_ONLY,NCCL,C2_RING_SIMPLE_CH8,2048,8192,2048,16,7,1048576,41,0,811.552,0.000,0.000,0.000,PASS,0
mh_comm_C2_RING_SIMPLE_CH8_N8192_q16_rep3,4,COMM_ONLY,NCCL,C2_RING_SIMPLE_CH8,2048,8192,2048,16,8,1048576,41,0,892.416,0.000,0.000,0.000,PASS,0
mh_comm_C2_RING_SIMPLE_CH8_N8192_q16_rep3,4,COMM_ONLY,NCCL,C2_RING_SIMPLE_CH8,2048,8192,2048,16,9,1048576,41,0,974.176,0.000,0.000,0.000,PASS,0
mh_comm_C2_RING_SIMPLE_CH8_N8192_q16_rep3,4,COMM_ONLY,NCCL,C2_RING_SIMPLE_CH8,2048,8192,2048,16,10,1048576,41,0,1055.680,0.000,0.000,0.000,PASS,0
mh_comm_C2_RING_SIMPLE_CH8_N8192_q16_rep3,4,COMM_ONLY,NCCL,C2_RING_SIMPLE_CH8,2048,8192,2048,16,11,1048576,41,0,1136.000,0.000,0.000,0.000,PASS,0
mh_comm_C2_RING_SIMPLE_CH8_N8192_q16_rep3,4,COMM_ONLY,NCCL,C2_RING_SIMPLE_CH8,2048,8192,2048,16,12,1048576,41,0,1231.040,0.000,0.000,0.000,PASS,0
mh_comm_C2_RING_SIMPLE_CH8_N8192_q16_rep3,4,COMM_ONLY,NCCL,C2_RING_SIMPLE_CH8,2048,8192,2048,16,13,1048576,41,0,1311.872,0.000,0.000,0.000,PASS,0
mh_comm_C2_RING_SIMPLE_CH8_N8192_q16_rep3,4,COMM_ONLY,NCCL,C2_RING_SIMPLE_CH8,2048,8192,2048,16,14,1048576,41,0,1392.096,0.000,0.000,0.000,PASS,0
mh_comm_C2_RING_SIMPLE_CH8_N8192_q16_rep3,4,COMM_ONLY,NCCL,C2_RING_SIMPLE_CH8,2048,8192,2048,16,15,1048576,41,0,1473.920,0.000,0.000,0.000,PASS,0
mh_comm_C2_RING_SIMPLE_CH8_N8192_q16_rep3,4,COMM_ONLY,NCCL,C2_RING_SIMPLE_CH8,2048,8192,2048,16,0,1048576,42,0,216.384,0.000,0.000,0.000,PASS,0
mh_comm_C2_RING_SIMPLE_CH8_N8192_q16_rep3,4,COMM_ONLY,NCCL,C2_RING_SIMPLE_CH8,2048,8192,2048,16,1,1048576,42,0,297.312,0.000,0.000,0.000,PASS,0
mh_comm_C2_RING_SIMPLE_CH8_N8192_q16_rep3,4,COMM_ONLY,NCCL,C2_RING_SIMPLE_CH8,2048,8192,2048,16,2,1048576,42,0,388.224,0.000,0.000,0.000,PASS,0
mh_comm_C2_RING_SIMPLE_CH8_N8192_q16_rep3,4,COMM_ONLY,NCCL,C2_RING_SIMPLE_CH8,2048,8192,2048,16,3,1048576,42,0,469.984,0.000,0.000,0.000,PASS,0
mh_comm_C2_RING_SIMPLE_CH8_N8192_q16_rep3,4,COMM_ONLY,NCCL,C2_RING_SIMPLE_CH8,2048,8192,2048,16,4,1048576,42,0,550.720,0.000,0.000,0.000,PASS,0
mh_comm_C2_RING_SIMPLE_CH8_N8192_q16_rep3,4,COMM_ONLY,NCCL,C2_RING_SIMPLE_CH8,2048,8192,2048,16,5,1048576,42,0,630.752,0.000,0.000,0.000,PASS,0
mh_comm_C2_RING_SIMPLE_CH8_N8192_q16_rep3,4,COMM_ONLY,NCCL,C2_RING_SIMPLE_CH8,2048,8192,2048,16,6,1048576,42,0,712.256,0.000,0.000,0.000,PASS,0
mh_comm_C2_RING_SIMPLE_CH8_N8192_q16_rep3,4,COMM_ONLY,NCCL,C2_RING_SIMPLE_CH8,2048,8192,2048,16,7,1048576,42,0,805.120,0.000,0.000,0.000,PASS,0
mh_comm_C2_RING_SIMPLE_CH8_N8192_q16_rep3,4,COMM_ONLY,NCCL,C2_RING_SIMPLE_CH8,2048,8192,2048,16,8,1048576,42,0,886.720,0.000,0.000,0.000,PASS,0
mh_comm_C2_RING_SIMPLE_CH8_N8192_q16_rep3,4,COMM_ONLY,NCCL,C2_RING_SIMPLE_CH8,2048,8192,2048,16,9,1048576,42,0,967.360,0.000,0.000,0.000,PASS,0
mh_comm_C2_RING_SIMPLE_CH8_N8192_q16_rep3,4,COMM_ONLY,NCCL,C2_RING_SIMPLE_CH8,2048,8192,2048,16,10,1048576,42,0,1049.280,0.000,0.000,0.000,PASS,0
mh_comm_C2_RING_SIMPLE_CH8_N8192_q16_rep3,4,COMM_ONLY,NCCL,C2_RING_SIMPLE_CH8,2048,8192,2048,16,11,1048576,42,0,1129.696,0.000,0.000,0.000,PASS,0
mh_comm_C2_RING_SIMPLE_CH8_N8192_q16_rep3,4,COMM_ONLY,NCCL,C2_RING_SIMPLE_CH8,2048,8192,2048,16,12,1048576,42,0,1211.488,0.000,0.000,0.000,PASS,0
mh_comm_C2_RING_SIMPLE_CH8_N8192_q16_rep3,4,COMM_ONLY,NCCL,C2_RING_SIMPLE_CH8,2048,8192,2048,16,13,1048576,42,0,1292.192,0.000,0.000,0.000,PASS,0
mh_comm_C2_RING_SIMPLE_CH8_N8192_q16_rep3,4,COMM_ONLY,NCCL,C2_RING_SIMPLE_CH8,2048,8192,2048,16,14,1048576,42,0,1375.072,0.000,0.000,0.000,PASS,0
mh_comm_C2_RING_SIMPLE_CH8_N8192_q16_rep3,4,COMM_ONLY,NCCL,C2_RING_SIMPLE_CH8,2048,8192,2048,16,15,1048576,42,0,1455.424,0.000,0.000,0.000,PASS,0
mh_comm_C2_RING_SIMPLE_CH8_N8192_q16_rep3,4,COMM_ONLY,NCCL,C2_RING_SIMPLE_CH8,2048,8192,2048,16,0,1048576,43,0,223.936,0.000,0.000,0.000,PASS,0
mh_comm_C2_RING_SIMPLE_CH8_N8192_q16_rep3,4,COMM_ONLY,NCCL,C2_RING_SIMPLE_CH8,2048,8192,2048,16,1,1048576,43,0,305.408,0.000,0.000,0.000,PASS,0
mh_comm_C2_RING_SIMPLE_CH8_N8192_q16_rep3,4,COMM_ONLY,NCCL,C2_RING_SIMPLE_CH8,2048,8192,2048,16,2,1048576,43,0,398.784,0.000,0.000,0.000,PASS,0
mh_comm_C2_RING_SIMPLE_CH8_N8192_q16_rep3,4,COMM_ONLY,NCCL,C2_RING_SIMPLE_CH8,2048,8192,2048,16,3,1048576,43,0,480.608,0.000,0.000,0.000,PASS,0
mh_comm_C2_RING_SIMPLE_CH8_N8192_q16_rep3,4,COMM_ONLY,NCCL,C2_RING_SIMPLE_CH8,2048,8192,2048,16,4,1048576,43,0,563.104,0.000,0.000,0.000,PASS,0
mh_comm_C2_RING_SIMPLE_CH8_N8192_q16_rep3,4,COMM_ONLY,NCCL,C2_RING_SIMPLE_CH8,2048,8192,2048,16,5,1048576,43,0,659.040,0.000,0.000,0.000,PASS,0
mh_comm_C2_RING_SIMPLE_CH8_N8192_q16_rep3,4,COMM_ONLY,NCCL,C2_RING_SIMPLE_CH8,2048,8192,2048,16,6,1048576,43,0,739.136,0.000,0.000,0.000,PASS,0
mh_comm_C2_RING_SIMPLE_CH8_N8192_q16_rep3,4,COMM_ONLY,NCCL,C2_RING_SIMPLE_CH8,2048,8192,2048,16,7,1048576,43,0,819.872,0.000,0.000,0.000,PASS,0
mh_comm_C2_RING_SIMPLE_CH8_N8192_q16_rep3,4,COMM_ONLY,NCCL,C2_RING_SIMPLE_CH8,2048,8192,2048,16,8,1048576,43,0,911.200,0.000,0.000,0.000,PASS,0
mh_comm_C2_RING_SIMPLE_CH8_N8192_q16_rep3,4,COMM_ONLY,NCCL,C2_RING_SIMPLE_CH8,2048,8192,2048,16,9,1048576,43,0,1004.832,0.000,0.000,0.000,PASS,0
mh_comm_C2_RING_SIMPLE_CH8_N8192_q16_rep3,4,COMM_ONLY,NCCL,C2_RING_SIMPLE_CH8,2048,8192,2048,16,10,1048576,43,0,1118.944,0.000,0.000,0.000,PASS,0
mh_comm_C2_RING_SIMPLE_CH8_N8192_q16_rep3,4,COMM_ONLY,NCCL,C2_RING_SIMPLE_CH8,2048,8192,2048,16,11,1048576,43,0,1200.160,0.000,0.000,0.000,PASS,0
mh_comm_C2_RING_SIMPLE_CH8_N8192_q16_rep3,4,COMM_ONLY,NCCL,C2_RING_SIMPLE_CH8,2048,8192,2048,16,12,1048576,43,0,1294.208,0.000,0.000,0.000,PASS,0
mh_comm_C2_RING_SIMPLE_CH8_N8192_q16_rep3,4,COMM_ONLY,NCCL,C2_RING_SIMPLE_CH8,2048,8192,2048,16,13,1048576,43,0,1379.680,0.000,0.000,0.000,PASS,0
mh_comm_C2_RING_SIMPLE_CH8_N8192_q16_rep3,4,COMM_ONLY,NCCL,C2_RING_SIMPLE_CH8,2048,8192,2048,16,14,1048576,43,0,1461.024,0.000,0.000,0.000,PASS,0
mh_comm_C2_RING_SIMPLE_CH8_N8192_q16_rep3,4,COMM_ONLY,NCCL,C2_RING_SIMPLE_CH8,2048,8192,2048,16,15,1048576,43,0,1562.176,0.000,0.000,0.000,PASS,0
mh_comm_C2_RING_SIMPLE_CH8_N8192_q16_rep3,4,COMM_ONLY,NCCL,C2_RING_SIMPLE_CH8,2048,8192,2048,16,0,1048576,44,0,218.368,0.000,0.000,0.000,PASS,0
mh_comm_C2_RING_SIMPLE_CH8_N8192_q16_rep3,4,COMM_ONLY,NCCL,C2_RING_SIMPLE_CH8,2048,8192,2048,16,1,1048576,44,0,299.328,0.000,0.000,0.000,PASS,0
mh_comm_C2_RING_SIMPLE_CH8_N8192_q16_rep3,4,COMM_ONLY,NCCL,C2_RING_SIMPLE_CH8,2048,8192,2048,16,2,1048576,44,0,393.952,0.000,0.000,0.000,PASS,0
mh_comm_C2_RING_SIMPLE_CH8_N8192_q16_rep3,4,COMM_ONLY,NCCL,C2_RING_SIMPLE_CH8,2048,8192,2048,16,3,1048576,44,0,475.232,0.000,0.000,0.000,PASS,0
mh_comm_C2_RING_SIMPLE_CH8_N8192_q16_rep3,4,COMM_ONLY,NCCL,C2_RING_SIMPLE_CH8,2048,8192,2048,16,4,1048576,44,0,569.216,0.000,0.000,0.000,PASS,0
mh_comm_C2_RING_SIMPLE_CH8_N8192_q16_rep3,4,COMM_ONLY,NCCL,C2_RING_SIMPLE_CH8,2048,8192,2048,16,5,1048576,44,0,659.936,0.000,0.000,0.000,PASS,0
mh_comm_C2_RING_SIMPLE_CH8_N8192_q16_rep3,4,COMM_ONLY,NCCL,C2_RING_SIMPLE_CH8,2048,8192,2048,16,6,1048576,44,0,748.128,0.000,0.000,0.000,PASS,0
mh_comm_C2_RING_SIMPLE_CH8_N8192_q16_rep3,4,COMM_ONLY,NCCL,C2_RING_SIMPLE_CH8,2048,8192,2048,16,7,1048576,44,0,828.992,0.000,0.000,0.000,PASS,0
mh_comm_C2_RING_SIMPLE_CH8_N8192_q16_rep3,4,COMM_ONLY,NCCL,C2_RING_SIMPLE_CH8,2048,8192,2048,16,8,1048576,44,0,910.144,0.000,0.000,0.000,PASS,0
mh_comm_C2_RING_SIMPLE_CH8_N8192_q16_rep3,4,COMM_ONLY,NCCL,C2_RING_SIMPLE_CH8,2048,8192,2048,16,9,1048576,44,0,991.456,0.000,0.000,0.000,PASS,0
mh_comm_C2_RING_SIMPLE_CH8_N8192_q16_rep3,4,COMM_ONLY,NCCL,C2_RING_SIMPLE_CH8,2048,8192,2048,16,10,1048576,44,0,1094.496,0.000,0.000,0.000,PASS,0
mh_comm_C2_RING_SIMPLE_CH8_N8192_q16_rep3,4,COMM_ONLY,NCCL,C2_RING_SIMPLE_CH8,2048,8192,2048,16,11,1048576,44,0,1174.880,0.000,0.000,0.000,PASS,0
mh_comm_C2_RING_SIMPLE_CH8_N8192_q16_rep3,4,COMM_ONLY,NCCL,C2_RING_SIMPLE_CH8,2048,8192,2048,16,12,1048576,44,0,1281.056,0.000,0.000,0.000,PASS,0
mh_comm_C2_RING_SIMPLE_CH8_N8192_q16_rep3,4,COMM_ONLY,NCCL,C2_RING_SIMPLE_CH8,2048,8192,2048,16,13,1048576,44,0,1361.184,0.000,0.000,0.000,PASS,0
mh_comm_C2_RING_SIMPLE_CH8_N8192_q16_rep3,4,COMM_ONLY,NCCL,C2_RING_SIMPLE_CH8,2048,8192,2048,16,14,1048576,44,0,1442.688,0.000,0.000,0.000,PASS,0
mh_comm_C2_RING_SIMPLE_CH8_N8192_q16_rep3,4,COMM_ONLY,NCCL,C2_RING_SIMPLE_CH8,2048,8192,2048,16,15,1048576,44,0,1533.440,0.000,0.000,0.000,PASS,0
mh_comm_C2_RING_SIMPLE_CH8_N8192_q16_rep3,4,COMM_ONLY,NCCL,C2_RING_SIMPLE_CH8,2048,8192,2048,16,0,1048576,45,0,212.000,0.000,0.000,0.000,PASS,0
mh_comm_C2_RING_SIMPLE_CH8_N8192_q16_rep3,4,COMM_ONLY,NCCL,C2_RING_SIMPLE_CH8,2048,8192,2048,16,1,1048576,45,0,302.880,0.000,0.000,0.000,PASS,0
mh_comm_C2_RING_SIMPLE_CH8_N8192_q16_rep3,4,COMM_ONLY,NCCL,C2_RING_SIMPLE_CH8,2048,8192,2048,16,2,1048576,45,0,394.112,0.000,0.000,0.000,PASS,0
mh_comm_C2_RING_SIMPLE_CH8_N8192_q16_rep3,4,COMM_ONLY,NCCL,C2_RING_SIMPLE_CH8,2048,8192,2048,16,3,1048576,45,0,488.896,0.000,0.000,0.000,PASS,0
mh_comm_C2_RING_SIMPLE_CH8_N8192_q16_rep3,4,COMM_ONLY,NCCL,C2_RING_SIMPLE_CH8,2048,8192,2048,16,4,1048576,45,0,579.488,0.000,0.000,0.000,PASS,0
mh_comm_C2_RING_SIMPLE_CH8_N8192_q16_rep3,4,COMM_ONLY,NCCL,C2_RING_SIMPLE_CH8,2048,8192,2048,16,5,1048576,45,0,659.488,0.000,0.000,0.000,PASS,0
mh_comm_C2_RING_SIMPLE_CH8_N8192_q16_rep3,4,COMM_ONLY,NCCL,C2_RING_SIMPLE_CH8,2048,8192,2048,16,6,1048576,45,0,748.384,0.000,0.000,0.000,PASS,0
mh_comm_C2_RING_SIMPLE_CH8_N8192_q16_rep3,4,COMM_ONLY,NCCL,C2_RING_SIMPLE_CH8,2048,8192,2048,16,7,1048576,45,0,830.272,0.000,0.000,0.000,PASS,0
mh_comm_C2_RING_SIMPLE_CH8_N8192_q16_rep3,4,COMM_ONLY,NCCL,C2_RING_SIMPLE_CH8,2048,8192,2048,16,8,1048576,45,0,923.072,0.000,0.000,0.000,PASS,0
mh_comm_C2_RING_SIMPLE_CH8_N8192_q16_rep3,4,COMM_ONLY,NCCL,C2_RING_SIMPLE_CH8,2048,8192,2048,16,9,1048576,45,0,1012.960,0.000,0.000,0.000,PASS,0
mh_comm_C2_RING_SIMPLE_CH8_N8192_q16_rep3,4,COMM_ONLY,NCCL,C2_RING_SIMPLE_CH8,2048,8192,2048,16,10,1048576,45,0,1093.568,0.000,0.000,0.000,PASS,0
mh_comm_C2_RING_SIMPLE_CH8_N8192_q16_rep3,4,COMM_ONLY,NCCL,C2_RING_SIMPLE_CH8,2048,8192,2048,16,11,1048576,45,0,1175.936,0.000,0.000,0.000,PASS,0
mh_comm_C2_RING_SIMPLE_CH8_N8192_q16_rep3,4,COMM_ONLY,NCCL,C2_RING_SIMPLE_CH8,2048,8192,2048,16,12,1048576,45,0,1257.056,0.000,0.000,0.000,PASS,0
mh_comm_C2_RING_SIMPLE_CH8_N8192_q16_rep3,4,COMM_ONLY,NCCL,C2_RING_SIMPLE_CH8,2048,8192,2048,16,13,1048576,45,0,1338.944,0.000,0.000,0.000,PASS,0
mh_comm_C2_RING_SIMPLE_CH8_N8192_q16_rep3,4,COMM_ONLY,NCCL,C2_RING_SIMPLE_CH8,2048,8192,2048,16,14,1048576,45,0,1422.912,0.000,0.000,0.000,PASS,0
mh_comm_C2_RING_SIMPLE_CH8_N8192_q16_rep3,4,COMM_ONLY,NCCL,C2_RING_SIMPLE_CH8,2048,8192,2048,16,15,1048576,45,0,1504.480,0.000,0.000,0.000,PASS,0
mh_comm_C2_RING_SIMPLE_CH8_N8192_q16_rep3,4,COMM_ONLY,NCCL,C2_RING_SIMPLE_CH8,2048,8192,2048,16,0,1048576,46,0,212.128,0.000,0.000,0.000,PASS,0
mh_comm_C2_RING_SIMPLE_CH8_N8192_q16_rep3,4,COMM_ONLY,NCCL,C2_RING_SIMPLE_CH8,2048,8192,2048,16,1,1048576,46,0,305.888,0.000,0.000,0.000,PASS,0
mh_comm_C2_RING_SIMPLE_CH8_N8192_q16_rep3,4,COMM_ONLY,NCCL,C2_RING_SIMPLE_CH8,2048,8192,2048,16,2,1048576,46,0,385.920,0.000,0.000,0.000,PASS,0
mh_comm_C2_RING_SIMPLE_CH8_N8192_q16_rep3,4,COMM_ONLY,NCCL,C2_RING_SIMPLE_CH8,2048,8192,2048,16,3,1048576,46,0,467.808,0.000,0.000,0.000,PASS,0
mh_comm_C2_RING_SIMPLE_CH8_N8192_q16_rep3,4,COMM_ONLY,NCCL,C2_RING_SIMPLE_CH8,2048,8192,2048,16,4,1048576,46,0,549.184,0.000,0.000,0.000,PASS,0
mh_comm_C2_RING_SIMPLE_CH8_N8192_q16_rep3,4,COMM_ONLY,NCCL,C2_RING_SIMPLE_CH8,2048,8192,2048,16,5,1048576,46,0,629.504,0.000,0.000,0.000,PASS,0
mh_comm_C2_RING_SIMPLE_CH8_N8192_q16_rep3,4,COMM_ONLY,NCCL,C2_RING_SIMPLE_CH8,2048,8192,2048,16,6,1048576,46,0,729.664,0.000,0.000,0.000,PASS,0
mh_comm_C2_RING_SIMPLE_CH8_N8192_q16_rep3,4,COMM_ONLY,NCCL,C2_RING_SIMPLE_CH8,2048,8192,2048,16,7,1048576,46,0,809.056,0.000,0.000,0.000,PASS,0
mh_comm_C2_RING_SIMPLE_CH8_N8192_q16_rep3,4,COMM_ONLY,NCCL,C2_RING_SIMPLE_CH8,2048,8192,2048,16,8,1048576,46,0,891.072,0.000,0.000,0.000,PASS,0
mh_comm_C2_RING_SIMPLE_CH8_N8192_q16_rep3,4,COMM_ONLY,NCCL,C2_RING_SIMPLE_CH8,2048,8192,2048,16,9,1048576,46,0,971.456,0.000,0.000,0.000,PASS,0
mh_comm_C2_RING_SIMPLE_CH8_N8192_q16_rep3,4,COMM_ONLY,NCCL,C2_RING_SIMPLE_CH8,2048,8192,2048,16,10,1048576,46,0,1053.728,0.000,0.000,0.000,PASS,0
mh_comm_C2_RING_SIMPLE_CH8_N8192_q16_rep3,4,COMM_ONLY,NCCL,C2_RING_SIMPLE_CH8,2048,8192,2048,16,11,1048576,46,0,1135.072,0.000,0.000,0.000,PASS,0
mh_comm_C2_RING_SIMPLE_CH8_N8192_q16_rep3,4,COMM_ONLY,NCCL,C2_RING_SIMPLE_CH8,2048,8192,2048,16,12,1048576,46,0,1226.944,0.000,0.000,0.000,PASS,0
mh_comm_C2_RING_SIMPLE_CH8_N8192_q16_rep3,4,COMM_ONLY,NCCL,C2_RING_SIMPLE_CH8,2048,8192,2048,16,13,1048576,46,0,1308.192,0.000,0.000,0.000,PASS,0
mh_comm_C2_RING_SIMPLE_CH8_N8192_q16_rep3,4,COMM_ONLY,NCCL,C2_RING_SIMPLE_CH8,2048,8192,2048,16,14,1048576,46,0,1389.248,0.000,0.000,0.000,PASS,0
mh_comm_C2_RING_SIMPLE_CH8_N8192_q16_rep3,4,COMM_ONLY,NCCL,C2_RING_SIMPLE_CH8,2048,8192,2048,16,15,1048576,46,0,1470.592,0.000,0.000,0.000,PASS,0
mh_comm_C2_RING_SIMPLE_CH8_N8192_q16_rep3,4,COMM_ONLY,NCCL,C2_RING_SIMPLE_CH8,2048,8192,2048,16,0,1048576,47,0,218.016,0.000,0.000,0.000,PASS,0
mh_comm_C2_RING_SIMPLE_CH8_N8192_q16_rep3,4,COMM_ONLY,NCCL,C2_RING_SIMPLE_CH8,2048,8192,2048,16,1,1048576,47,0,311.264,0.000,0.000,0.000,PASS,0
mh_comm_C2_RING_SIMPLE_CH8_N8192_q16_rep3,4,COMM_ONLY,NCCL,C2_RING_SIMPLE_CH8,2048,8192,2048,16,2,1048576,47,0,389.888,0.000,0.000,0.000,PASS,0
mh_comm_C2_RING_SIMPLE_CH8_N8192_q16_rep3,4,COMM_ONLY,NCCL,C2_RING_SIMPLE_CH8,2048,8192,2048,16,3,1048576,47,0,470.912,0.000,0.000,0.000,PASS,0
mh_comm_C2_RING_SIMPLE_CH8_N8192_q16_rep3,4,COMM_ONLY,NCCL,C2_RING_SIMPLE_CH8,2048,8192,2048,16,4,1048576,47,0,552.512,0.000,0.000,0.000,PASS,0
mh_comm_C2_RING_SIMPLE_CH8_N8192_q16_rep3,4,COMM_ONLY,NCCL,C2_RING_SIMPLE_CH8,2048,8192,2048,16,5,1048576,47,0,645.152,0.000,0.000,0.000,PASS,0
mh_comm_C2_RING_SIMPLE_CH8_N8192_q16_rep3,4,COMM_ONLY,NCCL,C2_RING_SIMPLE_CH8,2048,8192,2048,16,6,1048576,47,0,727.360,0.000,0.000,0.000,PASS,0
mh_comm_C2_RING_SIMPLE_CH8_N8192_q16_rep3,4,COMM_ONLY,NCCL,C2_RING_SIMPLE_CH8,2048,8192,2048,16,7,1048576,47,0,808.896,0.000,0.000,0.000,PASS,0
mh_comm_C2_RING_SIMPLE_CH8_N8192_q16_rep3,4,COMM_ONLY,NCCL,C2_RING_SIMPLE_CH8,2048,8192,2048,16,8,1048576,47,0,889.664,0.000,0.000,0.000,PASS,0
mh_comm_C2_RING_SIMPLE_CH8_N8192_q16_rep3,4,COMM_ONLY,NCCL,C2_RING_SIMPLE_CH8,2048,8192,2048,16,9,1048576,47,0,982.432,0.000,0.000,0.000,PASS,0
mh_comm_C2_RING_SIMPLE_CH8_N8192_q16_rep3,4,COMM_ONLY,NCCL,C2_RING_SIMPLE_CH8,2048,8192,2048,16,10,1048576,47,0,1063.936,0.000,0.000,0.000,PASS,0
mh_comm_C2_RING_SIMPLE_CH8_N8192_q16_rep3,4,COMM_ONLY,NCCL,C2_RING_SIMPLE_CH8,2048,8192,2048,16,11,1048576,47,0,1144.192,0.000,0.000,0.000,PASS,0
mh_comm_C2_RING_SIMPLE_CH8_N8192_q16_rep3,4,COMM_ONLY,NCCL,C2_RING_SIMPLE_CH8,2048,8192,2048,16,12,1048576,47,0,1225.664,0.000,0.000,0.000,PASS,0
mh_comm_C2_RING_SIMPLE_CH8_N8192_q16_rep3,4,COMM_ONLY,NCCL,C2_RING_SIMPLE_CH8,2048,8192,2048,16,13,1048576,47,0,1307.328,0.000,0.000,0.000,PASS,0
mh_comm_C2_RING_SIMPLE_CH8_N8192_q16_rep3,4,COMM_ONLY,NCCL,C2_RING_SIMPLE_CH8,2048,8192,2048,16,14,1048576,47,0,1388.800,0.000,0.000,0.000,PASS,0
mh_comm_C2_RING_SIMPLE_CH8_N8192_q16_rep3,4,COMM_ONLY,NCCL,C2_RING_SIMPLE_CH8,2048,8192,2048,16,15,1048576,47,0,1471.680,0.000,0.000,0.000,PASS,0
mh_comm_C2_RING_SIMPLE_CH8_N8192_q16_rep3,4,COMM_ONLY,NCCL,C2_RING_SIMPLE_CH8,2048,8192,2048,16,0,1048576,48,0,227.456,0.000,0.000,0.000,PASS,0
mh_comm_C2_RING_SIMPLE_CH8_N8192_q16_rep3,4,COMM_ONLY,NCCL,C2_RING_SIMPLE_CH8,2048,8192,2048,16,1,1048576,48,0,309.920,0.000,0.000,0.000,PASS,0
mh_comm_C2_RING_SIMPLE_CH8_N8192_q16_rep3,4,COMM_ONLY,NCCL,C2_RING_SIMPLE_CH8,2048,8192,2048,16,2,1048576,48,0,403.168,0.000,0.000,0.000,PASS,0
mh_comm_C2_RING_SIMPLE_CH8_N8192_q16_rep3,4,COMM_ONLY,NCCL,C2_RING_SIMPLE_CH8,2048,8192,2048,16,3,1048576,48,0,485.088,0.000,0.000,0.000,PASS,0
mh_comm_C2_RING_SIMPLE_CH8_N8192_q16_rep3,4,COMM_ONLY,NCCL,C2_RING_SIMPLE_CH8,2048,8192,2048,16,4,1048576,48,0,565.888,0.000,0.000,0.000,PASS,0
mh_comm_C2_RING_SIMPLE_CH8_N8192_q16_rep3,4,COMM_ONLY,NCCL,C2_RING_SIMPLE_CH8,2048,8192,2048,16,5,1048576,48,0,648.160,0.000,0.000,0.000,PASS,0
mh_comm_C2_RING_SIMPLE_CH8_N8192_q16_rep3,4,COMM_ONLY,NCCL,C2_RING_SIMPLE_CH8,2048,8192,2048,16,6,1048576,48,0,728.512,0.000,0.000,0.000,PASS,0
mh_comm_C2_RING_SIMPLE_CH8_N8192_q16_rep3,4,COMM_ONLY,NCCL,C2_RING_SIMPLE_CH8,2048,8192,2048,16,7,1048576,48,0,809.600,0.000,0.000,0.000,PASS,0
mh_comm_C2_RING_SIMPLE_CH8_N8192_q16_rep3,4,COMM_ONLY,NCCL,C2_RING_SIMPLE_CH8,2048,8192,2048,16,8,1048576,48,0,898.656,0.000,0.000,0.000,PASS,0
mh_comm_C2_RING_SIMPLE_CH8_N8192_q16_rep3,4,COMM_ONLY,NCCL,C2_RING_SIMPLE_CH8,2048,8192,2048,16,9,1048576,48,0,980.608,0.000,0.000,0.000,PASS,0
mh_comm_C2_RING_SIMPLE_CH8_N8192_q16_rep3,4,COMM_ONLY,NCCL,C2_RING_SIMPLE_CH8,2048,8192,2048,16,10,1048576,48,0,1062.336,0.000,0.000,0.000,PASS,0
mh_comm_C2_RING_SIMPLE_CH8_N8192_q16_rep3,4,COMM_ONLY,NCCL,C2_RING_SIMPLE_CH8,2048,8192,2048,16,11,1048576,48,0,1144.128,0.000,0.000,0.000,PASS,0
mh_comm_C2_RING_SIMPLE_CH8_N8192_q16_rep3,4,COMM_ONLY,NCCL,C2_RING_SIMPLE_CH8,2048,8192,2048,16,12,1048576,48,0,1225.440,0.000,0.000,0.000,PASS,0
mh_comm_C2_RING_SIMPLE_CH8_N8192_q16_rep3,4,COMM_ONLY,NCCL,C2_RING_SIMPLE_CH8,2048,8192,2048,16,13,1048576,48,0,1307.040,0.000,0.000,0.000,PASS,0
mh_comm_C2_RING_SIMPLE_CH8_N8192_q16_rep3,4,COMM_ONLY,NCCL,C2_RING_SIMPLE_CH8,2048,8192,2048,16,14,1048576,48,0,1387.904,0.000,0.000,0.000,PASS,0
mh_comm_C2_RING_SIMPLE_CH8_N8192_q16_rep3,4,COMM_ONLY,NCCL,C2_RING_SIMPLE_CH8,2048,8192,2048,16,15,1048576,48,0,1470.144,0.000,0.000,0.000,PASS,0
mh_comm_C2_RING_SIMPLE_CH8_N8192_q16_rep3,4,COMM_ONLY,NCCL,C2_RING_SIMPLE_CH8,2048,8192,2048,16,0,1048576,49,0,217.952,0.000,0.000,0.000,PASS,0
mh_comm_C2_RING_SIMPLE_CH8_N8192_q16_rep3,4,COMM_ONLY,NCCL,C2_RING_SIMPLE_CH8,2048,8192,2048,16,1,1048576,49,0,297.664,0.000,0.000,0.000,PASS,0
mh_comm_C2_RING_SIMPLE_CH8_N8192_q16_rep3,4,COMM_ONLY,NCCL,C2_RING_SIMPLE_CH8,2048,8192,2048,16,2,1048576,49,0,378.880,0.000,0.000,0.000,PASS,0
mh_comm_C2_RING_SIMPLE_CH8_N8192_q16_rep3,4,COMM_ONLY,NCCL,C2_RING_SIMPLE_CH8,2048,8192,2048,16,3,1048576,49,0,471.008,0.000,0.000,0.000,PASS,0
mh_comm_C2_RING_SIMPLE_CH8_N8192_q16_rep3,4,COMM_ONLY,NCCL,C2_RING_SIMPLE_CH8,2048,8192,2048,16,4,1048576,49,0,552.640,0.000,0.000,0.000,PASS,0
mh_comm_C2_RING_SIMPLE_CH8_N8192_q16_rep3,4,COMM_ONLY,NCCL,C2_RING_SIMPLE_CH8,2048,8192,2048,16,5,1048576,49,0,632.928,0.000,0.000,0.000,PASS,0
mh_comm_C2_RING_SIMPLE_CH8_N8192_q16_rep3,4,COMM_ONLY,NCCL,C2_RING_SIMPLE_CH8,2048,8192,2048,16,6,1048576,49,0,712.416,0.000,0.000,0.000,PASS,0
mh_comm_C2_RING_SIMPLE_CH8_N8192_q16_rep3,4,COMM_ONLY,NCCL,C2_RING_SIMPLE_CH8,2048,8192,2048,16,7,1048576,49,0,793.632,0.000,0.000,0.000,PASS,0
mh_comm_C2_RING_SIMPLE_CH8_N8192_q16_rep3,4,COMM_ONLY,NCCL,C2_RING_SIMPLE_CH8,2048,8192,2048,16,8,1048576,49,0,875.808,0.000,0.000,0.000,PASS,0
mh_comm_C2_RING_SIMPLE_CH8_N8192_q16_rep3,4,COMM_ONLY,NCCL,C2_RING_SIMPLE_CH8,2048,8192,2048,16,9,1048576,49,0,956.288,0.000,0.000,0.000,PASS,0
mh_comm_C2_RING_SIMPLE_CH8_N8192_q16_rep3,4,COMM_ONLY,NCCL,C2_RING_SIMPLE_CH8,2048,8192,2048,16,10,1048576,49,0,1037.568,0.000,0.000,0.000,PASS,0
mh_comm_C2_RING_SIMPLE_CH8_N8192_q16_rep3,4,COMM_ONLY,NCCL,C2_RING_SIMPLE_CH8,2048,8192,2048,16,11,1048576,49,0,1118.720,0.000,0.000,0.000,PASS,0
mh_comm_C2_RING_SIMPLE_CH8_N8192_q16_rep3,4,COMM_ONLY,NCCL,C2_RING_SIMPLE_CH8,2048,8192,2048,16,12,1048576,49,0,1211.808,0.000,0.000,0.000,PASS,0
mh_comm_C2_RING_SIMPLE_CH8_N8192_q16_rep3,4,COMM_ONLY,NCCL,C2_RING_SIMPLE_CH8,2048,8192,2048,16,13,1048576,49,0,1293.600,0.000,0.000,0.000,PASS,0
mh_comm_C2_RING_SIMPLE_CH8_N8192_q16_rep3,4,COMM_ONLY,NCCL,C2_RING_SIMPLE_CH8,2048,8192,2048,16,14,1048576,49,0,1374.240,0.000,0.000,0.000,PASS,0
mh_comm_C2_RING_SIMPLE_CH8_N8192_q16_rep3,4,COMM_ONLY,NCCL,C2_RING_SIMPLE_CH8,2048,8192,2048,16,15,1048576,49,0,1454.464,0.000,0.000,0.000,PASS,0
