run_id,rank,rank_count,device,gfx_arch,path,family,candidate,M,N,K,q,slice_index,slice_bytes,iteration_index,t_issue_us,t_release_us,t_gemm_start_us,t_gemm_end_us,t_gemm_duration_us,correctness,status
PHASEB_formal_comm_C2_RING_SIMPLE_CH8_N2048_q8_rep3,1,4,1,sm_89,COMM_ONLY,NCCL,C2_RING_SIMPLE_CH8,2048,2048,2048,8,0,2097152,0,0,139.072,0.000,0.000,0.000,PASS,0
PHASEB_formal_comm_C2_RING_SIMPLE_CH8_N2048_q8_rep3,1,4,1,sm_89,COMM_ONLY,NCCL,C2_RING_SIMPLE_CH8,2048,2048,2048,8,1,2097152,0,0,247.648,0.000,0.000,0.000,PASS,0
PHASEB_formal_comm_C2_RING_SIMPLE_CH8_N2048_q8_rep3,1,4,1,sm_89,COMM_ONLY,NCCL,C2_RING_SIMPLE_CH8,2048,2048,2048,8,2,2097152,0,0,355.456,0.000,0.000,0.000,PASS,0
PHASEB_formal_comm_C2_RING_SIMPLE_CH8_N2048_q8_rep3,1,4,1,sm_89,COMM_ONLY,NCCL,C2_RING_SIMPLE_CH8,2048,2048,2048,8,3,2097152,0,0,464.448,0.000,0.000,0.000,PASS,0
PHASEB_formal_comm_C2_RING_SIMPLE_CH8_N2048_q8_rep3,1,4,1,sm_89,COMM_ONLY,NCCL,C2_RING_SIMPLE_CH8,2048,2048,2048,8,4,2097152,0,0,574.624,0.000,0.000,0.000,PASS,0
PHASEB_formal_comm_C2_RING_SIMPLE_CH8_N2048_q8_rep3,1,4,1,sm_89,COMM_ONLY,NCCL,C2_RING_SIMPLE_CH8,2048,2048,2048,8,5,2097152,0,0,684.480,0.000,0.000,0.000,PASS,0
PHASEB_formal_comm_C2_RING_SIMPLE_CH8_N2048_q8_rep3,1,4,1,sm_89,COMM_ONLY,NCCL,C2_RING_SIMPLE_CH8,2048,2048,2048,8,6,2097152,0,0,794.560,0.000,0.000,0.000,PASS,0
PHASEB_formal_comm_C2_RING_SIMPLE_CH8_N2048_q8_rep3,1,4,1,sm_89,COMM_ONLY,NCCL,C2_RING_SIMPLE_CH8,2048,2048,2048,8,7,2097152,0,0,905.696,0.000,0.000,0.000,PASS,0
PHASEB_formal_comm_C2_RING_SIMPLE_CH8_N2048_q8_rep3,1,4,1,sm_89,COMM_ONLY,NCCL,C2_RING_SIMPLE_CH8,2048,2048,2048,8,0,2097152,1,0,141.408,0.000,0.000,0.000,PASS,0
PHASEB_formal_comm_C2_RING_SIMPLE_CH8_N2048_q8_rep3,1,4,1,sm_89,COMM_ONLY,NCCL,C2_RING_SIMPLE_CH8,2048,2048,2048,8,1,2097152,1,0,250.528,0.000,0.000,0.000,PASS,0
PHASEB_formal_comm_C2_RING_SIMPLE_CH8_N2048_q8_rep3,1,4,1,sm_89,COMM_ONLY,NCCL,C2_RING_SIMPLE_CH8,2048,2048,2048,8,2,2097152,1,0,359.712,0.000,0.000,0.000,PASS,0
PHASEB_formal_comm_C2_RING_SIMPLE_CH8_N2048_q8_rep3,1,4,1,sm_89,COMM_ONLY,NCCL,C2_RING_SIMPLE_CH8,2048,2048,2048,8,3,2097152,1,0,469.312,0.000,0.000,0.000,PASS,0
PHASEB_formal_comm_C2_RING_SIMPLE_CH8_N2048_q8_rep3,1,4,1,sm_89,COMM_ONLY,NCCL,C2_RING_SIMPLE_CH8,2048,2048,2048,8,4,2097152,1,0,579.424,0.000,0.000,0.000,PASS,0
PHASEB_formal_comm_C2_RING_SIMPLE_CH8_N2048_q8_rep3,1,4,1,sm_89,COMM_ONLY,NCCL,C2_RING_SIMPLE_CH8,2048,2048,2048,8,5,2097152,1,0,688.544,0.000,0.000,0.000,PASS,0
PHASEB_formal_comm_C2_RING_SIMPLE_CH8_N2048_q8_rep3,1,4,1,sm_89,COMM_ONLY,NCCL,C2_RING_SIMPLE_CH8,2048,2048,2048,8,6,2097152,1,0,798.656,0.000,0.000,0.000,PASS,0
PHASEB_formal_comm_C2_RING_SIMPLE_CH8_N2048_q8_rep3,1,4,1,sm_89,COMM_ONLY,NCCL,C2_RING_SIMPLE_CH8,2048,2048,2048,8,7,2097152,1,0,909.184,0.000,0.000,0.000,PASS,0
PHASEB_formal_comm_C2_RING_SIMPLE_CH8_N2048_q8_rep3,1,4,1,sm_89,COMM_ONLY,NCCL,C2_RING_SIMPLE_CH8,2048,2048,2048,8,0,2097152,2,0,138.080,0.000,0.000,0.000,PASS,0
PHASEB_formal_comm_C2_RING_SIMPLE_CH8_N2048_q8_rep3,1,4,1,sm_89,COMM_ONLY,NCCL,C2_RING_SIMPLE_CH8,2048,2048,2048,8,1,2097152,2,0,247.072,0.000,0.000,0.000,PASS,0
PHASEB_formal_comm_C2_RING_SIMPLE_CH8_N2048_q8_rep3,1,4,1,sm_89,COMM_ONLY,NCCL,C2_RING_SIMPLE_CH8,2048,2048,2048,8,2,2097152,2,0,354.432,0.000,0.000,0.000,PASS,0
PHASEB_formal_comm_C2_RING_SIMPLE_CH8_N2048_q8_rep3,1,4,1,sm_89,COMM_ONLY,NCCL,C2_RING_SIMPLE_CH8,2048,2048,2048,8,3,2097152,2,0,463.264,0.000,0.000,0.000,PASS,0
PHASEB_formal_comm_C2_RING_SIMPLE_CH8_N2048_q8_rep3,1,4,1,sm_89,COMM_ONLY,NCCL,C2_RING_SIMPLE_CH8,2048,2048,2048,8,4,2097152,2,0,571.840,0.000,0.000,0.000,PASS,0
PHASEB_formal_comm_C2_RING_SIMPLE_CH8_N2048_q8_rep3,1,4,1,sm_89,COMM_ONLY,NCCL,C2_RING_SIMPLE_CH8,2048,2048,2048,8,5,2097152,2,0,682.976,0.000,0.000,0.000,PASS,0
PHASEB_formal_comm_C2_RING_SIMPLE_CH8_N2048_q8_rep3,1,4,1,sm_89,COMM_ONLY,NCCL,C2_RING_SIMPLE_CH8,2048,2048,2048,8,6,2097152,2,0,793.952,0.000,0.000,0.000,PASS,0
PHASEB_formal_comm_C2_RING_SIMPLE_CH8_N2048_q8_rep3,1,4,1,sm_89,COMM_ONLY,NCCL,C2_RING_SIMPLE_CH8,2048,2048,2048,8,7,2097152,2,0,946.848,0.000,0.000,0.000,PASS,0
PHASEB_formal_comm_C2_RING_SIMPLE_CH8_N2048_q8_rep3,1,4,1,sm_89,COMM_ONLY,NCCL,C2_RING_SIMPLE_CH8,2048,2048,2048,8,0,2097152,3,0,149.088,0.000,0.000,0.000,PASS,0
PHASEB_formal_comm_C2_RING_SIMPLE_CH8_N2048_q8_rep3,1,4,1,sm_89,COMM_ONLY,NCCL,C2_RING_SIMPLE_CH8,2048,2048,2048,8,1,2097152,3,0,257.728,0.000,0.000,0.000,PASS,0
PHASEB_formal_comm_C2_RING_SIMPLE_CH8_N2048_q8_rep3,1,4,1,sm_89,COMM_ONLY,NCCL,C2_RING_SIMPLE_CH8,2048,2048,2048,8,2,2097152,3,0,364.864,0.000,0.000,0.000,PASS,0
PHASEB_formal_comm_C2_RING_SIMPLE_CH8_N2048_q8_rep3,1,4,1,sm_89,COMM_ONLY,NCCL,C2_RING_SIMPLE_CH8,2048,2048,2048,8,3,2097152,3,0,475.584,0.000,0.000,0.000,PASS,0
PHASEB_formal_comm_C2_RING_SIMPLE_CH8_N2048_q8_rep3,1,4,1,sm_89,COMM_ONLY,NCCL,C2_RING_SIMPLE_CH8,2048,2048,2048,8,4,2097152,3,0,583.968,0.000,0.000,0.000,PASS,0
PHASEB_formal_comm_C2_RING_SIMPLE_CH8_N2048_q8_rep3,1,4,1,sm_89,COMM_ONLY,NCCL,C2_RING_SIMPLE_CH8,2048,2048,2048,8,5,2097152,3,0,694.336,0.000,0.000,0.000,PASS,0
PHASEB_formal_comm_C2_RING_SIMPLE_CH8_N2048_q8_rep3,1,4,1,sm_89,COMM_ONLY,NCCL,C2_RING_SIMPLE_CH8,2048,2048,2048,8,6,2097152,3,0,804.288,0.000,0.000,0.000,PASS,0
PHASEB_formal_comm_C2_RING_SIMPLE_CH8_N2048_q8_rep3,1,4,1,sm_89,COMM_ONLY,NCCL,C2_RING_SIMPLE_CH8,2048,2048,2048,8,7,2097152,3,0,915.392,0.000,0.000,0.000,PASS,0
PHASEB_formal_comm_C2_RING_SIMPLE_CH8_N2048_q8_rep3,1,4,1,sm_89,COMM_ONLY,NCCL,C2_RING_SIMPLE_CH8,2048,2048,2048,8,0,2097152,4,0,146.336,0.000,0.000,0.000,PASS,0
PHASEB_formal_comm_C2_RING_SIMPLE_CH8_N2048_q8_rep3,1,4,1,sm_89,COMM_ONLY,NCCL,C2_RING_SIMPLE_CH8,2048,2048,2048,8,1,2097152,4,0,254.112,0.000,0.000,0.000,PASS,0
PHASEB_formal_comm_C2_RING_SIMPLE_CH8_N2048_q8_rep3,1,4,1,sm_89,COMM_ONLY,NCCL,C2_RING_SIMPLE_CH8,2048,2048,2048,8,2,2097152,4,0,362.528,0.000,0.000,0.000,PASS,0
PHASEB_formal_comm_C2_RING_SIMPLE_CH8_N2048_q8_rep3,1,4,1,sm_89,COMM_ONLY,NCCL,C2_RING_SIMPLE_CH8,2048,2048,2048,8,3,2097152,4,0,471.424,0.000,0.000,0.000,PASS,0
PHASEB_formal_comm_C2_RING_SIMPLE_CH8_N2048_q8_rep3,1,4,1,sm_89,COMM_ONLY,NCCL,C2_RING_SIMPLE_CH8,2048,2048,2048,8,4,2097152,4,0,582.816,0.000,0.000,0.000,PASS,0
PHASEB_formal_comm_C2_RING_SIMPLE_CH8_N2048_q8_rep3,1,4,1,sm_89,COMM_ONLY,NCCL,C2_RING_SIMPLE_CH8,2048,2048,2048,8,5,2097152,4,0,691.872,0.000,0.000,0.000,PASS,0
PHASEB_formal_comm_C2_RING_SIMPLE_CH8_N2048_q8_rep3,1,4,1,sm_89,COMM_ONLY,NCCL,C2_RING_SIMPLE_CH8,2048,2048,2048,8,6,2097152,4,0,802.656,0.000,0.000,0.000,PASS,0
PHASEB_formal_comm_C2_RING_SIMPLE_CH8_N2048_q8_rep3,1,4,1,sm_89,COMM_ONLY,NCCL,C2_RING_SIMPLE_CH8,2048,2048,2048,8,7,2097152,4,0,913.760,0.000,0.000,0.000,PASS,0
PHASEB_formal_comm_C2_RING_SIMPLE_CH8_N2048_q8_rep3,1,4,1,sm_89,COMM_ONLY,NCCL,C2_RING_SIMPLE_CH8,2048,2048,2048,8,0,2097152,5,0,192.544,0.000,0.000,0.000,PASS,0
PHASEB_formal_comm_C2_RING_SIMPLE_CH8_N2048_q8_rep3,1,4,1,sm_89,COMM_ONLY,NCCL,C2_RING_SIMPLE_CH8,2048,2048,2048,8,1,2097152,5,0,310.656,0.000,0.000,0.000,PASS,0
PHASEB_formal_comm_C2_RING_SIMPLE_CH8_N2048_q8_rep3,1,4,1,sm_89,COMM_ONLY,NCCL,C2_RING_SIMPLE_CH8,2048,2048,2048,8,2,2097152,5,0,420.064,0.000,0.000,0.000,PASS,0
PHASEB_formal_comm_C2_RING_SIMPLE_CH8_N2048_q8_rep3,1,4,1,sm_89,COMM_ONLY,NCCL,C2_RING_SIMPLE_CH8,2048,2048,2048,8,3,2097152,5,0,606.016,0.000,0.000,0.000,PASS,0
PHASEB_formal_comm_C2_RING_SIMPLE_CH8_N2048_q8_rep3,1,4,1,sm_89,COMM_ONLY,NCCL,C2_RING_SIMPLE_CH8,2048,2048,2048,8,4,2097152,5,0,722.624,0.000,0.000,0.000,PASS,0
PHASEB_formal_comm_C2_RING_SIMPLE_CH8_N2048_q8_rep3,1,4,1,sm_89,COMM_ONLY,NCCL,C2_RING_SIMPLE_CH8,2048,2048,2048,8,5,2097152,5,0,842.176,0.000,0.000,0.000,PASS,0
PHASEB_formal_comm_C2_RING_SIMPLE_CH8_N2048_q8_rep3,1,4,1,sm_89,COMM_ONLY,NCCL,C2_RING_SIMPLE_CH8,2048,2048,2048,8,6,2097152,5,0,953.120,0.000,0.000,0.000,PASS,0
PHASEB_formal_comm_C2_RING_SIMPLE_CH8_N2048_q8_rep3,1,4,1,sm_89,COMM_ONLY,NCCL,C2_RING_SIMPLE_CH8,2048,2048,2048,8,7,2097152,5,0,1065.440,0.000,0.000,0.000,PASS,0
PHASEB_formal_comm_C2_RING_SIMPLE_CH8_N2048_q8_rep3,1,4,1,sm_89,COMM_ONLY,NCCL,C2_RING_SIMPLE_CH8,2048,2048,2048,8,0,2097152,6,0,138.912,0.000,0.000,0.000,PASS,0
PHASEB_formal_comm_C2_RING_SIMPLE_CH8_N2048_q8_rep3,1,4,1,sm_89,COMM_ONLY,NCCL,C2_RING_SIMPLE_CH8,2048,2048,2048,8,1,2097152,6,0,248.384,0.000,0.000,0.000,PASS,0
PHASEB_formal_comm_C2_RING_SIMPLE_CH8_N2048_q8_rep3,1,4,1,sm_89,COMM_ONLY,NCCL,C2_RING_SIMPLE_CH8,2048,2048,2048,8,2,2097152,6,0,371.488,0.000,0.000,0.000,PASS,0
PHASEB_formal_comm_C2_RING_SIMPLE_CH8_N2048_q8_rep3,1,4,1,sm_89,COMM_ONLY,NCCL,C2_RING_SIMPLE_CH8,2048,2048,2048,8,3,2097152,6,0,481.472,0.000,0.000,0.000,PASS,0
PHASEB_formal_comm_C2_RING_SIMPLE_CH8_N2048_q8_rep3,1,4,1,sm_89,COMM_ONLY,NCCL,C2_RING_SIMPLE_CH8,2048,2048,2048,8,4,2097152,6,0,590.368,0.000,0.000,0.000,PASS,0
PHASEB_formal_comm_C2_RING_SIMPLE_CH8_N2048_q8_rep3,1,4,1,sm_89,COMM_ONLY,NCCL,C2_RING_SIMPLE_CH8,2048,2048,2048,8,5,2097152,6,0,699.360,0.000,0.000,0.000,PASS,0
PHASEB_formal_comm_C2_RING_SIMPLE_CH8_N2048_q8_rep3,1,4,1,sm_89,COMM_ONLY,NCCL,C2_RING_SIMPLE_CH8,2048,2048,2048,8,6,2097152,6,0,809.056,0.000,0.000,0.000,PASS,0
PHASEB_formal_comm_C2_RING_SIMPLE_CH8_N2048_q8_rep3,1,4,1,sm_89,COMM_ONLY,NCCL,C2_RING_SIMPLE_CH8,2048,2048,2048,8,7,2097152,6,0,919.456,0.000,0.000,0.000,PASS,0
PHASEB_formal_comm_C2_RING_SIMPLE_CH8_N2048_q8_rep3,1,4,1,sm_89,COMM_ONLY,NCCL,C2_RING_SIMPLE_CH8,2048,2048,2048,8,0,2097152,7,0,159.616,0.000,0.000,0.000,PASS,0
PHASEB_formal_comm_C2_RING_SIMPLE_CH8_N2048_q8_rep3,1,4,1,sm_89,COMM_ONLY,NCCL,C2_RING_SIMPLE_CH8,2048,2048,2048,8,1,2097152,7,0,268.608,0.000,0.000,0.000,PASS,0
PHASEB_formal_comm_C2_RING_SIMPLE_CH8_N2048_q8_rep3,1,4,1,sm_89,COMM_ONLY,NCCL,C2_RING_SIMPLE_CH8,2048,2048,2048,8,2,2097152,7,0,378.656,0.000,0.000,0.000,PASS,0
PHASEB_formal_comm_C2_RING_SIMPLE_CH8_N2048_q8_rep3,1,4,1,sm_89,COMM_ONLY,NCCL,C2_RING_SIMPLE_CH8,2048,2048,2048,8,3,2097152,7,0,488.544,0.000,0.000,0.000,PASS,0
PHASEB_formal_comm_C2_RING_SIMPLE_CH8_N2048_q8_rep3,1,4,1,sm_89,COMM_ONLY,NCCL,C2_RING_SIMPLE_CH8,2048,2048,2048,8,4,2097152,7,0,612.544,0.000,0.000,0.000,PASS,0
PHASEB_formal_comm_C2_RING_SIMPLE_CH8_N2048_q8_rep3,1,4,1,sm_89,COMM_ONLY,NCCL,C2_RING_SIMPLE_CH8,2048,2048,2048,8,5,2097152,7,0,724.576,0.000,0.000,0.000,PASS,0
PHASEB_formal_comm_C2_RING_SIMPLE_CH8_N2048_q8_rep3,1,4,1,sm_89,COMM_ONLY,NCCL,C2_RING_SIMPLE_CH8,2048,2048,2048,8,6,2097152,7,0,834.112,0.000,0.000,0.000,PASS,0
PHASEB_formal_comm_C2_RING_SIMPLE_CH8_N2048_q8_rep3,1,4,1,sm_89,COMM_ONLY,NCCL,C2_RING_SIMPLE_CH8,2048,2048,2048,8,7,2097152,7,0,944.832,0.000,0.000,0.000,PASS,0
PHASEB_formal_comm_C2_RING_SIMPLE_CH8_N2048_q8_rep3,1,4,1,sm_89,COMM_ONLY,NCCL,C2_RING_SIMPLE_CH8,2048,2048,2048,8,0,2097152,8,0,144.736,0.000,0.000,0.000,PASS,0
PHASEB_formal_comm_C2_RING_SIMPLE_CH8_N2048_q8_rep3,1,4,1,sm_89,COMM_ONLY,NCCL,C2_RING_SIMPLE_CH8,2048,2048,2048,8,1,2097152,8,0,256.288,0.000,0.000,0.000,PASS,0
PHASEB_formal_comm_C2_RING_SIMPLE_CH8_N2048_q8_rep3,1,4,1,sm_89,COMM_ONLY,NCCL,C2_RING_SIMPLE_CH8,2048,2048,2048,8,2,2097152,8,0,365.280,0.000,0.000,0.000,PASS,0
PHASEB_formal_comm_C2_RING_SIMPLE_CH8_N2048_q8_rep3,1,4,1,sm_89,COMM_ONLY,NCCL,C2_RING_SIMPLE_CH8,2048,2048,2048,8,3,2097152,8,0,482.848,0.000,0.000,0.000,PASS,0
PHASEB_formal_comm_C2_RING_SIMPLE_CH8_N2048_q8_rep3,1,4,1,sm_89,COMM_ONLY,NCCL,C2_RING_SIMPLE_CH8,2048,2048,2048,8,4,2097152,8,0,595.392,0.000,0.000,0.000,PASS,0
PHASEB_formal_comm_C2_RING_SIMPLE_CH8_N2048_q8_rep3,1,4,1,sm_89,COMM_ONLY,NCCL,C2_RING_SIMPLE_CH8,2048,2048,2048,8,5,2097152,8,0,716.320,0.000,0.000,0.000,PASS,0
PHASEB_formal_comm_C2_RING_SIMPLE_CH8_N2048_q8_rep3,1,4,1,sm_89,COMM_ONLY,NCCL,C2_RING_SIMPLE_CH8,2048,2048,2048,8,6,2097152,8,0,826.464,0.000,0.000,0.000,PASS,0
PHASEB_formal_comm_C2_RING_SIMPLE_CH8_N2048_q8_rep3,1,4,1,sm_89,COMM_ONLY,NCCL,C2_RING_SIMPLE_CH8,2048,2048,2048,8,7,2097152,8,0,937.888,0.000,0.000,0.000,PASS,0
PHASEB_formal_comm_C2_RING_SIMPLE_CH8_N2048_q8_rep3,1,4,1,sm_89,COMM_ONLY,NCCL,C2_RING_SIMPLE_CH8,2048,2048,2048,8,0,2097152,9,0,138.848,0.000,0.000,0.000,PASS,0
PHASEB_formal_comm_C2_RING_SIMPLE_CH8_N2048_q8_rep3,1,4,1,sm_89,COMM_ONLY,NCCL,C2_RING_SIMPLE_CH8,2048,2048,2048,8,1,2097152,9,0,247.520,0.000,0.000,0.000,PASS,0
PHASEB_formal_comm_C2_RING_SIMPLE_CH8_N2048_q8_rep3,1,4,1,sm_89,COMM_ONLY,NCCL,C2_RING_SIMPLE_CH8,2048,2048,2048,8,2,2097152,9,0,356.640,0.000,0.000,0.000,PASS,0
PHASEB_formal_comm_C2_RING_SIMPLE_CH8_N2048_q8_rep3,1,4,1,sm_89,COMM_ONLY,NCCL,C2_RING_SIMPLE_CH8,2048,2048,2048,8,3,2097152,9,0,465.696,0.000,0.000,0.000,PASS,0
PHASEB_formal_comm_C2_RING_SIMPLE_CH8_N2048_q8_rep3,1,4,1,sm_89,COMM_ONLY,NCCL,C2_RING_SIMPLE_CH8,2048,2048,2048,8,4,2097152,9,0,576.416,0.000,0.000,0.000,PASS,0
PHASEB_formal_comm_C2_RING_SIMPLE_CH8_N2048_q8_rep3,1,4,1,sm_89,COMM_ONLY,NCCL,C2_RING_SIMPLE_CH8,2048,2048,2048,8,5,2097152,9,0,686.496,0.000,0.000,0.000,PASS,0
PHASEB_formal_comm_C2_RING_SIMPLE_CH8_N2048_q8_rep3,1,4,1,sm_89,COMM_ONLY,NCCL,C2_RING_SIMPLE_CH8,2048,2048,2048,8,6,2097152,9,0,796.832,0.000,0.000,0.000,PASS,0
PHASEB_formal_comm_C2_RING_SIMPLE_CH8_N2048_q8_rep3,1,4,1,sm_89,COMM_ONLY,NCCL,C2_RING_SIMPLE_CH8,2048,2048,2048,8,7,2097152,9,0,907.296,0.000,0.000,0.000,PASS,0
PHASEB_formal_comm_C2_RING_SIMPLE_CH8_N2048_q8_rep3,1,4,1,sm_89,COMM_ONLY,NCCL,C2_RING_SIMPLE_CH8,2048,2048,2048,8,0,2097152,10,0,146.752,0.000,0.000,0.000,PASS,0
PHASEB_formal_comm_C2_RING_SIMPLE_CH8_N2048_q8_rep3,1,4,1,sm_89,COMM_ONLY,NCCL,C2_RING_SIMPLE_CH8,2048,2048,2048,8,1,2097152,10,0,253.344,0.000,0.000,0.000,PASS,0
PHASEB_formal_comm_C2_RING_SIMPLE_CH8_N2048_q8_rep3,1,4,1,sm_89,COMM_ONLY,NCCL,C2_RING_SIMPLE_CH8,2048,2048,2048,8,2,2097152,10,0,361.600,0.000,0.000,0.000,PASS,0
PHASEB_formal_comm_C2_RING_SIMPLE_CH8_N2048_q8_rep3,1,4,1,sm_89,COMM_ONLY,NCCL,C2_RING_SIMPLE_CH8,2048,2048,2048,8,3,2097152,10,0,470.112,0.000,0.000,0.000,PASS,0
PHASEB_formal_comm_C2_RING_SIMPLE_CH8_N2048_q8_rep3,1,4,1,sm_89,COMM_ONLY,NCCL,C2_RING_SIMPLE_CH8,2048,2048,2048,8,4,2097152,10,0,578.848,0.000,0.000,0.000,PASS,0
PHASEB_formal_comm_C2_RING_SIMPLE_CH8_N2048_q8_rep3,1,4,1,sm_89,COMM_ONLY,NCCL,C2_RING_SIMPLE_CH8,2048,2048,2048,8,5,2097152,10,0,688.384,0.000,0.000,0.000,PASS,0
PHASEB_formal_comm_C2_RING_SIMPLE_CH8_N2048_q8_rep3,1,4,1,sm_89,COMM_ONLY,NCCL,C2_RING_SIMPLE_CH8,2048,2048,2048,8,6,2097152,10,0,798.496,0.000,0.000,0.000,PASS,0
PHASEB_formal_comm_C2_RING_SIMPLE_CH8_N2048_q8_rep3,1,4,1,sm_89,COMM_ONLY,NCCL,C2_RING_SIMPLE_CH8,2048,2048,2048,8,7,2097152,10,0,908.480,0.000,0.000,0.000,PASS,0
PHASEB_formal_comm_C2_RING_SIMPLE_CH8_N2048_q8_rep3,1,4,1,sm_89,COMM_ONLY,NCCL,C2_RING_SIMPLE_CH8,2048,2048,2048,8,0,2097152,11,0,140.576,0.000,0.000,0.000,PASS,0
PHASEB_formal_comm_C2_RING_SIMPLE_CH8_N2048_q8_rep3,1,4,1,sm_89,COMM_ONLY,NCCL,C2_RING_SIMPLE_CH8,2048,2048,2048,8,1,2097152,11,0,249.664,0.000,0.000,0.000,PASS,0
PHASEB_formal_comm_C2_RING_SIMPLE_CH8_N2048_q8_rep3,1,4,1,sm_89,COMM_ONLY,NCCL,C2_RING_SIMPLE_CH8,2048,2048,2048,8,2,2097152,11,0,357.536,0.000,0.000,0.000,PASS,0
PHASEB_formal_comm_C2_RING_SIMPLE_CH8_N2048_q8_rep3,1,4,1,sm_89,COMM_ONLY,NCCL,C2_RING_SIMPLE_CH8,2048,2048,2048,8,3,2097152,11,0,472.384,0.000,0.000,0.000,PASS,0
PHASEB_formal_comm_C2_RING_SIMPLE_CH8_N2048_q8_rep3,1,4,1,sm_89,COMM_ONLY,NCCL,C2_RING_SIMPLE_CH8,2048,2048,2048,8,4,2097152,11,0,581.152,0.000,0.000,0.000,PASS,0
PHASEB_formal_comm_C2_RING_SIMPLE_CH8_N2048_q8_rep3,1,4,1,sm_89,COMM_ONLY,NCCL,C2_RING_SIMPLE_CH8,2048,2048,2048,8,5,2097152,11,0,690.784,0.000,0.000,0.000,PASS,0
PHASEB_formal_comm_C2_RING_SIMPLE_CH8_N2048_q8_rep3,1,4,1,sm_89,COMM_ONLY,NCCL,C2_RING_SIMPLE_CH8,2048,2048,2048,8,6,2097152,11,0,799.648,0.000,0.000,0.000,PASS,0
PHASEB_formal_comm_C2_RING_SIMPLE_CH8_N2048_q8_rep3,1,4,1,sm_89,COMM_ONLY,NCCL,C2_RING_SIMPLE_CH8,2048,2048,2048,8,7,2097152,11,0,910.272,0.000,0.000,0.000,PASS,0
PHASEB_formal_comm_C2_RING_SIMPLE_CH8_N2048_q8_rep3,1,4,1,sm_89,COMM_ONLY,NCCL,C2_RING_SIMPLE_CH8,2048,2048,2048,8,0,2097152,12,0,139.392,0.000,0.000,0.000,PASS,0
PHASEB_formal_comm_C2_RING_SIMPLE_CH8_N2048_q8_rep3,1,4,1,sm_89,COMM_ONLY,NCCL,C2_RING_SIMPLE_CH8,2048,2048,2048,8,1,2097152,12,0,248.704,0.000,0.000,0.000,PASS,0
PHASEB_formal_comm_C2_RING_SIMPLE_CH8_N2048_q8_rep3,1,4,1,sm_89,COMM_ONLY,NCCL,C2_RING_SIMPLE_CH8,2048,2048,2048,8,2,2097152,12,0,357.152,0.000,0.000,0.000,PASS,0
PHASEB_formal_comm_C2_RING_SIMPLE_CH8_N2048_q8_rep3,1,4,1,sm_89,COMM_ONLY,NCCL,C2_RING_SIMPLE_CH8,2048,2048,2048,8,3,2097152,12,0,475.232,0.000,0.000,0.000,PASS,0
PHASEB_formal_comm_C2_RING_SIMPLE_CH8_N2048_q8_rep3,1,4,1,sm_89,COMM_ONLY,NCCL,C2_RING_SIMPLE_CH8,2048,2048,2048,8,4,2097152,12,0,586.016,0.000,0.000,0.000,PASS,0
PHASEB_formal_comm_C2_RING_SIMPLE_CH8_N2048_q8_rep3,1,4,1,sm_89,COMM_ONLY,NCCL,C2_RING_SIMPLE_CH8,2048,2048,2048,8,5,2097152,12,0,695.200,0.000,0.000,0.000,PASS,0
PHASEB_formal_comm_C2_RING_SIMPLE_CH8_N2048_q8_rep3,1,4,1,sm_89,COMM_ONLY,NCCL,C2_RING_SIMPLE_CH8,2048,2048,2048,8,6,2097152,12,0,804.960,0.000,0.000,0.000,PASS,0
PHASEB_formal_comm_C2_RING_SIMPLE_CH8_N2048_q8_rep3,1,4,1,sm_89,COMM_ONLY,NCCL,C2_RING_SIMPLE_CH8,2048,2048,2048,8,7,2097152,12,0,916.544,0.000,0.000,0.000,PASS,0
PHASEB_formal_comm_C2_RING_SIMPLE_CH8_N2048_q8_rep3,1,4,1,sm_89,COMM_ONLY,NCCL,C2_RING_SIMPLE_CH8,2048,2048,2048,8,0,2097152,13,0,139.296,0.000,0.000,0.000,PASS,0
PHASEB_formal_comm_C2_RING_SIMPLE_CH8_N2048_q8_rep3,1,4,1,sm_89,COMM_ONLY,NCCL,C2_RING_SIMPLE_CH8,2048,2048,2048,8,1,2097152,13,0,248.192,0.000,0.000,0.000,PASS,0
PHASEB_formal_comm_C2_RING_SIMPLE_CH8_N2048_q8_rep3,1,4,1,sm_89,COMM_ONLY,NCCL,C2_RING_SIMPLE_CH8,2048,2048,2048,8,2,2097152,13,0,356.608,0.000,0.000,0.000,PASS,0
PHASEB_formal_comm_C2_RING_SIMPLE_CH8_N2048_q8_rep3,1,4,1,sm_89,COMM_ONLY,NCCL,C2_RING_SIMPLE_CH8,2048,2048,2048,8,3,2097152,13,0,466.528,0.000,0.000,0.000,PASS,0
PHASEB_formal_comm_C2_RING_SIMPLE_CH8_N2048_q8_rep3,1,4,1,sm_89,COMM_ONLY,NCCL,C2_RING_SIMPLE_CH8,2048,2048,2048,8,4,2097152,13,0,575.360,0.000,0.000,0.000,PASS,0
PHASEB_formal_comm_C2_RING_SIMPLE_CH8_N2048_q8_rep3,1,4,1,sm_89,COMM_ONLY,NCCL,C2_RING_SIMPLE_CH8,2048,2048,2048,8,5,2097152,13,0,685.312,0.000,0.000,0.000,PASS,0
PHASEB_formal_comm_C2_RING_SIMPLE_CH8_N2048_q8_rep3,1,4,1,sm_89,COMM_ONLY,NCCL,C2_RING_SIMPLE_CH8,2048,2048,2048,8,6,2097152,13,0,795.968,0.000,0.000,0.000,PASS,0
PHASEB_formal_comm_C2_RING_SIMPLE_CH8_N2048_q8_rep3,1,4,1,sm_89,COMM_ONLY,NCCL,C2_RING_SIMPLE_CH8,2048,2048,2048,8,7,2097152,13,0,907.072,0.000,0.000,0.000,PASS,0
PHASEB_formal_comm_C2_RING_SIMPLE_CH8_N2048_q8_rep3,1,4,1,sm_89,COMM_ONLY,NCCL,C2_RING_SIMPLE_CH8,2048,2048,2048,8,0,2097152,14,0,139.392,0.000,0.000,0.000,PASS,0
PHASEB_formal_comm_C2_RING_SIMPLE_CH8_N2048_q8_rep3,1,4,1,sm_89,COMM_ONLY,NCCL,C2_RING_SIMPLE_CH8,2048,2048,2048,8,1,2097152,14,0,248.096,0.000,0.000,0.000,PASS,0
PHASEB_formal_comm_C2_RING_SIMPLE_CH8_N2048_q8_rep3,1,4,1,sm_89,COMM_ONLY,NCCL,C2_RING_SIMPLE_CH8,2048,2048,2048,8,2,2097152,14,0,356.096,0.000,0.000,0.000,PASS,0
PHASEB_formal_comm_C2_RING_SIMPLE_CH8_N2048_q8_rep3,1,4,1,sm_89,COMM_ONLY,NCCL,C2_RING_SIMPLE_CH8,2048,2048,2048,8,3,2097152,14,0,465.696,0.000,0.000,0.000,PASS,0
PHASEB_formal_comm_C2_RING_SIMPLE_CH8_N2048_q8_rep3,1,4,1,sm_89,COMM_ONLY,NCCL,C2_RING_SIMPLE_CH8,2048,2048,2048,8,4,2097152,14,0,574.784,0.000,0.000,0.000,PASS,0
PHASEB_formal_comm_C2_RING_SIMPLE_CH8_N2048_q8_rep3,1,4,1,sm_89,COMM_ONLY,NCCL,C2_RING_SIMPLE_CH8,2048,2048,2048,8,5,2097152,14,0,684.704,0.000,0.000,0.000,PASS,0
PHASEB_formal_comm_C2_RING_SIMPLE_CH8_N2048_q8_rep3,1,4,1,sm_89,COMM_ONLY,NCCL,C2_RING_SIMPLE_CH8,2048,2048,2048,8,6,2097152,14,0,795.968,0.000,0.000,0.000,PASS,0
PHASEB_formal_comm_C2_RING_SIMPLE_CH8_N2048_q8_rep3,1,4,1,sm_89,COMM_ONLY,NCCL,C2_RING_SIMPLE_CH8,2048,2048,2048,8,7,2097152,14,0,905.920,0.000,0.000,0.000,PASS,0
PHASEB_formal_comm_C2_RING_SIMPLE_CH8_N2048_q8_rep3,1,4,1,sm_89,COMM_ONLY,NCCL,C2_RING_SIMPLE_CH8,2048,2048,2048,8,0,2097152,15,0,141.888,0.000,0.000,0.000,PASS,0
PHASEB_formal_comm_C2_RING_SIMPLE_CH8_N2048_q8_rep3,1,4,1,sm_89,COMM_ONLY,NCCL,C2_RING_SIMPLE_CH8,2048,2048,2048,8,1,2097152,15,0,252.832,0.000,0.000,0.000,PASS,0
PHASEB_formal_comm_C2_RING_SIMPLE_CH8_N2048_q8_rep3,1,4,1,sm_89,COMM_ONLY,NCCL,C2_RING_SIMPLE_CH8,2048,2048,2048,8,2,2097152,15,0,363.296,0.000,0.000,0.000,PASS,0
PHASEB_formal_comm_C2_RING_SIMPLE_CH8_N2048_q8_rep3,1,4,1,sm_89,COMM_ONLY,NCCL,C2_RING_SIMPLE_CH8,2048,2048,2048,8,3,2097152,15,0,471.840,0.000,0.000,0.000,PASS,0
PHASEB_formal_comm_C2_RING_SIMPLE_CH8_N2048_q8_rep3,1,4,1,sm_89,COMM_ONLY,NCCL,C2_RING_SIMPLE_CH8,2048,2048,2048,8,4,2097152,15,0,580.288,0.000,0.000,0.000,PASS,0
PHASEB_formal_comm_C2_RING_SIMPLE_CH8_N2048_q8_rep3,1,4,1,sm_89,COMM_ONLY,NCCL,C2_RING_SIMPLE_CH8,2048,2048,2048,8,5,2097152,15,0,689.312,0.000,0.000,0.000,PASS,0
PHASEB_formal_comm_C2_RING_SIMPLE_CH8_N2048_q8_rep3,1,4,1,sm_89,COMM_ONLY,NCCL,C2_RING_SIMPLE_CH8,2048,2048,2048,8,6,2097152,15,0,800.832,0.000,0.000,0.000,PASS,0
PHASEB_formal_comm_C2_RING_SIMPLE_CH8_N2048_q8_rep3,1,4,1,sm_89,COMM_ONLY,NCCL,C2_RING_SIMPLE_CH8,2048,2048,2048,8,7,2097152,15,0,910.528,0.000,0.000,0.000,PASS,0
PHASEB_formal_comm_C2_RING_SIMPLE_CH8_N2048_q8_rep3,1,4,1,sm_89,COMM_ONLY,NCCL,C2_RING_SIMPLE_CH8,2048,2048,2048,8,0,2097152,16,0,139.488,0.000,0.000,0.000,PASS,0
PHASEB_formal_comm_C2_RING_SIMPLE_CH8_N2048_q8_rep3,1,4,1,sm_89,COMM_ONLY,NCCL,C2_RING_SIMPLE_CH8,2048,2048,2048,8,1,2097152,16,0,260.000,0.000,0.000,0.000,PASS,0
PHASEB_formal_comm_C2_RING_SIMPLE_CH8_N2048_q8_rep3,1,4,1,sm_89,COMM_ONLY,NCCL,C2_RING_SIMPLE_CH8,2048,2048,2048,8,2,2097152,16,0,367.744,0.000,0.000,0.000,PASS,0
PHASEB_formal_comm_C2_RING_SIMPLE_CH8_N2048_q8_rep3,1,4,1,sm_89,COMM_ONLY,NCCL,C2_RING_SIMPLE_CH8,2048,2048,2048,8,3,2097152,16,0,475.552,0.000,0.000,0.000,PASS,0
PHASEB_formal_comm_C2_RING_SIMPLE_CH8_N2048_q8_rep3,1,4,1,sm_89,COMM_ONLY,NCCL,C2_RING_SIMPLE_CH8,2048,2048,2048,8,4,2097152,16,0,584.288,0.000,0.000,0.000,PASS,0
PHASEB_formal_comm_C2_RING_SIMPLE_CH8_N2048_q8_rep3,1,4,1,sm_89,COMM_ONLY,NCCL,C2_RING_SIMPLE_CH8,2048,2048,2048,8,5,2097152,16,0,693.984,0.000,0.000,0.000,PASS,0
PHASEB_formal_comm_C2_RING_SIMPLE_CH8_N2048_q8_rep3,1,4,1,sm_89,COMM_ONLY,NCCL,C2_RING_SIMPLE_CH8,2048,2048,2048,8,6,2097152,16,0,804.032,0.000,0.000,0.000,PASS,0
PHASEB_formal_comm_C2_RING_SIMPLE_CH8_N2048_q8_rep3,1,4,1,sm_89,COMM_ONLY,NCCL,C2_RING_SIMPLE_CH8,2048,2048,2048,8,7,2097152,16,0,912.896,0.000,0.000,0.000,PASS,0
PHASEB_formal_comm_C2_RING_SIMPLE_CH8_N2048_q8_rep3,1,4,1,sm_89,COMM_ONLY,NCCL,C2_RING_SIMPLE_CH8,2048,2048,2048,8,0,2097152,17,0,143.904,0.000,0.000,0.000,PASS,0
PHASEB_formal_comm_C2_RING_SIMPLE_CH8_N2048_q8_rep3,1,4,1,sm_89,COMM_ONLY,NCCL,C2_RING_SIMPLE_CH8,2048,2048,2048,8,1,2097152,17,0,252.960,0.000,0.000,0.000,PASS,0
PHASEB_formal_comm_C2_RING_SIMPLE_CH8_N2048_q8_rep3,1,4,1,sm_89,COMM_ONLY,NCCL,C2_RING_SIMPLE_CH8,2048,2048,2048,8,2,2097152,17,0,361.248,0.000,0.000,0.000,PASS,0
PHASEB_formal_comm_C2_RING_SIMPLE_CH8_N2048_q8_rep3,1,4,1,sm_89,COMM_ONLY,NCCL,C2_RING_SIMPLE_CH8,2048,2048,2048,8,3,2097152,17,0,471.648,0.000,0.000,0.000,PASS,0
PHASEB_formal_comm_C2_RING_SIMPLE_CH8_N2048_q8_rep3,1,4,1,sm_89,COMM_ONLY,NCCL,C2_RING_SIMPLE_CH8,2048,2048,2048,8,4,2097152,17,0,581.248,0.000,0.000,0.000,PASS,0
PHASEB_formal_comm_C2_RING_SIMPLE_CH8_N2048_q8_rep3,1,4,1,sm_89,COMM_ONLY,NCCL,C2_RING_SIMPLE_CH8,2048,2048,2048,8,5,2097152,17,0,693.088,0.000,0.000,0.000,PASS,0
PHASEB_formal_comm_C2_RING_SIMPLE_CH8_N2048_q8_rep3,1,4,1,sm_89,COMM_ONLY,NCCL,C2_RING_SIMPLE_CH8,2048,2048,2048,8,6,2097152,17,0,803.008,0.000,0.000,0.000,PASS,0
PHASEB_formal_comm_C2_RING_SIMPLE_CH8_N2048_q8_rep3,1,4,1,sm_89,COMM_ONLY,NCCL,C2_RING_SIMPLE_CH8,2048,2048,2048,8,7,2097152,17,0,913.504,0.000,0.000,0.000,PASS,0
PHASEB_formal_comm_C2_RING_SIMPLE_CH8_N2048_q8_rep3,1,4,1,sm_89,COMM_ONLY,NCCL,C2_RING_SIMPLE_CH8,2048,2048,2048,8,0,2097152,18,0,139.744,0.000,0.000,0.000,PASS,0
PHASEB_formal_comm_C2_RING_SIMPLE_CH8_N2048_q8_rep3,1,4,1,sm_89,COMM_ONLY,NCCL,C2_RING_SIMPLE_CH8,2048,2048,2048,8,1,2097152,18,0,247.872,0.000,0.000,0.000,PASS,0
PHASEB_formal_comm_C2_RING_SIMPLE_CH8_N2048_q8_rep3,1,4,1,sm_89,COMM_ONLY,NCCL,C2_RING_SIMPLE_CH8,2048,2048,2048,8,2,2097152,18,0,355.744,0.000,0.000,0.000,PASS,0
PHASEB_formal_comm_C2_RING_SIMPLE_CH8_N2048_q8_rep3,1,4,1,sm_89,COMM_ONLY,NCCL,C2_RING_SIMPLE_CH8,2048,2048,2048,8,3,2097152,18,0,464.928,0.000,0.000,0.000,PASS,0
PHASEB_formal_comm_C2_RING_SIMPLE_CH8_N2048_q8_rep3,1,4,1,sm_89,COMM_ONLY,NCCL,C2_RING_SIMPLE_CH8,2048,2048,2048,8,4,2097152,18,0,574.528,0.000,0.000,0.000,PASS,0
PHASEB_formal_comm_C2_RING_SIMPLE_CH8_N2048_q8_rep3,1,4,1,sm_89,COMM_ONLY,NCCL,C2_RING_SIMPLE_CH8,2048,2048,2048,8,5,2097152,18,0,682.976,0.000,0.000,0.000,PASS,0
PHASEB_formal_comm_C2_RING_SIMPLE_CH8_N2048_q8_rep3,1,4,1,sm_89,COMM_ONLY,NCCL,C2_RING_SIMPLE_CH8,2048,2048,2048,8,6,2097152,18,0,793.888,0.000,0.000,0.000,PASS,0
PHASEB_formal_comm_C2_RING_SIMPLE_CH8_N2048_q8_rep3,1,4,1,sm_89,COMM_ONLY,NCCL,C2_RING_SIMPLE_CH8,2048,2048,2048,8,7,2097152,18,0,903.712,0.000,0.000,0.000,PASS,0
PHASEB_formal_comm_C2_RING_SIMPLE_CH8_N2048_q8_rep3,1,4,1,sm_89,COMM_ONLY,NCCL,C2_RING_SIMPLE_CH8,2048,2048,2048,8,0,2097152,19,0,139.584,0.000,0.000,0.000,PASS,0
PHASEB_formal_comm_C2_RING_SIMPLE_CH8_N2048_q8_rep3,1,4,1,sm_89,COMM_ONLY,NCCL,C2_RING_SIMPLE_CH8,2048,2048,2048,8,1,2097152,19,0,247.488,0.000,0.000,0.000,PASS,0
PHASEB_formal_comm_C2_RING_SIMPLE_CH8_N2048_q8_rep3,1,4,1,sm_89,COMM_ONLY,NCCL,C2_RING_SIMPLE_CH8,2048,2048,2048,8,2,2097152,19,0,355.776,0.000,0.000,0.000,PASS,0
PHASEB_formal_comm_C2_RING_SIMPLE_CH8_N2048_q8_rep3,1,4,1,sm_89,COMM_ONLY,NCCL,C2_RING_SIMPLE_CH8,2048,2048,2048,8,3,2097152,19,0,465.440,0.000,0.000,0.000,PASS,0
PHASEB_formal_comm_C2_RING_SIMPLE_CH8_N2048_q8_rep3,1,4,1,sm_89,COMM_ONLY,NCCL,C2_RING_SIMPLE_CH8,2048,2048,2048,8,4,2097152,19,0,576.128,0.000,0.000,0.000,PASS,0
PHASEB_formal_comm_C2_RING_SIMPLE_CH8_N2048_q8_rep3,1,4,1,sm_89,COMM_ONLY,NCCL,C2_RING_SIMPLE_CH8,2048,2048,2048,8,5,2097152,19,0,684.224,0.000,0.000,0.000,PASS,0
PHASEB_formal_comm_C2_RING_SIMPLE_CH8_N2048_q8_rep3,1,4,1,sm_89,COMM_ONLY,NCCL,C2_RING_SIMPLE_CH8,2048,2048,2048,8,6,2097152,19,0,794.304,0.000,0.000,0.000,PASS,0
PHASEB_formal_comm_C2_RING_SIMPLE_CH8_N2048_q8_rep3,1,4,1,sm_89,COMM_ONLY,NCCL,C2_RING_SIMPLE_CH8,2048,2048,2048,8,7,2097152,19,0,904.256,0.000,0.000,0.000,PASS,0
PHASEB_formal_comm_C2_RING_SIMPLE_CH8_N2048_q8_rep3,1,4,1,sm_89,COMM_ONLY,NCCL,C2_RING_SIMPLE_CH8,2048,2048,2048,8,0,2097152,20,0,138.848,0.000,0.000,0.000,PASS,0
PHASEB_formal_comm_C2_RING_SIMPLE_CH8_N2048_q8_rep3,1,4,1,sm_89,COMM_ONLY,NCCL,C2_RING_SIMPLE_CH8,2048,2048,2048,8,1,2097152,20,0,248.352,0.000,0.000,0.000,PASS,0
PHASEB_formal_comm_C2_RING_SIMPLE_CH8_N2048_q8_rep3,1,4,1,sm_89,COMM_ONLY,NCCL,C2_RING_SIMPLE_CH8,2048,2048,2048,8,2,2097152,20,0,356.000,0.000,0.000,0.000,PASS,0
PHASEB_formal_comm_C2_RING_SIMPLE_CH8_N2048_q8_rep3,1,4,1,sm_89,COMM_ONLY,NCCL,C2_RING_SIMPLE_CH8,2048,2048,2048,8,3,2097152,20,0,464.736,0.000,0.000,0.000,PASS,0
PHASEB_formal_comm_C2_RING_SIMPLE_CH8_N2048_q8_rep3,1,4,1,sm_89,COMM_ONLY,NCCL,C2_RING_SIMPLE_CH8,2048,2048,2048,8,4,2097152,20,0,582.496,0.000,0.000,0.000,PASS,0
PHASEB_formal_comm_C2_RING_SIMPLE_CH8_N2048_q8_rep3,1,4,1,sm_89,COMM_ONLY,NCCL,C2_RING_SIMPLE_CH8,2048,2048,2048,8,5,2097152,20,0,693.120,0.000,0.000,0.000,PASS,0
PHASEB_formal_comm_C2_RING_SIMPLE_CH8_N2048_q8_rep3,1,4,1,sm_89,COMM_ONLY,NCCL,C2_RING_SIMPLE_CH8,2048,2048,2048,8,6,2097152,20,0,804.480,0.000,0.000,0.000,PASS,0
PHASEB_formal_comm_C2_RING_SIMPLE_CH8_N2048_q8_rep3,1,4,1,sm_89,COMM_ONLY,NCCL,C2_RING_SIMPLE_CH8,2048,2048,2048,8,7,2097152,20,0,914.048,0.000,0.000,0.000,PASS,0
PHASEB_formal_comm_C2_RING_SIMPLE_CH8_N2048_q8_rep3,1,4,1,sm_89,COMM_ONLY,NCCL,C2_RING_SIMPLE_CH8,2048,2048,2048,8,0,2097152,21,0,139.808,0.000,0.000,0.000,PASS,0
PHASEB_formal_comm_C2_RING_SIMPLE_CH8_N2048_q8_rep3,1,4,1,sm_89,COMM_ONLY,NCCL,C2_RING_SIMPLE_CH8,2048,2048,2048,8,1,2097152,21,0,248.416,0.000,0.000,0.000,PASS,0
PHASEB_formal_comm_C2_RING_SIMPLE_CH8_N2048_q8_rep3,1,4,1,sm_89,COMM_ONLY,NCCL,C2_RING_SIMPLE_CH8,2048,2048,2048,8,2,2097152,21,0,355.904,0.000,0.000,0.000,PASS,0
PHASEB_formal_comm_C2_RING_SIMPLE_CH8_N2048_q8_rep3,1,4,1,sm_89,COMM_ONLY,NCCL,C2_RING_SIMPLE_CH8,2048,2048,2048,8,3,2097152,21,0,467.136,0.000,0.000,0.000,PASS,0
PHASEB_formal_comm_C2_RING_SIMPLE_CH8_N2048_q8_rep3,1,4,1,sm_89,COMM_ONLY,NCCL,C2_RING_SIMPLE_CH8,2048,2048,2048,8,4,2097152,21,0,577.184,0.000,0.000,0.000,PASS,0
PHASEB_formal_comm_C2_RING_SIMPLE_CH8_N2048_q8_rep3,1,4,1,sm_89,COMM_ONLY,NCCL,C2_RING_SIMPLE_CH8,2048,2048,2048,8,5,2097152,21,0,685.824,0.000,0.000,0.000,PASS,0
PHASEB_formal_comm_C2_RING_SIMPLE_CH8_N2048_q8_rep3,1,4,1,sm_89,COMM_ONLY,NCCL,C2_RING_SIMPLE_CH8,2048,2048,2048,8,6,2097152,21,0,795.296,0.000,0.000,0.000,PASS,0
PHASEB_formal_comm_C2_RING_SIMPLE_CH8_N2048_q8_rep3,1,4,1,sm_89,COMM_ONLY,NCCL,C2_RING_SIMPLE_CH8,2048,2048,2048,8,7,2097152,21,0,906.528,0.000,0.000,0.000,PASS,0
PHASEB_formal_comm_C2_RING_SIMPLE_CH8_N2048_q8_rep3,1,4,1,sm_89,COMM_ONLY,NCCL,C2_RING_SIMPLE_CH8,2048,2048,2048,8,0,2097152,22,0,137.376,0.000,0.000,0.000,PASS,0
PHASEB_formal_comm_C2_RING_SIMPLE_CH8_N2048_q8_rep3,1,4,1,sm_89,COMM_ONLY,NCCL,C2_RING_SIMPLE_CH8,2048,2048,2048,8,1,2097152,22,0,247.680,0.000,0.000,0.000,PASS,0
PHASEB_formal_comm_C2_RING_SIMPLE_CH8_N2048_q8_rep3,1,4,1,sm_89,COMM_ONLY,NCCL,C2_RING_SIMPLE_CH8,2048,2048,2048,8,2,2097152,22,0,355.680,0.000,0.000,0.000,PASS,0
PHASEB_formal_comm_C2_RING_SIMPLE_CH8_N2048_q8_rep3,1,4,1,sm_89,COMM_ONLY,NCCL,C2_RING_SIMPLE_CH8,2048,2048,2048,8,3,2097152,22,0,465.056,0.000,0.000,0.000,PASS,0
PHASEB_formal_comm_C2_RING_SIMPLE_CH8_N2048_q8_rep3,1,4,1,sm_89,COMM_ONLY,NCCL,C2_RING_SIMPLE_CH8,2048,2048,2048,8,4,2097152,22,0,575.008,0.000,0.000,0.000,PASS,0
PHASEB_formal_comm_C2_RING_SIMPLE_CH8_N2048_q8_rep3,1,4,1,sm_89,COMM_ONLY,NCCL,C2_RING_SIMPLE_CH8,2048,2048,2048,8,5,2097152,22,0,684.704,0.000,0.000,0.000,PASS,0
PHASEB_formal_comm_C2_RING_SIMPLE_CH8_N2048_q8_rep3,1,4,1,sm_89,COMM_ONLY,NCCL,C2_RING_SIMPLE_CH8,2048,2048,2048,8,6,2097152,22,0,793.632,0.000,0.000,0.000,PASS,0
PHASEB_formal_comm_C2_RING_SIMPLE_CH8_N2048_q8_rep3,1,4,1,sm_89,COMM_ONLY,NCCL,C2_RING_SIMPLE_CH8,2048,2048,2048,8,7,2097152,22,0,905.920,0.000,0.000,0.000,PASS,0
PHASEB_formal_comm_C2_RING_SIMPLE_CH8_N2048_q8_rep3,1,4,1,sm_89,COMM_ONLY,NCCL,C2_RING_SIMPLE_CH8,2048,2048,2048,8,0,2097152,23,0,138.496,0.000,0.000,0.000,PASS,0
PHASEB_formal_comm_C2_RING_SIMPLE_CH8_N2048_q8_rep3,1,4,1,sm_89,COMM_ONLY,NCCL,C2_RING_SIMPLE_CH8,2048,2048,2048,8,1,2097152,23,0,246.752,0.000,0.000,0.000,PASS,0
PHASEB_formal_comm_C2_RING_SIMPLE_CH8_N2048_q8_rep3,1,4,1,sm_89,COMM_ONLY,NCCL,C2_RING_SIMPLE_CH8,2048,2048,2048,8,2,2097152,23,0,355.040,0.000,0.000,0.000,PASS,0
PHASEB_formal_comm_C2_RING_SIMPLE_CH8_N2048_q8_rep3,1,4,1,sm_89,COMM_ONLY,NCCL,C2_RING_SIMPLE_CH8,2048,2048,2048,8,3,2097152,23,0,467.136,0.000,0.000,0.000,PASS,0
PHASEB_formal_comm_C2_RING_SIMPLE_CH8_N2048_q8_rep3,1,4,1,sm_89,COMM_ONLY,NCCL,C2_RING_SIMPLE_CH8,2048,2048,2048,8,4,2097152,23,0,577.248,0.000,0.000,0.000,PASS,0
PHASEB_formal_comm_C2_RING_SIMPLE_CH8_N2048_q8_rep3,1,4,1,sm_89,COMM_ONLY,NCCL,C2_RING_SIMPLE_CH8,2048,2048,2048,8,5,2097152,23,0,686.368,0.000,0.000,0.000,PASS,0
PHASEB_formal_comm_C2_RING_SIMPLE_CH8_N2048_q8_rep3,1,4,1,sm_89,COMM_ONLY,NCCL,C2_RING_SIMPLE_CH8,2048,2048,2048,8,6,2097152,23,0,797.056,0.000,0.000,0.000,PASS,0
PHASEB_formal_comm_C2_RING_SIMPLE_CH8_N2048_q8_rep3,1,4,1,sm_89,COMM_ONLY,NCCL,C2_RING_SIMPLE_CH8,2048,2048,2048,8,7,2097152,23,0,906.656,0.000,0.000,0.000,PASS,0
PHASEB_formal_comm_C2_RING_SIMPLE_CH8_N2048_q8_rep3,1,4,1,sm_89,COMM_ONLY,NCCL,C2_RING_SIMPLE_CH8,2048,2048,2048,8,0,2097152,24,0,139.072,0.000,0.000,0.000,PASS,0
PHASEB_formal_comm_C2_RING_SIMPLE_CH8_N2048_q8_rep3,1,4,1,sm_89,COMM_ONLY,NCCL,C2_RING_SIMPLE_CH8,2048,2048,2048,8,1,2097152,24,0,246.432,0.000,0.000,0.000,PASS,0
PHASEB_formal_comm_C2_RING_SIMPLE_CH8_N2048_q8_rep3,1,4,1,sm_89,COMM_ONLY,NCCL,C2_RING_SIMPLE_CH8,2048,2048,2048,8,2,2097152,24,0,355.040,0.000,0.000,0.000,PASS,0
PHASEB_formal_comm_C2_RING_SIMPLE_CH8_N2048_q8_rep3,1,4,1,sm_89,COMM_ONLY,NCCL,C2_RING_SIMPLE_CH8,2048,2048,2048,8,3,2097152,24,0,465.280,0.000,0.000,0.000,PASS,0
PHASEB_formal_comm_C2_RING_SIMPLE_CH8_N2048_q8_rep3,1,4,1,sm_89,COMM_ONLY,NCCL,C2_RING_SIMPLE_CH8,2048,2048,2048,8,4,2097152,24,0,573.792,0.000,0.000,0.000,PASS,0
PHASEB_formal_comm_C2_RING_SIMPLE_CH8_N2048_q8_rep3,1,4,1,sm_89,COMM_ONLY,NCCL,C2_RING_SIMPLE_CH8,2048,2048,2048,8,5,2097152,24,0,682.880,0.000,0.000,0.000,PASS,0
PHASEB_formal_comm_C2_RING_SIMPLE_CH8_N2048_q8_rep3,1,4,1,sm_89,COMM_ONLY,NCCL,C2_RING_SIMPLE_CH8,2048,2048,2048,8,6,2097152,24,0,792.608,0.000,0.000,0.000,PASS,0
PHASEB_formal_comm_C2_RING_SIMPLE_CH8_N2048_q8_rep3,1,4,1,sm_89,COMM_ONLY,NCCL,C2_RING_SIMPLE_CH8,2048,2048,2048,8,7,2097152,24,0,902.528,0.000,0.000,0.000,PASS,0
PHASEB_formal_comm_C2_RING_SIMPLE_CH8_N2048_q8_rep3,1,4,1,sm_89,COMM_ONLY,NCCL,C2_RING_SIMPLE_CH8,2048,2048,2048,8,0,2097152,25,0,152.576,0.000,0.000,0.000,PASS,0
PHASEB_formal_comm_C2_RING_SIMPLE_CH8_N2048_q8_rep3,1,4,1,sm_89,COMM_ONLY,NCCL,C2_RING_SIMPLE_CH8,2048,2048,2048,8,1,2097152,25,0,260.192,0.000,0.000,0.000,PASS,0
PHASEB_formal_comm_C2_RING_SIMPLE_CH8_N2048_q8_rep3,1,4,1,sm_89,COMM_ONLY,NCCL,C2_RING_SIMPLE_CH8,2048,2048,2048,8,2,2097152,25,0,369.344,0.000,0.000,0.000,PASS,0
PHASEB_formal_comm_C2_RING_SIMPLE_CH8_N2048_q8_rep3,1,4,1,sm_89,COMM_ONLY,NCCL,C2_RING_SIMPLE_CH8,2048,2048,2048,8,3,2097152,25,0,487.520,0.000,0.000,0.000,PASS,0
PHASEB_formal_comm_C2_RING_SIMPLE_CH8_N2048_q8_rep3,1,4,1,sm_89,COMM_ONLY,NCCL,C2_RING_SIMPLE_CH8,2048,2048,2048,8,4,2097152,25,0,597.248,0.000,0.000,0.000,PASS,0
PHASEB_formal_comm_C2_RING_SIMPLE_CH8_N2048_q8_rep3,1,4,1,sm_89,COMM_ONLY,NCCL,C2_RING_SIMPLE_CH8,2048,2048,2048,8,5,2097152,25,0,707.936,0.000,0.000,0.000,PASS,0
PHASEB_formal_comm_C2_RING_SIMPLE_CH8_N2048_q8_rep3,1,4,1,sm_89,COMM_ONLY,NCCL,C2_RING_SIMPLE_CH8,2048,2048,2048,8,6,2097152,25,0,818.976,0.000,0.000,0.000,PASS,0
PHASEB_formal_comm_C2_RING_SIMPLE_CH8_N2048_q8_rep3,1,4,1,sm_89,COMM_ONLY,NCCL,C2_RING_SIMPLE_CH8,2048,2048,2048,8,7,2097152,25,0,928.864,0.000,0.000,0.000,PASS,0
PHASEB_formal_comm_C2_RING_SIMPLE_CH8_N2048_q8_rep3,1,4,1,sm_89,COMM_ONLY,NCCL,C2_RING_SIMPLE_CH8,2048,2048,2048,8,0,2097152,26,0,154.016,0.000,0.000,0.000,PASS,0
PHASEB_formal_comm_C2_RING_SIMPLE_CH8_N2048_q8_rep3,1,4,1,sm_89,COMM_ONLY,NCCL,C2_RING_SIMPLE_CH8,2048,2048,2048,8,1,2097152,26,0,261.696,0.000,0.000,0.000,PASS,0
PHASEB_formal_comm_C2_RING_SIMPLE_CH8_N2048_q8_rep3,1,4,1,sm_89,COMM_ONLY,NCCL,C2_RING_SIMPLE_CH8,2048,2048,2048,8,2,2097152,26,0,384.000,0.000,0.000,0.000,PASS,0
PHASEB_formal_comm_C2_RING_SIMPLE_CH8_N2048_q8_rep3,1,4,1,sm_89,COMM_ONLY,NCCL,C2_RING_SIMPLE_CH8,2048,2048,2048,8,3,2097152,26,0,491.616,0.000,0.000,0.000,PASS,0
PHASEB_formal_comm_C2_RING_SIMPLE_CH8_N2048_q8_rep3,1,4,1,sm_89,COMM_ONLY,NCCL,C2_RING_SIMPLE_CH8,2048,2048,2048,8,4,2097152,26,0,600.992,0.000,0.000,0.000,PASS,0
PHASEB_formal_comm_C2_RING_SIMPLE_CH8_N2048_q8_rep3,1,4,1,sm_89,COMM_ONLY,NCCL,C2_RING_SIMPLE_CH8,2048,2048,2048,8,5,2097152,26,0,713.248,0.000,0.000,0.000,PASS,0
PHASEB_formal_comm_C2_RING_SIMPLE_CH8_N2048_q8_rep3,1,4,1,sm_89,COMM_ONLY,NCCL,C2_RING_SIMPLE_CH8,2048,2048,2048,8,6,2097152,26,0,822.720,0.000,0.000,0.000,PASS,0
PHASEB_formal_comm_C2_RING_SIMPLE_CH8_N2048_q8_rep3,1,4,1,sm_89,COMM_ONLY,NCCL,C2_RING_SIMPLE_CH8,2048,2048,2048,8,7,2097152,26,0,933.632,0.000,0.000,0.000,PASS,0
PHASEB_formal_comm_C2_RING_SIMPLE_CH8_N2048_q8_rep3,1,4,1,sm_89,COMM_ONLY,NCCL,C2_RING_SIMPLE_CH8,2048,2048,2048,8,0,2097152,27,0,139.168,0.000,0.000,0.000,PASS,0
PHASEB_formal_comm_C2_RING_SIMPLE_CH8_N2048_q8_rep3,1,4,1,sm_89,COMM_ONLY,NCCL,C2_RING_SIMPLE_CH8,2048,2048,2048,8,1,2097152,27,0,250.176,0.000,0.000,0.000,PASS,0
PHASEB_formal_comm_C2_RING_SIMPLE_CH8_N2048_q8_rep3,1,4,1,sm_89,COMM_ONLY,NCCL,C2_RING_SIMPLE_CH8,2048,2048,2048,8,2,2097152,27,0,357.792,0.000,0.000,0.000,PASS,0
PHASEB_formal_comm_C2_RING_SIMPLE_CH8_N2048_q8_rep3,1,4,1,sm_89,COMM_ONLY,NCCL,C2_RING_SIMPLE_CH8,2048,2048,2048,8,3,2097152,27,0,497.088,0.000,0.000,0.000,PASS,0
PHASEB_formal_comm_C2_RING_SIMPLE_CH8_N2048_q8_rep3,1,4,1,sm_89,COMM_ONLY,NCCL,C2_RING_SIMPLE_CH8,2048,2048,2048,8,4,2097152,27,0,613.152,0.000,0.000,0.000,PASS,0
PHASEB_formal_comm_C2_RING_SIMPLE_CH8_N2048_q8_rep3,1,4,1,sm_89,COMM_ONLY,NCCL,C2_RING_SIMPLE_CH8,2048,2048,2048,8,5,2097152,27,0,723.264,0.000,0.000,0.000,PASS,0
PHASEB_formal_comm_C2_RING_SIMPLE_CH8_N2048_q8_rep3,1,4,1,sm_89,COMM_ONLY,NCCL,C2_RING_SIMPLE_CH8,2048,2048,2048,8,6,2097152,27,0,833.888,0.000,0.000,0.000,PASS,0
PHASEB_formal_comm_C2_RING_SIMPLE_CH8_N2048_q8_rep3,1,4,1,sm_89,COMM_ONLY,NCCL,C2_RING_SIMPLE_CH8,2048,2048,2048,8,7,2097152,27,0,955.744,0.000,0.000,0.000,PASS,0
PHASEB_formal_comm_C2_RING_SIMPLE_CH8_N2048_q8_rep3,1,4,1,sm_89,COMM_ONLY,NCCL,C2_RING_SIMPLE_CH8,2048,2048,2048,8,0,2097152,28,0,137.984,0.000,0.000,0.000,PASS,0
PHASEB_formal_comm_C2_RING_SIMPLE_CH8_N2048_q8_rep3,1,4,1,sm_89,COMM_ONLY,NCCL,C2_RING_SIMPLE_CH8,2048,2048,2048,8,1,2097152,28,0,247.584,0.000,0.000,0.000,PASS,0
PHASEB_formal_comm_C2_RING_SIMPLE_CH8_N2048_q8_rep3,1,4,1,sm_89,COMM_ONLY,NCCL,C2_RING_SIMPLE_CH8,2048,2048,2048,8,2,2097152,28,0,354.976,0.000,0.000,0.000,PASS,0
PHASEB_formal_comm_C2_RING_SIMPLE_CH8_N2048_q8_rep3,1,4,1,sm_89,COMM_ONLY,NCCL,C2_RING_SIMPLE_CH8,2048,2048,2048,8,3,2097152,28,0,472.416,0.000,0.000,0.000,PASS,0
PHASEB_formal_comm_C2_RING_SIMPLE_CH8_N2048_q8_rep3,1,4,1,sm_89,COMM_ONLY,NCCL,C2_RING_SIMPLE_CH8,2048,2048,2048,8,4,2097152,28,0,582.656,0.000,0.000,0.000,PASS,0
PHASEB_formal_comm_C2_RING_SIMPLE_CH8_N2048_q8_rep3,1,4,1,sm_89,COMM_ONLY,NCCL,C2_RING_SIMPLE_CH8,2048,2048,2048,8,5,2097152,28,0,691.360,0.000,0.000,0.000,PASS,0
PHASEB_formal_comm_C2_RING_SIMPLE_CH8_N2048_q8_rep3,1,4,1,sm_89,COMM_ONLY,NCCL,C2_RING_SIMPLE_CH8,2048,2048,2048,8,6,2097152,28,0,805.344,0.000,0.000,0.000,PASS,0
PHASEB_formal_comm_C2_RING_SIMPLE_CH8_N2048_q8_rep3,1,4,1,sm_89,COMM_ONLY,NCCL,C2_RING_SIMPLE_CH8,2048,2048,2048,8,7,2097152,28,0,916.256,0.000,0.000,0.000,PASS,0
PHASEB_formal_comm_C2_RING_SIMPLE_CH8_N2048_q8_rep3,1,4,1,sm_89,COMM_ONLY,NCCL,C2_RING_SIMPLE_CH8,2048,2048,2048,8,0,2097152,29,0,142.848,0.000,0.000,0.000,PASS,0
PHASEB_formal_comm_C2_RING_SIMPLE_CH8_N2048_q8_rep3,1,4,1,sm_89,COMM_ONLY,NCCL,C2_RING_SIMPLE_CH8,2048,2048,2048,8,1,2097152,29,0,252.320,0.000,0.000,0.000,PASS,0
PHASEB_formal_comm_C2_RING_SIMPLE_CH8_N2048_q8_rep3,1,4,1,sm_89,COMM_ONLY,NCCL,C2_RING_SIMPLE_CH8,2048,2048,2048,8,2,2097152,29,0,360.704,0.000,0.000,0.000,PASS,0
PHASEB_formal_comm_C2_RING_SIMPLE_CH8_N2048_q8_rep3,1,4,1,sm_89,COMM_ONLY,NCCL,C2_RING_SIMPLE_CH8,2048,2048,2048,8,3,2097152,29,0,469.760,0.000,0.000,0.000,PASS,0
PHASEB_formal_comm_C2_RING_SIMPLE_CH8_N2048_q8_rep3,1,4,1,sm_89,COMM_ONLY,NCCL,C2_RING_SIMPLE_CH8,2048,2048,2048,8,4,2097152,29,0,579.072,0.000,0.000,0.000,PASS,0
PHASEB_formal_comm_C2_RING_SIMPLE_CH8_N2048_q8_rep3,1,4,1,sm_89,COMM_ONLY,NCCL,C2_RING_SIMPLE_CH8,2048,2048,2048,8,5,2097152,29,0,687.040,0.000,0.000,0.000,PASS,0
PHASEB_formal_comm_C2_RING_SIMPLE_CH8_N2048_q8_rep3,1,4,1,sm_89,COMM_ONLY,NCCL,C2_RING_SIMPLE_CH8,2048,2048,2048,8,6,2097152,29,0,796.768,0.000,0.000,0.000,PASS,0
PHASEB_formal_comm_C2_RING_SIMPLE_CH8_N2048_q8_rep3,1,4,1,sm_89,COMM_ONLY,NCCL,C2_RING_SIMPLE_CH8,2048,2048,2048,8,7,2097152,29,0,907.456,0.000,0.000,0.000,PASS,0
PHASEB_formal_comm_C2_RING_SIMPLE_CH8_N2048_q8_rep3,1,4,1,sm_89,COMM_ONLY,NCCL,C2_RING_SIMPLE_CH8,2048,2048,2048,8,0,2097152,30,0,146.048,0.000,0.000,0.000,PASS,0
PHASEB_formal_comm_C2_RING_SIMPLE_CH8_N2048_q8_rep3,1,4,1,sm_89,COMM_ONLY,NCCL,C2_RING_SIMPLE_CH8,2048,2048,2048,8,1,2097152,30,0,255.904,0.000,0.000,0.000,PASS,0
PHASEB_formal_comm_C2_RING_SIMPLE_CH8_N2048_q8_rep3,1,4,1,sm_89,COMM_ONLY,NCCL,C2_RING_SIMPLE_CH8,2048,2048,2048,8,2,2097152,30,0,366.368,0.000,0.000,0.000,PASS,0
PHASEB_formal_comm_C2_RING_SIMPLE_CH8_N2048_q8_rep3,1,4,1,sm_89,COMM_ONLY,NCCL,C2_RING_SIMPLE_CH8,2048,2048,2048,8,3,2097152,30,0,474.720,0.000,0.000,0.000,PASS,0
PHASEB_formal_comm_C2_RING_SIMPLE_CH8_N2048_q8_rep3,1,4,1,sm_89,COMM_ONLY,NCCL,C2_RING_SIMPLE_CH8,2048,2048,2048,8,4,2097152,30,0,583.616,0.000,0.000,0.000,PASS,0
PHASEB_formal_comm_C2_RING_SIMPLE_CH8_N2048_q8_rep3,1,4,1,sm_89,COMM_ONLY,NCCL,C2_RING_SIMPLE_CH8,2048,2048,2048,8,5,2097152,30,0,705.600,0.000,0.000,0.000,PASS,0
PHASEB_formal_comm_C2_RING_SIMPLE_CH8_N2048_q8_rep3,1,4,1,sm_89,COMM_ONLY,NCCL,C2_RING_SIMPLE_CH8,2048,2048,2048,8,6,2097152,30,0,830.112,0.000,0.000,0.000,PASS,0
PHASEB_formal_comm_C2_RING_SIMPLE_CH8_N2048_q8_rep3,1,4,1,sm_89,COMM_ONLY,NCCL,C2_RING_SIMPLE_CH8,2048,2048,2048,8,7,2097152,30,0,1004.320,0.000,0.000,0.000,PASS,0
PHASEB_formal_comm_C2_RING_SIMPLE_CH8_N2048_q8_rep3,1,4,1,sm_89,COMM_ONLY,NCCL,C2_RING_SIMPLE_CH8,2048,2048,2048,8,0,2097152,31,0,138.432,0.000,0.000,0.000,PASS,0
PHASEB_formal_comm_C2_RING_SIMPLE_CH8_N2048_q8_rep3,1,4,1,sm_89,COMM_ONLY,NCCL,C2_RING_SIMPLE_CH8,2048,2048,2048,8,1,2097152,31,0,247.520,0.000,0.000,0.000,PASS,0
PHASEB_formal_comm_C2_RING_SIMPLE_CH8_N2048_q8_rep3,1,4,1,sm_89,COMM_ONLY,NCCL,C2_RING_SIMPLE_CH8,2048,2048,2048,8,2,2097152,31,0,368.000,0.000,0.000,0.000,PASS,0
PHASEB_formal_comm_C2_RING_SIMPLE_CH8_N2048_q8_rep3,1,4,1,sm_89,COMM_ONLY,NCCL,C2_RING_SIMPLE_CH8,2048,2048,2048,8,3,2097152,31,0,475.680,0.000,0.000,0.000,PASS,0
PHASEB_formal_comm_C2_RING_SIMPLE_CH8_N2048_q8_rep3,1,4,1,sm_89,COMM_ONLY,NCCL,C2_RING_SIMPLE_CH8,2048,2048,2048,8,4,2097152,31,0,586.400,0.000,0.000,0.000,PASS,0
PHASEB_formal_comm_C2_RING_SIMPLE_CH8_N2048_q8_rep3,1,4,1,sm_89,COMM_ONLY,NCCL,C2_RING_SIMPLE_CH8,2048,2048,2048,8,5,2097152,31,0,696.832,0.000,0.000,0.000,PASS,0
PHASEB_formal_comm_C2_RING_SIMPLE_CH8_N2048_q8_rep3,1,4,1,sm_89,COMM_ONLY,NCCL,C2_RING_SIMPLE_CH8,2048,2048,2048,8,6,2097152,31,0,807.488,0.000,0.000,0.000,PASS,0
PHASEB_formal_comm_C2_RING_SIMPLE_CH8_N2048_q8_rep3,1,4,1,sm_89,COMM_ONLY,NCCL,C2_RING_SIMPLE_CH8,2048,2048,2048,8,7,2097152,31,0,917.824,0.000,0.000,0.000,PASS,0
PHASEB_formal_comm_C2_RING_SIMPLE_CH8_N2048_q8_rep3,1,4,1,sm_89,COMM_ONLY,NCCL,C2_RING_SIMPLE_CH8,2048,2048,2048,8,0,2097152,32,0,146.016,0.000,0.000,0.000,PASS,0
PHASEB_formal_comm_C2_RING_SIMPLE_CH8_N2048_q8_rep3,1,4,1,sm_89,COMM_ONLY,NCCL,C2_RING_SIMPLE_CH8,2048,2048,2048,8,1,2097152,32,0,252.928,0.000,0.000,0.000,PASS,0
PHASEB_formal_comm_C2_RING_SIMPLE_CH8_N2048_q8_rep3,1,4,1,sm_89,COMM_ONLY,NCCL,C2_RING_SIMPLE_CH8,2048,2048,2048,8,2,2097152,32,0,360.032,0.000,0.000,0.000,PASS,0
PHASEB_formal_comm_C2_RING_SIMPLE_CH8_N2048_q8_rep3,1,4,1,sm_89,COMM_ONLY,NCCL,C2_RING_SIMPLE_CH8,2048,2048,2048,8,3,2097152,32,0,468.512,0.000,0.000,0.000,PASS,0
PHASEB_formal_comm_C2_RING_SIMPLE_CH8_N2048_q8_rep3,1,4,1,sm_89,COMM_ONLY,NCCL,C2_RING_SIMPLE_CH8,2048,2048,2048,8,4,2097152,32,0,577.792,0.000,0.000,0.000,PASS,0
PHASEB_formal_comm_C2_RING_SIMPLE_CH8_N2048_q8_rep3,1,4,1,sm_89,COMM_ONLY,NCCL,C2_RING_SIMPLE_CH8,2048,2048,2048,8,5,2097152,32,0,686.752,0.000,0.000,0.000,PASS,0
PHASEB_formal_comm_C2_RING_SIMPLE_CH8_N2048_q8_rep3,1,4,1,sm_89,COMM_ONLY,NCCL,C2_RING_SIMPLE_CH8,2048,2048,2048,8,6,2097152,32,0,796.224,0.000,0.000,0.000,PASS,0
PHASEB_formal_comm_C2_RING_SIMPLE_CH8_N2048_q8_rep3,1,4,1,sm_89,COMM_ONLY,NCCL,C2_RING_SIMPLE_CH8,2048,2048,2048,8,7,2097152,32,0,906.784,0.000,0.000,0.000,PASS,0
PHASEB_formal_comm_C2_RING_SIMPLE_CH8_N2048_q8_rep3,1,4,1,sm_89,COMM_ONLY,NCCL,C2_RING_SIMPLE_CH8,2048,2048,2048,8,0,2097152,33,0,141.440,0.000,0.000,0.000,PASS,0
PHASEB_formal_comm_C2_RING_SIMPLE_CH8_N2048_q8_rep3,1,4,1,sm_89,COMM_ONLY,NCCL,C2_RING_SIMPLE_CH8,2048,2048,2048,8,1,2097152,33,0,251.104,0.000,0.000,0.000,PASS,0
PHASEB_formal_comm_C2_RING_SIMPLE_CH8_N2048_q8_rep3,1,4,1,sm_89,COMM_ONLY,NCCL,C2_RING_SIMPLE_CH8,2048,2048,2048,8,2,2097152,33,0,358.528,0.000,0.000,0.000,PASS,0
PHASEB_formal_comm_C2_RING_SIMPLE_CH8_N2048_q8_rep3,1,4,1,sm_89,COMM_ONLY,NCCL,C2_RING_SIMPLE_CH8,2048,2048,2048,8,3,2097152,33,0,467.360,0.000,0.000,0.000,PASS,0
PHASEB_formal_comm_C2_RING_SIMPLE_CH8_N2048_q8_rep3,1,4,1,sm_89,COMM_ONLY,NCCL,C2_RING_SIMPLE_CH8,2048,2048,2048,8,4,2097152,33,0,578.304,0.000,0.000,0.000,PASS,0
PHASEB_formal_comm_C2_RING_SIMPLE_CH8_N2048_q8_rep3,1,4,1,sm_89,COMM_ONLY,NCCL,C2_RING_SIMPLE_CH8,2048,2048,2048,8,5,2097152,33,0,698.592,0.000,0.000,0.000,PASS,0
PHASEB_formal_comm_C2_RING_SIMPLE_CH8_N2048_q8_rep3,1,4,1,sm_89,COMM_ONLY,NCCL,C2_RING_SIMPLE_CH8,2048,2048,2048,8,6,2097152,33,0,817.472,0.000,0.000,0.000,PASS,0
PHASEB_formal_comm_C2_RING_SIMPLE_CH8_N2048_q8_rep3,1,4,1,sm_89,COMM_ONLY,NCCL,C2_RING_SIMPLE_CH8,2048,2048,2048,8,7,2097152,33,0,946.816,0.000,0.000,0.000,PASS,0
PHASEB_formal_comm_C2_RING_SIMPLE_CH8_N2048_q8_rep3,1,4,1,sm_89,COMM_ONLY,NCCL,C2_RING_SIMPLE_CH8,2048,2048,2048,8,0,2097152,34,0,137.824,0.000,0.000,0.000,PASS,0
PHASEB_formal_comm_C2_RING_SIMPLE_CH8_N2048_q8_rep3,1,4,1,sm_89,COMM_ONLY,NCCL,C2_RING_SIMPLE_CH8,2048,2048,2048,8,1,2097152,34,0,246.592,0.000,0.000,0.000,PASS,0
PHASEB_formal_comm_C2_RING_SIMPLE_CH8_N2048_q8_rep3,1,4,1,sm_89,COMM_ONLY,NCCL,C2_RING_SIMPLE_CH8,2048,2048,2048,8,2,2097152,34,0,370.080,0.000,0.000,0.000,PASS,0
PHASEB_formal_comm_C2_RING_SIMPLE_CH8_N2048_q8_rep3,1,4,1,sm_89,COMM_ONLY,NCCL,C2_RING_SIMPLE_CH8,2048,2048,2048,8,3,2097152,34,0,477.888,0.000,0.000,0.000,PASS,0
PHASEB_formal_comm_C2_RING_SIMPLE_CH8_N2048_q8_rep3,1,4,1,sm_89,COMM_ONLY,NCCL,C2_RING_SIMPLE_CH8,2048,2048,2048,8,4,2097152,34,0,599.456,0.000,0.000,0.000,PASS,0
PHASEB_formal_comm_C2_RING_SIMPLE_CH8_N2048_q8_rep3,1,4,1,sm_89,COMM_ONLY,NCCL,C2_RING_SIMPLE_CH8,2048,2048,2048,8,5,2097152,34,0,708.128,0.000,0.000,0.000,PASS,0
PHASEB_formal_comm_C2_RING_SIMPLE_CH8_N2048_q8_rep3,1,4,1,sm_89,COMM_ONLY,NCCL,C2_RING_SIMPLE_CH8,2048,2048,2048,8,6,2097152,34,0,819.328,0.000,0.000,0.000,PASS,0
PHASEB_formal_comm_C2_RING_SIMPLE_CH8_N2048_q8_rep3,1,4,1,sm_89,COMM_ONLY,NCCL,C2_RING_SIMPLE_CH8,2048,2048,2048,8,7,2097152,34,0,945.056,0.000,0.000,0.000,PASS,0
PHASEB_formal_comm_C2_RING_SIMPLE_CH8_N2048_q8_rep3,1,4,1,sm_89,COMM_ONLY,NCCL,C2_RING_SIMPLE_CH8,2048,2048,2048,8,0,2097152,35,0,142.016,0.000,0.000,0.000,PASS,0
PHASEB_formal_comm_C2_RING_SIMPLE_CH8_N2048_q8_rep3,1,4,1,sm_89,COMM_ONLY,NCCL,C2_RING_SIMPLE_CH8,2048,2048,2048,8,1,2097152,35,0,252.736,0.000,0.000,0.000,PASS,0
PHASEB_formal_comm_C2_RING_SIMPLE_CH8_N2048_q8_rep3,1,4,1,sm_89,COMM_ONLY,NCCL,C2_RING_SIMPLE_CH8,2048,2048,2048,8,2,2097152,35,0,360.320,0.000,0.000,0.000,PASS,0
PHASEB_formal_comm_C2_RING_SIMPLE_CH8_N2048_q8_rep3,1,4,1,sm_89,COMM_ONLY,NCCL,C2_RING_SIMPLE_CH8,2048,2048,2048,8,3,2097152,35,0,470.400,0.000,0.000,0.000,PASS,0
PHASEB_formal_comm_C2_RING_SIMPLE_CH8_N2048_q8_rep3,1,4,1,sm_89,COMM_ONLY,NCCL,C2_RING_SIMPLE_CH8,2048,2048,2048,8,4,2097152,35,0,580.832,0.000,0.000,0.000,PASS,0
PHASEB_formal_comm_C2_RING_SIMPLE_CH8_N2048_q8_rep3,1,4,1,sm_89,COMM_ONLY,NCCL,C2_RING_SIMPLE_CH8,2048,2048,2048,8,5,2097152,35,0,701.760,0.000,0.000,0.000,PASS,0
PHASEB_formal_comm_C2_RING_SIMPLE_CH8_N2048_q8_rep3,1,4,1,sm_89,COMM_ONLY,NCCL,C2_RING_SIMPLE_CH8,2048,2048,2048,8,6,2097152,35,0,810.880,0.000,0.000,0.000,PASS,0
PHASEB_formal_comm_C2_RING_SIMPLE_CH8_N2048_q8_rep3,1,4,1,sm_89,COMM_ONLY,NCCL,C2_RING_SIMPLE_CH8,2048,2048,2048,8,7,2097152,35,0,920.640,0.000,0.000,0.000,PASS,0
PHASEB_formal_comm_C2_RING_SIMPLE_CH8_N2048_q8_rep3,1,4,1,sm_89,COMM_ONLY,NCCL,C2_RING_SIMPLE_CH8,2048,2048,2048,8,0,2097152,36,0,138.272,0.000,0.000,0.000,PASS,0
PHASEB_formal_comm_C2_RING_SIMPLE_CH8_N2048_q8_rep3,1,4,1,sm_89,COMM_ONLY,NCCL,C2_RING_SIMPLE_CH8,2048,2048,2048,8,1,2097152,36,0,246.656,0.000,0.000,0.000,PASS,0
PHASEB_formal_comm_C2_RING_SIMPLE_CH8_N2048_q8_rep3,1,4,1,sm_89,COMM_ONLY,NCCL,C2_RING_SIMPLE_CH8,2048,2048,2048,8,2,2097152,36,0,355.360,0.000,0.000,0.000,PASS,0
PHASEB_formal_comm_C2_RING_SIMPLE_CH8_N2048_q8_rep3,1,4,1,sm_89,COMM_ONLY,NCCL,C2_RING_SIMPLE_CH8,2048,2048,2048,8,3,2097152,36,0,463.424,0.000,0.000,0.000,PASS,0
PHASEB_formal_comm_C2_RING_SIMPLE_CH8_N2048_q8_rep3,1,4,1,sm_89,COMM_ONLY,NCCL,C2_RING_SIMPLE_CH8,2048,2048,2048,8,4,2097152,36,0,573.408,0.000,0.000,0.000,PASS,0
PHASEB_formal_comm_C2_RING_SIMPLE_CH8_N2048_q8_rep3,1,4,1,sm_89,COMM_ONLY,NCCL,C2_RING_SIMPLE_CH8,2048,2048,2048,8,5,2097152,36,0,683.936,0.000,0.000,0.000,PASS,0
PHASEB_formal_comm_C2_RING_SIMPLE_CH8_N2048_q8_rep3,1,4,1,sm_89,COMM_ONLY,NCCL,C2_RING_SIMPLE_CH8,2048,2048,2048,8,6,2097152,36,0,794.976,0.000,0.000,0.000,PASS,0
PHASEB_formal_comm_C2_RING_SIMPLE_CH8_N2048_q8_rep3,1,4,1,sm_89,COMM_ONLY,NCCL,C2_RING_SIMPLE_CH8,2048,2048,2048,8,7,2097152,36,0,904.416,0.000,0.000,0.000,PASS,0
PHASEB_formal_comm_C2_RING_SIMPLE_CH8_N2048_q8_rep3,1,4,1,sm_89,COMM_ONLY,NCCL,C2_RING_SIMPLE_CH8,2048,2048,2048,8,0,2097152,37,0,137.696,0.000,0.000,0.000,PASS,0
PHASEB_formal_comm_C2_RING_SIMPLE_CH8_N2048_q8_rep3,1,4,1,sm_89,COMM_ONLY,NCCL,C2_RING_SIMPLE_CH8,2048,2048,2048,8,1,2097152,37,0,246.464,0.000,0.000,0.000,PASS,0
PHASEB_formal_comm_C2_RING_SIMPLE_CH8_N2048_q8_rep3,1,4,1,sm_89,COMM_ONLY,NCCL,C2_RING_SIMPLE_CH8,2048,2048,2048,8,2,2097152,37,0,353.952,0.000,0.000,0.000,PASS,0
PHASEB_formal_comm_C2_RING_SIMPLE_CH8_N2048_q8_rep3,1,4,1,sm_89,COMM_ONLY,NCCL,C2_RING_SIMPLE_CH8,2048,2048,2048,8,3,2097152,37,0,463.744,0.000,0.000,0.000,PASS,0
PHASEB_formal_comm_C2_RING_SIMPLE_CH8_N2048_q8_rep3,1,4,1,sm_89,COMM_ONLY,NCCL,C2_RING_SIMPLE_CH8,2048,2048,2048,8,4,2097152,37,0,576.288,0.000,0.000,0.000,PASS,0
PHASEB_formal_comm_C2_RING_SIMPLE_CH8_N2048_q8_rep3,1,4,1,sm_89,COMM_ONLY,NCCL,C2_RING_SIMPLE_CH8,2048,2048,2048,8,5,2097152,37,0,687.360,0.000,0.000,0.000,PASS,0
PHASEB_formal_comm_C2_RING_SIMPLE_CH8_N2048_q8_rep3,1,4,1,sm_89,COMM_ONLY,NCCL,C2_RING_SIMPLE_CH8,2048,2048,2048,8,6,2097152,37,0,796.864,0.000,0.000,0.000,PASS,0
PHASEB_formal_comm_C2_RING_SIMPLE_CH8_N2048_q8_rep3,1,4,1,sm_89,COMM_ONLY,NCCL,C2_RING_SIMPLE_CH8,2048,2048,2048,8,7,2097152,37,0,906.592,0.000,0.000,0.000,PASS,0
PHASEB_formal_comm_C2_RING_SIMPLE_CH8_N2048_q8_rep3,1,4,1,sm_89,COMM_ONLY,NCCL,C2_RING_SIMPLE_CH8,2048,2048,2048,8,0,2097152,38,0,145.344,0.000,0.000,0.000,PASS,0
PHASEB_formal_comm_C2_RING_SIMPLE_CH8_N2048_q8_rep3,1,4,1,sm_89,COMM_ONLY,NCCL,C2_RING_SIMPLE_CH8,2048,2048,2048,8,1,2097152,38,0,253.056,0.000,0.000,0.000,PASS,0
PHASEB_formal_comm_C2_RING_SIMPLE_CH8_N2048_q8_rep3,1,4,1,sm_89,COMM_ONLY,NCCL,C2_RING_SIMPLE_CH8,2048,2048,2048,8,2,2097152,38,0,360.864,0.000,0.000,0.000,PASS,0
PHASEB_formal_comm_C2_RING_SIMPLE_CH8_N2048_q8_rep3,1,4,1,sm_89,COMM_ONLY,NCCL,C2_RING_SIMPLE_CH8,2048,2048,2048,8,3,2097152,38,0,470.304,0.000,0.000,0.000,PASS,0
PHASEB_formal_comm_C2_RING_SIMPLE_CH8_N2048_q8_rep3,1,4,1,sm_89,COMM_ONLY,NCCL,C2_RING_SIMPLE_CH8,2048,2048,2048,8,4,2097152,38,0,579.776,0.000,0.000,0.000,PASS,0
PHASEB_formal_comm_C2_RING_SIMPLE_CH8_N2048_q8_rep3,1,4,1,sm_89,COMM_ONLY,NCCL,C2_RING_SIMPLE_CH8,2048,2048,2048,8,5,2097152,38,0,689.152,0.000,0.000,0.000,PASS,0
PHASEB_formal_comm_C2_RING_SIMPLE_CH8_N2048_q8_rep3,1,4,1,sm_89,COMM_ONLY,NCCL,C2_RING_SIMPLE_CH8,2048,2048,2048,8,6,2097152,38,0,799.488,0.000,0.000,0.000,PASS,0
PHASEB_formal_comm_C2_RING_SIMPLE_CH8_N2048_q8_rep3,1,4,1,sm_89,COMM_ONLY,NCCL,C2_RING_SIMPLE_CH8,2048,2048,2048,8,7,2097152,38,0,910.144,0.000,0.000,0.000,PASS,0
PHASEB_formal_comm_C2_RING_SIMPLE_CH8_N2048_q8_rep3,1,4,1,sm_89,COMM_ONLY,NCCL,C2_RING_SIMPLE_CH8,2048,2048,2048,8,0,2097152,39,0,144.736,0.000,0.000,0.000,PASS,0
PHASEB_formal_comm_C2_RING_SIMPLE_CH8_N2048_q8_rep3,1,4,1,sm_89,COMM_ONLY,NCCL,C2_RING_SIMPLE_CH8,2048,2048,2048,8,1,2097152,39,0,254.464,0.000,0.000,0.000,PASS,0
PHASEB_formal_comm_C2_RING_SIMPLE_CH8_N2048_q8_rep3,1,4,1,sm_89,COMM_ONLY,NCCL,C2_RING_SIMPLE_CH8,2048,2048,2048,8,2,2097152,39,0,363.072,0.000,0.000,0.000,PASS,0
PHASEB_formal_comm_C2_RING_SIMPLE_CH8_N2048_q8_rep3,1,4,1,sm_89,COMM_ONLY,NCCL,C2_RING_SIMPLE_CH8,2048,2048,2048,8,3,2097152,39,0,472.576,0.000,0.000,0.000,PASS,0
PHASEB_formal_comm_C2_RING_SIMPLE_CH8_N2048_q8_rep3,1,4,1,sm_89,COMM_ONLY,NCCL,C2_RING_SIMPLE_CH8,2048,2048,2048,8,4,2097152,39,0,594.560,0.000,0.000,0.000,PASS,0
PHASEB_formal_comm_C2_RING_SIMPLE_CH8_N2048_q8_rep3,1,4,1,sm_89,COMM_ONLY,NCCL,C2_RING_SIMPLE_CH8,2048,2048,2048,8,5,2097152,39,0,704.736,0.000,0.000,0.000,PASS,0
PHASEB_formal_comm_C2_RING_SIMPLE_CH8_N2048_q8_rep3,1,4,1,sm_89,COMM_ONLY,NCCL,C2_RING_SIMPLE_CH8,2048,2048,2048,8,6,2097152,39,0,813.952,0.000,0.000,0.000,PASS,0
PHASEB_formal_comm_C2_RING_SIMPLE_CH8_N2048_q8_rep3,1,4,1,sm_89,COMM_ONLY,NCCL,C2_RING_SIMPLE_CH8,2048,2048,2048,8,7,2097152,39,0,924.224,0.000,0.000,0.000,PASS,0
PHASEB_formal_comm_C2_RING_SIMPLE_CH8_N2048_q8_rep3,1,4,1,sm_89,COMM_ONLY,NCCL,C2_RING_SIMPLE_CH8,2048,2048,2048,8,0,2097152,40,0,137.888,0.000,0.000,0.000,PASS,0
PHASEB_formal_comm_C2_RING_SIMPLE_CH8_N2048_q8_rep3,1,4,1,sm_89,COMM_ONLY,NCCL,C2_RING_SIMPLE_CH8,2048,2048,2048,8,1,2097152,40,0,246.912,0.000,0.000,0.000,PASS,0
PHASEB_formal_comm_C2_RING_SIMPLE_CH8_N2048_q8_rep3,1,4,1,sm_89,COMM_ONLY,NCCL,C2_RING_SIMPLE_CH8,2048,2048,2048,8,2,2097152,40,0,354.880,0.000,0.000,0.000,PASS,0
PHASEB_formal_comm_C2_RING_SIMPLE_CH8_N2048_q8_rep3,1,4,1,sm_89,COMM_ONLY,NCCL,C2_RING_SIMPLE_CH8,2048,2048,2048,8,3,2097152,40,0,463.968,0.000,0.000,0.000,PASS,0
PHASEB_formal_comm_C2_RING_SIMPLE_CH8_N2048_q8_rep3,1,4,1,sm_89,COMM_ONLY,NCCL,C2_RING_SIMPLE_CH8,2048,2048,2048,8,4,2097152,40,0,581.632,0.000,0.000,0.000,PASS,0
PHASEB_formal_comm_C2_RING_SIMPLE_CH8_N2048_q8_rep3,1,4,1,sm_89,COMM_ONLY,NCCL,C2_RING_SIMPLE_CH8,2048,2048,2048,8,5,2097152,40,0,691.744,0.000,0.000,0.000,PASS,0
PHASEB_formal_comm_C2_RING_SIMPLE_CH8_N2048_q8_rep3,1,4,1,sm_89,COMM_ONLY,NCCL,C2_RING_SIMPLE_CH8,2048,2048,2048,8,6,2097152,40,0,803.104,0.000,0.000,0.000,PASS,0
PHASEB_formal_comm_C2_RING_SIMPLE_CH8_N2048_q8_rep3,1,4,1,sm_89,COMM_ONLY,NCCL,C2_RING_SIMPLE_CH8,2048,2048,2048,8,7,2097152,40,0,914.816,0.000,0.000,0.000,PASS,0
PHASEB_formal_comm_C2_RING_SIMPLE_CH8_N2048_q8_rep3,1,4,1,sm_89,COMM_ONLY,NCCL,C2_RING_SIMPLE_CH8,2048,2048,2048,8,0,2097152,41,0,138.048,0.000,0.000,0.000,PASS,0
PHASEB_formal_comm_C2_RING_SIMPLE_CH8_N2048_q8_rep3,1,4,1,sm_89,COMM_ONLY,NCCL,C2_RING_SIMPLE_CH8,2048,2048,2048,8,1,2097152,41,0,247.296,0.000,0.000,0.000,PASS,0
PHASEB_formal_comm_C2_RING_SIMPLE_CH8_N2048_q8_rep3,1,4,1,sm_89,COMM_ONLY,NCCL,C2_RING_SIMPLE_CH8,2048,2048,2048,8,2,2097152,41,0,355.840,0.000,0.000,0.000,PASS,0
PHASEB_formal_comm_C2_RING_SIMPLE_CH8_N2048_q8_rep3,1,4,1,sm_89,COMM_ONLY,NCCL,C2_RING_SIMPLE_CH8,2048,2048,2048,8,3,2097152,41,0,464.160,0.000,0.000,0.000,PASS,0
PHASEB_formal_comm_C2_RING_SIMPLE_CH8_N2048_q8_rep3,1,4,1,sm_89,COMM_ONLY,NCCL,C2_RING_SIMPLE_CH8,2048,2048,2048,8,4,2097152,41,0,574.976,0.000,0.000,0.000,PASS,0
PHASEB_formal_comm_C2_RING_SIMPLE_CH8_N2048_q8_rep3,1,4,1,sm_89,COMM_ONLY,NCCL,C2_RING_SIMPLE_CH8,2048,2048,2048,8,5,2097152,41,0,685.344,0.000,0.000,0.000,PASS,0
PHASEB_formal_comm_C2_RING_SIMPLE_CH8_N2048_q8_rep3,1,4,1,sm_89,COMM_ONLY,NCCL,C2_RING_SIMPLE_CH8,2048,2048,2048,8,6,2097152,41,0,795.648,0.000,0.000,0.000,PASS,0
PHASEB_formal_comm_C2_RING_SIMPLE_CH8_N2048_q8_rep3,1,4,1,sm_89,COMM_ONLY,NCCL,C2_RING_SIMPLE_CH8,2048,2048,2048,8,7,2097152,41,0,905.952,0.000,0.000,0.000,PASS,0
PHASEB_formal_comm_C2_RING_SIMPLE_CH8_N2048_q8_rep3,1,4,1,sm_89,COMM_ONLY,NCCL,C2_RING_SIMPLE_CH8,2048,2048,2048,8,0,2097152,42,0,138.496,0.000,0.000,0.000,PASS,0
PHASEB_formal_comm_C2_RING_SIMPLE_CH8_N2048_q8_rep3,1,4,1,sm_89,COMM_ONLY,NCCL,C2_RING_SIMPLE_CH8,2048,2048,2048,8,1,2097152,42,0,246.784,0.000,0.000,0.000,PASS,0
PHASEB_formal_comm_C2_RING_SIMPLE_CH8_N2048_q8_rep3,1,4,1,sm_89,COMM_ONLY,NCCL,C2_RING_SIMPLE_CH8,2048,2048,2048,8,2,2097152,42,0,354.240,0.000,0.000,0.000,PASS,0
PHASEB_formal_comm_C2_RING_SIMPLE_CH8_N2048_q8_rep3,1,4,1,sm_89,COMM_ONLY,NCCL,C2_RING_SIMPLE_CH8,2048,2048,2048,8,3,2097152,42,0,465.440,0.000,0.000,0.000,PASS,0
PHASEB_formal_comm_C2_RING_SIMPLE_CH8_N2048_q8_rep3,1,4,1,sm_89,COMM_ONLY,NCCL,C2_RING_SIMPLE_CH8,2048,2048,2048,8,4,2097152,42,0,575.520,0.000,0.000,0.000,PASS,0
PHASEB_formal_comm_C2_RING_SIMPLE_CH8_N2048_q8_rep3,1,4,1,sm_89,COMM_ONLY,NCCL,C2_RING_SIMPLE_CH8,2048,2048,2048,8,5,2097152,42,0,683.392,0.000,0.000,0.000,PASS,0
PHASEB_formal_comm_C2_RING_SIMPLE_CH8_N2048_q8_rep3,1,4,1,sm_89,COMM_ONLY,NCCL,C2_RING_SIMPLE_CH8,2048,2048,2048,8,6,2097152,42,0,792.928,0.000,0.000,0.000,PASS,0
PHASEB_formal_comm_C2_RING_SIMPLE_CH8_N2048_q8_rep3,1,4,1,sm_89,COMM_ONLY,NCCL,C2_RING_SIMPLE_CH8,2048,2048,2048,8,7,2097152,42,0,903.776,0.000,0.000,0.000,PASS,0
PHASEB_formal_comm_C2_RING_SIMPLE_CH8_N2048_q8_rep3,1,4,1,sm_89,COMM_ONLY,NCCL,C2_RING_SIMPLE_CH8,2048,2048,2048,8,0,2097152,43,0,138.368,0.000,0.000,0.000,PASS,0
PHASEB_formal_comm_C2_RING_SIMPLE_CH8_N2048_q8_rep3,1,4,1,sm_89,COMM_ONLY,NCCL,C2_RING_SIMPLE_CH8,2048,2048,2048,8,1,2097152,43,0,247.104,0.000,0.000,0.000,PASS,0
PHASEB_formal_comm_C2_RING_SIMPLE_CH8_N2048_q8_rep3,1,4,1,sm_89,COMM_ONLY,NCCL,C2_RING_SIMPLE_CH8,2048,2048,2048,8,2,2097152,43,0,355.776,0.000,0.000,0.000,PASS,0
PHASEB_formal_comm_C2_RING_SIMPLE_CH8_N2048_q8_rep3,1,4,1,sm_89,COMM_ONLY,NCCL,C2_RING_SIMPLE_CH8,2048,2048,2048,8,3,2097152,43,0,464.640,0.000,0.000,0.000,PASS,0
PHASEB_formal_comm_C2_RING_SIMPLE_CH8_N2048_q8_rep3,1,4,1,sm_89,COMM_ONLY,NCCL,C2_RING_SIMPLE_CH8,2048,2048,2048,8,4,2097152,43,0,573.696,0.000,0.000,0.000,PASS,0
PHASEB_formal_comm_C2_RING_SIMPLE_CH8_N2048_q8_rep3,1,4,1,sm_89,COMM_ONLY,NCCL,C2_RING_SIMPLE_CH8,2048,2048,2048,8,5,2097152,43,0,683.680,0.000,0.000,0.000,PASS,0
PHASEB_formal_comm_C2_RING_SIMPLE_CH8_N2048_q8_rep3,1,4,1,sm_89,COMM_ONLY,NCCL,C2_RING_SIMPLE_CH8,2048,2048,2048,8,6,2097152,43,0,794.272,0.000,0.000,0.000,PASS,0
PHASEB_formal_comm_C2_RING_SIMPLE_CH8_N2048_q8_rep3,1,4,1,sm_89,COMM_ONLY,NCCL,C2_RING_SIMPLE_CH8,2048,2048,2048,8,7,2097152,43,0,905.120,0.000,0.000,0.000,PASS,0
PHASEB_formal_comm_C2_RING_SIMPLE_CH8_N2048_q8_rep3,1,4,1,sm_89,COMM_ONLY,NCCL,C2_RING_SIMPLE_CH8,2048,2048,2048,8,0,2097152,44,0,138.240,0.000,0.000,0.000,PASS,0
PHASEB_formal_comm_C2_RING_SIMPLE_CH8_N2048_q8_rep3,1,4,1,sm_89,COMM_ONLY,NCCL,C2_RING_SIMPLE_CH8,2048,2048,2048,8,1,2097152,44,0,245.632,0.000,0.000,0.000,PASS,0
PHASEB_formal_comm_C2_RING_SIMPLE_CH8_N2048_q8_rep3,1,4,1,sm_89,COMM_ONLY,NCCL,C2_RING_SIMPLE_CH8,2048,2048,2048,8,2,2097152,44,0,353.408,0.000,0.000,0.000,PASS,0
PHASEB_formal_comm_C2_RING_SIMPLE_CH8_N2048_q8_rep3,1,4,1,sm_89,COMM_ONLY,NCCL,C2_RING_SIMPLE_CH8,2048,2048,2048,8,3,2097152,44,0,464.128,0.000,0.000,0.000,PASS,0
PHASEB_formal_comm_C2_RING_SIMPLE_CH8_N2048_q8_rep3,1,4,1,sm_89,COMM_ONLY,NCCL,C2_RING_SIMPLE_CH8,2048,2048,2048,8,4,2097152,44,0,573.536,0.000,0.000,0.000,PASS,0
PHASEB_formal_comm_C2_RING_SIMPLE_CH8_N2048_q8_rep3,1,4,1,sm_89,COMM_ONLY,NCCL,C2_RING_SIMPLE_CH8,2048,2048,2048,8,5,2097152,44,0,682.784,0.000,0.000,0.000,PASS,0
PHASEB_formal_comm_C2_RING_SIMPLE_CH8_N2048_q8_rep3,1,4,1,sm_89,COMM_ONLY,NCCL,C2_RING_SIMPLE_CH8,2048,2048,2048,8,6,2097152,44,0,793.248,0.000,0.000,0.000,PASS,0
PHASEB_formal_comm_C2_RING_SIMPLE_CH8_N2048_q8_rep3,1,4,1,sm_89,COMM_ONLY,NCCL,C2_RING_SIMPLE_CH8,2048,2048,2048,8,7,2097152,44,0,903.936,0.000,0.000,0.000,PASS,0
PHASEB_formal_comm_C2_RING_SIMPLE_CH8_N2048_q8_rep3,1,4,1,sm_89,COMM_ONLY,NCCL,C2_RING_SIMPLE_CH8,2048,2048,2048,8,0,2097152,45,0,139.296,0.000,0.000,0.000,PASS,0
PHASEB_formal_comm_C2_RING_SIMPLE_CH8_N2048_q8_rep3,1,4,1,sm_89,COMM_ONLY,NCCL,C2_RING_SIMPLE_CH8,2048,2048,2048,8,1,2097152,45,0,247.488,0.000,0.000,0.000,PASS,0
PHASEB_formal_comm_C2_RING_SIMPLE_CH8_N2048_q8_rep3,1,4,1,sm_89,COMM_ONLY,NCCL,C2_RING_SIMPLE_CH8,2048,2048,2048,8,2,2097152,45,0,354.752,0.000,0.000,0.000,PASS,0
PHASEB_formal_comm_C2_RING_SIMPLE_CH8_N2048_q8_rep3,1,4,1,sm_89,COMM_ONLY,NCCL,C2_RING_SIMPLE_CH8,2048,2048,2048,8,3,2097152,45,0,473.696,0.000,0.000,0.000,PASS,0
PHASEB_formal_comm_C2_RING_SIMPLE_CH8_N2048_q8_rep3,1,4,1,sm_89,COMM_ONLY,NCCL,C2_RING_SIMPLE_CH8,2048,2048,2048,8,4,2097152,45,0,584.736,0.000,0.000,0.000,PASS,0
PHASEB_formal_comm_C2_RING_SIMPLE_CH8_N2048_q8_rep3,1,4,1,sm_89,COMM_ONLY,NCCL,C2_RING_SIMPLE_CH8,2048,2048,2048,8,5,2097152,45,0,695.616,0.000,0.000,0.000,PASS,0
PHASEB_formal_comm_C2_RING_SIMPLE_CH8_N2048_q8_rep3,1,4,1,sm_89,COMM_ONLY,NCCL,C2_RING_SIMPLE_CH8,2048,2048,2048,8,6,2097152,45,0,806.528,0.000,0.000,0.000,PASS,0
PHASEB_formal_comm_C2_RING_SIMPLE_CH8_N2048_q8_rep3,1,4,1,sm_89,COMM_ONLY,NCCL,C2_RING_SIMPLE_CH8,2048,2048,2048,8,7,2097152,45,0,917.664,0.000,0.000,0.000,PASS,0
PHASEB_formal_comm_C2_RING_SIMPLE_CH8_N2048_q8_rep3,1,4,1,sm_89,COMM_ONLY,NCCL,C2_RING_SIMPLE_CH8,2048,2048,2048,8,0,2097152,46,0,137.216,0.000,0.000,0.000,PASS,0
PHASEB_formal_comm_C2_RING_SIMPLE_CH8_N2048_q8_rep3,1,4,1,sm_89,COMM_ONLY,NCCL,C2_RING_SIMPLE_CH8,2048,2048,2048,8,1,2097152,46,0,245.280,0.000,0.000,0.000,PASS,0
PHASEB_formal_comm_C2_RING_SIMPLE_CH8_N2048_q8_rep3,1,4,1,sm_89,COMM_ONLY,NCCL,C2_RING_SIMPLE_CH8,2048,2048,2048,8,2,2097152,46,0,355.008,0.000,0.000,0.000,PASS,0
PHASEB_formal_comm_C2_RING_SIMPLE_CH8_N2048_q8_rep3,1,4,1,sm_89,COMM_ONLY,NCCL,C2_RING_SIMPLE_CH8,2048,2048,2048,8,3,2097152,46,0,464.896,0.000,0.000,0.000,PASS,0
PHASEB_formal_comm_C2_RING_SIMPLE_CH8_N2048_q8_rep3,1,4,1,sm_89,COMM_ONLY,NCCL,C2_RING_SIMPLE_CH8,2048,2048,2048,8,4,2097152,46,0,574.528,0.000,0.000,0.000,PASS,0
PHASEB_formal_comm_C2_RING_SIMPLE_CH8_N2048_q8_rep3,1,4,1,sm_89,COMM_ONLY,NCCL,C2_RING_SIMPLE_CH8,2048,2048,2048,8,5,2097152,46,0,683.840,0.000,0.000,0.000,PASS,0
PHASEB_formal_comm_C2_RING_SIMPLE_CH8_N2048_q8_rep3,1,4,1,sm_89,COMM_ONLY,NCCL,C2_RING_SIMPLE_CH8,2048,2048,2048,8,6,2097152,46,0,794.528,0.000,0.000,0.000,PASS,0
PHASEB_formal_comm_C2_RING_SIMPLE_CH8_N2048_q8_rep3,1,4,1,sm_89,COMM_ONLY,NCCL,C2_RING_SIMPLE_CH8,2048,2048,2048,8,7,2097152,46,0,905.216,0.000,0.000,0.000,PASS,0
PHASEB_formal_comm_C2_RING_SIMPLE_CH8_N2048_q8_rep3,1,4,1,sm_89,COMM_ONLY,NCCL,C2_RING_SIMPLE_CH8,2048,2048,2048,8,0,2097152,47,0,137.760,0.000,0.000,0.000,PASS,0
PHASEB_formal_comm_C2_RING_SIMPLE_CH8_N2048_q8_rep3,1,4,1,sm_89,COMM_ONLY,NCCL,C2_RING_SIMPLE_CH8,2048,2048,2048,8,1,2097152,47,0,247.008,0.000,0.000,0.000,PASS,0
PHASEB_formal_comm_C2_RING_SIMPLE_CH8_N2048_q8_rep3,1,4,1,sm_89,COMM_ONLY,NCCL,C2_RING_SIMPLE_CH8,2048,2048,2048,8,2,2097152,47,0,354.816,0.000,0.000,0.000,PASS,0
PHASEB_formal_comm_C2_RING_SIMPLE_CH8_N2048_q8_rep3,1,4,1,sm_89,COMM_ONLY,NCCL,C2_RING_SIMPLE_CH8,2048,2048,2048,8,3,2097152,47,0,464.128,0.000,0.000,0.000,PASS,0
PHASEB_formal_comm_C2_RING_SIMPLE_CH8_N2048_q8_rep3,1,4,1,sm_89,COMM_ONLY,NCCL,C2_RING_SIMPLE_CH8,2048,2048,2048,8,4,2097152,47,0,573.472,0.000,0.000,0.000,PASS,0
PHASEB_formal_comm_C2_RING_SIMPLE_CH8_N2048_q8_rep3,1,4,1,sm_89,COMM_ONLY,NCCL,C2_RING_SIMPLE_CH8,2048,2048,2048,8,5,2097152,47,0,682.816,0.000,0.000,0.000,PASS,0
PHASEB_formal_comm_C2_RING_SIMPLE_CH8_N2048_q8_rep3,1,4,1,sm_89,COMM_ONLY,NCCL,C2_RING_SIMPLE_CH8,2048,2048,2048,8,6,2097152,47,0,792.800,0.000,0.000,0.000,PASS,0
PHASEB_formal_comm_C2_RING_SIMPLE_CH8_N2048_q8_rep3,1,4,1,sm_89,COMM_ONLY,NCCL,C2_RING_SIMPLE_CH8,2048,2048,2048,8,7,2097152,47,0,902.912,0.000,0.000,0.000,PASS,0
PHASEB_formal_comm_C2_RING_SIMPLE_CH8_N2048_q8_rep3,1,4,1,sm_89,COMM_ONLY,NCCL,C2_RING_SIMPLE_CH8,2048,2048,2048,8,0,2097152,48,0,141.536,0.000,0.000,0.000,PASS,0
PHASEB_formal_comm_C2_RING_SIMPLE_CH8_N2048_q8_rep3,1,4,1,sm_89,COMM_ONLY,NCCL,C2_RING_SIMPLE_CH8,2048,2048,2048,8,1,2097152,48,0,248.928,0.000,0.000,0.000,PASS,0
PHASEB_formal_comm_C2_RING_SIMPLE_CH8_N2048_q8_rep3,1,4,1,sm_89,COMM_ONLY,NCCL,C2_RING_SIMPLE_CH8,2048,2048,2048,8,2,2097152,48,0,358.912,0.000,0.000,0.000,PASS,0
PHASEB_formal_comm_C2_RING_SIMPLE_CH8_N2048_q8_rep3,1,4,1,sm_89,COMM_ONLY,NCCL,C2_RING_SIMPLE_CH8,2048,2048,2048,8,3,2097152,48,0,481.408,0.000,0.000,0.000,PASS,0
PHASEB_formal_comm_C2_RING_SIMPLE_CH8_N2048_q8_rep3,1,4,1,sm_89,COMM_ONLY,NCCL,C2_RING_SIMPLE_CH8,2048,2048,2048,8,4,2097152,48,0,599.456,0.000,0.000,0.000,PASS,0
PHASEB_formal_comm_C2_RING_SIMPLE_CH8_N2048_q8_rep3,1,4,1,sm_89,COMM_ONLY,NCCL,C2_RING_SIMPLE_CH8,2048,2048,2048,8,5,2097152,48,0,707.584,0.000,0.000,0.000,PASS,0
PHASEB_formal_comm_C2_RING_SIMPLE_CH8_N2048_q8_rep3,1,4,1,sm_89,COMM_ONLY,NCCL,C2_RING_SIMPLE_CH8,2048,2048,2048,8,6,2097152,48,0,824.672,0.000,0.000,0.000,PASS,0
PHASEB_formal_comm_C2_RING_SIMPLE_CH8_N2048_q8_rep3,1,4,1,sm_89,COMM_ONLY,NCCL,C2_RING_SIMPLE_CH8,2048,2048,2048,8,7,2097152,48,0,935.040,0.000,0.000,0.000,PASS,0
PHASEB_formal_comm_C2_RING_SIMPLE_CH8_N2048_q8_rep3,1,4,1,sm_89,COMM_ONLY,NCCL,C2_RING_SIMPLE_CH8,2048,2048,2048,8,0,2097152,49,0,139.840,0.000,0.000,0.000,PASS,0
PHASEB_formal_comm_C2_RING_SIMPLE_CH8_N2048_q8_rep3,1,4,1,sm_89,COMM_ONLY,NCCL,C2_RING_SIMPLE_CH8,2048,2048,2048,8,1,2097152,49,0,248.640,0.000,0.000,0.000,PASS,0
PHASEB_formal_comm_C2_RING_SIMPLE_CH8_N2048_q8_rep3,1,4,1,sm_89,COMM_ONLY,NCCL,C2_RING_SIMPLE_CH8,2048,2048,2048,8,2,2097152,49,0,357.024,0.000,0.000,0.000,PASS,0
PHASEB_formal_comm_C2_RING_SIMPLE_CH8_N2048_q8_rep3,1,4,1,sm_89,COMM_ONLY,NCCL,C2_RING_SIMPLE_CH8,2048,2048,2048,8,3,2097152,49,0,480.800,0.000,0.000,0.000,PASS,0
PHASEB_formal_comm_C2_RING_SIMPLE_CH8_N2048_q8_rep3,1,4,1,sm_89,COMM_ONLY,NCCL,C2_RING_SIMPLE_CH8,2048,2048,2048,8,4,2097152,49,0,589.568,0.000,0.000,0.000,PASS,0
PHASEB_formal_comm_C2_RING_SIMPLE_CH8_N2048_q8_rep3,1,4,1,sm_89,COMM_ONLY,NCCL,C2_RING_SIMPLE_CH8,2048,2048,2048,8,5,2097152,49,0,699.968,0.000,0.000,0.000,PASS,0
PHASEB_formal_comm_C2_RING_SIMPLE_CH8_N2048_q8_rep3,1,4,1,sm_89,COMM_ONLY,NCCL,C2_RING_SIMPLE_CH8,2048,2048,2048,8,6,2097152,49,0,817.728,0.000,0.000,0.000,PASS,0
PHASEB_formal_comm_C2_RING_SIMPLE_CH8_N2048_q8_rep3,1,4,1,sm_89,COMM_ONLY,NCCL,C2_RING_SIMPLE_CH8,2048,2048,2048,8,7,2097152,49,0,927.744,0.000,0.000,0.000,PASS,0
PHASEB_formal_comm_C2_RING_SIMPLE_CH8_N2048_q8_rep3,1,4,1,sm_89,COMM_ONLY,NCCL,C2_RING_SIMPLE_CH8,2048,2048,2048,8,0,2097152,50,0,137.600,0.000,0.000,0.000,PASS,0
PHASEB_formal_comm_C2_RING_SIMPLE_CH8_N2048_q8_rep3,1,4,1,sm_89,COMM_ONLY,NCCL,C2_RING_SIMPLE_CH8,2048,2048,2048,8,1,2097152,50,0,247.008,0.000,0.000,0.000,PASS,0
PHASEB_formal_comm_C2_RING_SIMPLE_CH8_N2048_q8_rep3,1,4,1,sm_89,COMM_ONLY,NCCL,C2_RING_SIMPLE_CH8,2048,2048,2048,8,2,2097152,50,0,355.648,0.000,0.000,0.000,PASS,0
PHASEB_formal_comm_C2_RING_SIMPLE_CH8_N2048_q8_rep3,1,4,1,sm_89,COMM_ONLY,NCCL,C2_RING_SIMPLE_CH8,2048,2048,2048,8,3,2097152,50,0,463.808,0.000,0.000,0.000,PASS,0
PHASEB_formal_comm_C2_RING_SIMPLE_CH8_N2048_q8_rep3,1,4,1,sm_89,COMM_ONLY,NCCL,C2_RING_SIMPLE_CH8,2048,2048,2048,8,4,2097152,50,0,572.928,0.000,0.000,0.000,PASS,0
PHASEB_formal_comm_C2_RING_SIMPLE_CH8_N2048_q8_rep3,1,4,1,sm_89,COMM_ONLY,NCCL,C2_RING_SIMPLE_CH8,2048,2048,2048,8,5,2097152,50,0,683.584,0.000,0.000,0.000,PASS,0
PHASEB_formal_comm_C2_RING_SIMPLE_CH8_N2048_q8_rep3,1,4,1,sm_89,COMM_ONLY,NCCL,C2_RING_SIMPLE_CH8,2048,2048,2048,8,6,2097152,50,0,793.888,0.000,0.000,0.000,PASS,0
PHASEB_formal_comm_C2_RING_SIMPLE_CH8_N2048_q8_rep3,1,4,1,sm_89,COMM_ONLY,NCCL,C2_RING_SIMPLE_CH8,2048,2048,2048,8,7,2097152,50,0,920.544,0.000,0.000,0.000,PASS,0
PHASEB_formal_comm_C2_RING_SIMPLE_CH8_N2048_q8_rep3,1,4,1,sm_89,COMM_ONLY,NCCL,C2_RING_SIMPLE_CH8,2048,2048,2048,8,0,2097152,51,0,148.288,0.000,0.000,0.000,PASS,0
PHASEB_formal_comm_C2_RING_SIMPLE_CH8_N2048_q8_rep3,1,4,1,sm_89,COMM_ONLY,NCCL,C2_RING_SIMPLE_CH8,2048,2048,2048,8,1,2097152,51,0,258.464,0.000,0.000,0.000,PASS,0
PHASEB_formal_comm_C2_RING_SIMPLE_CH8_N2048_q8_rep3,1,4,1,sm_89,COMM_ONLY,NCCL,C2_RING_SIMPLE_CH8,2048,2048,2048,8,2,2097152,51,0,368.000,0.000,0.000,0.000,PASS,0
PHASEB_formal_comm_C2_RING_SIMPLE_CH8_N2048_q8_rep3,1,4,1,sm_89,COMM_ONLY,NCCL,C2_RING_SIMPLE_CH8,2048,2048,2048,8,3,2097152,51,0,477.056,0.000,0.000,0.000,PASS,0
PHASEB_formal_comm_C2_RING_SIMPLE_CH8_N2048_q8_rep3,1,4,1,sm_89,COMM_ONLY,NCCL,C2_RING_SIMPLE_CH8,2048,2048,2048,8,4,2097152,51,0,586.720,0.000,0.000,0.000,PASS,0
PHASEB_formal_comm_C2_RING_SIMPLE_CH8_N2048_q8_rep3,1,4,1,sm_89,COMM_ONLY,NCCL,C2_RING_SIMPLE_CH8,2048,2048,2048,8,5,2097152,51,0,696.384,0.000,0.000,0.000,PASS,0
PHASEB_formal_comm_C2_RING_SIMPLE_CH8_N2048_q8_rep3,1,4,1,sm_89,COMM_ONLY,NCCL,C2_RING_SIMPLE_CH8,2048,2048,2048,8,6,2097152,51,0,805.952,0.000,0.000,0.000,PASS,0
PHASEB_formal_comm_C2_RING_SIMPLE_CH8_N2048_q8_rep3,1,4,1,sm_89,COMM_ONLY,NCCL,C2_RING_SIMPLE_CH8,2048,2048,2048,8,7,2097152,51,0,916.928,0.000,0.000,0.000,PASS,0
PHASEB_formal_comm_C2_RING_SIMPLE_CH8_N2048_q8_rep3,1,4,1,sm_89,COMM_ONLY,NCCL,C2_RING_SIMPLE_CH8,2048,2048,2048,8,0,2097152,52,0,139.008,0.000,0.000,0.000,PASS,0
PHASEB_formal_comm_C2_RING_SIMPLE_CH8_N2048_q8_rep3,1,4,1,sm_89,COMM_ONLY,NCCL,C2_RING_SIMPLE_CH8,2048,2048,2048,8,1,2097152,52,0,247.776,0.000,0.000,0.000,PASS,0
PHASEB_formal_comm_C2_RING_SIMPLE_CH8_N2048_q8_rep3,1,4,1,sm_89,COMM_ONLY,NCCL,C2_RING_SIMPLE_CH8,2048,2048,2048,8,2,2097152,52,0,355.328,0.000,0.000,0.000,PASS,0
PHASEB_formal_comm_C2_RING_SIMPLE_CH8_N2048_q8_rep3,1,4,1,sm_89,COMM_ONLY,NCCL,C2_RING_SIMPLE_CH8,2048,2048,2048,8,3,2097152,52,0,480.160,0.000,0.000,0.000,PASS,0
PHASEB_formal_comm_C2_RING_SIMPLE_CH8_N2048_q8_rep3,1,4,1,sm_89,COMM_ONLY,NCCL,C2_RING_SIMPLE_CH8,2048,2048,2048,8,4,2097152,52,0,588.928,0.000,0.000,0.000,PASS,0
PHASEB_formal_comm_C2_RING_SIMPLE_CH8_N2048_q8_rep3,1,4,1,sm_89,COMM_ONLY,NCCL,C2_RING_SIMPLE_CH8,2048,2048,2048,8,5,2097152,52,0,699.840,0.000,0.000,0.000,PASS,0
PHASEB_formal_comm_C2_RING_SIMPLE_CH8_N2048_q8_rep3,1,4,1,sm_89,COMM_ONLY,NCCL,C2_RING_SIMPLE_CH8,2048,2048,2048,8,6,2097152,52,0,807.456,0.000,0.000,0.000,PASS,0
PHASEB_formal_comm_C2_RING_SIMPLE_CH8_N2048_q8_rep3,1,4,1,sm_89,COMM_ONLY,NCCL,C2_RING_SIMPLE_CH8,2048,2048,2048,8,7,2097152,52,0,917.248,0.000,0.000,0.000,PASS,0
PHASEB_formal_comm_C2_RING_SIMPLE_CH8_N2048_q8_rep3,1,4,1,sm_89,COMM_ONLY,NCCL,C2_RING_SIMPLE_CH8,2048,2048,2048,8,0,2097152,53,0,151.488,0.000,0.000,0.000,PASS,0
PHASEB_formal_comm_C2_RING_SIMPLE_CH8_N2048_q8_rep3,1,4,1,sm_89,COMM_ONLY,NCCL,C2_RING_SIMPLE_CH8,2048,2048,2048,8,1,2097152,53,0,261.536,0.000,0.000,0.000,PASS,0
PHASEB_formal_comm_C2_RING_SIMPLE_CH8_N2048_q8_rep3,1,4,1,sm_89,COMM_ONLY,NCCL,C2_RING_SIMPLE_CH8,2048,2048,2048,8,2,2097152,53,0,404.800,0.000,0.000,0.000,PASS,0
PHASEB_formal_comm_C2_RING_SIMPLE_CH8_N2048_q8_rep3,1,4,1,sm_89,COMM_ONLY,NCCL,C2_RING_SIMPLE_CH8,2048,2048,2048,8,3,2097152,53,0,517.056,0.000,0.000,0.000,PASS,0
PHASEB_formal_comm_C2_RING_SIMPLE_CH8_N2048_q8_rep3,1,4,1,sm_89,COMM_ONLY,NCCL,C2_RING_SIMPLE_CH8,2048,2048,2048,8,4,2097152,53,0,627.328,0.000,0.000,0.000,PASS,0
PHASEB_formal_comm_C2_RING_SIMPLE_CH8_N2048_q8_rep3,1,4,1,sm_89,COMM_ONLY,NCCL,C2_RING_SIMPLE_CH8,2048,2048,2048,8,5,2097152,53,0,737.344,0.000,0.000,0.000,PASS,0
PHASEB_formal_comm_C2_RING_SIMPLE_CH8_N2048_q8_rep3,1,4,1,sm_89,COMM_ONLY,NCCL,C2_RING_SIMPLE_CH8,2048,2048,2048,8,6,2097152,53,0,847.840,0.000,0.000,0.000,PASS,0
PHASEB_formal_comm_C2_RING_SIMPLE_CH8_N2048_q8_rep3,1,4,1,sm_89,COMM_ONLY,NCCL,C2_RING_SIMPLE_CH8,2048,2048,2048,8,7,2097152,53,0,958.784,0.000,0.000,0.000,PASS,0
PHASEB_formal_comm_C2_RING_SIMPLE_CH8_N2048_q8_rep3,1,4,1,sm_89,COMM_ONLY,NCCL,C2_RING_SIMPLE_CH8,2048,2048,2048,8,0,2097152,54,0,147.264,0.000,0.000,0.000,PASS,0
PHASEB_formal_comm_C2_RING_SIMPLE_CH8_N2048_q8_rep3,1,4,1,sm_89,COMM_ONLY,NCCL,C2_RING_SIMPLE_CH8,2048,2048,2048,8,1,2097152,54,0,255.872,0.000,0.000,0.000,PASS,0
PHASEB_formal_comm_C2_RING_SIMPLE_CH8_N2048_q8_rep3,1,4,1,sm_89,COMM_ONLY,NCCL,C2_RING_SIMPLE_CH8,2048,2048,2048,8,2,2097152,54,0,364.256,0.000,0.000,0.000,PASS,0
PHASEB_formal_comm_C2_RING_SIMPLE_CH8_N2048_q8_rep3,1,4,1,sm_89,COMM_ONLY,NCCL,C2_RING_SIMPLE_CH8,2048,2048,2048,8,3,2097152,54,0,474.176,0.000,0.000,0.000,PASS,0
PHASEB_formal_comm_C2_RING_SIMPLE_CH8_N2048_q8_rep3,1,4,1,sm_89,COMM_ONLY,NCCL,C2_RING_SIMPLE_CH8,2048,2048,2048,8,4,2097152,54,0,583.968,0.000,0.000,0.000,PASS,0
PHASEB_formal_comm_C2_RING_SIMPLE_CH8_N2048_q8_rep3,1,4,1,sm_89,COMM_ONLY,NCCL,C2_RING_SIMPLE_CH8,2048,2048,2048,8,5,2097152,54,0,692.320,0.000,0.000,0.000,PASS,0
PHASEB_formal_comm_C2_RING_SIMPLE_CH8_N2048_q8_rep3,1,4,1,sm_89,COMM_ONLY,NCCL,C2_RING_SIMPLE_CH8,2048,2048,2048,8,6,2097152,54,0,803.648,0.000,0.000,0.000,PASS,0
PHASEB_formal_comm_C2_RING_SIMPLE_CH8_N2048_q8_rep3,1,4,1,sm_89,COMM_ONLY,NCCL,C2_RING_SIMPLE_CH8,2048,2048,2048,8,7,2097152,54,0,914.496,0.000,0.000,0.000,PASS,0
PHASEB_formal_comm_C2_RING_SIMPLE_CH8_N2048_q8_rep3,1,4,1,sm_89,COMM_ONLY,NCCL,C2_RING_SIMPLE_CH8,2048,2048,2048,8,0,2097152,55,0,138.880,0.000,0.000,0.000,PASS,0
PHASEB_formal_comm_C2_RING_SIMPLE_CH8_N2048_q8_rep3,1,4,1,sm_89,COMM_ONLY,NCCL,C2_RING_SIMPLE_CH8,2048,2048,2048,8,1,2097152,55,0,247.456,0.000,0.000,0.000,PASS,0
PHASEB_formal_comm_C2_RING_SIMPLE_CH8_N2048_q8_rep3,1,4,1,sm_89,COMM_ONLY,NCCL,C2_RING_SIMPLE_CH8,2048,2048,2048,8,2,2097152,55,0,355.392,0.000,0.000,0.000,PASS,0
PHASEB_formal_comm_C2_RING_SIMPLE_CH8_N2048_q8_rep3,1,4,1,sm_89,COMM_ONLY,NCCL,C2_RING_SIMPLE_CH8,2048,2048,2048,8,3,2097152,55,0,472.256,0.000,0.000,0.000,PASS,0
PHASEB_formal_comm_C2_RING_SIMPLE_CH8_N2048_q8_rep3,1,4,1,sm_89,COMM_ONLY,NCCL,C2_RING_SIMPLE_CH8,2048,2048,2048,8,4,2097152,55,0,582.752,0.000,0.000,0.000,PASS,0
PHASEB_formal_comm_C2_RING_SIMPLE_CH8_N2048_q8_rep3,1,4,1,sm_89,COMM_ONLY,NCCL,C2_RING_SIMPLE_CH8,2048,2048,2048,8,5,2097152,55,0,692.896,0.000,0.000,0.000,PASS,0
PHASEB_formal_comm_C2_RING_SIMPLE_CH8_N2048_q8_rep3,1,4,1,sm_89,COMM_ONLY,NCCL,C2_RING_SIMPLE_CH8,2048,2048,2048,8,6,2097152,55,0,802.592,0.000,0.000,0.000,PASS,0
PHASEB_formal_comm_C2_RING_SIMPLE_CH8_N2048_q8_rep3,1,4,1,sm_89,COMM_ONLY,NCCL,C2_RING_SIMPLE_CH8,2048,2048,2048,8,7,2097152,55,0,915.232,0.000,0.000,0.000,PASS,0
PHASEB_formal_comm_C2_RING_SIMPLE_CH8_N2048_q8_rep3,1,4,1,sm_89,COMM_ONLY,NCCL,C2_RING_SIMPLE_CH8,2048,2048,2048,8,0,2097152,56,0,139.040,0.000,0.000,0.000,PASS,0
PHASEB_formal_comm_C2_RING_SIMPLE_CH8_N2048_q8_rep3,1,4,1,sm_89,COMM_ONLY,NCCL,C2_RING_SIMPLE_CH8,2048,2048,2048,8,1,2097152,56,0,248.768,0.000,0.000,0.000,PASS,0
PHASEB_formal_comm_C2_RING_SIMPLE_CH8_N2048_q8_rep3,1,4,1,sm_89,COMM_ONLY,NCCL,C2_RING_SIMPLE_CH8,2048,2048,2048,8,2,2097152,56,0,357.952,0.000,0.000,0.000,PASS,0
PHASEB_formal_comm_C2_RING_SIMPLE_CH8_N2048_q8_rep3,1,4,1,sm_89,COMM_ONLY,NCCL,C2_RING_SIMPLE_CH8,2048,2048,2048,8,3,2097152,56,0,466.496,0.000,0.000,0.000,PASS,0
PHASEB_formal_comm_C2_RING_SIMPLE_CH8_N2048_q8_rep3,1,4,1,sm_89,COMM_ONLY,NCCL,C2_RING_SIMPLE_CH8,2048,2048,2048,8,4,2097152,56,0,575.104,0.000,0.000,0.000,PASS,0
PHASEB_formal_comm_C2_RING_SIMPLE_CH8_N2048_q8_rep3,1,4,1,sm_89,COMM_ONLY,NCCL,C2_RING_SIMPLE_CH8,2048,2048,2048,8,5,2097152,56,0,684.768,0.000,0.000,0.000,PASS,0
PHASEB_formal_comm_C2_RING_SIMPLE_CH8_N2048_q8_rep3,1,4,1,sm_89,COMM_ONLY,NCCL,C2_RING_SIMPLE_CH8,2048,2048,2048,8,6,2097152,56,0,794.304,0.000,0.000,0.000,PASS,0
PHASEB_formal_comm_C2_RING_SIMPLE_CH8_N2048_q8_rep3,1,4,1,sm_89,COMM_ONLY,NCCL,C2_RING_SIMPLE_CH8,2048,2048,2048,8,7,2097152,56,0,911.392,0.000,0.000,0.000,PASS,0
PHASEB_formal_comm_C2_RING_SIMPLE_CH8_N2048_q8_rep3,1,4,1,sm_89,COMM_ONLY,NCCL,C2_RING_SIMPLE_CH8,2048,2048,2048,8,0,2097152,57,0,155.424,0.000,0.000,0.000,PASS,0
PHASEB_formal_comm_C2_RING_SIMPLE_CH8_N2048_q8_rep3,1,4,1,sm_89,COMM_ONLY,NCCL,C2_RING_SIMPLE_CH8,2048,2048,2048,8,1,2097152,57,0,294.272,0.000,0.000,0.000,PASS,0
PHASEB_formal_comm_C2_RING_SIMPLE_CH8_N2048_q8_rep3,1,4,1,sm_89,COMM_ONLY,NCCL,C2_RING_SIMPLE_CH8,2048,2048,2048,8,2,2097152,57,0,401.696,0.000,0.000,0.000,PASS,0
PHASEB_formal_comm_C2_RING_SIMPLE_CH8_N2048_q8_rep3,1,4,1,sm_89,COMM_ONLY,NCCL,C2_RING_SIMPLE_CH8,2048,2048,2048,8,3,2097152,57,0,523.008,0.000,0.000,0.000,PASS,0
PHASEB_formal_comm_C2_RING_SIMPLE_CH8_N2048_q8_rep3,1,4,1,sm_89,COMM_ONLY,NCCL,C2_RING_SIMPLE_CH8,2048,2048,2048,8,4,2097152,57,0,630.848,0.000,0.000,0.000,PASS,0
PHASEB_formal_comm_C2_RING_SIMPLE_CH8_N2048_q8_rep3,1,4,1,sm_89,COMM_ONLY,NCCL,C2_RING_SIMPLE_CH8,2048,2048,2048,8,5,2097152,57,0,761.248,0.000,0.000,0.000,PASS,0
PHASEB_formal_comm_C2_RING_SIMPLE_CH8_N2048_q8_rep3,1,4,1,sm_89,COMM_ONLY,NCCL,C2_RING_SIMPLE_CH8,2048,2048,2048,8,6,2097152,57,0,870.368,0.000,0.000,0.000,PASS,0
PHASEB_formal_comm_C2_RING_SIMPLE_CH8_N2048_q8_rep3,1,4,1,sm_89,COMM_ONLY,NCCL,C2_RING_SIMPLE_CH8,2048,2048,2048,8,7,2097152,57,0,992.224,0.000,0.000,0.000,PASS,0
PHASEB_formal_comm_C2_RING_SIMPLE_CH8_N2048_q8_rep3,1,4,1,sm_89,COMM_ONLY,NCCL,C2_RING_SIMPLE_CH8,2048,2048,2048,8,0,2097152,58,0,156.384,0.000,0.000,0.000,PASS,0
PHASEB_formal_comm_C2_RING_SIMPLE_CH8_N2048_q8_rep3,1,4,1,sm_89,COMM_ONLY,NCCL,C2_RING_SIMPLE_CH8,2048,2048,2048,8,1,2097152,58,0,264.384,0.000,0.000,0.000,PASS,0
PHASEB_formal_comm_C2_RING_SIMPLE_CH8_N2048_q8_rep3,1,4,1,sm_89,COMM_ONLY,NCCL,C2_RING_SIMPLE_CH8,2048,2048,2048,8,2,2097152,58,0,380.800,0.000,0.000,0.000,PASS,0
PHASEB_formal_comm_C2_RING_SIMPLE_CH8_N2048_q8_rep3,1,4,1,sm_89,COMM_ONLY,NCCL,C2_RING_SIMPLE_CH8,2048,2048,2048,8,3,2097152,58,0,489.504,0.000,0.000,0.000,PASS,0
PHASEB_formal_comm_C2_RING_SIMPLE_CH8_N2048_q8_rep3,1,4,1,sm_89,COMM_ONLY,NCCL,C2_RING_SIMPLE_CH8,2048,2048,2048,8,4,2097152,58,0,599.392,0.000,0.000,0.000,PASS,0
PHASEB_formal_comm_C2_RING_SIMPLE_CH8_N2048_q8_rep3,1,4,1,sm_89,COMM_ONLY,NCCL,C2_RING_SIMPLE_CH8,2048,2048,2048,8,5,2097152,58,0,707.904,0.000,0.000,0.000,PASS,0
PHASEB_formal_comm_C2_RING_SIMPLE_CH8_N2048_q8_rep3,1,4,1,sm_89,COMM_ONLY,NCCL,C2_RING_SIMPLE_CH8,2048,2048,2048,8,6,2097152,58,0,826.784,0.000,0.000,0.000,PASS,0
PHASEB_formal_comm_C2_RING_SIMPLE_CH8_N2048_q8_rep3,1,4,1,sm_89,COMM_ONLY,NCCL,C2_RING_SIMPLE_CH8,2048,2048,2048,8,7,2097152,58,0,937.440,0.000,0.000,0.000,PASS,0
PHASEB_formal_comm_C2_RING_SIMPLE_CH8_N2048_q8_rep3,1,4,1,sm_89,COMM_ONLY,NCCL,C2_RING_SIMPLE_CH8,2048,2048,2048,8,0,2097152,59,0,139.296,0.000,0.000,0.000,PASS,0
PHASEB_formal_comm_C2_RING_SIMPLE_CH8_N2048_q8_rep3,1,4,1,sm_89,COMM_ONLY,NCCL,C2_RING_SIMPLE_CH8,2048,2048,2048,8,1,2097152,59,0,247.744,0.000,0.000,0.000,PASS,0
PHASEB_formal_comm_C2_RING_SIMPLE_CH8_N2048_q8_rep3,1,4,1,sm_89,COMM_ONLY,NCCL,C2_RING_SIMPLE_CH8,2048,2048,2048,8,2,2097152,59,0,355.424,0.000,0.000,0.000,PASS,0
PHASEB_formal_comm_C2_RING_SIMPLE_CH8_N2048_q8_rep3,1,4,1,sm_89,COMM_ONLY,NCCL,C2_RING_SIMPLE_CH8,2048,2048,2048,8,3,2097152,59,0,465.312,0.000,0.000,0.000,PASS,0
PHASEB_formal_comm_C2_RING_SIMPLE_CH8_N2048_q8_rep3,1,4,1,sm_89,COMM_ONLY,NCCL,C2_RING_SIMPLE_CH8,2048,2048,2048,8,4,2097152,59,0,580.800,0.000,0.000,0.000,PASS,0
PHASEB_formal_comm_C2_RING_SIMPLE_CH8_N2048_q8_rep3,1,4,1,sm_89,COMM_ONLY,NCCL,C2_RING_SIMPLE_CH8,2048,2048,2048,8,5,2097152,59,0,707.136,0.000,0.000,0.000,PASS,0
PHASEB_formal_comm_C2_RING_SIMPLE_CH8_N2048_q8_rep3,1,4,1,sm_89,COMM_ONLY,NCCL,C2_RING_SIMPLE_CH8,2048,2048,2048,8,6,2097152,59,0,821.760,0.000,0.000,0.000,PASS,0
PHASEB_formal_comm_C2_RING_SIMPLE_CH8_N2048_q8_rep3,1,4,1,sm_89,COMM_ONLY,NCCL,C2_RING_SIMPLE_CH8,2048,2048,2048,8,7,2097152,59,0,934.048,0.000,0.000,0.000,PASS,0
PHASEB_formal_comm_C2_RING_SIMPLE_CH8_N2048_q8_rep3,1,4,1,sm_89,COMM_ONLY,NCCL,C2_RING_SIMPLE_CH8,2048,2048,2048,8,0,2097152,60,0,139.296,0.000,0.000,0.000,PASS,0
PHASEB_formal_comm_C2_RING_SIMPLE_CH8_N2048_q8_rep3,1,4,1,sm_89,COMM_ONLY,NCCL,C2_RING_SIMPLE_CH8,2048,2048,2048,8,1,2097152,60,0,248.160,0.000,0.000,0.000,PASS,0
PHASEB_formal_comm_C2_RING_SIMPLE_CH8_N2048_q8_rep3,1,4,1,sm_89,COMM_ONLY,NCCL,C2_RING_SIMPLE_CH8,2048,2048,2048,8,2,2097152,60,0,368.576,0.000,0.000,0.000,PASS,0
PHASEB_formal_comm_C2_RING_SIMPLE_CH8_N2048_q8_rep3,1,4,1,sm_89,COMM_ONLY,NCCL,C2_RING_SIMPLE_CH8,2048,2048,2048,8,3,2097152,60,0,476.288,0.000,0.000,0.000,PASS,0
PHASEB_formal_comm_C2_RING_SIMPLE_CH8_N2048_q8_rep3,1,4,1,sm_89,COMM_ONLY,NCCL,C2_RING_SIMPLE_CH8,2048,2048,2048,8,4,2097152,60,0,591.296,0.000,0.000,0.000,PASS,0
PHASEB_formal_comm_C2_RING_SIMPLE_CH8_N2048_q8_rep3,1,4,1,sm_89,COMM_ONLY,NCCL,C2_RING_SIMPLE_CH8,2048,2048,2048,8,5,2097152,60,0,716.608,0.000,0.000,0.000,PASS,0
PHASEB_formal_comm_C2_RING_SIMPLE_CH8_N2048_q8_rep3,1,4,1,sm_89,COMM_ONLY,NCCL,C2_RING_SIMPLE_CH8,2048,2048,2048,8,6,2097152,60,0,825.888,0.000,0.000,0.000,PASS,0
PHASEB_formal_comm_C2_RING_SIMPLE_CH8_N2048_q8_rep3,1,4,1,sm_89,COMM_ONLY,NCCL,C2_RING_SIMPLE_CH8,2048,2048,2048,8,7,2097152,60,0,944.672,0.000,0.000,0.000,PASS,0
PHASEB_formal_comm_C2_RING_SIMPLE_CH8_N2048_q8_rep3,1,4,1,sm_89,COMM_ONLY,NCCL,C2_RING_SIMPLE_CH8,2048,2048,2048,8,0,2097152,61,0,139.200,0.000,0.000,0.000,PASS,0
PHASEB_formal_comm_C2_RING_SIMPLE_CH8_N2048_q8_rep3,1,4,1,sm_89,COMM_ONLY,NCCL,C2_RING_SIMPLE_CH8,2048,2048,2048,8,1,2097152,61,0,246.944,0.000,0.000,0.000,PASS,0
PHASEB_formal_comm_C2_RING_SIMPLE_CH8_N2048_q8_rep3,1,4,1,sm_89,COMM_ONLY,NCCL,C2_RING_SIMPLE_CH8,2048,2048,2048,8,2,2097152,61,0,361.184,0.000,0.000,0.000,PASS,0
PHASEB_formal_comm_C2_RING_SIMPLE_CH8_N2048_q8_rep3,1,4,1,sm_89,COMM_ONLY,NCCL,C2_RING_SIMPLE_CH8,2048,2048,2048,8,3,2097152,61,0,470.976,0.000,0.000,0.000,PASS,0
PHASEB_formal_comm_C2_RING_SIMPLE_CH8_N2048_q8_rep3,1,4,1,sm_89,COMM_ONLY,NCCL,C2_RING_SIMPLE_CH8,2048,2048,2048,8,4,2097152,61,0,580.864,0.000,0.000,0.000,PASS,0
PHASEB_formal_comm_C2_RING_SIMPLE_CH8_N2048_q8_rep3,1,4,1,sm_89,COMM_ONLY,NCCL,C2_RING_SIMPLE_CH8,2048,2048,2048,8,5,2097152,61,0,691.808,0.000,0.000,0.000,PASS,0
PHASEB_formal_comm_C2_RING_SIMPLE_CH8_N2048_q8_rep3,1,4,1,sm_89,COMM_ONLY,NCCL,C2_RING_SIMPLE_CH8,2048,2048,2048,8,6,2097152,61,0,803.776,0.000,0.000,0.000,PASS,0
PHASEB_formal_comm_C2_RING_SIMPLE_CH8_N2048_q8_rep3,1,4,1,sm_89,COMM_ONLY,NCCL,C2_RING_SIMPLE_CH8,2048,2048,2048,8,7,2097152,61,0,915.104,0.000,0.000,0.000,PASS,0
PHASEB_formal_comm_C2_RING_SIMPLE_CH8_N2048_q8_rep3,1,4,1,sm_89,COMM_ONLY,NCCL,C2_RING_SIMPLE_CH8,2048,2048,2048,8,0,2097152,62,0,147.168,0.000,0.000,0.000,PASS,0
PHASEB_formal_comm_C2_RING_SIMPLE_CH8_N2048_q8_rep3,1,4,1,sm_89,COMM_ONLY,NCCL,C2_RING_SIMPLE_CH8,2048,2048,2048,8,1,2097152,62,0,254.464,0.000,0.000,0.000,PASS,0
PHASEB_formal_comm_C2_RING_SIMPLE_CH8_N2048_q8_rep3,1,4,1,sm_89,COMM_ONLY,NCCL,C2_RING_SIMPLE_CH8,2048,2048,2048,8,2,2097152,62,0,361.568,0.000,0.000,0.000,PASS,0
PHASEB_formal_comm_C2_RING_SIMPLE_CH8_N2048_q8_rep3,1,4,1,sm_89,COMM_ONLY,NCCL,C2_RING_SIMPLE_CH8,2048,2048,2048,8,3,2097152,62,0,469.952,0.000,0.000,0.000,PASS,0
PHASEB_formal_comm_C2_RING_SIMPLE_CH8_N2048_q8_rep3,1,4,1,sm_89,COMM_ONLY,NCCL,C2_RING_SIMPLE_CH8,2048,2048,2048,8,4,2097152,62,0,585.888,0.000,0.000,0.000,PASS,0
PHASEB_formal_comm_C2_RING_SIMPLE_CH8_N2048_q8_rep3,1,4,1,sm_89,COMM_ONLY,NCCL,C2_RING_SIMPLE_CH8,2048,2048,2048,8,5,2097152,62,0,694.528,0.000,0.000,0.000,PASS,0
PHASEB_formal_comm_C2_RING_SIMPLE_CH8_N2048_q8_rep3,1,4,1,sm_89,COMM_ONLY,NCCL,C2_RING_SIMPLE_CH8,2048,2048,2048,8,6,2097152,62,0,819.040,0.000,0.000,0.000,PASS,0
PHASEB_formal_comm_C2_RING_SIMPLE_CH8_N2048_q8_rep3,1,4,1,sm_89,COMM_ONLY,NCCL,C2_RING_SIMPLE_CH8,2048,2048,2048,8,7,2097152,62,0,929.344,0.000,0.000,0.000,PASS,0
PHASEB_formal_comm_C2_RING_SIMPLE_CH8_N2048_q8_rep3,1,4,1,sm_89,COMM_ONLY,NCCL,C2_RING_SIMPLE_CH8,2048,2048,2048,8,0,2097152,63,0,139.296,0.000,0.000,0.000,PASS,0
PHASEB_formal_comm_C2_RING_SIMPLE_CH8_N2048_q8_rep3,1,4,1,sm_89,COMM_ONLY,NCCL,C2_RING_SIMPLE_CH8,2048,2048,2048,8,1,2097152,63,0,248.576,0.000,0.000,0.000,PASS,0
PHASEB_formal_comm_C2_RING_SIMPLE_CH8_N2048_q8_rep3,1,4,1,sm_89,COMM_ONLY,NCCL,C2_RING_SIMPLE_CH8,2048,2048,2048,8,2,2097152,63,0,357.952,0.000,0.000,0.000,PASS,0
PHASEB_formal_comm_C2_RING_SIMPLE_CH8_N2048_q8_rep3,1,4,1,sm_89,COMM_ONLY,NCCL,C2_RING_SIMPLE_CH8,2048,2048,2048,8,3,2097152,63,0,468.864,0.000,0.000,0.000,PASS,0
PHASEB_formal_comm_C2_RING_SIMPLE_CH8_N2048_q8_rep3,1,4,1,sm_89,COMM_ONLY,NCCL,C2_RING_SIMPLE_CH8,2048,2048,2048,8,4,2097152,63,0,579.136,0.000,0.000,0.000,PASS,0
PHASEB_formal_comm_C2_RING_SIMPLE_CH8_N2048_q8_rep3,1,4,1,sm_89,COMM_ONLY,NCCL,C2_RING_SIMPLE_CH8,2048,2048,2048,8,5,2097152,63,0,687.712,0.000,0.000,0.000,PASS,0
PHASEB_formal_comm_C2_RING_SIMPLE_CH8_N2048_q8_rep3,1,4,1,sm_89,COMM_ONLY,NCCL,C2_RING_SIMPLE_CH8,2048,2048,2048,8,6,2097152,63,0,796.736,0.000,0.000,0.000,PASS,0
PHASEB_formal_comm_C2_RING_SIMPLE_CH8_N2048_q8_rep3,1,4,1,sm_89,COMM_ONLY,NCCL,C2_RING_SIMPLE_CH8,2048,2048,2048,8,7,2097152,63,0,918.112,0.000,0.000,0.000,PASS,0
PHASEB_formal_comm_C2_RING_SIMPLE_CH8_N2048_q8_rep3,1,4,1,sm_89,COMM_ONLY,NCCL,C2_RING_SIMPLE_CH8,2048,2048,2048,8,0,2097152,64,0,141.312,0.000,0.000,0.000,PASS,0
PHASEB_formal_comm_C2_RING_SIMPLE_CH8_N2048_q8_rep3,1,4,1,sm_89,COMM_ONLY,NCCL,C2_RING_SIMPLE_CH8,2048,2048,2048,8,1,2097152,64,0,251.168,0.000,0.000,0.000,PASS,0
PHASEB_formal_comm_C2_RING_SIMPLE_CH8_N2048_q8_rep3,1,4,1,sm_89,COMM_ONLY,NCCL,C2_RING_SIMPLE_CH8,2048,2048,2048,8,2,2097152,64,0,358.272,0.000,0.000,0.000,PASS,0
PHASEB_formal_comm_C2_RING_SIMPLE_CH8_N2048_q8_rep3,1,4,1,sm_89,COMM_ONLY,NCCL,C2_RING_SIMPLE_CH8,2048,2048,2048,8,3,2097152,64,0,468.064,0.000,0.000,0.000,PASS,0
PHASEB_formal_comm_C2_RING_SIMPLE_CH8_N2048_q8_rep3,1,4,1,sm_89,COMM_ONLY,NCCL,C2_RING_SIMPLE_CH8,2048,2048,2048,8,4,2097152,64,0,577.312,0.000,0.000,0.000,PASS,0
PHASEB_formal_comm_C2_RING_SIMPLE_CH8_N2048_q8_rep3,1,4,1,sm_89,COMM_ONLY,NCCL,C2_RING_SIMPLE_CH8,2048,2048,2048,8,5,2097152,64,0,688.064,0.000,0.000,0.000,PASS,0
PHASEB_formal_comm_C2_RING_SIMPLE_CH8_N2048_q8_rep3,1,4,1,sm_89,COMM_ONLY,NCCL,C2_RING_SIMPLE_CH8,2048,2048,2048,8,6,2097152,64,0,798.112,0.000,0.000,0.000,PASS,0
PHASEB_formal_comm_C2_RING_SIMPLE_CH8_N2048_q8_rep3,1,4,1,sm_89,COMM_ONLY,NCCL,C2_RING_SIMPLE_CH8,2048,2048,2048,8,7,2097152,64,0,908.256,0.000,0.000,0.000,PASS,0
PHASEB_formal_comm_C2_RING_SIMPLE_CH8_N2048_q8_rep3,1,4,1,sm_89,COMM_ONLY,NCCL,C2_RING_SIMPLE_CH8,2048,2048,2048,8,0,2097152,65,0,139.584,0.000,0.000,0.000,PASS,0
PHASEB_formal_comm_C2_RING_SIMPLE_CH8_N2048_q8_rep3,1,4,1,sm_89,COMM_ONLY,NCCL,C2_RING_SIMPLE_CH8,2048,2048,2048,8,1,2097152,65,0,248.448,0.000,0.000,0.000,PASS,0
PHASEB_formal_comm_C2_RING_SIMPLE_CH8_N2048_q8_rep3,1,4,1,sm_89,COMM_ONLY,NCCL,C2_RING_SIMPLE_CH8,2048,2048,2048,8,2,2097152,65,0,355.904,0.000,0.000,0.000,PASS,0
PHASEB_formal_comm_C2_RING_SIMPLE_CH8_N2048_q8_rep3,1,4,1,sm_89,COMM_ONLY,NCCL,C2_RING_SIMPLE_CH8,2048,2048,2048,8,3,2097152,65,0,465.376,0.000,0.000,0.000,PASS,0
PHASEB_formal_comm_C2_RING_SIMPLE_CH8_N2048_q8_rep3,1,4,1,sm_89,COMM_ONLY,NCCL,C2_RING_SIMPLE_CH8,2048,2048,2048,8,4,2097152,65,0,574.912,0.000,0.000,0.000,PASS,0
PHASEB_formal_comm_C2_RING_SIMPLE_CH8_N2048_q8_rep3,1,4,1,sm_89,COMM_ONLY,NCCL,C2_RING_SIMPLE_CH8,2048,2048,2048,8,5,2097152,65,0,684.160,0.000,0.000,0.000,PASS,0
PHASEB_formal_comm_C2_RING_SIMPLE_CH8_N2048_q8_rep3,1,4,1,sm_89,COMM_ONLY,NCCL,C2_RING_SIMPLE_CH8,2048,2048,2048,8,6,2097152,65,0,794.624,0.000,0.000,0.000,PASS,0
PHASEB_formal_comm_C2_RING_SIMPLE_CH8_N2048_q8_rep3,1,4,1,sm_89,COMM_ONLY,NCCL,C2_RING_SIMPLE_CH8,2048,2048,2048,8,7,2097152,65,0,905.376,0.000,0.000,0.000,PASS,0
PHASEB_formal_comm_C2_RING_SIMPLE_CH8_N2048_q8_rep3,1,4,1,sm_89,COMM_ONLY,NCCL,C2_RING_SIMPLE_CH8,2048,2048,2048,8,0,2097152,66,0,137.312,0.000,0.000,0.000,PASS,0
PHASEB_formal_comm_C2_RING_SIMPLE_CH8_N2048_q8_rep3,1,4,1,sm_89,COMM_ONLY,NCCL,C2_RING_SIMPLE_CH8,2048,2048,2048,8,1,2097152,66,0,248.128,0.000,0.000,0.000,PASS,0
PHASEB_formal_comm_C2_RING_SIMPLE_CH8_N2048_q8_rep3,1,4,1,sm_89,COMM_ONLY,NCCL,C2_RING_SIMPLE_CH8,2048,2048,2048,8,2,2097152,66,0,356.416,0.000,0.000,0.000,PASS,0
PHASEB_formal_comm_C2_RING_SIMPLE_CH8_N2048_q8_rep3,1,4,1,sm_89,COMM_ONLY,NCCL,C2_RING_SIMPLE_CH8,2048,2048,2048,8,3,2097152,66,0,466.944,0.000,0.000,0.000,PASS,0
PHASEB_formal_comm_C2_RING_SIMPLE_CH8_N2048_q8_rep3,1,4,1,sm_89,COMM_ONLY,NCCL,C2_RING_SIMPLE_CH8,2048,2048,2048,8,4,2097152,66,0,577.888,0.000,0.000,0.000,PASS,0
PHASEB_formal_comm_C2_RING_SIMPLE_CH8_N2048_q8_rep3,1,4,1,sm_89,COMM_ONLY,NCCL,C2_RING_SIMPLE_CH8,2048,2048,2048,8,5,2097152,66,0,686.944,0.000,0.000,0.000,PASS,0
PHASEB_formal_comm_C2_RING_SIMPLE_CH8_N2048_q8_rep3,1,4,1,sm_89,COMM_ONLY,NCCL,C2_RING_SIMPLE_CH8,2048,2048,2048,8,6,2097152,66,0,797.600,0.000,0.000,0.000,PASS,0
PHASEB_formal_comm_C2_RING_SIMPLE_CH8_N2048_q8_rep3,1,4,1,sm_89,COMM_ONLY,NCCL,C2_RING_SIMPLE_CH8,2048,2048,2048,8,7,2097152,66,0,908.832,0.000,0.000,0.000,PASS,0
PHASEB_formal_comm_C2_RING_SIMPLE_CH8_N2048_q8_rep3,1,4,1,sm_89,COMM_ONLY,NCCL,C2_RING_SIMPLE_CH8,2048,2048,2048,8,0,2097152,67,0,138.336,0.000,0.000,0.000,PASS,0
PHASEB_formal_comm_C2_RING_SIMPLE_CH8_N2048_q8_rep3,1,4,1,sm_89,COMM_ONLY,NCCL,C2_RING_SIMPLE_CH8,2048,2048,2048,8,1,2097152,67,0,246.464,0.000,0.000,0.000,PASS,0
PHASEB_formal_comm_C2_RING_SIMPLE_CH8_N2048_q8_rep3,1,4,1,sm_89,COMM_ONLY,NCCL,C2_RING_SIMPLE_CH8,2048,2048,2048,8,2,2097152,67,0,355.168,0.000,0.000,0.000,PASS,0
PHASEB_formal_comm_C2_RING_SIMPLE_CH8_N2048_q8_rep3,1,4,1,sm_89,COMM_ONLY,NCCL,C2_RING_SIMPLE_CH8,2048,2048,2048,8,3,2097152,67,0,464.416,0.000,0.000,0.000,PASS,0
PHASEB_formal_comm_C2_RING_SIMPLE_CH8_N2048_q8_rep3,1,4,1,sm_89,COMM_ONLY,NCCL,C2_RING_SIMPLE_CH8,2048,2048,2048,8,4,2097152,67,0,572.576,0.000,0.000,0.000,PASS,0
PHASEB_formal_comm_C2_RING_SIMPLE_CH8_N2048_q8_rep3,1,4,1,sm_89,COMM_ONLY,NCCL,C2_RING_SIMPLE_CH8,2048,2048,2048,8,5,2097152,67,0,683.168,0.000,0.000,0.000,PASS,0
PHASEB_formal_comm_C2_RING_SIMPLE_CH8_N2048_q8_rep3,1,4,1,sm_89,COMM_ONLY,NCCL,C2_RING_SIMPLE_CH8,2048,2048,2048,8,6,2097152,67,0,794.208,0.000,0.000,0.000,PASS,0
PHASEB_formal_comm_C2_RING_SIMPLE_CH8_N2048_q8_rep3,1,4,1,sm_89,COMM_ONLY,NCCL,C2_RING_SIMPLE_CH8,2048,2048,2048,8,7,2097152,67,0,903.776,0.000,0.000,0.000,PASS,0
PHASEB_formal_comm_C2_RING_SIMPLE_CH8_N2048_q8_rep3,1,4,1,sm_89,COMM_ONLY,NCCL,C2_RING_SIMPLE_CH8,2048,2048,2048,8,0,2097152,68,0,139.520,0.000,0.000,0.000,PASS,0
PHASEB_formal_comm_C2_RING_SIMPLE_CH8_N2048_q8_rep3,1,4,1,sm_89,COMM_ONLY,NCCL,C2_RING_SIMPLE_CH8,2048,2048,2048,8,1,2097152,68,0,248.512,0.000,0.000,0.000,PASS,0
PHASEB_formal_comm_C2_RING_SIMPLE_CH8_N2048_q8_rep3,1,4,1,sm_89,COMM_ONLY,NCCL,C2_RING_SIMPLE_CH8,2048,2048,2048,8,2,2097152,68,0,356.256,0.000,0.000,0.000,PASS,0
PHASEB_formal_comm_C2_RING_SIMPLE_CH8_N2048_q8_rep3,1,4,1,sm_89,COMM_ONLY,NCCL,C2_RING_SIMPLE_CH8,2048,2048,2048,8,3,2097152,68,0,465.824,0.000,0.000,0.000,PASS,0
PHASEB_formal_comm_C2_RING_SIMPLE_CH8_N2048_q8_rep3,1,4,1,sm_89,COMM_ONLY,NCCL,C2_RING_SIMPLE_CH8,2048,2048,2048,8,4,2097152,68,0,576.736,0.000,0.000,0.000,PASS,0
PHASEB_formal_comm_C2_RING_SIMPLE_CH8_N2048_q8_rep3,1,4,1,sm_89,COMM_ONLY,NCCL,C2_RING_SIMPLE_CH8,2048,2048,2048,8,5,2097152,68,0,686.080,0.000,0.000,0.000,PASS,0
PHASEB_formal_comm_C2_RING_SIMPLE_CH8_N2048_q8_rep3,1,4,1,sm_89,COMM_ONLY,NCCL,C2_RING_SIMPLE_CH8,2048,2048,2048,8,6,2097152,68,0,807.616,0.000,0.000,0.000,PASS,0
PHASEB_formal_comm_C2_RING_SIMPLE_CH8_N2048_q8_rep3,1,4,1,sm_89,COMM_ONLY,NCCL,C2_RING_SIMPLE_CH8,2048,2048,2048,8,7,2097152,68,0,919.136,0.000,0.000,0.000,PASS,0
PHASEB_formal_comm_C2_RING_SIMPLE_CH8_N2048_q8_rep3,1,4,1,sm_89,COMM_ONLY,NCCL,C2_RING_SIMPLE_CH8,2048,2048,2048,8,0,2097152,69,0,147.808,0.000,0.000,0.000,PASS,0
PHASEB_formal_comm_C2_RING_SIMPLE_CH8_N2048_q8_rep3,1,4,1,sm_89,COMM_ONLY,NCCL,C2_RING_SIMPLE_CH8,2048,2048,2048,8,1,2097152,69,0,254.656,0.000,0.000,0.000,PASS,0
PHASEB_formal_comm_C2_RING_SIMPLE_CH8_N2048_q8_rep3,1,4,1,sm_89,COMM_ONLY,NCCL,C2_RING_SIMPLE_CH8,2048,2048,2048,8,2,2097152,69,0,361.312,0.000,0.000,0.000,PASS,0
PHASEB_formal_comm_C2_RING_SIMPLE_CH8_N2048_q8_rep3,1,4,1,sm_89,COMM_ONLY,NCCL,C2_RING_SIMPLE_CH8,2048,2048,2048,8,3,2097152,69,0,469.952,0.000,0.000,0.000,PASS,0
PHASEB_formal_comm_C2_RING_SIMPLE_CH8_N2048_q8_rep3,1,4,1,sm_89,COMM_ONLY,NCCL,C2_RING_SIMPLE_CH8,2048,2048,2048,8,4,2097152,69,0,579.744,0.000,0.000,0.000,PASS,0
PHASEB_formal_comm_C2_RING_SIMPLE_CH8_N2048_q8_rep3,1,4,1,sm_89,COMM_ONLY,NCCL,C2_RING_SIMPLE_CH8,2048,2048,2048,8,5,2097152,69,0,689.600,0.000,0.000,0.000,PASS,0
PHASEB_formal_comm_C2_RING_SIMPLE_CH8_N2048_q8_rep3,1,4,1,sm_89,COMM_ONLY,NCCL,C2_RING_SIMPLE_CH8,2048,2048,2048,8,6,2097152,69,0,799.776,0.000,0.000,0.000,PASS,0
PHASEB_formal_comm_C2_RING_SIMPLE_CH8_N2048_q8_rep3,1,4,1,sm_89,COMM_ONLY,NCCL,C2_RING_SIMPLE_CH8,2048,2048,2048,8,7,2097152,69,0,909.600,0.000,0.000,0.000,PASS,0
PHASEB_formal_comm_C2_RING_SIMPLE_CH8_N2048_q8_rep3,1,4,1,sm_89,COMM_ONLY,NCCL,C2_RING_SIMPLE_CH8,2048,2048,2048,8,0,2097152,70,0,140.608,0.000,0.000,0.000,PASS,0
PHASEB_formal_comm_C2_RING_SIMPLE_CH8_N2048_q8_rep3,1,4,1,sm_89,COMM_ONLY,NCCL,C2_RING_SIMPLE_CH8,2048,2048,2048,8,1,2097152,70,0,249.152,0.000,0.000,0.000,PASS,0
PHASEB_formal_comm_C2_RING_SIMPLE_CH8_N2048_q8_rep3,1,4,1,sm_89,COMM_ONLY,NCCL,C2_RING_SIMPLE_CH8,2048,2048,2048,8,2,2097152,70,0,357.440,0.000,0.000,0.000,PASS,0
PHASEB_formal_comm_C2_RING_SIMPLE_CH8_N2048_q8_rep3,1,4,1,sm_89,COMM_ONLY,NCCL,C2_RING_SIMPLE_CH8,2048,2048,2048,8,3,2097152,70,0,466.112,0.000,0.000,0.000,PASS,0
PHASEB_formal_comm_C2_RING_SIMPLE_CH8_N2048_q8_rep3,1,4,1,sm_89,COMM_ONLY,NCCL,C2_RING_SIMPLE_CH8,2048,2048,2048,8,4,2097152,70,0,574.432,0.000,0.000,0.000,PASS,0
PHASEB_formal_comm_C2_RING_SIMPLE_CH8_N2048_q8_rep3,1,4,1,sm_89,COMM_ONLY,NCCL,C2_RING_SIMPLE_CH8,2048,2048,2048,8,5,2097152,70,0,684.416,0.000,0.000,0.000,PASS,0
PHASEB_formal_comm_C2_RING_SIMPLE_CH8_N2048_q8_rep3,1,4,1,sm_89,COMM_ONLY,NCCL,C2_RING_SIMPLE_CH8,2048,2048,2048,8,6,2097152,70,0,797.184,0.000,0.000,0.000,PASS,0
PHASEB_formal_comm_C2_RING_SIMPLE_CH8_N2048_q8_rep3,1,4,1,sm_89,COMM_ONLY,NCCL,C2_RING_SIMPLE_CH8,2048,2048,2048,8,7,2097152,70,0,906.112,0.000,0.000,0.000,PASS,0
PHASEB_formal_comm_C2_RING_SIMPLE_CH8_N2048_q8_rep3,1,4,1,sm_89,COMM_ONLY,NCCL,C2_RING_SIMPLE_CH8,2048,2048,2048,8,0,2097152,71,0,145.280,0.000,0.000,0.000,PASS,0
PHASEB_formal_comm_C2_RING_SIMPLE_CH8_N2048_q8_rep3,1,4,1,sm_89,COMM_ONLY,NCCL,C2_RING_SIMPLE_CH8,2048,2048,2048,8,1,2097152,71,0,254.784,0.000,0.000,0.000,PASS,0
PHASEB_formal_comm_C2_RING_SIMPLE_CH8_N2048_q8_rep3,1,4,1,sm_89,COMM_ONLY,NCCL,C2_RING_SIMPLE_CH8,2048,2048,2048,8,2,2097152,71,0,362.112,0.000,0.000,0.000,PASS,0
PHASEB_formal_comm_C2_RING_SIMPLE_CH8_N2048_q8_rep3,1,4,1,sm_89,COMM_ONLY,NCCL,C2_RING_SIMPLE_CH8,2048,2048,2048,8,3,2097152,71,0,471.616,0.000,0.000,0.000,PASS,0
PHASEB_formal_comm_C2_RING_SIMPLE_CH8_N2048_q8_rep3,1,4,1,sm_89,COMM_ONLY,NCCL,C2_RING_SIMPLE_CH8,2048,2048,2048,8,4,2097152,71,0,581.312,0.000,0.000,0.000,PASS,0
PHASEB_formal_comm_C2_RING_SIMPLE_CH8_N2048_q8_rep3,1,4,1,sm_89,COMM_ONLY,NCCL,C2_RING_SIMPLE_CH8,2048,2048,2048,8,5,2097152,71,0,718.528,0.000,0.000,0.000,PASS,0
PHASEB_formal_comm_C2_RING_SIMPLE_CH8_N2048_q8_rep3,1,4,1,sm_89,COMM_ONLY,NCCL,C2_RING_SIMPLE_CH8,2048,2048,2048,8,6,2097152,71,0,825.920,0.000,0.000,0.000,PASS,0
PHASEB_formal_comm_C2_RING_SIMPLE_CH8_N2048_q8_rep3,1,4,1,sm_89,COMM_ONLY,NCCL,C2_RING_SIMPLE_CH8,2048,2048,2048,8,7,2097152,71,0,944.672,0.000,0.000,0.000,PASS,0
PHASEB_formal_comm_C2_RING_SIMPLE_CH8_N2048_q8_rep3,1,4,1,sm_89,COMM_ONLY,NCCL,C2_RING_SIMPLE_CH8,2048,2048,2048,8,0,2097152,72,0,139.328,0.000,0.000,0.000,PASS,0
PHASEB_formal_comm_C2_RING_SIMPLE_CH8_N2048_q8_rep3,1,4,1,sm_89,COMM_ONLY,NCCL,C2_RING_SIMPLE_CH8,2048,2048,2048,8,1,2097152,72,0,257.216,0.000,0.000,0.000,PASS,0
PHASEB_formal_comm_C2_RING_SIMPLE_CH8_N2048_q8_rep3,1,4,1,sm_89,COMM_ONLY,NCCL,C2_RING_SIMPLE_CH8,2048,2048,2048,8,2,2097152,72,0,366.048,0.000,0.000,0.000,PASS,0
PHASEB_formal_comm_C2_RING_SIMPLE_CH8_N2048_q8_rep3,1,4,1,sm_89,COMM_ONLY,NCCL,C2_RING_SIMPLE_CH8,2048,2048,2048,8,3,2097152,72,0,476.544,0.000,0.000,0.000,PASS,0
PHASEB_formal_comm_C2_RING_SIMPLE_CH8_N2048_q8_rep3,1,4,1,sm_89,COMM_ONLY,NCCL,C2_RING_SIMPLE_CH8,2048,2048,2048,8,4,2097152,72,0,587.232,0.000,0.000,0.000,PASS,0
PHASEB_formal_comm_C2_RING_SIMPLE_CH8_N2048_q8_rep3,1,4,1,sm_89,COMM_ONLY,NCCL,C2_RING_SIMPLE_CH8,2048,2048,2048,8,5,2097152,72,0,708.800,0.000,0.000,0.000,PASS,0
PHASEB_formal_comm_C2_RING_SIMPLE_CH8_N2048_q8_rep3,1,4,1,sm_89,COMM_ONLY,NCCL,C2_RING_SIMPLE_CH8,2048,2048,2048,8,6,2097152,72,0,818.592,0.000,0.000,0.000,PASS,0
PHASEB_formal_comm_C2_RING_SIMPLE_CH8_N2048_q8_rep3,1,4,1,sm_89,COMM_ONLY,NCCL,C2_RING_SIMPLE_CH8,2048,2048,2048,8,7,2097152,72,0,927.136,0.000,0.000,0.000,PASS,0
PHASEB_formal_comm_C2_RING_SIMPLE_CH8_N2048_q8_rep3,1,4,1,sm_89,COMM_ONLY,NCCL,C2_RING_SIMPLE_CH8,2048,2048,2048,8,0,2097152,73,0,137.568,0.000,0.000,0.000,PASS,0
PHASEB_formal_comm_C2_RING_SIMPLE_CH8_N2048_q8_rep3,1,4,1,sm_89,COMM_ONLY,NCCL,C2_RING_SIMPLE_CH8,2048,2048,2048,8,1,2097152,73,0,244.192,0.000,0.000,0.000,PASS,0
PHASEB_formal_comm_C2_RING_SIMPLE_CH8_N2048_q8_rep3,1,4,1,sm_89,COMM_ONLY,NCCL,C2_RING_SIMPLE_CH8,2048,2048,2048,8,2,2097152,73,0,351.616,0.000,0.000,0.000,PASS,0
PHASEB_formal_comm_C2_RING_SIMPLE_CH8_N2048_q8_rep3,1,4,1,sm_89,COMM_ONLY,NCCL,C2_RING_SIMPLE_CH8,2048,2048,2048,8,3,2097152,73,0,461.472,0.000,0.000,0.000,PASS,0
PHASEB_formal_comm_C2_RING_SIMPLE_CH8_N2048_q8_rep3,1,4,1,sm_89,COMM_ONLY,NCCL,C2_RING_SIMPLE_CH8,2048,2048,2048,8,4,2097152,73,0,571.392,0.000,0.000,0.000,PASS,0
PHASEB_formal_comm_C2_RING_SIMPLE_CH8_N2048_q8_rep3,1,4,1,sm_89,COMM_ONLY,NCCL,C2_RING_SIMPLE_CH8,2048,2048,2048,8,5,2097152,73,0,680.704,0.000,0.000,0.000,PASS,0
PHASEB_formal_comm_C2_RING_SIMPLE_CH8_N2048_q8_rep3,1,4,1,sm_89,COMM_ONLY,NCCL,C2_RING_SIMPLE_CH8,2048,2048,2048,8,6,2097152,73,0,791.104,0.000,0.000,0.000,PASS,0
PHASEB_formal_comm_C2_RING_SIMPLE_CH8_N2048_q8_rep3,1,4,1,sm_89,COMM_ONLY,NCCL,C2_RING_SIMPLE_CH8,2048,2048,2048,8,7,2097152,73,0,901.344,0.000,0.000,0.000,PASS,0
PHASEB_formal_comm_C2_RING_SIMPLE_CH8_N2048_q8_rep3,1,4,1,sm_89,COMM_ONLY,NCCL,C2_RING_SIMPLE_CH8,2048,2048,2048,8,0,2097152,74,0,139.360,0.000,0.000,0.000,PASS,0
PHASEB_formal_comm_C2_RING_SIMPLE_CH8_N2048_q8_rep3,1,4,1,sm_89,COMM_ONLY,NCCL,C2_RING_SIMPLE_CH8,2048,2048,2048,8,1,2097152,74,0,249.952,0.000,0.000,0.000,PASS,0
PHASEB_formal_comm_C2_RING_SIMPLE_CH8_N2048_q8_rep3,1,4,1,sm_89,COMM_ONLY,NCCL,C2_RING_SIMPLE_CH8,2048,2048,2048,8,2,2097152,74,0,357.504,0.000,0.000,0.000,PASS,0
PHASEB_formal_comm_C2_RING_SIMPLE_CH8_N2048_q8_rep3,1,4,1,sm_89,COMM_ONLY,NCCL,C2_RING_SIMPLE_CH8,2048,2048,2048,8,3,2097152,74,0,476.448,0.000,0.000,0.000,PASS,0
PHASEB_formal_comm_C2_RING_SIMPLE_CH8_N2048_q8_rep3,1,4,1,sm_89,COMM_ONLY,NCCL,C2_RING_SIMPLE_CH8,2048,2048,2048,8,4,2097152,74,0,588.416,0.000,0.000,0.000,PASS,0
PHASEB_formal_comm_C2_RING_SIMPLE_CH8_N2048_q8_rep3,1,4,1,sm_89,COMM_ONLY,NCCL,C2_RING_SIMPLE_CH8,2048,2048,2048,8,5,2097152,74,0,697.248,0.000,0.000,0.000,PASS,0
PHASEB_formal_comm_C2_RING_SIMPLE_CH8_N2048_q8_rep3,1,4,1,sm_89,COMM_ONLY,NCCL,C2_RING_SIMPLE_CH8,2048,2048,2048,8,6,2097152,74,0,808.096,0.000,0.000,0.000,PASS,0
PHASEB_formal_comm_C2_RING_SIMPLE_CH8_N2048_q8_rep3,1,4,1,sm_89,COMM_ONLY,NCCL,C2_RING_SIMPLE_CH8,2048,2048,2048,8,7,2097152,74,0,919.200,0.000,0.000,0.000,PASS,0
PHASEB_formal_comm_C2_RING_SIMPLE_CH8_N2048_q8_rep3,1,4,1,sm_89,COMM_ONLY,NCCL,C2_RING_SIMPLE_CH8,2048,2048,2048,8,0,2097152,75,0,143.104,0.000,0.000,0.000,PASS,0
PHASEB_formal_comm_C2_RING_SIMPLE_CH8_N2048_q8_rep3,1,4,1,sm_89,COMM_ONLY,NCCL,C2_RING_SIMPLE_CH8,2048,2048,2048,8,1,2097152,75,0,252.192,0.000,0.000,0.000,PASS,0
PHASEB_formal_comm_C2_RING_SIMPLE_CH8_N2048_q8_rep3,1,4,1,sm_89,COMM_ONLY,NCCL,C2_RING_SIMPLE_CH8,2048,2048,2048,8,2,2097152,75,0,360.096,0.000,0.000,0.000,PASS,0
PHASEB_formal_comm_C2_RING_SIMPLE_CH8_N2048_q8_rep3,1,4,1,sm_89,COMM_ONLY,NCCL,C2_RING_SIMPLE_CH8,2048,2048,2048,8,3,2097152,75,0,488.864,0.000,0.000,0.000,PASS,0
PHASEB_formal_comm_C2_RING_SIMPLE_CH8_N2048_q8_rep3,1,4,1,sm_89,COMM_ONLY,NCCL,C2_RING_SIMPLE_CH8,2048,2048,2048,8,4,2097152,75,0,600.128,0.000,0.000,0.000,PASS,0
PHASEB_formal_comm_C2_RING_SIMPLE_CH8_N2048_q8_rep3,1,4,1,sm_89,COMM_ONLY,NCCL,C2_RING_SIMPLE_CH8,2048,2048,2048,8,5,2097152,75,0,709.024,0.000,0.000,0.000,PASS,0
PHASEB_formal_comm_C2_RING_SIMPLE_CH8_N2048_q8_rep3,1,4,1,sm_89,COMM_ONLY,NCCL,C2_RING_SIMPLE_CH8,2048,2048,2048,8,6,2097152,75,0,832.512,0.000,0.000,0.000,PASS,0
PHASEB_formal_comm_C2_RING_SIMPLE_CH8_N2048_q8_rep3,1,4,1,sm_89,COMM_ONLY,NCCL,C2_RING_SIMPLE_CH8,2048,2048,2048,8,7,2097152,75,0,941.024,0.000,0.000,0.000,PASS,0
PHASEB_formal_comm_C2_RING_SIMPLE_CH8_N2048_q8_rep3,1,4,1,sm_89,COMM_ONLY,NCCL,C2_RING_SIMPLE_CH8,2048,2048,2048,8,0,2097152,76,0,140.672,0.000,0.000,0.000,PASS,0
PHASEB_formal_comm_C2_RING_SIMPLE_CH8_N2048_q8_rep3,1,4,1,sm_89,COMM_ONLY,NCCL,C2_RING_SIMPLE_CH8,2048,2048,2048,8,1,2097152,76,0,254.816,0.000,0.000,0.000,PASS,0
PHASEB_formal_comm_C2_RING_SIMPLE_CH8_N2048_q8_rep3,1,4,1,sm_89,COMM_ONLY,NCCL,C2_RING_SIMPLE_CH8,2048,2048,2048,8,2,2097152,76,0,376.832,0.000,0.000,0.000,PASS,0
PHASEB_formal_comm_C2_RING_SIMPLE_CH8_N2048_q8_rep3,1,4,1,sm_89,COMM_ONLY,NCCL,C2_RING_SIMPLE_CH8,2048,2048,2048,8,3,2097152,76,0,508.160,0.000,0.000,0.000,PASS,0
PHASEB_formal_comm_C2_RING_SIMPLE_CH8_N2048_q8_rep3,1,4,1,sm_89,COMM_ONLY,NCCL,C2_RING_SIMPLE_CH8,2048,2048,2048,8,4,2097152,76,0,624.864,0.000,0.000,0.000,PASS,0
PHASEB_formal_comm_C2_RING_SIMPLE_CH8_N2048_q8_rep3,1,4,1,sm_89,COMM_ONLY,NCCL,C2_RING_SIMPLE_CH8,2048,2048,2048,8,5,2097152,76,0,745.792,0.000,0.000,0.000,PASS,0
PHASEB_formal_comm_C2_RING_SIMPLE_CH8_N2048_q8_rep3,1,4,1,sm_89,COMM_ONLY,NCCL,C2_RING_SIMPLE_CH8,2048,2048,2048,8,6,2097152,76,0,855.264,0.000,0.000,0.000,PASS,0
PHASEB_formal_comm_C2_RING_SIMPLE_CH8_N2048_q8_rep3,1,4,1,sm_89,COMM_ONLY,NCCL,C2_RING_SIMPLE_CH8,2048,2048,2048,8,7,2097152,76,0,967.616,0.000,0.000,0.000,PASS,0
PHASEB_formal_comm_C2_RING_SIMPLE_CH8_N2048_q8_rep3,1,4,1,sm_89,COMM_ONLY,NCCL,C2_RING_SIMPLE_CH8,2048,2048,2048,8,0,2097152,77,0,139.296,0.000,0.000,0.000,PASS,0
PHASEB_formal_comm_C2_RING_SIMPLE_CH8_N2048_q8_rep3,1,4,1,sm_89,COMM_ONLY,NCCL,C2_RING_SIMPLE_CH8,2048,2048,2048,8,1,2097152,77,0,247.072,0.000,0.000,0.000,PASS,0
PHASEB_formal_comm_C2_RING_SIMPLE_CH8_N2048_q8_rep3,1,4,1,sm_89,COMM_ONLY,NCCL,C2_RING_SIMPLE_CH8,2048,2048,2048,8,2,2097152,77,0,364.864,0.000,0.000,0.000,PASS,0
PHASEB_formal_comm_C2_RING_SIMPLE_CH8_N2048_q8_rep3,1,4,1,sm_89,COMM_ONLY,NCCL,C2_RING_SIMPLE_CH8,2048,2048,2048,8,3,2097152,77,0,480.352,0.000,0.000,0.000,PASS,0
PHASEB_formal_comm_C2_RING_SIMPLE_CH8_N2048_q8_rep3,1,4,1,sm_89,COMM_ONLY,NCCL,C2_RING_SIMPLE_CH8,2048,2048,2048,8,4,2097152,77,0,591.552,0.000,0.000,0.000,PASS,0
PHASEB_formal_comm_C2_RING_SIMPLE_CH8_N2048_q8_rep3,1,4,1,sm_89,COMM_ONLY,NCCL,C2_RING_SIMPLE_CH8,2048,2048,2048,8,5,2097152,77,0,703.904,0.000,0.000,0.000,PASS,0
PHASEB_formal_comm_C2_RING_SIMPLE_CH8_N2048_q8_rep3,1,4,1,sm_89,COMM_ONLY,NCCL,C2_RING_SIMPLE_CH8,2048,2048,2048,8,6,2097152,77,0,819.680,0.000,0.000,0.000,PASS,0
PHASEB_formal_comm_C2_RING_SIMPLE_CH8_N2048_q8_rep3,1,4,1,sm_89,COMM_ONLY,NCCL,C2_RING_SIMPLE_CH8,2048,2048,2048,8,7,2097152,77,0,931.392,0.000,0.000,0.000,PASS,0
PHASEB_formal_comm_C2_RING_SIMPLE_CH8_N2048_q8_rep3,1,4,1,sm_89,COMM_ONLY,NCCL,C2_RING_SIMPLE_CH8,2048,2048,2048,8,0,2097152,78,0,138.784,0.000,0.000,0.000,PASS,0
PHASEB_formal_comm_C2_RING_SIMPLE_CH8_N2048_q8_rep3,1,4,1,sm_89,COMM_ONLY,NCCL,C2_RING_SIMPLE_CH8,2048,2048,2048,8,1,2097152,78,0,247.552,0.000,0.000,0.000,PASS,0
PHASEB_formal_comm_C2_RING_SIMPLE_CH8_N2048_q8_rep3,1,4,1,sm_89,COMM_ONLY,NCCL,C2_RING_SIMPLE_CH8,2048,2048,2048,8,2,2097152,78,0,355.392,0.000,0.000,0.000,PASS,0
PHASEB_formal_comm_C2_RING_SIMPLE_CH8_N2048_q8_rep3,1,4,1,sm_89,COMM_ONLY,NCCL,C2_RING_SIMPLE_CH8,2048,2048,2048,8,3,2097152,78,0,464.864,0.000,0.000,0.000,PASS,0
PHASEB_formal_comm_C2_RING_SIMPLE_CH8_N2048_q8_rep3,1,4,1,sm_89,COMM_ONLY,NCCL,C2_RING_SIMPLE_CH8,2048,2048,2048,8,4,2097152,78,0,574.528,0.000,0.000,0.000,PASS,0
PHASEB_formal_comm_C2_RING_SIMPLE_CH8_N2048_q8_rep3,1,4,1,sm_89,COMM_ONLY,NCCL,C2_RING_SIMPLE_CH8,2048,2048,2048,8,5,2097152,78,0,691.808,0.000,0.000,0.000,PASS,0
PHASEB_formal_comm_C2_RING_SIMPLE_CH8_N2048_q8_rep3,1,4,1,sm_89,COMM_ONLY,NCCL,C2_RING_SIMPLE_CH8,2048,2048,2048,8,6,2097152,78,0,802.976,0.000,0.000,0.000,PASS,0
PHASEB_formal_comm_C2_RING_SIMPLE_CH8_N2048_q8_rep3,1,4,1,sm_89,COMM_ONLY,NCCL,C2_RING_SIMPLE_CH8,2048,2048,2048,8,7,2097152,78,0,914.176,0.000,0.000,0.000,PASS,0
PHASEB_formal_comm_C2_RING_SIMPLE_CH8_N2048_q8_rep3,1,4,1,sm_89,COMM_ONLY,NCCL,C2_RING_SIMPLE_CH8,2048,2048,2048,8,0,2097152,79,0,138.720,0.000,0.000,0.000,PASS,0
PHASEB_formal_comm_C2_RING_SIMPLE_CH8_N2048_q8_rep3,1,4,1,sm_89,COMM_ONLY,NCCL,C2_RING_SIMPLE_CH8,2048,2048,2048,8,1,2097152,79,0,249.408,0.000,0.000,0.000,PASS,0
PHASEB_formal_comm_C2_RING_SIMPLE_CH8_N2048_q8_rep3,1,4,1,sm_89,COMM_ONLY,NCCL,C2_RING_SIMPLE_CH8,2048,2048,2048,8,2,2097152,79,0,357.920,0.000,0.000,0.000,PASS,0
PHASEB_formal_comm_C2_RING_SIMPLE_CH8_N2048_q8_rep3,1,4,1,sm_89,COMM_ONLY,NCCL,C2_RING_SIMPLE_CH8,2048,2048,2048,8,3,2097152,79,0,466.464,0.000,0.000,0.000,PASS,0
PHASEB_formal_comm_C2_RING_SIMPLE_CH8_N2048_q8_rep3,1,4,1,sm_89,COMM_ONLY,NCCL,C2_RING_SIMPLE_CH8,2048,2048,2048,8,4,2097152,79,0,575.744,0.000,0.000,0.000,PASS,0
PHASEB_formal_comm_C2_RING_SIMPLE_CH8_N2048_q8_rep3,1,4,1,sm_89,COMM_ONLY,NCCL,C2_RING_SIMPLE_CH8,2048,2048,2048,8,5,2097152,79,0,685.984,0.000,0.000,0.000,PASS,0
PHASEB_formal_comm_C2_RING_SIMPLE_CH8_N2048_q8_rep3,1,4,1,sm_89,COMM_ONLY,NCCL,C2_RING_SIMPLE_CH8,2048,2048,2048,8,6,2097152,79,0,796.192,0.000,0.000,0.000,PASS,0
PHASEB_formal_comm_C2_RING_SIMPLE_CH8_N2048_q8_rep3,1,4,1,sm_89,COMM_ONLY,NCCL,C2_RING_SIMPLE_CH8,2048,2048,2048,8,7,2097152,79,0,907.104,0.000,0.000,0.000,PASS,0
