run_id,rank,rank_count,device,gfx_arch,path,family,candidate,M,N,K,q,slice_index,slice_bytes,iteration_index,t_issue_us,t_release_us,t_gemm_start_us,t_gemm_end_us,t_gemm_duration_us,correctness,status
PHASEB_formal_r1_C2_RING_SIMPLE_CH8_N4096_q8_rep4,3,4,3,sm_89,R1_EVENT_OVERLAP,NCCL,C2_RING_SIMPLE_CH8,2048,4096,2048,8,0,2097152,0,0,179.264,185.728,1186.848,1001.120,PASS,0
PHASEB_formal_r1_C2_RING_SIMPLE_CH8_N4096_q8_rep4,3,4,3,sm_89,R1_EVENT_OVERLAP,NCCL,C2_RING_SIMPLE_CH8,2048,4096,2048,8,1,2097152,0,0,294.496,1190.464,2186.368,995.904,PASS,0
PHASEB_formal_r1_C2_RING_SIMPLE_CH8_N4096_q8_rep4,3,4,3,sm_89,R1_EVENT_OVERLAP,NCCL,C2_RING_SIMPLE_CH8,2048,4096,2048,8,2,2097152,0,0,1196.832,2189.824,3257.952,1068.128,PASS,0
PHASEB_formal_r1_C2_RING_SIMPLE_CH8_N4096_q8_rep4,3,4,3,sm_89,R1_EVENT_OVERLAP,NCCL,C2_RING_SIMPLE_CH8,2048,4096,2048,8,3,2097152,0,0,2177.920,3261.376,4335.872,1074.496,PASS,0
PHASEB_formal_r1_C2_RING_SIMPLE_CH8_N4096_q8_rep4,3,4,3,sm_89,R1_EVENT_OVERLAP,NCCL,C2_RING_SIMPLE_CH8,2048,4096,2048,8,4,2097152,0,0,3229.408,4339.296,5402.016,1062.720,PASS,0
PHASEB_formal_r1_C2_RING_SIMPLE_CH8_N4096_q8_rep4,3,4,3,sm_89,R1_EVENT_OVERLAP,NCCL,C2_RING_SIMPLE_CH8,2048,4096,2048,8,5,2097152,0,0,4203.968,5405.472,6387.680,982.208,PASS,0
PHASEB_formal_r1_C2_RING_SIMPLE_CH8_N4096_q8_rep4,3,4,3,sm_89,R1_EVENT_OVERLAP,NCCL,C2_RING_SIMPLE_CH8,2048,4096,2048,8,6,2097152,0,0,4326.976,6391.136,7373.888,982.752,PASS,0
PHASEB_formal_r1_C2_RING_SIMPLE_CH8_N4096_q8_rep4,3,4,3,sm_89,R1_EVENT_OVERLAP,NCCL,C2_RING_SIMPLE_CH8,2048,4096,2048,8,7,2097152,0,0,5289.856,7377.312,8358.688,981.376,PASS,0
PHASEB_formal_r1_C2_RING_SIMPLE_CH8_N4096_q8_rep4,3,4,3,sm_89,R1_EVENT_OVERLAP,NCCL,C2_RING_SIMPLE_CH8,2048,4096,2048,8,0,2097152,1,0,192.512,199.104,1198.304,999.200,PASS,0
PHASEB_formal_r1_C2_RING_SIMPLE_CH8_N4096_q8_rep4,3,4,3,sm_89,R1_EVENT_OVERLAP,NCCL,C2_RING_SIMPLE_CH8,2048,4096,2048,8,1,2097152,1,0,306.496,1201.664,2198.656,996.992,PASS,0
PHASEB_formal_r1_C2_RING_SIMPLE_CH8_N4096_q8_rep4,3,4,3,sm_89,R1_EVENT_OVERLAP,NCCL,C2_RING_SIMPLE_CH8,2048,4096,2048,8,2,2097152,1,0,1207.840,2202.080,3282.560,1080.480,PASS,0
PHASEB_formal_r1_C2_RING_SIMPLE_CH8_N4096_q8_rep4,3,4,3,sm_89,R1_EVENT_OVERLAP,NCCL,C2_RING_SIMPLE_CH8,2048,4096,2048,8,3,2097152,1,0,2188.928,3285.888,4363.936,1078.048,PASS,0
PHASEB_formal_r1_C2_RING_SIMPLE_CH8_N4096_q8_rep4,3,4,3,sm_89,R1_EVENT_OVERLAP,NCCL,C2_RING_SIMPLE_CH8,2048,4096,2048,8,4,2097152,1,0,3166.912,4367.296,5440.640,1073.344,PASS,0
PHASEB_formal_r1_C2_RING_SIMPLE_CH8_N4096_q8_rep4,3,4,3,sm_89,R1_EVENT_OVERLAP,NCCL,C2_RING_SIMPLE_CH8,2048,4096,2048,8,5,2097152,1,0,4171.264,5444.064,6426.976,982.912,PASS,0
PHASEB_formal_r1_C2_RING_SIMPLE_CH8_N4096_q8_rep4,3,4,3,sm_89,R1_EVENT_OVERLAP,NCCL,C2_RING_SIMPLE_CH8,2048,4096,2048,8,6,2097152,1,0,5116.992,6430.400,7412.000,981.600,PASS,0
PHASEB_formal_r1_C2_RING_SIMPLE_CH8_N4096_q8_rep4,3,4,3,sm_89,R1_EVENT_OVERLAP,NCCL,C2_RING_SIMPLE_CH8,2048,4096,2048,8,7,2097152,1,0,5432.768,7415.424,8397.152,981.728,PASS,0
PHASEB_formal_r1_C2_RING_SIMPLE_CH8_N4096_q8_rep4,3,4,3,sm_89,R1_EVENT_OVERLAP,NCCL,C2_RING_SIMPLE_CH8,2048,4096,2048,8,0,2097152,2,0,174.016,180.224,1180.672,1000.448,PASS,0
PHASEB_formal_r1_C2_RING_SIMPLE_CH8_N4096_q8_rep4,3,4,3,sm_89,R1_EVENT_OVERLAP,NCCL,C2_RING_SIMPLE_CH8,2048,4096,2048,8,1,2097152,2,0,288.768,1184.096,2180.192,996.096,PASS,0
PHASEB_formal_r1_C2_RING_SIMPLE_CH8_N4096_q8_rep4,3,4,3,sm_89,R1_EVENT_OVERLAP,NCCL,C2_RING_SIMPLE_CH8,2048,4096,2048,8,2,2097152,2,0,1194.720,2183.648,3255.040,1071.392,PASS,0
PHASEB_formal_r1_C2_RING_SIMPLE_CH8_N4096_q8_rep4,3,4,3,sm_89,R1_EVENT_OVERLAP,NCCL,C2_RING_SIMPLE_CH8,2048,4096,2048,8,3,2097152,2,0,2172.096,3258.464,4330.176,1071.712,PASS,0
PHASEB_formal_r1_C2_RING_SIMPLE_CH8_N4096_q8_rep4,3,4,3,sm_89,R1_EVENT_OVERLAP,NCCL,C2_RING_SIMPLE_CH8,2048,4096,2048,8,4,2097152,2,0,3148.192,4333.728,5402.464,1068.736,PASS,0
PHASEB_formal_r1_C2_RING_SIMPLE_CH8_N4096_q8_rep4,3,4,3,sm_89,R1_EVENT_OVERLAP,NCCL,C2_RING_SIMPLE_CH8,2048,4096,2048,8,5,2097152,2,0,4135.072,5405.856,6464.992,1059.136,PASS,0
PHASEB_formal_r1_C2_RING_SIMPLE_CH8_N4096_q8_rep4,3,4,3,sm_89,R1_EVENT_OVERLAP,NCCL,C2_RING_SIMPLE_CH8,2048,4096,2048,8,6,2097152,2,0,5138.656,6468.448,7451.040,982.592,PASS,0
PHASEB_formal_r1_C2_RING_SIMPLE_CH8_N4096_q8_rep4,3,4,3,sm_89,R1_EVENT_OVERLAP,NCCL,C2_RING_SIMPLE_CH8,2048,4096,2048,8,7,2097152,2,0,6092.768,7454.464,8435.615,981.152,PASS,0
PHASEB_formal_r1_C2_RING_SIMPLE_CH8_N4096_q8_rep4,3,4,3,sm_89,R1_EVENT_OVERLAP,NCCL,C2_RING_SIMPLE_CH8,2048,4096,2048,8,0,2097152,3,0,175.744,182.336,1180.192,997.856,PASS,0
PHASEB_formal_r1_C2_RING_SIMPLE_CH8_N4096_q8_rep4,3,4,3,sm_89,R1_EVENT_OVERLAP,NCCL,C2_RING_SIMPLE_CH8,2048,4096,2048,8,1,2097152,3,0,290.496,1183.776,2184.672,1000.896,PASS,0
PHASEB_formal_r1_C2_RING_SIMPLE_CH8_N4096_q8_rep4,3,4,3,sm_89,R1_EVENT_OVERLAP,NCCL,C2_RING_SIMPLE_CH8,2048,4096,2048,8,2,2097152,3,0,1190.304,2188.128,3185.504,997.376,PASS,0
PHASEB_formal_r1_C2_RING_SIMPLE_CH8_N4096_q8_rep4,3,4,3,sm_89,R1_EVENT_OVERLAP,NCCL,C2_RING_SIMPLE_CH8,2048,4096,2048,8,3,2097152,3,0,2194.496,3188.928,4259.616,1070.688,PASS,0
PHASEB_formal_r1_C2_RING_SIMPLE_CH8_N4096_q8_rep4,3,4,3,sm_89,R1_EVENT_OVERLAP,NCCL,C2_RING_SIMPLE_CH8,2048,4096,2048,8,4,2097152,3,0,3176.640,4263.072,5331.616,1068.544,PASS,0
PHASEB_formal_r1_C2_RING_SIMPLE_CH8_N4096_q8_rep4,3,4,3,sm_89,R1_EVENT_OVERLAP,NCCL,C2_RING_SIMPLE_CH8,2048,4096,2048,8,5,2097152,3,0,4114.688,5335.040,6395.616,1060.576,PASS,0
PHASEB_formal_r1_C2_RING_SIMPLE_CH8_N4096_q8_rep4,3,4,3,sm_89,R1_EVENT_OVERLAP,NCCL,C2_RING_SIMPLE_CH8,2048,4096,2048,8,6,2097152,3,0,5127.648,6399.040,7380.320,981.280,PASS,0
PHASEB_formal_r1_C2_RING_SIMPLE_CH8_N4096_q8_rep4,3,4,3,sm_89,R1_EVENT_OVERLAP,NCCL,C2_RING_SIMPLE_CH8,2048,4096,2048,8,7,2097152,3,0,6139.392,7383.776,8366.111,982.336,PASS,0
PHASEB_formal_r1_C2_RING_SIMPLE_CH8_N4096_q8_rep4,3,4,3,sm_89,R1_EVENT_OVERLAP,NCCL,C2_RING_SIMPLE_CH8,2048,4096,2048,8,0,2097152,4,0,178.400,184.832,1190.592,1005.760,PASS,0
PHASEB_formal_r1_C2_RING_SIMPLE_CH8_N4096_q8_rep4,3,4,3,sm_89,R1_EVENT_OVERLAP,NCCL,C2_RING_SIMPLE_CH8,2048,4096,2048,8,1,2097152,4,0,293.472,1194.304,2272.096,1077.792,PASS,0
PHASEB_formal_r1_C2_RING_SIMPLE_CH8_N4096_q8_rep4,3,4,3,sm_89,R1_EVENT_OVERLAP,NCCL,C2_RING_SIMPLE_CH8,2048,4096,2048,8,2,2097152,4,0,1184.704,2275.616,3272.384,996.768,PASS,0
PHASEB_formal_r1_C2_RING_SIMPLE_CH8_N4096_q8_rep4,3,4,3,sm_89,R1_EVENT_OVERLAP,NCCL,C2_RING_SIMPLE_CH8,2048,4096,2048,8,3,2097152,4,0,2163.712,3275.936,4271.808,995.872,PASS,0
PHASEB_formal_r1_C2_RING_SIMPLE_CH8_N4096_q8_rep4,3,4,3,sm_89,R1_EVENT_OVERLAP,NCCL,C2_RING_SIMPLE_CH8,2048,4096,2048,8,4,2097152,4,0,2287.680,4275.584,5337.216,1061.632,PASS,0
PHASEB_formal_r1_C2_RING_SIMPLE_CH8_N4096_q8_rep4,3,4,3,sm_89,R1_EVENT_OVERLAP,NCCL,C2_RING_SIMPLE_CH8,2048,4096,2048,8,5,2097152,4,0,3282.976,5340.672,6322.304,981.632,PASS,0
PHASEB_formal_r1_C2_RING_SIMPLE_CH8_N4096_q8_rep4,3,4,3,sm_89,R1_EVENT_OVERLAP,NCCL,C2_RING_SIMPLE_CH8,2048,4096,2048,8,6,2097152,4,0,4263.072,6325.984,7308.576,982.592,PASS,0
PHASEB_formal_r1_C2_RING_SIMPLE_CH8_N4096_q8_rep4,3,4,3,sm_89,R1_EVENT_OVERLAP,NCCL,C2_RING_SIMPLE_CH8,2048,4096,2048,8,7,2097152,4,0,5150.624,7312.032,8293.344,981.312,PASS,0
PHASEB_formal_r1_C2_RING_SIMPLE_CH8_N4096_q8_rep4,3,4,3,sm_89,R1_EVENT_OVERLAP,NCCL,C2_RING_SIMPLE_CH8,2048,4096,2048,8,0,2097152,5,0,213.120,219.264,1217.120,997.856,PASS,0
PHASEB_formal_r1_C2_RING_SIMPLE_CH8_N4096_q8_rep4,3,4,3,sm_89,R1_EVENT_OVERLAP,NCCL,C2_RING_SIMPLE_CH8,2048,4096,2048,8,1,2097152,5,0,327.648,1220.448,2219.872,999.424,PASS,0
PHASEB_formal_r1_C2_RING_SIMPLE_CH8_N4096_q8_rep4,3,4,3,sm_89,R1_EVENT_OVERLAP,NCCL,C2_RING_SIMPLE_CH8,2048,4096,2048,8,2,2097152,5,0,1227.872,2223.552,3301.472,1077.920,PASS,0
PHASEB_formal_r1_C2_RING_SIMPLE_CH8_N4096_q8_rep4,3,4,3,sm_89,R1_EVENT_OVERLAP,NCCL,C2_RING_SIMPLE_CH8,2048,4096,2048,8,3,2097152,5,0,2211.008,3304.864,4380.928,1076.064,PASS,0
PHASEB_formal_r1_C2_RING_SIMPLE_CH8_N4096_q8_rep4,3,4,3,sm_89,R1_EVENT_OVERLAP,NCCL,C2_RING_SIMPLE_CH8,2048,4096,2048,8,4,2097152,5,0,3204.544,4384.320,5460.096,1075.776,PASS,0
PHASEB_formal_r1_C2_RING_SIMPLE_CH8_N4096_q8_rep4,3,4,3,sm_89,R1_EVENT_OVERLAP,NCCL,C2_RING_SIMPLE_CH8,2048,4096,2048,8,5,2097152,5,0,4185.472,5463.520,6446.016,982.496,PASS,0
PHASEB_formal_r1_C2_RING_SIMPLE_CH8_N4096_q8_rep4,3,4,3,sm_89,R1_EVENT_OVERLAP,NCCL,C2_RING_SIMPLE_CH8,2048,4096,2048,8,6,2097152,5,0,5132.992,6449.472,7431.328,981.856,PASS,0
PHASEB_formal_r1_C2_RING_SIMPLE_CH8_N4096_q8_rep4,3,4,3,sm_89,R1_EVENT_OVERLAP,NCCL,C2_RING_SIMPLE_CH8,2048,4096,2048,8,7,2097152,5,0,5474.432,7434.784,8416.832,982.048,PASS,0
PHASEB_formal_r1_C2_RING_SIMPLE_CH8_N4096_q8_rep4,3,4,3,sm_89,R1_EVENT_OVERLAP,NCCL,C2_RING_SIMPLE_CH8,2048,4096,2048,8,0,2097152,6,0,181.504,187.680,1188.480,1000.800,PASS,0
PHASEB_formal_r1_C2_RING_SIMPLE_CH8_N4096_q8_rep4,3,4,3,sm_89,R1_EVENT_OVERLAP,NCCL,C2_RING_SIMPLE_CH8,2048,4096,2048,8,1,2097152,6,0,296.352,1192.832,2199.392,1006.560,PASS,0
PHASEB_formal_r1_C2_RING_SIMPLE_CH8_N4096_q8_rep4,3,4,3,sm_89,R1_EVENT_OVERLAP,NCCL,C2_RING_SIMPLE_CH8,2048,4096,2048,8,2,2097152,6,0,1232.608,2202.784,3280.608,1077.824,PASS,0
PHASEB_formal_r1_C2_RING_SIMPLE_CH8_N4096_q8_rep4,3,4,3,sm_89,R1_EVENT_OVERLAP,NCCL,C2_RING_SIMPLE_CH8,2048,4096,2048,8,3,2097152,6,0,2190.400,3284.064,4287.616,1003.552,PASS,0
PHASEB_formal_r1_C2_RING_SIMPLE_CH8_N4096_q8_rep4,3,4,3,sm_89,R1_EVENT_OVERLAP,NCCL,C2_RING_SIMPLE_CH8,2048,4096,2048,8,4,2097152,6,0,3166.208,4291.104,5354.208,1063.104,PASS,0
PHASEB_formal_r1_C2_RING_SIMPLE_CH8_N4096_q8_rep4,3,4,3,sm_89,R1_EVENT_OVERLAP,NCCL,C2_RING_SIMPLE_CH8,2048,4096,2048,8,5,2097152,6,0,3294.240,5357.632,6339.520,981.888,PASS,0
PHASEB_formal_r1_C2_RING_SIMPLE_CH8_N4096_q8_rep4,3,4,3,sm_89,R1_EVENT_OVERLAP,NCCL,C2_RING_SIMPLE_CH8,2048,4096,2048,8,6,2097152,6,0,4280.992,6342.944,7325.312,982.368,PASS,0
PHASEB_formal_r1_C2_RING_SIMPLE_CH8_N4096_q8_rep4,3,4,3,sm_89,R1_EVENT_OVERLAP,NCCL,C2_RING_SIMPLE_CH8,2048,4096,2048,8,7,2097152,6,0,5230.944,7328.736,8309.472,980.736,PASS,0
PHASEB_formal_r1_C2_RING_SIMPLE_CH8_N4096_q8_rep4,3,4,3,sm_89,R1_EVENT_OVERLAP,NCCL,C2_RING_SIMPLE_CH8,2048,4096,2048,8,0,2097152,7,0,192.128,198.496,1199.456,1000.960,PASS,0
PHASEB_formal_r1_C2_RING_SIMPLE_CH8_N4096_q8_rep4,3,4,3,sm_89,R1_EVENT_OVERLAP,NCCL,C2_RING_SIMPLE_CH8,2048,4096,2048,8,1,2097152,7,0,305.056,1202.848,2206.432,1003.584,PASS,0
PHASEB_formal_r1_C2_RING_SIMPLE_CH8_N4096_q8_rep4,3,4,3,sm_89,R1_EVENT_OVERLAP,NCCL,C2_RING_SIMPLE_CH8,2048,4096,2048,8,2,2097152,7,0,1209.088,2210.272,3199.936,989.664,PASS,0
PHASEB_formal_r1_C2_RING_SIMPLE_CH8_N4096_q8_rep4,3,4,3,sm_89,R1_EVENT_OVERLAP,NCCL,C2_RING_SIMPLE_CH8,2048,4096,2048,8,3,2097152,7,0,2231.904,3203.328,4268.608,1065.280,PASS,0
PHASEB_formal_r1_C2_RING_SIMPLE_CH8_N4096_q8_rep4,3,4,3,sm_89,R1_EVENT_OVERLAP,NCCL,C2_RING_SIMPLE_CH8,2048,4096,2048,8,4,2097152,7,0,3190.432,4272.032,5338.144,1066.112,PASS,0
PHASEB_formal_r1_C2_RING_SIMPLE_CH8_N4096_q8_rep4,3,4,3,sm_89,R1_EVENT_OVERLAP,NCCL,C2_RING_SIMPLE_CH8,2048,4096,2048,8,5,2097152,7,0,4170.688,5341.664,6390.496,1048.832,PASS,0
PHASEB_formal_r1_C2_RING_SIMPLE_CH8_N4096_q8_rep4,3,4,3,sm_89,R1_EVENT_OVERLAP,NCCL,C2_RING_SIMPLE_CH8,2048,4096,2048,8,6,2097152,7,0,5148.544,6393.952,7364.576,970.624,PASS,0
PHASEB_formal_r1_C2_RING_SIMPLE_CH8_N4096_q8_rep4,3,4,3,sm_89,R1_EVENT_OVERLAP,NCCL,C2_RING_SIMPLE_CH8,2048,4096,2048,8,7,2097152,7,0,6138.304,7368.000,8339.743,971.744,PASS,0
PHASEB_formal_r1_C2_RING_SIMPLE_CH8_N4096_q8_rep4,3,4,3,sm_89,R1_EVENT_OVERLAP,NCCL,C2_RING_SIMPLE_CH8,2048,4096,2048,8,0,2097152,8,0,175.360,182.304,1170.784,988.480,PASS,0
PHASEB_formal_r1_C2_RING_SIMPLE_CH8_N4096_q8_rep4,3,4,3,sm_89,R1_EVENT_OVERLAP,NCCL,C2_RING_SIMPLE_CH8,2048,4096,2048,8,1,2097152,8,0,290.112,1174.848,2161.376,986.528,PASS,0
PHASEB_formal_r1_C2_RING_SIMPLE_CH8_N4096_q8_rep4,3,4,3,sm_89,R1_EVENT_OVERLAP,NCCL,C2_RING_SIMPLE_CH8,2048,4096,2048,8,2,2097152,8,0,1208.000,2164.736,3177.056,1012.320,PASS,0
PHASEB_formal_r1_C2_RING_SIMPLE_CH8_N4096_q8_rep4,3,4,3,sm_89,R1_EVENT_OVERLAP,NCCL,C2_RING_SIMPLE_CH8,2048,4096,2048,8,3,2097152,8,0,2174.208,3180.512,4173.152,992.640,PASS,0
PHASEB_formal_r1_C2_RING_SIMPLE_CH8_N4096_q8_rep4,3,4,3,sm_89,R1_EVENT_OVERLAP,NCCL,C2_RING_SIMPLE_CH8,2048,4096,2048,8,4,2097152,8,0,3192.608,4176.640,5163.776,987.136,PASS,0
PHASEB_formal_r1_C2_RING_SIMPLE_CH8_N4096_q8_rep4,3,4,3,sm_89,R1_EVENT_OVERLAP,NCCL,C2_RING_SIMPLE_CH8,2048,4096,2048,8,5,2097152,8,0,4166.592,5167.136,6138.016,970.880,PASS,0
PHASEB_formal_r1_C2_RING_SIMPLE_CH8_N4096_q8_rep4,3,4,3,sm_89,R1_EVENT_OVERLAP,NCCL,C2_RING_SIMPLE_CH8,2048,4096,2048,8,6,2097152,8,0,4285.248,6141.440,7113.440,972.000,PASS,0
PHASEB_formal_r1_C2_RING_SIMPLE_CH8_N4096_q8_rep4,3,4,3,sm_89,R1_EVENT_OVERLAP,NCCL,C2_RING_SIMPLE_CH8,2048,4096,2048,8,7,2097152,8,0,5174.624,7116.864,8087.840,970.976,PASS,0
PHASEB_formal_r1_C2_RING_SIMPLE_CH8_N4096_q8_rep4,3,4,3,sm_89,R1_EVENT_OVERLAP,NCCL,C2_RING_SIMPLE_CH8,2048,4096,2048,8,0,2097152,9,0,182.656,188.832,1177.568,988.736,PASS,0
PHASEB_formal_r1_C2_RING_SIMPLE_CH8_N4096_q8_rep4,3,4,3,sm_89,R1_EVENT_OVERLAP,NCCL,C2_RING_SIMPLE_CH8,2048,4096,2048,8,1,2097152,9,0,296.736,1181.184,2170.432,989.248,PASS,0
PHASEB_formal_r1_C2_RING_SIMPLE_CH8_N4096_q8_rep4,3,4,3,sm_89,R1_EVENT_OVERLAP,NCCL,C2_RING_SIMPLE_CH8,2048,4096,2048,8,2,2097152,9,0,1187.392,2174.048,3159.552,985.504,PASS,0
PHASEB_formal_r1_C2_RING_SIMPLE_CH8_N4096_q8_rep4,3,4,3,sm_89,R1_EVENT_OVERLAP,NCCL,C2_RING_SIMPLE_CH8,2048,4096,2048,8,3,2097152,9,0,2180.448,3162.944,4149.696,986.752,PASS,0
PHASEB_formal_r1_C2_RING_SIMPLE_CH8_N4096_q8_rep4,3,4,3,sm_89,R1_EVENT_OVERLAP,NCCL,C2_RING_SIMPLE_CH8,2048,4096,2048,8,4,2097152,9,0,3171.776,4153.376,5139.008,985.632,PASS,0
PHASEB_formal_r1_C2_RING_SIMPLE_CH8_N4096_q8_rep4,3,4,3,sm_89,R1_EVENT_OVERLAP,NCCL,C2_RING_SIMPLE_CH8,2048,4096,2048,8,5,2097152,9,0,4175.712,5142.368,6128.832,986.464,PASS,0
PHASEB_formal_r1_C2_RING_SIMPLE_CH8_N4096_q8_rep4,3,4,3,sm_89,R1_EVENT_OVERLAP,NCCL,C2_RING_SIMPLE_CH8,2048,4096,2048,8,6,2097152,9,0,5154.304,6132.608,7114.272,981.664,PASS,0
PHASEB_formal_r1_C2_RING_SIMPLE_CH8_N4096_q8_rep4,3,4,3,sm_89,R1_EVENT_OVERLAP,NCCL,C2_RING_SIMPLE_CH8,2048,4096,2048,8,7,2097152,9,0,6138.784,7117.696,8100.160,982.464,PASS,0
PHASEB_formal_r1_C2_RING_SIMPLE_CH8_N4096_q8_rep4,3,4,3,sm_89,R1_EVENT_OVERLAP,NCCL,C2_RING_SIMPLE_CH8,2048,4096,2048,8,0,2097152,10,0,175.136,181.376,1177.984,996.608,PASS,0
PHASEB_formal_r1_C2_RING_SIMPLE_CH8_N4096_q8_rep4,3,4,3,sm_89,R1_EVENT_OVERLAP,NCCL,C2_RING_SIMPLE_CH8,2048,4096,2048,8,1,2097152,10,0,289.184,1182.304,2179.232,996.928,PASS,0
PHASEB_formal_r1_C2_RING_SIMPLE_CH8_N4096_q8_rep4,3,4,3,sm_89,R1_EVENT_OVERLAP,NCCL,C2_RING_SIMPLE_CH8,2048,4096,2048,8,2,2097152,10,0,1203.520,2182.624,3183.072,1000.448,PASS,0
PHASEB_formal_r1_C2_RING_SIMPLE_CH8_N4096_q8_rep4,3,4,3,sm_89,R1_EVENT_OVERLAP,NCCL,C2_RING_SIMPLE_CH8,2048,4096,2048,8,3,2097152,10,0,2170.080,3186.624,4185.760,999.136,PASS,0
PHASEB_formal_r1_C2_RING_SIMPLE_CH8_N4096_q8_rep4,3,4,3,sm_89,R1_EVENT_OVERLAP,NCCL,C2_RING_SIMPLE_CH8,2048,4096,2048,8,4,2097152,10,0,2288.192,4189.184,5252.192,1063.008,PASS,0
PHASEB_formal_r1_C2_RING_SIMPLE_CH8_N4096_q8_rep4,3,4,3,sm_89,R1_EVENT_OVERLAP,NCCL,C2_RING_SIMPLE_CH8,2048,4096,2048,8,5,2097152,10,0,3193.728,5255.648,6236.928,981.280,PASS,0
PHASEB_formal_r1_C2_RING_SIMPLE_CH8_N4096_q8_rep4,3,4,3,sm_89,R1_EVENT_OVERLAP,NCCL,C2_RING_SIMPLE_CH8,2048,4096,2048,8,6,2097152,10,0,4174.816,6240.352,7223.200,982.848,PASS,0
PHASEB_formal_r1_C2_RING_SIMPLE_CH8_N4096_q8_rep4,3,4,3,sm_89,R1_EVENT_OVERLAP,NCCL,C2_RING_SIMPLE_CH8,2048,4096,2048,8,7,2097152,10,0,5170.240,7226.656,8208.064,981.408,PASS,0
PHASEB_formal_r1_C2_RING_SIMPLE_CH8_N4096_q8_rep4,3,4,3,sm_89,R1_EVENT_OVERLAP,NCCL,C2_RING_SIMPLE_CH8,2048,4096,2048,8,0,2097152,11,0,182.304,188.992,1186.912,997.920,PASS,0
PHASEB_formal_r1_C2_RING_SIMPLE_CH8_N4096_q8_rep4,3,4,3,sm_89,R1_EVENT_OVERLAP,NCCL,C2_RING_SIMPLE_CH8,2048,4096,2048,8,1,2097152,11,0,299.392,1190.272,2190.336,1000.064,PASS,0
PHASEB_formal_r1_C2_RING_SIMPLE_CH8_N4096_q8_rep4,3,4,3,sm_89,R1_EVENT_OVERLAP,NCCL,C2_RING_SIMPLE_CH8,2048,4096,2048,8,2,2097152,11,0,1196.448,2193.792,3192.512,998.720,PASS,0
PHASEB_formal_r1_C2_RING_SIMPLE_CH8_N4096_q8_rep4,3,4,3,sm_89,R1_EVENT_OVERLAP,NCCL,C2_RING_SIMPLE_CH8,2048,4096,2048,8,3,2097152,11,0,2200.032,3195.872,4197.152,1001.280,PASS,0
PHASEB_formal_r1_C2_RING_SIMPLE_CH8_N4096_q8_rep4,3,4,3,sm_89,R1_EVENT_OVERLAP,NCCL,C2_RING_SIMPLE_CH8,2048,4096,2048,8,4,2097152,11,0,3182.464,4200.704,5203.872,1003.168,PASS,0
PHASEB_formal_r1_C2_RING_SIMPLE_CH8_N4096_q8_rep4,3,4,3,sm_89,R1_EVENT_OVERLAP,NCCL,C2_RING_SIMPLE_CH8,2048,4096,2048,8,5,2097152,11,0,3304.832,5207.264,6189.664,982.400,PASS,0
PHASEB_formal_r1_C2_RING_SIMPLE_CH8_N4096_q8_rep4,3,4,3,sm_89,R1_EVENT_OVERLAP,NCCL,C2_RING_SIMPLE_CH8,2048,4096,2048,8,6,2097152,11,0,4214.400,6193.120,7174.976,981.856,PASS,0
PHASEB_formal_r1_C2_RING_SIMPLE_CH8_N4096_q8_rep4,3,4,3,sm_89,R1_EVENT_OVERLAP,NCCL,C2_RING_SIMPLE_CH8,2048,4096,2048,8,7,2097152,11,0,5197.024,7178.400,8160.224,981.824,PASS,0
PHASEB_formal_r1_C2_RING_SIMPLE_CH8_N4096_q8_rep4,3,4,3,sm_89,R1_EVENT_OVERLAP,NCCL,C2_RING_SIMPLE_CH8,2048,4096,2048,8,0,2097152,12,0,201.600,207.616,1206.464,998.848,PASS,0
PHASEB_formal_r1_C2_RING_SIMPLE_CH8_N4096_q8_rep4,3,4,3,sm_89,R1_EVENT_OVERLAP,NCCL,C2_RING_SIMPLE_CH8,2048,4096,2048,8,1,2097152,12,0,317.184,1210.176,2205.568,995.392,PASS,0
PHASEB_formal_r1_C2_RING_SIMPLE_CH8_N4096_q8_rep4,3,4,3,sm_89,R1_EVENT_OVERLAP,NCCL,C2_RING_SIMPLE_CH8,2048,4096,2048,8,2,2097152,12,0,1216.384,2208.960,3276.768,1067.808,PASS,0
PHASEB_formal_r1_C2_RING_SIMPLE_CH8_N4096_q8_rep4,3,4,3,sm_89,R1_EVENT_OVERLAP,NCCL,C2_RING_SIMPLE_CH8,2048,4096,2048,8,3,2097152,12,0,2196.416,3280.224,4362.720,1082.496,PASS,0
PHASEB_formal_r1_C2_RING_SIMPLE_CH8_N4096_q8_rep4,3,4,3,sm_89,R1_EVENT_OVERLAP,NCCL,C2_RING_SIMPLE_CH8,2048,4096,2048,8,4,2097152,12,0,3247.968,4366.176,5428.384,1062.208,PASS,0
PHASEB_formal_r1_C2_RING_SIMPLE_CH8_N4096_q8_rep4,3,4,3,sm_89,R1_EVENT_OVERLAP,NCCL,C2_RING_SIMPLE_CH8,2048,4096,2048,8,5,2097152,12,0,4201.024,5431.776,6413.504,981.728,PASS,0
PHASEB_formal_r1_C2_RING_SIMPLE_CH8_N4096_q8_rep4,3,4,3,sm_89,R1_EVENT_OVERLAP,NCCL,C2_RING_SIMPLE_CH8,2048,4096,2048,8,6,2097152,12,0,4316.992,6416.960,7400.384,983.424,PASS,0
PHASEB_formal_r1_C2_RING_SIMPLE_CH8_N4096_q8_rep4,3,4,3,sm_89,R1_EVENT_OVERLAP,NCCL,C2_RING_SIMPLE_CH8,2048,4096,2048,8,7,2097152,12,0,5218.880,7403.808,8385.088,981.280,PASS,0
PHASEB_formal_r1_C2_RING_SIMPLE_CH8_N4096_q8_rep4,3,4,3,sm_89,R1_EVENT_OVERLAP,NCCL,C2_RING_SIMPLE_CH8,2048,4096,2048,8,0,2097152,13,0,181.536,188.160,1184.000,995.840,PASS,0
PHASEB_formal_r1_C2_RING_SIMPLE_CH8_N4096_q8_rep4,3,4,3,sm_89,R1_EVENT_OVERLAP,NCCL,C2_RING_SIMPLE_CH8,2048,4096,2048,8,1,2097152,13,0,295.968,1187.552,2187.872,1000.320,PASS,0
PHASEB_formal_r1_C2_RING_SIMPLE_CH8_N4096_q8_rep4,3,4,3,sm_89,R1_EVENT_OVERLAP,NCCL,C2_RING_SIMPLE_CH8,2048,4096,2048,8,2,2097152,13,0,1219.872,2191.264,3190.816,999.552,PASS,0
PHASEB_formal_r1_C2_RING_SIMPLE_CH8_N4096_q8_rep4,3,4,3,sm_89,R1_EVENT_OVERLAP,NCCL,C2_RING_SIMPLE_CH8,2048,4096,2048,8,3,2097152,13,0,2179.648,3194.176,4193.888,999.712,PASS,0
PHASEB_formal_r1_C2_RING_SIMPLE_CH8_N4096_q8_rep4,3,4,3,sm_89,R1_EVENT_OVERLAP,NCCL,C2_RING_SIMPLE_CH8,2048,4096,2048,8,4,2097152,13,0,2304.864,4197.440,5219.712,1022.272,PASS,0
PHASEB_formal_r1_C2_RING_SIMPLE_CH8_N4096_q8_rep4,3,4,3,sm_89,R1_EVENT_OVERLAP,NCCL,C2_RING_SIMPLE_CH8,2048,4096,2048,8,5,2097152,13,0,3200.544,5223.136,6205.600,982.464,PASS,0
PHASEB_formal_r1_C2_RING_SIMPLE_CH8_N4096_q8_rep4,3,4,3,sm_89,R1_EVENT_OVERLAP,NCCL,C2_RING_SIMPLE_CH8,2048,4096,2048,8,6,2097152,13,0,4203.968,6209.056,7190.336,981.280,PASS,0
PHASEB_formal_r1_C2_RING_SIMPLE_CH8_N4096_q8_rep4,3,4,3,sm_89,R1_EVENT_OVERLAP,NCCL,C2_RING_SIMPLE_CH8,2048,4096,2048,8,7,2097152,13,0,5234.976,7193.760,8175.648,981.888,PASS,0
PHASEB_formal_r1_C2_RING_SIMPLE_CH8_N4096_q8_rep4,3,4,3,sm_89,R1_EVENT_OVERLAP,NCCL,C2_RING_SIMPLE_CH8,2048,4096,2048,8,0,2097152,14,0,189.024,195.264,1192.864,997.600,PASS,0
PHASEB_formal_r1_C2_RING_SIMPLE_CH8_N4096_q8_rep4,3,4,3,sm_89,R1_EVENT_OVERLAP,NCCL,C2_RING_SIMPLE_CH8,2048,4096,2048,8,1,2097152,14,0,303.840,1196.768,2196.352,999.584,PASS,0
PHASEB_formal_r1_C2_RING_SIMPLE_CH8_N4096_q8_rep4,3,4,3,sm_89,R1_EVENT_OVERLAP,NCCL,C2_RING_SIMPLE_CH8,2048,4096,2048,8,2,2097152,14,0,1208.416,2199.744,3195.232,995.488,PASS,0
PHASEB_formal_r1_C2_RING_SIMPLE_CH8_N4096_q8_rep4,3,4,3,sm_89,R1_EVENT_OVERLAP,NCCL,C2_RING_SIMPLE_CH8,2048,4096,2048,8,3,2097152,14,0,2212.192,3198.688,4275.136,1076.448,PASS,0
PHASEB_formal_r1_C2_RING_SIMPLE_CH8_N4096_q8_rep4,3,4,3,sm_89,R1_EVENT_OVERLAP,NCCL,C2_RING_SIMPLE_CH8,2048,4096,2048,8,4,2097152,14,0,3186.720,4279.040,5275.200,996.160,PASS,0
PHASEB_formal_r1_C2_RING_SIMPLE_CH8_N4096_q8_rep4,3,4,3,sm_89,R1_EVENT_OVERLAP,NCCL,C2_RING_SIMPLE_CH8,2048,4096,2048,8,5,2097152,14,0,4171.712,5278.624,6260.608,981.984,PASS,0
PHASEB_formal_r1_C2_RING_SIMPLE_CH8_N4096_q8_rep4,3,4,3,sm_89,R1_EVENT_OVERLAP,NCCL,C2_RING_SIMPLE_CH8,2048,4096,2048,8,6,2097152,14,0,4307.424,6264.416,7247.200,982.784,PASS,0
PHASEB_formal_r1_C2_RING_SIMPLE_CH8_N4096_q8_rep4,3,4,3,sm_89,R1_EVENT_OVERLAP,NCCL,C2_RING_SIMPLE_CH8,2048,4096,2048,8,7,2097152,14,0,5285.984,7250.624,8231.168,980.544,PASS,0
PHASEB_formal_r1_C2_RING_SIMPLE_CH8_N4096_q8_rep4,3,4,3,sm_89,R1_EVENT_OVERLAP,NCCL,C2_RING_SIMPLE_CH8,2048,4096,2048,8,0,2097152,15,0,176.960,183.968,1185.024,1001.056,PASS,0
PHASEB_formal_r1_C2_RING_SIMPLE_CH8_N4096_q8_rep4,3,4,3,sm_89,R1_EVENT_OVERLAP,NCCL,C2_RING_SIMPLE_CH8,2048,4096,2048,8,1,2097152,15,0,292.224,1188.384,2187.776,999.392,PASS,0
PHASEB_formal_r1_C2_RING_SIMPLE_CH8_N4096_q8_rep4,3,4,3,sm_89,R1_EVENT_OVERLAP,NCCL,C2_RING_SIMPLE_CH8,2048,4096,2048,8,2,2097152,15,0,1198.272,2191.232,3265.920,1074.688,PASS,0
PHASEB_formal_r1_C2_RING_SIMPLE_CH8_N4096_q8_rep4,3,4,3,sm_89,R1_EVENT_OVERLAP,NCCL,C2_RING_SIMPLE_CH8,2048,4096,2048,8,3,2097152,15,0,2179.776,3269.376,4341.824,1072.448,PASS,0
PHASEB_formal_r1_C2_RING_SIMPLE_CH8_N4096_q8_rep4,3,4,3,sm_89,R1_EVENT_OVERLAP,NCCL,C2_RING_SIMPLE_CH8,2048,4096,2048,8,4,2097152,15,0,3190.144,4345.344,5413.440,1068.096,PASS,0
PHASEB_formal_r1_C2_RING_SIMPLE_CH8_N4096_q8_rep4,3,4,3,sm_89,R1_EVENT_OVERLAP,NCCL,C2_RING_SIMPLE_CH8,2048,4096,2048,8,5,2097152,15,0,4190.304,5416.832,6476.480,1059.648,PASS,0
PHASEB_formal_r1_C2_RING_SIMPLE_CH8_N4096_q8_rep4,3,4,3,sm_89,R1_EVENT_OVERLAP,NCCL,C2_RING_SIMPLE_CH8,2048,4096,2048,8,6,2097152,15,0,5188.096,6479.904,7461.376,981.472,PASS,0
PHASEB_formal_r1_C2_RING_SIMPLE_CH8_N4096_q8_rep4,3,4,3,sm_89,R1_EVENT_OVERLAP,NCCL,C2_RING_SIMPLE_CH8,2048,4096,2048,8,7,2097152,15,0,6177.088,7464.768,8447.456,982.688,PASS,0
PHASEB_formal_r1_C2_RING_SIMPLE_CH8_N4096_q8_rep4,3,4,3,sm_89,R1_EVENT_OVERLAP,NCCL,C2_RING_SIMPLE_CH8,2048,4096,2048,8,0,2097152,16,0,176.512,182.496,1180.224,997.728,PASS,0
PHASEB_formal_r1_C2_RING_SIMPLE_CH8_N4096_q8_rep4,3,4,3,sm_89,R1_EVENT_OVERLAP,NCCL,C2_RING_SIMPLE_CH8,2048,4096,2048,8,1,2097152,16,0,290.528,1183.616,2182.016,998.400,PASS,0
PHASEB_formal_r1_C2_RING_SIMPLE_CH8_N4096_q8_rep4,3,4,3,sm_89,R1_EVENT_OVERLAP,NCCL,C2_RING_SIMPLE_CH8,2048,4096,2048,8,2,2097152,16,0,1189.760,2185.408,3184.704,999.296,PASS,0
PHASEB_formal_r1_C2_RING_SIMPLE_CH8_N4096_q8_rep4,3,4,3,sm_89,R1_EVENT_OVERLAP,NCCL,C2_RING_SIMPLE_CH8,2048,4096,2048,8,3,2097152,16,0,2192.448,3188.128,4196.704,1008.576,PASS,0
PHASEB_formal_r1_C2_RING_SIMPLE_CH8_N4096_q8_rep4,3,4,3,sm_89,R1_EVENT_OVERLAP,NCCL,C2_RING_SIMPLE_CH8,2048,4096,2048,8,4,2097152,16,0,3194.272,4200.736,5196.384,995.648,PASS,0
PHASEB_formal_r1_C2_RING_SIMPLE_CH8_N4096_q8_rep4,3,4,3,sm_89,R1_EVENT_OVERLAP,NCCL,C2_RING_SIMPLE_CH8,2048,4096,2048,8,5,2097152,16,0,4217.952,5199.808,6262.464,1062.656,PASS,0
PHASEB_formal_r1_C2_RING_SIMPLE_CH8_N4096_q8_rep4,3,4,3,sm_89,R1_EVENT_OVERLAP,NCCL,C2_RING_SIMPLE_CH8,2048,4096,2048,8,6,2097152,16,0,5186.048,6265.888,7248.320,982.432,PASS,0
PHASEB_formal_r1_C2_RING_SIMPLE_CH8_N4096_q8_rep4,3,4,3,sm_89,R1_EVENT_OVERLAP,NCCL,C2_RING_SIMPLE_CH8,2048,4096,2048,8,7,2097152,16,0,6177.440,7251.744,8232.864,981.120,PASS,0
PHASEB_formal_r1_C2_RING_SIMPLE_CH8_N4096_q8_rep4,3,4,3,sm_89,R1_EVENT_OVERLAP,NCCL,C2_RING_SIMPLE_CH8,2048,4096,2048,8,0,2097152,17,0,185.824,192.256,1191.136,998.880,PASS,0
PHASEB_formal_r1_C2_RING_SIMPLE_CH8_N4096_q8_rep4,3,4,3,sm_89,R1_EVENT_OVERLAP,NCCL,C2_RING_SIMPLE_CH8,2048,4096,2048,8,1,2097152,17,0,300.512,1194.592,2190.048,995.456,PASS,0
PHASEB_formal_r1_C2_RING_SIMPLE_CH8_N4096_q8_rep4,3,4,3,sm_89,R1_EVENT_OVERLAP,NCCL,C2_RING_SIMPLE_CH8,2048,4096,2048,8,2,2097152,17,0,1204.096,2193.696,3193.632,999.936,PASS,0
PHASEB_formal_r1_C2_RING_SIMPLE_CH8_N4096_q8_rep4,3,4,3,sm_89,R1_EVENT_OVERLAP,NCCL,C2_RING_SIMPLE_CH8,2048,4096,2048,8,3,2097152,17,0,2181.024,3197.024,4198.496,1001.472,PASS,0
PHASEB_formal_r1_C2_RING_SIMPLE_CH8_N4096_q8_rep4,3,4,3,sm_89,R1_EVENT_OVERLAP,NCCL,C2_RING_SIMPLE_CH8,2048,4096,2048,8,4,2097152,17,0,2299.584,4201.920,5263.712,1061.792,PASS,0
PHASEB_formal_r1_C2_RING_SIMPLE_CH8_N4096_q8_rep4,3,4,3,sm_89,R1_EVENT_OVERLAP,NCCL,C2_RING_SIMPLE_CH8,2048,4096,2048,8,5,2097152,17,0,3203.264,5267.136,6250.048,982.912,PASS,0
PHASEB_formal_r1_C2_RING_SIMPLE_CH8_N4096_q8_rep4,3,4,3,sm_89,R1_EVENT_OVERLAP,NCCL,C2_RING_SIMPLE_CH8,2048,4096,2048,8,6,2097152,17,0,4189.856,6253.472,7235.296,981.824,PASS,0
PHASEB_formal_r1_C2_RING_SIMPLE_CH8_N4096_q8_rep4,3,4,3,sm_89,R1_EVENT_OVERLAP,NCCL,C2_RING_SIMPLE_CH8,2048,4096,2048,8,7,2097152,17,0,5196.960,7238.720,8220.864,982.144,PASS,0
PHASEB_formal_r1_C2_RING_SIMPLE_CH8_N4096_q8_rep4,3,4,3,sm_89,R1_EVENT_OVERLAP,NCCL,C2_RING_SIMPLE_CH8,2048,4096,2048,8,0,2097152,18,0,181.184,187.584,1184.960,997.376,PASS,0
PHASEB_formal_r1_C2_RING_SIMPLE_CH8_N4096_q8_rep4,3,4,3,sm_89,R1_EVENT_OVERLAP,NCCL,C2_RING_SIMPLE_CH8,2048,4096,2048,8,1,2097152,18,0,296.608,1188.576,2186.144,997.568,PASS,0
PHASEB_formal_r1_C2_RING_SIMPLE_CH8_N4096_q8_rep4,3,4,3,sm_89,R1_EVENT_OVERLAP,NCCL,C2_RING_SIMPLE_CH8,2048,4096,2048,8,2,2097152,18,0,1212.448,2189.632,3187.328,997.696,PASS,0
PHASEB_formal_r1_C2_RING_SIMPLE_CH8_N4096_q8_rep4,3,4,3,sm_89,R1_EVENT_OVERLAP,NCCL,C2_RING_SIMPLE_CH8,2048,4096,2048,8,3,2097152,18,0,2197.056,3190.944,4264.928,1073.984,PASS,0
PHASEB_formal_r1_C2_RING_SIMPLE_CH8_N4096_q8_rep4,3,4,3,sm_89,R1_EVENT_OVERLAP,NCCL,C2_RING_SIMPLE_CH8,2048,4096,2048,8,4,2097152,18,0,3178.912,4268.768,5338.272,1069.504,PASS,0
PHASEB_formal_r1_C2_RING_SIMPLE_CH8_N4096_q8_rep4,3,4,3,sm_89,R1_EVENT_OVERLAP,NCCL,C2_RING_SIMPLE_CH8,2048,4096,2048,8,5,2097152,18,0,4168.864,5341.600,6401.664,1060.064,PASS,0
PHASEB_formal_r1_C2_RING_SIMPLE_CH8_N4096_q8_rep4,3,4,3,sm_89,R1_EVENT_OVERLAP,NCCL,C2_RING_SIMPLE_CH8,2048,4096,2048,8,6,2097152,18,0,5166.240,6405.088,7387.328,982.240,PASS,0
PHASEB_formal_r1_C2_RING_SIMPLE_CH8_N4096_q8_rep4,3,4,3,sm_89,R1_EVENT_OVERLAP,NCCL,C2_RING_SIMPLE_CH8,2048,4096,2048,8,7,2097152,18,0,6189.536,7390.880,8371.487,980.608,PASS,0
PHASEB_formal_r1_C2_RING_SIMPLE_CH8_N4096_q8_rep4,3,4,3,sm_89,R1_EVENT_OVERLAP,NCCL,C2_RING_SIMPLE_CH8,2048,4096,2048,8,0,2097152,19,0,176.128,182.592,1185.280,1002.688,PASS,0
PHASEB_formal_r1_C2_RING_SIMPLE_CH8_N4096_q8_rep4,3,4,3,sm_89,R1_EVENT_OVERLAP,NCCL,C2_RING_SIMPLE_CH8,2048,4096,2048,8,1,2097152,19,0,290.240,1188.928,2193.280,1004.352,PASS,0
PHASEB_formal_r1_C2_RING_SIMPLE_CH8_N4096_q8_rep4,3,4,3,sm_89,R1_EVENT_OVERLAP,NCCL,C2_RING_SIMPLE_CH8,2048,4096,2048,8,2,2097152,19,0,1195.136,2196.640,3272.416,1075.776,PASS,0
PHASEB_formal_r1_C2_RING_SIMPLE_CH8_N4096_q8_rep4,3,4,3,sm_89,R1_EVENT_OVERLAP,NCCL,C2_RING_SIMPLE_CH8,2048,4096,2048,8,3,2097152,19,0,2187.232,3276.064,4274.048,997.984,PASS,0
PHASEB_formal_r1_C2_RING_SIMPLE_CH8_N4096_q8_rep4,3,4,3,sm_89,R1_EVENT_OVERLAP,NCCL,C2_RING_SIMPLE_CH8,2048,4096,2048,8,4,2097152,19,0,3166.080,4277.408,5344.992,1067.584,PASS,0
PHASEB_formal_r1_C2_RING_SIMPLE_CH8_N4096_q8_rep4,3,4,3,sm_89,R1_EVENT_OVERLAP,NCCL,C2_RING_SIMPLE_CH8,2048,4096,2048,8,5,2097152,19,0,3304.416,5348.448,6331.424,982.976,PASS,0
PHASEB_formal_r1_C2_RING_SIMPLE_CH8_N4096_q8_rep4,3,4,3,sm_89,R1_EVENT_OVERLAP,NCCL,C2_RING_SIMPLE_CH8,2048,4096,2048,8,6,2097152,19,0,4265.440,6334.848,7316.192,981.344,PASS,0
PHASEB_formal_r1_C2_RING_SIMPLE_CH8_N4096_q8_rep4,3,4,3,sm_89,R1_EVENT_OVERLAP,NCCL,C2_RING_SIMPLE_CH8,2048,4096,2048,8,7,2097152,19,0,5158.944,7319.648,8301.535,981.888,PASS,0
PHASEB_formal_r1_C2_RING_SIMPLE_CH8_N4096_q8_rep4,3,4,3,sm_89,R1_EVENT_OVERLAP,NCCL,C2_RING_SIMPLE_CH8,2048,4096,2048,8,0,2097152,20,0,201.728,207.680,1215.616,1007.936,PASS,0
PHASEB_formal_r1_C2_RING_SIMPLE_CH8_N4096_q8_rep4,3,4,3,sm_89,R1_EVENT_OVERLAP,NCCL,C2_RING_SIMPLE_CH8,2048,4096,2048,8,1,2097152,20,0,315.968,1218.976,2296.256,1077.280,PASS,0
PHASEB_formal_r1_C2_RING_SIMPLE_CH8_N4096_q8_rep4,3,4,3,sm_89,R1_EVENT_OVERLAP,NCCL,C2_RING_SIMPLE_CH8,2048,4096,2048,8,2,2097152,20,0,1209.504,2299.936,3368.960,1069.024,PASS,0
PHASEB_formal_r1_C2_RING_SIMPLE_CH8_N4096_q8_rep4,3,4,3,sm_89,R1_EVENT_OVERLAP,NCCL,C2_RING_SIMPLE_CH8,2048,4096,2048,8,3,2097152,20,0,2190.688,3372.800,4448.224,1075.424,PASS,0
PHASEB_formal_r1_C2_RING_SIMPLE_CH8_N4096_q8_rep4,3,4,3,sm_89,R1_EVENT_OVERLAP,NCCL,C2_RING_SIMPLE_CH8,2048,4096,2048,8,4,2097152,20,0,3209.216,4451.808,5449.216,997.408,PASS,0
PHASEB_formal_r1_C2_RING_SIMPLE_CH8_N4096_q8_rep4,3,4,3,sm_89,R1_EVENT_OVERLAP,NCCL,C2_RING_SIMPLE_CH8,2048,4096,2048,8,5,2097152,20,0,4184.352,5452.672,6434.400,981.728,PASS,0
PHASEB_formal_r1_C2_RING_SIMPLE_CH8_N4096_q8_rep4,3,4,3,sm_89,R1_EVENT_OVERLAP,NCCL,C2_RING_SIMPLE_CH8,2048,4096,2048,8,6,2097152,20,0,4458.016,6437.856,7419.936,982.080,PASS,0
PHASEB_formal_r1_C2_RING_SIMPLE_CH8_N4096_q8_rep4,3,4,3,sm_89,R1_EVENT_OVERLAP,NCCL,C2_RING_SIMPLE_CH8,2048,4096,2048,8,7,2097152,20,0,5460.000,7423.392,8404.159,980.768,PASS,0
PHASEB_formal_r1_C2_RING_SIMPLE_CH8_N4096_q8_rep4,3,4,3,sm_89,R1_EVENT_OVERLAP,NCCL,C2_RING_SIMPLE_CH8,2048,4096,2048,8,0,2097152,21,0,180.800,187.200,1186.144,998.944,PASS,0
PHASEB_formal_r1_C2_RING_SIMPLE_CH8_N4096_q8_rep4,3,4,3,sm_89,R1_EVENT_OVERLAP,NCCL,C2_RING_SIMPLE_CH8,2048,4096,2048,8,1,2097152,21,0,296.032,1190.208,2189.760,999.552,PASS,0
PHASEB_formal_r1_C2_RING_SIMPLE_CH8_N4096_q8_rep4,3,4,3,sm_89,R1_EVENT_OVERLAP,NCCL,C2_RING_SIMPLE_CH8,2048,4096,2048,8,2,2097152,21,0,1223.488,2193.184,3284.640,1091.456,PASS,0
PHASEB_formal_r1_C2_RING_SIMPLE_CH8_N4096_q8_rep4,3,4,3,sm_89,R1_EVENT_OVERLAP,NCCL,C2_RING_SIMPLE_CH8,2048,4096,2048,8,3,2097152,21,0,2180.160,3288.320,4359.616,1071.296,PASS,0
PHASEB_formal_r1_C2_RING_SIMPLE_CH8_N4096_q8_rep4,3,4,3,sm_89,R1_EVENT_OVERLAP,NCCL,C2_RING_SIMPLE_CH8,2048,4096,2048,8,4,2097152,21,0,3180.864,4363.296,5432.608,1069.312,PASS,0
PHASEB_formal_r1_C2_RING_SIMPLE_CH8_N4096_q8_rep4,3,4,3,sm_89,R1_EVENT_OVERLAP,NCCL,C2_RING_SIMPLE_CH8,2048,4096,2048,8,5,2097152,21,0,4186.432,5435.968,6495.968,1060.000,PASS,0
PHASEB_formal_r1_C2_RING_SIMPLE_CH8_N4096_q8_rep4,3,4,3,sm_89,R1_EVENT_OVERLAP,NCCL,C2_RING_SIMPLE_CH8,2048,4096,2048,8,6,2097152,21,0,5156.544,6499.392,7481.568,982.176,PASS,0
PHASEB_formal_r1_C2_RING_SIMPLE_CH8_N4096_q8_rep4,3,4,3,sm_89,R1_EVENT_OVERLAP,NCCL,C2_RING_SIMPLE_CH8,2048,4096,2048,8,7,2097152,21,0,6151.808,7485.024,8467.328,982.304,PASS,0
PHASEB_formal_r1_C2_RING_SIMPLE_CH8_N4096_q8_rep4,3,4,3,sm_89,R1_EVENT_OVERLAP,NCCL,C2_RING_SIMPLE_CH8,2048,4096,2048,8,0,2097152,22,0,210.880,217.056,1213.792,996.736,PASS,0
PHASEB_formal_r1_C2_RING_SIMPLE_CH8_N4096_q8_rep4,3,4,3,sm_89,R1_EVENT_OVERLAP,NCCL,C2_RING_SIMPLE_CH8,2048,4096,2048,8,1,2097152,22,0,325.792,1218.240,2216.928,998.688,PASS,0
PHASEB_formal_r1_C2_RING_SIMPLE_CH8_N4096_q8_rep4,3,4,3,sm_89,R1_EVENT_OVERLAP,NCCL,C2_RING_SIMPLE_CH8,2048,4096,2048,8,2,2097152,22,0,1238.176,2220.320,3218.368,998.048,PASS,0
PHASEB_formal_r1_C2_RING_SIMPLE_CH8_N4096_q8_rep4,3,4,3,sm_89,R1_EVENT_OVERLAP,NCCL,C2_RING_SIMPLE_CH8,2048,4096,2048,8,3,2097152,22,0,2229.568,3221.824,4222.912,1001.088,PASS,0
PHASEB_formal_r1_C2_RING_SIMPLE_CH8_N4096_q8_rep4,3,4,3,sm_89,R1_EVENT_OVERLAP,NCCL,C2_RING_SIMPLE_CH8,2048,4096,2048,8,4,2097152,22,0,3228.480,4226.656,5299.456,1072.800,PASS,0
PHASEB_formal_r1_C2_RING_SIMPLE_CH8_N4096_q8_rep4,3,4,3,sm_89,R1_EVENT_OVERLAP,NCCL,C2_RING_SIMPLE_CH8,2048,4096,2048,8,5,2097152,22,0,4213.344,5302.912,6364.704,1061.792,PASS,0
PHASEB_formal_r1_C2_RING_SIMPLE_CH8_N4096_q8_rep4,3,4,3,sm_89,R1_EVENT_OVERLAP,NCCL,C2_RING_SIMPLE_CH8,2048,4096,2048,8,6,2097152,22,0,5184.896,6368.128,7350.720,982.592,PASS,0
PHASEB_formal_r1_C2_RING_SIMPLE_CH8_N4096_q8_rep4,3,4,3,sm_89,R1_EVENT_OVERLAP,NCCL,C2_RING_SIMPLE_CH8,2048,4096,2048,8,7,2097152,22,0,6177.280,7354.176,8335.200,981.024,PASS,0
PHASEB_formal_r1_C2_RING_SIMPLE_CH8_N4096_q8_rep4,3,4,3,sm_89,R1_EVENT_OVERLAP,NCCL,C2_RING_SIMPLE_CH8,2048,4096,2048,8,0,2097152,23,0,183.040,189.440,1197.536,1008.096,PASS,0
PHASEB_formal_r1_C2_RING_SIMPLE_CH8_N4096_q8_rep4,3,4,3,sm_89,R1_EVENT_OVERLAP,NCCL,C2_RING_SIMPLE_CH8,2048,4096,2048,8,1,2097152,23,0,298.176,1201.248,2197.120,995.872,PASS,0
PHASEB_formal_r1_C2_RING_SIMPLE_CH8_N4096_q8_rep4,3,4,3,sm_89,R1_EVENT_OVERLAP,NCCL,C2_RING_SIMPLE_CH8,2048,4096,2048,8,2,2097152,23,0,1234.144,2200.576,3198.240,997.664,PASS,0
PHASEB_formal_r1_C2_RING_SIMPLE_CH8_N4096_q8_rep4,3,4,3,sm_89,R1_EVENT_OVERLAP,NCCL,C2_RING_SIMPLE_CH8,2048,4096,2048,8,3,2097152,23,0,2188.608,3201.632,4201.280,999.648,PASS,0
PHASEB_formal_r1_C2_RING_SIMPLE_CH8_N4096_q8_rep4,3,4,3,sm_89,R1_EVENT_OVERLAP,NCCL,C2_RING_SIMPLE_CH8,2048,4096,2048,8,4,2097152,23,0,2307.648,4204.736,5266.752,1062.016,PASS,0
PHASEB_formal_r1_C2_RING_SIMPLE_CH8_N4096_q8_rep4,3,4,3,sm_89,R1_EVENT_OVERLAP,NCCL,C2_RING_SIMPLE_CH8,2048,4096,2048,8,5,2097152,23,0,3212.320,5270.176,6252.928,982.752,PASS,0
PHASEB_formal_r1_C2_RING_SIMPLE_CH8_N4096_q8_rep4,3,4,3,sm_89,R1_EVENT_OVERLAP,NCCL,C2_RING_SIMPLE_CH8,2048,4096,2048,8,6,2097152,23,0,4192.160,6256.352,7238.240,981.888,PASS,0
PHASEB_formal_r1_C2_RING_SIMPLE_CH8_N4096_q8_rep4,3,4,3,sm_89,R1_EVENT_OVERLAP,NCCL,C2_RING_SIMPLE_CH8,2048,4096,2048,8,7,2097152,23,0,5170.368,7241.632,8224.000,982.368,PASS,0
PHASEB_formal_r1_C2_RING_SIMPLE_CH8_N4096_q8_rep4,3,4,3,sm_89,R1_EVENT_OVERLAP,NCCL,C2_RING_SIMPLE_CH8,2048,4096,2048,8,0,2097152,24,0,182.368,188.768,1189.824,1001.056,PASS,0
PHASEB_formal_r1_C2_RING_SIMPLE_CH8_N4096_q8_rep4,3,4,3,sm_89,R1_EVENT_OVERLAP,NCCL,C2_RING_SIMPLE_CH8,2048,4096,2048,8,1,2097152,24,0,297.088,1193.248,2193.088,999.840,PASS,0
PHASEB_formal_r1_C2_RING_SIMPLE_CH8_N4096_q8_rep4,3,4,3,sm_89,R1_EVENT_OVERLAP,NCCL,C2_RING_SIMPLE_CH8,2048,4096,2048,8,2,2097152,24,0,1199.552,2196.448,3191.616,995.168,PASS,0
PHASEB_formal_r1_C2_RING_SIMPLE_CH8_N4096_q8_rep4,3,4,3,sm_89,R1_EVENT_OVERLAP,NCCL,C2_RING_SIMPLE_CH8,2048,4096,2048,8,3,2097152,24,0,2210.304,3194.976,4270.592,1075.616,PASS,0
PHASEB_formal_r1_C2_RING_SIMPLE_CH8_N4096_q8_rep4,3,4,3,sm_89,R1_EVENT_OVERLAP,NCCL,C2_RING_SIMPLE_CH8,2048,4096,2048,8,4,2097152,24,0,3182.112,4274.240,5353.408,1079.168,PASS,0
PHASEB_formal_r1_C2_RING_SIMPLE_CH8_N4096_q8_rep4,3,4,3,sm_89,R1_EVENT_OVERLAP,NCCL,C2_RING_SIMPLE_CH8,2048,4096,2048,8,5,2097152,24,0,4167.712,5356.768,6415.680,1058.912,PASS,0
PHASEB_formal_r1_C2_RING_SIMPLE_CH8_N4096_q8_rep4,3,4,3,sm_89,R1_EVENT_OVERLAP,NCCL,C2_RING_SIMPLE_CH8,2048,4096,2048,8,6,2097152,24,0,5160.800,6419.104,7401.952,982.848,PASS,0
PHASEB_formal_r1_C2_RING_SIMPLE_CH8_N4096_q8_rep4,3,4,3,sm_89,R1_EVENT_OVERLAP,NCCL,C2_RING_SIMPLE_CH8,2048,4096,2048,8,7,2097152,24,0,6152.288,7405.408,8386.783,981.376,PASS,0
PHASEB_formal_r1_C2_RING_SIMPLE_CH8_N4096_q8_rep4,3,4,3,sm_89,R1_EVENT_OVERLAP,NCCL,C2_RING_SIMPLE_CH8,2048,4096,2048,8,0,2097152,25,0,184.416,190.336,1196.992,1006.656,PASS,0
PHASEB_formal_r1_C2_RING_SIMPLE_CH8_N4096_q8_rep4,3,4,3,sm_89,R1_EVENT_OVERLAP,NCCL,C2_RING_SIMPLE_CH8,2048,4096,2048,8,1,2097152,25,0,299.296,1200.800,2198.752,997.952,PASS,0
PHASEB_formal_r1_C2_RING_SIMPLE_CH8_N4096_q8_rep4,3,4,3,sm_89,R1_EVENT_OVERLAP,NCCL,C2_RING_SIMPLE_CH8,2048,4096,2048,8,2,2097152,25,0,1226.208,2202.368,3279.968,1077.600,PASS,0
PHASEB_formal_r1_C2_RING_SIMPLE_CH8_N4096_q8_rep4,3,4,3,sm_89,R1_EVENT_OVERLAP,NCCL,C2_RING_SIMPLE_CH8,2048,4096,2048,8,3,2097152,25,0,2189.024,3283.712,4356.192,1072.480,PASS,0
PHASEB_formal_r1_C2_RING_SIMPLE_CH8_N4096_q8_rep4,3,4,3,sm_89,R1_EVENT_OVERLAP,NCCL,C2_RING_SIMPLE_CH8,2048,4096,2048,8,4,2097152,25,0,3190.016,4359.648,5436.896,1077.248,PASS,0
PHASEB_formal_r1_C2_RING_SIMPLE_CH8_N4096_q8_rep4,3,4,3,sm_89,R1_EVENT_OVERLAP,NCCL,C2_RING_SIMPLE_CH8,2048,4096,2048,8,5,2097152,25,0,4183.712,5440.320,6422.816,982.496,PASS,0
PHASEB_formal_r1_C2_RING_SIMPLE_CH8_N4096_q8_rep4,3,4,3,sm_89,R1_EVENT_OVERLAP,NCCL,C2_RING_SIMPLE_CH8,2048,4096,2048,8,6,2097152,25,0,5176.128,6426.240,7408.096,981.856,PASS,0
PHASEB_formal_r1_C2_RING_SIMPLE_CH8_N4096_q8_rep4,3,4,3,sm_89,R1_EVENT_OVERLAP,NCCL,C2_RING_SIMPLE_CH8,2048,4096,2048,8,7,2097152,25,0,5429.984,7411.520,8394.017,982.496,PASS,0
PHASEB_formal_r1_C2_RING_SIMPLE_CH8_N4096_q8_rep4,3,4,3,sm_89,R1_EVENT_OVERLAP,NCCL,C2_RING_SIMPLE_CH8,2048,4096,2048,8,0,2097152,26,0,176.160,182.464,1182.400,999.936,PASS,0
PHASEB_formal_r1_C2_RING_SIMPLE_CH8_N4096_q8_rep4,3,4,3,sm_89,R1_EVENT_OVERLAP,NCCL,C2_RING_SIMPLE_CH8,2048,4096,2048,8,1,2097152,26,0,291.264,1185.728,2187.040,1001.312,PASS,0
PHASEB_formal_r1_C2_RING_SIMPLE_CH8_N4096_q8_rep4,3,4,3,sm_89,R1_EVENT_OVERLAP,NCCL,C2_RING_SIMPLE_CH8,2048,4096,2048,8,2,2097152,26,0,1192.928,2190.400,3187.008,996.608,PASS,0
PHASEB_formal_r1_C2_RING_SIMPLE_CH8_N4096_q8_rep4,3,4,3,sm_89,R1_EVENT_OVERLAP,NCCL,C2_RING_SIMPLE_CH8,2048,4096,2048,8,3,2097152,26,0,2199.616,3190.432,4264.448,1074.016,PASS,0
PHASEB_formal_r1_C2_RING_SIMPLE_CH8_N4096_q8_rep4,3,4,3,sm_89,R1_EVENT_OVERLAP,NCCL,C2_RING_SIMPLE_CH8,2048,4096,2048,8,4,2097152,26,0,3178.016,4267.808,5344.640,1076.832,PASS,0
PHASEB_formal_r1_C2_RING_SIMPLE_CH8_N4096_q8_rep4,3,4,3,sm_89,R1_EVENT_OVERLAP,NCCL,C2_RING_SIMPLE_CH8,2048,4096,2048,8,5,2097152,26,0,4159.744,5348.544,6408.512,1059.968,PASS,0
PHASEB_formal_r1_C2_RING_SIMPLE_CH8_N4096_q8_rep4,3,4,3,sm_89,R1_EVENT_OVERLAP,NCCL,C2_RING_SIMPLE_CH8,2048,4096,2048,8,6,2097152,26,0,5157.248,6411.968,7394.496,982.528,PASS,0
PHASEB_formal_r1_C2_RING_SIMPLE_CH8_N4096_q8_rep4,3,4,3,sm_89,R1_EVENT_OVERLAP,NCCL,C2_RING_SIMPLE_CH8,2048,4096,2048,8,7,2097152,26,0,6165.408,7397.920,8378.688,980.768,PASS,0
PHASEB_formal_r1_C2_RING_SIMPLE_CH8_N4096_q8_rep4,3,4,3,sm_89,R1_EVENT_OVERLAP,NCCL,C2_RING_SIMPLE_CH8,2048,4096,2048,8,0,2097152,27,0,181.184,187.968,1194.848,1006.880,PASS,0
PHASEB_formal_r1_C2_RING_SIMPLE_CH8_N4096_q8_rep4,3,4,3,sm_89,R1_EVENT_OVERLAP,NCCL,C2_RING_SIMPLE_CH8,2048,4096,2048,8,1,2097152,27,0,296.064,1198.272,2270.464,1072.192,PASS,0
PHASEB_formal_r1_C2_RING_SIMPLE_CH8_N4096_q8_rep4,3,4,3,sm_89,R1_EVENT_OVERLAP,NCCL,C2_RING_SIMPLE_CH8,2048,4096,2048,8,2,2097152,27,0,1187.936,2273.856,3343.264,1069.408,PASS,0
PHASEB_formal_r1_C2_RING_SIMPLE_CH8_N4096_q8_rep4,3,4,3,sm_89,R1_EVENT_OVERLAP,NCCL,C2_RING_SIMPLE_CH8,2048,4096,2048,8,3,2097152,27,0,2160.736,3346.720,4415.200,1068.480,PASS,0
PHASEB_formal_r1_C2_RING_SIMPLE_CH8_N4096_q8_rep4,3,4,3,sm_89,R1_EVENT_OVERLAP,NCCL,C2_RING_SIMPLE_CH8,2048,4096,2048,8,4,2097152,27,0,3167.136,4418.912,5487.488,1068.576,PASS,0
PHASEB_formal_r1_C2_RING_SIMPLE_CH8_N4096_q8_rep4,3,4,3,sm_89,R1_EVENT_OVERLAP,NCCL,C2_RING_SIMPLE_CH8,2048,4096,2048,8,5,2097152,27,0,4135.648,5490.880,6550.208,1059.328,PASS,0
PHASEB_formal_r1_C2_RING_SIMPLE_CH8_N4096_q8_rep4,3,4,3,sm_89,R1_EVENT_OVERLAP,NCCL,C2_RING_SIMPLE_CH8,2048,4096,2048,8,6,2097152,27,0,5135.232,6553.632,7534.592,980.960,PASS,0
PHASEB_formal_r1_C2_RING_SIMPLE_CH8_N4096_q8_rep4,3,4,3,sm_89,R1_EVENT_OVERLAP,NCCL,C2_RING_SIMPLE_CH8,2048,4096,2048,8,7,2097152,27,0,6122.112,7538.048,8520.160,982.112,PASS,0
PHASEB_formal_r1_C2_RING_SIMPLE_CH8_N4096_q8_rep4,3,4,3,sm_89,R1_EVENT_OVERLAP,NCCL,C2_RING_SIMPLE_CH8,2048,4096,2048,8,0,2097152,28,0,181.760,188.064,1190.080,1002.016,PASS,0
PHASEB_formal_r1_C2_RING_SIMPLE_CH8_N4096_q8_rep4,3,4,3,sm_89,R1_EVENT_OVERLAP,NCCL,C2_RING_SIMPLE_CH8,2048,4096,2048,8,1,2097152,28,0,296.800,1193.792,2189.696,995.904,PASS,0
PHASEB_formal_r1_C2_RING_SIMPLE_CH8_N4096_q8_rep4,3,4,3,sm_89,R1_EVENT_OVERLAP,NCCL,C2_RING_SIMPLE_CH8,2048,4096,2048,8,2,2097152,28,0,1200.384,2193.152,3264.000,1070.848,PASS,0
PHASEB_formal_r1_C2_RING_SIMPLE_CH8_N4096_q8_rep4,3,4,3,sm_89,R1_EVENT_OVERLAP,NCCL,C2_RING_SIMPLE_CH8,2048,4096,2048,8,3,2097152,28,0,2178.496,3267.680,4348.896,1081.216,PASS,0
PHASEB_formal_r1_C2_RING_SIMPLE_CH8_N4096_q8_rep4,3,4,3,sm_89,R1_EVENT_OVERLAP,NCCL,C2_RING_SIMPLE_CH8,2048,4096,2048,8,4,2097152,28,0,3155.584,4352.640,5420.800,1068.160,PASS,0
PHASEB_formal_r1_C2_RING_SIMPLE_CH8_N4096_q8_rep4,3,4,3,sm_89,R1_EVENT_OVERLAP,NCCL,C2_RING_SIMPLE_CH8,2048,4096,2048,8,5,2097152,28,0,4155.616,5424.416,6482.848,1058.432,PASS,0
PHASEB_formal_r1_C2_RING_SIMPLE_CH8_N4096_q8_rep4,3,4,3,sm_89,R1_EVENT_OVERLAP,NCCL,C2_RING_SIMPLE_CH8,2048,4096,2048,8,6,2097152,28,0,5131.328,6486.272,7469.280,983.008,PASS,0
PHASEB_formal_r1_C2_RING_SIMPLE_CH8_N4096_q8_rep4,3,4,3,sm_89,R1_EVENT_OVERLAP,NCCL,C2_RING_SIMPLE_CH8,2048,4096,2048,8,7,2097152,28,0,6119.136,7472.672,8453.920,981.248,PASS,0
PHASEB_formal_r1_C2_RING_SIMPLE_CH8_N4096_q8_rep4,3,4,3,sm_89,R1_EVENT_OVERLAP,NCCL,C2_RING_SIMPLE_CH8,2048,4096,2048,8,0,2097152,29,0,180.352,186.848,1187.360,1000.512,PASS,0
PHASEB_formal_r1_C2_RING_SIMPLE_CH8_N4096_q8_rep4,3,4,3,sm_89,R1_EVENT_OVERLAP,NCCL,C2_RING_SIMPLE_CH8,2048,4096,2048,8,1,2097152,29,0,295.616,1190.880,2189.184,998.304,PASS,0
PHASEB_formal_r1_C2_RING_SIMPLE_CH8_N4096_q8_rep4,3,4,3,sm_89,R1_EVENT_OVERLAP,NCCL,C2_RING_SIMPLE_CH8,2048,4096,2048,8,2,2097152,29,0,1201.632,2192.608,3276.576,1083.968,PASS,0
PHASEB_formal_r1_C2_RING_SIMPLE_CH8_N4096_q8_rep4,3,4,3,sm_89,R1_EVENT_OVERLAP,NCCL,C2_RING_SIMPLE_CH8,2048,4096,2048,8,3,2097152,29,0,2180.288,3281.312,4279.232,997.920,PASS,0
PHASEB_formal_r1_C2_RING_SIMPLE_CH8_N4096_q8_rep4,3,4,3,sm_89,R1_EVENT_OVERLAP,NCCL,C2_RING_SIMPLE_CH8,2048,4096,2048,8,4,2097152,29,0,3168.448,4282.656,5281.440,998.784,PASS,0
PHASEB_formal_r1_C2_RING_SIMPLE_CH8_N4096_q8_rep4,3,4,3,sm_89,R1_EVENT_OVERLAP,NCCL,C2_RING_SIMPLE_CH8,2048,4096,2048,8,5,2097152,29,0,3310.720,5284.928,6267.776,982.848,PASS,0
PHASEB_formal_r1_C2_RING_SIMPLE_CH8_N4096_q8_rep4,3,4,3,sm_89,R1_EVENT_OVERLAP,NCCL,C2_RING_SIMPLE_CH8,2048,4096,2048,8,6,2097152,29,0,4289.408,6271.200,7252.736,981.536,PASS,0
PHASEB_formal_r1_C2_RING_SIMPLE_CH8_N4096_q8_rep4,3,4,3,sm_89,R1_EVENT_OVERLAP,NCCL,C2_RING_SIMPLE_CH8,2048,4096,2048,8,7,2097152,29,0,5296.672,7256.160,8238.688,982.528,PASS,0
PHASEB_formal_r1_C2_RING_SIMPLE_CH8_N4096_q8_rep4,3,4,3,sm_89,R1_EVENT_OVERLAP,NCCL,C2_RING_SIMPLE_CH8,2048,4096,2048,8,0,2097152,30,0,194.496,200.544,1198.592,998.048,PASS,0
PHASEB_formal_r1_C2_RING_SIMPLE_CH8_N4096_q8_rep4,3,4,3,sm_89,R1_EVENT_OVERLAP,NCCL,C2_RING_SIMPLE_CH8,2048,4096,2048,8,1,2097152,30,0,310.400,1202.048,2205.536,1003.488,PASS,0
PHASEB_formal_r1_C2_RING_SIMPLE_CH8_N4096_q8_rep4,3,4,3,sm_89,R1_EVENT_OVERLAP,NCCL,C2_RING_SIMPLE_CH8,2048,4096,2048,8,2,2097152,30,0,1210.528,2209.088,3284.576,1075.488,PASS,0
PHASEB_formal_r1_C2_RING_SIMPLE_CH8_N4096_q8_rep4,3,4,3,sm_89,R1_EVENT_OVERLAP,NCCL,C2_RING_SIMPLE_CH8,2048,4096,2048,8,3,2097152,30,0,2198.912,3288.128,4358.944,1070.816,PASS,0
PHASEB_formal_r1_C2_RING_SIMPLE_CH8_N4096_q8_rep4,3,4,3,sm_89,R1_EVENT_OVERLAP,NCCL,C2_RING_SIMPLE_CH8,2048,4096,2048,8,4,2097152,30,0,3180.800,4362.368,5431.008,1068.640,PASS,0
PHASEB_formal_r1_C2_RING_SIMPLE_CH8_N4096_q8_rep4,3,4,3,sm_89,R1_EVENT_OVERLAP,NCCL,C2_RING_SIMPLE_CH8,2048,4096,2048,8,5,2097152,30,0,4186.528,5434.816,6494.336,1059.520,PASS,0
PHASEB_formal_r1_C2_RING_SIMPLE_CH8_N4096_q8_rep4,3,4,3,sm_89,R1_EVENT_OVERLAP,NCCL,C2_RING_SIMPLE_CH8,2048,4096,2048,8,6,2097152,30,0,5197.056,6498.208,7480.864,982.656,PASS,0
PHASEB_formal_r1_C2_RING_SIMPLE_CH8_N4096_q8_rep4,3,4,3,sm_89,R1_EVENT_OVERLAP,NCCL,C2_RING_SIMPLE_CH8,2048,4096,2048,8,7,2097152,30,0,6188.640,7484.320,8465.120,980.800,PASS,0
PHASEB_formal_r1_C2_RING_SIMPLE_CH8_N4096_q8_rep4,3,4,3,sm_89,R1_EVENT_OVERLAP,NCCL,C2_RING_SIMPLE_CH8,2048,4096,2048,8,0,2097152,31,0,178.240,184.896,1186.144,1001.248,PASS,0
PHASEB_formal_r1_C2_RING_SIMPLE_CH8_N4096_q8_rep4,3,4,3,sm_89,R1_EVENT_OVERLAP,NCCL,C2_RING_SIMPLE_CH8,2048,4096,2048,8,1,2097152,31,0,294.368,1190.016,2190.208,1000.192,PASS,0
PHASEB_formal_r1_C2_RING_SIMPLE_CH8_N4096_q8_rep4,3,4,3,sm_89,R1_EVENT_OVERLAP,NCCL,C2_RING_SIMPLE_CH8,2048,4096,2048,8,2,2097152,31,0,1212.832,2193.664,3269.216,1075.552,PASS,0
PHASEB_formal_r1_C2_RING_SIMPLE_CH8_N4096_q8_rep4,3,4,3,sm_89,R1_EVENT_OVERLAP,NCCL,C2_RING_SIMPLE_CH8,2048,4096,2048,8,3,2097152,31,0,2182.048,3272.832,4269.376,996.544,PASS,0
PHASEB_formal_r1_C2_RING_SIMPLE_CH8_N4096_q8_rep4,3,4,3,sm_89,R1_EVENT_OVERLAP,NCCL,C2_RING_SIMPLE_CH8,2048,4096,2048,8,4,2097152,31,0,3168.608,4272.864,5270.496,997.632,PASS,0
PHASEB_formal_r1_C2_RING_SIMPLE_CH8_N4096_q8_rep4,3,4,3,sm_89,R1_EVENT_OVERLAP,NCCL,C2_RING_SIMPLE_CH8,2048,4096,2048,8,5,2097152,31,0,3295.904,5273.952,6257.184,983.232,PASS,0
PHASEB_formal_r1_C2_RING_SIMPLE_CH8_N4096_q8_rep4,3,4,3,sm_89,R1_EVENT_OVERLAP,NCCL,C2_RING_SIMPLE_CH8,2048,4096,2048,8,6,2097152,31,0,4279.968,6260.608,7242.400,981.792,PASS,0
PHASEB_formal_r1_C2_RING_SIMPLE_CH8_N4096_q8_rep4,3,4,3,sm_89,R1_EVENT_OVERLAP,NCCL,C2_RING_SIMPLE_CH8,2048,4096,2048,8,7,2097152,31,0,5263.648,7245.792,8228.063,982.272,PASS,0
PHASEB_formal_r1_C2_RING_SIMPLE_CH8_N4096_q8_rep4,3,4,3,sm_89,R1_EVENT_OVERLAP,NCCL,C2_RING_SIMPLE_CH8,2048,4096,2048,8,0,2097152,32,0,194.336,200.672,1198.624,997.952,PASS,0
PHASEB_formal_r1_C2_RING_SIMPLE_CH8_N4096_q8_rep4,3,4,3,sm_89,R1_EVENT_OVERLAP,NCCL,C2_RING_SIMPLE_CH8,2048,4096,2048,8,1,2097152,32,0,311.616,1203.232,2202.976,999.744,PASS,0
PHASEB_formal_r1_C2_RING_SIMPLE_CH8_N4096_q8_rep4,3,4,3,sm_89,R1_EVENT_OVERLAP,NCCL,C2_RING_SIMPLE_CH8,2048,4096,2048,8,2,2097152,32,0,1212.896,2207.712,3208.096,1000.384,PASS,0
PHASEB_formal_r1_C2_RING_SIMPLE_CH8_N4096_q8_rep4,3,4,3,sm_89,R1_EVENT_OVERLAP,NCCL,C2_RING_SIMPLE_CH8,2048,4096,2048,8,3,2097152,32,0,2214.720,3211.520,4289.984,1078.464,PASS,0
PHASEB_formal_r1_C2_RING_SIMPLE_CH8_N4096_q8_rep4,3,4,3,sm_89,R1_EVENT_OVERLAP,NCCL,C2_RING_SIMPLE_CH8,2048,4096,2048,8,4,2097152,32,0,3199.904,4293.408,5369.408,1076.000,PASS,0
PHASEB_formal_r1_C2_RING_SIMPLE_CH8_N4096_q8_rep4,3,4,3,sm_89,R1_EVENT_OVERLAP,NCCL,C2_RING_SIMPLE_CH8,2048,4096,2048,8,5,2097152,32,0,4180.736,5372.768,6355.008,982.240,PASS,0
PHASEB_formal_r1_C2_RING_SIMPLE_CH8_N4096_q8_rep4,3,4,3,sm_89,R1_EVENT_OVERLAP,NCCL,C2_RING_SIMPLE_CH8,2048,4096,2048,8,6,2097152,32,0,5166.048,6358.464,7341.248,982.784,PASS,0
PHASEB_formal_r1_C2_RING_SIMPLE_CH8_N4096_q8_rep4,3,4,3,sm_89,R1_EVENT_OVERLAP,NCCL,C2_RING_SIMPLE_CH8,2048,4096,2048,8,7,2097152,32,0,5379.744,7344.832,8326.881,982.048,PASS,0
PHASEB_formal_r1_C2_RING_SIMPLE_CH8_N4096_q8_rep4,3,4,3,sm_89,R1_EVENT_OVERLAP,NCCL,C2_RING_SIMPLE_CH8,2048,4096,2048,8,0,2097152,33,0,185.696,192.320,1194.112,1001.792,PASS,0
PHASEB_formal_r1_C2_RING_SIMPLE_CH8_N4096_q8_rep4,3,4,3,sm_89,R1_EVENT_OVERLAP,NCCL,C2_RING_SIMPLE_CH8,2048,4096,2048,8,1,2097152,33,0,299.744,1198.144,2195.520,997.376,PASS,0
PHASEB_formal_r1_C2_RING_SIMPLE_CH8_N4096_q8_rep4,3,4,3,sm_89,R1_EVENT_OVERLAP,NCCL,C2_RING_SIMPLE_CH8,2048,4096,2048,8,2,2097152,33,0,1219.136,2198.944,3274.912,1075.968,PASS,0
PHASEB_formal_r1_C2_RING_SIMPLE_CH8_N4096_q8_rep4,3,4,3,sm_89,R1_EVENT_OVERLAP,NCCL,C2_RING_SIMPLE_CH8,2048,4096,2048,8,3,2097152,33,0,2186.144,3278.400,4348.192,1069.792,PASS,0
PHASEB_formal_r1_C2_RING_SIMPLE_CH8_N4096_q8_rep4,3,4,3,sm_89,R1_EVENT_OVERLAP,NCCL,C2_RING_SIMPLE_CH8,2048,4096,2048,8,4,2097152,33,0,3180.064,4351.712,5422.048,1070.336,PASS,0
PHASEB_formal_r1_C2_RING_SIMPLE_CH8_N4096_q8_rep4,3,4,3,sm_89,R1_EVENT_OVERLAP,NCCL,C2_RING_SIMPLE_CH8,2048,4096,2048,8,5,2097152,33,0,4170.208,5425.472,6485.440,1059.968,PASS,0
PHASEB_formal_r1_C2_RING_SIMPLE_CH8_N4096_q8_rep4,3,4,3,sm_89,R1_EVENT_OVERLAP,NCCL,C2_RING_SIMPLE_CH8,2048,4096,2048,8,6,2097152,33,0,5175.616,6488.800,7470.464,981.664,PASS,0
PHASEB_formal_r1_C2_RING_SIMPLE_CH8_N4096_q8_rep4,3,4,3,sm_89,R1_EVENT_OVERLAP,NCCL,C2_RING_SIMPLE_CH8,2048,4096,2048,8,7,2097152,33,0,6155.360,7473.792,8456.192,982.400,PASS,0
PHASEB_formal_r1_C2_RING_SIMPLE_CH8_N4096_q8_rep4,3,4,3,sm_89,R1_EVENT_OVERLAP,NCCL,C2_RING_SIMPLE_CH8,2048,4096,2048,8,0,2097152,34,0,174.336,180.352,1178.688,998.336,PASS,0
PHASEB_formal_r1_C2_RING_SIMPLE_CH8_N4096_q8_rep4,3,4,3,sm_89,R1_EVENT_OVERLAP,NCCL,C2_RING_SIMPLE_CH8,2048,4096,2048,8,1,2097152,34,0,289.088,1182.080,2183.104,1001.024,PASS,0
PHASEB_formal_r1_C2_RING_SIMPLE_CH8_N4096_q8_rep4,3,4,3,sm_89,R1_EVENT_OVERLAP,NCCL,C2_RING_SIMPLE_CH8,2048,4096,2048,8,2,2097152,34,0,1191.552,2186.688,3183.584,996.896,PASS,0
PHASEB_formal_r1_C2_RING_SIMPLE_CH8_N4096_q8_rep4,3,4,3,sm_89,R1_EVENT_OVERLAP,NCCL,C2_RING_SIMPLE_CH8,2048,4096,2048,8,3,2097152,34,0,2197.152,3186.976,4187.616,1000.640,PASS,0
PHASEB_formal_r1_C2_RING_SIMPLE_CH8_N4096_q8_rep4,3,4,3,sm_89,R1_EVENT_OVERLAP,NCCL,C2_RING_SIMPLE_CH8,2048,4096,2048,8,4,2097152,34,0,3198.144,4191.040,5189.376,998.336,PASS,0
PHASEB_formal_r1_C2_RING_SIMPLE_CH8_N4096_q8_rep4,3,4,3,sm_89,R1_EVENT_OVERLAP,NCCL,C2_RING_SIMPLE_CH8,2048,4096,2048,8,5,2097152,34,0,4198.208,5192.736,6254.720,1061.984,PASS,0
PHASEB_formal_r1_C2_RING_SIMPLE_CH8_N4096_q8_rep4,3,4,3,sm_89,R1_EVENT_OVERLAP,NCCL,C2_RING_SIMPLE_CH8,2048,4096,2048,8,6,2097152,34,0,5180.672,6258.144,7240.288,982.144,PASS,0
PHASEB_formal_r1_C2_RING_SIMPLE_CH8_N4096_q8_rep4,3,4,3,sm_89,R1_EVENT_OVERLAP,NCCL,C2_RING_SIMPLE_CH8,2048,4096,2048,8,7,2097152,34,0,6172.160,7243.712,8224.544,980.832,PASS,0
PHASEB_formal_r1_C2_RING_SIMPLE_CH8_N4096_q8_rep4,3,4,3,sm_89,R1_EVENT_OVERLAP,NCCL,C2_RING_SIMPLE_CH8,2048,4096,2048,8,0,2097152,35,0,186.784,193.184,1194.336,1001.152,PASS,0
PHASEB_formal_r1_C2_RING_SIMPLE_CH8_N4096_q8_rep4,3,4,3,sm_89,R1_EVENT_OVERLAP,NCCL,C2_RING_SIMPLE_CH8,2048,4096,2048,8,1,2097152,35,0,301.696,1198.080,2196.576,998.496,PASS,0
PHASEB_formal_r1_C2_RING_SIMPLE_CH8_N4096_q8_rep4,3,4,3,sm_89,R1_EVENT_OVERLAP,NCCL,C2_RING_SIMPLE_CH8,2048,4096,2048,8,2,2097152,35,0,1204.928,2200.544,3273.088,1072.544,PASS,0
PHASEB_formal_r1_C2_RING_SIMPLE_CH8_N4096_q8_rep4,3,4,3,sm_89,R1_EVENT_OVERLAP,NCCL,C2_RING_SIMPLE_CH8,2048,4096,2048,8,3,2097152,35,0,2184.736,3276.544,4350.336,1073.792,PASS,0
PHASEB_formal_r1_C2_RING_SIMPLE_CH8_N4096_q8_rep4,3,4,3,sm_89,R1_EVENT_OVERLAP,NCCL,C2_RING_SIMPLE_CH8,2048,4096,2048,8,4,2097152,35,0,3196.384,4353.888,5427.200,1073.312,PASS,0
PHASEB_formal_r1_C2_RING_SIMPLE_CH8_N4096_q8_rep4,3,4,3,sm_89,R1_EVENT_OVERLAP,NCCL,C2_RING_SIMPLE_CH8,2048,4096,2048,8,5,2097152,35,0,4176.704,5430.816,6491.072,1060.256,PASS,0
PHASEB_formal_r1_C2_RING_SIMPLE_CH8_N4096_q8_rep4,3,4,3,sm_89,R1_EVENT_OVERLAP,NCCL,C2_RING_SIMPLE_CH8,2048,4096,2048,8,6,2097152,35,0,5184.448,6494.528,7476.480,981.952,PASS,0
PHASEB_formal_r1_C2_RING_SIMPLE_CH8_N4096_q8_rep4,3,4,3,sm_89,R1_EVENT_OVERLAP,NCCL,C2_RING_SIMPLE_CH8,2048,4096,2048,8,7,2097152,35,0,6165.824,7479.904,8462.368,982.464,PASS,0
PHASEB_formal_r1_C2_RING_SIMPLE_CH8_N4096_q8_rep4,3,4,3,sm_89,R1_EVENT_OVERLAP,NCCL,C2_RING_SIMPLE_CH8,2048,4096,2048,8,0,2097152,36,0,183.712,190.272,1189.888,999.616,PASS,0
PHASEB_formal_r1_C2_RING_SIMPLE_CH8_N4096_q8_rep4,3,4,3,sm_89,R1_EVENT_OVERLAP,NCCL,C2_RING_SIMPLE_CH8,2048,4096,2048,8,1,2097152,36,0,305.888,1193.440,2190.496,997.056,PASS,0
PHASEB_formal_r1_C2_RING_SIMPLE_CH8_N4096_q8_rep4,3,4,3,sm_89,R1_EVENT_OVERLAP,NCCL,C2_RING_SIMPLE_CH8,2048,4096,2048,8,2,2097152,36,0,1217.536,2194.208,3279.744,1085.536,PASS,0
PHASEB_formal_r1_C2_RING_SIMPLE_CH8_N4096_q8_rep4,3,4,3,sm_89,R1_EVENT_OVERLAP,NCCL,C2_RING_SIMPLE_CH8,2048,4096,2048,8,3,2097152,36,0,2181.568,3295.776,4299.936,1004.160,PASS,0
PHASEB_formal_r1_C2_RING_SIMPLE_CH8_N4096_q8_rep4,3,4,3,sm_89,R1_EVENT_OVERLAP,NCCL,C2_RING_SIMPLE_CH8,2048,4096,2048,8,4,2097152,36,0,3180.032,4304.512,5318.784,1014.272,PASS,0
PHASEB_formal_r1_C2_RING_SIMPLE_CH8_N4096_q8_rep4,3,4,3,sm_89,R1_EVENT_OVERLAP,NCCL,C2_RING_SIMPLE_CH8,2048,4096,2048,8,5,2097152,36,0,3334.656,5322.272,6304.000,981.728,PASS,0
PHASEB_formal_r1_C2_RING_SIMPLE_CH8_N4096_q8_rep4,3,4,3,sm_89,R1_EVENT_OVERLAP,NCCL,C2_RING_SIMPLE_CH8,2048,4096,2048,8,6,2097152,36,0,4328.832,6307.520,7290.240,982.720,PASS,0
PHASEB_formal_r1_C2_RING_SIMPLE_CH8_N4096_q8_rep4,3,4,3,sm_89,R1_EVENT_OVERLAP,NCCL,C2_RING_SIMPLE_CH8,2048,4096,2048,8,7,2097152,36,0,5331.872,7293.664,8275.136,981.472,PASS,0
PHASEB_formal_r1_C2_RING_SIMPLE_CH8_N4096_q8_rep4,3,4,3,sm_89,R1_EVENT_OVERLAP,NCCL,C2_RING_SIMPLE_CH8,2048,4096,2048,8,0,2097152,37,0,185.536,191.680,1193.632,1001.952,PASS,0
PHASEB_formal_r1_C2_RING_SIMPLE_CH8_N4096_q8_rep4,3,4,3,sm_89,R1_EVENT_OVERLAP,NCCL,C2_RING_SIMPLE_CH8,2048,4096,2048,8,1,2097152,37,0,299.648,1197.056,2194.240,997.184,PASS,0
PHASEB_formal_r1_C2_RING_SIMPLE_CH8_N4096_q8_rep4,3,4,3,sm_89,R1_EVENT_OVERLAP,NCCL,C2_RING_SIMPLE_CH8,2048,4096,2048,8,2,2097152,37,0,1207.808,2197.952,3198.688,1000.736,PASS,0
PHASEB_formal_r1_C2_RING_SIMPLE_CH8_N4096_q8_rep4,3,4,3,sm_89,R1_EVENT_OVERLAP,NCCL,C2_RING_SIMPLE_CH8,2048,4096,2048,8,3,2097152,37,0,2204.672,3202.176,4276.352,1074.176,PASS,0
PHASEB_formal_r1_C2_RING_SIMPLE_CH8_N4096_q8_rep4,3,4,3,sm_89,R1_EVENT_OVERLAP,NCCL,C2_RING_SIMPLE_CH8,2048,4096,2048,8,4,2097152,37,0,3191.392,4280.960,5352.160,1071.200,PASS,0
PHASEB_formal_r1_C2_RING_SIMPLE_CH8_N4096_q8_rep4,3,4,3,sm_89,R1_EVENT_OVERLAP,NCCL,C2_RING_SIMPLE_CH8,2048,4096,2048,8,5,2097152,37,0,4182.464,5355.744,6417.312,1061.568,PASS,0
PHASEB_formal_r1_C2_RING_SIMPLE_CH8_N4096_q8_rep4,3,4,3,sm_89,R1_EVENT_OVERLAP,NCCL,C2_RING_SIMPLE_CH8,2048,4096,2048,8,6,2097152,37,0,5174.624,6420.736,7402.176,981.440,PASS,0
PHASEB_formal_r1_C2_RING_SIMPLE_CH8_N4096_q8_rep4,3,4,3,sm_89,R1_EVENT_OVERLAP,NCCL,C2_RING_SIMPLE_CH8,2048,4096,2048,8,7,2097152,37,0,6170.112,7405.600,8387.712,982.112,PASS,0
PHASEB_formal_r1_C2_RING_SIMPLE_CH8_N4096_q8_rep4,3,4,3,sm_89,R1_EVENT_OVERLAP,NCCL,C2_RING_SIMPLE_CH8,2048,4096,2048,8,0,2097152,38,0,180.256,186.336,1187.104,1000.768,PASS,0
PHASEB_formal_r1_C2_RING_SIMPLE_CH8_N4096_q8_rep4,3,4,3,sm_89,R1_EVENT_OVERLAP,NCCL,C2_RING_SIMPLE_CH8,2048,4096,2048,8,1,2097152,38,0,294.752,1190.464,2186.816,996.352,PASS,0
PHASEB_formal_r1_C2_RING_SIMPLE_CH8_N4096_q8_rep4,3,4,3,sm_89,R1_EVENT_OVERLAP,NCCL,C2_RING_SIMPLE_CH8,2048,4096,2048,8,2,2097152,38,0,1198.944,2190.560,3275.072,1084.512,PASS,0
PHASEB_formal_r1_C2_RING_SIMPLE_CH8_N4096_q8_rep4,3,4,3,sm_89,R1_EVENT_OVERLAP,NCCL,C2_RING_SIMPLE_CH8,2048,4096,2048,8,3,2097152,38,0,2178.816,3278.496,4276.832,998.336,PASS,0
PHASEB_formal_r1_C2_RING_SIMPLE_CH8_N4096_q8_rep4,3,4,3,sm_89,R1_EVENT_OVERLAP,NCCL,C2_RING_SIMPLE_CH8,2048,4096,2048,8,4,2097152,38,0,3171.328,4280.224,5343.296,1063.072,PASS,0
PHASEB_formal_r1_C2_RING_SIMPLE_CH8_N4096_q8_rep4,3,4,3,sm_89,R1_EVENT_OVERLAP,NCCL,C2_RING_SIMPLE_CH8,2048,4096,2048,8,5,2097152,38,0,3312.736,5346.720,6328.576,981.856,PASS,0
PHASEB_formal_r1_C2_RING_SIMPLE_CH8_N4096_q8_rep4,3,4,3,sm_89,R1_EVENT_OVERLAP,NCCL,C2_RING_SIMPLE_CH8,2048,4096,2048,8,6,2097152,38,0,4267.648,6332.000,7314.592,982.592,PASS,0
PHASEB_formal_r1_C2_RING_SIMPLE_CH8_N4096_q8_rep4,3,4,3,sm_89,R1_EVENT_OVERLAP,NCCL,C2_RING_SIMPLE_CH8,2048,4096,2048,8,7,2097152,38,0,5258.560,7318.016,8299.360,981.344,PASS,0
PHASEB_formal_r1_C2_RING_SIMPLE_CH8_N4096_q8_rep4,3,4,3,sm_89,R1_EVENT_OVERLAP,NCCL,C2_RING_SIMPLE_CH8,2048,4096,2048,8,0,2097152,39,0,193.472,199.904,1199.456,999.552,PASS,0
PHASEB_formal_r1_C2_RING_SIMPLE_CH8_N4096_q8_rep4,3,4,3,sm_89,R1_EVENT_OVERLAP,NCCL,C2_RING_SIMPLE_CH8,2048,4096,2048,8,1,2097152,39,0,308.352,1202.816,2206.304,1003.488,PASS,0
PHASEB_formal_r1_C2_RING_SIMPLE_CH8_N4096_q8_rep4,3,4,3,sm_89,R1_EVENT_OVERLAP,NCCL,C2_RING_SIMPLE_CH8,2048,4096,2048,8,2,2097152,39,0,1209.056,2209.760,3284.928,1075.168,PASS,0
PHASEB_formal_r1_C2_RING_SIMPLE_CH8_N4096_q8_rep4,3,4,3,sm_89,R1_EVENT_OVERLAP,NCCL,C2_RING_SIMPLE_CH8,2048,4096,2048,8,3,2097152,39,0,2198.496,3288.288,4367.360,1079.072,PASS,0
PHASEB_formal_r1_C2_RING_SIMPLE_CH8_N4096_q8_rep4,3,4,3,sm_89,R1_EVENT_OVERLAP,NCCL,C2_RING_SIMPLE_CH8,2048,4096,2048,8,4,2097152,39,0,3194.624,4370.848,5446.976,1076.128,PASS,0
PHASEB_formal_r1_C2_RING_SIMPLE_CH8_N4096_q8_rep4,3,4,3,sm_89,R1_EVENT_OVERLAP,NCCL,C2_RING_SIMPLE_CH8,2048,4096,2048,8,5,2097152,39,0,4181.920,5450.400,6433.024,982.624,PASS,0
PHASEB_formal_r1_C2_RING_SIMPLE_CH8_N4096_q8_rep4,3,4,3,sm_89,R1_EVENT_OVERLAP,NCCL,C2_RING_SIMPLE_CH8,2048,4096,2048,8,6,2097152,39,0,5163.520,6436.448,7418.176,981.728,PASS,0
PHASEB_formal_r1_C2_RING_SIMPLE_CH8_N4096_q8_rep4,3,4,3,sm_89,R1_EVENT_OVERLAP,NCCL,C2_RING_SIMPLE_CH8,2048,4096,2048,8,7,2097152,39,0,5440.224,7421.600,8403.648,982.048,PASS,0
PHASEB_formal_r1_C2_RING_SIMPLE_CH8_N4096_q8_rep4,3,4,3,sm_89,R1_EVENT_OVERLAP,NCCL,C2_RING_SIMPLE_CH8,2048,4096,2048,8,0,2097152,40,0,189.952,195.904,1197.312,1001.408,PASS,0
PHASEB_formal_r1_C2_RING_SIMPLE_CH8_N4096_q8_rep4,3,4,3,sm_89,R1_EVENT_OVERLAP,NCCL,C2_RING_SIMPLE_CH8,2048,4096,2048,8,1,2097152,40,0,308.064,1201.024,2199.328,998.304,PASS,0
PHASEB_formal_r1_C2_RING_SIMPLE_CH8_N4096_q8_rep4,3,4,3,sm_89,R1_EVENT_OVERLAP,NCCL,C2_RING_SIMPLE_CH8,2048,4096,2048,8,2,2097152,40,0,1225.824,2203.040,3200.896,997.856,PASS,0
PHASEB_formal_r1_C2_RING_SIMPLE_CH8_N4096_q8_rep4,3,4,3,sm_89,R1_EVENT_OVERLAP,NCCL,C2_RING_SIMPLE_CH8,2048,4096,2048,8,3,2097152,40,0,2192.672,3204.704,4207.392,1002.688,PASS,0
PHASEB_formal_r1_C2_RING_SIMPLE_CH8_N4096_q8_rep4,3,4,3,sm_89,R1_EVENT_OVERLAP,NCCL,C2_RING_SIMPLE_CH8,2048,4096,2048,8,4,2097152,40,0,2310.336,4210.848,5274.784,1063.936,PASS,0
PHASEB_formal_r1_C2_RING_SIMPLE_CH8_N4096_q8_rep4,3,4,3,sm_89,R1_EVENT_OVERLAP,NCCL,C2_RING_SIMPLE_CH8,2048,4096,2048,8,5,2097152,40,0,3214.752,5278.240,6259.904,981.664,PASS,0
PHASEB_formal_r1_C2_RING_SIMPLE_CH8_N4096_q8_rep4,3,4,3,sm_89,R1_EVENT_OVERLAP,NCCL,C2_RING_SIMPLE_CH8,2048,4096,2048,8,6,2097152,40,0,4200.672,6263.360,7246.208,982.848,PASS,0
PHASEB_formal_r1_C2_RING_SIMPLE_CH8_N4096_q8_rep4,3,4,3,sm_89,R1_EVENT_OVERLAP,NCCL,C2_RING_SIMPLE_CH8,2048,4096,2048,8,7,2097152,40,0,5195.360,7249.664,8231.104,981.440,PASS,0
PHASEB_formal_r1_C2_RING_SIMPLE_CH8_N4096_q8_rep4,3,4,3,sm_89,R1_EVENT_OVERLAP,NCCL,C2_RING_SIMPLE_CH8,2048,4096,2048,8,0,2097152,41,0,183.200,189.472,1187.104,997.632,PASS,0
PHASEB_formal_r1_C2_RING_SIMPLE_CH8_N4096_q8_rep4,3,4,3,sm_89,R1_EVENT_OVERLAP,NCCL,C2_RING_SIMPLE_CH8,2048,4096,2048,8,1,2097152,41,0,298.688,1190.816,2188.608,997.792,PASS,0
PHASEB_formal_r1_C2_RING_SIMPLE_CH8_N4096_q8_rep4,3,4,3,sm_89,R1_EVENT_OVERLAP,NCCL,C2_RING_SIMPLE_CH8,2048,4096,2048,8,2,2097152,41,0,1210.432,2192.000,3189.440,997.440,PASS,0
PHASEB_formal_r1_C2_RING_SIMPLE_CH8_N4096_q8_rep4,3,4,3,sm_89,R1_EVENT_OVERLAP,NCCL,C2_RING_SIMPLE_CH8,2048,4096,2048,8,3,2097152,41,0,2204.736,3192.864,4268.320,1075.456,PASS,0
PHASEB_formal_r1_C2_RING_SIMPLE_CH8_N4096_q8_rep4,3,4,3,sm_89,R1_EVENT_OVERLAP,NCCL,C2_RING_SIMPLE_CH8,2048,4096,2048,8,4,2097152,41,0,3180.288,4271.936,5350.656,1078.720,PASS,0
PHASEB_formal_r1_C2_RING_SIMPLE_CH8_N4096_q8_rep4,3,4,3,sm_89,R1_EVENT_OVERLAP,NCCL,C2_RING_SIMPLE_CH8,2048,4096,2048,8,5,2097152,41,0,4169.920,5354.112,6414.784,1060.672,PASS,0
PHASEB_formal_r1_C2_RING_SIMPLE_CH8_N4096_q8_rep4,3,4,3,sm_89,R1_EVENT_OVERLAP,NCCL,C2_RING_SIMPLE_CH8,2048,4096,2048,8,6,2097152,41,0,5157.696,6418.208,7400.480,982.272,PASS,0
PHASEB_formal_r1_C2_RING_SIMPLE_CH8_N4096_q8_rep4,3,4,3,sm_89,R1_EVENT_OVERLAP,NCCL,C2_RING_SIMPLE_CH8,2048,4096,2048,8,7,2097152,41,0,6142.336,7403.904,8385.792,981.888,PASS,0
PHASEB_formal_r1_C2_RING_SIMPLE_CH8_N4096_q8_rep4,3,4,3,sm_89,R1_EVENT_OVERLAP,NCCL,C2_RING_SIMPLE_CH8,2048,4096,2048,8,0,2097152,42,0,174.976,181.664,1177.600,995.936,PASS,0
PHASEB_formal_r1_C2_RING_SIMPLE_CH8_N4096_q8_rep4,3,4,3,sm_89,R1_EVENT_OVERLAP,NCCL,C2_RING_SIMPLE_CH8,2048,4096,2048,8,1,2097152,42,0,289.408,1180.992,2178.240,997.248,PASS,0
PHASEB_formal_r1_C2_RING_SIMPLE_CH8_N4096_q8_rep4,3,4,3,sm_89,R1_EVENT_OVERLAP,NCCL,C2_RING_SIMPLE_CH8,2048,4096,2048,8,2,2097152,42,0,1193.088,2181.632,3181.760,1000.128,PASS,0
PHASEB_formal_r1_C2_RING_SIMPLE_CH8_N4096_q8_rep4,3,4,3,sm_89,R1_EVENT_OVERLAP,NCCL,C2_RING_SIMPLE_CH8,2048,4096,2048,8,3,2097152,42,0,2189.184,3185.184,4195.328,1010.144,PASS,0
PHASEB_formal_r1_C2_RING_SIMPLE_CH8_N4096_q8_rep4,3,4,3,sm_89,R1_EVENT_OVERLAP,NCCL,C2_RING_SIMPLE_CH8,2048,4096,2048,8,4,2097152,42,0,3209.568,4198.784,5202.624,1003.840,PASS,0
PHASEB_formal_r1_C2_RING_SIMPLE_CH8_N4096_q8_rep4,3,4,3,sm_89,R1_EVENT_OVERLAP,NCCL,C2_RING_SIMPLE_CH8,2048,4096,2048,8,5,2097152,42,0,4205.760,5206.080,6268.800,1062.720,PASS,0
PHASEB_formal_r1_C2_RING_SIMPLE_CH8_N4096_q8_rep4,3,4,3,sm_89,R1_EVENT_OVERLAP,NCCL,C2_RING_SIMPLE_CH8,2048,4096,2048,8,6,2097152,42,0,5196.000,6272.224,7255.104,982.880,PASS,0
PHASEB_formal_r1_C2_RING_SIMPLE_CH8_N4096_q8_rep4,3,4,3,sm_89,R1_EVENT_OVERLAP,NCCL,C2_RING_SIMPLE_CH8,2048,4096,2048,8,7,2097152,42,0,6187.744,7258.528,8239.775,981.248,PASS,0
PHASEB_formal_r1_C2_RING_SIMPLE_CH8_N4096_q8_rep4,3,4,3,sm_89,R1_EVENT_OVERLAP,NCCL,C2_RING_SIMPLE_CH8,2048,4096,2048,8,0,2097152,43,0,188.576,194.912,1195.392,1000.480,PASS,0
PHASEB_formal_r1_C2_RING_SIMPLE_CH8_N4096_q8_rep4,3,4,3,sm_89,R1_EVENT_OVERLAP,NCCL,C2_RING_SIMPLE_CH8,2048,4096,2048,8,1,2097152,43,0,302.656,1198.752,2194.656,995.904,PASS,0
PHASEB_formal_r1_C2_RING_SIMPLE_CH8_N4096_q8_rep4,3,4,3,sm_89,R1_EVENT_OVERLAP,NCCL,C2_RING_SIMPLE_CH8,2048,4096,2048,8,2,2097152,43,0,1205.056,2198.144,3274.528,1076.384,PASS,0
PHASEB_formal_r1_C2_RING_SIMPLE_CH8_N4096_q8_rep4,3,4,3,sm_89,R1_EVENT_OVERLAP,NCCL,C2_RING_SIMPLE_CH8,2048,4096,2048,8,3,2097152,43,0,2185.120,3277.920,4347.776,1069.856,PASS,0
PHASEB_formal_r1_C2_RING_SIMPLE_CH8_N4096_q8_rep4,3,4,3,sm_89,R1_EVENT_OVERLAP,NCCL,C2_RING_SIMPLE_CH8,2048,4096,2048,8,4,2097152,43,0,3177.696,4351.232,5427.104,1075.872,PASS,0
PHASEB_formal_r1_C2_RING_SIMPLE_CH8_N4096_q8_rep4,3,4,3,sm_89,R1_EVENT_OVERLAP,NCCL,C2_RING_SIMPLE_CH8,2048,4096,2048,8,5,2097152,43,0,4175.328,5430.528,6413.600,983.072,PASS,0
PHASEB_formal_r1_C2_RING_SIMPLE_CH8_N4096_q8_rep4,3,4,3,sm_89,R1_EVENT_OVERLAP,NCCL,C2_RING_SIMPLE_CH8,2048,4096,2048,8,6,2097152,43,0,5157.056,6417.024,7398.688,981.664,PASS,0
PHASEB_formal_r1_C2_RING_SIMPLE_CH8_N4096_q8_rep4,3,4,3,sm_89,R1_EVENT_OVERLAP,NCCL,C2_RING_SIMPLE_CH8,2048,4096,2048,8,7,2097152,43,0,5420.256,7402.112,8384.480,982.368,PASS,0
PHASEB_formal_r1_C2_RING_SIMPLE_CH8_N4096_q8_rep4,3,4,3,sm_89,R1_EVENT_OVERLAP,NCCL,C2_RING_SIMPLE_CH8,2048,4096,2048,8,0,2097152,44,0,187.680,193.728,1191.072,997.344,PASS,0
PHASEB_formal_r1_C2_RING_SIMPLE_CH8_N4096_q8_rep4,3,4,3,sm_89,R1_EVENT_OVERLAP,NCCL,C2_RING_SIMPLE_CH8,2048,4096,2048,8,1,2097152,44,0,303.264,1196.832,2193.856,997.024,PASS,0
PHASEB_formal_r1_C2_RING_SIMPLE_CH8_N4096_q8_rep4,3,4,3,sm_89,R1_EVENT_OVERLAP,NCCL,C2_RING_SIMPLE_CH8,2048,4096,2048,8,2,2097152,44,0,1213.568,2197.280,3277.248,1079.968,PASS,0
PHASEB_formal_r1_C2_RING_SIMPLE_CH8_N4096_q8_rep4,3,4,3,sm_89,R1_EVENT_OVERLAP,NCCL,C2_RING_SIMPLE_CH8,2048,4096,2048,8,3,2097152,44,0,2185.472,3280.672,4350.816,1070.144,PASS,0
PHASEB_formal_r1_C2_RING_SIMPLE_CH8_N4096_q8_rep4,3,4,3,sm_89,R1_EVENT_OVERLAP,NCCL,C2_RING_SIMPLE_CH8,2048,4096,2048,8,4,2097152,44,0,3171.136,4354.336,5422.304,1067.968,PASS,0
PHASEB_formal_r1_C2_RING_SIMPLE_CH8_N4096_q8_rep4,3,4,3,sm_89,R1_EVENT_OVERLAP,NCCL,C2_RING_SIMPLE_CH8,2048,4096,2048,8,5,2097152,44,0,4189.920,5425.664,6485.120,1059.456,PASS,0
PHASEB_formal_r1_C2_RING_SIMPLE_CH8_N4096_q8_rep4,3,4,3,sm_89,R1_EVENT_OVERLAP,NCCL,C2_RING_SIMPLE_CH8,2048,4096,2048,8,6,2097152,44,0,5188.032,6488.960,7471.776,982.816,PASS,0
PHASEB_formal_r1_C2_RING_SIMPLE_CH8_N4096_q8_rep4,3,4,3,sm_89,R1_EVENT_OVERLAP,NCCL,C2_RING_SIMPLE_CH8,2048,4096,2048,8,7,2097152,44,0,6162.176,7475.200,8456.447,981.248,PASS,0
PHASEB_formal_r1_C2_RING_SIMPLE_CH8_N4096_q8_rep4,3,4,3,sm_89,R1_EVENT_OVERLAP,NCCL,C2_RING_SIMPLE_CH8,2048,4096,2048,8,0,2097152,45,0,175.072,181.152,1178.336,997.184,PASS,0
PHASEB_formal_r1_C2_RING_SIMPLE_CH8_N4096_q8_rep4,3,4,3,sm_89,R1_EVENT_OVERLAP,NCCL,C2_RING_SIMPLE_CH8,2048,4096,2048,8,1,2097152,45,0,289.152,1181.728,2178.464,996.736,PASS,0
PHASEB_formal_r1_C2_RING_SIMPLE_CH8_N4096_q8_rep4,3,4,3,sm_89,R1_EVENT_OVERLAP,NCCL,C2_RING_SIMPLE_CH8,2048,4096,2048,8,2,2097152,45,0,1190.976,2181.856,3176.800,994.944,PASS,0
PHASEB_formal_r1_C2_RING_SIMPLE_CH8_N4096_q8_rep4,3,4,3,sm_89,R1_EVENT_OVERLAP,NCCL,C2_RING_SIMPLE_CH8,2048,4096,2048,8,3,2097152,45,0,2188.256,3180.224,4262.304,1082.080,PASS,0
PHASEB_formal_r1_C2_RING_SIMPLE_CH8_N4096_q8_rep4,3,4,3,sm_89,R1_EVENT_OVERLAP,NCCL,C2_RING_SIMPLE_CH8,2048,4096,2048,8,4,2097152,45,0,3168.384,4265.792,5264.992,999.200,PASS,0
PHASEB_formal_r1_C2_RING_SIMPLE_CH8_N4096_q8_rep4,3,4,3,sm_89,R1_EVENT_OVERLAP,NCCL,C2_RING_SIMPLE_CH8,2048,4096,2048,8,5,2097152,45,0,4151.104,5268.384,6251.040,982.656,PASS,0
PHASEB_formal_r1_C2_RING_SIMPLE_CH8_N4096_q8_rep4,3,4,3,sm_89,R1_EVENT_OVERLAP,NCCL,C2_RING_SIMPLE_CH8,2048,4096,2048,8,6,2097152,45,0,4288.832,6254.496,7236.608,982.112,PASS,0
PHASEB_formal_r1_C2_RING_SIMPLE_CH8_N4096_q8_rep4,3,4,3,sm_89,R1_EVENT_OVERLAP,NCCL,C2_RING_SIMPLE_CH8,2048,4096,2048,8,7,2097152,45,0,5274.752,7240.032,8222.433,982.400,PASS,0
PHASEB_formal_r1_C2_RING_SIMPLE_CH8_N4096_q8_rep4,3,4,3,sm_89,R1_EVENT_OVERLAP,NCCL,C2_RING_SIMPLE_CH8,2048,4096,2048,8,0,2097152,46,0,207.776,213.792,1214.336,1000.544,PASS,0
PHASEB_formal_r1_C2_RING_SIMPLE_CH8_N4096_q8_rep4,3,4,3,sm_89,R1_EVENT_OVERLAP,NCCL,C2_RING_SIMPLE_CH8,2048,4096,2048,8,1,2097152,46,0,322.624,1217.888,2214.656,996.768,PASS,0
PHASEB_formal_r1_C2_RING_SIMPLE_CH8_N4096_q8_rep4,3,4,3,sm_89,R1_EVENT_OVERLAP,NCCL,C2_RING_SIMPLE_CH8,2048,4096,2048,8,2,2097152,46,0,1224.032,2218.272,3294.016,1075.744,PASS,0
PHASEB_formal_r1_C2_RING_SIMPLE_CH8_N4096_q8_rep4,3,4,3,sm_89,R1_EVENT_OVERLAP,NCCL,C2_RING_SIMPLE_CH8,2048,4096,2048,8,3,2097152,46,0,2203.776,3297.376,4376.960,1079.584,PASS,0
PHASEB_formal_r1_C2_RING_SIMPLE_CH8_N4096_q8_rep4,3,4,3,sm_89,R1_EVENT_OVERLAP,NCCL,C2_RING_SIMPLE_CH8,2048,4096,2048,8,4,2097152,46,0,3196.384,4380.288,5462.432,1082.144,PASS,0
PHASEB_formal_r1_C2_RING_SIMPLE_CH8_N4096_q8_rep4,3,4,3,sm_89,R1_EVENT_OVERLAP,NCCL,C2_RING_SIMPLE_CH8,2048,4096,2048,8,5,2097152,46,0,4187.616,5465.856,6447.552,981.696,PASS,0
PHASEB_formal_r1_C2_RING_SIMPLE_CH8_N4096_q8_rep4,3,4,3,sm_89,R1_EVENT_OVERLAP,NCCL,C2_RING_SIMPLE_CH8,2048,4096,2048,8,6,2097152,46,0,5174.784,6450.976,7434.176,983.200,PASS,0
PHASEB_formal_r1_C2_RING_SIMPLE_CH8_N4096_q8_rep4,3,4,3,sm_89,R1_EVENT_OVERLAP,NCCL,C2_RING_SIMPLE_CH8,2048,4096,2048,8,7,2097152,46,0,5454.816,7437.632,8418.912,981.280,PASS,0
PHASEB_formal_r1_C2_RING_SIMPLE_CH8_N4096_q8_rep4,3,4,3,sm_89,R1_EVENT_OVERLAP,NCCL,C2_RING_SIMPLE_CH8,2048,4096,2048,8,0,2097152,47,0,187.008,193.856,1197.984,1004.128,PASS,0
PHASEB_formal_r1_C2_RING_SIMPLE_CH8_N4096_q8_rep4,3,4,3,sm_89,R1_EVENT_OVERLAP,NCCL,C2_RING_SIMPLE_CH8,2048,4096,2048,8,1,2097152,47,0,303.840,1201.632,2202.112,1000.480,PASS,0
PHASEB_formal_r1_C2_RING_SIMPLE_CH8_N4096_q8_rep4,3,4,3,sm_89,R1_EVENT_OVERLAP,NCCL,C2_RING_SIMPLE_CH8,2048,4096,2048,8,2,2097152,47,0,1230.464,2205.568,3206.272,1000.704,PASS,0
PHASEB_formal_r1_C2_RING_SIMPLE_CH8_N4096_q8_rep4,3,4,3,sm_89,R1_EVENT_OVERLAP,NCCL,C2_RING_SIMPLE_CH8,2048,4096,2048,8,3,2097152,47,0,2193.728,3209.664,4211.136,1001.472,PASS,0
PHASEB_formal_r1_C2_RING_SIMPLE_CH8_N4096_q8_rep4,3,4,3,sm_89,R1_EVENT_OVERLAP,NCCL,C2_RING_SIMPLE_CH8,2048,4096,2048,8,4,2097152,47,0,2311.936,4214.784,5277.632,1062.848,PASS,0
PHASEB_formal_r1_C2_RING_SIMPLE_CH8_N4096_q8_rep4,3,4,3,sm_89,R1_EVENT_OVERLAP,NCCL,C2_RING_SIMPLE_CH8,2048,4096,2048,8,5,2097152,47,0,3220.096,5281.088,6263.872,982.784,PASS,0
PHASEB_formal_r1_C2_RING_SIMPLE_CH8_N4096_q8_rep4,3,4,3,sm_89,R1_EVENT_OVERLAP,NCCL,C2_RING_SIMPLE_CH8,2048,4096,2048,8,6,2097152,47,0,4204.288,6267.328,7249.088,981.760,PASS,0
PHASEB_formal_r1_C2_RING_SIMPLE_CH8_N4096_q8_rep4,3,4,3,sm_89,R1_EVENT_OVERLAP,NCCL,C2_RING_SIMPLE_CH8,2048,4096,2048,8,7,2097152,47,0,5185.920,7252.512,8234.624,982.112,PASS,0
PHASEB_formal_r1_C2_RING_SIMPLE_CH8_N4096_q8_rep4,3,4,3,sm_89,R1_EVENT_OVERLAP,NCCL,C2_RING_SIMPLE_CH8,2048,4096,2048,8,0,2097152,48,0,173.408,179.584,1176.960,997.376,PASS,0
PHASEB_formal_r1_C2_RING_SIMPLE_CH8_N4096_q8_rep4,3,4,3,sm_89,R1_EVENT_OVERLAP,NCCL,C2_RING_SIMPLE_CH8,2048,4096,2048,8,1,2097152,48,0,289.440,1180.800,2183.648,1002.848,PASS,0
PHASEB_formal_r1_C2_RING_SIMPLE_CH8_N4096_q8_rep4,3,4,3,sm_89,R1_EVENT_OVERLAP,NCCL,C2_RING_SIMPLE_CH8,2048,4096,2048,8,2,2097152,48,0,1211.904,2187.040,3182.400,995.360,PASS,0
PHASEB_formal_r1_C2_RING_SIMPLE_CH8_N4096_q8_rep4,3,4,3,sm_89,R1_EVENT_OVERLAP,NCCL,C2_RING_SIMPLE_CH8,2048,4096,2048,8,3,2097152,48,0,2208.544,3185.856,4261.824,1075.968,PASS,0
PHASEB_formal_r1_C2_RING_SIMPLE_CH8_N4096_q8_rep4,3,4,3,sm_89,R1_EVENT_OVERLAP,NCCL,C2_RING_SIMPLE_CH8,2048,4096,2048,8,4,2097152,48,0,3171.200,4265.216,5343.744,1078.528,PASS,0
PHASEB_formal_r1_C2_RING_SIMPLE_CH8_N4096_q8_rep4,3,4,3,sm_89,R1_EVENT_OVERLAP,NCCL,C2_RING_SIMPLE_CH8,2048,4096,2048,8,5,2097152,48,0,4173.312,5347.168,6328.928,981.760,PASS,0
PHASEB_formal_r1_C2_RING_SIMPLE_CH8_N4096_q8_rep4,3,4,3,sm_89,R1_EVENT_OVERLAP,NCCL,C2_RING_SIMPLE_CH8,2048,4096,2048,8,6,2097152,48,0,5151.232,6332.352,7314.752,982.400,PASS,0
PHASEB_formal_r1_C2_RING_SIMPLE_CH8_N4096_q8_rep4,3,4,3,sm_89,R1_EVENT_OVERLAP,NCCL,C2_RING_SIMPLE_CH8,2048,4096,2048,8,7,2097152,48,0,5327.616,7318.208,8299.904,981.696,PASS,0
PHASEB_formal_r1_C2_RING_SIMPLE_CH8_N4096_q8_rep4,3,4,3,sm_89,R1_EVENT_OVERLAP,NCCL,C2_RING_SIMPLE_CH8,2048,4096,2048,8,0,2097152,49,0,181.856,188.256,1193.504,1005.248,PASS,0
PHASEB_formal_r1_C2_RING_SIMPLE_CH8_N4096_q8_rep4,3,4,3,sm_89,R1_EVENT_OVERLAP,NCCL,C2_RING_SIMPLE_CH8,2048,4096,2048,8,1,2097152,49,0,296.320,1196.960,2269.984,1073.024,PASS,0
PHASEB_formal_r1_C2_RING_SIMPLE_CH8_N4096_q8_rep4,3,4,3,sm_89,R1_EVENT_OVERLAP,NCCL,C2_RING_SIMPLE_CH8,2048,4096,2048,8,2,2097152,49,0,1186.976,2273.344,3343.328,1069.984,PASS,0
PHASEB_formal_r1_C2_RING_SIMPLE_CH8_N4096_q8_rep4,3,4,3,sm_89,R1_EVENT_OVERLAP,NCCL,C2_RING_SIMPLE_CH8,2048,4096,2048,8,3,2097152,49,0,2189.952,3346.688,4416.416,1069.728,PASS,0
PHASEB_formal_r1_C2_RING_SIMPLE_CH8_N4096_q8_rep4,3,4,3,sm_89,R1_EVENT_OVERLAP,NCCL,C2_RING_SIMPLE_CH8,2048,4096,2048,8,4,2097152,49,0,3186.752,4419.808,5488.128,1068.320,PASS,0
PHASEB_formal_r1_C2_RING_SIMPLE_CH8_N4096_q8_rep4,3,4,3,sm_89,R1_EVENT_OVERLAP,NCCL,C2_RING_SIMPLE_CH8,2048,4096,2048,8,5,2097152,49,0,4165.984,5491.680,6551.584,1059.904,PASS,0
PHASEB_formal_r1_C2_RING_SIMPLE_CH8_N4096_q8_rep4,3,4,3,sm_89,R1_EVENT_OVERLAP,NCCL,C2_RING_SIMPLE_CH8,2048,4096,2048,8,6,2097152,49,0,5173.120,6555.008,7536.224,981.216,PASS,0
PHASEB_formal_r1_C2_RING_SIMPLE_CH8_N4096_q8_rep4,3,4,3,sm_89,R1_EVENT_OVERLAP,NCCL,C2_RING_SIMPLE_CH8,2048,4096,2048,8,7,2097152,49,0,6146.624,7539.648,8521.984,982.336,PASS,0
PHASEB_formal_r1_C2_RING_SIMPLE_CH8_N4096_q8_rep4,3,4,3,sm_89,R1_EVENT_OVERLAP,NCCL,C2_RING_SIMPLE_CH8,2048,4096,2048,8,0,2097152,50,0,174.080,180.416,1177.856,997.440,PASS,0
PHASEB_formal_r1_C2_RING_SIMPLE_CH8_N4096_q8_rep4,3,4,3,sm_89,R1_EVENT_OVERLAP,NCCL,C2_RING_SIMPLE_CH8,2048,4096,2048,8,1,2097152,50,0,289.344,1181.248,2179.200,997.952,PASS,0
PHASEB_formal_r1_C2_RING_SIMPLE_CH8_N4096_q8_rep4,3,4,3,sm_89,R1_EVENT_OVERLAP,NCCL,C2_RING_SIMPLE_CH8,2048,4096,2048,8,2,2097152,50,0,1188.480,2182.656,3261.024,1078.368,PASS,0
PHASEB_formal_r1_C2_RING_SIMPLE_CH8_N4096_q8_rep4,3,4,3,sm_89,R1_EVENT_OVERLAP,NCCL,C2_RING_SIMPLE_CH8,2048,4096,2048,8,3,2097152,50,0,2170.368,3264.384,4335.616,1071.232,PASS,0
PHASEB_formal_r1_C2_RING_SIMPLE_CH8_N4096_q8_rep4,3,4,3,sm_89,R1_EVENT_OVERLAP,NCCL,C2_RING_SIMPLE_CH8,2048,4096,2048,8,4,2097152,50,0,3163.424,4339.008,5407.360,1068.352,PASS,0
PHASEB_formal_r1_C2_RING_SIMPLE_CH8_N4096_q8_rep4,3,4,3,sm_89,R1_EVENT_OVERLAP,NCCL,C2_RING_SIMPLE_CH8,2048,4096,2048,8,5,2097152,50,0,4167.520,5410.720,6469.728,1059.008,PASS,0
PHASEB_formal_r1_C2_RING_SIMPLE_CH8_N4096_q8_rep4,3,4,3,sm_89,R1_EVENT_OVERLAP,NCCL,C2_RING_SIMPLE_CH8,2048,4096,2048,8,6,2097152,50,0,5143.424,6473.184,7455.456,982.272,PASS,0
PHASEB_formal_r1_C2_RING_SIMPLE_CH8_N4096_q8_rep4,3,4,3,sm_89,R1_EVENT_OVERLAP,NCCL,C2_RING_SIMPLE_CH8,2048,4096,2048,8,7,2097152,50,0,6154.912,7458.880,8440.320,981.440,PASS,0
PHASEB_formal_r1_C2_RING_SIMPLE_CH8_N4096_q8_rep4,3,4,3,sm_89,R1_EVENT_OVERLAP,NCCL,C2_RING_SIMPLE_CH8,2048,4096,2048,8,0,2097152,51,0,192.608,199.424,1199.136,999.712,PASS,0
PHASEB_formal_r1_C2_RING_SIMPLE_CH8_N4096_q8_rep4,3,4,3,sm_89,R1_EVENT_OVERLAP,NCCL,C2_RING_SIMPLE_CH8,2048,4096,2048,8,1,2097152,51,0,307.040,1202.560,2198.720,996.160,PASS,0
PHASEB_formal_r1_C2_RING_SIMPLE_CH8_N4096_q8_rep4,3,4,3,sm_89,R1_EVENT_OVERLAP,NCCL,C2_RING_SIMPLE_CH8,2048,4096,2048,8,2,2097152,51,0,1208.864,2202.144,3280.896,1078.752,PASS,0
PHASEB_formal_r1_C2_RING_SIMPLE_CH8_N4096_q8_rep4,3,4,3,sm_89,R1_EVENT_OVERLAP,NCCL,C2_RING_SIMPLE_CH8,2048,4096,2048,8,3,2097152,51,0,2187.936,3284.320,4356.160,1071.840,PASS,0
PHASEB_formal_r1_C2_RING_SIMPLE_CH8_N4096_q8_rep4,3,4,3,sm_89,R1_EVENT_OVERLAP,NCCL,C2_RING_SIMPLE_CH8,2048,4096,2048,8,4,2097152,51,0,3181.248,4359.840,5428.544,1068.704,PASS,0
PHASEB_formal_r1_C2_RING_SIMPLE_CH8_N4096_q8_rep4,3,4,3,sm_89,R1_EVENT_OVERLAP,NCCL,C2_RING_SIMPLE_CH8,2048,4096,2048,8,5,2097152,51,0,4173.888,5431.968,6492.352,1060.384,PASS,0
PHASEB_formal_r1_C2_RING_SIMPLE_CH8_N4096_q8_rep4,3,4,3,sm_89,R1_EVENT_OVERLAP,NCCL,C2_RING_SIMPLE_CH8,2048,4096,2048,8,6,2097152,51,0,5178.304,6495.776,7478.368,982.592,PASS,0
PHASEB_formal_r1_C2_RING_SIMPLE_CH8_N4096_q8_rep4,3,4,3,sm_89,R1_EVENT_OVERLAP,NCCL,C2_RING_SIMPLE_CH8,2048,4096,2048,8,7,2097152,51,0,6158.560,7481.792,8463.936,982.144,PASS,0
PHASEB_formal_r1_C2_RING_SIMPLE_CH8_N4096_q8_rep4,3,4,3,sm_89,R1_EVENT_OVERLAP,NCCL,C2_RING_SIMPLE_CH8,2048,4096,2048,8,0,2097152,52,0,187.072,193.248,1199.200,1005.952,PASS,0
PHASEB_formal_r1_C2_RING_SIMPLE_CH8_N4096_q8_rep4,3,4,3,sm_89,R1_EVENT_OVERLAP,NCCL,C2_RING_SIMPLE_CH8,2048,4096,2048,8,1,2097152,52,0,304.992,1203.328,2199.360,996.032,PASS,0
PHASEB_formal_r1_C2_RING_SIMPLE_CH8_N4096_q8_rep4,3,4,3,sm_89,R1_EVENT_OVERLAP,NCCL,C2_RING_SIMPLE_CH8,2048,4096,2048,8,2,2097152,52,0,1222.592,2202.848,3277.248,1074.400,PASS,0
PHASEB_formal_r1_C2_RING_SIMPLE_CH8_N4096_q8_rep4,3,4,3,sm_89,R1_EVENT_OVERLAP,NCCL,C2_RING_SIMPLE_CH8,2048,4096,2048,8,3,2097152,52,0,2190.816,3280.704,4353.376,1072.672,PASS,0
PHASEB_formal_r1_C2_RING_SIMPLE_CH8_N4096_q8_rep4,3,4,3,sm_89,R1_EVENT_OVERLAP,NCCL,C2_RING_SIMPLE_CH8,2048,4096,2048,8,4,2097152,52,0,3180.320,4356.704,5419.584,1062.880,PASS,0
PHASEB_formal_r1_C2_RING_SIMPLE_CH8_N4096_q8_rep4,3,4,3,sm_89,R1_EVENT_OVERLAP,NCCL,C2_RING_SIMPLE_CH8,2048,4096,2048,8,5,2097152,52,0,4174.912,5423.008,6404.832,981.824,PASS,0
PHASEB_formal_r1_C2_RING_SIMPLE_CH8_N4096_q8_rep4,3,4,3,sm_89,R1_EVENT_OVERLAP,NCCL,C2_RING_SIMPLE_CH8,2048,4096,2048,8,6,2097152,52,0,4306.656,6408.288,7390.720,982.432,PASS,0
PHASEB_formal_r1_C2_RING_SIMPLE_CH8_N4096_q8_rep4,3,4,3,sm_89,R1_EVENT_OVERLAP,NCCL,C2_RING_SIMPLE_CH8,2048,4096,2048,8,7,2097152,52,0,5210.208,7394.176,8375.488,981.312,PASS,0
PHASEB_formal_r1_C2_RING_SIMPLE_CH8_N4096_q8_rep4,3,4,3,sm_89,R1_EVENT_OVERLAP,NCCL,C2_RING_SIMPLE_CH8,2048,4096,2048,8,0,2097152,53,0,201.024,206.976,1203.392,996.416,PASS,0
PHASEB_formal_r1_C2_RING_SIMPLE_CH8_N4096_q8_rep4,3,4,3,sm_89,R1_EVENT_OVERLAP,NCCL,C2_RING_SIMPLE_CH8,2048,4096,2048,8,1,2097152,53,0,313.952,1207.200,2208.064,1000.864,PASS,0
PHASEB_formal_r1_C2_RING_SIMPLE_CH8_N4096_q8_rep4,3,4,3,sm_89,R1_EVENT_OVERLAP,NCCL,C2_RING_SIMPLE_CH8,2048,4096,2048,8,2,2097152,53,0,1220.832,2211.424,3284.352,1072.928,PASS,0
PHASEB_formal_r1_C2_RING_SIMPLE_CH8_N4096_q8_rep4,3,4,3,sm_89,R1_EVENT_OVERLAP,NCCL,C2_RING_SIMPLE_CH8,2048,4096,2048,8,3,2097152,53,0,2199.328,3287.936,4287.008,999.072,PASS,0
PHASEB_formal_r1_C2_RING_SIMPLE_CH8_N4096_q8_rep4,3,4,3,sm_89,R1_EVENT_OVERLAP,NCCL,C2_RING_SIMPLE_CH8,2048,4096,2048,8,4,2097152,53,0,3179.424,4290.592,5352.384,1061.792,PASS,0
PHASEB_formal_r1_C2_RING_SIMPLE_CH8_N4096_q8_rep4,3,4,3,sm_89,R1_EVENT_OVERLAP,NCCL,C2_RING_SIMPLE_CH8,2048,4096,2048,8,5,2097152,53,0,3310.688,5355.808,6338.880,983.072,PASS,0
PHASEB_formal_r1_C2_RING_SIMPLE_CH8_N4096_q8_rep4,3,4,3,sm_89,R1_EVENT_OVERLAP,NCCL,C2_RING_SIMPLE_CH8,2048,4096,2048,8,6,2097152,53,0,4276.672,6342.304,7323.968,981.664,PASS,0
PHASEB_formal_r1_C2_RING_SIMPLE_CH8_N4096_q8_rep4,3,4,3,sm_89,R1_EVENT_OVERLAP,NCCL,C2_RING_SIMPLE_CH8,2048,4096,2048,8,7,2097152,53,0,5188.832,7327.392,8309.664,982.272,PASS,0
PHASEB_formal_r1_C2_RING_SIMPLE_CH8_N4096_q8_rep4,3,4,3,sm_89,R1_EVENT_OVERLAP,NCCL,C2_RING_SIMPLE_CH8,2048,4096,2048,8,0,2097152,54,0,188.192,194.560,1192.064,997.504,PASS,0
PHASEB_formal_r1_C2_RING_SIMPLE_CH8_N4096_q8_rep4,3,4,3,sm_89,R1_EVENT_OVERLAP,NCCL,C2_RING_SIMPLE_CH8,2048,4096,2048,8,1,2097152,54,0,303.104,1196.256,2203.552,1007.296,PASS,0
PHASEB_formal_r1_C2_RING_SIMPLE_CH8_N4096_q8_rep4,3,4,3,sm_89,R1_EVENT_OVERLAP,NCCL,C2_RING_SIMPLE_CH8,2048,4096,2048,8,2,2097152,54,0,1215.008,2206.944,3295.840,1088.896,PASS,0
PHASEB_formal_r1_C2_RING_SIMPLE_CH8_N4096_q8_rep4,3,4,3,sm_89,R1_EVENT_OVERLAP,NCCL,C2_RING_SIMPLE_CH8,2048,4096,2048,8,3,2097152,54,0,2197.056,3299.552,4379.264,1079.712,PASS,0
PHASEB_formal_r1_C2_RING_SIMPLE_CH8_N4096_q8_rep4,3,4,3,sm_89,R1_EVENT_OVERLAP,NCCL,C2_RING_SIMPLE_CH8,2048,4096,2048,8,4,2097152,54,0,3192.544,4382.752,5455.328,1072.576,PASS,0
PHASEB_formal_r1_C2_RING_SIMPLE_CH8_N4096_q8_rep4,3,4,3,sm_89,R1_EVENT_OVERLAP,NCCL,C2_RING_SIMPLE_CH8,2048,4096,2048,8,5,2097152,54,0,4177.536,5458.752,6441.248,982.496,PASS,0
PHASEB_formal_r1_C2_RING_SIMPLE_CH8_N4096_q8_rep4,3,4,3,sm_89,R1_EVENT_OVERLAP,NCCL,C2_RING_SIMPLE_CH8,2048,4096,2048,8,6,2097152,54,0,4371.648,6444.672,7427.520,982.848,PASS,0
PHASEB_formal_r1_C2_RING_SIMPLE_CH8_N4096_q8_rep4,3,4,3,sm_89,R1_EVENT_OVERLAP,NCCL,C2_RING_SIMPLE_CH8,2048,4096,2048,8,7,2097152,54,0,5270.592,7430.976,8411.841,980.864,PASS,0
PHASEB_formal_r1_C2_RING_SIMPLE_CH8_N4096_q8_rep4,3,4,3,sm_89,R1_EVENT_OVERLAP,NCCL,C2_RING_SIMPLE_CH8,2048,4096,2048,8,0,2097152,55,0,187.584,194.304,1192.032,997.728,PASS,0
PHASEB_formal_r1_C2_RING_SIMPLE_CH8_N4096_q8_rep4,3,4,3,sm_89,R1_EVENT_OVERLAP,NCCL,C2_RING_SIMPLE_CH8,2048,4096,2048,8,1,2097152,55,0,301.056,1195.520,2194.752,999.232,PASS,0
PHASEB_formal_r1_C2_RING_SIMPLE_CH8_N4096_q8_rep4,3,4,3,sm_89,R1_EVENT_OVERLAP,NCCL,C2_RING_SIMPLE_CH8,2048,4096,2048,8,2,2097152,55,0,1211.136,2198.176,3200.640,1002.464,PASS,0
PHASEB_formal_r1_C2_RING_SIMPLE_CH8_N4096_q8_rep4,3,4,3,sm_89,R1_EVENT_OVERLAP,NCCL,C2_RING_SIMPLE_CH8,2048,4096,2048,8,3,2097152,55,0,2211.232,3204.160,4206.272,1002.112,PASS,0
PHASEB_formal_r1_C2_RING_SIMPLE_CH8_N4096_q8_rep4,3,4,3,sm_89,R1_EVENT_OVERLAP,NCCL,C2_RING_SIMPLE_CH8,2048,4096,2048,8,4,2097152,55,0,3210.816,4209.920,5278.912,1068.992,PASS,0
PHASEB_formal_r1_C2_RING_SIMPLE_CH8_N4096_q8_rep4,3,4,3,sm_89,R1_EVENT_OVERLAP,NCCL,C2_RING_SIMPLE_CH8,2048,4096,2048,8,5,2097152,55,0,4197.728,5282.592,6345.888,1063.296,PASS,0
PHASEB_formal_r1_C2_RING_SIMPLE_CH8_N4096_q8_rep4,3,4,3,sm_89,R1_EVENT_OVERLAP,NCCL,C2_RING_SIMPLE_CH8,2048,4096,2048,8,6,2097152,55,0,5173.472,6349.312,7330.944,981.632,PASS,0
PHASEB_formal_r1_C2_RING_SIMPLE_CH8_N4096_q8_rep4,3,4,3,sm_89,R1_EVENT_OVERLAP,NCCL,C2_RING_SIMPLE_CH8,2048,4096,2048,8,7,2097152,55,0,6176.896,7334.368,8316.576,982.208,PASS,0
PHASEB_formal_r1_C2_RING_SIMPLE_CH8_N4096_q8_rep4,3,4,3,sm_89,R1_EVENT_OVERLAP,NCCL,C2_RING_SIMPLE_CH8,2048,4096,2048,8,0,2097152,56,0,180.224,186.240,1183.808,997.568,PASS,0
PHASEB_formal_r1_C2_RING_SIMPLE_CH8_N4096_q8_rep4,3,4,3,sm_89,R1_EVENT_OVERLAP,NCCL,C2_RING_SIMPLE_CH8,2048,4096,2048,8,1,2097152,56,0,294.592,1187.360,2192.480,1005.120,PASS,0
PHASEB_formal_r1_C2_RING_SIMPLE_CH8_N4096_q8_rep4,3,4,3,sm_89,R1_EVENT_OVERLAP,NCCL,C2_RING_SIMPLE_CH8,2048,4096,2048,8,2,2097152,56,0,1196.928,2195.936,3270.688,1074.752,PASS,0
PHASEB_formal_r1_C2_RING_SIMPLE_CH8_N4096_q8_rep4,3,4,3,sm_89,R1_EVENT_OVERLAP,NCCL,C2_RING_SIMPLE_CH8,2048,4096,2048,8,3,2097152,56,0,2186.208,3274.176,4344.320,1070.144,PASS,0
PHASEB_formal_r1_C2_RING_SIMPLE_CH8_N4096_q8_rep4,3,4,3,sm_89,R1_EVENT_OVERLAP,NCCL,C2_RING_SIMPLE_CH8,2048,4096,2048,8,4,2097152,56,0,3199.200,4347.744,5415.328,1067.584,PASS,0
PHASEB_formal_r1_C2_RING_SIMPLE_CH8_N4096_q8_rep4,3,4,3,sm_89,R1_EVENT_OVERLAP,NCCL,C2_RING_SIMPLE_CH8,2048,4096,2048,8,5,2097152,56,0,4176.416,5418.880,6478.336,1059.456,PASS,0
PHASEB_formal_r1_C2_RING_SIMPLE_CH8_N4096_q8_rep4,3,4,3,sm_89,R1_EVENT_OVERLAP,NCCL,C2_RING_SIMPLE_CH8,2048,4096,2048,8,6,2097152,56,0,5170.944,6481.760,7465.216,983.456,PASS,0
PHASEB_formal_r1_C2_RING_SIMPLE_CH8_N4096_q8_rep4,3,4,3,sm_89,R1_EVENT_OVERLAP,NCCL,C2_RING_SIMPLE_CH8,2048,4096,2048,8,7,2097152,56,0,6171.520,7468.608,8450.400,981.792,PASS,0
PHASEB_formal_r1_C2_RING_SIMPLE_CH8_N4096_q8_rep4,3,4,3,sm_89,R1_EVENT_OVERLAP,NCCL,C2_RING_SIMPLE_CH8,2048,4096,2048,8,0,2097152,57,0,188.192,194.496,1195.072,1000.576,PASS,0
PHASEB_formal_r1_C2_RING_SIMPLE_CH8_N4096_q8_rep4,3,4,3,sm_89,R1_EVENT_OVERLAP,NCCL,C2_RING_SIMPLE_CH8,2048,4096,2048,8,1,2097152,57,0,302.976,1199.296,2196.320,997.024,PASS,0
PHASEB_formal_r1_C2_RING_SIMPLE_CH8_N4096_q8_rep4,3,4,3,sm_89,R1_EVENT_OVERLAP,NCCL,C2_RING_SIMPLE_CH8,2048,4096,2048,8,2,2097152,57,0,1208.896,2199.680,3198.304,998.624,PASS,0
PHASEB_formal_r1_C2_RING_SIMPLE_CH8_N4096_q8_rep4,3,4,3,sm_89,R1_EVENT_OVERLAP,NCCL,C2_RING_SIMPLE_CH8,2048,4096,2048,8,3,2097152,57,0,2206.528,3201.728,4199.008,997.280,PASS,0
PHASEB_formal_r1_C2_RING_SIMPLE_CH8_N4096_q8_rep4,3,4,3,sm_89,R1_EVENT_OVERLAP,NCCL,C2_RING_SIMPLE_CH8,2048,4096,2048,8,4,2097152,57,0,3207.936,4203.552,5212.320,1008.768,PASS,0
PHASEB_formal_r1_C2_RING_SIMPLE_CH8_N4096_q8_rep4,3,4,3,sm_89,R1_EVENT_OVERLAP,NCCL,C2_RING_SIMPLE_CH8,2048,4096,2048,8,5,2097152,57,0,4228.640,5216.096,6210.976,994.880,PASS,0
PHASEB_formal_r1_C2_RING_SIMPLE_CH8_N4096_q8_rep4,3,4,3,sm_89,R1_EVENT_OVERLAP,NCCL,C2_RING_SIMPLE_CH8,2048,4096,2048,8,6,2097152,57,0,5238.912,6214.368,7196.128,981.760,PASS,0
PHASEB_formal_r1_C2_RING_SIMPLE_CH8_N4096_q8_rep4,3,4,3,sm_89,R1_EVENT_OVERLAP,NCCL,C2_RING_SIMPLE_CH8,2048,4096,2048,8,7,2097152,57,0,6201.856,7199.520,8181.984,982.464,PASS,0
PHASEB_formal_r1_C2_RING_SIMPLE_CH8_N4096_q8_rep4,3,4,3,sm_89,R1_EVENT_OVERLAP,NCCL,C2_RING_SIMPLE_CH8,2048,4096,2048,8,0,2097152,58,0,176.224,182.624,1185.728,1003.104,PASS,0
PHASEB_formal_r1_C2_RING_SIMPLE_CH8_N4096_q8_rep4,3,4,3,sm_89,R1_EVENT_OVERLAP,NCCL,C2_RING_SIMPLE_CH8,2048,4096,2048,8,1,2097152,58,0,292.256,1189.152,2186.080,996.928,PASS,0
PHASEB_formal_r1_C2_RING_SIMPLE_CH8_N4096_q8_rep4,3,4,3,sm_89,R1_EVENT_OVERLAP,NCCL,C2_RING_SIMPLE_CH8,2048,4096,2048,8,2,2097152,58,0,1201.184,2189.824,3187.968,998.144,PASS,0
PHASEB_formal_r1_C2_RING_SIMPLE_CH8_N4096_q8_rep4,3,4,3,sm_89,R1_EVENT_OVERLAP,NCCL,C2_RING_SIMPLE_CH8,2048,4096,2048,8,3,2097152,58,0,2196.800,3191.392,4197.088,1005.696,PASS,0
PHASEB_formal_r1_C2_RING_SIMPLE_CH8_N4096_q8_rep4,3,4,3,sm_89,R1_EVENT_OVERLAP,NCCL,C2_RING_SIMPLE_CH8,2048,4096,2048,8,4,2097152,58,0,3197.760,4200.512,5274.656,1074.144,PASS,0
PHASEB_formal_r1_C2_RING_SIMPLE_CH8_N4096_q8_rep4,3,4,3,sm_89,R1_EVENT_OVERLAP,NCCL,C2_RING_SIMPLE_CH8,2048,4096,2048,8,5,2097152,58,0,4190.272,5278.048,6340.704,1062.656,PASS,0
PHASEB_formal_r1_C2_RING_SIMPLE_CH8_N4096_q8_rep4,3,4,3,sm_89,R1_EVENT_OVERLAP,NCCL,C2_RING_SIMPLE_CH8,2048,4096,2048,8,6,2097152,58,0,5198.048,6344.128,7326.752,982.624,PASS,0
PHASEB_formal_r1_C2_RING_SIMPLE_CH8_N4096_q8_rep4,3,4,3,sm_89,R1_EVENT_OVERLAP,NCCL,C2_RING_SIMPLE_CH8,2048,4096,2048,8,7,2097152,58,0,6194.496,7330.176,8311.328,981.152,PASS,0
PHASEB_formal_r1_C2_RING_SIMPLE_CH8_N4096_q8_rep4,3,4,3,sm_89,R1_EVENT_OVERLAP,NCCL,C2_RING_SIMPLE_CH8,2048,4096,2048,8,0,2097152,59,0,191.488,197.856,1198.336,1000.480,PASS,0
PHASEB_formal_r1_C2_RING_SIMPLE_CH8_N4096_q8_rep4,3,4,3,sm_89,R1_EVENT_OVERLAP,NCCL,C2_RING_SIMPLE_CH8,2048,4096,2048,8,1,2097152,59,0,305.536,1201.760,2198.240,996.480,PASS,0
PHASEB_formal_r1_C2_RING_SIMPLE_CH8_N4096_q8_rep4,3,4,3,sm_89,R1_EVENT_OVERLAP,NCCL,C2_RING_SIMPLE_CH8,2048,4096,2048,8,2,2097152,59,0,1208.256,2201.632,3274.656,1073.024,PASS,0
PHASEB_formal_r1_C2_RING_SIMPLE_CH8_N4096_q8_rep4,3,4,3,sm_89,R1_EVENT_OVERLAP,NCCL,C2_RING_SIMPLE_CH8,2048,4096,2048,8,3,2097152,59,0,2188.800,3278.048,4348.096,1070.048,PASS,0
PHASEB_formal_r1_C2_RING_SIMPLE_CH8_N4096_q8_rep4,3,4,3,sm_89,R1_EVENT_OVERLAP,NCCL,C2_RING_SIMPLE_CH8,2048,4096,2048,8,4,2097152,59,0,3194.144,4351.584,5421.088,1069.504,PASS,0
PHASEB_formal_r1_C2_RING_SIMPLE_CH8_N4096_q8_rep4,3,4,3,sm_89,R1_EVENT_OVERLAP,NCCL,C2_RING_SIMPLE_CH8,2048,4096,2048,8,5,2097152,59,0,4180.864,5424.512,6484.640,1060.128,PASS,0
PHASEB_formal_r1_C2_RING_SIMPLE_CH8_N4096_q8_rep4,3,4,3,sm_89,R1_EVENT_OVERLAP,NCCL,C2_RING_SIMPLE_CH8,2048,4096,2048,8,6,2097152,59,0,5179.392,6488.096,7469.856,981.760,PASS,0
PHASEB_formal_r1_C2_RING_SIMPLE_CH8_N4096_q8_rep4,3,4,3,sm_89,R1_EVENT_OVERLAP,NCCL,C2_RING_SIMPLE_CH8,2048,4096,2048,8,7,2097152,59,0,6195.232,7473.280,8455.424,982.144,PASS,0
PHASEB_formal_r1_C2_RING_SIMPLE_CH8_N4096_q8_rep4,3,4,3,sm_89,R1_EVENT_OVERLAP,NCCL,C2_RING_SIMPLE_CH8,2048,4096,2048,8,0,2097152,60,0,185.472,191.584,1196.480,1004.896,PASS,0
PHASEB_formal_r1_C2_RING_SIMPLE_CH8_N4096_q8_rep4,3,4,3,sm_89,R1_EVENT_OVERLAP,NCCL,C2_RING_SIMPLE_CH8,2048,4096,2048,8,1,2097152,60,0,300.864,1199.904,2196.384,996.480,PASS,0
PHASEB_formal_r1_C2_RING_SIMPLE_CH8_N4096_q8_rep4,3,4,3,sm_89,R1_EVENT_OVERLAP,NCCL,C2_RING_SIMPLE_CH8,2048,4096,2048,8,2,2097152,60,0,1221.568,2199.872,3208.832,1008.960,PASS,0
PHASEB_formal_r1_C2_RING_SIMPLE_CH8_N4096_q8_rep4,3,4,3,sm_89,R1_EVENT_OVERLAP,NCCL,C2_RING_SIMPLE_CH8,2048,4096,2048,8,3,2097152,60,0,2188.256,3212.160,4288.064,1075.904,PASS,0
PHASEB_formal_r1_C2_RING_SIMPLE_CH8_N4096_q8_rep4,3,4,3,sm_89,R1_EVENT_OVERLAP,NCCL,C2_RING_SIMPLE_CH8,2048,4096,2048,8,4,2097152,60,0,2306.208,4291.456,5362.784,1071.328,PASS,0
PHASEB_formal_r1_C2_RING_SIMPLE_CH8_N4096_q8_rep4,3,4,3,sm_89,R1_EVENT_OVERLAP,NCCL,C2_RING_SIMPLE_CH8,2048,4096,2048,8,5,2097152,60,0,3201.472,5366.208,6347.616,981.408,PASS,0
PHASEB_formal_r1_C2_RING_SIMPLE_CH8_N4096_q8_rep4,3,4,3,sm_89,R1_EVENT_OVERLAP,NCCL,C2_RING_SIMPLE_CH8,2048,4096,2048,8,6,2097152,60,0,4180.672,6351.040,7333.888,982.848,PASS,0
PHASEB_formal_r1_C2_RING_SIMPLE_CH8_N4096_q8_rep4,3,4,3,sm_89,R1_EVENT_OVERLAP,NCCL,C2_RING_SIMPLE_CH8,2048,4096,2048,8,7,2097152,60,0,5176.320,7337.344,8318.368,981.024,PASS,0
PHASEB_formal_r1_C2_RING_SIMPLE_CH8_N4096_q8_rep4,3,4,3,sm_89,R1_EVENT_OVERLAP,NCCL,C2_RING_SIMPLE_CH8,2048,4096,2048,8,0,2097152,61,0,190.880,197.088,1194.560,997.472,PASS,0
PHASEB_formal_r1_C2_RING_SIMPLE_CH8_N4096_q8_rep4,3,4,3,sm_89,R1_EVENT_OVERLAP,NCCL,C2_RING_SIMPLE_CH8,2048,4096,2048,8,1,2097152,61,0,307.104,1198.048,2198.496,1000.448,PASS,0
PHASEB_formal_r1_C2_RING_SIMPLE_CH8_N4096_q8_rep4,3,4,3,sm_89,R1_EVENT_OVERLAP,NCCL,C2_RING_SIMPLE_CH8,2048,4096,2048,8,2,2097152,61,0,1221.056,2201.888,3203.200,1001.312,PASS,0
PHASEB_formal_r1_C2_RING_SIMPLE_CH8_N4096_q8_rep4,3,4,3,sm_89,R1_EVENT_OVERLAP,NCCL,C2_RING_SIMPLE_CH8,2048,4096,2048,8,3,2097152,61,0,2208.256,3206.944,4282.688,1075.744,PASS,0
PHASEB_formal_r1_C2_RING_SIMPLE_CH8_N4096_q8_rep4,3,4,3,sm_89,R1_EVENT_OVERLAP,NCCL,C2_RING_SIMPLE_CH8,2048,4096,2048,8,4,2097152,61,0,3196.672,4286.144,5283.328,997.184,PASS,0
PHASEB_formal_r1_C2_RING_SIMPLE_CH8_N4096_q8_rep4,3,4,3,sm_89,R1_EVENT_OVERLAP,NCCL,C2_RING_SIMPLE_CH8,2048,4096,2048,8,5,2097152,61,0,4174.336,5286.752,6269.504,982.752,PASS,0
PHASEB_formal_r1_C2_RING_SIMPLE_CH8_N4096_q8_rep4,3,4,3,sm_89,R1_EVENT_OVERLAP,NCCL,C2_RING_SIMPLE_CH8,2048,4096,2048,8,6,2097152,61,0,4301.216,6272.960,7255.040,982.080,PASS,0
PHASEB_formal_r1_C2_RING_SIMPLE_CH8_N4096_q8_rep4,3,4,3,sm_89,R1_EVENT_OVERLAP,NCCL,C2_RING_SIMPLE_CH8,2048,4096,2048,8,7,2097152,61,0,5275.808,7258.464,8240.512,982.048,PASS,0
PHASEB_formal_r1_C2_RING_SIMPLE_CH8_N4096_q8_rep4,3,4,3,sm_89,R1_EVENT_OVERLAP,NCCL,C2_RING_SIMPLE_CH8,2048,4096,2048,8,0,2097152,62,0,202.880,209.248,1210.624,1001.376,PASS,0
PHASEB_formal_r1_C2_RING_SIMPLE_CH8_N4096_q8_rep4,3,4,3,sm_89,R1_EVENT_OVERLAP,NCCL,C2_RING_SIMPLE_CH8,2048,4096,2048,8,1,2097152,62,0,317.888,1214.080,2211.776,997.696,PASS,0
PHASEB_formal_r1_C2_RING_SIMPLE_CH8_N4096_q8_rep4,3,4,3,sm_89,R1_EVENT_OVERLAP,NCCL,C2_RING_SIMPLE_CH8,2048,4096,2048,8,2,2097152,62,0,1237.408,2215.136,3212.960,997.824,PASS,0
PHASEB_formal_r1_C2_RING_SIMPLE_CH8_N4096_q8_rep4,3,4,3,sm_89,R1_EVENT_OVERLAP,NCCL,C2_RING_SIMPLE_CH8,2048,4096,2048,8,3,2097152,62,0,2222.496,3216.288,4291.936,1075.648,PASS,0
PHASEB_formal_r1_C2_RING_SIMPLE_CH8_N4096_q8_rep4,3,4,3,sm_89,R1_EVENT_OVERLAP,NCCL,C2_RING_SIMPLE_CH8,2048,4096,2048,8,4,2097152,62,0,3204.672,4295.552,5298.720,1003.168,PASS,0
PHASEB_formal_r1_C2_RING_SIMPLE_CH8_N4096_q8_rep4,3,4,3,sm_89,R1_EVENT_OVERLAP,NCCL,C2_RING_SIMPLE_CH8,2048,4096,2048,8,5,2097152,62,0,4192.544,5302.272,6283.936,981.664,PASS,0
PHASEB_formal_r1_C2_RING_SIMPLE_CH8_N4096_q8_rep4,3,4,3,sm_89,R1_EVENT_OVERLAP,NCCL,C2_RING_SIMPLE_CH8,2048,4096,2048,8,6,2097152,62,0,4324.224,6287.392,7270.112,982.720,PASS,0
PHASEB_formal_r1_C2_RING_SIMPLE_CH8_N4096_q8_rep4,3,4,3,sm_89,R1_EVENT_OVERLAP,NCCL,C2_RING_SIMPLE_CH8,2048,4096,2048,8,7,2097152,62,0,5311.360,7273.536,8254.561,981.024,PASS,0
PHASEB_formal_r1_C2_RING_SIMPLE_CH8_N4096_q8_rep4,3,4,3,sm_89,R1_EVENT_OVERLAP,NCCL,C2_RING_SIMPLE_CH8,2048,4096,2048,8,0,2097152,63,0,181.472,188.448,1187.392,998.944,PASS,0
PHASEB_formal_r1_C2_RING_SIMPLE_CH8_N4096_q8_rep4,3,4,3,sm_89,R1_EVENT_OVERLAP,NCCL,C2_RING_SIMPLE_CH8,2048,4096,2048,8,1,2097152,63,0,296.064,1191.232,2190.432,999.200,PASS,0
PHASEB_formal_r1_C2_RING_SIMPLE_CH8_N4096_q8_rep4,3,4,3,sm_89,R1_EVENT_OVERLAP,NCCL,C2_RING_SIMPLE_CH8,2048,4096,2048,8,2,2097152,63,0,1214.624,2193.856,3189.888,996.032,PASS,0
PHASEB_formal_r1_C2_RING_SIMPLE_CH8_N4096_q8_rep4,3,4,3,sm_89,R1_EVENT_OVERLAP,NCCL,C2_RING_SIMPLE_CH8,2048,4096,2048,8,3,2097152,63,0,2200.096,3193.664,4270.560,1076.896,PASS,0
PHASEB_formal_r1_C2_RING_SIMPLE_CH8_N4096_q8_rep4,3,4,3,sm_89,R1_EVENT_OVERLAP,NCCL,C2_RING_SIMPLE_CH8,2048,4096,2048,8,4,2097152,63,0,3179.552,4273.984,5344.096,1070.112,PASS,0
PHASEB_formal_r1_C2_RING_SIMPLE_CH8_N4096_q8_rep4,3,4,3,sm_89,R1_EVENT_OVERLAP,NCCL,C2_RING_SIMPLE_CH8,2048,4096,2048,8,5,2097152,63,0,4166.048,5347.520,6408.480,1060.960,PASS,0
PHASEB_formal_r1_C2_RING_SIMPLE_CH8_N4096_q8_rep4,3,4,3,sm_89,R1_EVENT_OVERLAP,NCCL,C2_RING_SIMPLE_CH8,2048,4096,2048,8,6,2097152,63,0,5168.704,6411.904,7393.504,981.600,PASS,0
PHASEB_formal_r1_C2_RING_SIMPLE_CH8_N4096_q8_rep4,3,4,3,sm_89,R1_EVENT_OVERLAP,NCCL,C2_RING_SIMPLE_CH8,2048,4096,2048,8,7,2097152,63,0,6162.016,7396.960,8378.368,981.408,PASS,0
PHASEB_formal_r1_C2_RING_SIMPLE_CH8_N4096_q8_rep4,3,4,3,sm_89,R1_EVENT_OVERLAP,NCCL,C2_RING_SIMPLE_CH8,2048,4096,2048,8,0,2097152,64,0,172.192,178.560,1177.216,998.656,PASS,0
PHASEB_formal_r1_C2_RING_SIMPLE_CH8_N4096_q8_rep4,3,4,3,sm_89,R1_EVENT_OVERLAP,NCCL,C2_RING_SIMPLE_CH8,2048,4096,2048,8,1,2097152,64,0,286.976,1180.672,2180.512,999.840,PASS,0
PHASEB_formal_r1_C2_RING_SIMPLE_CH8_N4096_q8_rep4,3,4,3,sm_89,R1_EVENT_OVERLAP,NCCL,C2_RING_SIMPLE_CH8,2048,4096,2048,8,2,2097152,64,0,1194.208,2183.840,3182.752,998.912,PASS,0
PHASEB_formal_r1_C2_RING_SIMPLE_CH8_N4096_q8_rep4,3,4,3,sm_89,R1_EVENT_OVERLAP,NCCL,C2_RING_SIMPLE_CH8,2048,4096,2048,8,3,2097152,64,0,2191.008,3186.208,4182.688,996.480,PASS,0
PHASEB_formal_r1_C2_RING_SIMPLE_CH8_N4096_q8_rep4,3,4,3,sm_89,R1_EVENT_OVERLAP,NCCL,C2_RING_SIMPLE_CH8,2048,4096,2048,8,4,2097152,64,0,3199.040,4186.112,5183.360,997.248,PASS,0
PHASEB_formal_r1_C2_RING_SIMPLE_CH8_N4096_q8_rep4,3,4,3,sm_89,R1_EVENT_OVERLAP,NCCL,C2_RING_SIMPLE_CH8,2048,4096,2048,8,5,2097152,64,0,4193.344,5187.008,6183.264,996.256,PASS,0
PHASEB_formal_r1_C2_RING_SIMPLE_CH8_N4096_q8_rep4,3,4,3,sm_89,R1_EVENT_OVERLAP,NCCL,C2_RING_SIMPLE_CH8,2048,4096,2048,8,6,2097152,64,0,5193.408,6186.720,7169.376,982.656,PASS,0
PHASEB_formal_r1_C2_RING_SIMPLE_CH8_N4096_q8_rep4,3,4,3,sm_89,R1_EVENT_OVERLAP,NCCL,C2_RING_SIMPLE_CH8,2048,4096,2048,8,7,2097152,64,0,6174.464,7172.800,8155.008,982.208,PASS,0
PHASEB_formal_r1_C2_RING_SIMPLE_CH8_N4096_q8_rep4,3,4,3,sm_89,R1_EVENT_OVERLAP,NCCL,C2_RING_SIMPLE_CH8,2048,4096,2048,8,0,2097152,65,0,177.760,184.704,1184.672,999.968,PASS,0
PHASEB_formal_r1_C2_RING_SIMPLE_CH8_N4096_q8_rep4,3,4,3,sm_89,R1_EVENT_OVERLAP,NCCL,C2_RING_SIMPLE_CH8,2048,4096,2048,8,1,2097152,65,0,292.448,1188.096,2184.896,996.800,PASS,0
PHASEB_formal_r1_C2_RING_SIMPLE_CH8_N4096_q8_rep4,3,4,3,sm_89,R1_EVENT_OVERLAP,NCCL,C2_RING_SIMPLE_CH8,2048,4096,2048,8,2,2097152,65,0,1194.400,2188.384,3263.104,1074.720,PASS,0
PHASEB_formal_r1_C2_RING_SIMPLE_CH8_N4096_q8_rep4,3,4,3,sm_89,R1_EVENT_OVERLAP,NCCL,C2_RING_SIMPLE_CH8,2048,4096,2048,8,3,2097152,65,0,2175.616,3266.496,4337.888,1071.392,PASS,0
PHASEB_formal_r1_C2_RING_SIMPLE_CH8_N4096_q8_rep4,3,4,3,sm_89,R1_EVENT_OVERLAP,NCCL,C2_RING_SIMPLE_CH8,2048,4096,2048,8,4,2097152,65,0,3179.072,4341.408,5410.176,1068.768,PASS,0
PHASEB_formal_r1_C2_RING_SIMPLE_CH8_N4096_q8_rep4,3,4,3,sm_89,R1_EVENT_OVERLAP,NCCL,C2_RING_SIMPLE_CH8,2048,4096,2048,8,5,2097152,65,0,4170.336,5413.568,6473.952,1060.384,PASS,0
PHASEB_formal_r1_C2_RING_SIMPLE_CH8_N4096_q8_rep4,3,4,3,sm_89,R1_EVENT_OVERLAP,NCCL,C2_RING_SIMPLE_CH8,2048,4096,2048,8,6,2097152,65,0,5156.736,6477.376,7459.264,981.888,PASS,0
PHASEB_formal_r1_C2_RING_SIMPLE_CH8_N4096_q8_rep4,3,4,3,sm_89,R1_EVENT_OVERLAP,NCCL,C2_RING_SIMPLE_CH8,2048,4096,2048,8,7,2097152,65,0,6146.368,7462.688,8445.248,982.560,PASS,0
PHASEB_formal_r1_C2_RING_SIMPLE_CH8_N4096_q8_rep4,3,4,3,sm_89,R1_EVENT_OVERLAP,NCCL,C2_RING_SIMPLE_CH8,2048,4096,2048,8,0,2097152,66,0,184.192,190.112,1196.704,1006.592,PASS,0
PHASEB_formal_r1_C2_RING_SIMPLE_CH8_N4096_q8_rep4,3,4,3,sm_89,R1_EVENT_OVERLAP,NCCL,C2_RING_SIMPLE_CH8,2048,4096,2048,8,1,2097152,66,0,300.704,1200.640,2274.816,1074.176,PASS,0
PHASEB_formal_r1_C2_RING_SIMPLE_CH8_N4096_q8_rep4,3,4,3,sm_89,R1_EVENT_OVERLAP,NCCL,C2_RING_SIMPLE_CH8,2048,4096,2048,8,2,2097152,66,0,1190.784,2278.208,3279.424,1001.216,PASS,0
PHASEB_formal_r1_C2_RING_SIMPLE_CH8_N4096_q8_rep4,3,4,3,sm_89,R1_EVENT_OVERLAP,NCCL,C2_RING_SIMPLE_CH8,2048,4096,2048,8,3,2097152,66,0,2160.640,3282.816,4353.376,1070.560,PASS,0
PHASEB_formal_r1_C2_RING_SIMPLE_CH8_N4096_q8_rep4,3,4,3,sm_89,R1_EVENT_OVERLAP,NCCL,C2_RING_SIMPLE_CH8,2048,4096,2048,8,4,2097152,66,0,2286.400,4356.736,5417.760,1061.024,PASS,0
PHASEB_formal_r1_C2_RING_SIMPLE_CH8_N4096_q8_rep4,3,4,3,sm_89,R1_EVENT_OVERLAP,NCCL,C2_RING_SIMPLE_CH8,2048,4096,2048,8,5,2097152,66,0,3269.792,5421.184,6403.072,981.888,PASS,0
PHASEB_formal_r1_C2_RING_SIMPLE_CH8_N4096_q8_rep4,3,4,3,sm_89,R1_EVENT_OVERLAP,NCCL,C2_RING_SIMPLE_CH8,2048,4096,2048,8,6,2097152,66,0,4191.616,6406.496,7389.536,983.040,PASS,0
PHASEB_formal_r1_C2_RING_SIMPLE_CH8_N4096_q8_rep4,3,4,3,sm_89,R1_EVENT_OVERLAP,NCCL,C2_RING_SIMPLE_CH8,2048,4096,2048,8,7,2097152,66,0,5171.712,7392.992,8374.176,981.184,PASS,0
PHASEB_formal_r1_C2_RING_SIMPLE_CH8_N4096_q8_rep4,3,4,3,sm_89,R1_EVENT_OVERLAP,NCCL,C2_RING_SIMPLE_CH8,2048,4096,2048,8,0,2097152,67,0,187.168,193.888,1194.112,1000.224,PASS,0
PHASEB_formal_r1_C2_RING_SIMPLE_CH8_N4096_q8_rep4,3,4,3,sm_89,R1_EVENT_OVERLAP,NCCL,C2_RING_SIMPLE_CH8,2048,4096,2048,8,1,2097152,67,0,301.056,1197.952,2195.136,997.184,PASS,0
PHASEB_formal_r1_C2_RING_SIMPLE_CH8_N4096_q8_rep4,3,4,3,sm_89,R1_EVENT_OVERLAP,NCCL,C2_RING_SIMPLE_CH8,2048,4096,2048,8,2,2097152,67,0,1212.320,2198.528,3195.680,997.152,PASS,0
PHASEB_formal_r1_C2_RING_SIMPLE_CH8_N4096_q8_rep4,3,4,3,sm_89,R1_EVENT_OVERLAP,NCCL,C2_RING_SIMPLE_CH8,2048,4096,2048,8,3,2097152,67,0,2185.376,3199.296,4195.008,995.712,PASS,0
PHASEB_formal_r1_C2_RING_SIMPLE_CH8_N4096_q8_rep4,3,4,3,sm_89,R1_EVENT_OVERLAP,NCCL,C2_RING_SIMPLE_CH8,2048,4096,2048,8,4,2097152,67,0,2311.136,4198.432,5181.216,982.784,PASS,0
PHASEB_formal_r1_C2_RING_SIMPLE_CH8_N4096_q8_rep4,3,4,3,sm_89,R1_EVENT_OVERLAP,NCCL,C2_RING_SIMPLE_CH8,2048,4096,2048,8,5,2097152,67,0,3210.144,5184.672,6167.360,982.688,PASS,0
PHASEB_formal_r1_C2_RING_SIMPLE_CH8_N4096_q8_rep4,3,4,3,sm_89,R1_EVENT_OVERLAP,NCCL,C2_RING_SIMPLE_CH8,2048,4096,2048,8,6,2097152,67,0,4186.432,6170.784,7152.480,981.696,PASS,0
PHASEB_formal_r1_C2_RING_SIMPLE_CH8_N4096_q8_rep4,3,4,3,sm_89,R1_EVENT_OVERLAP,NCCL,C2_RING_SIMPLE_CH8,2048,4096,2048,8,7,2097152,67,0,4303.712,7155.936,8138.240,982.304,PASS,0
PHASEB_formal_r1_C2_RING_SIMPLE_CH8_N4096_q8_rep4,3,4,3,sm_89,R1_EVENT_OVERLAP,NCCL,C2_RING_SIMPLE_CH8,2048,4096,2048,8,0,2097152,68,0,200.480,206.400,1204.448,998.048,PASS,0
PHASEB_formal_r1_C2_RING_SIMPLE_CH8_N4096_q8_rep4,3,4,3,sm_89,R1_EVENT_OVERLAP,NCCL,C2_RING_SIMPLE_CH8,2048,4096,2048,8,1,2097152,68,0,314.560,1207.872,2204.384,996.512,PASS,0
PHASEB_formal_r1_C2_RING_SIMPLE_CH8_N4096_q8_rep4,3,4,3,sm_89,R1_EVENT_OVERLAP,NCCL,C2_RING_SIMPLE_CH8,2048,4096,2048,8,2,2097152,68,0,1220.032,2207.808,3207.072,999.264,PASS,0
PHASEB_formal_r1_C2_RING_SIMPLE_CH8_N4096_q8_rep4,3,4,3,sm_89,R1_EVENT_OVERLAP,NCCL,C2_RING_SIMPLE_CH8,2048,4096,2048,8,3,2097152,68,0,2214.880,3210.528,4284.256,1073.728,PASS,0
PHASEB_formal_r1_C2_RING_SIMPLE_CH8_N4096_q8_rep4,3,4,3,sm_89,R1_EVENT_OVERLAP,NCCL,C2_RING_SIMPLE_CH8,2048,4096,2048,8,4,2097152,68,0,3200.640,4287.616,5286.400,998.784,PASS,0
PHASEB_formal_r1_C2_RING_SIMPLE_CH8_N4096_q8_rep4,3,4,3,sm_89,R1_EVENT_OVERLAP,NCCL,C2_RING_SIMPLE_CH8,2048,4096,2048,8,5,2097152,68,0,4189.280,5289.856,6271.872,982.016,PASS,0
PHASEB_formal_r1_C2_RING_SIMPLE_CH8_N4096_q8_rep4,3,4,3,sm_89,R1_EVENT_OVERLAP,NCCL,C2_RING_SIMPLE_CH8,2048,4096,2048,8,6,2097152,68,0,4321.024,6275.360,7257.856,982.496,PASS,0
PHASEB_formal_r1_C2_RING_SIMPLE_CH8_N4096_q8_rep4,3,4,3,sm_89,R1_EVENT_OVERLAP,NCCL,C2_RING_SIMPLE_CH8,2048,4096,2048,8,7,2097152,68,0,5278.272,7261.280,8242.464,981.184,PASS,0
PHASEB_formal_r1_C2_RING_SIMPLE_CH8_N4096_q8_rep4,3,4,3,sm_89,R1_EVENT_OVERLAP,NCCL,C2_RING_SIMPLE_CH8,2048,4096,2048,8,0,2097152,69,0,182.080,188.512,1194.336,1005.824,PASS,0
PHASEB_formal_r1_C2_RING_SIMPLE_CH8_N4096_q8_rep4,3,4,3,sm_89,R1_EVENT_OVERLAP,NCCL,C2_RING_SIMPLE_CH8,2048,4096,2048,8,1,2097152,69,0,296.736,1198.080,2199.168,1001.088,PASS,0
PHASEB_formal_r1_C2_RING_SIMPLE_CH8_N4096_q8_rep4,3,4,3,sm_89,R1_EVENT_OVERLAP,NCCL,C2_RING_SIMPLE_CH8,2048,4096,2048,8,2,2097152,69,0,1224.768,2202.560,3279.584,1077.024,PASS,0
PHASEB_formal_r1_C2_RING_SIMPLE_CH8_N4096_q8_rep4,3,4,3,sm_89,R1_EVENT_OVERLAP,NCCL,C2_RING_SIMPLE_CH8,2048,4096,2048,8,3,2097152,69,0,2193.088,3282.976,4362.240,1079.264,PASS,0
PHASEB_formal_r1_C2_RING_SIMPLE_CH8_N4096_q8_rep4,3,4,3,sm_89,R1_EVENT_OVERLAP,NCCL,C2_RING_SIMPLE_CH8,2048,4096,2048,8,4,2097152,69,0,3183.936,4365.664,5427.328,1061.664,PASS,0
PHASEB_formal_r1_C2_RING_SIMPLE_CH8_N4096_q8_rep4,3,4,3,sm_89,R1_EVENT_OVERLAP,NCCL,C2_RING_SIMPLE_CH8,2048,4096,2048,8,5,2097152,69,0,4163.424,5430.784,6414.400,983.616,PASS,0
PHASEB_formal_r1_C2_RING_SIMPLE_CH8_N4096_q8_rep4,3,4,3,sm_89,R1_EVENT_OVERLAP,NCCL,C2_RING_SIMPLE_CH8,2048,4096,2048,8,6,2097152,69,0,4351.520,6417.952,7399.776,981.824,PASS,0
PHASEB_formal_r1_C2_RING_SIMPLE_CH8_N4096_q8_rep4,3,4,3,sm_89,R1_EVENT_OVERLAP,NCCL,C2_RING_SIMPLE_CH8,2048,4096,2048,8,7,2097152,69,0,5259.168,7403.200,8385.248,982.048,PASS,0
PHASEB_formal_r1_C2_RING_SIMPLE_CH8_N4096_q8_rep4,3,4,3,sm_89,R1_EVENT_OVERLAP,NCCL,C2_RING_SIMPLE_CH8,2048,4096,2048,8,0,2097152,70,0,178.144,184.704,1181.504,996.800,PASS,0
PHASEB_formal_r1_C2_RING_SIMPLE_CH8_N4096_q8_rep4,3,4,3,sm_89,R1_EVENT_OVERLAP,NCCL,C2_RING_SIMPLE_CH8,2048,4096,2048,8,1,2097152,70,0,293.152,1185.536,2184.160,998.624,PASS,0
PHASEB_formal_r1_C2_RING_SIMPLE_CH8_N4096_q8_rep4,3,4,3,sm_89,R1_EVENT_OVERLAP,NCCL,C2_RING_SIMPLE_CH8,2048,4096,2048,8,2,2097152,70,0,1193.920,2187.520,3194.752,1007.232,PASS,0
PHASEB_formal_r1_C2_RING_SIMPLE_CH8_N4096_q8_rep4,3,4,3,sm_89,R1_EVENT_OVERLAP,NCCL,C2_RING_SIMPLE_CH8,2048,4096,2048,8,3,2097152,70,0,2195.904,3198.816,4197.440,998.624,PASS,0
PHASEB_formal_r1_C2_RING_SIMPLE_CH8_N4096_q8_rep4,3,4,3,sm_89,R1_EVENT_OVERLAP,NCCL,C2_RING_SIMPLE_CH8,2048,4096,2048,8,4,2097152,70,0,3215.808,4200.864,5270.080,1069.216,PASS,0
PHASEB_formal_r1_C2_RING_SIMPLE_CH8_N4096_q8_rep4,3,4,3,sm_89,R1_EVENT_OVERLAP,NCCL,C2_RING_SIMPLE_CH8,2048,4096,2048,8,5,2097152,70,0,4186.880,5273.504,6345.184,1071.680,PASS,0
PHASEB_formal_r1_C2_RING_SIMPLE_CH8_N4096_q8_rep4,3,4,3,sm_89,R1_EVENT_OVERLAP,NCCL,C2_RING_SIMPLE_CH8,2048,4096,2048,8,6,2097152,70,0,5164.448,6348.608,7331.808,983.200,PASS,0
PHASEB_formal_r1_C2_RING_SIMPLE_CH8_N4096_q8_rep4,3,4,3,sm_89,R1_EVENT_OVERLAP,NCCL,C2_RING_SIMPLE_CH8,2048,4096,2048,8,7,2097152,70,0,6163.680,7335.264,8316.992,981.728,PASS,0
PHASEB_formal_r1_C2_RING_SIMPLE_CH8_N4096_q8_rep4,3,4,3,sm_89,R1_EVENT_OVERLAP,NCCL,C2_RING_SIMPLE_CH8,2048,4096,2048,8,0,2097152,71,0,179.200,186.144,1185.184,999.040,PASS,0
PHASEB_formal_r1_C2_RING_SIMPLE_CH8_N4096_q8_rep4,3,4,3,sm_89,R1_EVENT_OVERLAP,NCCL,C2_RING_SIMPLE_CH8,2048,4096,2048,8,1,2097152,71,0,292.320,1188.608,2184.736,996.128,PASS,0
PHASEB_formal_r1_C2_RING_SIMPLE_CH8_N4096_q8_rep4,3,4,3,sm_89,R1_EVENT_OVERLAP,NCCL,C2_RING_SIMPLE_CH8,2048,4096,2048,8,2,2097152,71,0,1194.816,2188.224,3263.360,1075.136,PASS,0
PHASEB_formal_r1_C2_RING_SIMPLE_CH8_N4096_q8_rep4,3,4,3,sm_89,R1_EVENT_OVERLAP,NCCL,C2_RING_SIMPLE_CH8,2048,4096,2048,8,3,2097152,71,0,2174.208,3267.200,4337.824,1070.624,PASS,0
PHASEB_formal_r1_C2_RING_SIMPLE_CH8_N4096_q8_rep4,3,4,3,sm_89,R1_EVENT_OVERLAP,NCCL,C2_RING_SIMPLE_CH8,2048,4096,2048,8,4,2097152,71,0,3177.088,4341.248,5410.432,1069.184,PASS,0
PHASEB_formal_r1_C2_RING_SIMPLE_CH8_N4096_q8_rep4,3,4,3,sm_89,R1_EVENT_OVERLAP,NCCL,C2_RING_SIMPLE_CH8,2048,4096,2048,8,5,2097152,71,0,4161.856,5413.856,6473.728,1059.872,PASS,0
PHASEB_formal_r1_C2_RING_SIMPLE_CH8_N4096_q8_rep4,3,4,3,sm_89,R1_EVENT_OVERLAP,NCCL,C2_RING_SIMPLE_CH8,2048,4096,2048,8,6,2097152,71,0,5145.280,6477.184,7458.880,981.696,PASS,0
PHASEB_formal_r1_C2_RING_SIMPLE_CH8_N4096_q8_rep4,3,4,3,sm_89,R1_EVENT_OVERLAP,NCCL,C2_RING_SIMPLE_CH8,2048,4096,2048,8,7,2097152,71,0,6140.128,7462.336,8443.872,981.536,PASS,0
PHASEB_formal_r1_C2_RING_SIMPLE_CH8_N4096_q8_rep4,3,4,3,sm_89,R1_EVENT_OVERLAP,NCCL,C2_RING_SIMPLE_CH8,2048,4096,2048,8,0,2097152,72,0,180.416,186.624,1182.880,996.256,PASS,0
PHASEB_formal_r1_C2_RING_SIMPLE_CH8_N4096_q8_rep4,3,4,3,sm_89,R1_EVENT_OVERLAP,NCCL,C2_RING_SIMPLE_CH8,2048,4096,2048,8,1,2097152,72,0,295.328,1186.496,2183.136,996.640,PASS,0
PHASEB_formal_r1_C2_RING_SIMPLE_CH8_N4096_q8_rep4,3,4,3,sm_89,R1_EVENT_OVERLAP,NCCL,C2_RING_SIMPLE_CH8,2048,4096,2048,8,2,2097152,72,0,1195.840,2186.560,3278.208,1091.648,PASS,0
PHASEB_formal_r1_C2_RING_SIMPLE_CH8_N4096_q8_rep4,3,4,3,sm_89,R1_EVENT_OVERLAP,NCCL,C2_RING_SIMPLE_CH8,2048,4096,2048,8,3,2097152,72,0,2174.880,3281.600,4278.880,997.280,PASS,0
PHASEB_formal_r1_C2_RING_SIMPLE_CH8_N4096_q8_rep4,3,4,3,sm_89,R1_EVENT_OVERLAP,NCCL,C2_RING_SIMPLE_CH8,2048,4096,2048,8,4,2097152,72,0,3172.448,4282.528,5278.656,996.128,PASS,0
PHASEB_formal_r1_C2_RING_SIMPLE_CH8_N4096_q8_rep4,3,4,3,sm_89,R1_EVENT_OVERLAP,NCCL,C2_RING_SIMPLE_CH8,2048,4096,2048,8,5,2097152,72,0,3314.688,5282.400,6264.320,981.920,PASS,0
PHASEB_formal_r1_C2_RING_SIMPLE_CH8_N4096_q8_rep4,3,4,3,sm_89,R1_EVENT_OVERLAP,NCCL,C2_RING_SIMPLE_CH8,2048,4096,2048,8,6,2097152,72,0,4299.200,6267.904,7250.400,982.496,PASS,0
PHASEB_formal_r1_C2_RING_SIMPLE_CH8_N4096_q8_rep4,3,4,3,sm_89,R1_EVENT_OVERLAP,NCCL,C2_RING_SIMPLE_CH8,2048,4096,2048,8,7,2097152,72,0,5289.408,7253.824,8235.008,981.184,PASS,0
PHASEB_formal_r1_C2_RING_SIMPLE_CH8_N4096_q8_rep4,3,4,3,sm_89,R1_EVENT_OVERLAP,NCCL,C2_RING_SIMPLE_CH8,2048,4096,2048,8,0,2097152,73,0,192.864,198.944,1198.016,999.072,PASS,0
PHASEB_formal_r1_C2_RING_SIMPLE_CH8_N4096_q8_rep4,3,4,3,sm_89,R1_EVENT_OVERLAP,NCCL,C2_RING_SIMPLE_CH8,2048,4096,2048,8,1,2097152,73,0,306.944,1201.440,2198.560,997.120,PASS,0
PHASEB_formal_r1_C2_RING_SIMPLE_CH8_N4096_q8_rep4,3,4,3,sm_89,R1_EVENT_OVERLAP,NCCL,C2_RING_SIMPLE_CH8,2048,4096,2048,8,2,2097152,73,0,1210.272,2202.016,3201.760,999.744,PASS,0
PHASEB_formal_r1_C2_RING_SIMPLE_CH8_N4096_q8_rep4,3,4,3,sm_89,R1_EVENT_OVERLAP,NCCL,C2_RING_SIMPLE_CH8,2048,4096,2048,8,3,2097152,73,0,2190.592,3205.408,4203.648,998.240,PASS,0
PHASEB_formal_r1_C2_RING_SIMPLE_CH8_N4096_q8_rep4,3,4,3,sm_89,R1_EVENT_OVERLAP,NCCL,C2_RING_SIMPLE_CH8,2048,4096,2048,8,4,2097152,73,0,2309.184,4207.104,5215.232,1008.128,PASS,0
PHASEB_formal_r1_C2_RING_SIMPLE_CH8_N4096_q8_rep4,3,4,3,sm_89,R1_EVENT_OVERLAP,NCCL,C2_RING_SIMPLE_CH8,2048,4096,2048,8,5,2097152,73,0,3211.616,5222.880,6205.664,982.784,PASS,0
PHASEB_formal_r1_C2_RING_SIMPLE_CH8_N4096_q8_rep4,3,4,3,sm_89,R1_EVENT_OVERLAP,NCCL,C2_RING_SIMPLE_CH8,2048,4096,2048,8,6,2097152,73,0,4213.472,6209.088,7191.392,982.304,PASS,0
PHASEB_formal_r1_C2_RING_SIMPLE_CH8_N4096_q8_rep4,3,4,3,sm_89,R1_EVENT_OVERLAP,NCCL,C2_RING_SIMPLE_CH8,2048,4096,2048,8,7,2097152,73,0,5246.240,7194.816,8177.056,982.240,PASS,0
PHASEB_formal_r1_C2_RING_SIMPLE_CH8_N4096_q8_rep4,3,4,3,sm_89,R1_EVENT_OVERLAP,NCCL,C2_RING_SIMPLE_CH8,2048,4096,2048,8,0,2097152,74,0,190.432,196.384,1194.208,997.824,PASS,0
PHASEB_formal_r1_C2_RING_SIMPLE_CH8_N4096_q8_rep4,3,4,3,sm_89,R1_EVENT_OVERLAP,NCCL,C2_RING_SIMPLE_CH8,2048,4096,2048,8,1,2097152,74,0,305.792,1198.304,2198.912,1000.608,PASS,0
PHASEB_formal_r1_C2_RING_SIMPLE_CH8_N4096_q8_rep4,3,4,3,sm_89,R1_EVENT_OVERLAP,NCCL,C2_RING_SIMPLE_CH8,2048,4096,2048,8,2,2097152,74,0,1218.240,2202.560,3200.768,998.208,PASS,0
PHASEB_formal_r1_C2_RING_SIMPLE_CH8_N4096_q8_rep4,3,4,3,sm_89,R1_EVENT_OVERLAP,NCCL,C2_RING_SIMPLE_CH8,2048,4096,2048,8,3,2097152,74,0,2209.760,3204.224,4280.000,1075.776,PASS,0
PHASEB_formal_r1_C2_RING_SIMPLE_CH8_N4096_q8_rep4,3,4,3,sm_89,R1_EVENT_OVERLAP,NCCL,C2_RING_SIMPLE_CH8,2048,4096,2048,8,4,2097152,74,0,3192.160,4283.552,5353.440,1069.888,PASS,0
PHASEB_formal_r1_C2_RING_SIMPLE_CH8_N4096_q8_rep4,3,4,3,sm_89,R1_EVENT_OVERLAP,NCCL,C2_RING_SIMPLE_CH8,2048,4096,2048,8,5,2097152,74,0,4175.264,5357.184,6417.216,1060.032,PASS,0
PHASEB_formal_r1_C2_RING_SIMPLE_CH8_N4096_q8_rep4,3,4,3,sm_89,R1_EVENT_OVERLAP,NCCL,C2_RING_SIMPLE_CH8,2048,4096,2048,8,6,2097152,74,0,5191.840,6420.608,7403.968,983.360,PASS,0
PHASEB_formal_r1_C2_RING_SIMPLE_CH8_N4096_q8_rep4,3,4,3,sm_89,R1_EVENT_OVERLAP,NCCL,C2_RING_SIMPLE_CH8,2048,4096,2048,8,7,2097152,74,0,6184.000,7407.424,8388.224,980.800,PASS,0
PHASEB_formal_r1_C2_RING_SIMPLE_CH8_N4096_q8_rep4,3,4,3,sm_89,R1_EVENT_OVERLAP,NCCL,C2_RING_SIMPLE_CH8,2048,4096,2048,8,0,2097152,75,0,187.456,193.856,1193.568,999.712,PASS,0
PHASEB_formal_r1_C2_RING_SIMPLE_CH8_N4096_q8_rep4,3,4,3,sm_89,R1_EVENT_OVERLAP,NCCL,C2_RING_SIMPLE_CH8,2048,4096,2048,8,1,2097152,75,0,302.080,1197.376,2201.696,1004.320,PASS,0
PHASEB_formal_r1_C2_RING_SIMPLE_CH8_N4096_q8_rep4,3,4,3,sm_89,R1_EVENT_OVERLAP,NCCL,C2_RING_SIMPLE_CH8,2048,4096,2048,8,2,2097152,75,0,1207.008,2205.056,3280.704,1075.648,PASS,0
PHASEB_formal_r1_C2_RING_SIMPLE_CH8_N4096_q8_rep4,3,4,3,sm_89,R1_EVENT_OVERLAP,NCCL,C2_RING_SIMPLE_CH8,2048,4096,2048,8,3,2097152,75,0,2195.584,3284.160,4362.912,1078.752,PASS,0
PHASEB_formal_r1_C2_RING_SIMPLE_CH8_N4096_q8_rep4,3,4,3,sm_89,R1_EVENT_OVERLAP,NCCL,C2_RING_SIMPLE_CH8,2048,4096,2048,8,4,2097152,75,0,3174.080,4366.464,5437.888,1071.424,PASS,0
PHASEB_formal_r1_C2_RING_SIMPLE_CH8_N4096_q8_rep4,3,4,3,sm_89,R1_EVENT_OVERLAP,NCCL,C2_RING_SIMPLE_CH8,2048,4096,2048,8,5,2097152,75,0,4171.168,5441.344,6424.288,982.944,PASS,0
PHASEB_formal_r1_C2_RING_SIMPLE_CH8_N4096_q8_rep4,3,4,3,sm_89,R1_EVENT_OVERLAP,NCCL,C2_RING_SIMPLE_CH8,2048,4096,2048,8,6,2097152,75,0,4348.704,6427.712,7409.568,981.856,PASS,0
PHASEB_formal_r1_C2_RING_SIMPLE_CH8_N4096_q8_rep4,3,4,3,sm_89,R1_EVENT_OVERLAP,NCCL,C2_RING_SIMPLE_CH8,2048,4096,2048,8,7,2097152,75,0,5252.064,7413.024,8395.264,982.240,PASS,0
PHASEB_formal_r1_C2_RING_SIMPLE_CH8_N4096_q8_rep4,3,4,3,sm_89,R1_EVENT_OVERLAP,NCCL,C2_RING_SIMPLE_CH8,2048,4096,2048,8,0,2097152,76,0,194.656,200.928,1202.368,1001.440,PASS,0
PHASEB_formal_r1_C2_RING_SIMPLE_CH8_N4096_q8_rep4,3,4,3,sm_89,R1_EVENT_OVERLAP,NCCL,C2_RING_SIMPLE_CH8,2048,4096,2048,8,1,2097152,76,0,311.712,1205.792,2208.928,1003.136,PASS,0
PHASEB_formal_r1_C2_RING_SIMPLE_CH8_N4096_q8_rep4,3,4,3,sm_89,R1_EVENT_OVERLAP,NCCL,C2_RING_SIMPLE_CH8,2048,4096,2048,8,2,2097152,76,0,1214.432,2212.736,3287.328,1074.592,PASS,0
PHASEB_formal_r1_C2_RING_SIMPLE_CH8_N4096_q8_rep4,3,4,3,sm_89,R1_EVENT_OVERLAP,NCCL,C2_RING_SIMPLE_CH8,2048,4096,2048,8,3,2097152,76,0,2202.464,3290.752,4361.600,1070.848,PASS,0
PHASEB_formal_r1_C2_RING_SIMPLE_CH8_N4096_q8_rep4,3,4,3,sm_89,R1_EVENT_OVERLAP,NCCL,C2_RING_SIMPLE_CH8,2048,4096,2048,8,4,2097152,76,0,3215.648,4364.992,5433.056,1068.064,PASS,0
PHASEB_formal_r1_C2_RING_SIMPLE_CH8_N4096_q8_rep4,3,4,3,sm_89,R1_EVENT_OVERLAP,NCCL,C2_RING_SIMPLE_CH8,2048,4096,2048,8,5,2097152,76,0,4194.848,5436.544,6496.128,1059.584,PASS,0
PHASEB_formal_r1_C2_RING_SIMPLE_CH8_N4096_q8_rep4,3,4,3,sm_89,R1_EVENT_OVERLAP,NCCL,C2_RING_SIMPLE_CH8,2048,4096,2048,8,6,2097152,76,0,5188.832,6499.552,7483.040,983.488,PASS,0
PHASEB_formal_r1_C2_RING_SIMPLE_CH8_N4096_q8_rep4,3,4,3,sm_89,R1_EVENT_OVERLAP,NCCL,C2_RING_SIMPLE_CH8,2048,4096,2048,8,7,2097152,76,0,6169.152,7486.496,8467.456,980.960,PASS,0
PHASEB_formal_r1_C2_RING_SIMPLE_CH8_N4096_q8_rep4,3,4,3,sm_89,R1_EVENT_OVERLAP,NCCL,C2_RING_SIMPLE_CH8,2048,4096,2048,8,0,2097152,77,0,175.776,181.856,1180.480,998.624,PASS,0
PHASEB_formal_r1_C2_RING_SIMPLE_CH8_N4096_q8_rep4,3,4,3,sm_89,R1_EVENT_OVERLAP,NCCL,C2_RING_SIMPLE_CH8,2048,4096,2048,8,1,2097152,77,0,290.208,1184.192,2180.288,996.096,PASS,0
PHASEB_formal_r1_C2_RING_SIMPLE_CH8_N4096_q8_rep4,3,4,3,sm_89,R1_EVENT_OVERLAP,NCCL,C2_RING_SIMPLE_CH8,2048,4096,2048,8,2,2097152,77,0,1204.128,2183.680,3180.448,996.768,PASS,0
PHASEB_formal_r1_C2_RING_SIMPLE_CH8_N4096_q8_rep4,3,4,3,sm_89,R1_EVENT_OVERLAP,NCCL,C2_RING_SIMPLE_CH8,2048,4096,2048,8,3,2097152,77,0,2189.920,3184.160,4184.864,1000.704,PASS,0
PHASEB_formal_r1_C2_RING_SIMPLE_CH8_N4096_q8_rep4,3,4,3,sm_89,R1_EVENT_OVERLAP,NCCL,C2_RING_SIMPLE_CH8,2048,4096,2048,8,4,2097152,77,0,3197.376,4188.224,5258.368,1070.144,PASS,0
PHASEB_formal_r1_C2_RING_SIMPLE_CH8_N4096_q8_rep4,3,4,3,sm_89,R1_EVENT_OVERLAP,NCCL,C2_RING_SIMPLE_CH8,2048,4096,2048,8,5,2097152,77,0,4176.416,5262.080,6334.080,1072.000,PASS,0
PHASEB_formal_r1_C2_RING_SIMPLE_CH8_N4096_q8_rep4,3,4,3,sm_89,R1_EVENT_OVERLAP,NCCL,C2_RING_SIMPLE_CH8,2048,4096,2048,8,6,2097152,77,0,5163.424,6337.536,7319.328,981.792,PASS,0
PHASEB_formal_r1_C2_RING_SIMPLE_CH8_N4096_q8_rep4,3,4,3,sm_89,R1_EVENT_OVERLAP,NCCL,C2_RING_SIMPLE_CH8,2048,4096,2048,8,7,2097152,77,0,6148.960,7322.752,8305.216,982.464,PASS,0
PHASEB_formal_r1_C2_RING_SIMPLE_CH8_N4096_q8_rep4,3,4,3,sm_89,R1_EVENT_OVERLAP,NCCL,C2_RING_SIMPLE_CH8,2048,4096,2048,8,0,2097152,78,0,175.328,181.600,1178.624,997.024,PASS,0
PHASEB_formal_r1_C2_RING_SIMPLE_CH8_N4096_q8_rep4,3,4,3,sm_89,R1_EVENT_OVERLAP,NCCL,C2_RING_SIMPLE_CH8,2048,4096,2048,8,1,2097152,78,0,292.000,1182.304,2178.176,995.872,PASS,0
PHASEB_formal_r1_C2_RING_SIMPLE_CH8_N4096_q8_rep4,3,4,3,sm_89,R1_EVENT_OVERLAP,NCCL,C2_RING_SIMPLE_CH8,2048,4096,2048,8,2,2097152,78,0,1188.608,2181.568,3182.272,1000.704,PASS,0
PHASEB_formal_r1_C2_RING_SIMPLE_CH8_N4096_q8_rep4,3,4,3,sm_89,R1_EVENT_OVERLAP,NCCL,C2_RING_SIMPLE_CH8,2048,4096,2048,8,3,2097152,78,0,2189.120,3185.632,4192.224,1006.592,PASS,0
PHASEB_formal_r1_C2_RING_SIMPLE_CH8_N4096_q8_rep4,3,4,3,sm_89,R1_EVENT_OVERLAP,NCCL,C2_RING_SIMPLE_CH8,2048,4096,2048,8,4,2097152,78,0,3191.904,4195.968,5266.688,1070.720,PASS,0
PHASEB_formal_r1_C2_RING_SIMPLE_CH8_N4096_q8_rep4,3,4,3,sm_89,R1_EVENT_OVERLAP,NCCL,C2_RING_SIMPLE_CH8,2048,4096,2048,8,5,2097152,78,0,4185.664,5270.240,6336.672,1066.432,PASS,0
PHASEB_formal_r1_C2_RING_SIMPLE_CH8_N4096_q8_rep4,3,4,3,sm_89,R1_EVENT_OVERLAP,NCCL,C2_RING_SIMPLE_CH8,2048,4096,2048,8,6,2097152,78,0,5158.752,6340.096,7322.464,982.368,PASS,0
PHASEB_formal_r1_C2_RING_SIMPLE_CH8_N4096_q8_rep4,3,4,3,sm_89,R1_EVENT_OVERLAP,NCCL,C2_RING_SIMPLE_CH8,2048,4096,2048,8,7,2097152,78,0,6151.264,7325.888,8307.393,981.504,PASS,0
PHASEB_formal_r1_C2_RING_SIMPLE_CH8_N4096_q8_rep4,3,4,3,sm_89,R1_EVENT_OVERLAP,NCCL,C2_RING_SIMPLE_CH8,2048,4096,2048,8,0,2097152,79,0,177.504,184.000,1182.368,998.368,PASS,0
PHASEB_formal_r1_C2_RING_SIMPLE_CH8_N4096_q8_rep4,3,4,3,sm_89,R1_EVENT_OVERLAP,NCCL,C2_RING_SIMPLE_CH8,2048,4096,2048,8,1,2097152,79,0,294.112,1185.696,2183.072,997.376,PASS,0
PHASEB_formal_r1_C2_RING_SIMPLE_CH8_N4096_q8_rep4,3,4,3,sm_89,R1_EVENT_OVERLAP,NCCL,C2_RING_SIMPLE_CH8,2048,4096,2048,8,2,2097152,79,0,1192.000,2186.496,3263.008,1076.512,PASS,0
PHASEB_formal_r1_C2_RING_SIMPLE_CH8_N4096_q8_rep4,3,4,3,sm_89,R1_EVENT_OVERLAP,NCCL,C2_RING_SIMPLE_CH8,2048,4096,2048,8,3,2097152,79,0,2173.824,3266.496,4335.936,1069.440,PASS,0
PHASEB_formal_r1_C2_RING_SIMPLE_CH8_N4096_q8_rep4,3,4,3,sm_89,R1_EVENT_OVERLAP,NCCL,C2_RING_SIMPLE_CH8,2048,4096,2048,8,4,2097152,79,0,3183.840,4339.360,5400.896,1061.536,PASS,0
PHASEB_formal_r1_C2_RING_SIMPLE_CH8_N4096_q8_rep4,3,4,3,sm_89,R1_EVENT_OVERLAP,NCCL,C2_RING_SIMPLE_CH8,2048,4096,2048,8,5,2097152,79,0,4178.656,5404.320,6386.880,982.560,PASS,0
PHASEB_formal_r1_C2_RING_SIMPLE_CH8_N4096_q8_rep4,3,4,3,sm_89,R1_EVENT_OVERLAP,NCCL,C2_RING_SIMPLE_CH8,2048,4096,2048,8,6,2097152,79,0,4305.824,6390.304,7372.256,981.952,PASS,0
PHASEB_formal_r1_C2_RING_SIMPLE_CH8_N4096_q8_rep4,3,4,3,sm_89,R1_EVENT_OVERLAP,NCCL,C2_RING_SIMPLE_CH8,2048,4096,2048,8,7,2097152,79,0,5312.736,7375.712,8357.536,981.824,PASS,0
