run_id,rank,rank_count,device,gfx_arch,path,family,candidate,M,N,K,q,slice_index,slice_bytes,iteration_index,t_issue_us,t_release_us,t_gemm_start_us,t_gemm_end_us,t_gemm_duration_us,correctness,status
p19_d1_N16384_q16_rep5,1,4,1,sm_89,D1_PUSHSIG_OVERLAP,NVSHMEM,C0_DEFAULT,2048,16384,2048,16,0,1048576,0,0,377.696,387.232,2325.664,1938.432,PASS,0
p19_d1_N16384_q16_rep5,1,4,1,sm_89,D1_PUSHSIG_OVERLAP,NVSHMEM,C0_DEFAULT,2048,16384,2048,16,1,1048576,0,0,2366.784,2371.200,4311.616,1940.416,PASS,0
p19_d1_N16384_q16_rep5,1,4,1,sm_89,D1_PUSHSIG_OVERLAP,NVSHMEM,C0_DEFAULT,2048,16384,2048,16,2,1048576,0,0,4349.920,4353.632,6295.904,1942.272,PASS,0
p19_d1_N16384_q16_rep5,1,4,1,sm_89,D1_PUSHSIG_OVERLAP,NVSHMEM,C0_DEFAULT,2048,16384,2048,16,3,1048576,0,0,6333.792,6337.408,8267.744,1930.336,PASS,0
p19_d1_N16384_q16_rep5,1,4,1,sm_89,D1_PUSHSIG_OVERLAP,NVSHMEM,C0_DEFAULT,2048,16384,2048,16,4,1048576,0,0,8293.567,8297.151,10226.784,1929.632,PASS,0
p19_d1_N16384_q16_rep5,1,4,1,sm_89,D1_PUSHSIG_OVERLAP,NVSHMEM,C0_DEFAULT,2048,16384,2048,16,5,1048576,0,0,10252.832,10256.575,12185.601,1929.024,PASS,0
p19_d1_N16384_q16_rep5,1,4,1,sm_89,D1_PUSHSIG_OVERLAP,NVSHMEM,C0_DEFAULT,2048,16384,2048,16,6,1048576,0,0,12211.424,12214.977,14143.360,1928.384,PASS,0
p19_d1_N16384_q16_rep5,1,4,1,sm_89,D1_PUSHSIG_OVERLAP,NVSHMEM,C0_DEFAULT,2048,16384,2048,16,7,1048576,0,0,14169.024,14172.640,16100.544,1927.904,PASS,0
p19_d1_N16384_q16_rep5,1,4,1,sm_89,D1_PUSHSIG_OVERLAP,NVSHMEM,C0_DEFAULT,2048,16384,2048,16,8,1048576,0,0,16126.433,16129.951,18062.049,1932.096,PASS,0
p19_d1_N16384_q16_rep5,1,4,1,sm_89,D1_PUSHSIG_OVERLAP,NVSHMEM,C0_DEFAULT,2048,16384,2048,16,9,1048576,0,0,18087.648,18091.393,20017.824,1926.432,PASS,0
p19_d1_N16384_q16_rep5,1,4,1,sm_89,D1_PUSHSIG_OVERLAP,NVSHMEM,C0_DEFAULT,2048,16384,2048,16,10,1048576,0,0,20045.631,20049.215,21978.305,1929.088,PASS,0
p19_d1_N16384_q16_rep5,1,4,1,sm_89,D1_PUSHSIG_OVERLAP,NVSHMEM,C0_DEFAULT,2048,16384,2048,16,11,1048576,0,0,22004.383,22007.969,23938.848,1930.880,PASS,0
p19_d1_N16384_q16_rep5,1,4,1,sm_89,D1_PUSHSIG_OVERLAP,NVSHMEM,C0_DEFAULT,2048,16384,2048,16,12,1048576,0,0,23964.768,23968.383,25896.863,1928.480,PASS,0
p19_d1_N16384_q16_rep5,1,4,1,sm_89,D1_PUSHSIG_OVERLAP,NVSHMEM,C0_DEFAULT,2048,16384,2048,16,13,1048576,0,0,25923.711,25927.295,27856.031,1928.736,PASS,0
p19_d1_N16384_q16_rep5,1,4,1,sm_89,D1_PUSHSIG_OVERLAP,NVSHMEM,C0_DEFAULT,2048,16384,2048,16,14,1048576,0,0,27882.176,27885.791,29814.783,1928.992,PASS,0
p19_d1_N16384_q16_rep5,1,4,1,sm_89,D1_PUSHSIG_OVERLAP,NVSHMEM,C0_DEFAULT,2048,16384,2048,16,15,1048576,0,0,29841.088,29844.672,31775.137,1930.464,PASS,0
p19_d1_N16384_q16_rep5,1,4,1,sm_89,D1_PUSHSIG_OVERLAP,NVSHMEM,C0_DEFAULT,2048,16384,2048,16,0,1048576,1,0,378.912,384.608,2327.008,1942.400,PASS,0
p19_d1_N16384_q16_rep5,1,4,1,sm_89,D1_PUSHSIG_OVERLAP,NVSHMEM,C0_DEFAULT,2048,16384,2048,16,1,1048576,1,0,2366.400,2369.920,4315.744,1945.824,PASS,0
p19_d1_N16384_q16_rep5,1,4,1,sm_89,D1_PUSHSIG_OVERLAP,NVSHMEM,C0_DEFAULT,2048,16384,2048,16,2,1048576,1,0,4356.928,4360.512,6302.976,1942.464,PASS,0
p19_d1_N16384_q16_rep5,1,4,1,sm_89,D1_PUSHSIG_OVERLAP,NVSHMEM,C0_DEFAULT,2048,16384,2048,16,3,1048576,1,0,6347.584,6351.072,8280.416,1929.344,PASS,0
p19_d1_N16384_q16_rep5,1,4,1,sm_89,D1_PUSHSIG_OVERLAP,NVSHMEM,C0_DEFAULT,2048,16384,2048,16,4,1048576,1,0,8305.728,8309.312,10238.592,1929.280,PASS,0
p19_d1_N16384_q16_rep5,1,4,1,sm_89,D1_PUSHSIG_OVERLAP,NVSHMEM,C0_DEFAULT,2048,16384,2048,16,5,1048576,1,0,10264.000,10267.584,12198.368,1930.784,PASS,0
p19_d1_N16384_q16_rep5,1,4,1,sm_89,D1_PUSHSIG_OVERLAP,NVSHMEM,C0_DEFAULT,2048,16384,2048,16,6,1048576,1,0,12224.032,12227.584,14159.487,1931.904,PASS,0
p19_d1_N16384_q16_rep5,1,4,1,sm_89,D1_PUSHSIG_OVERLAP,NVSHMEM,C0_DEFAULT,2048,16384,2048,16,7,1048576,1,0,14184.832,14188.416,16118.528,1930.112,PASS,0
p19_d1_N16384_q16_rep5,1,4,1,sm_89,D1_PUSHSIG_OVERLAP,NVSHMEM,C0_DEFAULT,2048,16384,2048,16,8,1048576,1,0,16143.903,16147.487,18079.201,1931.712,PASS,0
p19_d1_N16384_q16_rep5,1,4,1,sm_89,D1_PUSHSIG_OVERLAP,NVSHMEM,C0_DEFAULT,2048,16384,2048,16,9,1048576,1,0,18104.512,18108.160,20037.121,1928.960,PASS,0
p19_d1_N16384_q16_rep5,1,4,1,sm_89,D1_PUSHSIG_OVERLAP,NVSHMEM,C0_DEFAULT,2048,16384,2048,16,10,1048576,1,0,20062.945,20066.527,21997.473,1930.944,PASS,0
p19_d1_N16384_q16_rep5,1,4,1,sm_89,D1_PUSHSIG_OVERLAP,NVSHMEM,C0_DEFAULT,2048,16384,2048,16,11,1048576,1,0,22023.104,22026.654,23956.191,1929.536,PASS,0
p19_d1_N16384_q16_rep5,1,4,1,sm_89,D1_PUSHSIG_OVERLAP,NVSHMEM,C0_DEFAULT,2048,16384,2048,16,12,1048576,1,0,23981.793,23985.344,25914.656,1929.312,PASS,0
p19_d1_N16384_q16_rep5,1,4,1,sm_89,D1_PUSHSIG_OVERLAP,NVSHMEM,C0_DEFAULT,2048,16384,2048,16,13,1048576,1,0,25940.062,25943.646,27871.264,1927.616,PASS,0
p19_d1_N16384_q16_rep5,1,4,1,sm_89,D1_PUSHSIG_OVERLAP,NVSHMEM,C0_DEFAULT,2048,16384,2048,16,14,1048576,1,0,27896.641,27900.225,29830.592,1930.368,PASS,0
p19_d1_N16384_q16_rep5,1,4,1,sm_89,D1_PUSHSIG_OVERLAP,NVSHMEM,C0_DEFAULT,2048,16384,2048,16,15,1048576,1,0,29856.512,29860.385,31789.920,1929.536,PASS,0
p19_d1_N16384_q16_rep5,1,4,1,sm_89,D1_PUSHSIG_OVERLAP,NVSHMEM,C0_DEFAULT,2048,16384,2048,16,0,1048576,2,0,388.256,393.600,2335.584,1941.984,PASS,0
p19_d1_N16384_q16_rep5,1,4,1,sm_89,D1_PUSHSIG_OVERLAP,NVSHMEM,C0_DEFAULT,2048,16384,2048,16,1,1048576,2,0,2375.264,2379.776,4321.024,1941.248,PASS,0
p19_d1_N16384_q16_rep5,1,4,1,sm_89,D1_PUSHSIG_OVERLAP,NVSHMEM,C0_DEFAULT,2048,16384,2048,16,2,1048576,2,0,4363.648,4371.008,6311.520,1940.512,PASS,0
p19_d1_N16384_q16_rep5,1,4,1,sm_89,D1_PUSHSIG_OVERLAP,NVSHMEM,C0_DEFAULT,2048,16384,2048,16,3,1048576,2,0,6350.944,6354.560,8286.239,1931.680,PASS,0
p19_d1_N16384_q16_rep5,1,4,1,sm_89,D1_PUSHSIG_OVERLAP,NVSHMEM,C0_DEFAULT,2048,16384,2048,16,4,1048576,2,0,8312.032,8315.584,10246.272,1930.688,PASS,0
p19_d1_N16384_q16_rep5,1,4,1,sm_89,D1_PUSHSIG_OVERLAP,NVSHMEM,C0_DEFAULT,2048,16384,2048,16,5,1048576,2,0,10271.871,10275.488,12205.632,1930.144,PASS,0
p19_d1_N16384_q16_rep5,1,4,1,sm_89,D1_PUSHSIG_OVERLAP,NVSHMEM,C0_DEFAULT,2048,16384,2048,16,6,1048576,2,0,12231.584,12235.168,14164.608,1929.440,PASS,0
p19_d1_N16384_q16_rep5,1,4,1,sm_89,D1_PUSHSIG_OVERLAP,NVSHMEM,C0_DEFAULT,2048,16384,2048,16,7,1048576,2,0,14190.176,14193.760,16123.936,1930.176,PASS,0
p19_d1_N16384_q16_rep5,1,4,1,sm_89,D1_PUSHSIG_OVERLAP,NVSHMEM,C0_DEFAULT,2048,16384,2048,16,8,1048576,2,0,16149.984,16153.601,18082.721,1929.120,PASS,0
p19_d1_N16384_q16_rep5,1,4,1,sm_89,D1_PUSHSIG_OVERLAP,NVSHMEM,C0_DEFAULT,2048,16384,2048,16,9,1048576,2,0,18108.768,18112.352,20041.281,1928.928,PASS,0
p19_d1_N16384_q16_rep5,1,4,1,sm_89,D1_PUSHSIG_OVERLAP,NVSHMEM,C0_DEFAULT,2048,16384,2048,16,10,1048576,2,0,20067.359,20070.943,22000.096,1929.152,PASS,0
p19_d1_N16384_q16_rep5,1,4,1,sm_89,D1_PUSHSIG_OVERLAP,NVSHMEM,C0_DEFAULT,2048,16384,2048,16,11,1048576,2,0,22026.176,22029.729,23958.143,1928.416,PASS,0
p19_d1_N16384_q16_rep5,1,4,1,sm_89,D1_PUSHSIG_OVERLAP,NVSHMEM,C0_DEFAULT,2048,16384,2048,16,12,1048576,2,0,23983.936,23987.520,25916.352,1928.832,PASS,0
p19_d1_N16384_q16_rep5,1,4,1,sm_89,D1_PUSHSIG_OVERLAP,NVSHMEM,C0_DEFAULT,2048,16384,2048,16,13,1048576,2,0,25942.178,25945.760,27874.336,1928.576,PASS,0
p19_d1_N16384_q16_rep5,1,4,1,sm_89,D1_PUSHSIG_OVERLAP,NVSHMEM,C0_DEFAULT,2048,16384,2048,16,14,1048576,2,0,27900.160,27903.744,29831.713,1927.968,PASS,0
p19_d1_N16384_q16_rep5,1,4,1,sm_89,D1_PUSHSIG_OVERLAP,NVSHMEM,C0_DEFAULT,2048,16384,2048,16,15,1048576,2,0,29857.537,29861.152,31789.184,1928.032,PASS,0
p19_d1_N16384_q16_rep5,1,4,1,sm_89,D1_PUSHSIG_OVERLAP,NVSHMEM,C0_DEFAULT,2048,16384,2048,16,0,1048576,3,0,381.408,384.928,2326.720,1941.792,PASS,0
p19_d1_N16384_q16_rep5,1,4,1,sm_89,D1_PUSHSIG_OVERLAP,NVSHMEM,C0_DEFAULT,2048,16384,2048,16,1,1048576,3,0,2368.096,2373.088,4315.392,1942.304,PASS,0
p19_d1_N16384_q16_rep5,1,4,1,sm_89,D1_PUSHSIG_OVERLAP,NVSHMEM,C0_DEFAULT,2048,16384,2048,16,2,1048576,3,0,4359.136,4363.040,6301.472,1938.432,PASS,0
p19_d1_N16384_q16_rep5,1,4,1,sm_89,D1_PUSHSIG_OVERLAP,NVSHMEM,C0_DEFAULT,2048,16384,2048,16,3,1048576,3,0,6339.776,6344.960,8276.032,1931.072,PASS,0
p19_d1_N16384_q16_rep5,1,4,1,sm_89,D1_PUSHSIG_OVERLAP,NVSHMEM,C0_DEFAULT,2048,16384,2048,16,4,1048576,3,0,8302.208,8305.792,10236.000,1930.208,PASS,0
p19_d1_N16384_q16_rep5,1,4,1,sm_89,D1_PUSHSIG_OVERLAP,NVSHMEM,C0_DEFAULT,2048,16384,2048,16,5,1048576,3,0,10262.017,10265.567,12194.976,1929.408,PASS,0
p19_d1_N16384_q16_rep5,1,4,1,sm_89,D1_PUSHSIG_OVERLAP,NVSHMEM,C0_DEFAULT,2048,16384,2048,16,6,1048576,3,0,12221.312,12224.896,14153.696,1928.800,PASS,0
p19_d1_N16384_q16_rep5,1,4,1,sm_89,D1_PUSHSIG_OVERLAP,NVSHMEM,C0_DEFAULT,2048,16384,2048,16,7,1048576,3,0,14179.808,14183.392,16114.432,1931.040,PASS,0
p19_d1_N16384_q16_rep5,1,4,1,sm_89,D1_PUSHSIG_OVERLAP,NVSHMEM,C0_DEFAULT,2048,16384,2048,16,8,1048576,3,0,16140.545,16144.191,18072.736,1928.544,PASS,0
p19_d1_N16384_q16_rep5,1,4,1,sm_89,D1_PUSHSIG_OVERLAP,NVSHMEM,C0_DEFAULT,2048,16384,2048,16,9,1048576,3,0,18098.848,18102.465,20033.920,1931.456,PASS,0
p19_d1_N16384_q16_rep5,1,4,1,sm_89,D1_PUSHSIG_OVERLAP,NVSHMEM,C0_DEFAULT,2048,16384,2048,16,10,1048576,3,0,20060.000,20063.936,21993.215,1929.280,PASS,0
p19_d1_N16384_q16_rep5,1,4,1,sm_89,D1_PUSHSIG_OVERLAP,NVSHMEM,C0_DEFAULT,2048,16384,2048,16,11,1048576,3,0,22019.328,22022.881,23953.246,1930.368,PASS,0
p19_d1_N16384_q16_rep5,1,4,1,sm_89,D1_PUSHSIG_OVERLAP,NVSHMEM,C0_DEFAULT,2048,16384,2048,16,12,1048576,3,0,23979.104,23982.689,25911.137,1928.448,PASS,0
p19_d1_N16384_q16_rep5,1,4,1,sm_89,D1_PUSHSIG_OVERLAP,NVSHMEM,C0_DEFAULT,2048,16384,2048,16,13,1048576,3,0,25937.215,25940.799,27868.672,1927.872,PASS,0
p19_d1_N16384_q16_rep5,1,4,1,sm_89,D1_PUSHSIG_OVERLAP,NVSHMEM,C0_DEFAULT,2048,16384,2048,16,14,1048576,3,0,27894.785,27898.369,29828.000,1929.632,PASS,0
p19_d1_N16384_q16_rep5,1,4,1,sm_89,D1_PUSHSIG_OVERLAP,NVSHMEM,C0_DEFAULT,2048,16384,2048,16,15,1048576,3,0,29854.176,29857.760,31787.297,1929.536,PASS,0
p19_d1_N16384_q16_rep5,1,4,1,sm_89,D1_PUSHSIG_OVERLAP,NVSHMEM,C0_DEFAULT,2048,16384,2048,16,0,1048576,4,0,383.104,386.656,2325.600,1938.944,PASS,0
p19_d1_N16384_q16_rep5,1,4,1,sm_89,D1_PUSHSIG_OVERLAP,NVSHMEM,C0_DEFAULT,2048,16384,2048,16,1,1048576,4,0,2365.792,2369.440,4309.536,1940.096,PASS,0
p19_d1_N16384_q16_rep5,1,4,1,sm_89,D1_PUSHSIG_OVERLAP,NVSHMEM,C0_DEFAULT,2048,16384,2048,16,2,1048576,4,0,4346.784,4350.784,6295.584,1944.800,PASS,0
p19_d1_N16384_q16_rep5,1,4,1,sm_89,D1_PUSHSIG_OVERLAP,NVSHMEM,C0_DEFAULT,2048,16384,2048,16,3,1048576,4,0,6333.280,6336.832,8267.647,1930.816,PASS,0
p19_d1_N16384_q16_rep5,1,4,1,sm_89,D1_PUSHSIG_OVERLAP,NVSHMEM,C0_DEFAULT,2048,16384,2048,16,4,1048576,4,0,8293.248,8296.863,10225.440,1928.576,PASS,0
p19_d1_N16384_q16_rep5,1,4,1,sm_89,D1_PUSHSIG_OVERLAP,NVSHMEM,C0_DEFAULT,2048,16384,2048,16,5,1048576,4,0,10251.521,10255.168,12184.352,1929.184,PASS,0
p19_d1_N16384_q16_rep5,1,4,1,sm_89,D1_PUSHSIG_OVERLAP,NVSHMEM,C0_DEFAULT,2048,16384,2048,16,6,1048576,4,0,12210.464,12214.016,14143.296,1929.280,PASS,0
p19_d1_N16384_q16_rep5,1,4,1,sm_89,D1_PUSHSIG_OVERLAP,NVSHMEM,C0_DEFAULT,2048,16384,2048,16,7,1048576,4,0,14169.184,14172.800,16106.111,1933.312,PASS,0
p19_d1_N16384_q16_rep5,1,4,1,sm_89,D1_PUSHSIG_OVERLAP,NVSHMEM,C0_DEFAULT,2048,16384,2048,16,8,1048576,4,0,16132.223,16135.809,18064.480,1928.672,PASS,0
p19_d1_N16384_q16_rep5,1,4,1,sm_89,D1_PUSHSIG_OVERLAP,NVSHMEM,C0_DEFAULT,2048,16384,2048,16,9,1048576,4,0,18090.816,18094.688,20022.688,1928.000,PASS,0
p19_d1_N16384_q16_rep5,1,4,1,sm_89,D1_PUSHSIG_OVERLAP,NVSHMEM,C0_DEFAULT,2048,16384,2048,16,10,1048576,4,0,20048.289,20051.873,21980.225,1928.352,PASS,0
p19_d1_N16384_q16_rep5,1,4,1,sm_89,D1_PUSHSIG_OVERLAP,NVSHMEM,C0_DEFAULT,2048,16384,2048,16,11,1048576,4,0,22006.271,22009.855,23940.352,1930.496,PASS,0
p19_d1_N16384_q16_rep5,1,4,1,sm_89,D1_PUSHSIG_OVERLAP,NVSHMEM,C0_DEFAULT,2048,16384,2048,16,12,1048576,4,0,23966.207,23969.791,25899.168,1929.376,PASS,0
p19_d1_N16384_q16_rep5,1,4,1,sm_89,D1_PUSHSIG_OVERLAP,NVSHMEM,C0_DEFAULT,2048,16384,2048,16,13,1048576,4,0,25925.248,25928.832,27857.217,1928.384,PASS,0
p19_d1_N16384_q16_rep5,1,4,1,sm_89,D1_PUSHSIG_OVERLAP,NVSHMEM,C0_DEFAULT,2048,16384,2048,16,14,1048576,4,0,27883.072,27886.721,29814.400,1927.680,PASS,0
p19_d1_N16384_q16_rep5,1,4,1,sm_89,D1_PUSHSIG_OVERLAP,NVSHMEM,C0_DEFAULT,2048,16384,2048,16,15,1048576,4,0,29840.512,29844.127,31773.184,1929.056,PASS,0
p19_d1_N16384_q16_rep5,1,4,1,sm_89,D1_PUSHSIG_OVERLAP,NVSHMEM,C0_DEFAULT,2048,16384,2048,16,0,1048576,5,0,390.208,394.112,2332.672,1938.560,PASS,0
p19_d1_N16384_q16_rep5,1,4,1,sm_89,D1_PUSHSIG_OVERLAP,NVSHMEM,C0_DEFAULT,2048,16384,2048,16,1,1048576,5,0,2371.072,2374.656,4320.512,1945.856,PASS,0
p19_d1_N16384_q16_rep5,1,4,1,sm_89,D1_PUSHSIG_OVERLAP,NVSHMEM,C0_DEFAULT,2048,16384,2048,16,2,1048576,5,0,4358.080,4362.400,6302.688,1940.288,PASS,0
p19_d1_N16384_q16_rep5,1,4,1,sm_89,D1_PUSHSIG_OVERLAP,NVSHMEM,C0_DEFAULT,2048,16384,2048,16,3,1048576,5,0,6342.816,6348.800,8279.712,1930.912,PASS,0
p19_d1_N16384_q16_rep5,1,4,1,sm_89,D1_PUSHSIG_OVERLAP,NVSHMEM,C0_DEFAULT,2048,16384,2048,16,4,1048576,5,0,8305.312,8309.088,10237.792,1928.704,PASS,0
p19_d1_N16384_q16_rep5,1,4,1,sm_89,D1_PUSHSIG_OVERLAP,NVSHMEM,C0_DEFAULT,2048,16384,2048,16,5,1048576,5,0,10263.615,10267.232,12196.576,1929.344,PASS,0
p19_d1_N16384_q16_rep5,1,4,1,sm_89,D1_PUSHSIG_OVERLAP,NVSHMEM,C0_DEFAULT,2048,16384,2048,16,6,1048576,5,0,12222.433,12226.016,14155.009,1928.992,PASS,0
p19_d1_N16384_q16_rep5,1,4,1,sm_89,D1_PUSHSIG_OVERLAP,NVSHMEM,C0_DEFAULT,2048,16384,2048,16,7,1048576,5,0,14180.672,14184.416,16114.240,1929.824,PASS,0
p19_d1_N16384_q16_rep5,1,4,1,sm_89,D1_PUSHSIG_OVERLAP,NVSHMEM,C0_DEFAULT,2048,16384,2048,16,8,1048576,5,0,16139.809,16143.423,18072.449,1929.024,PASS,0
p19_d1_N16384_q16_rep5,1,4,1,sm_89,D1_PUSHSIG_OVERLAP,NVSHMEM,C0_DEFAULT,2048,16384,2048,16,9,1048576,5,0,18098.496,18102.080,20034.752,1932.672,PASS,0
p19_d1_N16384_q16_rep5,1,4,1,sm_89,D1_PUSHSIG_OVERLAP,NVSHMEM,C0_DEFAULT,2048,16384,2048,16,10,1048576,5,0,20060.641,20064.447,21996.320,1931.872,PASS,0
p19_d1_N16384_q16_rep5,1,4,1,sm_89,D1_PUSHSIG_OVERLAP,NVSHMEM,C0_DEFAULT,2048,16384,2048,16,11,1048576,5,0,22021.791,22025.375,23954.496,1929.120,PASS,0
p19_d1_N16384_q16_rep5,1,4,1,sm_89,D1_PUSHSIG_OVERLAP,NVSHMEM,C0_DEFAULT,2048,16384,2048,16,12,1048576,5,0,23980.225,23983.809,25912.256,1928.448,PASS,0
p19_d1_N16384_q16_rep5,1,4,1,sm_89,D1_PUSHSIG_OVERLAP,NVSHMEM,C0_DEFAULT,2048,16384,2048,16,13,1048576,5,0,25937.920,25941.504,27871.424,1929.920,PASS,0
p19_d1_N16384_q16_rep5,1,4,1,sm_89,D1_PUSHSIG_OVERLAP,NVSHMEM,C0_DEFAULT,2048,16384,2048,16,14,1048576,5,0,27897.473,27901.119,29831.648,1930.528,PASS,0
p19_d1_N16384_q16_rep5,1,4,1,sm_89,D1_PUSHSIG_OVERLAP,NVSHMEM,C0_DEFAULT,2048,16384,2048,16,15,1048576,5,0,29857.344,29860.928,31791.424,1930.496,PASS,0
p19_d1_N16384_q16_rep5,1,4,1,sm_89,D1_PUSHSIG_OVERLAP,NVSHMEM,C0_DEFAULT,2048,16384,2048,16,0,1048576,6,0,384.832,394.656,2336.576,1941.920,PASS,0
p19_d1_N16384_q16_rep5,1,4,1,sm_89,D1_PUSHSIG_OVERLAP,NVSHMEM,C0_DEFAULT,2048,16384,2048,16,1,1048576,6,0,2372.160,2375.872,4314.560,1938.688,PASS,0
p19_d1_N16384_q16_rep5,1,4,1,sm_89,D1_PUSHSIG_OVERLAP,NVSHMEM,C0_DEFAULT,2048,16384,2048,16,2,1048576,6,0,4352.672,4356.288,6295.520,1939.232,PASS,0
p19_d1_N16384_q16_rep5,1,4,1,sm_89,D1_PUSHSIG_OVERLAP,NVSHMEM,C0_DEFAULT,2048,16384,2048,16,3,1048576,6,0,6336.960,6341.280,8274.496,1933.216,PASS,0
p19_d1_N16384_q16_rep5,1,4,1,sm_89,D1_PUSHSIG_OVERLAP,NVSHMEM,C0_DEFAULT,2048,16384,2048,16,4,1048576,6,0,8300.416,8304.000,10234.208,1930.208,PASS,0
p19_d1_N16384_q16_rep5,1,4,1,sm_89,D1_PUSHSIG_OVERLAP,NVSHMEM,C0_DEFAULT,2048,16384,2048,16,5,1048576,6,0,10260.064,10263.615,12194.176,1930.560,PASS,0
p19_d1_N16384_q16_rep5,1,4,1,sm_89,D1_PUSHSIG_OVERLAP,NVSHMEM,C0_DEFAULT,2048,16384,2048,16,6,1048576,6,0,12219.776,12223.360,14151.616,1928.256,PASS,0
p19_d1_N16384_q16_rep5,1,4,1,sm_89,D1_PUSHSIG_OVERLAP,NVSHMEM,C0_DEFAULT,2048,16384,2048,16,7,1048576,6,0,14177.439,14181.023,16109.600,1928.576,PASS,0
p19_d1_N16384_q16_rep5,1,4,1,sm_89,D1_PUSHSIG_OVERLAP,NVSHMEM,C0_DEFAULT,2048,16384,2048,16,8,1048576,6,0,16135.392,16139.008,18068.191,1929.184,PASS,0
p19_d1_N16384_q16_rep5,1,4,1,sm_89,D1_PUSHSIG_OVERLAP,NVSHMEM,C0_DEFAULT,2048,16384,2048,16,9,1048576,6,0,18094.176,18097.760,20027.520,1929.760,PASS,0
p19_d1_N16384_q16_rep5,1,4,1,sm_89,D1_PUSHSIG_OVERLAP,NVSHMEM,C0_DEFAULT,2048,16384,2048,16,10,1048576,6,0,20053.568,20057.184,21986.783,1929.600,PASS,0
p19_d1_N16384_q16_rep5,1,4,1,sm_89,D1_PUSHSIG_OVERLAP,NVSHMEM,C0_DEFAULT,2048,16384,2048,16,11,1048576,6,0,22012.736,22016.318,23944.576,1928.256,PASS,0
p19_d1_N16384_q16_rep5,1,4,1,sm_89,D1_PUSHSIG_OVERLAP,NVSHMEM,C0_DEFAULT,2048,16384,2048,16,12,1048576,6,0,23970.881,23974.432,25904.512,1930.080,PASS,0
p19_d1_N16384_q16_rep5,1,4,1,sm_89,D1_PUSHSIG_OVERLAP,NVSHMEM,C0_DEFAULT,2048,16384,2048,16,13,1048576,6,0,25930.271,25933.824,27863.553,1929.728,PASS,0
p19_d1_N16384_q16_rep5,1,4,1,sm_89,D1_PUSHSIG_OVERLAP,NVSHMEM,C0_DEFAULT,2048,16384,2048,16,14,1048576,6,0,27889.889,27893.473,29822.848,1929.376,PASS,0
p19_d1_N16384_q16_rep5,1,4,1,sm_89,D1_PUSHSIG_OVERLAP,NVSHMEM,C0_DEFAULT,2048,16384,2048,16,15,1048576,6,0,29848.674,29852.256,31781.441,1929.184,PASS,0
p19_d1_N16384_q16_rep5,1,4,1,sm_89,D1_PUSHSIG_OVERLAP,NVSHMEM,C0_DEFAULT,2048,16384,2048,16,0,1048576,7,0,385.408,394.112,2337.408,1943.296,PASS,0
p19_d1_N16384_q16_rep5,1,4,1,sm_89,D1_PUSHSIG_OVERLAP,NVSHMEM,C0_DEFAULT,2048,16384,2048,16,1,1048576,7,0,2377.408,2380.960,4325.216,1944.256,PASS,0
p19_d1_N16384_q16_rep5,1,4,1,sm_89,D1_PUSHSIG_OVERLAP,NVSHMEM,C0_DEFAULT,2048,16384,2048,16,2,1048576,7,0,4364.128,4367.648,6306.016,1938.368,PASS,0
p19_d1_N16384_q16_rep5,1,4,1,sm_89,D1_PUSHSIG_OVERLAP,NVSHMEM,C0_DEFAULT,2048,16384,2048,16,3,1048576,7,0,6349.696,6355.648,8285.023,1929.376,PASS,0
p19_d1_N16384_q16_rep5,1,4,1,sm_89,D1_PUSHSIG_OVERLAP,NVSHMEM,C0_DEFAULT,2048,16384,2048,16,4,1048576,7,0,8310.721,8314.593,10244.128,1929.536,PASS,0
p19_d1_N16384_q16_rep5,1,4,1,sm_89,D1_PUSHSIG_OVERLAP,NVSHMEM,C0_DEFAULT,2048,16384,2048,16,5,1048576,7,0,10270.528,10274.111,12204.224,1930.112,PASS,0
p19_d1_N16384_q16_rep5,1,4,1,sm_89,D1_PUSHSIG_OVERLAP,NVSHMEM,C0_DEFAULT,2048,16384,2048,16,6,1048576,7,0,12230.176,12233.792,14164.512,1930.720,PASS,0
p19_d1_N16384_q16_rep5,1,4,1,sm_89,D1_PUSHSIG_OVERLAP,NVSHMEM,C0_DEFAULT,2048,16384,2048,16,7,1048576,7,0,14190.464,14194.112,16123.231,1929.120,PASS,0
p19_d1_N16384_q16_rep5,1,4,1,sm_89,D1_PUSHSIG_OVERLAP,NVSHMEM,C0_DEFAULT,2048,16384,2048,16,8,1048576,7,0,16149.088,16152.672,18080.416,1927.744,PASS,0
p19_d1_N16384_q16_rep5,1,4,1,sm_89,D1_PUSHSIG_OVERLAP,NVSHMEM,C0_DEFAULT,2048,16384,2048,16,9,1048576,7,0,18106.305,18110.209,20039.328,1929.120,PASS,0
p19_d1_N16384_q16_rep5,1,4,1,sm_89,D1_PUSHSIG_OVERLAP,NVSHMEM,C0_DEFAULT,2048,16384,2048,16,10,1048576,7,0,20065.633,20069.215,21997.088,1927.872,PASS,0
p19_d1_N16384_q16_rep5,1,4,1,sm_89,D1_PUSHSIG_OVERLAP,NVSHMEM,C0_DEFAULT,2048,16384,2048,16,11,1048576,7,0,22023.297,22026.881,23957.408,1930.528,PASS,0
p19_d1_N16384_q16_rep5,1,4,1,sm_89,D1_PUSHSIG_OVERLAP,NVSHMEM,C0_DEFAULT,2048,16384,2048,16,12,1048576,7,0,23983.455,23987.008,25916.896,1929.888,PASS,0
p19_d1_N16384_q16_rep5,1,4,1,sm_89,D1_PUSHSIG_OVERLAP,NVSHMEM,C0_DEFAULT,2048,16384,2048,16,13,1048576,7,0,25942.881,25946.816,27876.352,1929.536,PASS,0
p19_d1_N16384_q16_rep5,1,4,1,sm_89,D1_PUSHSIG_OVERLAP,NVSHMEM,C0_DEFAULT,2048,16384,2048,16,14,1048576,7,0,27902.336,27905.920,29837.152,1931.232,PASS,0
p19_d1_N16384_q16_rep5,1,4,1,sm_89,D1_PUSHSIG_OVERLAP,NVSHMEM,C0_DEFAULT,2048,16384,2048,16,15,1048576,7,0,29863.041,29866.592,31795.521,1928.928,PASS,0
p19_d1_N16384_q16_rep5,1,4,1,sm_89,D1_PUSHSIG_OVERLAP,NVSHMEM,C0_DEFAULT,2048,16384,2048,16,0,1048576,8,0,383.392,390.688,2331.520,1940.832,PASS,0
p19_d1_N16384_q16_rep5,1,4,1,sm_89,D1_PUSHSIG_OVERLAP,NVSHMEM,C0_DEFAULT,2048,16384,2048,16,1,1048576,8,0,2369.024,2372.704,4316.960,1944.256,PASS,0
p19_d1_N16384_q16_rep5,1,4,1,sm_89,D1_PUSHSIG_OVERLAP,NVSHMEM,C0_DEFAULT,2048,16384,2048,16,2,1048576,8,0,4353.088,4356.992,6294.688,1937.696,PASS,0
p19_d1_N16384_q16_rep5,1,4,1,sm_89,D1_PUSHSIG_OVERLAP,NVSHMEM,C0_DEFAULT,2048,16384,2048,16,3,1048576,8,0,6334.528,6338.176,8269.439,1931.264,PASS,0
p19_d1_N16384_q16_rep5,1,4,1,sm_89,D1_PUSHSIG_OVERLAP,NVSHMEM,C0_DEFAULT,2048,16384,2048,16,4,1048576,8,0,8295.296,8298.976,10227.808,1928.832,PASS,0
p19_d1_N16384_q16_rep5,1,4,1,sm_89,D1_PUSHSIG_OVERLAP,NVSHMEM,C0_DEFAULT,2048,16384,2048,16,5,1048576,8,0,10253.888,10257.472,12186.816,1929.344,PASS,0
p19_d1_N16384_q16_rep5,1,4,1,sm_89,D1_PUSHSIG_OVERLAP,NVSHMEM,C0_DEFAULT,2048,16384,2048,16,6,1048576,8,0,12212.672,12216.288,14145.152,1928.864,PASS,0
p19_d1_N16384_q16_rep5,1,4,1,sm_89,D1_PUSHSIG_OVERLAP,NVSHMEM,C0_DEFAULT,2048,16384,2048,16,7,1048576,8,0,14171.296,14174.912,16103.777,1928.864,PASS,0
p19_d1_N16384_q16_rep5,1,4,1,sm_89,D1_PUSHSIG_OVERLAP,NVSHMEM,C0_DEFAULT,2048,16384,2048,16,8,1048576,8,0,16129.633,16133.280,18061.920,1928.640,PASS,0
p19_d1_N16384_q16_rep5,1,4,1,sm_89,D1_PUSHSIG_OVERLAP,NVSHMEM,C0_DEFAULT,2048,16384,2048,16,9,1048576,8,0,18087.775,18091.426,20020.096,1928.672,PASS,0
p19_d1_N16384_q16_rep5,1,4,1,sm_89,D1_PUSHSIG_OVERLAP,NVSHMEM,C0_DEFAULT,2048,16384,2048,16,10,1048576,8,0,20046.207,20049.824,21980.064,1930.240,PASS,0
p19_d1_N16384_q16_rep5,1,4,1,sm_89,D1_PUSHSIG_OVERLAP,NVSHMEM,C0_DEFAULT,2048,16384,2048,16,11,1048576,8,0,22005.920,22009.504,23937.920,1928.416,PASS,0
p19_d1_N16384_q16_rep5,1,4,1,sm_89,D1_PUSHSIG_OVERLAP,NVSHMEM,C0_DEFAULT,2048,16384,2048,16,12,1048576,8,0,23964.129,23967.744,25897.088,1929.344,PASS,0
p19_d1_N16384_q16_rep5,1,4,1,sm_89,D1_PUSHSIG_OVERLAP,NVSHMEM,C0_DEFAULT,2048,16384,2048,16,13,1048576,8,0,25923.008,25926.592,27855.488,1928.896,PASS,0
p19_d1_N16384_q16_rep5,1,4,1,sm_89,D1_PUSHSIG_OVERLAP,NVSHMEM,C0_DEFAULT,2048,16384,2048,16,14,1048576,8,0,27881.439,27885.023,29815.584,1930.560,PASS,0
p19_d1_N16384_q16_rep5,1,4,1,sm_89,D1_PUSHSIG_OVERLAP,NVSHMEM,C0_DEFAULT,2048,16384,2048,16,15,1048576,8,0,29841.729,29845.375,31773.984,1928.608,PASS,0
p19_d1_N16384_q16_rep5,1,4,1,sm_89,D1_PUSHSIG_OVERLAP,NVSHMEM,C0_DEFAULT,2048,16384,2048,16,0,1048576,9,0,380.736,389.280,2330.464,1941.184,PASS,0
p19_d1_N16384_q16_rep5,1,4,1,sm_89,D1_PUSHSIG_OVERLAP,NVSHMEM,C0_DEFAULT,2048,16384,2048,16,1,1048576,9,0,2369.664,2373.632,4313.408,1939.776,PASS,0
p19_d1_N16384_q16_rep5,1,4,1,sm_89,D1_PUSHSIG_OVERLAP,NVSHMEM,C0_DEFAULT,2048,16384,2048,16,2,1048576,9,0,4351.904,4357.568,6302.944,1945.376,PASS,0
p19_d1_N16384_q16_rep5,1,4,1,sm_89,D1_PUSHSIG_OVERLAP,NVSHMEM,C0_DEFAULT,2048,16384,2048,16,3,1048576,9,0,6343.936,6349.088,8283.040,1933.952,PASS,0
p19_d1_N16384_q16_rep5,1,4,1,sm_89,D1_PUSHSIG_OVERLAP,NVSHMEM,C0_DEFAULT,2048,16384,2048,16,4,1048576,9,0,8308.608,8312.192,10241.855,1929.664,PASS,0
p19_d1_N16384_q16_rep5,1,4,1,sm_89,D1_PUSHSIG_OVERLAP,NVSHMEM,C0_DEFAULT,2048,16384,2048,16,5,1048576,9,0,10267.647,10271.231,12200.544,1929.312,PASS,0
p19_d1_N16384_q16_rep5,1,4,1,sm_89,D1_PUSHSIG_OVERLAP,NVSHMEM,C0_DEFAULT,2048,16384,2048,16,6,1048576,9,0,12226.144,12229.696,14158.944,1929.248,PASS,0
p19_d1_N16384_q16_rep5,1,4,1,sm_89,D1_PUSHSIG_OVERLAP,NVSHMEM,C0_DEFAULT,2048,16384,2048,16,7,1048576,9,0,14184.608,14188.224,16119.039,1930.816,PASS,0
p19_d1_N16384_q16_rep5,1,4,1,sm_89,D1_PUSHSIG_OVERLAP,NVSHMEM,C0_DEFAULT,2048,16384,2048,16,8,1048576,9,0,16144.673,16148.256,18077.855,1929.600,PASS,0
p19_d1_N16384_q16_rep5,1,4,1,sm_89,D1_PUSHSIG_OVERLAP,NVSHMEM,C0_DEFAULT,2048,16384,2048,16,9,1048576,9,0,18103.424,18107.008,20036.990,1929.984,PASS,0
p19_d1_N16384_q16_rep5,1,4,1,sm_89,D1_PUSHSIG_OVERLAP,NVSHMEM,C0_DEFAULT,2048,16384,2048,16,10,1048576,9,0,20062.559,20066.176,21994.465,1928.288,PASS,0
p19_d1_N16384_q16_rep5,1,4,1,sm_89,D1_PUSHSIG_OVERLAP,NVSHMEM,C0_DEFAULT,2048,16384,2048,16,11,1048576,9,0,22019.936,22023.553,23958.273,1934.720,PASS,0
p19_d1_N16384_q16_rep5,1,4,1,sm_89,D1_PUSHSIG_OVERLAP,NVSHMEM,C0_DEFAULT,2048,16384,2048,16,12,1048576,9,0,23983.711,23987.232,25915.553,1928.320,PASS,0
p19_d1_N16384_q16_rep5,1,4,1,sm_89,D1_PUSHSIG_OVERLAP,NVSHMEM,C0_DEFAULT,2048,16384,2048,16,13,1048576,9,0,25940.865,25944.449,27872.863,1928.416,PASS,0
p19_d1_N16384_q16_rep5,1,4,1,sm_89,D1_PUSHSIG_OVERLAP,NVSHMEM,C0_DEFAULT,2048,16384,2048,16,14,1048576,9,0,27898.209,27901.824,29832.160,1930.336,PASS,0
p19_d1_N16384_q16_rep5,1,4,1,sm_89,D1_PUSHSIG_OVERLAP,NVSHMEM,C0_DEFAULT,2048,16384,2048,16,15,1048576,9,0,29858.303,29861.857,31790.688,1928.832,PASS,0
p19_d1_N16384_q16_rep5,1,4,1,sm_89,D1_PUSHSIG_OVERLAP,NVSHMEM,C0_DEFAULT,2048,16384,2048,16,0,1048576,10,0,385.568,391.296,2330.592,1939.296,PASS,0
p19_d1_N16384_q16_rep5,1,4,1,sm_89,D1_PUSHSIG_OVERLAP,NVSHMEM,C0_DEFAULT,2048,16384,2048,16,1,1048576,10,0,2366.016,2369.504,4310.016,1940.512,PASS,0
p19_d1_N16384_q16_rep5,1,4,1,sm_89,D1_PUSHSIG_OVERLAP,NVSHMEM,C0_DEFAULT,2048,16384,2048,16,2,1048576,10,0,4346.368,4350.848,6292.224,1941.376,PASS,0
p19_d1_N16384_q16_rep5,1,4,1,sm_89,D1_PUSHSIG_OVERLAP,NVSHMEM,C0_DEFAULT,2048,16384,2048,16,3,1048576,10,0,6327.552,6331.104,8261.216,1930.112,PASS,0
p19_d1_N16384_q16_rep5,1,4,1,sm_89,D1_PUSHSIG_OVERLAP,NVSHMEM,C0_DEFAULT,2048,16384,2048,16,4,1048576,10,0,8287.040,8290.624,10221.248,1930.624,PASS,0
p19_d1_N16384_q16_rep5,1,4,1,sm_89,D1_PUSHSIG_OVERLAP,NVSHMEM,C0_DEFAULT,2048,16384,2048,16,5,1048576,10,0,10247.328,10250.912,12181.280,1930.368,PASS,0
p19_d1_N16384_q16_rep5,1,4,1,sm_89,D1_PUSHSIG_OVERLAP,NVSHMEM,C0_DEFAULT,2048,16384,2048,16,6,1048576,10,0,12207.136,12210.720,14140.929,1930.208,PASS,0
p19_d1_N16384_q16_rep5,1,4,1,sm_89,D1_PUSHSIG_OVERLAP,NVSHMEM,C0_DEFAULT,2048,16384,2048,16,7,1048576,10,0,14167.231,14170.816,16100.672,1929.856,PASS,0
p19_d1_N16384_q16_rep5,1,4,1,sm_89,D1_PUSHSIG_OVERLAP,NVSHMEM,C0_DEFAULT,2048,16384,2048,16,8,1048576,10,0,16126.465,16130.017,18062.656,1932.640,PASS,0
p19_d1_N16384_q16_rep5,1,4,1,sm_89,D1_PUSHSIG_OVERLAP,NVSHMEM,C0_DEFAULT,2048,16384,2048,16,9,1048576,10,0,18088.447,18092.064,20020.768,1928.704,PASS,0
p19_d1_N16384_q16_rep5,1,4,1,sm_89,D1_PUSHSIG_OVERLAP,NVSHMEM,C0_DEFAULT,2048,16384,2048,16,10,1048576,10,0,20047.072,20050.688,21979.232,1928.544,PASS,0
p19_d1_N16384_q16_rep5,1,4,1,sm_89,D1_PUSHSIG_OVERLAP,NVSHMEM,C0_DEFAULT,2048,16384,2048,16,11,1048576,10,0,22005.312,22008.896,23937.857,1928.960,PASS,0
p19_d1_N16384_q16_rep5,1,4,1,sm_89,D1_PUSHSIG_OVERLAP,NVSHMEM,C0_DEFAULT,2048,16384,2048,16,12,1048576,10,0,23963.904,23967.520,25896.641,1929.120,PASS,0
p19_d1_N16384_q16_rep5,1,4,1,sm_89,D1_PUSHSIG_OVERLAP,NVSHMEM,C0_DEFAULT,2048,16384,2048,16,13,1048576,10,0,25922.721,25926.271,27856.320,1930.048,PASS,0
p19_d1_N16384_q16_rep5,1,4,1,sm_89,D1_PUSHSIG_OVERLAP,NVSHMEM,C0_DEFAULT,2048,16384,2048,16,14,1048576,10,0,27882.145,27885.729,29816.096,1930.368,PASS,0
p19_d1_N16384_q16_rep5,1,4,1,sm_89,D1_PUSHSIG_OVERLAP,NVSHMEM,C0_DEFAULT,2048,16384,2048,16,15,1048576,10,0,29842.176,29845.760,31774.432,1928.672,PASS,0
p19_d1_N16384_q16_rep5,1,4,1,sm_89,D1_PUSHSIG_OVERLAP,NVSHMEM,C0_DEFAULT,2048,16384,2048,16,0,1048576,11,0,382.752,396.096,2334.816,1938.720,PASS,0
p19_d1_N16384_q16_rep5,1,4,1,sm_89,D1_PUSHSIG_OVERLAP,NVSHMEM,C0_DEFAULT,2048,16384,2048,16,1,1048576,11,0,2377.632,2381.216,4317.792,1936.576,PASS,0
p19_d1_N16384_q16_rep5,1,4,1,sm_89,D1_PUSHSIG_OVERLAP,NVSHMEM,C0_DEFAULT,2048,16384,2048,16,2,1048576,11,0,4358.592,4362.464,6300.384,1937.920,PASS,0
p19_d1_N16384_q16_rep5,1,4,1,sm_89,D1_PUSHSIG_OVERLAP,NVSHMEM,C0_DEFAULT,2048,16384,2048,16,3,1048576,11,0,6341.664,6346.272,8275.809,1929.536,PASS,0
p19_d1_N16384_q16_rep5,1,4,1,sm_89,D1_PUSHSIG_OVERLAP,NVSHMEM,C0_DEFAULT,2048,16384,2048,16,4,1048576,11,0,8302.080,8305.664,10234.976,1929.312,PASS,0
p19_d1_N16384_q16_rep5,1,4,1,sm_89,D1_PUSHSIG_OVERLAP,NVSHMEM,C0_DEFAULT,2048,16384,2048,16,5,1048576,11,0,10260.864,10264.704,12194.784,1930.080,PASS,0
p19_d1_N16384_q16_rep5,1,4,1,sm_89,D1_PUSHSIG_OVERLAP,NVSHMEM,C0_DEFAULT,2048,16384,2048,16,6,1048576,11,0,12220.928,12224.512,14154.399,1929.888,PASS,0
p19_d1_N16384_q16_rep5,1,4,1,sm_89,D1_PUSHSIG_OVERLAP,NVSHMEM,C0_DEFAULT,2048,16384,2048,16,7,1048576,11,0,14180.256,14183.903,16114.240,1930.336,PASS,0
p19_d1_N16384_q16_rep5,1,4,1,sm_89,D1_PUSHSIG_OVERLAP,NVSHMEM,C0_DEFAULT,2048,16384,2048,16,8,1048576,11,0,16140.127,16143.711,18071.680,1927.968,PASS,0
p19_d1_N16384_q16_rep5,1,4,1,sm_89,D1_PUSHSIG_OVERLAP,NVSHMEM,C0_DEFAULT,2048,16384,2048,16,9,1048576,11,0,18097.791,18101.375,20031.521,1930.144,PASS,0
p19_d1_N16384_q16_rep5,1,4,1,sm_89,D1_PUSHSIG_OVERLAP,NVSHMEM,C0_DEFAULT,2048,16384,2048,16,10,1048576,11,0,20057.344,20060.928,21991.455,1930.528,PASS,0
p19_d1_N16384_q16_rep5,1,4,1,sm_89,D1_PUSHSIG_OVERLAP,NVSHMEM,C0_DEFAULT,2048,16384,2048,16,11,1048576,11,0,22017.951,22021.535,23950.814,1929.280,PASS,0
p19_d1_N16384_q16_rep5,1,4,1,sm_89,D1_PUSHSIG_OVERLAP,NVSHMEM,C0_DEFAULT,2048,16384,2048,16,12,1048576,11,0,23976.416,23980.000,25908.480,1928.480,PASS,0
p19_d1_N16384_q16_rep5,1,4,1,sm_89,D1_PUSHSIG_OVERLAP,NVSHMEM,C0_DEFAULT,2048,16384,2048,16,13,1048576,11,0,25934.367,25937.951,27865.631,1927.680,PASS,0
p19_d1_N16384_q16_rep5,1,4,1,sm_89,D1_PUSHSIG_OVERLAP,NVSHMEM,C0_DEFAULT,2048,16384,2048,16,14,1048576,11,0,27892.000,27895.584,29825.920,1930.336,PASS,0
p19_d1_N16384_q16_rep5,1,4,1,sm_89,D1_PUSHSIG_OVERLAP,NVSHMEM,C0_DEFAULT,2048,16384,2048,16,15,1048576,11,0,29851.809,29855.359,31781.088,1925.728,PASS,0
p19_d1_N16384_q16_rep5,1,4,1,sm_89,D1_PUSHSIG_OVERLAP,NVSHMEM,C0_DEFAULT,2048,16384,2048,16,0,1048576,12,0,375.584,382.784,2328.224,1945.440,PASS,0
p19_d1_N16384_q16_rep5,1,4,1,sm_89,D1_PUSHSIG_OVERLAP,NVSHMEM,C0_DEFAULT,2048,16384,2048,16,1,1048576,12,0,2368.960,2372.960,4309.248,1936.288,PASS,0
p19_d1_N16384_q16_rep5,1,4,1,sm_89,D1_PUSHSIG_OVERLAP,NVSHMEM,C0_DEFAULT,2048,16384,2048,16,2,1048576,12,0,4348.576,4352.128,6294.784,1942.656,PASS,0
p19_d1_N16384_q16_rep5,1,4,1,sm_89,D1_PUSHSIG_OVERLAP,NVSHMEM,C0_DEFAULT,2048,16384,2048,16,3,1048576,12,0,6331.552,6335.072,8266.080,1931.008,PASS,0
p19_d1_N16384_q16_rep5,1,4,1,sm_89,D1_PUSHSIG_OVERLAP,NVSHMEM,C0_DEFAULT,2048,16384,2048,16,4,1048576,12,0,8292.544,8296.096,10229.728,1933.632,PASS,0
p19_d1_N16384_q16_rep5,1,4,1,sm_89,D1_PUSHSIG_OVERLAP,NVSHMEM,C0_DEFAULT,2048,16384,2048,16,5,1048576,12,0,10255.808,10259.424,12189.952,1930.528,PASS,0
p19_d1_N16384_q16_rep5,1,4,1,sm_89,D1_PUSHSIG_OVERLAP,NVSHMEM,C0_DEFAULT,2048,16384,2048,16,6,1048576,12,0,12215.776,12219.392,14148.991,1929.600,PASS,0
p19_d1_N16384_q16_rep5,1,4,1,sm_89,D1_PUSHSIG_OVERLAP,NVSHMEM,C0_DEFAULT,2048,16384,2048,16,7,1048576,12,0,14174.880,14178.464,16107.616,1929.152,PASS,0
p19_d1_N16384_q16_rep5,1,4,1,sm_89,D1_PUSHSIG_OVERLAP,NVSHMEM,C0_DEFAULT,2048,16384,2048,16,8,1048576,12,0,16133.473,16137.057,18066.561,1929.504,PASS,0
p19_d1_N16384_q16_rep5,1,4,1,sm_89,D1_PUSHSIG_OVERLAP,NVSHMEM,C0_DEFAULT,2048,16384,2048,16,9,1048576,12,0,18092.416,18095.969,20023.553,1927.584,PASS,0
p19_d1_N16384_q16_rep5,1,4,1,sm_89,D1_PUSHSIG_OVERLAP,NVSHMEM,C0_DEFAULT,2048,16384,2048,16,10,1048576,12,0,20049.152,20052.736,21982.016,1929.280,PASS,0
p19_d1_N16384_q16_rep5,1,4,1,sm_89,D1_PUSHSIG_OVERLAP,NVSHMEM,C0_DEFAULT,2048,16384,2048,16,11,1048576,12,0,22008.127,22011.711,23940.512,1928.800,PASS,0
p19_d1_N16384_q16_rep5,1,4,1,sm_89,D1_PUSHSIG_OVERLAP,NVSHMEM,C0_DEFAULT,2048,16384,2048,16,12,1048576,12,0,23966.594,23970.176,25900.768,1930.592,PASS,0
p19_d1_N16384_q16_rep5,1,4,1,sm_89,D1_PUSHSIG_OVERLAP,NVSHMEM,C0_DEFAULT,2048,16384,2048,16,13,1048576,12,0,25926.816,25930.400,27859.488,1929.088,PASS,0
p19_d1_N16384_q16_rep5,1,4,1,sm_89,D1_PUSHSIG_OVERLAP,NVSHMEM,C0_DEFAULT,2048,16384,2048,16,14,1048576,12,0,27885.568,27889.152,29817.951,1928.800,PASS,0
p19_d1_N16384_q16_rep5,1,4,1,sm_89,D1_PUSHSIG_OVERLAP,NVSHMEM,C0_DEFAULT,2048,16384,2048,16,15,1048576,12,0,29843.840,29847.424,31777.217,1929.792,PASS,0
p19_d1_N16384_q16_rep5,1,4,1,sm_89,D1_PUSHSIG_OVERLAP,NVSHMEM,C0_DEFAULT,2048,16384,2048,16,0,1048576,13,0,377.376,381.440,2322.272,1940.832,PASS,0
p19_d1_N16384_q16_rep5,1,4,1,sm_89,D1_PUSHSIG_OVERLAP,NVSHMEM,C0_DEFAULT,2048,16384,2048,16,1,1048576,13,0,2368.960,2372.480,4314.080,1941.600,PASS,0
p19_d1_N16384_q16_rep5,1,4,1,sm_89,D1_PUSHSIG_OVERLAP,NVSHMEM,C0_DEFAULT,2048,16384,2048,16,2,1048576,13,0,4353.152,4358.496,6296.576,1938.080,PASS,0
p19_d1_N16384_q16_rep5,1,4,1,sm_89,D1_PUSHSIG_OVERLAP,NVSHMEM,C0_DEFAULT,2048,16384,2048,16,3,1048576,13,0,6338.656,6342.144,8271.392,1929.248,PASS,0
p19_d1_N16384_q16_rep5,1,4,1,sm_89,D1_PUSHSIG_OVERLAP,NVSHMEM,C0_DEFAULT,2048,16384,2048,16,4,1048576,13,0,8297.600,8301.184,10229.888,1928.704,PASS,0
p19_d1_N16384_q16_rep5,1,4,1,sm_89,D1_PUSHSIG_OVERLAP,NVSHMEM,C0_DEFAULT,2048,16384,2048,16,5,1048576,13,0,10255.744,10259.297,12188.703,1929.408,PASS,0
p19_d1_N16384_q16_rep5,1,4,1,sm_89,D1_PUSHSIG_OVERLAP,NVSHMEM,C0_DEFAULT,2048,16384,2048,16,6,1048576,13,0,12214.432,12218.048,14147.584,1929.536,PASS,0
p19_d1_N16384_q16_rep5,1,4,1,sm_89,D1_PUSHSIG_OVERLAP,NVSHMEM,C0_DEFAULT,2048,16384,2048,16,7,1048576,13,0,14173.185,14176.769,16107.520,1930.752,PASS,0
p19_d1_N16384_q16_rep5,1,4,1,sm_89,D1_PUSHSIG_OVERLAP,NVSHMEM,C0_DEFAULT,2048,16384,2048,16,8,1048576,13,0,16133.119,16136.703,18064.896,1928.192,PASS,0
p19_d1_N16384_q16_rep5,1,4,1,sm_89,D1_PUSHSIG_OVERLAP,NVSHMEM,C0_DEFAULT,2048,16384,2048,16,9,1048576,13,0,18090.783,18094.367,20022.977,1928.608,PASS,0
p19_d1_N16384_q16_rep5,1,4,1,sm_89,D1_PUSHSIG_OVERLAP,NVSHMEM,C0_DEFAULT,2048,16384,2048,16,10,1048576,13,0,20048.992,20052.576,21982.400,1929.824,PASS,0
p19_d1_N16384_q16_rep5,1,4,1,sm_89,D1_PUSHSIG_OVERLAP,NVSHMEM,C0_DEFAULT,2048,16384,2048,16,11,1048576,13,0,22008.000,22011.584,23939.137,1927.552,PASS,0
p19_d1_N16384_q16_rep5,1,4,1,sm_89,D1_PUSHSIG_OVERLAP,NVSHMEM,C0_DEFAULT,2048,16384,2048,16,12,1048576,13,0,23964.736,23968.352,25897.920,1929.568,PASS,0
p19_d1_N16384_q16_rep5,1,4,1,sm_89,D1_PUSHSIG_OVERLAP,NVSHMEM,C0_DEFAULT,2048,16384,2048,16,13,1048576,13,0,25923.297,25926.879,27853.824,1926.944,PASS,0
p19_d1_N16384_q16_rep5,1,4,1,sm_89,D1_PUSHSIG_OVERLAP,NVSHMEM,C0_DEFAULT,2048,16384,2048,16,14,1048576,13,0,27879.393,27882.943,29813.025,1930.080,PASS,0
p19_d1_N16384_q16_rep5,1,4,1,sm_89,D1_PUSHSIG_OVERLAP,NVSHMEM,C0_DEFAULT,2048,16384,2048,16,15,1048576,13,0,29838.623,29842.240,31771.361,1929.120,PASS,0
p19_d1_N16384_q16_rep5,1,4,1,sm_89,D1_PUSHSIG_OVERLAP,NVSHMEM,C0_DEFAULT,2048,16384,2048,16,0,1048576,14,0,384.960,390.720,2326.784,1936.064,PASS,0
p19_d1_N16384_q16_rep5,1,4,1,sm_89,D1_PUSHSIG_OVERLAP,NVSHMEM,C0_DEFAULT,2048,16384,2048,16,1,1048576,14,0,2365.888,2371.968,4309.088,1937.120,PASS,0
p19_d1_N16384_q16_rep5,1,4,1,sm_89,D1_PUSHSIG_OVERLAP,NVSHMEM,C0_DEFAULT,2048,16384,2048,16,2,1048576,14,0,4351.424,4355.008,6293.760,1938.752,PASS,0
p19_d1_N16384_q16_rep5,1,4,1,sm_89,D1_PUSHSIG_OVERLAP,NVSHMEM,C0_DEFAULT,2048,16384,2048,16,3,1048576,14,0,6335.104,6338.656,8268.512,1929.856,PASS,0
p19_d1_N16384_q16_rep5,1,4,1,sm_89,D1_PUSHSIG_OVERLAP,NVSHMEM,C0_DEFAULT,2048,16384,2048,16,4,1048576,14,0,8294.368,8297.952,10227.168,1929.216,PASS,0
p19_d1_N16384_q16_rep5,1,4,1,sm_89,D1_PUSHSIG_OVERLAP,NVSHMEM,C0_DEFAULT,2048,16384,2048,16,5,1048576,14,0,10253.088,10256.672,12188.160,1931.488,PASS,0
p19_d1_N16384_q16_rep5,1,4,1,sm_89,D1_PUSHSIG_OVERLAP,NVSHMEM,C0_DEFAULT,2048,16384,2048,16,6,1048576,14,0,12214.304,12217.888,14148.192,1930.304,PASS,0
p19_d1_N16384_q16_rep5,1,4,1,sm_89,D1_PUSHSIG_OVERLAP,NVSHMEM,C0_DEFAULT,2048,16384,2048,16,7,1048576,14,0,14174.112,14177.728,16107.968,1930.240,PASS,0
p19_d1_N16384_q16_rep5,1,4,1,sm_89,D1_PUSHSIG_OVERLAP,NVSHMEM,C0_DEFAULT,2048,16384,2048,16,8,1048576,14,0,16133.823,16137.377,18066.752,1929.376,PASS,0
p19_d1_N16384_q16_rep5,1,4,1,sm_89,D1_PUSHSIG_OVERLAP,NVSHMEM,C0_DEFAULT,2048,16384,2048,16,9,1048576,14,0,18092.512,18096.096,20026.912,1930.816,PASS,0
p19_d1_N16384_q16_rep5,1,4,1,sm_89,D1_PUSHSIG_OVERLAP,NVSHMEM,C0_DEFAULT,2048,16384,2048,16,10,1048576,14,0,20052.736,20056.320,21985.824,1929.504,PASS,0
p19_d1_N16384_q16_rep5,1,4,1,sm_89,D1_PUSHSIG_OVERLAP,NVSHMEM,C0_DEFAULT,2048,16384,2048,16,11,1048576,14,0,22011.904,22015.455,23943.873,1928.416,PASS,0
p19_d1_N16384_q16_rep5,1,4,1,sm_89,D1_PUSHSIG_OVERLAP,NVSHMEM,C0_DEFAULT,2048,16384,2048,16,12,1048576,14,0,23969.984,23973.568,25901.824,1928.256,PASS,0
p19_d1_N16384_q16_rep5,1,4,1,sm_89,D1_PUSHSIG_OVERLAP,NVSHMEM,C0_DEFAULT,2048,16384,2048,16,13,1048576,14,0,25927.904,25931.744,27860.607,1928.864,PASS,0
p19_d1_N16384_q16_rep5,1,4,1,sm_89,D1_PUSHSIG_OVERLAP,NVSHMEM,C0_DEFAULT,2048,16384,2048,16,14,1048576,14,0,27886.721,27890.305,29819.391,1929.088,PASS,0
p19_d1_N16384_q16_rep5,1,4,1,sm_89,D1_PUSHSIG_OVERLAP,NVSHMEM,C0_DEFAULT,2048,16384,2048,16,15,1048576,14,0,29845.279,29849.119,31779.424,1930.304,PASS,0
p19_d1_N16384_q16_rep5,1,4,1,sm_89,D1_PUSHSIG_OVERLAP,NVSHMEM,C0_DEFAULT,2048,16384,2048,16,0,1048576,15,0,377.152,384.768,2326.272,1941.504,PASS,0
p19_d1_N16384_q16_rep5,1,4,1,sm_89,D1_PUSHSIG_OVERLAP,NVSHMEM,C0_DEFAULT,2048,16384,2048,16,1,1048576,15,0,2369.472,2373.056,4314.336,1941.280,PASS,0
p19_d1_N16384_q16_rep5,1,4,1,sm_89,D1_PUSHSIG_OVERLAP,NVSHMEM,C0_DEFAULT,2048,16384,2048,16,2,1048576,15,0,4354.080,4359.520,6300.992,1941.472,PASS,0
p19_d1_N16384_q16_rep5,1,4,1,sm_89,D1_PUSHSIG_OVERLAP,NVSHMEM,C0_DEFAULT,2048,16384,2048,16,3,1048576,15,0,6338.624,6342.464,8276.063,1933.600,PASS,0
p19_d1_N16384_q16_rep5,1,4,1,sm_89,D1_PUSHSIG_OVERLAP,NVSHMEM,C0_DEFAULT,2048,16384,2048,16,4,1048576,15,0,8302.496,8306.080,10235.584,1929.504,PASS,0
p19_d1_N16384_q16_rep5,1,4,1,sm_89,D1_PUSHSIG_OVERLAP,NVSHMEM,C0_DEFAULT,2048,16384,2048,16,5,1048576,15,0,10261.408,10265.119,12196.448,1931.328,PASS,0
p19_d1_N16384_q16_rep5,1,4,1,sm_89,D1_PUSHSIG_OVERLAP,NVSHMEM,C0_DEFAULT,2048,16384,2048,16,6,1048576,15,0,12222.784,12226.368,14156.992,1930.624,PASS,0
p19_d1_N16384_q16_rep5,1,4,1,sm_89,D1_PUSHSIG_OVERLAP,NVSHMEM,C0_DEFAULT,2048,16384,2048,16,7,1048576,15,0,14183.360,14186.977,16116.129,1929.152,PASS,0
p19_d1_N16384_q16_rep5,1,4,1,sm_89,D1_PUSHSIG_OVERLAP,NVSHMEM,C0_DEFAULT,2048,16384,2048,16,8,1048576,15,0,16142.273,16145.888,18076.000,1930.112,PASS,0
p19_d1_N16384_q16_rep5,1,4,1,sm_89,D1_PUSHSIG_OVERLAP,NVSHMEM,C0_DEFAULT,2048,16384,2048,16,9,1048576,15,0,18101.855,18105.346,20033.217,1927.872,PASS,0
p19_d1_N16384_q16_rep5,1,4,1,sm_89,D1_PUSHSIG_OVERLAP,NVSHMEM,C0_DEFAULT,2048,16384,2048,16,10,1048576,15,0,20059.328,20062.945,21992.289,1929.344,PASS,0
p19_d1_N16384_q16_rep5,1,4,1,sm_89,D1_PUSHSIG_OVERLAP,NVSHMEM,C0_DEFAULT,2048,16384,2048,16,11,1048576,15,0,22018.145,22021.729,23952.031,1930.304,PASS,0
p19_d1_N16384_q16_rep5,1,4,1,sm_89,D1_PUSHSIG_OVERLAP,NVSHMEM,C0_DEFAULT,2048,16384,2048,16,12,1048576,15,0,23977.889,23981.729,25911.264,1929.536,PASS,0
p19_d1_N16384_q16_rep5,1,4,1,sm_89,D1_PUSHSIG_OVERLAP,NVSHMEM,C0_DEFAULT,2048,16384,2048,16,13,1048576,15,0,25937.600,25941.184,27870.561,1929.376,PASS,0
p19_d1_N16384_q16_rep5,1,4,1,sm_89,D1_PUSHSIG_OVERLAP,NVSHMEM,C0_DEFAULT,2048,16384,2048,16,14,1048576,15,0,27896.641,27900.225,29828.672,1928.448,PASS,0
p19_d1_N16384_q16_rep5,1,4,1,sm_89,D1_PUSHSIG_OVERLAP,NVSHMEM,C0_DEFAULT,2048,16384,2048,16,15,1048576,15,0,29855.039,29858.623,31787.393,1928.768,PASS,0
p19_d1_N16384_q16_rep5,1,4,1,sm_89,D1_PUSHSIG_OVERLAP,NVSHMEM,C0_DEFAULT,2048,16384,2048,16,0,1048576,16,0,374.656,378.336,2320.672,1942.336,PASS,0
p19_d1_N16384_q16_rep5,1,4,1,sm_89,D1_PUSHSIG_OVERLAP,NVSHMEM,C0_DEFAULT,2048,16384,2048,16,1,1048576,16,0,2365.536,2369.184,4311.904,1942.720,PASS,0
p19_d1_N16384_q16_rep5,1,4,1,sm_89,D1_PUSHSIG_OVERLAP,NVSHMEM,C0_DEFAULT,2048,16384,2048,16,2,1048576,16,0,4352.512,4356.352,6295.840,1939.488,PASS,0
p19_d1_N16384_q16_rep5,1,4,1,sm_89,D1_PUSHSIG_OVERLAP,NVSHMEM,C0_DEFAULT,2048,16384,2048,16,3,1048576,16,0,6335.488,6341.024,8271.424,1930.400,PASS,0
p19_d1_N16384_q16_rep5,1,4,1,sm_89,D1_PUSHSIG_OVERLAP,NVSHMEM,C0_DEFAULT,2048,16384,2048,16,4,1048576,16,0,8297.088,8300.768,10229.376,1928.608,PASS,0
p19_d1_N16384_q16_rep5,1,4,1,sm_89,D1_PUSHSIG_OVERLAP,NVSHMEM,C0_DEFAULT,2048,16384,2048,16,5,1048576,16,0,10255.456,10259.040,12187.968,1928.928,PASS,0
p19_d1_N16384_q16_rep5,1,4,1,sm_89,D1_PUSHSIG_OVERLAP,NVSHMEM,C0_DEFAULT,2048,16384,2048,16,6,1048576,16,0,12213.824,12217.408,14146.656,1929.248,PASS,0
p19_d1_N16384_q16_rep5,1,4,1,sm_89,D1_PUSHSIG_OVERLAP,NVSHMEM,C0_DEFAULT,2048,16384,2048,16,7,1048576,16,0,14172.800,14176.416,16105.889,1929.472,PASS,0
p19_d1_N16384_q16_rep5,1,4,1,sm_89,D1_PUSHSIG_OVERLAP,NVSHMEM,C0_DEFAULT,2048,16384,2048,16,8,1048576,16,0,16131.776,16135.616,18064.064,1928.448,PASS,0
p19_d1_N16384_q16_rep5,1,4,1,sm_89,D1_PUSHSIG_OVERLAP,NVSHMEM,C0_DEFAULT,2048,16384,2048,16,9,1048576,16,0,18090.432,18093.984,20022.400,1928.416,PASS,0
p19_d1_N16384_q16_rep5,1,4,1,sm_89,D1_PUSHSIG_OVERLAP,NVSHMEM,C0_DEFAULT,2048,16384,2048,16,10,1048576,16,0,20048.449,20052.064,21980.160,1928.096,PASS,0
p19_d1_N16384_q16_rep5,1,4,1,sm_89,D1_PUSHSIG_OVERLAP,NVSHMEM,C0_DEFAULT,2048,16384,2048,16,11,1048576,16,0,22006.271,22009.855,23939.680,1929.824,PASS,0
p19_d1_N16384_q16_rep5,1,4,1,sm_89,D1_PUSHSIG_OVERLAP,NVSHMEM,C0_DEFAULT,2048,16384,2048,16,12,1048576,16,0,23965.729,23969.312,25898.432,1929.120,PASS,0
p19_d1_N16384_q16_rep5,1,4,1,sm_89,D1_PUSHSIG_OVERLAP,NVSHMEM,C0_DEFAULT,2048,16384,2048,16,13,1048576,16,0,25924.287,25927.871,27856.832,1928.960,PASS,0
p19_d1_N16384_q16_rep5,1,4,1,sm_89,D1_PUSHSIG_OVERLAP,NVSHMEM,C0_DEFAULT,2048,16384,2048,16,14,1048576,16,0,27882.689,27886.305,29816.064,1929.760,PASS,0
p19_d1_N16384_q16_rep5,1,4,1,sm_89,D1_PUSHSIG_OVERLAP,NVSHMEM,C0_DEFAULT,2048,16384,2048,16,15,1048576,16,0,29841.951,29845.504,31774.016,1928.512,PASS,0
p19_d1_N16384_q16_rep5,1,4,1,sm_89,D1_PUSHSIG_OVERLAP,NVSHMEM,C0_DEFAULT,2048,16384,2048,16,0,1048576,17,0,388.768,398.176,2336.960,1938.784,PASS,0
p19_d1_N16384_q16_rep5,1,4,1,sm_89,D1_PUSHSIG_OVERLAP,NVSHMEM,C0_DEFAULT,2048,16384,2048,16,1,1048576,17,0,2375.584,2379.840,4323.552,1943.712,PASS,0
p19_d1_N16384_q16_rep5,1,4,1,sm_89,D1_PUSHSIG_OVERLAP,NVSHMEM,C0_DEFAULT,2048,16384,2048,16,2,1048576,17,0,4359.904,4363.680,6307.680,1944.000,PASS,0
p19_d1_N16384_q16_rep5,1,4,1,sm_89,D1_PUSHSIG_OVERLAP,NVSHMEM,C0_DEFAULT,2048,16384,2048,16,3,1048576,17,0,6351.584,6355.168,8287.424,1932.256,PASS,0
p19_d1_N16384_q16_rep5,1,4,1,sm_89,D1_PUSHSIG_OVERLAP,NVSHMEM,C0_DEFAULT,2048,16384,2048,16,4,1048576,17,0,8312.768,8316.385,10246.304,1929.920,PASS,0
p19_d1_N16384_q16_rep5,1,4,1,sm_89,D1_PUSHSIG_OVERLAP,NVSHMEM,C0_DEFAULT,2048,16384,2048,16,5,1048576,17,0,10272.225,10275.840,12206.048,1930.208,PASS,0
p19_d1_N16384_q16_rep5,1,4,1,sm_89,D1_PUSHSIG_OVERLAP,NVSHMEM,C0_DEFAULT,2048,16384,2048,16,6,1048576,17,0,12231.872,12235.424,14165.952,1930.528,PASS,0
p19_d1_N16384_q16_rep5,1,4,1,sm_89,D1_PUSHSIG_OVERLAP,NVSHMEM,C0_DEFAULT,2048,16384,2048,16,7,1048576,17,0,14191.647,14195.712,16123.231,1927.520,PASS,0
p19_d1_N16384_q16_rep5,1,4,1,sm_89,D1_PUSHSIG_OVERLAP,NVSHMEM,C0_DEFAULT,2048,16384,2048,16,8,1048576,17,0,16148.928,16152.512,18081.152,1928.640,PASS,0
p19_d1_N16384_q16_rep5,1,4,1,sm_89,D1_PUSHSIG_OVERLAP,NVSHMEM,C0_DEFAULT,2048,16384,2048,16,9,1048576,17,0,18107.041,18110.592,20038.400,1927.808,PASS,0
p19_d1_N16384_q16_rep5,1,4,1,sm_89,D1_PUSHSIG_OVERLAP,NVSHMEM,C0_DEFAULT,2048,16384,2048,16,10,1048576,17,0,20063.809,20067.424,21999.840,1932.416,PASS,0
p19_d1_N16384_q16_rep5,1,4,1,sm_89,D1_PUSHSIG_OVERLAP,NVSHMEM,C0_DEFAULT,2048,16384,2048,16,11,1048576,17,0,22025.215,22028.768,23957.248,1928.480,PASS,0
p19_d1_N16384_q16_rep5,1,4,1,sm_89,D1_PUSHSIG_OVERLAP,NVSHMEM,C0_DEFAULT,2048,16384,2048,16,12,1048576,17,0,23982.625,23986.207,25914.943,1928.736,PASS,0
p19_d1_N16384_q16_rep5,1,4,1,sm_89,D1_PUSHSIG_OVERLAP,NVSHMEM,C0_DEFAULT,2048,16384,2048,16,13,1048576,17,0,25940.512,25944.096,27873.312,1929.216,PASS,0
p19_d1_N16384_q16_rep5,1,4,1,sm_89,D1_PUSHSIG_OVERLAP,NVSHMEM,C0_DEFAULT,2048,16384,2048,16,14,1048576,17,0,27898.912,27902.496,29831.775,1929.280,PASS,0
p19_d1_N16384_q16_rep5,1,4,1,sm_89,D1_PUSHSIG_OVERLAP,NVSHMEM,C0_DEFAULT,2048,16384,2048,16,15,1048576,17,0,29857.697,29861.281,31789.023,1927.744,PASS,0
p19_d1_N16384_q16_rep5,1,4,1,sm_89,D1_PUSHSIG_OVERLAP,NVSHMEM,C0_DEFAULT,2048,16384,2048,16,0,1048576,18,0,382.272,394.112,2334.144,1940.032,PASS,0
p19_d1_N16384_q16_rep5,1,4,1,sm_89,D1_PUSHSIG_OVERLAP,NVSHMEM,C0_DEFAULT,2048,16384,2048,16,1,1048576,18,0,2370.528,2379.552,4321.216,1941.664,PASS,0
p19_d1_N16384_q16_rep5,1,4,1,sm_89,D1_PUSHSIG_OVERLAP,NVSHMEM,C0_DEFAULT,2048,16384,2048,16,2,1048576,18,0,4359.200,4362.752,6303.424,1940.672,PASS,0
p19_d1_N16384_q16_rep5,1,4,1,sm_89,D1_PUSHSIG_OVERLAP,NVSHMEM,C0_DEFAULT,2048,16384,2048,16,3,1048576,18,0,6346.336,6349.856,8280.128,1930.272,PASS,0
p19_d1_N16384_q16_rep5,1,4,1,sm_89,D1_PUSHSIG_OVERLAP,NVSHMEM,C0_DEFAULT,2048,16384,2048,16,4,1048576,18,0,8306.112,8309.696,10240.224,1930.528,PASS,0
p19_d1_N16384_q16_rep5,1,4,1,sm_89,D1_PUSHSIG_OVERLAP,NVSHMEM,C0_DEFAULT,2048,16384,2048,16,5,1048576,18,0,10266.049,10269.633,12200.928,1931.296,PASS,0
p19_d1_N16384_q16_rep5,1,4,1,sm_89,D1_PUSHSIG_OVERLAP,NVSHMEM,C0_DEFAULT,2048,16384,2048,16,6,1048576,18,0,12226.784,12230.432,14158.848,1928.416,PASS,0
p19_d1_N16384_q16_rep5,1,4,1,sm_89,D1_PUSHSIG_OVERLAP,NVSHMEM,C0_DEFAULT,2048,16384,2048,16,7,1048576,18,0,14184.640,14188.224,16117.312,1929.088,PASS,0
p19_d1_N16384_q16_rep5,1,4,1,sm_89,D1_PUSHSIG_OVERLAP,NVSHMEM,C0_DEFAULT,2048,16384,2048,16,8,1048576,18,0,16143.168,16146.784,18075.713,1928.928,PASS,0
p19_d1_N16384_q16_rep5,1,4,1,sm_89,D1_PUSHSIG_OVERLAP,NVSHMEM,C0_DEFAULT,2048,16384,2048,16,9,1048576,18,0,18101.568,18105.152,20034.689,1929.536,PASS,0
p19_d1_N16384_q16_rep5,1,4,1,sm_89,D1_PUSHSIG_OVERLAP,NVSHMEM,C0_DEFAULT,2048,16384,2048,16,10,1048576,18,0,20060.512,20064.160,21992.545,1928.384,PASS,0
p19_d1_N16384_q16_rep5,1,4,1,sm_89,D1_PUSHSIG_OVERLAP,NVSHMEM,C0_DEFAULT,2048,16384,2048,16,11,1048576,18,0,22018.367,22021.951,23948.863,1926.912,PASS,0
p19_d1_N16384_q16_rep5,1,4,1,sm_89,D1_PUSHSIG_OVERLAP,NVSHMEM,C0_DEFAULT,2048,16384,2048,16,12,1048576,18,0,23974.977,23978.496,25909.150,1930.656,PASS,0
p19_d1_N16384_q16_rep5,1,4,1,sm_89,D1_PUSHSIG_OVERLAP,NVSHMEM,C0_DEFAULT,2048,16384,2048,16,13,1048576,18,0,25934.850,25938.434,27867.008,1928.576,PASS,0
p19_d1_N16384_q16_rep5,1,4,1,sm_89,D1_PUSHSIG_OVERLAP,NVSHMEM,C0_DEFAULT,2048,16384,2048,16,14,1048576,18,0,27892.832,27896.416,29824.672,1928.256,PASS,0
p19_d1_N16384_q16_rep5,1,4,1,sm_89,D1_PUSHSIG_OVERLAP,NVSHMEM,C0_DEFAULT,2048,16384,2048,16,15,1048576,18,0,29850.752,29854.369,31785.119,1930.752,PASS,0
p19_d1_N16384_q16_rep5,1,4,1,sm_89,D1_PUSHSIG_OVERLAP,NVSHMEM,C0_DEFAULT,2048,16384,2048,16,0,1048576,19,0,387.008,390.592,2333.152,1942.560,PASS,0
p19_d1_N16384_q16_rep5,1,4,1,sm_89,D1_PUSHSIG_OVERLAP,NVSHMEM,C0_DEFAULT,2048,16384,2048,16,1,1048576,19,0,2372.352,2376.448,4320.960,1944.512,PASS,0
p19_d1_N16384_q16_rep5,1,4,1,sm_89,D1_PUSHSIG_OVERLAP,NVSHMEM,C0_DEFAULT,2048,16384,2048,16,2,1048576,19,0,4363.264,4366.816,6305.152,1938.336,PASS,0
p19_d1_N16384_q16_rep5,1,4,1,sm_89,D1_PUSHSIG_OVERLAP,NVSHMEM,C0_DEFAULT,2048,16384,2048,16,3,1048576,19,0,6345.664,6349.120,8280.928,1931.808,PASS,0
p19_d1_N16384_q16_rep5,1,4,1,sm_89,D1_PUSHSIG_OVERLAP,NVSHMEM,C0_DEFAULT,2048,16384,2048,16,4,1048576,19,0,8307.040,8310.815,10240.672,1929.856,PASS,0
p19_d1_N16384_q16_rep5,1,4,1,sm_89,D1_PUSHSIG_OVERLAP,NVSHMEM,C0_DEFAULT,2048,16384,2048,16,5,1048576,19,0,10266.816,10270.433,12199.584,1929.152,PASS,0
p19_d1_N16384_q16_rep5,1,4,1,sm_89,D1_PUSHSIG_OVERLAP,NVSHMEM,C0_DEFAULT,2048,16384,2048,16,6,1048576,19,0,12225.920,12229.504,14156.319,1926.816,PASS,0
p19_d1_N16384_q16_rep5,1,4,1,sm_89,D1_PUSHSIG_OVERLAP,NVSHMEM,C0_DEFAULT,2048,16384,2048,16,7,1048576,19,0,14182.145,14185.729,16115.360,1929.632,PASS,0
p19_d1_N16384_q16_rep5,1,4,1,sm_89,D1_PUSHSIG_OVERLAP,NVSHMEM,C0_DEFAULT,2048,16384,2048,16,8,1048576,19,0,16141.056,16144.673,18072.992,1928.320,PASS,0
p19_d1_N16384_q16_rep5,1,4,1,sm_89,D1_PUSHSIG_OVERLAP,NVSHMEM,C0_DEFAULT,2048,16384,2048,16,9,1048576,19,0,18099.488,18103.070,20032.191,1929.120,PASS,0
p19_d1_N16384_q16_rep5,1,4,1,sm_89,D1_PUSHSIG_OVERLAP,NVSHMEM,C0_DEFAULT,2048,16384,2048,16,10,1048576,19,0,20058.271,20061.889,21992.672,1930.784,PASS,0
p19_d1_N16384_q16_rep5,1,4,1,sm_89,D1_PUSHSIG_OVERLAP,NVSHMEM,C0_DEFAULT,2048,16384,2048,16,11,1048576,19,0,22018.943,22022.527,23953.473,1930.944,PASS,0
p19_d1_N16384_q16_rep5,1,4,1,sm_89,D1_PUSHSIG_OVERLAP,NVSHMEM,C0_DEFAULT,2048,16384,2048,16,12,1048576,19,0,23979.584,23983.168,25913.824,1930.656,PASS,0
p19_d1_N16384_q16_rep5,1,4,1,sm_89,D1_PUSHSIG_OVERLAP,NVSHMEM,C0_DEFAULT,2048,16384,2048,16,13,1048576,19,0,25939.713,25943.264,27872.607,1929.344,PASS,0
p19_d1_N16384_q16_rep5,1,4,1,sm_89,D1_PUSHSIG_OVERLAP,NVSHMEM,C0_DEFAULT,2048,16384,2048,16,14,1048576,19,0,27898.975,27902.559,29832.705,1930.144,PASS,0
p19_d1_N16384_q16_rep5,1,4,1,sm_89,D1_PUSHSIG_OVERLAP,NVSHMEM,C0_DEFAULT,2048,16384,2048,16,15,1048576,19,0,29858.656,29862.271,31791.807,1929.536,PASS,0
p19_d1_N16384_q16_rep5,1,4,1,sm_89,D1_PUSHSIG_OVERLAP,NVSHMEM,C0_DEFAULT,2048,16384,2048,16,0,1048576,20,0,387.840,397.952,2337.216,1939.264,PASS,0
p19_d1_N16384_q16_rep5,1,4,1,sm_89,D1_PUSHSIG_OVERLAP,NVSHMEM,C0_DEFAULT,2048,16384,2048,16,1,1048576,20,0,2377.120,2381.312,4321.120,1939.808,PASS,0
p19_d1_N16384_q16_rep5,1,4,1,sm_89,D1_PUSHSIG_OVERLAP,NVSHMEM,C0_DEFAULT,2048,16384,2048,16,2,1048576,20,0,4361.536,4366.464,6308.192,1941.728,PASS,0
p19_d1_N16384_q16_rep5,1,4,1,sm_89,D1_PUSHSIG_OVERLAP,NVSHMEM,C0_DEFAULT,2048,16384,2048,16,3,1048576,20,0,6346.368,6350.528,8282.849,1932.320,PASS,0
p19_d1_N16384_q16_rep5,1,4,1,sm_89,D1_PUSHSIG_OVERLAP,NVSHMEM,C0_DEFAULT,2048,16384,2048,16,4,1048576,20,0,8308.960,8312.928,10241.312,1928.384,PASS,0
p19_d1_N16384_q16_rep5,1,4,1,sm_89,D1_PUSHSIG_OVERLAP,NVSHMEM,C0_DEFAULT,2048,16384,2048,16,5,1048576,20,0,10267.136,10270.720,12200.800,1930.080,PASS,0
p19_d1_N16384_q16_rep5,1,4,1,sm_89,D1_PUSHSIG_OVERLAP,NVSHMEM,C0_DEFAULT,2048,16384,2048,16,6,1048576,20,0,12226.656,12230.336,14158.496,1928.160,PASS,0
p19_d1_N16384_q16_rep5,1,4,1,sm_89,D1_PUSHSIG_OVERLAP,NVSHMEM,C0_DEFAULT,2048,16384,2048,16,7,1048576,20,0,14184.608,14188.192,16118.176,1929.984,PASS,0
p19_d1_N16384_q16_rep5,1,4,1,sm_89,D1_PUSHSIG_OVERLAP,NVSHMEM,C0_DEFAULT,2048,16384,2048,16,8,1048576,20,0,16144.063,16147.713,18076.000,1928.288,PASS,0
p19_d1_N16384_q16_rep5,1,4,1,sm_89,D1_PUSHSIG_OVERLAP,NVSHMEM,C0_DEFAULT,2048,16384,2048,16,9,1048576,20,0,18101.855,18105.473,20036.031,1930.560,PASS,0
p19_d1_N16384_q16_rep5,1,4,1,sm_89,D1_PUSHSIG_OVERLAP,NVSHMEM,C0_DEFAULT,2048,16384,2048,16,10,1048576,20,0,20062.113,20065.697,21995.713,1930.016,PASS,0
p19_d1_N16384_q16_rep5,1,4,1,sm_89,D1_PUSHSIG_OVERLAP,NVSHMEM,C0_DEFAULT,2048,16384,2048,16,11,1048576,20,0,22021.602,22025.186,23955.424,1930.240,PASS,0
p19_d1_N16384_q16_rep5,1,4,1,sm_89,D1_PUSHSIG_OVERLAP,NVSHMEM,C0_DEFAULT,2048,16384,2048,16,12,1048576,20,0,23981.793,23985.377,25914.496,1929.120,PASS,0
p19_d1_N16384_q16_rep5,1,4,1,sm_89,D1_PUSHSIG_OVERLAP,NVSHMEM,C0_DEFAULT,2048,16384,2048,16,13,1048576,20,0,25940.576,25944.160,27873.953,1929.792,PASS,0
p19_d1_N16384_q16_rep5,1,4,1,sm_89,D1_PUSHSIG_OVERLAP,NVSHMEM,C0_DEFAULT,2048,16384,2048,16,14,1048576,20,0,27899.967,27903.551,29832.225,1928.672,PASS,0
p19_d1_N16384_q16_rep5,1,4,1,sm_89,D1_PUSHSIG_OVERLAP,NVSHMEM,C0_DEFAULT,2048,16384,2048,16,15,1048576,20,0,29858.592,29862.561,31792.320,1929.760,PASS,0
p19_d1_N16384_q16_rep5,1,4,1,sm_89,D1_PUSHSIG_OVERLAP,NVSHMEM,C0_DEFAULT,2048,16384,2048,16,0,1048576,21,0,382.944,386.528,2336.096,1949.568,PASS,0
p19_d1_N16384_q16_rep5,1,4,1,sm_89,D1_PUSHSIG_OVERLAP,NVSHMEM,C0_DEFAULT,2048,16384,2048,16,1,1048576,21,0,2372.576,2376.032,4316.576,1940.544,PASS,0
p19_d1_N16384_q16_rep5,1,4,1,sm_89,D1_PUSHSIG_OVERLAP,NVSHMEM,C0_DEFAULT,2048,16384,2048,16,2,1048576,21,0,4356.416,4360.768,6301.664,1940.896,PASS,0
p19_d1_N16384_q16_rep5,1,4,1,sm_89,D1_PUSHSIG_OVERLAP,NVSHMEM,C0_DEFAULT,2048,16384,2048,16,3,1048576,21,0,6342.240,6345.824,8275.392,1929.568,PASS,0
p19_d1_N16384_q16_rep5,1,4,1,sm_89,D1_PUSHSIG_OVERLAP,NVSHMEM,C0_DEFAULT,2048,16384,2048,16,4,1048576,21,0,8300.801,8304.352,10234.815,1930.464,PASS,0
p19_d1_N16384_q16_rep5,1,4,1,sm_89,D1_PUSHSIG_OVERLAP,NVSHMEM,C0_DEFAULT,2048,16384,2048,16,5,1048576,21,0,10260.225,10263.744,12194.815,1931.072,PASS,0
p19_d1_N16384_q16_rep5,1,4,1,sm_89,D1_PUSHSIG_OVERLAP,NVSHMEM,C0_DEFAULT,2048,16384,2048,16,6,1048576,21,0,12220.641,12224.224,14154.592,1930.368,PASS,0
p19_d1_N16384_q16_rep5,1,4,1,sm_89,D1_PUSHSIG_OVERLAP,NVSHMEM,C0_DEFAULT,2048,16384,2048,16,7,1048576,21,0,14180.319,14183.903,16111.648,1927.744,PASS,0
p19_d1_N16384_q16_rep5,1,4,1,sm_89,D1_PUSHSIG_OVERLAP,NVSHMEM,C0_DEFAULT,2048,16384,2048,16,8,1048576,21,0,16137.472,16141.056,18069.537,1928.480,PASS,0
p19_d1_N16384_q16_rep5,1,4,1,sm_89,D1_PUSHSIG_OVERLAP,NVSHMEM,C0_DEFAULT,2048,16384,2048,16,9,1048576,21,0,18095.455,18099.072,20028.064,1928.992,PASS,0
p19_d1_N16384_q16_rep5,1,4,1,sm_89,D1_PUSHSIG_OVERLAP,NVSHMEM,C0_DEFAULT,2048,16384,2048,16,10,1048576,21,0,20053.535,20057.119,21987.008,1929.888,PASS,0
p19_d1_N16384_q16_rep5,1,4,1,sm_89,D1_PUSHSIG_OVERLAP,NVSHMEM,C0_DEFAULT,2048,16384,2048,16,11,1048576,21,0,22012.641,22016.256,23946.977,1930.720,PASS,0
p19_d1_N16384_q16_rep5,1,4,1,sm_89,D1_PUSHSIG_OVERLAP,NVSHMEM,C0_DEFAULT,2048,16384,2048,16,12,1048576,21,0,23972.223,23975.807,25906.561,1930.752,PASS,0
p19_d1_N16384_q16_rep5,1,4,1,sm_89,D1_PUSHSIG_OVERLAP,NVSHMEM,C0_DEFAULT,2048,16384,2048,16,13,1048576,21,0,25932.512,25936.096,27866.080,1929.984,PASS,0
p19_d1_N16384_q16_rep5,1,4,1,sm_89,D1_PUSHSIG_OVERLAP,NVSHMEM,C0_DEFAULT,2048,16384,2048,16,14,1048576,21,0,27891.646,27895.230,29824.416,1929.184,PASS,0
p19_d1_N16384_q16_rep5,1,4,1,sm_89,D1_PUSHSIG_OVERLAP,NVSHMEM,C0_DEFAULT,2048,16384,2048,16,15,1048576,21,0,29850.336,29853.887,31784.479,1930.592,PASS,0
p19_d1_N16384_q16_rep5,1,4,1,sm_89,D1_PUSHSIG_OVERLAP,NVSHMEM,C0_DEFAULT,2048,16384,2048,16,0,1048576,22,0,374.784,378.400,2319.552,1941.152,PASS,0
p19_d1_N16384_q16_rep5,1,4,1,sm_89,D1_PUSHSIG_OVERLAP,NVSHMEM,C0_DEFAULT,2048,16384,2048,16,1,1048576,22,0,2356.448,2360.064,4300.256,1940.192,PASS,0
p19_d1_N16384_q16_rep5,1,4,1,sm_89,D1_PUSHSIG_OVERLAP,NVSHMEM,C0_DEFAULT,2048,16384,2048,16,2,1048576,22,0,4340.320,4343.968,6283.424,1939.456,PASS,0
p19_d1_N16384_q16_rep5,1,4,1,sm_89,D1_PUSHSIG_OVERLAP,NVSHMEM,C0_DEFAULT,2048,16384,2048,16,3,1048576,22,0,6322.208,6325.856,8256.096,1930.240,PASS,0
p19_d1_N16384_q16_rep5,1,4,1,sm_89,D1_PUSHSIG_OVERLAP,NVSHMEM,C0_DEFAULT,2048,16384,2048,16,4,1048576,22,0,8281.921,8285.824,10213.888,1928.064,PASS,0
p19_d1_N16384_q16_rep5,1,4,1,sm_89,D1_PUSHSIG_OVERLAP,NVSHMEM,C0_DEFAULT,2048,16384,2048,16,5,1048576,22,0,10239.487,10243.071,12172.479,1929.408,PASS,0
p19_d1_N16384_q16_rep5,1,4,1,sm_89,D1_PUSHSIG_OVERLAP,NVSHMEM,C0_DEFAULT,2048,16384,2048,16,6,1048576,22,0,12198.304,12201.920,14131.680,1929.760,PASS,0
p19_d1_N16384_q16_rep5,1,4,1,sm_89,D1_PUSHSIG_OVERLAP,NVSHMEM,C0_DEFAULT,2048,16384,2048,16,7,1048576,22,0,14157.504,14161.088,16090.304,1929.216,PASS,0
p19_d1_N16384_q16_rep5,1,4,1,sm_89,D1_PUSHSIG_OVERLAP,NVSHMEM,C0_DEFAULT,2048,16384,2048,16,8,1048576,22,0,16116.129,16119.743,18049.504,1929.760,PASS,0
p19_d1_N16384_q16_rep5,1,4,1,sm_89,D1_PUSHSIG_OVERLAP,NVSHMEM,C0_DEFAULT,2048,16384,2048,16,9,1048576,22,0,18075.328,18078.912,20009.312,1930.400,PASS,0
p19_d1_N16384_q16_rep5,1,4,1,sm_89,D1_PUSHSIG_OVERLAP,NVSHMEM,C0_DEFAULT,2048,16384,2048,16,10,1048576,22,0,20035.488,20039.104,21969.312,1930.208,PASS,0
p19_d1_N16384_q16_rep5,1,4,1,sm_89,D1_PUSHSIG_OVERLAP,NVSHMEM,C0_DEFAULT,2048,16384,2048,16,11,1048576,22,0,21995.393,21998.977,23927.938,1928.960,PASS,0
p19_d1_N16384_q16_rep5,1,4,1,sm_89,D1_PUSHSIG_OVERLAP,NVSHMEM,C0_DEFAULT,2048,16384,2048,16,12,1048576,22,0,23953.664,23957.248,25886.305,1929.056,PASS,0
p19_d1_N16384_q16_rep5,1,4,1,sm_89,D1_PUSHSIG_OVERLAP,NVSHMEM,C0_DEFAULT,2048,16384,2048,16,13,1048576,22,0,25911.904,25915.486,27843.328,1927.840,PASS,0
p19_d1_N16384_q16_rep5,1,4,1,sm_89,D1_PUSHSIG_OVERLAP,NVSHMEM,C0_DEFAULT,2048,16384,2048,16,14,1048576,22,0,27869.889,27873.473,29802.561,1929.088,PASS,0
p19_d1_N16384_q16_rep5,1,4,1,sm_89,D1_PUSHSIG_OVERLAP,NVSHMEM,C0_DEFAULT,2048,16384,2048,16,15,1048576,22,0,29828.480,29832.031,31761.057,1929.024,PASS,0
p19_d1_N16384_q16_rep5,1,4,1,sm_89,D1_PUSHSIG_OVERLAP,NVSHMEM,C0_DEFAULT,2048,16384,2048,16,0,1048576,23,0,382.496,386.048,2327.648,1941.600,PASS,0
p19_d1_N16384_q16_rep5,1,4,1,sm_89,D1_PUSHSIG_OVERLAP,NVSHMEM,C0_DEFAULT,2048,16384,2048,16,1,1048576,23,0,2367.072,2370.560,4309.888,1939.328,PASS,0
p19_d1_N16384_q16_rep5,1,4,1,sm_89,D1_PUSHSIG_OVERLAP,NVSHMEM,C0_DEFAULT,2048,16384,2048,16,2,1048576,23,0,4350.080,4353.696,6294.176,1940.480,PASS,0
p19_d1_N16384_q16_rep5,1,4,1,sm_89,D1_PUSHSIG_OVERLAP,NVSHMEM,C0_DEFAULT,2048,16384,2048,16,3,1048576,23,0,6330.176,6333.792,8265.889,1932.096,PASS,0
p19_d1_N16384_q16_rep5,1,4,1,sm_89,D1_PUSHSIG_OVERLAP,NVSHMEM,C0_DEFAULT,2048,16384,2048,16,4,1048576,23,0,8292.032,8295.616,10226.080,1930.464,PASS,0
p19_d1_N16384_q16_rep5,1,4,1,sm_89,D1_PUSHSIG_OVERLAP,NVSHMEM,C0_DEFAULT,2048,16384,2048,16,5,1048576,23,0,10251.903,10255.488,12184.960,1929.472,PASS,0
p19_d1_N16384_q16_rep5,1,4,1,sm_89,D1_PUSHSIG_OVERLAP,NVSHMEM,C0_DEFAULT,2048,16384,2048,16,6,1048576,23,0,12211.072,12214.592,14146.912,1932.320,PASS,0
p19_d1_N16384_q16_rep5,1,4,1,sm_89,D1_PUSHSIG_OVERLAP,NVSHMEM,C0_DEFAULT,2048,16384,2048,16,7,1048576,23,0,14172.768,14176.352,16106.144,1929.792,PASS,0
p19_d1_N16384_q16_rep5,1,4,1,sm_89,D1_PUSHSIG_OVERLAP,NVSHMEM,C0_DEFAULT,2048,16384,2048,16,8,1048576,23,0,16132.576,16136.160,18066.367,1930.208,PASS,0
p19_d1_N16384_q16_rep5,1,4,1,sm_89,D1_PUSHSIG_OVERLAP,NVSHMEM,C0_DEFAULT,2048,16384,2048,16,9,1048576,23,0,18092.191,18095.775,20025.951,1930.176,PASS,0
p19_d1_N16384_q16_rep5,1,4,1,sm_89,D1_PUSHSIG_OVERLAP,NVSHMEM,C0_DEFAULT,2048,16384,2048,16,10,1048576,23,0,20051.840,20055.424,21984.480,1929.056,PASS,0
p19_d1_N16384_q16_rep5,1,4,1,sm_89,D1_PUSHSIG_OVERLAP,NVSHMEM,C0_DEFAULT,2048,16384,2048,16,11,1048576,23,0,22010.336,22013.920,23944.352,1930.432,PASS,0
p19_d1_N16384_q16_rep5,1,4,1,sm_89,D1_PUSHSIG_OVERLAP,NVSHMEM,C0_DEFAULT,2048,16384,2048,16,12,1048576,23,0,23970.688,23974.271,25903.488,1929.216,PASS,0
p19_d1_N16384_q16_rep5,1,4,1,sm_89,D1_PUSHSIG_OVERLAP,NVSHMEM,C0_DEFAULT,2048,16384,2048,16,13,1048576,23,0,25929.824,25933.439,27863.199,1929.760,PASS,0
p19_d1_N16384_q16_rep5,1,4,1,sm_89,D1_PUSHSIG_OVERLAP,NVSHMEM,C0_DEFAULT,2048,16384,2048,16,14,1048576,23,0,27889.152,27893.025,29822.398,1929.376,PASS,0
p19_d1_N16384_q16_rep5,1,4,1,sm_89,D1_PUSHSIG_OVERLAP,NVSHMEM,C0_DEFAULT,2048,16384,2048,16,15,1048576,23,0,29848.674,29852.256,31780.512,1928.256,PASS,0
p19_d1_N16384_q16_rep5,1,4,1,sm_89,D1_PUSHSIG_OVERLAP,NVSHMEM,C0_DEFAULT,2048,16384,2048,16,0,1048576,24,0,394.176,400.448,2344.128,1943.680,PASS,0
p19_d1_N16384_q16_rep5,1,4,1,sm_89,D1_PUSHSIG_OVERLAP,NVSHMEM,C0_DEFAULT,2048,16384,2048,16,1,1048576,24,0,2381.184,2387.104,4331.328,1944.224,PASS,0
p19_d1_N16384_q16_rep5,1,4,1,sm_89,D1_PUSHSIG_OVERLAP,NVSHMEM,C0_DEFAULT,2048,16384,2048,16,2,1048576,24,0,4370.656,4374.304,6315.648,1941.344,PASS,0
p19_d1_N16384_q16_rep5,1,4,1,sm_89,D1_PUSHSIG_OVERLAP,NVSHMEM,C0_DEFAULT,2048,16384,2048,16,3,1048576,24,0,6354.048,6357.728,8291.296,1933.568,PASS,0
p19_d1_N16384_q16_rep5,1,4,1,sm_89,D1_PUSHSIG_OVERLAP,NVSHMEM,C0_DEFAULT,2048,16384,2048,16,4,1048576,24,0,8317.407,8320.960,10249.792,1928.832,PASS,0
p19_d1_N16384_q16_rep5,1,4,1,sm_89,D1_PUSHSIG_OVERLAP,NVSHMEM,C0_DEFAULT,2048,16384,2048,16,5,1048576,24,0,10275.903,10279.521,12208.672,1929.152,PASS,0
p19_d1_N16384_q16_rep5,1,4,1,sm_89,D1_PUSHSIG_OVERLAP,NVSHMEM,C0_DEFAULT,2048,16384,2048,16,6,1048576,24,0,12234.560,12238.144,14168.704,1930.560,PASS,0
p19_d1_N16384_q16_rep5,1,4,1,sm_89,D1_PUSHSIG_OVERLAP,NVSHMEM,C0_DEFAULT,2048,16384,2048,16,7,1048576,24,0,14194.464,14198.048,16126.815,1928.768,PASS,0
p19_d1_N16384_q16_rep5,1,4,1,sm_89,D1_PUSHSIG_OVERLAP,NVSHMEM,C0_DEFAULT,2048,16384,2048,16,8,1048576,24,0,16152.672,16156.224,18086.080,1929.856,PASS,0
p19_d1_N16384_q16_rep5,1,4,1,sm_89,D1_PUSHSIG_OVERLAP,NVSHMEM,C0_DEFAULT,2048,16384,2048,16,9,1048576,24,0,18112.160,18115.775,20044.961,1929.184,PASS,0
p19_d1_N16384_q16_rep5,1,4,1,sm_89,D1_PUSHSIG_OVERLAP,NVSHMEM,C0_DEFAULT,2048,16384,2048,16,10,1048576,24,0,20071.072,20074.656,22003.361,1928.704,PASS,0
p19_d1_N16384_q16_rep5,1,4,1,sm_89,D1_PUSHSIG_OVERLAP,NVSHMEM,C0_DEFAULT,2048,16384,2048,16,11,1048576,24,0,22029.312,22032.896,23962.273,1929.376,PASS,0
p19_d1_N16384_q16_rep5,1,4,1,sm_89,D1_PUSHSIG_OVERLAP,NVSHMEM,C0_DEFAULT,2048,16384,2048,16,12,1048576,24,0,23988.320,23991.936,25921.152,1929.216,PASS,0
p19_d1_N16384_q16_rep5,1,4,1,sm_89,D1_PUSHSIG_OVERLAP,NVSHMEM,C0_DEFAULT,2048,16384,2048,16,13,1048576,24,0,25947.520,25951.104,27885.408,1934.304,PASS,0
p19_d1_N16384_q16_rep5,1,4,1,sm_89,D1_PUSHSIG_OVERLAP,NVSHMEM,C0_DEFAULT,2048,16384,2048,16,14,1048576,24,0,27911.615,27915.199,29844.383,1929.184,PASS,0
p19_d1_N16384_q16_rep5,1,4,1,sm_89,D1_PUSHSIG_OVERLAP,NVSHMEM,C0_DEFAULT,2048,16384,2048,16,15,1048576,24,0,29870.688,29874.305,31803.232,1928.928,PASS,0
p19_d1_N16384_q16_rep5,1,4,1,sm_89,D1_PUSHSIG_OVERLAP,NVSHMEM,C0_DEFAULT,2048,16384,2048,16,0,1048576,25,0,376.640,384.224,2322.624,1938.400,PASS,0
p19_d1_N16384_q16_rep5,1,4,1,sm_89,D1_PUSHSIG_OVERLAP,NVSHMEM,C0_DEFAULT,2048,16384,2048,16,1,1048576,25,0,2368.608,2372.832,4316.736,1943.904,PASS,0
p19_d1_N16384_q16_rep5,1,4,1,sm_89,D1_PUSHSIG_OVERLAP,NVSHMEM,C0_DEFAULT,2048,16384,2048,16,2,1048576,25,0,4356.480,4360.064,6301.696,1941.632,PASS,0
p19_d1_N16384_q16_rep5,1,4,1,sm_89,D1_PUSHSIG_OVERLAP,NVSHMEM,C0_DEFAULT,2048,16384,2048,16,3,1048576,25,0,6344.960,6348.704,8278.304,1929.600,PASS,0
p19_d1_N16384_q16_rep5,1,4,1,sm_89,D1_PUSHSIG_OVERLAP,NVSHMEM,C0_DEFAULT,2048,16384,2048,16,4,1048576,25,0,8304.128,8307.712,10236.673,1928.960,PASS,0
p19_d1_N16384_q16_rep5,1,4,1,sm_89,D1_PUSHSIG_OVERLAP,NVSHMEM,C0_DEFAULT,2048,16384,2048,16,5,1048576,25,0,10262.624,10266.560,12196.800,1930.240,PASS,0
p19_d1_N16384_q16_rep5,1,4,1,sm_89,D1_PUSHSIG_OVERLAP,NVSHMEM,C0_DEFAULT,2048,16384,2048,16,6,1048576,25,0,12222.080,12225.632,14154.048,1928.416,PASS,0
p19_d1_N16384_q16_rep5,1,4,1,sm_89,D1_PUSHSIG_OVERLAP,NVSHMEM,C0_DEFAULT,2048,16384,2048,16,7,1048576,25,0,14179.904,14183.424,16112.801,1929.376,PASS,0
p19_d1_N16384_q16_rep5,1,4,1,sm_89,D1_PUSHSIG_OVERLAP,NVSHMEM,C0_DEFAULT,2048,16384,2048,16,8,1048576,25,0,16138.784,16142.336,18071.264,1928.928,PASS,0
p19_d1_N16384_q16_rep5,1,4,1,sm_89,D1_PUSHSIG_OVERLAP,NVSHMEM,C0_DEFAULT,2048,16384,2048,16,9,1048576,25,0,18097.121,18100.705,20031.135,1930.432,PASS,0
p19_d1_N16384_q16_rep5,1,4,1,sm_89,D1_PUSHSIG_OVERLAP,NVSHMEM,C0_DEFAULT,2048,16384,2048,16,10,1048576,25,0,20056.703,20060.256,21989.281,1929.024,PASS,0
p19_d1_N16384_q16_rep5,1,4,1,sm_89,D1_PUSHSIG_OVERLAP,NVSHMEM,C0_DEFAULT,2048,16384,2048,16,11,1048576,25,0,22014.689,22018.271,23947.520,1929.248,PASS,0
p19_d1_N16384_q16_rep5,1,4,1,sm_89,D1_PUSHSIG_OVERLAP,NVSHMEM,C0_DEFAULT,2048,16384,2048,16,12,1048576,25,0,23973.152,23976.736,25904.096,1927.360,PASS,0
p19_d1_N16384_q16_rep5,1,4,1,sm_89,D1_PUSHSIG_OVERLAP,NVSHMEM,C0_DEFAULT,2048,16384,2048,16,13,1048576,25,0,25930.016,25933.600,27865.920,1932.320,PASS,0
p19_d1_N16384_q16_rep5,1,4,1,sm_89,D1_PUSHSIG_OVERLAP,NVSHMEM,C0_DEFAULT,2048,16384,2048,16,14,1048576,25,0,27891.807,27895.391,29824.258,1928.864,PASS,0
p19_d1_N16384_q16_rep5,1,4,1,sm_89,D1_PUSHSIG_OVERLAP,NVSHMEM,C0_DEFAULT,2048,16384,2048,16,15,1048576,25,0,29849.664,29853.600,31781.887,1928.288,PASS,0
p19_d1_N16384_q16_rep5,1,4,1,sm_89,D1_PUSHSIG_OVERLAP,NVSHMEM,C0_DEFAULT,2048,16384,2048,16,0,1048576,26,0,387.008,390.528,2336.864,1946.336,PASS,0
p19_d1_N16384_q16_rep5,1,4,1,sm_89,D1_PUSHSIG_OVERLAP,NVSHMEM,C0_DEFAULT,2048,16384,2048,16,1,1048576,26,0,2375.936,2379.840,4322.176,1942.336,PASS,0
p19_d1_N16384_q16_rep5,1,4,1,sm_89,D1_PUSHSIG_OVERLAP,NVSHMEM,C0_DEFAULT,2048,16384,2048,16,2,1048576,26,0,4359.200,4363.232,6309.376,1946.144,PASS,0
p19_d1_N16384_q16_rep5,1,4,1,sm_89,D1_PUSHSIG_OVERLAP,NVSHMEM,C0_DEFAULT,2048,16384,2048,16,3,1048576,26,0,6346.688,6350.400,8281.633,1931.232,PASS,0
p19_d1_N16384_q16_rep5,1,4,1,sm_89,D1_PUSHSIG_OVERLAP,NVSHMEM,C0_DEFAULT,2048,16384,2048,16,4,1048576,26,0,8307.647,8311.231,10240.703,1929.472,PASS,0
p19_d1_N16384_q16_rep5,1,4,1,sm_89,D1_PUSHSIG_OVERLAP,NVSHMEM,C0_DEFAULT,2048,16384,2048,16,5,1048576,26,0,10266.624,10270.208,12197.920,1927.712,PASS,0
p19_d1_N16384_q16_rep5,1,4,1,sm_89,D1_PUSHSIG_OVERLAP,NVSHMEM,C0_DEFAULT,2048,16384,2048,16,6,1048576,26,0,12224.160,12227.744,14158.528,1930.784,PASS,0
p19_d1_N16384_q16_rep5,1,4,1,sm_89,D1_PUSHSIG_OVERLAP,NVSHMEM,C0_DEFAULT,2048,16384,2048,16,7,1048576,26,0,14184.352,14187.968,16117.023,1929.056,PASS,0
p19_d1_N16384_q16_rep5,1,4,1,sm_89,D1_PUSHSIG_OVERLAP,NVSHMEM,C0_DEFAULT,2048,16384,2048,16,8,1048576,26,0,16142.880,16146.433,18074.080,1927.648,PASS,0
p19_d1_N16384_q16_rep5,1,4,1,sm_89,D1_PUSHSIG_OVERLAP,NVSHMEM,C0_DEFAULT,2048,16384,2048,16,9,1048576,26,0,18100.416,18104.193,20033.152,1928.960,PASS,0
p19_d1_N16384_q16_rep5,1,4,1,sm_89,D1_PUSHSIG_OVERLAP,NVSHMEM,C0_DEFAULT,2048,16384,2048,16,10,1048576,26,0,20059.201,20062.752,21993.312,1930.560,PASS,0
p19_d1_N16384_q16_rep5,1,4,1,sm_89,D1_PUSHSIG_OVERLAP,NVSHMEM,C0_DEFAULT,2048,16384,2048,16,11,1048576,26,0,22018.881,22022.432,23952.352,1929.920,PASS,0
p19_d1_N16384_q16_rep5,1,4,1,sm_89,D1_PUSHSIG_OVERLAP,NVSHMEM,C0_DEFAULT,2048,16384,2048,16,12,1048576,26,0,23978.465,23982.049,25912.961,1930.912,PASS,0
p19_d1_N16384_q16_rep5,1,4,1,sm_89,D1_PUSHSIG_OVERLAP,NVSHMEM,C0_DEFAULT,2048,16384,2048,16,13,1048576,26,0,25939.008,25942.592,27870.336,1927.744,PASS,0
p19_d1_N16384_q16_rep5,1,4,1,sm_89,D1_PUSHSIG_OVERLAP,NVSHMEM,C0_DEFAULT,2048,16384,2048,16,14,1048576,26,0,27896.256,27899.840,29829.217,1929.376,PASS,0
p19_d1_N16384_q16_rep5,1,4,1,sm_89,D1_PUSHSIG_OVERLAP,NVSHMEM,C0_DEFAULT,2048,16384,2048,16,15,1048576,26,0,29855.072,29858.688,31789.057,1930.368,PASS,0
p19_d1_N16384_q16_rep5,1,4,1,sm_89,D1_PUSHSIG_OVERLAP,NVSHMEM,C0_DEFAULT,2048,16384,2048,16,0,1048576,27,0,382.720,386.368,2327.584,1941.216,PASS,0
p19_d1_N16384_q16_rep5,1,4,1,sm_89,D1_PUSHSIG_OVERLAP,NVSHMEM,C0_DEFAULT,2048,16384,2048,16,1,1048576,27,0,2368.256,2372.480,4314.848,1942.368,PASS,0
p19_d1_N16384_q16_rep5,1,4,1,sm_89,D1_PUSHSIG_OVERLAP,NVSHMEM,C0_DEFAULT,2048,16384,2048,16,2,1048576,27,0,4350.944,4355.072,6297.056,1941.984,PASS,0
p19_d1_N16384_q16_rep5,1,4,1,sm_89,D1_PUSHSIG_OVERLAP,NVSHMEM,C0_DEFAULT,2048,16384,2048,16,3,1048576,27,0,6333.056,6338.176,8267.520,1929.344,PASS,0
p19_d1_N16384_q16_rep5,1,4,1,sm_89,D1_PUSHSIG_OVERLAP,NVSHMEM,C0_DEFAULT,2048,16384,2048,16,4,1048576,27,0,8293.632,8297.312,10229.504,1932.192,PASS,0
p19_d1_N16384_q16_rep5,1,4,1,sm_89,D1_PUSHSIG_OVERLAP,NVSHMEM,C0_DEFAULT,2048,16384,2048,16,5,1048576,27,0,10255.456,10259.072,12188.703,1929.632,PASS,0
p19_d1_N16384_q16_rep5,1,4,1,sm_89,D1_PUSHSIG_OVERLAP,NVSHMEM,C0_DEFAULT,2048,16384,2048,16,6,1048576,27,0,12214.783,12218.367,14149.151,1930.784,PASS,0
p19_d1_N16384_q16_rep5,1,4,1,sm_89,D1_PUSHSIG_OVERLAP,NVSHMEM,C0_DEFAULT,2048,16384,2048,16,7,1048576,27,0,14175.200,14178.784,16106.625,1927.840,PASS,0
p19_d1_N16384_q16_rep5,1,4,1,sm_89,D1_PUSHSIG_OVERLAP,NVSHMEM,C0_DEFAULT,2048,16384,2048,16,8,1048576,27,0,16132.511,16136.095,18064.256,1928.160,PASS,0
p19_d1_N16384_q16_rep5,1,4,1,sm_89,D1_PUSHSIG_OVERLAP,NVSHMEM,C0_DEFAULT,2048,16384,2048,16,9,1048576,27,0,18090.369,18093.920,20024.799,1930.880,PASS,0
p19_d1_N16384_q16_rep5,1,4,1,sm_89,D1_PUSHSIG_OVERLAP,NVSHMEM,C0_DEFAULT,2048,16384,2048,16,10,1048576,27,0,20050.912,20054.496,21984.832,1930.336,PASS,0
p19_d1_N16384_q16_rep5,1,4,1,sm_89,D1_PUSHSIG_OVERLAP,NVSHMEM,C0_DEFAULT,2048,16384,2048,16,11,1048576,27,0,22010.912,22014.496,23944.096,1929.600,PASS,0
p19_d1_N16384_q16_rep5,1,4,1,sm_89,D1_PUSHSIG_OVERLAP,NVSHMEM,C0_DEFAULT,2048,16384,2048,16,12,1048576,27,0,23969.951,23973.535,25903.455,1929.920,PASS,0
p19_d1_N16384_q16_rep5,1,4,1,sm_89,D1_PUSHSIG_OVERLAP,NVSHMEM,C0_DEFAULT,2048,16384,2048,16,13,1048576,27,0,25929.566,25933.150,27862.752,1929.600,PASS,0
p19_d1_N16384_q16_rep5,1,4,1,sm_89,D1_PUSHSIG_OVERLAP,NVSHMEM,C0_DEFAULT,2048,16384,2048,16,14,1048576,27,0,27888.832,27892.512,29822.080,1929.568,PASS,0
p19_d1_N16384_q16_rep5,1,4,1,sm_89,D1_PUSHSIG_OVERLAP,NVSHMEM,C0_DEFAULT,2048,16384,2048,16,15,1048576,27,0,29848.447,29852.031,31782.688,1930.656,PASS,0
p19_d1_N16384_q16_rep5,1,4,1,sm_89,D1_PUSHSIG_OVERLAP,NVSHMEM,C0_DEFAULT,2048,16384,2048,16,0,1048576,28,0,389.728,393.248,2334.528,1941.280,PASS,0
p19_d1_N16384_q16_rep5,1,4,1,sm_89,D1_PUSHSIG_OVERLAP,NVSHMEM,C0_DEFAULT,2048,16384,2048,16,1,1048576,28,0,2373.280,2376.864,4315.936,1939.072,PASS,0
p19_d1_N16384_q16_rep5,1,4,1,sm_89,D1_PUSHSIG_OVERLAP,NVSHMEM,C0_DEFAULT,2048,16384,2048,16,2,1048576,28,0,4358.592,4362.208,6302.848,1940.640,PASS,0
p19_d1_N16384_q16_rep5,1,4,1,sm_89,D1_PUSHSIG_OVERLAP,NVSHMEM,C0_DEFAULT,2048,16384,2048,16,3,1048576,28,0,6342.496,6346.080,8277.983,1931.904,PASS,0
p19_d1_N16384_q16_rep5,1,4,1,sm_89,D1_PUSHSIG_OVERLAP,NVSHMEM,C0_DEFAULT,2048,16384,2048,16,4,1048576,28,0,8303.872,8307.456,10236.736,1929.280,PASS,0
p19_d1_N16384_q16_rep5,1,4,1,sm_89,D1_PUSHSIG_OVERLAP,NVSHMEM,C0_DEFAULT,2048,16384,2048,16,5,1048576,28,0,10262.593,10266.176,12195.072,1928.896,PASS,0
p19_d1_N16384_q16_rep5,1,4,1,sm_89,D1_PUSHSIG_OVERLAP,NVSHMEM,C0_DEFAULT,2048,16384,2048,16,6,1048576,28,0,12221.184,12224.768,14153.951,1929.184,PASS,0
p19_d1_N16384_q16_rep5,1,4,1,sm_89,D1_PUSHSIG_OVERLAP,NVSHMEM,C0_DEFAULT,2048,16384,2048,16,7,1048576,28,0,14179.808,14183.424,16113.760,1930.336,PASS,0
p19_d1_N16384_q16_rep5,1,4,1,sm_89,D1_PUSHSIG_OVERLAP,NVSHMEM,C0_DEFAULT,2048,16384,2048,16,8,1048576,28,0,16139.839,16143.455,18072.799,1929.344,PASS,0
p19_d1_N16384_q16_rep5,1,4,1,sm_89,D1_PUSHSIG_OVERLAP,NVSHMEM,C0_DEFAULT,2048,16384,2048,16,9,1048576,28,0,18099.137,18102.752,20032.512,1929.760,PASS,0
p19_d1_N16384_q16_rep5,1,4,1,sm_89,D1_PUSHSIG_OVERLAP,NVSHMEM,C0_DEFAULT,2048,16384,2048,16,10,1048576,28,0,20058.111,20061.695,21991.840,1930.144,PASS,0
p19_d1_N16384_q16_rep5,1,4,1,sm_89,D1_PUSHSIG_OVERLAP,NVSHMEM,C0_DEFAULT,2048,16384,2048,16,11,1048576,28,0,22017.887,22021.473,23949.760,1928.288,PASS,0
p19_d1_N16384_q16_rep5,1,4,1,sm_89,D1_PUSHSIG_OVERLAP,NVSHMEM,C0_DEFAULT,2048,16384,2048,16,12,1048576,28,0,23976.320,23979.938,25909.344,1929.408,PASS,0
p19_d1_N16384_q16_rep5,1,4,1,sm_89,D1_PUSHSIG_OVERLAP,NVSHMEM,C0_DEFAULT,2048,16384,2048,16,13,1048576,28,0,25935.232,25938.816,27868.416,1929.600,PASS,0
p19_d1_N16384_q16_rep5,1,4,1,sm_89,D1_PUSHSIG_OVERLAP,NVSHMEM,C0_DEFAULT,2048,16384,2048,16,14,1048576,28,0,27894.240,27897.824,29827.615,1929.792,PASS,0
p19_d1_N16384_q16_rep5,1,4,1,sm_89,D1_PUSHSIG_OVERLAP,NVSHMEM,C0_DEFAULT,2048,16384,2048,16,15,1048576,28,0,29853.473,29857.055,31787.297,1930.240,PASS,0
p19_d1_N16384_q16_rep5,1,4,1,sm_89,D1_PUSHSIG_OVERLAP,NVSHMEM,C0_DEFAULT,2048,16384,2048,16,0,1048576,29,0,374.496,378.016,2324.960,1946.944,PASS,0
p19_d1_N16384_q16_rep5,1,4,1,sm_89,D1_PUSHSIG_OVERLAP,NVSHMEM,C0_DEFAULT,2048,16384,2048,16,1,1048576,29,0,2369.504,2373.056,4317.408,1944.352,PASS,0
p19_d1_N16384_q16_rep5,1,4,1,sm_89,D1_PUSHSIG_OVERLAP,NVSHMEM,C0_DEFAULT,2048,16384,2048,16,2,1048576,29,0,4355.712,4360.160,6300.928,1940.768,PASS,0
p19_d1_N16384_q16_rep5,1,4,1,sm_89,D1_PUSHSIG_OVERLAP,NVSHMEM,C0_DEFAULT,2048,16384,2048,16,3,1048576,29,0,6342.848,6347.616,8280.256,1932.640,PASS,0
p19_d1_N16384_q16_rep5,1,4,1,sm_89,D1_PUSHSIG_OVERLAP,NVSHMEM,C0_DEFAULT,2048,16384,2048,16,4,1048576,29,0,8305.888,8309.504,10241.057,1931.552,PASS,0
p19_d1_N16384_q16_rep5,1,4,1,sm_89,D1_PUSHSIG_OVERLAP,NVSHMEM,C0_DEFAULT,2048,16384,2048,16,5,1048576,29,0,10267.232,10271.137,12199.840,1928.704,PASS,0
p19_d1_N16384_q16_rep5,1,4,1,sm_89,D1_PUSHSIG_OVERLAP,NVSHMEM,C0_DEFAULT,2048,16384,2048,16,6,1048576,29,0,12225.152,12228.800,14158.111,1929.312,PASS,0
p19_d1_N16384_q16_rep5,1,4,1,sm_89,D1_PUSHSIG_OVERLAP,NVSHMEM,C0_DEFAULT,2048,16384,2048,16,7,1048576,29,0,14183.424,14186.977,16115.776,1928.800,PASS,0
p19_d1_N16384_q16_rep5,1,4,1,sm_89,D1_PUSHSIG_OVERLAP,NVSHMEM,C0_DEFAULT,2048,16384,2048,16,8,1048576,29,0,16141.439,16145.121,18073.824,1928.704,PASS,0
p19_d1_N16384_q16_rep5,1,4,1,sm_89,D1_PUSHSIG_OVERLAP,NVSHMEM,C0_DEFAULT,2048,16384,2048,16,9,1048576,29,0,18099.297,18102.881,20031.072,1928.192,PASS,0
p19_d1_N16384_q16_rep5,1,4,1,sm_89,D1_PUSHSIG_OVERLAP,NVSHMEM,C0_DEFAULT,2048,16384,2048,16,10,1048576,29,0,20056.641,20060.225,21988.160,1927.936,PASS,0
p19_d1_N16384_q16_rep5,1,4,1,sm_89,D1_PUSHSIG_OVERLAP,NVSHMEM,C0_DEFAULT,2048,16384,2048,16,11,1048576,29,0,22013.537,22017.311,23945.088,1927.776,PASS,0
p19_d1_N16384_q16_rep5,1,4,1,sm_89,D1_PUSHSIG_OVERLAP,NVSHMEM,C0_DEFAULT,2048,16384,2048,16,12,1048576,29,0,23970.400,23973.984,25902.688,1928.704,PASS,0
p19_d1_N16384_q16_rep5,1,4,1,sm_89,D1_PUSHSIG_OVERLAP,NVSHMEM,C0_DEFAULT,2048,16384,2048,16,13,1048576,29,0,25928.031,25931.615,27859.680,1928.064,PASS,0
p19_d1_N16384_q16_rep5,1,4,1,sm_89,D1_PUSHSIG_OVERLAP,NVSHMEM,C0_DEFAULT,2048,16384,2048,16,14,1048576,29,0,27885.537,27889.504,29820.383,1930.880,PASS,0
p19_d1_N16384_q16_rep5,1,4,1,sm_89,D1_PUSHSIG_OVERLAP,NVSHMEM,C0_DEFAULT,2048,16384,2048,16,15,1048576,29,0,29846.238,29849.824,31777.057,1927.232,PASS,0
p19_d1_N16384_q16_rep5,1,4,1,sm_89,D1_PUSHSIG_OVERLAP,NVSHMEM,C0_DEFAULT,2048,16384,2048,16,0,1048576,30,0,380.480,384.800,2327.520,1942.720,PASS,0
p19_d1_N16384_q16_rep5,1,4,1,sm_89,D1_PUSHSIG_OVERLAP,NVSHMEM,C0_DEFAULT,2048,16384,2048,16,1,1048576,30,0,2370.656,2374.752,4318.080,1943.328,PASS,0
p19_d1_N16384_q16_rep5,1,4,1,sm_89,D1_PUSHSIG_OVERLAP,NVSHMEM,C0_DEFAULT,2048,16384,2048,16,2,1048576,30,0,4356.160,4361.216,6304.384,1943.168,PASS,0
p19_d1_N16384_q16_rep5,1,4,1,sm_89,D1_PUSHSIG_OVERLAP,NVSHMEM,C0_DEFAULT,2048,16384,2048,16,3,1048576,30,0,6344.896,6349.056,8279.168,1930.112,PASS,0
p19_d1_N16384_q16_rep5,1,4,1,sm_89,D1_PUSHSIG_OVERLAP,NVSHMEM,C0_DEFAULT,2048,16384,2048,16,4,1048576,30,0,8304.960,8308.512,10237.088,1928.576,PASS,0
p19_d1_N16384_q16_rep5,1,4,1,sm_89,D1_PUSHSIG_OVERLAP,NVSHMEM,C0_DEFAULT,2048,16384,2048,16,5,1048576,30,0,10262.944,10266.464,12196.416,1929.952,PASS,0
p19_d1_N16384_q16_rep5,1,4,1,sm_89,D1_PUSHSIG_OVERLAP,NVSHMEM,C0_DEFAULT,2048,16384,2048,16,6,1048576,30,0,12222.528,12226.112,14155.584,1929.472,PASS,0
p19_d1_N16384_q16_rep5,1,4,1,sm_89,D1_PUSHSIG_OVERLAP,NVSHMEM,C0_DEFAULT,2048,16384,2048,16,7,1048576,30,0,14181.760,14185.376,16114.944,1929.568,PASS,0
p19_d1_N16384_q16_rep5,1,4,1,sm_89,D1_PUSHSIG_OVERLAP,NVSHMEM,C0_DEFAULT,2048,16384,2048,16,8,1048576,30,0,16140.768,16144.352,18074.271,1929.920,PASS,0
p19_d1_N16384_q16_rep5,1,4,1,sm_89,D1_PUSHSIG_OVERLAP,NVSHMEM,C0_DEFAULT,2048,16384,2048,16,9,1048576,30,0,18100.736,18104.320,20033.824,1929.504,PASS,0
p19_d1_N16384_q16_rep5,1,4,1,sm_89,D1_PUSHSIG_OVERLAP,NVSHMEM,C0_DEFAULT,2048,16384,2048,16,10,1048576,30,0,20059.682,20063.266,21993.855,1930.592,PASS,0
p19_d1_N16384_q16_rep5,1,4,1,sm_89,D1_PUSHSIG_OVERLAP,NVSHMEM,C0_DEFAULT,2048,16384,2048,16,11,1048576,30,0,22019.969,22023.553,23954.049,1930.496,PASS,0
p19_d1_N16384_q16_rep5,1,4,1,sm_89,D1_PUSHSIG_OVERLAP,NVSHMEM,C0_DEFAULT,2048,16384,2048,16,12,1048576,30,0,23979.938,23983.520,25913.215,1929.696,PASS,0
p19_d1_N16384_q16_rep5,1,4,1,sm_89,D1_PUSHSIG_OVERLAP,NVSHMEM,C0_DEFAULT,2048,16384,2048,16,13,1048576,30,0,25939.297,25942.912,27873.248,1930.336,PASS,0
p19_d1_N16384_q16_rep5,1,4,1,sm_89,D1_PUSHSIG_OVERLAP,NVSHMEM,C0_DEFAULT,2048,16384,2048,16,14,1048576,30,0,27899.041,27902.625,29830.561,1927.936,PASS,0
p19_d1_N16384_q16_rep5,1,4,1,sm_89,D1_PUSHSIG_OVERLAP,NVSHMEM,C0_DEFAULT,2048,16384,2048,16,15,1048576,30,0,29856.607,29860.191,31788.799,1928.608,PASS,0
p19_d1_N16384_q16_rep5,1,4,1,sm_89,D1_PUSHSIG_OVERLAP,NVSHMEM,C0_DEFAULT,2048,16384,2048,16,0,1048576,31,0,377.056,380.512,2323.712,1943.200,PASS,0
p19_d1_N16384_q16_rep5,1,4,1,sm_89,D1_PUSHSIG_OVERLAP,NVSHMEM,C0_DEFAULT,2048,16384,2048,16,1,1048576,31,0,2366.688,2371.488,4312.320,1940.832,PASS,0
p19_d1_N16384_q16_rep5,1,4,1,sm_89,D1_PUSHSIG_OVERLAP,NVSHMEM,C0_DEFAULT,2048,16384,2048,16,2,1048576,31,0,4356.448,4360.800,6301.472,1940.672,PASS,0
p19_d1_N16384_q16_rep5,1,4,1,sm_89,D1_PUSHSIG_OVERLAP,NVSHMEM,C0_DEFAULT,2048,16384,2048,16,3,1048576,31,0,6341.536,6348.096,8277.407,1929.312,PASS,0
p19_d1_N16384_q16_rep5,1,4,1,sm_89,D1_PUSHSIG_OVERLAP,NVSHMEM,C0_DEFAULT,2048,16384,2048,16,4,1048576,31,0,8303.552,8307.136,10237.664,1930.528,PASS,0
p19_d1_N16384_q16_rep5,1,4,1,sm_89,D1_PUSHSIG_OVERLAP,NVSHMEM,C0_DEFAULT,2048,16384,2048,16,5,1048576,31,0,10263.903,10267.680,12196.832,1929.152,PASS,0
p19_d1_N16384_q16_rep5,1,4,1,sm_89,D1_PUSHSIG_OVERLAP,NVSHMEM,C0_DEFAULT,2048,16384,2048,16,6,1048576,31,0,12222.688,12226.528,14158.560,1932.032,PASS,0
p19_d1_N16384_q16_rep5,1,4,1,sm_89,D1_PUSHSIG_OVERLAP,NVSHMEM,C0_DEFAULT,2048,16384,2048,16,7,1048576,31,0,14184.385,14187.968,16115.681,1927.712,PASS,0
p19_d1_N16384_q16_rep5,1,4,1,sm_89,D1_PUSHSIG_OVERLAP,NVSHMEM,C0_DEFAULT,2048,16384,2048,16,8,1048576,31,0,16141.760,16145.728,18077.855,1932.128,PASS,0
p19_d1_N16384_q16_rep5,1,4,1,sm_89,D1_PUSHSIG_OVERLAP,NVSHMEM,C0_DEFAULT,2048,16384,2048,16,9,1048576,31,0,18103.680,18107.264,20036.863,1929.600,PASS,0
p19_d1_N16384_q16_rep5,1,4,1,sm_89,D1_PUSHSIG_OVERLAP,NVSHMEM,C0_DEFAULT,2048,16384,2048,16,10,1048576,31,0,20062.977,20066.561,21999.328,1932.768,PASS,0
p19_d1_N16384_q16_rep5,1,4,1,sm_89,D1_PUSHSIG_OVERLAP,NVSHMEM,C0_DEFAULT,2048,16384,2048,16,11,1048576,31,0,22025.473,22029.088,23956.512,1927.424,PASS,0
p19_d1_N16384_q16_rep5,1,4,1,sm_89,D1_PUSHSIG_OVERLAP,NVSHMEM,C0_DEFAULT,2048,16384,2048,16,12,1048576,31,0,23982.625,23986.561,25914.881,1928.320,PASS,0
p19_d1_N16384_q16_rep5,1,4,1,sm_89,D1_PUSHSIG_OVERLAP,NVSHMEM,C0_DEFAULT,2048,16384,2048,16,13,1048576,31,0,25941.344,25944.928,27874.752,1929.824,PASS,0
p19_d1_N16384_q16_rep5,1,4,1,sm_89,D1_PUSHSIG_OVERLAP,NVSHMEM,C0_DEFAULT,2048,16384,2048,16,14,1048576,31,0,27900.607,27904.191,29832.768,1928.576,PASS,0
p19_d1_N16384_q16_rep5,1,4,1,sm_89,D1_PUSHSIG_OVERLAP,NVSHMEM,C0_DEFAULT,2048,16384,2048,16,15,1048576,31,0,29858.752,29862.336,31792.096,1929.760,PASS,0
p19_d1_N16384_q16_rep5,1,4,1,sm_89,D1_PUSHSIG_OVERLAP,NVSHMEM,C0_DEFAULT,2048,16384,2048,16,0,1048576,32,0,391.616,397.056,2335.200,1938.144,PASS,0
p19_d1_N16384_q16_rep5,1,4,1,sm_89,D1_PUSHSIG_OVERLAP,NVSHMEM,C0_DEFAULT,2048,16384,2048,16,1,1048576,32,0,2376.352,2379.904,4321.632,1941.728,PASS,0
p19_d1_N16384_q16_rep5,1,4,1,sm_89,D1_PUSHSIG_OVERLAP,NVSHMEM,C0_DEFAULT,2048,16384,2048,16,2,1048576,32,0,4364.608,4368.832,6308.960,1940.128,PASS,0
p19_d1_N16384_q16_rep5,1,4,1,sm_89,D1_PUSHSIG_OVERLAP,NVSHMEM,C0_DEFAULT,2048,16384,2048,16,3,1048576,32,0,6351.200,6355.296,8285.760,1930.464,PASS,0
p19_d1_N16384_q16_rep5,1,4,1,sm_89,D1_PUSHSIG_OVERLAP,NVSHMEM,C0_DEFAULT,2048,16384,2048,16,4,1048576,32,0,8311.776,8315.424,10245.664,1930.240,PASS,0
p19_d1_N16384_q16_rep5,1,4,1,sm_89,D1_PUSHSIG_OVERLAP,NVSHMEM,C0_DEFAULT,2048,16384,2048,16,5,1048576,32,0,10271.808,10275.424,12203.456,1928.032,PASS,0
p19_d1_N16384_q16_rep5,1,4,1,sm_89,D1_PUSHSIG_OVERLAP,NVSHMEM,C0_DEFAULT,2048,16384,2048,16,6,1048576,32,0,12229.312,12232.929,14161.984,1929.056,PASS,0
p19_d1_N16384_q16_rep5,1,4,1,sm_89,D1_PUSHSIG_OVERLAP,NVSHMEM,C0_DEFAULT,2048,16384,2048,16,7,1048576,32,0,14188.096,14191.808,16122.656,1930.848,PASS,0
p19_d1_N16384_q16_rep5,1,4,1,sm_89,D1_PUSHSIG_OVERLAP,NVSHMEM,C0_DEFAULT,2048,16384,2048,16,8,1048576,32,0,16148.512,16152.096,18084.674,1932.576,PASS,0
p19_d1_N16384_q16_rep5,1,4,1,sm_89,D1_PUSHSIG_OVERLAP,NVSHMEM,C0_DEFAULT,2048,16384,2048,16,9,1048576,32,0,18110.529,18114.113,20044.385,1930.272,PASS,0
p19_d1_N16384_q16_rep5,1,4,1,sm_89,D1_PUSHSIG_OVERLAP,NVSHMEM,C0_DEFAULT,2048,16384,2048,16,10,1048576,32,0,20070.240,20073.791,22003.840,1930.048,PASS,0
p19_d1_N16384_q16_rep5,1,4,1,sm_89,D1_PUSHSIG_OVERLAP,NVSHMEM,C0_DEFAULT,2048,16384,2048,16,11,1048576,32,0,22029.729,22033.312,23962.527,1929.216,PASS,0
p19_d1_N16384_q16_rep5,1,4,1,sm_89,D1_PUSHSIG_OVERLAP,NVSHMEM,C0_DEFAULT,2048,16384,2048,16,12,1048576,32,0,23988.416,23992.000,25921.633,1929.632,PASS,0
p19_d1_N16384_q16_rep5,1,4,1,sm_89,D1_PUSHSIG_OVERLAP,NVSHMEM,C0_DEFAULT,2048,16384,2048,16,13,1048576,32,0,25947.744,25951.328,27880.512,1929.184,PASS,0
p19_d1_N16384_q16_rep5,1,4,1,sm_89,D1_PUSHSIG_OVERLAP,NVSHMEM,C0_DEFAULT,2048,16384,2048,16,14,1048576,32,0,27906.623,27910.207,29839.584,1929.376,PASS,0
p19_d1_N16384_q16_rep5,1,4,1,sm_89,D1_PUSHSIG_OVERLAP,NVSHMEM,C0_DEFAULT,2048,16384,2048,16,15,1048576,32,0,29865.504,29869.248,31803.455,1934.208,PASS,0
p19_d1_N16384_q16_rep5,1,4,1,sm_89,D1_PUSHSIG_OVERLAP,NVSHMEM,C0_DEFAULT,2048,16384,2048,16,0,1048576,33,0,392.064,396.000,2339.552,1943.552,PASS,0
p19_d1_N16384_q16_rep5,1,4,1,sm_89,D1_PUSHSIG_OVERLAP,NVSHMEM,C0_DEFAULT,2048,16384,2048,16,1,1048576,33,0,2379.808,2383.392,4329.824,1946.432,PASS,0
p19_d1_N16384_q16_rep5,1,4,1,sm_89,D1_PUSHSIG_OVERLAP,NVSHMEM,C0_DEFAULT,2048,16384,2048,16,2,1048576,33,0,4368.160,4371.808,6309.504,1937.696,PASS,0
p19_d1_N16384_q16_rep5,1,4,1,sm_89,D1_PUSHSIG_OVERLAP,NVSHMEM,C0_DEFAULT,2048,16384,2048,16,3,1048576,33,0,6346.272,6350.112,8282.655,1932.544,PASS,0
p19_d1_N16384_q16_rep5,1,4,1,sm_89,D1_PUSHSIG_OVERLAP,NVSHMEM,C0_DEFAULT,2048,16384,2048,16,4,1048576,33,0,8308.800,8312.672,10242.592,1929.920,PASS,0
p19_d1_N16384_q16_rep5,1,4,1,sm_89,D1_PUSHSIG_OVERLAP,NVSHMEM,C0_DEFAULT,2048,16384,2048,16,5,1048576,33,0,10268.224,10271.808,12200.991,1929.184,PASS,0
p19_d1_N16384_q16_rep5,1,4,1,sm_89,D1_PUSHSIG_OVERLAP,NVSHMEM,C0_DEFAULT,2048,16384,2048,16,6,1048576,33,0,12226.816,12230.432,14159.232,1928.800,PASS,0
p19_d1_N16384_q16_rep5,1,4,1,sm_89,D1_PUSHSIG_OVERLAP,NVSHMEM,C0_DEFAULT,2048,16384,2048,16,7,1048576,33,0,14185.567,14189.120,16119.713,1930.592,PASS,0
p19_d1_N16384_q16_rep5,1,4,1,sm_89,D1_PUSHSIG_OVERLAP,NVSHMEM,C0_DEFAULT,2048,16384,2048,16,8,1048576,33,0,16145.056,16148.607,18077.760,1929.152,PASS,0
p19_d1_N16384_q16_rep5,1,4,1,sm_89,D1_PUSHSIG_OVERLAP,NVSHMEM,C0_DEFAULT,2048,16384,2048,16,9,1048576,33,0,18103.168,18106.721,20035.682,1928.960,PASS,0
p19_d1_N16384_q16_rep5,1,4,1,sm_89,D1_PUSHSIG_OVERLAP,NVSHMEM,C0_DEFAULT,2048,16384,2048,16,10,1048576,33,0,20061.504,20065.121,21993.312,1928.192,PASS,0
p19_d1_N16384_q16_rep5,1,4,1,sm_89,D1_PUSHSIG_OVERLAP,NVSHMEM,C0_DEFAULT,2048,16384,2048,16,11,1048576,33,0,22018.943,22022.561,23951.041,1928.480,PASS,0
p19_d1_N16384_q16_rep5,1,4,1,sm_89,D1_PUSHSIG_OVERLAP,NVSHMEM,C0_DEFAULT,2048,16384,2048,16,12,1048576,33,0,23976.801,23980.385,25910.303,1929.920,PASS,0
p19_d1_N16384_q16_rep5,1,4,1,sm_89,D1_PUSHSIG_OVERLAP,NVSHMEM,C0_DEFAULT,2048,16384,2048,16,13,1048576,33,0,25936.191,25939.809,27872.607,1932.800,PASS,0
p19_d1_N16384_q16_rep5,1,4,1,sm_89,D1_PUSHSIG_OVERLAP,NVSHMEM,C0_DEFAULT,2048,16384,2048,16,14,1048576,33,0,27898.752,27902.369,29830.496,1928.128,PASS,0
p19_d1_N16384_q16_rep5,1,4,1,sm_89,D1_PUSHSIG_OVERLAP,NVSHMEM,C0_DEFAULT,2048,16384,2048,16,15,1048576,33,0,29856.160,29859.742,31790.176,1930.432,PASS,0
p19_d1_N16384_q16_rep5,1,4,1,sm_89,D1_PUSHSIG_OVERLAP,NVSHMEM,C0_DEFAULT,2048,16384,2048,16,0,1048576,34,0,378.624,382.144,2320.160,1938.016,PASS,0
p19_d1_N16384_q16_rep5,1,4,1,sm_89,D1_PUSHSIG_OVERLAP,NVSHMEM,C0_DEFAULT,2048,16384,2048,16,1,1048576,34,0,2362.464,2366.112,4313.920,1947.808,PASS,0
p19_d1_N16384_q16_rep5,1,4,1,sm_89,D1_PUSHSIG_OVERLAP,NVSHMEM,C0_DEFAULT,2048,16384,2048,16,2,1048576,34,0,4350.592,4354.176,6295.872,1941.696,PASS,0
p19_d1_N16384_q16_rep5,1,4,1,sm_89,D1_PUSHSIG_OVERLAP,NVSHMEM,C0_DEFAULT,2048,16384,2048,16,3,1048576,34,0,6334.464,6338.720,8268.896,1930.176,PASS,0
p19_d1_N16384_q16_rep5,1,4,1,sm_89,D1_PUSHSIG_OVERLAP,NVSHMEM,C0_DEFAULT,2048,16384,2048,16,4,1048576,34,0,8294.688,8298.561,10229.024,1930.464,PASS,0
p19_d1_N16384_q16_rep5,1,4,1,sm_89,D1_PUSHSIG_OVERLAP,NVSHMEM,C0_DEFAULT,2048,16384,2048,16,5,1048576,34,0,10254.912,10258.496,12187.456,1928.960,PASS,0
p19_d1_N16384_q16_rep5,1,4,1,sm_89,D1_PUSHSIG_OVERLAP,NVSHMEM,C0_DEFAULT,2048,16384,2048,16,6,1048576,34,0,12213.312,12216.896,14145.729,1928.832,PASS,0
p19_d1_N16384_q16_rep5,1,4,1,sm_89,D1_PUSHSIG_OVERLAP,NVSHMEM,C0_DEFAULT,2048,16384,2048,16,7,1048576,34,0,14171.327,14174.944,16102.783,1927.840,PASS,0
p19_d1_N16384_q16_rep5,1,4,1,sm_89,D1_PUSHSIG_OVERLAP,NVSHMEM,C0_DEFAULT,2048,16384,2048,16,8,1048576,34,0,16128.896,16132.480,18061.439,1928.960,PASS,0
p19_d1_N16384_q16_rep5,1,4,1,sm_89,D1_PUSHSIG_OVERLAP,NVSHMEM,C0_DEFAULT,2048,16384,2048,16,9,1048576,34,0,18087.648,18091.232,20018.305,1927.072,PASS,0
p19_d1_N16384_q16_rep5,1,4,1,sm_89,D1_PUSHSIG_OVERLAP,NVSHMEM,C0_DEFAULT,2048,16384,2048,16,10,1048576,34,0,20043.904,20047.486,21976.287,1928.800,PASS,0
p19_d1_N16384_q16_rep5,1,4,1,sm_89,D1_PUSHSIG_OVERLAP,NVSHMEM,C0_DEFAULT,2048,16384,2048,16,11,1048576,34,0,22002.111,22005.695,23935.426,1929.728,PASS,0
p19_d1_N16384_q16_rep5,1,4,1,sm_89,D1_PUSHSIG_OVERLAP,NVSHMEM,C0_DEFAULT,2048,16384,2048,16,12,1048576,34,0,23961.760,23965.344,25896.127,1930.784,PASS,0
p19_d1_N16384_q16_rep5,1,4,1,sm_89,D1_PUSHSIG_OVERLAP,NVSHMEM,C0_DEFAULT,2048,16384,2048,16,13,1048576,34,0,25921.984,25925.568,27855.809,1930.240,PASS,0
p19_d1_N16384_q16_rep5,1,4,1,sm_89,D1_PUSHSIG_OVERLAP,NVSHMEM,C0_DEFAULT,2048,16384,2048,16,14,1048576,34,0,27881.633,27885.184,29813.535,1928.352,PASS,0
p19_d1_N16384_q16_rep5,1,4,1,sm_89,D1_PUSHSIG_OVERLAP,NVSHMEM,C0_DEFAULT,2048,16384,2048,16,15,1048576,34,0,29839.646,29843.230,31771.521,1928.288,PASS,0
p19_d1_N16384_q16_rep5,1,4,1,sm_89,D1_PUSHSIG_OVERLAP,NVSHMEM,C0_DEFAULT,2048,16384,2048,16,0,1048576,35,0,391.040,396.544,2334.848,1938.304,PASS,0
p19_d1_N16384_q16_rep5,1,4,1,sm_89,D1_PUSHSIG_OVERLAP,NVSHMEM,C0_DEFAULT,2048,16384,2048,16,1,1048576,35,0,2375.008,2378.592,4320.064,1941.472,PASS,0
p19_d1_N16384_q16_rep5,1,4,1,sm_89,D1_PUSHSIG_OVERLAP,NVSHMEM,C0_DEFAULT,2048,16384,2048,16,2,1048576,35,0,4361.568,4365.056,6301.920,1936.864,PASS,0
p19_d1_N16384_q16_rep5,1,4,1,sm_89,D1_PUSHSIG_OVERLAP,NVSHMEM,C0_DEFAULT,2048,16384,2048,16,3,1048576,35,0,6340.800,6346.912,8278.240,1931.328,PASS,0
p19_d1_N16384_q16_rep5,1,4,1,sm_89,D1_PUSHSIG_OVERLAP,NVSHMEM,C0_DEFAULT,2048,16384,2048,16,4,1048576,35,0,8304.384,8307.968,10237.024,1929.056,PASS,0
p19_d1_N16384_q16_rep5,1,4,1,sm_89,D1_PUSHSIG_OVERLAP,NVSHMEM,C0_DEFAULT,2048,16384,2048,16,5,1048576,35,0,10262.848,10266.464,12195.809,1929.344,PASS,0
p19_d1_N16384_q16_rep5,1,4,1,sm_89,D1_PUSHSIG_OVERLAP,NVSHMEM,C0_DEFAULT,2048,16384,2048,16,6,1048576,35,0,12221.920,12225.504,14155.809,1930.304,PASS,0
p19_d1_N16384_q16_rep5,1,4,1,sm_89,D1_PUSHSIG_OVERLAP,NVSHMEM,C0_DEFAULT,2048,16384,2048,16,7,1048576,35,0,14181.632,14185.152,16114.208,1929.056,PASS,0
p19_d1_N16384_q16_rep5,1,4,1,sm_89,D1_PUSHSIG_OVERLAP,NVSHMEM,C0_DEFAULT,2048,16384,2048,16,8,1048576,35,0,16140.287,16144.225,18071.520,1927.296,PASS,0
p19_d1_N16384_q16_rep5,1,4,1,sm_89,D1_PUSHSIG_OVERLAP,NVSHMEM,C0_DEFAULT,2048,16384,2048,16,9,1048576,35,0,18097.121,18100.832,20029.535,1928.704,PASS,0
p19_d1_N16384_q16_rep5,1,4,1,sm_89,D1_PUSHSIG_OVERLAP,NVSHMEM,C0_DEFAULT,2048,16384,2048,16,10,1048576,35,0,20055.617,20059.201,21990.047,1930.848,PASS,0
p19_d1_N16384_q16_rep5,1,4,1,sm_89,D1_PUSHSIG_OVERLAP,NVSHMEM,C0_DEFAULT,2048,16384,2048,16,11,1048576,35,0,22016.416,22020.000,23949.729,1929.728,PASS,0
p19_d1_N16384_q16_rep5,1,4,1,sm_89,D1_PUSHSIG_OVERLAP,NVSHMEM,C0_DEFAULT,2048,16384,2048,16,12,1048576,35,0,23975.807,23979.391,25906.752,1927.360,PASS,0
p19_d1_N16384_q16_rep5,1,4,1,sm_89,D1_PUSHSIG_OVERLAP,NVSHMEM,C0_DEFAULT,2048,16384,2048,16,13,1048576,35,0,25932.576,25936.191,27865.631,1929.440,PASS,0
p19_d1_N16384_q16_rep5,1,4,1,sm_89,D1_PUSHSIG_OVERLAP,NVSHMEM,C0_DEFAULT,2048,16384,2048,16,14,1048576,35,0,27891.520,27895.041,29823.584,1928.544,PASS,0
p19_d1_N16384_q16_rep5,1,4,1,sm_89,D1_PUSHSIG_OVERLAP,NVSHMEM,C0_DEFAULT,2048,16384,2048,16,15,1048576,35,0,29849.439,29853.023,31781.025,1928.000,PASS,0
p19_d1_N16384_q16_rep5,1,4,1,sm_89,D1_PUSHSIG_OVERLAP,NVSHMEM,C0_DEFAULT,2048,16384,2048,16,0,1048576,36,0,382.912,386.464,2324.384,1937.920,PASS,0
p19_d1_N16384_q16_rep5,1,4,1,sm_89,D1_PUSHSIG_OVERLAP,NVSHMEM,C0_DEFAULT,2048,16384,2048,16,1,1048576,36,0,2364.224,2367.904,4308.128,1940.224,PASS,0
p19_d1_N16384_q16_rep5,1,4,1,sm_89,D1_PUSHSIG_OVERLAP,NVSHMEM,C0_DEFAULT,2048,16384,2048,16,2,1048576,36,0,4350.656,4354.720,6297.632,1942.912,PASS,0
p19_d1_N16384_q16_rep5,1,4,1,sm_89,D1_PUSHSIG_OVERLAP,NVSHMEM,C0_DEFAULT,2048,16384,2048,16,3,1048576,36,0,6340.288,6345.568,8277.536,1931.968,PASS,0
p19_d1_N16384_q16_rep5,1,4,1,sm_89,D1_PUSHSIG_OVERLAP,NVSHMEM,C0_DEFAULT,2048,16384,2048,16,4,1048576,36,0,8303.648,8307.231,10238.017,1930.784,PASS,0
p19_d1_N16384_q16_rep5,1,4,1,sm_89,D1_PUSHSIG_OVERLAP,NVSHMEM,C0_DEFAULT,2048,16384,2048,16,5,1048576,36,0,10264.224,10267.841,12197.952,1930.112,PASS,0
p19_d1_N16384_q16_rep5,1,4,1,sm_89,D1_PUSHSIG_OVERLAP,NVSHMEM,C0_DEFAULT,2048,16384,2048,16,6,1048576,36,0,12224.032,12227.647,14159.487,1931.840,PASS,0
p19_d1_N16384_q16_rep5,1,4,1,sm_89,D1_PUSHSIG_OVERLAP,NVSHMEM,C0_DEFAULT,2048,16384,2048,16,7,1048576,36,0,14185.344,14188.960,16117.760,1928.800,PASS,0
p19_d1_N16384_q16_rep5,1,4,1,sm_89,D1_PUSHSIG_OVERLAP,NVSHMEM,C0_DEFAULT,2048,16384,2048,16,8,1048576,36,0,16143.615,16147.232,18076.480,1929.248,PASS,0
p19_d1_N16384_q16_rep5,1,4,1,sm_89,D1_PUSHSIG_OVERLAP,NVSHMEM,C0_DEFAULT,2048,16384,2048,16,9,1048576,36,0,18102.207,18105.791,20034.879,1929.088,PASS,0
p19_d1_N16384_q16_rep5,1,4,1,sm_89,D1_PUSHSIG_OVERLAP,NVSHMEM,C0_DEFAULT,2048,16384,2048,16,10,1048576,36,0,20060.992,20064.574,21994.080,1929.504,PASS,0
p19_d1_N16384_q16_rep5,1,4,1,sm_89,D1_PUSHSIG_OVERLAP,NVSHMEM,C0_DEFAULT,2048,16384,2048,16,11,1048576,36,0,22019.199,22022.783,23952.672,1929.888,PASS,0
p19_d1_N16384_q16_rep5,1,4,1,sm_89,D1_PUSHSIG_OVERLAP,NVSHMEM,C0_DEFAULT,2048,16384,2048,16,12,1048576,36,0,23979.041,23982.592,25911.393,1928.800,PASS,0
p19_d1_N16384_q16_rep5,1,4,1,sm_89,D1_PUSHSIG_OVERLAP,NVSHMEM,C0_DEFAULT,2048,16384,2048,16,13,1048576,36,0,25937.215,25940.799,27868.193,1927.392,PASS,0
p19_d1_N16384_q16_rep5,1,4,1,sm_89,D1_PUSHSIG_OVERLAP,NVSHMEM,C0_DEFAULT,2048,16384,2048,16,14,1048576,36,0,27894.049,27897.633,29826.945,1929.312,PASS,0
p19_d1_N16384_q16_rep5,1,4,1,sm_89,D1_PUSHSIG_OVERLAP,NVSHMEM,C0_DEFAULT,2048,16384,2048,16,15,1048576,36,0,29852.832,29856.416,31785.695,1929.280,PASS,0
p19_d1_N16384_q16_rep5,1,4,1,sm_89,D1_PUSHSIG_OVERLAP,NVSHMEM,C0_DEFAULT,2048,16384,2048,16,0,1048576,37,0,387.904,391.360,2332.160,1940.800,PASS,0
p19_d1_N16384_q16_rep5,1,4,1,sm_89,D1_PUSHSIG_OVERLAP,NVSHMEM,C0_DEFAULT,2048,16384,2048,16,1,1048576,37,0,2377.184,2381.088,4318.592,1937.504,PASS,0
p19_d1_N16384_q16_rep5,1,4,1,sm_89,D1_PUSHSIG_OVERLAP,NVSHMEM,C0_DEFAULT,2048,16384,2048,16,2,1048576,37,0,4356.416,4360.512,6304.704,1944.192,PASS,0
p19_d1_N16384_q16_rep5,1,4,1,sm_89,D1_PUSHSIG_OVERLAP,NVSHMEM,C0_DEFAULT,2048,16384,2048,16,3,1048576,37,0,6343.264,6346.848,8276.479,1929.632,PASS,0
p19_d1_N16384_q16_rep5,1,4,1,sm_89,D1_PUSHSIG_OVERLAP,NVSHMEM,C0_DEFAULT,2048,16384,2048,16,4,1048576,37,0,8301.983,8305.601,10234.912,1929.312,PASS,0
p19_d1_N16384_q16_rep5,1,4,1,sm_89,D1_PUSHSIG_OVERLAP,NVSHMEM,C0_DEFAULT,2048,16384,2048,16,5,1048576,37,0,10260.672,10264.224,12193.568,1929.344,PASS,0
p19_d1_N16384_q16_rep5,1,4,1,sm_89,D1_PUSHSIG_OVERLAP,NVSHMEM,C0_DEFAULT,2048,16384,2048,16,6,1048576,37,0,12219.360,12222.944,14152.416,1929.472,PASS,0
p19_d1_N16384_q16_rep5,1,4,1,sm_89,D1_PUSHSIG_OVERLAP,NVSHMEM,C0_DEFAULT,2048,16384,2048,16,7,1048576,37,0,14178.080,14181.664,16109.535,1927.872,PASS,0
p19_d1_N16384_q16_rep5,1,4,1,sm_89,D1_PUSHSIG_OVERLAP,NVSHMEM,C0_DEFAULT,2048,16384,2048,16,8,1048576,37,0,16134.880,16138.464,18068.928,1930.464,PASS,0
p19_d1_N16384_q16_rep5,1,4,1,sm_89,D1_PUSHSIG_OVERLAP,NVSHMEM,C0_DEFAULT,2048,16384,2048,16,9,1048576,37,0,18094.336,18097.951,20027.680,1929.728,PASS,0
p19_d1_N16384_q16_rep5,1,4,1,sm_89,D1_PUSHSIG_OVERLAP,NVSHMEM,C0_DEFAULT,2048,16384,2048,16,10,1048576,37,0,20053.248,20056.832,21986.816,1929.984,PASS,0
p19_d1_N16384_q16_rep5,1,4,1,sm_89,D1_PUSHSIG_OVERLAP,NVSHMEM,C0_DEFAULT,2048,16384,2048,16,11,1048576,37,0,22012.641,22016.225,23944.736,1928.512,PASS,0
p19_d1_N16384_q16_rep5,1,4,1,sm_89,D1_PUSHSIG_OVERLAP,NVSHMEM,C0_DEFAULT,2048,16384,2048,16,12,1048576,37,0,23970.271,23973.855,25902.240,1928.384,PASS,0
p19_d1_N16384_q16_rep5,1,4,1,sm_89,D1_PUSHSIG_OVERLAP,NVSHMEM,C0_DEFAULT,2048,16384,2048,16,13,1048576,37,0,25928.160,25931.775,27862.047,1930.272,PASS,0
p19_d1_N16384_q16_rep5,1,4,1,sm_89,D1_PUSHSIG_OVERLAP,NVSHMEM,C0_DEFAULT,2048,16384,2048,16,14,1048576,37,0,27887.648,27891.232,29820.096,1928.864,PASS,0
p19_d1_N16384_q16_rep5,1,4,1,sm_89,D1_PUSHSIG_OVERLAP,NVSHMEM,C0_DEFAULT,2048,16384,2048,16,15,1048576,37,0,29845.504,29849.152,31777.857,1928.704,PASS,0
p19_d1_N16384_q16_rep5,1,4,1,sm_89,D1_PUSHSIG_OVERLAP,NVSHMEM,C0_DEFAULT,2048,16384,2048,16,0,1048576,38,0,384.288,392.096,2328.992,1936.896,PASS,0
p19_d1_N16384_q16_rep5,1,4,1,sm_89,D1_PUSHSIG_OVERLAP,NVSHMEM,C0_DEFAULT,2048,16384,2048,16,1,1048576,38,0,2370.016,2375.360,4314.368,1939.008,PASS,0
p19_d1_N16384_q16_rep5,1,4,1,sm_89,D1_PUSHSIG_OVERLAP,NVSHMEM,C0_DEFAULT,2048,16384,2048,16,2,1048576,38,0,4351.968,4355.872,6294.080,1938.208,PASS,0
p19_d1_N16384_q16_rep5,1,4,1,sm_89,D1_PUSHSIG_OVERLAP,NVSHMEM,C0_DEFAULT,2048,16384,2048,16,3,1048576,38,0,6337.856,6341.376,8274.239,1932.864,PASS,0
p19_d1_N16384_q16_rep5,1,4,1,sm_89,D1_PUSHSIG_OVERLAP,NVSHMEM,C0_DEFAULT,2048,16384,2048,16,4,1048576,38,0,8299.872,8303.552,10233.856,1930.304,PASS,0
p19_d1_N16384_q16_rep5,1,4,1,sm_89,D1_PUSHSIG_OVERLAP,NVSHMEM,C0_DEFAULT,2048,16384,2048,16,5,1048576,38,0,10259.937,10263.521,12192.832,1929.312,PASS,0
p19_d1_N16384_q16_rep5,1,4,1,sm_89,D1_PUSHSIG_OVERLAP,NVSHMEM,C0_DEFAULT,2048,16384,2048,16,6,1048576,38,0,12218.464,12222.048,14149.376,1927.328,PASS,0
p19_d1_N16384_q16_rep5,1,4,1,sm_89,D1_PUSHSIG_OVERLAP,NVSHMEM,C0_DEFAULT,2048,16384,2048,16,7,1048576,38,0,14175.200,14178.784,16107.712,1928.928,PASS,0
p19_d1_N16384_q16_rep5,1,4,1,sm_89,D1_PUSHSIG_OVERLAP,NVSHMEM,C0_DEFAULT,2048,16384,2048,16,8,1048576,38,0,16134.049,16137.633,18066.496,1928.864,PASS,0
p19_d1_N16384_q16_rep5,1,4,1,sm_89,D1_PUSHSIG_OVERLAP,NVSHMEM,C0_DEFAULT,2048,16384,2048,16,9,1048576,38,0,18092.574,18096.129,20027.617,1931.488,PASS,0
p19_d1_N16384_q16_rep5,1,4,1,sm_89,D1_PUSHSIG_OVERLAP,NVSHMEM,C0_DEFAULT,2048,16384,2048,16,10,1048576,38,0,20053.439,20057.023,21985.344,1928.320,PASS,0
p19_d1_N16384_q16_rep5,1,4,1,sm_89,D1_PUSHSIG_OVERLAP,NVSHMEM,C0_DEFAULT,2048,16384,2048,16,11,1048576,38,0,22011.393,22014.977,23943.936,1928.960,PASS,0
p19_d1_N16384_q16_rep5,1,4,1,sm_89,D1_PUSHSIG_OVERLAP,NVSHMEM,C0_DEFAULT,2048,16384,2048,16,12,1048576,38,0,23969.791,23973.375,25899.424,1926.048,PASS,0
p19_d1_N16384_q16_rep5,1,4,1,sm_89,D1_PUSHSIG_OVERLAP,NVSHMEM,C0_DEFAULT,2048,16384,2048,16,13,1048576,38,0,25925.760,25929.344,27858.783,1929.440,PASS,0
p19_d1_N16384_q16_rep5,1,4,1,sm_89,D1_PUSHSIG_OVERLAP,NVSHMEM,C0_DEFAULT,2048,16384,2048,16,14,1048576,38,0,27884.672,27888.256,29816.863,1928.608,PASS,0
p19_d1_N16384_q16_rep5,1,4,1,sm_89,D1_PUSHSIG_OVERLAP,NVSHMEM,C0_DEFAULT,2048,16384,2048,16,15,1048576,38,0,29843.008,29846.592,31775.553,1928.960,PASS,0
p19_d1_N16384_q16_rep5,1,4,1,sm_89,D1_PUSHSIG_OVERLAP,NVSHMEM,C0_DEFAULT,2048,16384,2048,16,0,1048576,39,0,372.160,379.104,2324.512,1945.408,PASS,0
p19_d1_N16384_q16_rep5,1,4,1,sm_89,D1_PUSHSIG_OVERLAP,NVSHMEM,C0_DEFAULT,2048,16384,2048,16,1,1048576,39,0,2367.360,2370.976,4318.144,1947.168,PASS,0
p19_d1_N16384_q16_rep5,1,4,1,sm_89,D1_PUSHSIG_OVERLAP,NVSHMEM,C0_DEFAULT,2048,16384,2048,16,2,1048576,39,0,4359.392,4363.584,6306.240,1942.656,PASS,0
p19_d1_N16384_q16_rep5,1,4,1,sm_89,D1_PUSHSIG_OVERLAP,NVSHMEM,C0_DEFAULT,2048,16384,2048,16,3,1048576,39,0,6344.256,6347.904,8279.072,1931.168,PASS,0
p19_d1_N16384_q16_rep5,1,4,1,sm_89,D1_PUSHSIG_OVERLAP,NVSHMEM,C0_DEFAULT,2048,16384,2048,16,4,1048576,39,0,8305.728,8309.312,10239.521,1930.208,PASS,0
p19_d1_N16384_q16_rep5,1,4,1,sm_89,D1_PUSHSIG_OVERLAP,NVSHMEM,C0_DEFAULT,2048,16384,2048,16,5,1048576,39,0,10265.601,10269.312,12199.647,1930.336,PASS,0
p19_d1_N16384_q16_rep5,1,4,1,sm_89,D1_PUSHSIG_OVERLAP,NVSHMEM,C0_DEFAULT,2048,16384,2048,16,6,1048576,39,0,12225.536,12229.120,14159.136,1930.016,PASS,0
p19_d1_N16384_q16_rep5,1,4,1,sm_89,D1_PUSHSIG_OVERLAP,NVSHMEM,C0_DEFAULT,2048,16384,2048,16,7,1048576,39,0,14185.280,14188.896,16119.936,1931.040,PASS,0
p19_d1_N16384_q16_rep5,1,4,1,sm_89,D1_PUSHSIG_OVERLAP,NVSHMEM,C0_DEFAULT,2048,16384,2048,16,8,1048576,39,0,16145.664,16149.280,18077.664,1928.384,PASS,0
p19_d1_N16384_q16_rep5,1,4,1,sm_89,D1_PUSHSIG_OVERLAP,NVSHMEM,C0_DEFAULT,2048,16384,2048,16,9,1048576,39,0,18103.680,18107.230,20036.736,1929.504,PASS,0
p19_d1_N16384_q16_rep5,1,4,1,sm_89,D1_PUSHSIG_OVERLAP,NVSHMEM,C0_DEFAULT,2048,16384,2048,16,10,1048576,39,0,20062.623,20066.176,21995.904,1929.728,PASS,0
p19_d1_N16384_q16_rep5,1,4,1,sm_89,D1_PUSHSIG_OVERLAP,NVSHMEM,C0_DEFAULT,2048,16384,2048,16,11,1048576,39,0,22021.762,22025.312,23953.568,1928.256,PASS,0
p19_d1_N16384_q16_rep5,1,4,1,sm_89,D1_PUSHSIG_OVERLAP,NVSHMEM,C0_DEFAULT,2048,16384,2048,16,12,1048576,39,0,23979.232,23983.168,25912.545,1929.376,PASS,0
p19_d1_N16384_q16_rep5,1,4,1,sm_89,D1_PUSHSIG_OVERLAP,NVSHMEM,C0_DEFAULT,2048,16384,2048,16,13,1048576,39,0,25938.527,25942.111,27871.135,1929.024,PASS,0
p19_d1_N16384_q16_rep5,1,4,1,sm_89,D1_PUSHSIG_OVERLAP,NVSHMEM,C0_DEFAULT,2048,16384,2048,16,14,1048576,39,0,27896.992,27900.576,29827.969,1927.392,PASS,0
p19_d1_N16384_q16_rep5,1,4,1,sm_89,D1_PUSHSIG_OVERLAP,NVSHMEM,C0_DEFAULT,2048,16384,2048,16,15,1048576,39,0,29853.824,29857.408,31788.576,1931.168,PASS,0
p19_d1_N16384_q16_rep5,1,4,1,sm_89,D1_PUSHSIG_OVERLAP,NVSHMEM,C0_DEFAULT,2048,16384,2048,16,0,1048576,40,0,386.144,390.400,2334.176,1943.776,PASS,0
p19_d1_N16384_q16_rep5,1,4,1,sm_89,D1_PUSHSIG_OVERLAP,NVSHMEM,C0_DEFAULT,2048,16384,2048,16,1,1048576,40,0,2370.048,2374.240,4316.320,1942.080,PASS,0
p19_d1_N16384_q16_rep5,1,4,1,sm_89,D1_PUSHSIG_OVERLAP,NVSHMEM,C0_DEFAULT,2048,16384,2048,16,2,1048576,40,0,4353.376,4357.024,6298.592,1941.568,PASS,0
p19_d1_N16384_q16_rep5,1,4,1,sm_89,D1_PUSHSIG_OVERLAP,NVSHMEM,C0_DEFAULT,2048,16384,2048,16,3,1048576,40,0,6342.112,6349.632,8279.872,1930.240,PASS,0
p19_d1_N16384_q16_rep5,1,4,1,sm_89,D1_PUSHSIG_OVERLAP,NVSHMEM,C0_DEFAULT,2048,16384,2048,16,4,1048576,40,0,8305.952,8309.536,10238.240,1928.704,PASS,0
p19_d1_N16384_q16_rep5,1,4,1,sm_89,D1_PUSHSIG_OVERLAP,NVSHMEM,C0_DEFAULT,2048,16384,2048,16,5,1048576,40,0,10264.097,10267.680,12197.216,1929.536,PASS,0
p19_d1_N16384_q16_rep5,1,4,1,sm_89,D1_PUSHSIG_OVERLAP,NVSHMEM,C0_DEFAULT,2048,16384,2048,16,6,1048576,40,0,12223.296,12226.944,14157.376,1930.432,PASS,0
p19_d1_N16384_q16_rep5,1,4,1,sm_89,D1_PUSHSIG_OVERLAP,NVSHMEM,C0_DEFAULT,2048,16384,2048,16,7,1048576,40,0,14183.488,14187.072,16116.801,1929.728,PASS,0
p19_d1_N16384_q16_rep5,1,4,1,sm_89,D1_PUSHSIG_OVERLAP,NVSHMEM,C0_DEFAULT,2048,16384,2048,16,8,1048576,40,0,16142.656,16146.240,18075.584,1929.344,PASS,0
p19_d1_N16384_q16_rep5,1,4,1,sm_89,D1_PUSHSIG_OVERLAP,NVSHMEM,C0_DEFAULT,2048,16384,2048,16,9,1048576,40,0,18101.441,18105.119,20035.648,1930.528,PASS,0
p19_d1_N16384_q16_rep5,1,4,1,sm_89,D1_PUSHSIG_OVERLAP,NVSHMEM,C0_DEFAULT,2048,16384,2048,16,10,1048576,40,0,20061.504,20065.057,21994.656,1929.600,PASS,0
p19_d1_N16384_q16_rep5,1,4,1,sm_89,D1_PUSHSIG_OVERLAP,NVSHMEM,C0_DEFAULT,2048,16384,2048,16,11,1048576,40,0,22020.545,22024.289,23954.016,1929.728,PASS,0
p19_d1_N16384_q16_rep5,1,4,1,sm_89,D1_PUSHSIG_OVERLAP,NVSHMEM,C0_DEFAULT,2048,16384,2048,16,12,1048576,40,0,23980.127,23983.711,25912.801,1929.088,PASS,0
p19_d1_N16384_q16_rep5,1,4,1,sm_89,D1_PUSHSIG_OVERLAP,NVSHMEM,C0_DEFAULT,2048,16384,2048,16,13,1048576,40,0,25938.688,25942.271,27872.225,1929.952,PASS,0
p19_d1_N16384_q16_rep5,1,4,1,sm_89,D1_PUSHSIG_OVERLAP,NVSHMEM,C0_DEFAULT,2048,16384,2048,16,14,1048576,40,0,27898.049,27901.633,29830.912,1929.280,PASS,0
p19_d1_N16384_q16_rep5,1,4,1,sm_89,D1_PUSHSIG_OVERLAP,NVSHMEM,C0_DEFAULT,2048,16384,2048,16,15,1048576,40,0,29856.801,29860.416,31793.023,1932.608,PASS,0
p19_d1_N16384_q16_rep5,1,4,1,sm_89,D1_PUSHSIG_OVERLAP,NVSHMEM,C0_DEFAULT,2048,16384,2048,16,0,1048576,41,0,396.096,400.384,2340.448,1940.064,PASS,0
p19_d1_N16384_q16_rep5,1,4,1,sm_89,D1_PUSHSIG_OVERLAP,NVSHMEM,C0_DEFAULT,2048,16384,2048,16,1,1048576,41,0,2384.896,2388.576,4333.792,1945.216,PASS,0
p19_d1_N16384_q16_rep5,1,4,1,sm_89,D1_PUSHSIG_OVERLAP,NVSHMEM,C0_DEFAULT,2048,16384,2048,16,2,1048576,41,0,4369.280,4372.864,6313.856,1940.992,PASS,0
p19_d1_N16384_q16_rep5,1,4,1,sm_89,D1_PUSHSIG_OVERLAP,NVSHMEM,C0_DEFAULT,2048,16384,2048,16,3,1048576,41,0,6356.576,6360.160,8290.465,1930.304,PASS,0
p19_d1_N16384_q16_rep5,1,4,1,sm_89,D1_PUSHSIG_OVERLAP,NVSHMEM,C0_DEFAULT,2048,16384,2048,16,4,1048576,41,0,8316.097,8319.616,10248.992,1929.376,PASS,0
p19_d1_N16384_q16_rep5,1,4,1,sm_89,D1_PUSHSIG_OVERLAP,NVSHMEM,C0_DEFAULT,2048,16384,2048,16,5,1048576,41,0,10274.496,10278.464,12208.896,1930.432,PASS,0
p19_d1_N16384_q16_rep5,1,4,1,sm_89,D1_PUSHSIG_OVERLAP,NVSHMEM,C0_DEFAULT,2048,16384,2048,16,6,1048576,41,0,12234.976,12238.560,14167.872,1929.312,PASS,0
p19_d1_N16384_q16_rep5,1,4,1,sm_89,D1_PUSHSIG_OVERLAP,NVSHMEM,C0_DEFAULT,2048,16384,2048,16,7,1048576,41,0,14193.760,14197.344,16126.465,1929.120,PASS,0
p19_d1_N16384_q16_rep5,1,4,1,sm_89,D1_PUSHSIG_OVERLAP,NVSHMEM,C0_DEFAULT,2048,16384,2048,16,8,1048576,41,0,16152.256,16155.840,18086.465,1930.624,PASS,0
p19_d1_N16384_q16_rep5,1,4,1,sm_89,D1_PUSHSIG_OVERLAP,NVSHMEM,C0_DEFAULT,2048,16384,2048,16,9,1048576,41,0,18112.287,18116.031,20047.744,1931.712,PASS,0
p19_d1_N16384_q16_rep5,1,4,1,sm_89,D1_PUSHSIG_OVERLAP,NVSHMEM,C0_DEFAULT,2048,16384,2048,16,10,1048576,41,0,20073.312,20076.896,22006.656,1929.760,PASS,0
p19_d1_N16384_q16_rep5,1,4,1,sm_89,D1_PUSHSIG_OVERLAP,NVSHMEM,C0_DEFAULT,2048,16384,2048,16,11,1048576,41,0,22032.352,22035.871,23968.736,1932.864,PASS,0
p19_d1_N16384_q16_rep5,1,4,1,sm_89,D1_PUSHSIG_OVERLAP,NVSHMEM,C0_DEFAULT,2048,16384,2048,16,12,1048576,41,0,23993.984,23997.568,25925.729,1928.160,PASS,0
p19_d1_N16384_q16_rep5,1,4,1,sm_89,D1_PUSHSIG_OVERLAP,NVSHMEM,C0_DEFAULT,2048,16384,2048,16,13,1048576,41,0,25951.328,25954.912,27883.520,1928.608,PASS,0
p19_d1_N16384_q16_rep5,1,4,1,sm_89,D1_PUSHSIG_OVERLAP,NVSHMEM,C0_DEFAULT,2048,16384,2048,16,14,1048576,41,0,27909.311,27912.865,29842.496,1929.632,PASS,0
p19_d1_N16384_q16_rep5,1,4,1,sm_89,D1_PUSHSIG_OVERLAP,NVSHMEM,C0_DEFAULT,2048,16384,2048,16,15,1048576,41,0,29868.160,29871.744,31799.809,1928.064,PASS,0
p19_d1_N16384_q16_rep5,1,4,1,sm_89,D1_PUSHSIG_OVERLAP,NVSHMEM,C0_DEFAULT,2048,16384,2048,16,0,1048576,42,0,378.784,385.216,2332.992,1947.776,PASS,0
p19_d1_N16384_q16_rep5,1,4,1,sm_89,D1_PUSHSIG_OVERLAP,NVSHMEM,C0_DEFAULT,2048,16384,2048,16,1,1048576,42,0,2372.640,2376.416,4317.472,1941.056,PASS,0
p19_d1_N16384_q16_rep5,1,4,1,sm_89,D1_PUSHSIG_OVERLAP,NVSHMEM,C0_DEFAULT,2048,16384,2048,16,2,1048576,42,0,4357.312,4362.528,6301.184,1938.656,PASS,0
p19_d1_N16384_q16_rep5,1,4,1,sm_89,D1_PUSHSIG_OVERLAP,NVSHMEM,C0_DEFAULT,2048,16384,2048,16,3,1048576,42,0,6336.576,6341.184,8271.231,1930.048,PASS,0
p19_d1_N16384_q16_rep5,1,4,1,sm_89,D1_PUSHSIG_OVERLAP,NVSHMEM,C0_DEFAULT,2048,16384,2048,16,4,1048576,42,0,8297.120,8300.896,10229.952,1929.056,PASS,0
p19_d1_N16384_q16_rep5,1,4,1,sm_89,D1_PUSHSIG_OVERLAP,NVSHMEM,C0_DEFAULT,2048,16384,2048,16,5,1048576,42,0,10256.384,10259.968,12189.855,1929.888,PASS,0
p19_d1_N16384_q16_rep5,1,4,1,sm_89,D1_PUSHSIG_OVERLAP,NVSHMEM,C0_DEFAULT,2048,16384,2048,16,6,1048576,42,0,12215.647,12219.200,14147.647,1928.448,PASS,0
p19_d1_N16384_q16_rep5,1,4,1,sm_89,D1_PUSHSIG_OVERLAP,NVSHMEM,C0_DEFAULT,2048,16384,2048,16,7,1048576,42,0,14173.792,14177.345,16107.008,1929.664,PASS,0
p19_d1_N16384_q16_rep5,1,4,1,sm_89,D1_PUSHSIG_OVERLAP,NVSHMEM,C0_DEFAULT,2048,16384,2048,16,8,1048576,42,0,16132.832,16136.448,18066.496,1930.048,PASS,0
p19_d1_N16384_q16_rep5,1,4,1,sm_89,D1_PUSHSIG_OVERLAP,NVSHMEM,C0_DEFAULT,2048,16384,2048,16,9,1048576,42,0,18092.352,18095.904,20025.375,1929.472,PASS,0
p19_d1_N16384_q16_rep5,1,4,1,sm_89,D1_PUSHSIG_OVERLAP,NVSHMEM,C0_DEFAULT,2048,16384,2048,16,10,1048576,42,0,20051.297,20054.881,21984.480,1929.600,PASS,0
p19_d1_N16384_q16_rep5,1,4,1,sm_89,D1_PUSHSIG_OVERLAP,NVSHMEM,C0_DEFAULT,2048,16384,2048,16,11,1048576,42,0,22010.369,22013.953,23942.367,1928.416,PASS,0
p19_d1_N16384_q16_rep5,1,4,1,sm_89,D1_PUSHSIG_OVERLAP,NVSHMEM,C0_DEFAULT,2048,16384,2048,16,12,1048576,42,0,23968.191,23971.775,25901.377,1929.600,PASS,0
p19_d1_N16384_q16_rep5,1,4,1,sm_89,D1_PUSHSIG_OVERLAP,NVSHMEM,C0_DEFAULT,2048,16384,2048,16,13,1048576,42,0,25927.264,25930.848,27859.742,1928.896,PASS,0
p19_d1_N16384_q16_rep5,1,4,1,sm_89,D1_PUSHSIG_OVERLAP,NVSHMEM,C0_DEFAULT,2048,16384,2048,16,14,1048576,42,0,27886.080,27889.695,29820.160,1930.464,PASS,0
p19_d1_N16384_q16_rep5,1,4,1,sm_89,D1_PUSHSIG_OVERLAP,NVSHMEM,C0_DEFAULT,2048,16384,2048,16,15,1048576,42,0,29846.016,29849.600,31777.439,1927.840,PASS,0
p19_d1_N16384_q16_rep5,1,4,1,sm_89,D1_PUSHSIG_OVERLAP,NVSHMEM,C0_DEFAULT,2048,16384,2048,16,0,1048576,43,0,384.480,392.416,2333.216,1940.800,PASS,0
p19_d1_N16384_q16_rep5,1,4,1,sm_89,D1_PUSHSIG_OVERLAP,NVSHMEM,C0_DEFAULT,2048,16384,2048,16,1,1048576,43,0,2373.472,2377.408,4320.320,1942.912,PASS,0
p19_d1_N16384_q16_rep5,1,4,1,sm_89,D1_PUSHSIG_OVERLAP,NVSHMEM,C0_DEFAULT,2048,16384,2048,16,2,1048576,43,0,4356.128,4359.648,6298.112,1938.464,PASS,0
p19_d1_N16384_q16_rep5,1,4,1,sm_89,D1_PUSHSIG_OVERLAP,NVSHMEM,C0_DEFAULT,2048,16384,2048,16,3,1048576,43,0,6338.048,6341.632,8271.776,1930.144,PASS,0
p19_d1_N16384_q16_rep5,1,4,1,sm_89,D1_PUSHSIG_OVERLAP,NVSHMEM,C0_DEFAULT,2048,16384,2048,16,4,1048576,43,0,8297.984,8301.568,10232.576,1931.008,PASS,0
p19_d1_N16384_q16_rep5,1,4,1,sm_89,D1_PUSHSIG_OVERLAP,NVSHMEM,C0_DEFAULT,2048,16384,2048,16,5,1048576,43,0,10258.433,10262.048,12193.536,1931.488,PASS,0
p19_d1_N16384_q16_rep5,1,4,1,sm_89,D1_PUSHSIG_OVERLAP,NVSHMEM,C0_DEFAULT,2048,16384,2048,16,6,1048576,43,0,12220.928,12224.544,14155.360,1930.816,PASS,0
p19_d1_N16384_q16_rep5,1,4,1,sm_89,D1_PUSHSIG_OVERLAP,NVSHMEM,C0_DEFAULT,2048,16384,2048,16,7,1048576,43,0,14181.504,14185.088,16113.792,1928.704,PASS,0
p19_d1_N16384_q16_rep5,1,4,1,sm_89,D1_PUSHSIG_OVERLAP,NVSHMEM,C0_DEFAULT,2048,16384,2048,16,8,1048576,43,0,16140.257,16143.841,18070.783,1926.944,PASS,0
p19_d1_N16384_q16_rep5,1,4,1,sm_89,D1_PUSHSIG_OVERLAP,NVSHMEM,C0_DEFAULT,2048,16384,2048,16,9,1048576,43,0,18096.705,18100.320,20028.033,1927.712,PASS,0
p19_d1_N16384_q16_rep5,1,4,1,sm_89,D1_PUSHSIG_OVERLAP,NVSHMEM,C0_DEFAULT,2048,16384,2048,16,10,1048576,43,0,20054.881,20058.465,21988.512,1930.048,PASS,0
p19_d1_N16384_q16_rep5,1,4,1,sm_89,D1_PUSHSIG_OVERLAP,NVSHMEM,C0_DEFAULT,2048,16384,2048,16,11,1048576,43,0,22014.592,22018.176,23945.922,1927.744,PASS,0
p19_d1_N16384_q16_rep5,1,4,1,sm_89,D1_PUSHSIG_OVERLAP,NVSHMEM,C0_DEFAULT,2048,16384,2048,16,12,1048576,43,0,23974.240,23977.855,25909.281,1931.424,PASS,0
p19_d1_N16384_q16_rep5,1,4,1,sm_89,D1_PUSHSIG_OVERLAP,NVSHMEM,C0_DEFAULT,2048,16384,2048,16,13,1048576,43,0,25937.344,25940.928,27872.959,1932.032,PASS,0
p19_d1_N16384_q16_rep5,1,4,1,sm_89,D1_PUSHSIG_OVERLAP,NVSHMEM,C0_DEFAULT,2048,16384,2048,16,14,1048576,43,0,27899.072,27903.072,29831.264,1928.192,PASS,0
p19_d1_N16384_q16_rep5,1,4,1,sm_89,D1_PUSHSIG_OVERLAP,NVSHMEM,C0_DEFAULT,2048,16384,2048,16,15,1048576,43,0,29857.377,29860.961,31789.215,1928.256,PASS,0
p19_d1_N16384_q16_rep5,1,4,1,sm_89,D1_PUSHSIG_OVERLAP,NVSHMEM,C0_DEFAULT,2048,16384,2048,16,0,1048576,44,0,381.248,387.584,2327.680,1940.096,PASS,0
p19_d1_N16384_q16_rep5,1,4,1,sm_89,D1_PUSHSIG_OVERLAP,NVSHMEM,C0_DEFAULT,2048,16384,2048,16,1,1048576,44,0,2366.912,2370.432,4308.032,1937.600,PASS,0
p19_d1_N16384_q16_rep5,1,4,1,sm_89,D1_PUSHSIG_OVERLAP,NVSHMEM,C0_DEFAULT,2048,16384,2048,16,2,1048576,44,0,4346.496,4350.080,6288.320,1938.240,PASS,0
p19_d1_N16384_q16_rep5,1,4,1,sm_89,D1_PUSHSIG_OVERLAP,NVSHMEM,C0_DEFAULT,2048,16384,2048,16,3,1048576,44,0,6329.600,6333.184,8263.072,1929.888,PASS,0
p19_d1_N16384_q16_rep5,1,4,1,sm_89,D1_PUSHSIG_OVERLAP,NVSHMEM,C0_DEFAULT,2048,16384,2048,16,4,1048576,44,0,8288.961,8292.544,10220.225,1927.680,PASS,0
p19_d1_N16384_q16_rep5,1,4,1,sm_89,D1_PUSHSIG_OVERLAP,NVSHMEM,C0_DEFAULT,2048,16384,2048,16,5,1048576,44,0,10246.336,10249.920,12178.561,1928.640,PASS,0
p19_d1_N16384_q16_rep5,1,4,1,sm_89,D1_PUSHSIG_OVERLAP,NVSHMEM,C0_DEFAULT,2048,16384,2048,16,6,1048576,44,0,12204.384,12208.064,14138.720,1930.656,PASS,0
p19_d1_N16384_q16_rep5,1,4,1,sm_89,D1_PUSHSIG_OVERLAP,NVSHMEM,C0_DEFAULT,2048,16384,2048,16,7,1048576,44,0,14164.800,14168.384,16097.376,1928.992,PASS,0
p19_d1_N16384_q16_rep5,1,4,1,sm_89,D1_PUSHSIG_OVERLAP,NVSHMEM,C0_DEFAULT,2048,16384,2048,16,8,1048576,44,0,16123.680,16127.264,18056.832,1929.568,PASS,0
p19_d1_N16384_q16_rep5,1,4,1,sm_89,D1_PUSHSIG_OVERLAP,NVSHMEM,C0_DEFAULT,2048,16384,2048,16,9,1048576,44,0,18089.793,18093.408,20023.486,1930.080,PASS,0
p19_d1_N16384_q16_rep5,1,4,1,sm_89,D1_PUSHSIG_OVERLAP,NVSHMEM,C0_DEFAULT,2048,16384,2048,16,10,1048576,44,0,20051.646,20055.230,21984.447,1929.216,PASS,0
p19_d1_N16384_q16_rep5,1,4,1,sm_89,D1_PUSHSIG_OVERLAP,NVSHMEM,C0_DEFAULT,2048,16384,2048,16,11,1048576,44,0,22010.271,22013.857,23942.848,1928.992,PASS,0
p19_d1_N16384_q16_rep5,1,4,1,sm_89,D1_PUSHSIG_OVERLAP,NVSHMEM,C0_DEFAULT,2048,16384,2048,16,12,1048576,44,0,23969.631,23973.215,25902.529,1929.312,PASS,0
p19_d1_N16384_q16_rep5,1,4,1,sm_89,D1_PUSHSIG_OVERLAP,NVSHMEM,C0_DEFAULT,2048,16384,2048,16,13,1048576,44,0,25931.682,25935.264,27866.016,1930.752,PASS,0
p19_d1_N16384_q16_rep5,1,4,1,sm_89,D1_PUSHSIG_OVERLAP,NVSHMEM,C0_DEFAULT,2048,16384,2048,16,14,1048576,44,0,27891.969,27895.551,29825.855,1930.304,PASS,0
p19_d1_N16384_q16_rep5,1,4,1,sm_89,D1_PUSHSIG_OVERLAP,NVSHMEM,C0_DEFAULT,2048,16384,2048,16,15,1048576,44,0,29851.488,29855.104,31785.504,1930.400,PASS,0
p19_d1_N16384_q16_rep5,1,4,1,sm_89,D1_PUSHSIG_OVERLAP,NVSHMEM,C0_DEFAULT,2048,16384,2048,16,0,1048576,45,0,377.376,380.896,2322.272,1941.376,PASS,0
p19_d1_N16384_q16_rep5,1,4,1,sm_89,D1_PUSHSIG_OVERLAP,NVSHMEM,C0_DEFAULT,2048,16384,2048,16,1,1048576,45,0,2358.528,2362.400,4305.536,1943.136,PASS,0
p19_d1_N16384_q16_rep5,1,4,1,sm_89,D1_PUSHSIG_OVERLAP,NVSHMEM,C0_DEFAULT,2048,16384,2048,16,2,1048576,45,0,4343.200,4347.520,6292.768,1945.248,PASS,0
p19_d1_N16384_q16_rep5,1,4,1,sm_89,D1_PUSHSIG_OVERLAP,NVSHMEM,C0_DEFAULT,2048,16384,2048,16,3,1048576,45,0,6329.280,6333.056,8263.552,1930.496,PASS,0
p19_d1_N16384_q16_rep5,1,4,1,sm_89,D1_PUSHSIG_OVERLAP,NVSHMEM,C0_DEFAULT,2048,16384,2048,16,4,1048576,45,0,8289.120,8292.736,10222.433,1929.696,PASS,0
p19_d1_N16384_q16_rep5,1,4,1,sm_89,D1_PUSHSIG_OVERLAP,NVSHMEM,C0_DEFAULT,2048,16384,2048,16,5,1048576,45,0,10247.776,10251.360,12181.023,1929.664,PASS,0
p19_d1_N16384_q16_rep5,1,4,1,sm_89,D1_PUSHSIG_OVERLAP,NVSHMEM,C0_DEFAULT,2048,16384,2048,16,6,1048576,45,0,12207.360,12210.944,14140.128,1929.184,PASS,0
p19_d1_N16384_q16_rep5,1,4,1,sm_89,D1_PUSHSIG_OVERLAP,NVSHMEM,C0_DEFAULT,2048,16384,2048,16,7,1048576,45,0,14169.408,14172.992,16103.968,1930.976,PASS,0
p19_d1_N16384_q16_rep5,1,4,1,sm_89,D1_PUSHSIG_OVERLAP,NVSHMEM,C0_DEFAULT,2048,16384,2048,16,8,1048576,45,0,16132.353,16135.904,18064.832,1928.928,PASS,0
p19_d1_N16384_q16_rep5,1,4,1,sm_89,D1_PUSHSIG_OVERLAP,NVSHMEM,C0_DEFAULT,2048,16384,2048,16,9,1048576,45,0,18091.295,18094.879,20023.232,1928.352,PASS,0
p19_d1_N16384_q16_rep5,1,4,1,sm_89,D1_PUSHSIG_OVERLAP,NVSHMEM,C0_DEFAULT,2048,16384,2048,16,10,1048576,45,0,20050.176,20053.729,21984.416,1930.688,PASS,0
p19_d1_N16384_q16_rep5,1,4,1,sm_89,D1_PUSHSIG_OVERLAP,NVSHMEM,C0_DEFAULT,2048,16384,2048,16,11,1048576,45,0,22009.760,22013.344,23943.168,1929.824,PASS,0
p19_d1_N16384_q16_rep5,1,4,1,sm_89,D1_PUSHSIG_OVERLAP,NVSHMEM,C0_DEFAULT,2048,16384,2048,16,12,1048576,45,0,23968.705,23972.289,25901.537,1929.248,PASS,0
p19_d1_N16384_q16_rep5,1,4,1,sm_89,D1_PUSHSIG_OVERLAP,NVSHMEM,C0_DEFAULT,2048,16384,2048,16,13,1048576,45,0,25927.041,25930.656,27859.936,1929.280,PASS,0
p19_d1_N16384_q16_rep5,1,4,1,sm_89,D1_PUSHSIG_OVERLAP,NVSHMEM,C0_DEFAULT,2048,16384,2048,16,14,1048576,45,0,27885.471,27889.055,29818.975,1929.920,PASS,0
p19_d1_N16384_q16_rep5,1,4,1,sm_89,D1_PUSHSIG_OVERLAP,NVSHMEM,C0_DEFAULT,2048,16384,2048,16,15,1048576,45,0,29844.383,29847.967,31779.297,1931.328,PASS,0
p19_d1_N16384_q16_rep5,1,4,1,sm_89,D1_PUSHSIG_OVERLAP,NVSHMEM,C0_DEFAULT,2048,16384,2048,16,0,1048576,46,0,381.472,389.376,2325.952,1936.576,PASS,0
p19_d1_N16384_q16_rep5,1,4,1,sm_89,D1_PUSHSIG_OVERLAP,NVSHMEM,C0_DEFAULT,2048,16384,2048,16,1,1048576,46,0,2365.568,2369.600,4313.024,1943.424,PASS,0
p19_d1_N16384_q16_rep5,1,4,1,sm_89,D1_PUSHSIG_OVERLAP,NVSHMEM,C0_DEFAULT,2048,16384,2048,16,2,1048576,46,0,4349.984,4353.984,6292.064,1938.080,PASS,0
p19_d1_N16384_q16_rep5,1,4,1,sm_89,D1_PUSHSIG_OVERLAP,NVSHMEM,C0_DEFAULT,2048,16384,2048,16,3,1048576,46,0,6328.096,6332.064,8261.856,1929.792,PASS,0
p19_d1_N16384_q16_rep5,1,4,1,sm_89,D1_PUSHSIG_OVERLAP,NVSHMEM,C0_DEFAULT,2048,16384,2048,16,4,1048576,46,0,8287.712,8291.328,10220.641,1929.312,PASS,0
p19_d1_N16384_q16_rep5,1,4,1,sm_89,D1_PUSHSIG_OVERLAP,NVSHMEM,C0_DEFAULT,2048,16384,2048,16,5,1048576,46,0,10246.433,10250.017,12180.544,1930.528,PASS,0
p19_d1_N16384_q16_rep5,1,4,1,sm_89,D1_PUSHSIG_OVERLAP,NVSHMEM,C0_DEFAULT,2048,16384,2048,16,6,1048576,46,0,12206.784,12210.399,14138.367,1927.968,PASS,0
p19_d1_N16384_q16_rep5,1,4,1,sm_89,D1_PUSHSIG_OVERLAP,NVSHMEM,C0_DEFAULT,2048,16384,2048,16,7,1048576,46,0,14165.664,14169.216,16100.512,1931.296,PASS,0
p19_d1_N16384_q16_rep5,1,4,1,sm_89,D1_PUSHSIG_OVERLAP,NVSHMEM,C0_DEFAULT,2048,16384,2048,16,8,1048576,46,0,16128.832,16132.736,18060.480,1927.744,PASS,0
p19_d1_N16384_q16_rep5,1,4,1,sm_89,D1_PUSHSIG_OVERLAP,NVSHMEM,C0_DEFAULT,2048,16384,2048,16,9,1048576,46,0,18093.664,18097.248,20026.688,1929.440,PASS,0
p19_d1_N16384_q16_rep5,1,4,1,sm_89,D1_PUSHSIG_OVERLAP,NVSHMEM,C0_DEFAULT,2048,16384,2048,16,10,1048576,46,0,20053.023,20056.607,21986.977,1930.368,PASS,0
p19_d1_N16384_q16_rep5,1,4,1,sm_89,D1_PUSHSIG_OVERLAP,NVSHMEM,C0_DEFAULT,2048,16384,2048,16,11,1048576,46,0,22012.801,22016.385,23946.527,1930.144,PASS,0
p19_d1_N16384_q16_rep5,1,4,1,sm_89,D1_PUSHSIG_OVERLAP,NVSHMEM,C0_DEFAULT,2048,16384,2048,16,12,1048576,46,0,23972.383,23976.000,25904.928,1928.928,PASS,0
p19_d1_N16384_q16_rep5,1,4,1,sm_89,D1_PUSHSIG_OVERLAP,NVSHMEM,C0_DEFAULT,2048,16384,2048,16,13,1048576,46,0,25934.207,25937.984,27864.832,1926.848,PASS,0
p19_d1_N16384_q16_rep5,1,4,1,sm_89,D1_PUSHSIG_OVERLAP,NVSHMEM,C0_DEFAULT,2048,16384,2048,16,14,1048576,46,0,27890.721,27894.527,29824.098,1929.568,PASS,0
p19_d1_N16384_q16_rep5,1,4,1,sm_89,D1_PUSHSIG_OVERLAP,NVSHMEM,C0_DEFAULT,2048,16384,2048,16,15,1048576,46,0,29850.176,29853.760,31782.816,1929.056,PASS,0
p19_d1_N16384_q16_rep5,1,4,1,sm_89,D1_PUSHSIG_OVERLAP,NVSHMEM,C0_DEFAULT,2048,16384,2048,16,0,1048576,47,0,391.232,398.464,2340.000,1941.536,PASS,0
p19_d1_N16384_q16_rep5,1,4,1,sm_89,D1_PUSHSIG_OVERLAP,NVSHMEM,C0_DEFAULT,2048,16384,2048,16,1,1048576,47,0,2383.040,2386.592,4325.696,1939.104,PASS,0
p19_d1_N16384_q16_rep5,1,4,1,sm_89,D1_PUSHSIG_OVERLAP,NVSHMEM,C0_DEFAULT,2048,16384,2048,16,2,1048576,47,0,4363.200,4367.040,6309.216,1942.176,PASS,0
p19_d1_N16384_q16_rep5,1,4,1,sm_89,D1_PUSHSIG_OVERLAP,NVSHMEM,C0_DEFAULT,2048,16384,2048,16,3,1048576,47,0,6354.016,6358.368,8288.031,1929.664,PASS,0
p19_d1_N16384_q16_rep5,1,4,1,sm_89,D1_PUSHSIG_OVERLAP,NVSHMEM,C0_DEFAULT,2048,16384,2048,16,4,1048576,47,0,8313.920,8317.504,10248.448,1930.944,PASS,0
p19_d1_N16384_q16_rep5,1,4,1,sm_89,D1_PUSHSIG_OVERLAP,NVSHMEM,C0_DEFAULT,2048,16384,2048,16,5,1048576,47,0,10274.239,10277.824,12206.784,1928.960,PASS,0
p19_d1_N16384_q16_rep5,1,4,1,sm_89,D1_PUSHSIG_OVERLAP,NVSHMEM,C0_DEFAULT,2048,16384,2048,16,6,1048576,47,0,12232.513,12236.319,14166.624,1930.304,PASS,0
p19_d1_N16384_q16_rep5,1,4,1,sm_89,D1_PUSHSIG_OVERLAP,NVSHMEM,C0_DEFAULT,2048,16384,2048,16,7,1048576,47,0,14193.217,14197.152,16126.655,1929.504,PASS,0
p19_d1_N16384_q16_rep5,1,4,1,sm_89,D1_PUSHSIG_OVERLAP,NVSHMEM,C0_DEFAULT,2048,16384,2048,16,8,1048576,47,0,16152.544,16156.128,18086.176,1930.048,PASS,0
p19_d1_N16384_q16_rep5,1,4,1,sm_89,D1_PUSHSIG_OVERLAP,NVSHMEM,C0_DEFAULT,2048,16384,2048,16,9,1048576,47,0,18111.967,18115.584,20044.928,1929.344,PASS,0
p19_d1_N16384_q16_rep5,1,4,1,sm_89,D1_PUSHSIG_OVERLAP,NVSHMEM,C0_DEFAULT,2048,16384,2048,16,10,1048576,47,0,20071.039,20074.592,22004.160,1929.568,PASS,0
p19_d1_N16384_q16_rep5,1,4,1,sm_89,D1_PUSHSIG_OVERLAP,NVSHMEM,C0_DEFAULT,2048,16384,2048,16,11,1048576,47,0,22030.049,22033.729,23962.850,1929.120,PASS,0
p19_d1_N16384_q16_rep5,1,4,1,sm_89,D1_PUSHSIG_OVERLAP,NVSHMEM,C0_DEFAULT,2048,16384,2048,16,12,1048576,47,0,23988.992,23992.545,25922.078,1929.536,PASS,0
p19_d1_N16384_q16_rep5,1,4,1,sm_89,D1_PUSHSIG_OVERLAP,NVSHMEM,C0_DEFAULT,2048,16384,2048,16,13,1048576,47,0,25947.904,25951.488,27879.842,1928.352,PASS,0
p19_d1_N16384_q16_rep5,1,4,1,sm_89,D1_PUSHSIG_OVERLAP,NVSHMEM,C0_DEFAULT,2048,16384,2048,16,14,1048576,47,0,27905.727,27909.311,29838.527,1929.216,PASS,0
p19_d1_N16384_q16_rep5,1,4,1,sm_89,D1_PUSHSIG_OVERLAP,NVSHMEM,C0_DEFAULT,2048,16384,2048,16,15,1048576,47,0,29864.639,29868.576,31796.928,1928.352,PASS,0
p19_d1_N16384_q16_rep5,1,4,1,sm_89,D1_PUSHSIG_OVERLAP,NVSHMEM,C0_DEFAULT,2048,16384,2048,16,0,1048576,48,0,379.712,386.080,2325.856,1939.776,PASS,0
p19_d1_N16384_q16_rep5,1,4,1,sm_89,D1_PUSHSIG_OVERLAP,NVSHMEM,C0_DEFAULT,2048,16384,2048,16,1,1048576,48,0,2368.672,2375.584,4318.080,1942.496,PASS,0
p19_d1_N16384_q16_rep5,1,4,1,sm_89,D1_PUSHSIG_OVERLAP,NVSHMEM,C0_DEFAULT,2048,16384,2048,16,2,1048576,48,0,4354.432,4358.016,6302.496,1944.480,PASS,0
p19_d1_N16384_q16_rep5,1,4,1,sm_89,D1_PUSHSIG_OVERLAP,NVSHMEM,C0_DEFAULT,2048,16384,2048,16,3,1048576,48,0,6341.248,6346.720,8276.000,1929.280,PASS,0
p19_d1_N16384_q16_rep5,1,4,1,sm_89,D1_PUSHSIG_OVERLAP,NVSHMEM,C0_DEFAULT,2048,16384,2048,16,4,1048576,48,0,8301.889,8305.855,10236.512,1930.656,PASS,0
p19_d1_N16384_q16_rep5,1,4,1,sm_89,D1_PUSHSIG_OVERLAP,NVSHMEM,C0_DEFAULT,2048,16384,2048,16,5,1048576,48,0,10262.176,10265.761,12195.776,1930.016,PASS,0
p19_d1_N16384_q16_rep5,1,4,1,sm_89,D1_PUSHSIG_OVERLAP,NVSHMEM,C0_DEFAULT,2048,16384,2048,16,6,1048576,48,0,12223.264,12226.848,14156.031,1929.184,PASS,0
p19_d1_N16384_q16_rep5,1,4,1,sm_89,D1_PUSHSIG_OVERLAP,NVSHMEM,C0_DEFAULT,2048,16384,2048,16,7,1048576,48,0,14182.145,14185.889,16113.855,1927.968,PASS,0
p19_d1_N16384_q16_rep5,1,4,1,sm_89,D1_PUSHSIG_OVERLAP,NVSHMEM,C0_DEFAULT,2048,16384,2048,16,8,1048576,48,0,16139.969,16143.583,18072.799,1929.216,PASS,0
p19_d1_N16384_q16_rep5,1,4,1,sm_89,D1_PUSHSIG_OVERLAP,NVSHMEM,C0_DEFAULT,2048,16384,2048,16,9,1048576,48,0,18098.463,18102.049,20034.848,1932.800,PASS,0
p19_d1_N16384_q16_rep5,1,4,1,sm_89,D1_PUSHSIG_OVERLAP,NVSHMEM,C0_DEFAULT,2048,16384,2048,16,10,1048576,48,0,20063.648,20067.264,21996.096,1928.832,PASS,0
p19_d1_N16384_q16_rep5,1,4,1,sm_89,D1_PUSHSIG_OVERLAP,NVSHMEM,C0_DEFAULT,2048,16384,2048,16,11,1048576,48,0,22025.312,22028.896,23958.016,1929.120,PASS,0
p19_d1_N16384_q16_rep5,1,4,1,sm_89,D1_PUSHSIG_OVERLAP,NVSHMEM,C0_DEFAULT,2048,16384,2048,16,12,1048576,48,0,23983.809,23987.393,25915.873,1928.480,PASS,0
p19_d1_N16384_q16_rep5,1,4,1,sm_89,D1_PUSHSIG_OVERLAP,NVSHMEM,C0_DEFAULT,2048,16384,2048,16,13,1048576,48,0,25943.199,25946.783,27874.145,1927.360,PASS,0
p19_d1_N16384_q16_rep5,1,4,1,sm_89,D1_PUSHSIG_OVERLAP,NVSHMEM,C0_DEFAULT,2048,16384,2048,16,14,1048576,48,0,27903.264,27906.816,29834.688,1927.872,PASS,0
p19_d1_N16384_q16_rep5,1,4,1,sm_89,D1_PUSHSIG_OVERLAP,NVSHMEM,C0_DEFAULT,2048,16384,2048,16,15,1048576,48,0,29860.576,29864.160,31794.752,1930.592,PASS,0
p19_d1_N16384_q16_rep5,1,4,1,sm_89,D1_PUSHSIG_OVERLAP,NVSHMEM,C0_DEFAULT,2048,16384,2048,16,0,1048576,49,0,387.424,390.880,2332.672,1941.792,PASS,0
p19_d1_N16384_q16_rep5,1,4,1,sm_89,D1_PUSHSIG_OVERLAP,NVSHMEM,C0_DEFAULT,2048,16384,2048,16,1,1048576,49,0,2369.696,2373.472,4314.112,1940.640,PASS,0
p19_d1_N16384_q16_rep5,1,4,1,sm_89,D1_PUSHSIG_OVERLAP,NVSHMEM,C0_DEFAULT,2048,16384,2048,16,2,1048576,49,0,4353.792,4357.824,6295.904,1938.080,PASS,0
p19_d1_N16384_q16_rep5,1,4,1,sm_89,D1_PUSHSIG_OVERLAP,NVSHMEM,C0_DEFAULT,2048,16384,2048,16,3,1048576,49,0,6336.480,6340.352,8271.776,1931.424,PASS,0
p19_d1_N16384_q16_rep5,1,4,1,sm_89,D1_PUSHSIG_OVERLAP,NVSHMEM,C0_DEFAULT,2048,16384,2048,16,4,1048576,49,0,8297.408,8300.992,10230.752,1929.760,PASS,0
p19_d1_N16384_q16_rep5,1,4,1,sm_89,D1_PUSHSIG_OVERLAP,NVSHMEM,C0_DEFAULT,2048,16384,2048,16,5,1048576,49,0,10256.160,10259.776,12190.849,1931.072,PASS,0
p19_d1_N16384_q16_rep5,1,4,1,sm_89,D1_PUSHSIG_OVERLAP,NVSHMEM,C0_DEFAULT,2048,16384,2048,16,6,1048576,49,0,12216.672,12220.353,14149.473,1929.120,PASS,0
p19_d1_N16384_q16_rep5,1,4,1,sm_89,D1_PUSHSIG_OVERLAP,NVSHMEM,C0_DEFAULT,2048,16384,2048,16,7,1048576,49,0,14175.328,14178.912,16107.392,1928.480,PASS,0
p19_d1_N16384_q16_rep5,1,4,1,sm_89,D1_PUSHSIG_OVERLAP,NVSHMEM,C0_DEFAULT,2048,16384,2048,16,8,1048576,49,0,16132.736,16136.320,18066.176,1929.856,PASS,0
p19_d1_N16384_q16_rep5,1,4,1,sm_89,D1_PUSHSIG_OVERLAP,NVSHMEM,C0_DEFAULT,2048,16384,2048,16,9,1048576,49,0,18091.809,18095.424,20024.160,1928.736,PASS,0
p19_d1_N16384_q16_rep5,1,4,1,sm_89,D1_PUSHSIG_OVERLAP,NVSHMEM,C0_DEFAULT,2048,16384,2048,16,10,1048576,49,0,20056.928,20060.512,21991.104,1930.592,PASS,0
p19_d1_N16384_q16_rep5,1,4,1,sm_89,D1_PUSHSIG_OVERLAP,NVSHMEM,C0_DEFAULT,2048,16384,2048,16,11,1048576,49,0,22017.951,22021.535,23950.848,1929.312,PASS,0
p19_d1_N16384_q16_rep5,1,4,1,sm_89,D1_PUSHSIG_OVERLAP,NVSHMEM,C0_DEFAULT,2048,16384,2048,16,12,1048576,49,0,23976.416,23980.385,25910.303,1929.920,PASS,0
p19_d1_N16384_q16_rep5,1,4,1,sm_89,D1_PUSHSIG_OVERLAP,NVSHMEM,C0_DEFAULT,2048,16384,2048,16,13,1048576,49,0,25938.881,25942.465,27871.648,1929.184,PASS,0
p19_d1_N16384_q16_rep5,1,4,1,sm_89,D1_PUSHSIG_OVERLAP,NVSHMEM,C0_DEFAULT,2048,16384,2048,16,14,1048576,49,0,27897.824,27901.344,29832.031,1930.688,PASS,0
p19_d1_N16384_q16_rep5,1,4,1,sm_89,D1_PUSHSIG_OVERLAP,NVSHMEM,C0_DEFAULT,2048,16384,2048,16,15,1048576,49,0,29857.760,29861.344,31790.367,1929.024,PASS,0
