run_id,rank,rank_count,device,gfx_arch,path,family,candidate,M,N,K,q,slice_index,slice_bytes,iteration_index,t_issue_us,t_release_us,t_gemm_start_us,t_gemm_end_us,t_gemm_duration_us,correctness,status
mh_comm_C2_RING_SIMPLE_CH8_N2048_q16_rep4,3,4,3,sm_89,COMM_ONLY,NCCL,C2_RING_SIMPLE_CH8,2048,2048,2048,16,0,1048576,0,0,110.464,0.000,0.000,0.000,PASS,0
mh_comm_C2_RING_SIMPLE_CH8_N2048_q16_rep4,3,4,3,sm_89,COMM_ONLY,NCCL,C2_RING_SIMPLE_CH8,2048,2048,2048,16,1,1048576,0,0,191.200,0.000,0.000,0.000,PASS,0
mh_comm_C2_RING_SIMPLE_CH8_N2048_q16_rep4,3,4,3,sm_89,COMM_ONLY,NCCL,C2_RING_SIMPLE_CH8,2048,2048,2048,16,2,1048576,0,0,272.096,0.000,0.000,0.000,PASS,0
mh_comm_C2_RING_SIMPLE_CH8_N2048_q16_rep4,3,4,3,sm_89,COMM_ONLY,NCCL,C2_RING_SIMPLE_CH8,2048,2048,2048,16,3,1048576,0,0,353.472,0.000,0.000,0.000,PASS,0
mh_comm_C2_RING_SIMPLE_CH8_N2048_q16_rep4,3,4,3,sm_89,COMM_ONLY,NCCL,C2_RING_SIMPLE_CH8,2048,2048,2048,16,4,1048576,0,0,449.120,0.000,0.000,0.000,PASS,0
mh_comm_C2_RING_SIMPLE_CH8_N2048_q16_rep4,3,4,3,sm_89,COMM_ONLY,NCCL,C2_RING_SIMPLE_CH8,2048,2048,2048,16,5,1048576,0,0,528.832,0.000,0.000,0.000,PASS,0
mh_comm_C2_RING_SIMPLE_CH8_N2048_q16_rep4,3,4,3,sm_89,COMM_ONLY,NCCL,C2_RING_SIMPLE_CH8,2048,2048,2048,16,6,1048576,0,0,609.472,0.000,0.000,0.000,PASS,0
mh_comm_C2_RING_SIMPLE_CH8_N2048_q16_rep4,3,4,3,sm_89,COMM_ONLY,NCCL,C2_RING_SIMPLE_CH8,2048,2048,2048,16,7,1048576,0,0,689.376,0.000,0.000,0.000,PASS,0
mh_comm_C2_RING_SIMPLE_CH8_N2048_q16_rep4,3,4,3,sm_89,COMM_ONLY,NCCL,C2_RING_SIMPLE_CH8,2048,2048,2048,16,8,1048576,0,0,770.816,0.000,0.000,0.000,PASS,0
mh_comm_C2_RING_SIMPLE_CH8_N2048_q16_rep4,3,4,3,sm_89,COMM_ONLY,NCCL,C2_RING_SIMPLE_CH8,2048,2048,2048,16,9,1048576,0,0,851.552,0.000,0.000,0.000,PASS,0
mh_comm_C2_RING_SIMPLE_CH8_N2048_q16_rep4,3,4,3,sm_89,COMM_ONLY,NCCL,C2_RING_SIMPLE_CH8,2048,2048,2048,16,10,1048576,0,0,933.568,0.000,0.000,0.000,PASS,0
mh_comm_C2_RING_SIMPLE_CH8_N2048_q16_rep4,3,4,3,sm_89,COMM_ONLY,NCCL,C2_RING_SIMPLE_CH8,2048,2048,2048,16,11,1048576,0,0,1015.744,0.000,0.000,0.000,PASS,0
mh_comm_C2_RING_SIMPLE_CH8_N2048_q16_rep4,3,4,3,sm_89,COMM_ONLY,NCCL,C2_RING_SIMPLE_CH8,2048,2048,2048,16,12,1048576,0,0,1098.112,0.000,0.000,0.000,PASS,0
mh_comm_C2_RING_SIMPLE_CH8_N2048_q16_rep4,3,4,3,sm_89,COMM_ONLY,NCCL,C2_RING_SIMPLE_CH8,2048,2048,2048,16,13,1048576,0,0,1178.976,0.000,0.000,0.000,PASS,0
mh_comm_C2_RING_SIMPLE_CH8_N2048_q16_rep4,3,4,3,sm_89,COMM_ONLY,NCCL,C2_RING_SIMPLE_CH8,2048,2048,2048,16,14,1048576,0,0,1261.216,0.000,0.000,0.000,PASS,0
mh_comm_C2_RING_SIMPLE_CH8_N2048_q16_rep4,3,4,3,sm_89,COMM_ONLY,NCCL,C2_RING_SIMPLE_CH8,2048,2048,2048,16,15,1048576,0,0,1342.016,0.000,0.000,0.000,PASS,0
mh_comm_C2_RING_SIMPLE_CH8_N2048_q16_rep4,3,4,3,sm_89,COMM_ONLY,NCCL,C2_RING_SIMPLE_CH8,2048,2048,2048,16,0,1048576,1,0,127.872,0.000,0.000,0.000,PASS,0
mh_comm_C2_RING_SIMPLE_CH8_N2048_q16_rep4,3,4,3,sm_89,COMM_ONLY,NCCL,C2_RING_SIMPLE_CH8,2048,2048,2048,16,1,1048576,1,0,208.576,0.000,0.000,0.000,PASS,0
mh_comm_C2_RING_SIMPLE_CH8_N2048_q16_rep4,3,4,3,sm_89,COMM_ONLY,NCCL,C2_RING_SIMPLE_CH8,2048,2048,2048,16,2,1048576,1,0,290.624,0.000,0.000,0.000,PASS,0
mh_comm_C2_RING_SIMPLE_CH8_N2048_q16_rep4,3,4,3,sm_89,COMM_ONLY,NCCL,C2_RING_SIMPLE_CH8,2048,2048,2048,16,3,1048576,1,0,371.072,0.000,0.000,0.000,PASS,0
mh_comm_C2_RING_SIMPLE_CH8_N2048_q16_rep4,3,4,3,sm_89,COMM_ONLY,NCCL,C2_RING_SIMPLE_CH8,2048,2048,2048,16,4,1048576,1,0,485.536,0.000,0.000,0.000,PASS,0
mh_comm_C2_RING_SIMPLE_CH8_N2048_q16_rep4,3,4,3,sm_89,COMM_ONLY,NCCL,C2_RING_SIMPLE_CH8,2048,2048,2048,16,5,1048576,1,0,565.632,0.000,0.000,0.000,PASS,0
mh_comm_C2_RING_SIMPLE_CH8_N2048_q16_rep4,3,4,3,sm_89,COMM_ONLY,NCCL,C2_RING_SIMPLE_CH8,2048,2048,2048,16,6,1048576,1,0,645.760,0.000,0.000,0.000,PASS,0
mh_comm_C2_RING_SIMPLE_CH8_N2048_q16_rep4,3,4,3,sm_89,COMM_ONLY,NCCL,C2_RING_SIMPLE_CH8,2048,2048,2048,16,7,1048576,1,0,739.360,0.000,0.000,0.000,PASS,0
mh_comm_C2_RING_SIMPLE_CH8_N2048_q16_rep4,3,4,3,sm_89,COMM_ONLY,NCCL,C2_RING_SIMPLE_CH8,2048,2048,2048,16,8,1048576,1,0,821.120,0.000,0.000,0.000,PASS,0
mh_comm_C2_RING_SIMPLE_CH8_N2048_q16_rep4,3,4,3,sm_89,COMM_ONLY,NCCL,C2_RING_SIMPLE_CH8,2048,2048,2048,16,9,1048576,1,0,901.088,0.000,0.000,0.000,PASS,0
mh_comm_C2_RING_SIMPLE_CH8_N2048_q16_rep4,3,4,3,sm_89,COMM_ONLY,NCCL,C2_RING_SIMPLE_CH8,2048,2048,2048,16,10,1048576,1,0,984.000,0.000,0.000,0.000,PASS,0
mh_comm_C2_RING_SIMPLE_CH8_N2048_q16_rep4,3,4,3,sm_89,COMM_ONLY,NCCL,C2_RING_SIMPLE_CH8,2048,2048,2048,16,11,1048576,1,0,1066.240,0.000,0.000,0.000,PASS,0
mh_comm_C2_RING_SIMPLE_CH8_N2048_q16_rep4,3,4,3,sm_89,COMM_ONLY,NCCL,C2_RING_SIMPLE_CH8,2048,2048,2048,16,12,1048576,1,0,1147.808,0.000,0.000,0.000,PASS,0
mh_comm_C2_RING_SIMPLE_CH8_N2048_q16_rep4,3,4,3,sm_89,COMM_ONLY,NCCL,C2_RING_SIMPLE_CH8,2048,2048,2048,16,13,1048576,1,0,1229.056,0.000,0.000,0.000,PASS,0
mh_comm_C2_RING_SIMPLE_CH8_N2048_q16_rep4,3,4,3,sm_89,COMM_ONLY,NCCL,C2_RING_SIMPLE_CH8,2048,2048,2048,16,14,1048576,1,0,1311.712,0.000,0.000,0.000,PASS,0
mh_comm_C2_RING_SIMPLE_CH8_N2048_q16_rep4,3,4,3,sm_89,COMM_ONLY,NCCL,C2_RING_SIMPLE_CH8,2048,2048,2048,16,15,1048576,1,0,1392.224,0.000,0.000,0.000,PASS,0
mh_comm_C2_RING_SIMPLE_CH8_N2048_q16_rep4,3,4,3,sm_89,COMM_ONLY,NCCL,C2_RING_SIMPLE_CH8,2048,2048,2048,16,0,1048576,2,0,135.936,0.000,0.000,0.000,PASS,0
mh_comm_C2_RING_SIMPLE_CH8_N2048_q16_rep4,3,4,3,sm_89,COMM_ONLY,NCCL,C2_RING_SIMPLE_CH8,2048,2048,2048,16,1,1048576,2,0,218.400,0.000,0.000,0.000,PASS,0
mh_comm_C2_RING_SIMPLE_CH8_N2048_q16_rep4,3,4,3,sm_89,COMM_ONLY,NCCL,C2_RING_SIMPLE_CH8,2048,2048,2048,16,2,1048576,2,0,300.928,0.000,0.000,0.000,PASS,0
mh_comm_C2_RING_SIMPLE_CH8_N2048_q16_rep4,3,4,3,sm_89,COMM_ONLY,NCCL,C2_RING_SIMPLE_CH8,2048,2048,2048,16,3,1048576,2,0,381.952,0.000,0.000,0.000,PASS,0
mh_comm_C2_RING_SIMPLE_CH8_N2048_q16_rep4,3,4,3,sm_89,COMM_ONLY,NCCL,C2_RING_SIMPLE_CH8,2048,2048,2048,16,4,1048576,2,0,472.320,0.000,0.000,0.000,PASS,0
mh_comm_C2_RING_SIMPLE_CH8_N2048_q16_rep4,3,4,3,sm_89,COMM_ONLY,NCCL,C2_RING_SIMPLE_CH8,2048,2048,2048,16,5,1048576,2,0,574.176,0.000,0.000,0.000,PASS,0
mh_comm_C2_RING_SIMPLE_CH8_N2048_q16_rep4,3,4,3,sm_89,COMM_ONLY,NCCL,C2_RING_SIMPLE_CH8,2048,2048,2048,16,6,1048576,2,0,654.880,0.000,0.000,0.000,PASS,0
mh_comm_C2_RING_SIMPLE_CH8_N2048_q16_rep4,3,4,3,sm_89,COMM_ONLY,NCCL,C2_RING_SIMPLE_CH8,2048,2048,2048,16,7,1048576,2,0,747.840,0.000,0.000,0.000,PASS,0
mh_comm_C2_RING_SIMPLE_CH8_N2048_q16_rep4,3,4,3,sm_89,COMM_ONLY,NCCL,C2_RING_SIMPLE_CH8,2048,2048,2048,16,8,1048576,2,0,844.160,0.000,0.000,0.000,PASS,0
mh_comm_C2_RING_SIMPLE_CH8_N2048_q16_rep4,3,4,3,sm_89,COMM_ONLY,NCCL,C2_RING_SIMPLE_CH8,2048,2048,2048,16,9,1048576,2,0,925.408,0.000,0.000,0.000,PASS,0
mh_comm_C2_RING_SIMPLE_CH8_N2048_q16_rep4,3,4,3,sm_89,COMM_ONLY,NCCL,C2_RING_SIMPLE_CH8,2048,2048,2048,16,10,1048576,2,0,1008.128,0.000,0.000,0.000,PASS,0
mh_comm_C2_RING_SIMPLE_CH8_N2048_q16_rep4,3,4,3,sm_89,COMM_ONLY,NCCL,C2_RING_SIMPLE_CH8,2048,2048,2048,16,11,1048576,2,0,1102.720,0.000,0.000,0.000,PASS,0
mh_comm_C2_RING_SIMPLE_CH8_N2048_q16_rep4,3,4,3,sm_89,COMM_ONLY,NCCL,C2_RING_SIMPLE_CH8,2048,2048,2048,16,12,1048576,2,0,1195.776,0.000,0.000,0.000,PASS,0
mh_comm_C2_RING_SIMPLE_CH8_N2048_q16_rep4,3,4,3,sm_89,COMM_ONLY,NCCL,C2_RING_SIMPLE_CH8,2048,2048,2048,16,13,1048576,2,0,1284.832,0.000,0.000,0.000,PASS,0
mh_comm_C2_RING_SIMPLE_CH8_N2048_q16_rep4,3,4,3,sm_89,COMM_ONLY,NCCL,C2_RING_SIMPLE_CH8,2048,2048,2048,16,14,1048576,2,0,1367.840,0.000,0.000,0.000,PASS,0
mh_comm_C2_RING_SIMPLE_CH8_N2048_q16_rep4,3,4,3,sm_89,COMM_ONLY,NCCL,C2_RING_SIMPLE_CH8,2048,2048,2048,16,15,1048576,2,0,1448.000,0.000,0.000,0.000,PASS,0
mh_comm_C2_RING_SIMPLE_CH8_N2048_q16_rep4,3,4,3,sm_89,COMM_ONLY,NCCL,C2_RING_SIMPLE_CH8,2048,2048,2048,16,0,1048576,3,0,143.904,0.000,0.000,0.000,PASS,0
mh_comm_C2_RING_SIMPLE_CH8_N2048_q16_rep4,3,4,3,sm_89,COMM_ONLY,NCCL,C2_RING_SIMPLE_CH8,2048,2048,2048,16,1,1048576,3,0,226.752,0.000,0.000,0.000,PASS,0
mh_comm_C2_RING_SIMPLE_CH8_N2048_q16_rep4,3,4,3,sm_89,COMM_ONLY,NCCL,C2_RING_SIMPLE_CH8,2048,2048,2048,16,2,1048576,3,0,307.648,0.000,0.000,0.000,PASS,0
mh_comm_C2_RING_SIMPLE_CH8_N2048_q16_rep4,3,4,3,sm_89,COMM_ONLY,NCCL,C2_RING_SIMPLE_CH8,2048,2048,2048,16,3,1048576,3,0,397.760,0.000,0.000,0.000,PASS,0
mh_comm_C2_RING_SIMPLE_CH8_N2048_q16_rep4,3,4,3,sm_89,COMM_ONLY,NCCL,C2_RING_SIMPLE_CH8,2048,2048,2048,16,4,1048576,3,0,492.448,0.000,0.000,0.000,PASS,0
mh_comm_C2_RING_SIMPLE_CH8_N2048_q16_rep4,3,4,3,sm_89,COMM_ONLY,NCCL,C2_RING_SIMPLE_CH8,2048,2048,2048,16,5,1048576,3,0,574.592,0.000,0.000,0.000,PASS,0
mh_comm_C2_RING_SIMPLE_CH8_N2048_q16_rep4,3,4,3,sm_89,COMM_ONLY,NCCL,C2_RING_SIMPLE_CH8,2048,2048,2048,16,6,1048576,3,0,667.776,0.000,0.000,0.000,PASS,0
mh_comm_C2_RING_SIMPLE_CH8_N2048_q16_rep4,3,4,3,sm_89,COMM_ONLY,NCCL,C2_RING_SIMPLE_CH8,2048,2048,2048,16,7,1048576,3,0,749.984,0.000,0.000,0.000,PASS,0
mh_comm_C2_RING_SIMPLE_CH8_N2048_q16_rep4,3,4,3,sm_89,COMM_ONLY,NCCL,C2_RING_SIMPLE_CH8,2048,2048,2048,16,8,1048576,3,0,840.768,0.000,0.000,0.000,PASS,0
mh_comm_C2_RING_SIMPLE_CH8_N2048_q16_rep4,3,4,3,sm_89,COMM_ONLY,NCCL,C2_RING_SIMPLE_CH8,2048,2048,2048,16,9,1048576,3,0,921.632,0.000,0.000,0.000,PASS,0
mh_comm_C2_RING_SIMPLE_CH8_N2048_q16_rep4,3,4,3,sm_89,COMM_ONLY,NCCL,C2_RING_SIMPLE_CH8,2048,2048,2048,16,10,1048576,3,0,1003.744,0.000,0.000,0.000,PASS,0
mh_comm_C2_RING_SIMPLE_CH8_N2048_q16_rep4,3,4,3,sm_89,COMM_ONLY,NCCL,C2_RING_SIMPLE_CH8,2048,2048,2048,16,11,1048576,3,0,1085.280,0.000,0.000,0.000,PASS,0
mh_comm_C2_RING_SIMPLE_CH8_N2048_q16_rep4,3,4,3,sm_89,COMM_ONLY,NCCL,C2_RING_SIMPLE_CH8,2048,2048,2048,16,12,1048576,3,0,1180.832,0.000,0.000,0.000,PASS,0
mh_comm_C2_RING_SIMPLE_CH8_N2048_q16_rep4,3,4,3,sm_89,COMM_ONLY,NCCL,C2_RING_SIMPLE_CH8,2048,2048,2048,16,13,1048576,3,0,1262.400,0.000,0.000,0.000,PASS,0
mh_comm_C2_RING_SIMPLE_CH8_N2048_q16_rep4,3,4,3,sm_89,COMM_ONLY,NCCL,C2_RING_SIMPLE_CH8,2048,2048,2048,16,14,1048576,3,0,1343.936,0.000,0.000,0.000,PASS,0
mh_comm_C2_RING_SIMPLE_CH8_N2048_q16_rep4,3,4,3,sm_89,COMM_ONLY,NCCL,C2_RING_SIMPLE_CH8,2048,2048,2048,16,15,1048576,3,0,1424.576,0.000,0.000,0.000,PASS,0
mh_comm_C2_RING_SIMPLE_CH8_N2048_q16_rep4,3,4,3,sm_89,COMM_ONLY,NCCL,C2_RING_SIMPLE_CH8,2048,2048,2048,16,0,1048576,4,0,112.544,0.000,0.000,0.000,PASS,0
mh_comm_C2_RING_SIMPLE_CH8_N2048_q16_rep4,3,4,3,sm_89,COMM_ONLY,NCCL,C2_RING_SIMPLE_CH8,2048,2048,2048,16,1,1048576,4,0,195.584,0.000,0.000,0.000,PASS,0
mh_comm_C2_RING_SIMPLE_CH8_N2048_q16_rep4,3,4,3,sm_89,COMM_ONLY,NCCL,C2_RING_SIMPLE_CH8,2048,2048,2048,16,2,1048576,4,0,276.512,0.000,0.000,0.000,PASS,0
mh_comm_C2_RING_SIMPLE_CH8_N2048_q16_rep4,3,4,3,sm_89,COMM_ONLY,NCCL,C2_RING_SIMPLE_CH8,2048,2048,2048,16,3,1048576,4,0,356.960,0.000,0.000,0.000,PASS,0
mh_comm_C2_RING_SIMPLE_CH8_N2048_q16_rep4,3,4,3,sm_89,COMM_ONLY,NCCL,C2_RING_SIMPLE_CH8,2048,2048,2048,16,4,1048576,4,0,438.944,0.000,0.000,0.000,PASS,0
mh_comm_C2_RING_SIMPLE_CH8_N2048_q16_rep4,3,4,3,sm_89,COMM_ONLY,NCCL,C2_RING_SIMPLE_CH8,2048,2048,2048,16,5,1048576,4,0,520.768,0.000,0.000,0.000,PASS,0
mh_comm_C2_RING_SIMPLE_CH8_N2048_q16_rep4,3,4,3,sm_89,COMM_ONLY,NCCL,C2_RING_SIMPLE_CH8,2048,2048,2048,16,6,1048576,4,0,600.960,0.000,0.000,0.000,PASS,0
mh_comm_C2_RING_SIMPLE_CH8_N2048_q16_rep4,3,4,3,sm_89,COMM_ONLY,NCCL,C2_RING_SIMPLE_CH8,2048,2048,2048,16,7,1048576,4,0,680.960,0.000,0.000,0.000,PASS,0
mh_comm_C2_RING_SIMPLE_CH8_N2048_q16_rep4,3,4,3,sm_89,COMM_ONLY,NCCL,C2_RING_SIMPLE_CH8,2048,2048,2048,16,8,1048576,4,0,777.120,0.000,0.000,0.000,PASS,0
mh_comm_C2_RING_SIMPLE_CH8_N2048_q16_rep4,3,4,3,sm_89,COMM_ONLY,NCCL,C2_RING_SIMPLE_CH8,2048,2048,2048,16,9,1048576,4,0,870.720,0.000,0.000,0.000,PASS,0
mh_comm_C2_RING_SIMPLE_CH8_N2048_q16_rep4,3,4,3,sm_89,COMM_ONLY,NCCL,C2_RING_SIMPLE_CH8,2048,2048,2048,16,10,1048576,4,0,950.784,0.000,0.000,0.000,PASS,0
mh_comm_C2_RING_SIMPLE_CH8_N2048_q16_rep4,3,4,3,sm_89,COMM_ONLY,NCCL,C2_RING_SIMPLE_CH8,2048,2048,2048,16,11,1048576,4,0,1032.416,0.000,0.000,0.000,PASS,0
mh_comm_C2_RING_SIMPLE_CH8_N2048_q16_rep4,3,4,3,sm_89,COMM_ONLY,NCCL,C2_RING_SIMPLE_CH8,2048,2048,2048,16,12,1048576,4,0,1114.208,0.000,0.000,0.000,PASS,0
mh_comm_C2_RING_SIMPLE_CH8_N2048_q16_rep4,3,4,3,sm_89,COMM_ONLY,NCCL,C2_RING_SIMPLE_CH8,2048,2048,2048,16,13,1048576,4,0,1194.240,0.000,0.000,0.000,PASS,0
mh_comm_C2_RING_SIMPLE_CH8_N2048_q16_rep4,3,4,3,sm_89,COMM_ONLY,NCCL,C2_RING_SIMPLE_CH8,2048,2048,2048,16,14,1048576,4,0,1275.776,0.000,0.000,0.000,PASS,0
mh_comm_C2_RING_SIMPLE_CH8_N2048_q16_rep4,3,4,3,sm_89,COMM_ONLY,NCCL,C2_RING_SIMPLE_CH8,2048,2048,2048,16,15,1048576,4,0,1356.032,0.000,0.000,0.000,PASS,0
mh_comm_C2_RING_SIMPLE_CH8_N2048_q16_rep4,3,4,3,sm_89,COMM_ONLY,NCCL,C2_RING_SIMPLE_CH8,2048,2048,2048,16,0,1048576,5,0,112.576,0.000,0.000,0.000,PASS,0
mh_comm_C2_RING_SIMPLE_CH8_N2048_q16_rep4,3,4,3,sm_89,COMM_ONLY,NCCL,C2_RING_SIMPLE_CH8,2048,2048,2048,16,1,1048576,5,0,204.352,0.000,0.000,0.000,PASS,0
mh_comm_C2_RING_SIMPLE_CH8_N2048_q16_rep4,3,4,3,sm_89,COMM_ONLY,NCCL,C2_RING_SIMPLE_CH8,2048,2048,2048,16,2,1048576,5,0,285.792,0.000,0.000,0.000,PASS,0
mh_comm_C2_RING_SIMPLE_CH8_N2048_q16_rep4,3,4,3,sm_89,COMM_ONLY,NCCL,C2_RING_SIMPLE_CH8,2048,2048,2048,16,3,1048576,5,0,366.464,0.000,0.000,0.000,PASS,0
mh_comm_C2_RING_SIMPLE_CH8_N2048_q16_rep4,3,4,3,sm_89,COMM_ONLY,NCCL,C2_RING_SIMPLE_CH8,2048,2048,2048,16,4,1048576,5,0,447.200,0.000,0.000,0.000,PASS,0
mh_comm_C2_RING_SIMPLE_CH8_N2048_q16_rep4,3,4,3,sm_89,COMM_ONLY,NCCL,C2_RING_SIMPLE_CH8,2048,2048,2048,16,5,1048576,5,0,528.576,0.000,0.000,0.000,PASS,0
mh_comm_C2_RING_SIMPLE_CH8_N2048_q16_rep4,3,4,3,sm_89,COMM_ONLY,NCCL,C2_RING_SIMPLE_CH8,2048,2048,2048,16,6,1048576,5,0,608.416,0.000,0.000,0.000,PASS,0
mh_comm_C2_RING_SIMPLE_CH8_N2048_q16_rep4,3,4,3,sm_89,COMM_ONLY,NCCL,C2_RING_SIMPLE_CH8,2048,2048,2048,16,7,1048576,5,0,689.088,0.000,0.000,0.000,PASS,0
mh_comm_C2_RING_SIMPLE_CH8_N2048_q16_rep4,3,4,3,sm_89,COMM_ONLY,NCCL,C2_RING_SIMPLE_CH8,2048,2048,2048,16,8,1048576,5,0,771.392,0.000,0.000,0.000,PASS,0
mh_comm_C2_RING_SIMPLE_CH8_N2048_q16_rep4,3,4,3,sm_89,COMM_ONLY,NCCL,C2_RING_SIMPLE_CH8,2048,2048,2048,16,9,1048576,5,0,862.592,0.000,0.000,0.000,PASS,0
mh_comm_C2_RING_SIMPLE_CH8_N2048_q16_rep4,3,4,3,sm_89,COMM_ONLY,NCCL,C2_RING_SIMPLE_CH8,2048,2048,2048,16,10,1048576,5,0,954.880,0.000,0.000,0.000,PASS,0
mh_comm_C2_RING_SIMPLE_CH8_N2048_q16_rep4,3,4,3,sm_89,COMM_ONLY,NCCL,C2_RING_SIMPLE_CH8,2048,2048,2048,16,11,1048576,5,0,1038.208,0.000,0.000,0.000,PASS,0
mh_comm_C2_RING_SIMPLE_CH8_N2048_q16_rep4,3,4,3,sm_89,COMM_ONLY,NCCL,C2_RING_SIMPLE_CH8,2048,2048,2048,16,12,1048576,5,0,1124.672,0.000,0.000,0.000,PASS,0
mh_comm_C2_RING_SIMPLE_CH8_N2048_q16_rep4,3,4,3,sm_89,COMM_ONLY,NCCL,C2_RING_SIMPLE_CH8,2048,2048,2048,16,13,1048576,5,0,1205.888,0.000,0.000,0.000,PASS,0
mh_comm_C2_RING_SIMPLE_CH8_N2048_q16_rep4,3,4,3,sm_89,COMM_ONLY,NCCL,C2_RING_SIMPLE_CH8,2048,2048,2048,16,14,1048576,5,0,1286.880,0.000,0.000,0.000,PASS,0
mh_comm_C2_RING_SIMPLE_CH8_N2048_q16_rep4,3,4,3,sm_89,COMM_ONLY,NCCL,C2_RING_SIMPLE_CH8,2048,2048,2048,16,15,1048576,5,0,1368.288,0.000,0.000,0.000,PASS,0
mh_comm_C2_RING_SIMPLE_CH8_N2048_q16_rep4,3,4,3,sm_89,COMM_ONLY,NCCL,C2_RING_SIMPLE_CH8,2048,2048,2048,16,0,1048576,6,0,111.968,0.000,0.000,0.000,PASS,0
mh_comm_C2_RING_SIMPLE_CH8_N2048_q16_rep4,3,4,3,sm_89,COMM_ONLY,NCCL,C2_RING_SIMPLE_CH8,2048,2048,2048,16,1,1048576,6,0,193.216,0.000,0.000,0.000,PASS,0
mh_comm_C2_RING_SIMPLE_CH8_N2048_q16_rep4,3,4,3,sm_89,COMM_ONLY,NCCL,C2_RING_SIMPLE_CH8,2048,2048,2048,16,2,1048576,6,0,274.400,0.000,0.000,0.000,PASS,0
mh_comm_C2_RING_SIMPLE_CH8_N2048_q16_rep4,3,4,3,sm_89,COMM_ONLY,NCCL,C2_RING_SIMPLE_CH8,2048,2048,2048,16,3,1048576,6,0,356.000,0.000,0.000,0.000,PASS,0
mh_comm_C2_RING_SIMPLE_CH8_N2048_q16_rep4,3,4,3,sm_89,COMM_ONLY,NCCL,C2_RING_SIMPLE_CH8,2048,2048,2048,16,4,1048576,6,0,438.464,0.000,0.000,0.000,PASS,0
mh_comm_C2_RING_SIMPLE_CH8_N2048_q16_rep4,3,4,3,sm_89,COMM_ONLY,NCCL,C2_RING_SIMPLE_CH8,2048,2048,2048,16,5,1048576,6,0,518.976,0.000,0.000,0.000,PASS,0
mh_comm_C2_RING_SIMPLE_CH8_N2048_q16_rep4,3,4,3,sm_89,COMM_ONLY,NCCL,C2_RING_SIMPLE_CH8,2048,2048,2048,16,6,1048576,6,0,599.584,0.000,0.000,0.000,PASS,0
mh_comm_C2_RING_SIMPLE_CH8_N2048_q16_rep4,3,4,3,sm_89,COMM_ONLY,NCCL,C2_RING_SIMPLE_CH8,2048,2048,2048,16,7,1048576,6,0,681.312,0.000,0.000,0.000,PASS,0
mh_comm_C2_RING_SIMPLE_CH8_N2048_q16_rep4,3,4,3,sm_89,COMM_ONLY,NCCL,C2_RING_SIMPLE_CH8,2048,2048,2048,16,8,1048576,6,0,763.712,0.000,0.000,0.000,PASS,0
mh_comm_C2_RING_SIMPLE_CH8_N2048_q16_rep4,3,4,3,sm_89,COMM_ONLY,NCCL,C2_RING_SIMPLE_CH8,2048,2048,2048,16,9,1048576,6,0,843.840,0.000,0.000,0.000,PASS,0
mh_comm_C2_RING_SIMPLE_CH8_N2048_q16_rep4,3,4,3,sm_89,COMM_ONLY,NCCL,C2_RING_SIMPLE_CH8,2048,2048,2048,16,10,1048576,6,0,925.440,0.000,0.000,0.000,PASS,0
mh_comm_C2_RING_SIMPLE_CH8_N2048_q16_rep4,3,4,3,sm_89,COMM_ONLY,NCCL,C2_RING_SIMPLE_CH8,2048,2048,2048,16,11,1048576,6,0,1007.680,0.000,0.000,0.000,PASS,0
mh_comm_C2_RING_SIMPLE_CH8_N2048_q16_rep4,3,4,3,sm_89,COMM_ONLY,NCCL,C2_RING_SIMPLE_CH8,2048,2048,2048,16,12,1048576,6,0,1089.632,0.000,0.000,0.000,PASS,0
mh_comm_C2_RING_SIMPLE_CH8_N2048_q16_rep4,3,4,3,sm_89,COMM_ONLY,NCCL,C2_RING_SIMPLE_CH8,2048,2048,2048,16,13,1048576,6,0,1170.080,0.000,0.000,0.000,PASS,0
mh_comm_C2_RING_SIMPLE_CH8_N2048_q16_rep4,3,4,3,sm_89,COMM_ONLY,NCCL,C2_RING_SIMPLE_CH8,2048,2048,2048,16,14,1048576,6,0,1252.320,0.000,0.000,0.000,PASS,0
mh_comm_C2_RING_SIMPLE_CH8_N2048_q16_rep4,3,4,3,sm_89,COMM_ONLY,NCCL,C2_RING_SIMPLE_CH8,2048,2048,2048,16,15,1048576,6,0,1333.632,0.000,0.000,0.000,PASS,0
mh_comm_C2_RING_SIMPLE_CH8_N2048_q16_rep4,3,4,3,sm_89,COMM_ONLY,NCCL,C2_RING_SIMPLE_CH8,2048,2048,2048,16,0,1048576,7,0,112.352,0.000,0.000,0.000,PASS,0
mh_comm_C2_RING_SIMPLE_CH8_N2048_q16_rep4,3,4,3,sm_89,COMM_ONLY,NCCL,C2_RING_SIMPLE_CH8,2048,2048,2048,16,1,1048576,7,0,194.560,0.000,0.000,0.000,PASS,0
mh_comm_C2_RING_SIMPLE_CH8_N2048_q16_rep4,3,4,3,sm_89,COMM_ONLY,NCCL,C2_RING_SIMPLE_CH8,2048,2048,2048,16,2,1048576,7,0,275.616,0.000,0.000,0.000,PASS,0
mh_comm_C2_RING_SIMPLE_CH8_N2048_q16_rep4,3,4,3,sm_89,COMM_ONLY,NCCL,C2_RING_SIMPLE_CH8,2048,2048,2048,16,3,1048576,7,0,357.216,0.000,0.000,0.000,PASS,0
mh_comm_C2_RING_SIMPLE_CH8_N2048_q16_rep4,3,4,3,sm_89,COMM_ONLY,NCCL,C2_RING_SIMPLE_CH8,2048,2048,2048,16,4,1048576,7,0,438.144,0.000,0.000,0.000,PASS,0
mh_comm_C2_RING_SIMPLE_CH8_N2048_q16_rep4,3,4,3,sm_89,COMM_ONLY,NCCL,C2_RING_SIMPLE_CH8,2048,2048,2048,16,5,1048576,7,0,519.584,0.000,0.000,0.000,PASS,0
mh_comm_C2_RING_SIMPLE_CH8_N2048_q16_rep4,3,4,3,sm_89,COMM_ONLY,NCCL,C2_RING_SIMPLE_CH8,2048,2048,2048,16,6,1048576,7,0,600.352,0.000,0.000,0.000,PASS,0
mh_comm_C2_RING_SIMPLE_CH8_N2048_q16_rep4,3,4,3,sm_89,COMM_ONLY,NCCL,C2_RING_SIMPLE_CH8,2048,2048,2048,16,7,1048576,7,0,681.280,0.000,0.000,0.000,PASS,0
mh_comm_C2_RING_SIMPLE_CH8_N2048_q16_rep4,3,4,3,sm_89,COMM_ONLY,NCCL,C2_RING_SIMPLE_CH8,2048,2048,2048,16,8,1048576,7,0,762.208,0.000,0.000,0.000,PASS,0
mh_comm_C2_RING_SIMPLE_CH8_N2048_q16_rep4,3,4,3,sm_89,COMM_ONLY,NCCL,C2_RING_SIMPLE_CH8,2048,2048,2048,16,9,1048576,7,0,842.880,0.000,0.000,0.000,PASS,0
mh_comm_C2_RING_SIMPLE_CH8_N2048_q16_rep4,3,4,3,sm_89,COMM_ONLY,NCCL,C2_RING_SIMPLE_CH8,2048,2048,2048,16,10,1048576,7,0,925.472,0.000,0.000,0.000,PASS,0
mh_comm_C2_RING_SIMPLE_CH8_N2048_q16_rep4,3,4,3,sm_89,COMM_ONLY,NCCL,C2_RING_SIMPLE_CH8,2048,2048,2048,16,11,1048576,7,0,1007.712,0.000,0.000,0.000,PASS,0
mh_comm_C2_RING_SIMPLE_CH8_N2048_q16_rep4,3,4,3,sm_89,COMM_ONLY,NCCL,C2_RING_SIMPLE_CH8,2048,2048,2048,16,12,1048576,7,0,1089.536,0.000,0.000,0.000,PASS,0
mh_comm_C2_RING_SIMPLE_CH8_N2048_q16_rep4,3,4,3,sm_89,COMM_ONLY,NCCL,C2_RING_SIMPLE_CH8,2048,2048,2048,16,13,1048576,7,0,1170.848,0.000,0.000,0.000,PASS,0
mh_comm_C2_RING_SIMPLE_CH8_N2048_q16_rep4,3,4,3,sm_89,COMM_ONLY,NCCL,C2_RING_SIMPLE_CH8,2048,2048,2048,16,14,1048576,7,0,1253.344,0.000,0.000,0.000,PASS,0
mh_comm_C2_RING_SIMPLE_CH8_N2048_q16_rep4,3,4,3,sm_89,COMM_ONLY,NCCL,C2_RING_SIMPLE_CH8,2048,2048,2048,16,15,1048576,7,0,1333.824,0.000,0.000,0.000,PASS,0
mh_comm_C2_RING_SIMPLE_CH8_N2048_q16_rep4,3,4,3,sm_89,COMM_ONLY,NCCL,C2_RING_SIMPLE_CH8,2048,2048,2048,16,0,1048576,8,0,111.584,0.000,0.000,0.000,PASS,0
mh_comm_C2_RING_SIMPLE_CH8_N2048_q16_rep4,3,4,3,sm_89,COMM_ONLY,NCCL,C2_RING_SIMPLE_CH8,2048,2048,2048,16,1,1048576,8,0,193.184,0.000,0.000,0.000,PASS,0
mh_comm_C2_RING_SIMPLE_CH8_N2048_q16_rep4,3,4,3,sm_89,COMM_ONLY,NCCL,C2_RING_SIMPLE_CH8,2048,2048,2048,16,2,1048576,8,0,273.696,0.000,0.000,0.000,PASS,0
mh_comm_C2_RING_SIMPLE_CH8_N2048_q16_rep4,3,4,3,sm_89,COMM_ONLY,NCCL,C2_RING_SIMPLE_CH8,2048,2048,2048,16,3,1048576,8,0,355.136,0.000,0.000,0.000,PASS,0
mh_comm_C2_RING_SIMPLE_CH8_N2048_q16_rep4,3,4,3,sm_89,COMM_ONLY,NCCL,C2_RING_SIMPLE_CH8,2048,2048,2048,16,4,1048576,8,0,437.088,0.000,0.000,0.000,PASS,0
mh_comm_C2_RING_SIMPLE_CH8_N2048_q16_rep4,3,4,3,sm_89,COMM_ONLY,NCCL,C2_RING_SIMPLE_CH8,2048,2048,2048,16,5,1048576,8,0,518.688,0.000,0.000,0.000,PASS,0
mh_comm_C2_RING_SIMPLE_CH8_N2048_q16_rep4,3,4,3,sm_89,COMM_ONLY,NCCL,C2_RING_SIMPLE_CH8,2048,2048,2048,16,6,1048576,8,0,598.048,0.000,0.000,0.000,PASS,0
mh_comm_C2_RING_SIMPLE_CH8_N2048_q16_rep4,3,4,3,sm_89,COMM_ONLY,NCCL,C2_RING_SIMPLE_CH8,2048,2048,2048,16,7,1048576,8,0,677.920,0.000,0.000,0.000,PASS,0
mh_comm_C2_RING_SIMPLE_CH8_N2048_q16_rep4,3,4,3,sm_89,COMM_ONLY,NCCL,C2_RING_SIMPLE_CH8,2048,2048,2048,16,8,1048576,8,0,760.224,0.000,0.000,0.000,PASS,0
mh_comm_C2_RING_SIMPLE_CH8_N2048_q16_rep4,3,4,3,sm_89,COMM_ONLY,NCCL,C2_RING_SIMPLE_CH8,2048,2048,2048,16,9,1048576,8,0,841.312,0.000,0.000,0.000,PASS,0
mh_comm_C2_RING_SIMPLE_CH8_N2048_q16_rep4,3,4,3,sm_89,COMM_ONLY,NCCL,C2_RING_SIMPLE_CH8,2048,2048,2048,16,10,1048576,8,0,922.272,0.000,0.000,0.000,PASS,0
mh_comm_C2_RING_SIMPLE_CH8_N2048_q16_rep4,3,4,3,sm_89,COMM_ONLY,NCCL,C2_RING_SIMPLE_CH8,2048,2048,2048,16,11,1048576,8,0,1003.968,0.000,0.000,0.000,PASS,0
mh_comm_C2_RING_SIMPLE_CH8_N2048_q16_rep4,3,4,3,sm_89,COMM_ONLY,NCCL,C2_RING_SIMPLE_CH8,2048,2048,2048,16,12,1048576,8,0,1084.928,0.000,0.000,0.000,PASS,0
mh_comm_C2_RING_SIMPLE_CH8_N2048_q16_rep4,3,4,3,sm_89,COMM_ONLY,NCCL,C2_RING_SIMPLE_CH8,2048,2048,2048,16,13,1048576,8,0,1166.816,0.000,0.000,0.000,PASS,0
mh_comm_C2_RING_SIMPLE_CH8_N2048_q16_rep4,3,4,3,sm_89,COMM_ONLY,NCCL,C2_RING_SIMPLE_CH8,2048,2048,2048,16,14,1048576,8,0,1248.608,0.000,0.000,0.000,PASS,0
mh_comm_C2_RING_SIMPLE_CH8_N2048_q16_rep4,3,4,3,sm_89,COMM_ONLY,NCCL,C2_RING_SIMPLE_CH8,2048,2048,2048,16,15,1048576,8,0,1329.408,0.000,0.000,0.000,PASS,0
mh_comm_C2_RING_SIMPLE_CH8_N2048_q16_rep4,3,4,3,sm_89,COMM_ONLY,NCCL,C2_RING_SIMPLE_CH8,2048,2048,2048,16,0,1048576,9,0,113.536,0.000,0.000,0.000,PASS,0
mh_comm_C2_RING_SIMPLE_CH8_N2048_q16_rep4,3,4,3,sm_89,COMM_ONLY,NCCL,C2_RING_SIMPLE_CH8,2048,2048,2048,16,1,1048576,9,0,194.944,0.000,0.000,0.000,PASS,0
mh_comm_C2_RING_SIMPLE_CH8_N2048_q16_rep4,3,4,3,sm_89,COMM_ONLY,NCCL,C2_RING_SIMPLE_CH8,2048,2048,2048,16,2,1048576,9,0,276.480,0.000,0.000,0.000,PASS,0
mh_comm_C2_RING_SIMPLE_CH8_N2048_q16_rep4,3,4,3,sm_89,COMM_ONLY,NCCL,C2_RING_SIMPLE_CH8,2048,2048,2048,16,3,1048576,9,0,357.728,0.000,0.000,0.000,PASS,0
mh_comm_C2_RING_SIMPLE_CH8_N2048_q16_rep4,3,4,3,sm_89,COMM_ONLY,NCCL,C2_RING_SIMPLE_CH8,2048,2048,2048,16,4,1048576,9,0,439.040,0.000,0.000,0.000,PASS,0
mh_comm_C2_RING_SIMPLE_CH8_N2048_q16_rep4,3,4,3,sm_89,COMM_ONLY,NCCL,C2_RING_SIMPLE_CH8,2048,2048,2048,16,5,1048576,9,0,519.904,0.000,0.000,0.000,PASS,0
mh_comm_C2_RING_SIMPLE_CH8_N2048_q16_rep4,3,4,3,sm_89,COMM_ONLY,NCCL,C2_RING_SIMPLE_CH8,2048,2048,2048,16,6,1048576,9,0,600.064,0.000,0.000,0.000,PASS,0
mh_comm_C2_RING_SIMPLE_CH8_N2048_q16_rep4,3,4,3,sm_89,COMM_ONLY,NCCL,C2_RING_SIMPLE_CH8,2048,2048,2048,16,7,1048576,9,0,681.696,0.000,0.000,0.000,PASS,0
mh_comm_C2_RING_SIMPLE_CH8_N2048_q16_rep4,3,4,3,sm_89,COMM_ONLY,NCCL,C2_RING_SIMPLE_CH8,2048,2048,2048,16,8,1048576,9,0,764.128,0.000,0.000,0.000,PASS,0
mh_comm_C2_RING_SIMPLE_CH8_N2048_q16_rep4,3,4,3,sm_89,COMM_ONLY,NCCL,C2_RING_SIMPLE_CH8,2048,2048,2048,16,9,1048576,9,0,844.608,0.000,0.000,0.000,PASS,0
mh_comm_C2_RING_SIMPLE_CH8_N2048_q16_rep4,3,4,3,sm_89,COMM_ONLY,NCCL,C2_RING_SIMPLE_CH8,2048,2048,2048,16,10,1048576,9,0,926.240,0.000,0.000,0.000,PASS,0
mh_comm_C2_RING_SIMPLE_CH8_N2048_q16_rep4,3,4,3,sm_89,COMM_ONLY,NCCL,C2_RING_SIMPLE_CH8,2048,2048,2048,16,11,1048576,9,0,1008.224,0.000,0.000,0.000,PASS,0
mh_comm_C2_RING_SIMPLE_CH8_N2048_q16_rep4,3,4,3,sm_89,COMM_ONLY,NCCL,C2_RING_SIMPLE_CH8,2048,2048,2048,16,12,1048576,9,0,1105.120,0.000,0.000,0.000,PASS,0
mh_comm_C2_RING_SIMPLE_CH8_N2048_q16_rep4,3,4,3,sm_89,COMM_ONLY,NCCL,C2_RING_SIMPLE_CH8,2048,2048,2048,16,13,1048576,9,0,1184.992,0.000,0.000,0.000,PASS,0
mh_comm_C2_RING_SIMPLE_CH8_N2048_q16_rep4,3,4,3,sm_89,COMM_ONLY,NCCL,C2_RING_SIMPLE_CH8,2048,2048,2048,16,14,1048576,9,0,1267.296,0.000,0.000,0.000,PASS,0
mh_comm_C2_RING_SIMPLE_CH8_N2048_q16_rep4,3,4,3,sm_89,COMM_ONLY,NCCL,C2_RING_SIMPLE_CH8,2048,2048,2048,16,15,1048576,9,0,1347.456,0.000,0.000,0.000,PASS,0
mh_comm_C2_RING_SIMPLE_CH8_N2048_q16_rep4,3,4,3,sm_89,COMM_ONLY,NCCL,C2_RING_SIMPLE_CH8,2048,2048,2048,16,0,1048576,10,0,111.968,0.000,0.000,0.000,PASS,0
mh_comm_C2_RING_SIMPLE_CH8_N2048_q16_rep4,3,4,3,sm_89,COMM_ONLY,NCCL,C2_RING_SIMPLE_CH8,2048,2048,2048,16,1,1048576,10,0,193.920,0.000,0.000,0.000,PASS,0
mh_comm_C2_RING_SIMPLE_CH8_N2048_q16_rep4,3,4,3,sm_89,COMM_ONLY,NCCL,C2_RING_SIMPLE_CH8,2048,2048,2048,16,2,1048576,10,0,273.664,0.000,0.000,0.000,PASS,0
mh_comm_C2_RING_SIMPLE_CH8_N2048_q16_rep4,3,4,3,sm_89,COMM_ONLY,NCCL,C2_RING_SIMPLE_CH8,2048,2048,2048,16,3,1048576,10,0,354.560,0.000,0.000,0.000,PASS,0
mh_comm_C2_RING_SIMPLE_CH8_N2048_q16_rep4,3,4,3,sm_89,COMM_ONLY,NCCL,C2_RING_SIMPLE_CH8,2048,2048,2048,16,4,1048576,10,0,437.344,0.000,0.000,0.000,PASS,0
mh_comm_C2_RING_SIMPLE_CH8_N2048_q16_rep4,3,4,3,sm_89,COMM_ONLY,NCCL,C2_RING_SIMPLE_CH8,2048,2048,2048,16,5,1048576,10,0,518.752,0.000,0.000,0.000,PASS,0
mh_comm_C2_RING_SIMPLE_CH8_N2048_q16_rep4,3,4,3,sm_89,COMM_ONLY,NCCL,C2_RING_SIMPLE_CH8,2048,2048,2048,16,6,1048576,10,0,598.368,0.000,0.000,0.000,PASS,0
mh_comm_C2_RING_SIMPLE_CH8_N2048_q16_rep4,3,4,3,sm_89,COMM_ONLY,NCCL,C2_RING_SIMPLE_CH8,2048,2048,2048,16,7,1048576,10,0,678.496,0.000,0.000,0.000,PASS,0
mh_comm_C2_RING_SIMPLE_CH8_N2048_q16_rep4,3,4,3,sm_89,COMM_ONLY,NCCL,C2_RING_SIMPLE_CH8,2048,2048,2048,16,8,1048576,10,0,761.216,0.000,0.000,0.000,PASS,0
mh_comm_C2_RING_SIMPLE_CH8_N2048_q16_rep4,3,4,3,sm_89,COMM_ONLY,NCCL,C2_RING_SIMPLE_CH8,2048,2048,2048,16,9,1048576,10,0,842.208,0.000,0.000,0.000,PASS,0
mh_comm_C2_RING_SIMPLE_CH8_N2048_q16_rep4,3,4,3,sm_89,COMM_ONLY,NCCL,C2_RING_SIMPLE_CH8,2048,2048,2048,16,10,1048576,10,0,923.872,0.000,0.000,0.000,PASS,0
mh_comm_C2_RING_SIMPLE_CH8_N2048_q16_rep4,3,4,3,sm_89,COMM_ONLY,NCCL,C2_RING_SIMPLE_CH8,2048,2048,2048,16,11,1048576,10,0,1005.216,0.000,0.000,0.000,PASS,0
mh_comm_C2_RING_SIMPLE_CH8_N2048_q16_rep4,3,4,3,sm_89,COMM_ONLY,NCCL,C2_RING_SIMPLE_CH8,2048,2048,2048,16,12,1048576,10,0,1086.592,0.000,0.000,0.000,PASS,0
mh_comm_C2_RING_SIMPLE_CH8_N2048_q16_rep4,3,4,3,sm_89,COMM_ONLY,NCCL,C2_RING_SIMPLE_CH8,2048,2048,2048,16,13,1048576,10,0,1166.944,0.000,0.000,0.000,PASS,0
mh_comm_C2_RING_SIMPLE_CH8_N2048_q16_rep4,3,4,3,sm_89,COMM_ONLY,NCCL,C2_RING_SIMPLE_CH8,2048,2048,2048,16,14,1048576,10,0,1249.152,0.000,0.000,0.000,PASS,0
mh_comm_C2_RING_SIMPLE_CH8_N2048_q16_rep4,3,4,3,sm_89,COMM_ONLY,NCCL,C2_RING_SIMPLE_CH8,2048,2048,2048,16,15,1048576,10,0,1331.008,0.000,0.000,0.000,PASS,0
mh_comm_C2_RING_SIMPLE_CH8_N2048_q16_rep4,3,4,3,sm_89,COMM_ONLY,NCCL,C2_RING_SIMPLE_CH8,2048,2048,2048,16,0,1048576,11,0,114.080,0.000,0.000,0.000,PASS,0
mh_comm_C2_RING_SIMPLE_CH8_N2048_q16_rep4,3,4,3,sm_89,COMM_ONLY,NCCL,C2_RING_SIMPLE_CH8,2048,2048,2048,16,1,1048576,11,0,195.200,0.000,0.000,0.000,PASS,0
mh_comm_C2_RING_SIMPLE_CH8_N2048_q16_rep4,3,4,3,sm_89,COMM_ONLY,NCCL,C2_RING_SIMPLE_CH8,2048,2048,2048,16,2,1048576,11,0,275.872,0.000,0.000,0.000,PASS,0
mh_comm_C2_RING_SIMPLE_CH8_N2048_q16_rep4,3,4,3,sm_89,COMM_ONLY,NCCL,C2_RING_SIMPLE_CH8,2048,2048,2048,16,3,1048576,11,0,355.904,0.000,0.000,0.000,PASS,0
mh_comm_C2_RING_SIMPLE_CH8_N2048_q16_rep4,3,4,3,sm_89,COMM_ONLY,NCCL,C2_RING_SIMPLE_CH8,2048,2048,2048,16,4,1048576,11,0,437.760,0.000,0.000,0.000,PASS,0
mh_comm_C2_RING_SIMPLE_CH8_N2048_q16_rep4,3,4,3,sm_89,COMM_ONLY,NCCL,C2_RING_SIMPLE_CH8,2048,2048,2048,16,5,1048576,11,0,530.176,0.000,0.000,0.000,PASS,0
mh_comm_C2_RING_SIMPLE_CH8_N2048_q16_rep4,3,4,3,sm_89,COMM_ONLY,NCCL,C2_RING_SIMPLE_CH8,2048,2048,2048,16,6,1048576,11,0,611.072,0.000,0.000,0.000,PASS,0
mh_comm_C2_RING_SIMPLE_CH8_N2048_q16_rep4,3,4,3,sm_89,COMM_ONLY,NCCL,C2_RING_SIMPLE_CH8,2048,2048,2048,16,7,1048576,11,0,691.200,0.000,0.000,0.000,PASS,0
mh_comm_C2_RING_SIMPLE_CH8_N2048_q16_rep4,3,4,3,sm_89,COMM_ONLY,NCCL,C2_RING_SIMPLE_CH8,2048,2048,2048,16,8,1048576,11,0,786.688,0.000,0.000,0.000,PASS,0
mh_comm_C2_RING_SIMPLE_CH8_N2048_q16_rep4,3,4,3,sm_89,COMM_ONLY,NCCL,C2_RING_SIMPLE_CH8,2048,2048,2048,16,9,1048576,11,0,867.104,0.000,0.000,0.000,PASS,0
mh_comm_C2_RING_SIMPLE_CH8_N2048_q16_rep4,3,4,3,sm_89,COMM_ONLY,NCCL,C2_RING_SIMPLE_CH8,2048,2048,2048,16,10,1048576,11,0,947.616,0.000,0.000,0.000,PASS,0
mh_comm_C2_RING_SIMPLE_CH8_N2048_q16_rep4,3,4,3,sm_89,COMM_ONLY,NCCL,C2_RING_SIMPLE_CH8,2048,2048,2048,16,11,1048576,11,0,1030.016,0.000,0.000,0.000,PASS,0
mh_comm_C2_RING_SIMPLE_CH8_N2048_q16_rep4,3,4,3,sm_89,COMM_ONLY,NCCL,C2_RING_SIMPLE_CH8,2048,2048,2048,16,12,1048576,11,0,1111.424,0.000,0.000,0.000,PASS,0
mh_comm_C2_RING_SIMPLE_CH8_N2048_q16_rep4,3,4,3,sm_89,COMM_ONLY,NCCL,C2_RING_SIMPLE_CH8,2048,2048,2048,16,13,1048576,11,0,1204.704,0.000,0.000,0.000,PASS,0
mh_comm_C2_RING_SIMPLE_CH8_N2048_q16_rep4,3,4,3,sm_89,COMM_ONLY,NCCL,C2_RING_SIMPLE_CH8,2048,2048,2048,16,14,1048576,11,0,1286.496,0.000,0.000,0.000,PASS,0
mh_comm_C2_RING_SIMPLE_CH8_N2048_q16_rep4,3,4,3,sm_89,COMM_ONLY,NCCL,C2_RING_SIMPLE_CH8,2048,2048,2048,16,15,1048576,11,0,1366.368,0.000,0.000,0.000,PASS,0
mh_comm_C2_RING_SIMPLE_CH8_N2048_q16_rep4,3,4,3,sm_89,COMM_ONLY,NCCL,C2_RING_SIMPLE_CH8,2048,2048,2048,16,0,1048576,12,0,111.712,0.000,0.000,0.000,PASS,0
mh_comm_C2_RING_SIMPLE_CH8_N2048_q16_rep4,3,4,3,sm_89,COMM_ONLY,NCCL,C2_RING_SIMPLE_CH8,2048,2048,2048,16,1,1048576,12,0,193.376,0.000,0.000,0.000,PASS,0
mh_comm_C2_RING_SIMPLE_CH8_N2048_q16_rep4,3,4,3,sm_89,COMM_ONLY,NCCL,C2_RING_SIMPLE_CH8,2048,2048,2048,16,2,1048576,12,0,274.464,0.000,0.000,0.000,PASS,0
mh_comm_C2_RING_SIMPLE_CH8_N2048_q16_rep4,3,4,3,sm_89,COMM_ONLY,NCCL,C2_RING_SIMPLE_CH8,2048,2048,2048,16,3,1048576,12,0,356.032,0.000,0.000,0.000,PASS,0
mh_comm_C2_RING_SIMPLE_CH8_N2048_q16_rep4,3,4,3,sm_89,COMM_ONLY,NCCL,C2_RING_SIMPLE_CH8,2048,2048,2048,16,4,1048576,12,0,450.688,0.000,0.000,0.000,PASS,0
mh_comm_C2_RING_SIMPLE_CH8_N2048_q16_rep4,3,4,3,sm_89,COMM_ONLY,NCCL,C2_RING_SIMPLE_CH8,2048,2048,2048,16,5,1048576,12,0,531.392,0.000,0.000,0.000,PASS,0
mh_comm_C2_RING_SIMPLE_CH8_N2048_q16_rep4,3,4,3,sm_89,COMM_ONLY,NCCL,C2_RING_SIMPLE_CH8,2048,2048,2048,16,6,1048576,12,0,611.424,0.000,0.000,0.000,PASS,0
mh_comm_C2_RING_SIMPLE_CH8_N2048_q16_rep4,3,4,3,sm_89,COMM_ONLY,NCCL,C2_RING_SIMPLE_CH8,2048,2048,2048,16,7,1048576,12,0,691.552,0.000,0.000,0.000,PASS,0
mh_comm_C2_RING_SIMPLE_CH8_N2048_q16_rep4,3,4,3,sm_89,COMM_ONLY,NCCL,C2_RING_SIMPLE_CH8,2048,2048,2048,16,8,1048576,12,0,773.408,0.000,0.000,0.000,PASS,0
mh_comm_C2_RING_SIMPLE_CH8_N2048_q16_rep4,3,4,3,sm_89,COMM_ONLY,NCCL,C2_RING_SIMPLE_CH8,2048,2048,2048,16,9,1048576,12,0,866.720,0.000,0.000,0.000,PASS,0
mh_comm_C2_RING_SIMPLE_CH8_N2048_q16_rep4,3,4,3,sm_89,COMM_ONLY,NCCL,C2_RING_SIMPLE_CH8,2048,2048,2048,16,10,1048576,12,0,947.136,0.000,0.000,0.000,PASS,0
mh_comm_C2_RING_SIMPLE_CH8_N2048_q16_rep4,3,4,3,sm_89,COMM_ONLY,NCCL,C2_RING_SIMPLE_CH8,2048,2048,2048,16,11,1048576,12,0,1028.800,0.000,0.000,0.000,PASS,0
mh_comm_C2_RING_SIMPLE_CH8_N2048_q16_rep4,3,4,3,sm_89,COMM_ONLY,NCCL,C2_RING_SIMPLE_CH8,2048,2048,2048,16,12,1048576,12,0,1120.704,0.000,0.000,0.000,PASS,0
mh_comm_C2_RING_SIMPLE_CH8_N2048_q16_rep4,3,4,3,sm_89,COMM_ONLY,NCCL,C2_RING_SIMPLE_CH8,2048,2048,2048,16,13,1048576,12,0,1200.928,0.000,0.000,0.000,PASS,0
mh_comm_C2_RING_SIMPLE_CH8_N2048_q16_rep4,3,4,3,sm_89,COMM_ONLY,NCCL,C2_RING_SIMPLE_CH8,2048,2048,2048,16,14,1048576,12,0,1282.624,0.000,0.000,0.000,PASS,0
mh_comm_C2_RING_SIMPLE_CH8_N2048_q16_rep4,3,4,3,sm_89,COMM_ONLY,NCCL,C2_RING_SIMPLE_CH8,2048,2048,2048,16,15,1048576,12,0,1363.072,0.000,0.000,0.000,PASS,0
mh_comm_C2_RING_SIMPLE_CH8_N2048_q16_rep4,3,4,3,sm_89,COMM_ONLY,NCCL,C2_RING_SIMPLE_CH8,2048,2048,2048,16,0,1048576,13,0,128.768,0.000,0.000,0.000,PASS,0
mh_comm_C2_RING_SIMPLE_CH8_N2048_q16_rep4,3,4,3,sm_89,COMM_ONLY,NCCL,C2_RING_SIMPLE_CH8,2048,2048,2048,16,1,1048576,13,0,211.264,0.000,0.000,0.000,PASS,0
mh_comm_C2_RING_SIMPLE_CH8_N2048_q16_rep4,3,4,3,sm_89,COMM_ONLY,NCCL,C2_RING_SIMPLE_CH8,2048,2048,2048,16,2,1048576,13,0,291.136,0.000,0.000,0.000,PASS,0
mh_comm_C2_RING_SIMPLE_CH8_N2048_q16_rep4,3,4,3,sm_89,COMM_ONLY,NCCL,C2_RING_SIMPLE_CH8,2048,2048,2048,16,3,1048576,13,0,371.840,0.000,0.000,0.000,PASS,0
mh_comm_C2_RING_SIMPLE_CH8_N2048_q16_rep4,3,4,3,sm_89,COMM_ONLY,NCCL,C2_RING_SIMPLE_CH8,2048,2048,2048,16,4,1048576,13,0,465.920,0.000,0.000,0.000,PASS,0
mh_comm_C2_RING_SIMPLE_CH8_N2048_q16_rep4,3,4,3,sm_89,COMM_ONLY,NCCL,C2_RING_SIMPLE_CH8,2048,2048,2048,16,5,1048576,13,0,548.704,0.000,0.000,0.000,PASS,0
mh_comm_C2_RING_SIMPLE_CH8_N2048_q16_rep4,3,4,3,sm_89,COMM_ONLY,NCCL,C2_RING_SIMPLE_CH8,2048,2048,2048,16,6,1048576,13,0,629.440,0.000,0.000,0.000,PASS,0
mh_comm_C2_RING_SIMPLE_CH8_N2048_q16_rep4,3,4,3,sm_89,COMM_ONLY,NCCL,C2_RING_SIMPLE_CH8,2048,2048,2048,16,7,1048576,13,0,720.992,0.000,0.000,0.000,PASS,0
mh_comm_C2_RING_SIMPLE_CH8_N2048_q16_rep4,3,4,3,sm_89,COMM_ONLY,NCCL,C2_RING_SIMPLE_CH8,2048,2048,2048,16,8,1048576,13,0,803.616,0.000,0.000,0.000,PASS,0
mh_comm_C2_RING_SIMPLE_CH8_N2048_q16_rep4,3,4,3,sm_89,COMM_ONLY,NCCL,C2_RING_SIMPLE_CH8,2048,2048,2048,16,9,1048576,13,0,894.880,0.000,0.000,0.000,PASS,0
mh_comm_C2_RING_SIMPLE_CH8_N2048_q16_rep4,3,4,3,sm_89,COMM_ONLY,NCCL,C2_RING_SIMPLE_CH8,2048,2048,2048,16,10,1048576,13,0,977.824,0.000,0.000,0.000,PASS,0
mh_comm_C2_RING_SIMPLE_CH8_N2048_q16_rep4,3,4,3,sm_89,COMM_ONLY,NCCL,C2_RING_SIMPLE_CH8,2048,2048,2048,16,11,1048576,13,0,1068.800,0.000,0.000,0.000,PASS,0
mh_comm_C2_RING_SIMPLE_CH8_N2048_q16_rep4,3,4,3,sm_89,COMM_ONLY,NCCL,C2_RING_SIMPLE_CH8,2048,2048,2048,16,12,1048576,13,0,1158.464,0.000,0.000,0.000,PASS,0
mh_comm_C2_RING_SIMPLE_CH8_N2048_q16_rep4,3,4,3,sm_89,COMM_ONLY,NCCL,C2_RING_SIMPLE_CH8,2048,2048,2048,16,13,1048576,13,0,1240.224,0.000,0.000,0.000,PASS,0
mh_comm_C2_RING_SIMPLE_CH8_N2048_q16_rep4,3,4,3,sm_89,COMM_ONLY,NCCL,C2_RING_SIMPLE_CH8,2048,2048,2048,16,14,1048576,13,0,1332.096,0.000,0.000,0.000,PASS,0
mh_comm_C2_RING_SIMPLE_CH8_N2048_q16_rep4,3,4,3,sm_89,COMM_ONLY,NCCL,C2_RING_SIMPLE_CH8,2048,2048,2048,16,15,1048576,13,0,1414.048,0.000,0.000,0.000,PASS,0
mh_comm_C2_RING_SIMPLE_CH8_N2048_q16_rep4,3,4,3,sm_89,COMM_ONLY,NCCL,C2_RING_SIMPLE_CH8,2048,2048,2048,16,0,1048576,14,0,143.968,0.000,0.000,0.000,PASS,0
mh_comm_C2_RING_SIMPLE_CH8_N2048_q16_rep4,3,4,3,sm_89,COMM_ONLY,NCCL,C2_RING_SIMPLE_CH8,2048,2048,2048,16,1,1048576,14,0,241.088,0.000,0.000,0.000,PASS,0
mh_comm_C2_RING_SIMPLE_CH8_N2048_q16_rep4,3,4,3,sm_89,COMM_ONLY,NCCL,C2_RING_SIMPLE_CH8,2048,2048,2048,16,2,1048576,14,0,329.600,0.000,0.000,0.000,PASS,0
mh_comm_C2_RING_SIMPLE_CH8_N2048_q16_rep4,3,4,3,sm_89,COMM_ONLY,NCCL,C2_RING_SIMPLE_CH8,2048,2048,2048,16,3,1048576,14,0,432.864,0.000,0.000,0.000,PASS,0
mh_comm_C2_RING_SIMPLE_CH8_N2048_q16_rep4,3,4,3,sm_89,COMM_ONLY,NCCL,C2_RING_SIMPLE_CH8,2048,2048,2048,16,4,1048576,14,0,515.072,0.000,0.000,0.000,PASS,0
mh_comm_C2_RING_SIMPLE_CH8_N2048_q16_rep4,3,4,3,sm_89,COMM_ONLY,NCCL,C2_RING_SIMPLE_CH8,2048,2048,2048,16,5,1048576,14,0,597.536,0.000,0.000,0.000,PASS,0
mh_comm_C2_RING_SIMPLE_CH8_N2048_q16_rep4,3,4,3,sm_89,COMM_ONLY,NCCL,C2_RING_SIMPLE_CH8,2048,2048,2048,16,6,1048576,14,0,685.728,0.000,0.000,0.000,PASS,0
mh_comm_C2_RING_SIMPLE_CH8_N2048_q16_rep4,3,4,3,sm_89,COMM_ONLY,NCCL,C2_RING_SIMPLE_CH8,2048,2048,2048,16,7,1048576,14,0,792.832,0.000,0.000,0.000,PASS,0
mh_comm_C2_RING_SIMPLE_CH8_N2048_q16_rep4,3,4,3,sm_89,COMM_ONLY,NCCL,C2_RING_SIMPLE_CH8,2048,2048,2048,16,8,1048576,14,0,885.600,0.000,0.000,0.000,PASS,0
mh_comm_C2_RING_SIMPLE_CH8_N2048_q16_rep4,3,4,3,sm_89,COMM_ONLY,NCCL,C2_RING_SIMPLE_CH8,2048,2048,2048,16,9,1048576,14,0,965.280,0.000,0.000,0.000,PASS,0
mh_comm_C2_RING_SIMPLE_CH8_N2048_q16_rep4,3,4,3,sm_89,COMM_ONLY,NCCL,C2_RING_SIMPLE_CH8,2048,2048,2048,16,10,1048576,14,0,1045.216,0.000,0.000,0.000,PASS,0
mh_comm_C2_RING_SIMPLE_CH8_N2048_q16_rep4,3,4,3,sm_89,COMM_ONLY,NCCL,C2_RING_SIMPLE_CH8,2048,2048,2048,16,11,1048576,14,0,1138.464,0.000,0.000,0.000,PASS,0
mh_comm_C2_RING_SIMPLE_CH8_N2048_q16_rep4,3,4,3,sm_89,COMM_ONLY,NCCL,C2_RING_SIMPLE_CH8,2048,2048,2048,16,12,1048576,14,0,1232.416,0.000,0.000,0.000,PASS,0
mh_comm_C2_RING_SIMPLE_CH8_N2048_q16_rep4,3,4,3,sm_89,COMM_ONLY,NCCL,C2_RING_SIMPLE_CH8,2048,2048,2048,16,13,1048576,14,0,1325.024,0.000,0.000,0.000,PASS,0
mh_comm_C2_RING_SIMPLE_CH8_N2048_q16_rep4,3,4,3,sm_89,COMM_ONLY,NCCL,C2_RING_SIMPLE_CH8,2048,2048,2048,16,14,1048576,14,0,1410.336,0.000,0.000,0.000,PASS,0
mh_comm_C2_RING_SIMPLE_CH8_N2048_q16_rep4,3,4,3,sm_89,COMM_ONLY,NCCL,C2_RING_SIMPLE_CH8,2048,2048,2048,16,15,1048576,14,0,1491.328,0.000,0.000,0.000,PASS,0
mh_comm_C2_RING_SIMPLE_CH8_N2048_q16_rep4,3,4,3,sm_89,COMM_ONLY,NCCL,C2_RING_SIMPLE_CH8,2048,2048,2048,16,0,1048576,15,0,124.256,0.000,0.000,0.000,PASS,0
mh_comm_C2_RING_SIMPLE_CH8_N2048_q16_rep4,3,4,3,sm_89,COMM_ONLY,NCCL,C2_RING_SIMPLE_CH8,2048,2048,2048,16,1,1048576,15,0,218.656,0.000,0.000,0.000,PASS,0
mh_comm_C2_RING_SIMPLE_CH8_N2048_q16_rep4,3,4,3,sm_89,COMM_ONLY,NCCL,C2_RING_SIMPLE_CH8,2048,2048,2048,16,2,1048576,15,0,299.424,0.000,0.000,0.000,PASS,0
mh_comm_C2_RING_SIMPLE_CH8_N2048_q16_rep4,3,4,3,sm_89,COMM_ONLY,NCCL,C2_RING_SIMPLE_CH8,2048,2048,2048,16,3,1048576,15,0,381.024,0.000,0.000,0.000,PASS,0
mh_comm_C2_RING_SIMPLE_CH8_N2048_q16_rep4,3,4,3,sm_89,COMM_ONLY,NCCL,C2_RING_SIMPLE_CH8,2048,2048,2048,16,4,1048576,15,0,472.608,0.000,0.000,0.000,PASS,0
mh_comm_C2_RING_SIMPLE_CH8_N2048_q16_rep4,3,4,3,sm_89,COMM_ONLY,NCCL,C2_RING_SIMPLE_CH8,2048,2048,2048,16,5,1048576,15,0,557.984,0.000,0.000,0.000,PASS,0
mh_comm_C2_RING_SIMPLE_CH8_N2048_q16_rep4,3,4,3,sm_89,COMM_ONLY,NCCL,C2_RING_SIMPLE_CH8,2048,2048,2048,16,6,1048576,15,0,645.152,0.000,0.000,0.000,PASS,0
mh_comm_C2_RING_SIMPLE_CH8_N2048_q16_rep4,3,4,3,sm_89,COMM_ONLY,NCCL,C2_RING_SIMPLE_CH8,2048,2048,2048,16,7,1048576,15,0,732.832,0.000,0.000,0.000,PASS,0
mh_comm_C2_RING_SIMPLE_CH8_N2048_q16_rep4,3,4,3,sm_89,COMM_ONLY,NCCL,C2_RING_SIMPLE_CH8,2048,2048,2048,16,8,1048576,15,0,815.712,0.000,0.000,0.000,PASS,0
mh_comm_C2_RING_SIMPLE_CH8_N2048_q16_rep4,3,4,3,sm_89,COMM_ONLY,NCCL,C2_RING_SIMPLE_CH8,2048,2048,2048,16,9,1048576,15,0,903.936,0.000,0.000,0.000,PASS,0
mh_comm_C2_RING_SIMPLE_CH8_N2048_q16_rep4,3,4,3,sm_89,COMM_ONLY,NCCL,C2_RING_SIMPLE_CH8,2048,2048,2048,16,10,1048576,15,0,986.208,0.000,0.000,0.000,PASS,0
mh_comm_C2_RING_SIMPLE_CH8_N2048_q16_rep4,3,4,3,sm_89,COMM_ONLY,NCCL,C2_RING_SIMPLE_CH8,2048,2048,2048,16,11,1048576,15,0,1082.080,0.000,0.000,0.000,PASS,0
mh_comm_C2_RING_SIMPLE_CH8_N2048_q16_rep4,3,4,3,sm_89,COMM_ONLY,NCCL,C2_RING_SIMPLE_CH8,2048,2048,2048,16,12,1048576,15,0,1164.768,0.000,0.000,0.000,PASS,0
mh_comm_C2_RING_SIMPLE_CH8_N2048_q16_rep4,3,4,3,sm_89,COMM_ONLY,NCCL,C2_RING_SIMPLE_CH8,2048,2048,2048,16,13,1048576,15,0,1245.504,0.000,0.000,0.000,PASS,0
mh_comm_C2_RING_SIMPLE_CH8_N2048_q16_rep4,3,4,3,sm_89,COMM_ONLY,NCCL,C2_RING_SIMPLE_CH8,2048,2048,2048,16,14,1048576,15,0,1327.168,0.000,0.000,0.000,PASS,0
mh_comm_C2_RING_SIMPLE_CH8_N2048_q16_rep4,3,4,3,sm_89,COMM_ONLY,NCCL,C2_RING_SIMPLE_CH8,2048,2048,2048,16,15,1048576,15,0,1407.232,0.000,0.000,0.000,PASS,0
mh_comm_C2_RING_SIMPLE_CH8_N2048_q16_rep4,3,4,3,sm_89,COMM_ONLY,NCCL,C2_RING_SIMPLE_CH8,2048,2048,2048,16,0,1048576,16,0,126.176,0.000,0.000,0.000,PASS,0
mh_comm_C2_RING_SIMPLE_CH8_N2048_q16_rep4,3,4,3,sm_89,COMM_ONLY,NCCL,C2_RING_SIMPLE_CH8,2048,2048,2048,16,1,1048576,16,0,207.424,0.000,0.000,0.000,PASS,0
mh_comm_C2_RING_SIMPLE_CH8_N2048_q16_rep4,3,4,3,sm_89,COMM_ONLY,NCCL,C2_RING_SIMPLE_CH8,2048,2048,2048,16,2,1048576,16,0,288.480,0.000,0.000,0.000,PASS,0
mh_comm_C2_RING_SIMPLE_CH8_N2048_q16_rep4,3,4,3,sm_89,COMM_ONLY,NCCL,C2_RING_SIMPLE_CH8,2048,2048,2048,16,3,1048576,16,0,369.056,0.000,0.000,0.000,PASS,0
mh_comm_C2_RING_SIMPLE_CH8_N2048_q16_rep4,3,4,3,sm_89,COMM_ONLY,NCCL,C2_RING_SIMPLE_CH8,2048,2048,2048,16,4,1048576,16,0,449.824,0.000,0.000,0.000,PASS,0
mh_comm_C2_RING_SIMPLE_CH8_N2048_q16_rep4,3,4,3,sm_89,COMM_ONLY,NCCL,C2_RING_SIMPLE_CH8,2048,2048,2048,16,5,1048576,16,0,530.592,0.000,0.000,0.000,PASS,0
mh_comm_C2_RING_SIMPLE_CH8_N2048_q16_rep4,3,4,3,sm_89,COMM_ONLY,NCCL,C2_RING_SIMPLE_CH8,2048,2048,2048,16,6,1048576,16,0,611.456,0.000,0.000,0.000,PASS,0
mh_comm_C2_RING_SIMPLE_CH8_N2048_q16_rep4,3,4,3,sm_89,COMM_ONLY,NCCL,C2_RING_SIMPLE_CH8,2048,2048,2048,16,7,1048576,16,0,691.872,0.000,0.000,0.000,PASS,0
mh_comm_C2_RING_SIMPLE_CH8_N2048_q16_rep4,3,4,3,sm_89,COMM_ONLY,NCCL,C2_RING_SIMPLE_CH8,2048,2048,2048,16,8,1048576,16,0,773.760,0.000,0.000,0.000,PASS,0
mh_comm_C2_RING_SIMPLE_CH8_N2048_q16_rep4,3,4,3,sm_89,COMM_ONLY,NCCL,C2_RING_SIMPLE_CH8,2048,2048,2048,16,9,1048576,16,0,873.280,0.000,0.000,0.000,PASS,0
mh_comm_C2_RING_SIMPLE_CH8_N2048_q16_rep4,3,4,3,sm_89,COMM_ONLY,NCCL,C2_RING_SIMPLE_CH8,2048,2048,2048,16,10,1048576,16,0,955.520,0.000,0.000,0.000,PASS,0
mh_comm_C2_RING_SIMPLE_CH8_N2048_q16_rep4,3,4,3,sm_89,COMM_ONLY,NCCL,C2_RING_SIMPLE_CH8,2048,2048,2048,16,11,1048576,16,0,1037.760,0.000,0.000,0.000,PASS,0
mh_comm_C2_RING_SIMPLE_CH8_N2048_q16_rep4,3,4,3,sm_89,COMM_ONLY,NCCL,C2_RING_SIMPLE_CH8,2048,2048,2048,16,12,1048576,16,0,1119.552,0.000,0.000,0.000,PASS,0
mh_comm_C2_RING_SIMPLE_CH8_N2048_q16_rep4,3,4,3,sm_89,COMM_ONLY,NCCL,C2_RING_SIMPLE_CH8,2048,2048,2048,16,13,1048576,16,0,1200.512,0.000,0.000,0.000,PASS,0
mh_comm_C2_RING_SIMPLE_CH8_N2048_q16_rep4,3,4,3,sm_89,COMM_ONLY,NCCL,C2_RING_SIMPLE_CH8,2048,2048,2048,16,14,1048576,16,0,1281.664,0.000,0.000,0.000,PASS,0
mh_comm_C2_RING_SIMPLE_CH8_N2048_q16_rep4,3,4,3,sm_89,COMM_ONLY,NCCL,C2_RING_SIMPLE_CH8,2048,2048,2048,16,15,1048576,16,0,1363.168,0.000,0.000,0.000,PASS,0
mh_comm_C2_RING_SIMPLE_CH8_N2048_q16_rep4,3,4,3,sm_89,COMM_ONLY,NCCL,C2_RING_SIMPLE_CH8,2048,2048,2048,16,0,1048576,17,0,130.304,0.000,0.000,0.000,PASS,0
mh_comm_C2_RING_SIMPLE_CH8_N2048_q16_rep4,3,4,3,sm_89,COMM_ONLY,NCCL,C2_RING_SIMPLE_CH8,2048,2048,2048,16,1,1048576,17,0,213.344,0.000,0.000,0.000,PASS,0
mh_comm_C2_RING_SIMPLE_CH8_N2048_q16_rep4,3,4,3,sm_89,COMM_ONLY,NCCL,C2_RING_SIMPLE_CH8,2048,2048,2048,16,2,1048576,17,0,294.176,0.000,0.000,0.000,PASS,0
mh_comm_C2_RING_SIMPLE_CH8_N2048_q16_rep4,3,4,3,sm_89,COMM_ONLY,NCCL,C2_RING_SIMPLE_CH8,2048,2048,2048,16,3,1048576,17,0,376.256,0.000,0.000,0.000,PASS,0
mh_comm_C2_RING_SIMPLE_CH8_N2048_q16_rep4,3,4,3,sm_89,COMM_ONLY,NCCL,C2_RING_SIMPLE_CH8,2048,2048,2048,16,4,1048576,17,0,459.584,0.000,0.000,0.000,PASS,0
mh_comm_C2_RING_SIMPLE_CH8_N2048_q16_rep4,3,4,3,sm_89,COMM_ONLY,NCCL,C2_RING_SIMPLE_CH8,2048,2048,2048,16,5,1048576,17,0,540.096,0.000,0.000,0.000,PASS,0
mh_comm_C2_RING_SIMPLE_CH8_N2048_q16_rep4,3,4,3,sm_89,COMM_ONLY,NCCL,C2_RING_SIMPLE_CH8,2048,2048,2048,16,6,1048576,17,0,619.872,0.000,0.000,0.000,PASS,0
mh_comm_C2_RING_SIMPLE_CH8_N2048_q16_rep4,3,4,3,sm_89,COMM_ONLY,NCCL,C2_RING_SIMPLE_CH8,2048,2048,2048,16,7,1048576,17,0,699.936,0.000,0.000,0.000,PASS,0
mh_comm_C2_RING_SIMPLE_CH8_N2048_q16_rep4,3,4,3,sm_89,COMM_ONLY,NCCL,C2_RING_SIMPLE_CH8,2048,2048,2048,16,8,1048576,17,0,781.824,0.000,0.000,0.000,PASS,0
mh_comm_C2_RING_SIMPLE_CH8_N2048_q16_rep4,3,4,3,sm_89,COMM_ONLY,NCCL,C2_RING_SIMPLE_CH8,2048,2048,2048,16,9,1048576,17,0,863.264,0.000,0.000,0.000,PASS,0
mh_comm_C2_RING_SIMPLE_CH8_N2048_q16_rep4,3,4,3,sm_89,COMM_ONLY,NCCL,C2_RING_SIMPLE_CH8,2048,2048,2048,16,10,1048576,17,0,944.672,0.000,0.000,0.000,PASS,0
mh_comm_C2_RING_SIMPLE_CH8_N2048_q16_rep4,3,4,3,sm_89,COMM_ONLY,NCCL,C2_RING_SIMPLE_CH8,2048,2048,2048,16,11,1048576,17,0,1026.048,0.000,0.000,0.000,PASS,0
mh_comm_C2_RING_SIMPLE_CH8_N2048_q16_rep4,3,4,3,sm_89,COMM_ONLY,NCCL,C2_RING_SIMPLE_CH8,2048,2048,2048,16,12,1048576,17,0,1108.224,0.000,0.000,0.000,PASS,0
mh_comm_C2_RING_SIMPLE_CH8_N2048_q16_rep4,3,4,3,sm_89,COMM_ONLY,NCCL,C2_RING_SIMPLE_CH8,2048,2048,2048,16,13,1048576,17,0,1189.632,0.000,0.000,0.000,PASS,0
mh_comm_C2_RING_SIMPLE_CH8_N2048_q16_rep4,3,4,3,sm_89,COMM_ONLY,NCCL,C2_RING_SIMPLE_CH8,2048,2048,2048,16,14,1048576,17,0,1270.976,0.000,0.000,0.000,PASS,0
mh_comm_C2_RING_SIMPLE_CH8_N2048_q16_rep4,3,4,3,sm_89,COMM_ONLY,NCCL,C2_RING_SIMPLE_CH8,2048,2048,2048,16,15,1048576,17,0,1351.680,0.000,0.000,0.000,PASS,0
mh_comm_C2_RING_SIMPLE_CH8_N2048_q16_rep4,3,4,3,sm_89,COMM_ONLY,NCCL,C2_RING_SIMPLE_CH8,2048,2048,2048,16,0,1048576,18,0,114.368,0.000,0.000,0.000,PASS,0
mh_comm_C2_RING_SIMPLE_CH8_N2048_q16_rep4,3,4,3,sm_89,COMM_ONLY,NCCL,C2_RING_SIMPLE_CH8,2048,2048,2048,16,1,1048576,18,0,196.000,0.000,0.000,0.000,PASS,0
mh_comm_C2_RING_SIMPLE_CH8_N2048_q16_rep4,3,4,3,sm_89,COMM_ONLY,NCCL,C2_RING_SIMPLE_CH8,2048,2048,2048,16,2,1048576,18,0,277.344,0.000,0.000,0.000,PASS,0
mh_comm_C2_RING_SIMPLE_CH8_N2048_q16_rep4,3,4,3,sm_89,COMM_ONLY,NCCL,C2_RING_SIMPLE_CH8,2048,2048,2048,16,3,1048576,18,0,358.176,0.000,0.000,0.000,PASS,0
mh_comm_C2_RING_SIMPLE_CH8_N2048_q16_rep4,3,4,3,sm_89,COMM_ONLY,NCCL,C2_RING_SIMPLE_CH8,2048,2048,2048,16,4,1048576,18,0,439.232,0.000,0.000,0.000,PASS,0
mh_comm_C2_RING_SIMPLE_CH8_N2048_q16_rep4,3,4,3,sm_89,COMM_ONLY,NCCL,C2_RING_SIMPLE_CH8,2048,2048,2048,16,5,1048576,18,0,521.824,0.000,0.000,0.000,PASS,0
mh_comm_C2_RING_SIMPLE_CH8_N2048_q16_rep4,3,4,3,sm_89,COMM_ONLY,NCCL,C2_RING_SIMPLE_CH8,2048,2048,2048,16,6,1048576,18,0,600.992,0.000,0.000,0.000,PASS,0
mh_comm_C2_RING_SIMPLE_CH8_N2048_q16_rep4,3,4,3,sm_89,COMM_ONLY,NCCL,C2_RING_SIMPLE_CH8,2048,2048,2048,16,7,1048576,18,0,681.632,0.000,0.000,0.000,PASS,0
mh_comm_C2_RING_SIMPLE_CH8_N2048_q16_rep4,3,4,3,sm_89,COMM_ONLY,NCCL,C2_RING_SIMPLE_CH8,2048,2048,2048,16,8,1048576,18,0,764.224,0.000,0.000,0.000,PASS,0
mh_comm_C2_RING_SIMPLE_CH8_N2048_q16_rep4,3,4,3,sm_89,COMM_ONLY,NCCL,C2_RING_SIMPLE_CH8,2048,2048,2048,16,9,1048576,18,0,845.888,0.000,0.000,0.000,PASS,0
mh_comm_C2_RING_SIMPLE_CH8_N2048_q16_rep4,3,4,3,sm_89,COMM_ONLY,NCCL,C2_RING_SIMPLE_CH8,2048,2048,2048,16,10,1048576,18,0,927.488,0.000,0.000,0.000,PASS,0
mh_comm_C2_RING_SIMPLE_CH8_N2048_q16_rep4,3,4,3,sm_89,COMM_ONLY,NCCL,C2_RING_SIMPLE_CH8,2048,2048,2048,16,11,1048576,18,0,1010.240,0.000,0.000,0.000,PASS,0
mh_comm_C2_RING_SIMPLE_CH8_N2048_q16_rep4,3,4,3,sm_89,COMM_ONLY,NCCL,C2_RING_SIMPLE_CH8,2048,2048,2048,16,12,1048576,18,0,1091.648,0.000,0.000,0.000,PASS,0
mh_comm_C2_RING_SIMPLE_CH8_N2048_q16_rep4,3,4,3,sm_89,COMM_ONLY,NCCL,C2_RING_SIMPLE_CH8,2048,2048,2048,16,13,1048576,18,0,1172.480,0.000,0.000,0.000,PASS,0
mh_comm_C2_RING_SIMPLE_CH8_N2048_q16_rep4,3,4,3,sm_89,COMM_ONLY,NCCL,C2_RING_SIMPLE_CH8,2048,2048,2048,16,14,1048576,18,0,1255.008,0.000,0.000,0.000,PASS,0
mh_comm_C2_RING_SIMPLE_CH8_N2048_q16_rep4,3,4,3,sm_89,COMM_ONLY,NCCL,C2_RING_SIMPLE_CH8,2048,2048,2048,16,15,1048576,18,0,1336.064,0.000,0.000,0.000,PASS,0
mh_comm_C2_RING_SIMPLE_CH8_N2048_q16_rep4,3,4,3,sm_89,COMM_ONLY,NCCL,C2_RING_SIMPLE_CH8,2048,2048,2048,16,0,1048576,19,0,111.296,0.000,0.000,0.000,PASS,0
mh_comm_C2_RING_SIMPLE_CH8_N2048_q16_rep4,3,4,3,sm_89,COMM_ONLY,NCCL,C2_RING_SIMPLE_CH8,2048,2048,2048,16,1,1048576,19,0,193.536,0.000,0.000,0.000,PASS,0
mh_comm_C2_RING_SIMPLE_CH8_N2048_q16_rep4,3,4,3,sm_89,COMM_ONLY,NCCL,C2_RING_SIMPLE_CH8,2048,2048,2048,16,2,1048576,19,0,274.240,0.000,0.000,0.000,PASS,0
mh_comm_C2_RING_SIMPLE_CH8_N2048_q16_rep4,3,4,3,sm_89,COMM_ONLY,NCCL,C2_RING_SIMPLE_CH8,2048,2048,2048,16,3,1048576,19,0,354.848,0.000,0.000,0.000,PASS,0
mh_comm_C2_RING_SIMPLE_CH8_N2048_q16_rep4,3,4,3,sm_89,COMM_ONLY,NCCL,C2_RING_SIMPLE_CH8,2048,2048,2048,16,4,1048576,19,0,436.544,0.000,0.000,0.000,PASS,0
mh_comm_C2_RING_SIMPLE_CH8_N2048_q16_rep4,3,4,3,sm_89,COMM_ONLY,NCCL,C2_RING_SIMPLE_CH8,2048,2048,2048,16,5,1048576,19,0,516.704,0.000,0.000,0.000,PASS,0
mh_comm_C2_RING_SIMPLE_CH8_N2048_q16_rep4,3,4,3,sm_89,COMM_ONLY,NCCL,C2_RING_SIMPLE_CH8,2048,2048,2048,16,6,1048576,19,0,597.184,0.000,0.000,0.000,PASS,0
mh_comm_C2_RING_SIMPLE_CH8_N2048_q16_rep4,3,4,3,sm_89,COMM_ONLY,NCCL,C2_RING_SIMPLE_CH8,2048,2048,2048,16,7,1048576,19,0,678.464,0.000,0.000,0.000,PASS,0
mh_comm_C2_RING_SIMPLE_CH8_N2048_q16_rep4,3,4,3,sm_89,COMM_ONLY,NCCL,C2_RING_SIMPLE_CH8,2048,2048,2048,16,8,1048576,19,0,760.320,0.000,0.000,0.000,PASS,0
mh_comm_C2_RING_SIMPLE_CH8_N2048_q16_rep4,3,4,3,sm_89,COMM_ONLY,NCCL,C2_RING_SIMPLE_CH8,2048,2048,2048,16,9,1048576,19,0,842.688,0.000,0.000,0.000,PASS,0
mh_comm_C2_RING_SIMPLE_CH8_N2048_q16_rep4,3,4,3,sm_89,COMM_ONLY,NCCL,C2_RING_SIMPLE_CH8,2048,2048,2048,16,10,1048576,19,0,923.648,0.000,0.000,0.000,PASS,0
mh_comm_C2_RING_SIMPLE_CH8_N2048_q16_rep4,3,4,3,sm_89,COMM_ONLY,NCCL,C2_RING_SIMPLE_CH8,2048,2048,2048,16,11,1048576,19,0,1005.440,0.000,0.000,0.000,PASS,0
mh_comm_C2_RING_SIMPLE_CH8_N2048_q16_rep4,3,4,3,sm_89,COMM_ONLY,NCCL,C2_RING_SIMPLE_CH8,2048,2048,2048,16,12,1048576,19,0,1086.816,0.000,0.000,0.000,PASS,0
mh_comm_C2_RING_SIMPLE_CH8_N2048_q16_rep4,3,4,3,sm_89,COMM_ONLY,NCCL,C2_RING_SIMPLE_CH8,2048,2048,2048,16,13,1048576,19,0,1167.712,0.000,0.000,0.000,PASS,0
mh_comm_C2_RING_SIMPLE_CH8_N2048_q16_rep4,3,4,3,sm_89,COMM_ONLY,NCCL,C2_RING_SIMPLE_CH8,2048,2048,2048,16,14,1048576,19,0,1249.504,0.000,0.000,0.000,PASS,0
mh_comm_C2_RING_SIMPLE_CH8_N2048_q16_rep4,3,4,3,sm_89,COMM_ONLY,NCCL,C2_RING_SIMPLE_CH8,2048,2048,2048,16,15,1048576,19,0,1331.808,0.000,0.000,0.000,PASS,0
mh_comm_C2_RING_SIMPLE_CH8_N2048_q16_rep4,3,4,3,sm_89,COMM_ONLY,NCCL,C2_RING_SIMPLE_CH8,2048,2048,2048,16,0,1048576,20,0,112.544,0.000,0.000,0.000,PASS,0
mh_comm_C2_RING_SIMPLE_CH8_N2048_q16_rep4,3,4,3,sm_89,COMM_ONLY,NCCL,C2_RING_SIMPLE_CH8,2048,2048,2048,16,1,1048576,20,0,194.304,0.000,0.000,0.000,PASS,0
mh_comm_C2_RING_SIMPLE_CH8_N2048_q16_rep4,3,4,3,sm_89,COMM_ONLY,NCCL,C2_RING_SIMPLE_CH8,2048,2048,2048,16,2,1048576,20,0,275.936,0.000,0.000,0.000,PASS,0
mh_comm_C2_RING_SIMPLE_CH8_N2048_q16_rep4,3,4,3,sm_89,COMM_ONLY,NCCL,C2_RING_SIMPLE_CH8,2048,2048,2048,16,3,1048576,20,0,356.576,0.000,0.000,0.000,PASS,0
mh_comm_C2_RING_SIMPLE_CH8_N2048_q16_rep4,3,4,3,sm_89,COMM_ONLY,NCCL,C2_RING_SIMPLE_CH8,2048,2048,2048,16,4,1048576,20,0,437.408,0.000,0.000,0.000,PASS,0
mh_comm_C2_RING_SIMPLE_CH8_N2048_q16_rep4,3,4,3,sm_89,COMM_ONLY,NCCL,C2_RING_SIMPLE_CH8,2048,2048,2048,16,5,1048576,20,0,518.496,0.000,0.000,0.000,PASS,0
mh_comm_C2_RING_SIMPLE_CH8_N2048_q16_rep4,3,4,3,sm_89,COMM_ONLY,NCCL,C2_RING_SIMPLE_CH8,2048,2048,2048,16,6,1048576,20,0,598.880,0.000,0.000,0.000,PASS,0
mh_comm_C2_RING_SIMPLE_CH8_N2048_q16_rep4,3,4,3,sm_89,COMM_ONLY,NCCL,C2_RING_SIMPLE_CH8,2048,2048,2048,16,7,1048576,20,0,680.832,0.000,0.000,0.000,PASS,0
mh_comm_C2_RING_SIMPLE_CH8_N2048_q16_rep4,3,4,3,sm_89,COMM_ONLY,NCCL,C2_RING_SIMPLE_CH8,2048,2048,2048,16,8,1048576,20,0,763.584,0.000,0.000,0.000,PASS,0
mh_comm_C2_RING_SIMPLE_CH8_N2048_q16_rep4,3,4,3,sm_89,COMM_ONLY,NCCL,C2_RING_SIMPLE_CH8,2048,2048,2048,16,9,1048576,20,0,855.008,0.000,0.000,0.000,PASS,0
mh_comm_C2_RING_SIMPLE_CH8_N2048_q16_rep4,3,4,3,sm_89,COMM_ONLY,NCCL,C2_RING_SIMPLE_CH8,2048,2048,2048,16,10,1048576,20,0,936.288,0.000,0.000,0.000,PASS,0
mh_comm_C2_RING_SIMPLE_CH8_N2048_q16_rep4,3,4,3,sm_89,COMM_ONLY,NCCL,C2_RING_SIMPLE_CH8,2048,2048,2048,16,11,1048576,20,0,1019.104,0.000,0.000,0.000,PASS,0
mh_comm_C2_RING_SIMPLE_CH8_N2048_q16_rep4,3,4,3,sm_89,COMM_ONLY,NCCL,C2_RING_SIMPLE_CH8,2048,2048,2048,16,12,1048576,20,0,1101.184,0.000,0.000,0.000,PASS,0
mh_comm_C2_RING_SIMPLE_CH8_N2048_q16_rep4,3,4,3,sm_89,COMM_ONLY,NCCL,C2_RING_SIMPLE_CH8,2048,2048,2048,16,13,1048576,20,0,1181.856,0.000,0.000,0.000,PASS,0
mh_comm_C2_RING_SIMPLE_CH8_N2048_q16_rep4,3,4,3,sm_89,COMM_ONLY,NCCL,C2_RING_SIMPLE_CH8,2048,2048,2048,16,14,1048576,20,0,1263.392,0.000,0.000,0.000,PASS,0
mh_comm_C2_RING_SIMPLE_CH8_N2048_q16_rep4,3,4,3,sm_89,COMM_ONLY,NCCL,C2_RING_SIMPLE_CH8,2048,2048,2048,16,15,1048576,20,0,1344.448,0.000,0.000,0.000,PASS,0
mh_comm_C2_RING_SIMPLE_CH8_N2048_q16_rep4,3,4,3,sm_89,COMM_ONLY,NCCL,C2_RING_SIMPLE_CH8,2048,2048,2048,16,0,1048576,21,0,112.352,0.000,0.000,0.000,PASS,0
mh_comm_C2_RING_SIMPLE_CH8_N2048_q16_rep4,3,4,3,sm_89,COMM_ONLY,NCCL,C2_RING_SIMPLE_CH8,2048,2048,2048,16,1,1048576,21,0,194.752,0.000,0.000,0.000,PASS,0
mh_comm_C2_RING_SIMPLE_CH8_N2048_q16_rep4,3,4,3,sm_89,COMM_ONLY,NCCL,C2_RING_SIMPLE_CH8,2048,2048,2048,16,2,1048576,21,0,275.584,0.000,0.000,0.000,PASS,0
mh_comm_C2_RING_SIMPLE_CH8_N2048_q16_rep4,3,4,3,sm_89,COMM_ONLY,NCCL,C2_RING_SIMPLE_CH8,2048,2048,2048,16,3,1048576,21,0,356.544,0.000,0.000,0.000,PASS,0
mh_comm_C2_RING_SIMPLE_CH8_N2048_q16_rep4,3,4,3,sm_89,COMM_ONLY,NCCL,C2_RING_SIMPLE_CH8,2048,2048,2048,16,4,1048576,21,0,438.528,0.000,0.000,0.000,PASS,0
mh_comm_C2_RING_SIMPLE_CH8_N2048_q16_rep4,3,4,3,sm_89,COMM_ONLY,NCCL,C2_RING_SIMPLE_CH8,2048,2048,2048,16,5,1048576,21,0,520.160,0.000,0.000,0.000,PASS,0
mh_comm_C2_RING_SIMPLE_CH8_N2048_q16_rep4,3,4,3,sm_89,COMM_ONLY,NCCL,C2_RING_SIMPLE_CH8,2048,2048,2048,16,6,1048576,21,0,600.800,0.000,0.000,0.000,PASS,0
mh_comm_C2_RING_SIMPLE_CH8_N2048_q16_rep4,3,4,3,sm_89,COMM_ONLY,NCCL,C2_RING_SIMPLE_CH8,2048,2048,2048,16,7,1048576,21,0,682.112,0.000,0.000,0.000,PASS,0
mh_comm_C2_RING_SIMPLE_CH8_N2048_q16_rep4,3,4,3,sm_89,COMM_ONLY,NCCL,C2_RING_SIMPLE_CH8,2048,2048,2048,16,8,1048576,21,0,764.096,0.000,0.000,0.000,PASS,0
mh_comm_C2_RING_SIMPLE_CH8_N2048_q16_rep4,3,4,3,sm_89,COMM_ONLY,NCCL,C2_RING_SIMPLE_CH8,2048,2048,2048,16,9,1048576,21,0,844.960,0.000,0.000,0.000,PASS,0
mh_comm_C2_RING_SIMPLE_CH8_N2048_q16_rep4,3,4,3,sm_89,COMM_ONLY,NCCL,C2_RING_SIMPLE_CH8,2048,2048,2048,16,10,1048576,21,0,926.048,0.000,0.000,0.000,PASS,0
mh_comm_C2_RING_SIMPLE_CH8_N2048_q16_rep4,3,4,3,sm_89,COMM_ONLY,NCCL,C2_RING_SIMPLE_CH8,2048,2048,2048,16,11,1048576,21,0,1007.648,0.000,0.000,0.000,PASS,0
mh_comm_C2_RING_SIMPLE_CH8_N2048_q16_rep4,3,4,3,sm_89,COMM_ONLY,NCCL,C2_RING_SIMPLE_CH8,2048,2048,2048,16,12,1048576,21,0,1090.176,0.000,0.000,0.000,PASS,0
mh_comm_C2_RING_SIMPLE_CH8_N2048_q16_rep4,3,4,3,sm_89,COMM_ONLY,NCCL,C2_RING_SIMPLE_CH8,2048,2048,2048,16,13,1048576,21,0,1184.608,0.000,0.000,0.000,PASS,0
mh_comm_C2_RING_SIMPLE_CH8_N2048_q16_rep4,3,4,3,sm_89,COMM_ONLY,NCCL,C2_RING_SIMPLE_CH8,2048,2048,2048,16,14,1048576,21,0,1264.832,0.000,0.000,0.000,PASS,0
mh_comm_C2_RING_SIMPLE_CH8_N2048_q16_rep4,3,4,3,sm_89,COMM_ONLY,NCCL,C2_RING_SIMPLE_CH8,2048,2048,2048,16,15,1048576,21,0,1345.280,0.000,0.000,0.000,PASS,0
mh_comm_C2_RING_SIMPLE_CH8_N2048_q16_rep4,3,4,3,sm_89,COMM_ONLY,NCCL,C2_RING_SIMPLE_CH8,2048,2048,2048,16,0,1048576,22,0,124.128,0.000,0.000,0.000,PASS,0
mh_comm_C2_RING_SIMPLE_CH8_N2048_q16_rep4,3,4,3,sm_89,COMM_ONLY,NCCL,C2_RING_SIMPLE_CH8,2048,2048,2048,16,1,1048576,22,0,205.376,0.000,0.000,0.000,PASS,0
mh_comm_C2_RING_SIMPLE_CH8_N2048_q16_rep4,3,4,3,sm_89,COMM_ONLY,NCCL,C2_RING_SIMPLE_CH8,2048,2048,2048,16,2,1048576,22,0,286.048,0.000,0.000,0.000,PASS,0
mh_comm_C2_RING_SIMPLE_CH8_N2048_q16_rep4,3,4,3,sm_89,COMM_ONLY,NCCL,C2_RING_SIMPLE_CH8,2048,2048,2048,16,3,1048576,22,0,366.528,0.000,0.000,0.000,PASS,0
mh_comm_C2_RING_SIMPLE_CH8_N2048_q16_rep4,3,4,3,sm_89,COMM_ONLY,NCCL,C2_RING_SIMPLE_CH8,2048,2048,2048,16,4,1048576,22,0,461.216,0.000,0.000,0.000,PASS,0
mh_comm_C2_RING_SIMPLE_CH8_N2048_q16_rep4,3,4,3,sm_89,COMM_ONLY,NCCL,C2_RING_SIMPLE_CH8,2048,2048,2048,16,5,1048576,22,0,541.760,0.000,0.000,0.000,PASS,0
mh_comm_C2_RING_SIMPLE_CH8_N2048_q16_rep4,3,4,3,sm_89,COMM_ONLY,NCCL,C2_RING_SIMPLE_CH8,2048,2048,2048,16,6,1048576,22,0,622.464,0.000,0.000,0.000,PASS,0
mh_comm_C2_RING_SIMPLE_CH8_N2048_q16_rep4,3,4,3,sm_89,COMM_ONLY,NCCL,C2_RING_SIMPLE_CH8,2048,2048,2048,16,7,1048576,22,0,703.680,0.000,0.000,0.000,PASS,0
mh_comm_C2_RING_SIMPLE_CH8_N2048_q16_rep4,3,4,3,sm_89,COMM_ONLY,NCCL,C2_RING_SIMPLE_CH8,2048,2048,2048,16,8,1048576,22,0,786.784,0.000,0.000,0.000,PASS,0
mh_comm_C2_RING_SIMPLE_CH8_N2048_q16_rep4,3,4,3,sm_89,COMM_ONLY,NCCL,C2_RING_SIMPLE_CH8,2048,2048,2048,16,9,1048576,22,0,879.200,0.000,0.000,0.000,PASS,0
mh_comm_C2_RING_SIMPLE_CH8_N2048_q16_rep4,3,4,3,sm_89,COMM_ONLY,NCCL,C2_RING_SIMPLE_CH8,2048,2048,2048,16,10,1048576,22,0,960.992,0.000,0.000,0.000,PASS,0
mh_comm_C2_RING_SIMPLE_CH8_N2048_q16_rep4,3,4,3,sm_89,COMM_ONLY,NCCL,C2_RING_SIMPLE_CH8,2048,2048,2048,16,11,1048576,22,0,1042.752,0.000,0.000,0.000,PASS,0
mh_comm_C2_RING_SIMPLE_CH8_N2048_q16_rep4,3,4,3,sm_89,COMM_ONLY,NCCL,C2_RING_SIMPLE_CH8,2048,2048,2048,16,12,1048576,22,0,1124.224,0.000,0.000,0.000,PASS,0
mh_comm_C2_RING_SIMPLE_CH8_N2048_q16_rep4,3,4,3,sm_89,COMM_ONLY,NCCL,C2_RING_SIMPLE_CH8,2048,2048,2048,16,13,1048576,22,0,1204.704,0.000,0.000,0.000,PASS,0
mh_comm_C2_RING_SIMPLE_CH8_N2048_q16_rep4,3,4,3,sm_89,COMM_ONLY,NCCL,C2_RING_SIMPLE_CH8,2048,2048,2048,16,14,1048576,22,0,1287.296,0.000,0.000,0.000,PASS,0
mh_comm_C2_RING_SIMPLE_CH8_N2048_q16_rep4,3,4,3,sm_89,COMM_ONLY,NCCL,C2_RING_SIMPLE_CH8,2048,2048,2048,16,15,1048576,22,0,1368.256,0.000,0.000,0.000,PASS,0
mh_comm_C2_RING_SIMPLE_CH8_N2048_q16_rep4,3,4,3,sm_89,COMM_ONLY,NCCL,C2_RING_SIMPLE_CH8,2048,2048,2048,16,0,1048576,23,0,124.064,0.000,0.000,0.000,PASS,0
mh_comm_C2_RING_SIMPLE_CH8_N2048_q16_rep4,3,4,3,sm_89,COMM_ONLY,NCCL,C2_RING_SIMPLE_CH8,2048,2048,2048,16,1,1048576,23,0,204.640,0.000,0.000,0.000,PASS,0
mh_comm_C2_RING_SIMPLE_CH8_N2048_q16_rep4,3,4,3,sm_89,COMM_ONLY,NCCL,C2_RING_SIMPLE_CH8,2048,2048,2048,16,2,1048576,23,0,284.640,0.000,0.000,0.000,PASS,0
mh_comm_C2_RING_SIMPLE_CH8_N2048_q16_rep4,3,4,3,sm_89,COMM_ONLY,NCCL,C2_RING_SIMPLE_CH8,2048,2048,2048,16,3,1048576,23,0,365.088,0.000,0.000,0.000,PASS,0
mh_comm_C2_RING_SIMPLE_CH8_N2048_q16_rep4,3,4,3,sm_89,COMM_ONLY,NCCL,C2_RING_SIMPLE_CH8,2048,2048,2048,16,4,1048576,23,0,447.296,0.000,0.000,0.000,PASS,0
mh_comm_C2_RING_SIMPLE_CH8_N2048_q16_rep4,3,4,3,sm_89,COMM_ONLY,NCCL,C2_RING_SIMPLE_CH8,2048,2048,2048,16,5,1048576,23,0,528.768,0.000,0.000,0.000,PASS,0
mh_comm_C2_RING_SIMPLE_CH8_N2048_q16_rep4,3,4,3,sm_89,COMM_ONLY,NCCL,C2_RING_SIMPLE_CH8,2048,2048,2048,16,6,1048576,23,0,609.760,0.000,0.000,0.000,PASS,0
mh_comm_C2_RING_SIMPLE_CH8_N2048_q16_rep4,3,4,3,sm_89,COMM_ONLY,NCCL,C2_RING_SIMPLE_CH8,2048,2048,2048,16,7,1048576,23,0,690.112,0.000,0.000,0.000,PASS,0
mh_comm_C2_RING_SIMPLE_CH8_N2048_q16_rep4,3,4,3,sm_89,COMM_ONLY,NCCL,C2_RING_SIMPLE_CH8,2048,2048,2048,16,8,1048576,23,0,773.024,0.000,0.000,0.000,PASS,0
mh_comm_C2_RING_SIMPLE_CH8_N2048_q16_rep4,3,4,3,sm_89,COMM_ONLY,NCCL,C2_RING_SIMPLE_CH8,2048,2048,2048,16,9,1048576,23,0,854.528,0.000,0.000,0.000,PASS,0
mh_comm_C2_RING_SIMPLE_CH8_N2048_q16_rep4,3,4,3,sm_89,COMM_ONLY,NCCL,C2_RING_SIMPLE_CH8,2048,2048,2048,16,10,1048576,23,0,935.488,0.000,0.000,0.000,PASS,0
mh_comm_C2_RING_SIMPLE_CH8_N2048_q16_rep4,3,4,3,sm_89,COMM_ONLY,NCCL,C2_RING_SIMPLE_CH8,2048,2048,2048,16,11,1048576,23,0,1017.600,0.000,0.000,0.000,PASS,0
mh_comm_C2_RING_SIMPLE_CH8_N2048_q16_rep4,3,4,3,sm_89,COMM_ONLY,NCCL,C2_RING_SIMPLE_CH8,2048,2048,2048,16,12,1048576,23,0,1100.064,0.000,0.000,0.000,PASS,0
mh_comm_C2_RING_SIMPLE_CH8_N2048_q16_rep4,3,4,3,sm_89,COMM_ONLY,NCCL,C2_RING_SIMPLE_CH8,2048,2048,2048,16,13,1048576,23,0,1180.576,0.000,0.000,0.000,PASS,0
mh_comm_C2_RING_SIMPLE_CH8_N2048_q16_rep4,3,4,3,sm_89,COMM_ONLY,NCCL,C2_RING_SIMPLE_CH8,2048,2048,2048,16,14,1048576,23,0,1261.696,0.000,0.000,0.000,PASS,0
mh_comm_C2_RING_SIMPLE_CH8_N2048_q16_rep4,3,4,3,sm_89,COMM_ONLY,NCCL,C2_RING_SIMPLE_CH8,2048,2048,2048,16,15,1048576,23,0,1342.592,0.000,0.000,0.000,PASS,0
mh_comm_C2_RING_SIMPLE_CH8_N2048_q16_rep4,3,4,3,sm_89,COMM_ONLY,NCCL,C2_RING_SIMPLE_CH8,2048,2048,2048,16,0,1048576,24,0,118.368,0.000,0.000,0.000,PASS,0
mh_comm_C2_RING_SIMPLE_CH8_N2048_q16_rep4,3,4,3,sm_89,COMM_ONLY,NCCL,C2_RING_SIMPLE_CH8,2048,2048,2048,16,1,1048576,24,0,203.200,0.000,0.000,0.000,PASS,0
mh_comm_C2_RING_SIMPLE_CH8_N2048_q16_rep4,3,4,3,sm_89,COMM_ONLY,NCCL,C2_RING_SIMPLE_CH8,2048,2048,2048,16,2,1048576,24,0,285.056,0.000,0.000,0.000,PASS,0
mh_comm_C2_RING_SIMPLE_CH8_N2048_q16_rep4,3,4,3,sm_89,COMM_ONLY,NCCL,C2_RING_SIMPLE_CH8,2048,2048,2048,16,3,1048576,24,0,366.720,0.000,0.000,0.000,PASS,0
mh_comm_C2_RING_SIMPLE_CH8_N2048_q16_rep4,3,4,3,sm_89,COMM_ONLY,NCCL,C2_RING_SIMPLE_CH8,2048,2048,2048,16,4,1048576,24,0,448.416,0.000,0.000,0.000,PASS,0
mh_comm_C2_RING_SIMPLE_CH8_N2048_q16_rep4,3,4,3,sm_89,COMM_ONLY,NCCL,C2_RING_SIMPLE_CH8,2048,2048,2048,16,5,1048576,24,0,539.584,0.000,0.000,0.000,PASS,0
mh_comm_C2_RING_SIMPLE_CH8_N2048_q16_rep4,3,4,3,sm_89,COMM_ONLY,NCCL,C2_RING_SIMPLE_CH8,2048,2048,2048,16,6,1048576,24,0,627.968,0.000,0.000,0.000,PASS,0
mh_comm_C2_RING_SIMPLE_CH8_N2048_q16_rep4,3,4,3,sm_89,COMM_ONLY,NCCL,C2_RING_SIMPLE_CH8,2048,2048,2048,16,7,1048576,24,0,709.920,0.000,0.000,0.000,PASS,0
mh_comm_C2_RING_SIMPLE_CH8_N2048_q16_rep4,3,4,3,sm_89,COMM_ONLY,NCCL,C2_RING_SIMPLE_CH8,2048,2048,2048,16,8,1048576,24,0,792.576,0.000,0.000,0.000,PASS,0
mh_comm_C2_RING_SIMPLE_CH8_N2048_q16_rep4,3,4,3,sm_89,COMM_ONLY,NCCL,C2_RING_SIMPLE_CH8,2048,2048,2048,16,9,1048576,24,0,883.360,0.000,0.000,0.000,PASS,0
mh_comm_C2_RING_SIMPLE_CH8_N2048_q16_rep4,3,4,3,sm_89,COMM_ONLY,NCCL,C2_RING_SIMPLE_CH8,2048,2048,2048,16,10,1048576,24,0,976.384,0.000,0.000,0.000,PASS,0
mh_comm_C2_RING_SIMPLE_CH8_N2048_q16_rep4,3,4,3,sm_89,COMM_ONLY,NCCL,C2_RING_SIMPLE_CH8,2048,2048,2048,16,11,1048576,24,0,1060.224,0.000,0.000,0.000,PASS,0
mh_comm_C2_RING_SIMPLE_CH8_N2048_q16_rep4,3,4,3,sm_89,COMM_ONLY,NCCL,C2_RING_SIMPLE_CH8,2048,2048,2048,16,12,1048576,24,0,1144.480,0.000,0.000,0.000,PASS,0
mh_comm_C2_RING_SIMPLE_CH8_N2048_q16_rep4,3,4,3,sm_89,COMM_ONLY,NCCL,C2_RING_SIMPLE_CH8,2048,2048,2048,16,13,1048576,24,0,1223.936,0.000,0.000,0.000,PASS,0
mh_comm_C2_RING_SIMPLE_CH8_N2048_q16_rep4,3,4,3,sm_89,COMM_ONLY,NCCL,C2_RING_SIMPLE_CH8,2048,2048,2048,16,14,1048576,24,0,1304.864,0.000,0.000,0.000,PASS,0
mh_comm_C2_RING_SIMPLE_CH8_N2048_q16_rep4,3,4,3,sm_89,COMM_ONLY,NCCL,C2_RING_SIMPLE_CH8,2048,2048,2048,16,15,1048576,24,0,1385.312,0.000,0.000,0.000,PASS,0
mh_comm_C2_RING_SIMPLE_CH8_N2048_q16_rep4,3,4,3,sm_89,COMM_ONLY,NCCL,C2_RING_SIMPLE_CH8,2048,2048,2048,16,0,1048576,25,0,111.872,0.000,0.000,0.000,PASS,0
mh_comm_C2_RING_SIMPLE_CH8_N2048_q16_rep4,3,4,3,sm_89,COMM_ONLY,NCCL,C2_RING_SIMPLE_CH8,2048,2048,2048,16,1,1048576,25,0,194.848,0.000,0.000,0.000,PASS,0
mh_comm_C2_RING_SIMPLE_CH8_N2048_q16_rep4,3,4,3,sm_89,COMM_ONLY,NCCL,C2_RING_SIMPLE_CH8,2048,2048,2048,16,2,1048576,25,0,276.288,0.000,0.000,0.000,PASS,0
mh_comm_C2_RING_SIMPLE_CH8_N2048_q16_rep4,3,4,3,sm_89,COMM_ONLY,NCCL,C2_RING_SIMPLE_CH8,2048,2048,2048,16,3,1048576,25,0,358.336,0.000,0.000,0.000,PASS,0
mh_comm_C2_RING_SIMPLE_CH8_N2048_q16_rep4,3,4,3,sm_89,COMM_ONLY,NCCL,C2_RING_SIMPLE_CH8,2048,2048,2048,16,4,1048576,25,0,439.456,0.000,0.000,0.000,PASS,0
mh_comm_C2_RING_SIMPLE_CH8_N2048_q16_rep4,3,4,3,sm_89,COMM_ONLY,NCCL,C2_RING_SIMPLE_CH8,2048,2048,2048,16,5,1048576,25,0,521.120,0.000,0.000,0.000,PASS,0
mh_comm_C2_RING_SIMPLE_CH8_N2048_q16_rep4,3,4,3,sm_89,COMM_ONLY,NCCL,C2_RING_SIMPLE_CH8,2048,2048,2048,16,6,1048576,25,0,614.816,0.000,0.000,0.000,PASS,0
mh_comm_C2_RING_SIMPLE_CH8_N2048_q16_rep4,3,4,3,sm_89,COMM_ONLY,NCCL,C2_RING_SIMPLE_CH8,2048,2048,2048,16,7,1048576,25,0,707.040,0.000,0.000,0.000,PASS,0
mh_comm_C2_RING_SIMPLE_CH8_N2048_q16_rep4,3,4,3,sm_89,COMM_ONLY,NCCL,C2_RING_SIMPLE_CH8,2048,2048,2048,16,8,1048576,25,0,788.928,0.000,0.000,0.000,PASS,0
mh_comm_C2_RING_SIMPLE_CH8_N2048_q16_rep4,3,4,3,sm_89,COMM_ONLY,NCCL,C2_RING_SIMPLE_CH8,2048,2048,2048,16,9,1048576,25,0,871.424,0.000,0.000,0.000,PASS,0
mh_comm_C2_RING_SIMPLE_CH8_N2048_q16_rep4,3,4,3,sm_89,COMM_ONLY,NCCL,C2_RING_SIMPLE_CH8,2048,2048,2048,16,10,1048576,25,0,954.976,0.000,0.000,0.000,PASS,0
mh_comm_C2_RING_SIMPLE_CH8_N2048_q16_rep4,3,4,3,sm_89,COMM_ONLY,NCCL,C2_RING_SIMPLE_CH8,2048,2048,2048,16,11,1048576,25,0,1056.544,0.000,0.000,0.000,PASS,0
mh_comm_C2_RING_SIMPLE_CH8_N2048_q16_rep4,3,4,3,sm_89,COMM_ONLY,NCCL,C2_RING_SIMPLE_CH8,2048,2048,2048,16,12,1048576,25,0,1138.528,0.000,0.000,0.000,PASS,0
mh_comm_C2_RING_SIMPLE_CH8_N2048_q16_rep4,3,4,3,sm_89,COMM_ONLY,NCCL,C2_RING_SIMPLE_CH8,2048,2048,2048,16,13,1048576,25,0,1234.592,0.000,0.000,0.000,PASS,0
mh_comm_C2_RING_SIMPLE_CH8_N2048_q16_rep4,3,4,3,sm_89,COMM_ONLY,NCCL,C2_RING_SIMPLE_CH8,2048,2048,2048,16,14,1048576,25,0,1317.408,0.000,0.000,0.000,PASS,0
mh_comm_C2_RING_SIMPLE_CH8_N2048_q16_rep4,3,4,3,sm_89,COMM_ONLY,NCCL,C2_RING_SIMPLE_CH8,2048,2048,2048,16,15,1048576,25,0,1429.312,0.000,0.000,0.000,PASS,0
mh_comm_C2_RING_SIMPLE_CH8_N2048_q16_rep4,3,4,3,sm_89,COMM_ONLY,NCCL,C2_RING_SIMPLE_CH8,2048,2048,2048,16,0,1048576,26,0,122.816,0.000,0.000,0.000,PASS,0
mh_comm_C2_RING_SIMPLE_CH8_N2048_q16_rep4,3,4,3,sm_89,COMM_ONLY,NCCL,C2_RING_SIMPLE_CH8,2048,2048,2048,16,1,1048576,26,0,204.416,0.000,0.000,0.000,PASS,0
mh_comm_C2_RING_SIMPLE_CH8_N2048_q16_rep4,3,4,3,sm_89,COMM_ONLY,NCCL,C2_RING_SIMPLE_CH8,2048,2048,2048,16,2,1048576,26,0,298.368,0.000,0.000,0.000,PASS,0
mh_comm_C2_RING_SIMPLE_CH8_N2048_q16_rep4,3,4,3,sm_89,COMM_ONLY,NCCL,C2_RING_SIMPLE_CH8,2048,2048,2048,16,3,1048576,26,0,379.136,0.000,0.000,0.000,PASS,0
mh_comm_C2_RING_SIMPLE_CH8_N2048_q16_rep4,3,4,3,sm_89,COMM_ONLY,NCCL,C2_RING_SIMPLE_CH8,2048,2048,2048,16,4,1048576,26,0,460.256,0.000,0.000,0.000,PASS,0
mh_comm_C2_RING_SIMPLE_CH8_N2048_q16_rep4,3,4,3,sm_89,COMM_ONLY,NCCL,C2_RING_SIMPLE_CH8,2048,2048,2048,16,5,1048576,26,0,553.920,0.000,0.000,0.000,PASS,0
mh_comm_C2_RING_SIMPLE_CH8_N2048_q16_rep4,3,4,3,sm_89,COMM_ONLY,NCCL,C2_RING_SIMPLE_CH8,2048,2048,2048,16,6,1048576,26,0,641.600,0.000,0.000,0.000,PASS,0
mh_comm_C2_RING_SIMPLE_CH8_N2048_q16_rep4,3,4,3,sm_89,COMM_ONLY,NCCL,C2_RING_SIMPLE_CH8,2048,2048,2048,16,7,1048576,26,0,728.544,0.000,0.000,0.000,PASS,0
mh_comm_C2_RING_SIMPLE_CH8_N2048_q16_rep4,3,4,3,sm_89,COMM_ONLY,NCCL,C2_RING_SIMPLE_CH8,2048,2048,2048,16,8,1048576,26,0,813.792,0.000,0.000,0.000,PASS,0
mh_comm_C2_RING_SIMPLE_CH8_N2048_q16_rep4,3,4,3,sm_89,COMM_ONLY,NCCL,C2_RING_SIMPLE_CH8,2048,2048,2048,16,9,1048576,26,0,910.720,0.000,0.000,0.000,PASS,0
mh_comm_C2_RING_SIMPLE_CH8_N2048_q16_rep4,3,4,3,sm_89,COMM_ONLY,NCCL,C2_RING_SIMPLE_CH8,2048,2048,2048,16,10,1048576,26,0,994.432,0.000,0.000,0.000,PASS,0
mh_comm_C2_RING_SIMPLE_CH8_N2048_q16_rep4,3,4,3,sm_89,COMM_ONLY,NCCL,C2_RING_SIMPLE_CH8,2048,2048,2048,16,11,1048576,26,0,1090.880,0.000,0.000,0.000,PASS,0
mh_comm_C2_RING_SIMPLE_CH8_N2048_q16_rep4,3,4,3,sm_89,COMM_ONLY,NCCL,C2_RING_SIMPLE_CH8,2048,2048,2048,16,12,1048576,26,0,1183.872,0.000,0.000,0.000,PASS,0
mh_comm_C2_RING_SIMPLE_CH8_N2048_q16_rep4,3,4,3,sm_89,COMM_ONLY,NCCL,C2_RING_SIMPLE_CH8,2048,2048,2048,16,13,1048576,26,0,1277.344,0.000,0.000,0.000,PASS,0
mh_comm_C2_RING_SIMPLE_CH8_N2048_q16_rep4,3,4,3,sm_89,COMM_ONLY,NCCL,C2_RING_SIMPLE_CH8,2048,2048,2048,16,14,1048576,26,0,1372.544,0.000,0.000,0.000,PASS,0
mh_comm_C2_RING_SIMPLE_CH8_N2048_q16_rep4,3,4,3,sm_89,COMM_ONLY,NCCL,C2_RING_SIMPLE_CH8,2048,2048,2048,16,15,1048576,26,0,1454.336,0.000,0.000,0.000,PASS,0
mh_comm_C2_RING_SIMPLE_CH8_N2048_q16_rep4,3,4,3,sm_89,COMM_ONLY,NCCL,C2_RING_SIMPLE_CH8,2048,2048,2048,16,0,1048576,27,0,127.680,0.000,0.000,0.000,PASS,0
mh_comm_C2_RING_SIMPLE_CH8_N2048_q16_rep4,3,4,3,sm_89,COMM_ONLY,NCCL,C2_RING_SIMPLE_CH8,2048,2048,2048,16,1,1048576,27,0,221.568,0.000,0.000,0.000,PASS,0
mh_comm_C2_RING_SIMPLE_CH8_N2048_q16_rep4,3,4,3,sm_89,COMM_ONLY,NCCL,C2_RING_SIMPLE_CH8,2048,2048,2048,16,2,1048576,27,0,304.640,0.000,0.000,0.000,PASS,0
mh_comm_C2_RING_SIMPLE_CH8_N2048_q16_rep4,3,4,3,sm_89,COMM_ONLY,NCCL,C2_RING_SIMPLE_CH8,2048,2048,2048,16,3,1048576,27,0,386.496,0.000,0.000,0.000,PASS,0
mh_comm_C2_RING_SIMPLE_CH8_N2048_q16_rep4,3,4,3,sm_89,COMM_ONLY,NCCL,C2_RING_SIMPLE_CH8,2048,2048,2048,16,4,1048576,27,0,480.096,0.000,0.000,0.000,PASS,0
mh_comm_C2_RING_SIMPLE_CH8_N2048_q16_rep4,3,4,3,sm_89,COMM_ONLY,NCCL,C2_RING_SIMPLE_CH8,2048,2048,2048,16,5,1048576,27,0,562.112,0.000,0.000,0.000,PASS,0
mh_comm_C2_RING_SIMPLE_CH8_N2048_q16_rep4,3,4,3,sm_89,COMM_ONLY,NCCL,C2_RING_SIMPLE_CH8,2048,2048,2048,16,6,1048576,27,0,653.632,0.000,0.000,0.000,PASS,0
mh_comm_C2_RING_SIMPLE_CH8_N2048_q16_rep4,3,4,3,sm_89,COMM_ONLY,NCCL,C2_RING_SIMPLE_CH8,2048,2048,2048,16,7,1048576,27,0,735.712,0.000,0.000,0.000,PASS,0
mh_comm_C2_RING_SIMPLE_CH8_N2048_q16_rep4,3,4,3,sm_89,COMM_ONLY,NCCL,C2_RING_SIMPLE_CH8,2048,2048,2048,16,8,1048576,27,0,819.136,0.000,0.000,0.000,PASS,0
mh_comm_C2_RING_SIMPLE_CH8_N2048_q16_rep4,3,4,3,sm_89,COMM_ONLY,NCCL,C2_RING_SIMPLE_CH8,2048,2048,2048,16,9,1048576,27,0,913.792,0.000,0.000,0.000,PASS,0
mh_comm_C2_RING_SIMPLE_CH8_N2048_q16_rep4,3,4,3,sm_89,COMM_ONLY,NCCL,C2_RING_SIMPLE_CH8,2048,2048,2048,16,10,1048576,27,0,992.736,0.000,0.000,0.000,PASS,0
mh_comm_C2_RING_SIMPLE_CH8_N2048_q16_rep4,3,4,3,sm_89,COMM_ONLY,NCCL,C2_RING_SIMPLE_CH8,2048,2048,2048,16,11,1048576,27,0,1074.752,0.000,0.000,0.000,PASS,0
mh_comm_C2_RING_SIMPLE_CH8_N2048_q16_rep4,3,4,3,sm_89,COMM_ONLY,NCCL,C2_RING_SIMPLE_CH8,2048,2048,2048,16,12,1048576,27,0,1156.896,0.000,0.000,0.000,PASS,0
mh_comm_C2_RING_SIMPLE_CH8_N2048_q16_rep4,3,4,3,sm_89,COMM_ONLY,NCCL,C2_RING_SIMPLE_CH8,2048,2048,2048,16,13,1048576,27,0,1236.896,0.000,0.000,0.000,PASS,0
mh_comm_C2_RING_SIMPLE_CH8_N2048_q16_rep4,3,4,3,sm_89,COMM_ONLY,NCCL,C2_RING_SIMPLE_CH8,2048,2048,2048,16,14,1048576,27,0,1318.688,0.000,0.000,0.000,PASS,0
mh_comm_C2_RING_SIMPLE_CH8_N2048_q16_rep4,3,4,3,sm_89,COMM_ONLY,NCCL,C2_RING_SIMPLE_CH8,2048,2048,2048,16,15,1048576,27,0,1413.728,0.000,0.000,0.000,PASS,0
mh_comm_C2_RING_SIMPLE_CH8_N2048_q16_rep4,3,4,3,sm_89,COMM_ONLY,NCCL,C2_RING_SIMPLE_CH8,2048,2048,2048,16,0,1048576,28,0,124.128,0.000,0.000,0.000,PASS,0
mh_comm_C2_RING_SIMPLE_CH8_N2048_q16_rep4,3,4,3,sm_89,COMM_ONLY,NCCL,C2_RING_SIMPLE_CH8,2048,2048,2048,16,1,1048576,28,0,205.536,0.000,0.000,0.000,PASS,0
mh_comm_C2_RING_SIMPLE_CH8_N2048_q16_rep4,3,4,3,sm_89,COMM_ONLY,NCCL,C2_RING_SIMPLE_CH8,2048,2048,2048,16,2,1048576,28,0,286.240,0.000,0.000,0.000,PASS,0
mh_comm_C2_RING_SIMPLE_CH8_N2048_q16_rep4,3,4,3,sm_89,COMM_ONLY,NCCL,C2_RING_SIMPLE_CH8,2048,2048,2048,16,3,1048576,28,0,366.752,0.000,0.000,0.000,PASS,0
mh_comm_C2_RING_SIMPLE_CH8_N2048_q16_rep4,3,4,3,sm_89,COMM_ONLY,NCCL,C2_RING_SIMPLE_CH8,2048,2048,2048,16,4,1048576,28,0,448.352,0.000,0.000,0.000,PASS,0
mh_comm_C2_RING_SIMPLE_CH8_N2048_q16_rep4,3,4,3,sm_89,COMM_ONLY,NCCL,C2_RING_SIMPLE_CH8,2048,2048,2048,16,5,1048576,28,0,529.824,0.000,0.000,0.000,PASS,0
mh_comm_C2_RING_SIMPLE_CH8_N2048_q16_rep4,3,4,3,sm_89,COMM_ONLY,NCCL,C2_RING_SIMPLE_CH8,2048,2048,2048,16,6,1048576,28,0,610.176,0.000,0.000,0.000,PASS,0
mh_comm_C2_RING_SIMPLE_CH8_N2048_q16_rep4,3,4,3,sm_89,COMM_ONLY,NCCL,C2_RING_SIMPLE_CH8,2048,2048,2048,16,7,1048576,28,0,691.040,0.000,0.000,0.000,PASS,0
mh_comm_C2_RING_SIMPLE_CH8_N2048_q16_rep4,3,4,3,sm_89,COMM_ONLY,NCCL,C2_RING_SIMPLE_CH8,2048,2048,2048,16,8,1048576,28,0,773.376,0.000,0.000,0.000,PASS,0
mh_comm_C2_RING_SIMPLE_CH8_N2048_q16_rep4,3,4,3,sm_89,COMM_ONLY,NCCL,C2_RING_SIMPLE_CH8,2048,2048,2048,16,9,1048576,28,0,854.464,0.000,0.000,0.000,PASS,0
mh_comm_C2_RING_SIMPLE_CH8_N2048_q16_rep4,3,4,3,sm_89,COMM_ONLY,NCCL,C2_RING_SIMPLE_CH8,2048,2048,2048,16,10,1048576,28,0,935.808,0.000,0.000,0.000,PASS,0
mh_comm_C2_RING_SIMPLE_CH8_N2048_q16_rep4,3,4,3,sm_89,COMM_ONLY,NCCL,C2_RING_SIMPLE_CH8,2048,2048,2048,16,11,1048576,28,0,1029.472,0.000,0.000,0.000,PASS,0
mh_comm_C2_RING_SIMPLE_CH8_N2048_q16_rep4,3,4,3,sm_89,COMM_ONLY,NCCL,C2_RING_SIMPLE_CH8,2048,2048,2048,16,12,1048576,28,0,1111.200,0.000,0.000,0.000,PASS,0
mh_comm_C2_RING_SIMPLE_CH8_N2048_q16_rep4,3,4,3,sm_89,COMM_ONLY,NCCL,C2_RING_SIMPLE_CH8,2048,2048,2048,16,13,1048576,28,0,1207.136,0.000,0.000,0.000,PASS,0
mh_comm_C2_RING_SIMPLE_CH8_N2048_q16_rep4,3,4,3,sm_89,COMM_ONLY,NCCL,C2_RING_SIMPLE_CH8,2048,2048,2048,16,14,1048576,28,0,1302.720,0.000,0.000,0.000,PASS,0
mh_comm_C2_RING_SIMPLE_CH8_N2048_q16_rep4,3,4,3,sm_89,COMM_ONLY,NCCL,C2_RING_SIMPLE_CH8,2048,2048,2048,16,15,1048576,28,0,1382.336,0.000,0.000,0.000,PASS,0
mh_comm_C2_RING_SIMPLE_CH8_N2048_q16_rep4,3,4,3,sm_89,COMM_ONLY,NCCL,C2_RING_SIMPLE_CH8,2048,2048,2048,16,0,1048576,29,0,122.624,0.000,0.000,0.000,PASS,0
mh_comm_C2_RING_SIMPLE_CH8_N2048_q16_rep4,3,4,3,sm_89,COMM_ONLY,NCCL,C2_RING_SIMPLE_CH8,2048,2048,2048,16,1,1048576,29,0,205.472,0.000,0.000,0.000,PASS,0
mh_comm_C2_RING_SIMPLE_CH8_N2048_q16_rep4,3,4,3,sm_89,COMM_ONLY,NCCL,C2_RING_SIMPLE_CH8,2048,2048,2048,16,2,1048576,29,0,286.272,0.000,0.000,0.000,PASS,0
mh_comm_C2_RING_SIMPLE_CH8_N2048_q16_rep4,3,4,3,sm_89,COMM_ONLY,NCCL,C2_RING_SIMPLE_CH8,2048,2048,2048,16,3,1048576,29,0,367.680,0.000,0.000,0.000,PASS,0
mh_comm_C2_RING_SIMPLE_CH8_N2048_q16_rep4,3,4,3,sm_89,COMM_ONLY,NCCL,C2_RING_SIMPLE_CH8,2048,2048,2048,16,4,1048576,29,0,448.864,0.000,0.000,0.000,PASS,0
mh_comm_C2_RING_SIMPLE_CH8_N2048_q16_rep4,3,4,3,sm_89,COMM_ONLY,NCCL,C2_RING_SIMPLE_CH8,2048,2048,2048,16,5,1048576,29,0,530.464,0.000,0.000,0.000,PASS,0
mh_comm_C2_RING_SIMPLE_CH8_N2048_q16_rep4,3,4,3,sm_89,COMM_ONLY,NCCL,C2_RING_SIMPLE_CH8,2048,2048,2048,16,6,1048576,29,0,617.856,0.000,0.000,0.000,PASS,0
mh_comm_C2_RING_SIMPLE_CH8_N2048_q16_rep4,3,4,3,sm_89,COMM_ONLY,NCCL,C2_RING_SIMPLE_CH8,2048,2048,2048,16,7,1048576,29,0,699.008,0.000,0.000,0.000,PASS,0
mh_comm_C2_RING_SIMPLE_CH8_N2048_q16_rep4,3,4,3,sm_89,COMM_ONLY,NCCL,C2_RING_SIMPLE_CH8,2048,2048,2048,16,8,1048576,29,0,780.640,0.000,0.000,0.000,PASS,0
mh_comm_C2_RING_SIMPLE_CH8_N2048_q16_rep4,3,4,3,sm_89,COMM_ONLY,NCCL,C2_RING_SIMPLE_CH8,2048,2048,2048,16,9,1048576,29,0,862.272,0.000,0.000,0.000,PASS,0
mh_comm_C2_RING_SIMPLE_CH8_N2048_q16_rep4,3,4,3,sm_89,COMM_ONLY,NCCL,C2_RING_SIMPLE_CH8,2048,2048,2048,16,10,1048576,29,0,946.432,0.000,0.000,0.000,PASS,0
mh_comm_C2_RING_SIMPLE_CH8_N2048_q16_rep4,3,4,3,sm_89,COMM_ONLY,NCCL,C2_RING_SIMPLE_CH8,2048,2048,2048,16,11,1048576,29,0,1036.416,0.000,0.000,0.000,PASS,0
mh_comm_C2_RING_SIMPLE_CH8_N2048_q16_rep4,3,4,3,sm_89,COMM_ONLY,NCCL,C2_RING_SIMPLE_CH8,2048,2048,2048,16,12,1048576,29,0,1118.656,0.000,0.000,0.000,PASS,0
mh_comm_C2_RING_SIMPLE_CH8_N2048_q16_rep4,3,4,3,sm_89,COMM_ONLY,NCCL,C2_RING_SIMPLE_CH8,2048,2048,2048,16,13,1048576,29,0,1200.320,0.000,0.000,0.000,PASS,0
mh_comm_C2_RING_SIMPLE_CH8_N2048_q16_rep4,3,4,3,sm_89,COMM_ONLY,NCCL,C2_RING_SIMPLE_CH8,2048,2048,2048,16,14,1048576,29,0,1282.112,0.000,0.000,0.000,PASS,0
mh_comm_C2_RING_SIMPLE_CH8_N2048_q16_rep4,3,4,3,sm_89,COMM_ONLY,NCCL,C2_RING_SIMPLE_CH8,2048,2048,2048,16,15,1048576,29,0,1363.072,0.000,0.000,0.000,PASS,0
mh_comm_C2_RING_SIMPLE_CH8_N2048_q16_rep4,3,4,3,sm_89,COMM_ONLY,NCCL,C2_RING_SIMPLE_CH8,2048,2048,2048,16,0,1048576,30,0,114.784,0.000,0.000,0.000,PASS,0
mh_comm_C2_RING_SIMPLE_CH8_N2048_q16_rep4,3,4,3,sm_89,COMM_ONLY,NCCL,C2_RING_SIMPLE_CH8,2048,2048,2048,16,1,1048576,30,0,203.840,0.000,0.000,0.000,PASS,0
mh_comm_C2_RING_SIMPLE_CH8_N2048_q16_rep4,3,4,3,sm_89,COMM_ONLY,NCCL,C2_RING_SIMPLE_CH8,2048,2048,2048,16,2,1048576,30,0,286.240,0.000,0.000,0.000,PASS,0
mh_comm_C2_RING_SIMPLE_CH8_N2048_q16_rep4,3,4,3,sm_89,COMM_ONLY,NCCL,C2_RING_SIMPLE_CH8,2048,2048,2048,16,3,1048576,30,0,366.816,0.000,0.000,0.000,PASS,0
mh_comm_C2_RING_SIMPLE_CH8_N2048_q16_rep4,3,4,3,sm_89,COMM_ONLY,NCCL,C2_RING_SIMPLE_CH8,2048,2048,2048,16,4,1048576,30,0,448.864,0.000,0.000,0.000,PASS,0
mh_comm_C2_RING_SIMPLE_CH8_N2048_q16_rep4,3,4,3,sm_89,COMM_ONLY,NCCL,C2_RING_SIMPLE_CH8,2048,2048,2048,16,5,1048576,30,0,529.824,0.000,0.000,0.000,PASS,0
mh_comm_C2_RING_SIMPLE_CH8_N2048_q16_rep4,3,4,3,sm_89,COMM_ONLY,NCCL,C2_RING_SIMPLE_CH8,2048,2048,2048,16,6,1048576,30,0,610.112,0.000,0.000,0.000,PASS,0
mh_comm_C2_RING_SIMPLE_CH8_N2048_q16_rep4,3,4,3,sm_89,COMM_ONLY,NCCL,C2_RING_SIMPLE_CH8,2048,2048,2048,16,7,1048576,30,0,690.976,0.000,0.000,0.000,PASS,0
mh_comm_C2_RING_SIMPLE_CH8_N2048_q16_rep4,3,4,3,sm_89,COMM_ONLY,NCCL,C2_RING_SIMPLE_CH8,2048,2048,2048,16,8,1048576,30,0,772.768,0.000,0.000,0.000,PASS,0
mh_comm_C2_RING_SIMPLE_CH8_N2048_q16_rep4,3,4,3,sm_89,COMM_ONLY,NCCL,C2_RING_SIMPLE_CH8,2048,2048,2048,16,9,1048576,30,0,854.528,0.000,0.000,0.000,PASS,0
mh_comm_C2_RING_SIMPLE_CH8_N2048_q16_rep4,3,4,3,sm_89,COMM_ONLY,NCCL,C2_RING_SIMPLE_CH8,2048,2048,2048,16,10,1048576,30,0,936.032,0.000,0.000,0.000,PASS,0
mh_comm_C2_RING_SIMPLE_CH8_N2048_q16_rep4,3,4,3,sm_89,COMM_ONLY,NCCL,C2_RING_SIMPLE_CH8,2048,2048,2048,16,11,1048576,30,0,1018.432,0.000,0.000,0.000,PASS,0
mh_comm_C2_RING_SIMPLE_CH8_N2048_q16_rep4,3,4,3,sm_89,COMM_ONLY,NCCL,C2_RING_SIMPLE_CH8,2048,2048,2048,16,12,1048576,30,0,1099.744,0.000,0.000,0.000,PASS,0
mh_comm_C2_RING_SIMPLE_CH8_N2048_q16_rep4,3,4,3,sm_89,COMM_ONLY,NCCL,C2_RING_SIMPLE_CH8,2048,2048,2048,16,13,1048576,30,0,1181.056,0.000,0.000,0.000,PASS,0
mh_comm_C2_RING_SIMPLE_CH8_N2048_q16_rep4,3,4,3,sm_89,COMM_ONLY,NCCL,C2_RING_SIMPLE_CH8,2048,2048,2048,16,14,1048576,30,0,1263.904,0.000,0.000,0.000,PASS,0
mh_comm_C2_RING_SIMPLE_CH8_N2048_q16_rep4,3,4,3,sm_89,COMM_ONLY,NCCL,C2_RING_SIMPLE_CH8,2048,2048,2048,16,15,1048576,30,0,1343.936,0.000,0.000,0.000,PASS,0
mh_comm_C2_RING_SIMPLE_CH8_N2048_q16_rep4,3,4,3,sm_89,COMM_ONLY,NCCL,C2_RING_SIMPLE_CH8,2048,2048,2048,16,0,1048576,31,0,112.384,0.000,0.000,0.000,PASS,0
mh_comm_C2_RING_SIMPLE_CH8_N2048_q16_rep4,3,4,3,sm_89,COMM_ONLY,NCCL,C2_RING_SIMPLE_CH8,2048,2048,2048,16,1,1048576,31,0,193.632,0.000,0.000,0.000,PASS,0
mh_comm_C2_RING_SIMPLE_CH8_N2048_q16_rep4,3,4,3,sm_89,COMM_ONLY,NCCL,C2_RING_SIMPLE_CH8,2048,2048,2048,16,2,1048576,31,0,274.944,0.000,0.000,0.000,PASS,0
mh_comm_C2_RING_SIMPLE_CH8_N2048_q16_rep4,3,4,3,sm_89,COMM_ONLY,NCCL,C2_RING_SIMPLE_CH8,2048,2048,2048,16,3,1048576,31,0,368.000,0.000,0.000,0.000,PASS,0
mh_comm_C2_RING_SIMPLE_CH8_N2048_q16_rep4,3,4,3,sm_89,COMM_ONLY,NCCL,C2_RING_SIMPLE_CH8,2048,2048,2048,16,4,1048576,31,0,449.664,0.000,0.000,0.000,PASS,0
mh_comm_C2_RING_SIMPLE_CH8_N2048_q16_rep4,3,4,3,sm_89,COMM_ONLY,NCCL,C2_RING_SIMPLE_CH8,2048,2048,2048,16,5,1048576,31,0,530.400,0.000,0.000,0.000,PASS,0
mh_comm_C2_RING_SIMPLE_CH8_N2048_q16_rep4,3,4,3,sm_89,COMM_ONLY,NCCL,C2_RING_SIMPLE_CH8,2048,2048,2048,16,6,1048576,31,0,610.912,0.000,0.000,0.000,PASS,0
mh_comm_C2_RING_SIMPLE_CH8_N2048_q16_rep4,3,4,3,sm_89,COMM_ONLY,NCCL,C2_RING_SIMPLE_CH8,2048,2048,2048,16,7,1048576,31,0,691.488,0.000,0.000,0.000,PASS,0
mh_comm_C2_RING_SIMPLE_CH8_N2048_q16_rep4,3,4,3,sm_89,COMM_ONLY,NCCL,C2_RING_SIMPLE_CH8,2048,2048,2048,16,8,1048576,31,0,773.536,0.000,0.000,0.000,PASS,0
mh_comm_C2_RING_SIMPLE_CH8_N2048_q16_rep4,3,4,3,sm_89,COMM_ONLY,NCCL,C2_RING_SIMPLE_CH8,2048,2048,2048,16,9,1048576,31,0,854.400,0.000,0.000,0.000,PASS,0
mh_comm_C2_RING_SIMPLE_CH8_N2048_q16_rep4,3,4,3,sm_89,COMM_ONLY,NCCL,C2_RING_SIMPLE_CH8,2048,2048,2048,16,10,1048576,31,0,936.096,0.000,0.000,0.000,PASS,0
mh_comm_C2_RING_SIMPLE_CH8_N2048_q16_rep4,3,4,3,sm_89,COMM_ONLY,NCCL,C2_RING_SIMPLE_CH8,2048,2048,2048,16,11,1048576,31,0,1018.400,0.000,0.000,0.000,PASS,0
mh_comm_C2_RING_SIMPLE_CH8_N2048_q16_rep4,3,4,3,sm_89,COMM_ONLY,NCCL,C2_RING_SIMPLE_CH8,2048,2048,2048,16,12,1048576,31,0,1100.288,0.000,0.000,0.000,PASS,0
mh_comm_C2_RING_SIMPLE_CH8_N2048_q16_rep4,3,4,3,sm_89,COMM_ONLY,NCCL,C2_RING_SIMPLE_CH8,2048,2048,2048,16,13,1048576,31,0,1181.728,0.000,0.000,0.000,PASS,0
mh_comm_C2_RING_SIMPLE_CH8_N2048_q16_rep4,3,4,3,sm_89,COMM_ONLY,NCCL,C2_RING_SIMPLE_CH8,2048,2048,2048,16,14,1048576,31,0,1262.976,0.000,0.000,0.000,PASS,0
mh_comm_C2_RING_SIMPLE_CH8_N2048_q16_rep4,3,4,3,sm_89,COMM_ONLY,NCCL,C2_RING_SIMPLE_CH8,2048,2048,2048,16,15,1048576,31,0,1343.360,0.000,0.000,0.000,PASS,0
mh_comm_C2_RING_SIMPLE_CH8_N2048_q16_rep4,3,4,3,sm_89,COMM_ONLY,NCCL,C2_RING_SIMPLE_CH8,2048,2048,2048,16,0,1048576,32,0,111.904,0.000,0.000,0.000,PASS,0
mh_comm_C2_RING_SIMPLE_CH8_N2048_q16_rep4,3,4,3,sm_89,COMM_ONLY,NCCL,C2_RING_SIMPLE_CH8,2048,2048,2048,16,1,1048576,32,0,192.736,0.000,0.000,0.000,PASS,0
mh_comm_C2_RING_SIMPLE_CH8_N2048_q16_rep4,3,4,3,sm_89,COMM_ONLY,NCCL,C2_RING_SIMPLE_CH8,2048,2048,2048,16,2,1048576,32,0,273.824,0.000,0.000,0.000,PASS,0
mh_comm_C2_RING_SIMPLE_CH8_N2048_q16_rep4,3,4,3,sm_89,COMM_ONLY,NCCL,C2_RING_SIMPLE_CH8,2048,2048,2048,16,3,1048576,32,0,354.976,0.000,0.000,0.000,PASS,0
mh_comm_C2_RING_SIMPLE_CH8_N2048_q16_rep4,3,4,3,sm_89,COMM_ONLY,NCCL,C2_RING_SIMPLE_CH8,2048,2048,2048,16,4,1048576,32,0,436.736,0.000,0.000,0.000,PASS,0
mh_comm_C2_RING_SIMPLE_CH8_N2048_q16_rep4,3,4,3,sm_89,COMM_ONLY,NCCL,C2_RING_SIMPLE_CH8,2048,2048,2048,16,5,1048576,32,0,519.328,0.000,0.000,0.000,PASS,0
mh_comm_C2_RING_SIMPLE_CH8_N2048_q16_rep4,3,4,3,sm_89,COMM_ONLY,NCCL,C2_RING_SIMPLE_CH8,2048,2048,2048,16,6,1048576,32,0,599.360,0.000,0.000,0.000,PASS,0
mh_comm_C2_RING_SIMPLE_CH8_N2048_q16_rep4,3,4,3,sm_89,COMM_ONLY,NCCL,C2_RING_SIMPLE_CH8,2048,2048,2048,16,7,1048576,32,0,679.552,0.000,0.000,0.000,PASS,0
mh_comm_C2_RING_SIMPLE_CH8_N2048_q16_rep4,3,4,3,sm_89,COMM_ONLY,NCCL,C2_RING_SIMPLE_CH8,2048,2048,2048,16,8,1048576,32,0,761.504,0.000,0.000,0.000,PASS,0
mh_comm_C2_RING_SIMPLE_CH8_N2048_q16_rep4,3,4,3,sm_89,COMM_ONLY,NCCL,C2_RING_SIMPLE_CH8,2048,2048,2048,16,9,1048576,32,0,844.192,0.000,0.000,0.000,PASS,0
mh_comm_C2_RING_SIMPLE_CH8_N2048_q16_rep4,3,4,3,sm_89,COMM_ONLY,NCCL,C2_RING_SIMPLE_CH8,2048,2048,2048,16,10,1048576,32,0,926.016,0.000,0.000,0.000,PASS,0
mh_comm_C2_RING_SIMPLE_CH8_N2048_q16_rep4,3,4,3,sm_89,COMM_ONLY,NCCL,C2_RING_SIMPLE_CH8,2048,2048,2048,16,11,1048576,32,0,1009.056,0.000,0.000,0.000,PASS,0
mh_comm_C2_RING_SIMPLE_CH8_N2048_q16_rep4,3,4,3,sm_89,COMM_ONLY,NCCL,C2_RING_SIMPLE_CH8,2048,2048,2048,16,12,1048576,32,0,1089.984,0.000,0.000,0.000,PASS,0
mh_comm_C2_RING_SIMPLE_CH8_N2048_q16_rep4,3,4,3,sm_89,COMM_ONLY,NCCL,C2_RING_SIMPLE_CH8,2048,2048,2048,16,13,1048576,32,0,1178.048,0.000,0.000,0.000,PASS,0
mh_comm_C2_RING_SIMPLE_CH8_N2048_q16_rep4,3,4,3,sm_89,COMM_ONLY,NCCL,C2_RING_SIMPLE_CH8,2048,2048,2048,16,14,1048576,32,0,1260.416,0.000,0.000,0.000,PASS,0
mh_comm_C2_RING_SIMPLE_CH8_N2048_q16_rep4,3,4,3,sm_89,COMM_ONLY,NCCL,C2_RING_SIMPLE_CH8,2048,2048,2048,16,15,1048576,32,0,1352.192,0.000,0.000,0.000,PASS,0
mh_comm_C2_RING_SIMPLE_CH8_N2048_q16_rep4,3,4,3,sm_89,COMM_ONLY,NCCL,C2_RING_SIMPLE_CH8,2048,2048,2048,16,0,1048576,33,0,124.928,0.000,0.000,0.000,PASS,0
mh_comm_C2_RING_SIMPLE_CH8_N2048_q16_rep4,3,4,3,sm_89,COMM_ONLY,NCCL,C2_RING_SIMPLE_CH8,2048,2048,2048,16,1,1048576,33,0,204.896,0.000,0.000,0.000,PASS,0
mh_comm_C2_RING_SIMPLE_CH8_N2048_q16_rep4,3,4,3,sm_89,COMM_ONLY,NCCL,C2_RING_SIMPLE_CH8,2048,2048,2048,16,2,1048576,33,0,296.960,0.000,0.000,0.000,PASS,0
mh_comm_C2_RING_SIMPLE_CH8_N2048_q16_rep4,3,4,3,sm_89,COMM_ONLY,NCCL,C2_RING_SIMPLE_CH8,2048,2048,2048,16,3,1048576,33,0,377.984,0.000,0.000,0.000,PASS,0
mh_comm_C2_RING_SIMPLE_CH8_N2048_q16_rep4,3,4,3,sm_89,COMM_ONLY,NCCL,C2_RING_SIMPLE_CH8,2048,2048,2048,16,4,1048576,33,0,460.448,0.000,0.000,0.000,PASS,0
mh_comm_C2_RING_SIMPLE_CH8_N2048_q16_rep4,3,4,3,sm_89,COMM_ONLY,NCCL,C2_RING_SIMPLE_CH8,2048,2048,2048,16,5,1048576,33,0,541.024,0.000,0.000,0.000,PASS,0
mh_comm_C2_RING_SIMPLE_CH8_N2048_q16_rep4,3,4,3,sm_89,COMM_ONLY,NCCL,C2_RING_SIMPLE_CH8,2048,2048,2048,16,6,1048576,33,0,620.480,0.000,0.000,0.000,PASS,0
mh_comm_C2_RING_SIMPLE_CH8_N2048_q16_rep4,3,4,3,sm_89,COMM_ONLY,NCCL,C2_RING_SIMPLE_CH8,2048,2048,2048,16,7,1048576,33,0,701.536,0.000,0.000,0.000,PASS,0
mh_comm_C2_RING_SIMPLE_CH8_N2048_q16_rep4,3,4,3,sm_89,COMM_ONLY,NCCL,C2_RING_SIMPLE_CH8,2048,2048,2048,16,8,1048576,33,0,783.872,0.000,0.000,0.000,PASS,0
mh_comm_C2_RING_SIMPLE_CH8_N2048_q16_rep4,3,4,3,sm_89,COMM_ONLY,NCCL,C2_RING_SIMPLE_CH8,2048,2048,2048,16,9,1048576,33,0,864.736,0.000,0.000,0.000,PASS,0
mh_comm_C2_RING_SIMPLE_CH8_N2048_q16_rep4,3,4,3,sm_89,COMM_ONLY,NCCL,C2_RING_SIMPLE_CH8,2048,2048,2048,16,10,1048576,33,0,945.952,0.000,0.000,0.000,PASS,0
mh_comm_C2_RING_SIMPLE_CH8_N2048_q16_rep4,3,4,3,sm_89,COMM_ONLY,NCCL,C2_RING_SIMPLE_CH8,2048,2048,2048,16,11,1048576,33,0,1028.256,0.000,0.000,0.000,PASS,0
mh_comm_C2_RING_SIMPLE_CH8_N2048_q16_rep4,3,4,3,sm_89,COMM_ONLY,NCCL,C2_RING_SIMPLE_CH8,2048,2048,2048,16,12,1048576,33,0,1109.376,0.000,0.000,0.000,PASS,0
mh_comm_C2_RING_SIMPLE_CH8_N2048_q16_rep4,3,4,3,sm_89,COMM_ONLY,NCCL,C2_RING_SIMPLE_CH8,2048,2048,2048,16,13,1048576,33,0,1202.624,0.000,0.000,0.000,PASS,0
mh_comm_C2_RING_SIMPLE_CH8_N2048_q16_rep4,3,4,3,sm_89,COMM_ONLY,NCCL,C2_RING_SIMPLE_CH8,2048,2048,2048,16,14,1048576,33,0,1284.256,0.000,0.000,0.000,PASS,0
mh_comm_C2_RING_SIMPLE_CH8_N2048_q16_rep4,3,4,3,sm_89,COMM_ONLY,NCCL,C2_RING_SIMPLE_CH8,2048,2048,2048,16,15,1048576,33,0,1365.152,0.000,0.000,0.000,PASS,0
mh_comm_C2_RING_SIMPLE_CH8_N2048_q16_rep4,3,4,3,sm_89,COMM_ONLY,NCCL,C2_RING_SIMPLE_CH8,2048,2048,2048,16,0,1048576,34,0,110.304,0.000,0.000,0.000,PASS,0
mh_comm_C2_RING_SIMPLE_CH8_N2048_q16_rep4,3,4,3,sm_89,COMM_ONLY,NCCL,C2_RING_SIMPLE_CH8,2048,2048,2048,16,1,1048576,34,0,192.512,0.000,0.000,0.000,PASS,0
mh_comm_C2_RING_SIMPLE_CH8_N2048_q16_rep4,3,4,3,sm_89,COMM_ONLY,NCCL,C2_RING_SIMPLE_CH8,2048,2048,2048,16,2,1048576,34,0,273.568,0.000,0.000,0.000,PASS,0
mh_comm_C2_RING_SIMPLE_CH8_N2048_q16_rep4,3,4,3,sm_89,COMM_ONLY,NCCL,C2_RING_SIMPLE_CH8,2048,2048,2048,16,3,1048576,34,0,365.952,0.000,0.000,0.000,PASS,0
mh_comm_C2_RING_SIMPLE_CH8_N2048_q16_rep4,3,4,3,sm_89,COMM_ONLY,NCCL,C2_RING_SIMPLE_CH8,2048,2048,2048,16,4,1048576,34,0,446.816,0.000,0.000,0.000,PASS,0
mh_comm_C2_RING_SIMPLE_CH8_N2048_q16_rep4,3,4,3,sm_89,COMM_ONLY,NCCL,C2_RING_SIMPLE_CH8,2048,2048,2048,16,5,1048576,34,0,529.280,0.000,0.000,0.000,PASS,0
mh_comm_C2_RING_SIMPLE_CH8_N2048_q16_rep4,3,4,3,sm_89,COMM_ONLY,NCCL,C2_RING_SIMPLE_CH8,2048,2048,2048,16,6,1048576,34,0,609.408,0.000,0.000,0.000,PASS,0
mh_comm_C2_RING_SIMPLE_CH8_N2048_q16_rep4,3,4,3,sm_89,COMM_ONLY,NCCL,C2_RING_SIMPLE_CH8,2048,2048,2048,16,7,1048576,34,0,689.696,0.000,0.000,0.000,PASS,0
mh_comm_C2_RING_SIMPLE_CH8_N2048_q16_rep4,3,4,3,sm_89,COMM_ONLY,NCCL,C2_RING_SIMPLE_CH8,2048,2048,2048,16,8,1048576,34,0,771.488,0.000,0.000,0.000,PASS,0
mh_comm_C2_RING_SIMPLE_CH8_N2048_q16_rep4,3,4,3,sm_89,COMM_ONLY,NCCL,C2_RING_SIMPLE_CH8,2048,2048,2048,16,9,1048576,34,0,852.480,0.000,0.000,0.000,PASS,0
mh_comm_C2_RING_SIMPLE_CH8_N2048_q16_rep4,3,4,3,sm_89,COMM_ONLY,NCCL,C2_RING_SIMPLE_CH8,2048,2048,2048,16,10,1048576,34,0,934.272,0.000,0.000,0.000,PASS,0
mh_comm_C2_RING_SIMPLE_CH8_N2048_q16_rep4,3,4,3,sm_89,COMM_ONLY,NCCL,C2_RING_SIMPLE_CH8,2048,2048,2048,16,11,1048576,34,0,1015.744,0.000,0.000,0.000,PASS,0
mh_comm_C2_RING_SIMPLE_CH8_N2048_q16_rep4,3,4,3,sm_89,COMM_ONLY,NCCL,C2_RING_SIMPLE_CH8,2048,2048,2048,16,12,1048576,34,0,1097.536,0.000,0.000,0.000,PASS,0
mh_comm_C2_RING_SIMPLE_CH8_N2048_q16_rep4,3,4,3,sm_89,COMM_ONLY,NCCL,C2_RING_SIMPLE_CH8,2048,2048,2048,16,13,1048576,34,0,1179.040,0.000,0.000,0.000,PASS,0
mh_comm_C2_RING_SIMPLE_CH8_N2048_q16_rep4,3,4,3,sm_89,COMM_ONLY,NCCL,C2_RING_SIMPLE_CH8,2048,2048,2048,16,14,1048576,34,0,1270.816,0.000,0.000,0.000,PASS,0
mh_comm_C2_RING_SIMPLE_CH8_N2048_q16_rep4,3,4,3,sm_89,COMM_ONLY,NCCL,C2_RING_SIMPLE_CH8,2048,2048,2048,16,15,1048576,34,0,1352.768,0.000,0.000,0.000,PASS,0
mh_comm_C2_RING_SIMPLE_CH8_N2048_q16_rep4,3,4,3,sm_89,COMM_ONLY,NCCL,C2_RING_SIMPLE_CH8,2048,2048,2048,16,0,1048576,35,0,111.360,0.000,0.000,0.000,PASS,0
mh_comm_C2_RING_SIMPLE_CH8_N2048_q16_rep4,3,4,3,sm_89,COMM_ONLY,NCCL,C2_RING_SIMPLE_CH8,2048,2048,2048,16,1,1048576,35,0,202.560,0.000,0.000,0.000,PASS,0
mh_comm_C2_RING_SIMPLE_CH8_N2048_q16_rep4,3,4,3,sm_89,COMM_ONLY,NCCL,C2_RING_SIMPLE_CH8,2048,2048,2048,16,2,1048576,35,0,283.904,0.000,0.000,0.000,PASS,0
mh_comm_C2_RING_SIMPLE_CH8_N2048_q16_rep4,3,4,3,sm_89,COMM_ONLY,NCCL,C2_RING_SIMPLE_CH8,2048,2048,2048,16,3,1048576,35,0,365.376,0.000,0.000,0.000,PASS,0
mh_comm_C2_RING_SIMPLE_CH8_N2048_q16_rep4,3,4,3,sm_89,COMM_ONLY,NCCL,C2_RING_SIMPLE_CH8,2048,2048,2048,16,4,1048576,35,0,446.528,0.000,0.000,0.000,PASS,0
mh_comm_C2_RING_SIMPLE_CH8_N2048_q16_rep4,3,4,3,sm_89,COMM_ONLY,NCCL,C2_RING_SIMPLE_CH8,2048,2048,2048,16,5,1048576,35,0,539.008,0.000,0.000,0.000,PASS,0
mh_comm_C2_RING_SIMPLE_CH8_N2048_q16_rep4,3,4,3,sm_89,COMM_ONLY,NCCL,C2_RING_SIMPLE_CH8,2048,2048,2048,16,6,1048576,35,0,620.448,0.000,0.000,0.000,PASS,0
mh_comm_C2_RING_SIMPLE_CH8_N2048_q16_rep4,3,4,3,sm_89,COMM_ONLY,NCCL,C2_RING_SIMPLE_CH8,2048,2048,2048,16,7,1048576,35,0,701.056,0.000,0.000,0.000,PASS,0
mh_comm_C2_RING_SIMPLE_CH8_N2048_q16_rep4,3,4,3,sm_89,COMM_ONLY,NCCL,C2_RING_SIMPLE_CH8,2048,2048,2048,16,8,1048576,35,0,784.096,0.000,0.000,0.000,PASS,0
mh_comm_C2_RING_SIMPLE_CH8_N2048_q16_rep4,3,4,3,sm_89,COMM_ONLY,NCCL,C2_RING_SIMPLE_CH8,2048,2048,2048,16,9,1048576,35,0,864.704,0.000,0.000,0.000,PASS,0
mh_comm_C2_RING_SIMPLE_CH8_N2048_q16_rep4,3,4,3,sm_89,COMM_ONLY,NCCL,C2_RING_SIMPLE_CH8,2048,2048,2048,16,10,1048576,35,0,946.304,0.000,0.000,0.000,PASS,0
mh_comm_C2_RING_SIMPLE_CH8_N2048_q16_rep4,3,4,3,sm_89,COMM_ONLY,NCCL,C2_RING_SIMPLE_CH8,2048,2048,2048,16,11,1048576,35,0,1028.608,0.000,0.000,0.000,PASS,0
mh_comm_C2_RING_SIMPLE_CH8_N2048_q16_rep4,3,4,3,sm_89,COMM_ONLY,NCCL,C2_RING_SIMPLE_CH8,2048,2048,2048,16,12,1048576,35,0,1110.528,0.000,0.000,0.000,PASS,0
mh_comm_C2_RING_SIMPLE_CH8_N2048_q16_rep4,3,4,3,sm_89,COMM_ONLY,NCCL,C2_RING_SIMPLE_CH8,2048,2048,2048,16,13,1048576,35,0,1196.992,0.000,0.000,0.000,PASS,0
mh_comm_C2_RING_SIMPLE_CH8_N2048_q16_rep4,3,4,3,sm_89,COMM_ONLY,NCCL,C2_RING_SIMPLE_CH8,2048,2048,2048,16,14,1048576,35,0,1279.360,0.000,0.000,0.000,PASS,0
mh_comm_C2_RING_SIMPLE_CH8_N2048_q16_rep4,3,4,3,sm_89,COMM_ONLY,NCCL,C2_RING_SIMPLE_CH8,2048,2048,2048,16,15,1048576,35,0,1371.776,0.000,0.000,0.000,PASS,0
mh_comm_C2_RING_SIMPLE_CH8_N2048_q16_rep4,3,4,3,sm_89,COMM_ONLY,NCCL,C2_RING_SIMPLE_CH8,2048,2048,2048,16,0,1048576,36,0,111.648,0.000,0.000,0.000,PASS,0
mh_comm_C2_RING_SIMPLE_CH8_N2048_q16_rep4,3,4,3,sm_89,COMM_ONLY,NCCL,C2_RING_SIMPLE_CH8,2048,2048,2048,16,1,1048576,36,0,202.752,0.000,0.000,0.000,PASS,0
mh_comm_C2_RING_SIMPLE_CH8_N2048_q16_rep4,3,4,3,sm_89,COMM_ONLY,NCCL,C2_RING_SIMPLE_CH8,2048,2048,2048,16,2,1048576,36,0,285.056,0.000,0.000,0.000,PASS,0
mh_comm_C2_RING_SIMPLE_CH8_N2048_q16_rep4,3,4,3,sm_89,COMM_ONLY,NCCL,C2_RING_SIMPLE_CH8,2048,2048,2048,16,3,1048576,36,0,366.656,0.000,0.000,0.000,PASS,0
mh_comm_C2_RING_SIMPLE_CH8_N2048_q16_rep4,3,4,3,sm_89,COMM_ONLY,NCCL,C2_RING_SIMPLE_CH8,2048,2048,2048,16,4,1048576,36,0,460.992,0.000,0.000,0.000,PASS,0
mh_comm_C2_RING_SIMPLE_CH8_N2048_q16_rep4,3,4,3,sm_89,COMM_ONLY,NCCL,C2_RING_SIMPLE_CH8,2048,2048,2048,16,5,1048576,36,0,541.952,0.000,0.000,0.000,PASS,0
mh_comm_C2_RING_SIMPLE_CH8_N2048_q16_rep4,3,4,3,sm_89,COMM_ONLY,NCCL,C2_RING_SIMPLE_CH8,2048,2048,2048,16,6,1048576,36,0,622.400,0.000,0.000,0.000,PASS,0
mh_comm_C2_RING_SIMPLE_CH8_N2048_q16_rep4,3,4,3,sm_89,COMM_ONLY,NCCL,C2_RING_SIMPLE_CH8,2048,2048,2048,16,7,1048576,36,0,703.168,0.000,0.000,0.000,PASS,0
mh_comm_C2_RING_SIMPLE_CH8_N2048_q16_rep4,3,4,3,sm_89,COMM_ONLY,NCCL,C2_RING_SIMPLE_CH8,2048,2048,2048,16,8,1048576,36,0,784.704,0.000,0.000,0.000,PASS,0
mh_comm_C2_RING_SIMPLE_CH8_N2048_q16_rep4,3,4,3,sm_89,COMM_ONLY,NCCL,C2_RING_SIMPLE_CH8,2048,2048,2048,16,9,1048576,36,0,879.648,0.000,0.000,0.000,PASS,0
mh_comm_C2_RING_SIMPLE_CH8_N2048_q16_rep4,3,4,3,sm_89,COMM_ONLY,NCCL,C2_RING_SIMPLE_CH8,2048,2048,2048,16,10,1048576,36,0,962.112,0.000,0.000,0.000,PASS,0
mh_comm_C2_RING_SIMPLE_CH8_N2048_q16_rep4,3,4,3,sm_89,COMM_ONLY,NCCL,C2_RING_SIMPLE_CH8,2048,2048,2048,16,11,1048576,36,0,1045.856,0.000,0.000,0.000,PASS,0
mh_comm_C2_RING_SIMPLE_CH8_N2048_q16_rep4,3,4,3,sm_89,COMM_ONLY,NCCL,C2_RING_SIMPLE_CH8,2048,2048,2048,16,12,1048576,36,0,1145.024,0.000,0.000,0.000,PASS,0
mh_comm_C2_RING_SIMPLE_CH8_N2048_q16_rep4,3,4,3,sm_89,COMM_ONLY,NCCL,C2_RING_SIMPLE_CH8,2048,2048,2048,16,13,1048576,36,0,1224.768,0.000,0.000,0.000,PASS,0
mh_comm_C2_RING_SIMPLE_CH8_N2048_q16_rep4,3,4,3,sm_89,COMM_ONLY,NCCL,C2_RING_SIMPLE_CH8,2048,2048,2048,16,14,1048576,36,0,1306.592,0.000,0.000,0.000,PASS,0
mh_comm_C2_RING_SIMPLE_CH8_N2048_q16_rep4,3,4,3,sm_89,COMM_ONLY,NCCL,C2_RING_SIMPLE_CH8,2048,2048,2048,16,15,1048576,36,0,1387.584,0.000,0.000,0.000,PASS,0
mh_comm_C2_RING_SIMPLE_CH8_N2048_q16_rep4,3,4,3,sm_89,COMM_ONLY,NCCL,C2_RING_SIMPLE_CH8,2048,2048,2048,16,0,1048576,37,0,124.160,0.000,0.000,0.000,PASS,0
mh_comm_C2_RING_SIMPLE_CH8_N2048_q16_rep4,3,4,3,sm_89,COMM_ONLY,NCCL,C2_RING_SIMPLE_CH8,2048,2048,2048,16,1,1048576,37,0,205.824,0.000,0.000,0.000,PASS,0
mh_comm_C2_RING_SIMPLE_CH8_N2048_q16_rep4,3,4,3,sm_89,COMM_ONLY,NCCL,C2_RING_SIMPLE_CH8,2048,2048,2048,16,2,1048576,37,0,302.720,0.000,0.000,0.000,PASS,0
mh_comm_C2_RING_SIMPLE_CH8_N2048_q16_rep4,3,4,3,sm_89,COMM_ONLY,NCCL,C2_RING_SIMPLE_CH8,2048,2048,2048,16,3,1048576,37,0,383.552,0.000,0.000,0.000,PASS,0
mh_comm_C2_RING_SIMPLE_CH8_N2048_q16_rep4,3,4,3,sm_89,COMM_ONLY,NCCL,C2_RING_SIMPLE_CH8,2048,2048,2048,16,4,1048576,37,0,466.720,0.000,0.000,0.000,PASS,0
mh_comm_C2_RING_SIMPLE_CH8_N2048_q16_rep4,3,4,3,sm_89,COMM_ONLY,NCCL,C2_RING_SIMPLE_CH8,2048,2048,2048,16,5,1048576,37,0,548.320,0.000,0.000,0.000,PASS,0
mh_comm_C2_RING_SIMPLE_CH8_N2048_q16_rep4,3,4,3,sm_89,COMM_ONLY,NCCL,C2_RING_SIMPLE_CH8,2048,2048,2048,16,6,1048576,37,0,652.064,0.000,0.000,0.000,PASS,0
mh_comm_C2_RING_SIMPLE_CH8_N2048_q16_rep4,3,4,3,sm_89,COMM_ONLY,NCCL,C2_RING_SIMPLE_CH8,2048,2048,2048,16,7,1048576,37,0,756.704,0.000,0.000,0.000,PASS,0
mh_comm_C2_RING_SIMPLE_CH8_N2048_q16_rep4,3,4,3,sm_89,COMM_ONLY,NCCL,C2_RING_SIMPLE_CH8,2048,2048,2048,16,8,1048576,37,0,849.088,0.000,0.000,0.000,PASS,0
mh_comm_C2_RING_SIMPLE_CH8_N2048_q16_rep4,3,4,3,sm_89,COMM_ONLY,NCCL,C2_RING_SIMPLE_CH8,2048,2048,2048,16,9,1048576,37,0,932.832,0.000,0.000,0.000,PASS,0
mh_comm_C2_RING_SIMPLE_CH8_N2048_q16_rep4,3,4,3,sm_89,COMM_ONLY,NCCL,C2_RING_SIMPLE_CH8,2048,2048,2048,16,10,1048576,37,0,1026.784,0.000,0.000,0.000,PASS,0
mh_comm_C2_RING_SIMPLE_CH8_N2048_q16_rep4,3,4,3,sm_89,COMM_ONLY,NCCL,C2_RING_SIMPLE_CH8,2048,2048,2048,16,11,1048576,37,0,1109.344,0.000,0.000,0.000,PASS,0
mh_comm_C2_RING_SIMPLE_CH8_N2048_q16_rep4,3,4,3,sm_89,COMM_ONLY,NCCL,C2_RING_SIMPLE_CH8,2048,2048,2048,16,12,1048576,37,0,1205.280,0.000,0.000,0.000,PASS,0
mh_comm_C2_RING_SIMPLE_CH8_N2048_q16_rep4,3,4,3,sm_89,COMM_ONLY,NCCL,C2_RING_SIMPLE_CH8,2048,2048,2048,16,13,1048576,37,0,1301.632,0.000,0.000,0.000,PASS,0
mh_comm_C2_RING_SIMPLE_CH8_N2048_q16_rep4,3,4,3,sm_89,COMM_ONLY,NCCL,C2_RING_SIMPLE_CH8,2048,2048,2048,16,14,1048576,37,0,1383.904,0.000,0.000,0.000,PASS,0
mh_comm_C2_RING_SIMPLE_CH8_N2048_q16_rep4,3,4,3,sm_89,COMM_ONLY,NCCL,C2_RING_SIMPLE_CH8,2048,2048,2048,16,15,1048576,37,0,1474.400,0.000,0.000,0.000,PASS,0
mh_comm_C2_RING_SIMPLE_CH8_N2048_q16_rep4,3,4,3,sm_89,COMM_ONLY,NCCL,C2_RING_SIMPLE_CH8,2048,2048,2048,16,0,1048576,38,0,112.960,0.000,0.000,0.000,PASS,0
mh_comm_C2_RING_SIMPLE_CH8_N2048_q16_rep4,3,4,3,sm_89,COMM_ONLY,NCCL,C2_RING_SIMPLE_CH8,2048,2048,2048,16,1,1048576,38,0,220.960,0.000,0.000,0.000,PASS,0
mh_comm_C2_RING_SIMPLE_CH8_N2048_q16_rep4,3,4,3,sm_89,COMM_ONLY,NCCL,C2_RING_SIMPLE_CH8,2048,2048,2048,16,2,1048576,38,0,302.720,0.000,0.000,0.000,PASS,0
mh_comm_C2_RING_SIMPLE_CH8_N2048_q16_rep4,3,4,3,sm_89,COMM_ONLY,NCCL,C2_RING_SIMPLE_CH8,2048,2048,2048,16,3,1048576,38,0,383.872,0.000,0.000,0.000,PASS,0
mh_comm_C2_RING_SIMPLE_CH8_N2048_q16_rep4,3,4,3,sm_89,COMM_ONLY,NCCL,C2_RING_SIMPLE_CH8,2048,2048,2048,16,4,1048576,38,0,482.784,0.000,0.000,0.000,PASS,0
mh_comm_C2_RING_SIMPLE_CH8_N2048_q16_rep4,3,4,3,sm_89,COMM_ONLY,NCCL,C2_RING_SIMPLE_CH8,2048,2048,2048,16,5,1048576,38,0,564.032,0.000,0.000,0.000,PASS,0
mh_comm_C2_RING_SIMPLE_CH8_N2048_q16_rep4,3,4,3,sm_89,COMM_ONLY,NCCL,C2_RING_SIMPLE_CH8,2048,2048,2048,16,6,1048576,38,0,643.392,0.000,0.000,0.000,PASS,0
mh_comm_C2_RING_SIMPLE_CH8_N2048_q16_rep4,3,4,3,sm_89,COMM_ONLY,NCCL,C2_RING_SIMPLE_CH8,2048,2048,2048,16,7,1048576,38,0,724.160,0.000,0.000,0.000,PASS,0
mh_comm_C2_RING_SIMPLE_CH8_N2048_q16_rep4,3,4,3,sm_89,COMM_ONLY,NCCL,C2_RING_SIMPLE_CH8,2048,2048,2048,16,8,1048576,38,0,818.848,0.000,0.000,0.000,PASS,0
mh_comm_C2_RING_SIMPLE_CH8_N2048_q16_rep4,3,4,3,sm_89,COMM_ONLY,NCCL,C2_RING_SIMPLE_CH8,2048,2048,2048,16,9,1048576,38,0,910.432,0.000,0.000,0.000,PASS,0
mh_comm_C2_RING_SIMPLE_CH8_N2048_q16_rep4,3,4,3,sm_89,COMM_ONLY,NCCL,C2_RING_SIMPLE_CH8,2048,2048,2048,16,10,1048576,38,0,991.680,0.000,0.000,0.000,PASS,0
mh_comm_C2_RING_SIMPLE_CH8_N2048_q16_rep4,3,4,3,sm_89,COMM_ONLY,NCCL,C2_RING_SIMPLE_CH8,2048,2048,2048,16,11,1048576,38,0,1074.144,0.000,0.000,0.000,PASS,0
mh_comm_C2_RING_SIMPLE_CH8_N2048_q16_rep4,3,4,3,sm_89,COMM_ONLY,NCCL,C2_RING_SIMPLE_CH8,2048,2048,2048,16,12,1048576,38,0,1156.672,0.000,0.000,0.000,PASS,0
mh_comm_C2_RING_SIMPLE_CH8_N2048_q16_rep4,3,4,3,sm_89,COMM_ONLY,NCCL,C2_RING_SIMPLE_CH8,2048,2048,2048,16,13,1048576,38,0,1238.112,0.000,0.000,0.000,PASS,0
mh_comm_C2_RING_SIMPLE_CH8_N2048_q16_rep4,3,4,3,sm_89,COMM_ONLY,NCCL,C2_RING_SIMPLE_CH8,2048,2048,2048,16,14,1048576,38,0,1320.032,0.000,0.000,0.000,PASS,0
mh_comm_C2_RING_SIMPLE_CH8_N2048_q16_rep4,3,4,3,sm_89,COMM_ONLY,NCCL,C2_RING_SIMPLE_CH8,2048,2048,2048,16,15,1048576,38,0,1427.040,0.000,0.000,0.000,PASS,0
mh_comm_C2_RING_SIMPLE_CH8_N2048_q16_rep4,3,4,3,sm_89,COMM_ONLY,NCCL,C2_RING_SIMPLE_CH8,2048,2048,2048,16,0,1048576,39,0,112.192,0.000,0.000,0.000,PASS,0
mh_comm_C2_RING_SIMPLE_CH8_N2048_q16_rep4,3,4,3,sm_89,COMM_ONLY,NCCL,C2_RING_SIMPLE_CH8,2048,2048,2048,16,1,1048576,39,0,194.784,0.000,0.000,0.000,PASS,0
mh_comm_C2_RING_SIMPLE_CH8_N2048_q16_rep4,3,4,3,sm_89,COMM_ONLY,NCCL,C2_RING_SIMPLE_CH8,2048,2048,2048,16,2,1048576,39,0,286.144,0.000,0.000,0.000,PASS,0
mh_comm_C2_RING_SIMPLE_CH8_N2048_q16_rep4,3,4,3,sm_89,COMM_ONLY,NCCL,C2_RING_SIMPLE_CH8,2048,2048,2048,16,3,1048576,39,0,383.296,0.000,0.000,0.000,PASS,0
mh_comm_C2_RING_SIMPLE_CH8_N2048_q16_rep4,3,4,3,sm_89,COMM_ONLY,NCCL,C2_RING_SIMPLE_CH8,2048,2048,2048,16,4,1048576,39,0,489.888,0.000,0.000,0.000,PASS,0
mh_comm_C2_RING_SIMPLE_CH8_N2048_q16_rep4,3,4,3,sm_89,COMM_ONLY,NCCL,C2_RING_SIMPLE_CH8,2048,2048,2048,16,5,1048576,39,0,581.312,0.000,0.000,0.000,PASS,0
mh_comm_C2_RING_SIMPLE_CH8_N2048_q16_rep4,3,4,3,sm_89,COMM_ONLY,NCCL,C2_RING_SIMPLE_CH8,2048,2048,2048,16,6,1048576,39,0,659.648,0.000,0.000,0.000,PASS,0
mh_comm_C2_RING_SIMPLE_CH8_N2048_q16_rep4,3,4,3,sm_89,COMM_ONLY,NCCL,C2_RING_SIMPLE_CH8,2048,2048,2048,16,7,1048576,39,0,741.792,0.000,0.000,0.000,PASS,0
mh_comm_C2_RING_SIMPLE_CH8_N2048_q16_rep4,3,4,3,sm_89,COMM_ONLY,NCCL,C2_RING_SIMPLE_CH8,2048,2048,2048,16,8,1048576,39,0,824.320,0.000,0.000,0.000,PASS,0
mh_comm_C2_RING_SIMPLE_CH8_N2048_q16_rep4,3,4,3,sm_89,COMM_ONLY,NCCL,C2_RING_SIMPLE_CH8,2048,2048,2048,16,9,1048576,39,0,906.304,0.000,0.000,0.000,PASS,0
mh_comm_C2_RING_SIMPLE_CH8_N2048_q16_rep4,3,4,3,sm_89,COMM_ONLY,NCCL,C2_RING_SIMPLE_CH8,2048,2048,2048,16,10,1048576,39,0,986.912,0.000,0.000,0.000,PASS,0
mh_comm_C2_RING_SIMPLE_CH8_N2048_q16_rep4,3,4,3,sm_89,COMM_ONLY,NCCL,C2_RING_SIMPLE_CH8,2048,2048,2048,16,11,1048576,39,0,1067.520,0.000,0.000,0.000,PASS,0
mh_comm_C2_RING_SIMPLE_CH8_N2048_q16_rep4,3,4,3,sm_89,COMM_ONLY,NCCL,C2_RING_SIMPLE_CH8,2048,2048,2048,16,12,1048576,39,0,1150.240,0.000,0.000,0.000,PASS,0
mh_comm_C2_RING_SIMPLE_CH8_N2048_q16_rep4,3,4,3,sm_89,COMM_ONLY,NCCL,C2_RING_SIMPLE_CH8,2048,2048,2048,16,13,1048576,39,0,1231.424,0.000,0.000,0.000,PASS,0
mh_comm_C2_RING_SIMPLE_CH8_N2048_q16_rep4,3,4,3,sm_89,COMM_ONLY,NCCL,C2_RING_SIMPLE_CH8,2048,2048,2048,16,14,1048576,39,0,1312.800,0.000,0.000,0.000,PASS,0
mh_comm_C2_RING_SIMPLE_CH8_N2048_q16_rep4,3,4,3,sm_89,COMM_ONLY,NCCL,C2_RING_SIMPLE_CH8,2048,2048,2048,16,15,1048576,39,0,1402.432,0.000,0.000,0.000,PASS,0
mh_comm_C2_RING_SIMPLE_CH8_N2048_q16_rep4,3,4,3,sm_89,COMM_ONLY,NCCL,C2_RING_SIMPLE_CH8,2048,2048,2048,16,0,1048576,40,0,112.800,0.000,0.000,0.000,PASS,0
mh_comm_C2_RING_SIMPLE_CH8_N2048_q16_rep4,3,4,3,sm_89,COMM_ONLY,NCCL,C2_RING_SIMPLE_CH8,2048,2048,2048,16,1,1048576,40,0,193.952,0.000,0.000,0.000,PASS,0
mh_comm_C2_RING_SIMPLE_CH8_N2048_q16_rep4,3,4,3,sm_89,COMM_ONLY,NCCL,C2_RING_SIMPLE_CH8,2048,2048,2048,16,2,1048576,40,0,273.984,0.000,0.000,0.000,PASS,0
mh_comm_C2_RING_SIMPLE_CH8_N2048_q16_rep4,3,4,3,sm_89,COMM_ONLY,NCCL,C2_RING_SIMPLE_CH8,2048,2048,2048,16,3,1048576,40,0,364.384,0.000,0.000,0.000,PASS,0
mh_comm_C2_RING_SIMPLE_CH8_N2048_q16_rep4,3,4,3,sm_89,COMM_ONLY,NCCL,C2_RING_SIMPLE_CH8,2048,2048,2048,16,4,1048576,40,0,448.064,0.000,0.000,0.000,PASS,0
mh_comm_C2_RING_SIMPLE_CH8_N2048_q16_rep4,3,4,3,sm_89,COMM_ONLY,NCCL,C2_RING_SIMPLE_CH8,2048,2048,2048,16,5,1048576,40,0,530.688,0.000,0.000,0.000,PASS,0
mh_comm_C2_RING_SIMPLE_CH8_N2048_q16_rep4,3,4,3,sm_89,COMM_ONLY,NCCL,C2_RING_SIMPLE_CH8,2048,2048,2048,16,6,1048576,40,0,610.464,0.000,0.000,0.000,PASS,0
mh_comm_C2_RING_SIMPLE_CH8_N2048_q16_rep4,3,4,3,sm_89,COMM_ONLY,NCCL,C2_RING_SIMPLE_CH8,2048,2048,2048,16,7,1048576,40,0,691.232,0.000,0.000,0.000,PASS,0
mh_comm_C2_RING_SIMPLE_CH8_N2048_q16_rep4,3,4,3,sm_89,COMM_ONLY,NCCL,C2_RING_SIMPLE_CH8,2048,2048,2048,16,8,1048576,40,0,774.240,0.000,0.000,0.000,PASS,0
mh_comm_C2_RING_SIMPLE_CH8_N2048_q16_rep4,3,4,3,sm_89,COMM_ONLY,NCCL,C2_RING_SIMPLE_CH8,2048,2048,2048,16,9,1048576,40,0,861.536,0.000,0.000,0.000,PASS,0
mh_comm_C2_RING_SIMPLE_CH8_N2048_q16_rep4,3,4,3,sm_89,COMM_ONLY,NCCL,C2_RING_SIMPLE_CH8,2048,2048,2048,16,10,1048576,40,0,942.784,0.000,0.000,0.000,PASS,0
mh_comm_C2_RING_SIMPLE_CH8_N2048_q16_rep4,3,4,3,sm_89,COMM_ONLY,NCCL,C2_RING_SIMPLE_CH8,2048,2048,2048,16,11,1048576,40,0,1025.824,0.000,0.000,0.000,PASS,0
mh_comm_C2_RING_SIMPLE_CH8_N2048_q16_rep4,3,4,3,sm_89,COMM_ONLY,NCCL,C2_RING_SIMPLE_CH8,2048,2048,2048,16,12,1048576,40,0,1108.032,0.000,0.000,0.000,PASS,0
mh_comm_C2_RING_SIMPLE_CH8_N2048_q16_rep4,3,4,3,sm_89,COMM_ONLY,NCCL,C2_RING_SIMPLE_CH8,2048,2048,2048,16,13,1048576,40,0,1189.120,0.000,0.000,0.000,PASS,0
mh_comm_C2_RING_SIMPLE_CH8_N2048_q16_rep4,3,4,3,sm_89,COMM_ONLY,NCCL,C2_RING_SIMPLE_CH8,2048,2048,2048,16,14,1048576,40,0,1283.040,0.000,0.000,0.000,PASS,0
mh_comm_C2_RING_SIMPLE_CH8_N2048_q16_rep4,3,4,3,sm_89,COMM_ONLY,NCCL,C2_RING_SIMPLE_CH8,2048,2048,2048,16,15,1048576,40,0,1365.152,0.000,0.000,0.000,PASS,0
mh_comm_C2_RING_SIMPLE_CH8_N2048_q16_rep4,3,4,3,sm_89,COMM_ONLY,NCCL,C2_RING_SIMPLE_CH8,2048,2048,2048,16,0,1048576,41,0,112.096,0.000,0.000,0.000,PASS,0
mh_comm_C2_RING_SIMPLE_CH8_N2048_q16_rep4,3,4,3,sm_89,COMM_ONLY,NCCL,C2_RING_SIMPLE_CH8,2048,2048,2048,16,1,1048576,41,0,212.768,0.000,0.000,0.000,PASS,0
mh_comm_C2_RING_SIMPLE_CH8_N2048_q16_rep4,3,4,3,sm_89,COMM_ONLY,NCCL,C2_RING_SIMPLE_CH8,2048,2048,2048,16,2,1048576,41,0,293.216,0.000,0.000,0.000,PASS,0
mh_comm_C2_RING_SIMPLE_CH8_N2048_q16_rep4,3,4,3,sm_89,COMM_ONLY,NCCL,C2_RING_SIMPLE_CH8,2048,2048,2048,16,3,1048576,41,0,373.728,0.000,0.000,0.000,PASS,0
mh_comm_C2_RING_SIMPLE_CH8_N2048_q16_rep4,3,4,3,sm_89,COMM_ONLY,NCCL,C2_RING_SIMPLE_CH8,2048,2048,2048,16,4,1048576,41,0,454.624,0.000,0.000,0.000,PASS,0
mh_comm_C2_RING_SIMPLE_CH8_N2048_q16_rep4,3,4,3,sm_89,COMM_ONLY,NCCL,C2_RING_SIMPLE_CH8,2048,2048,2048,16,5,1048576,41,0,536.384,0.000,0.000,0.000,PASS,0
mh_comm_C2_RING_SIMPLE_CH8_N2048_q16_rep4,3,4,3,sm_89,COMM_ONLY,NCCL,C2_RING_SIMPLE_CH8,2048,2048,2048,16,6,1048576,41,0,618.688,0.000,0.000,0.000,PASS,0
mh_comm_C2_RING_SIMPLE_CH8_N2048_q16_rep4,3,4,3,sm_89,COMM_ONLY,NCCL,C2_RING_SIMPLE_CH8,2048,2048,2048,16,7,1048576,41,0,714.720,0.000,0.000,0.000,PASS,0
mh_comm_C2_RING_SIMPLE_CH8_N2048_q16_rep4,3,4,3,sm_89,COMM_ONLY,NCCL,C2_RING_SIMPLE_CH8,2048,2048,2048,16,8,1048576,41,0,796.640,0.000,0.000,0.000,PASS,0
mh_comm_C2_RING_SIMPLE_CH8_N2048_q16_rep4,3,4,3,sm_89,COMM_ONLY,NCCL,C2_RING_SIMPLE_CH8,2048,2048,2048,16,9,1048576,41,0,877.280,0.000,0.000,0.000,PASS,0
mh_comm_C2_RING_SIMPLE_CH8_N2048_q16_rep4,3,4,3,sm_89,COMM_ONLY,NCCL,C2_RING_SIMPLE_CH8,2048,2048,2048,16,10,1048576,41,0,959.488,0.000,0.000,0.000,PASS,0
mh_comm_C2_RING_SIMPLE_CH8_N2048_q16_rep4,3,4,3,sm_89,COMM_ONLY,NCCL,C2_RING_SIMPLE_CH8,2048,2048,2048,16,11,1048576,41,0,1041.952,0.000,0.000,0.000,PASS,0
mh_comm_C2_RING_SIMPLE_CH8_N2048_q16_rep4,3,4,3,sm_89,COMM_ONLY,NCCL,C2_RING_SIMPLE_CH8,2048,2048,2048,16,12,1048576,41,0,1123.936,0.000,0.000,0.000,PASS,0
mh_comm_C2_RING_SIMPLE_CH8_N2048_q16_rep4,3,4,3,sm_89,COMM_ONLY,NCCL,C2_RING_SIMPLE_CH8,2048,2048,2048,16,13,1048576,41,0,1204.352,0.000,0.000,0.000,PASS,0
mh_comm_C2_RING_SIMPLE_CH8_N2048_q16_rep4,3,4,3,sm_89,COMM_ONLY,NCCL,C2_RING_SIMPLE_CH8,2048,2048,2048,16,14,1048576,41,0,1286.144,0.000,0.000,0.000,PASS,0
mh_comm_C2_RING_SIMPLE_CH8_N2048_q16_rep4,3,4,3,sm_89,COMM_ONLY,NCCL,C2_RING_SIMPLE_CH8,2048,2048,2048,16,15,1048576,41,0,1366.944,0.000,0.000,0.000,PASS,0
mh_comm_C2_RING_SIMPLE_CH8_N2048_q16_rep4,3,4,3,sm_89,COMM_ONLY,NCCL,C2_RING_SIMPLE_CH8,2048,2048,2048,16,0,1048576,42,0,118.208,0.000,0.000,0.000,PASS,0
mh_comm_C2_RING_SIMPLE_CH8_N2048_q16_rep4,3,4,3,sm_89,COMM_ONLY,NCCL,C2_RING_SIMPLE_CH8,2048,2048,2048,16,1,1048576,42,0,201.088,0.000,0.000,0.000,PASS,0
mh_comm_C2_RING_SIMPLE_CH8_N2048_q16_rep4,3,4,3,sm_89,COMM_ONLY,NCCL,C2_RING_SIMPLE_CH8,2048,2048,2048,16,2,1048576,42,0,282.208,0.000,0.000,0.000,PASS,0
mh_comm_C2_RING_SIMPLE_CH8_N2048_q16_rep4,3,4,3,sm_89,COMM_ONLY,NCCL,C2_RING_SIMPLE_CH8,2048,2048,2048,16,3,1048576,42,0,364.608,0.000,0.000,0.000,PASS,0
mh_comm_C2_RING_SIMPLE_CH8_N2048_q16_rep4,3,4,3,sm_89,COMM_ONLY,NCCL,C2_RING_SIMPLE_CH8,2048,2048,2048,16,4,1048576,42,0,446.624,0.000,0.000,0.000,PASS,0
mh_comm_C2_RING_SIMPLE_CH8_N2048_q16_rep4,3,4,3,sm_89,COMM_ONLY,NCCL,C2_RING_SIMPLE_CH8,2048,2048,2048,16,5,1048576,42,0,527.936,0.000,0.000,0.000,PASS,0
mh_comm_C2_RING_SIMPLE_CH8_N2048_q16_rep4,3,4,3,sm_89,COMM_ONLY,NCCL,C2_RING_SIMPLE_CH8,2048,2048,2048,16,6,1048576,42,0,608.704,0.000,0.000,0.000,PASS,0
mh_comm_C2_RING_SIMPLE_CH8_N2048_q16_rep4,3,4,3,sm_89,COMM_ONLY,NCCL,C2_RING_SIMPLE_CH8,2048,2048,2048,16,7,1048576,42,0,689.280,0.000,0.000,0.000,PASS,0
mh_comm_C2_RING_SIMPLE_CH8_N2048_q16_rep4,3,4,3,sm_89,COMM_ONLY,NCCL,C2_RING_SIMPLE_CH8,2048,2048,2048,16,8,1048576,42,0,771.840,0.000,0.000,0.000,PASS,0
mh_comm_C2_RING_SIMPLE_CH8_N2048_q16_rep4,3,4,3,sm_89,COMM_ONLY,NCCL,C2_RING_SIMPLE_CH8,2048,2048,2048,16,9,1048576,42,0,853.024,0.000,0.000,0.000,PASS,0
mh_comm_C2_RING_SIMPLE_CH8_N2048_q16_rep4,3,4,3,sm_89,COMM_ONLY,NCCL,C2_RING_SIMPLE_CH8,2048,2048,2048,16,10,1048576,42,0,933.792,0.000,0.000,0.000,PASS,0
mh_comm_C2_RING_SIMPLE_CH8_N2048_q16_rep4,3,4,3,sm_89,COMM_ONLY,NCCL,C2_RING_SIMPLE_CH8,2048,2048,2048,16,11,1048576,42,0,1027.392,0.000,0.000,0.000,PASS,0
mh_comm_C2_RING_SIMPLE_CH8_N2048_q16_rep4,3,4,3,sm_89,COMM_ONLY,NCCL,C2_RING_SIMPLE_CH8,2048,2048,2048,16,12,1048576,42,0,1109.696,0.000,0.000,0.000,PASS,0
mh_comm_C2_RING_SIMPLE_CH8_N2048_q16_rep4,3,4,3,sm_89,COMM_ONLY,NCCL,C2_RING_SIMPLE_CH8,2048,2048,2048,16,13,1048576,42,0,1190.208,0.000,0.000,0.000,PASS,0
mh_comm_C2_RING_SIMPLE_CH8_N2048_q16_rep4,3,4,3,sm_89,COMM_ONLY,NCCL,C2_RING_SIMPLE_CH8,2048,2048,2048,16,14,1048576,42,0,1271.584,0.000,0.000,0.000,PASS,0
mh_comm_C2_RING_SIMPLE_CH8_N2048_q16_rep4,3,4,3,sm_89,COMM_ONLY,NCCL,C2_RING_SIMPLE_CH8,2048,2048,2048,16,15,1048576,42,0,1352.032,0.000,0.000,0.000,PASS,0
mh_comm_C2_RING_SIMPLE_CH8_N2048_q16_rep4,3,4,3,sm_89,COMM_ONLY,NCCL,C2_RING_SIMPLE_CH8,2048,2048,2048,16,0,1048576,43,0,110.304,0.000,0.000,0.000,PASS,0
mh_comm_C2_RING_SIMPLE_CH8_N2048_q16_rep4,3,4,3,sm_89,COMM_ONLY,NCCL,C2_RING_SIMPLE_CH8,2048,2048,2048,16,1,1048576,43,0,192.672,0.000,0.000,0.000,PASS,0
mh_comm_C2_RING_SIMPLE_CH8_N2048_q16_rep4,3,4,3,sm_89,COMM_ONLY,NCCL,C2_RING_SIMPLE_CH8,2048,2048,2048,16,2,1048576,43,0,273.664,0.000,0.000,0.000,PASS,0
mh_comm_C2_RING_SIMPLE_CH8_N2048_q16_rep4,3,4,3,sm_89,COMM_ONLY,NCCL,C2_RING_SIMPLE_CH8,2048,2048,2048,16,3,1048576,43,0,355.552,0.000,0.000,0.000,PASS,0
mh_comm_C2_RING_SIMPLE_CH8_N2048_q16_rep4,3,4,3,sm_89,COMM_ONLY,NCCL,C2_RING_SIMPLE_CH8,2048,2048,2048,16,4,1048576,43,0,445.664,0.000,0.000,0.000,PASS,0
mh_comm_C2_RING_SIMPLE_CH8_N2048_q16_rep4,3,4,3,sm_89,COMM_ONLY,NCCL,C2_RING_SIMPLE_CH8,2048,2048,2048,16,5,1048576,43,0,527.456,0.000,0.000,0.000,PASS,0
mh_comm_C2_RING_SIMPLE_CH8_N2048_q16_rep4,3,4,3,sm_89,COMM_ONLY,NCCL,C2_RING_SIMPLE_CH8,2048,2048,2048,16,6,1048576,43,0,608.448,0.000,0.000,0.000,PASS,0
mh_comm_C2_RING_SIMPLE_CH8_N2048_q16_rep4,3,4,3,sm_89,COMM_ONLY,NCCL,C2_RING_SIMPLE_CH8,2048,2048,2048,16,7,1048576,43,0,689.312,0.000,0.000,0.000,PASS,0
mh_comm_C2_RING_SIMPLE_CH8_N2048_q16_rep4,3,4,3,sm_89,COMM_ONLY,NCCL,C2_RING_SIMPLE_CH8,2048,2048,2048,16,8,1048576,43,0,781.280,0.000,0.000,0.000,PASS,0
mh_comm_C2_RING_SIMPLE_CH8_N2048_q16_rep4,3,4,3,sm_89,COMM_ONLY,NCCL,C2_RING_SIMPLE_CH8,2048,2048,2048,16,9,1048576,43,0,861.856,0.000,0.000,0.000,PASS,0
mh_comm_C2_RING_SIMPLE_CH8_N2048_q16_rep4,3,4,3,sm_89,COMM_ONLY,NCCL,C2_RING_SIMPLE_CH8,2048,2048,2048,16,10,1048576,43,0,942.528,0.000,0.000,0.000,PASS,0
mh_comm_C2_RING_SIMPLE_CH8_N2048_q16_rep4,3,4,3,sm_89,COMM_ONLY,NCCL,C2_RING_SIMPLE_CH8,2048,2048,2048,16,11,1048576,43,0,1025.312,0.000,0.000,0.000,PASS,0
mh_comm_C2_RING_SIMPLE_CH8_N2048_q16_rep4,3,4,3,sm_89,COMM_ONLY,NCCL,C2_RING_SIMPLE_CH8,2048,2048,2048,16,12,1048576,43,0,1106.784,0.000,0.000,0.000,PASS,0
mh_comm_C2_RING_SIMPLE_CH8_N2048_q16_rep4,3,4,3,sm_89,COMM_ONLY,NCCL,C2_RING_SIMPLE_CH8,2048,2048,2048,16,13,1048576,43,0,1187.136,0.000,0.000,0.000,PASS,0
mh_comm_C2_RING_SIMPLE_CH8_N2048_q16_rep4,3,4,3,sm_89,COMM_ONLY,NCCL,C2_RING_SIMPLE_CH8,2048,2048,2048,16,14,1048576,43,0,1281.568,0.000,0.000,0.000,PASS,0
mh_comm_C2_RING_SIMPLE_CH8_N2048_q16_rep4,3,4,3,sm_89,COMM_ONLY,NCCL,C2_RING_SIMPLE_CH8,2048,2048,2048,16,15,1048576,43,0,1362.432,0.000,0.000,0.000,PASS,0
mh_comm_C2_RING_SIMPLE_CH8_N2048_q16_rep4,3,4,3,sm_89,COMM_ONLY,NCCL,C2_RING_SIMPLE_CH8,2048,2048,2048,16,0,1048576,44,0,123.168,0.000,0.000,0.000,PASS,0
mh_comm_C2_RING_SIMPLE_CH8_N2048_q16_rep4,3,4,3,sm_89,COMM_ONLY,NCCL,C2_RING_SIMPLE_CH8,2048,2048,2048,16,1,1048576,44,0,204.704,0.000,0.000,0.000,PASS,0
mh_comm_C2_RING_SIMPLE_CH8_N2048_q16_rep4,3,4,3,sm_89,COMM_ONLY,NCCL,C2_RING_SIMPLE_CH8,2048,2048,2048,16,2,1048576,44,0,285.824,0.000,0.000,0.000,PASS,0
mh_comm_C2_RING_SIMPLE_CH8_N2048_q16_rep4,3,4,3,sm_89,COMM_ONLY,NCCL,C2_RING_SIMPLE_CH8,2048,2048,2048,16,3,1048576,44,0,367.040,0.000,0.000,0.000,PASS,0
mh_comm_C2_RING_SIMPLE_CH8_N2048_q16_rep4,3,4,3,sm_89,COMM_ONLY,NCCL,C2_RING_SIMPLE_CH8,2048,2048,2048,16,4,1048576,44,0,448.384,0.000,0.000,0.000,PASS,0
mh_comm_C2_RING_SIMPLE_CH8_N2048_q16_rep4,3,4,3,sm_89,COMM_ONLY,NCCL,C2_RING_SIMPLE_CH8,2048,2048,2048,16,5,1048576,44,0,530.016,0.000,0.000,0.000,PASS,0
mh_comm_C2_RING_SIMPLE_CH8_N2048_q16_rep4,3,4,3,sm_89,COMM_ONLY,NCCL,C2_RING_SIMPLE_CH8,2048,2048,2048,16,6,1048576,44,0,624.032,0.000,0.000,0.000,PASS,0
mh_comm_C2_RING_SIMPLE_CH8_N2048_q16_rep4,3,4,3,sm_89,COMM_ONLY,NCCL,C2_RING_SIMPLE_CH8,2048,2048,2048,16,7,1048576,44,0,704.096,0.000,0.000,0.000,PASS,0
mh_comm_C2_RING_SIMPLE_CH8_N2048_q16_rep4,3,4,3,sm_89,COMM_ONLY,NCCL,C2_RING_SIMPLE_CH8,2048,2048,2048,16,8,1048576,44,0,786.560,0.000,0.000,0.000,PASS,0
mh_comm_C2_RING_SIMPLE_CH8_N2048_q16_rep4,3,4,3,sm_89,COMM_ONLY,NCCL,C2_RING_SIMPLE_CH8,2048,2048,2048,16,9,1048576,44,0,867.520,0.000,0.000,0.000,PASS,0
mh_comm_C2_RING_SIMPLE_CH8_N2048_q16_rep4,3,4,3,sm_89,COMM_ONLY,NCCL,C2_RING_SIMPLE_CH8,2048,2048,2048,16,10,1048576,44,0,949.088,0.000,0.000,0.000,PASS,0
mh_comm_C2_RING_SIMPLE_CH8_N2048_q16_rep4,3,4,3,sm_89,COMM_ONLY,NCCL,C2_RING_SIMPLE_CH8,2048,2048,2048,16,11,1048576,44,0,1032.096,0.000,0.000,0.000,PASS,0
mh_comm_C2_RING_SIMPLE_CH8_N2048_q16_rep4,3,4,3,sm_89,COMM_ONLY,NCCL,C2_RING_SIMPLE_CH8,2048,2048,2048,16,12,1048576,44,0,1112.928,0.000,0.000,0.000,PASS,0
mh_comm_C2_RING_SIMPLE_CH8_N2048_q16_rep4,3,4,3,sm_89,COMM_ONLY,NCCL,C2_RING_SIMPLE_CH8,2048,2048,2048,16,13,1048576,44,0,1193.920,0.000,0.000,0.000,PASS,0
mh_comm_C2_RING_SIMPLE_CH8_N2048_q16_rep4,3,4,3,sm_89,COMM_ONLY,NCCL,C2_RING_SIMPLE_CH8,2048,2048,2048,16,14,1048576,44,0,1276.704,0.000,0.000,0.000,PASS,0
mh_comm_C2_RING_SIMPLE_CH8_N2048_q16_rep4,3,4,3,sm_89,COMM_ONLY,NCCL,C2_RING_SIMPLE_CH8,2048,2048,2048,16,15,1048576,44,0,1358.112,0.000,0.000,0.000,PASS,0
mh_comm_C2_RING_SIMPLE_CH8_N2048_q16_rep4,3,4,3,sm_89,COMM_ONLY,NCCL,C2_RING_SIMPLE_CH8,2048,2048,2048,16,0,1048576,45,0,111.744,0.000,0.000,0.000,PASS,0
mh_comm_C2_RING_SIMPLE_CH8_N2048_q16_rep4,3,4,3,sm_89,COMM_ONLY,NCCL,C2_RING_SIMPLE_CH8,2048,2048,2048,16,1,1048576,45,0,192.992,0.000,0.000,0.000,PASS,0
mh_comm_C2_RING_SIMPLE_CH8_N2048_q16_rep4,3,4,3,sm_89,COMM_ONLY,NCCL,C2_RING_SIMPLE_CH8,2048,2048,2048,16,2,1048576,45,0,275.264,0.000,0.000,0.000,PASS,0
mh_comm_C2_RING_SIMPLE_CH8_N2048_q16_rep4,3,4,3,sm_89,COMM_ONLY,NCCL,C2_RING_SIMPLE_CH8,2048,2048,2048,16,3,1048576,45,0,355.936,0.000,0.000,0.000,PASS,0
mh_comm_C2_RING_SIMPLE_CH8_N2048_q16_rep4,3,4,3,sm_89,COMM_ONLY,NCCL,C2_RING_SIMPLE_CH8,2048,2048,2048,16,4,1048576,45,0,437.568,0.000,0.000,0.000,PASS,0
mh_comm_C2_RING_SIMPLE_CH8_N2048_q16_rep4,3,4,3,sm_89,COMM_ONLY,NCCL,C2_RING_SIMPLE_CH8,2048,2048,2048,16,5,1048576,45,0,518.784,0.000,0.000,0.000,PASS,0
mh_comm_C2_RING_SIMPLE_CH8_N2048_q16_rep4,3,4,3,sm_89,COMM_ONLY,NCCL,C2_RING_SIMPLE_CH8,2048,2048,2048,16,6,1048576,45,0,606.240,0.000,0.000,0.000,PASS,0
mh_comm_C2_RING_SIMPLE_CH8_N2048_q16_rep4,3,4,3,sm_89,COMM_ONLY,NCCL,C2_RING_SIMPLE_CH8,2048,2048,2048,16,7,1048576,45,0,687.552,0.000,0.000,0.000,PASS,0
mh_comm_C2_RING_SIMPLE_CH8_N2048_q16_rep4,3,4,3,sm_89,COMM_ONLY,NCCL,C2_RING_SIMPLE_CH8,2048,2048,2048,16,8,1048576,45,0,770.976,0.000,0.000,0.000,PASS,0
mh_comm_C2_RING_SIMPLE_CH8_N2048_q16_rep4,3,4,3,sm_89,COMM_ONLY,NCCL,C2_RING_SIMPLE_CH8,2048,2048,2048,16,9,1048576,45,0,862.848,0.000,0.000,0.000,PASS,0
mh_comm_C2_RING_SIMPLE_CH8_N2048_q16_rep4,3,4,3,sm_89,COMM_ONLY,NCCL,C2_RING_SIMPLE_CH8,2048,2048,2048,16,10,1048576,45,0,943.488,0.000,0.000,0.000,PASS,0
mh_comm_C2_RING_SIMPLE_CH8_N2048_q16_rep4,3,4,3,sm_89,COMM_ONLY,NCCL,C2_RING_SIMPLE_CH8,2048,2048,2048,16,11,1048576,45,0,1024.992,0.000,0.000,0.000,PASS,0
mh_comm_C2_RING_SIMPLE_CH8_N2048_q16_rep4,3,4,3,sm_89,COMM_ONLY,NCCL,C2_RING_SIMPLE_CH8,2048,2048,2048,16,12,1048576,45,0,1106.464,0.000,0.000,0.000,PASS,0
mh_comm_C2_RING_SIMPLE_CH8_N2048_q16_rep4,3,4,3,sm_89,COMM_ONLY,NCCL,C2_RING_SIMPLE_CH8,2048,2048,2048,16,13,1048576,45,0,1186.464,0.000,0.000,0.000,PASS,0
mh_comm_C2_RING_SIMPLE_CH8_N2048_q16_rep4,3,4,3,sm_89,COMM_ONLY,NCCL,C2_RING_SIMPLE_CH8,2048,2048,2048,16,14,1048576,45,0,1279.712,0.000,0.000,0.000,PASS,0
mh_comm_C2_RING_SIMPLE_CH8_N2048_q16_rep4,3,4,3,sm_89,COMM_ONLY,NCCL,C2_RING_SIMPLE_CH8,2048,2048,2048,16,15,1048576,45,0,1360.960,0.000,0.000,0.000,PASS,0
mh_comm_C2_RING_SIMPLE_CH8_N2048_q16_rep4,3,4,3,sm_89,COMM_ONLY,NCCL,C2_RING_SIMPLE_CH8,2048,2048,2048,16,0,1048576,46,0,114.016,0.000,0.000,0.000,PASS,0
mh_comm_C2_RING_SIMPLE_CH8_N2048_q16_rep4,3,4,3,sm_89,COMM_ONLY,NCCL,C2_RING_SIMPLE_CH8,2048,2048,2048,16,1,1048576,46,0,195.104,0.000,0.000,0.000,PASS,0
mh_comm_C2_RING_SIMPLE_CH8_N2048_q16_rep4,3,4,3,sm_89,COMM_ONLY,NCCL,C2_RING_SIMPLE_CH8,2048,2048,2048,16,2,1048576,46,0,275.552,0.000,0.000,0.000,PASS,0
mh_comm_C2_RING_SIMPLE_CH8_N2048_q16_rep4,3,4,3,sm_89,COMM_ONLY,NCCL,C2_RING_SIMPLE_CH8,2048,2048,2048,16,3,1048576,46,0,355.968,0.000,0.000,0.000,PASS,0
mh_comm_C2_RING_SIMPLE_CH8_N2048_q16_rep4,3,4,3,sm_89,COMM_ONLY,NCCL,C2_RING_SIMPLE_CH8,2048,2048,2048,16,4,1048576,46,0,437.568,0.000,0.000,0.000,PASS,0
mh_comm_C2_RING_SIMPLE_CH8_N2048_q16_rep4,3,4,3,sm_89,COMM_ONLY,NCCL,C2_RING_SIMPLE_CH8,2048,2048,2048,16,5,1048576,46,0,525.600,0.000,0.000,0.000,PASS,0
mh_comm_C2_RING_SIMPLE_CH8_N2048_q16_rep4,3,4,3,sm_89,COMM_ONLY,NCCL,C2_RING_SIMPLE_CH8,2048,2048,2048,16,6,1048576,46,0,606.464,0.000,0.000,0.000,PASS,0
mh_comm_C2_RING_SIMPLE_CH8_N2048_q16_rep4,3,4,3,sm_89,COMM_ONLY,NCCL,C2_RING_SIMPLE_CH8,2048,2048,2048,16,7,1048576,46,0,696.832,0.000,0.000,0.000,PASS,0
mh_comm_C2_RING_SIMPLE_CH8_N2048_q16_rep4,3,4,3,sm_89,COMM_ONLY,NCCL,C2_RING_SIMPLE_CH8,2048,2048,2048,16,8,1048576,46,0,780.576,0.000,0.000,0.000,PASS,0
mh_comm_C2_RING_SIMPLE_CH8_N2048_q16_rep4,3,4,3,sm_89,COMM_ONLY,NCCL,C2_RING_SIMPLE_CH8,2048,2048,2048,16,9,1048576,46,0,862.336,0.000,0.000,0.000,PASS,0
mh_comm_C2_RING_SIMPLE_CH8_N2048_q16_rep4,3,4,3,sm_89,COMM_ONLY,NCCL,C2_RING_SIMPLE_CH8,2048,2048,2048,16,10,1048576,46,0,943.744,0.000,0.000,0.000,PASS,0
mh_comm_C2_RING_SIMPLE_CH8_N2048_q16_rep4,3,4,3,sm_89,COMM_ONLY,NCCL,C2_RING_SIMPLE_CH8,2048,2048,2048,16,11,1048576,46,0,1025.056,0.000,0.000,0.000,PASS,0
mh_comm_C2_RING_SIMPLE_CH8_N2048_q16_rep4,3,4,3,sm_89,COMM_ONLY,NCCL,C2_RING_SIMPLE_CH8,2048,2048,2048,16,12,1048576,46,0,1107.392,0.000,0.000,0.000,PASS,0
mh_comm_C2_RING_SIMPLE_CH8_N2048_q16_rep4,3,4,3,sm_89,COMM_ONLY,NCCL,C2_RING_SIMPLE_CH8,2048,2048,2048,16,13,1048576,46,0,1188.640,0.000,0.000,0.000,PASS,0
mh_comm_C2_RING_SIMPLE_CH8_N2048_q16_rep4,3,4,3,sm_89,COMM_ONLY,NCCL,C2_RING_SIMPLE_CH8,2048,2048,2048,16,14,1048576,46,0,1278.656,0.000,0.000,0.000,PASS,0
mh_comm_C2_RING_SIMPLE_CH8_N2048_q16_rep4,3,4,3,sm_89,COMM_ONLY,NCCL,C2_RING_SIMPLE_CH8,2048,2048,2048,16,15,1048576,46,0,1359.840,0.000,0.000,0.000,PASS,0
mh_comm_C2_RING_SIMPLE_CH8_N2048_q16_rep4,3,4,3,sm_89,COMM_ONLY,NCCL,C2_RING_SIMPLE_CH8,2048,2048,2048,16,0,1048576,47,0,109.280,0.000,0.000,0.000,PASS,0
mh_comm_C2_RING_SIMPLE_CH8_N2048_q16_rep4,3,4,3,sm_89,COMM_ONLY,NCCL,C2_RING_SIMPLE_CH8,2048,2048,2048,16,1,1048576,47,0,191.584,0.000,0.000,0.000,PASS,0
mh_comm_C2_RING_SIMPLE_CH8_N2048_q16_rep4,3,4,3,sm_89,COMM_ONLY,NCCL,C2_RING_SIMPLE_CH8,2048,2048,2048,16,2,1048576,47,0,272.800,0.000,0.000,0.000,PASS,0
mh_comm_C2_RING_SIMPLE_CH8_N2048_q16_rep4,3,4,3,sm_89,COMM_ONLY,NCCL,C2_RING_SIMPLE_CH8,2048,2048,2048,16,3,1048576,47,0,359.648,0.000,0.000,0.000,PASS,0
mh_comm_C2_RING_SIMPLE_CH8_N2048_q16_rep4,3,4,3,sm_89,COMM_ONLY,NCCL,C2_RING_SIMPLE_CH8,2048,2048,2048,16,4,1048576,47,0,442.560,0.000,0.000,0.000,PASS,0
mh_comm_C2_RING_SIMPLE_CH8_N2048_q16_rep4,3,4,3,sm_89,COMM_ONLY,NCCL,C2_RING_SIMPLE_CH8,2048,2048,2048,16,5,1048576,47,0,525.024,0.000,0.000,0.000,PASS,0
mh_comm_C2_RING_SIMPLE_CH8_N2048_q16_rep4,3,4,3,sm_89,COMM_ONLY,NCCL,C2_RING_SIMPLE_CH8,2048,2048,2048,16,6,1048576,47,0,605.600,0.000,0.000,0.000,PASS,0
mh_comm_C2_RING_SIMPLE_CH8_N2048_q16_rep4,3,4,3,sm_89,COMM_ONLY,NCCL,C2_RING_SIMPLE_CH8,2048,2048,2048,16,7,1048576,47,0,688.928,0.000,0.000,0.000,PASS,0
mh_comm_C2_RING_SIMPLE_CH8_N2048_q16_rep4,3,4,3,sm_89,COMM_ONLY,NCCL,C2_RING_SIMPLE_CH8,2048,2048,2048,16,8,1048576,47,0,769.792,0.000,0.000,0.000,PASS,0
mh_comm_C2_RING_SIMPLE_CH8_N2048_q16_rep4,3,4,3,sm_89,COMM_ONLY,NCCL,C2_RING_SIMPLE_CH8,2048,2048,2048,16,9,1048576,47,0,865.024,0.000,0.000,0.000,PASS,0
mh_comm_C2_RING_SIMPLE_CH8_N2048_q16_rep4,3,4,3,sm_89,COMM_ONLY,NCCL,C2_RING_SIMPLE_CH8,2048,2048,2048,16,10,1048576,47,0,960.128,0.000,0.000,0.000,PASS,0
mh_comm_C2_RING_SIMPLE_CH8_N2048_q16_rep4,3,4,3,sm_89,COMM_ONLY,NCCL,C2_RING_SIMPLE_CH8,2048,2048,2048,16,11,1048576,47,0,1047.136,0.000,0.000,0.000,PASS,0
mh_comm_C2_RING_SIMPLE_CH8_N2048_q16_rep4,3,4,3,sm_89,COMM_ONLY,NCCL,C2_RING_SIMPLE_CH8,2048,2048,2048,16,12,1048576,47,0,1143.808,0.000,0.000,0.000,PASS,0
mh_comm_C2_RING_SIMPLE_CH8_N2048_q16_rep4,3,4,3,sm_89,COMM_ONLY,NCCL,C2_RING_SIMPLE_CH8,2048,2048,2048,16,13,1048576,47,0,1225.056,0.000,0.000,0.000,PASS,0
mh_comm_C2_RING_SIMPLE_CH8_N2048_q16_rep4,3,4,3,sm_89,COMM_ONLY,NCCL,C2_RING_SIMPLE_CH8,2048,2048,2048,16,14,1048576,47,0,1306.368,0.000,0.000,0.000,PASS,0
mh_comm_C2_RING_SIMPLE_CH8_N2048_q16_rep4,3,4,3,sm_89,COMM_ONLY,NCCL,C2_RING_SIMPLE_CH8,2048,2048,2048,16,15,1048576,47,0,1387.520,0.000,0.000,0.000,PASS,0
mh_comm_C2_RING_SIMPLE_CH8_N2048_q16_rep4,3,4,3,sm_89,COMM_ONLY,NCCL,C2_RING_SIMPLE_CH8,2048,2048,2048,16,0,1048576,48,0,129.088,0.000,0.000,0.000,PASS,0
mh_comm_C2_RING_SIMPLE_CH8_N2048_q16_rep4,3,4,3,sm_89,COMM_ONLY,NCCL,C2_RING_SIMPLE_CH8,2048,2048,2048,16,1,1048576,48,0,210.560,0.000,0.000,0.000,PASS,0
mh_comm_C2_RING_SIMPLE_CH8_N2048_q16_rep4,3,4,3,sm_89,COMM_ONLY,NCCL,C2_RING_SIMPLE_CH8,2048,2048,2048,16,2,1048576,48,0,292.320,0.000,0.000,0.000,PASS,0
mh_comm_C2_RING_SIMPLE_CH8_N2048_q16_rep4,3,4,3,sm_89,COMM_ONLY,NCCL,C2_RING_SIMPLE_CH8,2048,2048,2048,16,3,1048576,48,0,395.712,0.000,0.000,0.000,PASS,0
mh_comm_C2_RING_SIMPLE_CH8_N2048_q16_rep4,3,4,3,sm_89,COMM_ONLY,NCCL,C2_RING_SIMPLE_CH8,2048,2048,2048,16,4,1048576,48,0,479.936,0.000,0.000,0.000,PASS,0
mh_comm_C2_RING_SIMPLE_CH8_N2048_q16_rep4,3,4,3,sm_89,COMM_ONLY,NCCL,C2_RING_SIMPLE_CH8,2048,2048,2048,16,5,1048576,48,0,581.376,0.000,0.000,0.000,PASS,0
mh_comm_C2_RING_SIMPLE_CH8_N2048_q16_rep4,3,4,3,sm_89,COMM_ONLY,NCCL,C2_RING_SIMPLE_CH8,2048,2048,2048,16,6,1048576,48,0,660.832,0.000,0.000,0.000,PASS,0
mh_comm_C2_RING_SIMPLE_CH8_N2048_q16_rep4,3,4,3,sm_89,COMM_ONLY,NCCL,C2_RING_SIMPLE_CH8,2048,2048,2048,16,7,1048576,48,0,741.952,0.000,0.000,0.000,PASS,0
mh_comm_C2_RING_SIMPLE_CH8_N2048_q16_rep4,3,4,3,sm_89,COMM_ONLY,NCCL,C2_RING_SIMPLE_CH8,2048,2048,2048,16,8,1048576,48,0,836.928,0.000,0.000,0.000,PASS,0
mh_comm_C2_RING_SIMPLE_CH8_N2048_q16_rep4,3,4,3,sm_89,COMM_ONLY,NCCL,C2_RING_SIMPLE_CH8,2048,2048,2048,16,9,1048576,48,0,917.952,0.000,0.000,0.000,PASS,0
mh_comm_C2_RING_SIMPLE_CH8_N2048_q16_rep4,3,4,3,sm_89,COMM_ONLY,NCCL,C2_RING_SIMPLE_CH8,2048,2048,2048,16,10,1048576,48,0,999.296,0.000,0.000,0.000,PASS,0
mh_comm_C2_RING_SIMPLE_CH8_N2048_q16_rep4,3,4,3,sm_89,COMM_ONLY,NCCL,C2_RING_SIMPLE_CH8,2048,2048,2048,16,11,1048576,48,0,1092.000,0.000,0.000,0.000,PASS,0
mh_comm_C2_RING_SIMPLE_CH8_N2048_q16_rep4,3,4,3,sm_89,COMM_ONLY,NCCL,C2_RING_SIMPLE_CH8,2048,2048,2048,16,12,1048576,48,0,1174.528,0.000,0.000,0.000,PASS,0
mh_comm_C2_RING_SIMPLE_CH8_N2048_q16_rep4,3,4,3,sm_89,COMM_ONLY,NCCL,C2_RING_SIMPLE_CH8,2048,2048,2048,16,13,1048576,48,0,1267.648,0.000,0.000,0.000,PASS,0
mh_comm_C2_RING_SIMPLE_CH8_N2048_q16_rep4,3,4,3,sm_89,COMM_ONLY,NCCL,C2_RING_SIMPLE_CH8,2048,2048,2048,16,14,1048576,48,0,1370.272,0.000,0.000,0.000,PASS,0
mh_comm_C2_RING_SIMPLE_CH8_N2048_q16_rep4,3,4,3,sm_89,COMM_ONLY,NCCL,C2_RING_SIMPLE_CH8,2048,2048,2048,16,15,1048576,48,0,1458.752,0.000,0.000,0.000,PASS,0
mh_comm_C2_RING_SIMPLE_CH8_N2048_q16_rep4,3,4,3,sm_89,COMM_ONLY,NCCL,C2_RING_SIMPLE_CH8,2048,2048,2048,16,0,1048576,49,0,122.944,0.000,0.000,0.000,PASS,0
mh_comm_C2_RING_SIMPLE_CH8_N2048_q16_rep4,3,4,3,sm_89,COMM_ONLY,NCCL,C2_RING_SIMPLE_CH8,2048,2048,2048,16,1,1048576,49,0,205.888,0.000,0.000,0.000,PASS,0
mh_comm_C2_RING_SIMPLE_CH8_N2048_q16_rep4,3,4,3,sm_89,COMM_ONLY,NCCL,C2_RING_SIMPLE_CH8,2048,2048,2048,16,2,1048576,49,0,300.704,0.000,0.000,0.000,PASS,0
mh_comm_C2_RING_SIMPLE_CH8_N2048_q16_rep4,3,4,3,sm_89,COMM_ONLY,NCCL,C2_RING_SIMPLE_CH8,2048,2048,2048,16,3,1048576,49,0,382.976,0.000,0.000,0.000,PASS,0
mh_comm_C2_RING_SIMPLE_CH8_N2048_q16_rep4,3,4,3,sm_89,COMM_ONLY,NCCL,C2_RING_SIMPLE_CH8,2048,2048,2048,16,4,1048576,49,0,473.920,0.000,0.000,0.000,PASS,0
mh_comm_C2_RING_SIMPLE_CH8_N2048_q16_rep4,3,4,3,sm_89,COMM_ONLY,NCCL,C2_RING_SIMPLE_CH8,2048,2048,2048,16,5,1048576,49,0,556.288,0.000,0.000,0.000,PASS,0
mh_comm_C2_RING_SIMPLE_CH8_N2048_q16_rep4,3,4,3,sm_89,COMM_ONLY,NCCL,C2_RING_SIMPLE_CH8,2048,2048,2048,16,6,1048576,49,0,636.896,0.000,0.000,0.000,PASS,0
mh_comm_C2_RING_SIMPLE_CH8_N2048_q16_rep4,3,4,3,sm_89,COMM_ONLY,NCCL,C2_RING_SIMPLE_CH8,2048,2048,2048,16,7,1048576,49,0,732.320,0.000,0.000,0.000,PASS,0
mh_comm_C2_RING_SIMPLE_CH8_N2048_q16_rep4,3,4,3,sm_89,COMM_ONLY,NCCL,C2_RING_SIMPLE_CH8,2048,2048,2048,16,8,1048576,49,0,814.080,0.000,0.000,0.000,PASS,0
mh_comm_C2_RING_SIMPLE_CH8_N2048_q16_rep4,3,4,3,sm_89,COMM_ONLY,NCCL,C2_RING_SIMPLE_CH8,2048,2048,2048,16,9,1048576,49,0,894.496,0.000,0.000,0.000,PASS,0
mh_comm_C2_RING_SIMPLE_CH8_N2048_q16_rep4,3,4,3,sm_89,COMM_ONLY,NCCL,C2_RING_SIMPLE_CH8,2048,2048,2048,16,10,1048576,49,0,976.480,0.000,0.000,0.000,PASS,0
mh_comm_C2_RING_SIMPLE_CH8_N2048_q16_rep4,3,4,3,sm_89,COMM_ONLY,NCCL,C2_RING_SIMPLE_CH8,2048,2048,2048,16,11,1048576,49,0,1060.608,0.000,0.000,0.000,PASS,0
mh_comm_C2_RING_SIMPLE_CH8_N2048_q16_rep4,3,4,3,sm_89,COMM_ONLY,NCCL,C2_RING_SIMPLE_CH8,2048,2048,2048,16,12,1048576,49,0,1141.600,0.000,0.000,0.000,PASS,0
mh_comm_C2_RING_SIMPLE_CH8_N2048_q16_rep4,3,4,3,sm_89,COMM_ONLY,NCCL,C2_RING_SIMPLE_CH8,2048,2048,2048,16,13,1048576,49,0,1235.904,0.000,0.000,0.000,PASS,0
mh_comm_C2_RING_SIMPLE_CH8_N2048_q16_rep4,3,4,3,sm_89,COMM_ONLY,NCCL,C2_RING_SIMPLE_CH8,2048,2048,2048,16,14,1048576,49,0,1327.712,0.000,0.000,0.000,PASS,0
mh_comm_C2_RING_SIMPLE_CH8_N2048_q16_rep4,3,4,3,sm_89,COMM_ONLY,NCCL,C2_RING_SIMPLE_CH8,2048,2048,2048,16,15,1048576,49,0,1421.408,0.000,0.000,0.000,PASS,0
