run_id,rank,rank_count,device,gfx_arch,path,family,candidate,M,N,K,q,slice_index,slice_bytes,iteration_index,t_issue_us,t_release_us,t_gemm_start_us,t_gemm_end_us,t_gemm_duration_us,correctness,status
wm_S5_d1_q16m1_rep2,0,4,0,sm_89,D1_PUSHSIG_OVERLAP,NVSHMEM,C0_DEFAULT,4096,1024,4096,16,0,4194304,0,0,135.872,142.752,647.392,504.640,PASS,0
wm_S5_d1_q16m1_rep2,0,4,0,sm_89,D1_PUSHSIG_OVERLAP,NVSHMEM,C0_DEFAULT,4096,1024,4096,16,1,4194304,0,0,705.664,718.368,1219.712,501.344,PASS,0
wm_S5_d1_q16m1_rep2,0,4,0,sm_89,D1_PUSHSIG_OVERLAP,NVSHMEM,C0_DEFAULT,4096,1024,4096,16,2,4194304,0,0,1269.696,1280.576,1774.976,494.400,PASS,0
wm_S5_d1_q16m1_rep2,0,4,0,sm_89,D1_PUSHSIG_OVERLAP,NVSHMEM,C0_DEFAULT,4096,1024,4096,16,3,4194304,0,0,1816.640,1820.128,2311.136,491.008,PASS,0
wm_S5_d1_q16m1_rep2,0,4,0,sm_89,D1_PUSHSIG_OVERLAP,NVSHMEM,C0_DEFAULT,4096,1024,4096,16,4,4194304,0,0,2356.384,2360.000,2852.928,492.928,PASS,0
wm_S5_d1_q16m1_rep2,0,4,0,sm_89,D1_PUSHSIG_OVERLAP,NVSHMEM,C0_DEFAULT,4096,1024,4096,16,5,4194304,0,0,2921.664,2925.440,3428.160,502.720,PASS,0
wm_S5_d1_q16m1_rep2,0,4,0,sm_89,D1_PUSHSIG_OVERLAP,NVSHMEM,C0_DEFAULT,4096,1024,4096,16,6,4194304,0,0,3470.304,3473.760,3964.640,490.880,PASS,0
wm_S5_d1_q16m1_rep2,0,4,0,sm_89,D1_PUSHSIG_OVERLAP,NVSHMEM,C0_DEFAULT,4096,1024,4096,16,7,4194304,0,0,4019.104,4022.720,4516.960,494.240,PASS,0
wm_S5_d1_q16m1_rep2,0,4,0,sm_89,D1_PUSHSIG_OVERLAP,NVSHMEM,C0_DEFAULT,4096,1024,4096,16,8,4194304,0,0,4559.456,4566.880,5064.064,497.184,PASS,0
wm_S5_d1_q16m1_rep2,0,4,0,sm_89,D1_PUSHSIG_OVERLAP,NVSHMEM,C0_DEFAULT,4096,1024,4096,16,9,4194304,0,0,5104.960,5110.784,5603.360,492.576,PASS,0
wm_S5_d1_q16m1_rep2,0,4,0,sm_89,D1_PUSHSIG_OVERLAP,NVSHMEM,C0_DEFAULT,4096,1024,4096,16,10,4194304,0,0,5645.888,5649.728,6143.520,493.792,PASS,0
wm_S5_d1_q16m1_rep2,0,4,0,sm_89,D1_PUSHSIG_OVERLAP,NVSHMEM,C0_DEFAULT,4096,1024,4096,16,11,4194304,0,0,6180.576,6184.576,6684.960,500.384,PASS,0
wm_S5_d1_q16m1_rep2,0,4,0,sm_89,D1_PUSHSIG_OVERLAP,NVSHMEM,C0_DEFAULT,4096,1024,4096,16,12,4194304,0,0,6732.064,6742.080,7237.152,495.072,PASS,0
wm_S5_d1_q16m1_rep2,0,4,0,sm_89,D1_PUSHSIG_OVERLAP,NVSHMEM,C0_DEFAULT,4096,1024,4096,16,13,4194304,0,0,7275.552,7279.808,7776.992,497.184,PASS,0
wm_S5_d1_q16m1_rep2,0,4,0,sm_89,D1_PUSHSIG_OVERLAP,NVSHMEM,C0_DEFAULT,4096,1024,4096,16,14,4194304,0,0,7823.840,7835.104,8323.872,488.768,PASS,0
wm_S5_d1_q16m1_rep2,0,4,0,sm_89,D1_PUSHSIG_OVERLAP,NVSHMEM,C0_DEFAULT,4096,1024,4096,16,15,4194304,0,0,8349.568,8353.056,8839.904,486.848,PASS,0
wm_S5_d1_q16m1_rep2,0,4,0,sm_89,D1_PUSHSIG_OVERLAP,NVSHMEM,C0_DEFAULT,4096,1024,4096,16,0,4194304,1,0,169.216,175.040,670.688,495.648,PASS,0
wm_S5_d1_q16m1_rep2,0,4,0,sm_89,D1_PUSHSIG_OVERLAP,NVSHMEM,C0_DEFAULT,4096,1024,4096,16,1,4194304,1,0,716.992,720.672,1214.656,493.984,PASS,0
wm_S5_d1_q16m1_rep2,0,4,0,sm_89,D1_PUSHSIG_OVERLAP,NVSHMEM,C0_DEFAULT,4096,1024,4096,16,2,4194304,1,0,1278.496,1292.576,1798.560,505.984,PASS,0
wm_S5_d1_q16m1_rep2,0,4,0,sm_89,D1_PUSHSIG_OVERLAP,NVSHMEM,C0_DEFAULT,4096,1024,4096,16,3,4194304,1,0,1845.280,1848.800,2341.856,493.056,PASS,0
wm_S5_d1_q16m1_rep2,0,4,0,sm_89,D1_PUSHSIG_OVERLAP,NVSHMEM,C0_DEFAULT,4096,1024,4096,16,4,4194304,1,0,2383.488,2392.352,2889.824,497.472,PASS,0
wm_S5_d1_q16m1_rep2,0,4,0,sm_89,D1_PUSHSIG_OVERLAP,NVSHMEM,C0_DEFAULT,4096,1024,4096,16,5,4194304,1,0,2937.120,2948.256,3449.184,500.928,PASS,0
wm_S5_d1_q16m1_rep2,0,4,0,sm_89,D1_PUSHSIG_OVERLAP,NVSHMEM,C0_DEFAULT,4096,1024,4096,16,6,4194304,1,0,3494.816,3498.720,3996.992,498.272,PASS,0
wm_S5_d1_q16m1_rep2,0,4,0,sm_89,D1_PUSHSIG_OVERLAP,NVSHMEM,C0_DEFAULT,4096,1024,4096,16,7,4194304,1,0,4053.792,4069.792,4574.592,504.800,PASS,0
wm_S5_d1_q16m1_rep2,0,4,0,sm_89,D1_PUSHSIG_OVERLAP,NVSHMEM,C0_DEFAULT,4096,1024,4096,16,8,4194304,1,0,4617.824,4621.312,5113.248,491.936,PASS,0
wm_S5_d1_q16m1_rep2,0,4,0,sm_89,D1_PUSHSIG_OVERLAP,NVSHMEM,C0_DEFAULT,4096,1024,4096,16,9,4194304,1,0,5160.096,5163.552,5657.536,493.984,PASS,0
wm_S5_d1_q16m1_rep2,0,4,0,sm_89,D1_PUSHSIG_OVERLAP,NVSHMEM,C0_DEFAULT,4096,1024,4096,16,10,4194304,1,0,5709.696,5713.216,6207.104,493.888,PASS,0
wm_S5_d1_q16m1_rep2,0,4,0,sm_89,D1_PUSHSIG_OVERLAP,NVSHMEM,C0_DEFAULT,4096,1024,4096,16,11,4194304,1,0,6276.832,6286.176,6779.744,493.568,PASS,0
wm_S5_d1_q16m1_rep2,0,4,0,sm_89,D1_PUSHSIG_OVERLAP,NVSHMEM,C0_DEFAULT,4096,1024,4096,16,12,4194304,1,0,6820.640,6824.064,7311.168,487.104,PASS,0
wm_S5_d1_q16m1_rep2,0,4,0,sm_89,D1_PUSHSIG_OVERLAP,NVSHMEM,C0_DEFAULT,4096,1024,4096,16,13,4194304,1,0,7337.184,7340.768,7827.648,486.880,PASS,0
wm_S5_d1_q16m1_rep2,0,4,0,sm_89,D1_PUSHSIG_OVERLAP,NVSHMEM,C0_DEFAULT,4096,1024,4096,16,14,4194304,1,0,7853.984,7857.792,8344.864,487.072,PASS,0
wm_S5_d1_q16m1_rep2,0,4,0,sm_89,D1_PUSHSIG_OVERLAP,NVSHMEM,C0_DEFAULT,4096,1024,4096,16,15,4194304,1,0,8369.952,8373.473,8859.808,486.336,PASS,0
wm_S5_d1_q16m1_rep2,0,4,0,sm_89,D1_PUSHSIG_OVERLAP,NVSHMEM,C0_DEFAULT,4096,1024,4096,16,0,4194304,2,0,156.864,163.776,657.984,494.208,PASS,0
wm_S5_d1_q16m1_rep2,0,4,0,sm_89,D1_PUSHSIG_OVERLAP,NVSHMEM,C0_DEFAULT,4096,1024,4096,16,1,4194304,2,0,720.480,726.944,1220.224,493.280,PASS,0
wm_S5_d1_q16m1_rep2,0,4,0,sm_89,D1_PUSHSIG_OVERLAP,NVSHMEM,C0_DEFAULT,4096,1024,4096,16,2,4194304,2,0,1278.432,1282.016,1775.040,493.024,PASS,0
wm_S5_d1_q16m1_rep2,0,4,0,sm_89,D1_PUSHSIG_OVERLAP,NVSHMEM,C0_DEFAULT,4096,1024,4096,16,3,4194304,2,0,1831.520,1834.976,2326.080,491.104,PASS,0
wm_S5_d1_q16m1_rep2,0,4,0,sm_89,D1_PUSHSIG_OVERLAP,NVSHMEM,C0_DEFAULT,4096,1024,4096,16,4,4194304,2,0,2369.856,2373.312,2865.536,492.224,PASS,0
wm_S5_d1_q16m1_rep2,0,4,0,sm_89,D1_PUSHSIG_OVERLAP,NVSHMEM,C0_DEFAULT,4096,1024,4096,16,5,4194304,2,0,2908.960,2913.344,3404.256,490.912,PASS,0
wm_S5_d1_q16m1_rep2,0,4,0,sm_89,D1_PUSHSIG_OVERLAP,NVSHMEM,C0_DEFAULT,4096,1024,4096,16,6,4194304,2,0,3461.728,3465.120,3957.920,492.800,PASS,0
wm_S5_d1_q16m1_rep2,0,4,0,sm_89,D1_PUSHSIG_OVERLAP,NVSHMEM,C0_DEFAULT,4096,1024,4096,16,7,4194304,2,0,4006.208,4010.336,4503.520,493.184,PASS,0
wm_S5_d1_q16m1_rep2,0,4,0,sm_89,D1_PUSHSIG_OVERLAP,NVSHMEM,C0_DEFAULT,4096,1024,4096,16,8,4194304,2,0,4557.184,4564.288,5060.224,495.936,PASS,0
wm_S5_d1_q16m1_rep2,0,4,0,sm_89,D1_PUSHSIG_OVERLAP,NVSHMEM,C0_DEFAULT,4096,1024,4096,16,9,4194304,2,0,5107.872,5111.648,5603.264,491.616,PASS,0
wm_S5_d1_q16m1_rep2,0,4,0,sm_89,D1_PUSHSIG_OVERLAP,NVSHMEM,C0_DEFAULT,4096,1024,4096,16,10,4194304,2,0,5655.296,5659.040,6150.976,491.936,PASS,0
wm_S5_d1_q16m1_rep2,0,4,0,sm_89,D1_PUSHSIG_OVERLAP,NVSHMEM,C0_DEFAULT,4096,1024,4096,16,11,4194304,2,0,6195.552,6198.976,6690.272,491.296,PASS,0
wm_S5_d1_q16m1_rep2,0,4,0,sm_89,D1_PUSHSIG_OVERLAP,NVSHMEM,C0_DEFAULT,4096,1024,4096,16,12,4194304,2,0,6728.224,6732.224,7226.432,494.208,PASS,0
wm_S5_d1_q16m1_rep2,0,4,0,sm_89,D1_PUSHSIG_OVERLAP,NVSHMEM,C0_DEFAULT,4096,1024,4096,16,13,4194304,2,0,7282.848,7298.336,7795.872,497.536,PASS,0
wm_S5_d1_q16m1_rep2,0,4,0,sm_89,D1_PUSHSIG_OVERLAP,NVSHMEM,C0_DEFAULT,4096,1024,4096,16,14,4194304,2,0,7821.920,7825.408,8312.479,487.072,PASS,0
wm_S5_d1_q16m1_rep2,0,4,0,sm_89,D1_PUSHSIG_OVERLAP,NVSHMEM,C0_DEFAULT,4096,1024,4096,16,15,4194304,2,0,8370.240,8373.728,8860.032,486.304,PASS,0
wm_S5_d1_q16m1_rep2,0,4,0,sm_89,D1_PUSHSIG_OVERLAP,NVSHMEM,C0_DEFAULT,4096,1024,4096,16,0,4194304,3,0,156.672,163.008,658.944,495.936,PASS,0
wm_S5_d1_q16m1_rep2,0,4,0,sm_89,D1_PUSHSIG_OVERLAP,NVSHMEM,C0_DEFAULT,4096,1024,4096,16,1,4194304,3,0,712.096,715.904,1209.312,493.408,PASS,0
wm_S5_d1_q16m1_rep2,0,4,0,sm_89,D1_PUSHSIG_OVERLAP,NVSHMEM,C0_DEFAULT,4096,1024,4096,16,2,4194304,3,0,1250.848,1254.560,1746.240,491.680,PASS,0
wm_S5_d1_q16m1_rep2,0,4,0,sm_89,D1_PUSHSIG_OVERLAP,NVSHMEM,C0_DEFAULT,4096,1024,4096,16,3,4194304,3,0,1789.312,1793.472,2290.176,496.704,PASS,0
wm_S5_d1_q16m1_rep2,0,4,0,sm_89,D1_PUSHSIG_OVERLAP,NVSHMEM,C0_DEFAULT,4096,1024,4096,16,4,4194304,3,0,2338.560,2350.688,2853.312,502.624,PASS,0
wm_S5_d1_q16m1_rep2,0,4,0,sm_89,D1_PUSHSIG_OVERLAP,NVSHMEM,C0_DEFAULT,4096,1024,4096,16,5,4194304,3,0,2909.632,2921.152,3424.576,503.424,PASS,0
wm_S5_d1_q16m1_rep2,0,4,0,sm_89,D1_PUSHSIG_OVERLAP,NVSHMEM,C0_DEFAULT,4096,1024,4096,16,6,4194304,3,0,3483.168,3493.408,3994.848,501.440,PASS,0
wm_S5_d1_q16m1_rep2,0,4,0,sm_89,D1_PUSHSIG_OVERLAP,NVSHMEM,C0_DEFAULT,4096,1024,4096,16,7,4194304,3,0,4038.720,4045.120,4542.912,497.792,PASS,0
wm_S5_d1_q16m1_rep2,0,4,0,sm_89,D1_PUSHSIG_OVERLAP,NVSHMEM,C0_DEFAULT,4096,1024,4096,16,8,4194304,3,0,4588.832,4594.976,5087.200,492.224,PASS,0
wm_S5_d1_q16m1_rep2,0,4,0,sm_89,D1_PUSHSIG_OVERLAP,NVSHMEM,C0_DEFAULT,4096,1024,4096,16,9,4194304,3,0,5130.752,5139.072,5633.664,494.592,PASS,0
wm_S5_d1_q16m1_rep2,0,4,0,sm_89,D1_PUSHSIG_OVERLAP,NVSHMEM,C0_DEFAULT,4096,1024,4096,16,10,4194304,3,0,5673.824,5677.248,6178.784,501.536,PASS,0
wm_S5_d1_q16m1_rep2,0,4,0,sm_89,D1_PUSHSIG_OVERLAP,NVSHMEM,C0_DEFAULT,4096,1024,4096,16,11,4194304,3,0,6238.528,6249.696,6752.864,503.168,PASS,0
wm_S5_d1_q16m1_rep2,0,4,0,sm_89,D1_PUSHSIG_OVERLAP,NVSHMEM,C0_DEFAULT,4096,1024,4096,16,12,4194304,3,0,6794.464,6798.912,7298.240,499.328,PASS,0
wm_S5_d1_q16m1_rep2,0,4,0,sm_89,D1_PUSHSIG_OVERLAP,NVSHMEM,C0_DEFAULT,4096,1024,4096,16,13,4194304,3,0,7344.384,7355.808,7852.512,496.704,PASS,0
wm_S5_d1_q16m1_rep2,0,4,0,sm_89,D1_PUSHSIG_OVERLAP,NVSHMEM,C0_DEFAULT,4096,1024,4096,16,14,4194304,3,0,7891.360,7894.816,8382.496,487.680,PASS,0
wm_S5_d1_q16m1_rep2,0,4,0,sm_89,D1_PUSHSIG_OVERLAP,NVSHMEM,C0_DEFAULT,4096,1024,4096,16,15,4194304,3,0,8408.160,8411.647,8898.271,486.624,PASS,0
wm_S5_d1_q16m1_rep2,0,4,0,sm_89,D1_PUSHSIG_OVERLAP,NVSHMEM,C0_DEFAULT,4096,1024,4096,16,0,4194304,4,0,159.136,165.248,659.680,494.432,PASS,0
wm_S5_d1_q16m1_rep2,0,4,0,sm_89,D1_PUSHSIG_OVERLAP,NVSHMEM,C0_DEFAULT,4096,1024,4096,16,1,4194304,4,0,718.624,722.016,1213.152,491.136,PASS,0
wm_S5_d1_q16m1_rep2,0,4,0,sm_89,D1_PUSHSIG_OVERLAP,NVSHMEM,C0_DEFAULT,4096,1024,4096,16,2,4194304,4,0,1266.240,1270.208,1763.680,493.472,PASS,0
wm_S5_d1_q16m1_rep2,0,4,0,sm_89,D1_PUSHSIG_OVERLAP,NVSHMEM,C0_DEFAULT,4096,1024,4096,16,3,4194304,4,0,1810.880,1814.592,2305.824,491.232,PASS,0
wm_S5_d1_q16m1_rep2,0,4,0,sm_89,D1_PUSHSIG_OVERLAP,NVSHMEM,C0_DEFAULT,4096,1024,4096,16,4,4194304,4,0,2354.368,2365.088,2866.176,501.088,PASS,0
wm_S5_d1_q16m1_rep2,0,4,0,sm_89,D1_PUSHSIG_OVERLAP,NVSHMEM,C0_DEFAULT,4096,1024,4096,16,5,4194304,4,0,2930.144,2936.384,3431.712,495.328,PASS,0
wm_S5_d1_q16m1_rep2,0,4,0,sm_89,D1_PUSHSIG_OVERLAP,NVSHMEM,C0_DEFAULT,4096,1024,4096,16,6,4194304,4,0,3478.912,3489.888,3995.840,505.952,PASS,0
wm_S5_d1_q16m1_rep2,0,4,0,sm_89,D1_PUSHSIG_OVERLAP,NVSHMEM,C0_DEFAULT,4096,1024,4096,16,7,4194304,4,0,4043.616,4059.392,4562.624,503.232,PASS,0
wm_S5_d1_q16m1_rep2,0,4,0,sm_89,D1_PUSHSIG_OVERLAP,NVSHMEM,C0_DEFAULT,4096,1024,4096,16,8,4194304,4,0,4605.600,4609.120,5104.640,495.520,PASS,0
wm_S5_d1_q16m1_rep2,0,4,0,sm_89,D1_PUSHSIG_OVERLAP,NVSHMEM,C0_DEFAULT,4096,1024,4096,16,9,4194304,4,0,5143.712,5147.200,5642.496,495.296,PASS,0
wm_S5_d1_q16m1_rep2,0,4,0,sm_89,D1_PUSHSIG_OVERLAP,NVSHMEM,C0_DEFAULT,4096,1024,4096,16,10,4194304,4,0,5679.648,5683.872,6175.840,491.968,PASS,0
wm_S5_d1_q16m1_rep2,0,4,0,sm_89,D1_PUSHSIG_OVERLAP,NVSHMEM,C0_DEFAULT,4096,1024,4096,16,11,4194304,4,0,6214.944,6218.464,6710.272,491.808,PASS,0
wm_S5_d1_q16m1_rep2,0,4,0,sm_89,D1_PUSHSIG_OVERLAP,NVSHMEM,C0_DEFAULT,4096,1024,4096,16,12,4194304,4,0,6753.664,6757.600,7251.072,493.472,PASS,0
wm_S5_d1_q16m1_rep2,0,4,0,sm_89,D1_PUSHSIG_OVERLAP,NVSHMEM,C0_DEFAULT,4096,1024,4096,16,13,4194304,4,0,7291.616,7295.040,7781.408,486.368,PASS,0
wm_S5_d1_q16m1_rep2,0,4,0,sm_89,D1_PUSHSIG_OVERLAP,NVSHMEM,C0_DEFAULT,4096,1024,4096,16,14,4194304,4,0,7806.848,7810.656,8297.824,487.168,PASS,0
wm_S5_d1_q16m1_rep2,0,4,0,sm_89,D1_PUSHSIG_OVERLAP,NVSHMEM,C0_DEFAULT,4096,1024,4096,16,15,4194304,4,0,8323.296,8326.784,8813.120,486.336,PASS,0
wm_S5_d1_q16m1_rep2,0,4,0,sm_89,D1_PUSHSIG_OVERLAP,NVSHMEM,C0_DEFAULT,4096,1024,4096,16,0,4194304,5,0,160.192,163.680,668.864,505.184,PASS,0
wm_S5_d1_q16m1_rep2,0,4,0,sm_89,D1_PUSHSIG_OVERLAP,NVSHMEM,C0_DEFAULT,4096,1024,4096,16,1,4194304,5,0,716.736,720.160,1212.160,492.000,PASS,0
wm_S5_d1_q16m1_rep2,0,4,0,sm_89,D1_PUSHSIG_OVERLAP,NVSHMEM,C0_DEFAULT,4096,1024,4096,16,2,4194304,5,0,1254.048,1257.792,1750.944,493.152,PASS,0
wm_S5_d1_q16m1_rep2,0,4,0,sm_89,D1_PUSHSIG_OVERLAP,NVSHMEM,C0_DEFAULT,4096,1024,4096,16,3,4194304,5,0,1792.128,1795.936,2288.256,492.320,PASS,0
wm_S5_d1_q16m1_rep2,0,4,0,sm_89,D1_PUSHSIG_OVERLAP,NVSHMEM,C0_DEFAULT,4096,1024,4096,16,4,4194304,5,0,2330.720,2334.496,2827.360,492.864,PASS,0
wm_S5_d1_q16m1_rep2,0,4,0,sm_89,D1_PUSHSIG_OVERLAP,NVSHMEM,C0_DEFAULT,4096,1024,4096,16,5,4194304,5,0,2870.848,2874.464,3368.000,493.536,PASS,0
wm_S5_d1_q16m1_rep2,0,4,0,sm_89,D1_PUSHSIG_OVERLAP,NVSHMEM,C0_DEFAULT,4096,1024,4096,16,6,4194304,5,0,3410.016,3413.696,3906.016,492.320,PASS,0
wm_S5_d1_q16m1_rep2,0,4,0,sm_89,D1_PUSHSIG_OVERLAP,NVSHMEM,C0_DEFAULT,4096,1024,4096,16,7,4194304,5,0,3948.608,3952.448,4443.424,490.976,PASS,0
wm_S5_d1_q16m1_rep2,0,4,0,sm_89,D1_PUSHSIG_OVERLAP,NVSHMEM,C0_DEFAULT,4096,1024,4096,16,8,4194304,5,0,4490.080,4493.824,4987.392,493.568,PASS,0
wm_S5_d1_q16m1_rep2,0,4,0,sm_89,D1_PUSHSIG_OVERLAP,NVSHMEM,C0_DEFAULT,4096,1024,4096,16,9,4194304,5,0,5032.288,5036.032,5527.520,491.488,PASS,0
wm_S5_d1_q16m1_rep2,0,4,0,sm_89,D1_PUSHSIG_OVERLAP,NVSHMEM,C0_DEFAULT,4096,1024,4096,16,10,4194304,5,0,5568.832,5572.800,6064.640,491.840,PASS,0
wm_S5_d1_q16m1_rep2,0,4,0,sm_89,D1_PUSHSIG_OVERLAP,NVSHMEM,C0_DEFAULT,4096,1024,4096,16,11,4194304,5,0,6109.536,6113.184,6602.592,489.408,PASS,0
wm_S5_d1_q16m1_rep2,0,4,0,sm_89,D1_PUSHSIG_OVERLAP,NVSHMEM,C0_DEFAULT,4096,1024,4096,16,12,4194304,5,0,6639.744,6643.328,7136.544,493.216,PASS,0
wm_S5_d1_q16m1_rep2,0,4,0,sm_89,D1_PUSHSIG_OVERLAP,NVSHMEM,C0_DEFAULT,4096,1024,4096,16,13,4194304,5,0,7191.872,7195.360,7688.288,492.928,PASS,0
wm_S5_d1_q16m1_rep2,0,4,0,sm_89,D1_PUSHSIG_OVERLAP,NVSHMEM,C0_DEFAULT,4096,1024,4096,16,14,4194304,5,0,7729.984,7733.472,8220.641,487.168,PASS,0
wm_S5_d1_q16m1_rep2,0,4,0,sm_89,D1_PUSHSIG_OVERLAP,NVSHMEM,C0_DEFAULT,4096,1024,4096,16,15,4194304,5,0,8245.760,8249.280,8736.607,487.328,PASS,0
wm_S5_d1_q16m1_rep2,0,4,0,sm_89,D1_PUSHSIG_OVERLAP,NVSHMEM,C0_DEFAULT,4096,1024,4096,16,0,4194304,6,0,168.352,174.880,668.160,493.280,PASS,0
wm_S5_d1_q16m1_rep2,0,4,0,sm_89,D1_PUSHSIG_OVERLAP,NVSHMEM,C0_DEFAULT,4096,1024,4096,16,1,4194304,6,0,711.424,715.232,1207.968,492.736,PASS,0
wm_S5_d1_q16m1_rep2,0,4,0,sm_89,D1_PUSHSIG_OVERLAP,NVSHMEM,C0_DEFAULT,4096,1024,4096,16,2,4194304,6,0,1269.088,1272.544,1771.680,499.136,PASS,0
wm_S5_d1_q16m1_rep2,0,4,0,sm_89,D1_PUSHSIG_OVERLAP,NVSHMEM,C0_DEFAULT,4096,1024,4096,16,3,4194304,6,0,1816.096,1819.680,2310.912,491.232,PASS,0
wm_S5_d1_q16m1_rep2,0,4,0,sm_89,D1_PUSHSIG_OVERLAP,NVSHMEM,C0_DEFAULT,4096,1024,4096,16,4,4194304,6,0,2357.888,2361.856,2855.360,493.504,PASS,0
wm_S5_d1_q16m1_rep2,0,4,0,sm_89,D1_PUSHSIG_OVERLAP,NVSHMEM,C0_DEFAULT,4096,1024,4096,16,5,4194304,6,0,2895.904,2899.456,3390.304,490.848,PASS,0
wm_S5_d1_q16m1_rep2,0,4,0,sm_89,D1_PUSHSIG_OVERLAP,NVSHMEM,C0_DEFAULT,4096,1024,4096,16,6,4194304,6,0,3434.720,3438.240,3929.600,491.360,PASS,0
wm_S5_d1_q16m1_rep2,0,4,0,sm_89,D1_PUSHSIG_OVERLAP,NVSHMEM,C0_DEFAULT,4096,1024,4096,16,7,4194304,6,0,3991.840,3995.328,4490.720,495.392,PASS,0
wm_S5_d1_q16m1_rep2,0,4,0,sm_89,D1_PUSHSIG_OVERLAP,NVSHMEM,C0_DEFAULT,4096,1024,4096,16,8,4194304,6,0,4541.280,4547.648,5046.592,498.944,PASS,0
wm_S5_d1_q16m1_rep2,0,4,0,sm_89,D1_PUSHSIG_OVERLAP,NVSHMEM,C0_DEFAULT,4096,1024,4096,16,9,4194304,6,0,5089.248,5096.800,5587.744,490.944,PASS,0
wm_S5_d1_q16m1_rep2,0,4,0,sm_89,D1_PUSHSIG_OVERLAP,NVSHMEM,C0_DEFAULT,4096,1024,4096,16,10,4194304,6,0,5633.216,5636.672,6129.536,492.864,PASS,0
wm_S5_d1_q16m1_rep2,0,4,0,sm_89,D1_PUSHSIG_OVERLAP,NVSHMEM,C0_DEFAULT,4096,1024,4096,16,11,4194304,6,0,6189.536,6199.936,6695.552,495.616,PASS,0
wm_S5_d1_q16m1_rep2,0,4,0,sm_89,D1_PUSHSIG_OVERLAP,NVSHMEM,C0_DEFAULT,4096,1024,4096,16,12,4194304,6,0,6741.632,6745.088,7236.096,491.008,PASS,0
wm_S5_d1_q16m1_rep2,0,4,0,sm_89,D1_PUSHSIG_OVERLAP,NVSHMEM,C0_DEFAULT,4096,1024,4096,16,13,4194304,6,0,7280.896,7284.384,7774.880,490.496,PASS,0
wm_S5_d1_q16m1_rep2,0,4,0,sm_89,D1_PUSHSIG_OVERLAP,NVSHMEM,C0_DEFAULT,4096,1024,4096,16,14,4194304,6,0,7821.152,7824.672,8312.479,487.808,PASS,0
wm_S5_d1_q16m1_rep2,0,4,0,sm_89,D1_PUSHSIG_OVERLAP,NVSHMEM,C0_DEFAULT,4096,1024,4096,16,15,4194304,6,0,8338.272,8341.760,8828.607,486.848,PASS,0
wm_S5_d1_q16m1_rep2,0,4,0,sm_89,D1_PUSHSIG_OVERLAP,NVSHMEM,C0_DEFAULT,4096,1024,4096,16,0,4194304,7,0,155.264,161.792,655.520,493.728,PASS,0
wm_S5_d1_q16m1_rep2,0,4,0,sm_89,D1_PUSHSIG_OVERLAP,NVSHMEM,C0_DEFAULT,4096,1024,4096,16,1,4194304,7,0,708.576,713.184,1203.264,490.080,PASS,0
wm_S5_d1_q16m1_rep2,0,4,0,sm_89,D1_PUSHSIG_OVERLAP,NVSHMEM,C0_DEFAULT,4096,1024,4096,16,2,4194304,7,0,1261.152,1265.056,1756.896,491.840,PASS,0
wm_S5_d1_q16m1_rep2,0,4,0,sm_89,D1_PUSHSIG_OVERLAP,NVSHMEM,C0_DEFAULT,4096,1024,4096,16,3,4194304,7,0,1804.800,1809.408,2302.688,493.280,PASS,0
wm_S5_d1_q16m1_rep2,0,4,0,sm_89,D1_PUSHSIG_OVERLAP,NVSHMEM,C0_DEFAULT,4096,1024,4096,16,4,4194304,7,0,2343.584,2347.296,2838.944,491.648,PASS,0
wm_S5_d1_q16m1_rep2,0,4,0,sm_89,D1_PUSHSIG_OVERLAP,NVSHMEM,C0_DEFAULT,4096,1024,4096,16,5,4194304,7,0,2885.888,2889.600,3383.872,494.272,PASS,0
wm_S5_d1_q16m1_rep2,0,4,0,sm_89,D1_PUSHSIG_OVERLAP,NVSHMEM,C0_DEFAULT,4096,1024,4096,16,6,4194304,7,0,3453.152,3458.944,3965.376,506.432,PASS,0
wm_S5_d1_q16m1_rep2,0,4,0,sm_89,D1_PUSHSIG_OVERLAP,NVSHMEM,C0_DEFAULT,4096,1024,4096,16,7,4194304,7,0,4013.632,4017.568,4510.112,492.544,PASS,0
wm_S5_d1_q16m1_rep2,0,4,0,sm_89,D1_PUSHSIG_OVERLAP,NVSHMEM,C0_DEFAULT,4096,1024,4096,16,8,4194304,7,0,4552.192,4555.840,5054.048,498.208,PASS,0
wm_S5_d1_q16m1_rep2,0,4,0,sm_89,D1_PUSHSIG_OVERLAP,NVSHMEM,C0_DEFAULT,4096,1024,4096,16,9,4194304,7,0,5103.008,5115.552,5608.608,493.056,PASS,0
wm_S5_d1_q16m1_rep2,0,4,0,sm_89,D1_PUSHSIG_OVERLAP,NVSHMEM,C0_DEFAULT,4096,1024,4096,16,10,4194304,7,0,5648.672,5652.576,6143.968,491.392,PASS,0
wm_S5_d1_q16m1_rep2,0,4,0,sm_89,D1_PUSHSIG_OVERLAP,NVSHMEM,C0_DEFAULT,4096,1024,4096,16,11,4194304,7,0,6185.184,6188.832,6681.024,492.192,PASS,0
wm_S5_d1_q16m1_rep2,0,4,0,sm_89,D1_PUSHSIG_OVERLAP,NVSHMEM,C0_DEFAULT,4096,1024,4096,16,12,4194304,7,0,6726.176,6737.600,7235.712,498.112,PASS,0
wm_S5_d1_q16m1_rep2,0,4,0,sm_89,D1_PUSHSIG_OVERLAP,NVSHMEM,C0_DEFAULT,4096,1024,4096,16,13,4194304,7,0,7292.224,7297.568,7784.288,486.720,PASS,0
wm_S5_d1_q16m1_rep2,0,4,0,sm_89,D1_PUSHSIG_OVERLAP,NVSHMEM,C0_DEFAULT,4096,1024,4096,16,14,4194304,7,0,7809.568,7813.056,8300.128,487.072,PASS,0
wm_S5_d1_q16m1_rep2,0,4,0,sm_89,D1_PUSHSIG_OVERLAP,NVSHMEM,C0_DEFAULT,4096,1024,4096,16,15,4194304,7,0,8325.472,8328.992,8815.552,486.560,PASS,0
wm_S5_d1_q16m1_rep2,0,4,0,sm_89,D1_PUSHSIG_OVERLAP,NVSHMEM,C0_DEFAULT,4096,1024,4096,16,0,4194304,8,0,181.504,187.904,685.440,497.536,PASS,0
wm_S5_d1_q16m1_rep2,0,4,0,sm_89,D1_PUSHSIG_OVERLAP,NVSHMEM,C0_DEFAULT,4096,1024,4096,16,1,4194304,8,0,740.704,744.480,1235.200,490.720,PASS,0
wm_S5_d1_q16m1_rep2,0,4,0,sm_89,D1_PUSHSIG_OVERLAP,NVSHMEM,C0_DEFAULT,4096,1024,4096,16,2,4194304,8,0,1294.848,1306.784,1814.240,507.456,PASS,0
wm_S5_d1_q16m1_rep2,0,4,0,sm_89,D1_PUSHSIG_OVERLAP,NVSHMEM,C0_DEFAULT,4096,1024,4096,16,3,4194304,8,0,1860.544,1864.384,2356.128,491.744,PASS,0
wm_S5_d1_q16m1_rep2,0,4,0,sm_89,D1_PUSHSIG_OVERLAP,NVSHMEM,C0_DEFAULT,4096,1024,4096,16,4,4194304,8,0,2400.256,2403.904,2894.752,490.848,PASS,0
wm_S5_d1_q16m1_rep2,0,4,0,sm_89,D1_PUSHSIG_OVERLAP,NVSHMEM,C0_DEFAULT,4096,1024,4096,16,5,4194304,8,0,2940.608,2944.064,3448.896,504.832,PASS,0
wm_S5_d1_q16m1_rep2,0,4,0,sm_89,D1_PUSHSIG_OVERLAP,NVSHMEM,C0_DEFAULT,4096,1024,4096,16,6,4194304,8,0,3490.496,3494.816,3987.712,492.896,PASS,0
wm_S5_d1_q16m1_rep2,0,4,0,sm_89,D1_PUSHSIG_OVERLAP,NVSHMEM,C0_DEFAULT,4096,1024,4096,16,7,4194304,8,0,4033.440,4036.960,4530.784,493.824,PASS,0
wm_S5_d1_q16m1_rep2,0,4,0,sm_89,D1_PUSHSIG_OVERLAP,NVSHMEM,C0_DEFAULT,4096,1024,4096,16,8,4194304,8,0,4589.184,4593.856,5087.904,494.048,PASS,0
wm_S5_d1_q16m1_rep2,0,4,0,sm_89,D1_PUSHSIG_OVERLAP,NVSHMEM,C0_DEFAULT,4096,1024,4096,16,9,4194304,8,0,5126.080,5129.600,5622.208,492.608,PASS,0
wm_S5_d1_q16m1_rep2,0,4,0,sm_89,D1_PUSHSIG_OVERLAP,NVSHMEM,C0_DEFAULT,4096,1024,4096,16,10,4194304,8,0,5662.720,5666.144,6169.184,503.040,PASS,0
wm_S5_d1_q16m1_rep2,0,4,0,sm_89,D1_PUSHSIG_OVERLAP,NVSHMEM,C0_DEFAULT,4096,1024,4096,16,11,4194304,8,0,6216.000,6220.320,6714.048,493.728,PASS,0
wm_S5_d1_q16m1_rep2,0,4,0,sm_89,D1_PUSHSIG_OVERLAP,NVSHMEM,C0_DEFAULT,4096,1024,4096,16,12,4194304,8,0,6753.376,6757.408,7243.296,485.888,PASS,0
wm_S5_d1_q16m1_rep2,0,4,0,sm_89,D1_PUSHSIG_OVERLAP,NVSHMEM,C0_DEFAULT,4096,1024,4096,16,13,4194304,8,0,7269.184,7272.800,7758.592,485.792,PASS,0
wm_S5_d1_q16m1_rep2,0,4,0,sm_89,D1_PUSHSIG_OVERLAP,NVSHMEM,C0_DEFAULT,4096,1024,4096,16,14,4194304,8,0,7783.968,7787.488,8274.815,487.328,PASS,0
wm_S5_d1_q16m1_rep2,0,4,0,sm_89,D1_PUSHSIG_OVERLAP,NVSHMEM,C0_DEFAULT,4096,1024,4096,16,15,4194304,8,0,8300.256,8303.744,8790.528,486.784,PASS,0
wm_S5_d1_q16m1_rep2,0,4,0,sm_89,D1_PUSHSIG_OVERLAP,NVSHMEM,C0_DEFAULT,4096,1024,4096,16,0,4194304,9,0,152.480,156.032,649.632,493.600,PASS,0
wm_S5_d1_q16m1_rep2,0,4,0,sm_89,D1_PUSHSIG_OVERLAP,NVSHMEM,C0_DEFAULT,4096,1024,4096,16,1,4194304,9,0,699.424,703.552,1197.280,493.728,PASS,0
wm_S5_d1_q16m1_rep2,0,4,0,sm_89,D1_PUSHSIG_OVERLAP,NVSHMEM,C0_DEFAULT,4096,1024,4096,16,2,4194304,9,0,1240.032,1243.552,1738.112,494.560,PASS,0
wm_S5_d1_q16m1_rep2,0,4,0,sm_89,D1_PUSHSIG_OVERLAP,NVSHMEM,C0_DEFAULT,4096,1024,4096,16,3,4194304,9,0,1786.848,1790.944,2285.472,494.528,PASS,0
wm_S5_d1_q16m1_rep2,0,4,0,sm_89,D1_PUSHSIG_OVERLAP,NVSHMEM,C0_DEFAULT,4096,1024,4096,16,4,4194304,9,0,2357.760,2375.008,2877.376,502.368,PASS,0
wm_S5_d1_q16m1_rep2,0,4,0,sm_89,D1_PUSHSIG_OVERLAP,NVSHMEM,C0_DEFAULT,4096,1024,4096,16,5,4194304,9,0,2923.072,2926.560,3417.792,491.232,PASS,0
wm_S5_d1_q16m1_rep2,0,4,0,sm_89,D1_PUSHSIG_OVERLAP,NVSHMEM,C0_DEFAULT,4096,1024,4096,16,6,4194304,9,0,3461.344,3470.720,3967.808,497.088,PASS,0
wm_S5_d1_q16m1_rep2,0,4,0,sm_89,D1_PUSHSIG_OVERLAP,NVSHMEM,C0_DEFAULT,4096,1024,4096,16,7,4194304,9,0,4039.904,4051.392,4553.216,501.824,PASS,0
wm_S5_d1_q16m1_rep2,0,4,0,sm_89,D1_PUSHSIG_OVERLAP,NVSHMEM,C0_DEFAULT,4096,1024,4096,16,8,4194304,9,0,4593.664,4597.216,5089.504,492.288,PASS,0
wm_S5_d1_q16m1_rep2,0,4,0,sm_89,D1_PUSHSIG_OVERLAP,NVSHMEM,C0_DEFAULT,4096,1024,4096,16,9,4194304,9,0,5127.936,5131.968,5624.384,492.416,PASS,0
wm_S5_d1_q16m1_rep2,0,4,0,sm_89,D1_PUSHSIG_OVERLAP,NVSHMEM,C0_DEFAULT,4096,1024,4096,16,10,4194304,9,0,5671.168,5675.264,6167.424,492.160,PASS,0
wm_S5_d1_q16m1_rep2,0,4,0,sm_89,D1_PUSHSIG_OVERLAP,NVSHMEM,C0_DEFAULT,4096,1024,4096,16,11,4194304,9,0,6209.120,6212.832,6706.880,494.048,PASS,0
wm_S5_d1_q16m1_rep2,0,4,0,sm_89,D1_PUSHSIG_OVERLAP,NVSHMEM,C0_DEFAULT,4096,1024,4096,16,12,4194304,9,0,6750.304,6759.488,7253.920,494.432,PASS,0
wm_S5_d1_q16m1_rep2,0,4,0,sm_89,D1_PUSHSIG_OVERLAP,NVSHMEM,C0_DEFAULT,4096,1024,4096,16,13,4194304,9,0,7295.200,7298.752,7785.312,486.560,PASS,0
wm_S5_d1_q16m1_rep2,0,4,0,sm_89,D1_PUSHSIG_OVERLAP,NVSHMEM,C0_DEFAULT,4096,1024,4096,16,14,4194304,9,0,7811.392,7814.912,8301.440,486.528,PASS,0
wm_S5_d1_q16m1_rep2,0,4,0,sm_89,D1_PUSHSIG_OVERLAP,NVSHMEM,C0_DEFAULT,4096,1024,4096,16,15,4194304,9,0,8327.072,8330.560,8817.407,486.848,PASS,0
wm_S5_d1_q16m1_rep2,0,4,0,sm_89,D1_PUSHSIG_OVERLAP,NVSHMEM,C0_DEFAULT,4096,1024,4096,16,0,4194304,10,0,162.976,170.784,664.096,493.312,PASS,0
wm_S5_d1_q16m1_rep2,0,4,0,sm_89,D1_PUSHSIG_OVERLAP,NVSHMEM,C0_DEFAULT,4096,1024,4096,16,1,4194304,10,0,726.688,742.304,1247.168,504.864,PASS,0
wm_S5_d1_q16m1_rep2,0,4,0,sm_89,D1_PUSHSIG_OVERLAP,NVSHMEM,C0_DEFAULT,4096,1024,4096,16,2,4194304,10,0,1298.016,1305.760,1809.632,503.872,PASS,0
wm_S5_d1_q16m1_rep2,0,4,0,sm_89,D1_PUSHSIG_OVERLAP,NVSHMEM,C0_DEFAULT,4096,1024,4096,16,3,4194304,10,0,1855.072,1871.520,2369.440,497.920,PASS,0
wm_S5_d1_q16m1_rep2,0,4,0,sm_89,D1_PUSHSIG_OVERLAP,NVSHMEM,C0_DEFAULT,4096,1024,4096,16,4,4194304,10,0,2412.096,2423.136,2934.112,510.976,PASS,0
wm_S5_d1_q16m1_rep2,0,4,0,sm_89,D1_PUSHSIG_OVERLAP,NVSHMEM,C0_DEFAULT,4096,1024,4096,16,5,4194304,10,0,2989.920,3007.904,3511.296,503.392,PASS,0
wm_S5_d1_q16m1_rep2,0,4,0,sm_89,D1_PUSHSIG_OVERLAP,NVSHMEM,C0_DEFAULT,4096,1024,4096,16,6,4194304,10,0,3547.328,3550.944,4044.128,493.184,PASS,0
wm_S5_d1_q16m1_rep2,0,4,0,sm_89,D1_PUSHSIG_OVERLAP,NVSHMEM,C0_DEFAULT,4096,1024,4096,16,7,4194304,10,0,4082.944,4087.328,4579.584,492.256,PASS,0
wm_S5_d1_q16m1_rep2,0,4,0,sm_89,D1_PUSHSIG_OVERLAP,NVSHMEM,C0_DEFAULT,4096,1024,4096,16,8,4194304,10,0,4618.592,4622.048,5121.056,499.008,PASS,0
wm_S5_d1_q16m1_rep2,0,4,0,sm_89,D1_PUSHSIG_OVERLAP,NVSHMEM,C0_DEFAULT,4096,1024,4096,16,9,4194304,10,0,5165.760,5172.224,5665.344,493.120,PASS,0
wm_S5_d1_q16m1_rep2,0,4,0,sm_89,D1_PUSHSIG_OVERLAP,NVSHMEM,C0_DEFAULT,4096,1024,4096,16,10,4194304,10,0,5711.712,5716.032,6208.352,492.320,PASS,0
wm_S5_d1_q16m1_rep2,0,4,0,sm_89,D1_PUSHSIG_OVERLAP,NVSHMEM,C0_DEFAULT,4096,1024,4096,16,11,4194304,10,0,6254.656,6258.208,6754.208,496.000,PASS,0
wm_S5_d1_q16m1_rep2,0,4,0,sm_89,D1_PUSHSIG_OVERLAP,NVSHMEM,C0_DEFAULT,4096,1024,4096,16,12,4194304,10,0,6798.304,6810.016,7314.336,504.320,PASS,0
wm_S5_d1_q16m1_rep2,0,4,0,sm_89,D1_PUSHSIG_OVERLAP,NVSHMEM,C0_DEFAULT,4096,1024,4096,16,13,4194304,10,0,7353.952,7357.888,7844.832,486.944,PASS,0
wm_S5_d1_q16m1_rep2,0,4,0,sm_89,D1_PUSHSIG_OVERLAP,NVSHMEM,C0_DEFAULT,4096,1024,4096,16,14,4194304,10,0,7871.488,7874.976,8362.112,487.136,PASS,0
wm_S5_d1_q16m1_rep2,0,4,0,sm_89,D1_PUSHSIG_OVERLAP,NVSHMEM,C0_DEFAULT,4096,1024,4096,16,15,4194304,10,0,8387.520,8391.040,8878.112,487.072,PASS,0
wm_S5_d1_q16m1_rep2,0,4,0,sm_89,D1_PUSHSIG_OVERLAP,NVSHMEM,C0_DEFAULT,4096,1024,4096,16,0,4194304,11,0,182.144,188.288,685.056,496.768,PASS,0
wm_S5_d1_q16m1_rep2,0,4,0,sm_89,D1_PUSHSIG_OVERLAP,NVSHMEM,C0_DEFAULT,4096,1024,4096,16,1,4194304,11,0,733.856,737.824,1231.040,493.216,PASS,0
wm_S5_d1_q16m1_rep2,0,4,0,sm_89,D1_PUSHSIG_OVERLAP,NVSHMEM,C0_DEFAULT,4096,1024,4096,16,2,4194304,11,0,1297.504,1301.824,1794.656,492.832,PASS,0
wm_S5_d1_q16m1_rep2,0,4,0,sm_89,D1_PUSHSIG_OVERLAP,NVSHMEM,C0_DEFAULT,4096,1024,4096,16,3,4194304,11,0,1848.928,1852.416,2345.408,492.992,PASS,0
wm_S5_d1_q16m1_rep2,0,4,0,sm_89,D1_PUSHSIG_OVERLAP,NVSHMEM,C0_DEFAULT,4096,1024,4096,16,4,4194304,11,0,2387.392,2391.008,2885.888,494.880,PASS,0
wm_S5_d1_q16m1_rep2,0,4,0,sm_89,D1_PUSHSIG_OVERLAP,NVSHMEM,C0_DEFAULT,4096,1024,4096,16,5,4194304,11,0,2930.048,2934.144,3427.552,493.408,PASS,0
wm_S5_d1_q16m1_rep2,0,4,0,sm_89,D1_PUSHSIG_OVERLAP,NVSHMEM,C0_DEFAULT,4096,1024,4096,16,6,4194304,11,0,3477.888,3481.440,3972.320,490.880,PASS,0
wm_S5_d1_q16m1_rep2,0,4,0,sm_89,D1_PUSHSIG_OVERLAP,NVSHMEM,C0_DEFAULT,4096,1024,4096,16,7,4194304,11,0,4030.304,4035.296,4526.016,490.720,PASS,0
wm_S5_d1_q16m1_rep2,0,4,0,sm_89,D1_PUSHSIG_OVERLAP,NVSHMEM,C0_DEFAULT,4096,1024,4096,16,8,4194304,11,0,4576.896,4580.320,5072.864,492.544,PASS,0
wm_S5_d1_q16m1_rep2,0,4,0,sm_89,D1_PUSHSIG_OVERLAP,NVSHMEM,C0_DEFAULT,4096,1024,4096,16,9,4194304,11,0,5131.168,5134.752,5626.624,491.872,PASS,0
wm_S5_d1_q16m1_rep2,0,4,0,sm_89,D1_PUSHSIG_OVERLAP,NVSHMEM,C0_DEFAULT,4096,1024,4096,16,10,4194304,11,0,5687.424,5691.552,6183.904,492.352,PASS,0
wm_S5_d1_q16m1_rep2,0,4,0,sm_89,D1_PUSHSIG_OVERLAP,NVSHMEM,C0_DEFAULT,4096,1024,4096,16,11,4194304,11,0,6225.216,6231.840,6717.696,485.856,PASS,0
wm_S5_d1_q16m1_rep2,0,4,0,sm_89,D1_PUSHSIG_OVERLAP,NVSHMEM,C0_DEFAULT,4096,1024,4096,16,12,4194304,11,0,6770.848,6774.816,7261.792,486.976,PASS,0
wm_S5_d1_q16m1_rep2,0,4,0,sm_89,D1_PUSHSIG_OVERLAP,NVSHMEM,C0_DEFAULT,4096,1024,4096,16,13,4194304,11,0,7297.088,7300.768,7787.552,486.784,PASS,0
wm_S5_d1_q16m1_rep2,0,4,0,sm_89,D1_PUSHSIG_OVERLAP,NVSHMEM,C0_DEFAULT,4096,1024,4096,16,14,4194304,11,0,7836.640,7840.320,8327.169,486.848,PASS,0
wm_S5_d1_q16m1_rep2,0,4,0,sm_89,D1_PUSHSIG_OVERLAP,NVSHMEM,C0_DEFAULT,4096,1024,4096,16,15,4194304,11,0,8378.048,8381.568,8869.952,488.384,PASS,0
wm_S5_d1_q16m1_rep2,0,4,0,sm_89,D1_PUSHSIG_OVERLAP,NVSHMEM,C0_DEFAULT,4096,1024,4096,16,0,4194304,12,0,150.528,156.512,651.296,494.784,PASS,0
wm_S5_d1_q16m1_rep2,0,4,0,sm_89,D1_PUSHSIG_OVERLAP,NVSHMEM,C0_DEFAULT,4096,1024,4096,16,1,4194304,12,0,699.040,702.560,1194.112,491.552,PASS,0
wm_S5_d1_q16m1_rep2,0,4,0,sm_89,D1_PUSHSIG_OVERLAP,NVSHMEM,C0_DEFAULT,4096,1024,4096,16,2,4194304,12,0,1257.504,1271.200,1774.432,503.232,PASS,0
wm_S5_d1_q16m1_rep2,0,4,0,sm_89,D1_PUSHSIG_OVERLAP,NVSHMEM,C0_DEFAULT,4096,1024,4096,16,3,4194304,12,0,1818.400,1822.016,2313.664,491.648,PASS,0
wm_S5_d1_q16m1_rep2,0,4,0,sm_89,D1_PUSHSIG_OVERLAP,NVSHMEM,C0_DEFAULT,4096,1024,4096,16,4,4194304,12,0,2369.824,2382.432,2888.416,505.984,PASS,0
wm_S5_d1_q16m1_rep2,0,4,0,sm_89,D1_PUSHSIG_OVERLAP,NVSHMEM,C0_DEFAULT,4096,1024,4096,16,5,4194304,12,0,2946.784,2958.784,3460.320,501.536,PASS,0
wm_S5_d1_q16m1_rep2,0,4,0,sm_89,D1_PUSHSIG_OVERLAP,NVSHMEM,C0_DEFAULT,4096,1024,4096,16,6,4194304,12,0,3517.344,3529.664,4020.448,490.784,PASS,0
wm_S5_d1_q16m1_rep2,0,4,0,sm_89,D1_PUSHSIG_OVERLAP,NVSHMEM,C0_DEFAULT,4096,1024,4096,16,7,4194304,12,0,4061.024,4064.992,4556.768,491.776,PASS,0
wm_S5_d1_q16m1_rep2,0,4,0,sm_89,D1_PUSHSIG_OVERLAP,NVSHMEM,C0_DEFAULT,4096,1024,4096,16,8,4194304,12,0,4603.456,4607.040,5099.456,492.416,PASS,0
wm_S5_d1_q16m1_rep2,0,4,0,sm_89,D1_PUSHSIG_OVERLAP,NVSHMEM,C0_DEFAULT,4096,1024,4096,16,9,4194304,12,0,5167.680,5182.496,5682.592,500.096,PASS,0
wm_S5_d1_q16m1_rep2,0,4,0,sm_89,D1_PUSHSIG_OVERLAP,NVSHMEM,C0_DEFAULT,4096,1024,4096,16,10,4194304,12,0,5722.048,5726.752,6218.624,491.872,PASS,0
wm_S5_d1_q16m1_rep2,0,4,0,sm_89,D1_PUSHSIG_OVERLAP,NVSHMEM,C0_DEFAULT,4096,1024,4096,16,11,4194304,12,0,6261.984,6265.440,6758.464,493.024,PASS,0
wm_S5_d1_q16m1_rep2,0,4,0,sm_89,D1_PUSHSIG_OVERLAP,NVSHMEM,C0_DEFAULT,4096,1024,4096,16,12,4194304,12,0,6800.320,6803.744,7290.400,486.656,PASS,0
wm_S5_d1_q16m1_rep2,0,4,0,sm_89,D1_PUSHSIG_OVERLAP,NVSHMEM,C0_DEFAULT,4096,1024,4096,16,13,4194304,12,0,7317.664,7321.152,7807.744,486.592,PASS,0
wm_S5_d1_q16m1_rep2,0,4,0,sm_89,D1_PUSHSIG_OVERLAP,NVSHMEM,C0_DEFAULT,4096,1024,4096,16,14,4194304,12,0,7833.312,7837.024,8324.384,487.360,PASS,0
wm_S5_d1_q16m1_rep2,0,4,0,sm_89,D1_PUSHSIG_OVERLAP,NVSHMEM,C0_DEFAULT,4096,1024,4096,16,15,4194304,12,0,8349.824,8353.312,8839.809,486.496,PASS,0
wm_S5_d1_q16m1_rep2,0,4,0,sm_89,D1_PUSHSIG_OVERLAP,NVSHMEM,C0_DEFAULT,4096,1024,4096,16,0,4194304,13,0,157.088,163.136,657.568,494.432,PASS,0
wm_S5_d1_q16m1_rep2,0,4,0,sm_89,D1_PUSHSIG_OVERLAP,NVSHMEM,C0_DEFAULT,4096,1024,4096,16,1,4194304,13,0,707.584,711.168,1204.544,493.376,PASS,0
wm_S5_d1_q16m1_rep2,0,4,0,sm_89,D1_PUSHSIG_OVERLAP,NVSHMEM,C0_DEFAULT,4096,1024,4096,16,2,4194304,13,0,1248.192,1251.584,1742.656,491.072,PASS,0
wm_S5_d1_q16m1_rep2,0,4,0,sm_89,D1_PUSHSIG_OVERLAP,NVSHMEM,C0_DEFAULT,4096,1024,4096,16,3,4194304,13,0,1805.888,1820.576,2323.296,502.720,PASS,0
wm_S5_d1_q16m1_rep2,0,4,0,sm_89,D1_PUSHSIG_OVERLAP,NVSHMEM,C0_DEFAULT,4096,1024,4096,16,4,4194304,13,0,2369.472,2372.928,2865.184,492.256,PASS,0
wm_S5_d1_q16m1_rep2,0,4,0,sm_89,D1_PUSHSIG_OVERLAP,NVSHMEM,C0_DEFAULT,4096,1024,4096,16,5,4194304,13,0,2918.400,2921.888,3415.552,493.664,PASS,0
wm_S5_d1_q16m1_rep2,0,4,0,sm_89,D1_PUSHSIG_OVERLAP,NVSHMEM,C0_DEFAULT,4096,1024,4096,16,6,4194304,13,0,3471.296,3484.320,3984.640,500.320,PASS,0
wm_S5_d1_q16m1_rep2,0,4,0,sm_89,D1_PUSHSIG_OVERLAP,NVSHMEM,C0_DEFAULT,4096,1024,4096,16,7,4194304,13,0,4026.656,4030.560,4521.760,491.200,PASS,0
wm_S5_d1_q16m1_rep2,0,4,0,sm_89,D1_PUSHSIG_OVERLAP,NVSHMEM,C0_DEFAULT,4096,1024,4096,16,8,4194304,13,0,4561.504,4564.960,5066.944,501.984,PASS,0
wm_S5_d1_q16m1_rep2,0,4,0,sm_89,D1_PUSHSIG_OVERLAP,NVSHMEM,C0_DEFAULT,4096,1024,4096,16,9,4194304,13,0,5121.280,5124.800,5618.432,493.632,PASS,0
wm_S5_d1_q16m1_rep2,0,4,0,sm_89,D1_PUSHSIG_OVERLAP,NVSHMEM,C0_DEFAULT,4096,1024,4096,16,10,4194304,13,0,5662.240,5666.112,6158.304,492.192,PASS,0
wm_S5_d1_q16m1_rep2,0,4,0,sm_89,D1_PUSHSIG_OVERLAP,NVSHMEM,C0_DEFAULT,4096,1024,4096,16,11,4194304,13,0,6214.880,6222.048,6714.688,492.640,PASS,0
wm_S5_d1_q16m1_rep2,0,4,0,sm_89,D1_PUSHSIG_OVERLAP,NVSHMEM,C0_DEFAULT,4096,1024,4096,16,12,4194304,13,0,6776.480,6780.000,7271.424,491.424,PASS,0
wm_S5_d1_q16m1_rep2,0,4,0,sm_89,D1_PUSHSIG_OVERLAP,NVSHMEM,C0_DEFAULT,4096,1024,4096,16,13,4194304,13,0,7310.592,7314.048,7800.896,486.848,PASS,0
wm_S5_d1_q16m1_rep2,0,4,0,sm_89,D1_PUSHSIG_OVERLAP,NVSHMEM,C0_DEFAULT,4096,1024,4096,16,14,4194304,13,0,7826.560,7830.048,8316.736,486.688,PASS,0
wm_S5_d1_q16m1_rep2,0,4,0,sm_89,D1_PUSHSIG_OVERLAP,NVSHMEM,C0_DEFAULT,4096,1024,4096,16,15,4194304,13,0,8341.823,8345.312,8831.681,486.368,PASS,0
wm_S5_d1_q16m1_rep2,0,4,0,sm_89,D1_PUSHSIG_OVERLAP,NVSHMEM,C0_DEFAULT,4096,1024,4096,16,0,4194304,14,0,178.560,184.928,683.520,498.592,PASS,0
wm_S5_d1_q16m1_rep2,0,4,0,sm_89,D1_PUSHSIG_OVERLAP,NVSHMEM,C0_DEFAULT,4096,1024,4096,16,1,4194304,14,0,732.096,736.512,1228.000,491.488,PASS,0
wm_S5_d1_q16m1_rep2,0,4,0,sm_89,D1_PUSHSIG_OVERLAP,NVSHMEM,C0_DEFAULT,4096,1024,4096,16,2,4194304,14,0,1284.768,1288.224,1779.456,491.232,PASS,0
wm_S5_d1_q16m1_rep2,0,4,0,sm_89,D1_PUSHSIG_OVERLAP,NVSHMEM,C0_DEFAULT,4096,1024,4096,16,3,4194304,14,0,1833.472,1837.856,2332.032,494.176,PASS,0
wm_S5_d1_q16m1_rep2,0,4,0,sm_89,D1_PUSHSIG_OVERLAP,NVSHMEM,C0_DEFAULT,4096,1024,4096,16,4,4194304,14,0,2381.696,2385.184,2879.776,494.592,PASS,0
wm_S5_d1_q16m1_rep2,0,4,0,sm_89,D1_PUSHSIG_OVERLAP,NVSHMEM,C0_DEFAULT,4096,1024,4096,16,5,4194304,14,0,2924.352,2934.112,3428.416,494.304,PASS,0
wm_S5_d1_q16m1_rep2,0,4,0,sm_89,D1_PUSHSIG_OVERLAP,NVSHMEM,C0_DEFAULT,4096,1024,4096,16,6,4194304,14,0,3485.344,3497.248,4002.912,505.664,PASS,0
wm_S5_d1_q16m1_rep2,0,4,0,sm_89,D1_PUSHSIG_OVERLAP,NVSHMEM,C0_DEFAULT,4096,1024,4096,16,7,4194304,14,0,4048.096,4058.560,4564.288,505.728,PASS,0
wm_S5_d1_q16m1_rep2,0,4,0,sm_89,D1_PUSHSIG_OVERLAP,NVSHMEM,C0_DEFAULT,4096,1024,4096,16,8,4194304,14,0,4607.136,4621.888,5130.208,508.320,PASS,0
wm_S5_d1_q16m1_rep2,0,4,0,sm_89,D1_PUSHSIG_OVERLAP,NVSHMEM,C0_DEFAULT,4096,1024,4096,16,9,4194304,14,0,5169.856,5173.440,5667.488,494.048,PASS,0
wm_S5_d1_q16m1_rep2,0,4,0,sm_89,D1_PUSHSIG_OVERLAP,NVSHMEM,C0_DEFAULT,4096,1024,4096,16,10,4194304,14,0,5709.824,5716.672,6210.784,494.112,PASS,0
wm_S5_d1_q16m1_rep2,0,4,0,sm_89,D1_PUSHSIG_OVERLAP,NVSHMEM,C0_DEFAULT,4096,1024,4096,16,11,4194304,14,0,6252.448,6255.808,6748.416,492.608,PASS,0
wm_S5_d1_q16m1_rep2,0,4,0,sm_89,D1_PUSHSIG_OVERLAP,NVSHMEM,C0_DEFAULT,4096,1024,4096,16,12,4194304,14,0,6793.536,6799.552,7286.048,486.496,PASS,0
wm_S5_d1_q16m1_rep2,0,4,0,sm_89,D1_PUSHSIG_OVERLAP,NVSHMEM,C0_DEFAULT,4096,1024,4096,16,13,4194304,14,0,7312.800,7316.480,7803.552,487.072,PASS,0
wm_S5_d1_q16m1_rep2,0,4,0,sm_89,D1_PUSHSIG_OVERLAP,NVSHMEM,C0_DEFAULT,4096,1024,4096,16,14,4194304,14,0,7829.344,7832.832,8319.775,486.944,PASS,0
wm_S5_d1_q16m1_rep2,0,4,0,sm_89,D1_PUSHSIG_OVERLAP,NVSHMEM,C0_DEFAULT,4096,1024,4096,16,15,4194304,14,0,8345.473,8348.960,8835.456,486.496,PASS,0
wm_S5_d1_q16m1_rep2,0,4,0,sm_89,D1_PUSHSIG_OVERLAP,NVSHMEM,C0_DEFAULT,4096,1024,4096,16,0,4194304,15,0,157.280,163.488,656.192,492.704,PASS,0
wm_S5_d1_q16m1_rep2,0,4,0,sm_89,D1_PUSHSIG_OVERLAP,NVSHMEM,C0_DEFAULT,4096,1024,4096,16,1,4194304,15,0,712.672,722.976,1226.624,503.648,PASS,0
wm_S5_d1_q16m1_rep2,0,4,0,sm_89,D1_PUSHSIG_OVERLAP,NVSHMEM,C0_DEFAULT,4096,1024,4096,16,2,4194304,15,0,1280.832,1284.288,1776.512,492.224,PASS,0
wm_S5_d1_q16m1_rep2,0,4,0,sm_89,D1_PUSHSIG_OVERLAP,NVSHMEM,C0_DEFAULT,4096,1024,4096,16,3,4194304,15,0,1833.888,1837.632,2336.352,498.720,PASS,0
wm_S5_d1_q16m1_rep2,0,4,0,sm_89,D1_PUSHSIG_OVERLAP,NVSHMEM,C0_DEFAULT,4096,1024,4096,16,4,4194304,15,0,2388.608,2392.256,2886.752,494.496,PASS,0
wm_S5_d1_q16m1_rep2,0,4,0,sm_89,D1_PUSHSIG_OVERLAP,NVSHMEM,C0_DEFAULT,4096,1024,4096,16,5,4194304,15,0,2928.416,2932.608,3423.872,491.264,PASS,0
wm_S5_d1_q16m1_rep2,0,4,0,sm_89,D1_PUSHSIG_OVERLAP,NVSHMEM,C0_DEFAULT,4096,1024,4096,16,6,4194304,15,0,3464.992,3468.480,3960.256,491.776,PASS,0
wm_S5_d1_q16m1_rep2,0,4,0,sm_89,D1_PUSHSIG_OVERLAP,NVSHMEM,C0_DEFAULT,4096,1024,4096,16,7,4194304,15,0,4003.296,4007.008,4498.784,491.776,PASS,0
wm_S5_d1_q16m1_rep2,0,4,0,sm_89,D1_PUSHSIG_OVERLAP,NVSHMEM,C0_DEFAULT,4096,1024,4096,16,8,4194304,15,0,4545.504,4549.568,5049.312,499.744,PASS,0
wm_S5_d1_q16m1_rep2,0,4,0,sm_89,D1_PUSHSIG_OVERLAP,NVSHMEM,C0_DEFAULT,4096,1024,4096,16,9,4194304,15,0,5133.824,5142.720,5635.392,492.672,PASS,0
wm_S5_d1_q16m1_rep2,0,4,0,sm_89,D1_PUSHSIG_OVERLAP,NVSHMEM,C0_DEFAULT,4096,1024,4096,16,10,4194304,15,0,5721.120,5724.960,6212.448,487.488,PASS,0
wm_S5_d1_q16m1_rep2,0,4,0,sm_89,D1_PUSHSIG_OVERLAP,NVSHMEM,C0_DEFAULT,4096,1024,4096,16,11,4194304,15,0,6237.696,6241.376,6726.976,485.600,PASS,0
wm_S5_d1_q16m1_rep2,0,4,0,sm_89,D1_PUSHSIG_OVERLAP,NVSHMEM,C0_DEFAULT,4096,1024,4096,16,12,4194304,15,0,6766.976,6770.688,7257.504,486.816,PASS,0
wm_S5_d1_q16m1_rep2,0,4,0,sm_89,D1_PUSHSIG_OVERLAP,NVSHMEM,C0_DEFAULT,4096,1024,4096,16,13,4194304,15,0,7304.576,7308.416,7794.720,486.304,PASS,0
wm_S5_d1_q16m1_rep2,0,4,0,sm_89,D1_PUSHSIG_OVERLAP,NVSHMEM,C0_DEFAULT,4096,1024,4096,16,14,4194304,15,0,7848.864,7852.384,8339.552,487.168,PASS,0
wm_S5_d1_q16m1_rep2,0,4,0,sm_89,D1_PUSHSIG_OVERLAP,NVSHMEM,C0_DEFAULT,4096,1024,4096,16,15,4194304,15,0,8366.848,8370.336,8856.608,486.272,PASS,0
wm_S5_d1_q16m1_rep2,0,4,0,sm_89,D1_PUSHSIG_OVERLAP,NVSHMEM,C0_DEFAULT,4096,1024,4096,16,0,4194304,16,0,154.624,160.640,658.240,497.600,PASS,0
wm_S5_d1_q16m1_rep2,0,4,0,sm_89,D1_PUSHSIG_OVERLAP,NVSHMEM,C0_DEFAULT,4096,1024,4096,16,1,4194304,16,0,702.912,708.256,1207.680,499.424,PASS,0
wm_S5_d1_q16m1_rep2,0,4,0,sm_89,D1_PUSHSIG_OVERLAP,NVSHMEM,C0_DEFAULT,4096,1024,4096,16,2,4194304,16,0,1252.224,1256.128,1750.336,494.208,PASS,0
wm_S5_d1_q16m1_rep2,0,4,0,sm_89,D1_PUSHSIG_OVERLAP,NVSHMEM,C0_DEFAULT,4096,1024,4096,16,3,4194304,16,0,1817.760,1826.336,2321.216,494.880,PASS,0
wm_S5_d1_q16m1_rep2,0,4,0,sm_89,D1_PUSHSIG_OVERLAP,NVSHMEM,C0_DEFAULT,4096,1024,4096,16,4,4194304,16,0,2365.344,2368.768,2862.112,493.344,PASS,0
wm_S5_d1_q16m1_rep2,0,4,0,sm_89,D1_PUSHSIG_OVERLAP,NVSHMEM,C0_DEFAULT,4096,1024,4096,16,5,4194304,16,0,2901.984,2906.368,3402.464,496.096,PASS,0
wm_S5_d1_q16m1_rep2,0,4,0,sm_89,D1_PUSHSIG_OVERLAP,NVSHMEM,C0_DEFAULT,4096,1024,4096,16,6,4194304,16,0,3451.936,3468.224,3974.400,506.176,PASS,0
wm_S5_d1_q16m1_rep2,0,4,0,sm_89,D1_PUSHSIG_OVERLAP,NVSHMEM,C0_DEFAULT,4096,1024,4096,16,7,4194304,16,0,4018.592,4022.080,4513.472,491.392,PASS,0
wm_S5_d1_q16m1_rep2,0,4,0,sm_89,D1_PUSHSIG_OVERLAP,NVSHMEM,C0_DEFAULT,4096,1024,4096,16,8,4194304,16,0,4559.200,4562.688,5063.040,500.352,PASS,0
wm_S5_d1_q16m1_rep2,0,4,0,sm_89,D1_PUSHSIG_OVERLAP,NVSHMEM,C0_DEFAULT,4096,1024,4096,16,9,4194304,16,0,5117.312,5130.144,5623.488,493.344,PASS,0
wm_S5_d1_q16m1_rep2,0,4,0,sm_89,D1_PUSHSIG_OVERLAP,NVSHMEM,C0_DEFAULT,4096,1024,4096,16,10,4194304,16,0,5665.696,5669.440,6162.112,492.672,PASS,0
wm_S5_d1_q16m1_rep2,0,4,0,sm_89,D1_PUSHSIG_OVERLAP,NVSHMEM,C0_DEFAULT,4096,1024,4096,16,11,4194304,16,0,6208.800,6212.320,6704.416,492.096,PASS,0
wm_S5_d1_q16m1_rep2,0,4,0,sm_89,D1_PUSHSIG_OVERLAP,NVSHMEM,C0_DEFAULT,4096,1024,4096,16,12,4194304,16,0,6765.664,6773.824,7260.608,486.784,PASS,0
wm_S5_d1_q16m1_rep2,0,4,0,sm_89,D1_PUSHSIG_OVERLAP,NVSHMEM,C0_DEFAULT,4096,1024,4096,16,13,4194304,16,0,7294.304,7297.824,7784.352,486.528,PASS,0
wm_S5_d1_q16m1_rep2,0,4,0,sm_89,D1_PUSHSIG_OVERLAP,NVSHMEM,C0_DEFAULT,4096,1024,4096,16,14,4194304,16,0,7811.840,7815.552,8302.816,487.264,PASS,0
wm_S5_d1_q16m1_rep2,0,4,0,sm_89,D1_PUSHSIG_OVERLAP,NVSHMEM,C0_DEFAULT,4096,1024,4096,16,15,4194304,16,0,8340.640,8344.128,8831.199,487.072,PASS,0
wm_S5_d1_q16m1_rep2,0,4,0,sm_89,D1_PUSHSIG_OVERLAP,NVSHMEM,C0_DEFAULT,4096,1024,4096,16,0,4194304,17,0,169.888,176.480,678.304,501.824,PASS,0
wm_S5_d1_q16m1_rep2,0,4,0,sm_89,D1_PUSHSIG_OVERLAP,NVSHMEM,C0_DEFAULT,4096,1024,4096,16,1,4194304,17,0,725.760,729.600,1226.112,496.512,PASS,0
wm_S5_d1_q16m1_rep2,0,4,0,sm_89,D1_PUSHSIG_OVERLAP,NVSHMEM,C0_DEFAULT,4096,1024,4096,16,2,4194304,17,0,1268.960,1272.704,1764.288,491.584,PASS,0
wm_S5_d1_q16m1_rep2,0,4,0,sm_89,D1_PUSHSIG_OVERLAP,NVSHMEM,C0_DEFAULT,4096,1024,4096,16,3,4194304,17,0,1822.784,1830.048,2333.664,503.616,PASS,0
wm_S5_d1_q16m1_rep2,0,4,0,sm_89,D1_PUSHSIG_OVERLAP,NVSHMEM,C0_DEFAULT,4096,1024,4096,16,4,4194304,17,0,2373.312,2377.664,2870.656,492.992,PASS,0
wm_S5_d1_q16m1_rep2,0,4,0,sm_89,D1_PUSHSIG_OVERLAP,NVSHMEM,C0_DEFAULT,4096,1024,4096,16,5,4194304,17,0,2917.952,2921.632,3422.496,500.864,PASS,0
wm_S5_d1_q16m1_rep2,0,4,0,sm_89,D1_PUSHSIG_OVERLAP,NVSHMEM,C0_DEFAULT,4096,1024,4096,16,6,4194304,17,0,3478.784,3483.104,3975.552,492.448,PASS,0
wm_S5_d1_q16m1_rep2,0,4,0,sm_89,D1_PUSHSIG_OVERLAP,NVSHMEM,C0_DEFAULT,4096,1024,4096,16,7,4194304,17,0,4021.472,4025.664,4517.248,491.584,PASS,0
wm_S5_d1_q16m1_rep2,0,4,0,sm_89,D1_PUSHSIG_OVERLAP,NVSHMEM,C0_DEFAULT,4096,1024,4096,16,8,4194304,17,0,4579.712,4590.624,5098.560,507.936,PASS,0
wm_S5_d1_q16m1_rep2,0,4,0,sm_89,D1_PUSHSIG_OVERLAP,NVSHMEM,C0_DEFAULT,4096,1024,4096,16,9,4194304,17,0,5147.680,5167.776,5678.144,510.368,PASS,0
wm_S5_d1_q16m1_rep2,0,4,0,sm_89,D1_PUSHSIG_OVERLAP,NVSHMEM,C0_DEFAULT,4096,1024,4096,16,10,4194304,17,0,5715.584,5721.088,6214.624,493.536,PASS,0
wm_S5_d1_q16m1_rep2,0,4,0,sm_89,D1_PUSHSIG_OVERLAP,NVSHMEM,C0_DEFAULT,4096,1024,4096,16,11,4194304,17,0,6258.496,6262.208,6748.032,485.824,PASS,0
wm_S5_d1_q16m1_rep2,0,4,0,sm_89,D1_PUSHSIG_OVERLAP,NVSHMEM,C0_DEFAULT,4096,1024,4096,16,12,4194304,17,0,6826.784,6830.528,7316.960,486.432,PASS,0
wm_S5_d1_q16m1_rep2,0,4,0,sm_89,D1_PUSHSIG_OVERLAP,NVSHMEM,C0_DEFAULT,4096,1024,4096,16,13,4194304,17,0,7347.392,7351.424,7837.952,486.528,PASS,0
wm_S5_d1_q16m1_rep2,0,4,0,sm_89,D1_PUSHSIG_OVERLAP,NVSHMEM,C0_DEFAULT,4096,1024,4096,16,14,4194304,17,0,7877.824,7881.344,8368.225,486.880,PASS,0
wm_S5_d1_q16m1_rep2,0,4,0,sm_89,D1_PUSHSIG_OVERLAP,NVSHMEM,C0_DEFAULT,4096,1024,4096,16,15,4194304,17,0,8405.632,8409.119,8895.456,486.336,PASS,0
wm_S5_d1_q16m1_rep2,0,4,0,sm_89,D1_PUSHSIG_OVERLAP,NVSHMEM,C0_DEFAULT,4096,1024,4096,16,0,4194304,18,0,160.096,167.040,667.616,500.576,PASS,0
wm_S5_d1_q16m1_rep2,0,4,0,sm_89,D1_PUSHSIG_OVERLAP,NVSHMEM,C0_DEFAULT,4096,1024,4096,16,1,4194304,18,0,717.408,724.928,1218.144,493.216,PASS,0
wm_S5_d1_q16m1_rep2,0,4,0,sm_89,D1_PUSHSIG_OVERLAP,NVSHMEM,C0_DEFAULT,4096,1024,4096,16,2,4194304,18,0,1259.680,1263.104,1755.776,492.672,PASS,0
wm_S5_d1_q16m1_rep2,0,4,0,sm_89,D1_PUSHSIG_OVERLAP,NVSHMEM,C0_DEFAULT,4096,1024,4096,16,3,4194304,18,0,1797.888,1801.984,2293.408,491.424,PASS,0
wm_S5_d1_q16m1_rep2,0,4,0,sm_89,D1_PUSHSIG_OVERLAP,NVSHMEM,C0_DEFAULT,4096,1024,4096,16,4,4194304,18,0,2346.432,2349.856,2843.360,493.504,PASS,0
wm_S5_d1_q16m1_rep2,0,4,0,sm_89,D1_PUSHSIG_OVERLAP,NVSHMEM,C0_DEFAULT,4096,1024,4096,16,5,4194304,18,0,2892.768,2898.848,3395.424,496.576,PASS,0
wm_S5_d1_q16m1_rep2,0,4,0,sm_89,D1_PUSHSIG_OVERLAP,NVSHMEM,C0_DEFAULT,4096,1024,4096,16,6,4194304,18,0,3448.000,3462.592,3972.608,510.016,PASS,0
wm_S5_d1_q16m1_rep2,0,4,0,sm_89,D1_PUSHSIG_OVERLAP,NVSHMEM,C0_DEFAULT,4096,1024,4096,16,7,4194304,18,0,4014.784,4018.528,4509.856,491.328,PASS,0
wm_S5_d1_q16m1_rep2,0,4,0,sm_89,D1_PUSHSIG_OVERLAP,NVSHMEM,C0_DEFAULT,4096,1024,4096,16,8,4194304,18,0,4558.560,4564.736,5065.312,500.576,PASS,0
wm_S5_d1_q16m1_rep2,0,4,0,sm_89,D1_PUSHSIG_OVERLAP,NVSHMEM,C0_DEFAULT,4096,1024,4096,16,9,4194304,18,0,5115.936,5127.584,5621.824,494.240,PASS,0
wm_S5_d1_q16m1_rep2,0,4,0,sm_89,D1_PUSHSIG_OVERLAP,NVSHMEM,C0_DEFAULT,4096,1024,4096,16,10,4194304,18,0,5661.376,5664.960,6159.392,494.432,PASS,0
wm_S5_d1_q16m1_rep2,0,4,0,sm_89,D1_PUSHSIG_OVERLAP,NVSHMEM,C0_DEFAULT,4096,1024,4096,16,11,4194304,18,0,6217.536,6220.960,6712.064,491.104,PASS,0
wm_S5_d1_q16m1_rep2,0,4,0,sm_89,D1_PUSHSIG_OVERLAP,NVSHMEM,C0_DEFAULT,4096,1024,4096,16,12,4194304,18,0,6753.888,6759.168,7251.616,492.448,PASS,0
wm_S5_d1_q16m1_rep2,0,4,0,sm_89,D1_PUSHSIG_OVERLAP,NVSHMEM,C0_DEFAULT,4096,1024,4096,16,13,4194304,18,0,7295.456,7298.976,7790.464,491.488,PASS,0
wm_S5_d1_q16m1_rep2,0,4,0,sm_89,D1_PUSHSIG_OVERLAP,NVSHMEM,C0_DEFAULT,4096,1024,4096,16,14,4194304,18,0,7851.584,7855.456,8348.287,492.832,PASS,0
wm_S5_d1_q16m1_rep2,0,4,0,sm_89,D1_PUSHSIG_OVERLAP,NVSHMEM,C0_DEFAULT,4096,1024,4096,16,15,4194304,18,0,8391.937,8406.208,8893.056,486.848,PASS,0
wm_S5_d1_q16m1_rep2,0,4,0,sm_89,D1_PUSHSIG_OVERLAP,NVSHMEM,C0_DEFAULT,4096,1024,4096,16,0,4194304,19,0,156.896,163.712,657.568,493.856,PASS,0
wm_S5_d1_q16m1_rep2,0,4,0,sm_89,D1_PUSHSIG_OVERLAP,NVSHMEM,C0_DEFAULT,4096,1024,4096,16,1,4194304,19,0,700.544,704.256,1196.608,492.352,PASS,0
wm_S5_d1_q16m1_rep2,0,4,0,sm_89,D1_PUSHSIG_OVERLAP,NVSHMEM,C0_DEFAULT,4096,1024,4096,16,2,4194304,19,0,1242.336,1246.080,1739.712,493.632,PASS,0
wm_S5_d1_q16m1_rep2,0,4,0,sm_89,D1_PUSHSIG_OVERLAP,NVSHMEM,C0_DEFAULT,4096,1024,4096,16,3,4194304,19,0,1782.848,1787.456,2278.080,490.624,PASS,0
wm_S5_d1_q16m1_rep2,0,4,0,sm_89,D1_PUSHSIG_OVERLAP,NVSHMEM,C0_DEFAULT,4096,1024,4096,16,4,4194304,19,0,2323.872,2327.776,2821.152,493.376,PASS,0
wm_S5_d1_q16m1_rep2,0,4,0,sm_89,D1_PUSHSIG_OVERLAP,NVSHMEM,C0_DEFAULT,4096,1024,4096,16,5,4194304,19,0,2866.240,2869.856,3377.024,507.168,PASS,0
wm_S5_d1_q16m1_rep2,0,4,0,sm_89,D1_PUSHSIG_OVERLAP,NVSHMEM,C0_DEFAULT,4096,1024,4096,16,6,4194304,19,0,3428.736,3440.928,3945.792,504.864,PASS,0
wm_S5_d1_q16m1_rep2,0,4,0,sm_89,D1_PUSHSIG_OVERLAP,NVSHMEM,C0_DEFAULT,4096,1024,4096,16,7,4194304,19,0,3985.856,3989.504,4480.192,490.688,PASS,0
wm_S5_d1_q16m1_rep2,0,4,0,sm_89,D1_PUSHSIG_OVERLAP,NVSHMEM,C0_DEFAULT,4096,1024,4096,16,8,4194304,19,0,4531.904,4535.424,5040.800,505.376,PASS,0
wm_S5_d1_q16m1_rep2,0,4,0,sm_89,D1_PUSHSIG_OVERLAP,NVSHMEM,C0_DEFAULT,4096,1024,4096,16,9,4194304,19,0,5096.160,5107.200,5607.072,499.872,PASS,0
wm_S5_d1_q16m1_rep2,0,4,0,sm_89,D1_PUSHSIG_OVERLAP,NVSHMEM,C0_DEFAULT,4096,1024,4096,16,10,4194304,19,0,5648.128,5652.096,6143.008,490.912,PASS,0
wm_S5_d1_q16m1_rep2,0,4,0,sm_89,D1_PUSHSIG_OVERLAP,NVSHMEM,C0_DEFAULT,4096,1024,4096,16,11,4194304,19,0,6179.136,6182.656,6677.440,494.784,PASS,0
wm_S5_d1_q16m1_rep2,0,4,0,sm_89,D1_PUSHSIG_OVERLAP,NVSHMEM,C0_DEFAULT,4096,1024,4096,16,12,4194304,19,0,6717.952,6721.472,7208.704,487.232,PASS,0
wm_S5_d1_q16m1_rep2,0,4,0,sm_89,D1_PUSHSIG_OVERLAP,NVSHMEM,C0_DEFAULT,4096,1024,4096,16,13,4194304,19,0,7235.616,7239.296,7725.792,486.496,PASS,0
wm_S5_d1_q16m1_rep2,0,4,0,sm_89,D1_PUSHSIG_OVERLAP,NVSHMEM,C0_DEFAULT,4096,1024,4096,16,14,4194304,19,0,7752.384,7756.064,8242.752,486.688,PASS,0
wm_S5_d1_q16m1_rep2,0,4,0,sm_89,D1_PUSHSIG_OVERLAP,NVSHMEM,C0_DEFAULT,4096,1024,4096,16,15,4194304,19,0,8268.384,8272.128,8759.072,486.944,PASS,0
wm_S5_d1_q16m1_rep2,0,4,0,sm_89,D1_PUSHSIG_OVERLAP,NVSHMEM,C0_DEFAULT,4096,1024,4096,16,0,4194304,20,0,171.584,177.280,669.408,492.128,PASS,0
wm_S5_d1_q16m1_rep2,0,4,0,sm_89,D1_PUSHSIG_OVERLAP,NVSHMEM,C0_DEFAULT,4096,1024,4096,16,1,4194304,20,0,726.304,730.048,1225.152,495.104,PASS,0
wm_S5_d1_q16m1_rep2,0,4,0,sm_89,D1_PUSHSIG_OVERLAP,NVSHMEM,C0_DEFAULT,4096,1024,4096,16,2,4194304,20,0,1271.104,1274.912,1767.744,492.832,PASS,0
wm_S5_d1_q16m1_rep2,0,4,0,sm_89,D1_PUSHSIG_OVERLAP,NVSHMEM,C0_DEFAULT,4096,1024,4096,16,3,4194304,20,0,1829.600,1833.536,2328.960,495.424,PASS,0
wm_S5_d1_q16m1_rep2,0,4,0,sm_89,D1_PUSHSIG_OVERLAP,NVSHMEM,C0_DEFAULT,4096,1024,4096,16,4,4194304,20,0,2370.304,2374.016,2868.672,494.656,PASS,0
wm_S5_d1_q16m1_rep2,0,4,0,sm_89,D1_PUSHSIG_OVERLAP,NVSHMEM,C0_DEFAULT,4096,1024,4096,16,5,4194304,20,0,2912.128,2915.584,3406.432,490.848,PASS,0
wm_S5_d1_q16m1_rep2,0,4,0,sm_89,D1_PUSHSIG_OVERLAP,NVSHMEM,C0_DEFAULT,4096,1024,4096,16,6,4194304,20,0,3469.632,3473.664,3965.888,492.224,PASS,0
wm_S5_d1_q16m1_rep2,0,4,0,sm_89,D1_PUSHSIG_OVERLAP,NVSHMEM,C0_DEFAULT,4096,1024,4096,16,7,4194304,20,0,4027.168,4038.304,4542.720,504.416,PASS,0
wm_S5_d1_q16m1_rep2,0,4,0,sm_89,D1_PUSHSIG_OVERLAP,NVSHMEM,C0_DEFAULT,4096,1024,4096,16,8,4194304,20,0,4591.904,4606.112,5111.904,505.792,PASS,0
wm_S5_d1_q16m1_rep2,0,4,0,sm_89,D1_PUSHSIG_OVERLAP,NVSHMEM,C0_DEFAULT,4096,1024,4096,16,9,4194304,20,0,5153.792,5161.504,5657.504,496.000,PASS,0
wm_S5_d1_q16m1_rep2,0,4,0,sm_89,D1_PUSHSIG_OVERLAP,NVSHMEM,C0_DEFAULT,4096,1024,4096,16,10,4194304,20,0,5695.744,5699.168,6193.600,494.432,PASS,0
wm_S5_d1_q16m1_rep2,0,4,0,sm_89,D1_PUSHSIG_OVERLAP,NVSHMEM,C0_DEFAULT,4096,1024,4096,16,11,4194304,20,0,6235.456,6241.728,6735.680,493.952,PASS,0
wm_S5_d1_q16m1_rep2,0,4,0,sm_89,D1_PUSHSIG_OVERLAP,NVSHMEM,C0_DEFAULT,4096,1024,4096,16,12,4194304,20,0,6793.280,6796.832,7291.936,495.104,PASS,0
wm_S5_d1_q16m1_rep2,0,4,0,sm_89,D1_PUSHSIG_OVERLAP,NVSHMEM,C0_DEFAULT,4096,1024,4096,16,13,4194304,20,0,7336.064,7339.744,7826.048,486.304,PASS,0
wm_S5_d1_q16m1_rep2,0,4,0,sm_89,D1_PUSHSIG_OVERLAP,NVSHMEM,C0_DEFAULT,4096,1024,4096,16,14,4194304,20,0,7869.152,7872.640,8359.680,487.040,PASS,0
wm_S5_d1_q16m1_rep2,0,4,0,sm_89,D1_PUSHSIG_OVERLAP,NVSHMEM,C0_DEFAULT,4096,1024,4096,16,15,4194304,20,0,8387.553,8391.392,8878.208,486.816,PASS,0
wm_S5_d1_q16m1_rep2,0,4,0,sm_89,D1_PUSHSIG_OVERLAP,NVSHMEM,C0_DEFAULT,4096,1024,4096,16,0,4194304,21,0,142.304,149.312,643.648,494.336,PASS,0
wm_S5_d1_q16m1_rep2,0,4,0,sm_89,D1_PUSHSIG_OVERLAP,NVSHMEM,C0_DEFAULT,4096,1024,4096,16,1,4194304,21,0,697.440,701.120,1192.000,490.880,PASS,0
wm_S5_d1_q16m1_rep2,0,4,0,sm_89,D1_PUSHSIG_OVERLAP,NVSHMEM,C0_DEFAULT,4096,1024,4096,16,2,4194304,21,0,1239.040,1242.816,1735.776,492.960,PASS,0
wm_S5_d1_q16m1_rep2,0,4,0,sm_89,D1_PUSHSIG_OVERLAP,NVSHMEM,C0_DEFAULT,4096,1024,4096,16,3,4194304,21,0,1803.904,1815.136,2320.960,505.824,PASS,0
wm_S5_d1_q16m1_rep2,0,4,0,sm_89,D1_PUSHSIG_OVERLAP,NVSHMEM,C0_DEFAULT,4096,1024,4096,16,4,4194304,21,0,2364.544,2367.968,2863.040,495.072,PASS,0
wm_S5_d1_q16m1_rep2,0,4,0,sm_89,D1_PUSHSIG_OVERLAP,NVSHMEM,C0_DEFAULT,4096,1024,4096,16,5,4194304,21,0,2912.512,2915.936,3419.264,503.328,PASS,0
wm_S5_d1_q16m1_rep2,0,4,0,sm_89,D1_PUSHSIG_OVERLAP,NVSHMEM,C0_DEFAULT,4096,1024,4096,16,6,4194304,21,0,3473.824,3485.088,3987.104,502.016,PASS,0
wm_S5_d1_q16m1_rep2,0,4,0,sm_89,D1_PUSHSIG_OVERLAP,NVSHMEM,C0_DEFAULT,4096,1024,4096,16,7,4194304,21,0,4028.160,4031.584,4524.576,492.992,PASS,0
wm_S5_d1_q16m1_rep2,0,4,0,sm_89,D1_PUSHSIG_OVERLAP,NVSHMEM,C0_DEFAULT,4096,1024,4096,16,8,4194304,21,0,4569.632,4573.472,5071.008,497.536,PASS,0
wm_S5_d1_q16m1_rep2,0,4,0,sm_89,D1_PUSHSIG_OVERLAP,NVSHMEM,C0_DEFAULT,4096,1024,4096,16,9,4194304,21,0,5110.816,5114.368,5608.992,494.624,PASS,0
wm_S5_d1_q16m1_rep2,0,4,0,sm_89,D1_PUSHSIG_OVERLAP,NVSHMEM,C0_DEFAULT,4096,1024,4096,16,10,4194304,21,0,5655.360,5667.296,6162.784,495.488,PASS,0
wm_S5_d1_q16m1_rep2,0,4,0,sm_89,D1_PUSHSIG_OVERLAP,NVSHMEM,C0_DEFAULT,4096,1024,4096,16,11,4194304,21,0,6202.592,6213.792,6706.272,492.480,PASS,0
wm_S5_d1_q16m1_rep2,0,4,0,sm_89,D1_PUSHSIG_OVERLAP,NVSHMEM,C0_DEFAULT,4096,1024,4096,16,12,4194304,21,0,6748.480,6752.224,7245.344,493.120,PASS,0
wm_S5_d1_q16m1_rep2,0,4,0,sm_89,D1_PUSHSIG_OVERLAP,NVSHMEM,C0_DEFAULT,4096,1024,4096,16,13,4194304,21,0,7286.944,7290.752,7783.424,492.672,PASS,0
wm_S5_d1_q16m1_rep2,0,4,0,sm_89,D1_PUSHSIG_OVERLAP,NVSHMEM,C0_DEFAULT,4096,1024,4096,16,14,4194304,21,0,7824.704,7828.384,8315.648,487.264,PASS,0
wm_S5_d1_q16m1_rep2,0,4,0,sm_89,D1_PUSHSIG_OVERLAP,NVSHMEM,C0_DEFAULT,4096,1024,4096,16,15,4194304,21,0,8340.992,8344.479,8831.584,487.104,PASS,0
wm_S5_d1_q16m1_rep2,0,4,0,sm_89,D1_PUSHSIG_OVERLAP,NVSHMEM,C0_DEFAULT,4096,1024,4096,16,0,4194304,22,0,164.192,170.432,665.632,495.200,PASS,0
wm_S5_d1_q16m1_rep2,0,4,0,sm_89,D1_PUSHSIG_OVERLAP,NVSHMEM,C0_DEFAULT,4096,1024,4096,16,1,4194304,22,0,718.240,728.064,1228.416,500.352,PASS,0
wm_S5_d1_q16m1_rep2,0,4,0,sm_89,D1_PUSHSIG_OVERLAP,NVSHMEM,C0_DEFAULT,4096,1024,4096,16,2,4194304,22,0,1272.416,1276.256,1767.904,491.648,PASS,0
wm_S5_d1_q16m1_rep2,0,4,0,sm_89,D1_PUSHSIG_OVERLAP,NVSHMEM,C0_DEFAULT,4096,1024,4096,16,3,4194304,22,0,1814.912,1818.560,2308.032,489.472,PASS,0
wm_S5_d1_q16m1_rep2,0,4,0,sm_89,D1_PUSHSIG_OVERLAP,NVSHMEM,C0_DEFAULT,4096,1024,4096,16,4,4194304,22,0,2351.904,2355.360,2849.760,494.400,PASS,0
wm_S5_d1_q16m1_rep2,0,4,0,sm_89,D1_PUSHSIG_OVERLAP,NVSHMEM,C0_DEFAULT,4096,1024,4096,16,5,4194304,22,0,2908.032,2912.128,3409.824,497.696,PASS,0
wm_S5_d1_q16m1_rep2,0,4,0,sm_89,D1_PUSHSIG_OVERLAP,NVSHMEM,C0_DEFAULT,4096,1024,4096,16,6,4194304,22,0,3467.872,3478.464,3980.160,501.696,PASS,0
wm_S5_d1_q16m1_rep2,0,4,0,sm_89,D1_PUSHSIG_OVERLAP,NVSHMEM,C0_DEFAULT,4096,1024,4096,16,7,4194304,22,0,4021.536,4024.896,4517.312,492.416,PASS,0
wm_S5_d1_q16m1_rep2,0,4,0,sm_89,D1_PUSHSIG_OVERLAP,NVSHMEM,C0_DEFAULT,4096,1024,4096,16,8,4194304,22,0,4562.592,4566.528,5064.032,497.504,PASS,0
wm_S5_d1_q16m1_rep2,0,4,0,sm_89,D1_PUSHSIG_OVERLAP,NVSHMEM,C0_DEFAULT,4096,1024,4096,16,9,4194304,22,0,5110.912,5115.072,5606.880,491.808,PASS,0
wm_S5_d1_q16m1_rep2,0,4,0,sm_89,D1_PUSHSIG_OVERLAP,NVSHMEM,C0_DEFAULT,4096,1024,4096,16,10,4194304,22,0,5661.056,5664.512,6158.784,494.272,PASS,0
wm_S5_d1_q16m1_rep2,0,4,0,sm_89,D1_PUSHSIG_OVERLAP,NVSHMEM,C0_DEFAULT,4096,1024,4096,16,11,4194304,22,0,6200.032,6204.320,6698.528,494.208,PASS,0
wm_S5_d1_q16m1_rep2,0,4,0,sm_89,D1_PUSHSIG_OVERLAP,NVSHMEM,C0_DEFAULT,4096,1024,4096,16,12,4194304,22,0,6740.640,6744.032,7236.960,492.928,PASS,0
wm_S5_d1_q16m1_rep2,0,4,0,sm_89,D1_PUSHSIG_OVERLAP,NVSHMEM,C0_DEFAULT,4096,1024,4096,16,13,4194304,22,0,7292.768,7296.288,7787.840,491.552,PASS,0
wm_S5_d1_q16m1_rep2,0,4,0,sm_89,D1_PUSHSIG_OVERLAP,NVSHMEM,C0_DEFAULT,4096,1024,4096,16,14,4194304,22,0,7832.192,7835.712,8323.392,487.680,PASS,0
wm_S5_d1_q16m1_rep2,0,4,0,sm_89,D1_PUSHSIG_OVERLAP,NVSHMEM,C0_DEFAULT,4096,1024,4096,16,15,4194304,22,0,8357.695,8361.185,8848.224,487.040,PASS,0
wm_S5_d1_q16m1_rep2,0,4,0,sm_89,D1_PUSHSIG_OVERLAP,NVSHMEM,C0_DEFAULT,4096,1024,4096,16,0,4194304,23,0,151.456,157.472,652.736,495.264,PASS,0
wm_S5_d1_q16m1_rep2,0,4,0,sm_89,D1_PUSHSIG_OVERLAP,NVSHMEM,C0_DEFAULT,4096,1024,4096,16,1,4194304,23,0,713.152,728.416,1235.456,507.040,PASS,0
wm_S5_d1_q16m1_rep2,0,4,0,sm_89,D1_PUSHSIG_OVERLAP,NVSHMEM,C0_DEFAULT,4096,1024,4096,16,2,4194304,23,0,1289.440,1292.896,1785.728,492.832,PASS,0
wm_S5_d1_q16m1_rep2,0,4,0,sm_89,D1_PUSHSIG_OVERLAP,NVSHMEM,C0_DEFAULT,4096,1024,4096,16,3,4194304,23,0,1826.848,1830.304,2324.032,493.728,PASS,0
wm_S5_d1_q16m1_rep2,0,4,0,sm_89,D1_PUSHSIG_OVERLAP,NVSHMEM,C0_DEFAULT,4096,1024,4096,16,4,4194304,23,0,2375.552,2381.696,2881.952,500.256,PASS,0
wm_S5_d1_q16m1_rep2,0,4,0,sm_89,D1_PUSHSIG_OVERLAP,NVSHMEM,C0_DEFAULT,4096,1024,4096,16,5,4194304,23,0,2931.264,2934.944,3427.200,492.256,PASS,0
wm_S5_d1_q16m1_rep2,0,4,0,sm_89,D1_PUSHSIG_OVERLAP,NVSHMEM,C0_DEFAULT,4096,1024,4096,16,6,4194304,23,0,3471.040,3474.496,3966.688,492.192,PASS,0
wm_S5_d1_q16m1_rep2,0,4,0,sm_89,D1_PUSHSIG_OVERLAP,NVSHMEM,C0_DEFAULT,4096,1024,4096,16,7,4194304,23,0,4005.216,4008.704,4499.520,490.816,PASS,0
wm_S5_d1_q16m1_rep2,0,4,0,sm_89,D1_PUSHSIG_OVERLAP,NVSHMEM,C0_DEFAULT,4096,1024,4096,16,8,4194304,23,0,4553.152,4556.608,5050.560,493.952,PASS,0
wm_S5_d1_q16m1_rep2,0,4,0,sm_89,D1_PUSHSIG_OVERLAP,NVSHMEM,C0_DEFAULT,4096,1024,4096,16,9,4194304,23,0,5092.640,5096.064,5588.704,492.640,PASS,0
wm_S5_d1_q16m1_rep2,0,4,0,sm_89,D1_PUSHSIG_OVERLAP,NVSHMEM,C0_DEFAULT,4096,1024,4096,16,10,4194304,23,0,5629.504,5633.856,6125.408,491.552,PASS,0
wm_S5_d1_q16m1_rep2,0,4,0,sm_89,D1_PUSHSIG_OVERLAP,NVSHMEM,C0_DEFAULT,4096,1024,4096,16,11,4194304,23,0,6182.016,6185.664,6678.624,492.960,PASS,0
wm_S5_d1_q16m1_rep2,0,4,0,sm_89,D1_PUSHSIG_OVERLAP,NVSHMEM,C0_DEFAULT,4096,1024,4096,16,12,4194304,23,0,6732.032,6735.616,7226.816,491.200,PASS,0
wm_S5_d1_q16m1_rep2,0,4,0,sm_89,D1_PUSHSIG_OVERLAP,NVSHMEM,C0_DEFAULT,4096,1024,4096,16,13,4194304,23,0,7270.976,7274.656,7760.768,486.112,PASS,0
wm_S5_d1_q16m1_rep2,0,4,0,sm_89,D1_PUSHSIG_OVERLAP,NVSHMEM,C0_DEFAULT,4096,1024,4096,16,14,4194304,23,0,7785.856,7789.504,8275.937,486.432,PASS,0
wm_S5_d1_q16m1_rep2,0,4,0,sm_89,D1_PUSHSIG_OVERLAP,NVSHMEM,C0_DEFAULT,4096,1024,4096,16,15,4194304,23,0,8301.056,8304.576,8791.104,486.528,PASS,0
wm_S5_d1_q16m1_rep2,0,4,0,sm_89,D1_PUSHSIG_OVERLAP,NVSHMEM,C0_DEFAULT,4096,1024,4096,16,0,4194304,24,0,148.288,154.656,649.408,494.752,PASS,0
wm_S5_d1_q16m1_rep2,0,4,0,sm_89,D1_PUSHSIG_OVERLAP,NVSHMEM,C0_DEFAULT,4096,1024,4096,16,1,4194304,24,0,703.136,706.656,1198.112,491.456,PASS,0
wm_S5_d1_q16m1_rep2,0,4,0,sm_89,D1_PUSHSIG_OVERLAP,NVSHMEM,C0_DEFAULT,4096,1024,4096,16,2,4194304,24,0,1259.360,1266.432,1768.480,502.048,PASS,0
wm_S5_d1_q16m1_rep2,0,4,0,sm_89,D1_PUSHSIG_OVERLAP,NVSHMEM,C0_DEFAULT,4096,1024,4096,16,3,4194304,24,0,1811.808,1822.752,2324.736,501.984,PASS,0
wm_S5_d1_q16m1_rep2,0,4,0,sm_89,D1_PUSHSIG_OVERLAP,NVSHMEM,C0_DEFAULT,4096,1024,4096,16,4,4194304,24,0,2363.840,2367.456,2865.664,498.208,PASS,0
wm_S5_d1_q16m1_rep2,0,4,0,sm_89,D1_PUSHSIG_OVERLAP,NVSHMEM,C0_DEFAULT,4096,1024,4096,16,5,4194304,24,0,2912.352,2918.784,3417.536,498.752,PASS,0
wm_S5_d1_q16m1_rep2,0,4,0,sm_89,D1_PUSHSIG_OVERLAP,NVSHMEM,C0_DEFAULT,4096,1024,4096,16,6,4194304,24,0,3471.456,3482.720,3990.656,507.936,PASS,0
wm_S5_d1_q16m1_rep2,0,4,0,sm_89,D1_PUSHSIG_OVERLAP,NVSHMEM,C0_DEFAULT,4096,1024,4096,16,7,4194304,24,0,4037.760,4051.968,4551.936,499.968,PASS,0
wm_S5_d1_q16m1_rep2,0,4,0,sm_89,D1_PUSHSIG_OVERLAP,NVSHMEM,C0_DEFAULT,4096,1024,4096,16,8,4194304,24,0,4590.944,4594.496,5091.872,497.376,PASS,0
wm_S5_d1_q16m1_rep2,0,4,0,sm_89,D1_PUSHSIG_OVERLAP,NVSHMEM,C0_DEFAULT,4096,1024,4096,16,9,4194304,24,0,5144.000,5156.000,5656.640,500.640,PASS,0
wm_S5_d1_q16m1_rep2,0,4,0,sm_89,D1_PUSHSIG_OVERLAP,NVSHMEM,C0_DEFAULT,4096,1024,4096,16,10,4194304,24,0,5704.992,5718.368,6224.800,506.432,PASS,0
wm_S5_d1_q16m1_rep2,0,4,0,sm_89,D1_PUSHSIG_OVERLAP,NVSHMEM,C0_DEFAULT,4096,1024,4096,16,11,4194304,24,0,6269.376,6275.552,6773.280,497.728,PASS,0
wm_S5_d1_q16m1_rep2,0,4,0,sm_89,D1_PUSHSIG_OVERLAP,NVSHMEM,C0_DEFAULT,4096,1024,4096,16,12,4194304,24,0,6824.576,6837.952,7332.544,494.592,PASS,0
wm_S5_d1_q16m1_rep2,0,4,0,sm_89,D1_PUSHSIG_OVERLAP,NVSHMEM,C0_DEFAULT,4096,1024,4096,16,13,4194304,24,0,7373.088,7376.544,7869.216,492.672,PASS,0
wm_S5_d1_q16m1_rep2,0,4,0,sm_89,D1_PUSHSIG_OVERLAP,NVSHMEM,C0_DEFAULT,4096,1024,4096,16,14,4194304,24,0,7910.304,7919.424,8406.240,486.816,PASS,0
wm_S5_d1_q16m1_rep2,0,4,0,sm_89,D1_PUSHSIG_OVERLAP,NVSHMEM,C0_DEFAULT,4096,1024,4096,16,15,4194304,24,0,8431.968,8435.681,8922.368,486.688,PASS,0
wm_S5_d1_q16m1_rep2,0,4,0,sm_89,D1_PUSHSIG_OVERLAP,NVSHMEM,C0_DEFAULT,4096,1024,4096,16,0,4194304,25,0,161.984,168.640,660.960,492.320,PASS,0
wm_S5_d1_q16m1_rep2,0,4,0,sm_89,D1_PUSHSIG_OVERLAP,NVSHMEM,C0_DEFAULT,4096,1024,4096,16,1,4194304,25,0,707.008,711.552,1206.464,494.912,PASS,0
wm_S5_d1_q16m1_rep2,0,4,0,sm_89,D1_PUSHSIG_OVERLAP,NVSHMEM,C0_DEFAULT,4096,1024,4096,16,2,4194304,25,0,1255.808,1259.264,1753.696,494.432,PASS,0
wm_S5_d1_q16m1_rep2,0,4,0,sm_89,D1_PUSHSIG_OVERLAP,NVSHMEM,C0_DEFAULT,4096,1024,4096,16,3,4194304,25,0,1793.504,1797.568,2288.288,490.720,PASS,0
wm_S5_d1_q16m1_rep2,0,4,0,sm_89,D1_PUSHSIG_OVERLAP,NVSHMEM,C0_DEFAULT,4096,1024,4096,16,4,4194304,25,0,2330.048,2333.952,2833.216,499.264,PASS,0
wm_S5_d1_q16m1_rep2,0,4,0,sm_89,D1_PUSHSIG_OVERLAP,NVSHMEM,C0_DEFAULT,4096,1024,4096,16,5,4194304,25,0,2886.272,2897.536,3401.088,503.552,PASS,0
wm_S5_d1_q16m1_rep2,0,4,0,sm_89,D1_PUSHSIG_OVERLAP,NVSHMEM,C0_DEFAULT,4096,1024,4096,16,6,4194304,25,0,3442.016,3448.544,3943.328,494.784,PASS,0
wm_S5_d1_q16m1_rep2,0,4,0,sm_89,D1_PUSHSIG_OVERLAP,NVSHMEM,C0_DEFAULT,4096,1024,4096,16,7,4194304,25,0,3985.568,3989.440,4489.888,500.448,PASS,0
wm_S5_d1_q16m1_rep2,0,4,0,sm_89,D1_PUSHSIG_OVERLAP,NVSHMEM,C0_DEFAULT,4096,1024,4096,16,8,4194304,25,0,4539.168,4551.968,5057.408,505.440,PASS,0
wm_S5_d1_q16m1_rep2,0,4,0,sm_89,D1_PUSHSIG_OVERLAP,NVSHMEM,C0_DEFAULT,4096,1024,4096,16,9,4194304,25,0,5096.320,5099.872,5596.416,496.544,PASS,0
wm_S5_d1_q16m1_rep2,0,4,0,sm_89,D1_PUSHSIG_OVERLAP,NVSHMEM,C0_DEFAULT,4096,1024,4096,16,10,4194304,25,0,5641.216,5651.552,6146.912,495.360,PASS,0
wm_S5_d1_q16m1_rep2,0,4,0,sm_89,D1_PUSHSIG_OVERLAP,NVSHMEM,C0_DEFAULT,4096,1024,4096,16,11,4194304,25,0,6198.240,6207.744,6701.088,493.344,PASS,0
wm_S5_d1_q16m1_rep2,0,4,0,sm_89,D1_PUSHSIG_OVERLAP,NVSHMEM,C0_DEFAULT,4096,1024,4096,16,12,4194304,25,0,6746.400,6758.112,7250.144,492.032,PASS,0
wm_S5_d1_q16m1_rep2,0,4,0,sm_89,D1_PUSHSIG_OVERLAP,NVSHMEM,C0_DEFAULT,4096,1024,4096,16,13,4194304,25,0,7294.368,7297.824,7784.480,486.656,PASS,0
wm_S5_d1_q16m1_rep2,0,4,0,sm_89,D1_PUSHSIG_OVERLAP,NVSHMEM,C0_DEFAULT,4096,1024,4096,16,14,4194304,25,0,7810.144,7813.632,8300.672,487.040,PASS,0
wm_S5_d1_q16m1_rep2,0,4,0,sm_89,D1_PUSHSIG_OVERLAP,NVSHMEM,C0_DEFAULT,4096,1024,4096,16,15,4194304,25,0,8326.017,8329.536,8815.584,486.048,PASS,0
wm_S5_d1_q16m1_rep2,0,4,0,sm_89,D1_PUSHSIG_OVERLAP,NVSHMEM,C0_DEFAULT,4096,1024,4096,16,0,4194304,26,0,155.232,161.376,656.928,495.552,PASS,0
wm_S5_d1_q16m1_rep2,0,4,0,sm_89,D1_PUSHSIG_OVERLAP,NVSHMEM,C0_DEFAULT,4096,1024,4096,16,1,4194304,26,0,713.856,728.480,1233.920,505.440,PASS,0
wm_S5_d1_q16m1_rep2,0,4,0,sm_89,D1_PUSHSIG_OVERLAP,NVSHMEM,C0_DEFAULT,4096,1024,4096,16,2,4194304,26,0,1278.816,1293.632,1789.056,495.424,PASS,0
wm_S5_d1_q16m1_rep2,0,4,0,sm_89,D1_PUSHSIG_OVERLAP,NVSHMEM,C0_DEFAULT,4096,1024,4096,16,3,4194304,26,0,1828.992,1833.184,2328.000,494.816,PASS,0
wm_S5_d1_q16m1_rep2,0,4,0,sm_89,D1_PUSHSIG_OVERLAP,NVSHMEM,C0_DEFAULT,4096,1024,4096,16,4,4194304,26,0,2378.016,2393.600,2898.688,505.088,PASS,0
wm_S5_d1_q16m1_rep2,0,4,0,sm_89,D1_PUSHSIG_OVERLAP,NVSHMEM,C0_DEFAULT,4096,1024,4096,16,5,4194304,26,0,2936.608,2940.960,3433.504,492.544,PASS,0
wm_S5_d1_q16m1_rep2,0,4,0,sm_89,D1_PUSHSIG_OVERLAP,NVSHMEM,C0_DEFAULT,4096,1024,4096,16,6,4194304,26,0,3489.984,3498.048,3991.328,493.280,PASS,0
wm_S5_d1_q16m1_rep2,0,4,0,sm_89,D1_PUSHSIG_OVERLAP,NVSHMEM,C0_DEFAULT,4096,1024,4096,16,7,4194304,26,0,4036.768,4040.224,4531.936,491.712,PASS,0
wm_S5_d1_q16m1_rep2,0,4,0,sm_89,D1_PUSHSIG_OVERLAP,NVSHMEM,C0_DEFAULT,4096,1024,4096,16,8,4194304,26,0,4579.872,4585.376,5087.872,502.496,PASS,0
wm_S5_d1_q16m1_rep2,0,4,0,sm_89,D1_PUSHSIG_OVERLAP,NVSHMEM,C0_DEFAULT,4096,1024,4096,16,9,4194304,26,0,5130.656,5144.864,5642.880,498.016,PASS,0
wm_S5_d1_q16m1_rep2,0,4,0,sm_89,D1_PUSHSIG_OVERLAP,NVSHMEM,C0_DEFAULT,4096,1024,4096,16,10,4194304,26,0,5684.896,5689.408,6176.256,486.848,PASS,0
wm_S5_d1_q16m1_rep2,0,4,0,sm_89,D1_PUSHSIG_OVERLAP,NVSHMEM,C0_DEFAULT,4096,1024,4096,16,11,4194304,26,0,6202.304,6206.752,6692.896,486.144,PASS,0
wm_S5_d1_q16m1_rep2,0,4,0,sm_89,D1_PUSHSIG_OVERLAP,NVSHMEM,C0_DEFAULT,4096,1024,4096,16,12,4194304,26,0,6756.384,6760.000,7246.208,486.208,PASS,0
wm_S5_d1_q16m1_rep2,0,4,0,sm_89,D1_PUSHSIG_OVERLAP,NVSHMEM,C0_DEFAULT,4096,1024,4096,16,13,4194304,26,0,7336.064,7339.648,7826.464,486.816,PASS,0
wm_S5_d1_q16m1_rep2,0,4,0,sm_89,D1_PUSHSIG_OVERLAP,NVSHMEM,C0_DEFAULT,4096,1024,4096,16,14,4194304,26,0,7852.192,7855.712,8342.624,486.912,PASS,0
wm_S5_d1_q16m1_rep2,0,4,0,sm_89,D1_PUSHSIG_OVERLAP,NVSHMEM,C0_DEFAULT,4096,1024,4096,16,15,4194304,26,0,8368.544,8372.032,8859.168,487.136,PASS,0
wm_S5_d1_q16m1_rep2,0,4,0,sm_89,D1_PUSHSIG_OVERLAP,NVSHMEM,C0_DEFAULT,4096,1024,4096,16,0,4194304,27,0,170.208,176.480,674.176,497.696,PASS,0
wm_S5_d1_q16m1_rep2,0,4,0,sm_89,D1_PUSHSIG_OVERLAP,NVSHMEM,C0_DEFAULT,4096,1024,4096,16,1,4194304,27,0,727.264,732.064,1224.544,492.480,PASS,0
wm_S5_d1_q16m1_rep2,0,4,0,sm_89,D1_PUSHSIG_OVERLAP,NVSHMEM,C0_DEFAULT,4096,1024,4096,16,2,4194304,27,0,1280.960,1287.520,1785.728,498.208,PASS,0
wm_S5_d1_q16m1_rep2,0,4,0,sm_89,D1_PUSHSIG_OVERLAP,NVSHMEM,C0_DEFAULT,4096,1024,4096,16,3,4194304,27,0,1843.296,1846.848,2339.712,492.864,PASS,0
wm_S5_d1_q16m1_rep2,0,4,0,sm_89,D1_PUSHSIG_OVERLAP,NVSHMEM,C0_DEFAULT,4096,1024,4096,16,4,4194304,27,0,2380.480,2383.968,2878.976,495.008,PASS,0
wm_S5_d1_q16m1_rep2,0,4,0,sm_89,D1_PUSHSIG_OVERLAP,NVSHMEM,C0_DEFAULT,4096,1024,4096,16,5,4194304,27,0,2924.096,2933.536,3440.160,506.624,PASS,0
wm_S5_d1_q16m1_rep2,0,4,0,sm_89,D1_PUSHSIG_OVERLAP,NVSHMEM,C0_DEFAULT,4096,1024,4096,16,6,4194304,27,0,3488.992,3496.160,4008.768,512.608,PASS,0
wm_S5_d1_q16m1_rep2,0,4,0,sm_89,D1_PUSHSIG_OVERLAP,NVSHMEM,C0_DEFAULT,4096,1024,4096,16,7,4194304,27,0,4060.320,4070.400,4570.240,499.840,PASS,0
wm_S5_d1_q16m1_rep2,0,4,0,sm_89,D1_PUSHSIG_OVERLAP,NVSHMEM,C0_DEFAULT,4096,1024,4096,16,8,4194304,27,0,4618.528,4628.800,5125.984,497.184,PASS,0
wm_S5_d1_q16m1_rep2,0,4,0,sm_89,D1_PUSHSIG_OVERLAP,NVSHMEM,C0_DEFAULT,4096,1024,4096,16,9,4194304,27,0,5184.576,5205.728,5710.784,505.056,PASS,0
wm_S5_d1_q16m1_rep2,0,4,0,sm_89,D1_PUSHSIG_OVERLAP,NVSHMEM,C0_DEFAULT,4096,1024,4096,16,10,4194304,27,0,5758.208,5775.424,6281.312,505.888,PASS,0
wm_S5_d1_q16m1_rep2,0,4,0,sm_89,D1_PUSHSIG_OVERLAP,NVSHMEM,C0_DEFAULT,4096,1024,4096,16,11,4194304,27,0,6327.744,6331.232,6818.592,487.360,PASS,0
wm_S5_d1_q16m1_rep2,0,4,0,sm_89,D1_PUSHSIG_OVERLAP,NVSHMEM,C0_DEFAULT,4096,1024,4096,16,12,4194304,27,0,6844.768,6848.256,7334.208,485.952,PASS,0
wm_S5_d1_q16m1_rep2,0,4,0,sm_89,D1_PUSHSIG_OVERLAP,NVSHMEM,C0_DEFAULT,4096,1024,4096,16,13,4194304,27,0,7388.352,7392.544,7878.720,486.176,PASS,0
wm_S5_d1_q16m1_rep2,0,4,0,sm_89,D1_PUSHSIG_OVERLAP,NVSHMEM,C0_DEFAULT,4096,1024,4096,16,14,4194304,27,0,7936.224,7939.680,8426.624,486.944,PASS,0
wm_S5_d1_q16m1_rep2,0,4,0,sm_89,D1_PUSHSIG_OVERLAP,NVSHMEM,C0_DEFAULT,4096,1024,4096,16,15,4194304,27,0,8490.783,8494.304,8980.832,486.528,PASS,0
wm_S5_d1_q16m1_rep2,0,4,0,sm_89,D1_PUSHSIG_OVERLAP,NVSHMEM,C0_DEFAULT,4096,1024,4096,16,0,4194304,28,0,158.016,164.160,666.176,502.016,PASS,0
wm_S5_d1_q16m1_rep2,0,4,0,sm_89,D1_PUSHSIG_OVERLAP,NVSHMEM,C0_DEFAULT,4096,1024,4096,16,1,4194304,28,0,714.432,718.720,1213.248,494.528,PASS,0
wm_S5_d1_q16m1_rep2,0,4,0,sm_89,D1_PUSHSIG_OVERLAP,NVSHMEM,C0_DEFAULT,4096,1024,4096,16,2,4194304,28,0,1252.416,1257.024,1750.304,493.280,PASS,0
wm_S5_d1_q16m1_rep2,0,4,0,sm_89,D1_PUSHSIG_OVERLAP,NVSHMEM,C0_DEFAULT,4096,1024,4096,16,3,4194304,28,0,1810.112,1813.760,2305.376,491.616,PASS,0
wm_S5_d1_q16m1_rep2,0,4,0,sm_89,D1_PUSHSIG_OVERLAP,NVSHMEM,C0_DEFAULT,4096,1024,4096,16,4,4194304,28,0,2343.680,2347.840,2840.608,492.768,PASS,0
wm_S5_d1_q16m1_rep2,0,4,0,sm_89,D1_PUSHSIG_OVERLAP,NVSHMEM,C0_DEFAULT,4096,1024,4096,16,5,4194304,28,0,2891.424,2895.232,3389.216,493.984,PASS,0
wm_S5_d1_q16m1_rep2,0,4,0,sm_89,D1_PUSHSIG_OVERLAP,NVSHMEM,C0_DEFAULT,4096,1024,4096,16,6,4194304,28,0,3431.712,3435.328,3928.576,493.248,PASS,0
wm_S5_d1_q16m1_rep2,0,4,0,sm_89,D1_PUSHSIG_OVERLAP,NVSHMEM,C0_DEFAULT,4096,1024,4096,16,7,4194304,28,0,3972.992,3978.112,4468.960,490.848,PASS,0
wm_S5_d1_q16m1_rep2,0,4,0,sm_89,D1_PUSHSIG_OVERLAP,NVSHMEM,C0_DEFAULT,4096,1024,4096,16,8,4194304,28,0,4513.408,4517.440,5013.120,495.680,PASS,0
wm_S5_d1_q16m1_rep2,0,4,0,sm_89,D1_PUSHSIG_OVERLAP,NVSHMEM,C0_DEFAULT,4096,1024,4096,16,9,4194304,28,0,5060.640,5066.560,5569.376,502.816,PASS,0
wm_S5_d1_q16m1_rep2,0,4,0,sm_89,D1_PUSHSIG_OVERLAP,NVSHMEM,C0_DEFAULT,4096,1024,4096,16,10,4194304,28,0,5610.144,5613.600,6106.144,492.544,PASS,0
wm_S5_d1_q16m1_rep2,0,4,0,sm_89,D1_PUSHSIG_OVERLAP,NVSHMEM,C0_DEFAULT,4096,1024,4096,16,11,4194304,28,0,6144.704,6150.080,6641.056,490.976,PASS,0
wm_S5_d1_q16m1_rep2,0,4,0,sm_89,D1_PUSHSIG_OVERLAP,NVSHMEM,C0_DEFAULT,4096,1024,4096,16,12,4194304,28,0,6688.512,6692.256,7184.448,492.192,PASS,0
wm_S5_d1_q16m1_rep2,0,4,0,sm_89,D1_PUSHSIG_OVERLAP,NVSHMEM,C0_DEFAULT,4096,1024,4096,16,13,4194304,28,0,7239.136,7242.688,7729.056,486.368,PASS,0
wm_S5_d1_q16m1_rep2,0,4,0,sm_89,D1_PUSHSIG_OVERLAP,NVSHMEM,C0_DEFAULT,4096,1024,4096,16,14,4194304,28,0,7754.272,7757.760,8244.672,486.912,PASS,0
wm_S5_d1_q16m1_rep2,0,4,0,sm_89,D1_PUSHSIG_OVERLAP,NVSHMEM,C0_DEFAULT,4096,1024,4096,16,15,4194304,28,0,8270.080,8273.600,8760.160,486.560,PASS,0
wm_S5_d1_q16m1_rep2,0,4,0,sm_89,D1_PUSHSIG_OVERLAP,NVSHMEM,C0_DEFAULT,4096,1024,4096,16,0,4194304,29,0,153.376,159.360,655.232,495.872,PASS,0
wm_S5_d1_q16m1_rep2,0,4,0,sm_89,D1_PUSHSIG_OVERLAP,NVSHMEM,C0_DEFAULT,4096,1024,4096,16,1,4194304,29,0,697.536,702.880,1199.136,496.256,PASS,0
wm_S5_d1_q16m1_rep2,0,4,0,sm_89,D1_PUSHSIG_OVERLAP,NVSHMEM,C0_DEFAULT,4096,1024,4096,16,2,4194304,29,0,1256.736,1270.944,1777.120,506.176,PASS,0
wm_S5_d1_q16m1_rep2,0,4,0,sm_89,D1_PUSHSIG_OVERLAP,NVSHMEM,C0_DEFAULT,4096,1024,4096,16,3,4194304,29,0,1817.536,1820.960,2313.408,492.448,PASS,0
wm_S5_d1_q16m1_rep2,0,4,0,sm_89,D1_PUSHSIG_OVERLAP,NVSHMEM,C0_DEFAULT,4096,1024,4096,16,4,4194304,29,0,2356.672,2360.128,2852.352,492.224,PASS,0
wm_S5_d1_q16m1_rep2,0,4,0,sm_89,D1_PUSHSIG_OVERLAP,NVSHMEM,C0_DEFAULT,4096,1024,4096,16,5,4194304,29,0,2901.568,2905.408,3404.992,499.584,PASS,0
wm_S5_d1_q16m1_rep2,0,4,0,sm_89,D1_PUSHSIG_OVERLAP,NVSHMEM,C0_DEFAULT,4096,1024,4096,16,6,4194304,29,0,3460.064,3471.104,3972.352,501.248,PASS,0
wm_S5_d1_q16m1_rep2,0,4,0,sm_89,D1_PUSHSIG_OVERLAP,NVSHMEM,C0_DEFAULT,4096,1024,4096,16,7,4194304,29,0,4024.384,4028.064,4526.784,498.720,PASS,0
wm_S5_d1_q16m1_rep2,0,4,0,sm_89,D1_PUSHSIG_OVERLAP,NVSHMEM,C0_DEFAULT,4096,1024,4096,16,8,4194304,29,0,4576.512,4588.768,5095.424,506.656,PASS,0
wm_S5_d1_q16m1_rep2,0,4,0,sm_89,D1_PUSHSIG_OVERLAP,NVSHMEM,C0_DEFAULT,4096,1024,4096,16,9,4194304,29,0,5136.224,5140.000,5632.064,492.064,PASS,0
wm_S5_d1_q16m1_rep2,0,4,0,sm_89,D1_PUSHSIG_OVERLAP,NVSHMEM,C0_DEFAULT,4096,1024,4096,16,10,4194304,29,0,5677.248,5685.088,6193.696,508.608,PASS,0
wm_S5_d1_q16m1_rep2,0,4,0,sm_89,D1_PUSHSIG_OVERLAP,NVSHMEM,C0_DEFAULT,4096,1024,4096,16,11,4194304,29,0,6246.368,6260.768,6766.720,505.952,PASS,0
wm_S5_d1_q16m1_rep2,0,4,0,sm_89,D1_PUSHSIG_OVERLAP,NVSHMEM,C0_DEFAULT,4096,1024,4096,16,12,4194304,29,0,6807.104,6810.656,7298.144,487.488,PASS,0
wm_S5_d1_q16m1_rep2,0,4,0,sm_89,D1_PUSHSIG_OVERLAP,NVSHMEM,C0_DEFAULT,4096,1024,4096,16,13,4194304,29,0,7323.872,7327.392,7814.048,486.656,PASS,0
wm_S5_d1_q16m1_rep2,0,4,0,sm_89,D1_PUSHSIG_OVERLAP,NVSHMEM,C0_DEFAULT,4096,1024,4096,16,14,4194304,29,0,7840.096,7843.744,8330.368,486.624,PASS,0
wm_S5_d1_q16m1_rep2,0,4,0,sm_89,D1_PUSHSIG_OVERLAP,NVSHMEM,C0_DEFAULT,4096,1024,4096,16,15,4194304,29,0,8355.488,8359.040,8845.761,486.720,PASS,0
wm_S5_d1_q16m1_rep2,0,4,0,sm_89,D1_PUSHSIG_OVERLAP,NVSHMEM,C0_DEFAULT,4096,1024,4096,16,0,4194304,30,0,164.736,171.456,666.944,495.488,PASS,0
wm_S5_d1_q16m1_rep2,0,4,0,sm_89,D1_PUSHSIG_OVERLAP,NVSHMEM,C0_DEFAULT,4096,1024,4096,16,1,4194304,30,0,713.696,717.600,1211.264,493.664,PASS,0
wm_S5_d1_q16m1_rep2,0,4,0,sm_89,D1_PUSHSIG_OVERLAP,NVSHMEM,C0_DEFAULT,4096,1024,4096,16,2,4194304,30,0,1261.408,1265.248,1758.496,493.248,PASS,0
wm_S5_d1_q16m1_rep2,0,4,0,sm_89,D1_PUSHSIG_OVERLAP,NVSHMEM,C0_DEFAULT,4096,1024,4096,16,3,4194304,30,0,1814.368,1818.016,2317.120,499.104,PASS,0
wm_S5_d1_q16m1_rep2,0,4,0,sm_89,D1_PUSHSIG_OVERLAP,NVSHMEM,C0_DEFAULT,4096,1024,4096,16,4,4194304,30,0,2360.448,2364.096,2855.072,490.976,PASS,0
wm_S5_d1_q16m1_rep2,0,4,0,sm_89,D1_PUSHSIG_OVERLAP,NVSHMEM,C0_DEFAULT,4096,1024,4096,16,5,4194304,30,0,2927.488,2931.936,3427.776,495.840,PASS,0
wm_S5_d1_q16m1_rep2,0,4,0,sm_89,D1_PUSHSIG_OVERLAP,NVSHMEM,C0_DEFAULT,4096,1024,4096,16,6,4194304,30,0,3492.448,3502.496,3998.560,496.064,PASS,0
wm_S5_d1_q16m1_rep2,0,4,0,sm_89,D1_PUSHSIG_OVERLAP,NVSHMEM,C0_DEFAULT,4096,1024,4096,16,7,4194304,30,0,4038.080,4042.016,4533.184,491.168,PASS,0
wm_S5_d1_q16m1_rep2,0,4,0,sm_89,D1_PUSHSIG_OVERLAP,NVSHMEM,C0_DEFAULT,4096,1024,4096,16,8,4194304,30,0,4575.744,4579.264,5076.320,497.056,PASS,0
wm_S5_d1_q16m1_rep2,0,4,0,sm_89,D1_PUSHSIG_OVERLAP,NVSHMEM,C0_DEFAULT,4096,1024,4096,16,9,4194304,30,0,5136.480,5140.384,5634.560,494.176,PASS,0
wm_S5_d1_q16m1_rep2,0,4,0,sm_89,D1_PUSHSIG_OVERLAP,NVSHMEM,C0_DEFAULT,4096,1024,4096,16,10,4194304,30,0,5680.608,5685.728,6179.648,493.920,PASS,0
wm_S5_d1_q16m1_rep2,0,4,0,sm_89,D1_PUSHSIG_OVERLAP,NVSHMEM,C0_DEFAULT,4096,1024,4096,16,11,4194304,30,0,6228.544,6238.976,6733.376,494.400,PASS,0
wm_S5_d1_q16m1_rep2,0,4,0,sm_89,D1_PUSHSIG_OVERLAP,NVSHMEM,C0_DEFAULT,4096,1024,4096,16,12,4194304,30,0,6772.544,6777.088,7272.864,495.776,PASS,0
wm_S5_d1_q16m1_rep2,0,4,0,sm_89,D1_PUSHSIG_OVERLAP,NVSHMEM,C0_DEFAULT,4096,1024,4096,16,13,4194304,30,0,7305.760,7309.280,7796.480,487.200,PASS,0
wm_S5_d1_q16m1_rep2,0,4,0,sm_89,D1_PUSHSIG_OVERLAP,NVSHMEM,C0_DEFAULT,4096,1024,4096,16,14,4194304,30,0,7837.056,7840.672,8327.937,487.264,PASS,0
wm_S5_d1_q16m1_rep2,0,4,0,sm_89,D1_PUSHSIG_OVERLAP,NVSHMEM,C0_DEFAULT,4096,1024,4096,16,15,4194304,30,0,8371.553,8374.977,8861.472,486.496,PASS,0
wm_S5_d1_q16m1_rep2,0,4,0,sm_89,D1_PUSHSIG_OVERLAP,NVSHMEM,C0_DEFAULT,4096,1024,4096,16,0,4194304,31,0,136.576,140.608,634.752,494.144,PASS,0
wm_S5_d1_q16m1_rep2,0,4,0,sm_89,D1_PUSHSIG_OVERLAP,NVSHMEM,C0_DEFAULT,4096,1024,4096,16,1,4194304,31,0,688.448,692.800,1186.112,493.312,PASS,0
wm_S5_d1_q16m1_rep2,0,4,0,sm_89,D1_PUSHSIG_OVERLAP,NVSHMEM,C0_DEFAULT,4096,1024,4096,16,2,4194304,31,0,1258.976,1262.688,1755.264,492.576,PASS,0
wm_S5_d1_q16m1_rep2,0,4,0,sm_89,D1_PUSHSIG_OVERLAP,NVSHMEM,C0_DEFAULT,4096,1024,4096,16,3,4194304,31,0,1803.200,1810.112,2311.232,501.120,PASS,0
wm_S5_d1_q16m1_rep2,0,4,0,sm_89,D1_PUSHSIG_OVERLAP,NVSHMEM,C0_DEFAULT,4096,1024,4096,16,4,4194304,31,0,2354.784,2358.208,2855.904,497.696,PASS,0
wm_S5_d1_q16m1_rep2,0,4,0,sm_89,D1_PUSHSIG_OVERLAP,NVSHMEM,C0_DEFAULT,4096,1024,4096,16,5,4194304,31,0,2905.760,2909.696,3403.488,493.792,PASS,0
wm_S5_d1_q16m1_rep2,0,4,0,sm_89,D1_PUSHSIG_OVERLAP,NVSHMEM,C0_DEFAULT,4096,1024,4096,16,6,4194304,31,0,3451.904,3461.216,3962.656,501.440,PASS,0
wm_S5_d1_q16m1_rep2,0,4,0,sm_89,D1_PUSHSIG_OVERLAP,NVSHMEM,C0_DEFAULT,4096,1024,4096,16,7,4194304,31,0,4003.968,4007.392,4502.752,495.360,PASS,0
wm_S5_d1_q16m1_rep2,0,4,0,sm_89,D1_PUSHSIG_OVERLAP,NVSHMEM,C0_DEFAULT,4096,1024,4096,16,8,4194304,31,0,4551.648,4561.888,5068.800,506.912,PASS,0
wm_S5_d1_q16m1_rep2,0,4,0,sm_89,D1_PUSHSIG_OVERLAP,NVSHMEM,C0_DEFAULT,4096,1024,4096,16,9,4194304,31,0,5107.264,5111.040,5605.792,494.752,PASS,0
wm_S5_d1_q16m1_rep2,0,4,0,sm_89,D1_PUSHSIG_OVERLAP,NVSHMEM,C0_DEFAULT,4096,1024,4096,16,10,4194304,31,0,5660.512,5671.552,6177.920,506.368,PASS,0
wm_S5_d1_q16m1_rep2,0,4,0,sm_89,D1_PUSHSIG_OVERLAP,NVSHMEM,C0_DEFAULT,4096,1024,4096,16,11,4194304,31,0,6229.024,6244.928,6747.424,502.496,PASS,0
wm_S5_d1_q16m1_rep2,0,4,0,sm_89,D1_PUSHSIG_OVERLAP,NVSHMEM,C0_DEFAULT,4096,1024,4096,16,12,4194304,31,0,6787.872,6791.360,7278.912,487.552,PASS,0
wm_S5_d1_q16m1_rep2,0,4,0,sm_89,D1_PUSHSIG_OVERLAP,NVSHMEM,C0_DEFAULT,4096,1024,4096,16,13,4194304,31,0,7304.032,7307.552,7794.048,486.496,PASS,0
wm_S5_d1_q16m1_rep2,0,4,0,sm_89,D1_PUSHSIG_OVERLAP,NVSHMEM,C0_DEFAULT,4096,1024,4096,16,14,4194304,31,0,7819.616,7823.104,8310.016,486.912,PASS,0
wm_S5_d1_q16m1_rep2,0,4,0,sm_89,D1_PUSHSIG_OVERLAP,NVSHMEM,C0_DEFAULT,4096,1024,4096,16,15,4194304,31,0,8335.137,8338.848,8825.504,486.656,PASS,0
wm_S5_d1_q16m1_rep2,0,4,0,sm_89,D1_PUSHSIG_OVERLAP,NVSHMEM,C0_DEFAULT,4096,1024,4096,16,0,4194304,32,0,151.616,158.432,655.744,497.312,PASS,0
wm_S5_d1_q16m1_rep2,0,4,0,sm_89,D1_PUSHSIG_OVERLAP,NVSHMEM,C0_DEFAULT,4096,1024,4096,16,1,4194304,32,0,698.528,702.784,1196.672,493.888,PASS,0
wm_S5_d1_q16m1_rep2,0,4,0,sm_89,D1_PUSHSIG_OVERLAP,NVSHMEM,C0_DEFAULT,4096,1024,4096,16,2,4194304,32,0,1234.592,1239.360,1745.600,506.240,PASS,0
wm_S5_d1_q16m1_rep2,0,4,0,sm_89,D1_PUSHSIG_OVERLAP,NVSHMEM,C0_DEFAULT,4096,1024,4096,16,3,4194304,32,0,1788.416,1792.960,2294.688,501.728,PASS,0
wm_S5_d1_q16m1_rep2,0,4,0,sm_89,D1_PUSHSIG_OVERLAP,NVSHMEM,C0_DEFAULT,4096,1024,4096,16,4,4194304,32,0,2338.528,2351.360,2852.512,501.152,PASS,0
wm_S5_d1_q16m1_rep2,0,4,0,sm_89,D1_PUSHSIG_OVERLAP,NVSHMEM,C0_DEFAULT,4096,1024,4096,16,5,4194304,32,0,2896.960,2900.672,3397.792,497.120,PASS,0
wm_S5_d1_q16m1_rep2,0,4,0,sm_89,D1_PUSHSIG_OVERLAP,NVSHMEM,C0_DEFAULT,4096,1024,4096,16,6,4194304,32,0,3447.808,3466.592,3964.608,498.016,PASS,0
wm_S5_d1_q16m1_rep2,0,4,0,sm_89,D1_PUSHSIG_OVERLAP,NVSHMEM,C0_DEFAULT,4096,1024,4096,16,7,4194304,32,0,4008.864,4012.320,4505.344,493.024,PASS,0
wm_S5_d1_q16m1_rep2,0,4,0,sm_89,D1_PUSHSIG_OVERLAP,NVSHMEM,C0_DEFAULT,4096,1024,4096,16,8,4194304,32,0,4547.136,4551.136,5047.776,496.640,PASS,0
wm_S5_d1_q16m1_rep2,0,4,0,sm_89,D1_PUSHSIG_OVERLAP,NVSHMEM,C0_DEFAULT,4096,1024,4096,16,9,4194304,32,0,5104.832,5118.848,5624.352,505.504,PASS,0
wm_S5_d1_q16m1_rep2,0,4,0,sm_89,D1_PUSHSIG_OVERLAP,NVSHMEM,C0_DEFAULT,4096,1024,4096,16,10,4194304,32,0,5664.960,5669.088,6165.376,496.288,PASS,0
wm_S5_d1_q16m1_rep2,0,4,0,sm_89,D1_PUSHSIG_OVERLAP,NVSHMEM,C0_DEFAULT,4096,1024,4096,16,11,4194304,32,0,6221.504,6233.504,6736.704,503.200,PASS,0
wm_S5_d1_q16m1_rep2,0,4,0,sm_89,D1_PUSHSIG_OVERLAP,NVSHMEM,C0_DEFAULT,4096,1024,4096,16,12,4194304,32,0,6782.112,6794.784,7282.144,487.360,PASS,0
wm_S5_d1_q16m1_rep2,0,4,0,sm_89,D1_PUSHSIG_OVERLAP,NVSHMEM,C0_DEFAULT,4096,1024,4096,16,13,4194304,32,0,7308.352,7312.320,7799.168,486.848,PASS,0
wm_S5_d1_q16m1_rep2,0,4,0,sm_89,D1_PUSHSIG_OVERLAP,NVSHMEM,C0_DEFAULT,4096,1024,4096,16,14,4194304,32,0,7825.088,7828.544,8315.488,486.944,PASS,0
wm_S5_d1_q16m1_rep2,0,4,0,sm_89,D1_PUSHSIG_OVERLAP,NVSHMEM,C0_DEFAULT,4096,1024,4096,16,15,4194304,32,0,8341.184,8344.640,8831.359,486.720,PASS,0
wm_S5_d1_q16m1_rep2,0,4,0,sm_89,D1_PUSHSIG_OVERLAP,NVSHMEM,C0_DEFAULT,4096,1024,4096,16,0,4194304,33,0,172.768,179.456,674.560,495.104,PASS,0
wm_S5_d1_q16m1_rep2,0,4,0,sm_89,D1_PUSHSIG_OVERLAP,NVSHMEM,C0_DEFAULT,4096,1024,4096,16,1,4194304,33,0,724.320,728.320,1229.760,501.440,PASS,0
wm_S5_d1_q16m1_rep2,0,4,0,sm_89,D1_PUSHSIG_OVERLAP,NVSHMEM,C0_DEFAULT,4096,1024,4096,16,2,4194304,33,0,1271.424,1275.072,1770.240,495.168,PASS,0
wm_S5_d1_q16m1_rep2,0,4,0,sm_89,D1_PUSHSIG_OVERLAP,NVSHMEM,C0_DEFAULT,4096,1024,4096,16,3,4194304,33,0,1813.312,1817.568,2311.008,493.440,PASS,0
wm_S5_d1_q16m1_rep2,0,4,0,sm_89,D1_PUSHSIG_OVERLAP,NVSHMEM,C0_DEFAULT,4096,1024,4096,16,4,4194304,33,0,2352.256,2356.704,2850.880,494.176,PASS,0
wm_S5_d1_q16m1_rep2,0,4,0,sm_89,D1_PUSHSIG_OVERLAP,NVSHMEM,C0_DEFAULT,4096,1024,4096,16,5,4194304,33,0,2913.056,2917.888,3410.432,492.544,PASS,0
wm_S5_d1_q16m1_rep2,0,4,0,sm_89,D1_PUSHSIG_OVERLAP,NVSHMEM,C0_DEFAULT,4096,1024,4096,16,6,4194304,33,0,3448.640,3452.096,3945.056,492.960,PASS,0
wm_S5_d1_q16m1_rep2,0,4,0,sm_89,D1_PUSHSIG_OVERLAP,NVSHMEM,C0_DEFAULT,4096,1024,4096,16,7,4194304,33,0,3991.328,3994.816,4494.624,499.808,PASS,0
wm_S5_d1_q16m1_rep2,0,4,0,sm_89,D1_PUSHSIG_OVERLAP,NVSHMEM,C0_DEFAULT,4096,1024,4096,16,8,4194304,33,0,4550.016,4554.208,5051.136,496.928,PASS,0
wm_S5_d1_q16m1_rep2,0,4,0,sm_89,D1_PUSHSIG_OVERLAP,NVSHMEM,C0_DEFAULT,4096,1024,4096,16,9,4194304,33,0,5094.816,5105.568,5603.360,497.792,PASS,0
wm_S5_d1_q16m1_rep2,0,4,0,sm_89,D1_PUSHSIG_OVERLAP,NVSHMEM,C0_DEFAULT,4096,1024,4096,16,10,4194304,33,0,5642.720,5646.112,6137.024,490.912,PASS,0
wm_S5_d1_q16m1_rep2,0,4,0,sm_89,D1_PUSHSIG_OVERLAP,NVSHMEM,C0_DEFAULT,4096,1024,4096,16,11,4194304,33,0,6192.480,6195.936,6688.256,492.320,PASS,0
wm_S5_d1_q16m1_rep2,0,4,0,sm_89,D1_PUSHSIG_OVERLAP,NVSHMEM,C0_DEFAULT,4096,1024,4096,16,12,4194304,33,0,6734.336,6737.792,7228.736,490.944,PASS,0
wm_S5_d1_q16m1_rep2,0,4,0,sm_89,D1_PUSHSIG_OVERLAP,NVSHMEM,C0_DEFAULT,4096,1024,4096,16,13,4194304,33,0,7275.456,7278.976,7765.440,486.464,PASS,0
wm_S5_d1_q16m1_rep2,0,4,0,sm_89,D1_PUSHSIG_OVERLAP,NVSHMEM,C0_DEFAULT,4096,1024,4096,16,14,4194304,33,0,7790.816,7794.336,8281.279,486.944,PASS,0
wm_S5_d1_q16m1_rep2,0,4,0,sm_89,D1_PUSHSIG_OVERLAP,NVSHMEM,C0_DEFAULT,4096,1024,4096,16,15,4194304,33,0,8306.432,8309.920,8796.832,486.912,PASS,0
wm_S5_d1_q16m1_rep2,0,4,0,sm_89,D1_PUSHSIG_OVERLAP,NVSHMEM,C0_DEFAULT,4096,1024,4096,16,0,4194304,34,0,166.656,173.280,668.192,494.912,PASS,0
wm_S5_d1_q16m1_rep2,0,4,0,sm_89,D1_PUSHSIG_OVERLAP,NVSHMEM,C0_DEFAULT,4096,1024,4096,16,1,4194304,34,0,715.296,730.880,1237.984,507.104,PASS,0
wm_S5_d1_q16m1_rep2,0,4,0,sm_89,D1_PUSHSIG_OVERLAP,NVSHMEM,C0_DEFAULT,4096,1024,4096,16,2,4194304,34,0,1283.712,1287.392,1791.808,504.416,PASS,0
wm_S5_d1_q16m1_rep2,0,4,0,sm_89,D1_PUSHSIG_OVERLAP,NVSHMEM,C0_DEFAULT,4096,1024,4096,16,3,4194304,34,0,1837.536,1840.960,2331.904,490.944,PASS,0
wm_S5_d1_q16m1_rep2,0,4,0,sm_89,D1_PUSHSIG_OVERLAP,NVSHMEM,C0_DEFAULT,4096,1024,4096,16,4,4194304,34,0,2384.960,2388.480,2880.064,491.584,PASS,0
wm_S5_d1_q16m1_rep2,0,4,0,sm_89,D1_PUSHSIG_OVERLAP,NVSHMEM,C0_DEFAULT,4096,1024,4096,16,5,4194304,34,0,2923.840,2928.000,3422.816,494.816,PASS,0
wm_S5_d1_q16m1_rep2,0,4,0,sm_89,D1_PUSHSIG_OVERLAP,NVSHMEM,C0_DEFAULT,4096,1024,4096,16,6,4194304,34,0,3474.016,3477.568,3971.104,493.536,PASS,0
wm_S5_d1_q16m1_rep2,0,4,0,sm_89,D1_PUSHSIG_OVERLAP,NVSHMEM,C0_DEFAULT,4096,1024,4096,16,7,4194304,34,0,4011.936,4015.584,4508.672,493.088,PASS,0
wm_S5_d1_q16m1_rep2,0,4,0,sm_89,D1_PUSHSIG_OVERLAP,NVSHMEM,C0_DEFAULT,4096,1024,4096,16,8,4194304,34,0,4562.016,4565.536,5058.816,493.280,PASS,0
wm_S5_d1_q16m1_rep2,0,4,0,sm_89,D1_PUSHSIG_OVERLAP,NVSHMEM,C0_DEFAULT,4096,1024,4096,16,9,4194304,34,0,5115.552,5119.552,5612.160,492.608,PASS,0
wm_S5_d1_q16m1_rep2,0,4,0,sm_89,D1_PUSHSIG_OVERLAP,NVSHMEM,C0_DEFAULT,4096,1024,4096,16,10,4194304,34,0,5657.472,5661.120,6151.840,490.720,PASS,0
wm_S5_d1_q16m1_rep2,0,4,0,sm_89,D1_PUSHSIG_OVERLAP,NVSHMEM,C0_DEFAULT,4096,1024,4096,16,11,4194304,34,0,6195.776,6199.296,6696.000,496.704,PASS,0
wm_S5_d1_q16m1_rep2,0,4,0,sm_89,D1_PUSHSIG_OVERLAP,NVSHMEM,C0_DEFAULT,4096,1024,4096,16,12,4194304,34,0,6740.032,6746.496,7234.144,487.648,PASS,0
wm_S5_d1_q16m1_rep2,0,4,0,sm_89,D1_PUSHSIG_OVERLAP,NVSHMEM,C0_DEFAULT,4096,1024,4096,16,13,4194304,34,0,7259.648,7263.456,7749.792,486.336,PASS,0
wm_S5_d1_q16m1_rep2,0,4,0,sm_89,D1_PUSHSIG_OVERLAP,NVSHMEM,C0_DEFAULT,4096,1024,4096,16,14,4194304,34,0,7775.200,7778.688,8265.761,487.072,PASS,0
wm_S5_d1_q16m1_rep2,0,4,0,sm_89,D1_PUSHSIG_OVERLAP,NVSHMEM,C0_DEFAULT,4096,1024,4096,16,15,4194304,34,0,8294.561,8298.048,8785.120,487.072,PASS,0
wm_S5_d1_q16m1_rep2,0,4,0,sm_89,D1_PUSHSIG_OVERLAP,NVSHMEM,C0_DEFAULT,4096,1024,4096,16,0,4194304,35,0,151.648,157.856,653.792,495.936,PASS,0
wm_S5_d1_q16m1_rep2,0,4,0,sm_89,D1_PUSHSIG_OVERLAP,NVSHMEM,C0_DEFAULT,4096,1024,4096,16,1,4194304,35,0,727.424,743.904,1238.400,494.496,PASS,0
wm_S5_d1_q16m1_rep2,0,4,0,sm_89,D1_PUSHSIG_OVERLAP,NVSHMEM,C0_DEFAULT,4096,1024,4096,16,2,4194304,35,0,1279.904,1292.416,1788.864,496.448,PASS,0
wm_S5_d1_q16m1_rep2,0,4,0,sm_89,D1_PUSHSIG_OVERLAP,NVSHMEM,C0_DEFAULT,4096,1024,4096,16,3,4194304,35,0,1837.632,1848.608,2349.152,500.544,PASS,0
wm_S5_d1_q16m1_rep2,0,4,0,sm_89,D1_PUSHSIG_OVERLAP,NVSHMEM,C0_DEFAULT,4096,1024,4096,16,4,4194304,35,0,2397.056,2400.544,2892.736,492.192,PASS,0
wm_S5_d1_q16m1_rep2,0,4,0,sm_89,D1_PUSHSIG_OVERLAP,NVSHMEM,C0_DEFAULT,4096,1024,4096,16,5,4194304,35,0,2944.288,2948.480,3440.480,492.000,PASS,0
wm_S5_d1_q16m1_rep2,0,4,0,sm_89,D1_PUSHSIG_OVERLAP,NVSHMEM,C0_DEFAULT,4096,1024,4096,16,6,4194304,35,0,3487.392,3497.920,3995.840,497.920,PASS,0
wm_S5_d1_q16m1_rep2,0,4,0,sm_89,D1_PUSHSIG_OVERLAP,NVSHMEM,C0_DEFAULT,4096,1024,4096,16,7,4194304,35,0,4039.584,4043.040,4535.552,492.512,PASS,0
wm_S5_d1_q16m1_rep2,0,4,0,sm_89,D1_PUSHSIG_OVERLAP,NVSHMEM,C0_DEFAULT,4096,1024,4096,16,8,4194304,35,0,4585.056,4588.992,5083.264,494.272,PASS,0
wm_S5_d1_q16m1_rep2,0,4,0,sm_89,D1_PUSHSIG_OVERLAP,NVSHMEM,C0_DEFAULT,4096,1024,4096,16,9,4194304,35,0,5127.328,5133.120,5626.752,493.632,PASS,0
wm_S5_d1_q16m1_rep2,0,4,0,sm_89,D1_PUSHSIG_OVERLAP,NVSHMEM,C0_DEFAULT,4096,1024,4096,16,10,4194304,35,0,5672.704,5677.280,6171.392,494.112,PASS,0
wm_S5_d1_q16m1_rep2,0,4,0,sm_89,D1_PUSHSIG_OVERLAP,NVSHMEM,C0_DEFAULT,4096,1024,4096,16,11,4194304,35,0,6220.096,6223.520,6713.824,490.304,PASS,0
wm_S5_d1_q16m1_rep2,0,4,0,sm_89,D1_PUSHSIG_OVERLAP,NVSHMEM,C0_DEFAULT,4096,1024,4096,16,12,4194304,35,0,6758.304,6771.264,7277.280,506.016,PASS,0
wm_S5_d1_q16m1_rep2,0,4,0,sm_89,D1_PUSHSIG_OVERLAP,NVSHMEM,C0_DEFAULT,4096,1024,4096,16,13,4194304,35,0,7333.856,7342.688,7834.496,491.808,PASS,0
wm_S5_d1_q16m1_rep2,0,4,0,sm_89,D1_PUSHSIG_OVERLAP,NVSHMEM,C0_DEFAULT,4096,1024,4096,16,14,4194304,35,0,7860.128,7863.712,8350.880,487.168,PASS,0
wm_S5_d1_q16m1_rep2,0,4,0,sm_89,D1_PUSHSIG_OVERLAP,NVSHMEM,C0_DEFAULT,4096,1024,4096,16,15,4194304,35,0,8376.256,8379.776,8866.656,486.880,PASS,0
wm_S5_d1_q16m1_rep2,0,4,0,sm_89,D1_PUSHSIG_OVERLAP,NVSHMEM,C0_DEFAULT,4096,1024,4096,16,0,4194304,36,0,156.512,160.832,654.912,494.080,PASS,0
wm_S5_d1_q16m1_rep2,0,4,0,sm_89,D1_PUSHSIG_OVERLAP,NVSHMEM,C0_DEFAULT,4096,1024,4096,16,1,4194304,36,0,700.352,703.968,1194.272,490.304,PASS,0
wm_S5_d1_q16m1_rep2,0,4,0,sm_89,D1_PUSHSIG_OVERLAP,NVSHMEM,C0_DEFAULT,4096,1024,4096,16,2,4194304,36,0,1265.760,1277.760,1784.224,506.464,PASS,0
wm_S5_d1_q16m1_rep2,0,4,0,sm_89,D1_PUSHSIG_OVERLAP,NVSHMEM,C0_DEFAULT,4096,1024,4096,16,3,4194304,36,0,1819.776,1825.024,2316.096,491.072,PASS,0
wm_S5_d1_q16m1_rep2,0,4,0,sm_89,D1_PUSHSIG_OVERLAP,NVSHMEM,C0_DEFAULT,4096,1024,4096,16,4,4194304,36,0,2361.408,2364.864,2858.432,493.568,PASS,0
wm_S5_d1_q16m1_rep2,0,4,0,sm_89,D1_PUSHSIG_OVERLAP,NVSHMEM,C0_DEFAULT,4096,1024,4096,16,5,4194304,36,0,2904.608,2908.576,3400.128,491.552,PASS,0
wm_S5_d1_q16m1_rep2,0,4,0,sm_89,D1_PUSHSIG_OVERLAP,NVSHMEM,C0_DEFAULT,4096,1024,4096,16,6,4194304,36,0,3452.704,3456.768,3952.096,495.328,PASS,0
wm_S5_d1_q16m1_rep2,0,4,0,sm_89,D1_PUSHSIG_OVERLAP,NVSHMEM,C0_DEFAULT,4096,1024,4096,16,7,4194304,36,0,3999.040,4003.072,4493.888,490.816,PASS,0
wm_S5_d1_q16m1_rep2,0,4,0,sm_89,D1_PUSHSIG_OVERLAP,NVSHMEM,C0_DEFAULT,4096,1024,4096,16,8,4194304,36,0,4539.680,4543.328,5037.664,494.336,PASS,0
wm_S5_d1_q16m1_rep2,0,4,0,sm_89,D1_PUSHSIG_OVERLAP,NVSHMEM,C0_DEFAULT,4096,1024,4096,16,9,4194304,36,0,5084.576,5088.896,5583.232,494.336,PASS,0
wm_S5_d1_q16m1_rep2,0,4,0,sm_89,D1_PUSHSIG_OVERLAP,NVSHMEM,C0_DEFAULT,4096,1024,4096,16,10,4194304,36,0,5631.488,5644.224,6145.024,500.800,PASS,0
wm_S5_d1_q16m1_rep2,0,4,0,sm_89,D1_PUSHSIG_OVERLAP,NVSHMEM,C0_DEFAULT,4096,1024,4096,16,11,4194304,36,0,6197.856,6209.184,6712.416,503.232,PASS,0
wm_S5_d1_q16m1_rep2,0,4,0,sm_89,D1_PUSHSIG_OVERLAP,NVSHMEM,C0_DEFAULT,4096,1024,4096,16,12,4194304,36,0,6758.528,6769.920,7270.016,500.096,PASS,0
wm_S5_d1_q16m1_rep2,0,4,0,sm_89,D1_PUSHSIG_OVERLAP,NVSHMEM,C0_DEFAULT,4096,1024,4096,16,13,4194304,36,0,7315.904,7319.360,7805.760,486.400,PASS,0
wm_S5_d1_q16m1_rep2,0,4,0,sm_89,D1_PUSHSIG_OVERLAP,NVSHMEM,C0_DEFAULT,4096,1024,4096,16,14,4194304,36,0,7833.344,7837.024,8323.520,486.496,PASS,0
wm_S5_d1_q16m1_rep2,0,4,0,sm_89,D1_PUSHSIG_OVERLAP,NVSHMEM,C0_DEFAULT,4096,1024,4096,16,15,4194304,36,0,8348.960,8352.479,8839.136,486.656,PASS,0
wm_S5_d1_q16m1_rep2,0,4,0,sm_89,D1_PUSHSIG_OVERLAP,NVSHMEM,C0_DEFAULT,4096,1024,4096,16,0,4194304,37,0,149.504,155.488,652.128,496.640,PASS,0
wm_S5_d1_q16m1_rep2,0,4,0,sm_89,D1_PUSHSIG_OVERLAP,NVSHMEM,C0_DEFAULT,4096,1024,4096,16,1,4194304,37,0,700.704,712.000,1218.624,506.624,PASS,0
wm_S5_d1_q16m1_rep2,0,4,0,sm_89,D1_PUSHSIG_OVERLAP,NVSHMEM,C0_DEFAULT,4096,1024,4096,16,2,4194304,37,0,1264.544,1273.152,1766.304,493.152,PASS,0
wm_S5_d1_q16m1_rep2,0,4,0,sm_89,D1_PUSHSIG_OVERLAP,NVSHMEM,C0_DEFAULT,4096,1024,4096,16,3,4194304,37,0,1806.304,1809.984,2300.896,490.912,PASS,0
wm_S5_d1_q16m1_rep2,0,4,0,sm_89,D1_PUSHSIG_OVERLAP,NVSHMEM,C0_DEFAULT,4096,1024,4096,16,4,4194304,37,0,2360.544,2375.264,2882.816,507.552,PASS,0
wm_S5_d1_q16m1_rep2,0,4,0,sm_89,D1_PUSHSIG_OVERLAP,NVSHMEM,C0_DEFAULT,4096,1024,4096,16,5,4194304,37,0,2944.608,2948.288,3442.240,493.952,PASS,0
wm_S5_d1_q16m1_rep2,0,4,0,sm_89,D1_PUSHSIG_OVERLAP,NVSHMEM,C0_DEFAULT,4096,1024,4096,16,6,4194304,37,0,3489.600,3493.344,3986.464,493.120,PASS,0
wm_S5_d1_q16m1_rep2,0,4,0,sm_89,D1_PUSHSIG_OVERLAP,NVSHMEM,C0_DEFAULT,4096,1024,4096,16,7,4194304,37,0,4036.416,4040.736,4534.240,493.504,PASS,0
wm_S5_d1_q16m1_rep2,0,4,0,sm_89,D1_PUSHSIG_OVERLAP,NVSHMEM,C0_DEFAULT,4096,1024,4096,16,8,4194304,37,0,4574.080,4578.240,5071.328,493.088,PASS,0
wm_S5_d1_q16m1_rep2,0,4,0,sm_89,D1_PUSHSIG_OVERLAP,NVSHMEM,C0_DEFAULT,4096,1024,4096,16,9,4194304,37,0,5112.608,5116.064,5617.696,501.632,PASS,0
wm_S5_d1_q16m1_rep2,0,4,0,sm_89,D1_PUSHSIG_OVERLAP,NVSHMEM,C0_DEFAULT,4096,1024,4096,16,10,4194304,37,0,5662.656,5667.008,6158.304,491.296,PASS,0
wm_S5_d1_q16m1_rep2,0,4,0,sm_89,D1_PUSHSIG_OVERLAP,NVSHMEM,C0_DEFAULT,4096,1024,4096,16,11,4194304,37,0,6200.160,6207.136,6701.920,494.784,PASS,0
wm_S5_d1_q16m1_rep2,0,4,0,sm_89,D1_PUSHSIG_OVERLAP,NVSHMEM,C0_DEFAULT,4096,1024,4096,16,12,4194304,37,0,6748.736,6752.192,7238.560,486.368,PASS,0
wm_S5_d1_q16m1_rep2,0,4,0,sm_89,D1_PUSHSIG_OVERLAP,NVSHMEM,C0_DEFAULT,4096,1024,4096,16,13,4194304,37,0,7264.288,7267.904,7756.960,489.056,PASS,0
wm_S5_d1_q16m1_rep2,0,4,0,sm_89,D1_PUSHSIG_OVERLAP,NVSHMEM,C0_DEFAULT,4096,1024,4096,16,14,4194304,37,0,7782.848,7786.560,8273.984,487.424,PASS,0
wm_S5_d1_q16m1_rep2,0,4,0,sm_89,D1_PUSHSIG_OVERLAP,NVSHMEM,C0_DEFAULT,4096,1024,4096,16,15,4194304,37,0,8299.360,8302.848,8789.664,486.816,PASS,0
wm_S5_d1_q16m1_rep2,0,4,0,sm_89,D1_PUSHSIG_OVERLAP,NVSHMEM,C0_DEFAULT,4096,1024,4096,16,0,4194304,38,0,154.624,160.608,655.776,495.168,PASS,0
wm_S5_d1_q16m1_rep2,0,4,0,sm_89,D1_PUSHSIG_OVERLAP,NVSHMEM,C0_DEFAULT,4096,1024,4096,16,1,4194304,38,0,700.288,703.840,1195.776,491.936,PASS,0
wm_S5_d1_q16m1_rep2,0,4,0,sm_89,D1_PUSHSIG_OVERLAP,NVSHMEM,C0_DEFAULT,4096,1024,4096,16,2,4194304,38,0,1239.680,1243.360,1736.736,493.376,PASS,0
wm_S5_d1_q16m1_rep2,0,4,0,sm_89,D1_PUSHSIG_OVERLAP,NVSHMEM,C0_DEFAULT,4096,1024,4096,16,3,4194304,38,0,1785.344,1788.992,2280.672,491.680,PASS,0
wm_S5_d1_q16m1_rep2,0,4,0,sm_89,D1_PUSHSIG_OVERLAP,NVSHMEM,C0_DEFAULT,4096,1024,4096,16,4,4194304,38,0,2324.384,2327.904,2820.928,493.024,PASS,0
wm_S5_d1_q16m1_rep2,0,4,0,sm_89,D1_PUSHSIG_OVERLAP,NVSHMEM,C0_DEFAULT,4096,1024,4096,16,5,4194304,38,0,2865.280,2868.800,3362.784,493.984,PASS,0
wm_S5_d1_q16m1_rep2,0,4,0,sm_89,D1_PUSHSIG_OVERLAP,NVSHMEM,C0_DEFAULT,4096,1024,4096,16,6,4194304,38,0,3409.376,3412.864,3912.384,499.520,PASS,0
wm_S5_d1_q16m1_rep2,0,4,0,sm_89,D1_PUSHSIG_OVERLAP,NVSHMEM,C0_DEFAULT,4096,1024,4096,16,7,4194304,38,0,3956.032,3968.256,4470.912,502.656,PASS,0
wm_S5_d1_q16m1_rep2,0,4,0,sm_89,D1_PUSHSIG_OVERLAP,NVSHMEM,C0_DEFAULT,4096,1024,4096,16,8,4194304,38,0,4524.256,4528.160,5030.944,502.784,PASS,0
wm_S5_d1_q16m1_rep2,0,4,0,sm_89,D1_PUSHSIG_OVERLAP,NVSHMEM,C0_DEFAULT,4096,1024,4096,16,9,4194304,38,0,5078.240,5087.840,5585.152,497.312,PASS,0
wm_S5_d1_q16m1_rep2,0,4,0,sm_89,D1_PUSHSIG_OVERLAP,NVSHMEM,C0_DEFAULT,4096,1024,4096,16,10,4194304,38,0,5632.672,5644.384,6148.576,504.192,PASS,0
wm_S5_d1_q16m1_rep2,0,4,0,sm_89,D1_PUSHSIG_OVERLAP,NVSHMEM,C0_DEFAULT,4096,1024,4096,16,11,4194304,38,0,6191.392,6203.040,6705.792,502.752,PASS,0
wm_S5_d1_q16m1_rep2,0,4,0,sm_89,D1_PUSHSIG_OVERLAP,NVSHMEM,C0_DEFAULT,4096,1024,4096,16,12,4194304,38,0,6750.336,6768.096,7269.504,501.408,PASS,0
wm_S5_d1_q16m1_rep2,0,4,0,sm_89,D1_PUSHSIG_OVERLAP,NVSHMEM,C0_DEFAULT,4096,1024,4096,16,13,4194304,38,0,7312.000,7315.392,7809.696,494.304,PASS,0
wm_S5_d1_q16m1_rep2,0,4,0,sm_89,D1_PUSHSIG_OVERLAP,NVSHMEM,C0_DEFAULT,4096,1024,4096,16,14,4194304,38,0,7845.728,7849.152,8335.904,486.752,PASS,0
wm_S5_d1_q16m1_rep2,0,4,0,sm_89,D1_PUSHSIG_OVERLAP,NVSHMEM,C0_DEFAULT,4096,1024,4096,16,15,4194304,38,0,8361.151,8364.641,8851.200,486.560,PASS,0
wm_S5_d1_q16m1_rep2,0,4,0,sm_89,D1_PUSHSIG_OVERLAP,NVSHMEM,C0_DEFAULT,4096,1024,4096,16,0,4194304,39,0,170.368,176.960,672.256,495.296,PASS,0
wm_S5_d1_q16m1_rep2,0,4,0,sm_89,D1_PUSHSIG_OVERLAP,NVSHMEM,C0_DEFAULT,4096,1024,4096,16,1,4194304,39,0,746.528,763.104,1273.312,510.208,PASS,0
wm_S5_d1_q16m1_rep2,0,4,0,sm_89,D1_PUSHSIG_OVERLAP,NVSHMEM,C0_DEFAULT,4096,1024,4096,16,2,4194304,39,0,1319.616,1323.616,1822.592,498.976,PASS,0
wm_S5_d1_q16m1_rep2,0,4,0,sm_89,D1_PUSHSIG_OVERLAP,NVSHMEM,C0_DEFAULT,4096,1024,4096,16,3,4194304,39,0,1866.912,1870.400,2368.384,497.984,PASS,0
wm_S5_d1_q16m1_rep2,0,4,0,sm_89,D1_PUSHSIG_OVERLAP,NVSHMEM,C0_DEFAULT,4096,1024,4096,16,4,4194304,39,0,2411.872,2415.968,2920.000,504.032,PASS,0
wm_S5_d1_q16m1_rep2,0,4,0,sm_89,D1_PUSHSIG_OVERLAP,NVSHMEM,C0_DEFAULT,4096,1024,4096,16,5,4194304,39,0,2977.184,2988.448,3494.048,505.600,PASS,0
wm_S5_d1_q16m1_rep2,0,4,0,sm_89,D1_PUSHSIG_OVERLAP,NVSHMEM,C0_DEFAULT,4096,1024,4096,16,6,4194304,39,0,3536.544,3543.552,4045.120,501.568,PASS,0
wm_S5_d1_q16m1_rep2,0,4,0,sm_89,D1_PUSHSIG_OVERLAP,NVSHMEM,C0_DEFAULT,4096,1024,4096,16,7,4194304,39,0,4087.264,4090.752,4592.512,501.760,PASS,0
wm_S5_d1_q16m1_rep2,0,4,0,sm_89,D1_PUSHSIG_OVERLAP,NVSHMEM,C0_DEFAULT,4096,1024,4096,16,8,4194304,39,0,4640.768,4653.024,5169.984,516.960,PASS,0
wm_S5_d1_q16m1_rep2,0,4,0,sm_89,D1_PUSHSIG_OVERLAP,NVSHMEM,C0_DEFAULT,4096,1024,4096,16,9,4194304,39,0,5220.224,5231.040,5732.960,501.920,PASS,0
wm_S5_d1_q16m1_rep2,0,4,0,sm_89,D1_PUSHSIG_OVERLAP,NVSHMEM,C0_DEFAULT,4096,1024,4096,16,10,4194304,39,0,5773.728,5777.440,6284.256,506.816,PASS,0
wm_S5_d1_q16m1_rep2,0,4,0,sm_89,D1_PUSHSIG_OVERLAP,NVSHMEM,C0_DEFAULT,4096,1024,4096,16,11,4194304,39,0,6342.848,6349.728,6855.904,506.176,PASS,0
wm_S5_d1_q16m1_rep2,0,4,0,sm_89,D1_PUSHSIG_OVERLAP,NVSHMEM,C0_DEFAULT,4096,1024,4096,16,12,4194304,39,0,6900.512,6904.032,7406.784,502.752,PASS,0
wm_S5_d1_q16m1_rep2,0,4,0,sm_89,D1_PUSHSIG_OVERLAP,NVSHMEM,C0_DEFAULT,4096,1024,4096,16,13,4194304,39,0,7471.168,7482.848,7984.480,501.632,PASS,0
wm_S5_d1_q16m1_rep2,0,4,0,sm_89,D1_PUSHSIG_OVERLAP,NVSHMEM,C0_DEFAULT,4096,1024,4096,16,14,4194304,39,0,8009.760,8013.408,8505.536,492.128,PASS,0
wm_S5_d1_q16m1_rep2,0,4,0,sm_89,D1_PUSHSIG_OVERLAP,NVSHMEM,C0_DEFAULT,4096,1024,4096,16,15,4194304,39,0,8530.912,8534.433,9025.664,491.232,PASS,0
wm_S5_d1_q16m1_rep2,0,4,0,sm_89,D1_PUSHSIG_OVERLAP,NVSHMEM,C0_DEFAULT,4096,1024,4096,16,0,4194304,40,0,144.288,148.256,648.288,500.032,PASS,0
wm_S5_d1_q16m1_rep2,0,4,0,sm_89,D1_PUSHSIG_OVERLAP,NVSHMEM,C0_DEFAULT,4096,1024,4096,16,1,4194304,40,0,693.504,697.184,1195.904,498.720,PASS,0
wm_S5_d1_q16m1_rep2,0,4,0,sm_89,D1_PUSHSIG_OVERLAP,NVSHMEM,C0_DEFAULT,4096,1024,4096,16,2,4194304,40,0,1239.072,1242.560,1740.288,497.728,PASS,0
wm_S5_d1_q16m1_rep2,0,4,0,sm_89,D1_PUSHSIG_OVERLAP,NVSHMEM,C0_DEFAULT,4096,1024,4096,16,3,4194304,40,0,1784.032,1787.712,2285.600,497.888,PASS,0
wm_S5_d1_q16m1_rep2,0,4,0,sm_89,D1_PUSHSIG_OVERLAP,NVSHMEM,C0_DEFAULT,4096,1024,4096,16,4,4194304,40,0,2333.856,2337.312,2835.552,498.240,PASS,0
wm_S5_d1_q16m1_rep2,0,4,0,sm_89,D1_PUSHSIG_OVERLAP,NVSHMEM,C0_DEFAULT,4096,1024,4096,16,5,4194304,40,0,2894.816,2898.944,3396.864,497.920,PASS,0
wm_S5_d1_q16m1_rep2,0,4,0,sm_89,D1_PUSHSIG_OVERLAP,NVSHMEM,C0_DEFAULT,4096,1024,4096,16,6,4194304,40,0,3446.432,3450.016,3947.968,497.952,PASS,0
wm_S5_d1_q16m1_rep2,0,4,0,sm_89,D1_PUSHSIG_OVERLAP,NVSHMEM,C0_DEFAULT,4096,1024,4096,16,7,4194304,40,0,3997.888,4002.688,4508.384,505.696,PASS,0
wm_S5_d1_q16m1_rep2,0,4,0,sm_89,D1_PUSHSIG_OVERLAP,NVSHMEM,C0_DEFAULT,4096,1024,4096,16,8,4194304,40,0,4550.528,4559.200,5056.224,497.024,PASS,0
wm_S5_d1_q16m1_rep2,0,4,0,sm_89,D1_PUSHSIG_OVERLAP,NVSHMEM,C0_DEFAULT,4096,1024,4096,16,9,4194304,40,0,5104.736,5117.792,5617.664,499.872,PASS,0
wm_S5_d1_q16m1_rep2,0,4,0,sm_89,D1_PUSHSIG_OVERLAP,NVSHMEM,C0_DEFAULT,4096,1024,4096,16,10,4194304,40,0,5661.184,5664.672,6168.032,503.360,PASS,0
wm_S5_d1_q16m1_rep2,0,4,0,sm_89,D1_PUSHSIG_OVERLAP,NVSHMEM,C0_DEFAULT,4096,1024,4096,16,11,4194304,40,0,6217.216,6220.736,6721.056,500.320,PASS,0
wm_S5_d1_q16m1_rep2,0,4,0,sm_89,D1_PUSHSIG_OVERLAP,NVSHMEM,C0_DEFAULT,4096,1024,4096,16,12,4194304,40,0,6764.256,6770.656,7270.048,499.392,PASS,0
wm_S5_d1_q16m1_rep2,0,4,0,sm_89,D1_PUSHSIG_OVERLAP,NVSHMEM,C0_DEFAULT,4096,1024,4096,16,13,4194304,40,0,7296.032,7299.808,7791.168,491.360,PASS,0
wm_S5_d1_q16m1_rep2,0,4,0,sm_89,D1_PUSHSIG_OVERLAP,NVSHMEM,C0_DEFAULT,4096,1024,4096,16,14,4194304,40,0,7816.800,7820.352,8312.032,491.680,PASS,0
wm_S5_d1_q16m1_rep2,0,4,0,sm_89,D1_PUSHSIG_OVERLAP,NVSHMEM,C0_DEFAULT,4096,1024,4096,16,15,4194304,40,0,8337.951,8341.472,8832.703,491.232,PASS,0
wm_S5_d1_q16m1_rep2,0,4,0,sm_89,D1_PUSHSIG_OVERLAP,NVSHMEM,C0_DEFAULT,4096,1024,4096,16,0,4194304,41,0,149.440,153.216,651.680,498.464,PASS,0
wm_S5_d1_q16m1_rep2,0,4,0,sm_89,D1_PUSHSIG_OVERLAP,NVSHMEM,C0_DEFAULT,4096,1024,4096,16,1,4194304,41,0,707.264,711.584,1207.680,496.096,PASS,0
wm_S5_d1_q16m1_rep2,0,4,0,sm_89,D1_PUSHSIG_OVERLAP,NVSHMEM,C0_DEFAULT,4096,1024,4096,16,2,4194304,41,0,1270.688,1280.896,1788.256,507.360,PASS,0
wm_S5_d1_q16m1_rep2,0,4,0,sm_89,D1_PUSHSIG_OVERLAP,NVSHMEM,C0_DEFAULT,4096,1024,4096,16,3,4194304,41,0,1833.056,1836.544,2333.024,496.480,PASS,0
wm_S5_d1_q16m1_rep2,0,4,0,sm_89,D1_PUSHSIG_OVERLAP,NVSHMEM,C0_DEFAULT,4096,1024,4096,16,4,4194304,41,0,2383.264,2387.488,2888.832,501.344,PASS,0
wm_S5_d1_q16m1_rep2,0,4,0,sm_89,D1_PUSHSIG_OVERLAP,NVSHMEM,C0_DEFAULT,4096,1024,4096,16,5,4194304,41,0,2935.968,2939.936,3436.352,496.416,PASS,0
wm_S5_d1_q16m1_rep2,0,4,0,sm_89,D1_PUSHSIG_OVERLAP,NVSHMEM,C0_DEFAULT,4096,1024,4096,16,6,4194304,41,0,3492.544,3497.024,3995.424,498.400,PASS,0
wm_S5_d1_q16m1_rep2,0,4,0,sm_89,D1_PUSHSIG_OVERLAP,NVSHMEM,C0_DEFAULT,4096,1024,4096,16,7,4194304,41,0,4040.352,4043.776,4539.296,495.520,PASS,0
wm_S5_d1_q16m1_rep2,0,4,0,sm_89,D1_PUSHSIG_OVERLAP,NVSHMEM,C0_DEFAULT,4096,1024,4096,16,8,4194304,41,0,4583.296,4586.752,5085.024,498.272,PASS,0
wm_S5_d1_q16m1_rep2,0,4,0,sm_89,D1_PUSHSIG_OVERLAP,NVSHMEM,C0_DEFAULT,4096,1024,4096,16,9,4194304,41,0,5127.360,5131.168,5628.160,496.992,PASS,0
wm_S5_d1_q16m1_rep2,0,4,0,sm_89,D1_PUSHSIG_OVERLAP,NVSHMEM,C0_DEFAULT,4096,1024,4096,16,10,4194304,41,0,5673.504,5676.960,6174.624,497.664,PASS,0
wm_S5_d1_q16m1_rep2,0,4,0,sm_89,D1_PUSHSIG_OVERLAP,NVSHMEM,C0_DEFAULT,4096,1024,4096,16,11,4194304,41,0,6216.928,6220.640,6721.056,500.416,PASS,0
wm_S5_d1_q16m1_rep2,0,4,0,sm_89,D1_PUSHSIG_OVERLAP,NVSHMEM,C0_DEFAULT,4096,1024,4096,16,12,4194304,41,0,6766.976,6773.312,7264.640,491.328,PASS,0
wm_S5_d1_q16m1_rep2,0,4,0,sm_89,D1_PUSHSIG_OVERLAP,NVSHMEM,C0_DEFAULT,4096,1024,4096,16,13,4194304,41,0,7289.984,7293.600,7781.376,487.776,PASS,0
wm_S5_d1_q16m1_rep2,0,4,0,sm_89,D1_PUSHSIG_OVERLAP,NVSHMEM,C0_DEFAULT,4096,1024,4096,16,14,4194304,41,0,7806.816,7810.336,8297.312,486.976,PASS,0
wm_S5_d1_q16m1_rep2,0,4,0,sm_89,D1_PUSHSIG_OVERLAP,NVSHMEM,C0_DEFAULT,4096,1024,4096,16,15,4194304,41,0,8322.400,8325.920,8812.735,486.816,PASS,0
wm_S5_d1_q16m1_rep2,0,4,0,sm_89,D1_PUSHSIG_OVERLAP,NVSHMEM,C0_DEFAULT,4096,1024,4096,16,0,4194304,42,0,172.960,179.712,675.648,495.936,PASS,0
wm_S5_d1_q16m1_rep2,0,4,0,sm_89,D1_PUSHSIG_OVERLAP,NVSHMEM,C0_DEFAULT,4096,1024,4096,16,1,4194304,42,0,732.704,736.320,1229.824,493.504,PASS,0
wm_S5_d1_q16m1_rep2,0,4,0,sm_89,D1_PUSHSIG_OVERLAP,NVSHMEM,C0_DEFAULT,4096,1024,4096,16,2,4194304,42,0,1273.376,1276.832,1776.480,499.648,PASS,0
wm_S5_d1_q16m1_rep2,0,4,0,sm_89,D1_PUSHSIG_OVERLAP,NVSHMEM,C0_DEFAULT,4096,1024,4096,16,3,4194304,42,0,1832.768,1836.224,2329.216,492.992,PASS,0
wm_S5_d1_q16m1_rep2,0,4,0,sm_89,D1_PUSHSIG_OVERLAP,NVSHMEM,C0_DEFAULT,4096,1024,4096,16,4,4194304,42,0,2376.864,2380.608,2875.488,494.880,PASS,0
wm_S5_d1_q16m1_rep2,0,4,0,sm_89,D1_PUSHSIG_OVERLAP,NVSHMEM,C0_DEFAULT,4096,1024,4096,16,5,4194304,42,0,2915.968,2919.904,3416.032,496.128,PASS,0
wm_S5_d1_q16m1_rep2,0,4,0,sm_89,D1_PUSHSIG_OVERLAP,NVSHMEM,C0_DEFAULT,4096,1024,4096,16,6,4194304,42,0,3465.408,3476.192,3978.752,502.560,PASS,0
wm_S5_d1_q16m1_rep2,0,4,0,sm_89,D1_PUSHSIG_OVERLAP,NVSHMEM,C0_DEFAULT,4096,1024,4096,16,7,4194304,42,0,4020.064,4023.552,4516.544,492.992,PASS,0
wm_S5_d1_q16m1_rep2,0,4,0,sm_89,D1_PUSHSIG_OVERLAP,NVSHMEM,C0_DEFAULT,4096,1024,4096,16,8,4194304,42,0,4566.944,4572.064,5074.144,502.080,PASS,0
wm_S5_d1_q16m1_rep2,0,4,0,sm_89,D1_PUSHSIG_OVERLAP,NVSHMEM,C0_DEFAULT,4096,1024,4096,16,9,4194304,42,0,5141.408,5145.536,5636.928,491.392,PASS,0
wm_S5_d1_q16m1_rep2,0,4,0,sm_89,D1_PUSHSIG_OVERLAP,NVSHMEM,C0_DEFAULT,4096,1024,4096,16,10,4194304,42,0,5682.944,5686.528,6179.040,492.512,PASS,0
wm_S5_d1_q16m1_rep2,0,4,0,sm_89,D1_PUSHSIG_OVERLAP,NVSHMEM,C0_DEFAULT,4096,1024,4096,16,11,4194304,42,0,6215.840,6220.192,6712.960,492.768,PASS,0
wm_S5_d1_q16m1_rep2,0,4,0,sm_89,D1_PUSHSIG_OVERLAP,NVSHMEM,C0_DEFAULT,4096,1024,4096,16,12,4194304,42,0,6769.984,6773.440,7260.416,486.976,PASS,0
wm_S5_d1_q16m1_rep2,0,4,0,sm_89,D1_PUSHSIG_OVERLAP,NVSHMEM,C0_DEFAULT,4096,1024,4096,16,13,4194304,42,0,7285.760,7289.184,7775.648,486.464,PASS,0
wm_S5_d1_q16m1_rep2,0,4,0,sm_89,D1_PUSHSIG_OVERLAP,NVSHMEM,C0_DEFAULT,4096,1024,4096,16,14,4194304,42,0,7802.560,7806.048,8292.672,486.624,PASS,0
wm_S5_d1_q16m1_rep2,0,4,0,sm_89,D1_PUSHSIG_OVERLAP,NVSHMEM,C0_DEFAULT,4096,1024,4096,16,15,4194304,42,0,8318.688,8322.176,8808.928,486.752,PASS,0
wm_S5_d1_q16m1_rep2,0,4,0,sm_89,D1_PUSHSIG_OVERLAP,NVSHMEM,C0_DEFAULT,4096,1024,4096,16,0,4194304,43,0,158.592,165.024,661.504,496.480,PASS,0
wm_S5_d1_q16m1_rep2,0,4,0,sm_89,D1_PUSHSIG_OVERLAP,NVSHMEM,C0_DEFAULT,4096,1024,4096,16,1,4194304,43,0,733.184,745.760,1249.600,503.840,PASS,0
wm_S5_d1_q16m1_rep2,0,4,0,sm_89,D1_PUSHSIG_OVERLAP,NVSHMEM,C0_DEFAULT,4096,1024,4096,16,2,4194304,43,0,1299.264,1312.896,1818.784,505.888,PASS,0
wm_S5_d1_q16m1_rep2,0,4,0,sm_89,D1_PUSHSIG_OVERLAP,NVSHMEM,C0_DEFAULT,4096,1024,4096,16,3,4194304,43,0,1865.792,1869.216,2363.232,494.016,PASS,0
wm_S5_d1_q16m1_rep2,0,4,0,sm_89,D1_PUSHSIG_OVERLAP,NVSHMEM,C0_DEFAULT,4096,1024,4096,16,4,4194304,43,0,2404.928,2409.312,2914.400,505.088,PASS,0
wm_S5_d1_q16m1_rep2,0,4,0,sm_89,D1_PUSHSIG_OVERLAP,NVSHMEM,C0_DEFAULT,4096,1024,4096,16,5,4194304,43,0,2960.512,2963.968,3457.248,493.280,PASS,0
wm_S5_d1_q16m1_rep2,0,4,0,sm_89,D1_PUSHSIG_OVERLAP,NVSHMEM,C0_DEFAULT,4096,1024,4096,16,6,4194304,43,0,3514.656,3537.024,4043.936,506.912,PASS,0
wm_S5_d1_q16m1_rep2,0,4,0,sm_89,D1_PUSHSIG_OVERLAP,NVSHMEM,C0_DEFAULT,4096,1024,4096,16,7,4194304,43,0,4087.296,4090.976,4584.384,493.408,PASS,0
wm_S5_d1_q16m1_rep2,0,4,0,sm_89,D1_PUSHSIG_OVERLAP,NVSHMEM,C0_DEFAULT,4096,1024,4096,16,8,4194304,43,0,4627.808,4631.328,5127.104,495.776,PASS,0
wm_S5_d1_q16m1_rep2,0,4,0,sm_89,D1_PUSHSIG_OVERLAP,NVSHMEM,C0_DEFAULT,4096,1024,4096,16,9,4194304,43,0,5169.536,5173.056,5666.400,493.344,PASS,0
wm_S5_d1_q16m1_rep2,0,4,0,sm_89,D1_PUSHSIG_OVERLAP,NVSHMEM,C0_DEFAULT,4096,1024,4096,16,10,4194304,43,0,5711.296,5717.920,6208.224,490.304,PASS,0
wm_S5_d1_q16m1_rep2,0,4,0,sm_89,D1_PUSHSIG_OVERLAP,NVSHMEM,C0_DEFAULT,4096,1024,4096,16,11,4194304,43,0,6234.944,6238.560,6726.944,488.384,PASS,0
wm_S5_d1_q16m1_rep2,0,4,0,sm_89,D1_PUSHSIG_OVERLAP,NVSHMEM,C0_DEFAULT,4096,1024,4096,16,12,4194304,43,0,6752.576,6756.160,7243.072,486.912,PASS,0
wm_S5_d1_q16m1_rep2,0,4,0,sm_89,D1_PUSHSIG_OVERLAP,NVSHMEM,C0_DEFAULT,4096,1024,4096,16,13,4194304,43,0,7284.960,7288.512,7774.560,486.048,PASS,0
wm_S5_d1_q16m1_rep2,0,4,0,sm_89,D1_PUSHSIG_OVERLAP,NVSHMEM,C0_DEFAULT,4096,1024,4096,16,14,4194304,43,0,7814.656,7818.144,8305.088,486.944,PASS,0
wm_S5_d1_q16m1_rep2,0,4,0,sm_89,D1_PUSHSIG_OVERLAP,NVSHMEM,C0_DEFAULT,4096,1024,4096,16,15,4194304,43,0,8345.824,8349.312,8836.096,486.784,PASS,0
wm_S5_d1_q16m1_rep2,0,4,0,sm_89,D1_PUSHSIG_OVERLAP,NVSHMEM,C0_DEFAULT,4096,1024,4096,16,0,4194304,44,0,144.576,148.608,642.336,493.728,PASS,0
wm_S5_d1_q16m1_rep2,0,4,0,sm_89,D1_PUSHSIG_OVERLAP,NVSHMEM,C0_DEFAULT,4096,1024,4096,16,1,4194304,44,0,690.464,694.016,1185.664,491.648,PASS,0
wm_S5_d1_q16m1_rep2,0,4,0,sm_89,D1_PUSHSIG_OVERLAP,NVSHMEM,C0_DEFAULT,4096,1024,4096,16,2,4194304,44,0,1223.232,1228.512,1720.192,491.680,PASS,0
wm_S5_d1_q16m1_rep2,0,4,0,sm_89,D1_PUSHSIG_OVERLAP,NVSHMEM,C0_DEFAULT,4096,1024,4096,16,3,4194304,44,0,1774.144,1784.128,2283.200,499.072,PASS,0
wm_S5_d1_q16m1_rep2,0,4,0,sm_89,D1_PUSHSIG_OVERLAP,NVSHMEM,C0_DEFAULT,4096,1024,4096,16,4,4194304,44,0,2339.040,2349.824,2840.736,490.912,PASS,0
wm_S5_d1_q16m1_rep2,0,4,0,sm_89,D1_PUSHSIG_OVERLAP,NVSHMEM,C0_DEFAULT,4096,1024,4096,16,5,4194304,44,0,2885.600,2889.664,3382.240,492.576,PASS,0
wm_S5_d1_q16m1_rep2,0,4,0,sm_89,D1_PUSHSIG_OVERLAP,NVSHMEM,C0_DEFAULT,4096,1024,4096,16,6,4194304,44,0,3425.376,3429.056,3921.152,492.096,PASS,0
wm_S5_d1_q16m1_rep2,0,4,0,sm_89,D1_PUSHSIG_OVERLAP,NVSHMEM,C0_DEFAULT,4096,1024,4096,16,7,4194304,44,0,3967.360,3971.104,4463.232,492.128,PASS,0
wm_S5_d1_q16m1_rep2,0,4,0,sm_89,D1_PUSHSIG_OVERLAP,NVSHMEM,C0_DEFAULT,4096,1024,4096,16,8,4194304,44,0,4512.736,4520.640,5012.896,492.256,PASS,0
wm_S5_d1_q16m1_rep2,0,4,0,sm_89,D1_PUSHSIG_OVERLAP,NVSHMEM,C0_DEFAULT,4096,1024,4096,16,9,4194304,44,0,5059.424,5063.104,5553.984,490.880,PASS,0
wm_S5_d1_q16m1_rep2,0,4,0,sm_89,D1_PUSHSIG_OVERLAP,NVSHMEM,C0_DEFAULT,4096,1024,4096,16,10,4194304,44,0,5612.288,5615.840,6108.416,492.576,PASS,0
wm_S5_d1_q16m1_rep2,0,4,0,sm_89,D1_PUSHSIG_OVERLAP,NVSHMEM,C0_DEFAULT,4096,1024,4096,16,11,4194304,44,0,6154.656,6166.464,6670.272,503.808,PASS,0
wm_S5_d1_q16m1_rep2,0,4,0,sm_89,D1_PUSHSIG_OVERLAP,NVSHMEM,C0_DEFAULT,4096,1024,4096,16,12,4194304,44,0,6714.784,6718.240,7212.576,494.336,PASS,0
wm_S5_d1_q16m1_rep2,0,4,0,sm_89,D1_PUSHSIG_OVERLAP,NVSHMEM,C0_DEFAULT,4096,1024,4096,16,13,4194304,44,0,7254.240,7263.264,7761.152,497.888,PASS,0
wm_S5_d1_q16m1_rep2,0,4,0,sm_89,D1_PUSHSIG_OVERLAP,NVSHMEM,C0_DEFAULT,4096,1024,4096,16,14,4194304,44,0,7809.600,7813.056,8300.479,487.424,PASS,0
wm_S5_d1_q16m1_rep2,0,4,0,sm_89,D1_PUSHSIG_OVERLAP,NVSHMEM,C0_DEFAULT,4096,1024,4096,16,15,4194304,44,0,8326.145,8329.760,8816.128,486.368,PASS,0
wm_S5_d1_q16m1_rep2,0,4,0,sm_89,D1_PUSHSIG_OVERLAP,NVSHMEM,C0_DEFAULT,4096,1024,4096,16,0,4194304,45,0,164.544,171.328,667.648,496.320,PASS,0
wm_S5_d1_q16m1_rep2,0,4,0,sm_89,D1_PUSHSIG_OVERLAP,NVSHMEM,C0_DEFAULT,4096,1024,4096,16,1,4194304,45,0,716.480,719.936,1211.264,491.328,PASS,0
wm_S5_d1_q16m1_rep2,0,4,0,sm_89,D1_PUSHSIG_OVERLAP,NVSHMEM,C0_DEFAULT,4096,1024,4096,16,2,4194304,45,0,1252.608,1256.224,1764.992,508.768,PASS,0
wm_S5_d1_q16m1_rep2,0,4,0,sm_89,D1_PUSHSIG_OVERLAP,NVSHMEM,C0_DEFAULT,4096,1024,4096,16,3,4194304,45,0,1811.872,1815.328,2310.400,495.072,PASS,0
wm_S5_d1_q16m1_rep2,0,4,0,sm_89,D1_PUSHSIG_OVERLAP,NVSHMEM,C0_DEFAULT,4096,1024,4096,16,4,4194304,45,0,2353.632,2357.472,2860.384,502.912,PASS,0
wm_S5_d1_q16m1_rep2,0,4,0,sm_89,D1_PUSHSIG_OVERLAP,NVSHMEM,C0_DEFAULT,4096,1024,4096,16,5,4194304,45,0,2905.888,2910.528,3402.880,492.352,PASS,0
wm_S5_d1_q16m1_rep2,0,4,0,sm_89,D1_PUSHSIG_OVERLAP,NVSHMEM,C0_DEFAULT,4096,1024,4096,16,6,4194304,45,0,3449.632,3453.088,3946.720,493.632,PASS,0
wm_S5_d1_q16m1_rep2,0,4,0,sm_89,D1_PUSHSIG_OVERLAP,NVSHMEM,C0_DEFAULT,4096,1024,4096,16,7,4194304,45,0,4001.664,4005.824,4497.216,491.392,PASS,0
wm_S5_d1_q16m1_rep2,0,4,0,sm_89,D1_PUSHSIG_OVERLAP,NVSHMEM,C0_DEFAULT,4096,1024,4096,16,8,4194304,45,0,4549.248,4553.152,5055.328,502.176,PASS,0
wm_S5_d1_q16m1_rep2,0,4,0,sm_89,D1_PUSHSIG_OVERLAP,NVSHMEM,C0_DEFAULT,4096,1024,4096,16,9,4194304,45,0,5115.488,5118.944,5609.568,490.624,PASS,0
wm_S5_d1_q16m1_rep2,0,4,0,sm_89,D1_PUSHSIG_OVERLAP,NVSHMEM,C0_DEFAULT,4096,1024,4096,16,10,4194304,45,0,5663.584,5667.040,6160.992,493.952,PASS,0
wm_S5_d1_q16m1_rep2,0,4,0,sm_89,D1_PUSHSIG_OVERLAP,NVSHMEM,C0_DEFAULT,4096,1024,4096,16,11,4194304,45,0,6209.856,6215.392,6709.056,493.664,PASS,0
wm_S5_d1_q16m1_rep2,0,4,0,sm_89,D1_PUSHSIG_OVERLAP,NVSHMEM,C0_DEFAULT,4096,1024,4096,16,12,4194304,45,0,6751.712,6755.200,7247.104,491.904,PASS,0
wm_S5_d1_q16m1_rep2,0,4,0,sm_89,D1_PUSHSIG_OVERLAP,NVSHMEM,C0_DEFAULT,4096,1024,4096,16,13,4194304,45,0,7289.696,7293.696,7780.096,486.400,PASS,0
wm_S5_d1_q16m1_rep2,0,4,0,sm_89,D1_PUSHSIG_OVERLAP,NVSHMEM,C0_DEFAULT,4096,1024,4096,16,14,4194304,45,0,7806.368,7809.984,8298.368,488.384,PASS,0
wm_S5_d1_q16m1_rep2,0,4,0,sm_89,D1_PUSHSIG_OVERLAP,NVSHMEM,C0_DEFAULT,4096,1024,4096,16,15,4194304,45,0,8324.704,8328.576,8815.072,486.496,PASS,0
wm_S5_d1_q16m1_rep2,0,4,0,sm_89,D1_PUSHSIG_OVERLAP,NVSHMEM,C0_DEFAULT,4096,1024,4096,16,0,4194304,46,0,147.488,150.912,641.344,490.432,PASS,0
wm_S5_d1_q16m1_rep2,0,4,0,sm_89,D1_PUSHSIG_OVERLAP,NVSHMEM,C0_DEFAULT,4096,1024,4096,16,1,4194304,46,0,702.016,705.504,1197.344,491.840,PASS,0
wm_S5_d1_q16m1_rep2,0,4,0,sm_89,D1_PUSHSIG_OVERLAP,NVSHMEM,C0_DEFAULT,4096,1024,4096,16,2,4194304,46,0,1241.088,1244.608,1739.008,494.400,PASS,0
wm_S5_d1_q16m1_rep2,0,4,0,sm_89,D1_PUSHSIG_OVERLAP,NVSHMEM,C0_DEFAULT,4096,1024,4096,16,3,4194304,46,0,1780.672,1793.280,2291.168,497.888,PASS,0
wm_S5_d1_q16m1_rep2,0,4,0,sm_89,D1_PUSHSIG_OVERLAP,NVSHMEM,C0_DEFAULT,4096,1024,4096,16,4,4194304,46,0,2334.368,2338.048,2832.256,494.208,PASS,0
wm_S5_d1_q16m1_rep2,0,4,0,sm_89,D1_PUSHSIG_OVERLAP,NVSHMEM,C0_DEFAULT,4096,1024,4096,16,5,4194304,46,0,2884.576,2890.112,3384.864,494.752,PASS,0
wm_S5_d1_q16m1_rep2,0,4,0,sm_89,D1_PUSHSIG_OVERLAP,NVSHMEM,C0_DEFAULT,4096,1024,4096,16,6,4194304,46,0,3432.864,3443.328,3943.392,500.064,PASS,0
wm_S5_d1_q16m1_rep2,0,4,0,sm_89,D1_PUSHSIG_OVERLAP,NVSHMEM,C0_DEFAULT,4096,1024,4096,16,7,4194304,46,0,3983.744,3987.584,4481.760,494.176,PASS,0
wm_S5_d1_q16m1_rep2,0,4,0,sm_89,D1_PUSHSIG_OVERLAP,NVSHMEM,C0_DEFAULT,4096,1024,4096,16,8,4194304,46,0,4552.704,4557.184,5050.048,492.864,PASS,0
wm_S5_d1_q16m1_rep2,0,4,0,sm_89,D1_PUSHSIG_OVERLAP,NVSHMEM,C0_DEFAULT,4096,1024,4096,16,9,4194304,46,0,5089.504,5093.024,5590.272,497.248,PASS,0
wm_S5_d1_q16m1_rep2,0,4,0,sm_89,D1_PUSHSIG_OVERLAP,NVSHMEM,C0_DEFAULT,4096,1024,4096,16,10,4194304,46,0,5636.576,5640.256,6131.168,490.912,PASS,0
wm_S5_d1_q16m1_rep2,0,4,0,sm_89,D1_PUSHSIG_OVERLAP,NVSHMEM,C0_DEFAULT,4096,1024,4096,16,11,4194304,46,0,6174.272,6177.920,6672.928,495.008,PASS,0
wm_S5_d1_q16m1_rep2,0,4,0,sm_89,D1_PUSHSIG_OVERLAP,NVSHMEM,C0_DEFAULT,4096,1024,4096,16,12,4194304,46,0,6711.680,6723.168,7214.912,491.744,PASS,0
wm_S5_d1_q16m1_rep2,0,4,0,sm_89,D1_PUSHSIG_OVERLAP,NVSHMEM,C0_DEFAULT,4096,1024,4096,16,13,4194304,46,0,7255.968,7260.224,7752.864,492.640,PASS,0
wm_S5_d1_q16m1_rep2,0,4,0,sm_89,D1_PUSHSIG_OVERLAP,NVSHMEM,C0_DEFAULT,4096,1024,4096,16,14,4194304,46,0,7793.536,7796.992,8301.216,504.224,PASS,0
wm_S5_d1_q16m1_rep2,0,4,0,sm_89,D1_PUSHSIG_OVERLAP,NVSHMEM,C0_DEFAULT,4096,1024,4096,16,15,4194304,46,0,8370.271,8385.504,8884.096,498.592,PASS,0
wm_S5_d1_q16m1_rep2,0,4,0,sm_89,D1_PUSHSIG_OVERLAP,NVSHMEM,C0_DEFAULT,4096,1024,4096,16,0,4194304,47,0,150.688,157.056,652.192,495.136,PASS,0
wm_S5_d1_q16m1_rep2,0,4,0,sm_89,D1_PUSHSIG_OVERLAP,NVSHMEM,C0_DEFAULT,4096,1024,4096,16,1,4194304,47,0,695.232,699.104,1193.088,493.984,PASS,0
wm_S5_d1_q16m1_rep2,0,4,0,sm_89,D1_PUSHSIG_OVERLAP,NVSHMEM,C0_DEFAULT,4096,1024,4096,16,2,4194304,47,0,1237.088,1241.088,1735.264,494.176,PASS,0
wm_S5_d1_q16m1_rep2,0,4,0,sm_89,D1_PUSHSIG_OVERLAP,NVSHMEM,C0_DEFAULT,4096,1024,4096,16,3,4194304,47,0,1790.112,1794.400,2284.320,489.920,PASS,0
wm_S5_d1_q16m1_rep2,0,4,0,sm_89,D1_PUSHSIG_OVERLAP,NVSHMEM,C0_DEFAULT,4096,1024,4096,16,4,4194304,47,0,2328.352,2332.096,2824.800,492.704,PASS,0
wm_S5_d1_q16m1_rep2,0,4,0,sm_89,D1_PUSHSIG_OVERLAP,NVSHMEM,C0_DEFAULT,4096,1024,4096,16,5,4194304,47,0,2864.992,2868.608,3363.040,494.432,PASS,0
wm_S5_d1_q16m1_rep2,0,4,0,sm_89,D1_PUSHSIG_OVERLAP,NVSHMEM,C0_DEFAULT,4096,1024,4096,16,6,4194304,47,0,3409.568,3424.320,3918.944,494.624,PASS,0
wm_S5_d1_q16m1_rep2,0,4,0,sm_89,D1_PUSHSIG_OVERLAP,NVSHMEM,C0_DEFAULT,4096,1024,4096,16,7,4194304,47,0,3962.688,3966.304,4456.512,490.208,PASS,0
wm_S5_d1_q16m1_rep2,0,4,0,sm_89,D1_PUSHSIG_OVERLAP,NVSHMEM,C0_DEFAULT,4096,1024,4096,16,8,4194304,47,0,4516.032,4531.072,5027.744,496.672,PASS,0
wm_S5_d1_q16m1_rep2,0,4,0,sm_89,D1_PUSHSIG_OVERLAP,NVSHMEM,C0_DEFAULT,4096,1024,4096,16,9,4194304,47,0,5071.904,5075.424,5572.032,496.608,PASS,0
wm_S5_d1_q16m1_rep2,0,4,0,sm_89,D1_PUSHSIG_OVERLAP,NVSHMEM,C0_DEFAULT,4096,1024,4096,16,10,4194304,47,0,5627.744,5640.352,6138.944,498.592,PASS,0
wm_S5_d1_q16m1_rep2,0,4,0,sm_89,D1_PUSHSIG_OVERLAP,NVSHMEM,C0_DEFAULT,4096,1024,4096,16,11,4194304,47,0,6189.600,6200.512,6706.816,506.304,PASS,0
wm_S5_d1_q16m1_rep2,0,4,0,sm_89,D1_PUSHSIG_OVERLAP,NVSHMEM,C0_DEFAULT,4096,1024,4096,16,12,4194304,47,0,6753.248,6765.120,7260.320,495.200,PASS,0
wm_S5_d1_q16m1_rep2,0,4,0,sm_89,D1_PUSHSIG_OVERLAP,NVSHMEM,C0_DEFAULT,4096,1024,4096,16,13,4194304,47,0,7305.120,7315.264,7807.200,491.936,PASS,0
wm_S5_d1_q16m1_rep2,0,4,0,sm_89,D1_PUSHSIG_OVERLAP,NVSHMEM,C0_DEFAULT,4096,1024,4096,16,14,4194304,47,0,7851.392,7855.008,8351.264,496.256,PASS,0
wm_S5_d1_q16m1_rep2,0,4,0,sm_89,D1_PUSHSIG_OVERLAP,NVSHMEM,C0_DEFAULT,4096,1024,4096,16,15,4194304,47,0,8401.057,8412.416,8906.688,494.272,PASS,0
wm_S5_d1_q16m1_rep2,0,4,0,sm_89,D1_PUSHSIG_OVERLAP,NVSHMEM,C0_DEFAULT,4096,1024,4096,16,0,4194304,48,0,154.976,161.568,657.632,496.064,PASS,0
wm_S5_d1_q16m1_rep2,0,4,0,sm_89,D1_PUSHSIG_OVERLAP,NVSHMEM,C0_DEFAULT,4096,1024,4096,16,1,4194304,48,0,704.032,715.808,1219.104,503.296,PASS,0
wm_S5_d1_q16m1_rep2,0,4,0,sm_89,D1_PUSHSIG_OVERLAP,NVSHMEM,C0_DEFAULT,4096,1024,4096,16,2,4194304,48,0,1262.016,1265.728,1759.328,493.600,PASS,0
wm_S5_d1_q16m1_rep2,0,4,0,sm_89,D1_PUSHSIG_OVERLAP,NVSHMEM,C0_DEFAULT,4096,1024,4096,16,3,4194304,48,0,1806.784,1810.272,2306.752,496.480,PASS,0
wm_S5_d1_q16m1_rep2,0,4,0,sm_89,D1_PUSHSIG_OVERLAP,NVSHMEM,C0_DEFAULT,4096,1024,4096,16,4,4194304,48,0,2358.432,2370.048,2862.784,492.736,PASS,0
wm_S5_d1_q16m1_rep2,0,4,0,sm_89,D1_PUSHSIG_OVERLAP,NVSHMEM,C0_DEFAULT,4096,1024,4096,16,5,4194304,48,0,2916.704,2920.192,3415.200,495.008,PASS,0
wm_S5_d1_q16m1_rep2,0,4,0,sm_89,D1_PUSHSIG_OVERLAP,NVSHMEM,C0_DEFAULT,4096,1024,4096,16,6,4194304,48,0,3465.344,3478.592,3979.616,501.024,PASS,0
wm_S5_d1_q16m1_rep2,0,4,0,sm_89,D1_PUSHSIG_OVERLAP,NVSHMEM,C0_DEFAULT,4096,1024,4096,16,7,4194304,48,0,4034.432,4044.096,4533.984,489.888,PASS,0
wm_S5_d1_q16m1_rep2,0,4,0,sm_89,D1_PUSHSIG_OVERLAP,NVSHMEM,C0_DEFAULT,4096,1024,4096,16,8,4194304,48,0,4590.560,4594.048,5085.952,491.904,PASS,0
wm_S5_d1_q16m1_rep2,0,4,0,sm_89,D1_PUSHSIG_OVERLAP,NVSHMEM,C0_DEFAULT,4096,1024,4096,16,9,4194304,48,0,5127.680,5140.160,5638.016,497.856,PASS,0
wm_S5_d1_q16m1_rep2,0,4,0,sm_89,D1_PUSHSIG_OVERLAP,NVSHMEM,C0_DEFAULT,4096,1024,4096,16,10,4194304,48,0,5677.056,5683.616,6181.088,497.472,PASS,0
wm_S5_d1_q16m1_rep2,0,4,0,sm_89,D1_PUSHSIG_OVERLAP,NVSHMEM,C0_DEFAULT,4096,1024,4096,16,11,4194304,48,0,6224.192,6234.816,6737.824,503.008,PASS,0
wm_S5_d1_q16m1_rep2,0,4,0,sm_89,D1_PUSHSIG_OVERLAP,NVSHMEM,C0_DEFAULT,4096,1024,4096,16,12,4194304,48,0,6776.288,6780.192,7277.568,497.376,PASS,0
wm_S5_d1_q16m1_rep2,0,4,0,sm_89,D1_PUSHSIG_OVERLAP,NVSHMEM,C0_DEFAULT,4096,1024,4096,16,13,4194304,48,0,7318.560,7330.208,7830.816,500.608,PASS,0
wm_S5_d1_q16m1_rep2,0,4,0,sm_89,D1_PUSHSIG_OVERLAP,NVSHMEM,C0_DEFAULT,4096,1024,4096,16,14,4194304,48,0,7891.264,7894.688,8381.920,487.232,PASS,0
wm_S5_d1_q16m1_rep2,0,4,0,sm_89,D1_PUSHSIG_OVERLAP,NVSHMEM,C0_DEFAULT,4096,1024,4096,16,15,4194304,48,0,8407.584,8411.040,8897.312,486.272,PASS,0
wm_S5_d1_q16m1_rep2,0,4,0,sm_89,D1_PUSHSIG_OVERLAP,NVSHMEM,C0_DEFAULT,4096,1024,4096,16,0,4194304,49,0,145.984,149.376,644.160,494.784,PASS,0
wm_S5_d1_q16m1_rep2,0,4,0,sm_89,D1_PUSHSIG_OVERLAP,NVSHMEM,C0_DEFAULT,4096,1024,4096,16,1,4194304,49,0,697.440,710.208,1214.560,504.352,PASS,0
wm_S5_d1_q16m1_rep2,0,4,0,sm_89,D1_PUSHSIG_OVERLAP,NVSHMEM,C0_DEFAULT,4096,1024,4096,16,2,4194304,49,0,1278.464,1282.112,1773.024,490.912,PASS,0
wm_S5_d1_q16m1_rep2,0,4,0,sm_89,D1_PUSHSIG_OVERLAP,NVSHMEM,C0_DEFAULT,4096,1024,4096,16,3,4194304,49,0,1817.120,1820.672,2311.968,491.296,PASS,0
wm_S5_d1_q16m1_rep2,0,4,0,sm_89,D1_PUSHSIG_OVERLAP,NVSHMEM,C0_DEFAULT,4096,1024,4096,16,4,4194304,49,0,2352.704,2356.416,2849.440,493.024,PASS,0
wm_S5_d1_q16m1_rep2,0,4,0,sm_89,D1_PUSHSIG_OVERLAP,NVSHMEM,C0_DEFAULT,4096,1024,4096,16,5,4194304,49,0,2895.296,2900.768,3393.408,492.640,PASS,0
wm_S5_d1_q16m1_rep2,0,4,0,sm_89,D1_PUSHSIG_OVERLAP,NVSHMEM,C0_DEFAULT,4096,1024,4096,16,6,4194304,49,0,3435.712,3439.456,3933.152,493.696,PASS,0
wm_S5_d1_q16m1_rep2,0,4,0,sm_89,D1_PUSHSIG_OVERLAP,NVSHMEM,C0_DEFAULT,4096,1024,4096,16,7,4194304,49,0,3977.664,3981.184,4473.728,492.544,PASS,0
wm_S5_d1_q16m1_rep2,0,4,0,sm_89,D1_PUSHSIG_OVERLAP,NVSHMEM,C0_DEFAULT,4096,1024,4096,16,8,4194304,49,0,4515.680,4519.296,5019.840,500.544,PASS,0
wm_S5_d1_q16m1_rep2,0,4,0,sm_89,D1_PUSHSIG_OVERLAP,NVSHMEM,C0_DEFAULT,4096,1024,4096,16,9,4194304,49,0,5072.480,5081.632,5580.480,498.848,PASS,0
wm_S5_d1_q16m1_rep2,0,4,0,sm_89,D1_PUSHSIG_OVERLAP,NVSHMEM,C0_DEFAULT,4096,1024,4096,16,10,4194304,49,0,5626.592,5630.592,6122.656,492.064,PASS,0
wm_S5_d1_q16m1_rep2,0,4,0,sm_89,D1_PUSHSIG_OVERLAP,NVSHMEM,C0_DEFAULT,4096,1024,4096,16,11,4194304,49,0,6165.440,6168.896,6663.008,494.112,PASS,0
wm_S5_d1_q16m1_rep2,0,4,0,sm_89,D1_PUSHSIG_OVERLAP,NVSHMEM,C0_DEFAULT,4096,1024,4096,16,12,4194304,49,0,6702.496,6705.920,7192.352,486.432,PASS,0
wm_S5_d1_q16m1_rep2,0,4,0,sm_89,D1_PUSHSIG_OVERLAP,NVSHMEM,C0_DEFAULT,4096,1024,4096,16,13,4194304,49,0,7218.912,7222.496,7708.960,486.464,PASS,0
wm_S5_d1_q16m1_rep2,0,4,0,sm_89,D1_PUSHSIG_OVERLAP,NVSHMEM,C0_DEFAULT,4096,1024,4096,16,14,4194304,49,0,7736.352,7739.936,8226.656,486.720,PASS,0
wm_S5_d1_q16m1_rep2,0,4,0,sm_89,D1_PUSHSIG_OVERLAP,NVSHMEM,C0_DEFAULT,4096,1024,4096,16,15,4194304,49,0,8252.000,8255.744,8742.400,486.656,PASS,0
