run_id,rank,rank_count,device,gfx_arch,path,family,candidate,M,N,K,q,slice_index,slice_bytes,iteration_index,t_issue_us,t_release_us,t_gemm_start_us,t_gemm_end_us,t_gemm_duration_us,correctness,status
mh_comm_C0_DEFAULT_N2048_q16_rep2,2,4,2,sm_89,COMM_ONLY,NCCL,C0_DEFAULT,2048,2048,2048,16,0,1048576,0,0,103.008,0.000,0.000,0.000,PASS,0
mh_comm_C0_DEFAULT_N2048_q16_rep2,2,4,2,sm_89,COMM_ONLY,NCCL,C0_DEFAULT,2048,2048,2048,16,1,1048576,0,0,173.632,0.000,0.000,0.000,PASS,0
mh_comm_C0_DEFAULT_N2048_q16_rep2,2,4,2,sm_89,COMM_ONLY,NCCL,C0_DEFAULT,2048,2048,2048,16,2,1048576,0,0,241.184,0.000,0.000,0.000,PASS,0
mh_comm_C0_DEFAULT_N2048_q16_rep2,2,4,2,sm_89,COMM_ONLY,NCCL,C0_DEFAULT,2048,2048,2048,16,3,1048576,0,0,309.888,0.000,0.000,0.000,PASS,0
mh_comm_C0_DEFAULT_N2048_q16_rep2,2,4,2,sm_89,COMM_ONLY,NCCL,C0_DEFAULT,2048,2048,2048,16,4,1048576,0,0,379.136,0.000,0.000,0.000,PASS,0
mh_comm_C0_DEFAULT_N2048_q16_rep2,2,4,2,sm_89,COMM_ONLY,NCCL,C0_DEFAULT,2048,2048,2048,16,5,1048576,0,0,446.720,0.000,0.000,0.000,PASS,0
mh_comm_C0_DEFAULT_N2048_q16_rep2,2,4,2,sm_89,COMM_ONLY,NCCL,C0_DEFAULT,2048,2048,2048,16,6,1048576,0,0,514.976,0.000,0.000,0.000,PASS,0
mh_comm_C0_DEFAULT_N2048_q16_rep2,2,4,2,sm_89,COMM_ONLY,NCCL,C0_DEFAULT,2048,2048,2048,16,7,1048576,0,0,584.736,0.000,0.000,0.000,PASS,0
mh_comm_C0_DEFAULT_N2048_q16_rep2,2,4,2,sm_89,COMM_ONLY,NCCL,C0_DEFAULT,2048,2048,2048,16,8,1048576,0,0,654.112,0.000,0.000,0.000,PASS,0
mh_comm_C0_DEFAULT_N2048_q16_rep2,2,4,2,sm_89,COMM_ONLY,NCCL,C0_DEFAULT,2048,2048,2048,16,9,1048576,0,0,722.368,0.000,0.000,0.000,PASS,0
mh_comm_C0_DEFAULT_N2048_q16_rep2,2,4,2,sm_89,COMM_ONLY,NCCL,C0_DEFAULT,2048,2048,2048,16,10,1048576,0,0,792.512,0.000,0.000,0.000,PASS,0
mh_comm_C0_DEFAULT_N2048_q16_rep2,2,4,2,sm_89,COMM_ONLY,NCCL,C0_DEFAULT,2048,2048,2048,16,11,1048576,0,0,865.344,0.000,0.000,0.000,PASS,0
mh_comm_C0_DEFAULT_N2048_q16_rep2,2,4,2,sm_89,COMM_ONLY,NCCL,C0_DEFAULT,2048,2048,2048,16,12,1048576,0,0,934.112,0.000,0.000,0.000,PASS,0
mh_comm_C0_DEFAULT_N2048_q16_rep2,2,4,2,sm_89,COMM_ONLY,NCCL,C0_DEFAULT,2048,2048,2048,16,13,1048576,0,0,1002.912,0.000,0.000,0.000,PASS,0
mh_comm_C0_DEFAULT_N2048_q16_rep2,2,4,2,sm_89,COMM_ONLY,NCCL,C0_DEFAULT,2048,2048,2048,16,14,1048576,0,0,1071.296,0.000,0.000,0.000,PASS,0
mh_comm_C0_DEFAULT_N2048_q16_rep2,2,4,2,sm_89,COMM_ONLY,NCCL,C0_DEFAULT,2048,2048,2048,16,15,1048576,0,0,1142.112,0.000,0.000,0.000,PASS,0
mh_comm_C0_DEFAULT_N2048_q16_rep2,2,4,2,sm_89,COMM_ONLY,NCCL,C0_DEFAULT,2048,2048,2048,16,0,1048576,1,0,101.536,0.000,0.000,0.000,PASS,0
mh_comm_C0_DEFAULT_N2048_q16_rep2,2,4,2,sm_89,COMM_ONLY,NCCL,C0_DEFAULT,2048,2048,2048,16,1,1048576,1,0,171.456,0.000,0.000,0.000,PASS,0
mh_comm_C0_DEFAULT_N2048_q16_rep2,2,4,2,sm_89,COMM_ONLY,NCCL,C0_DEFAULT,2048,2048,2048,16,2,1048576,1,0,239.264,0.000,0.000,0.000,PASS,0
mh_comm_C0_DEFAULT_N2048_q16_rep2,2,4,2,sm_89,COMM_ONLY,NCCL,C0_DEFAULT,2048,2048,2048,16,3,1048576,1,0,309.280,0.000,0.000,0.000,PASS,0
mh_comm_C0_DEFAULT_N2048_q16_rep2,2,4,2,sm_89,COMM_ONLY,NCCL,C0_DEFAULT,2048,2048,2048,16,4,1048576,1,0,380.224,0.000,0.000,0.000,PASS,0
mh_comm_C0_DEFAULT_N2048_q16_rep2,2,4,2,sm_89,COMM_ONLY,NCCL,C0_DEFAULT,2048,2048,2048,16,5,1048576,1,0,447.712,0.000,0.000,0.000,PASS,0
mh_comm_C0_DEFAULT_N2048_q16_rep2,2,4,2,sm_89,COMM_ONLY,NCCL,C0_DEFAULT,2048,2048,2048,16,6,1048576,1,0,516.256,0.000,0.000,0.000,PASS,0
mh_comm_C0_DEFAULT_N2048_q16_rep2,2,4,2,sm_89,COMM_ONLY,NCCL,C0_DEFAULT,2048,2048,2048,16,7,1048576,1,0,585.920,0.000,0.000,0.000,PASS,0
mh_comm_C0_DEFAULT_N2048_q16_rep2,2,4,2,sm_89,COMM_ONLY,NCCL,C0_DEFAULT,2048,2048,2048,16,8,1048576,1,0,654.368,0.000,0.000,0.000,PASS,0
mh_comm_C0_DEFAULT_N2048_q16_rep2,2,4,2,sm_89,COMM_ONLY,NCCL,C0_DEFAULT,2048,2048,2048,16,9,1048576,1,0,724.992,0.000,0.000,0.000,PASS,0
mh_comm_C0_DEFAULT_N2048_q16_rep2,2,4,2,sm_89,COMM_ONLY,NCCL,C0_DEFAULT,2048,2048,2048,16,10,1048576,1,0,795.392,0.000,0.000,0.000,PASS,0
mh_comm_C0_DEFAULT_N2048_q16_rep2,2,4,2,sm_89,COMM_ONLY,NCCL,C0_DEFAULT,2048,2048,2048,16,11,1048576,1,0,864.768,0.000,0.000,0.000,PASS,0
mh_comm_C0_DEFAULT_N2048_q16_rep2,2,4,2,sm_89,COMM_ONLY,NCCL,C0_DEFAULT,2048,2048,2048,16,12,1048576,1,0,933.920,0.000,0.000,0.000,PASS,0
mh_comm_C0_DEFAULT_N2048_q16_rep2,2,4,2,sm_89,COMM_ONLY,NCCL,C0_DEFAULT,2048,2048,2048,16,13,1048576,1,0,1007.584,0.000,0.000,0.000,PASS,0
mh_comm_C0_DEFAULT_N2048_q16_rep2,2,4,2,sm_89,COMM_ONLY,NCCL,C0_DEFAULT,2048,2048,2048,16,14,1048576,1,0,1091.584,0.000,0.000,0.000,PASS,0
mh_comm_C0_DEFAULT_N2048_q16_rep2,2,4,2,sm_89,COMM_ONLY,NCCL,C0_DEFAULT,2048,2048,2048,16,15,1048576,1,0,1160.096,0.000,0.000,0.000,PASS,0
mh_comm_C0_DEFAULT_N2048_q16_rep2,2,4,2,sm_89,COMM_ONLY,NCCL,C0_DEFAULT,2048,2048,2048,16,0,1048576,2,0,103.744,0.000,0.000,0.000,PASS,0
mh_comm_C0_DEFAULT_N2048_q16_rep2,2,4,2,sm_89,COMM_ONLY,NCCL,C0_DEFAULT,2048,2048,2048,16,1,1048576,2,0,173.760,0.000,0.000,0.000,PASS,0
mh_comm_C0_DEFAULT_N2048_q16_rep2,2,4,2,sm_89,COMM_ONLY,NCCL,C0_DEFAULT,2048,2048,2048,16,2,1048576,2,0,242.144,0.000,0.000,0.000,PASS,0
mh_comm_C0_DEFAULT_N2048_q16_rep2,2,4,2,sm_89,COMM_ONLY,NCCL,C0_DEFAULT,2048,2048,2048,16,3,1048576,2,0,316.448,0.000,0.000,0.000,PASS,0
mh_comm_C0_DEFAULT_N2048_q16_rep2,2,4,2,sm_89,COMM_ONLY,NCCL,C0_DEFAULT,2048,2048,2048,16,4,1048576,2,0,386.240,0.000,0.000,0.000,PASS,0
mh_comm_C0_DEFAULT_N2048_q16_rep2,2,4,2,sm_89,COMM_ONLY,NCCL,C0_DEFAULT,2048,2048,2048,16,5,1048576,2,0,453.184,0.000,0.000,0.000,PASS,0
mh_comm_C0_DEFAULT_N2048_q16_rep2,2,4,2,sm_89,COMM_ONLY,NCCL,C0_DEFAULT,2048,2048,2048,16,6,1048576,2,0,540.576,0.000,0.000,0.000,PASS,0
mh_comm_C0_DEFAULT_N2048_q16_rep2,2,4,2,sm_89,COMM_ONLY,NCCL,C0_DEFAULT,2048,2048,2048,16,7,1048576,2,0,610.656,0.000,0.000,0.000,PASS,0
mh_comm_C0_DEFAULT_N2048_q16_rep2,2,4,2,sm_89,COMM_ONLY,NCCL,C0_DEFAULT,2048,2048,2048,16,8,1048576,2,0,678.464,0.000,0.000,0.000,PASS,0
mh_comm_C0_DEFAULT_N2048_q16_rep2,2,4,2,sm_89,COMM_ONLY,NCCL,C0_DEFAULT,2048,2048,2048,16,9,1048576,2,0,747.584,0.000,0.000,0.000,PASS,0
mh_comm_C0_DEFAULT_N2048_q16_rep2,2,4,2,sm_89,COMM_ONLY,NCCL,C0_DEFAULT,2048,2048,2048,16,10,1048576,2,0,817.312,0.000,0.000,0.000,PASS,0
mh_comm_C0_DEFAULT_N2048_q16_rep2,2,4,2,sm_89,COMM_ONLY,NCCL,C0_DEFAULT,2048,2048,2048,16,11,1048576,2,0,887.456,0.000,0.000,0.000,PASS,0
mh_comm_C0_DEFAULT_N2048_q16_rep2,2,4,2,sm_89,COMM_ONLY,NCCL,C0_DEFAULT,2048,2048,2048,16,12,1048576,2,0,955.296,0.000,0.000,0.000,PASS,0
mh_comm_C0_DEFAULT_N2048_q16_rep2,2,4,2,sm_89,COMM_ONLY,NCCL,C0_DEFAULT,2048,2048,2048,16,13,1048576,2,0,1024.576,0.000,0.000,0.000,PASS,0
mh_comm_C0_DEFAULT_N2048_q16_rep2,2,4,2,sm_89,COMM_ONLY,NCCL,C0_DEFAULT,2048,2048,2048,16,14,1048576,2,0,1099.232,0.000,0.000,0.000,PASS,0
mh_comm_C0_DEFAULT_N2048_q16_rep2,2,4,2,sm_89,COMM_ONLY,NCCL,C0_DEFAULT,2048,2048,2048,16,15,1048576,2,0,1166.880,0.000,0.000,0.000,PASS,0
mh_comm_C0_DEFAULT_N2048_q16_rep2,2,4,2,sm_89,COMM_ONLY,NCCL,C0_DEFAULT,2048,2048,2048,16,0,1048576,3,0,111.616,0.000,0.000,0.000,PASS,0
mh_comm_C0_DEFAULT_N2048_q16_rep2,2,4,2,sm_89,COMM_ONLY,NCCL,C0_DEFAULT,2048,2048,2048,16,1,1048576,3,0,181.792,0.000,0.000,0.000,PASS,0
mh_comm_C0_DEFAULT_N2048_q16_rep2,2,4,2,sm_89,COMM_ONLY,NCCL,C0_DEFAULT,2048,2048,2048,16,2,1048576,3,0,250.048,0.000,0.000,0.000,PASS,0
mh_comm_C0_DEFAULT_N2048_q16_rep2,2,4,2,sm_89,COMM_ONLY,NCCL,C0_DEFAULT,2048,2048,2048,16,3,1048576,3,0,318.912,0.000,0.000,0.000,PASS,0
mh_comm_C0_DEFAULT_N2048_q16_rep2,2,4,2,sm_89,COMM_ONLY,NCCL,C0_DEFAULT,2048,2048,2048,16,4,1048576,3,0,401.888,0.000,0.000,0.000,PASS,0
mh_comm_C0_DEFAULT_N2048_q16_rep2,2,4,2,sm_89,COMM_ONLY,NCCL,C0_DEFAULT,2048,2048,2048,16,5,1048576,3,0,470.304,0.000,0.000,0.000,PASS,0
mh_comm_C0_DEFAULT_N2048_q16_rep2,2,4,2,sm_89,COMM_ONLY,NCCL,C0_DEFAULT,2048,2048,2048,16,6,1048576,3,0,538.272,0.000,0.000,0.000,PASS,0
mh_comm_C0_DEFAULT_N2048_q16_rep2,2,4,2,sm_89,COMM_ONLY,NCCL,C0_DEFAULT,2048,2048,2048,16,7,1048576,3,0,610.336,0.000,0.000,0.000,PASS,0
mh_comm_C0_DEFAULT_N2048_q16_rep2,2,4,2,sm_89,COMM_ONLY,NCCL,C0_DEFAULT,2048,2048,2048,16,8,1048576,3,0,678.560,0.000,0.000,0.000,PASS,0
mh_comm_C0_DEFAULT_N2048_q16_rep2,2,4,2,sm_89,COMM_ONLY,NCCL,C0_DEFAULT,2048,2048,2048,16,9,1048576,3,0,747.424,0.000,0.000,0.000,PASS,0
mh_comm_C0_DEFAULT_N2048_q16_rep2,2,4,2,sm_89,COMM_ONLY,NCCL,C0_DEFAULT,2048,2048,2048,16,10,1048576,3,0,815.968,0.000,0.000,0.000,PASS,0
mh_comm_C0_DEFAULT_N2048_q16_rep2,2,4,2,sm_89,COMM_ONLY,NCCL,C0_DEFAULT,2048,2048,2048,16,11,1048576,3,0,897.536,0.000,0.000,0.000,PASS,0
mh_comm_C0_DEFAULT_N2048_q16_rep2,2,4,2,sm_89,COMM_ONLY,NCCL,C0_DEFAULT,2048,2048,2048,16,12,1048576,3,0,966.016,0.000,0.000,0.000,PASS,0
mh_comm_C0_DEFAULT_N2048_q16_rep2,2,4,2,sm_89,COMM_ONLY,NCCL,C0_DEFAULT,2048,2048,2048,16,13,1048576,3,0,1034.272,0.000,0.000,0.000,PASS,0
mh_comm_C0_DEFAULT_N2048_q16_rep2,2,4,2,sm_89,COMM_ONLY,NCCL,C0_DEFAULT,2048,2048,2048,16,14,1048576,3,0,1104.800,0.000,0.000,0.000,PASS,0
mh_comm_C0_DEFAULT_N2048_q16_rep2,2,4,2,sm_89,COMM_ONLY,NCCL,C0_DEFAULT,2048,2048,2048,16,15,1048576,3,0,1175.200,0.000,0.000,0.000,PASS,0
mh_comm_C0_DEFAULT_N2048_q16_rep2,2,4,2,sm_89,COMM_ONLY,NCCL,C0_DEFAULT,2048,2048,2048,16,0,1048576,4,0,101.856,0.000,0.000,0.000,PASS,0
mh_comm_C0_DEFAULT_N2048_q16_rep2,2,4,2,sm_89,COMM_ONLY,NCCL,C0_DEFAULT,2048,2048,2048,16,1,1048576,4,0,171.680,0.000,0.000,0.000,PASS,0
mh_comm_C0_DEFAULT_N2048_q16_rep2,2,4,2,sm_89,COMM_ONLY,NCCL,C0_DEFAULT,2048,2048,2048,16,2,1048576,4,0,240.032,0.000,0.000,0.000,PASS,0
mh_comm_C0_DEFAULT_N2048_q16_rep2,2,4,2,sm_89,COMM_ONLY,NCCL,C0_DEFAULT,2048,2048,2048,16,3,1048576,4,0,308.608,0.000,0.000,0.000,PASS,0
mh_comm_C0_DEFAULT_N2048_q16_rep2,2,4,2,sm_89,COMM_ONLY,NCCL,C0_DEFAULT,2048,2048,2048,16,4,1048576,4,0,378.848,0.000,0.000,0.000,PASS,0
mh_comm_C0_DEFAULT_N2048_q16_rep2,2,4,2,sm_89,COMM_ONLY,NCCL,C0_DEFAULT,2048,2048,2048,16,5,1048576,4,0,447.424,0.000,0.000,0.000,PASS,0
mh_comm_C0_DEFAULT_N2048_q16_rep2,2,4,2,sm_89,COMM_ONLY,NCCL,C0_DEFAULT,2048,2048,2048,16,6,1048576,4,0,515.520,0.000,0.000,0.000,PASS,0
mh_comm_C0_DEFAULT_N2048_q16_rep2,2,4,2,sm_89,COMM_ONLY,NCCL,C0_DEFAULT,2048,2048,2048,16,7,1048576,4,0,584.384,0.000,0.000,0.000,PASS,0
mh_comm_C0_DEFAULT_N2048_q16_rep2,2,4,2,sm_89,COMM_ONLY,NCCL,C0_DEFAULT,2048,2048,2048,16,8,1048576,4,0,653.824,0.000,0.000,0.000,PASS,0
mh_comm_C0_DEFAULT_N2048_q16_rep2,2,4,2,sm_89,COMM_ONLY,NCCL,C0_DEFAULT,2048,2048,2048,16,9,1048576,4,0,722.816,0.000,0.000,0.000,PASS,0
mh_comm_C0_DEFAULT_N2048_q16_rep2,2,4,2,sm_89,COMM_ONLY,NCCL,C0_DEFAULT,2048,2048,2048,16,10,1048576,4,0,792.128,0.000,0.000,0.000,PASS,0
mh_comm_C0_DEFAULT_N2048_q16_rep2,2,4,2,sm_89,COMM_ONLY,NCCL,C0_DEFAULT,2048,2048,2048,16,11,1048576,4,0,861.760,0.000,0.000,0.000,PASS,0
mh_comm_C0_DEFAULT_N2048_q16_rep2,2,4,2,sm_89,COMM_ONLY,NCCL,C0_DEFAULT,2048,2048,2048,16,12,1048576,4,0,931.264,0.000,0.000,0.000,PASS,0
mh_comm_C0_DEFAULT_N2048_q16_rep2,2,4,2,sm_89,COMM_ONLY,NCCL,C0_DEFAULT,2048,2048,2048,16,13,1048576,4,0,999.232,0.000,0.000,0.000,PASS,0
mh_comm_C0_DEFAULT_N2048_q16_rep2,2,4,2,sm_89,COMM_ONLY,NCCL,C0_DEFAULT,2048,2048,2048,16,14,1048576,4,0,1068.832,0.000,0.000,0.000,PASS,0
mh_comm_C0_DEFAULT_N2048_q16_rep2,2,4,2,sm_89,COMM_ONLY,NCCL,C0_DEFAULT,2048,2048,2048,16,15,1048576,4,0,1152.224,0.000,0.000,0.000,PASS,0
mh_comm_C0_DEFAULT_N2048_q16_rep2,2,4,2,sm_89,COMM_ONLY,NCCL,C0_DEFAULT,2048,2048,2048,16,0,1048576,5,0,111.072,0.000,0.000,0.000,PASS,0
mh_comm_C0_DEFAULT_N2048_q16_rep2,2,4,2,sm_89,COMM_ONLY,NCCL,C0_DEFAULT,2048,2048,2048,16,1,1048576,5,0,182.016,0.000,0.000,0.000,PASS,0
mh_comm_C0_DEFAULT_N2048_q16_rep2,2,4,2,sm_89,COMM_ONLY,NCCL,C0_DEFAULT,2048,2048,2048,16,2,1048576,5,0,249.920,0.000,0.000,0.000,PASS,0
mh_comm_C0_DEFAULT_N2048_q16_rep2,2,4,2,sm_89,COMM_ONLY,NCCL,C0_DEFAULT,2048,2048,2048,16,3,1048576,5,0,319.040,0.000,0.000,0.000,PASS,0
mh_comm_C0_DEFAULT_N2048_q16_rep2,2,4,2,sm_89,COMM_ONLY,NCCL,C0_DEFAULT,2048,2048,2048,16,4,1048576,5,0,392.960,0.000,0.000,0.000,PASS,0
mh_comm_C0_DEFAULT_N2048_q16_rep2,2,4,2,sm_89,COMM_ONLY,NCCL,C0_DEFAULT,2048,2048,2048,16,5,1048576,5,0,461.152,0.000,0.000,0.000,PASS,0
mh_comm_C0_DEFAULT_N2048_q16_rep2,2,4,2,sm_89,COMM_ONLY,NCCL,C0_DEFAULT,2048,2048,2048,16,6,1048576,5,0,530.176,0.000,0.000,0.000,PASS,0
mh_comm_C0_DEFAULT_N2048_q16_rep2,2,4,2,sm_89,COMM_ONLY,NCCL,C0_DEFAULT,2048,2048,2048,16,7,1048576,5,0,599.968,0.000,0.000,0.000,PASS,0
mh_comm_C0_DEFAULT_N2048_q16_rep2,2,4,2,sm_89,COMM_ONLY,NCCL,C0_DEFAULT,2048,2048,2048,16,8,1048576,5,0,668.000,0.000,0.000,0.000,PASS,0
mh_comm_C0_DEFAULT_N2048_q16_rep2,2,4,2,sm_89,COMM_ONLY,NCCL,C0_DEFAULT,2048,2048,2048,16,9,1048576,5,0,736.736,0.000,0.000,0.000,PASS,0
mh_comm_C0_DEFAULT_N2048_q16_rep2,2,4,2,sm_89,COMM_ONLY,NCCL,C0_DEFAULT,2048,2048,2048,16,10,1048576,5,0,805.376,0.000,0.000,0.000,PASS,0
mh_comm_C0_DEFAULT_N2048_q16_rep2,2,4,2,sm_89,COMM_ONLY,NCCL,C0_DEFAULT,2048,2048,2048,16,11,1048576,5,0,876.736,0.000,0.000,0.000,PASS,0
mh_comm_C0_DEFAULT_N2048_q16_rep2,2,4,2,sm_89,COMM_ONLY,NCCL,C0_DEFAULT,2048,2048,2048,16,12,1048576,5,0,944.608,0.000,0.000,0.000,PASS,0
mh_comm_C0_DEFAULT_N2048_q16_rep2,2,4,2,sm_89,COMM_ONLY,NCCL,C0_DEFAULT,2048,2048,2048,16,13,1048576,5,0,1013.184,0.000,0.000,0.000,PASS,0
mh_comm_C0_DEFAULT_N2048_q16_rep2,2,4,2,sm_89,COMM_ONLY,NCCL,C0_DEFAULT,2048,2048,2048,16,14,1048576,5,0,1083.488,0.000,0.000,0.000,PASS,0
mh_comm_C0_DEFAULT_N2048_q16_rep2,2,4,2,sm_89,COMM_ONLY,NCCL,C0_DEFAULT,2048,2048,2048,16,15,1048576,5,0,1158.272,0.000,0.000,0.000,PASS,0
mh_comm_C0_DEFAULT_N2048_q16_rep2,2,4,2,sm_89,COMM_ONLY,NCCL,C0_DEFAULT,2048,2048,2048,16,0,1048576,6,0,102.880,0.000,0.000,0.000,PASS,0
mh_comm_C0_DEFAULT_N2048_q16_rep2,2,4,2,sm_89,COMM_ONLY,NCCL,C0_DEFAULT,2048,2048,2048,16,1,1048576,6,0,173.152,0.000,0.000,0.000,PASS,0
mh_comm_C0_DEFAULT_N2048_q16_rep2,2,4,2,sm_89,COMM_ONLY,NCCL,C0_DEFAULT,2048,2048,2048,16,2,1048576,6,0,241.120,0.000,0.000,0.000,PASS,0
mh_comm_C0_DEFAULT_N2048_q16_rep2,2,4,2,sm_89,COMM_ONLY,NCCL,C0_DEFAULT,2048,2048,2048,16,3,1048576,6,0,309.600,0.000,0.000,0.000,PASS,0
mh_comm_C0_DEFAULT_N2048_q16_rep2,2,4,2,sm_89,COMM_ONLY,NCCL,C0_DEFAULT,2048,2048,2048,16,4,1048576,6,0,380.544,0.000,0.000,0.000,PASS,0
mh_comm_C0_DEFAULT_N2048_q16_rep2,2,4,2,sm_89,COMM_ONLY,NCCL,C0_DEFAULT,2048,2048,2048,16,5,1048576,6,0,459.808,0.000,0.000,0.000,PASS,0
mh_comm_C0_DEFAULT_N2048_q16_rep2,2,4,2,sm_89,COMM_ONLY,NCCL,C0_DEFAULT,2048,2048,2048,16,6,1048576,6,0,529.440,0.000,0.000,0.000,PASS,0
mh_comm_C0_DEFAULT_N2048_q16_rep2,2,4,2,sm_89,COMM_ONLY,NCCL,C0_DEFAULT,2048,2048,2048,16,7,1048576,6,0,605.216,0.000,0.000,0.000,PASS,0
mh_comm_C0_DEFAULT_N2048_q16_rep2,2,4,2,sm_89,COMM_ONLY,NCCL,C0_DEFAULT,2048,2048,2048,16,8,1048576,6,0,678.912,0.000,0.000,0.000,PASS,0
mh_comm_C0_DEFAULT_N2048_q16_rep2,2,4,2,sm_89,COMM_ONLY,NCCL,C0_DEFAULT,2048,2048,2048,16,9,1048576,6,0,763.424,0.000,0.000,0.000,PASS,0
mh_comm_C0_DEFAULT_N2048_q16_rep2,2,4,2,sm_89,COMM_ONLY,NCCL,C0_DEFAULT,2048,2048,2048,16,10,1048576,6,0,848.736,0.000,0.000,0.000,PASS,0
mh_comm_C0_DEFAULT_N2048_q16_rep2,2,4,2,sm_89,COMM_ONLY,NCCL,C0_DEFAULT,2048,2048,2048,16,11,1048576,6,0,919.168,0.000,0.000,0.000,PASS,0
mh_comm_C0_DEFAULT_N2048_q16_rep2,2,4,2,sm_89,COMM_ONLY,NCCL,C0_DEFAULT,2048,2048,2048,16,12,1048576,6,0,1007.040,0.000,0.000,0.000,PASS,0
mh_comm_C0_DEFAULT_N2048_q16_rep2,2,4,2,sm_89,COMM_ONLY,NCCL,C0_DEFAULT,2048,2048,2048,16,13,1048576,6,0,1104.416,0.000,0.000,0.000,PASS,0
mh_comm_C0_DEFAULT_N2048_q16_rep2,2,4,2,sm_89,COMM_ONLY,NCCL,C0_DEFAULT,2048,2048,2048,16,14,1048576,6,0,1186.368,0.000,0.000,0.000,PASS,0
mh_comm_C0_DEFAULT_N2048_q16_rep2,2,4,2,sm_89,COMM_ONLY,NCCL,C0_DEFAULT,2048,2048,2048,16,15,1048576,6,0,1255.584,0.000,0.000,0.000,PASS,0
mh_comm_C0_DEFAULT_N2048_q16_rep2,2,4,2,sm_89,COMM_ONLY,NCCL,C0_DEFAULT,2048,2048,2048,16,0,1048576,7,0,143.104,0.000,0.000,0.000,PASS,0
mh_comm_C0_DEFAULT_N2048_q16_rep2,2,4,2,sm_89,COMM_ONLY,NCCL,C0_DEFAULT,2048,2048,2048,16,1,1048576,7,0,218.880,0.000,0.000,0.000,PASS,0
mh_comm_C0_DEFAULT_N2048_q16_rep2,2,4,2,sm_89,COMM_ONLY,NCCL,C0_DEFAULT,2048,2048,2048,16,2,1048576,7,0,287.808,0.000,0.000,0.000,PASS,0
mh_comm_C0_DEFAULT_N2048_q16_rep2,2,4,2,sm_89,COMM_ONLY,NCCL,C0_DEFAULT,2048,2048,2048,16,3,1048576,7,0,357.568,0.000,0.000,0.000,PASS,0
mh_comm_C0_DEFAULT_N2048_q16_rep2,2,4,2,sm_89,COMM_ONLY,NCCL,C0_DEFAULT,2048,2048,2048,16,4,1048576,7,0,448.384,0.000,0.000,0.000,PASS,0
mh_comm_C0_DEFAULT_N2048_q16_rep2,2,4,2,sm_89,COMM_ONLY,NCCL,C0_DEFAULT,2048,2048,2048,16,5,1048576,7,0,518.496,0.000,0.000,0.000,PASS,0
mh_comm_C0_DEFAULT_N2048_q16_rep2,2,4,2,sm_89,COMM_ONLY,NCCL,C0_DEFAULT,2048,2048,2048,16,6,1048576,7,0,591.392,0.000,0.000,0.000,PASS,0
mh_comm_C0_DEFAULT_N2048_q16_rep2,2,4,2,sm_89,COMM_ONLY,NCCL,C0_DEFAULT,2048,2048,2048,16,7,1048576,7,0,660.384,0.000,0.000,0.000,PASS,0
mh_comm_C0_DEFAULT_N2048_q16_rep2,2,4,2,sm_89,COMM_ONLY,NCCL,C0_DEFAULT,2048,2048,2048,16,8,1048576,7,0,729.792,0.000,0.000,0.000,PASS,0
mh_comm_C0_DEFAULT_N2048_q16_rep2,2,4,2,sm_89,COMM_ONLY,NCCL,C0_DEFAULT,2048,2048,2048,16,9,1048576,7,0,800.864,0.000,0.000,0.000,PASS,0
mh_comm_C0_DEFAULT_N2048_q16_rep2,2,4,2,sm_89,COMM_ONLY,NCCL,C0_DEFAULT,2048,2048,2048,16,10,1048576,7,0,884.576,0.000,0.000,0.000,PASS,0
mh_comm_C0_DEFAULT_N2048_q16_rep2,2,4,2,sm_89,COMM_ONLY,NCCL,C0_DEFAULT,2048,2048,2048,16,11,1048576,7,0,956.288,0.000,0.000,0.000,PASS,0
mh_comm_C0_DEFAULT_N2048_q16_rep2,2,4,2,sm_89,COMM_ONLY,NCCL,C0_DEFAULT,2048,2048,2048,16,12,1048576,7,0,1026.400,0.000,0.000,0.000,PASS,0
mh_comm_C0_DEFAULT_N2048_q16_rep2,2,4,2,sm_89,COMM_ONLY,NCCL,C0_DEFAULT,2048,2048,2048,16,13,1048576,7,0,1096.320,0.000,0.000,0.000,PASS,0
mh_comm_C0_DEFAULT_N2048_q16_rep2,2,4,2,sm_89,COMM_ONLY,NCCL,C0_DEFAULT,2048,2048,2048,16,14,1048576,7,0,1165.728,0.000,0.000,0.000,PASS,0
mh_comm_C0_DEFAULT_N2048_q16_rep2,2,4,2,sm_89,COMM_ONLY,NCCL,C0_DEFAULT,2048,2048,2048,16,15,1048576,7,0,1235.360,0.000,0.000,0.000,PASS,0
mh_comm_C0_DEFAULT_N2048_q16_rep2,2,4,2,sm_89,COMM_ONLY,NCCL,C0_DEFAULT,2048,2048,2048,16,0,1048576,8,0,104.064,0.000,0.000,0.000,PASS,0
mh_comm_C0_DEFAULT_N2048_q16_rep2,2,4,2,sm_89,COMM_ONLY,NCCL,C0_DEFAULT,2048,2048,2048,16,1,1048576,8,0,177.600,0.000,0.000,0.000,PASS,0
mh_comm_C0_DEFAULT_N2048_q16_rep2,2,4,2,sm_89,COMM_ONLY,NCCL,C0_DEFAULT,2048,2048,2048,16,2,1048576,8,0,245.824,0.000,0.000,0.000,PASS,0
mh_comm_C0_DEFAULT_N2048_q16_rep2,2,4,2,sm_89,COMM_ONLY,NCCL,C0_DEFAULT,2048,2048,2048,16,3,1048576,8,0,315.424,0.000,0.000,0.000,PASS,0
mh_comm_C0_DEFAULT_N2048_q16_rep2,2,4,2,sm_89,COMM_ONLY,NCCL,C0_DEFAULT,2048,2048,2048,16,4,1048576,8,0,384.832,0.000,0.000,0.000,PASS,0
mh_comm_C0_DEFAULT_N2048_q16_rep2,2,4,2,sm_89,COMM_ONLY,NCCL,C0_DEFAULT,2048,2048,2048,16,5,1048576,8,0,453.280,0.000,0.000,0.000,PASS,0
mh_comm_C0_DEFAULT_N2048_q16_rep2,2,4,2,sm_89,COMM_ONLY,NCCL,C0_DEFAULT,2048,2048,2048,16,6,1048576,8,0,532.576,0.000,0.000,0.000,PASS,0
mh_comm_C0_DEFAULT_N2048_q16_rep2,2,4,2,sm_89,COMM_ONLY,NCCL,C0_DEFAULT,2048,2048,2048,16,7,1048576,8,0,611.488,0.000,0.000,0.000,PASS,0
mh_comm_C0_DEFAULT_N2048_q16_rep2,2,4,2,sm_89,COMM_ONLY,NCCL,C0_DEFAULT,2048,2048,2048,16,8,1048576,8,0,693.728,0.000,0.000,0.000,PASS,0
mh_comm_C0_DEFAULT_N2048_q16_rep2,2,4,2,sm_89,COMM_ONLY,NCCL,C0_DEFAULT,2048,2048,2048,16,9,1048576,8,0,762.368,0.000,0.000,0.000,PASS,0
mh_comm_C0_DEFAULT_N2048_q16_rep2,2,4,2,sm_89,COMM_ONLY,NCCL,C0_DEFAULT,2048,2048,2048,16,10,1048576,8,0,834.144,0.000,0.000,0.000,PASS,0
mh_comm_C0_DEFAULT_N2048_q16_rep2,2,4,2,sm_89,COMM_ONLY,NCCL,C0_DEFAULT,2048,2048,2048,16,11,1048576,8,0,906.560,0.000,0.000,0.000,PASS,0
mh_comm_C0_DEFAULT_N2048_q16_rep2,2,4,2,sm_89,COMM_ONLY,NCCL,C0_DEFAULT,2048,2048,2048,16,12,1048576,8,0,985.728,0.000,0.000,0.000,PASS,0
mh_comm_C0_DEFAULT_N2048_q16_rep2,2,4,2,sm_89,COMM_ONLY,NCCL,C0_DEFAULT,2048,2048,2048,16,13,1048576,8,0,1054.400,0.000,0.000,0.000,PASS,0
mh_comm_C0_DEFAULT_N2048_q16_rep2,2,4,2,sm_89,COMM_ONLY,NCCL,C0_DEFAULT,2048,2048,2048,16,14,1048576,8,0,1147.168,0.000,0.000,0.000,PASS,0
mh_comm_C0_DEFAULT_N2048_q16_rep2,2,4,2,sm_89,COMM_ONLY,NCCL,C0_DEFAULT,2048,2048,2048,16,15,1048576,8,0,1216.288,0.000,0.000,0.000,PASS,0
mh_comm_C0_DEFAULT_N2048_q16_rep2,2,4,2,sm_89,COMM_ONLY,NCCL,C0_DEFAULT,2048,2048,2048,16,0,1048576,9,0,112.000,0.000,0.000,0.000,PASS,0
mh_comm_C0_DEFAULT_N2048_q16_rep2,2,4,2,sm_89,COMM_ONLY,NCCL,C0_DEFAULT,2048,2048,2048,16,1,1048576,9,0,181.056,0.000,0.000,0.000,PASS,0
mh_comm_C0_DEFAULT_N2048_q16_rep2,2,4,2,sm_89,COMM_ONLY,NCCL,C0_DEFAULT,2048,2048,2048,16,2,1048576,9,0,254.208,0.000,0.000,0.000,PASS,0
mh_comm_C0_DEFAULT_N2048_q16_rep2,2,4,2,sm_89,COMM_ONLY,NCCL,C0_DEFAULT,2048,2048,2048,16,3,1048576,9,0,336.640,0.000,0.000,0.000,PASS,0
mh_comm_C0_DEFAULT_N2048_q16_rep2,2,4,2,sm_89,COMM_ONLY,NCCL,C0_DEFAULT,2048,2048,2048,16,4,1048576,9,0,416.928,0.000,0.000,0.000,PASS,0
mh_comm_C0_DEFAULT_N2048_q16_rep2,2,4,2,sm_89,COMM_ONLY,NCCL,C0_DEFAULT,2048,2048,2048,16,5,1048576,9,0,500.032,0.000,0.000,0.000,PASS,0
mh_comm_C0_DEFAULT_N2048_q16_rep2,2,4,2,sm_89,COMM_ONLY,NCCL,C0_DEFAULT,2048,2048,2048,16,6,1048576,9,0,573.312,0.000,0.000,0.000,PASS,0
mh_comm_C0_DEFAULT_N2048_q16_rep2,2,4,2,sm_89,COMM_ONLY,NCCL,C0_DEFAULT,2048,2048,2048,16,7,1048576,9,0,641.984,0.000,0.000,0.000,PASS,0
mh_comm_C0_DEFAULT_N2048_q16_rep2,2,4,2,sm_89,COMM_ONLY,NCCL,C0_DEFAULT,2048,2048,2048,16,8,1048576,9,0,709.792,0.000,0.000,0.000,PASS,0
mh_comm_C0_DEFAULT_N2048_q16_rep2,2,4,2,sm_89,COMM_ONLY,NCCL,C0_DEFAULT,2048,2048,2048,16,9,1048576,9,0,800.064,0.000,0.000,0.000,PASS,0
mh_comm_C0_DEFAULT_N2048_q16_rep2,2,4,2,sm_89,COMM_ONLY,NCCL,C0_DEFAULT,2048,2048,2048,16,10,1048576,9,0,892.192,0.000,0.000,0.000,PASS,0
mh_comm_C0_DEFAULT_N2048_q16_rep2,2,4,2,sm_89,COMM_ONLY,NCCL,C0_DEFAULT,2048,2048,2048,16,11,1048576,9,0,961.536,0.000,0.000,0.000,PASS,0
mh_comm_C0_DEFAULT_N2048_q16_rep2,2,4,2,sm_89,COMM_ONLY,NCCL,C0_DEFAULT,2048,2048,2048,16,12,1048576,9,0,1030.368,0.000,0.000,0.000,PASS,0
mh_comm_C0_DEFAULT_N2048_q16_rep2,2,4,2,sm_89,COMM_ONLY,NCCL,C0_DEFAULT,2048,2048,2048,16,13,1048576,9,0,1098.816,0.000,0.000,0.000,PASS,0
mh_comm_C0_DEFAULT_N2048_q16_rep2,2,4,2,sm_89,COMM_ONLY,NCCL,C0_DEFAULT,2048,2048,2048,16,14,1048576,9,0,1172.864,0.000,0.000,0.000,PASS,0
mh_comm_C0_DEFAULT_N2048_q16_rep2,2,4,2,sm_89,COMM_ONLY,NCCL,C0_DEFAULT,2048,2048,2048,16,15,1048576,9,0,1255.392,0.000,0.000,0.000,PASS,0
mh_comm_C0_DEFAULT_N2048_q16_rep2,2,4,2,sm_89,COMM_ONLY,NCCL,C0_DEFAULT,2048,2048,2048,16,0,1048576,10,0,112.480,0.000,0.000,0.000,PASS,0
mh_comm_C0_DEFAULT_N2048_q16_rep2,2,4,2,sm_89,COMM_ONLY,NCCL,C0_DEFAULT,2048,2048,2048,16,1,1048576,10,0,184.832,0.000,0.000,0.000,PASS,0
mh_comm_C0_DEFAULT_N2048_q16_rep2,2,4,2,sm_89,COMM_ONLY,NCCL,C0_DEFAULT,2048,2048,2048,16,2,1048576,10,0,252.448,0.000,0.000,0.000,PASS,0
mh_comm_C0_DEFAULT_N2048_q16_rep2,2,4,2,sm_89,COMM_ONLY,NCCL,C0_DEFAULT,2048,2048,2048,16,3,1048576,10,0,320.416,0.000,0.000,0.000,PASS,0
mh_comm_C0_DEFAULT_N2048_q16_rep2,2,4,2,sm_89,COMM_ONLY,NCCL,C0_DEFAULT,2048,2048,2048,16,4,1048576,10,0,390.464,0.000,0.000,0.000,PASS,0
mh_comm_C0_DEFAULT_N2048_q16_rep2,2,4,2,sm_89,COMM_ONLY,NCCL,C0_DEFAULT,2048,2048,2048,16,5,1048576,10,0,459.392,0.000,0.000,0.000,PASS,0
mh_comm_C0_DEFAULT_N2048_q16_rep2,2,4,2,sm_89,COMM_ONLY,NCCL,C0_DEFAULT,2048,2048,2048,16,6,1048576,10,0,527.616,0.000,0.000,0.000,PASS,0
mh_comm_C0_DEFAULT_N2048_q16_rep2,2,4,2,sm_89,COMM_ONLY,NCCL,C0_DEFAULT,2048,2048,2048,16,7,1048576,10,0,597.984,0.000,0.000,0.000,PASS,0
mh_comm_C0_DEFAULT_N2048_q16_rep2,2,4,2,sm_89,COMM_ONLY,NCCL,C0_DEFAULT,2048,2048,2048,16,8,1048576,10,0,676.992,0.000,0.000,0.000,PASS,0
mh_comm_C0_DEFAULT_N2048_q16_rep2,2,4,2,sm_89,COMM_ONLY,NCCL,C0_DEFAULT,2048,2048,2048,16,9,1048576,10,0,747.392,0.000,0.000,0.000,PASS,0
mh_comm_C0_DEFAULT_N2048_q16_rep2,2,4,2,sm_89,COMM_ONLY,NCCL,C0_DEFAULT,2048,2048,2048,16,10,1048576,10,0,816.928,0.000,0.000,0.000,PASS,0
mh_comm_C0_DEFAULT_N2048_q16_rep2,2,4,2,sm_89,COMM_ONLY,NCCL,C0_DEFAULT,2048,2048,2048,16,11,1048576,10,0,898.208,0.000,0.000,0.000,PASS,0
mh_comm_C0_DEFAULT_N2048_q16_rep2,2,4,2,sm_89,COMM_ONLY,NCCL,C0_DEFAULT,2048,2048,2048,16,12,1048576,10,0,978.912,0.000,0.000,0.000,PASS,0
mh_comm_C0_DEFAULT_N2048_q16_rep2,2,4,2,sm_89,COMM_ONLY,NCCL,C0_DEFAULT,2048,2048,2048,16,13,1048576,10,0,1048.032,0.000,0.000,0.000,PASS,0
mh_comm_C0_DEFAULT_N2048_q16_rep2,2,4,2,sm_89,COMM_ONLY,NCCL,C0_DEFAULT,2048,2048,2048,16,14,1048576,10,0,1117.760,0.000,0.000,0.000,PASS,0
mh_comm_C0_DEFAULT_N2048_q16_rep2,2,4,2,sm_89,COMM_ONLY,NCCL,C0_DEFAULT,2048,2048,2048,16,15,1048576,10,0,1186.496,0.000,0.000,0.000,PASS,0
mh_comm_C0_DEFAULT_N2048_q16_rep2,2,4,2,sm_89,COMM_ONLY,NCCL,C0_DEFAULT,2048,2048,2048,16,0,1048576,11,0,102.592,0.000,0.000,0.000,PASS,0
mh_comm_C0_DEFAULT_N2048_q16_rep2,2,4,2,sm_89,COMM_ONLY,NCCL,C0_DEFAULT,2048,2048,2048,16,1,1048576,11,0,172.256,0.000,0.000,0.000,PASS,0
mh_comm_C0_DEFAULT_N2048_q16_rep2,2,4,2,sm_89,COMM_ONLY,NCCL,C0_DEFAULT,2048,2048,2048,16,2,1048576,11,0,242.944,0.000,0.000,0.000,PASS,0
mh_comm_C0_DEFAULT_N2048_q16_rep2,2,4,2,sm_89,COMM_ONLY,NCCL,C0_DEFAULT,2048,2048,2048,16,3,1048576,11,0,311.072,0.000,0.000,0.000,PASS,0
mh_comm_C0_DEFAULT_N2048_q16_rep2,2,4,2,sm_89,COMM_ONLY,NCCL,C0_DEFAULT,2048,2048,2048,16,4,1048576,11,0,381.312,0.000,0.000,0.000,PASS,0
mh_comm_C0_DEFAULT_N2048_q16_rep2,2,4,2,sm_89,COMM_ONLY,NCCL,C0_DEFAULT,2048,2048,2048,16,5,1048576,11,0,448.960,0.000,0.000,0.000,PASS,0
mh_comm_C0_DEFAULT_N2048_q16_rep2,2,4,2,sm_89,COMM_ONLY,NCCL,C0_DEFAULT,2048,2048,2048,16,6,1048576,11,0,517.120,0.000,0.000,0.000,PASS,0
mh_comm_C0_DEFAULT_N2048_q16_rep2,2,4,2,sm_89,COMM_ONLY,NCCL,C0_DEFAULT,2048,2048,2048,16,7,1048576,11,0,589.472,0.000,0.000,0.000,PASS,0
mh_comm_C0_DEFAULT_N2048_q16_rep2,2,4,2,sm_89,COMM_ONLY,NCCL,C0_DEFAULT,2048,2048,2048,16,8,1048576,11,0,658.336,0.000,0.000,0.000,PASS,0
mh_comm_C0_DEFAULT_N2048_q16_rep2,2,4,2,sm_89,COMM_ONLY,NCCL,C0_DEFAULT,2048,2048,2048,16,9,1048576,11,0,726.944,0.000,0.000,0.000,PASS,0
mh_comm_C0_DEFAULT_N2048_q16_rep2,2,4,2,sm_89,COMM_ONLY,NCCL,C0_DEFAULT,2048,2048,2048,16,10,1048576,11,0,795.872,0.000,0.000,0.000,PASS,0
mh_comm_C0_DEFAULT_N2048_q16_rep2,2,4,2,sm_89,COMM_ONLY,NCCL,C0_DEFAULT,2048,2048,2048,16,11,1048576,11,0,865.152,0.000,0.000,0.000,PASS,0
mh_comm_C0_DEFAULT_N2048_q16_rep2,2,4,2,sm_89,COMM_ONLY,NCCL,C0_DEFAULT,2048,2048,2048,16,12,1048576,11,0,949.600,0.000,0.000,0.000,PASS,0
mh_comm_C0_DEFAULT_N2048_q16_rep2,2,4,2,sm_89,COMM_ONLY,NCCL,C0_DEFAULT,2048,2048,2048,16,13,1048576,11,0,1022.432,0.000,0.000,0.000,PASS,0
mh_comm_C0_DEFAULT_N2048_q16_rep2,2,4,2,sm_89,COMM_ONLY,NCCL,C0_DEFAULT,2048,2048,2048,16,14,1048576,11,0,1091.200,0.000,0.000,0.000,PASS,0
mh_comm_C0_DEFAULT_N2048_q16_rep2,2,4,2,sm_89,COMM_ONLY,NCCL,C0_DEFAULT,2048,2048,2048,16,15,1048576,11,0,1159.872,0.000,0.000,0.000,PASS,0
mh_comm_C0_DEFAULT_N2048_q16_rep2,2,4,2,sm_89,COMM_ONLY,NCCL,C0_DEFAULT,2048,2048,2048,16,0,1048576,12,0,103.072,0.000,0.000,0.000,PASS,0
mh_comm_C0_DEFAULT_N2048_q16_rep2,2,4,2,sm_89,COMM_ONLY,NCCL,C0_DEFAULT,2048,2048,2048,16,1,1048576,12,0,170.816,0.000,0.000,0.000,PASS,0
mh_comm_C0_DEFAULT_N2048_q16_rep2,2,4,2,sm_89,COMM_ONLY,NCCL,C0_DEFAULT,2048,2048,2048,16,2,1048576,12,0,239.936,0.000,0.000,0.000,PASS,0
mh_comm_C0_DEFAULT_N2048_q16_rep2,2,4,2,sm_89,COMM_ONLY,NCCL,C0_DEFAULT,2048,2048,2048,16,3,1048576,12,0,309.152,0.000,0.000,0.000,PASS,0
mh_comm_C0_DEFAULT_N2048_q16_rep2,2,4,2,sm_89,COMM_ONLY,NCCL,C0_DEFAULT,2048,2048,2048,16,4,1048576,12,0,379.680,0.000,0.000,0.000,PASS,0
mh_comm_C0_DEFAULT_N2048_q16_rep2,2,4,2,sm_89,COMM_ONLY,NCCL,C0_DEFAULT,2048,2048,2048,16,5,1048576,12,0,447.744,0.000,0.000,0.000,PASS,0
mh_comm_C0_DEFAULT_N2048_q16_rep2,2,4,2,sm_89,COMM_ONLY,NCCL,C0_DEFAULT,2048,2048,2048,16,6,1048576,12,0,516.320,0.000,0.000,0.000,PASS,0
mh_comm_C0_DEFAULT_N2048_q16_rep2,2,4,2,sm_89,COMM_ONLY,NCCL,C0_DEFAULT,2048,2048,2048,16,7,1048576,12,0,586.432,0.000,0.000,0.000,PASS,0
mh_comm_C0_DEFAULT_N2048_q16_rep2,2,4,2,sm_89,COMM_ONLY,NCCL,C0_DEFAULT,2048,2048,2048,16,8,1048576,12,0,655.232,0.000,0.000,0.000,PASS,0
mh_comm_C0_DEFAULT_N2048_q16_rep2,2,4,2,sm_89,COMM_ONLY,NCCL,C0_DEFAULT,2048,2048,2048,16,9,1048576,12,0,738.688,0.000,0.000,0.000,PASS,0
mh_comm_C0_DEFAULT_N2048_q16_rep2,2,4,2,sm_89,COMM_ONLY,NCCL,C0_DEFAULT,2048,2048,2048,16,10,1048576,12,0,807.968,0.000,0.000,0.000,PASS,0
mh_comm_C0_DEFAULT_N2048_q16_rep2,2,4,2,sm_89,COMM_ONLY,NCCL,C0_DEFAULT,2048,2048,2048,16,11,1048576,12,0,880.736,0.000,0.000,0.000,PASS,0
mh_comm_C0_DEFAULT_N2048_q16_rep2,2,4,2,sm_89,COMM_ONLY,NCCL,C0_DEFAULT,2048,2048,2048,16,12,1048576,12,0,949.312,0.000,0.000,0.000,PASS,0
mh_comm_C0_DEFAULT_N2048_q16_rep2,2,4,2,sm_89,COMM_ONLY,NCCL,C0_DEFAULT,2048,2048,2048,16,13,1048576,12,0,1017.696,0.000,0.000,0.000,PASS,0
mh_comm_C0_DEFAULT_N2048_q16_rep2,2,4,2,sm_89,COMM_ONLY,NCCL,C0_DEFAULT,2048,2048,2048,16,14,1048576,12,0,1088.768,0.000,0.000,0.000,PASS,0
mh_comm_C0_DEFAULT_N2048_q16_rep2,2,4,2,sm_89,COMM_ONLY,NCCL,C0_DEFAULT,2048,2048,2048,16,15,1048576,12,0,1161.056,0.000,0.000,0.000,PASS,0
mh_comm_C0_DEFAULT_N2048_q16_rep2,2,4,2,sm_89,COMM_ONLY,NCCL,C0_DEFAULT,2048,2048,2048,16,0,1048576,13,0,101.568,0.000,0.000,0.000,PASS,0
mh_comm_C0_DEFAULT_N2048_q16_rep2,2,4,2,sm_89,COMM_ONLY,NCCL,C0_DEFAULT,2048,2048,2048,16,1,1048576,13,0,171.616,0.000,0.000,0.000,PASS,0
mh_comm_C0_DEFAULT_N2048_q16_rep2,2,4,2,sm_89,COMM_ONLY,NCCL,C0_DEFAULT,2048,2048,2048,16,2,1048576,13,0,239.648,0.000,0.000,0.000,PASS,0
mh_comm_C0_DEFAULT_N2048_q16_rep2,2,4,2,sm_89,COMM_ONLY,NCCL,C0_DEFAULT,2048,2048,2048,16,3,1048576,13,0,308.256,0.000,0.000,0.000,PASS,0
mh_comm_C0_DEFAULT_N2048_q16_rep2,2,4,2,sm_89,COMM_ONLY,NCCL,C0_DEFAULT,2048,2048,2048,16,4,1048576,13,0,377.408,0.000,0.000,0.000,PASS,0
mh_comm_C0_DEFAULT_N2048_q16_rep2,2,4,2,sm_89,COMM_ONLY,NCCL,C0_DEFAULT,2048,2048,2048,16,5,1048576,13,0,444.832,0.000,0.000,0.000,PASS,0
mh_comm_C0_DEFAULT_N2048_q16_rep2,2,4,2,sm_89,COMM_ONLY,NCCL,C0_DEFAULT,2048,2048,2048,16,6,1048576,13,0,515.136,0.000,0.000,0.000,PASS,0
mh_comm_C0_DEFAULT_N2048_q16_rep2,2,4,2,sm_89,COMM_ONLY,NCCL,C0_DEFAULT,2048,2048,2048,16,7,1048576,13,0,584.000,0.000,0.000,0.000,PASS,0
mh_comm_C0_DEFAULT_N2048_q16_rep2,2,4,2,sm_89,COMM_ONLY,NCCL,C0_DEFAULT,2048,2048,2048,16,8,1048576,13,0,655.424,0.000,0.000,0.000,PASS,0
mh_comm_C0_DEFAULT_N2048_q16_rep2,2,4,2,sm_89,COMM_ONLY,NCCL,C0_DEFAULT,2048,2048,2048,16,9,1048576,13,0,724.480,0.000,0.000,0.000,PASS,0
mh_comm_C0_DEFAULT_N2048_q16_rep2,2,4,2,sm_89,COMM_ONLY,NCCL,C0_DEFAULT,2048,2048,2048,16,10,1048576,13,0,794.528,0.000,0.000,0.000,PASS,0
mh_comm_C0_DEFAULT_N2048_q16_rep2,2,4,2,sm_89,COMM_ONLY,NCCL,C0_DEFAULT,2048,2048,2048,16,11,1048576,13,0,865.568,0.000,0.000,0.000,PASS,0
mh_comm_C0_DEFAULT_N2048_q16_rep2,2,4,2,sm_89,COMM_ONLY,NCCL,C0_DEFAULT,2048,2048,2048,16,12,1048576,13,0,934.016,0.000,0.000,0.000,PASS,0
mh_comm_C0_DEFAULT_N2048_q16_rep2,2,4,2,sm_89,COMM_ONLY,NCCL,C0_DEFAULT,2048,2048,2048,16,13,1048576,13,0,1003.040,0.000,0.000,0.000,PASS,0
mh_comm_C0_DEFAULT_N2048_q16_rep2,2,4,2,sm_89,COMM_ONLY,NCCL,C0_DEFAULT,2048,2048,2048,16,14,1048576,13,0,1073.984,0.000,0.000,0.000,PASS,0
mh_comm_C0_DEFAULT_N2048_q16_rep2,2,4,2,sm_89,COMM_ONLY,NCCL,C0_DEFAULT,2048,2048,2048,16,15,1048576,13,0,1143.232,0.000,0.000,0.000,PASS,0
mh_comm_C0_DEFAULT_N2048_q16_rep2,2,4,2,sm_89,COMM_ONLY,NCCL,C0_DEFAULT,2048,2048,2048,16,0,1048576,14,0,98.752,0.000,0.000,0.000,PASS,0
mh_comm_C0_DEFAULT_N2048_q16_rep2,2,4,2,sm_89,COMM_ONLY,NCCL,C0_DEFAULT,2048,2048,2048,16,1,1048576,14,0,168.064,0.000,0.000,0.000,PASS,0
mh_comm_C0_DEFAULT_N2048_q16_rep2,2,4,2,sm_89,COMM_ONLY,NCCL,C0_DEFAULT,2048,2048,2048,16,2,1048576,14,0,236.544,0.000,0.000,0.000,PASS,0
mh_comm_C0_DEFAULT_N2048_q16_rep2,2,4,2,sm_89,COMM_ONLY,NCCL,C0_DEFAULT,2048,2048,2048,16,3,1048576,14,0,306.496,0.000,0.000,0.000,PASS,0
mh_comm_C0_DEFAULT_N2048_q16_rep2,2,4,2,sm_89,COMM_ONLY,NCCL,C0_DEFAULT,2048,2048,2048,16,4,1048576,14,0,377.280,0.000,0.000,0.000,PASS,0
mh_comm_C0_DEFAULT_N2048_q16_rep2,2,4,2,sm_89,COMM_ONLY,NCCL,C0_DEFAULT,2048,2048,2048,16,5,1048576,14,0,445.568,0.000,0.000,0.000,PASS,0
mh_comm_C0_DEFAULT_N2048_q16_rep2,2,4,2,sm_89,COMM_ONLY,NCCL,C0_DEFAULT,2048,2048,2048,16,6,1048576,14,0,513.664,0.000,0.000,0.000,PASS,0
mh_comm_C0_DEFAULT_N2048_q16_rep2,2,4,2,sm_89,COMM_ONLY,NCCL,C0_DEFAULT,2048,2048,2048,16,7,1048576,14,0,584.096,0.000,0.000,0.000,PASS,0
mh_comm_C0_DEFAULT_N2048_q16_rep2,2,4,2,sm_89,COMM_ONLY,NCCL,C0_DEFAULT,2048,2048,2048,16,8,1048576,14,0,651.424,0.000,0.000,0.000,PASS,0
mh_comm_C0_DEFAULT_N2048_q16_rep2,2,4,2,sm_89,COMM_ONLY,NCCL,C0_DEFAULT,2048,2048,2048,16,9,1048576,14,0,722.688,0.000,0.000,0.000,PASS,0
mh_comm_C0_DEFAULT_N2048_q16_rep2,2,4,2,sm_89,COMM_ONLY,NCCL,C0_DEFAULT,2048,2048,2048,16,10,1048576,14,0,792.480,0.000,0.000,0.000,PASS,0
mh_comm_C0_DEFAULT_N2048_q16_rep2,2,4,2,sm_89,COMM_ONLY,NCCL,C0_DEFAULT,2048,2048,2048,16,11,1048576,14,0,861.792,0.000,0.000,0.000,PASS,0
mh_comm_C0_DEFAULT_N2048_q16_rep2,2,4,2,sm_89,COMM_ONLY,NCCL,C0_DEFAULT,2048,2048,2048,16,12,1048576,14,0,930.784,0.000,0.000,0.000,PASS,0
mh_comm_C0_DEFAULT_N2048_q16_rep2,2,4,2,sm_89,COMM_ONLY,NCCL,C0_DEFAULT,2048,2048,2048,16,13,1048576,14,0,1001.248,0.000,0.000,0.000,PASS,0
mh_comm_C0_DEFAULT_N2048_q16_rep2,2,4,2,sm_89,COMM_ONLY,NCCL,C0_DEFAULT,2048,2048,2048,16,14,1048576,14,0,1071.200,0.000,0.000,0.000,PASS,0
mh_comm_C0_DEFAULT_N2048_q16_rep2,2,4,2,sm_89,COMM_ONLY,NCCL,C0_DEFAULT,2048,2048,2048,16,15,1048576,14,0,1152.576,0.000,0.000,0.000,PASS,0
mh_comm_C0_DEFAULT_N2048_q16_rep2,2,4,2,sm_89,COMM_ONLY,NCCL,C0_DEFAULT,2048,2048,2048,16,0,1048576,15,0,112.416,0.000,0.000,0.000,PASS,0
mh_comm_C0_DEFAULT_N2048_q16_rep2,2,4,2,sm_89,COMM_ONLY,NCCL,C0_DEFAULT,2048,2048,2048,16,1,1048576,15,0,193.056,0.000,0.000,0.000,PASS,0
mh_comm_C0_DEFAULT_N2048_q16_rep2,2,4,2,sm_89,COMM_ONLY,NCCL,C0_DEFAULT,2048,2048,2048,16,2,1048576,15,0,260.992,0.000,0.000,0.000,PASS,0
mh_comm_C0_DEFAULT_N2048_q16_rep2,2,4,2,sm_89,COMM_ONLY,NCCL,C0_DEFAULT,2048,2048,2048,16,3,1048576,15,0,330.176,0.000,0.000,0.000,PASS,0
mh_comm_C0_DEFAULT_N2048_q16_rep2,2,4,2,sm_89,COMM_ONLY,NCCL,C0_DEFAULT,2048,2048,2048,16,4,1048576,15,0,399.744,0.000,0.000,0.000,PASS,0
mh_comm_C0_DEFAULT_N2048_q16_rep2,2,4,2,sm_89,COMM_ONLY,NCCL,C0_DEFAULT,2048,2048,2048,16,5,1048576,15,0,471.904,0.000,0.000,0.000,PASS,0
mh_comm_C0_DEFAULT_N2048_q16_rep2,2,4,2,sm_89,COMM_ONLY,NCCL,C0_DEFAULT,2048,2048,2048,16,6,1048576,15,0,541.120,0.000,0.000,0.000,PASS,0
mh_comm_C0_DEFAULT_N2048_q16_rep2,2,4,2,sm_89,COMM_ONLY,NCCL,C0_DEFAULT,2048,2048,2048,16,7,1048576,15,0,609.952,0.000,0.000,0.000,PASS,0
mh_comm_C0_DEFAULT_N2048_q16_rep2,2,4,2,sm_89,COMM_ONLY,NCCL,C0_DEFAULT,2048,2048,2048,16,8,1048576,15,0,678.976,0.000,0.000,0.000,PASS,0
mh_comm_C0_DEFAULT_N2048_q16_rep2,2,4,2,sm_89,COMM_ONLY,NCCL,C0_DEFAULT,2048,2048,2048,16,9,1048576,15,0,750.464,0.000,0.000,0.000,PASS,0
mh_comm_C0_DEFAULT_N2048_q16_rep2,2,4,2,sm_89,COMM_ONLY,NCCL,C0_DEFAULT,2048,2048,2048,16,10,1048576,15,0,819.648,0.000,0.000,0.000,PASS,0
mh_comm_C0_DEFAULT_N2048_q16_rep2,2,4,2,sm_89,COMM_ONLY,NCCL,C0_DEFAULT,2048,2048,2048,16,11,1048576,15,0,888.576,0.000,0.000,0.000,PASS,0
mh_comm_C0_DEFAULT_N2048_q16_rep2,2,4,2,sm_89,COMM_ONLY,NCCL,C0_DEFAULT,2048,2048,2048,16,12,1048576,15,0,956.800,0.000,0.000,0.000,PASS,0
mh_comm_C0_DEFAULT_N2048_q16_rep2,2,4,2,sm_89,COMM_ONLY,NCCL,C0_DEFAULT,2048,2048,2048,16,13,1048576,15,0,1025.920,0.000,0.000,0.000,PASS,0
mh_comm_C0_DEFAULT_N2048_q16_rep2,2,4,2,sm_89,COMM_ONLY,NCCL,C0_DEFAULT,2048,2048,2048,16,14,1048576,15,0,1098.880,0.000,0.000,0.000,PASS,0
mh_comm_C0_DEFAULT_N2048_q16_rep2,2,4,2,sm_89,COMM_ONLY,NCCL,C0_DEFAULT,2048,2048,2048,16,15,1048576,15,0,1180.128,0.000,0.000,0.000,PASS,0
mh_comm_C0_DEFAULT_N2048_q16_rep2,2,4,2,sm_89,COMM_ONLY,NCCL,C0_DEFAULT,2048,2048,2048,16,0,1048576,16,0,101.344,0.000,0.000,0.000,PASS,0
mh_comm_C0_DEFAULT_N2048_q16_rep2,2,4,2,sm_89,COMM_ONLY,NCCL,C0_DEFAULT,2048,2048,2048,16,1,1048576,16,0,171.264,0.000,0.000,0.000,PASS,0
mh_comm_C0_DEFAULT_N2048_q16_rep2,2,4,2,sm_89,COMM_ONLY,NCCL,C0_DEFAULT,2048,2048,2048,16,2,1048576,16,0,238.848,0.000,0.000,0.000,PASS,0
mh_comm_C0_DEFAULT_N2048_q16_rep2,2,4,2,sm_89,COMM_ONLY,NCCL,C0_DEFAULT,2048,2048,2048,16,3,1048576,16,0,311.168,0.000,0.000,0.000,PASS,0
mh_comm_C0_DEFAULT_N2048_q16_rep2,2,4,2,sm_89,COMM_ONLY,NCCL,C0_DEFAULT,2048,2048,2048,16,4,1048576,16,0,381.440,0.000,0.000,0.000,PASS,0
mh_comm_C0_DEFAULT_N2048_q16_rep2,2,4,2,sm_89,COMM_ONLY,NCCL,C0_DEFAULT,2048,2048,2048,16,5,1048576,16,0,450.848,0.000,0.000,0.000,PASS,0
mh_comm_C0_DEFAULT_N2048_q16_rep2,2,4,2,sm_89,COMM_ONLY,NCCL,C0_DEFAULT,2048,2048,2048,16,6,1048576,16,0,519.616,0.000,0.000,0.000,PASS,0
mh_comm_C0_DEFAULT_N2048_q16_rep2,2,4,2,sm_89,COMM_ONLY,NCCL,C0_DEFAULT,2048,2048,2048,16,7,1048576,16,0,588.192,0.000,0.000,0.000,PASS,0
mh_comm_C0_DEFAULT_N2048_q16_rep2,2,4,2,sm_89,COMM_ONLY,NCCL,C0_DEFAULT,2048,2048,2048,16,8,1048576,16,0,658.976,0.000,0.000,0.000,PASS,0
mh_comm_C0_DEFAULT_N2048_q16_rep2,2,4,2,sm_89,COMM_ONLY,NCCL,C0_DEFAULT,2048,2048,2048,16,9,1048576,16,0,726.976,0.000,0.000,0.000,PASS,0
mh_comm_C0_DEFAULT_N2048_q16_rep2,2,4,2,sm_89,COMM_ONLY,NCCL,C0_DEFAULT,2048,2048,2048,16,10,1048576,16,0,796.256,0.000,0.000,0.000,PASS,0
mh_comm_C0_DEFAULT_N2048_q16_rep2,2,4,2,sm_89,COMM_ONLY,NCCL,C0_DEFAULT,2048,2048,2048,16,11,1048576,16,0,866.880,0.000,0.000,0.000,PASS,0
mh_comm_C0_DEFAULT_N2048_q16_rep2,2,4,2,sm_89,COMM_ONLY,NCCL,C0_DEFAULT,2048,2048,2048,16,12,1048576,16,0,936.352,0.000,0.000,0.000,PASS,0
mh_comm_C0_DEFAULT_N2048_q16_rep2,2,4,2,sm_89,COMM_ONLY,NCCL,C0_DEFAULT,2048,2048,2048,16,13,1048576,16,0,1003.968,0.000,0.000,0.000,PASS,0
mh_comm_C0_DEFAULT_N2048_q16_rep2,2,4,2,sm_89,COMM_ONLY,NCCL,C0_DEFAULT,2048,2048,2048,16,14,1048576,16,0,1081.984,0.000,0.000,0.000,PASS,0
mh_comm_C0_DEFAULT_N2048_q16_rep2,2,4,2,sm_89,COMM_ONLY,NCCL,C0_DEFAULT,2048,2048,2048,16,15,1048576,16,0,1151.392,0.000,0.000,0.000,PASS,0
mh_comm_C0_DEFAULT_N2048_q16_rep2,2,4,2,sm_89,COMM_ONLY,NCCL,C0_DEFAULT,2048,2048,2048,16,0,1048576,17,0,101.856,0.000,0.000,0.000,PASS,0
mh_comm_C0_DEFAULT_N2048_q16_rep2,2,4,2,sm_89,COMM_ONLY,NCCL,C0_DEFAULT,2048,2048,2048,16,1,1048576,17,0,173.600,0.000,0.000,0.000,PASS,0
mh_comm_C0_DEFAULT_N2048_q16_rep2,2,4,2,sm_89,COMM_ONLY,NCCL,C0_DEFAULT,2048,2048,2048,16,2,1048576,17,0,241.824,0.000,0.000,0.000,PASS,0
mh_comm_C0_DEFAULT_N2048_q16_rep2,2,4,2,sm_89,COMM_ONLY,NCCL,C0_DEFAULT,2048,2048,2048,16,3,1048576,17,0,315.552,0.000,0.000,0.000,PASS,0
mh_comm_C0_DEFAULT_N2048_q16_rep2,2,4,2,sm_89,COMM_ONLY,NCCL,C0_DEFAULT,2048,2048,2048,16,4,1048576,17,0,384.224,0.000,0.000,0.000,PASS,0
mh_comm_C0_DEFAULT_N2048_q16_rep2,2,4,2,sm_89,COMM_ONLY,NCCL,C0_DEFAULT,2048,2048,2048,16,5,1048576,17,0,453.056,0.000,0.000,0.000,PASS,0
mh_comm_C0_DEFAULT_N2048_q16_rep2,2,4,2,sm_89,COMM_ONLY,NCCL,C0_DEFAULT,2048,2048,2048,16,6,1048576,17,0,522.144,0.000,0.000,0.000,PASS,0
mh_comm_C0_DEFAULT_N2048_q16_rep2,2,4,2,sm_89,COMM_ONLY,NCCL,C0_DEFAULT,2048,2048,2048,16,7,1048576,17,0,590.720,0.000,0.000,0.000,PASS,0
mh_comm_C0_DEFAULT_N2048_q16_rep2,2,4,2,sm_89,COMM_ONLY,NCCL,C0_DEFAULT,2048,2048,2048,16,8,1048576,17,0,660.032,0.000,0.000,0.000,PASS,0
mh_comm_C0_DEFAULT_N2048_q16_rep2,2,4,2,sm_89,COMM_ONLY,NCCL,C0_DEFAULT,2048,2048,2048,16,9,1048576,17,0,728.352,0.000,0.000,0.000,PASS,0
mh_comm_C0_DEFAULT_N2048_q16_rep2,2,4,2,sm_89,COMM_ONLY,NCCL,C0_DEFAULT,2048,2048,2048,16,10,1048576,17,0,797.728,0.000,0.000,0.000,PASS,0
mh_comm_C0_DEFAULT_N2048_q16_rep2,2,4,2,sm_89,COMM_ONLY,NCCL,C0_DEFAULT,2048,2048,2048,16,11,1048576,17,0,867.648,0.000,0.000,0.000,PASS,0
mh_comm_C0_DEFAULT_N2048_q16_rep2,2,4,2,sm_89,COMM_ONLY,NCCL,C0_DEFAULT,2048,2048,2048,16,12,1048576,17,0,937.216,0.000,0.000,0.000,PASS,0
mh_comm_C0_DEFAULT_N2048_q16_rep2,2,4,2,sm_89,COMM_ONLY,NCCL,C0_DEFAULT,2048,2048,2048,16,13,1048576,17,0,1005.376,0.000,0.000,0.000,PASS,0
mh_comm_C0_DEFAULT_N2048_q16_rep2,2,4,2,sm_89,COMM_ONLY,NCCL,C0_DEFAULT,2048,2048,2048,16,14,1048576,17,0,1076.064,0.000,0.000,0.000,PASS,0
mh_comm_C0_DEFAULT_N2048_q16_rep2,2,4,2,sm_89,COMM_ONLY,NCCL,C0_DEFAULT,2048,2048,2048,16,15,1048576,17,0,1144.800,0.000,0.000,0.000,PASS,0
mh_comm_C0_DEFAULT_N2048_q16_rep2,2,4,2,sm_89,COMM_ONLY,NCCL,C0_DEFAULT,2048,2048,2048,16,0,1048576,18,0,103.200,0.000,0.000,0.000,PASS,0
mh_comm_C0_DEFAULT_N2048_q16_rep2,2,4,2,sm_89,COMM_ONLY,NCCL,C0_DEFAULT,2048,2048,2048,16,1,1048576,18,0,176.704,0.000,0.000,0.000,PASS,0
mh_comm_C0_DEFAULT_N2048_q16_rep2,2,4,2,sm_89,COMM_ONLY,NCCL,C0_DEFAULT,2048,2048,2048,16,2,1048576,18,0,245.568,0.000,0.000,0.000,PASS,0
mh_comm_C0_DEFAULT_N2048_q16_rep2,2,4,2,sm_89,COMM_ONLY,NCCL,C0_DEFAULT,2048,2048,2048,16,3,1048576,18,0,325.760,0.000,0.000,0.000,PASS,0
mh_comm_C0_DEFAULT_N2048_q16_rep2,2,4,2,sm_89,COMM_ONLY,NCCL,C0_DEFAULT,2048,2048,2048,16,4,1048576,18,0,421.920,0.000,0.000,0.000,PASS,0
mh_comm_C0_DEFAULT_N2048_q16_rep2,2,4,2,sm_89,COMM_ONLY,NCCL,C0_DEFAULT,2048,2048,2048,16,5,1048576,18,0,490.048,0.000,0.000,0.000,PASS,0
mh_comm_C0_DEFAULT_N2048_q16_rep2,2,4,2,sm_89,COMM_ONLY,NCCL,C0_DEFAULT,2048,2048,2048,16,6,1048576,18,0,557.504,0.000,0.000,0.000,PASS,0
mh_comm_C0_DEFAULT_N2048_q16_rep2,2,4,2,sm_89,COMM_ONLY,NCCL,C0_DEFAULT,2048,2048,2048,16,7,1048576,18,0,627.744,0.000,0.000,0.000,PASS,0
mh_comm_C0_DEFAULT_N2048_q16_rep2,2,4,2,sm_89,COMM_ONLY,NCCL,C0_DEFAULT,2048,2048,2048,16,8,1048576,18,0,696.512,0.000,0.000,0.000,PASS,0
mh_comm_C0_DEFAULT_N2048_q16_rep2,2,4,2,sm_89,COMM_ONLY,NCCL,C0_DEFAULT,2048,2048,2048,16,9,1048576,18,0,767.456,0.000,0.000,0.000,PASS,0
mh_comm_C0_DEFAULT_N2048_q16_rep2,2,4,2,sm_89,COMM_ONLY,NCCL,C0_DEFAULT,2048,2048,2048,16,10,1048576,18,0,838.400,0.000,0.000,0.000,PASS,0
mh_comm_C0_DEFAULT_N2048_q16_rep2,2,4,2,sm_89,COMM_ONLY,NCCL,C0_DEFAULT,2048,2048,2048,16,11,1048576,18,0,911.712,0.000,0.000,0.000,PASS,0
mh_comm_C0_DEFAULT_N2048_q16_rep2,2,4,2,sm_89,COMM_ONLY,NCCL,C0_DEFAULT,2048,2048,2048,16,12,1048576,18,0,980.576,0.000,0.000,0.000,PASS,0
mh_comm_C0_DEFAULT_N2048_q16_rep2,2,4,2,sm_89,COMM_ONLY,NCCL,C0_DEFAULT,2048,2048,2048,16,13,1048576,18,0,1050.944,0.000,0.000,0.000,PASS,0
mh_comm_C0_DEFAULT_N2048_q16_rep2,2,4,2,sm_89,COMM_ONLY,NCCL,C0_DEFAULT,2048,2048,2048,16,14,1048576,18,0,1120.832,0.000,0.000,0.000,PASS,0
mh_comm_C0_DEFAULT_N2048_q16_rep2,2,4,2,sm_89,COMM_ONLY,NCCL,C0_DEFAULT,2048,2048,2048,16,15,1048576,18,0,1189.056,0.000,0.000,0.000,PASS,0
mh_comm_C0_DEFAULT_N2048_q16_rep2,2,4,2,sm_89,COMM_ONLY,NCCL,C0_DEFAULT,2048,2048,2048,16,0,1048576,19,0,102.752,0.000,0.000,0.000,PASS,0
mh_comm_C0_DEFAULT_N2048_q16_rep2,2,4,2,sm_89,COMM_ONLY,NCCL,C0_DEFAULT,2048,2048,2048,16,1,1048576,19,0,173.408,0.000,0.000,0.000,PASS,0
mh_comm_C0_DEFAULT_N2048_q16_rep2,2,4,2,sm_89,COMM_ONLY,NCCL,C0_DEFAULT,2048,2048,2048,16,2,1048576,19,0,241.952,0.000,0.000,0.000,PASS,0
mh_comm_C0_DEFAULT_N2048_q16_rep2,2,4,2,sm_89,COMM_ONLY,NCCL,C0_DEFAULT,2048,2048,2048,16,3,1048576,19,0,309.792,0.000,0.000,0.000,PASS,0
mh_comm_C0_DEFAULT_N2048_q16_rep2,2,4,2,sm_89,COMM_ONLY,NCCL,C0_DEFAULT,2048,2048,2048,16,4,1048576,19,0,379.456,0.000,0.000,0.000,PASS,0
mh_comm_C0_DEFAULT_N2048_q16_rep2,2,4,2,sm_89,COMM_ONLY,NCCL,C0_DEFAULT,2048,2048,2048,16,5,1048576,19,0,448.544,0.000,0.000,0.000,PASS,0
mh_comm_C0_DEFAULT_N2048_q16_rep2,2,4,2,sm_89,COMM_ONLY,NCCL,C0_DEFAULT,2048,2048,2048,16,6,1048576,19,0,517.376,0.000,0.000,0.000,PASS,0
mh_comm_C0_DEFAULT_N2048_q16_rep2,2,4,2,sm_89,COMM_ONLY,NCCL,C0_DEFAULT,2048,2048,2048,16,7,1048576,19,0,590.560,0.000,0.000,0.000,PASS,0
mh_comm_C0_DEFAULT_N2048_q16_rep2,2,4,2,sm_89,COMM_ONLY,NCCL,C0_DEFAULT,2048,2048,2048,16,8,1048576,19,0,658.176,0.000,0.000,0.000,PASS,0
mh_comm_C0_DEFAULT_N2048_q16_rep2,2,4,2,sm_89,COMM_ONLY,NCCL,C0_DEFAULT,2048,2048,2048,16,9,1048576,19,0,727.808,0.000,0.000,0.000,PASS,0
mh_comm_C0_DEFAULT_N2048_q16_rep2,2,4,2,sm_89,COMM_ONLY,NCCL,C0_DEFAULT,2048,2048,2048,16,10,1048576,19,0,797.536,0.000,0.000,0.000,PASS,0
mh_comm_C0_DEFAULT_N2048_q16_rep2,2,4,2,sm_89,COMM_ONLY,NCCL,C0_DEFAULT,2048,2048,2048,16,11,1048576,19,0,870.912,0.000,0.000,0.000,PASS,0
mh_comm_C0_DEFAULT_N2048_q16_rep2,2,4,2,sm_89,COMM_ONLY,NCCL,C0_DEFAULT,2048,2048,2048,16,12,1048576,19,0,940.032,0.000,0.000,0.000,PASS,0
mh_comm_C0_DEFAULT_N2048_q16_rep2,2,4,2,sm_89,COMM_ONLY,NCCL,C0_DEFAULT,2048,2048,2048,16,13,1048576,19,0,1008.992,0.000,0.000,0.000,PASS,0
mh_comm_C0_DEFAULT_N2048_q16_rep2,2,4,2,sm_89,COMM_ONLY,NCCL,C0_DEFAULT,2048,2048,2048,16,14,1048576,19,0,1078.336,0.000,0.000,0.000,PASS,0
mh_comm_C0_DEFAULT_N2048_q16_rep2,2,4,2,sm_89,COMM_ONLY,NCCL,C0_DEFAULT,2048,2048,2048,16,15,1048576,19,0,1146.208,0.000,0.000,0.000,PASS,0
mh_comm_C0_DEFAULT_N2048_q16_rep2,2,4,2,sm_89,COMM_ONLY,NCCL,C0_DEFAULT,2048,2048,2048,16,0,1048576,20,0,113.216,0.000,0.000,0.000,PASS,0
mh_comm_C0_DEFAULT_N2048_q16_rep2,2,4,2,sm_89,COMM_ONLY,NCCL,C0_DEFAULT,2048,2048,2048,16,1,1048576,20,0,183.040,0.000,0.000,0.000,PASS,0
mh_comm_C0_DEFAULT_N2048_q16_rep2,2,4,2,sm_89,COMM_ONLY,NCCL,C0_DEFAULT,2048,2048,2048,16,2,1048576,20,0,250.848,0.000,0.000,0.000,PASS,0
mh_comm_C0_DEFAULT_N2048_q16_rep2,2,4,2,sm_89,COMM_ONLY,NCCL,C0_DEFAULT,2048,2048,2048,16,3,1048576,20,0,319.520,0.000,0.000,0.000,PASS,0
mh_comm_C0_DEFAULT_N2048_q16_rep2,2,4,2,sm_89,COMM_ONLY,NCCL,C0_DEFAULT,2048,2048,2048,16,4,1048576,20,0,405.120,0.000,0.000,0.000,PASS,0
mh_comm_C0_DEFAULT_N2048_q16_rep2,2,4,2,sm_89,COMM_ONLY,NCCL,C0_DEFAULT,2048,2048,2048,16,5,1048576,20,0,472.032,0.000,0.000,0.000,PASS,0
mh_comm_C0_DEFAULT_N2048_q16_rep2,2,4,2,sm_89,COMM_ONLY,NCCL,C0_DEFAULT,2048,2048,2048,16,6,1048576,20,0,540.704,0.000,0.000,0.000,PASS,0
mh_comm_C0_DEFAULT_N2048_q16_rep2,2,4,2,sm_89,COMM_ONLY,NCCL,C0_DEFAULT,2048,2048,2048,16,7,1048576,20,0,619.040,0.000,0.000,0.000,PASS,0
mh_comm_C0_DEFAULT_N2048_q16_rep2,2,4,2,sm_89,COMM_ONLY,NCCL,C0_DEFAULT,2048,2048,2048,16,8,1048576,20,0,687.328,0.000,0.000,0.000,PASS,0
mh_comm_C0_DEFAULT_N2048_q16_rep2,2,4,2,sm_89,COMM_ONLY,NCCL,C0_DEFAULT,2048,2048,2048,16,9,1048576,20,0,757.984,0.000,0.000,0.000,PASS,0
mh_comm_C0_DEFAULT_N2048_q16_rep2,2,4,2,sm_89,COMM_ONLY,NCCL,C0_DEFAULT,2048,2048,2048,16,10,1048576,20,0,828.288,0.000,0.000,0.000,PASS,0
mh_comm_C0_DEFAULT_N2048_q16_rep2,2,4,2,sm_89,COMM_ONLY,NCCL,C0_DEFAULT,2048,2048,2048,16,11,1048576,20,0,898.112,0.000,0.000,0.000,PASS,0
mh_comm_C0_DEFAULT_N2048_q16_rep2,2,4,2,sm_89,COMM_ONLY,NCCL,C0_DEFAULT,2048,2048,2048,16,12,1048576,20,0,984.128,0.000,0.000,0.000,PASS,0
mh_comm_C0_DEFAULT_N2048_q16_rep2,2,4,2,sm_89,COMM_ONLY,NCCL,C0_DEFAULT,2048,2048,2048,16,13,1048576,20,0,1054.656,0.000,0.000,0.000,PASS,0
mh_comm_C0_DEFAULT_N2048_q16_rep2,2,4,2,sm_89,COMM_ONLY,NCCL,C0_DEFAULT,2048,2048,2048,16,14,1048576,20,0,1144.960,0.000,0.000,0.000,PASS,0
mh_comm_C0_DEFAULT_N2048_q16_rep2,2,4,2,sm_89,COMM_ONLY,NCCL,C0_DEFAULT,2048,2048,2048,16,15,1048576,20,0,1215.520,0.000,0.000,0.000,PASS,0
mh_comm_C0_DEFAULT_N2048_q16_rep2,2,4,2,sm_89,COMM_ONLY,NCCL,C0_DEFAULT,2048,2048,2048,16,0,1048576,21,0,115.200,0.000,0.000,0.000,PASS,0
mh_comm_C0_DEFAULT_N2048_q16_rep2,2,4,2,sm_89,COMM_ONLY,NCCL,C0_DEFAULT,2048,2048,2048,16,1,1048576,21,0,183.520,0.000,0.000,0.000,PASS,0
mh_comm_C0_DEFAULT_N2048_q16_rep2,2,4,2,sm_89,COMM_ONLY,NCCL,C0_DEFAULT,2048,2048,2048,16,2,1048576,21,0,256.064,0.000,0.000,0.000,PASS,0
mh_comm_C0_DEFAULT_N2048_q16_rep2,2,4,2,sm_89,COMM_ONLY,NCCL,C0_DEFAULT,2048,2048,2048,16,3,1048576,21,0,347.200,0.000,0.000,0.000,PASS,0
mh_comm_C0_DEFAULT_N2048_q16_rep2,2,4,2,sm_89,COMM_ONLY,NCCL,C0_DEFAULT,2048,2048,2048,16,4,1048576,21,0,419.648,0.000,0.000,0.000,PASS,0
mh_comm_C0_DEFAULT_N2048_q16_rep2,2,4,2,sm_89,COMM_ONLY,NCCL,C0_DEFAULT,2048,2048,2048,16,5,1048576,21,0,497.632,0.000,0.000,0.000,PASS,0
mh_comm_C0_DEFAULT_N2048_q16_rep2,2,4,2,sm_89,COMM_ONLY,NCCL,C0_DEFAULT,2048,2048,2048,16,6,1048576,21,0,582.688,0.000,0.000,0.000,PASS,0
mh_comm_C0_DEFAULT_N2048_q16_rep2,2,4,2,sm_89,COMM_ONLY,NCCL,C0_DEFAULT,2048,2048,2048,16,7,1048576,21,0,654.336,0.000,0.000,0.000,PASS,0
mh_comm_C0_DEFAULT_N2048_q16_rep2,2,4,2,sm_89,COMM_ONLY,NCCL,C0_DEFAULT,2048,2048,2048,16,8,1048576,21,0,734.144,0.000,0.000,0.000,PASS,0
mh_comm_C0_DEFAULT_N2048_q16_rep2,2,4,2,sm_89,COMM_ONLY,NCCL,C0_DEFAULT,2048,2048,2048,16,9,1048576,21,0,803.104,0.000,0.000,0.000,PASS,0
mh_comm_C0_DEFAULT_N2048_q16_rep2,2,4,2,sm_89,COMM_ONLY,NCCL,C0_DEFAULT,2048,2048,2048,16,10,1048576,21,0,871.616,0.000,0.000,0.000,PASS,0
mh_comm_C0_DEFAULT_N2048_q16_rep2,2,4,2,sm_89,COMM_ONLY,NCCL,C0_DEFAULT,2048,2048,2048,16,11,1048576,21,0,941.408,0.000,0.000,0.000,PASS,0
mh_comm_C0_DEFAULT_N2048_q16_rep2,2,4,2,sm_89,COMM_ONLY,NCCL,C0_DEFAULT,2048,2048,2048,16,12,1048576,21,0,1014.624,0.000,0.000,0.000,PASS,0
mh_comm_C0_DEFAULT_N2048_q16_rep2,2,4,2,sm_89,COMM_ONLY,NCCL,C0_DEFAULT,2048,2048,2048,16,13,1048576,21,0,1083.168,0.000,0.000,0.000,PASS,0
mh_comm_C0_DEFAULT_N2048_q16_rep2,2,4,2,sm_89,COMM_ONLY,NCCL,C0_DEFAULT,2048,2048,2048,16,14,1048576,21,0,1175.424,0.000,0.000,0.000,PASS,0
mh_comm_C0_DEFAULT_N2048_q16_rep2,2,4,2,sm_89,COMM_ONLY,NCCL,C0_DEFAULT,2048,2048,2048,16,15,1048576,21,0,1275.168,0.000,0.000,0.000,PASS,0
mh_comm_C0_DEFAULT_N2048_q16_rep2,2,4,2,sm_89,COMM_ONLY,NCCL,C0_DEFAULT,2048,2048,2048,16,0,1048576,22,0,113.888,0.000,0.000,0.000,PASS,0
mh_comm_C0_DEFAULT_N2048_q16_rep2,2,4,2,sm_89,COMM_ONLY,NCCL,C0_DEFAULT,2048,2048,2048,16,1,1048576,22,0,184.000,0.000,0.000,0.000,PASS,0
mh_comm_C0_DEFAULT_N2048_q16_rep2,2,4,2,sm_89,COMM_ONLY,NCCL,C0_DEFAULT,2048,2048,2048,16,2,1048576,22,0,252.576,0.000,0.000,0.000,PASS,0
mh_comm_C0_DEFAULT_N2048_q16_rep2,2,4,2,sm_89,COMM_ONLY,NCCL,C0_DEFAULT,2048,2048,2048,16,3,1048576,22,0,323.712,0.000,0.000,0.000,PASS,0
mh_comm_C0_DEFAULT_N2048_q16_rep2,2,4,2,sm_89,COMM_ONLY,NCCL,C0_DEFAULT,2048,2048,2048,16,4,1048576,22,0,404.512,0.000,0.000,0.000,PASS,0
mh_comm_C0_DEFAULT_N2048_q16_rep2,2,4,2,sm_89,COMM_ONLY,NCCL,C0_DEFAULT,2048,2048,2048,16,5,1048576,22,0,471.424,0.000,0.000,0.000,PASS,0
mh_comm_C0_DEFAULT_N2048_q16_rep2,2,4,2,sm_89,COMM_ONLY,NCCL,C0_DEFAULT,2048,2048,2048,16,6,1048576,22,0,540.320,0.000,0.000,0.000,PASS,0
mh_comm_C0_DEFAULT_N2048_q16_rep2,2,4,2,sm_89,COMM_ONLY,NCCL,C0_DEFAULT,2048,2048,2048,16,7,1048576,22,0,609.632,0.000,0.000,0.000,PASS,0
mh_comm_C0_DEFAULT_N2048_q16_rep2,2,4,2,sm_89,COMM_ONLY,NCCL,C0_DEFAULT,2048,2048,2048,16,8,1048576,22,0,682.272,0.000,0.000,0.000,PASS,0
mh_comm_C0_DEFAULT_N2048_q16_rep2,2,4,2,sm_89,COMM_ONLY,NCCL,C0_DEFAULT,2048,2048,2048,16,9,1048576,22,0,750.560,0.000,0.000,0.000,PASS,0
mh_comm_C0_DEFAULT_N2048_q16_rep2,2,4,2,sm_89,COMM_ONLY,NCCL,C0_DEFAULT,2048,2048,2048,16,10,1048576,22,0,819.552,0.000,0.000,0.000,PASS,0
mh_comm_C0_DEFAULT_N2048_q16_rep2,2,4,2,sm_89,COMM_ONLY,NCCL,C0_DEFAULT,2048,2048,2048,16,11,1048576,22,0,893.344,0.000,0.000,0.000,PASS,0
mh_comm_C0_DEFAULT_N2048_q16_rep2,2,4,2,sm_89,COMM_ONLY,NCCL,C0_DEFAULT,2048,2048,2048,16,12,1048576,22,0,963.712,0.000,0.000,0.000,PASS,0
mh_comm_C0_DEFAULT_N2048_q16_rep2,2,4,2,sm_89,COMM_ONLY,NCCL,C0_DEFAULT,2048,2048,2048,16,13,1048576,22,0,1033.344,0.000,0.000,0.000,PASS,0
mh_comm_C0_DEFAULT_N2048_q16_rep2,2,4,2,sm_89,COMM_ONLY,NCCL,C0_DEFAULT,2048,2048,2048,16,14,1048576,22,0,1117.632,0.000,0.000,0.000,PASS,0
mh_comm_C0_DEFAULT_N2048_q16_rep2,2,4,2,sm_89,COMM_ONLY,NCCL,C0_DEFAULT,2048,2048,2048,16,15,1048576,22,0,1199.040,0.000,0.000,0.000,PASS,0
mh_comm_C0_DEFAULT_N2048_q16_rep2,2,4,2,sm_89,COMM_ONLY,NCCL,C0_DEFAULT,2048,2048,2048,16,0,1048576,23,0,122.784,0.000,0.000,0.000,PASS,0
mh_comm_C0_DEFAULT_N2048_q16_rep2,2,4,2,sm_89,COMM_ONLY,NCCL,C0_DEFAULT,2048,2048,2048,16,1,1048576,23,0,191.872,0.000,0.000,0.000,PASS,0
mh_comm_C0_DEFAULT_N2048_q16_rep2,2,4,2,sm_89,COMM_ONLY,NCCL,C0_DEFAULT,2048,2048,2048,16,2,1048576,23,0,260.352,0.000,0.000,0.000,PASS,0
mh_comm_C0_DEFAULT_N2048_q16_rep2,2,4,2,sm_89,COMM_ONLY,NCCL,C0_DEFAULT,2048,2048,2048,16,3,1048576,23,0,355.520,0.000,0.000,0.000,PASS,0
mh_comm_C0_DEFAULT_N2048_q16_rep2,2,4,2,sm_89,COMM_ONLY,NCCL,C0_DEFAULT,2048,2048,2048,16,4,1048576,23,0,439.040,0.000,0.000,0.000,PASS,0
mh_comm_C0_DEFAULT_N2048_q16_rep2,2,4,2,sm_89,COMM_ONLY,NCCL,C0_DEFAULT,2048,2048,2048,16,5,1048576,23,0,518.016,0.000,0.000,0.000,PASS,0
mh_comm_C0_DEFAULT_N2048_q16_rep2,2,4,2,sm_89,COMM_ONLY,NCCL,C0_DEFAULT,2048,2048,2048,16,6,1048576,23,0,591.264,0.000,0.000,0.000,PASS,0
mh_comm_C0_DEFAULT_N2048_q16_rep2,2,4,2,sm_89,COMM_ONLY,NCCL,C0_DEFAULT,2048,2048,2048,16,7,1048576,23,0,663.776,0.000,0.000,0.000,PASS,0
mh_comm_C0_DEFAULT_N2048_q16_rep2,2,4,2,sm_89,COMM_ONLY,NCCL,C0_DEFAULT,2048,2048,2048,16,8,1048576,23,0,732.960,0.000,0.000,0.000,PASS,0
mh_comm_C0_DEFAULT_N2048_q16_rep2,2,4,2,sm_89,COMM_ONLY,NCCL,C0_DEFAULT,2048,2048,2048,16,9,1048576,23,0,805.024,0.000,0.000,0.000,PASS,0
mh_comm_C0_DEFAULT_N2048_q16_rep2,2,4,2,sm_89,COMM_ONLY,NCCL,C0_DEFAULT,2048,2048,2048,16,10,1048576,23,0,875.072,0.000,0.000,0.000,PASS,0
mh_comm_C0_DEFAULT_N2048_q16_rep2,2,4,2,sm_89,COMM_ONLY,NCCL,C0_DEFAULT,2048,2048,2048,16,11,1048576,23,0,944.224,0.000,0.000,0.000,PASS,0
mh_comm_C0_DEFAULT_N2048_q16_rep2,2,4,2,sm_89,COMM_ONLY,NCCL,C0_DEFAULT,2048,2048,2048,16,12,1048576,23,0,1012.800,0.000,0.000,0.000,PASS,0
mh_comm_C0_DEFAULT_N2048_q16_rep2,2,4,2,sm_89,COMM_ONLY,NCCL,C0_DEFAULT,2048,2048,2048,16,13,1048576,23,0,1087.104,0.000,0.000,0.000,PASS,0
mh_comm_C0_DEFAULT_N2048_q16_rep2,2,4,2,sm_89,COMM_ONLY,NCCL,C0_DEFAULT,2048,2048,2048,16,14,1048576,23,0,1158.368,0.000,0.000,0.000,PASS,0
mh_comm_C0_DEFAULT_N2048_q16_rep2,2,4,2,sm_89,COMM_ONLY,NCCL,C0_DEFAULT,2048,2048,2048,16,15,1048576,23,0,1227.264,0.000,0.000,0.000,PASS,0
mh_comm_C0_DEFAULT_N2048_q16_rep2,2,4,2,sm_89,COMM_ONLY,NCCL,C0_DEFAULT,2048,2048,2048,16,0,1048576,24,0,103.584,0.000,0.000,0.000,PASS,0
mh_comm_C0_DEFAULT_N2048_q16_rep2,2,4,2,sm_89,COMM_ONLY,NCCL,C0_DEFAULT,2048,2048,2048,16,1,1048576,24,0,186.592,0.000,0.000,0.000,PASS,0
mh_comm_C0_DEFAULT_N2048_q16_rep2,2,4,2,sm_89,COMM_ONLY,NCCL,C0_DEFAULT,2048,2048,2048,16,2,1048576,24,0,260.512,0.000,0.000,0.000,PASS,0
mh_comm_C0_DEFAULT_N2048_q16_rep2,2,4,2,sm_89,COMM_ONLY,NCCL,C0_DEFAULT,2048,2048,2048,16,3,1048576,24,0,329.216,0.000,0.000,0.000,PASS,0
mh_comm_C0_DEFAULT_N2048_q16_rep2,2,4,2,sm_89,COMM_ONLY,NCCL,C0_DEFAULT,2048,2048,2048,16,4,1048576,24,0,401.728,0.000,0.000,0.000,PASS,0
mh_comm_C0_DEFAULT_N2048_q16_rep2,2,4,2,sm_89,COMM_ONLY,NCCL,C0_DEFAULT,2048,2048,2048,16,5,1048576,24,0,479.392,0.000,0.000,0.000,PASS,0
mh_comm_C0_DEFAULT_N2048_q16_rep2,2,4,2,sm_89,COMM_ONLY,NCCL,C0_DEFAULT,2048,2048,2048,16,6,1048576,24,0,552.192,0.000,0.000,0.000,PASS,0
mh_comm_C0_DEFAULT_N2048_q16_rep2,2,4,2,sm_89,COMM_ONLY,NCCL,C0_DEFAULT,2048,2048,2048,16,7,1048576,24,0,625.632,0.000,0.000,0.000,PASS,0
mh_comm_C0_DEFAULT_N2048_q16_rep2,2,4,2,sm_89,COMM_ONLY,NCCL,C0_DEFAULT,2048,2048,2048,16,8,1048576,24,0,700.512,0.000,0.000,0.000,PASS,0
mh_comm_C0_DEFAULT_N2048_q16_rep2,2,4,2,sm_89,COMM_ONLY,NCCL,C0_DEFAULT,2048,2048,2048,16,9,1048576,24,0,770.112,0.000,0.000,0.000,PASS,0
mh_comm_C0_DEFAULT_N2048_q16_rep2,2,4,2,sm_89,COMM_ONLY,NCCL,C0_DEFAULT,2048,2048,2048,16,10,1048576,24,0,838.272,0.000,0.000,0.000,PASS,0
mh_comm_C0_DEFAULT_N2048_q16_rep2,2,4,2,sm_89,COMM_ONLY,NCCL,C0_DEFAULT,2048,2048,2048,16,11,1048576,24,0,920.864,0.000,0.000,0.000,PASS,0
mh_comm_C0_DEFAULT_N2048_q16_rep2,2,4,2,sm_89,COMM_ONLY,NCCL,C0_DEFAULT,2048,2048,2048,16,12,1048576,24,0,992.512,0.000,0.000,0.000,PASS,0
mh_comm_C0_DEFAULT_N2048_q16_rep2,2,4,2,sm_89,COMM_ONLY,NCCL,C0_DEFAULT,2048,2048,2048,16,13,1048576,24,0,1065.472,0.000,0.000,0.000,PASS,0
mh_comm_C0_DEFAULT_N2048_q16_rep2,2,4,2,sm_89,COMM_ONLY,NCCL,C0_DEFAULT,2048,2048,2048,16,14,1048576,24,0,1134.304,0.000,0.000,0.000,PASS,0
mh_comm_C0_DEFAULT_N2048_q16_rep2,2,4,2,sm_89,COMM_ONLY,NCCL,C0_DEFAULT,2048,2048,2048,16,15,1048576,24,0,1205.184,0.000,0.000,0.000,PASS,0
mh_comm_C0_DEFAULT_N2048_q16_rep2,2,4,2,sm_89,COMM_ONLY,NCCL,C0_DEFAULT,2048,2048,2048,16,0,1048576,25,0,104.512,0.000,0.000,0.000,PASS,0
mh_comm_C0_DEFAULT_N2048_q16_rep2,2,4,2,sm_89,COMM_ONLY,NCCL,C0_DEFAULT,2048,2048,2048,16,1,1048576,25,0,174.496,0.000,0.000,0.000,PASS,0
mh_comm_C0_DEFAULT_N2048_q16_rep2,2,4,2,sm_89,COMM_ONLY,NCCL,C0_DEFAULT,2048,2048,2048,16,2,1048576,25,0,242.304,0.000,0.000,0.000,PASS,0
mh_comm_C0_DEFAULT_N2048_q16_rep2,2,4,2,sm_89,COMM_ONLY,NCCL,C0_DEFAULT,2048,2048,2048,16,3,1048576,25,0,328.320,0.000,0.000,0.000,PASS,0
mh_comm_C0_DEFAULT_N2048_q16_rep2,2,4,2,sm_89,COMM_ONLY,NCCL,C0_DEFAULT,2048,2048,2048,16,4,1048576,25,0,398.176,0.000,0.000,0.000,PASS,0
mh_comm_C0_DEFAULT_N2048_q16_rep2,2,4,2,sm_89,COMM_ONLY,NCCL,C0_DEFAULT,2048,2048,2048,16,5,1048576,25,0,479.296,0.000,0.000,0.000,PASS,0
mh_comm_C0_DEFAULT_N2048_q16_rep2,2,4,2,sm_89,COMM_ONLY,NCCL,C0_DEFAULT,2048,2048,2048,16,6,1048576,25,0,547.424,0.000,0.000,0.000,PASS,0
mh_comm_C0_DEFAULT_N2048_q16_rep2,2,4,2,sm_89,COMM_ONLY,NCCL,C0_DEFAULT,2048,2048,2048,16,7,1048576,25,0,621.888,0.000,0.000,0.000,PASS,0
mh_comm_C0_DEFAULT_N2048_q16_rep2,2,4,2,sm_89,COMM_ONLY,NCCL,C0_DEFAULT,2048,2048,2048,16,8,1048576,25,0,690.208,0.000,0.000,0.000,PASS,0
mh_comm_C0_DEFAULT_N2048_q16_rep2,2,4,2,sm_89,COMM_ONLY,NCCL,C0_DEFAULT,2048,2048,2048,16,9,1048576,25,0,759.520,0.000,0.000,0.000,PASS,0
mh_comm_C0_DEFAULT_N2048_q16_rep2,2,4,2,sm_89,COMM_ONLY,NCCL,C0_DEFAULT,2048,2048,2048,16,10,1048576,25,0,829.344,0.000,0.000,0.000,PASS,0
mh_comm_C0_DEFAULT_N2048_q16_rep2,2,4,2,sm_89,COMM_ONLY,NCCL,C0_DEFAULT,2048,2048,2048,16,11,1048576,25,0,900.320,0.000,0.000,0.000,PASS,0
mh_comm_C0_DEFAULT_N2048_q16_rep2,2,4,2,sm_89,COMM_ONLY,NCCL,C0_DEFAULT,2048,2048,2048,16,12,1048576,25,0,970.272,0.000,0.000,0.000,PASS,0
mh_comm_C0_DEFAULT_N2048_q16_rep2,2,4,2,sm_89,COMM_ONLY,NCCL,C0_DEFAULT,2048,2048,2048,16,13,1048576,25,0,1039.200,0.000,0.000,0.000,PASS,0
mh_comm_C0_DEFAULT_N2048_q16_rep2,2,4,2,sm_89,COMM_ONLY,NCCL,C0_DEFAULT,2048,2048,2048,16,14,1048576,25,0,1110.208,0.000,0.000,0.000,PASS,0
mh_comm_C0_DEFAULT_N2048_q16_rep2,2,4,2,sm_89,COMM_ONLY,NCCL,C0_DEFAULT,2048,2048,2048,16,15,1048576,25,0,1194.656,0.000,0.000,0.000,PASS,0
mh_comm_C0_DEFAULT_N2048_q16_rep2,2,4,2,sm_89,COMM_ONLY,NCCL,C0_DEFAULT,2048,2048,2048,16,0,1048576,26,0,110.016,0.000,0.000,0.000,PASS,0
mh_comm_C0_DEFAULT_N2048_q16_rep2,2,4,2,sm_89,COMM_ONLY,NCCL,C0_DEFAULT,2048,2048,2048,16,1,1048576,26,0,179.680,0.000,0.000,0.000,PASS,0
mh_comm_C0_DEFAULT_N2048_q16_rep2,2,4,2,sm_89,COMM_ONLY,NCCL,C0_DEFAULT,2048,2048,2048,16,2,1048576,26,0,249.440,0.000,0.000,0.000,PASS,0
mh_comm_C0_DEFAULT_N2048_q16_rep2,2,4,2,sm_89,COMM_ONLY,NCCL,C0_DEFAULT,2048,2048,2048,16,3,1048576,26,0,321.504,0.000,0.000,0.000,PASS,0
mh_comm_C0_DEFAULT_N2048_q16_rep2,2,4,2,sm_89,COMM_ONLY,NCCL,C0_DEFAULT,2048,2048,2048,16,4,1048576,26,0,391.168,0.000,0.000,0.000,PASS,0
mh_comm_C0_DEFAULT_N2048_q16_rep2,2,4,2,sm_89,COMM_ONLY,NCCL,C0_DEFAULT,2048,2048,2048,16,5,1048576,26,0,466.624,0.000,0.000,0.000,PASS,0
mh_comm_C0_DEFAULT_N2048_q16_rep2,2,4,2,sm_89,COMM_ONLY,NCCL,C0_DEFAULT,2048,2048,2048,16,6,1048576,26,0,536.512,0.000,0.000,0.000,PASS,0
mh_comm_C0_DEFAULT_N2048_q16_rep2,2,4,2,sm_89,COMM_ONLY,NCCL,C0_DEFAULT,2048,2048,2048,16,7,1048576,26,0,605.920,0.000,0.000,0.000,PASS,0
mh_comm_C0_DEFAULT_N2048_q16_rep2,2,4,2,sm_89,COMM_ONLY,NCCL,C0_DEFAULT,2048,2048,2048,16,8,1048576,26,0,675.744,0.000,0.000,0.000,PASS,0
mh_comm_C0_DEFAULT_N2048_q16_rep2,2,4,2,sm_89,COMM_ONLY,NCCL,C0_DEFAULT,2048,2048,2048,16,9,1048576,26,0,744.032,0.000,0.000,0.000,PASS,0
mh_comm_C0_DEFAULT_N2048_q16_rep2,2,4,2,sm_89,COMM_ONLY,NCCL,C0_DEFAULT,2048,2048,2048,16,10,1048576,26,0,822.912,0.000,0.000,0.000,PASS,0
mh_comm_C0_DEFAULT_N2048_q16_rep2,2,4,2,sm_89,COMM_ONLY,NCCL,C0_DEFAULT,2048,2048,2048,16,11,1048576,26,0,895.200,0.000,0.000,0.000,PASS,0
mh_comm_C0_DEFAULT_N2048_q16_rep2,2,4,2,sm_89,COMM_ONLY,NCCL,C0_DEFAULT,2048,2048,2048,16,12,1048576,26,0,963.712,0.000,0.000,0.000,PASS,0
mh_comm_C0_DEFAULT_N2048_q16_rep2,2,4,2,sm_89,COMM_ONLY,NCCL,C0_DEFAULT,2048,2048,2048,16,13,1048576,26,0,1033.216,0.000,0.000,0.000,PASS,0
mh_comm_C0_DEFAULT_N2048_q16_rep2,2,4,2,sm_89,COMM_ONLY,NCCL,C0_DEFAULT,2048,2048,2048,16,14,1048576,26,0,1106.080,0.000,0.000,0.000,PASS,0
mh_comm_C0_DEFAULT_N2048_q16_rep2,2,4,2,sm_89,COMM_ONLY,NCCL,C0_DEFAULT,2048,2048,2048,16,15,1048576,26,0,1174.112,0.000,0.000,0.000,PASS,0
mh_comm_C0_DEFAULT_N2048_q16_rep2,2,4,2,sm_89,COMM_ONLY,NCCL,C0_DEFAULT,2048,2048,2048,16,0,1048576,27,0,104.576,0.000,0.000,0.000,PASS,0
mh_comm_C0_DEFAULT_N2048_q16_rep2,2,4,2,sm_89,COMM_ONLY,NCCL,C0_DEFAULT,2048,2048,2048,16,1,1048576,27,0,174.368,0.000,0.000,0.000,PASS,0
mh_comm_C0_DEFAULT_N2048_q16_rep2,2,4,2,sm_89,COMM_ONLY,NCCL,C0_DEFAULT,2048,2048,2048,16,2,1048576,27,0,259.552,0.000,0.000,0.000,PASS,0
mh_comm_C0_DEFAULT_N2048_q16_rep2,2,4,2,sm_89,COMM_ONLY,NCCL,C0_DEFAULT,2048,2048,2048,16,3,1048576,27,0,328.480,0.000,0.000,0.000,PASS,0
mh_comm_C0_DEFAULT_N2048_q16_rep2,2,4,2,sm_89,COMM_ONLY,NCCL,C0_DEFAULT,2048,2048,2048,16,4,1048576,27,0,399.008,0.000,0.000,0.000,PASS,0
mh_comm_C0_DEFAULT_N2048_q16_rep2,2,4,2,sm_89,COMM_ONLY,NCCL,C0_DEFAULT,2048,2048,2048,16,5,1048576,27,0,467.488,0.000,0.000,0.000,PASS,0
mh_comm_C0_DEFAULT_N2048_q16_rep2,2,4,2,sm_89,COMM_ONLY,NCCL,C0_DEFAULT,2048,2048,2048,16,6,1048576,27,0,547.392,0.000,0.000,0.000,PASS,0
mh_comm_C0_DEFAULT_N2048_q16_rep2,2,4,2,sm_89,COMM_ONLY,NCCL,C0_DEFAULT,2048,2048,2048,16,7,1048576,27,0,617.120,0.000,0.000,0.000,PASS,0
mh_comm_C0_DEFAULT_N2048_q16_rep2,2,4,2,sm_89,COMM_ONLY,NCCL,C0_DEFAULT,2048,2048,2048,16,8,1048576,27,0,686.496,0.000,0.000,0.000,PASS,0
mh_comm_C0_DEFAULT_N2048_q16_rep2,2,4,2,sm_89,COMM_ONLY,NCCL,C0_DEFAULT,2048,2048,2048,16,9,1048576,27,0,755.584,0.000,0.000,0.000,PASS,0
mh_comm_C0_DEFAULT_N2048_q16_rep2,2,4,2,sm_89,COMM_ONLY,NCCL,C0_DEFAULT,2048,2048,2048,16,10,1048576,27,0,826.560,0.000,0.000,0.000,PASS,0
mh_comm_C0_DEFAULT_N2048_q16_rep2,2,4,2,sm_89,COMM_ONLY,NCCL,C0_DEFAULT,2048,2048,2048,16,11,1048576,27,0,896.736,0.000,0.000,0.000,PASS,0
mh_comm_C0_DEFAULT_N2048_q16_rep2,2,4,2,sm_89,COMM_ONLY,NCCL,C0_DEFAULT,2048,2048,2048,16,12,1048576,27,0,964.768,0.000,0.000,0.000,PASS,0
mh_comm_C0_DEFAULT_N2048_q16_rep2,2,4,2,sm_89,COMM_ONLY,NCCL,C0_DEFAULT,2048,2048,2048,16,13,1048576,27,0,1034.784,0.000,0.000,0.000,PASS,0
mh_comm_C0_DEFAULT_N2048_q16_rep2,2,4,2,sm_89,COMM_ONLY,NCCL,C0_DEFAULT,2048,2048,2048,16,14,1048576,27,0,1105.280,0.000,0.000,0.000,PASS,0
mh_comm_C0_DEFAULT_N2048_q16_rep2,2,4,2,sm_89,COMM_ONLY,NCCL,C0_DEFAULT,2048,2048,2048,16,15,1048576,27,0,1174.400,0.000,0.000,0.000,PASS,0
mh_comm_C0_DEFAULT_N2048_q16_rep2,2,4,2,sm_89,COMM_ONLY,NCCL,C0_DEFAULT,2048,2048,2048,16,0,1048576,28,0,115.744,0.000,0.000,0.000,PASS,0
mh_comm_C0_DEFAULT_N2048_q16_rep2,2,4,2,sm_89,COMM_ONLY,NCCL,C0_DEFAULT,2048,2048,2048,16,1,1048576,28,0,185.920,0.000,0.000,0.000,PASS,0
mh_comm_C0_DEFAULT_N2048_q16_rep2,2,4,2,sm_89,COMM_ONLY,NCCL,C0_DEFAULT,2048,2048,2048,16,2,1048576,28,0,254.656,0.000,0.000,0.000,PASS,0
mh_comm_C0_DEFAULT_N2048_q16_rep2,2,4,2,sm_89,COMM_ONLY,NCCL,C0_DEFAULT,2048,2048,2048,16,3,1048576,28,0,323.392,0.000,0.000,0.000,PASS,0
mh_comm_C0_DEFAULT_N2048_q16_rep2,2,4,2,sm_89,COMM_ONLY,NCCL,C0_DEFAULT,2048,2048,2048,16,4,1048576,28,0,394.144,0.000,0.000,0.000,PASS,0
mh_comm_C0_DEFAULT_N2048_q16_rep2,2,4,2,sm_89,COMM_ONLY,NCCL,C0_DEFAULT,2048,2048,2048,16,5,1048576,28,0,462.752,0.000,0.000,0.000,PASS,0
mh_comm_C0_DEFAULT_N2048_q16_rep2,2,4,2,sm_89,COMM_ONLY,NCCL,C0_DEFAULT,2048,2048,2048,16,6,1048576,28,0,532.000,0.000,0.000,0.000,PASS,0
mh_comm_C0_DEFAULT_N2048_q16_rep2,2,4,2,sm_89,COMM_ONLY,NCCL,C0_DEFAULT,2048,2048,2048,16,7,1048576,28,0,611.552,0.000,0.000,0.000,PASS,0
mh_comm_C0_DEFAULT_N2048_q16_rep2,2,4,2,sm_89,COMM_ONLY,NCCL,C0_DEFAULT,2048,2048,2048,16,8,1048576,28,0,681.696,0.000,0.000,0.000,PASS,0
mh_comm_C0_DEFAULT_N2048_q16_rep2,2,4,2,sm_89,COMM_ONLY,NCCL,C0_DEFAULT,2048,2048,2048,16,9,1048576,28,0,749.440,0.000,0.000,0.000,PASS,0
mh_comm_C0_DEFAULT_N2048_q16_rep2,2,4,2,sm_89,COMM_ONLY,NCCL,C0_DEFAULT,2048,2048,2048,16,10,1048576,28,0,830.464,0.000,0.000,0.000,PASS,0
mh_comm_C0_DEFAULT_N2048_q16_rep2,2,4,2,sm_89,COMM_ONLY,NCCL,C0_DEFAULT,2048,2048,2048,16,11,1048576,28,0,899.360,0.000,0.000,0.000,PASS,0
mh_comm_C0_DEFAULT_N2048_q16_rep2,2,4,2,sm_89,COMM_ONLY,NCCL,C0_DEFAULT,2048,2048,2048,16,12,1048576,28,0,967.328,0.000,0.000,0.000,PASS,0
mh_comm_C0_DEFAULT_N2048_q16_rep2,2,4,2,sm_89,COMM_ONLY,NCCL,C0_DEFAULT,2048,2048,2048,16,13,1048576,28,0,1048.032,0.000,0.000,0.000,PASS,0
mh_comm_C0_DEFAULT_N2048_q16_rep2,2,4,2,sm_89,COMM_ONLY,NCCL,C0_DEFAULT,2048,2048,2048,16,14,1048576,28,0,1117.824,0.000,0.000,0.000,PASS,0
mh_comm_C0_DEFAULT_N2048_q16_rep2,2,4,2,sm_89,COMM_ONLY,NCCL,C0_DEFAULT,2048,2048,2048,16,15,1048576,28,0,1186.976,0.000,0.000,0.000,PASS,0
mh_comm_C0_DEFAULT_N2048_q16_rep2,2,4,2,sm_89,COMM_ONLY,NCCL,C0_DEFAULT,2048,2048,2048,16,0,1048576,29,0,102.624,0.000,0.000,0.000,PASS,0
mh_comm_C0_DEFAULT_N2048_q16_rep2,2,4,2,sm_89,COMM_ONLY,NCCL,C0_DEFAULT,2048,2048,2048,16,1,1048576,29,0,171.680,0.000,0.000,0.000,PASS,0
mh_comm_C0_DEFAULT_N2048_q16_rep2,2,4,2,sm_89,COMM_ONLY,NCCL,C0_DEFAULT,2048,2048,2048,16,2,1048576,29,0,240.352,0.000,0.000,0.000,PASS,0
mh_comm_C0_DEFAULT_N2048_q16_rep2,2,4,2,sm_89,COMM_ONLY,NCCL,C0_DEFAULT,2048,2048,2048,16,3,1048576,29,0,309.632,0.000,0.000,0.000,PASS,0
mh_comm_C0_DEFAULT_N2048_q16_rep2,2,4,2,sm_89,COMM_ONLY,NCCL,C0_DEFAULT,2048,2048,2048,16,4,1048576,29,0,380.096,0.000,0.000,0.000,PASS,0
mh_comm_C0_DEFAULT_N2048_q16_rep2,2,4,2,sm_89,COMM_ONLY,NCCL,C0_DEFAULT,2048,2048,2048,16,5,1048576,29,0,447.136,0.000,0.000,0.000,PASS,0
mh_comm_C0_DEFAULT_N2048_q16_rep2,2,4,2,sm_89,COMM_ONLY,NCCL,C0_DEFAULT,2048,2048,2048,16,6,1048576,29,0,516.384,0.000,0.000,0.000,PASS,0
mh_comm_C0_DEFAULT_N2048_q16_rep2,2,4,2,sm_89,COMM_ONLY,NCCL,C0_DEFAULT,2048,2048,2048,16,7,1048576,29,0,585.184,0.000,0.000,0.000,PASS,0
mh_comm_C0_DEFAULT_N2048_q16_rep2,2,4,2,sm_89,COMM_ONLY,NCCL,C0_DEFAULT,2048,2048,2048,16,8,1048576,29,0,655.456,0.000,0.000,0.000,PASS,0
mh_comm_C0_DEFAULT_N2048_q16_rep2,2,4,2,sm_89,COMM_ONLY,NCCL,C0_DEFAULT,2048,2048,2048,16,9,1048576,29,0,724.480,0.000,0.000,0.000,PASS,0
mh_comm_C0_DEFAULT_N2048_q16_rep2,2,4,2,sm_89,COMM_ONLY,NCCL,C0_DEFAULT,2048,2048,2048,16,10,1048576,29,0,793.664,0.000,0.000,0.000,PASS,0
mh_comm_C0_DEFAULT_N2048_q16_rep2,2,4,2,sm_89,COMM_ONLY,NCCL,C0_DEFAULT,2048,2048,2048,16,11,1048576,29,0,863.808,0.000,0.000,0.000,PASS,0
mh_comm_C0_DEFAULT_N2048_q16_rep2,2,4,2,sm_89,COMM_ONLY,NCCL,C0_DEFAULT,2048,2048,2048,16,12,1048576,29,0,932.864,0.000,0.000,0.000,PASS,0
mh_comm_C0_DEFAULT_N2048_q16_rep2,2,4,2,sm_89,COMM_ONLY,NCCL,C0_DEFAULT,2048,2048,2048,16,13,1048576,29,0,1001.344,0.000,0.000,0.000,PASS,0
mh_comm_C0_DEFAULT_N2048_q16_rep2,2,4,2,sm_89,COMM_ONLY,NCCL,C0_DEFAULT,2048,2048,2048,16,14,1048576,29,0,1072.160,0.000,0.000,0.000,PASS,0
mh_comm_C0_DEFAULT_N2048_q16_rep2,2,4,2,sm_89,COMM_ONLY,NCCL,C0_DEFAULT,2048,2048,2048,16,15,1048576,29,0,1140.864,0.000,0.000,0.000,PASS,0
mh_comm_C0_DEFAULT_N2048_q16_rep2,2,4,2,sm_89,COMM_ONLY,NCCL,C0_DEFAULT,2048,2048,2048,16,0,1048576,30,0,115.040,0.000,0.000,0.000,PASS,0
mh_comm_C0_DEFAULT_N2048_q16_rep2,2,4,2,sm_89,COMM_ONLY,NCCL,C0_DEFAULT,2048,2048,2048,16,1,1048576,30,0,185.376,0.000,0.000,0.000,PASS,0
mh_comm_C0_DEFAULT_N2048_q16_rep2,2,4,2,sm_89,COMM_ONLY,NCCL,C0_DEFAULT,2048,2048,2048,16,2,1048576,30,0,252.640,0.000,0.000,0.000,PASS,0
mh_comm_C0_DEFAULT_N2048_q16_rep2,2,4,2,sm_89,COMM_ONLY,NCCL,C0_DEFAULT,2048,2048,2048,16,3,1048576,30,0,320.640,0.000,0.000,0.000,PASS,0
mh_comm_C0_DEFAULT_N2048_q16_rep2,2,4,2,sm_89,COMM_ONLY,NCCL,C0_DEFAULT,2048,2048,2048,16,4,1048576,30,0,390.912,0.000,0.000,0.000,PASS,0
mh_comm_C0_DEFAULT_N2048_q16_rep2,2,4,2,sm_89,COMM_ONLY,NCCL,C0_DEFAULT,2048,2048,2048,16,5,1048576,30,0,459.040,0.000,0.000,0.000,PASS,0
mh_comm_C0_DEFAULT_N2048_q16_rep2,2,4,2,sm_89,COMM_ONLY,NCCL,C0_DEFAULT,2048,2048,2048,16,6,1048576,30,0,527.616,0.000,0.000,0.000,PASS,0
mh_comm_C0_DEFAULT_N2048_q16_rep2,2,4,2,sm_89,COMM_ONLY,NCCL,C0_DEFAULT,2048,2048,2048,16,7,1048576,30,0,597.376,0.000,0.000,0.000,PASS,0
mh_comm_C0_DEFAULT_N2048_q16_rep2,2,4,2,sm_89,COMM_ONLY,NCCL,C0_DEFAULT,2048,2048,2048,16,8,1048576,30,0,666.304,0.000,0.000,0.000,PASS,0
mh_comm_C0_DEFAULT_N2048_q16_rep2,2,4,2,sm_89,COMM_ONLY,NCCL,C0_DEFAULT,2048,2048,2048,16,9,1048576,30,0,734.656,0.000,0.000,0.000,PASS,0
mh_comm_C0_DEFAULT_N2048_q16_rep2,2,4,2,sm_89,COMM_ONLY,NCCL,C0_DEFAULT,2048,2048,2048,16,10,1048576,30,0,804.032,0.000,0.000,0.000,PASS,0
mh_comm_C0_DEFAULT_N2048_q16_rep2,2,4,2,sm_89,COMM_ONLY,NCCL,C0_DEFAULT,2048,2048,2048,16,11,1048576,30,0,874.208,0.000,0.000,0.000,PASS,0
mh_comm_C0_DEFAULT_N2048_q16_rep2,2,4,2,sm_89,COMM_ONLY,NCCL,C0_DEFAULT,2048,2048,2048,16,12,1048576,30,0,953.056,0.000,0.000,0.000,PASS,0
mh_comm_C0_DEFAULT_N2048_q16_rep2,2,4,2,sm_89,COMM_ONLY,NCCL,C0_DEFAULT,2048,2048,2048,16,13,1048576,30,0,1022.848,0.000,0.000,0.000,PASS,0
mh_comm_C0_DEFAULT_N2048_q16_rep2,2,4,2,sm_89,COMM_ONLY,NCCL,C0_DEFAULT,2048,2048,2048,16,14,1048576,30,0,1093.280,0.000,0.000,0.000,PASS,0
mh_comm_C0_DEFAULT_N2048_q16_rep2,2,4,2,sm_89,COMM_ONLY,NCCL,C0_DEFAULT,2048,2048,2048,16,15,1048576,30,0,1161.632,0.000,0.000,0.000,PASS,0
mh_comm_C0_DEFAULT_N2048_q16_rep2,2,4,2,sm_89,COMM_ONLY,NCCL,C0_DEFAULT,2048,2048,2048,16,0,1048576,31,0,102.432,0.000,0.000,0.000,PASS,0
mh_comm_C0_DEFAULT_N2048_q16_rep2,2,4,2,sm_89,COMM_ONLY,NCCL,C0_DEFAULT,2048,2048,2048,16,1,1048576,31,0,171.648,0.000,0.000,0.000,PASS,0
mh_comm_C0_DEFAULT_N2048_q16_rep2,2,4,2,sm_89,COMM_ONLY,NCCL,C0_DEFAULT,2048,2048,2048,16,2,1048576,31,0,240.544,0.000,0.000,0.000,PASS,0
mh_comm_C0_DEFAULT_N2048_q16_rep2,2,4,2,sm_89,COMM_ONLY,NCCL,C0_DEFAULT,2048,2048,2048,16,3,1048576,31,0,309.504,0.000,0.000,0.000,PASS,0
mh_comm_C0_DEFAULT_N2048_q16_rep2,2,4,2,sm_89,COMM_ONLY,NCCL,C0_DEFAULT,2048,2048,2048,16,4,1048576,31,0,379.712,0.000,0.000,0.000,PASS,0
mh_comm_C0_DEFAULT_N2048_q16_rep2,2,4,2,sm_89,COMM_ONLY,NCCL,C0_DEFAULT,2048,2048,2048,16,5,1048576,31,0,459.360,0.000,0.000,0.000,PASS,0
mh_comm_C0_DEFAULT_N2048_q16_rep2,2,4,2,sm_89,COMM_ONLY,NCCL,C0_DEFAULT,2048,2048,2048,16,6,1048576,31,0,528.640,0.000,0.000,0.000,PASS,0
mh_comm_C0_DEFAULT_N2048_q16_rep2,2,4,2,sm_89,COMM_ONLY,NCCL,C0_DEFAULT,2048,2048,2048,16,7,1048576,31,0,598.464,0.000,0.000,0.000,PASS,0
mh_comm_C0_DEFAULT_N2048_q16_rep2,2,4,2,sm_89,COMM_ONLY,NCCL,C0_DEFAULT,2048,2048,2048,16,8,1048576,31,0,666.976,0.000,0.000,0.000,PASS,0
mh_comm_C0_DEFAULT_N2048_q16_rep2,2,4,2,sm_89,COMM_ONLY,NCCL,C0_DEFAULT,2048,2048,2048,16,9,1048576,31,0,735.264,0.000,0.000,0.000,PASS,0
mh_comm_C0_DEFAULT_N2048_q16_rep2,2,4,2,sm_89,COMM_ONLY,NCCL,C0_DEFAULT,2048,2048,2048,16,10,1048576,31,0,804.480,0.000,0.000,0.000,PASS,0
mh_comm_C0_DEFAULT_N2048_q16_rep2,2,4,2,sm_89,COMM_ONLY,NCCL,C0_DEFAULT,2048,2048,2048,16,11,1048576,31,0,874.752,0.000,0.000,0.000,PASS,0
mh_comm_C0_DEFAULT_N2048_q16_rep2,2,4,2,sm_89,COMM_ONLY,NCCL,C0_DEFAULT,2048,2048,2048,16,12,1048576,31,0,958.752,0.000,0.000,0.000,PASS,0
mh_comm_C0_DEFAULT_N2048_q16_rep2,2,4,2,sm_89,COMM_ONLY,NCCL,C0_DEFAULT,2048,2048,2048,16,13,1048576,31,0,1028.352,0.000,0.000,0.000,PASS,0
mh_comm_C0_DEFAULT_N2048_q16_rep2,2,4,2,sm_89,COMM_ONLY,NCCL,C0_DEFAULT,2048,2048,2048,16,14,1048576,31,0,1100.704,0.000,0.000,0.000,PASS,0
mh_comm_C0_DEFAULT_N2048_q16_rep2,2,4,2,sm_89,COMM_ONLY,NCCL,C0_DEFAULT,2048,2048,2048,16,15,1048576,31,0,1172.256,0.000,0.000,0.000,PASS,0
mh_comm_C0_DEFAULT_N2048_q16_rep2,2,4,2,sm_89,COMM_ONLY,NCCL,C0_DEFAULT,2048,2048,2048,16,0,1048576,32,0,100.416,0.000,0.000,0.000,PASS,0
mh_comm_C0_DEFAULT_N2048_q16_rep2,2,4,2,sm_89,COMM_ONLY,NCCL,C0_DEFAULT,2048,2048,2048,16,1,1048576,32,0,169.824,0.000,0.000,0.000,PASS,0
mh_comm_C0_DEFAULT_N2048_q16_rep2,2,4,2,sm_89,COMM_ONLY,NCCL,C0_DEFAULT,2048,2048,2048,16,2,1048576,32,0,237.728,0.000,0.000,0.000,PASS,0
mh_comm_C0_DEFAULT_N2048_q16_rep2,2,4,2,sm_89,COMM_ONLY,NCCL,C0_DEFAULT,2048,2048,2048,16,3,1048576,32,0,307.232,0.000,0.000,0.000,PASS,0
mh_comm_C0_DEFAULT_N2048_q16_rep2,2,4,2,sm_89,COMM_ONLY,NCCL,C0_DEFAULT,2048,2048,2048,16,4,1048576,32,0,377.280,0.000,0.000,0.000,PASS,0
mh_comm_C0_DEFAULT_N2048_q16_rep2,2,4,2,sm_89,COMM_ONLY,NCCL,C0_DEFAULT,2048,2048,2048,16,5,1048576,32,0,445.632,0.000,0.000,0.000,PASS,0
mh_comm_C0_DEFAULT_N2048_q16_rep2,2,4,2,sm_89,COMM_ONLY,NCCL,C0_DEFAULT,2048,2048,2048,16,6,1048576,32,0,512.448,0.000,0.000,0.000,PASS,0
mh_comm_C0_DEFAULT_N2048_q16_rep2,2,4,2,sm_89,COMM_ONLY,NCCL,C0_DEFAULT,2048,2048,2048,16,7,1048576,32,0,583.040,0.000,0.000,0.000,PASS,0
mh_comm_C0_DEFAULT_N2048_q16_rep2,2,4,2,sm_89,COMM_ONLY,NCCL,C0_DEFAULT,2048,2048,2048,16,8,1048576,32,0,662.336,0.000,0.000,0.000,PASS,0
mh_comm_C0_DEFAULT_N2048_q16_rep2,2,4,2,sm_89,COMM_ONLY,NCCL,C0_DEFAULT,2048,2048,2048,16,9,1048576,32,0,733.760,0.000,0.000,0.000,PASS,0
mh_comm_C0_DEFAULT_N2048_q16_rep2,2,4,2,sm_89,COMM_ONLY,NCCL,C0_DEFAULT,2048,2048,2048,16,10,1048576,32,0,802.368,0.000,0.000,0.000,PASS,0
mh_comm_C0_DEFAULT_N2048_q16_rep2,2,4,2,sm_89,COMM_ONLY,NCCL,C0_DEFAULT,2048,2048,2048,16,11,1048576,32,0,872.224,0.000,0.000,0.000,PASS,0
mh_comm_C0_DEFAULT_N2048_q16_rep2,2,4,2,sm_89,COMM_ONLY,NCCL,C0_DEFAULT,2048,2048,2048,16,12,1048576,32,0,940.864,0.000,0.000,0.000,PASS,0
mh_comm_C0_DEFAULT_N2048_q16_rep2,2,4,2,sm_89,COMM_ONLY,NCCL,C0_DEFAULT,2048,2048,2048,16,13,1048576,32,0,1010.048,0.000,0.000,0.000,PASS,0
mh_comm_C0_DEFAULT_N2048_q16_rep2,2,4,2,sm_89,COMM_ONLY,NCCL,C0_DEFAULT,2048,2048,2048,16,14,1048576,32,0,1081.024,0.000,0.000,0.000,PASS,0
mh_comm_C0_DEFAULT_N2048_q16_rep2,2,4,2,sm_89,COMM_ONLY,NCCL,C0_DEFAULT,2048,2048,2048,16,15,1048576,32,0,1149.664,0.000,0.000,0.000,PASS,0
mh_comm_C0_DEFAULT_N2048_q16_rep2,2,4,2,sm_89,COMM_ONLY,NCCL,C0_DEFAULT,2048,2048,2048,16,0,1048576,33,0,104.128,0.000,0.000,0.000,PASS,0
mh_comm_C0_DEFAULT_N2048_q16_rep2,2,4,2,sm_89,COMM_ONLY,NCCL,C0_DEFAULT,2048,2048,2048,16,1,1048576,33,0,173.088,0.000,0.000,0.000,PASS,0
mh_comm_C0_DEFAULT_N2048_q16_rep2,2,4,2,sm_89,COMM_ONLY,NCCL,C0_DEFAULT,2048,2048,2048,16,2,1048576,33,0,240.800,0.000,0.000,0.000,PASS,0
mh_comm_C0_DEFAULT_N2048_q16_rep2,2,4,2,sm_89,COMM_ONLY,NCCL,C0_DEFAULT,2048,2048,2048,16,3,1048576,33,0,310.400,0.000,0.000,0.000,PASS,0
mh_comm_C0_DEFAULT_N2048_q16_rep2,2,4,2,sm_89,COMM_ONLY,NCCL,C0_DEFAULT,2048,2048,2048,16,4,1048576,33,0,379.872,0.000,0.000,0.000,PASS,0
mh_comm_C0_DEFAULT_N2048_q16_rep2,2,4,2,sm_89,COMM_ONLY,NCCL,C0_DEFAULT,2048,2048,2048,16,5,1048576,33,0,448.544,0.000,0.000,0.000,PASS,0
mh_comm_C0_DEFAULT_N2048_q16_rep2,2,4,2,sm_89,COMM_ONLY,NCCL,C0_DEFAULT,2048,2048,2048,16,6,1048576,33,0,517.248,0.000,0.000,0.000,PASS,0
mh_comm_C0_DEFAULT_N2048_q16_rep2,2,4,2,sm_89,COMM_ONLY,NCCL,C0_DEFAULT,2048,2048,2048,16,7,1048576,33,0,598.304,0.000,0.000,0.000,PASS,0
mh_comm_C0_DEFAULT_N2048_q16_rep2,2,4,2,sm_89,COMM_ONLY,NCCL,C0_DEFAULT,2048,2048,2048,16,8,1048576,33,0,667.232,0.000,0.000,0.000,PASS,0
mh_comm_C0_DEFAULT_N2048_q16_rep2,2,4,2,sm_89,COMM_ONLY,NCCL,C0_DEFAULT,2048,2048,2048,16,9,1048576,33,0,748.448,0.000,0.000,0.000,PASS,0
mh_comm_C0_DEFAULT_N2048_q16_rep2,2,4,2,sm_89,COMM_ONLY,NCCL,C0_DEFAULT,2048,2048,2048,16,10,1048576,33,0,815.936,0.000,0.000,0.000,PASS,0
mh_comm_C0_DEFAULT_N2048_q16_rep2,2,4,2,sm_89,COMM_ONLY,NCCL,C0_DEFAULT,2048,2048,2048,16,11,1048576,33,0,885.472,0.000,0.000,0.000,PASS,0
mh_comm_C0_DEFAULT_N2048_q16_rep2,2,4,2,sm_89,COMM_ONLY,NCCL,C0_DEFAULT,2048,2048,2048,16,12,1048576,33,0,954.528,0.000,0.000,0.000,PASS,0
mh_comm_C0_DEFAULT_N2048_q16_rep2,2,4,2,sm_89,COMM_ONLY,NCCL,C0_DEFAULT,2048,2048,2048,16,13,1048576,33,0,1024.416,0.000,0.000,0.000,PASS,0
mh_comm_C0_DEFAULT_N2048_q16_rep2,2,4,2,sm_89,COMM_ONLY,NCCL,C0_DEFAULT,2048,2048,2048,16,14,1048576,33,0,1094.112,0.000,0.000,0.000,PASS,0
mh_comm_C0_DEFAULT_N2048_q16_rep2,2,4,2,sm_89,COMM_ONLY,NCCL,C0_DEFAULT,2048,2048,2048,16,15,1048576,33,0,1166.944,0.000,0.000,0.000,PASS,0
mh_comm_C0_DEFAULT_N2048_q16_rep2,2,4,2,sm_89,COMM_ONLY,NCCL,C0_DEFAULT,2048,2048,2048,16,0,1048576,34,0,109.600,0.000,0.000,0.000,PASS,0
mh_comm_C0_DEFAULT_N2048_q16_rep2,2,4,2,sm_89,COMM_ONLY,NCCL,C0_DEFAULT,2048,2048,2048,16,1,1048576,34,0,187.968,0.000,0.000,0.000,PASS,0
mh_comm_C0_DEFAULT_N2048_q16_rep2,2,4,2,sm_89,COMM_ONLY,NCCL,C0_DEFAULT,2048,2048,2048,16,2,1048576,34,0,269.792,0.000,0.000,0.000,PASS,0
mh_comm_C0_DEFAULT_N2048_q16_rep2,2,4,2,sm_89,COMM_ONLY,NCCL,C0_DEFAULT,2048,2048,2048,16,3,1048576,34,0,337.216,0.000,0.000,0.000,PASS,0
mh_comm_C0_DEFAULT_N2048_q16_rep2,2,4,2,sm_89,COMM_ONLY,NCCL,C0_DEFAULT,2048,2048,2048,16,4,1048576,34,0,408.064,0.000,0.000,0.000,PASS,0
mh_comm_C0_DEFAULT_N2048_q16_rep2,2,4,2,sm_89,COMM_ONLY,NCCL,C0_DEFAULT,2048,2048,2048,16,5,1048576,34,0,476.064,0.000,0.000,0.000,PASS,0
mh_comm_C0_DEFAULT_N2048_q16_rep2,2,4,2,sm_89,COMM_ONLY,NCCL,C0_DEFAULT,2048,2048,2048,16,6,1048576,34,0,544.672,0.000,0.000,0.000,PASS,0
mh_comm_C0_DEFAULT_N2048_q16_rep2,2,4,2,sm_89,COMM_ONLY,NCCL,C0_DEFAULT,2048,2048,2048,16,7,1048576,34,0,612.800,0.000,0.000,0.000,PASS,0
mh_comm_C0_DEFAULT_N2048_q16_rep2,2,4,2,sm_89,COMM_ONLY,NCCL,C0_DEFAULT,2048,2048,2048,16,8,1048576,34,0,682.624,0.000,0.000,0.000,PASS,0
mh_comm_C0_DEFAULT_N2048_q16_rep2,2,4,2,sm_89,COMM_ONLY,NCCL,C0_DEFAULT,2048,2048,2048,16,9,1048576,34,0,750.688,0.000,0.000,0.000,PASS,0
mh_comm_C0_DEFAULT_N2048_q16_rep2,2,4,2,sm_89,COMM_ONLY,NCCL,C0_DEFAULT,2048,2048,2048,16,10,1048576,34,0,820.288,0.000,0.000,0.000,PASS,0
mh_comm_C0_DEFAULT_N2048_q16_rep2,2,4,2,sm_89,COMM_ONLY,NCCL,C0_DEFAULT,2048,2048,2048,16,11,1048576,34,0,890.976,0.000,0.000,0.000,PASS,0
mh_comm_C0_DEFAULT_N2048_q16_rep2,2,4,2,sm_89,COMM_ONLY,NCCL,C0_DEFAULT,2048,2048,2048,16,12,1048576,34,0,962.208,0.000,0.000,0.000,PASS,0
mh_comm_C0_DEFAULT_N2048_q16_rep2,2,4,2,sm_89,COMM_ONLY,NCCL,C0_DEFAULT,2048,2048,2048,16,13,1048576,34,0,1031.360,0.000,0.000,0.000,PASS,0
mh_comm_C0_DEFAULT_N2048_q16_rep2,2,4,2,sm_89,COMM_ONLY,NCCL,C0_DEFAULT,2048,2048,2048,16,14,1048576,34,0,1101.888,0.000,0.000,0.000,PASS,0
mh_comm_C0_DEFAULT_N2048_q16_rep2,2,4,2,sm_89,COMM_ONLY,NCCL,C0_DEFAULT,2048,2048,2048,16,15,1048576,34,0,1169.216,0.000,0.000,0.000,PASS,0
mh_comm_C0_DEFAULT_N2048_q16_rep2,2,4,2,sm_89,COMM_ONLY,NCCL,C0_DEFAULT,2048,2048,2048,16,0,1048576,35,0,103.232,0.000,0.000,0.000,PASS,0
mh_comm_C0_DEFAULT_N2048_q16_rep2,2,4,2,sm_89,COMM_ONLY,NCCL,C0_DEFAULT,2048,2048,2048,16,1,1048576,35,0,171.552,0.000,0.000,0.000,PASS,0
mh_comm_C0_DEFAULT_N2048_q16_rep2,2,4,2,sm_89,COMM_ONLY,NCCL,C0_DEFAULT,2048,2048,2048,16,2,1048576,35,0,240.032,0.000,0.000,0.000,PASS,0
mh_comm_C0_DEFAULT_N2048_q16_rep2,2,4,2,sm_89,COMM_ONLY,NCCL,C0_DEFAULT,2048,2048,2048,16,3,1048576,35,0,307.744,0.000,0.000,0.000,PASS,0
mh_comm_C0_DEFAULT_N2048_q16_rep2,2,4,2,sm_89,COMM_ONLY,NCCL,C0_DEFAULT,2048,2048,2048,16,4,1048576,35,0,378.496,0.000,0.000,0.000,PASS,0
mh_comm_C0_DEFAULT_N2048_q16_rep2,2,4,2,sm_89,COMM_ONLY,NCCL,C0_DEFAULT,2048,2048,2048,16,5,1048576,35,0,459.456,0.000,0.000,0.000,PASS,0
mh_comm_C0_DEFAULT_N2048_q16_rep2,2,4,2,sm_89,COMM_ONLY,NCCL,C0_DEFAULT,2048,2048,2048,16,6,1048576,35,0,528.608,0.000,0.000,0.000,PASS,0
mh_comm_C0_DEFAULT_N2048_q16_rep2,2,4,2,sm_89,COMM_ONLY,NCCL,C0_DEFAULT,2048,2048,2048,16,7,1048576,35,0,597.344,0.000,0.000,0.000,PASS,0
mh_comm_C0_DEFAULT_N2048_q16_rep2,2,4,2,sm_89,COMM_ONLY,NCCL,C0_DEFAULT,2048,2048,2048,16,8,1048576,35,0,666.112,0.000,0.000,0.000,PASS,0
mh_comm_C0_DEFAULT_N2048_q16_rep2,2,4,2,sm_89,COMM_ONLY,NCCL,C0_DEFAULT,2048,2048,2048,16,9,1048576,35,0,736.544,0.000,0.000,0.000,PASS,0
mh_comm_C0_DEFAULT_N2048_q16_rep2,2,4,2,sm_89,COMM_ONLY,NCCL,C0_DEFAULT,2048,2048,2048,16,10,1048576,35,0,805.632,0.000,0.000,0.000,PASS,0
mh_comm_C0_DEFAULT_N2048_q16_rep2,2,4,2,sm_89,COMM_ONLY,NCCL,C0_DEFAULT,2048,2048,2048,16,11,1048576,35,0,875.616,0.000,0.000,0.000,PASS,0
mh_comm_C0_DEFAULT_N2048_q16_rep2,2,4,2,sm_89,COMM_ONLY,NCCL,C0_DEFAULT,2048,2048,2048,16,12,1048576,35,0,944.256,0.000,0.000,0.000,PASS,0
mh_comm_C0_DEFAULT_N2048_q16_rep2,2,4,2,sm_89,COMM_ONLY,NCCL,C0_DEFAULT,2048,2048,2048,16,13,1048576,35,0,1027.424,0.000,0.000,0.000,PASS,0
mh_comm_C0_DEFAULT_N2048_q16_rep2,2,4,2,sm_89,COMM_ONLY,NCCL,C0_DEFAULT,2048,2048,2048,16,14,1048576,35,0,1097.856,0.000,0.000,0.000,PASS,0
mh_comm_C0_DEFAULT_N2048_q16_rep2,2,4,2,sm_89,COMM_ONLY,NCCL,C0_DEFAULT,2048,2048,2048,16,15,1048576,35,0,1167.072,0.000,0.000,0.000,PASS,0
mh_comm_C0_DEFAULT_N2048_q16_rep2,2,4,2,sm_89,COMM_ONLY,NCCL,C0_DEFAULT,2048,2048,2048,16,0,1048576,36,0,119.488,0.000,0.000,0.000,PASS,0
mh_comm_C0_DEFAULT_N2048_q16_rep2,2,4,2,sm_89,COMM_ONLY,NCCL,C0_DEFAULT,2048,2048,2048,16,1,1048576,36,0,190.976,0.000,0.000,0.000,PASS,0
mh_comm_C0_DEFAULT_N2048_q16_rep2,2,4,2,sm_89,COMM_ONLY,NCCL,C0_DEFAULT,2048,2048,2048,16,2,1048576,36,0,259.072,0.000,0.000,0.000,PASS,0
mh_comm_C0_DEFAULT_N2048_q16_rep2,2,4,2,sm_89,COMM_ONLY,NCCL,C0_DEFAULT,2048,2048,2048,16,3,1048576,36,0,328.256,0.000,0.000,0.000,PASS,0
mh_comm_C0_DEFAULT_N2048_q16_rep2,2,4,2,sm_89,COMM_ONLY,NCCL,C0_DEFAULT,2048,2048,2048,16,4,1048576,36,0,410.720,0.000,0.000,0.000,PASS,0
mh_comm_C0_DEFAULT_N2048_q16_rep2,2,4,2,sm_89,COMM_ONLY,NCCL,C0_DEFAULT,2048,2048,2048,16,5,1048576,36,0,491.328,0.000,0.000,0.000,PASS,0
mh_comm_C0_DEFAULT_N2048_q16_rep2,2,4,2,sm_89,COMM_ONLY,NCCL,C0_DEFAULT,2048,2048,2048,16,6,1048576,36,0,574.144,0.000,0.000,0.000,PASS,0
mh_comm_C0_DEFAULT_N2048_q16_rep2,2,4,2,sm_89,COMM_ONLY,NCCL,C0_DEFAULT,2048,2048,2048,16,7,1048576,36,0,647.840,0.000,0.000,0.000,PASS,0
mh_comm_C0_DEFAULT_N2048_q16_rep2,2,4,2,sm_89,COMM_ONLY,NCCL,C0_DEFAULT,2048,2048,2048,16,8,1048576,36,0,717.792,0.000,0.000,0.000,PASS,0
mh_comm_C0_DEFAULT_N2048_q16_rep2,2,4,2,sm_89,COMM_ONLY,NCCL,C0_DEFAULT,2048,2048,2048,16,9,1048576,36,0,788.000,0.000,0.000,0.000,PASS,0
mh_comm_C0_DEFAULT_N2048_q16_rep2,2,4,2,sm_89,COMM_ONLY,NCCL,C0_DEFAULT,2048,2048,2048,16,10,1048576,36,0,860.000,0.000,0.000,0.000,PASS,0
mh_comm_C0_DEFAULT_N2048_q16_rep2,2,4,2,sm_89,COMM_ONLY,NCCL,C0_DEFAULT,2048,2048,2048,16,11,1048576,36,0,930.336,0.000,0.000,0.000,PASS,0
mh_comm_C0_DEFAULT_N2048_q16_rep2,2,4,2,sm_89,COMM_ONLY,NCCL,C0_DEFAULT,2048,2048,2048,16,12,1048576,36,0,1011.520,0.000,0.000,0.000,PASS,0
mh_comm_C0_DEFAULT_N2048_q16_rep2,2,4,2,sm_89,COMM_ONLY,NCCL,C0_DEFAULT,2048,2048,2048,16,13,1048576,36,0,1081.088,0.000,0.000,0.000,PASS,0
mh_comm_C0_DEFAULT_N2048_q16_rep2,2,4,2,sm_89,COMM_ONLY,NCCL,C0_DEFAULT,2048,2048,2048,16,14,1048576,36,0,1149.728,0.000,0.000,0.000,PASS,0
mh_comm_C0_DEFAULT_N2048_q16_rep2,2,4,2,sm_89,COMM_ONLY,NCCL,C0_DEFAULT,2048,2048,2048,16,15,1048576,36,0,1219.072,0.000,0.000,0.000,PASS,0
mh_comm_C0_DEFAULT_N2048_q16_rep2,2,4,2,sm_89,COMM_ONLY,NCCL,C0_DEFAULT,2048,2048,2048,16,0,1048576,37,0,115.360,0.000,0.000,0.000,PASS,0
mh_comm_C0_DEFAULT_N2048_q16_rep2,2,4,2,sm_89,COMM_ONLY,NCCL,C0_DEFAULT,2048,2048,2048,16,1,1048576,37,0,184.992,0.000,0.000,0.000,PASS,0
mh_comm_C0_DEFAULT_N2048_q16_rep2,2,4,2,sm_89,COMM_ONLY,NCCL,C0_DEFAULT,2048,2048,2048,16,2,1048576,37,0,253.888,0.000,0.000,0.000,PASS,0
mh_comm_C0_DEFAULT_N2048_q16_rep2,2,4,2,sm_89,COMM_ONLY,NCCL,C0_DEFAULT,2048,2048,2048,16,3,1048576,37,0,323.008,0.000,0.000,0.000,PASS,0
mh_comm_C0_DEFAULT_N2048_q16_rep2,2,4,2,sm_89,COMM_ONLY,NCCL,C0_DEFAULT,2048,2048,2048,16,4,1048576,37,0,392.288,0.000,0.000,0.000,PASS,0
mh_comm_C0_DEFAULT_N2048_q16_rep2,2,4,2,sm_89,COMM_ONLY,NCCL,C0_DEFAULT,2048,2048,2048,16,5,1048576,37,0,460.576,0.000,0.000,0.000,PASS,0
mh_comm_C0_DEFAULT_N2048_q16_rep2,2,4,2,sm_89,COMM_ONLY,NCCL,C0_DEFAULT,2048,2048,2048,16,6,1048576,37,0,548.576,0.000,0.000,0.000,PASS,0
mh_comm_C0_DEFAULT_N2048_q16_rep2,2,4,2,sm_89,COMM_ONLY,NCCL,C0_DEFAULT,2048,2048,2048,16,7,1048576,37,0,617.568,0.000,0.000,0.000,PASS,0
mh_comm_C0_DEFAULT_N2048_q16_rep2,2,4,2,sm_89,COMM_ONLY,NCCL,C0_DEFAULT,2048,2048,2048,16,8,1048576,37,0,692.448,0.000,0.000,0.000,PASS,0
mh_comm_C0_DEFAULT_N2048_q16_rep2,2,4,2,sm_89,COMM_ONLY,NCCL,C0_DEFAULT,2048,2048,2048,16,9,1048576,37,0,762.752,0.000,0.000,0.000,PASS,0
mh_comm_C0_DEFAULT_N2048_q16_rep2,2,4,2,sm_89,COMM_ONLY,NCCL,C0_DEFAULT,2048,2048,2048,16,10,1048576,37,0,832.672,0.000,0.000,0.000,PASS,0
mh_comm_C0_DEFAULT_N2048_q16_rep2,2,4,2,sm_89,COMM_ONLY,NCCL,C0_DEFAULT,2048,2048,2048,16,11,1048576,37,0,902.944,0.000,0.000,0.000,PASS,0
mh_comm_C0_DEFAULT_N2048_q16_rep2,2,4,2,sm_89,COMM_ONLY,NCCL,C0_DEFAULT,2048,2048,2048,16,12,1048576,37,0,972.544,0.000,0.000,0.000,PASS,0
mh_comm_C0_DEFAULT_N2048_q16_rep2,2,4,2,sm_89,COMM_ONLY,NCCL,C0_DEFAULT,2048,2048,2048,16,13,1048576,37,0,1040.416,0.000,0.000,0.000,PASS,0
mh_comm_C0_DEFAULT_N2048_q16_rep2,2,4,2,sm_89,COMM_ONLY,NCCL,C0_DEFAULT,2048,2048,2048,16,14,1048576,37,0,1110.784,0.000,0.000,0.000,PASS,0
mh_comm_C0_DEFAULT_N2048_q16_rep2,2,4,2,sm_89,COMM_ONLY,NCCL,C0_DEFAULT,2048,2048,2048,16,15,1048576,37,0,1193.184,0.000,0.000,0.000,PASS,0
mh_comm_C0_DEFAULT_N2048_q16_rep2,2,4,2,sm_89,COMM_ONLY,NCCL,C0_DEFAULT,2048,2048,2048,16,0,1048576,38,0,103.648,0.000,0.000,0.000,PASS,0
mh_comm_C0_DEFAULT_N2048_q16_rep2,2,4,2,sm_89,COMM_ONLY,NCCL,C0_DEFAULT,2048,2048,2048,16,1,1048576,38,0,173.952,0.000,0.000,0.000,PASS,0
mh_comm_C0_DEFAULT_N2048_q16_rep2,2,4,2,sm_89,COMM_ONLY,NCCL,C0_DEFAULT,2048,2048,2048,16,2,1048576,38,0,254.720,0.000,0.000,0.000,PASS,0
mh_comm_C0_DEFAULT_N2048_q16_rep2,2,4,2,sm_89,COMM_ONLY,NCCL,C0_DEFAULT,2048,2048,2048,16,3,1048576,38,0,322.912,0.000,0.000,0.000,PASS,0
mh_comm_C0_DEFAULT_N2048_q16_rep2,2,4,2,sm_89,COMM_ONLY,NCCL,C0_DEFAULT,2048,2048,2048,16,4,1048576,38,0,392.352,0.000,0.000,0.000,PASS,0
mh_comm_C0_DEFAULT_N2048_q16_rep2,2,4,2,sm_89,COMM_ONLY,NCCL,C0_DEFAULT,2048,2048,2048,16,5,1048576,38,0,474.976,0.000,0.000,0.000,PASS,0
mh_comm_C0_DEFAULT_N2048_q16_rep2,2,4,2,sm_89,COMM_ONLY,NCCL,C0_DEFAULT,2048,2048,2048,16,6,1048576,38,0,543.136,0.000,0.000,0.000,PASS,0
mh_comm_C0_DEFAULT_N2048_q16_rep2,2,4,2,sm_89,COMM_ONLY,NCCL,C0_DEFAULT,2048,2048,2048,16,7,1048576,38,0,624.384,0.000,0.000,0.000,PASS,0
mh_comm_C0_DEFAULT_N2048_q16_rep2,2,4,2,sm_89,COMM_ONLY,NCCL,C0_DEFAULT,2048,2048,2048,16,8,1048576,38,0,695.808,0.000,0.000,0.000,PASS,0
mh_comm_C0_DEFAULT_N2048_q16_rep2,2,4,2,sm_89,COMM_ONLY,NCCL,C0_DEFAULT,2048,2048,2048,16,9,1048576,38,0,767.840,0.000,0.000,0.000,PASS,0
mh_comm_C0_DEFAULT_N2048_q16_rep2,2,4,2,sm_89,COMM_ONLY,NCCL,C0_DEFAULT,2048,2048,2048,16,10,1048576,38,0,860.768,0.000,0.000,0.000,PASS,0
mh_comm_C0_DEFAULT_N2048_q16_rep2,2,4,2,sm_89,COMM_ONLY,NCCL,C0_DEFAULT,2048,2048,2048,16,11,1048576,38,0,931.520,0.000,0.000,0.000,PASS,0
mh_comm_C0_DEFAULT_N2048_q16_rep2,2,4,2,sm_89,COMM_ONLY,NCCL,C0_DEFAULT,2048,2048,2048,16,12,1048576,38,0,1000.512,0.000,0.000,0.000,PASS,0
mh_comm_C0_DEFAULT_N2048_q16_rep2,2,4,2,sm_89,COMM_ONLY,NCCL,C0_DEFAULT,2048,2048,2048,16,13,1048576,38,0,1069.216,0.000,0.000,0.000,PASS,0
mh_comm_C0_DEFAULT_N2048_q16_rep2,2,4,2,sm_89,COMM_ONLY,NCCL,C0_DEFAULT,2048,2048,2048,16,14,1048576,38,0,1136.800,0.000,0.000,0.000,PASS,0
mh_comm_C0_DEFAULT_N2048_q16_rep2,2,4,2,sm_89,COMM_ONLY,NCCL,C0_DEFAULT,2048,2048,2048,16,15,1048576,38,0,1206.208,0.000,0.000,0.000,PASS,0
mh_comm_C0_DEFAULT_N2048_q16_rep2,2,4,2,sm_89,COMM_ONLY,NCCL,C0_DEFAULT,2048,2048,2048,16,0,1048576,39,0,105.888,0.000,0.000,0.000,PASS,0
mh_comm_C0_DEFAULT_N2048_q16_rep2,2,4,2,sm_89,COMM_ONLY,NCCL,C0_DEFAULT,2048,2048,2048,16,1,1048576,39,0,192.000,0.000,0.000,0.000,PASS,0
mh_comm_C0_DEFAULT_N2048_q16_rep2,2,4,2,sm_89,COMM_ONLY,NCCL,C0_DEFAULT,2048,2048,2048,16,2,1048576,39,0,261.024,0.000,0.000,0.000,PASS,0
mh_comm_C0_DEFAULT_N2048_q16_rep2,2,4,2,sm_89,COMM_ONLY,NCCL,C0_DEFAULT,2048,2048,2048,16,3,1048576,39,0,330.016,0.000,0.000,0.000,PASS,0
mh_comm_C0_DEFAULT_N2048_q16_rep2,2,4,2,sm_89,COMM_ONLY,NCCL,C0_DEFAULT,2048,2048,2048,16,4,1048576,39,0,400.608,0.000,0.000,0.000,PASS,0
mh_comm_C0_DEFAULT_N2048_q16_rep2,2,4,2,sm_89,COMM_ONLY,NCCL,C0_DEFAULT,2048,2048,2048,16,5,1048576,39,0,479.808,0.000,0.000,0.000,PASS,0
mh_comm_C0_DEFAULT_N2048_q16_rep2,2,4,2,sm_89,COMM_ONLY,NCCL,C0_DEFAULT,2048,2048,2048,16,6,1048576,39,0,549.280,0.000,0.000,0.000,PASS,0
mh_comm_C0_DEFAULT_N2048_q16_rep2,2,4,2,sm_89,COMM_ONLY,NCCL,C0_DEFAULT,2048,2048,2048,16,7,1048576,39,0,631.552,0.000,0.000,0.000,PASS,0
mh_comm_C0_DEFAULT_N2048_q16_rep2,2,4,2,sm_89,COMM_ONLY,NCCL,C0_DEFAULT,2048,2048,2048,16,8,1048576,39,0,700.064,0.000,0.000,0.000,PASS,0
mh_comm_C0_DEFAULT_N2048_q16_rep2,2,4,2,sm_89,COMM_ONLY,NCCL,C0_DEFAULT,2048,2048,2048,16,9,1048576,39,0,784.320,0.000,0.000,0.000,PASS,0
mh_comm_C0_DEFAULT_N2048_q16_rep2,2,4,2,sm_89,COMM_ONLY,NCCL,C0_DEFAULT,2048,2048,2048,16,10,1048576,39,0,853.664,0.000,0.000,0.000,PASS,0
mh_comm_C0_DEFAULT_N2048_q16_rep2,2,4,2,sm_89,COMM_ONLY,NCCL,C0_DEFAULT,2048,2048,2048,16,11,1048576,39,0,923.328,0.000,0.000,0.000,PASS,0
mh_comm_C0_DEFAULT_N2048_q16_rep2,2,4,2,sm_89,COMM_ONLY,NCCL,C0_DEFAULT,2048,2048,2048,16,12,1048576,39,0,996.768,0.000,0.000,0.000,PASS,0
mh_comm_C0_DEFAULT_N2048_q16_rep2,2,4,2,sm_89,COMM_ONLY,NCCL,C0_DEFAULT,2048,2048,2048,16,13,1048576,39,0,1066.336,0.000,0.000,0.000,PASS,0
mh_comm_C0_DEFAULT_N2048_q16_rep2,2,4,2,sm_89,COMM_ONLY,NCCL,C0_DEFAULT,2048,2048,2048,16,14,1048576,39,0,1136.192,0.000,0.000,0.000,PASS,0
mh_comm_C0_DEFAULT_N2048_q16_rep2,2,4,2,sm_89,COMM_ONLY,NCCL,C0_DEFAULT,2048,2048,2048,16,15,1048576,39,0,1204.672,0.000,0.000,0.000,PASS,0
mh_comm_C0_DEFAULT_N2048_q16_rep2,2,4,2,sm_89,COMM_ONLY,NCCL,C0_DEFAULT,2048,2048,2048,16,0,1048576,40,0,104.192,0.000,0.000,0.000,PASS,0
mh_comm_C0_DEFAULT_N2048_q16_rep2,2,4,2,sm_89,COMM_ONLY,NCCL,C0_DEFAULT,2048,2048,2048,16,1,1048576,40,0,175.328,0.000,0.000,0.000,PASS,0
mh_comm_C0_DEFAULT_N2048_q16_rep2,2,4,2,sm_89,COMM_ONLY,NCCL,C0_DEFAULT,2048,2048,2048,16,2,1048576,40,0,243.968,0.000,0.000,0.000,PASS,0
mh_comm_C0_DEFAULT_N2048_q16_rep2,2,4,2,sm_89,COMM_ONLY,NCCL,C0_DEFAULT,2048,2048,2048,16,3,1048576,40,0,311.680,0.000,0.000,0.000,PASS,0
mh_comm_C0_DEFAULT_N2048_q16_rep2,2,4,2,sm_89,COMM_ONLY,NCCL,C0_DEFAULT,2048,2048,2048,16,4,1048576,40,0,380.992,0.000,0.000,0.000,PASS,0
mh_comm_C0_DEFAULT_N2048_q16_rep2,2,4,2,sm_89,COMM_ONLY,NCCL,C0_DEFAULT,2048,2048,2048,16,5,1048576,40,0,449.760,0.000,0.000,0.000,PASS,0
mh_comm_C0_DEFAULT_N2048_q16_rep2,2,4,2,sm_89,COMM_ONLY,NCCL,C0_DEFAULT,2048,2048,2048,16,6,1048576,40,0,522.624,0.000,0.000,0.000,PASS,0
mh_comm_C0_DEFAULT_N2048_q16_rep2,2,4,2,sm_89,COMM_ONLY,NCCL,C0_DEFAULT,2048,2048,2048,16,7,1048576,40,0,607.488,0.000,0.000,0.000,PASS,0
mh_comm_C0_DEFAULT_N2048_q16_rep2,2,4,2,sm_89,COMM_ONLY,NCCL,C0_DEFAULT,2048,2048,2048,16,8,1048576,40,0,680.000,0.000,0.000,0.000,PASS,0
mh_comm_C0_DEFAULT_N2048_q16_rep2,2,4,2,sm_89,COMM_ONLY,NCCL,C0_DEFAULT,2048,2048,2048,16,9,1048576,40,0,760.608,0.000,0.000,0.000,PASS,0
mh_comm_C0_DEFAULT_N2048_q16_rep2,2,4,2,sm_89,COMM_ONLY,NCCL,C0_DEFAULT,2048,2048,2048,16,10,1048576,40,0,841.152,0.000,0.000,0.000,PASS,0
mh_comm_C0_DEFAULT_N2048_q16_rep2,2,4,2,sm_89,COMM_ONLY,NCCL,C0_DEFAULT,2048,2048,2048,16,11,1048576,40,0,910.560,0.000,0.000,0.000,PASS,0
mh_comm_C0_DEFAULT_N2048_q16_rep2,2,4,2,sm_89,COMM_ONLY,NCCL,C0_DEFAULT,2048,2048,2048,16,12,1048576,40,0,982.208,0.000,0.000,0.000,PASS,0
mh_comm_C0_DEFAULT_N2048_q16_rep2,2,4,2,sm_89,COMM_ONLY,NCCL,C0_DEFAULT,2048,2048,2048,16,13,1048576,40,0,1051.136,0.000,0.000,0.000,PASS,0
mh_comm_C0_DEFAULT_N2048_q16_rep2,2,4,2,sm_89,COMM_ONLY,NCCL,C0_DEFAULT,2048,2048,2048,16,14,1048576,40,0,1121.856,0.000,0.000,0.000,PASS,0
mh_comm_C0_DEFAULT_N2048_q16_rep2,2,4,2,sm_89,COMM_ONLY,NCCL,C0_DEFAULT,2048,2048,2048,16,15,1048576,40,0,1190.688,0.000,0.000,0.000,PASS,0
mh_comm_C0_DEFAULT_N2048_q16_rep2,2,4,2,sm_89,COMM_ONLY,NCCL,C0_DEFAULT,2048,2048,2048,16,0,1048576,41,0,109.696,0.000,0.000,0.000,PASS,0
mh_comm_C0_DEFAULT_N2048_q16_rep2,2,4,2,sm_89,COMM_ONLY,NCCL,C0_DEFAULT,2048,2048,2048,16,1,1048576,41,0,179.936,0.000,0.000,0.000,PASS,0
mh_comm_C0_DEFAULT_N2048_q16_rep2,2,4,2,sm_89,COMM_ONLY,NCCL,C0_DEFAULT,2048,2048,2048,16,2,1048576,41,0,258.752,0.000,0.000,0.000,PASS,0
mh_comm_C0_DEFAULT_N2048_q16_rep2,2,4,2,sm_89,COMM_ONLY,NCCL,C0_DEFAULT,2048,2048,2048,16,3,1048576,41,0,326.944,0.000,0.000,0.000,PASS,0
mh_comm_C0_DEFAULT_N2048_q16_rep2,2,4,2,sm_89,COMM_ONLY,NCCL,C0_DEFAULT,2048,2048,2048,16,4,1048576,41,0,396.640,0.000,0.000,0.000,PASS,0
mh_comm_C0_DEFAULT_N2048_q16_rep2,2,4,2,sm_89,COMM_ONLY,NCCL,C0_DEFAULT,2048,2048,2048,16,5,1048576,41,0,476.000,0.000,0.000,0.000,PASS,0
mh_comm_C0_DEFAULT_N2048_q16_rep2,2,4,2,sm_89,COMM_ONLY,NCCL,C0_DEFAULT,2048,2048,2048,16,6,1048576,41,0,549.216,0.000,0.000,0.000,PASS,0
mh_comm_C0_DEFAULT_N2048_q16_rep2,2,4,2,sm_89,COMM_ONLY,NCCL,C0_DEFAULT,2048,2048,2048,16,7,1048576,41,0,618.656,0.000,0.000,0.000,PASS,0
mh_comm_C0_DEFAULT_N2048_q16_rep2,2,4,2,sm_89,COMM_ONLY,NCCL,C0_DEFAULT,2048,2048,2048,16,8,1048576,41,0,688.896,0.000,0.000,0.000,PASS,0
mh_comm_C0_DEFAULT_N2048_q16_rep2,2,4,2,sm_89,COMM_ONLY,NCCL,C0_DEFAULT,2048,2048,2048,16,9,1048576,41,0,757.568,0.000,0.000,0.000,PASS,0
mh_comm_C0_DEFAULT_N2048_q16_rep2,2,4,2,sm_89,COMM_ONLY,NCCL,C0_DEFAULT,2048,2048,2048,16,10,1048576,41,0,826.592,0.000,0.000,0.000,PASS,0
mh_comm_C0_DEFAULT_N2048_q16_rep2,2,4,2,sm_89,COMM_ONLY,NCCL,C0_DEFAULT,2048,2048,2048,16,11,1048576,41,0,904.960,0.000,0.000,0.000,PASS,0
mh_comm_C0_DEFAULT_N2048_q16_rep2,2,4,2,sm_89,COMM_ONLY,NCCL,C0_DEFAULT,2048,2048,2048,16,12,1048576,41,0,987.200,0.000,0.000,0.000,PASS,0
mh_comm_C0_DEFAULT_N2048_q16_rep2,2,4,2,sm_89,COMM_ONLY,NCCL,C0_DEFAULT,2048,2048,2048,16,13,1048576,41,0,1056.000,0.000,0.000,0.000,PASS,0
mh_comm_C0_DEFAULT_N2048_q16_rep2,2,4,2,sm_89,COMM_ONLY,NCCL,C0_DEFAULT,2048,2048,2048,16,14,1048576,41,0,1127.360,0.000,0.000,0.000,PASS,0
mh_comm_C0_DEFAULT_N2048_q16_rep2,2,4,2,sm_89,COMM_ONLY,NCCL,C0_DEFAULT,2048,2048,2048,16,15,1048576,41,0,1196.192,0.000,0.000,0.000,PASS,0
mh_comm_C0_DEFAULT_N2048_q16_rep2,2,4,2,sm_89,COMM_ONLY,NCCL,C0_DEFAULT,2048,2048,2048,16,0,1048576,42,0,108.352,0.000,0.000,0.000,PASS,0
mh_comm_C0_DEFAULT_N2048_q16_rep2,2,4,2,sm_89,COMM_ONLY,NCCL,C0_DEFAULT,2048,2048,2048,16,1,1048576,42,0,190.848,0.000,0.000,0.000,PASS,0
mh_comm_C0_DEFAULT_N2048_q16_rep2,2,4,2,sm_89,COMM_ONLY,NCCL,C0_DEFAULT,2048,2048,2048,16,2,1048576,42,0,270.240,0.000,0.000,0.000,PASS,0
mh_comm_C0_DEFAULT_N2048_q16_rep2,2,4,2,sm_89,COMM_ONLY,NCCL,C0_DEFAULT,2048,2048,2048,16,3,1048576,42,0,339.424,0.000,0.000,0.000,PASS,0
mh_comm_C0_DEFAULT_N2048_q16_rep2,2,4,2,sm_89,COMM_ONLY,NCCL,C0_DEFAULT,2048,2048,2048,16,4,1048576,42,0,422.816,0.000,0.000,0.000,PASS,0
mh_comm_C0_DEFAULT_N2048_q16_rep2,2,4,2,sm_89,COMM_ONLY,NCCL,C0_DEFAULT,2048,2048,2048,16,5,1048576,42,0,491.040,0.000,0.000,0.000,PASS,0
mh_comm_C0_DEFAULT_N2048_q16_rep2,2,4,2,sm_89,COMM_ONLY,NCCL,C0_DEFAULT,2048,2048,2048,16,6,1048576,42,0,562.720,0.000,0.000,0.000,PASS,0
mh_comm_C0_DEFAULT_N2048_q16_rep2,2,4,2,sm_89,COMM_ONLY,NCCL,C0_DEFAULT,2048,2048,2048,16,7,1048576,42,0,630.912,0.000,0.000,0.000,PASS,0
mh_comm_C0_DEFAULT_N2048_q16_rep2,2,4,2,sm_89,COMM_ONLY,NCCL,C0_DEFAULT,2048,2048,2048,16,8,1048576,42,0,718.880,0.000,0.000,0.000,PASS,0
mh_comm_C0_DEFAULT_N2048_q16_rep2,2,4,2,sm_89,COMM_ONLY,NCCL,C0_DEFAULT,2048,2048,2048,16,9,1048576,42,0,788.448,0.000,0.000,0.000,PASS,0
mh_comm_C0_DEFAULT_N2048_q16_rep2,2,4,2,sm_89,COMM_ONLY,NCCL,C0_DEFAULT,2048,2048,2048,16,10,1048576,42,0,857.504,0.000,0.000,0.000,PASS,0
mh_comm_C0_DEFAULT_N2048_q16_rep2,2,4,2,sm_89,COMM_ONLY,NCCL,C0_DEFAULT,2048,2048,2048,16,11,1048576,42,0,926.368,0.000,0.000,0.000,PASS,0
mh_comm_C0_DEFAULT_N2048_q16_rep2,2,4,2,sm_89,COMM_ONLY,NCCL,C0_DEFAULT,2048,2048,2048,16,12,1048576,42,0,998.144,0.000,0.000,0.000,PASS,0
mh_comm_C0_DEFAULT_N2048_q16_rep2,2,4,2,sm_89,COMM_ONLY,NCCL,C0_DEFAULT,2048,2048,2048,16,13,1048576,42,0,1067.328,0.000,0.000,0.000,PASS,0
mh_comm_C0_DEFAULT_N2048_q16_rep2,2,4,2,sm_89,COMM_ONLY,NCCL,C0_DEFAULT,2048,2048,2048,16,14,1048576,42,0,1137.344,0.000,0.000,0.000,PASS,0
mh_comm_C0_DEFAULT_N2048_q16_rep2,2,4,2,sm_89,COMM_ONLY,NCCL,C0_DEFAULT,2048,2048,2048,16,15,1048576,42,0,1217.792,0.000,0.000,0.000,PASS,0
mh_comm_C0_DEFAULT_N2048_q16_rep2,2,4,2,sm_89,COMM_ONLY,NCCL,C0_DEFAULT,2048,2048,2048,16,0,1048576,43,0,103.648,0.000,0.000,0.000,PASS,0
mh_comm_C0_DEFAULT_N2048_q16_rep2,2,4,2,sm_89,COMM_ONLY,NCCL,C0_DEFAULT,2048,2048,2048,16,1,1048576,43,0,173.280,0.000,0.000,0.000,PASS,0
mh_comm_C0_DEFAULT_N2048_q16_rep2,2,4,2,sm_89,COMM_ONLY,NCCL,C0_DEFAULT,2048,2048,2048,16,2,1048576,43,0,240.768,0.000,0.000,0.000,PASS,0
mh_comm_C0_DEFAULT_N2048_q16_rep2,2,4,2,sm_89,COMM_ONLY,NCCL,C0_DEFAULT,2048,2048,2048,16,3,1048576,43,0,309.824,0.000,0.000,0.000,PASS,0
mh_comm_C0_DEFAULT_N2048_q16_rep2,2,4,2,sm_89,COMM_ONLY,NCCL,C0_DEFAULT,2048,2048,2048,16,4,1048576,43,0,380.128,0.000,0.000,0.000,PASS,0
mh_comm_C0_DEFAULT_N2048_q16_rep2,2,4,2,sm_89,COMM_ONLY,NCCL,C0_DEFAULT,2048,2048,2048,16,5,1048576,43,0,448.928,0.000,0.000,0.000,PASS,0
mh_comm_C0_DEFAULT_N2048_q16_rep2,2,4,2,sm_89,COMM_ONLY,NCCL,C0_DEFAULT,2048,2048,2048,16,6,1048576,43,0,519.616,0.000,0.000,0.000,PASS,0
mh_comm_C0_DEFAULT_N2048_q16_rep2,2,4,2,sm_89,COMM_ONLY,NCCL,C0_DEFAULT,2048,2048,2048,16,7,1048576,43,0,593.632,0.000,0.000,0.000,PASS,0
mh_comm_C0_DEFAULT_N2048_q16_rep2,2,4,2,sm_89,COMM_ONLY,NCCL,C0_DEFAULT,2048,2048,2048,16,8,1048576,43,0,676.288,0.000,0.000,0.000,PASS,0
mh_comm_C0_DEFAULT_N2048_q16_rep2,2,4,2,sm_89,COMM_ONLY,NCCL,C0_DEFAULT,2048,2048,2048,16,9,1048576,43,0,745.056,0.000,0.000,0.000,PASS,0
mh_comm_C0_DEFAULT_N2048_q16_rep2,2,4,2,sm_89,COMM_ONLY,NCCL,C0_DEFAULT,2048,2048,2048,16,10,1048576,43,0,821.504,0.000,0.000,0.000,PASS,0
mh_comm_C0_DEFAULT_N2048_q16_rep2,2,4,2,sm_89,COMM_ONLY,NCCL,C0_DEFAULT,2048,2048,2048,16,11,1048576,43,0,896.800,0.000,0.000,0.000,PASS,0
mh_comm_C0_DEFAULT_N2048_q16_rep2,2,4,2,sm_89,COMM_ONLY,NCCL,C0_DEFAULT,2048,2048,2048,16,12,1048576,43,0,965.472,0.000,0.000,0.000,PASS,0
mh_comm_C0_DEFAULT_N2048_q16_rep2,2,4,2,sm_89,COMM_ONLY,NCCL,C0_DEFAULT,2048,2048,2048,16,13,1048576,43,0,1034.144,0.000,0.000,0.000,PASS,0
mh_comm_C0_DEFAULT_N2048_q16_rep2,2,4,2,sm_89,COMM_ONLY,NCCL,C0_DEFAULT,2048,2048,2048,16,14,1048576,43,0,1104.192,0.000,0.000,0.000,PASS,0
mh_comm_C0_DEFAULT_N2048_q16_rep2,2,4,2,sm_89,COMM_ONLY,NCCL,C0_DEFAULT,2048,2048,2048,16,15,1048576,43,0,1172.320,0.000,0.000,0.000,PASS,0
mh_comm_C0_DEFAULT_N2048_q16_rep2,2,4,2,sm_89,COMM_ONLY,NCCL,C0_DEFAULT,2048,2048,2048,16,0,1048576,44,0,102.528,0.000,0.000,0.000,PASS,0
mh_comm_C0_DEFAULT_N2048_q16_rep2,2,4,2,sm_89,COMM_ONLY,NCCL,C0_DEFAULT,2048,2048,2048,16,1,1048576,44,0,173.408,0.000,0.000,0.000,PASS,0
mh_comm_C0_DEFAULT_N2048_q16_rep2,2,4,2,sm_89,COMM_ONLY,NCCL,C0_DEFAULT,2048,2048,2048,16,2,1048576,44,0,240.800,0.000,0.000,0.000,PASS,0
mh_comm_C0_DEFAULT_N2048_q16_rep2,2,4,2,sm_89,COMM_ONLY,NCCL,C0_DEFAULT,2048,2048,2048,16,3,1048576,44,0,312.096,0.000,0.000,0.000,PASS,0
mh_comm_C0_DEFAULT_N2048_q16_rep2,2,4,2,sm_89,COMM_ONLY,NCCL,C0_DEFAULT,2048,2048,2048,16,4,1048576,44,0,382.048,0.000,0.000,0.000,PASS,0
mh_comm_C0_DEFAULT_N2048_q16_rep2,2,4,2,sm_89,COMM_ONLY,NCCL,C0_DEFAULT,2048,2048,2048,16,5,1048576,44,0,449.952,0.000,0.000,0.000,PASS,0
mh_comm_C0_DEFAULT_N2048_q16_rep2,2,4,2,sm_89,COMM_ONLY,NCCL,C0_DEFAULT,2048,2048,2048,16,6,1048576,44,0,518.368,0.000,0.000,0.000,PASS,0
mh_comm_C0_DEFAULT_N2048_q16_rep2,2,4,2,sm_89,COMM_ONLY,NCCL,C0_DEFAULT,2048,2048,2048,16,7,1048576,44,0,602.752,0.000,0.000,0.000,PASS,0
mh_comm_C0_DEFAULT_N2048_q16_rep2,2,4,2,sm_89,COMM_ONLY,NCCL,C0_DEFAULT,2048,2048,2048,16,8,1048576,44,0,674.624,0.000,0.000,0.000,PASS,0
mh_comm_C0_DEFAULT_N2048_q16_rep2,2,4,2,sm_89,COMM_ONLY,NCCL,C0_DEFAULT,2048,2048,2048,16,9,1048576,44,0,743.488,0.000,0.000,0.000,PASS,0
mh_comm_C0_DEFAULT_N2048_q16_rep2,2,4,2,sm_89,COMM_ONLY,NCCL,C0_DEFAULT,2048,2048,2048,16,10,1048576,44,0,813.792,0.000,0.000,0.000,PASS,0
mh_comm_C0_DEFAULT_N2048_q16_rep2,2,4,2,sm_89,COMM_ONLY,NCCL,C0_DEFAULT,2048,2048,2048,16,11,1048576,44,0,884.384,0.000,0.000,0.000,PASS,0
mh_comm_C0_DEFAULT_N2048_q16_rep2,2,4,2,sm_89,COMM_ONLY,NCCL,C0_DEFAULT,2048,2048,2048,16,12,1048576,44,0,954.432,0.000,0.000,0.000,PASS,0
mh_comm_C0_DEFAULT_N2048_q16_rep2,2,4,2,sm_89,COMM_ONLY,NCCL,C0_DEFAULT,2048,2048,2048,16,13,1048576,44,0,1022.208,0.000,0.000,0.000,PASS,0
mh_comm_C0_DEFAULT_N2048_q16_rep2,2,4,2,sm_89,COMM_ONLY,NCCL,C0_DEFAULT,2048,2048,2048,16,14,1048576,44,0,1092.800,0.000,0.000,0.000,PASS,0
mh_comm_C0_DEFAULT_N2048_q16_rep2,2,4,2,sm_89,COMM_ONLY,NCCL,C0_DEFAULT,2048,2048,2048,16,15,1048576,44,0,1161.248,0.000,0.000,0.000,PASS,0
mh_comm_C0_DEFAULT_N2048_q16_rep2,2,4,2,sm_89,COMM_ONLY,NCCL,C0_DEFAULT,2048,2048,2048,16,0,1048576,45,0,103.424,0.000,0.000,0.000,PASS,0
mh_comm_C0_DEFAULT_N2048_q16_rep2,2,4,2,sm_89,COMM_ONLY,NCCL,C0_DEFAULT,2048,2048,2048,16,1,1048576,45,0,183.584,0.000,0.000,0.000,PASS,0
mh_comm_C0_DEFAULT_N2048_q16_rep2,2,4,2,sm_89,COMM_ONLY,NCCL,C0_DEFAULT,2048,2048,2048,16,2,1048576,45,0,251.744,0.000,0.000,0.000,PASS,0
mh_comm_C0_DEFAULT_N2048_q16_rep2,2,4,2,sm_89,COMM_ONLY,NCCL,C0_DEFAULT,2048,2048,2048,16,3,1048576,45,0,321.952,0.000,0.000,0.000,PASS,0
mh_comm_C0_DEFAULT_N2048_q16_rep2,2,4,2,sm_89,COMM_ONLY,NCCL,C0_DEFAULT,2048,2048,2048,16,4,1048576,45,0,391.840,0.000,0.000,0.000,PASS,0
mh_comm_C0_DEFAULT_N2048_q16_rep2,2,4,2,sm_89,COMM_ONLY,NCCL,C0_DEFAULT,2048,2048,2048,16,5,1048576,45,0,460.064,0.000,0.000,0.000,PASS,0
mh_comm_C0_DEFAULT_N2048_q16_rep2,2,4,2,sm_89,COMM_ONLY,NCCL,C0_DEFAULT,2048,2048,2048,16,6,1048576,45,0,528.160,0.000,0.000,0.000,PASS,0
mh_comm_C0_DEFAULT_N2048_q16_rep2,2,4,2,sm_89,COMM_ONLY,NCCL,C0_DEFAULT,2048,2048,2048,16,7,1048576,45,0,598.496,0.000,0.000,0.000,PASS,0
mh_comm_C0_DEFAULT_N2048_q16_rep2,2,4,2,sm_89,COMM_ONLY,NCCL,C0_DEFAULT,2048,2048,2048,16,8,1048576,45,0,667.616,0.000,0.000,0.000,PASS,0
mh_comm_C0_DEFAULT_N2048_q16_rep2,2,4,2,sm_89,COMM_ONLY,NCCL,C0_DEFAULT,2048,2048,2048,16,9,1048576,45,0,741.952,0.000,0.000,0.000,PASS,0
mh_comm_C0_DEFAULT_N2048_q16_rep2,2,4,2,sm_89,COMM_ONLY,NCCL,C0_DEFAULT,2048,2048,2048,16,10,1048576,45,0,810.592,0.000,0.000,0.000,PASS,0
mh_comm_C0_DEFAULT_N2048_q16_rep2,2,4,2,sm_89,COMM_ONLY,NCCL,C0_DEFAULT,2048,2048,2048,16,11,1048576,45,0,880.896,0.000,0.000,0.000,PASS,0
mh_comm_C0_DEFAULT_N2048_q16_rep2,2,4,2,sm_89,COMM_ONLY,NCCL,C0_DEFAULT,2048,2048,2048,16,12,1048576,45,0,949.824,0.000,0.000,0.000,PASS,0
mh_comm_C0_DEFAULT_N2048_q16_rep2,2,4,2,sm_89,COMM_ONLY,NCCL,C0_DEFAULT,2048,2048,2048,16,13,1048576,45,0,1021.696,0.000,0.000,0.000,PASS,0
mh_comm_C0_DEFAULT_N2048_q16_rep2,2,4,2,sm_89,COMM_ONLY,NCCL,C0_DEFAULT,2048,2048,2048,16,14,1048576,45,0,1091.712,0.000,0.000,0.000,PASS,0
mh_comm_C0_DEFAULT_N2048_q16_rep2,2,4,2,sm_89,COMM_ONLY,NCCL,C0_DEFAULT,2048,2048,2048,16,15,1048576,45,0,1162.016,0.000,0.000,0.000,PASS,0
mh_comm_C0_DEFAULT_N2048_q16_rep2,2,4,2,sm_89,COMM_ONLY,NCCL,C0_DEFAULT,2048,2048,2048,16,0,1048576,46,0,103.456,0.000,0.000,0.000,PASS,0
mh_comm_C0_DEFAULT_N2048_q16_rep2,2,4,2,sm_89,COMM_ONLY,NCCL,C0_DEFAULT,2048,2048,2048,16,1,1048576,46,0,172.800,0.000,0.000,0.000,PASS,0
mh_comm_C0_DEFAULT_N2048_q16_rep2,2,4,2,sm_89,COMM_ONLY,NCCL,C0_DEFAULT,2048,2048,2048,16,2,1048576,46,0,243.168,0.000,0.000,0.000,PASS,0
mh_comm_C0_DEFAULT_N2048_q16_rep2,2,4,2,sm_89,COMM_ONLY,NCCL,C0_DEFAULT,2048,2048,2048,16,3,1048576,46,0,311.264,0.000,0.000,0.000,PASS,0
mh_comm_C0_DEFAULT_N2048_q16_rep2,2,4,2,sm_89,COMM_ONLY,NCCL,C0_DEFAULT,2048,2048,2048,16,4,1048576,46,0,381.664,0.000,0.000,0.000,PASS,0
mh_comm_C0_DEFAULT_N2048_q16_rep2,2,4,2,sm_89,COMM_ONLY,NCCL,C0_DEFAULT,2048,2048,2048,16,5,1048576,46,0,449.984,0.000,0.000,0.000,PASS,0
mh_comm_C0_DEFAULT_N2048_q16_rep2,2,4,2,sm_89,COMM_ONLY,NCCL,C0_DEFAULT,2048,2048,2048,16,6,1048576,46,0,519.456,0.000,0.000,0.000,PASS,0
mh_comm_C0_DEFAULT_N2048_q16_rep2,2,4,2,sm_89,COMM_ONLY,NCCL,C0_DEFAULT,2048,2048,2048,16,7,1048576,46,0,588.928,0.000,0.000,0.000,PASS,0
mh_comm_C0_DEFAULT_N2048_q16_rep2,2,4,2,sm_89,COMM_ONLY,NCCL,C0_DEFAULT,2048,2048,2048,16,8,1048576,46,0,658.368,0.000,0.000,0.000,PASS,0
mh_comm_C0_DEFAULT_N2048_q16_rep2,2,4,2,sm_89,COMM_ONLY,NCCL,C0_DEFAULT,2048,2048,2048,16,9,1048576,46,0,730.400,0.000,0.000,0.000,PASS,0
mh_comm_C0_DEFAULT_N2048_q16_rep2,2,4,2,sm_89,COMM_ONLY,NCCL,C0_DEFAULT,2048,2048,2048,16,10,1048576,46,0,802.176,0.000,0.000,0.000,PASS,0
mh_comm_C0_DEFAULT_N2048_q16_rep2,2,4,2,sm_89,COMM_ONLY,NCCL,C0_DEFAULT,2048,2048,2048,16,11,1048576,46,0,872.448,0.000,0.000,0.000,PASS,0
mh_comm_C0_DEFAULT_N2048_q16_rep2,2,4,2,sm_89,COMM_ONLY,NCCL,C0_DEFAULT,2048,2048,2048,16,12,1048576,46,0,941.472,0.000,0.000,0.000,PASS,0
mh_comm_C0_DEFAULT_N2048_q16_rep2,2,4,2,sm_89,COMM_ONLY,NCCL,C0_DEFAULT,2048,2048,2048,16,13,1048576,46,0,1009.632,0.000,0.000,0.000,PASS,0
mh_comm_C0_DEFAULT_N2048_q16_rep2,2,4,2,sm_89,COMM_ONLY,NCCL,C0_DEFAULT,2048,2048,2048,16,14,1048576,46,0,1079.840,0.000,0.000,0.000,PASS,0
mh_comm_C0_DEFAULT_N2048_q16_rep2,2,4,2,sm_89,COMM_ONLY,NCCL,C0_DEFAULT,2048,2048,2048,16,15,1048576,46,0,1147.936,0.000,0.000,0.000,PASS,0
mh_comm_C0_DEFAULT_N2048_q16_rep2,2,4,2,sm_89,COMM_ONLY,NCCL,C0_DEFAULT,2048,2048,2048,16,0,1048576,47,0,109.920,0.000,0.000,0.000,PASS,0
mh_comm_C0_DEFAULT_N2048_q16_rep2,2,4,2,sm_89,COMM_ONLY,NCCL,C0_DEFAULT,2048,2048,2048,16,1,1048576,47,0,181.184,0.000,0.000,0.000,PASS,0
mh_comm_C0_DEFAULT_N2048_q16_rep2,2,4,2,sm_89,COMM_ONLY,NCCL,C0_DEFAULT,2048,2048,2048,16,2,1048576,47,0,249.376,0.000,0.000,0.000,PASS,0
mh_comm_C0_DEFAULT_N2048_q16_rep2,2,4,2,sm_89,COMM_ONLY,NCCL,C0_DEFAULT,2048,2048,2048,16,3,1048576,47,0,318.240,0.000,0.000,0.000,PASS,0
mh_comm_C0_DEFAULT_N2048_q16_rep2,2,4,2,sm_89,COMM_ONLY,NCCL,C0_DEFAULT,2048,2048,2048,16,4,1048576,47,0,389.568,0.000,0.000,0.000,PASS,0
mh_comm_C0_DEFAULT_N2048_q16_rep2,2,4,2,sm_89,COMM_ONLY,NCCL,C0_DEFAULT,2048,2048,2048,16,5,1048576,47,0,457.056,0.000,0.000,0.000,PASS,0
mh_comm_C0_DEFAULT_N2048_q16_rep2,2,4,2,sm_89,COMM_ONLY,NCCL,C0_DEFAULT,2048,2048,2048,16,6,1048576,47,0,525.376,0.000,0.000,0.000,PASS,0
mh_comm_C0_DEFAULT_N2048_q16_rep2,2,4,2,sm_89,COMM_ONLY,NCCL,C0_DEFAULT,2048,2048,2048,16,7,1048576,47,0,604.160,0.000,0.000,0.000,PASS,0
mh_comm_C0_DEFAULT_N2048_q16_rep2,2,4,2,sm_89,COMM_ONLY,NCCL,C0_DEFAULT,2048,2048,2048,16,8,1048576,47,0,688.544,0.000,0.000,0.000,PASS,0
mh_comm_C0_DEFAULT_N2048_q16_rep2,2,4,2,sm_89,COMM_ONLY,NCCL,C0_DEFAULT,2048,2048,2048,16,9,1048576,47,0,760.192,0.000,0.000,0.000,PASS,0
mh_comm_C0_DEFAULT_N2048_q16_rep2,2,4,2,sm_89,COMM_ONLY,NCCL,C0_DEFAULT,2048,2048,2048,16,10,1048576,47,0,839.264,0.000,0.000,0.000,PASS,0
mh_comm_C0_DEFAULT_N2048_q16_rep2,2,4,2,sm_89,COMM_ONLY,NCCL,C0_DEFAULT,2048,2048,2048,16,11,1048576,47,0,909.504,0.000,0.000,0.000,PASS,0
mh_comm_C0_DEFAULT_N2048_q16_rep2,2,4,2,sm_89,COMM_ONLY,NCCL,C0_DEFAULT,2048,2048,2048,16,12,1048576,47,0,978.848,0.000,0.000,0.000,PASS,0
mh_comm_C0_DEFAULT_N2048_q16_rep2,2,4,2,sm_89,COMM_ONLY,NCCL,C0_DEFAULT,2048,2048,2048,16,13,1048576,47,0,1050.688,0.000,0.000,0.000,PASS,0
mh_comm_C0_DEFAULT_N2048_q16_rep2,2,4,2,sm_89,COMM_ONLY,NCCL,C0_DEFAULT,2048,2048,2048,16,14,1048576,47,0,1120.096,0.000,0.000,0.000,PASS,0
mh_comm_C0_DEFAULT_N2048_q16_rep2,2,4,2,sm_89,COMM_ONLY,NCCL,C0_DEFAULT,2048,2048,2048,16,15,1048576,47,0,1188.768,0.000,0.000,0.000,PASS,0
mh_comm_C0_DEFAULT_N2048_q16_rep2,2,4,2,sm_89,COMM_ONLY,NCCL,C0_DEFAULT,2048,2048,2048,16,0,1048576,48,0,114.784,0.000,0.000,0.000,PASS,0
mh_comm_C0_DEFAULT_N2048_q16_rep2,2,4,2,sm_89,COMM_ONLY,NCCL,C0_DEFAULT,2048,2048,2048,16,1,1048576,48,0,184.576,0.000,0.000,0.000,PASS,0
mh_comm_C0_DEFAULT_N2048_q16_rep2,2,4,2,sm_89,COMM_ONLY,NCCL,C0_DEFAULT,2048,2048,2048,16,2,1048576,48,0,253.472,0.000,0.000,0.000,PASS,0
mh_comm_C0_DEFAULT_N2048_q16_rep2,2,4,2,sm_89,COMM_ONLY,NCCL,C0_DEFAULT,2048,2048,2048,16,3,1048576,48,0,321.280,0.000,0.000,0.000,PASS,0
mh_comm_C0_DEFAULT_N2048_q16_rep2,2,4,2,sm_89,COMM_ONLY,NCCL,C0_DEFAULT,2048,2048,2048,16,4,1048576,48,0,393.568,0.000,0.000,0.000,PASS,0
mh_comm_C0_DEFAULT_N2048_q16_rep2,2,4,2,sm_89,COMM_ONLY,NCCL,C0_DEFAULT,2048,2048,2048,16,5,1048576,48,0,462.080,0.000,0.000,0.000,PASS,0
mh_comm_C0_DEFAULT_N2048_q16_rep2,2,4,2,sm_89,COMM_ONLY,NCCL,C0_DEFAULT,2048,2048,2048,16,6,1048576,48,0,531.872,0.000,0.000,0.000,PASS,0
mh_comm_C0_DEFAULT_N2048_q16_rep2,2,4,2,sm_89,COMM_ONLY,NCCL,C0_DEFAULT,2048,2048,2048,16,7,1048576,48,0,600.896,0.000,0.000,0.000,PASS,0
mh_comm_C0_DEFAULT_N2048_q16_rep2,2,4,2,sm_89,COMM_ONLY,NCCL,C0_DEFAULT,2048,2048,2048,16,8,1048576,48,0,670.976,0.000,0.000,0.000,PASS,0
mh_comm_C0_DEFAULT_N2048_q16_rep2,2,4,2,sm_89,COMM_ONLY,NCCL,C0_DEFAULT,2048,2048,2048,16,9,1048576,48,0,739.872,0.000,0.000,0.000,PASS,0
mh_comm_C0_DEFAULT_N2048_q16_rep2,2,4,2,sm_89,COMM_ONLY,NCCL,C0_DEFAULT,2048,2048,2048,16,10,1048576,48,0,823.360,0.000,0.000,0.000,PASS,0
mh_comm_C0_DEFAULT_N2048_q16_rep2,2,4,2,sm_89,COMM_ONLY,NCCL,C0_DEFAULT,2048,2048,2048,16,11,1048576,48,0,893.120,0.000,0.000,0.000,PASS,0
mh_comm_C0_DEFAULT_N2048_q16_rep2,2,4,2,sm_89,COMM_ONLY,NCCL,C0_DEFAULT,2048,2048,2048,16,12,1048576,48,0,961.856,0.000,0.000,0.000,PASS,0
mh_comm_C0_DEFAULT_N2048_q16_rep2,2,4,2,sm_89,COMM_ONLY,NCCL,C0_DEFAULT,2048,2048,2048,16,13,1048576,48,0,1030.848,0.000,0.000,0.000,PASS,0
mh_comm_C0_DEFAULT_N2048_q16_rep2,2,4,2,sm_89,COMM_ONLY,NCCL,C0_DEFAULT,2048,2048,2048,16,14,1048576,48,0,1099.584,0.000,0.000,0.000,PASS,0
mh_comm_C0_DEFAULT_N2048_q16_rep2,2,4,2,sm_89,COMM_ONLY,NCCL,C0_DEFAULT,2048,2048,2048,16,15,1048576,48,0,1172.544,0.000,0.000,0.000,PASS,0
mh_comm_C0_DEFAULT_N2048_q16_rep2,2,4,2,sm_89,COMM_ONLY,NCCL,C0_DEFAULT,2048,2048,2048,16,0,1048576,49,0,100.832,0.000,0.000,0.000,PASS,0
mh_comm_C0_DEFAULT_N2048_q16_rep2,2,4,2,sm_89,COMM_ONLY,NCCL,C0_DEFAULT,2048,2048,2048,16,1,1048576,49,0,171.616,0.000,0.000,0.000,PASS,0
mh_comm_C0_DEFAULT_N2048_q16_rep2,2,4,2,sm_89,COMM_ONLY,NCCL,C0_DEFAULT,2048,2048,2048,16,2,1048576,49,0,239.904,0.000,0.000,0.000,PASS,0
mh_comm_C0_DEFAULT_N2048_q16_rep2,2,4,2,sm_89,COMM_ONLY,NCCL,C0_DEFAULT,2048,2048,2048,16,3,1048576,49,0,308.384,0.000,0.000,0.000,PASS,0
mh_comm_C0_DEFAULT_N2048_q16_rep2,2,4,2,sm_89,COMM_ONLY,NCCL,C0_DEFAULT,2048,2048,2048,16,4,1048576,49,0,377.408,0.000,0.000,0.000,PASS,0
mh_comm_C0_DEFAULT_N2048_q16_rep2,2,4,2,sm_89,COMM_ONLY,NCCL,C0_DEFAULT,2048,2048,2048,16,5,1048576,49,0,445.696,0.000,0.000,0.000,PASS,0
mh_comm_C0_DEFAULT_N2048_q16_rep2,2,4,2,sm_89,COMM_ONLY,NCCL,C0_DEFAULT,2048,2048,2048,16,6,1048576,49,0,515.392,0.000,0.000,0.000,PASS,0
mh_comm_C0_DEFAULT_N2048_q16_rep2,2,4,2,sm_89,COMM_ONLY,NCCL,C0_DEFAULT,2048,2048,2048,16,7,1048576,49,0,586.144,0.000,0.000,0.000,PASS,0
mh_comm_C0_DEFAULT_N2048_q16_rep2,2,4,2,sm_89,COMM_ONLY,NCCL,C0_DEFAULT,2048,2048,2048,16,8,1048576,49,0,655.360,0.000,0.000,0.000,PASS,0
mh_comm_C0_DEFAULT_N2048_q16_rep2,2,4,2,sm_89,COMM_ONLY,NCCL,C0_DEFAULT,2048,2048,2048,16,9,1048576,49,0,723.648,0.000,0.000,0.000,PASS,0
mh_comm_C0_DEFAULT_N2048_q16_rep2,2,4,2,sm_89,COMM_ONLY,NCCL,C0_DEFAULT,2048,2048,2048,16,10,1048576,49,0,794.400,0.000,0.000,0.000,PASS,0
mh_comm_C0_DEFAULT_N2048_q16_rep2,2,4,2,sm_89,COMM_ONLY,NCCL,C0_DEFAULT,2048,2048,2048,16,11,1048576,49,0,864.736,0.000,0.000,0.000,PASS,0
mh_comm_C0_DEFAULT_N2048_q16_rep2,2,4,2,sm_89,COMM_ONLY,NCCL,C0_DEFAULT,2048,2048,2048,16,12,1048576,49,0,936.480,0.000,0.000,0.000,PASS,0
mh_comm_C0_DEFAULT_N2048_q16_rep2,2,4,2,sm_89,COMM_ONLY,NCCL,C0_DEFAULT,2048,2048,2048,16,13,1048576,49,0,1005.024,0.000,0.000,0.000,PASS,0
mh_comm_C0_DEFAULT_N2048_q16_rep2,2,4,2,sm_89,COMM_ONLY,NCCL,C0_DEFAULT,2048,2048,2048,16,14,1048576,49,0,1075.776,0.000,0.000,0.000,PASS,0
mh_comm_C0_DEFAULT_N2048_q16_rep2,2,4,2,sm_89,COMM_ONLY,NCCL,C0_DEFAULT,2048,2048,2048,16,15,1048576,49,0,1145.088,0.000,0.000,0.000,PASS,0
