run_id,rank,rank_count,device,gfx_arch,path,family,candidate,M,N,K,q,slice_index,slice_bytes,iteration_index,t_issue_us,t_release_us,t_gemm_start_us,t_gemm_end_us,t_gemm_duration_us,correctness,status
mh_comm_C0_DEFAULT_N8192_q16_rep3,3,4,3,sm_89,COMM_ONLY,NCCL,C0_DEFAULT,2048,8192,2048,16,0,1048576,0,0,203.776,0.000,0.000,0.000,PASS,0
mh_comm_C0_DEFAULT_N8192_q16_rep3,3,4,3,sm_89,COMM_ONLY,NCCL,C0_DEFAULT,2048,8192,2048,16,1,1048576,0,0,271.904,0.000,0.000,0.000,PASS,0
mh_comm_C0_DEFAULT_N8192_q16_rep3,3,4,3,sm_89,COMM_ONLY,NCCL,C0_DEFAULT,2048,8192,2048,16,2,1048576,0,0,340.096,0.000,0.000,0.000,PASS,0
mh_comm_C0_DEFAULT_N8192_q16_rep3,3,4,3,sm_89,COMM_ONLY,NCCL,C0_DEFAULT,2048,8192,2048,16,3,1048576,0,0,411.328,0.000,0.000,0.000,PASS,0
mh_comm_C0_DEFAULT_N8192_q16_rep3,3,4,3,sm_89,COMM_ONLY,NCCL,C0_DEFAULT,2048,8192,2048,16,4,1048576,0,0,479.424,0.000,0.000,0.000,PASS,0
mh_comm_C0_DEFAULT_N8192_q16_rep3,3,4,3,sm_89,COMM_ONLY,NCCL,C0_DEFAULT,2048,8192,2048,16,5,1048576,0,0,549.216,0.000,0.000,0.000,PASS,0
mh_comm_C0_DEFAULT_N8192_q16_rep3,3,4,3,sm_89,COMM_ONLY,NCCL,C0_DEFAULT,2048,8192,2048,16,6,1048576,0,0,618.784,0.000,0.000,0.000,PASS,0
mh_comm_C0_DEFAULT_N8192_q16_rep3,3,4,3,sm_89,COMM_ONLY,NCCL,C0_DEFAULT,2048,8192,2048,16,7,1048576,0,0,689.312,0.000,0.000,0.000,PASS,0
mh_comm_C0_DEFAULT_N8192_q16_rep3,3,4,3,sm_89,COMM_ONLY,NCCL,C0_DEFAULT,2048,8192,2048,16,8,1048576,0,0,759.744,0.000,0.000,0.000,PASS,0
mh_comm_C0_DEFAULT_N8192_q16_rep3,3,4,3,sm_89,COMM_ONLY,NCCL,C0_DEFAULT,2048,8192,2048,16,9,1048576,0,0,828.288,0.000,0.000,0.000,PASS,0
mh_comm_C0_DEFAULT_N8192_q16_rep3,3,4,3,sm_89,COMM_ONLY,NCCL,C0_DEFAULT,2048,8192,2048,16,10,1048576,0,0,897.568,0.000,0.000,0.000,PASS,0
mh_comm_C0_DEFAULT_N8192_q16_rep3,3,4,3,sm_89,COMM_ONLY,NCCL,C0_DEFAULT,2048,8192,2048,16,11,1048576,0,0,967.328,0.000,0.000,0.000,PASS,0
mh_comm_C0_DEFAULT_N8192_q16_rep3,3,4,3,sm_89,COMM_ONLY,NCCL,C0_DEFAULT,2048,8192,2048,16,12,1048576,0,0,1037.152,0.000,0.000,0.000,PASS,0
mh_comm_C0_DEFAULT_N8192_q16_rep3,3,4,3,sm_89,COMM_ONLY,NCCL,C0_DEFAULT,2048,8192,2048,16,13,1048576,0,0,1105.728,0.000,0.000,0.000,PASS,0
mh_comm_C0_DEFAULT_N8192_q16_rep3,3,4,3,sm_89,COMM_ONLY,NCCL,C0_DEFAULT,2048,8192,2048,16,14,1048576,0,0,1174.816,0.000,0.000,0.000,PASS,0
mh_comm_C0_DEFAULT_N8192_q16_rep3,3,4,3,sm_89,COMM_ONLY,NCCL,C0_DEFAULT,2048,8192,2048,16,15,1048576,0,0,1244.544,0.000,0.000,0.000,PASS,0
mh_comm_C0_DEFAULT_N8192_q16_rep3,3,4,3,sm_89,COMM_ONLY,NCCL,C0_DEFAULT,2048,8192,2048,16,0,1048576,1,0,202.752,0.000,0.000,0.000,PASS,0
mh_comm_C0_DEFAULT_N8192_q16_rep3,3,4,3,sm_89,COMM_ONLY,NCCL,C0_DEFAULT,2048,8192,2048,16,1,1048576,1,0,282.112,0.000,0.000,0.000,PASS,0
mh_comm_C0_DEFAULT_N8192_q16_rep3,3,4,3,sm_89,COMM_ONLY,NCCL,C0_DEFAULT,2048,8192,2048,16,2,1048576,1,0,351.040,0.000,0.000,0.000,PASS,0
mh_comm_C0_DEFAULT_N8192_q16_rep3,3,4,3,sm_89,COMM_ONLY,NCCL,C0_DEFAULT,2048,8192,2048,16,3,1048576,1,0,422.112,0.000,0.000,0.000,PASS,0
mh_comm_C0_DEFAULT_N8192_q16_rep3,3,4,3,sm_89,COMM_ONLY,NCCL,C0_DEFAULT,2048,8192,2048,16,4,1048576,1,0,490.432,0.000,0.000,0.000,PASS,0
mh_comm_C0_DEFAULT_N8192_q16_rep3,3,4,3,sm_89,COMM_ONLY,NCCL,C0_DEFAULT,2048,8192,2048,16,5,1048576,1,0,560.416,0.000,0.000,0.000,PASS,0
mh_comm_C0_DEFAULT_N8192_q16_rep3,3,4,3,sm_89,COMM_ONLY,NCCL,C0_DEFAULT,2048,8192,2048,16,6,1048576,1,0,629.696,0.000,0.000,0.000,PASS,0
mh_comm_C0_DEFAULT_N8192_q16_rep3,3,4,3,sm_89,COMM_ONLY,NCCL,C0_DEFAULT,2048,8192,2048,16,7,1048576,1,0,698.944,0.000,0.000,0.000,PASS,0
mh_comm_C0_DEFAULT_N8192_q16_rep3,3,4,3,sm_89,COMM_ONLY,NCCL,C0_DEFAULT,2048,8192,2048,16,8,1048576,1,0,768.448,0.000,0.000,0.000,PASS,0
mh_comm_C0_DEFAULT_N8192_q16_rep3,3,4,3,sm_89,COMM_ONLY,NCCL,C0_DEFAULT,2048,8192,2048,16,9,1048576,1,0,837.440,0.000,0.000,0.000,PASS,0
mh_comm_C0_DEFAULT_N8192_q16_rep3,3,4,3,sm_89,COMM_ONLY,NCCL,C0_DEFAULT,2048,8192,2048,16,10,1048576,1,0,906.400,0.000,0.000,0.000,PASS,0
mh_comm_C0_DEFAULT_N8192_q16_rep3,3,4,3,sm_89,COMM_ONLY,NCCL,C0_DEFAULT,2048,8192,2048,16,11,1048576,1,0,975.104,0.000,0.000,0.000,PASS,0
mh_comm_C0_DEFAULT_N8192_q16_rep3,3,4,3,sm_89,COMM_ONLY,NCCL,C0_DEFAULT,2048,8192,2048,16,12,1048576,1,0,1044.480,0.000,0.000,0.000,PASS,0
mh_comm_C0_DEFAULT_N8192_q16_rep3,3,4,3,sm_89,COMM_ONLY,NCCL,C0_DEFAULT,2048,8192,2048,16,13,1048576,1,0,1114.624,0.000,0.000,0.000,PASS,0
mh_comm_C0_DEFAULT_N8192_q16_rep3,3,4,3,sm_89,COMM_ONLY,NCCL,C0_DEFAULT,2048,8192,2048,16,14,1048576,1,0,1184.992,0.000,0.000,0.000,PASS,0
mh_comm_C0_DEFAULT_N8192_q16_rep3,3,4,3,sm_89,COMM_ONLY,NCCL,C0_DEFAULT,2048,8192,2048,16,15,1048576,1,0,1253.376,0.000,0.000,0.000,PASS,0
mh_comm_C0_DEFAULT_N8192_q16_rep3,3,4,3,sm_89,COMM_ONLY,NCCL,C0_DEFAULT,2048,8192,2048,16,0,1048576,2,0,199.584,0.000,0.000,0.000,PASS,0
mh_comm_C0_DEFAULT_N8192_q16_rep3,3,4,3,sm_89,COMM_ONLY,NCCL,C0_DEFAULT,2048,8192,2048,16,1,1048576,2,0,268.416,0.000,0.000,0.000,PASS,0
mh_comm_C0_DEFAULT_N8192_q16_rep3,3,4,3,sm_89,COMM_ONLY,NCCL,C0_DEFAULT,2048,8192,2048,16,2,1048576,2,0,337.184,0.000,0.000,0.000,PASS,0
mh_comm_C0_DEFAULT_N8192_q16_rep3,3,4,3,sm_89,COMM_ONLY,NCCL,C0_DEFAULT,2048,8192,2048,16,3,1048576,2,0,442.656,0.000,0.000,0.000,PASS,0
mh_comm_C0_DEFAULT_N8192_q16_rep3,3,4,3,sm_89,COMM_ONLY,NCCL,C0_DEFAULT,2048,8192,2048,16,4,1048576,2,0,511.904,0.000,0.000,0.000,PASS,0
mh_comm_C0_DEFAULT_N8192_q16_rep3,3,4,3,sm_89,COMM_ONLY,NCCL,C0_DEFAULT,2048,8192,2048,16,5,1048576,2,0,584.640,0.000,0.000,0.000,PASS,0
mh_comm_C0_DEFAULT_N8192_q16_rep3,3,4,3,sm_89,COMM_ONLY,NCCL,C0_DEFAULT,2048,8192,2048,16,6,1048576,2,0,652.704,0.000,0.000,0.000,PASS,0
mh_comm_C0_DEFAULT_N8192_q16_rep3,3,4,3,sm_89,COMM_ONLY,NCCL,C0_DEFAULT,2048,8192,2048,16,7,1048576,2,0,722.144,0.000,0.000,0.000,PASS,0
mh_comm_C0_DEFAULT_N8192_q16_rep3,3,4,3,sm_89,COMM_ONLY,NCCL,C0_DEFAULT,2048,8192,2048,16,8,1048576,2,0,790.976,0.000,0.000,0.000,PASS,0
mh_comm_C0_DEFAULT_N8192_q16_rep3,3,4,3,sm_89,COMM_ONLY,NCCL,C0_DEFAULT,2048,8192,2048,16,9,1048576,2,0,860.096,0.000,0.000,0.000,PASS,0
mh_comm_C0_DEFAULT_N8192_q16_rep3,3,4,3,sm_89,COMM_ONLY,NCCL,C0_DEFAULT,2048,8192,2048,16,10,1048576,2,0,930.528,0.000,0.000,0.000,PASS,0
mh_comm_C0_DEFAULT_N8192_q16_rep3,3,4,3,sm_89,COMM_ONLY,NCCL,C0_DEFAULT,2048,8192,2048,16,11,1048576,2,0,999.904,0.000,0.000,0.000,PASS,0
mh_comm_C0_DEFAULT_N8192_q16_rep3,3,4,3,sm_89,COMM_ONLY,NCCL,C0_DEFAULT,2048,8192,2048,16,12,1048576,2,0,1069.280,0.000,0.000,0.000,PASS,0
mh_comm_C0_DEFAULT_N8192_q16_rep3,3,4,3,sm_89,COMM_ONLY,NCCL,C0_DEFAULT,2048,8192,2048,16,13,1048576,2,0,1156.640,0.000,0.000,0.000,PASS,0
mh_comm_C0_DEFAULT_N8192_q16_rep3,3,4,3,sm_89,COMM_ONLY,NCCL,C0_DEFAULT,2048,8192,2048,16,14,1048576,2,0,1225.216,0.000,0.000,0.000,PASS,0
mh_comm_C0_DEFAULT_N8192_q16_rep3,3,4,3,sm_89,COMM_ONLY,NCCL,C0_DEFAULT,2048,8192,2048,16,15,1048576,2,0,1294.848,0.000,0.000,0.000,PASS,0
mh_comm_C0_DEFAULT_N8192_q16_rep3,3,4,3,sm_89,COMM_ONLY,NCCL,C0_DEFAULT,2048,8192,2048,16,0,1048576,3,0,201.408,0.000,0.000,0.000,PASS,0
mh_comm_C0_DEFAULT_N8192_q16_rep3,3,4,3,sm_89,COMM_ONLY,NCCL,C0_DEFAULT,2048,8192,2048,16,1,1048576,3,0,282.624,0.000,0.000,0.000,PASS,0
mh_comm_C0_DEFAULT_N8192_q16_rep3,3,4,3,sm_89,COMM_ONLY,NCCL,C0_DEFAULT,2048,8192,2048,16,2,1048576,3,0,355.072,0.000,0.000,0.000,PASS,0
mh_comm_C0_DEFAULT_N8192_q16_rep3,3,4,3,sm_89,COMM_ONLY,NCCL,C0_DEFAULT,2048,8192,2048,16,3,1048576,3,0,427.968,0.000,0.000,0.000,PASS,0
mh_comm_C0_DEFAULT_N8192_q16_rep3,3,4,3,sm_89,COMM_ONLY,NCCL,C0_DEFAULT,2048,8192,2048,16,4,1048576,3,0,496.832,0.000,0.000,0.000,PASS,0
mh_comm_C0_DEFAULT_N8192_q16_rep3,3,4,3,sm_89,COMM_ONLY,NCCL,C0_DEFAULT,2048,8192,2048,16,5,1048576,3,0,565.568,0.000,0.000,0.000,PASS,0
mh_comm_C0_DEFAULT_N8192_q16_rep3,3,4,3,sm_89,COMM_ONLY,NCCL,C0_DEFAULT,2048,8192,2048,16,6,1048576,3,0,646.624,0.000,0.000,0.000,PASS,0
mh_comm_C0_DEFAULT_N8192_q16_rep3,3,4,3,sm_89,COMM_ONLY,NCCL,C0_DEFAULT,2048,8192,2048,16,7,1048576,3,0,717.312,0.000,0.000,0.000,PASS,0
mh_comm_C0_DEFAULT_N8192_q16_rep3,3,4,3,sm_89,COMM_ONLY,NCCL,C0_DEFAULT,2048,8192,2048,16,8,1048576,3,0,787.168,0.000,0.000,0.000,PASS,0
mh_comm_C0_DEFAULT_N8192_q16_rep3,3,4,3,sm_89,COMM_ONLY,NCCL,C0_DEFAULT,2048,8192,2048,16,9,1048576,3,0,854.912,0.000,0.000,0.000,PASS,0
mh_comm_C0_DEFAULT_N8192_q16_rep3,3,4,3,sm_89,COMM_ONLY,NCCL,C0_DEFAULT,2048,8192,2048,16,10,1048576,3,0,924.320,0.000,0.000,0.000,PASS,0
mh_comm_C0_DEFAULT_N8192_q16_rep3,3,4,3,sm_89,COMM_ONLY,NCCL,C0_DEFAULT,2048,8192,2048,16,11,1048576,3,0,993.952,0.000,0.000,0.000,PASS,0
mh_comm_C0_DEFAULT_N8192_q16_rep3,3,4,3,sm_89,COMM_ONLY,NCCL,C0_DEFAULT,2048,8192,2048,16,12,1048576,3,0,1063.904,0.000,0.000,0.000,PASS,0
mh_comm_C0_DEFAULT_N8192_q16_rep3,3,4,3,sm_89,COMM_ONLY,NCCL,C0_DEFAULT,2048,8192,2048,16,13,1048576,3,0,1134.912,0.000,0.000,0.000,PASS,0
mh_comm_C0_DEFAULT_N8192_q16_rep3,3,4,3,sm_89,COMM_ONLY,NCCL,C0_DEFAULT,2048,8192,2048,16,14,1048576,3,0,1203.488,0.000,0.000,0.000,PASS,0
mh_comm_C0_DEFAULT_N8192_q16_rep3,3,4,3,sm_89,COMM_ONLY,NCCL,C0_DEFAULT,2048,8192,2048,16,15,1048576,3,0,1272.992,0.000,0.000,0.000,PASS,0
mh_comm_C0_DEFAULT_N8192_q16_rep3,3,4,3,sm_89,COMM_ONLY,NCCL,C0_DEFAULT,2048,8192,2048,16,0,1048576,4,0,209.248,0.000,0.000,0.000,PASS,0
mh_comm_C0_DEFAULT_N8192_q16_rep3,3,4,3,sm_89,COMM_ONLY,NCCL,C0_DEFAULT,2048,8192,2048,16,1,1048576,4,0,279.360,0.000,0.000,0.000,PASS,0
mh_comm_C0_DEFAULT_N8192_q16_rep3,3,4,3,sm_89,COMM_ONLY,NCCL,C0_DEFAULT,2048,8192,2048,16,2,1048576,4,0,347.424,0.000,0.000,0.000,PASS,0
mh_comm_C0_DEFAULT_N8192_q16_rep3,3,4,3,sm_89,COMM_ONLY,NCCL,C0_DEFAULT,2048,8192,2048,16,3,1048576,4,0,417.664,0.000,0.000,0.000,PASS,0
mh_comm_C0_DEFAULT_N8192_q16_rep3,3,4,3,sm_89,COMM_ONLY,NCCL,C0_DEFAULT,2048,8192,2048,16,4,1048576,4,0,487.360,0.000,0.000,0.000,PASS,0
mh_comm_C0_DEFAULT_N8192_q16_rep3,3,4,3,sm_89,COMM_ONLY,NCCL,C0_DEFAULT,2048,8192,2048,16,5,1048576,4,0,555.744,0.000,0.000,0.000,PASS,0
mh_comm_C0_DEFAULT_N8192_q16_rep3,3,4,3,sm_89,COMM_ONLY,NCCL,C0_DEFAULT,2048,8192,2048,16,6,1048576,4,0,626.016,0.000,0.000,0.000,PASS,0
mh_comm_C0_DEFAULT_N8192_q16_rep3,3,4,3,sm_89,COMM_ONLY,NCCL,C0_DEFAULT,2048,8192,2048,16,7,1048576,4,0,709.888,0.000,0.000,0.000,PASS,0
mh_comm_C0_DEFAULT_N8192_q16_rep3,3,4,3,sm_89,COMM_ONLY,NCCL,C0_DEFAULT,2048,8192,2048,16,8,1048576,4,0,780.160,0.000,0.000,0.000,PASS,0
mh_comm_C0_DEFAULT_N8192_q16_rep3,3,4,3,sm_89,COMM_ONLY,NCCL,C0_DEFAULT,2048,8192,2048,16,9,1048576,4,0,847.904,0.000,0.000,0.000,PASS,0
mh_comm_C0_DEFAULT_N8192_q16_rep3,3,4,3,sm_89,COMM_ONLY,NCCL,C0_DEFAULT,2048,8192,2048,16,10,1048576,4,0,916.960,0.000,0.000,0.000,PASS,0
mh_comm_C0_DEFAULT_N8192_q16_rep3,3,4,3,sm_89,COMM_ONLY,NCCL,C0_DEFAULT,2048,8192,2048,16,11,1048576,4,0,985.600,0.000,0.000,0.000,PASS,0
mh_comm_C0_DEFAULT_N8192_q16_rep3,3,4,3,sm_89,COMM_ONLY,NCCL,C0_DEFAULT,2048,8192,2048,16,12,1048576,4,0,1055.328,0.000,0.000,0.000,PASS,0
mh_comm_C0_DEFAULT_N8192_q16_rep3,3,4,3,sm_89,COMM_ONLY,NCCL,C0_DEFAULT,2048,8192,2048,16,13,1048576,4,0,1125.920,0.000,0.000,0.000,PASS,0
mh_comm_C0_DEFAULT_N8192_q16_rep3,3,4,3,sm_89,COMM_ONLY,NCCL,C0_DEFAULT,2048,8192,2048,16,14,1048576,4,0,1193.792,0.000,0.000,0.000,PASS,0
mh_comm_C0_DEFAULT_N8192_q16_rep3,3,4,3,sm_89,COMM_ONLY,NCCL,C0_DEFAULT,2048,8192,2048,16,15,1048576,4,0,1273.696,0.000,0.000,0.000,PASS,0
mh_comm_C0_DEFAULT_N8192_q16_rep3,3,4,3,sm_89,COMM_ONLY,NCCL,C0_DEFAULT,2048,8192,2048,16,0,1048576,5,0,217.856,0.000,0.000,0.000,PASS,0
mh_comm_C0_DEFAULT_N8192_q16_rep3,3,4,3,sm_89,COMM_ONLY,NCCL,C0_DEFAULT,2048,8192,2048,16,1,1048576,5,0,309.632,0.000,0.000,0.000,PASS,0
mh_comm_C0_DEFAULT_N8192_q16_rep3,3,4,3,sm_89,COMM_ONLY,NCCL,C0_DEFAULT,2048,8192,2048,16,2,1048576,5,0,387.136,0.000,0.000,0.000,PASS,0
mh_comm_C0_DEFAULT_N8192_q16_rep3,3,4,3,sm_89,COMM_ONLY,NCCL,C0_DEFAULT,2048,8192,2048,16,3,1048576,5,0,457.600,0.000,0.000,0.000,PASS,0
mh_comm_C0_DEFAULT_N8192_q16_rep3,3,4,3,sm_89,COMM_ONLY,NCCL,C0_DEFAULT,2048,8192,2048,16,4,1048576,5,0,529.312,0.000,0.000,0.000,PASS,0
mh_comm_C0_DEFAULT_N8192_q16_rep3,3,4,3,sm_89,COMM_ONLY,NCCL,C0_DEFAULT,2048,8192,2048,16,5,1048576,5,0,606.912,0.000,0.000,0.000,PASS,0
mh_comm_C0_DEFAULT_N8192_q16_rep3,3,4,3,sm_89,COMM_ONLY,NCCL,C0_DEFAULT,2048,8192,2048,16,6,1048576,5,0,676.288,0.000,0.000,0.000,PASS,0
mh_comm_C0_DEFAULT_N8192_q16_rep3,3,4,3,sm_89,COMM_ONLY,NCCL,C0_DEFAULT,2048,8192,2048,16,7,1048576,5,0,749.088,0.000,0.000,0.000,PASS,0
mh_comm_C0_DEFAULT_N8192_q16_rep3,3,4,3,sm_89,COMM_ONLY,NCCL,C0_DEFAULT,2048,8192,2048,16,8,1048576,5,0,818.272,0.000,0.000,0.000,PASS,0
mh_comm_C0_DEFAULT_N8192_q16_rep3,3,4,3,sm_89,COMM_ONLY,NCCL,C0_DEFAULT,2048,8192,2048,16,9,1048576,5,0,888.416,0.000,0.000,0.000,PASS,0
mh_comm_C0_DEFAULT_N8192_q16_rep3,3,4,3,sm_89,COMM_ONLY,NCCL,C0_DEFAULT,2048,8192,2048,16,10,1048576,5,0,956.896,0.000,0.000,0.000,PASS,0
mh_comm_C0_DEFAULT_N8192_q16_rep3,3,4,3,sm_89,COMM_ONLY,NCCL,C0_DEFAULT,2048,8192,2048,16,11,1048576,5,0,1025.184,0.000,0.000,0.000,PASS,0
mh_comm_C0_DEFAULT_N8192_q16_rep3,3,4,3,sm_89,COMM_ONLY,NCCL,C0_DEFAULT,2048,8192,2048,16,12,1048576,5,0,1096.416,0.000,0.000,0.000,PASS,0
mh_comm_C0_DEFAULT_N8192_q16_rep3,3,4,3,sm_89,COMM_ONLY,NCCL,C0_DEFAULT,2048,8192,2048,16,13,1048576,5,0,1166.528,0.000,0.000,0.000,PASS,0
mh_comm_C0_DEFAULT_N8192_q16_rep3,3,4,3,sm_89,COMM_ONLY,NCCL,C0_DEFAULT,2048,8192,2048,16,14,1048576,5,0,1235.712,0.000,0.000,0.000,PASS,0
mh_comm_C0_DEFAULT_N8192_q16_rep3,3,4,3,sm_89,COMM_ONLY,NCCL,C0_DEFAULT,2048,8192,2048,16,15,1048576,5,0,1305.152,0.000,0.000,0.000,PASS,0
mh_comm_C0_DEFAULT_N8192_q16_rep3,3,4,3,sm_89,COMM_ONLY,NCCL,C0_DEFAULT,2048,8192,2048,16,0,1048576,6,0,201.472,0.000,0.000,0.000,PASS,0
mh_comm_C0_DEFAULT_N8192_q16_rep3,3,4,3,sm_89,COMM_ONLY,NCCL,C0_DEFAULT,2048,8192,2048,16,1,1048576,6,0,270.592,0.000,0.000,0.000,PASS,0
mh_comm_C0_DEFAULT_N8192_q16_rep3,3,4,3,sm_89,COMM_ONLY,NCCL,C0_DEFAULT,2048,8192,2048,16,2,1048576,6,0,338.752,0.000,0.000,0.000,PASS,0
mh_comm_C0_DEFAULT_N8192_q16_rep3,3,4,3,sm_89,COMM_ONLY,NCCL,C0_DEFAULT,2048,8192,2048,16,3,1048576,6,0,410.304,0.000,0.000,0.000,PASS,0
mh_comm_C0_DEFAULT_N8192_q16_rep3,3,4,3,sm_89,COMM_ONLY,NCCL,C0_DEFAULT,2048,8192,2048,16,4,1048576,6,0,479.680,0.000,0.000,0.000,PASS,0
mh_comm_C0_DEFAULT_N8192_q16_rep3,3,4,3,sm_89,COMM_ONLY,NCCL,C0_DEFAULT,2048,8192,2048,16,5,1048576,6,0,549.472,0.000,0.000,0.000,PASS,0
mh_comm_C0_DEFAULT_N8192_q16_rep3,3,4,3,sm_89,COMM_ONLY,NCCL,C0_DEFAULT,2048,8192,2048,16,6,1048576,6,0,634.016,0.000,0.000,0.000,PASS,0
mh_comm_C0_DEFAULT_N8192_q16_rep3,3,4,3,sm_89,COMM_ONLY,NCCL,C0_DEFAULT,2048,8192,2048,16,7,1048576,6,0,703.008,0.000,0.000,0.000,PASS,0
mh_comm_C0_DEFAULT_N8192_q16_rep3,3,4,3,sm_89,COMM_ONLY,NCCL,C0_DEFAULT,2048,8192,2048,16,8,1048576,6,0,776.288,0.000,0.000,0.000,PASS,0
mh_comm_C0_DEFAULT_N8192_q16_rep3,3,4,3,sm_89,COMM_ONLY,NCCL,C0_DEFAULT,2048,8192,2048,16,9,1048576,6,0,844.672,0.000,0.000,0.000,PASS,0
mh_comm_C0_DEFAULT_N8192_q16_rep3,3,4,3,sm_89,COMM_ONLY,NCCL,C0_DEFAULT,2048,8192,2048,16,10,1048576,6,0,935.456,0.000,0.000,0.000,PASS,0
mh_comm_C0_DEFAULT_N8192_q16_rep3,3,4,3,sm_89,COMM_ONLY,NCCL,C0_DEFAULT,2048,8192,2048,16,11,1048576,6,0,1004.480,0.000,0.000,0.000,PASS,0
mh_comm_C0_DEFAULT_N8192_q16_rep3,3,4,3,sm_89,COMM_ONLY,NCCL,C0_DEFAULT,2048,8192,2048,16,12,1048576,6,0,1111.456,0.000,0.000,0.000,PASS,0
mh_comm_C0_DEFAULT_N8192_q16_rep3,3,4,3,sm_89,COMM_ONLY,NCCL,C0_DEFAULT,2048,8192,2048,16,13,1048576,6,0,1186.048,0.000,0.000,0.000,PASS,0
mh_comm_C0_DEFAULT_N8192_q16_rep3,3,4,3,sm_89,COMM_ONLY,NCCL,C0_DEFAULT,2048,8192,2048,16,14,1048576,6,0,1255.328,0.000,0.000,0.000,PASS,0
mh_comm_C0_DEFAULT_N8192_q16_rep3,3,4,3,sm_89,COMM_ONLY,NCCL,C0_DEFAULT,2048,8192,2048,16,15,1048576,6,0,1324.736,0.000,0.000,0.000,PASS,0
mh_comm_C0_DEFAULT_N8192_q16_rep3,3,4,3,sm_89,COMM_ONLY,NCCL,C0_DEFAULT,2048,8192,2048,16,0,1048576,7,0,224.096,0.000,0.000,0.000,PASS,0
mh_comm_C0_DEFAULT_N8192_q16_rep3,3,4,3,sm_89,COMM_ONLY,NCCL,C0_DEFAULT,2048,8192,2048,16,1,1048576,7,0,293.696,0.000,0.000,0.000,PASS,0
mh_comm_C0_DEFAULT_N8192_q16_rep3,3,4,3,sm_89,COMM_ONLY,NCCL,C0_DEFAULT,2048,8192,2048,16,2,1048576,7,0,362.912,0.000,0.000,0.000,PASS,0
mh_comm_C0_DEFAULT_N8192_q16_rep3,3,4,3,sm_89,COMM_ONLY,NCCL,C0_DEFAULT,2048,8192,2048,16,3,1048576,7,0,433.984,0.000,0.000,0.000,PASS,0
mh_comm_C0_DEFAULT_N8192_q16_rep3,3,4,3,sm_89,COMM_ONLY,NCCL,C0_DEFAULT,2048,8192,2048,16,4,1048576,7,0,502.368,0.000,0.000,0.000,PASS,0
mh_comm_C0_DEFAULT_N8192_q16_rep3,3,4,3,sm_89,COMM_ONLY,NCCL,C0_DEFAULT,2048,8192,2048,16,5,1048576,7,0,570.688,0.000,0.000,0.000,PASS,0
mh_comm_C0_DEFAULT_N8192_q16_rep3,3,4,3,sm_89,COMM_ONLY,NCCL,C0_DEFAULT,2048,8192,2048,16,6,1048576,7,0,650.976,0.000,0.000,0.000,PASS,0
mh_comm_C0_DEFAULT_N8192_q16_rep3,3,4,3,sm_89,COMM_ONLY,NCCL,C0_DEFAULT,2048,8192,2048,16,7,1048576,7,0,744.928,0.000,0.000,0.000,PASS,0
mh_comm_C0_DEFAULT_N8192_q16_rep3,3,4,3,sm_89,COMM_ONLY,NCCL,C0_DEFAULT,2048,8192,2048,16,8,1048576,7,0,823.456,0.000,0.000,0.000,PASS,0
mh_comm_C0_DEFAULT_N8192_q16_rep3,3,4,3,sm_89,COMM_ONLY,NCCL,C0_DEFAULT,2048,8192,2048,16,9,1048576,7,0,907.616,0.000,0.000,0.000,PASS,0
mh_comm_C0_DEFAULT_N8192_q16_rep3,3,4,3,sm_89,COMM_ONLY,NCCL,C0_DEFAULT,2048,8192,2048,16,10,1048576,7,0,1001.792,0.000,0.000,0.000,PASS,0
mh_comm_C0_DEFAULT_N8192_q16_rep3,3,4,3,sm_89,COMM_ONLY,NCCL,C0_DEFAULT,2048,8192,2048,16,11,1048576,7,0,1086.944,0.000,0.000,0.000,PASS,0
mh_comm_C0_DEFAULT_N8192_q16_rep3,3,4,3,sm_89,COMM_ONLY,NCCL,C0_DEFAULT,2048,8192,2048,16,12,1048576,7,0,1156.640,0.000,0.000,0.000,PASS,0
mh_comm_C0_DEFAULT_N8192_q16_rep3,3,4,3,sm_89,COMM_ONLY,NCCL,C0_DEFAULT,2048,8192,2048,16,13,1048576,7,0,1236.576,0.000,0.000,0.000,PASS,0
mh_comm_C0_DEFAULT_N8192_q16_rep3,3,4,3,sm_89,COMM_ONLY,NCCL,C0_DEFAULT,2048,8192,2048,16,14,1048576,7,0,1308.608,0.000,0.000,0.000,PASS,0
mh_comm_C0_DEFAULT_N8192_q16_rep3,3,4,3,sm_89,COMM_ONLY,NCCL,C0_DEFAULT,2048,8192,2048,16,15,1048576,7,0,1381.888,0.000,0.000,0.000,PASS,0
mh_comm_C0_DEFAULT_N8192_q16_rep3,3,4,3,sm_89,COMM_ONLY,NCCL,C0_DEFAULT,2048,8192,2048,16,0,1048576,8,0,206.432,0.000,0.000,0.000,PASS,0
mh_comm_C0_DEFAULT_N8192_q16_rep3,3,4,3,sm_89,COMM_ONLY,NCCL,C0_DEFAULT,2048,8192,2048,16,1,1048576,8,0,277.152,0.000,0.000,0.000,PASS,0
mh_comm_C0_DEFAULT_N8192_q16_rep3,3,4,3,sm_89,COMM_ONLY,NCCL,C0_DEFAULT,2048,8192,2048,16,2,1048576,8,0,359.616,0.000,0.000,0.000,PASS,0
mh_comm_C0_DEFAULT_N8192_q16_rep3,3,4,3,sm_89,COMM_ONLY,NCCL,C0_DEFAULT,2048,8192,2048,16,3,1048576,8,0,433.888,0.000,0.000,0.000,PASS,0
mh_comm_C0_DEFAULT_N8192_q16_rep3,3,4,3,sm_89,COMM_ONLY,NCCL,C0_DEFAULT,2048,8192,2048,16,4,1048576,8,0,503.616,0.000,0.000,0.000,PASS,0
mh_comm_C0_DEFAULT_N8192_q16_rep3,3,4,3,sm_89,COMM_ONLY,NCCL,C0_DEFAULT,2048,8192,2048,16,5,1048576,8,0,575.264,0.000,0.000,0.000,PASS,0
mh_comm_C0_DEFAULT_N8192_q16_rep3,3,4,3,sm_89,COMM_ONLY,NCCL,C0_DEFAULT,2048,8192,2048,16,6,1048576,8,0,668.224,0.000,0.000,0.000,PASS,0
mh_comm_C0_DEFAULT_N8192_q16_rep3,3,4,3,sm_89,COMM_ONLY,NCCL,C0_DEFAULT,2048,8192,2048,16,7,1048576,8,0,738.752,0.000,0.000,0.000,PASS,0
mh_comm_C0_DEFAULT_N8192_q16_rep3,3,4,3,sm_89,COMM_ONLY,NCCL,C0_DEFAULT,2048,8192,2048,16,8,1048576,8,0,808.288,0.000,0.000,0.000,PASS,0
mh_comm_C0_DEFAULT_N8192_q16_rep3,3,4,3,sm_89,COMM_ONLY,NCCL,C0_DEFAULT,2048,8192,2048,16,9,1048576,8,0,877.696,0.000,0.000,0.000,PASS,0
mh_comm_C0_DEFAULT_N8192_q16_rep3,3,4,3,sm_89,COMM_ONLY,NCCL,C0_DEFAULT,2048,8192,2048,16,10,1048576,8,0,949.344,0.000,0.000,0.000,PASS,0
mh_comm_C0_DEFAULT_N8192_q16_rep3,3,4,3,sm_89,COMM_ONLY,NCCL,C0_DEFAULT,2048,8192,2048,16,11,1048576,8,0,1034.624,0.000,0.000,0.000,PASS,0
mh_comm_C0_DEFAULT_N8192_q16_rep3,3,4,3,sm_89,COMM_ONLY,NCCL,C0_DEFAULT,2048,8192,2048,16,12,1048576,8,0,1103.168,0.000,0.000,0.000,PASS,0
mh_comm_C0_DEFAULT_N8192_q16_rep3,3,4,3,sm_89,COMM_ONLY,NCCL,C0_DEFAULT,2048,8192,2048,16,13,1048576,8,0,1171.680,0.000,0.000,0.000,PASS,0
mh_comm_C0_DEFAULT_N8192_q16_rep3,3,4,3,sm_89,COMM_ONLY,NCCL,C0_DEFAULT,2048,8192,2048,16,14,1048576,8,0,1243.168,0.000,0.000,0.000,PASS,0
mh_comm_C0_DEFAULT_N8192_q16_rep3,3,4,3,sm_89,COMM_ONLY,NCCL,C0_DEFAULT,2048,8192,2048,16,15,1048576,8,0,1311.808,0.000,0.000,0.000,PASS,0
mh_comm_C0_DEFAULT_N8192_q16_rep3,3,4,3,sm_89,COMM_ONLY,NCCL,C0_DEFAULT,2048,8192,2048,16,0,1048576,9,0,212.896,0.000,0.000,0.000,PASS,0
mh_comm_C0_DEFAULT_N8192_q16_rep3,3,4,3,sm_89,COMM_ONLY,NCCL,C0_DEFAULT,2048,8192,2048,16,1,1048576,9,0,285.504,0.000,0.000,0.000,PASS,0
mh_comm_C0_DEFAULT_N8192_q16_rep3,3,4,3,sm_89,COMM_ONLY,NCCL,C0_DEFAULT,2048,8192,2048,16,2,1048576,9,0,353.568,0.000,0.000,0.000,PASS,0
mh_comm_C0_DEFAULT_N8192_q16_rep3,3,4,3,sm_89,COMM_ONLY,NCCL,C0_DEFAULT,2048,8192,2048,16,3,1048576,9,0,428.512,0.000,0.000,0.000,PASS,0
mh_comm_C0_DEFAULT_N8192_q16_rep3,3,4,3,sm_89,COMM_ONLY,NCCL,C0_DEFAULT,2048,8192,2048,16,4,1048576,9,0,498.400,0.000,0.000,0.000,PASS,0
mh_comm_C0_DEFAULT_N8192_q16_rep3,3,4,3,sm_89,COMM_ONLY,NCCL,C0_DEFAULT,2048,8192,2048,16,5,1048576,9,0,566.400,0.000,0.000,0.000,PASS,0
mh_comm_C0_DEFAULT_N8192_q16_rep3,3,4,3,sm_89,COMM_ONLY,NCCL,C0_DEFAULT,2048,8192,2048,16,6,1048576,9,0,638.784,0.000,0.000,0.000,PASS,0
mh_comm_C0_DEFAULT_N8192_q16_rep3,3,4,3,sm_89,COMM_ONLY,NCCL,C0_DEFAULT,2048,8192,2048,16,7,1048576,9,0,708.416,0.000,0.000,0.000,PASS,0
mh_comm_C0_DEFAULT_N8192_q16_rep3,3,4,3,sm_89,COMM_ONLY,NCCL,C0_DEFAULT,2048,8192,2048,16,8,1048576,9,0,786.656,0.000,0.000,0.000,PASS,0
mh_comm_C0_DEFAULT_N8192_q16_rep3,3,4,3,sm_89,COMM_ONLY,NCCL,C0_DEFAULT,2048,8192,2048,16,9,1048576,9,0,854.912,0.000,0.000,0.000,PASS,0
mh_comm_C0_DEFAULT_N8192_q16_rep3,3,4,3,sm_89,COMM_ONLY,NCCL,C0_DEFAULT,2048,8192,2048,16,10,1048576,9,0,928.736,0.000,0.000,0.000,PASS,0
mh_comm_C0_DEFAULT_N8192_q16_rep3,3,4,3,sm_89,COMM_ONLY,NCCL,C0_DEFAULT,2048,8192,2048,16,11,1048576,9,0,1012.000,0.000,0.000,0.000,PASS,0
mh_comm_C0_DEFAULT_N8192_q16_rep3,3,4,3,sm_89,COMM_ONLY,NCCL,C0_DEFAULT,2048,8192,2048,16,12,1048576,9,0,1082.016,0.000,0.000,0.000,PASS,0
mh_comm_C0_DEFAULT_N8192_q16_rep3,3,4,3,sm_89,COMM_ONLY,NCCL,C0_DEFAULT,2048,8192,2048,16,13,1048576,9,0,1152.320,0.000,0.000,0.000,PASS,0
mh_comm_C0_DEFAULT_N8192_q16_rep3,3,4,3,sm_89,COMM_ONLY,NCCL,C0_DEFAULT,2048,8192,2048,16,14,1048576,9,0,1221.760,0.000,0.000,0.000,PASS,0
mh_comm_C0_DEFAULT_N8192_q16_rep3,3,4,3,sm_89,COMM_ONLY,NCCL,C0_DEFAULT,2048,8192,2048,16,15,1048576,9,0,1298.560,0.000,0.000,0.000,PASS,0
mh_comm_C0_DEFAULT_N8192_q16_rep3,3,4,3,sm_89,COMM_ONLY,NCCL,C0_DEFAULT,2048,8192,2048,16,0,1048576,10,0,202.592,0.000,0.000,0.000,PASS,0
mh_comm_C0_DEFAULT_N8192_q16_rep3,3,4,3,sm_89,COMM_ONLY,NCCL,C0_DEFAULT,2048,8192,2048,16,1,1048576,10,0,273.440,0.000,0.000,0.000,PASS,0
mh_comm_C0_DEFAULT_N8192_q16_rep3,3,4,3,sm_89,COMM_ONLY,NCCL,C0_DEFAULT,2048,8192,2048,16,2,1048576,10,0,341.504,0.000,0.000,0.000,PASS,0
mh_comm_C0_DEFAULT_N8192_q16_rep3,3,4,3,sm_89,COMM_ONLY,NCCL,C0_DEFAULT,2048,8192,2048,16,3,1048576,10,0,412.672,0.000,0.000,0.000,PASS,0
mh_comm_C0_DEFAULT_N8192_q16_rep3,3,4,3,sm_89,COMM_ONLY,NCCL,C0_DEFAULT,2048,8192,2048,16,4,1048576,10,0,481.088,0.000,0.000,0.000,PASS,0
mh_comm_C0_DEFAULT_N8192_q16_rep3,3,4,3,sm_89,COMM_ONLY,NCCL,C0_DEFAULT,2048,8192,2048,16,5,1048576,10,0,549.440,0.000,0.000,0.000,PASS,0
mh_comm_C0_DEFAULT_N8192_q16_rep3,3,4,3,sm_89,COMM_ONLY,NCCL,C0_DEFAULT,2048,8192,2048,16,6,1048576,10,0,617.696,0.000,0.000,0.000,PASS,0
mh_comm_C0_DEFAULT_N8192_q16_rep3,3,4,3,sm_89,COMM_ONLY,NCCL,C0_DEFAULT,2048,8192,2048,16,7,1048576,10,0,696.128,0.000,0.000,0.000,PASS,0
mh_comm_C0_DEFAULT_N8192_q16_rep3,3,4,3,sm_89,COMM_ONLY,NCCL,C0_DEFAULT,2048,8192,2048,16,8,1048576,10,0,768.928,0.000,0.000,0.000,PASS,0
mh_comm_C0_DEFAULT_N8192_q16_rep3,3,4,3,sm_89,COMM_ONLY,NCCL,C0_DEFAULT,2048,8192,2048,16,9,1048576,10,0,839.296,0.000,0.000,0.000,PASS,0
mh_comm_C0_DEFAULT_N8192_q16_rep3,3,4,3,sm_89,COMM_ONLY,NCCL,C0_DEFAULT,2048,8192,2048,16,10,1048576,10,0,921.760,0.000,0.000,0.000,PASS,0
mh_comm_C0_DEFAULT_N8192_q16_rep3,3,4,3,sm_89,COMM_ONLY,NCCL,C0_DEFAULT,2048,8192,2048,16,11,1048576,10,0,991.808,0.000,0.000,0.000,PASS,0
mh_comm_C0_DEFAULT_N8192_q16_rep3,3,4,3,sm_89,COMM_ONLY,NCCL,C0_DEFAULT,2048,8192,2048,16,12,1048576,10,0,1062.336,0.000,0.000,0.000,PASS,0
mh_comm_C0_DEFAULT_N8192_q16_rep3,3,4,3,sm_89,COMM_ONLY,NCCL,C0_DEFAULT,2048,8192,2048,16,13,1048576,10,0,1132.064,0.000,0.000,0.000,PASS,0
mh_comm_C0_DEFAULT_N8192_q16_rep3,3,4,3,sm_89,COMM_ONLY,NCCL,C0_DEFAULT,2048,8192,2048,16,14,1048576,10,0,1205.408,0.000,0.000,0.000,PASS,0
mh_comm_C0_DEFAULT_N8192_q16_rep3,3,4,3,sm_89,COMM_ONLY,NCCL,C0_DEFAULT,2048,8192,2048,16,15,1048576,10,0,1274.464,0.000,0.000,0.000,PASS,0
mh_comm_C0_DEFAULT_N8192_q16_rep3,3,4,3,sm_89,COMM_ONLY,NCCL,C0_DEFAULT,2048,8192,2048,16,0,1048576,11,0,203.040,0.000,0.000,0.000,PASS,0
mh_comm_C0_DEFAULT_N8192_q16_rep3,3,4,3,sm_89,COMM_ONLY,NCCL,C0_DEFAULT,2048,8192,2048,16,1,1048576,11,0,270.592,0.000,0.000,0.000,PASS,0
mh_comm_C0_DEFAULT_N8192_q16_rep3,3,4,3,sm_89,COMM_ONLY,NCCL,C0_DEFAULT,2048,8192,2048,16,2,1048576,11,0,338.976,0.000,0.000,0.000,PASS,0
mh_comm_C0_DEFAULT_N8192_q16_rep3,3,4,3,sm_89,COMM_ONLY,NCCL,C0_DEFAULT,2048,8192,2048,16,3,1048576,11,0,409.248,0.000,0.000,0.000,PASS,0
mh_comm_C0_DEFAULT_N8192_q16_rep3,3,4,3,sm_89,COMM_ONLY,NCCL,C0_DEFAULT,2048,8192,2048,16,4,1048576,11,0,478.880,0.000,0.000,0.000,PASS,0
mh_comm_C0_DEFAULT_N8192_q16_rep3,3,4,3,sm_89,COMM_ONLY,NCCL,C0_DEFAULT,2048,8192,2048,16,5,1048576,11,0,557.824,0.000,0.000,0.000,PASS,0
mh_comm_C0_DEFAULT_N8192_q16_rep3,3,4,3,sm_89,COMM_ONLY,NCCL,C0_DEFAULT,2048,8192,2048,16,6,1048576,11,0,626.368,0.000,0.000,0.000,PASS,0
mh_comm_C0_DEFAULT_N8192_q16_rep3,3,4,3,sm_89,COMM_ONLY,NCCL,C0_DEFAULT,2048,8192,2048,16,7,1048576,11,0,696.384,0.000,0.000,0.000,PASS,0
mh_comm_C0_DEFAULT_N8192_q16_rep3,3,4,3,sm_89,COMM_ONLY,NCCL,C0_DEFAULT,2048,8192,2048,16,8,1048576,11,0,767.648,0.000,0.000,0.000,PASS,0
mh_comm_C0_DEFAULT_N8192_q16_rep3,3,4,3,sm_89,COMM_ONLY,NCCL,C0_DEFAULT,2048,8192,2048,16,9,1048576,11,0,836.544,0.000,0.000,0.000,PASS,0
mh_comm_C0_DEFAULT_N8192_q16_rep3,3,4,3,sm_89,COMM_ONLY,NCCL,C0_DEFAULT,2048,8192,2048,16,10,1048576,11,0,909.888,0.000,0.000,0.000,PASS,0
mh_comm_C0_DEFAULT_N8192_q16_rep3,3,4,3,sm_89,COMM_ONLY,NCCL,C0_DEFAULT,2048,8192,2048,16,11,1048576,11,0,979.424,0.000,0.000,0.000,PASS,0
mh_comm_C0_DEFAULT_N8192_q16_rep3,3,4,3,sm_89,COMM_ONLY,NCCL,C0_DEFAULT,2048,8192,2048,16,12,1048576,11,0,1047.264,0.000,0.000,0.000,PASS,0
mh_comm_C0_DEFAULT_N8192_q16_rep3,3,4,3,sm_89,COMM_ONLY,NCCL,C0_DEFAULT,2048,8192,2048,16,13,1048576,11,0,1116.320,0.000,0.000,0.000,PASS,0
mh_comm_C0_DEFAULT_N8192_q16_rep3,3,4,3,sm_89,COMM_ONLY,NCCL,C0_DEFAULT,2048,8192,2048,16,14,1048576,11,0,1186.400,0.000,0.000,0.000,PASS,0
mh_comm_C0_DEFAULT_N8192_q16_rep3,3,4,3,sm_89,COMM_ONLY,NCCL,C0_DEFAULT,2048,8192,2048,16,15,1048576,11,0,1256.704,0.000,0.000,0.000,PASS,0
mh_comm_C0_DEFAULT_N8192_q16_rep3,3,4,3,sm_89,COMM_ONLY,NCCL,C0_DEFAULT,2048,8192,2048,16,0,1048576,12,0,199.360,0.000,0.000,0.000,PASS,0
mh_comm_C0_DEFAULT_N8192_q16_rep3,3,4,3,sm_89,COMM_ONLY,NCCL,C0_DEFAULT,2048,8192,2048,16,1,1048576,12,0,268.896,0.000,0.000,0.000,PASS,0
mh_comm_C0_DEFAULT_N8192_q16_rep3,3,4,3,sm_89,COMM_ONLY,NCCL,C0_DEFAULT,2048,8192,2048,16,2,1048576,12,0,338.720,0.000,0.000,0.000,PASS,0
mh_comm_C0_DEFAULT_N8192_q16_rep3,3,4,3,sm_89,COMM_ONLY,NCCL,C0_DEFAULT,2048,8192,2048,16,3,1048576,12,0,409.792,0.000,0.000,0.000,PASS,0
mh_comm_C0_DEFAULT_N8192_q16_rep3,3,4,3,sm_89,COMM_ONLY,NCCL,C0_DEFAULT,2048,8192,2048,16,4,1048576,12,0,489.952,0.000,0.000,0.000,PASS,0
mh_comm_C0_DEFAULT_N8192_q16_rep3,3,4,3,sm_89,COMM_ONLY,NCCL,C0_DEFAULT,2048,8192,2048,16,5,1048576,12,0,572.928,0.000,0.000,0.000,PASS,0
mh_comm_C0_DEFAULT_N8192_q16_rep3,3,4,3,sm_89,COMM_ONLY,NCCL,C0_DEFAULT,2048,8192,2048,16,6,1048576,12,0,642.080,0.000,0.000,0.000,PASS,0
mh_comm_C0_DEFAULT_N8192_q16_rep3,3,4,3,sm_89,COMM_ONLY,NCCL,C0_DEFAULT,2048,8192,2048,16,7,1048576,12,0,713.248,0.000,0.000,0.000,PASS,0
mh_comm_C0_DEFAULT_N8192_q16_rep3,3,4,3,sm_89,COMM_ONLY,NCCL,C0_DEFAULT,2048,8192,2048,16,8,1048576,12,0,782.528,0.000,0.000,0.000,PASS,0
mh_comm_C0_DEFAULT_N8192_q16_rep3,3,4,3,sm_89,COMM_ONLY,NCCL,C0_DEFAULT,2048,8192,2048,16,9,1048576,12,0,851.552,0.000,0.000,0.000,PASS,0
mh_comm_C0_DEFAULT_N8192_q16_rep3,3,4,3,sm_89,COMM_ONLY,NCCL,C0_DEFAULT,2048,8192,2048,16,10,1048576,12,0,921.664,0.000,0.000,0.000,PASS,0
mh_comm_C0_DEFAULT_N8192_q16_rep3,3,4,3,sm_89,COMM_ONLY,NCCL,C0_DEFAULT,2048,8192,2048,16,11,1048576,12,0,989.856,0.000,0.000,0.000,PASS,0
mh_comm_C0_DEFAULT_N8192_q16_rep3,3,4,3,sm_89,COMM_ONLY,NCCL,C0_DEFAULT,2048,8192,2048,16,12,1048576,12,0,1074.048,0.000,0.000,0.000,PASS,0
mh_comm_C0_DEFAULT_N8192_q16_rep3,3,4,3,sm_89,COMM_ONLY,NCCL,C0_DEFAULT,2048,8192,2048,16,13,1048576,12,0,1144.192,0.000,0.000,0.000,PASS,0
mh_comm_C0_DEFAULT_N8192_q16_rep3,3,4,3,sm_89,COMM_ONLY,NCCL,C0_DEFAULT,2048,8192,2048,16,14,1048576,12,0,1214.784,0.000,0.000,0.000,PASS,0
mh_comm_C0_DEFAULT_N8192_q16_rep3,3,4,3,sm_89,COMM_ONLY,NCCL,C0_DEFAULT,2048,8192,2048,16,15,1048576,12,0,1283.232,0.000,0.000,0.000,PASS,0
mh_comm_C0_DEFAULT_N8192_q16_rep3,3,4,3,sm_89,COMM_ONLY,NCCL,C0_DEFAULT,2048,8192,2048,16,0,1048576,13,0,207.008,0.000,0.000,0.000,PASS,0
mh_comm_C0_DEFAULT_N8192_q16_rep3,3,4,3,sm_89,COMM_ONLY,NCCL,C0_DEFAULT,2048,8192,2048,16,1,1048576,13,0,276.960,0.000,0.000,0.000,PASS,0
mh_comm_C0_DEFAULT_N8192_q16_rep3,3,4,3,sm_89,COMM_ONLY,NCCL,C0_DEFAULT,2048,8192,2048,16,2,1048576,13,0,344.800,0.000,0.000,0.000,PASS,0
mh_comm_C0_DEFAULT_N8192_q16_rep3,3,4,3,sm_89,COMM_ONLY,NCCL,C0_DEFAULT,2048,8192,2048,16,3,1048576,13,0,415.840,0.000,0.000,0.000,PASS,0
mh_comm_C0_DEFAULT_N8192_q16_rep3,3,4,3,sm_89,COMM_ONLY,NCCL,C0_DEFAULT,2048,8192,2048,16,4,1048576,13,0,486.176,0.000,0.000,0.000,PASS,0
mh_comm_C0_DEFAULT_N8192_q16_rep3,3,4,3,sm_89,COMM_ONLY,NCCL,C0_DEFAULT,2048,8192,2048,16,5,1048576,13,0,554.592,0.000,0.000,0.000,PASS,0
mh_comm_C0_DEFAULT_N8192_q16_rep3,3,4,3,sm_89,COMM_ONLY,NCCL,C0_DEFAULT,2048,8192,2048,16,6,1048576,13,0,623.648,0.000,0.000,0.000,PASS,0
mh_comm_C0_DEFAULT_N8192_q16_rep3,3,4,3,sm_89,COMM_ONLY,NCCL,C0_DEFAULT,2048,8192,2048,16,7,1048576,13,0,693.472,0.000,0.000,0.000,PASS,0
mh_comm_C0_DEFAULT_N8192_q16_rep3,3,4,3,sm_89,COMM_ONLY,NCCL,C0_DEFAULT,2048,8192,2048,16,8,1048576,13,0,763.456,0.000,0.000,0.000,PASS,0
mh_comm_C0_DEFAULT_N8192_q16_rep3,3,4,3,sm_89,COMM_ONLY,NCCL,C0_DEFAULT,2048,8192,2048,16,9,1048576,13,0,832.416,0.000,0.000,0.000,PASS,0
mh_comm_C0_DEFAULT_N8192_q16_rep3,3,4,3,sm_89,COMM_ONLY,NCCL,C0_DEFAULT,2048,8192,2048,16,10,1048576,13,0,902.016,0.000,0.000,0.000,PASS,0
mh_comm_C0_DEFAULT_N8192_q16_rep3,3,4,3,sm_89,COMM_ONLY,NCCL,C0_DEFAULT,2048,8192,2048,16,11,1048576,13,0,971.520,0.000,0.000,0.000,PASS,0
mh_comm_C0_DEFAULT_N8192_q16_rep3,3,4,3,sm_89,COMM_ONLY,NCCL,C0_DEFAULT,2048,8192,2048,16,12,1048576,13,0,1040.448,0.000,0.000,0.000,PASS,0
mh_comm_C0_DEFAULT_N8192_q16_rep3,3,4,3,sm_89,COMM_ONLY,NCCL,C0_DEFAULT,2048,8192,2048,16,13,1048576,13,0,1109.664,0.000,0.000,0.000,PASS,0
mh_comm_C0_DEFAULT_N8192_q16_rep3,3,4,3,sm_89,COMM_ONLY,NCCL,C0_DEFAULT,2048,8192,2048,16,14,1048576,13,0,1179.904,0.000,0.000,0.000,PASS,0
mh_comm_C0_DEFAULT_N8192_q16_rep3,3,4,3,sm_89,COMM_ONLY,NCCL,C0_DEFAULT,2048,8192,2048,16,15,1048576,13,0,1251.520,0.000,0.000,0.000,PASS,0
mh_comm_C0_DEFAULT_N8192_q16_rep3,3,4,3,sm_89,COMM_ONLY,NCCL,C0_DEFAULT,2048,8192,2048,16,0,1048576,14,0,212.352,0.000,0.000,0.000,PASS,0
mh_comm_C0_DEFAULT_N8192_q16_rep3,3,4,3,sm_89,COMM_ONLY,NCCL,C0_DEFAULT,2048,8192,2048,16,1,1048576,14,0,280.352,0.000,0.000,0.000,PASS,0
mh_comm_C0_DEFAULT_N8192_q16_rep3,3,4,3,sm_89,COMM_ONLY,NCCL,C0_DEFAULT,2048,8192,2048,16,2,1048576,14,0,349.504,0.000,0.000,0.000,PASS,0
mh_comm_C0_DEFAULT_N8192_q16_rep3,3,4,3,sm_89,COMM_ONLY,NCCL,C0_DEFAULT,2048,8192,2048,16,3,1048576,14,0,417.952,0.000,0.000,0.000,PASS,0
mh_comm_C0_DEFAULT_N8192_q16_rep3,3,4,3,sm_89,COMM_ONLY,NCCL,C0_DEFAULT,2048,8192,2048,16,4,1048576,14,0,496.928,0.000,0.000,0.000,PASS,0
mh_comm_C0_DEFAULT_N8192_q16_rep3,3,4,3,sm_89,COMM_ONLY,NCCL,C0_DEFAULT,2048,8192,2048,16,5,1048576,14,0,567.648,0.000,0.000,0.000,PASS,0
mh_comm_C0_DEFAULT_N8192_q16_rep3,3,4,3,sm_89,COMM_ONLY,NCCL,C0_DEFAULT,2048,8192,2048,16,6,1048576,14,0,637.568,0.000,0.000,0.000,PASS,0
mh_comm_C0_DEFAULT_N8192_q16_rep3,3,4,3,sm_89,COMM_ONLY,NCCL,C0_DEFAULT,2048,8192,2048,16,7,1048576,14,0,707.040,0.000,0.000,0.000,PASS,0
mh_comm_C0_DEFAULT_N8192_q16_rep3,3,4,3,sm_89,COMM_ONLY,NCCL,C0_DEFAULT,2048,8192,2048,16,8,1048576,14,0,776.544,0.000,0.000,0.000,PASS,0
mh_comm_C0_DEFAULT_N8192_q16_rep3,3,4,3,sm_89,COMM_ONLY,NCCL,C0_DEFAULT,2048,8192,2048,16,9,1048576,14,0,846.112,0.000,0.000,0.000,PASS,0
mh_comm_C0_DEFAULT_N8192_q16_rep3,3,4,3,sm_89,COMM_ONLY,NCCL,C0_DEFAULT,2048,8192,2048,16,10,1048576,14,0,915.616,0.000,0.000,0.000,PASS,0
mh_comm_C0_DEFAULT_N8192_q16_rep3,3,4,3,sm_89,COMM_ONLY,NCCL,C0_DEFAULT,2048,8192,2048,16,11,1048576,14,0,984.576,0.000,0.000,0.000,PASS,0
mh_comm_C0_DEFAULT_N8192_q16_rep3,3,4,3,sm_89,COMM_ONLY,NCCL,C0_DEFAULT,2048,8192,2048,16,12,1048576,14,0,1054.080,0.000,0.000,0.000,PASS,0
mh_comm_C0_DEFAULT_N8192_q16_rep3,3,4,3,sm_89,COMM_ONLY,NCCL,C0_DEFAULT,2048,8192,2048,16,13,1048576,14,0,1123.232,0.000,0.000,0.000,PASS,0
mh_comm_C0_DEFAULT_N8192_q16_rep3,3,4,3,sm_89,COMM_ONLY,NCCL,C0_DEFAULT,2048,8192,2048,16,14,1048576,14,0,1193.568,0.000,0.000,0.000,PASS,0
mh_comm_C0_DEFAULT_N8192_q16_rep3,3,4,3,sm_89,COMM_ONLY,NCCL,C0_DEFAULT,2048,8192,2048,16,15,1048576,14,0,1262.176,0.000,0.000,0.000,PASS,0
mh_comm_C0_DEFAULT_N8192_q16_rep3,3,4,3,sm_89,COMM_ONLY,NCCL,C0_DEFAULT,2048,8192,2048,16,0,1048576,15,0,203.232,0.000,0.000,0.000,PASS,0
mh_comm_C0_DEFAULT_N8192_q16_rep3,3,4,3,sm_89,COMM_ONLY,NCCL,C0_DEFAULT,2048,8192,2048,16,1,1048576,15,0,282.016,0.000,0.000,0.000,PASS,0
mh_comm_C0_DEFAULT_N8192_q16_rep3,3,4,3,sm_89,COMM_ONLY,NCCL,C0_DEFAULT,2048,8192,2048,16,2,1048576,15,0,353.088,0.000,0.000,0.000,PASS,0
mh_comm_C0_DEFAULT_N8192_q16_rep3,3,4,3,sm_89,COMM_ONLY,NCCL,C0_DEFAULT,2048,8192,2048,16,3,1048576,15,0,424.256,0.000,0.000,0.000,PASS,0
mh_comm_C0_DEFAULT_N8192_q16_rep3,3,4,3,sm_89,COMM_ONLY,NCCL,C0_DEFAULT,2048,8192,2048,16,4,1048576,15,0,505.792,0.000,0.000,0.000,PASS,0
mh_comm_C0_DEFAULT_N8192_q16_rep3,3,4,3,sm_89,COMM_ONLY,NCCL,C0_DEFAULT,2048,8192,2048,16,5,1048576,15,0,574.112,0.000,0.000,0.000,PASS,0
mh_comm_C0_DEFAULT_N8192_q16_rep3,3,4,3,sm_89,COMM_ONLY,NCCL,C0_DEFAULT,2048,8192,2048,16,6,1048576,15,0,642.752,0.000,0.000,0.000,PASS,0
mh_comm_C0_DEFAULT_N8192_q16_rep3,3,4,3,sm_89,COMM_ONLY,NCCL,C0_DEFAULT,2048,8192,2048,16,7,1048576,15,0,714.720,0.000,0.000,0.000,PASS,0
mh_comm_C0_DEFAULT_N8192_q16_rep3,3,4,3,sm_89,COMM_ONLY,NCCL,C0_DEFAULT,2048,8192,2048,16,8,1048576,15,0,785.248,0.000,0.000,0.000,PASS,0
mh_comm_C0_DEFAULT_N8192_q16_rep3,3,4,3,sm_89,COMM_ONLY,NCCL,C0_DEFAULT,2048,8192,2048,16,9,1048576,15,0,854.528,0.000,0.000,0.000,PASS,0
mh_comm_C0_DEFAULT_N8192_q16_rep3,3,4,3,sm_89,COMM_ONLY,NCCL,C0_DEFAULT,2048,8192,2048,16,10,1048576,15,0,923.616,0.000,0.000,0.000,PASS,0
mh_comm_C0_DEFAULT_N8192_q16_rep3,3,4,3,sm_89,COMM_ONLY,NCCL,C0_DEFAULT,2048,8192,2048,16,11,1048576,15,0,991.712,0.000,0.000,0.000,PASS,0
mh_comm_C0_DEFAULT_N8192_q16_rep3,3,4,3,sm_89,COMM_ONLY,NCCL,C0_DEFAULT,2048,8192,2048,16,12,1048576,15,0,1073.120,0.000,0.000,0.000,PASS,0
mh_comm_C0_DEFAULT_N8192_q16_rep3,3,4,3,sm_89,COMM_ONLY,NCCL,C0_DEFAULT,2048,8192,2048,16,13,1048576,15,0,1143.616,0.000,0.000,0.000,PASS,0
mh_comm_C0_DEFAULT_N8192_q16_rep3,3,4,3,sm_89,COMM_ONLY,NCCL,C0_DEFAULT,2048,8192,2048,16,14,1048576,15,0,1212.192,0.000,0.000,0.000,PASS,0
mh_comm_C0_DEFAULT_N8192_q16_rep3,3,4,3,sm_89,COMM_ONLY,NCCL,C0_DEFAULT,2048,8192,2048,16,15,1048576,15,0,1281.536,0.000,0.000,0.000,PASS,0
mh_comm_C0_DEFAULT_N8192_q16_rep3,3,4,3,sm_89,COMM_ONLY,NCCL,C0_DEFAULT,2048,8192,2048,16,0,1048576,16,0,211.296,0.000,0.000,0.000,PASS,0
mh_comm_C0_DEFAULT_N8192_q16_rep3,3,4,3,sm_89,COMM_ONLY,NCCL,C0_DEFAULT,2048,8192,2048,16,1,1048576,16,0,280.096,0.000,0.000,0.000,PASS,0
mh_comm_C0_DEFAULT_N8192_q16_rep3,3,4,3,sm_89,COMM_ONLY,NCCL,C0_DEFAULT,2048,8192,2048,16,2,1048576,16,0,349.120,0.000,0.000,0.000,PASS,0
mh_comm_C0_DEFAULT_N8192_q16_rep3,3,4,3,sm_89,COMM_ONLY,NCCL,C0_DEFAULT,2048,8192,2048,16,3,1048576,16,0,420.288,0.000,0.000,0.000,PASS,0
mh_comm_C0_DEFAULT_N8192_q16_rep3,3,4,3,sm_89,COMM_ONLY,NCCL,C0_DEFAULT,2048,8192,2048,16,4,1048576,16,0,489.568,0.000,0.000,0.000,PASS,0
mh_comm_C0_DEFAULT_N8192_q16_rep3,3,4,3,sm_89,COMM_ONLY,NCCL,C0_DEFAULT,2048,8192,2048,16,5,1048576,16,0,571.552,0.000,0.000,0.000,PASS,0
mh_comm_C0_DEFAULT_N8192_q16_rep3,3,4,3,sm_89,COMM_ONLY,NCCL,C0_DEFAULT,2048,8192,2048,16,6,1048576,16,0,639.904,0.000,0.000,0.000,PASS,0
mh_comm_C0_DEFAULT_N8192_q16_rep3,3,4,3,sm_89,COMM_ONLY,NCCL,C0_DEFAULT,2048,8192,2048,16,7,1048576,16,0,724.448,0.000,0.000,0.000,PASS,0
mh_comm_C0_DEFAULT_N8192_q16_rep3,3,4,3,sm_89,COMM_ONLY,NCCL,C0_DEFAULT,2048,8192,2048,16,8,1048576,16,0,794.080,0.000,0.000,0.000,PASS,0
mh_comm_C0_DEFAULT_N8192_q16_rep3,3,4,3,sm_89,COMM_ONLY,NCCL,C0_DEFAULT,2048,8192,2048,16,9,1048576,16,0,886.816,0.000,0.000,0.000,PASS,0
mh_comm_C0_DEFAULT_N8192_q16_rep3,3,4,3,sm_89,COMM_ONLY,NCCL,C0_DEFAULT,2048,8192,2048,16,10,1048576,16,0,956.672,0.000,0.000,0.000,PASS,0
mh_comm_C0_DEFAULT_N8192_q16_rep3,3,4,3,sm_89,COMM_ONLY,NCCL,C0_DEFAULT,2048,8192,2048,16,11,1048576,16,0,1026.944,0.000,0.000,0.000,PASS,0
mh_comm_C0_DEFAULT_N8192_q16_rep3,3,4,3,sm_89,COMM_ONLY,NCCL,C0_DEFAULT,2048,8192,2048,16,12,1048576,16,0,1096.640,0.000,0.000,0.000,PASS,0
mh_comm_C0_DEFAULT_N8192_q16_rep3,3,4,3,sm_89,COMM_ONLY,NCCL,C0_DEFAULT,2048,8192,2048,16,13,1048576,16,0,1166.912,0.000,0.000,0.000,PASS,0
mh_comm_C0_DEFAULT_N8192_q16_rep3,3,4,3,sm_89,COMM_ONLY,NCCL,C0_DEFAULT,2048,8192,2048,16,14,1048576,16,0,1236.064,0.000,0.000,0.000,PASS,0
mh_comm_C0_DEFAULT_N8192_q16_rep3,3,4,3,sm_89,COMM_ONLY,NCCL,C0_DEFAULT,2048,8192,2048,16,15,1048576,16,0,1305.952,0.000,0.000,0.000,PASS,0
mh_comm_C0_DEFAULT_N8192_q16_rep3,3,4,3,sm_89,COMM_ONLY,NCCL,C0_DEFAULT,2048,8192,2048,16,0,1048576,17,0,214.496,0.000,0.000,0.000,PASS,0
mh_comm_C0_DEFAULT_N8192_q16_rep3,3,4,3,sm_89,COMM_ONLY,NCCL,C0_DEFAULT,2048,8192,2048,16,1,1048576,17,0,283.136,0.000,0.000,0.000,PASS,0
mh_comm_C0_DEFAULT_N8192_q16_rep3,3,4,3,sm_89,COMM_ONLY,NCCL,C0_DEFAULT,2048,8192,2048,16,2,1048576,17,0,352.768,0.000,0.000,0.000,PASS,0
mh_comm_C0_DEFAULT_N8192_q16_rep3,3,4,3,sm_89,COMM_ONLY,NCCL,C0_DEFAULT,2048,8192,2048,16,3,1048576,17,0,423.520,0.000,0.000,0.000,PASS,0
mh_comm_C0_DEFAULT_N8192_q16_rep3,3,4,3,sm_89,COMM_ONLY,NCCL,C0_DEFAULT,2048,8192,2048,16,4,1048576,17,0,493.184,0.000,0.000,0.000,PASS,0
mh_comm_C0_DEFAULT_N8192_q16_rep3,3,4,3,sm_89,COMM_ONLY,NCCL,C0_DEFAULT,2048,8192,2048,16,5,1048576,17,0,563.008,0.000,0.000,0.000,PASS,0
mh_comm_C0_DEFAULT_N8192_q16_rep3,3,4,3,sm_89,COMM_ONLY,NCCL,C0_DEFAULT,2048,8192,2048,16,6,1048576,17,0,631.008,0.000,0.000,0.000,PASS,0
mh_comm_C0_DEFAULT_N8192_q16_rep3,3,4,3,sm_89,COMM_ONLY,NCCL,C0_DEFAULT,2048,8192,2048,16,7,1048576,17,0,700.672,0.000,0.000,0.000,PASS,0
mh_comm_C0_DEFAULT_N8192_q16_rep3,3,4,3,sm_89,COMM_ONLY,NCCL,C0_DEFAULT,2048,8192,2048,16,8,1048576,17,0,769.184,0.000,0.000,0.000,PASS,0
mh_comm_C0_DEFAULT_N8192_q16_rep3,3,4,3,sm_89,COMM_ONLY,NCCL,C0_DEFAULT,2048,8192,2048,16,9,1048576,17,0,849.184,0.000,0.000,0.000,PASS,0
mh_comm_C0_DEFAULT_N8192_q16_rep3,3,4,3,sm_89,COMM_ONLY,NCCL,C0_DEFAULT,2048,8192,2048,16,10,1048576,17,0,918.560,0.000,0.000,0.000,PASS,0
mh_comm_C0_DEFAULT_N8192_q16_rep3,3,4,3,sm_89,COMM_ONLY,NCCL,C0_DEFAULT,2048,8192,2048,16,11,1048576,17,0,987.424,0.000,0.000,0.000,PASS,0
mh_comm_C0_DEFAULT_N8192_q16_rep3,3,4,3,sm_89,COMM_ONLY,NCCL,C0_DEFAULT,2048,8192,2048,16,12,1048576,17,0,1070.912,0.000,0.000,0.000,PASS,0
mh_comm_C0_DEFAULT_N8192_q16_rep3,3,4,3,sm_89,COMM_ONLY,NCCL,C0_DEFAULT,2048,8192,2048,16,13,1048576,17,0,1140.640,0.000,0.000,0.000,PASS,0
mh_comm_C0_DEFAULT_N8192_q16_rep3,3,4,3,sm_89,COMM_ONLY,NCCL,C0_DEFAULT,2048,8192,2048,16,14,1048576,17,0,1209.344,0.000,0.000,0.000,PASS,0
mh_comm_C0_DEFAULT_N8192_q16_rep3,3,4,3,sm_89,COMM_ONLY,NCCL,C0_DEFAULT,2048,8192,2048,16,15,1048576,17,0,1277.312,0.000,0.000,0.000,PASS,0
mh_comm_C0_DEFAULT_N8192_q16_rep3,3,4,3,sm_89,COMM_ONLY,NCCL,C0_DEFAULT,2048,8192,2048,16,0,1048576,18,0,198.560,0.000,0.000,0.000,PASS,0
mh_comm_C0_DEFAULT_N8192_q16_rep3,3,4,3,sm_89,COMM_ONLY,NCCL,C0_DEFAULT,2048,8192,2048,16,1,1048576,18,0,268.320,0.000,0.000,0.000,PASS,0
mh_comm_C0_DEFAULT_N8192_q16_rep3,3,4,3,sm_89,COMM_ONLY,NCCL,C0_DEFAULT,2048,8192,2048,16,2,1048576,18,0,336.832,0.000,0.000,0.000,PASS,0
mh_comm_C0_DEFAULT_N8192_q16_rep3,3,4,3,sm_89,COMM_ONLY,NCCL,C0_DEFAULT,2048,8192,2048,16,3,1048576,18,0,406.368,0.000,0.000,0.000,PASS,0
mh_comm_C0_DEFAULT_N8192_q16_rep3,3,4,3,sm_89,COMM_ONLY,NCCL,C0_DEFAULT,2048,8192,2048,16,4,1048576,18,0,475.488,0.000,0.000,0.000,PASS,0
mh_comm_C0_DEFAULT_N8192_q16_rep3,3,4,3,sm_89,COMM_ONLY,NCCL,C0_DEFAULT,2048,8192,2048,16,5,1048576,18,0,547.136,0.000,0.000,0.000,PASS,0
mh_comm_C0_DEFAULT_N8192_q16_rep3,3,4,3,sm_89,COMM_ONLY,NCCL,C0_DEFAULT,2048,8192,2048,16,6,1048576,18,0,616.000,0.000,0.000,0.000,PASS,0
mh_comm_C0_DEFAULT_N8192_q16_rep3,3,4,3,sm_89,COMM_ONLY,NCCL,C0_DEFAULT,2048,8192,2048,16,7,1048576,18,0,684.640,0.000,0.000,0.000,PASS,0
mh_comm_C0_DEFAULT_N8192_q16_rep3,3,4,3,sm_89,COMM_ONLY,NCCL,C0_DEFAULT,2048,8192,2048,16,8,1048576,18,0,755.264,0.000,0.000,0.000,PASS,0
mh_comm_C0_DEFAULT_N8192_q16_rep3,3,4,3,sm_89,COMM_ONLY,NCCL,C0_DEFAULT,2048,8192,2048,16,9,1048576,18,0,824.288,0.000,0.000,0.000,PASS,0
mh_comm_C0_DEFAULT_N8192_q16_rep3,3,4,3,sm_89,COMM_ONLY,NCCL,C0_DEFAULT,2048,8192,2048,16,10,1048576,18,0,893.824,0.000,0.000,0.000,PASS,0
mh_comm_C0_DEFAULT_N8192_q16_rep3,3,4,3,sm_89,COMM_ONLY,NCCL,C0_DEFAULT,2048,8192,2048,16,11,1048576,18,0,964.224,0.000,0.000,0.000,PASS,0
mh_comm_C0_DEFAULT_N8192_q16_rep3,3,4,3,sm_89,COMM_ONLY,NCCL,C0_DEFAULT,2048,8192,2048,16,12,1048576,18,0,1033.120,0.000,0.000,0.000,PASS,0
mh_comm_C0_DEFAULT_N8192_q16_rep3,3,4,3,sm_89,COMM_ONLY,NCCL,C0_DEFAULT,2048,8192,2048,16,13,1048576,18,0,1103.488,0.000,0.000,0.000,PASS,0
mh_comm_C0_DEFAULT_N8192_q16_rep3,3,4,3,sm_89,COMM_ONLY,NCCL,C0_DEFAULT,2048,8192,2048,16,14,1048576,18,0,1171.936,0.000,0.000,0.000,PASS,0
mh_comm_C0_DEFAULT_N8192_q16_rep3,3,4,3,sm_89,COMM_ONLY,NCCL,C0_DEFAULT,2048,8192,2048,16,15,1048576,18,0,1251.712,0.000,0.000,0.000,PASS,0
mh_comm_C0_DEFAULT_N8192_q16_rep3,3,4,3,sm_89,COMM_ONLY,NCCL,C0_DEFAULT,2048,8192,2048,16,0,1048576,19,0,216.224,0.000,0.000,0.000,PASS,0
mh_comm_C0_DEFAULT_N8192_q16_rep3,3,4,3,sm_89,COMM_ONLY,NCCL,C0_DEFAULT,2048,8192,2048,16,1,1048576,19,0,311.776,0.000,0.000,0.000,PASS,0
mh_comm_C0_DEFAULT_N8192_q16_rep3,3,4,3,sm_89,COMM_ONLY,NCCL,C0_DEFAULT,2048,8192,2048,16,2,1048576,19,0,380.672,0.000,0.000,0.000,PASS,0
mh_comm_C0_DEFAULT_N8192_q16_rep3,3,4,3,sm_89,COMM_ONLY,NCCL,C0_DEFAULT,2048,8192,2048,16,3,1048576,19,0,474.592,0.000,0.000,0.000,PASS,0
mh_comm_C0_DEFAULT_N8192_q16_rep3,3,4,3,sm_89,COMM_ONLY,NCCL,C0_DEFAULT,2048,8192,2048,16,4,1048576,19,0,553.824,0.000,0.000,0.000,PASS,0
mh_comm_C0_DEFAULT_N8192_q16_rep3,3,4,3,sm_89,COMM_ONLY,NCCL,C0_DEFAULT,2048,8192,2048,16,5,1048576,19,0,625.536,0.000,0.000,0.000,PASS,0
mh_comm_C0_DEFAULT_N8192_q16_rep3,3,4,3,sm_89,COMM_ONLY,NCCL,C0_DEFAULT,2048,8192,2048,16,6,1048576,19,0,692.608,0.000,0.000,0.000,PASS,0
mh_comm_C0_DEFAULT_N8192_q16_rep3,3,4,3,sm_89,COMM_ONLY,NCCL,C0_DEFAULT,2048,8192,2048,16,7,1048576,19,0,776.928,0.000,0.000,0.000,PASS,0
mh_comm_C0_DEFAULT_N8192_q16_rep3,3,4,3,sm_89,COMM_ONLY,NCCL,C0_DEFAULT,2048,8192,2048,16,8,1048576,19,0,845.600,0.000,0.000,0.000,PASS,0
mh_comm_C0_DEFAULT_N8192_q16_rep3,3,4,3,sm_89,COMM_ONLY,NCCL,C0_DEFAULT,2048,8192,2048,16,9,1048576,19,0,914.496,0.000,0.000,0.000,PASS,0
mh_comm_C0_DEFAULT_N8192_q16_rep3,3,4,3,sm_89,COMM_ONLY,NCCL,C0_DEFAULT,2048,8192,2048,16,10,1048576,19,0,990.912,0.000,0.000,0.000,PASS,0
mh_comm_C0_DEFAULT_N8192_q16_rep3,3,4,3,sm_89,COMM_ONLY,NCCL,C0_DEFAULT,2048,8192,2048,16,11,1048576,19,0,1061.376,0.000,0.000,0.000,PASS,0
mh_comm_C0_DEFAULT_N8192_q16_rep3,3,4,3,sm_89,COMM_ONLY,NCCL,C0_DEFAULT,2048,8192,2048,16,12,1048576,19,0,1130.560,0.000,0.000,0.000,PASS,0
mh_comm_C0_DEFAULT_N8192_q16_rep3,3,4,3,sm_89,COMM_ONLY,NCCL,C0_DEFAULT,2048,8192,2048,16,13,1048576,19,0,1211.840,0.000,0.000,0.000,PASS,0
mh_comm_C0_DEFAULT_N8192_q16_rep3,3,4,3,sm_89,COMM_ONLY,NCCL,C0_DEFAULT,2048,8192,2048,16,14,1048576,19,0,1280.448,0.000,0.000,0.000,PASS,0
mh_comm_C0_DEFAULT_N8192_q16_rep3,3,4,3,sm_89,COMM_ONLY,NCCL,C0_DEFAULT,2048,8192,2048,16,15,1048576,19,0,1350.016,0.000,0.000,0.000,PASS,0
mh_comm_C0_DEFAULT_N8192_q16_rep3,3,4,3,sm_89,COMM_ONLY,NCCL,C0_DEFAULT,2048,8192,2048,16,0,1048576,20,0,203.328,0.000,0.000,0.000,PASS,0
mh_comm_C0_DEFAULT_N8192_q16_rep3,3,4,3,sm_89,COMM_ONLY,NCCL,C0_DEFAULT,2048,8192,2048,16,1,1048576,20,0,272.480,0.000,0.000,0.000,PASS,0
mh_comm_C0_DEFAULT_N8192_q16_rep3,3,4,3,sm_89,COMM_ONLY,NCCL,C0_DEFAULT,2048,8192,2048,16,2,1048576,20,0,349.920,0.000,0.000,0.000,PASS,0
mh_comm_C0_DEFAULT_N8192_q16_rep3,3,4,3,sm_89,COMM_ONLY,NCCL,C0_DEFAULT,2048,8192,2048,16,3,1048576,20,0,438.688,0.000,0.000,0.000,PASS,0
mh_comm_C0_DEFAULT_N8192_q16_rep3,3,4,3,sm_89,COMM_ONLY,NCCL,C0_DEFAULT,2048,8192,2048,16,4,1048576,20,0,510.048,0.000,0.000,0.000,PASS,0
mh_comm_C0_DEFAULT_N8192_q16_rep3,3,4,3,sm_89,COMM_ONLY,NCCL,C0_DEFAULT,2048,8192,2048,16,5,1048576,20,0,581.440,0.000,0.000,0.000,PASS,0
mh_comm_C0_DEFAULT_N8192_q16_rep3,3,4,3,sm_89,COMM_ONLY,NCCL,C0_DEFAULT,2048,8192,2048,16,6,1048576,20,0,653.472,0.000,0.000,0.000,PASS,0
mh_comm_C0_DEFAULT_N8192_q16_rep3,3,4,3,sm_89,COMM_ONLY,NCCL,C0_DEFAULT,2048,8192,2048,16,7,1048576,20,0,731.552,0.000,0.000,0.000,PASS,0
mh_comm_C0_DEFAULT_N8192_q16_rep3,3,4,3,sm_89,COMM_ONLY,NCCL,C0_DEFAULT,2048,8192,2048,16,8,1048576,20,0,810.400,0.000,0.000,0.000,PASS,0
mh_comm_C0_DEFAULT_N8192_q16_rep3,3,4,3,sm_89,COMM_ONLY,NCCL,C0_DEFAULT,2048,8192,2048,16,9,1048576,20,0,890.336,0.000,0.000,0.000,PASS,0
mh_comm_C0_DEFAULT_N8192_q16_rep3,3,4,3,sm_89,COMM_ONLY,NCCL,C0_DEFAULT,2048,8192,2048,16,10,1048576,20,0,959.520,0.000,0.000,0.000,PASS,0
mh_comm_C0_DEFAULT_N8192_q16_rep3,3,4,3,sm_89,COMM_ONLY,NCCL,C0_DEFAULT,2048,8192,2048,16,11,1048576,20,0,1028.384,0.000,0.000,0.000,PASS,0
mh_comm_C0_DEFAULT_N8192_q16_rep3,3,4,3,sm_89,COMM_ONLY,NCCL,C0_DEFAULT,2048,8192,2048,16,12,1048576,20,0,1100.896,0.000,0.000,0.000,PASS,0
mh_comm_C0_DEFAULT_N8192_q16_rep3,3,4,3,sm_89,COMM_ONLY,NCCL,C0_DEFAULT,2048,8192,2048,16,13,1048576,20,0,1175.680,0.000,0.000,0.000,PASS,0
mh_comm_C0_DEFAULT_N8192_q16_rep3,3,4,3,sm_89,COMM_ONLY,NCCL,C0_DEFAULT,2048,8192,2048,16,14,1048576,20,0,1245.024,0.000,0.000,0.000,PASS,0
mh_comm_C0_DEFAULT_N8192_q16_rep3,3,4,3,sm_89,COMM_ONLY,NCCL,C0_DEFAULT,2048,8192,2048,16,15,1048576,20,0,1314.784,0.000,0.000,0.000,PASS,0
mh_comm_C0_DEFAULT_N8192_q16_rep3,3,4,3,sm_89,COMM_ONLY,NCCL,C0_DEFAULT,2048,8192,2048,16,0,1048576,21,0,222.336,0.000,0.000,0.000,PASS,0
mh_comm_C0_DEFAULT_N8192_q16_rep3,3,4,3,sm_89,COMM_ONLY,NCCL,C0_DEFAULT,2048,8192,2048,16,1,1048576,21,0,303.968,0.000,0.000,0.000,PASS,0
mh_comm_C0_DEFAULT_N8192_q16_rep3,3,4,3,sm_89,COMM_ONLY,NCCL,C0_DEFAULT,2048,8192,2048,16,2,1048576,21,0,373.696,0.000,0.000,0.000,PASS,0
mh_comm_C0_DEFAULT_N8192_q16_rep3,3,4,3,sm_89,COMM_ONLY,NCCL,C0_DEFAULT,2048,8192,2048,16,3,1048576,21,0,444.832,0.000,0.000,0.000,PASS,0
mh_comm_C0_DEFAULT_N8192_q16_rep3,3,4,3,sm_89,COMM_ONLY,NCCL,C0_DEFAULT,2048,8192,2048,16,4,1048576,21,0,513.824,0.000,0.000,0.000,PASS,0
mh_comm_C0_DEFAULT_N8192_q16_rep3,3,4,3,sm_89,COMM_ONLY,NCCL,C0_DEFAULT,2048,8192,2048,16,5,1048576,21,0,586.624,0.000,0.000,0.000,PASS,0
mh_comm_C0_DEFAULT_N8192_q16_rep3,3,4,3,sm_89,COMM_ONLY,NCCL,C0_DEFAULT,2048,8192,2048,16,6,1048576,21,0,654.976,0.000,0.000,0.000,PASS,0
mh_comm_C0_DEFAULT_N8192_q16_rep3,3,4,3,sm_89,COMM_ONLY,NCCL,C0_DEFAULT,2048,8192,2048,16,7,1048576,21,0,724.224,0.000,0.000,0.000,PASS,0
mh_comm_C0_DEFAULT_N8192_q16_rep3,3,4,3,sm_89,COMM_ONLY,NCCL,C0_DEFAULT,2048,8192,2048,16,8,1048576,21,0,794.912,0.000,0.000,0.000,PASS,0
mh_comm_C0_DEFAULT_N8192_q16_rep3,3,4,3,sm_89,COMM_ONLY,NCCL,C0_DEFAULT,2048,8192,2048,16,9,1048576,21,0,890.240,0.000,0.000,0.000,PASS,0
mh_comm_C0_DEFAULT_N8192_q16_rep3,3,4,3,sm_89,COMM_ONLY,NCCL,C0_DEFAULT,2048,8192,2048,16,10,1048576,21,0,968.640,0.000,0.000,0.000,PASS,0
mh_comm_C0_DEFAULT_N8192_q16_rep3,3,4,3,sm_89,COMM_ONLY,NCCL,C0_DEFAULT,2048,8192,2048,16,11,1048576,21,0,1039.328,0.000,0.000,0.000,PASS,0
mh_comm_C0_DEFAULT_N8192_q16_rep3,3,4,3,sm_89,COMM_ONLY,NCCL,C0_DEFAULT,2048,8192,2048,16,12,1048576,21,0,1107.744,0.000,0.000,0.000,PASS,0
mh_comm_C0_DEFAULT_N8192_q16_rep3,3,4,3,sm_89,COMM_ONLY,NCCL,C0_DEFAULT,2048,8192,2048,16,13,1048576,21,0,1177.184,0.000,0.000,0.000,PASS,0
mh_comm_C0_DEFAULT_N8192_q16_rep3,3,4,3,sm_89,COMM_ONLY,NCCL,C0_DEFAULT,2048,8192,2048,16,14,1048576,21,0,1247.200,0.000,0.000,0.000,PASS,0
mh_comm_C0_DEFAULT_N8192_q16_rep3,3,4,3,sm_89,COMM_ONLY,NCCL,C0_DEFAULT,2048,8192,2048,16,15,1048576,21,0,1333.248,0.000,0.000,0.000,PASS,0
mh_comm_C0_DEFAULT_N8192_q16_rep3,3,4,3,sm_89,COMM_ONLY,NCCL,C0_DEFAULT,2048,8192,2048,16,0,1048576,22,0,206.176,0.000,0.000,0.000,PASS,0
mh_comm_C0_DEFAULT_N8192_q16_rep3,3,4,3,sm_89,COMM_ONLY,NCCL,C0_DEFAULT,2048,8192,2048,16,1,1048576,22,0,275.136,0.000,0.000,0.000,PASS,0
mh_comm_C0_DEFAULT_N8192_q16_rep3,3,4,3,sm_89,COMM_ONLY,NCCL,C0_DEFAULT,2048,8192,2048,16,2,1048576,22,0,358.816,0.000,0.000,0.000,PASS,0
mh_comm_C0_DEFAULT_N8192_q16_rep3,3,4,3,sm_89,COMM_ONLY,NCCL,C0_DEFAULT,2048,8192,2048,16,3,1048576,22,0,430.528,0.000,0.000,0.000,PASS,0
mh_comm_C0_DEFAULT_N8192_q16_rep3,3,4,3,sm_89,COMM_ONLY,NCCL,C0_DEFAULT,2048,8192,2048,16,4,1048576,22,0,501.120,0.000,0.000,0.000,PASS,0
mh_comm_C0_DEFAULT_N8192_q16_rep3,3,4,3,sm_89,COMM_ONLY,NCCL,C0_DEFAULT,2048,8192,2048,16,5,1048576,22,0,571.264,0.000,0.000,0.000,PASS,0
mh_comm_C0_DEFAULT_N8192_q16_rep3,3,4,3,sm_89,COMM_ONLY,NCCL,C0_DEFAULT,2048,8192,2048,16,6,1048576,22,0,649.760,0.000,0.000,0.000,PASS,0
mh_comm_C0_DEFAULT_N8192_q16_rep3,3,4,3,sm_89,COMM_ONLY,NCCL,C0_DEFAULT,2048,8192,2048,16,7,1048576,22,0,720.416,0.000,0.000,0.000,PASS,0
mh_comm_C0_DEFAULT_N8192_q16_rep3,3,4,3,sm_89,COMM_ONLY,NCCL,C0_DEFAULT,2048,8192,2048,16,8,1048576,22,0,792.768,0.000,0.000,0.000,PASS,0
mh_comm_C0_DEFAULT_N8192_q16_rep3,3,4,3,sm_89,COMM_ONLY,NCCL,C0_DEFAULT,2048,8192,2048,16,9,1048576,22,0,869.568,0.000,0.000,0.000,PASS,0
mh_comm_C0_DEFAULT_N8192_q16_rep3,3,4,3,sm_89,COMM_ONLY,NCCL,C0_DEFAULT,2048,8192,2048,16,10,1048576,22,0,944.160,0.000,0.000,0.000,PASS,0
mh_comm_C0_DEFAULT_N8192_q16_rep3,3,4,3,sm_89,COMM_ONLY,NCCL,C0_DEFAULT,2048,8192,2048,16,11,1048576,22,0,1014.560,0.000,0.000,0.000,PASS,0
mh_comm_C0_DEFAULT_N8192_q16_rep3,3,4,3,sm_89,COMM_ONLY,NCCL,C0_DEFAULT,2048,8192,2048,16,12,1048576,22,0,1087.904,0.000,0.000,0.000,PASS,0
mh_comm_C0_DEFAULT_N8192_q16_rep3,3,4,3,sm_89,COMM_ONLY,NCCL,C0_DEFAULT,2048,8192,2048,16,13,1048576,22,0,1162.112,0.000,0.000,0.000,PASS,0
mh_comm_C0_DEFAULT_N8192_q16_rep3,3,4,3,sm_89,COMM_ONLY,NCCL,C0_DEFAULT,2048,8192,2048,16,14,1048576,22,0,1231.520,0.000,0.000,0.000,PASS,0
mh_comm_C0_DEFAULT_N8192_q16_rep3,3,4,3,sm_89,COMM_ONLY,NCCL,C0_DEFAULT,2048,8192,2048,16,15,1048576,22,0,1300.320,0.000,0.000,0.000,PASS,0
mh_comm_C0_DEFAULT_N8192_q16_rep3,3,4,3,sm_89,COMM_ONLY,NCCL,C0_DEFAULT,2048,8192,2048,16,0,1048576,23,0,201.632,0.000,0.000,0.000,PASS,0
mh_comm_C0_DEFAULT_N8192_q16_rep3,3,4,3,sm_89,COMM_ONLY,NCCL,C0_DEFAULT,2048,8192,2048,16,1,1048576,23,0,271.296,0.000,0.000,0.000,PASS,0
mh_comm_C0_DEFAULT_N8192_q16_rep3,3,4,3,sm_89,COMM_ONLY,NCCL,C0_DEFAULT,2048,8192,2048,16,2,1048576,23,0,353.152,0.000,0.000,0.000,PASS,0
mh_comm_C0_DEFAULT_N8192_q16_rep3,3,4,3,sm_89,COMM_ONLY,NCCL,C0_DEFAULT,2048,8192,2048,16,3,1048576,23,0,423.584,0.000,0.000,0.000,PASS,0
mh_comm_C0_DEFAULT_N8192_q16_rep3,3,4,3,sm_89,COMM_ONLY,NCCL,C0_DEFAULT,2048,8192,2048,16,4,1048576,23,0,492.320,0.000,0.000,0.000,PASS,0
mh_comm_C0_DEFAULT_N8192_q16_rep3,3,4,3,sm_89,COMM_ONLY,NCCL,C0_DEFAULT,2048,8192,2048,16,5,1048576,23,0,561.440,0.000,0.000,0.000,PASS,0
mh_comm_C0_DEFAULT_N8192_q16_rep3,3,4,3,sm_89,COMM_ONLY,NCCL,C0_DEFAULT,2048,8192,2048,16,6,1048576,23,0,630.784,0.000,0.000,0.000,PASS,0
mh_comm_C0_DEFAULT_N8192_q16_rep3,3,4,3,sm_89,COMM_ONLY,NCCL,C0_DEFAULT,2048,8192,2048,16,7,1048576,23,0,700.704,0.000,0.000,0.000,PASS,0
mh_comm_C0_DEFAULT_N8192_q16_rep3,3,4,3,sm_89,COMM_ONLY,NCCL,C0_DEFAULT,2048,8192,2048,16,8,1048576,23,0,770.752,0.000,0.000,0.000,PASS,0
mh_comm_C0_DEFAULT_N8192_q16_rep3,3,4,3,sm_89,COMM_ONLY,NCCL,C0_DEFAULT,2048,8192,2048,16,9,1048576,23,0,847.872,0.000,0.000,0.000,PASS,0
mh_comm_C0_DEFAULT_N8192_q16_rep3,3,4,3,sm_89,COMM_ONLY,NCCL,C0_DEFAULT,2048,8192,2048,16,10,1048576,23,0,919.264,0.000,0.000,0.000,PASS,0
mh_comm_C0_DEFAULT_N8192_q16_rep3,3,4,3,sm_89,COMM_ONLY,NCCL,C0_DEFAULT,2048,8192,2048,16,11,1048576,23,0,988.736,0.000,0.000,0.000,PASS,0
mh_comm_C0_DEFAULT_N8192_q16_rep3,3,4,3,sm_89,COMM_ONLY,NCCL,C0_DEFAULT,2048,8192,2048,16,12,1048576,23,0,1058.720,0.000,0.000,0.000,PASS,0
mh_comm_C0_DEFAULT_N8192_q16_rep3,3,4,3,sm_89,COMM_ONLY,NCCL,C0_DEFAULT,2048,8192,2048,16,13,1048576,23,0,1128.768,0.000,0.000,0.000,PASS,0
mh_comm_C0_DEFAULT_N8192_q16_rep3,3,4,3,sm_89,COMM_ONLY,NCCL,C0_DEFAULT,2048,8192,2048,16,14,1048576,23,0,1197.088,0.000,0.000,0.000,PASS,0
mh_comm_C0_DEFAULT_N8192_q16_rep3,3,4,3,sm_89,COMM_ONLY,NCCL,C0_DEFAULT,2048,8192,2048,16,15,1048576,23,0,1265.216,0.000,0.000,0.000,PASS,0
mh_comm_C0_DEFAULT_N8192_q16_rep3,3,4,3,sm_89,COMM_ONLY,NCCL,C0_DEFAULT,2048,8192,2048,16,0,1048576,24,0,216.832,0.000,0.000,0.000,PASS,0
mh_comm_C0_DEFAULT_N8192_q16_rep3,3,4,3,sm_89,COMM_ONLY,NCCL,C0_DEFAULT,2048,8192,2048,16,1,1048576,24,0,287.168,0.000,0.000,0.000,PASS,0
mh_comm_C0_DEFAULT_N8192_q16_rep3,3,4,3,sm_89,COMM_ONLY,NCCL,C0_DEFAULT,2048,8192,2048,16,2,1048576,24,0,359.040,0.000,0.000,0.000,PASS,0
mh_comm_C0_DEFAULT_N8192_q16_rep3,3,4,3,sm_89,COMM_ONLY,NCCL,C0_DEFAULT,2048,8192,2048,16,3,1048576,24,0,429.376,0.000,0.000,0.000,PASS,0
mh_comm_C0_DEFAULT_N8192_q16_rep3,3,4,3,sm_89,COMM_ONLY,NCCL,C0_DEFAULT,2048,8192,2048,16,4,1048576,24,0,499.040,0.000,0.000,0.000,PASS,0
mh_comm_C0_DEFAULT_N8192_q16_rep3,3,4,3,sm_89,COMM_ONLY,NCCL,C0_DEFAULT,2048,8192,2048,16,5,1048576,24,0,567.360,0.000,0.000,0.000,PASS,0
mh_comm_C0_DEFAULT_N8192_q16_rep3,3,4,3,sm_89,COMM_ONLY,NCCL,C0_DEFAULT,2048,8192,2048,16,6,1048576,24,0,636.224,0.000,0.000,0.000,PASS,0
mh_comm_C0_DEFAULT_N8192_q16_rep3,3,4,3,sm_89,COMM_ONLY,NCCL,C0_DEFAULT,2048,8192,2048,16,7,1048576,24,0,706.944,0.000,0.000,0.000,PASS,0
mh_comm_C0_DEFAULT_N8192_q16_rep3,3,4,3,sm_89,COMM_ONLY,NCCL,C0_DEFAULT,2048,8192,2048,16,8,1048576,24,0,778.272,0.000,0.000,0.000,PASS,0
mh_comm_C0_DEFAULT_N8192_q16_rep3,3,4,3,sm_89,COMM_ONLY,NCCL,C0_DEFAULT,2048,8192,2048,16,9,1048576,24,0,857.696,0.000,0.000,0.000,PASS,0
mh_comm_C0_DEFAULT_N8192_q16_rep3,3,4,3,sm_89,COMM_ONLY,NCCL,C0_DEFAULT,2048,8192,2048,16,10,1048576,24,0,925.984,0.000,0.000,0.000,PASS,0
mh_comm_C0_DEFAULT_N8192_q16_rep3,3,4,3,sm_89,COMM_ONLY,NCCL,C0_DEFAULT,2048,8192,2048,16,11,1048576,24,0,994.784,0.000,0.000,0.000,PASS,0
mh_comm_C0_DEFAULT_N8192_q16_rep3,3,4,3,sm_89,COMM_ONLY,NCCL,C0_DEFAULT,2048,8192,2048,16,12,1048576,24,0,1064.768,0.000,0.000,0.000,PASS,0
mh_comm_C0_DEFAULT_N8192_q16_rep3,3,4,3,sm_89,COMM_ONLY,NCCL,C0_DEFAULT,2048,8192,2048,16,13,1048576,24,0,1134.848,0.000,0.000,0.000,PASS,0
mh_comm_C0_DEFAULT_N8192_q16_rep3,3,4,3,sm_89,COMM_ONLY,NCCL,C0_DEFAULT,2048,8192,2048,16,14,1048576,24,0,1203.648,0.000,0.000,0.000,PASS,0
mh_comm_C0_DEFAULT_N8192_q16_rep3,3,4,3,sm_89,COMM_ONLY,NCCL,C0_DEFAULT,2048,8192,2048,16,15,1048576,24,0,1272.800,0.000,0.000,0.000,PASS,0
mh_comm_C0_DEFAULT_N8192_q16_rep3,3,4,3,sm_89,COMM_ONLY,NCCL,C0_DEFAULT,2048,8192,2048,16,0,1048576,25,0,201.568,0.000,0.000,0.000,PASS,0
mh_comm_C0_DEFAULT_N8192_q16_rep3,3,4,3,sm_89,COMM_ONLY,NCCL,C0_DEFAULT,2048,8192,2048,16,1,1048576,25,0,271.488,0.000,0.000,0.000,PASS,0
mh_comm_C0_DEFAULT_N8192_q16_rep3,3,4,3,sm_89,COMM_ONLY,NCCL,C0_DEFAULT,2048,8192,2048,16,2,1048576,25,0,339.712,0.000,0.000,0.000,PASS,0
mh_comm_C0_DEFAULT_N8192_q16_rep3,3,4,3,sm_89,COMM_ONLY,NCCL,C0_DEFAULT,2048,8192,2048,16,3,1048576,25,0,412.096,0.000,0.000,0.000,PASS,0
mh_comm_C0_DEFAULT_N8192_q16_rep3,3,4,3,sm_89,COMM_ONLY,NCCL,C0_DEFAULT,2048,8192,2048,16,4,1048576,25,0,480.768,0.000,0.000,0.000,PASS,0
mh_comm_C0_DEFAULT_N8192_q16_rep3,3,4,3,sm_89,COMM_ONLY,NCCL,C0_DEFAULT,2048,8192,2048,16,5,1048576,25,0,549.888,0.000,0.000,0.000,PASS,0
mh_comm_C0_DEFAULT_N8192_q16_rep3,3,4,3,sm_89,COMM_ONLY,NCCL,C0_DEFAULT,2048,8192,2048,16,6,1048576,25,0,619.360,0.000,0.000,0.000,PASS,0
mh_comm_C0_DEFAULT_N8192_q16_rep3,3,4,3,sm_89,COMM_ONLY,NCCL,C0_DEFAULT,2048,8192,2048,16,7,1048576,25,0,690.688,0.000,0.000,0.000,PASS,0
mh_comm_C0_DEFAULT_N8192_q16_rep3,3,4,3,sm_89,COMM_ONLY,NCCL,C0_DEFAULT,2048,8192,2048,16,8,1048576,25,0,760.672,0.000,0.000,0.000,PASS,0
mh_comm_C0_DEFAULT_N8192_q16_rep3,3,4,3,sm_89,COMM_ONLY,NCCL,C0_DEFAULT,2048,8192,2048,16,9,1048576,25,0,830.464,0.000,0.000,0.000,PASS,0
mh_comm_C0_DEFAULT_N8192_q16_rep3,3,4,3,sm_89,COMM_ONLY,NCCL,C0_DEFAULT,2048,8192,2048,16,10,1048576,25,0,899.616,0.000,0.000,0.000,PASS,0
mh_comm_C0_DEFAULT_N8192_q16_rep3,3,4,3,sm_89,COMM_ONLY,NCCL,C0_DEFAULT,2048,8192,2048,16,11,1048576,25,0,967.840,0.000,0.000,0.000,PASS,0
mh_comm_C0_DEFAULT_N8192_q16_rep3,3,4,3,sm_89,COMM_ONLY,NCCL,C0_DEFAULT,2048,8192,2048,16,12,1048576,25,0,1037.760,0.000,0.000,0.000,PASS,0
mh_comm_C0_DEFAULT_N8192_q16_rep3,3,4,3,sm_89,COMM_ONLY,NCCL,C0_DEFAULT,2048,8192,2048,16,13,1048576,25,0,1107.936,0.000,0.000,0.000,PASS,0
mh_comm_C0_DEFAULT_N8192_q16_rep3,3,4,3,sm_89,COMM_ONLY,NCCL,C0_DEFAULT,2048,8192,2048,16,14,1048576,25,0,1177.280,0.000,0.000,0.000,PASS,0
mh_comm_C0_DEFAULT_N8192_q16_rep3,3,4,3,sm_89,COMM_ONLY,NCCL,C0_DEFAULT,2048,8192,2048,16,15,1048576,25,0,1246.016,0.000,0.000,0.000,PASS,0
mh_comm_C0_DEFAULT_N8192_q16_rep3,3,4,3,sm_89,COMM_ONLY,NCCL,C0_DEFAULT,2048,8192,2048,16,0,1048576,26,0,211.936,0.000,0.000,0.000,PASS,0
mh_comm_C0_DEFAULT_N8192_q16_rep3,3,4,3,sm_89,COMM_ONLY,NCCL,C0_DEFAULT,2048,8192,2048,16,1,1048576,26,0,280.256,0.000,0.000,0.000,PASS,0
mh_comm_C0_DEFAULT_N8192_q16_rep3,3,4,3,sm_89,COMM_ONLY,NCCL,C0_DEFAULT,2048,8192,2048,16,2,1048576,26,0,349.920,0.000,0.000,0.000,PASS,0
mh_comm_C0_DEFAULT_N8192_q16_rep3,3,4,3,sm_89,COMM_ONLY,NCCL,C0_DEFAULT,2048,8192,2048,16,3,1048576,26,0,423.456,0.000,0.000,0.000,PASS,0
mh_comm_C0_DEFAULT_N8192_q16_rep3,3,4,3,sm_89,COMM_ONLY,NCCL,C0_DEFAULT,2048,8192,2048,16,4,1048576,26,0,493.344,0.000,0.000,0.000,PASS,0
mh_comm_C0_DEFAULT_N8192_q16_rep3,3,4,3,sm_89,COMM_ONLY,NCCL,C0_DEFAULT,2048,8192,2048,16,5,1048576,26,0,562.784,0.000,0.000,0.000,PASS,0
mh_comm_C0_DEFAULT_N8192_q16_rep3,3,4,3,sm_89,COMM_ONLY,NCCL,C0_DEFAULT,2048,8192,2048,16,6,1048576,26,0,631.104,0.000,0.000,0.000,PASS,0
mh_comm_C0_DEFAULT_N8192_q16_rep3,3,4,3,sm_89,COMM_ONLY,NCCL,C0_DEFAULT,2048,8192,2048,16,7,1048576,26,0,700.992,0.000,0.000,0.000,PASS,0
mh_comm_C0_DEFAULT_N8192_q16_rep3,3,4,3,sm_89,COMM_ONLY,NCCL,C0_DEFAULT,2048,8192,2048,16,8,1048576,26,0,770.464,0.000,0.000,0.000,PASS,0
mh_comm_C0_DEFAULT_N8192_q16_rep3,3,4,3,sm_89,COMM_ONLY,NCCL,C0_DEFAULT,2048,8192,2048,16,9,1048576,26,0,839.904,0.000,0.000,0.000,PASS,0
mh_comm_C0_DEFAULT_N8192_q16_rep3,3,4,3,sm_89,COMM_ONLY,NCCL,C0_DEFAULT,2048,8192,2048,16,10,1048576,26,0,910.368,0.000,0.000,0.000,PASS,0
mh_comm_C0_DEFAULT_N8192_q16_rep3,3,4,3,sm_89,COMM_ONLY,NCCL,C0_DEFAULT,2048,8192,2048,16,11,1048576,26,0,993.056,0.000,0.000,0.000,PASS,0
mh_comm_C0_DEFAULT_N8192_q16_rep3,3,4,3,sm_89,COMM_ONLY,NCCL,C0_DEFAULT,2048,8192,2048,16,12,1048576,26,0,1076.704,0.000,0.000,0.000,PASS,0
mh_comm_C0_DEFAULT_N8192_q16_rep3,3,4,3,sm_89,COMM_ONLY,NCCL,C0_DEFAULT,2048,8192,2048,16,13,1048576,26,0,1145.920,0.000,0.000,0.000,PASS,0
mh_comm_C0_DEFAULT_N8192_q16_rep3,3,4,3,sm_89,COMM_ONLY,NCCL,C0_DEFAULT,2048,8192,2048,16,14,1048576,26,0,1215.008,0.000,0.000,0.000,PASS,0
mh_comm_C0_DEFAULT_N8192_q16_rep3,3,4,3,sm_89,COMM_ONLY,NCCL,C0_DEFAULT,2048,8192,2048,16,15,1048576,26,0,1294.272,0.000,0.000,0.000,PASS,0
mh_comm_C0_DEFAULT_N8192_q16_rep3,3,4,3,sm_89,COMM_ONLY,NCCL,C0_DEFAULT,2048,8192,2048,16,0,1048576,27,0,202.816,0.000,0.000,0.000,PASS,0
mh_comm_C0_DEFAULT_N8192_q16_rep3,3,4,3,sm_89,COMM_ONLY,NCCL,C0_DEFAULT,2048,8192,2048,16,1,1048576,27,0,271.488,0.000,0.000,0.000,PASS,0
mh_comm_C0_DEFAULT_N8192_q16_rep3,3,4,3,sm_89,COMM_ONLY,NCCL,C0_DEFAULT,2048,8192,2048,16,2,1048576,27,0,370.048,0.000,0.000,0.000,PASS,0
mh_comm_C0_DEFAULT_N8192_q16_rep3,3,4,3,sm_89,COMM_ONLY,NCCL,C0_DEFAULT,2048,8192,2048,16,3,1048576,27,0,447.680,0.000,0.000,0.000,PASS,0
mh_comm_C0_DEFAULT_N8192_q16_rep3,3,4,3,sm_89,COMM_ONLY,NCCL,C0_DEFAULT,2048,8192,2048,16,4,1048576,27,0,517.376,0.000,0.000,0.000,PASS,0
mh_comm_C0_DEFAULT_N8192_q16_rep3,3,4,3,sm_89,COMM_ONLY,NCCL,C0_DEFAULT,2048,8192,2048,16,5,1048576,27,0,597.824,0.000,0.000,0.000,PASS,0
mh_comm_C0_DEFAULT_N8192_q16_rep3,3,4,3,sm_89,COMM_ONLY,NCCL,C0_DEFAULT,2048,8192,2048,16,6,1048576,27,0,688.832,0.000,0.000,0.000,PASS,0
mh_comm_C0_DEFAULT_N8192_q16_rep3,3,4,3,sm_89,COMM_ONLY,NCCL,C0_DEFAULT,2048,8192,2048,16,7,1048576,27,0,758.752,0.000,0.000,0.000,PASS,0
mh_comm_C0_DEFAULT_N8192_q16_rep3,3,4,3,sm_89,COMM_ONLY,NCCL,C0_DEFAULT,2048,8192,2048,16,8,1048576,27,0,841.280,0.000,0.000,0.000,PASS,0
mh_comm_C0_DEFAULT_N8192_q16_rep3,3,4,3,sm_89,COMM_ONLY,NCCL,C0_DEFAULT,2048,8192,2048,16,9,1048576,27,0,912.256,0.000,0.000,0.000,PASS,0
mh_comm_C0_DEFAULT_N8192_q16_rep3,3,4,3,sm_89,COMM_ONLY,NCCL,C0_DEFAULT,2048,8192,2048,16,10,1048576,27,0,981.376,0.000,0.000,0.000,PASS,0
mh_comm_C0_DEFAULT_N8192_q16_rep3,3,4,3,sm_89,COMM_ONLY,NCCL,C0_DEFAULT,2048,8192,2048,16,11,1048576,27,0,1051.904,0.000,0.000,0.000,PASS,0
mh_comm_C0_DEFAULT_N8192_q16_rep3,3,4,3,sm_89,COMM_ONLY,NCCL,C0_DEFAULT,2048,8192,2048,16,12,1048576,27,0,1120.736,0.000,0.000,0.000,PASS,0
mh_comm_C0_DEFAULT_N8192_q16_rep3,3,4,3,sm_89,COMM_ONLY,NCCL,C0_DEFAULT,2048,8192,2048,16,13,1048576,27,0,1190.272,0.000,0.000,0.000,PASS,0
mh_comm_C0_DEFAULT_N8192_q16_rep3,3,4,3,sm_89,COMM_ONLY,NCCL,C0_DEFAULT,2048,8192,2048,16,14,1048576,27,0,1259.616,0.000,0.000,0.000,PASS,0
mh_comm_C0_DEFAULT_N8192_q16_rep3,3,4,3,sm_89,COMM_ONLY,NCCL,C0_DEFAULT,2048,8192,2048,16,15,1048576,27,0,1328.704,0.000,0.000,0.000,PASS,0
mh_comm_C0_DEFAULT_N8192_q16_rep3,3,4,3,sm_89,COMM_ONLY,NCCL,C0_DEFAULT,2048,8192,2048,16,0,1048576,28,0,204.128,0.000,0.000,0.000,PASS,0
mh_comm_C0_DEFAULT_N8192_q16_rep3,3,4,3,sm_89,COMM_ONLY,NCCL,C0_DEFAULT,2048,8192,2048,16,1,1048576,28,0,285.696,0.000,0.000,0.000,PASS,0
mh_comm_C0_DEFAULT_N8192_q16_rep3,3,4,3,sm_89,COMM_ONLY,NCCL,C0_DEFAULT,2048,8192,2048,16,2,1048576,28,0,353.440,0.000,0.000,0.000,PASS,0
mh_comm_C0_DEFAULT_N8192_q16_rep3,3,4,3,sm_89,COMM_ONLY,NCCL,C0_DEFAULT,2048,8192,2048,16,3,1048576,28,0,425.248,0.000,0.000,0.000,PASS,0
mh_comm_C0_DEFAULT_N8192_q16_rep3,3,4,3,sm_89,COMM_ONLY,NCCL,C0_DEFAULT,2048,8192,2048,16,4,1048576,28,0,493.472,0.000,0.000,0.000,PASS,0
mh_comm_C0_DEFAULT_N8192_q16_rep3,3,4,3,sm_89,COMM_ONLY,NCCL,C0_DEFAULT,2048,8192,2048,16,5,1048576,28,0,562.880,0.000,0.000,0.000,PASS,0
mh_comm_C0_DEFAULT_N8192_q16_rep3,3,4,3,sm_89,COMM_ONLY,NCCL,C0_DEFAULT,2048,8192,2048,16,6,1048576,28,0,634.336,0.000,0.000,0.000,PASS,0
mh_comm_C0_DEFAULT_N8192_q16_rep3,3,4,3,sm_89,COMM_ONLY,NCCL,C0_DEFAULT,2048,8192,2048,16,7,1048576,28,0,704.608,0.000,0.000,0.000,PASS,0
mh_comm_C0_DEFAULT_N8192_q16_rep3,3,4,3,sm_89,COMM_ONLY,NCCL,C0_DEFAULT,2048,8192,2048,16,8,1048576,28,0,774.848,0.000,0.000,0.000,PASS,0
mh_comm_C0_DEFAULT_N8192_q16_rep3,3,4,3,sm_89,COMM_ONLY,NCCL,C0_DEFAULT,2048,8192,2048,16,9,1048576,28,0,844.896,0.000,0.000,0.000,PASS,0
mh_comm_C0_DEFAULT_N8192_q16_rep3,3,4,3,sm_89,COMM_ONLY,NCCL,C0_DEFAULT,2048,8192,2048,16,10,1048576,28,0,914.688,0.000,0.000,0.000,PASS,0
mh_comm_C0_DEFAULT_N8192_q16_rep3,3,4,3,sm_89,COMM_ONLY,NCCL,C0_DEFAULT,2048,8192,2048,16,11,1048576,28,0,988.192,0.000,0.000,0.000,PASS,0
mh_comm_C0_DEFAULT_N8192_q16_rep3,3,4,3,sm_89,COMM_ONLY,NCCL,C0_DEFAULT,2048,8192,2048,16,12,1048576,28,0,1057.184,0.000,0.000,0.000,PASS,0
mh_comm_C0_DEFAULT_N8192_q16_rep3,3,4,3,sm_89,COMM_ONLY,NCCL,C0_DEFAULT,2048,8192,2048,16,13,1048576,28,0,1126.912,0.000,0.000,0.000,PASS,0
mh_comm_C0_DEFAULT_N8192_q16_rep3,3,4,3,sm_89,COMM_ONLY,NCCL,C0_DEFAULT,2048,8192,2048,16,14,1048576,28,0,1195.680,0.000,0.000,0.000,PASS,0
mh_comm_C0_DEFAULT_N8192_q16_rep3,3,4,3,sm_89,COMM_ONLY,NCCL,C0_DEFAULT,2048,8192,2048,16,15,1048576,28,0,1264.064,0.000,0.000,0.000,PASS,0
mh_comm_C0_DEFAULT_N8192_q16_rep3,3,4,3,sm_89,COMM_ONLY,NCCL,C0_DEFAULT,2048,8192,2048,16,0,1048576,29,0,213.120,0.000,0.000,0.000,PASS,0
mh_comm_C0_DEFAULT_N8192_q16_rep3,3,4,3,sm_89,COMM_ONLY,NCCL,C0_DEFAULT,2048,8192,2048,16,1,1048576,29,0,280.768,0.000,0.000,0.000,PASS,0
mh_comm_C0_DEFAULT_N8192_q16_rep3,3,4,3,sm_89,COMM_ONLY,NCCL,C0_DEFAULT,2048,8192,2048,16,2,1048576,29,0,349.408,0.000,0.000,0.000,PASS,0
mh_comm_C0_DEFAULT_N8192_q16_rep3,3,4,3,sm_89,COMM_ONLY,NCCL,C0_DEFAULT,2048,8192,2048,16,3,1048576,29,0,420.288,0.000,0.000,0.000,PASS,0
mh_comm_C0_DEFAULT_N8192_q16_rep3,3,4,3,sm_89,COMM_ONLY,NCCL,C0_DEFAULT,2048,8192,2048,16,4,1048576,29,0,489.120,0.000,0.000,0.000,PASS,0
mh_comm_C0_DEFAULT_N8192_q16_rep3,3,4,3,sm_89,COMM_ONLY,NCCL,C0_DEFAULT,2048,8192,2048,16,5,1048576,29,0,559.040,0.000,0.000,0.000,PASS,0
mh_comm_C0_DEFAULT_N8192_q16_rep3,3,4,3,sm_89,COMM_ONLY,NCCL,C0_DEFAULT,2048,8192,2048,16,6,1048576,29,0,631.040,0.000,0.000,0.000,PASS,0
mh_comm_C0_DEFAULT_N8192_q16_rep3,3,4,3,sm_89,COMM_ONLY,NCCL,C0_DEFAULT,2048,8192,2048,16,7,1048576,29,0,700.576,0.000,0.000,0.000,PASS,0
mh_comm_C0_DEFAULT_N8192_q16_rep3,3,4,3,sm_89,COMM_ONLY,NCCL,C0_DEFAULT,2048,8192,2048,16,8,1048576,29,0,784.288,0.000,0.000,0.000,PASS,0
mh_comm_C0_DEFAULT_N8192_q16_rep3,3,4,3,sm_89,COMM_ONLY,NCCL,C0_DEFAULT,2048,8192,2048,16,9,1048576,29,0,857.056,0.000,0.000,0.000,PASS,0
mh_comm_C0_DEFAULT_N8192_q16_rep3,3,4,3,sm_89,COMM_ONLY,NCCL,C0_DEFAULT,2048,8192,2048,16,10,1048576,29,0,925.216,0.000,0.000,0.000,PASS,0
mh_comm_C0_DEFAULT_N8192_q16_rep3,3,4,3,sm_89,COMM_ONLY,NCCL,C0_DEFAULT,2048,8192,2048,16,11,1048576,29,0,995.520,0.000,0.000,0.000,PASS,0
mh_comm_C0_DEFAULT_N8192_q16_rep3,3,4,3,sm_89,COMM_ONLY,NCCL,C0_DEFAULT,2048,8192,2048,16,12,1048576,29,0,1065.792,0.000,0.000,0.000,PASS,0
mh_comm_C0_DEFAULT_N8192_q16_rep3,3,4,3,sm_89,COMM_ONLY,NCCL,C0_DEFAULT,2048,8192,2048,16,13,1048576,29,0,1156.512,0.000,0.000,0.000,PASS,0
mh_comm_C0_DEFAULT_N8192_q16_rep3,3,4,3,sm_89,COMM_ONLY,NCCL,C0_DEFAULT,2048,8192,2048,16,14,1048576,29,0,1225.888,0.000,0.000,0.000,PASS,0
mh_comm_C0_DEFAULT_N8192_q16_rep3,3,4,3,sm_89,COMM_ONLY,NCCL,C0_DEFAULT,2048,8192,2048,16,15,1048576,29,0,1308.704,0.000,0.000,0.000,PASS,0
mh_comm_C0_DEFAULT_N8192_q16_rep3,3,4,3,sm_89,COMM_ONLY,NCCL,C0_DEFAULT,2048,8192,2048,16,0,1048576,30,0,221.408,0.000,0.000,0.000,PASS,0
mh_comm_C0_DEFAULT_N8192_q16_rep3,3,4,3,sm_89,COMM_ONLY,NCCL,C0_DEFAULT,2048,8192,2048,16,1,1048576,30,0,301.632,0.000,0.000,0.000,PASS,0
mh_comm_C0_DEFAULT_N8192_q16_rep3,3,4,3,sm_89,COMM_ONLY,NCCL,C0_DEFAULT,2048,8192,2048,16,2,1048576,30,0,370.656,0.000,0.000,0.000,PASS,0
mh_comm_C0_DEFAULT_N8192_q16_rep3,3,4,3,sm_89,COMM_ONLY,NCCL,C0_DEFAULT,2048,8192,2048,16,3,1048576,30,0,442.144,0.000,0.000,0.000,PASS,0
mh_comm_C0_DEFAULT_N8192_q16_rep3,3,4,3,sm_89,COMM_ONLY,NCCL,C0_DEFAULT,2048,8192,2048,16,4,1048576,30,0,519.456,0.000,0.000,0.000,PASS,0
mh_comm_C0_DEFAULT_N8192_q16_rep3,3,4,3,sm_89,COMM_ONLY,NCCL,C0_DEFAULT,2048,8192,2048,16,5,1048576,30,0,590.432,0.000,0.000,0.000,PASS,0
mh_comm_C0_DEFAULT_N8192_q16_rep3,3,4,3,sm_89,COMM_ONLY,NCCL,C0_DEFAULT,2048,8192,2048,16,6,1048576,30,0,658.912,0.000,0.000,0.000,PASS,0
mh_comm_C0_DEFAULT_N8192_q16_rep3,3,4,3,sm_89,COMM_ONLY,NCCL,C0_DEFAULT,2048,8192,2048,16,7,1048576,30,0,729.664,0.000,0.000,0.000,PASS,0
mh_comm_C0_DEFAULT_N8192_q16_rep3,3,4,3,sm_89,COMM_ONLY,NCCL,C0_DEFAULT,2048,8192,2048,16,8,1048576,30,0,801.824,0.000,0.000,0.000,PASS,0
mh_comm_C0_DEFAULT_N8192_q16_rep3,3,4,3,sm_89,COMM_ONLY,NCCL,C0_DEFAULT,2048,8192,2048,16,9,1048576,30,0,880.512,0.000,0.000,0.000,PASS,0
mh_comm_C0_DEFAULT_N8192_q16_rep3,3,4,3,sm_89,COMM_ONLY,NCCL,C0_DEFAULT,2048,8192,2048,16,10,1048576,30,0,963.552,0.000,0.000,0.000,PASS,0
mh_comm_C0_DEFAULT_N8192_q16_rep3,3,4,3,sm_89,COMM_ONLY,NCCL,C0_DEFAULT,2048,8192,2048,16,11,1048576,30,0,1034.432,0.000,0.000,0.000,PASS,0
mh_comm_C0_DEFAULT_N8192_q16_rep3,3,4,3,sm_89,COMM_ONLY,NCCL,C0_DEFAULT,2048,8192,2048,16,12,1048576,30,0,1106.336,0.000,0.000,0.000,PASS,0
mh_comm_C0_DEFAULT_N8192_q16_rep3,3,4,3,sm_89,COMM_ONLY,NCCL,C0_DEFAULT,2048,8192,2048,16,13,1048576,30,0,1177.216,0.000,0.000,0.000,PASS,0
mh_comm_C0_DEFAULT_N8192_q16_rep3,3,4,3,sm_89,COMM_ONLY,NCCL,C0_DEFAULT,2048,8192,2048,16,14,1048576,30,0,1259.040,0.000,0.000,0.000,PASS,0
mh_comm_C0_DEFAULT_N8192_q16_rep3,3,4,3,sm_89,COMM_ONLY,NCCL,C0_DEFAULT,2048,8192,2048,16,15,1048576,30,0,1328.672,0.000,0.000,0.000,PASS,0
mh_comm_C0_DEFAULT_N8192_q16_rep3,3,4,3,sm_89,COMM_ONLY,NCCL,C0_DEFAULT,2048,8192,2048,16,0,1048576,31,0,202.432,0.000,0.000,0.000,PASS,0
mh_comm_C0_DEFAULT_N8192_q16_rep3,3,4,3,sm_89,COMM_ONLY,NCCL,C0_DEFAULT,2048,8192,2048,16,1,1048576,31,0,272.288,0.000,0.000,0.000,PASS,0
mh_comm_C0_DEFAULT_N8192_q16_rep3,3,4,3,sm_89,COMM_ONLY,NCCL,C0_DEFAULT,2048,8192,2048,16,2,1048576,31,0,353.120,0.000,0.000,0.000,PASS,0
mh_comm_C0_DEFAULT_N8192_q16_rep3,3,4,3,sm_89,COMM_ONLY,NCCL,C0_DEFAULT,2048,8192,2048,16,3,1048576,31,0,431.584,0.000,0.000,0.000,PASS,0
mh_comm_C0_DEFAULT_N8192_q16_rep3,3,4,3,sm_89,COMM_ONLY,NCCL,C0_DEFAULT,2048,8192,2048,16,4,1048576,31,0,503.040,0.000,0.000,0.000,PASS,0
mh_comm_C0_DEFAULT_N8192_q16_rep3,3,4,3,sm_89,COMM_ONLY,NCCL,C0_DEFAULT,2048,8192,2048,16,5,1048576,31,0,583.296,0.000,0.000,0.000,PASS,0
mh_comm_C0_DEFAULT_N8192_q16_rep3,3,4,3,sm_89,COMM_ONLY,NCCL,C0_DEFAULT,2048,8192,2048,16,6,1048576,31,0,655.200,0.000,0.000,0.000,PASS,0
mh_comm_C0_DEFAULT_N8192_q16_rep3,3,4,3,sm_89,COMM_ONLY,NCCL,C0_DEFAULT,2048,8192,2048,16,7,1048576,31,0,725.536,0.000,0.000,0.000,PASS,0
mh_comm_C0_DEFAULT_N8192_q16_rep3,3,4,3,sm_89,COMM_ONLY,NCCL,C0_DEFAULT,2048,8192,2048,16,8,1048576,31,0,796.480,0.000,0.000,0.000,PASS,0
mh_comm_C0_DEFAULT_N8192_q16_rep3,3,4,3,sm_89,COMM_ONLY,NCCL,C0_DEFAULT,2048,8192,2048,16,9,1048576,31,0,865.568,0.000,0.000,0.000,PASS,0
mh_comm_C0_DEFAULT_N8192_q16_rep3,3,4,3,sm_89,COMM_ONLY,NCCL,C0_DEFAULT,2048,8192,2048,16,10,1048576,31,0,934.080,0.000,0.000,0.000,PASS,0
mh_comm_C0_DEFAULT_N8192_q16_rep3,3,4,3,sm_89,COMM_ONLY,NCCL,C0_DEFAULT,2048,8192,2048,16,11,1048576,31,0,1003.424,0.000,0.000,0.000,PASS,0
mh_comm_C0_DEFAULT_N8192_q16_rep3,3,4,3,sm_89,COMM_ONLY,NCCL,C0_DEFAULT,2048,8192,2048,16,12,1048576,31,0,1076.288,0.000,0.000,0.000,PASS,0
mh_comm_C0_DEFAULT_N8192_q16_rep3,3,4,3,sm_89,COMM_ONLY,NCCL,C0_DEFAULT,2048,8192,2048,16,13,1048576,31,0,1146.304,0.000,0.000,0.000,PASS,0
mh_comm_C0_DEFAULT_N8192_q16_rep3,3,4,3,sm_89,COMM_ONLY,NCCL,C0_DEFAULT,2048,8192,2048,16,14,1048576,31,0,1215.520,0.000,0.000,0.000,PASS,0
mh_comm_C0_DEFAULT_N8192_q16_rep3,3,4,3,sm_89,COMM_ONLY,NCCL,C0_DEFAULT,2048,8192,2048,16,15,1048576,31,0,1286.080,0.000,0.000,0.000,PASS,0
mh_comm_C0_DEFAULT_N8192_q16_rep3,3,4,3,sm_89,COMM_ONLY,NCCL,C0_DEFAULT,2048,8192,2048,16,0,1048576,32,0,203.360,0.000,0.000,0.000,PASS,0
mh_comm_C0_DEFAULT_N8192_q16_rep3,3,4,3,sm_89,COMM_ONLY,NCCL,C0_DEFAULT,2048,8192,2048,16,1,1048576,32,0,272.672,0.000,0.000,0.000,PASS,0
mh_comm_C0_DEFAULT_N8192_q16_rep3,3,4,3,sm_89,COMM_ONLY,NCCL,C0_DEFAULT,2048,8192,2048,16,2,1048576,32,0,344.384,0.000,0.000,0.000,PASS,0
mh_comm_C0_DEFAULT_N8192_q16_rep3,3,4,3,sm_89,COMM_ONLY,NCCL,C0_DEFAULT,2048,8192,2048,16,3,1048576,32,0,427.584,0.000,0.000,0.000,PASS,0
mh_comm_C0_DEFAULT_N8192_q16_rep3,3,4,3,sm_89,COMM_ONLY,NCCL,C0_DEFAULT,2048,8192,2048,16,4,1048576,32,0,497.120,0.000,0.000,0.000,PASS,0
mh_comm_C0_DEFAULT_N8192_q16_rep3,3,4,3,sm_89,COMM_ONLY,NCCL,C0_DEFAULT,2048,8192,2048,16,5,1048576,32,0,579.680,0.000,0.000,0.000,PASS,0
mh_comm_C0_DEFAULT_N8192_q16_rep3,3,4,3,sm_89,COMM_ONLY,NCCL,C0_DEFAULT,2048,8192,2048,16,6,1048576,32,0,648.512,0.000,0.000,0.000,PASS,0
mh_comm_C0_DEFAULT_N8192_q16_rep3,3,4,3,sm_89,COMM_ONLY,NCCL,C0_DEFAULT,2048,8192,2048,16,7,1048576,32,0,717.440,0.000,0.000,0.000,PASS,0
mh_comm_C0_DEFAULT_N8192_q16_rep3,3,4,3,sm_89,COMM_ONLY,NCCL,C0_DEFAULT,2048,8192,2048,16,8,1048576,32,0,786.944,0.000,0.000,0.000,PASS,0
mh_comm_C0_DEFAULT_N8192_q16_rep3,3,4,3,sm_89,COMM_ONLY,NCCL,C0_DEFAULT,2048,8192,2048,16,9,1048576,32,0,868.992,0.000,0.000,0.000,PASS,0
mh_comm_C0_DEFAULT_N8192_q16_rep3,3,4,3,sm_89,COMM_ONLY,NCCL,C0_DEFAULT,2048,8192,2048,16,10,1048576,32,0,948.928,0.000,0.000,0.000,PASS,0
mh_comm_C0_DEFAULT_N8192_q16_rep3,3,4,3,sm_89,COMM_ONLY,NCCL,C0_DEFAULT,2048,8192,2048,16,11,1048576,32,0,1019.712,0.000,0.000,0.000,PASS,0
mh_comm_C0_DEFAULT_N8192_q16_rep3,3,4,3,sm_89,COMM_ONLY,NCCL,C0_DEFAULT,2048,8192,2048,16,12,1048576,32,0,1089.344,0.000,0.000,0.000,PASS,0
mh_comm_C0_DEFAULT_N8192_q16_rep3,3,4,3,sm_89,COMM_ONLY,NCCL,C0_DEFAULT,2048,8192,2048,16,13,1048576,32,0,1160.672,0.000,0.000,0.000,PASS,0
mh_comm_C0_DEFAULT_N8192_q16_rep3,3,4,3,sm_89,COMM_ONLY,NCCL,C0_DEFAULT,2048,8192,2048,16,14,1048576,32,0,1229.216,0.000,0.000,0.000,PASS,0
mh_comm_C0_DEFAULT_N8192_q16_rep3,3,4,3,sm_89,COMM_ONLY,NCCL,C0_DEFAULT,2048,8192,2048,16,15,1048576,32,0,1300.000,0.000,0.000,0.000,PASS,0
mh_comm_C0_DEFAULT_N8192_q16_rep3,3,4,3,sm_89,COMM_ONLY,NCCL,C0_DEFAULT,2048,8192,2048,16,0,1048576,33,0,203.296,0.000,0.000,0.000,PASS,0
mh_comm_C0_DEFAULT_N8192_q16_rep3,3,4,3,sm_89,COMM_ONLY,NCCL,C0_DEFAULT,2048,8192,2048,16,1,1048576,33,0,285.376,0.000,0.000,0.000,PASS,0
mh_comm_C0_DEFAULT_N8192_q16_rep3,3,4,3,sm_89,COMM_ONLY,NCCL,C0_DEFAULT,2048,8192,2048,16,2,1048576,33,0,353.984,0.000,0.000,0.000,PASS,0
mh_comm_C0_DEFAULT_N8192_q16_rep3,3,4,3,sm_89,COMM_ONLY,NCCL,C0_DEFAULT,2048,8192,2048,16,3,1048576,33,0,428.928,0.000,0.000,0.000,PASS,0
mh_comm_C0_DEFAULT_N8192_q16_rep3,3,4,3,sm_89,COMM_ONLY,NCCL,C0_DEFAULT,2048,8192,2048,16,4,1048576,33,0,510.464,0.000,0.000,0.000,PASS,0
mh_comm_C0_DEFAULT_N8192_q16_rep3,3,4,3,sm_89,COMM_ONLY,NCCL,C0_DEFAULT,2048,8192,2048,16,5,1048576,33,0,580.288,0.000,0.000,0.000,PASS,0
mh_comm_C0_DEFAULT_N8192_q16_rep3,3,4,3,sm_89,COMM_ONLY,NCCL,C0_DEFAULT,2048,8192,2048,16,6,1048576,33,0,649.504,0.000,0.000,0.000,PASS,0
mh_comm_C0_DEFAULT_N8192_q16_rep3,3,4,3,sm_89,COMM_ONLY,NCCL,C0_DEFAULT,2048,8192,2048,16,7,1048576,33,0,718.848,0.000,0.000,0.000,PASS,0
mh_comm_C0_DEFAULT_N8192_q16_rep3,3,4,3,sm_89,COMM_ONLY,NCCL,C0_DEFAULT,2048,8192,2048,16,8,1048576,33,0,794.016,0.000,0.000,0.000,PASS,0
mh_comm_C0_DEFAULT_N8192_q16_rep3,3,4,3,sm_89,COMM_ONLY,NCCL,C0_DEFAULT,2048,8192,2048,16,9,1048576,33,0,863.200,0.000,0.000,0.000,PASS,0
mh_comm_C0_DEFAULT_N8192_q16_rep3,3,4,3,sm_89,COMM_ONLY,NCCL,C0_DEFAULT,2048,8192,2048,16,10,1048576,33,0,941.920,0.000,0.000,0.000,PASS,0
mh_comm_C0_DEFAULT_N8192_q16_rep3,3,4,3,sm_89,COMM_ONLY,NCCL,C0_DEFAULT,2048,8192,2048,16,11,1048576,33,0,1018.944,0.000,0.000,0.000,PASS,0
mh_comm_C0_DEFAULT_N8192_q16_rep3,3,4,3,sm_89,COMM_ONLY,NCCL,C0_DEFAULT,2048,8192,2048,16,12,1048576,33,0,1112.032,0.000,0.000,0.000,PASS,0
mh_comm_C0_DEFAULT_N8192_q16_rep3,3,4,3,sm_89,COMM_ONLY,NCCL,C0_DEFAULT,2048,8192,2048,16,13,1048576,33,0,1188.416,0.000,0.000,0.000,PASS,0
mh_comm_C0_DEFAULT_N8192_q16_rep3,3,4,3,sm_89,COMM_ONLY,NCCL,C0_DEFAULT,2048,8192,2048,16,14,1048576,33,0,1260.544,0.000,0.000,0.000,PASS,0
mh_comm_C0_DEFAULT_N8192_q16_rep3,3,4,3,sm_89,COMM_ONLY,NCCL,C0_DEFAULT,2048,8192,2048,16,15,1048576,33,0,1329.504,0.000,0.000,0.000,PASS,0
mh_comm_C0_DEFAULT_N8192_q16_rep3,3,4,3,sm_89,COMM_ONLY,NCCL,C0_DEFAULT,2048,8192,2048,16,0,1048576,34,0,202.080,0.000,0.000,0.000,PASS,0
mh_comm_C0_DEFAULT_N8192_q16_rep3,3,4,3,sm_89,COMM_ONLY,NCCL,C0_DEFAULT,2048,8192,2048,16,1,1048576,34,0,274.528,0.000,0.000,0.000,PASS,0
mh_comm_C0_DEFAULT_N8192_q16_rep3,3,4,3,sm_89,COMM_ONLY,NCCL,C0_DEFAULT,2048,8192,2048,16,2,1048576,34,0,346.304,0.000,0.000,0.000,PASS,0
mh_comm_C0_DEFAULT_N8192_q16_rep3,3,4,3,sm_89,COMM_ONLY,NCCL,C0_DEFAULT,2048,8192,2048,16,3,1048576,34,0,416.448,0.000,0.000,0.000,PASS,0
mh_comm_C0_DEFAULT_N8192_q16_rep3,3,4,3,sm_89,COMM_ONLY,NCCL,C0_DEFAULT,2048,8192,2048,16,4,1048576,34,0,485.280,0.000,0.000,0.000,PASS,0
mh_comm_C0_DEFAULT_N8192_q16_rep3,3,4,3,sm_89,COMM_ONLY,NCCL,C0_DEFAULT,2048,8192,2048,16,5,1048576,34,0,554.848,0.000,0.000,0.000,PASS,0
mh_comm_C0_DEFAULT_N8192_q16_rep3,3,4,3,sm_89,COMM_ONLY,NCCL,C0_DEFAULT,2048,8192,2048,16,6,1048576,34,0,624.576,0.000,0.000,0.000,PASS,0
mh_comm_C0_DEFAULT_N8192_q16_rep3,3,4,3,sm_89,COMM_ONLY,NCCL,C0_DEFAULT,2048,8192,2048,16,7,1048576,34,0,694.144,0.000,0.000,0.000,PASS,0
mh_comm_C0_DEFAULT_N8192_q16_rep3,3,4,3,sm_89,COMM_ONLY,NCCL,C0_DEFAULT,2048,8192,2048,16,8,1048576,34,0,763.424,0.000,0.000,0.000,PASS,0
mh_comm_C0_DEFAULT_N8192_q16_rep3,3,4,3,sm_89,COMM_ONLY,NCCL,C0_DEFAULT,2048,8192,2048,16,9,1048576,34,0,832.064,0.000,0.000,0.000,PASS,0
mh_comm_C0_DEFAULT_N8192_q16_rep3,3,4,3,sm_89,COMM_ONLY,NCCL,C0_DEFAULT,2048,8192,2048,16,10,1048576,34,0,914.080,0.000,0.000,0.000,PASS,0
mh_comm_C0_DEFAULT_N8192_q16_rep3,3,4,3,sm_89,COMM_ONLY,NCCL,C0_DEFAULT,2048,8192,2048,16,11,1048576,34,0,984.832,0.000,0.000,0.000,PASS,0
mh_comm_C0_DEFAULT_N8192_q16_rep3,3,4,3,sm_89,COMM_ONLY,NCCL,C0_DEFAULT,2048,8192,2048,16,12,1048576,34,0,1053.280,0.000,0.000,0.000,PASS,0
mh_comm_C0_DEFAULT_N8192_q16_rep3,3,4,3,sm_89,COMM_ONLY,NCCL,C0_DEFAULT,2048,8192,2048,16,13,1048576,34,0,1134.688,0.000,0.000,0.000,PASS,0
mh_comm_C0_DEFAULT_N8192_q16_rep3,3,4,3,sm_89,COMM_ONLY,NCCL,C0_DEFAULT,2048,8192,2048,16,14,1048576,34,0,1214.912,0.000,0.000,0.000,PASS,0
mh_comm_C0_DEFAULT_N8192_q16_rep3,3,4,3,sm_89,COMM_ONLY,NCCL,C0_DEFAULT,2048,8192,2048,16,15,1048576,34,0,1293.120,0.000,0.000,0.000,PASS,0
mh_comm_C0_DEFAULT_N8192_q16_rep3,3,4,3,sm_89,COMM_ONLY,NCCL,C0_DEFAULT,2048,8192,2048,16,0,1048576,35,0,200.352,0.000,0.000,0.000,PASS,0
mh_comm_C0_DEFAULT_N8192_q16_rep3,3,4,3,sm_89,COMM_ONLY,NCCL,C0_DEFAULT,2048,8192,2048,16,1,1048576,35,0,282.720,0.000,0.000,0.000,PASS,0
mh_comm_C0_DEFAULT_N8192_q16_rep3,3,4,3,sm_89,COMM_ONLY,NCCL,C0_DEFAULT,2048,8192,2048,16,2,1048576,35,0,366.016,0.000,0.000,0.000,PASS,0
mh_comm_C0_DEFAULT_N8192_q16_rep3,3,4,3,sm_89,COMM_ONLY,NCCL,C0_DEFAULT,2048,8192,2048,16,3,1048576,35,0,434.432,0.000,0.000,0.000,PASS,0
mh_comm_C0_DEFAULT_N8192_q16_rep3,3,4,3,sm_89,COMM_ONLY,NCCL,C0_DEFAULT,2048,8192,2048,16,4,1048576,35,0,503.584,0.000,0.000,0.000,PASS,0
mh_comm_C0_DEFAULT_N8192_q16_rep3,3,4,3,sm_89,COMM_ONLY,NCCL,C0_DEFAULT,2048,8192,2048,16,5,1048576,35,0,572.256,0.000,0.000,0.000,PASS,0
mh_comm_C0_DEFAULT_N8192_q16_rep3,3,4,3,sm_89,COMM_ONLY,NCCL,C0_DEFAULT,2048,8192,2048,16,6,1048576,35,0,640.832,0.000,0.000,0.000,PASS,0
mh_comm_C0_DEFAULT_N8192_q16_rep3,3,4,3,sm_89,COMM_ONLY,NCCL,C0_DEFAULT,2048,8192,2048,16,7,1048576,35,0,709.632,0.000,0.000,0.000,PASS,0
mh_comm_C0_DEFAULT_N8192_q16_rep3,3,4,3,sm_89,COMM_ONLY,NCCL,C0_DEFAULT,2048,8192,2048,16,8,1048576,35,0,780.832,0.000,0.000,0.000,PASS,0
mh_comm_C0_DEFAULT_N8192_q16_rep3,3,4,3,sm_89,COMM_ONLY,NCCL,C0_DEFAULT,2048,8192,2048,16,9,1048576,35,0,859.392,0.000,0.000,0.000,PASS,0
mh_comm_C0_DEFAULT_N8192_q16_rep3,3,4,3,sm_89,COMM_ONLY,NCCL,C0_DEFAULT,2048,8192,2048,16,10,1048576,35,0,932.832,0.000,0.000,0.000,PASS,0
mh_comm_C0_DEFAULT_N8192_q16_rep3,3,4,3,sm_89,COMM_ONLY,NCCL,C0_DEFAULT,2048,8192,2048,16,11,1048576,35,0,1015.936,0.000,0.000,0.000,PASS,0
mh_comm_C0_DEFAULT_N8192_q16_rep3,3,4,3,sm_89,COMM_ONLY,NCCL,C0_DEFAULT,2048,8192,2048,16,12,1048576,35,0,1084.672,0.000,0.000,0.000,PASS,0
mh_comm_C0_DEFAULT_N8192_q16_rep3,3,4,3,sm_89,COMM_ONLY,NCCL,C0_DEFAULT,2048,8192,2048,16,13,1048576,35,0,1156.000,0.000,0.000,0.000,PASS,0
mh_comm_C0_DEFAULT_N8192_q16_rep3,3,4,3,sm_89,COMM_ONLY,NCCL,C0_DEFAULT,2048,8192,2048,16,14,1048576,35,0,1226.048,0.000,0.000,0.000,PASS,0
mh_comm_C0_DEFAULT_N8192_q16_rep3,3,4,3,sm_89,COMM_ONLY,NCCL,C0_DEFAULT,2048,8192,2048,16,15,1048576,35,0,1295.360,0.000,0.000,0.000,PASS,0
mh_comm_C0_DEFAULT_N8192_q16_rep3,3,4,3,sm_89,COMM_ONLY,NCCL,C0_DEFAULT,2048,8192,2048,16,0,1048576,36,0,202.240,0.000,0.000,0.000,PASS,0
mh_comm_C0_DEFAULT_N8192_q16_rep3,3,4,3,sm_89,COMM_ONLY,NCCL,C0_DEFAULT,2048,8192,2048,16,1,1048576,36,0,270.976,0.000,0.000,0.000,PASS,0
mh_comm_C0_DEFAULT_N8192_q16_rep3,3,4,3,sm_89,COMM_ONLY,NCCL,C0_DEFAULT,2048,8192,2048,16,2,1048576,36,0,340.128,0.000,0.000,0.000,PASS,0
mh_comm_C0_DEFAULT_N8192_q16_rep3,3,4,3,sm_89,COMM_ONLY,NCCL,C0_DEFAULT,2048,8192,2048,16,3,1048576,36,0,411.520,0.000,0.000,0.000,PASS,0
mh_comm_C0_DEFAULT_N8192_q16_rep3,3,4,3,sm_89,COMM_ONLY,NCCL,C0_DEFAULT,2048,8192,2048,16,4,1048576,36,0,479.648,0.000,0.000,0.000,PASS,0
mh_comm_C0_DEFAULT_N8192_q16_rep3,3,4,3,sm_89,COMM_ONLY,NCCL,C0_DEFAULT,2048,8192,2048,16,5,1048576,36,0,549.120,0.000,0.000,0.000,PASS,0
mh_comm_C0_DEFAULT_N8192_q16_rep3,3,4,3,sm_89,COMM_ONLY,NCCL,C0_DEFAULT,2048,8192,2048,16,6,1048576,36,0,617.568,0.000,0.000,0.000,PASS,0
mh_comm_C0_DEFAULT_N8192_q16_rep3,3,4,3,sm_89,COMM_ONLY,NCCL,C0_DEFAULT,2048,8192,2048,16,7,1048576,36,0,687.392,0.000,0.000,0.000,PASS,0
mh_comm_C0_DEFAULT_N8192_q16_rep3,3,4,3,sm_89,COMM_ONLY,NCCL,C0_DEFAULT,2048,8192,2048,16,8,1048576,36,0,768.640,0.000,0.000,0.000,PASS,0
mh_comm_C0_DEFAULT_N8192_q16_rep3,3,4,3,sm_89,COMM_ONLY,NCCL,C0_DEFAULT,2048,8192,2048,16,9,1048576,36,0,840.992,0.000,0.000,0.000,PASS,0
mh_comm_C0_DEFAULT_N8192_q16_rep3,3,4,3,sm_89,COMM_ONLY,NCCL,C0_DEFAULT,2048,8192,2048,16,10,1048576,36,0,909.568,0.000,0.000,0.000,PASS,0
mh_comm_C0_DEFAULT_N8192_q16_rep3,3,4,3,sm_89,COMM_ONLY,NCCL,C0_DEFAULT,2048,8192,2048,16,11,1048576,36,0,979.136,0.000,0.000,0.000,PASS,0
mh_comm_C0_DEFAULT_N8192_q16_rep3,3,4,3,sm_89,COMM_ONLY,NCCL,C0_DEFAULT,2048,8192,2048,16,12,1048576,36,0,1049.088,0.000,0.000,0.000,PASS,0
mh_comm_C0_DEFAULT_N8192_q16_rep3,3,4,3,sm_89,COMM_ONLY,NCCL,C0_DEFAULT,2048,8192,2048,16,13,1048576,36,0,1118.752,0.000,0.000,0.000,PASS,0
mh_comm_C0_DEFAULT_N8192_q16_rep3,3,4,3,sm_89,COMM_ONLY,NCCL,C0_DEFAULT,2048,8192,2048,16,14,1048576,36,0,1186.720,0.000,0.000,0.000,PASS,0
mh_comm_C0_DEFAULT_N8192_q16_rep3,3,4,3,sm_89,COMM_ONLY,NCCL,C0_DEFAULT,2048,8192,2048,16,15,1048576,36,0,1257.664,0.000,0.000,0.000,PASS,0
mh_comm_C0_DEFAULT_N8192_q16_rep3,3,4,3,sm_89,COMM_ONLY,NCCL,C0_DEFAULT,2048,8192,2048,16,0,1048576,37,0,199.872,0.000,0.000,0.000,PASS,0
mh_comm_C0_DEFAULT_N8192_q16_rep3,3,4,3,sm_89,COMM_ONLY,NCCL,C0_DEFAULT,2048,8192,2048,16,1,1048576,37,0,268.608,0.000,0.000,0.000,PASS,0
mh_comm_C0_DEFAULT_N8192_q16_rep3,3,4,3,sm_89,COMM_ONLY,NCCL,C0_DEFAULT,2048,8192,2048,16,2,1048576,37,0,336.544,0.000,0.000,0.000,PASS,0
mh_comm_C0_DEFAULT_N8192_q16_rep3,3,4,3,sm_89,COMM_ONLY,NCCL,C0_DEFAULT,2048,8192,2048,16,3,1048576,37,0,407.552,0.000,0.000,0.000,PASS,0
mh_comm_C0_DEFAULT_N8192_q16_rep3,3,4,3,sm_89,COMM_ONLY,NCCL,C0_DEFAULT,2048,8192,2048,16,4,1048576,37,0,476.800,0.000,0.000,0.000,PASS,0
mh_comm_C0_DEFAULT_N8192_q16_rep3,3,4,3,sm_89,COMM_ONLY,NCCL,C0_DEFAULT,2048,8192,2048,16,5,1048576,37,0,545.920,0.000,0.000,0.000,PASS,0
mh_comm_C0_DEFAULT_N8192_q16_rep3,3,4,3,sm_89,COMM_ONLY,NCCL,C0_DEFAULT,2048,8192,2048,16,6,1048576,37,0,614.144,0.000,0.000,0.000,PASS,0
mh_comm_C0_DEFAULT_N8192_q16_rep3,3,4,3,sm_89,COMM_ONLY,NCCL,C0_DEFAULT,2048,8192,2048,16,7,1048576,37,0,683.840,0.000,0.000,0.000,PASS,0
mh_comm_C0_DEFAULT_N8192_q16_rep3,3,4,3,sm_89,COMM_ONLY,NCCL,C0_DEFAULT,2048,8192,2048,16,8,1048576,37,0,754.880,0.000,0.000,0.000,PASS,0
mh_comm_C0_DEFAULT_N8192_q16_rep3,3,4,3,sm_89,COMM_ONLY,NCCL,C0_DEFAULT,2048,8192,2048,16,9,1048576,37,0,824.960,0.000,0.000,0.000,PASS,0
mh_comm_C0_DEFAULT_N8192_q16_rep3,3,4,3,sm_89,COMM_ONLY,NCCL,C0_DEFAULT,2048,8192,2048,16,10,1048576,37,0,894.624,0.000,0.000,0.000,PASS,0
mh_comm_C0_DEFAULT_N8192_q16_rep3,3,4,3,sm_89,COMM_ONLY,NCCL,C0_DEFAULT,2048,8192,2048,16,11,1048576,37,0,964.672,0.000,0.000,0.000,PASS,0
mh_comm_C0_DEFAULT_N8192_q16_rep3,3,4,3,sm_89,COMM_ONLY,NCCL,C0_DEFAULT,2048,8192,2048,16,12,1048576,37,0,1032.992,0.000,0.000,0.000,PASS,0
mh_comm_C0_DEFAULT_N8192_q16_rep3,3,4,3,sm_89,COMM_ONLY,NCCL,C0_DEFAULT,2048,8192,2048,16,13,1048576,37,0,1105.984,0.000,0.000,0.000,PASS,0
mh_comm_C0_DEFAULT_N8192_q16_rep3,3,4,3,sm_89,COMM_ONLY,NCCL,C0_DEFAULT,2048,8192,2048,16,14,1048576,37,0,1173.280,0.000,0.000,0.000,PASS,0
mh_comm_C0_DEFAULT_N8192_q16_rep3,3,4,3,sm_89,COMM_ONLY,NCCL,C0_DEFAULT,2048,8192,2048,16,15,1048576,37,0,1242.080,0.000,0.000,0.000,PASS,0
mh_comm_C0_DEFAULT_N8192_q16_rep3,3,4,3,sm_89,COMM_ONLY,NCCL,C0_DEFAULT,2048,8192,2048,16,0,1048576,38,0,210.464,0.000,0.000,0.000,PASS,0
mh_comm_C0_DEFAULT_N8192_q16_rep3,3,4,3,sm_89,COMM_ONLY,NCCL,C0_DEFAULT,2048,8192,2048,16,1,1048576,38,0,279.168,0.000,0.000,0.000,PASS,0
mh_comm_C0_DEFAULT_N8192_q16_rep3,3,4,3,sm_89,COMM_ONLY,NCCL,C0_DEFAULT,2048,8192,2048,16,2,1048576,38,0,347.360,0.000,0.000,0.000,PASS,0
mh_comm_C0_DEFAULT_N8192_q16_rep3,3,4,3,sm_89,COMM_ONLY,NCCL,C0_DEFAULT,2048,8192,2048,16,3,1048576,38,0,418.496,0.000,0.000,0.000,PASS,0
mh_comm_C0_DEFAULT_N8192_q16_rep3,3,4,3,sm_89,COMM_ONLY,NCCL,C0_DEFAULT,2048,8192,2048,16,4,1048576,38,0,487.968,0.000,0.000,0.000,PASS,0
mh_comm_C0_DEFAULT_N8192_q16_rep3,3,4,3,sm_89,COMM_ONLY,NCCL,C0_DEFAULT,2048,8192,2048,16,5,1048576,38,0,558.720,0.000,0.000,0.000,PASS,0
mh_comm_C0_DEFAULT_N8192_q16_rep3,3,4,3,sm_89,COMM_ONLY,NCCL,C0_DEFAULT,2048,8192,2048,16,6,1048576,38,0,627.808,0.000,0.000,0.000,PASS,0
mh_comm_C0_DEFAULT_N8192_q16_rep3,3,4,3,sm_89,COMM_ONLY,NCCL,C0_DEFAULT,2048,8192,2048,16,7,1048576,38,0,697.280,0.000,0.000,0.000,PASS,0
mh_comm_C0_DEFAULT_N8192_q16_rep3,3,4,3,sm_89,COMM_ONLY,NCCL,C0_DEFAULT,2048,8192,2048,16,8,1048576,38,0,768.576,0.000,0.000,0.000,PASS,0
mh_comm_C0_DEFAULT_N8192_q16_rep3,3,4,3,sm_89,COMM_ONLY,NCCL,C0_DEFAULT,2048,8192,2048,16,9,1048576,38,0,840.320,0.000,0.000,0.000,PASS,0
mh_comm_C0_DEFAULT_N8192_q16_rep3,3,4,3,sm_89,COMM_ONLY,NCCL,C0_DEFAULT,2048,8192,2048,16,10,1048576,38,0,927.648,0.000,0.000,0.000,PASS,0
mh_comm_C0_DEFAULT_N8192_q16_rep3,3,4,3,sm_89,COMM_ONLY,NCCL,C0_DEFAULT,2048,8192,2048,16,11,1048576,38,0,997.408,0.000,0.000,0.000,PASS,0
mh_comm_C0_DEFAULT_N8192_q16_rep3,3,4,3,sm_89,COMM_ONLY,NCCL,C0_DEFAULT,2048,8192,2048,16,12,1048576,38,0,1068.256,0.000,0.000,0.000,PASS,0
mh_comm_C0_DEFAULT_N8192_q16_rep3,3,4,3,sm_89,COMM_ONLY,NCCL,C0_DEFAULT,2048,8192,2048,16,13,1048576,38,0,1139.200,0.000,0.000,0.000,PASS,0
mh_comm_C0_DEFAULT_N8192_q16_rep3,3,4,3,sm_89,COMM_ONLY,NCCL,C0_DEFAULT,2048,8192,2048,16,14,1048576,38,0,1208.352,0.000,0.000,0.000,PASS,0
mh_comm_C0_DEFAULT_N8192_q16_rep3,3,4,3,sm_89,COMM_ONLY,NCCL,C0_DEFAULT,2048,8192,2048,16,15,1048576,38,0,1277.248,0.000,0.000,0.000,PASS,0
mh_comm_C0_DEFAULT_N8192_q16_rep3,3,4,3,sm_89,COMM_ONLY,NCCL,C0_DEFAULT,2048,8192,2048,16,0,1048576,39,0,212.704,0.000,0.000,0.000,PASS,0
mh_comm_C0_DEFAULT_N8192_q16_rep3,3,4,3,sm_89,COMM_ONLY,NCCL,C0_DEFAULT,2048,8192,2048,16,1,1048576,39,0,280.608,0.000,0.000,0.000,PASS,0
mh_comm_C0_DEFAULT_N8192_q16_rep3,3,4,3,sm_89,COMM_ONLY,NCCL,C0_DEFAULT,2048,8192,2048,16,2,1048576,39,0,368.224,0.000,0.000,0.000,PASS,0
mh_comm_C0_DEFAULT_N8192_q16_rep3,3,4,3,sm_89,COMM_ONLY,NCCL,C0_DEFAULT,2048,8192,2048,16,3,1048576,39,0,438.752,0.000,0.000,0.000,PASS,0
mh_comm_C0_DEFAULT_N8192_q16_rep3,3,4,3,sm_89,COMM_ONLY,NCCL,C0_DEFAULT,2048,8192,2048,16,4,1048576,39,0,508.384,0.000,0.000,0.000,PASS,0
mh_comm_C0_DEFAULT_N8192_q16_rep3,3,4,3,sm_89,COMM_ONLY,NCCL,C0_DEFAULT,2048,8192,2048,16,5,1048576,39,0,588.352,0.000,0.000,0.000,PASS,0
mh_comm_C0_DEFAULT_N8192_q16_rep3,3,4,3,sm_89,COMM_ONLY,NCCL,C0_DEFAULT,2048,8192,2048,16,6,1048576,39,0,657.792,0.000,0.000,0.000,PASS,0
mh_comm_C0_DEFAULT_N8192_q16_rep3,3,4,3,sm_89,COMM_ONLY,NCCL,C0_DEFAULT,2048,8192,2048,16,7,1048576,39,0,726.880,0.000,0.000,0.000,PASS,0
mh_comm_C0_DEFAULT_N8192_q16_rep3,3,4,3,sm_89,COMM_ONLY,NCCL,C0_DEFAULT,2048,8192,2048,16,8,1048576,39,0,796.096,0.000,0.000,0.000,PASS,0
mh_comm_C0_DEFAULT_N8192_q16_rep3,3,4,3,sm_89,COMM_ONLY,NCCL,C0_DEFAULT,2048,8192,2048,16,9,1048576,39,0,882.048,0.000,0.000,0.000,PASS,0
mh_comm_C0_DEFAULT_N8192_q16_rep3,3,4,3,sm_89,COMM_ONLY,NCCL,C0_DEFAULT,2048,8192,2048,16,10,1048576,39,0,951.456,0.000,0.000,0.000,PASS,0
mh_comm_C0_DEFAULT_N8192_q16_rep3,3,4,3,sm_89,COMM_ONLY,NCCL,C0_DEFAULT,2048,8192,2048,16,11,1048576,39,0,1020.064,0.000,0.000,0.000,PASS,0
mh_comm_C0_DEFAULT_N8192_q16_rep3,3,4,3,sm_89,COMM_ONLY,NCCL,C0_DEFAULT,2048,8192,2048,16,12,1048576,39,0,1089.184,0.000,0.000,0.000,PASS,0
mh_comm_C0_DEFAULT_N8192_q16_rep3,3,4,3,sm_89,COMM_ONLY,NCCL,C0_DEFAULT,2048,8192,2048,16,13,1048576,39,0,1159.936,0.000,0.000,0.000,PASS,0
mh_comm_C0_DEFAULT_N8192_q16_rep3,3,4,3,sm_89,COMM_ONLY,NCCL,C0_DEFAULT,2048,8192,2048,16,14,1048576,39,0,1244.416,0.000,0.000,0.000,PASS,0
mh_comm_C0_DEFAULT_N8192_q16_rep3,3,4,3,sm_89,COMM_ONLY,NCCL,C0_DEFAULT,2048,8192,2048,16,15,1048576,39,0,1312.704,0.000,0.000,0.000,PASS,0
mh_comm_C0_DEFAULT_N8192_q16_rep3,3,4,3,sm_89,COMM_ONLY,NCCL,C0_DEFAULT,2048,8192,2048,16,0,1048576,40,0,201.920,0.000,0.000,0.000,PASS,0
mh_comm_C0_DEFAULT_N8192_q16_rep3,3,4,3,sm_89,COMM_ONLY,NCCL,C0_DEFAULT,2048,8192,2048,16,1,1048576,40,0,270.432,0.000,0.000,0.000,PASS,0
mh_comm_C0_DEFAULT_N8192_q16_rep3,3,4,3,sm_89,COMM_ONLY,NCCL,C0_DEFAULT,2048,8192,2048,16,2,1048576,40,0,349.248,0.000,0.000,0.000,PASS,0
mh_comm_C0_DEFAULT_N8192_q16_rep3,3,4,3,sm_89,COMM_ONLY,NCCL,C0_DEFAULT,2048,8192,2048,16,3,1048576,40,0,419.840,0.000,0.000,0.000,PASS,0
mh_comm_C0_DEFAULT_N8192_q16_rep3,3,4,3,sm_89,COMM_ONLY,NCCL,C0_DEFAULT,2048,8192,2048,16,4,1048576,40,0,490.688,0.000,0.000,0.000,PASS,0
mh_comm_C0_DEFAULT_N8192_q16_rep3,3,4,3,sm_89,COMM_ONLY,NCCL,C0_DEFAULT,2048,8192,2048,16,5,1048576,40,0,573.664,0.000,0.000,0.000,PASS,0
mh_comm_C0_DEFAULT_N8192_q16_rep3,3,4,3,sm_89,COMM_ONLY,NCCL,C0_DEFAULT,2048,8192,2048,16,6,1048576,40,0,642.208,0.000,0.000,0.000,PASS,0
mh_comm_C0_DEFAULT_N8192_q16_rep3,3,4,3,sm_89,COMM_ONLY,NCCL,C0_DEFAULT,2048,8192,2048,16,7,1048576,40,0,711.904,0.000,0.000,0.000,PASS,0
mh_comm_C0_DEFAULT_N8192_q16_rep3,3,4,3,sm_89,COMM_ONLY,NCCL,C0_DEFAULT,2048,8192,2048,16,8,1048576,40,0,780.704,0.000,0.000,0.000,PASS,0
mh_comm_C0_DEFAULT_N8192_q16_rep3,3,4,3,sm_89,COMM_ONLY,NCCL,C0_DEFAULT,2048,8192,2048,16,9,1048576,40,0,853.088,0.000,0.000,0.000,PASS,0
mh_comm_C0_DEFAULT_N8192_q16_rep3,3,4,3,sm_89,COMM_ONLY,NCCL,C0_DEFAULT,2048,8192,2048,16,10,1048576,40,0,922.464,0.000,0.000,0.000,PASS,0
mh_comm_C0_DEFAULT_N8192_q16_rep3,3,4,3,sm_89,COMM_ONLY,NCCL,C0_DEFAULT,2048,8192,2048,16,11,1048576,40,0,990.784,0.000,0.000,0.000,PASS,0
mh_comm_C0_DEFAULT_N8192_q16_rep3,3,4,3,sm_89,COMM_ONLY,NCCL,C0_DEFAULT,2048,8192,2048,16,12,1048576,40,0,1059.776,0.000,0.000,0.000,PASS,0
mh_comm_C0_DEFAULT_N8192_q16_rep3,3,4,3,sm_89,COMM_ONLY,NCCL,C0_DEFAULT,2048,8192,2048,16,13,1048576,40,0,1131.168,0.000,0.000,0.000,PASS,0
mh_comm_C0_DEFAULT_N8192_q16_rep3,3,4,3,sm_89,COMM_ONLY,NCCL,C0_DEFAULT,2048,8192,2048,16,14,1048576,40,0,1200.448,0.000,0.000,0.000,PASS,0
mh_comm_C0_DEFAULT_N8192_q16_rep3,3,4,3,sm_89,COMM_ONLY,NCCL,C0_DEFAULT,2048,8192,2048,16,15,1048576,40,0,1273.376,0.000,0.000,0.000,PASS,0
mh_comm_C0_DEFAULT_N8192_q16_rep3,3,4,3,sm_89,COMM_ONLY,NCCL,C0_DEFAULT,2048,8192,2048,16,0,1048576,41,0,202.144,0.000,0.000,0.000,PASS,0
mh_comm_C0_DEFAULT_N8192_q16_rep3,3,4,3,sm_89,COMM_ONLY,NCCL,C0_DEFAULT,2048,8192,2048,16,1,1048576,41,0,271.936,0.000,0.000,0.000,PASS,0
mh_comm_C0_DEFAULT_N8192_q16_rep3,3,4,3,sm_89,COMM_ONLY,NCCL,C0_DEFAULT,2048,8192,2048,16,2,1048576,41,0,340.896,0.000,0.000,0.000,PASS,0
mh_comm_C0_DEFAULT_N8192_q16_rep3,3,4,3,sm_89,COMM_ONLY,NCCL,C0_DEFAULT,2048,8192,2048,16,3,1048576,41,0,411.712,0.000,0.000,0.000,PASS,0
mh_comm_C0_DEFAULT_N8192_q16_rep3,3,4,3,sm_89,COMM_ONLY,NCCL,C0_DEFAULT,2048,8192,2048,16,4,1048576,41,0,480.512,0.000,0.000,0.000,PASS,0
mh_comm_C0_DEFAULT_N8192_q16_rep3,3,4,3,sm_89,COMM_ONLY,NCCL,C0_DEFAULT,2048,8192,2048,16,5,1048576,41,0,549.280,0.000,0.000,0.000,PASS,0
mh_comm_C0_DEFAULT_N8192_q16_rep3,3,4,3,sm_89,COMM_ONLY,NCCL,C0_DEFAULT,2048,8192,2048,16,6,1048576,41,0,617.824,0.000,0.000,0.000,PASS,0
mh_comm_C0_DEFAULT_N8192_q16_rep3,3,4,3,sm_89,COMM_ONLY,NCCL,C0_DEFAULT,2048,8192,2048,16,7,1048576,41,0,687.680,0.000,0.000,0.000,PASS,0
mh_comm_C0_DEFAULT_N8192_q16_rep3,3,4,3,sm_89,COMM_ONLY,NCCL,C0_DEFAULT,2048,8192,2048,16,8,1048576,41,0,757.920,0.000,0.000,0.000,PASS,0
mh_comm_C0_DEFAULT_N8192_q16_rep3,3,4,3,sm_89,COMM_ONLY,NCCL,C0_DEFAULT,2048,8192,2048,16,9,1048576,41,0,826.752,0.000,0.000,0.000,PASS,0
mh_comm_C0_DEFAULT_N8192_q16_rep3,3,4,3,sm_89,COMM_ONLY,NCCL,C0_DEFAULT,2048,8192,2048,16,10,1048576,41,0,895.968,0.000,0.000,0.000,PASS,0
mh_comm_C0_DEFAULT_N8192_q16_rep3,3,4,3,sm_89,COMM_ONLY,NCCL,C0_DEFAULT,2048,8192,2048,16,11,1048576,41,0,966.272,0.000,0.000,0.000,PASS,0
mh_comm_C0_DEFAULT_N8192_q16_rep3,3,4,3,sm_89,COMM_ONLY,NCCL,C0_DEFAULT,2048,8192,2048,16,12,1048576,41,0,1039.040,0.000,0.000,0.000,PASS,0
mh_comm_C0_DEFAULT_N8192_q16_rep3,3,4,3,sm_89,COMM_ONLY,NCCL,C0_DEFAULT,2048,8192,2048,16,13,1048576,41,0,1118.368,0.000,0.000,0.000,PASS,0
mh_comm_C0_DEFAULT_N8192_q16_rep3,3,4,3,sm_89,COMM_ONLY,NCCL,C0_DEFAULT,2048,8192,2048,16,14,1048576,41,0,1188.800,0.000,0.000,0.000,PASS,0
mh_comm_C0_DEFAULT_N8192_q16_rep3,3,4,3,sm_89,COMM_ONLY,NCCL,C0_DEFAULT,2048,8192,2048,16,15,1048576,41,0,1258.368,0.000,0.000,0.000,PASS,0
mh_comm_C0_DEFAULT_N8192_q16_rep3,3,4,3,sm_89,COMM_ONLY,NCCL,C0_DEFAULT,2048,8192,2048,16,0,1048576,42,0,202.016,0.000,0.000,0.000,PASS,0
mh_comm_C0_DEFAULT_N8192_q16_rep3,3,4,3,sm_89,COMM_ONLY,NCCL,C0_DEFAULT,2048,8192,2048,16,1,1048576,42,0,271.168,0.000,0.000,0.000,PASS,0
mh_comm_C0_DEFAULT_N8192_q16_rep3,3,4,3,sm_89,COMM_ONLY,NCCL,C0_DEFAULT,2048,8192,2048,16,2,1048576,42,0,339.648,0.000,0.000,0.000,PASS,0
mh_comm_C0_DEFAULT_N8192_q16_rep3,3,4,3,sm_89,COMM_ONLY,NCCL,C0_DEFAULT,2048,8192,2048,16,3,1048576,42,0,422.496,0.000,0.000,0.000,PASS,0
mh_comm_C0_DEFAULT_N8192_q16_rep3,3,4,3,sm_89,COMM_ONLY,NCCL,C0_DEFAULT,2048,8192,2048,16,4,1048576,42,0,493.696,0.000,0.000,0.000,PASS,0
mh_comm_C0_DEFAULT_N8192_q16_rep3,3,4,3,sm_89,COMM_ONLY,NCCL,C0_DEFAULT,2048,8192,2048,16,5,1048576,42,0,561.504,0.000,0.000,0.000,PASS,0
mh_comm_C0_DEFAULT_N8192_q16_rep3,3,4,3,sm_89,COMM_ONLY,NCCL,C0_DEFAULT,2048,8192,2048,16,6,1048576,42,0,631.424,0.000,0.000,0.000,PASS,0
mh_comm_C0_DEFAULT_N8192_q16_rep3,3,4,3,sm_89,COMM_ONLY,NCCL,C0_DEFAULT,2048,8192,2048,16,7,1048576,42,0,701.312,0.000,0.000,0.000,PASS,0
mh_comm_C0_DEFAULT_N8192_q16_rep3,3,4,3,sm_89,COMM_ONLY,NCCL,C0_DEFAULT,2048,8192,2048,16,8,1048576,42,0,771.424,0.000,0.000,0.000,PASS,0
mh_comm_C0_DEFAULT_N8192_q16_rep3,3,4,3,sm_89,COMM_ONLY,NCCL,C0_DEFAULT,2048,8192,2048,16,9,1048576,42,0,840.736,0.000,0.000,0.000,PASS,0
mh_comm_C0_DEFAULT_N8192_q16_rep3,3,4,3,sm_89,COMM_ONLY,NCCL,C0_DEFAULT,2048,8192,2048,16,10,1048576,42,0,910.400,0.000,0.000,0.000,PASS,0
mh_comm_C0_DEFAULT_N8192_q16_rep3,3,4,3,sm_89,COMM_ONLY,NCCL,C0_DEFAULT,2048,8192,2048,16,11,1048576,42,0,979.392,0.000,0.000,0.000,PASS,0
mh_comm_C0_DEFAULT_N8192_q16_rep3,3,4,3,sm_89,COMM_ONLY,NCCL,C0_DEFAULT,2048,8192,2048,16,12,1048576,42,0,1054.464,0.000,0.000,0.000,PASS,0
mh_comm_C0_DEFAULT_N8192_q16_rep3,3,4,3,sm_89,COMM_ONLY,NCCL,C0_DEFAULT,2048,8192,2048,16,13,1048576,42,0,1135.552,0.000,0.000,0.000,PASS,0
mh_comm_C0_DEFAULT_N8192_q16_rep3,3,4,3,sm_89,COMM_ONLY,NCCL,C0_DEFAULT,2048,8192,2048,16,14,1048576,42,0,1208.736,0.000,0.000,0.000,PASS,0
mh_comm_C0_DEFAULT_N8192_q16_rep3,3,4,3,sm_89,COMM_ONLY,NCCL,C0_DEFAULT,2048,8192,2048,16,15,1048576,42,0,1278.464,0.000,0.000,0.000,PASS,0
mh_comm_C0_DEFAULT_N8192_q16_rep3,3,4,3,sm_89,COMM_ONLY,NCCL,C0_DEFAULT,2048,8192,2048,16,0,1048576,43,0,214.560,0.000,0.000,0.000,PASS,0
mh_comm_C0_DEFAULT_N8192_q16_rep3,3,4,3,sm_89,COMM_ONLY,NCCL,C0_DEFAULT,2048,8192,2048,16,1,1048576,43,0,293.536,0.000,0.000,0.000,PASS,0
mh_comm_C0_DEFAULT_N8192_q16_rep3,3,4,3,sm_89,COMM_ONLY,NCCL,C0_DEFAULT,2048,8192,2048,16,2,1048576,43,0,367.104,0.000,0.000,0.000,PASS,0
mh_comm_C0_DEFAULT_N8192_q16_rep3,3,4,3,sm_89,COMM_ONLY,NCCL,C0_DEFAULT,2048,8192,2048,16,3,1048576,43,0,448.768,0.000,0.000,0.000,PASS,0
mh_comm_C0_DEFAULT_N8192_q16_rep3,3,4,3,sm_89,COMM_ONLY,NCCL,C0_DEFAULT,2048,8192,2048,16,4,1048576,43,0,516.576,0.000,0.000,0.000,PASS,0
mh_comm_C0_DEFAULT_N8192_q16_rep3,3,4,3,sm_89,COMM_ONLY,NCCL,C0_DEFAULT,2048,8192,2048,16,5,1048576,43,0,599.488,0.000,0.000,0.000,PASS,0
mh_comm_C0_DEFAULT_N8192_q16_rep3,3,4,3,sm_89,COMM_ONLY,NCCL,C0_DEFAULT,2048,8192,2048,16,6,1048576,43,0,668.800,0.000,0.000,0.000,PASS,0
mh_comm_C0_DEFAULT_N8192_q16_rep3,3,4,3,sm_89,COMM_ONLY,NCCL,C0_DEFAULT,2048,8192,2048,16,7,1048576,43,0,752.640,0.000,0.000,0.000,PASS,0
mh_comm_C0_DEFAULT_N8192_q16_rep3,3,4,3,sm_89,COMM_ONLY,NCCL,C0_DEFAULT,2048,8192,2048,16,8,1048576,43,0,822.944,0.000,0.000,0.000,PASS,0
mh_comm_C0_DEFAULT_N8192_q16_rep3,3,4,3,sm_89,COMM_ONLY,NCCL,C0_DEFAULT,2048,8192,2048,16,9,1048576,43,0,909.696,0.000,0.000,0.000,PASS,0
mh_comm_C0_DEFAULT_N8192_q16_rep3,3,4,3,sm_89,COMM_ONLY,NCCL,C0_DEFAULT,2048,8192,2048,16,10,1048576,43,0,987.584,0.000,0.000,0.000,PASS,0
mh_comm_C0_DEFAULT_N8192_q16_rep3,3,4,3,sm_89,COMM_ONLY,NCCL,C0_DEFAULT,2048,8192,2048,16,11,1048576,43,0,1057.504,0.000,0.000,0.000,PASS,0
mh_comm_C0_DEFAULT_N8192_q16_rep3,3,4,3,sm_89,COMM_ONLY,NCCL,C0_DEFAULT,2048,8192,2048,16,12,1048576,43,0,1126.304,0.000,0.000,0.000,PASS,0
mh_comm_C0_DEFAULT_N8192_q16_rep3,3,4,3,sm_89,COMM_ONLY,NCCL,C0_DEFAULT,2048,8192,2048,16,13,1048576,43,0,1208.608,0.000,0.000,0.000,PASS,0
mh_comm_C0_DEFAULT_N8192_q16_rep3,3,4,3,sm_89,COMM_ONLY,NCCL,C0_DEFAULT,2048,8192,2048,16,14,1048576,43,0,1276.640,0.000,0.000,0.000,PASS,0
mh_comm_C0_DEFAULT_N8192_q16_rep3,3,4,3,sm_89,COMM_ONLY,NCCL,C0_DEFAULT,2048,8192,2048,16,15,1048576,43,0,1346.816,0.000,0.000,0.000,PASS,0
mh_comm_C0_DEFAULT_N8192_q16_rep3,3,4,3,sm_89,COMM_ONLY,NCCL,C0_DEFAULT,2048,8192,2048,16,0,1048576,44,0,225.280,0.000,0.000,0.000,PASS,0
mh_comm_C0_DEFAULT_N8192_q16_rep3,3,4,3,sm_89,COMM_ONLY,NCCL,C0_DEFAULT,2048,8192,2048,16,1,1048576,44,0,297.088,0.000,0.000,0.000,PASS,0
mh_comm_C0_DEFAULT_N8192_q16_rep3,3,4,3,sm_89,COMM_ONLY,NCCL,C0_DEFAULT,2048,8192,2048,16,2,1048576,44,0,365.184,0.000,0.000,0.000,PASS,0
mh_comm_C0_DEFAULT_N8192_q16_rep3,3,4,3,sm_89,COMM_ONLY,NCCL,C0_DEFAULT,2048,8192,2048,16,3,1048576,44,0,440.320,0.000,0.000,0.000,PASS,0
mh_comm_C0_DEFAULT_N8192_q16_rep3,3,4,3,sm_89,COMM_ONLY,NCCL,C0_DEFAULT,2048,8192,2048,16,4,1048576,44,0,509.760,0.000,0.000,0.000,PASS,0
mh_comm_C0_DEFAULT_N8192_q16_rep3,3,4,3,sm_89,COMM_ONLY,NCCL,C0_DEFAULT,2048,8192,2048,16,5,1048576,44,0,579.296,0.000,0.000,0.000,PASS,0
mh_comm_C0_DEFAULT_N8192_q16_rep3,3,4,3,sm_89,COMM_ONLY,NCCL,C0_DEFAULT,2048,8192,2048,16,6,1048576,44,0,647.968,0.000,0.000,0.000,PASS,0
mh_comm_C0_DEFAULT_N8192_q16_rep3,3,4,3,sm_89,COMM_ONLY,NCCL,C0_DEFAULT,2048,8192,2048,16,7,1048576,44,0,728.480,0.000,0.000,0.000,PASS,0
mh_comm_C0_DEFAULT_N8192_q16_rep3,3,4,3,sm_89,COMM_ONLY,NCCL,C0_DEFAULT,2048,8192,2048,16,8,1048576,44,0,797.152,0.000,0.000,0.000,PASS,0
mh_comm_C0_DEFAULT_N8192_q16_rep3,3,4,3,sm_89,COMM_ONLY,NCCL,C0_DEFAULT,2048,8192,2048,16,9,1048576,44,0,867.392,0.000,0.000,0.000,PASS,0
mh_comm_C0_DEFAULT_N8192_q16_rep3,3,4,3,sm_89,COMM_ONLY,NCCL,C0_DEFAULT,2048,8192,2048,16,10,1048576,44,0,948.416,0.000,0.000,0.000,PASS,0
mh_comm_C0_DEFAULT_N8192_q16_rep3,3,4,3,sm_89,COMM_ONLY,NCCL,C0_DEFAULT,2048,8192,2048,16,11,1048576,44,0,1018.496,0.000,0.000,0.000,PASS,0
mh_comm_C0_DEFAULT_N8192_q16_rep3,3,4,3,sm_89,COMM_ONLY,NCCL,C0_DEFAULT,2048,8192,2048,16,12,1048576,44,0,1087.776,0.000,0.000,0.000,PASS,0
mh_comm_C0_DEFAULT_N8192_q16_rep3,3,4,3,sm_89,COMM_ONLY,NCCL,C0_DEFAULT,2048,8192,2048,16,13,1048576,44,0,1168.320,0.000,0.000,0.000,PASS,0
mh_comm_C0_DEFAULT_N8192_q16_rep3,3,4,3,sm_89,COMM_ONLY,NCCL,C0_DEFAULT,2048,8192,2048,16,14,1048576,44,0,1237.728,0.000,0.000,0.000,PASS,0
mh_comm_C0_DEFAULT_N8192_q16_rep3,3,4,3,sm_89,COMM_ONLY,NCCL,C0_DEFAULT,2048,8192,2048,16,15,1048576,44,0,1307.552,0.000,0.000,0.000,PASS,0
mh_comm_C0_DEFAULT_N8192_q16_rep3,3,4,3,sm_89,COMM_ONLY,NCCL,C0_DEFAULT,2048,8192,2048,16,0,1048576,45,0,202.976,0.000,0.000,0.000,PASS,0
mh_comm_C0_DEFAULT_N8192_q16_rep3,3,4,3,sm_89,COMM_ONLY,NCCL,C0_DEFAULT,2048,8192,2048,16,1,1048576,45,0,283.904,0.000,0.000,0.000,PASS,0
mh_comm_C0_DEFAULT_N8192_q16_rep3,3,4,3,sm_89,COMM_ONLY,NCCL,C0_DEFAULT,2048,8192,2048,16,2,1048576,45,0,355.648,0.000,0.000,0.000,PASS,0
mh_comm_C0_DEFAULT_N8192_q16_rep3,3,4,3,sm_89,COMM_ONLY,NCCL,C0_DEFAULT,2048,8192,2048,16,3,1048576,45,0,427.264,0.000,0.000,0.000,PASS,0
mh_comm_C0_DEFAULT_N8192_q16_rep3,3,4,3,sm_89,COMM_ONLY,NCCL,C0_DEFAULT,2048,8192,2048,16,4,1048576,45,0,496.480,0.000,0.000,0.000,PASS,0
mh_comm_C0_DEFAULT_N8192_q16_rep3,3,4,3,sm_89,COMM_ONLY,NCCL,C0_DEFAULT,2048,8192,2048,16,5,1048576,45,0,578.240,0.000,0.000,0.000,PASS,0
mh_comm_C0_DEFAULT_N8192_q16_rep3,3,4,3,sm_89,COMM_ONLY,NCCL,C0_DEFAULT,2048,8192,2048,16,6,1048576,45,0,648.448,0.000,0.000,0.000,PASS,0
mh_comm_C0_DEFAULT_N8192_q16_rep3,3,4,3,sm_89,COMM_ONLY,NCCL,C0_DEFAULT,2048,8192,2048,16,7,1048576,45,0,723.040,0.000,0.000,0.000,PASS,0
mh_comm_C0_DEFAULT_N8192_q16_rep3,3,4,3,sm_89,COMM_ONLY,NCCL,C0_DEFAULT,2048,8192,2048,16,8,1048576,45,0,792.832,0.000,0.000,0.000,PASS,0
mh_comm_C0_DEFAULT_N8192_q16_rep3,3,4,3,sm_89,COMM_ONLY,NCCL,C0_DEFAULT,2048,8192,2048,16,9,1048576,45,0,862.592,0.000,0.000,0.000,PASS,0
mh_comm_C0_DEFAULT_N8192_q16_rep3,3,4,3,sm_89,COMM_ONLY,NCCL,C0_DEFAULT,2048,8192,2048,16,10,1048576,45,0,931.648,0.000,0.000,0.000,PASS,0
mh_comm_C0_DEFAULT_N8192_q16_rep3,3,4,3,sm_89,COMM_ONLY,NCCL,C0_DEFAULT,2048,8192,2048,16,11,1048576,45,0,1001.792,0.000,0.000,0.000,PASS,0
mh_comm_C0_DEFAULT_N8192_q16_rep3,3,4,3,sm_89,COMM_ONLY,NCCL,C0_DEFAULT,2048,8192,2048,16,12,1048576,45,0,1071.456,0.000,0.000,0.000,PASS,0
mh_comm_C0_DEFAULT_N8192_q16_rep3,3,4,3,sm_89,COMM_ONLY,NCCL,C0_DEFAULT,2048,8192,2048,16,13,1048576,45,0,1143.552,0.000,0.000,0.000,PASS,0
mh_comm_C0_DEFAULT_N8192_q16_rep3,3,4,3,sm_89,COMM_ONLY,NCCL,C0_DEFAULT,2048,8192,2048,16,14,1048576,45,0,1213.728,0.000,0.000,0.000,PASS,0
mh_comm_C0_DEFAULT_N8192_q16_rep3,3,4,3,sm_89,COMM_ONLY,NCCL,C0_DEFAULT,2048,8192,2048,16,15,1048576,45,0,1282.944,0.000,0.000,0.000,PASS,0
mh_comm_C0_DEFAULT_N8192_q16_rep3,3,4,3,sm_89,COMM_ONLY,NCCL,C0_DEFAULT,2048,8192,2048,16,0,1048576,46,0,212.128,0.000,0.000,0.000,PASS,0
mh_comm_C0_DEFAULT_N8192_q16_rep3,3,4,3,sm_89,COMM_ONLY,NCCL,C0_DEFAULT,2048,8192,2048,16,1,1048576,46,0,280.032,0.000,0.000,0.000,PASS,0
mh_comm_C0_DEFAULT_N8192_q16_rep3,3,4,3,sm_89,COMM_ONLY,NCCL,C0_DEFAULT,2048,8192,2048,16,2,1048576,46,0,351.264,0.000,0.000,0.000,PASS,0
mh_comm_C0_DEFAULT_N8192_q16_rep3,3,4,3,sm_89,COMM_ONLY,NCCL,C0_DEFAULT,2048,8192,2048,16,3,1048576,46,0,421.728,0.000,0.000,0.000,PASS,0
mh_comm_C0_DEFAULT_N8192_q16_rep3,3,4,3,sm_89,COMM_ONLY,NCCL,C0_DEFAULT,2048,8192,2048,16,4,1048576,46,0,493.664,0.000,0.000,0.000,PASS,0
mh_comm_C0_DEFAULT_N8192_q16_rep3,3,4,3,sm_89,COMM_ONLY,NCCL,C0_DEFAULT,2048,8192,2048,16,5,1048576,46,0,561.824,0.000,0.000,0.000,PASS,0
mh_comm_C0_DEFAULT_N8192_q16_rep3,3,4,3,sm_89,COMM_ONLY,NCCL,C0_DEFAULT,2048,8192,2048,16,6,1048576,46,0,641.152,0.000,0.000,0.000,PASS,0
mh_comm_C0_DEFAULT_N8192_q16_rep3,3,4,3,sm_89,COMM_ONLY,NCCL,C0_DEFAULT,2048,8192,2048,16,7,1048576,46,0,717.632,0.000,0.000,0.000,PASS,0
mh_comm_C0_DEFAULT_N8192_q16_rep3,3,4,3,sm_89,COMM_ONLY,NCCL,C0_DEFAULT,2048,8192,2048,16,8,1048576,46,0,789.056,0.000,0.000,0.000,PASS,0
mh_comm_C0_DEFAULT_N8192_q16_rep3,3,4,3,sm_89,COMM_ONLY,NCCL,C0_DEFAULT,2048,8192,2048,16,9,1048576,46,0,870.336,0.000,0.000,0.000,PASS,0
mh_comm_C0_DEFAULT_N8192_q16_rep3,3,4,3,sm_89,COMM_ONLY,NCCL,C0_DEFAULT,2048,8192,2048,16,10,1048576,46,0,948.288,0.000,0.000,0.000,PASS,0
mh_comm_C0_DEFAULT_N8192_q16_rep3,3,4,3,sm_89,COMM_ONLY,NCCL,C0_DEFAULT,2048,8192,2048,16,11,1048576,46,0,1021.952,0.000,0.000,0.000,PASS,0
mh_comm_C0_DEFAULT_N8192_q16_rep3,3,4,3,sm_89,COMM_ONLY,NCCL,C0_DEFAULT,2048,8192,2048,16,12,1048576,46,0,1094.080,0.000,0.000,0.000,PASS,0
mh_comm_C0_DEFAULT_N8192_q16_rep3,3,4,3,sm_89,COMM_ONLY,NCCL,C0_DEFAULT,2048,8192,2048,16,13,1048576,46,0,1164.352,0.000,0.000,0.000,PASS,0
mh_comm_C0_DEFAULT_N8192_q16_rep3,3,4,3,sm_89,COMM_ONLY,NCCL,C0_DEFAULT,2048,8192,2048,16,14,1048576,46,0,1247.712,0.000,0.000,0.000,PASS,0
mh_comm_C0_DEFAULT_N8192_q16_rep3,3,4,3,sm_89,COMM_ONLY,NCCL,C0_DEFAULT,2048,8192,2048,16,15,1048576,46,0,1317.504,0.000,0.000,0.000,PASS,0
mh_comm_C0_DEFAULT_N8192_q16_rep3,3,4,3,sm_89,COMM_ONLY,NCCL,C0_DEFAULT,2048,8192,2048,16,0,1048576,47,0,198.592,0.000,0.000,0.000,PASS,0
mh_comm_C0_DEFAULT_N8192_q16_rep3,3,4,3,sm_89,COMM_ONLY,NCCL,C0_DEFAULT,2048,8192,2048,16,1,1048576,47,0,270.144,0.000,0.000,0.000,PASS,0
mh_comm_C0_DEFAULT_N8192_q16_rep3,3,4,3,sm_89,COMM_ONLY,NCCL,C0_DEFAULT,2048,8192,2048,16,2,1048576,47,0,350.848,0.000,0.000,0.000,PASS,0
mh_comm_C0_DEFAULT_N8192_q16_rep3,3,4,3,sm_89,COMM_ONLY,NCCL,C0_DEFAULT,2048,8192,2048,16,3,1048576,47,0,435.872,0.000,0.000,0.000,PASS,0
mh_comm_C0_DEFAULT_N8192_q16_rep3,3,4,3,sm_89,COMM_ONLY,NCCL,C0_DEFAULT,2048,8192,2048,16,4,1048576,47,0,512.096,0.000,0.000,0.000,PASS,0
mh_comm_C0_DEFAULT_N8192_q16_rep3,3,4,3,sm_89,COMM_ONLY,NCCL,C0_DEFAULT,2048,8192,2048,16,5,1048576,47,0,581.536,0.000,0.000,0.000,PASS,0
mh_comm_C0_DEFAULT_N8192_q16_rep3,3,4,3,sm_89,COMM_ONLY,NCCL,C0_DEFAULT,2048,8192,2048,16,6,1048576,47,0,664.224,0.000,0.000,0.000,PASS,0
mh_comm_C0_DEFAULT_N8192_q16_rep3,3,4,3,sm_89,COMM_ONLY,NCCL,C0_DEFAULT,2048,8192,2048,16,7,1048576,47,0,733.664,0.000,0.000,0.000,PASS,0
mh_comm_C0_DEFAULT_N8192_q16_rep3,3,4,3,sm_89,COMM_ONLY,NCCL,C0_DEFAULT,2048,8192,2048,16,8,1048576,47,0,803.360,0.000,0.000,0.000,PASS,0
mh_comm_C0_DEFAULT_N8192_q16_rep3,3,4,3,sm_89,COMM_ONLY,NCCL,C0_DEFAULT,2048,8192,2048,16,9,1048576,47,0,882.656,0.000,0.000,0.000,PASS,0
mh_comm_C0_DEFAULT_N8192_q16_rep3,3,4,3,sm_89,COMM_ONLY,NCCL,C0_DEFAULT,2048,8192,2048,16,10,1048576,47,0,951.168,0.000,0.000,0.000,PASS,0
mh_comm_C0_DEFAULT_N8192_q16_rep3,3,4,3,sm_89,COMM_ONLY,NCCL,C0_DEFAULT,2048,8192,2048,16,11,1048576,47,0,1019.968,0.000,0.000,0.000,PASS,0
mh_comm_C0_DEFAULT_N8192_q16_rep3,3,4,3,sm_89,COMM_ONLY,NCCL,C0_DEFAULT,2048,8192,2048,16,12,1048576,47,0,1089.440,0.000,0.000,0.000,PASS,0
mh_comm_C0_DEFAULT_N8192_q16_rep3,3,4,3,sm_89,COMM_ONLY,NCCL,C0_DEFAULT,2048,8192,2048,16,13,1048576,47,0,1158.816,0.000,0.000,0.000,PASS,0
mh_comm_C0_DEFAULT_N8192_q16_rep3,3,4,3,sm_89,COMM_ONLY,NCCL,C0_DEFAULT,2048,8192,2048,16,14,1048576,47,0,1228.224,0.000,0.000,0.000,PASS,0
mh_comm_C0_DEFAULT_N8192_q16_rep3,3,4,3,sm_89,COMM_ONLY,NCCL,C0_DEFAULT,2048,8192,2048,16,15,1048576,47,0,1297.088,0.000,0.000,0.000,PASS,0
mh_comm_C0_DEFAULT_N8192_q16_rep3,3,4,3,sm_89,COMM_ONLY,NCCL,C0_DEFAULT,2048,8192,2048,16,0,1048576,48,0,202.720,0.000,0.000,0.000,PASS,0
mh_comm_C0_DEFAULT_N8192_q16_rep3,3,4,3,sm_89,COMM_ONLY,NCCL,C0_DEFAULT,2048,8192,2048,16,1,1048576,48,0,281.600,0.000,0.000,0.000,PASS,0
mh_comm_C0_DEFAULT_N8192_q16_rep3,3,4,3,sm_89,COMM_ONLY,NCCL,C0_DEFAULT,2048,8192,2048,16,2,1048576,48,0,351.648,0.000,0.000,0.000,PASS,0
mh_comm_C0_DEFAULT_N8192_q16_rep3,3,4,3,sm_89,COMM_ONLY,NCCL,C0_DEFAULT,2048,8192,2048,16,3,1048576,48,0,421.696,0.000,0.000,0.000,PASS,0
mh_comm_C0_DEFAULT_N8192_q16_rep3,3,4,3,sm_89,COMM_ONLY,NCCL,C0_DEFAULT,2048,8192,2048,16,4,1048576,48,0,491.520,0.000,0.000,0.000,PASS,0
mh_comm_C0_DEFAULT_N8192_q16_rep3,3,4,3,sm_89,COMM_ONLY,NCCL,C0_DEFAULT,2048,8192,2048,16,5,1048576,48,0,560.928,0.000,0.000,0.000,PASS,0
mh_comm_C0_DEFAULT_N8192_q16_rep3,3,4,3,sm_89,COMM_ONLY,NCCL,C0_DEFAULT,2048,8192,2048,16,6,1048576,48,0,634.016,0.000,0.000,0.000,PASS,0
mh_comm_C0_DEFAULT_N8192_q16_rep3,3,4,3,sm_89,COMM_ONLY,NCCL,C0_DEFAULT,2048,8192,2048,16,7,1048576,48,0,706.304,0.000,0.000,0.000,PASS,0
mh_comm_C0_DEFAULT_N8192_q16_rep3,3,4,3,sm_89,COMM_ONLY,NCCL,C0_DEFAULT,2048,8192,2048,16,8,1048576,48,0,776.608,0.000,0.000,0.000,PASS,0
mh_comm_C0_DEFAULT_N8192_q16_rep3,3,4,3,sm_89,COMM_ONLY,NCCL,C0_DEFAULT,2048,8192,2048,16,9,1048576,48,0,857.408,0.000,0.000,0.000,PASS,0
mh_comm_C0_DEFAULT_N8192_q16_rep3,3,4,3,sm_89,COMM_ONLY,NCCL,C0_DEFAULT,2048,8192,2048,16,10,1048576,48,0,926.144,0.000,0.000,0.000,PASS,0
mh_comm_C0_DEFAULT_N8192_q16_rep3,3,4,3,sm_89,COMM_ONLY,NCCL,C0_DEFAULT,2048,8192,2048,16,11,1048576,48,0,996.576,0.000,0.000,0.000,PASS,0
mh_comm_C0_DEFAULT_N8192_q16_rep3,3,4,3,sm_89,COMM_ONLY,NCCL,C0_DEFAULT,2048,8192,2048,16,12,1048576,48,0,1065.856,0.000,0.000,0.000,PASS,0
mh_comm_C0_DEFAULT_N8192_q16_rep3,3,4,3,sm_89,COMM_ONLY,NCCL,C0_DEFAULT,2048,8192,2048,16,13,1048576,48,0,1134.976,0.000,0.000,0.000,PASS,0
mh_comm_C0_DEFAULT_N8192_q16_rep3,3,4,3,sm_89,COMM_ONLY,NCCL,C0_DEFAULT,2048,8192,2048,16,14,1048576,48,0,1203.648,0.000,0.000,0.000,PASS,0
mh_comm_C0_DEFAULT_N8192_q16_rep3,3,4,3,sm_89,COMM_ONLY,NCCL,C0_DEFAULT,2048,8192,2048,16,15,1048576,48,0,1285.344,0.000,0.000,0.000,PASS,0
mh_comm_C0_DEFAULT_N8192_q16_rep3,3,4,3,sm_89,COMM_ONLY,NCCL,C0_DEFAULT,2048,8192,2048,16,0,1048576,49,0,201.824,0.000,0.000,0.000,PASS,0
mh_comm_C0_DEFAULT_N8192_q16_rep3,3,4,3,sm_89,COMM_ONLY,NCCL,C0_DEFAULT,2048,8192,2048,16,1,1048576,49,0,272.160,0.000,0.000,0.000,PASS,0
mh_comm_C0_DEFAULT_N8192_q16_rep3,3,4,3,sm_89,COMM_ONLY,NCCL,C0_DEFAULT,2048,8192,2048,16,2,1048576,49,0,340.128,0.000,0.000,0.000,PASS,0
mh_comm_C0_DEFAULT_N8192_q16_rep3,3,4,3,sm_89,COMM_ONLY,NCCL,C0_DEFAULT,2048,8192,2048,16,3,1048576,49,0,424.576,0.000,0.000,0.000,PASS,0
mh_comm_C0_DEFAULT_N8192_q16_rep3,3,4,3,sm_89,COMM_ONLY,NCCL,C0_DEFAULT,2048,8192,2048,16,4,1048576,49,0,494.208,0.000,0.000,0.000,PASS,0
mh_comm_C0_DEFAULT_N8192_q16_rep3,3,4,3,sm_89,COMM_ONLY,NCCL,C0_DEFAULT,2048,8192,2048,16,5,1048576,49,0,563.392,0.000,0.000,0.000,PASS,0
mh_comm_C0_DEFAULT_N8192_q16_rep3,3,4,3,sm_89,COMM_ONLY,NCCL,C0_DEFAULT,2048,8192,2048,16,6,1048576,49,0,632.096,0.000,0.000,0.000,PASS,0
mh_comm_C0_DEFAULT_N8192_q16_rep3,3,4,3,sm_89,COMM_ONLY,NCCL,C0_DEFAULT,2048,8192,2048,16,7,1048576,49,0,704.192,0.000,0.000,0.000,PASS,0
mh_comm_C0_DEFAULT_N8192_q16_rep3,3,4,3,sm_89,COMM_ONLY,NCCL,C0_DEFAULT,2048,8192,2048,16,8,1048576,49,0,773.792,0.000,0.000,0.000,PASS,0
mh_comm_C0_DEFAULT_N8192_q16_rep3,3,4,3,sm_89,COMM_ONLY,NCCL,C0_DEFAULT,2048,8192,2048,16,9,1048576,49,0,843.584,0.000,0.000,0.000,PASS,0
mh_comm_C0_DEFAULT_N8192_q16_rep3,3,4,3,sm_89,COMM_ONLY,NCCL,C0_DEFAULT,2048,8192,2048,16,10,1048576,49,0,912.320,0.000,0.000,0.000,PASS,0
mh_comm_C0_DEFAULT_N8192_q16_rep3,3,4,3,sm_89,COMM_ONLY,NCCL,C0_DEFAULT,2048,8192,2048,16,11,1048576,49,0,984.800,0.000,0.000,0.000,PASS,0
mh_comm_C0_DEFAULT_N8192_q16_rep3,3,4,3,sm_89,COMM_ONLY,NCCL,C0_DEFAULT,2048,8192,2048,16,12,1048576,49,0,1055.136,0.000,0.000,0.000,PASS,0
mh_comm_C0_DEFAULT_N8192_q16_rep3,3,4,3,sm_89,COMM_ONLY,NCCL,C0_DEFAULT,2048,8192,2048,16,13,1048576,49,0,1126.368,0.000,0.000,0.000,PASS,0
mh_comm_C0_DEFAULT_N8192_q16_rep3,3,4,3,sm_89,COMM_ONLY,NCCL,C0_DEFAULT,2048,8192,2048,16,14,1048576,49,0,1203.680,0.000,0.000,0.000,PASS,0
mh_comm_C0_DEFAULT_N8192_q16_rep3,3,4,3,sm_89,COMM_ONLY,NCCL,C0_DEFAULT,2048,8192,2048,16,15,1048576,49,0,1274.912,0.000,0.000,0.000,PASS,0
