run_id,rank,rank_count,device,gfx_arch,path,family,candidate,M,N,K,q,slice_index,slice_bytes,iteration_index,t_issue_us,t_release_us,t_gemm_start_us,t_gemm_end_us,t_gemm_duration_us,correctness,status
mh_d0_C0_DEFAULT_N8192_q16_rep3,3,4,3,sm_89,D0_FCOLLECT_SERIAL,NVSHMEM,C0_DEFAULT,2048,8192,2048,16,0,1048576,0,0,551.712,559.968,14958.368,14398.400,PASS,0
mh_d0_C0_DEFAULT_N8192_q16_rep3,3,4,3,sm_89,D0_FCOLLECT_SERIAL,NVSHMEM,C0_DEFAULT,2048,8192,2048,16,1,1048576,0,0,0.000,0.000,0.000,0.000,PASS,0
mh_d0_C0_DEFAULT_N8192_q16_rep3,3,4,3,sm_89,D0_FCOLLECT_SERIAL,NVSHMEM,C0_DEFAULT,2048,8192,2048,16,2,1048576,0,0,0.000,0.000,0.000,0.000,PASS,0
mh_d0_C0_DEFAULT_N8192_q16_rep3,3,4,3,sm_89,D0_FCOLLECT_SERIAL,NVSHMEM,C0_DEFAULT,2048,8192,2048,16,3,1048576,0,0,0.000,0.000,0.000,0.000,PASS,0
mh_d0_C0_DEFAULT_N8192_q16_rep3,3,4,3,sm_89,D0_FCOLLECT_SERIAL,NVSHMEM,C0_DEFAULT,2048,8192,2048,16,4,1048576,0,0,0.000,0.000,0.000,0.000,PASS,0
mh_d0_C0_DEFAULT_N8192_q16_rep3,3,4,3,sm_89,D0_FCOLLECT_SERIAL,NVSHMEM,C0_DEFAULT,2048,8192,2048,16,5,1048576,0,0,0.000,0.000,0.000,0.000,PASS,0
mh_d0_C0_DEFAULT_N8192_q16_rep3,3,4,3,sm_89,D0_FCOLLECT_SERIAL,NVSHMEM,C0_DEFAULT,2048,8192,2048,16,6,1048576,0,0,0.000,0.000,0.000,0.000,PASS,0
mh_d0_C0_DEFAULT_N8192_q16_rep3,3,4,3,sm_89,D0_FCOLLECT_SERIAL,NVSHMEM,C0_DEFAULT,2048,8192,2048,16,7,1048576,0,0,0.000,0.000,0.000,0.000,PASS,0
mh_d0_C0_DEFAULT_N8192_q16_rep3,3,4,3,sm_89,D0_FCOLLECT_SERIAL,NVSHMEM,C0_DEFAULT,2048,8192,2048,16,8,1048576,0,0,0.000,0.000,0.000,0.000,PASS,0
mh_d0_C0_DEFAULT_N8192_q16_rep3,3,4,3,sm_89,D0_FCOLLECT_SERIAL,NVSHMEM,C0_DEFAULT,2048,8192,2048,16,9,1048576,0,0,0.000,0.000,0.000,0.000,PASS,0
mh_d0_C0_DEFAULT_N8192_q16_rep3,3,4,3,sm_89,D0_FCOLLECT_SERIAL,NVSHMEM,C0_DEFAULT,2048,8192,2048,16,10,1048576,0,0,0.000,0.000,0.000,0.000,PASS,0
mh_d0_C0_DEFAULT_N8192_q16_rep3,3,4,3,sm_89,D0_FCOLLECT_SERIAL,NVSHMEM,C0_DEFAULT,2048,8192,2048,16,11,1048576,0,0,0.000,0.000,0.000,0.000,PASS,0
mh_d0_C0_DEFAULT_N8192_q16_rep3,3,4,3,sm_89,D0_FCOLLECT_SERIAL,NVSHMEM,C0_DEFAULT,2048,8192,2048,16,12,1048576,0,0,0.000,0.000,0.000,0.000,PASS,0
mh_d0_C0_DEFAULT_N8192_q16_rep3,3,4,3,sm_89,D0_FCOLLECT_SERIAL,NVSHMEM,C0_DEFAULT,2048,8192,2048,16,13,1048576,0,0,0.000,0.000,0.000,0.000,PASS,0
mh_d0_C0_DEFAULT_N8192_q16_rep3,3,4,3,sm_89,D0_FCOLLECT_SERIAL,NVSHMEM,C0_DEFAULT,2048,8192,2048,16,14,1048576,0,0,0.000,0.000,0.000,0.000,PASS,0
mh_d0_C0_DEFAULT_N8192_q16_rep3,3,4,3,sm_89,D0_FCOLLECT_SERIAL,NVSHMEM,C0_DEFAULT,2048,8192,2048,16,15,1048576,0,0,0.000,0.000,0.000,0.000,PASS,0
mh_d0_C0_DEFAULT_N8192_q16_rep3,3,4,3,sm_89,D0_FCOLLECT_SERIAL,NVSHMEM,C0_DEFAULT,2048,8192,2048,16,0,1048576,1,0,560.224,569.024,14970.624,14401.600,PASS,0
mh_d0_C0_DEFAULT_N8192_q16_rep3,3,4,3,sm_89,D0_FCOLLECT_SERIAL,NVSHMEM,C0_DEFAULT,2048,8192,2048,16,1,1048576,1,0,0.000,0.000,0.000,0.000,PASS,0
mh_d0_C0_DEFAULT_N8192_q16_rep3,3,4,3,sm_89,D0_FCOLLECT_SERIAL,NVSHMEM,C0_DEFAULT,2048,8192,2048,16,2,1048576,1,0,0.000,0.000,0.000,0.000,PASS,0
mh_d0_C0_DEFAULT_N8192_q16_rep3,3,4,3,sm_89,D0_FCOLLECT_SERIAL,NVSHMEM,C0_DEFAULT,2048,8192,2048,16,3,1048576,1,0,0.000,0.000,0.000,0.000,PASS,0
mh_d0_C0_DEFAULT_N8192_q16_rep3,3,4,3,sm_89,D0_FCOLLECT_SERIAL,NVSHMEM,C0_DEFAULT,2048,8192,2048,16,4,1048576,1,0,0.000,0.000,0.000,0.000,PASS,0
mh_d0_C0_DEFAULT_N8192_q16_rep3,3,4,3,sm_89,D0_FCOLLECT_SERIAL,NVSHMEM,C0_DEFAULT,2048,8192,2048,16,5,1048576,1,0,0.000,0.000,0.000,0.000,PASS,0
mh_d0_C0_DEFAULT_N8192_q16_rep3,3,4,3,sm_89,D0_FCOLLECT_SERIAL,NVSHMEM,C0_DEFAULT,2048,8192,2048,16,6,1048576,1,0,0.000,0.000,0.000,0.000,PASS,0
mh_d0_C0_DEFAULT_N8192_q16_rep3,3,4,3,sm_89,D0_FCOLLECT_SERIAL,NVSHMEM,C0_DEFAULT,2048,8192,2048,16,7,1048576,1,0,0.000,0.000,0.000,0.000,PASS,0
mh_d0_C0_DEFAULT_N8192_q16_rep3,3,4,3,sm_89,D0_FCOLLECT_SERIAL,NVSHMEM,C0_DEFAULT,2048,8192,2048,16,8,1048576,1,0,0.000,0.000,0.000,0.000,PASS,0
mh_d0_C0_DEFAULT_N8192_q16_rep3,3,4,3,sm_89,D0_FCOLLECT_SERIAL,NVSHMEM,C0_DEFAULT,2048,8192,2048,16,9,1048576,1,0,0.000,0.000,0.000,0.000,PASS,0
mh_d0_C0_DEFAULT_N8192_q16_rep3,3,4,3,sm_89,D0_FCOLLECT_SERIAL,NVSHMEM,C0_DEFAULT,2048,8192,2048,16,10,1048576,1,0,0.000,0.000,0.000,0.000,PASS,0
mh_d0_C0_DEFAULT_N8192_q16_rep3,3,4,3,sm_89,D0_FCOLLECT_SERIAL,NVSHMEM,C0_DEFAULT,2048,8192,2048,16,11,1048576,1,0,0.000,0.000,0.000,0.000,PASS,0
mh_d0_C0_DEFAULT_N8192_q16_rep3,3,4,3,sm_89,D0_FCOLLECT_SERIAL,NVSHMEM,C0_DEFAULT,2048,8192,2048,16,12,1048576,1,0,0.000,0.000,0.000,0.000,PASS,0
mh_d0_C0_DEFAULT_N8192_q16_rep3,3,4,3,sm_89,D0_FCOLLECT_SERIAL,NVSHMEM,C0_DEFAULT,2048,8192,2048,16,13,1048576,1,0,0.000,0.000,0.000,0.000,PASS,0
mh_d0_C0_DEFAULT_N8192_q16_rep3,3,4,3,sm_89,D0_FCOLLECT_SERIAL,NVSHMEM,C0_DEFAULT,2048,8192,2048,16,14,1048576,1,0,0.000,0.000,0.000,0.000,PASS,0
mh_d0_C0_DEFAULT_N8192_q16_rep3,3,4,3,sm_89,D0_FCOLLECT_SERIAL,NVSHMEM,C0_DEFAULT,2048,8192,2048,16,15,1048576,1,0,0.000,0.000,0.000,0.000,PASS,0
mh_d0_C0_DEFAULT_N8192_q16_rep3,3,4,3,sm_89,D0_FCOLLECT_SERIAL,NVSHMEM,C0_DEFAULT,2048,8192,2048,16,0,1048576,2,0,564.512,572.864,14971.456,14398.592,PASS,0
mh_d0_C0_DEFAULT_N8192_q16_rep3,3,4,3,sm_89,D0_FCOLLECT_SERIAL,NVSHMEM,C0_DEFAULT,2048,8192,2048,16,1,1048576,2,0,0.000,0.000,0.000,0.000,PASS,0
mh_d0_C0_DEFAULT_N8192_q16_rep3,3,4,3,sm_89,D0_FCOLLECT_SERIAL,NVSHMEM,C0_DEFAULT,2048,8192,2048,16,2,1048576,2,0,0.000,0.000,0.000,0.000,PASS,0
mh_d0_C0_DEFAULT_N8192_q16_rep3,3,4,3,sm_89,D0_FCOLLECT_SERIAL,NVSHMEM,C0_DEFAULT,2048,8192,2048,16,3,1048576,2,0,0.000,0.000,0.000,0.000,PASS,0
mh_d0_C0_DEFAULT_N8192_q16_rep3,3,4,3,sm_89,D0_FCOLLECT_SERIAL,NVSHMEM,C0_DEFAULT,2048,8192,2048,16,4,1048576,2,0,0.000,0.000,0.000,0.000,PASS,0
mh_d0_C0_DEFAULT_N8192_q16_rep3,3,4,3,sm_89,D0_FCOLLECT_SERIAL,NVSHMEM,C0_DEFAULT,2048,8192,2048,16,5,1048576,2,0,0.000,0.000,0.000,0.000,PASS,0
mh_d0_C0_DEFAULT_N8192_q16_rep3,3,4,3,sm_89,D0_FCOLLECT_SERIAL,NVSHMEM,C0_DEFAULT,2048,8192,2048,16,6,1048576,2,0,0.000,0.000,0.000,0.000,PASS,0
mh_d0_C0_DEFAULT_N8192_q16_rep3,3,4,3,sm_89,D0_FCOLLECT_SERIAL,NVSHMEM,C0_DEFAULT,2048,8192,2048,16,7,1048576,2,0,0.000,0.000,0.000,0.000,PASS,0
mh_d0_C0_DEFAULT_N8192_q16_rep3,3,4,3,sm_89,D0_FCOLLECT_SERIAL,NVSHMEM,C0_DEFAULT,2048,8192,2048,16,8,1048576,2,0,0.000,0.000,0.000,0.000,PASS,0
mh_d0_C0_DEFAULT_N8192_q16_rep3,3,4,3,sm_89,D0_FCOLLECT_SERIAL,NVSHMEM,C0_DEFAULT,2048,8192,2048,16,9,1048576,2,0,0.000,0.000,0.000,0.000,PASS,0
mh_d0_C0_DEFAULT_N8192_q16_rep3,3,4,3,sm_89,D0_FCOLLECT_SERIAL,NVSHMEM,C0_DEFAULT,2048,8192,2048,16,10,1048576,2,0,0.000,0.000,0.000,0.000,PASS,0
mh_d0_C0_DEFAULT_N8192_q16_rep3,3,4,3,sm_89,D0_FCOLLECT_SERIAL,NVSHMEM,C0_DEFAULT,2048,8192,2048,16,11,1048576,2,0,0.000,0.000,0.000,0.000,PASS,0
mh_d0_C0_DEFAULT_N8192_q16_rep3,3,4,3,sm_89,D0_FCOLLECT_SERIAL,NVSHMEM,C0_DEFAULT,2048,8192,2048,16,12,1048576,2,0,0.000,0.000,0.000,0.000,PASS,0
mh_d0_C0_DEFAULT_N8192_q16_rep3,3,4,3,sm_89,D0_FCOLLECT_SERIAL,NVSHMEM,C0_DEFAULT,2048,8192,2048,16,13,1048576,2,0,0.000,0.000,0.000,0.000,PASS,0
mh_d0_C0_DEFAULT_N8192_q16_rep3,3,4,3,sm_89,D0_FCOLLECT_SERIAL,NVSHMEM,C0_DEFAULT,2048,8192,2048,16,14,1048576,2,0,0.000,0.000,0.000,0.000,PASS,0
mh_d0_C0_DEFAULT_N8192_q16_rep3,3,4,3,sm_89,D0_FCOLLECT_SERIAL,NVSHMEM,C0_DEFAULT,2048,8192,2048,16,15,1048576,2,0,0.000,0.000,0.000,0.000,PASS,0
mh_d0_C0_DEFAULT_N8192_q16_rep3,3,4,3,sm_89,D0_FCOLLECT_SERIAL,NVSHMEM,C0_DEFAULT,2048,8192,2048,16,0,1048576,3,0,549.632,558.432,15059.647,14501.216,PASS,0
mh_d0_C0_DEFAULT_N8192_q16_rep3,3,4,3,sm_89,D0_FCOLLECT_SERIAL,NVSHMEM,C0_DEFAULT,2048,8192,2048,16,1,1048576,3,0,0.000,0.000,0.000,0.000,PASS,0
mh_d0_C0_DEFAULT_N8192_q16_rep3,3,4,3,sm_89,D0_FCOLLECT_SERIAL,NVSHMEM,C0_DEFAULT,2048,8192,2048,16,2,1048576,3,0,0.000,0.000,0.000,0.000,PASS,0
mh_d0_C0_DEFAULT_N8192_q16_rep3,3,4,3,sm_89,D0_FCOLLECT_SERIAL,NVSHMEM,C0_DEFAULT,2048,8192,2048,16,3,1048576,3,0,0.000,0.000,0.000,0.000,PASS,0
mh_d0_C0_DEFAULT_N8192_q16_rep3,3,4,3,sm_89,D0_FCOLLECT_SERIAL,NVSHMEM,C0_DEFAULT,2048,8192,2048,16,4,1048576,3,0,0.000,0.000,0.000,0.000,PASS,0
mh_d0_C0_DEFAULT_N8192_q16_rep3,3,4,3,sm_89,D0_FCOLLECT_SERIAL,NVSHMEM,C0_DEFAULT,2048,8192,2048,16,5,1048576,3,0,0.000,0.000,0.000,0.000,PASS,0
mh_d0_C0_DEFAULT_N8192_q16_rep3,3,4,3,sm_89,D0_FCOLLECT_SERIAL,NVSHMEM,C0_DEFAULT,2048,8192,2048,16,6,1048576,3,0,0.000,0.000,0.000,0.000,PASS,0
mh_d0_C0_DEFAULT_N8192_q16_rep3,3,4,3,sm_89,D0_FCOLLECT_SERIAL,NVSHMEM,C0_DEFAULT,2048,8192,2048,16,7,1048576,3,0,0.000,0.000,0.000,0.000,PASS,0
mh_d0_C0_DEFAULT_N8192_q16_rep3,3,4,3,sm_89,D0_FCOLLECT_SERIAL,NVSHMEM,C0_DEFAULT,2048,8192,2048,16,8,1048576,3,0,0.000,0.000,0.000,0.000,PASS,0
mh_d0_C0_DEFAULT_N8192_q16_rep3,3,4,3,sm_89,D0_FCOLLECT_SERIAL,NVSHMEM,C0_DEFAULT,2048,8192,2048,16,9,1048576,3,0,0.000,0.000,0.000,0.000,PASS,0
mh_d0_C0_DEFAULT_N8192_q16_rep3,3,4,3,sm_89,D0_FCOLLECT_SERIAL,NVSHMEM,C0_DEFAULT,2048,8192,2048,16,10,1048576,3,0,0.000,0.000,0.000,0.000,PASS,0
mh_d0_C0_DEFAULT_N8192_q16_rep3,3,4,3,sm_89,D0_FCOLLECT_SERIAL,NVSHMEM,C0_DEFAULT,2048,8192,2048,16,11,1048576,3,0,0.000,0.000,0.000,0.000,PASS,0
mh_d0_C0_DEFAULT_N8192_q16_rep3,3,4,3,sm_89,D0_FCOLLECT_SERIAL,NVSHMEM,C0_DEFAULT,2048,8192,2048,16,12,1048576,3,0,0.000,0.000,0.000,0.000,PASS,0
mh_d0_C0_DEFAULT_N8192_q16_rep3,3,4,3,sm_89,D0_FCOLLECT_SERIAL,NVSHMEM,C0_DEFAULT,2048,8192,2048,16,13,1048576,3,0,0.000,0.000,0.000,0.000,PASS,0
mh_d0_C0_DEFAULT_N8192_q16_rep3,3,4,3,sm_89,D0_FCOLLECT_SERIAL,NVSHMEM,C0_DEFAULT,2048,8192,2048,16,14,1048576,3,0,0.000,0.000,0.000,0.000,PASS,0
mh_d0_C0_DEFAULT_N8192_q16_rep3,3,4,3,sm_89,D0_FCOLLECT_SERIAL,NVSHMEM,C0_DEFAULT,2048,8192,2048,16,15,1048576,3,0,0.000,0.000,0.000,0.000,PASS,0
mh_d0_C0_DEFAULT_N8192_q16_rep3,3,4,3,sm_89,D0_FCOLLECT_SERIAL,NVSHMEM,C0_DEFAULT,2048,8192,2048,16,0,1048576,4,0,551.136,559.552,15059.552,14500.000,PASS,0
mh_d0_C0_DEFAULT_N8192_q16_rep3,3,4,3,sm_89,D0_FCOLLECT_SERIAL,NVSHMEM,C0_DEFAULT,2048,8192,2048,16,1,1048576,4,0,0.000,0.000,0.000,0.000,PASS,0
mh_d0_C0_DEFAULT_N8192_q16_rep3,3,4,3,sm_89,D0_FCOLLECT_SERIAL,NVSHMEM,C0_DEFAULT,2048,8192,2048,16,2,1048576,4,0,0.000,0.000,0.000,0.000,PASS,0
mh_d0_C0_DEFAULT_N8192_q16_rep3,3,4,3,sm_89,D0_FCOLLECT_SERIAL,NVSHMEM,C0_DEFAULT,2048,8192,2048,16,3,1048576,4,0,0.000,0.000,0.000,0.000,PASS,0
mh_d0_C0_DEFAULT_N8192_q16_rep3,3,4,3,sm_89,D0_FCOLLECT_SERIAL,NVSHMEM,C0_DEFAULT,2048,8192,2048,16,4,1048576,4,0,0.000,0.000,0.000,0.000,PASS,0
mh_d0_C0_DEFAULT_N8192_q16_rep3,3,4,3,sm_89,D0_FCOLLECT_SERIAL,NVSHMEM,C0_DEFAULT,2048,8192,2048,16,5,1048576,4,0,0.000,0.000,0.000,0.000,PASS,0
mh_d0_C0_DEFAULT_N8192_q16_rep3,3,4,3,sm_89,D0_FCOLLECT_SERIAL,NVSHMEM,C0_DEFAULT,2048,8192,2048,16,6,1048576,4,0,0.000,0.000,0.000,0.000,PASS,0
mh_d0_C0_DEFAULT_N8192_q16_rep3,3,4,3,sm_89,D0_FCOLLECT_SERIAL,NVSHMEM,C0_DEFAULT,2048,8192,2048,16,7,1048576,4,0,0.000,0.000,0.000,0.000,PASS,0
mh_d0_C0_DEFAULT_N8192_q16_rep3,3,4,3,sm_89,D0_FCOLLECT_SERIAL,NVSHMEM,C0_DEFAULT,2048,8192,2048,16,8,1048576,4,0,0.000,0.000,0.000,0.000,PASS,0
mh_d0_C0_DEFAULT_N8192_q16_rep3,3,4,3,sm_89,D0_FCOLLECT_SERIAL,NVSHMEM,C0_DEFAULT,2048,8192,2048,16,9,1048576,4,0,0.000,0.000,0.000,0.000,PASS,0
mh_d0_C0_DEFAULT_N8192_q16_rep3,3,4,3,sm_89,D0_FCOLLECT_SERIAL,NVSHMEM,C0_DEFAULT,2048,8192,2048,16,10,1048576,4,0,0.000,0.000,0.000,0.000,PASS,0
mh_d0_C0_DEFAULT_N8192_q16_rep3,3,4,3,sm_89,D0_FCOLLECT_SERIAL,NVSHMEM,C0_DEFAULT,2048,8192,2048,16,11,1048576,4,0,0.000,0.000,0.000,0.000,PASS,0
mh_d0_C0_DEFAULT_N8192_q16_rep3,3,4,3,sm_89,D0_FCOLLECT_SERIAL,NVSHMEM,C0_DEFAULT,2048,8192,2048,16,12,1048576,4,0,0.000,0.000,0.000,0.000,PASS,0
mh_d0_C0_DEFAULT_N8192_q16_rep3,3,4,3,sm_89,D0_FCOLLECT_SERIAL,NVSHMEM,C0_DEFAULT,2048,8192,2048,16,13,1048576,4,0,0.000,0.000,0.000,0.000,PASS,0
mh_d0_C0_DEFAULT_N8192_q16_rep3,3,4,3,sm_89,D0_FCOLLECT_SERIAL,NVSHMEM,C0_DEFAULT,2048,8192,2048,16,14,1048576,4,0,0.000,0.000,0.000,0.000,PASS,0
mh_d0_C0_DEFAULT_N8192_q16_rep3,3,4,3,sm_89,D0_FCOLLECT_SERIAL,NVSHMEM,C0_DEFAULT,2048,8192,2048,16,15,1048576,4,0,0.000,0.000,0.000,0.000,PASS,0
mh_d0_C0_DEFAULT_N8192_q16_rep3,3,4,3,sm_89,D0_FCOLLECT_SERIAL,NVSHMEM,C0_DEFAULT,2048,8192,2048,16,0,1048576,5,0,564.640,572.992,15071.712,14498.720,PASS,0
mh_d0_C0_DEFAULT_N8192_q16_rep3,3,4,3,sm_89,D0_FCOLLECT_SERIAL,NVSHMEM,C0_DEFAULT,2048,8192,2048,16,1,1048576,5,0,0.000,0.000,0.000,0.000,PASS,0
mh_d0_C0_DEFAULT_N8192_q16_rep3,3,4,3,sm_89,D0_FCOLLECT_SERIAL,NVSHMEM,C0_DEFAULT,2048,8192,2048,16,2,1048576,5,0,0.000,0.000,0.000,0.000,PASS,0
mh_d0_C0_DEFAULT_N8192_q16_rep3,3,4,3,sm_89,D0_FCOLLECT_SERIAL,NVSHMEM,C0_DEFAULT,2048,8192,2048,16,3,1048576,5,0,0.000,0.000,0.000,0.000,PASS,0
mh_d0_C0_DEFAULT_N8192_q16_rep3,3,4,3,sm_89,D0_FCOLLECT_SERIAL,NVSHMEM,C0_DEFAULT,2048,8192,2048,16,4,1048576,5,0,0.000,0.000,0.000,0.000,PASS,0
mh_d0_C0_DEFAULT_N8192_q16_rep3,3,4,3,sm_89,D0_FCOLLECT_SERIAL,NVSHMEM,C0_DEFAULT,2048,8192,2048,16,5,1048576,5,0,0.000,0.000,0.000,0.000,PASS,0
mh_d0_C0_DEFAULT_N8192_q16_rep3,3,4,3,sm_89,D0_FCOLLECT_SERIAL,NVSHMEM,C0_DEFAULT,2048,8192,2048,16,6,1048576,5,0,0.000,0.000,0.000,0.000,PASS,0
mh_d0_C0_DEFAULT_N8192_q16_rep3,3,4,3,sm_89,D0_FCOLLECT_SERIAL,NVSHMEM,C0_DEFAULT,2048,8192,2048,16,7,1048576,5,0,0.000,0.000,0.000,0.000,PASS,0
mh_d0_C0_DEFAULT_N8192_q16_rep3,3,4,3,sm_89,D0_FCOLLECT_SERIAL,NVSHMEM,C0_DEFAULT,2048,8192,2048,16,8,1048576,5,0,0.000,0.000,0.000,0.000,PASS,0
mh_d0_C0_DEFAULT_N8192_q16_rep3,3,4,3,sm_89,D0_FCOLLECT_SERIAL,NVSHMEM,C0_DEFAULT,2048,8192,2048,16,9,1048576,5,0,0.000,0.000,0.000,0.000,PASS,0
mh_d0_C0_DEFAULT_N8192_q16_rep3,3,4,3,sm_89,D0_FCOLLECT_SERIAL,NVSHMEM,C0_DEFAULT,2048,8192,2048,16,10,1048576,5,0,0.000,0.000,0.000,0.000,PASS,0
mh_d0_C0_DEFAULT_N8192_q16_rep3,3,4,3,sm_89,D0_FCOLLECT_SERIAL,NVSHMEM,C0_DEFAULT,2048,8192,2048,16,11,1048576,5,0,0.000,0.000,0.000,0.000,PASS,0
mh_d0_C0_DEFAULT_N8192_q16_rep3,3,4,3,sm_89,D0_FCOLLECT_SERIAL,NVSHMEM,C0_DEFAULT,2048,8192,2048,16,12,1048576,5,0,0.000,0.000,0.000,0.000,PASS,0
mh_d0_C0_DEFAULT_N8192_q16_rep3,3,4,3,sm_89,D0_FCOLLECT_SERIAL,NVSHMEM,C0_DEFAULT,2048,8192,2048,16,13,1048576,5,0,0.000,0.000,0.000,0.000,PASS,0
mh_d0_C0_DEFAULT_N8192_q16_rep3,3,4,3,sm_89,D0_FCOLLECT_SERIAL,NVSHMEM,C0_DEFAULT,2048,8192,2048,16,14,1048576,5,0,0.000,0.000,0.000,0.000,PASS,0
mh_d0_C0_DEFAULT_N8192_q16_rep3,3,4,3,sm_89,D0_FCOLLECT_SERIAL,NVSHMEM,C0_DEFAULT,2048,8192,2048,16,15,1048576,5,0,0.000,0.000,0.000,0.000,PASS,0
mh_d0_C0_DEFAULT_N8192_q16_rep3,3,4,3,sm_89,D0_FCOLLECT_SERIAL,NVSHMEM,C0_DEFAULT,2048,8192,2048,16,0,1048576,6,0,569.024,577.536,15075.168,14497.632,PASS,0
mh_d0_C0_DEFAULT_N8192_q16_rep3,3,4,3,sm_89,D0_FCOLLECT_SERIAL,NVSHMEM,C0_DEFAULT,2048,8192,2048,16,1,1048576,6,0,0.000,0.000,0.000,0.000,PASS,0
mh_d0_C0_DEFAULT_N8192_q16_rep3,3,4,3,sm_89,D0_FCOLLECT_SERIAL,NVSHMEM,C0_DEFAULT,2048,8192,2048,16,2,1048576,6,0,0.000,0.000,0.000,0.000,PASS,0
mh_d0_C0_DEFAULT_N8192_q16_rep3,3,4,3,sm_89,D0_FCOLLECT_SERIAL,NVSHMEM,C0_DEFAULT,2048,8192,2048,16,3,1048576,6,0,0.000,0.000,0.000,0.000,PASS,0
mh_d0_C0_DEFAULT_N8192_q16_rep3,3,4,3,sm_89,D0_FCOLLECT_SERIAL,NVSHMEM,C0_DEFAULT,2048,8192,2048,16,4,1048576,6,0,0.000,0.000,0.000,0.000,PASS,0
mh_d0_C0_DEFAULT_N8192_q16_rep3,3,4,3,sm_89,D0_FCOLLECT_SERIAL,NVSHMEM,C0_DEFAULT,2048,8192,2048,16,5,1048576,6,0,0.000,0.000,0.000,0.000,PASS,0
mh_d0_C0_DEFAULT_N8192_q16_rep3,3,4,3,sm_89,D0_FCOLLECT_SERIAL,NVSHMEM,C0_DEFAULT,2048,8192,2048,16,6,1048576,6,0,0.000,0.000,0.000,0.000,PASS,0
mh_d0_C0_DEFAULT_N8192_q16_rep3,3,4,3,sm_89,D0_FCOLLECT_SERIAL,NVSHMEM,C0_DEFAULT,2048,8192,2048,16,7,1048576,6,0,0.000,0.000,0.000,0.000,PASS,0
mh_d0_C0_DEFAULT_N8192_q16_rep3,3,4,3,sm_89,D0_FCOLLECT_SERIAL,NVSHMEM,C0_DEFAULT,2048,8192,2048,16,8,1048576,6,0,0.000,0.000,0.000,0.000,PASS,0
mh_d0_C0_DEFAULT_N8192_q16_rep3,3,4,3,sm_89,D0_FCOLLECT_SERIAL,NVSHMEM,C0_DEFAULT,2048,8192,2048,16,9,1048576,6,0,0.000,0.000,0.000,0.000,PASS,0
mh_d0_C0_DEFAULT_N8192_q16_rep3,3,4,3,sm_89,D0_FCOLLECT_SERIAL,NVSHMEM,C0_DEFAULT,2048,8192,2048,16,10,1048576,6,0,0.000,0.000,0.000,0.000,PASS,0
mh_d0_C0_DEFAULT_N8192_q16_rep3,3,4,3,sm_89,D0_FCOLLECT_SERIAL,NVSHMEM,C0_DEFAULT,2048,8192,2048,16,11,1048576,6,0,0.000,0.000,0.000,0.000,PASS,0
mh_d0_C0_DEFAULT_N8192_q16_rep3,3,4,3,sm_89,D0_FCOLLECT_SERIAL,NVSHMEM,C0_DEFAULT,2048,8192,2048,16,12,1048576,6,0,0.000,0.000,0.000,0.000,PASS,0
mh_d0_C0_DEFAULT_N8192_q16_rep3,3,4,3,sm_89,D0_FCOLLECT_SERIAL,NVSHMEM,C0_DEFAULT,2048,8192,2048,16,13,1048576,6,0,0.000,0.000,0.000,0.000,PASS,0
mh_d0_C0_DEFAULT_N8192_q16_rep3,3,4,3,sm_89,D0_FCOLLECT_SERIAL,NVSHMEM,C0_DEFAULT,2048,8192,2048,16,14,1048576,6,0,0.000,0.000,0.000,0.000,PASS,0
mh_d0_C0_DEFAULT_N8192_q16_rep3,3,4,3,sm_89,D0_FCOLLECT_SERIAL,NVSHMEM,C0_DEFAULT,2048,8192,2048,16,15,1048576,6,0,0.000,0.000,0.000,0.000,PASS,0
mh_d0_C0_DEFAULT_N8192_q16_rep3,3,4,3,sm_89,D0_FCOLLECT_SERIAL,NVSHMEM,C0_DEFAULT,2048,8192,2048,16,0,1048576,7,0,570.784,579.136,15076.225,14497.089,PASS,0
mh_d0_C0_DEFAULT_N8192_q16_rep3,3,4,3,sm_89,D0_FCOLLECT_SERIAL,NVSHMEM,C0_DEFAULT,2048,8192,2048,16,1,1048576,7,0,0.000,0.000,0.000,0.000,PASS,0
mh_d0_C0_DEFAULT_N8192_q16_rep3,3,4,3,sm_89,D0_FCOLLECT_SERIAL,NVSHMEM,C0_DEFAULT,2048,8192,2048,16,2,1048576,7,0,0.000,0.000,0.000,0.000,PASS,0
mh_d0_C0_DEFAULT_N8192_q16_rep3,3,4,3,sm_89,D0_FCOLLECT_SERIAL,NVSHMEM,C0_DEFAULT,2048,8192,2048,16,3,1048576,7,0,0.000,0.000,0.000,0.000,PASS,0
mh_d0_C0_DEFAULT_N8192_q16_rep3,3,4,3,sm_89,D0_FCOLLECT_SERIAL,NVSHMEM,C0_DEFAULT,2048,8192,2048,16,4,1048576,7,0,0.000,0.000,0.000,0.000,PASS,0
mh_d0_C0_DEFAULT_N8192_q16_rep3,3,4,3,sm_89,D0_FCOLLECT_SERIAL,NVSHMEM,C0_DEFAULT,2048,8192,2048,16,5,1048576,7,0,0.000,0.000,0.000,0.000,PASS,0
mh_d0_C0_DEFAULT_N8192_q16_rep3,3,4,3,sm_89,D0_FCOLLECT_SERIAL,NVSHMEM,C0_DEFAULT,2048,8192,2048,16,6,1048576,7,0,0.000,0.000,0.000,0.000,PASS,0
mh_d0_C0_DEFAULT_N8192_q16_rep3,3,4,3,sm_89,D0_FCOLLECT_SERIAL,NVSHMEM,C0_DEFAULT,2048,8192,2048,16,7,1048576,7,0,0.000,0.000,0.000,0.000,PASS,0
mh_d0_C0_DEFAULT_N8192_q16_rep3,3,4,3,sm_89,D0_FCOLLECT_SERIAL,NVSHMEM,C0_DEFAULT,2048,8192,2048,16,8,1048576,7,0,0.000,0.000,0.000,0.000,PASS,0
mh_d0_C0_DEFAULT_N8192_q16_rep3,3,4,3,sm_89,D0_FCOLLECT_SERIAL,NVSHMEM,C0_DEFAULT,2048,8192,2048,16,9,1048576,7,0,0.000,0.000,0.000,0.000,PASS,0
mh_d0_C0_DEFAULT_N8192_q16_rep3,3,4,3,sm_89,D0_FCOLLECT_SERIAL,NVSHMEM,C0_DEFAULT,2048,8192,2048,16,10,1048576,7,0,0.000,0.000,0.000,0.000,PASS,0
mh_d0_C0_DEFAULT_N8192_q16_rep3,3,4,3,sm_89,D0_FCOLLECT_SERIAL,NVSHMEM,C0_DEFAULT,2048,8192,2048,16,11,1048576,7,0,0.000,0.000,0.000,0.000,PASS,0
mh_d0_C0_DEFAULT_N8192_q16_rep3,3,4,3,sm_89,D0_FCOLLECT_SERIAL,NVSHMEM,C0_DEFAULT,2048,8192,2048,16,12,1048576,7,0,0.000,0.000,0.000,0.000,PASS,0
mh_d0_C0_DEFAULT_N8192_q16_rep3,3,4,3,sm_89,D0_FCOLLECT_SERIAL,NVSHMEM,C0_DEFAULT,2048,8192,2048,16,13,1048576,7,0,0.000,0.000,0.000,0.000,PASS,0
mh_d0_C0_DEFAULT_N8192_q16_rep3,3,4,3,sm_89,D0_FCOLLECT_SERIAL,NVSHMEM,C0_DEFAULT,2048,8192,2048,16,14,1048576,7,0,0.000,0.000,0.000,0.000,PASS,0
mh_d0_C0_DEFAULT_N8192_q16_rep3,3,4,3,sm_89,D0_FCOLLECT_SERIAL,NVSHMEM,C0_DEFAULT,2048,8192,2048,16,15,1048576,7,0,0.000,0.000,0.000,0.000,PASS,0
mh_d0_C0_DEFAULT_N8192_q16_rep3,3,4,3,sm_89,D0_FCOLLECT_SERIAL,NVSHMEM,C0_DEFAULT,2048,8192,2048,16,0,1048576,8,0,576.480,584.864,15081.761,14496.896,PASS,0
mh_d0_C0_DEFAULT_N8192_q16_rep3,3,4,3,sm_89,D0_FCOLLECT_SERIAL,NVSHMEM,C0_DEFAULT,2048,8192,2048,16,1,1048576,8,0,0.000,0.000,0.000,0.000,PASS,0
mh_d0_C0_DEFAULT_N8192_q16_rep3,3,4,3,sm_89,D0_FCOLLECT_SERIAL,NVSHMEM,C0_DEFAULT,2048,8192,2048,16,2,1048576,8,0,0.000,0.000,0.000,0.000,PASS,0
mh_d0_C0_DEFAULT_N8192_q16_rep3,3,4,3,sm_89,D0_FCOLLECT_SERIAL,NVSHMEM,C0_DEFAULT,2048,8192,2048,16,3,1048576,8,0,0.000,0.000,0.000,0.000,PASS,0
mh_d0_C0_DEFAULT_N8192_q16_rep3,3,4,3,sm_89,D0_FCOLLECT_SERIAL,NVSHMEM,C0_DEFAULT,2048,8192,2048,16,4,1048576,8,0,0.000,0.000,0.000,0.000,PASS,0
mh_d0_C0_DEFAULT_N8192_q16_rep3,3,4,3,sm_89,D0_FCOLLECT_SERIAL,NVSHMEM,C0_DEFAULT,2048,8192,2048,16,5,1048576,8,0,0.000,0.000,0.000,0.000,PASS,0
mh_d0_C0_DEFAULT_N8192_q16_rep3,3,4,3,sm_89,D0_FCOLLECT_SERIAL,NVSHMEM,C0_DEFAULT,2048,8192,2048,16,6,1048576,8,0,0.000,0.000,0.000,0.000,PASS,0
mh_d0_C0_DEFAULT_N8192_q16_rep3,3,4,3,sm_89,D0_FCOLLECT_SERIAL,NVSHMEM,C0_DEFAULT,2048,8192,2048,16,7,1048576,8,0,0.000,0.000,0.000,0.000,PASS,0
mh_d0_C0_DEFAULT_N8192_q16_rep3,3,4,3,sm_89,D0_FCOLLECT_SERIAL,NVSHMEM,C0_DEFAULT,2048,8192,2048,16,8,1048576,8,0,0.000,0.000,0.000,0.000,PASS,0
mh_d0_C0_DEFAULT_N8192_q16_rep3,3,4,3,sm_89,D0_FCOLLECT_SERIAL,NVSHMEM,C0_DEFAULT,2048,8192,2048,16,9,1048576,8,0,0.000,0.000,0.000,0.000,PASS,0
mh_d0_C0_DEFAULT_N8192_q16_rep3,3,4,3,sm_89,D0_FCOLLECT_SERIAL,NVSHMEM,C0_DEFAULT,2048,8192,2048,16,10,1048576,8,0,0.000,0.000,0.000,0.000,PASS,0
mh_d0_C0_DEFAULT_N8192_q16_rep3,3,4,3,sm_89,D0_FCOLLECT_SERIAL,NVSHMEM,C0_DEFAULT,2048,8192,2048,16,11,1048576,8,0,0.000,0.000,0.000,0.000,PASS,0
mh_d0_C0_DEFAULT_N8192_q16_rep3,3,4,3,sm_89,D0_FCOLLECT_SERIAL,NVSHMEM,C0_DEFAULT,2048,8192,2048,16,12,1048576,8,0,0.000,0.000,0.000,0.000,PASS,0
mh_d0_C0_DEFAULT_N8192_q16_rep3,3,4,3,sm_89,D0_FCOLLECT_SERIAL,NVSHMEM,C0_DEFAULT,2048,8192,2048,16,13,1048576,8,0,0.000,0.000,0.000,0.000,PASS,0
mh_d0_C0_DEFAULT_N8192_q16_rep3,3,4,3,sm_89,D0_FCOLLECT_SERIAL,NVSHMEM,C0_DEFAULT,2048,8192,2048,16,14,1048576,8,0,0.000,0.000,0.000,0.000,PASS,0
mh_d0_C0_DEFAULT_N8192_q16_rep3,3,4,3,sm_89,D0_FCOLLECT_SERIAL,NVSHMEM,C0_DEFAULT,2048,8192,2048,16,15,1048576,8,0,0.000,0.000,0.000,0.000,PASS,0
mh_d0_C0_DEFAULT_N8192_q16_rep3,3,4,3,sm_89,D0_FCOLLECT_SERIAL,NVSHMEM,C0_DEFAULT,2048,8192,2048,16,0,1048576,9,0,557.120,565.568,15063.040,14497.472,PASS,0
mh_d0_C0_DEFAULT_N8192_q16_rep3,3,4,3,sm_89,D0_FCOLLECT_SERIAL,NVSHMEM,C0_DEFAULT,2048,8192,2048,16,1,1048576,9,0,0.000,0.000,0.000,0.000,PASS,0
mh_d0_C0_DEFAULT_N8192_q16_rep3,3,4,3,sm_89,D0_FCOLLECT_SERIAL,NVSHMEM,C0_DEFAULT,2048,8192,2048,16,2,1048576,9,0,0.000,0.000,0.000,0.000,PASS,0
mh_d0_C0_DEFAULT_N8192_q16_rep3,3,4,3,sm_89,D0_FCOLLECT_SERIAL,NVSHMEM,C0_DEFAULT,2048,8192,2048,16,3,1048576,9,0,0.000,0.000,0.000,0.000,PASS,0
mh_d0_C0_DEFAULT_N8192_q16_rep3,3,4,3,sm_89,D0_FCOLLECT_SERIAL,NVSHMEM,C0_DEFAULT,2048,8192,2048,16,4,1048576,9,0,0.000,0.000,0.000,0.000,PASS,0
mh_d0_C0_DEFAULT_N8192_q16_rep3,3,4,3,sm_89,D0_FCOLLECT_SERIAL,NVSHMEM,C0_DEFAULT,2048,8192,2048,16,5,1048576,9,0,0.000,0.000,0.000,0.000,PASS,0
mh_d0_C0_DEFAULT_N8192_q16_rep3,3,4,3,sm_89,D0_FCOLLECT_SERIAL,NVSHMEM,C0_DEFAULT,2048,8192,2048,16,6,1048576,9,0,0.000,0.000,0.000,0.000,PASS,0
mh_d0_C0_DEFAULT_N8192_q16_rep3,3,4,3,sm_89,D0_FCOLLECT_SERIAL,NVSHMEM,C0_DEFAULT,2048,8192,2048,16,7,1048576,9,0,0.000,0.000,0.000,0.000,PASS,0
mh_d0_C0_DEFAULT_N8192_q16_rep3,3,4,3,sm_89,D0_FCOLLECT_SERIAL,NVSHMEM,C0_DEFAULT,2048,8192,2048,16,8,1048576,9,0,0.000,0.000,0.000,0.000,PASS,0
mh_d0_C0_DEFAULT_N8192_q16_rep3,3,4,3,sm_89,D0_FCOLLECT_SERIAL,NVSHMEM,C0_DEFAULT,2048,8192,2048,16,9,1048576,9,0,0.000,0.000,0.000,0.000,PASS,0
mh_d0_C0_DEFAULT_N8192_q16_rep3,3,4,3,sm_89,D0_FCOLLECT_SERIAL,NVSHMEM,C0_DEFAULT,2048,8192,2048,16,10,1048576,9,0,0.000,0.000,0.000,0.000,PASS,0
mh_d0_C0_DEFAULT_N8192_q16_rep3,3,4,3,sm_89,D0_FCOLLECT_SERIAL,NVSHMEM,C0_DEFAULT,2048,8192,2048,16,11,1048576,9,0,0.000,0.000,0.000,0.000,PASS,0
mh_d0_C0_DEFAULT_N8192_q16_rep3,3,4,3,sm_89,D0_FCOLLECT_SERIAL,NVSHMEM,C0_DEFAULT,2048,8192,2048,16,12,1048576,9,0,0.000,0.000,0.000,0.000,PASS,0
mh_d0_C0_DEFAULT_N8192_q16_rep3,3,4,3,sm_89,D0_FCOLLECT_SERIAL,NVSHMEM,C0_DEFAULT,2048,8192,2048,16,13,1048576,9,0,0.000,0.000,0.000,0.000,PASS,0
mh_d0_C0_DEFAULT_N8192_q16_rep3,3,4,3,sm_89,D0_FCOLLECT_SERIAL,NVSHMEM,C0_DEFAULT,2048,8192,2048,16,14,1048576,9,0,0.000,0.000,0.000,0.000,PASS,0
mh_d0_C0_DEFAULT_N8192_q16_rep3,3,4,3,sm_89,D0_FCOLLECT_SERIAL,NVSHMEM,C0_DEFAULT,2048,8192,2048,16,15,1048576,9,0,0.000,0.000,0.000,0.000,PASS,0
mh_d0_C0_DEFAULT_N8192_q16_rep3,3,4,3,sm_89,D0_FCOLLECT_SERIAL,NVSHMEM,C0_DEFAULT,2048,8192,2048,16,0,1048576,10,0,553.824,562.496,15060.576,14498.080,PASS,0
mh_d0_C0_DEFAULT_N8192_q16_rep3,3,4,3,sm_89,D0_FCOLLECT_SERIAL,NVSHMEM,C0_DEFAULT,2048,8192,2048,16,1,1048576,10,0,0.000,0.000,0.000,0.000,PASS,0
mh_d0_C0_DEFAULT_N8192_q16_rep3,3,4,3,sm_89,D0_FCOLLECT_SERIAL,NVSHMEM,C0_DEFAULT,2048,8192,2048,16,2,1048576,10,0,0.000,0.000,0.000,0.000,PASS,0
mh_d0_C0_DEFAULT_N8192_q16_rep3,3,4,3,sm_89,D0_FCOLLECT_SERIAL,NVSHMEM,C0_DEFAULT,2048,8192,2048,16,3,1048576,10,0,0.000,0.000,0.000,0.000,PASS,0
mh_d0_C0_DEFAULT_N8192_q16_rep3,3,4,3,sm_89,D0_FCOLLECT_SERIAL,NVSHMEM,C0_DEFAULT,2048,8192,2048,16,4,1048576,10,0,0.000,0.000,0.000,0.000,PASS,0
mh_d0_C0_DEFAULT_N8192_q16_rep3,3,4,3,sm_89,D0_FCOLLECT_SERIAL,NVSHMEM,C0_DEFAULT,2048,8192,2048,16,5,1048576,10,0,0.000,0.000,0.000,0.000,PASS,0
mh_d0_C0_DEFAULT_N8192_q16_rep3,3,4,3,sm_89,D0_FCOLLECT_SERIAL,NVSHMEM,C0_DEFAULT,2048,8192,2048,16,6,1048576,10,0,0.000,0.000,0.000,0.000,PASS,0
mh_d0_C0_DEFAULT_N8192_q16_rep3,3,4,3,sm_89,D0_FCOLLECT_SERIAL,NVSHMEM,C0_DEFAULT,2048,8192,2048,16,7,1048576,10,0,0.000,0.000,0.000,0.000,PASS,0
mh_d0_C0_DEFAULT_N8192_q16_rep3,3,4,3,sm_89,D0_FCOLLECT_SERIAL,NVSHMEM,C0_DEFAULT,2048,8192,2048,16,8,1048576,10,0,0.000,0.000,0.000,0.000,PASS,0
mh_d0_C0_DEFAULT_N8192_q16_rep3,3,4,3,sm_89,D0_FCOLLECT_SERIAL,NVSHMEM,C0_DEFAULT,2048,8192,2048,16,9,1048576,10,0,0.000,0.000,0.000,0.000,PASS,0
mh_d0_C0_DEFAULT_N8192_q16_rep3,3,4,3,sm_89,D0_FCOLLECT_SERIAL,NVSHMEM,C0_DEFAULT,2048,8192,2048,16,10,1048576,10,0,0.000,0.000,0.000,0.000,PASS,0
mh_d0_C0_DEFAULT_N8192_q16_rep3,3,4,3,sm_89,D0_FCOLLECT_SERIAL,NVSHMEM,C0_DEFAULT,2048,8192,2048,16,11,1048576,10,0,0.000,0.000,0.000,0.000,PASS,0
mh_d0_C0_DEFAULT_N8192_q16_rep3,3,4,3,sm_89,D0_FCOLLECT_SERIAL,NVSHMEM,C0_DEFAULT,2048,8192,2048,16,12,1048576,10,0,0.000,0.000,0.000,0.000,PASS,0
mh_d0_C0_DEFAULT_N8192_q16_rep3,3,4,3,sm_89,D0_FCOLLECT_SERIAL,NVSHMEM,C0_DEFAULT,2048,8192,2048,16,13,1048576,10,0,0.000,0.000,0.000,0.000,PASS,0
mh_d0_C0_DEFAULT_N8192_q16_rep3,3,4,3,sm_89,D0_FCOLLECT_SERIAL,NVSHMEM,C0_DEFAULT,2048,8192,2048,16,14,1048576,10,0,0.000,0.000,0.000,0.000,PASS,0
mh_d0_C0_DEFAULT_N8192_q16_rep3,3,4,3,sm_89,D0_FCOLLECT_SERIAL,NVSHMEM,C0_DEFAULT,2048,8192,2048,16,15,1048576,10,0,0.000,0.000,0.000,0.000,PASS,0
mh_d0_C0_DEFAULT_N8192_q16_rep3,3,4,3,sm_89,D0_FCOLLECT_SERIAL,NVSHMEM,C0_DEFAULT,2048,8192,2048,16,0,1048576,11,0,550.080,558.752,15056.128,14497.376,PASS,0
mh_d0_C0_DEFAULT_N8192_q16_rep3,3,4,3,sm_89,D0_FCOLLECT_SERIAL,NVSHMEM,C0_DEFAULT,2048,8192,2048,16,1,1048576,11,0,0.000,0.000,0.000,0.000,PASS,0
mh_d0_C0_DEFAULT_N8192_q16_rep3,3,4,3,sm_89,D0_FCOLLECT_SERIAL,NVSHMEM,C0_DEFAULT,2048,8192,2048,16,2,1048576,11,0,0.000,0.000,0.000,0.000,PASS,0
mh_d0_C0_DEFAULT_N8192_q16_rep3,3,4,3,sm_89,D0_FCOLLECT_SERIAL,NVSHMEM,C0_DEFAULT,2048,8192,2048,16,3,1048576,11,0,0.000,0.000,0.000,0.000,PASS,0
mh_d0_C0_DEFAULT_N8192_q16_rep3,3,4,3,sm_89,D0_FCOLLECT_SERIAL,NVSHMEM,C0_DEFAULT,2048,8192,2048,16,4,1048576,11,0,0.000,0.000,0.000,0.000,PASS,0
mh_d0_C0_DEFAULT_N8192_q16_rep3,3,4,3,sm_89,D0_FCOLLECT_SERIAL,NVSHMEM,C0_DEFAULT,2048,8192,2048,16,5,1048576,11,0,0.000,0.000,0.000,0.000,PASS,0
mh_d0_C0_DEFAULT_N8192_q16_rep3,3,4,3,sm_89,D0_FCOLLECT_SERIAL,NVSHMEM,C0_DEFAULT,2048,8192,2048,16,6,1048576,11,0,0.000,0.000,0.000,0.000,PASS,0
mh_d0_C0_DEFAULT_N8192_q16_rep3,3,4,3,sm_89,D0_FCOLLECT_SERIAL,NVSHMEM,C0_DEFAULT,2048,8192,2048,16,7,1048576,11,0,0.000,0.000,0.000,0.000,PASS,0
mh_d0_C0_DEFAULT_N8192_q16_rep3,3,4,3,sm_89,D0_FCOLLECT_SERIAL,NVSHMEM,C0_DEFAULT,2048,8192,2048,16,8,1048576,11,0,0.000,0.000,0.000,0.000,PASS,0
mh_d0_C0_DEFAULT_N8192_q16_rep3,3,4,3,sm_89,D0_FCOLLECT_SERIAL,NVSHMEM,C0_DEFAULT,2048,8192,2048,16,9,1048576,11,0,0.000,0.000,0.000,0.000,PASS,0
mh_d0_C0_DEFAULT_N8192_q16_rep3,3,4,3,sm_89,D0_FCOLLECT_SERIAL,NVSHMEM,C0_DEFAULT,2048,8192,2048,16,10,1048576,11,0,0.000,0.000,0.000,0.000,PASS,0
mh_d0_C0_DEFAULT_N8192_q16_rep3,3,4,3,sm_89,D0_FCOLLECT_SERIAL,NVSHMEM,C0_DEFAULT,2048,8192,2048,16,11,1048576,11,0,0.000,0.000,0.000,0.000,PASS,0
mh_d0_C0_DEFAULT_N8192_q16_rep3,3,4,3,sm_89,D0_FCOLLECT_SERIAL,NVSHMEM,C0_DEFAULT,2048,8192,2048,16,12,1048576,11,0,0.000,0.000,0.000,0.000,PASS,0
mh_d0_C0_DEFAULT_N8192_q16_rep3,3,4,3,sm_89,D0_FCOLLECT_SERIAL,NVSHMEM,C0_DEFAULT,2048,8192,2048,16,13,1048576,11,0,0.000,0.000,0.000,0.000,PASS,0
mh_d0_C0_DEFAULT_N8192_q16_rep3,3,4,3,sm_89,D0_FCOLLECT_SERIAL,NVSHMEM,C0_DEFAULT,2048,8192,2048,16,14,1048576,11,0,0.000,0.000,0.000,0.000,PASS,0
mh_d0_C0_DEFAULT_N8192_q16_rep3,3,4,3,sm_89,D0_FCOLLECT_SERIAL,NVSHMEM,C0_DEFAULT,2048,8192,2048,16,15,1048576,11,0,0.000,0.000,0.000,0.000,PASS,0
mh_d0_C0_DEFAULT_N8192_q16_rep3,3,4,3,sm_89,D0_FCOLLECT_SERIAL,NVSHMEM,C0_DEFAULT,2048,8192,2048,16,0,1048576,12,0,552.864,561.280,15057.216,14495.937,PASS,0
mh_d0_C0_DEFAULT_N8192_q16_rep3,3,4,3,sm_89,D0_FCOLLECT_SERIAL,NVSHMEM,C0_DEFAULT,2048,8192,2048,16,1,1048576,12,0,0.000,0.000,0.000,0.000,PASS,0
mh_d0_C0_DEFAULT_N8192_q16_rep3,3,4,3,sm_89,D0_FCOLLECT_SERIAL,NVSHMEM,C0_DEFAULT,2048,8192,2048,16,2,1048576,12,0,0.000,0.000,0.000,0.000,PASS,0
mh_d0_C0_DEFAULT_N8192_q16_rep3,3,4,3,sm_89,D0_FCOLLECT_SERIAL,NVSHMEM,C0_DEFAULT,2048,8192,2048,16,3,1048576,12,0,0.000,0.000,0.000,0.000,PASS,0
mh_d0_C0_DEFAULT_N8192_q16_rep3,3,4,3,sm_89,D0_FCOLLECT_SERIAL,NVSHMEM,C0_DEFAULT,2048,8192,2048,16,4,1048576,12,0,0.000,0.000,0.000,0.000,PASS,0
mh_d0_C0_DEFAULT_N8192_q16_rep3,3,4,3,sm_89,D0_FCOLLECT_SERIAL,NVSHMEM,C0_DEFAULT,2048,8192,2048,16,5,1048576,12,0,0.000,0.000,0.000,0.000,PASS,0
mh_d0_C0_DEFAULT_N8192_q16_rep3,3,4,3,sm_89,D0_FCOLLECT_SERIAL,NVSHMEM,C0_DEFAULT,2048,8192,2048,16,6,1048576,12,0,0.000,0.000,0.000,0.000,PASS,0
mh_d0_C0_DEFAULT_N8192_q16_rep3,3,4,3,sm_89,D0_FCOLLECT_SERIAL,NVSHMEM,C0_DEFAULT,2048,8192,2048,16,7,1048576,12,0,0.000,0.000,0.000,0.000,PASS,0
mh_d0_C0_DEFAULT_N8192_q16_rep3,3,4,3,sm_89,D0_FCOLLECT_SERIAL,NVSHMEM,C0_DEFAULT,2048,8192,2048,16,8,1048576,12,0,0.000,0.000,0.000,0.000,PASS,0
mh_d0_C0_DEFAULT_N8192_q16_rep3,3,4,3,sm_89,D0_FCOLLECT_SERIAL,NVSHMEM,C0_DEFAULT,2048,8192,2048,16,9,1048576,12,0,0.000,0.000,0.000,0.000,PASS,0
mh_d0_C0_DEFAULT_N8192_q16_rep3,3,4,3,sm_89,D0_FCOLLECT_SERIAL,NVSHMEM,C0_DEFAULT,2048,8192,2048,16,10,1048576,12,0,0.000,0.000,0.000,0.000,PASS,0
mh_d0_C0_DEFAULT_N8192_q16_rep3,3,4,3,sm_89,D0_FCOLLECT_SERIAL,NVSHMEM,C0_DEFAULT,2048,8192,2048,16,11,1048576,12,0,0.000,0.000,0.000,0.000,PASS,0
mh_d0_C0_DEFAULT_N8192_q16_rep3,3,4,3,sm_89,D0_FCOLLECT_SERIAL,NVSHMEM,C0_DEFAULT,2048,8192,2048,16,12,1048576,12,0,0.000,0.000,0.000,0.000,PASS,0
mh_d0_C0_DEFAULT_N8192_q16_rep3,3,4,3,sm_89,D0_FCOLLECT_SERIAL,NVSHMEM,C0_DEFAULT,2048,8192,2048,16,13,1048576,12,0,0.000,0.000,0.000,0.000,PASS,0
mh_d0_C0_DEFAULT_N8192_q16_rep3,3,4,3,sm_89,D0_FCOLLECT_SERIAL,NVSHMEM,C0_DEFAULT,2048,8192,2048,16,14,1048576,12,0,0.000,0.000,0.000,0.000,PASS,0
mh_d0_C0_DEFAULT_N8192_q16_rep3,3,4,3,sm_89,D0_FCOLLECT_SERIAL,NVSHMEM,C0_DEFAULT,2048,8192,2048,16,15,1048576,12,0,0.000,0.000,0.000,0.000,PASS,0
mh_d0_C0_DEFAULT_N8192_q16_rep3,3,4,3,sm_89,D0_FCOLLECT_SERIAL,NVSHMEM,C0_DEFAULT,2048,8192,2048,16,0,1048576,13,0,563.040,571.872,15065.823,14493.952,PASS,0
mh_d0_C0_DEFAULT_N8192_q16_rep3,3,4,3,sm_89,D0_FCOLLECT_SERIAL,NVSHMEM,C0_DEFAULT,2048,8192,2048,16,1,1048576,13,0,0.000,0.000,0.000,0.000,PASS,0
mh_d0_C0_DEFAULT_N8192_q16_rep3,3,4,3,sm_89,D0_FCOLLECT_SERIAL,NVSHMEM,C0_DEFAULT,2048,8192,2048,16,2,1048576,13,0,0.000,0.000,0.000,0.000,PASS,0
mh_d0_C0_DEFAULT_N8192_q16_rep3,3,4,3,sm_89,D0_FCOLLECT_SERIAL,NVSHMEM,C0_DEFAULT,2048,8192,2048,16,3,1048576,13,0,0.000,0.000,0.000,0.000,PASS,0
mh_d0_C0_DEFAULT_N8192_q16_rep3,3,4,3,sm_89,D0_FCOLLECT_SERIAL,NVSHMEM,C0_DEFAULT,2048,8192,2048,16,4,1048576,13,0,0.000,0.000,0.000,0.000,PASS,0
mh_d0_C0_DEFAULT_N8192_q16_rep3,3,4,3,sm_89,D0_FCOLLECT_SERIAL,NVSHMEM,C0_DEFAULT,2048,8192,2048,16,5,1048576,13,0,0.000,0.000,0.000,0.000,PASS,0
mh_d0_C0_DEFAULT_N8192_q16_rep3,3,4,3,sm_89,D0_FCOLLECT_SERIAL,NVSHMEM,C0_DEFAULT,2048,8192,2048,16,6,1048576,13,0,0.000,0.000,0.000,0.000,PASS,0
mh_d0_C0_DEFAULT_N8192_q16_rep3,3,4,3,sm_89,D0_FCOLLECT_SERIAL,NVSHMEM,C0_DEFAULT,2048,8192,2048,16,7,1048576,13,0,0.000,0.000,0.000,0.000,PASS,0
mh_d0_C0_DEFAULT_N8192_q16_rep3,3,4,3,sm_89,D0_FCOLLECT_SERIAL,NVSHMEM,C0_DEFAULT,2048,8192,2048,16,8,1048576,13,0,0.000,0.000,0.000,0.000,PASS,0
mh_d0_C0_DEFAULT_N8192_q16_rep3,3,4,3,sm_89,D0_FCOLLECT_SERIAL,NVSHMEM,C0_DEFAULT,2048,8192,2048,16,9,1048576,13,0,0.000,0.000,0.000,0.000,PASS,0
mh_d0_C0_DEFAULT_N8192_q16_rep3,3,4,3,sm_89,D0_FCOLLECT_SERIAL,NVSHMEM,C0_DEFAULT,2048,8192,2048,16,10,1048576,13,0,0.000,0.000,0.000,0.000,PASS,0
mh_d0_C0_DEFAULT_N8192_q16_rep3,3,4,3,sm_89,D0_FCOLLECT_SERIAL,NVSHMEM,C0_DEFAULT,2048,8192,2048,16,11,1048576,13,0,0.000,0.000,0.000,0.000,PASS,0
mh_d0_C0_DEFAULT_N8192_q16_rep3,3,4,3,sm_89,D0_FCOLLECT_SERIAL,NVSHMEM,C0_DEFAULT,2048,8192,2048,16,12,1048576,13,0,0.000,0.000,0.000,0.000,PASS,0
mh_d0_C0_DEFAULT_N8192_q16_rep3,3,4,3,sm_89,D0_FCOLLECT_SERIAL,NVSHMEM,C0_DEFAULT,2048,8192,2048,16,13,1048576,13,0,0.000,0.000,0.000,0.000,PASS,0
mh_d0_C0_DEFAULT_N8192_q16_rep3,3,4,3,sm_89,D0_FCOLLECT_SERIAL,NVSHMEM,C0_DEFAULT,2048,8192,2048,16,14,1048576,13,0,0.000,0.000,0.000,0.000,PASS,0
mh_d0_C0_DEFAULT_N8192_q16_rep3,3,4,3,sm_89,D0_FCOLLECT_SERIAL,NVSHMEM,C0_DEFAULT,2048,8192,2048,16,15,1048576,13,0,0.000,0.000,0.000,0.000,PASS,0
mh_d0_C0_DEFAULT_N8192_q16_rep3,3,4,3,sm_89,D0_FCOLLECT_SERIAL,NVSHMEM,C0_DEFAULT,2048,8192,2048,16,0,1048576,14,0,563.808,572.384,15066.465,14494.080,PASS,0
mh_d0_C0_DEFAULT_N8192_q16_rep3,3,4,3,sm_89,D0_FCOLLECT_SERIAL,NVSHMEM,C0_DEFAULT,2048,8192,2048,16,1,1048576,14,0,0.000,0.000,0.000,0.000,PASS,0
mh_d0_C0_DEFAULT_N8192_q16_rep3,3,4,3,sm_89,D0_FCOLLECT_SERIAL,NVSHMEM,C0_DEFAULT,2048,8192,2048,16,2,1048576,14,0,0.000,0.000,0.000,0.000,PASS,0
mh_d0_C0_DEFAULT_N8192_q16_rep3,3,4,3,sm_89,D0_FCOLLECT_SERIAL,NVSHMEM,C0_DEFAULT,2048,8192,2048,16,3,1048576,14,0,0.000,0.000,0.000,0.000,PASS,0
mh_d0_C0_DEFAULT_N8192_q16_rep3,3,4,3,sm_89,D0_FCOLLECT_SERIAL,NVSHMEM,C0_DEFAULT,2048,8192,2048,16,4,1048576,14,0,0.000,0.000,0.000,0.000,PASS,0
mh_d0_C0_DEFAULT_N8192_q16_rep3,3,4,3,sm_89,D0_FCOLLECT_SERIAL,NVSHMEM,C0_DEFAULT,2048,8192,2048,16,5,1048576,14,0,0.000,0.000,0.000,0.000,PASS,0
mh_d0_C0_DEFAULT_N8192_q16_rep3,3,4,3,sm_89,D0_FCOLLECT_SERIAL,NVSHMEM,C0_DEFAULT,2048,8192,2048,16,6,1048576,14,0,0.000,0.000,0.000,0.000,PASS,0
mh_d0_C0_DEFAULT_N8192_q16_rep3,3,4,3,sm_89,D0_FCOLLECT_SERIAL,NVSHMEM,C0_DEFAULT,2048,8192,2048,16,7,1048576,14,0,0.000,0.000,0.000,0.000,PASS,0
mh_d0_C0_DEFAULT_N8192_q16_rep3,3,4,3,sm_89,D0_FCOLLECT_SERIAL,NVSHMEM,C0_DEFAULT,2048,8192,2048,16,8,1048576,14,0,0.000,0.000,0.000,0.000,PASS,0
mh_d0_C0_DEFAULT_N8192_q16_rep3,3,4,3,sm_89,D0_FCOLLECT_SERIAL,NVSHMEM,C0_DEFAULT,2048,8192,2048,16,9,1048576,14,0,0.000,0.000,0.000,0.000,PASS,0
mh_d0_C0_DEFAULT_N8192_q16_rep3,3,4,3,sm_89,D0_FCOLLECT_SERIAL,NVSHMEM,C0_DEFAULT,2048,8192,2048,16,10,1048576,14,0,0.000,0.000,0.000,0.000,PASS,0
mh_d0_C0_DEFAULT_N8192_q16_rep3,3,4,3,sm_89,D0_FCOLLECT_SERIAL,NVSHMEM,C0_DEFAULT,2048,8192,2048,16,11,1048576,14,0,0.000,0.000,0.000,0.000,PASS,0
mh_d0_C0_DEFAULT_N8192_q16_rep3,3,4,3,sm_89,D0_FCOLLECT_SERIAL,NVSHMEM,C0_DEFAULT,2048,8192,2048,16,12,1048576,14,0,0.000,0.000,0.000,0.000,PASS,0
mh_d0_C0_DEFAULT_N8192_q16_rep3,3,4,3,sm_89,D0_FCOLLECT_SERIAL,NVSHMEM,C0_DEFAULT,2048,8192,2048,16,13,1048576,14,0,0.000,0.000,0.000,0.000,PASS,0
mh_d0_C0_DEFAULT_N8192_q16_rep3,3,4,3,sm_89,D0_FCOLLECT_SERIAL,NVSHMEM,C0_DEFAULT,2048,8192,2048,16,14,1048576,14,0,0.000,0.000,0.000,0.000,PASS,0
mh_d0_C0_DEFAULT_N8192_q16_rep3,3,4,3,sm_89,D0_FCOLLECT_SERIAL,NVSHMEM,C0_DEFAULT,2048,8192,2048,16,15,1048576,14,0,0.000,0.000,0.000,0.000,PASS,0
mh_d0_C0_DEFAULT_N8192_q16_rep3,3,4,3,sm_89,D0_FCOLLECT_SERIAL,NVSHMEM,C0_DEFAULT,2048,8192,2048,16,0,1048576,15,0,562.976,571.264,15068.224,14496.960,PASS,0
mh_d0_C0_DEFAULT_N8192_q16_rep3,3,4,3,sm_89,D0_FCOLLECT_SERIAL,NVSHMEM,C0_DEFAULT,2048,8192,2048,16,1,1048576,15,0,0.000,0.000,0.000,0.000,PASS,0
mh_d0_C0_DEFAULT_N8192_q16_rep3,3,4,3,sm_89,D0_FCOLLECT_SERIAL,NVSHMEM,C0_DEFAULT,2048,8192,2048,16,2,1048576,15,0,0.000,0.000,0.000,0.000,PASS,0
mh_d0_C0_DEFAULT_N8192_q16_rep3,3,4,3,sm_89,D0_FCOLLECT_SERIAL,NVSHMEM,C0_DEFAULT,2048,8192,2048,16,3,1048576,15,0,0.000,0.000,0.000,0.000,PASS,0
mh_d0_C0_DEFAULT_N8192_q16_rep3,3,4,3,sm_89,D0_FCOLLECT_SERIAL,NVSHMEM,C0_DEFAULT,2048,8192,2048,16,4,1048576,15,0,0.000,0.000,0.000,0.000,PASS,0
mh_d0_C0_DEFAULT_N8192_q16_rep3,3,4,3,sm_89,D0_FCOLLECT_SERIAL,NVSHMEM,C0_DEFAULT,2048,8192,2048,16,5,1048576,15,0,0.000,0.000,0.000,0.000,PASS,0
mh_d0_C0_DEFAULT_N8192_q16_rep3,3,4,3,sm_89,D0_FCOLLECT_SERIAL,NVSHMEM,C0_DEFAULT,2048,8192,2048,16,6,1048576,15,0,0.000,0.000,0.000,0.000,PASS,0
mh_d0_C0_DEFAULT_N8192_q16_rep3,3,4,3,sm_89,D0_FCOLLECT_SERIAL,NVSHMEM,C0_DEFAULT,2048,8192,2048,16,7,1048576,15,0,0.000,0.000,0.000,0.000,PASS,0
mh_d0_C0_DEFAULT_N8192_q16_rep3,3,4,3,sm_89,D0_FCOLLECT_SERIAL,NVSHMEM,C0_DEFAULT,2048,8192,2048,16,8,1048576,15,0,0.000,0.000,0.000,0.000,PASS,0
mh_d0_C0_DEFAULT_N8192_q16_rep3,3,4,3,sm_89,D0_FCOLLECT_SERIAL,NVSHMEM,C0_DEFAULT,2048,8192,2048,16,9,1048576,15,0,0.000,0.000,0.000,0.000,PASS,0
mh_d0_C0_DEFAULT_N8192_q16_rep3,3,4,3,sm_89,D0_FCOLLECT_SERIAL,NVSHMEM,C0_DEFAULT,2048,8192,2048,16,10,1048576,15,0,0.000,0.000,0.000,0.000,PASS,0
mh_d0_C0_DEFAULT_N8192_q16_rep3,3,4,3,sm_89,D0_FCOLLECT_SERIAL,NVSHMEM,C0_DEFAULT,2048,8192,2048,16,11,1048576,15,0,0.000,0.000,0.000,0.000,PASS,0
mh_d0_C0_DEFAULT_N8192_q16_rep3,3,4,3,sm_89,D0_FCOLLECT_SERIAL,NVSHMEM,C0_DEFAULT,2048,8192,2048,16,12,1048576,15,0,0.000,0.000,0.000,0.000,PASS,0
mh_d0_C0_DEFAULT_N8192_q16_rep3,3,4,3,sm_89,D0_FCOLLECT_SERIAL,NVSHMEM,C0_DEFAULT,2048,8192,2048,16,13,1048576,15,0,0.000,0.000,0.000,0.000,PASS,0
mh_d0_C0_DEFAULT_N8192_q16_rep3,3,4,3,sm_89,D0_FCOLLECT_SERIAL,NVSHMEM,C0_DEFAULT,2048,8192,2048,16,14,1048576,15,0,0.000,0.000,0.000,0.000,PASS,0
mh_d0_C0_DEFAULT_N8192_q16_rep3,3,4,3,sm_89,D0_FCOLLECT_SERIAL,NVSHMEM,C0_DEFAULT,2048,8192,2048,16,15,1048576,15,0,0.000,0.000,0.000,0.000,PASS,0
mh_d0_C0_DEFAULT_N8192_q16_rep3,3,4,3,sm_89,D0_FCOLLECT_SERIAL,NVSHMEM,C0_DEFAULT,2048,8192,2048,16,0,1048576,16,0,550.592,559.104,15055.136,14496.032,PASS,0
mh_d0_C0_DEFAULT_N8192_q16_rep3,3,4,3,sm_89,D0_FCOLLECT_SERIAL,NVSHMEM,C0_DEFAULT,2048,8192,2048,16,1,1048576,16,0,0.000,0.000,0.000,0.000,PASS,0
mh_d0_C0_DEFAULT_N8192_q16_rep3,3,4,3,sm_89,D0_FCOLLECT_SERIAL,NVSHMEM,C0_DEFAULT,2048,8192,2048,16,2,1048576,16,0,0.000,0.000,0.000,0.000,PASS,0
mh_d0_C0_DEFAULT_N8192_q16_rep3,3,4,3,sm_89,D0_FCOLLECT_SERIAL,NVSHMEM,C0_DEFAULT,2048,8192,2048,16,3,1048576,16,0,0.000,0.000,0.000,0.000,PASS,0
mh_d0_C0_DEFAULT_N8192_q16_rep3,3,4,3,sm_89,D0_FCOLLECT_SERIAL,NVSHMEM,C0_DEFAULT,2048,8192,2048,16,4,1048576,16,0,0.000,0.000,0.000,0.000,PASS,0
mh_d0_C0_DEFAULT_N8192_q16_rep3,3,4,3,sm_89,D0_FCOLLECT_SERIAL,NVSHMEM,C0_DEFAULT,2048,8192,2048,16,5,1048576,16,0,0.000,0.000,0.000,0.000,PASS,0
mh_d0_C0_DEFAULT_N8192_q16_rep3,3,4,3,sm_89,D0_FCOLLECT_SERIAL,NVSHMEM,C0_DEFAULT,2048,8192,2048,16,6,1048576,16,0,0.000,0.000,0.000,0.000,PASS,0
mh_d0_C0_DEFAULT_N8192_q16_rep3,3,4,3,sm_89,D0_FCOLLECT_SERIAL,NVSHMEM,C0_DEFAULT,2048,8192,2048,16,7,1048576,16,0,0.000,0.000,0.000,0.000,PASS,0
mh_d0_C0_DEFAULT_N8192_q16_rep3,3,4,3,sm_89,D0_FCOLLECT_SERIAL,NVSHMEM,C0_DEFAULT,2048,8192,2048,16,8,1048576,16,0,0.000,0.000,0.000,0.000,PASS,0
mh_d0_C0_DEFAULT_N8192_q16_rep3,3,4,3,sm_89,D0_FCOLLECT_SERIAL,NVSHMEM,C0_DEFAULT,2048,8192,2048,16,9,1048576,16,0,0.000,0.000,0.000,0.000,PASS,0
mh_d0_C0_DEFAULT_N8192_q16_rep3,3,4,3,sm_89,D0_FCOLLECT_SERIAL,NVSHMEM,C0_DEFAULT,2048,8192,2048,16,10,1048576,16,0,0.000,0.000,0.000,0.000,PASS,0
mh_d0_C0_DEFAULT_N8192_q16_rep3,3,4,3,sm_89,D0_FCOLLECT_SERIAL,NVSHMEM,C0_DEFAULT,2048,8192,2048,16,11,1048576,16,0,0.000,0.000,0.000,0.000,PASS,0
mh_d0_C0_DEFAULT_N8192_q16_rep3,3,4,3,sm_89,D0_FCOLLECT_SERIAL,NVSHMEM,C0_DEFAULT,2048,8192,2048,16,12,1048576,16,0,0.000,0.000,0.000,0.000,PASS,0
mh_d0_C0_DEFAULT_N8192_q16_rep3,3,4,3,sm_89,D0_FCOLLECT_SERIAL,NVSHMEM,C0_DEFAULT,2048,8192,2048,16,13,1048576,16,0,0.000,0.000,0.000,0.000,PASS,0
mh_d0_C0_DEFAULT_N8192_q16_rep3,3,4,3,sm_89,D0_FCOLLECT_SERIAL,NVSHMEM,C0_DEFAULT,2048,8192,2048,16,14,1048576,16,0,0.000,0.000,0.000,0.000,PASS,0
mh_d0_C0_DEFAULT_N8192_q16_rep3,3,4,3,sm_89,D0_FCOLLECT_SERIAL,NVSHMEM,C0_DEFAULT,2048,8192,2048,16,15,1048576,16,0,0.000,0.000,0.000,0.000,PASS,0
mh_d0_C0_DEFAULT_N8192_q16_rep3,3,4,3,sm_89,D0_FCOLLECT_SERIAL,NVSHMEM,C0_DEFAULT,2048,8192,2048,16,0,1048576,17,0,549.568,557.952,15052.992,14495.040,PASS,0
mh_d0_C0_DEFAULT_N8192_q16_rep3,3,4,3,sm_89,D0_FCOLLECT_SERIAL,NVSHMEM,C0_DEFAULT,2048,8192,2048,16,1,1048576,17,0,0.000,0.000,0.000,0.000,PASS,0
mh_d0_C0_DEFAULT_N8192_q16_rep3,3,4,3,sm_89,D0_FCOLLECT_SERIAL,NVSHMEM,C0_DEFAULT,2048,8192,2048,16,2,1048576,17,0,0.000,0.000,0.000,0.000,PASS,0
mh_d0_C0_DEFAULT_N8192_q16_rep3,3,4,3,sm_89,D0_FCOLLECT_SERIAL,NVSHMEM,C0_DEFAULT,2048,8192,2048,16,3,1048576,17,0,0.000,0.000,0.000,0.000,PASS,0
mh_d0_C0_DEFAULT_N8192_q16_rep3,3,4,3,sm_89,D0_FCOLLECT_SERIAL,NVSHMEM,C0_DEFAULT,2048,8192,2048,16,4,1048576,17,0,0.000,0.000,0.000,0.000,PASS,0
mh_d0_C0_DEFAULT_N8192_q16_rep3,3,4,3,sm_89,D0_FCOLLECT_SERIAL,NVSHMEM,C0_DEFAULT,2048,8192,2048,16,5,1048576,17,0,0.000,0.000,0.000,0.000,PASS,0
mh_d0_C0_DEFAULT_N8192_q16_rep3,3,4,3,sm_89,D0_FCOLLECT_SERIAL,NVSHMEM,C0_DEFAULT,2048,8192,2048,16,6,1048576,17,0,0.000,0.000,0.000,0.000,PASS,0
mh_d0_C0_DEFAULT_N8192_q16_rep3,3,4,3,sm_89,D0_FCOLLECT_SERIAL,NVSHMEM,C0_DEFAULT,2048,8192,2048,16,7,1048576,17,0,0.000,0.000,0.000,0.000,PASS,0
mh_d0_C0_DEFAULT_N8192_q16_rep3,3,4,3,sm_89,D0_FCOLLECT_SERIAL,NVSHMEM,C0_DEFAULT,2048,8192,2048,16,8,1048576,17,0,0.000,0.000,0.000,0.000,PASS,0
mh_d0_C0_DEFAULT_N8192_q16_rep3,3,4,3,sm_89,D0_FCOLLECT_SERIAL,NVSHMEM,C0_DEFAULT,2048,8192,2048,16,9,1048576,17,0,0.000,0.000,0.000,0.000,PASS,0
mh_d0_C0_DEFAULT_N8192_q16_rep3,3,4,3,sm_89,D0_FCOLLECT_SERIAL,NVSHMEM,C0_DEFAULT,2048,8192,2048,16,10,1048576,17,0,0.000,0.000,0.000,0.000,PASS,0
mh_d0_C0_DEFAULT_N8192_q16_rep3,3,4,3,sm_89,D0_FCOLLECT_SERIAL,NVSHMEM,C0_DEFAULT,2048,8192,2048,16,11,1048576,17,0,0.000,0.000,0.000,0.000,PASS,0
mh_d0_C0_DEFAULT_N8192_q16_rep3,3,4,3,sm_89,D0_FCOLLECT_SERIAL,NVSHMEM,C0_DEFAULT,2048,8192,2048,16,12,1048576,17,0,0.000,0.000,0.000,0.000,PASS,0
mh_d0_C0_DEFAULT_N8192_q16_rep3,3,4,3,sm_89,D0_FCOLLECT_SERIAL,NVSHMEM,C0_DEFAULT,2048,8192,2048,16,13,1048576,17,0,0.000,0.000,0.000,0.000,PASS,0
mh_d0_C0_DEFAULT_N8192_q16_rep3,3,4,3,sm_89,D0_FCOLLECT_SERIAL,NVSHMEM,C0_DEFAULT,2048,8192,2048,16,14,1048576,17,0,0.000,0.000,0.000,0.000,PASS,0
mh_d0_C0_DEFAULT_N8192_q16_rep3,3,4,3,sm_89,D0_FCOLLECT_SERIAL,NVSHMEM,C0_DEFAULT,2048,8192,2048,16,15,1048576,17,0,0.000,0.000,0.000,0.000,PASS,0
mh_d0_C0_DEFAULT_N8192_q16_rep3,3,4,3,sm_89,D0_FCOLLECT_SERIAL,NVSHMEM,C0_DEFAULT,2048,8192,2048,16,0,1048576,18,0,548.544,557.152,15053.152,14496.000,PASS,0
mh_d0_C0_DEFAULT_N8192_q16_rep3,3,4,3,sm_89,D0_FCOLLECT_SERIAL,NVSHMEM,C0_DEFAULT,2048,8192,2048,16,1,1048576,18,0,0.000,0.000,0.000,0.000,PASS,0
mh_d0_C0_DEFAULT_N8192_q16_rep3,3,4,3,sm_89,D0_FCOLLECT_SERIAL,NVSHMEM,C0_DEFAULT,2048,8192,2048,16,2,1048576,18,0,0.000,0.000,0.000,0.000,PASS,0
mh_d0_C0_DEFAULT_N8192_q16_rep3,3,4,3,sm_89,D0_FCOLLECT_SERIAL,NVSHMEM,C0_DEFAULT,2048,8192,2048,16,3,1048576,18,0,0.000,0.000,0.000,0.000,PASS,0
mh_d0_C0_DEFAULT_N8192_q16_rep3,3,4,3,sm_89,D0_FCOLLECT_SERIAL,NVSHMEM,C0_DEFAULT,2048,8192,2048,16,4,1048576,18,0,0.000,0.000,0.000,0.000,PASS,0
mh_d0_C0_DEFAULT_N8192_q16_rep3,3,4,3,sm_89,D0_FCOLLECT_SERIAL,NVSHMEM,C0_DEFAULT,2048,8192,2048,16,5,1048576,18,0,0.000,0.000,0.000,0.000,PASS,0
mh_d0_C0_DEFAULT_N8192_q16_rep3,3,4,3,sm_89,D0_FCOLLECT_SERIAL,NVSHMEM,C0_DEFAULT,2048,8192,2048,16,6,1048576,18,0,0.000,0.000,0.000,0.000,PASS,0
mh_d0_C0_DEFAULT_N8192_q16_rep3,3,4,3,sm_89,D0_FCOLLECT_SERIAL,NVSHMEM,C0_DEFAULT,2048,8192,2048,16,7,1048576,18,0,0.000,0.000,0.000,0.000,PASS,0
mh_d0_C0_DEFAULT_N8192_q16_rep3,3,4,3,sm_89,D0_FCOLLECT_SERIAL,NVSHMEM,C0_DEFAULT,2048,8192,2048,16,8,1048576,18,0,0.000,0.000,0.000,0.000,PASS,0
mh_d0_C0_DEFAULT_N8192_q16_rep3,3,4,3,sm_89,D0_FCOLLECT_SERIAL,NVSHMEM,C0_DEFAULT,2048,8192,2048,16,9,1048576,18,0,0.000,0.000,0.000,0.000,PASS,0
mh_d0_C0_DEFAULT_N8192_q16_rep3,3,4,3,sm_89,D0_FCOLLECT_SERIAL,NVSHMEM,C0_DEFAULT,2048,8192,2048,16,10,1048576,18,0,0.000,0.000,0.000,0.000,PASS,0
mh_d0_C0_DEFAULT_N8192_q16_rep3,3,4,3,sm_89,D0_FCOLLECT_SERIAL,NVSHMEM,C0_DEFAULT,2048,8192,2048,16,11,1048576,18,0,0.000,0.000,0.000,0.000,PASS,0
mh_d0_C0_DEFAULT_N8192_q16_rep3,3,4,3,sm_89,D0_FCOLLECT_SERIAL,NVSHMEM,C0_DEFAULT,2048,8192,2048,16,12,1048576,18,0,0.000,0.000,0.000,0.000,PASS,0
mh_d0_C0_DEFAULT_N8192_q16_rep3,3,4,3,sm_89,D0_FCOLLECT_SERIAL,NVSHMEM,C0_DEFAULT,2048,8192,2048,16,13,1048576,18,0,0.000,0.000,0.000,0.000,PASS,0
mh_d0_C0_DEFAULT_N8192_q16_rep3,3,4,3,sm_89,D0_FCOLLECT_SERIAL,NVSHMEM,C0_DEFAULT,2048,8192,2048,16,14,1048576,18,0,0.000,0.000,0.000,0.000,PASS,0
mh_d0_C0_DEFAULT_N8192_q16_rep3,3,4,3,sm_89,D0_FCOLLECT_SERIAL,NVSHMEM,C0_DEFAULT,2048,8192,2048,16,15,1048576,18,0,0.000,0.000,0.000,0.000,PASS,0
mh_d0_C0_DEFAULT_N8192_q16_rep3,3,4,3,sm_89,D0_FCOLLECT_SERIAL,NVSHMEM,C0_DEFAULT,2048,8192,2048,16,0,1048576,19,0,559.968,568.256,15065.247,14496.992,PASS,0
mh_d0_C0_DEFAULT_N8192_q16_rep3,3,4,3,sm_89,D0_FCOLLECT_SERIAL,NVSHMEM,C0_DEFAULT,2048,8192,2048,16,1,1048576,19,0,0.000,0.000,0.000,0.000,PASS,0
mh_d0_C0_DEFAULT_N8192_q16_rep3,3,4,3,sm_89,D0_FCOLLECT_SERIAL,NVSHMEM,C0_DEFAULT,2048,8192,2048,16,2,1048576,19,0,0.000,0.000,0.000,0.000,PASS,0
mh_d0_C0_DEFAULT_N8192_q16_rep3,3,4,3,sm_89,D0_FCOLLECT_SERIAL,NVSHMEM,C0_DEFAULT,2048,8192,2048,16,3,1048576,19,0,0.000,0.000,0.000,0.000,PASS,0
mh_d0_C0_DEFAULT_N8192_q16_rep3,3,4,3,sm_89,D0_FCOLLECT_SERIAL,NVSHMEM,C0_DEFAULT,2048,8192,2048,16,4,1048576,19,0,0.000,0.000,0.000,0.000,PASS,0
mh_d0_C0_DEFAULT_N8192_q16_rep3,3,4,3,sm_89,D0_FCOLLECT_SERIAL,NVSHMEM,C0_DEFAULT,2048,8192,2048,16,5,1048576,19,0,0.000,0.000,0.000,0.000,PASS,0
mh_d0_C0_DEFAULT_N8192_q16_rep3,3,4,3,sm_89,D0_FCOLLECT_SERIAL,NVSHMEM,C0_DEFAULT,2048,8192,2048,16,6,1048576,19,0,0.000,0.000,0.000,0.000,PASS,0
mh_d0_C0_DEFAULT_N8192_q16_rep3,3,4,3,sm_89,D0_FCOLLECT_SERIAL,NVSHMEM,C0_DEFAULT,2048,8192,2048,16,7,1048576,19,0,0.000,0.000,0.000,0.000,PASS,0
mh_d0_C0_DEFAULT_N8192_q16_rep3,3,4,3,sm_89,D0_FCOLLECT_SERIAL,NVSHMEM,C0_DEFAULT,2048,8192,2048,16,8,1048576,19,0,0.000,0.000,0.000,0.000,PASS,0
mh_d0_C0_DEFAULT_N8192_q16_rep3,3,4,3,sm_89,D0_FCOLLECT_SERIAL,NVSHMEM,C0_DEFAULT,2048,8192,2048,16,9,1048576,19,0,0.000,0.000,0.000,0.000,PASS,0
mh_d0_C0_DEFAULT_N8192_q16_rep3,3,4,3,sm_89,D0_FCOLLECT_SERIAL,NVSHMEM,C0_DEFAULT,2048,8192,2048,16,10,1048576,19,0,0.000,0.000,0.000,0.000,PASS,0
mh_d0_C0_DEFAULT_N8192_q16_rep3,3,4,3,sm_89,D0_FCOLLECT_SERIAL,NVSHMEM,C0_DEFAULT,2048,8192,2048,16,11,1048576,19,0,0.000,0.000,0.000,0.000,PASS,0
mh_d0_C0_DEFAULT_N8192_q16_rep3,3,4,3,sm_89,D0_FCOLLECT_SERIAL,NVSHMEM,C0_DEFAULT,2048,8192,2048,16,12,1048576,19,0,0.000,0.000,0.000,0.000,PASS,0
mh_d0_C0_DEFAULT_N8192_q16_rep3,3,4,3,sm_89,D0_FCOLLECT_SERIAL,NVSHMEM,C0_DEFAULT,2048,8192,2048,16,13,1048576,19,0,0.000,0.000,0.000,0.000,PASS,0
mh_d0_C0_DEFAULT_N8192_q16_rep3,3,4,3,sm_89,D0_FCOLLECT_SERIAL,NVSHMEM,C0_DEFAULT,2048,8192,2048,16,14,1048576,19,0,0.000,0.000,0.000,0.000,PASS,0
mh_d0_C0_DEFAULT_N8192_q16_rep3,3,4,3,sm_89,D0_FCOLLECT_SERIAL,NVSHMEM,C0_DEFAULT,2048,8192,2048,16,15,1048576,19,0,0.000,0.000,0.000,0.000,PASS,0
mh_d0_C0_DEFAULT_N8192_q16_rep3,3,4,3,sm_89,D0_FCOLLECT_SERIAL,NVSHMEM,C0_DEFAULT,2048,8192,2048,16,0,1048576,20,0,549.760,558.464,15054.496,14496.032,PASS,0
mh_d0_C0_DEFAULT_N8192_q16_rep3,3,4,3,sm_89,D0_FCOLLECT_SERIAL,NVSHMEM,C0_DEFAULT,2048,8192,2048,16,1,1048576,20,0,0.000,0.000,0.000,0.000,PASS,0
mh_d0_C0_DEFAULT_N8192_q16_rep3,3,4,3,sm_89,D0_FCOLLECT_SERIAL,NVSHMEM,C0_DEFAULT,2048,8192,2048,16,2,1048576,20,0,0.000,0.000,0.000,0.000,PASS,0
mh_d0_C0_DEFAULT_N8192_q16_rep3,3,4,3,sm_89,D0_FCOLLECT_SERIAL,NVSHMEM,C0_DEFAULT,2048,8192,2048,16,3,1048576,20,0,0.000,0.000,0.000,0.000,PASS,0
mh_d0_C0_DEFAULT_N8192_q16_rep3,3,4,3,sm_89,D0_FCOLLECT_SERIAL,NVSHMEM,C0_DEFAULT,2048,8192,2048,16,4,1048576,20,0,0.000,0.000,0.000,0.000,PASS,0
mh_d0_C0_DEFAULT_N8192_q16_rep3,3,4,3,sm_89,D0_FCOLLECT_SERIAL,NVSHMEM,C0_DEFAULT,2048,8192,2048,16,5,1048576,20,0,0.000,0.000,0.000,0.000,PASS,0
mh_d0_C0_DEFAULT_N8192_q16_rep3,3,4,3,sm_89,D0_FCOLLECT_SERIAL,NVSHMEM,C0_DEFAULT,2048,8192,2048,16,6,1048576,20,0,0.000,0.000,0.000,0.000,PASS,0
mh_d0_C0_DEFAULT_N8192_q16_rep3,3,4,3,sm_89,D0_FCOLLECT_SERIAL,NVSHMEM,C0_DEFAULT,2048,8192,2048,16,7,1048576,20,0,0.000,0.000,0.000,0.000,PASS,0
mh_d0_C0_DEFAULT_N8192_q16_rep3,3,4,3,sm_89,D0_FCOLLECT_SERIAL,NVSHMEM,C0_DEFAULT,2048,8192,2048,16,8,1048576,20,0,0.000,0.000,0.000,0.000,PASS,0
mh_d0_C0_DEFAULT_N8192_q16_rep3,3,4,3,sm_89,D0_FCOLLECT_SERIAL,NVSHMEM,C0_DEFAULT,2048,8192,2048,16,9,1048576,20,0,0.000,0.000,0.000,0.000,PASS,0
mh_d0_C0_DEFAULT_N8192_q16_rep3,3,4,3,sm_89,D0_FCOLLECT_SERIAL,NVSHMEM,C0_DEFAULT,2048,8192,2048,16,10,1048576,20,0,0.000,0.000,0.000,0.000,PASS,0
mh_d0_C0_DEFAULT_N8192_q16_rep3,3,4,3,sm_89,D0_FCOLLECT_SERIAL,NVSHMEM,C0_DEFAULT,2048,8192,2048,16,11,1048576,20,0,0.000,0.000,0.000,0.000,PASS,0
mh_d0_C0_DEFAULT_N8192_q16_rep3,3,4,3,sm_89,D0_FCOLLECT_SERIAL,NVSHMEM,C0_DEFAULT,2048,8192,2048,16,12,1048576,20,0,0.000,0.000,0.000,0.000,PASS,0
mh_d0_C0_DEFAULT_N8192_q16_rep3,3,4,3,sm_89,D0_FCOLLECT_SERIAL,NVSHMEM,C0_DEFAULT,2048,8192,2048,16,13,1048576,20,0,0.000,0.000,0.000,0.000,PASS,0
mh_d0_C0_DEFAULT_N8192_q16_rep3,3,4,3,sm_89,D0_FCOLLECT_SERIAL,NVSHMEM,C0_DEFAULT,2048,8192,2048,16,14,1048576,20,0,0.000,0.000,0.000,0.000,PASS,0
mh_d0_C0_DEFAULT_N8192_q16_rep3,3,4,3,sm_89,D0_FCOLLECT_SERIAL,NVSHMEM,C0_DEFAULT,2048,8192,2048,16,15,1048576,20,0,0.000,0.000,0.000,0.000,PASS,0
mh_d0_C0_DEFAULT_N8192_q16_rep3,3,4,3,sm_89,D0_FCOLLECT_SERIAL,NVSHMEM,C0_DEFAULT,2048,8192,2048,16,0,1048576,21,0,550.016,558.400,15057.088,14498.688,PASS,0
mh_d0_C0_DEFAULT_N8192_q16_rep3,3,4,3,sm_89,D0_FCOLLECT_SERIAL,NVSHMEM,C0_DEFAULT,2048,8192,2048,16,1,1048576,21,0,0.000,0.000,0.000,0.000,PASS,0
mh_d0_C0_DEFAULT_N8192_q16_rep3,3,4,3,sm_89,D0_FCOLLECT_SERIAL,NVSHMEM,C0_DEFAULT,2048,8192,2048,16,2,1048576,21,0,0.000,0.000,0.000,0.000,PASS,0
mh_d0_C0_DEFAULT_N8192_q16_rep3,3,4,3,sm_89,D0_FCOLLECT_SERIAL,NVSHMEM,C0_DEFAULT,2048,8192,2048,16,3,1048576,21,0,0.000,0.000,0.000,0.000,PASS,0
mh_d0_C0_DEFAULT_N8192_q16_rep3,3,4,3,sm_89,D0_FCOLLECT_SERIAL,NVSHMEM,C0_DEFAULT,2048,8192,2048,16,4,1048576,21,0,0.000,0.000,0.000,0.000,PASS,0
mh_d0_C0_DEFAULT_N8192_q16_rep3,3,4,3,sm_89,D0_FCOLLECT_SERIAL,NVSHMEM,C0_DEFAULT,2048,8192,2048,16,5,1048576,21,0,0.000,0.000,0.000,0.000,PASS,0
mh_d0_C0_DEFAULT_N8192_q16_rep3,3,4,3,sm_89,D0_FCOLLECT_SERIAL,NVSHMEM,C0_DEFAULT,2048,8192,2048,16,6,1048576,21,0,0.000,0.000,0.000,0.000,PASS,0
mh_d0_C0_DEFAULT_N8192_q16_rep3,3,4,3,sm_89,D0_FCOLLECT_SERIAL,NVSHMEM,C0_DEFAULT,2048,8192,2048,16,7,1048576,21,0,0.000,0.000,0.000,0.000,PASS,0
mh_d0_C0_DEFAULT_N8192_q16_rep3,3,4,3,sm_89,D0_FCOLLECT_SERIAL,NVSHMEM,C0_DEFAULT,2048,8192,2048,16,8,1048576,21,0,0.000,0.000,0.000,0.000,PASS,0
mh_d0_C0_DEFAULT_N8192_q16_rep3,3,4,3,sm_89,D0_FCOLLECT_SERIAL,NVSHMEM,C0_DEFAULT,2048,8192,2048,16,9,1048576,21,0,0.000,0.000,0.000,0.000,PASS,0
mh_d0_C0_DEFAULT_N8192_q16_rep3,3,4,3,sm_89,D0_FCOLLECT_SERIAL,NVSHMEM,C0_DEFAULT,2048,8192,2048,16,10,1048576,21,0,0.000,0.000,0.000,0.000,PASS,0
mh_d0_C0_DEFAULT_N8192_q16_rep3,3,4,3,sm_89,D0_FCOLLECT_SERIAL,NVSHMEM,C0_DEFAULT,2048,8192,2048,16,11,1048576,21,0,0.000,0.000,0.000,0.000,PASS,0
mh_d0_C0_DEFAULT_N8192_q16_rep3,3,4,3,sm_89,D0_FCOLLECT_SERIAL,NVSHMEM,C0_DEFAULT,2048,8192,2048,16,12,1048576,21,0,0.000,0.000,0.000,0.000,PASS,0
mh_d0_C0_DEFAULT_N8192_q16_rep3,3,4,3,sm_89,D0_FCOLLECT_SERIAL,NVSHMEM,C0_DEFAULT,2048,8192,2048,16,13,1048576,21,0,0.000,0.000,0.000,0.000,PASS,0
mh_d0_C0_DEFAULT_N8192_q16_rep3,3,4,3,sm_89,D0_FCOLLECT_SERIAL,NVSHMEM,C0_DEFAULT,2048,8192,2048,16,14,1048576,21,0,0.000,0.000,0.000,0.000,PASS,0
mh_d0_C0_DEFAULT_N8192_q16_rep3,3,4,3,sm_89,D0_FCOLLECT_SERIAL,NVSHMEM,C0_DEFAULT,2048,8192,2048,16,15,1048576,21,0,0.000,0.000,0.000,0.000,PASS,0
mh_d0_C0_DEFAULT_N8192_q16_rep3,3,4,3,sm_89,D0_FCOLLECT_SERIAL,NVSHMEM,C0_DEFAULT,2048,8192,2048,16,0,1048576,22,0,556.480,564.832,15062.433,14497.600,PASS,0
mh_d0_C0_DEFAULT_N8192_q16_rep3,3,4,3,sm_89,D0_FCOLLECT_SERIAL,NVSHMEM,C0_DEFAULT,2048,8192,2048,16,1,1048576,22,0,0.000,0.000,0.000,0.000,PASS,0
mh_d0_C0_DEFAULT_N8192_q16_rep3,3,4,3,sm_89,D0_FCOLLECT_SERIAL,NVSHMEM,C0_DEFAULT,2048,8192,2048,16,2,1048576,22,0,0.000,0.000,0.000,0.000,PASS,0
mh_d0_C0_DEFAULT_N8192_q16_rep3,3,4,3,sm_89,D0_FCOLLECT_SERIAL,NVSHMEM,C0_DEFAULT,2048,8192,2048,16,3,1048576,22,0,0.000,0.000,0.000,0.000,PASS,0
mh_d0_C0_DEFAULT_N8192_q16_rep3,3,4,3,sm_89,D0_FCOLLECT_SERIAL,NVSHMEM,C0_DEFAULT,2048,8192,2048,16,4,1048576,22,0,0.000,0.000,0.000,0.000,PASS,0
mh_d0_C0_DEFAULT_N8192_q16_rep3,3,4,3,sm_89,D0_FCOLLECT_SERIAL,NVSHMEM,C0_DEFAULT,2048,8192,2048,16,5,1048576,22,0,0.000,0.000,0.000,0.000,PASS,0
mh_d0_C0_DEFAULT_N8192_q16_rep3,3,4,3,sm_89,D0_FCOLLECT_SERIAL,NVSHMEM,C0_DEFAULT,2048,8192,2048,16,6,1048576,22,0,0.000,0.000,0.000,0.000,PASS,0
mh_d0_C0_DEFAULT_N8192_q16_rep3,3,4,3,sm_89,D0_FCOLLECT_SERIAL,NVSHMEM,C0_DEFAULT,2048,8192,2048,16,7,1048576,22,0,0.000,0.000,0.000,0.000,PASS,0
mh_d0_C0_DEFAULT_N8192_q16_rep3,3,4,3,sm_89,D0_FCOLLECT_SERIAL,NVSHMEM,C0_DEFAULT,2048,8192,2048,16,8,1048576,22,0,0.000,0.000,0.000,0.000,PASS,0
mh_d0_C0_DEFAULT_N8192_q16_rep3,3,4,3,sm_89,D0_FCOLLECT_SERIAL,NVSHMEM,C0_DEFAULT,2048,8192,2048,16,9,1048576,22,0,0.000,0.000,0.000,0.000,PASS,0
mh_d0_C0_DEFAULT_N8192_q16_rep3,3,4,3,sm_89,D0_FCOLLECT_SERIAL,NVSHMEM,C0_DEFAULT,2048,8192,2048,16,10,1048576,22,0,0.000,0.000,0.000,0.000,PASS,0
mh_d0_C0_DEFAULT_N8192_q16_rep3,3,4,3,sm_89,D0_FCOLLECT_SERIAL,NVSHMEM,C0_DEFAULT,2048,8192,2048,16,11,1048576,22,0,0.000,0.000,0.000,0.000,PASS,0
mh_d0_C0_DEFAULT_N8192_q16_rep3,3,4,3,sm_89,D0_FCOLLECT_SERIAL,NVSHMEM,C0_DEFAULT,2048,8192,2048,16,12,1048576,22,0,0.000,0.000,0.000,0.000,PASS,0
mh_d0_C0_DEFAULT_N8192_q16_rep3,3,4,3,sm_89,D0_FCOLLECT_SERIAL,NVSHMEM,C0_DEFAULT,2048,8192,2048,16,13,1048576,22,0,0.000,0.000,0.000,0.000,PASS,0
mh_d0_C0_DEFAULT_N8192_q16_rep3,3,4,3,sm_89,D0_FCOLLECT_SERIAL,NVSHMEM,C0_DEFAULT,2048,8192,2048,16,14,1048576,22,0,0.000,0.000,0.000,0.000,PASS,0
mh_d0_C0_DEFAULT_N8192_q16_rep3,3,4,3,sm_89,D0_FCOLLECT_SERIAL,NVSHMEM,C0_DEFAULT,2048,8192,2048,16,15,1048576,22,0,0.000,0.000,0.000,0.000,PASS,0
mh_d0_C0_DEFAULT_N8192_q16_rep3,3,4,3,sm_89,D0_FCOLLECT_SERIAL,NVSHMEM,C0_DEFAULT,2048,8192,2048,16,0,1048576,23,0,558.464,566.944,15065.504,14498.560,PASS,0
mh_d0_C0_DEFAULT_N8192_q16_rep3,3,4,3,sm_89,D0_FCOLLECT_SERIAL,NVSHMEM,C0_DEFAULT,2048,8192,2048,16,1,1048576,23,0,0.000,0.000,0.000,0.000,PASS,0
mh_d0_C0_DEFAULT_N8192_q16_rep3,3,4,3,sm_89,D0_FCOLLECT_SERIAL,NVSHMEM,C0_DEFAULT,2048,8192,2048,16,2,1048576,23,0,0.000,0.000,0.000,0.000,PASS,0
mh_d0_C0_DEFAULT_N8192_q16_rep3,3,4,3,sm_89,D0_FCOLLECT_SERIAL,NVSHMEM,C0_DEFAULT,2048,8192,2048,16,3,1048576,23,0,0.000,0.000,0.000,0.000,PASS,0
mh_d0_C0_DEFAULT_N8192_q16_rep3,3,4,3,sm_89,D0_FCOLLECT_SERIAL,NVSHMEM,C0_DEFAULT,2048,8192,2048,16,4,1048576,23,0,0.000,0.000,0.000,0.000,PASS,0
mh_d0_C0_DEFAULT_N8192_q16_rep3,3,4,3,sm_89,D0_FCOLLECT_SERIAL,NVSHMEM,C0_DEFAULT,2048,8192,2048,16,5,1048576,23,0,0.000,0.000,0.000,0.000,PASS,0
mh_d0_C0_DEFAULT_N8192_q16_rep3,3,4,3,sm_89,D0_FCOLLECT_SERIAL,NVSHMEM,C0_DEFAULT,2048,8192,2048,16,6,1048576,23,0,0.000,0.000,0.000,0.000,PASS,0
mh_d0_C0_DEFAULT_N8192_q16_rep3,3,4,3,sm_89,D0_FCOLLECT_SERIAL,NVSHMEM,C0_DEFAULT,2048,8192,2048,16,7,1048576,23,0,0.000,0.000,0.000,0.000,PASS,0
mh_d0_C0_DEFAULT_N8192_q16_rep3,3,4,3,sm_89,D0_FCOLLECT_SERIAL,NVSHMEM,C0_DEFAULT,2048,8192,2048,16,8,1048576,23,0,0.000,0.000,0.000,0.000,PASS,0
mh_d0_C0_DEFAULT_N8192_q16_rep3,3,4,3,sm_89,D0_FCOLLECT_SERIAL,NVSHMEM,C0_DEFAULT,2048,8192,2048,16,9,1048576,23,0,0.000,0.000,0.000,0.000,PASS,0
mh_d0_C0_DEFAULT_N8192_q16_rep3,3,4,3,sm_89,D0_FCOLLECT_SERIAL,NVSHMEM,C0_DEFAULT,2048,8192,2048,16,10,1048576,23,0,0.000,0.000,0.000,0.000,PASS,0
mh_d0_C0_DEFAULT_N8192_q16_rep3,3,4,3,sm_89,D0_FCOLLECT_SERIAL,NVSHMEM,C0_DEFAULT,2048,8192,2048,16,11,1048576,23,0,0.000,0.000,0.000,0.000,PASS,0
mh_d0_C0_DEFAULT_N8192_q16_rep3,3,4,3,sm_89,D0_FCOLLECT_SERIAL,NVSHMEM,C0_DEFAULT,2048,8192,2048,16,12,1048576,23,0,0.000,0.000,0.000,0.000,PASS,0
mh_d0_C0_DEFAULT_N8192_q16_rep3,3,4,3,sm_89,D0_FCOLLECT_SERIAL,NVSHMEM,C0_DEFAULT,2048,8192,2048,16,13,1048576,23,0,0.000,0.000,0.000,0.000,PASS,0
mh_d0_C0_DEFAULT_N8192_q16_rep3,3,4,3,sm_89,D0_FCOLLECT_SERIAL,NVSHMEM,C0_DEFAULT,2048,8192,2048,16,14,1048576,23,0,0.000,0.000,0.000,0.000,PASS,0
mh_d0_C0_DEFAULT_N8192_q16_rep3,3,4,3,sm_89,D0_FCOLLECT_SERIAL,NVSHMEM,C0_DEFAULT,2048,8192,2048,16,15,1048576,23,0,0.000,0.000,0.000,0.000,PASS,0
mh_d0_C0_DEFAULT_N8192_q16_rep3,3,4,3,sm_89,D0_FCOLLECT_SERIAL,NVSHMEM,C0_DEFAULT,2048,8192,2048,16,0,1048576,24,0,561.920,570.272,15066.656,14496.384,PASS,0
mh_d0_C0_DEFAULT_N8192_q16_rep3,3,4,3,sm_89,D0_FCOLLECT_SERIAL,NVSHMEM,C0_DEFAULT,2048,8192,2048,16,1,1048576,24,0,0.000,0.000,0.000,0.000,PASS,0
mh_d0_C0_DEFAULT_N8192_q16_rep3,3,4,3,sm_89,D0_FCOLLECT_SERIAL,NVSHMEM,C0_DEFAULT,2048,8192,2048,16,2,1048576,24,0,0.000,0.000,0.000,0.000,PASS,0
mh_d0_C0_DEFAULT_N8192_q16_rep3,3,4,3,sm_89,D0_FCOLLECT_SERIAL,NVSHMEM,C0_DEFAULT,2048,8192,2048,16,3,1048576,24,0,0.000,0.000,0.000,0.000,PASS,0
mh_d0_C0_DEFAULT_N8192_q16_rep3,3,4,3,sm_89,D0_FCOLLECT_SERIAL,NVSHMEM,C0_DEFAULT,2048,8192,2048,16,4,1048576,24,0,0.000,0.000,0.000,0.000,PASS,0
mh_d0_C0_DEFAULT_N8192_q16_rep3,3,4,3,sm_89,D0_FCOLLECT_SERIAL,NVSHMEM,C0_DEFAULT,2048,8192,2048,16,5,1048576,24,0,0.000,0.000,0.000,0.000,PASS,0
mh_d0_C0_DEFAULT_N8192_q16_rep3,3,4,3,sm_89,D0_FCOLLECT_SERIAL,NVSHMEM,C0_DEFAULT,2048,8192,2048,16,6,1048576,24,0,0.000,0.000,0.000,0.000,PASS,0
mh_d0_C0_DEFAULT_N8192_q16_rep3,3,4,3,sm_89,D0_FCOLLECT_SERIAL,NVSHMEM,C0_DEFAULT,2048,8192,2048,16,7,1048576,24,0,0.000,0.000,0.000,0.000,PASS,0
mh_d0_C0_DEFAULT_N8192_q16_rep3,3,4,3,sm_89,D0_FCOLLECT_SERIAL,NVSHMEM,C0_DEFAULT,2048,8192,2048,16,8,1048576,24,0,0.000,0.000,0.000,0.000,PASS,0
mh_d0_C0_DEFAULT_N8192_q16_rep3,3,4,3,sm_89,D0_FCOLLECT_SERIAL,NVSHMEM,C0_DEFAULT,2048,8192,2048,16,9,1048576,24,0,0.000,0.000,0.000,0.000,PASS,0
mh_d0_C0_DEFAULT_N8192_q16_rep3,3,4,3,sm_89,D0_FCOLLECT_SERIAL,NVSHMEM,C0_DEFAULT,2048,8192,2048,16,10,1048576,24,0,0.000,0.000,0.000,0.000,PASS,0
mh_d0_C0_DEFAULT_N8192_q16_rep3,3,4,3,sm_89,D0_FCOLLECT_SERIAL,NVSHMEM,C0_DEFAULT,2048,8192,2048,16,11,1048576,24,0,0.000,0.000,0.000,0.000,PASS,0
mh_d0_C0_DEFAULT_N8192_q16_rep3,3,4,3,sm_89,D0_FCOLLECT_SERIAL,NVSHMEM,C0_DEFAULT,2048,8192,2048,16,12,1048576,24,0,0.000,0.000,0.000,0.000,PASS,0
mh_d0_C0_DEFAULT_N8192_q16_rep3,3,4,3,sm_89,D0_FCOLLECT_SERIAL,NVSHMEM,C0_DEFAULT,2048,8192,2048,16,13,1048576,24,0,0.000,0.000,0.000,0.000,PASS,0
mh_d0_C0_DEFAULT_N8192_q16_rep3,3,4,3,sm_89,D0_FCOLLECT_SERIAL,NVSHMEM,C0_DEFAULT,2048,8192,2048,16,14,1048576,24,0,0.000,0.000,0.000,0.000,PASS,0
mh_d0_C0_DEFAULT_N8192_q16_rep3,3,4,3,sm_89,D0_FCOLLECT_SERIAL,NVSHMEM,C0_DEFAULT,2048,8192,2048,16,15,1048576,24,0,0.000,0.000,0.000,0.000,PASS,0
mh_d0_C0_DEFAULT_N8192_q16_rep3,3,4,3,sm_89,D0_FCOLLECT_SERIAL,NVSHMEM,C0_DEFAULT,2048,8192,2048,16,0,1048576,25,0,552.864,561.440,15056.352,14494.912,PASS,0
mh_d0_C0_DEFAULT_N8192_q16_rep3,3,4,3,sm_89,D0_FCOLLECT_SERIAL,NVSHMEM,C0_DEFAULT,2048,8192,2048,16,1,1048576,25,0,0.000,0.000,0.000,0.000,PASS,0
mh_d0_C0_DEFAULT_N8192_q16_rep3,3,4,3,sm_89,D0_FCOLLECT_SERIAL,NVSHMEM,C0_DEFAULT,2048,8192,2048,16,2,1048576,25,0,0.000,0.000,0.000,0.000,PASS,0
mh_d0_C0_DEFAULT_N8192_q16_rep3,3,4,3,sm_89,D0_FCOLLECT_SERIAL,NVSHMEM,C0_DEFAULT,2048,8192,2048,16,3,1048576,25,0,0.000,0.000,0.000,0.000,PASS,0
mh_d0_C0_DEFAULT_N8192_q16_rep3,3,4,3,sm_89,D0_FCOLLECT_SERIAL,NVSHMEM,C0_DEFAULT,2048,8192,2048,16,4,1048576,25,0,0.000,0.000,0.000,0.000,PASS,0
mh_d0_C0_DEFAULT_N8192_q16_rep3,3,4,3,sm_89,D0_FCOLLECT_SERIAL,NVSHMEM,C0_DEFAULT,2048,8192,2048,16,5,1048576,25,0,0.000,0.000,0.000,0.000,PASS,0
mh_d0_C0_DEFAULT_N8192_q16_rep3,3,4,3,sm_89,D0_FCOLLECT_SERIAL,NVSHMEM,C0_DEFAULT,2048,8192,2048,16,6,1048576,25,0,0.000,0.000,0.000,0.000,PASS,0
mh_d0_C0_DEFAULT_N8192_q16_rep3,3,4,3,sm_89,D0_FCOLLECT_SERIAL,NVSHMEM,C0_DEFAULT,2048,8192,2048,16,7,1048576,25,0,0.000,0.000,0.000,0.000,PASS,0
mh_d0_C0_DEFAULT_N8192_q16_rep3,3,4,3,sm_89,D0_FCOLLECT_SERIAL,NVSHMEM,C0_DEFAULT,2048,8192,2048,16,8,1048576,25,0,0.000,0.000,0.000,0.000,PASS,0
mh_d0_C0_DEFAULT_N8192_q16_rep3,3,4,3,sm_89,D0_FCOLLECT_SERIAL,NVSHMEM,C0_DEFAULT,2048,8192,2048,16,9,1048576,25,0,0.000,0.000,0.000,0.000,PASS,0
mh_d0_C0_DEFAULT_N8192_q16_rep3,3,4,3,sm_89,D0_FCOLLECT_SERIAL,NVSHMEM,C0_DEFAULT,2048,8192,2048,16,10,1048576,25,0,0.000,0.000,0.000,0.000,PASS,0
mh_d0_C0_DEFAULT_N8192_q16_rep3,3,4,3,sm_89,D0_FCOLLECT_SERIAL,NVSHMEM,C0_DEFAULT,2048,8192,2048,16,11,1048576,25,0,0.000,0.000,0.000,0.000,PASS,0
mh_d0_C0_DEFAULT_N8192_q16_rep3,3,4,3,sm_89,D0_FCOLLECT_SERIAL,NVSHMEM,C0_DEFAULT,2048,8192,2048,16,12,1048576,25,0,0.000,0.000,0.000,0.000,PASS,0
mh_d0_C0_DEFAULT_N8192_q16_rep3,3,4,3,sm_89,D0_FCOLLECT_SERIAL,NVSHMEM,C0_DEFAULT,2048,8192,2048,16,13,1048576,25,0,0.000,0.000,0.000,0.000,PASS,0
mh_d0_C0_DEFAULT_N8192_q16_rep3,3,4,3,sm_89,D0_FCOLLECT_SERIAL,NVSHMEM,C0_DEFAULT,2048,8192,2048,16,14,1048576,25,0,0.000,0.000,0.000,0.000,PASS,0
mh_d0_C0_DEFAULT_N8192_q16_rep3,3,4,3,sm_89,D0_FCOLLECT_SERIAL,NVSHMEM,C0_DEFAULT,2048,8192,2048,16,15,1048576,25,0,0.000,0.000,0.000,0.000,PASS,0
mh_d0_C0_DEFAULT_N8192_q16_rep3,3,4,3,sm_89,D0_FCOLLECT_SERIAL,NVSHMEM,C0_DEFAULT,2048,8192,2048,16,0,1048576,26,0,546.496,554.880,15052.640,14497.760,PASS,0
mh_d0_C0_DEFAULT_N8192_q16_rep3,3,4,3,sm_89,D0_FCOLLECT_SERIAL,NVSHMEM,C0_DEFAULT,2048,8192,2048,16,1,1048576,26,0,0.000,0.000,0.000,0.000,PASS,0
mh_d0_C0_DEFAULT_N8192_q16_rep3,3,4,3,sm_89,D0_FCOLLECT_SERIAL,NVSHMEM,C0_DEFAULT,2048,8192,2048,16,2,1048576,26,0,0.000,0.000,0.000,0.000,PASS,0
mh_d0_C0_DEFAULT_N8192_q16_rep3,3,4,3,sm_89,D0_FCOLLECT_SERIAL,NVSHMEM,C0_DEFAULT,2048,8192,2048,16,3,1048576,26,0,0.000,0.000,0.000,0.000,PASS,0
mh_d0_C0_DEFAULT_N8192_q16_rep3,3,4,3,sm_89,D0_FCOLLECT_SERIAL,NVSHMEM,C0_DEFAULT,2048,8192,2048,16,4,1048576,26,0,0.000,0.000,0.000,0.000,PASS,0
mh_d0_C0_DEFAULT_N8192_q16_rep3,3,4,3,sm_89,D0_FCOLLECT_SERIAL,NVSHMEM,C0_DEFAULT,2048,8192,2048,16,5,1048576,26,0,0.000,0.000,0.000,0.000,PASS,0
mh_d0_C0_DEFAULT_N8192_q16_rep3,3,4,3,sm_89,D0_FCOLLECT_SERIAL,NVSHMEM,C0_DEFAULT,2048,8192,2048,16,6,1048576,26,0,0.000,0.000,0.000,0.000,PASS,0
mh_d0_C0_DEFAULT_N8192_q16_rep3,3,4,3,sm_89,D0_FCOLLECT_SERIAL,NVSHMEM,C0_DEFAULT,2048,8192,2048,16,7,1048576,26,0,0.000,0.000,0.000,0.000,PASS,0
mh_d0_C0_DEFAULT_N8192_q16_rep3,3,4,3,sm_89,D0_FCOLLECT_SERIAL,NVSHMEM,C0_DEFAULT,2048,8192,2048,16,8,1048576,26,0,0.000,0.000,0.000,0.000,PASS,0
mh_d0_C0_DEFAULT_N8192_q16_rep3,3,4,3,sm_89,D0_FCOLLECT_SERIAL,NVSHMEM,C0_DEFAULT,2048,8192,2048,16,9,1048576,26,0,0.000,0.000,0.000,0.000,PASS,0
mh_d0_C0_DEFAULT_N8192_q16_rep3,3,4,3,sm_89,D0_FCOLLECT_SERIAL,NVSHMEM,C0_DEFAULT,2048,8192,2048,16,10,1048576,26,0,0.000,0.000,0.000,0.000,PASS,0
mh_d0_C0_DEFAULT_N8192_q16_rep3,3,4,3,sm_89,D0_FCOLLECT_SERIAL,NVSHMEM,C0_DEFAULT,2048,8192,2048,16,11,1048576,26,0,0.000,0.000,0.000,0.000,PASS,0
mh_d0_C0_DEFAULT_N8192_q16_rep3,3,4,3,sm_89,D0_FCOLLECT_SERIAL,NVSHMEM,C0_DEFAULT,2048,8192,2048,16,12,1048576,26,0,0.000,0.000,0.000,0.000,PASS,0
mh_d0_C0_DEFAULT_N8192_q16_rep3,3,4,3,sm_89,D0_FCOLLECT_SERIAL,NVSHMEM,C0_DEFAULT,2048,8192,2048,16,13,1048576,26,0,0.000,0.000,0.000,0.000,PASS,0
mh_d0_C0_DEFAULT_N8192_q16_rep3,3,4,3,sm_89,D0_FCOLLECT_SERIAL,NVSHMEM,C0_DEFAULT,2048,8192,2048,16,14,1048576,26,0,0.000,0.000,0.000,0.000,PASS,0
mh_d0_C0_DEFAULT_N8192_q16_rep3,3,4,3,sm_89,D0_FCOLLECT_SERIAL,NVSHMEM,C0_DEFAULT,2048,8192,2048,16,15,1048576,26,0,0.000,0.000,0.000,0.000,PASS,0
mh_d0_C0_DEFAULT_N8192_q16_rep3,3,4,3,sm_89,D0_FCOLLECT_SERIAL,NVSHMEM,C0_DEFAULT,2048,8192,2048,16,0,1048576,27,0,551.552,560.032,15057.664,14497.632,PASS,0
mh_d0_C0_DEFAULT_N8192_q16_rep3,3,4,3,sm_89,D0_FCOLLECT_SERIAL,NVSHMEM,C0_DEFAULT,2048,8192,2048,16,1,1048576,27,0,0.000,0.000,0.000,0.000,PASS,0
mh_d0_C0_DEFAULT_N8192_q16_rep3,3,4,3,sm_89,D0_FCOLLECT_SERIAL,NVSHMEM,C0_DEFAULT,2048,8192,2048,16,2,1048576,27,0,0.000,0.000,0.000,0.000,PASS,0
mh_d0_C0_DEFAULT_N8192_q16_rep3,3,4,3,sm_89,D0_FCOLLECT_SERIAL,NVSHMEM,C0_DEFAULT,2048,8192,2048,16,3,1048576,27,0,0.000,0.000,0.000,0.000,PASS,0
mh_d0_C0_DEFAULT_N8192_q16_rep3,3,4,3,sm_89,D0_FCOLLECT_SERIAL,NVSHMEM,C0_DEFAULT,2048,8192,2048,16,4,1048576,27,0,0.000,0.000,0.000,0.000,PASS,0
mh_d0_C0_DEFAULT_N8192_q16_rep3,3,4,3,sm_89,D0_FCOLLECT_SERIAL,NVSHMEM,C0_DEFAULT,2048,8192,2048,16,5,1048576,27,0,0.000,0.000,0.000,0.000,PASS,0
mh_d0_C0_DEFAULT_N8192_q16_rep3,3,4,3,sm_89,D0_FCOLLECT_SERIAL,NVSHMEM,C0_DEFAULT,2048,8192,2048,16,6,1048576,27,0,0.000,0.000,0.000,0.000,PASS,0
mh_d0_C0_DEFAULT_N8192_q16_rep3,3,4,3,sm_89,D0_FCOLLECT_SERIAL,NVSHMEM,C0_DEFAULT,2048,8192,2048,16,7,1048576,27,0,0.000,0.000,0.000,0.000,PASS,0
mh_d0_C0_DEFAULT_N8192_q16_rep3,3,4,3,sm_89,D0_FCOLLECT_SERIAL,NVSHMEM,C0_DEFAULT,2048,8192,2048,16,8,1048576,27,0,0.000,0.000,0.000,0.000,PASS,0
mh_d0_C0_DEFAULT_N8192_q16_rep3,3,4,3,sm_89,D0_FCOLLECT_SERIAL,NVSHMEM,C0_DEFAULT,2048,8192,2048,16,9,1048576,27,0,0.000,0.000,0.000,0.000,PASS,0
mh_d0_C0_DEFAULT_N8192_q16_rep3,3,4,3,sm_89,D0_FCOLLECT_SERIAL,NVSHMEM,C0_DEFAULT,2048,8192,2048,16,10,1048576,27,0,0.000,0.000,0.000,0.000,PASS,0
mh_d0_C0_DEFAULT_N8192_q16_rep3,3,4,3,sm_89,D0_FCOLLECT_SERIAL,NVSHMEM,C0_DEFAULT,2048,8192,2048,16,11,1048576,27,0,0.000,0.000,0.000,0.000,PASS,0
mh_d0_C0_DEFAULT_N8192_q16_rep3,3,4,3,sm_89,D0_FCOLLECT_SERIAL,NVSHMEM,C0_DEFAULT,2048,8192,2048,16,12,1048576,27,0,0.000,0.000,0.000,0.000,PASS,0
mh_d0_C0_DEFAULT_N8192_q16_rep3,3,4,3,sm_89,D0_FCOLLECT_SERIAL,NVSHMEM,C0_DEFAULT,2048,8192,2048,16,13,1048576,27,0,0.000,0.000,0.000,0.000,PASS,0
mh_d0_C0_DEFAULT_N8192_q16_rep3,3,4,3,sm_89,D0_FCOLLECT_SERIAL,NVSHMEM,C0_DEFAULT,2048,8192,2048,16,14,1048576,27,0,0.000,0.000,0.000,0.000,PASS,0
mh_d0_C0_DEFAULT_N8192_q16_rep3,3,4,3,sm_89,D0_FCOLLECT_SERIAL,NVSHMEM,C0_DEFAULT,2048,8192,2048,16,15,1048576,27,0,0.000,0.000,0.000,0.000,PASS,0
mh_d0_C0_DEFAULT_N8192_q16_rep3,3,4,3,sm_89,D0_FCOLLECT_SERIAL,NVSHMEM,C0_DEFAULT,2048,8192,2048,16,0,1048576,28,0,558.720,567.040,15064.544,14497.504,PASS,0
mh_d0_C0_DEFAULT_N8192_q16_rep3,3,4,3,sm_89,D0_FCOLLECT_SERIAL,NVSHMEM,C0_DEFAULT,2048,8192,2048,16,1,1048576,28,0,0.000,0.000,0.000,0.000,PASS,0
mh_d0_C0_DEFAULT_N8192_q16_rep3,3,4,3,sm_89,D0_FCOLLECT_SERIAL,NVSHMEM,C0_DEFAULT,2048,8192,2048,16,2,1048576,28,0,0.000,0.000,0.000,0.000,PASS,0
mh_d0_C0_DEFAULT_N8192_q16_rep3,3,4,3,sm_89,D0_FCOLLECT_SERIAL,NVSHMEM,C0_DEFAULT,2048,8192,2048,16,3,1048576,28,0,0.000,0.000,0.000,0.000,PASS,0
mh_d0_C0_DEFAULT_N8192_q16_rep3,3,4,3,sm_89,D0_FCOLLECT_SERIAL,NVSHMEM,C0_DEFAULT,2048,8192,2048,16,4,1048576,28,0,0.000,0.000,0.000,0.000,PASS,0
mh_d0_C0_DEFAULT_N8192_q16_rep3,3,4,3,sm_89,D0_FCOLLECT_SERIAL,NVSHMEM,C0_DEFAULT,2048,8192,2048,16,5,1048576,28,0,0.000,0.000,0.000,0.000,PASS,0
mh_d0_C0_DEFAULT_N8192_q16_rep3,3,4,3,sm_89,D0_FCOLLECT_SERIAL,NVSHMEM,C0_DEFAULT,2048,8192,2048,16,6,1048576,28,0,0.000,0.000,0.000,0.000,PASS,0
mh_d0_C0_DEFAULT_N8192_q16_rep3,3,4,3,sm_89,D0_FCOLLECT_SERIAL,NVSHMEM,C0_DEFAULT,2048,8192,2048,16,7,1048576,28,0,0.000,0.000,0.000,0.000,PASS,0
mh_d0_C0_DEFAULT_N8192_q16_rep3,3,4,3,sm_89,D0_FCOLLECT_SERIAL,NVSHMEM,C0_DEFAULT,2048,8192,2048,16,8,1048576,28,0,0.000,0.000,0.000,0.000,PASS,0
mh_d0_C0_DEFAULT_N8192_q16_rep3,3,4,3,sm_89,D0_FCOLLECT_SERIAL,NVSHMEM,C0_DEFAULT,2048,8192,2048,16,9,1048576,28,0,0.000,0.000,0.000,0.000,PASS,0
mh_d0_C0_DEFAULT_N8192_q16_rep3,3,4,3,sm_89,D0_FCOLLECT_SERIAL,NVSHMEM,C0_DEFAULT,2048,8192,2048,16,10,1048576,28,0,0.000,0.000,0.000,0.000,PASS,0
mh_d0_C0_DEFAULT_N8192_q16_rep3,3,4,3,sm_89,D0_FCOLLECT_SERIAL,NVSHMEM,C0_DEFAULT,2048,8192,2048,16,11,1048576,28,0,0.000,0.000,0.000,0.000,PASS,0
mh_d0_C0_DEFAULT_N8192_q16_rep3,3,4,3,sm_89,D0_FCOLLECT_SERIAL,NVSHMEM,C0_DEFAULT,2048,8192,2048,16,12,1048576,28,0,0.000,0.000,0.000,0.000,PASS,0
mh_d0_C0_DEFAULT_N8192_q16_rep3,3,4,3,sm_89,D0_FCOLLECT_SERIAL,NVSHMEM,C0_DEFAULT,2048,8192,2048,16,13,1048576,28,0,0.000,0.000,0.000,0.000,PASS,0
mh_d0_C0_DEFAULT_N8192_q16_rep3,3,4,3,sm_89,D0_FCOLLECT_SERIAL,NVSHMEM,C0_DEFAULT,2048,8192,2048,16,14,1048576,28,0,0.000,0.000,0.000,0.000,PASS,0
mh_d0_C0_DEFAULT_N8192_q16_rep3,3,4,3,sm_89,D0_FCOLLECT_SERIAL,NVSHMEM,C0_DEFAULT,2048,8192,2048,16,15,1048576,28,0,0.000,0.000,0.000,0.000,PASS,0
mh_d0_C0_DEFAULT_N8192_q16_rep3,3,4,3,sm_89,D0_FCOLLECT_SERIAL,NVSHMEM,C0_DEFAULT,2048,8192,2048,16,0,1048576,29,0,564.448,572.800,15068.448,14495.648,PASS,0
mh_d0_C0_DEFAULT_N8192_q16_rep3,3,4,3,sm_89,D0_FCOLLECT_SERIAL,NVSHMEM,C0_DEFAULT,2048,8192,2048,16,1,1048576,29,0,0.000,0.000,0.000,0.000,PASS,0
mh_d0_C0_DEFAULT_N8192_q16_rep3,3,4,3,sm_89,D0_FCOLLECT_SERIAL,NVSHMEM,C0_DEFAULT,2048,8192,2048,16,2,1048576,29,0,0.000,0.000,0.000,0.000,PASS,0
mh_d0_C0_DEFAULT_N8192_q16_rep3,3,4,3,sm_89,D0_FCOLLECT_SERIAL,NVSHMEM,C0_DEFAULT,2048,8192,2048,16,3,1048576,29,0,0.000,0.000,0.000,0.000,PASS,0
mh_d0_C0_DEFAULT_N8192_q16_rep3,3,4,3,sm_89,D0_FCOLLECT_SERIAL,NVSHMEM,C0_DEFAULT,2048,8192,2048,16,4,1048576,29,0,0.000,0.000,0.000,0.000,PASS,0
mh_d0_C0_DEFAULT_N8192_q16_rep3,3,4,3,sm_89,D0_FCOLLECT_SERIAL,NVSHMEM,C0_DEFAULT,2048,8192,2048,16,5,1048576,29,0,0.000,0.000,0.000,0.000,PASS,0
mh_d0_C0_DEFAULT_N8192_q16_rep3,3,4,3,sm_89,D0_FCOLLECT_SERIAL,NVSHMEM,C0_DEFAULT,2048,8192,2048,16,6,1048576,29,0,0.000,0.000,0.000,0.000,PASS,0
mh_d0_C0_DEFAULT_N8192_q16_rep3,3,4,3,sm_89,D0_FCOLLECT_SERIAL,NVSHMEM,C0_DEFAULT,2048,8192,2048,16,7,1048576,29,0,0.000,0.000,0.000,0.000,PASS,0
mh_d0_C0_DEFAULT_N8192_q16_rep3,3,4,3,sm_89,D0_FCOLLECT_SERIAL,NVSHMEM,C0_DEFAULT,2048,8192,2048,16,8,1048576,29,0,0.000,0.000,0.000,0.000,PASS,0
mh_d0_C0_DEFAULT_N8192_q16_rep3,3,4,3,sm_89,D0_FCOLLECT_SERIAL,NVSHMEM,C0_DEFAULT,2048,8192,2048,16,9,1048576,29,0,0.000,0.000,0.000,0.000,PASS,0
mh_d0_C0_DEFAULT_N8192_q16_rep3,3,4,3,sm_89,D0_FCOLLECT_SERIAL,NVSHMEM,C0_DEFAULT,2048,8192,2048,16,10,1048576,29,0,0.000,0.000,0.000,0.000,PASS,0
mh_d0_C0_DEFAULT_N8192_q16_rep3,3,4,3,sm_89,D0_FCOLLECT_SERIAL,NVSHMEM,C0_DEFAULT,2048,8192,2048,16,11,1048576,29,0,0.000,0.000,0.000,0.000,PASS,0
mh_d0_C0_DEFAULT_N8192_q16_rep3,3,4,3,sm_89,D0_FCOLLECT_SERIAL,NVSHMEM,C0_DEFAULT,2048,8192,2048,16,12,1048576,29,0,0.000,0.000,0.000,0.000,PASS,0
mh_d0_C0_DEFAULT_N8192_q16_rep3,3,4,3,sm_89,D0_FCOLLECT_SERIAL,NVSHMEM,C0_DEFAULT,2048,8192,2048,16,13,1048576,29,0,0.000,0.000,0.000,0.000,PASS,0
mh_d0_C0_DEFAULT_N8192_q16_rep3,3,4,3,sm_89,D0_FCOLLECT_SERIAL,NVSHMEM,C0_DEFAULT,2048,8192,2048,16,14,1048576,29,0,0.000,0.000,0.000,0.000,PASS,0
mh_d0_C0_DEFAULT_N8192_q16_rep3,3,4,3,sm_89,D0_FCOLLECT_SERIAL,NVSHMEM,C0_DEFAULT,2048,8192,2048,16,15,1048576,29,0,0.000,0.000,0.000,0.000,PASS,0
mh_d0_C0_DEFAULT_N8192_q16_rep3,3,4,3,sm_89,D0_FCOLLECT_SERIAL,NVSHMEM,C0_DEFAULT,2048,8192,2048,16,0,1048576,30,0,561.120,569.472,15066.816,14497.344,PASS,0
mh_d0_C0_DEFAULT_N8192_q16_rep3,3,4,3,sm_89,D0_FCOLLECT_SERIAL,NVSHMEM,C0_DEFAULT,2048,8192,2048,16,1,1048576,30,0,0.000,0.000,0.000,0.000,PASS,0
mh_d0_C0_DEFAULT_N8192_q16_rep3,3,4,3,sm_89,D0_FCOLLECT_SERIAL,NVSHMEM,C0_DEFAULT,2048,8192,2048,16,2,1048576,30,0,0.000,0.000,0.000,0.000,PASS,0
mh_d0_C0_DEFAULT_N8192_q16_rep3,3,4,3,sm_89,D0_FCOLLECT_SERIAL,NVSHMEM,C0_DEFAULT,2048,8192,2048,16,3,1048576,30,0,0.000,0.000,0.000,0.000,PASS,0
mh_d0_C0_DEFAULT_N8192_q16_rep3,3,4,3,sm_89,D0_FCOLLECT_SERIAL,NVSHMEM,C0_DEFAULT,2048,8192,2048,16,4,1048576,30,0,0.000,0.000,0.000,0.000,PASS,0
mh_d0_C0_DEFAULT_N8192_q16_rep3,3,4,3,sm_89,D0_FCOLLECT_SERIAL,NVSHMEM,C0_DEFAULT,2048,8192,2048,16,5,1048576,30,0,0.000,0.000,0.000,0.000,PASS,0
mh_d0_C0_DEFAULT_N8192_q16_rep3,3,4,3,sm_89,D0_FCOLLECT_SERIAL,NVSHMEM,C0_DEFAULT,2048,8192,2048,16,6,1048576,30,0,0.000,0.000,0.000,0.000,PASS,0
mh_d0_C0_DEFAULT_N8192_q16_rep3,3,4,3,sm_89,D0_FCOLLECT_SERIAL,NVSHMEM,C0_DEFAULT,2048,8192,2048,16,7,1048576,30,0,0.000,0.000,0.000,0.000,PASS,0
mh_d0_C0_DEFAULT_N8192_q16_rep3,3,4,3,sm_89,D0_FCOLLECT_SERIAL,NVSHMEM,C0_DEFAULT,2048,8192,2048,16,8,1048576,30,0,0.000,0.000,0.000,0.000,PASS,0
mh_d0_C0_DEFAULT_N8192_q16_rep3,3,4,3,sm_89,D0_FCOLLECT_SERIAL,NVSHMEM,C0_DEFAULT,2048,8192,2048,16,9,1048576,30,0,0.000,0.000,0.000,0.000,PASS,0
mh_d0_C0_DEFAULT_N8192_q16_rep3,3,4,3,sm_89,D0_FCOLLECT_SERIAL,NVSHMEM,C0_DEFAULT,2048,8192,2048,16,10,1048576,30,0,0.000,0.000,0.000,0.000,PASS,0
mh_d0_C0_DEFAULT_N8192_q16_rep3,3,4,3,sm_89,D0_FCOLLECT_SERIAL,NVSHMEM,C0_DEFAULT,2048,8192,2048,16,11,1048576,30,0,0.000,0.000,0.000,0.000,PASS,0
mh_d0_C0_DEFAULT_N8192_q16_rep3,3,4,3,sm_89,D0_FCOLLECT_SERIAL,NVSHMEM,C0_DEFAULT,2048,8192,2048,16,12,1048576,30,0,0.000,0.000,0.000,0.000,PASS,0
mh_d0_C0_DEFAULT_N8192_q16_rep3,3,4,3,sm_89,D0_FCOLLECT_SERIAL,NVSHMEM,C0_DEFAULT,2048,8192,2048,16,13,1048576,30,0,0.000,0.000,0.000,0.000,PASS,0
mh_d0_C0_DEFAULT_N8192_q16_rep3,3,4,3,sm_89,D0_FCOLLECT_SERIAL,NVSHMEM,C0_DEFAULT,2048,8192,2048,16,14,1048576,30,0,0.000,0.000,0.000,0.000,PASS,0
mh_d0_C0_DEFAULT_N8192_q16_rep3,3,4,3,sm_89,D0_FCOLLECT_SERIAL,NVSHMEM,C0_DEFAULT,2048,8192,2048,16,15,1048576,30,0,0.000,0.000,0.000,0.000,PASS,0
mh_d0_C0_DEFAULT_N8192_q16_rep3,3,4,3,sm_89,D0_FCOLLECT_SERIAL,NVSHMEM,C0_DEFAULT,2048,8192,2048,16,0,1048576,31,0,566.432,574.816,15075.712,14500.896,PASS,0
mh_d0_C0_DEFAULT_N8192_q16_rep3,3,4,3,sm_89,D0_FCOLLECT_SERIAL,NVSHMEM,C0_DEFAULT,2048,8192,2048,16,1,1048576,31,0,0.000,0.000,0.000,0.000,PASS,0
mh_d0_C0_DEFAULT_N8192_q16_rep3,3,4,3,sm_89,D0_FCOLLECT_SERIAL,NVSHMEM,C0_DEFAULT,2048,8192,2048,16,2,1048576,31,0,0.000,0.000,0.000,0.000,PASS,0
mh_d0_C0_DEFAULT_N8192_q16_rep3,3,4,3,sm_89,D0_FCOLLECT_SERIAL,NVSHMEM,C0_DEFAULT,2048,8192,2048,16,3,1048576,31,0,0.000,0.000,0.000,0.000,PASS,0
mh_d0_C0_DEFAULT_N8192_q16_rep3,3,4,3,sm_89,D0_FCOLLECT_SERIAL,NVSHMEM,C0_DEFAULT,2048,8192,2048,16,4,1048576,31,0,0.000,0.000,0.000,0.000,PASS,0
mh_d0_C0_DEFAULT_N8192_q16_rep3,3,4,3,sm_89,D0_FCOLLECT_SERIAL,NVSHMEM,C0_DEFAULT,2048,8192,2048,16,5,1048576,31,0,0.000,0.000,0.000,0.000,PASS,0
mh_d0_C0_DEFAULT_N8192_q16_rep3,3,4,3,sm_89,D0_FCOLLECT_SERIAL,NVSHMEM,C0_DEFAULT,2048,8192,2048,16,6,1048576,31,0,0.000,0.000,0.000,0.000,PASS,0
mh_d0_C0_DEFAULT_N8192_q16_rep3,3,4,3,sm_89,D0_FCOLLECT_SERIAL,NVSHMEM,C0_DEFAULT,2048,8192,2048,16,7,1048576,31,0,0.000,0.000,0.000,0.000,PASS,0
mh_d0_C0_DEFAULT_N8192_q16_rep3,3,4,3,sm_89,D0_FCOLLECT_SERIAL,NVSHMEM,C0_DEFAULT,2048,8192,2048,16,8,1048576,31,0,0.000,0.000,0.000,0.000,PASS,0
mh_d0_C0_DEFAULT_N8192_q16_rep3,3,4,3,sm_89,D0_FCOLLECT_SERIAL,NVSHMEM,C0_DEFAULT,2048,8192,2048,16,9,1048576,31,0,0.000,0.000,0.000,0.000,PASS,0
mh_d0_C0_DEFAULT_N8192_q16_rep3,3,4,3,sm_89,D0_FCOLLECT_SERIAL,NVSHMEM,C0_DEFAULT,2048,8192,2048,16,10,1048576,31,0,0.000,0.000,0.000,0.000,PASS,0
mh_d0_C0_DEFAULT_N8192_q16_rep3,3,4,3,sm_89,D0_FCOLLECT_SERIAL,NVSHMEM,C0_DEFAULT,2048,8192,2048,16,11,1048576,31,0,0.000,0.000,0.000,0.000,PASS,0
mh_d0_C0_DEFAULT_N8192_q16_rep3,3,4,3,sm_89,D0_FCOLLECT_SERIAL,NVSHMEM,C0_DEFAULT,2048,8192,2048,16,12,1048576,31,0,0.000,0.000,0.000,0.000,PASS,0
mh_d0_C0_DEFAULT_N8192_q16_rep3,3,4,3,sm_89,D0_FCOLLECT_SERIAL,NVSHMEM,C0_DEFAULT,2048,8192,2048,16,13,1048576,31,0,0.000,0.000,0.000,0.000,PASS,0
mh_d0_C0_DEFAULT_N8192_q16_rep3,3,4,3,sm_89,D0_FCOLLECT_SERIAL,NVSHMEM,C0_DEFAULT,2048,8192,2048,16,14,1048576,31,0,0.000,0.000,0.000,0.000,PASS,0
mh_d0_C0_DEFAULT_N8192_q16_rep3,3,4,3,sm_89,D0_FCOLLECT_SERIAL,NVSHMEM,C0_DEFAULT,2048,8192,2048,16,15,1048576,31,0,0.000,0.000,0.000,0.000,PASS,0
mh_d0_C0_DEFAULT_N8192_q16_rep3,3,4,3,sm_89,D0_FCOLLECT_SERIAL,NVSHMEM,C0_DEFAULT,2048,8192,2048,16,0,1048576,32,0,549.120,557.440,15055.969,14498.527,PASS,0
mh_d0_C0_DEFAULT_N8192_q16_rep3,3,4,3,sm_89,D0_FCOLLECT_SERIAL,NVSHMEM,C0_DEFAULT,2048,8192,2048,16,1,1048576,32,0,0.000,0.000,0.000,0.000,PASS,0
mh_d0_C0_DEFAULT_N8192_q16_rep3,3,4,3,sm_89,D0_FCOLLECT_SERIAL,NVSHMEM,C0_DEFAULT,2048,8192,2048,16,2,1048576,32,0,0.000,0.000,0.000,0.000,PASS,0
mh_d0_C0_DEFAULT_N8192_q16_rep3,3,4,3,sm_89,D0_FCOLLECT_SERIAL,NVSHMEM,C0_DEFAULT,2048,8192,2048,16,3,1048576,32,0,0.000,0.000,0.000,0.000,PASS,0
mh_d0_C0_DEFAULT_N8192_q16_rep3,3,4,3,sm_89,D0_FCOLLECT_SERIAL,NVSHMEM,C0_DEFAULT,2048,8192,2048,16,4,1048576,32,0,0.000,0.000,0.000,0.000,PASS,0
mh_d0_C0_DEFAULT_N8192_q16_rep3,3,4,3,sm_89,D0_FCOLLECT_SERIAL,NVSHMEM,C0_DEFAULT,2048,8192,2048,16,5,1048576,32,0,0.000,0.000,0.000,0.000,PASS,0
mh_d0_C0_DEFAULT_N8192_q16_rep3,3,4,3,sm_89,D0_FCOLLECT_SERIAL,NVSHMEM,C0_DEFAULT,2048,8192,2048,16,6,1048576,32,0,0.000,0.000,0.000,0.000,PASS,0
mh_d0_C0_DEFAULT_N8192_q16_rep3,3,4,3,sm_89,D0_FCOLLECT_SERIAL,NVSHMEM,C0_DEFAULT,2048,8192,2048,16,7,1048576,32,0,0.000,0.000,0.000,0.000,PASS,0
mh_d0_C0_DEFAULT_N8192_q16_rep3,3,4,3,sm_89,D0_FCOLLECT_SERIAL,NVSHMEM,C0_DEFAULT,2048,8192,2048,16,8,1048576,32,0,0.000,0.000,0.000,0.000,PASS,0
mh_d0_C0_DEFAULT_N8192_q16_rep3,3,4,3,sm_89,D0_FCOLLECT_SERIAL,NVSHMEM,C0_DEFAULT,2048,8192,2048,16,9,1048576,32,0,0.000,0.000,0.000,0.000,PASS,0
mh_d0_C0_DEFAULT_N8192_q16_rep3,3,4,3,sm_89,D0_FCOLLECT_SERIAL,NVSHMEM,C0_DEFAULT,2048,8192,2048,16,10,1048576,32,0,0.000,0.000,0.000,0.000,PASS,0
mh_d0_C0_DEFAULT_N8192_q16_rep3,3,4,3,sm_89,D0_FCOLLECT_SERIAL,NVSHMEM,C0_DEFAULT,2048,8192,2048,16,11,1048576,32,0,0.000,0.000,0.000,0.000,PASS,0
mh_d0_C0_DEFAULT_N8192_q16_rep3,3,4,3,sm_89,D0_FCOLLECT_SERIAL,NVSHMEM,C0_DEFAULT,2048,8192,2048,16,12,1048576,32,0,0.000,0.000,0.000,0.000,PASS,0
mh_d0_C0_DEFAULT_N8192_q16_rep3,3,4,3,sm_89,D0_FCOLLECT_SERIAL,NVSHMEM,C0_DEFAULT,2048,8192,2048,16,13,1048576,32,0,0.000,0.000,0.000,0.000,PASS,0
mh_d0_C0_DEFAULT_N8192_q16_rep3,3,4,3,sm_89,D0_FCOLLECT_SERIAL,NVSHMEM,C0_DEFAULT,2048,8192,2048,16,14,1048576,32,0,0.000,0.000,0.000,0.000,PASS,0
mh_d0_C0_DEFAULT_N8192_q16_rep3,3,4,3,sm_89,D0_FCOLLECT_SERIAL,NVSHMEM,C0_DEFAULT,2048,8192,2048,16,15,1048576,32,0,0.000,0.000,0.000,0.000,PASS,0
mh_d0_C0_DEFAULT_N8192_q16_rep3,3,4,3,sm_89,D0_FCOLLECT_SERIAL,NVSHMEM,C0_DEFAULT,2048,8192,2048,16,0,1048576,33,0,556.256,564.864,15063.680,14498.815,PASS,0
mh_d0_C0_DEFAULT_N8192_q16_rep3,3,4,3,sm_89,D0_FCOLLECT_SERIAL,NVSHMEM,C0_DEFAULT,2048,8192,2048,16,1,1048576,33,0,0.000,0.000,0.000,0.000,PASS,0
mh_d0_C0_DEFAULT_N8192_q16_rep3,3,4,3,sm_89,D0_FCOLLECT_SERIAL,NVSHMEM,C0_DEFAULT,2048,8192,2048,16,2,1048576,33,0,0.000,0.000,0.000,0.000,PASS,0
mh_d0_C0_DEFAULT_N8192_q16_rep3,3,4,3,sm_89,D0_FCOLLECT_SERIAL,NVSHMEM,C0_DEFAULT,2048,8192,2048,16,3,1048576,33,0,0.000,0.000,0.000,0.000,PASS,0
mh_d0_C0_DEFAULT_N8192_q16_rep3,3,4,3,sm_89,D0_FCOLLECT_SERIAL,NVSHMEM,C0_DEFAULT,2048,8192,2048,16,4,1048576,33,0,0.000,0.000,0.000,0.000,PASS,0
mh_d0_C0_DEFAULT_N8192_q16_rep3,3,4,3,sm_89,D0_FCOLLECT_SERIAL,NVSHMEM,C0_DEFAULT,2048,8192,2048,16,5,1048576,33,0,0.000,0.000,0.000,0.000,PASS,0
mh_d0_C0_DEFAULT_N8192_q16_rep3,3,4,3,sm_89,D0_FCOLLECT_SERIAL,NVSHMEM,C0_DEFAULT,2048,8192,2048,16,6,1048576,33,0,0.000,0.000,0.000,0.000,PASS,0
mh_d0_C0_DEFAULT_N8192_q16_rep3,3,4,3,sm_89,D0_FCOLLECT_SERIAL,NVSHMEM,C0_DEFAULT,2048,8192,2048,16,7,1048576,33,0,0.000,0.000,0.000,0.000,PASS,0
mh_d0_C0_DEFAULT_N8192_q16_rep3,3,4,3,sm_89,D0_FCOLLECT_SERIAL,NVSHMEM,C0_DEFAULT,2048,8192,2048,16,8,1048576,33,0,0.000,0.000,0.000,0.000,PASS,0
mh_d0_C0_DEFAULT_N8192_q16_rep3,3,4,3,sm_89,D0_FCOLLECT_SERIAL,NVSHMEM,C0_DEFAULT,2048,8192,2048,16,9,1048576,33,0,0.000,0.000,0.000,0.000,PASS,0
mh_d0_C0_DEFAULT_N8192_q16_rep3,3,4,3,sm_89,D0_FCOLLECT_SERIAL,NVSHMEM,C0_DEFAULT,2048,8192,2048,16,10,1048576,33,0,0.000,0.000,0.000,0.000,PASS,0
mh_d0_C0_DEFAULT_N8192_q16_rep3,3,4,3,sm_89,D0_FCOLLECT_SERIAL,NVSHMEM,C0_DEFAULT,2048,8192,2048,16,11,1048576,33,0,0.000,0.000,0.000,0.000,PASS,0
mh_d0_C0_DEFAULT_N8192_q16_rep3,3,4,3,sm_89,D0_FCOLLECT_SERIAL,NVSHMEM,C0_DEFAULT,2048,8192,2048,16,12,1048576,33,0,0.000,0.000,0.000,0.000,PASS,0
mh_d0_C0_DEFAULT_N8192_q16_rep3,3,4,3,sm_89,D0_FCOLLECT_SERIAL,NVSHMEM,C0_DEFAULT,2048,8192,2048,16,13,1048576,33,0,0.000,0.000,0.000,0.000,PASS,0
mh_d0_C0_DEFAULT_N8192_q16_rep3,3,4,3,sm_89,D0_FCOLLECT_SERIAL,NVSHMEM,C0_DEFAULT,2048,8192,2048,16,14,1048576,33,0,0.000,0.000,0.000,0.000,PASS,0
mh_d0_C0_DEFAULT_N8192_q16_rep3,3,4,3,sm_89,D0_FCOLLECT_SERIAL,NVSHMEM,C0_DEFAULT,2048,8192,2048,16,15,1048576,33,0,0.000,0.000,0.000,0.000,PASS,0
mh_d0_C0_DEFAULT_N8192_q16_rep3,3,4,3,sm_89,D0_FCOLLECT_SERIAL,NVSHMEM,C0_DEFAULT,2048,8192,2048,16,0,1048576,34,0,549.152,558.368,15057.728,14499.360,PASS,0
mh_d0_C0_DEFAULT_N8192_q16_rep3,3,4,3,sm_89,D0_FCOLLECT_SERIAL,NVSHMEM,C0_DEFAULT,2048,8192,2048,16,1,1048576,34,0,0.000,0.000,0.000,0.000,PASS,0
mh_d0_C0_DEFAULT_N8192_q16_rep3,3,4,3,sm_89,D0_FCOLLECT_SERIAL,NVSHMEM,C0_DEFAULT,2048,8192,2048,16,2,1048576,34,0,0.000,0.000,0.000,0.000,PASS,0
mh_d0_C0_DEFAULT_N8192_q16_rep3,3,4,3,sm_89,D0_FCOLLECT_SERIAL,NVSHMEM,C0_DEFAULT,2048,8192,2048,16,3,1048576,34,0,0.000,0.000,0.000,0.000,PASS,0
mh_d0_C0_DEFAULT_N8192_q16_rep3,3,4,3,sm_89,D0_FCOLLECT_SERIAL,NVSHMEM,C0_DEFAULT,2048,8192,2048,16,4,1048576,34,0,0.000,0.000,0.000,0.000,PASS,0
mh_d0_C0_DEFAULT_N8192_q16_rep3,3,4,3,sm_89,D0_FCOLLECT_SERIAL,NVSHMEM,C0_DEFAULT,2048,8192,2048,16,5,1048576,34,0,0.000,0.000,0.000,0.000,PASS,0
mh_d0_C0_DEFAULT_N8192_q16_rep3,3,4,3,sm_89,D0_FCOLLECT_SERIAL,NVSHMEM,C0_DEFAULT,2048,8192,2048,16,6,1048576,34,0,0.000,0.000,0.000,0.000,PASS,0
mh_d0_C0_DEFAULT_N8192_q16_rep3,3,4,3,sm_89,D0_FCOLLECT_SERIAL,NVSHMEM,C0_DEFAULT,2048,8192,2048,16,7,1048576,34,0,0.000,0.000,0.000,0.000,PASS,0
mh_d0_C0_DEFAULT_N8192_q16_rep3,3,4,3,sm_89,D0_FCOLLECT_SERIAL,NVSHMEM,C0_DEFAULT,2048,8192,2048,16,8,1048576,34,0,0.000,0.000,0.000,0.000,PASS,0
mh_d0_C0_DEFAULT_N8192_q16_rep3,3,4,3,sm_89,D0_FCOLLECT_SERIAL,NVSHMEM,C0_DEFAULT,2048,8192,2048,16,9,1048576,34,0,0.000,0.000,0.000,0.000,PASS,0
mh_d0_C0_DEFAULT_N8192_q16_rep3,3,4,3,sm_89,D0_FCOLLECT_SERIAL,NVSHMEM,C0_DEFAULT,2048,8192,2048,16,10,1048576,34,0,0.000,0.000,0.000,0.000,PASS,0
mh_d0_C0_DEFAULT_N8192_q16_rep3,3,4,3,sm_89,D0_FCOLLECT_SERIAL,NVSHMEM,C0_DEFAULT,2048,8192,2048,16,11,1048576,34,0,0.000,0.000,0.000,0.000,PASS,0
mh_d0_C0_DEFAULT_N8192_q16_rep3,3,4,3,sm_89,D0_FCOLLECT_SERIAL,NVSHMEM,C0_DEFAULT,2048,8192,2048,16,12,1048576,34,0,0.000,0.000,0.000,0.000,PASS,0
mh_d0_C0_DEFAULT_N8192_q16_rep3,3,4,3,sm_89,D0_FCOLLECT_SERIAL,NVSHMEM,C0_DEFAULT,2048,8192,2048,16,13,1048576,34,0,0.000,0.000,0.000,0.000,PASS,0
mh_d0_C0_DEFAULT_N8192_q16_rep3,3,4,3,sm_89,D0_FCOLLECT_SERIAL,NVSHMEM,C0_DEFAULT,2048,8192,2048,16,14,1048576,34,0,0.000,0.000,0.000,0.000,PASS,0
mh_d0_C0_DEFAULT_N8192_q16_rep3,3,4,3,sm_89,D0_FCOLLECT_SERIAL,NVSHMEM,C0_DEFAULT,2048,8192,2048,16,15,1048576,34,0,0.000,0.000,0.000,0.000,PASS,0
mh_d0_C0_DEFAULT_N8192_q16_rep3,3,4,3,sm_89,D0_FCOLLECT_SERIAL,NVSHMEM,C0_DEFAULT,2048,8192,2048,16,0,1048576,35,0,564.384,572.736,15074.912,14502.177,PASS,0
mh_d0_C0_DEFAULT_N8192_q16_rep3,3,4,3,sm_89,D0_FCOLLECT_SERIAL,NVSHMEM,C0_DEFAULT,2048,8192,2048,16,1,1048576,35,0,0.000,0.000,0.000,0.000,PASS,0
mh_d0_C0_DEFAULT_N8192_q16_rep3,3,4,3,sm_89,D0_FCOLLECT_SERIAL,NVSHMEM,C0_DEFAULT,2048,8192,2048,16,2,1048576,35,0,0.000,0.000,0.000,0.000,PASS,0
mh_d0_C0_DEFAULT_N8192_q16_rep3,3,4,3,sm_89,D0_FCOLLECT_SERIAL,NVSHMEM,C0_DEFAULT,2048,8192,2048,16,3,1048576,35,0,0.000,0.000,0.000,0.000,PASS,0
mh_d0_C0_DEFAULT_N8192_q16_rep3,3,4,3,sm_89,D0_FCOLLECT_SERIAL,NVSHMEM,C0_DEFAULT,2048,8192,2048,16,4,1048576,35,0,0.000,0.000,0.000,0.000,PASS,0
mh_d0_C0_DEFAULT_N8192_q16_rep3,3,4,3,sm_89,D0_FCOLLECT_SERIAL,NVSHMEM,C0_DEFAULT,2048,8192,2048,16,5,1048576,35,0,0.000,0.000,0.000,0.000,PASS,0
mh_d0_C0_DEFAULT_N8192_q16_rep3,3,4,3,sm_89,D0_FCOLLECT_SERIAL,NVSHMEM,C0_DEFAULT,2048,8192,2048,16,6,1048576,35,0,0.000,0.000,0.000,0.000,PASS,0
mh_d0_C0_DEFAULT_N8192_q16_rep3,3,4,3,sm_89,D0_FCOLLECT_SERIAL,NVSHMEM,C0_DEFAULT,2048,8192,2048,16,7,1048576,35,0,0.000,0.000,0.000,0.000,PASS,0
mh_d0_C0_DEFAULT_N8192_q16_rep3,3,4,3,sm_89,D0_FCOLLECT_SERIAL,NVSHMEM,C0_DEFAULT,2048,8192,2048,16,8,1048576,35,0,0.000,0.000,0.000,0.000,PASS,0
mh_d0_C0_DEFAULT_N8192_q16_rep3,3,4,3,sm_89,D0_FCOLLECT_SERIAL,NVSHMEM,C0_DEFAULT,2048,8192,2048,16,9,1048576,35,0,0.000,0.000,0.000,0.000,PASS,0
mh_d0_C0_DEFAULT_N8192_q16_rep3,3,4,3,sm_89,D0_FCOLLECT_SERIAL,NVSHMEM,C0_DEFAULT,2048,8192,2048,16,10,1048576,35,0,0.000,0.000,0.000,0.000,PASS,0
mh_d0_C0_DEFAULT_N8192_q16_rep3,3,4,3,sm_89,D0_FCOLLECT_SERIAL,NVSHMEM,C0_DEFAULT,2048,8192,2048,16,11,1048576,35,0,0.000,0.000,0.000,0.000,PASS,0
mh_d0_C0_DEFAULT_N8192_q16_rep3,3,4,3,sm_89,D0_FCOLLECT_SERIAL,NVSHMEM,C0_DEFAULT,2048,8192,2048,16,12,1048576,35,0,0.000,0.000,0.000,0.000,PASS,0
mh_d0_C0_DEFAULT_N8192_q16_rep3,3,4,3,sm_89,D0_FCOLLECT_SERIAL,NVSHMEM,C0_DEFAULT,2048,8192,2048,16,13,1048576,35,0,0.000,0.000,0.000,0.000,PASS,0
mh_d0_C0_DEFAULT_N8192_q16_rep3,3,4,3,sm_89,D0_FCOLLECT_SERIAL,NVSHMEM,C0_DEFAULT,2048,8192,2048,16,14,1048576,35,0,0.000,0.000,0.000,0.000,PASS,0
mh_d0_C0_DEFAULT_N8192_q16_rep3,3,4,3,sm_89,D0_FCOLLECT_SERIAL,NVSHMEM,C0_DEFAULT,2048,8192,2048,16,15,1048576,35,0,0.000,0.000,0.000,0.000,PASS,0
mh_d0_C0_DEFAULT_N8192_q16_rep3,3,4,3,sm_89,D0_FCOLLECT_SERIAL,NVSHMEM,C0_DEFAULT,2048,8192,2048,16,0,1048576,36,0,551.872,560.192,15059.936,14499.744,PASS,0
mh_d0_C0_DEFAULT_N8192_q16_rep3,3,4,3,sm_89,D0_FCOLLECT_SERIAL,NVSHMEM,C0_DEFAULT,2048,8192,2048,16,1,1048576,36,0,0.000,0.000,0.000,0.000,PASS,0
mh_d0_C0_DEFAULT_N8192_q16_rep3,3,4,3,sm_89,D0_FCOLLECT_SERIAL,NVSHMEM,C0_DEFAULT,2048,8192,2048,16,2,1048576,36,0,0.000,0.000,0.000,0.000,PASS,0
mh_d0_C0_DEFAULT_N8192_q16_rep3,3,4,3,sm_89,D0_FCOLLECT_SERIAL,NVSHMEM,C0_DEFAULT,2048,8192,2048,16,3,1048576,36,0,0.000,0.000,0.000,0.000,PASS,0
mh_d0_C0_DEFAULT_N8192_q16_rep3,3,4,3,sm_89,D0_FCOLLECT_SERIAL,NVSHMEM,C0_DEFAULT,2048,8192,2048,16,4,1048576,36,0,0.000,0.000,0.000,0.000,PASS,0
mh_d0_C0_DEFAULT_N8192_q16_rep3,3,4,3,sm_89,D0_FCOLLECT_SERIAL,NVSHMEM,C0_DEFAULT,2048,8192,2048,16,5,1048576,36,0,0.000,0.000,0.000,0.000,PASS,0
mh_d0_C0_DEFAULT_N8192_q16_rep3,3,4,3,sm_89,D0_FCOLLECT_SERIAL,NVSHMEM,C0_DEFAULT,2048,8192,2048,16,6,1048576,36,0,0.000,0.000,0.000,0.000,PASS,0
mh_d0_C0_DEFAULT_N8192_q16_rep3,3,4,3,sm_89,D0_FCOLLECT_SERIAL,NVSHMEM,C0_DEFAULT,2048,8192,2048,16,7,1048576,36,0,0.000,0.000,0.000,0.000,PASS,0
mh_d0_C0_DEFAULT_N8192_q16_rep3,3,4,3,sm_89,D0_FCOLLECT_SERIAL,NVSHMEM,C0_DEFAULT,2048,8192,2048,16,8,1048576,36,0,0.000,0.000,0.000,0.000,PASS,0
mh_d0_C0_DEFAULT_N8192_q16_rep3,3,4,3,sm_89,D0_FCOLLECT_SERIAL,NVSHMEM,C0_DEFAULT,2048,8192,2048,16,9,1048576,36,0,0.000,0.000,0.000,0.000,PASS,0
mh_d0_C0_DEFAULT_N8192_q16_rep3,3,4,3,sm_89,D0_FCOLLECT_SERIAL,NVSHMEM,C0_DEFAULT,2048,8192,2048,16,10,1048576,36,0,0.000,0.000,0.000,0.000,PASS,0
mh_d0_C0_DEFAULT_N8192_q16_rep3,3,4,3,sm_89,D0_FCOLLECT_SERIAL,NVSHMEM,C0_DEFAULT,2048,8192,2048,16,11,1048576,36,0,0.000,0.000,0.000,0.000,PASS,0
mh_d0_C0_DEFAULT_N8192_q16_rep3,3,4,3,sm_89,D0_FCOLLECT_SERIAL,NVSHMEM,C0_DEFAULT,2048,8192,2048,16,12,1048576,36,0,0.000,0.000,0.000,0.000,PASS,0
mh_d0_C0_DEFAULT_N8192_q16_rep3,3,4,3,sm_89,D0_FCOLLECT_SERIAL,NVSHMEM,C0_DEFAULT,2048,8192,2048,16,13,1048576,36,0,0.000,0.000,0.000,0.000,PASS,0
mh_d0_C0_DEFAULT_N8192_q16_rep3,3,4,3,sm_89,D0_FCOLLECT_SERIAL,NVSHMEM,C0_DEFAULT,2048,8192,2048,16,14,1048576,36,0,0.000,0.000,0.000,0.000,PASS,0
mh_d0_C0_DEFAULT_N8192_q16_rep3,3,4,3,sm_89,D0_FCOLLECT_SERIAL,NVSHMEM,C0_DEFAULT,2048,8192,2048,16,15,1048576,36,0,0.000,0.000,0.000,0.000,PASS,0
mh_d0_C0_DEFAULT_N8192_q16_rep3,3,4,3,sm_89,D0_FCOLLECT_SERIAL,NVSHMEM,C0_DEFAULT,2048,8192,2048,16,0,1048576,37,0,552.352,560.672,15060.353,14499.680,PASS,0
mh_d0_C0_DEFAULT_N8192_q16_rep3,3,4,3,sm_89,D0_FCOLLECT_SERIAL,NVSHMEM,C0_DEFAULT,2048,8192,2048,16,1,1048576,37,0,0.000,0.000,0.000,0.000,PASS,0
mh_d0_C0_DEFAULT_N8192_q16_rep3,3,4,3,sm_89,D0_FCOLLECT_SERIAL,NVSHMEM,C0_DEFAULT,2048,8192,2048,16,2,1048576,37,0,0.000,0.000,0.000,0.000,PASS,0
mh_d0_C0_DEFAULT_N8192_q16_rep3,3,4,3,sm_89,D0_FCOLLECT_SERIAL,NVSHMEM,C0_DEFAULT,2048,8192,2048,16,3,1048576,37,0,0.000,0.000,0.000,0.000,PASS,0
mh_d0_C0_DEFAULT_N8192_q16_rep3,3,4,3,sm_89,D0_FCOLLECT_SERIAL,NVSHMEM,C0_DEFAULT,2048,8192,2048,16,4,1048576,37,0,0.000,0.000,0.000,0.000,PASS,0
mh_d0_C0_DEFAULT_N8192_q16_rep3,3,4,3,sm_89,D0_FCOLLECT_SERIAL,NVSHMEM,C0_DEFAULT,2048,8192,2048,16,5,1048576,37,0,0.000,0.000,0.000,0.000,PASS,0
mh_d0_C0_DEFAULT_N8192_q16_rep3,3,4,3,sm_89,D0_FCOLLECT_SERIAL,NVSHMEM,C0_DEFAULT,2048,8192,2048,16,6,1048576,37,0,0.000,0.000,0.000,0.000,PASS,0
mh_d0_C0_DEFAULT_N8192_q16_rep3,3,4,3,sm_89,D0_FCOLLECT_SERIAL,NVSHMEM,C0_DEFAULT,2048,8192,2048,16,7,1048576,37,0,0.000,0.000,0.000,0.000,PASS,0
mh_d0_C0_DEFAULT_N8192_q16_rep3,3,4,3,sm_89,D0_FCOLLECT_SERIAL,NVSHMEM,C0_DEFAULT,2048,8192,2048,16,8,1048576,37,0,0.000,0.000,0.000,0.000,PASS,0
mh_d0_C0_DEFAULT_N8192_q16_rep3,3,4,3,sm_89,D0_FCOLLECT_SERIAL,NVSHMEM,C0_DEFAULT,2048,8192,2048,16,9,1048576,37,0,0.000,0.000,0.000,0.000,PASS,0
mh_d0_C0_DEFAULT_N8192_q16_rep3,3,4,3,sm_89,D0_FCOLLECT_SERIAL,NVSHMEM,C0_DEFAULT,2048,8192,2048,16,10,1048576,37,0,0.000,0.000,0.000,0.000,PASS,0
mh_d0_C0_DEFAULT_N8192_q16_rep3,3,4,3,sm_89,D0_FCOLLECT_SERIAL,NVSHMEM,C0_DEFAULT,2048,8192,2048,16,11,1048576,37,0,0.000,0.000,0.000,0.000,PASS,0
mh_d0_C0_DEFAULT_N8192_q16_rep3,3,4,3,sm_89,D0_FCOLLECT_SERIAL,NVSHMEM,C0_DEFAULT,2048,8192,2048,16,12,1048576,37,0,0.000,0.000,0.000,0.000,PASS,0
mh_d0_C0_DEFAULT_N8192_q16_rep3,3,4,3,sm_89,D0_FCOLLECT_SERIAL,NVSHMEM,C0_DEFAULT,2048,8192,2048,16,13,1048576,37,0,0.000,0.000,0.000,0.000,PASS,0
mh_d0_C0_DEFAULT_N8192_q16_rep3,3,4,3,sm_89,D0_FCOLLECT_SERIAL,NVSHMEM,C0_DEFAULT,2048,8192,2048,16,14,1048576,37,0,0.000,0.000,0.000,0.000,PASS,0
mh_d0_C0_DEFAULT_N8192_q16_rep3,3,4,3,sm_89,D0_FCOLLECT_SERIAL,NVSHMEM,C0_DEFAULT,2048,8192,2048,16,15,1048576,37,0,0.000,0.000,0.000,0.000,PASS,0
mh_d0_C0_DEFAULT_N8192_q16_rep3,3,4,3,sm_89,D0_FCOLLECT_SERIAL,NVSHMEM,C0_DEFAULT,2048,8192,2048,16,0,1048576,38,0,554.848,563.200,15062.272,14499.072,PASS,0
mh_d0_C0_DEFAULT_N8192_q16_rep3,3,4,3,sm_89,D0_FCOLLECT_SERIAL,NVSHMEM,C0_DEFAULT,2048,8192,2048,16,1,1048576,38,0,0.000,0.000,0.000,0.000,PASS,0
mh_d0_C0_DEFAULT_N8192_q16_rep3,3,4,3,sm_89,D0_FCOLLECT_SERIAL,NVSHMEM,C0_DEFAULT,2048,8192,2048,16,2,1048576,38,0,0.000,0.000,0.000,0.000,PASS,0
mh_d0_C0_DEFAULT_N8192_q16_rep3,3,4,3,sm_89,D0_FCOLLECT_SERIAL,NVSHMEM,C0_DEFAULT,2048,8192,2048,16,3,1048576,38,0,0.000,0.000,0.000,0.000,PASS,0
mh_d0_C0_DEFAULT_N8192_q16_rep3,3,4,3,sm_89,D0_FCOLLECT_SERIAL,NVSHMEM,C0_DEFAULT,2048,8192,2048,16,4,1048576,38,0,0.000,0.000,0.000,0.000,PASS,0
mh_d0_C0_DEFAULT_N8192_q16_rep3,3,4,3,sm_89,D0_FCOLLECT_SERIAL,NVSHMEM,C0_DEFAULT,2048,8192,2048,16,5,1048576,38,0,0.000,0.000,0.000,0.000,PASS,0
mh_d0_C0_DEFAULT_N8192_q16_rep3,3,4,3,sm_89,D0_FCOLLECT_SERIAL,NVSHMEM,C0_DEFAULT,2048,8192,2048,16,6,1048576,38,0,0.000,0.000,0.000,0.000,PASS,0
mh_d0_C0_DEFAULT_N8192_q16_rep3,3,4,3,sm_89,D0_FCOLLECT_SERIAL,NVSHMEM,C0_DEFAULT,2048,8192,2048,16,7,1048576,38,0,0.000,0.000,0.000,0.000,PASS,0
mh_d0_C0_DEFAULT_N8192_q16_rep3,3,4,3,sm_89,D0_FCOLLECT_SERIAL,NVSHMEM,C0_DEFAULT,2048,8192,2048,16,8,1048576,38,0,0.000,0.000,0.000,0.000,PASS,0
mh_d0_C0_DEFAULT_N8192_q16_rep3,3,4,3,sm_89,D0_FCOLLECT_SERIAL,NVSHMEM,C0_DEFAULT,2048,8192,2048,16,9,1048576,38,0,0.000,0.000,0.000,0.000,PASS,0
mh_d0_C0_DEFAULT_N8192_q16_rep3,3,4,3,sm_89,D0_FCOLLECT_SERIAL,NVSHMEM,C0_DEFAULT,2048,8192,2048,16,10,1048576,38,0,0.000,0.000,0.000,0.000,PASS,0
mh_d0_C0_DEFAULT_N8192_q16_rep3,3,4,3,sm_89,D0_FCOLLECT_SERIAL,NVSHMEM,C0_DEFAULT,2048,8192,2048,16,11,1048576,38,0,0.000,0.000,0.000,0.000,PASS,0
mh_d0_C0_DEFAULT_N8192_q16_rep3,3,4,3,sm_89,D0_FCOLLECT_SERIAL,NVSHMEM,C0_DEFAULT,2048,8192,2048,16,12,1048576,38,0,0.000,0.000,0.000,0.000,PASS,0
mh_d0_C0_DEFAULT_N8192_q16_rep3,3,4,3,sm_89,D0_FCOLLECT_SERIAL,NVSHMEM,C0_DEFAULT,2048,8192,2048,16,13,1048576,38,0,0.000,0.000,0.000,0.000,PASS,0
mh_d0_C0_DEFAULT_N8192_q16_rep3,3,4,3,sm_89,D0_FCOLLECT_SERIAL,NVSHMEM,C0_DEFAULT,2048,8192,2048,16,14,1048576,38,0,0.000,0.000,0.000,0.000,PASS,0
mh_d0_C0_DEFAULT_N8192_q16_rep3,3,4,3,sm_89,D0_FCOLLECT_SERIAL,NVSHMEM,C0_DEFAULT,2048,8192,2048,16,15,1048576,38,0,0.000,0.000,0.000,0.000,PASS,0
mh_d0_C0_DEFAULT_N8192_q16_rep3,3,4,3,sm_89,D0_FCOLLECT_SERIAL,NVSHMEM,C0_DEFAULT,2048,8192,2048,16,0,1048576,39,0,562.432,570.752,15070.688,14499.937,PASS,0
mh_d0_C0_DEFAULT_N8192_q16_rep3,3,4,3,sm_89,D0_FCOLLECT_SERIAL,NVSHMEM,C0_DEFAULT,2048,8192,2048,16,1,1048576,39,0,0.000,0.000,0.000,0.000,PASS,0
mh_d0_C0_DEFAULT_N8192_q16_rep3,3,4,3,sm_89,D0_FCOLLECT_SERIAL,NVSHMEM,C0_DEFAULT,2048,8192,2048,16,2,1048576,39,0,0.000,0.000,0.000,0.000,PASS,0
mh_d0_C0_DEFAULT_N8192_q16_rep3,3,4,3,sm_89,D0_FCOLLECT_SERIAL,NVSHMEM,C0_DEFAULT,2048,8192,2048,16,3,1048576,39,0,0.000,0.000,0.000,0.000,PASS,0
mh_d0_C0_DEFAULT_N8192_q16_rep3,3,4,3,sm_89,D0_FCOLLECT_SERIAL,NVSHMEM,C0_DEFAULT,2048,8192,2048,16,4,1048576,39,0,0.000,0.000,0.000,0.000,PASS,0
mh_d0_C0_DEFAULT_N8192_q16_rep3,3,4,3,sm_89,D0_FCOLLECT_SERIAL,NVSHMEM,C0_DEFAULT,2048,8192,2048,16,5,1048576,39,0,0.000,0.000,0.000,0.000,PASS,0
mh_d0_C0_DEFAULT_N8192_q16_rep3,3,4,3,sm_89,D0_FCOLLECT_SERIAL,NVSHMEM,C0_DEFAULT,2048,8192,2048,16,6,1048576,39,0,0.000,0.000,0.000,0.000,PASS,0
mh_d0_C0_DEFAULT_N8192_q16_rep3,3,4,3,sm_89,D0_FCOLLECT_SERIAL,NVSHMEM,C0_DEFAULT,2048,8192,2048,16,7,1048576,39,0,0.000,0.000,0.000,0.000,PASS,0
mh_d0_C0_DEFAULT_N8192_q16_rep3,3,4,3,sm_89,D0_FCOLLECT_SERIAL,NVSHMEM,C0_DEFAULT,2048,8192,2048,16,8,1048576,39,0,0.000,0.000,0.000,0.000,PASS,0
mh_d0_C0_DEFAULT_N8192_q16_rep3,3,4,3,sm_89,D0_FCOLLECT_SERIAL,NVSHMEM,C0_DEFAULT,2048,8192,2048,16,9,1048576,39,0,0.000,0.000,0.000,0.000,PASS,0
mh_d0_C0_DEFAULT_N8192_q16_rep3,3,4,3,sm_89,D0_FCOLLECT_SERIAL,NVSHMEM,C0_DEFAULT,2048,8192,2048,16,10,1048576,39,0,0.000,0.000,0.000,0.000,PASS,0
mh_d0_C0_DEFAULT_N8192_q16_rep3,3,4,3,sm_89,D0_FCOLLECT_SERIAL,NVSHMEM,C0_DEFAULT,2048,8192,2048,16,11,1048576,39,0,0.000,0.000,0.000,0.000,PASS,0
mh_d0_C0_DEFAULT_N8192_q16_rep3,3,4,3,sm_89,D0_FCOLLECT_SERIAL,NVSHMEM,C0_DEFAULT,2048,8192,2048,16,12,1048576,39,0,0.000,0.000,0.000,0.000,PASS,0
mh_d0_C0_DEFAULT_N8192_q16_rep3,3,4,3,sm_89,D0_FCOLLECT_SERIAL,NVSHMEM,C0_DEFAULT,2048,8192,2048,16,13,1048576,39,0,0.000,0.000,0.000,0.000,PASS,0
mh_d0_C0_DEFAULT_N8192_q16_rep3,3,4,3,sm_89,D0_FCOLLECT_SERIAL,NVSHMEM,C0_DEFAULT,2048,8192,2048,16,14,1048576,39,0,0.000,0.000,0.000,0.000,PASS,0
mh_d0_C0_DEFAULT_N8192_q16_rep3,3,4,3,sm_89,D0_FCOLLECT_SERIAL,NVSHMEM,C0_DEFAULT,2048,8192,2048,16,15,1048576,39,0,0.000,0.000,0.000,0.000,PASS,0
mh_d0_C0_DEFAULT_N8192_q16_rep3,3,4,3,sm_89,D0_FCOLLECT_SERIAL,NVSHMEM,C0_DEFAULT,2048,8192,2048,16,0,1048576,40,0,567.904,576.288,15073.312,14497.023,PASS,0
mh_d0_C0_DEFAULT_N8192_q16_rep3,3,4,3,sm_89,D0_FCOLLECT_SERIAL,NVSHMEM,C0_DEFAULT,2048,8192,2048,16,1,1048576,40,0,0.000,0.000,0.000,0.000,PASS,0
mh_d0_C0_DEFAULT_N8192_q16_rep3,3,4,3,sm_89,D0_FCOLLECT_SERIAL,NVSHMEM,C0_DEFAULT,2048,8192,2048,16,2,1048576,40,0,0.000,0.000,0.000,0.000,PASS,0
mh_d0_C0_DEFAULT_N8192_q16_rep3,3,4,3,sm_89,D0_FCOLLECT_SERIAL,NVSHMEM,C0_DEFAULT,2048,8192,2048,16,3,1048576,40,0,0.000,0.000,0.000,0.000,PASS,0
mh_d0_C0_DEFAULT_N8192_q16_rep3,3,4,3,sm_89,D0_FCOLLECT_SERIAL,NVSHMEM,C0_DEFAULT,2048,8192,2048,16,4,1048576,40,0,0.000,0.000,0.000,0.000,PASS,0
mh_d0_C0_DEFAULT_N8192_q16_rep3,3,4,3,sm_89,D0_FCOLLECT_SERIAL,NVSHMEM,C0_DEFAULT,2048,8192,2048,16,5,1048576,40,0,0.000,0.000,0.000,0.000,PASS,0
mh_d0_C0_DEFAULT_N8192_q16_rep3,3,4,3,sm_89,D0_FCOLLECT_SERIAL,NVSHMEM,C0_DEFAULT,2048,8192,2048,16,6,1048576,40,0,0.000,0.000,0.000,0.000,PASS,0
mh_d0_C0_DEFAULT_N8192_q16_rep3,3,4,3,sm_89,D0_FCOLLECT_SERIAL,NVSHMEM,C0_DEFAULT,2048,8192,2048,16,7,1048576,40,0,0.000,0.000,0.000,0.000,PASS,0
mh_d0_C0_DEFAULT_N8192_q16_rep3,3,4,3,sm_89,D0_FCOLLECT_SERIAL,NVSHMEM,C0_DEFAULT,2048,8192,2048,16,8,1048576,40,0,0.000,0.000,0.000,0.000,PASS,0
mh_d0_C0_DEFAULT_N8192_q16_rep3,3,4,3,sm_89,D0_FCOLLECT_SERIAL,NVSHMEM,C0_DEFAULT,2048,8192,2048,16,9,1048576,40,0,0.000,0.000,0.000,0.000,PASS,0
mh_d0_C0_DEFAULT_N8192_q16_rep3,3,4,3,sm_89,D0_FCOLLECT_SERIAL,NVSHMEM,C0_DEFAULT,2048,8192,2048,16,10,1048576,40,0,0.000,0.000,0.000,0.000,PASS,0
mh_d0_C0_DEFAULT_N8192_q16_rep3,3,4,3,sm_89,D0_FCOLLECT_SERIAL,NVSHMEM,C0_DEFAULT,2048,8192,2048,16,11,1048576,40,0,0.000,0.000,0.000,0.000,PASS,0
mh_d0_C0_DEFAULT_N8192_q16_rep3,3,4,3,sm_89,D0_FCOLLECT_SERIAL,NVSHMEM,C0_DEFAULT,2048,8192,2048,16,12,1048576,40,0,0.000,0.000,0.000,0.000,PASS,0
mh_d0_C0_DEFAULT_N8192_q16_rep3,3,4,3,sm_89,D0_FCOLLECT_SERIAL,NVSHMEM,C0_DEFAULT,2048,8192,2048,16,13,1048576,40,0,0.000,0.000,0.000,0.000,PASS,0
mh_d0_C0_DEFAULT_N8192_q16_rep3,3,4,3,sm_89,D0_FCOLLECT_SERIAL,NVSHMEM,C0_DEFAULT,2048,8192,2048,16,14,1048576,40,0,0.000,0.000,0.000,0.000,PASS,0
mh_d0_C0_DEFAULT_N8192_q16_rep3,3,4,3,sm_89,D0_FCOLLECT_SERIAL,NVSHMEM,C0_DEFAULT,2048,8192,2048,16,15,1048576,40,0,0.000,0.000,0.000,0.000,PASS,0
mh_d0_C0_DEFAULT_N8192_q16_rep3,3,4,3,sm_89,D0_FCOLLECT_SERIAL,NVSHMEM,C0_DEFAULT,2048,8192,2048,16,0,1048576,41,0,551.200,560.224,15058.272,14498.048,PASS,0
mh_d0_C0_DEFAULT_N8192_q16_rep3,3,4,3,sm_89,D0_FCOLLECT_SERIAL,NVSHMEM,C0_DEFAULT,2048,8192,2048,16,1,1048576,41,0,0.000,0.000,0.000,0.000,PASS,0
mh_d0_C0_DEFAULT_N8192_q16_rep3,3,4,3,sm_89,D0_FCOLLECT_SERIAL,NVSHMEM,C0_DEFAULT,2048,8192,2048,16,2,1048576,41,0,0.000,0.000,0.000,0.000,PASS,0
mh_d0_C0_DEFAULT_N8192_q16_rep3,3,4,3,sm_89,D0_FCOLLECT_SERIAL,NVSHMEM,C0_DEFAULT,2048,8192,2048,16,3,1048576,41,0,0.000,0.000,0.000,0.000,PASS,0
mh_d0_C0_DEFAULT_N8192_q16_rep3,3,4,3,sm_89,D0_FCOLLECT_SERIAL,NVSHMEM,C0_DEFAULT,2048,8192,2048,16,4,1048576,41,0,0.000,0.000,0.000,0.000,PASS,0
mh_d0_C0_DEFAULT_N8192_q16_rep3,3,4,3,sm_89,D0_FCOLLECT_SERIAL,NVSHMEM,C0_DEFAULT,2048,8192,2048,16,5,1048576,41,0,0.000,0.000,0.000,0.000,PASS,0
mh_d0_C0_DEFAULT_N8192_q16_rep3,3,4,3,sm_89,D0_FCOLLECT_SERIAL,NVSHMEM,C0_DEFAULT,2048,8192,2048,16,6,1048576,41,0,0.000,0.000,0.000,0.000,PASS,0
mh_d0_C0_DEFAULT_N8192_q16_rep3,3,4,3,sm_89,D0_FCOLLECT_SERIAL,NVSHMEM,C0_DEFAULT,2048,8192,2048,16,7,1048576,41,0,0.000,0.000,0.000,0.000,PASS,0
mh_d0_C0_DEFAULT_N8192_q16_rep3,3,4,3,sm_89,D0_FCOLLECT_SERIAL,NVSHMEM,C0_DEFAULT,2048,8192,2048,16,8,1048576,41,0,0.000,0.000,0.000,0.000,PASS,0
mh_d0_C0_DEFAULT_N8192_q16_rep3,3,4,3,sm_89,D0_FCOLLECT_SERIAL,NVSHMEM,C0_DEFAULT,2048,8192,2048,16,9,1048576,41,0,0.000,0.000,0.000,0.000,PASS,0
mh_d0_C0_DEFAULT_N8192_q16_rep3,3,4,3,sm_89,D0_FCOLLECT_SERIAL,NVSHMEM,C0_DEFAULT,2048,8192,2048,16,10,1048576,41,0,0.000,0.000,0.000,0.000,PASS,0
mh_d0_C0_DEFAULT_N8192_q16_rep3,3,4,3,sm_89,D0_FCOLLECT_SERIAL,NVSHMEM,C0_DEFAULT,2048,8192,2048,16,11,1048576,41,0,0.000,0.000,0.000,0.000,PASS,0
mh_d0_C0_DEFAULT_N8192_q16_rep3,3,4,3,sm_89,D0_FCOLLECT_SERIAL,NVSHMEM,C0_DEFAULT,2048,8192,2048,16,12,1048576,41,0,0.000,0.000,0.000,0.000,PASS,0
mh_d0_C0_DEFAULT_N8192_q16_rep3,3,4,3,sm_89,D0_FCOLLECT_SERIAL,NVSHMEM,C0_DEFAULT,2048,8192,2048,16,13,1048576,41,0,0.000,0.000,0.000,0.000,PASS,0
mh_d0_C0_DEFAULT_N8192_q16_rep3,3,4,3,sm_89,D0_FCOLLECT_SERIAL,NVSHMEM,C0_DEFAULT,2048,8192,2048,16,14,1048576,41,0,0.000,0.000,0.000,0.000,PASS,0
mh_d0_C0_DEFAULT_N8192_q16_rep3,3,4,3,sm_89,D0_FCOLLECT_SERIAL,NVSHMEM,C0_DEFAULT,2048,8192,2048,16,15,1048576,41,0,0.000,0.000,0.000,0.000,PASS,0
mh_d0_C0_DEFAULT_N8192_q16_rep3,3,4,3,sm_89,D0_FCOLLECT_SERIAL,NVSHMEM,C0_DEFAULT,2048,8192,2048,16,0,1048576,42,0,558.432,566.976,15065.408,14498.433,PASS,0
mh_d0_C0_DEFAULT_N8192_q16_rep3,3,4,3,sm_89,D0_FCOLLECT_SERIAL,NVSHMEM,C0_DEFAULT,2048,8192,2048,16,1,1048576,42,0,0.000,0.000,0.000,0.000,PASS,0
mh_d0_C0_DEFAULT_N8192_q16_rep3,3,4,3,sm_89,D0_FCOLLECT_SERIAL,NVSHMEM,C0_DEFAULT,2048,8192,2048,16,2,1048576,42,0,0.000,0.000,0.000,0.000,PASS,0
mh_d0_C0_DEFAULT_N8192_q16_rep3,3,4,3,sm_89,D0_FCOLLECT_SERIAL,NVSHMEM,C0_DEFAULT,2048,8192,2048,16,3,1048576,42,0,0.000,0.000,0.000,0.000,PASS,0
mh_d0_C0_DEFAULT_N8192_q16_rep3,3,4,3,sm_89,D0_FCOLLECT_SERIAL,NVSHMEM,C0_DEFAULT,2048,8192,2048,16,4,1048576,42,0,0.000,0.000,0.000,0.000,PASS,0
mh_d0_C0_DEFAULT_N8192_q16_rep3,3,4,3,sm_89,D0_FCOLLECT_SERIAL,NVSHMEM,C0_DEFAULT,2048,8192,2048,16,5,1048576,42,0,0.000,0.000,0.000,0.000,PASS,0
mh_d0_C0_DEFAULT_N8192_q16_rep3,3,4,3,sm_89,D0_FCOLLECT_SERIAL,NVSHMEM,C0_DEFAULT,2048,8192,2048,16,6,1048576,42,0,0.000,0.000,0.000,0.000,PASS,0
mh_d0_C0_DEFAULT_N8192_q16_rep3,3,4,3,sm_89,D0_FCOLLECT_SERIAL,NVSHMEM,C0_DEFAULT,2048,8192,2048,16,7,1048576,42,0,0.000,0.000,0.000,0.000,PASS,0
mh_d0_C0_DEFAULT_N8192_q16_rep3,3,4,3,sm_89,D0_FCOLLECT_SERIAL,NVSHMEM,C0_DEFAULT,2048,8192,2048,16,8,1048576,42,0,0.000,0.000,0.000,0.000,PASS,0
mh_d0_C0_DEFAULT_N8192_q16_rep3,3,4,3,sm_89,D0_FCOLLECT_SERIAL,NVSHMEM,C0_DEFAULT,2048,8192,2048,16,9,1048576,42,0,0.000,0.000,0.000,0.000,PASS,0
mh_d0_C0_DEFAULT_N8192_q16_rep3,3,4,3,sm_89,D0_FCOLLECT_SERIAL,NVSHMEM,C0_DEFAULT,2048,8192,2048,16,10,1048576,42,0,0.000,0.000,0.000,0.000,PASS,0
mh_d0_C0_DEFAULT_N8192_q16_rep3,3,4,3,sm_89,D0_FCOLLECT_SERIAL,NVSHMEM,C0_DEFAULT,2048,8192,2048,16,11,1048576,42,0,0.000,0.000,0.000,0.000,PASS,0
mh_d0_C0_DEFAULT_N8192_q16_rep3,3,4,3,sm_89,D0_FCOLLECT_SERIAL,NVSHMEM,C0_DEFAULT,2048,8192,2048,16,12,1048576,42,0,0.000,0.000,0.000,0.000,PASS,0
mh_d0_C0_DEFAULT_N8192_q16_rep3,3,4,3,sm_89,D0_FCOLLECT_SERIAL,NVSHMEM,C0_DEFAULT,2048,8192,2048,16,13,1048576,42,0,0.000,0.000,0.000,0.000,PASS,0
mh_d0_C0_DEFAULT_N8192_q16_rep3,3,4,3,sm_89,D0_FCOLLECT_SERIAL,NVSHMEM,C0_DEFAULT,2048,8192,2048,16,14,1048576,42,0,0.000,0.000,0.000,0.000,PASS,0
mh_d0_C0_DEFAULT_N8192_q16_rep3,3,4,3,sm_89,D0_FCOLLECT_SERIAL,NVSHMEM,C0_DEFAULT,2048,8192,2048,16,15,1048576,42,0,0.000,0.000,0.000,0.000,PASS,0
mh_d0_C0_DEFAULT_N8192_q16_rep3,3,4,3,sm_89,D0_FCOLLECT_SERIAL,NVSHMEM,C0_DEFAULT,2048,8192,2048,16,0,1048576,43,0,553.504,562.144,15060.735,14498.593,PASS,0
mh_d0_C0_DEFAULT_N8192_q16_rep3,3,4,3,sm_89,D0_FCOLLECT_SERIAL,NVSHMEM,C0_DEFAULT,2048,8192,2048,16,1,1048576,43,0,0.000,0.000,0.000,0.000,PASS,0
mh_d0_C0_DEFAULT_N8192_q16_rep3,3,4,3,sm_89,D0_FCOLLECT_SERIAL,NVSHMEM,C0_DEFAULT,2048,8192,2048,16,2,1048576,43,0,0.000,0.000,0.000,0.000,PASS,0
mh_d0_C0_DEFAULT_N8192_q16_rep3,3,4,3,sm_89,D0_FCOLLECT_SERIAL,NVSHMEM,C0_DEFAULT,2048,8192,2048,16,3,1048576,43,0,0.000,0.000,0.000,0.000,PASS,0
mh_d0_C0_DEFAULT_N8192_q16_rep3,3,4,3,sm_89,D0_FCOLLECT_SERIAL,NVSHMEM,C0_DEFAULT,2048,8192,2048,16,4,1048576,43,0,0.000,0.000,0.000,0.000,PASS,0
mh_d0_C0_DEFAULT_N8192_q16_rep3,3,4,3,sm_89,D0_FCOLLECT_SERIAL,NVSHMEM,C0_DEFAULT,2048,8192,2048,16,5,1048576,43,0,0.000,0.000,0.000,0.000,PASS,0
mh_d0_C0_DEFAULT_N8192_q16_rep3,3,4,3,sm_89,D0_FCOLLECT_SERIAL,NVSHMEM,C0_DEFAULT,2048,8192,2048,16,6,1048576,43,0,0.000,0.000,0.000,0.000,PASS,0
mh_d0_C0_DEFAULT_N8192_q16_rep3,3,4,3,sm_89,D0_FCOLLECT_SERIAL,NVSHMEM,C0_DEFAULT,2048,8192,2048,16,7,1048576,43,0,0.000,0.000,0.000,0.000,PASS,0
mh_d0_C0_DEFAULT_N8192_q16_rep3,3,4,3,sm_89,D0_FCOLLECT_SERIAL,NVSHMEM,C0_DEFAULT,2048,8192,2048,16,8,1048576,43,0,0.000,0.000,0.000,0.000,PASS,0
mh_d0_C0_DEFAULT_N8192_q16_rep3,3,4,3,sm_89,D0_FCOLLECT_SERIAL,NVSHMEM,C0_DEFAULT,2048,8192,2048,16,9,1048576,43,0,0.000,0.000,0.000,0.000,PASS,0
mh_d0_C0_DEFAULT_N8192_q16_rep3,3,4,3,sm_89,D0_FCOLLECT_SERIAL,NVSHMEM,C0_DEFAULT,2048,8192,2048,16,10,1048576,43,0,0.000,0.000,0.000,0.000,PASS,0
mh_d0_C0_DEFAULT_N8192_q16_rep3,3,4,3,sm_89,D0_FCOLLECT_SERIAL,NVSHMEM,C0_DEFAULT,2048,8192,2048,16,11,1048576,43,0,0.000,0.000,0.000,0.000,PASS,0
mh_d0_C0_DEFAULT_N8192_q16_rep3,3,4,3,sm_89,D0_FCOLLECT_SERIAL,NVSHMEM,C0_DEFAULT,2048,8192,2048,16,12,1048576,43,0,0.000,0.000,0.000,0.000,PASS,0
mh_d0_C0_DEFAULT_N8192_q16_rep3,3,4,3,sm_89,D0_FCOLLECT_SERIAL,NVSHMEM,C0_DEFAULT,2048,8192,2048,16,13,1048576,43,0,0.000,0.000,0.000,0.000,PASS,0
mh_d0_C0_DEFAULT_N8192_q16_rep3,3,4,3,sm_89,D0_FCOLLECT_SERIAL,NVSHMEM,C0_DEFAULT,2048,8192,2048,16,14,1048576,43,0,0.000,0.000,0.000,0.000,PASS,0
mh_d0_C0_DEFAULT_N8192_q16_rep3,3,4,3,sm_89,D0_FCOLLECT_SERIAL,NVSHMEM,C0_DEFAULT,2048,8192,2048,16,15,1048576,43,0,0.000,0.000,0.000,0.000,PASS,0
mh_d0_C0_DEFAULT_N8192_q16_rep3,3,4,3,sm_89,D0_FCOLLECT_SERIAL,NVSHMEM,C0_DEFAULT,2048,8192,2048,16,0,1048576,44,0,548.960,557.376,15055.104,14497.729,PASS,0
mh_d0_C0_DEFAULT_N8192_q16_rep3,3,4,3,sm_89,D0_FCOLLECT_SERIAL,NVSHMEM,C0_DEFAULT,2048,8192,2048,16,1,1048576,44,0,0.000,0.000,0.000,0.000,PASS,0
mh_d0_C0_DEFAULT_N8192_q16_rep3,3,4,3,sm_89,D0_FCOLLECT_SERIAL,NVSHMEM,C0_DEFAULT,2048,8192,2048,16,2,1048576,44,0,0.000,0.000,0.000,0.000,PASS,0
mh_d0_C0_DEFAULT_N8192_q16_rep3,3,4,3,sm_89,D0_FCOLLECT_SERIAL,NVSHMEM,C0_DEFAULT,2048,8192,2048,16,3,1048576,44,0,0.000,0.000,0.000,0.000,PASS,0
mh_d0_C0_DEFAULT_N8192_q16_rep3,3,4,3,sm_89,D0_FCOLLECT_SERIAL,NVSHMEM,C0_DEFAULT,2048,8192,2048,16,4,1048576,44,0,0.000,0.000,0.000,0.000,PASS,0
mh_d0_C0_DEFAULT_N8192_q16_rep3,3,4,3,sm_89,D0_FCOLLECT_SERIAL,NVSHMEM,C0_DEFAULT,2048,8192,2048,16,5,1048576,44,0,0.000,0.000,0.000,0.000,PASS,0
mh_d0_C0_DEFAULT_N8192_q16_rep3,3,4,3,sm_89,D0_FCOLLECT_SERIAL,NVSHMEM,C0_DEFAULT,2048,8192,2048,16,6,1048576,44,0,0.000,0.000,0.000,0.000,PASS,0
mh_d0_C0_DEFAULT_N8192_q16_rep3,3,4,3,sm_89,D0_FCOLLECT_SERIAL,NVSHMEM,C0_DEFAULT,2048,8192,2048,16,7,1048576,44,0,0.000,0.000,0.000,0.000,PASS,0
mh_d0_C0_DEFAULT_N8192_q16_rep3,3,4,3,sm_89,D0_FCOLLECT_SERIAL,NVSHMEM,C0_DEFAULT,2048,8192,2048,16,8,1048576,44,0,0.000,0.000,0.000,0.000,PASS,0
mh_d0_C0_DEFAULT_N8192_q16_rep3,3,4,3,sm_89,D0_FCOLLECT_SERIAL,NVSHMEM,C0_DEFAULT,2048,8192,2048,16,9,1048576,44,0,0.000,0.000,0.000,0.000,PASS,0
mh_d0_C0_DEFAULT_N8192_q16_rep3,3,4,3,sm_89,D0_FCOLLECT_SERIAL,NVSHMEM,C0_DEFAULT,2048,8192,2048,16,10,1048576,44,0,0.000,0.000,0.000,0.000,PASS,0
mh_d0_C0_DEFAULT_N8192_q16_rep3,3,4,3,sm_89,D0_FCOLLECT_SERIAL,NVSHMEM,C0_DEFAULT,2048,8192,2048,16,11,1048576,44,0,0.000,0.000,0.000,0.000,PASS,0
mh_d0_C0_DEFAULT_N8192_q16_rep3,3,4,3,sm_89,D0_FCOLLECT_SERIAL,NVSHMEM,C0_DEFAULT,2048,8192,2048,16,12,1048576,44,0,0.000,0.000,0.000,0.000,PASS,0
mh_d0_C0_DEFAULT_N8192_q16_rep3,3,4,3,sm_89,D0_FCOLLECT_SERIAL,NVSHMEM,C0_DEFAULT,2048,8192,2048,16,13,1048576,44,0,0.000,0.000,0.000,0.000,PASS,0
mh_d0_C0_DEFAULT_N8192_q16_rep3,3,4,3,sm_89,D0_FCOLLECT_SERIAL,NVSHMEM,C0_DEFAULT,2048,8192,2048,16,14,1048576,44,0,0.000,0.000,0.000,0.000,PASS,0
mh_d0_C0_DEFAULT_N8192_q16_rep3,3,4,3,sm_89,D0_FCOLLECT_SERIAL,NVSHMEM,C0_DEFAULT,2048,8192,2048,16,15,1048576,44,0,0.000,0.000,0.000,0.000,PASS,0
mh_d0_C0_DEFAULT_N8192_q16_rep3,3,4,3,sm_89,D0_FCOLLECT_SERIAL,NVSHMEM,C0_DEFAULT,2048,8192,2048,16,0,1048576,45,0,554.240,563.104,15061.344,14498.240,PASS,0
mh_d0_C0_DEFAULT_N8192_q16_rep3,3,4,3,sm_89,D0_FCOLLECT_SERIAL,NVSHMEM,C0_DEFAULT,2048,8192,2048,16,1,1048576,45,0,0.000,0.000,0.000,0.000,PASS,0
mh_d0_C0_DEFAULT_N8192_q16_rep3,3,4,3,sm_89,D0_FCOLLECT_SERIAL,NVSHMEM,C0_DEFAULT,2048,8192,2048,16,2,1048576,45,0,0.000,0.000,0.000,0.000,PASS,0
mh_d0_C0_DEFAULT_N8192_q16_rep3,3,4,3,sm_89,D0_FCOLLECT_SERIAL,NVSHMEM,C0_DEFAULT,2048,8192,2048,16,3,1048576,45,0,0.000,0.000,0.000,0.000,PASS,0
mh_d0_C0_DEFAULT_N8192_q16_rep3,3,4,3,sm_89,D0_FCOLLECT_SERIAL,NVSHMEM,C0_DEFAULT,2048,8192,2048,16,4,1048576,45,0,0.000,0.000,0.000,0.000,PASS,0
mh_d0_C0_DEFAULT_N8192_q16_rep3,3,4,3,sm_89,D0_FCOLLECT_SERIAL,NVSHMEM,C0_DEFAULT,2048,8192,2048,16,5,1048576,45,0,0.000,0.000,0.000,0.000,PASS,0
mh_d0_C0_DEFAULT_N8192_q16_rep3,3,4,3,sm_89,D0_FCOLLECT_SERIAL,NVSHMEM,C0_DEFAULT,2048,8192,2048,16,6,1048576,45,0,0.000,0.000,0.000,0.000,PASS,0
mh_d0_C0_DEFAULT_N8192_q16_rep3,3,4,3,sm_89,D0_FCOLLECT_SERIAL,NVSHMEM,C0_DEFAULT,2048,8192,2048,16,7,1048576,45,0,0.000,0.000,0.000,0.000,PASS,0
mh_d0_C0_DEFAULT_N8192_q16_rep3,3,4,3,sm_89,D0_FCOLLECT_SERIAL,NVSHMEM,C0_DEFAULT,2048,8192,2048,16,8,1048576,45,0,0.000,0.000,0.000,0.000,PASS,0
mh_d0_C0_DEFAULT_N8192_q16_rep3,3,4,3,sm_89,D0_FCOLLECT_SERIAL,NVSHMEM,C0_DEFAULT,2048,8192,2048,16,9,1048576,45,0,0.000,0.000,0.000,0.000,PASS,0
mh_d0_C0_DEFAULT_N8192_q16_rep3,3,4,3,sm_89,D0_FCOLLECT_SERIAL,NVSHMEM,C0_DEFAULT,2048,8192,2048,16,10,1048576,45,0,0.000,0.000,0.000,0.000,PASS,0
mh_d0_C0_DEFAULT_N8192_q16_rep3,3,4,3,sm_89,D0_FCOLLECT_SERIAL,NVSHMEM,C0_DEFAULT,2048,8192,2048,16,11,1048576,45,0,0.000,0.000,0.000,0.000,PASS,0
mh_d0_C0_DEFAULT_N8192_q16_rep3,3,4,3,sm_89,D0_FCOLLECT_SERIAL,NVSHMEM,C0_DEFAULT,2048,8192,2048,16,12,1048576,45,0,0.000,0.000,0.000,0.000,PASS,0
mh_d0_C0_DEFAULT_N8192_q16_rep3,3,4,3,sm_89,D0_FCOLLECT_SERIAL,NVSHMEM,C0_DEFAULT,2048,8192,2048,16,13,1048576,45,0,0.000,0.000,0.000,0.000,PASS,0
mh_d0_C0_DEFAULT_N8192_q16_rep3,3,4,3,sm_89,D0_FCOLLECT_SERIAL,NVSHMEM,C0_DEFAULT,2048,8192,2048,16,14,1048576,45,0,0.000,0.000,0.000,0.000,PASS,0
mh_d0_C0_DEFAULT_N8192_q16_rep3,3,4,3,sm_89,D0_FCOLLECT_SERIAL,NVSHMEM,C0_DEFAULT,2048,8192,2048,16,15,1048576,45,0,0.000,0.000,0.000,0.000,PASS,0
mh_d0_C0_DEFAULT_N8192_q16_rep3,3,4,3,sm_89,D0_FCOLLECT_SERIAL,NVSHMEM,C0_DEFAULT,2048,8192,2048,16,0,1048576,46,0,556.224,564.576,15062.145,14497.568,PASS,0
mh_d0_C0_DEFAULT_N8192_q16_rep3,3,4,3,sm_89,D0_FCOLLECT_SERIAL,NVSHMEM,C0_DEFAULT,2048,8192,2048,16,1,1048576,46,0,0.000,0.000,0.000,0.000,PASS,0
mh_d0_C0_DEFAULT_N8192_q16_rep3,3,4,3,sm_89,D0_FCOLLECT_SERIAL,NVSHMEM,C0_DEFAULT,2048,8192,2048,16,2,1048576,46,0,0.000,0.000,0.000,0.000,PASS,0
mh_d0_C0_DEFAULT_N8192_q16_rep3,3,4,3,sm_89,D0_FCOLLECT_SERIAL,NVSHMEM,C0_DEFAULT,2048,8192,2048,16,3,1048576,46,0,0.000,0.000,0.000,0.000,PASS,0
mh_d0_C0_DEFAULT_N8192_q16_rep3,3,4,3,sm_89,D0_FCOLLECT_SERIAL,NVSHMEM,C0_DEFAULT,2048,8192,2048,16,4,1048576,46,0,0.000,0.000,0.000,0.000,PASS,0
mh_d0_C0_DEFAULT_N8192_q16_rep3,3,4,3,sm_89,D0_FCOLLECT_SERIAL,NVSHMEM,C0_DEFAULT,2048,8192,2048,16,5,1048576,46,0,0.000,0.000,0.000,0.000,PASS,0
mh_d0_C0_DEFAULT_N8192_q16_rep3,3,4,3,sm_89,D0_FCOLLECT_SERIAL,NVSHMEM,C0_DEFAULT,2048,8192,2048,16,6,1048576,46,0,0.000,0.000,0.000,0.000,PASS,0
mh_d0_C0_DEFAULT_N8192_q16_rep3,3,4,3,sm_89,D0_FCOLLECT_SERIAL,NVSHMEM,C0_DEFAULT,2048,8192,2048,16,7,1048576,46,0,0.000,0.000,0.000,0.000,PASS,0
mh_d0_C0_DEFAULT_N8192_q16_rep3,3,4,3,sm_89,D0_FCOLLECT_SERIAL,NVSHMEM,C0_DEFAULT,2048,8192,2048,16,8,1048576,46,0,0.000,0.000,0.000,0.000,PASS,0
mh_d0_C0_DEFAULT_N8192_q16_rep3,3,4,3,sm_89,D0_FCOLLECT_SERIAL,NVSHMEM,C0_DEFAULT,2048,8192,2048,16,9,1048576,46,0,0.000,0.000,0.000,0.000,PASS,0
mh_d0_C0_DEFAULT_N8192_q16_rep3,3,4,3,sm_89,D0_FCOLLECT_SERIAL,NVSHMEM,C0_DEFAULT,2048,8192,2048,16,10,1048576,46,0,0.000,0.000,0.000,0.000,PASS,0
mh_d0_C0_DEFAULT_N8192_q16_rep3,3,4,3,sm_89,D0_FCOLLECT_SERIAL,NVSHMEM,C0_DEFAULT,2048,8192,2048,16,11,1048576,46,0,0.000,0.000,0.000,0.000,PASS,0
mh_d0_C0_DEFAULT_N8192_q16_rep3,3,4,3,sm_89,D0_FCOLLECT_SERIAL,NVSHMEM,C0_DEFAULT,2048,8192,2048,16,12,1048576,46,0,0.000,0.000,0.000,0.000,PASS,0
mh_d0_C0_DEFAULT_N8192_q16_rep3,3,4,3,sm_89,D0_FCOLLECT_SERIAL,NVSHMEM,C0_DEFAULT,2048,8192,2048,16,13,1048576,46,0,0.000,0.000,0.000,0.000,PASS,0
mh_d0_C0_DEFAULT_N8192_q16_rep3,3,4,3,sm_89,D0_FCOLLECT_SERIAL,NVSHMEM,C0_DEFAULT,2048,8192,2048,16,14,1048576,46,0,0.000,0.000,0.000,0.000,PASS,0
mh_d0_C0_DEFAULT_N8192_q16_rep3,3,4,3,sm_89,D0_FCOLLECT_SERIAL,NVSHMEM,C0_DEFAULT,2048,8192,2048,16,15,1048576,46,0,0.000,0.000,0.000,0.000,PASS,0
mh_d0_C0_DEFAULT_N8192_q16_rep3,3,4,3,sm_89,D0_FCOLLECT_SERIAL,NVSHMEM,C0_DEFAULT,2048,8192,2048,16,0,1048576,47,0,560.608,569.152,15069.152,14500.000,PASS,0
mh_d0_C0_DEFAULT_N8192_q16_rep3,3,4,3,sm_89,D0_FCOLLECT_SERIAL,NVSHMEM,C0_DEFAULT,2048,8192,2048,16,1,1048576,47,0,0.000,0.000,0.000,0.000,PASS,0
mh_d0_C0_DEFAULT_N8192_q16_rep3,3,4,3,sm_89,D0_FCOLLECT_SERIAL,NVSHMEM,C0_DEFAULT,2048,8192,2048,16,2,1048576,47,0,0.000,0.000,0.000,0.000,PASS,0
mh_d0_C0_DEFAULT_N8192_q16_rep3,3,4,3,sm_89,D0_FCOLLECT_SERIAL,NVSHMEM,C0_DEFAULT,2048,8192,2048,16,3,1048576,47,0,0.000,0.000,0.000,0.000,PASS,0
mh_d0_C0_DEFAULT_N8192_q16_rep3,3,4,3,sm_89,D0_FCOLLECT_SERIAL,NVSHMEM,C0_DEFAULT,2048,8192,2048,16,4,1048576,47,0,0.000,0.000,0.000,0.000,PASS,0
mh_d0_C0_DEFAULT_N8192_q16_rep3,3,4,3,sm_89,D0_FCOLLECT_SERIAL,NVSHMEM,C0_DEFAULT,2048,8192,2048,16,5,1048576,47,0,0.000,0.000,0.000,0.000,PASS,0
mh_d0_C0_DEFAULT_N8192_q16_rep3,3,4,3,sm_89,D0_FCOLLECT_SERIAL,NVSHMEM,C0_DEFAULT,2048,8192,2048,16,6,1048576,47,0,0.000,0.000,0.000,0.000,PASS,0
mh_d0_C0_DEFAULT_N8192_q16_rep3,3,4,3,sm_89,D0_FCOLLECT_SERIAL,NVSHMEM,C0_DEFAULT,2048,8192,2048,16,7,1048576,47,0,0.000,0.000,0.000,0.000,PASS,0
mh_d0_C0_DEFAULT_N8192_q16_rep3,3,4,3,sm_89,D0_FCOLLECT_SERIAL,NVSHMEM,C0_DEFAULT,2048,8192,2048,16,8,1048576,47,0,0.000,0.000,0.000,0.000,PASS,0
mh_d0_C0_DEFAULT_N8192_q16_rep3,3,4,3,sm_89,D0_FCOLLECT_SERIAL,NVSHMEM,C0_DEFAULT,2048,8192,2048,16,9,1048576,47,0,0.000,0.000,0.000,0.000,PASS,0
mh_d0_C0_DEFAULT_N8192_q16_rep3,3,4,3,sm_89,D0_FCOLLECT_SERIAL,NVSHMEM,C0_DEFAULT,2048,8192,2048,16,10,1048576,47,0,0.000,0.000,0.000,0.000,PASS,0
mh_d0_C0_DEFAULT_N8192_q16_rep3,3,4,3,sm_89,D0_FCOLLECT_SERIAL,NVSHMEM,C0_DEFAULT,2048,8192,2048,16,11,1048576,47,0,0.000,0.000,0.000,0.000,PASS,0
mh_d0_C0_DEFAULT_N8192_q16_rep3,3,4,3,sm_89,D0_FCOLLECT_SERIAL,NVSHMEM,C0_DEFAULT,2048,8192,2048,16,12,1048576,47,0,0.000,0.000,0.000,0.000,PASS,0
mh_d0_C0_DEFAULT_N8192_q16_rep3,3,4,3,sm_89,D0_FCOLLECT_SERIAL,NVSHMEM,C0_DEFAULT,2048,8192,2048,16,13,1048576,47,0,0.000,0.000,0.000,0.000,PASS,0
mh_d0_C0_DEFAULT_N8192_q16_rep3,3,4,3,sm_89,D0_FCOLLECT_SERIAL,NVSHMEM,C0_DEFAULT,2048,8192,2048,16,14,1048576,47,0,0.000,0.000,0.000,0.000,PASS,0
mh_d0_C0_DEFAULT_N8192_q16_rep3,3,4,3,sm_89,D0_FCOLLECT_SERIAL,NVSHMEM,C0_DEFAULT,2048,8192,2048,16,15,1048576,47,0,0.000,0.000,0.000,0.000,PASS,0
mh_d0_C0_DEFAULT_N8192_q16_rep3,3,4,3,sm_89,D0_FCOLLECT_SERIAL,NVSHMEM,C0_DEFAULT,2048,8192,2048,16,0,1048576,48,0,558.720,567.232,15066.560,14499.328,PASS,0
mh_d0_C0_DEFAULT_N8192_q16_rep3,3,4,3,sm_89,D0_FCOLLECT_SERIAL,NVSHMEM,C0_DEFAULT,2048,8192,2048,16,1,1048576,48,0,0.000,0.000,0.000,0.000,PASS,0
mh_d0_C0_DEFAULT_N8192_q16_rep3,3,4,3,sm_89,D0_FCOLLECT_SERIAL,NVSHMEM,C0_DEFAULT,2048,8192,2048,16,2,1048576,48,0,0.000,0.000,0.000,0.000,PASS,0
mh_d0_C0_DEFAULT_N8192_q16_rep3,3,4,3,sm_89,D0_FCOLLECT_SERIAL,NVSHMEM,C0_DEFAULT,2048,8192,2048,16,3,1048576,48,0,0.000,0.000,0.000,0.000,PASS,0
mh_d0_C0_DEFAULT_N8192_q16_rep3,3,4,3,sm_89,D0_FCOLLECT_SERIAL,NVSHMEM,C0_DEFAULT,2048,8192,2048,16,4,1048576,48,0,0.000,0.000,0.000,0.000,PASS,0
mh_d0_C0_DEFAULT_N8192_q16_rep3,3,4,3,sm_89,D0_FCOLLECT_SERIAL,NVSHMEM,C0_DEFAULT,2048,8192,2048,16,5,1048576,48,0,0.000,0.000,0.000,0.000,PASS,0
mh_d0_C0_DEFAULT_N8192_q16_rep3,3,4,3,sm_89,D0_FCOLLECT_SERIAL,NVSHMEM,C0_DEFAULT,2048,8192,2048,16,6,1048576,48,0,0.000,0.000,0.000,0.000,PASS,0
mh_d0_C0_DEFAULT_N8192_q16_rep3,3,4,3,sm_89,D0_FCOLLECT_SERIAL,NVSHMEM,C0_DEFAULT,2048,8192,2048,16,7,1048576,48,0,0.000,0.000,0.000,0.000,PASS,0
mh_d0_C0_DEFAULT_N8192_q16_rep3,3,4,3,sm_89,D0_FCOLLECT_SERIAL,NVSHMEM,C0_DEFAULT,2048,8192,2048,16,8,1048576,48,0,0.000,0.000,0.000,0.000,PASS,0
mh_d0_C0_DEFAULT_N8192_q16_rep3,3,4,3,sm_89,D0_FCOLLECT_SERIAL,NVSHMEM,C0_DEFAULT,2048,8192,2048,16,9,1048576,48,0,0.000,0.000,0.000,0.000,PASS,0
mh_d0_C0_DEFAULT_N8192_q16_rep3,3,4,3,sm_89,D0_FCOLLECT_SERIAL,NVSHMEM,C0_DEFAULT,2048,8192,2048,16,10,1048576,48,0,0.000,0.000,0.000,0.000,PASS,0
mh_d0_C0_DEFAULT_N8192_q16_rep3,3,4,3,sm_89,D0_FCOLLECT_SERIAL,NVSHMEM,C0_DEFAULT,2048,8192,2048,16,11,1048576,48,0,0.000,0.000,0.000,0.000,PASS,0
mh_d0_C0_DEFAULT_N8192_q16_rep3,3,4,3,sm_89,D0_FCOLLECT_SERIAL,NVSHMEM,C0_DEFAULT,2048,8192,2048,16,12,1048576,48,0,0.000,0.000,0.000,0.000,PASS,0
mh_d0_C0_DEFAULT_N8192_q16_rep3,3,4,3,sm_89,D0_FCOLLECT_SERIAL,NVSHMEM,C0_DEFAULT,2048,8192,2048,16,13,1048576,48,0,0.000,0.000,0.000,0.000,PASS,0
mh_d0_C0_DEFAULT_N8192_q16_rep3,3,4,3,sm_89,D0_FCOLLECT_SERIAL,NVSHMEM,C0_DEFAULT,2048,8192,2048,16,14,1048576,48,0,0.000,0.000,0.000,0.000,PASS,0
mh_d0_C0_DEFAULT_N8192_q16_rep3,3,4,3,sm_89,D0_FCOLLECT_SERIAL,NVSHMEM,C0_DEFAULT,2048,8192,2048,16,15,1048576,48,0,0.000,0.000,0.000,0.000,PASS,0
mh_d0_C0_DEFAULT_N8192_q16_rep3,3,4,3,sm_89,D0_FCOLLECT_SERIAL,NVSHMEM,C0_DEFAULT,2048,8192,2048,16,0,1048576,49,0,557.376,565.728,15064.064,14498.336,PASS,0
mh_d0_C0_DEFAULT_N8192_q16_rep3,3,4,3,sm_89,D0_FCOLLECT_SERIAL,NVSHMEM,C0_DEFAULT,2048,8192,2048,16,1,1048576,49,0,0.000,0.000,0.000,0.000,PASS,0
mh_d0_C0_DEFAULT_N8192_q16_rep3,3,4,3,sm_89,D0_FCOLLECT_SERIAL,NVSHMEM,C0_DEFAULT,2048,8192,2048,16,2,1048576,49,0,0.000,0.000,0.000,0.000,PASS,0
mh_d0_C0_DEFAULT_N8192_q16_rep3,3,4,3,sm_89,D0_FCOLLECT_SERIAL,NVSHMEM,C0_DEFAULT,2048,8192,2048,16,3,1048576,49,0,0.000,0.000,0.000,0.000,PASS,0
mh_d0_C0_DEFAULT_N8192_q16_rep3,3,4,3,sm_89,D0_FCOLLECT_SERIAL,NVSHMEM,C0_DEFAULT,2048,8192,2048,16,4,1048576,49,0,0.000,0.000,0.000,0.000,PASS,0
mh_d0_C0_DEFAULT_N8192_q16_rep3,3,4,3,sm_89,D0_FCOLLECT_SERIAL,NVSHMEM,C0_DEFAULT,2048,8192,2048,16,5,1048576,49,0,0.000,0.000,0.000,0.000,PASS,0
mh_d0_C0_DEFAULT_N8192_q16_rep3,3,4,3,sm_89,D0_FCOLLECT_SERIAL,NVSHMEM,C0_DEFAULT,2048,8192,2048,16,6,1048576,49,0,0.000,0.000,0.000,0.000,PASS,0
mh_d0_C0_DEFAULT_N8192_q16_rep3,3,4,3,sm_89,D0_FCOLLECT_SERIAL,NVSHMEM,C0_DEFAULT,2048,8192,2048,16,7,1048576,49,0,0.000,0.000,0.000,0.000,PASS,0
mh_d0_C0_DEFAULT_N8192_q16_rep3,3,4,3,sm_89,D0_FCOLLECT_SERIAL,NVSHMEM,C0_DEFAULT,2048,8192,2048,16,8,1048576,49,0,0.000,0.000,0.000,0.000,PASS,0
mh_d0_C0_DEFAULT_N8192_q16_rep3,3,4,3,sm_89,D0_FCOLLECT_SERIAL,NVSHMEM,C0_DEFAULT,2048,8192,2048,16,9,1048576,49,0,0.000,0.000,0.000,0.000,PASS,0
mh_d0_C0_DEFAULT_N8192_q16_rep3,3,4,3,sm_89,D0_FCOLLECT_SERIAL,NVSHMEM,C0_DEFAULT,2048,8192,2048,16,10,1048576,49,0,0.000,0.000,0.000,0.000,PASS,0
mh_d0_C0_DEFAULT_N8192_q16_rep3,3,4,3,sm_89,D0_FCOLLECT_SERIAL,NVSHMEM,C0_DEFAULT,2048,8192,2048,16,11,1048576,49,0,0.000,0.000,0.000,0.000,PASS,0
mh_d0_C0_DEFAULT_N8192_q16_rep3,3,4,3,sm_89,D0_FCOLLECT_SERIAL,NVSHMEM,C0_DEFAULT,2048,8192,2048,16,12,1048576,49,0,0.000,0.000,0.000,0.000,PASS,0
mh_d0_C0_DEFAULT_N8192_q16_rep3,3,4,3,sm_89,D0_FCOLLECT_SERIAL,NVSHMEM,C0_DEFAULT,2048,8192,2048,16,13,1048576,49,0,0.000,0.000,0.000,0.000,PASS,0
mh_d0_C0_DEFAULT_N8192_q16_rep3,3,4,3,sm_89,D0_FCOLLECT_SERIAL,NVSHMEM,C0_DEFAULT,2048,8192,2048,16,14,1048576,49,0,0.000,0.000,0.000,0.000,PASS,0
mh_d0_C0_DEFAULT_N8192_q16_rep3,3,4,3,sm_89,D0_FCOLLECT_SERIAL,NVSHMEM,C0_DEFAULT,2048,8192,2048,16,15,1048576,49,0,0.000,0.000,0.000,0.000,PASS,0
