run_id,rank,rank_count,device,gfx_arch,path,family,candidate,M,N,K,q,slice_index,slice_bytes,iteration_index,t_issue_us,t_release_us,t_gemm_start_us,t_gemm_end_us,t_gemm_duration_us,correctness,status
PHASEB_formal_r1_C0_DEFAULT_N2048_q16_rep5,2,4,2,sm_89,R1_EVENT_OVERLAP,NCCL,C0_DEFAULT,2048,2048,2048,16,0,1048576,0,0,119.456,126.208,442.784,316.576,PASS,0
PHASEB_formal_r1_C0_DEFAULT_N2048_q16_rep5,2,4,2,sm_89,R1_EVENT_OVERLAP,NCCL,C0_DEFAULT,2048,2048,2048,16,1,1048576,0,0,194.208,446.080,760.576,314.496,PASS,0
PHASEB_formal_r1_C0_DEFAULT_N2048_q16_rep5,2,4,2,sm_89,R1_EVENT_OVERLAP,NCCL,C0_DEFAULT,2048,2048,2048,16,2,1048576,0,0,418.240,764.480,1071.456,306.976,PASS,0
PHASEB_formal_r1_C0_DEFAULT_N2048_q16_rep5,2,4,2,sm_89,R1_EVENT_OVERLAP,NCCL,C0_DEFAULT,2048,2048,2048,16,3,1048576,0,0,510.336,1075.584,1383.392,307.808,PASS,0
PHASEB_formal_r1_C0_DEFAULT_N2048_q16_rep5,2,4,2,sm_89,R1_EVENT_OVERLAP,NCCL,C0_DEFAULT,2048,2048,2048,16,4,1048576,0,0,731.552,1386.912,1702.080,315.168,PASS,0
PHASEB_formal_r1_C0_DEFAULT_N2048_q16_rep5,2,4,2,sm_89,R1_EVENT_OVERLAP,NCCL,C0_DEFAULT,2048,2048,2048,16,5,1048576,0,0,811.424,1705.408,2023.392,317.984,PASS,0
PHASEB_formal_r1_C0_DEFAULT_N2048_q16_rep5,2,4,2,sm_89,R1_EVENT_OVERLAP,NCCL,C0_DEFAULT,2048,2048,2048,16,6,1048576,0,0,1046.752,2030.560,2336.256,305.696,PASS,0
PHASEB_formal_r1_C0_DEFAULT_N2048_q16_rep5,2,4,2,sm_89,R1_EVENT_OVERLAP,NCCL,C0_DEFAULT,2048,2048,2048,16,7,1048576,0,0,1124.768,2339.584,2654.080,314.496,PASS,0
PHASEB_formal_r1_C0_DEFAULT_N2048_q16_rep5,2,4,2,sm_89,R1_EVENT_OVERLAP,NCCL,C0_DEFAULT,2048,2048,2048,16,8,1048576,0,0,1358.848,2657.376,2965.056,307.680,PASS,0
PHASEB_formal_r1_C0_DEFAULT_N2048_q16_rep5,2,4,2,sm_89,R1_EVENT_OVERLAP,NCCL,C0_DEFAULT,2048,2048,2048,16,9,1048576,0,0,1450.944,2968.544,3228.736,260.192,PASS,0
PHASEB_formal_r1_C0_DEFAULT_N2048_q16_rep5,2,4,2,sm_89,R1_EVENT_OVERLAP,NCCL,C0_DEFAULT,2048,2048,2048,16,10,1048576,0,0,1676.960,3232.192,3493.376,261.184,PASS,0
PHASEB_formal_r1_C0_DEFAULT_N2048_q16_rep5,2,4,2,sm_89,R1_EVENT_OVERLAP,NCCL,C0_DEFAULT,2048,2048,2048,16,11,1048576,0,0,1764.480,3496.800,3756.992,260.192,PASS,0
PHASEB_formal_r1_C0_DEFAULT_N2048_q16_rep5,2,4,2,sm_89,R1_EVENT_OVERLAP,NCCL,C0_DEFAULT,2048,2048,2048,16,12,1048576,0,0,1997.600,3760.448,4021.120,260.672,PASS,0
PHASEB_formal_r1_C0_DEFAULT_N2048_q16_rep5,2,4,2,sm_89,R1_EVENT_OVERLAP,NCCL,C0_DEFAULT,2048,2048,2048,16,13,1048576,0,0,2309.856,4024.544,4284.288,259.744,PASS,0
PHASEB_formal_r1_C0_DEFAULT_N2048_q16_rep5,2,4,2,sm_89,R1_EVENT_OVERLAP,NCCL,C0_DEFAULT,2048,2048,2048,16,14,1048576,0,0,2628.512,4287.712,4548.992,261.280,PASS,0
PHASEB_formal_r1_C0_DEFAULT_N2048_q16_rep5,2,4,2,sm_89,R1_EVENT_OVERLAP,NCCL,C0_DEFAULT,2048,2048,2048,16,15,1048576,0,0,2947.200,4552.384,4811.072,258.688,PASS,0
PHASEB_formal_r1_C0_DEFAULT_N2048_q16_rep5,2,4,2,sm_89,R1_EVENT_OVERLAP,NCCL,C0_DEFAULT,2048,2048,2048,16,0,1048576,1,0,121.120,127.744,445.440,317.696,PASS,0
PHASEB_formal_r1_C0_DEFAULT_N2048_q16_rep5,2,4,2,sm_89,R1_EVENT_OVERLAP,NCCL,C0_DEFAULT,2048,2048,2048,16,1,1048576,1,0,196.576,449.312,756.000,306.688,PASS,0
PHASEB_formal_r1_C0_DEFAULT_N2048_q16_rep5,2,4,2,sm_89,R1_EVENT_OVERLAP,NCCL,C0_DEFAULT,2048,2048,2048,16,2,1048576,1,0,439.136,759.424,1066.240,306.816,PASS,0
PHASEB_formal_r1_C0_DEFAULT_N2048_q16_rep5,2,4,2,sm_89,R1_EVENT_OVERLAP,NCCL,C0_DEFAULT,2048,2048,2048,16,3,1048576,1,0,513.696,1069.728,1347.328,277.600,PASS,0
PHASEB_formal_r1_C0_DEFAULT_N2048_q16_rep5,2,4,2,sm_89,R1_EVENT_OVERLAP,NCCL,C0_DEFAULT,2048,2048,2048,16,4,1048576,1,0,748.736,1350.880,1663.584,312.704,PASS,0
PHASEB_formal_r1_C0_DEFAULT_N2048_q16_rep5,2,4,2,sm_89,R1_EVENT_OVERLAP,NCCL,C0_DEFAULT,2048,2048,2048,16,5,1048576,1,0,1076.576,1666.976,1944.096,277.120,PASS,0
PHASEB_formal_r1_C0_DEFAULT_N2048_q16_rep5,2,4,2,sm_89,R1_EVENT_OVERLAP,NCCL,C0_DEFAULT,2048,2048,2048,16,6,1048576,1,0,1385.408,1947.552,2260.096,312.544,PASS,0
PHASEB_formal_r1_C0_DEFAULT_N2048_q16_rep5,2,4,2,sm_89,R1_EVENT_OVERLAP,NCCL,C0_DEFAULT,2048,2048,2048,16,7,1048576,1,0,1673.248,2263.616,2535.136,271.520,PASS,0
PHASEB_formal_r1_C0_DEFAULT_N2048_q16_rep5,2,4,2,sm_89,R1_EVENT_OVERLAP,NCCL,C0_DEFAULT,2048,2048,2048,16,8,1048576,1,0,1982.400,2539.584,2848.512,308.928,PASS,0
PHASEB_formal_r1_C0_DEFAULT_N2048_q16_rep5,2,4,2,sm_89,R1_EVENT_OVERLAP,NCCL,C0_DEFAULT,2048,2048,2048,16,9,1048576,1,0,2270.112,2851.872,3122.656,270.784,PASS,0
PHASEB_formal_r1_C0_DEFAULT_N2048_q16_rep5,2,4,2,sm_89,R1_EVENT_OVERLAP,NCCL,C0_DEFAULT,2048,2048,2048,16,10,1048576,1,0,2580.704,3126.272,3437.120,310.848,PASS,0
PHASEB_formal_r1_C0_DEFAULT_N2048_q16_rep5,2,4,2,sm_89,R1_EVENT_OVERLAP,NCCL,C0_DEFAULT,2048,2048,2048,16,11,1048576,1,0,2859.328,3440.544,3717.408,276.864,PASS,0
PHASEB_formal_r1_C0_DEFAULT_N2048_q16_rep5,2,4,2,sm_89,R1_EVENT_OVERLAP,NCCL,C0_DEFAULT,2048,2048,2048,16,12,1048576,1,0,3166.112,3720.832,4030.304,309.472,PASS,0
PHASEB_formal_r1_C0_DEFAULT_N2048_q16_rep5,2,4,2,sm_89,R1_EVENT_OVERLAP,NCCL,C0_DEFAULT,2048,2048,2048,16,13,1048576,1,0,3447.200,4033.664,4295.744,262.080,PASS,0
PHASEB_formal_r1_C0_DEFAULT_N2048_q16_rep5,2,4,2,sm_89,R1_EVENT_OVERLAP,NCCL,C0_DEFAULT,2048,2048,2048,16,14,1048576,1,0,3754.080,4299.200,4560.736,261.536,PASS,0
PHASEB_formal_r1_C0_DEFAULT_N2048_q16_rep5,2,4,2,sm_89,R1_EVENT_OVERLAP,NCCL,C0_DEFAULT,2048,2048,2048,16,15,1048576,1,0,4039.936,4564.160,4823.680,259.520,PASS,0
PHASEB_formal_r1_C0_DEFAULT_N2048_q16_rep5,2,4,2,sm_89,R1_EVENT_OVERLAP,NCCL,C0_DEFAULT,2048,2048,2048,16,0,1048576,2,0,132.448,138.752,449.184,310.432,PASS,0
PHASEB_formal_r1_C0_DEFAULT_N2048_q16_rep5,2,4,2,sm_89,R1_EVENT_OVERLAP,NCCL,C0_DEFAULT,2048,2048,2048,16,1,1048576,2,0,216.320,452.960,731.904,278.944,PASS,0
PHASEB_formal_r1_C0_DEFAULT_N2048_q16_rep5,2,4,2,sm_89,R1_EVENT_OVERLAP,NCCL,C0_DEFAULT,2048,2048,2048,16,2,1048576,2,0,459.648,735.200,1048.576,313.376,PASS,0
PHASEB_formal_r1_C0_DEFAULT_N2048_q16_rep5,2,4,2,sm_89,R1_EVENT_OVERLAP,NCCL,C0_DEFAULT,2048,2048,2048,16,3,1048576,2,0,771.200,1052.064,1371.200,319.136,PASS,0
PHASEB_formal_r1_C0_DEFAULT_N2048_q16_rep5,2,4,2,sm_89,R1_EVENT_OVERLAP,NCCL,C0_DEFAULT,2048,2048,2048,16,4,1048576,2,0,1095.392,1375.360,1655.232,279.872,PASS,0
PHASEB_formal_r1_C0_DEFAULT_N2048_q16_rep5,2,4,2,sm_89,R1_EVENT_OVERLAP,NCCL,C0_DEFAULT,2048,2048,2048,16,5,1048576,2,0,1385.408,1658.656,1975.360,316.704,PASS,0
PHASEB_formal_r1_C0_DEFAULT_N2048_q16_rep5,2,4,2,sm_89,R1_EVENT_OVERLAP,NCCL,C0_DEFAULT,2048,2048,2048,16,6,1048576,2,0,1692.448,1978.720,2256.960,278.240,PASS,0
PHASEB_formal_r1_C0_DEFAULT_N2048_q16_rep5,2,4,2,sm_89,R1_EVENT_OVERLAP,NCCL,C0_DEFAULT,2048,2048,2048,16,7,1048576,2,0,1985.728,2260.288,2571.200,310.912,PASS,0
PHASEB_formal_r1_C0_DEFAULT_N2048_q16_rep5,2,4,2,sm_89,R1_EVENT_OVERLAP,NCCL,C0_DEFAULT,2048,2048,2048,16,8,1048576,2,0,2293.600,2574.560,2853.312,278.752,PASS,0
PHASEB_formal_r1_C0_DEFAULT_N2048_q16_rep5,2,4,2,sm_89,R1_EVENT_OVERLAP,NCCL,C0_DEFAULT,2048,2048,2048,16,9,1048576,2,0,2581.792,2856.640,3168.448,311.808,PASS,0
PHASEB_formal_r1_C0_DEFAULT_N2048_q16_rep5,2,4,2,sm_89,R1_EVENT_OVERLAP,NCCL,C0_DEFAULT,2048,2048,2048,16,10,1048576,2,0,2889.312,3171.968,3451.072,279.104,PASS,0
PHASEB_formal_r1_C0_DEFAULT_N2048_q16_rep5,2,4,2,sm_89,R1_EVENT_OVERLAP,NCCL,C0_DEFAULT,2048,2048,2048,16,11,1048576,2,0,3178.272,3454.944,3766.624,311.680,PASS,0
PHASEB_formal_r1_C0_DEFAULT_N2048_q16_rep5,2,4,2,sm_89,R1_EVENT_OVERLAP,NCCL,C0_DEFAULT,2048,2048,2048,16,12,1048576,2,0,3492.512,3770.080,4040.096,270.016,PASS,0
PHASEB_formal_r1_C0_DEFAULT_N2048_q16_rep5,2,4,2,sm_89,R1_EVENT_OVERLAP,NCCL,C0_DEFAULT,2048,2048,2048,16,13,1048576,2,0,3776.480,4043.616,4355.968,312.352,PASS,0
PHASEB_formal_r1_C0_DEFAULT_N2048_q16_rep5,2,4,2,sm_89,R1_EVENT_OVERLAP,NCCL,C0_DEFAULT,2048,2048,2048,16,14,1048576,2,0,4082.752,4359.360,4621.216,261.856,PASS,0
PHASEB_formal_r1_C0_DEFAULT_N2048_q16_rep5,2,4,2,sm_89,R1_EVENT_OVERLAP,NCCL,C0_DEFAULT,2048,2048,2048,16,15,1048576,2,0,4366.240,4624.672,4884.288,259.616,PASS,0
PHASEB_formal_r1_C0_DEFAULT_N2048_q16_rep5,2,4,2,sm_89,R1_EVENT_OVERLAP,NCCL,C0_DEFAULT,2048,2048,2048,16,0,1048576,3,0,111.520,118.528,435.008,316.480,PASS,0
PHASEB_formal_r1_C0_DEFAULT_N2048_q16_rep5,2,4,2,sm_89,R1_EVENT_OVERLAP,NCCL,C0_DEFAULT,2048,2048,2048,16,1,1048576,3,0,185.984,438.400,747.008,308.608,PASS,0
PHASEB_formal_r1_C0_DEFAULT_N2048_q16_rep5,2,4,2,sm_89,R1_EVENT_OVERLAP,NCCL,C0_DEFAULT,2048,2048,2048,16,2,1048576,3,0,410.784,750.592,1068.576,317.984,PASS,0
PHASEB_formal_r1_C0_DEFAULT_N2048_q16_rep5,2,4,2,sm_89,R1_EVENT_OVERLAP,NCCL,C0_DEFAULT,2048,2048,2048,16,3,1048576,3,0,512.512,1072.128,1383.328,311.200,PASS,0
PHASEB_formal_r1_C0_DEFAULT_N2048_q16_rep5,2,4,2,sm_89,R1_EVENT_OVERLAP,NCCL,C0_DEFAULT,2048,2048,2048,16,4,1048576,3,0,740.064,1387.424,1698.976,311.552,PASS,0
PHASEB_formal_r1_C0_DEFAULT_N2048_q16_rep5,2,4,2,sm_89,R1_EVENT_OVERLAP,NCCL,C0_DEFAULT,2048,2048,2048,16,5,1048576,3,0,817.824,1702.336,2013.728,311.392,PASS,0
PHASEB_formal_r1_C0_DEFAULT_N2048_q16_rep5,2,4,2,sm_89,R1_EVENT_OVERLAP,NCCL,C0_DEFAULT,2048,2048,2048,16,6,1048576,3,0,1060.672,2017.376,2359.616,342.240,PASS,0
PHASEB_formal_r1_C0_DEFAULT_N2048_q16_rep5,2,4,2,sm_89,R1_EVENT_OVERLAP,NCCL,C0_DEFAULT,2048,2048,2048,16,7,1048576,3,0,1375.808,2363.040,2701.888,338.848,PASS,0
PHASEB_formal_r1_C0_DEFAULT_N2048_q16_rep5,2,4,2,sm_89,R1_EVENT_OVERLAP,NCCL,C0_DEFAULT,2048,2048,2048,16,8,1048576,3,0,1652.928,2705.312,3013.056,307.744,PASS,0
PHASEB_formal_r1_C0_DEFAULT_N2048_q16_rep5,2,4,2,sm_89,R1_EVENT_OVERLAP,NCCL,C0_DEFAULT,2048,2048,2048,16,9,1048576,3,0,1962.880,3016.704,3322.880,306.176,PASS,0
PHASEB_formal_r1_C0_DEFAULT_N2048_q16_rep5,2,4,2,sm_89,R1_EVENT_OVERLAP,NCCL,C0_DEFAULT,2048,2048,2048,16,10,1048576,3,0,2240.704,3326.240,3639.072,312.832,PASS,0
PHASEB_formal_r1_C0_DEFAULT_N2048_q16_rep5,2,4,2,sm_89,R1_EVENT_OVERLAP,NCCL,C0_DEFAULT,2048,2048,2048,16,11,1048576,3,0,2556.704,3642.528,3903.168,260.640,PASS,0
PHASEB_formal_r1_C0_DEFAULT_N2048_q16_rep5,2,4,2,sm_89,R1_EVENT_OVERLAP,NCCL,C0_DEFAULT,2048,2048,2048,16,12,1048576,3,0,2831.808,3906.592,4166.272,259.680,PASS,0
PHASEB_formal_r1_C0_DEFAULT_N2048_q16_rep5,2,4,2,sm_89,R1_EVENT_OVERLAP,NCCL,C0_DEFAULT,2048,2048,2048,16,13,1048576,3,0,3143.040,4169.696,4430.752,261.056,PASS,0
PHASEB_formal_r1_C0_DEFAULT_N2048_q16_rep5,2,4,2,sm_89,R1_EVENT_OVERLAP,NCCL,C0_DEFAULT,2048,2048,2048,16,14,1048576,3,0,3419.136,4434.112,4694.496,260.384,PASS,0
PHASEB_formal_r1_C0_DEFAULT_N2048_q16_rep5,2,4,2,sm_89,R1_EVENT_OVERLAP,NCCL,C0_DEFAULT,2048,2048,2048,16,15,1048576,3,0,3648.800,4697.952,4958.016,260.064,PASS,0
PHASEB_formal_r1_C0_DEFAULT_N2048_q16_rep5,2,4,2,sm_89,R1_EVENT_OVERLAP,NCCL,C0_DEFAULT,2048,2048,2048,16,0,1048576,4,0,126.112,132.896,442.144,309.248,PASS,0
PHASEB_formal_r1_C0_DEFAULT_N2048_q16_rep5,2,4,2,sm_89,R1_EVENT_OVERLAP,NCCL,C0_DEFAULT,2048,2048,2048,16,1,1048576,4,0,201.376,445.664,756.288,310.624,PASS,0
PHASEB_formal_r1_C0_DEFAULT_N2048_q16_rep5,2,4,2,sm_89,R1_EVENT_OVERLAP,NCCL,C0_DEFAULT,2048,2048,2048,16,2,1048576,4,0,432.640,759.712,1081.952,322.240,PASS,0
PHASEB_formal_r1_C0_DEFAULT_N2048_q16_rep5,2,4,2,sm_89,R1_EVENT_OVERLAP,NCCL,C0_DEFAULT,2048,2048,2048,16,3,1048576,4,0,521.376,1085.568,1364.320,278.752,PASS,0
PHASEB_formal_r1_C0_DEFAULT_N2048_q16_rep5,2,4,2,sm_89,R1_EVENT_OVERLAP,NCCL,C0_DEFAULT,2048,2048,2048,16,4,1048576,4,0,749.024,1372.576,1690.976,318.400,PASS,0
PHASEB_formal_r1_C0_DEFAULT_N2048_q16_rep5,2,4,2,sm_89,R1_EVENT_OVERLAP,NCCL,C0_DEFAULT,2048,2048,2048,16,5,1048576,4,0,843.424,1694.336,1970.400,276.064,PASS,0
PHASEB_formal_r1_C0_DEFAULT_N2048_q16_rep5,2,4,2,sm_89,R1_EVENT_OVERLAP,NCCL,C0_DEFAULT,2048,2048,2048,16,6,1048576,4,0,1092.064,1973.696,2283.648,309.952,PASS,0
PHASEB_formal_r1_C0_DEFAULT_N2048_q16_rep5,2,4,2,sm_89,R1_EVENT_OVERLAP,NCCL,C0_DEFAULT,2048,2048,2048,16,7,1048576,4,0,1410.304,2286.944,2597.088,310.144,PASS,0
PHASEB_formal_r1_C0_DEFAULT_N2048_q16_rep5,2,4,2,sm_89,R1_EVENT_OVERLAP,NCCL,C0_DEFAULT,2048,2048,2048,16,8,1048576,4,0,1700.768,2600.480,2878.624,278.144,PASS,0
PHASEB_formal_r1_C0_DEFAULT_N2048_q16_rep5,2,4,2,sm_89,R1_EVENT_OVERLAP,NCCL,C0_DEFAULT,2048,2048,2048,16,9,1048576,4,0,2007.872,2882.304,3195.616,313.312,PASS,0
PHASEB_formal_r1_C0_DEFAULT_N2048_q16_rep5,2,4,2,sm_89,R1_EVENT_OVERLAP,NCCL,C0_DEFAULT,2048,2048,2048,16,10,1048576,4,0,2311.040,3199.008,3474.528,275.520,PASS,0
PHASEB_formal_r1_C0_DEFAULT_N2048_q16_rep5,2,4,2,sm_89,R1_EVENT_OVERLAP,NCCL,C0_DEFAULT,2048,2048,2048,16,11,1048576,4,0,2606.816,3478.048,3786.112,308.064,PASS,0
PHASEB_formal_r1_C0_DEFAULT_N2048_q16_rep5,2,4,2,sm_89,R1_EVENT_OVERLAP,NCCL,C0_DEFAULT,2048,2048,2048,16,12,1048576,4,0,2915.552,3789.568,4050.304,260.736,PASS,0
PHASEB_formal_r1_C0_DEFAULT_N2048_q16_rep5,2,4,2,sm_89,R1_EVENT_OVERLAP,NCCL,C0_DEFAULT,2048,2048,2048,16,13,1048576,4,0,3205.344,4053.664,4314.496,260.832,PASS,0
PHASEB_formal_r1_C0_DEFAULT_N2048_q16_rep5,2,4,2,sm_89,R1_EVENT_OVERLAP,NCCL,C0_DEFAULT,2048,2048,2048,16,14,1048576,4,0,3515.744,4317.952,4579.136,261.184,PASS,0
PHASEB_formal_r1_C0_DEFAULT_N2048_q16_rep5,2,4,2,sm_89,R1_EVENT_OVERLAP,NCCL,C0_DEFAULT,2048,2048,2048,16,15,1048576,4,0,3797.024,4582.592,4841.600,259.008,PASS,0
PHASEB_formal_r1_C0_DEFAULT_N2048_q16_rep5,2,4,2,sm_89,R1_EVENT_OVERLAP,NCCL,C0_DEFAULT,2048,2048,2048,16,0,1048576,5,0,119.744,126.432,433.696,307.264,PASS,0
PHASEB_formal_r1_C0_DEFAULT_N2048_q16_rep5,2,4,2,sm_89,R1_EVENT_OVERLAP,NCCL,C0_DEFAULT,2048,2048,2048,16,1,1048576,5,0,195.424,437.184,741.856,304.672,PASS,0
PHASEB_formal_r1_C0_DEFAULT_N2048_q16_rep5,2,4,2,sm_89,R1_EVENT_OVERLAP,NCCL,C0_DEFAULT,2048,2048,2048,16,2,1048576,5,0,427.104,745.376,1020.256,274.880,PASS,0
PHASEB_formal_r1_C0_DEFAULT_N2048_q16_rep5,2,4,2,sm_89,R1_EVENT_OVERLAP,NCCL,C0_DEFAULT,2048,2048,2048,16,3,1048576,5,0,513.504,1024.000,1336.640,312.640,PASS,0
PHASEB_formal_r1_C0_DEFAULT_N2048_q16_rep5,2,4,2,sm_89,R1_EVENT_OVERLAP,NCCL,C0_DEFAULT,2048,2048,2048,16,4,1048576,5,0,751.648,1339.936,1647.744,307.808,PASS,0
PHASEB_formal_r1_C0_DEFAULT_N2048_q16_rep5,2,4,2,sm_89,R1_EVENT_OVERLAP,NCCL,C0_DEFAULT,2048,2048,2048,16,5,1048576,5,0,1059.136,1651.520,1928.896,277.376,PASS,0
PHASEB_formal_r1_C0_DEFAULT_N2048_q16_rep5,2,4,2,sm_89,R1_EVENT_OVERLAP,NCCL,C0_DEFAULT,2048,2048,2048,16,6,1048576,5,0,1381.152,1932.352,2243.872,311.520,PASS,0
PHASEB_formal_r1_C0_DEFAULT_N2048_q16_rep5,2,4,2,sm_89,R1_EVENT_OVERLAP,NCCL,C0_DEFAULT,2048,2048,2048,16,7,1048576,5,0,1659.168,2247.168,2520.544,273.376,PASS,0
PHASEB_formal_r1_C0_DEFAULT_N2048_q16_rep5,2,4,2,sm_89,R1_EVENT_OVERLAP,NCCL,C0_DEFAULT,2048,2048,2048,16,8,1048576,5,0,1966.528,2523.840,2835.456,311.616,PASS,0
PHASEB_formal_r1_C0_DEFAULT_N2048_q16_rep5,2,4,2,sm_89,R1_EVENT_OVERLAP,NCCL,C0_DEFAULT,2048,2048,2048,16,9,1048576,5,0,2253.888,2839.168,3113.760,274.592,PASS,0
PHASEB_formal_r1_C0_DEFAULT_N2048_q16_rep5,2,4,2,sm_89,R1_EVENT_OVERLAP,NCCL,C0_DEFAULT,2048,2048,2048,16,10,1048576,5,0,2561.408,3117.152,3427.648,310.496,PASS,0
PHASEB_formal_r1_C0_DEFAULT_N2048_q16_rep5,2,4,2,sm_89,R1_EVENT_OVERLAP,NCCL,C0_DEFAULT,2048,2048,2048,16,11,1048576,5,0,2846.400,3431.008,3709.280,278.272,PASS,0
PHASEB_formal_r1_C0_DEFAULT_N2048_q16_rep5,2,4,2,sm_89,R1_EVENT_OVERLAP,NCCL,C0_DEFAULT,2048,2048,2048,16,12,1048576,5,0,3152.928,3712.960,4022.496,309.536,PASS,0
PHASEB_formal_r1_C0_DEFAULT_N2048_q16_rep5,2,4,2,sm_89,R1_EVENT_OVERLAP,NCCL,C0_DEFAULT,2048,2048,2048,16,13,1048576,5,0,3437.888,4025.888,4287.072,261.184,PASS,0
PHASEB_formal_r1_C0_DEFAULT_N2048_q16_rep5,2,4,2,sm_89,R1_EVENT_OVERLAP,NCCL,C0_DEFAULT,2048,2048,2048,16,14,1048576,5,0,3745.312,4290.496,4550.400,259.904,PASS,0
PHASEB_formal_r1_C0_DEFAULT_N2048_q16_rep5,2,4,2,sm_89,R1_EVENT_OVERLAP,NCCL,C0_DEFAULT,2048,2048,2048,16,15,1048576,5,0,4032.128,4553.824,4813.664,259.840,PASS,0
PHASEB_formal_r1_C0_DEFAULT_N2048_q16_rep5,2,4,2,sm_89,R1_EVENT_OVERLAP,NCCL,C0_DEFAULT,2048,2048,2048,16,0,1048576,6,0,122.560,129.280,443.296,314.016,PASS,0
PHASEB_formal_r1_C0_DEFAULT_N2048_q16_rep5,2,4,2,sm_89,R1_EVENT_OVERLAP,NCCL,C0_DEFAULT,2048,2048,2048,16,1,1048576,6,0,208.448,446.912,721.664,274.752,PASS,0
PHASEB_formal_r1_C0_DEFAULT_N2048_q16_rep5,2,4,2,sm_89,R1_EVENT_OVERLAP,NCCL,C0_DEFAULT,2048,2048,2048,16,2,1048576,6,0,453.536,725.600,1042.336,316.736,PASS,0
PHASEB_formal_r1_C0_DEFAULT_N2048_q16_rep5,2,4,2,sm_89,R1_EVENT_OVERLAP,NCCL,C0_DEFAULT,2048,2048,2048,16,3,1048576,6,0,763.456,1045.792,1354.496,308.704,PASS,0
PHASEB_formal_r1_C0_DEFAULT_N2048_q16_rep5,2,4,2,sm_89,R1_EVENT_OVERLAP,NCCL,C0_DEFAULT,2048,2048,2048,16,4,1048576,6,0,1035.840,1358.688,1629.248,270.560,PASS,0
PHASEB_formal_r1_C0_DEFAULT_N2048_q16_rep5,2,4,2,sm_89,R1_EVENT_OVERLAP,NCCL,C0_DEFAULT,2048,2048,2048,16,5,1048576,6,0,1366.208,1632.864,1943.008,310.144,PASS,0
PHASEB_formal_r1_C0_DEFAULT_N2048_q16_rep5,2,4,2,sm_89,R1_EVENT_OVERLAP,NCCL,C0_DEFAULT,2048,2048,2048,16,6,1048576,6,0,1671.264,1946.624,2220.672,274.048,PASS,0
PHASEB_formal_r1_C0_DEFAULT_N2048_q16_rep5,2,4,2,sm_89,R1_EVENT_OVERLAP,NCCL,C0_DEFAULT,2048,2048,2048,16,7,1048576,6,0,1953.440,2224.416,2535.776,311.360,PASS,0
PHASEB_formal_r1_C0_DEFAULT_N2048_q16_rep5,2,4,2,sm_89,R1_EVENT_OVERLAP,NCCL,C0_DEFAULT,2048,2048,2048,16,8,1048576,6,0,2266.432,2539.200,2812.224,273.024,PASS,0
PHASEB_formal_r1_C0_DEFAULT_N2048_q16_rep5,2,4,2,sm_89,R1_EVENT_OVERLAP,NCCL,C0_DEFAULT,2048,2048,2048,16,9,1048576,6,0,2554.016,2815.616,3126.080,310.464,PASS,0
PHASEB_formal_r1_C0_DEFAULT_N2048_q16_rep5,2,4,2,sm_89,R1_EVENT_OVERLAP,NCCL,C0_DEFAULT,2048,2048,2048,16,10,1048576,6,0,2859.456,3129.536,3440.352,310.816,PASS,0
PHASEB_formal_r1_C0_DEFAULT_N2048_q16_rep5,2,4,2,sm_89,R1_EVENT_OVERLAP,NCCL,C0_DEFAULT,2048,2048,2048,16,11,1048576,6,0,3154.368,3443.776,3754.592,310.816,PASS,0
PHASEB_formal_r1_C0_DEFAULT_N2048_q16_rep5,2,4,2,sm_89,R1_EVENT_OVERLAP,NCCL,C0_DEFAULT,2048,2048,2048,16,12,1048576,6,0,3465.536,3758.432,4029.312,270.880,PASS,0
PHASEB_formal_r1_C0_DEFAULT_N2048_q16_rep5,2,4,2,sm_89,R1_EVENT_OVERLAP,NCCL,C0_DEFAULT,2048,2048,2048,16,13,1048576,6,0,3765.184,4032.800,4341.376,308.576,PASS,0
PHASEB_formal_r1_C0_DEFAULT_N2048_q16_rep5,2,4,2,sm_89,R1_EVENT_OVERLAP,NCCL,C0_DEFAULT,2048,2048,2048,16,14,1048576,6,0,4073.568,4344.736,4642.752,298.016,PASS,0
PHASEB_formal_r1_C0_DEFAULT_N2048_q16_rep5,2,4,2,sm_89,R1_EVENT_OVERLAP,NCCL,C0_DEFAULT,2048,2048,2048,16,15,1048576,6,0,4368.928,4646.144,4904.704,258.560,PASS,0
PHASEB_formal_r1_C0_DEFAULT_N2048_q16_rep5,2,4,2,sm_89,R1_EVENT_OVERLAP,NCCL,C0_DEFAULT,2048,2048,2048,16,0,1048576,7,0,118.144,124.672,429.088,304.416,PASS,0
PHASEB_formal_r1_C0_DEFAULT_N2048_q16_rep5,2,4,2,sm_89,R1_EVENT_OVERLAP,NCCL,C0_DEFAULT,2048,2048,2048,16,1,1048576,7,0,193.536,432.480,744.032,311.552,PASS,0
PHASEB_formal_r1_C0_DEFAULT_N2048_q16_rep5,2,4,2,sm_89,R1_EVENT_OVERLAP,NCCL,C0_DEFAULT,2048,2048,2048,16,2,1048576,7,0,418.976,747.808,1058.176,310.368,PASS,0
PHASEB_formal_r1_C0_DEFAULT_N2048_q16_rep5,2,4,2,sm_89,R1_EVENT_OVERLAP,NCCL,C0_DEFAULT,2048,2048,2048,16,3,1048576,7,0,496.096,1061.504,1374.400,312.896,PASS,0
PHASEB_formal_r1_C0_DEFAULT_N2048_q16_rep5,2,4,2,sm_89,R1_EVENT_OVERLAP,NCCL,C0_DEFAULT,2048,2048,2048,16,4,1048576,7,0,717.568,1377.952,1650.816,272.864,PASS,0
PHASEB_formal_r1_C0_DEFAULT_N2048_q16_rep5,2,4,2,sm_89,R1_EVENT_OVERLAP,NCCL,C0_DEFAULT,2048,2048,2048,16,5,1048576,7,0,797.248,1654.496,1965.856,311.360,PASS,0
PHASEB_formal_r1_C0_DEFAULT_N2048_q16_rep5,2,4,2,sm_89,R1_EVENT_OVERLAP,NCCL,C0_DEFAULT,2048,2048,2048,16,6,1048576,7,0,1028.192,1969.248,2289.600,320.352,PASS,0
PHASEB_formal_r1_C0_DEFAULT_N2048_q16_rep5,2,4,2,sm_89,R1_EVENT_OVERLAP,NCCL,C0_DEFAULT,2048,2048,2048,16,7,1048576,7,0,1119.808,2292.960,2603.104,310.144,PASS,0
PHASEB_formal_r1_C0_DEFAULT_N2048_q16_rep5,2,4,2,sm_89,R1_EVENT_OVERLAP,NCCL,C0_DEFAULT,2048,2048,2048,16,8,1048576,7,0,1416.160,2606.784,2882.112,275.328,PASS,0
PHASEB_formal_r1_C0_DEFAULT_N2048_q16_rep5,2,4,2,sm_89,R1_EVENT_OVERLAP,NCCL,C0_DEFAULT,2048,2048,2048,16,9,1048576,7,0,1727.264,2885.376,3193.600,308.224,PASS,0
PHASEB_formal_r1_C0_DEFAULT_N2048_q16_rep5,2,4,2,sm_89,R1_EVENT_OVERLAP,NCCL,C0_DEFAULT,2048,2048,2048,16,10,1048576,7,0,2011.136,3196.960,3480.480,283.520,PASS,0
PHASEB_formal_r1_C0_DEFAULT_N2048_q16_rep5,2,4,2,sm_89,R1_EVENT_OVERLAP,NCCL,C0_DEFAULT,2048,2048,2048,16,11,1048576,7,0,2319.200,3484.160,3783.808,299.648,PASS,0
PHASEB_formal_r1_C0_DEFAULT_N2048_q16_rep5,2,4,2,sm_89,R1_EVENT_OVERLAP,NCCL,C0_DEFAULT,2048,2048,2048,16,12,1048576,7,0,2613.120,3787.456,4047.424,259.968,PASS,0
PHASEB_formal_r1_C0_DEFAULT_N2048_q16_rep5,2,4,2,sm_89,R1_EVENT_OVERLAP,NCCL,C0_DEFAULT,2048,2048,2048,16,13,1048576,7,0,2921.536,4050.848,4312.064,261.216,PASS,0
PHASEB_formal_r1_C0_DEFAULT_N2048_q16_rep5,2,4,2,sm_89,R1_EVENT_OVERLAP,NCCL,C0_DEFAULT,2048,2048,2048,16,14,1048576,7,0,3203.424,4315.488,4575.456,259.968,PASS,0
PHASEB_formal_r1_C0_DEFAULT_N2048_q16_rep5,2,4,2,sm_89,R1_EVENT_OVERLAP,NCCL,C0_DEFAULT,2048,2048,2048,16,15,1048576,7,0,3516.320,4578.880,4839.136,260.256,PASS,0
PHASEB_formal_r1_C0_DEFAULT_N2048_q16_rep5,2,4,2,sm_89,R1_EVENT_OVERLAP,NCCL,C0_DEFAULT,2048,2048,2048,16,0,1048576,8,0,124.128,131.136,444.096,312.960,PASS,0
PHASEB_formal_r1_C0_DEFAULT_N2048_q16_rep5,2,4,2,sm_89,R1_EVENT_OVERLAP,NCCL,C0_DEFAULT,2048,2048,2048,16,1,1048576,8,0,199.200,447.488,719.168,271.680,PASS,0
PHASEB_formal_r1_C0_DEFAULT_N2048_q16_rep5,2,4,2,sm_89,R1_EVENT_OVERLAP,NCCL,C0_DEFAULT,2048,2048,2048,16,2,1048576,8,0,454.048,722.528,1038.528,316.000,PASS,0
PHASEB_formal_r1_C0_DEFAULT_N2048_q16_rep5,2,4,2,sm_89,R1_EVENT_OVERLAP,NCCL,C0_DEFAULT,2048,2048,2048,16,3,1048576,8,0,761.792,1042.176,1359.776,317.600,PASS,0
PHASEB_formal_r1_C0_DEFAULT_N2048_q16_rep5,2,4,2,sm_89,R1_EVENT_OVERLAP,NCCL,C0_DEFAULT,2048,2048,2048,16,4,1048576,8,0,1078.336,1363.648,1673.696,310.048,PASS,0
PHASEB_formal_r1_C0_DEFAULT_N2048_q16_rep5,2,4,2,sm_89,R1_EVENT_OVERLAP,NCCL,C0_DEFAULT,2048,2048,2048,16,5,1048576,8,0,1353.248,1677.568,1955.328,277.760,PASS,0
PHASEB_formal_r1_C0_DEFAULT_N2048_q16_rep5,2,4,2,sm_89,R1_EVENT_OVERLAP,NCCL,C0_DEFAULT,2048,2048,2048,16,6,1048576,8,0,1684.064,1958.624,2271.136,312.512,PASS,0
PHASEB_formal_r1_C0_DEFAULT_N2048_q16_rep5,2,4,2,sm_89,R1_EVENT_OVERLAP,NCCL,C0_DEFAULT,2048,2048,2048,16,7,1048576,8,0,1990.048,2274.912,2552.224,277.312,PASS,0
PHASEB_formal_r1_C0_DEFAULT_N2048_q16_rep5,2,4,2,sm_89,R1_EVENT_OVERLAP,NCCL,C0_DEFAULT,2048,2048,2048,16,8,1048576,8,0,2282.464,2555.584,2867.520,311.936,PASS,0
PHASEB_formal_r1_C0_DEFAULT_N2048_q16_rep5,2,4,2,sm_89,R1_EVENT_OVERLAP,NCCL,C0_DEFAULT,2048,2048,2048,16,9,1048576,8,0,2590.528,2870.976,3145.504,274.528,PASS,0
PHASEB_formal_r1_C0_DEFAULT_N2048_q16_rep5,2,4,2,sm_89,R1_EVENT_OVERLAP,NCCL,C0_DEFAULT,2048,2048,2048,16,10,1048576,8,0,2878.176,3150.528,3455.488,304.960,PASS,0
PHASEB_formal_r1_C0_DEFAULT_N2048_q16_rep5,2,4,2,sm_89,R1_EVENT_OVERLAP,NCCL,C0_DEFAULT,2048,2048,2048,16,11,1048576,8,0,3193.504,3458.976,3772.256,313.280,PASS,0
PHASEB_formal_r1_C0_DEFAULT_N2048_q16_rep5,2,4,2,sm_89,R1_EVENT_OVERLAP,NCCL,C0_DEFAULT,2048,2048,2048,16,12,1048576,8,0,3486.912,3775.744,4085.888,310.144,PASS,0
PHASEB_formal_r1_C0_DEFAULT_N2048_q16_rep5,2,4,2,sm_89,R1_EVENT_OVERLAP,NCCL,C0_DEFAULT,2048,2048,2048,16,13,1048576,8,0,3799.680,4089.312,4367.360,278.048,PASS,0
PHASEB_formal_r1_C0_DEFAULT_N2048_q16_rep5,2,4,2,sm_89,R1_EVENT_OVERLAP,NCCL,C0_DEFAULT,2048,2048,2048,16,14,1048576,8,0,4095.648,4370.944,4670.400,299.456,PASS,0
PHASEB_formal_r1_C0_DEFAULT_N2048_q16_rep5,2,4,2,sm_89,R1_EVENT_OVERLAP,NCCL,C0_DEFAULT,2048,2048,2048,16,15,1048576,8,0,4405.408,4673.824,4932.800,258.976,PASS,0
PHASEB_formal_r1_C0_DEFAULT_N2048_q16_rep5,2,4,2,sm_89,R1_EVENT_OVERLAP,NCCL,C0_DEFAULT,2048,2048,2048,16,0,1048576,9,0,118.976,125.408,441.088,315.680,PASS,0
PHASEB_formal_r1_C0_DEFAULT_N2048_q16_rep5,2,4,2,sm_89,R1_EVENT_OVERLAP,NCCL,C0_DEFAULT,2048,2048,2048,16,1,1048576,9,0,193.056,444.448,752.288,307.840,PASS,0
PHASEB_formal_r1_C0_DEFAULT_N2048_q16_rep5,2,4,2,sm_89,R1_EVENT_OVERLAP,NCCL,C0_DEFAULT,2048,2048,2048,16,2,1048576,9,0,416.992,755.712,1068.832,313.120,PASS,0
PHASEB_formal_r1_C0_DEFAULT_N2048_q16_rep5,2,4,2,sm_89,R1_EVENT_OVERLAP,NCCL,C0_DEFAULT,2048,2048,2048,16,3,1048576,9,0,512.992,1072.224,1381.888,309.664,PASS,0
PHASEB_formal_r1_C0_DEFAULT_N2048_q16_rep5,2,4,2,sm_89,R1_EVENT_OVERLAP,NCCL,C0_DEFAULT,2048,2048,2048,16,4,1048576,9,0,745.600,1385.376,1696.160,310.784,PASS,0
PHASEB_formal_r1_C0_DEFAULT_N2048_q16_rep5,2,4,2,sm_89,R1_EVENT_OVERLAP,NCCL,C0_DEFAULT,2048,2048,2048,16,5,1048576,9,0,1061.472,1699.840,2005.216,305.376,PASS,0
PHASEB_formal_r1_C0_DEFAULT_N2048_q16_rep5,2,4,2,sm_89,R1_EVENT_OVERLAP,NCCL,C0_DEFAULT,2048,2048,2048,16,6,1048576,9,0,1340.224,2008.576,2318.048,309.472,PASS,0
PHASEB_formal_r1_C0_DEFAULT_N2048_q16_rep5,2,4,2,sm_89,R1_EVENT_OVERLAP,NCCL,C0_DEFAULT,2048,2048,2048,16,7,1048576,9,0,1653.920,2321.440,2654.112,332.672,PASS,0
PHASEB_formal_r1_C0_DEFAULT_N2048_q16_rep5,2,4,2,sm_89,R1_EVENT_OVERLAP,NCCL,C0_DEFAULT,2048,2048,2048,16,8,1048576,9,0,1934.560,2657.568,2993.888,336.320,PASS,0
PHASEB_formal_r1_C0_DEFAULT_N2048_q16_rep5,2,4,2,sm_89,R1_EVENT_OVERLAP,NCCL,C0_DEFAULT,2048,2048,2048,16,9,1048576,9,0,2256.000,2997.376,3327.968,330.592,PASS,0
PHASEB_formal_r1_C0_DEFAULT_N2048_q16_rep5,2,4,2,sm_89,R1_EVENT_OVERLAP,NCCL,C0_DEFAULT,2048,2048,2048,16,10,1048576,9,0,2526.240,3331.552,3634.240,302.688,PASS,0
PHASEB_formal_r1_C0_DEFAULT_N2048_q16_rep5,2,4,2,sm_89,R1_EVENT_OVERLAP,NCCL,C0_DEFAULT,2048,2048,2048,16,11,1048576,9,0,2643.616,3637.632,3935.648,298.016,PASS,0
PHASEB_formal_r1_C0_DEFAULT_N2048_q16_rep5,2,4,2,sm_89,R1_EVENT_OVERLAP,NCCL,C0_DEFAULT,2048,2048,2048,16,12,1048576,9,0,2857.472,3939.072,4198.688,259.616,PASS,0
PHASEB_formal_r1_C0_DEFAULT_N2048_q16_rep5,2,4,2,sm_89,R1_EVENT_OVERLAP,NCCL,C0_DEFAULT,2048,2048,2048,16,13,1048576,9,0,3166.656,4202.112,4463.680,261.568,PASS,0
PHASEB_formal_r1_C0_DEFAULT_N2048_q16_rep5,2,4,2,sm_89,R1_EVENT_OVERLAP,NCCL,C0_DEFAULT,2048,2048,2048,16,14,1048576,9,0,3432.928,4467.104,4726.816,259.712,PASS,0
PHASEB_formal_r1_C0_DEFAULT_N2048_q16_rep5,2,4,2,sm_89,R1_EVENT_OVERLAP,NCCL,C0_DEFAULT,2048,2048,2048,16,15,1048576,9,0,3741.952,4730.240,4989.952,259.712,PASS,0
PHASEB_formal_r1_C0_DEFAULT_N2048_q16_rep5,2,4,2,sm_89,R1_EVENT_OVERLAP,NCCL,C0_DEFAULT,2048,2048,2048,16,0,1048576,10,0,131.584,138.784,452.224,313.440,PASS,0
PHASEB_formal_r1_C0_DEFAULT_N2048_q16_rep5,2,4,2,sm_89,R1_EVENT_OVERLAP,NCCL,C0_DEFAULT,2048,2048,2048,16,1,1048576,10,0,206.592,471.872,781.248,309.376,PASS,0
PHASEB_formal_r1_C0_DEFAULT_N2048_q16_rep5,2,4,2,sm_89,R1_EVENT_OVERLAP,NCCL,C0_DEFAULT,2048,2048,2048,16,2,1048576,10,0,427.744,784.544,1092.960,308.416,PASS,0
PHASEB_formal_r1_C0_DEFAULT_N2048_q16_rep5,2,4,2,sm_89,R1_EVENT_OVERLAP,NCCL,C0_DEFAULT,2048,2048,2048,16,3,1048576,10,0,518.560,1096.448,1412.704,316.256,PASS,0
PHASEB_formal_r1_C0_DEFAULT_N2048_q16_rep5,2,4,2,sm_89,R1_EVENT_OVERLAP,NCCL,C0_DEFAULT,2048,2048,2048,16,4,1048576,10,0,743.968,1417.664,1735.008,317.344,PASS,0
PHASEB_formal_r1_C0_DEFAULT_N2048_q16_rep5,2,4,2,sm_89,R1_EVENT_OVERLAP,NCCL,C0_DEFAULT,2048,2048,2048,16,5,1048576,10,0,821.696,1738.592,2058.976,320.384,PASS,0
PHASEB_formal_r1_C0_DEFAULT_N2048_q16_rep5,2,4,2,sm_89,R1_EVENT_OVERLAP,NCCL,C0_DEFAULT,2048,2048,2048,16,6,1048576,10,0,1068.448,2063.424,2373.952,310.528,PASS,0
PHASEB_formal_r1_C0_DEFAULT_N2048_q16_rep5,2,4,2,sm_89,R1_EVENT_OVERLAP,NCCL,C0_DEFAULT,2048,2048,2048,16,7,1048576,10,0,1156.352,2377.280,2655.840,278.560,PASS,0
PHASEB_formal_r1_C0_DEFAULT_N2048_q16_rep5,2,4,2,sm_89,R1_EVENT_OVERLAP,NCCL,C0_DEFAULT,2048,2048,2048,16,8,1048576,10,0,1382.784,2659.360,2957.632,298.272,PASS,0
PHASEB_formal_r1_C0_DEFAULT_N2048_q16_rep5,2,4,2,sm_89,R1_EVENT_OVERLAP,NCCL,C0_DEFAULT,2048,2048,2048,16,9,1048576,10,0,1461.600,2961.056,3220.160,259.104,PASS,0
PHASEB_formal_r1_C0_DEFAULT_N2048_q16_rep5,2,4,2,sm_89,R1_EVENT_OVERLAP,NCCL,C0_DEFAULT,2048,2048,2048,16,10,1048576,10,0,1685.376,3223.616,3484.512,260.896,PASS,0
PHASEB_formal_r1_C0_DEFAULT_N2048_q16_rep5,2,4,2,sm_89,R1_EVENT_OVERLAP,NCCL,C0_DEFAULT,2048,2048,2048,16,11,1048576,10,0,1765.760,3488.224,3747.392,259.168,PASS,0
PHASEB_formal_r1_C0_DEFAULT_N2048_q16_rep5,2,4,2,sm_89,R1_EVENT_OVERLAP,NCCL,C0_DEFAULT,2048,2048,2048,16,12,1048576,10,0,2000.416,3750.816,4012.064,261.248,PASS,0
PHASEB_formal_r1_C0_DEFAULT_N2048_q16_rep5,2,4,2,sm_89,R1_EVENT_OVERLAP,NCCL,C0_DEFAULT,2048,2048,2048,16,13,1048576,10,0,2079.104,4015.488,4275.008,259.520,PASS,0
PHASEB_formal_r1_C0_DEFAULT_N2048_q16_rep5,2,4,2,sm_89,R1_EVENT_OVERLAP,NCCL,C0_DEFAULT,2048,2048,2048,16,14,1048576,10,0,2383.584,4278.464,4539.616,261.152,PASS,0
PHASEB_formal_r1_C0_DEFAULT_N2048_q16_rep5,2,4,2,sm_89,R1_EVENT_OVERLAP,NCCL,C0_DEFAULT,2048,2048,2048,16,15,1048576,10,0,2694.944,4543.040,4802.400,259.360,PASS,0
PHASEB_formal_r1_C0_DEFAULT_N2048_q16_rep5,2,4,2,sm_89,R1_EVENT_OVERLAP,NCCL,C0_DEFAULT,2048,2048,2048,16,0,1048576,11,0,122.944,129.280,442.816,313.536,PASS,0
PHASEB_formal_r1_C0_DEFAULT_N2048_q16_rep5,2,4,2,sm_89,R1_EVENT_OVERLAP,NCCL,C0_DEFAULT,2048,2048,2048,16,1,1048576,11,0,196.672,446.368,760.608,314.240,PASS,0
PHASEB_formal_r1_C0_DEFAULT_N2048_q16_rep5,2,4,2,sm_89,R1_EVENT_OVERLAP,NCCL,C0_DEFAULT,2048,2048,2048,16,2,1048576,11,0,436.544,764.480,1072.640,308.160,PASS,0
PHASEB_formal_r1_C0_DEFAULT_N2048_q16_rep5,2,4,2,sm_89,R1_EVENT_OVERLAP,NCCL,C0_DEFAULT,2048,2048,2048,16,3,1048576,11,0,754.336,1076.032,1390.752,314.720,PASS,0
PHASEB_formal_r1_C0_DEFAULT_N2048_q16_rep5,2,4,2,sm_89,R1_EVENT_OVERLAP,NCCL,C0_DEFAULT,2048,2048,2048,16,4,1048576,11,0,1063.968,1394.176,1709.344,315.168,PASS,0
PHASEB_formal_r1_C0_DEFAULT_N2048_q16_rep5,2,4,2,sm_89,R1_EVENT_OVERLAP,NCCL,C0_DEFAULT,2048,2048,2048,16,5,1048576,11,0,1348.544,1713.024,2019.072,306.048,PASS,0
PHASEB_formal_r1_C0_DEFAULT_N2048_q16_rep5,2,4,2,sm_89,R1_EVENT_OVERLAP,NCCL,C0_DEFAULT,2048,2048,2048,16,6,1048576,11,0,1661.056,2022.528,2328.256,305.728,PASS,0
PHASEB_formal_r1_C0_DEFAULT_N2048_q16_rep5,2,4,2,sm_89,R1_EVENT_OVERLAP,NCCL,C0_DEFAULT,2048,2048,2048,16,7,1048576,11,0,1940.448,2331.712,2645.312,313.600,PASS,0
PHASEB_formal_r1_C0_DEFAULT_N2048_q16_rep5,2,4,2,sm_89,R1_EVENT_OVERLAP,NCCL,C0_DEFAULT,2048,2048,2048,16,8,1048576,11,0,2256.832,2648.896,2979.232,330.336,PASS,0
PHASEB_formal_r1_C0_DEFAULT_N2048_q16_rep5,2,4,2,sm_89,R1_EVENT_OVERLAP,NCCL,C0_DEFAULT,2048,2048,2048,16,9,1048576,11,0,2533.760,2982.656,3287.456,304.800,PASS,0
PHASEB_formal_r1_C0_DEFAULT_N2048_q16_rep5,2,4,2,sm_89,R1_EVENT_OVERLAP,NCCL,C0_DEFAULT,2048,2048,2048,16,10,1048576,11,0,2843.424,3290.848,3609.248,318.400,PASS,0
PHASEB_formal_r1_C0_DEFAULT_N2048_q16_rep5,2,4,2,sm_89,R1_EVENT_OVERLAP,NCCL,C0_DEFAULT,2048,2048,2048,16,11,1048576,11,0,3157.920,3613.056,3920.864,307.808,PASS,0
PHASEB_formal_r1_C0_DEFAULT_N2048_q16_rep5,2,4,2,sm_89,R1_EVENT_OVERLAP,NCCL,C0_DEFAULT,2048,2048,2048,16,12,1048576,11,0,3431.520,3924.256,4231.328,307.072,PASS,0
PHASEB_formal_r1_C0_DEFAULT_N2048_q16_rep5,2,4,2,sm_89,R1_EVENT_OVERLAP,NCCL,C0_DEFAULT,2048,2048,2048,16,13,1048576,11,0,3745.728,4234.784,4533.248,298.464,PASS,0
PHASEB_formal_r1_C0_DEFAULT_N2048_q16_rep5,2,4,2,sm_89,R1_EVENT_OVERLAP,NCCL,C0_DEFAULT,2048,2048,2048,16,14,1048576,11,0,4025.984,4536.704,4796.768,260.064,PASS,0
PHASEB_formal_r1_C0_DEFAULT_N2048_q16_rep5,2,4,2,sm_89,R1_EVENT_OVERLAP,NCCL,C0_DEFAULT,2048,2048,2048,16,15,1048576,11,0,4340.064,4800.192,5060.352,260.160,PASS,0
PHASEB_formal_r1_C0_DEFAULT_N2048_q16_rep5,2,4,2,sm_89,R1_EVENT_OVERLAP,NCCL,C0_DEFAULT,2048,2048,2048,16,0,1048576,12,0,123.296,129.952,437.824,307.872,PASS,0
PHASEB_formal_r1_C0_DEFAULT_N2048_q16_rep5,2,4,2,sm_89,R1_EVENT_OVERLAP,NCCL,C0_DEFAULT,2048,2048,2048,16,1,1048576,12,0,196.832,441.216,719.872,278.656,PASS,0
PHASEB_formal_r1_C0_DEFAULT_N2048_q16_rep5,2,4,2,sm_89,R1_EVENT_OVERLAP,NCCL,C0_DEFAULT,2048,2048,2048,16,2,1048576,12,0,448.000,723.104,1031.744,308.640,PASS,0
PHASEB_formal_r1_C0_DEFAULT_N2048_q16_rep5,2,4,2,sm_89,R1_EVENT_OVERLAP,NCCL,C0_DEFAULT,2048,2048,2048,16,3,1048576,12,0,761.408,1035.232,1346.816,311.584,PASS,0
PHASEB_formal_r1_C0_DEFAULT_N2048_q16_rep5,2,4,2,sm_89,R1_EVENT_OVERLAP,NCCL,C0_DEFAULT,2048,2048,2048,16,4,1048576,12,0,1082.880,1350.464,1625.440,274.976,PASS,0
PHASEB_formal_r1_C0_DEFAULT_N2048_q16_rep5,2,4,2,sm_89,R1_EVENT_OVERLAP,NCCL,C0_DEFAULT,2048,2048,2048,16,5,1048576,12,0,1362.144,1629.632,1935.968,306.336,PASS,0
PHASEB_formal_r1_C0_DEFAULT_N2048_q16_rep5,2,4,2,sm_89,R1_EVENT_OVERLAP,NCCL,C0_DEFAULT,2048,2048,2048,16,6,1048576,12,0,1690.304,1939.360,2247.936,308.576,PASS,0
PHASEB_formal_r1_C0_DEFAULT_N2048_q16_rep5,2,4,2,sm_89,R1_EVENT_OVERLAP,NCCL,C0_DEFAULT,2048,2048,2048,16,7,1048576,12,0,1966.784,2251.488,2561.248,309.760,PASS,0
PHASEB_formal_r1_C0_DEFAULT_N2048_q16_rep5,2,4,2,sm_89,R1_EVENT_OVERLAP,NCCL,C0_DEFAULT,2048,2048,2048,16,8,1048576,12,0,2289.792,2564.640,2837.312,272.672,PASS,0
PHASEB_formal_r1_C0_DEFAULT_N2048_q16_rep5,2,4,2,sm_89,R1_EVENT_OVERLAP,NCCL,C0_DEFAULT,2048,2048,2048,16,9,1048576,12,0,2572.480,2840.640,3149.376,308.736,PASS,0
PHASEB_formal_r1_C0_DEFAULT_N2048_q16_rep5,2,4,2,sm_89,R1_EVENT_OVERLAP,NCCL,C0_DEFAULT,2048,2048,2048,16,10,1048576,12,0,2881.504,3152.640,3461.440,308.800,PASS,0
PHASEB_formal_r1_C0_DEFAULT_N2048_q16_rep5,2,4,2,sm_89,R1_EVENT_OVERLAP,NCCL,C0_DEFAULT,2048,2048,2048,16,11,1048576,12,0,3176.384,3464.704,3775.264,310.560,PASS,0
PHASEB_formal_r1_C0_DEFAULT_N2048_q16_rep5,2,4,2,sm_89,R1_EVENT_OVERLAP,NCCL,C0_DEFAULT,2048,2048,2048,16,12,1048576,12,0,3487.520,3778.624,4054.208,275.584,PASS,0
PHASEB_formal_r1_C0_DEFAULT_N2048_q16_rep5,2,4,2,sm_89,R1_EVENT_OVERLAP,NCCL,C0_DEFAULT,2048,2048,2048,16,13,1048576,12,0,3789.984,4057.600,4367.040,309.440,PASS,0
PHASEB_formal_r1_C0_DEFAULT_N2048_q16_rep5,2,4,2,sm_89,R1_EVENT_OVERLAP,NCCL,C0_DEFAULT,2048,2048,2048,16,14,1048576,12,0,4091.328,4370.336,4668.288,297.952,PASS,0
PHASEB_formal_r1_C0_DEFAULT_N2048_q16_rep5,2,4,2,sm_89,R1_EVENT_OVERLAP,NCCL,C0_DEFAULT,2048,2048,2048,16,15,1048576,12,0,4392.000,4671.680,4931.552,259.872,PASS,0
PHASEB_formal_r1_C0_DEFAULT_N2048_q16_rep5,2,4,2,sm_89,R1_EVENT_OVERLAP,NCCL,C0_DEFAULT,2048,2048,2048,16,0,1048576,13,0,117.440,124.096,428.960,304.864,PASS,0
PHASEB_formal_r1_C0_DEFAULT_N2048_q16_rep5,2,4,2,sm_89,R1_EVENT_OVERLAP,NCCL,C0_DEFAULT,2048,2048,2048,16,1,1048576,13,0,192.640,432.384,745.056,312.672,PASS,0
PHASEB_formal_r1_C0_DEFAULT_N2048_q16_rep5,2,4,2,sm_89,R1_EVENT_OVERLAP,NCCL,C0_DEFAULT,2048,2048,2048,16,2,1048576,13,0,418.560,748.640,1060.320,311.680,PASS,0
PHASEB_formal_r1_C0_DEFAULT_N2048_q16_rep5,2,4,2,sm_89,R1_EVENT_OVERLAP,NCCL,C0_DEFAULT,2048,2048,2048,16,3,1048576,13,0,511.200,1063.744,1383.168,319.424,PASS,0
PHASEB_formal_r1_C0_DEFAULT_N2048_q16_rep5,2,4,2,sm_89,R1_EVENT_OVERLAP,NCCL,C0_DEFAULT,2048,2048,2048,16,4,1048576,13,0,737.856,1387.744,1702.272,314.528,PASS,0
PHASEB_formal_r1_C0_DEFAULT_N2048_q16_rep5,2,4,2,sm_89,R1_EVENT_OVERLAP,NCCL,C0_DEFAULT,2048,2048,2048,16,5,1048576,13,0,829.312,1705.888,2018.816,312.928,PASS,0
PHASEB_formal_r1_C0_DEFAULT_N2048_q16_rep5,2,4,2,sm_89,R1_EVENT_OVERLAP,NCCL,C0_DEFAULT,2048,2048,2048,16,6,1048576,13,0,1051.648,2023.680,2334.016,310.336,PASS,0
PHASEB_formal_r1_C0_DEFAULT_N2048_q16_rep5,2,4,2,sm_89,R1_EVENT_OVERLAP,NCCL,C0_DEFAULT,2048,2048,2048,16,7,1048576,13,0,1127.776,2337.376,2639.072,301.696,PASS,0
PHASEB_formal_r1_C0_DEFAULT_N2048_q16_rep5,2,4,2,sm_89,R1_EVENT_OVERLAP,NCCL,C0_DEFAULT,2048,2048,2048,16,8,1048576,13,0,1355.968,2642.464,2903.264,260.800,PASS,0
PHASEB_formal_r1_C0_DEFAULT_N2048_q16_rep5,2,4,2,sm_89,R1_EVENT_OVERLAP,NCCL,C0_DEFAULT,2048,2048,2048,16,9,1048576,13,0,1433.376,2906.720,3168.192,261.472,PASS,0
PHASEB_formal_r1_C0_DEFAULT_N2048_q16_rep5,2,4,2,sm_89,R1_EVENT_OVERLAP,NCCL,C0_DEFAULT,2048,2048,2048,16,10,1048576,13,0,1659.648,3171.648,3431.424,259.776,PASS,0
PHASEB_formal_r1_C0_DEFAULT_N2048_q16_rep5,2,4,2,sm_89,R1_EVENT_OVERLAP,NCCL,C0_DEFAULT,2048,2048,2048,16,11,1048576,13,0,1737.152,3434.848,3695.456,260.608,PASS,0
PHASEB_formal_r1_C0_DEFAULT_N2048_q16_rep5,2,4,2,sm_89,R1_EVENT_OVERLAP,NCCL,C0_DEFAULT,2048,2048,2048,16,12,1048576,13,0,1972.032,3698.784,3958.528,259.744,PASS,0
PHASEB_formal_r1_C0_DEFAULT_N2048_q16_rep5,2,4,2,sm_89,R1_EVENT_OVERLAP,NCCL,C0_DEFAULT,2048,2048,2048,16,13,1048576,13,0,2063.680,3962.048,4222.560,260.512,PASS,0
PHASEB_formal_r1_C0_DEFAULT_N2048_q16_rep5,2,4,2,sm_89,R1_EVENT_OVERLAP,NCCL,C0_DEFAULT,2048,2048,2048,16,14,1048576,13,0,2305.440,4226.176,4486.176,260.000,PASS,0
PHASEB_formal_r1_C0_DEFAULT_N2048_q16_rep5,2,4,2,sm_89,R1_EVENT_OVERLAP,NCCL,C0_DEFAULT,2048,2048,2048,16,15,1048576,13,0,2386.592,4489.600,4748.960,259.360,PASS,0
PHASEB_formal_r1_C0_DEFAULT_N2048_q16_rep5,2,4,2,sm_89,R1_EVENT_OVERLAP,NCCL,C0_DEFAULT,2048,2048,2048,16,0,1048576,14,0,121.856,128.224,447.680,319.456,PASS,0
PHASEB_formal_r1_C0_DEFAULT_N2048_q16_rep5,2,4,2,sm_89,R1_EVENT_OVERLAP,NCCL,C0_DEFAULT,2048,2048,2048,16,1,1048576,14,0,196.640,454.400,726.368,271.968,PASS,0
PHASEB_formal_r1_C0_DEFAULT_N2048_q16_rep5,2,4,2,sm_89,R1_EVENT_OVERLAP,NCCL,C0_DEFAULT,2048,2048,2048,16,2,1048576,14,0,467.040,729.888,1038.592,308.704,PASS,0
PHASEB_formal_r1_C0_DEFAULT_N2048_q16_rep5,2,4,2,sm_89,R1_EVENT_OVERLAP,NCCL,C0_DEFAULT,2048,2048,2048,16,3,1048576,14,0,772.864,1042.048,1315.456,273.408,PASS,0
PHASEB_formal_r1_C0_DEFAULT_N2048_q16_rep5,2,4,2,sm_89,R1_EVENT_OVERLAP,NCCL,C0_DEFAULT,2048,2048,2048,16,4,1048576,14,0,1050.720,1318.944,1631.584,312.640,PASS,0
PHASEB_formal_r1_C0_DEFAULT_N2048_q16_rep5,2,4,2,sm_89,R1_EVENT_OVERLAP,NCCL,C0_DEFAULT,2048,2048,2048,16,5,1048576,14,0,1371.168,1635.168,1906.208,271.040,PASS,0
PHASEB_formal_r1_C0_DEFAULT_N2048_q16_rep5,2,4,2,sm_89,R1_EVENT_OVERLAP,NCCL,C0_DEFAULT,2048,2048,2048,16,6,1048576,14,0,1647.200,1909.952,2220.352,310.400,PASS,0
PHASEB_formal_r1_C0_DEFAULT_N2048_q16_rep5,2,4,2,sm_89,R1_EVENT_OVERLAP,NCCL,C0_DEFAULT,2048,2048,2048,16,7,1048576,14,0,1970.336,2223.712,2532.352,308.640,PASS,0
PHASEB_formal_r1_C0_DEFAULT_N2048_q16_rep5,2,4,2,sm_89,R1_EVENT_OVERLAP,NCCL,C0_DEFAULT,2048,2048,2048,16,8,1048576,14,0,2247.232,2536.480,2845.760,309.280,PASS,0
PHASEB_formal_r1_C0_DEFAULT_N2048_q16_rep5,2,4,2,sm_89,R1_EVENT_OVERLAP,NCCL,C0_DEFAULT,2048,2048,2048,16,9,1048576,14,0,2560.992,2849.248,3127.872,278.624,PASS,0
PHASEB_formal_r1_C0_DEFAULT_N2048_q16_rep5,2,4,2,sm_89,R1_EVENT_OVERLAP,NCCL,C0_DEFAULT,2048,2048,2048,16,10,1048576,14,0,2855.840,3131.616,3447.872,316.256,PASS,0
PHASEB_formal_r1_C0_DEFAULT_N2048_q16_rep5,2,4,2,sm_89,R1_EVENT_OVERLAP,NCCL,C0_DEFAULT,2048,2048,2048,16,11,1048576,14,0,3171.904,3451.296,3723.776,272.480,PASS,0
PHASEB_formal_r1_C0_DEFAULT_N2048_q16_rep5,2,4,2,sm_89,R1_EVENT_OVERLAP,NCCL,C0_DEFAULT,2048,2048,2048,16,12,1048576,14,0,3458.112,3728.128,4034.080,305.952,PASS,0
PHASEB_formal_r1_C0_DEFAULT_N2048_q16_rep5,2,4,2,sm_89,R1_EVENT_OVERLAP,NCCL,C0_DEFAULT,2048,2048,2048,16,13,1048576,14,0,3768.992,4037.760,4346.624,308.864,PASS,0
PHASEB_formal_r1_C0_DEFAULT_N2048_q16_rep5,2,4,2,sm_89,R1_EVENT_OVERLAP,NCCL,C0_DEFAULT,2048,2048,2048,16,14,1048576,14,0,4065.472,4350.048,4647.904,297.856,PASS,0
PHASEB_formal_r1_C0_DEFAULT_N2048_q16_rep5,2,4,2,sm_89,R1_EVENT_OVERLAP,NCCL,C0_DEFAULT,2048,2048,2048,16,15,1048576,14,0,4380.576,4651.392,4909.920,258.528,PASS,0
PHASEB_formal_r1_C0_DEFAULT_N2048_q16_rep5,2,4,2,sm_89,R1_EVENT_OVERLAP,NCCL,C0_DEFAULT,2048,2048,2048,16,0,1048576,15,0,118.176,124.608,429.984,305.376,PASS,0
PHASEB_formal_r1_C0_DEFAULT_N2048_q16_rep5,2,4,2,sm_89,R1_EVENT_OVERLAP,NCCL,C0_DEFAULT,2048,2048,2048,16,1,1048576,15,0,190.720,433.536,744.640,311.104,PASS,0
PHASEB_formal_r1_C0_DEFAULT_N2048_q16_rep5,2,4,2,sm_89,R1_EVENT_OVERLAP,NCCL,C0_DEFAULT,2048,2048,2048,16,2,1048576,15,0,419.776,748.448,1024.352,275.904,PASS,0
PHASEB_formal_r1_C0_DEFAULT_N2048_q16_rep5,2,4,2,sm_89,R1_EVENT_OVERLAP,NCCL,C0_DEFAULT,2048,2048,2048,16,3,1048576,15,0,515.392,1027.680,1341.056,313.376,PASS,0
PHASEB_formal_r1_C0_DEFAULT_N2048_q16_rep5,2,4,2,sm_89,R1_EVENT_OVERLAP,NCCL,C0_DEFAULT,2048,2048,2048,16,4,1048576,15,0,754.944,1344.384,1661.536,317.152,PASS,0
PHASEB_formal_r1_C0_DEFAULT_N2048_q16_rep5,2,4,2,sm_89,R1_EVENT_OVERLAP,NCCL,C0_DEFAULT,2048,2048,2048,16,5,1048576,15,0,1062.368,1664.896,1938.912,274.016,PASS,0
PHASEB_formal_r1_C0_DEFAULT_N2048_q16_rep5,2,4,2,sm_89,R1_EVENT_OVERLAP,NCCL,C0_DEFAULT,2048,2048,2048,16,6,1048576,15,0,1382.688,1942.528,2254.880,312.352,PASS,0
PHASEB_formal_r1_C0_DEFAULT_N2048_q16_rep5,2,4,2,sm_89,R1_EVENT_OVERLAP,NCCL,C0_DEFAULT,2048,2048,2048,16,7,1048576,15,0,1671.392,2258.656,2536.736,278.080,PASS,0
PHASEB_formal_r1_C0_DEFAULT_N2048_q16_rep5,2,4,2,sm_89,R1_EVENT_OVERLAP,NCCL,C0_DEFAULT,2048,2048,2048,16,8,1048576,15,0,1978.944,2540.160,2851.296,311.136,PASS,0
PHASEB_formal_r1_C0_DEFAULT_N2048_q16_rep5,2,4,2,sm_89,R1_EVENT_OVERLAP,NCCL,C0_DEFAULT,2048,2048,2048,16,9,1048576,15,0,2265.856,2854.784,3125.440,270.656,PASS,0
PHASEB_formal_r1_C0_DEFAULT_N2048_q16_rep5,2,4,2,sm_89,R1_EVENT_OVERLAP,NCCL,C0_DEFAULT,2048,2048,2048,16,10,1048576,15,0,2572.800,3128.800,3440.672,311.872,PASS,0
PHASEB_formal_r1_C0_DEFAULT_N2048_q16_rep5,2,4,2,sm_89,R1_EVENT_OVERLAP,NCCL,C0_DEFAULT,2048,2048,2048,16,11,1048576,15,0,2861.056,3444.096,3713.984,269.888,PASS,0
PHASEB_formal_r1_C0_DEFAULT_N2048_q16_rep5,2,4,2,sm_89,R1_EVENT_OVERLAP,NCCL,C0_DEFAULT,2048,2048,2048,16,12,1048576,15,0,3168.672,3717.344,4026.624,309.280,PASS,0
PHASEB_formal_r1_C0_DEFAULT_N2048_q16_rep5,2,4,2,sm_89,R1_EVENT_OVERLAP,NCCL,C0_DEFAULT,2048,2048,2048,16,13,1048576,15,0,3450.400,4029.952,4326.784,296.832,PASS,0
PHASEB_formal_r1_C0_DEFAULT_N2048_q16_rep5,2,4,2,sm_89,R1_EVENT_OVERLAP,NCCL,C0_DEFAULT,2048,2048,2048,16,14,1048576,15,0,3758.816,4330.208,4590.592,260.384,PASS,0
PHASEB_formal_r1_C0_DEFAULT_N2048_q16_rep5,2,4,2,sm_89,R1_EVENT_OVERLAP,NCCL,C0_DEFAULT,2048,2048,2048,16,15,1048576,15,0,4053.120,4594.016,4853.760,259.744,PASS,0
PHASEB_formal_r1_C0_DEFAULT_N2048_q16_rep5,2,4,2,sm_89,R1_EVENT_OVERLAP,NCCL,C0_DEFAULT,2048,2048,2048,16,0,1048576,16,0,124.064,131.296,437.440,306.144,PASS,0
PHASEB_formal_r1_C0_DEFAULT_N2048_q16_rep5,2,4,2,sm_89,R1_EVENT_OVERLAP,NCCL,C0_DEFAULT,2048,2048,2048,16,1,1048576,16,0,198.208,440.800,754.208,313.408,PASS,0
PHASEB_formal_r1_C0_DEFAULT_N2048_q16_rep5,2,4,2,sm_89,R1_EVENT_OVERLAP,NCCL,C0_DEFAULT,2048,2048,2048,16,2,1048576,16,0,427.296,758.016,1034.528,276.512,PASS,0
PHASEB_formal_r1_C0_DEFAULT_N2048_q16_rep5,2,4,2,sm_89,R1_EVENT_OVERLAP,NCCL,C0_DEFAULT,2048,2048,2048,16,3,1048576,16,0,526.240,1037.888,1353.216,315.328,PASS,0
PHASEB_formal_r1_C0_DEFAULT_N2048_q16_rep5,2,4,2,sm_89,R1_EVENT_OVERLAP,NCCL,C0_DEFAULT,2048,2048,2048,16,4,1048576,16,0,765.248,1356.544,1668.352,311.808,PASS,0
PHASEB_formal_r1_C0_DEFAULT_N2048_q16_rep5,2,4,2,sm_89,R1_EVENT_OVERLAP,NCCL,C0_DEFAULT,2048,2048,2048,16,5,1048576,16,0,1080.480,1671.840,1982.592,310.752,PASS,0
PHASEB_formal_r1_C0_DEFAULT_N2048_q16_rep5,2,4,2,sm_89,R1_EVENT_OVERLAP,NCCL,C0_DEFAULT,2048,2048,2048,16,6,1048576,16,0,1382.976,1986.240,2264.992,278.752,PASS,0
PHASEB_formal_r1_C0_DEFAULT_N2048_q16_rep5,2,4,2,sm_89,R1_EVENT_OVERLAP,NCCL,C0_DEFAULT,2048,2048,2048,16,7,1048576,16,0,1695.776,2268.672,2582.336,313.664,PASS,0
PHASEB_formal_r1_C0_DEFAULT_N2048_q16_rep5,2,4,2,sm_89,R1_EVENT_OVERLAP,NCCL,C0_DEFAULT,2048,2048,2048,16,8,1048576,16,0,1992.544,2585.888,2895.904,310.016,PASS,0
PHASEB_formal_r1_C0_DEFAULT_N2048_q16_rep5,2,4,2,sm_89,R1_EVENT_OVERLAP,NCCL,C0_DEFAULT,2048,2048,2048,16,9,1048576,16,0,2320.896,2899.200,3208.256,309.056,PASS,0
PHASEB_formal_r1_C0_DEFAULT_N2048_q16_rep5,2,4,2,sm_89,R1_EVENT_OVERLAP,NCCL,C0_DEFAULT,2048,2048,2048,16,10,1048576,16,0,2602.400,3211.968,3487.936,275.968,PASS,0
PHASEB_formal_r1_C0_DEFAULT_N2048_q16_rep5,2,4,2,sm_89,R1_EVENT_OVERLAP,NCCL,C0_DEFAULT,2048,2048,2048,16,11,1048576,16,0,2918.432,3491.232,3802.176,310.944,PASS,0
PHASEB_formal_r1_C0_DEFAULT_N2048_q16_rep5,2,4,2,sm_89,R1_EVENT_OVERLAP,NCCL,C0_DEFAULT,2048,2048,2048,16,12,1048576,16,0,3218.304,3806.016,4115.776,309.760,PASS,0
PHASEB_formal_r1_C0_DEFAULT_N2048_q16_rep5,2,4,2,sm_89,R1_EVENT_OVERLAP,NCCL,C0_DEFAULT,2048,2048,2048,16,13,1048576,16,0,3525.920,4119.328,4379.296,259.968,PASS,0
PHASEB_formal_r1_C0_DEFAULT_N2048_q16_rep5,2,4,2,sm_89,R1_EVENT_OVERLAP,NCCL,C0_DEFAULT,2048,2048,2048,16,14,1048576,16,0,3825.920,4382.720,4644.064,261.344,PASS,0
PHASEB_formal_r1_C0_DEFAULT_N2048_q16_rep5,2,4,2,sm_89,R1_EVENT_OVERLAP,NCCL,C0_DEFAULT,2048,2048,2048,16,15,1048576,16,0,4126.912,4647.488,4906.048,258.560,PASS,0
PHASEB_formal_r1_C0_DEFAULT_N2048_q16_rep5,2,4,2,sm_89,R1_EVENT_OVERLAP,NCCL,C0_DEFAULT,2048,2048,2048,16,0,1048576,17,0,118.496,125.024,430.752,305.728,PASS,0
PHASEB_formal_r1_C0_DEFAULT_N2048_q16_rep5,2,4,2,sm_89,R1_EVENT_OVERLAP,NCCL,C0_DEFAULT,2048,2048,2048,16,1,1048576,17,0,196.480,434.144,742.592,308.448,PASS,0
PHASEB_formal_r1_C0_DEFAULT_N2048_q16_rep5,2,4,2,sm_89,R1_EVENT_OVERLAP,NCCL,C0_DEFAULT,2048,2048,2048,16,2,1048576,17,0,420.256,746.496,1056.864,310.368,PASS,0
PHASEB_formal_r1_C0_DEFAULT_N2048_q16_rep5,2,4,2,sm_89,R1_EVENT_OVERLAP,NCCL,C0_DEFAULT,2048,2048,2048,16,3,1048576,17,0,508.192,1060.480,1338.176,277.696,PASS,0
PHASEB_formal_r1_C0_DEFAULT_N2048_q16_rep5,2,4,2,sm_89,R1_EVENT_OVERLAP,NCCL,C0_DEFAULT,2048,2048,2048,16,4,1048576,17,0,735.840,1341.504,1650.304,308.800,PASS,0
PHASEB_formal_r1_C0_DEFAULT_N2048_q16_rep5,2,4,2,sm_89,R1_EVENT_OVERLAP,NCCL,C0_DEFAULT,2048,2048,2048,16,5,1048576,17,0,827.456,1653.600,1965.376,311.776,PASS,0
PHASEB_formal_r1_C0_DEFAULT_N2048_q16_rep5,2,4,2,sm_89,R1_EVENT_OVERLAP,NCCL,C0_DEFAULT,2048,2048,2048,16,6,1048576,17,0,1067.136,1969.312,2243.712,274.400,PASS,0
PHASEB_formal_r1_C0_DEFAULT_N2048_q16_rep5,2,4,2,sm_89,R1_EVENT_OVERLAP,NCCL,C0_DEFAULT,2048,2048,2048,16,7,1048576,17,0,1377.536,2247.104,2554.496,307.392,PASS,0
PHASEB_formal_r1_C0_DEFAULT_N2048_q16_rep5,2,4,2,sm_89,R1_EVENT_OVERLAP,NCCL,C0_DEFAULT,2048,2048,2048,16,8,1048576,17,0,1696.896,2558.112,2868.128,310.016,PASS,0
PHASEB_formal_r1_C0_DEFAULT_N2048_q16_rep5,2,4,2,sm_89,R1_EVENT_OVERLAP,NCCL,C0_DEFAULT,2048,2048,2048,16,9,1048576,17,0,1984.192,2871.488,3180.192,308.704,PASS,0
PHASEB_formal_r1_C0_DEFAULT_N2048_q16_rep5,2,4,2,sm_89,R1_EVENT_OVERLAP,NCCL,C0_DEFAULT,2048,2048,2048,16,10,1048576,17,0,2298.944,3183.936,3460.064,276.128,PASS,0
PHASEB_formal_r1_C0_DEFAULT_N2048_q16_rep5,2,4,2,sm_89,R1_EVENT_OVERLAP,NCCL,C0_DEFAULT,2048,2048,2048,16,11,1048576,17,0,2597.376,3463.456,3773.504,310.048,PASS,0
PHASEB_formal_r1_C0_DEFAULT_N2048_q16_rep5,2,4,2,sm_89,R1_EVENT_OVERLAP,NCCL,C0_DEFAULT,2048,2048,2048,16,12,1048576,17,0,2905.632,3777.024,4036.640,259.616,PASS,0
PHASEB_formal_r1_C0_DEFAULT_N2048_q16_rep5,2,4,2,sm_89,R1_EVENT_OVERLAP,NCCL,C0_DEFAULT,2048,2048,2048,16,13,1048576,17,0,3190.240,4040.128,4301.184,261.056,PASS,0
PHASEB_formal_r1_C0_DEFAULT_N2048_q16_rep5,2,4,2,sm_89,R1_EVENT_OVERLAP,NCCL,C0_DEFAULT,2048,2048,2048,16,14,1048576,17,0,3497.344,4304.608,4564.928,260.320,PASS,0
PHASEB_formal_r1_C0_DEFAULT_N2048_q16_rep5,2,4,2,sm_89,R1_EVENT_OVERLAP,NCCL,C0_DEFAULT,2048,2048,2048,16,15,1048576,17,0,3783.360,4568.320,4828.096,259.776,PASS,0
PHASEB_formal_r1_C0_DEFAULT_N2048_q16_rep5,2,4,2,sm_89,R1_EVENT_OVERLAP,NCCL,C0_DEFAULT,2048,2048,2048,16,0,1048576,18,0,121.056,127.744,432.192,304.448,PASS,0
PHASEB_formal_r1_C0_DEFAULT_N2048_q16_rep5,2,4,2,sm_89,R1_EVENT_OVERLAP,NCCL,C0_DEFAULT,2048,2048,2048,16,1,1048576,18,0,195.648,435.520,746.368,310.848,PASS,0
PHASEB_formal_r1_C0_DEFAULT_N2048_q16_rep5,2,4,2,sm_89,R1_EVENT_OVERLAP,NCCL,C0_DEFAULT,2048,2048,2048,16,2,1048576,18,0,420.864,750.240,1029.664,279.424,PASS,0
PHASEB_formal_r1_C0_DEFAULT_N2048_q16_rep5,2,4,2,sm_89,R1_EVENT_OVERLAP,NCCL,C0_DEFAULT,2048,2048,2048,16,3,1048576,18,0,521.856,1033.216,1343.936,310.720,PASS,0
PHASEB_formal_r1_C0_DEFAULT_N2048_q16_rep5,2,4,2,sm_89,R1_EVENT_OVERLAP,NCCL,C0_DEFAULT,2048,2048,2048,16,4,1048576,18,0,756.928,1347.264,1621.312,274.048,PASS,0
PHASEB_formal_r1_C0_DEFAULT_N2048_q16_rep5,2,4,2,sm_89,R1_EVENT_OVERLAP,NCCL,C0_DEFAULT,2048,2048,2048,16,5,1048576,18,0,1067.520,1624.736,1943.488,318.752,PASS,0
PHASEB_formal_r1_C0_DEFAULT_N2048_q16_rep5,2,4,2,sm_89,R1_EVENT_OVERLAP,NCCL,C0_DEFAULT,2048,2048,2048,16,6,1048576,18,0,1353.696,1947.296,2221.536,274.240,PASS,0
PHASEB_formal_r1_C0_DEFAULT_N2048_q16_rep5,2,4,2,sm_89,R1_EVENT_OVERLAP,NCCL,C0_DEFAULT,2048,2048,2048,16,7,1048576,18,0,1663.584,2225.856,2534.688,308.832,PASS,0
PHASEB_formal_r1_C0_DEFAULT_N2048_q16_rep5,2,4,2,sm_89,R1_EVENT_OVERLAP,NCCL,C0_DEFAULT,2048,2048,2048,16,8,1048576,18,0,1957.472,2541.760,2851.584,309.824,PASS,0
PHASEB_formal_r1_C0_DEFAULT_N2048_q16_rep5,2,4,2,sm_89,R1_EVENT_OVERLAP,NCCL,C0_DEFAULT,2048,2048,2048,16,9,1048576,18,0,2265.152,2854.944,3168.960,314.016,PASS,0
PHASEB_formal_r1_C0_DEFAULT_N2048_q16_rep5,2,4,2,sm_89,R1_EVENT_OVERLAP,NCCL,C0_DEFAULT,2048,2048,2048,16,10,1048576,18,0,2572.064,3172.448,3444.064,271.616,PASS,0
PHASEB_formal_r1_C0_DEFAULT_N2048_q16_rep5,2,4,2,sm_89,R1_EVENT_OVERLAP,NCCL,C0_DEFAULT,2048,2048,2048,16,11,1048576,18,0,2878.048,3447.424,3757.696,310.272,PASS,0
PHASEB_formal_r1_C0_DEFAULT_N2048_q16_rep5,2,4,2,sm_89,R1_EVENT_OVERLAP,NCCL,C0_DEFAULT,2048,2048,2048,16,12,1048576,18,0,3189.536,3761.088,4066.880,305.792,PASS,0
PHASEB_formal_r1_C0_DEFAULT_N2048_q16_rep5,2,4,2,sm_89,R1_EVENT_OVERLAP,NCCL,C0_DEFAULT,2048,2048,2048,16,13,1048576,18,0,3493.440,4070.464,4369.024,298.560,PASS,0
PHASEB_formal_r1_C0_DEFAULT_N2048_q16_rep5,2,4,2,sm_89,R1_EVENT_OVERLAP,NCCL,C0_DEFAULT,2048,2048,2048,16,14,1048576,18,0,3783.840,4372.480,4633.568,261.088,PASS,0
PHASEB_formal_r1_C0_DEFAULT_N2048_q16_rep5,2,4,2,sm_89,R1_EVENT_OVERLAP,NCCL,C0_DEFAULT,2048,2048,2048,16,15,1048576,18,0,4098.944,4636.960,4895.840,258.880,PASS,0
PHASEB_formal_r1_C0_DEFAULT_N2048_q16_rep5,2,4,2,sm_89,R1_EVENT_OVERLAP,NCCL,C0_DEFAULT,2048,2048,2048,16,0,1048576,19,0,124.256,131.328,436.544,305.216,PASS,0
PHASEB_formal_r1_C0_DEFAULT_N2048_q16_rep5,2,4,2,sm_89,R1_EVENT_OVERLAP,NCCL,C0_DEFAULT,2048,2048,2048,16,1,1048576,19,0,199.424,440.416,753.280,312.864,PASS,0
PHASEB_formal_r1_C0_DEFAULT_N2048_q16_rep5,2,4,2,sm_89,R1_EVENT_OVERLAP,NCCL,C0_DEFAULT,2048,2048,2048,16,2,1048576,19,0,426.048,761.696,1069.024,307.328,PASS,0
PHASEB_formal_r1_C0_DEFAULT_N2048_q16_rep5,2,4,2,sm_89,R1_EVENT_OVERLAP,NCCL,C0_DEFAULT,2048,2048,2048,16,3,1048576,19,0,503.360,1072.992,1386.144,313.152,PASS,0
PHASEB_formal_r1_C0_DEFAULT_N2048_q16_rep5,2,4,2,sm_89,R1_EVENT_OVERLAP,NCCL,C0_DEFAULT,2048,2048,2048,16,4,1048576,19,0,728.448,1389.536,1701.760,312.224,PASS,0
PHASEB_formal_r1_C0_DEFAULT_N2048_q16_rep5,2,4,2,sm_89,R1_EVENT_OVERLAP,NCCL,C0_DEFAULT,2048,2048,2048,16,5,1048576,19,0,809.280,1705.728,2010.592,304.864,PASS,0
PHASEB_formal_r1_C0_DEFAULT_N2048_q16_rep5,2,4,2,sm_89,R1_EVENT_OVERLAP,NCCL,C0_DEFAULT,2048,2048,2048,16,6,1048576,19,0,1044.000,2014.016,2323.744,309.728,PASS,0
PHASEB_formal_r1_C0_DEFAULT_N2048_q16_rep5,2,4,2,sm_89,R1_EVENT_OVERLAP,NCCL,C0_DEFAULT,2048,2048,2048,16,7,1048576,19,0,1134.080,2327.200,2625.088,297.888,PASS,0
PHASEB_formal_r1_C0_DEFAULT_N2048_q16_rep5,2,4,2,sm_89,R1_EVENT_OVERLAP,NCCL,C0_DEFAULT,2048,2048,2048,16,8,1048576,19,0,1360.256,2628.512,2889.024,260.512,PASS,0
PHASEB_formal_r1_C0_DEFAULT_N2048_q16_rep5,2,4,2,sm_89,R1_EVENT_OVERLAP,NCCL,C0_DEFAULT,2048,2048,2048,16,9,1048576,19,0,1450.016,2892.448,3153.536,261.088,PASS,0
PHASEB_formal_r1_C0_DEFAULT_N2048_q16_rep5,2,4,2,sm_89,R1_EVENT_OVERLAP,NCCL,C0_DEFAULT,2048,2048,2048,16,10,1048576,19,0,1677.120,3156.960,3416.352,259.392,PASS,0
PHASEB_formal_r1_C0_DEFAULT_N2048_q16_rep5,2,4,2,sm_89,R1_EVENT_OVERLAP,NCCL,C0_DEFAULT,2048,2048,2048,16,11,1048576,19,0,1756.032,3420.160,3681.568,261.408,PASS,0
PHASEB_formal_r1_C0_DEFAULT_N2048_q16_rep5,2,4,2,sm_89,R1_EVENT_OVERLAP,NCCL,C0_DEFAULT,2048,2048,2048,16,12,1048576,19,0,2001.024,3684.992,3945.536,260.544,PASS,0
PHASEB_formal_r1_C0_DEFAULT_N2048_q16_rep5,2,4,2,sm_89,R1_EVENT_OVERLAP,NCCL,C0_DEFAULT,2048,2048,2048,16,13,1048576,19,0,2086.528,3948.960,4210.144,261.184,PASS,0
PHASEB_formal_r1_C0_DEFAULT_N2048_q16_rep5,2,4,2,sm_89,R1_EVENT_OVERLAP,NCCL,C0_DEFAULT,2048,2048,2048,16,14,1048576,19,0,2313.408,4213.536,4473.440,259.904,PASS,0
PHASEB_formal_r1_C0_DEFAULT_N2048_q16_rep5,2,4,2,sm_89,R1_EVENT_OVERLAP,NCCL,C0_DEFAULT,2048,2048,2048,16,15,1048576,19,0,2396.288,4476.864,4737.376,260.512,PASS,0
PHASEB_formal_r1_C0_DEFAULT_N2048_q16_rep5,2,4,2,sm_89,R1_EVENT_OVERLAP,NCCL,C0_DEFAULT,2048,2048,2048,16,0,1048576,20,0,124.288,131.584,448.960,317.376,PASS,0
PHASEB_formal_r1_C0_DEFAULT_N2048_q16_rep5,2,4,2,sm_89,R1_EVENT_OVERLAP,NCCL,C0_DEFAULT,2048,2048,2048,16,1,1048576,20,0,198.848,452.320,769.984,317.664,PASS,0
PHASEB_formal_r1_C0_DEFAULT_N2048_q16_rep5,2,4,2,sm_89,R1_EVENT_OVERLAP,NCCL,C0_DEFAULT,2048,2048,2048,16,2,1048576,20,0,423.904,773.312,1085.632,312.320,PASS,0
PHASEB_formal_r1_C0_DEFAULT_N2048_q16_rep5,2,4,2,sm_89,R1_EVENT_OVERLAP,NCCL,C0_DEFAULT,2048,2048,2048,16,3,1048576,20,0,516.704,1089.024,1362.944,273.920,PASS,0
PHASEB_formal_r1_C0_DEFAULT_N2048_q16_rep5,2,4,2,sm_89,R1_EVENT_OVERLAP,NCCL,C0_DEFAULT,2048,2048,2048,16,4,1048576,20,0,743.456,1366.336,1678.240,311.904,PASS,0
PHASEB_formal_r1_C0_DEFAULT_N2048_q16_rep5,2,4,2,sm_89,R1_EVENT_OVERLAP,NCCL,C0_DEFAULT,2048,2048,2048,16,5,1048576,20,0,1095.520,1681.696,1992.896,311.200,PASS,0
PHASEB_formal_r1_C0_DEFAULT_N2048_q16_rep5,2,4,2,sm_89,R1_EVENT_OVERLAP,NCCL,C0_DEFAULT,2048,2048,2048,16,6,1048576,20,0,1406.144,1996.704,2274.624,277.920,PASS,0
PHASEB_formal_r1_C0_DEFAULT_N2048_q16_rep5,2,4,2,sm_89,R1_EVENT_OVERLAP,NCCL,C0_DEFAULT,2048,2048,2048,16,7,1048576,20,0,1704.352,2278.208,2593.568,315.360,PASS,0
PHASEB_formal_r1_C0_DEFAULT_N2048_q16_rep5,2,4,2,sm_89,R1_EVENT_OVERLAP,NCCL,C0_DEFAULT,2048,2048,2048,16,8,1048576,20,0,2009.792,2596.928,2907.296,310.368,PASS,0
PHASEB_formal_r1_C0_DEFAULT_N2048_q16_rep5,2,4,2,sm_89,R1_EVENT_OVERLAP,NCCL,C0_DEFAULT,2048,2048,2048,16,9,1048576,20,0,2311.104,2910.720,3181.440,270.720,PASS,0
PHASEB_formal_r1_C0_DEFAULT_N2048_q16_rep5,2,4,2,sm_89,R1_EVENT_OVERLAP,NCCL,C0_DEFAULT,2048,2048,2048,16,10,1048576,20,0,2621.376,3185.216,3494.496,309.280,PASS,0
PHASEB_formal_r1_C0_DEFAULT_N2048_q16_rep5,2,4,2,sm_89,R1_EVENT_OVERLAP,NCCL,C0_DEFAULT,2048,2048,2048,16,11,1048576,20,0,2916.992,3497.984,3817.632,319.648,PASS,0
PHASEB_formal_r1_C0_DEFAULT_N2048_q16_rep5,2,4,2,sm_89,R1_EVENT_OVERLAP,NCCL,C0_DEFAULT,2048,2048,2048,16,12,1048576,20,0,3225.376,3821.024,4128.704,307.680,PASS,0
PHASEB_formal_r1_C0_DEFAULT_N2048_q16_rep5,2,4,2,sm_89,R1_EVENT_OVERLAP,NCCL,C0_DEFAULT,2048,2048,2048,16,13,1048576,20,0,3518.880,4132.128,4392.576,260.448,PASS,0
PHASEB_formal_r1_C0_DEFAULT_N2048_q16_rep5,2,4,2,sm_89,R1_EVENT_OVERLAP,NCCL,C0_DEFAULT,2048,2048,2048,16,14,1048576,20,0,3837.760,4396.032,4656.960,260.928,PASS,0
PHASEB_formal_r1_C0_DEFAULT_N2048_q16_rep5,2,4,2,sm_89,R1_EVENT_OVERLAP,NCCL,C0_DEFAULT,2048,2048,2048,16,15,1048576,20,0,4138.816,4660.352,4918.784,258.432,PASS,0
PHASEB_formal_r1_C0_DEFAULT_N2048_q16_rep5,2,4,2,sm_89,R1_EVENT_OVERLAP,NCCL,C0_DEFAULT,2048,2048,2048,16,0,1048576,21,0,124.864,131.552,436.768,305.216,PASS,0
PHASEB_formal_r1_C0_DEFAULT_N2048_q16_rep5,2,4,2,sm_89,R1_EVENT_OVERLAP,NCCL,C0_DEFAULT,2048,2048,2048,16,1,1048576,21,0,199.872,440.160,751.584,311.424,PASS,0
PHASEB_formal_r1_C0_DEFAULT_N2048_q16_rep5,2,4,2,sm_89,R1_EVENT_OVERLAP,NCCL,C0_DEFAULT,2048,2048,2048,16,2,1048576,21,0,426.720,755.456,1061.376,305.920,PASS,0
PHASEB_formal_r1_C0_DEFAULT_N2048_q16_rep5,2,4,2,sm_89,R1_EVENT_OVERLAP,NCCL,C0_DEFAULT,2048,2048,2048,16,3,1048576,21,0,502.624,1064.672,1375.424,310.752,PASS,0
PHASEB_formal_r1_C0_DEFAULT_N2048_q16_rep5,2,4,2,sm_89,R1_EVENT_OVERLAP,NCCL,C0_DEFAULT,2048,2048,2048,16,4,1048576,21,0,725.728,1378.784,1651.680,272.896,PASS,0
PHASEB_formal_r1_C0_DEFAULT_N2048_q16_rep5,2,4,2,sm_89,R1_EVENT_OVERLAP,NCCL,C0_DEFAULT,2048,2048,2048,16,5,1048576,21,0,804.864,1655.168,1961.824,306.656,PASS,0
PHASEB_formal_r1_C0_DEFAULT_N2048_q16_rep5,2,4,2,sm_89,R1_EVENT_OVERLAP,NCCL,C0_DEFAULT,2048,2048,2048,16,6,1048576,21,0,1035.168,1965.312,2273.920,308.608,PASS,0
PHASEB_formal_r1_C0_DEFAULT_N2048_q16_rep5,2,4,2,sm_89,R1_EVENT_OVERLAP,NCCL,C0_DEFAULT,2048,2048,2048,16,7,1048576,21,0,1113.376,2277.248,2586.880,309.632,PASS,0
PHASEB_formal_r1_C0_DEFAULT_N2048_q16_rep5,2,4,2,sm_89,R1_EVENT_OVERLAP,NCCL,C0_DEFAULT,2048,2048,2048,16,8,1048576,21,0,1405.760,2590.176,2896.064,305.888,PASS,0
PHASEB_formal_r1_C0_DEFAULT_N2048_q16_rep5,2,4,2,sm_89,R1_EVENT_OVERLAP,NCCL,C0_DEFAULT,2048,2048,2048,16,9,1048576,21,0,1726.944,2899.488,3171.328,271.840,PASS,0
PHASEB_formal_r1_C0_DEFAULT_N2048_q16_rep5,2,4,2,sm_89,R1_EVENT_OVERLAP,NCCL,C0_DEFAULT,2048,2048,2048,16,10,1048576,21,0,2015.520,3174.752,3485.888,311.136,PASS,0
PHASEB_formal_r1_C0_DEFAULT_N2048_q16_rep5,2,4,2,sm_89,R1_EVENT_OVERLAP,NCCL,C0_DEFAULT,2048,2048,2048,16,11,1048576,21,0,2318.912,3489.248,3788.768,299.520,PASS,0
PHASEB_formal_r1_C0_DEFAULT_N2048_q16_rep5,2,4,2,sm_89,R1_EVENT_OVERLAP,NCCL,C0_DEFAULT,2048,2048,2048,16,12,1048576,21,0,2608.448,3792.160,4053.408,261.248,PASS,0
PHASEB_formal_r1_C0_DEFAULT_N2048_q16_rep5,2,4,2,sm_89,R1_EVENT_OVERLAP,NCCL,C0_DEFAULT,2048,2048,2048,16,13,1048576,21,0,2910.048,4056.864,4318.176,261.312,PASS,0
PHASEB_formal_r1_C0_DEFAULT_N2048_q16_rep5,2,4,2,sm_89,R1_EVENT_OVERLAP,NCCL,C0_DEFAULT,2048,2048,2048,16,14,1048576,21,0,3211.712,4321.632,4581.568,259.936,PASS,0
PHASEB_formal_r1_C0_DEFAULT_N2048_q16_rep5,2,4,2,sm_89,R1_EVENT_OVERLAP,NCCL,C0_DEFAULT,2048,2048,2048,16,15,1048576,21,0,3518.240,4584.928,4845.088,260.160,PASS,0
PHASEB_formal_r1_C0_DEFAULT_N2048_q16_rep5,2,4,2,sm_89,R1_EVENT_OVERLAP,NCCL,C0_DEFAULT,2048,2048,2048,16,0,1048576,22,0,118.784,125.568,440.352,314.784,PASS,0
PHASEB_formal_r1_C0_DEFAULT_N2048_q16_rep5,2,4,2,sm_89,R1_EVENT_OVERLAP,NCCL,C0_DEFAULT,2048,2048,2048,16,1,1048576,22,0,193.056,443.712,755.936,312.224,PASS,0
PHASEB_formal_r1_C0_DEFAULT_N2048_q16_rep5,2,4,2,sm_89,R1_EVENT_OVERLAP,NCCL,C0_DEFAULT,2048,2048,2048,16,2,1048576,22,0,416.768,759.520,1034.656,275.136,PASS,0
PHASEB_formal_r1_C0_DEFAULT_N2048_q16_rep5,2,4,2,sm_89,R1_EVENT_OVERLAP,NCCL,C0_DEFAULT,2048,2048,2048,16,3,1048576,22,0,524.992,1038.048,1349.440,311.392,PASS,0
PHASEB_formal_r1_C0_DEFAULT_N2048_q16_rep5,2,4,2,sm_89,R1_EVENT_OVERLAP,NCCL,C0_DEFAULT,2048,2048,2048,16,4,1048576,22,0,766.016,1352.992,1663.456,310.464,PASS,0
PHASEB_formal_r1_C0_DEFAULT_N2048_q16_rep5,2,4,2,sm_89,R1_EVENT_OVERLAP,NCCL,C0_DEFAULT,2048,2048,2048,16,5,1048576,22,0,1072.416,1666.880,1939.072,272.192,PASS,0
PHASEB_formal_r1_C0_DEFAULT_N2048_q16_rep5,2,4,2,sm_89,R1_EVENT_OVERLAP,NCCL,C0_DEFAULT,2048,2048,2048,16,6,1048576,22,0,1373.376,1942.432,2253.184,310.752,PASS,0
PHASEB_formal_r1_C0_DEFAULT_N2048_q16_rep5,2,4,2,sm_89,R1_EVENT_OVERLAP,NCCL,C0_DEFAULT,2048,2048,2048,16,7,1048576,22,0,1677.440,2261.280,2573.536,312.256,PASS,0
PHASEB_formal_r1_C0_DEFAULT_N2048_q16_rep5,2,4,2,sm_89,R1_EVENT_OVERLAP,NCCL,C0_DEFAULT,2048,2048,2048,16,8,1048576,22,0,1987.680,2577.024,2886.560,309.536,PASS,0
PHASEB_formal_r1_C0_DEFAULT_N2048_q16_rep5,2,4,2,sm_89,R1_EVENT_OVERLAP,NCCL,C0_DEFAULT,2048,2048,2048,16,9,1048576,22,0,2295.008,2890.304,3166.240,275.936,PASS,0
PHASEB_formal_r1_C0_DEFAULT_N2048_q16_rep5,2,4,2,sm_89,R1_EVENT_OVERLAP,NCCL,C0_DEFAULT,2048,2048,2048,16,10,1048576,22,0,2600.544,3169.600,3489.440,319.840,PASS,0
PHASEB_formal_r1_C0_DEFAULT_N2048_q16_rep5,2,4,2,sm_89,R1_EVENT_OVERLAP,NCCL,C0_DEFAULT,2048,2048,2048,16,11,1048576,22,0,2896.608,3492.896,3811.360,318.464,PASS,0
PHASEB_formal_r1_C0_DEFAULT_N2048_q16_rep5,2,4,2,sm_89,R1_EVENT_OVERLAP,NCCL,C0_DEFAULT,2048,2048,2048,16,12,1048576,22,0,3204.960,3814.848,4115.200,300.352,PASS,0
PHASEB_formal_r1_C0_DEFAULT_N2048_q16_rep5,2,4,2,sm_89,R1_EVENT_OVERLAP,NCCL,C0_DEFAULT,2048,2048,2048,16,13,1048576,22,0,3481.856,4118.656,4378.752,260.096,PASS,0
PHASEB_formal_r1_C0_DEFAULT_N2048_q16_rep5,2,4,2,sm_89,R1_EVENT_OVERLAP,NCCL,C0_DEFAULT,2048,2048,2048,16,14,1048576,22,0,3803.968,4382.208,4643.616,261.408,PASS,0
PHASEB_formal_r1_C0_DEFAULT_N2048_q16_rep5,2,4,2,sm_89,R1_EVENT_OVERLAP,NCCL,C0_DEFAULT,2048,2048,2048,16,15,1048576,22,0,4089.632,4647.040,4905.408,258.368,PASS,0
PHASEB_formal_r1_C0_DEFAULT_N2048_q16_rep5,2,4,2,sm_89,R1_EVENT_OVERLAP,NCCL,C0_DEFAULT,2048,2048,2048,16,0,1048576,23,0,118.848,125.280,431.808,306.528,PASS,0
PHASEB_formal_r1_C0_DEFAULT_N2048_q16_rep5,2,4,2,sm_89,R1_EVENT_OVERLAP,NCCL,C0_DEFAULT,2048,2048,2048,16,1,1048576,23,0,193.440,435.360,704.960,269.600,PASS,0
PHASEB_formal_r1_C0_DEFAULT_N2048_q16_rep5,2,4,2,sm_89,R1_EVENT_OVERLAP,NCCL,C0_DEFAULT,2048,2048,2048,16,2,1048576,23,0,441.888,709.344,1019.136,309.792,PASS,0
PHASEB_formal_r1_C0_DEFAULT_N2048_q16_rep5,2,4,2,sm_89,R1_EVENT_OVERLAP,NCCL,C0_DEFAULT,2048,2048,2048,16,3,1048576,23,0,751.360,1022.560,1329.376,306.816,PASS,0
PHASEB_formal_r1_C0_DEFAULT_N2048_q16_rep5,2,4,2,sm_89,R1_EVENT_OVERLAP,NCCL,C0_DEFAULT,2048,2048,2048,16,4,1048576,23,0,1091.680,1332.768,1642.208,309.440,PASS,0
PHASEB_formal_r1_C0_DEFAULT_N2048_q16_rep5,2,4,2,sm_89,R1_EVENT_OVERLAP,NCCL,C0_DEFAULT,2048,2048,2048,16,5,1048576,23,0,1357.568,1645.504,1956.224,310.720,PASS,0
PHASEB_formal_r1_C0_DEFAULT_N2048_q16_rep5,2,4,2,sm_89,R1_EVENT_OVERLAP,NCCL,C0_DEFAULT,2048,2048,2048,16,6,1048576,23,0,1674.464,1959.744,2232.416,272.672,PASS,0
PHASEB_formal_r1_C0_DEFAULT_N2048_q16_rep5,2,4,2,sm_89,R1_EVENT_OVERLAP,NCCL,C0_DEFAULT,2048,2048,2048,16,7,1048576,23,0,1966.592,2235.808,2547.872,312.064,PASS,0
PHASEB_formal_r1_C0_DEFAULT_N2048_q16_rep5,2,4,2,sm_89,R1_EVENT_OVERLAP,NCCL,C0_DEFAULT,2048,2048,2048,16,8,1048576,23,0,2274.368,2551.232,2862.464,311.232,PASS,0
PHASEB_formal_r1_C0_DEFAULT_N2048_q16_rep5,2,4,2,sm_89,R1_EVENT_OVERLAP,NCCL,C0_DEFAULT,2048,2048,2048,16,9,1048576,23,0,2568.032,2865.856,3171.328,305.472,PASS,0
PHASEB_formal_r1_C0_DEFAULT_N2048_q16_rep5,2,4,2,sm_89,R1_EVENT_OVERLAP,NCCL,C0_DEFAULT,2048,2048,2048,16,10,1048576,23,0,2881.056,3174.976,3449.600,274.624,PASS,0
PHASEB_formal_r1_C0_DEFAULT_N2048_q16_rep5,2,4,2,sm_89,R1_EVENT_OVERLAP,NCCL,C0_DEFAULT,2048,2048,2048,16,11,1048576,23,0,3182.400,3452.992,3760.544,307.552,PASS,0
PHASEB_formal_r1_C0_DEFAULT_N2048_q16_rep5,2,4,2,sm_89,R1_EVENT_OVERLAP,NCCL,C0_DEFAULT,2048,2048,2048,16,12,1048576,23,0,3489.984,3764.032,4035.712,271.680,PASS,0
PHASEB_formal_r1_C0_DEFAULT_N2048_q16_rep5,2,4,2,sm_89,R1_EVENT_OVERLAP,NCCL,C0_DEFAULT,2048,2048,2048,16,13,1048576,23,0,3777.120,4039.808,4348.416,308.608,PASS,0
PHASEB_formal_r1_C0_DEFAULT_N2048_q16_rep5,2,4,2,sm_89,R1_EVENT_OVERLAP,NCCL,C0_DEFAULT,2048,2048,2048,16,14,1048576,23,0,4090.656,4351.808,4611.648,259.840,PASS,0
PHASEB_formal_r1_C0_DEFAULT_N2048_q16_rep5,2,4,2,sm_89,R1_EVENT_OVERLAP,NCCL,C0_DEFAULT,2048,2048,2048,16,15,1048576,23,0,4366.304,4615.104,4875.008,259.904,PASS,0
PHASEB_formal_r1_C0_DEFAULT_N2048_q16_rep5,2,4,2,sm_89,R1_EVENT_OVERLAP,NCCL,C0_DEFAULT,2048,2048,2048,16,0,1048576,24,0,127.104,133.952,445.440,311.488,PASS,0
PHASEB_formal_r1_C0_DEFAULT_N2048_q16_rep5,2,4,2,sm_89,R1_EVENT_OVERLAP,NCCL,C0_DEFAULT,2048,2048,2048,16,1,1048576,24,0,202.432,448.800,727.520,278.720,PASS,0
PHASEB_formal_r1_C0_DEFAULT_N2048_q16_rep5,2,4,2,sm_89,R1_EVENT_OVERLAP,NCCL,C0_DEFAULT,2048,2048,2048,16,2,1048576,24,0,455.584,730.848,1043.072,312.224,PASS,0
PHASEB_formal_r1_C0_DEFAULT_N2048_q16_rep5,2,4,2,sm_89,R1_EVENT_OVERLAP,NCCL,C0_DEFAULT,2048,2048,2048,16,3,1048576,24,0,762.976,1046.944,1321.600,274.656,PASS,0
PHASEB_formal_r1_C0_DEFAULT_N2048_q16_rep5,2,4,2,sm_89,R1_EVENT_OVERLAP,NCCL,C0_DEFAULT,2048,2048,2048,16,4,1048576,24,0,1053.344,1325.024,1630.944,305.920,PASS,0
PHASEB_formal_r1_C0_DEFAULT_N2048_q16_rep5,2,4,2,sm_89,R1_EVENT_OVERLAP,NCCL,C0_DEFAULT,2048,2048,2048,16,5,1048576,24,0,1363.744,1634.272,1946.016,311.744,PASS,0
PHASEB_formal_r1_C0_DEFAULT_N2048_q16_rep5,2,4,2,sm_89,R1_EVENT_OVERLAP,NCCL,C0_DEFAULT,2048,2048,2048,16,6,1048576,24,0,1668.832,1949.408,2231.712,282.304,PASS,0
PHASEB_formal_r1_C0_DEFAULT_N2048_q16_rep5,2,4,2,sm_89,R1_EVENT_OVERLAP,NCCL,C0_DEFAULT,2048,2048,2048,16,7,1048576,24,0,1956.000,2235.136,2546.304,311.168,PASS,0
PHASEB_formal_r1_C0_DEFAULT_N2048_q16_rep5,2,4,2,sm_89,R1_EVENT_OVERLAP,NCCL,C0_DEFAULT,2048,2048,2048,16,8,1048576,24,0,2269.312,2549.664,2820.160,270.496,PASS,0
PHASEB_formal_r1_C0_DEFAULT_N2048_q16_rep5,2,4,2,sm_89,R1_EVENT_OVERLAP,NCCL,C0_DEFAULT,2048,2048,2048,16,9,1048576,24,0,2561.248,2823.552,3134.656,311.104,PASS,0
PHASEB_formal_r1_C0_DEFAULT_N2048_q16_rep5,2,4,2,sm_89,R1_EVENT_OVERLAP,NCCL,C0_DEFAULT,2048,2048,2048,16,10,1048576,24,0,2867.072,3138.656,3413.696,275.040,PASS,0
PHASEB_formal_r1_C0_DEFAULT_N2048_q16_rep5,2,4,2,sm_89,R1_EVENT_OVERLAP,NCCL,C0_DEFAULT,2048,2048,2048,16,11,1048576,24,0,3145.600,3417.568,3728.896,311.328,PASS,0
PHASEB_formal_r1_C0_DEFAULT_N2048_q16_rep5,2,4,2,sm_89,R1_EVENT_OVERLAP,NCCL,C0_DEFAULT,2048,2048,2048,16,12,1048576,24,0,3461.888,3732.288,4006.016,273.728,PASS,0
PHASEB_formal_r1_C0_DEFAULT_N2048_q16_rep5,2,4,2,sm_89,R1_EVENT_OVERLAP,NCCL,C0_DEFAULT,2048,2048,2048,16,13,1048576,24,0,3740.512,4009.952,4319.072,309.120,PASS,0
PHASEB_formal_r1_C0_DEFAULT_N2048_q16_rep5,2,4,2,sm_89,R1_EVENT_OVERLAP,NCCL,C0_DEFAULT,2048,2048,2048,16,14,1048576,24,0,4054.592,4322.912,4619.808,296.896,PASS,0
PHASEB_formal_r1_C0_DEFAULT_N2048_q16_rep5,2,4,2,sm_89,R1_EVENT_OVERLAP,NCCL,C0_DEFAULT,2048,2048,2048,16,15,1048576,24,0,4335.936,4623.232,4882.080,258.848,PASS,0
PHASEB_formal_r1_C0_DEFAULT_N2048_q16_rep5,2,4,2,sm_89,R1_EVENT_OVERLAP,NCCL,C0_DEFAULT,2048,2048,2048,16,0,1048576,25,0,119.968,126.976,442.304,315.328,PASS,0
PHASEB_formal_r1_C0_DEFAULT_N2048_q16_rep5,2,4,2,sm_89,R1_EVENT_OVERLAP,NCCL,C0_DEFAULT,2048,2048,2048,16,1,1048576,25,0,196.000,445.920,759.968,314.048,PASS,0
PHASEB_formal_r1_C0_DEFAULT_N2048_q16_rep5,2,4,2,sm_89,R1_EVENT_OVERLAP,NCCL,C0_DEFAULT,2048,2048,2048,16,2,1048576,25,0,418.784,763.328,1072.608,309.280,PASS,0
PHASEB_formal_r1_C0_DEFAULT_N2048_q16_rep5,2,4,2,sm_89,R1_EVENT_OVERLAP,NCCL,C0_DEFAULT,2048,2048,2048,16,3,1048576,25,0,511.488,1075.968,1390.144,314.176,PASS,0
PHASEB_formal_r1_C0_DEFAULT_N2048_q16_rep5,2,4,2,sm_89,R1_EVENT_OVERLAP,NCCL,C0_DEFAULT,2048,2048,2048,16,4,1048576,25,0,735.424,1393.504,1697.024,303.520,PASS,0
PHASEB_formal_r1_C0_DEFAULT_N2048_q16_rep5,2,4,2,sm_89,R1_EVENT_OVERLAP,NCCL,C0_DEFAULT,2048,2048,2048,16,5,1048576,25,0,815.584,1700.544,2009.984,309.440,PASS,0
PHASEB_formal_r1_C0_DEFAULT_N2048_q16_rep5,2,4,2,sm_89,R1_EVENT_OVERLAP,NCCL,C0_DEFAULT,2048,2048,2048,16,6,1048576,25,0,1040.832,2013.376,2284.032,270.656,PASS,0
PHASEB_formal_r1_C0_DEFAULT_N2048_q16_rep5,2,4,2,sm_89,R1_EVENT_OVERLAP,NCCL,C0_DEFAULT,2048,2048,2048,16,7,1048576,25,0,1117.888,2287.328,2595.488,308.160,PASS,0
PHASEB_formal_r1_C0_DEFAULT_N2048_q16_rep5,2,4,2,sm_89,R1_EVENT_OVERLAP,NCCL,C0_DEFAULT,2048,2048,2048,16,8,1048576,25,0,1349.088,2598.752,2910.912,312.160,PASS,0
PHASEB_formal_r1_C0_DEFAULT_N2048_q16_rep5,2,4,2,sm_89,R1_EVENT_OVERLAP,NCCL,C0_DEFAULT,2048,2048,2048,16,9,1048576,25,0,1428.352,2914.272,3224.992,310.720,PASS,0
PHASEB_formal_r1_C0_DEFAULT_N2048_q16_rep5,2,4,2,sm_89,R1_EVENT_OVERLAP,NCCL,C0_DEFAULT,2048,2048,2048,16,10,1048576,25,0,1688.928,3228.352,3489.184,260.832,PASS,0
PHASEB_formal_r1_C0_DEFAULT_N2048_q16_rep5,2,4,2,sm_89,R1_EVENT_OVERLAP,NCCL,C0_DEFAULT,2048,2048,2048,16,11,1048576,25,0,2019.968,3492.608,3753.184,260.576,PASS,0
PHASEB_formal_r1_C0_DEFAULT_N2048_q16_rep5,2,4,2,sm_89,R1_EVENT_OVERLAP,NCCL,C0_DEFAULT,2048,2048,2048,16,12,1048576,25,0,2324.384,3756.608,4016.896,260.288,PASS,0
PHASEB_formal_r1_C0_DEFAULT_N2048_q16_rep5,2,4,2,sm_89,R1_EVENT_OVERLAP,NCCL,C0_DEFAULT,2048,2048,2048,16,13,1048576,25,0,2622.400,4020.320,4281.088,260.768,PASS,0
PHASEB_formal_r1_C0_DEFAULT_N2048_q16_rep5,2,4,2,sm_89,R1_EVENT_OVERLAP,NCCL,C0_DEFAULT,2048,2048,2048,16,14,1048576,25,0,2929.344,4284.864,4544.832,259.968,PASS,0
PHASEB_formal_r1_C0_DEFAULT_N2048_q16_rep5,2,4,2,sm_89,R1_EVENT_OVERLAP,NCCL,C0_DEFAULT,2048,2048,2048,16,15,1048576,25,0,3234.752,4548.256,4808.032,259.776,PASS,0
PHASEB_formal_r1_C0_DEFAULT_N2048_q16_rep5,2,4,2,sm_89,R1_EVENT_OVERLAP,NCCL,C0_DEFAULT,2048,2048,2048,16,0,1048576,26,0,122.304,128.928,447.360,318.432,PASS,0
PHASEB_formal_r1_C0_DEFAULT_N2048_q16_rep5,2,4,2,sm_89,R1_EVENT_OVERLAP,NCCL,C0_DEFAULT,2048,2048,2048,16,1,1048576,26,0,197.536,450.784,774.112,323.328,PASS,0
PHASEB_formal_r1_C0_DEFAULT_N2048_q16_rep5,2,4,2,sm_89,R1_EVENT_OVERLAP,NCCL,C0_DEFAULT,2048,2048,2048,16,2,1048576,26,0,423.104,777.440,1086.720,309.280,PASS,0
PHASEB_formal_r1_C0_DEFAULT_N2048_q16_rep5,2,4,2,sm_89,R1_EVENT_OVERLAP,NCCL,C0_DEFAULT,2048,2048,2048,16,3,1048576,26,0,512.928,1090.400,1399.552,309.152,PASS,0
PHASEB_formal_r1_C0_DEFAULT_N2048_q16_rep5,2,4,2,sm_89,R1_EVENT_OVERLAP,NCCL,C0_DEFAULT,2048,2048,2048,16,4,1048576,26,0,748.896,1403.520,1715.168,311.648,PASS,0
PHASEB_formal_r1_C0_DEFAULT_N2048_q16_rep5,2,4,2,sm_89,R1_EVENT_OVERLAP,NCCL,C0_DEFAULT,2048,2048,2048,16,5,1048576,26,0,1063.168,1718.528,2025.120,306.592,PASS,0
PHASEB_formal_r1_C0_DEFAULT_N2048_q16_rep5,2,4,2,sm_89,R1_EVENT_OVERLAP,NCCL,C0_DEFAULT,2048,2048,2048,16,6,1048576,26,0,1365.504,2028.480,2336.672,308.192,PASS,0
PHASEB_formal_r1_C0_DEFAULT_N2048_q16_rep5,2,4,2,sm_89,R1_EVENT_OVERLAP,NCCL,C0_DEFAULT,2048,2048,2048,16,7,1048576,26,0,1671.936,2340.064,2670.816,330.752,PASS,0
PHASEB_formal_r1_C0_DEFAULT_N2048_q16_rep5,2,4,2,sm_89,R1_EVENT_OVERLAP,NCCL,C0_DEFAULT,2048,2048,2048,16,8,1048576,26,0,1951.136,2674.720,2994.336,319.616,PASS,0
PHASEB_formal_r1_C0_DEFAULT_N2048_q16_rep5,2,4,2,sm_89,R1_EVENT_OVERLAP,NCCL,C0_DEFAULT,2048,2048,2048,16,9,1048576,26,0,2271.552,2997.664,3309.312,311.648,PASS,0
PHASEB_formal_r1_C0_DEFAULT_N2048_q16_rep5,2,4,2,sm_89,R1_EVENT_OVERLAP,NCCL,C0_DEFAULT,2048,2048,2048,16,10,1048576,26,0,2539.424,3312.640,3621.120,308.480,PASS,0
PHASEB_formal_r1_C0_DEFAULT_N2048_q16_rep5,2,4,2,sm_89,R1_EVENT_OVERLAP,NCCL,C0_DEFAULT,2048,2048,2048,16,11,1048576,26,0,2854.432,3624.512,3931.296,306.784,PASS,0
PHASEB_formal_r1_C0_DEFAULT_N2048_q16_rep5,2,4,2,sm_89,R1_EVENT_OVERLAP,NCCL,C0_DEFAULT,2048,2048,2048,16,12,1048576,26,0,3137.728,3934.848,4232.416,297.568,PASS,0
PHASEB_formal_r1_C0_DEFAULT_N2048_q16_rep5,2,4,2,sm_89,R1_EVENT_OVERLAP,NCCL,C0_DEFAULT,2048,2048,2048,16,13,1048576,26,0,3442.016,4236.160,4495.808,259.648,PASS,0
PHASEB_formal_r1_C0_DEFAULT_N2048_q16_rep5,2,4,2,sm_89,R1_EVENT_OVERLAP,NCCL,C0_DEFAULT,2048,2048,2048,16,14,1048576,26,0,3712.544,4499.232,4760.032,260.800,PASS,0
PHASEB_formal_r1_C0_DEFAULT_N2048_q16_rep5,2,4,2,sm_89,R1_EVENT_OVERLAP,NCCL,C0_DEFAULT,2048,2048,2048,16,15,1048576,26,0,4028.480,4763.456,5022.976,259.520,PASS,0
PHASEB_formal_r1_C0_DEFAULT_N2048_q16_rep5,2,4,2,sm_89,R1_EVENT_OVERLAP,NCCL,C0_DEFAULT,2048,2048,2048,16,0,1048576,27,0,118.720,125.440,441.312,315.872,PASS,0
PHASEB_formal_r1_C0_DEFAULT_N2048_q16_rep5,2,4,2,sm_89,R1_EVENT_OVERLAP,NCCL,C0_DEFAULT,2048,2048,2048,16,1,1048576,27,0,194.592,444.704,763.104,318.400,PASS,0
PHASEB_formal_r1_C0_DEFAULT_N2048_q16_rep5,2,4,2,sm_89,R1_EVENT_OVERLAP,NCCL,C0_DEFAULT,2048,2048,2048,16,2,1048576,27,0,417.952,766.496,1072.928,306.432,PASS,0
PHASEB_formal_r1_C0_DEFAULT_N2048_q16_rep5,2,4,2,sm_89,R1_EVENT_OVERLAP,NCCL,C0_DEFAULT,2048,2048,2048,16,3,1048576,27,0,508.768,1076.768,1390.240,313.472,PASS,0
PHASEB_formal_r1_C0_DEFAULT_N2048_q16_rep5,2,4,2,sm_89,R1_EVENT_OVERLAP,NCCL,C0_DEFAULT,2048,2048,2048,16,4,1048576,27,0,736.512,1393.664,1702.176,308.512,PASS,0
PHASEB_formal_r1_C0_DEFAULT_N2048_q16_rep5,2,4,2,sm_89,R1_EVENT_OVERLAP,NCCL,C0_DEFAULT,2048,2048,2048,16,5,1048576,27,0,828.768,1705.568,2013.056,307.488,PASS,0
PHASEB_formal_r1_C0_DEFAULT_N2048_q16_rep5,2,4,2,sm_89,R1_EVENT_OVERLAP,NCCL,C0_DEFAULT,2048,2048,2048,16,6,1048576,27,0,1048.256,2016.736,2327.008,310.272,PASS,0
PHASEB_formal_r1_C0_DEFAULT_N2048_q16_rep5,2,4,2,sm_89,R1_EVENT_OVERLAP,NCCL,C0_DEFAULT,2048,2048,2048,16,7,1048576,27,0,1141.120,2330.464,2599.904,269.440,PASS,0
PHASEB_formal_r1_C0_DEFAULT_N2048_q16_rep5,2,4,2,sm_89,R1_EVENT_OVERLAP,NCCL,C0_DEFAULT,2048,2048,2048,16,8,1048576,27,0,1365.216,2603.296,2905.312,302.016,PASS,0
PHASEB_formal_r1_C0_DEFAULT_N2048_q16_rep5,2,4,2,sm_89,R1_EVENT_OVERLAP,NCCL,C0_DEFAULT,2048,2048,2048,16,9,1048576,27,0,1443.680,2908.736,3169.856,261.120,PASS,0
PHASEB_formal_r1_C0_DEFAULT_N2048_q16_rep5,2,4,2,sm_89,R1_EVENT_OVERLAP,NCCL,C0_DEFAULT,2048,2048,2048,16,10,1048576,27,0,1670.656,3173.280,3432.960,259.680,PASS,0
PHASEB_formal_r1_C0_DEFAULT_N2048_q16_rep5,2,4,2,sm_89,R1_EVENT_OVERLAP,NCCL,C0_DEFAULT,2048,2048,2048,16,11,1048576,27,0,1746.464,3436.416,3696.704,260.288,PASS,0
PHASEB_formal_r1_C0_DEFAULT_N2048_q16_rep5,2,4,2,sm_89,R1_EVENT_OVERLAP,NCCL,C0_DEFAULT,2048,2048,2048,16,12,1048576,27,0,1984.224,3700.128,3960.128,260.000,PASS,0
PHASEB_formal_r1_C0_DEFAULT_N2048_q16_rep5,2,4,2,sm_89,R1_EVENT_OVERLAP,NCCL,C0_DEFAULT,2048,2048,2048,16,13,1048576,27,0,2072.768,3963.520,4224.992,261.472,PASS,0
PHASEB_formal_r1_C0_DEFAULT_N2048_q16_rep5,2,4,2,sm_89,R1_EVENT_OVERLAP,NCCL,C0_DEFAULT,2048,2048,2048,16,14,1048576,27,0,2366.912,4228.416,4488.832,260.416,PASS,0
PHASEB_formal_r1_C0_DEFAULT_N2048_q16_rep5,2,4,2,sm_89,R1_EVENT_OVERLAP,NCCL,C0_DEFAULT,2048,2048,2048,16,15,1048576,27,0,2683.616,4492.256,4751.968,259.712,PASS,0
PHASEB_formal_r1_C0_DEFAULT_N2048_q16_rep5,2,4,2,sm_89,R1_EVENT_OVERLAP,NCCL,C0_DEFAULT,2048,2048,2048,16,0,1048576,28,0,120.608,127.232,433.440,306.208,PASS,0
PHASEB_formal_r1_C0_DEFAULT_N2048_q16_rep5,2,4,2,sm_89,R1_EVENT_OVERLAP,NCCL,C0_DEFAULT,2048,2048,2048,16,1,1048576,28,0,199.744,436.832,757.312,320.480,PASS,0
PHASEB_formal_r1_C0_DEFAULT_N2048_q16_rep5,2,4,2,sm_89,R1_EVENT_OVERLAP,NCCL,C0_DEFAULT,2048,2048,2048,16,2,1048576,28,0,423.968,760.672,1070.304,309.632,PASS,0
PHASEB_formal_r1_C0_DEFAULT_N2048_q16_rep5,2,4,2,sm_89,R1_EVENT_OVERLAP,NCCL,C0_DEFAULT,2048,2048,2048,16,3,1048576,28,0,514.944,1073.856,1343.840,269.984,PASS,0
PHASEB_formal_r1_C0_DEFAULT_N2048_q16_rep5,2,4,2,sm_89,R1_EVENT_OVERLAP,NCCL,C0_DEFAULT,2048,2048,2048,16,4,1048576,28,0,747.936,1347.200,1663.584,316.384,PASS,0
PHASEB_formal_r1_C0_DEFAULT_N2048_q16_rep5,2,4,2,sm_89,R1_EVENT_OVERLAP,NCCL,C0_DEFAULT,2048,2048,2048,16,5,1048576,28,0,1080.736,1667.488,1977.184,309.696,PASS,0
PHASEB_formal_r1_C0_DEFAULT_N2048_q16_rep5,2,4,2,sm_89,R1_EVENT_OVERLAP,NCCL,C0_DEFAULT,2048,2048,2048,16,6,1048576,28,0,1396.064,1983.680,2293.536,309.856,PASS,0
PHASEB_formal_r1_C0_DEFAULT_N2048_q16_rep5,2,4,2,sm_89,R1_EVENT_OVERLAP,NCCL,C0_DEFAULT,2048,2048,2048,16,7,1048576,28,0,1714.080,2296.896,2605.088,308.192,PASS,0
PHASEB_formal_r1_C0_DEFAULT_N2048_q16_rep5,2,4,2,sm_89,R1_EVENT_OVERLAP,NCCL,C0_DEFAULT,2048,2048,2048,16,8,1048576,28,0,2005.312,2608.416,2885.824,277.408,PASS,0
PHASEB_formal_r1_C0_DEFAULT_N2048_q16_rep5,2,4,2,sm_89,R1_EVENT_OVERLAP,NCCL,C0_DEFAULT,2048,2048,2048,16,9,1048576,28,0,2312.192,2889.248,3197.344,308.096,PASS,0
PHASEB_formal_r1_C0_DEFAULT_N2048_q16_rep5,2,4,2,sm_89,R1_EVENT_OVERLAP,NCCL,C0_DEFAULT,2048,2048,2048,16,10,1048576,28,0,2614.752,3200.736,3511.520,310.784,PASS,0
PHASEB_formal_r1_C0_DEFAULT_N2048_q16_rep5,2,4,2,sm_89,R1_EVENT_OVERLAP,NCCL,C0_DEFAULT,2048,2048,2048,16,11,1048576,28,0,2921.408,3514.976,3787.840,272.864,PASS,0
PHASEB_formal_r1_C0_DEFAULT_N2048_q16_rep5,2,4,2,sm_89,R1_EVENT_OVERLAP,NCCL,C0_DEFAULT,2048,2048,2048,16,12,1048576,28,0,3223.552,3791.232,4099.072,307.840,PASS,0
PHASEB_formal_r1_C0_DEFAULT_N2048_q16_rep5,2,4,2,sm_89,R1_EVENT_OVERLAP,NCCL,C0_DEFAULT,2048,2048,2048,16,13,1048576,28,0,3525.664,4102.496,4398.144,295.648,PASS,0
PHASEB_formal_r1_C0_DEFAULT_N2048_q16_rep5,2,4,2,sm_89,R1_EVENT_OVERLAP,NCCL,C0_DEFAULT,2048,2048,2048,16,14,1048576,28,0,3829.792,4401.600,4662.112,260.512,PASS,0
PHASEB_formal_r1_C0_DEFAULT_N2048_q16_rep5,2,4,2,sm_89,R1_EVENT_OVERLAP,NCCL,C0_DEFAULT,2048,2048,2048,16,15,1048576,28,0,4121.632,4665.504,4924.576,259.072,PASS,0
PHASEB_formal_r1_C0_DEFAULT_N2048_q16_rep5,2,4,2,sm_89,R1_EVENT_OVERLAP,NCCL,C0_DEFAULT,2048,2048,2048,16,0,1048576,29,0,126.688,132.992,440.800,307.808,PASS,0
PHASEB_formal_r1_C0_DEFAULT_N2048_q16_rep5,2,4,2,sm_89,R1_EVENT_OVERLAP,NCCL,C0_DEFAULT,2048,2048,2048,16,1,1048576,29,0,200.896,444.448,758.336,313.888,PASS,0
PHASEB_formal_r1_C0_DEFAULT_N2048_q16_rep5,2,4,2,sm_89,R1_EVENT_OVERLAP,NCCL,C0_DEFAULT,2048,2048,2048,16,2,1048576,29,0,434.720,761.760,1078.304,316.544,PASS,0
PHASEB_formal_r1_C0_DEFAULT_N2048_q16_rep5,2,4,2,sm_89,R1_EVENT_OVERLAP,NCCL,C0_DEFAULT,2048,2048,2048,16,3,1048576,29,0,511.072,1081.696,1387.712,306.016,PASS,0
PHASEB_formal_r1_C0_DEFAULT_N2048_q16_rep5,2,4,2,sm_89,R1_EVENT_OVERLAP,NCCL,C0_DEFAULT,2048,2048,2048,16,4,1048576,29,0,733.504,1391.200,1702.176,310.976,PASS,0
PHASEB_formal_r1_C0_DEFAULT_N2048_q16_rep5,2,4,2,sm_89,R1_EVENT_OVERLAP,NCCL,C0_DEFAULT,2048,2048,2048,16,5,1048576,29,0,835.072,1705.760,2015.264,309.504,PASS,0
PHASEB_formal_r1_C0_DEFAULT_N2048_q16_rep5,2,4,2,sm_89,R1_EVENT_OVERLAP,NCCL,C0_DEFAULT,2048,2048,2048,16,6,1048576,29,0,1069.312,2019.104,2326.016,306.912,PASS,0
PHASEB_formal_r1_C0_DEFAULT_N2048_q16_rep5,2,4,2,sm_89,R1_EVENT_OVERLAP,NCCL,C0_DEFAULT,2048,2048,2048,16,7,1048576,29,0,1378.496,2329.376,2636.928,307.552,PASS,0
PHASEB_formal_r1_C0_DEFAULT_N2048_q16_rep5,2,4,2,sm_89,R1_EVENT_OVERLAP,NCCL,C0_DEFAULT,2048,2048,2048,16,8,1048576,29,0,1657.984,2640.352,2966.592,326.240,PASS,0
PHASEB_formal_r1_C0_DEFAULT_N2048_q16_rep5,2,4,2,sm_89,R1_EVENT_OVERLAP,NCCL,C0_DEFAULT,2048,2048,2048,16,9,1048576,29,0,1971.072,2970.080,3300.384,330.304,PASS,0
PHASEB_formal_r1_C0_DEFAULT_N2048_q16_rep5,2,4,2,sm_89,R1_EVENT_OVERLAP,NCCL,C0_DEFAULT,2048,2048,2048,16,10,1048576,29,0,2250.368,3303.744,3613.120,309.376,PASS,0
PHASEB_formal_r1_C0_DEFAULT_N2048_q16_rep5,2,4,2,sm_89,R1_EVENT_OVERLAP,NCCL,C0_DEFAULT,2048,2048,2048,16,11,1048576,29,0,2566.400,3616.448,3916.448,300.000,PASS,0
PHASEB_formal_r1_C0_DEFAULT_N2048_q16_rep5,2,4,2,sm_89,R1_EVENT_OVERLAP,NCCL,C0_DEFAULT,2048,2048,2048,16,12,1048576,29,0,2847.936,3919.872,4180.256,260.384,PASS,0
PHASEB_formal_r1_C0_DEFAULT_N2048_q16_rep5,2,4,2,sm_89,R1_EVENT_OVERLAP,NCCL,C0_DEFAULT,2048,2048,2048,16,13,1048576,29,0,3161.568,4183.904,4445.344,261.440,PASS,0
PHASEB_formal_r1_C0_DEFAULT_N2048_q16_rep5,2,4,2,sm_89,R1_EVENT_OVERLAP,NCCL,C0_DEFAULT,2048,2048,2048,16,14,1048576,29,0,3439.264,4448.768,4708.320,259.552,PASS,0
PHASEB_formal_r1_C0_DEFAULT_N2048_q16_rep5,2,4,2,sm_89,R1_EVENT_OVERLAP,NCCL,C0_DEFAULT,2048,2048,2048,16,15,1048576,29,0,3753.856,4711.744,4971.904,260.160,PASS,0
PHASEB_formal_r1_C0_DEFAULT_N2048_q16_rep5,2,4,2,sm_89,R1_EVENT_OVERLAP,NCCL,C0_DEFAULT,2048,2048,2048,16,0,1048576,30,0,125.824,132.352,443.072,310.720,PASS,0
PHASEB_formal_r1_C0_DEFAULT_N2048_q16_rep5,2,4,2,sm_89,R1_EVENT_OVERLAP,NCCL,C0_DEFAULT,2048,2048,2048,16,1,1048576,30,0,223.840,446.496,732.576,286.080,PASS,0
PHASEB_formal_r1_C0_DEFAULT_N2048_q16_rep5,2,4,2,sm_89,R1_EVENT_OVERLAP,NCCL,C0_DEFAULT,2048,2048,2048,16,2,1048576,30,0,452.800,735.936,1045.888,309.952,PASS,0
PHASEB_formal_r1_C0_DEFAULT_N2048_q16_rep5,2,4,2,sm_89,R1_EVENT_OVERLAP,NCCL,C0_DEFAULT,2048,2048,2048,16,3,1048576,30,0,775.648,1049.312,1322.496,273.184,PASS,0
PHASEB_formal_r1_C0_DEFAULT_N2048_q16_rep5,2,4,2,sm_89,R1_EVENT_OVERLAP,NCCL,C0_DEFAULT,2048,2048,2048,16,4,1048576,30,0,1056.000,1326.464,1636.256,309.792,PASS,0
PHASEB_formal_r1_C0_DEFAULT_N2048_q16_rep5,2,4,2,sm_89,R1_EVENT_OVERLAP,NCCL,C0_DEFAULT,2048,2048,2048,16,5,1048576,30,0,1382.016,1639.648,1952.672,313.024,PASS,0
PHASEB_formal_r1_C0_DEFAULT_N2048_q16_rep5,2,4,2,sm_89,R1_EVENT_OVERLAP,NCCL,C0_DEFAULT,2048,2048,2048,16,6,1048576,30,0,1657.376,1956.064,2266.560,310.496,PASS,0
PHASEB_formal_r1_C0_DEFAULT_N2048_q16_rep5,2,4,2,sm_89,R1_EVENT_OVERLAP,NCCL,C0_DEFAULT,2048,2048,2048,16,7,1048576,30,0,1972.192,2269.952,2544.576,274.624,PASS,0
PHASEB_formal_r1_C0_DEFAULT_N2048_q16_rep5,2,4,2,sm_89,R1_EVENT_OVERLAP,NCCL,C0_DEFAULT,2048,2048,2048,16,8,1048576,30,0,2277.536,2547.936,2858.016,310.080,PASS,0
PHASEB_formal_r1_C0_DEFAULT_N2048_q16_rep5,2,4,2,sm_89,R1_EVENT_OVERLAP,NCCL,C0_DEFAULT,2048,2048,2048,16,9,1048576,30,0,2581.568,2861.632,3174.048,312.416,PASS,0
PHASEB_formal_r1_C0_DEFAULT_N2048_q16_rep5,2,4,2,sm_89,R1_EVENT_OVERLAP,NCCL,C0_DEFAULT,2048,2048,2048,16,10,1048576,30,0,2886.272,3180.864,3452.992,272.128,PASS,0
PHASEB_formal_r1_C0_DEFAULT_N2048_q16_rep5,2,4,2,sm_89,R1_EVENT_OVERLAP,NCCL,C0_DEFAULT,2048,2048,2048,16,11,1048576,30,0,3193.472,3456.544,3767.488,310.944,PASS,0
PHASEB_formal_r1_C0_DEFAULT_N2048_q16_rep5,2,4,2,sm_89,R1_EVENT_OVERLAP,NCCL,C0_DEFAULT,2048,2048,2048,16,12,1048576,30,0,3493.824,3770.848,4082.592,311.744,PASS,0
PHASEB_formal_r1_C0_DEFAULT_N2048_q16_rep5,2,4,2,sm_89,R1_EVENT_OVERLAP,NCCL,C0_DEFAULT,2048,2048,2048,16,13,1048576,30,0,3796.736,4086.048,4358.944,272.896,PASS,0
PHASEB_formal_r1_C0_DEFAULT_N2048_q16_rep5,2,4,2,sm_89,R1_EVENT_OVERLAP,NCCL,C0_DEFAULT,2048,2048,2048,16,14,1048576,30,0,4092.704,4362.272,4661.408,299.136,PASS,0
PHASEB_formal_r1_C0_DEFAULT_N2048_q16_rep5,2,4,2,sm_89,R1_EVENT_OVERLAP,NCCL,C0_DEFAULT,2048,2048,2048,16,15,1048576,30,0,4403.840,4664.832,4923.488,258.656,PASS,0
PHASEB_formal_r1_C0_DEFAULT_N2048_q16_rep5,2,4,2,sm_89,R1_EVENT_OVERLAP,NCCL,C0_DEFAULT,2048,2048,2048,16,0,1048576,31,0,116.928,123.808,440.192,316.384,PASS,0
PHASEB_formal_r1_C0_DEFAULT_N2048_q16_rep5,2,4,2,sm_89,R1_EVENT_OVERLAP,NCCL,C0_DEFAULT,2048,2048,2048,16,1,1048576,31,0,190.880,443.552,758.304,314.752,PASS,0
PHASEB_formal_r1_C0_DEFAULT_N2048_q16_rep5,2,4,2,sm_89,R1_EVENT_OVERLAP,NCCL,C0_DEFAULT,2048,2048,2048,16,2,1048576,31,0,415.136,761.632,1073.408,311.776,PASS,0
PHASEB_formal_r1_C0_DEFAULT_N2048_q16_rep5,2,4,2,sm_89,R1_EVENT_OVERLAP,NCCL,C0_DEFAULT,2048,2048,2048,16,3,1048576,31,0,514.080,1076.736,1383.136,306.400,PASS,0
PHASEB_formal_r1_C0_DEFAULT_N2048_q16_rep5,2,4,2,sm_89,R1_EVENT_OVERLAP,NCCL,C0_DEFAULT,2048,2048,2048,16,4,1048576,31,0,732.864,1386.560,1697.280,310.720,PASS,0
PHASEB_formal_r1_C0_DEFAULT_N2048_q16_rep5,2,4,2,sm_89,R1_EVENT_OVERLAP,NCCL,C0_DEFAULT,2048,2048,2048,16,5,1048576,31,0,822.464,1700.736,2011.360,310.624,PASS,0
PHASEB_formal_r1_C0_DEFAULT_N2048_q16_rep5,2,4,2,sm_89,R1_EVENT_OVERLAP,NCCL,C0_DEFAULT,2048,2048,2048,16,6,1048576,31,0,1048.128,2014.784,2326.528,311.744,PASS,0
PHASEB_formal_r1_C0_DEFAULT_N2048_q16_rep5,2,4,2,sm_89,R1_EVENT_OVERLAP,NCCL,C0_DEFAULT,2048,2048,2048,16,7,1048576,31,0,1373.152,2329.952,2636.160,306.208,PASS,0
PHASEB_formal_r1_C0_DEFAULT_N2048_q16_rep5,2,4,2,sm_89,R1_EVENT_OVERLAP,NCCL,C0_DEFAULT,2048,2048,2048,16,8,1048576,31,0,1687.168,2639.808,2947.648,307.840,PASS,0
PHASEB_formal_r1_C0_DEFAULT_N2048_q16_rep5,2,4,2,sm_89,R1_EVENT_OVERLAP,NCCL,C0_DEFAULT,2048,2048,2048,16,9,1048576,31,0,1965.152,2951.040,3283.424,332.384,PASS,0
PHASEB_formal_r1_C0_DEFAULT_N2048_q16_rep5,2,4,2,sm_89,R1_EVENT_OVERLAP,NCCL,C0_DEFAULT,2048,2048,2048,16,10,1048576,31,0,2275.808,3287.136,3613.728,326.592,PASS,0
PHASEB_formal_r1_C0_DEFAULT_N2048_q16_rep5,2,4,2,sm_89,R1_EVENT_OVERLAP,NCCL,C0_DEFAULT,2048,2048,2048,16,11,1048576,31,0,2559.936,3617.600,3938.176,320.576,PASS,0
PHASEB_formal_r1_C0_DEFAULT_N2048_q16_rep5,2,4,2,sm_89,R1_EVENT_OVERLAP,NCCL,C0_DEFAULT,2048,2048,2048,16,12,1048576,31,0,2871.104,3941.568,4201.408,259.840,PASS,0
PHASEB_formal_r1_C0_DEFAULT_N2048_q16_rep5,2,4,2,sm_89,R1_EVENT_OVERLAP,NCCL,C0_DEFAULT,2048,2048,2048,16,13,1048576,31,0,3175.648,4204.832,4465.920,261.088,PASS,0
PHASEB_formal_r1_C0_DEFAULT_N2048_q16_rep5,2,4,2,sm_89,R1_EVENT_OVERLAP,NCCL,C0_DEFAULT,2048,2048,2048,16,14,1048576,31,0,3480.480,4469.536,4729.152,259.616,PASS,0
PHASEB_formal_r1_C0_DEFAULT_N2048_q16_rep5,2,4,2,sm_89,R1_EVENT_OVERLAP,NCCL,C0_DEFAULT,2048,2048,2048,16,15,1048576,31,0,3771.904,4732.544,4992.064,259.520,PASS,0
PHASEB_formal_r1_C0_DEFAULT_N2048_q16_rep5,2,4,2,sm_89,R1_EVENT_OVERLAP,NCCL,C0_DEFAULT,2048,2048,2048,16,0,1048576,32,0,122.304,128.928,436.096,307.168,PASS,0
PHASEB_formal_r1_C0_DEFAULT_N2048_q16_rep5,2,4,2,sm_89,R1_EVENT_OVERLAP,NCCL,C0_DEFAULT,2048,2048,2048,16,1,1048576,32,0,204.608,439.776,750.720,310.944,PASS,0
PHASEB_formal_r1_C0_DEFAULT_N2048_q16_rep5,2,4,2,sm_89,R1_EVENT_OVERLAP,NCCL,C0_DEFAULT,2048,2048,2048,16,2,1048576,32,0,429.216,754.752,1062.496,307.744,PASS,0
PHASEB_formal_r1_C0_DEFAULT_N2048_q16_rep5,2,4,2,sm_89,R1_EVENT_OVERLAP,NCCL,C0_DEFAULT,2048,2048,2048,16,3,1048576,32,0,517.152,1066.752,1342.144,275.392,PASS,0
PHASEB_formal_r1_C0_DEFAULT_N2048_q16_rep5,2,4,2,sm_89,R1_EVENT_OVERLAP,NCCL,C0_DEFAULT,2048,2048,2048,16,4,1048576,32,0,743.776,1345.504,1660.224,314.720,PASS,0
PHASEB_formal_r1_C0_DEFAULT_N2048_q16_rep5,2,4,2,sm_89,R1_EVENT_OVERLAP,NCCL,C0_DEFAULT,2048,2048,2048,16,5,1048576,32,0,1073.184,1663.680,1944.128,280.448,PASS,0
PHASEB_formal_r1_C0_DEFAULT_N2048_q16_rep5,2,4,2,sm_89,R1_EVENT_OVERLAP,NCCL,C0_DEFAULT,2048,2048,2048,16,6,1048576,32,0,1383.584,1947.392,2264.992,317.600,PASS,0
PHASEB_formal_r1_C0_DEFAULT_N2048_q16_rep5,2,4,2,sm_89,R1_EVENT_OVERLAP,NCCL,C0_DEFAULT,2048,2048,2048,16,7,1048576,32,0,1675.968,2268.416,2544.736,276.320,PASS,0
PHASEB_formal_r1_C0_DEFAULT_N2048_q16_rep5,2,4,2,sm_89,R1_EVENT_OVERLAP,NCCL,C0_DEFAULT,2048,2048,2048,16,8,1048576,32,0,1983.200,2548.480,2859.552,311.072,PASS,0
PHASEB_formal_r1_C0_DEFAULT_N2048_q16_rep5,2,4,2,sm_89,R1_EVENT_OVERLAP,NCCL,C0_DEFAULT,2048,2048,2048,16,9,1048576,32,0,2274.592,2862.912,3136.640,273.728,PASS,0
PHASEB_formal_r1_C0_DEFAULT_N2048_q16_rep5,2,4,2,sm_89,R1_EVENT_OVERLAP,NCCL,C0_DEFAULT,2048,2048,2048,16,10,1048576,32,0,2583.616,3139.936,3450.624,310.688,PASS,0
PHASEB_formal_r1_C0_DEFAULT_N2048_q16_rep5,2,4,2,sm_89,R1_EVENT_OVERLAP,NCCL,C0_DEFAULT,2048,2048,2048,16,11,1048576,32,0,2869.184,3454.048,3726.464,272.416,PASS,0
PHASEB_formal_r1_C0_DEFAULT_N2048_q16_rep5,2,4,2,sm_89,R1_EVENT_OVERLAP,NCCL,C0_DEFAULT,2048,2048,2048,16,12,1048576,32,0,3178.432,3729.920,4048.224,318.304,PASS,0
PHASEB_formal_r1_C0_DEFAULT_N2048_q16_rep5,2,4,2,sm_89,R1_EVENT_OVERLAP,NCCL,C0_DEFAULT,2048,2048,2048,16,13,1048576,32,0,3462.144,4052.000,4347.616,295.616,PASS,0
PHASEB_formal_r1_C0_DEFAULT_N2048_q16_rep5,2,4,2,sm_89,R1_EVENT_OVERLAP,NCCL,C0_DEFAULT,2048,2048,2048,16,14,1048576,32,0,3775.136,4351.040,4611.712,260.672,PASS,0
PHASEB_formal_r1_C0_DEFAULT_N2048_q16_rep5,2,4,2,sm_89,R1_EVENT_OVERLAP,NCCL,C0_DEFAULT,2048,2048,2048,16,15,1048576,32,0,4067.200,4615.104,4874.592,259.488,PASS,0
PHASEB_formal_r1_C0_DEFAULT_N2048_q16_rep5,2,4,2,sm_89,R1_EVENT_OVERLAP,NCCL,C0_DEFAULT,2048,2048,2048,16,0,1048576,33,0,120.224,127.008,441.312,314.304,PASS,0
PHASEB_formal_r1_C0_DEFAULT_N2048_q16_rep5,2,4,2,sm_89,R1_EVENT_OVERLAP,NCCL,C0_DEFAULT,2048,2048,2048,16,1,1048576,33,0,194.752,444.704,757.472,312.768,PASS,0
PHASEB_formal_r1_C0_DEFAULT_N2048_q16_rep5,2,4,2,sm_89,R1_EVENT_OVERLAP,NCCL,C0_DEFAULT,2048,2048,2048,16,2,1048576,33,0,417.216,760.928,1074.752,313.824,PASS,0
PHASEB_formal_r1_C0_DEFAULT_N2048_q16_rep5,2,4,2,sm_89,R1_EVENT_OVERLAP,NCCL,C0_DEFAULT,2048,2048,2048,16,3,1048576,33,0,508.736,1078.144,1388.832,310.688,PASS,0
PHASEB_formal_r1_C0_DEFAULT_N2048_q16_rep5,2,4,2,sm_89,R1_EVENT_OVERLAP,NCCL,C0_DEFAULT,2048,2048,2048,16,4,1048576,33,0,733.280,1392.800,1701.568,308.768,PASS,0
PHASEB_formal_r1_C0_DEFAULT_N2048_q16_rep5,2,4,2,sm_89,R1_EVENT_OVERLAP,NCCL,C0_DEFAULT,2048,2048,2048,16,5,1048576,33,0,828.448,1705.056,2016.320,311.264,PASS,0
PHASEB_formal_r1_C0_DEFAULT_N2048_q16_rep5,2,4,2,sm_89,R1_EVENT_OVERLAP,NCCL,C0_DEFAULT,2048,2048,2048,16,6,1048576,33,0,1067.520,2019.744,2356.448,336.704,PASS,0
PHASEB_formal_r1_C0_DEFAULT_N2048_q16_rep5,2,4,2,sm_89,R1_EVENT_OVERLAP,NCCL,C0_DEFAULT,2048,2048,2048,16,7,1048576,33,0,1381.344,2359.840,2691.648,331.808,PASS,0
PHASEB_formal_r1_C0_DEFAULT_N2048_q16_rep5,2,4,2,sm_89,R1_EVENT_OVERLAP,NCCL,C0_DEFAULT,2048,2048,2048,16,8,1048576,33,0,1656.448,2695.104,3008.768,313.664,PASS,0
PHASEB_formal_r1_C0_DEFAULT_N2048_q16_rep5,2,4,2,sm_89,R1_EVENT_OVERLAP,NCCL,C0_DEFAULT,2048,2048,2048,16,9,1048576,33,0,1964.544,3012.544,3318.528,305.984,PASS,0
PHASEB_formal_r1_C0_DEFAULT_N2048_q16_rep5,2,4,2,sm_89,R1_EVENT_OVERLAP,NCCL,C0_DEFAULT,2048,2048,2048,16,10,1048576,33,0,2237.888,3322.240,3626.464,304.224,PASS,0
PHASEB_formal_r1_C0_DEFAULT_N2048_q16_rep5,2,4,2,sm_89,R1_EVENT_OVERLAP,NCCL,C0_DEFAULT,2048,2048,2048,16,11,1048576,33,0,2558.048,3630.272,3927.968,297.696,PASS,0
PHASEB_formal_r1_C0_DEFAULT_N2048_q16_rep5,2,4,2,sm_89,R1_EVENT_OVERLAP,NCCL,C0_DEFAULT,2048,2048,2048,16,12,1048576,33,0,2835.584,3931.392,4191.936,260.544,PASS,0
PHASEB_formal_r1_C0_DEFAULT_N2048_q16_rep5,2,4,2,sm_89,R1_EVENT_OVERLAP,NCCL,C0_DEFAULT,2048,2048,2048,16,13,1048576,33,0,3142.400,4195.360,4456.512,261.152,PASS,0
PHASEB_formal_r1_C0_DEFAULT_N2048_q16_rep5,2,4,2,sm_89,R1_EVENT_OVERLAP,NCCL,C0_DEFAULT,2048,2048,2048,16,14,1048576,33,0,3418.240,4459.936,4720.128,260.192,PASS,0
PHASEB_formal_r1_C0_DEFAULT_N2048_q16_rep5,2,4,2,sm_89,R1_EVENT_OVERLAP,NCCL,C0_DEFAULT,2048,2048,2048,16,15,1048576,33,0,3724.352,4723.552,4983.328,259.776,PASS,0
PHASEB_formal_r1_C0_DEFAULT_N2048_q16_rep5,2,4,2,sm_89,R1_EVENT_OVERLAP,NCCL,C0_DEFAULT,2048,2048,2048,16,0,1048576,34,0,122.272,128.800,437.984,309.184,PASS,0
PHASEB_formal_r1_C0_DEFAULT_N2048_q16_rep5,2,4,2,sm_89,R1_EVENT_OVERLAP,NCCL,C0_DEFAULT,2048,2048,2048,16,1,1048576,34,0,196.544,441.376,753.024,311.648,PASS,0
PHASEB_formal_r1_C0_DEFAULT_N2048_q16_rep5,2,4,2,sm_89,R1_EVENT_OVERLAP,NCCL,C0_DEFAULT,2048,2048,2048,16,2,1048576,34,0,428.768,756.672,1028.160,271.488,PASS,0
PHASEB_formal_r1_C0_DEFAULT_N2048_q16_rep5,2,4,2,sm_89,R1_EVENT_OVERLAP,NCCL,C0_DEFAULT,2048,2048,2048,16,3,1048576,34,0,515.296,1031.808,1342.624,310.816,PASS,0
PHASEB_formal_r1_C0_DEFAULT_N2048_q16_rep5,2,4,2,sm_89,R1_EVENT_OVERLAP,NCCL,C0_DEFAULT,2048,2048,2048,16,4,1048576,34,0,763.424,1346.048,1657.952,311.904,PASS,0
PHASEB_formal_r1_C0_DEFAULT_N2048_q16_rep5,2,4,2,sm_89,R1_EVENT_OVERLAP,NCCL,C0_DEFAULT,2048,2048,2048,16,5,1048576,34,0,1071.264,1661.504,1937.344,275.840,PASS,0
PHASEB_formal_r1_C0_DEFAULT_N2048_q16_rep5,2,4,2,sm_89,R1_EVENT_OVERLAP,NCCL,C0_DEFAULT,2048,2048,2048,16,6,1048576,34,0,1366.208,1940.768,2254.336,313.568,PASS,0
PHASEB_formal_r1_C0_DEFAULT_N2048_q16_rep5,2,4,2,sm_89,R1_EVENT_OVERLAP,NCCL,C0_DEFAULT,2048,2048,2048,16,7,1048576,34,0,1672.928,2257.792,2568.096,310.304,PASS,0
PHASEB_formal_r1_C0_DEFAULT_N2048_q16_rep5,2,4,2,sm_89,R1_EVENT_OVERLAP,NCCL,C0_DEFAULT,2048,2048,2048,16,8,1048576,34,0,1984.512,2571.968,2848.960,276.992,PASS,0
PHASEB_formal_r1_C0_DEFAULT_N2048_q16_rep5,2,4,2,sm_89,R1_EVENT_OVERLAP,NCCL,C0_DEFAULT,2048,2048,2048,16,9,1048576,34,0,2292.928,2852.256,3163.616,311.360,PASS,0
PHASEB_formal_r1_C0_DEFAULT_N2048_q16_rep5,2,4,2,sm_89,R1_EVENT_OVERLAP,NCCL,C0_DEFAULT,2048,2048,2048,16,10,1048576,34,0,2578.912,3167.392,3443.136,275.744,PASS,0
PHASEB_formal_r1_C0_DEFAULT_N2048_q16_rep5,2,4,2,sm_89,R1_EVENT_OVERLAP,NCCL,C0_DEFAULT,2048,2048,2048,16,11,1048576,34,0,2891.104,3446.432,3765.184,318.752,PASS,0
PHASEB_formal_r1_C0_DEFAULT_N2048_q16_rep5,2,4,2,sm_89,R1_EVENT_OVERLAP,NCCL,C0_DEFAULT,2048,2048,2048,16,12,1048576,34,0,3173.632,3768.736,4074.240,305.504,PASS,0
PHASEB_formal_r1_C0_DEFAULT_N2048_q16_rep5,2,4,2,sm_89,R1_EVENT_OVERLAP,NCCL,C0_DEFAULT,2048,2048,2048,16,13,1048576,34,0,3480.736,4077.664,4337.952,260.288,PASS,0
PHASEB_formal_r1_C0_DEFAULT_N2048_q16_rep5,2,4,2,sm_89,R1_EVENT_OVERLAP,NCCL,C0_DEFAULT,2048,2048,2048,16,14,1048576,34,0,3757.888,4341.408,4603.840,262.432,PASS,0
PHASEB_formal_r1_C0_DEFAULT_N2048_q16_rep5,2,4,2,sm_89,R1_EVENT_OVERLAP,NCCL,C0_DEFAULT,2048,2048,2048,16,15,1048576,34,0,4065.952,4607.264,4866.560,259.296,PASS,0
PHASEB_formal_r1_C0_DEFAULT_N2048_q16_rep5,2,4,2,sm_89,R1_EVENT_OVERLAP,NCCL,C0_DEFAULT,2048,2048,2048,16,0,1048576,35,0,134.496,141.312,450.656,309.344,PASS,0
PHASEB_formal_r1_C0_DEFAULT_N2048_q16_rep5,2,4,2,sm_89,R1_EVENT_OVERLAP,NCCL,C0_DEFAULT,2048,2048,2048,16,1,1048576,35,0,208.192,454.432,735.808,281.376,PASS,0
PHASEB_formal_r1_C0_DEFAULT_N2048_q16_rep5,2,4,2,sm_89,R1_EVENT_OVERLAP,NCCL,C0_DEFAULT,2048,2048,2048,16,2,1048576,35,0,460.704,739.232,1052.192,312.960,PASS,0
PHASEB_formal_r1_C0_DEFAULT_N2048_q16_rep5,2,4,2,sm_89,R1_EVENT_OVERLAP,NCCL,C0_DEFAULT,2048,2048,2048,16,3,1048576,35,0,772.256,1055.616,1366.496,310.880,PASS,0
PHASEB_formal_r1_C0_DEFAULT_N2048_q16_rep5,2,4,2,sm_89,R1_EVENT_OVERLAP,NCCL,C0_DEFAULT,2048,2048,2048,16,4,1048576,35,0,1089.984,1369.888,1646.368,276.480,PASS,0
PHASEB_formal_r1_C0_DEFAULT_N2048_q16_rep5,2,4,2,sm_89,R1_EVENT_OVERLAP,NCCL,C0_DEFAULT,2048,2048,2048,16,5,1048576,35,0,1376.512,1649.824,1962.624,312.800,PASS,0
PHASEB_formal_r1_C0_DEFAULT_N2048_q16_rep5,2,4,2,sm_89,R1_EVENT_OVERLAP,NCCL,C0_DEFAULT,2048,2048,2048,16,6,1048576,35,0,1694.560,1966.016,2248.640,282.624,PASS,0
PHASEB_formal_r1_C0_DEFAULT_N2048_q16_rep5,2,4,2,sm_89,R1_EVENT_OVERLAP,NCCL,C0_DEFAULT,2048,2048,2048,16,7,1048576,35,0,1972.736,2251.968,2563.840,311.872,PASS,0
PHASEB_formal_r1_C0_DEFAULT_N2048_q16_rep5,2,4,2,sm_89,R1_EVENT_OVERLAP,NCCL,C0_DEFAULT,2048,2048,2048,16,8,1048576,35,0,2286.784,2567.168,2839.936,272.768,PASS,0
PHASEB_formal_r1_C0_DEFAULT_N2048_q16_rep5,2,4,2,sm_89,R1_EVENT_OVERLAP,NCCL,C0_DEFAULT,2048,2048,2048,16,9,1048576,35,0,2573.984,2843.584,3152.736,309.152,PASS,0
PHASEB_formal_r1_C0_DEFAULT_N2048_q16_rep5,2,4,2,sm_89,R1_EVENT_OVERLAP,NCCL,C0_DEFAULT,2048,2048,2048,16,10,1048576,35,0,2884.800,3156.192,3466.400,310.208,PASS,0
PHASEB_formal_r1_C0_DEFAULT_N2048_q16_rep5,2,4,2,sm_89,R1_EVENT_OVERLAP,NCCL,C0_DEFAULT,2048,2048,2048,16,11,1048576,35,0,3172.672,3470.080,3739.328,269.248,PASS,0
PHASEB_formal_r1_C0_DEFAULT_N2048_q16_rep5,2,4,2,sm_89,R1_EVENT_OVERLAP,NCCL,C0_DEFAULT,2048,2048,2048,16,12,1048576,35,0,3482.016,3743.232,4054.976,311.744,PASS,0
PHASEB_formal_r1_C0_DEFAULT_N2048_q16_rep5,2,4,2,sm_89,R1_EVENT_OVERLAP,NCCL,C0_DEFAULT,2048,2048,2048,16,13,1048576,35,0,3786.112,4058.688,4367.008,308.320,PASS,0
PHASEB_formal_r1_C0_DEFAULT_N2048_q16_rep5,2,4,2,sm_89,R1_EVENT_OVERLAP,NCCL,C0_DEFAULT,2048,2048,2048,16,14,1048576,35,0,4078.528,4370.336,4667.456,297.120,PASS,0
PHASEB_formal_r1_C0_DEFAULT_N2048_q16_rep5,2,4,2,sm_89,R1_EVENT_OVERLAP,NCCL,C0_DEFAULT,2048,2048,2048,16,15,1048576,35,0,4386.880,4670.880,4931.328,260.448,PASS,0
PHASEB_formal_r1_C0_DEFAULT_N2048_q16_rep5,2,4,2,sm_89,R1_EVENT_OVERLAP,NCCL,C0_DEFAULT,2048,2048,2048,16,0,1048576,36,0,122.016,128.768,438.592,309.824,PASS,0
PHASEB_formal_r1_C0_DEFAULT_N2048_q16_rep5,2,4,2,sm_89,R1_EVENT_OVERLAP,NCCL,C0_DEFAULT,2048,2048,2048,16,1,1048576,36,0,197.088,442.016,751.872,309.856,PASS,0
PHASEB_formal_r1_C0_DEFAULT_N2048_q16_rep5,2,4,2,sm_89,R1_EVENT_OVERLAP,NCCL,C0_DEFAULT,2048,2048,2048,16,2,1048576,36,0,431.008,755.296,1060.928,305.632,PASS,0
PHASEB_formal_r1_C0_DEFAULT_N2048_q16_rep5,2,4,2,sm_89,R1_EVENT_OVERLAP,NCCL,C0_DEFAULT,2048,2048,2048,16,3,1048576,36,0,517.792,1064.352,1369.024,304.672,PASS,0
PHASEB_formal_r1_C0_DEFAULT_N2048_q16_rep5,2,4,2,sm_89,R1_EVENT_OVERLAP,NCCL,C0_DEFAULT,2048,2048,2048,16,4,1048576,36,0,745.056,1372.480,1690.048,317.568,PASS,0
PHASEB_formal_r1_C0_DEFAULT_N2048_q16_rep5,2,4,2,sm_89,R1_EVENT_OVERLAP,NCCL,C0_DEFAULT,2048,2048,2048,16,5,1048576,36,0,825.760,1697.184,2011.488,314.304,PASS,0
PHASEB_formal_r1_C0_DEFAULT_N2048_q16_rep5,2,4,2,sm_89,R1_EVENT_OVERLAP,NCCL,C0_DEFAULT,2048,2048,2048,16,6,1048576,36,0,1050.784,2014.848,2320.544,305.696,PASS,0
PHASEB_formal_r1_C0_DEFAULT_N2048_q16_rep5,2,4,2,sm_89,R1_EVENT_OVERLAP,NCCL,C0_DEFAULT,2048,2048,2048,16,7,1048576,36,0,1131.776,2325.760,2624.896,299.136,PASS,0
PHASEB_formal_r1_C0_DEFAULT_N2048_q16_rep5,2,4,2,sm_89,R1_EVENT_OVERLAP,NCCL,C0_DEFAULT,2048,2048,2048,16,8,1048576,36,0,1358.080,2628.800,2889.984,261.184,PASS,0
PHASEB_formal_r1_C0_DEFAULT_N2048_q16_rep5,2,4,2,sm_89,R1_EVENT_OVERLAP,NCCL,C0_DEFAULT,2048,2048,2048,16,9,1048576,36,0,1442.656,2893.408,3153.120,259.712,PASS,0
PHASEB_formal_r1_C0_DEFAULT_N2048_q16_rep5,2,4,2,sm_89,R1_EVENT_OVERLAP,NCCL,C0_DEFAULT,2048,2048,2048,16,10,1048576,36,0,1664.736,3156.544,3417.344,260.800,PASS,0
PHASEB_formal_r1_C0_DEFAULT_N2048_q16_rep5,2,4,2,sm_89,R1_EVENT_OVERLAP,NCCL,C0_DEFAULT,2048,2048,2048,16,11,1048576,36,0,1759.328,3420.704,3680.832,260.128,PASS,0
PHASEB_formal_r1_C0_DEFAULT_N2048_q16_rep5,2,4,2,sm_89,R1_EVENT_OVERLAP,NCCL,C0_DEFAULT,2048,2048,2048,16,12,1048576,36,0,1984.608,3684.384,3945.248,260.864,PASS,0
PHASEB_formal_r1_C0_DEFAULT_N2048_q16_rep5,2,4,2,sm_89,R1_EVENT_OVERLAP,NCCL,C0_DEFAULT,2048,2048,2048,16,13,1048576,36,0,2062.208,3948.672,4208.256,259.584,PASS,0
PHASEB_formal_r1_C0_DEFAULT_N2048_q16_rep5,2,4,2,sm_89,R1_EVENT_OVERLAP,NCCL,C0_DEFAULT,2048,2048,2048,16,14,1048576,36,0,2289.856,4211.616,4472.352,260.736,PASS,0
PHASEB_formal_r1_C0_DEFAULT_N2048_q16_rep5,2,4,2,sm_89,R1_EVENT_OVERLAP,NCCL,C0_DEFAULT,2048,2048,2048,16,15,1048576,36,0,2373.440,4475.840,4734.976,259.136,PASS,0
PHASEB_formal_r1_C0_DEFAULT_N2048_q16_rep5,2,4,2,sm_89,R1_EVENT_OVERLAP,NCCL,C0_DEFAULT,2048,2048,2048,16,0,1048576,37,0,123.712,130.272,446.048,315.776,PASS,0
PHASEB_formal_r1_C0_DEFAULT_N2048_q16_rep5,2,4,2,sm_89,R1_EVENT_OVERLAP,NCCL,C0_DEFAULT,2048,2048,2048,16,1,1048576,37,0,198.560,449.344,757.344,308.000,PASS,0
PHASEB_formal_r1_C0_DEFAULT_N2048_q16_rep5,2,4,2,sm_89,R1_EVENT_OVERLAP,NCCL,C0_DEFAULT,2048,2048,2048,16,2,1048576,37,0,422.176,760.768,1072.480,311.712,PASS,0
PHASEB_formal_r1_C0_DEFAULT_N2048_q16_rep5,2,4,2,sm_89,R1_EVENT_OVERLAP,NCCL,C0_DEFAULT,2048,2048,2048,16,3,1048576,37,0,506.656,1076.544,1388.352,311.808,PASS,0
PHASEB_formal_r1_C0_DEFAULT_N2048_q16_rep5,2,4,2,sm_89,R1_EVENT_OVERLAP,NCCL,C0_DEFAULT,2048,2048,2048,16,4,1048576,37,0,750.208,1391.808,1661.536,269.728,PASS,0
PHASEB_formal_r1_C0_DEFAULT_N2048_q16_rep5,2,4,2,sm_89,R1_EVENT_OVERLAP,NCCL,C0_DEFAULT,2048,2048,2048,16,5,1048576,37,0,1065.792,1664.928,1976.768,311.840,PASS,0
PHASEB_formal_r1_C0_DEFAULT_N2048_q16_rep5,2,4,2,sm_89,R1_EVENT_OVERLAP,NCCL,C0_DEFAULT,2048,2048,2048,16,6,1048576,37,0,1398.080,1980.448,2251.936,271.488,PASS,0
PHASEB_formal_r1_C0_DEFAULT_N2048_q16_rep5,2,4,2,sm_89,R1_EVENT_OVERLAP,NCCL,C0_DEFAULT,2048,2048,2048,16,7,1048576,37,0,1705.152,2255.840,2567.168,311.328,PASS,0
PHASEB_formal_r1_C0_DEFAULT_N2048_q16_rep5,2,4,2,sm_89,R1_EVENT_OVERLAP,NCCL,C0_DEFAULT,2048,2048,2048,16,8,1048576,37,0,1998.592,2570.496,2880.384,309.888,PASS,0
PHASEB_formal_r1_C0_DEFAULT_N2048_q16_rep5,2,4,2,sm_89,R1_EVENT_OVERLAP,NCCL,C0_DEFAULT,2048,2048,2048,16,9,1048576,37,0,2299.936,2883.744,3154.496,270.752,PASS,0
PHASEB_formal_r1_C0_DEFAULT_N2048_q16_rep5,2,4,2,sm_89,R1_EVENT_OVERLAP,NCCL,C0_DEFAULT,2048,2048,2048,16,10,1048576,37,0,2604.128,3158.720,3469.952,311.232,PASS,0
PHASEB_formal_r1_C0_DEFAULT_N2048_q16_rep5,2,4,2,sm_89,R1_EVENT_OVERLAP,NCCL,C0_DEFAULT,2048,2048,2048,16,11,1048576,37,0,2897.792,3474.048,3784.032,309.984,PASS,0
PHASEB_formal_r1_C0_DEFAULT_N2048_q16_rep5,2,4,2,sm_89,R1_EVENT_OVERLAP,NCCL,C0_DEFAULT,2048,2048,2048,16,12,1048576,37,0,3209.376,3787.552,4098.464,310.912,PASS,0
PHASEB_formal_r1_C0_DEFAULT_N2048_q16_rep5,2,4,2,sm_89,R1_EVENT_OVERLAP,NCCL,C0_DEFAULT,2048,2048,2048,16,13,1048576,37,0,3507.456,4102.080,4398.752,296.672,PASS,0
PHASEB_formal_r1_C0_DEFAULT_N2048_q16_rep5,2,4,2,sm_89,R1_EVENT_OVERLAP,NCCL,C0_DEFAULT,2048,2048,2048,16,14,1048576,37,0,3806.720,4402.176,4662.016,259.840,PASS,0
PHASEB_formal_r1_C0_DEFAULT_N2048_q16_rep5,2,4,2,sm_89,R1_EVENT_OVERLAP,NCCL,C0_DEFAULT,2048,2048,2048,16,15,1048576,37,0,4117.312,4665.440,4925.344,259.904,PASS,0
PHASEB_formal_r1_C0_DEFAULT_N2048_q16_rep5,2,4,2,sm_89,R1_EVENT_OVERLAP,NCCL,C0_DEFAULT,2048,2048,2048,16,0,1048576,38,0,121.984,128.832,441.600,312.768,PASS,0
PHASEB_formal_r1_C0_DEFAULT_N2048_q16_rep5,2,4,2,sm_89,R1_EVENT_OVERLAP,NCCL,C0_DEFAULT,2048,2048,2048,16,1,1048576,38,0,207.520,444.928,737.472,292.544,PASS,0
PHASEB_formal_r1_C0_DEFAULT_N2048_q16_rep5,2,4,2,sm_89,R1_EVENT_OVERLAP,NCCL,C0_DEFAULT,2048,2048,2048,16,2,1048576,38,0,451.392,740.768,1051.712,310.944,PASS,0
PHASEB_formal_r1_C0_DEFAULT_N2048_q16_rep5,2,4,2,sm_89,R1_EVENT_OVERLAP,NCCL,C0_DEFAULT,2048,2048,2048,16,3,1048576,38,0,773.728,1055.040,1364.704,309.664,PASS,0
PHASEB_formal_r1_C0_DEFAULT_N2048_q16_rep5,2,4,2,sm_89,R1_EVENT_OVERLAP,NCCL,C0_DEFAULT,2048,2048,2048,16,4,1048576,38,0,1074.848,1368.128,1643.968,275.840,PASS,0
PHASEB_formal_r1_C0_DEFAULT_N2048_q16_rep5,2,4,2,sm_89,R1_EVENT_OVERLAP,NCCL,C0_DEFAULT,2048,2048,2048,16,5,1048576,38,0,1375.232,1647.360,1956.608,309.248,PASS,0
PHASEB_formal_r1_C0_DEFAULT_N2048_q16_rep5,2,4,2,sm_89,R1_EVENT_OVERLAP,NCCL,C0_DEFAULT,2048,2048,2048,16,6,1048576,38,0,1679.936,1960.000,2238.848,278.848,PASS,0
PHASEB_formal_r1_C0_DEFAULT_N2048_q16_rep5,2,4,2,sm_89,R1_EVENT_OVERLAP,NCCL,C0_DEFAULT,2048,2048,2048,16,7,1048576,38,0,1969.248,2242.240,2552.192,309.952,PASS,0
PHASEB_formal_r1_C0_DEFAULT_N2048_q16_rep5,2,4,2,sm_89,R1_EVENT_OVERLAP,NCCL,C0_DEFAULT,2048,2048,2048,16,8,1048576,38,0,2281.280,2555.520,2863.552,308.032,PASS,0
PHASEB_formal_r1_C0_DEFAULT_N2048_q16_rep5,2,4,2,sm_89,R1_EVENT_OVERLAP,NCCL,C0_DEFAULT,2048,2048,2048,16,9,1048576,38,0,2578.240,2867.424,3146.624,279.200,PASS,0
PHASEB_formal_r1_C0_DEFAULT_N2048_q16_rep5,2,4,2,sm_89,R1_EVENT_OVERLAP,NCCL,C0_DEFAULT,2048,2048,2048,16,10,1048576,38,0,2874.336,3149.984,3459.648,309.664,PASS,0
PHASEB_formal_r1_C0_DEFAULT_N2048_q16_rep5,2,4,2,sm_89,R1_EVENT_OVERLAP,NCCL,C0_DEFAULT,2048,2048,2048,16,11,1048576,38,0,3180.160,3462.976,3771.936,308.960,PASS,0
PHASEB_formal_r1_C0_DEFAULT_N2048_q16_rep5,2,4,2,sm_89,R1_EVENT_OVERLAP,NCCL,C0_DEFAULT,2048,2048,2048,16,12,1048576,38,0,3481.280,3775.328,4052.640,277.312,PASS,0
PHASEB_formal_r1_C0_DEFAULT_N2048_q16_rep5,2,4,2,sm_89,R1_EVENT_OVERLAP,NCCL,C0_DEFAULT,2048,2048,2048,16,13,1048576,38,0,3781.760,4055.968,4366.112,310.144,PASS,0
PHASEB_formal_r1_C0_DEFAULT_N2048_q16_rep5,2,4,2,sm_89,R1_EVENT_OVERLAP,NCCL,C0_DEFAULT,2048,2048,2048,16,14,1048576,38,0,4088.192,4369.504,4630.496,260.992,PASS,0
PHASEB_formal_r1_C0_DEFAULT_N2048_q16_rep5,2,4,2,sm_89,R1_EVENT_OVERLAP,NCCL,C0_DEFAULT,2048,2048,2048,16,15,1048576,38,0,4376.096,4633.920,4892.576,258.656,PASS,0
PHASEB_formal_r1_C0_DEFAULT_N2048_q16_rep5,2,4,2,sm_89,R1_EVENT_OVERLAP,NCCL,C0_DEFAULT,2048,2048,2048,16,0,1048576,39,0,128.320,135.008,443.712,308.704,PASS,0
PHASEB_formal_r1_C0_DEFAULT_N2048_q16_rep5,2,4,2,sm_89,R1_EVENT_OVERLAP,NCCL,C0_DEFAULT,2048,2048,2048,16,1,1048576,39,0,202.624,447.296,724.512,277.216,PASS,0
PHASEB_formal_r1_C0_DEFAULT_N2048_q16_rep5,2,4,2,sm_89,R1_EVENT_OVERLAP,NCCL,C0_DEFAULT,2048,2048,2048,16,2,1048576,39,0,453.728,730.400,1040.544,310.144,PASS,0
PHASEB_formal_r1_C0_DEFAULT_N2048_q16_rep5,2,4,2,sm_89,R1_EVENT_OVERLAP,NCCL,C0_DEFAULT,2048,2048,2048,16,3,1048576,39,0,768.704,1044.000,1358.048,314.048,PASS,0
PHASEB_formal_r1_C0_DEFAULT_N2048_q16_rep5,2,4,2,sm_89,R1_EVENT_OVERLAP,NCCL,C0_DEFAULT,2048,2048,2048,16,4,1048576,39,0,1076.544,1361.408,1639.712,278.304,PASS,0
PHASEB_formal_r1_C0_DEFAULT_N2048_q16_rep5,2,4,2,sm_89,R1_EVENT_OVERLAP,NCCL,C0_DEFAULT,2048,2048,2048,16,5,1048576,39,0,1367.808,1649.696,1959.040,309.344,PASS,0
PHASEB_formal_r1_C0_DEFAULT_N2048_q16_rep5,2,4,2,sm_89,R1_EVENT_OVERLAP,NCCL,C0_DEFAULT,2048,2048,2048,16,6,1048576,39,0,1687.136,1962.752,2238.112,275.360,PASS,0
PHASEB_formal_r1_C0_DEFAULT_N2048_q16_rep5,2,4,2,sm_89,R1_EVENT_OVERLAP,NCCL,C0_DEFAULT,2048,2048,2048,16,7,1048576,39,0,1969.024,2241.472,2553.376,311.904,PASS,0
PHASEB_formal_r1_C0_DEFAULT_N2048_q16_rep5,2,4,2,sm_89,R1_EVENT_OVERLAP,NCCL,C0_DEFAULT,2048,2048,2048,16,8,1048576,39,0,2274.528,2556.768,2835.520,278.752,PASS,0
PHASEB_formal_r1_C0_DEFAULT_N2048_q16_rep5,2,4,2,sm_89,R1_EVENT_OVERLAP,NCCL,C0_DEFAULT,2048,2048,2048,16,9,1048576,39,0,2563.072,2838.848,3149.120,310.272,PASS,0
PHASEB_formal_r1_C0_DEFAULT_N2048_q16_rep5,2,4,2,sm_89,R1_EVENT_OVERLAP,NCCL,C0_DEFAULT,2048,2048,2048,16,10,1048576,39,0,2872.128,3152.544,3430.848,278.304,PASS,0
PHASEB_formal_r1_C0_DEFAULT_N2048_q16_rep5,2,4,2,sm_89,R1_EVENT_OVERLAP,NCCL,C0_DEFAULT,2048,2048,2048,16,11,1048576,39,0,3159.008,3434.336,3744.480,310.144,PASS,0
PHASEB_formal_r1_C0_DEFAULT_N2048_q16_rep5,2,4,2,sm_89,R1_EVENT_OVERLAP,NCCL,C0_DEFAULT,2048,2048,2048,16,12,1048576,39,0,3468.032,3748.544,4020.032,271.488,PASS,0
PHASEB_formal_r1_C0_DEFAULT_N2048_q16_rep5,2,4,2,sm_89,R1_EVENT_OVERLAP,NCCL,C0_DEFAULT,2048,2048,2048,16,13,1048576,39,0,3755.712,4023.424,4331.424,308.000,PASS,0
PHASEB_formal_r1_C0_DEFAULT_N2048_q16_rep5,2,4,2,sm_89,R1_EVENT_OVERLAP,NCCL,C0_DEFAULT,2048,2048,2048,16,14,1048576,39,0,4061.696,4335.040,4595.200,260.160,PASS,0
PHASEB_formal_r1_C0_DEFAULT_N2048_q16_rep5,2,4,2,sm_89,R1_EVENT_OVERLAP,NCCL,C0_DEFAULT,2048,2048,2048,16,15,1048576,39,0,4345.056,4598.624,4859.008,260.384,PASS,0
PHASEB_formal_r1_C0_DEFAULT_N2048_q16_rep5,2,4,2,sm_89,R1_EVENT_OVERLAP,NCCL,C0_DEFAULT,2048,2048,2048,16,0,1048576,40,0,116.288,123.296,430.848,307.552,PASS,0
PHASEB_formal_r1_C0_DEFAULT_N2048_q16_rep5,2,4,2,sm_89,R1_EVENT_OVERLAP,NCCL,C0_DEFAULT,2048,2048,2048,16,1,1048576,40,0,191.616,434.240,750.944,316.704,PASS,0
PHASEB_formal_r1_C0_DEFAULT_N2048_q16_rep5,2,4,2,sm_89,R1_EVENT_OVERLAP,NCCL,C0_DEFAULT,2048,2048,2048,16,2,1048576,40,0,420.512,754.624,1064.640,310.016,PASS,0
PHASEB_formal_r1_C0_DEFAULT_N2048_q16_rep5,2,4,2,sm_89,R1_EVENT_OVERLAP,NCCL,C0_DEFAULT,2048,2048,2048,16,3,1048576,40,0,512.096,1067.968,1374.688,306.720,PASS,0
PHASEB_formal_r1_C0_DEFAULT_N2048_q16_rep5,2,4,2,sm_89,R1_EVENT_OVERLAP,NCCL,C0_DEFAULT,2048,2048,2048,16,4,1048576,40,0,743.904,1378.720,1688.896,310.176,PASS,0
PHASEB_formal_r1_C0_DEFAULT_N2048_q16_rep5,2,4,2,sm_89,R1_EVENT_OVERLAP,NCCL,C0_DEFAULT,2048,2048,2048,16,5,1048576,40,0,827.296,1692.576,2002.048,309.472,PASS,0
PHASEB_formal_r1_C0_DEFAULT_N2048_q16_rep5,2,4,2,sm_89,R1_EVENT_OVERLAP,NCCL,C0_DEFAULT,2048,2048,2048,16,6,1048576,40,0,1053.952,2005.664,2320.640,314.976,PASS,0
PHASEB_formal_r1_C0_DEFAULT_N2048_q16_rep5,2,4,2,sm_89,R1_EVENT_OVERLAP,NCCL,C0_DEFAULT,2048,2048,2048,16,7,1048576,40,0,1134.592,2324.032,2635.264,311.232,PASS,0
PHASEB_formal_r1_C0_DEFAULT_N2048_q16_rep5,2,4,2,sm_89,R1_EVENT_OVERLAP,NCCL,C0_DEFAULT,2048,2048,2048,16,8,1048576,40,0,1363.488,2639.232,2900.736,261.504,PASS,0
PHASEB_formal_r1_C0_DEFAULT_N2048_q16_rep5,2,4,2,sm_89,R1_EVENT_OVERLAP,NCCL,C0_DEFAULT,2048,2048,2048,16,9,1048576,40,0,1454.816,2904.160,3163.840,259.680,PASS,0
PHASEB_formal_r1_C0_DEFAULT_N2048_q16_rep5,2,4,2,sm_89,R1_EVENT_OVERLAP,NCCL,C0_DEFAULT,2048,2048,2048,16,10,1048576,40,0,1681.376,3167.264,3428.128,260.864,PASS,0
PHASEB_formal_r1_C0_DEFAULT_N2048_q16_rep5,2,4,2,sm_89,R1_EVENT_OVERLAP,NCCL,C0_DEFAULT,2048,2048,2048,16,11,1048576,40,0,1761.472,3431.552,3691.808,260.256,PASS,0
PHASEB_formal_r1_C0_DEFAULT_N2048_q16_rep5,2,4,2,sm_89,R1_EVENT_OVERLAP,NCCL,C0_DEFAULT,2048,2048,2048,16,12,1048576,40,0,1994.688,3695.232,3955.968,260.736,PASS,0
PHASEB_formal_r1_C0_DEFAULT_N2048_q16_rep5,2,4,2,sm_89,R1_EVENT_OVERLAP,NCCL,C0_DEFAULT,2048,2048,2048,16,13,1048576,40,0,2073.056,3959.392,4219.712,260.320,PASS,0
PHASEB_formal_r1_C0_DEFAULT_N2048_q16_rep5,2,4,2,sm_89,R1_EVENT_OVERLAP,NCCL,C0_DEFAULT,2048,2048,2048,16,14,1048576,40,0,2313.120,4223.136,4485.216,262.080,PASS,0
PHASEB_formal_r1_C0_DEFAULT_N2048_q16_rep5,2,4,2,sm_89,R1_EVENT_OVERLAP,NCCL,C0_DEFAULT,2048,2048,2048,16,15,1048576,40,0,2646.400,4488.640,4748.384,259.744,PASS,0
PHASEB_formal_r1_C0_DEFAULT_N2048_q16_rep5,2,4,2,sm_89,R1_EVENT_OVERLAP,NCCL,C0_DEFAULT,2048,2048,2048,16,0,1048576,41,0,122.144,129.184,444.864,315.680,PASS,0
PHASEB_formal_r1_C0_DEFAULT_N2048_q16_rep5,2,4,2,sm_89,R1_EVENT_OVERLAP,NCCL,C0_DEFAULT,2048,2048,2048,16,1,1048576,41,0,196.448,450.272,774.336,324.064,PASS,0
PHASEB_formal_r1_C0_DEFAULT_N2048_q16_rep5,2,4,2,sm_89,R1_EVENT_OVERLAP,NCCL,C0_DEFAULT,2048,2048,2048,16,2,1048576,41,0,420.320,778.176,1093.152,314.976,PASS,0
PHASEB_formal_r1_C0_DEFAULT_N2048_q16_rep5,2,4,2,sm_89,R1_EVENT_OVERLAP,NCCL,C0_DEFAULT,2048,2048,2048,16,3,1048576,41,0,516.448,1097.888,1411.168,313.280,PASS,0
PHASEB_formal_r1_C0_DEFAULT_N2048_q16_rep5,2,4,2,sm_89,R1_EVENT_OVERLAP,NCCL,C0_DEFAULT,2048,2048,2048,16,4,1048576,41,0,743.424,1414.592,1718.784,304.192,PASS,0
PHASEB_formal_r1_C0_DEFAULT_N2048_q16_rep5,2,4,2,sm_89,R1_EVENT_OVERLAP,NCCL,C0_DEFAULT,2048,2048,2048,16,5,1048576,41,0,819.840,1723.232,2038.432,315.200,PASS,0
PHASEB_formal_r1_C0_DEFAULT_N2048_q16_rep5,2,4,2,sm_89,R1_EVENT_OVERLAP,NCCL,C0_DEFAULT,2048,2048,2048,16,6,1048576,41,0,1047.904,2041.920,2319.328,277.408,PASS,0
PHASEB_formal_r1_C0_DEFAULT_N2048_q16_rep5,2,4,2,sm_89,R1_EVENT_OVERLAP,NCCL,C0_DEFAULT,2048,2048,2048,16,7,1048576,41,0,1142.496,2322.688,2631.328,308.640,PASS,0
PHASEB_formal_r1_C0_DEFAULT_N2048_q16_rep5,2,4,2,sm_89,R1_EVENT_OVERLAP,NCCL,C0_DEFAULT,2048,2048,2048,16,8,1048576,41,0,1368.864,2634.752,2945.632,310.880,PASS,0
PHASEB_formal_r1_C0_DEFAULT_N2048_q16_rep5,2,4,2,sm_89,R1_EVENT_OVERLAP,NCCL,C0_DEFAULT,2048,2048,2048,16,9,1048576,41,0,1687.712,2948.928,3220.736,271.808,PASS,0
PHASEB_formal_r1_C0_DEFAULT_N2048_q16_rep5,2,4,2,sm_89,R1_EVENT_OVERLAP,NCCL,C0_DEFAULT,2048,2048,2048,16,10,1048576,41,0,1964.704,3224.032,3520.096,296.064,PASS,0
PHASEB_formal_r1_C0_DEFAULT_N2048_q16_rep5,2,4,2,sm_89,R1_EVENT_OVERLAP,NCCL,C0_DEFAULT,2048,2048,2048,16,11,1048576,41,0,2048.928,3523.520,3784.192,260.672,PASS,0
PHASEB_formal_r1_C0_DEFAULT_N2048_q16_rep5,2,4,2,sm_89,R1_EVENT_OVERLAP,NCCL,C0_DEFAULT,2048,2048,2048,16,12,1048576,41,0,2354.432,3787.616,4047.648,260.032,PASS,0
PHASEB_formal_r1_C0_DEFAULT_N2048_q16_rep5,2,4,2,sm_89,R1_EVENT_OVERLAP,NCCL,C0_DEFAULT,2048,2048,2048,16,13,1048576,41,0,2648.640,4051.040,4311.392,260.352,PASS,0
PHASEB_formal_r1_C0_DEFAULT_N2048_q16_rep5,2,4,2,sm_89,R1_EVENT_OVERLAP,NCCL,C0_DEFAULT,2048,2048,2048,16,14,1048576,41,0,2955.264,4314.816,4574.752,259.936,PASS,0
PHASEB_formal_r1_C0_DEFAULT_N2048_q16_rep5,2,4,2,sm_89,R1_EVENT_OVERLAP,NCCL,C0_DEFAULT,2048,2048,2048,16,15,1048576,41,0,3264.064,4578.272,4838.368,260.096,PASS,0
PHASEB_formal_r1_C0_DEFAULT_N2048_q16_rep5,2,4,2,sm_89,R1_EVENT_OVERLAP,NCCL,C0_DEFAULT,2048,2048,2048,16,0,1048576,42,0,124.416,131.360,443.040,311.680,PASS,0
PHASEB_formal_r1_C0_DEFAULT_N2048_q16_rep5,2,4,2,sm_89,R1_EVENT_OVERLAP,NCCL,C0_DEFAULT,2048,2048,2048,16,1,1048576,42,0,199.680,446.464,763.968,317.504,PASS,0
PHASEB_formal_r1_C0_DEFAULT_N2048_q16_rep5,2,4,2,sm_89,R1_EVENT_OVERLAP,NCCL,C0_DEFAULT,2048,2048,2048,16,2,1048576,42,0,434.848,767.264,1074.048,306.784,PASS,0
PHASEB_formal_r1_C0_DEFAULT_N2048_q16_rep5,2,4,2,sm_89,R1_EVENT_OVERLAP,NCCL,C0_DEFAULT,2048,2048,2048,16,3,1048576,42,0,515.264,1077.600,1383.072,305.472,PASS,0
PHASEB_formal_r1_C0_DEFAULT_N2048_q16_rep5,2,4,2,sm_89,R1_EVENT_OVERLAP,NCCL,C0_DEFAULT,2048,2048,2048,16,4,1048576,42,0,738.592,1386.816,1693.952,307.136,PASS,0
PHASEB_formal_r1_C0_DEFAULT_N2048_q16_rep5,2,4,2,sm_89,R1_EVENT_OVERLAP,NCCL,C0_DEFAULT,2048,2048,2048,16,5,1048576,42,0,835.616,1697.376,2007.488,310.112,PASS,0
PHASEB_formal_r1_C0_DEFAULT_N2048_q16_rep5,2,4,2,sm_89,R1_EVENT_OVERLAP,NCCL,C0_DEFAULT,2048,2048,2048,16,6,1048576,42,0,1062.656,2010.848,2288.704,277.856,PASS,0
PHASEB_formal_r1_C0_DEFAULT_N2048_q16_rep5,2,4,2,sm_89,R1_EVENT_OVERLAP,NCCL,C0_DEFAULT,2048,2048,2048,16,7,1048576,42,0,1151.552,2292.064,2609.440,317.376,PASS,0
PHASEB_formal_r1_C0_DEFAULT_N2048_q16_rep5,2,4,2,sm_89,R1_EVENT_OVERLAP,NCCL,C0_DEFAULT,2048,2048,2048,16,8,1048576,42,0,1372.416,2612.736,2920.416,307.680,PASS,0
PHASEB_formal_r1_C0_DEFAULT_N2048_q16_rep5,2,4,2,sm_89,R1_EVENT_OVERLAP,NCCL,C0_DEFAULT,2048,2048,2048,16,9,1048576,42,0,1457.600,2924.000,3184.288,260.288,PASS,0
PHASEB_formal_r1_C0_DEFAULT_N2048_q16_rep5,2,4,2,sm_89,R1_EVENT_OVERLAP,NCCL,C0_DEFAULT,2048,2048,2048,16,10,1048576,42,0,1681.664,3187.904,3448.800,260.896,PASS,0
PHASEB_formal_r1_C0_DEFAULT_N2048_q16_rep5,2,4,2,sm_89,R1_EVENT_OVERLAP,NCCL,C0_DEFAULT,2048,2048,2048,16,11,1048576,42,0,1778.528,3452.288,3711.776,259.488,PASS,0
PHASEB_formal_r1_C0_DEFAULT_N2048_q16_rep5,2,4,2,sm_89,R1_EVENT_OVERLAP,NCCL,C0_DEFAULT,2048,2048,2048,16,12,1048576,42,0,2017.152,3715.168,3975.808,260.640,PASS,0
PHASEB_formal_r1_C0_DEFAULT_N2048_q16_rep5,2,4,2,sm_89,R1_EVENT_OVERLAP,NCCL,C0_DEFAULT,2048,2048,2048,16,13,1048576,42,0,2326.912,3979.392,4239.200,259.808,PASS,0
PHASEB_formal_r1_C0_DEFAULT_N2048_q16_rep5,2,4,2,sm_89,R1_EVENT_OVERLAP,NCCL,C0_DEFAULT,2048,2048,2048,16,14,1048576,42,0,2642.880,4242.624,4503.520,260.896,PASS,0
PHASEB_formal_r1_C0_DEFAULT_N2048_q16_rep5,2,4,2,sm_89,R1_EVENT_OVERLAP,NCCL,C0_DEFAULT,2048,2048,2048,16,15,1048576,42,0,2930.432,4506.944,4765.696,258.752,PASS,0
PHASEB_formal_r1_C0_DEFAULT_N2048_q16_rep5,2,4,2,sm_89,R1_EVENT_OVERLAP,NCCL,C0_DEFAULT,2048,2048,2048,16,0,1048576,43,0,144.128,150.720,455.328,304.608,PASS,0
PHASEB_formal_r1_C0_DEFAULT_N2048_q16_rep5,2,4,2,sm_89,R1_EVENT_OVERLAP,NCCL,C0_DEFAULT,2048,2048,2048,16,1,1048576,43,0,223.200,459.008,771.424,312.416,PASS,0
PHASEB_formal_r1_C0_DEFAULT_N2048_q16_rep5,2,4,2,sm_89,R1_EVENT_OVERLAP,NCCL,C0_DEFAULT,2048,2048,2048,16,2,1048576,43,0,445.632,774.848,1053.792,278.944,PASS,0
PHASEB_formal_r1_C0_DEFAULT_N2048_q16_rep5,2,4,2,sm_89,R1_EVENT_OVERLAP,NCCL,C0_DEFAULT,2048,2048,2048,16,3,1048576,43,0,538.912,1057.184,1369.376,312.192,PASS,0
PHASEB_formal_r1_C0_DEFAULT_N2048_q16_rep5,2,4,2,sm_89,R1_EVENT_OVERLAP,NCCL,C0_DEFAULT,2048,2048,2048,16,4,1048576,43,0,781.440,1372.672,1648.608,275.936,PASS,0
PHASEB_formal_r1_C0_DEFAULT_N2048_q16_rep5,2,4,2,sm_89,R1_EVENT_OVERLAP,NCCL,C0_DEFAULT,2048,2048,2048,16,5,1048576,43,0,1092.064,1651.872,1962.304,310.432,PASS,0
PHASEB_formal_r1_C0_DEFAULT_N2048_q16_rep5,2,4,2,sm_89,R1_EVENT_OVERLAP,NCCL,C0_DEFAULT,2048,2048,2048,16,6,1048576,43,0,1378.944,1965.856,2243.680,277.824,PASS,0
PHASEB_formal_r1_C0_DEFAULT_N2048_q16_rep5,2,4,2,sm_89,R1_EVENT_OVERLAP,NCCL,C0_DEFAULT,2048,2048,2048,16,7,1048576,43,0,1690.496,2247.360,2559.168,311.808,PASS,0
PHASEB_formal_r1_C0_DEFAULT_N2048_q16_rep5,2,4,2,sm_89,R1_EVENT_OVERLAP,NCCL,C0_DEFAULT,2048,2048,2048,16,8,1048576,43,0,1972.512,2562.624,2835.072,272.448,PASS,0
PHASEB_formal_r1_C0_DEFAULT_N2048_q16_rep5,2,4,2,sm_89,R1_EVENT_OVERLAP,NCCL,C0_DEFAULT,2048,2048,2048,16,9,1048576,43,0,2280.128,2838.496,3148.288,309.792,PASS,0
PHASEB_formal_r1_C0_DEFAULT_N2048_q16_rep5,2,4,2,sm_89,R1_EVENT_OVERLAP,NCCL,C0_DEFAULT,2048,2048,2048,16,10,1048576,43,0,2568.960,3151.968,3425.440,273.472,PASS,0
PHASEB_formal_r1_C0_DEFAULT_N2048_q16_rep5,2,4,2,sm_89,R1_EVENT_OVERLAP,NCCL,C0_DEFAULT,2048,2048,2048,16,11,1048576,43,0,2885.088,3428.928,3735.200,306.272,PASS,0
PHASEB_formal_r1_C0_DEFAULT_N2048_q16_rep5,2,4,2,sm_89,R1_EVENT_OVERLAP,NCCL,C0_DEFAULT,2048,2048,2048,16,12,1048576,43,0,3163.232,3738.656,4015.104,276.448,PASS,0
PHASEB_formal_r1_C0_DEFAULT_N2048_q16_rep5,2,4,2,sm_89,R1_EVENT_OVERLAP,NCCL,C0_DEFAULT,2048,2048,2048,16,13,1048576,43,0,3477.184,4018.464,4317.504,299.040,PASS,0
PHASEB_formal_r1_C0_DEFAULT_N2048_q16_rep5,2,4,2,sm_89,R1_EVENT_OVERLAP,NCCL,C0_DEFAULT,2048,2048,2048,16,14,1048576,43,0,3754.304,4321.088,4580.800,259.712,PASS,0
PHASEB_formal_r1_C0_DEFAULT_N2048_q16_rep5,2,4,2,sm_89,R1_EVENT_OVERLAP,NCCL,C0_DEFAULT,2048,2048,2048,16,15,1048576,43,0,4068.736,4584.224,4844.064,259.840,PASS,0
PHASEB_formal_r1_C0_DEFAULT_N2048_q16_rep5,2,4,2,sm_89,R1_EVENT_OVERLAP,NCCL,C0_DEFAULT,2048,2048,2048,16,0,1048576,44,0,117.728,124.320,429.472,305.152,PASS,0
PHASEB_formal_r1_C0_DEFAULT_N2048_q16_rep5,2,4,2,sm_89,R1_EVENT_OVERLAP,NCCL,C0_DEFAULT,2048,2048,2048,16,1,1048576,44,0,191.520,433.568,751.328,317.760,PASS,0
PHASEB_formal_r1_C0_DEFAULT_N2048_q16_rep5,2,4,2,sm_89,R1_EVENT_OVERLAP,NCCL,C0_DEFAULT,2048,2048,2048,16,2,1048576,44,0,420.032,755.488,1067.456,311.968,PASS,0
PHASEB_formal_r1_C0_DEFAULT_N2048_q16_rep5,2,4,2,sm_89,R1_EVENT_OVERLAP,NCCL,C0_DEFAULT,2048,2048,2048,16,3,1048576,44,0,497.920,1071.584,1396.224,324.640,PASS,0
PHASEB_formal_r1_C0_DEFAULT_N2048_q16_rep5,2,4,2,sm_89,R1_EVENT_OVERLAP,NCCL,C0_DEFAULT,2048,2048,2048,16,4,1048576,44,0,725.696,1400.544,1716.320,315.776,PASS,0
PHASEB_formal_r1_C0_DEFAULT_N2048_q16_rep5,2,4,2,sm_89,R1_EVENT_OVERLAP,NCCL,C0_DEFAULT,2048,2048,2048,16,5,1048576,44,0,816.416,1719.648,2030.464,310.816,PASS,0
PHASEB_formal_r1_C0_DEFAULT_N2048_q16_rep5,2,4,2,sm_89,R1_EVENT_OVERLAP,NCCL,C0_DEFAULT,2048,2048,2048,16,6,1048576,44,0,1043.168,2033.856,2346.624,312.768,PASS,0
PHASEB_formal_r1_C0_DEFAULT_N2048_q16_rep5,2,4,2,sm_89,R1_EVENT_OVERLAP,NCCL,C0_DEFAULT,2048,2048,2048,16,7,1048576,44,0,1130.272,2350.016,2659.968,309.952,PASS,0
PHASEB_formal_r1_C0_DEFAULT_N2048_q16_rep5,2,4,2,sm_89,R1_EVENT_OVERLAP,NCCL,C0_DEFAULT,2048,2048,2048,16,8,1048576,44,0,1364.736,2663.360,2972.192,308.832,PASS,0
PHASEB_formal_r1_C0_DEFAULT_N2048_q16_rep5,2,4,2,sm_89,R1_EVENT_OVERLAP,NCCL,C0_DEFAULT,2048,2048,2048,16,9,1048576,44,0,1444.320,2975.520,3275.488,299.968,PASS,0
PHASEB_formal_r1_C0_DEFAULT_N2048_q16_rep5,2,4,2,sm_89,R1_EVENT_OVERLAP,NCCL,C0_DEFAULT,2048,2048,2048,16,10,1048576,44,0,1690.752,3278.912,3539.552,260.640,PASS,0
PHASEB_formal_r1_C0_DEFAULT_N2048_q16_rep5,2,4,2,sm_89,R1_EVENT_OVERLAP,NCCL,C0_DEFAULT,2048,2048,2048,16,11,1048576,44,0,2023.008,3542.944,3802.688,259.744,PASS,0
PHASEB_formal_r1_C0_DEFAULT_N2048_q16_rep5,2,4,2,sm_89,R1_EVENT_OVERLAP,NCCL,C0_DEFAULT,2048,2048,2048,16,12,1048576,44,0,2304.320,3806.080,4067.008,260.928,PASS,0
PHASEB_formal_r1_C0_DEFAULT_N2048_q16_rep5,2,4,2,sm_89,R1_EVENT_OVERLAP,NCCL,C0_DEFAULT,2048,2048,2048,16,13,1048576,44,0,2617.632,4070.784,4330.656,259.872,PASS,0
PHASEB_formal_r1_C0_DEFAULT_N2048_q16_rep5,2,4,2,sm_89,R1_EVENT_OVERLAP,NCCL,C0_DEFAULT,2048,2048,2048,16,14,1048576,44,0,2898.400,4334.080,4594.816,260.736,PASS,0
PHASEB_formal_r1_C0_DEFAULT_N2048_q16_rep5,2,4,2,sm_89,R1_EVENT_OVERLAP,NCCL,C0_DEFAULT,2048,2048,2048,16,15,1048576,44,0,3211.456,4598.240,4857.024,258.784,PASS,0
PHASEB_formal_r1_C0_DEFAULT_N2048_q16_rep5,2,4,2,sm_89,R1_EVENT_OVERLAP,NCCL,C0_DEFAULT,2048,2048,2048,16,0,1048576,45,0,131.552,138.016,452.832,314.816,PASS,0
PHASEB_formal_r1_C0_DEFAULT_N2048_q16_rep5,2,4,2,sm_89,R1_EVENT_OVERLAP,NCCL,C0_DEFAULT,2048,2048,2048,16,1,1048576,45,0,205.152,456.128,774.048,317.920,PASS,0
PHASEB_formal_r1_C0_DEFAULT_N2048_q16_rep5,2,4,2,sm_89,R1_EVENT_OVERLAP,NCCL,C0_DEFAULT,2048,2048,2048,16,2,1048576,45,0,428.640,777.600,1090.048,312.448,PASS,0
PHASEB_formal_r1_C0_DEFAULT_N2048_q16_rep5,2,4,2,sm_89,R1_EVENT_OVERLAP,NCCL,C0_DEFAULT,2048,2048,2048,16,3,1048576,45,0,518.400,1093.376,1399.296,305.920,PASS,0
PHASEB_formal_r1_C0_DEFAULT_N2048_q16_rep5,2,4,2,sm_89,R1_EVENT_OVERLAP,NCCL,C0_DEFAULT,2048,2048,2048,16,4,1048576,45,0,744.768,1415.104,1722.304,307.200,PASS,0
PHASEB_formal_r1_C0_DEFAULT_N2048_q16_rep5,2,4,2,sm_89,R1_EVENT_OVERLAP,NCCL,C0_DEFAULT,2048,2048,2048,16,5,1048576,45,0,825.088,1726.112,2035.072,308.960,PASS,0
PHASEB_formal_r1_C0_DEFAULT_N2048_q16_rep5,2,4,2,sm_89,R1_EVENT_OVERLAP,NCCL,C0_DEFAULT,2048,2048,2048,16,6,1048576,45,0,1047.552,2038.688,2348.704,310.016,PASS,0
PHASEB_formal_r1_C0_DEFAULT_N2048_q16_rep5,2,4,2,sm_89,R1_EVENT_OVERLAP,NCCL,C0_DEFAULT,2048,2048,2048,16,7,1048576,45,0,1131.936,2360.384,2668.352,307.968,PASS,0
PHASEB_formal_r1_C0_DEFAULT_N2048_q16_rep5,2,4,2,sm_89,R1_EVENT_OVERLAP,NCCL,C0_DEFAULT,2048,2048,2048,16,8,1048576,45,0,1370.304,2672.064,2932.608,260.544,PASS,0
PHASEB_formal_r1_C0_DEFAULT_N2048_q16_rep5,2,4,2,sm_89,R1_EVENT_OVERLAP,NCCL,C0_DEFAULT,2048,2048,2048,16,9,1048576,45,0,1458.816,2936.160,3197.184,261.024,PASS,0
PHASEB_formal_r1_C0_DEFAULT_N2048_q16_rep5,2,4,2,sm_89,R1_EVENT_OVERLAP,NCCL,C0_DEFAULT,2048,2048,2048,16,10,1048576,45,0,1694.592,3200.608,3461.152,260.544,PASS,0
PHASEB_formal_r1_C0_DEFAULT_N2048_q16_rep5,2,4,2,sm_89,R1_EVENT_OVERLAP,NCCL,C0_DEFAULT,2048,2048,2048,16,11,1048576,45,0,1777.088,3464.608,3725.088,260.480,PASS,0
PHASEB_formal_r1_C0_DEFAULT_N2048_q16_rep5,2,4,2,sm_89,R1_EVENT_OVERLAP,NCCL,C0_DEFAULT,2048,2048,2048,16,12,1048576,45,0,2002.624,3728.512,3988.192,259.680,PASS,0
PHASEB_formal_r1_C0_DEFAULT_N2048_q16_rep5,2,4,2,sm_89,R1_EVENT_OVERLAP,NCCL,C0_DEFAULT,2048,2048,2048,16,13,1048576,45,0,2087.552,3991.776,4253.664,261.888,PASS,0
PHASEB_formal_r1_C0_DEFAULT_N2048_q16_rep5,2,4,2,sm_89,R1_EVENT_OVERLAP,NCCL,C0_DEFAULT,2048,2048,2048,16,14,1048576,45,0,2318.912,4257.024,4518.912,261.888,PASS,0
PHASEB_formal_r1_C0_DEFAULT_N2048_q16_rep5,2,4,2,sm_89,R1_EVENT_OVERLAP,NCCL,C0_DEFAULT,2048,2048,2048,16,15,1048576,45,0,2413.376,4522.304,4781.664,259.360,PASS,0
PHASEB_formal_r1_C0_DEFAULT_N2048_q16_rep5,2,4,2,sm_89,R1_EVENT_OVERLAP,NCCL,C0_DEFAULT,2048,2048,2048,16,0,1048576,46,0,124.576,131.232,443.968,312.736,PASS,0
PHASEB_formal_r1_C0_DEFAULT_N2048_q16_rep5,2,4,2,sm_89,R1_EVENT_OVERLAP,NCCL,C0_DEFAULT,2048,2048,2048,16,1,1048576,46,0,197.344,448.032,755.968,307.936,PASS,0
PHASEB_formal_r1_C0_DEFAULT_N2048_q16_rep5,2,4,2,sm_89,R1_EVENT_OVERLAP,NCCL,C0_DEFAULT,2048,2048,2048,16,2,1048576,46,0,420.704,759.584,1071.808,312.224,PASS,0
PHASEB_formal_r1_C0_DEFAULT_N2048_q16_rep5,2,4,2,sm_89,R1_EVENT_OVERLAP,NCCL,C0_DEFAULT,2048,2048,2048,16,3,1048576,46,0,497.280,1075.424,1387.776,312.352,PASS,0
PHASEB_formal_r1_C0_DEFAULT_N2048_q16_rep5,2,4,2,sm_89,R1_EVENT_OVERLAP,NCCL,C0_DEFAULT,2048,2048,2048,16,4,1048576,46,0,723.936,1391.264,1696.640,305.376,PASS,0
PHASEB_formal_r1_C0_DEFAULT_N2048_q16_rep5,2,4,2,sm_89,R1_EVENT_OVERLAP,NCCL,C0_DEFAULT,2048,2048,2048,16,5,1048576,46,0,816.224,1700.032,2018.496,318.464,PASS,0
PHASEB_formal_r1_C0_DEFAULT_N2048_q16_rep5,2,4,2,sm_89,R1_EVENT_OVERLAP,NCCL,C0_DEFAULT,2048,2048,2048,16,6,1048576,46,0,1064.704,2021.824,2335.520,313.696,PASS,0
PHASEB_formal_r1_C0_DEFAULT_N2048_q16_rep5,2,4,2,sm_89,R1_EVENT_OVERLAP,NCCL,C0_DEFAULT,2048,2048,2048,16,7,1048576,46,0,1145.600,2339.104,2635.904,296.800,PASS,0
PHASEB_formal_r1_C0_DEFAULT_N2048_q16_rep5,2,4,2,sm_89,R1_EVENT_OVERLAP,NCCL,C0_DEFAULT,2048,2048,2048,16,8,1048576,46,0,1380.352,2639.328,2900.736,261.408,PASS,0
PHASEB_formal_r1_C0_DEFAULT_N2048_q16_rep5,2,4,2,sm_89,R1_EVENT_OVERLAP,NCCL,C0_DEFAULT,2048,2048,2048,16,9,1048576,46,0,1462.528,2904.160,3164.352,260.192,PASS,0
PHASEB_formal_r1_C0_DEFAULT_N2048_q16_rep5,2,4,2,sm_89,R1_EVENT_OVERLAP,NCCL,C0_DEFAULT,2048,2048,2048,16,10,1048576,46,0,1687.136,3167.872,3428.448,260.576,PASS,0
PHASEB_formal_r1_C0_DEFAULT_N2048_q16_rep5,2,4,2,sm_89,R1_EVENT_OVERLAP,NCCL,C0_DEFAULT,2048,2048,2048,16,11,1048576,46,0,1763.456,3432.032,3691.872,259.840,PASS,0
PHASEB_formal_r1_C0_DEFAULT_N2048_q16_rep5,2,4,2,sm_89,R1_EVENT_OVERLAP,NCCL,C0_DEFAULT,2048,2048,2048,16,12,1048576,46,0,1991.840,3695.296,3956.288,260.992,PASS,0
PHASEB_formal_r1_C0_DEFAULT_N2048_q16_rep5,2,4,2,sm_89,R1_EVENT_OVERLAP,NCCL,C0_DEFAULT,2048,2048,2048,16,13,1048576,46,0,2084.064,3959.680,4219.360,259.680,PASS,0
PHASEB_formal_r1_C0_DEFAULT_N2048_q16_rep5,2,4,2,sm_89,R1_EVENT_OVERLAP,NCCL,C0_DEFAULT,2048,2048,2048,16,14,1048576,46,0,2324.832,4222.784,4483.808,261.024,PASS,0
PHASEB_formal_r1_C0_DEFAULT_N2048_q16_rep5,2,4,2,sm_89,R1_EVENT_OVERLAP,NCCL,C0_DEFAULT,2048,2048,2048,16,15,1048576,46,0,2402.880,4487.616,4746.752,259.136,PASS,0
PHASEB_formal_r1_C0_DEFAULT_N2048_q16_rep5,2,4,2,sm_89,R1_EVENT_OVERLAP,NCCL,C0_DEFAULT,2048,2048,2048,16,0,1048576,47,0,126.112,133.248,438.528,305.280,PASS,0
PHASEB_formal_r1_C0_DEFAULT_N2048_q16_rep5,2,4,2,sm_89,R1_EVENT_OVERLAP,NCCL,C0_DEFAULT,2048,2048,2048,16,1,1048576,47,0,200.544,442.144,751.232,309.088,PASS,0
PHASEB_formal_r1_C0_DEFAULT_N2048_q16_rep5,2,4,2,sm_89,R1_EVENT_OVERLAP,NCCL,C0_DEFAULT,2048,2048,2048,16,2,1048576,47,0,427.840,754.976,1026.336,271.360,PASS,0
PHASEB_formal_r1_C0_DEFAULT_N2048_q16_rep5,2,4,2,sm_89,R1_EVENT_OVERLAP,NCCL,C0_DEFAULT,2048,2048,2048,16,3,1048576,47,0,517.184,1029.920,1339.072,309.152,PASS,0
PHASEB_formal_r1_C0_DEFAULT_N2048_q16_rep5,2,4,2,sm_89,R1_EVENT_OVERLAP,NCCL,C0_DEFAULT,2048,2048,2048,16,4,1048576,47,0,761.696,1342.560,1616.960,274.400,PASS,0
PHASEB_formal_r1_C0_DEFAULT_N2048_q16_rep5,2,4,2,sm_89,R1_EVENT_OVERLAP,NCCL,C0_DEFAULT,2048,2048,2048,16,5,1048576,47,0,1072.320,1620.608,1937.504,316.896,PASS,0
PHASEB_formal_r1_C0_DEFAULT_N2048_q16_rep5,2,4,2,sm_89,R1_EVENT_OVERLAP,NCCL,C0_DEFAULT,2048,2048,2048,16,6,1048576,47,0,1355.488,1941.152,2215.136,273.984,PASS,0
PHASEB_formal_r1_C0_DEFAULT_N2048_q16_rep5,2,4,2,sm_89,R1_EVENT_OVERLAP,NCCL,C0_DEFAULT,2048,2048,2048,16,7,1048576,47,0,1676.608,2218.720,2529.472,310.752,PASS,0
PHASEB_formal_r1_C0_DEFAULT_N2048_q16_rep5,2,4,2,sm_89,R1_EVENT_OVERLAP,NCCL,C0_DEFAULT,2048,2048,2048,16,8,1048576,47,0,1953.824,2532.992,2844.352,311.360,PASS,0
PHASEB_formal_r1_C0_DEFAULT_N2048_q16_rep5,2,4,2,sm_89,R1_EVENT_OVERLAP,NCCL,C0_DEFAULT,2048,2048,2048,16,9,1048576,47,0,2268.576,2848.192,3157.376,309.184,PASS,0
PHASEB_formal_r1_C0_DEFAULT_N2048_q16_rep5,2,4,2,sm_89,R1_EVENT_OVERLAP,NCCL,C0_DEFAULT,2048,2048,2048,16,10,1048576,47,0,2557.632,3160.960,3437.120,276.160,PASS,0
PHASEB_formal_r1_C0_DEFAULT_N2048_q16_rep5,2,4,2,sm_89,R1_EVENT_OVERLAP,NCCL,C0_DEFAULT,2048,2048,2048,16,11,1048576,47,0,2870.880,3440.544,3750.272,309.728,PASS,0
PHASEB_formal_r1_C0_DEFAULT_N2048_q16_rep5,2,4,2,sm_89,R1_EVENT_OVERLAP,NCCL,C0_DEFAULT,2048,2048,2048,16,12,1048576,47,0,3167.200,3753.760,4060.512,306.752,PASS,0
PHASEB_formal_r1_C0_DEFAULT_N2048_q16_rep5,2,4,2,sm_89,R1_EVENT_OVERLAP,NCCL,C0_DEFAULT,2048,2048,2048,16,13,1048576,47,0,3476.576,4063.840,4360.896,297.056,PASS,0
PHASEB_formal_r1_C0_DEFAULT_N2048_q16_rep5,2,4,2,sm_89,R1_EVENT_OVERLAP,NCCL,C0_DEFAULT,2048,2048,2048,16,14,1048576,47,0,3778.656,4364.288,4624.576,260.288,PASS,0
PHASEB_formal_r1_C0_DEFAULT_N2048_q16_rep5,2,4,2,sm_89,R1_EVENT_OVERLAP,NCCL,C0_DEFAULT,2048,2048,2048,16,15,1048576,47,0,4084.064,4628.064,4888.544,260.480,PASS,0
PHASEB_formal_r1_C0_DEFAULT_N2048_q16_rep5,2,4,2,sm_89,R1_EVENT_OVERLAP,NCCL,C0_DEFAULT,2048,2048,2048,16,0,1048576,48,0,131.552,138.240,454.880,316.640,PASS,0
PHASEB_formal_r1_C0_DEFAULT_N2048_q16_rep5,2,4,2,sm_89,R1_EVENT_OVERLAP,NCCL,C0_DEFAULT,2048,2048,2048,16,1,1048576,48,0,205.312,458.400,771.488,313.088,PASS,0
PHASEB_formal_r1_C0_DEFAULT_N2048_q16_rep5,2,4,2,sm_89,R1_EVENT_OVERLAP,NCCL,C0_DEFAULT,2048,2048,2048,16,2,1048576,48,0,430.912,774.912,1083.360,308.448,PASS,0
PHASEB_formal_r1_C0_DEFAULT_N2048_q16_rep5,2,4,2,sm_89,R1_EVENT_OVERLAP,NCCL,C0_DEFAULT,2048,2048,2048,16,3,1048576,48,0,519.104,1086.688,1400.832,314.144,PASS,0
PHASEB_formal_r1_C0_DEFAULT_N2048_q16_rep5,2,4,2,sm_89,R1_EVENT_OVERLAP,NCCL,C0_DEFAULT,2048,2048,2048,16,4,1048576,48,0,746.624,1404.192,1708.096,303.904,PASS,0
PHASEB_formal_r1_C0_DEFAULT_N2048_q16_rep5,2,4,2,sm_89,R1_EVENT_OVERLAP,NCCL,C0_DEFAULT,2048,2048,2048,16,5,1048576,48,0,825.760,1711.520,1992.192,280.672,PASS,0
PHASEB_formal_r1_C0_DEFAULT_N2048_q16_rep5,2,4,2,sm_89,R1_EVENT_OVERLAP,NCCL,C0_DEFAULT,2048,2048,2048,16,6,1048576,48,0,1052.768,1995.616,2310.720,315.104,PASS,0
PHASEB_formal_r1_C0_DEFAULT_N2048_q16_rep5,2,4,2,sm_89,R1_EVENT_OVERLAP,NCCL,C0_DEFAULT,2048,2048,2048,16,7,1048576,48,0,1130.368,2314.112,2621.376,307.264,PASS,0
PHASEB_formal_r1_C0_DEFAULT_N2048_q16_rep5,2,4,2,sm_89,R1_EVENT_OVERLAP,NCCL,C0_DEFAULT,2048,2048,2048,16,8,1048576,48,0,1356.160,2624.704,2908.864,284.160,PASS,0
PHASEB_formal_r1_C0_DEFAULT_N2048_q16_rep5,2,4,2,sm_89,R1_EVENT_OVERLAP,NCCL,C0_DEFAULT,2048,2048,2048,16,9,1048576,48,0,1443.680,2912.224,3219.488,307.264,PASS,0
PHASEB_formal_r1_C0_DEFAULT_N2048_q16_rep5,2,4,2,sm_89,R1_EVENT_OVERLAP,NCCL,C0_DEFAULT,2048,2048,2048,16,10,1048576,48,0,1746.944,3223.040,3484.256,261.216,PASS,0
PHASEB_formal_r1_C0_DEFAULT_N2048_q16_rep5,2,4,2,sm_89,R1_EVENT_OVERLAP,NCCL,C0_DEFAULT,2048,2048,2048,16,11,1048576,48,0,2055.584,3487.680,3747.168,259.488,PASS,0
PHASEB_formal_r1_C0_DEFAULT_N2048_q16_rep5,2,4,2,sm_89,R1_EVENT_OVERLAP,NCCL,C0_DEFAULT,2048,2048,2048,16,12,1048576,48,0,2334.112,3750.592,4011.360,260.768,PASS,0
PHASEB_formal_r1_C0_DEFAULT_N2048_q16_rep5,2,4,2,sm_89,R1_EVENT_OVERLAP,NCCL,C0_DEFAULT,2048,2048,2048,16,13,1048576,48,0,2631.072,4014.784,4274.304,259.520,PASS,0
PHASEB_formal_r1_C0_DEFAULT_N2048_q16_rep5,2,4,2,sm_89,R1_EVENT_OVERLAP,NCCL,C0_DEFAULT,2048,2048,2048,16,14,1048576,48,0,2938.560,4277.728,4538.624,260.896,PASS,0
PHASEB_formal_r1_C0_DEFAULT_N2048_q16_rep5,2,4,2,sm_89,R1_EVENT_OVERLAP,NCCL,C0_DEFAULT,2048,2048,2048,16,15,1048576,48,0,3229.888,4542.048,4800.960,258.912,PASS,0
PHASEB_formal_r1_C0_DEFAULT_N2048_q16_rep5,2,4,2,sm_89,R1_EVENT_OVERLAP,NCCL,C0_DEFAULT,2048,2048,2048,16,0,1048576,49,0,126.432,132.832,436.096,303.264,PASS,0
PHASEB_formal_r1_C0_DEFAULT_N2048_q16_rep5,2,4,2,sm_89,R1_EVENT_OVERLAP,NCCL,C0_DEFAULT,2048,2048,2048,16,1,1048576,49,0,199.968,439.968,744.384,304.416,PASS,0
PHASEB_formal_r1_C0_DEFAULT_N2048_q16_rep5,2,4,2,sm_89,R1_EVENT_OVERLAP,NCCL,C0_DEFAULT,2048,2048,2048,16,2,1048576,49,0,426.144,747.744,1063.392,315.648,PASS,0
PHASEB_formal_r1_C0_DEFAULT_N2048_q16_rep5,2,4,2,sm_89,R1_EVENT_OVERLAP,NCCL,C0_DEFAULT,2048,2048,2048,16,3,1048576,49,0,509.664,1066.752,1383.104,316.352,PASS,0
PHASEB_formal_r1_C0_DEFAULT_N2048_q16_rep5,2,4,2,sm_89,R1_EVENT_OVERLAP,NCCL,C0_DEFAULT,2048,2048,2048,16,4,1048576,49,0,737.280,1386.432,1700.448,314.016,PASS,0
PHASEB_formal_r1_C0_DEFAULT_N2048_q16_rep5,2,4,2,sm_89,R1_EVENT_OVERLAP,NCCL,C0_DEFAULT,2048,2048,2048,16,5,1048576,49,0,830.848,1703.904,2035.776,331.872,PASS,0
PHASEB_formal_r1_C0_DEFAULT_N2048_q16_rep5,2,4,2,sm_89,R1_EVENT_OVERLAP,NCCL,C0_DEFAULT,2048,2048,2048,16,6,1048576,49,0,1055.712,2039.712,2352.448,312.736,PASS,0
PHASEB_formal_r1_C0_DEFAULT_N2048_q16_rep5,2,4,2,sm_89,R1_EVENT_OVERLAP,NCCL,C0_DEFAULT,2048,2048,2048,16,7,1048576,49,0,1129.248,2357.952,2658.240,300.288,PASS,0
PHASEB_formal_r1_C0_DEFAULT_N2048_q16_rep5,2,4,2,sm_89,R1_EVENT_OVERLAP,NCCL,C0_DEFAULT,2048,2048,2048,16,8,1048576,49,0,1357.600,2661.664,2921.408,259.744,PASS,0
PHASEB_formal_r1_C0_DEFAULT_N2048_q16_rep5,2,4,2,sm_89,R1_EVENT_OVERLAP,NCCL,C0_DEFAULT,2048,2048,2048,16,9,1048576,49,0,1438.080,2924.992,3185.888,260.896,PASS,0
PHASEB_formal_r1_C0_DEFAULT_N2048_q16_rep5,2,4,2,sm_89,R1_EVENT_OVERLAP,NCCL,C0_DEFAULT,2048,2048,2048,16,10,1048576,49,0,1676.064,3189.312,3449.056,259.744,PASS,0
PHASEB_formal_r1_C0_DEFAULT_N2048_q16_rep5,2,4,2,sm_89,R1_EVENT_OVERLAP,NCCL,C0_DEFAULT,2048,2048,2048,16,11,1048576,49,0,1765.376,3452.480,3713.408,260.928,PASS,0
PHASEB_formal_r1_C0_DEFAULT_N2048_q16_rep5,2,4,2,sm_89,R1_EVENT_OVERLAP,NCCL,C0_DEFAULT,2048,2048,2048,16,12,1048576,49,0,1992.832,3716.832,3977.344,260.512,PASS,0
PHASEB_formal_r1_C0_DEFAULT_N2048_q16_rep5,2,4,2,sm_89,R1_EVENT_OVERLAP,NCCL,C0_DEFAULT,2048,2048,2048,16,13,1048576,49,0,2081.408,3980.768,4241.696,260.928,PASS,0
PHASEB_formal_r1_C0_DEFAULT_N2048_q16_rep5,2,4,2,sm_89,R1_EVENT_OVERLAP,NCCL,C0_DEFAULT,2048,2048,2048,16,14,1048576,49,0,2310.080,4245.120,4504.928,259.808,PASS,0
PHASEB_formal_r1_C0_DEFAULT_N2048_q16_rep5,2,4,2,sm_89,R1_EVENT_OVERLAP,NCCL,C0_DEFAULT,2048,2048,2048,16,15,1048576,49,0,2387.936,4508.352,4767.968,259.616,PASS,0
PHASEB_formal_r1_C0_DEFAULT_N2048_q16_rep5,2,4,2,sm_89,R1_EVENT_OVERLAP,NCCL,C0_DEFAULT,2048,2048,2048,16,0,1048576,50,0,123.328,129.920,436.800,306.880,PASS,0
PHASEB_formal_r1_C0_DEFAULT_N2048_q16_rep5,2,4,2,sm_89,R1_EVENT_OVERLAP,NCCL,C0_DEFAULT,2048,2048,2048,16,1,1048576,50,0,197.632,440.160,756.032,315.872,PASS,0
PHASEB_formal_r1_C0_DEFAULT_N2048_q16_rep5,2,4,2,sm_89,R1_EVENT_OVERLAP,NCCL,C0_DEFAULT,2048,2048,2048,16,2,1048576,50,0,426.784,761.664,1073.920,312.256,PASS,0
PHASEB_formal_r1_C0_DEFAULT_N2048_q16_rep5,2,4,2,sm_89,R1_EVENT_OVERLAP,NCCL,C0_DEFAULT,2048,2048,2048,16,3,1048576,50,0,501.408,1077.312,1385.888,308.576,PASS,0
PHASEB_formal_r1_C0_DEFAULT_N2048_q16_rep5,2,4,2,sm_89,R1_EVENT_OVERLAP,NCCL,C0_DEFAULT,2048,2048,2048,16,4,1048576,50,0,729.216,1389.344,1699.840,310.496,PASS,0
PHASEB_formal_r1_C0_DEFAULT_N2048_q16_rep5,2,4,2,sm_89,R1_EVENT_OVERLAP,NCCL,C0_DEFAULT,2048,2048,2048,16,5,1048576,50,0,824.000,1703.200,1992.224,289.024,PASS,0
PHASEB_formal_r1_C0_DEFAULT_N2048_q16_rep5,2,4,2,sm_89,R1_EVENT_OVERLAP,NCCL,C0_DEFAULT,2048,2048,2048,16,6,1048576,50,0,1048.352,1995.776,2308.224,312.448,PASS,0
PHASEB_formal_r1_C0_DEFAULT_N2048_q16_rep5,2,4,2,sm_89,R1_EVENT_OVERLAP,NCCL,C0_DEFAULT,2048,2048,2048,16,7,1048576,50,0,1128.000,2311.776,2597.568,285.792,PASS,0
PHASEB_formal_r1_C0_DEFAULT_N2048_q16_rep5,2,4,2,sm_89,R1_EVENT_OVERLAP,NCCL,C0_DEFAULT,2048,2048,2048,16,8,1048576,50,0,1376.864,2601.312,2912.704,311.392,PASS,0
PHASEB_formal_r1_C0_DEFAULT_N2048_q16_rep5,2,4,2,sm_89,R1_EVENT_OVERLAP,NCCL,C0_DEFAULT,2048,2048,2048,16,9,1048576,50,0,1710.912,2916.064,3190.336,274.272,PASS,0
PHASEB_formal_r1_C0_DEFAULT_N2048_q16_rep5,2,4,2,sm_89,R1_EVENT_OVERLAP,NCCL,C0_DEFAULT,2048,2048,2048,16,10,1048576,50,0,2030.496,3193.920,3505.728,311.808,PASS,0
PHASEB_formal_r1_C0_DEFAULT_N2048_q16_rep5,2,4,2,sm_89,R1_EVENT_OVERLAP,NCCL,C0_DEFAULT,2048,2048,2048,16,11,1048576,50,0,2318.144,3509.120,3769.536,260.416,PASS,0
PHASEB_formal_r1_C0_DEFAULT_N2048_q16_rep5,2,4,2,sm_89,R1_EVENT_OVERLAP,NCCL,C0_DEFAULT,2048,2048,2048,16,12,1048576,50,0,2634.624,3772.960,4033.664,260.704,PASS,0
PHASEB_formal_r1_C0_DEFAULT_N2048_q16_rep5,2,4,2,sm_89,R1_EVENT_OVERLAP,NCCL,C0_DEFAULT,2048,2048,2048,16,13,1048576,50,0,2922.368,4037.088,4297.600,260.512,PASS,0
PHASEB_formal_r1_C0_DEFAULT_N2048_q16_rep5,2,4,2,sm_89,R1_EVENT_OVERLAP,NCCL,C0_DEFAULT,2048,2048,2048,16,14,1048576,50,0,3226.816,4301.024,4561.984,260.960,PASS,0
PHASEB_formal_r1_C0_DEFAULT_N2048_q16_rep5,2,4,2,sm_89,R1_EVENT_OVERLAP,NCCL,C0_DEFAULT,2048,2048,2048,16,15,1048576,50,0,3515.424,4565.600,4825.152,259.552,PASS,0
PHASEB_formal_r1_C0_DEFAULT_N2048_q16_rep5,2,4,2,sm_89,R1_EVENT_OVERLAP,NCCL,C0_DEFAULT,2048,2048,2048,16,0,1048576,51,0,120.672,127.328,444.640,317.312,PASS,0
PHASEB_formal_r1_C0_DEFAULT_N2048_q16_rep5,2,4,2,sm_89,R1_EVENT_OVERLAP,NCCL,C0_DEFAULT,2048,2048,2048,16,1,1048576,51,0,195.872,448.480,763.552,315.072,PASS,0
PHASEB_formal_r1_C0_DEFAULT_N2048_q16_rep5,2,4,2,sm_89,R1_EVENT_OVERLAP,NCCL,C0_DEFAULT,2048,2048,2048,16,2,1048576,51,0,418.944,767.392,1085.248,317.856,PASS,0
PHASEB_formal_r1_C0_DEFAULT_N2048_q16_rep5,2,4,2,sm_89,R1_EVENT_OVERLAP,NCCL,C0_DEFAULT,2048,2048,2048,16,3,1048576,51,0,509.824,1088.544,1395.840,307.296,PASS,0
PHASEB_formal_r1_C0_DEFAULT_N2048_q16_rep5,2,4,2,sm_89,R1_EVENT_OVERLAP,NCCL,C0_DEFAULT,2048,2048,2048,16,4,1048576,51,0,739.552,1399.168,1712.128,312.960,PASS,0
PHASEB_formal_r1_C0_DEFAULT_N2048_q16_rep5,2,4,2,sm_89,R1_EVENT_OVERLAP,NCCL,C0_DEFAULT,2048,2048,2048,16,5,1048576,51,0,832.448,1715.552,2038.720,323.168,PASS,0
PHASEB_formal_r1_C0_DEFAULT_N2048_q16_rep5,2,4,2,sm_89,R1_EVENT_OVERLAP,NCCL,C0_DEFAULT,2048,2048,2048,16,6,1048576,51,0,1054.720,2042.816,2355.456,312.640,PASS,0
PHASEB_formal_r1_C0_DEFAULT_N2048_q16_rep5,2,4,2,sm_89,R1_EVENT_OVERLAP,NCCL,C0_DEFAULT,2048,2048,2048,16,7,1048576,51,0,1135.584,2358.816,2657.024,298.208,PASS,0
PHASEB_formal_r1_C0_DEFAULT_N2048_q16_rep5,2,4,2,sm_89,R1_EVENT_OVERLAP,NCCL,C0_DEFAULT,2048,2048,2048,16,8,1048576,51,0,1363.456,2660.416,2920.672,260.256,PASS,0
PHASEB_formal_r1_C0_DEFAULT_N2048_q16_rep5,2,4,2,sm_89,R1_EVENT_OVERLAP,NCCL,C0_DEFAULT,2048,2048,2048,16,9,1048576,51,0,1439.392,2924.128,3186.208,262.080,PASS,0
PHASEB_formal_r1_C0_DEFAULT_N2048_q16_rep5,2,4,2,sm_89,R1_EVENT_OVERLAP,NCCL,C0_DEFAULT,2048,2048,2048,16,10,1048576,51,0,1665.888,3189.632,3448.416,258.784,PASS,0
PHASEB_formal_r1_C0_DEFAULT_N2048_q16_rep5,2,4,2,sm_89,R1_EVENT_OVERLAP,NCCL,C0_DEFAULT,2048,2048,2048,16,11,1048576,51,0,1749.280,3451.840,3712.864,261.024,PASS,0
PHASEB_formal_r1_C0_DEFAULT_N2048_q16_rep5,2,4,2,sm_89,R1_EVENT_OVERLAP,NCCL,C0_DEFAULT,2048,2048,2048,16,12,1048576,51,0,1983.488,3716.288,3975.872,259.584,PASS,0
PHASEB_formal_r1_C0_DEFAULT_N2048_q16_rep5,2,4,2,sm_89,R1_EVENT_OVERLAP,NCCL,C0_DEFAULT,2048,2048,2048,16,13,1048576,51,0,2075.264,3979.296,4239.968,260.672,PASS,0
PHASEB_formal_r1_C0_DEFAULT_N2048_q16_rep5,2,4,2,sm_89,R1_EVENT_OVERLAP,NCCL,C0_DEFAULT,2048,2048,2048,16,14,1048576,51,0,2316.768,4243.392,4503.872,260.480,PASS,0
PHASEB_formal_r1_C0_DEFAULT_N2048_q16_rep5,2,4,2,sm_89,R1_EVENT_OVERLAP,NCCL,C0_DEFAULT,2048,2048,2048,16,15,1048576,51,0,2392.128,4507.296,4766.816,259.520,PASS,0
PHASEB_formal_r1_C0_DEFAULT_N2048_q16_rep5,2,4,2,sm_89,R1_EVENT_OVERLAP,NCCL,C0_DEFAULT,2048,2048,2048,16,0,1048576,52,0,132.640,139.328,446.048,306.720,PASS,0
PHASEB_formal_r1_C0_DEFAULT_N2048_q16_rep5,2,4,2,sm_89,R1_EVENT_OVERLAP,NCCL,C0_DEFAULT,2048,2048,2048,16,1,1048576,52,0,206.496,449.440,762.432,312.992,PASS,0
PHASEB_formal_r1_C0_DEFAULT_N2048_q16_rep5,2,4,2,sm_89,R1_EVENT_OVERLAP,NCCL,C0_DEFAULT,2048,2048,2048,16,2,1048576,52,0,434.720,769.120,1087.968,318.848,PASS,0
PHASEB_formal_r1_C0_DEFAULT_N2048_q16_rep5,2,4,2,sm_89,R1_EVENT_OVERLAP,NCCL,C0_DEFAULT,2048,2048,2048,16,3,1048576,52,0,512.960,1091.360,1410.144,318.784,PASS,0
PHASEB_formal_r1_C0_DEFAULT_N2048_q16_rep5,2,4,2,sm_89,R1_EVENT_OVERLAP,NCCL,C0_DEFAULT,2048,2048,2048,16,4,1048576,52,0,737.760,1413.536,1724.320,310.784,PASS,0
PHASEB_formal_r1_C0_DEFAULT_N2048_q16_rep5,2,4,2,sm_89,R1_EVENT_OVERLAP,NCCL,C0_DEFAULT,2048,2048,2048,16,5,1048576,52,0,835.968,1728.928,2052.320,323.392,PASS,0
PHASEB_formal_r1_C0_DEFAULT_N2048_q16_rep5,2,4,2,sm_89,R1_EVENT_OVERLAP,NCCL,C0_DEFAULT,2048,2048,2048,16,6,1048576,52,0,1063.680,2056.832,2365.440,308.608,PASS,0
PHASEB_formal_r1_C0_DEFAULT_N2048_q16_rep5,2,4,2,sm_89,R1_EVENT_OVERLAP,NCCL,C0_DEFAULT,2048,2048,2048,16,7,1048576,52,0,1146.080,2369.504,2669.920,300.416,PASS,0
PHASEB_formal_r1_C0_DEFAULT_N2048_q16_rep5,2,4,2,sm_89,R1_EVENT_OVERLAP,NCCL,C0_DEFAULT,2048,2048,2048,16,8,1048576,52,0,1384.192,2673.376,2935.104,261.728,PASS,0
PHASEB_formal_r1_C0_DEFAULT_N2048_q16_rep5,2,4,2,sm_89,R1_EVENT_OVERLAP,NCCL,C0_DEFAULT,2048,2048,2048,16,9,1048576,52,0,1462.272,2938.528,3198.144,259.616,PASS,0
PHASEB_formal_r1_C0_DEFAULT_N2048_q16_rep5,2,4,2,sm_89,R1_EVENT_OVERLAP,NCCL,C0_DEFAULT,2048,2048,2048,16,10,1048576,52,0,1688.192,3201.792,3463.488,261.696,PASS,0
PHASEB_formal_r1_C0_DEFAULT_N2048_q16_rep5,2,4,2,sm_89,R1_EVENT_OVERLAP,NCCL,C0_DEFAULT,2048,2048,2048,16,11,1048576,52,0,1769.344,3466.912,3726.784,259.872,PASS,0
PHASEB_formal_r1_C0_DEFAULT_N2048_q16_rep5,2,4,2,sm_89,R1_EVENT_OVERLAP,NCCL,C0_DEFAULT,2048,2048,2048,16,12,1048576,52,0,1998.208,3730.176,3991.168,260.992,PASS,0
PHASEB_formal_r1_C0_DEFAULT_N2048_q16_rep5,2,4,2,sm_89,R1_EVENT_OVERLAP,NCCL,C0_DEFAULT,2048,2048,2048,16,13,1048576,52,0,2088.032,3994.560,4254.592,260.032,PASS,0
PHASEB_formal_r1_C0_DEFAULT_N2048_q16_rep5,2,4,2,sm_89,R1_EVENT_OVERLAP,NCCL,C0_DEFAULT,2048,2048,2048,16,14,1048576,52,0,2333.664,4258.048,4519.456,261.408,PASS,0
PHASEB_formal_r1_C0_DEFAULT_N2048_q16_rep5,2,4,2,sm_89,R1_EVENT_OVERLAP,NCCL,C0_DEFAULT,2048,2048,2048,16,15,1048576,52,0,2633.536,4523.232,4781.824,258.592,PASS,0
PHASEB_formal_r1_C0_DEFAULT_N2048_q16_rep5,2,4,2,sm_89,R1_EVENT_OVERLAP,NCCL,C0_DEFAULT,2048,2048,2048,16,0,1048576,53,0,122.144,128.544,429.696,301.152,PASS,0
PHASEB_formal_r1_C0_DEFAULT_N2048_q16_rep5,2,4,2,sm_89,R1_EVENT_OVERLAP,NCCL,C0_DEFAULT,2048,2048,2048,16,1,1048576,53,0,195.200,433.312,743.712,310.400,PASS,0
PHASEB_formal_r1_C0_DEFAULT_N2048_q16_rep5,2,4,2,sm_89,R1_EVENT_OVERLAP,NCCL,C0_DEFAULT,2048,2048,2048,16,2,1048576,53,0,419.104,747.072,1057.440,310.368,PASS,0
PHASEB_formal_r1_C0_DEFAULT_N2048_q16_rep5,2,4,2,sm_89,R1_EVENT_OVERLAP,NCCL,C0_DEFAULT,2048,2048,2048,16,3,1048576,53,0,511.488,1061.248,1343.424,282.176,PASS,0
PHASEB_formal_r1_C0_DEFAULT_N2048_q16_rep5,2,4,2,sm_89,R1_EVENT_OVERLAP,NCCL,C0_DEFAULT,2048,2048,2048,16,4,1048576,53,0,736.512,1347.168,1662.112,314.944,PASS,0
PHASEB_formal_r1_C0_DEFAULT_N2048_q16_rep5,2,4,2,sm_89,R1_EVENT_OVERLAP,NCCL,C0_DEFAULT,2048,2048,2048,16,5,1048576,53,0,835.008,1665.472,1941.664,276.192,PASS,0
PHASEB_formal_r1_C0_DEFAULT_N2048_q16_rep5,2,4,2,sm_89,R1_EVENT_OVERLAP,NCCL,C0_DEFAULT,2048,2048,2048,16,6,1048576,53,0,1067.808,1945.280,2258.560,313.280,PASS,0
PHASEB_formal_r1_C0_DEFAULT_N2048_q16_rep5,2,4,2,sm_89,R1_EVENT_OVERLAP,NCCL,C0_DEFAULT,2048,2048,2048,16,7,1048576,53,0,1389.120,2261.920,2540.160,278.240,PASS,0
PHASEB_formal_r1_C0_DEFAULT_N2048_q16_rep5,2,4,2,sm_89,R1_EVENT_OVERLAP,NCCL,C0_DEFAULT,2048,2048,2048,16,8,1048576,53,0,1672.192,2543.392,2854.592,311.200,PASS,0
PHASEB_formal_r1_C0_DEFAULT_N2048_q16_rep5,2,4,2,sm_89,R1_EVENT_OVERLAP,NCCL,C0_DEFAULT,2048,2048,2048,16,9,1048576,53,0,1980.992,2858.144,3128.384,270.240,PASS,0
PHASEB_formal_r1_C0_DEFAULT_N2048_q16_rep5,2,4,2,sm_89,R1_EVENT_OVERLAP,NCCL,C0_DEFAULT,2048,2048,2048,16,10,1048576,53,0,2268.576,3131.744,3444.448,312.704,PASS,0
PHASEB_formal_r1_C0_DEFAULT_N2048_q16_rep5,2,4,2,sm_89,R1_EVENT_OVERLAP,NCCL,C0_DEFAULT,2048,2048,2048,16,11,1048576,53,0,2575.872,3448.256,3724.160,275.904,PASS,0
PHASEB_formal_r1_C0_DEFAULT_N2048_q16_rep5,2,4,2,sm_89,R1_EVENT_OVERLAP,NCCL,C0_DEFAULT,2048,2048,2048,16,12,1048576,53,0,2864.704,3727.616,4026.816,299.200,PASS,0
PHASEB_formal_r1_C0_DEFAULT_N2048_q16_rep5,2,4,2,sm_89,R1_EVENT_OVERLAP,NCCL,C0_DEFAULT,2048,2048,2048,16,13,1048576,53,0,3172.448,4030.240,4291.648,261.408,PASS,0
PHASEB_formal_r1_C0_DEFAULT_N2048_q16_rep5,2,4,2,sm_89,R1_EVENT_OVERLAP,NCCL,C0_DEFAULT,2048,2048,2048,16,14,1048576,53,0,3454.592,4295.072,4555.296,260.224,PASS,0
PHASEB_formal_r1_C0_DEFAULT_N2048_q16_rep5,2,4,2,sm_89,R1_EVENT_OVERLAP,NCCL,C0_DEFAULT,2048,2048,2048,16,15,1048576,53,0,3763.264,4558.752,4818.528,259.776,PASS,0
PHASEB_formal_r1_C0_DEFAULT_N2048_q16_rep5,2,4,2,sm_89,R1_EVENT_OVERLAP,NCCL,C0_DEFAULT,2048,2048,2048,16,0,1048576,54,0,128.224,134.944,442.624,307.680,PASS,0
PHASEB_formal_r1_C0_DEFAULT_N2048_q16_rep5,2,4,2,sm_89,R1_EVENT_OVERLAP,NCCL,C0_DEFAULT,2048,2048,2048,16,1,1048576,54,0,206.848,446.688,750.944,304.256,PASS,0
PHASEB_formal_r1_C0_DEFAULT_N2048_q16_rep5,2,4,2,sm_89,R1_EVENT_OVERLAP,NCCL,C0_DEFAULT,2048,2048,2048,16,2,1048576,54,0,431.136,754.496,1066.944,312.448,PASS,0
PHASEB_formal_r1_C0_DEFAULT_N2048_q16_rep5,2,4,2,sm_89,R1_EVENT_OVERLAP,NCCL,C0_DEFAULT,2048,2048,2048,16,3,1048576,54,0,516.704,1070.592,1388.096,317.504,PASS,0
PHASEB_formal_r1_C0_DEFAULT_N2048_q16_rep5,2,4,2,sm_89,R1_EVENT_OVERLAP,NCCL,C0_DEFAULT,2048,2048,2048,16,4,1048576,54,0,741.024,1391.808,1701.536,309.728,PASS,0
PHASEB_formal_r1_C0_DEFAULT_N2048_q16_rep5,2,4,2,sm_89,R1_EVENT_OVERLAP,NCCL,C0_DEFAULT,2048,2048,2048,16,5,1048576,54,0,832.736,1704.896,1983.488,278.592,PASS,0
PHASEB_formal_r1_C0_DEFAULT_N2048_q16_rep5,2,4,2,sm_89,R1_EVENT_OVERLAP,NCCL,C0_DEFAULT,2048,2048,2048,16,6,1048576,54,0,1059.872,1986.720,2295.840,309.120,PASS,0
PHASEB_formal_r1_C0_DEFAULT_N2048_q16_rep5,2,4,2,sm_89,R1_EVENT_OVERLAP,NCCL,C0_DEFAULT,2048,2048,2048,16,7,1048576,54,0,1135.584,2299.392,2571.264,271.872,PASS,0
PHASEB_formal_r1_C0_DEFAULT_N2048_q16_rep5,2,4,2,sm_89,R1_EVENT_OVERLAP,NCCL,C0_DEFAULT,2048,2048,2048,16,8,1048576,54,0,1380.384,2575.072,2886.624,311.552,PASS,0
PHASEB_formal_r1_C0_DEFAULT_N2048_q16_rep5,2,4,2,sm_89,R1_EVENT_OVERLAP,NCCL,C0_DEFAULT,2048,2048,2048,16,9,1048576,54,0,1716.128,2890.016,3200.640,310.624,PASS,0
PHASEB_formal_r1_C0_DEFAULT_N2048_q16_rep5,2,4,2,sm_89,R1_EVENT_OVERLAP,NCCL,C0_DEFAULT,2048,2048,2048,16,10,1048576,54,0,2031.872,3204.000,3513.120,309.120,PASS,0
PHASEB_formal_r1_C0_DEFAULT_N2048_q16_rep5,2,4,2,sm_89,R1_EVENT_OVERLAP,NCCL,C0_DEFAULT,2048,2048,2048,16,11,1048576,54,0,2305.792,3516.704,3776.224,259.520,PASS,0
PHASEB_formal_r1_C0_DEFAULT_N2048_q16_rep5,2,4,2,sm_89,R1_EVENT_OVERLAP,NCCL,C0_DEFAULT,2048,2048,2048,16,12,1048576,54,0,2617.792,3779.776,4040.000,260.224,PASS,0
PHASEB_formal_r1_C0_DEFAULT_N2048_q16_rep5,2,4,2,sm_89,R1_EVENT_OVERLAP,NCCL,C0_DEFAULT,2048,2048,2048,16,13,1048576,54,0,2914.528,4043.424,4304.352,260.928,PASS,0
PHASEB_formal_r1_C0_DEFAULT_N2048_q16_rep5,2,4,2,sm_89,R1_EVENT_OVERLAP,NCCL,C0_DEFAULT,2048,2048,2048,16,14,1048576,54,0,3222.464,4307.808,4569.056,261.248,PASS,0
PHASEB_formal_r1_C0_DEFAULT_N2048_q16_rep5,2,4,2,sm_89,R1_EVENT_OVERLAP,NCCL,C0_DEFAULT,2048,2048,2048,16,15,1048576,54,0,3523.040,4572.480,4831.712,259.232,PASS,0
PHASEB_formal_r1_C0_DEFAULT_N2048_q16_rep5,2,4,2,sm_89,R1_EVENT_OVERLAP,NCCL,C0_DEFAULT,2048,2048,2048,16,0,1048576,55,0,121.376,128.032,438.016,309.984,PASS,0
PHASEB_formal_r1_C0_DEFAULT_N2048_q16_rep5,2,4,2,sm_89,R1_EVENT_OVERLAP,NCCL,C0_DEFAULT,2048,2048,2048,16,1,1048576,55,0,215.488,441.376,718.656,277.280,PASS,0
PHASEB_formal_r1_C0_DEFAULT_N2048_q16_rep5,2,4,2,sm_89,R1_EVENT_OVERLAP,NCCL,C0_DEFAULT,2048,2048,2048,16,2,1048576,55,0,448.288,721.984,1033.632,311.648,PASS,0
PHASEB_formal_r1_C0_DEFAULT_N2048_q16_rep5,2,4,2,sm_89,R1_EVENT_OVERLAP,NCCL,C0_DEFAULT,2048,2048,2048,16,3,1048576,55,0,766.336,1037.312,1317.952,280.640,PASS,0
PHASEB_formal_r1_C0_DEFAULT_N2048_q16_rep5,2,4,2,sm_89,R1_EVENT_OVERLAP,NCCL,C0_DEFAULT,2048,2048,2048,16,4,1048576,55,0,1044.640,1321.312,1632.768,311.456,PASS,0
PHASEB_formal_r1_C0_DEFAULT_N2048_q16_rep5,2,4,2,sm_89,R1_EVENT_OVERLAP,NCCL,C0_DEFAULT,2048,2048,2048,16,5,1048576,55,0,1364.608,1636.384,1908.256,271.872,PASS,0
PHASEB_formal_r1_C0_DEFAULT_N2048_q16_rep5,2,4,2,sm_89,R1_EVENT_OVERLAP,NCCL,C0_DEFAULT,2048,2048,2048,16,6,1048576,55,0,1643.200,1911.584,2223.776,312.192,PASS,0
PHASEB_formal_r1_C0_DEFAULT_N2048_q16_rep5,2,4,2,sm_89,R1_EVENT_OVERLAP,NCCL,C0_DEFAULT,2048,2048,2048,16,7,1048576,55,0,1953.216,2227.072,2505.696,278.624,PASS,0
PHASEB_formal_r1_C0_DEFAULT_N2048_q16_rep5,2,4,2,sm_89,R1_EVENT_OVERLAP,NCCL,C0_DEFAULT,2048,2048,2048,16,8,1048576,55,0,2233.632,2509.216,2820.832,311.616,PASS,0
PHASEB_formal_r1_C0_DEFAULT_N2048_q16_rep5,2,4,2,sm_89,R1_EVENT_OVERLAP,NCCL,C0_DEFAULT,2048,2048,2048,16,9,1048576,55,0,2545.152,2824.512,3101.696,277.184,PASS,0
PHASEB_formal_r1_C0_DEFAULT_N2048_q16_rep5,2,4,2,sm_89,R1_EVENT_OVERLAP,NCCL,C0_DEFAULT,2048,2048,2048,16,10,1048576,55,0,2830.720,3105.280,3412.608,307.328,PASS,0
PHASEB_formal_r1_C0_DEFAULT_N2048_q16_rep5,2,4,2,sm_89,R1_EVENT_OVERLAP,NCCL,C0_DEFAULT,2048,2048,2048,16,11,1048576,55,0,3141.856,3416.480,3693.248,276.768,PASS,0
PHASEB_formal_r1_C0_DEFAULT_N2048_q16_rep5,2,4,2,sm_89,R1_EVENT_OVERLAP,NCCL,C0_DEFAULT,2048,2048,2048,16,12,1048576,55,0,3422.688,3696.608,4006.592,309.984,PASS,0
PHASEB_formal_r1_C0_DEFAULT_N2048_q16_rep5,2,4,2,sm_89,R1_EVENT_OVERLAP,NCCL,C0_DEFAULT,2048,2048,2048,16,13,1048576,55,0,3729.600,4010.496,4285.472,274.976,PASS,0
PHASEB_formal_r1_C0_DEFAULT_N2048_q16_rep5,2,4,2,sm_89,R1_EVENT_OVERLAP,NCCL,C0_DEFAULT,2048,2048,2048,16,14,1048576,55,0,4016.768,4288.896,4586.688,297.792,PASS,0
PHASEB_formal_r1_C0_DEFAULT_N2048_q16_rep5,2,4,2,sm_89,R1_EVENT_OVERLAP,NCCL,C0_DEFAULT,2048,2048,2048,16,15,1048576,55,0,4323.264,4590.112,4849.792,259.680,PASS,0
PHASEB_formal_r1_C0_DEFAULT_N2048_q16_rep5,2,4,2,sm_89,R1_EVENT_OVERLAP,NCCL,C0_DEFAULT,2048,2048,2048,16,0,1048576,56,0,135.520,142.752,448.352,305.600,PASS,0
PHASEB_formal_r1_C0_DEFAULT_N2048_q16_rep5,2,4,2,sm_89,R1_EVENT_OVERLAP,NCCL,C0_DEFAULT,2048,2048,2048,16,1,1048576,56,0,213.760,451.776,765.760,313.984,PASS,0
PHASEB_formal_r1_C0_DEFAULT_N2048_q16_rep5,2,4,2,sm_89,R1_EVENT_OVERLAP,NCCL,C0_DEFAULT,2048,2048,2048,16,2,1048576,56,0,438.016,769.088,1080.224,311.136,PASS,0
PHASEB_formal_r1_C0_DEFAULT_N2048_q16_rep5,2,4,2,sm_89,R1_EVENT_OVERLAP,NCCL,C0_DEFAULT,2048,2048,2048,16,3,1048576,56,0,520.256,1083.680,1401.888,318.208,PASS,0
PHASEB_formal_r1_C0_DEFAULT_N2048_q16_rep5,2,4,2,sm_89,R1_EVENT_OVERLAP,NCCL,C0_DEFAULT,2048,2048,2048,16,4,1048576,56,0,740.544,1409.824,1721.184,311.360,PASS,0
PHASEB_formal_r1_C0_DEFAULT_N2048_q16_rep5,2,4,2,sm_89,R1_EVENT_OVERLAP,NCCL,C0_DEFAULT,2048,2048,2048,16,5,1048576,56,0,844.224,1724.608,2038.080,313.472,PASS,0
PHASEB_formal_r1_C0_DEFAULT_N2048_q16_rep5,2,4,2,sm_89,R1_EVENT_OVERLAP,NCCL,C0_DEFAULT,2048,2048,2048,16,6,1048576,56,0,1069.664,2041.568,2358.336,316.768,PASS,0
PHASEB_formal_r1_C0_DEFAULT_N2048_q16_rep5,2,4,2,sm_89,R1_EVENT_OVERLAP,NCCL,C0_DEFAULT,2048,2048,2048,16,7,1048576,56,0,1145.184,2362.880,2662.112,299.232,PASS,0
PHASEB_formal_r1_C0_DEFAULT_N2048_q16_rep5,2,4,2,sm_89,R1_EVENT_OVERLAP,NCCL,C0_DEFAULT,2048,2048,2048,16,8,1048576,56,0,1375.904,2665.536,2927.200,261.664,PASS,0
PHASEB_formal_r1_C0_DEFAULT_N2048_q16_rep5,2,4,2,sm_89,R1_EVENT_OVERLAP,NCCL,C0_DEFAULT,2048,2048,2048,16,9,1048576,56,0,1457.248,2930.624,3190.528,259.904,PASS,0
PHASEB_formal_r1_C0_DEFAULT_N2048_q16_rep5,2,4,2,sm_89,R1_EVENT_OVERLAP,NCCL,C0_DEFAULT,2048,2048,2048,16,10,1048576,56,0,1681.888,3193.952,3455.488,261.536,PASS,0
PHASEB_formal_r1_C0_DEFAULT_N2048_q16_rep5,2,4,2,sm_89,R1_EVENT_OVERLAP,NCCL,C0_DEFAULT,2048,2048,2048,16,11,1048576,56,0,1759.616,3458.880,3718.848,259.968,PASS,0
PHASEB_formal_r1_C0_DEFAULT_N2048_q16_rep5,2,4,2,sm_89,R1_EVENT_OVERLAP,NCCL,C0_DEFAULT,2048,2048,2048,16,12,1048576,56,0,1988.992,3722.272,3983.488,261.216,PASS,0
PHASEB_formal_r1_C0_DEFAULT_N2048_q16_rep5,2,4,2,sm_89,R1_EVENT_OVERLAP,NCCL,C0_DEFAULT,2048,2048,2048,16,13,1048576,56,0,2070.656,3986.944,4248.032,261.088,PASS,0
PHASEB_formal_r1_C0_DEFAULT_N2048_q16_rep5,2,4,2,sm_89,R1_EVENT_OVERLAP,NCCL,C0_DEFAULT,2048,2048,2048,16,14,1048576,56,0,2304.832,4251.456,4513.376,261.920,PASS,0
PHASEB_formal_r1_C0_DEFAULT_N2048_q16_rep5,2,4,2,sm_89,R1_EVENT_OVERLAP,NCCL,C0_DEFAULT,2048,2048,2048,16,15,1048576,56,0,2395.360,4516.896,4775.904,259.008,PASS,0
PHASEB_formal_r1_C0_DEFAULT_N2048_q16_rep5,2,4,2,sm_89,R1_EVENT_OVERLAP,NCCL,C0_DEFAULT,2048,2048,2048,16,0,1048576,57,0,130.784,137.312,449.152,311.840,PASS,0
PHASEB_formal_r1_C0_DEFAULT_N2048_q16_rep5,2,4,2,sm_89,R1_EVENT_OVERLAP,NCCL,C0_DEFAULT,2048,2048,2048,16,1,1048576,57,0,204.096,452.704,733.120,280.416,PASS,0
PHASEB_formal_r1_C0_DEFAULT_N2048_q16_rep5,2,4,2,sm_89,R1_EVENT_OVERLAP,NCCL,C0_DEFAULT,2048,2048,2048,16,2,1048576,57,0,459.488,736.512,1048.384,311.872,PASS,0
PHASEB_formal_r1_C0_DEFAULT_N2048_q16_rep5,2,4,2,sm_89,R1_EVENT_OVERLAP,NCCL,C0_DEFAULT,2048,2048,2048,16,3,1048576,57,0,773.888,1051.776,1334.240,282.464,PASS,0
PHASEB_formal_r1_C0_DEFAULT_N2048_q16_rep5,2,4,2,sm_89,R1_EVENT_OVERLAP,NCCL,C0_DEFAULT,2048,2048,2048,16,4,1048576,57,0,1058.880,1343.648,1655.488,311.840,PASS,0
PHASEB_formal_r1_C0_DEFAULT_N2048_q16_rep5,2,4,2,sm_89,R1_EVENT_OVERLAP,NCCL,C0_DEFAULT,2048,2048,2048,16,5,1048576,57,0,1384.736,1658.976,1966.400,307.424,PASS,0
PHASEB_formal_r1_C0_DEFAULT_N2048_q16_rep5,2,4,2,sm_89,R1_EVENT_OVERLAP,NCCL,C0_DEFAULT,2048,2048,2048,16,6,1048576,57,0,1676.032,1969.824,2244.704,274.880,PASS,0
PHASEB_formal_r1_C0_DEFAULT_N2048_q16_rep5,2,4,2,sm_89,R1_EVENT_OVERLAP,NCCL,C0_DEFAULT,2048,2048,2048,16,7,1048576,57,0,1976.800,2248.064,2557.344,309.280,PASS,0
PHASEB_formal_r1_C0_DEFAULT_N2048_q16_rep5,2,4,2,sm_89,R1_EVENT_OVERLAP,NCCL,C0_DEFAULT,2048,2048,2048,16,8,1048576,57,0,2282.528,2560.960,2874.624,313.664,PASS,0
PHASEB_formal_r1_C0_DEFAULT_N2048_q16_rep5,2,4,2,sm_89,R1_EVENT_OVERLAP,NCCL,C0_DEFAULT,2048,2048,2048,16,9,1048576,57,0,2584.864,2878.048,3187.040,308.992,PASS,0
PHASEB_formal_r1_C0_DEFAULT_N2048_q16_rep5,2,4,2,sm_89,R1_EVENT_OVERLAP,NCCL,C0_DEFAULT,2048,2048,2048,16,10,1048576,57,0,2892.128,3190.784,3466.080,275.296,PASS,0
PHASEB_formal_r1_C0_DEFAULT_N2048_q16_rep5,2,4,2,sm_89,R1_EVENT_OVERLAP,NCCL,C0_DEFAULT,2048,2048,2048,16,11,1048576,57,0,3197.120,3469.376,3779.648,310.272,PASS,0
PHASEB_formal_r1_C0_DEFAULT_N2048_q16_rep5,2,4,2,sm_89,R1_EVENT_OVERLAP,NCCL,C0_DEFAULT,2048,2048,2048,16,12,1048576,57,0,3501.632,3783.072,4051.840,268.768,PASS,0
PHASEB_formal_r1_C0_DEFAULT_N2048_q16_rep5,2,4,2,sm_89,R1_EVENT_OVERLAP,NCCL,C0_DEFAULT,2048,2048,2048,16,13,1048576,57,0,3798.368,4055.456,4364.704,309.248,PASS,0
PHASEB_formal_r1_C0_DEFAULT_N2048_q16_rep5,2,4,2,sm_89,R1_EVENT_OVERLAP,NCCL,C0_DEFAULT,2048,2048,2048,16,14,1048576,57,0,4098.528,4368.064,4667.616,299.552,PASS,0
PHASEB_formal_r1_C0_DEFAULT_N2048_q16_rep5,2,4,2,sm_89,R1_EVENT_OVERLAP,NCCL,C0_DEFAULT,2048,2048,2048,16,15,1048576,57,0,4401.184,4671.040,4930.752,259.712,PASS,0
PHASEB_formal_r1_C0_DEFAULT_N2048_q16_rep5,2,4,2,sm_89,R1_EVENT_OVERLAP,NCCL,C0_DEFAULT,2048,2048,2048,16,0,1048576,58,0,125.696,132.384,437.504,305.120,PASS,0
PHASEB_formal_r1_C0_DEFAULT_N2048_q16_rep5,2,4,2,sm_89,R1_EVENT_OVERLAP,NCCL,C0_DEFAULT,2048,2048,2048,16,1,1048576,58,0,201.664,440.864,756.128,315.264,PASS,0
PHASEB_formal_r1_C0_DEFAULT_N2048_q16_rep5,2,4,2,sm_89,R1_EVENT_OVERLAP,NCCL,C0_DEFAULT,2048,2048,2048,16,2,1048576,58,0,427.776,763.680,1079.936,316.256,PASS,0
PHASEB_formal_r1_C0_DEFAULT_N2048_q16_rep5,2,4,2,sm_89,R1_EVENT_OVERLAP,NCCL,C0_DEFAULT,2048,2048,2048,16,3,1048576,58,0,509.472,1085.056,1416.576,331.520,PASS,0
PHASEB_formal_r1_C0_DEFAULT_N2048_q16_rep5,2,4,2,sm_89,R1_EVENT_OVERLAP,NCCL,C0_DEFAULT,2048,2048,2048,16,4,1048576,58,0,731.744,1419.904,1731.136,311.232,PASS,0
PHASEB_formal_r1_C0_DEFAULT_N2048_q16_rep5,2,4,2,sm_89,R1_EVENT_OVERLAP,NCCL,C0_DEFAULT,2048,2048,2048,16,5,1048576,58,0,812.064,1736.576,2048.672,312.096,PASS,0
PHASEB_formal_r1_C0_DEFAULT_N2048_q16_rep5,2,4,2,sm_89,R1_EVENT_OVERLAP,NCCL,C0_DEFAULT,2048,2048,2048,16,6,1048576,58,0,1036.384,2056.416,2366.304,309.888,PASS,0
PHASEB_formal_r1_C0_DEFAULT_N2048_q16_rep5,2,4,2,sm_89,R1_EVENT_OVERLAP,NCCL,C0_DEFAULT,2048,2048,2048,16,7,1048576,58,0,1118.848,2369.664,2680.960,311.296,PASS,0
PHASEB_formal_r1_C0_DEFAULT_N2048_q16_rep5,2,4,2,sm_89,R1_EVENT_OVERLAP,NCCL,C0_DEFAULT,2048,2048,2048,16,8,1048576,58,0,1350.880,2684.512,2984.096,299.584,PASS,0
PHASEB_formal_r1_C0_DEFAULT_N2048_q16_rep5,2,4,2,sm_89,R1_EVENT_OVERLAP,NCCL,C0_DEFAULT,2048,2048,2048,16,9,1048576,58,0,1454.624,2987.520,3247.552,260.032,PASS,0
PHASEB_formal_r1_C0_DEFAULT_N2048_q16_rep5,2,4,2,sm_89,R1_EVENT_OVERLAP,NCCL,C0_DEFAULT,2048,2048,2048,16,10,1048576,58,0,1686.144,3250.944,3512.320,261.376,PASS,0
PHASEB_formal_r1_C0_DEFAULT_N2048_q16_rep5,2,4,2,sm_89,R1_EVENT_OVERLAP,NCCL,C0_DEFAULT,2048,2048,2048,16,11,1048576,58,0,1767.936,3515.744,3776.064,260.320,PASS,0
PHASEB_formal_r1_C0_DEFAULT_N2048_q16_rep5,2,4,2,sm_89,R1_EVENT_OVERLAP,NCCL,C0_DEFAULT,2048,2048,2048,16,12,1048576,58,0,2000.096,3779.488,4040.384,260.896,PASS,0
PHASEB_formal_r1_C0_DEFAULT_N2048_q16_rep5,2,4,2,sm_89,R1_EVENT_OVERLAP,NCCL,C0_DEFAULT,2048,2048,2048,16,13,1048576,58,0,2315.872,4044.192,4303.712,259.520,PASS,0
PHASEB_formal_r1_C0_DEFAULT_N2048_q16_rep5,2,4,2,sm_89,R1_EVENT_OVERLAP,NCCL,C0_DEFAULT,2048,2048,2048,16,14,1048576,58,0,2637.024,4307.136,4567.904,260.768,PASS,0
PHASEB_formal_r1_C0_DEFAULT_N2048_q16_rep5,2,4,2,sm_89,R1_EVENT_OVERLAP,NCCL,C0_DEFAULT,2048,2048,2048,16,15,1048576,58,0,2916.512,4571.328,4829.760,258.432,PASS,0
PHASEB_formal_r1_C0_DEFAULT_N2048_q16_rep5,2,4,2,sm_89,R1_EVENT_OVERLAP,NCCL,C0_DEFAULT,2048,2048,2048,16,0,1048576,59,0,121.536,128.224,445.824,317.600,PASS,0
PHASEB_formal_r1_C0_DEFAULT_N2048_q16_rep5,2,4,2,sm_89,R1_EVENT_OVERLAP,NCCL,C0_DEFAULT,2048,2048,2048,16,1,1048576,59,0,196.128,449.408,757.920,308.512,PASS,0
PHASEB_formal_r1_C0_DEFAULT_N2048_q16_rep5,2,4,2,sm_89,R1_EVENT_OVERLAP,NCCL,C0_DEFAULT,2048,2048,2048,16,2,1048576,59,0,439.488,761.664,1081.280,319.616,PASS,0
PHASEB_formal_r1_C0_DEFAULT_N2048_q16_rep5,2,4,2,sm_89,R1_EVENT_OVERLAP,NCCL,C0_DEFAULT,2048,2048,2048,16,3,1048576,59,0,751.264,1084.640,1399.744,315.104,PASS,0
PHASEB_formal_r1_C0_DEFAULT_N2048_q16_rep5,2,4,2,sm_89,R1_EVENT_OVERLAP,NCCL,C0_DEFAULT,2048,2048,2048,16,4,1048576,59,0,979.808,1403.072,1720.384,317.312,PASS,0
PHASEB_formal_r1_C0_DEFAULT_N2048_q16_rep5,2,4,2,sm_89,R1_EVENT_OVERLAP,NCCL,C0_DEFAULT,2048,2048,2048,16,5,1048576,59,0,1055.616,1723.744,2043.328,319.584,PASS,0
PHASEB_formal_r1_C0_DEFAULT_N2048_q16_rep5,2,4,2,sm_89,R1_EVENT_OVERLAP,NCCL,C0_DEFAULT,2048,2048,2048,16,6,1048576,59,0,1296.768,2046.784,2355.200,308.416,PASS,0
PHASEB_formal_r1_C0_DEFAULT_N2048_q16_rep5,2,4,2,sm_89,R1_EVENT_OVERLAP,NCCL,C0_DEFAULT,2048,2048,2048,16,7,1048576,59,0,1374.880,2358.592,2667.584,308.992,PASS,0
PHASEB_formal_r1_C0_DEFAULT_N2048_q16_rep5,2,4,2,sm_89,R1_EVENT_OVERLAP,NCCL,C0_DEFAULT,2048,2048,2048,16,8,1048576,59,0,1613.824,2671.008,2931.296,260.288,PASS,0
PHASEB_formal_r1_C0_DEFAULT_N2048_q16_rep5,2,4,2,sm_89,R1_EVENT_OVERLAP,NCCL,C0_DEFAULT,2048,2048,2048,16,9,1048576,59,0,1694.912,2934.720,3195.584,260.864,PASS,0
PHASEB_formal_r1_C0_DEFAULT_N2048_q16_rep5,2,4,2,sm_89,R1_EVENT_OVERLAP,NCCL,C0_DEFAULT,2048,2048,2048,16,10,1048576,59,0,1931.200,3198.976,3458.752,259.776,PASS,0
PHASEB_formal_r1_C0_DEFAULT_N2048_q16_rep5,2,4,2,sm_89,R1_EVENT_OVERLAP,NCCL,C0_DEFAULT,2048,2048,2048,16,11,1048576,59,0,2018.560,3462.176,3722.880,260.704,PASS,0
PHASEB_formal_r1_C0_DEFAULT_N2048_q16_rep5,2,4,2,sm_89,R1_EVENT_OVERLAP,NCCL,C0_DEFAULT,2048,2048,2048,16,12,1048576,59,0,2249.920,3726.304,3986.016,259.712,PASS,0
PHASEB_formal_r1_C0_DEFAULT_N2048_q16_rep5,2,4,2,sm_89,R1_EVENT_OVERLAP,NCCL,C0_DEFAULT,2048,2048,2048,16,13,1048576,59,0,2327.136,3989.440,4251.136,261.696,PASS,0
PHASEB_formal_r1_C0_DEFAULT_N2048_q16_rep5,2,4,2,sm_89,R1_EVENT_OVERLAP,NCCL,C0_DEFAULT,2048,2048,2048,16,14,1048576,59,0,2548.512,4254.560,4514.464,259.904,PASS,0
PHASEB_formal_r1_C0_DEFAULT_N2048_q16_rep5,2,4,2,sm_89,R1_EVENT_OVERLAP,NCCL,C0_DEFAULT,2048,2048,2048,16,15,1048576,59,0,2629.024,4517.856,4778.432,260.576,PASS,0
PHASEB_formal_r1_C0_DEFAULT_N2048_q16_rep5,2,4,2,sm_89,R1_EVENT_OVERLAP,NCCL,C0_DEFAULT,2048,2048,2048,16,0,1048576,60,0,122.656,129.376,435.264,305.888,PASS,0
PHASEB_formal_r1_C0_DEFAULT_N2048_q16_rep5,2,4,2,sm_89,R1_EVENT_OVERLAP,NCCL,C0_DEFAULT,2048,2048,2048,16,1,1048576,60,0,199.360,439.136,753.184,314.048,PASS,0
PHASEB_formal_r1_C0_DEFAULT_N2048_q16_rep5,2,4,2,sm_89,R1_EVENT_OVERLAP,NCCL,C0_DEFAULT,2048,2048,2048,16,2,1048576,60,0,424.224,756.544,1065.696,309.152,PASS,0
PHASEB_formal_r1_C0_DEFAULT_N2048_q16_rep5,2,4,2,sm_89,R1_EVENT_OVERLAP,NCCL,C0_DEFAULT,2048,2048,2048,16,3,1048576,60,0,510.880,1069.632,1346.624,276.992,PASS,0
PHASEB_formal_r1_C0_DEFAULT_N2048_q16_rep5,2,4,2,sm_89,R1_EVENT_OVERLAP,NCCL,C0_DEFAULT,2048,2048,2048,16,4,1048576,60,0,746.304,1350.400,1662.016,311.616,PASS,0
PHASEB_formal_r1_C0_DEFAULT_N2048_q16_rep5,2,4,2,sm_89,R1_EVENT_OVERLAP,NCCL,C0_DEFAULT,2048,2048,2048,16,5,1048576,60,0,1076.160,1665.408,1942.240,276.832,PASS,0
PHASEB_formal_r1_C0_DEFAULT_N2048_q16_rep5,2,4,2,sm_89,R1_EVENT_OVERLAP,NCCL,C0_DEFAULT,2048,2048,2048,16,6,1048576,60,0,1382.880,1945.536,2257.920,312.384,PASS,0
PHASEB_formal_r1_C0_DEFAULT_N2048_q16_rep5,2,4,2,sm_89,R1_EVENT_OVERLAP,NCCL,C0_DEFAULT,2048,2048,2048,16,7,1048576,60,0,1671.712,2261.504,2532.544,271.040,PASS,0
PHASEB_formal_r1_C0_DEFAULT_N2048_q16_rep5,2,4,2,sm_89,R1_EVENT_OVERLAP,NCCL,C0_DEFAULT,2048,2048,2048,16,8,1048576,60,0,1978.464,2536.128,2842.688,306.560,PASS,0
PHASEB_formal_r1_C0_DEFAULT_N2048_q16_rep5,2,4,2,sm_89,R1_EVENT_OVERLAP,NCCL,C0_DEFAULT,2048,2048,2048,16,9,1048576,60,0,2268.576,2846.048,3118.688,272.640,PASS,0
PHASEB_formal_r1_C0_DEFAULT_N2048_q16_rep5,2,4,2,sm_89,R1_EVENT_OVERLAP,NCCL,C0_DEFAULT,2048,2048,2048,16,10,1048576,60,0,2579.392,3122.112,3434.304,312.192,PASS,0
PHASEB_formal_r1_C0_DEFAULT_N2048_q16_rep5,2,4,2,sm_89,R1_EVENT_OVERLAP,NCCL,C0_DEFAULT,2048,2048,2048,16,11,1048576,60,0,2852.864,3437.792,3714.176,276.384,PASS,0
PHASEB_formal_r1_C0_DEFAULT_N2048_q16_rep5,2,4,2,sm_89,R1_EVENT_OVERLAP,NCCL,C0_DEFAULT,2048,2048,2048,16,12,1048576,60,0,3160.352,3717.440,4026.272,308.832,PASS,0
PHASEB_formal_r1_C0_DEFAULT_N2048_q16_rep5,2,4,2,sm_89,R1_EVENT_OVERLAP,NCCL,C0_DEFAULT,2048,2048,2048,16,13,1048576,60,0,3444.256,4029.728,4290.080,260.352,PASS,0
PHASEB_formal_r1_C0_DEFAULT_N2048_q16_rep5,2,4,2,sm_89,R1_EVENT_OVERLAP,NCCL,C0_DEFAULT,2048,2048,2048,16,14,1048576,60,0,3759.584,4293.728,4554.464,260.736,PASS,0
PHASEB_formal_r1_C0_DEFAULT_N2048_q16_rep5,2,4,2,sm_89,R1_EVENT_OVERLAP,NCCL,C0_DEFAULT,2048,2048,2048,16,15,1048576,60,0,4036.512,4557.888,4816.320,258.432,PASS,0
PHASEB_formal_r1_C0_DEFAULT_N2048_q16_rep5,2,4,2,sm_89,R1_EVENT_OVERLAP,NCCL,C0_DEFAULT,2048,2048,2048,16,0,1048576,61,0,124.544,131.552,447.200,315.648,PASS,0
PHASEB_formal_r1_C0_DEFAULT_N2048_q16_rep5,2,4,2,sm_89,R1_EVENT_OVERLAP,NCCL,C0_DEFAULT,2048,2048,2048,16,1,1048576,61,0,199.648,450.560,768.352,317.792,PASS,0
PHASEB_formal_r1_C0_DEFAULT_N2048_q16_rep5,2,4,2,sm_89,R1_EVENT_OVERLAP,NCCL,C0_DEFAULT,2048,2048,2048,16,2,1048576,61,0,423.488,773.216,1085.088,311.872,PASS,0
PHASEB_formal_r1_C0_DEFAULT_N2048_q16_rep5,2,4,2,sm_89,R1_EVENT_OVERLAP,NCCL,C0_DEFAULT,2048,2048,2048,16,3,1048576,61,0,513.152,1088.512,1396.832,308.320,PASS,0
PHASEB_formal_r1_C0_DEFAULT_N2048_q16_rep5,2,4,2,sm_89,R1_EVENT_OVERLAP,NCCL,C0_DEFAULT,2048,2048,2048,16,4,1048576,61,0,739.136,1400.224,1673.728,273.504,PASS,0
PHASEB_formal_r1_C0_DEFAULT_N2048_q16_rep5,2,4,2,sm_89,R1_EVENT_OVERLAP,NCCL,C0_DEFAULT,2048,2048,2048,16,5,1048576,61,0,1076.960,1677.216,1987.936,310.720,PASS,0
PHASEB_formal_r1_C0_DEFAULT_N2048_q16_rep5,2,4,2,sm_89,R1_EVENT_OVERLAP,NCCL,C0_DEFAULT,2048,2048,2048,16,6,1048576,61,0,1407.360,1991.776,2270.336,278.560,PASS,0
PHASEB_formal_r1_C0_DEFAULT_N2048_q16_rep5,2,4,2,sm_89,R1_EVENT_OVERLAP,NCCL,C0_DEFAULT,2048,2048,2048,16,7,1048576,61,0,1712.768,2273.696,2583.584,309.888,PASS,0
PHASEB_formal_r1_C0_DEFAULT_N2048_q16_rep5,2,4,2,sm_89,R1_EVENT_OVERLAP,NCCL,C0_DEFAULT,2048,2048,2048,16,8,1048576,61,0,1998.272,2587.008,2859.296,272.288,PASS,0
PHASEB_formal_r1_C0_DEFAULT_N2048_q16_rep5,2,4,2,sm_89,R1_EVENT_OVERLAP,NCCL,C0_DEFAULT,2048,2048,2048,16,9,1048576,61,0,2306.112,2862.944,3174.752,311.808,PASS,0
PHASEB_formal_r1_C0_DEFAULT_N2048_q16_rep5,2,4,2,sm_89,R1_EVENT_OVERLAP,NCCL,C0_DEFAULT,2048,2048,2048,16,10,1048576,61,0,2593.280,3178.112,3460.672,282.560,PASS,0
PHASEB_formal_r1_C0_DEFAULT_N2048_q16_rep5,2,4,2,sm_89,R1_EVENT_OVERLAP,NCCL,C0_DEFAULT,2048,2048,2048,16,11,1048576,61,0,2906.592,3464.128,3772.800,308.672,PASS,0
PHASEB_formal_r1_C0_DEFAULT_N2048_q16_rep5,2,4,2,sm_89,R1_EVENT_OVERLAP,NCCL,C0_DEFAULT,2048,2048,2048,16,12,1048576,61,0,3190.912,3776.288,4085.568,309.280,PASS,0
PHASEB_formal_r1_C0_DEFAULT_N2048_q16_rep5,2,4,2,sm_89,R1_EVENT_OVERLAP,NCCL,C0_DEFAULT,2048,2048,2048,16,13,1048576,61,0,3499.744,4088.992,4387.552,298.560,PASS,0
PHASEB_formal_r1_C0_DEFAULT_N2048_q16_rep5,2,4,2,sm_89,R1_EVENT_OVERLAP,NCCL,C0_DEFAULT,2048,2048,2048,16,14,1048576,61,0,3802.368,4390.944,4650.688,259.744,PASS,0
PHASEB_formal_r1_C0_DEFAULT_N2048_q16_rep5,2,4,2,sm_89,R1_EVENT_OVERLAP,NCCL,C0_DEFAULT,2048,2048,2048,16,15,1048576,61,0,4105.088,4654.112,4913.664,259.552,PASS,0
PHASEB_formal_r1_C0_DEFAULT_N2048_q16_rep5,2,4,2,sm_89,R1_EVENT_OVERLAP,NCCL,C0_DEFAULT,2048,2048,2048,16,0,1048576,62,0,124.928,131.648,439.488,307.840,PASS,0
PHASEB_formal_r1_C0_DEFAULT_N2048_q16_rep5,2,4,2,sm_89,R1_EVENT_OVERLAP,NCCL,C0_DEFAULT,2048,2048,2048,16,1,1048576,62,0,198.752,442.880,725.760,282.880,PASS,0
PHASEB_formal_r1_C0_DEFAULT_N2048_q16_rep5,2,4,2,sm_89,R1_EVENT_OVERLAP,NCCL,C0_DEFAULT,2048,2048,2048,16,2,1048576,62,0,449.440,729.312,1040.160,310.848,PASS,0
PHASEB_formal_r1_C0_DEFAULT_N2048_q16_rep5,2,4,2,sm_89,R1_EVENT_OVERLAP,NCCL,C0_DEFAULT,2048,2048,2048,16,3,1048576,62,0,758.048,1043.584,1355.616,312.032,PASS,0
PHASEB_formal_r1_C0_DEFAULT_N2048_q16_rep5,2,4,2,sm_89,R1_EVENT_OVERLAP,NCCL,C0_DEFAULT,2048,2048,2048,16,4,1048576,62,0,1079.136,1358.944,1633.824,274.880,PASS,0
PHASEB_formal_r1_C0_DEFAULT_N2048_q16_rep5,2,4,2,sm_89,R1_EVENT_OVERLAP,NCCL,C0_DEFAULT,2048,2048,2048,16,5,1048576,62,0,1365.184,1637.600,1946.912,309.312,PASS,0
PHASEB_formal_r1_C0_DEFAULT_N2048_q16_rep5,2,4,2,sm_89,R1_EVENT_OVERLAP,NCCL,C0_DEFAULT,2048,2048,2048,16,6,1048576,62,0,1674.784,1950.528,2221.472,270.944,PASS,0
PHASEB_formal_r1_C0_DEFAULT_N2048_q16_rep5,2,4,2,sm_89,R1_EVENT_OVERLAP,NCCL,C0_DEFAULT,2048,2048,2048,16,7,1048576,62,0,1961.408,2224.864,2538.176,313.312,PASS,0
PHASEB_formal_r1_C0_DEFAULT_N2048_q16_rep5,2,4,2,sm_89,R1_EVENT_OVERLAP,NCCL,C0_DEFAULT,2048,2048,2048,16,8,1048576,62,0,2273.440,2541.952,2853.888,311.936,PASS,0
PHASEB_formal_r1_C0_DEFAULT_N2048_q16_rep5,2,4,2,sm_89,R1_EVENT_OVERLAP,NCCL,C0_DEFAULT,2048,2048,2048,16,9,1048576,62,0,2569.120,2857.568,3168.640,311.072,PASS,0
PHASEB_formal_r1_C0_DEFAULT_N2048_q16_rep5,2,4,2,sm_89,R1_EVENT_OVERLAP,NCCL,C0_DEFAULT,2048,2048,2048,16,10,1048576,62,0,2881.184,3172.256,3489.696,317.440,PASS,0
PHASEB_formal_r1_C0_DEFAULT_N2048_q16_rep5,2,4,2,sm_89,R1_EVENT_OVERLAP,NCCL,C0_DEFAULT,2048,2048,2048,16,11,1048576,62,0,3190.240,3493.408,3805.472,312.064,PASS,0
PHASEB_formal_r1_C0_DEFAULT_N2048_q16_rep5,2,4,2,sm_89,R1_EVENT_OVERLAP,NCCL,C0_DEFAULT,2048,2048,2048,16,12,1048576,62,0,3482.400,3809.408,4115.872,306.464,PASS,0
PHASEB_formal_r1_C0_DEFAULT_N2048_q16_rep5,2,4,2,sm_89,R1_EVENT_OVERLAP,NCCL,C0_DEFAULT,2048,2048,2048,16,13,1048576,62,0,3798.208,4119.264,4420.960,301.696,PASS,0
PHASEB_formal_r1_C0_DEFAULT_N2048_q16_rep5,2,4,2,sm_89,R1_EVENT_OVERLAP,NCCL,C0_DEFAULT,2048,2048,2048,16,14,1048576,62,0,4084.096,4424.384,4684.896,260.512,PASS,0
PHASEB_formal_r1_C0_DEFAULT_N2048_q16_rep5,2,4,2,sm_89,R1_EVENT_OVERLAP,NCCL,C0_DEFAULT,2048,2048,2048,16,15,1048576,62,0,4402.592,4688.320,4947.264,258.944,PASS,0
PHASEB_formal_r1_C0_DEFAULT_N2048_q16_rep5,2,4,2,sm_89,R1_EVENT_OVERLAP,NCCL,C0_DEFAULT,2048,2048,2048,16,0,1048576,63,0,129.984,136.768,451.616,314.848,PASS,0
PHASEB_formal_r1_C0_DEFAULT_N2048_q16_rep5,2,4,2,sm_89,R1_EVENT_OVERLAP,NCCL,C0_DEFAULT,2048,2048,2048,16,1,1048576,63,0,204.576,455.008,768.320,313.312,PASS,0
PHASEB_formal_r1_C0_DEFAULT_N2048_q16_rep5,2,4,2,sm_89,R1_EVENT_OVERLAP,NCCL,C0_DEFAULT,2048,2048,2048,16,2,1048576,63,0,427.872,771.744,1096.960,325.216,PASS,0
PHASEB_formal_r1_C0_DEFAULT_N2048_q16_rep5,2,4,2,sm_89,R1_EVENT_OVERLAP,NCCL,C0_DEFAULT,2048,2048,2048,16,3,1048576,63,0,520.576,1101.728,1409.536,307.808,PASS,0
PHASEB_formal_r1_C0_DEFAULT_N2048_q16_rep5,2,4,2,sm_89,R1_EVENT_OVERLAP,NCCL,C0_DEFAULT,2048,2048,2048,16,4,1048576,63,0,743.232,1412.896,1731.264,318.368,PASS,0
PHASEB_formal_r1_C0_DEFAULT_N2048_q16_rep5,2,4,2,sm_89,R1_EVENT_OVERLAP,NCCL,C0_DEFAULT,2048,2048,2048,16,5,1048576,63,0,836.768,1734.784,2055.136,320.352,PASS,0
PHASEB_formal_r1_C0_DEFAULT_N2048_q16_rep5,2,4,2,sm_89,R1_EVENT_OVERLAP,NCCL,C0_DEFAULT,2048,2048,2048,16,6,1048576,63,0,1063.840,2058.848,2366.496,307.648,PASS,0
PHASEB_formal_r1_C0_DEFAULT_N2048_q16_rep5,2,4,2,sm_89,R1_EVENT_OVERLAP,NCCL,C0_DEFAULT,2048,2048,2048,16,7,1048576,63,0,1144.992,2369.888,2699.200,329.312,PASS,0
PHASEB_formal_r1_C0_DEFAULT_N2048_q16_rep5,2,4,2,sm_89,R1_EVENT_OVERLAP,NCCL,C0_DEFAULT,2048,2048,2048,16,8,1048576,63,0,1383.456,2703.200,3034.688,331.488,PASS,0
PHASEB_formal_r1_C0_DEFAULT_N2048_q16_rep5,2,4,2,sm_89,R1_EVENT_OVERLAP,NCCL,C0_DEFAULT,2048,2048,2048,16,9,1048576,63,0,1704.160,3038.080,3342.240,304.160,PASS,0
PHASEB_formal_r1_C0_DEFAULT_N2048_q16_rep5,2,4,2,sm_89,R1_EVENT_OVERLAP,NCCL,C0_DEFAULT,2048,2048,2048,16,10,1048576,63,0,1976.896,3345.632,3646.112,300.480,PASS,0
PHASEB_formal_r1_C0_DEFAULT_N2048_q16_rep5,2,4,2,sm_89,R1_EVENT_OVERLAP,NCCL,C0_DEFAULT,2048,2048,2048,16,11,1048576,63,0,2294.432,3649.536,3910.624,261.088,PASS,0
PHASEB_formal_r1_C0_DEFAULT_N2048_q16_rep5,2,4,2,sm_89,R1_EVENT_OVERLAP,NCCL,C0_DEFAULT,2048,2048,2048,16,12,1048576,63,0,2576.352,3914.016,4173.280,259.264,PASS,0
PHASEB_formal_r1_C0_DEFAULT_N2048_q16_rep5,2,4,2,sm_89,R1_EVENT_OVERLAP,NCCL,C0_DEFAULT,2048,2048,2048,16,13,1048576,63,0,2888.608,4176.704,4437.280,260.576,PASS,0
PHASEB_formal_r1_C0_DEFAULT_N2048_q16_rep5,2,4,2,sm_89,R1_EVENT_OVERLAP,NCCL,C0_DEFAULT,2048,2048,2048,16,14,1048576,63,0,3171.200,4440.704,4700.640,259.936,PASS,0
PHASEB_formal_r1_C0_DEFAULT_N2048_q16_rep5,2,4,2,sm_89,R1_EVENT_OVERLAP,NCCL,C0_DEFAULT,2048,2048,2048,16,15,1048576,63,0,3483.488,4704.064,4964.608,260.544,PASS,0
PHASEB_formal_r1_C0_DEFAULT_N2048_q16_rep5,2,4,2,sm_89,R1_EVENT_OVERLAP,NCCL,C0_DEFAULT,2048,2048,2048,16,0,1048576,64,0,123.648,130.240,437.312,307.072,PASS,0
PHASEB_formal_r1_C0_DEFAULT_N2048_q16_rep5,2,4,2,sm_89,R1_EVENT_OVERLAP,NCCL,C0_DEFAULT,2048,2048,2048,16,1,1048576,64,0,198.528,440.704,754.112,313.408,PASS,0
PHASEB_formal_r1_C0_DEFAULT_N2048_q16_rep5,2,4,2,sm_89,R1_EVENT_OVERLAP,NCCL,C0_DEFAULT,2048,2048,2048,16,2,1048576,64,0,426.464,758.144,1033.376,275.232,PASS,0
PHASEB_formal_r1_C0_DEFAULT_N2048_q16_rep5,2,4,2,sm_89,R1_EVENT_OVERLAP,NCCL,C0_DEFAULT,2048,2048,2048,16,3,1048576,64,0,764.576,1037.344,1345.728,308.384,PASS,0
PHASEB_formal_r1_C0_DEFAULT_N2048_q16_rep5,2,4,2,sm_89,R1_EVENT_OVERLAP,NCCL,C0_DEFAULT,2048,2048,2048,16,4,1048576,64,0,1082.112,1349.632,1620.192,270.560,PASS,0
PHASEB_formal_r1_C0_DEFAULT_N2048_q16_rep5,2,4,2,sm_89,R1_EVENT_OVERLAP,NCCL,C0_DEFAULT,2048,2048,2048,16,5,1048576,64,0,1356.128,1623.648,1934.752,311.104,PASS,0
PHASEB_formal_r1_C0_DEFAULT_N2048_q16_rep5,2,4,2,sm_89,R1_EVENT_OVERLAP,NCCL,C0_DEFAULT,2048,2048,2048,16,6,1048576,64,0,1672.608,1938.176,2249.632,311.456,PASS,0
PHASEB_formal_r1_C0_DEFAULT_N2048_q16_rep5,2,4,2,sm_89,R1_EVENT_OVERLAP,NCCL,C0_DEFAULT,2048,2048,2048,16,7,1048576,64,0,1955.104,2253.088,2560.384,307.296,PASS,0
PHASEB_formal_r1_C0_DEFAULT_N2048_q16_rep5,2,4,2,sm_89,R1_EVENT_OVERLAP,NCCL,C0_DEFAULT,2048,2048,2048,16,8,1048576,64,0,2271.264,2563.808,2843.968,280.160,PASS,0
PHASEB_formal_r1_C0_DEFAULT_N2048_q16_rep5,2,4,2,sm_89,R1_EVENT_OVERLAP,NCCL,C0_DEFAULT,2048,2048,2048,16,9,1048576,64,0,2570.208,2847.360,3158.528,311.168,PASS,0
PHASEB_formal_r1_C0_DEFAULT_N2048_q16_rep5,2,4,2,sm_89,R1_EVENT_OVERLAP,NCCL,C0_DEFAULT,2048,2048,2048,16,10,1048576,64,0,2878.528,3162.336,3446.016,283.680,PASS,0
PHASEB_formal_r1_C0_DEFAULT_N2048_q16_rep5,2,4,2,sm_89,R1_EVENT_OVERLAP,NCCL,C0_DEFAULT,2048,2048,2048,16,11,1048576,64,0,3169.504,3449.536,3761.152,311.616,PASS,0
PHASEB_formal_r1_C0_DEFAULT_N2048_q16_rep5,2,4,2,sm_89,R1_EVENT_OVERLAP,NCCL,C0_DEFAULT,2048,2048,2048,16,12,1048576,64,0,3484.608,3764.640,4036.064,271.424,PASS,0
PHASEB_formal_r1_C0_DEFAULT_N2048_q16_rep5,2,4,2,sm_89,R1_EVENT_OVERLAP,NCCL,C0_DEFAULT,2048,2048,2048,16,13,1048576,64,0,3770.976,4039.776,4347.488,307.712,PASS,0
PHASEB_formal_r1_C0_DEFAULT_N2048_q16_rep5,2,4,2,sm_89,R1_EVENT_OVERLAP,NCCL,C0_DEFAULT,2048,2048,2048,16,14,1048576,64,0,4081.664,4350.848,4611.776,260.928,PASS,0
PHASEB_formal_r1_C0_DEFAULT_N2048_q16_rep5,2,4,2,sm_89,R1_EVENT_OVERLAP,NCCL,C0_DEFAULT,2048,2048,2048,16,15,1048576,64,0,4357.056,4615.200,4874.720,259.520,PASS,0
PHASEB_formal_r1_C0_DEFAULT_N2048_q16_rep5,2,4,2,sm_89,R1_EVENT_OVERLAP,NCCL,C0_DEFAULT,2048,2048,2048,16,0,1048576,65,0,134.944,141.952,447.072,305.120,PASS,0
PHASEB_formal_r1_C0_DEFAULT_N2048_q16_rep5,2,4,2,sm_89,R1_EVENT_OVERLAP,NCCL,C0_DEFAULT,2048,2048,2048,16,1,1048576,65,0,209.408,451.264,729.952,278.688,PASS,0
PHASEB_formal_r1_C0_DEFAULT_N2048_q16_rep5,2,4,2,sm_89,R1_EVENT_OVERLAP,NCCL,C0_DEFAULT,2048,2048,2048,16,2,1048576,65,0,457.792,733.376,1043.840,310.464,PASS,0
PHASEB_formal_r1_C0_DEFAULT_N2048_q16_rep5,2,4,2,sm_89,R1_EVENT_OVERLAP,NCCL,C0_DEFAULT,2048,2048,2048,16,3,1048576,65,0,768.960,1047.168,1361.152,313.984,PASS,0
PHASEB_formal_r1_C0_DEFAULT_N2048_q16_rep5,2,4,2,sm_89,R1_EVENT_OVERLAP,NCCL,C0_DEFAULT,2048,2048,2048,16,4,1048576,65,0,1083.104,1364.608,1637.472,272.864,PASS,0
PHASEB_formal_r1_C0_DEFAULT_N2048_q16_rep5,2,4,2,sm_89,R1_EVENT_OVERLAP,NCCL,C0_DEFAULT,2048,2048,2048,16,5,1048576,65,0,1371.680,1640.992,1951.840,310.848,PASS,0
PHASEB_formal_r1_C0_DEFAULT_N2048_q16_rep5,2,4,2,sm_89,R1_EVENT_OVERLAP,NCCL,C0_DEFAULT,2048,2048,2048,16,6,1048576,65,0,1679.424,1955.200,2232.768,277.568,PASS,0
PHASEB_formal_r1_C0_DEFAULT_N2048_q16_rep5,2,4,2,sm_89,R1_EVENT_OVERLAP,NCCL,C0_DEFAULT,2048,2048,2048,16,7,1048576,65,0,1962.272,2236.480,2547.776,311.296,PASS,0
PHASEB_formal_r1_C0_DEFAULT_N2048_q16_rep5,2,4,2,sm_89,R1_EVENT_OVERLAP,NCCL,C0_DEFAULT,2048,2048,2048,16,8,1048576,65,0,2271.520,2551.424,2867.360,315.936,PASS,0
PHASEB_formal_r1_C0_DEFAULT_N2048_q16_rep5,2,4,2,sm_89,R1_EVENT_OVERLAP,NCCL,C0_DEFAULT,2048,2048,2048,16,9,1048576,65,0,2500.288,2870.784,3150.016,279.232,PASS,0
PHASEB_formal_r1_C0_DEFAULT_N2048_q16_rep5,2,4,2,sm_89,R1_EVENT_OVERLAP,NCCL,C0_DEFAULT,2048,2048,2048,16,10,1048576,65,0,2681.376,3153.536,3465.312,311.776,PASS,0
PHASEB_formal_r1_C0_DEFAULT_N2048_q16_rep5,2,4,2,sm_89,R1_EVENT_OVERLAP,NCCL,C0_DEFAULT,2048,2048,2048,16,11,1048576,65,0,2877.088,3469.184,3744.736,275.552,PASS,0
PHASEB_formal_r1_C0_DEFAULT_N2048_q16_rep5,2,4,2,sm_89,R1_EVENT_OVERLAP,NCCL,C0_DEFAULT,2048,2048,2048,16,12,1048576,65,0,3183.808,3748.256,4055.552,307.296,PASS,0
PHASEB_formal_r1_C0_DEFAULT_N2048_q16_rep5,2,4,2,sm_89,R1_EVENT_OVERLAP,NCCL,C0_DEFAULT,2048,2048,2048,16,13,1048576,65,0,3475.552,4059.040,4319.552,260.512,PASS,0
PHASEB_formal_r1_C0_DEFAULT_N2048_q16_rep5,2,4,2,sm_89,R1_EVENT_OVERLAP,NCCL,C0_DEFAULT,2048,2048,2048,16,14,1048576,65,0,3781.728,4322.976,4583.328,260.352,PASS,0
PHASEB_formal_r1_C0_DEFAULT_N2048_q16_rep5,2,4,2,sm_89,R1_EVENT_OVERLAP,NCCL,C0_DEFAULT,2048,2048,2048,16,15,1048576,65,0,4065.312,4586.784,4846.368,259.584,PASS,0
PHASEB_formal_r1_C0_DEFAULT_N2048_q16_rep5,2,4,2,sm_89,R1_EVENT_OVERLAP,NCCL,C0_DEFAULT,2048,2048,2048,16,0,1048576,66,0,128.352,134.720,440.768,306.048,PASS,0
PHASEB_formal_r1_C0_DEFAULT_N2048_q16_rep5,2,4,2,sm_89,R1_EVENT_OVERLAP,NCCL,C0_DEFAULT,2048,2048,2048,16,1,1048576,66,0,204.992,444.224,751.328,307.104,PASS,0
PHASEB_formal_r1_C0_DEFAULT_N2048_q16_rep5,2,4,2,sm_89,R1_EVENT_OVERLAP,NCCL,C0_DEFAULT,2048,2048,2048,16,2,1048576,66,0,430.048,754.912,1061.056,306.144,PASS,0
PHASEB_formal_r1_C0_DEFAULT_N2048_q16_rep5,2,4,2,sm_89,R1_EVENT_OVERLAP,NCCL,C0_DEFAULT,2048,2048,2048,16,3,1048576,66,0,519.104,1064.416,1376.512,312.096,PASS,0
PHASEB_formal_r1_C0_DEFAULT_N2048_q16_rep5,2,4,2,sm_89,R1_EVENT_OVERLAP,NCCL,C0_DEFAULT,2048,2048,2048,16,4,1048576,66,0,744.384,1380.032,1653.088,273.056,PASS,0
PHASEB_formal_r1_C0_DEFAULT_N2048_q16_rep5,2,4,2,sm_89,R1_EVENT_OVERLAP,NCCL,C0_DEFAULT,2048,2048,2048,16,5,1048576,66,0,822.080,1656.672,1964.960,308.288,PASS,0
PHASEB_formal_r1_C0_DEFAULT_N2048_q16_rep5,2,4,2,sm_89,R1_EVENT_OVERLAP,NCCL,C0_DEFAULT,2048,2048,2048,16,6,1048576,66,0,1050.720,1968.352,2276.288,307.936,PASS,0
PHASEB_formal_r1_C0_DEFAULT_N2048_q16_rep5,2,4,2,sm_89,R1_EVENT_OVERLAP,NCCL,C0_DEFAULT,2048,2048,2048,16,7,1048576,66,0,1144.768,2279.712,2594.112,314.400,PASS,0
PHASEB_formal_r1_C0_DEFAULT_N2048_q16_rep5,2,4,2,sm_89,R1_EVENT_OVERLAP,NCCL,C0_DEFAULT,2048,2048,2048,16,8,1048576,66,0,1386.592,2597.920,2873.504,275.584,PASS,0
PHASEB_formal_r1_C0_DEFAULT_N2048_q16_rep5,2,4,2,sm_89,R1_EVENT_OVERLAP,NCCL,C0_DEFAULT,2048,2048,2048,16,9,1048576,66,0,1701.440,2876.896,3185.920,309.024,PASS,0
PHASEB_formal_r1_C0_DEFAULT_N2048_q16_rep5,2,4,2,sm_89,R1_EVENT_OVERLAP,NCCL,C0_DEFAULT,2048,2048,2048,16,10,1048576,66,0,1988.032,3189.440,3463.872,274.432,PASS,0
PHASEB_formal_r1_C0_DEFAULT_N2048_q16_rep5,2,4,2,sm_89,R1_EVENT_OVERLAP,NCCL,C0_DEFAULT,2048,2048,2048,16,11,1048576,66,0,2306.944,3467.232,3765.216,297.984,PASS,0
PHASEB_formal_r1_C0_DEFAULT_N2048_q16_rep5,2,4,2,sm_89,R1_EVENT_OVERLAP,NCCL,C0_DEFAULT,2048,2048,2048,16,12,1048576,66,0,2607.936,3768.800,4029.792,260.992,PASS,0
PHASEB_formal_r1_C0_DEFAULT_N2048_q16_rep5,2,4,2,sm_89,R1_EVENT_OVERLAP,NCCL,C0_DEFAULT,2048,2048,2048,16,13,1048576,66,0,2914.048,4033.184,4293.824,260.640,PASS,0
PHASEB_formal_r1_C0_DEFAULT_N2048_q16_rep5,2,4,2,sm_89,R1_EVENT_OVERLAP,NCCL,C0_DEFAULT,2048,2048,2048,16,14,1048576,66,0,3197.184,4297.248,4557.568,260.320,PASS,0
PHASEB_formal_r1_C0_DEFAULT_N2048_q16_rep5,2,4,2,sm_89,R1_EVENT_OVERLAP,NCCL,C0_DEFAULT,2048,2048,2048,16,15,1048576,66,0,3513.216,4560.992,4820.768,259.776,PASS,0
PHASEB_formal_r1_C0_DEFAULT_N2048_q16_rep5,2,4,2,sm_89,R1_EVENT_OVERLAP,NCCL,C0_DEFAULT,2048,2048,2048,16,0,1048576,67,0,127.712,134.336,438.304,303.968,PASS,0
PHASEB_formal_r1_C0_DEFAULT_N2048_q16_rep5,2,4,2,sm_89,R1_EVENT_OVERLAP,NCCL,C0_DEFAULT,2048,2048,2048,16,1,1048576,67,0,201.984,441.760,742.368,300.608,PASS,0
PHASEB_formal_r1_C0_DEFAULT_N2048_q16_rep5,2,4,2,sm_89,R1_EVENT_OVERLAP,NCCL,C0_DEFAULT,2048,2048,2048,16,2,1048576,67,0,427.488,745.888,1057.920,312.032,PASS,0
PHASEB_formal_r1_C0_DEFAULT_N2048_q16_rep5,2,4,2,sm_89,R1_EVENT_OVERLAP,NCCL,C0_DEFAULT,2048,2048,2048,16,3,1048576,67,0,503.872,1061.376,1380.352,318.976,PASS,0
PHASEB_formal_r1_C0_DEFAULT_N2048_q16_rep5,2,4,2,sm_89,R1_EVENT_OVERLAP,NCCL,C0_DEFAULT,2048,2048,2048,16,4,1048576,67,0,734.592,1384.064,1659.008,274.944,PASS,0
PHASEB_formal_r1_C0_DEFAULT_N2048_q16_rep5,2,4,2,sm_89,R1_EVENT_OVERLAP,NCCL,C0_DEFAULT,2048,2048,2048,16,5,1048576,67,0,820.576,1662.432,1977.024,314.592,PASS,0
PHASEB_formal_r1_C0_DEFAULT_N2048_q16_rep5,2,4,2,sm_89,R1_EVENT_OVERLAP,NCCL,C0_DEFAULT,2048,2048,2048,16,6,1048576,67,0,1050.368,1980.416,2291.136,310.720,PASS,0
PHASEB_formal_r1_C0_DEFAULT_N2048_q16_rep5,2,4,2,sm_89,R1_EVENT_OVERLAP,NCCL,C0_DEFAULT,2048,2048,2048,16,7,1048576,67,0,1391.136,2294.528,2604.992,310.464,PASS,0
PHASEB_formal_r1_C0_DEFAULT_N2048_q16_rep5,2,4,2,sm_89,R1_EVENT_OVERLAP,NCCL,C0_DEFAULT,2048,2048,2048,16,8,1048576,67,0,1703.328,2608.384,2877.696,269.312,PASS,0
PHASEB_formal_r1_C0_DEFAULT_N2048_q16_rep5,2,4,2,sm_89,R1_EVENT_OVERLAP,NCCL,C0_DEFAULT,2048,2048,2048,16,9,1048576,67,0,2003.680,2881.408,3193.376,311.968,PASS,0
PHASEB_formal_r1_C0_DEFAULT_N2048_q16_rep5,2,4,2,sm_89,R1_EVENT_OVERLAP,NCCL,C0_DEFAULT,2048,2048,2048,16,10,1048576,67,0,2316.896,3196.768,3468.896,272.128,PASS,0
PHASEB_formal_r1_C0_DEFAULT_N2048_q16_rep5,2,4,2,sm_89,R1_EVENT_OVERLAP,NCCL,C0_DEFAULT,2048,2048,2048,16,11,1048576,67,0,2615.552,3472.352,3779.936,307.584,PASS,0
PHASEB_formal_r1_C0_DEFAULT_N2048_q16_rep5,2,4,2,sm_89,R1_EVENT_OVERLAP,NCCL,C0_DEFAULT,2048,2048,2048,16,12,1048576,67,0,2923.360,3783.360,4043.840,260.480,PASS,0
PHASEB_formal_r1_C0_DEFAULT_N2048_q16_rep5,2,4,2,sm_89,R1_EVENT_OVERLAP,NCCL,C0_DEFAULT,2048,2048,2048,16,13,1048576,67,0,3203.424,4047.264,4308.128,260.864,PASS,0
PHASEB_formal_r1_C0_DEFAULT_N2048_q16_rep5,2,4,2,sm_89,R1_EVENT_OVERLAP,NCCL,C0_DEFAULT,2048,2048,2048,16,14,1048576,67,0,3512.160,4311.584,4571.552,259.968,PASS,0
PHASEB_formal_r1_C0_DEFAULT_N2048_q16_rep5,2,4,2,sm_89,R1_EVENT_OVERLAP,NCCL,C0_DEFAULT,2048,2048,2048,16,15,1048576,67,0,3790.208,4574.976,4834.688,259.712,PASS,0
PHASEB_formal_r1_C0_DEFAULT_N2048_q16_rep5,2,4,2,sm_89,R1_EVENT_OVERLAP,NCCL,C0_DEFAULT,2048,2048,2048,16,0,1048576,68,0,124.544,131.616,443.712,312.096,PASS,0
PHASEB_formal_r1_C0_DEFAULT_N2048_q16_rep5,2,4,2,sm_89,R1_EVENT_OVERLAP,NCCL,C0_DEFAULT,2048,2048,2048,16,1,1048576,68,0,209.408,447.136,718.688,271.552,PASS,0
PHASEB_formal_r1_C0_DEFAULT_N2048_q16_rep5,2,4,2,sm_89,R1_EVENT_OVERLAP,NCCL,C0_DEFAULT,2048,2048,2048,16,2,1048576,68,0,453.504,722.080,1034.112,312.032,PASS,0
PHASEB_formal_r1_C0_DEFAULT_N2048_q16_rep5,2,4,2,sm_89,R1_EVENT_OVERLAP,NCCL,C0_DEFAULT,2048,2048,2048,16,3,1048576,68,0,766.112,1038.176,1346.752,308.576,PASS,0
PHASEB_formal_r1_C0_DEFAULT_N2048_q16_rep5,2,4,2,sm_89,R1_EVENT_OVERLAP,NCCL,C0_DEFAULT,2048,2048,2048,16,4,1048576,68,0,1074.432,1350.112,1618.624,268.512,PASS,0
PHASEB_formal_r1_C0_DEFAULT_N2048_q16_rep5,2,4,2,sm_89,R1_EVENT_OVERLAP,NCCL,C0_DEFAULT,2048,2048,2048,16,5,1048576,68,0,1359.456,1622.272,1928.416,306.144,PASS,0
PHASEB_formal_r1_C0_DEFAULT_N2048_q16_rep5,2,4,2,sm_89,R1_EVENT_OVERLAP,NCCL,C0_DEFAULT,2048,2048,2048,16,6,1048576,68,0,1675.168,1931.872,2238.592,306.720,PASS,0
PHASEB_formal_r1_C0_DEFAULT_N2048_q16_rep5,2,4,2,sm_89,R1_EVENT_OVERLAP,NCCL,C0_DEFAULT,2048,2048,2048,16,7,1048576,68,0,1972.000,2242.048,2554.048,312.000,PASS,0
PHASEB_formal_r1_C0_DEFAULT_N2048_q16_rep5,2,4,2,sm_89,R1_EVENT_OVERLAP,NCCL,C0_DEFAULT,2048,2048,2048,16,8,1048576,68,0,2278.592,2557.504,2831.296,273.792,PASS,0
PHASEB_formal_r1_C0_DEFAULT_N2048_q16_rep5,2,4,2,sm_89,R1_EVENT_OVERLAP,NCCL,C0_DEFAULT,2048,2048,2048,16,9,1048576,68,0,2564.608,2834.656,3144.224,309.568,PASS,0
PHASEB_formal_r1_C0_DEFAULT_N2048_q16_rep5,2,4,2,sm_89,R1_EVENT_OVERLAP,NCCL,C0_DEFAULT,2048,2048,2048,16,10,1048576,68,0,2870.240,3147.808,3431.040,283.232,PASS,0
PHASEB_formal_r1_C0_DEFAULT_N2048_q16_rep5,2,4,2,sm_89,R1_EVENT_OVERLAP,NCCL,C0_DEFAULT,2048,2048,2048,16,11,1048576,68,0,3154.208,3434.432,3745.856,311.424,PASS,0
PHASEB_formal_r1_C0_DEFAULT_N2048_q16_rep5,2,4,2,sm_89,R1_EVENT_OVERLAP,NCCL,C0_DEFAULT,2048,2048,2048,16,12,1048576,68,0,3472.512,3749.280,4020.416,271.136,PASS,0
PHASEB_formal_r1_C0_DEFAULT_N2048_q16_rep5,2,4,2,sm_89,R1_EVENT_OVERLAP,NCCL,C0_DEFAULT,2048,2048,2048,16,13,1048576,68,0,3756.128,4023.808,4335.104,311.296,PASS,0
PHASEB_formal_r1_C0_DEFAULT_N2048_q16_rep5,2,4,2,sm_89,R1_EVENT_OVERLAP,NCCL,C0_DEFAULT,2048,2048,2048,16,14,1048576,68,0,4069.920,4338.560,4599.712,261.152,PASS,0
PHASEB_formal_r1_C0_DEFAULT_N2048_q16_rep5,2,4,2,sm_89,R1_EVENT_OVERLAP,NCCL,C0_DEFAULT,2048,2048,2048,16,15,1048576,68,0,4350.368,4603.392,4862.688,259.296,PASS,0
PHASEB_formal_r1_C0_DEFAULT_N2048_q16_rep5,2,4,2,sm_89,R1_EVENT_OVERLAP,NCCL,C0_DEFAULT,2048,2048,2048,16,0,1048576,69,0,121.568,128.192,433.408,305.216,PASS,0
PHASEB_formal_r1_C0_DEFAULT_N2048_q16_rep5,2,4,2,sm_89,R1_EVENT_OVERLAP,NCCL,C0_DEFAULT,2048,2048,2048,16,1,1048576,69,0,196.160,436.768,746.336,309.568,PASS,0
PHASEB_formal_r1_C0_DEFAULT_N2048_q16_rep5,2,4,2,sm_89,R1_EVENT_OVERLAP,NCCL,C0_DEFAULT,2048,2048,2048,16,2,1048576,69,0,422.208,749.792,1066.048,316.256,PASS,0
PHASEB_formal_r1_C0_DEFAULT_N2048_q16_rep5,2,4,2,sm_89,R1_EVENT_OVERLAP,NCCL,C0_DEFAULT,2048,2048,2048,16,3,1048576,69,0,511.040,1069.664,1380.416,310.752,PASS,0
PHASEB_formal_r1_C0_DEFAULT_N2048_q16_rep5,2,4,2,sm_89,R1_EVENT_OVERLAP,NCCL,C0_DEFAULT,2048,2048,2048,16,4,1048576,69,0,739.360,1384.192,1694.144,309.952,PASS,0
PHASEB_formal_r1_C0_DEFAULT_N2048_q16_rep5,2,4,2,sm_89,R1_EVENT_OVERLAP,NCCL,C0_DEFAULT,2048,2048,2048,16,5,1048576,69,0,1058.848,1698.176,2006.976,308.800,PASS,0
PHASEB_formal_r1_C0_DEFAULT_N2048_q16_rep5,2,4,2,sm_89,R1_EVENT_OVERLAP,NCCL,C0_DEFAULT,2048,2048,2048,16,6,1048576,69,0,1373.504,2010.720,2318.240,307.520,PASS,0
PHASEB_formal_r1_C0_DEFAULT_N2048_q16_rep5,2,4,2,sm_89,R1_EVENT_OVERLAP,NCCL,C0_DEFAULT,2048,2048,2048,16,7,1048576,69,0,1652.896,2322.208,2627.936,305.728,PASS,0
PHASEB_formal_r1_C0_DEFAULT_N2048_q16_rep5,2,4,2,sm_89,R1_EVENT_OVERLAP,NCCL,C0_DEFAULT,2048,2048,2048,16,8,1048576,69,0,1975.392,2631.904,2940.448,308.544,PASS,0
PHASEB_formal_r1_C0_DEFAULT_N2048_q16_rep5,2,4,2,sm_89,R1_EVENT_OVERLAP,NCCL,C0_DEFAULT,2048,2048,2048,16,9,1048576,69,0,2244.416,2943.872,3271.104,327.232,PASS,0
PHASEB_formal_r1_C0_DEFAULT_N2048_q16_rep5,2,4,2,sm_89,R1_EVENT_OVERLAP,NCCL,C0_DEFAULT,2048,2048,2048,16,10,1048576,69,0,2555.712,3275.072,3615.328,340.256,PASS,0
PHASEB_formal_r1_C0_DEFAULT_N2048_q16_rep5,2,4,2,sm_89,R1_EVENT_OVERLAP,NCCL,C0_DEFAULT,2048,2048,2048,16,11,1048576,69,0,2871.168,3618.688,3934.336,315.648,PASS,0
PHASEB_formal_r1_C0_DEFAULT_N2048_q16_rep5,2,4,2,sm_89,R1_EVENT_OVERLAP,NCCL,C0_DEFAULT,2048,2048,2048,16,12,1048576,69,0,3156.000,3937.856,4237.760,299.904,PASS,0
PHASEB_formal_r1_C0_DEFAULT_N2048_q16_rep5,2,4,2,sm_89,R1_EVENT_OVERLAP,NCCL,C0_DEFAULT,2048,2048,2048,16,13,1048576,69,0,3469.280,4241.184,4502.368,261.184,PASS,0
PHASEB_formal_r1_C0_DEFAULT_N2048_q16_rep5,2,4,2,sm_89,R1_EVENT_OVERLAP,NCCL,C0_DEFAULT,2048,2048,2048,16,14,1048576,69,0,3763.168,4505.824,4765.760,259.936,PASS,0
PHASEB_formal_r1_C0_DEFAULT_N2048_q16_rep5,2,4,2,sm_89,R1_EVENT_OVERLAP,NCCL,C0_DEFAULT,2048,2048,2048,16,15,1048576,69,0,4072.224,4769.216,5028.608,259.392,PASS,0
PHASEB_formal_r1_C0_DEFAULT_N2048_q16_rep5,2,4,2,sm_89,R1_EVENT_OVERLAP,NCCL,C0_DEFAULT,2048,2048,2048,16,0,1048576,70,0,129.856,136.512,442.336,305.824,PASS,0
PHASEB_formal_r1_C0_DEFAULT_N2048_q16_rep5,2,4,2,sm_89,R1_EVENT_OVERLAP,NCCL,C0_DEFAULT,2048,2048,2048,16,1,1048576,70,0,203.552,445.760,749.536,303.776,PASS,0
PHASEB_formal_r1_C0_DEFAULT_N2048_q16_rep5,2,4,2,sm_89,R1_EVENT_OVERLAP,NCCL,C0_DEFAULT,2048,2048,2048,16,2,1048576,70,0,433.056,753.056,1068.416,315.360,PASS,0
PHASEB_formal_r1_C0_DEFAULT_N2048_q16_rep5,2,4,2,sm_89,R1_EVENT_OVERLAP,NCCL,C0_DEFAULT,2048,2048,2048,16,3,1048576,70,0,516.416,1071.744,1390.720,318.976,PASS,0
PHASEB_formal_r1_C0_DEFAULT_N2048_q16_rep5,2,4,2,sm_89,R1_EVENT_OVERLAP,NCCL,C0_DEFAULT,2048,2048,2048,16,4,1048576,70,0,741.184,1394.112,1702.656,308.544,PASS,0
PHASEB_formal_r1_C0_DEFAULT_N2048_q16_rep5,2,4,2,sm_89,R1_EVENT_OVERLAP,NCCL,C0_DEFAULT,2048,2048,2048,16,5,1048576,70,0,833.664,1706.176,2018.752,312.576,PASS,0
PHASEB_formal_r1_C0_DEFAULT_N2048_q16_rep5,2,4,2,sm_89,R1_EVENT_OVERLAP,NCCL,C0_DEFAULT,2048,2048,2048,16,6,1048576,70,0,1061.056,2022.656,2331.584,308.928,PASS,0
PHASEB_formal_r1_C0_DEFAULT_N2048_q16_rep5,2,4,2,sm_89,R1_EVENT_OVERLAP,NCCL,C0_DEFAULT,2048,2048,2048,16,7,1048576,70,0,1382.912,2334.912,2639.872,304.960,PASS,0
PHASEB_formal_r1_C0_DEFAULT_N2048_q16_rep5,2,4,2,sm_89,R1_EVENT_OVERLAP,NCCL,C0_DEFAULT,2048,2048,2048,16,8,1048576,70,0,1665.408,2644.224,2971.424,327.200,PASS,0
PHASEB_formal_r1_C0_DEFAULT_N2048_q16_rep5,2,4,2,sm_89,R1_EVENT_OVERLAP,NCCL,C0_DEFAULT,2048,2048,2048,16,9,1048576,70,0,1977.344,2975.744,3306.912,331.168,PASS,0
PHASEB_formal_r1_C0_DEFAULT_N2048_q16_rep5,2,4,2,sm_89,R1_EVENT_OVERLAP,NCCL,C0_DEFAULT,2048,2048,2048,16,10,1048576,70,0,2257.888,3310.528,3631.392,320.864,PASS,0
PHASEB_formal_r1_C0_DEFAULT_N2048_q16_rep5,2,4,2,sm_89,R1_EVENT_OVERLAP,NCCL,C0_DEFAULT,2048,2048,2048,16,11,1048576,70,0,2571.520,3634.784,3935.936,301.152,PASS,0
PHASEB_formal_r1_C0_DEFAULT_N2048_q16_rep5,2,4,2,sm_89,R1_EVENT_OVERLAP,NCCL,C0_DEFAULT,2048,2048,2048,16,12,1048576,70,0,2856.768,3939.296,4200.288,260.992,PASS,0
PHASEB_formal_r1_C0_DEFAULT_N2048_q16_rep5,2,4,2,sm_89,R1_EVENT_OVERLAP,NCCL,C0_DEFAULT,2048,2048,2048,16,13,1048576,70,0,3167.808,4203.712,4464.576,260.864,PASS,0
PHASEB_formal_r1_C0_DEFAULT_N2048_q16_rep5,2,4,2,sm_89,R1_EVENT_OVERLAP,NCCL,C0_DEFAULT,2048,2048,2048,16,14,1048576,70,0,3459.808,4468.000,4729.088,261.088,PASS,0
PHASEB_formal_r1_C0_DEFAULT_N2048_q16_rep5,2,4,2,sm_89,R1_EVENT_OVERLAP,NCCL,C0_DEFAULT,2048,2048,2048,16,15,1048576,70,0,3770.752,4732.512,4991.968,259.456,PASS,0
PHASEB_formal_r1_C0_DEFAULT_N2048_q16_rep5,2,4,2,sm_89,R1_EVENT_OVERLAP,NCCL,C0_DEFAULT,2048,2048,2048,16,0,1048576,71,0,119.904,126.528,443.424,316.896,PASS,0
PHASEB_formal_r1_C0_DEFAULT_N2048_q16_rep5,2,4,2,sm_89,R1_EVENT_OVERLAP,NCCL,C0_DEFAULT,2048,2048,2048,16,1,1048576,71,0,193.696,446.784,765.696,318.912,PASS,0
PHASEB_formal_r1_C0_DEFAULT_N2048_q16_rep5,2,4,2,sm_89,R1_EVENT_OVERLAP,NCCL,C0_DEFAULT,2048,2048,2048,16,2,1048576,71,0,419.680,769.088,1076.416,307.328,PASS,0
PHASEB_formal_r1_C0_DEFAULT_N2048_q16_rep5,2,4,2,sm_89,R1_EVENT_OVERLAP,NCCL,C0_DEFAULT,2048,2048,2048,16,3,1048576,71,0,496.320,1079.776,1385.824,306.048,PASS,0
PHASEB_formal_r1_C0_DEFAULT_N2048_q16_rep5,2,4,2,sm_89,R1_EVENT_OVERLAP,NCCL,C0_DEFAULT,2048,2048,2048,16,4,1048576,71,0,723.904,1389.280,1693.568,304.288,PASS,0
PHASEB_formal_r1_C0_DEFAULT_N2048_q16_rep5,2,4,2,sm_89,R1_EVENT_OVERLAP,NCCL,C0_DEFAULT,2048,2048,2048,16,5,1048576,71,0,820.864,1696.896,2008.000,311.104,PASS,0
PHASEB_formal_r1_C0_DEFAULT_N2048_q16_rep5,2,4,2,sm_89,R1_EVENT_OVERLAP,NCCL,C0_DEFAULT,2048,2048,2048,16,6,1048576,71,0,1065.600,2011.584,2319.008,307.424,PASS,0
PHASEB_formal_r1_C0_DEFAULT_N2048_q16_rep5,2,4,2,sm_89,R1_EVENT_OVERLAP,NCCL,C0_DEFAULT,2048,2048,2048,16,7,1048576,71,0,1375.488,2322.432,2629.056,306.624,PASS,0
PHASEB_formal_r1_C0_DEFAULT_N2048_q16_rep5,2,4,2,sm_89,R1_EVENT_OVERLAP,NCCL,C0_DEFAULT,2048,2048,2048,16,8,1048576,71,0,1663.488,2632.704,2939.840,307.136,PASS,0
PHASEB_formal_r1_C0_DEFAULT_N2048_q16_rep5,2,4,2,sm_89,R1_EVENT_OVERLAP,NCCL,C0_DEFAULT,2048,2048,2048,16,9,1048576,71,0,1980.672,2943.328,3250.560,307.232,PASS,0
PHASEB_formal_r1_C0_DEFAULT_N2048_q16_rep5,2,4,2,sm_89,R1_EVENT_OVERLAP,NCCL,C0_DEFAULT,2048,2048,2048,16,10,1048576,71,0,2260.352,3253.888,3575.936,322.048,PASS,0
PHASEB_formal_r1_C0_DEFAULT_N2048_q16_rep5,2,4,2,sm_89,R1_EVENT_OVERLAP,NCCL,C0_DEFAULT,2048,2048,2048,16,11,1048576,71,0,2569.760,3579.584,3896.384,316.800,PASS,0
PHASEB_formal_r1_C0_DEFAULT_N2048_q16_rep5,2,4,2,sm_89,R1_EVENT_OVERLAP,NCCL,C0_DEFAULT,2048,2048,2048,16,12,1048576,71,0,2859.264,3899.808,4159.936,260.128,PASS,0
PHASEB_formal_r1_C0_DEFAULT_N2048_q16_rep5,2,4,2,sm_89,R1_EVENT_OVERLAP,NCCL,C0_DEFAULT,2048,2048,2048,16,13,1048576,71,0,3175.200,4163.360,4423.936,260.576,PASS,0
PHASEB_formal_r1_C0_DEFAULT_N2048_q16_rep5,2,4,2,sm_89,R1_EVENT_OVERLAP,NCCL,C0_DEFAULT,2048,2048,2048,16,14,1048576,71,0,3448.384,4427.360,4687.264,259.904,PASS,0
PHASEB_formal_r1_C0_DEFAULT_N2048_q16_rep5,2,4,2,sm_89,R1_EVENT_OVERLAP,NCCL,C0_DEFAULT,2048,2048,2048,16,15,1048576,71,0,3763.712,4690.688,4950.592,259.904,PASS,0
PHASEB_formal_r1_C0_DEFAULT_N2048_q16_rep5,2,4,2,sm_89,R1_EVENT_OVERLAP,NCCL,C0_DEFAULT,2048,2048,2048,16,0,1048576,72,0,124.128,131.648,444.384,312.736,PASS,0
PHASEB_formal_r1_C0_DEFAULT_N2048_q16_rep5,2,4,2,sm_89,R1_EVENT_OVERLAP,NCCL,C0_DEFAULT,2048,2048,2048,16,1,1048576,72,0,208.160,447.744,758.944,311.200,PASS,0
PHASEB_formal_r1_C0_DEFAULT_N2048_q16_rep5,2,4,2,sm_89,R1_EVENT_OVERLAP,NCCL,C0_DEFAULT,2048,2048,2048,16,2,1048576,72,0,437.536,763.040,1033.280,270.240,PASS,0
PHASEB_formal_r1_C0_DEFAULT_N2048_q16_rep5,2,4,2,sm_89,R1_EVENT_OVERLAP,NCCL,C0_DEFAULT,2048,2048,2048,16,3,1048576,72,0,770.016,1036.800,1347.072,310.272,PASS,0
PHASEB_formal_r1_C0_DEFAULT_N2048_q16_rep5,2,4,2,sm_89,R1_EVENT_OVERLAP,NCCL,C0_DEFAULT,2048,2048,2048,16,4,1048576,72,0,1076.448,1350.592,1660.160,309.568,PASS,0
PHASEB_formal_r1_C0_DEFAULT_N2048_q16_rep5,2,4,2,sm_89,R1_EVENT_OVERLAP,NCCL,C0_DEFAULT,2048,2048,2048,16,5,1048576,72,0,1363.872,1663.552,1973.632,310.080,PASS,0
PHASEB_formal_r1_C0_DEFAULT_N2048_q16_rep5,2,4,2,sm_89,R1_EVENT_OVERLAP,NCCL,C0_DEFAULT,2048,2048,2048,16,6,1048576,72,0,1681.184,1976.992,2252.320,275.328,PASS,0
PHASEB_formal_r1_C0_DEFAULT_N2048_q16_rep5,2,4,2,sm_89,R1_EVENT_OVERLAP,NCCL,C0_DEFAULT,2048,2048,2048,16,7,1048576,72,0,1983.296,2255.680,2565.952,310.272,PASS,0
PHASEB_formal_r1_C0_DEFAULT_N2048_q16_rep5,2,4,2,sm_89,R1_EVENT_OVERLAP,NCCL,C0_DEFAULT,2048,2048,2048,16,8,1048576,72,0,2293.024,2569.568,2845.568,276.000,PASS,0
PHASEB_formal_r1_C0_DEFAULT_N2048_q16_rep5,2,4,2,sm_89,R1_EVENT_OVERLAP,NCCL,C0_DEFAULT,2048,2048,2048,16,9,1048576,72,0,2581.280,2848.864,3156.768,307.904,PASS,0
PHASEB_formal_r1_C0_DEFAULT_N2048_q16_rep5,2,4,2,sm_89,R1_EVENT_OVERLAP,NCCL,C0_DEFAULT,2048,2048,2048,16,10,1048576,72,0,2895.008,3160.192,3473.600,313.408,PASS,0
PHASEB_formal_r1_C0_DEFAULT_N2048_q16_rep5,2,4,2,sm_89,R1_EVENT_OVERLAP,NCCL,C0_DEFAULT,2048,2048,2048,16,11,1048576,72,0,3187.424,3477.056,3794.880,317.824,PASS,0
PHASEB_formal_r1_C0_DEFAULT_N2048_q16_rep5,2,4,2,sm_89,R1_EVENT_OVERLAP,NCCL,C0_DEFAULT,2048,2048,2048,16,12,1048576,72,0,3503.040,3798.304,4111.104,312.800,PASS,0
PHASEB_formal_r1_C0_DEFAULT_N2048_q16_rep5,2,4,2,sm_89,R1_EVENT_OVERLAP,NCCL,C0_DEFAULT,2048,2048,2048,16,13,1048576,72,0,3787.488,4114.496,4413.440,298.944,PASS,0
PHASEB_formal_r1_C0_DEFAULT_N2048_q16_rep5,2,4,2,sm_89,R1_EVENT_OVERLAP,NCCL,C0_DEFAULT,2048,2048,2048,16,14,1048576,72,0,4102.944,4416.832,4678.016,261.184,PASS,0
PHASEB_formal_r1_C0_DEFAULT_N2048_q16_rep5,2,4,2,sm_89,R1_EVENT_OVERLAP,NCCL,C0_DEFAULT,2048,2048,2048,16,15,1048576,72,0,4375.872,4681.440,4940.384,258.944,PASS,0
PHASEB_formal_r1_C0_DEFAULT_N2048_q16_rep5,2,4,2,sm_89,R1_EVENT_OVERLAP,NCCL,C0_DEFAULT,2048,2048,2048,16,0,1048576,73,0,126.880,133.536,441.760,308.224,PASS,0
PHASEB_formal_r1_C0_DEFAULT_N2048_q16_rep5,2,4,2,sm_89,R1_EVENT_OVERLAP,NCCL,C0_DEFAULT,2048,2048,2048,16,1,1048576,73,0,199.936,445.312,747.072,301.760,PASS,0
PHASEB_formal_r1_C0_DEFAULT_N2048_q16_rep5,2,4,2,sm_89,R1_EVENT_OVERLAP,NCCL,C0_DEFAULT,2048,2048,2048,16,2,1048576,73,0,435.296,751.488,1064.192,312.704,PASS,0
PHASEB_formal_r1_C0_DEFAULT_N2048_q16_rep5,2,4,2,sm_89,R1_EVENT_OVERLAP,NCCL,C0_DEFAULT,2048,2048,2048,16,3,1048576,73,0,511.392,1067.616,1375.296,307.680,PASS,0
PHASEB_formal_r1_C0_DEFAULT_N2048_q16_rep5,2,4,2,sm_89,R1_EVENT_OVERLAP,NCCL,C0_DEFAULT,2048,2048,2048,16,4,1048576,73,0,738.912,1378.784,1657.376,278.592,PASS,0
PHASEB_formal_r1_C0_DEFAULT_N2048_q16_rep5,2,4,2,sm_89,R1_EVENT_OVERLAP,NCCL,C0_DEFAULT,2048,2048,2048,16,5,1048576,73,0,821.760,1660.704,1969.536,308.832,PASS,0
PHASEB_formal_r1_C0_DEFAULT_N2048_q16_rep5,2,4,2,sm_89,R1_EVENT_OVERLAP,NCCL,C0_DEFAULT,2048,2048,2048,16,6,1048576,73,0,1056.672,1972.896,2247.264,274.368,PASS,0
PHASEB_formal_r1_C0_DEFAULT_N2048_q16_rep5,2,4,2,sm_89,R1_EVENT_OVERLAP,NCCL,C0_DEFAULT,2048,2048,2048,16,7,1048576,73,0,1385.088,2250.688,2561.440,310.752,PASS,0
PHASEB_formal_r1_C0_DEFAULT_N2048_q16_rep5,2,4,2,sm_89,R1_EVENT_OVERLAP,NCCL,C0_DEFAULT,2048,2048,2048,16,8,1048576,73,0,1692.576,2564.832,2875.232,310.400,PASS,0
PHASEB_formal_r1_C0_DEFAULT_N2048_q16_rep5,2,4,2,sm_89,R1_EVENT_OVERLAP,NCCL,C0_DEFAULT,2048,2048,2048,16,9,1048576,73,0,1979.168,2878.624,3155.584,276.960,PASS,0
PHASEB_formal_r1_C0_DEFAULT_N2048_q16_rep5,2,4,2,sm_89,R1_EVENT_OVERLAP,NCCL,C0_DEFAULT,2048,2048,2048,16,10,1048576,73,0,2288.384,3158.944,3470.688,311.744,PASS,0
PHASEB_formal_r1_C0_DEFAULT_N2048_q16_rep5,2,4,2,sm_89,R1_EVENT_OVERLAP,NCCL,C0_DEFAULT,2048,2048,2048,16,11,1048576,73,0,2583.072,3474.656,3745.312,270.656,PASS,0
PHASEB_formal_r1_C0_DEFAULT_N2048_q16_rep5,2,4,2,sm_89,R1_EVENT_OVERLAP,NCCL,C0_DEFAULT,2048,2048,2048,16,12,1048576,73,0,2884.992,3748.800,4045.376,296.576,PASS,0
PHASEB_formal_r1_C0_DEFAULT_N2048_q16_rep5,2,4,2,sm_89,R1_EVENT_OVERLAP,NCCL,C0_DEFAULT,2048,2048,2048,16,13,1048576,73,0,3194.144,4049.088,4310.688,261.600,PASS,0
PHASEB_formal_r1_C0_DEFAULT_N2048_q16_rep5,2,4,2,sm_89,R1_EVENT_OVERLAP,NCCL,C0_DEFAULT,2048,2048,2048,16,14,1048576,73,0,3483.904,4314.112,4574.624,260.512,PASS,0
PHASEB_formal_r1_C0_DEFAULT_N2048_q16_rep5,2,4,2,sm_89,R1_EVENT_OVERLAP,NCCL,C0_DEFAULT,2048,2048,2048,16,15,1048576,73,0,3786.400,4578.048,4838.368,260.320,PASS,0
PHASEB_formal_r1_C0_DEFAULT_N2048_q16_rep5,2,4,2,sm_89,R1_EVENT_OVERLAP,NCCL,C0_DEFAULT,2048,2048,2048,16,0,1048576,74,0,130.048,136.640,441.664,305.024,PASS,0
PHASEB_formal_r1_C0_DEFAULT_N2048_q16_rep5,2,4,2,sm_89,R1_EVENT_OVERLAP,NCCL,C0_DEFAULT,2048,2048,2048,16,1,1048576,74,0,206.240,445.120,750.848,305.728,PASS,0
PHASEB_formal_r1_C0_DEFAULT_N2048_q16_rep5,2,4,2,sm_89,R1_EVENT_OVERLAP,NCCL,C0_DEFAULT,2048,2048,2048,16,2,1048576,74,0,432.544,754.624,1065.216,310.592,PASS,0
PHASEB_formal_r1_C0_DEFAULT_N2048_q16_rep5,2,4,2,sm_89,R1_EVENT_OVERLAP,NCCL,C0_DEFAULT,2048,2048,2048,16,3,1048576,74,0,508.224,1068.608,1381.984,313.376,PASS,0
PHASEB_formal_r1_C0_DEFAULT_N2048_q16_rep5,2,4,2,sm_89,R1_EVENT_OVERLAP,NCCL,C0_DEFAULT,2048,2048,2048,16,4,1048576,74,0,741.504,1385.760,1697.696,311.936,PASS,0
PHASEB_formal_r1_C0_DEFAULT_N2048_q16_rep5,2,4,2,sm_89,R1_EVENT_OVERLAP,NCCL,C0_DEFAULT,2048,2048,2048,16,5,1048576,74,0,836.608,1701.088,2011.264,310.176,PASS,0
PHASEB_formal_r1_C0_DEFAULT_N2048_q16_rep5,2,4,2,sm_89,R1_EVENT_OVERLAP,NCCL,C0_DEFAULT,2048,2048,2048,16,6,1048576,74,0,1057.344,2014.688,2318.336,303.648,PASS,0
PHASEB_formal_r1_C0_DEFAULT_N2048_q16_rep5,2,4,2,sm_89,R1_EVENT_OVERLAP,NCCL,C0_DEFAULT,2048,2048,2048,16,7,1048576,74,0,1146.688,2321.824,2600.000,278.176,PASS,0
PHASEB_formal_r1_C0_DEFAULT_N2048_q16_rep5,2,4,2,sm_89,R1_EVENT_OVERLAP,NCCL,C0_DEFAULT,2048,2048,2048,16,8,1048576,74,0,1374.272,2603.328,2901.280,297.952,PASS,0
PHASEB_formal_r1_C0_DEFAULT_N2048_q16_rep5,2,4,2,sm_89,R1_EVENT_OVERLAP,NCCL,C0_DEFAULT,2048,2048,2048,16,9,1048576,74,0,1462.624,2904.672,3164.800,260.128,PASS,0
PHASEB_formal_r1_C0_DEFAULT_N2048_q16_rep5,2,4,2,sm_89,R1_EVENT_OVERLAP,NCCL,C0_DEFAULT,2048,2048,2048,16,10,1048576,74,0,1687.488,3168.512,3429.216,260.704,PASS,0
PHASEB_formal_r1_C0_DEFAULT_N2048_q16_rep5,2,4,2,sm_89,R1_EVENT_OVERLAP,NCCL,C0_DEFAULT,2048,2048,2048,16,11,1048576,74,0,1762.400,3432.608,3692.480,259.872,PASS,0
PHASEB_formal_r1_C0_DEFAULT_N2048_q16_rep5,2,4,2,sm_89,R1_EVENT_OVERLAP,NCCL,C0_DEFAULT,2048,2048,2048,16,12,1048576,74,0,2000.448,3695.904,3956.896,260.992,PASS,0
PHASEB_formal_r1_C0_DEFAULT_N2048_q16_rep5,2,4,2,sm_89,R1_EVENT_OVERLAP,NCCL,C0_DEFAULT,2048,2048,2048,16,13,1048576,74,0,2077.696,3960.320,4220.576,260.256,PASS,0
PHASEB_formal_r1_C0_DEFAULT_N2048_q16_rep5,2,4,2,sm_89,R1_EVENT_OVERLAP,NCCL,C0_DEFAULT,2048,2048,2048,16,14,1048576,74,0,2328.128,4224.064,4485.248,261.184,PASS,0
PHASEB_formal_r1_C0_DEFAULT_N2048_q16_rep5,2,4,2,sm_89,R1_EVENT_OVERLAP,NCCL,C0_DEFAULT,2048,2048,2048,16,15,1048576,74,0,2637.664,4488.672,4748.192,259.520,PASS,0
PHASEB_formal_r1_C0_DEFAULT_N2048_q16_rep5,2,4,2,sm_89,R1_EVENT_OVERLAP,NCCL,C0_DEFAULT,2048,2048,2048,16,0,1048576,75,0,133.376,140.352,455.744,315.392,PASS,0
PHASEB_formal_r1_C0_DEFAULT_N2048_q16_rep5,2,4,2,sm_89,R1_EVENT_OVERLAP,NCCL,C0_DEFAULT,2048,2048,2048,16,1,1048576,75,0,208.768,459.104,772.640,313.536,PASS,0
PHASEB_formal_r1_C0_DEFAULT_N2048_q16_rep5,2,4,2,sm_89,R1_EVENT_OVERLAP,NCCL,C0_DEFAULT,2048,2048,2048,16,2,1048576,75,0,431.424,776.160,1088.672,312.512,PASS,0
PHASEB_formal_r1_C0_DEFAULT_N2048_q16_rep5,2,4,2,sm_89,R1_EVENT_OVERLAP,NCCL,C0_DEFAULT,2048,2048,2048,16,3,1048576,75,0,520.032,1092.064,1401.696,309.632,PASS,0
PHASEB_formal_r1_C0_DEFAULT_N2048_q16_rep5,2,4,2,sm_89,R1_EVENT_OVERLAP,NCCL,C0_DEFAULT,2048,2048,2048,16,4,1048576,75,0,746.048,1405.088,1736.800,331.712,PASS,0
PHASEB_formal_r1_C0_DEFAULT_N2048_q16_rep5,2,4,2,sm_89,R1_EVENT_OVERLAP,NCCL,C0_DEFAULT,2048,2048,2048,16,5,1048576,75,0,825.568,1740.160,2052.512,312.352,PASS,0
PHASEB_formal_r1_C0_DEFAULT_N2048_q16_rep5,2,4,2,sm_89,R1_EVENT_OVERLAP,NCCL,C0_DEFAULT,2048,2048,2048,16,6,1048576,75,0,1050.336,2056.128,2366.400,310.272,PASS,0
PHASEB_formal_r1_C0_DEFAULT_N2048_q16_rep5,2,4,2,sm_89,R1_EVENT_OVERLAP,NCCL,C0_DEFAULT,2048,2048,2048,16,7,1048576,75,0,1130.208,2369.792,2675.104,305.312,PASS,0
PHASEB_formal_r1_C0_DEFAULT_N2048_q16_rep5,2,4,2,sm_89,R1_EVENT_OVERLAP,NCCL,C0_DEFAULT,2048,2048,2048,16,8,1048576,75,0,1371.200,2678.496,2977.568,299.072,PASS,0
PHASEB_formal_r1_C0_DEFAULT_N2048_q16_rep5,2,4,2,sm_89,R1_EVENT_OVERLAP,NCCL,C0_DEFAULT,2048,2048,2048,16,9,1048576,75,0,1461.600,2980.992,3241.952,260.960,PASS,0
PHASEB_formal_r1_C0_DEFAULT_N2048_q16_rep5,2,4,2,sm_89,R1_EVENT_OVERLAP,NCCL,C0_DEFAULT,2048,2048,2048,16,10,1048576,75,0,1685.344,3245.408,3504.800,259.392,PASS,0
PHASEB_formal_r1_C0_DEFAULT_N2048_q16_rep5,2,4,2,sm_89,R1_EVENT_OVERLAP,NCCL,C0_DEFAULT,2048,2048,2048,16,11,1048576,75,0,1777.536,3508.224,3769.536,261.312,PASS,0
PHASEB_formal_r1_C0_DEFAULT_N2048_q16_rep5,2,4,2,sm_89,R1_EVENT_OVERLAP,NCCL,C0_DEFAULT,2048,2048,2048,16,12,1048576,75,0,2008.544,3772.960,4033.472,260.512,PASS,0
PHASEB_formal_r1_C0_DEFAULT_N2048_q16_rep5,2,4,2,sm_89,R1_EVENT_OVERLAP,NCCL,C0_DEFAULT,2048,2048,2048,16,13,1048576,75,0,2324.512,4036.928,4298.080,261.152,PASS,0
PHASEB_formal_r1_C0_DEFAULT_N2048_q16_rep5,2,4,2,sm_89,R1_EVENT_OVERLAP,NCCL,C0_DEFAULT,2048,2048,2048,16,14,1048576,75,0,2607.008,4301.504,4561.408,259.904,PASS,0
PHASEB_formal_r1_C0_DEFAULT_N2048_q16_rep5,2,4,2,sm_89,R1_EVENT_OVERLAP,NCCL,C0_DEFAULT,2048,2048,2048,16,15,1048576,75,0,2914.144,4564.864,4824.608,259.744,PASS,0
PHASEB_formal_r1_C0_DEFAULT_N2048_q16_rep5,2,4,2,sm_89,R1_EVENT_OVERLAP,NCCL,C0_DEFAULT,2048,2048,2048,16,0,1048576,76,0,133.408,140.064,455.456,315.392,PASS,0
PHASEB_formal_r1_C0_DEFAULT_N2048_q16_rep5,2,4,2,sm_89,R1_EVENT_OVERLAP,NCCL,C0_DEFAULT,2048,2048,2048,16,1,1048576,76,0,208.768,458.848,766.240,307.392,PASS,0
PHASEB_formal_r1_C0_DEFAULT_N2048_q16_rep5,2,4,2,sm_89,R1_EVENT_OVERLAP,NCCL,C0_DEFAULT,2048,2048,2048,16,2,1048576,76,0,432.096,769.792,1085.728,315.936,PASS,0
PHASEB_formal_r1_C0_DEFAULT_N2048_q16_rep5,2,4,2,sm_89,R1_EVENT_OVERLAP,NCCL,C0_DEFAULT,2048,2048,2048,16,3,1048576,76,0,508.256,1101.728,1409.856,308.128,PASS,0
PHASEB_formal_r1_C0_DEFAULT_N2048_q16_rep5,2,4,2,sm_89,R1_EVENT_OVERLAP,NCCL,C0_DEFAULT,2048,2048,2048,16,4,1048576,76,0,736.448,1429.376,1737.888,308.512,PASS,0
PHASEB_formal_r1_C0_DEFAULT_N2048_q16_rep5,2,4,2,sm_89,R1_EVENT_OVERLAP,NCCL,C0_DEFAULT,2048,2048,2048,16,5,1048576,76,0,823.680,1741.568,2050.048,308.480,PASS,0
PHASEB_formal_r1_C0_DEFAULT_N2048_q16_rep5,2,4,2,sm_89,R1_EVENT_OVERLAP,NCCL,C0_DEFAULT,2048,2048,2048,16,6,1048576,76,0,1052.288,2056.256,2382.176,325.920,PASS,0
PHASEB_formal_r1_C0_DEFAULT_N2048_q16_rep5,2,4,2,sm_89,R1_EVENT_OVERLAP,NCCL,C0_DEFAULT,2048,2048,2048,16,7,1048576,76,0,1147.456,2386.048,2685.824,299.776,PASS,0
PHASEB_formal_r1_C0_DEFAULT_N2048_q16_rep5,2,4,2,sm_89,R1_EVENT_OVERLAP,NCCL,C0_DEFAULT,2048,2048,2048,16,8,1048576,76,0,1384.096,2689.248,2950.528,261.280,PASS,0
PHASEB_formal_r1_C0_DEFAULT_N2048_q16_rep5,2,4,2,sm_89,R1_EVENT_OVERLAP,NCCL,C0_DEFAULT,2048,2048,2048,16,9,1048576,76,0,1477.984,2953.952,3213.568,259.616,PASS,0
PHASEB_formal_r1_C0_DEFAULT_N2048_q16_rep5,2,4,2,sm_89,R1_EVENT_OVERLAP,NCCL,C0_DEFAULT,2048,2048,2048,16,10,1048576,76,0,1704.864,3217.088,3477.952,260.864,PASS,0
PHASEB_formal_r1_C0_DEFAULT_N2048_q16_rep5,2,4,2,sm_89,R1_EVENT_OVERLAP,NCCL,C0_DEFAULT,2048,2048,2048,16,11,1048576,76,0,1782.496,3481.344,3742.496,261.152,PASS,0
PHASEB_formal_r1_C0_DEFAULT_N2048_q16_rep5,2,4,2,sm_89,R1_EVENT_OVERLAP,NCCL,C0_DEFAULT,2048,2048,2048,16,12,1048576,76,0,2016.928,3745.920,4006.784,260.864,PASS,0
PHASEB_formal_r1_C0_DEFAULT_N2048_q16_rep5,2,4,2,sm_89,R1_EVENT_OVERLAP,NCCL,C0_DEFAULT,2048,2048,2048,16,13,1048576,76,0,2110.560,4010.208,4269.888,259.680,PASS,0
PHASEB_formal_r1_C0_DEFAULT_N2048_q16_rep5,2,4,2,sm_89,R1_EVENT_OVERLAP,NCCL,C0_DEFAULT,2048,2048,2048,16,14,1048576,76,0,2340.832,4273.312,4534.528,261.216,PASS,0
PHASEB_formal_r1_C0_DEFAULT_N2048_q16_rep5,2,4,2,sm_89,R1_EVENT_OVERLAP,NCCL,C0_DEFAULT,2048,2048,2048,16,15,1048576,76,0,2418.752,4537.984,4796.928,258.944,PASS,0
PHASEB_formal_r1_C0_DEFAULT_N2048_q16_rep5,2,4,2,sm_89,R1_EVENT_OVERLAP,NCCL,C0_DEFAULT,2048,2048,2048,16,0,1048576,77,0,125.600,132.128,436.512,304.384,PASS,0
PHASEB_formal_r1_C0_DEFAULT_N2048_q16_rep5,2,4,2,sm_89,R1_EVENT_OVERLAP,NCCL,C0_DEFAULT,2048,2048,2048,16,1,1048576,77,0,200.864,439.936,750.560,310.624,PASS,0
PHASEB_formal_r1_C0_DEFAULT_N2048_q16_rep5,2,4,2,sm_89,R1_EVENT_OVERLAP,NCCL,C0_DEFAULT,2048,2048,2048,16,2,1048576,77,0,425.600,753.952,1067.616,313.664,PASS,0
PHASEB_formal_r1_C0_DEFAULT_N2048_q16_rep5,2,4,2,sm_89,R1_EVENT_OVERLAP,NCCL,C0_DEFAULT,2048,2048,2048,16,3,1048576,77,0,514.112,1071.808,1385.952,314.144,PASS,0
PHASEB_formal_r1_C0_DEFAULT_N2048_q16_rep5,2,4,2,sm_89,R1_EVENT_OVERLAP,NCCL,C0_DEFAULT,2048,2048,2048,16,4,1048576,77,0,743.616,1389.696,1705.856,316.160,PASS,0
PHASEB_formal_r1_C0_DEFAULT_N2048_q16_rep5,2,4,2,sm_89,R1_EVENT_OVERLAP,NCCL,C0_DEFAULT,2048,2048,2048,16,5,1048576,77,0,834.752,1710.592,2027.648,317.056,PASS,0
PHASEB_formal_r1_C0_DEFAULT_N2048_q16_rep5,2,4,2,sm_89,R1_EVENT_OVERLAP,NCCL,C0_DEFAULT,2048,2048,2048,16,6,1048576,77,0,1060.832,2031.456,2336.640,305.184,PASS,0
PHASEB_formal_r1_C0_DEFAULT_N2048_q16_rep5,2,4,2,sm_89,R1_EVENT_OVERLAP,NCCL,C0_DEFAULT,2048,2048,2048,16,7,1048576,77,0,1378.272,2340.128,2646.976,306.848,PASS,0
PHASEB_formal_r1_C0_DEFAULT_N2048_q16_rep5,2,4,2,sm_89,R1_EVENT_OVERLAP,NCCL,C0_DEFAULT,2048,2048,2048,16,8,1048576,77,0,1656.992,2650.560,2968.384,317.824,PASS,0
PHASEB_formal_r1_C0_DEFAULT_N2048_q16_rep5,2,4,2,sm_89,R1_EVENT_OVERLAP,NCCL,C0_DEFAULT,2048,2048,2048,16,9,1048576,77,0,1970.880,2972.032,3275.616,303.584,PASS,0
PHASEB_formal_r1_C0_DEFAULT_N2048_q16_rep5,2,4,2,sm_89,R1_EVENT_OVERLAP,NCCL,C0_DEFAULT,2048,2048,2048,16,10,1048576,77,0,2247.712,3279.072,3584.064,304.992,PASS,0
PHASEB_formal_r1_C0_DEFAULT_N2048_q16_rep5,2,4,2,sm_89,R1_EVENT_OVERLAP,NCCL,C0_DEFAULT,2048,2048,2048,16,11,1048576,77,0,2566.016,3587.520,3887.296,299.776,PASS,0
PHASEB_formal_r1_C0_DEFAULT_N2048_q16_rep5,2,4,2,sm_89,R1_EVENT_OVERLAP,NCCL,C0_DEFAULT,2048,2048,2048,16,12,1048576,77,0,2845.760,3890.688,4150.464,259.776,PASS,0
PHASEB_formal_r1_C0_DEFAULT_N2048_q16_rep5,2,4,2,sm_89,R1_EVENT_OVERLAP,NCCL,C0_DEFAULT,2048,2048,2048,16,13,1048576,77,0,3033.504,4153.888,4415.360,261.472,PASS,0
PHASEB_formal_r1_C0_DEFAULT_N2048_q16_rep5,2,4,2,sm_89,R1_EVENT_OVERLAP,NCCL,C0_DEFAULT,2048,2048,2048,16,14,1048576,77,0,3345.184,4418.784,4679.264,260.480,PASS,0
PHASEB_formal_r1_C0_DEFAULT_N2048_q16_rep5,2,4,2,sm_89,R1_EVENT_OVERLAP,NCCL,C0_DEFAULT,2048,2048,2048,16,15,1048576,77,0,3622.720,4682.720,4942.176,259.456,PASS,0
PHASEB_formal_r1_C0_DEFAULT_N2048_q16_rep5,2,4,2,sm_89,R1_EVENT_OVERLAP,NCCL,C0_DEFAULT,2048,2048,2048,16,0,1048576,78,0,136.384,143.040,453.984,310.944,PASS,0
PHASEB_formal_r1_C0_DEFAULT_N2048_q16_rep5,2,4,2,sm_89,R1_EVENT_OVERLAP,NCCL,C0_DEFAULT,2048,2048,2048,16,1,1048576,78,0,210.528,457.344,772.384,315.040,PASS,0
PHASEB_formal_r1_C0_DEFAULT_N2048_q16_rep5,2,4,2,sm_89,R1_EVENT_OVERLAP,NCCL,C0_DEFAULT,2048,2048,2048,16,2,1048576,78,0,447.744,775.680,1082.368,306.688,PASS,0
PHASEB_formal_r1_C0_DEFAULT_N2048_q16_rep5,2,4,2,sm_89,R1_EVENT_OVERLAP,NCCL,C0_DEFAULT,2048,2048,2048,16,3,1048576,78,0,525.376,1085.792,1405.408,319.616,PASS,0
PHASEB_formal_r1_C0_DEFAULT_N2048_q16_rep5,2,4,2,sm_89,R1_EVENT_OVERLAP,NCCL,C0_DEFAULT,2048,2048,2048,16,4,1048576,78,0,748.864,1410.688,1722.656,311.968,PASS,0
PHASEB_formal_r1_C0_DEFAULT_N2048_q16_rep5,2,4,2,sm_89,R1_EVENT_OVERLAP,NCCL,C0_DEFAULT,2048,2048,2048,16,5,1048576,78,0,829.248,1730.016,2037.216,307.200,PASS,0
PHASEB_formal_r1_C0_DEFAULT_N2048_q16_rep5,2,4,2,sm_89,R1_EVENT_OVERLAP,NCCL,C0_DEFAULT,2048,2048,2048,16,6,1048576,78,0,1055.488,2040.608,2347.872,307.264,PASS,0
PHASEB_formal_r1_C0_DEFAULT_N2048_q16_rep5,2,4,2,sm_89,R1_EVENT_OVERLAP,NCCL,C0_DEFAULT,2048,2048,2048,16,7,1048576,78,0,1156.288,2351.264,2682.912,331.648,PASS,0
PHASEB_formal_r1_C0_DEFAULT_N2048_q16_rep5,2,4,2,sm_89,R1_EVENT_OVERLAP,NCCL,C0_DEFAULT,2048,2048,2048,16,8,1048576,78,0,1379.584,2686.560,3026.464,339.904,PASS,0
PHASEB_formal_r1_C0_DEFAULT_N2048_q16_rep5,2,4,2,sm_89,R1_EVENT_OVERLAP,NCCL,C0_DEFAULT,2048,2048,2048,16,9,1048576,78,0,1696.672,3029.824,3334.496,304.672,PASS,0
PHASEB_formal_r1_C0_DEFAULT_N2048_q16_rep5,2,4,2,sm_89,R1_EVENT_OVERLAP,NCCL,C0_DEFAULT,2048,2048,2048,16,10,1048576,78,0,1973.632,3337.856,3637.952,300.096,PASS,0
PHASEB_formal_r1_C0_DEFAULT_N2048_q16_rep5,2,4,2,sm_89,R1_EVENT_OVERLAP,NCCL,C0_DEFAULT,2048,2048,2048,16,11,1048576,78,0,2284.736,3641.408,3898.496,257.088,PASS,0
PHASEB_formal_r1_C0_DEFAULT_N2048_q16_rep5,2,4,2,sm_89,R1_EVENT_OVERLAP,NCCL,C0_DEFAULT,2048,2048,2048,16,12,1048576,78,0,2563.648,3901.888,4160.320,258.432,PASS,0
PHASEB_formal_r1_C0_DEFAULT_N2048_q16_rep5,2,4,2,sm_89,R1_EVENT_OVERLAP,NCCL,C0_DEFAULT,2048,2048,2048,16,13,1048576,78,0,2881.024,4163.744,4422.336,258.592,PASS,0
PHASEB_formal_r1_C0_DEFAULT_N2048_q16_rep5,2,4,2,sm_89,R1_EVENT_OVERLAP,NCCL,C0_DEFAULT,2048,2048,2048,16,14,1048576,78,0,3162.560,4425.728,4684.320,258.592,PASS,0
PHASEB_formal_r1_C0_DEFAULT_N2048_q16_rep5,2,4,2,sm_89,R1_EVENT_OVERLAP,NCCL,C0_DEFAULT,2048,2048,2048,16,15,1048576,78,0,3473.536,4687.744,4943.968,256.224,PASS,0
PHASEB_formal_r1_C0_DEFAULT_N2048_q16_rep5,2,4,2,sm_89,R1_EVENT_OVERLAP,NCCL,C0_DEFAULT,2048,2048,2048,16,0,1048576,79,0,121.280,127.968,436.640,308.672,PASS,0
PHASEB_formal_r1_C0_DEFAULT_N2048_q16_rep5,2,4,2,sm_89,R1_EVENT_OVERLAP,NCCL,C0_DEFAULT,2048,2048,2048,16,1,1048576,79,0,194.976,440.064,717.728,277.664,PASS,0
PHASEB_formal_r1_C0_DEFAULT_N2048_q16_rep5,2,4,2,sm_89,R1_EVENT_OVERLAP,NCCL,C0_DEFAULT,2048,2048,2048,16,2,1048576,79,0,446.624,721.280,1028.416,307.136,PASS,0
PHASEB_formal_r1_C0_DEFAULT_N2048_q16_rep5,2,4,2,sm_89,R1_EVENT_OVERLAP,NCCL,C0_DEFAULT,2048,2048,2048,16,3,1048576,79,0,769.376,1031.712,1298.880,267.168,PASS,0
PHASEB_formal_r1_C0_DEFAULT_N2048_q16_rep5,2,4,2,sm_89,R1_EVENT_OVERLAP,NCCL,C0_DEFAULT,2048,2048,2048,16,4,1048576,79,0,1037.984,1302.400,1609.952,307.552,PASS,0
PHASEB_formal_r1_C0_DEFAULT_N2048_q16_rep5,2,4,2,sm_89,R1_EVENT_OVERLAP,NCCL,C0_DEFAULT,2048,2048,2048,16,5,1048576,79,0,1350.592,1613.696,1921.632,307.936,PASS,0
PHASEB_formal_r1_C0_DEFAULT_N2048_q16_rep5,2,4,2,sm_89,R1_EVENT_OVERLAP,NCCL,C0_DEFAULT,2048,2048,2048,16,6,1048576,79,0,1639.040,1925.088,2233.632,308.544,PASS,0
PHASEB_formal_r1_C0_DEFAULT_N2048_q16_rep5,2,4,2,sm_89,R1_EVENT_OVERLAP,NCCL,C0_DEFAULT,2048,2048,2048,16,7,1048576,79,0,1940.896,2237.504,2506.080,268.576,PASS,0
PHASEB_formal_r1_C0_DEFAULT_N2048_q16_rep5,2,4,2,sm_89,R1_EVENT_OVERLAP,NCCL,C0_DEFAULT,2048,2048,2048,16,8,1048576,79,0,2248.000,2509.696,2821.120,311.424,PASS,0
PHASEB_formal_r1_C0_DEFAULT_N2048_q16_rep5,2,4,2,sm_89,R1_EVENT_OVERLAP,NCCL,C0_DEFAULT,2048,2048,2048,16,9,1048576,79,0,2545.632,2824.768,3133.856,309.088,PASS,0
PHASEB_formal_r1_C0_DEFAULT_N2048_q16_rep5,2,4,2,sm_89,R1_EVENT_OVERLAP,NCCL,C0_DEFAULT,2048,2048,2048,16,10,1048576,79,0,2839.872,3137.216,3441.088,303.872,PASS,0
PHASEB_formal_r1_C0_DEFAULT_N2048_q16_rep5,2,4,2,sm_89,R1_EVENT_OVERLAP,NCCL,C0_DEFAULT,2048,2048,2048,16,11,1048576,79,0,3152.096,3444.832,3720.096,275.264,PASS,0
PHASEB_formal_r1_C0_DEFAULT_N2048_q16_rep5,2,4,2,sm_89,R1_EVENT_OVERLAP,NCCL,C0_DEFAULT,2048,2048,2048,16,12,1048576,79,0,3452.576,3723.424,4030.976,307.552,PASS,0
PHASEB_formal_r1_C0_DEFAULT_N2048_q16_rep5,2,4,2,sm_89,R1_EVENT_OVERLAP,NCCL,C0_DEFAULT,2048,2048,2048,16,13,1048576,79,0,3756.960,4034.496,4341.600,307.104,PASS,0
PHASEB_formal_r1_C0_DEFAULT_N2048_q16_rep5,2,4,2,sm_89,R1_EVENT_OVERLAP,NCCL,C0_DEFAULT,2048,2048,2048,16,14,1048576,79,0,4049.248,4345.056,4603.040,257.984,PASS,0
PHASEB_formal_r1_C0_DEFAULT_N2048_q16_rep5,2,4,2,sm_89,R1_EVENT_OVERLAP,NCCL,C0_DEFAULT,2048,2048,2048,16,15,1048576,79,0,4360.640,4606.464,4863.552,257.088,PASS,0
