run_id,rank,rank_count,device,gfx_arch,path,family,candidate,M,N,K,q,slice_index,slice_bytes,iteration_index,t_issue_us,t_release_us,t_gemm_start_us,t_gemm_end_us,t_gemm_duration_us,correctness,status
PHASEB_formal_r1_C0_DEFAULT_N2048_q16_rep5,1,4,1,sm_89,R1_EVENT_OVERLAP,NCCL,C0_DEFAULT,2048,2048,2048,16,0,1048576,0,0,119.680,126.496,433.600,307.104,PASS,0
PHASEB_formal_r1_C0_DEFAULT_N2048_q16_rep5,1,4,1,sm_89,R1_EVENT_OVERLAP,NCCL,C0_DEFAULT,2048,2048,2048,16,1,1048576,0,0,193.056,436.960,742.656,305.696,PASS,0
PHASEB_formal_r1_C0_DEFAULT_N2048_q16_rep5,1,4,1,sm_89,R1_EVENT_OVERLAP,NCCL,C0_DEFAULT,2048,2048,2048,16,2,1048576,0,0,421.856,746.016,1055.488,309.472,PASS,0
PHASEB_formal_r1_C0_DEFAULT_N2048_q16_rep5,1,4,1,sm_89,R1_EVENT_OVERLAP,NCCL,C0_DEFAULT,2048,2048,2048,16,3,1048576,0,0,511.072,1059.904,1370.528,310.624,PASS,0
PHASEB_formal_r1_C0_DEFAULT_N2048_q16_rep5,1,4,1,sm_89,R1_EVENT_OVERLAP,NCCL,C0_DEFAULT,2048,2048,2048,16,4,1048576,0,0,733.376,1374.304,1684.480,310.176,PASS,0
PHASEB_formal_r1_C0_DEFAULT_N2048_q16_rep5,1,4,1,sm_89,R1_EVENT_OVERLAP,NCCL,C0_DEFAULT,2048,2048,2048,16,5,1048576,0,0,820.256,1688.032,1998.560,310.528,PASS,0
PHASEB_formal_r1_C0_DEFAULT_N2048_q16_rep5,1,4,1,sm_89,R1_EVENT_OVERLAP,NCCL,C0_DEFAULT,2048,2048,2048,16,6,1048576,0,0,1048.992,2001.984,2309.088,307.104,PASS,0
PHASEB_formal_r1_C0_DEFAULT_N2048_q16_rep5,1,4,1,sm_89,R1_EVENT_OVERLAP,NCCL,C0_DEFAULT,2048,2048,2048,16,7,1048576,0,0,1124.320,2312.384,2583.936,271.552,PASS,0
PHASEB_formal_r1_C0_DEFAULT_N2048_q16_rep5,1,4,1,sm_89,R1_EVENT_OVERLAP,NCCL,C0_DEFAULT,2048,2048,2048,16,8,1048576,0,0,1360.672,2587.296,2900.896,313.600,PASS,0
PHASEB_formal_r1_C0_DEFAULT_N2048_q16_rep5,1,4,1,sm_89,R1_EVENT_OVERLAP,NCCL,C0_DEFAULT,2048,2048,2048,16,9,1048576,0,0,1449.952,2904.192,3199.168,294.976,PASS,0
PHASEB_formal_r1_C0_DEFAULT_N2048_q16_rep5,1,4,1,sm_89,R1_EVENT_OVERLAP,NCCL,C0_DEFAULT,2048,2048,2048,16,10,1048576,0,0,1676.864,3202.528,3461.984,259.456,PASS,0
PHASEB_formal_r1_C0_DEFAULT_N2048_q16_rep5,1,4,1,sm_89,R1_EVENT_OVERLAP,NCCL,C0_DEFAULT,2048,2048,2048,16,11,1048576,0,0,1765.344,3465.312,3724.128,258.816,PASS,0
PHASEB_formal_r1_C0_DEFAULT_N2048_q16_rep5,1,4,1,sm_89,R1_EVENT_OVERLAP,NCCL,C0_DEFAULT,2048,2048,2048,16,12,1048576,0,0,1989.312,3727.488,3986.784,259.296,PASS,0
PHASEB_formal_r1_C0_DEFAULT_N2048_q16_rep5,1,4,1,sm_89,R1_EVENT_OVERLAP,NCCL,C0_DEFAULT,2048,2048,2048,16,13,1048576,0,0,2318.528,3990.560,4248.736,258.176,PASS,0
PHASEB_formal_r1_C0_DEFAULT_N2048_q16_rep5,1,4,1,sm_89,R1_EVENT_OVERLAP,NCCL,C0_DEFAULT,2048,2048,2048,16,14,1048576,0,0,2624.864,4252.064,4512.064,260.000,PASS,0
PHASEB_formal_r1_C0_DEFAULT_N2048_q16_rep5,1,4,1,sm_89,R1_EVENT_OVERLAP,NCCL,C0_DEFAULT,2048,2048,2048,16,15,1048576,0,0,2945.920,4515.424,4772.672,257.248,PASS,0
PHASEB_formal_r1_C0_DEFAULT_N2048_q16_rep5,1,4,1,sm_89,R1_EVENT_OVERLAP,NCCL,C0_DEFAULT,2048,2048,2048,16,0,1048576,1,0,114.496,120.736,435.328,314.592,PASS,0
PHASEB_formal_r1_C0_DEFAULT_N2048_q16_rep5,1,4,1,sm_89,R1_EVENT_OVERLAP,NCCL,C0_DEFAULT,2048,2048,2048,16,1,1048576,1,0,187.200,438.784,748.224,309.440,PASS,0
PHASEB_formal_r1_C0_DEFAULT_N2048_q16_rep5,1,4,1,sm_89,R1_EVENT_OVERLAP,NCCL,C0_DEFAULT,2048,2048,2048,16,2,1048576,1,0,428.800,752.096,1061.312,309.216,PASS,0
PHASEB_formal_r1_C0_DEFAULT_N2048_q16_rep5,1,4,1,sm_89,R1_EVENT_OVERLAP,NCCL,C0_DEFAULT,2048,2048,2048,16,3,1048576,1,0,503.456,1064.832,1342.784,277.952,PASS,0
PHASEB_formal_r1_C0_DEFAULT_N2048_q16_rep5,1,4,1,sm_89,R1_EVENT_OVERLAP,NCCL,C0_DEFAULT,2048,2048,2048,16,4,1048576,1,0,742.176,1346.016,1654.816,308.800,PASS,0
PHASEB_formal_r1_C0_DEFAULT_N2048_q16_rep5,1,4,1,sm_89,R1_EVENT_OVERLAP,NCCL,C0_DEFAULT,2048,2048,2048,16,5,1048576,1,0,1071.328,1658.464,1934.464,276.000,PASS,0
PHASEB_formal_r1_C0_DEFAULT_N2048_q16_rep5,1,4,1,sm_89,R1_EVENT_OVERLAP,NCCL,C0_DEFAULT,2048,2048,2048,16,6,1048576,1,0,1377.472,1938.080,2247.424,309.344,PASS,0
PHASEB_formal_r1_C0_DEFAULT_N2048_q16_rep5,1,4,1,sm_89,R1_EVENT_OVERLAP,NCCL,C0_DEFAULT,2048,2048,2048,16,7,1048576,1,0,1664.928,2251.200,2520.416,269.216,PASS,0
PHASEB_formal_r1_C0_DEFAULT_N2048_q16_rep5,1,4,1,sm_89,R1_EVENT_OVERLAP,NCCL,C0_DEFAULT,2048,2048,2048,16,8,1048576,1,0,1970.336,2523.744,2831.488,307.744,PASS,0
PHASEB_formal_r1_C0_DEFAULT_N2048_q16_rep5,1,4,1,sm_89,R1_EVENT_OVERLAP,NCCL,C0_DEFAULT,2048,2048,2048,16,9,1048576,1,0,2257.312,2835.008,3108.896,273.888,PASS,0
PHASEB_formal_r1_C0_DEFAULT_N2048_q16_rep5,1,4,1,sm_89,R1_EVENT_OVERLAP,NCCL,C0_DEFAULT,2048,2048,2048,16,10,1048576,1,0,2574.560,3112.512,3420.224,307.712,PASS,0
PHASEB_formal_r1_C0_DEFAULT_N2048_q16_rep5,1,4,1,sm_89,R1_EVENT_OVERLAP,NCCL,C0_DEFAULT,2048,2048,2048,16,11,1048576,1,0,2841.664,3423.520,3693.248,269.728,PASS,0
PHASEB_formal_r1_C0_DEFAULT_N2048_q16_rep5,1,4,1,sm_89,R1_EVENT_OVERLAP,NCCL,C0_DEFAULT,2048,2048,2048,16,12,1048576,1,0,3155.072,3696.416,4007.616,311.200,PASS,0
PHASEB_formal_r1_C0_DEFAULT_N2048_q16_rep5,1,4,1,sm_89,R1_EVENT_OVERLAP,NCCL,C0_DEFAULT,2048,2048,2048,16,13,1048576,1,0,3429.824,4010.848,4307.424,296.576,PASS,0
PHASEB_formal_r1_C0_DEFAULT_N2048_q16_rep5,1,4,1,sm_89,R1_EVENT_OVERLAP,NCCL,C0_DEFAULT,2048,2048,2048,16,14,1048576,1,0,3745.024,4310.848,4569.344,258.496,PASS,0
PHASEB_formal_r1_C0_DEFAULT_N2048_q16_rep5,1,4,1,sm_89,R1_EVENT_OVERLAP,NCCL,C0_DEFAULT,2048,2048,2048,16,15,1048576,1,0,4031.424,4572.672,4832.320,259.648,PASS,0
PHASEB_formal_r1_C0_DEFAULT_N2048_q16_rep5,1,4,1,sm_89,R1_EVENT_OVERLAP,NCCL,C0_DEFAULT,2048,2048,2048,16,0,1048576,2,0,128.160,134.400,447.168,312.768,PASS,0
PHASEB_formal_r1_C0_DEFAULT_N2048_q16_rep5,1,4,1,sm_89,R1_EVENT_OVERLAP,NCCL,C0_DEFAULT,2048,2048,2048,16,1,1048576,2,0,212.512,450.432,725.408,274.976,PASS,0
PHASEB_formal_r1_C0_DEFAULT_N2048_q16_rep5,1,4,1,sm_89,R1_EVENT_OVERLAP,NCCL,C0_DEFAULT,2048,2048,2048,16,2,1048576,2,0,456.832,728.800,1037.824,309.024,PASS,0
PHASEB_formal_r1_C0_DEFAULT_N2048_q16_rep5,1,4,1,sm_89,R1_EVENT_OVERLAP,NCCL,C0_DEFAULT,2048,2048,2048,16,3,1048576,2,0,771.456,1041.088,1348.320,307.232,PASS,0
PHASEB_formal_r1_C0_DEFAULT_N2048_q16_rep5,1,4,1,sm_89,R1_EVENT_OVERLAP,NCCL,C0_DEFAULT,2048,2048,2048,16,4,1048576,2,0,1097.024,1352.960,1664.640,311.680,PASS,0
PHASEB_formal_r1_C0_DEFAULT_N2048_q16_rep5,1,4,1,sm_89,R1_EVENT_OVERLAP,NCCL,C0_DEFAULT,2048,2048,2048,16,5,1048576,2,0,1384.352,1668.000,1979.168,311.168,PASS,0
PHASEB_formal_r1_C0_DEFAULT_N2048_q16_rep5,1,4,1,sm_89,R1_EVENT_OVERLAP,NCCL,C0_DEFAULT,2048,2048,2048,16,6,1048576,2,0,1693.248,1982.560,2253.472,270.912,PASS,0
PHASEB_formal_r1_C0_DEFAULT_N2048_q16_rep5,1,4,1,sm_89,R1_EVENT_OVERLAP,NCCL,C0_DEFAULT,2048,2048,2048,16,7,1048576,2,0,1989.568,2257.056,2564.512,307.456,PASS,0
PHASEB_formal_r1_C0_DEFAULT_N2048_q16_rep5,1,4,1,sm_89,R1_EVENT_OVERLAP,NCCL,C0_DEFAULT,2048,2048,2048,16,8,1048576,2,0,2295.744,2568.096,2841.888,273.792,PASS,0
PHASEB_formal_r1_C0_DEFAULT_N2048_q16_rep5,1,4,1,sm_89,R1_EVENT_OVERLAP,NCCL,C0_DEFAULT,2048,2048,2048,16,9,1048576,2,0,2574.304,2845.536,3154.240,308.704,PASS,0
PHASEB_formal_r1_C0_DEFAULT_N2048_q16_rep5,1,4,1,sm_89,R1_EVENT_OVERLAP,NCCL,C0_DEFAULT,2048,2048,2048,16,10,1048576,2,0,2888.544,3157.504,3426.656,269.152,PASS,0
PHASEB_formal_r1_C0_DEFAULT_N2048_q16_rep5,1,4,1,sm_89,R1_EVENT_OVERLAP,NCCL,C0_DEFAULT,2048,2048,2048,16,11,1048576,2,0,3168.736,3430.304,3740.736,310.432,PASS,0
PHASEB_formal_r1_C0_DEFAULT_N2048_q16_rep5,1,4,1,sm_89,R1_EVENT_OVERLAP,NCCL,C0_DEFAULT,2048,2048,2048,16,12,1048576,2,0,3491.328,3744.032,4053.248,309.216,PASS,0
PHASEB_formal_r1_C0_DEFAULT_N2048_q16_rep5,1,4,1,sm_89,R1_EVENT_OVERLAP,NCCL,C0_DEFAULT,2048,2048,2048,16,13,1048576,2,0,3765.984,4056.608,4365.440,308.832,PASS,0
PHASEB_formal_r1_C0_DEFAULT_N2048_q16_rep5,1,4,1,sm_89,R1_EVENT_OVERLAP,NCCL,C0_DEFAULT,2048,2048,2048,16,14,1048576,2,0,4077.984,4368.768,4628.864,260.096,PASS,0
PHASEB_formal_r1_C0_DEFAULT_N2048_q16_rep5,1,4,1,sm_89,R1_EVENT_OVERLAP,NCCL,C0_DEFAULT,2048,2048,2048,16,15,1048576,2,0,4374.912,4632.192,4889.664,257.472,PASS,0
PHASEB_formal_r1_C0_DEFAULT_N2048_q16_rep5,1,4,1,sm_89,R1_EVENT_OVERLAP,NCCL,C0_DEFAULT,2048,2048,2048,16,0,1048576,3,0,111.488,117.760,421.440,303.680,PASS,0
PHASEB_formal_r1_C0_DEFAULT_N2048_q16_rep5,1,4,1,sm_89,R1_EVENT_OVERLAP,NCCL,C0_DEFAULT,2048,2048,2048,16,1,1048576,3,0,185.216,425.120,741.984,316.864,PASS,0
PHASEB_formal_r1_C0_DEFAULT_N2048_q16_rep5,1,4,1,sm_89,R1_EVENT_OVERLAP,NCCL,C0_DEFAULT,2048,2048,2048,16,2,1048576,3,0,411.168,745.248,1056.480,311.232,PASS,0
PHASEB_formal_r1_C0_DEFAULT_N2048_q16_rep5,1,4,1,sm_89,R1_EVENT_OVERLAP,NCCL,C0_DEFAULT,2048,2048,2048,16,3,1048576,3,0,513.536,1059.808,1330.752,270.944,PASS,0
PHASEB_formal_r1_C0_DEFAULT_N2048_q16_rep5,1,4,1,sm_89,R1_EVENT_OVERLAP,NCCL,C0_DEFAULT,2048,2048,2048,16,4,1048576,3,0,735.872,1334.880,1641.824,306.944,PASS,0
PHASEB_formal_r1_C0_DEFAULT_N2048_q16_rep5,1,4,1,sm_89,R1_EVENT_OVERLAP,NCCL,C0_DEFAULT,2048,2048,2048,16,5,1048576,3,0,815.520,1645.728,1923.744,278.016,PASS,0
PHASEB_formal_r1_C0_DEFAULT_N2048_q16_rep5,1,4,1,sm_89,R1_EVENT_OVERLAP,NCCL,C0_DEFAULT,2048,2048,2048,16,6,1048576,3,0,1066.304,1927.456,2235.072,307.616,PASS,0
PHASEB_formal_r1_C0_DEFAULT_N2048_q16_rep5,1,4,1,sm_89,R1_EVENT_OVERLAP,NCCL,C0_DEFAULT,2048,2048,2048,16,7,1048576,3,0,1372.096,2238.848,2512.032,273.184,PASS,0
PHASEB_formal_r1_C0_DEFAULT_N2048_q16_rep5,1,4,1,sm_89,R1_EVENT_OVERLAP,NCCL,C0_DEFAULT,2048,2048,2048,16,8,1048576,3,0,1652.832,2516.320,2825.920,309.600,PASS,0
PHASEB_formal_r1_C0_DEFAULT_N2048_q16_rep5,1,4,1,sm_89,R1_EVENT_OVERLAP,NCCL,C0_DEFAULT,2048,2048,2048,16,9,1048576,3,0,1960.512,2829.376,3101.888,272.512,PASS,0
PHASEB_formal_r1_C0_DEFAULT_N2048_q16_rep5,1,4,1,sm_89,R1_EVENT_OVERLAP,NCCL,C0_DEFAULT,2048,2048,2048,16,10,1048576,3,0,2245.248,3105.536,3422.560,317.024,PASS,0
PHASEB_formal_r1_C0_DEFAULT_N2048_q16_rep5,1,4,1,sm_89,R1_EVENT_OVERLAP,NCCL,C0_DEFAULT,2048,2048,2048,16,11,1048576,3,0,2553.632,3425.856,3756.256,330.400,PASS,0
PHASEB_formal_r1_C0_DEFAULT_N2048_q16_rep5,1,4,1,sm_89,R1_EVENT_OVERLAP,NCCL,C0_DEFAULT,2048,2048,2048,16,12,1048576,3,0,2835.616,3759.648,4018.240,258.592,PASS,0
PHASEB_formal_r1_C0_DEFAULT_N2048_q16_rep5,1,4,1,sm_89,R1_EVENT_OVERLAP,NCCL,C0_DEFAULT,2048,2048,2048,16,13,1048576,3,0,3142.592,4021.568,4281.120,259.552,PASS,0
PHASEB_formal_r1_C0_DEFAULT_N2048_q16_rep5,1,4,1,sm_89,R1_EVENT_OVERLAP,NCCL,C0_DEFAULT,2048,2048,2048,16,14,1048576,3,0,3413.824,4284.480,4543.808,259.328,PASS,0
PHASEB_formal_r1_C0_DEFAULT_N2048_q16_rep5,1,4,1,sm_89,R1_EVENT_OVERLAP,NCCL,C0_DEFAULT,2048,2048,2048,16,15,1048576,3,0,3640.416,4547.136,4806.112,258.976,PASS,0
PHASEB_formal_r1_C0_DEFAULT_N2048_q16_rep5,1,4,1,sm_89,R1_EVENT_OVERLAP,NCCL,C0_DEFAULT,2048,2048,2048,16,0,1048576,4,0,124.000,130.528,442.112,311.584,PASS,0
PHASEB_formal_r1_C0_DEFAULT_N2048_q16_rep5,1,4,1,sm_89,R1_EVENT_OVERLAP,NCCL,C0_DEFAULT,2048,2048,2048,16,1,1048576,4,0,197.184,445.632,755.520,309.888,PASS,0
PHASEB_formal_r1_C0_DEFAULT_N2048_q16_rep5,1,4,1,sm_89,R1_EVENT_OVERLAP,NCCL,C0_DEFAULT,2048,2048,2048,16,2,1048576,4,0,434.272,758.880,1077.216,318.336,PASS,0
PHASEB_formal_r1_C0_DEFAULT_N2048_q16_rep5,1,4,1,sm_89,R1_EVENT_OVERLAP,NCCL,C0_DEFAULT,2048,2048,2048,16,3,1048576,4,0,518.080,1080.640,1353.312,272.672,PASS,0
PHASEB_formal_r1_C0_DEFAULT_N2048_q16_rep5,1,4,1,sm_89,R1_EVENT_OVERLAP,NCCL,C0_DEFAULT,2048,2048,2048,16,4,1048576,4,0,745.120,1356.704,1661.152,304.448,PASS,0
PHASEB_formal_r1_C0_DEFAULT_N2048_q16_rep5,1,4,1,sm_89,R1_EVENT_OVERLAP,NCCL,C0_DEFAULT,2048,2048,2048,16,5,1048576,4,0,841.952,1670.816,1980.352,309.536,PASS,0
PHASEB_formal_r1_C0_DEFAULT_N2048_q16_rep5,1,4,1,sm_89,R1_EVENT_OVERLAP,NCCL,C0_DEFAULT,2048,2048,2048,16,6,1048576,4,0,1086.944,1983.648,2288.640,304.992,PASS,0
PHASEB_formal_r1_C0_DEFAULT_N2048_q16_rep5,1,4,1,sm_89,R1_EVENT_OVERLAP,NCCL,C0_DEFAULT,2048,2048,2048,16,7,1048576,4,0,1405.152,2292.032,2597.920,305.888,PASS,0
PHASEB_formal_r1_C0_DEFAULT_N2048_q16_rep5,1,4,1,sm_89,R1_EVENT_OVERLAP,NCCL,C0_DEFAULT,2048,2048,2048,16,8,1048576,4,0,1695.424,2601.504,2872.064,270.560,PASS,0
PHASEB_formal_r1_C0_DEFAULT_N2048_q16_rep5,1,4,1,sm_89,R1_EVENT_OVERLAP,NCCL,C0_DEFAULT,2048,2048,2048,16,9,1048576,4,0,2005.536,2875.360,3190.752,315.392,PASS,0
PHASEB_formal_r1_C0_DEFAULT_N2048_q16_rep5,1,4,1,sm_89,R1_EVENT_OVERLAP,NCCL,C0_DEFAULT,2048,2048,2048,16,10,1048576,4,0,2311.680,3194.176,3472.064,277.888,PASS,0
PHASEB_formal_r1_C0_DEFAULT_N2048_q16_rep5,1,4,1,sm_89,R1_EVENT_OVERLAP,NCCL,C0_DEFAULT,2048,2048,2048,16,11,1048576,4,0,2608.416,3475.392,3788.992,313.600,PASS,0
PHASEB_formal_r1_C0_DEFAULT_N2048_q16_rep5,1,4,1,sm_89,R1_EVENT_OVERLAP,NCCL,C0_DEFAULT,2048,2048,2048,16,12,1048576,4,0,2915.328,3792.384,4052.288,259.904,PASS,0
PHASEB_formal_r1_C0_DEFAULT_N2048_q16_rep5,1,4,1,sm_89,R1_EVENT_OVERLAP,NCCL,C0_DEFAULT,2048,2048,2048,16,13,1048576,4,0,3201.344,4055.680,4314.176,258.496,PASS,0
PHASEB_formal_r1_C0_DEFAULT_N2048_q16_rep5,1,4,1,sm_89,R1_EVENT_OVERLAP,NCCL,C0_DEFAULT,2048,2048,2048,16,14,1048576,4,0,3515.360,4317.760,4577.664,259.904,PASS,0
PHASEB_formal_r1_C0_DEFAULT_N2048_q16_rep5,1,4,1,sm_89,R1_EVENT_OVERLAP,NCCL,C0_DEFAULT,2048,2048,2048,16,15,1048576,4,0,3798.528,4581.056,4838.560,257.504,PASS,0
PHASEB_formal_r1_C0_DEFAULT_N2048_q16_rep5,1,4,1,sm_89,R1_EVENT_OVERLAP,NCCL,C0_DEFAULT,2048,2048,2048,16,0,1048576,5,0,118.048,124.576,433.792,309.216,PASS,0
PHASEB_formal_r1_C0_DEFAULT_N2048_q16_rep5,1,4,1,sm_89,R1_EVENT_OVERLAP,NCCL,C0_DEFAULT,2048,2048,2048,16,1,1048576,5,0,190.848,437.120,748.096,310.976,PASS,0
PHASEB_formal_r1_C0_DEFAULT_N2048_q16_rep5,1,4,1,sm_89,R1_EVENT_OVERLAP,NCCL,C0_DEFAULT,2048,2048,2048,16,2,1048576,5,0,427.392,751.520,1059.968,308.448,PASS,0
PHASEB_formal_r1_C0_DEFAULT_N2048_q16_rep5,1,4,1,sm_89,R1_EVENT_OVERLAP,NCCL,C0_DEFAULT,2048,2048,2048,16,3,1048576,5,0,514.880,1063.808,1339.168,275.360,PASS,0
PHASEB_formal_r1_C0_DEFAULT_N2048_q16_rep5,1,4,1,sm_89,R1_EVENT_OVERLAP,NCCL,C0_DEFAULT,2048,2048,2048,16,4,1048576,5,0,741.760,1342.656,1649.120,306.464,PASS,0
PHASEB_formal_r1_C0_DEFAULT_N2048_q16_rep5,1,4,1,sm_89,R1_EVENT_OVERLAP,NCCL,C0_DEFAULT,2048,2048,2048,16,5,1048576,5,0,1070.816,1652.512,1925.696,273.184,PASS,0
PHASEB_formal_r1_C0_DEFAULT_N2048_q16_rep5,1,4,1,sm_89,R1_EVENT_OVERLAP,NCCL,C0_DEFAULT,2048,2048,2048,16,6,1048576,5,0,1379.296,1929.568,2241.248,311.680,PASS,0
PHASEB_formal_r1_C0_DEFAULT_N2048_q16_rep5,1,4,1,sm_89,R1_EVENT_OVERLAP,NCCL,C0_DEFAULT,2048,2048,2048,16,7,1048576,5,0,1662.048,2244.576,2523.424,278.848,PASS,0
PHASEB_formal_r1_C0_DEFAULT_N2048_q16_rep5,1,4,1,sm_89,R1_EVENT_OVERLAP,NCCL,C0_DEFAULT,2048,2048,2048,16,8,1048576,5,0,1968.064,2526.656,2836.352,309.696,PASS,0
PHASEB_formal_r1_C0_DEFAULT_N2048_q16_rep5,1,4,1,sm_89,R1_EVENT_OVERLAP,NCCL,C0_DEFAULT,2048,2048,2048,16,9,1048576,5,0,2251.136,2839.648,3115.616,275.968,PASS,0
PHASEB_formal_r1_C0_DEFAULT_N2048_q16_rep5,1,4,1,sm_89,R1_EVENT_OVERLAP,NCCL,C0_DEFAULT,2048,2048,2048,16,10,1048576,5,0,2559.456,3118.880,3427.232,308.352,PASS,0
PHASEB_formal_r1_C0_DEFAULT_N2048_q16_rep5,1,4,1,sm_89,R1_EVENT_OVERLAP,NCCL,C0_DEFAULT,2048,2048,2048,16,11,1048576,5,0,2845.760,3430.784,3706.592,275.808,PASS,0
PHASEB_formal_r1_C0_DEFAULT_N2048_q16_rep5,1,4,1,sm_89,R1_EVENT_OVERLAP,NCCL,C0_DEFAULT,2048,2048,2048,16,12,1048576,5,0,3153.184,3710.080,4019.360,309.280,PASS,0
PHASEB_formal_r1_C0_DEFAULT_N2048_q16_rep5,1,4,1,sm_89,R1_EVENT_OVERLAP,NCCL,C0_DEFAULT,2048,2048,2048,16,13,1048576,5,0,3436.864,4022.752,4282.368,259.616,PASS,0
PHASEB_formal_r1_C0_DEFAULT_N2048_q16_rep5,1,4,1,sm_89,R1_EVENT_OVERLAP,NCCL,C0_DEFAULT,2048,2048,2048,16,14,1048576,5,0,3746.848,4285.696,4544.832,259.136,PASS,0
PHASEB_formal_r1_C0_DEFAULT_N2048_q16_rep5,1,4,1,sm_89,R1_EVENT_OVERLAP,NCCL,C0_DEFAULT,2048,2048,2048,16,15,1048576,5,0,4029.632,4548.160,4806.816,258.656,PASS,0
PHASEB_formal_r1_C0_DEFAULT_N2048_q16_rep5,1,4,1,sm_89,R1_EVENT_OVERLAP,NCCL,C0_DEFAULT,2048,2048,2048,16,0,1048576,6,0,121.504,128.000,438.624,310.624,PASS,0
PHASEB_formal_r1_C0_DEFAULT_N2048_q16_rep5,1,4,1,sm_89,R1_EVENT_OVERLAP,NCCL,C0_DEFAULT,2048,2048,2048,16,1,1048576,6,0,208.768,441.984,720.352,278.368,PASS,0
PHASEB_formal_r1_C0_DEFAULT_N2048_q16_rep5,1,4,1,sm_89,R1_EVENT_OVERLAP,NCCL,C0_DEFAULT,2048,2048,2048,16,2,1048576,6,0,448.160,723.584,1029.376,305.792,PASS,0
PHASEB_formal_r1_C0_DEFAULT_N2048_q16_rep5,1,4,1,sm_89,R1_EVENT_OVERLAP,NCCL,C0_DEFAULT,2048,2048,2048,16,3,1048576,6,0,759.488,1032.800,1318.048,285.248,PASS,0
PHASEB_formal_r1_C0_DEFAULT_N2048_q16_rep5,1,4,1,sm_89,R1_EVENT_OVERLAP,NCCL,C0_DEFAULT,2048,2048,2048,16,4,1048576,6,0,1038.944,1321.440,1628.768,307.328,PASS,0
PHASEB_formal_r1_C0_DEFAULT_N2048_q16_rep5,1,4,1,sm_89,R1_EVENT_OVERLAP,NCCL,C0_DEFAULT,2048,2048,2048,16,5,1048576,6,0,1354.720,1632.096,1938.848,306.752,PASS,0
PHASEB_formal_r1_C0_DEFAULT_N2048_q16_rep5,1,4,1,sm_89,R1_EVENT_OVERLAP,NCCL,C0_DEFAULT,2048,2048,2048,16,6,1048576,6,0,1669.472,1942.336,2212.736,270.400,PASS,0
PHASEB_formal_r1_C0_DEFAULT_N2048_q16_rep5,1,4,1,sm_89,R1_EVENT_OVERLAP,NCCL,C0_DEFAULT,2048,2048,2048,16,7,1048576,6,0,1949.824,2216.256,2523.520,307.264,PASS,0
PHASEB_formal_r1_C0_DEFAULT_N2048_q16_rep5,1,4,1,sm_89,R1_EVENT_OVERLAP,NCCL,C0_DEFAULT,2048,2048,2048,16,8,1048576,6,0,2265.184,2527.136,2837.088,309.952,PASS,0
PHASEB_formal_r1_C0_DEFAULT_N2048_q16_rep5,1,4,1,sm_89,R1_EVENT_OVERLAP,NCCL,C0_DEFAULT,2048,2048,2048,16,9,1048576,6,0,2550.784,2840.416,3147.616,307.200,PASS,0
PHASEB_formal_r1_C0_DEFAULT_N2048_q16_rep5,1,4,1,sm_89,R1_EVENT_OVERLAP,NCCL,C0_DEFAULT,2048,2048,2048,16,10,1048576,6,0,2860.928,3150.944,3423.488,272.544,PASS,0
PHASEB_formal_r1_C0_DEFAULT_N2048_q16_rep5,1,4,1,sm_89,R1_EVENT_OVERLAP,NCCL,C0_DEFAULT,2048,2048,2048,16,11,1048576,6,0,3158.048,3426.912,3734.464,307.552,PASS,0
PHASEB_formal_r1_C0_DEFAULT_N2048_q16_rep5,1,4,1,sm_89,R1_EVENT_OVERLAP,NCCL,C0_DEFAULT,2048,2048,2048,16,12,1048576,6,0,3469.632,3737.728,4049.984,312.256,PASS,0
PHASEB_formal_r1_C0_DEFAULT_N2048_q16_rep5,1,4,1,sm_89,R1_EVENT_OVERLAP,NCCL,C0_DEFAULT,2048,2048,2048,16,13,1048576,6,0,3759.520,4053.472,4360.800,307.328,PASS,0
PHASEB_formal_r1_C0_DEFAULT_N2048_q16_rep5,1,4,1,sm_89,R1_EVENT_OVERLAP,NCCL,C0_DEFAULT,2048,2048,2048,16,14,1048576,6,0,4068.256,4364.352,4623.872,259.520,PASS,0
PHASEB_formal_r1_C0_DEFAULT_N2048_q16_rep5,1,4,1,sm_89,R1_EVENT_OVERLAP,NCCL,C0_DEFAULT,2048,2048,2048,16,15,1048576,6,0,4370.528,4627.232,4884.448,257.216,PASS,0
PHASEB_formal_r1_C0_DEFAULT_N2048_q16_rep5,1,4,1,sm_89,R1_EVENT_OVERLAP,NCCL,C0_DEFAULT,2048,2048,2048,16,0,1048576,7,0,116.096,122.144,426.688,304.544,PASS,0
PHASEB_formal_r1_C0_DEFAULT_N2048_q16_rep5,1,4,1,sm_89,R1_EVENT_OVERLAP,NCCL,C0_DEFAULT,2048,2048,2048,16,1,1048576,7,0,192.512,430.016,741.600,311.584,PASS,0
PHASEB_formal_r1_C0_DEFAULT_N2048_q16_rep5,1,4,1,sm_89,R1_EVENT_OVERLAP,NCCL,C0_DEFAULT,2048,2048,2048,16,2,1048576,7,0,416.640,744.992,1054.304,309.312,PASS,0
PHASEB_formal_r1_C0_DEFAULT_N2048_q16_rep5,1,4,1,sm_89,R1_EVENT_OVERLAP,NCCL,C0_DEFAULT,2048,2048,2048,16,3,1048576,7,0,494.112,1057.600,1366.656,309.056,PASS,0
PHASEB_formal_r1_C0_DEFAULT_N2048_q16_rep5,1,4,1,sm_89,R1_EVENT_OVERLAP,NCCL,C0_DEFAULT,2048,2048,2048,16,4,1048576,7,0,716.640,1370.272,1639.872,269.600,PASS,0
PHASEB_formal_r1_C0_DEFAULT_N2048_q16_rep5,1,4,1,sm_89,R1_EVENT_OVERLAP,NCCL,C0_DEFAULT,2048,2048,2048,16,5,1048576,7,0,795.040,1643.104,1948.288,305.184,PASS,0
PHASEB_formal_r1_C0_DEFAULT_N2048_q16_rep5,1,4,1,sm_89,R1_EVENT_OVERLAP,NCCL,C0_DEFAULT,2048,2048,2048,16,6,1048576,7,0,1027.712,1951.744,2257.632,305.888,PASS,0
PHASEB_formal_r1_C0_DEFAULT_N2048_q16_rep5,1,4,1,sm_89,R1_EVENT_OVERLAP,NCCL,C0_DEFAULT,2048,2048,2048,16,7,1048576,7,0,1122.176,2260.960,2567.552,306.592,PASS,0
PHASEB_formal_r1_C0_DEFAULT_N2048_q16_rep5,1,4,1,sm_89,R1_EVENT_OVERLAP,NCCL,C0_DEFAULT,2048,2048,2048,16,8,1048576,7,0,1419.712,2570.944,2880.832,309.888,PASS,0
PHASEB_formal_r1_C0_DEFAULT_N2048_q16_rep5,1,4,1,sm_89,R1_EVENT_OVERLAP,NCCL,C0_DEFAULT,2048,2048,2048,16,9,1048576,7,0,1730.464,2884.096,3191.456,307.360,PASS,0
PHASEB_formal_r1_C0_DEFAULT_N2048_q16_rep5,1,4,1,sm_89,R1_EVENT_OVERLAP,NCCL,C0_DEFAULT,2048,2048,2048,16,10,1048576,7,0,2014.880,3194.944,3469.920,274.976,PASS,0
PHASEB_formal_r1_C0_DEFAULT_N2048_q16_rep5,1,4,1,sm_89,R1_EVENT_OVERLAP,NCCL,C0_DEFAULT,2048,2048,2048,16,11,1048576,7,0,2319.808,3473.184,3769.984,296.800,PASS,0
PHASEB_formal_r1_C0_DEFAULT_N2048_q16_rep5,1,4,1,sm_89,R1_EVENT_OVERLAP,NCCL,C0_DEFAULT,2048,2048,2048,16,12,1048576,7,0,2605.888,3773.568,4032.224,258.656,PASS,0
PHASEB_formal_r1_C0_DEFAULT_N2048_q16_rep5,1,4,1,sm_89,R1_EVENT_OVERLAP,NCCL,C0_DEFAULT,2048,2048,2048,16,13,1048576,7,0,2917.664,4035.584,4295.776,260.192,PASS,0
PHASEB_formal_r1_C0_DEFAULT_N2048_q16_rep5,1,4,1,sm_89,R1_EVENT_OVERLAP,NCCL,C0_DEFAULT,2048,2048,2048,16,14,1048576,7,0,3201.088,4299.136,4557.856,258.720,PASS,0
PHASEB_formal_r1_C0_DEFAULT_N2048_q16_rep5,1,4,1,sm_89,R1_EVENT_OVERLAP,NCCL,C0_DEFAULT,2048,2048,2048,16,15,1048576,7,0,3513.760,4561.184,4820.000,258.816,PASS,0
PHASEB_formal_r1_C0_DEFAULT_N2048_q16_rep5,1,4,1,sm_89,R1_EVENT_OVERLAP,NCCL,C0_DEFAULT,2048,2048,2048,16,0,1048576,8,0,123.136,129.952,440.576,310.624,PASS,0
PHASEB_formal_r1_C0_DEFAULT_N2048_q16_rep5,1,4,1,sm_89,R1_EVENT_OVERLAP,NCCL,C0_DEFAULT,2048,2048,2048,16,1,1048576,8,0,196.576,444.288,726.560,282.272,PASS,0
PHASEB_formal_r1_C0_DEFAULT_N2048_q16_rep5,1,4,1,sm_89,R1_EVENT_OVERLAP,NCCL,C0_DEFAULT,2048,2048,2048,16,2,1048576,8,0,450.528,729.856,1040.288,310.432,PASS,0
PHASEB_formal_r1_C0_DEFAULT_N2048_q16_rep5,1,4,1,sm_89,R1_EVENT_OVERLAP,NCCL,C0_DEFAULT,2048,2048,2048,16,3,1048576,8,0,758.592,1043.680,1352.480,308.800,PASS,0
PHASEB_formal_r1_C0_DEFAULT_N2048_q16_rep5,1,4,1,sm_89,R1_EVENT_OVERLAP,NCCL,C0_DEFAULT,2048,2048,2048,16,4,1048576,8,0,1077.600,1355.936,1626.560,270.624,PASS,0
PHASEB_formal_r1_C0_DEFAULT_N2048_q16_rep5,1,4,1,sm_89,R1_EVENT_OVERLAP,NCCL,C0_DEFAULT,2048,2048,2048,16,5,1048576,8,0,1362.784,1630.816,1939.136,308.320,PASS,0
PHASEB_formal_r1_C0_DEFAULT_N2048_q16_rep5,1,4,1,sm_89,R1_EVENT_OVERLAP,NCCL,C0_DEFAULT,2048,2048,2048,16,6,1048576,8,0,1672.256,1942.464,2246.016,303.552,PASS,0
PHASEB_formal_r1_C0_DEFAULT_N2048_q16_rep5,1,4,1,sm_89,R1_EVENT_OVERLAP,NCCL,C0_DEFAULT,2048,2048,2048,16,7,1048576,8,0,1987.744,2249.856,2557.888,308.032,PASS,0
PHASEB_formal_r1_C0_DEFAULT_N2048_q16_rep5,1,4,1,sm_89,R1_EVENT_OVERLAP,NCCL,C0_DEFAULT,2048,2048,2048,16,8,1048576,8,0,2278.304,2561.056,2871.008,309.952,PASS,0
PHASEB_formal_r1_C0_DEFAULT_N2048_q16_rep5,1,4,1,sm_89,R1_EVENT_OVERLAP,NCCL,C0_DEFAULT,2048,2048,2048,16,9,1048576,8,0,2585.152,2874.272,3147.424,273.152,PASS,0
PHASEB_formal_r1_C0_DEFAULT_N2048_q16_rep5,1,4,1,sm_89,R1_EVENT_OVERLAP,NCCL,C0_DEFAULT,2048,2048,2048,16,10,1048576,8,0,2881.728,3151.104,3459.072,307.968,PASS,0
PHASEB_formal_r1_C0_DEFAULT_N2048_q16_rep5,1,4,1,sm_89,R1_EVENT_OVERLAP,NCCL,C0_DEFAULT,2048,2048,2048,16,11,1048576,8,0,3193.312,3462.400,3768.832,306.432,PASS,0
PHASEB_formal_r1_C0_DEFAULT_N2048_q16_rep5,1,4,1,sm_89,R1_EVENT_OVERLAP,NCCL,C0_DEFAULT,2048,2048,2048,16,12,1048576,8,0,3482.400,3772.064,4083.840,311.776,PASS,0
PHASEB_formal_r1_C0_DEFAULT_N2048_q16_rep5,1,4,1,sm_89,R1_EVENT_OVERLAP,NCCL,C0_DEFAULT,2048,2048,2048,16,13,1048576,8,0,3798.368,4087.232,4358.752,271.520,PASS,0
PHASEB_formal_r1_C0_DEFAULT_N2048_q16_rep5,1,4,1,sm_89,R1_EVENT_OVERLAP,NCCL,C0_DEFAULT,2048,2048,2048,16,14,1048576,8,0,4093.472,4362.112,4659.648,297.536,PASS,0
PHASEB_formal_r1_C0_DEFAULT_N2048_q16_rep5,1,4,1,sm_89,R1_EVENT_OVERLAP,NCCL,C0_DEFAULT,2048,2048,2048,16,15,1048576,8,0,4400.384,4662.976,4920.704,257.728,PASS,0
PHASEB_formal_r1_C0_DEFAULT_N2048_q16_rep5,1,4,1,sm_89,R1_EVENT_OVERLAP,NCCL,C0_DEFAULT,2048,2048,2048,16,0,1048576,9,0,118.656,124.704,427.968,303.264,PASS,0
PHASEB_formal_r1_C0_DEFAULT_N2048_q16_rep5,1,4,1,sm_89,R1_EVENT_OVERLAP,NCCL,C0_DEFAULT,2048,2048,2048,16,1,1048576,9,0,196.480,431.328,741.568,310.240,PASS,0
PHASEB_formal_r1_C0_DEFAULT_N2048_q16_rep5,1,4,1,sm_89,R1_EVENT_OVERLAP,NCCL,C0_DEFAULT,2048,2048,2048,16,2,1048576,9,0,418.432,744.896,1014.656,269.760,PASS,0
PHASEB_formal_r1_C0_DEFAULT_N2048_q16_rep5,1,4,1,sm_89,R1_EVENT_OVERLAP,NCCL,C0_DEFAULT,2048,2048,2048,16,3,1048576,9,0,511.840,1017.920,1333.600,315.680,PASS,0
PHASEB_formal_r1_C0_DEFAULT_N2048_q16_rep5,1,4,1,sm_89,R1_EVENT_OVERLAP,NCCL,C0_DEFAULT,2048,2048,2048,16,4,1048576,9,0,751.296,1336.960,1615.584,278.624,PASS,0
PHASEB_formal_r1_C0_DEFAULT_N2048_q16_rep5,1,4,1,sm_89,R1_EVENT_OVERLAP,NCCL,C0_DEFAULT,2048,2048,2048,16,5,1048576,9,0,1060.256,1619.040,1929.248,310.208,PASS,0
PHASEB_formal_r1_C0_DEFAULT_N2048_q16_rep5,1,4,1,sm_89,R1_EVENT_OVERLAP,NCCL,C0_DEFAULT,2048,2048,2048,16,6,1048576,9,0,1343.648,1932.544,2204.608,272.064,PASS,0
PHASEB_formal_r1_C0_DEFAULT_N2048_q16_rep5,1,4,1,sm_89,R1_EVENT_OVERLAP,NCCL,C0_DEFAULT,2048,2048,2048,16,7,1048576,9,0,1649.792,2208.256,2525.984,317.728,PASS,0
PHASEB_formal_r1_C0_DEFAULT_N2048_q16_rep5,1,4,1,sm_89,R1_EVENT_OVERLAP,NCCL,C0_DEFAULT,2048,2048,2048,16,8,1048576,9,0,1938.656,2529.312,2841.440,312.128,PASS,0
PHASEB_formal_r1_C0_DEFAULT_N2048_q16_rep5,1,4,1,sm_89,R1_EVENT_OVERLAP,NCCL,C0_DEFAULT,2048,2048,2048,16,9,1048576,9,0,2256.544,2845.280,3114.080,268.800,PASS,0
PHASEB_formal_r1_C0_DEFAULT_N2048_q16_rep5,1,4,1,sm_89,R1_EVENT_OVERLAP,NCCL,C0_DEFAULT,2048,2048,2048,16,10,1048576,9,0,2518.816,3117.440,3426.432,308.992,PASS,0
PHASEB_formal_r1_C0_DEFAULT_N2048_q16_rep5,1,4,1,sm_89,R1_EVENT_OVERLAP,NCCL,C0_DEFAULT,2048,2048,2048,16,11,1048576,9,0,2647.488,3429.728,3699.680,269.952,PASS,0
PHASEB_formal_r1_C0_DEFAULT_N2048_q16_rep5,1,4,1,sm_89,R1_EVENT_OVERLAP,NCCL,C0_DEFAULT,2048,2048,2048,16,12,1048576,9,0,2859.200,3703.104,3998.080,294.976,PASS,0
PHASEB_formal_r1_C0_DEFAULT_N2048_q16_rep5,1,4,1,sm_89,R1_EVENT_OVERLAP,NCCL,C0_DEFAULT,2048,2048,2048,16,13,1048576,9,0,3164.896,4001.376,4260.896,259.520,PASS,0
PHASEB_formal_r1_C0_DEFAULT_N2048_q16_rep5,1,4,1,sm_89,R1_EVENT_OVERLAP,NCCL,C0_DEFAULT,2048,2048,2048,16,14,1048576,9,0,3435.872,4264.256,4523.328,259.072,PASS,0
PHASEB_formal_r1_C0_DEFAULT_N2048_q16_rep5,1,4,1,sm_89,R1_EVENT_OVERLAP,NCCL,C0_DEFAULT,2048,2048,2048,16,15,1048576,9,0,3743.168,4526.656,4785.056,258.400,PASS,0
PHASEB_formal_r1_C0_DEFAULT_N2048_q16_rep5,1,4,1,sm_89,R1_EVENT_OVERLAP,NCCL,C0_DEFAULT,2048,2048,2048,16,0,1048576,10,0,127.936,134.816,449.824,315.008,PASS,0
PHASEB_formal_r1_C0_DEFAULT_N2048_q16_rep5,1,4,1,sm_89,R1_EVENT_OVERLAP,NCCL,C0_DEFAULT,2048,2048,2048,16,1,1048576,10,0,201.632,453.088,766.240,313.152,PASS,0
PHASEB_formal_r1_C0_DEFAULT_N2048_q16_rep5,1,4,1,sm_89,R1_EVENT_OVERLAP,NCCL,C0_DEFAULT,2048,2048,2048,16,2,1048576,10,0,425.312,770.176,1075.904,305.728,PASS,0
PHASEB_formal_r1_C0_DEFAULT_N2048_q16_rep5,1,4,1,sm_89,R1_EVENT_OVERLAP,NCCL,C0_DEFAULT,2048,2048,2048,16,3,1048576,10,0,515.520,1079.776,1390.304,310.528,PASS,0
PHASEB_formal_r1_C0_DEFAULT_N2048_q16_rep5,1,4,1,sm_89,R1_EVENT_OVERLAP,NCCL,C0_DEFAULT,2048,2048,2048,16,4,1048576,10,0,742.144,1393.632,1710.304,316.672,PASS,0
PHASEB_formal_r1_C0_DEFAULT_N2048_q16_rep5,1,4,1,sm_89,R1_EVENT_OVERLAP,NCCL,C0_DEFAULT,2048,2048,2048,16,5,1048576,10,0,818.400,1713.568,2021.600,308.032,PASS,0
PHASEB_formal_r1_C0_DEFAULT_N2048_q16_rep5,1,4,1,sm_89,R1_EVENT_OVERLAP,NCCL,C0_DEFAULT,2048,2048,2048,16,6,1048576,10,0,1064.608,2024.928,2328.224,303.296,PASS,0
PHASEB_formal_r1_C0_DEFAULT_N2048_q16_rep5,1,4,1,sm_89,R1_EVENT_OVERLAP,NCCL,C0_DEFAULT,2048,2048,2048,16,7,1048576,10,0,1155.712,2331.776,2637.312,305.536,PASS,0
PHASEB_formal_r1_C0_DEFAULT_N2048_q16_rep5,1,4,1,sm_89,R1_EVENT_OVERLAP,NCCL,C0_DEFAULT,2048,2048,2048,16,8,1048576,10,0,1380.192,2640.640,2938.464,297.824,PASS,0
PHASEB_formal_r1_C0_DEFAULT_N2048_q16_rep5,1,4,1,sm_89,R1_EVENT_OVERLAP,NCCL,C0_DEFAULT,2048,2048,2048,16,9,1048576,10,0,1458.304,2941.760,3201.216,259.456,PASS,0
PHASEB_formal_r1_C0_DEFAULT_N2048_q16_rep5,1,4,1,sm_89,R1_EVENT_OVERLAP,NCCL,C0_DEFAULT,2048,2048,2048,16,10,1048576,10,0,1684.256,3204.832,3463.712,258.880,PASS,0
PHASEB_formal_r1_C0_DEFAULT_N2048_q16_rep5,1,4,1,sm_89,R1_EVENT_OVERLAP,NCCL,C0_DEFAULT,2048,2048,2048,16,11,1048576,10,0,1763.520,3467.072,3726.048,258.976,PASS,0
PHASEB_formal_r1_C0_DEFAULT_N2048_q16_rep5,1,4,1,sm_89,R1_EVENT_OVERLAP,NCCL,C0_DEFAULT,2048,2048,2048,16,12,1048576,10,0,1996.480,3729.408,3988.832,259.424,PASS,0
PHASEB_formal_r1_C0_DEFAULT_N2048_q16_rep5,1,4,1,sm_89,R1_EVENT_OVERLAP,NCCL,C0_DEFAULT,2048,2048,2048,16,13,1048576,10,0,2072.480,3992.064,4251.136,259.072,PASS,0
PHASEB_formal_r1_C0_DEFAULT_N2048_q16_rep5,1,4,1,sm_89,R1_EVENT_OVERLAP,NCCL,C0_DEFAULT,2048,2048,2048,16,14,1048576,10,0,2376.736,4254.496,4513.984,259.488,PASS,0
PHASEB_formal_r1_C0_DEFAULT_N2048_q16_rep5,1,4,1,sm_89,R1_EVENT_OVERLAP,NCCL,C0_DEFAULT,2048,2048,2048,16,15,1048576,10,0,2696.608,4517.280,4774.752,257.472,PASS,0
PHASEB_formal_r1_C0_DEFAULT_N2048_q16_rep5,1,4,1,sm_89,R1_EVENT_OVERLAP,NCCL,C0_DEFAULT,2048,2048,2048,16,0,1048576,11,0,122.272,128.448,443.008,314.560,PASS,0
PHASEB_formal_r1_C0_DEFAULT_N2048_q16_rep5,1,4,1,sm_89,R1_EVENT_OVERLAP,NCCL,C0_DEFAULT,2048,2048,2048,16,1,1048576,11,0,195.232,447.040,758.688,311.648,PASS,0
PHASEB_formal_r1_C0_DEFAULT_N2048_q16_rep5,1,4,1,sm_89,R1_EVENT_OVERLAP,NCCL,C0_DEFAULT,2048,2048,2048,16,2,1048576,11,0,436.768,761.984,1075.360,313.376,PASS,0
PHASEB_formal_r1_C0_DEFAULT_N2048_q16_rep5,1,4,1,sm_89,R1_EVENT_OVERLAP,NCCL,C0_DEFAULT,2048,2048,2048,16,3,1048576,11,0,751.840,1078.752,1386.368,307.616,PASS,0
PHASEB_formal_r1_C0_DEFAULT_N2048_q16_rep5,1,4,1,sm_89,R1_EVENT_OVERLAP,NCCL,C0_DEFAULT,2048,2048,2048,16,4,1048576,11,0,1067.168,1389.792,1694.112,304.320,PASS,0
PHASEB_formal_r1_C0_DEFAULT_N2048_q16_rep5,1,4,1,sm_89,R1_EVENT_OVERLAP,NCCL,C0_DEFAULT,2048,2048,2048,16,5,1048576,11,0,1349.984,1697.440,2003.392,305.952,PASS,0
PHASEB_formal_r1_C0_DEFAULT_N2048_q16_rep5,1,4,1,sm_89,R1_EVENT_OVERLAP,NCCL,C0_DEFAULT,2048,2048,2048,16,6,1048576,11,0,1664.160,2006.816,2312.352,305.536,PASS,0
PHASEB_formal_r1_C0_DEFAULT_N2048_q16_rep5,1,4,1,sm_89,R1_EVENT_OVERLAP,NCCL,C0_DEFAULT,2048,2048,2048,16,7,1048576,11,0,1943.040,2315.872,2647.264,331.392,PASS,0
PHASEB_formal_r1_C0_DEFAULT_N2048_q16_rep5,1,4,1,sm_89,R1_EVENT_OVERLAP,NCCL,C0_DEFAULT,2048,2048,2048,16,8,1048576,11,0,2259.456,2650.528,2979.488,328.960,PASS,0
PHASEB_formal_r1_C0_DEFAULT_N2048_q16_rep5,1,4,1,sm_89,R1_EVENT_OVERLAP,NCCL,C0_DEFAULT,2048,2048,2048,16,9,1048576,11,0,2534.400,2982.944,3313.152,330.208,PASS,0
PHASEB_formal_r1_C0_DEFAULT_N2048_q16_rep5,1,4,1,sm_89,R1_EVENT_OVERLAP,NCCL,C0_DEFAULT,2048,2048,2048,16,10,1048576,11,0,2844.992,3316.736,3621.600,304.864,PASS,0
PHASEB_formal_r1_C0_DEFAULT_N2048_q16_rep5,1,4,1,sm_89,R1_EVENT_OVERLAP,NCCL,C0_DEFAULT,2048,2048,2048,16,11,1048576,11,0,3144.288,3624.928,3933.376,308.448,PASS,0
PHASEB_formal_r1_C0_DEFAULT_N2048_q16_rep5,1,4,1,sm_89,R1_EVENT_OVERLAP,NCCL,C0_DEFAULT,2048,2048,2048,16,12,1048576,11,0,3433.312,3936.704,4239.744,303.040,PASS,0
PHASEB_formal_r1_C0_DEFAULT_N2048_q16_rep5,1,4,1,sm_89,R1_EVENT_OVERLAP,NCCL,C0_DEFAULT,2048,2048,2048,16,13,1048576,11,0,3746.176,4243.328,4540.608,297.280,PASS,0
PHASEB_formal_r1_C0_DEFAULT_N2048_q16_rep5,1,4,1,sm_89,R1_EVENT_OVERLAP,NCCL,C0_DEFAULT,2048,2048,2048,16,14,1048576,11,0,4026.560,4544.288,4801.888,257.600,PASS,0
PHASEB_formal_r1_C0_DEFAULT_N2048_q16_rep5,1,4,1,sm_89,R1_EVENT_OVERLAP,NCCL,C0_DEFAULT,2048,2048,2048,16,15,1048576,11,0,4338.816,4805.248,5063.808,258.560,PASS,0
PHASEB_formal_r1_C0_DEFAULT_N2048_q16_rep5,1,4,1,sm_89,R1_EVENT_OVERLAP,NCCL,C0_DEFAULT,2048,2048,2048,16,0,1048576,12,0,120.192,127.040,445.536,318.496,PASS,0
PHASEB_formal_r1_C0_DEFAULT_N2048_q16_rep5,1,4,1,sm_89,R1_EVENT_OVERLAP,NCCL,C0_DEFAULT,2048,2048,2048,16,1,1048576,12,0,194.048,449.024,760.000,310.976,PASS,0
PHASEB_formal_r1_C0_DEFAULT_N2048_q16_rep5,1,4,1,sm_89,R1_EVENT_OVERLAP,NCCL,C0_DEFAULT,2048,2048,2048,16,2,1048576,12,0,437.504,763.520,1035.296,271.776,PASS,0
PHASEB_formal_r1_C0_DEFAULT_N2048_q16_rep5,1,4,1,sm_89,R1_EVENT_OVERLAP,NCCL,C0_DEFAULT,2048,2048,2048,16,3,1048576,12,0,770.016,1038.688,1347.104,308.416,PASS,0
PHASEB_formal_r1_C0_DEFAULT_N2048_q16_rep5,1,4,1,sm_89,R1_EVENT_OVERLAP,NCCL,C0_DEFAULT,2048,2048,2048,16,4,1048576,12,0,1079.872,1350.560,1628.416,277.856,PASS,0
PHASEB_formal_r1_C0_DEFAULT_N2048_q16_rep5,1,4,1,sm_89,R1_EVENT_OVERLAP,NCCL,C0_DEFAULT,2048,2048,2048,16,5,1048576,12,0,1362.112,1632.064,1941.504,309.440,PASS,0
PHASEB_formal_r1_C0_DEFAULT_N2048_q16_rep5,1,4,1,sm_89,R1_EVENT_OVERLAP,NCCL,C0_DEFAULT,2048,2048,2048,16,6,1048576,12,0,1689.408,1944.832,2252.640,307.808,PASS,0
PHASEB_formal_r1_C0_DEFAULT_N2048_q16_rep5,1,4,1,sm_89,R1_EVENT_OVERLAP,NCCL,C0_DEFAULT,2048,2048,2048,16,7,1048576,12,0,1965.856,2255.872,2565.088,309.216,PASS,0
PHASEB_formal_r1_C0_DEFAULT_N2048_q16_rep5,1,4,1,sm_89,R1_EVENT_OVERLAP,NCCL,C0_DEFAULT,2048,2048,2048,16,8,1048576,12,0,2290.400,2568.288,2840.384,272.096,PASS,0
PHASEB_formal_r1_C0_DEFAULT_N2048_q16_rep5,1,4,1,sm_89,R1_EVENT_OVERLAP,NCCL,C0_DEFAULT,2048,2048,2048,16,9,1048576,12,0,2575.264,2844.000,3157.728,313.728,PASS,0
PHASEB_formal_r1_C0_DEFAULT_N2048_q16_rep5,1,4,1,sm_89,R1_EVENT_OVERLAP,NCCL,C0_DEFAULT,2048,2048,2048,16,10,1048576,12,0,2881.568,3161.120,3468.544,307.424,PASS,0
PHASEB_formal_r1_C0_DEFAULT_N2048_q16_rep5,1,4,1,sm_89,R1_EVENT_OVERLAP,NCCL,C0_DEFAULT,2048,2048,2048,16,11,1048576,12,0,3176.704,3471.904,3777.312,305.408,PASS,0
PHASEB_formal_r1_C0_DEFAULT_N2048_q16_rep5,1,4,1,sm_89,R1_EVENT_OVERLAP,NCCL,C0_DEFAULT,2048,2048,2048,16,12,1048576,12,0,3486.976,3780.736,4056.064,275.328,PASS,0
PHASEB_formal_r1_C0_DEFAULT_N2048_q16_rep5,1,4,1,sm_89,R1_EVENT_OVERLAP,NCCL,C0_DEFAULT,2048,2048,2048,16,13,1048576,12,0,3787.392,4059.328,4368.736,309.408,PASS,0
PHASEB_formal_r1_C0_DEFAULT_N2048_q16_rep5,1,4,1,sm_89,R1_EVENT_OVERLAP,NCCL,C0_DEFAULT,2048,2048,2048,16,14,1048576,12,0,4093.248,4372.000,4668.576,296.576,PASS,0
PHASEB_formal_r1_C0_DEFAULT_N2048_q16_rep5,1,4,1,sm_89,R1_EVENT_OVERLAP,NCCL,C0_DEFAULT,2048,2048,2048,16,15,1048576,12,0,4393.280,4671.936,4929.536,257.600,PASS,0
PHASEB_formal_r1_C0_DEFAULT_N2048_q16_rep5,1,4,1,sm_89,R1_EVENT_OVERLAP,NCCL,C0_DEFAULT,2048,2048,2048,16,0,1048576,13,0,116.736,122.912,428.352,305.440,PASS,0
PHASEB_formal_r1_C0_DEFAULT_N2048_q16_rep5,1,4,1,sm_89,R1_EVENT_OVERLAP,NCCL,C0_DEFAULT,2048,2048,2048,16,1,1048576,13,0,190.944,432.064,745.536,313.472,PASS,0
PHASEB_formal_r1_C0_DEFAULT_N2048_q16_rep5,1,4,1,sm_89,R1_EVENT_OVERLAP,NCCL,C0_DEFAULT,2048,2048,2048,16,2,1048576,13,0,417.120,749.600,1057.952,308.352,PASS,0
PHASEB_formal_r1_C0_DEFAULT_N2048_q16_rep5,1,4,1,sm_89,R1_EVENT_OVERLAP,NCCL,C0_DEFAULT,2048,2048,2048,16,3,1048576,13,0,512.992,1061.376,1366.400,305.024,PASS,0
PHASEB_formal_r1_C0_DEFAULT_N2048_q16_rep5,1,4,1,sm_89,R1_EVENT_OVERLAP,NCCL,C0_DEFAULT,2048,2048,2048,16,4,1048576,13,0,739.072,1369.696,1683.776,314.080,PASS,0
PHASEB_formal_r1_C0_DEFAULT_N2048_q16_rep5,1,4,1,sm_89,R1_EVENT_OVERLAP,NCCL,C0_DEFAULT,2048,2048,2048,16,5,1048576,13,0,829.568,1686.976,1997.216,310.240,PASS,0
PHASEB_formal_r1_C0_DEFAULT_N2048_q16_rep5,1,4,1,sm_89,R1_EVENT_OVERLAP,NCCL,C0_DEFAULT,2048,2048,2048,16,6,1048576,13,0,1047.936,2002.016,2332.864,330.848,PASS,0
PHASEB_formal_r1_C0_DEFAULT_N2048_q16_rep5,1,4,1,sm_89,R1_EVENT_OVERLAP,NCCL,C0_DEFAULT,2048,2048,2048,16,7,1048576,13,0,1125.888,2336.544,2632.800,296.256,PASS,0
PHASEB_formal_r1_C0_DEFAULT_N2048_q16_rep5,1,4,1,sm_89,R1_EVENT_OVERLAP,NCCL,C0_DEFAULT,2048,2048,2048,16,8,1048576,13,0,1356.480,2636.128,2895.104,258.976,PASS,0
PHASEB_formal_r1_C0_DEFAULT_N2048_q16_rep5,1,4,1,sm_89,R1_EVENT_OVERLAP,NCCL,C0_DEFAULT,2048,2048,2048,16,9,1048576,13,0,1432.832,2898.464,3158.112,259.648,PASS,0
PHASEB_formal_r1_C0_DEFAULT_N2048_q16_rep5,1,4,1,sm_89,R1_EVENT_OVERLAP,NCCL,C0_DEFAULT,2048,2048,2048,16,10,1048576,13,0,1658.848,3161.440,3420.064,258.624,PASS,0
PHASEB_formal_r1_C0_DEFAULT_N2048_q16_rep5,1,4,1,sm_89,R1_EVENT_OVERLAP,NCCL,C0_DEFAULT,2048,2048,2048,16,11,1048576,13,0,1737.312,3423.424,3682.944,259.520,PASS,0
PHASEB_formal_r1_C0_DEFAULT_N2048_q16_rep5,1,4,1,sm_89,R1_EVENT_OVERLAP,NCCL,C0_DEFAULT,2048,2048,2048,16,12,1048576,13,0,1973.376,3686.560,3944.960,258.400,PASS,0
PHASEB_formal_r1_C0_DEFAULT_N2048_q16_rep5,1,4,1,sm_89,R1_EVENT_OVERLAP,NCCL,C0_DEFAULT,2048,2048,2048,16,13,1048576,13,0,2062.144,3948.256,4207.616,259.360,PASS,0
PHASEB_formal_r1_C0_DEFAULT_N2048_q16_rep5,1,4,1,sm_89,R1_EVENT_OVERLAP,NCCL,C0_DEFAULT,2048,2048,2048,16,14,1048576,13,0,2308.064,4210.976,4469.600,258.624,PASS,0
PHASEB_formal_r1_C0_DEFAULT_N2048_q16_rep5,1,4,1,sm_89,R1_EVENT_OVERLAP,NCCL,C0_DEFAULT,2048,2048,2048,16,15,1048576,13,0,2387.712,4472.960,4731.456,258.496,PASS,0
PHASEB_formal_r1_C0_DEFAULT_N2048_q16_rep5,1,4,1,sm_89,R1_EVENT_OVERLAP,NCCL,C0_DEFAULT,2048,2048,2048,16,0,1048576,14,0,120.896,127.296,452.448,325.152,PASS,0
PHASEB_formal_r1_C0_DEFAULT_N2048_q16_rep5,1,4,1,sm_89,R1_EVENT_OVERLAP,NCCL,C0_DEFAULT,2048,2048,2048,16,1,1048576,14,0,195.520,455.840,731.648,275.808,PASS,0
PHASEB_formal_r1_C0_DEFAULT_N2048_q16_rep5,1,4,1,sm_89,R1_EVENT_OVERLAP,NCCL,C0_DEFAULT,2048,2048,2048,16,2,1048576,14,0,462.784,734.944,1043.424,308.480,PASS,0
PHASEB_formal_r1_C0_DEFAULT_N2048_q16_rep5,1,4,1,sm_89,R1_EVENT_OVERLAP,NCCL,C0_DEFAULT,2048,2048,2048,16,3,1048576,14,0,771.488,1046.880,1318.688,271.808,PASS,0
PHASEB_formal_r1_C0_DEFAULT_N2048_q16_rep5,1,4,1,sm_89,R1_EVENT_OVERLAP,NCCL,C0_DEFAULT,2048,2048,2048,16,4,1048576,14,0,1053.824,1322.816,1636.192,313.376,PASS,0
PHASEB_formal_r1_C0_DEFAULT_N2048_q16_rep5,1,4,1,sm_89,R1_EVENT_OVERLAP,NCCL,C0_DEFAULT,2048,2048,2048,16,5,1048576,14,0,1371.008,1639.520,1913.920,274.400,PASS,0
PHASEB_formal_r1_C0_DEFAULT_N2048_q16_rep5,1,4,1,sm_89,R1_EVENT_OVERLAP,NCCL,C0_DEFAULT,2048,2048,2048,16,6,1048576,14,0,1648.288,1918.400,2230.400,312.000,PASS,0
PHASEB_formal_r1_C0_DEFAULT_N2048_q16_rep5,1,4,1,sm_89,R1_EVENT_OVERLAP,NCCL,C0_DEFAULT,2048,2048,2048,16,7,1048576,14,0,1968.576,2233.696,2508.416,274.720,PASS,0
PHASEB_formal_r1_C0_DEFAULT_N2048_q16_rep5,1,4,1,sm_89,R1_EVENT_OVERLAP,NCCL,C0_DEFAULT,2048,2048,2048,16,8,1048576,14,0,2244.288,2511.840,2822.176,310.336,PASS,0
PHASEB_formal_r1_C0_DEFAULT_N2048_q16_rep5,1,4,1,sm_89,R1_EVENT_OVERLAP,NCCL,C0_DEFAULT,2048,2048,2048,16,9,1048576,14,0,2571.104,2826.144,3136.672,310.528,PASS,0
PHASEB_formal_r1_C0_DEFAULT_N2048_q16_rep5,1,4,1,sm_89,R1_EVENT_OVERLAP,NCCL,C0_DEFAULT,2048,2048,2048,16,10,1048576,14,0,2847.008,3139.936,3455.904,315.968,PASS,0
PHASEB_formal_r1_C0_DEFAULT_N2048_q16_rep5,1,4,1,sm_89,R1_EVENT_OVERLAP,NCCL,C0_DEFAULT,2048,2048,2048,16,11,1048576,14,0,3167.232,3459.392,3729.984,270.592,PASS,0
PHASEB_formal_r1_C0_DEFAULT_N2048_q16_rep5,1,4,1,sm_89,R1_EVENT_OVERLAP,NCCL,C0_DEFAULT,2048,2048,2048,16,12,1048576,14,0,3465.568,3733.408,4044.320,310.912,PASS,0
PHASEB_formal_r1_C0_DEFAULT_N2048_q16_rep5,1,4,1,sm_89,R1_EVENT_OVERLAP,NCCL,C0_DEFAULT,2048,2048,2048,16,13,1048576,14,0,3769.120,4047.712,4355.296,307.584,PASS,0
PHASEB_formal_r1_C0_DEFAULT_N2048_q16_rep5,1,4,1,sm_89,R1_EVENT_OVERLAP,NCCL,C0_DEFAULT,2048,2048,2048,16,14,1048576,14,0,4066.624,4358.656,4655.360,296.704,PASS,0
PHASEB_formal_r1_C0_DEFAULT_N2048_q16_rep5,1,4,1,sm_89,R1_EVENT_OVERLAP,NCCL,C0_DEFAULT,2048,2048,2048,16,15,1048576,14,0,4376.768,4658.688,4916.000,257.312,PASS,0
PHASEB_formal_r1_C0_DEFAULT_N2048_q16_rep5,1,4,1,sm_89,R1_EVENT_OVERLAP,NCCL,C0_DEFAULT,2048,2048,2048,16,0,1048576,15,0,119.680,126.176,430.336,304.160,PASS,0
PHASEB_formal_r1_C0_DEFAULT_N2048_q16_rep5,1,4,1,sm_89,R1_EVENT_OVERLAP,NCCL,C0_DEFAULT,2048,2048,2048,16,1,1048576,15,0,192.672,433.824,750.784,316.960,PASS,0
PHASEB_formal_r1_C0_DEFAULT_N2048_q16_rep5,1,4,1,sm_89,R1_EVENT_OVERLAP,NCCL,C0_DEFAULT,2048,2048,2048,16,2,1048576,15,0,420.288,754.272,1063.488,309.216,PASS,0
PHASEB_formal_r1_C0_DEFAULT_N2048_q16_rep5,1,4,1,sm_89,R1_EVENT_OVERLAP,NCCL,C0_DEFAULT,2048,2048,2048,16,3,1048576,15,0,516.672,1066.848,1344.128,277.280,PASS,0
PHASEB_formal_r1_C0_DEFAULT_N2048_q16_rep5,1,4,1,sm_89,R1_EVENT_OVERLAP,NCCL,C0_DEFAULT,2048,2048,2048,16,4,1048576,15,0,744.256,1347.328,1654.912,307.584,PASS,0
PHASEB_formal_r1_C0_DEFAULT_N2048_q16_rep5,1,4,1,sm_89,R1_EVENT_OVERLAP,NCCL,C0_DEFAULT,2048,2048,2048,16,5,1048576,15,0,1073.344,1658.592,1932.000,273.408,PASS,0
PHASEB_formal_r1_C0_DEFAULT_N2048_q16_rep5,1,4,1,sm_89,R1_EVENT_OVERLAP,NCCL,C0_DEFAULT,2048,2048,2048,16,6,1048576,15,0,1381.408,1935.360,2248.416,313.056,PASS,0
PHASEB_formal_r1_C0_DEFAULT_N2048_q16_rep5,1,4,1,sm_89,R1_EVENT_OVERLAP,NCCL,C0_DEFAULT,2048,2048,2048,16,7,1048576,15,0,1666.304,2251.712,2525.696,273.984,PASS,0
PHASEB_formal_r1_C0_DEFAULT_N2048_q16_rep5,1,4,1,sm_89,R1_EVENT_OVERLAP,NCCL,C0_DEFAULT,2048,2048,2048,16,8,1048576,15,0,1978.976,2528.992,2839.456,310.464,PASS,0
PHASEB_formal_r1_C0_DEFAULT_N2048_q16_rep5,1,4,1,sm_89,R1_EVENT_OVERLAP,NCCL,C0_DEFAULT,2048,2048,2048,16,9,1048576,15,0,2258.944,2843.008,3115.168,272.160,PASS,0
PHASEB_formal_r1_C0_DEFAULT_N2048_q16_rep5,1,4,1,sm_89,R1_EVENT_OVERLAP,NCCL,C0_DEFAULT,2048,2048,2048,16,10,1048576,15,0,2571.232,3118.400,3426.240,307.840,PASS,0
PHASEB_formal_r1_C0_DEFAULT_N2048_q16_rep5,1,4,1,sm_89,R1_EVENT_OVERLAP,NCCL,C0_DEFAULT,2048,2048,2048,16,11,1048576,15,0,2855.744,3429.568,3737.184,307.616,PASS,0
PHASEB_formal_r1_C0_DEFAULT_N2048_q16_rep5,1,4,1,sm_89,R1_EVENT_OVERLAP,NCCL,C0_DEFAULT,2048,2048,2048,16,12,1048576,15,0,3167.296,3740.512,4047.968,307.456,PASS,0
PHASEB_formal_r1_C0_DEFAULT_N2048_q16_rep5,1,4,1,sm_89,R1_EVENT_OVERLAP,NCCL,C0_DEFAULT,2048,2048,2048,16,13,1048576,15,0,3444.704,4051.360,4310.592,259.232,PASS,0
PHASEB_formal_r1_C0_DEFAULT_N2048_q16_rep5,1,4,1,sm_89,R1_EVENT_OVERLAP,NCCL,C0_DEFAULT,2048,2048,2048,16,14,1048576,15,0,3759.072,4313.952,4573.408,259.456,PASS,0
PHASEB_formal_r1_C0_DEFAULT_N2048_q16_rep5,1,4,1,sm_89,R1_EVENT_OVERLAP,NCCL,C0_DEFAULT,2048,2048,2048,16,15,1048576,15,0,4057.440,4576.768,4835.040,258.272,PASS,0
PHASEB_formal_r1_C0_DEFAULT_N2048_q16_rep5,1,4,1,sm_89,R1_EVENT_OVERLAP,NCCL,C0_DEFAULT,2048,2048,2048,16,0,1048576,16,0,120.832,127.328,434.944,307.616,PASS,0
PHASEB_formal_r1_C0_DEFAULT_N2048_q16_rep5,1,4,1,sm_89,R1_EVENT_OVERLAP,NCCL,C0_DEFAULT,2048,2048,2048,16,1,1048576,16,0,196.512,438.336,749.952,311.616,PASS,0
PHASEB_formal_r1_C0_DEFAULT_N2048_q16_rep5,1,4,1,sm_89,R1_EVENT_OVERLAP,NCCL,C0_DEFAULT,2048,2048,2048,16,2,1048576,16,0,428.000,753.472,1059.840,306.368,PASS,0
PHASEB_formal_r1_C0_DEFAULT_N2048_q16_rep5,1,4,1,sm_89,R1_EVENT_OVERLAP,NCCL,C0_DEFAULT,2048,2048,2048,16,3,1048576,16,0,526.272,1063.328,1375.328,312.000,PASS,0
PHASEB_formal_r1_C0_DEFAULT_N2048_q16_rep5,1,4,1,sm_89,R1_EVENT_OVERLAP,NCCL,C0_DEFAULT,2048,2048,2048,16,4,1048576,16,0,768.832,1378.976,1648.160,269.184,PASS,0
PHASEB_formal_r1_C0_DEFAULT_N2048_q16_rep5,1,4,1,sm_89,R1_EVENT_OVERLAP,NCCL,C0_DEFAULT,2048,2048,2048,16,5,1048576,16,0,1079.008,1651.360,1962.560,311.200,PASS,0
PHASEB_formal_r1_C0_DEFAULT_N2048_q16_rep5,1,4,1,sm_89,R1_EVENT_OVERLAP,NCCL,C0_DEFAULT,2048,2048,2048,16,6,1048576,16,0,1385.440,1965.760,2287.680,321.920,PASS,0
PHASEB_formal_r1_C0_DEFAULT_N2048_q16_rep5,1,4,1,sm_89,R1_EVENT_OVERLAP,NCCL,C0_DEFAULT,2048,2048,2048,16,7,1048576,16,0,1692.960,2290.944,2598.496,307.552,PASS,0
PHASEB_formal_r1_C0_DEFAULT_N2048_q16_rep5,1,4,1,sm_89,R1_EVENT_OVERLAP,NCCL,C0_DEFAULT,2048,2048,2048,16,8,1048576,16,0,1985.984,2602.144,2877.888,275.744,PASS,0
PHASEB_formal_r1_C0_DEFAULT_N2048_q16_rep5,1,4,1,sm_89,R1_EVENT_OVERLAP,NCCL,C0_DEFAULT,2048,2048,2048,16,9,1048576,16,0,2318.720,2881.152,3188.800,307.648,PASS,0
PHASEB_formal_r1_C0_DEFAULT_N2048_q16_rep5,1,4,1,sm_89,R1_EVENT_OVERLAP,NCCL,C0_DEFAULT,2048,2048,2048,16,10,1048576,16,0,2608.320,3192.032,3502.272,310.240,PASS,0
PHASEB_formal_r1_C0_DEFAULT_N2048_q16_rep5,1,4,1,sm_89,R1_EVENT_OVERLAP,NCCL,C0_DEFAULT,2048,2048,2048,16,11,1048576,16,0,2917.920,3505.632,3811.808,306.176,PASS,0
PHASEB_formal_r1_C0_DEFAULT_N2048_q16_rep5,1,4,1,sm_89,R1_EVENT_OVERLAP,NCCL,C0_DEFAULT,2048,2048,2048,16,12,1048576,16,0,3210.208,3815.168,4090.272,275.104,PASS,0
PHASEB_formal_r1_C0_DEFAULT_N2048_q16_rep5,1,4,1,sm_89,R1_EVENT_OVERLAP,NCCL,C0_DEFAULT,2048,2048,2048,16,13,1048576,16,0,3523.648,4093.472,4390.880,297.408,PASS,0
PHASEB_formal_r1_C0_DEFAULT_N2048_q16_rep5,1,4,1,sm_89,R1_EVENT_OVERLAP,NCCL,C0_DEFAULT,2048,2048,2048,16,14,1048576,16,0,3826.720,4394.272,4654.272,260.000,PASS,0
PHASEB_formal_r1_C0_DEFAULT_N2048_q16_rep5,1,4,1,sm_89,R1_EVENT_OVERLAP,NCCL,C0_DEFAULT,2048,2048,2048,16,15,1048576,16,0,4129.440,4657.664,4916.128,258.464,PASS,0
PHASEB_formal_r1_C0_DEFAULT_N2048_q16_rep5,1,4,1,sm_89,R1_EVENT_OVERLAP,NCCL,C0_DEFAULT,2048,2048,2048,16,0,1048576,17,0,120.128,126.464,431.680,305.216,PASS,0
PHASEB_formal_r1_C0_DEFAULT_N2048_q16_rep5,1,4,1,sm_89,R1_EVENT_OVERLAP,NCCL,C0_DEFAULT,2048,2048,2048,16,1,1048576,17,0,197.152,434.976,745.440,310.464,PASS,0
PHASEB_formal_r1_C0_DEFAULT_N2048_q16_rep5,1,4,1,sm_89,R1_EVENT_OVERLAP,NCCL,C0_DEFAULT,2048,2048,2048,16,2,1048576,17,0,420.864,749.152,1061.056,311.904,PASS,0
PHASEB_formal_r1_C0_DEFAULT_N2048_q16_rep5,1,4,1,sm_89,R1_EVENT_OVERLAP,NCCL,C0_DEFAULT,2048,2048,2048,16,3,1048576,17,0,514.784,1064.448,1373.376,308.928,PASS,0
PHASEB_formal_r1_C0_DEFAULT_N2048_q16_rep5,1,4,1,sm_89,R1_EVENT_OVERLAP,NCCL,C0_DEFAULT,2048,2048,2048,16,4,1048576,17,0,738.784,1376.704,1647.520,270.816,PASS,0
PHASEB_formal_r1_C0_DEFAULT_N2048_q16_rep5,1,4,1,sm_89,R1_EVENT_OVERLAP,NCCL,C0_DEFAULT,2048,2048,2048,16,5,1048576,17,0,828.608,1651.072,1956.512,305.440,PASS,0
PHASEB_formal_r1_C0_DEFAULT_N2048_q16_rep5,1,4,1,sm_89,R1_EVENT_OVERLAP,NCCL,C0_DEFAULT,2048,2048,2048,16,6,1048576,17,0,1054.304,1959.808,2268.928,309.120,PASS,0
PHASEB_formal_r1_C0_DEFAULT_N2048_q16_rep5,1,4,1,sm_89,R1_EVENT_OVERLAP,NCCL,C0_DEFAULT,2048,2048,2048,16,7,1048576,17,0,1383.616,2272.224,2582.784,310.560,PASS,0
PHASEB_formal_r1_C0_DEFAULT_N2048_q16_rep5,1,4,1,sm_89,R1_EVENT_OVERLAP,NCCL,C0_DEFAULT,2048,2048,2048,16,8,1048576,17,0,1700.608,2586.336,2860.576,274.240,PASS,0
PHASEB_formal_r1_C0_DEFAULT_N2048_q16_rep5,1,4,1,sm_89,R1_EVENT_OVERLAP,NCCL,C0_DEFAULT,2048,2048,2048,16,9,1048576,17,0,1985.952,2863.968,3170.304,306.336,PASS,0
PHASEB_formal_r1_C0_DEFAULT_N2048_q16_rep5,1,4,1,sm_89,R1_EVENT_OVERLAP,NCCL,C0_DEFAULT,2048,2048,2048,16,10,1048576,17,0,2300.096,3173.952,3447.168,273.216,PASS,0
PHASEB_formal_r1_C0_DEFAULT_N2048_q16_rep5,1,4,1,sm_89,R1_EVENT_OVERLAP,NCCL,C0_DEFAULT,2048,2048,2048,16,11,1048576,17,0,2597.856,3450.656,3757.216,306.560,PASS,0
PHASEB_formal_r1_C0_DEFAULT_N2048_q16_rep5,1,4,1,sm_89,R1_EVENT_OVERLAP,NCCL,C0_DEFAULT,2048,2048,2048,16,12,1048576,17,0,2907.840,3760.640,4056.608,295.968,PASS,0
PHASEB_formal_r1_C0_DEFAULT_N2048_q16_rep5,1,4,1,sm_89,R1_EVENT_OVERLAP,NCCL,C0_DEFAULT,2048,2048,2048,16,13,1048576,17,0,3183.136,4059.936,4319.456,259.520,PASS,0
PHASEB_formal_r1_C0_DEFAULT_N2048_q16_rep5,1,4,1,sm_89,R1_EVENT_OVERLAP,NCCL,C0_DEFAULT,2048,2048,2048,16,14,1048576,17,0,3498.912,4322.784,4581.056,258.272,PASS,0
PHASEB_formal_r1_C0_DEFAULT_N2048_q16_rep5,1,4,1,sm_89,R1_EVENT_OVERLAP,NCCL,C0_DEFAULT,2048,2048,2048,16,15,1048576,17,0,3780.320,4584.384,4843.520,259.136,PASS,0
PHASEB_formal_r1_C0_DEFAULT_N2048_q16_rep5,1,4,1,sm_89,R1_EVENT_OVERLAP,NCCL,C0_DEFAULT,2048,2048,2048,16,0,1048576,18,0,118.016,124.672,428.320,303.648,PASS,0
PHASEB_formal_r1_C0_DEFAULT_N2048_q16_rep5,1,4,1,sm_89,R1_EVENT_OVERLAP,NCCL,C0_DEFAULT,2048,2048,2048,16,1,1048576,18,0,192.672,431.648,744.672,313.024,PASS,0
PHASEB_formal_r1_C0_DEFAULT_N2048_q16_rep5,1,4,1,sm_89,R1_EVENT_OVERLAP,NCCL,C0_DEFAULT,2048,2048,2048,16,2,1048576,18,0,418.656,748.320,1028.064,279.744,PASS,0
PHASEB_formal_r1_C0_DEFAULT_N2048_q16_rep5,1,4,1,sm_89,R1_EVENT_OVERLAP,NCCL,C0_DEFAULT,2048,2048,2048,16,3,1048576,18,0,524.576,1031.648,1341.280,309.632,PASS,0
PHASEB_formal_r1_C0_DEFAULT_N2048_q16_rep5,1,4,1,sm_89,R1_EVENT_OVERLAP,NCCL,C0_DEFAULT,2048,2048,2048,16,4,1048576,18,0,754.496,1344.992,1617.056,272.064,PASS,0
PHASEB_formal_r1_C0_DEFAULT_N2048_q16_rep5,1,4,1,sm_89,R1_EVENT_OVERLAP,NCCL,C0_DEFAULT,2048,2048,2048,16,5,1048576,18,0,1066.464,1620.320,1937.632,317.312,PASS,0
PHASEB_formal_r1_C0_DEFAULT_N2048_q16_rep5,1,4,1,sm_89,R1_EVENT_OVERLAP,NCCL,C0_DEFAULT,2048,2048,2048,16,6,1048576,18,0,1351.392,1941.024,2251.712,310.688,PASS,0
PHASEB_formal_r1_C0_DEFAULT_N2048_q16_rep5,1,4,1,sm_89,R1_EVENT_OVERLAP,NCCL,C0_DEFAULT,2048,2048,2048,16,7,1048576,18,0,1665.248,2255.072,2522.528,267.456,PASS,0
PHASEB_formal_r1_C0_DEFAULT_N2048_q16_rep5,1,4,1,sm_89,R1_EVENT_OVERLAP,NCCL,C0_DEFAULT,2048,2048,2048,16,8,1048576,18,0,1957.536,2526.400,2837.088,310.688,PASS,0
PHASEB_formal_r1_C0_DEFAULT_N2048_q16_rep5,1,4,1,sm_89,R1_EVENT_OVERLAP,NCCL,C0_DEFAULT,2048,2048,2048,16,9,1048576,18,0,2265.632,2840.608,3152.736,312.128,PASS,0
PHASEB_formal_r1_C0_DEFAULT_N2048_q16_rep5,1,4,1,sm_89,R1_EVENT_OVERLAP,NCCL,C0_DEFAULT,2048,2048,2048,16,10,1048576,18,0,2574.784,3161.312,3471.040,309.728,PASS,0
PHASEB_formal_r1_C0_DEFAULT_N2048_q16_rep5,1,4,1,sm_89,R1_EVENT_OVERLAP,NCCL,C0_DEFAULT,2048,2048,2048,16,11,1048576,18,0,2878.144,3474.336,3783.136,308.800,PASS,0
PHASEB_formal_r1_C0_DEFAULT_N2048_q16_rep5,1,4,1,sm_89,R1_EVENT_OVERLAP,NCCL,C0_DEFAULT,2048,2048,2048,16,12,1048576,18,0,3183.936,3786.528,4056.416,269.888,PASS,0
PHASEB_formal_r1_C0_DEFAULT_N2048_q16_rep5,1,4,1,sm_89,R1_EVENT_OVERLAP,NCCL,C0_DEFAULT,2048,2048,2048,16,13,1048576,18,0,3492.928,4059.936,4357.504,297.568,PASS,0
PHASEB_formal_r1_C0_DEFAULT_N2048_q16_rep5,1,4,1,sm_89,R1_EVENT_OVERLAP,NCCL,C0_DEFAULT,2048,2048,2048,16,14,1048576,18,0,3792.672,4360.832,4620.864,260.032,PASS,0
PHASEB_formal_r1_C0_DEFAULT_N2048_q16_rep5,1,4,1,sm_89,R1_EVENT_OVERLAP,NCCL,C0_DEFAULT,2048,2048,2048,16,15,1048576,18,0,4100.384,4624.192,4881.472,257.280,PASS,0
PHASEB_formal_r1_C0_DEFAULT_N2048_q16_rep5,1,4,1,sm_89,R1_EVENT_OVERLAP,NCCL,C0_DEFAULT,2048,2048,2048,16,0,1048576,19,0,128.896,135.072,447.552,312.480,PASS,0
PHASEB_formal_r1_C0_DEFAULT_N2048_q16_rep5,1,4,1,sm_89,R1_EVENT_OVERLAP,NCCL,C0_DEFAULT,2048,2048,2048,16,1,1048576,19,0,199.328,450.880,760.096,309.216,PASS,0
PHASEB_formal_r1_C0_DEFAULT_N2048_q16_rep5,1,4,1,sm_89,R1_EVENT_OVERLAP,NCCL,C0_DEFAULT,2048,2048,2048,16,2,1048576,19,0,425.312,764.384,1074.304,309.920,PASS,0
PHASEB_formal_r1_C0_DEFAULT_N2048_q16_rep5,1,4,1,sm_89,R1_EVENT_OVERLAP,NCCL,C0_DEFAULT,2048,2048,2048,16,3,1048576,19,0,501.280,1086.144,1411.744,325.600,PASS,0
PHASEB_formal_r1_C0_DEFAULT_N2048_q16_rep5,1,4,1,sm_89,R1_EVENT_OVERLAP,NCCL,C0_DEFAULT,2048,2048,2048,16,4,1048576,19,0,727.456,1415.072,1728.896,313.824,PASS,0
PHASEB_formal_r1_C0_DEFAULT_N2048_q16_rep5,1,4,1,sm_89,R1_EVENT_OVERLAP,NCCL,C0_DEFAULT,2048,2048,2048,16,5,1048576,19,0,807.008,1732.256,2050.112,317.856,PASS,0
PHASEB_formal_r1_C0_DEFAULT_N2048_q16_rep5,1,4,1,sm_89,R1_EVENT_OVERLAP,NCCL,C0_DEFAULT,2048,2048,2048,16,6,1048576,19,0,1042.816,2053.408,2369.728,316.320,PASS,0
PHASEB_formal_r1_C0_DEFAULT_N2048_q16_rep5,1,4,1,sm_89,R1_EVENT_OVERLAP,NCCL,C0_DEFAULT,2048,2048,2048,16,7,1048576,19,0,1136.160,2373.184,2669.888,296.704,PASS,0
PHASEB_formal_r1_C0_DEFAULT_N2048_q16_rep5,1,4,1,sm_89,R1_EVENT_OVERLAP,NCCL,C0_DEFAULT,2048,2048,2048,16,8,1048576,19,0,1362.976,2673.216,2932.512,259.296,PASS,0
PHASEB_formal_r1_C0_DEFAULT_N2048_q16_rep5,1,4,1,sm_89,R1_EVENT_OVERLAP,NCCL,C0_DEFAULT,2048,2048,2048,16,9,1048576,19,0,1450.912,2935.872,3196.064,260.192,PASS,0
PHASEB_formal_r1_C0_DEFAULT_N2048_q16_rep5,1,4,1,sm_89,R1_EVENT_OVERLAP,NCCL,C0_DEFAULT,2048,2048,2048,16,10,1048576,19,0,1678.016,3199.392,3457.888,258.496,PASS,0
PHASEB_formal_r1_C0_DEFAULT_N2048_q16_rep5,1,4,1,sm_89,R1_EVENT_OVERLAP,NCCL,C0_DEFAULT,2048,2048,2048,16,11,1048576,19,0,1756.640,3461.280,3721.312,260.032,PASS,0
PHASEB_formal_r1_C0_DEFAULT_N2048_q16_rep5,1,4,1,sm_89,R1_EVENT_OVERLAP,NCCL,C0_DEFAULT,2048,2048,2048,16,12,1048576,19,0,2007.424,3724.640,3983.488,258.848,PASS,0
PHASEB_formal_r1_C0_DEFAULT_N2048_q16_rep5,1,4,1,sm_89,R1_EVENT_OVERLAP,NCCL,C0_DEFAULT,2048,2048,2048,16,13,1048576,19,0,2089.952,3986.848,4246.112,259.264,PASS,0
PHASEB_formal_r1_C0_DEFAULT_N2048_q16_rep5,1,4,1,sm_89,R1_EVENT_OVERLAP,NCCL,C0_DEFAULT,2048,2048,2048,16,14,1048576,19,0,2313.696,4249.440,4508.000,258.560,PASS,0
PHASEB_formal_r1_C0_DEFAULT_N2048_q16_rep5,1,4,1,sm_89,R1_EVENT_OVERLAP,NCCL,C0_DEFAULT,2048,2048,2048,16,15,1048576,19,0,2393.664,4511.360,4770.752,259.392,PASS,0
PHASEB_formal_r1_C0_DEFAULT_N2048_q16_rep5,1,4,1,sm_89,R1_EVENT_OVERLAP,NCCL,C0_DEFAULT,2048,2048,2048,16,0,1048576,20,0,121.184,128.064,433.440,305.376,PASS,0
PHASEB_formal_r1_C0_DEFAULT_N2048_q16_rep5,1,4,1,sm_89,R1_EVENT_OVERLAP,NCCL,C0_DEFAULT,2048,2048,2048,16,1,1048576,20,0,198.400,436.768,745.888,309.120,PASS,0
PHASEB_formal_r1_C0_DEFAULT_N2048_q16_rep5,1,4,1,sm_89,R1_EVENT_OVERLAP,NCCL,C0_DEFAULT,2048,2048,2048,16,2,1048576,20,0,424.992,749.408,1032.064,282.656,PASS,0
PHASEB_formal_r1_C0_DEFAULT_N2048_q16_rep5,1,4,1,sm_89,R1_EVENT_OVERLAP,NCCL,C0_DEFAULT,2048,2048,2048,16,3,1048576,20,0,519.392,1036.320,1363.296,326.976,PASS,0
PHASEB_formal_r1_C0_DEFAULT_N2048_q16_rep5,1,4,1,sm_89,R1_EVENT_OVERLAP,NCCL,C0_DEFAULT,2048,2048,2048,16,4,1048576,20,0,755.584,1366.560,1673.056,306.496,PASS,0
PHASEB_formal_r1_C0_DEFAULT_N2048_q16_rep5,1,4,1,sm_89,R1_EVENT_OVERLAP,NCCL,C0_DEFAULT,2048,2048,2048,16,5,1048576,20,0,1094.336,1676.416,1987.200,310.784,PASS,0
PHASEB_formal_r1_C0_DEFAULT_N2048_q16_rep5,1,4,1,sm_89,R1_EVENT_OVERLAP,NCCL,C0_DEFAULT,2048,2048,2048,16,6,1048576,20,0,1403.776,1990.528,2296.800,306.272,PASS,0
PHASEB_formal_r1_C0_DEFAULT_N2048_q16_rep5,1,4,1,sm_89,R1_EVENT_OVERLAP,NCCL,C0_DEFAULT,2048,2048,2048,16,7,1048576,20,0,1709.600,2300.160,2577.440,277.280,PASS,0
PHASEB_formal_r1_C0_DEFAULT_N2048_q16_rep5,1,4,1,sm_89,R1_EVENT_OVERLAP,NCCL,C0_DEFAULT,2048,2048,2048,16,8,1048576,20,0,2012.256,2580.864,2892.096,311.232,PASS,0
PHASEB_formal_r1_C0_DEFAULT_N2048_q16_rep5,1,4,1,sm_89,R1_EVENT_OVERLAP,NCCL,C0_DEFAULT,2048,2048,2048,16,9,1048576,20,0,2308.672,2895.424,3202.112,306.688,PASS,0
PHASEB_formal_r1_C0_DEFAULT_N2048_q16_rep5,1,4,1,sm_89,R1_EVENT_OVERLAP,NCCL,C0_DEFAULT,2048,2048,2048,16,10,1048576,20,0,2619.936,3205.376,3513.248,307.872,PASS,0
PHASEB_formal_r1_C0_DEFAULT_N2048_q16_rep5,1,4,1,sm_89,R1_EVENT_OVERLAP,NCCL,C0_DEFAULT,2048,2048,2048,16,11,1048576,20,0,2915.392,3516.608,3790.528,273.920,PASS,0
PHASEB_formal_r1_C0_DEFAULT_N2048_q16_rep5,1,4,1,sm_89,R1_EVENT_OVERLAP,NCCL,C0_DEFAULT,2048,2048,2048,16,12,1048576,20,0,3225.152,3793.824,4096.288,302.464,PASS,0
PHASEB_formal_r1_C0_DEFAULT_N2048_q16_rep5,1,4,1,sm_89,R1_EVENT_OVERLAP,NCCL,C0_DEFAULT,2048,2048,2048,16,13,1048576,20,0,3522.848,4100.000,4397.440,297.440,PASS,0
PHASEB_formal_r1_C0_DEFAULT_N2048_q16_rep5,1,4,1,sm_89,R1_EVENT_OVERLAP,NCCL,C0_DEFAULT,2048,2048,2048,16,14,1048576,20,0,3829.760,4400.736,4660.576,259.840,PASS,0
PHASEB_formal_r1_C0_DEFAULT_N2048_q16_rep5,1,4,1,sm_89,R1_EVENT_OVERLAP,NCCL,C0_DEFAULT,2048,2048,2048,16,15,1048576,20,0,4129.376,4663.872,4921.472,257.600,PASS,0
PHASEB_formal_r1_C0_DEFAULT_N2048_q16_rep5,1,4,1,sm_89,R1_EVENT_OVERLAP,NCCL,C0_DEFAULT,2048,2048,2048,16,0,1048576,21,0,122.624,128.800,431.808,303.008,PASS,0
PHASEB_formal_r1_C0_DEFAULT_N2048_q16_rep5,1,4,1,sm_89,R1_EVENT_OVERLAP,NCCL,C0_DEFAULT,2048,2048,2048,16,1,1048576,21,0,198.688,435.776,750.784,315.008,PASS,0
PHASEB_formal_r1_C0_DEFAULT_N2048_q16_rep5,1,4,1,sm_89,R1_EVENT_OVERLAP,NCCL,C0_DEFAULT,2048,2048,2048,16,2,1048576,21,0,421.664,753.984,1060.736,306.752,PASS,0
PHASEB_formal_r1_C0_DEFAULT_N2048_q16_rep5,1,4,1,sm_89,R1_EVENT_OVERLAP,NCCL,C0_DEFAULT,2048,2048,2048,16,3,1048576,21,0,499.840,1064.128,1371.968,307.840,PASS,0
PHASEB_formal_r1_C0_DEFAULT_N2048_q16_rep5,1,4,1,sm_89,R1_EVENT_OVERLAP,NCCL,C0_DEFAULT,2048,2048,2048,16,4,1048576,21,0,726.080,1375.424,1646.368,270.944,PASS,0
PHASEB_formal_r1_C0_DEFAULT_N2048_q16_rep5,1,4,1,sm_89,R1_EVENT_OVERLAP,NCCL,C0_DEFAULT,2048,2048,2048,16,5,1048576,21,0,803.360,1649.696,1959.744,310.048,PASS,0
PHASEB_formal_r1_C0_DEFAULT_N2048_q16_rep5,1,4,1,sm_89,R1_EVENT_OVERLAP,NCCL,C0_DEFAULT,2048,2048,2048,16,6,1048576,21,0,1034.272,1963.840,2272.416,308.576,PASS,0
PHASEB_formal_r1_C0_DEFAULT_N2048_q16_rep5,1,4,1,sm_89,R1_EVENT_OVERLAP,NCCL,C0_DEFAULT,2048,2048,2048,16,7,1048576,21,0,1116.992,2275.776,2580.416,304.640,PASS,0
PHASEB_formal_r1_C0_DEFAULT_N2048_q16_rep5,1,4,1,sm_89,R1_EVENT_OVERLAP,NCCL,C0_DEFAULT,2048,2048,2048,16,8,1048576,21,0,1410.112,2583.648,2892.832,309.184,PASS,0
PHASEB_formal_r1_C0_DEFAULT_N2048_q16_rep5,1,4,1,sm_89,R1_EVENT_OVERLAP,NCCL,C0_DEFAULT,2048,2048,2048,16,9,1048576,21,0,1726.016,2896.192,3165.184,268.992,PASS,0
PHASEB_formal_r1_C0_DEFAULT_N2048_q16_rep5,1,4,1,sm_89,R1_EVENT_OVERLAP,NCCL,C0_DEFAULT,2048,2048,2048,16,10,1048576,21,0,2012.928,3168.544,3479.936,311.392,PASS,0
PHASEB_formal_r1_C0_DEFAULT_N2048_q16_rep5,1,4,1,sm_89,R1_EVENT_OVERLAP,NCCL,C0_DEFAULT,2048,2048,2048,16,11,1048576,21,0,2320.032,3483.648,3781.664,298.016,PASS,0
PHASEB_formal_r1_C0_DEFAULT_N2048_q16_rep5,1,4,1,sm_89,R1_EVENT_OVERLAP,NCCL,C0_DEFAULT,2048,2048,2048,16,12,1048576,21,0,2611.360,3784.992,4043.360,258.368,PASS,0
PHASEB_formal_r1_C0_DEFAULT_N2048_q16_rep5,1,4,1,sm_89,R1_EVENT_OVERLAP,NCCL,C0_DEFAULT,2048,2048,2048,16,13,1048576,21,0,2911.136,4046.720,4306.048,259.328,PASS,0
PHASEB_formal_r1_C0_DEFAULT_N2048_q16_rep5,1,4,1,sm_89,R1_EVENT_OVERLAP,NCCL,C0_DEFAULT,2048,2048,2048,16,14,1048576,21,0,3210.592,4309.376,4568.128,258.752,PASS,0
PHASEB_formal_r1_C0_DEFAULT_N2048_q16_rep5,1,4,1,sm_89,R1_EVENT_OVERLAP,NCCL,C0_DEFAULT,2048,2048,2048,16,15,1048576,21,0,3517.600,4571.488,4830.176,258.688,PASS,0
PHASEB_formal_r1_C0_DEFAULT_N2048_q16_rep5,1,4,1,sm_89,R1_EVENT_OVERLAP,NCCL,C0_DEFAULT,2048,2048,2048,16,0,1048576,22,0,116.864,123.488,430.336,306.848,PASS,0
PHASEB_formal_r1_C0_DEFAULT_N2048_q16_rep5,1,4,1,sm_89,R1_EVENT_OVERLAP,NCCL,C0_DEFAULT,2048,2048,2048,16,1,1048576,22,0,190.720,433.664,743.808,310.144,PASS,0
PHASEB_formal_r1_C0_DEFAULT_N2048_q16_rep5,1,4,1,sm_89,R1_EVENT_OVERLAP,NCCL,C0_DEFAULT,2048,2048,2048,16,2,1048576,22,0,418.304,747.552,1057.056,309.504,PASS,0
PHASEB_formal_r1_C0_DEFAULT_N2048_q16_rep5,1,4,1,sm_89,R1_EVENT_OVERLAP,NCCL,C0_DEFAULT,2048,2048,2048,16,3,1048576,22,0,522.528,1060.832,1330.688,269.856,PASS,0
PHASEB_formal_r1_C0_DEFAULT_N2048_q16_rep5,1,4,1,sm_89,R1_EVENT_OVERLAP,NCCL,C0_DEFAULT,2048,2048,2048,16,4,1048576,22,0,765.952,1334.144,1642.176,308.032,PASS,0
PHASEB_formal_r1_C0_DEFAULT_N2048_q16_rep5,1,4,1,sm_89,R1_EVENT_OVERLAP,NCCL,C0_DEFAULT,2048,2048,2048,16,5,1048576,22,0,1070.944,1645.440,1967.680,322.240,PASS,0
PHASEB_formal_r1_C0_DEFAULT_N2048_q16_rep5,1,4,1,sm_89,R1_EVENT_OVERLAP,NCCL,C0_DEFAULT,2048,2048,2048,16,6,1048576,22,0,1372.544,1971.104,2285.056,313.952,PASS,0
PHASEB_formal_r1_C0_DEFAULT_N2048_q16_rep5,1,4,1,sm_89,R1_EVENT_OVERLAP,NCCL,C0_DEFAULT,2048,2048,2048,16,7,1048576,22,0,1672.640,2288.480,2556.896,268.416,PASS,0
PHASEB_formal_r1_C0_DEFAULT_N2048_q16_rep5,1,4,1,sm_89,R1_EVENT_OVERLAP,NCCL,C0_DEFAULT,2048,2048,2048,16,8,1048576,22,0,1990.656,2560.704,2869.312,308.608,PASS,0
PHASEB_formal_r1_C0_DEFAULT_N2048_q16_rep5,1,4,1,sm_89,R1_EVENT_OVERLAP,NCCL,C0_DEFAULT,2048,2048,2048,16,9,1048576,22,0,2295.072,2873.184,3142.816,269.632,PASS,0
PHASEB_formal_r1_C0_DEFAULT_N2048_q16_rep5,1,4,1,sm_89,R1_EVENT_OVERLAP,NCCL,C0_DEFAULT,2048,2048,2048,16,10,1048576,22,0,2599.744,3146.944,3459.488,312.544,PASS,0
PHASEB_formal_r1_C0_DEFAULT_N2048_q16_rep5,1,4,1,sm_89,R1_EVENT_OVERLAP,NCCL,C0_DEFAULT,2048,2048,2048,16,11,1048576,22,0,2887.712,3463.072,3771.264,308.192,PASS,0
PHASEB_formal_r1_C0_DEFAULT_N2048_q16_rep5,1,4,1,sm_89,R1_EVENT_OVERLAP,NCCL,C0_DEFAULT,2048,2048,2048,16,12,1048576,22,0,3204.288,3774.496,4081.440,306.944,PASS,0
PHASEB_formal_r1_C0_DEFAULT_N2048_q16_rep5,1,4,1,sm_89,R1_EVENT_OVERLAP,NCCL,C0_DEFAULT,2048,2048,2048,16,13,1048576,22,0,3482.720,4084.640,4343.776,259.136,PASS,0
PHASEB_formal_r1_C0_DEFAULT_N2048_q16_rep5,1,4,1,sm_89,R1_EVENT_OVERLAP,NCCL,C0_DEFAULT,2048,2048,2048,16,14,1048576,22,0,3801.056,4347.136,4607.168,260.032,PASS,0
PHASEB_formal_r1_C0_DEFAULT_N2048_q16_rep5,1,4,1,sm_89,R1_EVENT_OVERLAP,NCCL,C0_DEFAULT,2048,2048,2048,16,15,1048576,22,0,4090.880,4610.528,4868.064,257.536,PASS,0
PHASEB_formal_r1_C0_DEFAULT_N2048_q16_rep5,1,4,1,sm_89,R1_EVENT_OVERLAP,NCCL,C0_DEFAULT,2048,2048,2048,16,0,1048576,23,0,117.184,123.616,432.448,308.832,PASS,0
PHASEB_formal_r1_C0_DEFAULT_N2048_q16_rep5,1,4,1,sm_89,R1_EVENT_OVERLAP,NCCL,C0_DEFAULT,2048,2048,2048,16,1,1048576,23,0,192.960,436.064,714.272,278.208,PASS,0
PHASEB_formal_r1_C0_DEFAULT_N2048_q16_rep5,1,4,1,sm_89,R1_EVENT_OVERLAP,NCCL,C0_DEFAULT,2048,2048,2048,16,2,1048576,23,0,442.720,717.504,1025.088,307.584,PASS,0
PHASEB_formal_r1_C0_DEFAULT_N2048_q16_rep5,1,4,1,sm_89,R1_EVENT_OVERLAP,NCCL,C0_DEFAULT,2048,2048,2048,16,3,1048576,23,0,751.264,1028.576,1336.768,308.192,PASS,0
PHASEB_formal_r1_C0_DEFAULT_N2048_q16_rep5,1,4,1,sm_89,R1_EVENT_OVERLAP,NCCL,C0_DEFAULT,2048,2048,2048,16,4,1048576,23,0,1084.288,1340.128,1650.240,310.112,PASS,0
PHASEB_formal_r1_C0_DEFAULT_N2048_q16_rep5,1,4,1,sm_89,R1_EVENT_OVERLAP,NCCL,C0_DEFAULT,2048,2048,2048,16,5,1048576,23,0,1356.736,1653.536,1967.456,313.920,PASS,0
PHASEB_formal_r1_C0_DEFAULT_N2048_q16_rep5,1,4,1,sm_89,R1_EVENT_OVERLAP,NCCL,C0_DEFAULT,2048,2048,2048,16,6,1048576,23,0,1671.712,1970.720,2282.656,311.936,PASS,0
PHASEB_formal_r1_C0_DEFAULT_N2048_q16_rep5,1,4,1,sm_89,R1_EVENT_OVERLAP,NCCL,C0_DEFAULT,2048,2048,2048,16,7,1048576,23,0,1960.128,2286.080,2597.472,311.392,PASS,0
PHASEB_formal_r1_C0_DEFAULT_N2048_q16_rep5,1,4,1,sm_89,R1_EVENT_OVERLAP,NCCL,C0_DEFAULT,2048,2048,2048,16,8,1048576,23,0,2275.744,2600.736,2908.160,307.424,PASS,0
PHASEB_formal_r1_C0_DEFAULT_N2048_q16_rep5,1,4,1,sm_89,R1_EVENT_OVERLAP,NCCL,C0_DEFAULT,2048,2048,2048,16,9,1048576,23,0,2573.152,2911.488,3221.440,309.952,PASS,0
PHASEB_formal_r1_C0_DEFAULT_N2048_q16_rep5,1,4,1,sm_89,R1_EVENT_OVERLAP,NCCL,C0_DEFAULT,2048,2048,2048,16,10,1048576,23,0,2884.704,3225.024,3533.696,308.672,PASS,0
PHASEB_formal_r1_C0_DEFAULT_N2048_q16_rep5,1,4,1,sm_89,R1_EVENT_OVERLAP,NCCL,C0_DEFAULT,2048,2048,2048,16,11,1048576,23,0,3183.648,3537.088,3843.648,306.560,PASS,0
PHASEB_formal_r1_C0_DEFAULT_N2048_q16_rep5,1,4,1,sm_89,R1_EVENT_OVERLAP,NCCL,C0_DEFAULT,2048,2048,2048,16,12,1048576,23,0,3488.928,3846.944,4153.216,306.272,PASS,0
PHASEB_formal_r1_C0_DEFAULT_N2048_q16_rep5,1,4,1,sm_89,R1_EVENT_OVERLAP,NCCL,C0_DEFAULT,2048,2048,2048,16,13,1048576,23,0,3783.168,4156.672,4484.736,328.064,PASS,0
PHASEB_formal_r1_C0_DEFAULT_N2048_q16_rep5,1,4,1,sm_89,R1_EVENT_OVERLAP,NCCL,C0_DEFAULT,2048,2048,2048,16,14,1048576,23,0,4093.440,4488.064,4746.016,257.952,PASS,0
PHASEB_formal_r1_C0_DEFAULT_N2048_q16_rep5,1,4,1,sm_89,R1_EVENT_OVERLAP,NCCL,C0_DEFAULT,2048,2048,2048,16,15,1048576,23,0,4369.920,4749.376,5007.872,258.496,PASS,0
PHASEB_formal_r1_C0_DEFAULT_N2048_q16_rep5,1,4,1,sm_89,R1_EVENT_OVERLAP,NCCL,C0_DEFAULT,2048,2048,2048,16,0,1048576,24,0,124.864,132.032,444.576,312.544,PASS,0
PHASEB_formal_r1_C0_DEFAULT_N2048_q16_rep5,1,4,1,sm_89,R1_EVENT_OVERLAP,NCCL,C0_DEFAULT,2048,2048,2048,16,1,1048576,24,0,198.880,447.840,721.440,273.600,PASS,0
PHASEB_formal_r1_C0_DEFAULT_N2048_q16_rep5,1,4,1,sm_89,R1_EVENT_OVERLAP,NCCL,C0_DEFAULT,2048,2048,2048,16,2,1048576,24,0,454.176,724.800,1033.056,308.256,PASS,0
PHASEB_formal_r1_C0_DEFAULT_N2048_q16_rep5,1,4,1,sm_89,R1_EVENT_OVERLAP,NCCL,C0_DEFAULT,2048,2048,2048,16,3,1048576,24,0,762.144,1036.608,1305.248,268.640,PASS,0
PHASEB_formal_r1_C0_DEFAULT_N2048_q16_rep5,1,4,1,sm_89,R1_EVENT_OVERLAP,NCCL,C0_DEFAULT,2048,2048,2048,16,4,1048576,24,0,1055.360,1308.800,1615.520,306.720,PASS,0
PHASEB_formal_r1_C0_DEFAULT_N2048_q16_rep5,1,4,1,sm_89,R1_EVENT_OVERLAP,NCCL,C0_DEFAULT,2048,2048,2048,16,5,1048576,24,0,1365.568,1624.896,1938.976,314.080,PASS,0
PHASEB_formal_r1_C0_DEFAULT_N2048_q16_rep5,1,4,1,sm_89,R1_EVENT_OVERLAP,NCCL,C0_DEFAULT,2048,2048,2048,16,6,1048576,24,0,1672.640,1942.336,2209.696,267.360,PASS,0
PHASEB_formal_r1_C0_DEFAULT_N2048_q16_rep5,1,4,1,sm_89,R1_EVENT_OVERLAP,NCCL,C0_DEFAULT,2048,2048,2048,16,7,1048576,24,0,1952.256,2213.312,2517.760,304.448,PASS,0
PHASEB_formal_r1_C0_DEFAULT_N2048_q16_rep5,1,4,1,sm_89,R1_EVENT_OVERLAP,NCCL,C0_DEFAULT,2048,2048,2048,16,8,1048576,24,0,2269.440,2521.152,2831.328,310.176,PASS,0
PHASEB_formal_r1_C0_DEFAULT_N2048_q16_rep5,1,4,1,sm_89,R1_EVENT_OVERLAP,NCCL,C0_DEFAULT,2048,2048,2048,16,9,1048576,24,0,2560.896,2835.296,3145.216,309.920,PASS,0
PHASEB_formal_r1_C0_DEFAULT_N2048_q16_rep5,1,4,1,sm_89,R1_EVENT_OVERLAP,NCCL,C0_DEFAULT,2048,2048,2048,16,10,1048576,24,0,2868.736,3148.544,3420.448,271.904,PASS,0
PHASEB_formal_r1_C0_DEFAULT_N2048_q16_rep5,1,4,1,sm_89,R1_EVENT_OVERLAP,NCCL,C0_DEFAULT,2048,2048,2048,16,11,1048576,24,0,3155.488,3423.712,3730.848,307.136,PASS,0
PHASEB_formal_r1_C0_DEFAULT_N2048_q16_rep5,1,4,1,sm_89,R1_EVENT_OVERLAP,NCCL,C0_DEFAULT,2048,2048,2048,16,12,1048576,24,0,3461.568,3734.240,4006.240,272.000,PASS,0
PHASEB_formal_r1_C0_DEFAULT_N2048_q16_rep5,1,4,1,sm_89,R1_EVENT_OVERLAP,NCCL,C0_DEFAULT,2048,2048,2048,16,13,1048576,24,0,3740.960,4009.504,4315.424,305.920,PASS,0
PHASEB_formal_r1_C0_DEFAULT_N2048_q16_rep5,1,4,1,sm_89,R1_EVENT_OVERLAP,NCCL,C0_DEFAULT,2048,2048,2048,16,14,1048576,24,0,4054.688,4318.752,4614.752,296.000,PASS,0
PHASEB_formal_r1_C0_DEFAULT_N2048_q16_rep5,1,4,1,sm_89,R1_EVENT_OVERLAP,NCCL,C0_DEFAULT,2048,2048,2048,16,15,1048576,24,0,4340.128,4618.112,4876.608,258.496,PASS,0
PHASEB_formal_r1_C0_DEFAULT_N2048_q16_rep5,1,4,1,sm_89,R1_EVENT_OVERLAP,NCCL,C0_DEFAULT,2048,2048,2048,16,0,1048576,25,0,119.584,125.664,430.912,305.248,PASS,0
PHASEB_formal_r1_C0_DEFAULT_N2048_q16_rep5,1,4,1,sm_89,R1_EVENT_OVERLAP,NCCL,C0_DEFAULT,2048,2048,2048,16,1,1048576,25,0,192.544,434.336,744.192,309.856,PASS,0
PHASEB_formal_r1_C0_DEFAULT_N2048_q16_rep5,1,4,1,sm_89,R1_EVENT_OVERLAP,NCCL,C0_DEFAULT,2048,2048,2048,16,2,1048576,25,0,420.320,747.520,1049.888,302.368,PASS,0
PHASEB_formal_r1_C0_DEFAULT_N2048_q16_rep5,1,4,1,sm_89,R1_EVENT_OVERLAP,NCCL,C0_DEFAULT,2048,2048,2048,16,3,1048576,25,0,513.760,1053.184,1359.520,306.336,PASS,0
PHASEB_formal_r1_C0_DEFAULT_N2048_q16_rep5,1,4,1,sm_89,R1_EVENT_OVERLAP,NCCL,C0_DEFAULT,2048,2048,2048,16,4,1048576,25,0,735.008,1362.880,1675.904,313.024,PASS,0
PHASEB_formal_r1_C0_DEFAULT_N2048_q16_rep5,1,4,1,sm_89,R1_EVENT_OVERLAP,NCCL,C0_DEFAULT,2048,2048,2048,16,5,1048576,25,0,813.184,1679.232,1992.320,313.088,PASS,0
PHASEB_formal_r1_C0_DEFAULT_N2048_q16_rep5,1,4,1,sm_89,R1_EVENT_OVERLAP,NCCL,C0_DEFAULT,2048,2048,2048,16,6,1048576,25,0,1040.224,1996.000,2300.512,304.512,PASS,0
PHASEB_formal_r1_C0_DEFAULT_N2048_q16_rep5,1,4,1,sm_89,R1_EVENT_OVERLAP,NCCL,C0_DEFAULT,2048,2048,2048,16,7,1048576,25,0,1118.112,2303.776,2612.896,309.120,PASS,0
PHASEB_formal_r1_C0_DEFAULT_N2048_q16_rep5,1,4,1,sm_89,R1_EVENT_OVERLAP,NCCL,C0_DEFAULT,2048,2048,2048,16,8,1048576,25,0,1348.704,2616.160,2887.840,271.680,PASS,0
PHASEB_formal_r1_C0_DEFAULT_N2048_q16_rep5,1,4,1,sm_89,R1_EVENT_OVERLAP,NCCL,C0_DEFAULT,2048,2048,2048,16,9,1048576,25,0,1429.120,2891.488,3200.352,308.864,PASS,0
PHASEB_formal_r1_C0_DEFAULT_N2048_q16_rep5,1,4,1,sm_89,R1_EVENT_OVERLAP,NCCL,C0_DEFAULT,2048,2048,2048,16,10,1048576,25,0,1696.736,3203.552,3499.456,295.904,PASS,0
PHASEB_formal_r1_C0_DEFAULT_N2048_q16_rep5,1,4,1,sm_89,R1_EVENT_OVERLAP,NCCL,C0_DEFAULT,2048,2048,2048,16,11,1048576,25,0,2015.104,3502.976,3762.464,259.488,PASS,0
PHASEB_formal_r1_C0_DEFAULT_N2048_q16_rep5,1,4,1,sm_89,R1_EVENT_OVERLAP,NCCL,C0_DEFAULT,2048,2048,2048,16,12,1048576,25,0,2325.696,3765.792,4024.416,258.624,PASS,0
PHASEB_formal_r1_C0_DEFAULT_N2048_q16_rep5,1,4,1,sm_89,R1_EVENT_OVERLAP,NCCL,C0_DEFAULT,2048,2048,2048,16,13,1048576,25,0,2622.752,4027.744,4286.944,259.200,PASS,0
PHASEB_formal_r1_C0_DEFAULT_N2048_q16_rep5,1,4,1,sm_89,R1_EVENT_OVERLAP,NCCL,C0_DEFAULT,2048,2048,2048,16,14,1048576,25,0,2929.088,4290.272,4548.960,258.688,PASS,0
PHASEB_formal_r1_C0_DEFAULT_N2048_q16_rep5,1,4,1,sm_89,R1_EVENT_OVERLAP,NCCL,C0_DEFAULT,2048,2048,2048,16,15,1048576,25,0,3224.640,4552.384,4811.360,258.976,PASS,0
PHASEB_formal_r1_C0_DEFAULT_N2048_q16_rep5,1,4,1,sm_89,R1_EVENT_OVERLAP,NCCL,C0_DEFAULT,2048,2048,2048,16,0,1048576,26,0,119.840,126.336,431.872,305.536,PASS,0
PHASEB_formal_r1_C0_DEFAULT_N2048_q16_rep5,1,4,1,sm_89,R1_EVENT_OVERLAP,NCCL,C0_DEFAULT,2048,2048,2048,16,1,1048576,26,0,196.000,435.360,745.504,310.144,PASS,0
PHASEB_formal_r1_C0_DEFAULT_N2048_q16_rep5,1,4,1,sm_89,R1_EVENT_OVERLAP,NCCL,C0_DEFAULT,2048,2048,2048,16,2,1048576,26,0,422.304,749.184,1030.816,281.632,PASS,0
PHASEB_formal_r1_C0_DEFAULT_N2048_q16_rep5,1,4,1,sm_89,R1_EVENT_OVERLAP,NCCL,C0_DEFAULT,2048,2048,2048,16,3,1048576,26,0,513.280,1034.112,1345.120,311.008,PASS,0
PHASEB_formal_r1_C0_DEFAULT_N2048_q16_rep5,1,4,1,sm_89,R1_EVENT_OVERLAP,NCCL,C0_DEFAULT,2048,2048,2048,16,4,1048576,26,0,755.328,1348.384,1630.784,282.400,PASS,0
PHASEB_formal_r1_C0_DEFAULT_N2048_q16_rep5,1,4,1,sm_89,R1_EVENT_OVERLAP,NCCL,C0_DEFAULT,2048,2048,2048,16,5,1048576,26,0,1064.992,1634.304,1943.072,308.768,PASS,0
PHASEB_formal_r1_C0_DEFAULT_N2048_q16_rep5,1,4,1,sm_89,R1_EVENT_OVERLAP,NCCL,C0_DEFAULT,2048,2048,2048,16,6,1048576,26,0,1355.200,1946.304,2222.432,276.128,PASS,0
PHASEB_formal_r1_C0_DEFAULT_N2048_q16_rep5,1,4,1,sm_89,R1_EVENT_OVERLAP,NCCL,C0_DEFAULT,2048,2048,2048,16,7,1048576,26,0,1669.856,2225.760,2533.856,308.096,PASS,0
PHASEB_formal_r1_C0_DEFAULT_N2048_q16_rep5,1,4,1,sm_89,R1_EVENT_OVERLAP,NCCL,C0_DEFAULT,2048,2048,2048,16,8,1048576,26,0,1952.416,2537.536,2807.456,269.920,PASS,0
PHASEB_formal_r1_C0_DEFAULT_N2048_q16_rep5,1,4,1,sm_89,R1_EVENT_OVERLAP,NCCL,C0_DEFAULT,2048,2048,2048,16,9,1048576,26,0,2267.968,2810.688,3119.488,308.800,PASS,0
PHASEB_formal_r1_C0_DEFAULT_N2048_q16_rep5,1,4,1,sm_89,R1_EVENT_OVERLAP,NCCL,C0_DEFAULT,2048,2048,2048,16,10,1048576,26,0,2543.648,3123.264,3395.712,272.448,PASS,0
PHASEB_formal_r1_C0_DEFAULT_N2048_q16_rep5,1,4,1,sm_89,R1_EVENT_OVERLAP,NCCL,C0_DEFAULT,2048,2048,2048,16,11,1048576,26,0,2851.456,3399.424,3709.024,309.600,PASS,0
PHASEB_formal_r1_C0_DEFAULT_N2048_q16_rep5,1,4,1,sm_89,R1_EVENT_OVERLAP,NCCL,C0_DEFAULT,2048,2048,2048,16,12,1048576,26,0,3135.968,3712.608,3983.232,270.624,PASS,0
PHASEB_formal_r1_C0_DEFAULT_N2048_q16_rep5,1,4,1,sm_89,R1_EVENT_OVERLAP,NCCL,C0_DEFAULT,2048,2048,2048,16,13,1048576,26,0,3439.072,3986.464,4283.712,297.248,PASS,0
PHASEB_formal_r1_C0_DEFAULT_N2048_q16_rep5,1,4,1,sm_89,R1_EVENT_OVERLAP,NCCL,C0_DEFAULT,2048,2048,2048,16,14,1048576,26,0,3718.720,4287.040,4546.432,259.392,PASS,0
PHASEB_formal_r1_C0_DEFAULT_N2048_q16_rep5,1,4,1,sm_89,R1_EVENT_OVERLAP,NCCL,C0_DEFAULT,2048,2048,2048,16,15,1048576,26,0,4023.520,4549.760,4807.872,258.112,PASS,0
PHASEB_formal_r1_C0_DEFAULT_N2048_q16_rep5,1,4,1,sm_89,R1_EVENT_OVERLAP,NCCL,C0_DEFAULT,2048,2048,2048,16,0,1048576,27,0,116.448,122.944,429.568,306.624,PASS,0
PHASEB_formal_r1_C0_DEFAULT_N2048_q16_rep5,1,4,1,sm_89,R1_EVENT_OVERLAP,NCCL,C0_DEFAULT,2048,2048,2048,16,1,1048576,27,0,197.312,432.928,745.056,312.128,PASS,0
PHASEB_formal_r1_C0_DEFAULT_N2048_q16_rep5,1,4,1,sm_89,R1_EVENT_OVERLAP,NCCL,C0_DEFAULT,2048,2048,2048,16,2,1048576,27,0,420.224,748.544,1055.936,307.392,PASS,0
PHASEB_formal_r1_C0_DEFAULT_N2048_q16_rep5,1,4,1,sm_89,R1_EVENT_OVERLAP,NCCL,C0_DEFAULT,2048,2048,2048,16,3,1048576,27,0,509.792,1059.328,1371.264,311.936,PASS,0
PHASEB_formal_r1_C0_DEFAULT_N2048_q16_rep5,1,4,1,sm_89,R1_EVENT_OVERLAP,NCCL,C0_DEFAULT,2048,2048,2048,16,4,1048576,27,0,738.400,1375.104,1679.104,304.000,PASS,0
PHASEB_formal_r1_C0_DEFAULT_N2048_q16_rep5,1,4,1,sm_89,R1_EVENT_OVERLAP,NCCL,C0_DEFAULT,2048,2048,2048,16,5,1048576,27,0,827.744,1682.656,1990.752,308.096,PASS,0
PHASEB_formal_r1_C0_DEFAULT_N2048_q16_rep5,1,4,1,sm_89,R1_EVENT_OVERLAP,NCCL,C0_DEFAULT,2048,2048,2048,16,6,1048576,27,0,1046.304,1994.112,2299.968,305.856,PASS,0
PHASEB_formal_r1_C0_DEFAULT_N2048_q16_rep5,1,4,1,sm_89,R1_EVENT_OVERLAP,NCCL,C0_DEFAULT,2048,2048,2048,16,7,1048576,27,0,1138.016,2303.328,2575.072,271.744,PASS,0
PHASEB_formal_r1_C0_DEFAULT_N2048_q16_rep5,1,4,1,sm_89,R1_EVENT_OVERLAP,NCCL,C0_DEFAULT,2048,2048,2048,16,8,1048576,27,0,1364.448,2578.336,2874.976,296.640,PASS,0
PHASEB_formal_r1_C0_DEFAULT_N2048_q16_rep5,1,4,1,sm_89,R1_EVENT_OVERLAP,NCCL,C0_DEFAULT,2048,2048,2048,16,9,1048576,27,0,1440.544,2878.336,3138.496,260.160,PASS,0
PHASEB_formal_r1_C0_DEFAULT_N2048_q16_rep5,1,4,1,sm_89,R1_EVENT_OVERLAP,NCCL,C0_DEFAULT,2048,2048,2048,16,10,1048576,27,0,1667.232,3141.856,3400.256,258.400,PASS,0
PHASEB_formal_r1_C0_DEFAULT_N2048_q16_rep5,1,4,1,sm_89,R1_EVENT_OVERLAP,NCCL,C0_DEFAULT,2048,2048,2048,16,11,1048576,27,0,1746.048,3403.584,3663.104,259.520,PASS,0
PHASEB_formal_r1_C0_DEFAULT_N2048_q16_rep5,1,4,1,sm_89,R1_EVENT_OVERLAP,NCCL,C0_DEFAULT,2048,2048,2048,16,12,1048576,27,0,1983.616,3666.432,3925.440,259.008,PASS,0
PHASEB_formal_r1_C0_DEFAULT_N2048_q16_rep5,1,4,1,sm_89,R1_EVENT_OVERLAP,NCCL,C0_DEFAULT,2048,2048,2048,16,13,1048576,27,0,2073.088,3928.928,4188.800,259.872,PASS,0
PHASEB_formal_r1_C0_DEFAULT_N2048_q16_rep5,1,4,1,sm_89,R1_EVENT_OVERLAP,NCCL,C0_DEFAULT,2048,2048,2048,16,14,1048576,27,0,2367.264,4192.160,4451.264,259.104,PASS,0
PHASEB_formal_r1_C0_DEFAULT_N2048_q16_rep5,1,4,1,sm_89,R1_EVENT_OVERLAP,NCCL,C0_DEFAULT,2048,2048,2048,16,15,1048576,27,0,2682.112,4454.592,4713.184,258.592,PASS,0
PHASEB_formal_r1_C0_DEFAULT_N2048_q16_rep5,1,4,1,sm_89,R1_EVENT_OVERLAP,NCCL,C0_DEFAULT,2048,2048,2048,16,0,1048576,28,0,118.880,125.408,431.616,306.208,PASS,0
PHASEB_formal_r1_C0_DEFAULT_N2048_q16_rep5,1,4,1,sm_89,R1_EVENT_OVERLAP,NCCL,C0_DEFAULT,2048,2048,2048,16,1,1048576,28,0,197.664,435.552,743.136,307.584,PASS,0
PHASEB_formal_r1_C0_DEFAULT_N2048_q16_rep5,1,4,1,sm_89,R1_EVENT_OVERLAP,NCCL,C0_DEFAULT,2048,2048,2048,16,2,1048576,28,0,425.024,746.656,1013.952,267.296,PASS,0
PHASEB_formal_r1_C0_DEFAULT_N2048_q16_rep5,1,4,1,sm_89,R1_EVENT_OVERLAP,NCCL,C0_DEFAULT,2048,2048,2048,16,3,1048576,28,0,512.928,1017.280,1330.208,312.928,PASS,0
PHASEB_formal_r1_C0_DEFAULT_N2048_q16_rep5,1,4,1,sm_89,R1_EVENT_OVERLAP,NCCL,C0_DEFAULT,2048,2048,2048,16,4,1048576,28,0,758.304,1333.472,1643.584,310.112,PASS,0
PHASEB_formal_r1_C0_DEFAULT_N2048_q16_rep5,1,4,1,sm_89,R1_EVENT_OVERLAP,NCCL,C0_DEFAULT,2048,2048,2048,16,5,1048576,28,0,1078.912,1647.168,1955.200,308.032,PASS,0
PHASEB_formal_r1_C0_DEFAULT_N2048_q16_rep5,1,4,1,sm_89,R1_EVENT_OVERLAP,NCCL,C0_DEFAULT,2048,2048,2048,16,6,1048576,28,0,1398.080,1958.432,2267.872,309.440,PASS,0
PHASEB_formal_r1_C0_DEFAULT_N2048_q16_rep5,1,4,1,sm_89,R1_EVENT_OVERLAP,NCCL,C0_DEFAULT,2048,2048,2048,16,7,1048576,28,0,1712.384,2271.776,2576.768,304.992,PASS,0
PHASEB_formal_r1_C0_DEFAULT_N2048_q16_rep5,1,4,1,sm_89,R1_EVENT_OVERLAP,NCCL,C0_DEFAULT,2048,2048,2048,16,8,1048576,28,0,1999.488,2580.128,2891.232,311.104,PASS,0
PHASEB_formal_r1_C0_DEFAULT_N2048_q16_rep5,1,4,1,sm_89,R1_EVENT_OVERLAP,NCCL,C0_DEFAULT,2048,2048,2048,16,9,1048576,28,0,2309.088,2894.656,3209.408,314.752,PASS,0
PHASEB_formal_r1_C0_DEFAULT_N2048_q16_rep5,1,4,1,sm_89,R1_EVENT_OVERLAP,NCCL,C0_DEFAULT,2048,2048,2048,16,10,1048576,28,0,2608.512,3212.704,3486.560,273.856,PASS,0
PHASEB_formal_r1_C0_DEFAULT_N2048_q16_rep5,1,4,1,sm_89,R1_EVENT_OVERLAP,NCCL,C0_DEFAULT,2048,2048,2048,16,11,1048576,28,0,2922.496,3489.792,3796.576,306.784,PASS,0
PHASEB_formal_r1_C0_DEFAULT_N2048_q16_rep5,1,4,1,sm_89,R1_EVENT_OVERLAP,NCCL,C0_DEFAULT,2048,2048,2048,16,12,1048576,28,0,3219.488,3799.840,4106.016,306.176,PASS,0
PHASEB_formal_r1_C0_DEFAULT_N2048_q16_rep5,1,4,1,sm_89,R1_EVENT_OVERLAP,NCCL,C0_DEFAULT,2048,2048,2048,16,13,1048576,28,0,3523.968,4109.856,4403.808,293.952,PASS,0
PHASEB_formal_r1_C0_DEFAULT_N2048_q16_rep5,1,4,1,sm_89,R1_EVENT_OVERLAP,NCCL,C0_DEFAULT,2048,2048,2048,16,14,1048576,28,0,3829.792,4407.136,4666.752,259.616,PASS,0
PHASEB_formal_r1_C0_DEFAULT_N2048_q16_rep5,1,4,1,sm_89,R1_EVENT_OVERLAP,NCCL,C0_DEFAULT,2048,2048,2048,16,15,1048576,28,0,4123.552,4670.112,4927.776,257.664,PASS,0
PHASEB_formal_r1_C0_DEFAULT_N2048_q16_rep5,1,4,1,sm_89,R1_EVENT_OVERLAP,NCCL,C0_DEFAULT,2048,2048,2048,16,0,1048576,29,0,121.408,127.680,438.688,311.008,PASS,0
PHASEB_formal_r1_C0_DEFAULT_N2048_q16_rep5,1,4,1,sm_89,R1_EVENT_OVERLAP,NCCL,C0_DEFAULT,2048,2048,2048,16,1,1048576,29,0,196.896,441.984,747.104,305.120,PASS,0
PHASEB_formal_r1_C0_DEFAULT_N2048_q16_rep5,1,4,1,sm_89,R1_EVENT_OVERLAP,NCCL,C0_DEFAULT,2048,2048,2048,16,2,1048576,29,0,432.608,750.624,1060.032,309.408,PASS,0
PHASEB_formal_r1_C0_DEFAULT_N2048_q16_rep5,1,4,1,sm_89,R1_EVENT_OVERLAP,NCCL,C0_DEFAULT,2048,2048,2048,16,3,1048576,29,0,507.648,1063.680,1334.208,270.528,PASS,0
PHASEB_formal_r1_C0_DEFAULT_N2048_q16_rep5,1,4,1,sm_89,R1_EVENT_OVERLAP,NCCL,C0_DEFAULT,2048,2048,2048,16,4,1048576,29,0,736.608,1338.304,1651.264,312.960,PASS,0
PHASEB_formal_r1_C0_DEFAULT_N2048_q16_rep5,1,4,1,sm_89,R1_EVENT_OVERLAP,NCCL,C0_DEFAULT,2048,2048,2048,16,5,1048576,29,0,833.088,1654.496,1929.024,274.528,PASS,0
PHASEB_formal_r1_C0_DEFAULT_N2048_q16_rep5,1,4,1,sm_89,R1_EVENT_OVERLAP,NCCL,C0_DEFAULT,2048,2048,2048,16,6,1048576,29,0,1069.760,1932.320,2244.288,311.968,PASS,0
PHASEB_formal_r1_C0_DEFAULT_N2048_q16_rep5,1,4,1,sm_89,R1_EVENT_OVERLAP,NCCL,C0_DEFAULT,2048,2048,2048,16,7,1048576,29,0,1377.120,2247.584,2526.912,279.328,PASS,0
PHASEB_formal_r1_C0_DEFAULT_N2048_q16_rep5,1,4,1,sm_89,R1_EVENT_OVERLAP,NCCL,C0_DEFAULT,2048,2048,2048,16,8,1048576,29,0,1660.544,2530.240,2840.256,310.016,PASS,0
PHASEB_formal_r1_C0_DEFAULT_N2048_q16_rep5,1,4,1,sm_89,R1_EVENT_OVERLAP,NCCL,C0_DEFAULT,2048,2048,2048,16,9,1048576,29,0,1969.216,2843.840,3117.568,273.728,PASS,0
PHASEB_formal_r1_C0_DEFAULT_N2048_q16_rep5,1,4,1,sm_89,R1_EVENT_OVERLAP,NCCL,C0_DEFAULT,2048,2048,2048,16,10,1048576,29,0,2253.696,3121.024,3430.336,309.312,PASS,0
PHASEB_formal_r1_C0_DEFAULT_N2048_q16_rep5,1,4,1,sm_89,R1_EVENT_OVERLAP,NCCL,C0_DEFAULT,2048,2048,2048,16,11,1048576,29,0,2563.264,3433.632,3705.120,271.488,PASS,0
PHASEB_formal_r1_C0_DEFAULT_N2048_q16_rep5,1,4,1,sm_89,R1_EVENT_OVERLAP,NCCL,C0_DEFAULT,2048,2048,2048,16,12,1048576,29,0,2850.016,3708.320,4005.568,297.248,PASS,0
PHASEB_formal_r1_C0_DEFAULT_N2048_q16_rep5,1,4,1,sm_89,R1_EVENT_OVERLAP,NCCL,C0_DEFAULT,2048,2048,2048,16,13,1048576,29,0,3156.736,4008.928,4268.384,259.456,PASS,0
PHASEB_formal_r1_C0_DEFAULT_N2048_q16_rep5,1,4,1,sm_89,R1_EVENT_OVERLAP,NCCL,C0_DEFAULT,2048,2048,2048,16,14,1048576,29,0,3439.712,4271.712,4529.760,258.048,PASS,0
PHASEB_formal_r1_C0_DEFAULT_N2048_q16_rep5,1,4,1,sm_89,R1_EVENT_OVERLAP,NCCL,C0_DEFAULT,2048,2048,2048,16,15,1048576,29,0,3747.808,4533.120,4791.712,258.592,PASS,0
PHASEB_formal_r1_C0_DEFAULT_N2048_q16_rep5,1,4,1,sm_89,R1_EVENT_OVERLAP,NCCL,C0_DEFAULT,2048,2048,2048,16,0,1048576,30,0,122.912,129.024,438.304,309.280,PASS,0
PHASEB_formal_r1_C0_DEFAULT_N2048_q16_rep5,1,4,1,sm_89,R1_EVENT_OVERLAP,NCCL,C0_DEFAULT,2048,2048,2048,16,1,1048576,30,0,221.920,442.016,714.944,272.928,PASS,0
PHASEB_formal_r1_C0_DEFAULT_N2048_q16_rep5,1,4,1,sm_89,R1_EVENT_OVERLAP,NCCL,C0_DEFAULT,2048,2048,2048,16,2,1048576,30,0,452.768,718.592,1023.552,304.960,PASS,0
PHASEB_formal_r1_C0_DEFAULT_N2048_q16_rep5,1,4,1,sm_89,R1_EVENT_OVERLAP,NCCL,C0_DEFAULT,2048,2048,2048,16,3,1048576,30,0,773.408,1026.912,1335.488,308.576,PASS,0
PHASEB_formal_r1_C0_DEFAULT_N2048_q16_rep5,1,4,1,sm_89,R1_EVENT_OVERLAP,NCCL,C0_DEFAULT,2048,2048,2048,16,4,1048576,30,0,1055.840,1339.136,1652.128,312.992,PASS,0
PHASEB_formal_r1_C0_DEFAULT_N2048_q16_rep5,1,4,1,sm_89,R1_EVENT_OVERLAP,NCCL,C0_DEFAULT,2048,2048,2048,16,5,1048576,30,0,1375.584,1655.360,1928.800,273.440,PASS,0
PHASEB_formal_r1_C0_DEFAULT_N2048_q16_rep5,1,4,1,sm_89,R1_EVENT_OVERLAP,NCCL,C0_DEFAULT,2048,2048,2048,16,6,1048576,30,0,1661.824,1932.224,2250.848,318.624,PASS,0
PHASEB_formal_r1_C0_DEFAULT_N2048_q16_rep5,1,4,1,sm_89,R1_EVENT_OVERLAP,NCCL,C0_DEFAULT,2048,2048,2048,16,7,1048576,30,0,1971.296,2254.144,2562.528,308.384,PASS,0
PHASEB_formal_r1_C0_DEFAULT_N2048_q16_rep5,1,4,1,sm_89,R1_EVENT_OVERLAP,NCCL,C0_DEFAULT,2048,2048,2048,16,8,1048576,30,0,2281.952,2565.856,2873.216,307.360,PASS,0
PHASEB_formal_r1_C0_DEFAULT_N2048_q16_rep5,1,4,1,sm_89,R1_EVENT_OVERLAP,NCCL,C0_DEFAULT,2048,2048,2048,16,9,1048576,30,0,2583.840,2876.704,3152.928,276.224,PASS,0
PHASEB_formal_r1_C0_DEFAULT_N2048_q16_rep5,1,4,1,sm_89,R1_EVENT_OVERLAP,NCCL,C0_DEFAULT,2048,2048,2048,16,10,1048576,30,0,2883.200,3156.160,3463.520,307.360,PASS,0
PHASEB_formal_r1_C0_DEFAULT_N2048_q16_rep5,1,4,1,sm_89,R1_EVENT_OVERLAP,NCCL,C0_DEFAULT,2048,2048,2048,16,11,1048576,30,0,3191.104,3466.816,3777.280,310.464,PASS,0
PHASEB_formal_r1_C0_DEFAULT_N2048_q16_rep5,1,4,1,sm_89,R1_EVENT_OVERLAP,NCCL,C0_DEFAULT,2048,2048,2048,16,12,1048576,30,0,3490.432,3780.704,4089.152,308.448,PASS,0
PHASEB_formal_r1_C0_DEFAULT_N2048_q16_rep5,1,4,1,sm_89,R1_EVENT_OVERLAP,NCCL,C0_DEFAULT,2048,2048,2048,16,13,1048576,30,0,3799.296,4092.448,4364.000,271.552,PASS,0
PHASEB_formal_r1_C0_DEFAULT_N2048_q16_rep5,1,4,1,sm_89,R1_EVENT_OVERLAP,NCCL,C0_DEFAULT,2048,2048,2048,16,14,1048576,30,0,4098.592,4367.360,4664.640,297.280,PASS,0
PHASEB_formal_r1_C0_DEFAULT_N2048_q16_rep5,1,4,1,sm_89,R1_EVENT_OVERLAP,NCCL,C0_DEFAULT,2048,2048,2048,16,15,1048576,30,0,4406.240,4668.096,4925.856,257.760,PASS,0
PHASEB_formal_r1_C0_DEFAULT_N2048_q16_rep5,1,4,1,sm_89,R1_EVENT_OVERLAP,NCCL,C0_DEFAULT,2048,2048,2048,16,0,1048576,31,0,119.072,125.376,428.896,303.520,PASS,0
PHASEB_formal_r1_C0_DEFAULT_N2048_q16_rep5,1,4,1,sm_89,R1_EVENT_OVERLAP,NCCL,C0_DEFAULT,2048,2048,2048,16,1,1048576,31,0,193.024,432.512,741.696,309.184,PASS,0
PHASEB_formal_r1_C0_DEFAULT_N2048_q16_rep5,1,4,1,sm_89,R1_EVENT_OVERLAP,NCCL,C0_DEFAULT,2048,2048,2048,16,2,1048576,31,0,419.424,744.992,1054.304,309.312,PASS,0
PHASEB_formal_r1_C0_DEFAULT_N2048_q16_rep5,1,4,1,sm_89,R1_EVENT_OVERLAP,NCCL,C0_DEFAULT,2048,2048,2048,16,3,1048576,31,0,507.040,1057.888,1340.736,282.848,PASS,0
PHASEB_formal_r1_C0_DEFAULT_N2048_q16_rep5,1,4,1,sm_89,R1_EVENT_OVERLAP,NCCL,C0_DEFAULT,2048,2048,2048,16,4,1048576,31,0,734.912,1344.320,1653.216,308.896,PASS,0
PHASEB_formal_r1_C0_DEFAULT_N2048_q16_rep5,1,4,1,sm_89,R1_EVENT_OVERLAP,NCCL,C0_DEFAULT,2048,2048,2048,16,5,1048576,31,0,825.472,1656.544,1962.048,305.504,PASS,0
PHASEB_formal_r1_C0_DEFAULT_N2048_q16_rep5,1,4,1,sm_89,R1_EVENT_OVERLAP,NCCL,C0_DEFAULT,2048,2048,2048,16,6,1048576,31,0,1063.968,1965.376,2231.872,266.496,PASS,0
PHASEB_formal_r1_C0_DEFAULT_N2048_q16_rep5,1,4,1,sm_89,R1_EVENT_OVERLAP,NCCL,C0_DEFAULT,2048,2048,2048,16,7,1048576,31,0,1376.704,2235.168,2543.904,308.736,PASS,0
PHASEB_formal_r1_C0_DEFAULT_N2048_q16_rep5,1,4,1,sm_89,R1_EVENT_OVERLAP,NCCL,C0_DEFAULT,2048,2048,2048,16,8,1048576,31,0,1691.904,2547.584,2852.160,304.576,PASS,0
PHASEB_formal_r1_C0_DEFAULT_N2048_q16_rep5,1,4,1,sm_89,R1_EVENT_OVERLAP,NCCL,C0_DEFAULT,2048,2048,2048,16,9,1048576,31,0,1971.552,2855.392,3163.264,307.872,PASS,0
PHASEB_formal_r1_C0_DEFAULT_N2048_q16_rep5,1,4,1,sm_89,R1_EVENT_OVERLAP,NCCL,C0_DEFAULT,2048,2048,2048,16,10,1048576,31,0,2280.352,3166.944,3436.224,269.280,PASS,0
PHASEB_formal_r1_C0_DEFAULT_N2048_q16_rep5,1,4,1,sm_89,R1_EVENT_OVERLAP,NCCL,C0_DEFAULT,2048,2048,2048,16,11,1048576,31,0,2566.880,3439.648,3744.256,304.608,PASS,0
PHASEB_formal_r1_C0_DEFAULT_N2048_q16_rep5,1,4,1,sm_89,R1_EVENT_OVERLAP,NCCL,C0_DEFAULT,2048,2048,2048,16,12,1048576,31,0,2873.952,3747.552,4039.968,292.416,PASS,0
PHASEB_formal_r1_C0_DEFAULT_N2048_q16_rep5,1,4,1,sm_89,R1_EVENT_OVERLAP,NCCL,C0_DEFAULT,2048,2048,2048,16,13,1048576,31,0,3173.120,4043.296,4299.840,256.544,PASS,0
PHASEB_formal_r1_C0_DEFAULT_N2048_q16_rep5,1,4,1,sm_89,R1_EVENT_OVERLAP,NCCL,C0_DEFAULT,2048,2048,2048,16,14,1048576,31,0,3481.344,4303.200,4558.880,255.680,PASS,0
PHASEB_formal_r1_C0_DEFAULT_N2048_q16_rep5,1,4,1,sm_89,R1_EVENT_OVERLAP,NCCL,C0_DEFAULT,2048,2048,2048,16,15,1048576,31,0,3775.744,4562.208,4818.336,256.128,PASS,0
PHASEB_formal_r1_C0_DEFAULT_N2048_q16_rep5,1,4,1,sm_89,R1_EVENT_OVERLAP,NCCL,C0_DEFAULT,2048,2048,2048,16,0,1048576,32,0,117.888,124.448,433.440,308.992,PASS,0
PHASEB_formal_r1_C0_DEFAULT_N2048_q16_rep5,1,4,1,sm_89,R1_EVENT_OVERLAP,NCCL,C0_DEFAULT,2048,2048,2048,16,1,1048576,32,0,201.568,437.152,751.520,314.368,PASS,0
PHASEB_formal_r1_C0_DEFAULT_N2048_q16_rep5,1,4,1,sm_89,R1_EVENT_OVERLAP,NCCL,C0_DEFAULT,2048,2048,2048,16,2,1048576,32,0,425.824,755.104,1061.088,305.984,PASS,0
PHASEB_formal_r1_C0_DEFAULT_N2048_q16_rep5,1,4,1,sm_89,R1_EVENT_OVERLAP,NCCL,C0_DEFAULT,2048,2048,2048,16,3,1048576,32,0,515.776,1064.352,1334.816,270.464,PASS,0
PHASEB_formal_r1_C0_DEFAULT_N2048_q16_rep5,1,4,1,sm_89,R1_EVENT_OVERLAP,NCCL,C0_DEFAULT,2048,2048,2048,16,4,1048576,32,0,745.248,1338.016,1649.216,311.200,PASS,0
PHASEB_formal_r1_C0_DEFAULT_N2048_q16_rep5,1,4,1,sm_89,R1_EVENT_OVERLAP,NCCL,C0_DEFAULT,2048,2048,2048,16,5,1048576,32,0,1072.224,1652.768,1962.464,309.696,PASS,0
PHASEB_formal_r1_C0_DEFAULT_N2048_q16_rep5,1,4,1,sm_89,R1_EVENT_OVERLAP,NCCL,C0_DEFAULT,2048,2048,2048,16,6,1048576,32,0,1382.048,1965.952,2270.848,304.896,PASS,0
PHASEB_formal_r1_C0_DEFAULT_N2048_q16_rep5,1,4,1,sm_89,R1_EVENT_OVERLAP,NCCL,C0_DEFAULT,2048,2048,2048,16,7,1048576,32,0,1674.912,2274.208,2540.064,265.856,PASS,0
PHASEB_formal_r1_C0_DEFAULT_N2048_q16_rep5,1,4,1,sm_89,R1_EVENT_OVERLAP,NCCL,C0_DEFAULT,2048,2048,2048,16,8,1048576,32,0,1980.736,2543.360,2851.008,307.648,PASS,0
PHASEB_formal_r1_C0_DEFAULT_N2048_q16_rep5,1,4,1,sm_89,R1_EVENT_OVERLAP,NCCL,C0_DEFAULT,2048,2048,2048,16,9,1048576,32,0,2280.448,2854.944,3127.328,272.384,PASS,0
PHASEB_formal_r1_C0_DEFAULT_N2048_q16_rep5,1,4,1,sm_89,R1_EVENT_OVERLAP,NCCL,C0_DEFAULT,2048,2048,2048,16,10,1048576,32,0,2585.504,3130.592,3435.200,304.608,PASS,0
PHASEB_formal_r1_C0_DEFAULT_N2048_q16_rep5,1,4,1,sm_89,R1_EVENT_OVERLAP,NCCL,C0_DEFAULT,2048,2048,2048,16,11,1048576,32,0,2862.272,3438.560,3742.144,303.584,PASS,0
PHASEB_formal_r1_C0_DEFAULT_N2048_q16_rep5,1,4,1,sm_89,R1_EVENT_OVERLAP,NCCL,C0_DEFAULT,2048,2048,2048,16,12,1048576,32,0,3177.184,3745.824,4057.568,311.744,PASS,0
PHASEB_formal_r1_C0_DEFAULT_N2048_q16_rep5,1,4,1,sm_89,R1_EVENT_OVERLAP,NCCL,C0_DEFAULT,2048,2048,2048,16,13,1048576,32,0,3460.992,4060.928,4317.280,256.352,PASS,0
PHASEB_formal_r1_C0_DEFAULT_N2048_q16_rep5,1,4,1,sm_89,R1_EVENT_OVERLAP,NCCL,C0_DEFAULT,2048,2048,2048,16,14,1048576,32,0,3772.800,4320.608,4578.112,257.504,PASS,0
PHASEB_formal_r1_C0_DEFAULT_N2048_q16_rep5,1,4,1,sm_89,R1_EVENT_OVERLAP,NCCL,C0_DEFAULT,2048,2048,2048,16,15,1048576,32,0,4067.552,4581.440,4836.288,254.848,PASS,0
PHASEB_formal_r1_C0_DEFAULT_N2048_q16_rep5,1,4,1,sm_89,R1_EVENT_OVERLAP,NCCL,C0_DEFAULT,2048,2048,2048,16,0,1048576,33,0,121.600,127.744,429.344,301.600,PASS,0
PHASEB_formal_r1_C0_DEFAULT_N2048_q16_rep5,1,4,1,sm_89,R1_EVENT_OVERLAP,NCCL,C0_DEFAULT,2048,2048,2048,16,1,1048576,33,0,194.912,433.216,740.416,307.200,PASS,0
PHASEB_formal_r1_C0_DEFAULT_N2048_q16_rep5,1,4,1,sm_89,R1_EVENT_OVERLAP,NCCL,C0_DEFAULT,2048,2048,2048,16,2,1048576,33,0,418.528,744.160,1062.464,318.304,PASS,0
PHASEB_formal_r1_C0_DEFAULT_N2048_q16_rep5,1,4,1,sm_89,R1_EVENT_OVERLAP,NCCL,C0_DEFAULT,2048,2048,2048,16,3,1048576,33,0,510.528,1066.048,1335.712,269.664,PASS,0
PHASEB_formal_r1_C0_DEFAULT_N2048_q16_rep5,1,4,1,sm_89,R1_EVENT_OVERLAP,NCCL,C0_DEFAULT,2048,2048,2048,16,4,1048576,33,0,733.856,1340.192,1645.696,305.504,PASS,0
PHASEB_formal_r1_C0_DEFAULT_N2048_q16_rep5,1,4,1,sm_89,R1_EVENT_OVERLAP,NCCL,C0_DEFAULT,2048,2048,2048,16,5,1048576,33,0,830.784,1649.024,1920.064,271.040,PASS,0
PHASEB_formal_r1_C0_DEFAULT_N2048_q16_rep5,1,4,1,sm_89,R1_EVENT_OVERLAP,NCCL,C0_DEFAULT,2048,2048,2048,16,6,1048576,33,0,1072.320,1923.744,2234.848,311.104,PASS,0
PHASEB_formal_r1_C0_DEFAULT_N2048_q16_rep5,1,4,1,sm_89,R1_EVENT_OVERLAP,NCCL,C0_DEFAULT,2048,2048,2048,16,7,1048576,33,0,1377.600,2238.112,2516.864,278.752,PASS,0
PHASEB_formal_r1_C0_DEFAULT_N2048_q16_rep5,1,4,1,sm_89,R1_EVENT_OVERLAP,NCCL,C0_DEFAULT,2048,2048,2048,16,8,1048576,33,0,1655.360,2520.736,2827.520,306.784,PASS,0
PHASEB_formal_r1_C0_DEFAULT_N2048_q16_rep5,1,4,1,sm_89,R1_EVENT_OVERLAP,NCCL,C0_DEFAULT,2048,2048,2048,16,9,1048576,33,0,1963.584,2830.752,3104.544,273.792,PASS,0
PHASEB_formal_r1_C0_DEFAULT_N2048_q16_rep5,1,4,1,sm_89,R1_EVENT_OVERLAP,NCCL,C0_DEFAULT,2048,2048,2048,16,10,1048576,33,0,2244.160,3107.840,3411.872,304.032,PASS,0
PHASEB_formal_r1_C0_DEFAULT_N2048_q16_rep5,1,4,1,sm_89,R1_EVENT_OVERLAP,NCCL,C0_DEFAULT,2048,2048,2048,16,11,1048576,33,0,2559.040,3415.232,3681.568,266.336,PASS,0
PHASEB_formal_r1_C0_DEFAULT_N2048_q16_rep5,1,4,1,sm_89,R1_EVENT_OVERLAP,NCCL,C0_DEFAULT,2048,2048,2048,16,12,1048576,33,0,2837.088,3684.832,3978.688,293.856,PASS,0
PHASEB_formal_r1_C0_DEFAULT_N2048_q16_rep5,1,4,1,sm_89,R1_EVENT_OVERLAP,NCCL,C0_DEFAULT,2048,2048,2048,16,13,1048576,33,0,3140.800,3982.016,4238.432,256.416,PASS,0
PHASEB_formal_r1_C0_DEFAULT_N2048_q16_rep5,1,4,1,sm_89,R1_EVENT_OVERLAP,NCCL,C0_DEFAULT,2048,2048,2048,16,14,1048576,33,0,3421.312,4241.760,4498.048,256.288,PASS,0
PHASEB_formal_r1_C0_DEFAULT_N2048_q16_rep5,1,4,1,sm_89,R1_EVENT_OVERLAP,NCCL,C0_DEFAULT,2048,2048,2048,16,15,1048576,33,0,3725.472,4501.376,4757.952,256.576,PASS,0
PHASEB_formal_r1_C0_DEFAULT_N2048_q16_rep5,1,4,1,sm_89,R1_EVENT_OVERLAP,NCCL,C0_DEFAULT,2048,2048,2048,16,0,1048576,34,0,114.784,121.120,423.488,302.368,PASS,0
PHASEB_formal_r1_C0_DEFAULT_N2048_q16_rep5,1,4,1,sm_89,R1_EVENT_OVERLAP,NCCL,C0_DEFAULT,2048,2048,2048,16,1,1048576,34,0,187.648,426.976,735.584,308.608,PASS,0
PHASEB_formal_r1_C0_DEFAULT_N2048_q16_rep5,1,4,1,sm_89,R1_EVENT_OVERLAP,NCCL,C0_DEFAULT,2048,2048,2048,16,2,1048576,34,0,413.600,740.128,1045.248,305.120,PASS,0
PHASEB_formal_r1_C0_DEFAULT_N2048_q16_rep5,1,4,1,sm_89,R1_EVENT_OVERLAP,NCCL,C0_DEFAULT,2048,2048,2048,16,3,1048576,34,0,507.296,1051.904,1356.096,304.192,PASS,0
PHASEB_formal_r1_C0_DEFAULT_N2048_q16_rep5,1,4,1,sm_89,R1_EVENT_OVERLAP,NCCL,C0_DEFAULT,2048,2048,2048,16,4,1048576,34,0,760.320,1360.000,1631.008,271.008,PASS,0
PHASEB_formal_r1_C0_DEFAULT_N2048_q16_rep5,1,4,1,sm_89,R1_EVENT_OVERLAP,NCCL,C0_DEFAULT,2048,2048,2048,16,5,1048576,34,0,1067.296,1634.304,1950.656,316.352,PASS,0
PHASEB_formal_r1_C0_DEFAULT_N2048_q16_rep5,1,4,1,sm_89,R1_EVENT_OVERLAP,NCCL,C0_DEFAULT,2048,2048,2048,16,6,1048576,34,0,1366.240,1954.176,2262.816,308.640,PASS,0
PHASEB_formal_r1_C0_DEFAULT_N2048_q16_rep5,1,4,1,sm_89,R1_EVENT_OVERLAP,NCCL,C0_DEFAULT,2048,2048,2048,16,7,1048576,34,0,1670.304,2266.048,2573.952,307.904,PASS,0
PHASEB_formal_r1_C0_DEFAULT_N2048_q16_rep5,1,4,1,sm_89,R1_EVENT_OVERLAP,NCCL,C0_DEFAULT,2048,2048,2048,16,8,1048576,34,0,1980.928,2577.280,2851.488,274.208,PASS,0
PHASEB_formal_r1_C0_DEFAULT_N2048_q16_rep5,1,4,1,sm_89,R1_EVENT_OVERLAP,NCCL,C0_DEFAULT,2048,2048,2048,16,9,1048576,34,0,2288.032,2854.752,3160.160,305.408,PASS,0
PHASEB_formal_r1_C0_DEFAULT_N2048_q16_rep5,1,4,1,sm_89,R1_EVENT_OVERLAP,NCCL,C0_DEFAULT,2048,2048,2048,16,10,1048576,34,0,2583.616,3163.520,3436.384,272.864,PASS,0
PHASEB_formal_r1_C0_DEFAULT_N2048_q16_rep5,1,4,1,sm_89,R1_EVENT_OVERLAP,NCCL,C0_DEFAULT,2048,2048,2048,16,11,1048576,34,0,2888.352,3439.648,3743.552,303.904,PASS,0
PHASEB_formal_r1_C0_DEFAULT_N2048_q16_rep5,1,4,1,sm_89,R1_EVENT_OVERLAP,NCCL,C0_DEFAULT,2048,2048,2048,16,12,1048576,34,0,3169.600,3746.912,4016.288,269.376,PASS,0
PHASEB_formal_r1_C0_DEFAULT_N2048_q16_rep5,1,4,1,sm_89,R1_EVENT_OVERLAP,NCCL,C0_DEFAULT,2048,2048,2048,16,13,1048576,34,0,3472.480,4019.840,4313.472,293.632,PASS,0
PHASEB_formal_r1_C0_DEFAULT_N2048_q16_rep5,1,4,1,sm_89,R1_EVENT_OVERLAP,NCCL,C0_DEFAULT,2048,2048,2048,16,14,1048576,34,0,3752.928,4316.960,4574.016,257.056,PASS,0
PHASEB_formal_r1_C0_DEFAULT_N2048_q16_rep5,1,4,1,sm_89,R1_EVENT_OVERLAP,NCCL,C0_DEFAULT,2048,2048,2048,16,15,1048576,34,0,4056.032,4577.536,4833.024,255.488,PASS,0
PHASEB_formal_r1_C0_DEFAULT_N2048_q16_rep5,1,4,1,sm_89,R1_EVENT_OVERLAP,NCCL,C0_DEFAULT,2048,2048,2048,16,0,1048576,35,0,128.864,134.688,454.816,320.128,PASS,0
PHASEB_formal_r1_C0_DEFAULT_N2048_q16_rep5,1,4,1,sm_89,R1_EVENT_OVERLAP,NCCL,C0_DEFAULT,2048,2048,2048,16,1,1048576,35,0,205.376,458.336,766.176,307.840,PASS,0
PHASEB_formal_r1_C0_DEFAULT_N2048_q16_rep5,1,4,1,sm_89,R1_EVENT_OVERLAP,NCCL,C0_DEFAULT,2048,2048,2048,16,2,1048576,35,0,449.120,769.536,1039.712,270.176,PASS,0
PHASEB_formal_r1_C0_DEFAULT_N2048_q16_rep5,1,4,1,sm_89,R1_EVENT_OVERLAP,NCCL,C0_DEFAULT,2048,2048,2048,16,3,1048576,35,0,775.872,1043.008,1354.432,311.424,PASS,0
PHASEB_formal_r1_C0_DEFAULT_N2048_q16_rep5,1,4,1,sm_89,R1_EVENT_OVERLAP,NCCL,C0_DEFAULT,2048,2048,2048,16,4,1048576,35,0,1083.968,1357.824,1625.504,267.680,PASS,0
PHASEB_formal_r1_C0_DEFAULT_N2048_q16_rep5,1,4,1,sm_89,R1_EVENT_OVERLAP,NCCL,C0_DEFAULT,2048,2048,2048,16,5,1048576,35,0,1365.600,1628.992,1938.944,309.952,PASS,0
PHASEB_formal_r1_C0_DEFAULT_N2048_q16_rep5,1,4,1,sm_89,R1_EVENT_OVERLAP,NCCL,C0_DEFAULT,2048,2048,2048,16,6,1048576,35,0,1676.544,1943.104,2252.864,309.760,PASS,0
PHASEB_formal_r1_C0_DEFAULT_N2048_q16_rep5,1,4,1,sm_89,R1_EVENT_OVERLAP,NCCL,C0_DEFAULT,2048,2048,2048,16,7,1048576,35,0,1957.504,2256.160,2564.512,308.352,PASS,0
PHASEB_formal_r1_C0_DEFAULT_N2048_q16_rep5,1,4,1,sm_89,R1_EVENT_OVERLAP,NCCL,C0_DEFAULT,2048,2048,2048,16,8,1048576,35,0,2277.600,2567.968,2838.368,270.400,PASS,0
PHASEB_formal_r1_C0_DEFAULT_N2048_q16_rep5,1,4,1,sm_89,R1_EVENT_OVERLAP,NCCL,C0_DEFAULT,2048,2048,2048,16,9,1048576,35,0,2574.880,2841.696,3153.440,311.744,PASS,0
PHASEB_formal_r1_C0_DEFAULT_N2048_q16_rep5,1,4,1,sm_89,R1_EVENT_OVERLAP,NCCL,C0_DEFAULT,2048,2048,2048,16,10,1048576,35,0,2878.144,3156.736,3430.432,273.696,PASS,0
PHASEB_formal_r1_C0_DEFAULT_N2048_q16_rep5,1,4,1,sm_89,R1_EVENT_OVERLAP,NCCL,C0_DEFAULT,2048,2048,2048,16,11,1048576,35,0,3166.272,3434.208,3742.016,307.808,PASS,0
PHASEB_formal_r1_C0_DEFAULT_N2048_q16_rep5,1,4,1,sm_89,R1_EVENT_OVERLAP,NCCL,C0_DEFAULT,2048,2048,2048,16,12,1048576,35,0,3477.696,3745.376,4055.552,310.176,PASS,0
PHASEB_formal_r1_C0_DEFAULT_N2048_q16_rep5,1,4,1,sm_89,R1_EVENT_OVERLAP,NCCL,C0_DEFAULT,2048,2048,2048,16,13,1048576,35,0,3777.824,4059.072,4329.568,270.496,PASS,0
PHASEB_formal_r1_C0_DEFAULT_N2048_q16_rep5,1,4,1,sm_89,R1_EVENT_OVERLAP,NCCL,C0_DEFAULT,2048,2048,2048,16,14,1048576,35,0,4072.864,4332.960,4630.400,297.440,PASS,0
PHASEB_formal_r1_C0_DEFAULT_N2048_q16_rep5,1,4,1,sm_89,R1_EVENT_OVERLAP,NCCL,C0_DEFAULT,2048,2048,2048,16,15,1048576,35,0,4383.584,4633.728,4892.544,258.816,PASS,0
PHASEB_formal_r1_C0_DEFAULT_N2048_q16_rep5,1,4,1,sm_89,R1_EVENT_OVERLAP,NCCL,C0_DEFAULT,2048,2048,2048,16,0,1048576,36,0,117.792,124.160,437.376,313.216,PASS,0
PHASEB_formal_r1_C0_DEFAULT_N2048_q16_rep5,1,4,1,sm_89,R1_EVENT_OVERLAP,NCCL,C0_DEFAULT,2048,2048,2048,16,1,1048576,36,0,192.032,440.704,752.960,312.256,PASS,0
PHASEB_formal_r1_C0_DEFAULT_N2048_q16_rep5,1,4,1,sm_89,R1_EVENT_OVERLAP,NCCL,C0_DEFAULT,2048,2048,2048,16,2,1048576,36,0,429.216,756.320,1060.320,304.000,PASS,0
PHASEB_formal_r1_C0_DEFAULT_N2048_q16_rep5,1,4,1,sm_89,R1_EVENT_OVERLAP,NCCL,C0_DEFAULT,2048,2048,2048,16,3,1048576,36,0,516.800,1064.032,1378.848,314.816,PASS,0
PHASEB_formal_r1_C0_DEFAULT_N2048_q16_rep5,1,4,1,sm_89,R1_EVENT_OVERLAP,NCCL,C0_DEFAULT,2048,2048,2048,16,4,1048576,36,0,745.952,1382.112,1693.120,311.008,PASS,0
PHASEB_formal_r1_C0_DEFAULT_N2048_q16_rep5,1,4,1,sm_89,R1_EVENT_OVERLAP,NCCL,C0_DEFAULT,2048,2048,2048,16,5,1048576,36,0,824.384,1696.800,2009.504,312.704,PASS,0
PHASEB_formal_r1_C0_DEFAULT_N2048_q16_rep5,1,4,1,sm_89,R1_EVENT_OVERLAP,NCCL,C0_DEFAULT,2048,2048,2048,16,6,1048576,36,0,1050.528,2012.704,2320.064,307.360,PASS,0
PHASEB_formal_r1_C0_DEFAULT_N2048_q16_rep5,1,4,1,sm_89,R1_EVENT_OVERLAP,NCCL,C0_DEFAULT,2048,2048,2048,16,7,1048576,36,0,1127.232,2323.680,2621.312,297.632,PASS,0
PHASEB_formal_r1_C0_DEFAULT_N2048_q16_rep5,1,4,1,sm_89,R1_EVENT_OVERLAP,NCCL,C0_DEFAULT,2048,2048,2048,16,8,1048576,36,0,1353.792,2624.640,2885.248,260.608,PASS,0
PHASEB_formal_r1_C0_DEFAULT_N2048_q16_rep5,1,4,1,sm_89,R1_EVENT_OVERLAP,NCCL,C0_DEFAULT,2048,2048,2048,16,9,1048576,36,0,1440.672,2888.512,3147.136,258.624,PASS,0
PHASEB_formal_r1_C0_DEFAULT_N2048_q16_rep5,1,4,1,sm_89,R1_EVENT_OVERLAP,NCCL,C0_DEFAULT,2048,2048,2048,16,10,1048576,36,0,1664.384,3150.464,3410.400,259.936,PASS,0
PHASEB_formal_r1_C0_DEFAULT_N2048_q16_rep5,1,4,1,sm_89,R1_EVENT_OVERLAP,NCCL,C0_DEFAULT,2048,2048,2048,16,11,1048576,36,0,1759.264,3413.728,3672.352,258.624,PASS,0
PHASEB_formal_r1_C0_DEFAULT_N2048_q16_rep5,1,4,1,sm_89,R1_EVENT_OVERLAP,NCCL,C0_DEFAULT,2048,2048,2048,16,12,1048576,36,0,1983.840,3675.648,3935.104,259.456,PASS,0
PHASEB_formal_r1_C0_DEFAULT_N2048_q16_rep5,1,4,1,sm_89,R1_EVENT_OVERLAP,NCCL,C0_DEFAULT,2048,2048,2048,16,13,1048576,36,0,2061.120,3938.368,4196.736,258.368,PASS,0
PHASEB_formal_r1_C0_DEFAULT_N2048_q16_rep5,1,4,1,sm_89,R1_EVENT_OVERLAP,NCCL,C0_DEFAULT,2048,2048,2048,16,14,1048576,36,0,2291.136,4200.096,4460.192,260.096,PASS,0
PHASEB_formal_r1_C0_DEFAULT_N2048_q16_rep5,1,4,1,sm_89,R1_EVENT_OVERLAP,NCCL,C0_DEFAULT,2048,2048,2048,16,15,1048576,36,0,2370.656,4463.552,4721.120,257.568,PASS,0
PHASEB_formal_r1_C0_DEFAULT_N2048_q16_rep5,1,4,1,sm_89,R1_EVENT_OVERLAP,NCCL,C0_DEFAULT,2048,2048,2048,16,0,1048576,37,0,125.024,131.424,444.064,312.640,PASS,0
PHASEB_formal_r1_C0_DEFAULT_N2048_q16_rep5,1,4,1,sm_89,R1_EVENT_OVERLAP,NCCL,C0_DEFAULT,2048,2048,2048,16,1,1048576,37,0,199.968,447.392,759.392,312.000,PASS,0
PHASEB_formal_r1_C0_DEFAULT_N2048_q16_rep5,1,4,1,sm_89,R1_EVENT_OVERLAP,NCCL,C0_DEFAULT,2048,2048,2048,16,2,1048576,37,0,422.176,762.688,1072.768,310.080,PASS,0
PHASEB_formal_r1_C0_DEFAULT_N2048_q16_rep5,1,4,1,sm_89,R1_EVENT_OVERLAP,NCCL,C0_DEFAULT,2048,2048,2048,16,3,1048576,37,0,515.040,1076.160,1382.016,305.856,PASS,0
PHASEB_formal_r1_C0_DEFAULT_N2048_q16_rep5,1,4,1,sm_89,R1_EVENT_OVERLAP,NCCL,C0_DEFAULT,2048,2048,2048,16,4,1048576,37,0,749.728,1385.632,1657.824,272.192,PASS,0
PHASEB_formal_r1_C0_DEFAULT_N2048_q16_rep5,1,4,1,sm_89,R1_EVENT_OVERLAP,NCCL,C0_DEFAULT,2048,2048,2048,16,5,1048576,37,0,1066.560,1661.120,1970.080,308.960,PASS,0
PHASEB_formal_r1_C0_DEFAULT_N2048_q16_rep5,1,4,1,sm_89,R1_EVENT_OVERLAP,NCCL,C0_DEFAULT,2048,2048,2048,16,6,1048576,37,0,1391.904,1973.472,2284.448,310.976,PASS,0
PHASEB_formal_r1_C0_DEFAULT_N2048_q16_rep5,1,4,1,sm_89,R1_EVENT_OVERLAP,NCCL,C0_DEFAULT,2048,2048,2048,16,7,1048576,37,0,1701.376,2287.904,2562.528,274.624,PASS,0
PHASEB_formal_r1_C0_DEFAULT_N2048_q16_rep5,1,4,1,sm_89,R1_EVENT_OVERLAP,NCCL,C0_DEFAULT,2048,2048,2048,16,8,1048576,37,0,1993.376,2566.560,2878.080,311.520,PASS,0
PHASEB_formal_r1_C0_DEFAULT_N2048_q16_rep5,1,4,1,sm_89,R1_EVENT_OVERLAP,NCCL,C0_DEFAULT,2048,2048,2048,16,9,1048576,37,0,2298.784,2881.440,3191.072,309.632,PASS,0
PHASEB_formal_r1_C0_DEFAULT_N2048_q16_rep5,1,4,1,sm_89,R1_EVENT_OVERLAP,NCCL,C0_DEFAULT,2048,2048,2048,16,10,1048576,37,0,2604.192,3195.040,3466.944,271.904,PASS,0
PHASEB_formal_r1_C0_DEFAULT_N2048_q16_rep5,1,4,1,sm_89,R1_EVENT_OVERLAP,NCCL,C0_DEFAULT,2048,2048,2048,16,11,1048576,37,0,2900.000,3470.208,3774.944,304.736,PASS,0
PHASEB_formal_r1_C0_DEFAULT_N2048_q16_rep5,1,4,1,sm_89,R1_EVENT_OVERLAP,NCCL,C0_DEFAULT,2048,2048,2048,16,12,1048576,37,0,3207.744,3778.272,4090.784,312.512,PASS,0
PHASEB_formal_r1_C0_DEFAULT_N2048_q16_rep5,1,4,1,sm_89,R1_EVENT_OVERLAP,NCCL,C0_DEFAULT,2048,2048,2048,16,13,1048576,37,0,3508.352,4094.176,4390.976,296.800,PASS,0
PHASEB_formal_r1_C0_DEFAULT_N2048_q16_rep5,1,4,1,sm_89,R1_EVENT_OVERLAP,NCCL,C0_DEFAULT,2048,2048,2048,16,14,1048576,37,0,3805.088,4394.336,4652.960,258.624,PASS,0
PHASEB_formal_r1_C0_DEFAULT_N2048_q16_rep5,1,4,1,sm_89,R1_EVENT_OVERLAP,NCCL,C0_DEFAULT,2048,2048,2048,16,15,1048576,37,0,4114.784,4656.320,4914.944,258.624,PASS,0
PHASEB_formal_r1_C0_DEFAULT_N2048_q16_rep5,1,4,1,sm_89,R1_EVENT_OVERLAP,NCCL,C0_DEFAULT,2048,2048,2048,16,0,1048576,38,0,122.752,128.864,447.264,318.400,PASS,0
PHASEB_formal_r1_C0_DEFAULT_N2048_q16_rep5,1,4,1,sm_89,R1_EVENT_OVERLAP,NCCL,C0_DEFAULT,2048,2048,2048,16,1,1048576,38,0,209.472,450.976,758.624,307.648,PASS,0
PHASEB_formal_r1_C0_DEFAULT_N2048_q16_rep5,1,4,1,sm_89,R1_EVENT_OVERLAP,NCCL,C0_DEFAULT,2048,2048,2048,16,2,1048576,38,0,439.264,762.048,1032.192,270.144,PASS,0
PHASEB_formal_r1_C0_DEFAULT_N2048_q16_rep5,1,4,1,sm_89,R1_EVENT_OVERLAP,NCCL,C0_DEFAULT,2048,2048,2048,16,3,1048576,38,0,773.280,1035.552,1346.752,311.200,PASS,0
PHASEB_formal_r1_C0_DEFAULT_N2048_q16_rep5,1,4,1,sm_89,R1_EVENT_OVERLAP,NCCL,C0_DEFAULT,2048,2048,2048,16,4,1048576,38,0,1072.512,1350.432,1656.704,306.272,PASS,0
PHASEB_formal_r1_C0_DEFAULT_N2048_q16_rep5,1,4,1,sm_89,R1_EVENT_OVERLAP,NCCL,C0_DEFAULT,2048,2048,2048,16,5,1048576,38,0,1368.160,1659.840,1966.720,306.880,PASS,0
PHASEB_formal_r1_C0_DEFAULT_N2048_q16_rep5,1,4,1,sm_89,R1_EVENT_OVERLAP,NCCL,C0_DEFAULT,2048,2048,2048,16,6,1048576,38,0,1680.448,1970.176,2238.464,268.288,PASS,0
PHASEB_formal_r1_C0_DEFAULT_N2048_q16_rep5,1,4,1,sm_89,R1_EVENT_OVERLAP,NCCL,C0_DEFAULT,2048,2048,2048,16,7,1048576,38,0,1976.384,2242.304,2550.624,308.320,PASS,0
PHASEB_formal_r1_C0_DEFAULT_N2048_q16_rep5,1,4,1,sm_89,R1_EVENT_OVERLAP,NCCL,C0_DEFAULT,2048,2048,2048,16,8,1048576,38,0,2281.664,2554.048,2865.248,311.200,PASS,0
PHASEB_formal_r1_C0_DEFAULT_N2048_q16_rep5,1,4,1,sm_89,R1_EVENT_OVERLAP,NCCL,C0_DEFAULT,2048,2048,2048,16,9,1048576,38,0,2577.984,2868.544,3140.064,271.520,PASS,0
PHASEB_formal_r1_C0_DEFAULT_N2048_q16_rep5,1,4,1,sm_89,R1_EVENT_OVERLAP,NCCL,C0_DEFAULT,2048,2048,2048,16,10,1048576,38,0,2878.816,3143.616,3450.560,306.944,PASS,0
PHASEB_formal_r1_C0_DEFAULT_N2048_q16_rep5,1,4,1,sm_89,R1_EVENT_OVERLAP,NCCL,C0_DEFAULT,2048,2048,2048,16,11,1048576,38,0,3183.456,3453.888,3767.424,313.536,PASS,0
PHASEB_formal_r1_C0_DEFAULT_N2048_q16_rep5,1,4,1,sm_89,R1_EVENT_OVERLAP,NCCL,C0_DEFAULT,2048,2048,2048,16,12,1048576,38,0,3481.344,3772.064,4049.408,277.344,PASS,0
PHASEB_formal_r1_C0_DEFAULT_N2048_q16_rep5,1,4,1,sm_89,R1_EVENT_OVERLAP,NCCL,C0_DEFAULT,2048,2048,2048,16,13,1048576,38,0,3793.536,4052.704,4359.264,306.560,PASS,0
PHASEB_formal_r1_C0_DEFAULT_N2048_q16_rep5,1,4,1,sm_89,R1_EVENT_OVERLAP,NCCL,C0_DEFAULT,2048,2048,2048,16,14,1048576,38,0,4091.840,4363.136,4622.560,259.424,PASS,0
PHASEB_formal_r1_C0_DEFAULT_N2048_q16_rep5,1,4,1,sm_89,R1_EVENT_OVERLAP,NCCL,C0_DEFAULT,2048,2048,2048,16,15,1048576,38,0,4369.280,4626.208,4883.552,257.344,PASS,0
PHASEB_formal_r1_C0_DEFAULT_N2048_q16_rep5,1,4,1,sm_89,R1_EVENT_OVERLAP,NCCL,C0_DEFAULT,2048,2048,2048,16,0,1048576,39,0,129.536,135.968,444.096,308.128,PASS,0
PHASEB_formal_r1_C0_DEFAULT_N2048_q16_rep5,1,4,1,sm_89,R1_EVENT_OVERLAP,NCCL,C0_DEFAULT,2048,2048,2048,16,1,1048576,39,0,201.888,447.808,728.128,280.320,PASS,0
PHASEB_formal_r1_C0_DEFAULT_N2048_q16_rep5,1,4,1,sm_89,R1_EVENT_OVERLAP,NCCL,C0_DEFAULT,2048,2048,2048,16,2,1048576,39,0,454.336,732.000,1045.056,313.056,PASS,0
PHASEB_formal_r1_C0_DEFAULT_N2048_q16_rep5,1,4,1,sm_89,R1_EVENT_OVERLAP,NCCL,C0_DEFAULT,2048,2048,2048,16,3,1048576,39,0,773.664,1048.224,1356.928,308.704,PASS,0
PHASEB_formal_r1_C0_DEFAULT_N2048_q16_rep5,1,4,1,sm_89,R1_EVENT_OVERLAP,NCCL,C0_DEFAULT,2048,2048,2048,16,4,1048576,39,0,1075.808,1360.256,1636.992,276.736,PASS,0
PHASEB_formal_r1_C0_DEFAULT_N2048_q16_rep5,1,4,1,sm_89,R1_EVENT_OVERLAP,NCCL,C0_DEFAULT,2048,2048,2048,16,5,1048576,39,0,1366.688,1640.544,1953.888,313.344,PASS,0
PHASEB_formal_r1_C0_DEFAULT_N2048_q16_rep5,1,4,1,sm_89,R1_EVENT_OVERLAP,NCCL,C0_DEFAULT,2048,2048,2048,16,6,1048576,39,0,1684.384,1957.088,2228.096,271.008,PASS,0
PHASEB_formal_r1_C0_DEFAULT_N2048_q16_rep5,1,4,1,sm_89,R1_EVENT_OVERLAP,NCCL,C0_DEFAULT,2048,2048,2048,16,7,1048576,39,0,1963.360,2231.392,2540.640,309.248,PASS,0
PHASEB_formal_r1_C0_DEFAULT_N2048_q16_rep5,1,4,1,sm_89,R1_EVENT_OVERLAP,NCCL,C0_DEFAULT,2048,2048,2048,16,8,1048576,39,0,2276.352,2543.904,2826.880,282.976,PASS,0
PHASEB_formal_r1_C0_DEFAULT_N2048_q16_rep5,1,4,1,sm_89,R1_EVENT_OVERLAP,NCCL,C0_DEFAULT,2048,2048,2048,16,9,1048576,39,0,2552.992,2830.240,3136.864,306.624,PASS,0
PHASEB_formal_r1_C0_DEFAULT_N2048_q16_rep5,1,4,1,sm_89,R1_EVENT_OVERLAP,NCCL,C0_DEFAULT,2048,2048,2048,16,10,1048576,39,0,2871.072,3140.224,3413.376,273.152,PASS,0
PHASEB_formal_r1_C0_DEFAULT_N2048_q16_rep5,1,4,1,sm_89,R1_EVENT_OVERLAP,NCCL,C0_DEFAULT,2048,2048,2048,16,11,1048576,39,0,3146.880,3421.920,3731.904,309.984,PASS,0
PHASEB_formal_r1_C0_DEFAULT_N2048_q16_rep5,1,4,1,sm_89,R1_EVENT_OVERLAP,NCCL,C0_DEFAULT,2048,2048,2048,16,12,1048576,39,0,3469.056,3735.456,4006.528,271.072,PASS,0
PHASEB_formal_r1_C0_DEFAULT_N2048_q16_rep5,1,4,1,sm_89,R1_EVENT_OVERLAP,NCCL,C0_DEFAULT,2048,2048,2048,16,13,1048576,39,0,3748.928,4009.824,4325.504,315.680,PASS,0
PHASEB_formal_r1_C0_DEFAULT_N2048_q16_rep5,1,4,1,sm_89,R1_EVENT_OVERLAP,NCCL,C0_DEFAULT,2048,2048,2048,16,14,1048576,39,0,4060.640,4329.184,4622.816,293.632,PASS,0
PHASEB_formal_r1_C0_DEFAULT_N2048_q16_rep5,1,4,1,sm_89,R1_EVENT_OVERLAP,NCCL,C0_DEFAULT,2048,2048,2048,16,15,1048576,39,0,4348.000,4626.368,4884.576,258.208,PASS,0
PHASEB_formal_r1_C0_DEFAULT_N2048_q16_rep5,1,4,1,sm_89,R1_EVENT_OVERLAP,NCCL,C0_DEFAULT,2048,2048,2048,16,0,1048576,40,0,114.592,121.056,437.120,316.064,PASS,0
PHASEB_formal_r1_C0_DEFAULT_N2048_q16_rep5,1,4,1,sm_89,R1_EVENT_OVERLAP,NCCL,C0_DEFAULT,2048,2048,2048,16,1,1048576,40,0,187.264,440.384,750.752,310.368,PASS,0
PHASEB_formal_r1_C0_DEFAULT_N2048_q16_rep5,1,4,1,sm_89,R1_EVENT_OVERLAP,NCCL,C0_DEFAULT,2048,2048,2048,16,2,1048576,40,0,413.632,754.080,1063.104,309.024,PASS,0
PHASEB_formal_r1_C0_DEFAULT_N2048_q16_rep5,1,4,1,sm_89,R1_EVENT_OVERLAP,NCCL,C0_DEFAULT,2048,2048,2048,16,3,1048576,40,0,508.512,1067.040,1377.568,310.528,PASS,0
PHASEB_formal_r1_C0_DEFAULT_N2048_q16_rep5,1,4,1,sm_89,R1_EVENT_OVERLAP,NCCL,C0_DEFAULT,2048,2048,2048,16,4,1048576,40,0,740.544,1381.184,1687.264,306.080,PASS,0
PHASEB_formal_r1_C0_DEFAULT_N2048_q16_rep5,1,4,1,sm_89,R1_EVENT_OVERLAP,NCCL,C0_DEFAULT,2048,2048,2048,16,5,1048576,40,0,827.104,1690.688,1999.264,308.576,PASS,0
PHASEB_formal_r1_C0_DEFAULT_N2048_q16_rep5,1,4,1,sm_89,R1_EVENT_OVERLAP,NCCL,C0_DEFAULT,2048,2048,2048,16,6,1048576,40,0,1056.192,2002.784,2311.744,308.960,PASS,0
PHASEB_formal_r1_C0_DEFAULT_N2048_q16_rep5,1,4,1,sm_89,R1_EVENT_OVERLAP,NCCL,C0_DEFAULT,2048,2048,2048,16,7,1048576,40,0,1131.648,2315.168,2598.752,283.584,PASS,0
PHASEB_formal_r1_C0_DEFAULT_N2048_q16_rep5,1,4,1,sm_89,R1_EVENT_OVERLAP,NCCL,C0_DEFAULT,2048,2048,2048,16,8,1048576,40,0,1367.904,2602.048,2897.824,295.776,PASS,0
PHASEB_formal_r1_C0_DEFAULT_N2048_q16_rep5,1,4,1,sm_89,R1_EVENT_OVERLAP,NCCL,C0_DEFAULT,2048,2048,2048,16,9,1048576,40,0,1458.400,2901.152,3159.712,258.560,PASS,0
PHASEB_formal_r1_C0_DEFAULT_N2048_q16_rep5,1,4,1,sm_89,R1_EVENT_OVERLAP,NCCL,C0_DEFAULT,2048,2048,2048,16,10,1048576,40,0,1680.224,3163.040,3422.496,259.456,PASS,0
PHASEB_formal_r1_C0_DEFAULT_N2048_q16_rep5,1,4,1,sm_89,R1_EVENT_OVERLAP,NCCL,C0_DEFAULT,2048,2048,2048,16,11,1048576,40,0,1759.296,3425.824,3684.192,258.368,PASS,0
PHASEB_formal_r1_C0_DEFAULT_N2048_q16_rep5,1,4,1,sm_89,R1_EVENT_OVERLAP,NCCL,C0_DEFAULT,2048,2048,2048,16,12,1048576,40,0,1992.384,3687.520,3947.040,259.520,PASS,0
PHASEB_formal_r1_C0_DEFAULT_N2048_q16_rep5,1,4,1,sm_89,R1_EVENT_OVERLAP,NCCL,C0_DEFAULT,2048,2048,2048,16,13,1048576,40,0,2074.624,3950.368,4209.408,259.040,PASS,0
PHASEB_formal_r1_C0_DEFAULT_N2048_q16_rep5,1,4,1,sm_89,R1_EVENT_OVERLAP,NCCL,C0_DEFAULT,2048,2048,2048,16,14,1048576,40,0,2321.376,4212.768,4473.216,260.448,PASS,0
PHASEB_formal_r1_C0_DEFAULT_N2048_q16_rep5,1,4,1,sm_89,R1_EVENT_OVERLAP,NCCL,C0_DEFAULT,2048,2048,2048,16,15,1048576,40,0,2635.008,4476.544,4734.496,257.952,PASS,0
PHASEB_formal_r1_C0_DEFAULT_N2048_q16_rep5,1,4,1,sm_89,R1_EVENT_OVERLAP,NCCL,C0_DEFAULT,2048,2048,2048,16,0,1048576,41,0,122.528,128.640,440.672,312.032,PASS,0
PHASEB_formal_r1_C0_DEFAULT_N2048_q16_rep5,1,4,1,sm_89,R1_EVENT_OVERLAP,NCCL,C0_DEFAULT,2048,2048,2048,16,1,1048576,41,0,195.296,444.096,755.168,311.072,PASS,0
PHASEB_formal_r1_C0_DEFAULT_N2048_q16_rep5,1,4,1,sm_89,R1_EVENT_OVERLAP,NCCL,C0_DEFAULT,2048,2048,2048,16,2,1048576,41,0,417.408,758.464,1066.848,308.384,PASS,0
PHASEB_formal_r1_C0_DEFAULT_N2048_q16_rep5,1,4,1,sm_89,R1_EVENT_OVERLAP,NCCL,C0_DEFAULT,2048,2048,2048,16,3,1048576,41,0,517.504,1070.176,1378.112,307.936,PASS,0
PHASEB_formal_r1_C0_DEFAULT_N2048_q16_rep5,1,4,1,sm_89,R1_EVENT_OVERLAP,NCCL,C0_DEFAULT,2048,2048,2048,16,4,1048576,41,0,745.216,1381.760,1696.096,314.336,PASS,0
PHASEB_formal_r1_C0_DEFAULT_N2048_q16_rep5,1,4,1,sm_89,R1_EVENT_OVERLAP,NCCL,C0_DEFAULT,2048,2048,2048,16,5,1048576,41,0,817.824,1699.456,2009.600,310.144,PASS,0
PHASEB_formal_r1_C0_DEFAULT_N2048_q16_rep5,1,4,1,sm_89,R1_EVENT_OVERLAP,NCCL,C0_DEFAULT,2048,2048,2048,16,6,1048576,41,0,1043.392,2014.176,2324.288,310.112,PASS,0
PHASEB_formal_r1_C0_DEFAULT_N2048_q16_rep5,1,4,1,sm_89,R1_EVENT_OVERLAP,NCCL,C0_DEFAULT,2048,2048,2048,16,7,1048576,41,0,1140.832,2327.776,2637.568,309.792,PASS,0
PHASEB_formal_r1_C0_DEFAULT_N2048_q16_rep5,1,4,1,sm_89,R1_EVENT_OVERLAP,NCCL,C0_DEFAULT,2048,2048,2048,16,8,1048576,41,0,1369.280,2640.896,2914.080,273.184,PASS,0
PHASEB_formal_r1_C0_DEFAULT_N2048_q16_rep5,1,4,1,sm_89,R1_EVENT_OVERLAP,NCCL,C0_DEFAULT,2048,2048,2048,16,9,1048576,41,0,1688.992,2917.344,3226.592,309.248,PASS,0
PHASEB_formal_r1_C0_DEFAULT_N2048_q16_rep5,1,4,1,sm_89,R1_EVENT_OVERLAP,NCCL,C0_DEFAULT,2048,2048,2048,16,10,1048576,41,0,1967.424,3230.208,3526.944,296.736,PASS,0
PHASEB_formal_r1_C0_DEFAULT_N2048_q16_rep5,1,4,1,sm_89,R1_EVENT_OVERLAP,NCCL,C0_DEFAULT,2048,2048,2048,16,11,1048576,41,0,2044.160,3530.656,3790.464,259.808,PASS,0
PHASEB_formal_r1_C0_DEFAULT_N2048_q16_rep5,1,4,1,sm_89,R1_EVENT_OVERLAP,NCCL,C0_DEFAULT,2048,2048,2048,16,12,1048576,41,0,2354.560,3793.792,4052.992,259.200,PASS,0
PHASEB_formal_r1_C0_DEFAULT_N2048_q16_rep5,1,4,1,sm_89,R1_EVENT_OVERLAP,NCCL,C0_DEFAULT,2048,2048,2048,16,13,1048576,41,0,2648.544,4056.352,4315.296,258.944,PASS,0
PHASEB_formal_r1_C0_DEFAULT_N2048_q16_rep5,1,4,1,sm_89,R1_EVENT_OVERLAP,NCCL,C0_DEFAULT,2048,2048,2048,16,14,1048576,41,0,2954.752,4318.624,4577.056,258.432,PASS,0
PHASEB_formal_r1_C0_DEFAULT_N2048_q16_rep5,1,4,1,sm_89,R1_EVENT_OVERLAP,NCCL,C0_DEFAULT,2048,2048,2048,16,15,1048576,41,0,3259.648,4580.416,4839.840,259.424,PASS,0
PHASEB_formal_r1_C0_DEFAULT_N2048_q16_rep5,1,4,1,sm_89,R1_EVENT_OVERLAP,NCCL,C0_DEFAULT,2048,2048,2048,16,0,1048576,42,0,120.352,126.880,440.032,313.152,PASS,0
PHASEB_formal_r1_C0_DEFAULT_N2048_q16_rep5,1,4,1,sm_89,R1_EVENT_OVERLAP,NCCL,C0_DEFAULT,2048,2048,2048,16,1,1048576,42,0,197.984,443.456,755.040,311.584,PASS,0
PHASEB_formal_r1_C0_DEFAULT_N2048_q16_rep5,1,4,1,sm_89,R1_EVENT_OVERLAP,NCCL,C0_DEFAULT,2048,2048,2048,16,2,1048576,42,0,433.472,758.336,1066.688,308.352,PASS,0
PHASEB_formal_r1_C0_DEFAULT_N2048_q16_rep5,1,4,1,sm_89,R1_EVENT_OVERLAP,NCCL,C0_DEFAULT,2048,2048,2048,16,3,1048576,42,0,513.792,1069.984,1381.760,311.776,PASS,0
PHASEB_formal_r1_C0_DEFAULT_N2048_q16_rep5,1,4,1,sm_89,R1_EVENT_OVERLAP,NCCL,C0_DEFAULT,2048,2048,2048,16,4,1048576,42,0,748.288,1385.696,1701.568,315.872,PASS,0
PHASEB_formal_r1_C0_DEFAULT_N2048_q16_rep5,1,4,1,sm_89,R1_EVENT_OVERLAP,NCCL,C0_DEFAULT,2048,2048,2048,16,5,1048576,42,0,834.880,1704.832,2012.928,308.096,PASS,0
PHASEB_formal_r1_C0_DEFAULT_N2048_q16_rep5,1,4,1,sm_89,R1_EVENT_OVERLAP,NCCL,C0_DEFAULT,2048,2048,2048,16,6,1048576,42,0,1059.648,2016.576,2327.680,311.104,PASS,0
PHASEB_formal_r1_C0_DEFAULT_N2048_q16_rep5,1,4,1,sm_89,R1_EVENT_OVERLAP,NCCL,C0_DEFAULT,2048,2048,2048,16,7,1048576,42,0,1148.864,2331.296,2608.096,276.800,PASS,0
PHASEB_formal_r1_C0_DEFAULT_N2048_q16_rep5,1,4,1,sm_89,R1_EVENT_OVERLAP,NCCL,C0_DEFAULT,2048,2048,2048,16,8,1048576,42,0,1374.688,2611.392,2927.232,315.840,PASS,0
PHASEB_formal_r1_C0_DEFAULT_N2048_q16_rep5,1,4,1,sm_89,R1_EVENT_OVERLAP,NCCL,C0_DEFAULT,2048,2048,2048,16,9,1048576,42,0,1454.016,2930.688,3189.696,259.008,PASS,0
PHASEB_formal_r1_C0_DEFAULT_N2048_q16_rep5,1,4,1,sm_89,R1_EVENT_OVERLAP,NCCL,C0_DEFAULT,2048,2048,2048,16,10,1048576,42,0,1676.736,3193.024,3452.576,259.552,PASS,0
PHASEB_formal_r1_C0_DEFAULT_N2048_q16_rep5,1,4,1,sm_89,R1_EVENT_OVERLAP,NCCL,C0_DEFAULT,2048,2048,2048,16,11,1048576,42,0,1776.800,3455.904,3714.784,258.880,PASS,0
PHASEB_formal_r1_C0_DEFAULT_N2048_q16_rep5,1,4,1,sm_89,R1_EVENT_OVERLAP,NCCL,C0_DEFAULT,2048,2048,2048,16,12,1048576,42,0,2005.216,3718.112,3977.888,259.776,PASS,0
PHASEB_formal_r1_C0_DEFAULT_N2048_q16_rep5,1,4,1,sm_89,R1_EVENT_OVERLAP,NCCL,C0_DEFAULT,2048,2048,2048,16,13,1048576,42,0,2338.496,3981.216,4239.712,258.496,PASS,0
PHASEB_formal_r1_C0_DEFAULT_N2048_q16_rep5,1,4,1,sm_89,R1_EVENT_OVERLAP,NCCL,C0_DEFAULT,2048,2048,2048,16,14,1048576,42,0,2643.744,4243.392,4503.520,260.128,PASS,0
PHASEB_formal_r1_C0_DEFAULT_N2048_q16_rep5,1,4,1,sm_89,R1_EVENT_OVERLAP,NCCL,C0_DEFAULT,2048,2048,2048,16,15,1048576,42,0,2919.904,4506.848,4764.416,257.568,PASS,0
PHASEB_formal_r1_C0_DEFAULT_N2048_q16_rep5,1,4,1,sm_89,R1_EVENT_OVERLAP,NCCL,C0_DEFAULT,2048,2048,2048,16,0,1048576,43,0,149.024,155.424,470.496,315.072,PASS,0
PHASEB_formal_r1_C0_DEFAULT_N2048_q16_rep5,1,4,1,sm_89,R1_EVENT_OVERLAP,NCCL,C0_DEFAULT,2048,2048,2048,16,1,1048576,43,0,222.880,474.016,797.216,323.200,PASS,0
PHASEB_formal_r1_C0_DEFAULT_N2048_q16_rep5,1,4,1,sm_89,R1_EVENT_OVERLAP,NCCL,C0_DEFAULT,2048,2048,2048,16,2,1048576,43,0,446.688,800.832,1103.616,302.784,PASS,0
PHASEB_formal_r1_C0_DEFAULT_N2048_q16_rep5,1,4,1,sm_89,R1_EVENT_OVERLAP,NCCL,C0_DEFAULT,2048,2048,2048,16,3,1048576,43,0,542.784,1106.912,1416.800,309.888,PASS,0
PHASEB_formal_r1_C0_DEFAULT_N2048_q16_rep5,1,4,1,sm_89,R1_EVENT_OVERLAP,NCCL,C0_DEFAULT,2048,2048,2048,16,4,1048576,43,0,774.048,1420.192,1724.608,304.416,PASS,0
PHASEB_formal_r1_C0_DEFAULT_N2048_q16_rep5,1,4,1,sm_89,R1_EVENT_OVERLAP,NCCL,C0_DEFAULT,2048,2048,2048,16,5,1048576,43,0,1094.304,1727.936,2033.024,305.088,PASS,0
PHASEB_formal_r1_C0_DEFAULT_N2048_q16_rep5,1,4,1,sm_89,R1_EVENT_OVERLAP,NCCL,C0_DEFAULT,2048,2048,2048,16,6,1048576,43,0,1370.144,2036.576,2342.592,306.016,PASS,0
PHASEB_formal_r1_C0_DEFAULT_N2048_q16_rep5,1,4,1,sm_89,R1_EVENT_OVERLAP,NCCL,C0_DEFAULT,2048,2048,2048,16,7,1048576,43,0,1693.856,2345.856,2682.368,336.512,PASS,0
PHASEB_formal_r1_C0_DEFAULT_N2048_q16_rep5,1,4,1,sm_89,R1_EVENT_OVERLAP,NCCL,C0_DEFAULT,2048,2048,2048,16,8,1048576,43,0,1964.768,2685.664,3012.320,326.656,PASS,0
PHASEB_formal_r1_C0_DEFAULT_N2048_q16_rep5,1,4,1,sm_89,R1_EVENT_OVERLAP,NCCL,C0_DEFAULT,2048,2048,2048,16,9,1048576,43,0,2280.288,3015.680,3339.456,323.776,PASS,0
PHASEB_formal_r1_C0_DEFAULT_N2048_q16_rep5,1,4,1,sm_89,R1_EVENT_OVERLAP,NCCL,C0_DEFAULT,2048,2048,2048,16,10,1048576,43,0,2560.192,3342.752,3651.488,308.736,PASS,0
PHASEB_formal_r1_C0_DEFAULT_N2048_q16_rep5,1,4,1,sm_89,R1_EVENT_OVERLAP,NCCL,C0_DEFAULT,2048,2048,2048,16,11,1048576,43,0,2880.704,3654.816,3958.688,303.872,PASS,0
PHASEB_formal_r1_C0_DEFAULT_N2048_q16_rep5,1,4,1,sm_89,R1_EVENT_OVERLAP,NCCL,C0_DEFAULT,2048,2048,2048,16,12,1048576,43,0,3168.256,3962.048,4257.408,295.360,PASS,0
PHASEB_formal_r1_C0_DEFAULT_N2048_q16_rep5,1,4,1,sm_89,R1_EVENT_OVERLAP,NCCL,C0_DEFAULT,2048,2048,2048,16,13,1048576,43,0,3482.784,4260.736,4520.608,259.872,PASS,0
PHASEB_formal_r1_C0_DEFAULT_N2048_q16_rep5,1,4,1,sm_89,R1_EVENT_OVERLAP,NCCL,C0_DEFAULT,2048,2048,2048,16,14,1048576,43,0,3757.440,4523.936,4781.728,257.792,PASS,0
PHASEB_formal_r1_C0_DEFAULT_N2048_q16_rep5,1,4,1,sm_89,R1_EVENT_OVERLAP,NCCL,C0_DEFAULT,2048,2048,2048,16,15,1048576,43,0,4071.936,4785.056,5043.840,258.784,PASS,0
PHASEB_formal_r1_C0_DEFAULT_N2048_q16_rep5,1,4,1,sm_89,R1_EVENT_OVERLAP,NCCL,C0_DEFAULT,2048,2048,2048,16,0,1048576,44,0,118.496,124.960,440.736,315.776,PASS,0
PHASEB_formal_r1_C0_DEFAULT_N2048_q16_rep5,1,4,1,sm_89,R1_EVENT_OVERLAP,NCCL,C0_DEFAULT,2048,2048,2048,16,1,1048576,44,0,190.016,443.968,753.664,309.696,PASS,0
PHASEB_formal_r1_C0_DEFAULT_N2048_q16_rep5,1,4,1,sm_89,R1_EVENT_OVERLAP,NCCL,C0_DEFAULT,2048,2048,2048,16,2,1048576,44,0,414.688,756.992,1064.064,307.072,PASS,0
PHASEB_formal_r1_C0_DEFAULT_N2048_q16_rep5,1,4,1,sm_89,R1_EVENT_OVERLAP,NCCL,C0_DEFAULT,2048,2048,2048,16,3,1048576,44,0,494.912,1068.384,1379.456,311.072,PASS,0
PHASEB_formal_r1_C0_DEFAULT_N2048_q16_rep5,1,4,1,sm_89,R1_EVENT_OVERLAP,NCCL,C0_DEFAULT,2048,2048,2048,16,4,1048576,44,0,725.536,1383.200,1694.304,311.104,PASS,0
PHASEB_formal_r1_C0_DEFAULT_N2048_q16_rep5,1,4,1,sm_89,R1_EVENT_OVERLAP,NCCL,C0_DEFAULT,2048,2048,2048,16,5,1048576,44,0,814.688,1697.824,1987.104,289.280,PASS,0
PHASEB_formal_r1_C0_DEFAULT_N2048_q16_rep5,1,4,1,sm_89,R1_EVENT_OVERLAP,NCCL,C0_DEFAULT,2048,2048,2048,16,6,1048576,44,0,1040.128,1990.336,2299.904,309.568,PASS,0
PHASEB_formal_r1_C0_DEFAULT_N2048_q16_rep5,1,4,1,sm_89,R1_EVENT_OVERLAP,NCCL,C0_DEFAULT,2048,2048,2048,16,7,1048576,44,0,1131.872,2303.424,2580.544,277.120,PASS,0
PHASEB_formal_r1_C0_DEFAULT_N2048_q16_rep5,1,4,1,sm_89,R1_EVENT_OVERLAP,NCCL,C0_DEFAULT,2048,2048,2048,16,8,1048576,44,0,1369.760,2583.712,2892.640,308.928,PASS,0
PHASEB_formal_r1_C0_DEFAULT_N2048_q16_rep5,1,4,1,sm_89,R1_EVENT_OVERLAP,NCCL,C0_DEFAULT,2048,2048,2048,16,9,1048576,44,0,1445.664,2895.968,3177.408,281.440,PASS,0
PHASEB_formal_r1_C0_DEFAULT_N2048_q16_rep5,1,4,1,sm_89,R1_EVENT_OVERLAP,NCCL,C0_DEFAULT,2048,2048,2048,16,10,1048576,44,0,1703.872,3180.896,3477.632,296.736,PASS,0
PHASEB_formal_r1_C0_DEFAULT_N2048_q16_rep5,1,4,1,sm_89,R1_EVENT_OVERLAP,NCCL,C0_DEFAULT,2048,2048,2048,16,11,1048576,44,0,2024.672,3480.960,3739.904,258.944,PASS,0
PHASEB_formal_r1_C0_DEFAULT_N2048_q16_rep5,1,4,1,sm_89,R1_EVENT_OVERLAP,NCCL,C0_DEFAULT,2048,2048,2048,16,12,1048576,44,0,2309.632,3743.264,4002.656,259.392,PASS,0
PHASEB_formal_r1_C0_DEFAULT_N2048_q16_rep5,1,4,1,sm_89,R1_EVENT_OVERLAP,NCCL,C0_DEFAULT,2048,2048,2048,16,13,1048576,44,0,2616.128,4006.016,4264.320,258.304,PASS,0
PHASEB_formal_r1_C0_DEFAULT_N2048_q16_rep5,1,4,1,sm_89,R1_EVENT_OVERLAP,NCCL,C0_DEFAULT,2048,2048,2048,16,14,1048576,44,0,2902.176,4267.648,4527.712,260.064,PASS,0
PHASEB_formal_r1_C0_DEFAULT_N2048_q16_rep5,1,4,1,sm_89,R1_EVENT_OVERLAP,NCCL,C0_DEFAULT,2048,2048,2048,16,15,1048576,44,0,3210.176,4531.040,4788.544,257.504,PASS,0
PHASEB_formal_r1_C0_DEFAULT_N2048_q16_rep5,1,4,1,sm_89,R1_EVENT_OVERLAP,NCCL,C0_DEFAULT,2048,2048,2048,16,0,1048576,45,0,129.440,135.520,450.848,315.328,PASS,0
PHASEB_formal_r1_C0_DEFAULT_N2048_q16_rep5,1,4,1,sm_89,R1_EVENT_OVERLAP,NCCL,C0_DEFAULT,2048,2048,2048,16,1,1048576,45,0,204.128,454.112,774.528,320.416,PASS,0
PHASEB_formal_r1_C0_DEFAULT_N2048_q16_rep5,1,4,1,sm_89,R1_EVENT_OVERLAP,NCCL,C0_DEFAULT,2048,2048,2048,16,2,1048576,45,0,427.552,777.856,1088.736,310.880,PASS,0
PHASEB_formal_r1_C0_DEFAULT_N2048_q16_rep5,1,4,1,sm_89,R1_EVENT_OVERLAP,NCCL,C0_DEFAULT,2048,2048,2048,16,3,1048576,45,0,517.056,1092.064,1398.432,306.368,PASS,0
PHASEB_formal_r1_C0_DEFAULT_N2048_q16_rep5,1,4,1,sm_89,R1_EVENT_OVERLAP,NCCL,C0_DEFAULT,2048,2048,2048,16,4,1048576,45,0,745.344,1402.208,1718.176,315.968,PASS,0
PHASEB_formal_r1_C0_DEFAULT_N2048_q16_rep5,1,4,1,sm_89,R1_EVENT_OVERLAP,NCCL,C0_DEFAULT,2048,2048,2048,16,5,1048576,45,0,824.736,1721.504,2028.288,306.784,PASS,0
PHASEB_formal_r1_C0_DEFAULT_N2048_q16_rep5,1,4,1,sm_89,R1_EVENT_OVERLAP,NCCL,C0_DEFAULT,2048,2048,2048,16,6,1048576,45,0,1048.288,2031.584,2344.160,312.576,PASS,0
PHASEB_formal_r1_C0_DEFAULT_N2048_q16_rep5,1,4,1,sm_89,R1_EVENT_OVERLAP,NCCL,C0_DEFAULT,2048,2048,2048,16,7,1048576,45,0,1131.264,2347.520,2644.352,296.832,PASS,0
PHASEB_formal_r1_C0_DEFAULT_N2048_q16_rep5,1,4,1,sm_89,R1_EVENT_OVERLAP,NCCL,C0_DEFAULT,2048,2048,2048,16,8,1048576,45,0,1369.728,2647.680,2906.656,258.976,PASS,0
PHASEB_formal_r1_C0_DEFAULT_N2048_q16_rep5,1,4,1,sm_89,R1_EVENT_OVERLAP,NCCL,C0_DEFAULT,2048,2048,2048,16,9,1048576,45,0,1458.272,2909.984,3170.656,260.672,PASS,0
PHASEB_formal_r1_C0_DEFAULT_N2048_q16_rep5,1,4,1,sm_89,R1_EVENT_OVERLAP,NCCL,C0_DEFAULT,2048,2048,2048,16,10,1048576,45,0,1693.248,3173.984,3432.224,258.240,PASS,0
PHASEB_formal_r1_C0_DEFAULT_N2048_q16_rep5,1,4,1,sm_89,R1_EVENT_OVERLAP,NCCL,C0_DEFAULT,2048,2048,2048,16,11,1048576,45,0,1778.496,3435.712,3696.224,260.512,PASS,0
PHASEB_formal_r1_C0_DEFAULT_N2048_q16_rep5,1,4,1,sm_89,R1_EVENT_OVERLAP,NCCL,C0_DEFAULT,2048,2048,2048,16,12,1048576,45,0,2002.144,3699.552,3958.944,259.392,PASS,0
PHASEB_formal_r1_C0_DEFAULT_N2048_q16_rep5,1,4,1,sm_89,R1_EVENT_OVERLAP,NCCL,C0_DEFAULT,2048,2048,2048,16,13,1048576,45,0,2084.992,3962.304,4221.920,259.616,PASS,0
PHASEB_formal_r1_C0_DEFAULT_N2048_q16_rep5,1,4,1,sm_89,R1_EVENT_OVERLAP,NCCL,C0_DEFAULT,2048,2048,2048,16,14,1048576,45,0,2319.072,4225.440,4484.032,258.592,PASS,0
PHASEB_formal_r1_C0_DEFAULT_N2048_q16_rep5,1,4,1,sm_89,R1_EVENT_OVERLAP,NCCL,C0_DEFAULT,2048,2048,2048,16,15,1048576,45,0,2411.648,4487.360,4746.528,259.168,PASS,0
PHASEB_formal_r1_C0_DEFAULT_N2048_q16_rep5,1,4,1,sm_89,R1_EVENT_OVERLAP,NCCL,C0_DEFAULT,2048,2048,2048,16,0,1048576,46,0,122.752,129.056,445.088,316.032,PASS,0
PHASEB_formal_r1_C0_DEFAULT_N2048_q16_rep5,1,4,1,sm_89,R1_EVENT_OVERLAP,NCCL,C0_DEFAULT,2048,2048,2048,16,1,1048576,46,0,197.344,448.352,770.816,322.464,PASS,0
PHASEB_formal_r1_C0_DEFAULT_N2048_q16_rep5,1,4,1,sm_89,R1_EVENT_OVERLAP,NCCL,C0_DEFAULT,2048,2048,2048,16,2,1048576,46,0,419.520,774.752,1089.472,314.720,PASS,0
PHASEB_formal_r1_C0_DEFAULT_N2048_q16_rep5,1,4,1,sm_89,R1_EVENT_OVERLAP,NCCL,C0_DEFAULT,2048,2048,2048,16,3,1048576,46,0,496.608,1099.104,1404.768,305.664,PASS,0
PHASEB_formal_r1_C0_DEFAULT_N2048_q16_rep5,1,4,1,sm_89,R1_EVENT_OVERLAP,NCCL,C0_DEFAULT,2048,2048,2048,16,4,1048576,46,0,724.672,1408.032,1718.592,310.560,PASS,0
PHASEB_formal_r1_C0_DEFAULT_N2048_q16_rep5,1,4,1,sm_89,R1_EVENT_OVERLAP,NCCL,C0_DEFAULT,2048,2048,2048,16,5,1048576,46,0,814.400,1721.984,2046.400,324.416,PASS,0
PHASEB_formal_r1_C0_DEFAULT_N2048_q16_rep5,1,4,1,sm_89,R1_EVENT_OVERLAP,NCCL,C0_DEFAULT,2048,2048,2048,16,6,1048576,46,0,1064.288,2051.520,2365.312,313.792,PASS,0
PHASEB_formal_r1_C0_DEFAULT_N2048_q16_rep5,1,4,1,sm_89,R1_EVENT_OVERLAP,NCCL,C0_DEFAULT,2048,2048,2048,16,7,1048576,46,0,1147.424,2369.024,2665.088,296.064,PASS,0
PHASEB_formal_r1_C0_DEFAULT_N2048_q16_rep5,1,4,1,sm_89,R1_EVENT_OVERLAP,NCCL,C0_DEFAULT,2048,2048,2048,16,8,1048576,46,0,1380.064,2668.384,2928.640,260.256,PASS,0
PHASEB_formal_r1_C0_DEFAULT_N2048_q16_rep5,1,4,1,sm_89,R1_EVENT_OVERLAP,NCCL,C0_DEFAULT,2048,2048,2048,16,9,1048576,46,0,1462.464,2931.968,3190.720,258.752,PASS,0
PHASEB_formal_r1_C0_DEFAULT_N2048_q16_rep5,1,4,1,sm_89,R1_EVENT_OVERLAP,NCCL,C0_DEFAULT,2048,2048,2048,16,10,1048576,46,0,1687.392,3194.048,3453.568,259.520,PASS,0
PHASEB_formal_r1_C0_DEFAULT_N2048_q16_rep5,1,4,1,sm_89,R1_EVENT_OVERLAP,NCCL,C0_DEFAULT,2048,2048,2048,16,11,1048576,46,0,1764.160,3456.928,3715.904,258.976,PASS,0
PHASEB_formal_r1_C0_DEFAULT_N2048_q16_rep5,1,4,1,sm_89,R1_EVENT_OVERLAP,NCCL,C0_DEFAULT,2048,2048,2048,16,12,1048576,46,0,1993.824,3719.232,3978.880,259.648,PASS,0
PHASEB_formal_r1_C0_DEFAULT_N2048_q16_rep5,1,4,1,sm_89,R1_EVENT_OVERLAP,NCCL,C0_DEFAULT,2048,2048,2048,16,13,1048576,46,0,2082.624,3982.208,4240.992,258.784,PASS,0
PHASEB_formal_r1_C0_DEFAULT_N2048_q16_rep5,1,4,1,sm_89,R1_EVENT_OVERLAP,NCCL,C0_DEFAULT,2048,2048,2048,16,14,1048576,46,0,2321.632,4244.320,4503.776,259.456,PASS,0
PHASEB_formal_r1_C0_DEFAULT_N2048_q16_rep5,1,4,1,sm_89,R1_EVENT_OVERLAP,NCCL,C0_DEFAULT,2048,2048,2048,16,15,1048576,46,0,2404.256,4507.104,4764.832,257.728,PASS,0
PHASEB_formal_r1_C0_DEFAULT_N2048_q16_rep5,1,4,1,sm_89,R1_EVENT_OVERLAP,NCCL,C0_DEFAULT,2048,2048,2048,16,0,1048576,47,0,124.480,130.528,436.096,305.568,PASS,0
PHASEB_formal_r1_C0_DEFAULT_N2048_q16_rep5,1,4,1,sm_89,R1_EVENT_OVERLAP,NCCL,C0_DEFAULT,2048,2048,2048,16,1,1048576,47,0,198.368,439.680,753.120,313.440,PASS,0
PHASEB_formal_r1_C0_DEFAULT_N2048_q16_rep5,1,4,1,sm_89,R1_EVENT_OVERLAP,NCCL,C0_DEFAULT,2048,2048,2048,16,2,1048576,47,0,424.704,756.672,1039.040,282.368,PASS,0
PHASEB_formal_r1_C0_DEFAULT_N2048_q16_rep5,1,4,1,sm_89,R1_EVENT_OVERLAP,NCCL,C0_DEFAULT,2048,2048,2048,16,3,1048576,47,0,517.920,1042.656,1349.664,307.008,PASS,0
PHASEB_formal_r1_C0_DEFAULT_N2048_q16_rep5,1,4,1,sm_89,R1_EVENT_OVERLAP,NCCL,C0_DEFAULT,2048,2048,2048,16,4,1048576,47,0,762.944,1353.312,1636.256,282.944,PASS,0
PHASEB_formal_r1_C0_DEFAULT_N2048_q16_rep5,1,4,1,sm_89,R1_EVENT_OVERLAP,NCCL,C0_DEFAULT,2048,2048,2048,16,5,1048576,47,0,1069.440,1639.584,1948.928,309.344,PASS,0
PHASEB_formal_r1_C0_DEFAULT_N2048_q16_rep5,1,4,1,sm_89,R1_EVENT_OVERLAP,NCCL,C0_DEFAULT,2048,2048,2048,16,6,1048576,47,0,1359.520,1952.192,2226.496,274.304,PASS,0
PHASEB_formal_r1_C0_DEFAULT_N2048_q16_rep5,1,4,1,sm_89,R1_EVENT_OVERLAP,NCCL,C0_DEFAULT,2048,2048,2048,16,7,1048576,47,0,1673.152,2229.824,2538.464,308.640,PASS,0
PHASEB_formal_r1_C0_DEFAULT_N2048_q16_rep5,1,4,1,sm_89,R1_EVENT_OVERLAP,NCCL,C0_DEFAULT,2048,2048,2048,16,8,1048576,47,0,1958.368,2541.696,2850.560,308.864,PASS,0
PHASEB_formal_r1_C0_DEFAULT_N2048_q16_rep5,1,4,1,sm_89,R1_EVENT_OVERLAP,NCCL,C0_DEFAULT,2048,2048,2048,16,9,1048576,47,0,2270.080,2853.856,3161.024,307.168,PASS,0
PHASEB_formal_r1_C0_DEFAULT_N2048_q16_rep5,1,4,1,sm_89,R1_EVENT_OVERLAP,NCCL,C0_DEFAULT,2048,2048,2048,16,10,1048576,47,0,2560.416,3164.544,3436.416,271.872,PASS,0
PHASEB_formal_r1_C0_DEFAULT_N2048_q16_rep5,1,4,1,sm_89,R1_EVENT_OVERLAP,NCCL,C0_DEFAULT,2048,2048,2048,16,11,1048576,47,0,2868.640,3440.064,3747.584,307.520,PASS,0
PHASEB_formal_r1_C0_DEFAULT_N2048_q16_rep5,1,4,1,sm_89,R1_EVENT_OVERLAP,NCCL,C0_DEFAULT,2048,2048,2048,16,12,1048576,47,0,3171.168,3750.944,4058.080,307.136,PASS,0
PHASEB_formal_r1_C0_DEFAULT_N2048_q16_rep5,1,4,1,sm_89,R1_EVENT_OVERLAP,NCCL,C0_DEFAULT,2048,2048,2048,16,13,1048576,47,0,3477.696,4061.568,4359.584,298.016,PASS,0
PHASEB_formal_r1_C0_DEFAULT_N2048_q16_rep5,1,4,1,sm_89,R1_EVENT_OVERLAP,NCCL,C0_DEFAULT,2048,2048,2048,16,14,1048576,47,0,3776.992,4362.912,4621.152,258.240,PASS,0
PHASEB_formal_r1_C0_DEFAULT_N2048_q16_rep5,1,4,1,sm_89,R1_EVENT_OVERLAP,NCCL,C0_DEFAULT,2048,2048,2048,16,15,1048576,47,0,4086.592,4624.640,4883.328,258.688,PASS,0
PHASEB_formal_r1_C0_DEFAULT_N2048_q16_rep5,1,4,1,sm_89,R1_EVENT_OVERLAP,NCCL,C0_DEFAULT,2048,2048,2048,16,0,1048576,48,0,128.288,134.976,441.440,306.464,PASS,0
PHASEB_formal_r1_C0_DEFAULT_N2048_q16_rep5,1,4,1,sm_89,R1_EVENT_OVERLAP,NCCL,C0_DEFAULT,2048,2048,2048,16,1,1048576,48,0,204.512,444.704,754.176,309.472,PASS,0
PHASEB_formal_r1_C0_DEFAULT_N2048_q16_rep5,1,4,1,sm_89,R1_EVENT_OVERLAP,NCCL,C0_DEFAULT,2048,2048,2048,16,2,1048576,48,0,430.112,757.472,1061.184,303.712,PASS,0
PHASEB_formal_r1_C0_DEFAULT_N2048_q16_rep5,1,4,1,sm_89,R1_EVENT_OVERLAP,NCCL,C0_DEFAULT,2048,2048,2048,16,3,1048576,48,0,517.920,1064.928,1379.232,314.304,PASS,0
PHASEB_formal_r1_C0_DEFAULT_N2048_q16_rep5,1,4,1,sm_89,R1_EVENT_OVERLAP,NCCL,C0_DEFAULT,2048,2048,2048,16,4,1048576,48,0,745.856,1382.528,1690.048,307.520,PASS,0
PHASEB_formal_r1_C0_DEFAULT_N2048_q16_rep5,1,4,1,sm_89,R1_EVENT_OVERLAP,NCCL,C0_DEFAULT,2048,2048,2048,16,5,1048576,48,0,822.912,1693.376,1963.680,270.304,PASS,0
PHASEB_formal_r1_C0_DEFAULT_N2048_q16_rep5,1,4,1,sm_89,R1_EVENT_OVERLAP,NCCL,C0_DEFAULT,2048,2048,2048,16,6,1048576,48,0,1052.352,1967.168,2287.520,320.352,PASS,0
PHASEB_formal_r1_C0_DEFAULT_N2048_q16_rep5,1,4,1,sm_89,R1_EVENT_OVERLAP,NCCL,C0_DEFAULT,2048,2048,2048,16,7,1048576,48,0,1129.888,2290.976,2596.800,305.824,PASS,0
PHASEB_formal_r1_C0_DEFAULT_N2048_q16_rep5,1,4,1,sm_89,R1_EVENT_OVERLAP,NCCL,C0_DEFAULT,2048,2048,2048,16,8,1048576,48,0,1354.592,2600.064,2909.952,309.888,PASS,0
PHASEB_formal_r1_C0_DEFAULT_N2048_q16_rep5,1,4,1,sm_89,R1_EVENT_OVERLAP,NCCL,C0_DEFAULT,2048,2048,2048,16,9,1048576,48,0,1443.904,2913.312,3223.328,310.016,PASS,0
PHASEB_formal_r1_C0_DEFAULT_N2048_q16_rep5,1,4,1,sm_89,R1_EVENT_OVERLAP,NCCL,C0_DEFAULT,2048,2048,2048,16,10,1048576,48,0,1740.480,3226.784,3486.208,259.424,PASS,0
PHASEB_formal_r1_C0_DEFAULT_N2048_q16_rep5,1,4,1,sm_89,R1_EVENT_OVERLAP,NCCL,C0_DEFAULT,2048,2048,2048,16,11,1048576,48,0,2063.584,3489.536,3748.896,259.360,PASS,0
PHASEB_formal_r1_C0_DEFAULT_N2048_q16_rep5,1,4,1,sm_89,R1_EVENT_OVERLAP,NCCL,C0_DEFAULT,2048,2048,2048,16,12,1048576,48,0,2334.368,3752.224,4011.584,259.360,PASS,0
PHASEB_formal_r1_C0_DEFAULT_N2048_q16_rep5,1,4,1,sm_89,R1_EVENT_OVERLAP,NCCL,C0_DEFAULT,2048,2048,2048,16,13,1048576,48,0,2623.040,4014.944,4273.024,258.080,PASS,0
PHASEB_formal_r1_C0_DEFAULT_N2048_q16_rep5,1,4,1,sm_89,R1_EVENT_OVERLAP,NCCL,C0_DEFAULT,2048,2048,2048,16,14,1048576,48,0,2937.312,4276.352,4536.192,259.840,PASS,0
PHASEB_formal_r1_C0_DEFAULT_N2048_q16_rep5,1,4,1,sm_89,R1_EVENT_OVERLAP,NCCL,C0_DEFAULT,2048,2048,2048,16,15,1048576,48,0,3233.376,4539.520,4797.088,257.568,PASS,0
PHASEB_formal_r1_C0_DEFAULT_N2048_q16_rep5,1,4,1,sm_89,R1_EVENT_OVERLAP,NCCL,C0_DEFAULT,2048,2048,2048,16,0,1048576,49,0,126.912,133.536,448.768,315.232,PASS,0
PHASEB_formal_r1_C0_DEFAULT_N2048_q16_rep5,1,4,1,sm_89,R1_EVENT_OVERLAP,NCCL,C0_DEFAULT,2048,2048,2048,16,1,1048576,49,0,200.000,452.128,761.792,309.664,PASS,0
PHASEB_formal_r1_C0_DEFAULT_N2048_q16_rep5,1,4,1,sm_89,R1_EVENT_OVERLAP,NCCL,C0_DEFAULT,2048,2048,2048,16,2,1048576,49,0,425.152,765.056,1081.248,316.192,PASS,0
PHASEB_formal_r1_C0_DEFAULT_N2048_q16_rep5,1,4,1,sm_89,R1_EVENT_OVERLAP,NCCL,C0_DEFAULT,2048,2048,2048,16,3,1048576,49,0,510.496,1084.480,1389.696,305.216,PASS,0
PHASEB_formal_r1_C0_DEFAULT_N2048_q16_rep5,1,4,1,sm_89,R1_EVENT_OVERLAP,NCCL,C0_DEFAULT,2048,2048,2048,16,4,1048576,49,0,737.760,1393.024,1702.464,309.440,PASS,0
PHASEB_formal_r1_C0_DEFAULT_N2048_q16_rep5,1,4,1,sm_89,R1_EVENT_OVERLAP,NCCL,C0_DEFAULT,2048,2048,2048,16,5,1048576,49,0,833.248,1705.632,2036.704,331.072,PASS,0
PHASEB_formal_r1_C0_DEFAULT_N2048_q16_rep5,1,4,1,sm_89,R1_EVENT_OVERLAP,NCCL,C0_DEFAULT,2048,2048,2048,16,6,1048576,49,0,1057.664,2040.064,2354.656,314.592,PASS,0
PHASEB_formal_r1_C0_DEFAULT_N2048_q16_rep5,1,4,1,sm_89,R1_EVENT_OVERLAP,NCCL,C0_DEFAULT,2048,2048,2048,16,7,1048576,49,0,1132.448,2357.984,2656.192,298.208,PASS,0
PHASEB_formal_r1_C0_DEFAULT_N2048_q16_rep5,1,4,1,sm_89,R1_EVENT_OVERLAP,NCCL,C0_DEFAULT,2048,2048,2048,16,8,1048576,49,0,1361.344,2659.488,2918.656,259.168,PASS,0
PHASEB_formal_r1_C0_DEFAULT_N2048_q16_rep5,1,4,1,sm_89,R1_EVENT_OVERLAP,NCCL,C0_DEFAULT,2048,2048,2048,16,9,1048576,49,0,1440.512,2921.984,3181.792,259.808,PASS,0
PHASEB_formal_r1_C0_DEFAULT_N2048_q16_rep5,1,4,1,sm_89,R1_EVENT_OVERLAP,NCCL,C0_DEFAULT,2048,2048,2048,16,10,1048576,49,0,1676.960,3185.088,3443.712,258.624,PASS,0
PHASEB_formal_r1_C0_DEFAULT_N2048_q16_rep5,1,4,1,sm_89,R1_EVENT_OVERLAP,NCCL,C0_DEFAULT,2048,2048,2048,16,11,1048576,49,0,1766.944,3447.104,3706.848,259.744,PASS,0
PHASEB_formal_r1_C0_DEFAULT_N2048_q16_rep5,1,4,1,sm_89,R1_EVENT_OVERLAP,NCCL,C0_DEFAULT,2048,2048,2048,16,12,1048576,49,0,1993.728,3710.272,3968.736,258.464,PASS,0
PHASEB_formal_r1_C0_DEFAULT_N2048_q16_rep5,1,4,1,sm_89,R1_EVENT_OVERLAP,NCCL,C0_DEFAULT,2048,2048,2048,16,13,1048576,49,0,2082.144,3972.192,4231.488,259.296,PASS,0
PHASEB_formal_r1_C0_DEFAULT_N2048_q16_rep5,1,4,1,sm_89,R1_EVENT_OVERLAP,NCCL,C0_DEFAULT,2048,2048,2048,16,14,1048576,49,0,2309.696,4234.816,4493.888,259.072,PASS,0
PHASEB_formal_r1_C0_DEFAULT_N2048_q16_rep5,1,4,1,sm_89,R1_EVENT_OVERLAP,NCCL,C0_DEFAULT,2048,2048,2048,16,15,1048576,49,0,2389.248,4497.216,4755.744,258.528,PASS,0
PHASEB_formal_r1_C0_DEFAULT_N2048_q16_rep5,1,4,1,sm_89,R1_EVENT_OVERLAP,NCCL,C0_DEFAULT,2048,2048,2048,16,0,1048576,50,0,122.464,128.512,432.928,304.416,PASS,0
PHASEB_formal_r1_C0_DEFAULT_N2048_q16_rep5,1,4,1,sm_89,R1_EVENT_OVERLAP,NCCL,C0_DEFAULT,2048,2048,2048,16,1,1048576,50,0,196.576,436.960,739.200,302.240,PASS,0
PHASEB_formal_r1_C0_DEFAULT_N2048_q16_rep5,1,4,1,sm_89,R1_EVENT_OVERLAP,NCCL,C0_DEFAULT,2048,2048,2048,16,2,1048576,50,0,422.912,743.040,1053.760,310.720,PASS,0
PHASEB_formal_r1_C0_DEFAULT_N2048_q16_rep5,1,4,1,sm_89,R1_EVENT_OVERLAP,NCCL,C0_DEFAULT,2048,2048,2048,16,3,1048576,50,0,499.936,1057.088,1367.232,310.144,PASS,0
PHASEB_formal_r1_C0_DEFAULT_N2048_q16_rep5,1,4,1,sm_89,R1_EVENT_OVERLAP,NCCL,C0_DEFAULT,2048,2048,2048,16,4,1048576,50,0,728.448,1370.912,1683.744,312.832,PASS,0
PHASEB_formal_r1_C0_DEFAULT_N2048_q16_rep5,1,4,1,sm_89,R1_EVENT_OVERLAP,NCCL,C0_DEFAULT,2048,2048,2048,16,5,1048576,50,0,825.760,1689.920,2000.928,311.008,PASS,0
PHASEB_formal_r1_C0_DEFAULT_N2048_q16_rep5,1,4,1,sm_89,R1_EVENT_OVERLAP,NCCL,C0_DEFAULT,2048,2048,2048,16,6,1048576,50,0,1046.720,2004.384,2312.768,308.384,PASS,0
PHASEB_formal_r1_C0_DEFAULT_N2048_q16_rep5,1,4,1,sm_89,R1_EVENT_OVERLAP,NCCL,C0_DEFAULT,2048,2048,2048,16,7,1048576,50,0,1127.840,2316.352,2584.128,267.776,PASS,0
PHASEB_formal_r1_C0_DEFAULT_N2048_q16_rep5,1,4,1,sm_89,R1_EVENT_OVERLAP,NCCL,C0_DEFAULT,2048,2048,2048,16,8,1048576,50,0,1360.384,2587.424,2898.912,311.488,PASS,0
PHASEB_formal_r1_C0_DEFAULT_N2048_q16_rep5,1,4,1,sm_89,R1_EVENT_OVERLAP,NCCL,C0_DEFAULT,2048,2048,2048,16,9,1048576,50,0,1705.600,2902.240,3176.704,274.464,PASS,0
PHASEB_formal_r1_C0_DEFAULT_N2048_q16_rep5,1,4,1,sm_89,R1_EVENT_OVERLAP,NCCL,C0_DEFAULT,2048,2048,2048,16,10,1048576,50,0,2027.392,3180.384,3490.208,309.824,PASS,0
PHASEB_formal_r1_C0_DEFAULT_N2048_q16_rep5,1,4,1,sm_89,R1_EVENT_OVERLAP,NCCL,C0_DEFAULT,2048,2048,2048,16,11,1048576,50,0,2322.496,3493.632,3752.736,259.104,PASS,0
PHASEB_formal_r1_C0_DEFAULT_N2048_q16_rep5,1,4,1,sm_89,R1_EVENT_OVERLAP,NCCL,C0_DEFAULT,2048,2048,2048,16,12,1048576,50,0,2632.384,3756.000,4015.680,259.680,PASS,0
PHASEB_formal_r1_C0_DEFAULT_N2048_q16_rep5,1,4,1,sm_89,R1_EVENT_OVERLAP,NCCL,C0_DEFAULT,2048,2048,2048,16,13,1048576,50,0,2914.176,4019.104,4277.664,258.560,PASS,0
PHASEB_formal_r1_C0_DEFAULT_N2048_q16_rep5,1,4,1,sm_89,R1_EVENT_OVERLAP,NCCL,C0_DEFAULT,2048,2048,2048,16,14,1048576,50,0,3225.760,4281.024,4541.760,260.736,PASS,0
PHASEB_formal_r1_C0_DEFAULT_N2048_q16_rep5,1,4,1,sm_89,R1_EVENT_OVERLAP,NCCL,C0_DEFAULT,2048,2048,2048,16,15,1048576,50,0,3505.344,4545.088,4802.528,257.440,PASS,0
PHASEB_formal_r1_C0_DEFAULT_N2048_q16_rep5,1,4,1,sm_89,R1_EVENT_OVERLAP,NCCL,C0_DEFAULT,2048,2048,2048,16,0,1048576,51,0,121.440,127.648,441.056,313.408,PASS,0
PHASEB_formal_r1_C0_DEFAULT_N2048_q16_rep5,1,4,1,sm_89,R1_EVENT_OVERLAP,NCCL,C0_DEFAULT,2048,2048,2048,16,1,1048576,51,0,193.568,444.352,751.328,306.976,PASS,0
PHASEB_formal_r1_C0_DEFAULT_N2048_q16_rep5,1,4,1,sm_89,R1_EVENT_OVERLAP,NCCL,C0_DEFAULT,2048,2048,2048,16,2,1048576,51,0,418.464,754.688,1065.344,310.656,PASS,0
PHASEB_formal_r1_C0_DEFAULT_N2048_q16_rep5,1,4,1,sm_89,R1_EVENT_OVERLAP,NCCL,C0_DEFAULT,2048,2048,2048,16,3,1048576,51,0,510.304,1068.736,1372.640,303.904,PASS,0
PHASEB_formal_r1_C0_DEFAULT_N2048_q16_rep5,1,4,1,sm_89,R1_EVENT_OVERLAP,NCCL,C0_DEFAULT,2048,2048,2048,16,4,1048576,51,0,740.864,1375.936,1680.192,304.256,PASS,0
PHASEB_formal_r1_C0_DEFAULT_N2048_q16_rep5,1,4,1,sm_89,R1_EVENT_OVERLAP,NCCL,C0_DEFAULT,2048,2048,2048,16,5,1048576,51,0,831.488,1683.552,1992.160,308.608,PASS,0
PHASEB_formal_r1_C0_DEFAULT_N2048_q16_rep5,1,4,1,sm_89,R1_EVENT_OVERLAP,NCCL,C0_DEFAULT,2048,2048,2048,16,6,1048576,51,0,1056.864,1995.424,2326.816,331.392,PASS,0
PHASEB_formal_r1_C0_DEFAULT_N2048_q16_rep5,1,4,1,sm_89,R1_EVENT_OVERLAP,NCCL,C0_DEFAULT,2048,2048,2048,16,7,1048576,51,0,1135.296,2330.176,2627.040,296.864,PASS,0
PHASEB_formal_r1_C0_DEFAULT_N2048_q16_rep5,1,4,1,sm_89,R1_EVENT_OVERLAP,NCCL,C0_DEFAULT,2048,2048,2048,16,8,1048576,51,0,1363.712,2630.368,2890.080,259.712,PASS,0
PHASEB_formal_r1_C0_DEFAULT_N2048_q16_rep5,1,4,1,sm_89,R1_EVENT_OVERLAP,NCCL,C0_DEFAULT,2048,2048,2048,16,9,1048576,51,0,1438.176,2893.440,3153.632,260.192,PASS,0
PHASEB_formal_r1_C0_DEFAULT_N2048_q16_rep5,1,4,1,sm_89,R1_EVENT_OVERLAP,NCCL,C0_DEFAULT,2048,2048,2048,16,10,1048576,51,0,1668.928,3157.120,3414.976,257.856,PASS,0
PHASEB_formal_r1_C0_DEFAULT_N2048_q16_rep5,1,4,1,sm_89,R1_EVENT_OVERLAP,NCCL,C0_DEFAULT,2048,2048,2048,16,11,1048576,51,0,1750.176,3418.304,3678.848,260.544,PASS,0
PHASEB_formal_r1_C0_DEFAULT_N2048_q16_rep5,1,4,1,sm_89,R1_EVENT_OVERLAP,NCCL,C0_DEFAULT,2048,2048,2048,16,12,1048576,51,0,1981.408,3682.176,3941.248,259.072,PASS,0
PHASEB_formal_r1_C0_DEFAULT_N2048_q16_rep5,1,4,1,sm_89,R1_EVENT_OVERLAP,NCCL,C0_DEFAULT,2048,2048,2048,16,13,1048576,51,0,2073.184,3944.544,4203.936,259.392,PASS,0
PHASEB_formal_r1_C0_DEFAULT_N2048_q16_rep5,1,4,1,sm_89,R1_EVENT_OVERLAP,NCCL,C0_DEFAULT,2048,2048,2048,16,14,1048576,51,0,2319.616,4207.296,4466.656,259.360,PASS,0
PHASEB_formal_r1_C0_DEFAULT_N2048_q16_rep5,1,4,1,sm_89,R1_EVENT_OVERLAP,NCCL,C0_DEFAULT,2048,2048,2048,16,15,1048576,51,0,2392.992,4470.016,4728.736,258.720,PASS,0
PHASEB_formal_r1_C0_DEFAULT_N2048_q16_rep5,1,4,1,sm_89,R1_EVENT_OVERLAP,NCCL,C0_DEFAULT,2048,2048,2048,16,0,1048576,52,0,130.240,136.896,442.848,305.952,PASS,0
PHASEB_formal_r1_C0_DEFAULT_N2048_q16_rep5,1,4,1,sm_89,R1_EVENT_OVERLAP,NCCL,C0_DEFAULT,2048,2048,2048,16,1,1048576,52,0,206.240,446.144,760.512,314.368,PASS,0
PHASEB_formal_r1_C0_DEFAULT_N2048_q16_rep5,1,4,1,sm_89,R1_EVENT_OVERLAP,NCCL,C0_DEFAULT,2048,2048,2048,16,2,1048576,52,0,431.680,768.032,1090.112,322.080,PASS,0
PHASEB_formal_r1_C0_DEFAULT_N2048_q16_rep5,1,4,1,sm_89,R1_EVENT_OVERLAP,NCCL,C0_DEFAULT,2048,2048,2048,16,3,1048576,52,0,509.600,1095.936,1405.568,309.632,PASS,0
PHASEB_formal_r1_C0_DEFAULT_N2048_q16_rep5,1,4,1,sm_89,R1_EVENT_OVERLAP,NCCL,C0_DEFAULT,2048,2048,2048,16,4,1048576,52,0,736.160,1408.896,1716.576,307.680,PASS,0
PHASEB_formal_r1_C0_DEFAULT_N2048_q16_rep5,1,4,1,sm_89,R1_EVENT_OVERLAP,NCCL,C0_DEFAULT,2048,2048,2048,16,5,1048576,52,0,837.600,1719.776,2025.184,305.408,PASS,0
PHASEB_formal_r1_C0_DEFAULT_N2048_q16_rep5,1,4,1,sm_89,R1_EVENT_OVERLAP,NCCL,C0_DEFAULT,2048,2048,2048,16,6,1048576,52,0,1066.240,2028.576,2337.728,309.152,PASS,0
PHASEB_formal_r1_C0_DEFAULT_N2048_q16_rep5,1,4,1,sm_89,R1_EVENT_OVERLAP,NCCL,C0_DEFAULT,2048,2048,2048,16,7,1048576,52,0,1145.152,2341.056,2644.160,303.104,PASS,0
PHASEB_formal_r1_C0_DEFAULT_N2048_q16_rep5,1,4,1,sm_89,R1_EVENT_OVERLAP,NCCL,C0_DEFAULT,2048,2048,2048,16,8,1048576,52,0,1381.280,2647.488,2907.776,260.288,PASS,0
PHASEB_formal_r1_C0_DEFAULT_N2048_q16_rep5,1,4,1,sm_89,R1_EVENT_OVERLAP,NCCL,C0_DEFAULT,2048,2048,2048,16,9,1048576,52,0,1461.824,2911.104,3169.760,258.656,PASS,0
PHASEB_formal_r1_C0_DEFAULT_N2048_q16_rep5,1,4,1,sm_89,R1_EVENT_OVERLAP,NCCL,C0_DEFAULT,2048,2048,2048,16,10,1048576,52,0,1689.024,3173.088,3432.480,259.392,PASS,0
PHASEB_formal_r1_C0_DEFAULT_N2048_q16_rep5,1,4,1,sm_89,R1_EVENT_OVERLAP,NCCL,C0_DEFAULT,2048,2048,2048,16,11,1048576,52,0,1768.256,3435.840,3695.072,259.232,PASS,0
PHASEB_formal_r1_C0_DEFAULT_N2048_q16_rep5,1,4,1,sm_89,R1_EVENT_OVERLAP,NCCL,C0_DEFAULT,2048,2048,2048,16,12,1048576,52,0,1995.232,3698.400,3958.016,259.616,PASS,0
PHASEB_formal_r1_C0_DEFAULT_N2048_q16_rep5,1,4,1,sm_89,R1_EVENT_OVERLAP,NCCL,C0_DEFAULT,2048,2048,2048,16,13,1048576,52,0,2087.520,3961.376,4219.456,258.080,PASS,0
PHASEB_formal_r1_C0_DEFAULT_N2048_q16_rep5,1,4,1,sm_89,R1_EVENT_OVERLAP,NCCL,C0_DEFAULT,2048,2048,2048,16,14,1048576,52,0,2330.496,4222.784,4482.784,260.000,PASS,0
PHASEB_formal_r1_C0_DEFAULT_N2048_q16_rep5,1,4,1,sm_89,R1_EVENT_OVERLAP,NCCL,C0_DEFAULT,2048,2048,2048,16,15,1048576,52,0,2634.944,4486.112,4743.936,257.824,PASS,0
PHASEB_formal_r1_C0_DEFAULT_N2048_q16_rep5,1,4,1,sm_89,R1_EVENT_OVERLAP,NCCL,C0_DEFAULT,2048,2048,2048,16,0,1048576,53,0,121.184,127.744,439.232,311.488,PASS,0
PHASEB_formal_r1_C0_DEFAULT_N2048_q16_rep5,1,4,1,sm_89,R1_EVENT_OVERLAP,NCCL,C0_DEFAULT,2048,2048,2048,16,1,1048576,53,0,193.440,448.128,760.672,312.544,PASS,0
PHASEB_formal_r1_C0_DEFAULT_N2048_q16_rep5,1,4,1,sm_89,R1_EVENT_OVERLAP,NCCL,C0_DEFAULT,2048,2048,2048,16,2,1048576,53,0,415.232,763.904,1080.192,316.288,PASS,0
PHASEB_formal_r1_C0_DEFAULT_N2048_q16_rep5,1,4,1,sm_89,R1_EVENT_OVERLAP,NCCL,C0_DEFAULT,2048,2048,2048,16,3,1048576,53,0,510.560,1083.424,1398.496,315.072,PASS,0
PHASEB_formal_r1_C0_DEFAULT_N2048_q16_rep5,1,4,1,sm_89,R1_EVENT_OVERLAP,NCCL,C0_DEFAULT,2048,2048,2048,16,4,1048576,53,0,736.192,1401.760,1709.792,308.032,PASS,0
PHASEB_formal_r1_C0_DEFAULT_N2048_q16_rep5,1,4,1,sm_89,R1_EVENT_OVERLAP,NCCL,C0_DEFAULT,2048,2048,2048,16,5,1048576,53,0,829.472,1713.408,2023.296,309.888,PASS,0
PHASEB_formal_r1_C0_DEFAULT_N2048_q16_rep5,1,4,1,sm_89,R1_EVENT_OVERLAP,NCCL,C0_DEFAULT,2048,2048,2048,16,6,1048576,53,0,1053.600,2026.592,2333.408,306.816,PASS,0
PHASEB_formal_r1_C0_DEFAULT_N2048_q16_rep5,1,4,1,sm_89,R1_EVENT_OVERLAP,NCCL,C0_DEFAULT,2048,2048,2048,16,7,1048576,53,0,1388.256,2336.672,2641.888,305.216,PASS,0
PHASEB_formal_r1_C0_DEFAULT_N2048_q16_rep5,1,4,1,sm_89,R1_EVENT_OVERLAP,NCCL,C0_DEFAULT,2048,2048,2048,16,8,1048576,53,0,1664.992,2645.216,2982.528,337.312,PASS,0
PHASEB_formal_r1_C0_DEFAULT_N2048_q16_rep5,1,4,1,sm_89,R1_EVENT_OVERLAP,NCCL,C0_DEFAULT,2048,2048,2048,16,9,1048576,53,0,1982.688,2986.272,3310.848,324.576,PASS,0
PHASEB_formal_r1_C0_DEFAULT_N2048_q16_rep5,1,4,1,sm_89,R1_EVENT_OVERLAP,NCCL,C0_DEFAULT,2048,2048,2048,16,10,1048576,53,0,2262.560,3314.144,3619.424,305.280,PASS,0
PHASEB_formal_r1_C0_DEFAULT_N2048_q16_rep5,1,4,1,sm_89,R1_EVENT_OVERLAP,NCCL,C0_DEFAULT,2048,2048,2048,16,11,1048576,53,0,2576.640,3622.784,3928.192,305.408,PASS,0
PHASEB_formal_r1_C0_DEFAULT_N2048_q16_rep5,1,4,1,sm_89,R1_EVENT_OVERLAP,NCCL,C0_DEFAULT,2048,2048,2048,16,12,1048576,53,0,2858.432,3931.648,4190.368,258.720,PASS,0
PHASEB_formal_r1_C0_DEFAULT_N2048_q16_rep5,1,4,1,sm_89,R1_EVENT_OVERLAP,NCCL,C0_DEFAULT,2048,2048,2048,16,13,1048576,53,0,3175.712,4193.728,4453.280,259.552,PASS,0
PHASEB_formal_r1_C0_DEFAULT_N2048_q16_rep5,1,4,1,sm_89,R1_EVENT_OVERLAP,NCCL,C0_DEFAULT,2048,2048,2048,16,14,1048576,53,0,3447.296,4456.608,4715.264,258.656,PASS,0
PHASEB_formal_r1_C0_DEFAULT_N2048_q16_rep5,1,4,1,sm_89,R1_EVENT_OVERLAP,NCCL,C0_DEFAULT,2048,2048,2048,16,15,1048576,53,0,3762.880,4718.528,4977.696,259.168,PASS,0
PHASEB_formal_r1_C0_DEFAULT_N2048_q16_rep5,1,4,1,sm_89,R1_EVENT_OVERLAP,NCCL,C0_DEFAULT,2048,2048,2048,16,0,1048576,54,0,126.784,133.216,441.216,308.000,PASS,0
PHASEB_formal_r1_C0_DEFAULT_N2048_q16_rep5,1,4,1,sm_89,R1_EVENT_OVERLAP,NCCL,C0_DEFAULT,2048,2048,2048,16,1,1048576,54,0,204.736,444.544,750.656,306.112,PASS,0
PHASEB_formal_r1_C0_DEFAULT_N2048_q16_rep5,1,4,1,sm_89,R1_EVENT_OVERLAP,NCCL,C0_DEFAULT,2048,2048,2048,16,2,1048576,54,0,432.192,754.368,1067.264,312.896,PASS,0
PHASEB_formal_r1_C0_DEFAULT_N2048_q16_rep5,1,4,1,sm_89,R1_EVENT_OVERLAP,NCCL,C0_DEFAULT,2048,2048,2048,16,3,1048576,54,0,512.640,1070.560,1382.048,311.488,PASS,0
PHASEB_formal_r1_C0_DEFAULT_N2048_q16_rep5,1,4,1,sm_89,R1_EVENT_OVERLAP,NCCL,C0_DEFAULT,2048,2048,2048,16,4,1048576,54,0,742.208,1385.440,1700.480,315.040,PASS,0
PHASEB_formal_r1_C0_DEFAULT_N2048_q16_rep5,1,4,1,sm_89,R1_EVENT_OVERLAP,NCCL,C0_DEFAULT,2048,2048,2048,16,5,1048576,54,0,834.784,1703.808,1974.400,270.592,PASS,0
PHASEB_formal_r1_C0_DEFAULT_N2048_q16_rep5,1,4,1,sm_89,R1_EVENT_OVERLAP,NCCL,C0_DEFAULT,2048,2048,2048,16,6,1048576,54,0,1060.448,1977.728,2285.472,307.744,PASS,0
PHASEB_formal_r1_C0_DEFAULT_N2048_q16_rep5,1,4,1,sm_89,R1_EVENT_OVERLAP,NCCL,C0_DEFAULT,2048,2048,2048,16,7,1048576,54,0,1134.528,2288.800,2597.664,308.864,PASS,0
PHASEB_formal_r1_C0_DEFAULT_N2048_q16_rep5,1,4,1,sm_89,R1_EVENT_OVERLAP,NCCL,C0_DEFAULT,2048,2048,2048,16,8,1048576,54,0,1371.936,2601.312,2908.992,307.680,PASS,0
PHASEB_formal_r1_C0_DEFAULT_N2048_q16_rep5,1,4,1,sm_89,R1_EVENT_OVERLAP,NCCL,C0_DEFAULT,2048,2048,2048,16,9,1048576,54,0,1716.448,2912.480,3185.504,273.024,PASS,0
PHASEB_formal_r1_C0_DEFAULT_N2048_q16_rep5,1,4,1,sm_89,R1_EVENT_OVERLAP,NCCL,C0_DEFAULT,2048,2048,2048,16,10,1048576,54,0,2025.888,3188.704,3499.328,310.624,PASS,0
PHASEB_formal_r1_C0_DEFAULT_N2048_q16_rep5,1,4,1,sm_89,R1_EVENT_OVERLAP,NCCL,C0_DEFAULT,2048,2048,2048,16,11,1048576,54,0,2303.680,3502.784,3762.208,259.424,PASS,0
PHASEB_formal_r1_C0_DEFAULT_N2048_q16_rep5,1,4,1,sm_89,R1_EVENT_OVERLAP,NCCL,C0_DEFAULT,2048,2048,2048,16,12,1048576,54,0,2616.672,3765.568,4025.792,260.224,PASS,0
PHASEB_formal_r1_C0_DEFAULT_N2048_q16_rep5,1,4,1,sm_89,R1_EVENT_OVERLAP,NCCL,C0_DEFAULT,2048,2048,2048,16,13,1048576,54,0,2918.624,4029.120,4287.488,258.368,PASS,0
PHASEB_formal_r1_C0_DEFAULT_N2048_q16_rep5,1,4,1,sm_89,R1_EVENT_OVERLAP,NCCL,C0_DEFAULT,2048,2048,2048,16,14,1048576,54,0,3225.184,4290.848,4549.696,258.848,PASS,0
PHASEB_formal_r1_C0_DEFAULT_N2048_q16_rep5,1,4,1,sm_89,R1_EVENT_OVERLAP,NCCL,C0_DEFAULT,2048,2048,2048,16,15,1048576,54,0,3514.080,4553.056,4811.168,258.112,PASS,0
PHASEB_formal_r1_C0_DEFAULT_N2048_q16_rep5,1,4,1,sm_89,R1_EVENT_OVERLAP,NCCL,C0_DEFAULT,2048,2048,2048,16,0,1048576,55,0,120.864,126.944,440.640,313.696,PASS,0
PHASEB_formal_r1_C0_DEFAULT_N2048_q16_rep5,1,4,1,sm_89,R1_EVENT_OVERLAP,NCCL,C0_DEFAULT,2048,2048,2048,16,1,1048576,55,0,216.608,443.904,727.776,283.872,PASS,0
PHASEB_formal_r1_C0_DEFAULT_N2048_q16_rep5,1,4,1,sm_89,R1_EVENT_OVERLAP,NCCL,C0_DEFAULT,2048,2048,2048,16,2,1048576,55,0,450.304,732.352,1052.064,319.712,PASS,0
PHASEB_formal_r1_C0_DEFAULT_N2048_q16_rep5,1,4,1,sm_89,R1_EVENT_OVERLAP,NCCL,C0_DEFAULT,2048,2048,2048,16,3,1048576,55,0,766.688,1055.328,1370.368,315.040,PASS,0
PHASEB_formal_r1_C0_DEFAULT_N2048_q16_rep5,1,4,1,sm_89,R1_EVENT_OVERLAP,NCCL,C0_DEFAULT,2048,2048,2048,16,4,1048576,55,0,1043.680,1373.760,1679.808,306.048,PASS,0
PHASEB_formal_r1_C0_DEFAULT_N2048_q16_rep5,1,4,1,sm_89,R1_EVENT_OVERLAP,NCCL,C0_DEFAULT,2048,2048,2048,16,5,1048576,55,0,1364.096,1683.072,1991.776,308.704,PASS,0
PHASEB_formal_r1_C0_DEFAULT_N2048_q16_rep5,1,4,1,sm_89,R1_EVENT_OVERLAP,NCCL,C0_DEFAULT,2048,2048,2048,16,6,1048576,55,0,1649.216,1995.264,2302.176,306.912,PASS,0
PHASEB_formal_r1_C0_DEFAULT_N2048_q16_rep5,1,4,1,sm_89,R1_EVENT_OVERLAP,NCCL,C0_DEFAULT,2048,2048,2048,16,7,1048576,55,0,1952.384,2305.440,2611.296,305.856,PASS,0
PHASEB_formal_r1_C0_DEFAULT_N2048_q16_rep5,1,4,1,sm_89,R1_EVENT_OVERLAP,NCCL,C0_DEFAULT,2048,2048,2048,16,8,1048576,55,0,2236.160,2614.560,2952.096,337.536,PASS,0
PHASEB_formal_r1_C0_DEFAULT_N2048_q16_rep5,1,4,1,sm_89,R1_EVENT_OVERLAP,NCCL,C0_DEFAULT,2048,2048,2048,16,9,1048576,55,0,2548.416,2955.456,3288.448,332.992,PASS,0
PHASEB_formal_r1_C0_DEFAULT_N2048_q16_rep5,1,4,1,sm_89,R1_EVENT_OVERLAP,NCCL,C0_DEFAULT,2048,2048,2048,16,10,1048576,55,0,2829.536,3291.712,3596.288,304.576,PASS,0
PHASEB_formal_r1_C0_DEFAULT_N2048_q16_rep5,1,4,1,sm_89,R1_EVENT_OVERLAP,NCCL,C0_DEFAULT,2048,2048,2048,16,11,1048576,55,0,3144.224,3599.552,3903.904,304.352,PASS,0
PHASEB_formal_r1_C0_DEFAULT_N2048_q16_rep5,1,4,1,sm_89,R1_EVENT_OVERLAP,NCCL,C0_DEFAULT,2048,2048,2048,16,12,1048576,55,0,3420.960,3907.232,4210.560,303.328,PASS,0
PHASEB_formal_r1_C0_DEFAULT_N2048_q16_rep5,1,4,1,sm_89,R1_EVENT_OVERLAP,NCCL,C0_DEFAULT,2048,2048,2048,16,13,1048576,55,0,3731.040,4213.888,4511.392,297.504,PASS,0
PHASEB_formal_r1_C0_DEFAULT_N2048_q16_rep5,1,4,1,sm_89,R1_EVENT_OVERLAP,NCCL,C0_DEFAULT,2048,2048,2048,16,14,1048576,55,0,4010.528,4514.720,4773.312,258.592,PASS,0
PHASEB_formal_r1_C0_DEFAULT_N2048_q16_rep5,1,4,1,sm_89,R1_EVENT_OVERLAP,NCCL,C0_DEFAULT,2048,2048,2048,16,15,1048576,55,0,4325.184,4776.800,5035.168,258.368,PASS,0
PHASEB_formal_r1_C0_DEFAULT_N2048_q16_rep5,1,4,1,sm_89,R1_EVENT_OVERLAP,NCCL,C0_DEFAULT,2048,2048,2048,16,0,1048576,56,0,135.936,142.464,446.912,304.448,PASS,0
PHASEB_formal_r1_C0_DEFAULT_N2048_q16_rep5,1,4,1,sm_89,R1_EVENT_OVERLAP,NCCL,C0_DEFAULT,2048,2048,2048,16,1,1048576,56,0,213.056,451.104,762.496,311.392,PASS,0
PHASEB_formal_r1_C0_DEFAULT_N2048_q16_rep5,1,4,1,sm_89,R1_EVENT_OVERLAP,NCCL,C0_DEFAULT,2048,2048,2048,16,2,1048576,56,0,436.544,765.920,1089.664,323.744,PASS,0
PHASEB_formal_r1_C0_DEFAULT_N2048_q16_rep5,1,4,1,sm_89,R1_EVENT_OVERLAP,NCCL,C0_DEFAULT,2048,2048,2048,16,3,1048576,56,0,518.016,1092.928,1398.048,305.120,PASS,0
PHASEB_formal_r1_C0_DEFAULT_N2048_q16_rep5,1,4,1,sm_89,R1_EVENT_OVERLAP,NCCL,C0_DEFAULT,2048,2048,2048,16,4,1048576,56,0,739.168,1401.280,1708.800,307.520,PASS,0
PHASEB_formal_r1_C0_DEFAULT_N2048_q16_rep5,1,4,1,sm_89,R1_EVENT_OVERLAP,NCCL,C0_DEFAULT,2048,2048,2048,16,5,1048576,56,0,834.944,1712.416,2022.400,309.984,PASS,0
PHASEB_formal_r1_C0_DEFAULT_N2048_q16_rep5,1,4,1,sm_89,R1_EVENT_OVERLAP,NCCL,C0_DEFAULT,2048,2048,2048,16,6,1048576,56,0,1065.216,2025.632,2332.672,307.040,PASS,0
PHASEB_formal_r1_C0_DEFAULT_N2048_q16_rep5,1,4,1,sm_89,R1_EVENT_OVERLAP,NCCL,C0_DEFAULT,2048,2048,2048,16,7,1048576,56,0,1144.000,2337.344,2642.080,304.736,PASS,0
PHASEB_formal_r1_C0_DEFAULT_N2048_q16_rep5,1,4,1,sm_89,R1_EVENT_OVERLAP,NCCL,C0_DEFAULT,2048,2048,2048,16,8,1048576,56,0,1372.640,2645.408,2905.760,260.352,PASS,0
PHASEB_formal_r1_C0_DEFAULT_N2048_q16_rep5,1,4,1,sm_89,R1_EVENT_OVERLAP,NCCL,C0_DEFAULT,2048,2048,2048,16,9,1048576,56,0,1454.272,2909.088,3167.328,258.240,PASS,0
PHASEB_formal_r1_C0_DEFAULT_N2048_q16_rep5,1,4,1,sm_89,R1_EVENT_OVERLAP,NCCL,C0_DEFAULT,2048,2048,2048,16,10,1048576,56,0,1680.288,3170.688,3431.040,260.352,PASS,0
PHASEB_formal_r1_C0_DEFAULT_N2048_q16_rep5,1,4,1,sm_89,R1_EVENT_OVERLAP,NCCL,C0_DEFAULT,2048,2048,2048,16,11,1048576,56,0,1757.792,3434.336,3693.152,258.816,PASS,0
PHASEB_formal_r1_C0_DEFAULT_N2048_q16_rep5,1,4,1,sm_89,R1_EVENT_OVERLAP,NCCL,C0_DEFAULT,2048,2048,2048,16,12,1048576,56,0,1989.056,3696.480,3955.776,259.296,PASS,0
PHASEB_formal_r1_C0_DEFAULT_N2048_q16_rep5,1,4,1,sm_89,R1_EVENT_OVERLAP,NCCL,C0_DEFAULT,2048,2048,2048,16,13,1048576,56,0,2070.400,3959.104,4217.248,258.144,PASS,0
PHASEB_formal_r1_C0_DEFAULT_N2048_q16_rep5,1,4,1,sm_89,R1_EVENT_OVERLAP,NCCL,C0_DEFAULT,2048,2048,2048,16,14,1048576,56,0,2303.520,4220.576,4480.384,259.808,PASS,0
PHASEB_formal_r1_C0_DEFAULT_N2048_q16_rep5,1,4,1,sm_89,R1_EVENT_OVERLAP,NCCL,C0_DEFAULT,2048,2048,2048,16,15,1048576,56,0,2393.312,4484.000,4742.048,258.048,PASS,0
PHASEB_formal_r1_C0_DEFAULT_N2048_q16_rep5,1,4,1,sm_89,R1_EVENT_OVERLAP,NCCL,C0_DEFAULT,2048,2048,2048,16,0,1048576,57,0,129.984,136.064,453.696,317.632,PASS,0
PHASEB_formal_r1_C0_DEFAULT_N2048_q16_rep5,1,4,1,sm_89,R1_EVENT_OVERLAP,NCCL,C0_DEFAULT,2048,2048,2048,16,1,1048576,57,0,205.088,457.216,731.872,274.656,PASS,0
PHASEB_formal_r1_C0_DEFAULT_N2048_q16_rep5,1,4,1,sm_89,R1_EVENT_OVERLAP,NCCL,C0_DEFAULT,2048,2048,2048,16,2,1048576,57,0,463.744,735.328,1044.800,309.472,PASS,0
PHASEB_formal_r1_C0_DEFAULT_N2048_q16_rep5,1,4,1,sm_89,R1_EVENT_OVERLAP,NCCL,C0_DEFAULT,2048,2048,2048,16,3,1048576,57,0,776.384,1048.512,1323.648,275.136,PASS,0
PHASEB_formal_r1_C0_DEFAULT_N2048_q16_rep5,1,4,1,sm_89,R1_EVENT_OVERLAP,NCCL,C0_DEFAULT,2048,2048,2048,16,4,1048576,57,0,1054.656,1326.976,1650.048,323.072,PASS,0
PHASEB_formal_r1_C0_DEFAULT_N2048_q16_rep5,1,4,1,sm_89,R1_EVENT_OVERLAP,NCCL,C0_DEFAULT,2048,2048,2048,16,5,1048576,57,0,1383.680,1653.568,1961.088,307.520,PASS,0
PHASEB_formal_r1_C0_DEFAULT_N2048_q16_rep5,1,4,1,sm_89,R1_EVENT_OVERLAP,NCCL,C0_DEFAULT,2048,2048,2048,16,6,1048576,57,0,1673.856,1964.672,2236.320,271.648,PASS,0
PHASEB_formal_r1_C0_DEFAULT_N2048_q16_rep5,1,4,1,sm_89,R1_EVENT_OVERLAP,NCCL,C0_DEFAULT,2048,2048,2048,16,7,1048576,57,0,1981.792,2240.000,2552.992,312.992,PASS,0
PHASEB_formal_r1_C0_DEFAULT_N2048_q16_rep5,1,4,1,sm_89,R1_EVENT_OVERLAP,NCCL,C0_DEFAULT,2048,2048,2048,16,8,1048576,57,0,2281.792,2556.320,2862.912,306.592,PASS,0
PHASEB_formal_r1_C0_DEFAULT_N2048_q16_rep5,1,4,1,sm_89,R1_EVENT_OVERLAP,NCCL,C0_DEFAULT,2048,2048,2048,16,9,1048576,57,0,2590.496,2866.336,3175.968,309.632,PASS,0
PHASEB_formal_r1_C0_DEFAULT_N2048_q16_rep5,1,4,1,sm_89,R1_EVENT_OVERLAP,NCCL,C0_DEFAULT,2048,2048,2048,16,10,1048576,57,0,2891.072,3179.360,3450.336,270.976,PASS,0
PHASEB_formal_r1_C0_DEFAULT_N2048_q16_rep5,1,4,1,sm_89,R1_EVENT_OVERLAP,NCCL,C0_DEFAULT,2048,2048,2048,16,11,1048576,57,0,3191.744,3453.856,3765.568,311.712,PASS,0
PHASEB_formal_r1_C0_DEFAULT_N2048_q16_rep5,1,4,1,sm_89,R1_EVENT_OVERLAP,NCCL,C0_DEFAULT,2048,2048,2048,16,12,1048576,57,0,3500.736,3768.864,4077.088,308.224,PASS,0
PHASEB_formal_r1_C0_DEFAULT_N2048_q16_rep5,1,4,1,sm_89,R1_EVENT_OVERLAP,NCCL,C0_DEFAULT,2048,2048,2048,16,13,1048576,57,0,3798.112,4080.416,4387.328,306.912,PASS,0
PHASEB_formal_r1_C0_DEFAULT_N2048_q16_rep5,1,4,1,sm_89,R1_EVENT_OVERLAP,NCCL,C0_DEFAULT,2048,2048,2048,16,14,1048576,57,0,4096.160,4390.912,4649.184,258.272,PASS,0
PHASEB_formal_r1_C0_DEFAULT_N2048_q16_rep5,1,4,1,sm_89,R1_EVENT_OVERLAP,NCCL,C0_DEFAULT,2048,2048,2048,16,15,1048576,57,0,4401.536,4652.512,4911.648,259.136,PASS,0
PHASEB_formal_r1_C0_DEFAULT_N2048_q16_rep5,1,4,1,sm_89,R1_EVENT_OVERLAP,NCCL,C0_DEFAULT,2048,2048,2048,16,0,1048576,58,0,126.784,133.280,437.568,304.288,PASS,0
PHASEB_formal_r1_C0_DEFAULT_N2048_q16_rep5,1,4,1,sm_89,R1_EVENT_OVERLAP,NCCL,C0_DEFAULT,2048,2048,2048,16,1,1048576,58,0,203.360,441.120,755.648,314.528,PASS,0
PHASEB_formal_r1_C0_DEFAULT_N2048_q16_rep5,1,4,1,sm_89,R1_EVENT_OVERLAP,NCCL,C0_DEFAULT,2048,2048,2048,16,2,1048576,58,0,427.744,759.264,1065.216,305.952,PASS,0
PHASEB_formal_r1_C0_DEFAULT_N2048_q16_rep5,1,4,1,sm_89,R1_EVENT_OVERLAP,NCCL,C0_DEFAULT,2048,2048,2048,16,3,1048576,58,0,504.320,1069.568,1377.792,308.224,PASS,0
PHASEB_formal_r1_C0_DEFAULT_N2048_q16_rep5,1,4,1,sm_89,R1_EVENT_OVERLAP,NCCL,C0_DEFAULT,2048,2048,2048,16,4,1048576,58,0,730.656,1381.024,1693.920,312.896,PASS,0
PHASEB_formal_r1_C0_DEFAULT_N2048_q16_rep5,1,4,1,sm_89,R1_EVENT_OVERLAP,NCCL,C0_DEFAULT,2048,2048,2048,16,5,1048576,58,0,809.920,1697.536,2008.224,310.688,PASS,0
PHASEB_formal_r1_C0_DEFAULT_N2048_q16_rep5,1,4,1,sm_89,R1_EVENT_OVERLAP,NCCL,C0_DEFAULT,2048,2048,2048,16,6,1048576,58,0,1034.112,2011.680,2318.080,306.400,PASS,0
PHASEB_formal_r1_C0_DEFAULT_N2048_q16_rep5,1,4,1,sm_89,R1_EVENT_OVERLAP,NCCL,C0_DEFAULT,2048,2048,2048,16,7,1048576,58,0,1129.600,2321.568,2594.528,272.960,PASS,0
PHASEB_formal_r1_C0_DEFAULT_N2048_q16_rep5,1,4,1,sm_89,R1_EVENT_OVERLAP,NCCL,C0_DEFAULT,2048,2048,2048,16,8,1048576,58,0,1351.872,2597.856,2908.288,310.432,PASS,0
PHASEB_formal_r1_C0_DEFAULT_N2048_q16_rep5,1,4,1,sm_89,R1_EVENT_OVERLAP,NCCL,C0_DEFAULT,2048,2048,2048,16,9,1048576,58,0,1453.376,2912.320,3171.008,258.688,PASS,0
PHASEB_formal_r1_C0_DEFAULT_N2048_q16_rep5,1,4,1,sm_89,R1_EVENT_OVERLAP,NCCL,C0_DEFAULT,2048,2048,2048,16,10,1048576,58,0,1684.960,3174.336,3433.504,259.168,PASS,0
PHASEB_formal_r1_C0_DEFAULT_N2048_q16_rep5,1,4,1,sm_89,R1_EVENT_OVERLAP,NCCL,C0_DEFAULT,2048,2048,2048,16,11,1048576,58,0,1766.400,3436.832,3695.264,258.432,PASS,0
PHASEB_formal_r1_C0_DEFAULT_N2048_q16_rep5,1,4,1,sm_89,R1_EVENT_OVERLAP,NCCL,C0_DEFAULT,2048,2048,2048,16,12,1048576,58,0,2001.056,3698.592,3958.368,259.776,PASS,0
PHASEB_formal_r1_C0_DEFAULT_N2048_q16_rep5,1,4,1,sm_89,R1_EVENT_OVERLAP,NCCL,C0_DEFAULT,2048,2048,2048,16,13,1048576,58,0,2328.512,3961.728,4220.416,258.688,PASS,0
PHASEB_formal_r1_C0_DEFAULT_N2048_q16_rep5,1,4,1,sm_89,R1_EVENT_OVERLAP,NCCL,C0_DEFAULT,2048,2048,2048,16,14,1048576,58,0,2633.696,4223.744,4484.256,260.512,PASS,0
PHASEB_formal_r1_C0_DEFAULT_N2048_q16_rep5,1,4,1,sm_89,R1_EVENT_OVERLAP,NCCL,C0_DEFAULT,2048,2048,2048,16,15,1048576,58,0,2918.464,4487.616,4745.376,257.760,PASS,0
PHASEB_formal_r1_C0_DEFAULT_N2048_q16_rep5,1,4,1,sm_89,R1_EVENT_OVERLAP,NCCL,C0_DEFAULT,2048,2048,2048,16,0,1048576,59,0,120.960,127.552,440.704,313.152,PASS,0
PHASEB_formal_r1_C0_DEFAULT_N2048_q16_rep5,1,4,1,sm_89,R1_EVENT_OVERLAP,NCCL,C0_DEFAULT,2048,2048,2048,16,1,1048576,59,0,193.856,444.128,759.904,315.776,PASS,0
PHASEB_formal_r1_C0_DEFAULT_N2048_q16_rep5,1,4,1,sm_89,R1_EVENT_OVERLAP,NCCL,C0_DEFAULT,2048,2048,2048,16,2,1048576,59,0,434.592,763.200,1079.488,316.288,PASS,0
PHASEB_formal_r1_C0_DEFAULT_N2048_q16_rep5,1,4,1,sm_89,R1_EVENT_OVERLAP,NCCL,C0_DEFAULT,2048,2048,2048,16,3,1048576,59,0,753.344,1086.784,1397.056,310.272,PASS,0
PHASEB_formal_r1_C0_DEFAULT_N2048_q16_rep5,1,4,1,sm_89,R1_EVENT_OVERLAP,NCCL,C0_DEFAULT,2048,2048,2048,16,4,1048576,59,0,980.128,1400.352,1707.584,307.232,PASS,0
PHASEB_formal_r1_C0_DEFAULT_N2048_q16_rep5,1,4,1,sm_89,R1_EVENT_OVERLAP,NCCL,C0_DEFAULT,2048,2048,2048,16,5,1048576,59,0,1055.776,1710.912,2024.512,313.600,PASS,0
PHASEB_formal_r1_C0_DEFAULT_N2048_q16_rep5,1,4,1,sm_89,R1_EVENT_OVERLAP,NCCL,C0_DEFAULT,2048,2048,2048,16,6,1048576,59,0,1294.464,2027.872,2333.728,305.856,PASS,0
PHASEB_formal_r1_C0_DEFAULT_N2048_q16_rep5,1,4,1,sm_89,R1_EVENT_OVERLAP,NCCL,C0_DEFAULT,2048,2048,2048,16,7,1048576,59,0,1372.992,2337.120,2642.848,305.728,PASS,0
PHASEB_formal_r1_C0_DEFAULT_N2048_q16_rep5,1,4,1,sm_89,R1_EVENT_OVERLAP,NCCL,C0_DEFAULT,2048,2048,2048,16,8,1048576,59,0,1614.720,2646.176,2905.120,258.944,PASS,0
PHASEB_formal_r1_C0_DEFAULT_N2048_q16_rep5,1,4,1,sm_89,R1_EVENT_OVERLAP,NCCL,C0_DEFAULT,2048,2048,2048,16,9,1048576,59,0,1697.376,2908.448,3168.480,260.032,PASS,0
PHASEB_formal_r1_C0_DEFAULT_N2048_q16_rep5,1,4,1,sm_89,R1_EVENT_OVERLAP,NCCL,C0_DEFAULT,2048,2048,2048,16,10,1048576,59,0,1926.528,3171.840,3430.368,258.528,PASS,0
PHASEB_formal_r1_C0_DEFAULT_N2048_q16_rep5,1,4,1,sm_89,R1_EVENT_OVERLAP,NCCL,C0_DEFAULT,2048,2048,2048,16,11,1048576,59,0,2017.408,3433.696,3693.696,260.000,PASS,0
PHASEB_formal_r1_C0_DEFAULT_N2048_q16_rep5,1,4,1,sm_89,R1_EVENT_OVERLAP,NCCL,C0_DEFAULT,2048,2048,2048,16,12,1048576,59,0,2249.568,3697.024,3955.808,258.784,PASS,0
PHASEB_formal_r1_C0_DEFAULT_N2048_q16_rep5,1,4,1,sm_89,R1_EVENT_OVERLAP,NCCL,C0_DEFAULT,2048,2048,2048,16,13,1048576,59,0,2323.840,3959.168,4218.592,259.424,PASS,0
PHASEB_formal_r1_C0_DEFAULT_N2048_q16_rep5,1,4,1,sm_89,R1_EVENT_OVERLAP,NCCL,C0_DEFAULT,2048,2048,2048,16,14,1048576,59,0,2550.816,4221.920,4481.248,259.328,PASS,0
PHASEB_formal_r1_C0_DEFAULT_N2048_q16_rep5,1,4,1,sm_89,R1_EVENT_OVERLAP,NCCL,C0_DEFAULT,2048,2048,2048,16,15,1048576,59,0,2625.728,4484.608,4743.104,258.496,PASS,0
PHASEB_formal_r1_C0_DEFAULT_N2048_q16_rep5,1,4,1,sm_89,R1_EVENT_OVERLAP,NCCL,C0_DEFAULT,2048,2048,2048,16,0,1048576,60,0,124.736,131.552,436.224,304.672,PASS,0
PHASEB_formal_r1_C0_DEFAULT_N2048_q16_rep5,1,4,1,sm_89,R1_EVENT_OVERLAP,NCCL,C0_DEFAULT,2048,2048,2048,16,1,1048576,60,0,199.200,439.520,747.584,308.064,PASS,0
PHASEB_formal_r1_C0_DEFAULT_N2048_q16_rep5,1,4,1,sm_89,R1_EVENT_OVERLAP,NCCL,C0_DEFAULT,2048,2048,2048,16,2,1048576,60,0,425.856,751.072,1027.424,276.352,PASS,0
PHASEB_formal_r1_C0_DEFAULT_N2048_q16_rep5,1,4,1,sm_89,R1_EVENT_OVERLAP,NCCL,C0_DEFAULT,2048,2048,2048,16,3,1048576,60,0,511.456,1030.752,1339.840,309.088,PASS,0
PHASEB_formal_r1_C0_DEFAULT_N2048_q16_rep5,1,4,1,sm_89,R1_EVENT_OVERLAP,NCCL,C0_DEFAULT,2048,2048,2048,16,4,1048576,60,0,757.920,1343.136,1650.176,307.040,PASS,0
PHASEB_formal_r1_C0_DEFAULT_N2048_q16_rep5,1,4,1,sm_89,R1_EVENT_OVERLAP,NCCL,C0_DEFAULT,2048,2048,2048,16,5,1048576,60,0,1063.872,1653.504,1927.872,274.368,PASS,0
PHASEB_formal_r1_C0_DEFAULT_N2048_q16_rep5,1,4,1,sm_89,R1_EVENT_OVERLAP,NCCL,C0_DEFAULT,2048,2048,2048,16,6,1048576,60,0,1379.168,1931.712,2242.400,310.688,PASS,0
PHASEB_formal_r1_C0_DEFAULT_N2048_q16_rep5,1,4,1,sm_89,R1_EVENT_OVERLAP,NCCL,C0_DEFAULT,2048,2048,2048,16,7,1048576,60,0,1660.064,2245.824,2520.928,275.104,PASS,0
PHASEB_formal_r1_C0_DEFAULT_N2048_q16_rep5,1,4,1,sm_89,R1_EVENT_OVERLAP,NCCL,C0_DEFAULT,2048,2048,2048,16,8,1048576,60,0,1977.184,2529.888,2840.000,310.112,PASS,0
PHASEB_formal_r1_C0_DEFAULT_N2048_q16_rep5,1,4,1,sm_89,R1_EVENT_OVERLAP,NCCL,C0_DEFAULT,2048,2048,2048,16,9,1048576,60,0,2256.352,2843.712,3115.680,271.968,PASS,0
PHASEB_formal_r1_C0_DEFAULT_N2048_q16_rep5,1,4,1,sm_89,R1_EVENT_OVERLAP,NCCL,C0_DEFAULT,2048,2048,2048,16,10,1048576,60,0,2579.968,3119.616,3430.944,311.328,PASS,0
PHASEB_formal_r1_C0_DEFAULT_N2048_q16_rep5,1,4,1,sm_89,R1_EVENT_OVERLAP,NCCL,C0_DEFAULT,2048,2048,2048,16,11,1048576,60,0,2850.336,3434.496,3705.280,270.784,PASS,0
PHASEB_formal_r1_C0_DEFAULT_N2048_q16_rep5,1,4,1,sm_89,R1_EVENT_OVERLAP,NCCL,C0_DEFAULT,2048,2048,2048,16,12,1048576,60,0,3163.040,3708.512,4020.224,311.712,PASS,0
PHASEB_formal_r1_C0_DEFAULT_N2048_q16_rep5,1,4,1,sm_89,R1_EVENT_OVERLAP,NCCL,C0_DEFAULT,2048,2048,2048,16,13,1048576,60,0,3441.440,4024.160,4282.784,258.624,PASS,0
PHASEB_formal_r1_C0_DEFAULT_N2048_q16_rep5,1,4,1,sm_89,R1_EVENT_OVERLAP,NCCL,C0_DEFAULT,2048,2048,2048,16,14,1048576,60,0,3760.352,4286.240,4546.208,259.968,PASS,0
PHASEB_formal_r1_C0_DEFAULT_N2048_q16_rep5,1,4,1,sm_89,R1_EVENT_OVERLAP,NCCL,C0_DEFAULT,2048,2048,2048,16,15,1048576,60,0,4035.808,4549.536,4807.808,258.272,PASS,0
PHASEB_formal_r1_C0_DEFAULT_N2048_q16_rep5,1,4,1,sm_89,R1_EVENT_OVERLAP,NCCL,C0_DEFAULT,2048,2048,2048,16,0,1048576,61,0,122.208,128.256,433.952,305.696,PASS,0
PHASEB_formal_r1_C0_DEFAULT_N2048_q16_rep5,1,4,1,sm_89,R1_EVENT_OVERLAP,NCCL,C0_DEFAULT,2048,2048,2048,16,1,1048576,61,0,197.600,437.312,747.168,309.856,PASS,0
PHASEB_formal_r1_C0_DEFAULT_N2048_q16_rep5,1,4,1,sm_89,R1_EVENT_OVERLAP,NCCL,C0_DEFAULT,2048,2048,2048,16,2,1048576,61,0,423.712,750.560,1058.080,307.520,PASS,0
PHASEB_formal_r1_C0_DEFAULT_N2048_q16_rep5,1,4,1,sm_89,R1_EVENT_OVERLAP,NCCL,C0_DEFAULT,2048,2048,2048,16,3,1048576,61,0,513.536,1061.856,1341.344,279.488,PASS,0
PHASEB_formal_r1_C0_DEFAULT_N2048_q16_rep5,1,4,1,sm_89,R1_EVENT_OVERLAP,NCCL,C0_DEFAULT,2048,2048,2048,16,4,1048576,61,0,740.256,1344.896,1652.064,307.168,PASS,0
PHASEB_formal_r1_C0_DEFAULT_N2048_q16_rep5,1,4,1,sm_89,R1_EVENT_OVERLAP,NCCL,C0_DEFAULT,2048,2048,2048,16,5,1048576,61,0,1069.664,1655.456,1963.776,308.320,PASS,0
PHASEB_formal_r1_C0_DEFAULT_N2048_q16_rep5,1,4,1,sm_89,R1_EVENT_OVERLAP,NCCL,C0_DEFAULT,2048,2048,2048,16,6,1048576,61,0,1403.328,1966.976,2278.464,311.488,PASS,0
PHASEB_formal_r1_C0_DEFAULT_N2048_q16_rep5,1,4,1,sm_89,R1_EVENT_OVERLAP,NCCL,C0_DEFAULT,2048,2048,2048,16,7,1048576,61,0,1711.744,2281.664,2590.080,308.416,PASS,0
PHASEB_formal_r1_C0_DEFAULT_N2048_q16_rep5,1,4,1,sm_89,R1_EVENT_OVERLAP,NCCL,C0_DEFAULT,2048,2048,2048,16,8,1048576,61,0,1993.632,2593.536,2872.320,278.784,PASS,0
PHASEB_formal_r1_C0_DEFAULT_N2048_q16_rep5,1,4,1,sm_89,R1_EVENT_OVERLAP,NCCL,C0_DEFAULT,2048,2048,2048,16,9,1048576,61,0,2306.880,2875.936,3183.712,307.776,PASS,0
PHASEB_formal_r1_C0_DEFAULT_N2048_q16_rep5,1,4,1,sm_89,R1_EVENT_OVERLAP,NCCL,C0_DEFAULT,2048,2048,2048,16,10,1048576,61,0,2599.840,3186.976,3459.072,272.096,PASS,0
PHASEB_formal_r1_C0_DEFAULT_N2048_q16_rep5,1,4,1,sm_89,R1_EVENT_OVERLAP,NCCL,C0_DEFAULT,2048,2048,2048,16,11,1048576,61,0,2905.312,3462.432,3772.480,310.048,PASS,0
PHASEB_formal_r1_C0_DEFAULT_N2048_q16_rep5,1,4,1,sm_89,R1_EVENT_OVERLAP,NCCL,C0_DEFAULT,2048,2048,2048,16,12,1048576,61,0,3193.120,3775.968,4086.144,310.176,PASS,0
PHASEB_formal_r1_C0_DEFAULT_N2048_q16_rep5,1,4,1,sm_89,R1_EVENT_OVERLAP,NCCL,C0_DEFAULT,2048,2048,2048,16,13,1048576,61,0,3501.216,4089.664,4386.624,296.960,PASS,0
PHASEB_formal_r1_C0_DEFAULT_N2048_q16_rep5,1,4,1,sm_89,R1_EVENT_OVERLAP,NCCL,C0_DEFAULT,2048,2048,2048,16,14,1048576,61,0,3801.888,4389.952,4650.016,260.064,PASS,0
PHASEB_formal_r1_C0_DEFAULT_N2048_q16_rep5,1,4,1,sm_89,R1_EVENT_OVERLAP,NCCL,C0_DEFAULT,2048,2048,2048,16,15,1048576,61,0,4108.192,4653.376,4912.032,258.656,PASS,0
PHASEB_formal_r1_C0_DEFAULT_N2048_q16_rep5,1,4,1,sm_89,R1_EVENT_OVERLAP,NCCL,C0_DEFAULT,2048,2048,2048,16,0,1048576,62,0,123.040,129.632,444.480,314.848,PASS,0
PHASEB_formal_r1_C0_DEFAULT_N2048_q16_rep5,1,4,1,sm_89,R1_EVENT_OVERLAP,NCCL,C0_DEFAULT,2048,2048,2048,16,1,1048576,62,0,196.640,448.064,755.744,307.680,PASS,0
PHASEB_formal_r1_C0_DEFAULT_N2048_q16_rep5,1,4,1,sm_89,R1_EVENT_OVERLAP,NCCL,C0_DEFAULT,2048,2048,2048,16,2,1048576,62,0,438.080,759.104,1034.784,275.680,PASS,0
PHASEB_formal_r1_C0_DEFAULT_N2048_q16_rep5,1,4,1,sm_89,R1_EVENT_OVERLAP,NCCL,C0_DEFAULT,2048,2048,2048,16,3,1048576,62,0,765.440,1038.080,1345.344,307.264,PASS,0
PHASEB_formal_r1_C0_DEFAULT_N2048_q16_rep5,1,4,1,sm_89,R1_EVENT_OVERLAP,NCCL,C0_DEFAULT,2048,2048,2048,16,4,1048576,62,0,1075.904,1349.120,1621.248,272.128,PASS,0
PHASEB_formal_r1_C0_DEFAULT_N2048_q16_rep5,1,4,1,sm_89,R1_EVENT_OVERLAP,NCCL,C0_DEFAULT,2048,2048,2048,16,5,1048576,62,0,1356.096,1624.832,1935.264,310.432,PASS,0
PHASEB_formal_r1_C0_DEFAULT_N2048_q16_rep5,1,4,1,sm_89,R1_EVENT_OVERLAP,NCCL,C0_DEFAULT,2048,2048,2048,16,6,1048576,62,0,1674.048,1939.040,2248.160,309.120,PASS,0
PHASEB_formal_r1_C0_DEFAULT_N2048_q16_rep5,1,4,1,sm_89,R1_EVENT_OVERLAP,NCCL,C0_DEFAULT,2048,2048,2048,16,7,1048576,62,0,1962.080,2251.424,2560.000,308.576,PASS,0
PHASEB_formal_r1_C0_DEFAULT_N2048_q16_rep5,1,4,1,sm_89,R1_EVENT_OVERLAP,NCCL,C0_DEFAULT,2048,2048,2048,16,8,1048576,62,0,2274.240,2563.264,2838.272,275.008,PASS,0
PHASEB_formal_r1_C0_DEFAULT_N2048_q16_rep5,1,4,1,sm_89,R1_EVENT_OVERLAP,NCCL,C0_DEFAULT,2048,2048,2048,16,9,1048576,62,0,2570.368,2842.048,3149.760,307.712,PASS,0
PHASEB_formal_r1_C0_DEFAULT_N2048_q16_rep5,1,4,1,sm_89,R1_EVENT_OVERLAP,NCCL,C0_DEFAULT,2048,2048,2048,16,10,1048576,62,0,2883.168,3152.960,3466.240,313.280,PASS,0
PHASEB_formal_r1_C0_DEFAULT_N2048_q16_rep5,1,4,1,sm_89,R1_EVENT_OVERLAP,NCCL,C0_DEFAULT,2048,2048,2048,16,11,1048576,62,0,3189.600,3469.536,3738.784,269.248,PASS,0
PHASEB_formal_r1_C0_DEFAULT_N2048_q16_rep5,1,4,1,sm_89,R1_EVENT_OVERLAP,NCCL,C0_DEFAULT,2048,2048,2048,16,12,1048576,62,0,3482.944,3742.048,4051.136,309.088,PASS,0
PHASEB_formal_r1_C0_DEFAULT_N2048_q16_rep5,1,4,1,sm_89,R1_EVENT_OVERLAP,NCCL,C0_DEFAULT,2048,2048,2048,16,13,1048576,62,0,3799.136,4054.368,4359.296,304.928,PASS,0
PHASEB_formal_r1_C0_DEFAULT_N2048_q16_rep5,1,4,1,sm_89,R1_EVENT_OVERLAP,NCCL,C0_DEFAULT,2048,2048,2048,16,14,1048576,62,0,4081.568,4362.720,4658.976,296.256,PASS,0
PHASEB_formal_r1_C0_DEFAULT_N2048_q16_rep5,1,4,1,sm_89,R1_EVENT_OVERLAP,NCCL,C0_DEFAULT,2048,2048,2048,16,15,1048576,62,0,4399.488,4662.560,4919.968,257.408,PASS,0
PHASEB_formal_r1_C0_DEFAULT_N2048_q16_rep5,1,4,1,sm_89,R1_EVENT_OVERLAP,NCCL,C0_DEFAULT,2048,2048,2048,16,0,1048576,63,0,129.792,136.064,451.424,315.360,PASS,0
PHASEB_formal_r1_C0_DEFAULT_N2048_q16_rep5,1,4,1,sm_89,R1_EVENT_OVERLAP,NCCL,C0_DEFAULT,2048,2048,2048,16,1,1048576,63,0,202.208,455.200,771.360,316.160,PASS,0
PHASEB_formal_r1_C0_DEFAULT_N2048_q16_rep5,1,4,1,sm_89,R1_EVENT_OVERLAP,NCCL,C0_DEFAULT,2048,2048,2048,16,2,1048576,63,0,428.160,774.624,1108.960,334.336,PASS,0
PHASEB_formal_r1_C0_DEFAULT_N2048_q16_rep5,1,4,1,sm_89,R1_EVENT_OVERLAP,NCCL,C0_DEFAULT,2048,2048,2048,16,3,1048576,63,0,520.960,1112.736,1422.624,309.888,PASS,0
PHASEB_formal_r1_C0_DEFAULT_N2048_q16_rep5,1,4,1,sm_89,R1_EVENT_OVERLAP,NCCL,C0_DEFAULT,2048,2048,2048,16,4,1048576,63,0,745.984,1425.888,1732.960,307.072,PASS,0
PHASEB_formal_r1_C0_DEFAULT_N2048_q16_rep5,1,4,1,sm_89,R1_EVENT_OVERLAP,NCCL,C0_DEFAULT,2048,2048,2048,16,5,1048576,63,0,834.720,1736.224,2042.560,306.336,PASS,0
PHASEB_formal_r1_C0_DEFAULT_N2048_q16_rep5,1,4,1,sm_89,R1_EVENT_OVERLAP,NCCL,C0_DEFAULT,2048,2048,2048,16,6,1048576,63,0,1062.048,2046.208,2352.544,306.336,PASS,0
PHASEB_formal_r1_C0_DEFAULT_N2048_q16_rep5,1,4,1,sm_89,R1_EVENT_OVERLAP,NCCL,C0_DEFAULT,2048,2048,2048,16,7,1048576,63,0,1143.520,2355.808,2692.448,336.640,PASS,0
PHASEB_formal_r1_C0_DEFAULT_N2048_q16_rep5,1,4,1,sm_89,R1_EVENT_OVERLAP,NCCL,C0_DEFAULT,2048,2048,2048,16,8,1048576,63,0,1384.384,2696.128,3033.632,337.504,PASS,0
PHASEB_formal_r1_C0_DEFAULT_N2048_q16_rep5,1,4,1,sm_89,R1_EVENT_OVERLAP,NCCL,C0_DEFAULT,2048,2048,2048,16,9,1048576,63,0,1707.616,3036.928,3341.568,304.640,PASS,0
PHASEB_formal_r1_C0_DEFAULT_N2048_q16_rep5,1,4,1,sm_89,R1_EVENT_OVERLAP,NCCL,C0_DEFAULT,2048,2048,2048,16,10,1048576,63,0,1984.736,3344.832,3650.240,305.408,PASS,0
PHASEB_formal_r1_C0_DEFAULT_N2048_q16_rep5,1,4,1,sm_89,R1_EVENT_OVERLAP,NCCL,C0_DEFAULT,2048,2048,2048,16,11,1048576,63,0,2295.264,3653.568,3913.280,259.712,PASS,0
PHASEB_formal_r1_C0_DEFAULT_N2048_q16_rep5,1,4,1,sm_89,R1_EVENT_OVERLAP,NCCL,C0_DEFAULT,2048,2048,2048,16,12,1048576,63,0,2576.384,3916.640,4176.064,259.424,PASS,0
PHASEB_formal_r1_C0_DEFAULT_N2048_q16_rep5,1,4,1,sm_89,R1_EVENT_OVERLAP,NCCL,C0_DEFAULT,2048,2048,2048,16,13,1048576,63,0,2889.568,4179.424,4438.592,259.168,PASS,0
PHASEB_formal_r1_C0_DEFAULT_N2048_q16_rep5,1,4,1,sm_89,R1_EVENT_OVERLAP,NCCL,C0_DEFAULT,2048,2048,2048,16,14,1048576,63,0,3170.560,4441.952,4700.128,258.176,PASS,0
PHASEB_formal_r1_C0_DEFAULT_N2048_q16_rep5,1,4,1,sm_89,R1_EVENT_OVERLAP,NCCL,C0_DEFAULT,2048,2048,2048,16,15,1048576,63,0,3487.200,4703.488,4961.632,258.144,PASS,0
PHASEB_formal_r1_C0_DEFAULT_N2048_q16_rep5,1,4,1,sm_89,R1_EVENT_OVERLAP,NCCL,C0_DEFAULT,2048,2048,2048,16,0,1048576,64,0,122.976,130.112,445.952,315.840,PASS,0
PHASEB_formal_r1_C0_DEFAULT_N2048_q16_rep5,1,4,1,sm_89,R1_EVENT_OVERLAP,NCCL,C0_DEFAULT,2048,2048,2048,16,1,1048576,64,0,198.784,449.312,763.392,314.080,PASS,0
PHASEB_formal_r1_C0_DEFAULT_N2048_q16_rep5,1,4,1,sm_89,R1_EVENT_OVERLAP,NCCL,C0_DEFAULT,2048,2048,2048,16,2,1048576,64,0,438.432,766.656,1034.016,267.360,PASS,0
PHASEB_formal_r1_C0_DEFAULT_N2048_q16_rep5,1,4,1,sm_89,R1_EVENT_OVERLAP,NCCL,C0_DEFAULT,2048,2048,2048,16,3,1048576,64,0,772.800,1037.856,1345.248,307.392,PASS,0
PHASEB_formal_r1_C0_DEFAULT_N2048_q16_rep5,1,4,1,sm_89,R1_EVENT_OVERLAP,NCCL,C0_DEFAULT,2048,2048,2048,16,4,1048576,64,0,1080.160,1348.576,1619.680,271.104,PASS,0
PHASEB_formal_r1_C0_DEFAULT_N2048_q16_rep5,1,4,1,sm_89,R1_EVENT_OVERLAP,NCCL,C0_DEFAULT,2048,2048,2048,16,5,1048576,64,0,1355.264,1622.912,1934.080,311.168,PASS,0
PHASEB_formal_r1_C0_DEFAULT_N2048_q16_rep5,1,4,1,sm_89,R1_EVENT_OVERLAP,NCCL,C0_DEFAULT,2048,2048,2048,16,6,1048576,64,0,1681.216,1937.536,2242.624,305.088,PASS,0
PHASEB_formal_r1_C0_DEFAULT_N2048_q16_rep5,1,4,1,sm_89,R1_EVENT_OVERLAP,NCCL,C0_DEFAULT,2048,2048,2048,16,7,1048576,64,0,1952.480,2246.080,2552.512,306.432,PASS,0
PHASEB_formal_r1_C0_DEFAULT_N2048_q16_rep5,1,4,1,sm_89,R1_EVENT_OVERLAP,NCCL,C0_DEFAULT,2048,2048,2048,16,8,1048576,64,0,2269.152,2555.968,2828.224,272.256,PASS,0
PHASEB_formal_r1_C0_DEFAULT_N2048_q16_rep5,1,4,1,sm_89,R1_EVENT_OVERLAP,NCCL,C0_DEFAULT,2048,2048,2048,16,9,1048576,64,0,2568.704,2831.488,3139.904,308.416,PASS,0
PHASEB_formal_r1_C0_DEFAULT_N2048_q16_rep5,1,4,1,sm_89,R1_EVENT_OVERLAP,NCCL,C0_DEFAULT,2048,2048,2048,16,10,1048576,64,0,2879.200,3143.136,3412.768,269.632,PASS,0
PHASEB_formal_r1_C0_DEFAULT_N2048_q16_rep5,1,4,1,sm_89,R1_EVENT_OVERLAP,NCCL,C0_DEFAULT,2048,2048,2048,16,11,1048576,64,0,3168.992,3416.064,3724.768,308.704,PASS,0
PHASEB_formal_r1_C0_DEFAULT_N2048_q16_rep5,1,4,1,sm_89,R1_EVENT_OVERLAP,NCCL,C0_DEFAULT,2048,2048,2048,16,12,1048576,64,0,3484.064,3728.160,4037.792,309.632,PASS,0
PHASEB_formal_r1_C0_DEFAULT_N2048_q16_rep5,1,4,1,sm_89,R1_EVENT_OVERLAP,NCCL,C0_DEFAULT,2048,2048,2048,16,13,1048576,64,0,3768.608,4041.056,4347.488,306.432,PASS,0
PHASEB_formal_r1_C0_DEFAULT_N2048_q16_rep5,1,4,1,sm_89,R1_EVENT_OVERLAP,NCCL,C0_DEFAULT,2048,2048,2048,16,14,1048576,64,0,4079.552,4351.072,4609.984,258.912,PASS,0
PHASEB_formal_r1_C0_DEFAULT_N2048_q16_rep5,1,4,1,sm_89,R1_EVENT_OVERLAP,NCCL,C0_DEFAULT,2048,2048,2048,16,15,1048576,64,0,4357.056,4613.312,4871.552,258.240,PASS,0
PHASEB_formal_r1_C0_DEFAULT_N2048_q16_rep5,1,4,1,sm_89,R1_EVENT_OVERLAP,NCCL,C0_DEFAULT,2048,2048,2048,16,0,1048576,65,0,132.416,138.784,454.880,316.096,PASS,0
PHASEB_formal_r1_C0_DEFAULT_N2048_q16_rep5,1,4,1,sm_89,R1_EVENT_OVERLAP,NCCL,C0_DEFAULT,2048,2048,2048,16,1,1048576,65,0,206.112,458.304,766.592,308.288,PASS,0
PHASEB_formal_r1_C0_DEFAULT_N2048_q16_rep5,1,4,1,sm_89,R1_EVENT_OVERLAP,NCCL,C0_DEFAULT,2048,2048,2048,16,2,1048576,65,0,449.120,769.984,1045.152,275.168,PASS,0
PHASEB_formal_r1_C0_DEFAULT_N2048_q16_rep5,1,4,1,sm_89,R1_EVENT_OVERLAP,NCCL,C0_DEFAULT,2048,2048,2048,16,3,1048576,65,0,776.288,1049.312,1362.496,313.184,PASS,0
PHASEB_formal_r1_C0_DEFAULT_N2048_q16_rep5,1,4,1,sm_89,R1_EVENT_OVERLAP,NCCL,C0_DEFAULT,2048,2048,2048,16,4,1048576,65,0,1082.272,1365.888,1641.824,275.936,PASS,0
PHASEB_formal_r1_C0_DEFAULT_N2048_q16_rep5,1,4,1,sm_89,R1_EVENT_OVERLAP,NCCL,C0_DEFAULT,2048,2048,2048,16,5,1048576,65,0,1372.384,1645.120,1953.920,308.800,PASS,0
PHASEB_formal_r1_C0_DEFAULT_N2048_q16_rep5,1,4,1,sm_89,R1_EVENT_OVERLAP,NCCL,C0_DEFAULT,2048,2048,2048,16,6,1048576,65,0,1678.272,1957.472,2231.456,273.984,PASS,0
PHASEB_formal_r1_C0_DEFAULT_N2048_q16_rep5,1,4,1,sm_89,R1_EVENT_OVERLAP,NCCL,C0_DEFAULT,2048,2048,2048,16,7,1048576,65,0,1963.584,2234.624,2545.696,311.072,PASS,0
PHASEB_formal_r1_C0_DEFAULT_N2048_q16_rep5,1,4,1,sm_89,R1_EVENT_OVERLAP,NCCL,C0_DEFAULT,2048,2048,2048,16,8,1048576,65,0,2274.176,2548.960,2862.688,313.728,PASS,0
PHASEB_formal_r1_C0_DEFAULT_N2048_q16_rep5,1,4,1,sm_89,R1_EVENT_OVERLAP,NCCL,C0_DEFAULT,2048,2048,2048,16,9,1048576,65,0,2500.160,2866.784,3138.144,271.360,PASS,0
PHASEB_formal_r1_C0_DEFAULT_N2048_q16_rep5,1,4,1,sm_89,R1_EVENT_OVERLAP,NCCL,C0_DEFAULT,2048,2048,2048,16,10,1048576,65,0,2684.416,3141.568,3452.000,310.432,PASS,0
PHASEB_formal_r1_C0_DEFAULT_N2048_q16_rep5,1,4,1,sm_89,R1_EVENT_OVERLAP,NCCL,C0_DEFAULT,2048,2048,2048,16,11,1048576,65,0,2873.344,3455.360,3721.824,266.464,PASS,0
PHASEB_formal_r1_C0_DEFAULT_N2048_q16_rep5,1,4,1,sm_89,R1_EVENT_OVERLAP,NCCL,C0_DEFAULT,2048,2048,2048,16,12,1048576,65,0,3182.752,3725.856,4040.160,314.304,PASS,0
PHASEB_formal_r1_C0_DEFAULT_N2048_q16_rep5,1,4,1,sm_89,R1_EVENT_OVERLAP,NCCL,C0_DEFAULT,2048,2048,2048,16,13,1048576,65,0,3464.992,4043.584,4303.360,259.776,PASS,0
PHASEB_formal_r1_C0_DEFAULT_N2048_q16_rep5,1,4,1,sm_89,R1_EVENT_OVERLAP,NCCL,C0_DEFAULT,2048,2048,2048,16,14,1048576,65,0,3779.808,4306.688,4565.152,258.464,PASS,0
PHASEB_formal_r1_C0_DEFAULT_N2048_q16_rep5,1,4,1,sm_89,R1_EVENT_OVERLAP,NCCL,C0_DEFAULT,2048,2048,2048,16,15,1048576,65,0,4058.336,4568.480,4827.392,258.912,PASS,0
PHASEB_formal_r1_C0_DEFAULT_N2048_q16_rep5,1,4,1,sm_89,R1_EVENT_OVERLAP,NCCL,C0_DEFAULT,2048,2048,2048,16,0,1048576,66,0,129.600,135.840,440.512,304.672,PASS,0
PHASEB_formal_r1_C0_DEFAULT_N2048_q16_rep5,1,4,1,sm_89,R1_EVENT_OVERLAP,NCCL,C0_DEFAULT,2048,2048,2048,16,1,1048576,66,0,203.968,443.776,754.656,310.880,PASS,0
PHASEB_formal_r1_C0_DEFAULT_N2048_q16_rep5,1,4,1,sm_89,R1_EVENT_OVERLAP,NCCL,C0_DEFAULT,2048,2048,2048,16,2,1048576,66,0,431.008,758.272,1072.320,314.048,PASS,0
PHASEB_formal_r1_C0_DEFAULT_N2048_q16_rep5,1,4,1,sm_89,R1_EVENT_OVERLAP,NCCL,C0_DEFAULT,2048,2048,2048,16,3,1048576,66,0,521.760,1075.552,1383.104,307.552,PASS,0
PHASEB_formal_r1_C0_DEFAULT_N2048_q16_rep5,1,4,1,sm_89,R1_EVENT_OVERLAP,NCCL,C0_DEFAULT,2048,2048,2048,16,4,1048576,66,0,747.808,1386.848,1656.512,269.664,PASS,0
PHASEB_formal_r1_C0_DEFAULT_N2048_q16_rep5,1,4,1,sm_89,R1_EVENT_OVERLAP,NCCL,C0_DEFAULT,2048,2048,2048,16,5,1048576,66,0,821.408,1659.936,1969.280,309.344,PASS,0
PHASEB_formal_r1_C0_DEFAULT_N2048_q16_rep5,1,4,1,sm_89,R1_EVENT_OVERLAP,NCCL,C0_DEFAULT,2048,2048,2048,16,6,1048576,66,0,1046.912,1972.704,2291.584,318.880,PASS,0
PHASEB_formal_r1_C0_DEFAULT_N2048_q16_rep5,1,4,1,sm_89,R1_EVENT_OVERLAP,NCCL,C0_DEFAULT,2048,2048,2048,16,7,1048576,66,0,1134.624,2295.520,2571.136,275.616,PASS,0
PHASEB_formal_r1_C0_DEFAULT_N2048_q16_rep5,1,4,1,sm_89,R1_EVENT_OVERLAP,NCCL,C0_DEFAULT,2048,2048,2048,16,8,1048576,66,0,1395.232,2574.688,2884.128,309.440,PASS,0
PHASEB_formal_r1_C0_DEFAULT_N2048_q16_rep5,1,4,1,sm_89,R1_EVENT_OVERLAP,NCCL,C0_DEFAULT,2048,2048,2048,16,9,1048576,66,0,1704.160,2887.424,3194.816,307.392,PASS,0
PHASEB_formal_r1_C0_DEFAULT_N2048_q16_rep5,1,4,1,sm_89,R1_EVENT_OVERLAP,NCCL,C0_DEFAULT,2048,2048,2048,16,10,1048576,66,0,1991.456,3198.144,3473.344,275.200,PASS,0
PHASEB_formal_r1_C0_DEFAULT_N2048_q16_rep5,1,4,1,sm_89,R1_EVENT_OVERLAP,NCCL,C0_DEFAULT,2048,2048,2048,16,11,1048576,66,0,2307.520,3476.800,3773.248,296.448,PASS,0
PHASEB_formal_r1_C0_DEFAULT_N2048_q16_rep5,1,4,1,sm_89,R1_EVENT_OVERLAP,NCCL,C0_DEFAULT,2048,2048,2048,16,12,1048576,66,0,2612.800,3776.576,4036.096,259.520,PASS,0
PHASEB_formal_r1_C0_DEFAULT_N2048_q16_rep5,1,4,1,sm_89,R1_EVENT_OVERLAP,NCCL,C0_DEFAULT,2048,2048,2048,16,13,1048576,66,0,2910.048,4039.424,4297.664,258.240,PASS,0
PHASEB_formal_r1_C0_DEFAULT_N2048_q16_rep5,1,4,1,sm_89,R1_EVENT_OVERLAP,NCCL,C0_DEFAULT,2048,2048,2048,16,14,1048576,66,0,3204.384,4301.088,4560.096,259.008,PASS,0
PHASEB_formal_r1_C0_DEFAULT_N2048_q16_rep5,1,4,1,sm_89,R1_EVENT_OVERLAP,NCCL,C0_DEFAULT,2048,2048,2048,16,15,1048576,66,0,3512.768,4563.392,4820.992,257.600,PASS,0
PHASEB_formal_r1_C0_DEFAULT_N2048_q16_rep5,1,4,1,sm_89,R1_EVENT_OVERLAP,NCCL,C0_DEFAULT,2048,2048,2048,16,0,1048576,67,0,124.896,131.424,447.232,315.808,PASS,0
PHASEB_formal_r1_C0_DEFAULT_N2048_q16_rep5,1,4,1,sm_89,R1_EVENT_OVERLAP,NCCL,C0_DEFAULT,2048,2048,2048,16,1,1048576,67,0,198.336,450.656,757.600,306.944,PASS,0
PHASEB_formal_r1_C0_DEFAULT_N2048_q16_rep5,1,4,1,sm_89,R1_EVENT_OVERLAP,NCCL,C0_DEFAULT,2048,2048,2048,16,2,1048576,67,0,423.456,760.992,1076.416,315.424,PASS,0
PHASEB_formal_r1_C0_DEFAULT_N2048_q16_rep5,1,4,1,sm_89,R1_EVENT_OVERLAP,NCCL,C0_DEFAULT,2048,2048,2048,16,3,1048576,67,0,503.520,1079.904,1389.024,309.120,PASS,0
PHASEB_formal_r1_C0_DEFAULT_N2048_q16_rep5,1,4,1,sm_89,R1_EVENT_OVERLAP,NCCL,C0_DEFAULT,2048,2048,2048,16,4,1048576,67,0,730.016,1392.512,1663.424,270.912,PASS,0
PHASEB_formal_r1_C0_DEFAULT_N2048_q16_rep5,1,4,1,sm_89,R1_EVENT_OVERLAP,NCCL,C0_DEFAULT,2048,2048,2048,16,5,1048576,67,0,821.888,1667.008,1982.464,315.456,PASS,0
PHASEB_formal_r1_C0_DEFAULT_N2048_q16_rep5,1,4,1,sm_89,R1_EVENT_OVERLAP,NCCL,C0_DEFAULT,2048,2048,2048,16,6,1048576,67,0,1049.632,1985.952,2289.856,303.904,PASS,0
PHASEB_formal_r1_C0_DEFAULT_N2048_q16_rep5,1,4,1,sm_89,R1_EVENT_OVERLAP,NCCL,C0_DEFAULT,2048,2048,2048,16,7,1048576,67,0,1399.072,2293.088,2600.608,307.520,PASS,0
PHASEB_formal_r1_C0_DEFAULT_N2048_q16_rep5,1,4,1,sm_89,R1_EVENT_OVERLAP,NCCL,C0_DEFAULT,2048,2048,2048,16,8,1048576,67,0,1704.256,2604.288,2880.288,276.000,PASS,0
PHASEB_formal_r1_C0_DEFAULT_N2048_q16_rep5,1,4,1,sm_89,R1_EVENT_OVERLAP,NCCL,C0_DEFAULT,2048,2048,2048,16,9,1048576,67,0,2003.968,2883.616,3198.912,315.296,PASS,0
PHASEB_formal_r1_C0_DEFAULT_N2048_q16_rep5,1,4,1,sm_89,R1_EVENT_OVERLAP,NCCL,C0_DEFAULT,2048,2048,2048,16,10,1048576,67,0,2313.216,3202.400,3474.112,271.712,PASS,0
PHASEB_formal_r1_C0_DEFAULT_N2048_q16_rep5,1,4,1,sm_89,R1_EVENT_OVERLAP,NCCL,C0_DEFAULT,2048,2048,2048,16,11,1048576,67,0,2610.720,3477.408,3785.120,307.712,PASS,0
PHASEB_formal_r1_C0_DEFAULT_N2048_q16_rep5,1,4,1,sm_89,R1_EVENT_OVERLAP,NCCL,C0_DEFAULT,2048,2048,2048,16,12,1048576,67,0,2920.000,3788.480,4047.072,258.592,PASS,0
PHASEB_formal_r1_C0_DEFAULT_N2048_q16_rep5,1,4,1,sm_89,R1_EVENT_OVERLAP,NCCL,C0_DEFAULT,2048,2048,2048,16,13,1048576,67,0,3208.544,4050.464,4309.376,258.912,PASS,0
PHASEB_formal_r1_C0_DEFAULT_N2048_q16_rep5,1,4,1,sm_89,R1_EVENT_OVERLAP,NCCL,C0_DEFAULT,2048,2048,2048,16,14,1048576,67,0,3514.752,4312.704,4571.488,258.784,PASS,0
PHASEB_formal_r1_C0_DEFAULT_N2048_q16_rep5,1,4,1,sm_89,R1_EVENT_OVERLAP,NCCL,C0_DEFAULT,2048,2048,2048,16,15,1048576,67,0,3794.624,4574.816,4833.728,258.912,PASS,0
PHASEB_formal_r1_C0_DEFAULT_N2048_q16_rep5,1,4,1,sm_89,R1_EVENT_OVERLAP,NCCL,C0_DEFAULT,2048,2048,2048,16,0,1048576,68,0,123.296,130.208,449.760,319.552,PASS,0
PHASEB_formal_r1_C0_DEFAULT_N2048_q16_rep5,1,4,1,sm_89,R1_EVENT_OVERLAP,NCCL,C0_DEFAULT,2048,2048,2048,16,1,1048576,68,0,209.632,453.216,758.432,305.216,PASS,0
PHASEB_formal_r1_C0_DEFAULT_N2048_q16_rep5,1,4,1,sm_89,R1_EVENT_OVERLAP,NCCL,C0_DEFAULT,2048,2048,2048,16,2,1048576,68,0,442.016,761.824,1031.840,270.016,PASS,0
PHASEB_formal_r1_C0_DEFAULT_N2048_q16_rep5,1,4,1,sm_89,R1_EVENT_OVERLAP,NCCL,C0_DEFAULT,2048,2048,2048,16,3,1048576,68,0,768.928,1035.136,1344.064,308.928,PASS,0
PHASEB_formal_r1_C0_DEFAULT_N2048_q16_rep5,1,4,1,sm_89,R1_EVENT_OVERLAP,NCCL,C0_DEFAULT,2048,2048,2048,16,4,1048576,68,0,1071.744,1347.424,1619.168,271.744,PASS,0
PHASEB_formal_r1_C0_DEFAULT_N2048_q16_rep5,1,4,1,sm_89,R1_EVENT_OVERLAP,NCCL,C0_DEFAULT,2048,2048,2048,16,5,1048576,68,0,1361.184,1622.400,1927.424,305.024,PASS,0
PHASEB_formal_r1_C0_DEFAULT_N2048_q16_rep5,1,4,1,sm_89,R1_EVENT_OVERLAP,NCCL,C0_DEFAULT,2048,2048,2048,16,6,1048576,68,0,1673.696,1931.008,2241.472,310.464,PASS,0
PHASEB_formal_r1_C0_DEFAULT_N2048_q16_rep5,1,4,1,sm_89,R1_EVENT_OVERLAP,NCCL,C0_DEFAULT,2048,2048,2048,16,7,1048576,68,0,1973.280,2244.704,2555.296,310.592,PASS,0
PHASEB_formal_r1_C0_DEFAULT_N2048_q16_rep5,1,4,1,sm_89,R1_EVENT_OVERLAP,NCCL,C0_DEFAULT,2048,2048,2048,16,8,1048576,68,0,2281.728,2558.688,2833.408,274.720,PASS,0
PHASEB_formal_r1_C0_DEFAULT_N2048_q16_rep5,1,4,1,sm_89,R1_EVENT_OVERLAP,NCCL,C0_DEFAULT,2048,2048,2048,16,9,1048576,68,0,2564.832,2836.768,3145.248,308.480,PASS,0
PHASEB_formal_r1_C0_DEFAULT_N2048_q16_rep5,1,4,1,sm_89,R1_EVENT_OVERLAP,NCCL,C0_DEFAULT,2048,2048,2048,16,10,1048576,68,0,2870.528,3148.544,3421.984,273.440,PASS,0
PHASEB_formal_r1_C0_DEFAULT_N2048_q16_rep5,1,4,1,sm_89,R1_EVENT_OVERLAP,NCCL,C0_DEFAULT,2048,2048,2048,16,11,1048576,68,0,3154.784,3429.888,3740.384,310.496,PASS,0
PHASEB_formal_r1_C0_DEFAULT_N2048_q16_rep5,1,4,1,sm_89,R1_EVENT_OVERLAP,NCCL,C0_DEFAULT,2048,2048,2048,16,12,1048576,68,0,3470.624,3743.872,4014.336,270.464,PASS,0
PHASEB_formal_r1_C0_DEFAULT_N2048_q16_rep5,1,4,1,sm_89,R1_EVENT_OVERLAP,NCCL,C0_DEFAULT,2048,2048,2048,16,13,1048576,68,0,3750.528,4017.664,4323.648,305.984,PASS,0
PHASEB_formal_r1_C0_DEFAULT_N2048_q16_rep5,1,4,1,sm_89,R1_EVENT_OVERLAP,NCCL,C0_DEFAULT,2048,2048,2048,16,14,1048576,68,0,4068.576,4326.976,4624.736,297.760,PASS,0
PHASEB_formal_r1_C0_DEFAULT_N2048_q16_rep5,1,4,1,sm_89,R1_EVENT_OVERLAP,NCCL,C0_DEFAULT,2048,2048,2048,16,15,1048576,68,0,4351.840,4628.064,4885.760,257.696,PASS,0
PHASEB_formal_r1_C0_DEFAULT_N2048_q16_rep5,1,4,1,sm_89,R1_EVENT_OVERLAP,NCCL,C0_DEFAULT,2048,2048,2048,16,0,1048576,69,0,122.944,128.896,432.032,303.136,PASS,0
PHASEB_formal_r1_C0_DEFAULT_N2048_q16_rep5,1,4,1,sm_89,R1_EVENT_OVERLAP,NCCL,C0_DEFAULT,2048,2048,2048,16,1,1048576,69,0,197.408,435.520,738.880,303.360,PASS,0
PHASEB_formal_r1_C0_DEFAULT_N2048_q16_rep5,1,4,1,sm_89,R1_EVENT_OVERLAP,NCCL,C0_DEFAULT,2048,2048,2048,16,2,1048576,69,0,422.336,742.144,1019.456,277.312,PASS,0
PHASEB_formal_r1_C0_DEFAULT_N2048_q16_rep5,1,4,1,sm_89,R1_EVENT_OVERLAP,NCCL,C0_DEFAULT,2048,2048,2048,16,3,1048576,69,0,514.112,1022.656,1329.888,307.232,PASS,0
PHASEB_formal_r1_C0_DEFAULT_N2048_q16_rep5,1,4,1,sm_89,R1_EVENT_OVERLAP,NCCL,C0_DEFAULT,2048,2048,2048,16,4,1048576,69,0,748.288,1333.056,1638.432,305.376,PASS,0
PHASEB_formal_r1_C0_DEFAULT_N2048_q16_rep5,1,4,1,sm_89,R1_EVENT_OVERLAP,NCCL,C0_DEFAULT,2048,2048,2048,16,5,1048576,69,0,1056.960,1641.760,1912.992,271.232,PASS,0
PHASEB_formal_r1_C0_DEFAULT_N2048_q16_rep5,1,4,1,sm_89,R1_EVENT_OVERLAP,NCCL,C0_DEFAULT,2048,2048,2048,16,6,1048576,69,0,1372.704,1916.576,2225.568,308.992,PASS,0
PHASEB_formal_r1_C0_DEFAULT_N2048_q16_rep5,1,4,1,sm_89,R1_EVENT_OVERLAP,NCCL,C0_DEFAULT,2048,2048,2048,16,7,1048576,69,0,1651.200,2229.024,2540.128,311.104,PASS,0
PHASEB_formal_r1_C0_DEFAULT_N2048_q16_rep5,1,4,1,sm_89,R1_EVENT_OVERLAP,NCCL,C0_DEFAULT,2048,2048,2048,16,8,1048576,69,0,1976.128,2544.192,2813.664,269.472,PASS,0
PHASEB_formal_r1_C0_DEFAULT_N2048_q16_rep5,1,4,1,sm_89,R1_EVENT_OVERLAP,NCCL,C0_DEFAULT,2048,2048,2048,16,9,1048576,69,0,2246.400,2816.928,3130.336,313.408,PASS,0
PHASEB_formal_r1_C0_DEFAULT_N2048_q16_rep5,1,4,1,sm_89,R1_EVENT_OVERLAP,NCCL,C0_DEFAULT,2048,2048,2048,16,10,1048576,69,0,2555.936,3133.728,3443.808,310.080,PASS,0
PHASEB_formal_r1_C0_DEFAULT_N2048_q16_rep5,1,4,1,sm_89,R1_EVENT_OVERLAP,NCCL,C0_DEFAULT,2048,2048,2048,16,11,1048576,69,0,2869.280,3447.104,3755.968,308.864,PASS,0
PHASEB_formal_r1_C0_DEFAULT_N2048_q16_rep5,1,4,1,sm_89,R1_EVENT_OVERLAP,NCCL,C0_DEFAULT,2048,2048,2048,16,12,1048576,69,0,3155.072,3759.232,4027.232,268.000,PASS,0
PHASEB_formal_r1_C0_DEFAULT_N2048_q16_rep5,1,4,1,sm_89,R1_EVENT_OVERLAP,NCCL,C0_DEFAULT,2048,2048,2048,16,13,1048576,69,0,3466.976,4030.656,4328.000,297.344,PASS,0
PHASEB_formal_r1_C0_DEFAULT_N2048_q16_rep5,1,4,1,sm_89,R1_EVENT_OVERLAP,NCCL,C0_DEFAULT,2048,2048,2048,16,14,1048576,69,0,3765.344,4331.360,4590.272,258.912,PASS,0
PHASEB_formal_r1_C0_DEFAULT_N2048_q16_rep5,1,4,1,sm_89,R1_EVENT_OVERLAP,NCCL,C0_DEFAULT,2048,2048,2048,16,15,1048576,69,0,4071.392,4593.600,4852.192,258.592,PASS,0
PHASEB_formal_r1_C0_DEFAULT_N2048_q16_rep5,1,4,1,sm_89,R1_EVENT_OVERLAP,NCCL,C0_DEFAULT,2048,2048,2048,16,0,1048576,70,0,128.736,134.976,441.024,306.048,PASS,0
PHASEB_formal_r1_C0_DEFAULT_N2048_q16_rep5,1,4,1,sm_89,R1_EVENT_OVERLAP,NCCL,C0_DEFAULT,2048,2048,2048,16,1,1048576,70,0,205.120,444.352,751.008,306.656,PASS,0
PHASEB_formal_r1_C0_DEFAULT_N2048_q16_rep5,1,4,1,sm_89,R1_EVENT_OVERLAP,NCCL,C0_DEFAULT,2048,2048,2048,16,2,1048576,70,0,429.632,754.304,1062.880,308.576,PASS,0
PHASEB_formal_r1_C0_DEFAULT_N2048_q16_rep5,1,4,1,sm_89,R1_EVENT_OVERLAP,NCCL,C0_DEFAULT,2048,2048,2048,16,3,1048576,70,0,515.488,1066.624,1344.544,277.920,PASS,0
PHASEB_formal_r1_C0_DEFAULT_N2048_q16_rep5,1,4,1,sm_89,R1_EVENT_OVERLAP,NCCL,C0_DEFAULT,2048,2048,2048,16,4,1048576,70,0,741.280,1348.032,1658.720,310.688,PASS,0
PHASEB_formal_r1_C0_DEFAULT_N2048_q16_rep5,1,4,1,sm_89,R1_EVENT_OVERLAP,NCCL,C0_DEFAULT,2048,2048,2048,16,5,1048576,70,0,832.288,1661.984,1935.968,273.984,PASS,0
PHASEB_formal_r1_C0_DEFAULT_N2048_q16_rep5,1,4,1,sm_89,R1_EVENT_OVERLAP,NCCL,C0_DEFAULT,2048,2048,2048,16,6,1048576,70,0,1073.536,1939.200,2246.432,307.232,PASS,0
PHASEB_formal_r1_C0_DEFAULT_N2048_q16_rep5,1,4,1,sm_89,R1_EVENT_OVERLAP,NCCL,C0_DEFAULT,2048,2048,2048,16,7,1048576,70,0,1381.312,2250.080,2517.600,267.520,PASS,0
PHASEB_formal_r1_C0_DEFAULT_N2048_q16_rep5,1,4,1,sm_89,R1_EVENT_OVERLAP,NCCL,C0_DEFAULT,2048,2048,2048,16,8,1048576,70,0,1668.064,2521.024,2827.264,306.240,PASS,0
PHASEB_formal_r1_C0_DEFAULT_N2048_q16_rep5,1,4,1,sm_89,R1_EVENT_OVERLAP,NCCL,C0_DEFAULT,2048,2048,2048,16,9,1048576,70,0,1975.904,2830.528,3140.608,310.080,PASS,0
PHASEB_formal_r1_C0_DEFAULT_N2048_q16_rep5,1,4,1,sm_89,R1_EVENT_OVERLAP,NCCL,C0_DEFAULT,2048,2048,2048,16,10,1048576,70,0,2257.664,3143.904,3452.064,308.160,PASS,0
PHASEB_formal_r1_C0_DEFAULT_N2048_q16_rep5,1,4,1,sm_89,R1_EVENT_OVERLAP,NCCL,C0_DEFAULT,2048,2048,2048,16,11,1048576,70,0,2571.424,3455.264,3725.888,270.624,PASS,0
PHASEB_formal_r1_C0_DEFAULT_N2048_q16_rep5,1,4,1,sm_89,R1_EVENT_OVERLAP,NCCL,C0_DEFAULT,2048,2048,2048,16,12,1048576,70,0,2856.768,3729.152,4026.144,296.992,PASS,0
PHASEB_formal_r1_C0_DEFAULT_N2048_q16_rep5,1,4,1,sm_89,R1_EVENT_OVERLAP,NCCL,C0_DEFAULT,2048,2048,2048,16,13,1048576,70,0,3165.120,4029.472,4288.320,258.848,PASS,0
PHASEB_formal_r1_C0_DEFAULT_N2048_q16_rep5,1,4,1,sm_89,R1_EVENT_OVERLAP,NCCL,C0_DEFAULT,2048,2048,2048,16,14,1048576,70,0,3461.344,4291.680,4551.584,259.904,PASS,0
PHASEB_formal_r1_C0_DEFAULT_N2048_q16_rep5,1,4,1,sm_89,R1_EVENT_OVERLAP,NCCL,C0_DEFAULT,2048,2048,2048,16,15,1048576,70,0,3768.096,4554.944,4812.256,257.312,PASS,0
PHASEB_formal_r1_C0_DEFAULT_N2048_q16_rep5,1,4,1,sm_89,R1_EVENT_OVERLAP,NCCL,C0_DEFAULT,2048,2048,2048,16,0,1048576,71,0,119.488,126.272,431.776,305.504,PASS,0
PHASEB_formal_r1_C0_DEFAULT_N2048_q16_rep5,1,4,1,sm_89,R1_EVENT_OVERLAP,NCCL,C0_DEFAULT,2048,2048,2048,16,1,1048576,71,0,193.024,435.264,746.112,310.848,PASS,0
PHASEB_formal_r1_C0_DEFAULT_N2048_q16_rep5,1,4,1,sm_89,R1_EVENT_OVERLAP,NCCL,C0_DEFAULT,2048,2048,2048,16,2,1048576,71,0,420.448,749.600,1058.784,309.184,PASS,0
PHASEB_formal_r1_C0_DEFAULT_N2048_q16_rep5,1,4,1,sm_89,R1_EVENT_OVERLAP,NCCL,C0_DEFAULT,2048,2048,2048,16,3,1048576,71,0,494.432,1062.656,1336.416,273.760,PASS,0
PHASEB_formal_r1_C0_DEFAULT_N2048_q16_rep5,1,4,1,sm_89,R1_EVENT_OVERLAP,NCCL,C0_DEFAULT,2048,2048,2048,16,4,1048576,71,0,721.216,1340.160,1657.184,317.024,PASS,0
PHASEB_formal_r1_C0_DEFAULT_N2048_q16_rep5,1,4,1,sm_89,R1_EVENT_OVERLAP,NCCL,C0_DEFAULT,2048,2048,2048,16,5,1048576,71,0,829.024,1660.672,1937.312,276.640,PASS,0
PHASEB_formal_r1_C0_DEFAULT_N2048_q16_rep5,1,4,1,sm_89,R1_EVENT_OVERLAP,NCCL,C0_DEFAULT,2048,2048,2048,16,6,1048576,71,0,1068.992,1941.376,2250.336,308.960,PASS,0
PHASEB_formal_r1_C0_DEFAULT_N2048_q16_rep5,1,4,1,sm_89,R1_EVENT_OVERLAP,NCCL,C0_DEFAULT,2048,2048,2048,16,7,1048576,71,0,1377.888,2253.792,2541.792,288.000,PASS,0
PHASEB_formal_r1_C0_DEFAULT_N2048_q16_rep5,1,4,1,sm_89,R1_EVENT_OVERLAP,NCCL,C0_DEFAULT,2048,2048,2048,16,8,1048576,71,0,1666.912,2545.344,2853.536,308.192,PASS,0
PHASEB_formal_r1_C0_DEFAULT_N2048_q16_rep5,1,4,1,sm_89,R1_EVENT_OVERLAP,NCCL,C0_DEFAULT,2048,2048,2048,16,9,1048576,71,0,1979.584,2857.312,3128.128,270.816,PASS,0
PHASEB_formal_r1_C0_DEFAULT_N2048_q16_rep5,1,4,1,sm_89,R1_EVENT_OVERLAP,NCCL,C0_DEFAULT,2048,2048,2048,16,10,1048576,71,0,2259.840,3132.416,3444.672,312.256,PASS,0
PHASEB_formal_r1_C0_DEFAULT_N2048_q16_rep5,1,4,1,sm_89,R1_EVENT_OVERLAP,NCCL,C0_DEFAULT,2048,2048,2048,16,11,1048576,71,0,2568.864,3448.000,3718.720,270.720,PASS,0
PHASEB_formal_r1_C0_DEFAULT_N2048_q16_rep5,1,4,1,sm_89,R1_EVENT_OVERLAP,NCCL,C0_DEFAULT,2048,2048,2048,16,12,1048576,71,0,2863.616,3722.048,4019.360,297.312,PASS,0
PHASEB_formal_r1_C0_DEFAULT_N2048_q16_rep5,1,4,1,sm_89,R1_EVENT_OVERLAP,NCCL,C0_DEFAULT,2048,2048,2048,16,13,1048576,71,0,3172.032,4022.688,4282.240,259.552,PASS,0
PHASEB_formal_r1_C0_DEFAULT_N2048_q16_rep5,1,4,1,sm_89,R1_EVENT_OVERLAP,NCCL,C0_DEFAULT,2048,2048,2048,16,14,1048576,71,0,3454.112,4285.568,4544.480,258.912,PASS,0
PHASEB_formal_r1_C0_DEFAULT_N2048_q16_rep5,1,4,1,sm_89,R1_EVENT_OVERLAP,NCCL,C0_DEFAULT,2048,2048,2048,16,15,1048576,71,0,3759.296,4548.096,4806.688,258.592,PASS,0
PHASEB_formal_r1_C0_DEFAULT_N2048_q16_rep5,1,4,1,sm_89,R1_EVENT_OVERLAP,NCCL,C0_DEFAULT,2048,2048,2048,16,0,1048576,72,0,120.608,127.008,439.328,312.320,PASS,0
PHASEB_formal_r1_C0_DEFAULT_N2048_q16_rep5,1,4,1,sm_89,R1_EVENT_OVERLAP,NCCL,C0_DEFAULT,2048,2048,2048,16,1,1048576,72,0,207.872,442.592,720.384,277.792,PASS,0
PHASEB_formal_r1_C0_DEFAULT_N2048_q16_rep5,1,4,1,sm_89,R1_EVENT_OVERLAP,NCCL,C0_DEFAULT,2048,2048,2048,16,2,1048576,72,0,449.472,723.648,1034.464,310.816,PASS,0
PHASEB_formal_r1_C0_DEFAULT_N2048_q16_rep5,1,4,1,sm_89,R1_EVENT_OVERLAP,NCCL,C0_DEFAULT,2048,2048,2048,16,3,1048576,72,0,762.784,1038.176,1344.896,306.720,PASS,0
PHASEB_formal_r1_C0_DEFAULT_N2048_q16_rep5,1,4,1,sm_89,R1_EVENT_OVERLAP,NCCL,C0_DEFAULT,2048,2048,2048,16,4,1048576,72,0,1075.200,1349.056,1655.744,306.688,PASS,0
PHASEB_formal_r1_C0_DEFAULT_N2048_q16_rep5,1,4,1,sm_89,R1_EVENT_OVERLAP,NCCL,C0_DEFAULT,2048,2048,2048,16,5,1048576,72,0,1363.552,1659.008,1970.016,311.008,PASS,0
PHASEB_formal_r1_C0_DEFAULT_N2048_q16_rep5,1,4,1,sm_89,R1_EVENT_OVERLAP,NCCL,C0_DEFAULT,2048,2048,2048,16,6,1048576,72,0,1677.696,1973.408,2244.608,271.200,PASS,0
PHASEB_formal_r1_C0_DEFAULT_N2048_q16_rep5,1,4,1,sm_89,R1_EVENT_OVERLAP,NCCL,C0_DEFAULT,2048,2048,2048,16,7,1048576,72,0,1982.176,2247.936,2558.304,310.368,PASS,0
PHASEB_formal_r1_C0_DEFAULT_N2048_q16_rep5,1,4,1,sm_89,R1_EVENT_OVERLAP,NCCL,C0_DEFAULT,2048,2048,2048,16,8,1048576,72,0,2289.216,2561.632,2869.696,308.064,PASS,0
PHASEB_formal_r1_C0_DEFAULT_N2048_q16_rep5,1,4,1,sm_89,R1_EVENT_OVERLAP,NCCL,C0_DEFAULT,2048,2048,2048,16,9,1048576,72,0,2583.712,2872.960,3183.296,310.336,PASS,0
PHASEB_formal_r1_C0_DEFAULT_N2048_q16_rep5,1,4,1,sm_89,R1_EVENT_OVERLAP,NCCL,C0_DEFAULT,2048,2048,2048,16,10,1048576,72,0,2895.296,3186.624,3464.832,278.208,PASS,0
PHASEB_formal_r1_C0_DEFAULT_N2048_q16_rep5,1,4,1,sm_89,R1_EVENT_OVERLAP,NCCL,C0_DEFAULT,2048,2048,2048,16,11,1048576,72,0,3192.704,3468.128,3775.008,306.880,PASS,0
PHASEB_formal_r1_C0_DEFAULT_N2048_q16_rep5,1,4,1,sm_89,R1_EVENT_OVERLAP,NCCL,C0_DEFAULT,2048,2048,2048,16,12,1048576,72,0,3501.856,3778.432,4051.712,273.280,PASS,0
PHASEB_formal_r1_C0_DEFAULT_N2048_q16_rep5,1,4,1,sm_89,R1_EVENT_OVERLAP,NCCL,C0_DEFAULT,2048,2048,2048,16,13,1048576,72,0,3786.816,4055.936,4362.976,307.040,PASS,0
PHASEB_formal_r1_C0_DEFAULT_N2048_q16_rep5,1,4,1,sm_89,R1_EVENT_OVERLAP,NCCL,C0_DEFAULT,2048,2048,2048,16,14,1048576,72,0,4100.480,4366.336,4626.208,259.872,PASS,0
PHASEB_formal_r1_C0_DEFAULT_N2048_q16_rep5,1,4,1,sm_89,R1_EVENT_OVERLAP,NCCL,C0_DEFAULT,2048,2048,2048,16,15,1048576,72,0,4374.688,4629.568,4887.360,257.792,PASS,0
PHASEB_formal_r1_C0_DEFAULT_N2048_q16_rep5,1,4,1,sm_89,R1_EVENT_OVERLAP,NCCL,C0_DEFAULT,2048,2048,2048,16,0,1048576,73,0,125.248,131.296,442.496,311.200,PASS,0
PHASEB_formal_r1_C0_DEFAULT_N2048_q16_rep5,1,4,1,sm_89,R1_EVENT_OVERLAP,NCCL,C0_DEFAULT,2048,2048,2048,16,1,1048576,73,0,201.216,445.856,758.944,313.088,PASS,0
PHASEB_formal_r1_C0_DEFAULT_N2048_q16_rep5,1,4,1,sm_89,R1_EVENT_OVERLAP,NCCL,C0_DEFAULT,2048,2048,2048,16,2,1048576,73,0,433.920,762.176,1065.728,303.552,PASS,0
PHASEB_formal_r1_C0_DEFAULT_N2048_q16_rep5,1,4,1,sm_89,R1_EVENT_OVERLAP,NCCL,C0_DEFAULT,2048,2048,2048,16,3,1048576,73,0,507.808,1069.312,1377.856,308.544,PASS,0
PHASEB_formal_r1_C0_DEFAULT_N2048_q16_rep5,1,4,1,sm_89,R1_EVENT_OVERLAP,NCCL,C0_DEFAULT,2048,2048,2048,16,4,1048576,73,0,734.656,1381.216,1656.640,275.424,PASS,0
PHASEB_formal_r1_C0_DEFAULT_N2048_q16_rep5,1,4,1,sm_89,R1_EVENT_OVERLAP,NCCL,C0_DEFAULT,2048,2048,2048,16,5,1048576,73,0,830.112,1659.904,1970.112,310.208,PASS,0
PHASEB_formal_r1_C0_DEFAULT_N2048_q16_rep5,1,4,1,sm_89,R1_EVENT_OVERLAP,NCCL,C0_DEFAULT,2048,2048,2048,16,6,1048576,73,0,1056.480,1973.440,2245.888,272.448,PASS,0
PHASEB_formal_r1_C0_DEFAULT_N2048_q16_rep5,1,4,1,sm_89,R1_EVENT_OVERLAP,NCCL,C0_DEFAULT,2048,2048,2048,16,7,1048576,73,0,1387.328,2249.152,2560.928,311.776,PASS,0
PHASEB_formal_r1_C0_DEFAULT_N2048_q16_rep5,1,4,1,sm_89,R1_EVENT_OVERLAP,NCCL,C0_DEFAULT,2048,2048,2048,16,8,1048576,73,0,1692.736,2564.352,2872.704,308.352,PASS,0
PHASEB_formal_r1_C0_DEFAULT_N2048_q16_rep5,1,4,1,sm_89,R1_EVENT_OVERLAP,NCCL,C0_DEFAULT,2048,2048,2048,16,9,1048576,73,0,1979.552,2876.064,3154.240,278.176,PASS,0
PHASEB_formal_r1_C0_DEFAULT_N2048_q16_rep5,1,4,1,sm_89,R1_EVENT_OVERLAP,NCCL,C0_DEFAULT,2048,2048,2048,16,10,1048576,73,0,2286.176,3157.472,3468.000,310.528,PASS,0
PHASEB_formal_r1_C0_DEFAULT_N2048_q16_rep5,1,4,1,sm_89,R1_EVENT_OVERLAP,NCCL,C0_DEFAULT,2048,2048,2048,16,11,1048576,73,0,2585.536,3471.488,3778.432,306.944,PASS,0
PHASEB_formal_r1_C0_DEFAULT_N2048_q16_rep5,1,4,1,sm_89,R1_EVENT_OVERLAP,NCCL,C0_DEFAULT,2048,2048,2048,16,12,1048576,73,0,2882.208,3781.824,4040.800,258.976,PASS,0
PHASEB_formal_r1_C0_DEFAULT_N2048_q16_rep5,1,4,1,sm_89,R1_EVENT_OVERLAP,NCCL,C0_DEFAULT,2048,2048,2048,16,13,1048576,73,0,3194.464,4044.128,4303.360,259.232,PASS,0
PHASEB_formal_r1_C0_DEFAULT_N2048_q16_rep5,1,4,1,sm_89,R1_EVENT_OVERLAP,NCCL,C0_DEFAULT,2048,2048,2048,16,14,1048576,73,0,3486.656,4306.720,4565.728,259.008,PASS,0
PHASEB_formal_r1_C0_DEFAULT_N2048_q16_rep5,1,4,1,sm_89,R1_EVENT_OVERLAP,NCCL,C0_DEFAULT,2048,2048,2048,16,15,1048576,73,0,3787.904,4569.088,4827.776,258.688,PASS,0
PHASEB_formal_r1_C0_DEFAULT_N2048_q16_rep5,1,4,1,sm_89,R1_EVENT_OVERLAP,NCCL,C0_DEFAULT,2048,2048,2048,16,0,1048576,74,0,130.720,137.216,441.856,304.640,PASS,0
PHASEB_formal_r1_C0_DEFAULT_N2048_q16_rep5,1,4,1,sm_89,R1_EVENT_OVERLAP,NCCL,C0_DEFAULT,2048,2048,2048,16,1,1048576,74,0,206.112,445.344,748.192,302.848,PASS,0
PHASEB_formal_r1_C0_DEFAULT_N2048_q16_rep5,1,4,1,sm_89,R1_EVENT_OVERLAP,NCCL,C0_DEFAULT,2048,2048,2048,16,2,1048576,74,0,432.320,751.456,1062.112,310.656,PASS,0
PHASEB_formal_r1_C0_DEFAULT_N2048_q16_rep5,1,4,1,sm_89,R1_EVENT_OVERLAP,NCCL,C0_DEFAULT,2048,2048,2048,16,3,1048576,74,0,506.912,1065.472,1379.456,313.984,PASS,0
PHASEB_formal_r1_C0_DEFAULT_N2048_q16_rep5,1,4,1,sm_89,R1_EVENT_OVERLAP,NCCL,C0_DEFAULT,2048,2048,2048,16,4,1048576,74,0,738.848,1382.720,1694.784,312.064,PASS,0
PHASEB_formal_r1_C0_DEFAULT_N2048_q16_rep5,1,4,1,sm_89,R1_EVENT_OVERLAP,NCCL,C0_DEFAULT,2048,2048,2048,16,5,1048576,74,0,815.200,1698.080,2007.552,309.472,PASS,0
PHASEB_formal_r1_C0_DEFAULT_N2048_q16_rep5,1,4,1,sm_89,R1_EVENT_OVERLAP,NCCL,C0_DEFAULT,2048,2048,2048,16,6,1048576,74,0,1053.792,2010.848,2324.992,314.144,PASS,0
PHASEB_formal_r1_C0_DEFAULT_N2048_q16_rep5,1,4,1,sm_89,R1_EVENT_OVERLAP,NCCL,C0_DEFAULT,2048,2048,2048,16,7,1048576,74,0,1144.672,2328.320,2637.504,309.184,PASS,0
PHASEB_formal_r1_C0_DEFAULT_N2048_q16_rep5,1,4,1,sm_89,R1_EVENT_OVERLAP,NCCL,C0_DEFAULT,2048,2048,2048,16,8,1048576,74,0,1372.320,2641.056,2901.504,260.448,PASS,0
PHASEB_formal_r1_C0_DEFAULT_N2048_q16_rep5,1,4,1,sm_89,R1_EVENT_OVERLAP,NCCL,C0_DEFAULT,2048,2048,2048,16,9,1048576,74,0,1465.888,2904.864,3163.552,258.688,PASS,0
PHASEB_formal_r1_C0_DEFAULT_N2048_q16_rep5,1,4,1,sm_89,R1_EVENT_OVERLAP,NCCL,C0_DEFAULT,2048,2048,2048,16,10,1048576,74,0,1687.520,3166.880,3427.040,260.160,PASS,0
PHASEB_formal_r1_C0_DEFAULT_N2048_q16_rep5,1,4,1,sm_89,R1_EVENT_OVERLAP,NCCL,C0_DEFAULT,2048,2048,2048,16,11,1048576,74,0,1763.840,3430.400,3688.736,258.336,PASS,0
PHASEB_formal_r1_C0_DEFAULT_N2048_q16_rep5,1,4,1,sm_89,R1_EVENT_OVERLAP,NCCL,C0_DEFAULT,2048,2048,2048,16,12,1048576,74,0,1998.624,3692.448,3952.832,260.384,PASS,0
PHASEB_formal_r1_C0_DEFAULT_N2048_q16_rep5,1,4,1,sm_89,R1_EVENT_OVERLAP,NCCL,C0_DEFAULT,2048,2048,2048,16,13,1048576,74,0,2078.944,3956.192,4214.784,258.592,PASS,0
PHASEB_formal_r1_C0_DEFAULT_N2048_q16_rep5,1,4,1,sm_89,R1_EVENT_OVERLAP,NCCL,C0_DEFAULT,2048,2048,2048,16,14,1048576,74,0,2317.824,4218.144,4478.016,259.872,PASS,0
PHASEB_formal_r1_C0_DEFAULT_N2048_q16_rep5,1,4,1,sm_89,R1_EVENT_OVERLAP,NCCL,C0_DEFAULT,2048,2048,2048,16,15,1048576,74,0,2647.232,4481.344,4739.648,258.304,PASS,0
PHASEB_formal_r1_C0_DEFAULT_N2048_q16_rep5,1,4,1,sm_89,R1_EVENT_OVERLAP,NCCL,C0_DEFAULT,2048,2048,2048,16,0,1048576,75,0,130.784,137.280,443.008,305.728,PASS,0
PHASEB_formal_r1_C0_DEFAULT_N2048_q16_rep5,1,4,1,sm_89,R1_EVENT_OVERLAP,NCCL,C0_DEFAULT,2048,2048,2048,16,1,1048576,75,0,205.600,446.464,755.648,309.184,PASS,0
PHASEB_formal_r1_C0_DEFAULT_N2048_q16_rep5,1,4,1,sm_89,R1_EVENT_OVERLAP,NCCL,C0_DEFAULT,2048,2048,2048,16,2,1048576,75,0,431.488,759.232,1058.752,299.520,PASS,0
PHASEB_formal_r1_C0_DEFAULT_N2048_q16_rep5,1,4,1,sm_89,R1_EVENT_OVERLAP,NCCL,C0_DEFAULT,2048,2048,2048,16,3,1048576,75,0,518.880,1062.816,1379.200,316.384,PASS,0
PHASEB_formal_r1_C0_DEFAULT_N2048_q16_rep5,1,4,1,sm_89,R1_EVENT_OVERLAP,NCCL,C0_DEFAULT,2048,2048,2048,16,4,1048576,75,0,747.424,1382.560,1690.752,308.192,PASS,0
PHASEB_formal_r1_C0_DEFAULT_N2048_q16_rep5,1,4,1,sm_89,R1_EVENT_OVERLAP,NCCL,C0_DEFAULT,2048,2048,2048,16,5,1048576,75,0,822.144,1694.240,2003.008,308.768,PASS,0
PHASEB_formal_r1_C0_DEFAULT_N2048_q16_rep5,1,4,1,sm_89,R1_EVENT_OVERLAP,NCCL,C0_DEFAULT,2048,2048,2048,16,6,1048576,75,0,1049.664,2006.304,2279.072,272.768,PASS,0
PHASEB_formal_r1_C0_DEFAULT_N2048_q16_rep5,1,4,1,sm_89,R1_EVENT_OVERLAP,NCCL,C0_DEFAULT,2048,2048,2048,16,7,1048576,75,0,1129.696,2282.528,2591.232,308.704,PASS,0
PHASEB_formal_r1_C0_DEFAULT_N2048_q16_rep5,1,4,1,sm_89,R1_EVENT_OVERLAP,NCCL,C0_DEFAULT,2048,2048,2048,16,8,1048576,75,0,1372.032,2594.496,2870.304,275.808,PASS,0
PHASEB_formal_r1_C0_DEFAULT_N2048_q16_rep5,1,4,1,sm_89,R1_EVENT_OVERLAP,NCCL,C0_DEFAULT,2048,2048,2048,16,9,1048576,75,0,1461.280,2873.728,3172.352,298.624,PASS,0
PHASEB_formal_r1_C0_DEFAULT_N2048_q16_rep5,1,4,1,sm_89,R1_EVENT_OVERLAP,NCCL,C0_DEFAULT,2048,2048,2048,16,10,1048576,75,0,1683.552,3175.712,3434.240,258.528,PASS,0
PHASEB_formal_r1_C0_DEFAULT_N2048_q16_rep5,1,4,1,sm_89,R1_EVENT_OVERLAP,NCCL,C0_DEFAULT,2048,2048,2048,16,11,1048576,75,0,1780.352,3437.568,3697.632,260.064,PASS,0
PHASEB_formal_r1_C0_DEFAULT_N2048_q16_rep5,1,4,1,sm_89,R1_EVENT_OVERLAP,NCCL,C0_DEFAULT,2048,2048,2048,16,12,1048576,75,0,2012.512,3700.960,3960.192,259.232,PASS,0
PHASEB_formal_r1_C0_DEFAULT_N2048_q16_rep5,1,4,1,sm_89,R1_EVENT_OVERLAP,NCCL,C0_DEFAULT,2048,2048,2048,16,13,1048576,75,0,2322.624,3963.552,4223.488,259.936,PASS,0
PHASEB_formal_r1_C0_DEFAULT_N2048_q16_rep5,1,4,1,sm_89,R1_EVENT_OVERLAP,NCCL,C0_DEFAULT,2048,2048,2048,16,14,1048576,75,0,2606.368,4226.816,4484.384,257.568,PASS,0
PHASEB_formal_r1_C0_DEFAULT_N2048_q16_rep5,1,4,1,sm_89,R1_EVENT_OVERLAP,NCCL,C0_DEFAULT,2048,2048,2048,16,15,1048576,75,0,2911.648,4487.744,4746.848,259.104,PASS,0
PHASEB_formal_r1_C0_DEFAULT_N2048_q16_rep5,1,4,1,sm_89,R1_EVENT_OVERLAP,NCCL,C0_DEFAULT,2048,2048,2048,16,0,1048576,76,0,130.528,136.768,442.304,305.536,PASS,0
PHASEB_formal_r1_C0_DEFAULT_N2048_q16_rep5,1,4,1,sm_89,R1_EVENT_OVERLAP,NCCL,C0_DEFAULT,2048,2048,2048,16,1,1048576,76,0,205.664,445.920,758.784,312.864,PASS,0
PHASEB_formal_r1_C0_DEFAULT_N2048_q16_rep5,1,4,1,sm_89,R1_EVENT_OVERLAP,NCCL,C0_DEFAULT,2048,2048,2048,16,2,1048576,76,0,432.320,762.464,1081.184,318.720,PASS,0
PHASEB_formal_r1_C0_DEFAULT_N2048_q16_rep5,1,4,1,sm_89,R1_EVENT_OVERLAP,NCCL,C0_DEFAULT,2048,2048,2048,16,3,1048576,76,0,509.376,1085.600,1410.752,325.152,PASS,0
PHASEB_formal_r1_C0_DEFAULT_N2048_q16_rep5,1,4,1,sm_89,R1_EVENT_OVERLAP,NCCL,C0_DEFAULT,2048,2048,2048,16,4,1048576,76,0,735.168,1414.944,1725.856,310.912,PASS,0
PHASEB_formal_r1_C0_DEFAULT_N2048_q16_rep5,1,4,1,sm_89,R1_EVENT_OVERLAP,NCCL,C0_DEFAULT,2048,2048,2048,16,5,1048576,76,0,823.648,1729.440,2042.496,313.056,PASS,0
PHASEB_formal_r1_C0_DEFAULT_N2048_q16_rep5,1,4,1,sm_89,R1_EVENT_OVERLAP,NCCL,C0_DEFAULT,2048,2048,2048,16,6,1048576,76,0,1052.992,2045.760,2350.176,304.416,PASS,0
PHASEB_formal_r1_C0_DEFAULT_N2048_q16_rep5,1,4,1,sm_89,R1_EVENT_OVERLAP,NCCL,C0_DEFAULT,2048,2048,2048,16,7,1048576,76,0,1146.048,2353.504,2649.376,295.872,PASS,0
PHASEB_formal_r1_C0_DEFAULT_N2048_q16_rep5,1,4,1,sm_89,R1_EVENT_OVERLAP,NCCL,C0_DEFAULT,2048,2048,2048,16,8,1048576,76,0,1386.688,2652.736,2913.216,260.480,PASS,0
PHASEB_formal_r1_C0_DEFAULT_N2048_q16_rep5,1,4,1,sm_89,R1_EVENT_OVERLAP,NCCL,C0_DEFAULT,2048,2048,2048,16,9,1048576,76,0,1475.040,2916.544,3175.264,258.720,PASS,0
PHASEB_formal_r1_C0_DEFAULT_N2048_q16_rep5,1,4,1,sm_89,R1_EVENT_OVERLAP,NCCL,C0_DEFAULT,2048,2048,2048,16,10,1048576,76,0,1701.888,3178.592,3437.984,259.392,PASS,0
PHASEB_formal_r1_C0_DEFAULT_N2048_q16_rep5,1,4,1,sm_89,R1_EVENT_OVERLAP,NCCL,C0_DEFAULT,2048,2048,2048,16,11,1048576,76,0,1783.616,3441.344,3700.480,259.136,PASS,0
PHASEB_formal_r1_C0_DEFAULT_N2048_q16_rep5,1,4,1,sm_89,R1_EVENT_OVERLAP,NCCL,C0_DEFAULT,2048,2048,2048,16,12,1048576,76,0,2018.176,3703.968,3963.680,259.712,PASS,0
PHASEB_formal_r1_C0_DEFAULT_N2048_q16_rep5,1,4,1,sm_89,R1_EVENT_OVERLAP,NCCL,C0_DEFAULT,2048,2048,2048,16,13,1048576,76,0,2108.896,3967.008,4225.120,258.112,PASS,0
PHASEB_formal_r1_C0_DEFAULT_N2048_q16_rep5,1,4,1,sm_89,R1_EVENT_OVERLAP,NCCL,C0_DEFAULT,2048,2048,2048,16,14,1048576,76,0,2340.256,4228.480,4487.456,258.976,PASS,0
PHASEB_formal_r1_C0_DEFAULT_N2048_q16_rep5,1,4,1,sm_89,R1_EVENT_OVERLAP,NCCL,C0_DEFAULT,2048,2048,2048,16,15,1048576,76,0,2419.968,4490.784,4750.048,259.264,PASS,0
PHASEB_formal_r1_C0_DEFAULT_N2048_q16_rep5,1,4,1,sm_89,R1_EVENT_OVERLAP,NCCL,C0_DEFAULT,2048,2048,2048,16,0,1048576,77,0,126.560,132.640,446.976,314.336,PASS,0
PHASEB_formal_r1_C0_DEFAULT_N2048_q16_rep5,1,4,1,sm_89,R1_EVENT_OVERLAP,NCCL,C0_DEFAULT,2048,2048,2048,16,1,1048576,77,0,202.176,450.144,765.568,315.424,PASS,0
PHASEB_formal_r1_C0_DEFAULT_N2048_q16_rep5,1,4,1,sm_89,R1_EVENT_OVERLAP,NCCL,C0_DEFAULT,2048,2048,2048,16,2,1048576,77,0,424.416,768.832,1082.368,313.536,PASS,0
PHASEB_formal_r1_C0_DEFAULT_N2048_q16_rep5,1,4,1,sm_89,R1_EVENT_OVERLAP,NCCL,C0_DEFAULT,2048,2048,2048,16,3,1048576,77,0,515.392,1085.600,1390.976,305.376,PASS,0
PHASEB_formal_r1_C0_DEFAULT_N2048_q16_rep5,1,4,1,sm_89,R1_EVENT_OVERLAP,NCCL,C0_DEFAULT,2048,2048,2048,16,4,1048576,77,0,739.872,1394.304,1702.464,308.160,PASS,0
PHASEB_formal_r1_C0_DEFAULT_N2048_q16_rep5,1,4,1,sm_89,R1_EVENT_OVERLAP,NCCL,C0_DEFAULT,2048,2048,2048,16,5,1048576,77,0,834.592,1705.760,2014.496,308.736,PASS,0
PHASEB_formal_r1_C0_DEFAULT_N2048_q16_rep5,1,4,1,sm_89,R1_EVENT_OVERLAP,NCCL,C0_DEFAULT,2048,2048,2048,16,6,1048576,77,0,1058.016,2018.176,2323.488,305.312,PASS,0
PHASEB_formal_r1_C0_DEFAULT_N2048_q16_rep5,1,4,1,sm_89,R1_EVENT_OVERLAP,NCCL,C0_DEFAULT,2048,2048,2048,16,7,1048576,77,0,1380.416,2326.752,2631.520,304.768,PASS,0
PHASEB_formal_r1_C0_DEFAULT_N2048_q16_rep5,1,4,1,sm_89,R1_EVENT_OVERLAP,NCCL,C0_DEFAULT,2048,2048,2048,16,8,1048576,77,0,1658.880,2634.816,2966.432,331.616,PASS,0
PHASEB_formal_r1_C0_DEFAULT_N2048_q16_rep5,1,4,1,sm_89,R1_EVENT_OVERLAP,NCCL,C0_DEFAULT,2048,2048,2048,16,9,1048576,77,0,1971.680,2969.920,3272.832,302.912,PASS,0
PHASEB_formal_r1_C0_DEFAULT_N2048_q16_rep5,1,4,1,sm_89,R1_EVENT_OVERLAP,NCCL,C0_DEFAULT,2048,2048,2048,16,10,1048576,77,0,2250.528,3276.448,3580.288,303.840,PASS,0
PHASEB_formal_r1_C0_DEFAULT_N2048_q16_rep5,1,4,1,sm_89,R1_EVENT_OVERLAP,NCCL,C0_DEFAULT,2048,2048,2048,16,11,1048576,77,0,2567.040,3583.616,3879.552,295.936,PASS,0
PHASEB_formal_r1_C0_DEFAULT_N2048_q16_rep5,1,4,1,sm_89,R1_EVENT_OVERLAP,NCCL,C0_DEFAULT,2048,2048,2048,16,12,1048576,77,0,2847.968,3882.880,4141.472,258.592,PASS,0
PHASEB_formal_r1_C0_DEFAULT_N2048_q16_rep5,1,4,1,sm_89,R1_EVENT_OVERLAP,NCCL,C0_DEFAULT,2048,2048,2048,16,13,1048576,77,0,3035.072,4144.800,4403.904,259.104,PASS,0
PHASEB_formal_r1_C0_DEFAULT_N2048_q16_rep5,1,4,1,sm_89,R1_EVENT_OVERLAP,NCCL,C0_DEFAULT,2048,2048,2048,16,14,1048576,77,0,3345.952,4407.584,4665.920,258.336,PASS,0
PHASEB_formal_r1_C0_DEFAULT_N2048_q16_rep5,1,4,1,sm_89,R1_EVENT_OVERLAP,NCCL,C0_DEFAULT,2048,2048,2048,16,15,1048576,77,0,3623.200,4669.248,4927.968,258.720,PASS,0
PHASEB_formal_r1_C0_DEFAULT_N2048_q16_rep5,1,4,1,sm_89,R1_EVENT_OVERLAP,NCCL,C0_DEFAULT,2048,2048,2048,16,0,1048576,78,0,135.072,141.472,452.704,311.232,PASS,0
PHASEB_formal_r1_C0_DEFAULT_N2048_q16_rep5,1,4,1,sm_89,R1_EVENT_OVERLAP,NCCL,C0_DEFAULT,2048,2048,2048,16,1,1048576,78,0,208.672,456.000,759.424,303.424,PASS,0
PHASEB_formal_r1_C0_DEFAULT_N2048_q16_rep5,1,4,1,sm_89,R1_EVENT_OVERLAP,NCCL,C0_DEFAULT,2048,2048,2048,16,2,1048576,78,0,446.592,762.848,1067.520,304.672,PASS,0
PHASEB_formal_r1_C0_DEFAULT_N2048_q16_rep5,1,4,1,sm_89,R1_EVENT_OVERLAP,NCCL,C0_DEFAULT,2048,2048,2048,16,3,1048576,78,0,521.792,1070.848,1377.696,306.848,PASS,0
PHASEB_formal_r1_C0_DEFAULT_N2048_q16_rep5,1,4,1,sm_89,R1_EVENT_OVERLAP,NCCL,C0_DEFAULT,2048,2048,2048,16,4,1048576,78,0,749.120,1380.992,1654.240,273.248,PASS,0
PHASEB_formal_r1_C0_DEFAULT_N2048_q16_rep5,1,4,1,sm_89,R1_EVENT_OVERLAP,NCCL,C0_DEFAULT,2048,2048,2048,16,5,1048576,78,0,827.808,1657.472,1966.400,308.928,PASS,0
PHASEB_formal_r1_C0_DEFAULT_N2048_q16_rep5,1,4,1,sm_89,R1_EVENT_OVERLAP,NCCL,C0_DEFAULT,2048,2048,2048,16,6,1048576,78,0,1057.056,1970.144,2244.096,273.952,PASS,0
PHASEB_formal_r1_C0_DEFAULT_N2048_q16_rep5,1,4,1,sm_89,R1_EVENT_OVERLAP,NCCL,C0_DEFAULT,2048,2048,2048,16,7,1048576,78,0,1148.960,2247.616,2561.408,313.792,PASS,0
PHASEB_formal_r1_C0_DEFAULT_N2048_q16_rep5,1,4,1,sm_89,R1_EVENT_OVERLAP,NCCL,C0_DEFAULT,2048,2048,2048,16,8,1048576,78,0,1387.520,2564.640,2841.824,277.184,PASS,0
PHASEB_formal_r1_C0_DEFAULT_N2048_q16_rep5,1,4,1,sm_89,R1_EVENT_OVERLAP,NCCL,C0_DEFAULT,2048,2048,2048,16,9,1048576,78,0,1694.112,2845.152,3152.800,307.648,PASS,0
PHASEB_formal_r1_C0_DEFAULT_N2048_q16_rep5,1,4,1,sm_89,R1_EVENT_OVERLAP,NCCL,C0_DEFAULT,2048,2048,2048,16,10,1048576,78,0,1976.352,3156.128,3427.872,271.744,PASS,0
PHASEB_formal_r1_C0_DEFAULT_N2048_q16_rep5,1,4,1,sm_89,R1_EVENT_OVERLAP,NCCL,C0_DEFAULT,2048,2048,2048,16,11,1048576,78,0,2281.824,3431.072,3727.648,296.576,PASS,0
PHASEB_formal_r1_C0_DEFAULT_N2048_q16_rep5,1,4,1,sm_89,R1_EVENT_OVERLAP,NCCL,C0_DEFAULT,2048,2048,2048,16,12,1048576,78,0,2570.784,3731.008,3990.848,259.840,PASS,0
PHASEB_formal_r1_C0_DEFAULT_N2048_q16_rep5,1,4,1,sm_89,R1_EVENT_OVERLAP,NCCL,C0_DEFAULT,2048,2048,2048,16,13,1048576,78,0,2880.832,3994.176,4253.632,259.456,PASS,0
PHASEB_formal_r1_C0_DEFAULT_N2048_q16_rep5,1,4,1,sm_89,R1_EVENT_OVERLAP,NCCL,C0_DEFAULT,2048,2048,2048,16,14,1048576,78,0,3162.560,4256.960,4516.384,259.424,PASS,0
PHASEB_formal_r1_C0_DEFAULT_N2048_q16_rep5,1,4,1,sm_89,R1_EVENT_OVERLAP,NCCL,C0_DEFAULT,2048,2048,2048,16,15,1048576,78,0,3469.536,4519.712,4777.216,257.504,PASS,0
PHASEB_formal_r1_C0_DEFAULT_N2048_q16_rep5,1,4,1,sm_89,R1_EVENT_OVERLAP,NCCL,C0_DEFAULT,2048,2048,2048,16,0,1048576,79,0,120.672,128.032,440.896,312.864,PASS,0
PHASEB_formal_r1_C0_DEFAULT_N2048_q16_rep5,1,4,1,sm_89,R1_EVENT_OVERLAP,NCCL,C0_DEFAULT,2048,2048,2048,16,1,1048576,79,0,193.664,444.224,716.800,272.576,PASS,0
PHASEB_formal_r1_C0_DEFAULT_N2048_q16_rep5,1,4,1,sm_89,R1_EVENT_OVERLAP,NCCL,C0_DEFAULT,2048,2048,2048,16,2,1048576,79,0,450.400,720.224,1029.632,309.408,PASS,0
PHASEB_formal_r1_C0_DEFAULT_N2048_q16_rep5,1,4,1,sm_89,R1_EVENT_OVERLAP,NCCL,C0_DEFAULT,2048,2048,2048,16,3,1048576,79,0,768.480,1033.376,1305.184,271.808,PASS,0
PHASEB_formal_r1_C0_DEFAULT_N2048_q16_rep5,1,4,1,sm_89,R1_EVENT_OVERLAP,NCCL,C0_DEFAULT,2048,2048,2048,16,4,1048576,79,0,1039.808,1308.704,1617.056,308.352,PASS,0
PHASEB_formal_r1_C0_DEFAULT_N2048_q16_rep5,1,4,1,sm_89,R1_EVENT_OVERLAP,NCCL,C0_DEFAULT,2048,2048,2048,16,5,1048576,79,0,1354.432,1620.288,1930.720,310.432,PASS,0
PHASEB_formal_r1_C0_DEFAULT_N2048_q16_rep5,1,4,1,sm_89,R1_EVENT_OVERLAP,NCCL,C0_DEFAULT,2048,2048,2048,16,6,1048576,79,0,1640.704,1934.240,2204.192,269.952,PASS,0
PHASEB_formal_r1_C0_DEFAULT_N2048_q16_rep5,1,4,1,sm_89,R1_EVENT_OVERLAP,NCCL,C0_DEFAULT,2048,2048,2048,16,7,1048576,79,0,1942.432,2208.352,2516.160,307.808,PASS,0
PHASEB_formal_r1_C0_DEFAULT_N2048_q16_rep5,1,4,1,sm_89,R1_EVENT_OVERLAP,NCCL,C0_DEFAULT,2048,2048,2048,16,8,1048576,79,0,2248.384,2520.192,2831.648,311.456,PASS,0
PHASEB_formal_r1_C0_DEFAULT_N2048_q16_rep5,1,4,1,sm_89,R1_EVENT_OVERLAP,NCCL,C0_DEFAULT,2048,2048,2048,16,9,1048576,79,0,2544.640,2835.136,3108.000,272.864,PASS,0
PHASEB_formal_r1_C0_DEFAULT_N2048_q16_rep5,1,4,1,sm_89,R1_EVENT_OVERLAP,NCCL,C0_DEFAULT,2048,2048,2048,16,10,1048576,79,0,2841.408,3111.680,3416.704,305.024,PASS,0
PHASEB_formal_r1_C0_DEFAULT_N2048_q16_rep5,1,4,1,sm_89,R1_EVENT_OVERLAP,NCCL,C0_DEFAULT,2048,2048,2048,16,11,1048576,79,0,3154.592,3420.544,3728.224,307.680,PASS,0
PHASEB_formal_r1_C0_DEFAULT_N2048_q16_rep5,1,4,1,sm_89,R1_EVENT_OVERLAP,NCCL,C0_DEFAULT,2048,2048,2048,16,12,1048576,79,0,3450.400,3731.456,4042.592,311.136,PASS,0
PHASEB_formal_r1_C0_DEFAULT_N2048_q16_rep5,1,4,1,sm_89,R1_EVENT_OVERLAP,NCCL,C0_DEFAULT,2048,2048,2048,16,13,1048576,79,0,3753.984,4045.984,4316.704,270.720,PASS,0
PHASEB_formal_r1_C0_DEFAULT_N2048_q16_rep5,1,4,1,sm_89,R1_EVENT_OVERLAP,NCCL,C0_DEFAULT,2048,2048,2048,16,14,1048576,79,0,4054.688,4319.968,4616.192,296.224,PASS,0
PHASEB_formal_r1_C0_DEFAULT_N2048_q16_rep5,1,4,1,sm_89,R1_EVENT_OVERLAP,NCCL,C0_DEFAULT,2048,2048,2048,16,15,1048576,79,0,4364.352,4619.488,4878.976,259.488,PASS,0
