run_id,rank,rank_count,device,gfx_arch,path,family,candidate,M,N,K,q,slice_index,slice_bytes,iteration_index,t_issue_us,t_release_us,t_gemm_start_us,t_gemm_end_us,t_gemm_duration_us,correctness,status
PHASEB_formal_r1_C0_DEFAULT_N4096_q8_rep2,0,4,0,sm_89,R1_EVENT_OVERLAP,NCCL,C0_DEFAULT,2048,4096,2048,8,0,2097152,0,0,167.840,174.176,1168.064,993.888,PASS,0
PHASEB_formal_r1_C0_DEFAULT_N4096_q8_rep2,0,4,0,sm_89,R1_EVENT_OVERLAP,NCCL,C0_DEFAULT,2048,4096,2048,8,1,2097152,0,0,263.040,1172.992,2173.728,1000.736,PASS,0
PHASEB_formal_r1_C0_DEFAULT_N4096_q8_rep2,0,4,0,sm_89,R1_EVENT_OVERLAP,NCCL,C0_DEFAULT,2048,4096,2048,8,2,2097152,0,0,1212.096,2177.120,3173.664,996.544,PASS,0
PHASEB_formal_r1_C0_DEFAULT_N4096_q8_rep2,0,4,0,sm_89,R1_EVENT_OVERLAP,NCCL,C0_DEFAULT,2048,4096,2048,8,3,2097152,0,0,2166.368,3178.560,4172.544,993.984,PASS,0
PHASEB_formal_r1_C0_DEFAULT_N4096_q8_rep2,0,4,0,sm_89,R1_EVENT_OVERLAP,NCCL,C0_DEFAULT,2048,4096,2048,8,4,2097152,0,0,2275.136,4176.352,5165.440,989.088,PASS,0
PHASEB_formal_r1_C0_DEFAULT_N4096_q8_rep2,0,4,0,sm_89,R1_EVENT_OVERLAP,NCCL,C0_DEFAULT,2048,4096,2048,8,5,2097152,0,0,3235.296,5168.864,6144.000,975.136,PASS,0
PHASEB_formal_r1_C0_DEFAULT_N4096_q8_rep2,0,4,0,sm_89,R1_EVENT_OVERLAP,NCCL,C0_DEFAULT,2048,4096,2048,8,6,2097152,0,0,4183.584,6147.456,7123.232,975.776,PASS,0
PHASEB_formal_r1_C0_DEFAULT_N4096_q8_rep2,0,4,0,sm_89,R1_EVENT_OVERLAP,NCCL,C0_DEFAULT,2048,4096,2048,8,7,2097152,0,0,5157.504,7126.720,8100.736,974.016,PASS,0
PHASEB_formal_r1_C0_DEFAULT_N4096_q8_rep2,0,4,0,sm_89,R1_EVENT_OVERLAP,NCCL,C0_DEFAULT,2048,4096,2048,8,0,2097152,1,0,194.624,201.568,1193.728,992.160,PASS,0
PHASEB_formal_r1_C0_DEFAULT_N4096_q8_rep2,0,4,0,sm_89,R1_EVENT_OVERLAP,NCCL,C0_DEFAULT,2048,4096,2048,8,1,2097152,1,0,290.080,1197.984,2195.264,997.280,PASS,0
PHASEB_formal_r1_C0_DEFAULT_N4096_q8_rep2,0,4,0,sm_89,R1_EVENT_OVERLAP,NCCL,C0_DEFAULT,2048,4096,2048,8,2,2097152,1,0,1245.696,2198.688,3184.320,985.632,PASS,0
PHASEB_formal_r1_C0_DEFAULT_N4096_q8_rep2,0,4,0,sm_89,R1_EVENT_OVERLAP,NCCL,C0_DEFAULT,2048,4096,2048,8,3,2097152,1,0,2205.280,3187.808,4237.536,1049.728,PASS,0
PHASEB_formal_r1_C0_DEFAULT_N4096_q8_rep2,0,4,0,sm_89,R1_EVENT_OVERLAP,NCCL,C0_DEFAULT,2048,4096,2048,8,4,2097152,1,0,3171.520,4240.992,5291.744,1050.752,PASS,0
PHASEB_formal_r1_C0_DEFAULT_N4096_q8_rep2,0,4,0,sm_89,R1_EVENT_OVERLAP,NCCL,C0_DEFAULT,2048,4096,2048,8,5,2097152,1,0,3346.368,5295.200,6271.456,976.256,PASS,0
PHASEB_formal_r1_C0_DEFAULT_N4096_q8_rep2,0,4,0,sm_89,R1_EVENT_OVERLAP,NCCL,C0_DEFAULT,2048,4096,2048,8,6,2097152,1,0,4221.024,6274.912,7249.728,974.816,PASS,0
PHASEB_formal_r1_C0_DEFAULT_N4096_q8_rep2,0,4,0,sm_89,R1_EVENT_OVERLAP,NCCL,C0_DEFAULT,2048,4096,2048,8,7,2097152,1,0,4501.504,7253.216,8228.448,975.232,PASS,0
PHASEB_formal_r1_C0_DEFAULT_N4096_q8_rep2,0,4,0,sm_89,R1_EVENT_OVERLAP,NCCL,C0_DEFAULT,2048,4096,2048,8,0,2097152,2,0,153.984,160.320,1170.080,1009.760,PASS,0
PHASEB_formal_r1_C0_DEFAULT_N4096_q8_rep2,0,4,0,sm_89,R1_EVENT_OVERLAP,NCCL,C0_DEFAULT,2048,4096,2048,8,1,2097152,2,0,249.504,1173.472,2171.680,998.208,PASS,0
PHASEB_formal_r1_C0_DEFAULT_N4096_q8_rep2,0,4,0,sm_89,R1_EVENT_OVERLAP,NCCL,C0_DEFAULT,2048,4096,2048,8,2,2097152,2,0,1221.568,2175.488,3162.720,987.232,PASS,0
PHASEB_formal_r1_C0_DEFAULT_N4096_q8_rep2,0,4,0,sm_89,R1_EVENT_OVERLAP,NCCL,C0_DEFAULT,2048,4096,2048,8,3,2097152,2,0,2181.952,3166.080,4309.632,1143.552,PASS,0
PHASEB_formal_r1_C0_DEFAULT_N4096_q8_rep2,0,4,0,sm_89,R1_EVENT_OVERLAP,NCCL,C0_DEFAULT,2048,4096,2048,8,4,2097152,2,0,3150.304,4313.024,5453.344,1140.320,PASS,0
PHASEB_formal_r1_C0_DEFAULT_N4096_q8_rep2,0,4,0,sm_89,R1_EVENT_OVERLAP,NCCL,C0_DEFAULT,2048,4096,2048,8,5,2097152,2,0,4155.328,5456.736,6499.552,1042.816,PASS,0
PHASEB_formal_r1_C0_DEFAULT_N4096_q8_rep2,0,4,0,sm_89,R1_EVENT_OVERLAP,NCCL,C0_DEFAULT,2048,4096,2048,8,6,2097152,2,0,5132.576,6503.008,7478.912,975.904,PASS,0
PHASEB_formal_r1_C0_DEFAULT_N4096_q8_rep2,0,4,0,sm_89,R1_EVENT_OVERLAP,NCCL,C0_DEFAULT,2048,4096,2048,8,7,2097152,2,0,5619.072,7482.368,8456.704,974.336,PASS,0
PHASEB_formal_r1_C0_DEFAULT_N4096_q8_rep2,0,4,0,sm_89,R1_EVENT_OVERLAP,NCCL,C0_DEFAULT,2048,4096,2048,8,0,2097152,3,0,156.032,162.464,1159.936,997.472,PASS,0
PHASEB_formal_r1_C0_DEFAULT_N4096_q8_rep2,0,4,0,sm_89,R1_EVENT_OVERLAP,NCCL,C0_DEFAULT,2048,4096,2048,8,1,2097152,3,0,249.440,1163.808,2163.072,999.264,PASS,0
PHASEB_formal_r1_C0_DEFAULT_N4096_q8_rep2,0,4,0,sm_89,R1_EVENT_OVERLAP,NCCL,C0_DEFAULT,2048,4096,2048,8,2,2097152,3,0,1199.008,2166.752,3161.152,994.400,PASS,0
PHASEB_formal_r1_C0_DEFAULT_N4096_q8_rep2,0,4,0,sm_89,R1_EVENT_OVERLAP,NCCL,C0_DEFAULT,2048,4096,2048,8,3,2097152,3,0,2173.984,3164.640,4193.472,1028.832,PASS,0
PHASEB_formal_r1_C0_DEFAULT_N4096_q8_rep2,0,4,0,sm_89,R1_EVENT_OVERLAP,NCCL,C0_DEFAULT,2048,4096,2048,8,4,2097152,3,0,3152.224,4196.960,5191.040,994.080,PASS,0
PHASEB_formal_r1_C0_DEFAULT_N4096_q8_rep2,0,4,0,sm_89,R1_EVENT_OVERLAP,NCCL,C0_DEFAULT,2048,4096,2048,8,5,2097152,3,0,3293.600,5194.464,6169.792,975.328,PASS,0
PHASEB_formal_r1_C0_DEFAULT_N4096_q8_rep2,0,4,0,sm_89,R1_EVENT_OVERLAP,NCCL,C0_DEFAULT,2048,4096,2048,8,6,2097152,3,0,4212.640,6173.248,7148.288,975.040,PASS,0
PHASEB_formal_r1_C0_DEFAULT_N4096_q8_rep2,0,4,0,sm_89,R1_EVENT_OVERLAP,NCCL,C0_DEFAULT,2048,4096,2048,8,7,2097152,3,0,5183.936,7151.744,8127.200,975.456,PASS,0
PHASEB_formal_r1_C0_DEFAULT_N4096_q8_rep2,0,4,0,sm_89,R1_EVENT_OVERLAP,NCCL,C0_DEFAULT,2048,4096,2048,8,0,2097152,4,0,167.712,174.240,1169.632,995.392,PASS,0
PHASEB_formal_r1_C0_DEFAULT_N4096_q8_rep2,0,4,0,sm_89,R1_EVENT_OVERLAP,NCCL,C0_DEFAULT,2048,4096,2048,8,1,2097152,4,0,260.576,1173.120,2174.624,1001.504,PASS,0
PHASEB_formal_r1_C0_DEFAULT_N4096_q8_rep2,0,4,0,sm_89,R1_EVENT_OVERLAP,NCCL,C0_DEFAULT,2048,4096,2048,8,2,2097152,4,0,1209.728,2178.336,3329.920,1151.584,PASS,0
PHASEB_formal_r1_C0_DEFAULT_N4096_q8_rep2,0,4,0,sm_89,R1_EVENT_OVERLAP,NCCL,C0_DEFAULT,2048,4096,2048,8,3,2097152,4,0,2168.224,3333.312,4474.272,1140.960,PASS,0
PHASEB_formal_r1_C0_DEFAULT_N4096_q8_rep2,0,4,0,sm_89,R1_EVENT_OVERLAP,NCCL,C0_DEFAULT,2048,4096,2048,8,4,2097152,4,0,3155.456,4477.664,5607.008,1129.344,PASS,0
PHASEB_formal_r1_C0_DEFAULT_N4096_q8_rep2,0,4,0,sm_89,R1_EVENT_OVERLAP,NCCL,C0_DEFAULT,2048,4096,2048,8,5,2097152,4,0,3323.168,5610.464,6584.768,974.304,PASS,0
PHASEB_formal_r1_C0_DEFAULT_N4096_q8_rep2,0,4,0,sm_89,R1_EVENT_OVERLAP,NCCL,C0_DEFAULT,2048,4096,2048,8,6,2097152,4,0,4230.720,6588.224,7563.744,975.520,PASS,0
PHASEB_formal_r1_C0_DEFAULT_N4096_q8_rep2,0,4,0,sm_89,R1_EVENT_OVERLAP,NCCL,C0_DEFAULT,2048,4096,2048,8,7,2097152,4,0,5207.296,7567.232,8540.928,973.696,PASS,0
PHASEB_formal_r1_C0_DEFAULT_N4096_q8_rep2,0,4,0,sm_89,R1_EVENT_OVERLAP,NCCL,C0_DEFAULT,2048,4096,2048,8,0,2097152,5,0,182.912,189.472,1186.624,997.152,PASS,0
PHASEB_formal_r1_C0_DEFAULT_N4096_q8_rep2,0,4,0,sm_89,R1_EVENT_OVERLAP,NCCL,C0_DEFAULT,2048,4096,2048,8,1,2097152,5,0,276.992,1191.456,2191.488,1000.032,PASS,0
PHASEB_formal_r1_C0_DEFAULT_N4096_q8_rep2,0,4,0,sm_89,R1_EVENT_OVERLAP,NCCL,C0_DEFAULT,2048,4096,2048,8,2,2097152,5,0,1232.736,2194.944,3342.624,1147.680,PASS,0
PHASEB_formal_r1_C0_DEFAULT_N4096_q8_rep2,0,4,0,sm_89,R1_EVENT_OVERLAP,NCCL,C0_DEFAULT,2048,4096,2048,8,3,2097152,5,0,2184.576,3346.080,4345.056,998.976,PASS,0
PHASEB_formal_r1_C0_DEFAULT_N4096_q8_rep2,0,4,0,sm_89,R1_EVENT_OVERLAP,NCCL,C0_DEFAULT,2048,4096,2048,8,4,2097152,5,0,3169.792,4348.512,5342.240,993.728,PASS,0
PHASEB_formal_r1_C0_DEFAULT_N4096_q8_rep2,0,4,0,sm_89,R1_EVENT_OVERLAP,NCCL,C0_DEFAULT,2048,4096,2048,8,5,2097152,5,0,3352.512,5345.728,6321.984,976.256,PASS,0
PHASEB_formal_r1_C0_DEFAULT_N4096_q8_rep2,0,4,0,sm_89,R1_EVENT_OVERLAP,NCCL,C0_DEFAULT,2048,4096,2048,8,6,2097152,5,0,4355.136,6325.440,7300.192,974.752,PASS,0
PHASEB_formal_r1_C0_DEFAULT_N4096_q8_rep2,0,4,0,sm_89,R1_EVENT_OVERLAP,NCCL,C0_DEFAULT,2048,4096,2048,8,7,2097152,5,0,5334.752,7303.680,8278.880,975.200,PASS,0
PHASEB_formal_r1_C0_DEFAULT_N4096_q8_rep2,0,4,0,sm_89,R1_EVENT_OVERLAP,NCCL,C0_DEFAULT,2048,4096,2048,8,0,2097152,6,0,177.824,184.960,1183.712,998.752,PASS,0
PHASEB_formal_r1_C0_DEFAULT_N4096_q8_rep2,0,4,0,sm_89,R1_EVENT_OVERLAP,NCCL,C0_DEFAULT,2048,4096,2048,8,1,2097152,6,0,281.696,1188.384,2198.432,1010.048,PASS,0
PHASEB_formal_r1_C0_DEFAULT_N4096_q8_rep2,0,4,0,sm_89,R1_EVENT_OVERLAP,NCCL,C0_DEFAULT,2048,4096,2048,8,2,2097152,6,0,1234.496,2201.952,3192.256,990.304,PASS,0
PHASEB_formal_r1_C0_DEFAULT_N4096_q8_rep2,0,4,0,sm_89,R1_EVENT_OVERLAP,NCCL,C0_DEFAULT,2048,4096,2048,8,3,2097152,6,0,2208.480,3195.744,4203.040,1007.296,PASS,0
PHASEB_formal_r1_C0_DEFAULT_N4096_q8_rep2,0,4,0,sm_89,R1_EVENT_OVERLAP,NCCL,C0_DEFAULT,2048,4096,2048,8,4,2097152,6,0,3181.600,4206.656,5202.336,995.680,PASS,0
PHASEB_formal_r1_C0_DEFAULT_N4096_q8_rep2,0,4,0,sm_89,R1_EVENT_OVERLAP,NCCL,C0_DEFAULT,2048,4096,2048,8,5,2097152,6,0,3300.160,5206.112,6181.088,974.976,PASS,0
PHASEB_formal_r1_C0_DEFAULT_N4096_q8_rep2,0,4,0,sm_89,R1_EVENT_OVERLAP,NCCL,C0_DEFAULT,2048,4096,2048,8,6,2097152,6,0,4257.216,6184.896,7160.480,975.584,PASS,0
PHASEB_formal_r1_C0_DEFAULT_N4096_q8_rep2,0,4,0,sm_89,R1_EVENT_OVERLAP,NCCL,C0_DEFAULT,2048,4096,2048,8,7,2097152,6,0,5219.808,7164.000,8138.304,974.304,PASS,0
PHASEB_formal_r1_C0_DEFAULT_N4096_q8_rep2,0,4,0,sm_89,R1_EVENT_OVERLAP,NCCL,C0_DEFAULT,2048,4096,2048,8,0,2097152,7,0,169.632,176.032,1168.288,992.256,PASS,0
PHASEB_formal_r1_C0_DEFAULT_N4096_q8_rep2,0,4,0,sm_89,R1_EVENT_OVERLAP,NCCL,C0_DEFAULT,2048,4096,2048,8,1,2097152,7,0,261.664,1172.512,2171.168,998.656,PASS,0
PHASEB_formal_r1_C0_DEFAULT_N4096_q8_rep2,0,4,0,sm_89,R1_EVENT_OVERLAP,NCCL,C0_DEFAULT,2048,4096,2048,8,2,2097152,7,0,1215.584,2174.624,3172.064,997.440,PASS,0
PHASEB_formal_r1_C0_DEFAULT_N4096_q8_rep2,0,4,0,sm_89,R1_EVENT_OVERLAP,NCCL,C0_DEFAULT,2048,4096,2048,8,3,2097152,7,0,2181.056,3175.456,4189.952,1014.496,PASS,0
PHASEB_formal_r1_C0_DEFAULT_N4096_q8_rep2,0,4,0,sm_89,R1_EVENT_OVERLAP,NCCL,C0_DEFAULT,2048,4096,2048,8,4,2097152,7,0,3165.472,4198.272,5200.416,1002.144,PASS,0
PHASEB_formal_r1_C0_DEFAULT_N4096_q8_rep2,0,4,0,sm_89,R1_EVENT_OVERLAP,NCCL,C0_DEFAULT,2048,4096,2048,8,5,2097152,7,0,3274.048,5203.840,6179.040,975.200,PASS,0
PHASEB_formal_r1_C0_DEFAULT_N4096_q8_rep2,0,4,0,sm_89,R1_EVENT_OVERLAP,NCCL,C0_DEFAULT,2048,4096,2048,8,6,2097152,7,0,4239.552,6182.496,7157.024,974.528,PASS,0
PHASEB_formal_r1_C0_DEFAULT_N4096_q8_rep2,0,4,0,sm_89,R1_EVENT_OVERLAP,NCCL,C0_DEFAULT,2048,4096,2048,8,7,2097152,7,0,5210.272,7160.512,8135.360,974.848,PASS,0
PHASEB_formal_r1_C0_DEFAULT_N4096_q8_rep2,0,4,0,sm_89,R1_EVENT_OVERLAP,NCCL,C0_DEFAULT,2048,4096,2048,8,0,2097152,8,0,168.000,174.592,1189.984,1015.392,PASS,0
PHASEB_formal_r1_C0_DEFAULT_N4096_q8_rep2,0,4,0,sm_89,R1_EVENT_OVERLAP,NCCL,C0_DEFAULT,2048,4096,2048,8,1,2097152,8,0,265.312,1193.504,2194.016,1000.512,PASS,0
PHASEB_formal_r1_C0_DEFAULT_N4096_q8_rep2,0,4,0,sm_89,R1_EVENT_OVERLAP,NCCL,C0_DEFAULT,2048,4096,2048,8,2,2097152,8,0,1240.896,2197.440,3192.000,994.560,PASS,0
PHASEB_formal_r1_C0_DEFAULT_N4096_q8_rep2,0,4,0,sm_89,R1_EVENT_OVERLAP,NCCL,C0_DEFAULT,2048,4096,2048,8,3,2097152,8,0,2204.000,3195.488,4182.112,986.624,PASS,0
PHASEB_formal_r1_C0_DEFAULT_N4096_q8_rep2,0,4,0,sm_89,R1_EVENT_OVERLAP,NCCL,C0_DEFAULT,2048,4096,2048,8,4,2097152,8,0,3201.920,4185.792,5245.952,1060.160,PASS,0
PHASEB_formal_r1_C0_DEFAULT_N4096_q8_rep2,0,4,0,sm_89,R1_EVENT_OVERLAP,NCCL,C0_DEFAULT,2048,4096,2048,8,5,2097152,8,0,4158.592,5249.440,6224.256,974.816,PASS,0
PHASEB_formal_r1_C0_DEFAULT_N4096_q8_rep2,0,4,0,sm_89,R1_EVENT_OVERLAP,NCCL,C0_DEFAULT,2048,4096,2048,8,6,2097152,8,0,4504.672,6227.840,7203.936,976.096,PASS,0
PHASEB_formal_r1_C0_DEFAULT_N4096_q8_rep2,0,4,0,sm_89,R1_EVENT_OVERLAP,NCCL,C0_DEFAULT,2048,4096,2048,8,7,2097152,8,0,5222.272,7207.424,8181.504,974.080,PASS,0
PHASEB_formal_r1_C0_DEFAULT_N4096_q8_rep2,0,4,0,sm_89,R1_EVENT_OVERLAP,NCCL,C0_DEFAULT,2048,4096,2048,8,0,2097152,9,0,165.440,172.064,1167.584,995.520,PASS,0
PHASEB_formal_r1_C0_DEFAULT_N4096_q8_rep2,0,4,0,sm_89,R1_EVENT_OVERLAP,NCCL,C0_DEFAULT,2048,4096,2048,8,1,2097152,9,0,258.464,1172.096,2171.392,999.296,PASS,0
PHASEB_formal_r1_C0_DEFAULT_N4096_q8_rep2,0,4,0,sm_89,R1_EVENT_OVERLAP,NCCL,C0_DEFAULT,2048,4096,2048,8,2,2097152,9,0,1220.160,2174.848,3162.944,988.096,PASS,0
PHASEB_formal_r1_C0_DEFAULT_N4096_q8_rep2,0,4,0,sm_89,R1_EVENT_OVERLAP,NCCL,C0_DEFAULT,2048,4096,2048,8,3,2097152,9,0,2181.856,3166.432,4180.544,1014.112,PASS,0
PHASEB_formal_r1_C0_DEFAULT_N4096_q8_rep2,0,4,0,sm_89,R1_EVENT_OVERLAP,NCCL,C0_DEFAULT,2048,4096,2048,8,4,2097152,9,0,3150.112,4184.576,5193.280,1008.704,PASS,0
PHASEB_formal_r1_C0_DEFAULT_N4096_q8_rep2,0,4,0,sm_89,R1_EVENT_OVERLAP,NCCL,C0_DEFAULT,2048,4096,2048,8,5,2097152,9,0,3268.288,5197.152,6173.280,976.128,PASS,0
PHASEB_formal_r1_C0_DEFAULT_N4096_q8_rep2,0,4,0,sm_89,R1_EVENT_OVERLAP,NCCL,C0_DEFAULT,2048,4096,2048,8,6,2097152,9,0,4236.608,6176.736,7152.448,975.712,PASS,0
PHASEB_formal_r1_C0_DEFAULT_N4096_q8_rep2,0,4,0,sm_89,R1_EVENT_OVERLAP,NCCL,C0_DEFAULT,2048,4096,2048,8,7,2097152,9,0,5221.824,7155.904,8130.944,975.040,PASS,0
PHASEB_formal_r1_C0_DEFAULT_N4096_q8_rep2,0,4,0,sm_89,R1_EVENT_OVERLAP,NCCL,C0_DEFAULT,2048,4096,2048,8,0,2097152,10,0,163.520,170.240,1166.112,995.872,PASS,0
PHASEB_formal_r1_C0_DEFAULT_N4096_q8_rep2,0,4,0,sm_89,R1_EVENT_OVERLAP,NCCL,C0_DEFAULT,2048,4096,2048,8,1,2097152,10,0,258.304,1172.128,2176.832,1004.704,PASS,0
PHASEB_formal_r1_C0_DEFAULT_N4096_q8_rep2,0,4,0,sm_89,R1_EVENT_OVERLAP,NCCL,C0_DEFAULT,2048,4096,2048,8,2,2097152,10,0,1214.272,2180.256,3329.440,1149.184,PASS,0
PHASEB_formal_r1_C0_DEFAULT_N4096_q8_rep2,0,4,0,sm_89,R1_EVENT_OVERLAP,NCCL,C0_DEFAULT,2048,4096,2048,8,3,2097152,10,0,2170.144,3332.896,4474.912,1142.016,PASS,0
PHASEB_formal_r1_C0_DEFAULT_N4096_q8_rep2,0,4,0,sm_89,R1_EVENT_OVERLAP,NCCL,C0_DEFAULT,2048,4096,2048,8,4,2097152,10,0,3145.408,4478.368,5606.304,1127.936,PASS,0
PHASEB_formal_r1_C0_DEFAULT_N4096_q8_rep2,0,4,0,sm_89,R1_EVENT_OVERLAP,NCCL,C0_DEFAULT,2048,4096,2048,8,5,2097152,10,0,3314.528,5609.760,6584.736,974.976,PASS,0
PHASEB_formal_r1_C0_DEFAULT_N4096_q8_rep2,0,4,0,sm_89,R1_EVENT_OVERLAP,NCCL,C0_DEFAULT,2048,4096,2048,8,6,2097152,10,0,4207.072,6588.192,7563.712,975.520,PASS,0
PHASEB_formal_r1_C0_DEFAULT_N4096_q8_rep2,0,4,0,sm_89,R1_EVENT_OVERLAP,NCCL,C0_DEFAULT,2048,4096,2048,8,7,2097152,10,0,5186.528,7567.168,8541.855,974.688,PASS,0
PHASEB_formal_r1_C0_DEFAULT_N4096_q8_rep2,0,4,0,sm_89,R1_EVENT_OVERLAP,NCCL,C0_DEFAULT,2048,4096,2048,8,0,2097152,11,0,178.976,185.568,1180.064,994.496,PASS,0
PHASEB_formal_r1_C0_DEFAULT_N4096_q8_rep2,0,4,0,sm_89,R1_EVENT_OVERLAP,NCCL,C0_DEFAULT,2048,4096,2048,8,1,2097152,11,0,274.272,1185.152,2189.344,1004.192,PASS,0
PHASEB_formal_r1_C0_DEFAULT_N4096_q8_rep2,0,4,0,sm_89,R1_EVENT_OVERLAP,NCCL,C0_DEFAULT,2048,4096,2048,8,2,2097152,11,0,1235.072,2192.800,3340.928,1148.128,PASS,0
PHASEB_formal_r1_C0_DEFAULT_N4096_q8_rep2,0,4,0,sm_89,R1_EVENT_OVERLAP,NCCL,C0_DEFAULT,2048,4096,2048,8,3,2097152,11,0,2182.368,3344.320,4341.568,997.248,PASS,0
PHASEB_formal_r1_C0_DEFAULT_N4096_q8_rep2,0,4,0,sm_89,R1_EVENT_OVERLAP,NCCL,C0_DEFAULT,2048,4096,2048,8,4,2097152,11,0,3176.704,4345.024,5481.024,1136.000,PASS,0
PHASEB_formal_r1_C0_DEFAULT_N4096_q8_rep2,0,4,0,sm_89,R1_EVENT_OVERLAP,NCCL,C0_DEFAULT,2048,4096,2048,8,5,2097152,11,0,3351.232,5484.512,6459.840,975.328,PASS,0
PHASEB_formal_r1_C0_DEFAULT_N4096_q8_rep2,0,4,0,sm_89,R1_EVENT_OVERLAP,NCCL,C0_DEFAULT,2048,4096,2048,8,6,2097152,11,0,4331.872,6463.328,7438.272,974.944,PASS,0
PHASEB_formal_r1_C0_DEFAULT_N4096_q8_rep2,0,4,0,sm_89,R1_EVENT_OVERLAP,NCCL,C0_DEFAULT,2048,4096,2048,8,7,2097152,11,0,5296.800,7441.728,8417.184,975.456,PASS,0
PHASEB_formal_r1_C0_DEFAULT_N4096_q8_rep2,0,4,0,sm_89,R1_EVENT_OVERLAP,NCCL,C0_DEFAULT,2048,4096,2048,8,0,2097152,12,0,169.216,175.392,1172.128,996.736,PASS,0
PHASEB_formal_r1_C0_DEFAULT_N4096_q8_rep2,0,4,0,sm_89,R1_EVENT_OVERLAP,NCCL,C0_DEFAULT,2048,4096,2048,8,1,2097152,12,0,262.528,1175.840,2173.760,997.920,PASS,0
PHASEB_formal_r1_C0_DEFAULT_N4096_q8_rep2,0,4,0,sm_89,R1_EVENT_OVERLAP,NCCL,C0_DEFAULT,2048,4096,2048,8,2,2097152,12,0,1224.064,2177.216,3179.168,1001.952,PASS,0
PHASEB_formal_r1_C0_DEFAULT_N4096_q8_rep2,0,4,0,sm_89,R1_EVENT_OVERLAP,NCCL,C0_DEFAULT,2048,4096,2048,8,3,2097152,12,0,2183.744,3182.624,4242.912,1060.288,PASS,0
PHASEB_formal_r1_C0_DEFAULT_N4096_q8_rep2,0,4,0,sm_89,R1_EVENT_OVERLAP,NCCL,C0_DEFAULT,2048,4096,2048,8,4,2097152,12,0,3172.000,4246.400,5388.128,1141.728,PASS,0
PHASEB_formal_r1_C0_DEFAULT_N4096_q8_rep2,0,4,0,sm_89,R1_EVENT_OVERLAP,NCCL,C0_DEFAULT,2048,4096,2048,8,5,2097152,12,0,3328.352,5391.616,6366.496,974.880,PASS,0
PHASEB_formal_r1_C0_DEFAULT_N4096_q8_rep2,0,4,0,sm_89,R1_EVENT_OVERLAP,NCCL,C0_DEFAULT,2048,4096,2048,8,6,2097152,12,0,4235.904,6369.952,7345.984,976.032,PASS,0
PHASEB_formal_r1_C0_DEFAULT_N4096_q8_rep2,0,4,0,sm_89,R1_EVENT_OVERLAP,NCCL,C0_DEFAULT,2048,4096,2048,8,7,2097152,12,0,5201.792,7349.440,8323.808,974.368,PASS,0
PHASEB_formal_r1_C0_DEFAULT_N4096_q8_rep2,0,4,0,sm_89,R1_EVENT_OVERLAP,NCCL,C0_DEFAULT,2048,4096,2048,8,0,2097152,13,0,168.000,175.040,1175.232,1000.192,PASS,0
PHASEB_formal_r1_C0_DEFAULT_N4096_q8_rep2,0,4,0,sm_89,R1_EVENT_OVERLAP,NCCL,C0_DEFAULT,2048,4096,2048,8,1,2097152,13,0,263.136,1179.104,2177.536,998.432,PASS,0
PHASEB_formal_r1_C0_DEFAULT_N4096_q8_rep2,0,4,0,sm_89,R1_EVENT_OVERLAP,NCCL,C0_DEFAULT,2048,4096,2048,8,2,2097152,13,0,1239.936,2181.216,3175.744,994.528,PASS,0
PHASEB_formal_r1_C0_DEFAULT_N4096_q8_rep2,0,4,0,sm_89,R1_EVENT_OVERLAP,NCCL,C0_DEFAULT,2048,4096,2048,8,3,2097152,13,0,2190.208,3179.200,4247.136,1067.936,PASS,0
PHASEB_formal_r1_C0_DEFAULT_N4096_q8_rep2,0,4,0,sm_89,R1_EVENT_OVERLAP,NCCL,C0_DEFAULT,2048,4096,2048,8,4,2097152,13,0,3168.928,4250.592,5300.864,1050.272,PASS,0
PHASEB_formal_r1_C0_DEFAULT_N4096_q8_rep2,0,4,0,sm_89,R1_EVENT_OVERLAP,NCCL,C0_DEFAULT,2048,4096,2048,8,5,2097152,13,0,3341.088,5304.256,6280.064,975.808,PASS,0
PHASEB_formal_r1_C0_DEFAULT_N4096_q8_rep2,0,4,0,sm_89,R1_EVENT_OVERLAP,NCCL,C0_DEFAULT,2048,4096,2048,8,6,2097152,13,0,4240.000,6283.520,7258.048,974.528,PASS,0
PHASEB_formal_r1_C0_DEFAULT_N4096_q8_rep2,0,4,0,sm_89,R1_EVENT_OVERLAP,NCCL,C0_DEFAULT,2048,4096,2048,8,7,2097152,13,0,4527.328,7261.568,8236.768,975.200,PASS,0
PHASEB_formal_r1_C0_DEFAULT_N4096_q8_rep2,0,4,0,sm_89,R1_EVENT_OVERLAP,NCCL,C0_DEFAULT,2048,4096,2048,8,0,2097152,14,0,173.888,180.832,1173.472,992.640,PASS,0
PHASEB_formal_r1_C0_DEFAULT_N4096_q8_rep2,0,4,0,sm_89,R1_EVENT_OVERLAP,NCCL,C0_DEFAULT,2048,4096,2048,8,1,2097152,14,0,268.352,1177.728,2182.944,1005.216,PASS,0
PHASEB_formal_r1_C0_DEFAULT_N4096_q8_rep2,0,4,0,sm_89,R1_EVENT_OVERLAP,NCCL,C0_DEFAULT,2048,4096,2048,8,2,2097152,14,0,1223.264,2186.720,3335.328,1148.608,PASS,0
PHASEB_formal_r1_C0_DEFAULT_N4096_q8_rep2,0,4,0,sm_89,R1_EVENT_OVERLAP,NCCL,C0_DEFAULT,2048,4096,2048,8,3,2097152,14,0,2176.544,3338.688,4481.056,1142.368,PASS,0
PHASEB_formal_r1_C0_DEFAULT_N4096_q8_rep2,0,4,0,sm_89,R1_EVENT_OVERLAP,NCCL,C0_DEFAULT,2048,4096,2048,8,4,2097152,14,0,3169.216,4484.448,5612.768,1128.320,PASS,0
PHASEB_formal_r1_C0_DEFAULT_N4096_q8_rep2,0,4,0,sm_89,R1_EVENT_OVERLAP,NCCL,C0_DEFAULT,2048,4096,2048,8,5,2097152,14,0,3276.992,5616.224,6590.976,974.752,PASS,0
PHASEB_formal_r1_C0_DEFAULT_N4096_q8_rep2,0,4,0,sm_89,R1_EVENT_OVERLAP,NCCL,C0_DEFAULT,2048,4096,2048,8,6,2097152,14,0,4249.216,6594.432,7570.752,976.320,PASS,0
PHASEB_formal_r1_C0_DEFAULT_N4096_q8_rep2,0,4,0,sm_89,R1_EVENT_OVERLAP,NCCL,C0_DEFAULT,2048,4096,2048,8,7,2097152,14,0,5214.336,7574.240,8548.704,974.464,PASS,0
PHASEB_formal_r1_C0_DEFAULT_N4096_q8_rep2,0,4,0,sm_89,R1_EVENT_OVERLAP,NCCL,C0_DEFAULT,2048,4096,2048,8,0,2097152,15,0,159.136,165.376,1155.616,990.240,PASS,0
PHASEB_formal_r1_C0_DEFAULT_N4096_q8_rep2,0,4,0,sm_89,R1_EVENT_OVERLAP,NCCL,C0_DEFAULT,2048,4096,2048,8,1,2097152,15,0,256.416,1159.200,2161.344,1002.144,PASS,0
PHASEB_formal_r1_C0_DEFAULT_N4096_q8_rep2,0,4,0,sm_89,R1_EVENT_OVERLAP,NCCL,C0_DEFAULT,2048,4096,2048,8,2,2097152,15,0,1217.536,2164.800,3150.368,985.568,PASS,0
PHASEB_formal_r1_C0_DEFAULT_N4096_q8_rep2,0,4,0,sm_89,R1_EVENT_OVERLAP,NCCL,C0_DEFAULT,2048,4096,2048,8,3,2097152,15,0,2171.488,3153.792,4216.544,1062.752,PASS,0
PHASEB_formal_r1_C0_DEFAULT_N4096_q8_rep2,0,4,0,sm_89,R1_EVENT_OVERLAP,NCCL,C0_DEFAULT,2048,4096,2048,8,4,2097152,15,0,3133.376,4220.256,5290.016,1069.760,PASS,0
PHASEB_formal_r1_C0_DEFAULT_N4096_q8_rep2,0,4,0,sm_89,R1_EVENT_OVERLAP,NCCL,C0_DEFAULT,2048,4096,2048,8,5,2097152,15,0,3346.176,5293.504,6269.184,975.680,PASS,0
PHASEB_formal_r1_C0_DEFAULT_N4096_q8_rep2,0,4,0,sm_89,R1_EVENT_OVERLAP,NCCL,C0_DEFAULT,2048,4096,2048,8,6,2097152,15,0,4346.368,6272.608,7247.360,974.752,PASS,0
PHASEB_formal_r1_C0_DEFAULT_N4096_q8_rep2,0,4,0,sm_89,R1_EVENT_OVERLAP,NCCL,C0_DEFAULT,2048,4096,2048,8,7,2097152,15,0,5311.072,7250.816,8225.664,974.848,PASS,0
PHASEB_formal_r1_C0_DEFAULT_N4096_q8_rep2,0,4,0,sm_89,R1_EVENT_OVERLAP,NCCL,C0_DEFAULT,2048,4096,2048,8,0,2097152,16,0,165.344,171.776,1171.360,999.584,PASS,0
PHASEB_formal_r1_C0_DEFAULT_N4096_q8_rep2,0,4,0,sm_89,R1_EVENT_OVERLAP,NCCL,C0_DEFAULT,2048,4096,2048,8,1,2097152,16,0,257.760,1174.752,2177.472,1002.720,PASS,0
PHASEB_formal_r1_C0_DEFAULT_N4096_q8_rep2,0,4,0,sm_89,R1_EVENT_OVERLAP,NCCL,C0_DEFAULT,2048,4096,2048,8,2,2097152,16,0,1208.608,2180.960,3173.280,992.320,PASS,0
PHASEB_formal_r1_C0_DEFAULT_N4096_q8_rep2,0,4,0,sm_89,R1_EVENT_OVERLAP,NCCL,C0_DEFAULT,2048,4096,2048,8,3,2097152,16,0,2170.752,3177.344,4176.768,999.424,PASS,0
PHASEB_formal_r1_C0_DEFAULT_N4096_q8_rep2,0,4,0,sm_89,R1_EVENT_OVERLAP,NCCL,C0_DEFAULT,2048,4096,2048,8,4,2097152,16,0,2268.064,4180.256,5170.496,990.240,PASS,0
PHASEB_formal_r1_C0_DEFAULT_N4096_q8_rep2,0,4,0,sm_89,R1_EVENT_OVERLAP,NCCL,C0_DEFAULT,2048,4096,2048,8,5,2097152,16,0,3220.800,5173.952,6148.384,974.432,PASS,0
PHASEB_formal_r1_C0_DEFAULT_N4096_q8_rep2,0,4,0,sm_89,R1_EVENT_OVERLAP,NCCL,C0_DEFAULT,2048,4096,2048,8,6,2097152,16,0,4189.152,6151.872,7127.488,975.616,PASS,0
PHASEB_formal_r1_C0_DEFAULT_N4096_q8_rep2,0,4,0,sm_89,R1_EVENT_OVERLAP,NCCL,C0_DEFAULT,2048,4096,2048,8,7,2097152,16,0,5161.536,7130.976,8105.440,974.464,PASS,0
PHASEB_formal_r1_C0_DEFAULT_N4096_q8_rep2,0,4,0,sm_89,R1_EVENT_OVERLAP,NCCL,C0_DEFAULT,2048,4096,2048,8,0,2097152,17,0,178.144,185.248,1184.512,999.264,PASS,0
PHASEB_formal_r1_C0_DEFAULT_N4096_q8_rep2,0,4,0,sm_89,R1_EVENT_OVERLAP,NCCL,C0_DEFAULT,2048,4096,2048,8,1,2097152,17,0,273.344,1188.160,2184.544,996.384,PASS,0
PHASEB_formal_r1_C0_DEFAULT_N4096_q8_rep2,0,4,0,sm_89,R1_EVENT_OVERLAP,NCCL,C0_DEFAULT,2048,4096,2048,8,2,2097152,17,0,1235.968,2188.192,3192.768,1004.576,PASS,0
PHASEB_formal_r1_C0_DEFAULT_N4096_q8_rep2,0,4,0,sm_89,R1_EVENT_OVERLAP,NCCL,C0_DEFAULT,2048,4096,2048,8,3,2097152,17,0,2196.832,3196.256,4200.224,1003.968,PASS,0
PHASEB_formal_r1_C0_DEFAULT_N4096_q8_rep2,0,4,0,sm_89,R1_EVENT_OVERLAP,NCCL,C0_DEFAULT,2048,4096,2048,8,4,2097152,17,0,3183.168,4206.656,5207.648,1000.992,PASS,0
PHASEB_formal_r1_C0_DEFAULT_N4096_q8_rep2,0,4,0,sm_89,R1_EVENT_OVERLAP,NCCL,C0_DEFAULT,2048,4096,2048,8,5,2097152,17,0,3283.680,5211.136,6186.880,975.744,PASS,0
PHASEB_formal_r1_C0_DEFAULT_N4096_q8_rep2,0,4,0,sm_89,R1_EVENT_OVERLAP,NCCL,C0_DEFAULT,2048,4096,2048,8,6,2097152,17,0,4239.392,6190.368,7165.472,975.104,PASS,0
PHASEB_formal_r1_C0_DEFAULT_N4096_q8_rep2,0,4,0,sm_89,R1_EVENT_OVERLAP,NCCL,C0_DEFAULT,2048,4096,2048,8,7,2097152,17,0,5200.704,7168.928,8144.512,975.584,PASS,0
PHASEB_formal_r1_C0_DEFAULT_N4096_q8_rep2,0,4,0,sm_89,R1_EVENT_OVERLAP,NCCL,C0_DEFAULT,2048,4096,2048,8,0,2097152,18,0,172.064,178.304,1183.136,1004.832,PASS,0
PHASEB_formal_r1_C0_DEFAULT_N4096_q8_rep2,0,4,0,sm_89,R1_EVENT_OVERLAP,NCCL,C0_DEFAULT,2048,4096,2048,8,1,2097152,18,0,265.536,1186.560,2184.928,998.368,PASS,0
PHASEB_formal_r1_C0_DEFAULT_N4096_q8_rep2,0,4,0,sm_89,R1_EVENT_OVERLAP,NCCL,C0_DEFAULT,2048,4096,2048,8,2,2097152,18,0,1234.912,2189.056,3182.496,993.440,PASS,0
PHASEB_formal_r1_C0_DEFAULT_N4096_q8_rep2,0,4,0,sm_89,R1_EVENT_OVERLAP,NCCL,C0_DEFAULT,2048,4096,2048,8,3,2097152,18,0,2195.712,3185.888,4199.296,1013.408,PASS,0
PHASEB_formal_r1_C0_DEFAULT_N4096_q8_rep2,0,4,0,sm_89,R1_EVENT_OVERLAP,NCCL,C0_DEFAULT,2048,4096,2048,8,4,2097152,18,0,3175.776,4203.360,5201.664,998.304,PASS,0
PHASEB_formal_r1_C0_DEFAULT_N4096_q8_rep2,0,4,0,sm_89,R1_EVENT_OVERLAP,NCCL,C0_DEFAULT,2048,4096,2048,8,5,2097152,18,0,3294.432,5205.152,6179.744,974.592,PASS,0
PHASEB_formal_r1_C0_DEFAULT_N4096_q8_rep2,0,4,0,sm_89,R1_EVENT_OVERLAP,NCCL,C0_DEFAULT,2048,4096,2048,8,6,2097152,18,0,4242.496,6183.232,7158.976,975.744,PASS,0
PHASEB_formal_r1_C0_DEFAULT_N4096_q8_rep2,0,4,0,sm_89,R1_EVENT_OVERLAP,NCCL,C0_DEFAULT,2048,4096,2048,8,7,2097152,18,0,5211.840,7162.432,8137.056,974.624,PASS,0
PHASEB_formal_r1_C0_DEFAULT_N4096_q8_rep2,0,4,0,sm_89,R1_EVENT_OVERLAP,NCCL,C0_DEFAULT,2048,4096,2048,8,0,2097152,19,0,171.392,177.696,1172.864,995.168,PASS,0
PHASEB_formal_r1_C0_DEFAULT_N4096_q8_rep2,0,4,0,sm_89,R1_EVENT_OVERLAP,NCCL,C0_DEFAULT,2048,4096,2048,8,1,2097152,19,0,265.280,1176.928,2178.016,1001.088,PASS,0
PHASEB_formal_r1_C0_DEFAULT_N4096_q8_rep2,0,4,0,sm_89,R1_EVENT_OVERLAP,NCCL,C0_DEFAULT,2048,4096,2048,8,2,2097152,19,0,1231.296,2181.504,3184.448,1002.944,PASS,0
PHASEB_formal_r1_C0_DEFAULT_N4096_q8_rep2,0,4,0,sm_89,R1_EVENT_OVERLAP,NCCL,C0_DEFAULT,2048,4096,2048,8,3,2097152,19,0,2190.912,3187.936,4330.624,1142.688,PASS,0
PHASEB_formal_r1_C0_DEFAULT_N4096_q8_rep2,0,4,0,sm_89,R1_EVENT_OVERLAP,NCCL,C0_DEFAULT,2048,4096,2048,8,4,2097152,19,0,3177.824,4334.048,5378.528,1044.480,PASS,0
PHASEB_formal_r1_C0_DEFAULT_N4096_q8_rep2,0,4,0,sm_89,R1_EVENT_OVERLAP,NCCL,C0_DEFAULT,2048,4096,2048,8,5,2097152,19,0,4163.840,5382.016,6357.888,975.872,PASS,0
PHASEB_formal_r1_C0_DEFAULT_N4096_q8_rep2,0,4,0,sm_89,R1_EVENT_OVERLAP,NCCL,C0_DEFAULT,2048,4096,2048,8,6,2097152,19,0,4480.544,6361.344,7335.872,974.528,PASS,0
PHASEB_formal_r1_C0_DEFAULT_N4096_q8_rep2,0,4,0,sm_89,R1_EVENT_OVERLAP,NCCL,C0_DEFAULT,2048,4096,2048,8,7,2097152,19,0,5390.688,7339.360,8314.912,975.552,PASS,0
PHASEB_formal_r1_C0_DEFAULT_N4096_q8_rep2,0,4,0,sm_89,R1_EVENT_OVERLAP,NCCL,C0_DEFAULT,2048,4096,2048,8,0,2097152,20,0,168.224,174.528,1181.120,1006.592,PASS,0
PHASEB_formal_r1_C0_DEFAULT_N4096_q8_rep2,0,4,0,sm_89,R1_EVENT_OVERLAP,NCCL,C0_DEFAULT,2048,4096,2048,8,1,2097152,20,0,277.952,1184.928,2187.424,1002.496,PASS,0
PHASEB_formal_r1_C0_DEFAULT_N4096_q8_rep2,0,4,0,sm_89,R1_EVENT_OVERLAP,NCCL,C0_DEFAULT,2048,4096,2048,8,2,2097152,20,0,1224.608,2191.104,3185.984,994.880,PASS,0
PHASEB_formal_r1_C0_DEFAULT_N4096_q8_rep2,0,4,0,sm_89,R1_EVENT_OVERLAP,NCCL,C0_DEFAULT,2048,4096,2048,8,3,2097152,20,0,2179.104,3191.680,4189.952,998.272,PASS,0
PHASEB_formal_r1_C0_DEFAULT_N4096_q8_rep2,0,4,0,sm_89,R1_EVENT_OVERLAP,NCCL,C0_DEFAULT,2048,4096,2048,8,4,2097152,20,0,2288.256,4193.984,5185.408,991.424,PASS,0
PHASEB_formal_r1_C0_DEFAULT_N4096_q8_rep2,0,4,0,sm_89,R1_EVENT_OVERLAP,NCCL,C0_DEFAULT,2048,4096,2048,8,5,2097152,20,0,3247.904,5188.896,6163.488,974.592,PASS,0
PHASEB_formal_r1_C0_DEFAULT_N4096_q8_rep2,0,4,0,sm_89,R1_EVENT_OVERLAP,NCCL,C0_DEFAULT,2048,4096,2048,8,6,2097152,20,0,4207.456,6166.944,7143.008,976.064,PASS,0
PHASEB_formal_r1_C0_DEFAULT_N4096_q8_rep2,0,4,0,sm_89,R1_EVENT_OVERLAP,NCCL,C0_DEFAULT,2048,4096,2048,8,7,2097152,20,0,5195.296,7146.656,8120.544,973.888,PASS,0
PHASEB_formal_r1_C0_DEFAULT_N4096_q8_rep2,0,4,0,sm_89,R1_EVENT_OVERLAP,NCCL,C0_DEFAULT,2048,4096,2048,8,0,2097152,21,0,167.840,174.720,1167.904,993.184,PASS,0
PHASEB_formal_r1_C0_DEFAULT_N4096_q8_rep2,0,4,0,sm_89,R1_EVENT_OVERLAP,NCCL,C0_DEFAULT,2048,4096,2048,8,1,2097152,21,0,261.408,1173.152,2172.960,999.808,PASS,0
PHASEB_formal_r1_C0_DEFAULT_N4096_q8_rep2,0,4,0,sm_89,R1_EVENT_OVERLAP,NCCL,C0_DEFAULT,2048,4096,2048,8,2,2097152,21,0,1216.800,2176.288,3173.536,997.248,PASS,0
PHASEB_formal_r1_C0_DEFAULT_N4096_q8_rep2,0,4,0,sm_89,R1_EVENT_OVERLAP,NCCL,C0_DEFAULT,2048,4096,2048,8,3,2097152,21,0,2182.816,3176.992,4213.344,1036.352,PASS,0
PHASEB_formal_r1_C0_DEFAULT_N4096_q8_rep2,0,4,0,sm_89,R1_EVENT_OVERLAP,NCCL,C0_DEFAULT,2048,4096,2048,8,4,2097152,21,0,3166.688,4217.344,5207.168,989.824,PASS,0
PHASEB_formal_r1_C0_DEFAULT_N4096_q8_rep2,0,4,0,sm_89,R1_EVENT_OVERLAP,NCCL,C0_DEFAULT,2048,4096,2048,8,5,2097152,21,0,3304.832,5210.656,6186.528,975.872,PASS,0
PHASEB_formal_r1_C0_DEFAULT_N4096_q8_rep2,0,4,0,sm_89,R1_EVENT_OVERLAP,NCCL,C0_DEFAULT,2048,4096,2048,8,6,2097152,21,0,4234.240,6189.984,7164.928,974.944,PASS,0
PHASEB_formal_r1_C0_DEFAULT_N4096_q8_rep2,0,4,0,sm_89,R1_EVENT_OVERLAP,NCCL,C0_DEFAULT,2048,4096,2048,8,7,2097152,21,0,5195.488,7168.704,8143.712,975.008,PASS,0
PHASEB_formal_r1_C0_DEFAULT_N4096_q8_rep2,0,4,0,sm_89,R1_EVENT_OVERLAP,NCCL,C0_DEFAULT,2048,4096,2048,8,0,2097152,22,0,174.400,181.152,1177.088,995.936,PASS,0
PHASEB_formal_r1_C0_DEFAULT_N4096_q8_rep2,0,4,0,sm_89,R1_EVENT_OVERLAP,NCCL,C0_DEFAULT,2048,4096,2048,8,1,2097152,22,0,282.944,1181.376,2178.048,996.672,PASS,0
PHASEB_formal_r1_C0_DEFAULT_N4096_q8_rep2,0,4,0,sm_89,R1_EVENT_OVERLAP,NCCL,C0_DEFAULT,2048,4096,2048,8,2,2097152,22,0,1236.032,2181.568,3175.264,993.696,PASS,0
PHASEB_formal_r1_C0_DEFAULT_N4096_q8_rep2,0,4,0,sm_89,R1_EVENT_OVERLAP,NCCL,C0_DEFAULT,2048,4096,2048,8,3,2097152,22,0,2189.536,3178.688,4188.160,1009.472,PASS,0
PHASEB_formal_r1_C0_DEFAULT_N4096_q8_rep2,0,4,0,sm_89,R1_EVENT_OVERLAP,NCCL,C0_DEFAULT,2048,4096,2048,8,4,2097152,22,0,3168.736,4191.584,5191.360,999.776,PASS,0
PHASEB_formal_r1_C0_DEFAULT_N4096_q8_rep2,0,4,0,sm_89,R1_EVENT_OVERLAP,NCCL,C0_DEFAULT,2048,4096,2048,8,5,2097152,22,0,3288.064,5194.816,6169.600,974.784,PASS,0
PHASEB_formal_r1_C0_DEFAULT_N4096_q8_rep2,0,4,0,sm_89,R1_EVENT_OVERLAP,NCCL,C0_DEFAULT,2048,4096,2048,8,6,2097152,22,0,4243.616,6173.056,7148.736,975.680,PASS,0
PHASEB_formal_r1_C0_DEFAULT_N4096_q8_rep2,0,4,0,sm_89,R1_EVENT_OVERLAP,NCCL,C0_DEFAULT,2048,4096,2048,8,7,2097152,22,0,5207.712,7152.224,8126.433,974.208,PASS,0
PHASEB_formal_r1_C0_DEFAULT_N4096_q8_rep2,0,4,0,sm_89,R1_EVENT_OVERLAP,NCCL,C0_DEFAULT,2048,4096,2048,8,0,2097152,23,0,170.720,176.864,1187.136,1010.272,PASS,0
PHASEB_formal_r1_C0_DEFAULT_N4096_q8_rep2,0,4,0,sm_89,R1_EVENT_OVERLAP,NCCL,C0_DEFAULT,2048,4096,2048,8,1,2097152,23,0,265.856,1193.088,2194.304,1001.216,PASS,0
PHASEB_formal_r1_C0_DEFAULT_N4096_q8_rep2,0,4,0,sm_89,R1_EVENT_OVERLAP,NCCL,C0_DEFAULT,2048,4096,2048,8,2,2097152,23,0,1236.320,2197.760,3189.824,992.064,PASS,0
PHASEB_formal_r1_C0_DEFAULT_N4096_q8_rep2,0,4,0,sm_89,R1_EVENT_OVERLAP,NCCL,C0_DEFAULT,2048,4096,2048,8,3,2097152,23,0,2204.320,3193.280,4228.576,1035.296,PASS,0
PHASEB_formal_r1_C0_DEFAULT_N4096_q8_rep2,0,4,0,sm_89,R1_EVENT_OVERLAP,NCCL,C0_DEFAULT,2048,4096,2048,8,4,2097152,23,0,3183.040,4232.352,5219.328,986.976,PASS,0
PHASEB_formal_r1_C0_DEFAULT_N4096_q8_rep2,0,4,0,sm_89,R1_EVENT_OVERLAP,NCCL,C0_DEFAULT,2048,4096,2048,8,5,2097152,23,0,3324.096,5222.816,6199.008,976.192,PASS,0
PHASEB_formal_r1_C0_DEFAULT_N4096_q8_rep2,0,4,0,sm_89,R1_EVENT_OVERLAP,NCCL,C0_DEFAULT,2048,4096,2048,8,6,2097152,23,0,4239.008,6202.720,7177.824,975.104,PASS,0
PHASEB_formal_r1_C0_DEFAULT_N4096_q8_rep2,0,4,0,sm_89,R1_EVENT_OVERLAP,NCCL,C0_DEFAULT,2048,4096,2048,8,7,2097152,23,0,5201.888,7181.280,8156.576,975.296,PASS,0
PHASEB_formal_r1_C0_DEFAULT_N4096_q8_rep2,0,4,0,sm_89,R1_EVENT_OVERLAP,NCCL,C0_DEFAULT,2048,4096,2048,8,0,2097152,24,0,167.136,173.408,1168.256,994.848,PASS,0
PHASEB_formal_r1_C0_DEFAULT_N4096_q8_rep2,0,4,0,sm_89,R1_EVENT_OVERLAP,NCCL,C0_DEFAULT,2048,4096,2048,8,1,2097152,24,0,262.912,1171.872,2172.608,1000.736,PASS,0
PHASEB_formal_r1_C0_DEFAULT_N4096_q8_rep2,0,4,0,sm_89,R1_EVENT_OVERLAP,NCCL,C0_DEFAULT,2048,4096,2048,8,2,2097152,24,0,1220.000,2176.064,3170.528,994.464,PASS,0
PHASEB_formal_r1_C0_DEFAULT_N4096_q8_rep2,0,4,0,sm_89,R1_EVENT_OVERLAP,NCCL,C0_DEFAULT,2048,4096,2048,8,3,2097152,24,0,2184.160,3173.984,4171.648,997.664,PASS,0
PHASEB_formal_r1_C0_DEFAULT_N4096_q8_rep2,0,4,0,sm_89,R1_EVENT_OVERLAP,NCCL,C0_DEFAULT,2048,4096,2048,8,4,2097152,24,0,3180.384,4175.136,5164.448,989.312,PASS,0
PHASEB_formal_r1_C0_DEFAULT_N4096_q8_rep2,0,4,0,sm_89,R1_EVENT_OVERLAP,NCCL,C0_DEFAULT,2048,4096,2048,8,5,2097152,24,0,4181.728,5167.904,6220.352,1052.448,PASS,0
PHASEB_formal_r1_C0_DEFAULT_N4096_q8_rep2,0,4,0,sm_89,R1_EVENT_OVERLAP,NCCL,C0_DEFAULT,2048,4096,2048,8,6,2097152,24,0,5152.608,6223.776,7199.680,975.904,PASS,0
PHASEB_formal_r1_C0_DEFAULT_N4096_q8_rep2,0,4,0,sm_89,R1_EVENT_OVERLAP,NCCL,C0_DEFAULT,2048,4096,2048,8,7,2097152,24,0,5673.472,7203.104,8178.208,975.104,PASS,0
PHASEB_formal_r1_C0_DEFAULT_N4096_q8_rep2,0,4,0,sm_89,R1_EVENT_OVERLAP,NCCL,C0_DEFAULT,2048,4096,2048,8,0,2097152,25,0,168.320,174.912,1166.272,991.360,PASS,0
PHASEB_formal_r1_C0_DEFAULT_N4096_q8_rep2,0,4,0,sm_89,R1_EVENT_OVERLAP,NCCL,C0_DEFAULT,2048,4096,2048,8,1,2097152,25,0,260.128,1169.760,2166.752,996.992,PASS,0
PHASEB_formal_r1_C0_DEFAULT_N4096_q8_rep2,0,4,0,sm_89,R1_EVENT_OVERLAP,NCCL,C0_DEFAULT,2048,4096,2048,8,2,2097152,25,0,1218.560,2170.208,3188.832,1018.624,PASS,0
PHASEB_formal_r1_C0_DEFAULT_N4096_q8_rep2,0,4,0,sm_89,R1_EVENT_OVERLAP,NCCL,C0_DEFAULT,2048,4096,2048,8,3,2097152,25,0,2176.928,3192.288,4193.536,1001.248,PASS,0
PHASEB_formal_r1_C0_DEFAULT_N4096_q8_rep2,0,4,0,sm_89,R1_EVENT_OVERLAP,NCCL,C0_DEFAULT,2048,4096,2048,8,4,2097152,25,0,3198.688,4197.440,5341.056,1143.616,PASS,0
PHASEB_formal_r1_C0_DEFAULT_N4096_q8_rep2,0,4,0,sm_89,R1_EVENT_OVERLAP,NCCL,C0_DEFAULT,2048,4096,2048,8,5,2097152,25,0,4184.960,5344.576,6396.192,1051.616,PASS,0
PHASEB_formal_r1_C0_DEFAULT_N4096_q8_rep2,0,4,0,sm_89,R1_EVENT_OVERLAP,NCCL,C0_DEFAULT,2048,4096,2048,8,6,2097152,25,0,5165.888,6399.648,7374.176,974.528,PASS,0
PHASEB_formal_r1_C0_DEFAULT_N4096_q8_rep2,0,4,0,sm_89,R1_EVENT_OVERLAP,NCCL,C0_DEFAULT,2048,4096,2048,8,7,2097152,25,0,5656.256,7377.632,8352.896,975.264,PASS,0
PHASEB_formal_r1_C0_DEFAULT_N4096_q8_rep2,0,4,0,sm_89,R1_EVENT_OVERLAP,NCCL,C0_DEFAULT,2048,4096,2048,8,0,2097152,26,0,160.928,168.032,1162.240,994.208,PASS,0
PHASEB_formal_r1_C0_DEFAULT_N4096_q8_rep2,0,4,0,sm_89,R1_EVENT_OVERLAP,NCCL,C0_DEFAULT,2048,4096,2048,8,1,2097152,26,0,257.888,1165.728,2163.840,998.112,PASS,0
PHASEB_formal_r1_C0_DEFAULT_N4096_q8_rep2,0,4,0,sm_89,R1_EVENT_OVERLAP,NCCL,C0_DEFAULT,2048,4096,2048,8,2,2097152,26,0,1211.872,2167.488,3177.920,1010.432,PASS,0
PHASEB_formal_r1_C0_DEFAULT_N4096_q8_rep2,0,4,0,sm_89,R1_EVENT_OVERLAP,NCCL,C0_DEFAULT,2048,4096,2048,8,3,2097152,26,0,2173.952,3181.312,4175.296,993.984,PASS,0
PHASEB_formal_r1_C0_DEFAULT_N4096_q8_rep2,0,4,0,sm_89,R1_EVENT_OVERLAP,NCCL,C0_DEFAULT,2048,4096,2048,8,4,2097152,26,0,3187.808,4178.784,5309.824,1131.040,PASS,0
PHASEB_formal_r1_C0_DEFAULT_N4096_q8_rep2,0,4,0,sm_89,R1_EVENT_OVERLAP,NCCL,C0_DEFAULT,2048,4096,2048,8,5,2097152,26,0,4167.808,5313.248,6430.080,1116.832,PASS,0
PHASEB_formal_r1_C0_DEFAULT_N4096_q8_rep2,0,4,0,sm_89,R1_EVENT_OVERLAP,NCCL,C0_DEFAULT,2048,4096,2048,8,6,2097152,26,0,5169.472,6433.536,7399.136,965.600,PASS,0
PHASEB_formal_r1_C0_DEFAULT_N4096_q8_rep2,0,4,0,sm_89,R1_EVENT_OVERLAP,NCCL,C0_DEFAULT,2048,4096,2048,8,7,2097152,26,0,6159.008,7402.592,8366.881,964.288,PASS,0
PHASEB_formal_r1_C0_DEFAULT_N4096_q8_rep2,0,4,0,sm_89,R1_EVENT_OVERLAP,NCCL,C0_DEFAULT,2048,4096,2048,8,0,2097152,27,0,164.800,171.232,1154.272,983.040,PASS,0
PHASEB_formal_r1_C0_DEFAULT_N4096_q8_rep2,0,4,0,sm_89,R1_EVENT_OVERLAP,NCCL,C0_DEFAULT,2048,4096,2048,8,1,2097152,27,0,260.640,1158.240,2149.440,991.200,PASS,0
PHASEB_formal_r1_C0_DEFAULT_N4096_q8_rep2,0,4,0,sm_89,R1_EVENT_OVERLAP,NCCL,C0_DEFAULT,2048,4096,2048,8,2,2097152,27,0,1211.808,2153.344,3133.440,980.096,PASS,0
PHASEB_formal_r1_C0_DEFAULT_N4096_q8_rep2,0,4,0,sm_89,R1_EVENT_OVERLAP,NCCL,C0_DEFAULT,2048,4096,2048,8,3,2097152,27,0,2165.728,3136.992,4189.280,1052.288,PASS,0
PHASEB_formal_r1_C0_DEFAULT_N4096_q8_rep2,0,4,0,sm_89,R1_EVENT_OVERLAP,NCCL,C0_DEFAULT,2048,4096,2048,8,4,2097152,27,0,3123.968,4192.640,5232.896,1040.256,PASS,0
PHASEB_formal_r1_C0_DEFAULT_N4096_q8_rep2,0,4,0,sm_89,R1_EVENT_OVERLAP,NCCL,C0_DEFAULT,2048,4096,2048,8,5,2097152,27,0,3333.120,5255.840,6223.200,967.360,PASS,0
PHASEB_formal_r1_C0_DEFAULT_N4096_q8_rep2,0,4,0,sm_89,R1_EVENT_OVERLAP,NCCL,C0_DEFAULT,2048,4096,2048,8,6,2097152,27,0,4316.608,6226.656,7190.752,964.096,PASS,0
PHASEB_formal_r1_C0_DEFAULT_N4096_q8_rep2,0,4,0,sm_89,R1_EVENT_OVERLAP,NCCL,C0_DEFAULT,2048,4096,2048,8,7,2097152,27,0,5288.064,7194.208,8158.560,964.352,PASS,0
PHASEB_formal_r1_C0_DEFAULT_N4096_q8_rep2,0,4,0,sm_89,R1_EVENT_OVERLAP,NCCL,C0_DEFAULT,2048,4096,2048,8,0,2097152,28,0,167.712,174.240,1158.912,984.672,PASS,0
PHASEB_formal_r1_C0_DEFAULT_N4096_q8_rep2,0,4,0,sm_89,R1_EVENT_OVERLAP,NCCL,C0_DEFAULT,2048,4096,2048,8,1,2097152,28,0,260.576,1163.136,2154.624,991.488,PASS,0
PHASEB_formal_r1_C0_DEFAULT_N4096_q8_rep2,0,4,0,sm_89,R1_EVENT_OVERLAP,NCCL,C0_DEFAULT,2048,4096,2048,8,2,2097152,28,0,1213.952,2158.336,3153.184,994.848,PASS,0
PHASEB_formal_r1_C0_DEFAULT_N4096_q8_rep2,0,4,0,sm_89,R1_EVENT_OVERLAP,NCCL,C0_DEFAULT,2048,4096,2048,8,3,2097152,28,0,2168.448,3156.544,4149.536,992.992,PASS,0
PHASEB_formal_r1_C0_DEFAULT_N4096_q8_rep2,0,4,0,sm_89,R1_EVENT_OVERLAP,NCCL,C0_DEFAULT,2048,4096,2048,8,4,2097152,28,0,3163.232,4153.408,5149.184,995.776,PASS,0
PHASEB_formal_r1_C0_DEFAULT_N4096_q8_rep2,0,4,0,sm_89,R1_EVENT_OVERLAP,NCCL,C0_DEFAULT,2048,4096,2048,8,5,2097152,28,0,4159.776,5152.608,6204.672,1052.064,PASS,0
PHASEB_formal_r1_C0_DEFAULT_N4096_q8_rep2,0,4,0,sm_89,R1_EVENT_OVERLAP,NCCL,C0_DEFAULT,2048,4096,2048,8,6,2097152,28,0,5139.232,6208.128,7183.360,975.232,PASS,0
PHASEB_formal_r1_C0_DEFAULT_N4096_q8_rep2,0,4,0,sm_89,R1_EVENT_OVERLAP,NCCL,C0_DEFAULT,2048,4096,2048,8,7,2097152,28,0,5629.856,7187.072,8161.121,974.048,PASS,0
PHASEB_formal_r1_C0_DEFAULT_N4096_q8_rep2,0,4,0,sm_89,R1_EVENT_OVERLAP,NCCL,C0_DEFAULT,2048,4096,2048,8,0,2097152,29,0,170.976,178.144,1175.296,997.152,PASS,0
PHASEB_formal_r1_C0_DEFAULT_N4096_q8_rep2,0,4,0,sm_89,R1_EVENT_OVERLAP,NCCL,C0_DEFAULT,2048,4096,2048,8,1,2097152,29,0,266.080,1180.672,2184.256,1003.584,PASS,0
PHASEB_formal_r1_C0_DEFAULT_N4096_q8_rep2,0,4,0,sm_89,R1_EVENT_OVERLAP,NCCL,C0_DEFAULT,2048,4096,2048,8,2,2097152,29,0,1222.112,2187.616,3195.840,1008.224,PASS,0
PHASEB_formal_r1_C0_DEFAULT_N4096_q8_rep2,0,4,0,sm_89,R1_EVENT_OVERLAP,NCCL,C0_DEFAULT,2048,4096,2048,8,3,2097152,29,0,2177.344,3199.296,4197.984,998.688,PASS,0
PHASEB_formal_r1_C0_DEFAULT_N4096_q8_rep2,0,4,0,sm_89,R1_EVENT_OVERLAP,NCCL,C0_DEFAULT,2048,4096,2048,8,4,2097152,29,0,2272.864,4201.440,5192.352,990.912,PASS,0
PHASEB_formal_r1_C0_DEFAULT_N4096_q8_rep2,0,4,0,sm_89,R1_EVENT_OVERLAP,NCCL,C0_DEFAULT,2048,4096,2048,8,5,2097152,29,0,3249.440,5195.808,6172.192,976.384,PASS,0
PHASEB_formal_r1_C0_DEFAULT_N4096_q8_rep2,0,4,0,sm_89,R1_EVENT_OVERLAP,NCCL,C0_DEFAULT,2048,4096,2048,8,6,2097152,29,0,4207.840,6175.648,7150.624,974.976,PASS,0
PHASEB_formal_r1_C0_DEFAULT_N4096_q8_rep2,0,4,0,sm_89,R1_EVENT_OVERLAP,NCCL,C0_DEFAULT,2048,4096,2048,8,7,2097152,29,0,5184.032,7154.016,8129.632,975.616,PASS,0
PHASEB_formal_r1_C0_DEFAULT_N4096_q8_rep2,0,4,0,sm_89,R1_EVENT_OVERLAP,NCCL,C0_DEFAULT,2048,4096,2048,8,0,2097152,30,0,171.712,178.304,1189.152,1010.848,PASS,0
PHASEB_formal_r1_C0_DEFAULT_N4096_q8_rep2,0,4,0,sm_89,R1_EVENT_OVERLAP,NCCL,C0_DEFAULT,2048,4096,2048,8,1,2097152,30,0,264.800,1193.280,2197.504,1004.224,PASS,0
PHASEB_formal_r1_C0_DEFAULT_N4096_q8_rep2,0,4,0,sm_89,R1_EVENT_OVERLAP,NCCL,C0_DEFAULT,2048,4096,2048,8,2,2097152,30,0,1244.736,2200.960,3188.704,987.744,PASS,0
PHASEB_formal_r1_C0_DEFAULT_N4096_q8_rep2,0,4,0,sm_89,R1_EVENT_OVERLAP,NCCL,C0_DEFAULT,2048,4096,2048,8,3,2097152,30,0,2207.616,3192.352,4193.600,1001.248,PASS,0
PHASEB_formal_r1_C0_DEFAULT_N4096_q8_rep2,0,4,0,sm_89,R1_EVENT_OVERLAP,NCCL,C0_DEFAULT,2048,4096,2048,8,4,2097152,30,0,3176.992,4198.880,5200.224,1001.344,PASS,0
PHASEB_formal_r1_C0_DEFAULT_N4096_q8_rep2,0,4,0,sm_89,R1_EVENT_OVERLAP,NCCL,C0_DEFAULT,2048,4096,2048,8,5,2097152,30,0,3293.856,5203.680,6178.016,974.336,PASS,0
PHASEB_formal_r1_C0_DEFAULT_N4096_q8_rep2,0,4,0,sm_89,R1_EVENT_OVERLAP,NCCL,C0_DEFAULT,2048,4096,2048,8,6,2097152,30,0,4241.088,6181.536,7157.504,975.968,PASS,0
PHASEB_formal_r1_C0_DEFAULT_N4096_q8_rep2,0,4,0,sm_89,R1_EVENT_OVERLAP,NCCL,C0_DEFAULT,2048,4096,2048,8,7,2097152,30,0,5193.152,7161.024,8135.584,974.560,PASS,0
PHASEB_formal_r1_C0_DEFAULT_N4096_q8_rep2,0,4,0,sm_89,R1_EVENT_OVERLAP,NCCL,C0_DEFAULT,2048,4096,2048,8,0,2097152,31,0,168.384,175.168,1172.992,997.824,PASS,0
PHASEB_formal_r1_C0_DEFAULT_N4096_q8_rep2,0,4,0,sm_89,R1_EVENT_OVERLAP,NCCL,C0_DEFAULT,2048,4096,2048,8,1,2097152,31,0,261.472,1178.528,2176.608,998.080,PASS,0
PHASEB_formal_r1_C0_DEFAULT_N4096_q8_rep2,0,4,0,sm_89,R1_EVENT_OVERLAP,NCCL,C0_DEFAULT,2048,4096,2048,8,2,2097152,31,0,1221.024,2180.000,3172.960,992.960,PASS,0
PHASEB_formal_r1_C0_DEFAULT_N4096_q8_rep2,0,4,0,sm_89,R1_EVENT_OVERLAP,NCCL,C0_DEFAULT,2048,4096,2048,8,3,2097152,31,0,2186.368,3176.448,4216.064,1039.616,PASS,0
PHASEB_formal_r1_C0_DEFAULT_N4096_q8_rep2,0,4,0,sm_89,R1_EVENT_OVERLAP,NCCL,C0_DEFAULT,2048,4096,2048,8,4,2097152,31,0,3163.680,4219.680,5206.560,986.880,PASS,0
PHASEB_formal_r1_C0_DEFAULT_N4096_q8_rep2,0,4,0,sm_89,R1_EVENT_OVERLAP,NCCL,C0_DEFAULT,2048,4096,2048,8,5,2097152,31,0,3311.712,5210.016,6185.760,975.744,PASS,0
PHASEB_formal_r1_C0_DEFAULT_N4096_q8_rep2,0,4,0,sm_89,R1_EVENT_OVERLAP,NCCL,C0_DEFAULT,2048,4096,2048,8,6,2097152,31,0,4229.824,6189.248,7164.256,975.008,PASS,0
PHASEB_formal_r1_C0_DEFAULT_N4096_q8_rep2,0,4,0,sm_89,R1_EVENT_OVERLAP,NCCL,C0_DEFAULT,2048,4096,2048,8,7,2097152,31,0,5195.328,7167.872,8143.552,975.680,PASS,0
PHASEB_formal_r1_C0_DEFAULT_N4096_q8_rep2,0,4,0,sm_89,R1_EVENT_OVERLAP,NCCL,C0_DEFAULT,2048,4096,2048,8,0,2097152,32,0,189.504,196.544,1191.488,994.944,PASS,0
PHASEB_formal_r1_C0_DEFAULT_N4096_q8_rep2,0,4,0,sm_89,R1_EVENT_OVERLAP,NCCL,C0_DEFAULT,2048,4096,2048,8,1,2097152,32,0,285.184,1194.848,2193.952,999.104,PASS,0
PHASEB_formal_r1_C0_DEFAULT_N4096_q8_rep2,0,4,0,sm_89,R1_EVENT_OVERLAP,NCCL,C0_DEFAULT,2048,4096,2048,8,2,2097152,32,0,1245.504,2197.312,3189.728,992.416,PASS,0
PHASEB_formal_r1_C0_DEFAULT_N4096_q8_rep2,0,4,0,sm_89,R1_EVENT_OVERLAP,NCCL,C0_DEFAULT,2048,4096,2048,8,3,2097152,32,0,2205.056,3193.248,4244.640,1051.392,PASS,0
PHASEB_formal_r1_C0_DEFAULT_N4096_q8_rep2,0,4,0,sm_89,R1_EVENT_OVERLAP,NCCL,C0_DEFAULT,2048,4096,2048,8,4,2097152,32,0,3179.488,4248.608,5235.168,986.560,PASS,0
PHASEB_formal_r1_C0_DEFAULT_N4096_q8_rep2,0,4,0,sm_89,R1_EVENT_OVERLAP,NCCL,C0_DEFAULT,2048,4096,2048,8,5,2097152,32,0,3330.400,5238.720,6213.408,974.688,PASS,0
PHASEB_formal_r1_C0_DEFAULT_N4096_q8_rep2,0,4,0,sm_89,R1_EVENT_OVERLAP,NCCL,C0_DEFAULT,2048,4096,2048,8,6,2097152,32,0,4263.424,6217.216,7192.992,975.776,PASS,0
PHASEB_formal_r1_C0_DEFAULT_N4096_q8_rep2,0,4,0,sm_89,R1_EVENT_OVERLAP,NCCL,C0_DEFAULT,2048,4096,2048,8,7,2097152,32,0,5222.976,7196.480,8170.624,974.144,PASS,0
PHASEB_formal_r1_C0_DEFAULT_N4096_q8_rep2,0,4,0,sm_89,R1_EVENT_OVERLAP,NCCL,C0_DEFAULT,2048,4096,2048,8,0,2097152,33,0,161.536,168.128,1162.144,994.016,PASS,0
PHASEB_formal_r1_C0_DEFAULT_N4096_q8_rep2,0,4,0,sm_89,R1_EVENT_OVERLAP,NCCL,C0_DEFAULT,2048,4096,2048,8,1,2097152,33,0,256.448,1166.912,2165.088,998.176,PASS,0
PHASEB_formal_r1_C0_DEFAULT_N4096_q8_rep2,0,4,0,sm_89,R1_EVENT_OVERLAP,NCCL,C0_DEFAULT,2048,4096,2048,8,2,2097152,33,0,1209.536,2168.544,3162.432,993.888,PASS,0
PHASEB_formal_r1_C0_DEFAULT_N4096_q8_rep2,0,4,0,sm_89,R1_EVENT_OVERLAP,NCCL,C0_DEFAULT,2048,4096,2048,8,3,2097152,33,0,2174.944,3165.920,4215.840,1049.920,PASS,0
PHASEB_formal_r1_C0_DEFAULT_N4096_q8_rep2,0,4,0,sm_89,R1_EVENT_OVERLAP,NCCL,C0_DEFAULT,2048,4096,2048,8,4,2097152,33,0,3149.728,4219.360,5207.680,988.320,PASS,0
PHASEB_formal_r1_C0_DEFAULT_N4096_q8_rep2,0,4,0,sm_89,R1_EVENT_OVERLAP,NCCL,C0_DEFAULT,2048,4096,2048,8,5,2097152,33,0,3311.200,5211.232,6187.200,975.968,PASS,0
PHASEB_formal_r1_C0_DEFAULT_N4096_q8_rep2,0,4,0,sm_89,R1_EVENT_OVERLAP,NCCL,C0_DEFAULT,2048,4096,2048,8,6,2097152,33,0,4231.296,6190.656,7166.016,975.360,PASS,0
PHASEB_formal_r1_C0_DEFAULT_N4096_q8_rep2,0,4,0,sm_89,R1_EVENT_OVERLAP,NCCL,C0_DEFAULT,2048,4096,2048,8,7,2097152,33,0,5196.032,7169.536,8144.416,974.880,PASS,0
PHASEB_formal_r1_C0_DEFAULT_N4096_q8_rep2,0,4,0,sm_89,R1_EVENT_OVERLAP,NCCL,C0_DEFAULT,2048,4096,2048,8,0,2097152,34,0,165.952,172.832,1165.696,992.864,PASS,0
PHASEB_formal_r1_C0_DEFAULT_N4096_q8_rep2,0,4,0,sm_89,R1_EVENT_OVERLAP,NCCL,C0_DEFAULT,2048,4096,2048,8,1,2097152,34,0,259.584,1169.568,2169.568,1000.000,PASS,0
PHASEB_formal_r1_C0_DEFAULT_N4096_q8_rep2,0,4,0,sm_89,R1_EVENT_OVERLAP,NCCL,C0_DEFAULT,2048,4096,2048,8,2,2097152,34,0,1210.848,2172.992,3323.872,1150.880,PASS,0
PHASEB_formal_r1_C0_DEFAULT_N4096_q8_rep2,0,4,0,sm_89,R1_EVENT_OVERLAP,NCCL,C0_DEFAULT,2048,4096,2048,8,3,2097152,34,0,2161.760,3327.360,4317.888,990.528,PASS,0
PHASEB_formal_r1_C0_DEFAULT_N4096_q8_rep2,0,4,0,sm_89,R1_EVENT_OVERLAP,NCCL,C0_DEFAULT,2048,4096,2048,8,4,2097152,34,0,3149.536,4321.312,5452.928,1131.616,PASS,0
PHASEB_formal_r1_C0_DEFAULT_N4096_q8_rep2,0,4,0,sm_89,R1_EVENT_OVERLAP,NCCL,C0_DEFAULT,2048,4096,2048,8,5,2097152,34,0,3333.856,5456.384,6431.744,975.360,PASS,0
PHASEB_formal_r1_C0_DEFAULT_N4096_q8_rep2,0,4,0,sm_89,R1_EVENT_OVERLAP,NCCL,C0_DEFAULT,2048,4096,2048,8,6,2097152,34,0,4305.248,6435.232,7411.168,975.936,PASS,0
PHASEB_formal_r1_C0_DEFAULT_N4096_q8_rep2,0,4,0,sm_89,R1_EVENT_OVERLAP,NCCL,C0_DEFAULT,2048,4096,2048,8,7,2097152,34,0,5260.832,7415.008,8389.217,974.208,PASS,0
PHASEB_formal_r1_C0_DEFAULT_N4096_q8_rep2,0,4,0,sm_89,R1_EVENT_OVERLAP,NCCL,C0_DEFAULT,2048,4096,2048,8,0,2097152,35,0,155.072,161.792,1160.352,998.560,PASS,0
PHASEB_formal_r1_C0_DEFAULT_N4096_q8_rep2,0,4,0,sm_89,R1_EVENT_OVERLAP,NCCL,C0_DEFAULT,2048,4096,2048,8,1,2097152,35,0,247.840,1163.840,2167.584,1003.744,PASS,0
PHASEB_formal_r1_C0_DEFAULT_N4096_q8_rep2,0,4,0,sm_89,R1_EVENT_OVERLAP,NCCL,C0_DEFAULT,2048,4096,2048,8,2,2097152,35,0,1217.920,2171.680,3169.920,998.240,PASS,0
PHASEB_formal_r1_C0_DEFAULT_N4096_q8_rep2,0,4,0,sm_89,R1_EVENT_OVERLAP,NCCL,C0_DEFAULT,2048,4096,2048,8,3,2097152,35,0,2191.680,3173.632,4214.848,1041.216,PASS,0
PHASEB_formal_r1_C0_DEFAULT_N4096_q8_rep2,0,4,0,sm_89,R1_EVENT_OVERLAP,NCCL,C0_DEFAULT,2048,4096,2048,8,4,2097152,35,0,3163.648,4218.304,5203.264,984.960,PASS,0
PHASEB_formal_r1_C0_DEFAULT_N4096_q8_rep2,0,4,0,sm_89,R1_EVENT_OVERLAP,NCCL,C0_DEFAULT,2048,4096,2048,8,5,2097152,35,0,3316.416,5206.720,6182.656,975.936,PASS,0
PHASEB_formal_r1_C0_DEFAULT_N4096_q8_rep2,0,4,0,sm_89,R1_EVENT_OVERLAP,NCCL,C0_DEFAULT,2048,4096,2048,8,6,2097152,35,0,4224.704,6186.144,7160.896,974.752,PASS,0
PHASEB_formal_r1_C0_DEFAULT_N4096_q8_rep2,0,4,0,sm_89,R1_EVENT_OVERLAP,NCCL,C0_DEFAULT,2048,4096,2048,8,7,2097152,35,0,5180.704,7164.288,8139.520,975.232,PASS,0
PHASEB_formal_r1_C0_DEFAULT_N4096_q8_rep2,0,4,0,sm_89,R1_EVENT_OVERLAP,NCCL,C0_DEFAULT,2048,4096,2048,8,0,2097152,36,0,158.400,165.536,1162.656,997.120,PASS,0
PHASEB_formal_r1_C0_DEFAULT_N4096_q8_rep2,0,4,0,sm_89,R1_EVENT_OVERLAP,NCCL,C0_DEFAULT,2048,4096,2048,8,1,2097152,36,0,255.456,1173.088,2180.064,1006.976,PASS,0
PHASEB_formal_r1_C0_DEFAULT_N4096_q8_rep2,0,4,0,sm_89,R1_EVENT_OVERLAP,NCCL,C0_DEFAULT,2048,4096,2048,8,2,2097152,36,0,1224.064,2183.936,3182.848,998.912,PASS,0
PHASEB_formal_r1_C0_DEFAULT_N4096_q8_rep2,0,4,0,sm_89,R1_EVENT_OVERLAP,NCCL,C0_DEFAULT,2048,4096,2048,8,3,2097152,36,0,2201.792,3186.656,4190.080,1003.424,PASS,0
PHASEB_formal_r1_C0_DEFAULT_N4096_q8_rep2,0,4,0,sm_89,R1_EVENT_OVERLAP,NCCL,C0_DEFAULT,2048,4096,2048,8,4,2097152,36,0,3193.856,4193.504,5196.224,1002.720,PASS,0
PHASEB_formal_r1_C0_DEFAULT_N4096_q8_rep2,0,4,0,sm_89,R1_EVENT_OVERLAP,NCCL,C0_DEFAULT,2048,4096,2048,8,5,2097152,36,0,4183.200,5199.840,6178.688,978.848,PASS,0
PHASEB_formal_r1_C0_DEFAULT_N4096_q8_rep2,0,4,0,sm_89,R1_EVENT_OVERLAP,NCCL,C0_DEFAULT,2048,4096,2048,8,6,2097152,36,0,4288.384,6182.144,7158.304,976.160,PASS,0
PHASEB_formal_r1_C0_DEFAULT_N4096_q8_rep2,0,4,0,sm_89,R1_EVENT_OVERLAP,NCCL,C0_DEFAULT,2048,4096,2048,8,7,2097152,36,0,5247.712,7161.792,8136.128,974.336,PASS,0
PHASEB_formal_r1_C0_DEFAULT_N4096_q8_rep2,0,4,0,sm_89,R1_EVENT_OVERLAP,NCCL,C0_DEFAULT,2048,4096,2048,8,0,2097152,37,0,159.136,165.984,1159.296,993.312,PASS,0
PHASEB_formal_r1_C0_DEFAULT_N4096_q8_rep2,0,4,0,sm_89,R1_EVENT_OVERLAP,NCCL,C0_DEFAULT,2048,4096,2048,8,1,2097152,37,0,256.768,1162.976,2163.200,1000.224,PASS,0
PHASEB_formal_r1_C0_DEFAULT_N4096_q8_rep2,0,4,0,sm_89,R1_EVENT_OVERLAP,NCCL,C0_DEFAULT,2048,4096,2048,8,2,2097152,37,0,1204.608,2166.656,3163.744,997.088,PASS,0
PHASEB_formal_r1_C0_DEFAULT_N4096_q8_rep2,0,4,0,sm_89,R1_EVENT_OVERLAP,NCCL,C0_DEFAULT,2048,4096,2048,8,3,2097152,37,0,2154.880,3168.128,4161.280,993.152,PASS,0
PHASEB_formal_r1_C0_DEFAULT_N4096_q8_rep2,0,4,0,sm_89,R1_EVENT_OVERLAP,NCCL,C0_DEFAULT,2048,4096,2048,8,4,2097152,37,0,2253.312,4164.832,5162.784,997.952,PASS,0
PHASEB_formal_r1_C0_DEFAULT_N4096_q8_rep2,0,4,0,sm_89,R1_EVENT_OVERLAP,NCCL,C0_DEFAULT,2048,4096,2048,8,5,2097152,37,0,3217.824,5166.240,6142.624,976.384,PASS,0
PHASEB_formal_r1_C0_DEFAULT_N4096_q8_rep2,0,4,0,sm_89,R1_EVENT_OVERLAP,NCCL,C0_DEFAULT,2048,4096,2048,8,6,2097152,37,0,4185.248,6146.112,7120.864,974.752,PASS,0
PHASEB_formal_r1_C0_DEFAULT_N4096_q8_rep2,0,4,0,sm_89,R1_EVENT_OVERLAP,NCCL,C0_DEFAULT,2048,4096,2048,8,7,2097152,37,0,5155.968,7124.320,8099.936,975.616,PASS,0
PHASEB_formal_r1_C0_DEFAULT_N4096_q8_rep2,0,4,0,sm_89,R1_EVENT_OVERLAP,NCCL,C0_DEFAULT,2048,4096,2048,8,0,2097152,38,0,168.256,174.976,1174.464,999.488,PASS,0
PHASEB_formal_r1_C0_DEFAULT_N4096_q8_rep2,0,4,0,sm_89,R1_EVENT_OVERLAP,NCCL,C0_DEFAULT,2048,4096,2048,8,1,2097152,38,0,262.016,1177.824,2171.328,993.504,PASS,0
PHASEB_formal_r1_C0_DEFAULT_N4096_q8_rep2,0,4,0,sm_89,R1_EVENT_OVERLAP,NCCL,C0_DEFAULT,2048,4096,2048,8,2,2097152,38,0,1213.888,2174.816,3166.496,991.680,PASS,0
PHASEB_formal_r1_C0_DEFAULT_N4096_q8_rep2,0,4,0,sm_89,R1_EVENT_OVERLAP,NCCL,C0_DEFAULT,2048,4096,2048,8,3,2097152,38,0,2163.008,3172.160,4174.720,1002.560,PASS,0
PHASEB_formal_r1_C0_DEFAULT_N4096_q8_rep2,0,4,0,sm_89,R1_EVENT_OVERLAP,NCCL,C0_DEFAULT,2048,4096,2048,8,4,2097152,38,0,2260.704,4178.208,5175.776,997.568,PASS,0
PHASEB_formal_r1_C0_DEFAULT_N4096_q8_rep2,0,4,0,sm_89,R1_EVENT_OVERLAP,NCCL,C0_DEFAULT,2048,4096,2048,8,5,2097152,38,0,3216.000,5179.200,6153.888,974.688,PASS,0
PHASEB_formal_r1_C0_DEFAULT_N4096_q8_rep2,0,4,0,sm_89,R1_EVENT_OVERLAP,NCCL,C0_DEFAULT,2048,4096,2048,8,6,2097152,38,0,4185.056,6157.376,7132.864,975.488,PASS,0
PHASEB_formal_r1_C0_DEFAULT_N4096_q8_rep2,0,4,0,sm_89,R1_EVENT_OVERLAP,NCCL,C0_DEFAULT,2048,4096,2048,8,7,2097152,38,0,5168.096,7136.320,8110.656,974.336,PASS,0
PHASEB_formal_r1_C0_DEFAULT_N4096_q8_rep2,0,4,0,sm_89,R1_EVENT_OVERLAP,NCCL,C0_DEFAULT,2048,4096,2048,8,0,2097152,39,0,177.024,183.296,1184.736,1001.440,PASS,0
PHASEB_formal_r1_C0_DEFAULT_N4096_q8_rep2,0,4,0,sm_89,R1_EVENT_OVERLAP,NCCL,C0_DEFAULT,2048,4096,2048,8,1,2097152,39,0,270.368,1190.240,2188.192,997.952,PASS,0
PHASEB_formal_r1_C0_DEFAULT_N4096_q8_rep2,0,4,0,sm_89,R1_EVENT_OVERLAP,NCCL,C0_DEFAULT,2048,4096,2048,8,2,2097152,39,0,1235.328,2192.064,3187.360,995.296,PASS,0
PHASEB_formal_r1_C0_DEFAULT_N4096_q8_rep2,0,4,0,sm_89,R1_EVENT_OVERLAP,NCCL,C0_DEFAULT,2048,4096,2048,8,3,2097152,39,0,2200.000,3190.880,4197.888,1007.008,PASS,0
PHASEB_formal_r1_C0_DEFAULT_N4096_q8_rep2,0,4,0,sm_89,R1_EVENT_OVERLAP,NCCL,C0_DEFAULT,2048,4096,2048,8,4,2097152,39,0,3180.384,4201.248,5201.280,1000.032,PASS,0
PHASEB_formal_r1_C0_DEFAULT_N4096_q8_rep2,0,4,0,sm_89,R1_EVENT_OVERLAP,NCCL,C0_DEFAULT,2048,4096,2048,8,5,2097152,39,0,3296.832,5205.088,6180.864,975.776,PASS,0
PHASEB_formal_r1_C0_DEFAULT_N4096_q8_rep2,0,4,0,sm_89,R1_EVENT_OVERLAP,NCCL,C0_DEFAULT,2048,4096,2048,8,6,2097152,39,0,4247.456,6184.256,7158.752,974.496,PASS,0
PHASEB_formal_r1_C0_DEFAULT_N4096_q8_rep2,0,4,0,sm_89,R1_EVENT_OVERLAP,NCCL,C0_DEFAULT,2048,4096,2048,8,7,2097152,39,0,5218.048,7162.240,8138.080,975.840,PASS,0
PHASEB_formal_r1_C0_DEFAULT_N4096_q8_rep2,0,4,0,sm_89,R1_EVENT_OVERLAP,NCCL,C0_DEFAULT,2048,4096,2048,8,0,2097152,40,0,171.584,177.824,1173.056,995.232,PASS,0
PHASEB_formal_r1_C0_DEFAULT_N4096_q8_rep2,0,4,0,sm_89,R1_EVENT_OVERLAP,NCCL,C0_DEFAULT,2048,4096,2048,8,1,2097152,40,0,264.864,1178.080,2180.704,1002.624,PASS,0
PHASEB_formal_r1_C0_DEFAULT_N4096_q8_rep2,0,4,0,sm_89,R1_EVENT_OVERLAP,NCCL,C0_DEFAULT,2048,4096,2048,8,2,2097152,40,0,1234.624,2184.512,3175.168,990.656,PASS,0
PHASEB_formal_r1_C0_DEFAULT_N4096_q8_rep2,0,4,0,sm_89,R1_EVENT_OVERLAP,NCCL,C0_DEFAULT,2048,4096,2048,8,3,2097152,40,0,2201.472,3178.624,4186.816,1008.192,PASS,0
PHASEB_formal_r1_C0_DEFAULT_N4096_q8_rep2,0,4,0,sm_89,R1_EVENT_OVERLAP,NCCL,C0_DEFAULT,2048,4096,2048,8,4,2097152,40,0,3166.560,4191.232,5189.824,998.592,PASS,0
PHASEB_formal_r1_C0_DEFAULT_N4096_q8_rep2,0,4,0,sm_89,R1_EVENT_OVERLAP,NCCL,C0_DEFAULT,2048,4096,2048,8,5,2097152,40,0,3288.128,5193.280,6168.192,974.912,PASS,0
PHASEB_formal_r1_C0_DEFAULT_N4096_q8_rep2,0,4,0,sm_89,R1_EVENT_OVERLAP,NCCL,C0_DEFAULT,2048,4096,2048,8,6,2097152,40,0,4236.544,6171.648,7147.296,975.648,PASS,0
PHASEB_formal_r1_C0_DEFAULT_N4096_q8_rep2,0,4,0,sm_89,R1_EVENT_OVERLAP,NCCL,C0_DEFAULT,2048,4096,2048,8,7,2097152,40,0,5199.840,7150.784,8124.864,974.080,PASS,0
PHASEB_formal_r1_C0_DEFAULT_N4096_q8_rep2,0,4,0,sm_89,R1_EVENT_OVERLAP,NCCL,C0_DEFAULT,2048,4096,2048,8,0,2097152,41,0,173.216,179.712,1177.632,997.920,PASS,0
PHASEB_formal_r1_C0_DEFAULT_N4096_q8_rep2,0,4,0,sm_89,R1_EVENT_OVERLAP,NCCL,C0_DEFAULT,2048,4096,2048,8,1,2097152,41,0,267.488,1181.696,2182.752,1001.056,PASS,0
PHASEB_formal_r1_C0_DEFAULT_N4096_q8_rep2,0,4,0,sm_89,R1_EVENT_OVERLAP,NCCL,C0_DEFAULT,2048,4096,2048,8,2,2097152,41,0,1225.216,2186.208,3179.552,993.344,PASS,0
PHASEB_formal_r1_C0_DEFAULT_N4096_q8_rep2,0,4,0,sm_89,R1_EVENT_OVERLAP,NCCL,C0_DEFAULT,2048,4096,2048,8,3,2097152,41,0,2196.256,3182.976,4182.400,999.424,PASS,0
PHASEB_formal_r1_C0_DEFAULT_N4096_q8_rep2,0,4,0,sm_89,R1_EVENT_OVERLAP,NCCL,C0_DEFAULT,2048,4096,2048,8,4,2097152,41,0,3168.768,4185.984,5181.888,995.904,PASS,0
PHASEB_formal_r1_C0_DEFAULT_N4096_q8_rep2,0,4,0,sm_89,R1_EVENT_OVERLAP,NCCL,C0_DEFAULT,2048,4096,2048,8,5,2097152,41,0,3279.360,5185.280,6161.120,975.840,PASS,0
PHASEB_formal_r1_C0_DEFAULT_N4096_q8_rep2,0,4,0,sm_89,R1_EVENT_OVERLAP,NCCL,C0_DEFAULT,2048,4096,2048,8,6,2097152,41,0,4238.336,6164.576,7138.912,974.336,PASS,0
PHASEB_formal_r1_C0_DEFAULT_N4096_q8_rep2,0,4,0,sm_89,R1_EVENT_OVERLAP,NCCL,C0_DEFAULT,2048,4096,2048,8,7,2097152,41,0,5191.648,7142.336,8117.408,975.072,PASS,0
PHASEB_formal_r1_C0_DEFAULT_N4096_q8_rep2,0,4,0,sm_89,R1_EVENT_OVERLAP,NCCL,C0_DEFAULT,2048,4096,2048,8,0,2097152,42,0,178.688,185.504,1188.160,1002.656,PASS,0
PHASEB_formal_r1_C0_DEFAULT_N4096_q8_rep2,0,4,0,sm_89,R1_EVENT_OVERLAP,NCCL,C0_DEFAULT,2048,4096,2048,8,1,2097152,42,0,273.984,1192.128,2192.896,1000.768,PASS,0
PHASEB_formal_r1_C0_DEFAULT_N4096_q8_rep2,0,4,0,sm_89,R1_EVENT_OVERLAP,NCCL,C0_DEFAULT,2048,4096,2048,8,2,2097152,42,0,1239.552,2196.288,3181.120,984.832,PASS,0
PHASEB_formal_r1_C0_DEFAULT_N4096_q8_rep2,0,4,0,sm_89,R1_EVENT_OVERLAP,NCCL,C0_DEFAULT,2048,4096,2048,8,3,2097152,42,0,2202.816,3184.544,4243.680,1059.136,PASS,0
PHASEB_formal_r1_C0_DEFAULT_N4096_q8_rep2,0,4,0,sm_89,R1_EVENT_OVERLAP,NCCL,C0_DEFAULT,2048,4096,2048,8,4,2097152,42,0,3159.968,4247.136,5298.144,1051.008,PASS,0
PHASEB_formal_r1_C0_DEFAULT_N4096_q8_rep2,0,4,0,sm_89,R1_EVENT_OVERLAP,NCCL,C0_DEFAULT,2048,4096,2048,8,5,2097152,42,0,3347.872,5301.632,6276.576,974.944,PASS,0
PHASEB_formal_r1_C0_DEFAULT_N4096_q8_rep2,0,4,0,sm_89,R1_EVENT_OVERLAP,NCCL,C0_DEFAULT,2048,4096,2048,8,6,2097152,42,0,4234.272,6280.032,7256.032,976.000,PASS,0
PHASEB_formal_r1_C0_DEFAULT_N4096_q8_rep2,0,4,0,sm_89,R1_EVENT_OVERLAP,NCCL,C0_DEFAULT,2048,4096,2048,8,7,2097152,42,0,4493.856,7259.488,8234.336,974.848,PASS,0
PHASEB_formal_r1_C0_DEFAULT_N4096_q8_rep2,0,4,0,sm_89,R1_EVENT_OVERLAP,NCCL,C0_DEFAULT,2048,4096,2048,8,0,2097152,43,0,156.160,163.136,1154.720,991.584,PASS,0
PHASEB_formal_r1_C0_DEFAULT_N4096_q8_rep2,0,4,0,sm_89,R1_EVENT_OVERLAP,NCCL,C0_DEFAULT,2048,4096,2048,8,1,2097152,43,0,248.832,1158.176,2176.736,1018.560,PASS,0
PHASEB_formal_r1_C0_DEFAULT_N4096_q8_rep2,0,4,0,sm_89,R1_EVENT_OVERLAP,NCCL,C0_DEFAULT,2048,4096,2048,8,2,2097152,43,0,1223.840,2180.288,3174.240,993.952,PASS,0
PHASEB_formal_r1_C0_DEFAULT_N4096_q8_rep2,0,4,0,sm_89,R1_EVENT_OVERLAP,NCCL,C0_DEFAULT,2048,4096,2048,8,3,2097152,43,0,2204.704,3177.696,4171.808,994.112,PASS,0
PHASEB_formal_r1_C0_DEFAULT_N4096_q8_rep2,0,4,0,sm_89,R1_EVENT_OVERLAP,NCCL,C0_DEFAULT,2048,4096,2048,8,4,2097152,43,0,3166.912,4176.736,5176.768,1000.032,PASS,0
PHASEB_formal_r1_C0_DEFAULT_N4096_q8_rep2,0,4,0,sm_89,R1_EVENT_OVERLAP,NCCL,C0_DEFAULT,2048,4096,2048,8,5,2097152,43,0,3271.584,5180.224,6156.448,976.224,PASS,0
PHASEB_formal_r1_C0_DEFAULT_N4096_q8_rep2,0,4,0,sm_89,R1_EVENT_OVERLAP,NCCL,C0_DEFAULT,2048,4096,2048,8,6,2097152,43,0,4233.216,6159.904,7134.880,974.976,PASS,0
PHASEB_formal_r1_C0_DEFAULT_N4096_q8_rep2,0,4,0,sm_89,R1_EVENT_OVERLAP,NCCL,C0_DEFAULT,2048,4096,2048,8,7,2097152,43,0,5186.816,7138.528,8114.112,975.584,PASS,0
PHASEB_formal_r1_C0_DEFAULT_N4096_q8_rep2,0,4,0,sm_89,R1_EVENT_OVERLAP,NCCL,C0_DEFAULT,2048,4096,2048,8,0,2097152,44,0,171.072,177.632,1171.264,993.632,PASS,0
PHASEB_formal_r1_C0_DEFAULT_N4096_q8_rep2,0,4,0,sm_89,R1_EVENT_OVERLAP,NCCL,C0_DEFAULT,2048,4096,2048,8,1,2097152,44,0,264.896,1175.680,2176.928,1001.248,PASS,0
PHASEB_formal_r1_C0_DEFAULT_N4096_q8_rep2,0,4,0,sm_89,R1_EVENT_OVERLAP,NCCL,C0_DEFAULT,2048,4096,2048,8,2,2097152,44,0,1218.848,2180.480,3172.288,991.808,PASS,0
PHASEB_formal_r1_C0_DEFAULT_N4096_q8_rep2,0,4,0,sm_89,R1_EVENT_OVERLAP,NCCL,C0_DEFAULT,2048,4096,2048,8,3,2097152,44,0,2187.136,3175.680,4171.744,996.064,PASS,0
PHASEB_formal_r1_C0_DEFAULT_N4096_q8_rep2,0,4,0,sm_89,R1_EVENT_OVERLAP,NCCL,C0_DEFAULT,2048,4096,2048,8,4,2097152,44,0,3182.016,4175.360,5238.336,1062.976,PASS,0
PHASEB_formal_r1_C0_DEFAULT_N4096_q8_rep2,0,4,0,sm_89,R1_EVENT_OVERLAP,NCCL,C0_DEFAULT,2048,4096,2048,8,5,2097152,44,0,4161.632,5241.888,6280.800,1038.912,PASS,0
PHASEB_formal_r1_C0_DEFAULT_N4096_q8_rep2,0,4,0,sm_89,R1_EVENT_OVERLAP,NCCL,C0_DEFAULT,2048,4096,2048,8,6,2097152,44,0,4495.776,6284.256,7259.872,975.616,PASS,0
PHASEB_formal_r1_C0_DEFAULT_N4096_q8_rep2,0,4,0,sm_89,R1_EVENT_OVERLAP,NCCL,C0_DEFAULT,2048,4096,2048,8,7,2097152,44,0,5397.984,7263.328,8237.952,974.624,PASS,0
PHASEB_formal_r1_C0_DEFAULT_N4096_q8_rep2,0,4,0,sm_89,R1_EVENT_OVERLAP,NCCL,C0_DEFAULT,2048,4096,2048,8,0,2097152,45,0,169.504,176.320,1167.008,990.688,PASS,0
PHASEB_formal_r1_C0_DEFAULT_N4096_q8_rep2,0,4,0,sm_89,R1_EVENT_OVERLAP,NCCL,C0_DEFAULT,2048,4096,2048,8,1,2097152,45,0,264.800,1172.256,2177.280,1005.024,PASS,0
PHASEB_formal_r1_C0_DEFAULT_N4096_q8_rep2,0,4,0,sm_89,R1_EVENT_OVERLAP,NCCL,C0_DEFAULT,2048,4096,2048,8,2,2097152,45,0,1215.712,2180.928,3172.352,991.424,PASS,0
PHASEB_formal_r1_C0_DEFAULT_N4096_q8_rep2,0,4,0,sm_89,R1_EVENT_OVERLAP,NCCL,C0_DEFAULT,2048,4096,2048,8,3,2097152,45,0,2190.208,3175.776,4183.744,1007.968,PASS,0
PHASEB_formal_r1_C0_DEFAULT_N4096_q8_rep2,0,4,0,sm_89,R1_EVENT_OVERLAP,NCCL,C0_DEFAULT,2048,4096,2048,8,4,2097152,45,0,3159.200,4188.768,5188.480,999.712,PASS,0
PHASEB_formal_r1_C0_DEFAULT_N4096_q8_rep2,0,4,0,sm_89,R1_EVENT_OVERLAP,NCCL,C0_DEFAULT,2048,4096,2048,8,5,2097152,45,0,3274.336,5192.960,6170.112,977.152,PASS,0
PHASEB_formal_r1_C0_DEFAULT_N4096_q8_rep2,0,4,0,sm_89,R1_EVENT_OVERLAP,NCCL,C0_DEFAULT,2048,4096,2048,8,6,2097152,45,0,4245.184,6173.600,7148.640,975.040,PASS,0
PHASEB_formal_r1_C0_DEFAULT_N4096_q8_rep2,0,4,0,sm_89,R1_EVENT_OVERLAP,NCCL,C0_DEFAULT,2048,4096,2048,8,7,2097152,45,0,5219.232,7152.128,8127.424,975.296,PASS,0
PHASEB_formal_r1_C0_DEFAULT_N4096_q8_rep2,0,4,0,sm_89,R1_EVENT_OVERLAP,NCCL,C0_DEFAULT,2048,4096,2048,8,0,2097152,46,0,165.920,172.640,1168.928,996.288,PASS,0
PHASEB_formal_r1_C0_DEFAULT_N4096_q8_rep2,0,4,0,sm_89,R1_EVENT_OVERLAP,NCCL,C0_DEFAULT,2048,4096,2048,8,1,2097152,46,0,261.056,1172.512,2177.440,1004.928,PASS,0
PHASEB_formal_r1_C0_DEFAULT_N4096_q8_rep2,0,4,0,sm_89,R1_EVENT_OVERLAP,NCCL,C0_DEFAULT,2048,4096,2048,8,2,2097152,46,0,1213.984,2180.960,3329.632,1148.672,PASS,0
PHASEB_formal_r1_C0_DEFAULT_N4096_q8_rep2,0,4,0,sm_89,R1_EVENT_OVERLAP,NCCL,C0_DEFAULT,2048,4096,2048,8,3,2097152,46,0,2171.136,3333.056,4479.072,1146.016,PASS,0
PHASEB_formal_r1_C0_DEFAULT_N4096_q8_rep2,0,4,0,sm_89,R1_EVENT_OVERLAP,NCCL,C0_DEFAULT,2048,4096,2048,8,4,2097152,46,0,3160.832,4482.464,5612.736,1130.272,PASS,0
PHASEB_formal_r1_C0_DEFAULT_N4096_q8_rep2,0,4,0,sm_89,R1_EVENT_OVERLAP,NCCL,C0_DEFAULT,2048,4096,2048,8,5,2097152,46,0,3320.576,5616.224,6591.072,974.848,PASS,0
PHASEB_formal_r1_C0_DEFAULT_N4096_q8_rep2,0,4,0,sm_89,R1_EVENT_OVERLAP,NCCL,C0_DEFAULT,2048,4096,2048,8,6,2097152,46,0,4235.264,6594.528,7570.240,975.712,PASS,0
PHASEB_formal_r1_C0_DEFAULT_N4096_q8_rep2,0,4,0,sm_89,R1_EVENT_OVERLAP,NCCL,C0_DEFAULT,2048,4096,2048,8,7,2097152,46,0,5221.664,7573.728,8547.808,974.080,PASS,0
PHASEB_formal_r1_C0_DEFAULT_N4096_q8_rep2,0,4,0,sm_89,R1_EVENT_OVERLAP,NCCL,C0_DEFAULT,2048,4096,2048,8,0,2097152,47,0,165.472,171.680,1164.352,992.672,PASS,0
PHASEB_formal_r1_C0_DEFAULT_N4096_q8_rep2,0,4,0,sm_89,R1_EVENT_OVERLAP,NCCL,C0_DEFAULT,2048,4096,2048,8,1,2097152,47,0,260.000,1168.128,2181.760,1013.632,PASS,0
PHASEB_formal_r1_C0_DEFAULT_N4096_q8_rep2,0,4,0,sm_89,R1_EVENT_OVERLAP,NCCL,C0_DEFAULT,2048,4096,2048,8,2,2097152,47,0,1217.600,2185.184,3181.696,996.512,PASS,0
PHASEB_formal_r1_C0_DEFAULT_N4096_q8_rep2,0,4,0,sm_89,R1_EVENT_OVERLAP,NCCL,C0_DEFAULT,2048,4096,2048,8,3,2097152,47,0,2191.936,3185.152,4235.616,1050.464,PASS,0
PHASEB_formal_r1_C0_DEFAULT_N4096_q8_rep2,0,4,0,sm_89,R1_EVENT_OVERLAP,NCCL,C0_DEFAULT,2048,4096,2048,8,4,2097152,47,0,3171.616,4239.072,5232.992,993.920,PASS,0
PHASEB_formal_r1_C0_DEFAULT_N4096_q8_rep2,0,4,0,sm_89,R1_EVENT_OVERLAP,NCCL,C0_DEFAULT,2048,4096,2048,8,5,2097152,47,0,3328.928,5236.416,6213.024,976.608,PASS,0
PHASEB_formal_r1_C0_DEFAULT_N4096_q8_rep2,0,4,0,sm_89,R1_EVENT_OVERLAP,NCCL,C0_DEFAULT,2048,4096,2048,8,6,2097152,47,0,4245.472,6216.512,7191.008,974.496,PASS,0
PHASEB_formal_r1_C0_DEFAULT_N4096_q8_rep2,0,4,0,sm_89,R1_EVENT_OVERLAP,NCCL,C0_DEFAULT,2048,4096,2048,8,7,2097152,47,0,5243.296,7194.528,8170.208,975.680,PASS,0
PHASEB_formal_r1_C0_DEFAULT_N4096_q8_rep2,0,4,0,sm_89,R1_EVENT_OVERLAP,NCCL,C0_DEFAULT,2048,4096,2048,8,0,2097152,48,0,162.272,168.640,1168.288,999.648,PASS,0
PHASEB_formal_r1_C0_DEFAULT_N4096_q8_rep2,0,4,0,sm_89,R1_EVENT_OVERLAP,NCCL,C0_DEFAULT,2048,4096,2048,8,1,2097152,48,0,255.936,1171.744,2180.608,1008.864,PASS,0
PHASEB_formal_r1_C0_DEFAULT_N4096_q8_rep2,0,4,0,sm_89,R1_EVENT_OVERLAP,NCCL,C0_DEFAULT,2048,4096,2048,8,2,2097152,48,0,1217.376,2184.224,3175.872,991.648,PASS,0
PHASEB_formal_r1_C0_DEFAULT_N4096_q8_rep2,0,4,0,sm_89,R1_EVENT_OVERLAP,NCCL,C0_DEFAULT,2048,4096,2048,8,3,2097152,48,0,2190.624,3179.392,4181.312,1001.920,PASS,0
PHASEB_formal_r1_C0_DEFAULT_N4096_q8_rep2,0,4,0,sm_89,R1_EVENT_OVERLAP,NCCL,C0_DEFAULT,2048,4096,2048,8,4,2097152,48,0,3167.264,4185.920,5198.208,1012.288,PASS,0
PHASEB_formal_r1_C0_DEFAULT_N4096_q8_rep2,0,4,0,sm_89,R1_EVENT_OVERLAP,NCCL,C0_DEFAULT,2048,4096,2048,8,5,2097152,48,0,3273.696,5201.696,6176.800,975.104,PASS,0
PHASEB_formal_r1_C0_DEFAULT_N4096_q8_rep2,0,4,0,sm_89,R1_EVENT_OVERLAP,NCCL,C0_DEFAULT,2048,4096,2048,8,6,2097152,48,0,4242.144,6180.288,7156.288,976.000,PASS,0
PHASEB_formal_r1_C0_DEFAULT_N4096_q8_rep2,0,4,0,sm_89,R1_EVENT_OVERLAP,NCCL,C0_DEFAULT,2048,4096,2048,8,7,2097152,48,0,5210.752,7159.776,8133.536,973.760,PASS,0
PHASEB_formal_r1_C0_DEFAULT_N4096_q8_rep2,0,4,0,sm_89,R1_EVENT_OVERLAP,NCCL,C0_DEFAULT,2048,4096,2048,8,0,2097152,49,0,161.440,168.256,1169.152,1000.896,PASS,0
PHASEB_formal_r1_C0_DEFAULT_N4096_q8_rep2,0,4,0,sm_89,R1_EVENT_OVERLAP,NCCL,C0_DEFAULT,2048,4096,2048,8,1,2097152,49,0,259.456,1175.264,2173.824,998.560,PASS,0
PHASEB_formal_r1_C0_DEFAULT_N4096_q8_rep2,0,4,0,sm_89,R1_EVENT_OVERLAP,NCCL,C0_DEFAULT,2048,4096,2048,8,2,2097152,49,0,1217.824,2177.344,3163.776,986.432,PASS,0
PHASEB_formal_r1_C0_DEFAULT_N4096_q8_rep2,0,4,0,sm_89,R1_EVENT_OVERLAP,NCCL,C0_DEFAULT,2048,4096,2048,8,3,2097152,49,0,2184.640,3167.456,4221.984,1054.528,PASS,0
PHASEB_formal_r1_C0_DEFAULT_N4096_q8_rep2,0,4,0,sm_89,R1_EVENT_OVERLAP,NCCL,C0_DEFAULT,2048,4096,2048,8,4,2097152,49,0,3151.136,4225.472,5275.200,1049.728,PASS,0
PHASEB_formal_r1_C0_DEFAULT_N4096_q8_rep2,0,4,0,sm_89,R1_EVENT_OVERLAP,NCCL,C0_DEFAULT,2048,4096,2048,8,5,2097152,49,0,3333.824,5278.688,6254.624,975.936,PASS,0
PHASEB_formal_r1_C0_DEFAULT_N4096_q8_rep2,0,4,0,sm_89,R1_EVENT_OVERLAP,NCCL,C0_DEFAULT,2048,4096,2048,8,6,2097152,49,0,4210.496,6258.112,7232.800,974.688,PASS,0
PHASEB_formal_r1_C0_DEFAULT_N4096_q8_rep2,0,4,0,sm_89,R1_EVENT_OVERLAP,NCCL,C0_DEFAULT,2048,4096,2048,8,7,2097152,49,0,4465.952,7236.288,8211.200,974.912,PASS,0
PHASEB_formal_r1_C0_DEFAULT_N4096_q8_rep2,0,4,0,sm_89,R1_EVENT_OVERLAP,NCCL,C0_DEFAULT,2048,4096,2048,8,0,2097152,50,0,178.720,185.088,1178.784,993.696,PASS,0
PHASEB_formal_r1_C0_DEFAULT_N4096_q8_rep2,0,4,0,sm_89,R1_EVENT_OVERLAP,NCCL,C0_DEFAULT,2048,4096,2048,8,1,2097152,50,0,273.216,1183.040,2181.120,998.080,PASS,0
PHASEB_formal_r1_C0_DEFAULT_N4096_q8_rep2,0,4,0,sm_89,R1_EVENT_OVERLAP,NCCL,C0_DEFAULT,2048,4096,2048,8,2,2097152,50,0,1235.712,2184.896,3185.248,1000.352,PASS,0
PHASEB_formal_r1_C0_DEFAULT_N4096_q8_rep2,0,4,0,sm_89,R1_EVENT_OVERLAP,NCCL,C0_DEFAULT,2048,4096,2048,8,3,2097152,50,0,2198.304,3188.736,4180.224,991.488,PASS,0
PHASEB_formal_r1_C0_DEFAULT_N4096_q8_rep2,0,4,0,sm_89,R1_EVENT_OVERLAP,NCCL,C0_DEFAULT,2048,4096,2048,8,4,2097152,50,0,3195.168,4183.712,5230.816,1047.104,PASS,0
PHASEB_formal_r1_C0_DEFAULT_N4096_q8_rep2,0,4,0,sm_89,R1_EVENT_OVERLAP,NCCL,C0_DEFAULT,2048,4096,2048,8,5,2097152,50,0,4171.424,5234.304,6209.696,975.392,PASS,0
PHASEB_formal_r1_C0_DEFAULT_N4096_q8_rep2,0,4,0,sm_89,R1_EVENT_OVERLAP,NCCL,C0_DEFAULT,2048,4096,2048,8,6,2097152,50,0,4326.016,6213.184,7189.472,976.288,PASS,0
PHASEB_formal_r1_C0_DEFAULT_N4096_q8_rep2,0,4,0,sm_89,R1_EVENT_OVERLAP,NCCL,C0_DEFAULT,2048,4096,2048,8,7,2097152,50,0,5241.600,7192.960,8167.040,974.080,PASS,0
PHASEB_formal_r1_C0_DEFAULT_N4096_q8_rep2,0,4,0,sm_89,R1_EVENT_OVERLAP,NCCL,C0_DEFAULT,2048,4096,2048,8,0,2097152,51,0,177.632,183.808,1175.936,992.128,PASS,0
PHASEB_formal_r1_C0_DEFAULT_N4096_q8_rep2,0,4,0,sm_89,R1_EVENT_OVERLAP,NCCL,C0_DEFAULT,2048,4096,2048,8,1,2097152,51,0,269.184,1179.456,2180.864,1001.408,PASS,0
PHASEB_formal_r1_C0_DEFAULT_N4096_q8_rep2,0,4,0,sm_89,R1_EVENT_OVERLAP,NCCL,C0_DEFAULT,2048,4096,2048,8,2,2097152,51,0,1222.400,2184.320,3186.720,1002.400,PASS,0
PHASEB_formal_r1_C0_DEFAULT_N4096_q8_rep2,0,4,0,sm_89,R1_EVENT_OVERLAP,NCCL,C0_DEFAULT,2048,4096,2048,8,3,2097152,51,0,2190.720,3190.528,4334.048,1143.520,PASS,0
PHASEB_formal_r1_C0_DEFAULT_N4096_q8_rep2,0,4,0,sm_89,R1_EVENT_OVERLAP,NCCL,C0_DEFAULT,2048,4096,2048,8,4,2097152,51,0,3180.192,4337.472,5478.272,1140.800,PASS,0
PHASEB_formal_r1_C0_DEFAULT_N4096_q8_rep2,0,4,0,sm_89,R1_EVENT_OVERLAP,NCCL,C0_DEFAULT,2048,4096,2048,8,5,2097152,51,0,4198.592,5481.728,6513.824,1032.096,PASS,0
PHASEB_formal_r1_C0_DEFAULT_N4096_q8_rep2,0,4,0,sm_89,R1_EVENT_OVERLAP,NCCL,C0_DEFAULT,2048,4096,2048,8,6,2097152,51,0,5173.472,6517.312,7492.352,975.040,PASS,0
PHASEB_formal_r1_C0_DEFAULT_N4096_q8_rep2,0,4,0,sm_89,R1_EVENT_OVERLAP,NCCL,C0_DEFAULT,2048,4096,2048,8,7,2097152,51,0,5630.848,7495.840,8471.200,975.360,PASS,0
PHASEB_formal_r1_C0_DEFAULT_N4096_q8_rep2,0,4,0,sm_89,R1_EVENT_OVERLAP,NCCL,C0_DEFAULT,2048,4096,2048,8,0,2097152,52,0,187.104,194.016,1186.432,992.416,PASS,0
PHASEB_formal_r1_C0_DEFAULT_N4096_q8_rep2,0,4,0,sm_89,R1_EVENT_OVERLAP,NCCL,C0_DEFAULT,2048,4096,2048,8,1,2097152,52,0,280.928,1189.856,2187.904,998.048,PASS,0
PHASEB_formal_r1_C0_DEFAULT_N4096_q8_rep2,0,4,0,sm_89,R1_EVENT_OVERLAP,NCCL,C0_DEFAULT,2048,4096,2048,8,2,2097152,52,0,1235.648,2191.392,3176.864,985.472,PASS,0
PHASEB_formal_r1_C0_DEFAULT_N4096_q8_rep2,0,4,0,sm_89,R1_EVENT_OVERLAP,NCCL,C0_DEFAULT,2048,4096,2048,8,3,2097152,52,0,2197.792,3180.576,4236.832,1056.256,PASS,0
PHASEB_formal_r1_C0_DEFAULT_N4096_q8_rep2,0,4,0,sm_89,R1_EVENT_OVERLAP,NCCL,C0_DEFAULT,2048,4096,2048,8,4,2097152,52,0,3164.352,4240.256,5237.824,997.568,PASS,0
PHASEB_formal_r1_C0_DEFAULT_N4096_q8_rep2,0,4,0,sm_89,R1_EVENT_OVERLAP,NCCL,C0_DEFAULT,2048,4096,2048,8,5,2097152,52,0,3336.704,5241.856,6217.056,975.200,PASS,0
PHASEB_formal_r1_C0_DEFAULT_N4096_q8_rep2,0,4,0,sm_89,R1_EVENT_OVERLAP,NCCL,C0_DEFAULT,2048,4096,2048,8,6,2097152,52,0,4247.040,6220.544,7196.320,975.776,PASS,0
PHASEB_formal_r1_C0_DEFAULT_N4096_q8_rep2,0,4,0,sm_89,R1_EVENT_OVERLAP,NCCL,C0_DEFAULT,2048,4096,2048,8,7,2097152,52,0,5257.056,7199.808,8173.792,973.984,PASS,0
PHASEB_formal_r1_C0_DEFAULT_N4096_q8_rep2,0,4,0,sm_89,R1_EVENT_OVERLAP,NCCL,C0_DEFAULT,2048,4096,2048,8,0,2097152,53,0,193.952,200.480,1199.840,999.360,PASS,0
PHASEB_formal_r1_C0_DEFAULT_N4096_q8_rep2,0,4,0,sm_89,R1_EVENT_OVERLAP,NCCL,C0_DEFAULT,2048,4096,2048,8,1,2097152,53,0,289.664,1203.712,2209.952,1006.240,PASS,0
PHASEB_formal_r1_C0_DEFAULT_N4096_q8_rep2,0,4,0,sm_89,R1_EVENT_OVERLAP,NCCL,C0_DEFAULT,2048,4096,2048,8,2,2097152,53,0,1246.848,2213.440,3212.000,998.560,PASS,0
PHASEB_formal_r1_C0_DEFAULT_N4096_q8_rep2,0,4,0,sm_89,R1_EVENT_OVERLAP,NCCL,C0_DEFAULT,2048,4096,2048,8,3,2097152,53,0,2203.456,3215.680,4212.768,997.088,PASS,0
PHASEB_formal_r1_C0_DEFAULT_N4096_q8_rep2,0,4,0,sm_89,R1_EVENT_OVERLAP,NCCL,C0_DEFAULT,2048,4096,2048,8,4,2097152,53,0,2300.320,4216.160,5218.144,1001.984,PASS,0
PHASEB_formal_r1_C0_DEFAULT_N4096_q8_rep2,0,4,0,sm_89,R1_EVENT_OVERLAP,NCCL,C0_DEFAULT,2048,4096,2048,8,5,2097152,53,0,3256.000,5221.600,6197.664,976.064,PASS,0
PHASEB_formal_r1_C0_DEFAULT_N4096_q8_rep2,0,4,0,sm_89,R1_EVENT_OVERLAP,NCCL,C0_DEFAULT,2048,4096,2048,8,6,2097152,53,0,4222.656,6201.184,7175.968,974.784,PASS,0
PHASEB_formal_r1_C0_DEFAULT_N4096_q8_rep2,0,4,0,sm_89,R1_EVENT_OVERLAP,NCCL,C0_DEFAULT,2048,4096,2048,8,7,2097152,53,0,5210.816,7179.424,8154.879,975.456,PASS,0
PHASEB_formal_r1_C0_DEFAULT_N4096_q8_rep2,0,4,0,sm_89,R1_EVENT_OVERLAP,NCCL,C0_DEFAULT,2048,4096,2048,8,0,2097152,54,0,176.160,182.592,1184.032,1001.440,PASS,0
PHASEB_formal_r1_C0_DEFAULT_N4096_q8_rep2,0,4,0,sm_89,R1_EVENT_OVERLAP,NCCL,C0_DEFAULT,2048,4096,2048,8,1,2097152,54,0,269.408,1187.616,2193.888,1006.272,PASS,0
PHASEB_formal_r1_C0_DEFAULT_N4096_q8_rep2,0,4,0,sm_89,R1_EVENT_OVERLAP,NCCL,C0_DEFAULT,2048,4096,2048,8,2,2097152,54,0,1237.760,2197.344,3341.664,1144.320,PASS,0
PHASEB_formal_r1_C0_DEFAULT_N4096_q8_rep2,0,4,0,sm_89,R1_EVENT_OVERLAP,NCCL,C0_DEFAULT,2048,4096,2048,8,3,2097152,54,0,2187.616,3345.216,4492.000,1146.784,PASS,0
PHASEB_formal_r1_C0_DEFAULT_N4096_q8_rep2,0,4,0,sm_89,R1_EVENT_OVERLAP,NCCL,C0_DEFAULT,2048,4096,2048,8,4,2097152,54,0,3173.312,4495.424,5624.256,1128.832,PASS,0
PHASEB_formal_r1_C0_DEFAULT_N4096_q8_rep2,0,4,0,sm_89,R1_EVENT_OVERLAP,NCCL,C0_DEFAULT,2048,4096,2048,8,5,2097152,54,0,3328.704,5627.712,6602.592,974.880,PASS,0
PHASEB_formal_r1_C0_DEFAULT_N4096_q8_rep2,0,4,0,sm_89,R1_EVENT_OVERLAP,NCCL,C0_DEFAULT,2048,4096,2048,8,6,2097152,54,0,4249.152,6606.048,7582.048,976.000,PASS,0
PHASEB_formal_r1_C0_DEFAULT_N4096_q8_rep2,0,4,0,sm_89,R1_EVENT_OVERLAP,NCCL,C0_DEFAULT,2048,4096,2048,8,7,2097152,54,0,5241.120,7585.504,8559.040,973.536,PASS,0
PHASEB_formal_r1_C0_DEFAULT_N4096_q8_rep2,0,4,0,sm_89,R1_EVENT_OVERLAP,NCCL,C0_DEFAULT,2048,4096,2048,8,0,2097152,55,0,171.456,177.664,1174.144,996.480,PASS,0
PHASEB_formal_r1_C0_DEFAULT_N4096_q8_rep2,0,4,0,sm_89,R1_EVENT_OVERLAP,NCCL,C0_DEFAULT,2048,4096,2048,8,1,2097152,55,0,264.320,1179.136,2180.736,1001.600,PASS,0
PHASEB_formal_r1_C0_DEFAULT_N4096_q8_rep2,0,4,0,sm_89,R1_EVENT_OVERLAP,NCCL,C0_DEFAULT,2048,4096,2048,8,2,2097152,55,0,1245.280,2184.160,3188.672,1004.512,PASS,0
PHASEB_formal_r1_C0_DEFAULT_N4096_q8_rep2,0,4,0,sm_89,R1_EVENT_OVERLAP,NCCL,C0_DEFAULT,2048,4096,2048,8,3,2097152,55,0,2193.152,3192.128,4333.088,1140.960,PASS,0
PHASEB_formal_r1_C0_DEFAULT_N4096_q8_rep2,0,4,0,sm_89,R1_EVENT_OVERLAP,NCCL,C0_DEFAULT,2048,4096,2048,8,4,2097152,55,0,3181.664,4336.480,5467.264,1130.784,PASS,0
PHASEB_formal_r1_C0_DEFAULT_N4096_q8_rep2,0,4,0,sm_89,R1_EVENT_OVERLAP,NCCL,C0_DEFAULT,2048,4096,2048,8,5,2097152,55,0,4168.160,5470.720,6446.368,975.648,PASS,0
PHASEB_formal_r1_C0_DEFAULT_N4096_q8_rep2,0,4,0,sm_89,R1_EVENT_OVERLAP,NCCL,C0_DEFAULT,2048,4096,2048,8,6,2097152,55,0,4315.776,6449.952,7424.352,974.400,PASS,0
PHASEB_formal_r1_C0_DEFAULT_N4096_q8_rep2,0,4,0,sm_89,R1_EVENT_OVERLAP,NCCL,C0_DEFAULT,2048,4096,2048,8,7,2097152,55,0,5222.336,7427.808,8403.456,975.648,PASS,0
PHASEB_formal_r1_C0_DEFAULT_N4096_q8_rep2,0,4,0,sm_89,R1_EVENT_OVERLAP,NCCL,C0_DEFAULT,2048,4096,2048,8,0,2097152,56,0,169.568,176.608,1170.592,993.984,PASS,0
PHASEB_formal_r1_C0_DEFAULT_N4096_q8_rep2,0,4,0,sm_89,R1_EVENT_OVERLAP,NCCL,C0_DEFAULT,2048,4096,2048,8,1,2097152,56,0,263.680,1174.112,2175.456,1001.344,PASS,0
PHASEB_formal_r1_C0_DEFAULT_N4096_q8_rep2,0,4,0,sm_89,R1_EVENT_OVERLAP,NCCL,C0_DEFAULT,2048,4096,2048,8,2,2097152,56,0,1225.856,2178.880,3166.624,987.744,PASS,0
PHASEB_formal_r1_C0_DEFAULT_N4096_q8_rep2,0,4,0,sm_89,R1_EVENT_OVERLAP,NCCL,C0_DEFAULT,2048,4096,2048,8,3,2097152,56,0,2188.960,3170.048,4218.432,1048.384,PASS,0
PHASEB_formal_r1_C0_DEFAULT_N4096_q8_rep2,0,4,0,sm_89,R1_EVENT_OVERLAP,NCCL,C0_DEFAULT,2048,4096,2048,8,4,2097152,56,0,3152.768,4221.856,5220.352,998.496,PASS,0
PHASEB_formal_r1_C0_DEFAULT_N4096_q8_rep2,0,4,0,sm_89,R1_EVENT_OVERLAP,NCCL,C0_DEFAULT,2048,4096,2048,8,5,2097152,56,0,3314.944,5224.032,6198.784,974.752,PASS,0
PHASEB_formal_r1_C0_DEFAULT_N4096_q8_rep2,0,4,0,sm_89,R1_EVENT_OVERLAP,NCCL,C0_DEFAULT,2048,4096,2048,8,6,2097152,56,0,4228.192,6202.272,7178.080,975.808,PASS,0
PHASEB_formal_r1_C0_DEFAULT_N4096_q8_rep2,0,4,0,sm_89,R1_EVENT_OVERLAP,NCCL,C0_DEFAULT,2048,4096,2048,8,7,2097152,56,0,5213.440,7181.600,8156.032,974.432,PASS,0
PHASEB_formal_r1_C0_DEFAULT_N4096_q8_rep2,0,4,0,sm_89,R1_EVENT_OVERLAP,NCCL,C0_DEFAULT,2048,4096,2048,8,0,2097152,57,0,158.912,165.952,1160.896,994.944,PASS,0
PHASEB_formal_r1_C0_DEFAULT_N4096_q8_rep2,0,4,0,sm_89,R1_EVENT_OVERLAP,NCCL,C0_DEFAULT,2048,4096,2048,8,1,2097152,57,0,254.368,1165.792,2167.200,1001.408,PASS,0
PHASEB_formal_r1_C0_DEFAULT_N4096_q8_rep2,0,4,0,sm_89,R1_EVENT_OVERLAP,NCCL,C0_DEFAULT,2048,4096,2048,8,2,2097152,57,0,1211.136,2170.816,3164.128,993.312,PASS,0
PHASEB_formal_r1_C0_DEFAULT_N4096_q8_rep2,0,4,0,sm_89,R1_EVENT_OVERLAP,NCCL,C0_DEFAULT,2048,4096,2048,8,3,2097152,57,0,2177.312,3167.616,4179.808,1012.192,PASS,0
PHASEB_formal_r1_C0_DEFAULT_N4096_q8_rep2,0,4,0,sm_89,R1_EVENT_OVERLAP,NCCL,C0_DEFAULT,2048,4096,2048,8,4,2097152,57,0,3156.480,4183.648,5199.232,1015.584,PASS,0
PHASEB_formal_r1_C0_DEFAULT_N4096_q8_rep2,0,4,0,sm_89,R1_EVENT_OVERLAP,NCCL,C0_DEFAULT,2048,4096,2048,8,5,2097152,57,0,3264.544,5202.752,6178.496,975.744,PASS,0
PHASEB_formal_r1_C0_DEFAULT_N4096_q8_rep2,0,4,0,sm_89,R1_EVENT_OVERLAP,NCCL,C0_DEFAULT,2048,4096,2048,8,6,2097152,57,0,4251.968,6182.016,7157.184,975.168,PASS,0
PHASEB_formal_r1_C0_DEFAULT_N4096_q8_rep2,0,4,0,sm_89,R1_EVENT_OVERLAP,NCCL,C0_DEFAULT,2048,4096,2048,8,7,2097152,57,0,5216.800,7160.736,8136.288,975.552,PASS,0
PHASEB_formal_r1_C0_DEFAULT_N4096_q8_rep2,0,4,0,sm_89,R1_EVENT_OVERLAP,NCCL,C0_DEFAULT,2048,4096,2048,8,0,2097152,58,0,177.984,184.224,1177.696,993.472,PASS,0
PHASEB_formal_r1_C0_DEFAULT_N4096_q8_rep2,0,4,0,sm_89,R1_EVENT_OVERLAP,NCCL,C0_DEFAULT,2048,4096,2048,8,1,2097152,58,0,273.056,1181.632,2181.120,999.488,PASS,0
PHASEB_formal_r1_C0_DEFAULT_N4096_q8_rep2,0,4,0,sm_89,R1_EVENT_OVERLAP,NCCL,C0_DEFAULT,2048,4096,2048,8,2,2097152,58,0,1222.560,2185.280,3180.128,994.848,PASS,0
PHASEB_formal_r1_C0_DEFAULT_N4096_q8_rep2,0,4,0,sm_89,R1_EVENT_OVERLAP,NCCL,C0_DEFAULT,2048,4096,2048,8,3,2097152,58,0,2191.648,3183.616,4217.120,1033.504,PASS,0
PHASEB_formal_r1_C0_DEFAULT_N4096_q8_rep2,0,4,0,sm_89,R1_EVENT_OVERLAP,NCCL,C0_DEFAULT,2048,4096,2048,8,4,2097152,58,0,3171.104,4220.608,5209.152,988.544,PASS,0
PHASEB_formal_r1_C0_DEFAULT_N4096_q8_rep2,0,4,0,sm_89,R1_EVENT_OVERLAP,NCCL,C0_DEFAULT,2048,4096,2048,8,5,2097152,58,0,3312.256,5212.608,6187.232,974.624,PASS,0
PHASEB_formal_r1_C0_DEFAULT_N4096_q8_rep2,0,4,0,sm_89,R1_EVENT_OVERLAP,NCCL,C0_DEFAULT,2048,4096,2048,8,6,2097152,58,0,4235.840,6191.008,7167.008,976.000,PASS,0
PHASEB_formal_r1_C0_DEFAULT_N4096_q8_rep2,0,4,0,sm_89,R1_EVENT_OVERLAP,NCCL,C0_DEFAULT,2048,4096,2048,8,7,2097152,58,0,5198.112,7170.496,8144.960,974.464,PASS,0
PHASEB_formal_r1_C0_DEFAULT_N4096_q8_rep2,0,4,0,sm_89,R1_EVENT_OVERLAP,NCCL,C0_DEFAULT,2048,4096,2048,8,0,2097152,59,0,173.984,180.960,1191.680,1010.720,PASS,0
PHASEB_formal_r1_C0_DEFAULT_N4096_q8_rep2,0,4,0,sm_89,R1_EVENT_OVERLAP,NCCL,C0_DEFAULT,2048,4096,2048,8,1,2097152,59,0,268.768,1195.872,2202.336,1006.464,PASS,0
PHASEB_formal_r1_C0_DEFAULT_N4096_q8_rep2,0,4,0,sm_89,R1_EVENT_OVERLAP,NCCL,C0_DEFAULT,2048,4096,2048,8,2,2097152,59,0,1241.024,2206.112,3356.992,1150.880,PASS,0
PHASEB_formal_r1_C0_DEFAULT_N4096_q8_rep2,0,4,0,sm_89,R1_EVENT_OVERLAP,NCCL,C0_DEFAULT,2048,4096,2048,8,3,2097152,59,0,2195.264,3360.448,4353.760,993.312,PASS,0
PHASEB_formal_r1_C0_DEFAULT_N4096_q8_rep2,0,4,0,sm_89,R1_EVENT_OVERLAP,NCCL,C0_DEFAULT,2048,4096,2048,8,4,2097152,59,0,3204.608,4357.152,5488.256,1131.104,PASS,0
PHASEB_formal_r1_C0_DEFAULT_N4096_q8_rep2,0,4,0,sm_89,R1_EVENT_OVERLAP,NCCL,C0_DEFAULT,2048,4096,2048,8,5,2097152,59,0,3366.912,5491.712,6467.424,975.712,PASS,0
PHASEB_formal_r1_C0_DEFAULT_N4096_q8_rep2,0,4,0,sm_89,R1_EVENT_OVERLAP,NCCL,C0_DEFAULT,2048,4096,2048,8,6,2097152,59,0,4344.160,6470.912,7445.600,974.688,PASS,0
PHASEB_formal_r1_C0_DEFAULT_N4096_q8_rep2,0,4,0,sm_89,R1_EVENT_OVERLAP,NCCL,C0_DEFAULT,2048,4096,2048,8,7,2097152,59,0,5294.432,7449.440,8425.088,975.648,PASS,0
PHASEB_formal_r1_C0_DEFAULT_N4096_q8_rep2,0,4,0,sm_89,R1_EVENT_OVERLAP,NCCL,C0_DEFAULT,2048,4096,2048,8,0,2097152,60,0,165.664,172.000,1174.976,1002.976,PASS,0
PHASEB_formal_r1_C0_DEFAULT_N4096_q8_rep2,0,4,0,sm_89,R1_EVENT_OVERLAP,NCCL,C0_DEFAULT,2048,4096,2048,8,1,2097152,60,0,260.384,1179.008,2178.688,999.680,PASS,0
PHASEB_formal_r1_C0_DEFAULT_N4096_q8_rep2,0,4,0,sm_89,R1_EVENT_OVERLAP,NCCL,C0_DEFAULT,2048,4096,2048,8,2,2097152,60,0,1227.776,2182.208,3196.736,1014.528,PASS,0
PHASEB_formal_r1_C0_DEFAULT_N4096_q8_rep2,0,4,0,sm_89,R1_EVENT_OVERLAP,NCCL,C0_DEFAULT,2048,4096,2048,8,3,2097152,60,0,2188.672,3200.384,4196.736,996.352,PASS,0
PHASEB_formal_r1_C0_DEFAULT_N4096_q8_rep2,0,4,0,sm_89,R1_EVENT_OVERLAP,NCCL,C0_DEFAULT,2048,4096,2048,8,4,2097152,60,0,3206.784,4200.224,5263.072,1062.848,PASS,0
PHASEB_formal_r1_C0_DEFAULT_N4096_q8_rep2,0,4,0,sm_89,R1_EVENT_OVERLAP,NCCL,C0_DEFAULT,2048,4096,2048,8,5,2097152,60,0,4186.688,5266.528,6316.800,1050.272,PASS,0
PHASEB_formal_r1_C0_DEFAULT_N4096_q8_rep2,0,4,0,sm_89,R1_EVENT_OVERLAP,NCCL,C0_DEFAULT,2048,4096,2048,8,6,2097152,60,0,4500.928,6320.288,7295.680,975.392,PASS,0
PHASEB_formal_r1_C0_DEFAULT_N4096_q8_rep2,0,4,0,sm_89,R1_EVENT_OVERLAP,NCCL,C0_DEFAULT,2048,4096,2048,8,7,2097152,60,0,5476.672,7299.136,8273.856,974.720,PASS,0
PHASEB_formal_r1_C0_DEFAULT_N4096_q8_rep2,0,4,0,sm_89,R1_EVENT_OVERLAP,NCCL,C0_DEFAULT,2048,4096,2048,8,0,2097152,61,0,171.360,178.048,1170.336,992.288,PASS,0
PHASEB_formal_r1_C0_DEFAULT_N4096_q8_rep2,0,4,0,sm_89,R1_EVENT_OVERLAP,NCCL,C0_DEFAULT,2048,4096,2048,8,1,2097152,61,0,264.352,1173.824,2172.384,998.560,PASS,0
PHASEB_formal_r1_C0_DEFAULT_N4096_q8_rep2,0,4,0,sm_89,R1_EVENT_OVERLAP,NCCL,C0_DEFAULT,2048,4096,2048,8,2,2097152,61,0,1215.136,2175.904,3183.296,1007.392,PASS,0
PHASEB_formal_r1_C0_DEFAULT_N4096_q8_rep2,0,4,0,sm_89,R1_EVENT_OVERLAP,NCCL,C0_DEFAULT,2048,4096,2048,8,3,2097152,61,0,2182.368,3186.752,4181.056,994.304,PASS,0
PHASEB_formal_r1_C0_DEFAULT_N4096_q8_rep2,0,4,0,sm_89,R1_EVENT_OVERLAP,NCCL,C0_DEFAULT,2048,4096,2048,8,4,2097152,61,0,3176.704,4199.584,5196.288,996.704,PASS,0
PHASEB_formal_r1_C0_DEFAULT_N4096_q8_rep2,0,4,0,sm_89,R1_EVENT_OVERLAP,NCCL,C0_DEFAULT,2048,4096,2048,8,5,2097152,61,0,3281.376,5199.712,6175.264,975.552,PASS,0
PHASEB_formal_r1_C0_DEFAULT_N4096_q8_rep2,0,4,0,sm_89,R1_EVENT_OVERLAP,NCCL,C0_DEFAULT,2048,4096,2048,8,6,2097152,61,0,4235.296,6178.720,7153.888,975.168,PASS,0
PHASEB_formal_r1_C0_DEFAULT_N4096_q8_rep2,0,4,0,sm_89,R1_EVENT_OVERLAP,NCCL,C0_DEFAULT,2048,4096,2048,8,7,2097152,61,0,5205.984,7157.344,8132.768,975.424,PASS,0
PHASEB_formal_r1_C0_DEFAULT_N4096_q8_rep2,0,4,0,sm_89,R1_EVENT_OVERLAP,NCCL,C0_DEFAULT,2048,4096,2048,8,0,2097152,62,0,186.432,192.960,1189.056,996.096,PASS,0
PHASEB_formal_r1_C0_DEFAULT_N4096_q8_rep2,0,4,0,sm_89,R1_EVENT_OVERLAP,NCCL,C0_DEFAULT,2048,4096,2048,8,1,2097152,62,0,281.472,1192.576,2196.832,1004.256,PASS,0
PHASEB_formal_r1_C0_DEFAULT_N4096_q8_rep2,0,4,0,sm_89,R1_EVENT_OVERLAP,NCCL,C0_DEFAULT,2048,4096,2048,8,2,2097152,62,0,1233.280,2200.384,3200.896,1000.512,PASS,0
PHASEB_formal_r1_C0_DEFAULT_N4096_q8_rep2,0,4,0,sm_89,R1_EVENT_OVERLAP,NCCL,C0_DEFAULT,2048,4096,2048,8,3,2097152,62,0,2190.432,3209.344,4206.208,996.864,PASS,0
PHASEB_formal_r1_C0_DEFAULT_N4096_q8_rep2,0,4,0,sm_89,R1_EVENT_OVERLAP,NCCL,C0_DEFAULT,2048,4096,2048,8,4,2097152,62,0,2289.184,4209.696,5196.640,986.944,PASS,0
PHASEB_formal_r1_C0_DEFAULT_N4096_q8_rep2,0,4,0,sm_89,R1_EVENT_OVERLAP,NCCL,C0_DEFAULT,2048,4096,2048,8,5,2097152,62,0,3262.848,5200.096,6174.752,974.656,PASS,0
PHASEB_formal_r1_C0_DEFAULT_N4096_q8_rep2,0,4,0,sm_89,R1_EVENT_OVERLAP,NCCL,C0_DEFAULT,2048,4096,2048,8,6,2097152,62,0,4222.048,6178.240,7154.208,975.968,PASS,0
PHASEB_formal_r1_C0_DEFAULT_N4096_q8_rep2,0,4,0,sm_89,R1_EVENT_OVERLAP,NCCL,C0_DEFAULT,2048,4096,2048,8,7,2097152,62,0,5184.992,7157.696,8131.552,973.856,PASS,0
PHASEB_formal_r1_C0_DEFAULT_N4096_q8_rep2,0,4,0,sm_89,R1_EVENT_OVERLAP,NCCL,C0_DEFAULT,2048,4096,2048,8,0,2097152,63,0,187.456,194.208,1193.600,999.392,PASS,0
PHASEB_formal_r1_C0_DEFAULT_N4096_q8_rep2,0,4,0,sm_89,R1_EVENT_OVERLAP,NCCL,C0_DEFAULT,2048,4096,2048,8,1,2097152,63,0,281.216,1197.472,2197.536,1000.064,PASS,0
PHASEB_formal_r1_C0_DEFAULT_N4096_q8_rep2,0,4,0,sm_89,R1_EVENT_OVERLAP,NCCL,C0_DEFAULT,2048,4096,2048,8,2,2097152,63,0,1251.520,2201.344,3191.712,990.368,PASS,0
PHASEB_formal_r1_C0_DEFAULT_N4096_q8_rep2,0,4,0,sm_89,R1_EVENT_OVERLAP,NCCL,C0_DEFAULT,2048,4096,2048,8,3,2097152,63,0,2207.680,3195.200,4251.520,1056.320,PASS,0
PHASEB_formal_r1_C0_DEFAULT_N4096_q8_rep2,0,4,0,sm_89,R1_EVENT_OVERLAP,NCCL,C0_DEFAULT,2048,4096,2048,8,4,2097152,63,0,3182.176,4254.976,5305.504,1050.528,PASS,0
PHASEB_formal_r1_C0_DEFAULT_N4096_q8_rep2,0,4,0,sm_89,R1_EVENT_OVERLAP,NCCL,C0_DEFAULT,2048,4096,2048,8,5,2097152,63,0,3348.384,5308.992,6285.024,976.032,PASS,0
PHASEB_formal_r1_C0_DEFAULT_N4096_q8_rep2,0,4,0,sm_89,R1_EVENT_OVERLAP,NCCL,C0_DEFAULT,2048,4096,2048,8,6,2097152,63,0,4242.944,6288.512,7263.648,975.136,PASS,0
PHASEB_formal_r1_C0_DEFAULT_N4096_q8_rep2,0,4,0,sm_89,R1_EVENT_OVERLAP,NCCL,C0_DEFAULT,2048,4096,2048,8,7,2097152,63,0,4497.568,7267.136,8242.208,975.072,PASS,0
PHASEB_formal_r1_C0_DEFAULT_N4096_q8_rep2,0,4,0,sm_89,R1_EVENT_OVERLAP,NCCL,C0_DEFAULT,2048,4096,2048,8,0,2097152,64,0,179.264,185.600,1188.608,1003.008,PASS,0
PHASEB_formal_r1_C0_DEFAULT_N4096_q8_rep2,0,4,0,sm_89,R1_EVENT_OVERLAP,NCCL,C0_DEFAULT,2048,4096,2048,8,1,2097152,64,0,274.208,1192.096,2193.952,1001.856,PASS,0
PHASEB_formal_r1_C0_DEFAULT_N4096_q8_rep2,0,4,0,sm_89,R1_EVENT_OVERLAP,NCCL,C0_DEFAULT,2048,4096,2048,8,2,2097152,64,0,1240.160,2197.376,3193.024,995.648,PASS,0
PHASEB_formal_r1_C0_DEFAULT_N4096_q8_rep2,0,4,0,sm_89,R1_EVENT_OVERLAP,NCCL,C0_DEFAULT,2048,4096,2048,8,3,2097152,64,0,2209.312,3196.832,4341.824,1144.992,PASS,0
PHASEB_formal_r1_C0_DEFAULT_N4096_q8_rep2,0,4,0,sm_89,R1_EVENT_OVERLAP,NCCL,C0_DEFAULT,2048,4096,2048,8,4,2097152,64,0,3186.368,4345.312,5490.368,1145.056,PASS,0
PHASEB_formal_r1_C0_DEFAULT_N4096_q8_rep2,0,4,0,sm_89,R1_EVENT_OVERLAP,NCCL,C0_DEFAULT,2048,4096,2048,8,5,2097152,64,0,4192.320,5493.824,6468.384,974.560,PASS,0
PHASEB_formal_r1_C0_DEFAULT_N4096_q8_rep2,0,4,0,sm_89,R1_EVENT_OVERLAP,NCCL,C0_DEFAULT,2048,4096,2048,8,6,2097152,64,0,5159.168,6471.840,7447.648,975.808,PASS,0
PHASEB_formal_r1_C0_DEFAULT_N4096_q8_rep2,0,4,0,sm_89,R1_EVENT_OVERLAP,NCCL,C0_DEFAULT,2048,4096,2048,8,7,2097152,64,0,5483.520,7451.136,8425.728,974.592,PASS,0
PHASEB_formal_r1_C0_DEFAULT_N4096_q8_rep2,0,4,0,sm_89,R1_EVENT_OVERLAP,NCCL,C0_DEFAULT,2048,4096,2048,8,0,2097152,65,0,155.840,162.816,1154.080,991.264,PASS,0
PHASEB_formal_r1_C0_DEFAULT_N4096_q8_rep2,0,4,0,sm_89,R1_EVENT_OVERLAP,NCCL,C0_DEFAULT,2048,4096,2048,8,1,2097152,65,0,248.576,1158.336,2159.392,1001.056,PASS,0
PHASEB_formal_r1_C0_DEFAULT_N4096_q8_rep2,0,4,0,sm_89,R1_EVENT_OVERLAP,NCCL,C0_DEFAULT,2048,4096,2048,8,2,2097152,65,0,1217.216,2162.816,3155.584,992.768,PASS,0
PHASEB_formal_r1_C0_DEFAULT_N4096_q8_rep2,0,4,0,sm_89,R1_EVENT_OVERLAP,NCCL,C0_DEFAULT,2048,4096,2048,8,3,2097152,65,0,2172.608,3159.104,4210.496,1051.392,PASS,0
PHASEB_formal_r1_C0_DEFAULT_N4096_q8_rep2,0,4,0,sm_89,R1_EVENT_OVERLAP,NCCL,C0_DEFAULT,2048,4096,2048,8,4,2097152,65,0,3146.016,4213.920,5346.464,1132.544,PASS,0
PHASEB_formal_r1_C0_DEFAULT_N4096_q8_rep2,0,4,0,sm_89,R1_EVENT_OVERLAP,NCCL,C0_DEFAULT,2048,4096,2048,8,5,2097152,65,0,3305.280,5349.952,6325.664,975.712,PASS,0
PHASEB_formal_r1_C0_DEFAULT_N4096_q8_rep2,0,4,0,sm_89,R1_EVENT_OVERLAP,NCCL,C0_DEFAULT,2048,4096,2048,8,6,2097152,65,0,4203.712,6329.120,7303.552,974.432,PASS,0
PHASEB_formal_r1_C0_DEFAULT_N4096_q8_rep2,0,4,0,sm_89,R1_EVENT_OVERLAP,NCCL,C0_DEFAULT,2048,4096,2048,8,7,2097152,65,0,5207.200,7307.008,8282.816,975.808,PASS,0
PHASEB_formal_r1_C0_DEFAULT_N4096_q8_rep2,0,4,0,sm_89,R1_EVENT_OVERLAP,NCCL,C0_DEFAULT,2048,4096,2048,8,0,2097152,66,0,166.112,172.672,1170.688,998.016,PASS,0
PHASEB_formal_r1_C0_DEFAULT_N4096_q8_rep2,0,4,0,sm_89,R1_EVENT_OVERLAP,NCCL,C0_DEFAULT,2048,4096,2048,8,1,2097152,66,0,259.200,1174.176,2175.552,1001.376,PASS,0
PHASEB_formal_r1_C0_DEFAULT_N4096_q8_rep2,0,4,0,sm_89,R1_EVENT_OVERLAP,NCCL,C0_DEFAULT,2048,4096,2048,8,2,2097152,66,0,1214.304,2179.040,3171.360,992.320,PASS,0
PHASEB_formal_r1_C0_DEFAULT_N4096_q8_rep2,0,4,0,sm_89,R1_EVENT_OVERLAP,NCCL,C0_DEFAULT,2048,4096,2048,8,3,2097152,66,0,2185.408,3174.752,4205.632,1030.880,PASS,0
PHASEB_formal_r1_C0_DEFAULT_N4096_q8_rep2,0,4,0,sm_89,R1_EVENT_OVERLAP,NCCL,C0_DEFAULT,2048,4096,2048,8,4,2097152,66,0,3158.848,4209.312,5199.136,989.824,PASS,0
PHASEB_formal_r1_C0_DEFAULT_N4096_q8_rep2,0,4,0,sm_89,R1_EVENT_OVERLAP,NCCL,C0_DEFAULT,2048,4096,2048,8,5,2097152,66,0,3293.184,5202.656,6177.408,974.752,PASS,0
PHASEB_formal_r1_C0_DEFAULT_N4096_q8_rep2,0,4,0,sm_89,R1_EVENT_OVERLAP,NCCL,C0_DEFAULT,2048,4096,2048,8,6,2097152,66,0,4229.856,6180.896,7156.704,975.808,PASS,0
PHASEB_formal_r1_C0_DEFAULT_N4096_q8_rep2,0,4,0,sm_89,R1_EVENT_OVERLAP,NCCL,C0_DEFAULT,2048,4096,2048,8,7,2097152,66,0,5190.304,7160.160,8133.888,973.728,PASS,0
PHASEB_formal_r1_C0_DEFAULT_N4096_q8_rep2,0,4,0,sm_89,R1_EVENT_OVERLAP,NCCL,C0_DEFAULT,2048,4096,2048,8,0,2097152,67,0,179.328,185.536,1179.008,993.472,PASS,0
PHASEB_formal_r1_C0_DEFAULT_N4096_q8_rep2,0,4,0,sm_89,R1_EVENT_OVERLAP,NCCL,C0_DEFAULT,2048,4096,2048,8,1,2097152,67,0,272.320,1182.656,2186.944,1004.288,PASS,0
PHASEB_formal_r1_C0_DEFAULT_N4096_q8_rep2,0,4,0,sm_89,R1_EVENT_OVERLAP,NCCL,C0_DEFAULT,2048,4096,2048,8,2,2097152,67,0,1225.216,2190.528,3335.744,1145.216,PASS,0
PHASEB_formal_r1_C0_DEFAULT_N4096_q8_rep2,0,4,0,sm_89,R1_EVENT_OVERLAP,NCCL,C0_DEFAULT,2048,4096,2048,8,3,2097152,67,0,2179.488,3339.168,4481.920,1142.752,PASS,0
PHASEB_formal_r1_C0_DEFAULT_N4096_q8_rep2,0,4,0,sm_89,R1_EVENT_OVERLAP,NCCL,C0_DEFAULT,2048,4096,2048,8,4,2097152,67,0,3166.400,4485.312,5613.920,1128.608,PASS,0
PHASEB_formal_r1_C0_DEFAULT_N4096_q8_rep2,0,4,0,sm_89,R1_EVENT_OVERLAP,NCCL,C0_DEFAULT,2048,4096,2048,8,5,2097152,67,0,3325.184,5617.376,6592.928,975.552,PASS,0
PHASEB_formal_r1_C0_DEFAULT_N4096_q8_rep2,0,4,0,sm_89,R1_EVENT_OVERLAP,NCCL,C0_DEFAULT,2048,4096,2048,8,6,2097152,67,0,4284.512,6596.384,7570.848,974.464,PASS,0
PHASEB_formal_r1_C0_DEFAULT_N4096_q8_rep2,0,4,0,sm_89,R1_EVENT_OVERLAP,NCCL,C0_DEFAULT,2048,4096,2048,8,7,2097152,67,0,5221.344,7574.336,8549.888,975.552,PASS,0
PHASEB_formal_r1_C0_DEFAULT_N4096_q8_rep2,0,4,0,sm_89,R1_EVENT_OVERLAP,NCCL,C0_DEFAULT,2048,4096,2048,8,0,2097152,68,0,164.160,171.264,1167.712,996.448,PASS,0
PHASEB_formal_r1_C0_DEFAULT_N4096_q8_rep2,0,4,0,sm_89,R1_EVENT_OVERLAP,NCCL,C0_DEFAULT,2048,4096,2048,8,1,2097152,68,0,257.568,1171.968,2173.760,1001.792,PASS,0
PHASEB_formal_r1_C0_DEFAULT_N4096_q8_rep2,0,4,0,sm_89,R1_EVENT_OVERLAP,NCCL,C0_DEFAULT,2048,4096,2048,8,2,2097152,68,0,1214.208,2177.184,3165.984,988.800,PASS,0
PHASEB_formal_r1_C0_DEFAULT_N4096_q8_rep2,0,4,0,sm_89,R1_EVENT_OVERLAP,NCCL,C0_DEFAULT,2048,4096,2048,8,3,2097152,68,0,2183.584,3169.440,4230.240,1060.800,PASS,0
PHASEB_formal_r1_C0_DEFAULT_N4096_q8_rep2,0,4,0,sm_89,R1_EVENT_OVERLAP,NCCL,C0_DEFAULT,2048,4096,2048,8,4,2097152,68,0,3154.656,4234.112,5286.368,1052.256,PASS,0
PHASEB_formal_r1_C0_DEFAULT_N4096_q8_rep2,0,4,0,sm_89,R1_EVENT_OVERLAP,NCCL,C0_DEFAULT,2048,4096,2048,8,5,2097152,68,0,3344.288,5289.824,6264.480,974.656,PASS,0
PHASEB_formal_r1_C0_DEFAULT_N4096_q8_rep2,0,4,0,sm_89,R1_EVENT_OVERLAP,NCCL,C0_DEFAULT,2048,4096,2048,8,6,2097152,68,0,4212.288,6267.968,7243.648,975.680,PASS,0
PHASEB_formal_r1_C0_DEFAULT_N4096_q8_rep2,0,4,0,sm_89,R1_EVENT_OVERLAP,NCCL,C0_DEFAULT,2048,4096,2048,8,7,2097152,68,0,4505.600,7247.200,8221.856,974.656,PASS,0
PHASEB_formal_r1_C0_DEFAULT_N4096_q8_rep2,0,4,0,sm_89,R1_EVENT_OVERLAP,NCCL,C0_DEFAULT,2048,4096,2048,8,0,2097152,69,0,167.008,174.176,1169.152,994.976,PASS,0
PHASEB_formal_r1_C0_DEFAULT_N4096_q8_rep2,0,4,0,sm_89,R1_EVENT_OVERLAP,NCCL,C0_DEFAULT,2048,4096,2048,8,1,2097152,69,0,261.536,1174.560,2173.696,999.136,PASS,0
PHASEB_formal_r1_C0_DEFAULT_N4096_q8_rep2,0,4,0,sm_89,R1_EVENT_OVERLAP,NCCL,C0_DEFAULT,2048,4096,2048,8,2,2097152,69,0,1219.776,2177.152,3168.544,991.392,PASS,0
PHASEB_formal_r1_C0_DEFAULT_N4096_q8_rep2,0,4,0,sm_89,R1_EVENT_OVERLAP,NCCL,C0_DEFAULT,2048,4096,2048,8,3,2097152,69,0,2184.736,3171.936,4177.344,1005.408,PASS,0
PHASEB_formal_r1_C0_DEFAULT_N4096_q8_rep2,0,4,0,sm_89,R1_EVENT_OVERLAP,NCCL,C0_DEFAULT,2048,4096,2048,8,4,2097152,69,0,3155.744,4181.376,5186.048,1004.672,PASS,0
PHASEB_formal_r1_C0_DEFAULT_N4096_q8_rep2,0,4,0,sm_89,R1_EVENT_OVERLAP,NCCL,C0_DEFAULT,2048,4096,2048,8,5,2097152,69,0,3277.056,5190.400,6169.504,979.104,PASS,0
PHASEB_formal_r1_C0_DEFAULT_N4096_q8_rep2,0,4,0,sm_89,R1_EVENT_OVERLAP,NCCL,C0_DEFAULT,2048,4096,2048,8,6,2097152,69,0,4246.656,6172.960,7148.512,975.552,PASS,0
PHASEB_formal_r1_C0_DEFAULT_N4096_q8_rep2,0,4,0,sm_89,R1_EVENT_OVERLAP,NCCL,C0_DEFAULT,2048,4096,2048,8,7,2097152,69,0,5222.016,7151.968,8127.136,975.168,PASS,0
PHASEB_formal_r1_C0_DEFAULT_N4096_q8_rep2,0,4,0,sm_89,R1_EVENT_OVERLAP,NCCL,C0_DEFAULT,2048,4096,2048,8,0,2097152,70,0,169.536,175.648,1170.880,995.232,PASS,0
PHASEB_formal_r1_C0_DEFAULT_N4096_q8_rep2,0,4,0,sm_89,R1_EVENT_OVERLAP,NCCL,C0_DEFAULT,2048,4096,2048,8,1,2097152,70,0,264.032,1174.368,2172.896,998.528,PASS,0
PHASEB_formal_r1_C0_DEFAULT_N4096_q8_rep2,0,4,0,sm_89,R1_EVENT_OVERLAP,NCCL,C0_DEFAULT,2048,4096,2048,8,2,2097152,70,0,1221.280,2176.384,3172.192,995.808,PASS,0
PHASEB_formal_r1_C0_DEFAULT_N4096_q8_rep2,0,4,0,sm_89,R1_EVENT_OVERLAP,NCCL,C0_DEFAULT,2048,4096,2048,8,3,2097152,70,0,2182.720,3175.584,4216.160,1040.576,PASS,0
PHASEB_formal_r1_C0_DEFAULT_N4096_q8_rep2,0,4,0,sm_89,R1_EVENT_OVERLAP,NCCL,C0_DEFAULT,2048,4096,2048,8,4,2097152,70,0,3163.040,4219.584,5214.208,994.624,PASS,0
PHASEB_formal_r1_C0_DEFAULT_N4096_q8_rep2,0,4,0,sm_89,R1_EVENT_OVERLAP,NCCL,C0_DEFAULT,2048,4096,2048,8,5,2097152,70,0,3305.664,5217.696,6192.000,974.304,PASS,0
PHASEB_formal_r1_C0_DEFAULT_N4096_q8_rep2,0,4,0,sm_89,R1_EVENT_OVERLAP,NCCL,C0_DEFAULT,2048,4096,2048,8,6,2097152,70,0,4236.800,6195.456,7171.904,976.448,PASS,0
PHASEB_formal_r1_C0_DEFAULT_N4096_q8_rep2,0,4,0,sm_89,R1_EVENT_OVERLAP,NCCL,C0_DEFAULT,2048,4096,2048,8,7,2097152,70,0,5207.296,7175.392,8149.152,973.760,PASS,0
PHASEB_formal_r1_C0_DEFAULT_N4096_q8_rep2,0,4,0,sm_89,R1_EVENT_OVERLAP,NCCL,C0_DEFAULT,2048,4096,2048,8,0,2097152,71,0,187.008,193.888,1190.784,996.896,PASS,0
PHASEB_formal_r1_C0_DEFAULT_N4096_q8_rep2,0,4,0,sm_89,R1_EVENT_OVERLAP,NCCL,C0_DEFAULT,2048,4096,2048,8,1,2097152,71,0,282.048,1194.240,2196.512,1002.272,PASS,0
PHASEB_formal_r1_C0_DEFAULT_N4096_q8_rep2,0,4,0,sm_89,R1_EVENT_OVERLAP,NCCL,C0_DEFAULT,2048,4096,2048,8,2,2097152,71,0,1234.496,2200.032,3201.152,1001.120,PASS,0
PHASEB_formal_r1_C0_DEFAULT_N4096_q8_rep2,0,4,0,sm_89,R1_EVENT_OVERLAP,NCCL,C0_DEFAULT,2048,4096,2048,8,3,2097152,71,0,2189.024,3204.672,4209.792,1005.120,PASS,0
PHASEB_formal_r1_C0_DEFAULT_N4096_q8_rep2,0,4,0,sm_89,R1_EVENT_OVERLAP,NCCL,C0_DEFAULT,2048,4096,2048,8,4,2097152,71,0,2287.360,4213.248,5200.576,987.328,PASS,0
PHASEB_formal_r1_C0_DEFAULT_N4096_q8_rep2,0,4,0,sm_89,R1_EVENT_OVERLAP,NCCL,C0_DEFAULT,2048,4096,2048,8,5,2097152,71,0,3256.544,5204.032,6179.680,975.648,PASS,0
PHASEB_formal_r1_C0_DEFAULT_N4096_q8_rep2,0,4,0,sm_89,R1_EVENT_OVERLAP,NCCL,C0_DEFAULT,2048,4096,2048,8,6,2097152,71,0,4223.392,6183.168,7157.792,974.624,PASS,0
PHASEB_formal_r1_C0_DEFAULT_N4096_q8_rep2,0,4,0,sm_89,R1_EVENT_OVERLAP,NCCL,C0_DEFAULT,2048,4096,2048,8,7,2097152,71,0,5190.944,7161.280,8136.417,975.136,PASS,0
PHASEB_formal_r1_C0_DEFAULT_N4096_q8_rep2,0,4,0,sm_89,R1_EVENT_OVERLAP,NCCL,C0_DEFAULT,2048,4096,2048,8,0,2097152,72,0,170.176,176.640,1172.416,995.776,PASS,0
PHASEB_formal_r1_C0_DEFAULT_N4096_q8_rep2,0,4,0,sm_89,R1_EVENT_OVERLAP,NCCL,C0_DEFAULT,2048,4096,2048,8,1,2097152,72,0,267.840,1176.384,2178.176,1001.792,PASS,0
PHASEB_formal_r1_C0_DEFAULT_N4096_q8_rep2,0,4,0,sm_89,R1_EVENT_OVERLAP,NCCL,C0_DEFAULT,2048,4096,2048,8,2,2097152,72,0,1233.408,2182.080,3169.856,987.776,PASS,0
PHASEB_formal_r1_C0_DEFAULT_N4096_q8_rep2,0,4,0,sm_89,R1_EVENT_OVERLAP,NCCL,C0_DEFAULT,2048,4096,2048,8,3,2097152,72,0,2191.072,3173.728,4223.424,1049.696,PASS,0
PHASEB_formal_r1_C0_DEFAULT_N4096_q8_rep2,0,4,0,sm_89,R1_EVENT_OVERLAP,NCCL,C0_DEFAULT,2048,4096,2048,8,4,2097152,72,0,3156.384,4227.104,5219.520,992.416,PASS,0
PHASEB_formal_r1_C0_DEFAULT_N4096_q8_rep2,0,4,0,sm_89,R1_EVENT_OVERLAP,NCCL,C0_DEFAULT,2048,4096,2048,8,5,2097152,72,0,3324.128,5223.424,6197.792,974.368,PASS,0
PHASEB_formal_r1_C0_DEFAULT_N4096_q8_rep2,0,4,0,sm_89,R1_EVENT_OVERLAP,NCCL,C0_DEFAULT,2048,4096,2048,8,6,2097152,72,0,4233.472,6201.248,7176.704,975.456,PASS,0
PHASEB_formal_r1_C0_DEFAULT_N4096_q8_rep2,0,4,0,sm_89,R1_EVENT_OVERLAP,NCCL,C0_DEFAULT,2048,4096,2048,8,7,2097152,72,0,5229.856,7180.128,8155.809,975.680,PASS,0
PHASEB_formal_r1_C0_DEFAULT_N4096_q8_rep2,0,4,0,sm_89,R1_EVENT_OVERLAP,NCCL,C0_DEFAULT,2048,4096,2048,8,0,2097152,73,0,165.728,172.256,1166.240,993.984,PASS,0
PHASEB_formal_r1_C0_DEFAULT_N4096_q8_rep2,0,4,0,sm_89,R1_EVENT_OVERLAP,NCCL,C0_DEFAULT,2048,4096,2048,8,1,2097152,73,0,262.816,1170.272,2170.688,1000.416,PASS,0
PHASEB_formal_r1_C0_DEFAULT_N4096_q8_rep2,0,4,0,sm_89,R1_EVENT_OVERLAP,NCCL,C0_DEFAULT,2048,4096,2048,8,2,2097152,73,0,1216.352,2174.336,3164.352,990.016,PASS,0
PHASEB_formal_r1_C0_DEFAULT_N4096_q8_rep2,0,4,0,sm_89,R1_EVENT_OVERLAP,NCCL,C0_DEFAULT,2048,4096,2048,8,3,2097152,73,0,2182.048,3167.776,4181.152,1013.376,PASS,0
PHASEB_formal_r1_C0_DEFAULT_N4096_q8_rep2,0,4,0,sm_89,R1_EVENT_OVERLAP,NCCL,C0_DEFAULT,2048,4096,2048,8,4,2097152,73,0,3154.176,4191.360,5191.168,999.808,PASS,0
PHASEB_formal_r1_C0_DEFAULT_N4096_q8_rep2,0,4,0,sm_89,R1_EVENT_OVERLAP,NCCL,C0_DEFAULT,2048,4096,2048,8,5,2097152,73,0,3275.712,5195.168,6171.040,975.872,PASS,0
PHASEB_formal_r1_C0_DEFAULT_N4096_q8_rep2,0,4,0,sm_89,R1_EVENT_OVERLAP,NCCL,C0_DEFAULT,2048,4096,2048,8,6,2097152,73,0,4242.016,6174.528,7149.056,974.528,PASS,0
PHASEB_formal_r1_C0_DEFAULT_N4096_q8_rep2,0,4,0,sm_89,R1_EVENT_OVERLAP,NCCL,C0_DEFAULT,2048,4096,2048,8,7,2097152,73,0,5202.400,7152.512,8127.744,975.232,PASS,0
PHASEB_formal_r1_C0_DEFAULT_N4096_q8_rep2,0,4,0,sm_89,R1_EVENT_OVERLAP,NCCL,C0_DEFAULT,2048,4096,2048,8,0,2097152,74,0,175.072,181.536,1186.464,1004.928,PASS,0
PHASEB_formal_r1_C0_DEFAULT_N4096_q8_rep2,0,4,0,sm_89,R1_EVENT_OVERLAP,NCCL,C0_DEFAULT,2048,4096,2048,8,1,2097152,74,0,283.424,1189.984,2189.888,999.904,PASS,0
PHASEB_formal_r1_C0_DEFAULT_N4096_q8_rep2,0,4,0,sm_89,R1_EVENT_OVERLAP,NCCL,C0_DEFAULT,2048,4096,2048,8,2,2097152,74,0,1237.664,2193.280,3199.904,1006.624,PASS,0
PHASEB_formal_r1_C0_DEFAULT_N4096_q8_rep2,0,4,0,sm_89,R1_EVENT_OVERLAP,NCCL,C0_DEFAULT,2048,4096,2048,8,3,2097152,74,0,2200.224,3203.424,4194.912,991.488,PASS,0
PHASEB_formal_r1_C0_DEFAULT_N4096_q8_rep2,0,4,0,sm_89,R1_EVENT_OVERLAP,NCCL,C0_DEFAULT,2048,4096,2048,8,4,2097152,74,0,3192.448,4200.768,5201.184,1000.416,PASS,0
PHASEB_formal_r1_C0_DEFAULT_N4096_q8_rep2,0,4,0,sm_89,R1_EVENT_OVERLAP,NCCL,C0_DEFAULT,2048,4096,2048,8,5,2097152,74,0,3298.080,5204.832,6180.128,975.296,PASS,0
PHASEB_formal_r1_C0_DEFAULT_N4096_q8_rep2,0,4,0,sm_89,R1_EVENT_OVERLAP,NCCL,C0_DEFAULT,2048,4096,2048,8,6,2097152,74,0,4253.632,6183.552,7159.616,976.064,PASS,0
PHASEB_formal_r1_C0_DEFAULT_N4096_q8_rep2,0,4,0,sm_89,R1_EVENT_OVERLAP,NCCL,C0_DEFAULT,2048,4096,2048,8,7,2097152,74,0,5211.232,7163.072,8137.824,974.752,PASS,0
PHASEB_formal_r1_C0_DEFAULT_N4096_q8_rep2,0,4,0,sm_89,R1_EVENT_OVERLAP,NCCL,C0_DEFAULT,2048,4096,2048,8,0,2097152,75,0,168.256,175.296,1168.864,993.568,PASS,0
PHASEB_formal_r1_C0_DEFAULT_N4096_q8_rep2,0,4,0,sm_89,R1_EVENT_OVERLAP,NCCL,C0_DEFAULT,2048,4096,2048,8,1,2097152,75,0,264.224,1172.960,2177.280,1004.320,PASS,0
PHASEB_formal_r1_C0_DEFAULT_N4096_q8_rep2,0,4,0,sm_89,R1_EVENT_OVERLAP,NCCL,C0_DEFAULT,2048,4096,2048,8,2,2097152,75,0,1231.040,2181.504,3175.072,993.568,PASS,0
PHASEB_formal_r1_C0_DEFAULT_N4096_q8_rep2,0,4,0,sm_89,R1_EVENT_OVERLAP,NCCL,C0_DEFAULT,2048,4096,2048,8,3,2097152,75,0,2193.216,3178.816,4239.040,1060.224,PASS,0
PHASEB_formal_r1_C0_DEFAULT_N4096_q8_rep2,0,4,0,sm_89,R1_EVENT_OVERLAP,NCCL,C0_DEFAULT,2048,4096,2048,8,4,2097152,75,0,3164.896,4242.688,5247.840,1005.152,PASS,0
PHASEB_formal_r1_C0_DEFAULT_N4096_q8_rep2,0,4,0,sm_89,R1_EVENT_OVERLAP,NCCL,C0_DEFAULT,2048,4096,2048,8,5,2097152,75,0,3345.568,5252.576,6232.000,979.424,PASS,0
PHASEB_formal_r1_C0_DEFAULT_N4096_q8_rep2,0,4,0,sm_89,R1_EVENT_OVERLAP,NCCL,C0_DEFAULT,2048,4096,2048,8,6,2097152,75,0,4332.128,6235.456,7210.144,974.688,PASS,0
PHASEB_formal_r1_C0_DEFAULT_N4096_q8_rep2,0,4,0,sm_89,R1_EVENT_OVERLAP,NCCL,C0_DEFAULT,2048,4096,2048,8,7,2097152,75,0,5298.176,7213.632,8188.672,975.040,PASS,0
PHASEB_formal_r1_C0_DEFAULT_N4096_q8_rep2,0,4,0,sm_89,R1_EVENT_OVERLAP,NCCL,C0_DEFAULT,2048,4096,2048,8,0,2097152,76,0,198.432,204.704,1203.680,998.976,PASS,0
PHASEB_formal_r1_C0_DEFAULT_N4096_q8_rep2,0,4,0,sm_89,R1_EVENT_OVERLAP,NCCL,C0_DEFAULT,2048,4096,2048,8,1,2097152,76,0,290.272,1207.584,2210.752,1003.168,PASS,0
PHASEB_formal_r1_C0_DEFAULT_N4096_q8_rep2,0,4,0,sm_89,R1_EVENT_OVERLAP,NCCL,C0_DEFAULT,2048,4096,2048,8,2,2097152,76,0,1259.136,2214.304,3213.408,999.104,PASS,0
PHASEB_formal_r1_C0_DEFAULT_N4096_q8_rep2,0,4,0,sm_89,R1_EVENT_OVERLAP,NCCL,C0_DEFAULT,2048,4096,2048,8,3,2097152,76,0,2224.192,3216.832,4218.112,1001.280,PASS,0
PHASEB_formal_r1_C0_DEFAULT_N4096_q8_rep2,0,4,0,sm_89,R1_EVENT_OVERLAP,NCCL,C0_DEFAULT,2048,4096,2048,8,4,2097152,76,0,3224.128,4222.464,5216.928,994.464,PASS,0
PHASEB_formal_r1_C0_DEFAULT_N4096_q8_rep2,0,4,0,sm_89,R1_EVENT_OVERLAP,NCCL,C0_DEFAULT,2048,4096,2048,8,5,2097152,76,0,4246.560,5220.384,6269.536,1049.152,PASS,0
PHASEB_formal_r1_C0_DEFAULT_N4096_q8_rep2,0,4,0,sm_89,R1_EVENT_OVERLAP,NCCL,C0_DEFAULT,2048,4096,2048,8,6,2097152,76,0,5209.728,6272.992,7248.896,975.904,PASS,0
PHASEB_formal_r1_C0_DEFAULT_N4096_q8_rep2,0,4,0,sm_89,R1_EVENT_OVERLAP,NCCL,C0_DEFAULT,2048,4096,2048,8,7,2097152,76,0,5391.200,7252.352,8226.176,973.824,PASS,0
PHASEB_formal_r1_C0_DEFAULT_N4096_q8_rep2,0,4,0,sm_89,R1_EVENT_OVERLAP,NCCL,C0_DEFAULT,2048,4096,2048,8,0,2097152,77,0,156.768,163.712,1162.560,998.848,PASS,0
PHASEB_formal_r1_C0_DEFAULT_N4096_q8_rep2,0,4,0,sm_89,R1_EVENT_OVERLAP,NCCL,C0_DEFAULT,2048,4096,2048,8,1,2097152,77,0,252.896,1167.264,2167.392,1000.128,PASS,0
PHASEB_formal_r1_C0_DEFAULT_N4096_q8_rep2,0,4,0,sm_89,R1_EVENT_OVERLAP,NCCL,C0_DEFAULT,2048,4096,2048,8,2,2097152,77,0,1207.680,2170.912,3161.664,990.752,PASS,0
PHASEB_formal_r1_C0_DEFAULT_N4096_q8_rep2,0,4,0,sm_89,R1_EVENT_OVERLAP,NCCL,C0_DEFAULT,2048,4096,2048,8,3,2097152,77,0,2177.984,3165.120,4216.928,1051.808,PASS,0
PHASEB_formal_r1_C0_DEFAULT_N4096_q8_rep2,0,4,0,sm_89,R1_EVENT_OVERLAP,NCCL,C0_DEFAULT,2048,4096,2048,8,4,2097152,77,0,3152.128,4220.384,5210.624,990.240,PASS,0
PHASEB_formal_r1_C0_DEFAULT_N4096_q8_rep2,0,4,0,sm_89,R1_EVENT_OVERLAP,NCCL,C0_DEFAULT,2048,4096,2048,8,5,2097152,77,0,3296.480,5214.144,6189.888,975.744,PASS,0
PHASEB_formal_r1_C0_DEFAULT_N4096_q8_rep2,0,4,0,sm_89,R1_EVENT_OVERLAP,NCCL,C0_DEFAULT,2048,4096,2048,8,6,2097152,77,0,4233.088,6193.600,7168.288,974.688,PASS,0
PHASEB_formal_r1_C0_DEFAULT_N4096_q8_rep2,0,4,0,sm_89,R1_EVENT_OVERLAP,NCCL,C0_DEFAULT,2048,4096,2048,8,7,2097152,77,0,5200.000,7171.776,8146.880,975.104,PASS,0
PHASEB_formal_r1_C0_DEFAULT_N4096_q8_rep2,0,4,0,sm_89,R1_EVENT_OVERLAP,NCCL,C0_DEFAULT,2048,4096,2048,8,0,2097152,78,0,168.288,174.528,1166.944,992.416,PASS,0
PHASEB_formal_r1_C0_DEFAULT_N4096_q8_rep2,0,4,0,sm_89,R1_EVENT_OVERLAP,NCCL,C0_DEFAULT,2048,4096,2048,8,1,2097152,78,0,261.056,1170.464,2170.464,1000.000,PASS,0
PHASEB_formal_r1_C0_DEFAULT_N4096_q8_rep2,0,4,0,sm_89,R1_EVENT_OVERLAP,NCCL,C0_DEFAULT,2048,4096,2048,8,2,2097152,78,0,1214.080,2174.048,3165.088,991.040,PASS,0
PHASEB_formal_r1_C0_DEFAULT_N4096_q8_rep2,0,4,0,sm_89,R1_EVENT_OVERLAP,NCCL,C0_DEFAULT,2048,4096,2048,8,3,2097152,78,0,2180.384,3168.512,4162.336,993.824,PASS,0
PHASEB_formal_r1_C0_DEFAULT_N4096_q8_rep2,0,4,0,sm_89,R1_EVENT_OVERLAP,NCCL,C0_DEFAULT,2048,4096,2048,8,4,2097152,78,0,3174.944,4165.792,5154.752,988.960,PASS,0
PHASEB_formal_r1_C0_DEFAULT_N4096_q8_rep2,0,4,0,sm_89,R1_EVENT_OVERLAP,NCCL,C0_DEFAULT,2048,4096,2048,8,5,2097152,78,0,4184.544,5158.144,6209.824,1051.680,PASS,0
PHASEB_formal_r1_C0_DEFAULT_N4096_q8_rep2,0,4,0,sm_89,R1_EVENT_OVERLAP,NCCL,C0_DEFAULT,2048,4096,2048,8,6,2097152,78,0,5143.904,6213.312,7189.344,976.032,PASS,0
PHASEB_formal_r1_C0_DEFAULT_N4096_q8_rep2,0,4,0,sm_89,R1_EVENT_OVERLAP,NCCL,C0_DEFAULT,2048,4096,2048,8,7,2097152,78,0,5630.400,7193.024,8167.040,974.016,PASS,0
PHASEB_formal_r1_C0_DEFAULT_N4096_q8_rep2,0,4,0,sm_89,R1_EVENT_OVERLAP,NCCL,C0_DEFAULT,2048,4096,2048,8,0,2097152,79,0,156.512,163.360,1164.512,1001.152,PASS,0
PHASEB_formal_r1_C0_DEFAULT_N4096_q8_rep2,0,4,0,sm_89,R1_EVENT_OVERLAP,NCCL,C0_DEFAULT,2048,4096,2048,8,1,2097152,79,0,264.288,1168.032,2167.872,999.840,PASS,0
PHASEB_formal_r1_C0_DEFAULT_N4096_q8_rep2,0,4,0,sm_89,R1_EVENT_OVERLAP,NCCL,C0_DEFAULT,2048,4096,2048,8,2,2097152,79,0,1208.096,2171.328,3166.272,994.944,PASS,0
PHASEB_formal_r1_C0_DEFAULT_N4096_q8_rep2,0,4,0,sm_89,R1_EVENT_OVERLAP,NCCL,C0_DEFAULT,2048,4096,2048,8,3,2097152,79,0,2160.096,3169.664,4167.968,998.304,PASS,0
PHASEB_formal_r1_C0_DEFAULT_N4096_q8_rep2,0,4,0,sm_89,R1_EVENT_OVERLAP,NCCL,C0_DEFAULT,2048,4096,2048,8,4,2097152,79,0,2268.160,4171.392,5168.160,996.768,PASS,0
PHASEB_formal_r1_C0_DEFAULT_N4096_q8_rep2,0,4,0,sm_89,R1_EVENT_OVERLAP,NCCL,C0_DEFAULT,2048,4096,2048,8,5,2097152,79,0,3221.376,5171.808,6147.584,975.776,PASS,0
PHASEB_formal_r1_C0_DEFAULT_N4096_q8_rep2,0,4,0,sm_89,R1_EVENT_OVERLAP,NCCL,C0_DEFAULT,2048,4096,2048,8,6,2097152,79,0,4177.888,6151.040,7125.696,974.656,PASS,0
PHASEB_formal_r1_C0_DEFAULT_N4096_q8_rep2,0,4,0,sm_89,R1_EVENT_OVERLAP,NCCL,C0_DEFAULT,2048,4096,2048,8,7,2097152,79,0,5188.992,7129.152,8104.319,975.168,PASS,0
