run_id,rank,rank_count,device,gfx_arch,path,family,candidate,M,N,K,q,slice_index,slice_bytes,iteration_index,t_issue_us,t_release_us,t_gemm_start_us,t_gemm_end_us,t_gemm_duration_us,correctness,status
PHASEB_formal_r1_C2_RING_SIMPLE_CH8_N512_q8_rep3,1,4,1,sm_89,R1_EVENT_OVERLAP,NCCL,C2_RING_SIMPLE_CH8,2048,512,2048,8,0,2097152,0,0,127.136,131.616,319.520,187.904,PASS,0
PHASEB_formal_r1_C2_RING_SIMPLE_CH8_N512_q8_rep3,1,4,1,sm_89,R1_EVENT_OVERLAP,NCCL,C2_RING_SIMPLE_CH8,2048,512,2048,8,1,2097152,0,0,242.752,322.912,501.888,178.976,PASS,0
PHASEB_formal_r1_C2_RING_SIMPLE_CH8_N512_q8_rep3,1,4,1,sm_89,R1_EVENT_OVERLAP,NCCL,C2_RING_SIMPLE_CH8,2048,512,2048,8,2,2097152,0,0,371.008,505.632,687.776,182.144,PASS,0
PHASEB_formal_r1_C2_RING_SIMPLE_CH8_N512_q8_rep3,1,4,1,sm_89,R1_EVENT_OVERLAP,NCCL,C2_RING_SIMPLE_CH8,2048,512,2048,8,3,2097152,0,0,568.512,691.104,865.408,174.304,PASS,0
PHASEB_formal_r1_C2_RING_SIMPLE_CH8_N512_q8_rep3,1,4,1,sm_89,R1_EVENT_OVERLAP,NCCL,C2_RING_SIMPLE_CH8,2048,512,2048,8,4,2097152,0,0,761.984,879.232,1054.400,175.168,PASS,0
PHASEB_formal_r1_C2_RING_SIMPLE_CH8_N512_q8_rep3,1,4,1,sm_89,R1_EVENT_OVERLAP,NCCL,C2_RING_SIMPLE_CH8,2048,512,2048,8,5,2097152,0,0,953.536,1057.696,1237.600,179.904,PASS,0
PHASEB_formal_r1_C2_RING_SIMPLE_CH8_N512_q8_rep3,1,4,1,sm_89,R1_EVENT_OVERLAP,NCCL,C2_RING_SIMPLE_CH8,2048,512,2048,8,6,2097152,0,0,1138.624,1241.024,1428.896,187.872,PASS,0
PHASEB_formal_r1_C2_RING_SIMPLE_CH8_N512_q8_rep3,1,4,1,sm_89,R1_EVENT_OVERLAP,NCCL,C2_RING_SIMPLE_CH8,2048,512,2048,8,7,2097152,0,0,1336.992,1432.224,1579.552,147.328,PASS,0
PHASEB_formal_r1_C2_RING_SIMPLE_CH8_N512_q8_rep3,1,4,1,sm_89,R1_EVENT_OVERLAP,NCCL,C2_RING_SIMPLE_CH8,2048,512,2048,8,0,2097152,1,0,131.744,136.160,333.792,197.632,PASS,0
PHASEB_formal_r1_C2_RING_SIMPLE_CH8_N512_q8_rep3,1,4,1,sm_89,R1_EVENT_OVERLAP,NCCL,C2_RING_SIMPLE_CH8,2048,512,2048,8,1,2097152,1,0,245.120,337.184,534.560,197.376,PASS,0
PHASEB_formal_r1_C2_RING_SIMPLE_CH8_N512_q8_rep3,1,4,1,sm_89,R1_EVENT_OVERLAP,NCCL,C2_RING_SIMPLE_CH8,2048,512,2048,8,2,2097152,1,0,374.528,537.824,719.040,181.216,PASS,0
PHASEB_formal_r1_C2_RING_SIMPLE_CH8_N512_q8_rep3,1,4,1,sm_89,R1_EVENT_OVERLAP,NCCL,C2_RING_SIMPLE_CH8,2048,512,2048,8,3,2097152,1,0,585.536,722.272,923.648,201.376,PASS,0
PHASEB_formal_r1_C2_RING_SIMPLE_CH8_N512_q8_rep3,1,4,1,sm_89,R1_EVENT_OVERLAP,NCCL,C2_RING_SIMPLE_CH8,2048,512,2048,8,4,2097152,1,0,774.400,927.328,1106.080,178.752,PASS,0
PHASEB_formal_r1_C2_RING_SIMPLE_CH8_N512_q8_rep3,1,4,1,sm_89,R1_EVENT_OVERLAP,NCCL,C2_RING_SIMPLE_CH8,2048,512,2048,8,5,2097152,1,0,983.488,1109.376,1306.304,196.928,PASS,0
PHASEB_formal_r1_C2_RING_SIMPLE_CH8_N512_q8_rep3,1,4,1,sm_89,R1_EVENT_OVERLAP,NCCL,C2_RING_SIMPLE_CH8,2048,512,2048,8,6,2097152,1,0,1201.408,1309.920,1476.224,166.304,PASS,0
PHASEB_formal_r1_C2_RING_SIMPLE_CH8_N512_q8_rep3,1,4,1,sm_89,R1_EVENT_OVERLAP,NCCL,C2_RING_SIMPLE_CH8,2048,512,2048,8,7,2097152,1,0,1364.704,1479.616,1627.840,148.224,PASS,0
PHASEB_formal_r1_C2_RING_SIMPLE_CH8_N512_q8_rep3,1,4,1,sm_89,R1_EVENT_OVERLAP,NCCL,C2_RING_SIMPLE_CH8,2048,512,2048,8,0,2097152,2,0,126.528,131.008,315.392,184.384,PASS,0
PHASEB_formal_r1_C2_RING_SIMPLE_CH8_N512_q8_rep3,1,4,1,sm_89,R1_EVENT_OVERLAP,NCCL,C2_RING_SIMPLE_CH8,2048,512,2048,8,1,2097152,2,0,241.984,319.520,497.888,178.368,PASS,0
PHASEB_formal_r1_C2_RING_SIMPLE_CH8_N512_q8_rep3,1,4,1,sm_89,R1_EVENT_OVERLAP,NCCL,C2_RING_SIMPLE_CH8,2048,512,2048,8,2,2097152,2,0,363.040,501.632,682.048,180.416,PASS,0
PHASEB_formal_r1_C2_RING_SIMPLE_CH8_N512_q8_rep3,1,4,1,sm_89,R1_EVENT_OVERLAP,NCCL,C2_RING_SIMPLE_CH8,2048,512,2048,8,3,2097152,2,0,552.928,685.408,871.776,186.368,PASS,0
PHASEB_formal_r1_C2_RING_SIMPLE_CH8_N512_q8_rep3,1,4,1,sm_89,R1_EVENT_OVERLAP,NCCL,C2_RING_SIMPLE_CH8,2048,512,2048,8,4,2097152,2,0,744.704,875.104,1052.832,177.728,PASS,0
PHASEB_formal_r1_C2_RING_SIMPLE_CH8_N512_q8_rep3,1,4,1,sm_89,R1_EVENT_OVERLAP,NCCL,C2_RING_SIMPLE_CH8,2048,512,2048,8,5,2097152,2,0,942.560,1056.256,1246.208,189.952,PASS,0
PHASEB_formal_r1_C2_RING_SIMPLE_CH8_N512_q8_rep3,1,4,1,sm_89,R1_EVENT_OVERLAP,NCCL,C2_RING_SIMPLE_CH8,2048,512,2048,8,6,2097152,2,0,1138.240,1249.728,1417.280,167.552,PASS,0
PHASEB_formal_r1_C2_RING_SIMPLE_CH8_N512_q8_rep3,1,4,1,sm_89,R1_EVENT_OVERLAP,NCCL,C2_RING_SIMPLE_CH8,2048,512,2048,8,7,2097152,2,0,1319.552,1420.576,1567.776,147.200,PASS,0
PHASEB_formal_r1_C2_RING_SIMPLE_CH8_N512_q8_rep3,1,4,1,sm_89,R1_EVENT_OVERLAP,NCCL,C2_RING_SIMPLE_CH8,2048,512,2048,8,0,2097152,3,0,114.400,121.088,308.736,187.648,PASS,0
PHASEB_formal_r1_C2_RING_SIMPLE_CH8_N512_q8_rep3,1,4,1,sm_89,R1_EVENT_OVERLAP,NCCL,C2_RING_SIMPLE_CH8,2048,512,2048,8,1,2097152,3,0,229.152,312.064,489.216,177.152,PASS,0
PHASEB_formal_r1_C2_RING_SIMPLE_CH8_N512_q8_rep3,1,4,1,sm_89,R1_EVENT_OVERLAP,NCCL,C2_RING_SIMPLE_CH8,2048,512,2048,8,2,2097152,3,0,351.424,492.896,671.616,178.720,PASS,0
PHASEB_formal_r1_C2_RING_SIMPLE_CH8_N512_q8_rep3,1,4,1,sm_89,R1_EVENT_OVERLAP,NCCL,C2_RING_SIMPLE_CH8,2048,512,2048,8,3,2097152,3,0,542.624,675.008,865.568,190.560,PASS,0
PHASEB_formal_r1_C2_RING_SIMPLE_CH8_N512_q8_rep3,1,4,1,sm_89,R1_EVENT_OVERLAP,NCCL,C2_RING_SIMPLE_CH8,2048,512,2048,8,4,2097152,3,0,735.648,878.208,1065.632,187.424,PASS,0
PHASEB_formal_r1_C2_RING_SIMPLE_CH8_N512_q8_rep3,1,4,1,sm_89,R1_EVENT_OVERLAP,NCCL,C2_RING_SIMPLE_CH8,2048,512,2048,8,5,2097152,3,0,936.224,1069.056,1249.984,180.928,PASS,0
PHASEB_formal_r1_C2_RING_SIMPLE_CH8_N512_q8_rep3,1,4,1,sm_89,R1_EVENT_OVERLAP,NCCL,C2_RING_SIMPLE_CH8,2048,512,2048,8,6,2097152,3,0,1125.952,1253.344,1419.360,166.016,PASS,0
PHASEB_formal_r1_C2_RING_SIMPLE_CH8_N512_q8_rep3,1,4,1,sm_89,R1_EVENT_OVERLAP,NCCL,C2_RING_SIMPLE_CH8,2048,512,2048,8,7,2097152,3,0,1317.248,1422.688,1570.688,148.000,PASS,0
PHASEB_formal_r1_C2_RING_SIMPLE_CH8_N512_q8_rep3,1,4,1,sm_89,R1_EVENT_OVERLAP,NCCL,C2_RING_SIMPLE_CH8,2048,512,2048,8,0,2097152,4,0,118.912,124.032,308.928,184.896,PASS,0
PHASEB_formal_r1_C2_RING_SIMPLE_CH8_N512_q8_rep3,1,4,1,sm_89,R1_EVENT_OVERLAP,NCCL,C2_RING_SIMPLE_CH8,2048,512,2048,8,1,2097152,4,0,233.376,312.224,502.688,190.464,PASS,0
PHASEB_formal_r1_C2_RING_SIMPLE_CH8_N512_q8_rep3,1,4,1,sm_89,R1_EVENT_OVERLAP,NCCL,C2_RING_SIMPLE_CH8,2048,512,2048,8,2,2097152,4,0,348.736,505.952,687.520,181.568,PASS,0
PHASEB_formal_r1_C2_RING_SIMPLE_CH8_N512_q8_rep3,1,4,1,sm_89,R1_EVENT_OVERLAP,NCCL,C2_RING_SIMPLE_CH8,2048,512,2048,8,3,2097152,4,0,555.040,690.752,873.536,182.784,PASS,0
PHASEB_formal_r1_C2_RING_SIMPLE_CH8_N512_q8_rep3,1,4,1,sm_89,R1_EVENT_OVERLAP,NCCL,C2_RING_SIMPLE_CH8,2048,512,2048,8,4,2097152,4,0,745.376,876.864,1055.104,178.240,PASS,0
PHASEB_formal_r1_C2_RING_SIMPLE_CH8_N512_q8_rep3,1,4,1,sm_89,R1_EVENT_OVERLAP,NCCL,C2_RING_SIMPLE_CH8,2048,512,2048,8,5,2097152,4,0,936.032,1058.592,1243.776,185.184,PASS,0
PHASEB_formal_r1_C2_RING_SIMPLE_CH8_N512_q8_rep3,1,4,1,sm_89,R1_EVENT_OVERLAP,NCCL,C2_RING_SIMPLE_CH8,2048,512,2048,8,6,2097152,4,0,1144.064,1247.136,1417.888,170.752,PASS,0
PHASEB_formal_r1_C2_RING_SIMPLE_CH8_N512_q8_rep3,1,4,1,sm_89,R1_EVENT_OVERLAP,NCCL,C2_RING_SIMPLE_CH8,2048,512,2048,8,7,2097152,4,0,1326.688,1421.216,1568.064,146.848,PASS,0
PHASEB_formal_r1_C2_RING_SIMPLE_CH8_N512_q8_rep3,1,4,1,sm_89,R1_EVENT_OVERLAP,NCCL,C2_RING_SIMPLE_CH8,2048,512,2048,8,0,2097152,5,0,127.456,134.560,316.672,182.112,PASS,0
PHASEB_formal_r1_C2_RING_SIMPLE_CH8_N512_q8_rep3,1,4,1,sm_89,R1_EVENT_OVERLAP,NCCL,C2_RING_SIMPLE_CH8,2048,512,2048,8,1,2097152,5,0,241.216,320.096,518.112,198.016,PASS,0
PHASEB_formal_r1_C2_RING_SIMPLE_CH8_N512_q8_rep3,1,4,1,sm_89,R1_EVENT_OVERLAP,NCCL,C2_RING_SIMPLE_CH8,2048,512,2048,8,2,2097152,5,0,355.328,521.504,712.064,190.560,PASS,0
PHASEB_formal_r1_C2_RING_SIMPLE_CH8_N512_q8_rep3,1,4,1,sm_89,R1_EVENT_OVERLAP,NCCL,C2_RING_SIMPLE_CH8,2048,512,2048,8,3,2097152,5,0,566.400,715.648,896.608,180.960,PASS,0
PHASEB_formal_r1_C2_RING_SIMPLE_CH8_N512_q8_rep3,1,4,1,sm_89,R1_EVENT_OVERLAP,NCCL,C2_RING_SIMPLE_CH8,2048,512,2048,8,4,2097152,5,0,760.672,900.288,1087.456,187.168,PASS,0
PHASEB_formal_r1_C2_RING_SIMPLE_CH8_N512_q8_rep3,1,4,1,sm_89,R1_EVENT_OVERLAP,NCCL,C2_RING_SIMPLE_CH8,2048,512,2048,8,5,2097152,5,0,950.880,1090.688,1267.936,177.248,PASS,0
PHASEB_formal_r1_C2_RING_SIMPLE_CH8_N512_q8_rep3,1,4,1,sm_89,R1_EVENT_OVERLAP,NCCL,C2_RING_SIMPLE_CH8,2048,512,2048,8,6,2097152,5,0,1140.288,1271.552,1438.528,166.976,PASS,0
PHASEB_formal_r1_C2_RING_SIMPLE_CH8_N512_q8_rep3,1,4,1,sm_89,R1_EVENT_OVERLAP,NCCL,C2_RING_SIMPLE_CH8,2048,512,2048,8,7,2097152,5,0,1332.928,1441.920,1590.464,148.544,PASS,0
PHASEB_formal_r1_C2_RING_SIMPLE_CH8_N512_q8_rep3,1,4,1,sm_89,R1_EVENT_OVERLAP,NCCL,C2_RING_SIMPLE_CH8,2048,512,2048,8,0,2097152,6,0,129.248,134.400,317.984,183.584,PASS,0
PHASEB_formal_r1_C2_RING_SIMPLE_CH8_N512_q8_rep3,1,4,1,sm_89,R1_EVENT_OVERLAP,NCCL,C2_RING_SIMPLE_CH8,2048,512,2048,8,1,2097152,6,0,243.424,321.248,504.672,183.424,PASS,0
PHASEB_formal_r1_C2_RING_SIMPLE_CH8_N512_q8_rep3,1,4,1,sm_89,R1_EVENT_OVERLAP,NCCL,C2_RING_SIMPLE_CH8,2048,512,2048,8,2,2097152,6,0,366.304,508.416,693.568,185.152,PASS,0
PHASEB_formal_r1_C2_RING_SIMPLE_CH8_N512_q8_rep3,1,4,1,sm_89,R1_EVENT_OVERLAP,NCCL,C2_RING_SIMPLE_CH8,2048,512,2048,8,3,2097152,6,0,556.928,696.896,875.712,178.816,PASS,0
PHASEB_formal_r1_C2_RING_SIMPLE_CH8_N512_q8_rep3,1,4,1,sm_89,R1_EVENT_OVERLAP,NCCL,C2_RING_SIMPLE_CH8,2048,512,2048,8,4,2097152,6,0,749.632,879.104,1056.576,177.472,PASS,0
PHASEB_formal_r1_C2_RING_SIMPLE_CH8_N512_q8_rep3,1,4,1,sm_89,R1_EVENT_OVERLAP,NCCL,C2_RING_SIMPLE_CH8,2048,512,2048,8,5,2097152,6,0,953.568,1059.904,1249.184,189.280,PASS,0
PHASEB_formal_r1_C2_RING_SIMPLE_CH8_N512_q8_rep3,1,4,1,sm_89,R1_EVENT_OVERLAP,NCCL,C2_RING_SIMPLE_CH8,2048,512,2048,8,6,2097152,6,0,1141.568,1252.544,1426.048,173.504,PASS,0
PHASEB_formal_r1_C2_RING_SIMPLE_CH8_N512_q8_rep3,1,4,1,sm_89,R1_EVENT_OVERLAP,NCCL,C2_RING_SIMPLE_CH8,2048,512,2048,8,7,2097152,6,0,1336.128,1429.696,1576.992,147.296,PASS,0
PHASEB_formal_r1_C2_RING_SIMPLE_CH8_N512_q8_rep3,1,4,1,sm_89,R1_EVENT_OVERLAP,NCCL,C2_RING_SIMPLE_CH8,2048,512,2048,8,0,2097152,7,0,122.816,129.280,313.952,184.672,PASS,0
PHASEB_formal_r1_C2_RING_SIMPLE_CH8_N512_q8_rep3,1,4,1,sm_89,R1_EVENT_OVERLAP,NCCL,C2_RING_SIMPLE_CH8,2048,512,2048,8,1,2097152,7,0,237.472,317.536,499.712,182.176,PASS,0
PHASEB_formal_r1_C2_RING_SIMPLE_CH8_N512_q8_rep3,1,4,1,sm_89,R1_EVENT_OVERLAP,NCCL,C2_RING_SIMPLE_CH8,2048,512,2048,8,2,2097152,7,0,352.256,502.976,683.008,180.032,PASS,0
PHASEB_formal_r1_C2_RING_SIMPLE_CH8_N512_q8_rep3,1,4,1,sm_89,R1_EVENT_OVERLAP,NCCL,C2_RING_SIMPLE_CH8,2048,512,2048,8,3,2097152,7,0,544.256,686.240,864.416,178.176,PASS,0
PHASEB_formal_r1_C2_RING_SIMPLE_CH8_N512_q8_rep3,1,4,1,sm_89,R1_EVENT_OVERLAP,NCCL,C2_RING_SIMPLE_CH8,2048,512,2048,8,4,2097152,7,0,738.048,867.840,1059.104,191.264,PASS,0
PHASEB_formal_r1_C2_RING_SIMPLE_CH8_N512_q8_rep3,1,4,1,sm_89,R1_EVENT_OVERLAP,NCCL,C2_RING_SIMPLE_CH8,2048,512,2048,8,5,2097152,7,0,929.376,1068.000,1266.368,198.368,PASS,0
PHASEB_formal_r1_C2_RING_SIMPLE_CH8_N512_q8_rep3,1,4,1,sm_89,R1_EVENT_OVERLAP,NCCL,C2_RING_SIMPLE_CH8,2048,512,2048,8,6,2097152,7,0,1134.272,1270.080,1436.256,166.176,PASS,0
PHASEB_formal_r1_C2_RING_SIMPLE_CH8_N512_q8_rep3,1,4,1,sm_89,R1_EVENT_OVERLAP,NCCL,C2_RING_SIMPLE_CH8,2048,512,2048,8,7,2097152,7,0,1329.728,1439.616,1588.096,148.480,PASS,0
PHASEB_formal_r1_C2_RING_SIMPLE_CH8_N512_q8_rep3,1,4,1,sm_89,R1_EVENT_OVERLAP,NCCL,C2_RING_SIMPLE_CH8,2048,512,2048,8,0,2097152,8,0,119.008,124.032,306.848,182.816,PASS,0
PHASEB_formal_r1_C2_RING_SIMPLE_CH8_N512_q8_rep3,1,4,1,sm_89,R1_EVENT_OVERLAP,NCCL,C2_RING_SIMPLE_CH8,2048,512,2048,8,1,2097152,8,0,233.024,310.272,496.416,186.144,PASS,0
PHASEB_formal_r1_C2_RING_SIMPLE_CH8_N512_q8_rep3,1,4,1,sm_89,R1_EVENT_OVERLAP,NCCL,C2_RING_SIMPLE_CH8,2048,512,2048,8,2,2097152,8,0,349.792,500.000,683.808,183.808,PASS,0
PHASEB_formal_r1_C2_RING_SIMPLE_CH8_N512_q8_rep3,1,4,1,sm_89,R1_EVENT_OVERLAP,NCCL,C2_RING_SIMPLE_CH8,2048,512,2048,8,3,2097152,8,0,547.872,687.136,869.632,182.496,PASS,0
PHASEB_formal_r1_C2_RING_SIMPLE_CH8_N512_q8_rep3,1,4,1,sm_89,R1_EVENT_OVERLAP,NCCL,C2_RING_SIMPLE_CH8,2048,512,2048,8,4,2097152,8,0,738.432,873.312,1055.456,182.144,PASS,0
PHASEB_formal_r1_C2_RING_SIMPLE_CH8_N512_q8_rep3,1,4,1,sm_89,R1_EVENT_OVERLAP,NCCL,C2_RING_SIMPLE_CH8,2048,512,2048,8,5,2097152,8,0,931.360,1058.944,1237.152,178.208,PASS,0
PHASEB_formal_r1_C2_RING_SIMPLE_CH8_N512_q8_rep3,1,4,1,sm_89,R1_EVENT_OVERLAP,NCCL,C2_RING_SIMPLE_CH8,2048,512,2048,8,6,2097152,8,0,1118.176,1240.544,1410.432,169.888,PASS,0
PHASEB_formal_r1_C2_RING_SIMPLE_CH8_N512_q8_rep3,1,4,1,sm_89,R1_EVENT_OVERLAP,NCCL,C2_RING_SIMPLE_CH8,2048,512,2048,8,7,2097152,8,0,1309.120,1413.792,1560.960,147.168,PASS,0
PHASEB_formal_r1_C2_RING_SIMPLE_CH8_N512_q8_rep3,1,4,1,sm_89,R1_EVENT_OVERLAP,NCCL,C2_RING_SIMPLE_CH8,2048,512,2048,8,0,2097152,9,0,121.664,126.336,310.592,184.256,PASS,0
PHASEB_formal_r1_C2_RING_SIMPLE_CH8_N512_q8_rep3,1,4,1,sm_89,R1_EVENT_OVERLAP,NCCL,C2_RING_SIMPLE_CH8,2048,512,2048,8,1,2097152,9,0,234.208,314.016,496.768,182.752,PASS,0
PHASEB_formal_r1_C2_RING_SIMPLE_CH8_N512_q8_rep3,1,4,1,sm_89,R1_EVENT_OVERLAP,NCCL,C2_RING_SIMPLE_CH8,2048,512,2048,8,2,2097152,9,0,359.392,500.032,677.664,177.632,PASS,0
PHASEB_formal_r1_C2_RING_SIMPLE_CH8_N512_q8_rep3,1,4,1,sm_89,R1_EVENT_OVERLAP,NCCL,C2_RING_SIMPLE_CH8,2048,512,2048,8,3,2097152,9,0,558.400,680.992,864.160,183.168,PASS,0
PHASEB_formal_r1_C2_RING_SIMPLE_CH8_N512_q8_rep3,1,4,1,sm_89,R1_EVENT_OVERLAP,NCCL,C2_RING_SIMPLE_CH8,2048,512,2048,8,4,2097152,9,0,751.136,867.520,1049.600,182.080,PASS,0
PHASEB_formal_r1_C2_RING_SIMPLE_CH8_N512_q8_rep3,1,4,1,sm_89,R1_EVENT_OVERLAP,NCCL,C2_RING_SIMPLE_CH8,2048,512,2048,8,5,2097152,9,0,940.800,1052.992,1247.936,194.944,PASS,0
PHASEB_formal_r1_C2_RING_SIMPLE_CH8_N512_q8_rep3,1,4,1,sm_89,R1_EVENT_OVERLAP,NCCL,C2_RING_SIMPLE_CH8,2048,512,2048,8,6,2097152,9,0,1123.488,1251.328,1417.152,165.824,PASS,0
PHASEB_formal_r1_C2_RING_SIMPLE_CH8_N512_q8_rep3,1,4,1,sm_89,R1_EVENT_OVERLAP,NCCL,C2_RING_SIMPLE_CH8,2048,512,2048,8,7,2097152,9,0,1317.376,1420.480,1568.832,148.352,PASS,0
PHASEB_formal_r1_C2_RING_SIMPLE_CH8_N512_q8_rep3,1,4,1,sm_89,R1_EVENT_OVERLAP,NCCL,C2_RING_SIMPLE_CH8,2048,512,2048,8,0,2097152,10,0,118.688,123.456,311.424,187.968,PASS,0
PHASEB_formal_r1_C2_RING_SIMPLE_CH8_N512_q8_rep3,1,4,1,sm_89,R1_EVENT_OVERLAP,NCCL,C2_RING_SIMPLE_CH8,2048,512,2048,8,1,2097152,10,0,235.840,314.784,500.256,185.472,PASS,0
PHASEB_formal_r1_C2_RING_SIMPLE_CH8_N512_q8_rep3,1,4,1,sm_89,R1_EVENT_OVERLAP,NCCL,C2_RING_SIMPLE_CH8,2048,512,2048,8,2,2097152,10,0,348.800,503.744,686.688,182.944,PASS,0
PHASEB_formal_r1_C2_RING_SIMPLE_CH8_N512_q8_rep3,1,4,1,sm_89,R1_EVENT_OVERLAP,NCCL,C2_RING_SIMPLE_CH8,2048,512,2048,8,3,2097152,10,0,551.008,690.048,878.144,188.096,PASS,0
PHASEB_formal_r1_C2_RING_SIMPLE_CH8_N512_q8_rep3,1,4,1,sm_89,R1_EVENT_OVERLAP,NCCL,C2_RING_SIMPLE_CH8,2048,512,2048,8,4,2097152,10,0,744.544,881.632,1057.696,176.064,PASS,0
PHASEB_formal_r1_C2_RING_SIMPLE_CH8_N512_q8_rep3,1,4,1,sm_89,R1_EVENT_OVERLAP,NCCL,C2_RING_SIMPLE_CH8,2048,512,2048,8,5,2097152,10,0,945.696,1060.992,1241.408,180.416,PASS,0
PHASEB_formal_r1_C2_RING_SIMPLE_CH8_N512_q8_rep3,1,4,1,sm_89,R1_EVENT_OVERLAP,NCCL,C2_RING_SIMPLE_CH8,2048,512,2048,8,6,2097152,10,0,1132.192,1244.704,1412.000,167.296,PASS,0
PHASEB_formal_r1_C2_RING_SIMPLE_CH8_N512_q8_rep3,1,4,1,sm_89,R1_EVENT_OVERLAP,NCCL,C2_RING_SIMPLE_CH8,2048,512,2048,8,7,2097152,10,0,1312.992,1415.328,1562.176,146.848,PASS,0
PHASEB_formal_r1_C2_RING_SIMPLE_CH8_N512_q8_rep3,1,4,1,sm_89,R1_EVENT_OVERLAP,NCCL,C2_RING_SIMPLE_CH8,2048,512,2048,8,0,2097152,11,0,119.456,126.016,313.792,187.776,PASS,0
PHASEB_formal_r1_C2_RING_SIMPLE_CH8_N512_q8_rep3,1,4,1,sm_89,R1_EVENT_OVERLAP,NCCL,C2_RING_SIMPLE_CH8,2048,512,2048,8,1,2097152,11,0,232.768,317.344,500.448,183.104,PASS,0
PHASEB_formal_r1_C2_RING_SIMPLE_CH8_N512_q8_rep3,1,4,1,sm_89,R1_EVENT_OVERLAP,NCCL,C2_RING_SIMPLE_CH8,2048,512,2048,8,2,2097152,11,0,355.552,503.840,692.608,188.768,PASS,0
PHASEB_formal_r1_C2_RING_SIMPLE_CH8_N512_q8_rep3,1,4,1,sm_89,R1_EVENT_OVERLAP,NCCL,C2_RING_SIMPLE_CH8,2048,512,2048,8,3,2097152,11,0,552.384,696.512,876.128,179.616,PASS,0
PHASEB_formal_r1_C2_RING_SIMPLE_CH8_N512_q8_rep3,1,4,1,sm_89,R1_EVENT_OVERLAP,NCCL,C2_RING_SIMPLE_CH8,2048,512,2048,8,4,2097152,11,0,760.352,879.904,1060.896,180.992,PASS,0
PHASEB_formal_r1_C2_RING_SIMPLE_CH8_N512_q8_rep3,1,4,1,sm_89,R1_EVENT_OVERLAP,NCCL,C2_RING_SIMPLE_CH8,2048,512,2048,8,5,2097152,11,0,946.080,1064.160,1245.952,181.792,PASS,0
PHASEB_formal_r1_C2_RING_SIMPLE_CH8_N512_q8_rep3,1,4,1,sm_89,R1_EVENT_OVERLAP,NCCL,C2_RING_SIMPLE_CH8,2048,512,2048,8,6,2097152,11,0,1141.792,1249.216,1414.752,165.536,PASS,0
PHASEB_formal_r1_C2_RING_SIMPLE_CH8_N512_q8_rep3,1,4,1,sm_89,R1_EVENT_OVERLAP,NCCL,C2_RING_SIMPLE_CH8,2048,512,2048,8,7,2097152,11,0,1316.064,1418.112,1566.432,148.320,PASS,0
PHASEB_formal_r1_C2_RING_SIMPLE_CH8_N512_q8_rep3,1,4,1,sm_89,R1_EVENT_OVERLAP,NCCL,C2_RING_SIMPLE_CH8,2048,512,2048,8,0,2097152,12,0,113.056,117.728,301.600,183.872,PASS,0
PHASEB_formal_r1_C2_RING_SIMPLE_CH8_N512_q8_rep3,1,4,1,sm_89,R1_EVENT_OVERLAP,NCCL,C2_RING_SIMPLE_CH8,2048,512,2048,8,1,2097152,12,0,228.288,305.440,487.488,182.048,PASS,0
PHASEB_formal_r1_C2_RING_SIMPLE_CH8_N512_q8_rep3,1,4,1,sm_89,R1_EVENT_OVERLAP,NCCL,C2_RING_SIMPLE_CH8,2048,512,2048,8,2,2097152,12,0,348.448,490.912,669.568,178.656,PASS,0
PHASEB_formal_r1_C2_RING_SIMPLE_CH8_N512_q8_rep3,1,4,1,sm_89,R1_EVENT_OVERLAP,NCCL,C2_RING_SIMPLE_CH8,2048,512,2048,8,3,2097152,12,0,547.744,673.696,860.384,186.688,PASS,0
PHASEB_formal_r1_C2_RING_SIMPLE_CH8_N512_q8_rep3,1,4,1,sm_89,R1_EVENT_OVERLAP,NCCL,C2_RING_SIMPLE_CH8,2048,512,2048,8,4,2097152,12,0,739.424,864.064,1044.544,180.480,PASS,0
PHASEB_formal_r1_C2_RING_SIMPLE_CH8_N512_q8_rep3,1,4,1,sm_89,R1_EVENT_OVERLAP,NCCL,C2_RING_SIMPLE_CH8,2048,512,2048,8,5,2097152,12,0,928.416,1048.128,1225.792,177.664,PASS,0
PHASEB_formal_r1_C2_RING_SIMPLE_CH8_N512_q8_rep3,1,4,1,sm_89,R1_EVENT_OVERLAP,NCCL,C2_RING_SIMPLE_CH8,2048,512,2048,8,6,2097152,12,0,1118.144,1229.472,1398.848,169.376,PASS,0
PHASEB_formal_r1_C2_RING_SIMPLE_CH8_N512_q8_rep3,1,4,1,sm_89,R1_EVENT_OVERLAP,NCCL,C2_RING_SIMPLE_CH8,2048,512,2048,8,7,2097152,12,0,1300.928,1402.176,1549.472,147.296,PASS,0
PHASEB_formal_r1_C2_RING_SIMPLE_CH8_N512_q8_rep3,1,4,1,sm_89,R1_EVENT_OVERLAP,NCCL,C2_RING_SIMPLE_CH8,2048,512,2048,8,0,2097152,13,0,115.072,121.376,304.480,183.104,PASS,0
PHASEB_formal_r1_C2_RING_SIMPLE_CH8_N512_q8_rep3,1,4,1,sm_89,R1_EVENT_OVERLAP,NCCL,C2_RING_SIMPLE_CH8,2048,512,2048,8,1,2097152,13,0,228.448,307.808,488.064,180.256,PASS,0
PHASEB_formal_r1_C2_RING_SIMPLE_CH8_N512_q8_rep3,1,4,1,sm_89,R1_EVENT_OVERLAP,NCCL,C2_RING_SIMPLE_CH8,2048,512,2048,8,2,2097152,13,0,344.288,491.712,677.504,185.792,PASS,0
PHASEB_formal_r1_C2_RING_SIMPLE_CH8_N512_q8_rep3,1,4,1,sm_89,R1_EVENT_OVERLAP,NCCL,C2_RING_SIMPLE_CH8,2048,512,2048,8,3,2097152,13,0,538.624,681.056,876.288,195.232,PASS,0
PHASEB_formal_r1_C2_RING_SIMPLE_CH8_N512_q8_rep3,1,4,1,sm_89,R1_EVENT_OVERLAP,NCCL,C2_RING_SIMPLE_CH8,2048,512,2048,8,4,2097152,13,0,737.760,879.712,1059.360,179.648,PASS,0
PHASEB_formal_r1_C2_RING_SIMPLE_CH8_N512_q8_rep3,1,4,1,sm_89,R1_EVENT_OVERLAP,NCCL,C2_RING_SIMPLE_CH8,2048,512,2048,8,5,2097152,13,0,938.400,1062.688,1266.848,204.160,PASS,0
PHASEB_formal_r1_C2_RING_SIMPLE_CH8_N512_q8_rep3,1,4,1,sm_89,R1_EVENT_OVERLAP,NCCL,C2_RING_SIMPLE_CH8,2048,512,2048,8,6,2097152,13,0,1147.968,1279.104,1447.776,168.672,PASS,0
PHASEB_formal_r1_C2_RING_SIMPLE_CH8_N512_q8_rep3,1,4,1,sm_89,R1_EVENT_OVERLAP,NCCL,C2_RING_SIMPLE_CH8,2048,512,2048,8,7,2097152,13,0,1338.784,1451.104,1599.296,148.192,PASS,0
PHASEB_formal_r1_C2_RING_SIMPLE_CH8_N512_q8_rep3,1,4,1,sm_89,R1_EVENT_OVERLAP,NCCL,C2_RING_SIMPLE_CH8,2048,512,2048,8,0,2097152,14,0,126.784,131.424,314.528,183.104,PASS,0
PHASEB_formal_r1_C2_RING_SIMPLE_CH8_N512_q8_rep3,1,4,1,sm_89,R1_EVENT_OVERLAP,NCCL,C2_RING_SIMPLE_CH8,2048,512,2048,8,1,2097152,14,0,242.272,318.144,502.784,184.640,PASS,0
PHASEB_formal_r1_C2_RING_SIMPLE_CH8_N512_q8_rep3,1,4,1,sm_89,R1_EVENT_OVERLAP,NCCL,C2_RING_SIMPLE_CH8,2048,512,2048,8,2,2097152,14,0,358.400,505.984,687.808,181.824,PASS,0
PHASEB_formal_r1_C2_RING_SIMPLE_CH8_N512_q8_rep3,1,4,1,sm_89,R1_EVENT_OVERLAP,NCCL,C2_RING_SIMPLE_CH8,2048,512,2048,8,3,2097152,14,0,556.832,691.488,872.032,180.544,PASS,0
PHASEB_formal_r1_C2_RING_SIMPLE_CH8_N512_q8_rep3,1,4,1,sm_89,R1_EVENT_OVERLAP,NCCL,C2_RING_SIMPLE_CH8,2048,512,2048,8,4,2097152,14,0,749.600,875.360,1055.104,179.744,PASS,0
PHASEB_formal_r1_C2_RING_SIMPLE_CH8_N512_q8_rep3,1,4,1,sm_89,R1_EVENT_OVERLAP,NCCL,C2_RING_SIMPLE_CH8,2048,512,2048,8,5,2097152,14,0,944.608,1058.528,1244.320,185.792,PASS,0
PHASEB_formal_r1_C2_RING_SIMPLE_CH8_N512_q8_rep3,1,4,1,sm_89,R1_EVENT_OVERLAP,NCCL,C2_RING_SIMPLE_CH8,2048,512,2048,8,6,2097152,14,0,1143.872,1247.776,1427.392,179.616,PASS,0
PHASEB_formal_r1_C2_RING_SIMPLE_CH8_N512_q8_rep3,1,4,1,sm_89,R1_EVENT_OVERLAP,NCCL,C2_RING_SIMPLE_CH8,2048,512,2048,8,7,2097152,14,0,1336.352,1430.720,1578.272,147.552,PASS,0
PHASEB_formal_r1_C2_RING_SIMPLE_CH8_N512_q8_rep3,1,4,1,sm_89,R1_EVENT_OVERLAP,NCCL,C2_RING_SIMPLE_CH8,2048,512,2048,8,0,2097152,15,0,123.616,129.856,311.136,181.280,PASS,0
PHASEB_formal_r1_C2_RING_SIMPLE_CH8_N512_q8_rep3,1,4,1,sm_89,R1_EVENT_OVERLAP,NCCL,C2_RING_SIMPLE_CH8,2048,512,2048,8,1,2097152,15,0,235.136,314.624,493.536,178.912,PASS,0
PHASEB_formal_r1_C2_RING_SIMPLE_CH8_N512_q8_rep3,1,4,1,sm_89,R1_EVENT_OVERLAP,NCCL,C2_RING_SIMPLE_CH8,2048,512,2048,8,2,2097152,15,0,355.136,496.960,676.352,179.392,PASS,0
PHASEB_formal_r1_C2_RING_SIMPLE_CH8_N512_q8_rep3,1,4,1,sm_89,R1_EVENT_OVERLAP,NCCL,C2_RING_SIMPLE_CH8,2048,512,2048,8,3,2097152,15,0,546.816,680.256,865.664,185.408,PASS,0
PHASEB_formal_r1_C2_RING_SIMPLE_CH8_N512_q8_rep3,1,4,1,sm_89,R1_EVENT_OVERLAP,NCCL,C2_RING_SIMPLE_CH8,2048,512,2048,8,4,2097152,15,0,739.648,869.056,1074.016,204.960,PASS,0
PHASEB_formal_r1_C2_RING_SIMPLE_CH8_N512_q8_rep3,1,4,1,sm_89,R1_EVENT_OVERLAP,NCCL,C2_RING_SIMPLE_CH8,2048,512,2048,8,5,2097152,15,0,932.896,1077.600,1256.576,178.976,PASS,0
PHASEB_formal_r1_C2_RING_SIMPLE_CH8_N512_q8_rep3,1,4,1,sm_89,R1_EVENT_OVERLAP,NCCL,C2_RING_SIMPLE_CH8,2048,512,2048,8,6,2097152,15,0,1136.576,1260.928,1426.560,165.632,PASS,0
PHASEB_formal_r1_C2_RING_SIMPLE_CH8_N512_q8_rep3,1,4,1,sm_89,R1_EVENT_OVERLAP,NCCL,C2_RING_SIMPLE_CH8,2048,512,2048,8,7,2097152,15,0,1334.432,1429.856,1578.208,148.352,PASS,0
PHASEB_formal_r1_C2_RING_SIMPLE_CH8_N512_q8_rep3,1,4,1,sm_89,R1_EVENT_OVERLAP,NCCL,C2_RING_SIMPLE_CH8,2048,512,2048,8,0,2097152,16,0,113.760,118.400,301.216,182.816,PASS,0
PHASEB_formal_r1_C2_RING_SIMPLE_CH8_N512_q8_rep3,1,4,1,sm_89,R1_EVENT_OVERLAP,NCCL,C2_RING_SIMPLE_CH8,2048,512,2048,8,1,2097152,16,0,229.440,304.960,483.296,178.336,PASS,0
PHASEB_formal_r1_C2_RING_SIMPLE_CH8_N512_q8_rep3,1,4,1,sm_89,R1_EVENT_OVERLAP,NCCL,C2_RING_SIMPLE_CH8,2048,512,2048,8,2,2097152,16,0,353.536,486.720,662.720,176.000,PASS,0
PHASEB_formal_r1_C2_RING_SIMPLE_CH8_N512_q8_rep3,1,4,1,sm_89,R1_EVENT_OVERLAP,NCCL,C2_RING_SIMPLE_CH8,2048,512,2048,8,3,2097152,16,0,544.992,666.400,851.328,184.928,PASS,0
PHASEB_formal_r1_C2_RING_SIMPLE_CH8_N512_q8_rep3,1,4,1,sm_89,R1_EVENT_OVERLAP,NCCL,C2_RING_SIMPLE_CH8,2048,512,2048,8,4,2097152,16,0,735.200,854.592,1040.000,185.408,PASS,0
PHASEB_formal_r1_C2_RING_SIMPLE_CH8_N512_q8_rep3,1,4,1,sm_89,R1_EVENT_OVERLAP,NCCL,C2_RING_SIMPLE_CH8,2048,512,2048,8,5,2097152,16,0,936.896,1043.872,1238.496,194.624,PASS,0
PHASEB_formal_r1_C2_RING_SIMPLE_CH8_N512_q8_rep3,1,4,1,sm_89,R1_EVENT_OVERLAP,NCCL,C2_RING_SIMPLE_CH8,2048,512,2048,8,6,2097152,16,0,1151.712,1241.888,1412.032,170.144,PASS,0
PHASEB_formal_r1_C2_RING_SIMPLE_CH8_N512_q8_rep3,1,4,1,sm_89,R1_EVENT_OVERLAP,NCCL,C2_RING_SIMPLE_CH8,2048,512,2048,8,7,2097152,16,0,1375.072,1415.360,1562.208,146.848,PASS,0
PHASEB_formal_r1_C2_RING_SIMPLE_CH8_N512_q8_rep3,1,4,1,sm_89,R1_EVENT_OVERLAP,NCCL,C2_RING_SIMPLE_CH8,2048,512,2048,8,0,2097152,17,0,114.208,120.992,305.120,184.128,PASS,0
PHASEB_formal_r1_C2_RING_SIMPLE_CH8_N512_q8_rep3,1,4,1,sm_89,R1_EVENT_OVERLAP,NCCL,C2_RING_SIMPLE_CH8,2048,512,2048,8,1,2097152,17,0,230.720,308.672,487.168,178.496,PASS,0
PHASEB_formal_r1_C2_RING_SIMPLE_CH8_N512_q8_rep3,1,4,1,sm_89,R1_EVENT_OVERLAP,NCCL,C2_RING_SIMPLE_CH8,2048,512,2048,8,2,2097152,17,0,346.432,490.528,668.352,177.824,PASS,0
PHASEB_formal_r1_C2_RING_SIMPLE_CH8_N512_q8_rep3,1,4,1,sm_89,R1_EVENT_OVERLAP,NCCL,C2_RING_SIMPLE_CH8,2048,512,2048,8,3,2097152,17,0,539.424,671.744,849.728,177.984,PASS,0
PHASEB_formal_r1_C2_RING_SIMPLE_CH8_N512_q8_rep3,1,4,1,sm_89,R1_EVENT_OVERLAP,NCCL,C2_RING_SIMPLE_CH8,2048,512,2048,8,4,2097152,17,0,731.776,853.344,1029.888,176.544,PASS,0
PHASEB_formal_r1_C2_RING_SIMPLE_CH8_N512_q8_rep3,1,4,1,sm_89,R1_EVENT_OVERLAP,NCCL,C2_RING_SIMPLE_CH8,2048,512,2048,8,5,2097152,17,0,921.024,1033.280,1220.416,187.136,PASS,0
PHASEB_formal_r1_C2_RING_SIMPLE_CH8_N512_q8_rep3,1,4,1,sm_89,R1_EVENT_OVERLAP,NCCL,C2_RING_SIMPLE_CH8,2048,512,2048,8,6,2097152,17,0,1118.848,1223.936,1395.872,171.936,PASS,0
PHASEB_formal_r1_C2_RING_SIMPLE_CH8_N512_q8_rep3,1,4,1,sm_89,R1_EVENT_OVERLAP,NCCL,C2_RING_SIMPLE_CH8,2048,512,2048,8,7,2097152,17,0,1304.992,1399.200,1547.392,148.192,PASS,0
PHASEB_formal_r1_C2_RING_SIMPLE_CH8_N512_q8_rep3,1,4,1,sm_89,R1_EVENT_OVERLAP,NCCL,C2_RING_SIMPLE_CH8,2048,512,2048,8,0,2097152,18,0,119.040,124.064,309.728,185.664,PASS,0
PHASEB_formal_r1_C2_RING_SIMPLE_CH8_N512_q8_rep3,1,4,1,sm_89,R1_EVENT_OVERLAP,NCCL,C2_RING_SIMPLE_CH8,2048,512,2048,8,1,2097152,18,0,233.536,313.056,491.328,178.272,PASS,0
PHASEB_formal_r1_C2_RING_SIMPLE_CH8_N512_q8_rep3,1,4,1,sm_89,R1_EVENT_OVERLAP,NCCL,C2_RING_SIMPLE_CH8,2048,512,2048,8,2,2097152,18,0,363.680,494.656,675.872,181.216,PASS,0
PHASEB_formal_r1_C2_RING_SIMPLE_CH8_N512_q8_rep3,1,4,1,sm_89,R1_EVENT_OVERLAP,NCCL,C2_RING_SIMPLE_CH8,2048,512,2048,8,3,2097152,18,0,552.992,679.168,869.824,190.656,PASS,0
PHASEB_formal_r1_C2_RING_SIMPLE_CH8_N512_q8_rep3,1,4,1,sm_89,R1_EVENT_OVERLAP,NCCL,C2_RING_SIMPLE_CH8,2048,512,2048,8,4,2097152,18,0,744.192,874.080,1051.232,177.152,PASS,0
PHASEB_formal_r1_C2_RING_SIMPLE_CH8_N512_q8_rep3,1,4,1,sm_89,R1_EVENT_OVERLAP,NCCL,C2_RING_SIMPLE_CH8,2048,512,2048,8,5,2097152,18,0,942.880,1054.784,1231.968,177.184,PASS,0
PHASEB_formal_r1_C2_RING_SIMPLE_CH8_N512_q8_rep3,1,4,1,sm_89,R1_EVENT_OVERLAP,NCCL,C2_RING_SIMPLE_CH8,2048,512,2048,8,6,2097152,18,0,1124.864,1235.488,1403.232,167.744,PASS,0
PHASEB_formal_r1_C2_RING_SIMPLE_CH8_N512_q8_rep3,1,4,1,sm_89,R1_EVENT_OVERLAP,NCCL,C2_RING_SIMPLE_CH8,2048,512,2048,8,7,2097152,18,0,1306.176,1406.528,1553.504,146.976,PASS,0
PHASEB_formal_r1_C2_RING_SIMPLE_CH8_N512_q8_rep3,1,4,1,sm_89,R1_EVENT_OVERLAP,NCCL,C2_RING_SIMPLE_CH8,2048,512,2048,8,0,2097152,19,0,118.592,123.008,306.880,183.872,PASS,0
PHASEB_formal_r1_C2_RING_SIMPLE_CH8_N512_q8_rep3,1,4,1,sm_89,R1_EVENT_OVERLAP,NCCL,C2_RING_SIMPLE_CH8,2048,512,2048,8,1,2097152,19,0,233.632,310.752,492.032,181.280,PASS,0
PHASEB_formal_r1_C2_RING_SIMPLE_CH8_N512_q8_rep3,1,4,1,sm_89,R1_EVENT_OVERLAP,NCCL,C2_RING_SIMPLE_CH8,2048,512,2048,8,2,2097152,19,0,347.584,496.000,673.248,177.248,PASS,0
PHASEB_formal_r1_C2_RING_SIMPLE_CH8_N512_q8_rep3,1,4,1,sm_89,R1_EVENT_OVERLAP,NCCL,C2_RING_SIMPLE_CH8,2048,512,2048,8,3,2097152,19,0,545.568,676.832,869.792,192.960,PASS,0
PHASEB_formal_r1_C2_RING_SIMPLE_CH8_N512_q8_rep3,1,4,1,sm_89,R1_EVENT_OVERLAP,NCCL,C2_RING_SIMPLE_CH8,2048,512,2048,8,4,2097152,19,0,740.064,873.120,1055.136,182.016,PASS,0
PHASEB_formal_r1_C2_RING_SIMPLE_CH8_N512_q8_rep3,1,4,1,sm_89,R1_EVENT_OVERLAP,NCCL,C2_RING_SIMPLE_CH8,2048,512,2048,8,5,2097152,19,0,941.088,1058.496,1252.480,193.984,PASS,0
PHASEB_formal_r1_C2_RING_SIMPLE_CH8_N512_q8_rep3,1,4,1,sm_89,R1_EVENT_OVERLAP,NCCL,C2_RING_SIMPLE_CH8,2048,512,2048,8,6,2097152,19,0,1124.992,1265.440,1431.872,166.432,PASS,0
PHASEB_formal_r1_C2_RING_SIMPLE_CH8_N512_q8_rep3,1,4,1,sm_89,R1_EVENT_OVERLAP,NCCL,C2_RING_SIMPLE_CH8,2048,512,2048,8,7,2097152,19,0,1328.928,1435.232,1583.104,147.872,PASS,0
PHASEB_formal_r1_C2_RING_SIMPLE_CH8_N512_q8_rep3,1,4,1,sm_89,R1_EVENT_OVERLAP,NCCL,C2_RING_SIMPLE_CH8,2048,512,2048,8,0,2097152,20,0,121.632,126.144,310.304,184.160,PASS,0
PHASEB_formal_r1_C2_RING_SIMPLE_CH8_N512_q8_rep3,1,4,1,sm_89,R1_EVENT_OVERLAP,NCCL,C2_RING_SIMPLE_CH8,2048,512,2048,8,1,2097152,20,0,237.152,313.792,498.432,184.640,PASS,0
PHASEB_formal_r1_C2_RING_SIMPLE_CH8_N512_q8_rep3,1,4,1,sm_89,R1_EVENT_OVERLAP,NCCL,C2_RING_SIMPLE_CH8,2048,512,2048,8,2,2097152,20,0,353.632,502.144,682.208,180.064,PASS,0
PHASEB_formal_r1_C2_RING_SIMPLE_CH8_N512_q8_rep3,1,4,1,sm_89,R1_EVENT_OVERLAP,NCCL,C2_RING_SIMPLE_CH8,2048,512,2048,8,3,2097152,20,0,552.416,685.792,881.760,195.968,PASS,0
PHASEB_formal_r1_C2_RING_SIMPLE_CH8_N512_q8_rep3,1,4,1,sm_89,R1_EVENT_OVERLAP,NCCL,C2_RING_SIMPLE_CH8,2048,512,2048,8,4,2097152,20,0,744.448,885.312,1073.856,188.544,PASS,0
PHASEB_formal_r1_C2_RING_SIMPLE_CH8_N512_q8_rep3,1,4,1,sm_89,R1_EVENT_OVERLAP,NCCL,C2_RING_SIMPLE_CH8,2048,512,2048,8,5,2097152,20,0,949.984,1077.312,1256.992,179.680,PASS,0
PHASEB_formal_r1_C2_RING_SIMPLE_CH8_N512_q8_rep3,1,4,1,sm_89,R1_EVENT_OVERLAP,NCCL,C2_RING_SIMPLE_CH8,2048,512,2048,8,6,2097152,20,0,1145.184,1260.608,1429.728,169.120,PASS,0
PHASEB_formal_r1_C2_RING_SIMPLE_CH8_N512_q8_rep3,1,4,1,sm_89,R1_EVENT_OVERLAP,NCCL,C2_RING_SIMPLE_CH8,2048,512,2048,8,7,2097152,20,0,1327.488,1433.056,1580.128,147.072,PASS,0
PHASEB_formal_r1_C2_RING_SIMPLE_CH8_N512_q8_rep3,1,4,1,sm_89,R1_EVENT_OVERLAP,NCCL,C2_RING_SIMPLE_CH8,2048,512,2048,8,0,2097152,21,0,128.480,133.632,318.592,184.960,PASS,0
PHASEB_formal_r1_C2_RING_SIMPLE_CH8_N512_q8_rep3,1,4,1,sm_89,R1_EVENT_OVERLAP,NCCL,C2_RING_SIMPLE_CH8,2048,512,2048,8,1,2097152,21,0,243.136,321.984,501.408,179.424,PASS,0
PHASEB_formal_r1_C2_RING_SIMPLE_CH8_N512_q8_rep3,1,4,1,sm_89,R1_EVENT_OVERLAP,NCCL,C2_RING_SIMPLE_CH8,2048,512,2048,8,2,2097152,21,0,358.368,505.152,691.584,186.432,PASS,0
PHASEB_formal_r1_C2_RING_SIMPLE_CH8_N512_q8_rep3,1,4,1,sm_89,R1_EVENT_OVERLAP,NCCL,C2_RING_SIMPLE_CH8,2048,512,2048,8,3,2097152,21,0,554.016,695.584,879.264,183.680,PASS,0
PHASEB_formal_r1_C2_RING_SIMPLE_CH8_N512_q8_rep3,1,4,1,sm_89,R1_EVENT_OVERLAP,NCCL,C2_RING_SIMPLE_CH8,2048,512,2048,8,4,2097152,21,0,755.552,882.528,1058.176,175.648,PASS,0
PHASEB_formal_r1_C2_RING_SIMPLE_CH8_N512_q8_rep3,1,4,1,sm_89,R1_EVENT_OVERLAP,NCCL,C2_RING_SIMPLE_CH8,2048,512,2048,8,5,2097152,21,0,948.032,1061.632,1247.968,186.336,PASS,0
PHASEB_formal_r1_C2_RING_SIMPLE_CH8_N512_q8_rep3,1,4,1,sm_89,R1_EVENT_OVERLAP,NCCL,C2_RING_SIMPLE_CH8,2048,512,2048,8,6,2097152,21,0,1144.064,1251.360,1429.056,177.696,PASS,0
PHASEB_formal_r1_C2_RING_SIMPLE_CH8_N512_q8_rep3,1,4,1,sm_89,R1_EVENT_OVERLAP,NCCL,C2_RING_SIMPLE_CH8,2048,512,2048,8,7,2097152,21,0,1340.128,1432.384,1580.800,148.416,PASS,0
PHASEB_formal_r1_C2_RING_SIMPLE_CH8_N512_q8_rep3,1,4,1,sm_89,R1_EVENT_OVERLAP,NCCL,C2_RING_SIMPLE_CH8,2048,512,2048,8,0,2097152,22,0,121.024,125.792,311.488,185.696,PASS,0
PHASEB_formal_r1_C2_RING_SIMPLE_CH8_N512_q8_rep3,1,4,1,sm_89,R1_EVENT_OVERLAP,NCCL,C2_RING_SIMPLE_CH8,2048,512,2048,8,1,2097152,22,0,237.600,316.096,494.112,178.016,PASS,0
PHASEB_formal_r1_C2_RING_SIMPLE_CH8_N512_q8_rep3,1,4,1,sm_89,R1_EVENT_OVERLAP,NCCL,C2_RING_SIMPLE_CH8,2048,512,2048,8,2,2097152,22,0,353.920,498.272,675.552,177.280,PASS,0
PHASEB_formal_r1_C2_RING_SIMPLE_CH8_N512_q8_rep3,1,4,1,sm_89,R1_EVENT_OVERLAP,NCCL,C2_RING_SIMPLE_CH8,2048,512,2048,8,3,2097152,22,0,568.864,678.944,865.888,186.944,PASS,0
PHASEB_formal_r1_C2_RING_SIMPLE_CH8_N512_q8_rep3,1,4,1,sm_89,R1_EVENT_OVERLAP,NCCL,C2_RING_SIMPLE_CH8,2048,512,2048,8,4,2097152,22,0,761.216,869.312,1062.048,192.736,PASS,0
PHASEB_formal_r1_C2_RING_SIMPLE_CH8_N512_q8_rep3,1,4,1,sm_89,R1_EVENT_OVERLAP,NCCL,C2_RING_SIMPLE_CH8,2048,512,2048,8,5,2097152,22,0,964.672,1065.344,1248.160,182.816,PASS,0
PHASEB_formal_r1_C2_RING_SIMPLE_CH8_N512_q8_rep3,1,4,1,sm_89,R1_EVENT_OVERLAP,NCCL,C2_RING_SIMPLE_CH8,2048,512,2048,8,6,2097152,22,0,1182.144,1251.360,1420.096,168.736,PASS,0
PHASEB_formal_r1_C2_RING_SIMPLE_CH8_N512_q8_rep3,1,4,1,sm_89,R1_EVENT_OVERLAP,NCCL,C2_RING_SIMPLE_CH8,2048,512,2048,8,7,2097152,22,0,1365.568,1423.424,1570.304,146.880,PASS,0
PHASEB_formal_r1_C2_RING_SIMPLE_CH8_N512_q8_rep3,1,4,1,sm_89,R1_EVENT_OVERLAP,NCCL,C2_RING_SIMPLE_CH8,2048,512,2048,8,0,2097152,23,0,114.912,121.600,306.752,185.152,PASS,0
PHASEB_formal_r1_C2_RING_SIMPLE_CH8_N512_q8_rep3,1,4,1,sm_89,R1_EVENT_OVERLAP,NCCL,C2_RING_SIMPLE_CH8,2048,512,2048,8,1,2097152,23,0,229.984,310.176,496.960,186.784,PASS,0
PHASEB_formal_r1_C2_RING_SIMPLE_CH8_N512_q8_rep3,1,4,1,sm_89,R1_EVENT_OVERLAP,NCCL,C2_RING_SIMPLE_CH8,2048,512,2048,8,2,2097152,23,0,345.376,500.576,679.264,178.688,PASS,0
PHASEB_formal_r1_C2_RING_SIMPLE_CH8_N512_q8_rep3,1,4,1,sm_89,R1_EVENT_OVERLAP,NCCL,C2_RING_SIMPLE_CH8,2048,512,2048,8,3,2097152,23,0,537.408,682.560,864.928,182.368,PASS,0
PHASEB_formal_r1_C2_RING_SIMPLE_CH8_N512_q8_rep3,1,4,1,sm_89,R1_EVENT_OVERLAP,NCCL,C2_RING_SIMPLE_CH8,2048,512,2048,8,4,2097152,23,0,731.872,868.384,1047.488,179.104,PASS,0
PHASEB_formal_r1_C2_RING_SIMPLE_CH8_N512_q8_rep3,1,4,1,sm_89,R1_EVENT_OVERLAP,NCCL,C2_RING_SIMPLE_CH8,2048,512,2048,8,5,2097152,23,0,923.136,1050.944,1226.624,175.680,PASS,0
PHASEB_formal_r1_C2_RING_SIMPLE_CH8_N512_q8_rep3,1,4,1,sm_89,R1_EVENT_OVERLAP,NCCL,C2_RING_SIMPLE_CH8,2048,512,2048,8,6,2097152,23,0,1124.224,1230.048,1401.248,171.200,PASS,0
PHASEB_formal_r1_C2_RING_SIMPLE_CH8_N512_q8_rep3,1,4,1,sm_89,R1_EVENT_OVERLAP,NCCL,C2_RING_SIMPLE_CH8,2048,512,2048,8,7,2097152,23,0,1312.480,1404.576,1552.608,148.032,PASS,0
PHASEB_formal_r1_C2_RING_SIMPLE_CH8_N512_q8_rep3,1,4,1,sm_89,R1_EVENT_OVERLAP,NCCL,C2_RING_SIMPLE_CH8,2048,512,2048,8,0,2097152,24,0,120.256,124.864,307.904,183.040,PASS,0
PHASEB_formal_r1_C2_RING_SIMPLE_CH8_N512_q8_rep3,1,4,1,sm_89,R1_EVENT_OVERLAP,NCCL,C2_RING_SIMPLE_CH8,2048,512,2048,8,1,2097152,24,0,235.680,311.552,494.240,182.688,PASS,0
PHASEB_formal_r1_C2_RING_SIMPLE_CH8_N512_q8_rep3,1,4,1,sm_89,R1_EVENT_OVERLAP,NCCL,C2_RING_SIMPLE_CH8,2048,512,2048,8,2,2097152,24,0,360.064,498.080,678.912,180.832,PASS,0
PHASEB_formal_r1_C2_RING_SIMPLE_CH8_N512_q8_rep3,1,4,1,sm_89,R1_EVENT_OVERLAP,NCCL,C2_RING_SIMPLE_CH8,2048,512,2048,8,3,2097152,24,0,550.272,682.432,863.520,181.088,PASS,0
PHASEB_formal_r1_C2_RING_SIMPLE_CH8_N512_q8_rep3,1,4,1,sm_89,R1_EVENT_OVERLAP,NCCL,C2_RING_SIMPLE_CH8,2048,512,2048,8,4,2097152,24,0,745.248,867.680,1071.648,203.968,PASS,0
PHASEB_formal_r1_C2_RING_SIMPLE_CH8_N512_q8_rep3,1,4,1,sm_89,R1_EVENT_OVERLAP,NCCL,C2_RING_SIMPLE_CH8,2048,512,2048,8,5,2097152,24,0,954.944,1075.776,1250.624,174.848,PASS,0
PHASEB_formal_r1_C2_RING_SIMPLE_CH8_N512_q8_rep3,1,4,1,sm_89,R1_EVENT_OVERLAP,NCCL,C2_RING_SIMPLE_CH8,2048,512,2048,8,6,2097152,24,0,1140.800,1254.272,1422.240,167.968,PASS,0
PHASEB_formal_r1_C2_RING_SIMPLE_CH8_N512_q8_rep3,1,4,1,sm_89,R1_EVENT_OVERLAP,NCCL,C2_RING_SIMPLE_CH8,2048,512,2048,8,7,2097152,24,0,1323.008,1425.600,1572.704,147.104,PASS,0
PHASEB_formal_r1_C2_RING_SIMPLE_CH8_N512_q8_rep3,1,4,1,sm_89,R1_EVENT_OVERLAP,NCCL,C2_RING_SIMPLE_CH8,2048,512,2048,8,0,2097152,25,0,114.784,121.280,306.784,185.504,PASS,0
PHASEB_formal_r1_C2_RING_SIMPLE_CH8_N512_q8_rep3,1,4,1,sm_89,R1_EVENT_OVERLAP,NCCL,C2_RING_SIMPLE_CH8,2048,512,2048,8,1,2097152,25,0,229.696,310.176,522.944,212.768,PASS,0
PHASEB_formal_r1_C2_RING_SIMPLE_CH8_N512_q8_rep3,1,4,1,sm_89,R1_EVENT_OVERLAP,NCCL,C2_RING_SIMPLE_CH8,2048,512,2048,8,2,2097152,25,0,362.880,526.496,705.152,178.656,PASS,0
PHASEB_formal_r1_C2_RING_SIMPLE_CH8_N512_q8_rep3,1,4,1,sm_89,R1_EVENT_OVERLAP,NCCL,C2_RING_SIMPLE_CH8,2048,512,2048,8,3,2097152,25,0,573.888,708.672,888.640,179.968,PASS,0
PHASEB_formal_r1_C2_RING_SIMPLE_CH8_N512_q8_rep3,1,4,1,sm_89,R1_EVENT_OVERLAP,NCCL,C2_RING_SIMPLE_CH8,2048,512,2048,8,4,2097152,25,0,764.192,891.968,1093.504,201.536,PASS,0
PHASEB_formal_r1_C2_RING_SIMPLE_CH8_N512_q8_rep3,1,4,1,sm_89,R1_EVENT_OVERLAP,NCCL,C2_RING_SIMPLE_CH8,2048,512,2048,8,5,2097152,25,0,954.304,1096.768,1279.296,182.528,PASS,0
PHASEB_formal_r1_C2_RING_SIMPLE_CH8_N512_q8_rep3,1,4,1,sm_89,R1_EVENT_OVERLAP,NCCL,C2_RING_SIMPLE_CH8,2048,512,2048,8,6,2097152,25,0,1156.096,1282.816,1449.760,166.944,PASS,0
PHASEB_formal_r1_C2_RING_SIMPLE_CH8_N512_q8_rep3,1,4,1,sm_89,R1_EVENT_OVERLAP,NCCL,C2_RING_SIMPLE_CH8,2048,512,2048,8,7,2097152,25,0,1343.104,1453.120,1601.248,148.128,PASS,0
PHASEB_formal_r1_C2_RING_SIMPLE_CH8_N512_q8_rep3,1,4,1,sm_89,R1_EVENT_OVERLAP,NCCL,C2_RING_SIMPLE_CH8,2048,512,2048,8,0,2097152,26,0,115.072,120.128,307.392,187.264,PASS,0
PHASEB_formal_r1_C2_RING_SIMPLE_CH8_N512_q8_rep3,1,4,1,sm_89,R1_EVENT_OVERLAP,NCCL,C2_RING_SIMPLE_CH8,2048,512,2048,8,1,2097152,26,0,235.072,310.688,492.736,182.048,PASS,0
PHASEB_formal_r1_C2_RING_SIMPLE_CH8_N512_q8_rep3,1,4,1,sm_89,R1_EVENT_OVERLAP,NCCL,C2_RING_SIMPLE_CH8,2048,512,2048,8,2,2097152,26,0,357.504,496.256,675.008,178.752,PASS,0
PHASEB_formal_r1_C2_RING_SIMPLE_CH8_N512_q8_rep3,1,4,1,sm_89,R1_EVENT_OVERLAP,NCCL,C2_RING_SIMPLE_CH8,2048,512,2048,8,3,2097152,26,0,546.272,678.496,854.432,175.936,PASS,0
PHASEB_formal_r1_C2_RING_SIMPLE_CH8_N512_q8_rep3,1,4,1,sm_89,R1_EVENT_OVERLAP,NCCL,C2_RING_SIMPLE_CH8,2048,512,2048,8,4,2097152,26,0,737.952,857.856,1034.656,176.800,PASS,0
PHASEB_formal_r1_C2_RING_SIMPLE_CH8_N512_q8_rep3,1,4,1,sm_89,R1_EVENT_OVERLAP,NCCL,C2_RING_SIMPLE_CH8,2048,512,2048,8,5,2097152,26,0,933.888,1038.272,1230.016,191.744,PASS,0
PHASEB_formal_r1_C2_RING_SIMPLE_CH8_N512_q8_rep3,1,4,1,sm_89,R1_EVENT_OVERLAP,NCCL,C2_RING_SIMPLE_CH8,2048,512,2048,8,6,2097152,26,0,1154.720,1233.248,1415.776,182.528,PASS,0
PHASEB_formal_r1_C2_RING_SIMPLE_CH8_N512_q8_rep3,1,4,1,sm_89,R1_EVENT_OVERLAP,NCCL,C2_RING_SIMPLE_CH8,2048,512,2048,8,7,2097152,26,0,1329.888,1419.104,1566.496,147.392,PASS,0
PHASEB_formal_r1_C2_RING_SIMPLE_CH8_N512_q8_rep3,1,4,1,sm_89,R1_EVENT_OVERLAP,NCCL,C2_RING_SIMPLE_CH8,2048,512,2048,8,0,2097152,27,0,114.656,119.584,301.536,181.952,PASS,0
PHASEB_formal_r1_C2_RING_SIMPLE_CH8_N512_q8_rep3,1,4,1,sm_89,R1_EVENT_OVERLAP,NCCL,C2_RING_SIMPLE_CH8,2048,512,2048,8,1,2097152,27,0,229.440,304.960,490.432,185.472,PASS,0
PHASEB_formal_r1_C2_RING_SIMPLE_CH8_N512_q8_rep3,1,4,1,sm_89,R1_EVENT_OVERLAP,NCCL,C2_RING_SIMPLE_CH8,2048,512,2048,8,2,2097152,27,0,353.440,493.824,670.560,176.736,PASS,0
PHASEB_formal_r1_C2_RING_SIMPLE_CH8_N512_q8_rep3,1,4,1,sm_89,R1_EVENT_OVERLAP,NCCL,C2_RING_SIMPLE_CH8,2048,512,2048,8,3,2097152,27,0,551.648,673.984,851.456,177.472,PASS,0
PHASEB_formal_r1_C2_RING_SIMPLE_CH8_N512_q8_rep3,1,4,1,sm_89,R1_EVENT_OVERLAP,NCCL,C2_RING_SIMPLE_CH8,2048,512,2048,8,4,2097152,27,0,743.488,854.816,1053.760,198.944,PASS,0
PHASEB_formal_r1_C2_RING_SIMPLE_CH8_N512_q8_rep3,1,4,1,sm_89,R1_EVENT_OVERLAP,NCCL,C2_RING_SIMPLE_CH8,2048,512,2048,8,5,2097152,27,0,960.480,1057.056,1247.040,189.984,PASS,0
PHASEB_formal_r1_C2_RING_SIMPLE_CH8_N512_q8_rep3,1,4,1,sm_89,R1_EVENT_OVERLAP,NCCL,C2_RING_SIMPLE_CH8,2048,512,2048,8,6,2097152,27,0,1146.208,1250.656,1417.376,166.720,PASS,0
PHASEB_formal_r1_C2_RING_SIMPLE_CH8_N512_q8_rep3,1,4,1,sm_89,R1_EVENT_OVERLAP,NCCL,C2_RING_SIMPLE_CH8,2048,512,2048,8,7,2097152,27,0,1325.056,1420.672,1568.928,148.256,PASS,0
PHASEB_formal_r1_C2_RING_SIMPLE_CH8_N512_q8_rep3,1,4,1,sm_89,R1_EVENT_OVERLAP,NCCL,C2_RING_SIMPLE_CH8,2048,512,2048,8,0,2097152,28,0,115.200,119.808,301.088,181.280,PASS,0
PHASEB_formal_r1_C2_RING_SIMPLE_CH8_N512_q8_rep3,1,4,1,sm_89,R1_EVENT_OVERLAP,NCCL,C2_RING_SIMPLE_CH8,2048,512,2048,8,1,2097152,28,0,229.024,304.512,490.400,185.888,PASS,0
PHASEB_formal_r1_C2_RING_SIMPLE_CH8_N512_q8_rep3,1,4,1,sm_89,R1_EVENT_OVERLAP,NCCL,C2_RING_SIMPLE_CH8,2048,512,2048,8,2,2097152,28,0,354.016,493.984,671.296,177.312,PASS,0
PHASEB_formal_r1_C2_RING_SIMPLE_CH8_N512_q8_rep3,1,4,1,sm_89,R1_EVENT_OVERLAP,NCCL,C2_RING_SIMPLE_CH8,2048,512,2048,8,3,2097152,28,0,543.040,674.656,864.960,190.304,PASS,0
PHASEB_formal_r1_C2_RING_SIMPLE_CH8_N512_q8_rep3,1,4,1,sm_89,R1_EVENT_OVERLAP,NCCL,C2_RING_SIMPLE_CH8,2048,512,2048,8,4,2097152,28,0,737.888,869.312,1046.656,177.344,PASS,0
PHASEB_formal_r1_C2_RING_SIMPLE_CH8_N512_q8_rep3,1,4,1,sm_89,R1_EVENT_OVERLAP,NCCL,C2_RING_SIMPLE_CH8,2048,512,2048,8,5,2097152,28,0,933.888,1050.080,1250.464,200.384,PASS,0
PHASEB_formal_r1_C2_RING_SIMPLE_CH8_N512_q8_rep3,1,4,1,sm_89,R1_EVENT_OVERLAP,NCCL,C2_RING_SIMPLE_CH8,2048,512,2048,8,6,2097152,28,0,1118.112,1253.856,1420.832,166.976,PASS,0
PHASEB_formal_r1_C2_RING_SIMPLE_CH8_N512_q8_rep3,1,4,1,sm_89,R1_EVENT_OVERLAP,NCCL,C2_RING_SIMPLE_CH8,2048,512,2048,8,7,2097152,28,0,1328.256,1424.192,1571.232,147.040,PASS,0
PHASEB_formal_r1_C2_RING_SIMPLE_CH8_N512_q8_rep3,1,4,1,sm_89,R1_EVENT_OVERLAP,NCCL,C2_RING_SIMPLE_CH8,2048,512,2048,8,0,2097152,29,0,129.536,134.272,318.208,183.936,PASS,0
PHASEB_formal_r1_C2_RING_SIMPLE_CH8_N512_q8_rep3,1,4,1,sm_89,R1_EVENT_OVERLAP,NCCL,C2_RING_SIMPLE_CH8,2048,512,2048,8,1,2097152,29,0,277.184,321.536,502.112,180.576,PASS,0
PHASEB_formal_r1_C2_RING_SIMPLE_CH8_N512_q8_rep3,1,4,1,sm_89,R1_EVENT_OVERLAP,NCCL,C2_RING_SIMPLE_CH8,2048,512,2048,8,2,2097152,29,0,394.432,505.600,684.416,178.816,PASS,0
PHASEB_formal_r1_C2_RING_SIMPLE_CH8_N512_q8_rep3,1,4,1,sm_89,R1_EVENT_OVERLAP,NCCL,C2_RING_SIMPLE_CH8,2048,512,2048,8,3,2097152,29,0,573.152,688.224,887.648,199.424,PASS,0
PHASEB_formal_r1_C2_RING_SIMPLE_CH8_N512_q8_rep3,1,4,1,sm_89,R1_EVENT_OVERLAP,NCCL,C2_RING_SIMPLE_CH8,2048,512,2048,8,4,2097152,29,0,763.968,890.976,1068.224,177.248,PASS,0
PHASEB_formal_r1_C2_RING_SIMPLE_CH8_N512_q8_rep3,1,4,1,sm_89,R1_EVENT_OVERLAP,NCCL,C2_RING_SIMPLE_CH8,2048,512,2048,8,5,2097152,29,0,960.096,1071.616,1249.696,178.080,PASS,0
PHASEB_formal_r1_C2_RING_SIMPLE_CH8_N512_q8_rep3,1,4,1,sm_89,R1_EVENT_OVERLAP,NCCL,C2_RING_SIMPLE_CH8,2048,512,2048,8,6,2097152,29,0,1145.088,1253.184,1420.640,167.456,PASS,0
PHASEB_formal_r1_C2_RING_SIMPLE_CH8_N512_q8_rep3,1,4,1,sm_89,R1_EVENT_OVERLAP,NCCL,C2_RING_SIMPLE_CH8,2048,512,2048,8,7,2097152,29,0,1326.432,1423.968,1572.320,148.352,PASS,0
PHASEB_formal_r1_C2_RING_SIMPLE_CH8_N512_q8_rep3,1,4,1,sm_89,R1_EVENT_OVERLAP,NCCL,C2_RING_SIMPLE_CH8,2048,512,2048,8,0,2097152,30,0,115.584,120.416,305.760,185.344,PASS,0
PHASEB_formal_r1_C2_RING_SIMPLE_CH8_N512_q8_rep3,1,4,1,sm_89,R1_EVENT_OVERLAP,NCCL,C2_RING_SIMPLE_CH8,2048,512,2048,8,1,2097152,30,0,231.776,309.536,487.136,177.600,PASS,0
PHASEB_formal_r1_C2_RING_SIMPLE_CH8_N512_q8_rep3,1,4,1,sm_89,R1_EVENT_OVERLAP,NCCL,C2_RING_SIMPLE_CH8,2048,512,2048,8,2,2097152,30,0,349.216,491.328,669.664,178.336,PASS,0
PHASEB_formal_r1_C2_RING_SIMPLE_CH8_N512_q8_rep3,1,4,1,sm_89,R1_EVENT_OVERLAP,NCCL,C2_RING_SIMPLE_CH8,2048,512,2048,8,3,2097152,30,0,544.416,672.960,853.664,180.704,PASS,0
PHASEB_formal_r1_C2_RING_SIMPLE_CH8_N512_q8_rep3,1,4,1,sm_89,R1_EVENT_OVERLAP,NCCL,C2_RING_SIMPLE_CH8,2048,512,2048,8,4,2097152,30,0,736.416,857.728,1050.048,192.320,PASS,0
PHASEB_formal_r1_C2_RING_SIMPLE_CH8_N512_q8_rep3,1,4,1,sm_89,R1_EVENT_OVERLAP,NCCL,C2_RING_SIMPLE_CH8,2048,512,2048,8,5,2097152,30,0,951.008,1053.472,1250.624,197.152,PASS,0
PHASEB_formal_r1_C2_RING_SIMPLE_CH8_N512_q8_rep3,1,4,1,sm_89,R1_EVENT_OVERLAP,NCCL,C2_RING_SIMPLE_CH8,2048,512,2048,8,6,2097152,30,0,1154.496,1254.048,1435.488,181.440,PASS,0
PHASEB_formal_r1_C2_RING_SIMPLE_CH8_N512_q8_rep3,1,4,1,sm_89,R1_EVENT_OVERLAP,NCCL,C2_RING_SIMPLE_CH8,2048,512,2048,8,7,2097152,30,0,1348.064,1438.784,1586.048,147.264,PASS,0
PHASEB_formal_r1_C2_RING_SIMPLE_CH8_N512_q8_rep3,1,4,1,sm_89,R1_EVENT_OVERLAP,NCCL,C2_RING_SIMPLE_CH8,2048,512,2048,8,0,2097152,31,0,112.480,118.976,300.704,181.728,PASS,0
PHASEB_formal_r1_C2_RING_SIMPLE_CH8_N512_q8_rep3,1,4,1,sm_89,R1_EVENT_OVERLAP,NCCL,C2_RING_SIMPLE_CH8,2048,512,2048,8,1,2097152,31,0,226.784,304.096,482.048,177.952,PASS,0
PHASEB_formal_r1_C2_RING_SIMPLE_CH8_N512_q8_rep3,1,4,1,sm_89,R1_EVENT_OVERLAP,NCCL,C2_RING_SIMPLE_CH8,2048,512,2048,8,2,2097152,31,0,351.872,485.696,664.512,178.816,PASS,0
PHASEB_formal_r1_C2_RING_SIMPLE_CH8_N512_q8_rep3,1,4,1,sm_89,R1_EVENT_OVERLAP,NCCL,C2_RING_SIMPLE_CH8,2048,512,2048,8,3,2097152,31,0,545.600,667.808,863.872,196.064,PASS,0
PHASEB_formal_r1_C2_RING_SIMPLE_CH8_N512_q8_rep3,1,4,1,sm_89,R1_EVENT_OVERLAP,NCCL,C2_RING_SIMPLE_CH8,2048,512,2048,8,4,2097152,31,0,736.448,867.296,1048.064,180.768,PASS,0
PHASEB_formal_r1_C2_RING_SIMPLE_CH8_N512_q8_rep3,1,4,1,sm_89,R1_EVENT_OVERLAP,NCCL,C2_RING_SIMPLE_CH8,2048,512,2048,8,5,2097152,31,0,930.496,1051.648,1227.616,175.968,PASS,0
PHASEB_formal_r1_C2_RING_SIMPLE_CH8_N512_q8_rep3,1,4,1,sm_89,R1_EVENT_OVERLAP,NCCL,C2_RING_SIMPLE_CH8,2048,512,2048,8,6,2097152,31,0,1117.024,1231.072,1400.224,169.152,PASS,0
PHASEB_formal_r1_C2_RING_SIMPLE_CH8_N512_q8_rep3,1,4,1,sm_89,R1_EVENT_OVERLAP,NCCL,C2_RING_SIMPLE_CH8,2048,512,2048,8,7,2097152,31,0,1301.344,1403.584,1552.064,148.480,PASS,0
PHASEB_formal_r1_C2_RING_SIMPLE_CH8_N512_q8_rep3,1,4,1,sm_89,R1_EVENT_OVERLAP,NCCL,C2_RING_SIMPLE_CH8,2048,512,2048,8,0,2097152,32,0,126.720,131.296,320.032,188.736,PASS,0
PHASEB_formal_r1_C2_RING_SIMPLE_CH8_N512_q8_rep3,1,4,1,sm_89,R1_EVENT_OVERLAP,NCCL,C2_RING_SIMPLE_CH8,2048,512,2048,8,1,2097152,32,0,244.224,323.872,509.792,185.920,PASS,0
PHASEB_formal_r1_C2_RING_SIMPLE_CH8_N512_q8_rep3,1,4,1,sm_89,R1_EVENT_OVERLAP,NCCL,C2_RING_SIMPLE_CH8,2048,512,2048,8,2,2097152,32,0,358.752,513.312,694.944,181.632,PASS,0
PHASEB_formal_r1_C2_RING_SIMPLE_CH8_N512_q8_rep3,1,4,1,sm_89,R1_EVENT_OVERLAP,NCCL,C2_RING_SIMPLE_CH8,2048,512,2048,8,3,2097152,32,0,554.432,698.592,876.256,177.664,PASS,0
PHASEB_formal_r1_C2_RING_SIMPLE_CH8_N512_q8_rep3,1,4,1,sm_89,R1_EVENT_OVERLAP,NCCL,C2_RING_SIMPLE_CH8,2048,512,2048,8,4,2097152,32,0,747.808,879.808,1057.600,177.792,PASS,0
PHASEB_formal_r1_C2_RING_SIMPLE_CH8_N512_q8_rep3,1,4,1,sm_89,R1_EVENT_OVERLAP,NCCL,C2_RING_SIMPLE_CH8,2048,512,2048,8,5,2097152,32,0,945.632,1061.024,1237.824,176.800,PASS,0
PHASEB_formal_r1_C2_RING_SIMPLE_CH8_N512_q8_rep3,1,4,1,sm_89,R1_EVENT_OVERLAP,NCCL,C2_RING_SIMPLE_CH8,2048,512,2048,8,6,2097152,32,0,1132.800,1241.152,1419.552,178.400,PASS,0
PHASEB_formal_r1_C2_RING_SIMPLE_CH8_N512_q8_rep3,1,4,1,sm_89,R1_EVENT_OVERLAP,NCCL,C2_RING_SIMPLE_CH8,2048,512,2048,8,7,2097152,32,0,1328.736,1422.848,1569.952,147.104,PASS,0
PHASEB_formal_r1_C2_RING_SIMPLE_CH8_N512_q8_rep3,1,4,1,sm_89,R1_EVENT_OVERLAP,NCCL,C2_RING_SIMPLE_CH8,2048,512,2048,8,0,2097152,33,0,126.880,131.552,315.808,184.256,PASS,0
PHASEB_formal_r1_C2_RING_SIMPLE_CH8_N512_q8_rep3,1,4,1,sm_89,R1_EVENT_OVERLAP,NCCL,C2_RING_SIMPLE_CH8,2048,512,2048,8,1,2097152,33,0,240.864,319.424,498.368,178.944,PASS,0
PHASEB_formal_r1_C2_RING_SIMPLE_CH8_N512_q8_rep3,1,4,1,sm_89,R1_EVENT_OVERLAP,NCCL,C2_RING_SIMPLE_CH8,2048,512,2048,8,2,2097152,33,0,355.552,501.888,700.608,198.720,PASS,0
PHASEB_formal_r1_C2_RING_SIMPLE_CH8_N512_q8_rep3,1,4,1,sm_89,R1_EVENT_OVERLAP,NCCL,C2_RING_SIMPLE_CH8,2048,512,2048,8,3,2097152,33,0,550.048,704.160,898.816,194.656,PASS,0
PHASEB_formal_r1_C2_RING_SIMPLE_CH8_N512_q8_rep3,1,4,1,sm_89,R1_EVENT_OVERLAP,NCCL,C2_RING_SIMPLE_CH8,2048,512,2048,8,4,2097152,33,0,755.200,902.112,1096.064,193.952,PASS,0
PHASEB_formal_r1_C2_RING_SIMPLE_CH8_N512_q8_rep3,1,4,1,sm_89,R1_EVENT_OVERLAP,NCCL,C2_RING_SIMPLE_CH8,2048,512,2048,8,5,2097152,33,0,958.944,1099.424,1292.672,193.248,PASS,0
PHASEB_formal_r1_C2_RING_SIMPLE_CH8_N512_q8_rep3,1,4,1,sm_89,R1_EVENT_OVERLAP,NCCL,C2_RING_SIMPLE_CH8,2048,512,2048,8,6,2097152,33,0,1158.560,1295.904,1464.160,168.256,PASS,0
PHASEB_formal_r1_C2_RING_SIMPLE_CH8_N512_q8_rep3,1,4,1,sm_89,R1_EVENT_OVERLAP,NCCL,C2_RING_SIMPLE_CH8,2048,512,2048,8,7,2097152,33,0,1364.224,1467.520,1615.360,147.840,PASS,0
PHASEB_formal_r1_C2_RING_SIMPLE_CH8_N512_q8_rep3,1,4,1,sm_89,R1_EVENT_OVERLAP,NCCL,C2_RING_SIMPLE_CH8,2048,512,2048,8,0,2097152,34,0,117.728,122.496,304.768,182.272,PASS,0
PHASEB_formal_r1_C2_RING_SIMPLE_CH8_N512_q8_rep3,1,4,1,sm_89,R1_EVENT_OVERLAP,NCCL,C2_RING_SIMPLE_CH8,2048,512,2048,8,1,2097152,34,0,231.040,309.440,493.056,183.616,PASS,0
PHASEB_formal_r1_C2_RING_SIMPLE_CH8_N512_q8_rep3,1,4,1,sm_89,R1_EVENT_OVERLAP,NCCL,C2_RING_SIMPLE_CH8,2048,512,2048,8,2,2097152,34,0,357.952,496.288,681.120,184.832,PASS,0
PHASEB_formal_r1_C2_RING_SIMPLE_CH8_N512_q8_rep3,1,4,1,sm_89,R1_EVENT_OVERLAP,NCCL,C2_RING_SIMPLE_CH8,2048,512,2048,8,3,2097152,34,0,549.824,684.640,868.992,184.352,PASS,0
PHASEB_formal_r1_C2_RING_SIMPLE_CH8_N512_q8_rep3,1,4,1,sm_89,R1_EVENT_OVERLAP,NCCL,C2_RING_SIMPLE_CH8,2048,512,2048,8,4,2097152,34,0,748.416,873.248,1049.216,175.968,PASS,0
PHASEB_formal_r1_C2_RING_SIMPLE_CH8_N512_q8_rep3,1,4,1,sm_89,R1_EVENT_OVERLAP,NCCL,C2_RING_SIMPLE_CH8,2048,512,2048,8,5,2097152,34,0,949.152,1060.288,1243.104,182.816,PASS,0
PHASEB_formal_r1_C2_RING_SIMPLE_CH8_N512_q8_rep3,1,4,1,sm_89,R1_EVENT_OVERLAP,NCCL,C2_RING_SIMPLE_CH8,2048,512,2048,8,6,2097152,34,0,1145.408,1252.768,1420.480,167.712,PASS,0
PHASEB_formal_r1_C2_RING_SIMPLE_CH8_N512_q8_rep3,1,4,1,sm_89,R1_EVENT_OVERLAP,NCCL,C2_RING_SIMPLE_CH8,2048,512,2048,8,7,2097152,34,0,1328.032,1424.128,1571.136,147.008,PASS,0
PHASEB_formal_r1_C2_RING_SIMPLE_CH8_N512_q8_rep3,1,4,1,sm_89,R1_EVENT_OVERLAP,NCCL,C2_RING_SIMPLE_CH8,2048,512,2048,8,0,2097152,35,0,114.208,119.008,300.896,181.888,PASS,0
PHASEB_formal_r1_C2_RING_SIMPLE_CH8_N512_q8_rep3,1,4,1,sm_89,R1_EVENT_OVERLAP,NCCL,C2_RING_SIMPLE_CH8,2048,512,2048,8,1,2097152,35,0,227.904,304.480,485.184,180.704,PASS,0
PHASEB_formal_r1_C2_RING_SIMPLE_CH8_N512_q8_rep3,1,4,1,sm_89,R1_EVENT_OVERLAP,NCCL,C2_RING_SIMPLE_CH8,2048,512,2048,8,2,2097152,35,0,353.920,488.544,664.672,176.128,PASS,0
PHASEB_formal_r1_C2_RING_SIMPLE_CH8_N512_q8_rep3,1,4,1,sm_89,R1_EVENT_OVERLAP,NCCL,C2_RING_SIMPLE_CH8,2048,512,2048,8,3,2097152,35,0,544.416,668.160,845.568,177.408,PASS,0
PHASEB_formal_r1_C2_RING_SIMPLE_CH8_N512_q8_rep3,1,4,1,sm_89,R1_EVENT_OVERLAP,NCCL,C2_RING_SIMPLE_CH8,2048,512,2048,8,4,2097152,35,0,738.112,849.344,1027.168,177.824,PASS,0
PHASEB_formal_r1_C2_RING_SIMPLE_CH8_N512_q8_rep3,1,4,1,sm_89,R1_EVENT_OVERLAP,NCCL,C2_RING_SIMPLE_CH8,2048,512,2048,8,5,2097152,35,0,925.408,1030.432,1213.856,183.424,PASS,0
PHASEB_formal_r1_C2_RING_SIMPLE_CH8_N512_q8_rep3,1,4,1,sm_89,R1_EVENT_OVERLAP,NCCL,C2_RING_SIMPLE_CH8,2048,512,2048,8,6,2097152,35,0,1114.752,1217.216,1400.544,183.328,PASS,0
PHASEB_formal_r1_C2_RING_SIMPLE_CH8_N512_q8_rep3,1,4,1,sm_89,R1_EVENT_OVERLAP,NCCL,C2_RING_SIMPLE_CH8,2048,512,2048,8,7,2097152,35,0,1311.552,1403.904,1551.712,147.808,PASS,0
PHASEB_formal_r1_C2_RING_SIMPLE_CH8_N512_q8_rep3,1,4,1,sm_89,R1_EVENT_OVERLAP,NCCL,C2_RING_SIMPLE_CH8,2048,512,2048,8,0,2097152,36,0,130.464,135.040,318.528,183.488,PASS,0
PHASEB_formal_r1_C2_RING_SIMPLE_CH8_N512_q8_rep3,1,4,1,sm_89,R1_EVENT_OVERLAP,NCCL,C2_RING_SIMPLE_CH8,2048,512,2048,8,1,2097152,36,0,245.056,321.824,502.688,180.864,PASS,0
PHASEB_formal_r1_C2_RING_SIMPLE_CH8_N512_q8_rep3,1,4,1,sm_89,R1_EVENT_OVERLAP,NCCL,C2_RING_SIMPLE_CH8,2048,512,2048,8,2,2097152,36,0,359.264,506.336,683.744,177.408,PASS,0
PHASEB_formal_r1_C2_RING_SIMPLE_CH8_N512_q8_rep3,1,4,1,sm_89,R1_EVENT_OVERLAP,NCCL,C2_RING_SIMPLE_CH8,2048,512,2048,8,3,2097152,36,0,555.488,688.000,864.192,176.192,PASS,0
PHASEB_formal_r1_C2_RING_SIMPLE_CH8_N512_q8_rep3,1,4,1,sm_89,R1_EVENT_OVERLAP,NCCL,C2_RING_SIMPLE_CH8,2048,512,2048,8,4,2097152,36,0,747.040,867.840,1056.192,188.352,PASS,0
PHASEB_formal_r1_C2_RING_SIMPLE_CH8_N512_q8_rep3,1,4,1,sm_89,R1_EVENT_OVERLAP,NCCL,C2_RING_SIMPLE_CH8,2048,512,2048,8,5,2097152,36,0,941.920,1065.024,1271.104,206.080,PASS,0
PHASEB_formal_r1_C2_RING_SIMPLE_CH8_N512_q8_rep3,1,4,1,sm_89,R1_EVENT_OVERLAP,NCCL,C2_RING_SIMPLE_CH8,2048,512,2048,8,6,2097152,36,0,1155.392,1275.008,1442.816,167.808,PASS,0
PHASEB_formal_r1_C2_RING_SIMPLE_CH8_N512_q8_rep3,1,4,1,sm_89,R1_EVENT_OVERLAP,NCCL,C2_RING_SIMPLE_CH8,2048,512,2048,8,7,2097152,36,0,1342.368,1446.176,1593.472,147.296,PASS,0
PHASEB_formal_r1_C2_RING_SIMPLE_CH8_N512_q8_rep3,1,4,1,sm_89,R1_EVENT_OVERLAP,NCCL,C2_RING_SIMPLE_CH8,2048,512,2048,8,0,2097152,37,0,199.456,203.808,386.560,182.752,PASS,0
PHASEB_formal_r1_C2_RING_SIMPLE_CH8_N512_q8_rep3,1,4,1,sm_89,R1_EVENT_OVERLAP,NCCL,C2_RING_SIMPLE_CH8,2048,512,2048,8,1,2097152,37,0,314.720,389.856,568.992,179.136,PASS,0
PHASEB_formal_r1_C2_RING_SIMPLE_CH8_N512_q8_rep3,1,4,1,sm_89,R1_EVENT_OVERLAP,NCCL,C2_RING_SIMPLE_CH8,2048,512,2048,8,2,2097152,37,0,437.568,572.800,749.632,176.832,PASS,0
PHASEB_formal_r1_C2_RING_SIMPLE_CH8_N512_q8_rep3,1,4,1,sm_89,R1_EVENT_OVERLAP,NCCL,C2_RING_SIMPLE_CH8,2048,512,2048,8,3,2097152,37,0,635.648,753.376,930.048,176.672,PASS,0
PHASEB_formal_r1_C2_RING_SIMPLE_CH8_N512_q8_rep3,1,4,1,sm_89,R1_EVENT_OVERLAP,NCCL,C2_RING_SIMPLE_CH8,2048,512,2048,8,4,2097152,37,0,823.904,934.848,1124.096,189.248,PASS,0
PHASEB_formal_r1_C2_RING_SIMPLE_CH8_N512_q8_rep3,1,4,1,sm_89,R1_EVENT_OVERLAP,NCCL,C2_RING_SIMPLE_CH8,2048,512,2048,8,5,2097152,37,0,1016.736,1127.488,1309.216,181.728,PASS,0
PHASEB_formal_r1_C2_RING_SIMPLE_CH8_N512_q8_rep3,1,4,1,sm_89,R1_EVENT_OVERLAP,NCCL,C2_RING_SIMPLE_CH8,2048,512,2048,8,6,2097152,37,0,1206.720,1312.960,1490.816,177.856,PASS,0
PHASEB_formal_r1_C2_RING_SIMPLE_CH8_N512_q8_rep3,1,4,1,sm_89,R1_EVENT_OVERLAP,NCCL,C2_RING_SIMPLE_CH8,2048,512,2048,8,7,2097152,37,0,1401.024,1494.176,1642.272,148.096,PASS,0
PHASEB_formal_r1_C2_RING_SIMPLE_CH8_N512_q8_rep3,1,4,1,sm_89,R1_EVENT_OVERLAP,NCCL,C2_RING_SIMPLE_CH8,2048,512,2048,8,0,2097152,38,0,117.536,122.944,307.104,184.160,PASS,0
PHASEB_formal_r1_C2_RING_SIMPLE_CH8_N512_q8_rep3,1,4,1,sm_89,R1_EVENT_OVERLAP,NCCL,C2_RING_SIMPLE_CH8,2048,512,2048,8,1,2097152,38,0,233.568,310.400,492.128,181.728,PASS,0
PHASEB_formal_r1_C2_RING_SIMPLE_CH8_N512_q8_rep3,1,4,1,sm_89,R1_EVENT_OVERLAP,NCCL,C2_RING_SIMPLE_CH8,2048,512,2048,8,2,2097152,38,0,350.528,495.520,677.216,181.696,PASS,0
PHASEB_formal_r1_C2_RING_SIMPLE_CH8_N512_q8_rep3,1,4,1,sm_89,R1_EVENT_OVERLAP,NCCL,C2_RING_SIMPLE_CH8,2048,512,2048,8,3,2097152,38,0,551.392,680.672,874.560,193.888,PASS,0
PHASEB_formal_r1_C2_RING_SIMPLE_CH8_N512_q8_rep3,1,4,1,sm_89,R1_EVENT_OVERLAP,NCCL,C2_RING_SIMPLE_CH8,2048,512,2048,8,4,2097152,38,0,743.968,877.888,1060.128,182.240,PASS,0
PHASEB_formal_r1_C2_RING_SIMPLE_CH8_N512_q8_rep3,1,4,1,sm_89,R1_EVENT_OVERLAP,NCCL,C2_RING_SIMPLE_CH8,2048,512,2048,8,5,2097152,38,0,953.696,1063.456,1252.032,188.576,PASS,0
PHASEB_formal_r1_C2_RING_SIMPLE_CH8_N512_q8_rep3,1,4,1,sm_89,R1_EVENT_OVERLAP,NCCL,C2_RING_SIMPLE_CH8,2048,512,2048,8,6,2097152,38,0,1152.032,1255.712,1432.384,176.672,PASS,0
PHASEB_formal_r1_C2_RING_SIMPLE_CH8_N512_q8_rep3,1,4,1,sm_89,R1_EVENT_OVERLAP,NCCL,C2_RING_SIMPLE_CH8,2048,512,2048,8,7,2097152,38,0,1341.152,1435.712,1583.104,147.392,PASS,0
PHASEB_formal_r1_C2_RING_SIMPLE_CH8_N512_q8_rep3,1,4,1,sm_89,R1_EVENT_OVERLAP,NCCL,C2_RING_SIMPLE_CH8,2048,512,2048,8,0,2097152,39,0,137.024,141.856,328.064,186.208,PASS,0
PHASEB_formal_r1_C2_RING_SIMPLE_CH8_N512_q8_rep3,1,4,1,sm_89,R1_EVENT_OVERLAP,NCCL,C2_RING_SIMPLE_CH8,2048,512,2048,8,1,2097152,39,0,254.272,331.584,513.312,181.728,PASS,0
PHASEB_formal_r1_C2_RING_SIMPLE_CH8_N512_q8_rep3,1,4,1,sm_89,R1_EVENT_OVERLAP,NCCL,C2_RING_SIMPLE_CH8,2048,512,2048,8,2,2097152,39,0,381.536,517.504,695.392,177.888,PASS,0
PHASEB_formal_r1_C2_RING_SIMPLE_CH8_N512_q8_rep3,1,4,1,sm_89,R1_EVENT_OVERLAP,NCCL,C2_RING_SIMPLE_CH8,2048,512,2048,8,3,2097152,39,0,573.920,698.592,876.864,178.272,PASS,0
PHASEB_formal_r1_C2_RING_SIMPLE_CH8_N512_q8_rep3,1,4,1,sm_89,R1_EVENT_OVERLAP,NCCL,C2_RING_SIMPLE_CH8,2048,512,2048,8,4,2097152,39,0,768.384,880.480,1054.944,174.464,PASS,0
PHASEB_formal_r1_C2_RING_SIMPLE_CH8_N512_q8_rep3,1,4,1,sm_89,R1_EVENT_OVERLAP,NCCL,C2_RING_SIMPLE_CH8,2048,512,2048,8,5,2097152,39,0,957.824,1058.368,1243.776,185.408,PASS,0
PHASEB_formal_r1_C2_RING_SIMPLE_CH8_N512_q8_rep3,1,4,1,sm_89,R1_EVENT_OVERLAP,NCCL,C2_RING_SIMPLE_CH8,2048,512,2048,8,6,2097152,39,0,1144.736,1248.288,1415.392,167.104,PASS,0
PHASEB_formal_r1_C2_RING_SIMPLE_CH8_N512_q8_rep3,1,4,1,sm_89,R1_EVENT_OVERLAP,NCCL,C2_RING_SIMPLE_CH8,2048,512,2048,8,7,2097152,39,0,1323.040,1418.752,1566.912,148.160,PASS,0
PHASEB_formal_r1_C2_RING_SIMPLE_CH8_N512_q8_rep3,1,4,1,sm_89,R1_EVENT_OVERLAP,NCCL,C2_RING_SIMPLE_CH8,2048,512,2048,8,0,2097152,40,0,133.728,138.336,321.088,182.752,PASS,0
PHASEB_formal_r1_C2_RING_SIMPLE_CH8_N512_q8_rep3,1,4,1,sm_89,R1_EVENT_OVERLAP,NCCL,C2_RING_SIMPLE_CH8,2048,512,2048,8,1,2097152,40,0,248.064,324.832,511.392,186.560,PASS,0
PHASEB_formal_r1_C2_RING_SIMPLE_CH8_N512_q8_rep3,1,4,1,sm_89,R1_EVENT_OVERLAP,NCCL,C2_RING_SIMPLE_CH8,2048,512,2048,8,2,2097152,40,0,363.424,515.200,702.432,187.232,PASS,0
PHASEB_formal_r1_C2_RING_SIMPLE_CH8_N512_q8_rep3,1,4,1,sm_89,R1_EVENT_OVERLAP,NCCL,C2_RING_SIMPLE_CH8,2048,512,2048,8,3,2097152,40,0,563.648,706.528,885.824,179.296,PASS,0
PHASEB_formal_r1_C2_RING_SIMPLE_CH8_N512_q8_rep3,1,4,1,sm_89,R1_EVENT_OVERLAP,NCCL,C2_RING_SIMPLE_CH8,2048,512,2048,8,4,2097152,40,0,755.168,889.184,1074.464,185.280,PASS,0
PHASEB_formal_r1_C2_RING_SIMPLE_CH8_N512_q8_rep3,1,4,1,sm_89,R1_EVENT_OVERLAP,NCCL,C2_RING_SIMPLE_CH8,2048,512,2048,8,5,2097152,40,0,946.176,1078.560,1259.360,180.800,PASS,0
PHASEB_formal_r1_C2_RING_SIMPLE_CH8_N512_q8_rep3,1,4,1,sm_89,R1_EVENT_OVERLAP,NCCL,C2_RING_SIMPLE_CH8,2048,512,2048,8,6,2097152,40,0,1156.832,1262.656,1430.112,167.456,PASS,0
PHASEB_formal_r1_C2_RING_SIMPLE_CH8_N512_q8_rep3,1,4,1,sm_89,R1_EVENT_OVERLAP,NCCL,C2_RING_SIMPLE_CH8,2048,512,2048,8,7,2097152,40,0,1328.160,1433.440,1580.672,147.232,PASS,0
PHASEB_formal_r1_C2_RING_SIMPLE_CH8_N512_q8_rep3,1,4,1,sm_89,R1_EVENT_OVERLAP,NCCL,C2_RING_SIMPLE_CH8,2048,512,2048,8,0,2097152,41,0,123.168,127.584,314.336,186.752,PASS,0
PHASEB_formal_r1_C2_RING_SIMPLE_CH8_N512_q8_rep3,1,4,1,sm_89,R1_EVENT_OVERLAP,NCCL,C2_RING_SIMPLE_CH8,2048,512,2048,8,1,2097152,41,0,251.520,317.888,510.368,192.480,PASS,0
PHASEB_formal_r1_C2_RING_SIMPLE_CH8_N512_q8_rep3,1,4,1,sm_89,R1_EVENT_OVERLAP,NCCL,C2_RING_SIMPLE_CH8,2048,512,2048,8,2,2097152,41,0,367.552,513.760,695.392,181.632,PASS,0
PHASEB_formal_r1_C2_RING_SIMPLE_CH8_N512_q8_rep3,1,4,1,sm_89,R1_EVENT_OVERLAP,NCCL,C2_RING_SIMPLE_CH8,2048,512,2048,8,3,2097152,41,0,575.104,698.816,881.376,182.560,PASS,0
PHASEB_formal_r1_C2_RING_SIMPLE_CH8_N512_q8_rep3,1,4,1,sm_89,R1_EVENT_OVERLAP,NCCL,C2_RING_SIMPLE_CH8,2048,512,2048,8,4,2097152,41,0,763.392,884.768,1078.784,194.016,PASS,0
PHASEB_formal_r1_C2_RING_SIMPLE_CH8_N512_q8_rep3,1,4,1,sm_89,R1_EVENT_OVERLAP,NCCL,C2_RING_SIMPLE_CH8,2048,512,2048,8,5,2097152,41,0,953.024,1090.528,1268.672,178.144,PASS,0
PHASEB_formal_r1_C2_RING_SIMPLE_CH8_N512_q8_rep3,1,4,1,sm_89,R1_EVENT_OVERLAP,NCCL,C2_RING_SIMPLE_CH8,2048,512,2048,8,6,2097152,41,0,1153.664,1271.904,1438.944,167.040,PASS,0
PHASEB_formal_r1_C2_RING_SIMPLE_CH8_N512_q8_rep3,1,4,1,sm_89,R1_EVENT_OVERLAP,NCCL,C2_RING_SIMPLE_CH8,2048,512,2048,8,7,2097152,41,0,1342.240,1442.272,1590.336,148.064,PASS,0
PHASEB_formal_r1_C2_RING_SIMPLE_CH8_N512_q8_rep3,1,4,1,sm_89,R1_EVENT_OVERLAP,NCCL,C2_RING_SIMPLE_CH8,2048,512,2048,8,0,2097152,42,0,119.552,124.320,306.496,182.176,PASS,0
PHASEB_formal_r1_C2_RING_SIMPLE_CH8_N512_q8_rep3,1,4,1,sm_89,R1_EVENT_OVERLAP,NCCL,C2_RING_SIMPLE_CH8,2048,512,2048,8,1,2097152,42,0,244.640,309.856,487.072,177.216,PASS,0
PHASEB_formal_r1_C2_RING_SIMPLE_CH8_N512_q8_rep3,1,4,1,sm_89,R1_EVENT_OVERLAP,NCCL,C2_RING_SIMPLE_CH8,2048,512,2048,8,2,2097152,42,0,361.184,490.368,675.808,185.440,PASS,0
PHASEB_formal_r1_C2_RING_SIMPLE_CH8_N512_q8_rep3,1,4,1,sm_89,R1_EVENT_OVERLAP,NCCL,C2_RING_SIMPLE_CH8,2048,512,2048,8,3,2097152,42,0,556.544,679.872,866.272,186.400,PASS,0
PHASEB_formal_r1_C2_RING_SIMPLE_CH8_N512_q8_rep3,1,4,1,sm_89,R1_EVENT_OVERLAP,NCCL,C2_RING_SIMPLE_CH8,2048,512,2048,8,4,2097152,42,0,745.632,869.568,1048.224,178.656,PASS,0
PHASEB_formal_r1_C2_RING_SIMPLE_CH8_N512_q8_rep3,1,4,1,sm_89,R1_EVENT_OVERLAP,NCCL,C2_RING_SIMPLE_CH8,2048,512,2048,8,5,2097152,42,0,934.784,1051.744,1240.384,188.640,PASS,0
PHASEB_formal_r1_C2_RING_SIMPLE_CH8_N512_q8_rep3,1,4,1,sm_89,R1_EVENT_OVERLAP,NCCL,C2_RING_SIMPLE_CH8,2048,512,2048,8,6,2097152,42,0,1120.192,1244.448,1411.392,166.944,PASS,0
PHASEB_formal_r1_C2_RING_SIMPLE_CH8_N512_q8_rep3,1,4,1,sm_89,R1_EVENT_OVERLAP,NCCL,C2_RING_SIMPLE_CH8,2048,512,2048,8,7,2097152,42,0,1305.952,1414.752,1561.568,146.816,PASS,0
PHASEB_formal_r1_C2_RING_SIMPLE_CH8_N512_q8_rep3,1,4,1,sm_89,R1_EVENT_OVERLAP,NCCL,C2_RING_SIMPLE_CH8,2048,512,2048,8,0,2097152,43,0,129.280,133.824,317.408,183.584,PASS,0
PHASEB_formal_r1_C2_RING_SIMPLE_CH8_N512_q8_rep3,1,4,1,sm_89,R1_EVENT_OVERLAP,NCCL,C2_RING_SIMPLE_CH8,2048,512,2048,8,1,2097152,43,0,244.128,321.152,501.600,180.448,PASS,0
PHASEB_formal_r1_C2_RING_SIMPLE_CH8_N512_q8_rep3,1,4,1,sm_89,R1_EVENT_OVERLAP,NCCL,C2_RING_SIMPLE_CH8,2048,512,2048,8,2,2097152,43,0,358.976,504.992,690.848,185.856,PASS,0
PHASEB_formal_r1_C2_RING_SIMPLE_CH8_N512_q8_rep3,1,4,1,sm_89,R1_EVENT_OVERLAP,NCCL,C2_RING_SIMPLE_CH8,2048,512,2048,8,3,2097152,43,0,552.896,694.176,872.128,177.952,PASS,0
PHASEB_formal_r1_C2_RING_SIMPLE_CH8_N512_q8_rep3,1,4,1,sm_89,R1_EVENT_OVERLAP,NCCL,C2_RING_SIMPLE_CH8,2048,512,2048,8,4,2097152,43,0,760.000,876.032,1051.264,175.232,PASS,0
PHASEB_formal_r1_C2_RING_SIMPLE_CH8_N512_q8_rep3,1,4,1,sm_89,R1_EVENT_OVERLAP,NCCL,C2_RING_SIMPLE_CH8,2048,512,2048,8,5,2097152,43,0,952.032,1054.720,1243.968,189.248,PASS,0
PHASEB_formal_r1_C2_RING_SIMPLE_CH8_N512_q8_rep3,1,4,1,sm_89,R1_EVENT_OVERLAP,NCCL,C2_RING_SIMPLE_CH8,2048,512,2048,8,6,2097152,43,0,1151.648,1247.616,1424.352,176.736,PASS,0
PHASEB_formal_r1_C2_RING_SIMPLE_CH8_N512_q8_rep3,1,4,1,sm_89,R1_EVENT_OVERLAP,NCCL,C2_RING_SIMPLE_CH8,2048,512,2048,8,7,2097152,43,0,1334.528,1427.680,1576.128,148.448,PASS,0
PHASEB_formal_r1_C2_RING_SIMPLE_CH8_N512_q8_rep3,1,4,1,sm_89,R1_EVENT_OVERLAP,NCCL,C2_RING_SIMPLE_CH8,2048,512,2048,8,0,2097152,44,0,115.328,120.192,301.856,181.664,PASS,0
PHASEB_formal_r1_C2_RING_SIMPLE_CH8_N512_q8_rep3,1,4,1,sm_89,R1_EVENT_OVERLAP,NCCL,C2_RING_SIMPLE_CH8,2048,512,2048,8,1,2097152,44,0,230.400,305.184,487.072,181.888,PASS,0
PHASEB_formal_r1_C2_RING_SIMPLE_CH8_N512_q8_rep3,1,4,1,sm_89,R1_EVENT_OVERLAP,NCCL,C2_RING_SIMPLE_CH8,2048,512,2048,8,2,2097152,44,0,363.520,490.400,666.368,175.968,PASS,0
PHASEB_formal_r1_C2_RING_SIMPLE_CH8_N512_q8_rep3,1,4,1,sm_89,R1_EVENT_OVERLAP,NCCL,C2_RING_SIMPLE_CH8,2048,512,2048,8,3,2097152,44,0,556.448,669.888,848.352,178.464,PASS,0
PHASEB_formal_r1_C2_RING_SIMPLE_CH8_N512_q8_rep3,1,4,1,sm_89,R1_EVENT_OVERLAP,NCCL,C2_RING_SIMPLE_CH8,2048,512,2048,8,4,2097152,44,0,744.160,852.480,1054.272,201.792,PASS,0
PHASEB_formal_r1_C2_RING_SIMPLE_CH8_N512_q8_rep3,1,4,1,sm_89,R1_EVENT_OVERLAP,NCCL,C2_RING_SIMPLE_CH8,2048,512,2048,8,5,2097152,44,0,951.840,1058.144,1241.472,183.328,PASS,0
PHASEB_formal_r1_C2_RING_SIMPLE_CH8_N512_q8_rep3,1,4,1,sm_89,R1_EVENT_OVERLAP,NCCL,C2_RING_SIMPLE_CH8,2048,512,2048,8,6,2097152,44,0,1137.248,1245.280,1412.256,166.976,PASS,0
PHASEB_formal_r1_C2_RING_SIMPLE_CH8_N512_q8_rep3,1,4,1,sm_89,R1_EVENT_OVERLAP,NCCL,C2_RING_SIMPLE_CH8,2048,512,2048,8,7,2097152,44,0,1321.280,1415.584,1562.752,147.168,PASS,0
PHASEB_formal_r1_C2_RING_SIMPLE_CH8_N512_q8_rep3,1,4,1,sm_89,R1_EVENT_OVERLAP,NCCL,C2_RING_SIMPLE_CH8,2048,512,2048,8,0,2097152,45,0,114.912,119.648,307.904,188.256,PASS,0
PHASEB_formal_r1_C2_RING_SIMPLE_CH8_N512_q8_rep3,1,4,1,sm_89,R1_EVENT_OVERLAP,NCCL,C2_RING_SIMPLE_CH8,2048,512,2048,8,1,2097152,45,0,229.632,312.288,488.960,176.672,PASS,0
PHASEB_formal_r1_C2_RING_SIMPLE_CH8_N512_q8_rep3,1,4,1,sm_89,R1_EVENT_OVERLAP,NCCL,C2_RING_SIMPLE_CH8,2048,512,2048,8,2,2097152,45,0,355.616,492.160,669.056,176.896,PASS,0
PHASEB_formal_r1_C2_RING_SIMPLE_CH8_N512_q8_rep3,1,4,1,sm_89,R1_EVENT_OVERLAP,NCCL,C2_RING_SIMPLE_CH8,2048,512,2048,8,3,2097152,45,0,545.856,672.352,856.704,184.352,PASS,0
PHASEB_formal_r1_C2_RING_SIMPLE_CH8_N512_q8_rep3,1,4,1,sm_89,R1_EVENT_OVERLAP,NCCL,C2_RING_SIMPLE_CH8,2048,512,2048,8,4,2097152,45,0,741.216,860.032,1037.376,177.344,PASS,0
PHASEB_formal_r1_C2_RING_SIMPLE_CH8_N512_q8_rep3,1,4,1,sm_89,R1_EVENT_OVERLAP,NCCL,C2_RING_SIMPLE_CH8,2048,512,2048,8,5,2097152,45,0,930.304,1040.800,1223.680,182.880,PASS,0
PHASEB_formal_r1_C2_RING_SIMPLE_CH8_N512_q8_rep3,1,4,1,sm_89,R1_EVENT_OVERLAP,NCCL,C2_RING_SIMPLE_CH8,2048,512,2048,8,6,2097152,45,0,1115.584,1227.520,1393.760,166.240,PASS,0
PHASEB_formal_r1_C2_RING_SIMPLE_CH8_N512_q8_rep3,1,4,1,sm_89,R1_EVENT_OVERLAP,NCCL,C2_RING_SIMPLE_CH8,2048,512,2048,8,7,2097152,45,0,1300.864,1397.120,1545.280,148.160,PASS,0
PHASEB_formal_r1_C2_RING_SIMPLE_CH8_N512_q8_rep3,1,4,1,sm_89,R1_EVENT_OVERLAP,NCCL,C2_RING_SIMPLE_CH8,2048,512,2048,8,0,2097152,46,0,114.432,119.936,303.840,183.904,PASS,0
PHASEB_formal_r1_C2_RING_SIMPLE_CH8_N512_q8_rep3,1,4,1,sm_89,R1_EVENT_OVERLAP,NCCL,C2_RING_SIMPLE_CH8,2048,512,2048,8,1,2097152,46,0,228.768,307.456,488.960,181.504,PASS,0
PHASEB_formal_r1_C2_RING_SIMPLE_CH8_N512_q8_rep3,1,4,1,sm_89,R1_EVENT_OVERLAP,NCCL,C2_RING_SIMPLE_CH8,2048,512,2048,8,2,2097152,46,0,345.984,492.384,676.512,184.128,PASS,0
PHASEB_formal_r1_C2_RING_SIMPLE_CH8_N512_q8_rep3,1,4,1,sm_89,R1_EVENT_OVERLAP,NCCL,C2_RING_SIMPLE_CH8,2048,512,2048,8,3,2097152,46,0,536.832,679.904,857.472,177.568,PASS,0
PHASEB_formal_r1_C2_RING_SIMPLE_CH8_N512_q8_rep3,1,4,1,sm_89,R1_EVENT_OVERLAP,NCCL,C2_RING_SIMPLE_CH8,2048,512,2048,8,4,2097152,46,0,731.296,861.376,1050.368,188.992,PASS,0
PHASEB_formal_r1_C2_RING_SIMPLE_CH8_N512_q8_rep3,1,4,1,sm_89,R1_EVENT_OVERLAP,NCCL,C2_RING_SIMPLE_CH8,2048,512,2048,8,5,2097152,46,0,925.536,1053.824,1236.224,182.400,PASS,0
PHASEB_formal_r1_C2_RING_SIMPLE_CH8_N512_q8_rep3,1,4,1,sm_89,R1_EVENT_OVERLAP,NCCL,C2_RING_SIMPLE_CH8,2048,512,2048,8,6,2097152,46,0,1121.056,1239.904,1406.304,166.400,PASS,0
PHASEB_formal_r1_C2_RING_SIMPLE_CH8_N512_q8_rep3,1,4,1,sm_89,R1_EVENT_OVERLAP,NCCL,C2_RING_SIMPLE_CH8,2048,512,2048,8,7,2097152,46,0,1307.104,1409.632,1557.312,147.680,PASS,0
PHASEB_formal_r1_C2_RING_SIMPLE_CH8_N512_q8_rep3,1,4,1,sm_89,R1_EVENT_OVERLAP,NCCL,C2_RING_SIMPLE_CH8,2048,512,2048,8,0,2097152,47,0,121.376,125.792,310.848,185.056,PASS,0
PHASEB_formal_r1_C2_RING_SIMPLE_CH8_N512_q8_rep3,1,4,1,sm_89,R1_EVENT_OVERLAP,NCCL,C2_RING_SIMPLE_CH8,2048,512,2048,8,1,2097152,47,0,234.560,314.656,500.928,186.272,PASS,0
PHASEB_formal_r1_C2_RING_SIMPLE_CH8_N512_q8_rep3,1,4,1,sm_89,R1_EVENT_OVERLAP,NCCL,C2_RING_SIMPLE_CH8,2048,512,2048,8,2,2097152,47,0,353.792,504.256,701.632,197.376,PASS,0
PHASEB_formal_r1_C2_RING_SIMPLE_CH8_N512_q8_rep3,1,4,1,sm_89,R1_EVENT_OVERLAP,NCCL,C2_RING_SIMPLE_CH8,2048,512,2048,8,3,2097152,47,0,563.456,705.120,901.568,196.448,PASS,0
PHASEB_formal_r1_C2_RING_SIMPLE_CH8_N512_q8_rep3,1,4,1,sm_89,R1_EVENT_OVERLAP,NCCL,C2_RING_SIMPLE_CH8,2048,512,2048,8,4,2097152,47,0,765.568,904.896,1085.280,180.384,PASS,0
PHASEB_formal_r1_C2_RING_SIMPLE_CH8_N512_q8_rep3,1,4,1,sm_89,R1_EVENT_OVERLAP,NCCL,C2_RING_SIMPLE_CH8,2048,512,2048,8,5,2097152,47,0,968.960,1088.736,1269.568,180.832,PASS,0
PHASEB_formal_r1_C2_RING_SIMPLE_CH8_N512_q8_rep3,1,4,1,sm_89,R1_EVENT_OVERLAP,NCCL,C2_RING_SIMPLE_CH8,2048,512,2048,8,6,2097152,47,0,1156.384,1273.280,1439.296,166.016,PASS,0
PHASEB_formal_r1_C2_RING_SIMPLE_CH8_N512_q8_rep3,1,4,1,sm_89,R1_EVENT_OVERLAP,NCCL,C2_RING_SIMPLE_CH8,2048,512,2048,8,7,2097152,47,0,1340.992,1442.624,1590.624,148.000,PASS,0
PHASEB_formal_r1_C2_RING_SIMPLE_CH8_N512_q8_rep3,1,4,1,sm_89,R1_EVENT_OVERLAP,NCCL,C2_RING_SIMPLE_CH8,2048,512,2048,8,0,2097152,48,0,114.816,119.392,306.976,187.584,PASS,0
PHASEB_formal_r1_C2_RING_SIMPLE_CH8_N512_q8_rep3,1,4,1,sm_89,R1_EVENT_OVERLAP,NCCL,C2_RING_SIMPLE_CH8,2048,512,2048,8,1,2097152,48,0,228.672,310.880,490.496,179.616,PASS,0
PHASEB_formal_r1_C2_RING_SIMPLE_CH8_N512_q8_rep3,1,4,1,sm_89,R1_EVENT_OVERLAP,NCCL,C2_RING_SIMPLE_CH8,2048,512,2048,8,2,2097152,48,0,349.312,494.016,673.280,179.264,PASS,0
PHASEB_formal_r1_C2_RING_SIMPLE_CH8_N512_q8_rep3,1,4,1,sm_89,R1_EVENT_OVERLAP,NCCL,C2_RING_SIMPLE_CH8,2048,512,2048,8,3,2097152,48,0,541.568,676.864,852.736,175.872,PASS,0
PHASEB_formal_r1_C2_RING_SIMPLE_CH8_N512_q8_rep3,1,4,1,sm_89,R1_EVENT_OVERLAP,NCCL,C2_RING_SIMPLE_CH8,2048,512,2048,8,4,2097152,48,0,745.600,856.448,1034.944,178.496,PASS,0
PHASEB_formal_r1_C2_RING_SIMPLE_CH8_N512_q8_rep3,1,4,1,sm_89,R1_EVENT_OVERLAP,NCCL,C2_RING_SIMPLE_CH8,2048,512,2048,8,5,2097152,48,0,934.720,1039.200,1223.328,184.128,PASS,0
PHASEB_formal_r1_C2_RING_SIMPLE_CH8_N512_q8_rep3,1,4,1,sm_89,R1_EVENT_OVERLAP,NCCL,C2_RING_SIMPLE_CH8,2048,512,2048,8,6,2097152,48,0,1125.056,1227.264,1401.248,173.984,PASS,0
PHASEB_formal_r1_C2_RING_SIMPLE_CH8_N512_q8_rep3,1,4,1,sm_89,R1_EVENT_OVERLAP,NCCL,C2_RING_SIMPLE_CH8,2048,512,2048,8,7,2097152,48,0,1308.224,1404.608,1551.520,146.912,PASS,0
PHASEB_formal_r1_C2_RING_SIMPLE_CH8_N512_q8_rep3,1,4,1,sm_89,R1_EVENT_OVERLAP,NCCL,C2_RING_SIMPLE_CH8,2048,512,2048,8,0,2097152,49,0,119.104,123.552,308.480,184.928,PASS,0
PHASEB_formal_r1_C2_RING_SIMPLE_CH8_N512_q8_rep3,1,4,1,sm_89,R1_EVENT_OVERLAP,NCCL,C2_RING_SIMPLE_CH8,2048,512,2048,8,1,2097152,49,0,233.376,312.192,489.952,177.760,PASS,0
PHASEB_formal_r1_C2_RING_SIMPLE_CH8_N512_q8_rep3,1,4,1,sm_89,R1_EVENT_OVERLAP,NCCL,C2_RING_SIMPLE_CH8,2048,512,2048,8,2,2097152,49,0,347.040,493.760,670.528,176.768,PASS,0
PHASEB_formal_r1_C2_RING_SIMPLE_CH8_N512_q8_rep3,1,4,1,sm_89,R1_EVENT_OVERLAP,NCCL,C2_RING_SIMPLE_CH8,2048,512,2048,8,3,2097152,49,0,541.472,673.952,851.840,177.888,PASS,0
PHASEB_formal_r1_C2_RING_SIMPLE_CH8_N512_q8_rep3,1,4,1,sm_89,R1_EVENT_OVERLAP,NCCL,C2_RING_SIMPLE_CH8,2048,512,2048,8,4,2097152,49,0,742.624,859.904,1039.392,179.488,PASS,0
PHASEB_formal_r1_C2_RING_SIMPLE_CH8_N512_q8_rep3,1,4,1,sm_89,R1_EVENT_OVERLAP,NCCL,C2_RING_SIMPLE_CH8,2048,512,2048,8,5,2097152,49,0,935.264,1044.256,1234.400,190.144,PASS,0
PHASEB_formal_r1_C2_RING_SIMPLE_CH8_N512_q8_rep3,1,4,1,sm_89,R1_EVENT_OVERLAP,NCCL,C2_RING_SIMPLE_CH8,2048,512,2048,8,6,2097152,49,0,1141.472,1237.664,1417.504,179.840,PASS,0
PHASEB_formal_r1_C2_RING_SIMPLE_CH8_N512_q8_rep3,1,4,1,sm_89,R1_EVENT_OVERLAP,NCCL,C2_RING_SIMPLE_CH8,2048,512,2048,8,7,2097152,49,0,1326.464,1420.832,1568.832,148.000,PASS,0
PHASEB_formal_r1_C2_RING_SIMPLE_CH8_N512_q8_rep3,1,4,1,sm_89,R1_EVENT_OVERLAP,NCCL,C2_RING_SIMPLE_CH8,2048,512,2048,8,0,2097152,50,0,128.928,133.376,320.768,187.392,PASS,0
PHASEB_formal_r1_C2_RING_SIMPLE_CH8_N512_q8_rep3,1,4,1,sm_89,R1_EVENT_OVERLAP,NCCL,C2_RING_SIMPLE_CH8,2048,512,2048,8,1,2097152,50,0,243.520,324.224,506.656,182.432,PASS,0
PHASEB_formal_r1_C2_RING_SIMPLE_CH8_N512_q8_rep3,1,4,1,sm_89,R1_EVENT_OVERLAP,NCCL,C2_RING_SIMPLE_CH8,2048,512,2048,8,2,2097152,50,0,359.904,510.112,700.224,190.112,PASS,0
PHASEB_formal_r1_C2_RING_SIMPLE_CH8_N512_q8_rep3,1,4,1,sm_89,R1_EVENT_OVERLAP,NCCL,C2_RING_SIMPLE_CH8,2048,512,2048,8,3,2097152,50,0,558.528,704.320,885.760,181.440,PASS,0
PHASEB_formal_r1_C2_RING_SIMPLE_CH8_N512_q8_rep3,1,4,1,sm_89,R1_EVENT_OVERLAP,NCCL,C2_RING_SIMPLE_CH8,2048,512,2048,8,4,2097152,50,0,766.720,889.440,1069.056,179.616,PASS,0
PHASEB_formal_r1_C2_RING_SIMPLE_CH8_N512_q8_rep3,1,4,1,sm_89,R1_EVENT_OVERLAP,NCCL,C2_RING_SIMPLE_CH8,2048,512,2048,8,5,2097152,50,0,952.960,1072.800,1266.816,194.016,PASS,0
PHASEB_formal_r1_C2_RING_SIMPLE_CH8_N512_q8_rep3,1,4,1,sm_89,R1_EVENT_OVERLAP,NCCL,C2_RING_SIMPLE_CH8,2048,512,2048,8,6,2097152,50,0,1163.584,1270.496,1437.536,167.040,PASS,0
PHASEB_formal_r1_C2_RING_SIMPLE_CH8_N512_q8_rep3,1,4,1,sm_89,R1_EVENT_OVERLAP,NCCL,C2_RING_SIMPLE_CH8,2048,512,2048,8,7,2097152,50,0,1322.016,1440.864,1587.936,147.072,PASS,0
PHASEB_formal_r1_C2_RING_SIMPLE_CH8_N512_q8_rep3,1,4,1,sm_89,R1_EVENT_OVERLAP,NCCL,C2_RING_SIMPLE_CH8,2048,512,2048,8,0,2097152,51,0,130.208,135.488,318.208,182.720,PASS,0
PHASEB_formal_r1_C2_RING_SIMPLE_CH8_N512_q8_rep3,1,4,1,sm_89,R1_EVENT_OVERLAP,NCCL,C2_RING_SIMPLE_CH8,2048,512,2048,8,1,2097152,51,0,244.768,322.400,500.192,177.792,PASS,0
PHASEB_formal_r1_C2_RING_SIMPLE_CH8_N512_q8_rep3,1,4,1,sm_89,R1_EVENT_OVERLAP,NCCL,C2_RING_SIMPLE_CH8,2048,512,2048,8,2,2097152,51,0,360.608,503.904,686.752,182.848,PASS,0
PHASEB_formal_r1_C2_RING_SIMPLE_CH8_N512_q8_rep3,1,4,1,sm_89,R1_EVENT_OVERLAP,NCCL,C2_RING_SIMPLE_CH8,2048,512,2048,8,3,2097152,51,0,552.768,690.528,866.816,176.288,PASS,0
PHASEB_formal_r1_C2_RING_SIMPLE_CH8_N512_q8_rep3,1,4,1,sm_89,R1_EVENT_OVERLAP,NCCL,C2_RING_SIMPLE_CH8,2048,512,2048,8,4,2097152,51,0,760.576,870.336,1049.472,179.136,PASS,0
PHASEB_formal_r1_C2_RING_SIMPLE_CH8_N512_q8_rep3,1,4,1,sm_89,R1_EVENT_OVERLAP,NCCL,C2_RING_SIMPLE_CH8,2048,512,2048,8,5,2097152,51,0,953.824,1052.736,1242.816,190.080,PASS,0
PHASEB_formal_r1_C2_RING_SIMPLE_CH8_N512_q8_rep3,1,4,1,sm_89,R1_EVENT_OVERLAP,NCCL,C2_RING_SIMPLE_CH8,2048,512,2048,8,6,2097152,51,0,1144.000,1246.592,1424.768,178.176,PASS,0
PHASEB_formal_r1_C2_RING_SIMPLE_CH8_N512_q8_rep3,1,4,1,sm_89,R1_EVENT_OVERLAP,NCCL,C2_RING_SIMPLE_CH8,2048,512,2048,8,7,2097152,51,0,1334.912,1428.128,1576.320,148.192,PASS,0
PHASEB_formal_r1_C2_RING_SIMPLE_CH8_N512_q8_rep3,1,4,1,sm_89,R1_EVENT_OVERLAP,NCCL,C2_RING_SIMPLE_CH8,2048,512,2048,8,0,2097152,52,0,129.984,134.304,321.120,186.816,PASS,0
PHASEB_formal_r1_C2_RING_SIMPLE_CH8_N512_q8_rep3,1,4,1,sm_89,R1_EVENT_OVERLAP,NCCL,C2_RING_SIMPLE_CH8,2048,512,2048,8,1,2097152,52,0,243.200,324.544,509.408,184.864,PASS,0
PHASEB_formal_r1_C2_RING_SIMPLE_CH8_N512_q8_rep3,1,4,1,sm_89,R1_EVENT_OVERLAP,NCCL,C2_RING_SIMPLE_CH8,2048,512,2048,8,2,2097152,52,0,357.888,513.056,694.816,181.760,PASS,0
PHASEB_formal_r1_C2_RING_SIMPLE_CH8_N512_q8_rep3,1,4,1,sm_89,R1_EVENT_OVERLAP,NCCL,C2_RING_SIMPLE_CH8,2048,512,2048,8,3,2097152,52,0,553.408,698.208,876.544,178.336,PASS,0
PHASEB_formal_r1_C2_RING_SIMPLE_CH8_N512_q8_rep3,1,4,1,sm_89,R1_EVENT_OVERLAP,NCCL,C2_RING_SIMPLE_CH8,2048,512,2048,8,4,2097152,52,0,748.544,879.936,1069.408,189.472,PASS,0
PHASEB_formal_r1_C2_RING_SIMPLE_CH8_N512_q8_rep3,1,4,1,sm_89,R1_EVENT_OVERLAP,NCCL,C2_RING_SIMPLE_CH8,2048,512,2048,8,5,2097152,52,0,941.248,1072.800,1262.496,189.696,PASS,0
PHASEB_formal_r1_C2_RING_SIMPLE_CH8_N512_q8_rep3,1,4,1,sm_89,R1_EVENT_OVERLAP,NCCL,C2_RING_SIMPLE_CH8,2048,512,2048,8,6,2097152,52,0,1143.872,1265.920,1432.800,166.880,PASS,0
PHASEB_formal_r1_C2_RING_SIMPLE_CH8_N512_q8_rep3,1,4,1,sm_89,R1_EVENT_OVERLAP,NCCL,C2_RING_SIMPLE_CH8,2048,512,2048,8,7,2097152,52,0,1327.488,1436.064,1583.168,147.104,PASS,0
PHASEB_formal_r1_C2_RING_SIMPLE_CH8_N512_q8_rep3,1,4,1,sm_89,R1_EVENT_OVERLAP,NCCL,C2_RING_SIMPLE_CH8,2048,512,2048,8,0,2097152,53,0,119.328,124.640,311.072,186.432,PASS,0
PHASEB_formal_r1_C2_RING_SIMPLE_CH8_N512_q8_rep3,1,4,1,sm_89,R1_EVENT_OVERLAP,NCCL,C2_RING_SIMPLE_CH8,2048,512,2048,8,1,2097152,53,0,234.848,314.464,496.288,181.824,PASS,0
PHASEB_formal_r1_C2_RING_SIMPLE_CH8_N512_q8_rep3,1,4,1,sm_89,R1_EVENT_OVERLAP,NCCL,C2_RING_SIMPLE_CH8,2048,512,2048,8,2,2097152,53,0,352.736,499.840,688.192,188.352,PASS,0
PHASEB_formal_r1_C2_RING_SIMPLE_CH8_N512_q8_rep3,1,4,1,sm_89,R1_EVENT_OVERLAP,NCCL,C2_RING_SIMPLE_CH8,2048,512,2048,8,3,2097152,53,0,542.816,691.616,873.216,181.600,PASS,0
PHASEB_formal_r1_C2_RING_SIMPLE_CH8_N512_q8_rep3,1,4,1,sm_89,R1_EVENT_OVERLAP,NCCL,C2_RING_SIMPLE_CH8,2048,512,2048,8,4,2097152,53,0,746.656,876.640,1058.528,181.888,PASS,0
PHASEB_formal_r1_C2_RING_SIMPLE_CH8_N512_q8_rep3,1,4,1,sm_89,R1_EVENT_OVERLAP,NCCL,C2_RING_SIMPLE_CH8,2048,512,2048,8,5,2097152,53,0,936.448,1062.336,1241.056,178.720,PASS,0
PHASEB_formal_r1_C2_RING_SIMPLE_CH8_N512_q8_rep3,1,4,1,sm_89,R1_EVENT_OVERLAP,NCCL,C2_RING_SIMPLE_CH8,2048,512,2048,8,6,2097152,53,0,1127.168,1244.384,1411.520,167.136,PASS,0
PHASEB_formal_r1_C2_RING_SIMPLE_CH8_N512_q8_rep3,1,4,1,sm_89,R1_EVENT_OVERLAP,NCCL,C2_RING_SIMPLE_CH8,2048,512,2048,8,7,2097152,53,0,1314.688,1415.296,1563.104,147.808,PASS,0
PHASEB_formal_r1_C2_RING_SIMPLE_CH8_N512_q8_rep3,1,4,1,sm_89,R1_EVENT_OVERLAP,NCCL,C2_RING_SIMPLE_CH8,2048,512,2048,8,0,2097152,54,0,120.480,125.600,313.696,188.096,PASS,0
PHASEB_formal_r1_C2_RING_SIMPLE_CH8_N512_q8_rep3,1,4,1,sm_89,R1_EVENT_OVERLAP,NCCL,C2_RING_SIMPLE_CH8,2048,512,2048,8,1,2097152,54,0,233.408,317.088,496.480,179.392,PASS,0
PHASEB_formal_r1_C2_RING_SIMPLE_CH8_N512_q8_rep3,1,4,1,sm_89,R1_EVENT_OVERLAP,NCCL,C2_RING_SIMPLE_CH8,2048,512,2048,8,2,2097152,54,0,354.720,500.416,684.192,183.776,PASS,0
PHASEB_formal_r1_C2_RING_SIMPLE_CH8_N512_q8_rep3,1,4,1,sm_89,R1_EVENT_OVERLAP,NCCL,C2_RING_SIMPLE_CH8,2048,512,2048,8,3,2097152,54,0,547.328,687.584,868.160,180.576,PASS,0
PHASEB_formal_r1_C2_RING_SIMPLE_CH8_N512_q8_rep3,1,4,1,sm_89,R1_EVENT_OVERLAP,NCCL,C2_RING_SIMPLE_CH8,2048,512,2048,8,4,2097152,54,0,741.056,871.520,1070.208,198.688,PASS,0
PHASEB_formal_r1_C2_RING_SIMPLE_CH8_N512_q8_rep3,1,4,1,sm_89,R1_EVENT_OVERLAP,NCCL,C2_RING_SIMPLE_CH8,2048,512,2048,8,5,2097152,54,0,930.464,1073.600,1254.592,180.992,PASS,0
PHASEB_formal_r1_C2_RING_SIMPLE_CH8_N512_q8_rep3,1,4,1,sm_89,R1_EVENT_OVERLAP,NCCL,C2_RING_SIMPLE_CH8,2048,512,2048,8,6,2097152,54,0,1136.032,1257.952,1424.032,166.080,PASS,0
PHASEB_formal_r1_C2_RING_SIMPLE_CH8_N512_q8_rep3,1,4,1,sm_89,R1_EVENT_OVERLAP,NCCL,C2_RING_SIMPLE_CH8,2048,512,2048,8,7,2097152,54,0,1321.024,1427.328,1574.240,146.912,PASS,0
PHASEB_formal_r1_C2_RING_SIMPLE_CH8_N512_q8_rep3,1,4,1,sm_89,R1_EVENT_OVERLAP,NCCL,C2_RING_SIMPLE_CH8,2048,512,2048,8,0,2097152,55,0,122.656,129.120,310.592,181.472,PASS,0
PHASEB_formal_r1_C2_RING_SIMPLE_CH8_N512_q8_rep3,1,4,1,sm_89,R1_EVENT_OVERLAP,NCCL,C2_RING_SIMPLE_CH8,2048,512,2048,8,1,2097152,55,0,236.064,314.176,492.160,177.984,PASS,0
PHASEB_formal_r1_C2_RING_SIMPLE_CH8_N512_q8_rep3,1,4,1,sm_89,R1_EVENT_OVERLAP,NCCL,C2_RING_SIMPLE_CH8,2048,512,2048,8,2,2097152,55,0,351.872,495.616,681.184,185.568,PASS,0
PHASEB_formal_r1_C2_RING_SIMPLE_CH8_N512_q8_rep3,1,4,1,sm_89,R1_EVENT_OVERLAP,NCCL,C2_RING_SIMPLE_CH8,2048,512,2048,8,3,2097152,55,0,555.296,684.576,862.144,177.568,PASS,0
PHASEB_formal_r1_C2_RING_SIMPLE_CH8_N512_q8_rep3,1,4,1,sm_89,R1_EVENT_OVERLAP,NCCL,C2_RING_SIMPLE_CH8,2048,512,2048,8,4,2097152,55,0,748.288,867.040,1063.040,196.000,PASS,0
PHASEB_formal_r1_C2_RING_SIMPLE_CH8_N512_q8_rep3,1,4,1,sm_89,R1_EVENT_OVERLAP,NCCL,C2_RING_SIMPLE_CH8,2048,512,2048,8,5,2097152,55,0,964.544,1066.816,1253.984,187.168,PASS,0
PHASEB_formal_r1_C2_RING_SIMPLE_CH8_N512_q8_rep3,1,4,1,sm_89,R1_EVENT_OVERLAP,NCCL,C2_RING_SIMPLE_CH8,2048,512,2048,8,6,2097152,55,0,1154.752,1257.344,1455.776,198.432,PASS,0
PHASEB_formal_r1_C2_RING_SIMPLE_CH8_N512_q8_rep3,1,4,1,sm_89,R1_EVENT_OVERLAP,NCCL,C2_RING_SIMPLE_CH8,2048,512,2048,8,7,2097152,55,0,1365.504,1459.136,1607.488,148.352,PASS,0
PHASEB_formal_r1_C2_RING_SIMPLE_CH8_N512_q8_rep3,1,4,1,sm_89,R1_EVENT_OVERLAP,NCCL,C2_RING_SIMPLE_CH8,2048,512,2048,8,0,2097152,56,0,123.808,129.024,316.032,187.008,PASS,0
PHASEB_formal_r1_C2_RING_SIMPLE_CH8_N512_q8_rep3,1,4,1,sm_89,R1_EVENT_OVERLAP,NCCL,C2_RING_SIMPLE_CH8,2048,512,2048,8,1,2097152,56,0,240.448,319.456,501.664,182.208,PASS,0
PHASEB_formal_r1_C2_RING_SIMPLE_CH8_N512_q8_rep3,1,4,1,sm_89,R1_EVENT_OVERLAP,NCCL,C2_RING_SIMPLE_CH8,2048,512,2048,8,2,2097152,56,0,355.936,505.344,687.584,182.240,PASS,0
PHASEB_formal_r1_C2_RING_SIMPLE_CH8_N512_q8_rep3,1,4,1,sm_89,R1_EVENT_OVERLAP,NCCL,C2_RING_SIMPLE_CH8,2048,512,2048,8,3,2097152,56,0,547.392,691.360,868.352,176.992,PASS,0
PHASEB_formal_r1_C2_RING_SIMPLE_CH8_N512_q8_rep3,1,4,1,sm_89,R1_EVENT_OVERLAP,NCCL,C2_RING_SIMPLE_CH8,2048,512,2048,8,4,2097152,56,0,739.936,878.880,1056.160,177.280,PASS,0
PHASEB_formal_r1_C2_RING_SIMPLE_CH8_N512_q8_rep3,1,4,1,sm_89,R1_EVENT_OVERLAP,NCCL,C2_RING_SIMPLE_CH8,2048,512,2048,8,5,2097152,56,0,946.368,1059.584,1236.704,177.120,PASS,0
PHASEB_formal_r1_C2_RING_SIMPLE_CH8_N512_q8_rep3,1,4,1,sm_89,R1_EVENT_OVERLAP,NCCL,C2_RING_SIMPLE_CH8,2048,512,2048,8,6,2097152,56,0,1130.336,1242.912,1416.384,173.472,PASS,0
PHASEB_formal_r1_C2_RING_SIMPLE_CH8_N512_q8_rep3,1,4,1,sm_89,R1_EVENT_OVERLAP,NCCL,C2_RING_SIMPLE_CH8,2048,512,2048,8,7,2097152,56,0,1322.272,1419.712,1567.168,147.456,PASS,0
PHASEB_formal_r1_C2_RING_SIMPLE_CH8_N512_q8_rep3,1,4,1,sm_89,R1_EVENT_OVERLAP,NCCL,C2_RING_SIMPLE_CH8,2048,512,2048,8,0,2097152,57,0,115.744,120.224,304.288,184.064,PASS,0
PHASEB_formal_r1_C2_RING_SIMPLE_CH8_N512_q8_rep3,1,4,1,sm_89,R1_EVENT_OVERLAP,NCCL,C2_RING_SIMPLE_CH8,2048,512,2048,8,1,2097152,57,0,228.608,307.712,489.440,181.728,PASS,0
PHASEB_formal_r1_C2_RING_SIMPLE_CH8_N512_q8_rep3,1,4,1,sm_89,R1_EVENT_OVERLAP,NCCL,C2_RING_SIMPLE_CH8,2048,512,2048,8,2,2097152,57,0,352.608,492.896,666.880,173.984,PASS,0
PHASEB_formal_r1_C2_RING_SIMPLE_CH8_N512_q8_rep3,1,4,1,sm_89,R1_EVENT_OVERLAP,NCCL,C2_RING_SIMPLE_CH8,2048,512,2048,8,3,2097152,57,0,545.952,670.720,848.000,177.280,PASS,0
PHASEB_formal_r1_C2_RING_SIMPLE_CH8_N512_q8_rep3,1,4,1,sm_89,R1_EVENT_OVERLAP,NCCL,C2_RING_SIMPLE_CH8,2048,512,2048,8,4,2097152,57,0,739.776,851.392,1027.936,176.544,PASS,0
PHASEB_formal_r1_C2_RING_SIMPLE_CH8_N512_q8_rep3,1,4,1,sm_89,R1_EVENT_OVERLAP,NCCL,C2_RING_SIMPLE_CH8,2048,512,2048,8,5,2097152,57,0,925.632,1031.264,1216.736,185.472,PASS,0
PHASEB_formal_r1_C2_RING_SIMPLE_CH8_N512_q8_rep3,1,4,1,sm_89,R1_EVENT_OVERLAP,NCCL,C2_RING_SIMPLE_CH8,2048,512,2048,8,6,2097152,57,0,1114.816,1220.096,1398.528,178.432,PASS,0
PHASEB_formal_r1_C2_RING_SIMPLE_CH8_N512_q8_rep3,1,4,1,sm_89,R1_EVENT_OVERLAP,NCCL,C2_RING_SIMPLE_CH8,2048,512,2048,8,7,2097152,57,0,1307.936,1401.856,1550.048,148.192,PASS,0
PHASEB_formal_r1_C2_RING_SIMPLE_CH8_N512_q8_rep3,1,4,1,sm_89,R1_EVENT_OVERLAP,NCCL,C2_RING_SIMPLE_CH8,2048,512,2048,8,0,2097152,58,0,127.840,133.024,316.384,183.360,PASS,0
PHASEB_formal_r1_C2_RING_SIMPLE_CH8_N512_q8_rep3,1,4,1,sm_89,R1_EVENT_OVERLAP,NCCL,C2_RING_SIMPLE_CH8,2048,512,2048,8,1,2097152,58,0,242.336,319.776,502.496,182.720,PASS,0
PHASEB_formal_r1_C2_RING_SIMPLE_CH8_N512_q8_rep3,1,4,1,sm_89,R1_EVENT_OVERLAP,NCCL,C2_RING_SIMPLE_CH8,2048,512,2048,8,2,2097152,58,0,358.592,506.048,683.584,177.536,PASS,0
PHASEB_formal_r1_C2_RING_SIMPLE_CH8_N512_q8_rep3,1,4,1,sm_89,R1_EVENT_OVERLAP,NCCL,C2_RING_SIMPLE_CH8,2048,512,2048,8,3,2097152,58,0,554.080,686.944,861.920,174.976,PASS,0
PHASEB_formal_r1_C2_RING_SIMPLE_CH8_N512_q8_rep3,1,4,1,sm_89,R1_EVENT_OVERLAP,NCCL,C2_RING_SIMPLE_CH8,2048,512,2048,8,4,2097152,58,0,745.280,865.344,1057.152,191.808,PASS,0
PHASEB_formal_r1_C2_RING_SIMPLE_CH8_N512_q8_rep3,1,4,1,sm_89,R1_EVENT_OVERLAP,NCCL,C2_RING_SIMPLE_CH8,2048,512,2048,8,5,2097152,58,0,935.616,1060.416,1253.952,193.536,PASS,0
PHASEB_formal_r1_C2_RING_SIMPLE_CH8_N512_q8_rep3,1,4,1,sm_89,R1_EVENT_OVERLAP,NCCL,C2_RING_SIMPLE_CH8,2048,512,2048,8,6,2097152,58,0,1130.112,1257.344,1429.952,172.608,PASS,0
PHASEB_formal_r1_C2_RING_SIMPLE_CH8_N512_q8_rep3,1,4,1,sm_89,R1_EVENT_OVERLAP,NCCL,C2_RING_SIMPLE_CH8,2048,512,2048,8,7,2097152,58,0,1339.648,1433.280,1580.832,147.552,PASS,0
PHASEB_formal_r1_C2_RING_SIMPLE_CH8_N512_q8_rep3,1,4,1,sm_89,R1_EVENT_OVERLAP,NCCL,C2_RING_SIMPLE_CH8,2048,512,2048,8,0,2097152,59,0,120.288,124.736,307.936,183.200,PASS,0
PHASEB_formal_r1_C2_RING_SIMPLE_CH8_N512_q8_rep3,1,4,1,sm_89,R1_EVENT_OVERLAP,NCCL,C2_RING_SIMPLE_CH8,2048,512,2048,8,1,2097152,59,0,234.816,311.232,489.856,178.624,PASS,0
PHASEB_formal_r1_C2_RING_SIMPLE_CH8_N512_q8_rep3,1,4,1,sm_89,R1_EVENT_OVERLAP,NCCL,C2_RING_SIMPLE_CH8,2048,512,2048,8,2,2097152,59,0,349.632,493.472,672.160,178.688,PASS,0
PHASEB_formal_r1_C2_RING_SIMPLE_CH8_N512_q8_rep3,1,4,1,sm_89,R1_EVENT_OVERLAP,NCCL,C2_RING_SIMPLE_CH8,2048,512,2048,8,3,2097152,59,0,540.992,675.616,867.392,191.776,PASS,0
PHASEB_formal_r1_C2_RING_SIMPLE_CH8_N512_q8_rep3,1,4,1,sm_89,R1_EVENT_OVERLAP,NCCL,C2_RING_SIMPLE_CH8,2048,512,2048,8,4,2097152,59,0,732.768,871.680,1051.904,180.224,PASS,0
PHASEB_formal_r1_C2_RING_SIMPLE_CH8_N512_q8_rep3,1,4,1,sm_89,R1_EVENT_OVERLAP,NCCL,C2_RING_SIMPLE_CH8,2048,512,2048,8,5,2097152,59,0,934.560,1055.552,1232.608,177.056,PASS,0
PHASEB_formal_r1_C2_RING_SIMPLE_CH8_N512_q8_rep3,1,4,1,sm_89,R1_EVENT_OVERLAP,NCCL,C2_RING_SIMPLE_CH8,2048,512,2048,8,6,2097152,59,0,1118.816,1236.000,1407.968,171.968,PASS,0
PHASEB_formal_r1_C2_RING_SIMPLE_CH8_N512_q8_rep3,1,4,1,sm_89,R1_EVENT_OVERLAP,NCCL,C2_RING_SIMPLE_CH8,2048,512,2048,8,7,2097152,59,0,1318.560,1411.296,1559.680,148.384,PASS,0
PHASEB_formal_r1_C2_RING_SIMPLE_CH8_N512_q8_rep3,1,4,1,sm_89,R1_EVENT_OVERLAP,NCCL,C2_RING_SIMPLE_CH8,2048,512,2048,8,0,2097152,60,0,119.232,124.064,310.080,186.016,PASS,0
PHASEB_formal_r1_C2_RING_SIMPLE_CH8_N512_q8_rep3,1,4,1,sm_89,R1_EVENT_OVERLAP,NCCL,C2_RING_SIMPLE_CH8,2048,512,2048,8,1,2097152,60,0,247.296,313.760,497.536,183.776,PASS,0
PHASEB_formal_r1_C2_RING_SIMPLE_CH8_N512_q8_rep3,1,4,1,sm_89,R1_EVENT_OVERLAP,NCCL,C2_RING_SIMPLE_CH8,2048,512,2048,8,2,2097152,60,0,362.944,500.768,680.192,179.424,PASS,0
PHASEB_formal_r1_C2_RING_SIMPLE_CH8_N512_q8_rep3,1,4,1,sm_89,R1_EVENT_OVERLAP,NCCL,C2_RING_SIMPLE_CH8,2048,512,2048,8,3,2097152,60,0,552.448,683.488,858.976,175.488,PASS,0
PHASEB_formal_r1_C2_RING_SIMPLE_CH8_N512_q8_rep3,1,4,1,sm_89,R1_EVENT_OVERLAP,NCCL,C2_RING_SIMPLE_CH8,2048,512,2048,8,4,2097152,60,0,753.216,863.712,1041.664,177.952,PASS,0
PHASEB_formal_r1_C2_RING_SIMPLE_CH8_N512_q8_rep3,1,4,1,sm_89,R1_EVENT_OVERLAP,NCCL,C2_RING_SIMPLE_CH8,2048,512,2048,8,5,2097152,60,0,939.872,1045.216,1229.184,183.968,PASS,0
PHASEB_formal_r1_C2_RING_SIMPLE_CH8_N512_q8_rep3,1,4,1,sm_89,R1_EVENT_OVERLAP,NCCL,C2_RING_SIMPLE_CH8,2048,512,2048,8,6,2097152,60,0,1127.232,1233.056,1417.376,184.320,PASS,0
PHASEB_formal_r1_C2_RING_SIMPLE_CH8_N512_q8_rep3,1,4,1,sm_89,R1_EVENT_OVERLAP,NCCL,C2_RING_SIMPLE_CH8,2048,512,2048,8,7,2097152,60,0,1329.664,1420.704,1568.320,147.616,PASS,0
PHASEB_formal_r1_C2_RING_SIMPLE_CH8_N512_q8_rep3,1,4,1,sm_89,R1_EVENT_OVERLAP,NCCL,C2_RING_SIMPLE_CH8,2048,512,2048,8,0,2097152,61,0,119.488,124.416,310.400,185.984,PASS,0
PHASEB_formal_r1_C2_RING_SIMPLE_CH8_N512_q8_rep3,1,4,1,sm_89,R1_EVENT_OVERLAP,NCCL,C2_RING_SIMPLE_CH8,2048,512,2048,8,1,2097152,61,0,235.136,313.760,497.120,183.360,PASS,0
PHASEB_formal_r1_C2_RING_SIMPLE_CH8_N512_q8_rep3,1,4,1,sm_89,R1_EVENT_OVERLAP,NCCL,C2_RING_SIMPLE_CH8,2048,512,2048,8,2,2097152,61,0,349.184,500.768,680.768,180.000,PASS,0
PHASEB_formal_r1_C2_RING_SIMPLE_CH8_N512_q8_rep3,1,4,1,sm_89,R1_EVENT_OVERLAP,NCCL,C2_RING_SIMPLE_CH8,2048,512,2048,8,3,2097152,61,0,542.016,684.064,862.656,178.592,PASS,0
PHASEB_formal_r1_C2_RING_SIMPLE_CH8_N512_q8_rep3,1,4,1,sm_89,R1_EVENT_OVERLAP,NCCL,C2_RING_SIMPLE_CH8,2048,512,2048,8,4,2097152,61,0,734.912,866.368,1048.768,182.400,PASS,0
PHASEB_formal_r1_C2_RING_SIMPLE_CH8_N512_q8_rep3,1,4,1,sm_89,R1_EVENT_OVERLAP,NCCL,C2_RING_SIMPLE_CH8,2048,512,2048,8,5,2097152,61,0,929.472,1052.128,1240.128,188.000,PASS,0
PHASEB_formal_r1_C2_RING_SIMPLE_CH8_N512_q8_rep3,1,4,1,sm_89,R1_EVENT_OVERLAP,NCCL,C2_RING_SIMPLE_CH8,2048,512,2048,8,6,2097152,61,0,1115.904,1243.456,1410.272,166.816,PASS,0
PHASEB_formal_r1_C2_RING_SIMPLE_CH8_N512_q8_rep3,1,4,1,sm_89,R1_EVENT_OVERLAP,NCCL,C2_RING_SIMPLE_CH8,2048,512,2048,8,7,2097152,61,0,1310.208,1413.632,1562.176,148.544,PASS,0
PHASEB_formal_r1_C2_RING_SIMPLE_CH8_N512_q8_rep3,1,4,1,sm_89,R1_EVENT_OVERLAP,NCCL,C2_RING_SIMPLE_CH8,2048,512,2048,8,0,2097152,62,0,129.216,134.336,317.920,183.584,PASS,0
PHASEB_formal_r1_C2_RING_SIMPLE_CH8_N512_q8_rep3,1,4,1,sm_89,R1_EVENT_OVERLAP,NCCL,C2_RING_SIMPLE_CH8,2048,512,2048,8,1,2097152,62,0,242.656,321.312,504.896,183.584,PASS,0
PHASEB_formal_r1_C2_RING_SIMPLE_CH8_N512_q8_rep3,1,4,1,sm_89,R1_EVENT_OVERLAP,NCCL,C2_RING_SIMPLE_CH8,2048,512,2048,8,2,2097152,62,0,357.120,508.160,683.136,174.976,PASS,0
PHASEB_formal_r1_C2_RING_SIMPLE_CH8_N512_q8_rep3,1,4,1,sm_89,R1_EVENT_OVERLAP,NCCL,C2_RING_SIMPLE_CH8,2048,512,2048,8,3,2097152,62,0,563.168,686.848,875.104,188.256,PASS,0
PHASEB_formal_r1_C2_RING_SIMPLE_CH8_N512_q8_rep3,1,4,1,sm_89,R1_EVENT_OVERLAP,NCCL,C2_RING_SIMPLE_CH8,2048,512,2048,8,4,2097152,62,0,755.328,881.696,1056.512,174.816,PASS,0
PHASEB_formal_r1_C2_RING_SIMPLE_CH8_N512_q8_rep3,1,4,1,sm_89,R1_EVENT_OVERLAP,NCCL,C2_RING_SIMPLE_CH8,2048,512,2048,8,5,2097152,62,0,951.648,1060.256,1249.088,188.832,PASS,0
PHASEB_formal_r1_C2_RING_SIMPLE_CH8_N512_q8_rep3,1,4,1,sm_89,R1_EVENT_OVERLAP,NCCL,C2_RING_SIMPLE_CH8,2048,512,2048,8,6,2097152,62,0,1149.408,1252.352,1428.896,176.544,PASS,0
PHASEB_formal_r1_C2_RING_SIMPLE_CH8_N512_q8_rep3,1,4,1,sm_89,R1_EVENT_OVERLAP,NCCL,C2_RING_SIMPLE_CH8,2048,512,2048,8,7,2097152,62,0,1339.520,1432.224,1579.328,147.104,PASS,0
PHASEB_formal_r1_C2_RING_SIMPLE_CH8_N512_q8_rep3,1,4,1,sm_89,R1_EVENT_OVERLAP,NCCL,C2_RING_SIMPLE_CH8,2048,512,2048,8,0,2097152,63,0,119.360,123.744,309.568,185.824,PASS,0
PHASEB_formal_r1_C2_RING_SIMPLE_CH8_N512_q8_rep3,1,4,1,sm_89,R1_EVENT_OVERLAP,NCCL,C2_RING_SIMPLE_CH8,2048,512,2048,8,1,2097152,63,0,233.024,313.280,494.528,181.248,PASS,0
PHASEB_formal_r1_C2_RING_SIMPLE_CH8_N512_q8_rep3,1,4,1,sm_89,R1_EVENT_OVERLAP,NCCL,C2_RING_SIMPLE_CH8,2048,512,2048,8,2,2097152,63,0,350.240,498.400,688.960,190.560,PASS,0
PHASEB_formal_r1_C2_RING_SIMPLE_CH8_N512_q8_rep3,1,4,1,sm_89,R1_EVENT_OVERLAP,NCCL,C2_RING_SIMPLE_CH8,2048,512,2048,8,3,2097152,63,0,547.808,692.352,870.624,178.272,PASS,0
PHASEB_formal_r1_C2_RING_SIMPLE_CH8_N512_q8_rep3,1,4,1,sm_89,R1_EVENT_OVERLAP,NCCL,C2_RING_SIMPLE_CH8,2048,512,2048,8,4,2097152,63,0,743.040,874.208,1056.448,182.240,PASS,0
PHASEB_formal_r1_C2_RING_SIMPLE_CH8_N512_q8_rep3,1,4,1,sm_89,R1_EVENT_OVERLAP,NCCL,C2_RING_SIMPLE_CH8,2048,512,2048,8,5,2097152,63,0,933.984,1061.088,1240.160,179.072,PASS,0
PHASEB_formal_r1_C2_RING_SIMPLE_CH8_N512_q8_rep3,1,4,1,sm_89,R1_EVENT_OVERLAP,NCCL,C2_RING_SIMPLE_CH8,2048,512,2048,8,6,2097152,63,0,1122.400,1243.488,1410.880,167.392,PASS,0
PHASEB_formal_r1_C2_RING_SIMPLE_CH8_N512_q8_rep3,1,4,1,sm_89,R1_EVENT_OVERLAP,NCCL,C2_RING_SIMPLE_CH8,2048,512,2048,8,7,2097152,63,0,1314.816,1414.240,1562.400,148.160,PASS,0
PHASEB_formal_r1_C2_RING_SIMPLE_CH8_N512_q8_rep3,1,4,1,sm_89,R1_EVENT_OVERLAP,NCCL,C2_RING_SIMPLE_CH8,2048,512,2048,8,0,2097152,64,0,123.008,127.488,310.304,182.816,PASS,0
PHASEB_formal_r1_C2_RING_SIMPLE_CH8_N512_q8_rep3,1,4,1,sm_89,R1_EVENT_OVERLAP,NCCL,C2_RING_SIMPLE_CH8,2048,512,2048,8,1,2097152,64,0,238.528,313.920,493.056,179.136,PASS,0
PHASEB_formal_r1_C2_RING_SIMPLE_CH8_N512_q8_rep3,1,4,1,sm_89,R1_EVENT_OVERLAP,NCCL,C2_RING_SIMPLE_CH8,2048,512,2048,8,2,2097152,64,0,353.408,496.576,675.520,178.944,PASS,0
PHASEB_formal_r1_C2_RING_SIMPLE_CH8_N512_q8_rep3,1,4,1,sm_89,R1_EVENT_OVERLAP,NCCL,C2_RING_SIMPLE_CH8,2048,512,2048,8,3,2097152,64,0,546.912,678.976,858.272,179.296,PASS,0
PHASEB_formal_r1_C2_RING_SIMPLE_CH8_N512_q8_rep3,1,4,1,sm_89,R1_EVENT_OVERLAP,NCCL,C2_RING_SIMPLE_CH8,2048,512,2048,8,4,2097152,64,0,738.400,861.856,1047.168,185.312,PASS,0
PHASEB_formal_r1_C2_RING_SIMPLE_CH8_N512_q8_rep3,1,4,1,sm_89,R1_EVENT_OVERLAP,NCCL,C2_RING_SIMPLE_CH8,2048,512,2048,8,5,2097152,64,0,941.696,1053.792,1255.520,201.728,PASS,0
PHASEB_formal_r1_C2_RING_SIMPLE_CH8_N512_q8_rep3,1,4,1,sm_89,R1_EVENT_OVERLAP,NCCL,C2_RING_SIMPLE_CH8,2048,512,2048,8,6,2097152,64,0,1148.416,1258.816,1431.488,172.672,PASS,0
PHASEB_formal_r1_C2_RING_SIMPLE_CH8_N512_q8_rep3,1,4,1,sm_89,R1_EVENT_OVERLAP,NCCL,C2_RING_SIMPLE_CH8,2048,512,2048,8,7,2097152,64,0,1334.656,1434.816,1581.888,147.072,PASS,0
PHASEB_formal_r1_C2_RING_SIMPLE_CH8_N512_q8_rep3,1,4,1,sm_89,R1_EVENT_OVERLAP,NCCL,C2_RING_SIMPLE_CH8,2048,512,2048,8,0,2097152,65,0,119.584,124.352,307.136,182.784,PASS,0
PHASEB_formal_r1_C2_RING_SIMPLE_CH8_N512_q8_rep3,1,4,1,sm_89,R1_EVENT_OVERLAP,NCCL,C2_RING_SIMPLE_CH8,2048,512,2048,8,1,2097152,65,0,233.856,310.496,493.408,182.912,PASS,0
PHASEB_formal_r1_C2_RING_SIMPLE_CH8_N512_q8_rep3,1,4,1,sm_89,R1_EVENT_OVERLAP,NCCL,C2_RING_SIMPLE_CH8,2048,512,2048,8,2,2097152,65,0,354.400,496.800,675.232,178.432,PASS,0
PHASEB_formal_r1_C2_RING_SIMPLE_CH8_N512_q8_rep3,1,4,1,sm_89,R1_EVENT_OVERLAP,NCCL,C2_RING_SIMPLE_CH8,2048,512,2048,8,3,2097152,65,0,545.344,678.944,861.568,182.624,PASS,0
PHASEB_formal_r1_C2_RING_SIMPLE_CH8_N512_q8_rep3,1,4,1,sm_89,R1_EVENT_OVERLAP,NCCL,C2_RING_SIMPLE_CH8,2048,512,2048,8,4,2097152,65,0,744.288,864.896,1054.112,189.216,PASS,0
PHASEB_formal_r1_C2_RING_SIMPLE_CH8_N512_q8_rep3,1,4,1,sm_89,R1_EVENT_OVERLAP,NCCL,C2_RING_SIMPLE_CH8,2048,512,2048,8,5,2097152,65,0,927.840,1057.728,1238.784,181.056,PASS,0
PHASEB_formal_r1_C2_RING_SIMPLE_CH8_N512_q8_rep3,1,4,1,sm_89,R1_EVENT_OVERLAP,NCCL,C2_RING_SIMPLE_CH8,2048,512,2048,8,6,2097152,65,0,1119.840,1242.048,1408.192,166.144,PASS,0
PHASEB_formal_r1_C2_RING_SIMPLE_CH8_N512_q8_rep3,1,4,1,sm_89,R1_EVENT_OVERLAP,NCCL,C2_RING_SIMPLE_CH8,2048,512,2048,8,7,2097152,65,0,1310.272,1411.520,1559.936,148.416,PASS,0
PHASEB_formal_r1_C2_RING_SIMPLE_CH8_N512_q8_rep3,1,4,1,sm_89,R1_EVENT_OVERLAP,NCCL,C2_RING_SIMPLE_CH8,2048,512,2048,8,0,2097152,66,0,129.472,134.528,316.128,181.600,PASS,0
PHASEB_formal_r1_C2_RING_SIMPLE_CH8_N512_q8_rep3,1,4,1,sm_89,R1_EVENT_OVERLAP,NCCL,C2_RING_SIMPLE_CH8,2048,512,2048,8,1,2097152,66,0,244.576,319.936,497.440,177.504,PASS,0
PHASEB_formal_r1_C2_RING_SIMPLE_CH8_N512_q8_rep3,1,4,1,sm_89,R1_EVENT_OVERLAP,NCCL,C2_RING_SIMPLE_CH8,2048,512,2048,8,2,2097152,66,0,358.208,501.600,680.864,179.264,PASS,0
PHASEB_formal_r1_C2_RING_SIMPLE_CH8_N512_q8_rep3,1,4,1,sm_89,R1_EVENT_OVERLAP,NCCL,C2_RING_SIMPLE_CH8,2048,512,2048,8,3,2097152,66,0,551.232,684.192,863.680,179.488,PASS,0
PHASEB_formal_r1_C2_RING_SIMPLE_CH8_N512_q8_rep3,1,4,1,sm_89,R1_EVENT_OVERLAP,NCCL,C2_RING_SIMPLE_CH8,2048,512,2048,8,4,2097152,66,0,746.656,867.552,1048.640,181.088,PASS,0
PHASEB_formal_r1_C2_RING_SIMPLE_CH8_N512_q8_rep3,1,4,1,sm_89,R1_EVENT_OVERLAP,NCCL,C2_RING_SIMPLE_CH8,2048,512,2048,8,5,2097152,66,0,945.952,1052.096,1235.392,183.296,PASS,0
PHASEB_formal_r1_C2_RING_SIMPLE_CH8_N512_q8_rep3,1,4,1,sm_89,R1_EVENT_OVERLAP,NCCL,C2_RING_SIMPLE_CH8,2048,512,2048,8,6,2097152,66,0,1134.368,1238.592,1408.864,170.272,PASS,0
PHASEB_formal_r1_C2_RING_SIMPLE_CH8_N512_q8_rep3,1,4,1,sm_89,R1_EVENT_OVERLAP,NCCL,C2_RING_SIMPLE_CH8,2048,512,2048,8,7,2097152,66,0,1318.432,1412.256,1559.552,147.296,PASS,0
PHASEB_formal_r1_C2_RING_SIMPLE_CH8_N512_q8_rep3,1,4,1,sm_89,R1_EVENT_OVERLAP,NCCL,C2_RING_SIMPLE_CH8,2048,512,2048,8,0,2097152,67,0,118.144,124.576,310.912,186.336,PASS,0
PHASEB_formal_r1_C2_RING_SIMPLE_CH8_N512_q8_rep3,1,4,1,sm_89,R1_EVENT_OVERLAP,NCCL,C2_RING_SIMPLE_CH8,2048,512,2048,8,1,2097152,67,0,232.672,314.688,494.432,179.744,PASS,0
PHASEB_formal_r1_C2_RING_SIMPLE_CH8_N512_q8_rep3,1,4,1,sm_89,R1_EVENT_OVERLAP,NCCL,C2_RING_SIMPLE_CH8,2048,512,2048,8,2,2097152,67,0,354.592,498.272,686.240,187.968,PASS,0
PHASEB_formal_r1_C2_RING_SIMPLE_CH8_N512_q8_rep3,1,4,1,sm_89,R1_EVENT_OVERLAP,NCCL,C2_RING_SIMPLE_CH8,2048,512,2048,8,3,2097152,67,0,545.216,689.888,874.336,184.448,PASS,0
PHASEB_formal_r1_C2_RING_SIMPLE_CH8_N512_q8_rep3,1,4,1,sm_89,R1_EVENT_OVERLAP,NCCL,C2_RING_SIMPLE_CH8,2048,512,2048,8,4,2097152,67,0,735.840,878.144,1054.944,176.800,PASS,0
PHASEB_formal_r1_C2_RING_SIMPLE_CH8_N512_q8_rep3,1,4,1,sm_89,R1_EVENT_OVERLAP,NCCL,C2_RING_SIMPLE_CH8,2048,512,2048,8,5,2097152,67,0,926.688,1058.784,1235.520,176.736,PASS,0
PHASEB_formal_r1_C2_RING_SIMPLE_CH8_N512_q8_rep3,1,4,1,sm_89,R1_EVENT_OVERLAP,NCCL,C2_RING_SIMPLE_CH8,2048,512,2048,8,6,2097152,67,0,1118.656,1246.528,1424.928,178.400,PASS,0
PHASEB_formal_r1_C2_RING_SIMPLE_CH8_N512_q8_rep3,1,4,1,sm_89,R1_EVENT_OVERLAP,NCCL,C2_RING_SIMPLE_CH8,2048,512,2048,8,7,2097152,67,0,1321.120,1428.256,1576.416,148.160,PASS,0
PHASEB_formal_r1_C2_RING_SIMPLE_CH8_N512_q8_rep3,1,4,1,sm_89,R1_EVENT_OVERLAP,NCCL,C2_RING_SIMPLE_CH8,2048,512,2048,8,0,2097152,68,0,124.128,128.896,312.032,183.136,PASS,0
PHASEB_formal_r1_C2_RING_SIMPLE_CH8_N512_q8_rep3,1,4,1,sm_89,R1_EVENT_OVERLAP,NCCL,C2_RING_SIMPLE_CH8,2048,512,2048,8,1,2097152,68,0,236.832,315.680,497.824,182.144,PASS,0
PHASEB_formal_r1_C2_RING_SIMPLE_CH8_N512_q8_rep3,1,4,1,sm_89,R1_EVENT_OVERLAP,NCCL,C2_RING_SIMPLE_CH8,2048,512,2048,8,2,2097152,68,0,351.584,501.120,683.488,182.368,PASS,0
PHASEB_formal_r1_C2_RING_SIMPLE_CH8_N512_q8_rep3,1,4,1,sm_89,R1_EVENT_OVERLAP,NCCL,C2_RING_SIMPLE_CH8,2048,512,2048,8,3,2097152,68,0,545.472,686.880,872.480,185.600,PASS,0
PHASEB_formal_r1_C2_RING_SIMPLE_CH8_N512_q8_rep3,1,4,1,sm_89,R1_EVENT_OVERLAP,NCCL,C2_RING_SIMPLE_CH8,2048,512,2048,8,4,2097152,68,0,734.400,875.776,1050.912,175.136,PASS,0
PHASEB_formal_r1_C2_RING_SIMPLE_CH8_N512_q8_rep3,1,4,1,sm_89,R1_EVENT_OVERLAP,NCCL,C2_RING_SIMPLE_CH8,2048,512,2048,8,5,2097152,68,0,935.456,1061.088,1257.024,195.936,PASS,0
PHASEB_formal_r1_C2_RING_SIMPLE_CH8_N512_q8_rep3,1,4,1,sm_89,R1_EVENT_OVERLAP,NCCL,C2_RING_SIMPLE_CH8,2048,512,2048,8,6,2097152,68,0,1138.048,1260.320,1426.816,166.496,PASS,0
PHASEB_formal_r1_C2_RING_SIMPLE_CH8_N512_q8_rep3,1,4,1,sm_89,R1_EVENT_OVERLAP,NCCL,C2_RING_SIMPLE_CH8,2048,512,2048,8,7,2097152,68,0,1327.040,1430.176,1577.568,147.392,PASS,0
PHASEB_formal_r1_C2_RING_SIMPLE_CH8_N512_q8_rep3,1,4,1,sm_89,R1_EVENT_OVERLAP,NCCL,C2_RING_SIMPLE_CH8,2048,512,2048,8,0,2097152,69,0,113.344,118.528,304.768,186.240,PASS,0
PHASEB_formal_r1_C2_RING_SIMPLE_CH8_N512_q8_rep3,1,4,1,sm_89,R1_EVENT_OVERLAP,NCCL,C2_RING_SIMPLE_CH8,2048,512,2048,8,1,2097152,69,0,229.024,308.288,498.208,189.920,PASS,0
PHASEB_formal_r1_C2_RING_SIMPLE_CH8_N512_q8_rep3,1,4,1,sm_89,R1_EVENT_OVERLAP,NCCL,C2_RING_SIMPLE_CH8,2048,512,2048,8,2,2097152,69,0,346.240,502.016,681.088,179.072,PASS,0
PHASEB_formal_r1_C2_RING_SIMPLE_CH8_N512_q8_rep3,1,4,1,sm_89,R1_EVENT_OVERLAP,NCCL,C2_RING_SIMPLE_CH8,2048,512,2048,8,3,2097152,69,0,551.488,684.448,864.288,179.840,PASS,0
PHASEB_formal_r1_C2_RING_SIMPLE_CH8_N512_q8_rep3,1,4,1,sm_89,R1_EVENT_OVERLAP,NCCL,C2_RING_SIMPLE_CH8,2048,512,2048,8,4,2097152,69,0,742.208,867.776,1043.968,176.192,PASS,0
PHASEB_formal_r1_C2_RING_SIMPLE_CH8_N512_q8_rep3,1,4,1,sm_89,R1_EVENT_OVERLAP,NCCL,C2_RING_SIMPLE_CH8,2048,512,2048,8,5,2097152,69,0,933.984,1047.584,1227.104,179.520,PASS,0
PHASEB_formal_r1_C2_RING_SIMPLE_CH8_N512_q8_rep3,1,4,1,sm_89,R1_EVENT_OVERLAP,NCCL,C2_RING_SIMPLE_CH8,2048,512,2048,8,6,2097152,69,0,1119.232,1236.992,1411.776,174.784,PASS,0
PHASEB_formal_r1_C2_RING_SIMPLE_CH8_N512_q8_rep3,1,4,1,sm_89,R1_EVENT_OVERLAP,NCCL,C2_RING_SIMPLE_CH8,2048,512,2048,8,7,2097152,69,0,1315.104,1415.072,1563.616,148.544,PASS,0
PHASEB_formal_r1_C2_RING_SIMPLE_CH8_N512_q8_rep3,1,4,1,sm_89,R1_EVENT_OVERLAP,NCCL,C2_RING_SIMPLE_CH8,2048,512,2048,8,0,2097152,70,0,122.272,126.752,308.672,181.920,PASS,0
PHASEB_formal_r1_C2_RING_SIMPLE_CH8_N512_q8_rep3,1,4,1,sm_89,R1_EVENT_OVERLAP,NCCL,C2_RING_SIMPLE_CH8,2048,512,2048,8,1,2097152,70,0,237.120,311.872,493.472,181.600,PASS,0
PHASEB_formal_r1_C2_RING_SIMPLE_CH8_N512_q8_rep3,1,4,1,sm_89,R1_EVENT_OVERLAP,NCCL,C2_RING_SIMPLE_CH8,2048,512,2048,8,2,2097152,70,0,352.224,497.440,683.168,185.728,PASS,0
PHASEB_formal_r1_C2_RING_SIMPLE_CH8_N512_q8_rep3,1,4,1,sm_89,R1_EVENT_OVERLAP,NCCL,C2_RING_SIMPLE_CH8,2048,512,2048,8,3,2097152,70,0,563.264,686.752,878.880,192.128,PASS,0
PHASEB_formal_r1_C2_RING_SIMPLE_CH8_N512_q8_rep3,1,4,1,sm_89,R1_EVENT_OVERLAP,NCCL,C2_RING_SIMPLE_CH8,2048,512,2048,8,4,2097152,70,0,753.184,882.400,1058.656,176.256,PASS,0
PHASEB_formal_r1_C2_RING_SIMPLE_CH8_N512_q8_rep3,1,4,1,sm_89,R1_EVENT_OVERLAP,NCCL,C2_RING_SIMPLE_CH8,2048,512,2048,8,5,2097152,70,0,947.104,1062.176,1244.768,182.592,PASS,0
PHASEB_formal_r1_C2_RING_SIMPLE_CH8_N512_q8_rep3,1,4,1,sm_89,R1_EVENT_OVERLAP,NCCL,C2_RING_SIMPLE_CH8,2048,512,2048,8,6,2097152,70,0,1141.440,1248.480,1430.208,181.728,PASS,0
PHASEB_formal_r1_C2_RING_SIMPLE_CH8_N512_q8_rep3,1,4,1,sm_89,R1_EVENT_OVERLAP,NCCL,C2_RING_SIMPLE_CH8,2048,512,2048,8,7,2097152,70,0,1341.344,1433.536,1580.960,147.424,PASS,0
PHASEB_formal_r1_C2_RING_SIMPLE_CH8_N512_q8_rep3,1,4,1,sm_89,R1_EVENT_OVERLAP,NCCL,C2_RING_SIMPLE_CH8,2048,512,2048,8,0,2097152,71,0,118.560,123.008,309.088,186.080,PASS,0
PHASEB_formal_r1_C2_RING_SIMPLE_CH8_N512_q8_rep3,1,4,1,sm_89,R1_EVENT_OVERLAP,NCCL,C2_RING_SIMPLE_CH8,2048,512,2048,8,1,2097152,71,0,234.016,312.608,499.488,186.880,PASS,0
PHASEB_formal_r1_C2_RING_SIMPLE_CH8_N512_q8_rep3,1,4,1,sm_89,R1_EVENT_OVERLAP,NCCL,C2_RING_SIMPLE_CH8,2048,512,2048,8,2,2097152,71,0,349.024,502.880,693.152,190.272,PASS,0
PHASEB_formal_r1_C2_RING_SIMPLE_CH8_N512_q8_rep3,1,4,1,sm_89,R1_EVENT_OVERLAP,NCCL,C2_RING_SIMPLE_CH8,2048,512,2048,8,3,2097152,71,0,552.032,697.120,874.784,177.664,PASS,0
PHASEB_formal_r1_C2_RING_SIMPLE_CH8_N512_q8_rep3,1,4,1,sm_89,R1_EVENT_OVERLAP,NCCL,C2_RING_SIMPLE_CH8,2048,512,2048,8,4,2097152,71,0,748.160,878.688,1057.760,179.072,PASS,0
PHASEB_formal_r1_C2_RING_SIMPLE_CH8_N512_q8_rep3,1,4,1,sm_89,R1_EVENT_OVERLAP,NCCL,C2_RING_SIMPLE_CH8,2048,512,2048,8,5,2097152,71,0,941.408,1061.088,1240.064,178.976,PASS,0
PHASEB_formal_r1_C2_RING_SIMPLE_CH8_N512_q8_rep3,1,4,1,sm_89,R1_EVENT_OVERLAP,NCCL,C2_RING_SIMPLE_CH8,2048,512,2048,8,6,2097152,71,0,1141.632,1243.616,1416.224,172.608,PASS,0
PHASEB_formal_r1_C2_RING_SIMPLE_CH8_N512_q8_rep3,1,4,1,sm_89,R1_EVENT_OVERLAP,NCCL,C2_RING_SIMPLE_CH8,2048,512,2048,8,7,2097152,71,0,1327.712,1419.552,1567.712,148.160,PASS,0
PHASEB_formal_r1_C2_RING_SIMPLE_CH8_N512_q8_rep3,1,4,1,sm_89,R1_EVENT_OVERLAP,NCCL,C2_RING_SIMPLE_CH8,2048,512,2048,8,0,2097152,72,0,123.200,127.872,309.952,182.080,PASS,0
PHASEB_formal_r1_C2_RING_SIMPLE_CH8_N512_q8_rep3,1,4,1,sm_89,R1_EVENT_OVERLAP,NCCL,C2_RING_SIMPLE_CH8,2048,512,2048,8,1,2097152,72,0,236.512,313.216,494.208,180.992,PASS,0
PHASEB_formal_r1_C2_RING_SIMPLE_CH8_N512_q8_rep3,1,4,1,sm_89,R1_EVENT_OVERLAP,NCCL,C2_RING_SIMPLE_CH8,2048,512,2048,8,2,2097152,72,0,351.808,497.696,677.120,179.424,PASS,0
PHASEB_formal_r1_C2_RING_SIMPLE_CH8_N512_q8_rep3,1,4,1,sm_89,R1_EVENT_OVERLAP,NCCL,C2_RING_SIMPLE_CH8,2048,512,2048,8,3,2097152,72,0,546.304,681.152,862.656,181.504,PASS,0
PHASEB_formal_r1_C2_RING_SIMPLE_CH8_N512_q8_rep3,1,4,1,sm_89,R1_EVENT_OVERLAP,NCCL,C2_RING_SIMPLE_CH8,2048,512,2048,8,4,2097152,72,0,752.192,865.984,1043.648,177.664,PASS,0
PHASEB_formal_r1_C2_RING_SIMPLE_CH8_N512_q8_rep3,1,4,1,sm_89,R1_EVENT_OVERLAP,NCCL,C2_RING_SIMPLE_CH8,2048,512,2048,8,5,2097152,72,0,938.976,1047.008,1250.112,203.104,PASS,0
PHASEB_formal_r1_C2_RING_SIMPLE_CH8_N512_q8_rep3,1,4,1,sm_89,R1_EVENT_OVERLAP,NCCL,C2_RING_SIMPLE_CH8,2048,512,2048,8,6,2097152,72,0,1149.024,1253.888,1421.056,167.168,PASS,0
PHASEB_formal_r1_C2_RING_SIMPLE_CH8_N512_q8_rep3,1,4,1,sm_89,R1_EVENT_OVERLAP,NCCL,C2_RING_SIMPLE_CH8,2048,512,2048,8,7,2097152,72,0,1328.032,1424.352,1572.096,147.744,PASS,0
PHASEB_formal_r1_C2_RING_SIMPLE_CH8_N512_q8_rep3,1,4,1,sm_89,R1_EVENT_OVERLAP,NCCL,C2_RING_SIMPLE_CH8,2048,512,2048,8,0,2097152,73,0,124.800,131.712,315.264,183.552,PASS,0
PHASEB_formal_r1_C2_RING_SIMPLE_CH8_N512_q8_rep3,1,4,1,sm_89,R1_EVENT_OVERLAP,NCCL,C2_RING_SIMPLE_CH8,2048,512,2048,8,1,2097152,73,0,238.592,318.816,499.808,180.992,PASS,0
PHASEB_formal_r1_C2_RING_SIMPLE_CH8_N512_q8_rep3,1,4,1,sm_89,R1_EVENT_OVERLAP,NCCL,C2_RING_SIMPLE_CH8,2048,512,2048,8,2,2097152,73,0,356.864,503.360,692.544,189.184,PASS,0
PHASEB_formal_r1_C2_RING_SIMPLE_CH8_N512_q8_rep3,1,4,1,sm_89,R1_EVENT_OVERLAP,NCCL,C2_RING_SIMPLE_CH8,2048,512,2048,8,3,2097152,73,0,549.088,695.968,872.320,176.352,PASS,0
PHASEB_formal_r1_C2_RING_SIMPLE_CH8_N512_q8_rep3,1,4,1,sm_89,R1_EVENT_OVERLAP,NCCL,C2_RING_SIMPLE_CH8,2048,512,2048,8,4,2097152,73,0,743.520,875.776,1063.104,187.328,PASS,0
PHASEB_formal_r1_C2_RING_SIMPLE_CH8_N512_q8_rep3,1,4,1,sm_89,R1_EVENT_OVERLAP,NCCL,C2_RING_SIMPLE_CH8,2048,512,2048,8,5,2097152,73,0,934.944,1066.400,1268.288,201.888,PASS,0
PHASEB_formal_r1_C2_RING_SIMPLE_CH8_N512_q8_rep3,1,4,1,sm_89,R1_EVENT_OVERLAP,NCCL,C2_RING_SIMPLE_CH8,2048,512,2048,8,6,2097152,73,0,1132.448,1272.000,1439.520,167.520,PASS,0
PHASEB_formal_r1_C2_RING_SIMPLE_CH8_N512_q8_rep3,1,4,1,sm_89,R1_EVENT_OVERLAP,NCCL,C2_RING_SIMPLE_CH8,2048,512,2048,8,7,2097152,73,0,1334.688,1443.072,1591.392,148.320,PASS,0
PHASEB_formal_r1_C2_RING_SIMPLE_CH8_N512_q8_rep3,1,4,1,sm_89,R1_EVENT_OVERLAP,NCCL,C2_RING_SIMPLE_CH8,2048,512,2048,8,0,2097152,74,0,123.232,127.872,312.960,185.088,PASS,0
PHASEB_formal_r1_C2_RING_SIMPLE_CH8_N512_q8_rep3,1,4,1,sm_89,R1_EVENT_OVERLAP,NCCL,C2_RING_SIMPLE_CH8,2048,512,2048,8,1,2097152,74,0,237.888,316.288,497.472,181.184,PASS,0
PHASEB_formal_r1_C2_RING_SIMPLE_CH8_N512_q8_rep3,1,4,1,sm_89,R1_EVENT_OVERLAP,NCCL,C2_RING_SIMPLE_CH8,2048,512,2048,8,2,2097152,74,0,353.600,500.768,683.744,182.976,PASS,0
PHASEB_formal_r1_C2_RING_SIMPLE_CH8_N512_q8_rep3,1,4,1,sm_89,R1_EVENT_OVERLAP,NCCL,C2_RING_SIMPLE_CH8,2048,512,2048,8,3,2097152,74,0,546.304,686.944,864.704,177.760,PASS,0
PHASEB_formal_r1_C2_RING_SIMPLE_CH8_N512_q8_rep3,1,4,1,sm_89,R1_EVENT_OVERLAP,NCCL,C2_RING_SIMPLE_CH8,2048,512,2048,8,4,2097152,74,0,740.128,868.320,1057.248,188.928,PASS,0
PHASEB_formal_r1_C2_RING_SIMPLE_CH8_N512_q8_rep3,1,4,1,sm_89,R1_EVENT_OVERLAP,NCCL,C2_RING_SIMPLE_CH8,2048,512,2048,8,5,2097152,74,0,933.600,1060.480,1253.568,193.088,PASS,0
PHASEB_formal_r1_C2_RING_SIMPLE_CH8_N512_q8_rep3,1,4,1,sm_89,R1_EVENT_OVERLAP,NCCL,C2_RING_SIMPLE_CH8,2048,512,2048,8,6,2097152,74,0,1128.960,1256.960,1424.736,167.776,PASS,0
PHASEB_formal_r1_C2_RING_SIMPLE_CH8_N512_q8_rep3,1,4,1,sm_89,R1_EVENT_OVERLAP,NCCL,C2_RING_SIMPLE_CH8,2048,512,2048,8,7,2097152,74,0,1325.024,1428.096,1575.456,147.360,PASS,0
PHASEB_formal_r1_C2_RING_SIMPLE_CH8_N512_q8_rep3,1,4,1,sm_89,R1_EVENT_OVERLAP,NCCL,C2_RING_SIMPLE_CH8,2048,512,2048,8,0,2097152,75,0,120.128,126.464,310.912,184.448,PASS,0
PHASEB_formal_r1_C2_RING_SIMPLE_CH8_N512_q8_rep3,1,4,1,sm_89,R1_EVENT_OVERLAP,NCCL,C2_RING_SIMPLE_CH8,2048,512,2048,8,1,2097152,75,0,250.528,314.656,491.584,176.928,PASS,0
PHASEB_formal_r1_C2_RING_SIMPLE_CH8_N512_q8_rep3,1,4,1,sm_89,R1_EVENT_OVERLAP,NCCL,C2_RING_SIMPLE_CH8,2048,512,2048,8,2,2097152,75,0,363.392,494.944,675.488,180.544,PASS,0
PHASEB_formal_r1_C2_RING_SIMPLE_CH8_N512_q8_rep3,1,4,1,sm_89,R1_EVENT_OVERLAP,NCCL,C2_RING_SIMPLE_CH8,2048,512,2048,8,3,2097152,75,0,554.976,679.328,862.272,182.944,PASS,0
PHASEB_formal_r1_C2_RING_SIMPLE_CH8_N512_q8_rep3,1,4,1,sm_89,R1_EVENT_OVERLAP,NCCL,C2_RING_SIMPLE_CH8,2048,512,2048,8,4,2097152,75,0,749.472,865.696,1062.944,197.248,PASS,0
PHASEB_formal_r1_C2_RING_SIMPLE_CH8_N512_q8_rep3,1,4,1,sm_89,R1_EVENT_OVERLAP,NCCL,C2_RING_SIMPLE_CH8,2048,512,2048,8,5,2097152,75,0,930.272,1076.448,1262.144,185.696,PASS,0
PHASEB_formal_r1_C2_RING_SIMPLE_CH8_N512_q8_rep3,1,4,1,sm_89,R1_EVENT_OVERLAP,NCCL,C2_RING_SIMPLE_CH8,2048,512,2048,8,6,2097152,75,0,1152.992,1265.664,1432.032,166.368,PASS,0
PHASEB_formal_r1_C2_RING_SIMPLE_CH8_N512_q8_rep3,1,4,1,sm_89,R1_EVENT_OVERLAP,NCCL,C2_RING_SIMPLE_CH8,2048,512,2048,8,7,2097152,75,0,1329.408,1435.424,1583.584,148.160,PASS,0
PHASEB_formal_r1_C2_RING_SIMPLE_CH8_N512_q8_rep3,1,4,1,sm_89,R1_EVENT_OVERLAP,NCCL,C2_RING_SIMPLE_CH8,2048,512,2048,8,0,2097152,76,0,113.664,119.424,304.960,185.536,PASS,0
PHASEB_formal_r1_C2_RING_SIMPLE_CH8_N512_q8_rep3,1,4,1,sm_89,R1_EVENT_OVERLAP,NCCL,C2_RING_SIMPLE_CH8,2048,512,2048,8,1,2097152,76,0,228.000,309.344,487.360,178.016,PASS,0
PHASEB_formal_r1_C2_RING_SIMPLE_CH8_N512_q8_rep3,1,4,1,sm_89,R1_EVENT_OVERLAP,NCCL,C2_RING_SIMPLE_CH8,2048,512,2048,8,2,2097152,76,0,350.560,490.752,671.360,180.608,PASS,0
PHASEB_formal_r1_C2_RING_SIMPLE_CH8_N512_q8_rep3,1,4,1,sm_89,R1_EVENT_OVERLAP,NCCL,C2_RING_SIMPLE_CH8,2048,512,2048,8,3,2097152,76,0,541.344,675.200,871.616,196.416,PASS,0
PHASEB_formal_r1_C2_RING_SIMPLE_CH8_N512_q8_rep3,1,4,1,sm_89,R1_EVENT_OVERLAP,NCCL,C2_RING_SIMPLE_CH8,2048,512,2048,8,4,2097152,76,0,732.928,886.624,1067.616,180.992,PASS,0
PHASEB_formal_r1_C2_RING_SIMPLE_CH8_N512_q8_rep3,1,4,1,sm_89,R1_EVENT_OVERLAP,NCCL,C2_RING_SIMPLE_CH8,2048,512,2048,8,5,2097152,76,0,945.952,1070.880,1245.856,174.976,PASS,0
PHASEB_formal_r1_C2_RING_SIMPLE_CH8_N512_q8_rep3,1,4,1,sm_89,R1_EVENT_OVERLAP,NCCL,C2_RING_SIMPLE_CH8,2048,512,2048,8,6,2097152,76,0,1137.344,1249.184,1417.824,168.640,PASS,0
PHASEB_formal_r1_C2_RING_SIMPLE_CH8_N512_q8_rep3,1,4,1,sm_89,R1_EVENT_OVERLAP,NCCL,C2_RING_SIMPLE_CH8,2048,512,2048,8,7,2097152,76,0,1324.544,1421.152,1568.608,147.456,PASS,0
PHASEB_formal_r1_C2_RING_SIMPLE_CH8_N512_q8_rep3,1,4,1,sm_89,R1_EVENT_OVERLAP,NCCL,C2_RING_SIMPLE_CH8,2048,512,2048,8,0,2097152,77,0,136.288,141.376,325.792,184.416,PASS,0
PHASEB_formal_r1_C2_RING_SIMPLE_CH8_N512_q8_rep3,1,4,1,sm_89,R1_EVENT_OVERLAP,NCCL,C2_RING_SIMPLE_CH8,2048,512,2048,8,1,2097152,77,0,263.328,329.120,506.624,177.504,PASS,0
PHASEB_formal_r1_C2_RING_SIMPLE_CH8_N512_q8_rep3,1,4,1,sm_89,R1_EVENT_OVERLAP,NCCL,C2_RING_SIMPLE_CH8,2048,512,2048,8,2,2097152,77,0,378.112,513.536,690.272,176.736,PASS,0
PHASEB_formal_r1_C2_RING_SIMPLE_CH8_N512_q8_rep3,1,4,1,sm_89,R1_EVENT_OVERLAP,NCCL,C2_RING_SIMPLE_CH8,2048,512,2048,8,3,2097152,77,0,582.656,693.632,879.968,186.336,PASS,0
PHASEB_formal_r1_C2_RING_SIMPLE_CH8_N512_q8_rep3,1,4,1,sm_89,R1_EVENT_OVERLAP,NCCL,C2_RING_SIMPLE_CH8,2048,512,2048,8,4,2097152,77,0,774.144,883.520,1064.992,181.472,PASS,0
PHASEB_formal_r1_C2_RING_SIMPLE_CH8_N512_q8_rep3,1,4,1,sm_89,R1_EVENT_OVERLAP,NCCL,C2_RING_SIMPLE_CH8,2048,512,2048,8,5,2097152,77,0,965.344,1068.288,1251.872,183.584,PASS,0
PHASEB_formal_r1_C2_RING_SIMPLE_CH8_N512_q8_rep3,1,4,1,sm_89,R1_EVENT_OVERLAP,NCCL,C2_RING_SIMPLE_CH8,2048,512,2048,8,6,2097152,77,0,1152.512,1255.552,1428.448,172.896,PASS,0
PHASEB_formal_r1_C2_RING_SIMPLE_CH8_N512_q8_rep3,1,4,1,sm_89,R1_EVENT_OVERLAP,NCCL,C2_RING_SIMPLE_CH8,2048,512,2048,8,7,2097152,77,0,1338.144,1431.872,1580.096,148.224,PASS,0
PHASEB_formal_r1_C2_RING_SIMPLE_CH8_N512_q8_rep3,1,4,1,sm_89,R1_EVENT_OVERLAP,NCCL,C2_RING_SIMPLE_CH8,2048,512,2048,8,0,2097152,78,0,122.688,128.032,310.336,182.304,PASS,0
PHASEB_formal_r1_C2_RING_SIMPLE_CH8_N512_q8_rep3,1,4,1,sm_89,R1_EVENT_OVERLAP,NCCL,C2_RING_SIMPLE_CH8,2048,512,2048,8,1,2097152,78,0,236.480,313.632,492.224,178.592,PASS,0
PHASEB_formal_r1_C2_RING_SIMPLE_CH8_N512_q8_rep3,1,4,1,sm_89,R1_EVENT_OVERLAP,NCCL,C2_RING_SIMPLE_CH8,2048,512,2048,8,2,2097152,78,0,351.936,495.584,680.992,185.408,PASS,0
PHASEB_formal_r1_C2_RING_SIMPLE_CH8_N512_q8_rep3,1,4,1,sm_89,R1_EVENT_OVERLAP,NCCL,C2_RING_SIMPLE_CH8,2048,512,2048,8,3,2097152,78,0,544.736,684.576,863.520,178.944,PASS,0
PHASEB_formal_r1_C2_RING_SIMPLE_CH8_N512_q8_rep3,1,4,1,sm_89,R1_EVENT_OVERLAP,NCCL,C2_RING_SIMPLE_CH8,2048,512,2048,8,4,2097152,78,0,733.504,866.912,1044.576,177.664,PASS,0
PHASEB_formal_r1_C2_RING_SIMPLE_CH8_N512_q8_rep3,1,4,1,sm_89,R1_EVENT_OVERLAP,NCCL,C2_RING_SIMPLE_CH8,2048,512,2048,8,5,2097152,78,0,927.776,1048.032,1228.672,180.640,PASS,0
PHASEB_formal_r1_C2_RING_SIMPLE_CH8_N512_q8_rep3,1,4,1,sm_89,R1_EVENT_OVERLAP,NCCL,C2_RING_SIMPLE_CH8,2048,512,2048,8,6,2097152,78,0,1118.752,1232.000,1398.432,166.432,PASS,0
PHASEB_formal_r1_C2_RING_SIMPLE_CH8_N512_q8_rep3,1,4,1,sm_89,R1_EVENT_OVERLAP,NCCL,C2_RING_SIMPLE_CH8,2048,512,2048,8,7,2097152,78,0,1299.648,1401.760,1549.216,147.456,PASS,0
PHASEB_formal_r1_C2_RING_SIMPLE_CH8_N512_q8_rep3,1,4,1,sm_89,R1_EVENT_OVERLAP,NCCL,C2_RING_SIMPLE_CH8,2048,512,2048,8,0,2097152,79,0,126.432,131.168,314.944,183.776,PASS,0
PHASEB_formal_r1_C2_RING_SIMPLE_CH8_N512_q8_rep3,1,4,1,sm_89,R1_EVENT_OVERLAP,NCCL,C2_RING_SIMPLE_CH8,2048,512,2048,8,1,2097152,79,0,240.320,318.912,513.664,194.752,PASS,0
PHASEB_formal_r1_C2_RING_SIMPLE_CH8_N512_q8_rep3,1,4,1,sm_89,R1_EVENT_OVERLAP,NCCL,C2_RING_SIMPLE_CH8,2048,512,2048,8,2,2097152,79,0,357.824,517.184,696.928,179.744,PASS,0
PHASEB_formal_r1_C2_RING_SIMPLE_CH8_N512_q8_rep3,1,4,1,sm_89,R1_EVENT_OVERLAP,NCCL,C2_RING_SIMPLE_CH8,2048,512,2048,8,3,2097152,79,0,568.384,700.256,881.600,181.344,PASS,0
PHASEB_formal_r1_C2_RING_SIMPLE_CH8_N512_q8_rep3,1,4,1,sm_89,R1_EVENT_OVERLAP,NCCL,C2_RING_SIMPLE_CH8,2048,512,2048,8,4,2097152,79,0,762.112,884.864,1068.576,183.712,PASS,0
PHASEB_formal_r1_C2_RING_SIMPLE_CH8_N512_q8_rep3,1,4,1,sm_89,R1_EVENT_OVERLAP,NCCL,C2_RING_SIMPLE_CH8,2048,512,2048,8,5,2097152,79,0,959.040,1072.544,1247.648,175.104,PASS,0
PHASEB_formal_r1_C2_RING_SIMPLE_CH8_N512_q8_rep3,1,4,1,sm_89,R1_EVENT_OVERLAP,NCCL,C2_RING_SIMPLE_CH8,2048,512,2048,8,6,2097152,79,0,1135.168,1251.840,1420.096,168.256,PASS,0
PHASEB_formal_r1_C2_RING_SIMPLE_CH8_N512_q8_rep3,1,4,1,sm_89,R1_EVENT_OVERLAP,NCCL,C2_RING_SIMPLE_CH8,2048,512,2048,8,7,2097152,79,0,1325.152,1423.424,1571.584,148.160,PASS,0
