run_id,rank_count,path,family,candidate,M,N,K,q,slice_index,slice_bytes,iteration_index,t_issue_us,t_release_max_us,t_gemm_start_max_us,t_gemm_end_max_us,t_gemm_duration_max_us,correctness_all_ranks,status
PHASEB_formal_r1_C0_DEFAULT_N2048_q16_rep1,4,R1_EVENT_OVERLAP,NCCL,C0_DEFAULT,2048,2048,2048,16,0,1048576,0,0,120.608,127.424,448.128,320.704,PASS,0
PHASEB_formal_r1_C0_DEFAULT_N2048_q16_rep1,4,R1_EVENT_OVERLAP,NCCL,C0_DEFAULT,2048,2048,2048,16,1,1048576,0,0,195.936,453.216,767.200,313.984,PASS,0
PHASEB_formal_r1_C0_DEFAULT_N2048_q16_rep1,4,R1_EVENT_OVERLAP,NCCL,C0_DEFAULT,2048,2048,2048,16,2,1048576,0,0,417.472,771.008,1095.328,324.320,PASS,0
PHASEB_formal_r1_C0_DEFAULT_N2048_q16_rep1,4,R1_EVENT_OVERLAP,NCCL,C0_DEFAULT,2048,2048,2048,16,3,1048576,0,0,499.136,1100.128,1385.376,310.560,PASS,0
PHASEB_formal_r1_C0_DEFAULT_N2048_q16_rep1,4,R1_EVENT_OVERLAP,NCCL,C0_DEFAULT,2048,2048,2048,16,4,1048576,0,0,729.984,1388.672,1696.096,313.728,PASS,0
PHASEB_formal_r1_C0_DEFAULT_N2048_q16_rep1,4,R1_EVENT_OVERLAP,NCCL,C0_DEFAULT,2048,2048,2048,16,5,1048576,0,0,807.232,1699.488,1975.808,280.096,PASS,0
PHASEB_formal_r1_C0_DEFAULT_N2048_q16_rep1,4,R1_EVENT_OVERLAP,NCCL,C0_DEFAULT,2048,2048,2048,16,6,1048576,0,0,1034.304,1979.136,2291.040,312.416,PASS,0
PHASEB_formal_r1_C0_DEFAULT_N2048_q16_rep1,4,R1_EVENT_OVERLAP,NCCL,C0_DEFAULT,2048,2048,2048,16,7,1048576,0,0,1116.576,2294.432,2587.840,310.912,PASS,0
PHASEB_formal_r1_C0_DEFAULT_N2048_q16_rep1,4,R1_EVENT_OVERLAP,NCCL,C0_DEFAULT,2048,2048,2048,16,8,1048576,0,0,1415.872,2591.552,2884.960,315.040,PASS,0
PHASEB_formal_r1_C0_DEFAULT_N2048_q16_rep1,4,R1_EVENT_OVERLAP,NCCL,C0_DEFAULT,2048,2048,2048,16,9,1048576,0,0,1706.688,2888.448,3198.304,310.720,PASS,0
PHASEB_formal_r1_C0_DEFAULT_N2048_q16_rep1,4,R1_EVENT_OVERLAP,NCCL,C0_DEFAULT,2048,2048,2048,16,10,1048576,0,0,2014.848,3201.728,3480.992,279.264,PASS,0
PHASEB_formal_r1_C0_DEFAULT_N2048_q16_rep1,4,R1_EVENT_OVERLAP,NCCL,C0_DEFAULT,2048,2048,2048,16,11,1048576,0,0,2300.864,3484.352,3783.904,299.552,PASS,0
PHASEB_formal_r1_C0_DEFAULT_N2048_q16_rep1,4,R1_EVENT_OVERLAP,NCCL,C0_DEFAULT,2048,2048,2048,16,12,1048576,0,0,2619.136,3787.648,4048.608,260.960,PASS,0
PHASEB_formal_r1_C0_DEFAULT_N2048_q16_rep1,4,R1_EVENT_OVERLAP,NCCL,C0_DEFAULT,2048,2048,2048,16,13,1048576,0,0,2909.312,4052.032,4312.064,260.032,PASS,0
PHASEB_formal_r1_C0_DEFAULT_N2048_q16_rep1,4,R1_EVENT_OVERLAP,NCCL,C0_DEFAULT,2048,2048,2048,16,14,1048576,0,0,3208.064,4315.488,4576.032,260.608,PASS,0
PHASEB_formal_r1_C0_DEFAULT_N2048_q16_rep1,4,R1_EVENT_OVERLAP,NCCL,C0_DEFAULT,2048,2048,2048,16,15,1048576,0,0,3517.024,4579.456,4838.976,259.520,PASS,0
PHASEB_formal_r1_C0_DEFAULT_N2048_q16_rep1,4,R1_EVENT_OVERLAP,NCCL,C0_DEFAULT,2048,2048,2048,16,0,1048576,1,0,124.064,130.656,439.968,314.592,PASS,0
PHASEB_formal_r1_C0_DEFAULT_N2048_q16_rep1,4,R1_EVENT_OVERLAP,NCCL,C0_DEFAULT,2048,2048,2048,16,1,1048576,1,0,210.336,443.360,757.696,315.936,PASS,0
PHASEB_formal_r1_C0_DEFAULT_N2048_q16_rep1,4,R1_EVENT_OVERLAP,NCCL,C0_DEFAULT,2048,2048,2048,16,2,1048576,1,0,449.920,761.120,1070.592,311.744,PASS,0
PHASEB_formal_r1_C0_DEFAULT_N2048_q16_rep1,4,R1_EVENT_OVERLAP,NCCL,C0_DEFAULT,2048,2048,2048,16,3,1048576,1,0,760.576,1074.560,1384.480,309.920,PASS,0
PHASEB_formal_r1_C0_DEFAULT_N2048_q16_rep1,4,R1_EVENT_OVERLAP,NCCL,C0_DEFAULT,2048,2048,2048,16,4,1048576,1,0,1045.184,1388.320,1695.648,318.112,PASS,0
PHASEB_formal_r1_C0_DEFAULT_N2048_q16_rep1,4,R1_EVENT_OVERLAP,NCCL,C0_DEFAULT,2048,2048,2048,16,5,1048576,1,0,1350.976,1699.008,2007.040,310.592,PASS,0
PHASEB_formal_r1_C0_DEFAULT_N2048_q16_rep1,4,R1_EVENT_OVERLAP,NCCL,C0_DEFAULT,2048,2048,2048,16,6,1048576,1,0,1636.992,2010.400,2320.288,318.880,PASS,0
PHASEB_formal_r1_C0_DEFAULT_N2048_q16_rep1,4,R1_EVENT_OVERLAP,NCCL,C0_DEFAULT,2048,2048,2048,16,7,1048576,1,0,1959.552,2323.712,2630.112,309.408,PASS,0
PHASEB_formal_r1_C0_DEFAULT_N2048_q16_rep1,4,R1_EVENT_OVERLAP,NCCL,C0_DEFAULT,2048,2048,2048,16,8,1048576,1,0,2270.816,2633.472,2941.984,310.528,PASS,0
PHASEB_formal_r1_C0_DEFAULT_N2048_q16_rep1,4,R1_EVENT_OVERLAP,NCCL,C0_DEFAULT,2048,2048,2048,16,9,1048576,1,0,2571.392,2945.984,3281.344,335.360,PASS,0
PHASEB_formal_r1_C0_DEFAULT_N2048_q16_rep1,4,R1_EVENT_OVERLAP,NCCL,C0_DEFAULT,2048,2048,2048,16,10,1048576,1,0,2885.824,3284.672,3620.768,336.096,PASS,0
PHASEB_formal_r1_C0_DEFAULT_N2048_q16_rep1,4,R1_EVENT_OVERLAP,NCCL,C0_DEFAULT,2048,2048,2048,16,11,1048576,1,0,3179.872,3624.160,3948.704,324.544,PASS,0
PHASEB_formal_r1_C0_DEFAULT_N2048_q16_rep1,4,R1_EVENT_OVERLAP,NCCL,C0_DEFAULT,2048,2048,2048,16,12,1048576,1,0,3483.680,3952.064,4258.528,314.048,PASS,0
PHASEB_formal_r1_C0_DEFAULT_N2048_q16_rep1,4,R1_EVENT_OVERLAP,NCCL,C0_DEFAULT,2048,2048,2048,16,13,1048576,1,0,3786.528,4261.856,4560.992,311.904,PASS,0
PHASEB_formal_r1_C0_DEFAULT_N2048_q16_rep1,4,R1_EVENT_OVERLAP,NCCL,C0_DEFAULT,2048,2048,2048,16,14,1048576,1,0,4094.112,4564.416,4824.960,293.888,PASS,0
PHASEB_formal_r1_C0_DEFAULT_N2048_q16_rep1,4,R1_EVENT_OVERLAP,NCCL,C0_DEFAULT,2048,2048,2048,16,15,1048576,1,0,4393.760,4828.384,5088.896,260.512,PASS,0
PHASEB_formal_r1_C0_DEFAULT_N2048_q16_rep1,4,R1_EVENT_OVERLAP,NCCL,C0_DEFAULT,2048,2048,2048,16,0,1048576,2,0,114.080,120.128,431.872,312.064,PASS,0
PHASEB_formal_r1_C0_DEFAULT_N2048_q16_rep1,4,R1_EVENT_OVERLAP,NCCL,C0_DEFAULT,2048,2048,2048,16,1,1048576,2,0,198.624,435.680,747.296,314.400,PASS,0
PHASEB_formal_r1_C0_DEFAULT_N2048_q16_rep1,4,R1_EVENT_OVERLAP,NCCL,C0_DEFAULT,2048,2048,2048,16,2,1048576,2,0,425.952,750.880,1062.144,311.264,PASS,0
PHASEB_formal_r1_C0_DEFAULT_N2048_q16_rep1,4,R1_EVENT_OVERLAP,NCCL,C0_DEFAULT,2048,2048,2048,16,3,1048576,2,0,518.784,1065.568,1355.648,322.880,PASS,0
PHASEB_formal_r1_C0_DEFAULT_N2048_q16_rep1,4,R1_EVENT_OVERLAP,NCCL,C0_DEFAULT,2048,2048,2048,16,4,1048576,2,0,753.856,1359.008,1672.128,313.792,PASS,0
PHASEB_formal_r1_C0_DEFAULT_N2048_q16_rep1,4,R1_EVENT_OVERLAP,NCCL,C0_DEFAULT,2048,2048,2048,16,5,1048576,2,0,1072.384,1675.552,1958.304,307.680,PASS,0
PHASEB_formal_r1_C0_DEFAULT_N2048_q16_rep1,4,R1_EVENT_OVERLAP,NCCL,C0_DEFAULT,2048,2048,2048,16,6,1048576,2,0,1396.736,1961.664,2271.104,312.832,PASS,0
PHASEB_formal_r1_C0_DEFAULT_N2048_q16_rep1,4,R1_EVENT_OVERLAP,NCCL,C0_DEFAULT,2048,2048,2048,16,7,1048576,2,0,1682.848,2275.040,2552.352,277.344,PASS,0
PHASEB_formal_r1_C0_DEFAULT_N2048_q16_rep1,4,R1_EVENT_OVERLAP,NCCL,C0_DEFAULT,2048,2048,2048,16,8,1048576,2,0,1991.680,2555.616,2876.224,320.608,PASS,0
PHASEB_formal_r1_C0_DEFAULT_N2048_q16_rep1,4,R1_EVENT_OVERLAP,NCCL,C0_DEFAULT,2048,2048,2048,16,9,1048576,2,0,2282.496,2879.584,3189.152,309.856,PASS,0
PHASEB_formal_r1_C0_DEFAULT_N2048_q16_rep1,4,R1_EVENT_OVERLAP,NCCL,C0_DEFAULT,2048,2048,2048,16,10,1048576,2,0,2588.704,3192.512,3508.576,316.064,PASS,0
PHASEB_formal_r1_C0_DEFAULT_N2048_q16_rep1,4,R1_EVENT_OVERLAP,NCCL,C0_DEFAULT,2048,2048,2048,16,11,1048576,2,0,2873.248,3511.904,3818.624,309.696,PASS,0
PHASEB_formal_r1_C0_DEFAULT_N2048_q16_rep1,4,R1_EVENT_OVERLAP,NCCL,C0_DEFAULT,2048,2048,2048,16,12,1048576,2,0,3182.656,3821.984,4121.952,299.968,PASS,0
PHASEB_formal_r1_C0_DEFAULT_N2048_q16_rep1,4,R1_EVENT_OVERLAP,NCCL,C0_DEFAULT,2048,2048,2048,16,13,1048576,2,0,3482.336,4125.408,4385.760,297.856,PASS,0
PHASEB_formal_r1_C0_DEFAULT_N2048_q16_rep1,4,R1_EVENT_OVERLAP,NCCL,C0_DEFAULT,2048,2048,2048,16,14,1048576,2,0,3770.528,4389.184,4650.176,260.992,PASS,0
PHASEB_formal_r1_C0_DEFAULT_N2048_q16_rep1,4,R1_EVENT_OVERLAP,NCCL,C0_DEFAULT,2048,2048,2048,16,15,1048576,2,0,4079.872,4653.600,4913.216,259.616,PASS,0
PHASEB_formal_r1_C0_DEFAULT_N2048_q16_rep1,4,R1_EVENT_OVERLAP,NCCL,C0_DEFAULT,2048,2048,2048,16,0,1048576,3,0,120.768,126.848,441.248,314.912,PASS,0
PHASEB_formal_r1_C0_DEFAULT_N2048_q16_rep1,4,R1_EVENT_OVERLAP,NCCL,C0_DEFAULT,2048,2048,2048,16,1,1048576,3,0,195.136,444.992,753.472,310.400,PASS,0
PHASEB_formal_r1_C0_DEFAULT_N2048_q16_rep1,4,R1_EVENT_OVERLAP,NCCL,C0_DEFAULT,2048,2048,2048,16,2,1048576,3,0,416.416,757.088,1064.704,307.616,PASS,0
PHASEB_formal_r1_C0_DEFAULT_N2048_q16_rep1,4,R1_EVENT_OVERLAP,NCCL,C0_DEFAULT,2048,2048,2048,16,3,1048576,3,0,495.456,1072.320,1391.808,322.336,PASS,0
PHASEB_formal_r1_C0_DEFAULT_N2048_q16_rep1,4,R1_EVENT_OVERLAP,NCCL,C0_DEFAULT,2048,2048,2048,16,4,1048576,3,0,730.272,1395.744,1714.016,318.272,PASS,0
PHASEB_formal_r1_C0_DEFAULT_N2048_q16_rep1,4,R1_EVENT_OVERLAP,NCCL,C0_DEFAULT,2048,2048,2048,16,5,1048576,3,0,807.552,1717.248,2029.824,316.928,PASS,0
PHASEB_formal_r1_C0_DEFAULT_N2048_q16_rep1,4,R1_EVENT_OVERLAP,NCCL,C0_DEFAULT,2048,2048,2048,16,6,1048576,3,0,1036.224,2033.184,2346.112,312.928,PASS,0
PHASEB_formal_r1_C0_DEFAULT_N2048_q16_rep1,4,R1_EVENT_OVERLAP,NCCL,C0_DEFAULT,2048,2048,2048,16,7,1048576,3,0,1127.520,2349.952,2649.184,300.736,PASS,0
PHASEB_formal_r1_C0_DEFAULT_N2048_q16_rep1,4,R1_EVENT_OVERLAP,NCCL,C0_DEFAULT,2048,2048,2048,16,8,1048576,3,0,1367.168,2652.608,2912.832,260.224,PASS,0
PHASEB_formal_r1_C0_DEFAULT_N2048_q16_rep1,4,R1_EVENT_OVERLAP,NCCL,C0_DEFAULT,2048,2048,2048,16,9,1048576,3,0,1443.648,2916.320,3177.984,261.664,PASS,0
PHASEB_formal_r1_C0_DEFAULT_N2048_q16_rep1,4,R1_EVENT_OVERLAP,NCCL,C0_DEFAULT,2048,2048,2048,16,10,1048576,3,0,1688.128,3181.440,3441.472,260.032,PASS,0
PHASEB_formal_r1_C0_DEFAULT_N2048_q16_rep1,4,R1_EVENT_OVERLAP,NCCL,C0_DEFAULT,2048,2048,2048,16,11,1048576,3,0,1766.848,3444.896,3705.696,261.216,PASS,0
PHASEB_formal_r1_C0_DEFAULT_N2048_q16_rep1,4,R1_EVENT_OVERLAP,NCCL,C0_DEFAULT,2048,2048,2048,16,12,1048576,3,0,1992.960,3709.088,3969.184,260.096,PASS,0
PHASEB_formal_r1_C0_DEFAULT_N2048_q16_rep1,4,R1_EVENT_OVERLAP,NCCL,C0_DEFAULT,2048,2048,2048,16,13,1048576,3,0,2077.216,3972.608,4233.472,260.864,PASS,0
PHASEB_formal_r1_C0_DEFAULT_N2048_q16_rep1,4,R1_EVENT_OVERLAP,NCCL,C0_DEFAULT,2048,2048,2048,16,14,1048576,3,0,2303.232,4236.896,4496.960,260.064,PASS,0
PHASEB_formal_r1_C0_DEFAULT_N2048_q16_rep1,4,R1_EVENT_OVERLAP,NCCL,C0_DEFAULT,2048,2048,2048,16,15,1048576,3,0,2383.680,4500.384,4760.320,259.936,PASS,0
PHASEB_formal_r1_C0_DEFAULT_N2048_q16_rep1,4,R1_EVENT_OVERLAP,NCCL,C0_DEFAULT,2048,2048,2048,16,0,1048576,4,0,136.640,142.912,458.976,318.912,PASS,0
PHASEB_formal_r1_C0_DEFAULT_N2048_q16_rep1,4,R1_EVENT_OVERLAP,NCCL,C0_DEFAULT,2048,2048,2048,16,1,1048576,4,0,220.992,462.624,774.336,311.712,PASS,0
PHASEB_formal_r1_C0_DEFAULT_N2048_q16_rep1,4,R1_EVENT_OVERLAP,NCCL,C0_DEFAULT,2048,2048,2048,16,2,1048576,4,0,462.976,777.888,1049.600,312.128,PASS,0
PHASEB_formal_r1_C0_DEFAULT_N2048_q16_rep1,4,R1_EVENT_OVERLAP,NCCL,C0_DEFAULT,2048,2048,2048,16,3,1048576,4,0,784.064,1052.928,1365.728,314.400,PASS,0
PHASEB_formal_r1_C0_DEFAULT_N2048_q16_rep1,4,R1_EVENT_OVERLAP,NCCL,C0_DEFAULT,2048,2048,2048,16,4,1048576,4,0,1099.392,1369.376,1657.184,289.696,PASS,0
PHASEB_formal_r1_C0_DEFAULT_N2048_q16_rep1,4,R1_EVENT_OVERLAP,NCCL,C0_DEFAULT,2048,2048,2048,16,5,1048576,4,0,1378.816,1660.544,1972.032,311.488,PASS,0
PHASEB_formal_r1_C0_DEFAULT_N2048_q16_rep1,4,R1_EVENT_OVERLAP,NCCL,C0_DEFAULT,2048,2048,2048,16,6,1048576,4,0,1693.152,1975.392,2271.936,296.544,PASS,0
PHASEB_formal_r1_C0_DEFAULT_N2048_q16_rep1,4,R1_EVENT_OVERLAP,NCCL,C0_DEFAULT,2048,2048,2048,16,7,1048576,4,0,1982.496,2275.232,2592.640,317.408,PASS,0
PHASEB_formal_r1_C0_DEFAULT_N2048_q16_rep1,4,R1_EVENT_OVERLAP,NCCL,C0_DEFAULT,2048,2048,2048,16,8,1048576,4,0,2309.920,2596.384,2888.608,317.088,PASS,0
PHASEB_formal_r1_C0_DEFAULT_N2048_q16_rep1,4,R1_EVENT_OVERLAP,NCCL,C0_DEFAULT,2048,2048,2048,16,9,1048576,4,0,2610.176,2892.160,3200.160,312.000,PASS,0
PHASEB_formal_r1_C0_DEFAULT_N2048_q16_rep1,4,R1_EVENT_OVERLAP,NCCL,C0_DEFAULT,2048,2048,2048,16,10,1048576,4,0,2911.936,3203.584,3492.384,308.384,PASS,0
PHASEB_formal_r1_C0_DEFAULT_N2048_q16_rep1,4,R1_EVENT_OVERLAP,NCCL,C0_DEFAULT,2048,2048,2048,16,11,1048576,4,0,3209.792,3495.648,3811.392,315.744,PASS,0
PHASEB_formal_r1_C0_DEFAULT_N2048_q16_rep1,4,R1_EVENT_OVERLAP,NCCL,C0_DEFAULT,2048,2048,2048,16,12,1048576,4,0,3531.584,3814.752,4110.560,312.032,PASS,0
PHASEB_formal_r1_C0_DEFAULT_N2048_q16_rep1,4,R1_EVENT_OVERLAP,NCCL,C0_DEFAULT,2048,2048,2048,16,13,1048576,4,0,3820.832,4113.920,4407.232,308.992,PASS,0
PHASEB_formal_r1_C0_DEFAULT_N2048_q16_rep1,4,R1_EVENT_OVERLAP,NCCL,C0_DEFAULT,2048,2048,2048,16,14,1048576,4,0,4124.960,4411.008,4708.224,298.272,PASS,0
PHASEB_formal_r1_C0_DEFAULT_N2048_q16_rep1,4,R1_EVENT_OVERLAP,NCCL,C0_DEFAULT,2048,2048,2048,16,15,1048576,4,0,4426.240,4711.648,4971.008,259.680,PASS,0
PHASEB_formal_r1_C0_DEFAULT_N2048_q16_rep1,4,R1_EVENT_OVERLAP,NCCL,C0_DEFAULT,2048,2048,2048,16,0,1048576,5,0,124.160,130.560,449.472,319.232,PASS,0
PHASEB_formal_r1_C0_DEFAULT_N2048_q16_rep1,4,R1_EVENT_OVERLAP,NCCL,C0_DEFAULT,2048,2048,2048,16,1,1048576,5,0,197.344,452.768,758.848,314.112,PASS,0
PHASEB_formal_r1_C0_DEFAULT_N2048_q16_rep1,4,R1_EVENT_OVERLAP,NCCL,C0_DEFAULT,2048,2048,2048,16,2,1048576,5,0,424.864,763.200,1075.328,312.128,PASS,0
PHASEB_formal_r1_C0_DEFAULT_N2048_q16_rep1,4,R1_EVENT_OVERLAP,NCCL,C0_DEFAULT,2048,2048,2048,16,3,1048576,5,0,500.448,1079.392,1403.936,324.544,PASS,0
PHASEB_formal_r1_C0_DEFAULT_N2048_q16_rep1,4,R1_EVENT_OVERLAP,NCCL,C0_DEFAULT,2048,2048,2048,16,4,1048576,5,0,728.256,1407.680,1724.096,316.416,PASS,0
PHASEB_formal_r1_C0_DEFAULT_N2048_q16_rep1,4,R1_EVENT_OVERLAP,NCCL,C0_DEFAULT,2048,2048,2048,16,5,1048576,5,0,805.856,1728.096,2043.264,327.904,PASS,0
PHASEB_formal_r1_C0_DEFAULT_N2048_q16_rep1,4,R1_EVENT_OVERLAP,NCCL,C0_DEFAULT,2048,2048,2048,16,6,1048576,5,0,1033.440,2046.592,2359.968,313.376,PASS,0
PHASEB_formal_r1_C0_DEFAULT_N2048_q16_rep1,4,R1_EVENT_OVERLAP,NCCL,C0_DEFAULT,2048,2048,2048,16,7,1048576,5,0,1129.088,2363.424,2663.904,300.480,PASS,0
PHASEB_formal_r1_C0_DEFAULT_N2048_q16_rep1,4,R1_EVENT_OVERLAP,NCCL,C0_DEFAULT,2048,2048,2048,16,8,1048576,5,0,1355.584,2667.296,2927.648,260.352,PASS,0
PHASEB_formal_r1_C0_DEFAULT_N2048_q16_rep1,4,R1_EVENT_OVERLAP,NCCL,C0_DEFAULT,2048,2048,2048,16,9,1048576,5,0,1442.752,2931.072,3192.192,261.120,PASS,0
PHASEB_formal_r1_C0_DEFAULT_N2048_q16_rep1,4,R1_EVENT_OVERLAP,NCCL,C0_DEFAULT,2048,2048,2048,16,10,1048576,5,0,1670.432,3195.648,3455.552,259.904,PASS,0
PHASEB_formal_r1_C0_DEFAULT_N2048_q16_rep1,4,R1_EVENT_OVERLAP,NCCL,C0_DEFAULT,2048,2048,2048,16,11,1048576,5,0,1777.024,3458.976,3720.352,261.376,PASS,0
PHASEB_formal_r1_C0_DEFAULT_N2048_q16_rep1,4,R1_EVENT_OVERLAP,NCCL,C0_DEFAULT,2048,2048,2048,16,12,1048576,5,0,1999.072,3723.840,3983.840,260.000,PASS,0
PHASEB_formal_r1_C0_DEFAULT_N2048_q16_rep1,4,R1_EVENT_OVERLAP,NCCL,C0_DEFAULT,2048,2048,2048,16,13,1048576,5,0,2082.976,3987.264,4248.224,260.960,PASS,0
PHASEB_formal_r1_C0_DEFAULT_N2048_q16_rep1,4,R1_EVENT_OVERLAP,NCCL,C0_DEFAULT,2048,2048,2048,16,14,1048576,5,0,2310.208,4251.648,4512.800,261.152,PASS,0
PHASEB_formal_r1_C0_DEFAULT_N2048_q16_rep1,4,R1_EVENT_OVERLAP,NCCL,C0_DEFAULT,2048,2048,2048,16,15,1048576,5,0,2389.696,4516.224,4776.384,260.160,PASS,0
PHASEB_formal_r1_C0_DEFAULT_N2048_q16_rep1,4,R1_EVENT_OVERLAP,NCCL,C0_DEFAULT,2048,2048,2048,16,0,1048576,6,0,126.592,132.800,444.960,312.384,PASS,0
PHASEB_formal_r1_C0_DEFAULT_N2048_q16_rep1,4,R1_EVENT_OVERLAP,NCCL,C0_DEFAULT,2048,2048,2048,16,1,1048576,6,0,215.168,448.416,725.408,276.992,PASS,0
PHASEB_formal_r1_C0_DEFAULT_N2048_q16_rep1,4,R1_EVENT_OVERLAP,NCCL,C0_DEFAULT,2048,2048,2048,16,2,1048576,6,0,454.912,729.248,1041.376,312.128,PASS,0
PHASEB_formal_r1_C0_DEFAULT_N2048_q16_rep1,4,R1_EVENT_OVERLAP,NCCL,C0_DEFAULT,2048,2048,2048,16,3,1048576,6,0,765.120,1044.864,1322.496,277.632,PASS,0
PHASEB_formal_r1_C0_DEFAULT_N2048_q16_rep1,4,R1_EVENT_OVERLAP,NCCL,C0_DEFAULT,2048,2048,2048,16,4,1048576,6,0,1051.136,1325.824,1639.200,313.376,PASS,0
PHASEB_formal_r1_C0_DEFAULT_N2048_q16_rep1,4,R1_EVENT_OVERLAP,NCCL,C0_DEFAULT,2048,2048,2048,16,5,1048576,6,0,1360.192,1642.592,1941.440,315.072,PASS,0
PHASEB_formal_r1_C0_DEFAULT_N2048_q16_rep1,4,R1_EVENT_OVERLAP,NCCL,C0_DEFAULT,2048,2048,2048,16,6,1048576,6,0,1653.088,1944.896,2261.824,318.752,PASS,0
PHASEB_formal_r1_C0_DEFAULT_N2048_q16_rep1,4,R1_EVENT_OVERLAP,NCCL,C0_DEFAULT,2048,2048,2048,16,7,1048576,6,0,1968.064,2265.312,2559.232,325.184,PASS,0
PHASEB_formal_r1_C0_DEFAULT_N2048_q16_rep1,4,R1_EVENT_OVERLAP,NCCL,C0_DEFAULT,2048,2048,2048,16,8,1048576,6,0,2273.472,2563.744,2875.040,311.296,PASS,0
PHASEB_formal_r1_C0_DEFAULT_N2048_q16_rep1,4,R1_EVENT_OVERLAP,NCCL,C0_DEFAULT,2048,2048,2048,16,9,1048576,6,0,2585.664,2879.072,3162.208,312.000,PASS,0
PHASEB_formal_r1_C0_DEFAULT_N2048_q16_rep1,4,R1_EVENT_OVERLAP,NCCL,C0_DEFAULT,2048,2048,2048,16,10,1048576,6,0,2885.536,3165.536,3474.240,312.544,PASS,0
PHASEB_formal_r1_C0_DEFAULT_N2048_q16_rep1,4,R1_EVENT_OVERLAP,NCCL,C0_DEFAULT,2048,2048,2048,16,11,1048576,6,0,3194.176,3477.920,3754.272,308.128,PASS,0
PHASEB_formal_r1_C0_DEFAULT_N2048_q16_rep1,4,R1_EVENT_OVERLAP,NCCL,C0_DEFAULT,2048,2048,2048,16,12,1048576,6,0,3484.320,3757.664,4067.936,311.072,PASS,0
PHASEB_formal_r1_C0_DEFAULT_N2048_q16_rep1,4,R1_EVENT_OVERLAP,NCCL,C0_DEFAULT,2048,2048,2048,16,13,1048576,6,0,3792.928,4071.360,4342.656,275.968,PASS,0
PHASEB_formal_r1_C0_DEFAULT_N2048_q16_rep1,4,R1_EVENT_OVERLAP,NCCL,C0_DEFAULT,2048,2048,2048,16,14,1048576,6,0,4077.792,4346.080,4644.672,300.000,PASS,0
PHASEB_formal_r1_C0_DEFAULT_N2048_q16_rep1,4,R1_EVENT_OVERLAP,NCCL,C0_DEFAULT,2048,2048,2048,16,15,1048576,6,0,4385.696,4648.160,4905.920,259.264,PASS,0
PHASEB_formal_r1_C0_DEFAULT_N2048_q16_rep1,4,R1_EVENT_OVERLAP,NCCL,C0_DEFAULT,2048,2048,2048,16,0,1048576,7,0,124.576,131.232,445.088,313.856,PASS,0
PHASEB_formal_r1_C0_DEFAULT_N2048_q16_rep1,4,R1_EVENT_OVERLAP,NCCL,C0_DEFAULT,2048,2048,2048,16,1,1048576,7,0,197.888,448.768,760.384,311.616,PASS,0
PHASEB_formal_r1_C0_DEFAULT_N2048_q16_rep1,4,R1_EVENT_OVERLAP,NCCL,C0_DEFAULT,2048,2048,2048,16,2,1048576,7,0,424.896,763.648,1068.768,315.552,PASS,0
PHASEB_formal_r1_C0_DEFAULT_N2048_q16_rep1,4,R1_EVENT_OVERLAP,NCCL,C0_DEFAULT,2048,2048,2048,16,3,1048576,7,0,515.072,1072.064,1381.568,310.528,PASS,0
PHASEB_formal_r1_C0_DEFAULT_N2048_q16_rep1,4,R1_EVENT_OVERLAP,NCCL,C0_DEFAULT,2048,2048,2048,16,4,1048576,7,0,737.344,1386.048,1694.784,320.288,PASS,0
PHASEB_formal_r1_C0_DEFAULT_N2048_q16_rep1,4,R1_EVENT_OVERLAP,NCCL,C0_DEFAULT,2048,2048,2048,16,5,1048576,7,0,813.536,1698.592,1994.400,308.448,PASS,0
PHASEB_formal_r1_C0_DEFAULT_N2048_q16_rep1,4,R1_EVENT_OVERLAP,NCCL,C0_DEFAULT,2048,2048,2048,16,6,1048576,7,0,1041.056,1997.952,2291.776,314.976,PASS,0
PHASEB_formal_r1_C0_DEFAULT_N2048_q16_rep1,4,R1_EVENT_OVERLAP,NCCL,C0_DEFAULT,2048,2048,2048,16,7,1048576,7,0,1118.144,2295.296,2601.792,311.296,PASS,0
PHASEB_formal_r1_C0_DEFAULT_N2048_q16_rep1,4,R1_EVENT_OVERLAP,NCCL,C0_DEFAULT,2048,2048,2048,16,8,1048576,7,0,1348.544,2605.184,2890.656,320.032,PASS,0
PHASEB_formal_r1_C0_DEFAULT_N2048_q16_rep1,4,R1_EVENT_OVERLAP,NCCL,C0_DEFAULT,2048,2048,2048,16,9,1048576,7,0,1443.552,2894.048,3203.488,309.856,PASS,0
PHASEB_formal_r1_C0_DEFAULT_N2048_q16_rep1,4,R1_EVENT_OVERLAP,NCCL,C0_DEFAULT,2048,2048,2048,16,10,1048576,7,0,1704.896,3206.976,3467.200,260.224,PASS,0
PHASEB_formal_r1_C0_DEFAULT_N2048_q16_rep1,4,R1_EVENT_OVERLAP,NCCL,C0_DEFAULT,2048,2048,2048,16,11,1048576,7,0,2012.160,3470.592,3731.392,261.152,PASS,0
PHASEB_formal_r1_C0_DEFAULT_N2048_q16_rep1,4,R1_EVENT_OVERLAP,NCCL,C0_DEFAULT,2048,2048,2048,16,12,1048576,7,0,2313.088,3734.816,3995.296,260.480,PASS,0
PHASEB_formal_r1_C0_DEFAULT_N2048_q16_rep1,4,R1_EVENT_OVERLAP,NCCL,C0_DEFAULT,2048,2048,2048,16,13,1048576,7,0,2612.640,3998.656,4259.808,261.152,PASS,0
PHASEB_formal_r1_C0_DEFAULT_N2048_q16_rep1,4,R1_EVENT_OVERLAP,NCCL,C0_DEFAULT,2048,2048,2048,16,14,1048576,7,0,2928.352,4263.232,4523.616,260.384,PASS,0
PHASEB_formal_r1_C0_DEFAULT_N2048_q16_rep1,4,R1_EVENT_OVERLAP,NCCL,C0_DEFAULT,2048,2048,2048,16,15,1048576,7,0,3213.696,4527.040,4788.448,261.408,PASS,0
PHASEB_formal_r1_C0_DEFAULT_N2048_q16_rep1,4,R1_EVENT_OVERLAP,NCCL,C0_DEFAULT,2048,2048,2048,16,0,1048576,8,0,123.744,130.240,443.328,313.088,PASS,0
PHASEB_formal_r1_C0_DEFAULT_N2048_q16_rep1,4,R1_EVENT_OVERLAP,NCCL,C0_DEFAULT,2048,2048,2048,16,1,1048576,8,0,198.016,446.944,757.344,314.656,PASS,0
PHASEB_formal_r1_C0_DEFAULT_N2048_q16_rep1,4,R1_EVENT_OVERLAP,NCCL,C0_DEFAULT,2048,2048,2048,16,2,1048576,8,0,435.808,761.248,1070.784,311.392,PASS,0
PHASEB_formal_r1_C0_DEFAULT_N2048_q16_rep1,4,R1_EVENT_OVERLAP,NCCL,C0_DEFAULT,2048,2048,2048,16,3,1048576,8,0,526.272,1074.304,1361.632,322.656,PASS,0
PHASEB_formal_r1_C0_DEFAULT_N2048_q16_rep1,4,R1_EVENT_OVERLAP,NCCL,C0_DEFAULT,2048,2048,2048,16,4,1048576,8,0,759.616,1364.896,1674.784,322.464,PASS,0
PHASEB_formal_r1_C0_DEFAULT_N2048_q16_rep1,4,R1_EVENT_OVERLAP,NCCL,C0_DEFAULT,2048,2048,2048,16,5,1048576,8,0,1081.088,1678.432,1959.360,284.192,PASS,0
PHASEB_formal_r1_C0_DEFAULT_N2048_q16_rep1,4,R1_EVENT_OVERLAP,NCCL,C0_DEFAULT,2048,2048,2048,16,6,1048576,8,0,1400.224,1962.880,2275.392,313.760,PASS,0
PHASEB_formal_r1_C0_DEFAULT_N2048_q16_rep1,4,R1_EVENT_OVERLAP,NCCL,C0_DEFAULT,2048,2048,2048,16,7,1048576,8,0,1688.544,2278.784,2559.584,284.768,PASS,0
PHASEB_formal_r1_C0_DEFAULT_N2048_q16_rep1,4,R1_EVENT_OVERLAP,NCCL,C0_DEFAULT,2048,2048,2048,16,8,1048576,8,0,1994.144,2562.976,2873.504,313.280,PASS,0
PHASEB_formal_r1_C0_DEFAULT_N2048_q16_rep1,4,R1_EVENT_OVERLAP,NCCL,C0_DEFAULT,2048,2048,2048,16,9,1048576,8,0,2285.088,2876.928,3150.752,275.520,PASS,0
PHASEB_formal_r1_C0_DEFAULT_N2048_q16_rep1,4,R1_EVENT_OVERLAP,NCCL,C0_DEFAULT,2048,2048,2048,16,10,1048576,8,0,2597.056,3154.144,3465.472,311.328,PASS,0
PHASEB_formal_r1_C0_DEFAULT_N2048_q16_rep1,4,R1_EVENT_OVERLAP,NCCL,C0_DEFAULT,2048,2048,2048,16,11,1048576,8,0,2884.640,3468.992,3750.784,281.792,PASS,0
PHASEB_formal_r1_C0_DEFAULT_N2048_q16_rep1,4,R1_EVENT_OVERLAP,NCCL,C0_DEFAULT,2048,2048,2048,16,12,1048576,8,0,3192.896,3754.208,4066.816,318.560,PASS,0
PHASEB_formal_r1_C0_DEFAULT_N2048_q16_rep1,4,R1_EVENT_OVERLAP,NCCL,C0_DEFAULT,2048,2048,2048,16,13,1048576,8,0,3475.232,4070.272,4338.304,296.160,PASS,0
PHASEB_formal_r1_C0_DEFAULT_N2048_q16_rep1,4,R1_EVENT_OVERLAP,NCCL,C0_DEFAULT,2048,2048,2048,16,14,1048576,8,0,3792.064,4341.664,4601.888,261.280,PASS,0
PHASEB_formal_r1_C0_DEFAULT_N2048_q16_rep1,4,R1_EVENT_OVERLAP,NCCL,C0_DEFAULT,2048,2048,2048,16,15,1048576,8,0,4076.640,4605.216,4862.592,259.200,PASS,0
PHASEB_formal_r1_C0_DEFAULT_N2048_q16_rep1,4,R1_EVENT_OVERLAP,NCCL,C0_DEFAULT,2048,2048,2048,16,0,1048576,9,0,125.120,132.352,449.120,320.192,PASS,0
PHASEB_formal_r1_C0_DEFAULT_N2048_q16_rep1,4,R1_EVENT_OVERLAP,NCCL,C0_DEFAULT,2048,2048,2048,16,1,1048576,9,0,199.968,452.640,761.504,308.864,PASS,0
PHASEB_formal_r1_C0_DEFAULT_N2048_q16_rep1,4,R1_EVENT_OVERLAP,NCCL,C0_DEFAULT,2048,2048,2048,16,2,1048576,9,0,453.920,765.152,1058.304,325.952,PASS,0
PHASEB_formal_r1_C0_DEFAULT_N2048_q16_rep1,4,R1_EVENT_OVERLAP,NCCL,C0_DEFAULT,2048,2048,2048,16,3,1048576,9,0,772.288,1061.728,1376.480,318.560,PASS,0
PHASEB_formal_r1_C0_DEFAULT_N2048_q16_rep1,4,R1_EVENT_OVERLAP,NCCL,C0_DEFAULT,2048,2048,2048,16,4,1048576,9,0,1091.360,1379.968,1674.944,315.360,PASS,0
PHASEB_formal_r1_C0_DEFAULT_N2048_q16_rep1,4,R1_EVENT_OVERLAP,NCCL,C0_DEFAULT,2048,2048,2048,16,5,1048576,9,0,1386.976,1678.752,1986.400,322.752,PASS,0
PHASEB_formal_r1_C0_DEFAULT_N2048_q16_rep1,4,R1_EVENT_OVERLAP,NCCL,C0_DEFAULT,2048,2048,2048,16,6,1048576,9,0,1695.232,1991.424,2294.272,312.800,PASS,0
PHASEB_formal_r1_C0_DEFAULT_N2048_q16_rep1,4,R1_EVENT_OVERLAP,NCCL,C0_DEFAULT,2048,2048,2048,16,7,1048576,9,0,2005.344,2297.728,2605.536,314.304,PASS,0
PHASEB_formal_r1_C0_DEFAULT_N2048_q16_rep1,4,R1_EVENT_OVERLAP,NCCL,C0_DEFAULT,2048,2048,2048,16,8,1048576,9,0,2314.240,2609.216,2896.608,313.088,PASS,0
PHASEB_formal_r1_C0_DEFAULT_N2048_q16_rep1,4,R1_EVENT_OVERLAP,NCCL,C0_DEFAULT,2048,2048,2048,16,9,1048576,9,0,2616.288,2903.808,3212.800,314.368,PASS,0
PHASEB_formal_r1_C0_DEFAULT_N2048_q16_rep1,4,R1_EVENT_OVERLAP,NCCL,C0_DEFAULT,2048,2048,2048,16,10,1048576,9,0,2931.872,3216.256,3487.392,276.352,PASS,0
PHASEB_formal_r1_C0_DEFAULT_N2048_q16_rep1,4,R1_EVENT_OVERLAP,NCCL,C0_DEFAULT,2048,2048,2048,16,11,1048576,9,0,3222.624,3490.784,3801.824,311.040,PASS,0
PHASEB_formal_r1_C0_DEFAULT_N2048_q16_rep1,4,R1_EVENT_OVERLAP,NCCL,C0_DEFAULT,2048,2048,2048,16,12,1048576,9,0,3530.336,3805.248,4078.272,274.912,PASS,0
PHASEB_formal_r1_C0_DEFAULT_N2048_q16_rep1,4,R1_EVENT_OVERLAP,NCCL,C0_DEFAULT,2048,2048,2048,16,13,1048576,9,0,3811.488,4081.632,4392.320,310.688,PASS,0
PHASEB_formal_r1_C0_DEFAULT_N2048_q16_rep1,4,R1_EVENT_OVERLAP,NCCL,C0_DEFAULT,2048,2048,2048,16,14,1048576,9,0,4121.184,4395.744,4655.456,260.832,PASS,0
PHASEB_formal_r1_C0_DEFAULT_N2048_q16_rep1,4,R1_EVENT_OVERLAP,NCCL,C0_DEFAULT,2048,2048,2048,16,15,1048576,9,0,4402.848,4658.912,4918.784,260.192,PASS,0
PHASEB_formal_r1_C0_DEFAULT_N2048_q16_rep1,4,R1_EVENT_OVERLAP,NCCL,C0_DEFAULT,2048,2048,2048,16,0,1048576,10,0,124.512,130.880,445.184,317.792,PASS,0
PHASEB_formal_r1_C0_DEFAULT_N2048_q16_rep1,4,R1_EVENT_OVERLAP,NCCL,C0_DEFAULT,2048,2048,2048,16,1,1048576,10,0,198.272,448.576,760.800,312.224,PASS,0
PHASEB_formal_r1_C0_DEFAULT_N2048_q16_rep1,4,R1_EVENT_OVERLAP,NCCL,C0_DEFAULT,2048,2048,2048,16,2,1048576,10,0,452.704,764.160,1049.760,318.048,PASS,0
PHASEB_formal_r1_C0_DEFAULT_N2048_q16_rep1,4,R1_EVENT_OVERLAP,NCCL,C0_DEFAULT,2048,2048,2048,16,3,1048576,10,0,770.592,1053.024,1365.600,312.576,PASS,0
PHASEB_formal_r1_C0_DEFAULT_N2048_q16_rep1,4,R1_EVENT_OVERLAP,NCCL,C0_DEFAULT,2048,2048,2048,16,4,1048576,10,0,1077.920,1369.280,1658.176,309.344,PASS,0
PHASEB_formal_r1_C0_DEFAULT_N2048_q16_rep1,4,R1_EVENT_OVERLAP,NCCL,C0_DEFAULT,2048,2048,2048,16,5,1048576,10,0,1375.744,1661.632,1971.968,312.160,PASS,0
PHASEB_formal_r1_C0_DEFAULT_N2048_q16_rep1,4,R1_EVENT_OVERLAP,NCCL,C0_DEFAULT,2048,2048,2048,16,6,1048576,10,0,1685.280,1975.552,2259.392,312.896,PASS,0
PHASEB_formal_r1_C0_DEFAULT_N2048_q16_rep1,4,R1_EVENT_OVERLAP,NCCL,C0_DEFAULT,2048,2048,2048,16,7,1048576,10,0,1981.952,2262.848,2580.384,317.536,PASS,0
PHASEB_formal_r1_C0_DEFAULT_N2048_q16_rep1,4,R1_EVENT_OVERLAP,NCCL,C0_DEFAULT,2048,2048,2048,16,8,1048576,10,0,2291.232,2583.744,2891.936,308.192,PASS,0
PHASEB_formal_r1_C0_DEFAULT_N2048_q16_rep1,4,R1_EVENT_OVERLAP,NCCL,C0_DEFAULT,2048,2048,2048,16,9,1048576,10,0,2580.256,2895.360,3204.736,314.208,PASS,0
PHASEB_formal_r1_C0_DEFAULT_N2048_q16_rep1,4,R1_EVENT_OVERLAP,NCCL,C0_DEFAULT,2048,2048,2048,16,10,1048576,10,0,2886.336,3208.160,3517.952,309.792,PASS,0
PHASEB_formal_r1_C0_DEFAULT_N2048_q16_rep1,4,R1_EVENT_OVERLAP,NCCL,C0_DEFAULT,2048,2048,2048,16,11,1048576,10,0,3163.840,3521.344,3829.792,314.112,PASS,0
PHASEB_formal_r1_C0_DEFAULT_N2048_q16_rep1,4,R1_EVENT_OVERLAP,NCCL,C0_DEFAULT,2048,2048,2048,16,12,1048576,10,0,3470.816,3833.632,4139.264,306.688,PASS,0
PHASEB_formal_r1_C0_DEFAULT_N2048_q16_rep1,4,R1_EVENT_OVERLAP,NCCL,C0_DEFAULT,2048,2048,2048,16,13,1048576,10,0,3758.816,4142.656,4457.536,314.880,PASS,0
PHASEB_formal_r1_C0_DEFAULT_N2048_q16_rep1,4,R1_EVENT_OVERLAP,NCCL,C0_DEFAULT,2048,2048,2048,16,14,1048576,10,0,4065.088,4460.960,4721.664,261.504,PASS,0
PHASEB_formal_r1_C0_DEFAULT_N2048_q16_rep1,4,R1_EVENT_OVERLAP,NCCL,C0_DEFAULT,2048,2048,2048,16,15,1048576,10,0,4353.408,4725.088,4984.128,259.360,PASS,0
PHASEB_formal_r1_C0_DEFAULT_N2048_q16_rep1,4,R1_EVENT_OVERLAP,NCCL,C0_DEFAULT,2048,2048,2048,16,0,1048576,11,0,125.120,131.392,446.112,314.720,PASS,0
PHASEB_formal_r1_C0_DEFAULT_N2048_q16_rep1,4,R1_EVENT_OVERLAP,NCCL,C0_DEFAULT,2048,2048,2048,16,1,1048576,11,0,211.520,449.568,723.200,275.232,PASS,0
PHASEB_formal_r1_C0_DEFAULT_N2048_q16_rep1,4,R1_EVENT_OVERLAP,NCCL,C0_DEFAULT,2048,2048,2048,16,2,1048576,11,0,456.256,729.536,1045.568,317.312,PASS,0
PHASEB_formal_r1_C0_DEFAULT_N2048_q16_rep1,4,R1_EVENT_OVERLAP,NCCL,C0_DEFAULT,2048,2048,2048,16,3,1048576,11,0,770.144,1049.440,1329.792,284.736,PASS,0
PHASEB_formal_r1_C0_DEFAULT_N2048_q16_rep1,4,R1_EVENT_OVERLAP,NCCL,C0_DEFAULT,2048,2048,2048,16,4,1048576,11,0,1055.776,1333.600,1644.384,310.944,PASS,0
PHASEB_formal_r1_C0_DEFAULT_N2048_q16_rep1,4,R1_EVENT_OVERLAP,NCCL,C0_DEFAULT,2048,2048,2048,16,5,1048576,11,0,1368.768,1647.808,1949.312,314.240,PASS,0
PHASEB_formal_r1_C0_DEFAULT_N2048_q16_rep1,4,R1_EVENT_OVERLAP,NCCL,C0_DEFAULT,2048,2048,2048,16,6,1048576,11,0,1657.952,1961.024,2243.104,311.808,PASS,0
PHASEB_formal_r1_C0_DEFAULT_N2048_q16_rep1,4,R1_EVENT_OVERLAP,NCCL,C0_DEFAULT,2048,2048,2048,16,7,1048576,11,0,1974.080,2246.816,2557.024,314.368,PASS,0
PHASEB_formal_r1_C0_DEFAULT_N2048_q16_rep1,4,R1_EVENT_OVERLAP,NCCL,C0_DEFAULT,2048,2048,2048,16,8,1048576,11,0,2273.632,2560.576,2837.344,276.768,PASS,0
PHASEB_formal_r1_C0_DEFAULT_N2048_q16_rep1,4,R1_EVENT_OVERLAP,NCCL,C0_DEFAULT,2048,2048,2048,16,9,1048576,11,0,2566.784,2841.056,3150.848,311.904,PASS,0
PHASEB_formal_r1_C0_DEFAULT_N2048_q16_rep1,4,R1_EVENT_OVERLAP,NCCL,C0_DEFAULT,2048,2048,2048,16,10,1048576,11,0,2875.040,3154.272,3441.920,305.152,PASS,0
PHASEB_formal_r1_C0_DEFAULT_N2048_q16_rep1,4,R1_EVENT_OVERLAP,NCCL,C0_DEFAULT,2048,2048,2048,16,11,1048576,11,0,3160.448,3445.664,3754.688,310.624,PASS,0
PHASEB_formal_r1_C0_DEFAULT_N2048_q16_rep1,4,R1_EVENT_OVERLAP,NCCL,C0_DEFAULT,2048,2048,2048,16,12,1048576,11,0,3471.456,3758.400,4041.056,308.384,PASS,0
PHASEB_formal_r1_C0_DEFAULT_N2048_q16_rep1,4,R1_EVENT_OVERLAP,NCCL,C0_DEFAULT,2048,2048,2048,16,13,1048576,11,0,3764.960,4044.416,4353.184,309.632,PASS,0
PHASEB_formal_r1_C0_DEFAULT_N2048_q16_rep1,4,R1_EVENT_OVERLAP,NCCL,C0_DEFAULT,2048,2048,2048,16,14,1048576,11,0,4070.336,4356.608,4637.408,296.352,PASS,0
PHASEB_formal_r1_C0_DEFAULT_N2048_q16_rep1,4,R1_EVENT_OVERLAP,NCCL,C0_DEFAULT,2048,2048,2048,16,15,1048576,11,0,4363.008,4641.152,4901.536,260.384,PASS,0
PHASEB_formal_r1_C0_DEFAULT_N2048_q16_rep1,4,R1_EVENT_OVERLAP,NCCL,C0_DEFAULT,2048,2048,2048,16,0,1048576,12,0,127.328,133.792,448.928,317.216,PASS,0
PHASEB_formal_r1_C0_DEFAULT_N2048_q16_rep1,4,R1_EVENT_OVERLAP,NCCL,C0_DEFAULT,2048,2048,2048,16,1,1048576,12,0,201.472,452.576,763.392,311.104,PASS,0
PHASEB_formal_r1_C0_DEFAULT_N2048_q16_rep1,4,R1_EVENT_OVERLAP,NCCL,C0_DEFAULT,2048,2048,2048,16,2,1048576,12,0,442.816,766.880,1082.816,315.936,PASS,0
PHASEB_formal_r1_C0_DEFAULT_N2048_q16_rep1,4,R1_EVENT_OVERLAP,NCCL,C0_DEFAULT,2048,2048,2048,16,3,1048576,12,0,520.384,1086.368,1362.368,309.792,PASS,0
PHASEB_formal_r1_C0_DEFAULT_N2048_q16_rep1,4,R1_EVENT_OVERLAP,NCCL,C0_DEFAULT,2048,2048,2048,16,4,1048576,12,0,766.784,1365.696,1675.808,311.872,PASS,0
PHASEB_formal_r1_C0_DEFAULT_N2048_q16_rep1,4,R1_EVENT_OVERLAP,NCCL,C0_DEFAULT,2048,2048,2048,16,5,1048576,12,0,1093.504,1679.456,1952.544,276.192,PASS,0
PHASEB_formal_r1_C0_DEFAULT_N2048_q16_rep1,4,R1_EVENT_OVERLAP,NCCL,C0_DEFAULT,2048,2048,2048,16,6,1048576,12,0,1400.992,1956.000,2267.168,312.928,PASS,0
PHASEB_formal_r1_C0_DEFAULT_N2048_q16_rep1,4,R1_EVENT_OVERLAP,NCCL,C0_DEFAULT,2048,2048,2048,16,7,1048576,12,0,1685.728,2270.528,2545.856,278.432,PASS,0
PHASEB_formal_r1_C0_DEFAULT_N2048_q16_rep1,4,R1_EVENT_OVERLAP,NCCL,C0_DEFAULT,2048,2048,2048,16,8,1048576,12,0,1996.576,2549.408,2860.064,312.224,PASS,0
PHASEB_formal_r1_C0_DEFAULT_N2048_q16_rep1,4,R1_EVENT_OVERLAP,NCCL,C0_DEFAULT,2048,2048,2048,16,9,1048576,12,0,2277.568,2863.520,3135.840,279.168,PASS,0
PHASEB_formal_r1_C0_DEFAULT_N2048_q16_rep1,4,R1_EVENT_OVERLAP,NCCL,C0_DEFAULT,2048,2048,2048,16,10,1048576,12,0,2584.192,3139.200,3454.304,318.240,PASS,0
PHASEB_formal_r1_C0_DEFAULT_N2048_q16_rep1,4,R1_EVENT_OVERLAP,NCCL,C0_DEFAULT,2048,2048,2048,16,11,1048576,12,0,2870.048,3457.856,3771.296,313.440,PASS,0
PHASEB_formal_r1_C0_DEFAULT_N2048_q16_rep1,4,R1_EVENT_OVERLAP,NCCL,C0_DEFAULT,2048,2048,2048,16,12,1048576,12,0,3175.584,3774.752,4049.824,313.856,PASS,0
PHASEB_formal_r1_C0_DEFAULT_N2048_q16_rep1,4,R1_EVENT_OVERLAP,NCCL,C0_DEFAULT,2048,2048,2048,16,13,1048576,12,0,3460.192,4053.280,4349.056,297.920,PASS,0
PHASEB_formal_r1_C0_DEFAULT_N2048_q16_rep1,4,R1_EVENT_OVERLAP,NCCL,C0_DEFAULT,2048,2048,2048,16,14,1048576,12,0,3781.152,4352.576,4612.960,261.088,PASS,0
PHASEB_formal_r1_C0_DEFAULT_N2048_q16_rep1,4,R1_EVENT_OVERLAP,NCCL,C0_DEFAULT,2048,2048,2048,16,15,1048576,12,0,4087.776,4616.416,4874.912,259.872,PASS,0
PHASEB_formal_r1_C0_DEFAULT_N2048_q16_rep1,4,R1_EVENT_OVERLAP,NCCL,C0_DEFAULT,2048,2048,2048,16,0,1048576,13,0,125.952,132.064,445.120,313.952,PASS,0
PHASEB_formal_r1_C0_DEFAULT_N2048_q16_rep1,4,R1_EVENT_OVERLAP,NCCL,C0_DEFAULT,2048,2048,2048,16,1,1048576,13,0,213.024,448.640,758.240,310.944,PASS,0
PHASEB_formal_r1_C0_DEFAULT_N2048_q16_rep1,4,R1_EVENT_OVERLAP,NCCL,C0_DEFAULT,2048,2048,2048,16,2,1048576,13,0,438.816,761.632,1072.928,312.448,PASS,0
PHASEB_formal_r1_C0_DEFAULT_N2048_q16_rep1,4,R1_EVENT_OVERLAP,NCCL,C0_DEFAULT,2048,2048,2048,16,3,1048576,13,0,516.832,1076.256,1388.128,315.296,PASS,0
PHASEB_formal_r1_C0_DEFAULT_N2048_q16_rep1,4,R1_EVENT_OVERLAP,NCCL,C0_DEFAULT,2048,2048,2048,16,4,1048576,13,0,751.520,1391.520,1705.568,316.960,PASS,0
PHASEB_formal_r1_C0_DEFAULT_N2048_q16_rep1,4,R1_EVENT_OVERLAP,NCCL,C0_DEFAULT,2048,2048,2048,16,5,1048576,13,0,839.648,1713.216,2027.680,318.496,PASS,0
PHASEB_formal_r1_C0_DEFAULT_N2048_q16_rep1,4,R1_EVENT_OVERLAP,NCCL,C0_DEFAULT,2048,2048,2048,16,6,1048576,13,0,1064.160,2031.296,2349.824,318.816,PASS,0
PHASEB_formal_r1_C0_DEFAULT_N2048_q16_rep1,4,R1_EVENT_OVERLAP,NCCL,C0_DEFAULT,2048,2048,2048,16,7,1048576,13,0,1151.904,2354.560,2655.200,303.840,PASS,0
PHASEB_formal_r1_C0_DEFAULT_N2048_q16_rep1,4,R1_EVENT_OVERLAP,NCCL,C0_DEFAULT,2048,2048,2048,16,8,1048576,13,0,1380.960,2658.560,2918.816,260.256,PASS,0
PHASEB_formal_r1_C0_DEFAULT_N2048_q16_rep1,4,R1_EVENT_OVERLAP,NCCL,C0_DEFAULT,2048,2048,2048,16,9,1048576,13,0,1455.808,2922.464,3183.392,261.408,PASS,0
PHASEB_formal_r1_C0_DEFAULT_N2048_q16_rep1,4,R1_EVENT_OVERLAP,NCCL,C0_DEFAULT,2048,2048,2048,16,10,1048576,13,0,1679.456,3186.848,3447.040,260.192,PASS,0
PHASEB_formal_r1_C0_DEFAULT_N2048_q16_rep1,4,R1_EVENT_OVERLAP,NCCL,C0_DEFAULT,2048,2048,2048,16,11,1048576,13,0,1776.032,3450.432,3711.520,261.088,PASS,0
PHASEB_formal_r1_C0_DEFAULT_N2048_q16_rep1,4,R1_EVENT_OVERLAP,NCCL,C0_DEFAULT,2048,2048,2048,16,12,1048576,13,0,2003.104,3714.944,3975.264,260.320,PASS,0
PHASEB_formal_r1_C0_DEFAULT_N2048_q16_rep1,4,R1_EVENT_OVERLAP,NCCL,C0_DEFAULT,2048,2048,2048,16,13,1048576,13,0,2090.848,3978.688,4239.808,261.120,PASS,0
PHASEB_formal_r1_C0_DEFAULT_N2048_q16_rep1,4,R1_EVENT_OVERLAP,NCCL,C0_DEFAULT,2048,2048,2048,16,14,1048576,13,0,2319.104,4243.264,4503.424,260.160,PASS,0
PHASEB_formal_r1_C0_DEFAULT_N2048_q16_rep1,4,R1_EVENT_OVERLAP,NCCL,C0_DEFAULT,2048,2048,2048,16,15,1048576,13,0,2414.240,4506.848,4767.072,260.224,PASS,0
PHASEB_formal_r1_C0_DEFAULT_N2048_q16_rep1,4,R1_EVENT_OVERLAP,NCCL,C0_DEFAULT,2048,2048,2048,16,0,1048576,14,0,137.792,144.000,451.040,307.296,PASS,0
PHASEB_formal_r1_C0_DEFAULT_N2048_q16_rep1,4,R1_EVENT_OVERLAP,NCCL,C0_DEFAULT,2048,2048,2048,16,1,1048576,14,0,213.888,454.464,771.232,316.768,PASS,0
PHASEB_formal_r1_C0_DEFAULT_N2048_q16_rep1,4,R1_EVENT_OVERLAP,NCCL,C0_DEFAULT,2048,2048,2048,16,2,1048576,14,0,440.480,775.136,1088.064,314.688,PASS,0
PHASEB_formal_r1_C0_DEFAULT_N2048_q16_rep1,4,R1_EVENT_OVERLAP,NCCL,C0_DEFAULT,2048,2048,2048,16,3,1048576,14,0,517.344,1091.456,1399.072,307.616,PASS,0
PHASEB_formal_r1_C0_DEFAULT_N2048_q16_rep1,4,R1_EVENT_OVERLAP,NCCL,C0_DEFAULT,2048,2048,2048,16,4,1048576,14,0,748.160,1402.400,1723.712,321.312,PASS,0
PHASEB_formal_r1_C0_DEFAULT_N2048_q16_rep1,4,R1_EVENT_OVERLAP,NCCL,C0_DEFAULT,2048,2048,2048,16,5,1048576,14,0,826.368,1727.296,2046.144,318.848,PASS,0
PHASEB_formal_r1_C0_DEFAULT_N2048_q16_rep1,4,R1_EVENT_OVERLAP,NCCL,C0_DEFAULT,2048,2048,2048,16,6,1048576,14,0,1050.016,2049.408,2357.120,313.472,PASS,0
PHASEB_formal_r1_C0_DEFAULT_N2048_q16_rep1,4,R1_EVENT_OVERLAP,NCCL,C0_DEFAULT,2048,2048,2048,16,7,1048576,14,0,1128.992,2360.576,2658.528,306.496,PASS,0
PHASEB_formal_r1_C0_DEFAULT_N2048_q16_rep1,4,R1_EVENT_OVERLAP,NCCL,C0_DEFAULT,2048,2048,2048,16,8,1048576,14,0,1375.104,2661.920,2923.552,298.016,PASS,0
PHASEB_formal_r1_C0_DEFAULT_N2048_q16_rep1,4,R1_EVENT_OVERLAP,NCCL,C0_DEFAULT,2048,2048,2048,16,9,1048576,14,0,1462.080,2926.976,3187.232,260.256,PASS,0
PHASEB_formal_r1_C0_DEFAULT_N2048_q16_rep1,4,R1_EVENT_OVERLAP,NCCL,C0_DEFAULT,2048,2048,2048,16,10,1048576,14,0,1688.320,3190.656,3450.976,261.216,PASS,0
PHASEB_formal_r1_C0_DEFAULT_N2048_q16_rep1,4,R1_EVENT_OVERLAP,NCCL,C0_DEFAULT,2048,2048,2048,16,11,1048576,14,0,1766.560,3454.400,3714.016,260.192,PASS,0
PHASEB_formal_r1_C0_DEFAULT_N2048_q16_rep1,4,R1_EVENT_OVERLAP,NCCL,C0_DEFAULT,2048,2048,2048,16,12,1048576,14,0,1993.152,3717.440,3978.080,261.344,PASS,0
PHASEB_formal_r1_C0_DEFAULT_N2048_q16_rep1,4,R1_EVENT_OVERLAP,NCCL,C0_DEFAULT,2048,2048,2048,16,13,1048576,14,0,2084.320,3981.472,4241.472,260.000,PASS,0
PHASEB_formal_r1_C0_DEFAULT_N2048_q16_rep1,4,R1_EVENT_OVERLAP,NCCL,C0_DEFAULT,2048,2048,2048,16,14,1048576,14,0,2319.232,4245.056,4506.944,261.888,PASS,0
PHASEB_formal_r1_C0_DEFAULT_N2048_q16_rep1,4,R1_EVENT_OVERLAP,NCCL,C0_DEFAULT,2048,2048,2048,16,15,1048576,14,0,2628.544,4510.368,4768.416,259.008,PASS,0
PHASEB_formal_r1_C0_DEFAULT_N2048_q16_rep1,4,R1_EVENT_OVERLAP,NCCL,C0_DEFAULT,2048,2048,2048,16,0,1048576,15,0,125.504,132.000,447.648,315.648,PASS,0
PHASEB_formal_r1_C0_DEFAULT_N2048_q16_rep1,4,R1_EVENT_OVERLAP,NCCL,C0_DEFAULT,2048,2048,2048,16,1,1048576,15,0,200.448,451.072,764.992,315.424,PASS,0
PHASEB_formal_r1_C0_DEFAULT_N2048_q16_rep1,4,R1_EVENT_OVERLAP,NCCL,C0_DEFAULT,2048,2048,2048,16,2,1048576,15,0,424.128,768.320,1082.848,315.776,PASS,0
PHASEB_formal_r1_C0_DEFAULT_N2048_q16_rep1,4,R1_EVENT_OVERLAP,NCCL,C0_DEFAULT,2048,2048,2048,16,3,1048576,15,0,514.336,1086.208,1400.704,314.592,PASS,0
PHASEB_formal_r1_C0_DEFAULT_N2048_q16_rep1,4,R1_EVENT_OVERLAP,NCCL,C0_DEFAULT,2048,2048,2048,16,4,1048576,15,0,739.776,1404.000,1720.608,319.360,PASS,0
PHASEB_formal_r1_C0_DEFAULT_N2048_q16_rep1,4,R1_EVENT_OVERLAP,NCCL,C0_DEFAULT,2048,2048,2048,16,5,1048576,15,0,829.664,1725.088,2033.984,311.616,PASS,0
PHASEB_formal_r1_C0_DEFAULT_N2048_q16_rep1,4,R1_EVENT_OVERLAP,NCCL,C0_DEFAULT,2048,2048,2048,16,6,1048576,15,0,1068.064,2038.528,2379.872,343.104,PASS,0
PHASEB_formal_r1_C0_DEFAULT_N2048_q16_rep1,4,R1_EVENT_OVERLAP,NCCL,C0_DEFAULT,2048,2048,2048,16,7,1048576,15,0,1379.392,2383.328,2702.144,318.816,PASS,0
PHASEB_formal_r1_C0_DEFAULT_N2048_q16_rep1,4,R1_EVENT_OVERLAP,NCCL,C0_DEFAULT,2048,2048,2048,16,8,1048576,15,0,1661.952,2705.472,3011.488,324.608,PASS,0
PHASEB_formal_r1_C0_DEFAULT_N2048_q16_rep1,4,R1_EVENT_OVERLAP,NCCL,C0_DEFAULT,2048,2048,2048,16,9,1048576,15,0,1972.768,3014.848,3329.856,332.832,PASS,0
PHASEB_formal_r1_C0_DEFAULT_N2048_q16_rep1,4,R1_EVENT_OVERLAP,NCCL,C0_DEFAULT,2048,2048,2048,16,10,1048576,15,0,2258.624,3333.248,3638.688,310.208,PASS,0
PHASEB_formal_r1_C0_DEFAULT_N2048_q16_rep1,4,R1_EVENT_OVERLAP,NCCL,C0_DEFAULT,2048,2048,2048,16,11,1048576,15,0,2567.744,3642.112,3941.088,303.488,PASS,0
PHASEB_formal_r1_C0_DEFAULT_N2048_q16_rep1,4,R1_EVENT_OVERLAP,NCCL,C0_DEFAULT,2048,2048,2048,16,12,1048576,15,0,2850.624,3944.512,4204.896,297.312,PASS,0
PHASEB_formal_r1_C0_DEFAULT_N2048_q16_rep1,4,R1_EVENT_OVERLAP,NCCL,C0_DEFAULT,2048,2048,2048,16,13,1048576,15,0,3159.296,4208.352,4469.664,261.312,PASS,0
PHASEB_formal_r1_C0_DEFAULT_N2048_q16_rep1,4,R1_EVENT_OVERLAP,NCCL,C0_DEFAULT,2048,2048,2048,16,14,1048576,15,0,3441.760,4473.088,4733.184,260.096,PASS,0
PHASEB_formal_r1_C0_DEFAULT_N2048_q16_rep1,4,R1_EVENT_OVERLAP,NCCL,C0_DEFAULT,2048,2048,2048,16,15,1048576,15,0,3750.496,4736.608,4996.544,260.672,PASS,0
PHASEB_formal_r1_C0_DEFAULT_N2048_q16_rep1,4,R1_EVENT_OVERLAP,NCCL,C0_DEFAULT,2048,2048,2048,16,0,1048576,16,0,126.784,132.992,450.432,317.888,PASS,0
PHASEB_formal_r1_C0_DEFAULT_N2048_q16_rep1,4,R1_EVENT_OVERLAP,NCCL,C0_DEFAULT,2048,2048,2048,16,1,1048576,16,0,200.384,453.824,770.400,316.576,PASS,0
PHASEB_formal_r1_C0_DEFAULT_N2048_q16_rep1,4,R1_EVENT_OVERLAP,NCCL,C0_DEFAULT,2048,2048,2048,16,2,1048576,16,0,426.048,773.632,1086.176,314.688,PASS,0
PHASEB_formal_r1_C0_DEFAULT_N2048_q16_rep1,4,R1_EVENT_OVERLAP,NCCL,C0_DEFAULT,2048,2048,2048,16,3,1048576,16,0,516.640,1089.664,1406.336,316.672,PASS,0
PHASEB_formal_r1_C0_DEFAULT_N2048_q16_rep1,4,R1_EVENT_OVERLAP,NCCL,C0_DEFAULT,2048,2048,2048,16,4,1048576,16,0,745.312,1410.720,1730.528,319.808,PASS,0
PHASEB_formal_r1_C0_DEFAULT_N2048_q16_rep1,4,R1_EVENT_OVERLAP,NCCL,C0_DEFAULT,2048,2048,2048,16,5,1048576,16,0,823.904,1734.080,2043.392,309.312,PASS,0
PHASEB_formal_r1_C0_DEFAULT_N2048_q16_rep1,4,R1_EVENT_OVERLAP,NCCL,C0_DEFAULT,2048,2048,2048,16,6,1048576,16,0,1049.088,2046.688,2324.128,311.424,PASS,0
PHASEB_formal_r1_C0_DEFAULT_N2048_q16_rep1,4,R1_EVENT_OVERLAP,NCCL,C0_DEFAULT,2048,2048,2048,16,7,1048576,16,0,1126.848,2327.520,2636.192,310.336,PASS,0
PHASEB_formal_r1_C0_DEFAULT_N2048_q16_rep1,4,R1_EVENT_OVERLAP,NCCL,C0_DEFAULT,2048,2048,2048,16,8,1048576,16,0,1351.840,2639.616,2925.696,308.288,PASS,0
PHASEB_formal_r1_C0_DEFAULT_N2048_q16_rep1,4,R1_EVENT_OVERLAP,NCCL,C0_DEFAULT,2048,2048,2048,16,9,1048576,16,0,1431.392,2929.056,3224.192,298.304,PASS,0
PHASEB_formal_r1_C0_DEFAULT_N2048_q16_rep1,4,R1_EVENT_OVERLAP,NCCL,C0_DEFAULT,2048,2048,2048,16,10,1048576,16,0,1672.672,3227.840,3487.872,260.640,PASS,0
PHASEB_formal_r1_C0_DEFAULT_N2048_q16_rep1,4,R1_EVENT_OVERLAP,NCCL,C0_DEFAULT,2048,2048,2048,16,11,1048576,16,0,1751.328,3491.200,3749.344,261.312,PASS,0
PHASEB_formal_r1_C0_DEFAULT_N2048_q16_rep1,4,R1_EVENT_OVERLAP,NCCL,C0_DEFAULT,2048,2048,2048,16,12,1048576,16,0,2056.640,3752.672,4012.224,261.120,PASS,0
PHASEB_formal_r1_C0_DEFAULT_N2048_q16_rep1,4,R1_EVENT_OVERLAP,NCCL,C0_DEFAULT,2048,2048,2048,16,13,1048576,16,0,2366.848,4015.904,4274.272,260.032,PASS,0
PHASEB_formal_r1_C0_DEFAULT_N2048_q16_rep1,4,R1_EVENT_OVERLAP,NCCL,C0_DEFAULT,2048,2048,2048,16,14,1048576,16,0,2645.952,4277.600,4536.960,261.376,PASS,0
PHASEB_formal_r1_C0_DEFAULT_N2048_q16_rep1,4,R1_EVENT_OVERLAP,NCCL,C0_DEFAULT,2048,2048,2048,16,15,1048576,16,0,2952.928,4540.320,4799.520,259.200,PASS,0
PHASEB_formal_r1_C0_DEFAULT_N2048_q16_rep1,4,R1_EVENT_OVERLAP,NCCL,C0_DEFAULT,2048,2048,2048,16,0,1048576,17,0,123.232,129.856,444.736,314.880,PASS,0
PHASEB_formal_r1_C0_DEFAULT_N2048_q16_rep1,4,R1_EVENT_OVERLAP,NCCL,C0_DEFAULT,2048,2048,2048,16,1,1048576,17,0,198.912,448.128,765.312,317.184,PASS,0
PHASEB_formal_r1_C0_DEFAULT_N2048_q16_rep1,4,R1_EVENT_OVERLAP,NCCL,C0_DEFAULT,2048,2048,2048,16,2,1048576,17,0,431.072,768.736,1082.368,313.632,PASS,0
PHASEB_formal_r1_C0_DEFAULT_N2048_q16_rep1,4,R1_EVENT_OVERLAP,NCCL,C0_DEFAULT,2048,2048,2048,16,3,1048576,17,0,521.440,1085.792,1396.416,311.232,PASS,0
PHASEB_formal_r1_C0_DEFAULT_N2048_q16_rep1,4,R1_EVENT_OVERLAP,NCCL,C0_DEFAULT,2048,2048,2048,16,4,1048576,17,0,766.272,1400.192,1711.424,311.232,PASS,0
PHASEB_formal_r1_C0_DEFAULT_N2048_q16_rep1,4,R1_EVENT_OVERLAP,NCCL,C0_DEFAULT,2048,2048,2048,16,5,1048576,17,0,1075.136,1714.816,2021.728,312.896,PASS,0
PHASEB_formal_r1_C0_DEFAULT_N2048_q16_rep1,4,R1_EVENT_OVERLAP,NCCL,C0_DEFAULT,2048,2048,2048,16,6,1048576,17,0,1364.928,2025.184,2333.696,310.400,PASS,0
PHASEB_formal_r1_C0_DEFAULT_N2048_q16_rep1,4,R1_EVENT_OVERLAP,NCCL,C0_DEFAULT,2048,2048,2048,16,7,1048576,17,0,1672.832,2337.152,2643.040,309.504,PASS,0
PHASEB_formal_r1_C0_DEFAULT_N2048_q16_rep1,4,R1_EVENT_OVERLAP,NCCL,C0_DEFAULT,2048,2048,2048,16,8,1048576,17,0,1956.000,2646.464,2985.376,338.912,PASS,0
PHASEB_formal_r1_C0_DEFAULT_N2048_q16_rep1,4,R1_EVENT_OVERLAP,NCCL,C0_DEFAULT,2048,2048,2048,16,9,1048576,17,0,2265.184,2988.768,3327.232,338.464,PASS,0
PHASEB_formal_r1_C0_DEFAULT_N2048_q16_rep1,4,R1_EVENT_OVERLAP,NCCL,C0_DEFAULT,2048,2048,2048,16,10,1048576,17,0,2573.568,3330.656,3634.560,312.544,PASS,0
PHASEB_formal_r1_C0_DEFAULT_N2048_q16_rep1,4,R1_EVENT_OVERLAP,NCCL,C0_DEFAULT,2048,2048,2048,16,11,1048576,17,0,2871.104,3637.952,3944.096,306.784,PASS,0
PHASEB_formal_r1_C0_DEFAULT_N2048_q16_rep1,4,R1_EVENT_OVERLAP,NCCL,C0_DEFAULT,2048,2048,2048,16,12,1048576,17,0,3179.328,3948.096,4245.728,311.232,PASS,0
PHASEB_formal_r1_C0_DEFAULT_N2048_q16_rep1,4,R1_EVENT_OVERLAP,NCCL,C0_DEFAULT,2048,2048,2048,16,13,1048576,17,0,3460.224,4249.120,4509.216,261.536,PASS,0
PHASEB_formal_r1_C0_DEFAULT_N2048_q16_rep1,4,R1_EVENT_OVERLAP,NCCL,C0_DEFAULT,2048,2048,2048,16,14,1048576,17,0,3768.608,4512.640,4772.352,260.448,PASS,0
PHASEB_formal_r1_C0_DEFAULT_N2048_q16_rep1,4,R1_EVENT_OVERLAP,NCCL,C0_DEFAULT,2048,2048,2048,16,15,1048576,17,0,4060.096,4775.808,5035.200,260.224,PASS,0
PHASEB_formal_r1_C0_DEFAULT_N2048_q16_rep1,4,R1_EVENT_OVERLAP,NCCL,C0_DEFAULT,2048,2048,2048,16,0,1048576,18,0,125.056,131.392,447.904,316.928,PASS,0
PHASEB_formal_r1_C0_DEFAULT_N2048_q16_rep1,4,R1_EVENT_OVERLAP,NCCL,C0_DEFAULT,2048,2048,2048,16,1,1048576,18,0,198.720,451.744,785.568,333.824,PASS,0
PHASEB_formal_r1_C0_DEFAULT_N2048_q16_rep1,4,R1_EVENT_OVERLAP,NCCL,C0_DEFAULT,2048,2048,2048,16,2,1048576,18,0,422.656,788.992,1103.264,314.272,PASS,0
PHASEB_formal_r1_C0_DEFAULT_N2048_q16_rep1,4,R1_EVENT_OVERLAP,NCCL,C0_DEFAULT,2048,2048,2048,16,3,1048576,18,0,515.168,1106.528,1415.616,311.488,PASS,0
PHASEB_formal_r1_C0_DEFAULT_N2048_q16_rep1,4,R1_EVENT_OVERLAP,NCCL,C0_DEFAULT,2048,2048,2048,16,4,1048576,18,0,741.184,1419.104,1729.376,314.560,PASS,0
PHASEB_formal_r1_C0_DEFAULT_N2048_q16_rep1,4,R1_EVENT_OVERLAP,NCCL,C0_DEFAULT,2048,2048,2048,16,5,1048576,18,0,828.032,1732.800,2039.904,309.920,PASS,0
PHASEB_formal_r1_C0_DEFAULT_N2048_q16_rep1,4,R1_EVENT_OVERLAP,NCCL,C0_DEFAULT,2048,2048,2048,16,6,1048576,18,0,1049.952,2043.232,2351.488,310.176,PASS,0
PHASEB_formal_r1_C0_DEFAULT_N2048_q16_rep1,4,R1_EVENT_OVERLAP,NCCL,C0_DEFAULT,2048,2048,2048,16,7,1048576,18,0,1151.904,2354.848,2690.656,335.808,PASS,0
PHASEB_formal_r1_C0_DEFAULT_N2048_q16_rep1,4,R1_EVENT_OVERLAP,NCCL,C0_DEFAULT,2048,2048,2048,16,8,1048576,18,0,1382.592,2693.984,3003.008,309.024,PASS,0
PHASEB_formal_r1_C0_DEFAULT_N2048_q16_rep1,4,R1_EVENT_OVERLAP,NCCL,C0_DEFAULT,2048,2048,2048,16,9,1048576,18,0,1700.672,3006.336,3311.488,334.400,PASS,0
PHASEB_formal_r1_C0_DEFAULT_N2048_q16_rep1,4,R1_EVENT_OVERLAP,NCCL,C0_DEFAULT,2048,2048,2048,16,10,1048576,18,0,1975.136,3314.848,3624.128,327.584,PASS,0
PHASEB_formal_r1_C0_DEFAULT_N2048_q16_rep1,4,R1_EVENT_OVERLAP,NCCL,C0_DEFAULT,2048,2048,2048,16,11,1048576,18,0,2291.776,3627.552,3887.936,297.312,PASS,0
PHASEB_formal_r1_C0_DEFAULT_N2048_q16_rep1,4,R1_EVENT_OVERLAP,NCCL,C0_DEFAULT,2048,2048,2048,16,12,1048576,18,0,2572.352,3891.360,4152.192,260.832,PASS,0
PHASEB_formal_r1_C0_DEFAULT_N2048_q16_rep1,4,R1_EVENT_OVERLAP,NCCL,C0_DEFAULT,2048,2048,2048,16,13,1048576,18,0,2896.000,4155.616,4415.456,259.840,PASS,0
PHASEB_formal_r1_C0_DEFAULT_N2048_q16_rep1,4,R1_EVENT_OVERLAP,NCCL,C0_DEFAULT,2048,2048,2048,16,14,1048576,18,0,3176.064,4418.912,4680.288,261.376,PASS,0
PHASEB_formal_r1_C0_DEFAULT_N2048_q16_rep1,4,R1_EVENT_OVERLAP,NCCL,C0_DEFAULT,2048,2048,2048,16,15,1048576,18,0,3487.136,4683.712,4942.848,259.136,PASS,0
PHASEB_formal_r1_C0_DEFAULT_N2048_q16_rep1,4,R1_EVENT_OVERLAP,NCCL,C0_DEFAULT,2048,2048,2048,16,0,1048576,19,0,123.584,130.304,446.176,316.800,PASS,0
PHASEB_formal_r1_C0_DEFAULT_N2048_q16_rep1,4,R1_EVENT_OVERLAP,NCCL,C0_DEFAULT,2048,2048,2048,16,1,1048576,19,0,210.976,450.080,760.352,310.496,PASS,0
PHASEB_formal_r1_C0_DEFAULT_N2048_q16_rep1,4,R1_EVENT_OVERLAP,NCCL,C0_DEFAULT,2048,2048,2048,16,2,1048576,19,0,450.240,763.680,1050.816,318.656,PASS,0
PHASEB_formal_r1_C0_DEFAULT_N2048_q16_rep1,4,R1_EVENT_OVERLAP,NCCL,C0_DEFAULT,2048,2048,2048,16,3,1048576,19,0,777.248,1054.272,1363.520,318.528,PASS,0
PHASEB_formal_r1_C0_DEFAULT_N2048_q16_rep1,4,R1_EVENT_OVERLAP,NCCL,C0_DEFAULT,2048,2048,2048,16,4,1048576,19,0,1087.456,1366.880,1640.064,276.800,PASS,0
PHASEB_formal_r1_C0_DEFAULT_N2048_q16_rep1,4,R1_EVENT_OVERLAP,NCCL,C0_DEFAULT,2048,2048,2048,16,5,1048576,19,0,1373.536,1643.392,1956.800,313.664,PASS,0
PHASEB_formal_r1_C0_DEFAULT_N2048_q16_rep1,4,R1_EVENT_OVERLAP,NCCL,C0_DEFAULT,2048,2048,2048,16,6,1048576,19,0,1681.632,1960.288,2234.528,274.240,PASS,0
PHASEB_formal_r1_C0_DEFAULT_N2048_q16_rep1,4,R1_EVENT_OVERLAP,NCCL,C0_DEFAULT,2048,2048,2048,16,7,1048576,19,0,1966.624,2238.176,2549.696,311.520,PASS,0
PHASEB_formal_r1_C0_DEFAULT_N2048_q16_rep1,4,R1_EVENT_OVERLAP,NCCL,C0_DEFAULT,2048,2048,2048,16,8,1048576,19,0,2276.000,2553.024,2831.136,286.368,PASS,0
PHASEB_formal_r1_C0_DEFAULT_N2048_q16_rep1,4,R1_EVENT_OVERLAP,NCCL,C0_DEFAULT,2048,2048,2048,16,9,1048576,19,0,2559.232,2834.496,3146.016,311.520,PASS,0
PHASEB_formal_r1_C0_DEFAULT_N2048_q16_rep1,4,R1_EVENT_OVERLAP,NCCL,C0_DEFAULT,2048,2048,2048,16,10,1048576,19,0,2867.616,3149.472,3421.728,276.544,PASS,0
PHASEB_formal_r1_C0_DEFAULT_N2048_q16_rep1,4,R1_EVENT_OVERLAP,NCCL,C0_DEFAULT,2048,2048,2048,16,11,1048576,19,0,3155.712,3425.184,3736.960,311.776,PASS,0
PHASEB_formal_r1_C0_DEFAULT_N2048_q16_rep1,4,R1_EVENT_OVERLAP,NCCL,C0_DEFAULT,2048,2048,2048,16,12,1048576,19,0,3463.744,3740.416,4011.072,273.376,PASS,0
PHASEB_formal_r1_C0_DEFAULT_N2048_q16_rep1,4,R1_EVENT_OVERLAP,NCCL,C0_DEFAULT,2048,2048,2048,16,13,1048576,19,0,3746.944,4014.496,4324.992,310.496,PASS,0
PHASEB_formal_r1_C0_DEFAULT_N2048_q16_rep1,4,R1_EVENT_OVERLAP,NCCL,C0_DEFAULT,2048,2048,2048,16,14,1048576,19,0,4054.880,4328.576,4606.912,295.840,PASS,0
PHASEB_formal_r1_C0_DEFAULT_N2048_q16_rep1,4,R1_EVENT_OVERLAP,NCCL,C0_DEFAULT,2048,2048,2048,16,15,1048576,19,0,4335.616,4610.240,4869.504,260.224,PASS,0
PHASEB_formal_r1_C0_DEFAULT_N2048_q16_rep1,4,R1_EVENT_OVERLAP,NCCL,C0_DEFAULT,2048,2048,2048,16,0,1048576,20,0,133.344,139.680,450.752,314.336,PASS,0
PHASEB_formal_r1_C0_DEFAULT_N2048_q16_rep1,4,R1_EVENT_OVERLAP,NCCL,C0_DEFAULT,2048,2048,2048,16,1,1048576,20,0,207.232,454.176,768.032,316.640,PASS,0
PHASEB_formal_r1_C0_DEFAULT_N2048_q16_rep1,4,R1_EVENT_OVERLAP,NCCL,C0_DEFAULT,2048,2048,2048,16,2,1048576,20,0,443.296,775.712,1080.832,307.264,PASS,0
PHASEB_formal_r1_C0_DEFAULT_N2048_q16_rep1,4,R1_EVENT_OVERLAP,NCCL,C0_DEFAULT,2048,2048,2048,16,3,1048576,20,0,517.696,1084.704,1393.184,311.840,PASS,0
PHASEB_formal_r1_C0_DEFAULT_N2048_q16_rep1,4,R1_EVENT_OVERLAP,NCCL,C0_DEFAULT,2048,2048,2048,16,4,1048576,20,0,744.768,1396.544,1703.552,307.008,PASS,0
PHASEB_formal_r1_C0_DEFAULT_N2048_q16_rep1,4,R1_EVENT_OVERLAP,NCCL,C0_DEFAULT,2048,2048,2048,16,5,1048576,20,0,826.080,1707.008,2015.104,310.816,PASS,0
PHASEB_formal_r1_C0_DEFAULT_N2048_q16_rep1,4,R1_EVENT_OVERLAP,NCCL,C0_DEFAULT,2048,2048,2048,16,6,1048576,20,0,1056.160,2018.592,2333.312,314.720,PASS,0
PHASEB_formal_r1_C0_DEFAULT_N2048_q16_rep1,4,R1_EVENT_OVERLAP,NCCL,C0_DEFAULT,2048,2048,2048,16,7,1048576,20,0,1147.904,2336.576,2647.904,313.504,PASS,0
PHASEB_formal_r1_C0_DEFAULT_N2048_q16_rep1,4,R1_EVENT_OVERLAP,NCCL,C0_DEFAULT,2048,2048,2048,16,8,1048576,20,0,1388.704,2651.968,2959.680,309.408,PASS,0
PHASEB_formal_r1_C0_DEFAULT_N2048_q16_rep1,4,R1_EVENT_OVERLAP,NCCL,C0_DEFAULT,2048,2048,2048,16,9,1048576,20,0,1707.488,2963.104,3270.752,307.648,PASS,0
PHASEB_formal_r1_C0_DEFAULT_N2048_q16_rep1,4,R1_EVENT_OVERLAP,NCCL,C0_DEFAULT,2048,2048,2048,16,10,1048576,20,0,1986.688,3274.560,3589.568,323.200,PASS,0
PHASEB_formal_r1_C0_DEFAULT_N2048_q16_rep1,4,R1_EVENT_OVERLAP,NCCL,C0_DEFAULT,2048,2048,2048,16,11,1048576,20,0,2290.400,3592.896,3852.672,294.368,PASS,0
PHASEB_formal_r1_C0_DEFAULT_N2048_q16_rep1,4,R1_EVENT_OVERLAP,NCCL,C0_DEFAULT,2048,2048,2048,16,12,1048576,20,0,2595.744,3856.064,4117.440,261.376,PASS,0
PHASEB_formal_r1_C0_DEFAULT_N2048_q16_rep1,4,R1_EVENT_OVERLAP,NCCL,C0_DEFAULT,2048,2048,2048,16,13,1048576,20,0,2885.376,4120.896,4381.152,260.256,PASS,0
PHASEB_formal_r1_C0_DEFAULT_N2048_q16_rep1,4,R1_EVENT_OVERLAP,NCCL,C0_DEFAULT,2048,2048,2048,16,14,1048576,20,0,3195.168,4384.544,4644.928,260.384,PASS,0
PHASEB_formal_r1_C0_DEFAULT_N2048_q16_rep1,4,R1_EVENT_OVERLAP,NCCL,C0_DEFAULT,2048,2048,2048,16,15,1048576,20,0,3481.568,4648.320,4907.392,259.072,PASS,0
PHASEB_formal_r1_C0_DEFAULT_N2048_q16_rep1,4,R1_EVENT_OVERLAP,NCCL,C0_DEFAULT,2048,2048,2048,16,0,1048576,21,0,127.936,133.824,450.048,316.928,PASS,0
PHASEB_formal_r1_C0_DEFAULT_N2048_q16_rep1,4,R1_EVENT_OVERLAP,NCCL,C0_DEFAULT,2048,2048,2048,16,1,1048576,21,0,202.560,453.888,767.776,313.888,PASS,0
PHASEB_formal_r1_C0_DEFAULT_N2048_q16_rep1,4,R1_EVENT_OVERLAP,NCCL,C0_DEFAULT,2048,2048,2048,16,2,1048576,21,0,447.872,771.232,1081.504,317.952,PASS,0
PHASEB_formal_r1_C0_DEFAULT_N2048_q16_rep1,4,R1_EVENT_OVERLAP,NCCL,C0_DEFAULT,2048,2048,2048,16,3,1048576,21,0,774.592,1084.928,1360.960,309.344,PASS,0
PHASEB_formal_r1_C0_DEFAULT_N2048_q16_rep1,4,R1_EVENT_OVERLAP,NCCL,C0_DEFAULT,2048,2048,2048,16,4,1048576,21,0,1091.072,1364.288,1674.784,311.072,PASS,0
PHASEB_formal_r1_C0_DEFAULT_N2048_q16_rep1,4,R1_EVENT_OVERLAP,NCCL,C0_DEFAULT,2048,2048,2048,16,5,1048576,21,0,1400.064,1678.784,1956.608,277.824,PASS,0
PHASEB_formal_r1_C0_DEFAULT_N2048_q16_rep1,4,R1_EVENT_OVERLAP,NCCL,C0_DEFAULT,2048,2048,2048,16,6,1048576,21,0,1685.120,1959.936,2271.040,311.104,PASS,0
PHASEB_formal_r1_C0_DEFAULT_N2048_q16_rep1,4,R1_EVENT_OVERLAP,NCCL,C0_DEFAULT,2048,2048,2048,16,7,1048576,21,0,1995.680,2274.432,2566.080,309.152,PASS,0
PHASEB_formal_r1_C0_DEFAULT_N2048_q16_rep1,4,R1_EVENT_OVERLAP,NCCL,C0_DEFAULT,2048,2048,2048,16,8,1048576,21,0,2280.608,2569.312,2877.728,312.896,PASS,0
PHASEB_formal_r1_C0_DEFAULT_N2048_q16_rep1,4,R1_EVENT_OVERLAP,NCCL,C0_DEFAULT,2048,2048,2048,16,9,1048576,21,0,2589.984,2881.152,3168.960,313.280,PASS,0
PHASEB_formal_r1_C0_DEFAULT_N2048_q16_rep1,4,R1_EVENT_OVERLAP,NCCL,C0_DEFAULT,2048,2048,2048,16,10,1048576,21,0,2887.584,3172.480,3481.856,309.696,PASS,0
PHASEB_formal_r1_C0_DEFAULT_N2048_q16_rep1,4,R1_EVENT_OVERLAP,NCCL,C0_DEFAULT,2048,2048,2048,16,11,1048576,21,0,3193.024,3485.504,3774.112,311.296,PASS,0
PHASEB_formal_r1_C0_DEFAULT_N2048_q16_rep1,4,R1_EVENT_OVERLAP,NCCL,C0_DEFAULT,2048,2048,2048,16,12,1048576,21,0,3491.744,3777.312,4091.648,314.336,PASS,0
PHASEB_formal_r1_C0_DEFAULT_N2048_q16_rep1,4,R1_EVENT_OVERLAP,NCCL,C0_DEFAULT,2048,2048,2048,16,13,1048576,21,0,3799.744,4094.880,4385.376,317.344,PASS,0
PHASEB_formal_r1_C0_DEFAULT_N2048_q16_rep1,4,R1_EVENT_OVERLAP,NCCL,C0_DEFAULT,2048,2048,2048,16,14,1048576,21,0,4100.960,4388.864,4685.152,299.776,PASS,0
PHASEB_formal_r1_C0_DEFAULT_N2048_q16_rep1,4,R1_EVENT_OVERLAP,NCCL,C0_DEFAULT,2048,2048,2048,16,15,1048576,21,0,4409.408,4688.608,4947.360,260.288,PASS,0
PHASEB_formal_r1_C0_DEFAULT_N2048_q16_rep1,4,R1_EVENT_OVERLAP,NCCL,C0_DEFAULT,2048,2048,2048,16,0,1048576,22,0,121.216,127.200,436.352,310.144,PASS,0
PHASEB_formal_r1_C0_DEFAULT_N2048_q16_rep1,4,R1_EVENT_OVERLAP,NCCL,C0_DEFAULT,2048,2048,2048,16,1,1048576,22,0,200.480,439.808,756.672,317.216,PASS,0
PHASEB_formal_r1_C0_DEFAULT_N2048_q16_rep1,4,R1_EVENT_OVERLAP,NCCL,C0_DEFAULT,2048,2048,2048,16,2,1048576,22,0,429.344,760.736,1072.864,313.984,PASS,0
PHASEB_formal_r1_C0_DEFAULT_N2048_q16_rep1,4,R1_EVENT_OVERLAP,NCCL,C0_DEFAULT,2048,2048,2048,16,3,1048576,22,0,504.704,1076.352,1354.688,278.336,PASS,0
PHASEB_formal_r1_C0_DEFAULT_N2048_q16_rep1,4,R1_EVENT_OVERLAP,NCCL,C0_DEFAULT,2048,2048,2048,16,4,1048576,22,0,732.480,1358.208,1678.848,320.640,PASS,0
PHASEB_formal_r1_C0_DEFAULT_N2048_q16_rep1,4,R1_EVENT_OVERLAP,NCCL,C0_DEFAULT,2048,2048,2048,16,5,1048576,22,0,828.864,1682.272,1964.032,307.392,PASS,0
PHASEB_formal_r1_C0_DEFAULT_N2048_q16_rep1,4,R1_EVENT_OVERLAP,NCCL,C0_DEFAULT,2048,2048,2048,16,6,1048576,22,0,1083.040,1967.552,2278.112,311.584,PASS,0
PHASEB_formal_r1_C0_DEFAULT_N2048_q16_rep1,4,R1_EVENT_OVERLAP,NCCL,C0_DEFAULT,2048,2048,2048,16,7,1048576,22,0,1397.408,2281.952,2576.608,307.904,PASS,0
PHASEB_formal_r1_C0_DEFAULT_N2048_q16_rep1,4,R1_EVENT_OVERLAP,NCCL,C0_DEFAULT,2048,2048,2048,16,8,1048576,22,0,1688.448,2579.936,2886.656,315.936,PASS,0
PHASEB_formal_r1_C0_DEFAULT_N2048_q16_rep1,4,R1_EVENT_OVERLAP,NCCL,C0_DEFAULT,2048,2048,2048,16,9,1048576,22,0,1996.544,2889.920,3179.840,310.560,PASS,0
PHASEB_formal_r1_C0_DEFAULT_N2048_q16_rep1,4,R1_EVENT_OVERLAP,NCCL,C0_DEFAULT,2048,2048,2048,16,10,1048576,22,0,2288.192,3183.232,3493.024,310.848,PASS,0
PHASEB_formal_r1_C0_DEFAULT_N2048_q16_rep1,4,R1_EVENT_OVERLAP,NCCL,C0_DEFAULT,2048,2048,2048,16,11,1048576,22,0,2595.040,3496.448,3779.872,306.976,PASS,0
PHASEB_formal_r1_C0_DEFAULT_N2048_q16_rep1,4,R1_EVENT_OVERLAP,NCCL,C0_DEFAULT,2048,2048,2048,16,12,1048576,22,0,2896.032,3783.232,4081.696,300.672,PASS,0
PHASEB_formal_r1_C0_DEFAULT_N2048_q16_rep1,4,R1_EVENT_OVERLAP,NCCL,C0_DEFAULT,2048,2048,2048,16,13,1048576,22,0,3201.760,4085.120,4345.280,260.160,PASS,0
PHASEB_formal_r1_C0_DEFAULT_N2048_q16_rep1,4,R1_EVENT_OVERLAP,NCCL,C0_DEFAULT,2048,2048,2048,16,14,1048576,22,0,3502.656,4348.672,4609.824,261.152,PASS,0
PHASEB_formal_r1_C0_DEFAULT_N2048_q16_rep1,4,R1_EVENT_OVERLAP,NCCL,C0_DEFAULT,2048,2048,2048,16,15,1048576,22,0,3814.176,4613.248,4871.904,259.424,PASS,0
PHASEB_formal_r1_C0_DEFAULT_N2048_q16_rep1,4,R1_EVENT_OVERLAP,NCCL,C0_DEFAULT,2048,2048,2048,16,0,1048576,23,0,123.872,129.952,445.120,316.320,PASS,0
PHASEB_formal_r1_C0_DEFAULT_N2048_q16_rep1,4,R1_EVENT_OVERLAP,NCCL,C0_DEFAULT,2048,2048,2048,16,1,1048576,23,0,197.632,448.864,773.888,325.024,PASS,0
PHASEB_formal_r1_C0_DEFAULT_N2048_q16_rep1,4,R1_EVENT_OVERLAP,NCCL,C0_DEFAULT,2048,2048,2048,16,2,1048576,23,0,423.488,777.344,1094.016,316.672,PASS,0
PHASEB_formal_r1_C0_DEFAULT_N2048_q16_rep1,4,R1_EVENT_OVERLAP,NCCL,C0_DEFAULT,2048,2048,2048,16,3,1048576,23,0,524.448,1100.928,1406.016,311.008,PASS,0
PHASEB_formal_r1_C0_DEFAULT_N2048_q16_rep1,4,R1_EVENT_OVERLAP,NCCL,C0_DEFAULT,2048,2048,2048,16,4,1048576,23,0,762.240,1409.504,1715.904,306.400,PASS,0
PHASEB_formal_r1_C0_DEFAULT_N2048_q16_rep1,4,R1_EVENT_OVERLAP,NCCL,C0_DEFAULT,2048,2048,2048,16,5,1048576,23,0,1070.720,1719.872,2026.688,314.048,PASS,0
PHASEB_formal_r1_C0_DEFAULT_N2048_q16_rep1,4,R1_EVENT_OVERLAP,NCCL,C0_DEFAULT,2048,2048,2048,16,6,1048576,23,0,1354.208,2030.656,2336.128,305.472,PASS,0
PHASEB_formal_r1_C0_DEFAULT_N2048_q16_rep1,4,R1_EVENT_OVERLAP,NCCL,C0_DEFAULT,2048,2048,2048,16,7,1048576,23,0,1664.288,2339.520,2654.368,314.848,PASS,0
PHASEB_formal_r1_C0_DEFAULT_N2048_q16_rep1,4,R1_EVENT_OVERLAP,NCCL,C0_DEFAULT,2048,2048,2048,16,8,1048576,23,0,1948.320,2657.856,2988.800,330.944,PASS,0
PHASEB_formal_r1_C0_DEFAULT_N2048_q16_rep1,4,R1_EVENT_OVERLAP,NCCL,C0_DEFAULT,2048,2048,2048,16,9,1048576,23,0,2260.320,2992.192,3308.384,316.192,PASS,0
PHASEB_formal_r1_C0_DEFAULT_N2048_q16_rep1,4,R1_EVENT_OVERLAP,NCCL,C0_DEFAULT,2048,2048,2048,16,10,1048576,23,0,2541.248,3311.840,3632.096,320.256,PASS,0
PHASEB_formal_r1_C0_DEFAULT_N2048_q16_rep1,4,R1_EVENT_OVERLAP,NCCL,C0_DEFAULT,2048,2048,2048,16,11,1048576,23,0,2854.912,3635.712,3944.032,311.616,PASS,0
PHASEB_formal_r1_C0_DEFAULT_N2048_q16_rep1,4,R1_EVENT_OVERLAP,NCCL,C0_DEFAULT,2048,2048,2048,16,12,1048576,23,0,3142.304,3947.488,4243.968,309.184,PASS,0
PHASEB_formal_r1_C0_DEFAULT_N2048_q16_rep1,4,R1_EVENT_OVERLAP,NCCL,C0_DEFAULT,2048,2048,2048,16,13,1048576,23,0,3456.224,4247.424,4507.008,261.280,PASS,0
PHASEB_formal_r1_C0_DEFAULT_N2048_q16_rep1,4,R1_EVENT_OVERLAP,NCCL,C0_DEFAULT,2048,2048,2048,16,14,1048576,23,0,3752.832,4510.464,4770.112,260.064,PASS,0
PHASEB_formal_r1_C0_DEFAULT_N2048_q16_rep1,4,R1_EVENT_OVERLAP,NCCL,C0_DEFAULT,2048,2048,2048,16,15,1048576,23,0,4043.808,4773.568,5032.128,260.352,PASS,0
PHASEB_formal_r1_C0_DEFAULT_N2048_q16_rep1,4,R1_EVENT_OVERLAP,NCCL,C0_DEFAULT,2048,2048,2048,16,0,1048576,24,0,128.672,134.944,455.712,320.768,PASS,0
PHASEB_formal_r1_C0_DEFAULT_N2048_q16_rep1,4,R1_EVENT_OVERLAP,NCCL,C0_DEFAULT,2048,2048,2048,16,1,1048576,24,0,202.688,471.744,785.664,313.920,PASS,0
PHASEB_formal_r1_C0_DEFAULT_N2048_q16_rep1,4,R1_EVENT_OVERLAP,NCCL,C0_DEFAULT,2048,2048,2048,16,2,1048576,24,0,429.856,789.312,1108.992,319.680,PASS,0
PHASEB_formal_r1_C0_DEFAULT_N2048_q16_rep1,4,R1_EVENT_OVERLAP,NCCL,C0_DEFAULT,2048,2048,2048,16,3,1048576,24,0,519.648,1113.792,1431.136,317.344,PASS,0
PHASEB_formal_r1_C0_DEFAULT_N2048_q16_rep1,4,R1_EVENT_OVERLAP,NCCL,C0_DEFAULT,2048,2048,2048,16,4,1048576,24,0,742.848,1434.496,1743.104,308.608,PASS,0
PHASEB_formal_r1_C0_DEFAULT_N2048_q16_rep1,4,R1_EVENT_OVERLAP,NCCL,C0_DEFAULT,2048,2048,2048,16,5,1048576,24,0,818.784,1746.720,2052.960,310.752,PASS,0
PHASEB_formal_r1_C0_DEFAULT_N2048_q16_rep1,4,R1_EVENT_OVERLAP,NCCL,C0_DEFAULT,2048,2048,2048,16,6,1048576,24,0,1053.728,2056.320,2363.968,307.648,PASS,0
PHASEB_formal_r1_C0_DEFAULT_N2048_q16_rep1,4,R1_EVENT_OVERLAP,NCCL,C0_DEFAULT,2048,2048,2048,16,7,1048576,24,0,1133.152,2367.296,2673.472,317.216,PASS,0
PHASEB_formal_r1_C0_DEFAULT_N2048_q16_rep1,4,R1_EVENT_OVERLAP,NCCL,C0_DEFAULT,2048,2048,2048,16,8,1048576,24,0,1427.424,2676.896,2985.504,310.048,PASS,0
PHASEB_formal_r1_C0_DEFAULT_N2048_q16_rep1,4,R1_EVENT_OVERLAP,NCCL,C0_DEFAULT,2048,2048,2048,16,9,1048576,24,0,1697.568,2988.960,3295.360,307.200,PASS,0
PHASEB_formal_r1_C0_DEFAULT_N2048_q16_rep1,4,R1_EVENT_OVERLAP,NCCL,C0_DEFAULT,2048,2048,2048,16,10,1048576,24,0,1982.176,3299.040,3602.880,311.936,PASS,0
PHASEB_formal_r1_C0_DEFAULT_N2048_q16_rep1,4,R1_EVENT_OVERLAP,NCCL,C0_DEFAULT,2048,2048,2048,16,11,1048576,24,0,2304.416,3606.304,3866.496,260.192,PASS,0
PHASEB_formal_r1_C0_DEFAULT_N2048_q16_rep1,4,R1_EVENT_OVERLAP,NCCL,C0_DEFAULT,2048,2048,2048,16,12,1048576,24,0,2570.016,3869.920,4131.008,261.088,PASS,0
PHASEB_formal_r1_C0_DEFAULT_N2048_q16_rep1,4,R1_EVENT_OVERLAP,NCCL,C0_DEFAULT,2048,2048,2048,16,13,1048576,24,0,2897.440,4134.432,4394.528,260.096,PASS,0
PHASEB_formal_r1_C0_DEFAULT_N2048_q16_rep1,4,R1_EVENT_OVERLAP,NCCL,C0_DEFAULT,2048,2048,2048,16,14,1048576,24,0,3203.904,4397.952,4658.976,261.024,PASS,0
PHASEB_formal_r1_C0_DEFAULT_N2048_q16_rep1,4,R1_EVENT_OVERLAP,NCCL,C0_DEFAULT,2048,2048,2048,16,15,1048576,24,0,3489.344,4662.656,4922.432,259.776,PASS,0
PHASEB_formal_r1_C0_DEFAULT_N2048_q16_rep1,4,R1_EVENT_OVERLAP,NCCL,C0_DEFAULT,2048,2048,2048,16,0,1048576,25,0,122.656,128.896,446.336,317.504,PASS,0
PHASEB_formal_r1_C0_DEFAULT_N2048_q16_rep1,4,R1_EVENT_OVERLAP,NCCL,C0_DEFAULT,2048,2048,2048,16,1,1048576,25,0,198.080,449.600,756.128,312.512,PASS,0
PHASEB_formal_r1_C0_DEFAULT_N2048_q16_rep1,4,R1_EVENT_OVERLAP,NCCL,C0_DEFAULT,2048,2048,2048,16,2,1048576,25,0,435.136,759.648,1037.952,278.336,PASS,0
PHASEB_formal_r1_C0_DEFAULT_N2048_q16_rep1,4,R1_EVENT_OVERLAP,NCCL,C0_DEFAULT,2048,2048,2048,16,3,1048576,25,0,523.168,1041.344,1354.528,315.904,PASS,0
PHASEB_formal_r1_C0_DEFAULT_N2048_q16_rep1,4,R1_EVENT_OVERLAP,NCCL,C0_DEFAULT,2048,2048,2048,16,4,1048576,25,0,766.048,1358.336,1636.480,280.736,PASS,0
PHASEB_formal_r1_C0_DEFAULT_N2048_q16_rep1,4,R1_EVENT_OVERLAP,NCCL,C0_DEFAULT,2048,2048,2048,16,5,1048576,25,0,1081.248,1640.320,1948.800,319.456,PASS,0
PHASEB_formal_r1_C0_DEFAULT_N2048_q16_rep1,4,R1_EVENT_OVERLAP,NCCL,C0_DEFAULT,2048,2048,2048,16,6,1048576,25,0,1364.640,1952.224,2255.168,313.472,PASS,0
PHASEB_formal_r1_C0_DEFAULT_N2048_q16_rep1,4,R1_EVENT_OVERLAP,NCCL,C0_DEFAULT,2048,2048,2048,16,7,1048576,25,0,1671.584,2258.560,2543.360,310.976,PASS,0
PHASEB_formal_r1_C0_DEFAULT_N2048_q16_rep1,4,R1_EVENT_OVERLAP,NCCL,C0_DEFAULT,2048,2048,2048,16,8,1048576,25,0,1963.744,2546.720,2855.904,313.024,PASS,0
PHASEB_formal_r1_C0_DEFAULT_N2048_q16_rep1,4,R1_EVENT_OVERLAP,NCCL,C0_DEFAULT,2048,2048,2048,16,9,1048576,25,0,2267.616,2859.232,3135.232,277.920,PASS,0
PHASEB_formal_r1_C0_DEFAULT_N2048_q16_rep1,4,R1_EVENT_OVERLAP,NCCL,C0_DEFAULT,2048,2048,2048,16,10,1048576,25,0,2572.576,3138.560,3447.040,312.224,PASS,0
PHASEB_formal_r1_C0_DEFAULT_N2048_q16_rep1,4,R1_EVENT_OVERLAP,NCCL,C0_DEFAULT,2048,2048,2048,16,11,1048576,25,0,2865.472,3450.464,3722.720,275.456,PASS,0
PHASEB_formal_r1_C0_DEFAULT_N2048_q16_rep1,4,R1_EVENT_OVERLAP,NCCL,C0_DEFAULT,2048,2048,2048,16,12,1048576,25,0,3173.024,3726.080,4036.512,313.024,PASS,0
PHASEB_formal_r1_C0_DEFAULT_N2048_q16_rep1,4,R1_EVENT_OVERLAP,NCCL,C0_DEFAULT,2048,2048,2048,16,13,1048576,25,0,3457.344,4039.936,4301.408,261.472,PASS,0
PHASEB_formal_r1_C0_DEFAULT_N2048_q16_rep1,4,R1_EVENT_OVERLAP,NCCL,C0_DEFAULT,2048,2048,2048,16,14,1048576,25,0,3761.216,4304.832,4565.440,260.608,PASS,0
PHASEB_formal_r1_C0_DEFAULT_N2048_q16_rep1,4,R1_EVENT_OVERLAP,NCCL,C0_DEFAULT,2048,2048,2048,16,15,1048576,25,0,4046.144,4568.864,4829.280,260.416,PASS,0
PHASEB_formal_r1_C0_DEFAULT_N2048_q16_rep1,4,R1_EVENT_OVERLAP,NCCL,C0_DEFAULT,2048,2048,2048,16,0,1048576,26,0,114.336,121.152,431.360,310.208,PASS,0
PHASEB_formal_r1_C0_DEFAULT_N2048_q16_rep1,4,R1_EVENT_OVERLAP,NCCL,C0_DEFAULT,2048,2048,2048,16,1,1048576,26,0,189.920,434.816,747.744,315.328,PASS,0
PHASEB_formal_r1_C0_DEFAULT_N2048_q16_rep1,4,R1_EVENT_OVERLAP,NCCL,C0_DEFAULT,2048,2048,2048,16,2,1048576,26,0,422.752,751.136,1064.032,316.416,PASS,0
PHASEB_formal_r1_C0_DEFAULT_N2048_q16_rep1,4,R1_EVENT_OVERLAP,NCCL,C0_DEFAULT,2048,2048,2048,16,3,1048576,26,0,512.992,1067.296,1379.392,319.616,PASS,0
PHASEB_formal_r1_C0_DEFAULT_N2048_q16_rep1,4,R1_EVENT_OVERLAP,NCCL,C0_DEFAULT,2048,2048,2048,16,4,1048576,26,0,741.376,1382.784,1658.560,275.776,PASS,0
PHASEB_formal_r1_C0_DEFAULT_N2048_q16_rep1,4,R1_EVENT_OVERLAP,NCCL,C0_DEFAULT,2048,2048,2048,16,5,1048576,26,0,820.640,1661.920,1987.328,325.408,PASS,0
PHASEB_formal_r1_C0_DEFAULT_N2048_q16_rep1,4,R1_EVENT_OVERLAP,NCCL,C0_DEFAULT,2048,2048,2048,16,6,1048576,26,0,1045.760,1990.848,2281.568,311.552,PASS,0
PHASEB_formal_r1_C0_DEFAULT_N2048_q16_rep1,4,R1_EVENT_OVERLAP,NCCL,C0_DEFAULT,2048,2048,2048,16,7,1048576,26,0,1144.288,2284.832,2594.080,310.816,PASS,0
PHASEB_formal_r1_C0_DEFAULT_N2048_q16_rep1,4,R1_EVENT_OVERLAP,NCCL,C0_DEFAULT,2048,2048,2048,16,8,1048576,26,0,1389.472,2597.664,2871.840,276.704,PASS,0
PHASEB_formal_r1_C0_DEFAULT_N2048_q16_rep1,4,R1_EVENT_OVERLAP,NCCL,C0_DEFAULT,2048,2048,2048,16,9,1048576,26,0,1707.744,2875.040,3184.416,311.872,PASS,0
PHASEB_formal_r1_C0_DEFAULT_N2048_q16_rep1,4,R1_EVENT_OVERLAP,NCCL,C0_DEFAULT,2048,2048,2048,16,10,1048576,26,0,2007.328,3187.712,3462.656,274.944,PASS,0
PHASEB_formal_r1_C0_DEFAULT_N2048_q16_rep1,4,R1_EVENT_OVERLAP,NCCL,C0_DEFAULT,2048,2048,2048,16,11,1048576,26,0,2305.472,3465.888,3761.856,299.424,PASS,0
PHASEB_formal_r1_C0_DEFAULT_N2048_q16_rep1,4,R1_EVENT_OVERLAP,NCCL,C0_DEFAULT,2048,2048,2048,16,12,1048576,26,0,2603.904,3765.280,4025.888,261.760,PASS,0
PHASEB_formal_r1_C0_DEFAULT_N2048_q16_rep1,4,R1_EVENT_OVERLAP,NCCL,C0_DEFAULT,2048,2048,2048,16,13,1048576,26,0,2914.208,4029.248,4289.216,259.968,PASS,0
PHASEB_formal_r1_C0_DEFAULT_N2048_q16_rep1,4,R1_EVENT_OVERLAP,NCCL,C0_DEFAULT,2048,2048,2048,16,14,1048576,26,0,3193.856,4292.672,4553.440,260.768,PASS,0
PHASEB_formal_r1_C0_DEFAULT_N2048_q16_rep1,4,R1_EVENT_OVERLAP,NCCL,C0_DEFAULT,2048,2048,2048,16,15,1048576,26,0,3504.448,4556.864,4816.800,259.936,PASS,0
PHASEB_formal_r1_C0_DEFAULT_N2048_q16_rep1,4,R1_EVENT_OVERLAP,NCCL,C0_DEFAULT,2048,2048,2048,16,0,1048576,27,0,126.080,132.928,440.000,310.080,PASS,0
PHASEB_formal_r1_C0_DEFAULT_N2048_q16_rep1,4,R1_EVENT_OVERLAP,NCCL,C0_DEFAULT,2048,2048,2048,16,1,1048576,27,0,198.400,443.424,753.856,315.744,PASS,0
PHASEB_formal_r1_C0_DEFAULT_N2048_q16_rep1,4,R1_EVENT_OVERLAP,NCCL,C0_DEFAULT,2048,2048,2048,16,2,1048576,27,0,432.000,758.144,1068.512,313.952,PASS,0
PHASEB_formal_r1_C0_DEFAULT_N2048_q16_rep1,4,R1_EVENT_OVERLAP,NCCL,C0_DEFAULT,2048,2048,2048,16,3,1048576,27,0,519.872,1072.160,1363.008,313.856,PASS,0
PHASEB_formal_r1_C0_DEFAULT_N2048_q16_rep1,4,R1_EVENT_OVERLAP,NCCL,C0_DEFAULT,2048,2048,2048,16,4,1048576,27,0,757.536,1366.624,1673.984,314.624,PASS,0
PHASEB_formal_r1_C0_DEFAULT_N2048_q16_rep1,4,R1_EVENT_OVERLAP,NCCL,C0_DEFAULT,2048,2048,2048,16,5,1048576,27,0,1078.400,1677.248,1947.872,276.640,PASS,0
PHASEB_formal_r1_C0_DEFAULT_N2048_q16_rep1,4,R1_EVENT_OVERLAP,NCCL,C0_DEFAULT,2048,2048,2048,16,6,1048576,27,0,1400.832,1951.168,2261.600,311.040,PASS,0
PHASEB_formal_r1_C0_DEFAULT_N2048_q16_rep1,4,R1_EVENT_OVERLAP,NCCL,C0_DEFAULT,2048,2048,2048,16,7,1048576,27,0,1684.192,2265.024,2552.928,287.904,PASS,0
PHASEB_formal_r1_C0_DEFAULT_N2048_q16_rep1,4,R1_EVENT_OVERLAP,NCCL,C0_DEFAULT,2048,2048,2048,16,8,1048576,27,0,1989.248,2556.544,2869.856,313.312,PASS,0
PHASEB_formal_r1_C0_DEFAULT_N2048_q16_rep1,4,R1_EVENT_OVERLAP,NCCL,C0_DEFAULT,2048,2048,2048,16,9,1048576,27,0,2271.968,2873.280,3160.960,310.752,PASS,0
PHASEB_formal_r1_C0_DEFAULT_N2048_q16_rep1,4,R1_EVENT_OVERLAP,NCCL,C0_DEFAULT,2048,2048,2048,16,10,1048576,27,0,2589.792,3164.640,3483.712,319.072,PASS,0
PHASEB_formal_r1_C0_DEFAULT_N2048_q16_rep1,4,R1_EVENT_OVERLAP,NCCL,C0_DEFAULT,2048,2048,2048,16,11,1048576,27,0,2879.872,3487.168,3779.872,311.072,PASS,0
PHASEB_formal_r1_C0_DEFAULT_N2048_q16_rep1,4,R1_EVENT_OVERLAP,NCCL,C0_DEFAULT,2048,2048,2048,16,12,1048576,27,0,3197.088,3783.232,4092.672,310.720,PASS,0
PHASEB_formal_r1_C0_DEFAULT_N2048_q16_rep1,4,R1_EVENT_OVERLAP,NCCL,C0_DEFAULT,2048,2048,2048,16,13,1048576,27,0,3493.472,4096.096,4370.368,299.296,PASS,0
PHASEB_formal_r1_C0_DEFAULT_N2048_q16_rep1,4,R1_EVENT_OVERLAP,NCCL,C0_DEFAULT,2048,2048,2048,16,14,1048576,27,0,3805.696,4373.888,4632.704,260.096,PASS,0
PHASEB_formal_r1_C0_DEFAULT_N2048_q16_rep1,4,R1_EVENT_OVERLAP,NCCL,C0_DEFAULT,2048,2048,2048,16,15,1048576,27,0,4102.336,4636.128,4895.232,260.288,PASS,0
PHASEB_formal_r1_C0_DEFAULT_N2048_q16_rep1,4,R1_EVENT_OVERLAP,NCCL,C0_DEFAULT,2048,2048,2048,16,0,1048576,28,0,118.752,125.184,438.304,314.208,PASS,0
PHASEB_formal_r1_C0_DEFAULT_N2048_q16_rep1,4,R1_EVENT_OVERLAP,NCCL,C0_DEFAULT,2048,2048,2048,16,1,1048576,28,0,204.000,441.728,720.896,279.168,PASS,0
PHASEB_formal_r1_C0_DEFAULT_N2048_q16_rep1,4,R1_EVENT_OVERLAP,NCCL,C0_DEFAULT,2048,2048,2048,16,2,1048576,28,0,448.224,724.448,1035.616,311.392,PASS,0
PHASEB_formal_r1_C0_DEFAULT_N2048_q16_rep1,4,R1_EVENT_OVERLAP,NCCL,C0_DEFAULT,2048,2048,2048,16,3,1048576,28,0,760.256,1039.008,1318.144,279.360,PASS,0
PHASEB_formal_r1_C0_DEFAULT_N2048_q16_rep1,4,R1_EVENT_OVERLAP,NCCL,C0_DEFAULT,2048,2048,2048,16,4,1048576,28,0,1045.344,1321.472,1638.240,318.016,PASS,0
PHASEB_formal_r1_C0_DEFAULT_N2048_q16_rep1,4,R1_EVENT_OVERLAP,NCCL,C0_DEFAULT,2048,2048,2048,16,5,1048576,28,0,1355.808,1641.824,1940.480,311.968,PASS,0
PHASEB_formal_r1_C0_DEFAULT_N2048_q16_rep1,4,R1_EVENT_OVERLAP,NCCL,C0_DEFAULT,2048,2048,2048,16,6,1048576,28,0,1648.256,1944.000,2248.224,321.344,PASS,0
PHASEB_formal_r1_C0_DEFAULT_N2048_q16_rep1,4,R1_EVENT_OVERLAP,NCCL,C0_DEFAULT,2048,2048,2048,16,7,1048576,28,0,1959.008,2251.872,2559.712,313.280,PASS,0
PHASEB_formal_r1_C0_DEFAULT_N2048_q16_rep1,4,R1_EVENT_OVERLAP,NCCL,C0_DEFAULT,2048,2048,2048,16,8,1048576,28,0,2270.528,2563.392,2846.720,313.184,PASS,0
PHASEB_formal_r1_C0_DEFAULT_N2048_q16_rep1,4,R1_EVENT_OVERLAP,NCCL,C0_DEFAULT,2048,2048,2048,16,9,1048576,28,0,2569.568,2850.176,3157.888,310.048,PASS,0
PHASEB_formal_r1_C0_DEFAULT_N2048_q16_rep1,4,R1_EVENT_OVERLAP,NCCL,C0_DEFAULT,2048,2048,2048,16,10,1048576,28,0,2880.800,3161.344,3431.776,277.952,PASS,0
PHASEB_formal_r1_C0_DEFAULT_N2048_q16_rep1,4,R1_EVENT_OVERLAP,NCCL,C0_DEFAULT,2048,2048,2048,16,11,1048576,28,0,3168.064,3435.232,3745.152,311.488,PASS,0
PHASEB_formal_r1_C0_DEFAULT_N2048_q16_rep1,4,R1_EVENT_OVERLAP,NCCL,C0_DEFAULT,2048,2048,2048,16,12,1048576,28,0,3475.040,3748.576,4019.680,274.208,PASS,0
PHASEB_formal_r1_C0_DEFAULT_N2048_q16_rep1,4,R1_EVENT_OVERLAP,NCCL,C0_DEFAULT,2048,2048,2048,16,13,1048576,28,0,3754.944,4023.072,4333.120,310.048,PASS,0
PHASEB_formal_r1_C0_DEFAULT_N2048_q16_rep1,4,R1_EVENT_OVERLAP,NCCL,C0_DEFAULT,2048,2048,2048,16,14,1048576,28,0,4065.184,4336.448,4598.016,261.568,PASS,0
PHASEB_formal_r1_C0_DEFAULT_N2048_q16_rep1,4,R1_EVENT_OVERLAP,NCCL,C0_DEFAULT,2048,2048,2048,16,15,1048576,28,0,4342.784,4601.408,4860.544,259.136,PASS,0
PHASEB_formal_r1_C0_DEFAULT_N2048_q16_rep1,4,R1_EVENT_OVERLAP,NCCL,C0_DEFAULT,2048,2048,2048,16,0,1048576,29,0,125.088,131.968,447.232,315.264,PASS,0
PHASEB_formal_r1_C0_DEFAULT_N2048_q16_rep1,4,R1_EVENT_OVERLAP,NCCL,C0_DEFAULT,2048,2048,2048,16,1,1048576,29,0,198.976,451.008,762.336,311.328,PASS,0
PHASEB_formal_r1_C0_DEFAULT_N2048_q16_rep1,4,R1_EVENT_OVERLAP,NCCL,C0_DEFAULT,2048,2048,2048,16,2,1048576,29,0,451.040,765.696,1041.952,316.768,PASS,0
PHASEB_formal_r1_C0_DEFAULT_N2048_q16_rep1,4,R1_EVENT_OVERLAP,NCCL,C0_DEFAULT,2048,2048,2048,16,3,1048576,29,0,772.032,1045.440,1358.208,314.560,PASS,0
PHASEB_formal_r1_C0_DEFAULT_N2048_q16_rep1,4,R1_EVENT_OVERLAP,NCCL,C0_DEFAULT,2048,2048,2048,16,4,1048576,29,0,1081.024,1361.632,1643.136,281.504,PASS,0
PHASEB_formal_r1_C0_DEFAULT_N2048_q16_rep1,4,R1_EVENT_OVERLAP,NCCL,C0_DEFAULT,2048,2048,2048,16,5,1048576,29,0,1367.808,1646.752,1957.728,312.608,PASS,0
PHASEB_formal_r1_C0_DEFAULT_N2048_q16_rep1,4,R1_EVENT_OVERLAP,NCCL,C0_DEFAULT,2048,2048,2048,16,6,1048576,29,0,1678.368,1961.216,2263.072,312.384,PASS,0
PHASEB_formal_r1_C0_DEFAULT_N2048_q16_rep1,4,R1_EVENT_OVERLAP,NCCL,C0_DEFAULT,2048,2048,2048,16,7,1048576,29,0,1967.936,2266.496,2559.072,311.712,PASS,0
PHASEB_formal_r1_C0_DEFAULT_N2048_q16_rep1,4,R1_EVENT_OVERLAP,NCCL,C0_DEFAULT,2048,2048,2048,16,8,1048576,29,0,2274.336,2562.400,2870.944,316.416,PASS,0
PHASEB_formal_r1_C0_DEFAULT_N2048_q16_rep1,4,R1_EVENT_OVERLAP,NCCL,C0_DEFAULT,2048,2048,2048,16,9,1048576,29,0,2581.312,2874.464,3160.576,307.520,PASS,0
PHASEB_formal_r1_C0_DEFAULT_N2048_q16_rep1,4,R1_EVENT_OVERLAP,NCCL,C0_DEFAULT,2048,2048,2048,16,10,1048576,29,0,2880.768,3163.872,3471.712,311.936,PASS,0
PHASEB_formal_r1_C0_DEFAULT_N2048_q16_rep1,4,R1_EVENT_OVERLAP,NCCL,C0_DEFAULT,2048,2048,2048,16,11,1048576,29,0,3186.688,3475.040,3766.656,309.792,PASS,0
PHASEB_formal_r1_C0_DEFAULT_N2048_q16_rep1,4,R1_EVENT_OVERLAP,NCCL,C0_DEFAULT,2048,2048,2048,16,12,1048576,29,0,3481.120,3770.048,4080.640,310.720,PASS,0
PHASEB_formal_r1_C0_DEFAULT_N2048_q16_rep1,4,R1_EVENT_OVERLAP,NCCL,C0_DEFAULT,2048,2048,2048,16,13,1048576,29,0,3787.840,4084.032,4369.920,312.544,PASS,0
PHASEB_formal_r1_C0_DEFAULT_N2048_q16_rep1,4,R1_EVENT_OVERLAP,NCCL,C0_DEFAULT,2048,2048,2048,16,14,1048576,29,0,4090.304,4373.280,4670.048,299.136,PASS,0
PHASEB_formal_r1_C0_DEFAULT_N2048_q16_rep1,4,R1_EVENT_OVERLAP,NCCL,C0_DEFAULT,2048,2048,2048,16,15,1048576,29,0,4398.912,4673.632,4933.952,260.320,PASS,0
PHASEB_formal_r1_C0_DEFAULT_N2048_q16_rep1,4,R1_EVENT_OVERLAP,NCCL,C0_DEFAULT,2048,2048,2048,16,0,1048576,30,0,116.704,123.264,440.960,318.784,PASS,0
PHASEB_formal_r1_C0_DEFAULT_N2048_q16_rep1,4,R1_EVENT_OVERLAP,NCCL,C0_DEFAULT,2048,2048,2048,16,1,1048576,30,0,190.720,446.016,762.144,316.128,PASS,0
PHASEB_formal_r1_C0_DEFAULT_N2048_q16_rep1,4,R1_EVENT_OVERLAP,NCCL,C0_DEFAULT,2048,2048,2048,16,2,1048576,30,0,415.936,765.504,1074.912,314.464,PASS,0
PHASEB_formal_r1_C0_DEFAULT_N2048_q16_rep1,4,R1_EVENT_OVERLAP,NCCL,C0_DEFAULT,2048,2048,2048,16,3,1048576,30,0,508.640,1078.464,1389.216,310.752,PASS,0
PHASEB_formal_r1_C0_DEFAULT_N2048_q16_rep1,4,R1_EVENT_OVERLAP,NCCL,C0_DEFAULT,2048,2048,2048,16,4,1048576,30,0,740.000,1393.184,1707.232,314.048,PASS,0
PHASEB_formal_r1_C0_DEFAULT_N2048_q16_rep1,4,R1_EVENT_OVERLAP,NCCL,C0_DEFAULT,2048,2048,2048,16,5,1048576,30,0,815.392,1711.872,2027.744,315.872,PASS,0
PHASEB_formal_r1_C0_DEFAULT_N2048_q16_rep1,4,R1_EVENT_OVERLAP,NCCL,C0_DEFAULT,2048,2048,2048,16,6,1048576,30,0,1051.712,2032.288,2344.736,323.872,PASS,0
PHASEB_formal_r1_C0_DEFAULT_N2048_q16_rep1,4,R1_EVENT_OVERLAP,NCCL,C0_DEFAULT,2048,2048,2048,16,7,1048576,30,0,1129.312,2348.160,2665.696,317.536,PASS,0
PHASEB_formal_r1_C0_DEFAULT_N2048_q16_rep1,4,R1_EVENT_OVERLAP,NCCL,C0_DEFAULT,2048,2048,2048,16,8,1048576,30,0,1357.472,2669.120,2930.496,298.240,PASS,0
PHASEB_formal_r1_C0_DEFAULT_N2048_q16_rep1,4,R1_EVENT_OVERLAP,NCCL,C0_DEFAULT,2048,2048,2048,16,9,1048576,30,0,1434.176,2933.920,3193.568,259.648,PASS,0
PHASEB_formal_r1_C0_DEFAULT_N2048_q16_rep1,4,R1_EVENT_OVERLAP,NCCL,C0_DEFAULT,2048,2048,2048,16,10,1048576,30,0,1660.256,3196.992,3457.920,260.928,PASS,0
PHASEB_formal_r1_C0_DEFAULT_N2048_q16_rep1,4,R1_EVENT_OVERLAP,NCCL,C0_DEFAULT,2048,2048,2048,16,11,1048576,30,0,1737.824,3461.344,3721.760,260.800,PASS,0
PHASEB_formal_r1_C0_DEFAULT_N2048_q16_rep1,4,R1_EVENT_OVERLAP,NCCL,C0_DEFAULT,2048,2048,2048,16,12,1048576,30,0,1987.648,3725.184,3985.920,260.736,PASS,0
PHASEB_formal_r1_C0_DEFAULT_N2048_q16_rep1,4,R1_EVENT_OVERLAP,NCCL,C0_DEFAULT,2048,2048,2048,16,13,1048576,30,0,2068.000,3989.344,4249.376,260.032,PASS,0
PHASEB_formal_r1_C0_DEFAULT_N2048_q16_rep1,4,R1_EVENT_OVERLAP,NCCL,C0_DEFAULT,2048,2048,2048,16,14,1048576,30,0,2331.296,4252.800,4513.696,260.960,PASS,0
PHASEB_formal_r1_C0_DEFAULT_N2048_q16_rep1,4,R1_EVENT_OVERLAP,NCCL,C0_DEFAULT,2048,2048,2048,16,15,1048576,30,0,2658.912,4517.120,4776.384,259.264,PASS,0
PHASEB_formal_r1_C0_DEFAULT_N2048_q16_rep1,4,R1_EVENT_OVERLAP,NCCL,C0_DEFAULT,2048,2048,2048,16,0,1048576,31,0,128.416,135.424,451.520,316.096,PASS,0
PHASEB_formal_r1_C0_DEFAULT_N2048_q16_rep1,4,R1_EVENT_OVERLAP,NCCL,C0_DEFAULT,2048,2048,2048,16,1,1048576,31,0,202.848,455.232,766.272,312.448,PASS,0
PHASEB_formal_r1_C0_DEFAULT_N2048_q16_rep1,4,R1_EVENT_OVERLAP,NCCL,C0_DEFAULT,2048,2048,2048,16,2,1048576,31,0,454.400,769.696,1045.824,314.656,PASS,0
PHASEB_formal_r1_C0_DEFAULT_N2048_q16_rep1,4,R1_EVENT_OVERLAP,NCCL,C0_DEFAULT,2048,2048,2048,16,3,1048576,31,0,776.064,1049.408,1359.040,310.752,PASS,0
PHASEB_formal_r1_C0_DEFAULT_N2048_q16_rep1,4,R1_EVENT_OVERLAP,NCCL,C0_DEFAULT,2048,2048,2048,16,4,1048576,31,0,1085.216,1362.560,1635.648,273.088,PASS,0
PHASEB_formal_r1_C0_DEFAULT_N2048_q16_rep1,4,R1_EVENT_OVERLAP,NCCL,C0_DEFAULT,2048,2048,2048,16,5,1048576,31,0,1368.992,1639.072,1951.808,312.960,PASS,0
PHASEB_formal_r1_C0_DEFAULT_N2048_q16_rep1,4,R1_EVENT_OVERLAP,NCCL,C0_DEFAULT,2048,2048,2048,16,6,1048576,31,0,1677.952,1955.360,2231.616,278.144,PASS,0
PHASEB_formal_r1_C0_DEFAULT_N2048_q16_rep1,4,R1_EVENT_OVERLAP,NCCL,C0_DEFAULT,2048,2048,2048,16,7,1048576,31,0,1961.632,2235.936,2547.680,315.232,PASS,0
PHASEB_formal_r1_C0_DEFAULT_N2048_q16_rep1,4,R1_EVENT_OVERLAP,NCCL,C0_DEFAULT,2048,2048,2048,16,8,1048576,31,0,2279.104,2551.232,2828.640,277.408,PASS,0
PHASEB_formal_r1_C0_DEFAULT_N2048_q16_rep1,4,R1_EVENT_OVERLAP,NCCL,C0_DEFAULT,2048,2048,2048,16,9,1048576,31,0,2558.016,2831.936,3144.672,312.800,PASS,0
PHASEB_formal_r1_C0_DEFAULT_N2048_q16_rep1,4,R1_EVENT_OVERLAP,NCCL,C0_DEFAULT,2048,2048,2048,16,10,1048576,31,0,2866.816,3148.064,3433.088,309.120,PASS,0
PHASEB_formal_r1_C0_DEFAULT_N2048_q16_rep1,4,R1_EVENT_OVERLAP,NCCL,C0_DEFAULT,2048,2048,2048,16,11,1048576,31,0,3154.976,3436.416,3754.720,318.304,PASS,0
PHASEB_formal_r1_C0_DEFAULT_N2048_q16_rep1,4,R1_EVENT_OVERLAP,NCCL,C0_DEFAULT,2048,2048,2048,16,12,1048576,31,0,3462.560,3758.240,4070.336,312.096,PASS,0
PHASEB_formal_r1_C0_DEFAULT_N2048_q16_rep1,4,R1_EVENT_OVERLAP,NCCL,C0_DEFAULT,2048,2048,2048,16,13,1048576,31,0,3753.984,4074.016,4373.440,309.984,PASS,0
PHASEB_formal_r1_C0_DEFAULT_N2048_q16_rep1,4,R1_EVENT_OVERLAP,NCCL,C0_DEFAULT,2048,2048,2048,16,14,1048576,31,0,4063.424,4377.280,4637.248,295.808,PASS,0
PHASEB_formal_r1_C0_DEFAULT_N2048_q16_rep1,4,R1_EVENT_OVERLAP,NCCL,C0_DEFAULT,2048,2048,2048,16,15,1048576,31,0,4343.456,4640.672,4899.744,260.448,PASS,0
PHASEB_formal_r1_C0_DEFAULT_N2048_q16_rep1,4,R1_EVENT_OVERLAP,NCCL,C0_DEFAULT,2048,2048,2048,16,0,1048576,32,0,117.216,123.904,437.760,313.856,PASS,0
PHASEB_formal_r1_C0_DEFAULT_N2048_q16_rep1,4,R1_EVENT_OVERLAP,NCCL,C0_DEFAULT,2048,2048,2048,16,1,1048576,32,0,191.424,441.536,746.560,313.312,PASS,0
PHASEB_formal_r1_C0_DEFAULT_N2048_q16_rep1,4,R1_EVENT_OVERLAP,NCCL,C0_DEFAULT,2048,2048,2048,16,2,1048576,32,0,417.952,752.000,1070.688,318.688,PASS,0
PHASEB_formal_r1_C0_DEFAULT_N2048_q16_rep1,4,R1_EVENT_OVERLAP,NCCL,C0_DEFAULT,2048,2048,2048,16,3,1048576,32,0,497.472,1074.816,1400.768,325.952,PASS,0
PHASEB_formal_r1_C0_DEFAULT_N2048_q16_rep1,4,R1_EVENT_OVERLAP,NCCL,C0_DEFAULT,2048,2048,2048,16,4,1048576,32,0,720.672,1404.960,1716.544,311.712,PASS,0
PHASEB_formal_r1_C0_DEFAULT_N2048_q16_rep1,4,R1_EVENT_OVERLAP,NCCL,C0_DEFAULT,2048,2048,2048,16,5,1048576,32,0,801.536,1719.904,1996.640,278.688,PASS,0
PHASEB_formal_r1_C0_DEFAULT_N2048_q16_rep1,4,R1_EVENT_OVERLAP,NCCL,C0_DEFAULT,2048,2048,2048,16,6,1048576,32,0,1028.736,2000.352,2310.336,311.008,PASS,0
PHASEB_formal_r1_C0_DEFAULT_N2048_q16_rep1,4,R1_EVENT_OVERLAP,NCCL,C0_DEFAULT,2048,2048,2048,16,7,1048576,32,0,1110.528,2313.888,2590.240,310.976,PASS,0
PHASEB_formal_r1_C0_DEFAULT_N2048_q16_rep1,4,R1_EVENT_OVERLAP,NCCL,C0_DEFAULT,2048,2048,2048,16,8,1048576,32,0,1340.384,2593.568,2908.352,314.784,PASS,0
PHASEB_formal_r1_C0_DEFAULT_N2048_q16_rep1,4,R1_EVENT_OVERLAP,NCCL,C0_DEFAULT,2048,2048,2048,16,9,1048576,32,0,1422.688,2911.808,3225.088,313.280,PASS,0
PHASEB_formal_r1_C0_DEFAULT_N2048_q16_rep1,4,R1_EVENT_OVERLAP,NCCL,C0_DEFAULT,2048,2048,2048,16,10,1048576,32,0,1728.480,3228.576,3491.040,299.776,PASS,0
PHASEB_formal_r1_C0_DEFAULT_N2048_q16_rep1,4,R1_EVENT_OVERLAP,NCCL,C0_DEFAULT,2048,2048,2048,16,11,1048576,32,0,2036.736,3494.464,3755.200,260.736,PASS,0
PHASEB_formal_r1_C0_DEFAULT_N2048_q16_rep1,4,R1_EVENT_OVERLAP,NCCL,C0_DEFAULT,2048,2048,2048,16,12,1048576,32,0,2320.096,3758.656,4019.616,261.216,PASS,0
PHASEB_formal_r1_C0_DEFAULT_N2048_q16_rep1,4,R1_EVENT_OVERLAP,NCCL,C0_DEFAULT,2048,2048,2048,16,13,1048576,32,0,2626.880,4023.040,4282.080,260.064,PASS,0
PHASEB_formal_r1_C0_DEFAULT_N2048_q16_rep1,4,R1_EVENT_OVERLAP,NCCL,C0_DEFAULT,2048,2048,2048,16,14,1048576,32,0,2911.328,4285.504,4547.168,261.664,PASS,0
PHASEB_formal_r1_C0_DEFAULT_N2048_q16_rep1,4,R1_EVENT_OVERLAP,NCCL,C0_DEFAULT,2048,2048,2048,16,15,1048576,32,0,3234.880,4550.624,4809.504,259.776,PASS,0
PHASEB_formal_r1_C0_DEFAULT_N2048_q16_rep1,4,R1_EVENT_OVERLAP,NCCL,C0_DEFAULT,2048,2048,2048,16,0,1048576,33,0,156.320,162.336,475.968,313.632,PASS,0
PHASEB_formal_r1_C0_DEFAULT_N2048_q16_rep1,4,R1_EVENT_OVERLAP,NCCL,C0_DEFAULT,2048,2048,2048,16,1,1048576,33,0,228.576,479.392,795.648,316.256,PASS,0
PHASEB_formal_r1_C0_DEFAULT_N2048_q16_rep1,4,R1_EVENT_OVERLAP,NCCL,C0_DEFAULT,2048,2048,2048,16,2,1048576,33,0,466.176,799.264,1107.776,311.776,PASS,0
PHASEB_formal_r1_C0_DEFAULT_N2048_q16_rep1,4,R1_EVENT_OVERLAP,NCCL,C0_DEFAULT,2048,2048,2048,16,3,1048576,33,0,790.592,1111.072,1381.216,315.264,PASS,0
PHASEB_formal_r1_C0_DEFAULT_N2048_q16_rep1,4,R1_EVENT_OVERLAP,NCCL,C0_DEFAULT,2048,2048,2048,16,4,1048576,33,0,1117.888,1384.512,1699.072,318.624,PASS,0
PHASEB_formal_r1_C0_DEFAULT_N2048_q16_rep1,4,R1_EVENT_OVERLAP,NCCL,C0_DEFAULT,2048,2048,2048,16,5,1048576,33,0,1423.552,1702.496,2018.688,316.192,PASS,0
PHASEB_formal_r1_C0_DEFAULT_N2048_q16_rep1,4,R1_EVENT_OVERLAP,NCCL,C0_DEFAULT,2048,2048,2048,16,6,1048576,33,0,1706.400,2022.144,2298.336,312.416,PASS,0
PHASEB_formal_r1_C0_DEFAULT_N2048_q16_rep1,4,R1_EVENT_OVERLAP,NCCL,C0_DEFAULT,2048,2048,2048,16,7,1048576,33,0,2028.768,2301.696,2612.640,312.064,PASS,0
PHASEB_formal_r1_C0_DEFAULT_N2048_q16_rep1,4,R1_EVENT_OVERLAP,NCCL,C0_DEFAULT,2048,2048,2048,16,8,1048576,33,0,2336.992,2616.160,2907.424,309.312,PASS,0
PHASEB_formal_r1_C0_DEFAULT_N2048_q16_rep1,4,R1_EVENT_OVERLAP,NCCL,C0_DEFAULT,2048,2048,2048,16,9,1048576,33,0,2622.560,2911.072,3220.160,312.096,PASS,0
PHASEB_formal_r1_C0_DEFAULT_N2048_q16_rep1,4,R1_EVENT_OVERLAP,NCCL,C0_DEFAULT,2048,2048,2048,16,10,1048576,33,0,2931.232,3224.032,3500.928,307.584,PASS,0
PHASEB_formal_r1_C0_DEFAULT_N2048_q16_rep1,4,R1_EVENT_OVERLAP,NCCL,C0_DEFAULT,2048,2048,2048,16,11,1048576,33,0,3230.368,3504.352,3822.208,317.856,PASS,0
PHASEB_formal_r1_C0_DEFAULT_N2048_q16_rep1,4,R1_EVENT_OVERLAP,NCCL,C0_DEFAULT,2048,2048,2048,16,12,1048576,33,0,3539.488,3825.952,4133.152,311.008,PASS,0
PHASEB_formal_r1_C0_DEFAULT_N2048_q16_rep1,4,R1_EVENT_OVERLAP,NCCL,C0_DEFAULT,2048,2048,2048,16,13,1048576,33,0,3819.296,4136.576,4444.320,308.896,PASS,0
PHASEB_formal_r1_C0_DEFAULT_N2048_q16_rep1,4,R1_EVENT_OVERLAP,NCCL,C0_DEFAULT,2048,2048,2048,16,14,1048576,33,0,4125.088,4447.744,4707.808,297.728,PASS,0
PHASEB_formal_r1_C0_DEFAULT_N2048_q16_rep1,4,R1_EVENT_OVERLAP,NCCL,C0_DEFAULT,2048,2048,2048,16,15,1048576,33,0,4426.336,4711.232,4971.872,260.640,PASS,0
PHASEB_formal_r1_C0_DEFAULT_N2048_q16_rep1,4,R1_EVENT_OVERLAP,NCCL,C0_DEFAULT,2048,2048,2048,16,0,1048576,34,0,115.456,121.952,436.768,316.832,PASS,0
PHASEB_formal_r1_C0_DEFAULT_N2048_q16_rep1,4,R1_EVENT_OVERLAP,NCCL,C0_DEFAULT,2048,2048,2048,16,1,1048576,34,0,189.024,440.672,751.456,314.912,PASS,0
PHASEB_formal_r1_C0_DEFAULT_N2048_q16_rep1,4,R1_EVENT_OVERLAP,NCCL,C0_DEFAULT,2048,2048,2048,16,2,1048576,34,0,415.904,754.944,1068.640,313.696,PASS,0
PHASEB_formal_r1_C0_DEFAULT_N2048_q16_rep1,4,R1_EVENT_OVERLAP,NCCL,C0_DEFAULT,2048,2048,2048,16,3,1048576,34,0,493.728,1073.440,1390.208,316.768,PASS,0
PHASEB_formal_r1_C0_DEFAULT_N2048_q16_rep1,4,R1_EVENT_OVERLAP,NCCL,C0_DEFAULT,2048,2048,2048,16,4,1048576,34,0,720.576,1393.792,1705.568,314.752,PASS,0
PHASEB_formal_r1_C0_DEFAULT_N2048_q16_rep1,4,R1_EVENT_OVERLAP,NCCL,C0_DEFAULT,2048,2048,2048,16,5,1048576,34,0,800.320,1709.280,2020.320,311.040,PASS,0
PHASEB_formal_r1_C0_DEFAULT_N2048_q16_rep1,4,R1_EVENT_OVERLAP,NCCL,C0_DEFAULT,2048,2048,2048,16,6,1048576,34,0,1027.360,2023.776,2335.072,313.024,PASS,0
PHASEB_formal_r1_C0_DEFAULT_N2048_q16_rep1,4,R1_EVENT_OVERLAP,NCCL,C0_DEFAULT,2048,2048,2048,16,7,1048576,34,0,1121.344,2338.400,2638.336,315.968,PASS,0
PHASEB_formal_r1_C0_DEFAULT_N2048_q16_rep1,4,R1_EVENT_OVERLAP,NCCL,C0_DEFAULT,2048,2048,2048,16,8,1048576,34,0,1365.888,2641.696,2902.720,298.048,PASS,0
PHASEB_formal_r1_C0_DEFAULT_N2048_q16_rep1,4,R1_EVENT_OVERLAP,NCCL,C0_DEFAULT,2048,2048,2048,16,9,1048576,34,0,1442.272,2906.144,3166.336,260.192,PASS,0
PHASEB_formal_r1_C0_DEFAULT_N2048_q16_rep1,4,R1_EVENT_OVERLAP,NCCL,C0_DEFAULT,2048,2048,2048,16,10,1048576,34,0,1666.048,3169.760,3431.136,261.376,PASS,0
PHASEB_formal_r1_C0_DEFAULT_N2048_q16_rep1,4,R1_EVENT_OVERLAP,NCCL,C0_DEFAULT,2048,2048,2048,16,11,1048576,34,0,1746.752,3434.528,3694.560,260.512,PASS,0
PHASEB_formal_r1_C0_DEFAULT_N2048_q16_rep1,4,R1_EVENT_OVERLAP,NCCL,C0_DEFAULT,2048,2048,2048,16,12,1048576,34,0,1975.136,3697.984,3959.392,261.408,PASS,0
PHASEB_formal_r1_C0_DEFAULT_N2048_q16_rep1,4,R1_EVENT_OVERLAP,NCCL,C0_DEFAULT,2048,2048,2048,16,13,1048576,34,0,2053.312,3962.816,4223.104,260.288,PASS,0
PHASEB_formal_r1_C0_DEFAULT_N2048_q16_rep1,4,R1_EVENT_OVERLAP,NCCL,C0_DEFAULT,2048,2048,2048,16,14,1048576,34,0,2310.816,4226.560,4486.816,260.736,PASS,0
PHASEB_formal_r1_C0_DEFAULT_N2048_q16_rep1,4,R1_EVENT_OVERLAP,NCCL,C0_DEFAULT,2048,2048,2048,16,15,1048576,34,0,2629.120,4490.176,4749.600,259.424,PASS,0
PHASEB_formal_r1_C0_DEFAULT_N2048_q16_rep1,4,R1_EVENT_OVERLAP,NCCL,C0_DEFAULT,2048,2048,2048,16,0,1048576,35,0,133.568,139.936,454.976,316.288,PASS,0
PHASEB_formal_r1_C0_DEFAULT_N2048_q16_rep1,4,R1_EVENT_OVERLAP,NCCL,C0_DEFAULT,2048,2048,2048,16,1,1048576,35,0,207.488,458.304,779.872,321.568,PASS,0
PHASEB_formal_r1_C0_DEFAULT_N2048_q16_rep1,4,R1_EVENT_OVERLAP,NCCL,C0_DEFAULT,2048,2048,2048,16,2,1048576,35,0,433.664,783.872,1087.456,310.528,PASS,0
PHASEB_formal_r1_C0_DEFAULT_N2048_q16_rep1,4,R1_EVENT_OVERLAP,NCCL,C0_DEFAULT,2048,2048,2048,16,3,1048576,35,0,523.264,1090.816,1398.112,307.296,PASS,0
PHASEB_formal_r1_C0_DEFAULT_N2048_q16_rep1,4,R1_EVENT_OVERLAP,NCCL,C0_DEFAULT,2048,2048,2048,16,4,1048576,35,0,766.848,1401.792,1679.168,315.712,PASS,0
PHASEB_formal_r1_C0_DEFAULT_N2048_q16_rep1,4,R1_EVENT_OVERLAP,NCCL,C0_DEFAULT,2048,2048,2048,16,5,1048576,35,0,1087.968,1682.528,1997.280,315.296,PASS,0
PHASEB_formal_r1_C0_DEFAULT_N2048_q16_rep1,4,R1_EVENT_OVERLAP,NCCL,C0_DEFAULT,2048,2048,2048,16,6,1048576,35,0,1408.096,2000.736,2289.056,308.448,PASS,0
PHASEB_formal_r1_C0_DEFAULT_N2048_q16_rep1,4,R1_EVENT_OVERLAP,NCCL,C0_DEFAULT,2048,2048,2048,16,7,1048576,35,0,1716.128,2292.288,2600.384,311.168,PASS,0
PHASEB_formal_r1_C0_DEFAULT_N2048_q16_rep1,4,R1_EVENT_OVERLAP,NCCL,C0_DEFAULT,2048,2048,2048,16,8,1048576,35,0,2006.944,2603.840,2886.368,305.184,PASS,0
PHASEB_formal_r1_C0_DEFAULT_N2048_q16_rep1,4,R1_EVENT_OVERLAP,NCCL,C0_DEFAULT,2048,2048,2048,16,9,1048576,35,0,2316.576,2889.984,3200.064,311.168,PASS,0
PHASEB_formal_r1_C0_DEFAULT_N2048_q16_rep1,4,R1_EVENT_OVERLAP,NCCL,C0_DEFAULT,2048,2048,2048,16,10,1048576,35,0,2609.888,3203.520,3492.672,308.608,PASS,0
PHASEB_formal_r1_C0_DEFAULT_N2048_q16_rep1,4,R1_EVENT_OVERLAP,NCCL,C0_DEFAULT,2048,2048,2048,16,11,1048576,35,0,2916.608,3496.000,3801.056,311.904,PASS,0
PHASEB_formal_r1_C0_DEFAULT_N2048_q16_rep1,4,R1_EVENT_OVERLAP,NCCL,C0_DEFAULT,2048,2048,2048,16,12,1048576,35,0,3209.824,3804.384,4096.480,315.712,PASS,0
PHASEB_formal_r1_C0_DEFAULT_N2048_q16_rep1,4,R1_EVENT_OVERLAP,NCCL,C0_DEFAULT,2048,2048,2048,16,13,1048576,35,0,3516.064,4100.352,4393.216,295.840,PASS,0
PHASEB_formal_r1_C0_DEFAULT_N2048_q16_rep1,4,R1_EVENT_OVERLAP,NCCL,C0_DEFAULT,2048,2048,2048,16,14,1048576,35,0,3810.592,4396.608,4655.648,260.416,PASS,0
PHASEB_formal_r1_C0_DEFAULT_N2048_q16_rep1,4,R1_EVENT_OVERLAP,NCCL,C0_DEFAULT,2048,2048,2048,16,15,1048576,35,0,4117.152,4658.976,4917.824,260.160,PASS,0
PHASEB_formal_r1_C0_DEFAULT_N2048_q16_rep1,4,R1_EVENT_OVERLAP,NCCL,C0_DEFAULT,2048,2048,2048,16,0,1048576,36,0,118.304,124.544,431.136,308.160,PASS,0
PHASEB_formal_r1_C0_DEFAULT_N2048_q16_rep1,4,R1_EVENT_OVERLAP,NCCL,C0_DEFAULT,2048,2048,2048,16,1,1048576,36,0,191.968,434.720,745.056,310.336,PASS,0
PHASEB_formal_r1_C0_DEFAULT_N2048_q16_rep1,4,R1_EVENT_OVERLAP,NCCL,C0_DEFAULT,2048,2048,2048,16,2,1048576,36,0,420.096,748.640,1063.488,314.848,PASS,0
PHASEB_formal_r1_C0_DEFAULT_N2048_q16_rep1,4,R1_EVENT_OVERLAP,NCCL,C0_DEFAULT,2048,2048,2048,16,3,1048576,36,0,496.832,1066.848,1391.360,324.512,PASS,0
PHASEB_formal_r1_C0_DEFAULT_N2048_q16_rep1,4,R1_EVENT_OVERLAP,NCCL,C0_DEFAULT,2048,2048,2048,16,4,1048576,36,0,720.448,1394.720,1705.984,328.704,PASS,0
PHASEB_formal_r1_C0_DEFAULT_N2048_q16_rep1,4,R1_EVENT_OVERLAP,NCCL,C0_DEFAULT,2048,2048,2048,16,5,1048576,36,0,799.008,1710.240,2015.296,312.096,PASS,0
PHASEB_formal_r1_C0_DEFAULT_N2048_q16_rep1,4,R1_EVENT_OVERLAP,NCCL,C0_DEFAULT,2048,2048,2048,16,6,1048576,36,0,1024.032,2018.656,2326.208,308.800,PASS,0
PHASEB_formal_r1_C0_DEFAULT_N2048_q16_rep1,4,R1_EVENT_OVERLAP,NCCL,C0_DEFAULT,2048,2048,2048,16,7,1048576,36,0,1106.112,2329.696,2644.352,314.656,PASS,0
PHASEB_formal_r1_C0_DEFAULT_N2048_q16_rep1,4,R1_EVENT_OVERLAP,NCCL,C0_DEFAULT,2048,2048,2048,16,8,1048576,36,0,1331.584,2648.096,2959.808,311.712,PASS,0
PHASEB_formal_r1_C0_DEFAULT_N2048_q16_rep1,4,R1_EVENT_OVERLAP,NCCL,C0_DEFAULT,2048,2048,2048,16,9,1048576,36,0,1430.784,2963.168,3262.528,299.360,PASS,0
PHASEB_formal_r1_C0_DEFAULT_N2048_q16_rep1,4,R1_EVENT_OVERLAP,NCCL,C0_DEFAULT,2048,2048,2048,16,10,1048576,36,0,1697.984,3266.240,3527.232,298.080,PASS,0
PHASEB_formal_r1_C0_DEFAULT_N2048_q16_rep1,4,R1_EVENT_OVERLAP,NCCL,C0_DEFAULT,2048,2048,2048,16,11,1048576,36,0,2013.248,3530.656,3790.624,259.968,PASS,0
PHASEB_formal_r1_C0_DEFAULT_N2048_q16_rep1,4,R1_EVENT_OVERLAP,NCCL,C0_DEFAULT,2048,2048,2048,16,12,1048576,36,0,2333.600,3794.048,4055.008,260.960,PASS,0
PHASEB_formal_r1_C0_DEFAULT_N2048_q16_rep1,4,R1_EVENT_OVERLAP,NCCL,C0_DEFAULT,2048,2048,2048,16,13,1048576,36,0,2638.720,4058.432,4318.464,260.032,PASS,0
PHASEB_formal_r1_C0_DEFAULT_N2048_q16_rep1,4,R1_EVENT_OVERLAP,NCCL,C0_DEFAULT,2048,2048,2048,16,14,1048576,36,0,2918.784,4321.888,4583.584,261.696,PASS,0
PHASEB_formal_r1_C0_DEFAULT_N2048_q16_rep1,4,R1_EVENT_OVERLAP,NCCL,C0_DEFAULT,2048,2048,2048,16,15,1048576,36,0,3225.760,4587.008,4846.560,259.552,PASS,0
PHASEB_formal_r1_C0_DEFAULT_N2048_q16_rep1,4,R1_EVENT_OVERLAP,NCCL,C0_DEFAULT,2048,2048,2048,16,0,1048576,37,0,138.592,144.928,459.968,315.552,PASS,0
PHASEB_formal_r1_C0_DEFAULT_N2048_q16_rep1,4,R1_EVENT_OVERLAP,NCCL,C0_DEFAULT,2048,2048,2048,16,1,1048576,37,0,212.672,463.616,777.440,315.232,PASS,0
PHASEB_formal_r1_C0_DEFAULT_N2048_q16_rep1,4,R1_EVENT_OVERLAP,NCCL,C0_DEFAULT,2048,2048,2048,16,2,1048576,37,0,464.928,781.472,1094.656,313.184,PASS,0
PHASEB_formal_r1_C0_DEFAULT_N2048_q16_rep1,4,R1_EVENT_OVERLAP,NCCL,C0_DEFAULT,2048,2048,2048,16,3,1048576,37,0,782.560,1098.016,1407.872,311.008,PASS,0
PHASEB_formal_r1_C0_DEFAULT_N2048_q16_rep1,4,R1_EVENT_OVERLAP,NCCL,C0_DEFAULT,2048,2048,2048,16,4,1048576,37,0,1090.144,1411.456,1722.432,310.976,PASS,0
PHASEB_formal_r1_C0_DEFAULT_N2048_q16_rep1,4,R1_EVENT_OVERLAP,NCCL,C0_DEFAULT,2048,2048,2048,16,5,1048576,37,0,1375.328,1725.728,2033.248,315.072,PASS,0
PHASEB_formal_r1_C0_DEFAULT_N2048_q16_rep1,4,R1_EVENT_OVERLAP,NCCL,C0_DEFAULT,2048,2048,2048,16,6,1048576,37,0,1698.240,2036.608,2348.608,312.000,PASS,0
PHASEB_formal_r1_C0_DEFAULT_N2048_q16_rep1,4,R1_EVENT_OVERLAP,NCCL,C0_DEFAULT,2048,2048,2048,16,7,1048576,37,0,1984.800,2352.000,2658.464,309.760,PASS,0
PHASEB_formal_r1_C0_DEFAULT_N2048_q16_rep1,4,R1_EVENT_OVERLAP,NCCL,C0_DEFAULT,2048,2048,2048,16,8,1048576,37,0,2297.856,2661.824,2971.040,311.456,PASS,0
PHASEB_formal_r1_C0_DEFAULT_N2048_q16_rep1,4,R1_EVENT_OVERLAP,NCCL,C0_DEFAULT,2048,2048,2048,16,9,1048576,37,0,2592.736,2974.432,3299.168,324.736,PASS,0
PHASEB_formal_r1_C0_DEFAULT_N2048_q16_rep1,4,R1_EVENT_OVERLAP,NCCL,C0_DEFAULT,2048,2048,2048,16,10,1048576,37,0,2901.504,3302.560,3633.376,330.816,PASS,0
PHASEB_formal_r1_C0_DEFAULT_N2048_q16_rep1,4,R1_EVENT_OVERLAP,NCCL,C0_DEFAULT,2048,2048,2048,16,11,1048576,37,0,3186.496,3636.768,3954.976,318.208,PASS,0
PHASEB_formal_r1_C0_DEFAULT_N2048_q16_rep1,4,R1_EVENT_OVERLAP,NCCL,C0_DEFAULT,2048,2048,2048,16,12,1048576,37,0,3501.376,3958.304,4264.576,310.496,PASS,0
PHASEB_formal_r1_C0_DEFAULT_N2048_q16_rep1,4,R1_EVENT_OVERLAP,NCCL,C0_DEFAULT,2048,2048,2048,16,13,1048576,37,0,3784.608,4268.128,4568.800,307.584,PASS,0
PHASEB_formal_r1_C0_DEFAULT_N2048_q16_rep1,4,R1_EVENT_OVERLAP,NCCL,C0_DEFAULT,2048,2048,2048,16,14,1048576,37,0,4093.888,4572.544,4832.160,297.792,PASS,0
PHASEB_formal_r1_C0_DEFAULT_N2048_q16_rep1,4,R1_EVENT_OVERLAP,NCCL,C0_DEFAULT,2048,2048,2048,16,15,1048576,37,0,4387.904,4835.584,5095.648,260.064,PASS,0
PHASEB_formal_r1_C0_DEFAULT_N2048_q16_rep1,4,R1_EVENT_OVERLAP,NCCL,C0_DEFAULT,2048,2048,2048,16,0,1048576,38,0,115.616,122.080,429.216,307.136,PASS,0
PHASEB_formal_r1_C0_DEFAULT_N2048_q16_rep1,4,R1_EVENT_OVERLAP,NCCL,C0_DEFAULT,2048,2048,2048,16,1,1048576,38,0,192.128,432.608,755.392,324.384,PASS,0
PHASEB_formal_r1_C0_DEFAULT_N2048_q16_rep1,4,R1_EVENT_OVERLAP,NCCL,C0_DEFAULT,2048,2048,2048,16,2,1048576,38,0,419.744,759.040,1069.472,316.704,PASS,0
PHASEB_formal_r1_C0_DEFAULT_N2048_q16_rep1,4,R1_EVENT_OVERLAP,NCCL,C0_DEFAULT,2048,2048,2048,16,3,1048576,38,0,511.808,1072.864,1382.816,312.352,PASS,0
PHASEB_formal_r1_C0_DEFAULT_N2048_q16_rep1,4,R1_EVENT_OVERLAP,NCCL,C0_DEFAULT,2048,2048,2048,16,4,1048576,38,0,751.648,1386.048,1698.528,312.480,PASS,0
PHASEB_formal_r1_C0_DEFAULT_N2048_q16_rep1,4,R1_EVENT_OVERLAP,NCCL,C0_DEFAULT,2048,2048,2048,16,5,1048576,38,0,1061.952,1701.856,2007.392,312.096,PASS,0
PHASEB_formal_r1_C0_DEFAULT_N2048_q16_rep1,4,R1_EVENT_OVERLAP,NCCL,C0_DEFAULT,2048,2048,2048,16,6,1048576,38,0,1342.848,2010.944,2317.856,308.544,PASS,0
PHASEB_formal_r1_C0_DEFAULT_N2048_q16_rep1,4,R1_EVENT_OVERLAP,NCCL,C0_DEFAULT,2048,2048,2048,16,7,1048576,38,0,1656.032,2321.408,2656.768,336.032,PASS,0
PHASEB_formal_r1_C0_DEFAULT_N2048_q16_rep1,4,R1_EVENT_OVERLAP,NCCL,C0_DEFAULT,2048,2048,2048,16,8,1048576,38,0,1945.280,2660.288,2965.376,313.408,PASS,0
PHASEB_formal_r1_C0_DEFAULT_N2048_q16_rep1,4,R1_EVENT_OVERLAP,NCCL,C0_DEFAULT,2048,2048,2048,16,9,1048576,38,0,2256.896,2968.800,3272.928,304.704,PASS,0
PHASEB_formal_r1_C0_DEFAULT_N2048_q16_rep1,4,R1_EVENT_OVERLAP,NCCL,C0_DEFAULT,2048,2048,2048,16,10,1048576,38,0,2540.256,3276.224,3582.848,311.328,PASS,0
PHASEB_formal_r1_C0_DEFAULT_N2048_q16_rep1,4,R1_EVENT_OVERLAP,NCCL,C0_DEFAULT,2048,2048,2048,16,11,1048576,38,0,2649.952,3586.176,3900.288,317.408,PASS,0
PHASEB_formal_r1_C0_DEFAULT_N2048_q16_rep1,4,R1_EVENT_OVERLAP,NCCL,C0_DEFAULT,2048,2048,2048,16,12,1048576,38,0,2865.856,3903.744,4163.680,299.456,PASS,0
PHASEB_formal_r1_C0_DEFAULT_N2048_q16_rep1,4,R1_EVENT_OVERLAP,NCCL,C0_DEFAULT,2048,2048,2048,16,13,1048576,38,0,3179.296,4167.136,4425.472,259.776,PASS,0
PHASEB_formal_r1_C0_DEFAULT_N2048_q16_rep1,4,R1_EVENT_OVERLAP,NCCL,C0_DEFAULT,2048,2048,2048,16,14,1048576,38,0,3458.080,4428.960,4688.640,260.992,PASS,0
PHASEB_formal_r1_C0_DEFAULT_N2048_q16_rep1,4,R1_EVENT_OVERLAP,NCCL,C0_DEFAULT,2048,2048,2048,16,15,1048576,38,0,3771.136,4692.064,4950.624,259.200,PASS,0
PHASEB_formal_r1_C0_DEFAULT_N2048_q16_rep1,4,R1_EVENT_OVERLAP,NCCL,C0_DEFAULT,2048,2048,2048,16,0,1048576,39,0,128.096,134.080,449.568,316.992,PASS,0
PHASEB_formal_r1_C0_DEFAULT_N2048_q16_rep1,4,R1_EVENT_OVERLAP,NCCL,C0_DEFAULT,2048,2048,2048,16,1,1048576,39,0,201.568,453.344,776.992,324.864,PASS,0
PHASEB_formal_r1_C0_DEFAULT_N2048_q16_rep1,4,R1_EVENT_OVERLAP,NCCL,C0_DEFAULT,2048,2048,2048,16,2,1048576,39,0,427.168,780.448,1087.712,319.456,PASS,0
PHASEB_formal_r1_C0_DEFAULT_N2048_q16_rep1,4,R1_EVENT_OVERLAP,NCCL,C0_DEFAULT,2048,2048,2048,16,3,1048576,39,0,535.712,1091.264,1412.160,322.848,PASS,0
PHASEB_formal_r1_C0_DEFAULT_N2048_q16_rep1,4,R1_EVENT_OVERLAP,NCCL,C0_DEFAULT,2048,2048,2048,16,4,1048576,39,0,762.912,1415.552,1715.168,309.824,PASS,0
PHASEB_formal_r1_C0_DEFAULT_N2048_q16_rep1,4,R1_EVENT_OVERLAP,NCCL,C0_DEFAULT,2048,2048,2048,16,5,1048576,39,0,1081.248,1718.624,2008.256,310.976,PASS,0
PHASEB_formal_r1_C0_DEFAULT_N2048_q16_rep1,4,R1_EVENT_OVERLAP,NCCL,C0_DEFAULT,2048,2048,2048,16,6,1048576,39,0,1332.992,2011.552,2320.992,311.936,PASS,0
PHASEB_formal_r1_C0_DEFAULT_N2048_q16_rep1,4,R1_EVENT_OVERLAP,NCCL,C0_DEFAULT,2048,2048,2048,16,7,1048576,39,0,1425.792,2324.512,2597.824,307.232,PASS,0
PHASEB_formal_r1_C0_DEFAULT_N2048_q16_rep1,4,R1_EVENT_OVERLAP,NCCL,C0_DEFAULT,2048,2048,2048,16,8,1048576,39,0,1733.376,2601.568,2913.312,311.744,PASS,0
PHASEB_formal_r1_C0_DEFAULT_N2048_q16_rep1,4,R1_EVENT_OVERLAP,NCCL,C0_DEFAULT,2048,2048,2048,16,9,1048576,39,0,2034.176,2916.704,3196.160,305.024,PASS,0
PHASEB_formal_r1_C0_DEFAULT_N2048_q16_rep1,4,R1_EVENT_OVERLAP,NCCL,C0_DEFAULT,2048,2048,2048,16,10,1048576,39,0,2330.912,3199.488,3511.424,312.640,PASS,0
PHASEB_formal_r1_C0_DEFAULT_N2048_q16_rep1,4,R1_EVENT_OVERLAP,NCCL,C0_DEFAULT,2048,2048,2048,16,11,1048576,39,0,2639.744,3514.816,3800.800,310.496,PASS,0
PHASEB_formal_r1_C0_DEFAULT_N2048_q16_rep1,4,R1_EVENT_OVERLAP,NCCL,C0_DEFAULT,2048,2048,2048,16,12,1048576,39,0,2922.976,3804.064,4100.288,299.008,PASS,0
PHASEB_formal_r1_C0_DEFAULT_N2048_q16_rep1,4,R1_EVENT_OVERLAP,NCCL,C0_DEFAULT,2048,2048,2048,16,13,1048576,39,0,3234.464,4103.648,4363.072,261.120,PASS,0
PHASEB_formal_r1_C0_DEFAULT_N2048_q16_rep1,4,R1_EVENT_OVERLAP,NCCL,C0_DEFAULT,2048,2048,2048,16,14,1048576,39,0,3521.504,4366.432,4625.760,260.160,PASS,0
PHASEB_formal_r1_C0_DEFAULT_N2048_q16_rep1,4,R1_EVENT_OVERLAP,NCCL,C0_DEFAULT,2048,2048,2048,16,15,1048576,39,0,3834.112,4629.088,4888.160,260.064,PASS,0
PHASEB_formal_r1_C0_DEFAULT_N2048_q16_rep1,4,R1_EVENT_OVERLAP,NCCL,C0_DEFAULT,2048,2048,2048,16,0,1048576,40,0,114.848,121.856,437.184,315.616,PASS,0
PHASEB_formal_r1_C0_DEFAULT_N2048_q16_rep1,4,R1_EVENT_OVERLAP,NCCL,C0_DEFAULT,2048,2048,2048,16,1,1048576,40,0,189.632,445.568,757.280,311.776,PASS,0
PHASEB_formal_r1_C0_DEFAULT_N2048_q16_rep1,4,R1_EVENT_OVERLAP,NCCL,C0_DEFAULT,2048,2048,2048,16,2,1048576,40,0,416.352,762.656,1073.312,317.600,PASS,0
PHASEB_formal_r1_C0_DEFAULT_N2048_q16_rep1,4,R1_EVENT_OVERLAP,NCCL,C0_DEFAULT,2048,2048,2048,16,3,1048576,40,0,491.968,1076.672,1400.096,323.424,PASS,0
PHASEB_formal_r1_C0_DEFAULT_N2048_q16_rep1,4,R1_EVENT_OVERLAP,NCCL,C0_DEFAULT,2048,2048,2048,16,4,1048576,40,0,731.520,1403.392,1716.128,315.264,PASS,0
PHASEB_formal_r1_C0_DEFAULT_N2048_q16_rep1,4,R1_EVENT_OVERLAP,NCCL,C0_DEFAULT,2048,2048,2048,16,5,1048576,40,0,809.984,1719.488,2031.040,311.552,PASS,0
PHASEB_formal_r1_C0_DEFAULT_N2048_q16_rep1,4,R1_EVENT_OVERLAP,NCCL,C0_DEFAULT,2048,2048,2048,16,6,1048576,40,0,1062.880,2034.400,2369.056,334.656,PASS,0
PHASEB_formal_r1_C0_DEFAULT_N2048_q16_rep1,4,R1_EVENT_OVERLAP,NCCL,C0_DEFAULT,2048,2048,2048,16,7,1048576,40,0,1374.944,2372.416,2705.376,332.960,PASS,0
PHASEB_formal_r1_C0_DEFAULT_N2048_q16_rep1,4,R1_EVENT_OVERLAP,NCCL,C0_DEFAULT,2048,2048,2048,16,8,1048576,40,0,1663.040,2708.736,3018.112,325.536,PASS,0
PHASEB_formal_r1_C0_DEFAULT_N2048_q16_rep1,4,R1_EVENT_OVERLAP,NCCL,C0_DEFAULT,2048,2048,2048,16,9,1048576,40,0,1971.232,3021.472,3327.456,330.720,PASS,0
PHASEB_formal_r1_C0_DEFAULT_N2048_q16_rep1,4,R1_EVENT_OVERLAP,NCCL,C0_DEFAULT,2048,2048,2048,16,10,1048576,40,0,2254.912,3331.264,3637.792,309.888,PASS,0
PHASEB_formal_r1_C0_DEFAULT_N2048_q16_rep1,4,R1_EVENT_OVERLAP,NCCL,C0_DEFAULT,2048,2048,2048,16,11,1048576,40,0,2566.656,3641.184,3938.560,300.832,PASS,0
PHASEB_formal_r1_C0_DEFAULT_N2048_q16_rep1,4,R1_EVENT_OVERLAP,NCCL,C0_DEFAULT,2048,2048,2048,16,12,1048576,40,0,2843.904,3942.208,4204.160,298.208,PASS,0
PHASEB_formal_r1_C0_DEFAULT_N2048_q16_rep1,4,R1_EVENT_OVERLAP,NCCL,C0_DEFAULT,2048,2048,2048,16,13,1048576,40,0,3151.904,4207.584,4467.680,260.096,PASS,0
PHASEB_formal_r1_C0_DEFAULT_N2048_q16_rep1,4,R1_EVENT_OVERLAP,NCCL,C0_DEFAULT,2048,2048,2048,16,14,1048576,40,0,3434.912,4471.072,4731.936,260.864,PASS,0
PHASEB_formal_r1_C0_DEFAULT_N2048_q16_rep1,4,R1_EVENT_OVERLAP,NCCL,C0_DEFAULT,2048,2048,2048,16,15,1048576,40,0,3740.992,4735.360,4994.560,259.200,PASS,0
PHASEB_formal_r1_C0_DEFAULT_N2048_q16_rep1,4,R1_EVENT_OVERLAP,NCCL,C0_DEFAULT,2048,2048,2048,16,0,1048576,41,0,129.088,135.360,440.736,306.496,PASS,0
PHASEB_formal_r1_C0_DEFAULT_N2048_q16_rep1,4,R1_EVENT_OVERLAP,NCCL,C0_DEFAULT,2048,2048,2048,16,1,1048576,41,0,203.168,444.224,754.432,310.272,PASS,0
PHASEB_formal_r1_C0_DEFAULT_N2048_q16_rep1,4,R1_EVENT_OVERLAP,NCCL,C0_DEFAULT,2048,2048,2048,16,2,1048576,41,0,432.256,757.856,1074.624,316.768,PASS,0
PHASEB_formal_r1_C0_DEFAULT_N2048_q16_rep1,4,R1_EVENT_OVERLAP,NCCL,C0_DEFAULT,2048,2048,2048,16,3,1048576,41,0,523.424,1078.048,1385.728,307.680,PASS,0
PHASEB_formal_r1_C0_DEFAULT_N2048_q16_rep1,4,R1_EVENT_OVERLAP,NCCL,C0_DEFAULT,2048,2048,2048,16,4,1048576,41,0,748.320,1390.496,1708.352,323.232,PASS,0
PHASEB_formal_r1_C0_DEFAULT_N2048_q16_rep1,4,R1_EVENT_OVERLAP,NCCL,C0_DEFAULT,2048,2048,2048,16,5,1048576,41,0,825.696,1711.936,2046.272,335.680,PASS,0
PHASEB_formal_r1_C0_DEFAULT_N2048_q16_rep1,4,R1_EVENT_OVERLAP,NCCL,C0_DEFAULT,2048,2048,2048,16,6,1048576,41,0,1049.792,2049.504,2373.920,324.416,PASS,0
PHASEB_formal_r1_C0_DEFAULT_N2048_q16_rep1,4,R1_EVENT_OVERLAP,NCCL,C0_DEFAULT,2048,2048,2048,16,7,1048576,41,0,1126.272,2377.440,2675.520,301.056,PASS,0
PHASEB_formal_r1_C0_DEFAULT_N2048_q16_rep1,4,R1_EVENT_OVERLAP,NCCL,C0_DEFAULT,2048,2048,2048,16,8,1048576,41,0,1356.288,2678.880,2937.824,297.344,PASS,0
PHASEB_formal_r1_C0_DEFAULT_N2048_q16_rep1,4,R1_EVENT_OVERLAP,NCCL,C0_DEFAULT,2048,2048,2048,16,9,1048576,41,0,1433.888,2941.152,3200.896,261.088,PASS,0
PHASEB_formal_r1_C0_DEFAULT_N2048_q16_rep1,4,R1_EVENT_OVERLAP,NCCL,C0_DEFAULT,2048,2048,2048,16,10,1048576,41,0,1658.944,3204.256,3463.552,260.448,PASS,0
PHASEB_formal_r1_C0_DEFAULT_N2048_q16_rep1,4,R1_EVENT_OVERLAP,NCCL,C0_DEFAULT,2048,2048,2048,16,11,1048576,41,0,1760.672,3467.232,3726.784,261.152,PASS,0
PHASEB_formal_r1_C0_DEFAULT_N2048_q16_rep1,4,R1_EVENT_OVERLAP,NCCL,C0_DEFAULT,2048,2048,2048,16,12,1048576,41,0,1986.304,3730.112,3988.480,260.000,PASS,0
PHASEB_formal_r1_C0_DEFAULT_N2048_q16_rep1,4,R1_EVENT_OVERLAP,NCCL,C0_DEFAULT,2048,2048,2048,16,13,1048576,41,0,2073.664,3991.808,4251.552,260.672,PASS,0
PHASEB_formal_r1_C0_DEFAULT_N2048_q16_rep1,4,R1_EVENT_OVERLAP,NCCL,C0_DEFAULT,2048,2048,2048,16,14,1048576,41,0,2317.440,4254.912,4514.304,259.840,PASS,0
PHASEB_formal_r1_C0_DEFAULT_N2048_q16_rep1,4,R1_EVENT_OVERLAP,NCCL,C0_DEFAULT,2048,2048,2048,16,15,1048576,41,0,2629.152,4517.664,4776.544,261.120,PASS,0
PHASEB_formal_r1_C0_DEFAULT_N2048_q16_rep1,4,R1_EVENT_OVERLAP,NCCL,C0_DEFAULT,2048,2048,2048,16,0,1048576,42,0,125.120,131.584,446.144,314.560,PASS,0
PHASEB_formal_r1_C0_DEFAULT_N2048_q16_rep1,4,R1_EVENT_OVERLAP,NCCL,C0_DEFAULT,2048,2048,2048,16,1,1048576,42,0,212.192,449.440,726.784,277.344,PASS,0
PHASEB_formal_r1_C0_DEFAULT_N2048_q16_rep1,4,R1_EVENT_OVERLAP,NCCL,C0_DEFAULT,2048,2048,2048,16,2,1048576,42,0,456.544,730.528,1040.608,314.816,PASS,0
PHASEB_formal_r1_C0_DEFAULT_N2048_q16_rep1,4,R1_EVENT_OVERLAP,NCCL,C0_DEFAULT,2048,2048,2048,16,3,1048576,42,0,765.696,1043.936,1341.824,307.456,PASS,0
PHASEB_formal_r1_C0_DEFAULT_N2048_q16_rep1,4,R1_EVENT_OVERLAP,NCCL,C0_DEFAULT,2048,2048,2048,16,4,1048576,42,0,1050.592,1345.504,1642.624,317.248,PASS,0
PHASEB_formal_r1_C0_DEFAULT_N2048_q16_rep1,4,R1_EVENT_OVERLAP,NCCL,C0_DEFAULT,2048,2048,2048,16,5,1048576,42,0,1358.880,1646.496,1948.576,311.136,PASS,0
PHASEB_formal_r1_C0_DEFAULT_N2048_q16_rep1,4,R1_EVENT_OVERLAP,NCCL,C0_DEFAULT,2048,2048,2048,16,6,1048576,42,0,1656.928,1952.000,2249.728,313.792,PASS,0
PHASEB_formal_r1_C0_DEFAULT_N2048_q16_rep1,4,R1_EVENT_OVERLAP,NCCL,C0_DEFAULT,2048,2048,2048,16,7,1048576,42,0,1965.504,2259.584,2565.056,311.328,PASS,0
PHASEB_formal_r1_C0_DEFAULT_N2048_q16_rep1,4,R1_EVENT_OVERLAP,NCCL,C0_DEFAULT,2048,2048,2048,16,8,1048576,42,0,2276.864,2568.640,2852.736,310.272,PASS,0
PHASEB_formal_r1_C0_DEFAULT_N2048_q16_rep1,4,R1_EVENT_OVERLAP,NCCL,C0_DEFAULT,2048,2048,2048,16,9,1048576,42,0,2574.720,2856.320,3164.864,312.416,PASS,0
PHASEB_formal_r1_C0_DEFAULT_N2048_q16_rep1,4,R1_EVENT_OVERLAP,NCCL,C0_DEFAULT,2048,2048,2048,16,10,1048576,42,0,2881.184,3168.640,3458.368,308.768,PASS,0
PHASEB_formal_r1_C0_DEFAULT_N2048_q16_rep1,4,R1_EVENT_OVERLAP,NCCL,C0_DEFAULT,2048,2048,2048,16,11,1048576,42,0,3175.776,3461.824,3774.560,312.736,PASS,0
PHASEB_formal_r1_C0_DEFAULT_N2048_q16_rep1,4,R1_EVENT_OVERLAP,NCCL,C0_DEFAULT,2048,2048,2048,16,12,1048576,42,0,3485.376,3777.984,4062.848,313.824,PASS,0
PHASEB_formal_r1_C0_DEFAULT_N2048_q16_rep1,4,R1_EVENT_OVERLAP,NCCL,C0_DEFAULT,2048,2048,2048,16,13,1048576,42,0,3784.256,4066.176,4375.456,314.880,PASS,0
PHASEB_formal_r1_C0_DEFAULT_N2048_q16_rep1,4,R1_EVENT_OVERLAP,NCCL,C0_DEFAULT,2048,2048,2048,16,14,1048576,42,0,4095.136,4378.944,4643.680,296.576,PASS,0
PHASEB_formal_r1_C0_DEFAULT_N2048_q16_rep1,4,R1_EVENT_OVERLAP,NCCL,C0_DEFAULT,2048,2048,2048,16,15,1048576,42,0,4385.568,4647.104,4906.304,259.488,PASS,0
PHASEB_formal_r1_C0_DEFAULT_N2048_q16_rep1,4,R1_EVENT_OVERLAP,NCCL,C0_DEFAULT,2048,2048,2048,16,0,1048576,43,0,126.368,132.352,455.232,323.072,PASS,0
PHASEB_formal_r1_C0_DEFAULT_N2048_q16_rep1,4,R1_EVENT_OVERLAP,NCCL,C0_DEFAULT,2048,2048,2048,16,1,1048576,43,0,200.992,458.656,755.328,298.624,PASS,0
PHASEB_formal_r1_C0_DEFAULT_N2048_q16_rep1,4,R1_EVENT_OVERLAP,NCCL,C0_DEFAULT,2048,2048,2048,16,2,1048576,43,0,464.864,759.072,1073.536,316.320,PASS,0
PHASEB_formal_r1_C0_DEFAULT_N2048_q16_rep1,4,R1_EVENT_OVERLAP,NCCL,C0_DEFAULT,2048,2048,2048,16,3,1048576,43,0,794.912,1077.248,1372.672,315.808,PASS,0
PHASEB_formal_r1_C0_DEFAULT_N2048_q16_rep1,4,R1_EVENT_OVERLAP,NCCL,C0_DEFAULT,2048,2048,2048,16,4,1048576,43,0,1083.552,1376.000,1683.296,313.696,PASS,0
PHASEB_formal_r1_C0_DEFAULT_N2048_q16_rep1,4,R1_EVENT_OVERLAP,NCCL,C0_DEFAULT,2048,2048,2048,16,5,1048576,43,0,1399.200,1686.752,1983.616,313.312,PASS,0
PHASEB_formal_r1_C0_DEFAULT_N2048_q16_rep1,4,R1_EVENT_OVERLAP,NCCL,C0_DEFAULT,2048,2048,2048,16,6,1048576,43,0,1693.440,1987.680,2288.928,312.448,PASS,0
PHASEB_formal_r1_C0_DEFAULT_N2048_q16_rep1,4,R1_EVENT_OVERLAP,NCCL,C0_DEFAULT,2048,2048,2048,16,7,1048576,43,0,1999.616,2292.672,2589.568,317.152,PASS,0
PHASEB_formal_r1_C0_DEFAULT_N2048_q16_rep1,4,R1_EVENT_OVERLAP,NCCL,C0_DEFAULT,2048,2048,2048,16,8,1048576,43,0,2304.096,2593.056,2898.848,313.568,PASS,0
PHASEB_formal_r1_C0_DEFAULT_N2048_q16_rep1,4,R1_EVENT_OVERLAP,NCCL,C0_DEFAULT,2048,2048,2048,16,9,1048576,43,0,2607.232,2902.464,3194.272,312.832,PASS,0
PHASEB_formal_r1_C0_DEFAULT_N2048_q16_rep1,4,R1_EVENT_OVERLAP,NCCL,C0_DEFAULT,2048,2048,2048,16,10,1048576,43,0,2908.704,3197.600,3508.672,312.256,PASS,0
PHASEB_formal_r1_C0_DEFAULT_N2048_q16_rep1,4,R1_EVENT_OVERLAP,NCCL,C0_DEFAULT,2048,2048,2048,16,11,1048576,43,0,3217.952,3512.128,3787.744,277.664,PASS,0
PHASEB_formal_r1_C0_DEFAULT_N2048_q16_rep1,4,R1_EVENT_OVERLAP,NCCL,C0_DEFAULT,2048,2048,2048,16,12,1048576,43,0,3518.432,3791.040,4099.808,313.664,PASS,0
PHASEB_formal_r1_C0_DEFAULT_N2048_q16_rep1,4,R1_EVENT_OVERLAP,NCCL,C0_DEFAULT,2048,2048,2048,16,13,1048576,43,0,3825.760,4103.264,4379.392,276.128,PASS,0
PHASEB_formal_r1_C0_DEFAULT_N2048_q16_rep1,4,R1_EVENT_OVERLAP,NCCL,C0_DEFAULT,2048,2048,2048,16,14,1048576,43,0,4109.600,4382.688,4680.544,299.712,PASS,0
PHASEB_formal_r1_C0_DEFAULT_N2048_q16_rep1,4,R1_EVENT_OVERLAP,NCCL,C0_DEFAULT,2048,2048,2048,16,15,1048576,43,0,4416.640,4684.352,4943.488,260.192,PASS,0
PHASEB_formal_r1_C0_DEFAULT_N2048_q16_rep1,4,R1_EVENT_OVERLAP,NCCL,C0_DEFAULT,2048,2048,2048,16,0,1048576,44,0,121.280,127.680,446.048,318.592,PASS,0
PHASEB_formal_r1_C0_DEFAULT_N2048_q16_rep1,4,R1_EVENT_OVERLAP,NCCL,C0_DEFAULT,2048,2048,2048,16,1,1048576,44,0,196.320,449.472,762.912,313.440,PASS,0
PHASEB_formal_r1_C0_DEFAULT_N2048_q16_rep1,4,R1_EVENT_OVERLAP,NCCL,C0_DEFAULT,2048,2048,2048,16,2,1048576,44,0,444.352,766.656,1080.320,313.664,PASS,0
PHASEB_formal_r1_C0_DEFAULT_N2048_q16_rep1,4,R1_EVENT_OVERLAP,NCCL,C0_DEFAULT,2048,2048,2048,16,3,1048576,44,0,756.352,1084.000,1400.704,316.704,PASS,0
PHASEB_formal_r1_C0_DEFAULT_N2048_q16_rep1,4,R1_EVENT_OVERLAP,NCCL,C0_DEFAULT,2048,2048,2048,16,4,1048576,44,0,1058.784,1404.064,1715.904,311.840,PASS,0
PHASEB_formal_r1_C0_DEFAULT_N2048_q16_rep1,4,R1_EVENT_OVERLAP,NCCL,C0_DEFAULT,2048,2048,2048,16,5,1048576,44,0,1354.016,1719.456,2057.760,338.304,PASS,0
PHASEB_formal_r1_C0_DEFAULT_N2048_q16_rep1,4,R1_EVENT_OVERLAP,NCCL,C0_DEFAULT,2048,2048,2048,16,6,1048576,44,0,1659.552,2061.120,2369.728,310.208,PASS,0
PHASEB_formal_r1_C0_DEFAULT_N2048_q16_rep1,4,R1_EVENT_OVERLAP,NCCL,C0_DEFAULT,2048,2048,2048,16,7,1048576,44,0,1944.512,2373.056,2678.272,311.552,PASS,0
PHASEB_formal_r1_C0_DEFAULT_N2048_q16_rep1,4,R1_EVENT_OVERLAP,NCCL,C0_DEFAULT,2048,2048,2048,16,8,1048576,44,0,2260.800,2681.632,3022.304,340.672,PASS,0
PHASEB_formal_r1_C0_DEFAULT_N2048_q16_rep1,4,R1_EVENT_OVERLAP,NCCL,C0_DEFAULT,2048,2048,2048,16,9,1048576,44,0,2559.488,3026.048,3329.920,330.240,PASS,0
PHASEB_formal_r1_C0_DEFAULT_N2048_q16_rep1,4,R1_EVENT_OVERLAP,NCCL,C0_DEFAULT,2048,2048,2048,16,10,1048576,44,0,2871.168,3333.536,3642.880,332.192,PASS,0
PHASEB_formal_r1_C0_DEFAULT_N2048_q16_rep1,4,R1_EVENT_OVERLAP,NCCL,C0_DEFAULT,2048,2048,2048,16,11,1048576,44,0,3149.248,3646.176,3952.576,313.088,PASS,0
PHASEB_formal_r1_C0_DEFAULT_N2048_q16_rep1,4,R1_EVENT_OVERLAP,NCCL,C0_DEFAULT,2048,2048,2048,16,12,1048576,44,0,3456.032,3955.936,4265.376,309.440,PASS,0
PHASEB_formal_r1_C0_DEFAULT_N2048_q16_rep1,4,R1_EVENT_OVERLAP,NCCL,C0_DEFAULT,2048,2048,2048,16,13,1048576,44,0,3736.704,4268.832,4529.184,310.112,PASS,0
PHASEB_formal_r1_C0_DEFAULT_N2048_q16_rep1,4,R1_EVENT_OVERLAP,NCCL,C0_DEFAULT,2048,2048,2048,16,14,1048576,44,0,4044.832,4532.608,4793.536,261.184,PASS,0
PHASEB_formal_r1_C0_DEFAULT_N2048_q16_rep1,4,R1_EVENT_OVERLAP,NCCL,C0_DEFAULT,2048,2048,2048,16,15,1048576,44,0,4321.408,4796.960,5056.160,259.360,PASS,0
PHASEB_formal_r1_C0_DEFAULT_N2048_q16_rep1,4,R1_EVENT_OVERLAP,NCCL,C0_DEFAULT,2048,2048,2048,16,0,1048576,45,0,124.800,131.808,447.744,315.936,PASS,0
PHASEB_formal_r1_C0_DEFAULT_N2048_q16_rep1,4,R1_EVENT_OVERLAP,NCCL,C0_DEFAULT,2048,2048,2048,16,1,1048576,45,0,198.752,451.040,766.208,315.168,PASS,0
PHASEB_formal_r1_C0_DEFAULT_N2048_q16_rep1,4,R1_EVENT_OVERLAP,NCCL,C0_DEFAULT,2048,2048,2048,16,2,1048576,45,0,426.144,769.792,1082.144,317.984,PASS,0
PHASEB_formal_r1_C0_DEFAULT_N2048_q16_rep1,4,R1_EVENT_OVERLAP,NCCL,C0_DEFAULT,2048,2048,2048,16,3,1048576,45,0,502.112,1086.304,1411.200,324.896,PASS,0
PHASEB_formal_r1_C0_DEFAULT_N2048_q16_rep1,4,R1_EVENT_OVERLAP,NCCL,C0_DEFAULT,2048,2048,2048,16,4,1048576,45,0,744.032,1415.008,1731.840,316.832,PASS,0
PHASEB_formal_r1_C0_DEFAULT_N2048_q16_rep1,4,R1_EVENT_OVERLAP,NCCL,C0_DEFAULT,2048,2048,2048,16,5,1048576,45,0,820.320,1740.992,2054.816,321.632,PASS,0
PHASEB_formal_r1_C0_DEFAULT_N2048_q16_rep1,4,R1_EVENT_OVERLAP,NCCL,C0_DEFAULT,2048,2048,2048,16,6,1048576,45,0,1045.344,2058.272,2376.352,318.560,PASS,0
PHASEB_formal_r1_C0_DEFAULT_N2048_q16_rep1,4,R1_EVENT_OVERLAP,NCCL,C0_DEFAULT,2048,2048,2048,16,7,1048576,45,0,1123.552,2381.056,2679.040,302.048,PASS,0
PHASEB_formal_r1_C0_DEFAULT_N2048_q16_rep1,4,R1_EVENT_OVERLAP,NCCL,C0_DEFAULT,2048,2048,2048,16,8,1048576,45,0,1351.040,2682.528,2942.144,260.640,PASS,0
PHASEB_formal_r1_C0_DEFAULT_N2048_q16_rep1,4,R1_EVENT_OVERLAP,NCCL,C0_DEFAULT,2048,2048,2048,16,9,1048576,45,0,1456.928,2945.568,3205.856,261.216,PASS,0
PHASEB_formal_r1_C0_DEFAULT_N2048_q16_rep1,4,R1_EVENT_OVERLAP,NCCL,C0_DEFAULT,2048,2048,2048,16,10,1048576,45,0,1683.264,3209.280,3469.344,260.096,PASS,0
PHASEB_formal_r1_C0_DEFAULT_N2048_q16_rep1,4,R1_EVENT_OVERLAP,NCCL,C0_DEFAULT,2048,2048,2048,16,11,1048576,45,0,1779.072,3472.832,3733.824,260.992,PASS,0
PHASEB_formal_r1_C0_DEFAULT_N2048_q16_rep1,4,R1_EVENT_OVERLAP,NCCL,C0_DEFAULT,2048,2048,2048,16,12,1048576,45,0,2007.328,3737.568,3997.312,260.288,PASS,0
PHASEB_formal_r1_C0_DEFAULT_N2048_q16_rep1,4,R1_EVENT_OVERLAP,NCCL,C0_DEFAULT,2048,2048,2048,16,13,1048576,45,0,2085.952,4000.736,4262.144,261.408,PASS,0
PHASEB_formal_r1_C0_DEFAULT_N2048_q16_rep1,4,R1_EVENT_OVERLAP,NCCL,C0_DEFAULT,2048,2048,2048,16,14,1048576,45,0,2319.616,4265.568,4526.112,260.544,PASS,0
PHASEB_formal_r1_C0_DEFAULT_N2048_q16_rep1,4,R1_EVENT_OVERLAP,NCCL,C0_DEFAULT,2048,2048,2048,16,15,1048576,45,0,2400.320,4529.536,4790.080,260.768,PASS,0
PHASEB_formal_r1_C0_DEFAULT_N2048_q16_rep1,4,R1_EVENT_OVERLAP,NCCL,C0_DEFAULT,2048,2048,2048,16,0,1048576,46,0,123.744,130.208,441.728,311.520,PASS,0
PHASEB_formal_r1_C0_DEFAULT_N2048_q16_rep1,4,R1_EVENT_OVERLAP,NCCL,C0_DEFAULT,2048,2048,2048,16,1,1048576,46,0,197.760,445.152,752.192,308.512,PASS,0
PHASEB_formal_r1_C0_DEFAULT_N2048_q16_rep1,4,R1_EVENT_OVERLAP,NCCL,C0_DEFAULT,2048,2048,2048,16,2,1048576,46,0,445.376,755.584,1045.152,320.672,PASS,0
PHASEB_formal_r1_C0_DEFAULT_N2048_q16_rep1,4,R1_EVENT_OVERLAP,NCCL,C0_DEFAULT,2048,2048,2048,16,3,1048576,46,0,762.240,1048.864,1362.048,315.008,PASS,0
PHASEB_formal_r1_C0_DEFAULT_N2048_q16_rep1,4,R1_EVENT_OVERLAP,NCCL,C0_DEFAULT,2048,2048,2048,16,4,1048576,46,0,1091.520,1365.824,1660.192,313.856,PASS,0
PHASEB_formal_r1_C0_DEFAULT_N2048_q16_rep1,4,R1_EVENT_OVERLAP,NCCL,C0_DEFAULT,2048,2048,2048,16,5,1048576,46,0,1372.576,1663.456,1970.784,316.320,PASS,0
PHASEB_formal_r1_C0_DEFAULT_N2048_q16_rep1,4,R1_EVENT_OVERLAP,NCCL,C0_DEFAULT,2048,2048,2048,16,6,1048576,46,0,1685.344,1974.368,2269.760,323.872,PASS,0
PHASEB_formal_r1_C0_DEFAULT_N2048_q16_rep1,4,R1_EVENT_OVERLAP,NCCL,C0_DEFAULT,2048,2048,2048,16,7,1048576,46,0,1981.056,2273.120,2582.592,312.768,PASS,0
PHASEB_formal_r1_C0_DEFAULT_N2048_q16_rep1,4,R1_EVENT_OVERLAP,NCCL,C0_DEFAULT,2048,2048,2048,16,8,1048576,46,0,2294.560,2585.888,2876.000,312.832,PASS,0
PHASEB_formal_r1_C0_DEFAULT_N2048_q16_rep1,4,R1_EVENT_OVERLAP,NCCL,C0_DEFAULT,2048,2048,2048,16,9,1048576,46,0,2592.128,2879.520,3187.808,313.376,PASS,0
PHASEB_formal_r1_C0_DEFAULT_N2048_q16_rep1,4,R1_EVENT_OVERLAP,NCCL,C0_DEFAULT,2048,2048,2048,16,10,1048576,46,0,2898.336,3192.320,3487.584,309.952,PASS,0
PHASEB_formal_r1_C0_DEFAULT_N2048_q16_rep1,4,R1_EVENT_OVERLAP,NCCL,C0_DEFAULT,2048,2048,2048,16,11,1048576,46,0,3198.656,3491.040,3799.296,315.168,PASS,0
PHASEB_formal_r1_C0_DEFAULT_N2048_q16_rep1,4,R1_EVENT_OVERLAP,NCCL,C0_DEFAULT,2048,2048,2048,16,12,1048576,46,0,3508.000,3802.624,4081.760,310.208,PASS,0
PHASEB_formal_r1_C0_DEFAULT_N2048_q16_rep1,4,R1_EVENT_OVERLAP,NCCL,C0_DEFAULT,2048,2048,2048,16,13,1048576,46,0,3809.280,4085.216,4396.416,315.040,PASS,0
PHASEB_formal_r1_C0_DEFAULT_N2048_q16_rep1,4,R1_EVENT_OVERLAP,NCCL,C0_DEFAULT,2048,2048,2048,16,14,1048576,46,0,4116.160,4399.680,4677.888,292.512,PASS,0
PHASEB_formal_r1_C0_DEFAULT_N2048_q16_rep1,4,R1_EVENT_OVERLAP,NCCL,C0_DEFAULT,2048,2048,2048,16,15,1048576,46,0,4406.880,4681.344,4936.992,259.456,PASS,0
PHASEB_formal_r1_C0_DEFAULT_N2048_q16_rep1,4,R1_EVENT_OVERLAP,NCCL,C0_DEFAULT,2048,2048,2048,16,0,1048576,47,0,121.408,128.128,432.288,306.112,PASS,0
PHASEB_formal_r1_C0_DEFAULT_N2048_q16_rep1,4,R1_EVENT_OVERLAP,NCCL,C0_DEFAULT,2048,2048,2048,16,1,1048576,47,0,196.736,435.872,751.200,315.328,PASS,0
PHASEB_formal_r1_C0_DEFAULT_N2048_q16_rep1,4,R1_EVENT_OVERLAP,NCCL,C0_DEFAULT,2048,2048,2048,16,2,1048576,47,0,422.624,754.752,1070.176,315.424,PASS,0
PHASEB_formal_r1_C0_DEFAULT_N2048_q16_rep1,4,R1_EVENT_OVERLAP,NCCL,C0_DEFAULT,2048,2048,2048,16,3,1048576,47,0,516.864,1073.568,1349.664,309.792,PASS,0
PHASEB_formal_r1_C0_DEFAULT_N2048_q16_rep1,4,R1_EVENT_OVERLAP,NCCL,C0_DEFAULT,2048,2048,2048,16,4,1048576,47,0,755.488,1352.992,1672.032,319.040,PASS,0
PHASEB_formal_r1_C0_DEFAULT_N2048_q16_rep1,4,R1_EVENT_OVERLAP,NCCL,C0_DEFAULT,2048,2048,2048,16,5,1048576,47,0,1080.352,1675.584,1986.656,312.736,PASS,0
PHASEB_formal_r1_C0_DEFAULT_N2048_q16_rep1,4,R1_EVENT_OVERLAP,NCCL,C0_DEFAULT,2048,2048,2048,16,6,1048576,47,0,1389.664,1989.984,2299.968,311.936,PASS,0
PHASEB_formal_r1_C0_DEFAULT_N2048_q16_rep1,4,R1_EVENT_OVERLAP,NCCL,C0_DEFAULT,2048,2048,2048,16,7,1048576,47,0,1670.112,2303.232,2612.224,308.992,PASS,0
PHASEB_formal_r1_C0_DEFAULT_N2048_q16_rep1,4,R1_EVENT_OVERLAP,NCCL,C0_DEFAULT,2048,2048,2048,16,8,1048576,47,0,1979.744,2615.584,2927.872,316.672,PASS,0
PHASEB_formal_r1_C0_DEFAULT_N2048_q16_rep1,4,R1_EVENT_OVERLAP,NCCL,C0_DEFAULT,2048,2048,2048,16,9,1048576,47,0,2274.368,2931.232,3237.856,311.584,PASS,0
PHASEB_formal_r1_C0_DEFAULT_N2048_q16_rep1,4,R1_EVENT_OVERLAP,NCCL,C0_DEFAULT,2048,2048,2048,16,10,1048576,47,0,2576.352,3241.248,3549.920,312.800,PASS,0
PHASEB_formal_r1_C0_DEFAULT_N2048_q16_rep1,4,R1_EVENT_OVERLAP,NCCL,C0_DEFAULT,2048,2048,2048,16,11,1048576,47,0,2882.240,3553.344,3860.864,307.968,PASS,0
PHASEB_formal_r1_C0_DEFAULT_N2048_q16_rep1,4,R1_EVENT_OVERLAP,NCCL,C0_DEFAULT,2048,2048,2048,16,12,1048576,47,0,3182.592,3864.192,4162.400,308.128,PASS,0
PHASEB_formal_r1_C0_DEFAULT_N2048_q16_rep1,4,R1_EVENT_OVERLAP,NCCL,C0_DEFAULT,2048,2048,2048,16,13,1048576,47,0,3496.608,4165.760,4427.136,298.592,PASS,0
PHASEB_formal_r1_C0_DEFAULT_N2048_q16_rep1,4,R1_EVENT_OVERLAP,NCCL,C0_DEFAULT,2048,2048,2048,16,14,1048576,47,0,3789.888,4430.528,4690.048,259.520,PASS,0
PHASEB_formal_r1_C0_DEFAULT_N2048_q16_rep1,4,R1_EVENT_OVERLAP,NCCL,C0_DEFAULT,2048,2048,2048,16,15,1048576,47,0,4099.136,4693.472,4953.984,260.512,PASS,0
PHASEB_formal_r1_C0_DEFAULT_N2048_q16_rep1,4,R1_EVENT_OVERLAP,NCCL,C0_DEFAULT,2048,2048,2048,16,0,1048576,48,0,120.480,127.648,435.616,307.968,PASS,0
PHASEB_formal_r1_C0_DEFAULT_N2048_q16_rep1,4,R1_EVENT_OVERLAP,NCCL,C0_DEFAULT,2048,2048,2048,16,1,1048576,48,0,194.592,439.040,748.736,309.696,PASS,0
PHASEB_formal_r1_C0_DEFAULT_N2048_q16_rep1,4,R1_EVENT_OVERLAP,NCCL,C0_DEFAULT,2048,2048,2048,16,2,1048576,48,0,424.768,752.128,1062.336,313.600,PASS,0
PHASEB_formal_r1_C0_DEFAULT_N2048_q16_rep1,4,R1_EVENT_OVERLAP,NCCL,C0_DEFAULT,2048,2048,2048,16,3,1048576,48,0,511.360,1065.760,1375.008,310.112,PASS,0
PHASEB_formal_r1_C0_DEFAULT_N2048_q16_rep1,4,R1_EVENT_OVERLAP,NCCL,C0_DEFAULT,2048,2048,2048,16,4,1048576,48,0,752.064,1378.368,1661.664,314.368,PASS,0
PHASEB_formal_r1_C0_DEFAULT_N2048_q16_rep1,4,R1_EVENT_OVERLAP,NCCL,C0_DEFAULT,2048,2048,2048,16,5,1048576,48,0,1070.784,1664.960,1976.192,311.232,PASS,0
PHASEB_formal_r1_C0_DEFAULT_N2048_q16_rep1,4,R1_EVENT_OVERLAP,NCCL,C0_DEFAULT,2048,2048,2048,16,6,1048576,48,0,1385.792,1979.712,2258.368,308.192,PASS,0
PHASEB_formal_r1_C0_DEFAULT_N2048_q16_rep1,4,R1_EVENT_OVERLAP,NCCL,C0_DEFAULT,2048,2048,2048,16,7,1048576,48,0,1692.768,2261.696,2578.208,316.512,PASS,0
PHASEB_formal_r1_C0_DEFAULT_N2048_q16_rep1,4,R1_EVENT_OVERLAP,NCCL,C0_DEFAULT,2048,2048,2048,16,8,1048576,48,0,1985.888,2581.664,2856.224,274.560,PASS,0
PHASEB_formal_r1_C0_DEFAULT_N2048_q16_rep1,4,R1_EVENT_OVERLAP,NCCL,C0_DEFAULT,2048,2048,2048,16,9,1048576,48,0,2295.168,2859.648,3170.240,312.224,PASS,0
PHASEB_formal_r1_C0_DEFAULT_N2048_q16_rep1,4,R1_EVENT_OVERLAP,NCCL,C0_DEFAULT,2048,2048,2048,16,10,1048576,48,0,2588.288,3173.728,3458.208,310.304,PASS,0
PHASEB_formal_r1_C0_DEFAULT_N2048_q16_rep1,4,R1_EVENT_OVERLAP,NCCL,C0_DEFAULT,2048,2048,2048,16,11,1048576,48,0,2904.576,3461.504,3771.744,312.224,PASS,0
PHASEB_formal_r1_C0_DEFAULT_N2048_q16_rep1,4,R1_EVENT_OVERLAP,NCCL,C0_DEFAULT,2048,2048,2048,16,12,1048576,48,0,3180.000,3775.168,4056.128,304.576,PASS,0
PHASEB_formal_r1_C0_DEFAULT_N2048_q16_rep1,4,R1_EVENT_OVERLAP,NCCL,C0_DEFAULT,2048,2048,2048,16,13,1048576,48,0,3487.136,4059.456,4352.512,298.944,PASS,0
PHASEB_formal_r1_C0_DEFAULT_N2048_q16_rep1,4,R1_EVENT_OVERLAP,NCCL,C0_DEFAULT,2048,2048,2048,16,14,1048576,48,0,3781.504,4355.936,4613.472,261.952,PASS,0
PHASEB_formal_r1_C0_DEFAULT_N2048_q16_rep1,4,R1_EVENT_OVERLAP,NCCL,C0_DEFAULT,2048,2048,2048,16,15,1048576,48,0,4088.544,4616.928,4872.832,259.520,PASS,0
PHASEB_formal_r1_C0_DEFAULT_N2048_q16_rep1,4,R1_EVENT_OVERLAP,NCCL,C0_DEFAULT,2048,2048,2048,16,0,1048576,49,0,123.360,129.728,431.968,304.800,PASS,0
PHASEB_formal_r1_C0_DEFAULT_N2048_q16_rep1,4,R1_EVENT_OVERLAP,NCCL,C0_DEFAULT,2048,2048,2048,16,1,1048576,49,0,194.880,435.360,751.968,316.608,PASS,0
PHASEB_formal_r1_C0_DEFAULT_N2048_q16_rep1,4,R1_EVENT_OVERLAP,NCCL,C0_DEFAULT,2048,2048,2048,16,2,1048576,49,0,422.176,757.504,1067.808,315.424,PASS,0
PHASEB_formal_r1_C0_DEFAULT_N2048_q16_rep1,4,R1_EVENT_OVERLAP,NCCL,C0_DEFAULT,2048,2048,2048,16,3,1048576,49,0,501.248,1071.104,1385.280,319.680,PASS,0
PHASEB_formal_r1_C0_DEFAULT_N2048_q16_rep1,4,R1_EVENT_OVERLAP,NCCL,C0_DEFAULT,2048,2048,2048,16,4,1048576,49,0,726.912,1388.672,1701.024,312.352,PASS,0
PHASEB_formal_r1_C0_DEFAULT_N2048_q16_rep1,4,R1_EVENT_OVERLAP,NCCL,C0_DEFAULT,2048,2048,2048,16,5,1048576,49,0,822.816,1704.448,2013.376,311.264,PASS,0
PHASEB_formal_r1_C0_DEFAULT_N2048_q16_rep1,4,R1_EVENT_OVERLAP,NCCL,C0_DEFAULT,2048,2048,2048,16,6,1048576,49,0,1044.352,2016.960,2326.080,311.456,PASS,0
PHASEB_formal_r1_C0_DEFAULT_N2048_q16_rep1,4,R1_EVENT_OVERLAP,NCCL,C0_DEFAULT,2048,2048,2048,16,7,1048576,49,0,1122.368,2329.472,2635.360,309.696,PASS,0
PHASEB_formal_r1_C0_DEFAULT_N2048_q16_rep1,4,R1_EVENT_OVERLAP,NCCL,C0_DEFAULT,2048,2048,2048,16,8,1048576,49,0,1384.544,2638.944,2945.504,306.560,PASS,0
PHASEB_formal_r1_C0_DEFAULT_N2048_q16_rep1,4,R1_EVENT_OVERLAP,NCCL,C0_DEFAULT,2048,2048,2048,16,9,1048576,49,0,1690.784,2948.864,3276.544,328.096,PASS,0
PHASEB_formal_r1_C0_DEFAULT_N2048_q16_rep1,4,R1_EVENT_OVERLAP,NCCL,C0_DEFAULT,2048,2048,2048,16,10,1048576,49,0,1974.944,3280.480,3604.864,324.384,PASS,0
PHASEB_formal_r1_C0_DEFAULT_N2048_q16_rep1,4,R1_EVENT_OVERLAP,NCCL,C0_DEFAULT,2048,2048,2048,16,11,1048576,49,0,2281.600,3608.288,3869.696,299.200,PASS,0
PHASEB_formal_r1_C0_DEFAULT_N2048_q16_rep1,4,R1_EVENT_OVERLAP,NCCL,C0_DEFAULT,2048,2048,2048,16,12,1048576,49,0,2560.832,3873.120,4133.696,260.576,PASS,0
PHASEB_formal_r1_C0_DEFAULT_N2048_q16_rep1,4,R1_EVENT_OVERLAP,NCCL,C0_DEFAULT,2048,2048,2048,16,13,1048576,49,0,2869.152,4137.120,4397.952,260.832,PASS,0
PHASEB_formal_r1_C0_DEFAULT_N2048_q16_rep1,4,R1_EVENT_OVERLAP,NCCL,C0_DEFAULT,2048,2048,2048,16,14,1048576,49,0,3156.128,4401.376,4662.144,260.768,PASS,0
PHASEB_formal_r1_C0_DEFAULT_N2048_q16_rep1,4,R1_EVENT_OVERLAP,NCCL,C0_DEFAULT,2048,2048,2048,16,15,1048576,49,0,3469.312,4665.536,4926.816,261.280,PASS,0
PHASEB_formal_r1_C0_DEFAULT_N2048_q16_rep1,4,R1_EVENT_OVERLAP,NCCL,C0_DEFAULT,2048,2048,2048,16,0,1048576,50,0,143.904,150.240,461.824,314.592,PASS,0
PHASEB_formal_r1_C0_DEFAULT_N2048_q16_rep1,4,R1_EVENT_OVERLAP,NCCL,C0_DEFAULT,2048,2048,2048,16,1,1048576,50,0,218.880,465.184,745.760,282.528,PASS,0
PHASEB_formal_r1_C0_DEFAULT_N2048_q16_rep1,4,R1_EVENT_OVERLAP,NCCL,C0_DEFAULT,2048,2048,2048,16,2,1048576,50,0,471.776,749.120,1063.840,316.320,PASS,0
PHASEB_formal_r1_C0_DEFAULT_N2048_q16_rep1,4,R1_EVENT_OVERLAP,NCCL,C0_DEFAULT,2048,2048,2048,16,3,1048576,50,0,779.488,1067.264,1360.480,306.464,PASS,0
PHASEB_formal_r1_C0_DEFAULT_N2048_q16_rep1,4,R1_EVENT_OVERLAP,NCCL,C0_DEFAULT,2048,2048,2048,16,4,1048576,50,0,1075.680,1364.608,1672.704,313.728,PASS,0
PHASEB_formal_r1_C0_DEFAULT_N2048_q16_rep1,4,R1_EVENT_OVERLAP,NCCL,C0_DEFAULT,2048,2048,2048,16,5,1048576,50,0,1383.648,1676.128,1969.408,310.976,PASS,0
PHASEB_formal_r1_C0_DEFAULT_N2048_q16_rep1,4,R1_EVENT_OVERLAP,NCCL,C0_DEFAULT,2048,2048,2048,16,6,1048576,50,0,1683.072,1972.928,2284.224,319.904,PASS,0
PHASEB_formal_r1_C0_DEFAULT_N2048_q16_rep1,4,R1_EVENT_OVERLAP,NCCL,C0_DEFAULT,2048,2048,2048,16,7,1048576,50,0,1995.104,2287.648,2575.168,312.160,PASS,0
PHASEB_formal_r1_C0_DEFAULT_N2048_q16_rep1,4,R1_EVENT_OVERLAP,NCCL,C0_DEFAULT,2048,2048,2048,16,8,1048576,50,0,2293.984,2578.496,2893.568,315.072,PASS,0
PHASEB_formal_r1_C0_DEFAULT_N2048_q16_rep1,4,R1_EVENT_OVERLAP,NCCL,C0_DEFAULT,2048,2048,2048,16,9,1048576,50,0,2604.640,2896.960,3181.152,309.696,PASS,0
PHASEB_formal_r1_C0_DEFAULT_N2048_q16_rep1,4,R1_EVENT_OVERLAP,NCCL,C0_DEFAULT,2048,2048,2048,16,10,1048576,50,0,2903.392,3184.576,3493.504,310.944,PASS,0
PHASEB_formal_r1_C0_DEFAULT_N2048_q16_rep1,4,R1_EVENT_OVERLAP,NCCL,C0_DEFAULT,2048,2048,2048,16,11,1048576,50,0,3212.032,3497.184,3785.120,313.440,PASS,0
PHASEB_formal_r1_C0_DEFAULT_N2048_q16_rep1,4,R1_EVENT_OVERLAP,NCCL,C0_DEFAULT,2048,2048,2048,16,12,1048576,50,0,3503.520,3788.416,4096.064,313.408,PASS,0
PHASEB_formal_r1_C0_DEFAULT_N2048_q16_rep1,4,R1_EVENT_OVERLAP,NCCL,C0_DEFAULT,2048,2048,2048,16,13,1048576,50,0,3810.976,4099.488,4394.304,315.616,PASS,0
PHASEB_formal_r1_C0_DEFAULT_N2048_q16_rep1,4,R1_EVENT_OVERLAP,NCCL,C0_DEFAULT,2048,2048,2048,16,14,1048576,50,0,4105.728,4397.728,4694.976,300.384,PASS,0
PHASEB_formal_r1_C0_DEFAULT_N2048_q16_rep1,4,R1_EVENT_OVERLAP,NCCL,C0_DEFAULT,2048,2048,2048,16,15,1048576,50,0,4413.312,4698.400,4958.016,259.616,PASS,0
PHASEB_formal_r1_C0_DEFAULT_N2048_q16_rep1,4,R1_EVENT_OVERLAP,NCCL,C0_DEFAULT,2048,2048,2048,16,0,1048576,51,0,126.144,132.512,443.008,312.096,PASS,0
PHASEB_formal_r1_C0_DEFAULT_N2048_q16_rep1,4,R1_EVENT_OVERLAP,NCCL,C0_DEFAULT,2048,2048,2048,16,1,1048576,51,0,198.912,446.464,725.024,278.560,PASS,0
PHASEB_formal_r1_C0_DEFAULT_N2048_q16_rep1,4,R1_EVENT_OVERLAP,NCCL,C0_DEFAULT,2048,2048,2048,16,2,1048576,51,0,453.440,728.352,1038.592,314.016,PASS,0
PHASEB_formal_r1_C0_DEFAULT_N2048_q16_rep1,4,R1_EVENT_OVERLAP,NCCL,C0_DEFAULT,2048,2048,2048,16,3,1048576,51,0,761.408,1042.048,1315.104,276.064,PASS,0
PHASEB_formal_r1_C0_DEFAULT_N2048_q16_rep1,4,R1_EVENT_OVERLAP,NCCL,C0_DEFAULT,2048,2048,2048,16,4,1048576,51,0,1048.416,1318.784,1632.480,314.560,PASS,0
PHASEB_formal_r1_C0_DEFAULT_N2048_q16_rep1,4,R1_EVENT_OVERLAP,NCCL,C0_DEFAULT,2048,2048,2048,16,5,1048576,51,0,1356.128,1635.872,1914.080,278.208,PASS,0
PHASEB_formal_r1_C0_DEFAULT_N2048_q16_rep1,4,R1_EVENT_OVERLAP,NCCL,C0_DEFAULT,2048,2048,2048,16,6,1048576,51,0,1643.072,1917.664,2228.192,310.528,PASS,0
PHASEB_formal_r1_C0_DEFAULT_N2048_q16_rep1,4,R1_EVENT_OVERLAP,NCCL,C0_DEFAULT,2048,2048,2048,16,7,1048576,51,0,1950.464,2231.968,2524.352,310.880,PASS,0
PHASEB_formal_r1_C0_DEFAULT_N2048_q16_rep1,4,R1_EVENT_OVERLAP,NCCL,C0_DEFAULT,2048,2048,2048,16,8,1048576,51,0,2238.368,2527.648,2837.248,310.112,PASS,0
PHASEB_formal_r1_C0_DEFAULT_N2048_q16_rep1,4,R1_EVENT_OVERLAP,NCCL,C0_DEFAULT,2048,2048,2048,16,9,1048576,51,0,2546.144,2840.832,3132.128,310.304,PASS,0
PHASEB_formal_r1_C0_DEFAULT_N2048_q16_rep1,4,R1_EVENT_OVERLAP,NCCL,C0_DEFAULT,2048,2048,2048,16,10,1048576,51,0,2847.040,3135.424,3450.208,314.784,PASS,0
PHASEB_formal_r1_C0_DEFAULT_N2048_q16_rep1,4,R1_EVENT_OVERLAP,NCCL,C0_DEFAULT,2048,2048,2048,16,11,1048576,51,0,3157.824,3453.728,3737.472,307.520,PASS,0
PHASEB_formal_r1_C0_DEFAULT_N2048_q16_rep1,4,R1_EVENT_OVERLAP,NCCL,C0_DEFAULT,2048,2048,2048,16,12,1048576,51,0,3459.872,3740.896,4050.848,312.096,PASS,0
PHASEB_formal_r1_C0_DEFAULT_N2048_q16_rep1,4,R1_EVENT_OVERLAP,NCCL,C0_DEFAULT,2048,2048,2048,16,13,1048576,51,0,3768.064,4054.400,4328.768,309.408,PASS,0
PHASEB_formal_r1_C0_DEFAULT_N2048_q16_rep1,4,R1_EVENT_OVERLAP,NCCL,C0_DEFAULT,2048,2048,2048,16,14,1048576,51,0,4060.672,4332.224,4629.120,297.888,PASS,0
PHASEB_formal_r1_C0_DEFAULT_N2048_q16_rep1,4,R1_EVENT_OVERLAP,NCCL,C0_DEFAULT,2048,2048,2048,16,15,1048576,51,0,4368.288,4632.576,4891.104,260.384,PASS,0
PHASEB_formal_r1_C0_DEFAULT_N2048_q16_rep1,4,R1_EVENT_OVERLAP,NCCL,C0_DEFAULT,2048,2048,2048,16,0,1048576,52,0,124.960,131.456,447.200,315.744,PASS,0
PHASEB_formal_r1_C0_DEFAULT_N2048_q16_rep1,4,R1_EVENT_OVERLAP,NCCL,C0_DEFAULT,2048,2048,2048,16,1,1048576,52,0,199.584,450.720,731.040,280.320,PASS,0
PHASEB_formal_r1_C0_DEFAULT_N2048_q16_rep1,4,R1_EVENT_OVERLAP,NCCL,C0_DEFAULT,2048,2048,2048,16,2,1048576,52,0,456.896,734.432,1043.520,311.616,PASS,0
PHASEB_formal_r1_C0_DEFAULT_N2048_q16_rep1,4,R1_EVENT_OVERLAP,NCCL,C0_DEFAULT,2048,2048,2048,16,3,1048576,52,0,775.552,1047.616,1356.160,316.704,PASS,0
PHASEB_formal_r1_C0_DEFAULT_N2048_q16_rep1,4,R1_EVENT_OVERLAP,NCCL,C0_DEFAULT,2048,2048,2048,16,4,1048576,52,0,1057.216,1359.680,1668.544,323.712,PASS,0
PHASEB_formal_r1_C0_DEFAULT_N2048_q16_rep1,4,R1_EVENT_OVERLAP,NCCL,C0_DEFAULT,2048,2048,2048,16,5,1048576,52,0,1373.632,1671.936,1954.784,311.360,PASS,0
PHASEB_formal_r1_C0_DEFAULT_N2048_q16_rep1,4,R1_EVENT_OVERLAP,NCCL,C0_DEFAULT,2048,2048,2048,16,6,1048576,52,0,1679.712,1958.176,2270.592,313.984,PASS,0
PHASEB_formal_r1_C0_DEFAULT_N2048_q16_rep1,4,R1_EVENT_OVERLAP,NCCL,C0_DEFAULT,2048,2048,2048,16,7,1048576,52,0,1995.008,2273.984,2562.112,303.520,PASS,0
PHASEB_formal_r1_C0_DEFAULT_N2048_q16_rep1,4,R1_EVENT_OVERLAP,NCCL,C0_DEFAULT,2048,2048,2048,16,8,1048576,52,0,2280.224,2565.440,2877.408,313.440,PASS,0
PHASEB_formal_r1_C0_DEFAULT_N2048_q16_rep1,4,R1_EVENT_OVERLAP,NCCL,C0_DEFAULT,2048,2048,2048,16,9,1048576,52,0,2600.992,2880.896,3162.752,307.456,PASS,0
PHASEB_formal_r1_C0_DEFAULT_N2048_q16_rep1,4,R1_EVENT_OVERLAP,NCCL,C0_DEFAULT,2048,2048,2048,16,10,1048576,52,0,2887.616,3166.240,3475.648,309.408,PASS,0
PHASEB_formal_r1_C0_DEFAULT_N2048_q16_rep1,4,R1_EVENT_OVERLAP,NCCL,C0_DEFAULT,2048,2048,2048,16,11,1048576,52,0,3196.704,3479.072,3760.896,304.736,PASS,0
PHASEB_formal_r1_C0_DEFAULT_N2048_q16_rep1,4,R1_EVENT_OVERLAP,NCCL,C0_DEFAULT,2048,2048,2048,16,12,1048576,52,0,3485.408,3764.288,4075.264,316.064,PASS,0
PHASEB_formal_r1_C0_DEFAULT_N2048_q16_rep1,4,R1_EVENT_OVERLAP,NCCL,C0_DEFAULT,2048,2048,2048,16,13,1048576,52,0,3792.384,4078.752,4391.424,312.672,PASS,0
PHASEB_formal_r1_C0_DEFAULT_N2048_q16_rep1,4,R1_EVENT_OVERLAP,NCCL,C0_DEFAULT,2048,2048,2048,16,14,1048576,52,0,4080.512,4394.880,4655.040,300.256,PASS,0
PHASEB_formal_r1_C0_DEFAULT_N2048_q16_rep1,4,R1_EVENT_OVERLAP,NCCL,C0_DEFAULT,2048,2048,2048,16,15,1048576,52,0,4401.216,4658.528,4916.928,259.520,PASS,0
PHASEB_formal_r1_C0_DEFAULT_N2048_q16_rep1,4,R1_EVENT_OVERLAP,NCCL,C0_DEFAULT,2048,2048,2048,16,0,1048576,53,0,126.304,132.864,448.832,316.928,PASS,0
PHASEB_formal_r1_C0_DEFAULT_N2048_q16_rep1,4,R1_EVENT_OVERLAP,NCCL,C0_DEFAULT,2048,2048,2048,16,1,1048576,53,0,200.320,452.256,776.832,324.576,PASS,0
PHASEB_formal_r1_C0_DEFAULT_N2048_q16_rep1,4,R1_EVENT_OVERLAP,NCCL,C0_DEFAULT,2048,2048,2048,16,2,1048576,53,0,424.864,780.224,1092.512,312.288,PASS,0
PHASEB_formal_r1_C0_DEFAULT_N2048_q16_rep1,4,R1_EVENT_OVERLAP,NCCL,C0_DEFAULT,2048,2048,2048,16,3,1048576,53,0,515.360,1096.032,1424.896,328.864,PASS,0
PHASEB_formal_r1_C0_DEFAULT_N2048_q16_rep1,4,R1_EVENT_OVERLAP,NCCL,C0_DEFAULT,2048,2048,2048,16,4,1048576,53,0,739.232,1428.512,1745.984,317.472,PASS,0
PHASEB_formal_r1_C0_DEFAULT_N2048_q16_rep1,4,R1_EVENT_OVERLAP,NCCL,C0_DEFAULT,2048,2048,2048,16,5,1048576,53,0,818.368,1749.440,2060.992,314.944,PASS,0
PHASEB_formal_r1_C0_DEFAULT_N2048_q16_rep1,4,R1_EVENT_OVERLAP,NCCL,C0_DEFAULT,2048,2048,2048,16,6,1048576,53,0,1046.080,2064.544,2389.248,324.704,PASS,0
PHASEB_formal_r1_C0_DEFAULT_N2048_q16_rep1,4,R1_EVENT_OVERLAP,NCCL,C0_DEFAULT,2048,2048,2048,16,7,1048576,53,0,1126.112,2392.640,2729.152,336.512,PASS,0
PHASEB_formal_r1_C0_DEFAULT_N2048_q16_rep1,4,R1_EVENT_OVERLAP,NCCL,C0_DEFAULT,2048,2048,2048,16,8,1048576,53,0,1358.624,2732.544,3037.056,339.584,PASS,0
PHASEB_formal_r1_C0_DEFAULT_N2048_q16_rep1,4,R1_EVENT_OVERLAP,NCCL,C0_DEFAULT,2048,2048,2048,16,9,1048576,53,0,1452.416,3041.088,3338.208,312.576,PASS,0
PHASEB_formal_r1_C0_DEFAULT_N2048_q16_rep1,4,R1_EVENT_OVERLAP,NCCL,C0_DEFAULT,2048,2048,2048,16,10,1048576,53,0,1692.672,3341.664,3600.320,292.576,PASS,0
PHASEB_formal_r1_C0_DEFAULT_N2048_q16_rep1,4,R1_EVENT_OVERLAP,NCCL,C0_DEFAULT,2048,2048,2048,16,11,1048576,53,0,1994.528,3604.032,3864.672,261.344,PASS,0
PHASEB_formal_r1_C0_DEFAULT_N2048_q16_rep1,4,R1_EVENT_OVERLAP,NCCL,C0_DEFAULT,2048,2048,2048,16,12,1048576,53,0,2275.072,3868.128,4127.936,260.448,PASS,0
PHASEB_formal_r1_C0_DEFAULT_N2048_q16_rep1,4,R1_EVENT_OVERLAP,NCCL,C0_DEFAULT,2048,2048,2048,16,13,1048576,53,0,2584.064,4131.392,4390.784,262.272,PASS,0
PHASEB_formal_r1_C0_DEFAULT_N2048_q16_rep1,4,R1_EVENT_OVERLAP,NCCL,C0_DEFAULT,2048,2048,2048,16,14,1048576,53,0,2863.648,4394.240,4653.568,259.360,PASS,0
PHASEB_formal_r1_C0_DEFAULT_N2048_q16_rep1,4,R1_EVENT_OVERLAP,NCCL,C0_DEFAULT,2048,2048,2048,16,15,1048576,53,0,3170.784,4657.024,4916.544,260.192,PASS,0
PHASEB_formal_r1_C0_DEFAULT_N2048_q16_rep1,4,R1_EVENT_OVERLAP,NCCL,C0_DEFAULT,2048,2048,2048,16,0,1048576,54,0,122.400,128.448,436.896,308.448,PASS,0
PHASEB_formal_r1_C0_DEFAULT_N2048_q16_rep1,4,R1_EVENT_OVERLAP,NCCL,C0_DEFAULT,2048,2048,2048,16,1,1048576,54,0,196.576,440.320,754.656,314.336,PASS,0
PHASEB_formal_r1_C0_DEFAULT_N2048_q16_rep1,4,R1_EVENT_OVERLAP,NCCL,C0_DEFAULT,2048,2048,2048,16,2,1048576,54,0,425.408,758.368,1074.400,316.032,PASS,0
PHASEB_formal_r1_C0_DEFAULT_N2048_q16_rep1,4,R1_EVENT_OVERLAP,NCCL,C0_DEFAULT,2048,2048,2048,16,3,1048576,54,0,521.280,1077.824,1387.744,310.272,PASS,0
PHASEB_formal_r1_C0_DEFAULT_N2048_q16_rep1,4,R1_EVENT_OVERLAP,NCCL,C0_DEFAULT,2048,2048,2048,16,4,1048576,54,0,756.800,1391.136,1701.504,310.368,PASS,0
PHASEB_formal_r1_C0_DEFAULT_N2048_q16_rep1,4,R1_EVENT_OVERLAP,NCCL,C0_DEFAULT,2048,2048,2048,16,5,1048576,54,0,1068.096,1705.184,2011.296,312.000,PASS,0
PHASEB_formal_r1_C0_DEFAULT_N2048_q16_rep1,4,R1_EVENT_OVERLAP,NCCL,C0_DEFAULT,2048,2048,2048,16,6,1048576,54,0,1352.704,2014.624,2321.728,307.104,PASS,0
PHASEB_formal_r1_C0_DEFAULT_N2048_q16_rep1,4,R1_EVENT_OVERLAP,NCCL,C0_DEFAULT,2048,2048,2048,16,7,1048576,54,0,1661.728,2325.056,2662.336,337.280,PASS,0
PHASEB_formal_r1_C0_DEFAULT_N2048_q16_rep1,4,R1_EVENT_OVERLAP,NCCL,C0_DEFAULT,2048,2048,2048,16,8,1048576,54,0,1950.688,2665.728,2990.752,325.024,PASS,0
PHASEB_formal_r1_C0_DEFAULT_N2048_q16_rep1,4,R1_EVENT_OVERLAP,NCCL,C0_DEFAULT,2048,2048,2048,16,9,1048576,54,0,2253.952,2994.208,3298.880,311.072,PASS,0
PHASEB_formal_r1_C0_DEFAULT_N2048_q16_rep1,4,R1_EVENT_OVERLAP,NCCL,C0_DEFAULT,2048,2048,2048,16,10,1048576,54,0,2539.776,3302.208,3613.696,311.488,PASS,0
PHASEB_formal_r1_C0_DEFAULT_N2048_q16_rep1,4,R1_EVENT_OVERLAP,NCCL,C0_DEFAULT,2048,2048,2048,16,11,1048576,54,0,2850.784,3617.728,3923.744,312.896,PASS,0
PHASEB_formal_r1_C0_DEFAULT_N2048_q16_rep1,4,R1_EVENT_OVERLAP,NCCL,C0_DEFAULT,2048,2048,2048,16,12,1048576,54,0,3129.632,3927.104,4226.848,299.744,PASS,0
PHASEB_formal_r1_C0_DEFAULT_N2048_q16_rep1,4,R1_EVENT_OVERLAP,NCCL,C0_DEFAULT,2048,2048,2048,16,13,1048576,54,0,3440.512,4230.400,4491.232,298.432,PASS,0
PHASEB_formal_r1_C0_DEFAULT_N2048_q16_rep1,4,R1_EVENT_OVERLAP,NCCL,C0_DEFAULT,2048,2048,2048,16,14,1048576,54,0,3741.184,4494.656,4756.416,261.760,PASS,0
PHASEB_formal_r1_C0_DEFAULT_N2048_q16_rep1,4,R1_EVENT_OVERLAP,NCCL,C0_DEFAULT,2048,2048,2048,16,15,1048576,54,0,4049.664,4759.840,5019.072,259.232,PASS,0
PHASEB_formal_r1_C0_DEFAULT_N2048_q16_rep1,4,R1_EVENT_OVERLAP,NCCL,C0_DEFAULT,2048,2048,2048,16,0,1048576,55,0,121.312,127.552,438.848,312.800,PASS,0
PHASEB_formal_r1_C0_DEFAULT_N2048_q16_rep1,4,R1_EVENT_OVERLAP,NCCL,C0_DEFAULT,2048,2048,2048,16,1,1048576,55,0,196.640,442.336,759.776,317.440,PASS,0
PHASEB_formal_r1_C0_DEFAULT_N2048_q16_rep1,4,R1_EVENT_OVERLAP,NCCL,C0_DEFAULT,2048,2048,2048,16,2,1048576,55,0,445.664,763.232,1073.056,310.368,PASS,0
PHASEB_formal_r1_C0_DEFAULT_N2048_q16_rep1,4,R1_EVENT_OVERLAP,NCCL,C0_DEFAULT,2048,2048,2048,16,3,1048576,55,0,753.728,1076.384,1391.072,314.688,PASS,0
PHASEB_formal_r1_C0_DEFAULT_N2048_q16_rep1,4,R1_EVENT_OVERLAP,NCCL,C0_DEFAULT,2048,2048,2048,16,4,1048576,55,0,1043.904,1399.072,1708.128,319.552,PASS,0
PHASEB_formal_r1_C0_DEFAULT_N2048_q16_rep1,4,R1_EVENT_OVERLAP,NCCL,C0_DEFAULT,2048,2048,2048,16,5,1048576,55,0,1354.080,1712.288,2022.176,309.888,PASS,0
PHASEB_formal_r1_C0_DEFAULT_N2048_q16_rep1,4,R1_EVENT_OVERLAP,NCCL,C0_DEFAULT,2048,2048,2048,16,6,1048576,55,0,1664.320,2025.536,2342.912,317.376,PASS,0
PHASEB_formal_r1_C0_DEFAULT_N2048_q16_rep1,4,R1_EVENT_OVERLAP,NCCL,C0_DEFAULT,2048,2048,2048,16,7,1048576,55,0,1968.544,2346.240,2669.632,323.392,PASS,0
PHASEB_formal_r1_C0_DEFAULT_N2048_q16_rep1,4,R1_EVENT_OVERLAP,NCCL,C0_DEFAULT,2048,2048,2048,16,8,1048576,55,0,2278.080,2673.088,3001.312,328.224,PASS,0
PHASEB_formal_r1_C0_DEFAULT_N2048_q16_rep1,4,R1_EVENT_OVERLAP,NCCL,C0_DEFAULT,2048,2048,2048,16,9,1048576,55,0,2552.992,3004.672,3310.880,327.104,PASS,0
PHASEB_formal_r1_C0_DEFAULT_N2048_q16_rep1,4,R1_EVENT_OVERLAP,NCCL,C0_DEFAULT,2048,2048,2048,16,10,1048576,55,0,2860.512,3314.304,3624.320,328.896,PASS,0
PHASEB_formal_r1_C0_DEFAULT_N2048_q16_rep1,4,R1_EVENT_OVERLAP,NCCL,C0_DEFAULT,2048,2048,2048,16,11,1048576,55,0,3140.960,3627.968,3933.280,310.752,PASS,0
PHASEB_formal_r1_C0_DEFAULT_N2048_q16_rep1,4,R1_EVENT_OVERLAP,NCCL,C0_DEFAULT,2048,2048,2048,16,12,1048576,55,0,3450.368,3936.736,4248.576,311.840,PASS,0
PHASEB_formal_r1_C0_DEFAULT_N2048_q16_rep1,4,R1_EVENT_OVERLAP,NCCL,C0_DEFAULT,2048,2048,2048,16,13,1048576,55,0,3727.232,4251.968,4550.496,308.416,PASS,0
PHASEB_formal_r1_C0_DEFAULT_N2048_q16_rep1,4,R1_EVENT_OVERLAP,NCCL,C0_DEFAULT,2048,2048,2048,16,14,1048576,55,0,4034.496,4553.920,4813.728,259.808,PASS,0
PHASEB_formal_r1_C0_DEFAULT_N2048_q16_rep1,4,R1_EVENT_OVERLAP,NCCL,C0_DEFAULT,2048,2048,2048,16,15,1048576,55,0,4311.808,4817.472,5077.952,260.480,PASS,0
PHASEB_formal_r1_C0_DEFAULT_N2048_q16_rep1,4,R1_EVENT_OVERLAP,NCCL,C0_DEFAULT,2048,2048,2048,16,0,1048576,56,0,123.616,129.984,441.440,313.120,PASS,0
PHASEB_formal_r1_C0_DEFAULT_N2048_q16_rep1,4,R1_EVENT_OVERLAP,NCCL,C0_DEFAULT,2048,2048,2048,16,1,1048576,56,0,196.832,444.864,723.520,278.656,PASS,0
PHASEB_formal_r1_C0_DEFAULT_N2048_q16_rep1,4,R1_EVENT_OVERLAP,NCCL,C0_DEFAULT,2048,2048,2048,16,2,1048576,56,0,451.136,726.944,1039.392,312.448,PASS,0
PHASEB_formal_r1_C0_DEFAULT_N2048_q16_rep1,4,R1_EVENT_OVERLAP,NCCL,C0_DEFAULT,2048,2048,2048,16,3,1048576,56,0,762.080,1042.912,1332.576,289.664,PASS,0
PHASEB_formal_r1_C0_DEFAULT_N2048_q16_rep1,4,R1_EVENT_OVERLAP,NCCL,C0_DEFAULT,2048,2048,2048,16,4,1048576,56,0,1049.760,1336.032,1656.896,320.864,PASS,0
PHASEB_formal_r1_C0_DEFAULT_N2048_q16_rep1,4,R1_EVENT_OVERLAP,NCCL,C0_DEFAULT,2048,2048,2048,16,5,1048576,56,0,1369.344,1660.256,1967.744,309.440,PASS,0
PHASEB_formal_r1_C0_DEFAULT_N2048_q16_rep1,4,R1_EVENT_OVERLAP,NCCL,C0_DEFAULT,2048,2048,2048,16,6,1048576,56,0,1652.448,1971.200,2278.880,307.680,PASS,0
PHASEB_formal_r1_C0_DEFAULT_N2048_q16_rep1,4,R1_EVENT_OVERLAP,NCCL,C0_DEFAULT,2048,2048,2048,16,7,1048576,56,0,1940.064,2282.784,2589.312,307.072,PASS,0
PHASEB_formal_r1_C0_DEFAULT_N2048_q16_rep1,4,R1_EVENT_OVERLAP,NCCL,C0_DEFAULT,2048,2048,2048,16,8,1048576,56,0,2250.240,2593.248,2903.488,310.240,PASS,0
PHASEB_formal_r1_C0_DEFAULT_N2048_q16_rep1,4,R1_EVENT_OVERLAP,NCCL,C0_DEFAULT,2048,2048,2048,16,9,1048576,56,0,2533.696,2906.912,3241.760,334.848,PASS,0
PHASEB_formal_r1_C0_DEFAULT_N2048_q16_rep1,4,R1_EVENT_OVERLAP,NCCL,C0_DEFAULT,2048,2048,2048,16,10,1048576,56,0,2850.784,3245.248,3571.232,325.984,PASS,0
PHASEB_formal_r1_C0_DEFAULT_N2048_q16_rep1,4,R1_EVENT_OVERLAP,NCCL,C0_DEFAULT,2048,2048,2048,16,11,1048576,56,0,3127.296,3575.008,3880.736,309.536,PASS,0
PHASEB_formal_r1_C0_DEFAULT_N2048_q16_rep1,4,R1_EVENT_OVERLAP,NCCL,C0_DEFAULT,2048,2048,2048,16,12,1048576,56,0,3434.912,3884.352,4192.416,308.064,PASS,0
PHASEB_formal_r1_C0_DEFAULT_N2048_q16_rep1,4,R1_EVENT_OVERLAP,NCCL,C0_DEFAULT,2048,2048,2048,16,13,1048576,56,0,3713.792,4196.160,4495.776,311.104,PASS,0
PHASEB_formal_r1_C0_DEFAULT_N2048_q16_rep1,4,R1_EVENT_OVERLAP,NCCL,C0_DEFAULT,2048,2048,2048,16,14,1048576,56,0,4022.560,4499.200,4759.808,261.120,PASS,0
PHASEB_formal_r1_C0_DEFAULT_N2048_q16_rep1,4,R1_EVENT_OVERLAP,NCCL,C0_DEFAULT,2048,2048,2048,16,15,1048576,56,0,4303.232,4763.232,5022.592,259.360,PASS,0
PHASEB_formal_r1_C0_DEFAULT_N2048_q16_rep1,4,R1_EVENT_OVERLAP,NCCL,C0_DEFAULT,2048,2048,2048,16,0,1048576,57,0,124.672,131.040,445.632,316.832,PASS,0
PHASEB_formal_r1_C0_DEFAULT_N2048_q16_rep1,4,R1_EVENT_OVERLAP,NCCL,C0_DEFAULT,2048,2048,2048,16,1,1048576,57,0,198.560,448.992,758.528,309.536,PASS,0
PHASEB_formal_r1_C0_DEFAULT_N2048_q16_rep1,4,R1_EVENT_OVERLAP,NCCL,C0_DEFAULT,2048,2048,2048,16,2,1048576,57,0,451.936,761.920,1043.136,320.160,PASS,0
PHASEB_formal_r1_C0_DEFAULT_N2048_q16_rep1,4,R1_EVENT_OVERLAP,NCCL,C0_DEFAULT,2048,2048,2048,16,3,1048576,57,0,768.256,1047.072,1357.536,312.032,PASS,0
PHASEB_formal_r1_C0_DEFAULT_N2048_q16_rep1,4,R1_EVENT_OVERLAP,NCCL,C0_DEFAULT,2048,2048,2048,16,4,1048576,57,0,1077.952,1361.376,1637.984,279.296,PASS,0
PHASEB_formal_r1_C0_DEFAULT_N2048_q16_rep1,4,R1_EVENT_OVERLAP,NCCL,C0_DEFAULT,2048,2048,2048,16,5,1048576,57,0,1367.744,1641.472,1952.512,312.704,PASS,0
PHASEB_formal_r1_C0_DEFAULT_N2048_q16_rep1,4,R1_EVENT_OVERLAP,NCCL,C0_DEFAULT,2048,2048,2048,16,6,1048576,57,0,1673.216,1955.936,2253.760,308.928,PASS,0
PHASEB_formal_r1_C0_DEFAULT_N2048_q16_rep1,4,R1_EVENT_OVERLAP,NCCL,C0_DEFAULT,2048,2048,2048,16,7,1048576,57,0,1963.104,2257.216,2541.728,314.752,PASS,0
PHASEB_formal_r1_C0_DEFAULT_N2048_q16_rep1,4,R1_EVENT_OVERLAP,NCCL,C0_DEFAULT,2048,2048,2048,16,8,1048576,57,0,2269.504,2545.120,2860.032,317.152,PASS,0
PHASEB_formal_r1_C0_DEFAULT_N2048_q16_rep1,4,R1_EVENT_OVERLAP,NCCL,C0_DEFAULT,2048,2048,2048,16,9,1048576,57,0,2582.624,2863.584,3180.512,316.928,PASS,0
PHASEB_formal_r1_C0_DEFAULT_N2048_q16_rep1,4,R1_EVENT_OVERLAP,NCCL,C0_DEFAULT,2048,2048,2048,16,10,1048576,57,0,2865.088,3184.032,3493.056,318.592,PASS,0
PHASEB_formal_r1_C0_DEFAULT_N2048_q16_rep1,4,R1_EVENT_OVERLAP,NCCL,C0_DEFAULT,2048,2048,2048,16,11,1048576,57,0,3175.520,3496.320,3802.176,306.816,PASS,0
PHASEB_formal_r1_C0_DEFAULT_N2048_q16_rep1,4,R1_EVENT_OVERLAP,NCCL,C0_DEFAULT,2048,2048,2048,16,12,1048576,57,0,3457.216,3805.792,4114.208,310.848,PASS,0
PHASEB_formal_r1_C0_DEFAULT_N2048_q16_rep1,4,R1_EVENT_OVERLAP,NCCL,C0_DEFAULT,2048,2048,2048,16,13,1048576,57,0,3774.560,4117.792,4416.448,313.088,PASS,0
PHASEB_formal_r1_C0_DEFAULT_N2048_q16_rep1,4,R1_EVENT_OVERLAP,NCCL,C0_DEFAULT,2048,2048,2048,16,14,1048576,57,0,4079.168,4419.776,4679.072,260.672,PASS,0
PHASEB_formal_r1_C0_DEFAULT_N2048_q16_rep1,4,R1_EVENT_OVERLAP,NCCL,C0_DEFAULT,2048,2048,2048,16,15,1048576,57,0,4365.056,4682.432,4940.992,260.288,PASS,0
PHASEB_formal_r1_C0_DEFAULT_N2048_q16_rep1,4,R1_EVENT_OVERLAP,NCCL,C0_DEFAULT,2048,2048,2048,16,0,1048576,58,0,130.496,136.864,452.128,316.000,PASS,0
PHASEB_formal_r1_C0_DEFAULT_N2048_q16_rep1,4,R1_EVENT_OVERLAP,NCCL,C0_DEFAULT,2048,2048,2048,16,1,1048576,58,0,217.472,455.808,769.056,313.248,PASS,0
PHASEB_formal_r1_C0_DEFAULT_N2048_q16_rep1,4,R1_EVENT_OVERLAP,NCCL,C0_DEFAULT,2048,2048,2048,16,2,1048576,58,0,455.008,772.448,1082.272,312.736,PASS,0
PHASEB_formal_r1_C0_DEFAULT_N2048_q16_rep1,4,R1_EVENT_OVERLAP,NCCL,C0_DEFAULT,2048,2048,2048,16,3,1048576,58,0,763.296,1085.760,1404.640,318.880,PASS,0
PHASEB_formal_r1_C0_DEFAULT_N2048_q16_rep1,4,R1_EVENT_OVERLAP,NCCL,C0_DEFAULT,2048,2048,2048,16,4,1048576,58,0,1043.968,1408.608,1716.992,310.944,PASS,0
PHASEB_formal_r1_C0_DEFAULT_N2048_q16_rep1,4,R1_EVENT_OVERLAP,NCCL,C0_DEFAULT,2048,2048,2048,16,5,1048576,58,0,1353.760,1720.416,2029.120,308.704,PASS,0
PHASEB_formal_r1_C0_DEFAULT_N2048_q16_rep1,4,R1_EVENT_OVERLAP,NCCL,C0_DEFAULT,2048,2048,2048,16,6,1048576,58,0,1643.008,2034.016,2350.656,330.144,PASS,0
PHASEB_formal_r1_C0_DEFAULT_N2048_q16_rep1,4,R1_EVENT_OVERLAP,NCCL,C0_DEFAULT,2048,2048,2048,16,7,1048576,58,0,1957.664,2354.048,2690.912,336.864,PASS,0
PHASEB_formal_r1_C0_DEFAULT_N2048_q16_rep1,4,R1_EVENT_OVERLAP,NCCL,C0_DEFAULT,2048,2048,2048,16,8,1048576,58,0,2237.920,2694.368,3006.048,314.560,PASS,0
PHASEB_formal_r1_C0_DEFAULT_N2048_q16_rep1,4,R1_EVENT_OVERLAP,NCCL,C0_DEFAULT,2048,2048,2048,16,9,1048576,58,0,2547.968,3009.440,3320.960,311.520,PASS,0
PHASEB_formal_r1_C0_DEFAULT_N2048_q16_rep1,4,R1_EVENT_OVERLAP,NCCL,C0_DEFAULT,2048,2048,2048,16,10,1048576,58,0,2838.304,3324.416,3629.120,308.320,PASS,0
PHASEB_formal_r1_C0_DEFAULT_N2048_q16_rep1,4,R1_EVENT_OVERLAP,NCCL,C0_DEFAULT,2048,2048,2048,16,11,1048576,58,0,3150.176,3632.576,3938.624,310.688,PASS,0
PHASEB_formal_r1_C0_DEFAULT_N2048_q16_rep1,4,R1_EVENT_OVERLAP,NCCL,C0_DEFAULT,2048,2048,2048,16,12,1048576,58,0,3435.072,3942.048,4248.608,310.208,PASS,0
PHASEB_formal_r1_C0_DEFAULT_N2048_q16_rep1,4,R1_EVENT_OVERLAP,NCCL,C0_DEFAULT,2048,2048,2048,16,13,1048576,58,0,3751.232,4252.064,4549.216,297.216,PASS,0
PHASEB_formal_r1_C0_DEFAULT_N2048_q16_rep1,4,R1_EVENT_OVERLAP,NCCL,C0_DEFAULT,2048,2048,2048,16,14,1048576,58,0,4033.504,4552.992,4814.400,297.568,PASS,0
PHASEB_formal_r1_C0_DEFAULT_N2048_q16_rep1,4,R1_EVENT_OVERLAP,NCCL,C0_DEFAULT,2048,2048,2048,16,15,1048576,58,0,4339.616,4817.824,5075.968,258.400,PASS,0
PHASEB_formal_r1_C0_DEFAULT_N2048_q16_rep1,4,R1_EVENT_OVERLAP,NCCL,C0_DEFAULT,2048,2048,2048,16,0,1048576,59,0,124.160,130.848,441.344,310.496,PASS,0
PHASEB_formal_r1_C0_DEFAULT_N2048_q16_rep1,4,R1_EVENT_OVERLAP,NCCL,C0_DEFAULT,2048,2048,2048,16,1,1048576,59,0,210.752,444.736,754.880,312.640,PASS,0
PHASEB_formal_r1_C0_DEFAULT_N2048_q16_rep1,4,R1_EVENT_OVERLAP,NCCL,C0_DEFAULT,2048,2048,2048,16,2,1048576,59,0,432.864,758.944,1032.032,275.616,PASS,0
PHASEB_formal_r1_C0_DEFAULT_N2048_q16_rep1,4,R1_EVENT_OVERLAP,NCCL,C0_DEFAULT,2048,2048,2048,16,3,1048576,59,0,519.872,1035.264,1344.032,309.536,PASS,0
PHASEB_formal_r1_C0_DEFAULT_N2048_q16_rep1,4,R1_EVENT_OVERLAP,NCCL,C0_DEFAULT,2048,2048,2048,16,4,1048576,59,0,765.376,1347.328,1626.144,278.816,PASS,0
PHASEB_formal_r1_C0_DEFAULT_N2048_q16_rep1,4,R1_EVENT_OVERLAP,NCCL,C0_DEFAULT,2048,2048,2048,16,5,1048576,59,0,1074.304,1629.888,1945.088,315.200,PASS,0
PHASEB_formal_r1_C0_DEFAULT_N2048_q16_rep1,4,R1_EVENT_OVERLAP,NCCL,C0_DEFAULT,2048,2048,2048,16,6,1048576,59,0,1353.504,1948.512,2256.384,307.872,PASS,0
PHASEB_formal_r1_C0_DEFAULT_N2048_q16_rep1,4,R1_EVENT_OVERLAP,NCCL,C0_DEFAULT,2048,2048,2048,16,7,1048576,59,0,1660.000,2260.064,2528.928,311.808,PASS,0
PHASEB_formal_r1_C0_DEFAULT_N2048_q16_rep1,4,R1_EVENT_OVERLAP,NCCL,C0_DEFAULT,2048,2048,2048,16,8,1048576,59,0,1946.592,2532.288,2843.040,311.680,PASS,0
PHASEB_formal_r1_C0_DEFAULT_N2048_q16_rep1,4,R1_EVENT_OVERLAP,NCCL,C0_DEFAULT,2048,2048,2048,16,9,1048576,59,0,2266.112,2846.496,3122.752,276.256,PASS,0
PHASEB_formal_r1_C0_DEFAULT_N2048_q16_rep1,4,R1_EVENT_OVERLAP,NCCL,C0_DEFAULT,2048,2048,2048,16,10,1048576,59,0,2571.008,3126.208,3436.576,312.416,PASS,0
PHASEB_formal_r1_C0_DEFAULT_N2048_q16_rep1,4,R1_EVENT_OVERLAP,NCCL,C0_DEFAULT,2048,2048,2048,16,11,1048576,59,0,2853.696,3440.064,3734.144,308.064,PASS,0
PHASEB_formal_r1_C0_DEFAULT_N2048_q16_rep1,4,R1_EVENT_OVERLAP,NCCL,C0_DEFAULT,2048,2048,2048,16,12,1048576,59,0,3159.392,3737.664,4044.704,311.200,PASS,0
PHASEB_formal_r1_C0_DEFAULT_N2048_q16_rep1,4,R1_EVENT_OVERLAP,NCCL,C0_DEFAULT,2048,2048,2048,16,13,1048576,59,0,3446.240,4048.128,4322.432,296.672,PASS,0
PHASEB_formal_r1_C0_DEFAULT_N2048_q16_rep1,4,R1_EVENT_OVERLAP,NCCL,C0_DEFAULT,2048,2048,2048,16,14,1048576,59,0,3755.904,4325.856,4585.504,259.648,PASS,0
PHASEB_formal_r1_C0_DEFAULT_N2048_q16_rep1,4,R1_EVENT_OVERLAP,NCCL,C0_DEFAULT,2048,2048,2048,16,15,1048576,59,0,4054.784,4588.928,4847.776,259.872,PASS,0
PHASEB_formal_r1_C0_DEFAULT_N2048_q16_rep1,4,R1_EVENT_OVERLAP,NCCL,C0_DEFAULT,2048,2048,2048,16,0,1048576,60,0,130.176,136.384,447.840,311.456,PASS,0
PHASEB_formal_r1_C0_DEFAULT_N2048_q16_rep1,4,R1_EVENT_OVERLAP,NCCL,C0_DEFAULT,2048,2048,2048,16,1,1048576,60,0,211.744,451.296,731.904,282.912,PASS,0
PHASEB_formal_r1_C0_DEFAULT_N2048_q16_rep1,4,R1_EVENT_OVERLAP,NCCL,C0_DEFAULT,2048,2048,2048,16,2,1048576,60,0,457.760,735.936,1044.576,313.376,PASS,0
PHASEB_formal_r1_C0_DEFAULT_N2048_q16_rep1,4,R1_EVENT_OVERLAP,NCCL,C0_DEFAULT,2048,2048,2048,16,3,1048576,60,0,767.648,1048.768,1339.872,307.968,PASS,0
PHASEB_formal_r1_C0_DEFAULT_N2048_q16_rep1,4,R1_EVENT_OVERLAP,NCCL,C0_DEFAULT,2048,2048,2048,16,4,1048576,60,0,1054.976,1343.264,1649.280,309.344,PASS,0
PHASEB_formal_r1_C0_DEFAULT_N2048_q16_rep1,4,R1_EVENT_OVERLAP,NCCL,C0_DEFAULT,2048,2048,2048,16,5,1048576,60,0,1364.000,1652.704,1942.592,309.888,PASS,0
PHASEB_formal_r1_C0_DEFAULT_N2048_q16_rep1,4,R1_EVENT_OVERLAP,NCCL,C0_DEFAULT,2048,2048,2048,16,6,1048576,60,0,1658.848,1945.984,2253.504,315.008,PASS,0
PHASEB_formal_r1_C0_DEFAULT_N2048_q16_rep1,4,R1_EVENT_OVERLAP,NCCL,C0_DEFAULT,2048,2048,2048,16,7,1048576,60,0,1965.536,2257.312,2548.096,311.424,PASS,0
PHASEB_formal_r1_C0_DEFAULT_N2048_q16_rep1,4,R1_EVENT_OVERLAP,NCCL,C0_DEFAULT,2048,2048,2048,16,8,1048576,60,0,2263.616,2551.776,2860.992,309.984,PASS,0
PHASEB_formal_r1_C0_DEFAULT_N2048_q16_rep1,4,R1_EVENT_OVERLAP,NCCL,C0_DEFAULT,2048,2048,2048,16,9,1048576,60,0,2571.456,2864.352,3161.024,312.928,PASS,0
PHASEB_formal_r1_C0_DEFAULT_N2048_q16_rep1,4,R1_EVENT_OVERLAP,NCCL,C0_DEFAULT,2048,2048,2048,16,10,1048576,60,0,2870.624,3164.512,3474.176,310.848,PASS,0
PHASEB_formal_r1_C0_DEFAULT_N2048_q16_rep1,4,R1_EVENT_OVERLAP,NCCL,C0_DEFAULT,2048,2048,2048,16,11,1048576,60,0,3181.728,3477.536,3763.904,311.616,PASS,0
PHASEB_formal_r1_C0_DEFAULT_N2048_q16_rep1,4,R1_EVENT_OVERLAP,NCCL,C0_DEFAULT,2048,2048,2048,16,12,1048576,60,0,3484.288,3767.296,4073.440,312.192,PASS,0
PHASEB_formal_r1_C0_DEFAULT_N2048_q16_rep1,4,R1_EVENT_OVERLAP,NCCL,C0_DEFAULT,2048,2048,2048,16,13,1048576,60,0,3791.360,4076.928,4365.760,307.104,PASS,0
PHASEB_formal_r1_C0_DEFAULT_N2048_q16_rep1,4,R1_EVENT_OVERLAP,NCCL,C0_DEFAULT,2048,2048,2048,16,14,1048576,60,0,4083.136,4369.152,4666.400,298.784,PASS,0
PHASEB_formal_r1_C0_DEFAULT_N2048_q16_rep1,4,R1_EVENT_OVERLAP,NCCL,C0_DEFAULT,2048,2048,2048,16,15,1048576,60,0,4391.712,4669.856,4927.744,258.880,PASS,0
PHASEB_formal_r1_C0_DEFAULT_N2048_q16_rep1,4,R1_EVENT_OVERLAP,NCCL,C0_DEFAULT,2048,2048,2048,16,0,1048576,61,0,124.864,131.264,446.496,315.232,PASS,0
PHASEB_formal_r1_C0_DEFAULT_N2048_q16_rep1,4,R1_EVENT_OVERLAP,NCCL,C0_DEFAULT,2048,2048,2048,16,1,1048576,61,0,197.888,450.304,771.232,320.928,PASS,0
PHASEB_formal_r1_C0_DEFAULT_N2048_q16_rep1,4,R1_EVENT_OVERLAP,NCCL,C0_DEFAULT,2048,2048,2048,16,2,1048576,61,0,423.488,774.496,1081.792,308.448,PASS,0
PHASEB_formal_r1_C0_DEFAULT_N2048_q16_rep1,4,R1_EVENT_OVERLAP,NCCL,C0_DEFAULT,2048,2048,2048,16,3,1048576,61,0,515.232,1085.088,1394.080,308.992,PASS,0
PHASEB_formal_r1_C0_DEFAULT_N2048_q16_rep1,4,R1_EVENT_OVERLAP,NCCL,C0_DEFAULT,2048,2048,2048,16,4,1048576,61,0,759.360,1397.408,1706.784,309.888,PASS,0
PHASEB_formal_r1_C0_DEFAULT_N2048_q16_rep1,4,R1_EVENT_OVERLAP,NCCL,C0_DEFAULT,2048,2048,2048,16,5,1048576,61,0,1076.992,1710.112,2017.216,307.104,PASS,0
PHASEB_formal_r1_C0_DEFAULT_N2048_q16_rep1,4,R1_EVENT_OVERLAP,NCCL,C0_DEFAULT,2048,2048,2048,16,6,1048576,61,0,1387.296,2020.608,2326.432,311.424,PASS,0
PHASEB_formal_r1_C0_DEFAULT_N2048_q16_rep1,4,R1_EVENT_OVERLAP,NCCL,C0_DEFAULT,2048,2048,2048,16,7,1048576,61,0,1673.472,2329.728,2635.680,305.952,PASS,0
PHASEB_formal_r1_C0_DEFAULT_N2048_q16_rep1,4,R1_EVENT_OVERLAP,NCCL,C0_DEFAULT,2048,2048,2048,16,8,1048576,61,0,1984.544,2639.616,2977.024,337.408,PASS,0
PHASEB_formal_r1_C0_DEFAULT_N2048_q16_rep1,4,R1_EVENT_OVERLAP,NCCL,C0_DEFAULT,2048,2048,2048,16,9,1048576,61,0,2271.520,2980.512,3309.504,328.992,PASS,0
PHASEB_formal_r1_C0_DEFAULT_N2048_q16_rep1,4,R1_EVENT_OVERLAP,NCCL,C0_DEFAULT,2048,2048,2048,16,10,1048576,61,0,2579.680,3313.216,3618.464,310.528,PASS,0
PHASEB_formal_r1_C0_DEFAULT_N2048_q16_rep1,4,R1_EVENT_OVERLAP,NCCL,C0_DEFAULT,2048,2048,2048,16,11,1048576,61,0,2859.264,3621.824,3932.288,311.360,PASS,0
PHASEB_formal_r1_C0_DEFAULT_N2048_q16_rep1,4,R1_EVENT_OVERLAP,NCCL,C0_DEFAULT,2048,2048,2048,16,12,1048576,61,0,3168.928,3936.032,4232.800,310.336,PASS,0
PHASEB_formal_r1_C0_DEFAULT_N2048_q16_rep1,4,R1_EVENT_OVERLAP,NCCL,C0_DEFAULT,2048,2048,2048,16,13,1048576,61,0,3452.416,4236.160,4495.488,299.008,PASS,0
PHASEB_formal_r1_C0_DEFAULT_N2048_q16_rep1,4,R1_EVENT_OVERLAP,NCCL,C0_DEFAULT,2048,2048,2048,16,14,1048576,61,0,3761.536,4498.816,4757.856,259.648,PASS,0
PHASEB_formal_r1_C0_DEFAULT_N2048_q16_rep1,4,R1_EVENT_OVERLAP,NCCL,C0_DEFAULT,2048,2048,2048,16,15,1048576,61,0,4059.072,4761.184,5020.032,259.648,PASS,0
PHASEB_formal_r1_C0_DEFAULT_N2048_q16_rep1,4,R1_EVENT_OVERLAP,NCCL,C0_DEFAULT,2048,2048,2048,16,0,1048576,62,0,126.880,132.864,447.456,315.424,PASS,0
PHASEB_formal_r1_C0_DEFAULT_N2048_q16_rep1,4,R1_EVENT_OVERLAP,NCCL,C0_DEFAULT,2048,2048,2048,16,1,1048576,62,0,200.192,450.816,757.056,307.840,PASS,0
PHASEB_formal_r1_C0_DEFAULT_N2048_q16_rep1,4,R1_EVENT_OVERLAP,NCCL,C0_DEFAULT,2048,2048,2048,16,2,1048576,62,0,423.424,760.512,1074.080,313.824,PASS,0
PHASEB_formal_r1_C0_DEFAULT_N2048_q16_rep1,4,R1_EVENT_OVERLAP,NCCL,C0_DEFAULT,2048,2048,2048,16,3,1048576,62,0,503.264,1078.528,1397.376,318.848,PASS,0
PHASEB_formal_r1_C0_DEFAULT_N2048_q16_rep1,4,R1_EVENT_OVERLAP,NCCL,C0_DEFAULT,2048,2048,2048,16,4,1048576,62,0,727.872,1400.992,1708.320,320.704,PASS,0
PHASEB_formal_r1_C0_DEFAULT_N2048_q16_rep1,4,R1_EVENT_OVERLAP,NCCL,C0_DEFAULT,2048,2048,2048,16,5,1048576,62,0,809.632,1711.776,2032.064,321.952,PASS,0
PHASEB_formal_r1_C0_DEFAULT_N2048_q16_rep1,4,R1_EVENT_OVERLAP,NCCL,C0_DEFAULT,2048,2048,2048,16,6,1048576,62,0,1033.504,2035.392,2340.896,305.504,PASS,0
PHASEB_formal_r1_C0_DEFAULT_N2048_q16_rep1,4,R1_EVENT_OVERLAP,NCCL,C0_DEFAULT,2048,2048,2048,16,7,1048576,62,0,1128.256,2344.416,2642.368,299.200,PASS,0
PHASEB_formal_r1_C0_DEFAULT_N2048_q16_rep1,4,R1_EVENT_OVERLAP,NCCL,C0_DEFAULT,2048,2048,2048,16,8,1048576,62,0,1354.912,2645.824,2906.144,261.536,PASS,0
PHASEB_formal_r1_C0_DEFAULT_N2048_q16_rep1,4,R1_EVENT_OVERLAP,NCCL,C0_DEFAULT,2048,2048,2048,16,9,1048576,62,0,1441.344,2909.568,3169.344,259.776,PASS,0
PHASEB_formal_r1_C0_DEFAULT_N2048_q16_rep1,4,R1_EVENT_OVERLAP,NCCL,C0_DEFAULT,2048,2048,2048,16,10,1048576,62,0,1678.656,3172.768,3433.696,260.928,PASS,0
PHASEB_formal_r1_C0_DEFAULT_N2048_q16_rep1,4,R1_EVENT_OVERLAP,NCCL,C0_DEFAULT,2048,2048,2048,16,11,1048576,62,0,1781.728,3437.152,3698.016,260.864,PASS,0
PHASEB_formal_r1_C0_DEFAULT_N2048_q16_rep1,4,R1_EVENT_OVERLAP,NCCL,C0_DEFAULT,2048,2048,2048,16,12,1048576,62,0,2002.624,3701.440,3962.112,260.672,PASS,0
PHASEB_formal_r1_C0_DEFAULT_N2048_q16_rep1,4,R1_EVENT_OVERLAP,NCCL,C0_DEFAULT,2048,2048,2048,16,13,1048576,62,0,2084.704,3965.536,4224.640,259.104,PASS,0
PHASEB_formal_r1_C0_DEFAULT_N2048_q16_rep1,4,R1_EVENT_OVERLAP,NCCL,C0_DEFAULT,2048,2048,2048,16,14,1048576,62,0,2312.608,4228.064,4487.840,260.032,PASS,0
PHASEB_formal_r1_C0_DEFAULT_N2048_q16_rep1,4,R1_EVENT_OVERLAP,NCCL,C0_DEFAULT,2048,2048,2048,16,15,1048576,62,0,2389.984,4491.264,4750.688,259.424,PASS,0
PHASEB_formal_r1_C0_DEFAULT_N2048_q16_rep1,4,R1_EVENT_OVERLAP,NCCL,C0_DEFAULT,2048,2048,2048,16,0,1048576,63,0,145.760,152.192,463.264,313.920,PASS,0
PHASEB_formal_r1_C0_DEFAULT_N2048_q16_rep1,4,R1_EVENT_OVERLAP,NCCL,C0_DEFAULT,2048,2048,2048,16,1,1048576,63,0,218.432,466.656,776.032,316.704,PASS,0
PHASEB_formal_r1_C0_DEFAULT_N2048_q16_rep1,4,R1_EVENT_OVERLAP,NCCL,C0_DEFAULT,2048,2048,2048,16,2,1048576,63,0,441.952,789.728,1112.256,322.528,PASS,0
PHASEB_formal_r1_C0_DEFAULT_N2048_q16_rep1,4,R1_EVENT_OVERLAP,NCCL,C0_DEFAULT,2048,2048,2048,16,3,1048576,63,0,519.008,1115.712,1425.696,316.960,PASS,0
PHASEB_formal_r1_C0_DEFAULT_N2048_q16_rep1,4,R1_EVENT_OVERLAP,NCCL,C0_DEFAULT,2048,2048,2048,16,4,1048576,63,0,747.360,1429.120,1734.688,306.304,PASS,0
PHASEB_formal_r1_C0_DEFAULT_N2048_q16_rep1,4,R1_EVENT_OVERLAP,NCCL,C0_DEFAULT,2048,2048,2048,16,5,1048576,63,0,834.336,1738.080,2047.040,312.064,PASS,0
PHASEB_formal_r1_C0_DEFAULT_N2048_q16_rep1,4,R1_EVENT_OVERLAP,NCCL,C0_DEFAULT,2048,2048,2048,16,6,1048576,63,0,1059.296,2050.560,2356.736,311.040,PASS,0
PHASEB_formal_r1_C0_DEFAULT_N2048_q16_rep1,4,R1_EVENT_OVERLAP,NCCL,C0_DEFAULT,2048,2048,2048,16,7,1048576,63,0,1152.384,2360.736,2699.072,338.336,PASS,0
PHASEB_formal_r1_C0_DEFAULT_N2048_q16_rep1,4,R1_EVENT_OVERLAP,NCCL,C0_DEFAULT,2048,2048,2048,16,8,1048576,63,0,1391.360,2702.496,3038.560,336.064,PASS,0
PHASEB_formal_r1_C0_DEFAULT_N2048_q16_rep1,4,R1_EVENT_OVERLAP,NCCL,C0_DEFAULT,2048,2048,2048,16,9,1048576,63,0,1708.832,3041.984,3355.936,333.536,PASS,0
PHASEB_formal_r1_C0_DEFAULT_N2048_q16_rep1,4,R1_EVENT_OVERLAP,NCCL,C0_DEFAULT,2048,2048,2048,16,10,1048576,63,0,1991.328,3359.488,3661.728,325.312,PASS,0
PHASEB_formal_r1_C0_DEFAULT_N2048_q16_rep1,4,R1_EVENT_OVERLAP,NCCL,C0_DEFAULT,2048,2048,2048,16,11,1048576,63,0,2304.480,3665.184,3924.928,300.800,PASS,0
PHASEB_formal_r1_C0_DEFAULT_N2048_q16_rep1,4,R1_EVENT_OVERLAP,NCCL,C0_DEFAULT,2048,2048,2048,16,12,1048576,63,0,2587.392,3928.416,4187.232,260.800,PASS,0
PHASEB_formal_r1_C0_DEFAULT_N2048_q16_rep1,4,R1_EVENT_OVERLAP,NCCL,C0_DEFAULT,2048,2048,2048,16,13,1048576,63,0,2901.920,4190.688,4451.680,261.152,PASS,0
PHASEB_formal_r1_C0_DEFAULT_N2048_q16_rep1,4,R1_EVENT_OVERLAP,NCCL,C0_DEFAULT,2048,2048,2048,16,14,1048576,63,0,3184.096,4455.136,4714.240,260.704,PASS,0
PHASEB_formal_r1_C0_DEFAULT_N2048_q16_rep1,4,R1_EVENT_OVERLAP,NCCL,C0_DEFAULT,2048,2048,2048,16,15,1048576,63,0,3496.704,4717.728,4976.448,260.064,PASS,0
PHASEB_formal_r1_C0_DEFAULT_N2048_q16_rep1,4,R1_EVENT_OVERLAP,NCCL,C0_DEFAULT,2048,2048,2048,16,0,1048576,64,0,124.928,131.328,446.464,315.136,PASS,0
PHASEB_formal_r1_C0_DEFAULT_N2048_q16_rep1,4,R1_EVENT_OVERLAP,NCCL,C0_DEFAULT,2048,2048,2048,16,1,1048576,64,0,198.720,450.272,729.952,279.680,PASS,0
PHASEB_formal_r1_C0_DEFAULT_N2048_q16_rep1,4,R1_EVENT_OVERLAP,NCCL,C0_DEFAULT,2048,2048,2048,16,2,1048576,64,0,457.280,733.600,1049.024,315.424,PASS,0
PHASEB_formal_r1_C0_DEFAULT_N2048_q16_rep1,4,R1_EVENT_OVERLAP,NCCL,C0_DEFAULT,2048,2048,2048,16,3,1048576,64,0,764.192,1052.416,1348.096,311.136,PASS,0
PHASEB_formal_r1_C0_DEFAULT_N2048_q16_rep1,4,R1_EVENT_OVERLAP,NCCL,C0_DEFAULT,2048,2048,2048,16,4,1048576,64,0,1058.784,1351.424,1662.208,315.520,PASS,0
PHASEB_formal_r1_C0_DEFAULT_N2048_q16_rep1,4,R1_EVENT_OVERLAP,NCCL,C0_DEFAULT,2048,2048,2048,16,5,1048576,64,0,1371.616,1665.856,1938.304,307.648,PASS,0
PHASEB_formal_r1_C0_DEFAULT_N2048_q16_rep1,4,R1_EVENT_OVERLAP,NCCL,C0_DEFAULT,2048,2048,2048,16,6,1048576,64,0,1672.512,1942.112,2255.072,314.080,PASS,0
PHASEB_formal_r1_C0_DEFAULT_N2048_q16_rep1,4,R1_EVENT_OVERLAP,NCCL,C0_DEFAULT,2048,2048,2048,16,7,1048576,64,0,1981.408,2258.464,2532.928,277.888,PASS,0
PHASEB_formal_r1_C0_DEFAULT_N2048_q16_rep1,4,R1_EVENT_OVERLAP,NCCL,C0_DEFAULT,2048,2048,2048,16,8,1048576,64,0,2264.864,2536.288,2847.648,314.528,PASS,0
PHASEB_formal_r1_C0_DEFAULT_N2048_q16_rep1,4,R1_EVENT_OVERLAP,NCCL,C0_DEFAULT,2048,2048,2048,16,9,1048576,64,0,2571.392,2851.104,3141.568,308.896,PASS,0
PHASEB_formal_r1_C0_DEFAULT_N2048_q16_rep1,4,R1_EVENT_OVERLAP,NCCL,C0_DEFAULT,2048,2048,2048,16,10,1048576,64,0,2857.312,3144.896,3453.376,309.280,PASS,0
PHASEB_formal_r1_C0_DEFAULT_N2048_q16_rep1,4,R1_EVENT_OVERLAP,NCCL,C0_DEFAULT,2048,2048,2048,16,11,1048576,64,0,3169.248,3456.704,3734.048,308.448,PASS,0
PHASEB_formal_r1_C0_DEFAULT_N2048_q16_rep1,4,R1_EVENT_OVERLAP,NCCL,C0_DEFAULT,2048,2048,2048,16,12,1048576,64,0,3462.912,3737.696,4045.760,309.888,PASS,0
PHASEB_formal_r1_C0_DEFAULT_N2048_q16_rep1,4,R1_EVENT_OVERLAP,NCCL,C0_DEFAULT,2048,2048,2048,16,13,1048576,64,0,3766.624,4049.216,4320.160,276.992,PASS,0
PHASEB_formal_r1_C0_DEFAULT_N2048_q16_rep1,4,R1_EVENT_OVERLAP,NCCL,C0_DEFAULT,2048,2048,2048,16,14,1048576,64,0,4055.552,4323.584,4622.112,299.648,PASS,0
PHASEB_formal_r1_C0_DEFAULT_N2048_q16_rep1,4,R1_EVENT_OVERLAP,NCCL,C0_DEFAULT,2048,2048,2048,16,15,1048576,64,0,4364.256,4625.568,4883.808,259.296,PASS,0
PHASEB_formal_r1_C0_DEFAULT_N2048_q16_rep1,4,R1_EVENT_OVERLAP,NCCL,C0_DEFAULT,2048,2048,2048,16,0,1048576,65,0,134.688,140.864,452.640,313.536,PASS,0
PHASEB_formal_r1_C0_DEFAULT_N2048_q16_rep1,4,R1_EVENT_OVERLAP,NCCL,C0_DEFAULT,2048,2048,2048,16,1,1048576,65,0,208.256,456.096,732.128,282.432,PASS,0
PHASEB_formal_r1_C0_DEFAULT_N2048_q16_rep1,4,R1_EVENT_OVERLAP,NCCL,C0_DEFAULT,2048,2048,2048,16,2,1048576,65,0,462.240,735.616,1047.552,312.704,PASS,0
PHASEB_formal_r1_C0_DEFAULT_N2048_q16_rep1,4,R1_EVENT_OVERLAP,NCCL,C0_DEFAULT,2048,2048,2048,16,3,1048576,65,0,773.024,1050.976,1326.080,276.800,PASS,0
PHASEB_formal_r1_C0_DEFAULT_N2048_q16_rep1,4,R1_EVENT_OVERLAP,NCCL,C0_DEFAULT,2048,2048,2048,16,4,1048576,65,0,1057.280,1329.856,1644.288,315.552,PASS,0
PHASEB_formal_r1_C0_DEFAULT_N2048_q16_rep1,4,R1_EVENT_OVERLAP,NCCL,C0_DEFAULT,2048,2048,2048,16,5,1048576,65,0,1368.000,1647.680,1926.048,278.368,PASS,0
PHASEB_formal_r1_C0_DEFAULT_N2048_q16_rep1,4,R1_EVENT_OVERLAP,NCCL,C0_DEFAULT,2048,2048,2048,16,6,1048576,65,0,1653.888,1930.848,2250.240,319.392,PASS,0
PHASEB_formal_r1_C0_DEFAULT_N2048_q16_rep1,4,R1_EVENT_OVERLAP,NCCL,C0_DEFAULT,2048,2048,2048,16,7,1048576,65,0,1972.000,2253.664,2542.016,309.536,PASS,0
PHASEB_formal_r1_C0_DEFAULT_N2048_q16_rep1,4,R1_EVENT_OVERLAP,NCCL,C0_DEFAULT,2048,2048,2048,16,8,1048576,65,0,2259.840,2545.248,2852.640,312.960,PASS,0
PHASEB_formal_r1_C0_DEFAULT_N2048_q16_rep1,4,R1_EVENT_OVERLAP,NCCL,C0_DEFAULT,2048,2048,2048,16,9,1048576,65,0,2567.232,2855.936,3140.256,309.024,PASS,0
PHASEB_formal_r1_C0_DEFAULT_N2048_q16_rep1,4,R1_EVENT_OVERLAP,NCCL,C0_DEFAULT,2048,2048,2048,16,10,1048576,65,0,2862.080,3143.936,3453.312,311.424,PASS,0
PHASEB_formal_r1_C0_DEFAULT_N2048_q16_rep1,4,R1_EVENT_OVERLAP,NCCL,C0_DEFAULT,2048,2048,2048,16,11,1048576,65,0,3168.640,3456.768,3732.192,280.416,PASS,0
PHASEB_formal_r1_C0_DEFAULT_N2048_q16_rep1,4,R1_EVENT_OVERLAP,NCCL,C0_DEFAULT,2048,2048,2048,16,12,1048576,65,0,3463.072,3735.840,4044.864,310.656,PASS,0
PHASEB_formal_r1_C0_DEFAULT_N2048_q16_rep1,4,R1_EVENT_OVERLAP,NCCL,C0_DEFAULT,2048,2048,2048,16,13,1048576,65,0,3769.248,4048.320,4345.088,311.104,PASS,0
PHASEB_formal_r1_C0_DEFAULT_N2048_q16_rep1,4,R1_EVENT_OVERLAP,NCCL,C0_DEFAULT,2048,2048,2048,16,14,1048576,65,0,4054.656,4348.416,4620.896,298.464,PASS,0
PHASEB_formal_r1_C0_DEFAULT_N2048_q16_rep1,4,R1_EVENT_OVERLAP,NCCL,C0_DEFAULT,2048,2048,2048,16,15,1048576,65,0,4361.984,4624.352,4884.096,260.256,PASS,0
PHASEB_formal_r1_C0_DEFAULT_N2048_q16_rep1,4,R1_EVENT_OVERLAP,NCCL,C0_DEFAULT,2048,2048,2048,16,0,1048576,66,0,119.872,126.048,442.272,316.448,PASS,0
PHASEB_formal_r1_C0_DEFAULT_N2048_q16_rep1,4,R1_EVENT_OVERLAP,NCCL,C0_DEFAULT,2048,2048,2048,16,1,1048576,66,0,194.208,445.632,723.424,278.496,PASS,0
PHASEB_formal_r1_C0_DEFAULT_N2048_q16_rep1,4,R1_EVENT_OVERLAP,NCCL,C0_DEFAULT,2048,2048,2048,16,2,1048576,66,0,452.192,726.784,1037.760,314.560,PASS,0
PHASEB_formal_r1_C0_DEFAULT_N2048_q16_rep1,4,R1_EVENT_OVERLAP,NCCL,C0_DEFAULT,2048,2048,2048,16,3,1048576,66,0,762.944,1041.088,1327.776,287.424,PASS,0
PHASEB_formal_r1_C0_DEFAULT_N2048_q16_rep1,4,R1_EVENT_OVERLAP,NCCL,C0_DEFAULT,2048,2048,2048,16,4,1048576,66,0,1048.000,1331.296,1644.704,313.408,PASS,0
PHASEB_formal_r1_C0_DEFAULT_N2048_q16_rep1,4,R1_EVENT_OVERLAP,NCCL,C0_DEFAULT,2048,2048,2048,16,5,1048576,66,0,1365.952,1648.128,1927.200,279.072,PASS,0
PHASEB_formal_r1_C0_DEFAULT_N2048_q16_rep1,4,R1_EVENT_OVERLAP,NCCL,C0_DEFAULT,2048,2048,2048,16,6,1048576,66,0,1654.880,1930.528,2247.200,316.672,PASS,0
PHASEB_formal_r1_C0_DEFAULT_N2048_q16_rep1,4,R1_EVENT_OVERLAP,NCCL,C0_DEFAULT,2048,2048,2048,16,7,1048576,66,0,1963.968,2250.848,2548.320,323.744,PASS,0
PHASEB_formal_r1_C0_DEFAULT_N2048_q16_rep1,4,R1_EVENT_OVERLAP,NCCL,C0_DEFAULT,2048,2048,2048,16,8,1048576,66,0,2257.024,2551.712,2863.872,313.440,PASS,0
PHASEB_formal_r1_C0_DEFAULT_N2048_q16_rep1,4,R1_EVENT_OVERLAP,NCCL,C0_DEFAULT,2048,2048,2048,16,9,1048576,66,0,2574.368,2867.360,3150.432,306.176,PASS,0
PHASEB_formal_r1_C0_DEFAULT_N2048_q16_rep1,4,R1_EVENT_OVERLAP,NCCL,C0_DEFAULT,2048,2048,2048,16,10,1048576,66,0,2873.632,3153.728,3465.440,318.720,PASS,0
PHASEB_formal_r1_C0_DEFAULT_N2048_q16_rep1,4,R1_EVENT_OVERLAP,NCCL,C0_DEFAULT,2048,2048,2048,16,11,1048576,66,0,3189.216,3468.896,3751.744,308.480,PASS,0
PHASEB_formal_r1_C0_DEFAULT_N2048_q16_rep1,4,R1_EVENT_OVERLAP,NCCL,C0_DEFAULT,2048,2048,2048,16,12,1048576,66,0,3475.488,3755.168,4067.520,312.352,PASS,0
PHASEB_formal_r1_C0_DEFAULT_N2048_q16_rep1,4,R1_EVENT_OVERLAP,NCCL,C0_DEFAULT,2048,2048,2048,16,13,1048576,66,0,3784.768,4070.912,4368.736,310.464,PASS,0
PHASEB_formal_r1_C0_DEFAULT_N2048_q16_rep1,4,R1_EVENT_OVERLAP,NCCL,C0_DEFAULT,2048,2048,2048,16,14,1048576,66,0,4077.056,4372.224,4667.584,300.608,PASS,0
PHASEB_formal_r1_C0_DEFAULT_N2048_q16_rep1,4,R1_EVENT_OVERLAP,NCCL,C0_DEFAULT,2048,2048,2048,16,15,1048576,66,0,4385.760,4671.008,4928.512,259.328,PASS,0
PHASEB_formal_r1_C0_DEFAULT_N2048_q16_rep1,4,R1_EVENT_OVERLAP,NCCL,C0_DEFAULT,2048,2048,2048,16,0,1048576,67,0,130.528,137.312,452.448,315.424,PASS,0
PHASEB_formal_r1_C0_DEFAULT_N2048_q16_rep1,4,R1_EVENT_OVERLAP,NCCL,C0_DEFAULT,2048,2048,2048,16,1,1048576,67,0,205.760,455.872,764.960,312.352,PASS,0
PHASEB_formal_r1_C0_DEFAULT_N2048_q16_rep1,4,R1_EVENT_OVERLAP,NCCL,C0_DEFAULT,2048,2048,2048,16,2,1048576,67,0,444.800,768.480,1083.072,318.144,PASS,0
PHASEB_formal_r1_C0_DEFAULT_N2048_q16_rep1,4,R1_EVENT_OVERLAP,NCCL,C0_DEFAULT,2048,2048,2048,16,3,1048576,67,0,531.840,1086.432,1401.504,315.072,PASS,0
PHASEB_formal_r1_C0_DEFAULT_N2048_q16_rep1,4,R1_EVENT_OVERLAP,NCCL,C0_DEFAULT,2048,2048,2048,16,4,1048576,67,0,757.184,1405.632,1725.888,320.256,PASS,0
PHASEB_formal_r1_C0_DEFAULT_N2048_q16_rep1,4,R1_EVENT_OVERLAP,NCCL,C0_DEFAULT,2048,2048,2048,16,5,1048576,67,0,831.712,1729.952,2050.944,320.992,PASS,0
PHASEB_formal_r1_C0_DEFAULT_N2048_q16_rep1,4,R1_EVENT_OVERLAP,NCCL,C0_DEFAULT,2048,2048,2048,16,6,1048576,67,0,1057.888,2054.624,2366.432,332.096,PASS,0
PHASEB_formal_r1_C0_DEFAULT_N2048_q16_rep1,4,R1_EVENT_OVERLAP,NCCL,C0_DEFAULT,2048,2048,2048,16,7,1048576,67,0,1135.296,2370.304,2671.552,301.248,PASS,0
PHASEB_formal_r1_C0_DEFAULT_N2048_q16_rep1,4,R1_EVENT_OVERLAP,NCCL,C0_DEFAULT,2048,2048,2048,16,8,1048576,67,0,1375.872,2674.976,2934.592,259.872,PASS,0
PHASEB_formal_r1_C0_DEFAULT_N2048_q16_rep1,4,R1_EVENT_OVERLAP,NCCL,C0_DEFAULT,2048,2048,2048,16,9,1048576,67,0,1455.488,2938.016,3198.816,260.800,PASS,0
PHASEB_formal_r1_C0_DEFAULT_N2048_q16_rep1,4,R1_EVENT_OVERLAP,NCCL,C0_DEFAULT,2048,2048,2048,16,10,1048576,67,0,1683.104,3202.208,3462.304,260.096,PASS,0
PHASEB_formal_r1_C0_DEFAULT_N2048_q16_rep1,4,R1_EVENT_OVERLAP,NCCL,C0_DEFAULT,2048,2048,2048,16,11,1048576,67,0,1764.416,3465.696,3727.552,261.856,PASS,0
PHASEB_formal_r1_C0_DEFAULT_N2048_q16_rep1,4,R1_EVENT_OVERLAP,NCCL,C0_DEFAULT,2048,2048,2048,16,12,1048576,67,0,1998.528,3730.912,3991.264,260.352,PASS,0
PHASEB_formal_r1_C0_DEFAULT_N2048_q16_rep1,4,R1_EVENT_OVERLAP,NCCL,C0_DEFAULT,2048,2048,2048,16,13,1048576,67,0,2089.472,3994.688,4256.064,261.376,PASS,0
PHASEB_formal_r1_C0_DEFAULT_N2048_q16_rep1,4,R1_EVENT_OVERLAP,NCCL,C0_DEFAULT,2048,2048,2048,16,14,1048576,67,0,2317.600,4259.488,4519.392,260.640,PASS,0
PHASEB_formal_r1_C0_DEFAULT_N2048_q16_rep1,4,R1_EVENT_OVERLAP,NCCL,C0_DEFAULT,2048,2048,2048,16,15,1048576,67,0,2404.192,4522.848,4783.520,260.672,PASS,0
PHASEB_formal_r1_C0_DEFAULT_N2048_q16_rep1,4,R1_EVENT_OVERLAP,NCCL,C0_DEFAULT,2048,2048,2048,16,0,1048576,68,0,136.960,143.328,454.624,312.512,PASS,0
PHASEB_formal_r1_C0_DEFAULT_N2048_q16_rep1,4,R1_EVENT_OVERLAP,NCCL,C0_DEFAULT,2048,2048,2048,16,1,1048576,68,0,209.056,458.048,773.600,316.000,PASS,0
PHASEB_formal_r1_C0_DEFAULT_N2048_q16_rep1,4,R1_EVENT_OVERLAP,NCCL,C0_DEFAULT,2048,2048,2048,16,2,1048576,68,0,446.368,777.216,1085.088,312.000,PASS,0
PHASEB_formal_r1_C0_DEFAULT_N2048_q16_rep1,4,R1_EVENT_OVERLAP,NCCL,C0_DEFAULT,2048,2048,2048,16,3,1048576,68,0,525.920,1088.832,1405.120,316.288,PASS,0
PHASEB_formal_r1_C0_DEFAULT_N2048_q16_rep1,4,R1_EVENT_OVERLAP,NCCL,C0_DEFAULT,2048,2048,2048,16,4,1048576,68,0,749.856,1412.864,1729.216,316.352,PASS,0
PHASEB_formal_r1_C0_DEFAULT_N2048_q16_rep1,4,R1_EVENT_OVERLAP,NCCL,C0_DEFAULT,2048,2048,2048,16,5,1048576,68,0,841.344,1732.544,2048.416,315.872,PASS,0
PHASEB_formal_r1_C0_DEFAULT_N2048_q16_rep1,4,R1_EVENT_OVERLAP,NCCL,C0_DEFAULT,2048,2048,2048,16,6,1048576,68,0,1064.416,2051.712,2359.552,312.192,PASS,0
PHASEB_formal_r1_C0_DEFAULT_N2048_q16_rep1,4,R1_EVENT_OVERLAP,NCCL,C0_DEFAULT,2048,2048,2048,16,7,1048576,68,0,1155.776,2363.296,2669.664,306.368,PASS,0
PHASEB_formal_r1_C0_DEFAULT_N2048_q16_rep1,4,R1_EVENT_OVERLAP,NCCL,C0_DEFAULT,2048,2048,2048,16,8,1048576,68,0,1382.592,2673.056,2981.472,313.344,PASS,0
PHASEB_formal_r1_C0_DEFAULT_N2048_q16_rep1,4,R1_EVENT_OVERLAP,NCCL,C0_DEFAULT,2048,2048,2048,16,9,1048576,68,0,1462.592,2984.864,3284.672,299.808,PASS,0
PHASEB_formal_r1_C0_DEFAULT_N2048_q16_rep1,4,R1_EVENT_OVERLAP,NCCL,C0_DEFAULT,2048,2048,2048,16,10,1048576,68,0,1715.456,3288.160,3549.216,299.296,PASS,0
PHASEB_formal_r1_C0_DEFAULT_N2048_q16_rep1,4,R1_EVENT_OVERLAP,NCCL,C0_DEFAULT,2048,2048,2048,16,11,1048576,68,0,2025.248,3552.672,3812.544,259.872,PASS,0
PHASEB_formal_r1_C0_DEFAULT_N2048_q16_rep1,4,R1_EVENT_OVERLAP,NCCL,C0_DEFAULT,2048,2048,2048,16,12,1048576,68,0,2306.272,3815.968,4077.088,261.120,PASS,0
PHASEB_formal_r1_C0_DEFAULT_N2048_q16_rep1,4,R1_EVENT_OVERLAP,NCCL,C0_DEFAULT,2048,2048,2048,16,13,1048576,68,0,2616.288,4080.512,4340.960,260.448,PASS,0
PHASEB_formal_r1_C0_DEFAULT_N2048_q16_rep1,4,R1_EVENT_OVERLAP,NCCL,C0_DEFAULT,2048,2048,2048,16,14,1048576,68,0,2902.880,4344.384,4605.024,260.832,PASS,0
PHASEB_formal_r1_C0_DEFAULT_N2048_q16_rep1,4,R1_EVENT_OVERLAP,NCCL,C0_DEFAULT,2048,2048,2048,16,15,1048576,68,0,3209.920,4608.448,4867.776,259.328,PASS,0
PHASEB_formal_r1_C0_DEFAULT_N2048_q16_rep1,4,R1_EVENT_OVERLAP,NCCL,C0_DEFAULT,2048,2048,2048,16,0,1048576,69,0,129.280,135.488,448.224,312.768,PASS,0
PHASEB_formal_r1_C0_DEFAULT_N2048_q16_rep1,4,R1_EVENT_OVERLAP,NCCL,C0_DEFAULT,2048,2048,2048,16,1,1048576,69,0,204.064,451.616,724.256,275.648,PASS,0
PHASEB_formal_r1_C0_DEFAULT_N2048_q16_rep1,4,R1_EVENT_OVERLAP,NCCL,C0_DEFAULT,2048,2048,2048,16,2,1048576,69,0,458.144,727.680,1038.496,310.816,PASS,0
PHASEB_formal_r1_C0_DEFAULT_N2048_q16_rep1,4,R1_EVENT_OVERLAP,NCCL,C0_DEFAULT,2048,2048,2048,16,3,1048576,69,0,768.864,1041.952,1317.920,276.832,PASS,0
PHASEB_formal_r1_C0_DEFAULT_N2048_q16_rep1,4,R1_EVENT_OVERLAP,NCCL,C0_DEFAULT,2048,2048,2048,16,4,1048576,69,0,1048.512,1321.280,1630.176,310.272,PASS,0
PHASEB_formal_r1_C0_DEFAULT_N2048_q16_rep1,4,R1_EVENT_OVERLAP,NCCL,C0_DEFAULT,2048,2048,2048,16,5,1048576,69,0,1355.232,1633.696,1935.584,309.440,PASS,0
PHASEB_formal_r1_C0_DEFAULT_N2048_q16_rep1,4,R1_EVENT_OVERLAP,NCCL,C0_DEFAULT,2048,2048,2048,16,6,1048576,69,0,1643.296,1939.008,2227.296,312.320,PASS,0
PHASEB_formal_r1_C0_DEFAULT_N2048_q16_rep1,4,R1_EVENT_OVERLAP,NCCL,C0_DEFAULT,2048,2048,2048,16,7,1048576,69,0,1950.656,2230.560,2540.736,312.192,PASS,0
PHASEB_formal_r1_C0_DEFAULT_N2048_q16_rep1,4,R1_EVENT_OVERLAP,NCCL,C0_DEFAULT,2048,2048,2048,16,8,1048576,69,0,2252.352,2544.256,2838.656,309.376,PASS,0
PHASEB_formal_r1_C0_DEFAULT_N2048_q16_rep1,4,R1_EVENT_OVERLAP,NCCL,C0_DEFAULT,2048,2048,2048,16,9,1048576,69,0,2550.432,2842.208,3151.584,309.376,PASS,0
PHASEB_formal_r1_C0_DEFAULT_N2048_q16_rep1,4,R1_EVENT_OVERLAP,NCCL,C0_DEFAULT,2048,2048,2048,16,10,1048576,69,0,2858.464,3155.040,3441.152,312.864,PASS,0
PHASEB_formal_r1_C0_DEFAULT_N2048_q16_rep1,4,R1_EVENT_OVERLAP,NCCL,C0_DEFAULT,2048,2048,2048,16,11,1048576,69,0,3161.312,3445.504,3763.968,318.464,PASS,0
PHASEB_formal_r1_C0_DEFAULT_N2048_q16_rep1,4,R1_EVENT_OVERLAP,NCCL,C0_DEFAULT,2048,2048,2048,16,12,1048576,69,0,3483.136,3767.328,4056.768,311.936,PASS,0
PHASEB_formal_r1_C0_DEFAULT_N2048_q16_rep1,4,R1_EVENT_OVERLAP,NCCL,C0_DEFAULT,2048,2048,2048,16,13,1048576,69,0,3773.920,4060.064,4371.520,311.456,PASS,0
PHASEB_formal_r1_C0_DEFAULT_N2048_q16_rep1,4,R1_EVENT_OVERLAP,NCCL,C0_DEFAULT,2048,2048,2048,16,14,1048576,69,0,4081.376,4374.976,4640.192,297.568,PASS,0
PHASEB_formal_r1_C0_DEFAULT_N2048_q16_rep1,4,R1_EVENT_OVERLAP,NCCL,C0_DEFAULT,2048,2048,2048,16,15,1048576,69,0,4381.408,4643.616,4902.944,260.032,PASS,0
PHASEB_formal_r1_C0_DEFAULT_N2048_q16_rep1,4,R1_EVENT_OVERLAP,NCCL,C0_DEFAULT,2048,2048,2048,16,0,1048576,70,0,132.096,138.048,448.160,312.704,PASS,0
PHASEB_formal_r1_C0_DEFAULT_N2048_q16_rep1,4,R1_EVENT_OVERLAP,NCCL,C0_DEFAULT,2048,2048,2048,16,1,1048576,70,0,206.944,451.744,763.008,312.416,PASS,0
PHASEB_formal_r1_C0_DEFAULT_N2048_q16_rep1,4,R1_EVENT_OVERLAP,NCCL,C0_DEFAULT,2048,2048,2048,16,2,1048576,70,0,441.856,766.336,1081.184,314.848,PASS,0
PHASEB_formal_r1_C0_DEFAULT_N2048_q16_rep1,4,R1_EVENT_OVERLAP,NCCL,C0_DEFAULT,2048,2048,2048,16,3,1048576,70,0,521.376,1086.016,1394.016,309.120,PASS,0
PHASEB_formal_r1_C0_DEFAULT_N2048_q16_rep1,4,R1_EVENT_OVERLAP,NCCL,C0_DEFAULT,2048,2048,2048,16,4,1048576,70,0,755.904,1397.440,1712.160,315.328,PASS,0
PHASEB_formal_r1_C0_DEFAULT_N2048_q16_rep1,4,R1_EVENT_OVERLAP,NCCL,C0_DEFAULT,2048,2048,2048,16,5,1048576,70,0,831.232,1715.840,2042.016,326.176,PASS,0
PHASEB_formal_r1_C0_DEFAULT_N2048_q16_rep1,4,R1_EVENT_OVERLAP,NCCL,C0_DEFAULT,2048,2048,2048,16,6,1048576,70,0,1056.544,2045.536,2361.632,316.096,PASS,0
PHASEB_formal_r1_C0_DEFAULT_N2048_q16_rep1,4,R1_EVENT_OVERLAP,NCCL,C0_DEFAULT,2048,2048,2048,16,7,1048576,70,0,1133.856,2366.688,2666.976,300.288,PASS,0
PHASEB_formal_r1_C0_DEFAULT_N2048_q16_rep1,4,R1_EVENT_OVERLAP,NCCL,C0_DEFAULT,2048,2048,2048,16,8,1048576,70,0,1361.728,2670.400,2932.544,262.144,PASS,0
PHASEB_formal_r1_C0_DEFAULT_N2048_q16_rep1,4,R1_EVENT_OVERLAP,NCCL,C0_DEFAULT,2048,2048,2048,16,9,1048576,70,0,1439.776,2936.064,3196.000,259.936,PASS,0
PHASEB_formal_r1_C0_DEFAULT_N2048_q16_rep1,4,R1_EVENT_OVERLAP,NCCL,C0_DEFAULT,2048,2048,2048,16,10,1048576,70,0,1668.096,3199.424,3460.704,261.280,PASS,0
PHASEB_formal_r1_C0_DEFAULT_N2048_q16_rep1,4,R1_EVENT_OVERLAP,NCCL,C0_DEFAULT,2048,2048,2048,16,11,1048576,70,0,1772.992,3464.096,3724.448,260.352,PASS,0
PHASEB_formal_r1_C0_DEFAULT_N2048_q16_rep1,4,R1_EVENT_OVERLAP,NCCL,C0_DEFAULT,2048,2048,2048,16,12,1048576,70,0,2010.432,3727.872,3990.528,262.656,PASS,0
PHASEB_formal_r1_C0_DEFAULT_N2048_q16_rep1,4,R1_EVENT_OVERLAP,NCCL,C0_DEFAULT,2048,2048,2048,16,13,1048576,70,0,2089.536,3993.952,4253.632,259.680,PASS,0
PHASEB_formal_r1_C0_DEFAULT_N2048_q16_rep1,4,R1_EVENT_OVERLAP,NCCL,C0_DEFAULT,2048,2048,2048,16,14,1048576,70,0,2317.408,4257.056,4518.656,261.600,PASS,0
PHASEB_formal_r1_C0_DEFAULT_N2048_q16_rep1,4,R1_EVENT_OVERLAP,NCCL,C0_DEFAULT,2048,2048,2048,16,15,1048576,70,0,2397.504,4522.080,4781.344,259.264,PASS,0
PHASEB_formal_r1_C0_DEFAULT_N2048_q16_rep1,4,R1_EVENT_OVERLAP,NCCL,C0_DEFAULT,2048,2048,2048,16,0,1048576,71,0,130.976,137.760,444.992,308.864,PASS,0
PHASEB_formal_r1_C0_DEFAULT_N2048_q16_rep1,4,R1_EVENT_OVERLAP,NCCL,C0_DEFAULT,2048,2048,2048,16,1,1048576,71,0,206.496,448.416,764.928,316.512,PASS,0
PHASEB_formal_r1_C0_DEFAULT_N2048_q16_rep1,4,R1_EVENT_OVERLAP,NCCL,C0_DEFAULT,2048,2048,2048,16,2,1048576,71,0,433.728,768.448,1080.064,311.616,PASS,0
PHASEB_formal_r1_C0_DEFAULT_N2048_q16_rep1,4,R1_EVENT_OVERLAP,NCCL,C0_DEFAULT,2048,2048,2048,16,3,1048576,71,0,522.016,1083.584,1392.352,312.064,PASS,0
PHASEB_formal_r1_C0_DEFAULT_N2048_q16_rep1,4,R1_EVENT_OVERLAP,NCCL,C0_DEFAULT,2048,2048,2048,16,4,1048576,71,0,767.712,1395.712,1701.440,305.728,PASS,0
PHASEB_formal_r1_C0_DEFAULT_N2048_q16_rep1,4,R1_EVENT_OVERLAP,NCCL,C0_DEFAULT,2048,2048,2048,16,5,1048576,71,0,1077.472,1704.896,2012.352,313.760,PASS,0
PHASEB_formal_r1_C0_DEFAULT_N2048_q16_rep1,4,R1_EVENT_OVERLAP,NCCL,C0_DEFAULT,2048,2048,2048,16,6,1048576,71,0,1360.480,2015.808,2323.936,308.128,PASS,0
PHASEB_formal_r1_C0_DEFAULT_N2048_q16_rep1,4,R1_EVENT_OVERLAP,NCCL,C0_DEFAULT,2048,2048,2048,16,7,1048576,71,0,1669.728,2327.264,2664.288,337.024,PASS,0
PHASEB_formal_r1_C0_DEFAULT_N2048_q16_rep1,4,R1_EVENT_OVERLAP,NCCL,C0_DEFAULT,2048,2048,2048,16,8,1048576,71,0,1957.568,2667.968,3006.016,338.048,PASS,0
PHASEB_formal_r1_C0_DEFAULT_N2048_q16_rep1,4,R1_EVENT_OVERLAP,NCCL,C0_DEFAULT,2048,2048,2048,16,9,1048576,71,0,2268.256,3009.440,3316.288,311.392,PASS,0
PHASEB_formal_r1_C0_DEFAULT_N2048_q16_rep1,4,R1_EVENT_OVERLAP,NCCL,C0_DEFAULT,2048,2048,2048,16,10,1048576,71,0,2552.192,3319.616,3633.536,313.920,PASS,0
PHASEB_formal_r1_C0_DEFAULT_N2048_q16_rep1,4,R1_EVENT_OVERLAP,NCCL,C0_DEFAULT,2048,2048,2048,16,11,1048576,71,0,2860.704,3637.344,3944.800,311.552,PASS,0
PHASEB_formal_r1_C0_DEFAULT_N2048_q16_rep1,4,R1_EVENT_OVERLAP,NCCL,C0_DEFAULT,2048,2048,2048,16,12,1048576,71,0,3149.440,3948.160,4245.056,308.992,PASS,0
PHASEB_formal_r1_C0_DEFAULT_N2048_q16_rep1,4,R1_EVENT_OVERLAP,NCCL,C0_DEFAULT,2048,2048,2048,16,13,1048576,71,0,3456.704,4248.480,4508.576,298.496,PASS,0
PHASEB_formal_r1_C0_DEFAULT_N2048_q16_rep1,4,R1_EVENT_OVERLAP,NCCL,C0_DEFAULT,2048,2048,2048,16,14,1048576,71,0,3741.888,4512.000,4771.424,259.424,PASS,0
PHASEB_formal_r1_C0_DEFAULT_N2048_q16_rep1,4,R1_EVENT_OVERLAP,NCCL,C0_DEFAULT,2048,2048,2048,16,15,1048576,71,0,4049.024,4774.848,5035.296,260.448,PASS,0
PHASEB_formal_r1_C0_DEFAULT_N2048_q16_rep1,4,R1_EVENT_OVERLAP,NCCL,C0_DEFAULT,2048,2048,2048,16,0,1048576,72,0,133.184,140.160,453.696,313.536,PASS,0
PHASEB_formal_r1_C0_DEFAULT_N2048_q16_rep1,4,R1_EVENT_OVERLAP,NCCL,C0_DEFAULT,2048,2048,2048,16,1,1048576,72,0,207.968,457.152,763.008,310.592,PASS,0
PHASEB_formal_r1_C0_DEFAULT_N2048_q16_rep1,4,R1_EVENT_OVERLAP,NCCL,C0_DEFAULT,2048,2048,2048,16,2,1048576,72,0,432.864,766.592,1074.784,313.408,PASS,0
PHASEB_formal_r1_C0_DEFAULT_N2048_q16_rep1,4,R1_EVENT_OVERLAP,NCCL,C0_DEFAULT,2048,2048,2048,16,3,1048576,72,0,525.440,1078.240,1386.912,308.672,PASS,0
PHASEB_formal_r1_C0_DEFAULT_N2048_q16_rep1,4,R1_EVENT_OVERLAP,NCCL,C0_DEFAULT,2048,2048,2048,16,4,1048576,72,0,752.768,1390.336,1665.536,311.456,PASS,0
PHASEB_formal_r1_C0_DEFAULT_N2048_q16_rep1,4,R1_EVENT_OVERLAP,NCCL,C0_DEFAULT,2048,2048,2048,16,5,1048576,72,0,840.704,1668.768,1978.432,313.312,PASS,0
PHASEB_formal_r1_C0_DEFAULT_N2048_q16_rep1,4,R1_EVENT_OVERLAP,NCCL,C0_DEFAULT,2048,2048,2048,16,6,1048576,72,0,1077.856,1981.888,2257.408,277.024,PASS,0
PHASEB_formal_r1_C0_DEFAULT_N2048_q16_rep1,4,R1_EVENT_OVERLAP,NCCL,C0_DEFAULT,2048,2048,2048,16,7,1048576,72,0,1399.840,2260.800,2571.392,311.584,PASS,0
PHASEB_formal_r1_C0_DEFAULT_N2048_q16_rep1,4,R1_EVENT_OVERLAP,NCCL,C0_DEFAULT,2048,2048,2048,16,8,1048576,72,0,1714.528,2574.944,2854.304,279.360,PASS,0
PHASEB_formal_r1_C0_DEFAULT_N2048_q16_rep1,4,R1_EVENT_OVERLAP,NCCL,C0_DEFAULT,2048,2048,2048,16,9,1048576,72,0,1988.960,2857.632,3167.808,311.264,PASS,0
PHASEB_formal_r1_C0_DEFAULT_N2048_q16_rep1,4,R1_EVENT_OVERLAP,NCCL,C0_DEFAULT,2048,2048,2048,16,10,1048576,72,0,2297.440,3171.296,3445.184,273.920,PASS,0
PHASEB_formal_r1_C0_DEFAULT_N2048_q16_rep1,4,R1_EVENT_OVERLAP,NCCL,C0_DEFAULT,2048,2048,2048,16,11,1048576,72,0,2581.536,3448.576,3760.736,312.160,PASS,0
PHASEB_formal_r1_C0_DEFAULT_N2048_q16_rep1,4,R1_EVENT_OVERLAP,NCCL,C0_DEFAULT,2048,2048,2048,16,12,1048576,72,0,2889.952,3764.192,4046.144,295.552,PASS,0
PHASEB_formal_r1_C0_DEFAULT_N2048_q16_rep1,4,R1_EVENT_OVERLAP,NCCL,C0_DEFAULT,2048,2048,2048,16,13,1048576,72,0,3177.568,4049.984,4308.352,259.648,PASS,0
PHASEB_formal_r1_C0_DEFAULT_N2048_q16_rep1,4,R1_EVENT_OVERLAP,NCCL,C0_DEFAULT,2048,2048,2048,16,14,1048576,72,0,3493.216,4311.840,4572.192,262.304,PASS,0
PHASEB_formal_r1_C0_DEFAULT_N2048_q16_rep1,4,R1_EVENT_OVERLAP,NCCL,C0_DEFAULT,2048,2048,2048,16,15,1048576,72,0,3770.400,4575.616,4833.536,259.136,PASS,0
PHASEB_formal_r1_C0_DEFAULT_N2048_q16_rep1,4,R1_EVENT_OVERLAP,NCCL,C0_DEFAULT,2048,2048,2048,16,0,1048576,73,0,142.016,148.064,460.128,313.344,PASS,0
PHASEB_formal_r1_C0_DEFAULT_N2048_q16_rep1,4,R1_EVENT_OVERLAP,NCCL,C0_DEFAULT,2048,2048,2048,16,1,1048576,73,0,218.880,463.584,777.056,313.472,PASS,0
PHASEB_formal_r1_C0_DEFAULT_N2048_q16_rep1,4,R1_EVENT_OVERLAP,NCCL,C0_DEFAULT,2048,2048,2048,16,2,1048576,73,0,463.648,780.640,1087.552,311.680,PASS,0
PHASEB_formal_r1_C0_DEFAULT_N2048_q16_rep1,4,R1_EVENT_OVERLAP,NCCL,C0_DEFAULT,2048,2048,2048,16,3,1048576,73,0,784.384,1091.136,1371.936,313.824,PASS,0
PHASEB_formal_r1_C0_DEFAULT_N2048_q16_rep1,4,R1_EVENT_OVERLAP,NCCL,C0_DEFAULT,2048,2048,2048,16,4,1048576,73,0,1097.888,1375.296,1691.072,315.776,PASS,0
PHASEB_formal_r1_C0_DEFAULT_N2048_q16_rep1,4,R1_EVENT_OVERLAP,NCCL,C0_DEFAULT,2048,2048,2048,16,5,1048576,73,0,1405.344,1694.432,2003.328,313.792,PASS,0
PHASEB_formal_r1_C0_DEFAULT_N2048_q16_rep1,4,R1_EVENT_OVERLAP,NCCL,C0_DEFAULT,2048,2048,2048,16,6,1048576,73,0,1692.800,2006.784,2287.936,318.464,PASS,0
PHASEB_formal_r1_C0_DEFAULT_N2048_q16_rep1,4,R1_EVENT_OVERLAP,NCCL,C0_DEFAULT,2048,2048,2048,16,7,1048576,73,0,2012.960,2291.584,2604.352,313.696,PASS,0
PHASEB_formal_r1_C0_DEFAULT_N2048_q16_rep1,4,R1_EVENT_OVERLAP,NCCL,C0_DEFAULT,2048,2048,2048,16,8,1048576,73,0,2322.528,2607.680,2888.320,313.664,PASS,0
PHASEB_formal_r1_C0_DEFAULT_N2048_q16_rep1,4,R1_EVENT_OVERLAP,NCCL,C0_DEFAULT,2048,2048,2048,16,9,1048576,73,0,2614.592,2891.648,3208.256,316.608,PASS,0
PHASEB_formal_r1_C0_DEFAULT_N2048_q16_rep1,4,R1_EVENT_OVERLAP,NCCL,C0_DEFAULT,2048,2048,2048,16,10,1048576,73,0,2923.136,3211.616,3520.864,309.248,PASS,0
PHASEB_formal_r1_C0_DEFAULT_N2048_q16_rep1,4,R1_EVENT_OVERLAP,NCCL,C0_DEFAULT,2048,2048,2048,16,11,1048576,73,0,3203.520,3524.160,3829.056,312.064,PASS,0
PHASEB_formal_r1_C0_DEFAULT_N2048_q16_rep1,4,R1_EVENT_OVERLAP,NCCL,C0_DEFAULT,2048,2048,2048,16,12,1048576,73,0,3513.152,3832.352,4139.776,307.424,PASS,0
PHASEB_formal_r1_C0_DEFAULT_N2048_q16_rep1,4,R1_EVENT_OVERLAP,NCCL,C0_DEFAULT,2048,2048,2048,16,13,1048576,73,0,3797.600,4143.040,4442.080,310.880,PASS,0
PHASEB_formal_r1_C0_DEFAULT_N2048_q16_rep1,4,R1_EVENT_OVERLAP,NCCL,C0_DEFAULT,2048,2048,2048,16,14,1048576,73,0,4104.896,4445.408,4704.608,261.312,PASS,0
PHASEB_formal_r1_C0_DEFAULT_N2048_q16_rep1,4,R1_EVENT_OVERLAP,NCCL,C0_DEFAULT,2048,2048,2048,16,15,1048576,73,0,4389.216,4707.936,4967.808,260.800,PASS,0
PHASEB_formal_r1_C0_DEFAULT_N2048_q16_rep1,4,R1_EVENT_OVERLAP,NCCL,C0_DEFAULT,2048,2048,2048,16,0,1048576,74,0,132.032,138.112,448.352,313.184,PASS,0
PHASEB_formal_r1_C0_DEFAULT_N2048_q16_rep1,4,R1_EVENT_OVERLAP,NCCL,C0_DEFAULT,2048,2048,2048,16,1,1048576,74,0,205.600,451.744,766.720,316.768,PASS,0
PHASEB_formal_r1_C0_DEFAULT_N2048_q16_rep1,4,R1_EVENT_OVERLAP,NCCL,C0_DEFAULT,2048,2048,2048,16,2,1048576,74,0,442.112,770.592,1078.368,312.960,PASS,0
PHASEB_formal_r1_C0_DEFAULT_N2048_q16_rep1,4,R1_EVENT_OVERLAP,NCCL,C0_DEFAULT,2048,2048,2048,16,3,1048576,74,0,519.104,1081.792,1395.936,314.144,PASS,0
PHASEB_formal_r1_C0_DEFAULT_N2048_q16_rep1,4,R1_EVENT_OVERLAP,NCCL,C0_DEFAULT,2048,2048,2048,16,4,1048576,74,0,746.464,1399.616,1719.872,324.576,PASS,0
PHASEB_formal_r1_C0_DEFAULT_N2048_q16_rep1,4,R1_EVENT_OVERLAP,NCCL,C0_DEFAULT,2048,2048,2048,16,5,1048576,74,0,823.328,1723.168,2044.608,321.440,PASS,0
PHASEB_formal_r1_C0_DEFAULT_N2048_q16_rep1,4,R1_EVENT_OVERLAP,NCCL,C0_DEFAULT,2048,2048,2048,16,6,1048576,74,0,1045.952,2047.936,2357.056,316.544,PASS,0
PHASEB_formal_r1_C0_DEFAULT_N2048_q16_rep1,4,R1_EVENT_OVERLAP,NCCL,C0_DEFAULT,2048,2048,2048,16,7,1048576,74,0,1126.368,2360.352,2658.528,300.032,PASS,0
PHASEB_formal_r1_C0_DEFAULT_N2048_q16_rep1,4,R1_EVENT_OVERLAP,NCCL,C0_DEFAULT,2048,2048,2048,16,8,1048576,74,0,1352.736,2661.856,2922.464,261.408,PASS,0
PHASEB_formal_r1_C0_DEFAULT_N2048_q16_rep1,4,R1_EVENT_OVERLAP,NCCL,C0_DEFAULT,2048,2048,2048,16,9,1048576,74,0,1437.856,2925.792,3185.504,260.320,PASS,0
PHASEB_formal_r1_C0_DEFAULT_N2048_q16_rep1,4,R1_EVENT_OVERLAP,NCCL,C0_DEFAULT,2048,2048,2048,16,10,1048576,74,0,1664.672,3188.896,3449.120,261.824,PASS,0
PHASEB_formal_r1_C0_DEFAULT_N2048_q16_rep1,4,R1_EVENT_OVERLAP,NCCL,C0_DEFAULT,2048,2048,2048,16,11,1048576,74,0,1757.344,3452.544,3712.032,260.160,PASS,0
PHASEB_formal_r1_C0_DEFAULT_N2048_q16_rep1,4,R1_EVENT_OVERLAP,NCCL,C0_DEFAULT,2048,2048,2048,16,12,1048576,74,0,1997.888,3715.456,3976.384,261.760,PASS,0
PHASEB_formal_r1_C0_DEFAULT_N2048_q16_rep1,4,R1_EVENT_OVERLAP,NCCL,C0_DEFAULT,2048,2048,2048,16,13,1048576,74,0,2082.976,3979.808,4238.688,260.224,PASS,0
PHASEB_formal_r1_C0_DEFAULT_N2048_q16_rep1,4,R1_EVENT_OVERLAP,NCCL,C0_DEFAULT,2048,2048,2048,16,14,1048576,74,0,2312.672,4242.112,4502.272,260.704,PASS,0
PHASEB_formal_r1_C0_DEFAULT_N2048_q16_rep1,4,R1_EVENT_OVERLAP,NCCL,C0_DEFAULT,2048,2048,2048,16,15,1048576,74,0,2390.688,4505.952,4765.312,259.488,PASS,0
PHASEB_formal_r1_C0_DEFAULT_N2048_q16_rep1,4,R1_EVENT_OVERLAP,NCCL,C0_DEFAULT,2048,2048,2048,16,0,1048576,75,0,131.008,137.632,452.960,316.576,PASS,0
PHASEB_formal_r1_C0_DEFAULT_N2048_q16_rep1,4,R1_EVENT_OVERLAP,NCCL,C0_DEFAULT,2048,2048,2048,16,1,1048576,75,0,205.472,456.224,779.840,323.616,PASS,0
PHASEB_formal_r1_C0_DEFAULT_N2048_q16_rep1,4,R1_EVENT_OVERLAP,NCCL,C0_DEFAULT,2048,2048,2048,16,2,1048576,75,0,429.440,787.360,1117.184,329.824,PASS,0
PHASEB_formal_r1_C0_DEFAULT_N2048_q16_rep1,4,R1_EVENT_OVERLAP,NCCL,C0_DEFAULT,2048,2048,2048,16,3,1048576,75,0,519.552,1129.728,1444.448,322.720,PASS,0
PHASEB_formal_r1_C0_DEFAULT_N2048_q16_rep1,4,R1_EVENT_OVERLAP,NCCL,C0_DEFAULT,2048,2048,2048,16,4,1048576,75,0,749.120,1447.776,1761.984,315.936,PASS,0
PHASEB_formal_r1_C0_DEFAULT_N2048_q16_rep1,4,R1_EVENT_OVERLAP,NCCL,C0_DEFAULT,2048,2048,2048,16,5,1048576,75,0,839.872,1765.344,2071.648,316.960,PASS,0
PHASEB_formal_r1_C0_DEFAULT_N2048_q16_rep1,4,R1_EVENT_OVERLAP,NCCL,C0_DEFAULT,2048,2048,2048,16,6,1048576,75,0,1064.384,2075.104,2383.264,310.688,PASS,0
PHASEB_formal_r1_C0_DEFAULT_N2048_q16_rep1,4,R1_EVENT_OVERLAP,NCCL,C0_DEFAULT,2048,2048,2048,16,7,1048576,75,0,1163.456,2386.624,2702.848,337.184,PASS,0
PHASEB_formal_r1_C0_DEFAULT_N2048_q16_rep1,4,R1_EVENT_OVERLAP,NCCL,C0_DEFAULT,2048,2048,2048,16,8,1048576,75,0,1403.168,2706.208,3032.896,329.920,PASS,0
PHASEB_formal_r1_C0_DEFAULT_N2048_q16_rep1,4,R1_EVENT_OVERLAP,NCCL,C0_DEFAULT,2048,2048,2048,16,9,1048576,75,0,1710.496,3036.320,3340.864,308.640,PASS,0
PHASEB_formal_r1_C0_DEFAULT_N2048_q16_rep1,4,R1_EVENT_OVERLAP,NCCL,C0_DEFAULT,2048,2048,2048,16,10,1048576,75,0,1989.152,3344.256,3642.272,307.488,PASS,0
PHASEB_formal_r1_C0_DEFAULT_N2048_q16_rep1,4,R1_EVENT_OVERLAP,NCCL,C0_DEFAULT,2048,2048,2048,16,11,1048576,75,0,2293.568,3645.728,3906.752,297.888,PASS,0
PHASEB_formal_r1_C0_DEFAULT_N2048_q16_rep1,4,R1_EVENT_OVERLAP,NCCL,C0_DEFAULT,2048,2048,2048,16,12,1048576,75,0,2573.568,3910.272,4170.336,260.064,PASS,0
PHASEB_formal_r1_C0_DEFAULT_N2048_q16_rep1,4,R1_EVENT_OVERLAP,NCCL,C0_DEFAULT,2048,2048,2048,16,13,1048576,75,0,2891.232,4173.760,4435.136,261.376,PASS,0
PHASEB_formal_r1_C0_DEFAULT_N2048_q16_rep1,4,R1_EVENT_OVERLAP,NCCL,C0_DEFAULT,2048,2048,2048,16,14,1048576,75,0,3164.992,4438.528,4698.848,260.320,PASS,0
PHASEB_formal_r1_C0_DEFAULT_N2048_q16_rep1,4,R1_EVENT_OVERLAP,NCCL,C0_DEFAULT,2048,2048,2048,16,15,1048576,75,0,3473.504,4702.272,4963.072,260.800,PASS,0
PHASEB_formal_r1_C0_DEFAULT_N2048_q16_rep1,4,R1_EVENT_OVERLAP,NCCL,C0_DEFAULT,2048,2048,2048,16,0,1048576,76,0,125.440,132.160,446.304,314.144,PASS,0
PHASEB_formal_r1_C0_DEFAULT_N2048_q16_rep1,4,R1_EVENT_OVERLAP,NCCL,C0_DEFAULT,2048,2048,2048,16,1,1048576,76,0,199.552,449.728,755.712,307.648,PASS,0
PHASEB_formal_r1_C0_DEFAULT_N2048_q16_rep1,4,R1_EVENT_OVERLAP,NCCL,C0_DEFAULT,2048,2048,2048,16,2,1048576,76,0,456.384,759.424,1061.312,314.464,PASS,0
PHASEB_formal_r1_C0_DEFAULT_N2048_q16_rep1,4,R1_EVENT_OVERLAP,NCCL,C0_DEFAULT,2048,2048,2048,16,3,1048576,76,0,769.184,1064.800,1363.264,311.936,PASS,0
PHASEB_formal_r1_C0_DEFAULT_N2048_q16_rep1,4,R1_EVENT_OVERLAP,NCCL,C0_DEFAULT,2048,2048,2048,16,4,1048576,76,0,1075.296,1366.976,1670.112,313.984,PASS,0
PHASEB_formal_r1_C0_DEFAULT_N2048_q16_rep1,4,R1_EVENT_OVERLAP,NCCL,C0_DEFAULT,2048,2048,2048,16,5,1048576,76,0,1379.840,1673.952,1969.376,309.984,PASS,0
PHASEB_formal_r1_C0_DEFAULT_N2048_q16_rep1,4,R1_EVENT_OVERLAP,NCCL,C0_DEFAULT,2048,2048,2048,16,6,1048576,76,0,1680.288,1972.832,2282.944,314.880,PASS,0
PHASEB_formal_r1_C0_DEFAULT_N2048_q16_rep1,4,R1_EVENT_OVERLAP,NCCL,C0_DEFAULT,2048,2048,2048,16,7,1048576,76,0,1989.632,2286.432,2561.024,276.992,PASS,0
PHASEB_formal_r1_C0_DEFAULT_N2048_q16_rep1,4,R1_EVENT_OVERLAP,NCCL,C0_DEFAULT,2048,2048,2048,16,8,1048576,76,0,2292.704,2564.672,2873.760,313.760,PASS,0
PHASEB_formal_r1_C0_DEFAULT_N2048_q16_rep1,4,R1_EVENT_OVERLAP,NCCL,C0_DEFAULT,2048,2048,2048,16,9,1048576,76,0,2599.936,2877.440,3156.032,278.592,PASS,0
PHASEB_formal_r1_C0_DEFAULT_N2048_q16_rep1,4,R1_EVENT_OVERLAP,NCCL,C0_DEFAULT,2048,2048,2048,16,10,1048576,76,0,2884.096,3159.744,3468.352,313.056,PASS,0
PHASEB_formal_r1_C0_DEFAULT_N2048_q16_rep1,4,R1_EVENT_OVERLAP,NCCL,C0_DEFAULT,2048,2048,2048,16,11,1048576,76,0,3197.312,3472.288,3746.208,276.000,PASS,0
PHASEB_formal_r1_C0_DEFAULT_N2048_q16_rep1,4,R1_EVENT_OVERLAP,NCCL,C0_DEFAULT,2048,2048,2048,16,12,1048576,76,0,3478.720,3749.664,4059.392,310.432,PASS,0
PHASEB_formal_r1_C0_DEFAULT_N2048_q16_rep1,4,R1_EVENT_OVERLAP,NCCL,C0_DEFAULT,2048,2048,2048,16,13,1048576,76,0,3783.104,4062.848,4333.728,273.824,PASS,0
PHASEB_formal_r1_C0_DEFAULT_N2048_q16_rep1,4,R1_EVENT_OVERLAP,NCCL,C0_DEFAULT,2048,2048,2048,16,14,1048576,76,0,4069.312,4337.184,4635.808,300.576,PASS,0
PHASEB_formal_r1_C0_DEFAULT_N2048_q16_rep1,4,R1_EVENT_OVERLAP,NCCL,C0_DEFAULT,2048,2048,2048,16,15,1048576,76,0,4375.232,4639.296,4897.280,259.168,PASS,0
PHASEB_formal_r1_C0_DEFAULT_N2048_q16_rep1,4,R1_EVENT_OVERLAP,NCCL,C0_DEFAULT,2048,2048,2048,16,0,1048576,77,0,121.504,127.968,445.216,317.888,PASS,0
PHASEB_formal_r1_C0_DEFAULT_N2048_q16_rep1,4,R1_EVENT_OVERLAP,NCCL,C0_DEFAULT,2048,2048,2048,16,1,1048576,77,0,196.032,448.544,757.984,310.656,PASS,0
PHASEB_formal_r1_C0_DEFAULT_N2048_q16_rep1,4,R1_EVENT_OVERLAP,NCCL,C0_DEFAULT,2048,2048,2048,16,2,1048576,77,0,450.560,761.280,1044.288,311.808,PASS,0
PHASEB_formal_r1_C0_DEFAULT_N2048_q16_rep1,4,R1_EVENT_OVERLAP,NCCL,C0_DEFAULT,2048,2048,2048,16,3,1048576,77,0,768.704,1047.552,1359.776,314.784,PASS,0
PHASEB_formal_r1_C0_DEFAULT_N2048_q16_rep1,4,R1_EVENT_OVERLAP,NCCL,C0_DEFAULT,2048,2048,2048,16,4,1048576,77,0,1074.560,1363.200,1638.720,277.184,PASS,0
PHASEB_formal_r1_C0_DEFAULT_N2048_q16_rep1,4,R1_EVENT_OVERLAP,NCCL,C0_DEFAULT,2048,2048,2048,16,5,1048576,77,0,1369.504,1642.176,1956.288,314.720,PASS,0
PHASEB_formal_r1_C0_DEFAULT_N2048_q16_rep1,4,R1_EVENT_OVERLAP,NCCL,C0_DEFAULT,2048,2048,2048,16,6,1048576,77,0,1689.408,1960.064,2259.744,310.400,PASS,0
PHASEB_formal_r1_C0_DEFAULT_N2048_q16_rep1,4,R1_EVENT_OVERLAP,NCCL,C0_DEFAULT,2048,2048,2048,16,7,1048576,77,0,1969.664,2263.392,2572.512,315.456,PASS,0
PHASEB_formal_r1_C0_DEFAULT_N2048_q16_rep1,4,R1_EVENT_OVERLAP,NCCL,C0_DEFAULT,2048,2048,2048,16,8,1048576,77,0,2285.376,2575.936,2856.960,313.824,PASS,0
PHASEB_formal_r1_C0_DEFAULT_N2048_q16_rep1,4,R1_EVENT_OVERLAP,NCCL,C0_DEFAULT,2048,2048,2048,16,9,1048576,77,0,2582.560,2860.352,3169.536,311.872,PASS,0
PHASEB_formal_r1_C0_DEFAULT_N2048_q16_rep1,4,R1_EVENT_OVERLAP,NCCL,C0_DEFAULT,2048,2048,2048,16,10,1048576,77,0,2890.784,3172.960,3466.176,308.672,PASS,0
PHASEB_formal_r1_C0_DEFAULT_N2048_q16_rep1,4,R1_EVENT_OVERLAP,NCCL,C0_DEFAULT,2048,2048,2048,16,11,1048576,77,0,3179.200,3472.704,3785.696,312.992,PASS,0
PHASEB_formal_r1_C0_DEFAULT_N2048_q16_rep1,4,R1_EVENT_OVERLAP,NCCL,C0_DEFAULT,2048,2048,2048,16,12,1048576,77,0,3494.880,3789.088,4070.496,316.192,PASS,0
PHASEB_formal_r1_C0_DEFAULT_N2048_q16_rep1,4,R1_EVENT_OVERLAP,NCCL,C0_DEFAULT,2048,2048,2048,16,13,1048576,77,0,3797.280,4073.760,4383.200,312.704,PASS,0
PHASEB_formal_r1_C0_DEFAULT_N2048_q16_rep1,4,R1_EVENT_OVERLAP,NCCL,C0_DEFAULT,2048,2048,2048,16,14,1048576,77,0,4103.424,4386.560,4662.528,295.904,PASS,0
PHASEB_formal_r1_C0_DEFAULT_N2048_q16_rep1,4,R1_EVENT_OVERLAP,NCCL,C0_DEFAULT,2048,2048,2048,16,15,1048576,77,0,4392.736,4665.856,4925.056,260.256,PASS,0
PHASEB_formal_r1_C0_DEFAULT_N2048_q16_rep1,4,R1_EVENT_OVERLAP,NCCL,C0_DEFAULT,2048,2048,2048,16,0,1048576,78,0,125.792,131.904,445.664,314.112,PASS,0
PHASEB_formal_r1_C0_DEFAULT_N2048_q16_rep1,4,R1_EVENT_OVERLAP,NCCL,C0_DEFAULT,2048,2048,2048,16,1,1048576,78,0,198.944,448.960,756.896,312.512,PASS,0
PHASEB_formal_r1_C0_DEFAULT_N2048_q16_rep1,4,R1_EVENT_OVERLAP,NCCL,C0_DEFAULT,2048,2048,2048,16,2,1048576,78,0,425.120,760.224,1074.688,314.464,PASS,0
PHASEB_formal_r1_C0_DEFAULT_N2048_q16_rep1,4,R1_EVENT_OVERLAP,NCCL,C0_DEFAULT,2048,2048,2048,16,3,1048576,78,0,502.464,1078.528,1398.560,320.032,PASS,0
PHASEB_formal_r1_C0_DEFAULT_N2048_q16_rep1,4,R1_EVENT_OVERLAP,NCCL,C0_DEFAULT,2048,2048,2048,16,4,1048576,78,0,728.640,1402.912,1719.008,316.096,PASS,0
PHASEB_formal_r1_C0_DEFAULT_N2048_q16_rep1,4,R1_EVENT_OVERLAP,NCCL,C0_DEFAULT,2048,2048,2048,16,5,1048576,78,0,809.024,1722.528,2027.264,304.736,PASS,0
PHASEB_formal_r1_C0_DEFAULT_N2048_q16_rep1,4,R1_EVENT_OVERLAP,NCCL,C0_DEFAULT,2048,2048,2048,16,6,1048576,78,0,1034.592,2030.784,2339.712,313.920,PASS,0
PHASEB_formal_r1_C0_DEFAULT_N2048_q16_rep1,4,R1_EVENT_OVERLAP,NCCL,C0_DEFAULT,2048,2048,2048,16,7,1048576,78,0,1115.840,2343.072,2649.888,310.592,PASS,0
PHASEB_formal_r1_C0_DEFAULT_N2048_q16_rep1,4,R1_EVENT_OVERLAP,NCCL,C0_DEFAULT,2048,2048,2048,16,8,1048576,78,0,1343.360,2653.280,2960.192,312.096,PASS,0
PHASEB_formal_r1_C0_DEFAULT_N2048_q16_rep1,4,R1_EVENT_OVERLAP,NCCL,C0_DEFAULT,2048,2048,2048,16,9,1048576,78,0,1421.312,2963.968,3263.008,308.960,PASS,0
PHASEB_formal_r1_C0_DEFAULT_N2048_q16_rep1,4,R1_EVENT_OVERLAP,NCCL,C0_DEFAULT,2048,2048,2048,16,10,1048576,78,0,1713.088,3266.432,3527.328,300.032,PASS,0
PHASEB_formal_r1_C0_DEFAULT_N2048_q16_rep1,4,R1_EVENT_OVERLAP,NCCL,C0_DEFAULT,2048,2048,2048,16,11,1048576,78,0,2019.328,3530.752,3791.008,261.120,PASS,0
PHASEB_formal_r1_C0_DEFAULT_N2048_q16_rep1,4,R1_EVENT_OVERLAP,NCCL,C0_DEFAULT,2048,2048,2048,16,12,1048576,78,0,2307.360,3794.432,4054.400,261.984,PASS,0
PHASEB_formal_r1_C0_DEFAULT_N2048_q16_rep1,4,R1_EVENT_OVERLAP,NCCL,C0_DEFAULT,2048,2048,2048,16,13,1048576,78,0,2615.584,4057.824,4317.024,260.448,PASS,0
PHASEB_formal_r1_C0_DEFAULT_N2048_q16_rep1,4,R1_EVENT_OVERLAP,NCCL,C0_DEFAULT,2048,2048,2048,16,14,1048576,78,0,2910.624,4320.384,4581.856,261.472,PASS,0
PHASEB_formal_r1_C0_DEFAULT_N2048_q16_rep1,4,R1_EVENT_OVERLAP,NCCL,C0_DEFAULT,2048,2048,2048,16,15,1048576,78,0,3218.048,4585.280,4843.584,259.712,PASS,0
PHASEB_formal_r1_C0_DEFAULT_N2048_q16_rep1,4,R1_EVENT_OVERLAP,NCCL,C0_DEFAULT,2048,2048,2048,16,0,1048576,79,0,131.872,138.368,455.232,318.304,PASS,0
PHASEB_formal_r1_C0_DEFAULT_N2048_q16_rep1,4,R1_EVENT_OVERLAP,NCCL,C0_DEFAULT,2048,2048,2048,16,1,1048576,79,0,205.216,458.816,772.352,313.536,PASS,0
PHASEB_formal_r1_C0_DEFAULT_N2048_q16_rep1,4,R1_EVENT_OVERLAP,NCCL,C0_DEFAULT,2048,2048,2048,16,2,1048576,79,0,458.336,776.128,1051.456,313.440,PASS,0
PHASEB_formal_r1_C0_DEFAULT_N2048_q16_rep1,4,R1_EVENT_OVERLAP,NCCL,C0_DEFAULT,2048,2048,2048,16,3,1048576,79,0,785.952,1054.848,1372.256,320.672,PASS,0
PHASEB_formal_r1_C0_DEFAULT_N2048_q16_rep1,4,R1_EVENT_OVERLAP,NCCL,C0_DEFAULT,2048,2048,2048,16,4,1048576,79,0,1092.288,1375.680,1685.216,311.136,PASS,0
PHASEB_formal_r1_C0_DEFAULT_N2048_q16_rep1,4,R1_EVENT_OVERLAP,NCCL,C0_DEFAULT,2048,2048,2048,16,5,1048576,79,0,1373.760,1688.576,1972.704,316.608,PASS,0
PHASEB_formal_r1_C0_DEFAULT_N2048_q16_rep1,4,R1_EVENT_OVERLAP,NCCL,C0_DEFAULT,2048,2048,2048,16,6,1048576,79,0,1696.192,1982.016,2289.280,314.944,PASS,0
PHASEB_formal_r1_C0_DEFAULT_N2048_q16_rep1,4,R1_EVENT_OVERLAP,NCCL,C0_DEFAULT,2048,2048,2048,16,7,1048576,79,0,2011.360,2293.120,2580.128,309.728,PASS,0
PHASEB_formal_r1_C0_DEFAULT_N2048_q16_rep1,4,R1_EVENT_OVERLAP,NCCL,C0_DEFAULT,2048,2048,2048,16,8,1048576,79,0,2299.520,2583.392,2894.016,323.296,PASS,0
PHASEB_formal_r1_C0_DEFAULT_N2048_q16_rep1,4,R1_EVENT_OVERLAP,NCCL,C0_DEFAULT,2048,2048,2048,16,9,1048576,79,0,2606.592,2897.440,3198.176,312.064,PASS,0
PHASEB_formal_r1_C0_DEFAULT_N2048_q16_rep1,4,R1_EVENT_OVERLAP,NCCL,C0_DEFAULT,2048,2048,2048,16,10,1048576,79,0,2909.440,3201.472,3494.560,322.496,PASS,0
PHASEB_formal_r1_C0_DEFAULT_N2048_q16_rep1,4,R1_EVENT_OVERLAP,NCCL,C0_DEFAULT,2048,2048,2048,16,11,1048576,79,0,3211.808,3498.048,3807.840,309.792,PASS,0
PHASEB_formal_r1_C0_DEFAULT_N2048_q16_rep1,4,R1_EVENT_OVERLAP,NCCL,C0_DEFAULT,2048,2048,2048,16,12,1048576,79,0,3529.856,3811.296,4098.752,307.456,PASS,0
PHASEB_formal_r1_C0_DEFAULT_N2048_q16_rep1,4,R1_EVENT_OVERLAP,NCCL,C0_DEFAULT,2048,2048,2048,16,13,1048576,79,0,3817.568,4101.920,4408.864,312.320,PASS,0
PHASEB_formal_r1_C0_DEFAULT_N2048_q16_rep1,4,R1_EVENT_OVERLAP,NCCL,C0_DEFAULT,2048,2048,2048,16,14,1048576,79,0,4123.936,4412.288,4683.104,297.056,PASS,0
PHASEB_formal_r1_C0_DEFAULT_N2048_q16_rep1,4,R1_EVENT_OVERLAP,NCCL,C0_DEFAULT,2048,2048,2048,16,15,1048576,79,0,4418.272,4686.560,4945.600,260.384,PASS,0
