run_id,rank,rank_count,device,gfx_arch,path,family,candidate,M,N,K,q,slice_index,slice_bytes,iteration_index,t_issue_us,t_release_us,t_gemm_start_us,t_gemm_end_us,t_gemm_duration_us,correctness,status
mh_d0_C0_DEFAULT_N8192_q16_rep2,1,4,1,sm_89,D0_FCOLLECT_SERIAL,NVSHMEM,C0_DEFAULT,2048,8192,2048,16,0,1048576,0,0,557.632,566.016,14938.560,14372.544,PASS,0
mh_d0_C0_DEFAULT_N8192_q16_rep2,1,4,1,sm_89,D0_FCOLLECT_SERIAL,NVSHMEM,C0_DEFAULT,2048,8192,2048,16,1,1048576,0,0,0.000,0.000,0.000,0.000,PASS,0
mh_d0_C0_DEFAULT_N8192_q16_rep2,1,4,1,sm_89,D0_FCOLLECT_SERIAL,NVSHMEM,C0_DEFAULT,2048,8192,2048,16,2,1048576,0,0,0.000,0.000,0.000,0.000,PASS,0
mh_d0_C0_DEFAULT_N8192_q16_rep2,1,4,1,sm_89,D0_FCOLLECT_SERIAL,NVSHMEM,C0_DEFAULT,2048,8192,2048,16,3,1048576,0,0,0.000,0.000,0.000,0.000,PASS,0
mh_d0_C0_DEFAULT_N8192_q16_rep2,1,4,1,sm_89,D0_FCOLLECT_SERIAL,NVSHMEM,C0_DEFAULT,2048,8192,2048,16,4,1048576,0,0,0.000,0.000,0.000,0.000,PASS,0
mh_d0_C0_DEFAULT_N8192_q16_rep2,1,4,1,sm_89,D0_FCOLLECT_SERIAL,NVSHMEM,C0_DEFAULT,2048,8192,2048,16,5,1048576,0,0,0.000,0.000,0.000,0.000,PASS,0
mh_d0_C0_DEFAULT_N8192_q16_rep2,1,4,1,sm_89,D0_FCOLLECT_SERIAL,NVSHMEM,C0_DEFAULT,2048,8192,2048,16,6,1048576,0,0,0.000,0.000,0.000,0.000,PASS,0
mh_d0_C0_DEFAULT_N8192_q16_rep2,1,4,1,sm_89,D0_FCOLLECT_SERIAL,NVSHMEM,C0_DEFAULT,2048,8192,2048,16,7,1048576,0,0,0.000,0.000,0.000,0.000,PASS,0
mh_d0_C0_DEFAULT_N8192_q16_rep2,1,4,1,sm_89,D0_FCOLLECT_SERIAL,NVSHMEM,C0_DEFAULT,2048,8192,2048,16,8,1048576,0,0,0.000,0.000,0.000,0.000,PASS,0
mh_d0_C0_DEFAULT_N8192_q16_rep2,1,4,1,sm_89,D0_FCOLLECT_SERIAL,NVSHMEM,C0_DEFAULT,2048,8192,2048,16,9,1048576,0,0,0.000,0.000,0.000,0.000,PASS,0
mh_d0_C0_DEFAULT_N8192_q16_rep2,1,4,1,sm_89,D0_FCOLLECT_SERIAL,NVSHMEM,C0_DEFAULT,2048,8192,2048,16,10,1048576,0,0,0.000,0.000,0.000,0.000,PASS,0
mh_d0_C0_DEFAULT_N8192_q16_rep2,1,4,1,sm_89,D0_FCOLLECT_SERIAL,NVSHMEM,C0_DEFAULT,2048,8192,2048,16,11,1048576,0,0,0.000,0.000,0.000,0.000,PASS,0
mh_d0_C0_DEFAULT_N8192_q16_rep2,1,4,1,sm_89,D0_FCOLLECT_SERIAL,NVSHMEM,C0_DEFAULT,2048,8192,2048,16,12,1048576,0,0,0.000,0.000,0.000,0.000,PASS,0
mh_d0_C0_DEFAULT_N8192_q16_rep2,1,4,1,sm_89,D0_FCOLLECT_SERIAL,NVSHMEM,C0_DEFAULT,2048,8192,2048,16,13,1048576,0,0,0.000,0.000,0.000,0.000,PASS,0
mh_d0_C0_DEFAULT_N8192_q16_rep2,1,4,1,sm_89,D0_FCOLLECT_SERIAL,NVSHMEM,C0_DEFAULT,2048,8192,2048,16,14,1048576,0,0,0.000,0.000,0.000,0.000,PASS,0
mh_d0_C0_DEFAULT_N8192_q16_rep2,1,4,1,sm_89,D0_FCOLLECT_SERIAL,NVSHMEM,C0_DEFAULT,2048,8192,2048,16,15,1048576,0,0,0.000,0.000,0.000,0.000,PASS,0
mh_d0_C0_DEFAULT_N8192_q16_rep2,1,4,1,sm_89,D0_FCOLLECT_SERIAL,NVSHMEM,C0_DEFAULT,2048,8192,2048,16,0,1048576,1,0,552.416,560.832,14933.792,14372.960,PASS,0
mh_d0_C0_DEFAULT_N8192_q16_rep2,1,4,1,sm_89,D0_FCOLLECT_SERIAL,NVSHMEM,C0_DEFAULT,2048,8192,2048,16,1,1048576,1,0,0.000,0.000,0.000,0.000,PASS,0
mh_d0_C0_DEFAULT_N8192_q16_rep2,1,4,1,sm_89,D0_FCOLLECT_SERIAL,NVSHMEM,C0_DEFAULT,2048,8192,2048,16,2,1048576,1,0,0.000,0.000,0.000,0.000,PASS,0
mh_d0_C0_DEFAULT_N8192_q16_rep2,1,4,1,sm_89,D0_FCOLLECT_SERIAL,NVSHMEM,C0_DEFAULT,2048,8192,2048,16,3,1048576,1,0,0.000,0.000,0.000,0.000,PASS,0
mh_d0_C0_DEFAULT_N8192_q16_rep2,1,4,1,sm_89,D0_FCOLLECT_SERIAL,NVSHMEM,C0_DEFAULT,2048,8192,2048,16,4,1048576,1,0,0.000,0.000,0.000,0.000,PASS,0
mh_d0_C0_DEFAULT_N8192_q16_rep2,1,4,1,sm_89,D0_FCOLLECT_SERIAL,NVSHMEM,C0_DEFAULT,2048,8192,2048,16,5,1048576,1,0,0.000,0.000,0.000,0.000,PASS,0
mh_d0_C0_DEFAULT_N8192_q16_rep2,1,4,1,sm_89,D0_FCOLLECT_SERIAL,NVSHMEM,C0_DEFAULT,2048,8192,2048,16,6,1048576,1,0,0.000,0.000,0.000,0.000,PASS,0
mh_d0_C0_DEFAULT_N8192_q16_rep2,1,4,1,sm_89,D0_FCOLLECT_SERIAL,NVSHMEM,C0_DEFAULT,2048,8192,2048,16,7,1048576,1,0,0.000,0.000,0.000,0.000,PASS,0
mh_d0_C0_DEFAULT_N8192_q16_rep2,1,4,1,sm_89,D0_FCOLLECT_SERIAL,NVSHMEM,C0_DEFAULT,2048,8192,2048,16,8,1048576,1,0,0.000,0.000,0.000,0.000,PASS,0
mh_d0_C0_DEFAULT_N8192_q16_rep2,1,4,1,sm_89,D0_FCOLLECT_SERIAL,NVSHMEM,C0_DEFAULT,2048,8192,2048,16,9,1048576,1,0,0.000,0.000,0.000,0.000,PASS,0
mh_d0_C0_DEFAULT_N8192_q16_rep2,1,4,1,sm_89,D0_FCOLLECT_SERIAL,NVSHMEM,C0_DEFAULT,2048,8192,2048,16,10,1048576,1,0,0.000,0.000,0.000,0.000,PASS,0
mh_d0_C0_DEFAULT_N8192_q16_rep2,1,4,1,sm_89,D0_FCOLLECT_SERIAL,NVSHMEM,C0_DEFAULT,2048,8192,2048,16,11,1048576,1,0,0.000,0.000,0.000,0.000,PASS,0
mh_d0_C0_DEFAULT_N8192_q16_rep2,1,4,1,sm_89,D0_FCOLLECT_SERIAL,NVSHMEM,C0_DEFAULT,2048,8192,2048,16,12,1048576,1,0,0.000,0.000,0.000,0.000,PASS,0
mh_d0_C0_DEFAULT_N8192_q16_rep2,1,4,1,sm_89,D0_FCOLLECT_SERIAL,NVSHMEM,C0_DEFAULT,2048,8192,2048,16,13,1048576,1,0,0.000,0.000,0.000,0.000,PASS,0
mh_d0_C0_DEFAULT_N8192_q16_rep2,1,4,1,sm_89,D0_FCOLLECT_SERIAL,NVSHMEM,C0_DEFAULT,2048,8192,2048,16,14,1048576,1,0,0.000,0.000,0.000,0.000,PASS,0
mh_d0_C0_DEFAULT_N8192_q16_rep2,1,4,1,sm_89,D0_FCOLLECT_SERIAL,NVSHMEM,C0_DEFAULT,2048,8192,2048,16,15,1048576,1,0,0.000,0.000,0.000,0.000,PASS,0
mh_d0_C0_DEFAULT_N8192_q16_rep2,1,4,1,sm_89,D0_FCOLLECT_SERIAL,NVSHMEM,C0_DEFAULT,2048,8192,2048,16,0,1048576,2,0,556.384,564.448,14937.888,14373.439,PASS,0
mh_d0_C0_DEFAULT_N8192_q16_rep2,1,4,1,sm_89,D0_FCOLLECT_SERIAL,NVSHMEM,C0_DEFAULT,2048,8192,2048,16,1,1048576,2,0,0.000,0.000,0.000,0.000,PASS,0
mh_d0_C0_DEFAULT_N8192_q16_rep2,1,4,1,sm_89,D0_FCOLLECT_SERIAL,NVSHMEM,C0_DEFAULT,2048,8192,2048,16,2,1048576,2,0,0.000,0.000,0.000,0.000,PASS,0
mh_d0_C0_DEFAULT_N8192_q16_rep2,1,4,1,sm_89,D0_FCOLLECT_SERIAL,NVSHMEM,C0_DEFAULT,2048,8192,2048,16,3,1048576,2,0,0.000,0.000,0.000,0.000,PASS,0
mh_d0_C0_DEFAULT_N8192_q16_rep2,1,4,1,sm_89,D0_FCOLLECT_SERIAL,NVSHMEM,C0_DEFAULT,2048,8192,2048,16,4,1048576,2,0,0.000,0.000,0.000,0.000,PASS,0
mh_d0_C0_DEFAULT_N8192_q16_rep2,1,4,1,sm_89,D0_FCOLLECT_SERIAL,NVSHMEM,C0_DEFAULT,2048,8192,2048,16,5,1048576,2,0,0.000,0.000,0.000,0.000,PASS,0
mh_d0_C0_DEFAULT_N8192_q16_rep2,1,4,1,sm_89,D0_FCOLLECT_SERIAL,NVSHMEM,C0_DEFAULT,2048,8192,2048,16,6,1048576,2,0,0.000,0.000,0.000,0.000,PASS,0
mh_d0_C0_DEFAULT_N8192_q16_rep2,1,4,1,sm_89,D0_FCOLLECT_SERIAL,NVSHMEM,C0_DEFAULT,2048,8192,2048,16,7,1048576,2,0,0.000,0.000,0.000,0.000,PASS,0
mh_d0_C0_DEFAULT_N8192_q16_rep2,1,4,1,sm_89,D0_FCOLLECT_SERIAL,NVSHMEM,C0_DEFAULT,2048,8192,2048,16,8,1048576,2,0,0.000,0.000,0.000,0.000,PASS,0
mh_d0_C0_DEFAULT_N8192_q16_rep2,1,4,1,sm_89,D0_FCOLLECT_SERIAL,NVSHMEM,C0_DEFAULT,2048,8192,2048,16,9,1048576,2,0,0.000,0.000,0.000,0.000,PASS,0
mh_d0_C0_DEFAULT_N8192_q16_rep2,1,4,1,sm_89,D0_FCOLLECT_SERIAL,NVSHMEM,C0_DEFAULT,2048,8192,2048,16,10,1048576,2,0,0.000,0.000,0.000,0.000,PASS,0
mh_d0_C0_DEFAULT_N8192_q16_rep2,1,4,1,sm_89,D0_FCOLLECT_SERIAL,NVSHMEM,C0_DEFAULT,2048,8192,2048,16,11,1048576,2,0,0.000,0.000,0.000,0.000,PASS,0
mh_d0_C0_DEFAULT_N8192_q16_rep2,1,4,1,sm_89,D0_FCOLLECT_SERIAL,NVSHMEM,C0_DEFAULT,2048,8192,2048,16,12,1048576,2,0,0.000,0.000,0.000,0.000,PASS,0
mh_d0_C0_DEFAULT_N8192_q16_rep2,1,4,1,sm_89,D0_FCOLLECT_SERIAL,NVSHMEM,C0_DEFAULT,2048,8192,2048,16,13,1048576,2,0,0.000,0.000,0.000,0.000,PASS,0
mh_d0_C0_DEFAULT_N8192_q16_rep2,1,4,1,sm_89,D0_FCOLLECT_SERIAL,NVSHMEM,C0_DEFAULT,2048,8192,2048,16,14,1048576,2,0,0.000,0.000,0.000,0.000,PASS,0
mh_d0_C0_DEFAULT_N8192_q16_rep2,1,4,1,sm_89,D0_FCOLLECT_SERIAL,NVSHMEM,C0_DEFAULT,2048,8192,2048,16,15,1048576,2,0,0.000,0.000,0.000,0.000,PASS,0
mh_d0_C0_DEFAULT_N8192_q16_rep2,1,4,1,sm_89,D0_FCOLLECT_SERIAL,NVSHMEM,C0_DEFAULT,2048,8192,2048,16,0,1048576,3,0,547.936,556.768,14932.607,14375.840,PASS,0
mh_d0_C0_DEFAULT_N8192_q16_rep2,1,4,1,sm_89,D0_FCOLLECT_SERIAL,NVSHMEM,C0_DEFAULT,2048,8192,2048,16,1,1048576,3,0,0.000,0.000,0.000,0.000,PASS,0
mh_d0_C0_DEFAULT_N8192_q16_rep2,1,4,1,sm_89,D0_FCOLLECT_SERIAL,NVSHMEM,C0_DEFAULT,2048,8192,2048,16,2,1048576,3,0,0.000,0.000,0.000,0.000,PASS,0
mh_d0_C0_DEFAULT_N8192_q16_rep2,1,4,1,sm_89,D0_FCOLLECT_SERIAL,NVSHMEM,C0_DEFAULT,2048,8192,2048,16,3,1048576,3,0,0.000,0.000,0.000,0.000,PASS,0
mh_d0_C0_DEFAULT_N8192_q16_rep2,1,4,1,sm_89,D0_FCOLLECT_SERIAL,NVSHMEM,C0_DEFAULT,2048,8192,2048,16,4,1048576,3,0,0.000,0.000,0.000,0.000,PASS,0
mh_d0_C0_DEFAULT_N8192_q16_rep2,1,4,1,sm_89,D0_FCOLLECT_SERIAL,NVSHMEM,C0_DEFAULT,2048,8192,2048,16,5,1048576,3,0,0.000,0.000,0.000,0.000,PASS,0
mh_d0_C0_DEFAULT_N8192_q16_rep2,1,4,1,sm_89,D0_FCOLLECT_SERIAL,NVSHMEM,C0_DEFAULT,2048,8192,2048,16,6,1048576,3,0,0.000,0.000,0.000,0.000,PASS,0
mh_d0_C0_DEFAULT_N8192_q16_rep2,1,4,1,sm_89,D0_FCOLLECT_SERIAL,NVSHMEM,C0_DEFAULT,2048,8192,2048,16,7,1048576,3,0,0.000,0.000,0.000,0.000,PASS,0
mh_d0_C0_DEFAULT_N8192_q16_rep2,1,4,1,sm_89,D0_FCOLLECT_SERIAL,NVSHMEM,C0_DEFAULT,2048,8192,2048,16,8,1048576,3,0,0.000,0.000,0.000,0.000,PASS,0
mh_d0_C0_DEFAULT_N8192_q16_rep2,1,4,1,sm_89,D0_FCOLLECT_SERIAL,NVSHMEM,C0_DEFAULT,2048,8192,2048,16,9,1048576,3,0,0.000,0.000,0.000,0.000,PASS,0
mh_d0_C0_DEFAULT_N8192_q16_rep2,1,4,1,sm_89,D0_FCOLLECT_SERIAL,NVSHMEM,C0_DEFAULT,2048,8192,2048,16,10,1048576,3,0,0.000,0.000,0.000,0.000,PASS,0
mh_d0_C0_DEFAULT_N8192_q16_rep2,1,4,1,sm_89,D0_FCOLLECT_SERIAL,NVSHMEM,C0_DEFAULT,2048,8192,2048,16,11,1048576,3,0,0.000,0.000,0.000,0.000,PASS,0
mh_d0_C0_DEFAULT_N8192_q16_rep2,1,4,1,sm_89,D0_FCOLLECT_SERIAL,NVSHMEM,C0_DEFAULT,2048,8192,2048,16,12,1048576,3,0,0.000,0.000,0.000,0.000,PASS,0
mh_d0_C0_DEFAULT_N8192_q16_rep2,1,4,1,sm_89,D0_FCOLLECT_SERIAL,NVSHMEM,C0_DEFAULT,2048,8192,2048,16,13,1048576,3,0,0.000,0.000,0.000,0.000,PASS,0
mh_d0_C0_DEFAULT_N8192_q16_rep2,1,4,1,sm_89,D0_FCOLLECT_SERIAL,NVSHMEM,C0_DEFAULT,2048,8192,2048,16,14,1048576,3,0,0.000,0.000,0.000,0.000,PASS,0
mh_d0_C0_DEFAULT_N8192_q16_rep2,1,4,1,sm_89,D0_FCOLLECT_SERIAL,NVSHMEM,C0_DEFAULT,2048,8192,2048,16,15,1048576,3,0,0.000,0.000,0.000,0.000,PASS,0
mh_d0_C0_DEFAULT_N8192_q16_rep2,1,4,1,sm_89,D0_FCOLLECT_SERIAL,NVSHMEM,C0_DEFAULT,2048,8192,2048,16,0,1048576,4,0,549.888,558.144,14932.353,14374.208,PASS,0
mh_d0_C0_DEFAULT_N8192_q16_rep2,1,4,1,sm_89,D0_FCOLLECT_SERIAL,NVSHMEM,C0_DEFAULT,2048,8192,2048,16,1,1048576,4,0,0.000,0.000,0.000,0.000,PASS,0
mh_d0_C0_DEFAULT_N8192_q16_rep2,1,4,1,sm_89,D0_FCOLLECT_SERIAL,NVSHMEM,C0_DEFAULT,2048,8192,2048,16,2,1048576,4,0,0.000,0.000,0.000,0.000,PASS,0
mh_d0_C0_DEFAULT_N8192_q16_rep2,1,4,1,sm_89,D0_FCOLLECT_SERIAL,NVSHMEM,C0_DEFAULT,2048,8192,2048,16,3,1048576,4,0,0.000,0.000,0.000,0.000,PASS,0
mh_d0_C0_DEFAULT_N8192_q16_rep2,1,4,1,sm_89,D0_FCOLLECT_SERIAL,NVSHMEM,C0_DEFAULT,2048,8192,2048,16,4,1048576,4,0,0.000,0.000,0.000,0.000,PASS,0
mh_d0_C0_DEFAULT_N8192_q16_rep2,1,4,1,sm_89,D0_FCOLLECT_SERIAL,NVSHMEM,C0_DEFAULT,2048,8192,2048,16,5,1048576,4,0,0.000,0.000,0.000,0.000,PASS,0
mh_d0_C0_DEFAULT_N8192_q16_rep2,1,4,1,sm_89,D0_FCOLLECT_SERIAL,NVSHMEM,C0_DEFAULT,2048,8192,2048,16,6,1048576,4,0,0.000,0.000,0.000,0.000,PASS,0
mh_d0_C0_DEFAULT_N8192_q16_rep2,1,4,1,sm_89,D0_FCOLLECT_SERIAL,NVSHMEM,C0_DEFAULT,2048,8192,2048,16,7,1048576,4,0,0.000,0.000,0.000,0.000,PASS,0
mh_d0_C0_DEFAULT_N8192_q16_rep2,1,4,1,sm_89,D0_FCOLLECT_SERIAL,NVSHMEM,C0_DEFAULT,2048,8192,2048,16,8,1048576,4,0,0.000,0.000,0.000,0.000,PASS,0
mh_d0_C0_DEFAULT_N8192_q16_rep2,1,4,1,sm_89,D0_FCOLLECT_SERIAL,NVSHMEM,C0_DEFAULT,2048,8192,2048,16,9,1048576,4,0,0.000,0.000,0.000,0.000,PASS,0
mh_d0_C0_DEFAULT_N8192_q16_rep2,1,4,1,sm_89,D0_FCOLLECT_SERIAL,NVSHMEM,C0_DEFAULT,2048,8192,2048,16,10,1048576,4,0,0.000,0.000,0.000,0.000,PASS,0
mh_d0_C0_DEFAULT_N8192_q16_rep2,1,4,1,sm_89,D0_FCOLLECT_SERIAL,NVSHMEM,C0_DEFAULT,2048,8192,2048,16,11,1048576,4,0,0.000,0.000,0.000,0.000,PASS,0
mh_d0_C0_DEFAULT_N8192_q16_rep2,1,4,1,sm_89,D0_FCOLLECT_SERIAL,NVSHMEM,C0_DEFAULT,2048,8192,2048,16,12,1048576,4,0,0.000,0.000,0.000,0.000,PASS,0
mh_d0_C0_DEFAULT_N8192_q16_rep2,1,4,1,sm_89,D0_FCOLLECT_SERIAL,NVSHMEM,C0_DEFAULT,2048,8192,2048,16,13,1048576,4,0,0.000,0.000,0.000,0.000,PASS,0
mh_d0_C0_DEFAULT_N8192_q16_rep2,1,4,1,sm_89,D0_FCOLLECT_SERIAL,NVSHMEM,C0_DEFAULT,2048,8192,2048,16,14,1048576,4,0,0.000,0.000,0.000,0.000,PASS,0
mh_d0_C0_DEFAULT_N8192_q16_rep2,1,4,1,sm_89,D0_FCOLLECT_SERIAL,NVSHMEM,C0_DEFAULT,2048,8192,2048,16,15,1048576,4,0,0.000,0.000,0.000,0.000,PASS,0
mh_d0_C0_DEFAULT_N8192_q16_rep2,1,4,1,sm_89,D0_FCOLLECT_SERIAL,NVSHMEM,C0_DEFAULT,2048,8192,2048,16,0,1048576,5,0,551.584,559.808,14932.000,14372.192,PASS,0
mh_d0_C0_DEFAULT_N8192_q16_rep2,1,4,1,sm_89,D0_FCOLLECT_SERIAL,NVSHMEM,C0_DEFAULT,2048,8192,2048,16,1,1048576,5,0,0.000,0.000,0.000,0.000,PASS,0
mh_d0_C0_DEFAULT_N8192_q16_rep2,1,4,1,sm_89,D0_FCOLLECT_SERIAL,NVSHMEM,C0_DEFAULT,2048,8192,2048,16,2,1048576,5,0,0.000,0.000,0.000,0.000,PASS,0
mh_d0_C0_DEFAULT_N8192_q16_rep2,1,4,1,sm_89,D0_FCOLLECT_SERIAL,NVSHMEM,C0_DEFAULT,2048,8192,2048,16,3,1048576,5,0,0.000,0.000,0.000,0.000,PASS,0
mh_d0_C0_DEFAULT_N8192_q16_rep2,1,4,1,sm_89,D0_FCOLLECT_SERIAL,NVSHMEM,C0_DEFAULT,2048,8192,2048,16,4,1048576,5,0,0.000,0.000,0.000,0.000,PASS,0
mh_d0_C0_DEFAULT_N8192_q16_rep2,1,4,1,sm_89,D0_FCOLLECT_SERIAL,NVSHMEM,C0_DEFAULT,2048,8192,2048,16,5,1048576,5,0,0.000,0.000,0.000,0.000,PASS,0
mh_d0_C0_DEFAULT_N8192_q16_rep2,1,4,1,sm_89,D0_FCOLLECT_SERIAL,NVSHMEM,C0_DEFAULT,2048,8192,2048,16,6,1048576,5,0,0.000,0.000,0.000,0.000,PASS,0
mh_d0_C0_DEFAULT_N8192_q16_rep2,1,4,1,sm_89,D0_FCOLLECT_SERIAL,NVSHMEM,C0_DEFAULT,2048,8192,2048,16,7,1048576,5,0,0.000,0.000,0.000,0.000,PASS,0
mh_d0_C0_DEFAULT_N8192_q16_rep2,1,4,1,sm_89,D0_FCOLLECT_SERIAL,NVSHMEM,C0_DEFAULT,2048,8192,2048,16,8,1048576,5,0,0.000,0.000,0.000,0.000,PASS,0
mh_d0_C0_DEFAULT_N8192_q16_rep2,1,4,1,sm_89,D0_FCOLLECT_SERIAL,NVSHMEM,C0_DEFAULT,2048,8192,2048,16,9,1048576,5,0,0.000,0.000,0.000,0.000,PASS,0
mh_d0_C0_DEFAULT_N8192_q16_rep2,1,4,1,sm_89,D0_FCOLLECT_SERIAL,NVSHMEM,C0_DEFAULT,2048,8192,2048,16,10,1048576,5,0,0.000,0.000,0.000,0.000,PASS,0
mh_d0_C0_DEFAULT_N8192_q16_rep2,1,4,1,sm_89,D0_FCOLLECT_SERIAL,NVSHMEM,C0_DEFAULT,2048,8192,2048,16,11,1048576,5,0,0.000,0.000,0.000,0.000,PASS,0
mh_d0_C0_DEFAULT_N8192_q16_rep2,1,4,1,sm_89,D0_FCOLLECT_SERIAL,NVSHMEM,C0_DEFAULT,2048,8192,2048,16,12,1048576,5,0,0.000,0.000,0.000,0.000,PASS,0
mh_d0_C0_DEFAULT_N8192_q16_rep2,1,4,1,sm_89,D0_FCOLLECT_SERIAL,NVSHMEM,C0_DEFAULT,2048,8192,2048,16,13,1048576,5,0,0.000,0.000,0.000,0.000,PASS,0
mh_d0_C0_DEFAULT_N8192_q16_rep2,1,4,1,sm_89,D0_FCOLLECT_SERIAL,NVSHMEM,C0_DEFAULT,2048,8192,2048,16,14,1048576,5,0,0.000,0.000,0.000,0.000,PASS,0
mh_d0_C0_DEFAULT_N8192_q16_rep2,1,4,1,sm_89,D0_FCOLLECT_SERIAL,NVSHMEM,C0_DEFAULT,2048,8192,2048,16,15,1048576,5,0,0.000,0.000,0.000,0.000,PASS,0
mh_d0_C0_DEFAULT_N8192_q16_rep2,1,4,1,sm_89,D0_FCOLLECT_SERIAL,NVSHMEM,C0_DEFAULT,2048,8192,2048,16,0,1048576,6,0,554.720,563.168,14935.615,14372.448,PASS,0
mh_d0_C0_DEFAULT_N8192_q16_rep2,1,4,1,sm_89,D0_FCOLLECT_SERIAL,NVSHMEM,C0_DEFAULT,2048,8192,2048,16,1,1048576,6,0,0.000,0.000,0.000,0.000,PASS,0
mh_d0_C0_DEFAULT_N8192_q16_rep2,1,4,1,sm_89,D0_FCOLLECT_SERIAL,NVSHMEM,C0_DEFAULT,2048,8192,2048,16,2,1048576,6,0,0.000,0.000,0.000,0.000,PASS,0
mh_d0_C0_DEFAULT_N8192_q16_rep2,1,4,1,sm_89,D0_FCOLLECT_SERIAL,NVSHMEM,C0_DEFAULT,2048,8192,2048,16,3,1048576,6,0,0.000,0.000,0.000,0.000,PASS,0
mh_d0_C0_DEFAULT_N8192_q16_rep2,1,4,1,sm_89,D0_FCOLLECT_SERIAL,NVSHMEM,C0_DEFAULT,2048,8192,2048,16,4,1048576,6,0,0.000,0.000,0.000,0.000,PASS,0
mh_d0_C0_DEFAULT_N8192_q16_rep2,1,4,1,sm_89,D0_FCOLLECT_SERIAL,NVSHMEM,C0_DEFAULT,2048,8192,2048,16,5,1048576,6,0,0.000,0.000,0.000,0.000,PASS,0
mh_d0_C0_DEFAULT_N8192_q16_rep2,1,4,1,sm_89,D0_FCOLLECT_SERIAL,NVSHMEM,C0_DEFAULT,2048,8192,2048,16,6,1048576,6,0,0.000,0.000,0.000,0.000,PASS,0
mh_d0_C0_DEFAULT_N8192_q16_rep2,1,4,1,sm_89,D0_FCOLLECT_SERIAL,NVSHMEM,C0_DEFAULT,2048,8192,2048,16,7,1048576,6,0,0.000,0.000,0.000,0.000,PASS,0
mh_d0_C0_DEFAULT_N8192_q16_rep2,1,4,1,sm_89,D0_FCOLLECT_SERIAL,NVSHMEM,C0_DEFAULT,2048,8192,2048,16,8,1048576,6,0,0.000,0.000,0.000,0.000,PASS,0
mh_d0_C0_DEFAULT_N8192_q16_rep2,1,4,1,sm_89,D0_FCOLLECT_SERIAL,NVSHMEM,C0_DEFAULT,2048,8192,2048,16,9,1048576,6,0,0.000,0.000,0.000,0.000,PASS,0
mh_d0_C0_DEFAULT_N8192_q16_rep2,1,4,1,sm_89,D0_FCOLLECT_SERIAL,NVSHMEM,C0_DEFAULT,2048,8192,2048,16,10,1048576,6,0,0.000,0.000,0.000,0.000,PASS,0
mh_d0_C0_DEFAULT_N8192_q16_rep2,1,4,1,sm_89,D0_FCOLLECT_SERIAL,NVSHMEM,C0_DEFAULT,2048,8192,2048,16,11,1048576,6,0,0.000,0.000,0.000,0.000,PASS,0
mh_d0_C0_DEFAULT_N8192_q16_rep2,1,4,1,sm_89,D0_FCOLLECT_SERIAL,NVSHMEM,C0_DEFAULT,2048,8192,2048,16,12,1048576,6,0,0.000,0.000,0.000,0.000,PASS,0
mh_d0_C0_DEFAULT_N8192_q16_rep2,1,4,1,sm_89,D0_FCOLLECT_SERIAL,NVSHMEM,C0_DEFAULT,2048,8192,2048,16,13,1048576,6,0,0.000,0.000,0.000,0.000,PASS,0
mh_d0_C0_DEFAULT_N8192_q16_rep2,1,4,1,sm_89,D0_FCOLLECT_SERIAL,NVSHMEM,C0_DEFAULT,2048,8192,2048,16,14,1048576,6,0,0.000,0.000,0.000,0.000,PASS,0
mh_d0_C0_DEFAULT_N8192_q16_rep2,1,4,1,sm_89,D0_FCOLLECT_SERIAL,NVSHMEM,C0_DEFAULT,2048,8192,2048,16,15,1048576,6,0,0.000,0.000,0.000,0.000,PASS,0
mh_d0_C0_DEFAULT_N8192_q16_rep2,1,4,1,sm_89,D0_FCOLLECT_SERIAL,NVSHMEM,C0_DEFAULT,2048,8192,2048,16,0,1048576,7,0,556.160,564.416,14938.304,14373.888,PASS,0
mh_d0_C0_DEFAULT_N8192_q16_rep2,1,4,1,sm_89,D0_FCOLLECT_SERIAL,NVSHMEM,C0_DEFAULT,2048,8192,2048,16,1,1048576,7,0,0.000,0.000,0.000,0.000,PASS,0
mh_d0_C0_DEFAULT_N8192_q16_rep2,1,4,1,sm_89,D0_FCOLLECT_SERIAL,NVSHMEM,C0_DEFAULT,2048,8192,2048,16,2,1048576,7,0,0.000,0.000,0.000,0.000,PASS,0
mh_d0_C0_DEFAULT_N8192_q16_rep2,1,4,1,sm_89,D0_FCOLLECT_SERIAL,NVSHMEM,C0_DEFAULT,2048,8192,2048,16,3,1048576,7,0,0.000,0.000,0.000,0.000,PASS,0
mh_d0_C0_DEFAULT_N8192_q16_rep2,1,4,1,sm_89,D0_FCOLLECT_SERIAL,NVSHMEM,C0_DEFAULT,2048,8192,2048,16,4,1048576,7,0,0.000,0.000,0.000,0.000,PASS,0
mh_d0_C0_DEFAULT_N8192_q16_rep2,1,4,1,sm_89,D0_FCOLLECT_SERIAL,NVSHMEM,C0_DEFAULT,2048,8192,2048,16,5,1048576,7,0,0.000,0.000,0.000,0.000,PASS,0
mh_d0_C0_DEFAULT_N8192_q16_rep2,1,4,1,sm_89,D0_FCOLLECT_SERIAL,NVSHMEM,C0_DEFAULT,2048,8192,2048,16,6,1048576,7,0,0.000,0.000,0.000,0.000,PASS,0
mh_d0_C0_DEFAULT_N8192_q16_rep2,1,4,1,sm_89,D0_FCOLLECT_SERIAL,NVSHMEM,C0_DEFAULT,2048,8192,2048,16,7,1048576,7,0,0.000,0.000,0.000,0.000,PASS,0
mh_d0_C0_DEFAULT_N8192_q16_rep2,1,4,1,sm_89,D0_FCOLLECT_SERIAL,NVSHMEM,C0_DEFAULT,2048,8192,2048,16,8,1048576,7,0,0.000,0.000,0.000,0.000,PASS,0
mh_d0_C0_DEFAULT_N8192_q16_rep2,1,4,1,sm_89,D0_FCOLLECT_SERIAL,NVSHMEM,C0_DEFAULT,2048,8192,2048,16,9,1048576,7,0,0.000,0.000,0.000,0.000,PASS,0
mh_d0_C0_DEFAULT_N8192_q16_rep2,1,4,1,sm_89,D0_FCOLLECT_SERIAL,NVSHMEM,C0_DEFAULT,2048,8192,2048,16,10,1048576,7,0,0.000,0.000,0.000,0.000,PASS,0
mh_d0_C0_DEFAULT_N8192_q16_rep2,1,4,1,sm_89,D0_FCOLLECT_SERIAL,NVSHMEM,C0_DEFAULT,2048,8192,2048,16,11,1048576,7,0,0.000,0.000,0.000,0.000,PASS,0
mh_d0_C0_DEFAULT_N8192_q16_rep2,1,4,1,sm_89,D0_FCOLLECT_SERIAL,NVSHMEM,C0_DEFAULT,2048,8192,2048,16,12,1048576,7,0,0.000,0.000,0.000,0.000,PASS,0
mh_d0_C0_DEFAULT_N8192_q16_rep2,1,4,1,sm_89,D0_FCOLLECT_SERIAL,NVSHMEM,C0_DEFAULT,2048,8192,2048,16,13,1048576,7,0,0.000,0.000,0.000,0.000,PASS,0
mh_d0_C0_DEFAULT_N8192_q16_rep2,1,4,1,sm_89,D0_FCOLLECT_SERIAL,NVSHMEM,C0_DEFAULT,2048,8192,2048,16,14,1048576,7,0,0.000,0.000,0.000,0.000,PASS,0
mh_d0_C0_DEFAULT_N8192_q16_rep2,1,4,1,sm_89,D0_FCOLLECT_SERIAL,NVSHMEM,C0_DEFAULT,2048,8192,2048,16,15,1048576,7,0,0.000,0.000,0.000,0.000,PASS,0
mh_d0_C0_DEFAULT_N8192_q16_rep2,1,4,1,sm_89,D0_FCOLLECT_SERIAL,NVSHMEM,C0_DEFAULT,2048,8192,2048,16,0,1048576,8,0,556.512,564.768,14937.056,14372.288,PASS,0
mh_d0_C0_DEFAULT_N8192_q16_rep2,1,4,1,sm_89,D0_FCOLLECT_SERIAL,NVSHMEM,C0_DEFAULT,2048,8192,2048,16,1,1048576,8,0,0.000,0.000,0.000,0.000,PASS,0
mh_d0_C0_DEFAULT_N8192_q16_rep2,1,4,1,sm_89,D0_FCOLLECT_SERIAL,NVSHMEM,C0_DEFAULT,2048,8192,2048,16,2,1048576,8,0,0.000,0.000,0.000,0.000,PASS,0
mh_d0_C0_DEFAULT_N8192_q16_rep2,1,4,1,sm_89,D0_FCOLLECT_SERIAL,NVSHMEM,C0_DEFAULT,2048,8192,2048,16,3,1048576,8,0,0.000,0.000,0.000,0.000,PASS,0
mh_d0_C0_DEFAULT_N8192_q16_rep2,1,4,1,sm_89,D0_FCOLLECT_SERIAL,NVSHMEM,C0_DEFAULT,2048,8192,2048,16,4,1048576,8,0,0.000,0.000,0.000,0.000,PASS,0
mh_d0_C0_DEFAULT_N8192_q16_rep2,1,4,1,sm_89,D0_FCOLLECT_SERIAL,NVSHMEM,C0_DEFAULT,2048,8192,2048,16,5,1048576,8,0,0.000,0.000,0.000,0.000,PASS,0
mh_d0_C0_DEFAULT_N8192_q16_rep2,1,4,1,sm_89,D0_FCOLLECT_SERIAL,NVSHMEM,C0_DEFAULT,2048,8192,2048,16,6,1048576,8,0,0.000,0.000,0.000,0.000,PASS,0
mh_d0_C0_DEFAULT_N8192_q16_rep2,1,4,1,sm_89,D0_FCOLLECT_SERIAL,NVSHMEM,C0_DEFAULT,2048,8192,2048,16,7,1048576,8,0,0.000,0.000,0.000,0.000,PASS,0
mh_d0_C0_DEFAULT_N8192_q16_rep2,1,4,1,sm_89,D0_FCOLLECT_SERIAL,NVSHMEM,C0_DEFAULT,2048,8192,2048,16,8,1048576,8,0,0.000,0.000,0.000,0.000,PASS,0
mh_d0_C0_DEFAULT_N8192_q16_rep2,1,4,1,sm_89,D0_FCOLLECT_SERIAL,NVSHMEM,C0_DEFAULT,2048,8192,2048,16,9,1048576,8,0,0.000,0.000,0.000,0.000,PASS,0
mh_d0_C0_DEFAULT_N8192_q16_rep2,1,4,1,sm_89,D0_FCOLLECT_SERIAL,NVSHMEM,C0_DEFAULT,2048,8192,2048,16,10,1048576,8,0,0.000,0.000,0.000,0.000,PASS,0
mh_d0_C0_DEFAULT_N8192_q16_rep2,1,4,1,sm_89,D0_FCOLLECT_SERIAL,NVSHMEM,C0_DEFAULT,2048,8192,2048,16,11,1048576,8,0,0.000,0.000,0.000,0.000,PASS,0
mh_d0_C0_DEFAULT_N8192_q16_rep2,1,4,1,sm_89,D0_FCOLLECT_SERIAL,NVSHMEM,C0_DEFAULT,2048,8192,2048,16,12,1048576,8,0,0.000,0.000,0.000,0.000,PASS,0
mh_d0_C0_DEFAULT_N8192_q16_rep2,1,4,1,sm_89,D0_FCOLLECT_SERIAL,NVSHMEM,C0_DEFAULT,2048,8192,2048,16,13,1048576,8,0,0.000,0.000,0.000,0.000,PASS,0
mh_d0_C0_DEFAULT_N8192_q16_rep2,1,4,1,sm_89,D0_FCOLLECT_SERIAL,NVSHMEM,C0_DEFAULT,2048,8192,2048,16,14,1048576,8,0,0.000,0.000,0.000,0.000,PASS,0
mh_d0_C0_DEFAULT_N8192_q16_rep2,1,4,1,sm_89,D0_FCOLLECT_SERIAL,NVSHMEM,C0_DEFAULT,2048,8192,2048,16,15,1048576,8,0,0.000,0.000,0.000,0.000,PASS,0
mh_d0_C0_DEFAULT_N8192_q16_rep2,1,4,1,sm_89,D0_FCOLLECT_SERIAL,NVSHMEM,C0_DEFAULT,2048,8192,2048,16,0,1048576,9,0,556.096,564.224,14936.288,14372.063,PASS,0
mh_d0_C0_DEFAULT_N8192_q16_rep2,1,4,1,sm_89,D0_FCOLLECT_SERIAL,NVSHMEM,C0_DEFAULT,2048,8192,2048,16,1,1048576,9,0,0.000,0.000,0.000,0.000,PASS,0
mh_d0_C0_DEFAULT_N8192_q16_rep2,1,4,1,sm_89,D0_FCOLLECT_SERIAL,NVSHMEM,C0_DEFAULT,2048,8192,2048,16,2,1048576,9,0,0.000,0.000,0.000,0.000,PASS,0
mh_d0_C0_DEFAULT_N8192_q16_rep2,1,4,1,sm_89,D0_FCOLLECT_SERIAL,NVSHMEM,C0_DEFAULT,2048,8192,2048,16,3,1048576,9,0,0.000,0.000,0.000,0.000,PASS,0
mh_d0_C0_DEFAULT_N8192_q16_rep2,1,4,1,sm_89,D0_FCOLLECT_SERIAL,NVSHMEM,C0_DEFAULT,2048,8192,2048,16,4,1048576,9,0,0.000,0.000,0.000,0.000,PASS,0
mh_d0_C0_DEFAULT_N8192_q16_rep2,1,4,1,sm_89,D0_FCOLLECT_SERIAL,NVSHMEM,C0_DEFAULT,2048,8192,2048,16,5,1048576,9,0,0.000,0.000,0.000,0.000,PASS,0
mh_d0_C0_DEFAULT_N8192_q16_rep2,1,4,1,sm_89,D0_FCOLLECT_SERIAL,NVSHMEM,C0_DEFAULT,2048,8192,2048,16,6,1048576,9,0,0.000,0.000,0.000,0.000,PASS,0
mh_d0_C0_DEFAULT_N8192_q16_rep2,1,4,1,sm_89,D0_FCOLLECT_SERIAL,NVSHMEM,C0_DEFAULT,2048,8192,2048,16,7,1048576,9,0,0.000,0.000,0.000,0.000,PASS,0
mh_d0_C0_DEFAULT_N8192_q16_rep2,1,4,1,sm_89,D0_FCOLLECT_SERIAL,NVSHMEM,C0_DEFAULT,2048,8192,2048,16,8,1048576,9,0,0.000,0.000,0.000,0.000,PASS,0
mh_d0_C0_DEFAULT_N8192_q16_rep2,1,4,1,sm_89,D0_FCOLLECT_SERIAL,NVSHMEM,C0_DEFAULT,2048,8192,2048,16,9,1048576,9,0,0.000,0.000,0.000,0.000,PASS,0
mh_d0_C0_DEFAULT_N8192_q16_rep2,1,4,1,sm_89,D0_FCOLLECT_SERIAL,NVSHMEM,C0_DEFAULT,2048,8192,2048,16,10,1048576,9,0,0.000,0.000,0.000,0.000,PASS,0
mh_d0_C0_DEFAULT_N8192_q16_rep2,1,4,1,sm_89,D0_FCOLLECT_SERIAL,NVSHMEM,C0_DEFAULT,2048,8192,2048,16,11,1048576,9,0,0.000,0.000,0.000,0.000,PASS,0
mh_d0_C0_DEFAULT_N8192_q16_rep2,1,4,1,sm_89,D0_FCOLLECT_SERIAL,NVSHMEM,C0_DEFAULT,2048,8192,2048,16,12,1048576,9,0,0.000,0.000,0.000,0.000,PASS,0
mh_d0_C0_DEFAULT_N8192_q16_rep2,1,4,1,sm_89,D0_FCOLLECT_SERIAL,NVSHMEM,C0_DEFAULT,2048,8192,2048,16,13,1048576,9,0,0.000,0.000,0.000,0.000,PASS,0
mh_d0_C0_DEFAULT_N8192_q16_rep2,1,4,1,sm_89,D0_FCOLLECT_SERIAL,NVSHMEM,C0_DEFAULT,2048,8192,2048,16,14,1048576,9,0,0.000,0.000,0.000,0.000,PASS,0
mh_d0_C0_DEFAULT_N8192_q16_rep2,1,4,1,sm_89,D0_FCOLLECT_SERIAL,NVSHMEM,C0_DEFAULT,2048,8192,2048,16,15,1048576,9,0,0.000,0.000,0.000,0.000,PASS,0
mh_d0_C0_DEFAULT_N8192_q16_rep2,1,4,1,sm_89,D0_FCOLLECT_SERIAL,NVSHMEM,C0_DEFAULT,2048,8192,2048,16,0,1048576,10,0,549.536,557.728,14930.656,14372.928,PASS,0
mh_d0_C0_DEFAULT_N8192_q16_rep2,1,4,1,sm_89,D0_FCOLLECT_SERIAL,NVSHMEM,C0_DEFAULT,2048,8192,2048,16,1,1048576,10,0,0.000,0.000,0.000,0.000,PASS,0
mh_d0_C0_DEFAULT_N8192_q16_rep2,1,4,1,sm_89,D0_FCOLLECT_SERIAL,NVSHMEM,C0_DEFAULT,2048,8192,2048,16,2,1048576,10,0,0.000,0.000,0.000,0.000,PASS,0
mh_d0_C0_DEFAULT_N8192_q16_rep2,1,4,1,sm_89,D0_FCOLLECT_SERIAL,NVSHMEM,C0_DEFAULT,2048,8192,2048,16,3,1048576,10,0,0.000,0.000,0.000,0.000,PASS,0
mh_d0_C0_DEFAULT_N8192_q16_rep2,1,4,1,sm_89,D0_FCOLLECT_SERIAL,NVSHMEM,C0_DEFAULT,2048,8192,2048,16,4,1048576,10,0,0.000,0.000,0.000,0.000,PASS,0
mh_d0_C0_DEFAULT_N8192_q16_rep2,1,4,1,sm_89,D0_FCOLLECT_SERIAL,NVSHMEM,C0_DEFAULT,2048,8192,2048,16,5,1048576,10,0,0.000,0.000,0.000,0.000,PASS,0
mh_d0_C0_DEFAULT_N8192_q16_rep2,1,4,1,sm_89,D0_FCOLLECT_SERIAL,NVSHMEM,C0_DEFAULT,2048,8192,2048,16,6,1048576,10,0,0.000,0.000,0.000,0.000,PASS,0
mh_d0_C0_DEFAULT_N8192_q16_rep2,1,4,1,sm_89,D0_FCOLLECT_SERIAL,NVSHMEM,C0_DEFAULT,2048,8192,2048,16,7,1048576,10,0,0.000,0.000,0.000,0.000,PASS,0
mh_d0_C0_DEFAULT_N8192_q16_rep2,1,4,1,sm_89,D0_FCOLLECT_SERIAL,NVSHMEM,C0_DEFAULT,2048,8192,2048,16,8,1048576,10,0,0.000,0.000,0.000,0.000,PASS,0
mh_d0_C0_DEFAULT_N8192_q16_rep2,1,4,1,sm_89,D0_FCOLLECT_SERIAL,NVSHMEM,C0_DEFAULT,2048,8192,2048,16,9,1048576,10,0,0.000,0.000,0.000,0.000,PASS,0
mh_d0_C0_DEFAULT_N8192_q16_rep2,1,4,1,sm_89,D0_FCOLLECT_SERIAL,NVSHMEM,C0_DEFAULT,2048,8192,2048,16,10,1048576,10,0,0.000,0.000,0.000,0.000,PASS,0
mh_d0_C0_DEFAULT_N8192_q16_rep2,1,4,1,sm_89,D0_FCOLLECT_SERIAL,NVSHMEM,C0_DEFAULT,2048,8192,2048,16,11,1048576,10,0,0.000,0.000,0.000,0.000,PASS,0
mh_d0_C0_DEFAULT_N8192_q16_rep2,1,4,1,sm_89,D0_FCOLLECT_SERIAL,NVSHMEM,C0_DEFAULT,2048,8192,2048,16,12,1048576,10,0,0.000,0.000,0.000,0.000,PASS,0
mh_d0_C0_DEFAULT_N8192_q16_rep2,1,4,1,sm_89,D0_FCOLLECT_SERIAL,NVSHMEM,C0_DEFAULT,2048,8192,2048,16,13,1048576,10,0,0.000,0.000,0.000,0.000,PASS,0
mh_d0_C0_DEFAULT_N8192_q16_rep2,1,4,1,sm_89,D0_FCOLLECT_SERIAL,NVSHMEM,C0_DEFAULT,2048,8192,2048,16,14,1048576,10,0,0.000,0.000,0.000,0.000,PASS,0
mh_d0_C0_DEFAULT_N8192_q16_rep2,1,4,1,sm_89,D0_FCOLLECT_SERIAL,NVSHMEM,C0_DEFAULT,2048,8192,2048,16,15,1048576,10,0,0.000,0.000,0.000,0.000,PASS,0
mh_d0_C0_DEFAULT_N8192_q16_rep2,1,4,1,sm_89,D0_FCOLLECT_SERIAL,NVSHMEM,C0_DEFAULT,2048,8192,2048,16,0,1048576,11,0,553.216,561.408,14936.224,14374.816,PASS,0
mh_d0_C0_DEFAULT_N8192_q16_rep2,1,4,1,sm_89,D0_FCOLLECT_SERIAL,NVSHMEM,C0_DEFAULT,2048,8192,2048,16,1,1048576,11,0,0.000,0.000,0.000,0.000,PASS,0
mh_d0_C0_DEFAULT_N8192_q16_rep2,1,4,1,sm_89,D0_FCOLLECT_SERIAL,NVSHMEM,C0_DEFAULT,2048,8192,2048,16,2,1048576,11,0,0.000,0.000,0.000,0.000,PASS,0
mh_d0_C0_DEFAULT_N8192_q16_rep2,1,4,1,sm_89,D0_FCOLLECT_SERIAL,NVSHMEM,C0_DEFAULT,2048,8192,2048,16,3,1048576,11,0,0.000,0.000,0.000,0.000,PASS,0
mh_d0_C0_DEFAULT_N8192_q16_rep2,1,4,1,sm_89,D0_FCOLLECT_SERIAL,NVSHMEM,C0_DEFAULT,2048,8192,2048,16,4,1048576,11,0,0.000,0.000,0.000,0.000,PASS,0
mh_d0_C0_DEFAULT_N8192_q16_rep2,1,4,1,sm_89,D0_FCOLLECT_SERIAL,NVSHMEM,C0_DEFAULT,2048,8192,2048,16,5,1048576,11,0,0.000,0.000,0.000,0.000,PASS,0
mh_d0_C0_DEFAULT_N8192_q16_rep2,1,4,1,sm_89,D0_FCOLLECT_SERIAL,NVSHMEM,C0_DEFAULT,2048,8192,2048,16,6,1048576,11,0,0.000,0.000,0.000,0.000,PASS,0
mh_d0_C0_DEFAULT_N8192_q16_rep2,1,4,1,sm_89,D0_FCOLLECT_SERIAL,NVSHMEM,C0_DEFAULT,2048,8192,2048,16,7,1048576,11,0,0.000,0.000,0.000,0.000,PASS,0
mh_d0_C0_DEFAULT_N8192_q16_rep2,1,4,1,sm_89,D0_FCOLLECT_SERIAL,NVSHMEM,C0_DEFAULT,2048,8192,2048,16,8,1048576,11,0,0.000,0.000,0.000,0.000,PASS,0
mh_d0_C0_DEFAULT_N8192_q16_rep2,1,4,1,sm_89,D0_FCOLLECT_SERIAL,NVSHMEM,C0_DEFAULT,2048,8192,2048,16,9,1048576,11,0,0.000,0.000,0.000,0.000,PASS,0
mh_d0_C0_DEFAULT_N8192_q16_rep2,1,4,1,sm_89,D0_FCOLLECT_SERIAL,NVSHMEM,C0_DEFAULT,2048,8192,2048,16,10,1048576,11,0,0.000,0.000,0.000,0.000,PASS,0
mh_d0_C0_DEFAULT_N8192_q16_rep2,1,4,1,sm_89,D0_FCOLLECT_SERIAL,NVSHMEM,C0_DEFAULT,2048,8192,2048,16,11,1048576,11,0,0.000,0.000,0.000,0.000,PASS,0
mh_d0_C0_DEFAULT_N8192_q16_rep2,1,4,1,sm_89,D0_FCOLLECT_SERIAL,NVSHMEM,C0_DEFAULT,2048,8192,2048,16,12,1048576,11,0,0.000,0.000,0.000,0.000,PASS,0
mh_d0_C0_DEFAULT_N8192_q16_rep2,1,4,1,sm_89,D0_FCOLLECT_SERIAL,NVSHMEM,C0_DEFAULT,2048,8192,2048,16,13,1048576,11,0,0.000,0.000,0.000,0.000,PASS,0
mh_d0_C0_DEFAULT_N8192_q16_rep2,1,4,1,sm_89,D0_FCOLLECT_SERIAL,NVSHMEM,C0_DEFAULT,2048,8192,2048,16,14,1048576,11,0,0.000,0.000,0.000,0.000,PASS,0
mh_d0_C0_DEFAULT_N8192_q16_rep2,1,4,1,sm_89,D0_FCOLLECT_SERIAL,NVSHMEM,C0_DEFAULT,2048,8192,2048,16,15,1048576,11,0,0.000,0.000,0.000,0.000,PASS,0
mh_d0_C0_DEFAULT_N8192_q16_rep2,1,4,1,sm_89,D0_FCOLLECT_SERIAL,NVSHMEM,C0_DEFAULT,2048,8192,2048,16,0,1048576,12,0,550.304,558.624,14930.304,14371.681,PASS,0
mh_d0_C0_DEFAULT_N8192_q16_rep2,1,4,1,sm_89,D0_FCOLLECT_SERIAL,NVSHMEM,C0_DEFAULT,2048,8192,2048,16,1,1048576,12,0,0.000,0.000,0.000,0.000,PASS,0
mh_d0_C0_DEFAULT_N8192_q16_rep2,1,4,1,sm_89,D0_FCOLLECT_SERIAL,NVSHMEM,C0_DEFAULT,2048,8192,2048,16,2,1048576,12,0,0.000,0.000,0.000,0.000,PASS,0
mh_d0_C0_DEFAULT_N8192_q16_rep2,1,4,1,sm_89,D0_FCOLLECT_SERIAL,NVSHMEM,C0_DEFAULT,2048,8192,2048,16,3,1048576,12,0,0.000,0.000,0.000,0.000,PASS,0
mh_d0_C0_DEFAULT_N8192_q16_rep2,1,4,1,sm_89,D0_FCOLLECT_SERIAL,NVSHMEM,C0_DEFAULT,2048,8192,2048,16,4,1048576,12,0,0.000,0.000,0.000,0.000,PASS,0
mh_d0_C0_DEFAULT_N8192_q16_rep2,1,4,1,sm_89,D0_FCOLLECT_SERIAL,NVSHMEM,C0_DEFAULT,2048,8192,2048,16,5,1048576,12,0,0.000,0.000,0.000,0.000,PASS,0
mh_d0_C0_DEFAULT_N8192_q16_rep2,1,4,1,sm_89,D0_FCOLLECT_SERIAL,NVSHMEM,C0_DEFAULT,2048,8192,2048,16,6,1048576,12,0,0.000,0.000,0.000,0.000,PASS,0
mh_d0_C0_DEFAULT_N8192_q16_rep2,1,4,1,sm_89,D0_FCOLLECT_SERIAL,NVSHMEM,C0_DEFAULT,2048,8192,2048,16,7,1048576,12,0,0.000,0.000,0.000,0.000,PASS,0
mh_d0_C0_DEFAULT_N8192_q16_rep2,1,4,1,sm_89,D0_FCOLLECT_SERIAL,NVSHMEM,C0_DEFAULT,2048,8192,2048,16,8,1048576,12,0,0.000,0.000,0.000,0.000,PASS,0
mh_d0_C0_DEFAULT_N8192_q16_rep2,1,4,1,sm_89,D0_FCOLLECT_SERIAL,NVSHMEM,C0_DEFAULT,2048,8192,2048,16,9,1048576,12,0,0.000,0.000,0.000,0.000,PASS,0
mh_d0_C0_DEFAULT_N8192_q16_rep2,1,4,1,sm_89,D0_FCOLLECT_SERIAL,NVSHMEM,C0_DEFAULT,2048,8192,2048,16,10,1048576,12,0,0.000,0.000,0.000,0.000,PASS,0
mh_d0_C0_DEFAULT_N8192_q16_rep2,1,4,1,sm_89,D0_FCOLLECT_SERIAL,NVSHMEM,C0_DEFAULT,2048,8192,2048,16,11,1048576,12,0,0.000,0.000,0.000,0.000,PASS,0
mh_d0_C0_DEFAULT_N8192_q16_rep2,1,4,1,sm_89,D0_FCOLLECT_SERIAL,NVSHMEM,C0_DEFAULT,2048,8192,2048,16,12,1048576,12,0,0.000,0.000,0.000,0.000,PASS,0
mh_d0_C0_DEFAULT_N8192_q16_rep2,1,4,1,sm_89,D0_FCOLLECT_SERIAL,NVSHMEM,C0_DEFAULT,2048,8192,2048,16,13,1048576,12,0,0.000,0.000,0.000,0.000,PASS,0
mh_d0_C0_DEFAULT_N8192_q16_rep2,1,4,1,sm_89,D0_FCOLLECT_SERIAL,NVSHMEM,C0_DEFAULT,2048,8192,2048,16,14,1048576,12,0,0.000,0.000,0.000,0.000,PASS,0
mh_d0_C0_DEFAULT_N8192_q16_rep2,1,4,1,sm_89,D0_FCOLLECT_SERIAL,NVSHMEM,C0_DEFAULT,2048,8192,2048,16,15,1048576,12,0,0.000,0.000,0.000,0.000,PASS,0
mh_d0_C0_DEFAULT_N8192_q16_rep2,1,4,1,sm_89,D0_FCOLLECT_SERIAL,NVSHMEM,C0_DEFAULT,2048,8192,2048,16,0,1048576,13,0,554.176,562.592,14934.592,14372.000,PASS,0
mh_d0_C0_DEFAULT_N8192_q16_rep2,1,4,1,sm_89,D0_FCOLLECT_SERIAL,NVSHMEM,C0_DEFAULT,2048,8192,2048,16,1,1048576,13,0,0.000,0.000,0.000,0.000,PASS,0
mh_d0_C0_DEFAULT_N8192_q16_rep2,1,4,1,sm_89,D0_FCOLLECT_SERIAL,NVSHMEM,C0_DEFAULT,2048,8192,2048,16,2,1048576,13,0,0.000,0.000,0.000,0.000,PASS,0
mh_d0_C0_DEFAULT_N8192_q16_rep2,1,4,1,sm_89,D0_FCOLLECT_SERIAL,NVSHMEM,C0_DEFAULT,2048,8192,2048,16,3,1048576,13,0,0.000,0.000,0.000,0.000,PASS,0
mh_d0_C0_DEFAULT_N8192_q16_rep2,1,4,1,sm_89,D0_FCOLLECT_SERIAL,NVSHMEM,C0_DEFAULT,2048,8192,2048,16,4,1048576,13,0,0.000,0.000,0.000,0.000,PASS,0
mh_d0_C0_DEFAULT_N8192_q16_rep2,1,4,1,sm_89,D0_FCOLLECT_SERIAL,NVSHMEM,C0_DEFAULT,2048,8192,2048,16,5,1048576,13,0,0.000,0.000,0.000,0.000,PASS,0
mh_d0_C0_DEFAULT_N8192_q16_rep2,1,4,1,sm_89,D0_FCOLLECT_SERIAL,NVSHMEM,C0_DEFAULT,2048,8192,2048,16,6,1048576,13,0,0.000,0.000,0.000,0.000,PASS,0
mh_d0_C0_DEFAULT_N8192_q16_rep2,1,4,1,sm_89,D0_FCOLLECT_SERIAL,NVSHMEM,C0_DEFAULT,2048,8192,2048,16,7,1048576,13,0,0.000,0.000,0.000,0.000,PASS,0
mh_d0_C0_DEFAULT_N8192_q16_rep2,1,4,1,sm_89,D0_FCOLLECT_SERIAL,NVSHMEM,C0_DEFAULT,2048,8192,2048,16,8,1048576,13,0,0.000,0.000,0.000,0.000,PASS,0
mh_d0_C0_DEFAULT_N8192_q16_rep2,1,4,1,sm_89,D0_FCOLLECT_SERIAL,NVSHMEM,C0_DEFAULT,2048,8192,2048,16,9,1048576,13,0,0.000,0.000,0.000,0.000,PASS,0
mh_d0_C0_DEFAULT_N8192_q16_rep2,1,4,1,sm_89,D0_FCOLLECT_SERIAL,NVSHMEM,C0_DEFAULT,2048,8192,2048,16,10,1048576,13,0,0.000,0.000,0.000,0.000,PASS,0
mh_d0_C0_DEFAULT_N8192_q16_rep2,1,4,1,sm_89,D0_FCOLLECT_SERIAL,NVSHMEM,C0_DEFAULT,2048,8192,2048,16,11,1048576,13,0,0.000,0.000,0.000,0.000,PASS,0
mh_d0_C0_DEFAULT_N8192_q16_rep2,1,4,1,sm_89,D0_FCOLLECT_SERIAL,NVSHMEM,C0_DEFAULT,2048,8192,2048,16,12,1048576,13,0,0.000,0.000,0.000,0.000,PASS,0
mh_d0_C0_DEFAULT_N8192_q16_rep2,1,4,1,sm_89,D0_FCOLLECT_SERIAL,NVSHMEM,C0_DEFAULT,2048,8192,2048,16,13,1048576,13,0,0.000,0.000,0.000,0.000,PASS,0
mh_d0_C0_DEFAULT_N8192_q16_rep2,1,4,1,sm_89,D0_FCOLLECT_SERIAL,NVSHMEM,C0_DEFAULT,2048,8192,2048,16,14,1048576,13,0,0.000,0.000,0.000,0.000,PASS,0
mh_d0_C0_DEFAULT_N8192_q16_rep2,1,4,1,sm_89,D0_FCOLLECT_SERIAL,NVSHMEM,C0_DEFAULT,2048,8192,2048,16,15,1048576,13,0,0.000,0.000,0.000,0.000,PASS,0
mh_d0_C0_DEFAULT_N8192_q16_rep2,1,4,1,sm_89,D0_FCOLLECT_SERIAL,NVSHMEM,C0_DEFAULT,2048,8192,2048,16,0,1048576,14,0,551.264,559.712,14930.561,14370.848,PASS,0
mh_d0_C0_DEFAULT_N8192_q16_rep2,1,4,1,sm_89,D0_FCOLLECT_SERIAL,NVSHMEM,C0_DEFAULT,2048,8192,2048,16,1,1048576,14,0,0.000,0.000,0.000,0.000,PASS,0
mh_d0_C0_DEFAULT_N8192_q16_rep2,1,4,1,sm_89,D0_FCOLLECT_SERIAL,NVSHMEM,C0_DEFAULT,2048,8192,2048,16,2,1048576,14,0,0.000,0.000,0.000,0.000,PASS,0
mh_d0_C0_DEFAULT_N8192_q16_rep2,1,4,1,sm_89,D0_FCOLLECT_SERIAL,NVSHMEM,C0_DEFAULT,2048,8192,2048,16,3,1048576,14,0,0.000,0.000,0.000,0.000,PASS,0
mh_d0_C0_DEFAULT_N8192_q16_rep2,1,4,1,sm_89,D0_FCOLLECT_SERIAL,NVSHMEM,C0_DEFAULT,2048,8192,2048,16,4,1048576,14,0,0.000,0.000,0.000,0.000,PASS,0
mh_d0_C0_DEFAULT_N8192_q16_rep2,1,4,1,sm_89,D0_FCOLLECT_SERIAL,NVSHMEM,C0_DEFAULT,2048,8192,2048,16,5,1048576,14,0,0.000,0.000,0.000,0.000,PASS,0
mh_d0_C0_DEFAULT_N8192_q16_rep2,1,4,1,sm_89,D0_FCOLLECT_SERIAL,NVSHMEM,C0_DEFAULT,2048,8192,2048,16,6,1048576,14,0,0.000,0.000,0.000,0.000,PASS,0
mh_d0_C0_DEFAULT_N8192_q16_rep2,1,4,1,sm_89,D0_FCOLLECT_SERIAL,NVSHMEM,C0_DEFAULT,2048,8192,2048,16,7,1048576,14,0,0.000,0.000,0.000,0.000,PASS,0
mh_d0_C0_DEFAULT_N8192_q16_rep2,1,4,1,sm_89,D0_FCOLLECT_SERIAL,NVSHMEM,C0_DEFAULT,2048,8192,2048,16,8,1048576,14,0,0.000,0.000,0.000,0.000,PASS,0
mh_d0_C0_DEFAULT_N8192_q16_rep2,1,4,1,sm_89,D0_FCOLLECT_SERIAL,NVSHMEM,C0_DEFAULT,2048,8192,2048,16,9,1048576,14,0,0.000,0.000,0.000,0.000,PASS,0
mh_d0_C0_DEFAULT_N8192_q16_rep2,1,4,1,sm_89,D0_FCOLLECT_SERIAL,NVSHMEM,C0_DEFAULT,2048,8192,2048,16,10,1048576,14,0,0.000,0.000,0.000,0.000,PASS,0
mh_d0_C0_DEFAULT_N8192_q16_rep2,1,4,1,sm_89,D0_FCOLLECT_SERIAL,NVSHMEM,C0_DEFAULT,2048,8192,2048,16,11,1048576,14,0,0.000,0.000,0.000,0.000,PASS,0
mh_d0_C0_DEFAULT_N8192_q16_rep2,1,4,1,sm_89,D0_FCOLLECT_SERIAL,NVSHMEM,C0_DEFAULT,2048,8192,2048,16,12,1048576,14,0,0.000,0.000,0.000,0.000,PASS,0
mh_d0_C0_DEFAULT_N8192_q16_rep2,1,4,1,sm_89,D0_FCOLLECT_SERIAL,NVSHMEM,C0_DEFAULT,2048,8192,2048,16,13,1048576,14,0,0.000,0.000,0.000,0.000,PASS,0
mh_d0_C0_DEFAULT_N8192_q16_rep2,1,4,1,sm_89,D0_FCOLLECT_SERIAL,NVSHMEM,C0_DEFAULT,2048,8192,2048,16,14,1048576,14,0,0.000,0.000,0.000,0.000,PASS,0
mh_d0_C0_DEFAULT_N8192_q16_rep2,1,4,1,sm_89,D0_FCOLLECT_SERIAL,NVSHMEM,C0_DEFAULT,2048,8192,2048,16,15,1048576,14,0,0.000,0.000,0.000,0.000,PASS,0
mh_d0_C0_DEFAULT_N8192_q16_rep2,1,4,1,sm_89,D0_FCOLLECT_SERIAL,NVSHMEM,C0_DEFAULT,2048,8192,2048,16,0,1048576,15,0,554.528,562.528,14933.952,14371.424,PASS,0
mh_d0_C0_DEFAULT_N8192_q16_rep2,1,4,1,sm_89,D0_FCOLLECT_SERIAL,NVSHMEM,C0_DEFAULT,2048,8192,2048,16,1,1048576,15,0,0.000,0.000,0.000,0.000,PASS,0
mh_d0_C0_DEFAULT_N8192_q16_rep2,1,4,1,sm_89,D0_FCOLLECT_SERIAL,NVSHMEM,C0_DEFAULT,2048,8192,2048,16,2,1048576,15,0,0.000,0.000,0.000,0.000,PASS,0
mh_d0_C0_DEFAULT_N8192_q16_rep2,1,4,1,sm_89,D0_FCOLLECT_SERIAL,NVSHMEM,C0_DEFAULT,2048,8192,2048,16,3,1048576,15,0,0.000,0.000,0.000,0.000,PASS,0
mh_d0_C0_DEFAULT_N8192_q16_rep2,1,4,1,sm_89,D0_FCOLLECT_SERIAL,NVSHMEM,C0_DEFAULT,2048,8192,2048,16,4,1048576,15,0,0.000,0.000,0.000,0.000,PASS,0
mh_d0_C0_DEFAULT_N8192_q16_rep2,1,4,1,sm_89,D0_FCOLLECT_SERIAL,NVSHMEM,C0_DEFAULT,2048,8192,2048,16,5,1048576,15,0,0.000,0.000,0.000,0.000,PASS,0
mh_d0_C0_DEFAULT_N8192_q16_rep2,1,4,1,sm_89,D0_FCOLLECT_SERIAL,NVSHMEM,C0_DEFAULT,2048,8192,2048,16,6,1048576,15,0,0.000,0.000,0.000,0.000,PASS,0
mh_d0_C0_DEFAULT_N8192_q16_rep2,1,4,1,sm_89,D0_FCOLLECT_SERIAL,NVSHMEM,C0_DEFAULT,2048,8192,2048,16,7,1048576,15,0,0.000,0.000,0.000,0.000,PASS,0
mh_d0_C0_DEFAULT_N8192_q16_rep2,1,4,1,sm_89,D0_FCOLLECT_SERIAL,NVSHMEM,C0_DEFAULT,2048,8192,2048,16,8,1048576,15,0,0.000,0.000,0.000,0.000,PASS,0
mh_d0_C0_DEFAULT_N8192_q16_rep2,1,4,1,sm_89,D0_FCOLLECT_SERIAL,NVSHMEM,C0_DEFAULT,2048,8192,2048,16,9,1048576,15,0,0.000,0.000,0.000,0.000,PASS,0
mh_d0_C0_DEFAULT_N8192_q16_rep2,1,4,1,sm_89,D0_FCOLLECT_SERIAL,NVSHMEM,C0_DEFAULT,2048,8192,2048,16,10,1048576,15,0,0.000,0.000,0.000,0.000,PASS,0
mh_d0_C0_DEFAULT_N8192_q16_rep2,1,4,1,sm_89,D0_FCOLLECT_SERIAL,NVSHMEM,C0_DEFAULT,2048,8192,2048,16,11,1048576,15,0,0.000,0.000,0.000,0.000,PASS,0
mh_d0_C0_DEFAULT_N8192_q16_rep2,1,4,1,sm_89,D0_FCOLLECT_SERIAL,NVSHMEM,C0_DEFAULT,2048,8192,2048,16,12,1048576,15,0,0.000,0.000,0.000,0.000,PASS,0
mh_d0_C0_DEFAULT_N8192_q16_rep2,1,4,1,sm_89,D0_FCOLLECT_SERIAL,NVSHMEM,C0_DEFAULT,2048,8192,2048,16,13,1048576,15,0,0.000,0.000,0.000,0.000,PASS,0
mh_d0_C0_DEFAULT_N8192_q16_rep2,1,4,1,sm_89,D0_FCOLLECT_SERIAL,NVSHMEM,C0_DEFAULT,2048,8192,2048,16,14,1048576,15,0,0.000,0.000,0.000,0.000,PASS,0
mh_d0_C0_DEFAULT_N8192_q16_rep2,1,4,1,sm_89,D0_FCOLLECT_SERIAL,NVSHMEM,C0_DEFAULT,2048,8192,2048,16,15,1048576,15,0,0.000,0.000,0.000,0.000,PASS,0
mh_d0_C0_DEFAULT_N8192_q16_rep2,1,4,1,sm_89,D0_FCOLLECT_SERIAL,NVSHMEM,C0_DEFAULT,2048,8192,2048,16,0,1048576,16,0,551.520,559.808,14932.256,14372.448,PASS,0
mh_d0_C0_DEFAULT_N8192_q16_rep2,1,4,1,sm_89,D0_FCOLLECT_SERIAL,NVSHMEM,C0_DEFAULT,2048,8192,2048,16,1,1048576,16,0,0.000,0.000,0.000,0.000,PASS,0
mh_d0_C0_DEFAULT_N8192_q16_rep2,1,4,1,sm_89,D0_FCOLLECT_SERIAL,NVSHMEM,C0_DEFAULT,2048,8192,2048,16,2,1048576,16,0,0.000,0.000,0.000,0.000,PASS,0
mh_d0_C0_DEFAULT_N8192_q16_rep2,1,4,1,sm_89,D0_FCOLLECT_SERIAL,NVSHMEM,C0_DEFAULT,2048,8192,2048,16,3,1048576,16,0,0.000,0.000,0.000,0.000,PASS,0
mh_d0_C0_DEFAULT_N8192_q16_rep2,1,4,1,sm_89,D0_FCOLLECT_SERIAL,NVSHMEM,C0_DEFAULT,2048,8192,2048,16,4,1048576,16,0,0.000,0.000,0.000,0.000,PASS,0
mh_d0_C0_DEFAULT_N8192_q16_rep2,1,4,1,sm_89,D0_FCOLLECT_SERIAL,NVSHMEM,C0_DEFAULT,2048,8192,2048,16,5,1048576,16,0,0.000,0.000,0.000,0.000,PASS,0
mh_d0_C0_DEFAULT_N8192_q16_rep2,1,4,1,sm_89,D0_FCOLLECT_SERIAL,NVSHMEM,C0_DEFAULT,2048,8192,2048,16,6,1048576,16,0,0.000,0.000,0.000,0.000,PASS,0
mh_d0_C0_DEFAULT_N8192_q16_rep2,1,4,1,sm_89,D0_FCOLLECT_SERIAL,NVSHMEM,C0_DEFAULT,2048,8192,2048,16,7,1048576,16,0,0.000,0.000,0.000,0.000,PASS,0
mh_d0_C0_DEFAULT_N8192_q16_rep2,1,4,1,sm_89,D0_FCOLLECT_SERIAL,NVSHMEM,C0_DEFAULT,2048,8192,2048,16,8,1048576,16,0,0.000,0.000,0.000,0.000,PASS,0
mh_d0_C0_DEFAULT_N8192_q16_rep2,1,4,1,sm_89,D0_FCOLLECT_SERIAL,NVSHMEM,C0_DEFAULT,2048,8192,2048,16,9,1048576,16,0,0.000,0.000,0.000,0.000,PASS,0
mh_d0_C0_DEFAULT_N8192_q16_rep2,1,4,1,sm_89,D0_FCOLLECT_SERIAL,NVSHMEM,C0_DEFAULT,2048,8192,2048,16,10,1048576,16,0,0.000,0.000,0.000,0.000,PASS,0
mh_d0_C0_DEFAULT_N8192_q16_rep2,1,4,1,sm_89,D0_FCOLLECT_SERIAL,NVSHMEM,C0_DEFAULT,2048,8192,2048,16,11,1048576,16,0,0.000,0.000,0.000,0.000,PASS,0
mh_d0_C0_DEFAULT_N8192_q16_rep2,1,4,1,sm_89,D0_FCOLLECT_SERIAL,NVSHMEM,C0_DEFAULT,2048,8192,2048,16,12,1048576,16,0,0.000,0.000,0.000,0.000,PASS,0
mh_d0_C0_DEFAULT_N8192_q16_rep2,1,4,1,sm_89,D0_FCOLLECT_SERIAL,NVSHMEM,C0_DEFAULT,2048,8192,2048,16,13,1048576,16,0,0.000,0.000,0.000,0.000,PASS,0
mh_d0_C0_DEFAULT_N8192_q16_rep2,1,4,1,sm_89,D0_FCOLLECT_SERIAL,NVSHMEM,C0_DEFAULT,2048,8192,2048,16,14,1048576,16,0,0.000,0.000,0.000,0.000,PASS,0
mh_d0_C0_DEFAULT_N8192_q16_rep2,1,4,1,sm_89,D0_FCOLLECT_SERIAL,NVSHMEM,C0_DEFAULT,2048,8192,2048,16,15,1048576,16,0,0.000,0.000,0.000,0.000,PASS,0
mh_d0_C0_DEFAULT_N8192_q16_rep2,1,4,1,sm_89,D0_FCOLLECT_SERIAL,NVSHMEM,C0_DEFAULT,2048,8192,2048,16,0,1048576,17,0,551.168,559.360,14930.688,14371.328,PASS,0
mh_d0_C0_DEFAULT_N8192_q16_rep2,1,4,1,sm_89,D0_FCOLLECT_SERIAL,NVSHMEM,C0_DEFAULT,2048,8192,2048,16,1,1048576,17,0,0.000,0.000,0.000,0.000,PASS,0
mh_d0_C0_DEFAULT_N8192_q16_rep2,1,4,1,sm_89,D0_FCOLLECT_SERIAL,NVSHMEM,C0_DEFAULT,2048,8192,2048,16,2,1048576,17,0,0.000,0.000,0.000,0.000,PASS,0
mh_d0_C0_DEFAULT_N8192_q16_rep2,1,4,1,sm_89,D0_FCOLLECT_SERIAL,NVSHMEM,C0_DEFAULT,2048,8192,2048,16,3,1048576,17,0,0.000,0.000,0.000,0.000,PASS,0
mh_d0_C0_DEFAULT_N8192_q16_rep2,1,4,1,sm_89,D0_FCOLLECT_SERIAL,NVSHMEM,C0_DEFAULT,2048,8192,2048,16,4,1048576,17,0,0.000,0.000,0.000,0.000,PASS,0
mh_d0_C0_DEFAULT_N8192_q16_rep2,1,4,1,sm_89,D0_FCOLLECT_SERIAL,NVSHMEM,C0_DEFAULT,2048,8192,2048,16,5,1048576,17,0,0.000,0.000,0.000,0.000,PASS,0
mh_d0_C0_DEFAULT_N8192_q16_rep2,1,4,1,sm_89,D0_FCOLLECT_SERIAL,NVSHMEM,C0_DEFAULT,2048,8192,2048,16,6,1048576,17,0,0.000,0.000,0.000,0.000,PASS,0
mh_d0_C0_DEFAULT_N8192_q16_rep2,1,4,1,sm_89,D0_FCOLLECT_SERIAL,NVSHMEM,C0_DEFAULT,2048,8192,2048,16,7,1048576,17,0,0.000,0.000,0.000,0.000,PASS,0
mh_d0_C0_DEFAULT_N8192_q16_rep2,1,4,1,sm_89,D0_FCOLLECT_SERIAL,NVSHMEM,C0_DEFAULT,2048,8192,2048,16,8,1048576,17,0,0.000,0.000,0.000,0.000,PASS,0
mh_d0_C0_DEFAULT_N8192_q16_rep2,1,4,1,sm_89,D0_FCOLLECT_SERIAL,NVSHMEM,C0_DEFAULT,2048,8192,2048,16,9,1048576,17,0,0.000,0.000,0.000,0.000,PASS,0
mh_d0_C0_DEFAULT_N8192_q16_rep2,1,4,1,sm_89,D0_FCOLLECT_SERIAL,NVSHMEM,C0_DEFAULT,2048,8192,2048,16,10,1048576,17,0,0.000,0.000,0.000,0.000,PASS,0
mh_d0_C0_DEFAULT_N8192_q16_rep2,1,4,1,sm_89,D0_FCOLLECT_SERIAL,NVSHMEM,C0_DEFAULT,2048,8192,2048,16,11,1048576,17,0,0.000,0.000,0.000,0.000,PASS,0
mh_d0_C0_DEFAULT_N8192_q16_rep2,1,4,1,sm_89,D0_FCOLLECT_SERIAL,NVSHMEM,C0_DEFAULT,2048,8192,2048,16,12,1048576,17,0,0.000,0.000,0.000,0.000,PASS,0
mh_d0_C0_DEFAULT_N8192_q16_rep2,1,4,1,sm_89,D0_FCOLLECT_SERIAL,NVSHMEM,C0_DEFAULT,2048,8192,2048,16,13,1048576,17,0,0.000,0.000,0.000,0.000,PASS,0
mh_d0_C0_DEFAULT_N8192_q16_rep2,1,4,1,sm_89,D0_FCOLLECT_SERIAL,NVSHMEM,C0_DEFAULT,2048,8192,2048,16,14,1048576,17,0,0.000,0.000,0.000,0.000,PASS,0
mh_d0_C0_DEFAULT_N8192_q16_rep2,1,4,1,sm_89,D0_FCOLLECT_SERIAL,NVSHMEM,C0_DEFAULT,2048,8192,2048,16,15,1048576,17,0,0.000,0.000,0.000,0.000,PASS,0
mh_d0_C0_DEFAULT_N8192_q16_rep2,1,4,1,sm_89,D0_FCOLLECT_SERIAL,NVSHMEM,C0_DEFAULT,2048,8192,2048,16,0,1048576,18,0,560.928,569.120,14940.160,14371.040,PASS,0
mh_d0_C0_DEFAULT_N8192_q16_rep2,1,4,1,sm_89,D0_FCOLLECT_SERIAL,NVSHMEM,C0_DEFAULT,2048,8192,2048,16,1,1048576,18,0,0.000,0.000,0.000,0.000,PASS,0
mh_d0_C0_DEFAULT_N8192_q16_rep2,1,4,1,sm_89,D0_FCOLLECT_SERIAL,NVSHMEM,C0_DEFAULT,2048,8192,2048,16,2,1048576,18,0,0.000,0.000,0.000,0.000,PASS,0
mh_d0_C0_DEFAULT_N8192_q16_rep2,1,4,1,sm_89,D0_FCOLLECT_SERIAL,NVSHMEM,C0_DEFAULT,2048,8192,2048,16,3,1048576,18,0,0.000,0.000,0.000,0.000,PASS,0
mh_d0_C0_DEFAULT_N8192_q16_rep2,1,4,1,sm_89,D0_FCOLLECT_SERIAL,NVSHMEM,C0_DEFAULT,2048,8192,2048,16,4,1048576,18,0,0.000,0.000,0.000,0.000,PASS,0
mh_d0_C0_DEFAULT_N8192_q16_rep2,1,4,1,sm_89,D0_FCOLLECT_SERIAL,NVSHMEM,C0_DEFAULT,2048,8192,2048,16,5,1048576,18,0,0.000,0.000,0.000,0.000,PASS,0
mh_d0_C0_DEFAULT_N8192_q16_rep2,1,4,1,sm_89,D0_FCOLLECT_SERIAL,NVSHMEM,C0_DEFAULT,2048,8192,2048,16,6,1048576,18,0,0.000,0.000,0.000,0.000,PASS,0
mh_d0_C0_DEFAULT_N8192_q16_rep2,1,4,1,sm_89,D0_FCOLLECT_SERIAL,NVSHMEM,C0_DEFAULT,2048,8192,2048,16,7,1048576,18,0,0.000,0.000,0.000,0.000,PASS,0
mh_d0_C0_DEFAULT_N8192_q16_rep2,1,4,1,sm_89,D0_FCOLLECT_SERIAL,NVSHMEM,C0_DEFAULT,2048,8192,2048,16,8,1048576,18,0,0.000,0.000,0.000,0.000,PASS,0
mh_d0_C0_DEFAULT_N8192_q16_rep2,1,4,1,sm_89,D0_FCOLLECT_SERIAL,NVSHMEM,C0_DEFAULT,2048,8192,2048,16,9,1048576,18,0,0.000,0.000,0.000,0.000,PASS,0
mh_d0_C0_DEFAULT_N8192_q16_rep2,1,4,1,sm_89,D0_FCOLLECT_SERIAL,NVSHMEM,C0_DEFAULT,2048,8192,2048,16,10,1048576,18,0,0.000,0.000,0.000,0.000,PASS,0
mh_d0_C0_DEFAULT_N8192_q16_rep2,1,4,1,sm_89,D0_FCOLLECT_SERIAL,NVSHMEM,C0_DEFAULT,2048,8192,2048,16,11,1048576,18,0,0.000,0.000,0.000,0.000,PASS,0
mh_d0_C0_DEFAULT_N8192_q16_rep2,1,4,1,sm_89,D0_FCOLLECT_SERIAL,NVSHMEM,C0_DEFAULT,2048,8192,2048,16,12,1048576,18,0,0.000,0.000,0.000,0.000,PASS,0
mh_d0_C0_DEFAULT_N8192_q16_rep2,1,4,1,sm_89,D0_FCOLLECT_SERIAL,NVSHMEM,C0_DEFAULT,2048,8192,2048,16,13,1048576,18,0,0.000,0.000,0.000,0.000,PASS,0
mh_d0_C0_DEFAULT_N8192_q16_rep2,1,4,1,sm_89,D0_FCOLLECT_SERIAL,NVSHMEM,C0_DEFAULT,2048,8192,2048,16,14,1048576,18,0,0.000,0.000,0.000,0.000,PASS,0
mh_d0_C0_DEFAULT_N8192_q16_rep2,1,4,1,sm_89,D0_FCOLLECT_SERIAL,NVSHMEM,C0_DEFAULT,2048,8192,2048,16,15,1048576,18,0,0.000,0.000,0.000,0.000,PASS,0
mh_d0_C0_DEFAULT_N8192_q16_rep2,1,4,1,sm_89,D0_FCOLLECT_SERIAL,NVSHMEM,C0_DEFAULT,2048,8192,2048,16,0,1048576,19,0,553.216,561.312,14931.937,14370.624,PASS,0
mh_d0_C0_DEFAULT_N8192_q16_rep2,1,4,1,sm_89,D0_FCOLLECT_SERIAL,NVSHMEM,C0_DEFAULT,2048,8192,2048,16,1,1048576,19,0,0.000,0.000,0.000,0.000,PASS,0
mh_d0_C0_DEFAULT_N8192_q16_rep2,1,4,1,sm_89,D0_FCOLLECT_SERIAL,NVSHMEM,C0_DEFAULT,2048,8192,2048,16,2,1048576,19,0,0.000,0.000,0.000,0.000,PASS,0
mh_d0_C0_DEFAULT_N8192_q16_rep2,1,4,1,sm_89,D0_FCOLLECT_SERIAL,NVSHMEM,C0_DEFAULT,2048,8192,2048,16,3,1048576,19,0,0.000,0.000,0.000,0.000,PASS,0
mh_d0_C0_DEFAULT_N8192_q16_rep2,1,4,1,sm_89,D0_FCOLLECT_SERIAL,NVSHMEM,C0_DEFAULT,2048,8192,2048,16,4,1048576,19,0,0.000,0.000,0.000,0.000,PASS,0
mh_d0_C0_DEFAULT_N8192_q16_rep2,1,4,1,sm_89,D0_FCOLLECT_SERIAL,NVSHMEM,C0_DEFAULT,2048,8192,2048,16,5,1048576,19,0,0.000,0.000,0.000,0.000,PASS,0
mh_d0_C0_DEFAULT_N8192_q16_rep2,1,4,1,sm_89,D0_FCOLLECT_SERIAL,NVSHMEM,C0_DEFAULT,2048,8192,2048,16,6,1048576,19,0,0.000,0.000,0.000,0.000,PASS,0
mh_d0_C0_DEFAULT_N8192_q16_rep2,1,4,1,sm_89,D0_FCOLLECT_SERIAL,NVSHMEM,C0_DEFAULT,2048,8192,2048,16,7,1048576,19,0,0.000,0.000,0.000,0.000,PASS,0
mh_d0_C0_DEFAULT_N8192_q16_rep2,1,4,1,sm_89,D0_FCOLLECT_SERIAL,NVSHMEM,C0_DEFAULT,2048,8192,2048,16,8,1048576,19,0,0.000,0.000,0.000,0.000,PASS,0
mh_d0_C0_DEFAULT_N8192_q16_rep2,1,4,1,sm_89,D0_FCOLLECT_SERIAL,NVSHMEM,C0_DEFAULT,2048,8192,2048,16,9,1048576,19,0,0.000,0.000,0.000,0.000,PASS,0
mh_d0_C0_DEFAULT_N8192_q16_rep2,1,4,1,sm_89,D0_FCOLLECT_SERIAL,NVSHMEM,C0_DEFAULT,2048,8192,2048,16,10,1048576,19,0,0.000,0.000,0.000,0.000,PASS,0
mh_d0_C0_DEFAULT_N8192_q16_rep2,1,4,1,sm_89,D0_FCOLLECT_SERIAL,NVSHMEM,C0_DEFAULT,2048,8192,2048,16,11,1048576,19,0,0.000,0.000,0.000,0.000,PASS,0
mh_d0_C0_DEFAULT_N8192_q16_rep2,1,4,1,sm_89,D0_FCOLLECT_SERIAL,NVSHMEM,C0_DEFAULT,2048,8192,2048,16,12,1048576,19,0,0.000,0.000,0.000,0.000,PASS,0
mh_d0_C0_DEFAULT_N8192_q16_rep2,1,4,1,sm_89,D0_FCOLLECT_SERIAL,NVSHMEM,C0_DEFAULT,2048,8192,2048,16,13,1048576,19,0,0.000,0.000,0.000,0.000,PASS,0
mh_d0_C0_DEFAULT_N8192_q16_rep2,1,4,1,sm_89,D0_FCOLLECT_SERIAL,NVSHMEM,C0_DEFAULT,2048,8192,2048,16,14,1048576,19,0,0.000,0.000,0.000,0.000,PASS,0
mh_d0_C0_DEFAULT_N8192_q16_rep2,1,4,1,sm_89,D0_FCOLLECT_SERIAL,NVSHMEM,C0_DEFAULT,2048,8192,2048,16,15,1048576,19,0,0.000,0.000,0.000,0.000,PASS,0
mh_d0_C0_DEFAULT_N8192_q16_rep2,1,4,1,sm_89,D0_FCOLLECT_SERIAL,NVSHMEM,C0_DEFAULT,2048,8192,2048,16,0,1048576,20,0,548.960,557.184,14926.880,14369.695,PASS,0
mh_d0_C0_DEFAULT_N8192_q16_rep2,1,4,1,sm_89,D0_FCOLLECT_SERIAL,NVSHMEM,C0_DEFAULT,2048,8192,2048,16,1,1048576,20,0,0.000,0.000,0.000,0.000,PASS,0
mh_d0_C0_DEFAULT_N8192_q16_rep2,1,4,1,sm_89,D0_FCOLLECT_SERIAL,NVSHMEM,C0_DEFAULT,2048,8192,2048,16,2,1048576,20,0,0.000,0.000,0.000,0.000,PASS,0
mh_d0_C0_DEFAULT_N8192_q16_rep2,1,4,1,sm_89,D0_FCOLLECT_SERIAL,NVSHMEM,C0_DEFAULT,2048,8192,2048,16,3,1048576,20,0,0.000,0.000,0.000,0.000,PASS,0
mh_d0_C0_DEFAULT_N8192_q16_rep2,1,4,1,sm_89,D0_FCOLLECT_SERIAL,NVSHMEM,C0_DEFAULT,2048,8192,2048,16,4,1048576,20,0,0.000,0.000,0.000,0.000,PASS,0
mh_d0_C0_DEFAULT_N8192_q16_rep2,1,4,1,sm_89,D0_FCOLLECT_SERIAL,NVSHMEM,C0_DEFAULT,2048,8192,2048,16,5,1048576,20,0,0.000,0.000,0.000,0.000,PASS,0
mh_d0_C0_DEFAULT_N8192_q16_rep2,1,4,1,sm_89,D0_FCOLLECT_SERIAL,NVSHMEM,C0_DEFAULT,2048,8192,2048,16,6,1048576,20,0,0.000,0.000,0.000,0.000,PASS,0
mh_d0_C0_DEFAULT_N8192_q16_rep2,1,4,1,sm_89,D0_FCOLLECT_SERIAL,NVSHMEM,C0_DEFAULT,2048,8192,2048,16,7,1048576,20,0,0.000,0.000,0.000,0.000,PASS,0
mh_d0_C0_DEFAULT_N8192_q16_rep2,1,4,1,sm_89,D0_FCOLLECT_SERIAL,NVSHMEM,C0_DEFAULT,2048,8192,2048,16,8,1048576,20,0,0.000,0.000,0.000,0.000,PASS,0
mh_d0_C0_DEFAULT_N8192_q16_rep2,1,4,1,sm_89,D0_FCOLLECT_SERIAL,NVSHMEM,C0_DEFAULT,2048,8192,2048,16,9,1048576,20,0,0.000,0.000,0.000,0.000,PASS,0
mh_d0_C0_DEFAULT_N8192_q16_rep2,1,4,1,sm_89,D0_FCOLLECT_SERIAL,NVSHMEM,C0_DEFAULT,2048,8192,2048,16,10,1048576,20,0,0.000,0.000,0.000,0.000,PASS,0
mh_d0_C0_DEFAULT_N8192_q16_rep2,1,4,1,sm_89,D0_FCOLLECT_SERIAL,NVSHMEM,C0_DEFAULT,2048,8192,2048,16,11,1048576,20,0,0.000,0.000,0.000,0.000,PASS,0
mh_d0_C0_DEFAULT_N8192_q16_rep2,1,4,1,sm_89,D0_FCOLLECT_SERIAL,NVSHMEM,C0_DEFAULT,2048,8192,2048,16,12,1048576,20,0,0.000,0.000,0.000,0.000,PASS,0
mh_d0_C0_DEFAULT_N8192_q16_rep2,1,4,1,sm_89,D0_FCOLLECT_SERIAL,NVSHMEM,C0_DEFAULT,2048,8192,2048,16,13,1048576,20,0,0.000,0.000,0.000,0.000,PASS,0
mh_d0_C0_DEFAULT_N8192_q16_rep2,1,4,1,sm_89,D0_FCOLLECT_SERIAL,NVSHMEM,C0_DEFAULT,2048,8192,2048,16,14,1048576,20,0,0.000,0.000,0.000,0.000,PASS,0
mh_d0_C0_DEFAULT_N8192_q16_rep2,1,4,1,sm_89,D0_FCOLLECT_SERIAL,NVSHMEM,C0_DEFAULT,2048,8192,2048,16,15,1048576,20,0,0.000,0.000,0.000,0.000,PASS,0
mh_d0_C0_DEFAULT_N8192_q16_rep2,1,4,1,sm_89,D0_FCOLLECT_SERIAL,NVSHMEM,C0_DEFAULT,2048,8192,2048,16,0,1048576,21,0,552.864,560.992,14931.424,14370.432,PASS,0
mh_d0_C0_DEFAULT_N8192_q16_rep2,1,4,1,sm_89,D0_FCOLLECT_SERIAL,NVSHMEM,C0_DEFAULT,2048,8192,2048,16,1,1048576,21,0,0.000,0.000,0.000,0.000,PASS,0
mh_d0_C0_DEFAULT_N8192_q16_rep2,1,4,1,sm_89,D0_FCOLLECT_SERIAL,NVSHMEM,C0_DEFAULT,2048,8192,2048,16,2,1048576,21,0,0.000,0.000,0.000,0.000,PASS,0
mh_d0_C0_DEFAULT_N8192_q16_rep2,1,4,1,sm_89,D0_FCOLLECT_SERIAL,NVSHMEM,C0_DEFAULT,2048,8192,2048,16,3,1048576,21,0,0.000,0.000,0.000,0.000,PASS,0
mh_d0_C0_DEFAULT_N8192_q16_rep2,1,4,1,sm_89,D0_FCOLLECT_SERIAL,NVSHMEM,C0_DEFAULT,2048,8192,2048,16,4,1048576,21,0,0.000,0.000,0.000,0.000,PASS,0
mh_d0_C0_DEFAULT_N8192_q16_rep2,1,4,1,sm_89,D0_FCOLLECT_SERIAL,NVSHMEM,C0_DEFAULT,2048,8192,2048,16,5,1048576,21,0,0.000,0.000,0.000,0.000,PASS,0
mh_d0_C0_DEFAULT_N8192_q16_rep2,1,4,1,sm_89,D0_FCOLLECT_SERIAL,NVSHMEM,C0_DEFAULT,2048,8192,2048,16,6,1048576,21,0,0.000,0.000,0.000,0.000,PASS,0
mh_d0_C0_DEFAULT_N8192_q16_rep2,1,4,1,sm_89,D0_FCOLLECT_SERIAL,NVSHMEM,C0_DEFAULT,2048,8192,2048,16,7,1048576,21,0,0.000,0.000,0.000,0.000,PASS,0
mh_d0_C0_DEFAULT_N8192_q16_rep2,1,4,1,sm_89,D0_FCOLLECT_SERIAL,NVSHMEM,C0_DEFAULT,2048,8192,2048,16,8,1048576,21,0,0.000,0.000,0.000,0.000,PASS,0
mh_d0_C0_DEFAULT_N8192_q16_rep2,1,4,1,sm_89,D0_FCOLLECT_SERIAL,NVSHMEM,C0_DEFAULT,2048,8192,2048,16,9,1048576,21,0,0.000,0.000,0.000,0.000,PASS,0
mh_d0_C0_DEFAULT_N8192_q16_rep2,1,4,1,sm_89,D0_FCOLLECT_SERIAL,NVSHMEM,C0_DEFAULT,2048,8192,2048,16,10,1048576,21,0,0.000,0.000,0.000,0.000,PASS,0
mh_d0_C0_DEFAULT_N8192_q16_rep2,1,4,1,sm_89,D0_FCOLLECT_SERIAL,NVSHMEM,C0_DEFAULT,2048,8192,2048,16,11,1048576,21,0,0.000,0.000,0.000,0.000,PASS,0
mh_d0_C0_DEFAULT_N8192_q16_rep2,1,4,1,sm_89,D0_FCOLLECT_SERIAL,NVSHMEM,C0_DEFAULT,2048,8192,2048,16,12,1048576,21,0,0.000,0.000,0.000,0.000,PASS,0
mh_d0_C0_DEFAULT_N8192_q16_rep2,1,4,1,sm_89,D0_FCOLLECT_SERIAL,NVSHMEM,C0_DEFAULT,2048,8192,2048,16,13,1048576,21,0,0.000,0.000,0.000,0.000,PASS,0
mh_d0_C0_DEFAULT_N8192_q16_rep2,1,4,1,sm_89,D0_FCOLLECT_SERIAL,NVSHMEM,C0_DEFAULT,2048,8192,2048,16,14,1048576,21,0,0.000,0.000,0.000,0.000,PASS,0
mh_d0_C0_DEFAULT_N8192_q16_rep2,1,4,1,sm_89,D0_FCOLLECT_SERIAL,NVSHMEM,C0_DEFAULT,2048,8192,2048,16,15,1048576,21,0,0.000,0.000,0.000,0.000,PASS,0
mh_d0_C0_DEFAULT_N8192_q16_rep2,1,4,1,sm_89,D0_FCOLLECT_SERIAL,NVSHMEM,C0_DEFAULT,2048,8192,2048,16,0,1048576,22,0,556.608,565.152,14936.640,14371.487,PASS,0
mh_d0_C0_DEFAULT_N8192_q16_rep2,1,4,1,sm_89,D0_FCOLLECT_SERIAL,NVSHMEM,C0_DEFAULT,2048,8192,2048,16,1,1048576,22,0,0.000,0.000,0.000,0.000,PASS,0
mh_d0_C0_DEFAULT_N8192_q16_rep2,1,4,1,sm_89,D0_FCOLLECT_SERIAL,NVSHMEM,C0_DEFAULT,2048,8192,2048,16,2,1048576,22,0,0.000,0.000,0.000,0.000,PASS,0
mh_d0_C0_DEFAULT_N8192_q16_rep2,1,4,1,sm_89,D0_FCOLLECT_SERIAL,NVSHMEM,C0_DEFAULT,2048,8192,2048,16,3,1048576,22,0,0.000,0.000,0.000,0.000,PASS,0
mh_d0_C0_DEFAULT_N8192_q16_rep2,1,4,1,sm_89,D0_FCOLLECT_SERIAL,NVSHMEM,C0_DEFAULT,2048,8192,2048,16,4,1048576,22,0,0.000,0.000,0.000,0.000,PASS,0
mh_d0_C0_DEFAULT_N8192_q16_rep2,1,4,1,sm_89,D0_FCOLLECT_SERIAL,NVSHMEM,C0_DEFAULT,2048,8192,2048,16,5,1048576,22,0,0.000,0.000,0.000,0.000,PASS,0
mh_d0_C0_DEFAULT_N8192_q16_rep2,1,4,1,sm_89,D0_FCOLLECT_SERIAL,NVSHMEM,C0_DEFAULT,2048,8192,2048,16,6,1048576,22,0,0.000,0.000,0.000,0.000,PASS,0
mh_d0_C0_DEFAULT_N8192_q16_rep2,1,4,1,sm_89,D0_FCOLLECT_SERIAL,NVSHMEM,C0_DEFAULT,2048,8192,2048,16,7,1048576,22,0,0.000,0.000,0.000,0.000,PASS,0
mh_d0_C0_DEFAULT_N8192_q16_rep2,1,4,1,sm_89,D0_FCOLLECT_SERIAL,NVSHMEM,C0_DEFAULT,2048,8192,2048,16,8,1048576,22,0,0.000,0.000,0.000,0.000,PASS,0
mh_d0_C0_DEFAULT_N8192_q16_rep2,1,4,1,sm_89,D0_FCOLLECT_SERIAL,NVSHMEM,C0_DEFAULT,2048,8192,2048,16,9,1048576,22,0,0.000,0.000,0.000,0.000,PASS,0
mh_d0_C0_DEFAULT_N8192_q16_rep2,1,4,1,sm_89,D0_FCOLLECT_SERIAL,NVSHMEM,C0_DEFAULT,2048,8192,2048,16,10,1048576,22,0,0.000,0.000,0.000,0.000,PASS,0
mh_d0_C0_DEFAULT_N8192_q16_rep2,1,4,1,sm_89,D0_FCOLLECT_SERIAL,NVSHMEM,C0_DEFAULT,2048,8192,2048,16,11,1048576,22,0,0.000,0.000,0.000,0.000,PASS,0
mh_d0_C0_DEFAULT_N8192_q16_rep2,1,4,1,sm_89,D0_FCOLLECT_SERIAL,NVSHMEM,C0_DEFAULT,2048,8192,2048,16,12,1048576,22,0,0.000,0.000,0.000,0.000,PASS,0
mh_d0_C0_DEFAULT_N8192_q16_rep2,1,4,1,sm_89,D0_FCOLLECT_SERIAL,NVSHMEM,C0_DEFAULT,2048,8192,2048,16,13,1048576,22,0,0.000,0.000,0.000,0.000,PASS,0
mh_d0_C0_DEFAULT_N8192_q16_rep2,1,4,1,sm_89,D0_FCOLLECT_SERIAL,NVSHMEM,C0_DEFAULT,2048,8192,2048,16,14,1048576,22,0,0.000,0.000,0.000,0.000,PASS,0
mh_d0_C0_DEFAULT_N8192_q16_rep2,1,4,1,sm_89,D0_FCOLLECT_SERIAL,NVSHMEM,C0_DEFAULT,2048,8192,2048,16,15,1048576,22,0,0.000,0.000,0.000,0.000,PASS,0
mh_d0_C0_DEFAULT_N8192_q16_rep2,1,4,1,sm_89,D0_FCOLLECT_SERIAL,NVSHMEM,C0_DEFAULT,2048,8192,2048,16,0,1048576,23,0,553.248,561.728,14935.168,14373.439,PASS,0
mh_d0_C0_DEFAULT_N8192_q16_rep2,1,4,1,sm_89,D0_FCOLLECT_SERIAL,NVSHMEM,C0_DEFAULT,2048,8192,2048,16,1,1048576,23,0,0.000,0.000,0.000,0.000,PASS,0
mh_d0_C0_DEFAULT_N8192_q16_rep2,1,4,1,sm_89,D0_FCOLLECT_SERIAL,NVSHMEM,C0_DEFAULT,2048,8192,2048,16,2,1048576,23,0,0.000,0.000,0.000,0.000,PASS,0
mh_d0_C0_DEFAULT_N8192_q16_rep2,1,4,1,sm_89,D0_FCOLLECT_SERIAL,NVSHMEM,C0_DEFAULT,2048,8192,2048,16,3,1048576,23,0,0.000,0.000,0.000,0.000,PASS,0
mh_d0_C0_DEFAULT_N8192_q16_rep2,1,4,1,sm_89,D0_FCOLLECT_SERIAL,NVSHMEM,C0_DEFAULT,2048,8192,2048,16,4,1048576,23,0,0.000,0.000,0.000,0.000,PASS,0
mh_d0_C0_DEFAULT_N8192_q16_rep2,1,4,1,sm_89,D0_FCOLLECT_SERIAL,NVSHMEM,C0_DEFAULT,2048,8192,2048,16,5,1048576,23,0,0.000,0.000,0.000,0.000,PASS,0
mh_d0_C0_DEFAULT_N8192_q16_rep2,1,4,1,sm_89,D0_FCOLLECT_SERIAL,NVSHMEM,C0_DEFAULT,2048,8192,2048,16,6,1048576,23,0,0.000,0.000,0.000,0.000,PASS,0
mh_d0_C0_DEFAULT_N8192_q16_rep2,1,4,1,sm_89,D0_FCOLLECT_SERIAL,NVSHMEM,C0_DEFAULT,2048,8192,2048,16,7,1048576,23,0,0.000,0.000,0.000,0.000,PASS,0
mh_d0_C0_DEFAULT_N8192_q16_rep2,1,4,1,sm_89,D0_FCOLLECT_SERIAL,NVSHMEM,C0_DEFAULT,2048,8192,2048,16,8,1048576,23,0,0.000,0.000,0.000,0.000,PASS,0
mh_d0_C0_DEFAULT_N8192_q16_rep2,1,4,1,sm_89,D0_FCOLLECT_SERIAL,NVSHMEM,C0_DEFAULT,2048,8192,2048,16,9,1048576,23,0,0.000,0.000,0.000,0.000,PASS,0
mh_d0_C0_DEFAULT_N8192_q16_rep2,1,4,1,sm_89,D0_FCOLLECT_SERIAL,NVSHMEM,C0_DEFAULT,2048,8192,2048,16,10,1048576,23,0,0.000,0.000,0.000,0.000,PASS,0
mh_d0_C0_DEFAULT_N8192_q16_rep2,1,4,1,sm_89,D0_FCOLLECT_SERIAL,NVSHMEM,C0_DEFAULT,2048,8192,2048,16,11,1048576,23,0,0.000,0.000,0.000,0.000,PASS,0
mh_d0_C0_DEFAULT_N8192_q16_rep2,1,4,1,sm_89,D0_FCOLLECT_SERIAL,NVSHMEM,C0_DEFAULT,2048,8192,2048,16,12,1048576,23,0,0.000,0.000,0.000,0.000,PASS,0
mh_d0_C0_DEFAULT_N8192_q16_rep2,1,4,1,sm_89,D0_FCOLLECT_SERIAL,NVSHMEM,C0_DEFAULT,2048,8192,2048,16,13,1048576,23,0,0.000,0.000,0.000,0.000,PASS,0
mh_d0_C0_DEFAULT_N8192_q16_rep2,1,4,1,sm_89,D0_FCOLLECT_SERIAL,NVSHMEM,C0_DEFAULT,2048,8192,2048,16,14,1048576,23,0,0.000,0.000,0.000,0.000,PASS,0
mh_d0_C0_DEFAULT_N8192_q16_rep2,1,4,1,sm_89,D0_FCOLLECT_SERIAL,NVSHMEM,C0_DEFAULT,2048,8192,2048,16,15,1048576,23,0,0.000,0.000,0.000,0.000,PASS,0
mh_d0_C0_DEFAULT_N8192_q16_rep2,1,4,1,sm_89,D0_FCOLLECT_SERIAL,NVSHMEM,C0_DEFAULT,2048,8192,2048,16,0,1048576,24,0,550.752,559.008,14931.680,14372.672,PASS,0
mh_d0_C0_DEFAULT_N8192_q16_rep2,1,4,1,sm_89,D0_FCOLLECT_SERIAL,NVSHMEM,C0_DEFAULT,2048,8192,2048,16,1,1048576,24,0,0.000,0.000,0.000,0.000,PASS,0
mh_d0_C0_DEFAULT_N8192_q16_rep2,1,4,1,sm_89,D0_FCOLLECT_SERIAL,NVSHMEM,C0_DEFAULT,2048,8192,2048,16,2,1048576,24,0,0.000,0.000,0.000,0.000,PASS,0
mh_d0_C0_DEFAULT_N8192_q16_rep2,1,4,1,sm_89,D0_FCOLLECT_SERIAL,NVSHMEM,C0_DEFAULT,2048,8192,2048,16,3,1048576,24,0,0.000,0.000,0.000,0.000,PASS,0
mh_d0_C0_DEFAULT_N8192_q16_rep2,1,4,1,sm_89,D0_FCOLLECT_SERIAL,NVSHMEM,C0_DEFAULT,2048,8192,2048,16,4,1048576,24,0,0.000,0.000,0.000,0.000,PASS,0
mh_d0_C0_DEFAULT_N8192_q16_rep2,1,4,1,sm_89,D0_FCOLLECT_SERIAL,NVSHMEM,C0_DEFAULT,2048,8192,2048,16,5,1048576,24,0,0.000,0.000,0.000,0.000,PASS,0
mh_d0_C0_DEFAULT_N8192_q16_rep2,1,4,1,sm_89,D0_FCOLLECT_SERIAL,NVSHMEM,C0_DEFAULT,2048,8192,2048,16,6,1048576,24,0,0.000,0.000,0.000,0.000,PASS,0
mh_d0_C0_DEFAULT_N8192_q16_rep2,1,4,1,sm_89,D0_FCOLLECT_SERIAL,NVSHMEM,C0_DEFAULT,2048,8192,2048,16,7,1048576,24,0,0.000,0.000,0.000,0.000,PASS,0
mh_d0_C0_DEFAULT_N8192_q16_rep2,1,4,1,sm_89,D0_FCOLLECT_SERIAL,NVSHMEM,C0_DEFAULT,2048,8192,2048,16,8,1048576,24,0,0.000,0.000,0.000,0.000,PASS,0
mh_d0_C0_DEFAULT_N8192_q16_rep2,1,4,1,sm_89,D0_FCOLLECT_SERIAL,NVSHMEM,C0_DEFAULT,2048,8192,2048,16,9,1048576,24,0,0.000,0.000,0.000,0.000,PASS,0
mh_d0_C0_DEFAULT_N8192_q16_rep2,1,4,1,sm_89,D0_FCOLLECT_SERIAL,NVSHMEM,C0_DEFAULT,2048,8192,2048,16,10,1048576,24,0,0.000,0.000,0.000,0.000,PASS,0
mh_d0_C0_DEFAULT_N8192_q16_rep2,1,4,1,sm_89,D0_FCOLLECT_SERIAL,NVSHMEM,C0_DEFAULT,2048,8192,2048,16,11,1048576,24,0,0.000,0.000,0.000,0.000,PASS,0
mh_d0_C0_DEFAULT_N8192_q16_rep2,1,4,1,sm_89,D0_FCOLLECT_SERIAL,NVSHMEM,C0_DEFAULT,2048,8192,2048,16,12,1048576,24,0,0.000,0.000,0.000,0.000,PASS,0
mh_d0_C0_DEFAULT_N8192_q16_rep2,1,4,1,sm_89,D0_FCOLLECT_SERIAL,NVSHMEM,C0_DEFAULT,2048,8192,2048,16,13,1048576,24,0,0.000,0.000,0.000,0.000,PASS,0
mh_d0_C0_DEFAULT_N8192_q16_rep2,1,4,1,sm_89,D0_FCOLLECT_SERIAL,NVSHMEM,C0_DEFAULT,2048,8192,2048,16,14,1048576,24,0,0.000,0.000,0.000,0.000,PASS,0
mh_d0_C0_DEFAULT_N8192_q16_rep2,1,4,1,sm_89,D0_FCOLLECT_SERIAL,NVSHMEM,C0_DEFAULT,2048,8192,2048,16,15,1048576,24,0,0.000,0.000,0.000,0.000,PASS,0
mh_d0_C0_DEFAULT_N8192_q16_rep2,1,4,1,sm_89,D0_FCOLLECT_SERIAL,NVSHMEM,C0_DEFAULT,2048,8192,2048,16,0,1048576,25,0,547.680,555.680,14925.279,14369.601,PASS,0
mh_d0_C0_DEFAULT_N8192_q16_rep2,1,4,1,sm_89,D0_FCOLLECT_SERIAL,NVSHMEM,C0_DEFAULT,2048,8192,2048,16,1,1048576,25,0,0.000,0.000,0.000,0.000,PASS,0
mh_d0_C0_DEFAULT_N8192_q16_rep2,1,4,1,sm_89,D0_FCOLLECT_SERIAL,NVSHMEM,C0_DEFAULT,2048,8192,2048,16,2,1048576,25,0,0.000,0.000,0.000,0.000,PASS,0
mh_d0_C0_DEFAULT_N8192_q16_rep2,1,4,1,sm_89,D0_FCOLLECT_SERIAL,NVSHMEM,C0_DEFAULT,2048,8192,2048,16,3,1048576,25,0,0.000,0.000,0.000,0.000,PASS,0
mh_d0_C0_DEFAULT_N8192_q16_rep2,1,4,1,sm_89,D0_FCOLLECT_SERIAL,NVSHMEM,C0_DEFAULT,2048,8192,2048,16,4,1048576,25,0,0.000,0.000,0.000,0.000,PASS,0
mh_d0_C0_DEFAULT_N8192_q16_rep2,1,4,1,sm_89,D0_FCOLLECT_SERIAL,NVSHMEM,C0_DEFAULT,2048,8192,2048,16,5,1048576,25,0,0.000,0.000,0.000,0.000,PASS,0
mh_d0_C0_DEFAULT_N8192_q16_rep2,1,4,1,sm_89,D0_FCOLLECT_SERIAL,NVSHMEM,C0_DEFAULT,2048,8192,2048,16,6,1048576,25,0,0.000,0.000,0.000,0.000,PASS,0
mh_d0_C0_DEFAULT_N8192_q16_rep2,1,4,1,sm_89,D0_FCOLLECT_SERIAL,NVSHMEM,C0_DEFAULT,2048,8192,2048,16,7,1048576,25,0,0.000,0.000,0.000,0.000,PASS,0
mh_d0_C0_DEFAULT_N8192_q16_rep2,1,4,1,sm_89,D0_FCOLLECT_SERIAL,NVSHMEM,C0_DEFAULT,2048,8192,2048,16,8,1048576,25,0,0.000,0.000,0.000,0.000,PASS,0
mh_d0_C0_DEFAULT_N8192_q16_rep2,1,4,1,sm_89,D0_FCOLLECT_SERIAL,NVSHMEM,C0_DEFAULT,2048,8192,2048,16,9,1048576,25,0,0.000,0.000,0.000,0.000,PASS,0
mh_d0_C0_DEFAULT_N8192_q16_rep2,1,4,1,sm_89,D0_FCOLLECT_SERIAL,NVSHMEM,C0_DEFAULT,2048,8192,2048,16,10,1048576,25,0,0.000,0.000,0.000,0.000,PASS,0
mh_d0_C0_DEFAULT_N8192_q16_rep2,1,4,1,sm_89,D0_FCOLLECT_SERIAL,NVSHMEM,C0_DEFAULT,2048,8192,2048,16,11,1048576,25,0,0.000,0.000,0.000,0.000,PASS,0
mh_d0_C0_DEFAULT_N8192_q16_rep2,1,4,1,sm_89,D0_FCOLLECT_SERIAL,NVSHMEM,C0_DEFAULT,2048,8192,2048,16,12,1048576,25,0,0.000,0.000,0.000,0.000,PASS,0
mh_d0_C0_DEFAULT_N8192_q16_rep2,1,4,1,sm_89,D0_FCOLLECT_SERIAL,NVSHMEM,C0_DEFAULT,2048,8192,2048,16,13,1048576,25,0,0.000,0.000,0.000,0.000,PASS,0
mh_d0_C0_DEFAULT_N8192_q16_rep2,1,4,1,sm_89,D0_FCOLLECT_SERIAL,NVSHMEM,C0_DEFAULT,2048,8192,2048,16,14,1048576,25,0,0.000,0.000,0.000,0.000,PASS,0
mh_d0_C0_DEFAULT_N8192_q16_rep2,1,4,1,sm_89,D0_FCOLLECT_SERIAL,NVSHMEM,C0_DEFAULT,2048,8192,2048,16,15,1048576,25,0,0.000,0.000,0.000,0.000,PASS,0
mh_d0_C0_DEFAULT_N8192_q16_rep2,1,4,1,sm_89,D0_FCOLLECT_SERIAL,NVSHMEM,C0_DEFAULT,2048,8192,2048,16,0,1048576,26,0,550.208,558.240,14929.632,14371.393,PASS,0
mh_d0_C0_DEFAULT_N8192_q16_rep2,1,4,1,sm_89,D0_FCOLLECT_SERIAL,NVSHMEM,C0_DEFAULT,2048,8192,2048,16,1,1048576,26,0,0.000,0.000,0.000,0.000,PASS,0
mh_d0_C0_DEFAULT_N8192_q16_rep2,1,4,1,sm_89,D0_FCOLLECT_SERIAL,NVSHMEM,C0_DEFAULT,2048,8192,2048,16,2,1048576,26,0,0.000,0.000,0.000,0.000,PASS,0
mh_d0_C0_DEFAULT_N8192_q16_rep2,1,4,1,sm_89,D0_FCOLLECT_SERIAL,NVSHMEM,C0_DEFAULT,2048,8192,2048,16,3,1048576,26,0,0.000,0.000,0.000,0.000,PASS,0
mh_d0_C0_DEFAULT_N8192_q16_rep2,1,4,1,sm_89,D0_FCOLLECT_SERIAL,NVSHMEM,C0_DEFAULT,2048,8192,2048,16,4,1048576,26,0,0.000,0.000,0.000,0.000,PASS,0
mh_d0_C0_DEFAULT_N8192_q16_rep2,1,4,1,sm_89,D0_FCOLLECT_SERIAL,NVSHMEM,C0_DEFAULT,2048,8192,2048,16,5,1048576,26,0,0.000,0.000,0.000,0.000,PASS,0
mh_d0_C0_DEFAULT_N8192_q16_rep2,1,4,1,sm_89,D0_FCOLLECT_SERIAL,NVSHMEM,C0_DEFAULT,2048,8192,2048,16,6,1048576,26,0,0.000,0.000,0.000,0.000,PASS,0
mh_d0_C0_DEFAULT_N8192_q16_rep2,1,4,1,sm_89,D0_FCOLLECT_SERIAL,NVSHMEM,C0_DEFAULT,2048,8192,2048,16,7,1048576,26,0,0.000,0.000,0.000,0.000,PASS,0
mh_d0_C0_DEFAULT_N8192_q16_rep2,1,4,1,sm_89,D0_FCOLLECT_SERIAL,NVSHMEM,C0_DEFAULT,2048,8192,2048,16,8,1048576,26,0,0.000,0.000,0.000,0.000,PASS,0
mh_d0_C0_DEFAULT_N8192_q16_rep2,1,4,1,sm_89,D0_FCOLLECT_SERIAL,NVSHMEM,C0_DEFAULT,2048,8192,2048,16,9,1048576,26,0,0.000,0.000,0.000,0.000,PASS,0
mh_d0_C0_DEFAULT_N8192_q16_rep2,1,4,1,sm_89,D0_FCOLLECT_SERIAL,NVSHMEM,C0_DEFAULT,2048,8192,2048,16,10,1048576,26,0,0.000,0.000,0.000,0.000,PASS,0
mh_d0_C0_DEFAULT_N8192_q16_rep2,1,4,1,sm_89,D0_FCOLLECT_SERIAL,NVSHMEM,C0_DEFAULT,2048,8192,2048,16,11,1048576,26,0,0.000,0.000,0.000,0.000,PASS,0
mh_d0_C0_DEFAULT_N8192_q16_rep2,1,4,1,sm_89,D0_FCOLLECT_SERIAL,NVSHMEM,C0_DEFAULT,2048,8192,2048,16,12,1048576,26,0,0.000,0.000,0.000,0.000,PASS,0
mh_d0_C0_DEFAULT_N8192_q16_rep2,1,4,1,sm_89,D0_FCOLLECT_SERIAL,NVSHMEM,C0_DEFAULT,2048,8192,2048,16,13,1048576,26,0,0.000,0.000,0.000,0.000,PASS,0
mh_d0_C0_DEFAULT_N8192_q16_rep2,1,4,1,sm_89,D0_FCOLLECT_SERIAL,NVSHMEM,C0_DEFAULT,2048,8192,2048,16,14,1048576,26,0,0.000,0.000,0.000,0.000,PASS,0
mh_d0_C0_DEFAULT_N8192_q16_rep2,1,4,1,sm_89,D0_FCOLLECT_SERIAL,NVSHMEM,C0_DEFAULT,2048,8192,2048,16,15,1048576,26,0,0.000,0.000,0.000,0.000,PASS,0
mh_d0_C0_DEFAULT_N8192_q16_rep2,1,4,1,sm_89,D0_FCOLLECT_SERIAL,NVSHMEM,C0_DEFAULT,2048,8192,2048,16,0,1048576,27,0,561.472,569.632,14943.776,14374.144,PASS,0
mh_d0_C0_DEFAULT_N8192_q16_rep2,1,4,1,sm_89,D0_FCOLLECT_SERIAL,NVSHMEM,C0_DEFAULT,2048,8192,2048,16,1,1048576,27,0,0.000,0.000,0.000,0.000,PASS,0
mh_d0_C0_DEFAULT_N8192_q16_rep2,1,4,1,sm_89,D0_FCOLLECT_SERIAL,NVSHMEM,C0_DEFAULT,2048,8192,2048,16,2,1048576,27,0,0.000,0.000,0.000,0.000,PASS,0
mh_d0_C0_DEFAULT_N8192_q16_rep2,1,4,1,sm_89,D0_FCOLLECT_SERIAL,NVSHMEM,C0_DEFAULT,2048,8192,2048,16,3,1048576,27,0,0.000,0.000,0.000,0.000,PASS,0
mh_d0_C0_DEFAULT_N8192_q16_rep2,1,4,1,sm_89,D0_FCOLLECT_SERIAL,NVSHMEM,C0_DEFAULT,2048,8192,2048,16,4,1048576,27,0,0.000,0.000,0.000,0.000,PASS,0
mh_d0_C0_DEFAULT_N8192_q16_rep2,1,4,1,sm_89,D0_FCOLLECT_SERIAL,NVSHMEM,C0_DEFAULT,2048,8192,2048,16,5,1048576,27,0,0.000,0.000,0.000,0.000,PASS,0
mh_d0_C0_DEFAULT_N8192_q16_rep2,1,4,1,sm_89,D0_FCOLLECT_SERIAL,NVSHMEM,C0_DEFAULT,2048,8192,2048,16,6,1048576,27,0,0.000,0.000,0.000,0.000,PASS,0
mh_d0_C0_DEFAULT_N8192_q16_rep2,1,4,1,sm_89,D0_FCOLLECT_SERIAL,NVSHMEM,C0_DEFAULT,2048,8192,2048,16,7,1048576,27,0,0.000,0.000,0.000,0.000,PASS,0
mh_d0_C0_DEFAULT_N8192_q16_rep2,1,4,1,sm_89,D0_FCOLLECT_SERIAL,NVSHMEM,C0_DEFAULT,2048,8192,2048,16,8,1048576,27,0,0.000,0.000,0.000,0.000,PASS,0
mh_d0_C0_DEFAULT_N8192_q16_rep2,1,4,1,sm_89,D0_FCOLLECT_SERIAL,NVSHMEM,C0_DEFAULT,2048,8192,2048,16,9,1048576,27,0,0.000,0.000,0.000,0.000,PASS,0
mh_d0_C0_DEFAULT_N8192_q16_rep2,1,4,1,sm_89,D0_FCOLLECT_SERIAL,NVSHMEM,C0_DEFAULT,2048,8192,2048,16,10,1048576,27,0,0.000,0.000,0.000,0.000,PASS,0
mh_d0_C0_DEFAULT_N8192_q16_rep2,1,4,1,sm_89,D0_FCOLLECT_SERIAL,NVSHMEM,C0_DEFAULT,2048,8192,2048,16,11,1048576,27,0,0.000,0.000,0.000,0.000,PASS,0
mh_d0_C0_DEFAULT_N8192_q16_rep2,1,4,1,sm_89,D0_FCOLLECT_SERIAL,NVSHMEM,C0_DEFAULT,2048,8192,2048,16,12,1048576,27,0,0.000,0.000,0.000,0.000,PASS,0
mh_d0_C0_DEFAULT_N8192_q16_rep2,1,4,1,sm_89,D0_FCOLLECT_SERIAL,NVSHMEM,C0_DEFAULT,2048,8192,2048,16,13,1048576,27,0,0.000,0.000,0.000,0.000,PASS,0
mh_d0_C0_DEFAULT_N8192_q16_rep2,1,4,1,sm_89,D0_FCOLLECT_SERIAL,NVSHMEM,C0_DEFAULT,2048,8192,2048,16,14,1048576,27,0,0.000,0.000,0.000,0.000,PASS,0
mh_d0_C0_DEFAULT_N8192_q16_rep2,1,4,1,sm_89,D0_FCOLLECT_SERIAL,NVSHMEM,C0_DEFAULT,2048,8192,2048,16,15,1048576,27,0,0.000,0.000,0.000,0.000,PASS,0
mh_d0_C0_DEFAULT_N8192_q16_rep2,1,4,1,sm_89,D0_FCOLLECT_SERIAL,NVSHMEM,C0_DEFAULT,2048,8192,2048,16,0,1048576,28,0,557.536,565.856,14938.720,14372.863,PASS,0
mh_d0_C0_DEFAULT_N8192_q16_rep2,1,4,1,sm_89,D0_FCOLLECT_SERIAL,NVSHMEM,C0_DEFAULT,2048,8192,2048,16,1,1048576,28,0,0.000,0.000,0.000,0.000,PASS,0
mh_d0_C0_DEFAULT_N8192_q16_rep2,1,4,1,sm_89,D0_FCOLLECT_SERIAL,NVSHMEM,C0_DEFAULT,2048,8192,2048,16,2,1048576,28,0,0.000,0.000,0.000,0.000,PASS,0
mh_d0_C0_DEFAULT_N8192_q16_rep2,1,4,1,sm_89,D0_FCOLLECT_SERIAL,NVSHMEM,C0_DEFAULT,2048,8192,2048,16,3,1048576,28,0,0.000,0.000,0.000,0.000,PASS,0
mh_d0_C0_DEFAULT_N8192_q16_rep2,1,4,1,sm_89,D0_FCOLLECT_SERIAL,NVSHMEM,C0_DEFAULT,2048,8192,2048,16,4,1048576,28,0,0.000,0.000,0.000,0.000,PASS,0
mh_d0_C0_DEFAULT_N8192_q16_rep2,1,4,1,sm_89,D0_FCOLLECT_SERIAL,NVSHMEM,C0_DEFAULT,2048,8192,2048,16,5,1048576,28,0,0.000,0.000,0.000,0.000,PASS,0
mh_d0_C0_DEFAULT_N8192_q16_rep2,1,4,1,sm_89,D0_FCOLLECT_SERIAL,NVSHMEM,C0_DEFAULT,2048,8192,2048,16,6,1048576,28,0,0.000,0.000,0.000,0.000,PASS,0
mh_d0_C0_DEFAULT_N8192_q16_rep2,1,4,1,sm_89,D0_FCOLLECT_SERIAL,NVSHMEM,C0_DEFAULT,2048,8192,2048,16,7,1048576,28,0,0.000,0.000,0.000,0.000,PASS,0
mh_d0_C0_DEFAULT_N8192_q16_rep2,1,4,1,sm_89,D0_FCOLLECT_SERIAL,NVSHMEM,C0_DEFAULT,2048,8192,2048,16,8,1048576,28,0,0.000,0.000,0.000,0.000,PASS,0
mh_d0_C0_DEFAULT_N8192_q16_rep2,1,4,1,sm_89,D0_FCOLLECT_SERIAL,NVSHMEM,C0_DEFAULT,2048,8192,2048,16,9,1048576,28,0,0.000,0.000,0.000,0.000,PASS,0
mh_d0_C0_DEFAULT_N8192_q16_rep2,1,4,1,sm_89,D0_FCOLLECT_SERIAL,NVSHMEM,C0_DEFAULT,2048,8192,2048,16,10,1048576,28,0,0.000,0.000,0.000,0.000,PASS,0
mh_d0_C0_DEFAULT_N8192_q16_rep2,1,4,1,sm_89,D0_FCOLLECT_SERIAL,NVSHMEM,C0_DEFAULT,2048,8192,2048,16,11,1048576,28,0,0.000,0.000,0.000,0.000,PASS,0
mh_d0_C0_DEFAULT_N8192_q16_rep2,1,4,1,sm_89,D0_FCOLLECT_SERIAL,NVSHMEM,C0_DEFAULT,2048,8192,2048,16,12,1048576,28,0,0.000,0.000,0.000,0.000,PASS,0
mh_d0_C0_DEFAULT_N8192_q16_rep2,1,4,1,sm_89,D0_FCOLLECT_SERIAL,NVSHMEM,C0_DEFAULT,2048,8192,2048,16,13,1048576,28,0,0.000,0.000,0.000,0.000,PASS,0
mh_d0_C0_DEFAULT_N8192_q16_rep2,1,4,1,sm_89,D0_FCOLLECT_SERIAL,NVSHMEM,C0_DEFAULT,2048,8192,2048,16,14,1048576,28,0,0.000,0.000,0.000,0.000,PASS,0
mh_d0_C0_DEFAULT_N8192_q16_rep2,1,4,1,sm_89,D0_FCOLLECT_SERIAL,NVSHMEM,C0_DEFAULT,2048,8192,2048,16,15,1048576,28,0,0.000,0.000,0.000,0.000,PASS,0
mh_d0_C0_DEFAULT_N8192_q16_rep2,1,4,1,sm_89,D0_FCOLLECT_SERIAL,NVSHMEM,C0_DEFAULT,2048,8192,2048,16,0,1048576,29,0,557.728,565.920,14939.424,14373.504,PASS,0
mh_d0_C0_DEFAULT_N8192_q16_rep2,1,4,1,sm_89,D0_FCOLLECT_SERIAL,NVSHMEM,C0_DEFAULT,2048,8192,2048,16,1,1048576,29,0,0.000,0.000,0.000,0.000,PASS,0
mh_d0_C0_DEFAULT_N8192_q16_rep2,1,4,1,sm_89,D0_FCOLLECT_SERIAL,NVSHMEM,C0_DEFAULT,2048,8192,2048,16,2,1048576,29,0,0.000,0.000,0.000,0.000,PASS,0
mh_d0_C0_DEFAULT_N8192_q16_rep2,1,4,1,sm_89,D0_FCOLLECT_SERIAL,NVSHMEM,C0_DEFAULT,2048,8192,2048,16,3,1048576,29,0,0.000,0.000,0.000,0.000,PASS,0
mh_d0_C0_DEFAULT_N8192_q16_rep2,1,4,1,sm_89,D0_FCOLLECT_SERIAL,NVSHMEM,C0_DEFAULT,2048,8192,2048,16,4,1048576,29,0,0.000,0.000,0.000,0.000,PASS,0
mh_d0_C0_DEFAULT_N8192_q16_rep2,1,4,1,sm_89,D0_FCOLLECT_SERIAL,NVSHMEM,C0_DEFAULT,2048,8192,2048,16,5,1048576,29,0,0.000,0.000,0.000,0.000,PASS,0
mh_d0_C0_DEFAULT_N8192_q16_rep2,1,4,1,sm_89,D0_FCOLLECT_SERIAL,NVSHMEM,C0_DEFAULT,2048,8192,2048,16,6,1048576,29,0,0.000,0.000,0.000,0.000,PASS,0
mh_d0_C0_DEFAULT_N8192_q16_rep2,1,4,1,sm_89,D0_FCOLLECT_SERIAL,NVSHMEM,C0_DEFAULT,2048,8192,2048,16,7,1048576,29,0,0.000,0.000,0.000,0.000,PASS,0
mh_d0_C0_DEFAULT_N8192_q16_rep2,1,4,1,sm_89,D0_FCOLLECT_SERIAL,NVSHMEM,C0_DEFAULT,2048,8192,2048,16,8,1048576,29,0,0.000,0.000,0.000,0.000,PASS,0
mh_d0_C0_DEFAULT_N8192_q16_rep2,1,4,1,sm_89,D0_FCOLLECT_SERIAL,NVSHMEM,C0_DEFAULT,2048,8192,2048,16,9,1048576,29,0,0.000,0.000,0.000,0.000,PASS,0
mh_d0_C0_DEFAULT_N8192_q16_rep2,1,4,1,sm_89,D0_FCOLLECT_SERIAL,NVSHMEM,C0_DEFAULT,2048,8192,2048,16,10,1048576,29,0,0.000,0.000,0.000,0.000,PASS,0
mh_d0_C0_DEFAULT_N8192_q16_rep2,1,4,1,sm_89,D0_FCOLLECT_SERIAL,NVSHMEM,C0_DEFAULT,2048,8192,2048,16,11,1048576,29,0,0.000,0.000,0.000,0.000,PASS,0
mh_d0_C0_DEFAULT_N8192_q16_rep2,1,4,1,sm_89,D0_FCOLLECT_SERIAL,NVSHMEM,C0_DEFAULT,2048,8192,2048,16,12,1048576,29,0,0.000,0.000,0.000,0.000,PASS,0
mh_d0_C0_DEFAULT_N8192_q16_rep2,1,4,1,sm_89,D0_FCOLLECT_SERIAL,NVSHMEM,C0_DEFAULT,2048,8192,2048,16,13,1048576,29,0,0.000,0.000,0.000,0.000,PASS,0
mh_d0_C0_DEFAULT_N8192_q16_rep2,1,4,1,sm_89,D0_FCOLLECT_SERIAL,NVSHMEM,C0_DEFAULT,2048,8192,2048,16,14,1048576,29,0,0.000,0.000,0.000,0.000,PASS,0
mh_d0_C0_DEFAULT_N8192_q16_rep2,1,4,1,sm_89,D0_FCOLLECT_SERIAL,NVSHMEM,C0_DEFAULT,2048,8192,2048,16,15,1048576,29,0,0.000,0.000,0.000,0.000,PASS,0
mh_d0_C0_DEFAULT_N8192_q16_rep2,1,4,1,sm_89,D0_FCOLLECT_SERIAL,NVSHMEM,C0_DEFAULT,2048,8192,2048,16,0,1048576,30,0,559.392,567.520,14940.832,14373.312,PASS,0
mh_d0_C0_DEFAULT_N8192_q16_rep2,1,4,1,sm_89,D0_FCOLLECT_SERIAL,NVSHMEM,C0_DEFAULT,2048,8192,2048,16,1,1048576,30,0,0.000,0.000,0.000,0.000,PASS,0
mh_d0_C0_DEFAULT_N8192_q16_rep2,1,4,1,sm_89,D0_FCOLLECT_SERIAL,NVSHMEM,C0_DEFAULT,2048,8192,2048,16,2,1048576,30,0,0.000,0.000,0.000,0.000,PASS,0
mh_d0_C0_DEFAULT_N8192_q16_rep2,1,4,1,sm_89,D0_FCOLLECT_SERIAL,NVSHMEM,C0_DEFAULT,2048,8192,2048,16,3,1048576,30,0,0.000,0.000,0.000,0.000,PASS,0
mh_d0_C0_DEFAULT_N8192_q16_rep2,1,4,1,sm_89,D0_FCOLLECT_SERIAL,NVSHMEM,C0_DEFAULT,2048,8192,2048,16,4,1048576,30,0,0.000,0.000,0.000,0.000,PASS,0
mh_d0_C0_DEFAULT_N8192_q16_rep2,1,4,1,sm_89,D0_FCOLLECT_SERIAL,NVSHMEM,C0_DEFAULT,2048,8192,2048,16,5,1048576,30,0,0.000,0.000,0.000,0.000,PASS,0
mh_d0_C0_DEFAULT_N8192_q16_rep2,1,4,1,sm_89,D0_FCOLLECT_SERIAL,NVSHMEM,C0_DEFAULT,2048,8192,2048,16,6,1048576,30,0,0.000,0.000,0.000,0.000,PASS,0
mh_d0_C0_DEFAULT_N8192_q16_rep2,1,4,1,sm_89,D0_FCOLLECT_SERIAL,NVSHMEM,C0_DEFAULT,2048,8192,2048,16,7,1048576,30,0,0.000,0.000,0.000,0.000,PASS,0
mh_d0_C0_DEFAULT_N8192_q16_rep2,1,4,1,sm_89,D0_FCOLLECT_SERIAL,NVSHMEM,C0_DEFAULT,2048,8192,2048,16,8,1048576,30,0,0.000,0.000,0.000,0.000,PASS,0
mh_d0_C0_DEFAULT_N8192_q16_rep2,1,4,1,sm_89,D0_FCOLLECT_SERIAL,NVSHMEM,C0_DEFAULT,2048,8192,2048,16,9,1048576,30,0,0.000,0.000,0.000,0.000,PASS,0
mh_d0_C0_DEFAULT_N8192_q16_rep2,1,4,1,sm_89,D0_FCOLLECT_SERIAL,NVSHMEM,C0_DEFAULT,2048,8192,2048,16,10,1048576,30,0,0.000,0.000,0.000,0.000,PASS,0
mh_d0_C0_DEFAULT_N8192_q16_rep2,1,4,1,sm_89,D0_FCOLLECT_SERIAL,NVSHMEM,C0_DEFAULT,2048,8192,2048,16,11,1048576,30,0,0.000,0.000,0.000,0.000,PASS,0
mh_d0_C0_DEFAULT_N8192_q16_rep2,1,4,1,sm_89,D0_FCOLLECT_SERIAL,NVSHMEM,C0_DEFAULT,2048,8192,2048,16,12,1048576,30,0,0.000,0.000,0.000,0.000,PASS,0
mh_d0_C0_DEFAULT_N8192_q16_rep2,1,4,1,sm_89,D0_FCOLLECT_SERIAL,NVSHMEM,C0_DEFAULT,2048,8192,2048,16,13,1048576,30,0,0.000,0.000,0.000,0.000,PASS,0
mh_d0_C0_DEFAULT_N8192_q16_rep2,1,4,1,sm_89,D0_FCOLLECT_SERIAL,NVSHMEM,C0_DEFAULT,2048,8192,2048,16,14,1048576,30,0,0.000,0.000,0.000,0.000,PASS,0
mh_d0_C0_DEFAULT_N8192_q16_rep2,1,4,1,sm_89,D0_FCOLLECT_SERIAL,NVSHMEM,C0_DEFAULT,2048,8192,2048,16,15,1048576,30,0,0.000,0.000,0.000,0.000,PASS,0
mh_d0_C0_DEFAULT_N8192_q16_rep2,1,4,1,sm_89,D0_FCOLLECT_SERIAL,NVSHMEM,C0_DEFAULT,2048,8192,2048,16,0,1048576,31,0,552.864,561.056,14934.017,14372.960,PASS,0
mh_d0_C0_DEFAULT_N8192_q16_rep2,1,4,1,sm_89,D0_FCOLLECT_SERIAL,NVSHMEM,C0_DEFAULT,2048,8192,2048,16,1,1048576,31,0,0.000,0.000,0.000,0.000,PASS,0
mh_d0_C0_DEFAULT_N8192_q16_rep2,1,4,1,sm_89,D0_FCOLLECT_SERIAL,NVSHMEM,C0_DEFAULT,2048,8192,2048,16,2,1048576,31,0,0.000,0.000,0.000,0.000,PASS,0
mh_d0_C0_DEFAULT_N8192_q16_rep2,1,4,1,sm_89,D0_FCOLLECT_SERIAL,NVSHMEM,C0_DEFAULT,2048,8192,2048,16,3,1048576,31,0,0.000,0.000,0.000,0.000,PASS,0
mh_d0_C0_DEFAULT_N8192_q16_rep2,1,4,1,sm_89,D0_FCOLLECT_SERIAL,NVSHMEM,C0_DEFAULT,2048,8192,2048,16,4,1048576,31,0,0.000,0.000,0.000,0.000,PASS,0
mh_d0_C0_DEFAULT_N8192_q16_rep2,1,4,1,sm_89,D0_FCOLLECT_SERIAL,NVSHMEM,C0_DEFAULT,2048,8192,2048,16,5,1048576,31,0,0.000,0.000,0.000,0.000,PASS,0
mh_d0_C0_DEFAULT_N8192_q16_rep2,1,4,1,sm_89,D0_FCOLLECT_SERIAL,NVSHMEM,C0_DEFAULT,2048,8192,2048,16,6,1048576,31,0,0.000,0.000,0.000,0.000,PASS,0
mh_d0_C0_DEFAULT_N8192_q16_rep2,1,4,1,sm_89,D0_FCOLLECT_SERIAL,NVSHMEM,C0_DEFAULT,2048,8192,2048,16,7,1048576,31,0,0.000,0.000,0.000,0.000,PASS,0
mh_d0_C0_DEFAULT_N8192_q16_rep2,1,4,1,sm_89,D0_FCOLLECT_SERIAL,NVSHMEM,C0_DEFAULT,2048,8192,2048,16,8,1048576,31,0,0.000,0.000,0.000,0.000,PASS,0
mh_d0_C0_DEFAULT_N8192_q16_rep2,1,4,1,sm_89,D0_FCOLLECT_SERIAL,NVSHMEM,C0_DEFAULT,2048,8192,2048,16,9,1048576,31,0,0.000,0.000,0.000,0.000,PASS,0
mh_d0_C0_DEFAULT_N8192_q16_rep2,1,4,1,sm_89,D0_FCOLLECT_SERIAL,NVSHMEM,C0_DEFAULT,2048,8192,2048,16,10,1048576,31,0,0.000,0.000,0.000,0.000,PASS,0
mh_d0_C0_DEFAULT_N8192_q16_rep2,1,4,1,sm_89,D0_FCOLLECT_SERIAL,NVSHMEM,C0_DEFAULT,2048,8192,2048,16,11,1048576,31,0,0.000,0.000,0.000,0.000,PASS,0
mh_d0_C0_DEFAULT_N8192_q16_rep2,1,4,1,sm_89,D0_FCOLLECT_SERIAL,NVSHMEM,C0_DEFAULT,2048,8192,2048,16,12,1048576,31,0,0.000,0.000,0.000,0.000,PASS,0
mh_d0_C0_DEFAULT_N8192_q16_rep2,1,4,1,sm_89,D0_FCOLLECT_SERIAL,NVSHMEM,C0_DEFAULT,2048,8192,2048,16,13,1048576,31,0,0.000,0.000,0.000,0.000,PASS,0
mh_d0_C0_DEFAULT_N8192_q16_rep2,1,4,1,sm_89,D0_FCOLLECT_SERIAL,NVSHMEM,C0_DEFAULT,2048,8192,2048,16,14,1048576,31,0,0.000,0.000,0.000,0.000,PASS,0
mh_d0_C0_DEFAULT_N8192_q16_rep2,1,4,1,sm_89,D0_FCOLLECT_SERIAL,NVSHMEM,C0_DEFAULT,2048,8192,2048,16,15,1048576,31,0,0.000,0.000,0.000,0.000,PASS,0
mh_d0_C0_DEFAULT_N8192_q16_rep2,1,4,1,sm_89,D0_FCOLLECT_SERIAL,NVSHMEM,C0_DEFAULT,2048,8192,2048,16,0,1048576,32,0,552.640,560.640,14930.688,14370.048,PASS,0
mh_d0_C0_DEFAULT_N8192_q16_rep2,1,4,1,sm_89,D0_FCOLLECT_SERIAL,NVSHMEM,C0_DEFAULT,2048,8192,2048,16,1,1048576,32,0,0.000,0.000,0.000,0.000,PASS,0
mh_d0_C0_DEFAULT_N8192_q16_rep2,1,4,1,sm_89,D0_FCOLLECT_SERIAL,NVSHMEM,C0_DEFAULT,2048,8192,2048,16,2,1048576,32,0,0.000,0.000,0.000,0.000,PASS,0
mh_d0_C0_DEFAULT_N8192_q16_rep2,1,4,1,sm_89,D0_FCOLLECT_SERIAL,NVSHMEM,C0_DEFAULT,2048,8192,2048,16,3,1048576,32,0,0.000,0.000,0.000,0.000,PASS,0
mh_d0_C0_DEFAULT_N8192_q16_rep2,1,4,1,sm_89,D0_FCOLLECT_SERIAL,NVSHMEM,C0_DEFAULT,2048,8192,2048,16,4,1048576,32,0,0.000,0.000,0.000,0.000,PASS,0
mh_d0_C0_DEFAULT_N8192_q16_rep2,1,4,1,sm_89,D0_FCOLLECT_SERIAL,NVSHMEM,C0_DEFAULT,2048,8192,2048,16,5,1048576,32,0,0.000,0.000,0.000,0.000,PASS,0
mh_d0_C0_DEFAULT_N8192_q16_rep2,1,4,1,sm_89,D0_FCOLLECT_SERIAL,NVSHMEM,C0_DEFAULT,2048,8192,2048,16,6,1048576,32,0,0.000,0.000,0.000,0.000,PASS,0
mh_d0_C0_DEFAULT_N8192_q16_rep2,1,4,1,sm_89,D0_FCOLLECT_SERIAL,NVSHMEM,C0_DEFAULT,2048,8192,2048,16,7,1048576,32,0,0.000,0.000,0.000,0.000,PASS,0
mh_d0_C0_DEFAULT_N8192_q16_rep2,1,4,1,sm_89,D0_FCOLLECT_SERIAL,NVSHMEM,C0_DEFAULT,2048,8192,2048,16,8,1048576,32,0,0.000,0.000,0.000,0.000,PASS,0
mh_d0_C0_DEFAULT_N8192_q16_rep2,1,4,1,sm_89,D0_FCOLLECT_SERIAL,NVSHMEM,C0_DEFAULT,2048,8192,2048,16,9,1048576,32,0,0.000,0.000,0.000,0.000,PASS,0
mh_d0_C0_DEFAULT_N8192_q16_rep2,1,4,1,sm_89,D0_FCOLLECT_SERIAL,NVSHMEM,C0_DEFAULT,2048,8192,2048,16,10,1048576,32,0,0.000,0.000,0.000,0.000,PASS,0
mh_d0_C0_DEFAULT_N8192_q16_rep2,1,4,1,sm_89,D0_FCOLLECT_SERIAL,NVSHMEM,C0_DEFAULT,2048,8192,2048,16,11,1048576,32,0,0.000,0.000,0.000,0.000,PASS,0
mh_d0_C0_DEFAULT_N8192_q16_rep2,1,4,1,sm_89,D0_FCOLLECT_SERIAL,NVSHMEM,C0_DEFAULT,2048,8192,2048,16,12,1048576,32,0,0.000,0.000,0.000,0.000,PASS,0
mh_d0_C0_DEFAULT_N8192_q16_rep2,1,4,1,sm_89,D0_FCOLLECT_SERIAL,NVSHMEM,C0_DEFAULT,2048,8192,2048,16,13,1048576,32,0,0.000,0.000,0.000,0.000,PASS,0
mh_d0_C0_DEFAULT_N8192_q16_rep2,1,4,1,sm_89,D0_FCOLLECT_SERIAL,NVSHMEM,C0_DEFAULT,2048,8192,2048,16,14,1048576,32,0,0.000,0.000,0.000,0.000,PASS,0
mh_d0_C0_DEFAULT_N8192_q16_rep2,1,4,1,sm_89,D0_FCOLLECT_SERIAL,NVSHMEM,C0_DEFAULT,2048,8192,2048,16,15,1048576,32,0,0.000,0.000,0.000,0.000,PASS,0
mh_d0_C0_DEFAULT_N8192_q16_rep2,1,4,1,sm_89,D0_FCOLLECT_SERIAL,NVSHMEM,C0_DEFAULT,2048,8192,2048,16,0,1048576,33,0,548.096,556.288,14928.160,14371.872,PASS,0
mh_d0_C0_DEFAULT_N8192_q16_rep2,1,4,1,sm_89,D0_FCOLLECT_SERIAL,NVSHMEM,C0_DEFAULT,2048,8192,2048,16,1,1048576,33,0,0.000,0.000,0.000,0.000,PASS,0
mh_d0_C0_DEFAULT_N8192_q16_rep2,1,4,1,sm_89,D0_FCOLLECT_SERIAL,NVSHMEM,C0_DEFAULT,2048,8192,2048,16,2,1048576,33,0,0.000,0.000,0.000,0.000,PASS,0
mh_d0_C0_DEFAULT_N8192_q16_rep2,1,4,1,sm_89,D0_FCOLLECT_SERIAL,NVSHMEM,C0_DEFAULT,2048,8192,2048,16,3,1048576,33,0,0.000,0.000,0.000,0.000,PASS,0
mh_d0_C0_DEFAULT_N8192_q16_rep2,1,4,1,sm_89,D0_FCOLLECT_SERIAL,NVSHMEM,C0_DEFAULT,2048,8192,2048,16,4,1048576,33,0,0.000,0.000,0.000,0.000,PASS,0
mh_d0_C0_DEFAULT_N8192_q16_rep2,1,4,1,sm_89,D0_FCOLLECT_SERIAL,NVSHMEM,C0_DEFAULT,2048,8192,2048,16,5,1048576,33,0,0.000,0.000,0.000,0.000,PASS,0
mh_d0_C0_DEFAULT_N8192_q16_rep2,1,4,1,sm_89,D0_FCOLLECT_SERIAL,NVSHMEM,C0_DEFAULT,2048,8192,2048,16,6,1048576,33,0,0.000,0.000,0.000,0.000,PASS,0
mh_d0_C0_DEFAULT_N8192_q16_rep2,1,4,1,sm_89,D0_FCOLLECT_SERIAL,NVSHMEM,C0_DEFAULT,2048,8192,2048,16,7,1048576,33,0,0.000,0.000,0.000,0.000,PASS,0
mh_d0_C0_DEFAULT_N8192_q16_rep2,1,4,1,sm_89,D0_FCOLLECT_SERIAL,NVSHMEM,C0_DEFAULT,2048,8192,2048,16,8,1048576,33,0,0.000,0.000,0.000,0.000,PASS,0
mh_d0_C0_DEFAULT_N8192_q16_rep2,1,4,1,sm_89,D0_FCOLLECT_SERIAL,NVSHMEM,C0_DEFAULT,2048,8192,2048,16,9,1048576,33,0,0.000,0.000,0.000,0.000,PASS,0
mh_d0_C0_DEFAULT_N8192_q16_rep2,1,4,1,sm_89,D0_FCOLLECT_SERIAL,NVSHMEM,C0_DEFAULT,2048,8192,2048,16,10,1048576,33,0,0.000,0.000,0.000,0.000,PASS,0
mh_d0_C0_DEFAULT_N8192_q16_rep2,1,4,1,sm_89,D0_FCOLLECT_SERIAL,NVSHMEM,C0_DEFAULT,2048,8192,2048,16,11,1048576,33,0,0.000,0.000,0.000,0.000,PASS,0
mh_d0_C0_DEFAULT_N8192_q16_rep2,1,4,1,sm_89,D0_FCOLLECT_SERIAL,NVSHMEM,C0_DEFAULT,2048,8192,2048,16,12,1048576,33,0,0.000,0.000,0.000,0.000,PASS,0
mh_d0_C0_DEFAULT_N8192_q16_rep2,1,4,1,sm_89,D0_FCOLLECT_SERIAL,NVSHMEM,C0_DEFAULT,2048,8192,2048,16,13,1048576,33,0,0.000,0.000,0.000,0.000,PASS,0
mh_d0_C0_DEFAULT_N8192_q16_rep2,1,4,1,sm_89,D0_FCOLLECT_SERIAL,NVSHMEM,C0_DEFAULT,2048,8192,2048,16,14,1048576,33,0,0.000,0.000,0.000,0.000,PASS,0
mh_d0_C0_DEFAULT_N8192_q16_rep2,1,4,1,sm_89,D0_FCOLLECT_SERIAL,NVSHMEM,C0_DEFAULT,2048,8192,2048,16,15,1048576,33,0,0.000,0.000,0.000,0.000,PASS,0
mh_d0_C0_DEFAULT_N8192_q16_rep2,1,4,1,sm_89,D0_FCOLLECT_SERIAL,NVSHMEM,C0_DEFAULT,2048,8192,2048,16,0,1048576,34,0,561.280,569.472,14940.416,14370.944,PASS,0
mh_d0_C0_DEFAULT_N8192_q16_rep2,1,4,1,sm_89,D0_FCOLLECT_SERIAL,NVSHMEM,C0_DEFAULT,2048,8192,2048,16,1,1048576,34,0,0.000,0.000,0.000,0.000,PASS,0
mh_d0_C0_DEFAULT_N8192_q16_rep2,1,4,1,sm_89,D0_FCOLLECT_SERIAL,NVSHMEM,C0_DEFAULT,2048,8192,2048,16,2,1048576,34,0,0.000,0.000,0.000,0.000,PASS,0
mh_d0_C0_DEFAULT_N8192_q16_rep2,1,4,1,sm_89,D0_FCOLLECT_SERIAL,NVSHMEM,C0_DEFAULT,2048,8192,2048,16,3,1048576,34,0,0.000,0.000,0.000,0.000,PASS,0
mh_d0_C0_DEFAULT_N8192_q16_rep2,1,4,1,sm_89,D0_FCOLLECT_SERIAL,NVSHMEM,C0_DEFAULT,2048,8192,2048,16,4,1048576,34,0,0.000,0.000,0.000,0.000,PASS,0
mh_d0_C0_DEFAULT_N8192_q16_rep2,1,4,1,sm_89,D0_FCOLLECT_SERIAL,NVSHMEM,C0_DEFAULT,2048,8192,2048,16,5,1048576,34,0,0.000,0.000,0.000,0.000,PASS,0
mh_d0_C0_DEFAULT_N8192_q16_rep2,1,4,1,sm_89,D0_FCOLLECT_SERIAL,NVSHMEM,C0_DEFAULT,2048,8192,2048,16,6,1048576,34,0,0.000,0.000,0.000,0.000,PASS,0
mh_d0_C0_DEFAULT_N8192_q16_rep2,1,4,1,sm_89,D0_FCOLLECT_SERIAL,NVSHMEM,C0_DEFAULT,2048,8192,2048,16,7,1048576,34,0,0.000,0.000,0.000,0.000,PASS,0
mh_d0_C0_DEFAULT_N8192_q16_rep2,1,4,1,sm_89,D0_FCOLLECT_SERIAL,NVSHMEM,C0_DEFAULT,2048,8192,2048,16,8,1048576,34,0,0.000,0.000,0.000,0.000,PASS,0
mh_d0_C0_DEFAULT_N8192_q16_rep2,1,4,1,sm_89,D0_FCOLLECT_SERIAL,NVSHMEM,C0_DEFAULT,2048,8192,2048,16,9,1048576,34,0,0.000,0.000,0.000,0.000,PASS,0
mh_d0_C0_DEFAULT_N8192_q16_rep2,1,4,1,sm_89,D0_FCOLLECT_SERIAL,NVSHMEM,C0_DEFAULT,2048,8192,2048,16,10,1048576,34,0,0.000,0.000,0.000,0.000,PASS,0
mh_d0_C0_DEFAULT_N8192_q16_rep2,1,4,1,sm_89,D0_FCOLLECT_SERIAL,NVSHMEM,C0_DEFAULT,2048,8192,2048,16,11,1048576,34,0,0.000,0.000,0.000,0.000,PASS,0
mh_d0_C0_DEFAULT_N8192_q16_rep2,1,4,1,sm_89,D0_FCOLLECT_SERIAL,NVSHMEM,C0_DEFAULT,2048,8192,2048,16,12,1048576,34,0,0.000,0.000,0.000,0.000,PASS,0
mh_d0_C0_DEFAULT_N8192_q16_rep2,1,4,1,sm_89,D0_FCOLLECT_SERIAL,NVSHMEM,C0_DEFAULT,2048,8192,2048,16,13,1048576,34,0,0.000,0.000,0.000,0.000,PASS,0
mh_d0_C0_DEFAULT_N8192_q16_rep2,1,4,1,sm_89,D0_FCOLLECT_SERIAL,NVSHMEM,C0_DEFAULT,2048,8192,2048,16,14,1048576,34,0,0.000,0.000,0.000,0.000,PASS,0
mh_d0_C0_DEFAULT_N8192_q16_rep2,1,4,1,sm_89,D0_FCOLLECT_SERIAL,NVSHMEM,C0_DEFAULT,2048,8192,2048,16,15,1048576,34,0,0.000,0.000,0.000,0.000,PASS,0
mh_d0_C0_DEFAULT_N8192_q16_rep2,1,4,1,sm_89,D0_FCOLLECT_SERIAL,NVSHMEM,C0_DEFAULT,2048,8192,2048,16,0,1048576,35,0,563.616,571.808,14943.744,14371.936,PASS,0
mh_d0_C0_DEFAULT_N8192_q16_rep2,1,4,1,sm_89,D0_FCOLLECT_SERIAL,NVSHMEM,C0_DEFAULT,2048,8192,2048,16,1,1048576,35,0,0.000,0.000,0.000,0.000,PASS,0
mh_d0_C0_DEFAULT_N8192_q16_rep2,1,4,1,sm_89,D0_FCOLLECT_SERIAL,NVSHMEM,C0_DEFAULT,2048,8192,2048,16,2,1048576,35,0,0.000,0.000,0.000,0.000,PASS,0
mh_d0_C0_DEFAULT_N8192_q16_rep2,1,4,1,sm_89,D0_FCOLLECT_SERIAL,NVSHMEM,C0_DEFAULT,2048,8192,2048,16,3,1048576,35,0,0.000,0.000,0.000,0.000,PASS,0
mh_d0_C0_DEFAULT_N8192_q16_rep2,1,4,1,sm_89,D0_FCOLLECT_SERIAL,NVSHMEM,C0_DEFAULT,2048,8192,2048,16,4,1048576,35,0,0.000,0.000,0.000,0.000,PASS,0
mh_d0_C0_DEFAULT_N8192_q16_rep2,1,4,1,sm_89,D0_FCOLLECT_SERIAL,NVSHMEM,C0_DEFAULT,2048,8192,2048,16,5,1048576,35,0,0.000,0.000,0.000,0.000,PASS,0
mh_d0_C0_DEFAULT_N8192_q16_rep2,1,4,1,sm_89,D0_FCOLLECT_SERIAL,NVSHMEM,C0_DEFAULT,2048,8192,2048,16,6,1048576,35,0,0.000,0.000,0.000,0.000,PASS,0
mh_d0_C0_DEFAULT_N8192_q16_rep2,1,4,1,sm_89,D0_FCOLLECT_SERIAL,NVSHMEM,C0_DEFAULT,2048,8192,2048,16,7,1048576,35,0,0.000,0.000,0.000,0.000,PASS,0
mh_d0_C0_DEFAULT_N8192_q16_rep2,1,4,1,sm_89,D0_FCOLLECT_SERIAL,NVSHMEM,C0_DEFAULT,2048,8192,2048,16,8,1048576,35,0,0.000,0.000,0.000,0.000,PASS,0
mh_d0_C0_DEFAULT_N8192_q16_rep2,1,4,1,sm_89,D0_FCOLLECT_SERIAL,NVSHMEM,C0_DEFAULT,2048,8192,2048,16,9,1048576,35,0,0.000,0.000,0.000,0.000,PASS,0
mh_d0_C0_DEFAULT_N8192_q16_rep2,1,4,1,sm_89,D0_FCOLLECT_SERIAL,NVSHMEM,C0_DEFAULT,2048,8192,2048,16,10,1048576,35,0,0.000,0.000,0.000,0.000,PASS,0
mh_d0_C0_DEFAULT_N8192_q16_rep2,1,4,1,sm_89,D0_FCOLLECT_SERIAL,NVSHMEM,C0_DEFAULT,2048,8192,2048,16,11,1048576,35,0,0.000,0.000,0.000,0.000,PASS,0
mh_d0_C0_DEFAULT_N8192_q16_rep2,1,4,1,sm_89,D0_FCOLLECT_SERIAL,NVSHMEM,C0_DEFAULT,2048,8192,2048,16,12,1048576,35,0,0.000,0.000,0.000,0.000,PASS,0
mh_d0_C0_DEFAULT_N8192_q16_rep2,1,4,1,sm_89,D0_FCOLLECT_SERIAL,NVSHMEM,C0_DEFAULT,2048,8192,2048,16,13,1048576,35,0,0.000,0.000,0.000,0.000,PASS,0
mh_d0_C0_DEFAULT_N8192_q16_rep2,1,4,1,sm_89,D0_FCOLLECT_SERIAL,NVSHMEM,C0_DEFAULT,2048,8192,2048,16,14,1048576,35,0,0.000,0.000,0.000,0.000,PASS,0
mh_d0_C0_DEFAULT_N8192_q16_rep2,1,4,1,sm_89,D0_FCOLLECT_SERIAL,NVSHMEM,C0_DEFAULT,2048,8192,2048,16,15,1048576,35,0,0.000,0.000,0.000,0.000,PASS,0
mh_d0_C0_DEFAULT_N8192_q16_rep2,1,4,1,sm_89,D0_FCOLLECT_SERIAL,NVSHMEM,C0_DEFAULT,2048,8192,2048,16,0,1048576,36,0,553.952,562.080,14933.504,14371.424,PASS,0
mh_d0_C0_DEFAULT_N8192_q16_rep2,1,4,1,sm_89,D0_FCOLLECT_SERIAL,NVSHMEM,C0_DEFAULT,2048,8192,2048,16,1,1048576,36,0,0.000,0.000,0.000,0.000,PASS,0
mh_d0_C0_DEFAULT_N8192_q16_rep2,1,4,1,sm_89,D0_FCOLLECT_SERIAL,NVSHMEM,C0_DEFAULT,2048,8192,2048,16,2,1048576,36,0,0.000,0.000,0.000,0.000,PASS,0
mh_d0_C0_DEFAULT_N8192_q16_rep2,1,4,1,sm_89,D0_FCOLLECT_SERIAL,NVSHMEM,C0_DEFAULT,2048,8192,2048,16,3,1048576,36,0,0.000,0.000,0.000,0.000,PASS,0
mh_d0_C0_DEFAULT_N8192_q16_rep2,1,4,1,sm_89,D0_FCOLLECT_SERIAL,NVSHMEM,C0_DEFAULT,2048,8192,2048,16,4,1048576,36,0,0.000,0.000,0.000,0.000,PASS,0
mh_d0_C0_DEFAULT_N8192_q16_rep2,1,4,1,sm_89,D0_FCOLLECT_SERIAL,NVSHMEM,C0_DEFAULT,2048,8192,2048,16,5,1048576,36,0,0.000,0.000,0.000,0.000,PASS,0
mh_d0_C0_DEFAULT_N8192_q16_rep2,1,4,1,sm_89,D0_FCOLLECT_SERIAL,NVSHMEM,C0_DEFAULT,2048,8192,2048,16,6,1048576,36,0,0.000,0.000,0.000,0.000,PASS,0
mh_d0_C0_DEFAULT_N8192_q16_rep2,1,4,1,sm_89,D0_FCOLLECT_SERIAL,NVSHMEM,C0_DEFAULT,2048,8192,2048,16,7,1048576,36,0,0.000,0.000,0.000,0.000,PASS,0
mh_d0_C0_DEFAULT_N8192_q16_rep2,1,4,1,sm_89,D0_FCOLLECT_SERIAL,NVSHMEM,C0_DEFAULT,2048,8192,2048,16,8,1048576,36,0,0.000,0.000,0.000,0.000,PASS,0
mh_d0_C0_DEFAULT_N8192_q16_rep2,1,4,1,sm_89,D0_FCOLLECT_SERIAL,NVSHMEM,C0_DEFAULT,2048,8192,2048,16,9,1048576,36,0,0.000,0.000,0.000,0.000,PASS,0
mh_d0_C0_DEFAULT_N8192_q16_rep2,1,4,1,sm_89,D0_FCOLLECT_SERIAL,NVSHMEM,C0_DEFAULT,2048,8192,2048,16,10,1048576,36,0,0.000,0.000,0.000,0.000,PASS,0
mh_d0_C0_DEFAULT_N8192_q16_rep2,1,4,1,sm_89,D0_FCOLLECT_SERIAL,NVSHMEM,C0_DEFAULT,2048,8192,2048,16,11,1048576,36,0,0.000,0.000,0.000,0.000,PASS,0
mh_d0_C0_DEFAULT_N8192_q16_rep2,1,4,1,sm_89,D0_FCOLLECT_SERIAL,NVSHMEM,C0_DEFAULT,2048,8192,2048,16,12,1048576,36,0,0.000,0.000,0.000,0.000,PASS,0
mh_d0_C0_DEFAULT_N8192_q16_rep2,1,4,1,sm_89,D0_FCOLLECT_SERIAL,NVSHMEM,C0_DEFAULT,2048,8192,2048,16,13,1048576,36,0,0.000,0.000,0.000,0.000,PASS,0
mh_d0_C0_DEFAULT_N8192_q16_rep2,1,4,1,sm_89,D0_FCOLLECT_SERIAL,NVSHMEM,C0_DEFAULT,2048,8192,2048,16,14,1048576,36,0,0.000,0.000,0.000,0.000,PASS,0
mh_d0_C0_DEFAULT_N8192_q16_rep2,1,4,1,sm_89,D0_FCOLLECT_SERIAL,NVSHMEM,C0_DEFAULT,2048,8192,2048,16,15,1048576,36,0,0.000,0.000,0.000,0.000,PASS,0
mh_d0_C0_DEFAULT_N8192_q16_rep2,1,4,1,sm_89,D0_FCOLLECT_SERIAL,NVSHMEM,C0_DEFAULT,2048,8192,2048,16,0,1048576,37,0,568.832,577.120,14948.736,14371.616,PASS,0
mh_d0_C0_DEFAULT_N8192_q16_rep2,1,4,1,sm_89,D0_FCOLLECT_SERIAL,NVSHMEM,C0_DEFAULT,2048,8192,2048,16,1,1048576,37,0,0.000,0.000,0.000,0.000,PASS,0
mh_d0_C0_DEFAULT_N8192_q16_rep2,1,4,1,sm_89,D0_FCOLLECT_SERIAL,NVSHMEM,C0_DEFAULT,2048,8192,2048,16,2,1048576,37,0,0.000,0.000,0.000,0.000,PASS,0
mh_d0_C0_DEFAULT_N8192_q16_rep2,1,4,1,sm_89,D0_FCOLLECT_SERIAL,NVSHMEM,C0_DEFAULT,2048,8192,2048,16,3,1048576,37,0,0.000,0.000,0.000,0.000,PASS,0
mh_d0_C0_DEFAULT_N8192_q16_rep2,1,4,1,sm_89,D0_FCOLLECT_SERIAL,NVSHMEM,C0_DEFAULT,2048,8192,2048,16,4,1048576,37,0,0.000,0.000,0.000,0.000,PASS,0
mh_d0_C0_DEFAULT_N8192_q16_rep2,1,4,1,sm_89,D0_FCOLLECT_SERIAL,NVSHMEM,C0_DEFAULT,2048,8192,2048,16,5,1048576,37,0,0.000,0.000,0.000,0.000,PASS,0
mh_d0_C0_DEFAULT_N8192_q16_rep2,1,4,1,sm_89,D0_FCOLLECT_SERIAL,NVSHMEM,C0_DEFAULT,2048,8192,2048,16,6,1048576,37,0,0.000,0.000,0.000,0.000,PASS,0
mh_d0_C0_DEFAULT_N8192_q16_rep2,1,4,1,sm_89,D0_FCOLLECT_SERIAL,NVSHMEM,C0_DEFAULT,2048,8192,2048,16,7,1048576,37,0,0.000,0.000,0.000,0.000,PASS,0
mh_d0_C0_DEFAULT_N8192_q16_rep2,1,4,1,sm_89,D0_FCOLLECT_SERIAL,NVSHMEM,C0_DEFAULT,2048,8192,2048,16,8,1048576,37,0,0.000,0.000,0.000,0.000,PASS,0
mh_d0_C0_DEFAULT_N8192_q16_rep2,1,4,1,sm_89,D0_FCOLLECT_SERIAL,NVSHMEM,C0_DEFAULT,2048,8192,2048,16,9,1048576,37,0,0.000,0.000,0.000,0.000,PASS,0
mh_d0_C0_DEFAULT_N8192_q16_rep2,1,4,1,sm_89,D0_FCOLLECT_SERIAL,NVSHMEM,C0_DEFAULT,2048,8192,2048,16,10,1048576,37,0,0.000,0.000,0.000,0.000,PASS,0
mh_d0_C0_DEFAULT_N8192_q16_rep2,1,4,1,sm_89,D0_FCOLLECT_SERIAL,NVSHMEM,C0_DEFAULT,2048,8192,2048,16,11,1048576,37,0,0.000,0.000,0.000,0.000,PASS,0
mh_d0_C0_DEFAULT_N8192_q16_rep2,1,4,1,sm_89,D0_FCOLLECT_SERIAL,NVSHMEM,C0_DEFAULT,2048,8192,2048,16,12,1048576,37,0,0.000,0.000,0.000,0.000,PASS,0
mh_d0_C0_DEFAULT_N8192_q16_rep2,1,4,1,sm_89,D0_FCOLLECT_SERIAL,NVSHMEM,C0_DEFAULT,2048,8192,2048,16,13,1048576,37,0,0.000,0.000,0.000,0.000,PASS,0
mh_d0_C0_DEFAULT_N8192_q16_rep2,1,4,1,sm_89,D0_FCOLLECT_SERIAL,NVSHMEM,C0_DEFAULT,2048,8192,2048,16,14,1048576,37,0,0.000,0.000,0.000,0.000,PASS,0
mh_d0_C0_DEFAULT_N8192_q16_rep2,1,4,1,sm_89,D0_FCOLLECT_SERIAL,NVSHMEM,C0_DEFAULT,2048,8192,2048,16,15,1048576,37,0,0.000,0.000,0.000,0.000,PASS,0
mh_d0_C0_DEFAULT_N8192_q16_rep2,1,4,1,sm_89,D0_FCOLLECT_SERIAL,NVSHMEM,C0_DEFAULT,2048,8192,2048,16,0,1048576,38,0,558.976,566.912,14939.840,14372.928,PASS,0
mh_d0_C0_DEFAULT_N8192_q16_rep2,1,4,1,sm_89,D0_FCOLLECT_SERIAL,NVSHMEM,C0_DEFAULT,2048,8192,2048,16,1,1048576,38,0,0.000,0.000,0.000,0.000,PASS,0
mh_d0_C0_DEFAULT_N8192_q16_rep2,1,4,1,sm_89,D0_FCOLLECT_SERIAL,NVSHMEM,C0_DEFAULT,2048,8192,2048,16,2,1048576,38,0,0.000,0.000,0.000,0.000,PASS,0
mh_d0_C0_DEFAULT_N8192_q16_rep2,1,4,1,sm_89,D0_FCOLLECT_SERIAL,NVSHMEM,C0_DEFAULT,2048,8192,2048,16,3,1048576,38,0,0.000,0.000,0.000,0.000,PASS,0
mh_d0_C0_DEFAULT_N8192_q16_rep2,1,4,1,sm_89,D0_FCOLLECT_SERIAL,NVSHMEM,C0_DEFAULT,2048,8192,2048,16,4,1048576,38,0,0.000,0.000,0.000,0.000,PASS,0
mh_d0_C0_DEFAULT_N8192_q16_rep2,1,4,1,sm_89,D0_FCOLLECT_SERIAL,NVSHMEM,C0_DEFAULT,2048,8192,2048,16,5,1048576,38,0,0.000,0.000,0.000,0.000,PASS,0
mh_d0_C0_DEFAULT_N8192_q16_rep2,1,4,1,sm_89,D0_FCOLLECT_SERIAL,NVSHMEM,C0_DEFAULT,2048,8192,2048,16,6,1048576,38,0,0.000,0.000,0.000,0.000,PASS,0
mh_d0_C0_DEFAULT_N8192_q16_rep2,1,4,1,sm_89,D0_FCOLLECT_SERIAL,NVSHMEM,C0_DEFAULT,2048,8192,2048,16,7,1048576,38,0,0.000,0.000,0.000,0.000,PASS,0
mh_d0_C0_DEFAULT_N8192_q16_rep2,1,4,1,sm_89,D0_FCOLLECT_SERIAL,NVSHMEM,C0_DEFAULT,2048,8192,2048,16,8,1048576,38,0,0.000,0.000,0.000,0.000,PASS,0
mh_d0_C0_DEFAULT_N8192_q16_rep2,1,4,1,sm_89,D0_FCOLLECT_SERIAL,NVSHMEM,C0_DEFAULT,2048,8192,2048,16,9,1048576,38,0,0.000,0.000,0.000,0.000,PASS,0
mh_d0_C0_DEFAULT_N8192_q16_rep2,1,4,1,sm_89,D0_FCOLLECT_SERIAL,NVSHMEM,C0_DEFAULT,2048,8192,2048,16,10,1048576,38,0,0.000,0.000,0.000,0.000,PASS,0
mh_d0_C0_DEFAULT_N8192_q16_rep2,1,4,1,sm_89,D0_FCOLLECT_SERIAL,NVSHMEM,C0_DEFAULT,2048,8192,2048,16,11,1048576,38,0,0.000,0.000,0.000,0.000,PASS,0
mh_d0_C0_DEFAULT_N8192_q16_rep2,1,4,1,sm_89,D0_FCOLLECT_SERIAL,NVSHMEM,C0_DEFAULT,2048,8192,2048,16,12,1048576,38,0,0.000,0.000,0.000,0.000,PASS,0
mh_d0_C0_DEFAULT_N8192_q16_rep2,1,4,1,sm_89,D0_FCOLLECT_SERIAL,NVSHMEM,C0_DEFAULT,2048,8192,2048,16,13,1048576,38,0,0.000,0.000,0.000,0.000,PASS,0
mh_d0_C0_DEFAULT_N8192_q16_rep2,1,4,1,sm_89,D0_FCOLLECT_SERIAL,NVSHMEM,C0_DEFAULT,2048,8192,2048,16,14,1048576,38,0,0.000,0.000,0.000,0.000,PASS,0
mh_d0_C0_DEFAULT_N8192_q16_rep2,1,4,1,sm_89,D0_FCOLLECT_SERIAL,NVSHMEM,C0_DEFAULT,2048,8192,2048,16,15,1048576,38,0,0.000,0.000,0.000,0.000,PASS,0
mh_d0_C0_DEFAULT_N8192_q16_rep2,1,4,1,sm_89,D0_FCOLLECT_SERIAL,NVSHMEM,C0_DEFAULT,2048,8192,2048,16,0,1048576,39,0,551.136,559.360,14932.256,14372.896,PASS,0
mh_d0_C0_DEFAULT_N8192_q16_rep2,1,4,1,sm_89,D0_FCOLLECT_SERIAL,NVSHMEM,C0_DEFAULT,2048,8192,2048,16,1,1048576,39,0,0.000,0.000,0.000,0.000,PASS,0
mh_d0_C0_DEFAULT_N8192_q16_rep2,1,4,1,sm_89,D0_FCOLLECT_SERIAL,NVSHMEM,C0_DEFAULT,2048,8192,2048,16,2,1048576,39,0,0.000,0.000,0.000,0.000,PASS,0
mh_d0_C0_DEFAULT_N8192_q16_rep2,1,4,1,sm_89,D0_FCOLLECT_SERIAL,NVSHMEM,C0_DEFAULT,2048,8192,2048,16,3,1048576,39,0,0.000,0.000,0.000,0.000,PASS,0
mh_d0_C0_DEFAULT_N8192_q16_rep2,1,4,1,sm_89,D0_FCOLLECT_SERIAL,NVSHMEM,C0_DEFAULT,2048,8192,2048,16,4,1048576,39,0,0.000,0.000,0.000,0.000,PASS,0
mh_d0_C0_DEFAULT_N8192_q16_rep2,1,4,1,sm_89,D0_FCOLLECT_SERIAL,NVSHMEM,C0_DEFAULT,2048,8192,2048,16,5,1048576,39,0,0.000,0.000,0.000,0.000,PASS,0
mh_d0_C0_DEFAULT_N8192_q16_rep2,1,4,1,sm_89,D0_FCOLLECT_SERIAL,NVSHMEM,C0_DEFAULT,2048,8192,2048,16,6,1048576,39,0,0.000,0.000,0.000,0.000,PASS,0
mh_d0_C0_DEFAULT_N8192_q16_rep2,1,4,1,sm_89,D0_FCOLLECT_SERIAL,NVSHMEM,C0_DEFAULT,2048,8192,2048,16,7,1048576,39,0,0.000,0.000,0.000,0.000,PASS,0
mh_d0_C0_DEFAULT_N8192_q16_rep2,1,4,1,sm_89,D0_FCOLLECT_SERIAL,NVSHMEM,C0_DEFAULT,2048,8192,2048,16,8,1048576,39,0,0.000,0.000,0.000,0.000,PASS,0
mh_d0_C0_DEFAULT_N8192_q16_rep2,1,4,1,sm_89,D0_FCOLLECT_SERIAL,NVSHMEM,C0_DEFAULT,2048,8192,2048,16,9,1048576,39,0,0.000,0.000,0.000,0.000,PASS,0
mh_d0_C0_DEFAULT_N8192_q16_rep2,1,4,1,sm_89,D0_FCOLLECT_SERIAL,NVSHMEM,C0_DEFAULT,2048,8192,2048,16,10,1048576,39,0,0.000,0.000,0.000,0.000,PASS,0
mh_d0_C0_DEFAULT_N8192_q16_rep2,1,4,1,sm_89,D0_FCOLLECT_SERIAL,NVSHMEM,C0_DEFAULT,2048,8192,2048,16,11,1048576,39,0,0.000,0.000,0.000,0.000,PASS,0
mh_d0_C0_DEFAULT_N8192_q16_rep2,1,4,1,sm_89,D0_FCOLLECT_SERIAL,NVSHMEM,C0_DEFAULT,2048,8192,2048,16,12,1048576,39,0,0.000,0.000,0.000,0.000,PASS,0
mh_d0_C0_DEFAULT_N8192_q16_rep2,1,4,1,sm_89,D0_FCOLLECT_SERIAL,NVSHMEM,C0_DEFAULT,2048,8192,2048,16,13,1048576,39,0,0.000,0.000,0.000,0.000,PASS,0
mh_d0_C0_DEFAULT_N8192_q16_rep2,1,4,1,sm_89,D0_FCOLLECT_SERIAL,NVSHMEM,C0_DEFAULT,2048,8192,2048,16,14,1048576,39,0,0.000,0.000,0.000,0.000,PASS,0
mh_d0_C0_DEFAULT_N8192_q16_rep2,1,4,1,sm_89,D0_FCOLLECT_SERIAL,NVSHMEM,C0_DEFAULT,2048,8192,2048,16,15,1048576,39,0,0.000,0.000,0.000,0.000,PASS,0
mh_d0_C0_DEFAULT_N8192_q16_rep2,1,4,1,sm_89,D0_FCOLLECT_SERIAL,NVSHMEM,C0_DEFAULT,2048,8192,2048,16,0,1048576,40,0,561.568,570.464,14941.952,14371.487,PASS,0
mh_d0_C0_DEFAULT_N8192_q16_rep2,1,4,1,sm_89,D0_FCOLLECT_SERIAL,NVSHMEM,C0_DEFAULT,2048,8192,2048,16,1,1048576,40,0,0.000,0.000,0.000,0.000,PASS,0
mh_d0_C0_DEFAULT_N8192_q16_rep2,1,4,1,sm_89,D0_FCOLLECT_SERIAL,NVSHMEM,C0_DEFAULT,2048,8192,2048,16,2,1048576,40,0,0.000,0.000,0.000,0.000,PASS,0
mh_d0_C0_DEFAULT_N8192_q16_rep2,1,4,1,sm_89,D0_FCOLLECT_SERIAL,NVSHMEM,C0_DEFAULT,2048,8192,2048,16,3,1048576,40,0,0.000,0.000,0.000,0.000,PASS,0
mh_d0_C0_DEFAULT_N8192_q16_rep2,1,4,1,sm_89,D0_FCOLLECT_SERIAL,NVSHMEM,C0_DEFAULT,2048,8192,2048,16,4,1048576,40,0,0.000,0.000,0.000,0.000,PASS,0
mh_d0_C0_DEFAULT_N8192_q16_rep2,1,4,1,sm_89,D0_FCOLLECT_SERIAL,NVSHMEM,C0_DEFAULT,2048,8192,2048,16,5,1048576,40,0,0.000,0.000,0.000,0.000,PASS,0
mh_d0_C0_DEFAULT_N8192_q16_rep2,1,4,1,sm_89,D0_FCOLLECT_SERIAL,NVSHMEM,C0_DEFAULT,2048,8192,2048,16,6,1048576,40,0,0.000,0.000,0.000,0.000,PASS,0
mh_d0_C0_DEFAULT_N8192_q16_rep2,1,4,1,sm_89,D0_FCOLLECT_SERIAL,NVSHMEM,C0_DEFAULT,2048,8192,2048,16,7,1048576,40,0,0.000,0.000,0.000,0.000,PASS,0
mh_d0_C0_DEFAULT_N8192_q16_rep2,1,4,1,sm_89,D0_FCOLLECT_SERIAL,NVSHMEM,C0_DEFAULT,2048,8192,2048,16,8,1048576,40,0,0.000,0.000,0.000,0.000,PASS,0
mh_d0_C0_DEFAULT_N8192_q16_rep2,1,4,1,sm_89,D0_FCOLLECT_SERIAL,NVSHMEM,C0_DEFAULT,2048,8192,2048,16,9,1048576,40,0,0.000,0.000,0.000,0.000,PASS,0
mh_d0_C0_DEFAULT_N8192_q16_rep2,1,4,1,sm_89,D0_FCOLLECT_SERIAL,NVSHMEM,C0_DEFAULT,2048,8192,2048,16,10,1048576,40,0,0.000,0.000,0.000,0.000,PASS,0
mh_d0_C0_DEFAULT_N8192_q16_rep2,1,4,1,sm_89,D0_FCOLLECT_SERIAL,NVSHMEM,C0_DEFAULT,2048,8192,2048,16,11,1048576,40,0,0.000,0.000,0.000,0.000,PASS,0
mh_d0_C0_DEFAULT_N8192_q16_rep2,1,4,1,sm_89,D0_FCOLLECT_SERIAL,NVSHMEM,C0_DEFAULT,2048,8192,2048,16,12,1048576,40,0,0.000,0.000,0.000,0.000,PASS,0
mh_d0_C0_DEFAULT_N8192_q16_rep2,1,4,1,sm_89,D0_FCOLLECT_SERIAL,NVSHMEM,C0_DEFAULT,2048,8192,2048,16,13,1048576,40,0,0.000,0.000,0.000,0.000,PASS,0
mh_d0_C0_DEFAULT_N8192_q16_rep2,1,4,1,sm_89,D0_FCOLLECT_SERIAL,NVSHMEM,C0_DEFAULT,2048,8192,2048,16,14,1048576,40,0,0.000,0.000,0.000,0.000,PASS,0
mh_d0_C0_DEFAULT_N8192_q16_rep2,1,4,1,sm_89,D0_FCOLLECT_SERIAL,NVSHMEM,C0_DEFAULT,2048,8192,2048,16,15,1048576,40,0,0.000,0.000,0.000,0.000,PASS,0
mh_d0_C0_DEFAULT_N8192_q16_rep2,1,4,1,sm_89,D0_FCOLLECT_SERIAL,NVSHMEM,C0_DEFAULT,2048,8192,2048,16,0,1048576,41,0,553.120,561.344,14933.056,14371.712,PASS,0
mh_d0_C0_DEFAULT_N8192_q16_rep2,1,4,1,sm_89,D0_FCOLLECT_SERIAL,NVSHMEM,C0_DEFAULT,2048,8192,2048,16,1,1048576,41,0,0.000,0.000,0.000,0.000,PASS,0
mh_d0_C0_DEFAULT_N8192_q16_rep2,1,4,1,sm_89,D0_FCOLLECT_SERIAL,NVSHMEM,C0_DEFAULT,2048,8192,2048,16,2,1048576,41,0,0.000,0.000,0.000,0.000,PASS,0
mh_d0_C0_DEFAULT_N8192_q16_rep2,1,4,1,sm_89,D0_FCOLLECT_SERIAL,NVSHMEM,C0_DEFAULT,2048,8192,2048,16,3,1048576,41,0,0.000,0.000,0.000,0.000,PASS,0
mh_d0_C0_DEFAULT_N8192_q16_rep2,1,4,1,sm_89,D0_FCOLLECT_SERIAL,NVSHMEM,C0_DEFAULT,2048,8192,2048,16,4,1048576,41,0,0.000,0.000,0.000,0.000,PASS,0
mh_d0_C0_DEFAULT_N8192_q16_rep2,1,4,1,sm_89,D0_FCOLLECT_SERIAL,NVSHMEM,C0_DEFAULT,2048,8192,2048,16,5,1048576,41,0,0.000,0.000,0.000,0.000,PASS,0
mh_d0_C0_DEFAULT_N8192_q16_rep2,1,4,1,sm_89,D0_FCOLLECT_SERIAL,NVSHMEM,C0_DEFAULT,2048,8192,2048,16,6,1048576,41,0,0.000,0.000,0.000,0.000,PASS,0
mh_d0_C0_DEFAULT_N8192_q16_rep2,1,4,1,sm_89,D0_FCOLLECT_SERIAL,NVSHMEM,C0_DEFAULT,2048,8192,2048,16,7,1048576,41,0,0.000,0.000,0.000,0.000,PASS,0
mh_d0_C0_DEFAULT_N8192_q16_rep2,1,4,1,sm_89,D0_FCOLLECT_SERIAL,NVSHMEM,C0_DEFAULT,2048,8192,2048,16,8,1048576,41,0,0.000,0.000,0.000,0.000,PASS,0
mh_d0_C0_DEFAULT_N8192_q16_rep2,1,4,1,sm_89,D0_FCOLLECT_SERIAL,NVSHMEM,C0_DEFAULT,2048,8192,2048,16,9,1048576,41,0,0.000,0.000,0.000,0.000,PASS,0
mh_d0_C0_DEFAULT_N8192_q16_rep2,1,4,1,sm_89,D0_FCOLLECT_SERIAL,NVSHMEM,C0_DEFAULT,2048,8192,2048,16,10,1048576,41,0,0.000,0.000,0.000,0.000,PASS,0
mh_d0_C0_DEFAULT_N8192_q16_rep2,1,4,1,sm_89,D0_FCOLLECT_SERIAL,NVSHMEM,C0_DEFAULT,2048,8192,2048,16,11,1048576,41,0,0.000,0.000,0.000,0.000,PASS,0
mh_d0_C0_DEFAULT_N8192_q16_rep2,1,4,1,sm_89,D0_FCOLLECT_SERIAL,NVSHMEM,C0_DEFAULT,2048,8192,2048,16,12,1048576,41,0,0.000,0.000,0.000,0.000,PASS,0
mh_d0_C0_DEFAULT_N8192_q16_rep2,1,4,1,sm_89,D0_FCOLLECT_SERIAL,NVSHMEM,C0_DEFAULT,2048,8192,2048,16,13,1048576,41,0,0.000,0.000,0.000,0.000,PASS,0
mh_d0_C0_DEFAULT_N8192_q16_rep2,1,4,1,sm_89,D0_FCOLLECT_SERIAL,NVSHMEM,C0_DEFAULT,2048,8192,2048,16,14,1048576,41,0,0.000,0.000,0.000,0.000,PASS,0
mh_d0_C0_DEFAULT_N8192_q16_rep2,1,4,1,sm_89,D0_FCOLLECT_SERIAL,NVSHMEM,C0_DEFAULT,2048,8192,2048,16,15,1048576,41,0,0.000,0.000,0.000,0.000,PASS,0
mh_d0_C0_DEFAULT_N8192_q16_rep2,1,4,1,sm_89,D0_FCOLLECT_SERIAL,NVSHMEM,C0_DEFAULT,2048,8192,2048,16,0,1048576,42,0,551.296,559.328,14930.848,14371.521,PASS,0
mh_d0_C0_DEFAULT_N8192_q16_rep2,1,4,1,sm_89,D0_FCOLLECT_SERIAL,NVSHMEM,C0_DEFAULT,2048,8192,2048,16,1,1048576,42,0,0.000,0.000,0.000,0.000,PASS,0
mh_d0_C0_DEFAULT_N8192_q16_rep2,1,4,1,sm_89,D0_FCOLLECT_SERIAL,NVSHMEM,C0_DEFAULT,2048,8192,2048,16,2,1048576,42,0,0.000,0.000,0.000,0.000,PASS,0
mh_d0_C0_DEFAULT_N8192_q16_rep2,1,4,1,sm_89,D0_FCOLLECT_SERIAL,NVSHMEM,C0_DEFAULT,2048,8192,2048,16,3,1048576,42,0,0.000,0.000,0.000,0.000,PASS,0
mh_d0_C0_DEFAULT_N8192_q16_rep2,1,4,1,sm_89,D0_FCOLLECT_SERIAL,NVSHMEM,C0_DEFAULT,2048,8192,2048,16,4,1048576,42,0,0.000,0.000,0.000,0.000,PASS,0
mh_d0_C0_DEFAULT_N8192_q16_rep2,1,4,1,sm_89,D0_FCOLLECT_SERIAL,NVSHMEM,C0_DEFAULT,2048,8192,2048,16,5,1048576,42,0,0.000,0.000,0.000,0.000,PASS,0
mh_d0_C0_DEFAULT_N8192_q16_rep2,1,4,1,sm_89,D0_FCOLLECT_SERIAL,NVSHMEM,C0_DEFAULT,2048,8192,2048,16,6,1048576,42,0,0.000,0.000,0.000,0.000,PASS,0
mh_d0_C0_DEFAULT_N8192_q16_rep2,1,4,1,sm_89,D0_FCOLLECT_SERIAL,NVSHMEM,C0_DEFAULT,2048,8192,2048,16,7,1048576,42,0,0.000,0.000,0.000,0.000,PASS,0
mh_d0_C0_DEFAULT_N8192_q16_rep2,1,4,1,sm_89,D0_FCOLLECT_SERIAL,NVSHMEM,C0_DEFAULT,2048,8192,2048,16,8,1048576,42,0,0.000,0.000,0.000,0.000,PASS,0
mh_d0_C0_DEFAULT_N8192_q16_rep2,1,4,1,sm_89,D0_FCOLLECT_SERIAL,NVSHMEM,C0_DEFAULT,2048,8192,2048,16,9,1048576,42,0,0.000,0.000,0.000,0.000,PASS,0
mh_d0_C0_DEFAULT_N8192_q16_rep2,1,4,1,sm_89,D0_FCOLLECT_SERIAL,NVSHMEM,C0_DEFAULT,2048,8192,2048,16,10,1048576,42,0,0.000,0.000,0.000,0.000,PASS,0
mh_d0_C0_DEFAULT_N8192_q16_rep2,1,4,1,sm_89,D0_FCOLLECT_SERIAL,NVSHMEM,C0_DEFAULT,2048,8192,2048,16,11,1048576,42,0,0.000,0.000,0.000,0.000,PASS,0
mh_d0_C0_DEFAULT_N8192_q16_rep2,1,4,1,sm_89,D0_FCOLLECT_SERIAL,NVSHMEM,C0_DEFAULT,2048,8192,2048,16,12,1048576,42,0,0.000,0.000,0.000,0.000,PASS,0
mh_d0_C0_DEFAULT_N8192_q16_rep2,1,4,1,sm_89,D0_FCOLLECT_SERIAL,NVSHMEM,C0_DEFAULT,2048,8192,2048,16,13,1048576,42,0,0.000,0.000,0.000,0.000,PASS,0
mh_d0_C0_DEFAULT_N8192_q16_rep2,1,4,1,sm_89,D0_FCOLLECT_SERIAL,NVSHMEM,C0_DEFAULT,2048,8192,2048,16,14,1048576,42,0,0.000,0.000,0.000,0.000,PASS,0
mh_d0_C0_DEFAULT_N8192_q16_rep2,1,4,1,sm_89,D0_FCOLLECT_SERIAL,NVSHMEM,C0_DEFAULT,2048,8192,2048,16,15,1048576,42,0,0.000,0.000,0.000,0.000,PASS,0
mh_d0_C0_DEFAULT_N8192_q16_rep2,1,4,1,sm_89,D0_FCOLLECT_SERIAL,NVSHMEM,C0_DEFAULT,2048,8192,2048,16,0,1048576,43,0,550.240,558.432,14931.584,14373.151,PASS,0
mh_d0_C0_DEFAULT_N8192_q16_rep2,1,4,1,sm_89,D0_FCOLLECT_SERIAL,NVSHMEM,C0_DEFAULT,2048,8192,2048,16,1,1048576,43,0,0.000,0.000,0.000,0.000,PASS,0
mh_d0_C0_DEFAULT_N8192_q16_rep2,1,4,1,sm_89,D0_FCOLLECT_SERIAL,NVSHMEM,C0_DEFAULT,2048,8192,2048,16,2,1048576,43,0,0.000,0.000,0.000,0.000,PASS,0
mh_d0_C0_DEFAULT_N8192_q16_rep2,1,4,1,sm_89,D0_FCOLLECT_SERIAL,NVSHMEM,C0_DEFAULT,2048,8192,2048,16,3,1048576,43,0,0.000,0.000,0.000,0.000,PASS,0
mh_d0_C0_DEFAULT_N8192_q16_rep2,1,4,1,sm_89,D0_FCOLLECT_SERIAL,NVSHMEM,C0_DEFAULT,2048,8192,2048,16,4,1048576,43,0,0.000,0.000,0.000,0.000,PASS,0
mh_d0_C0_DEFAULT_N8192_q16_rep2,1,4,1,sm_89,D0_FCOLLECT_SERIAL,NVSHMEM,C0_DEFAULT,2048,8192,2048,16,5,1048576,43,0,0.000,0.000,0.000,0.000,PASS,0
mh_d0_C0_DEFAULT_N8192_q16_rep2,1,4,1,sm_89,D0_FCOLLECT_SERIAL,NVSHMEM,C0_DEFAULT,2048,8192,2048,16,6,1048576,43,0,0.000,0.000,0.000,0.000,PASS,0
mh_d0_C0_DEFAULT_N8192_q16_rep2,1,4,1,sm_89,D0_FCOLLECT_SERIAL,NVSHMEM,C0_DEFAULT,2048,8192,2048,16,7,1048576,43,0,0.000,0.000,0.000,0.000,PASS,0
mh_d0_C0_DEFAULT_N8192_q16_rep2,1,4,1,sm_89,D0_FCOLLECT_SERIAL,NVSHMEM,C0_DEFAULT,2048,8192,2048,16,8,1048576,43,0,0.000,0.000,0.000,0.000,PASS,0
mh_d0_C0_DEFAULT_N8192_q16_rep2,1,4,1,sm_89,D0_FCOLLECT_SERIAL,NVSHMEM,C0_DEFAULT,2048,8192,2048,16,9,1048576,43,0,0.000,0.000,0.000,0.000,PASS,0
mh_d0_C0_DEFAULT_N8192_q16_rep2,1,4,1,sm_89,D0_FCOLLECT_SERIAL,NVSHMEM,C0_DEFAULT,2048,8192,2048,16,10,1048576,43,0,0.000,0.000,0.000,0.000,PASS,0
mh_d0_C0_DEFAULT_N8192_q16_rep2,1,4,1,sm_89,D0_FCOLLECT_SERIAL,NVSHMEM,C0_DEFAULT,2048,8192,2048,16,11,1048576,43,0,0.000,0.000,0.000,0.000,PASS,0
mh_d0_C0_DEFAULT_N8192_q16_rep2,1,4,1,sm_89,D0_FCOLLECT_SERIAL,NVSHMEM,C0_DEFAULT,2048,8192,2048,16,12,1048576,43,0,0.000,0.000,0.000,0.000,PASS,0
mh_d0_C0_DEFAULT_N8192_q16_rep2,1,4,1,sm_89,D0_FCOLLECT_SERIAL,NVSHMEM,C0_DEFAULT,2048,8192,2048,16,13,1048576,43,0,0.000,0.000,0.000,0.000,PASS,0
mh_d0_C0_DEFAULT_N8192_q16_rep2,1,4,1,sm_89,D0_FCOLLECT_SERIAL,NVSHMEM,C0_DEFAULT,2048,8192,2048,16,14,1048576,43,0,0.000,0.000,0.000,0.000,PASS,0
mh_d0_C0_DEFAULT_N8192_q16_rep2,1,4,1,sm_89,D0_FCOLLECT_SERIAL,NVSHMEM,C0_DEFAULT,2048,8192,2048,16,15,1048576,43,0,0.000,0.000,0.000,0.000,PASS,0
mh_d0_C0_DEFAULT_N8192_q16_rep2,1,4,1,sm_89,D0_FCOLLECT_SERIAL,NVSHMEM,C0_DEFAULT,2048,8192,2048,16,0,1048576,44,0,555.584,563.712,14935.552,14371.840,PASS,0
mh_d0_C0_DEFAULT_N8192_q16_rep2,1,4,1,sm_89,D0_FCOLLECT_SERIAL,NVSHMEM,C0_DEFAULT,2048,8192,2048,16,1,1048576,44,0,0.000,0.000,0.000,0.000,PASS,0
mh_d0_C0_DEFAULT_N8192_q16_rep2,1,4,1,sm_89,D0_FCOLLECT_SERIAL,NVSHMEM,C0_DEFAULT,2048,8192,2048,16,2,1048576,44,0,0.000,0.000,0.000,0.000,PASS,0
mh_d0_C0_DEFAULT_N8192_q16_rep2,1,4,1,sm_89,D0_FCOLLECT_SERIAL,NVSHMEM,C0_DEFAULT,2048,8192,2048,16,3,1048576,44,0,0.000,0.000,0.000,0.000,PASS,0
mh_d0_C0_DEFAULT_N8192_q16_rep2,1,4,1,sm_89,D0_FCOLLECT_SERIAL,NVSHMEM,C0_DEFAULT,2048,8192,2048,16,4,1048576,44,0,0.000,0.000,0.000,0.000,PASS,0
mh_d0_C0_DEFAULT_N8192_q16_rep2,1,4,1,sm_89,D0_FCOLLECT_SERIAL,NVSHMEM,C0_DEFAULT,2048,8192,2048,16,5,1048576,44,0,0.000,0.000,0.000,0.000,PASS,0
mh_d0_C0_DEFAULT_N8192_q16_rep2,1,4,1,sm_89,D0_FCOLLECT_SERIAL,NVSHMEM,C0_DEFAULT,2048,8192,2048,16,6,1048576,44,0,0.000,0.000,0.000,0.000,PASS,0
mh_d0_C0_DEFAULT_N8192_q16_rep2,1,4,1,sm_89,D0_FCOLLECT_SERIAL,NVSHMEM,C0_DEFAULT,2048,8192,2048,16,7,1048576,44,0,0.000,0.000,0.000,0.000,PASS,0
mh_d0_C0_DEFAULT_N8192_q16_rep2,1,4,1,sm_89,D0_FCOLLECT_SERIAL,NVSHMEM,C0_DEFAULT,2048,8192,2048,16,8,1048576,44,0,0.000,0.000,0.000,0.000,PASS,0
mh_d0_C0_DEFAULT_N8192_q16_rep2,1,4,1,sm_89,D0_FCOLLECT_SERIAL,NVSHMEM,C0_DEFAULT,2048,8192,2048,16,9,1048576,44,0,0.000,0.000,0.000,0.000,PASS,0
mh_d0_C0_DEFAULT_N8192_q16_rep2,1,4,1,sm_89,D0_FCOLLECT_SERIAL,NVSHMEM,C0_DEFAULT,2048,8192,2048,16,10,1048576,44,0,0.000,0.000,0.000,0.000,PASS,0
mh_d0_C0_DEFAULT_N8192_q16_rep2,1,4,1,sm_89,D0_FCOLLECT_SERIAL,NVSHMEM,C0_DEFAULT,2048,8192,2048,16,11,1048576,44,0,0.000,0.000,0.000,0.000,PASS,0
mh_d0_C0_DEFAULT_N8192_q16_rep2,1,4,1,sm_89,D0_FCOLLECT_SERIAL,NVSHMEM,C0_DEFAULT,2048,8192,2048,16,12,1048576,44,0,0.000,0.000,0.000,0.000,PASS,0
mh_d0_C0_DEFAULT_N8192_q16_rep2,1,4,1,sm_89,D0_FCOLLECT_SERIAL,NVSHMEM,C0_DEFAULT,2048,8192,2048,16,13,1048576,44,0,0.000,0.000,0.000,0.000,PASS,0
mh_d0_C0_DEFAULT_N8192_q16_rep2,1,4,1,sm_89,D0_FCOLLECT_SERIAL,NVSHMEM,C0_DEFAULT,2048,8192,2048,16,14,1048576,44,0,0.000,0.000,0.000,0.000,PASS,0
mh_d0_C0_DEFAULT_N8192_q16_rep2,1,4,1,sm_89,D0_FCOLLECT_SERIAL,NVSHMEM,C0_DEFAULT,2048,8192,2048,16,15,1048576,44,0,0.000,0.000,0.000,0.000,PASS,0
mh_d0_C0_DEFAULT_N8192_q16_rep2,1,4,1,sm_89,D0_FCOLLECT_SERIAL,NVSHMEM,C0_DEFAULT,2048,8192,2048,16,0,1048576,45,0,566.144,574.784,14944.832,14370.048,PASS,0
mh_d0_C0_DEFAULT_N8192_q16_rep2,1,4,1,sm_89,D0_FCOLLECT_SERIAL,NVSHMEM,C0_DEFAULT,2048,8192,2048,16,1,1048576,45,0,0.000,0.000,0.000,0.000,PASS,0
mh_d0_C0_DEFAULT_N8192_q16_rep2,1,4,1,sm_89,D0_FCOLLECT_SERIAL,NVSHMEM,C0_DEFAULT,2048,8192,2048,16,2,1048576,45,0,0.000,0.000,0.000,0.000,PASS,0
mh_d0_C0_DEFAULT_N8192_q16_rep2,1,4,1,sm_89,D0_FCOLLECT_SERIAL,NVSHMEM,C0_DEFAULT,2048,8192,2048,16,3,1048576,45,0,0.000,0.000,0.000,0.000,PASS,0
mh_d0_C0_DEFAULT_N8192_q16_rep2,1,4,1,sm_89,D0_FCOLLECT_SERIAL,NVSHMEM,C0_DEFAULT,2048,8192,2048,16,4,1048576,45,0,0.000,0.000,0.000,0.000,PASS,0
mh_d0_C0_DEFAULT_N8192_q16_rep2,1,4,1,sm_89,D0_FCOLLECT_SERIAL,NVSHMEM,C0_DEFAULT,2048,8192,2048,16,5,1048576,45,0,0.000,0.000,0.000,0.000,PASS,0
mh_d0_C0_DEFAULT_N8192_q16_rep2,1,4,1,sm_89,D0_FCOLLECT_SERIAL,NVSHMEM,C0_DEFAULT,2048,8192,2048,16,6,1048576,45,0,0.000,0.000,0.000,0.000,PASS,0
mh_d0_C0_DEFAULT_N8192_q16_rep2,1,4,1,sm_89,D0_FCOLLECT_SERIAL,NVSHMEM,C0_DEFAULT,2048,8192,2048,16,7,1048576,45,0,0.000,0.000,0.000,0.000,PASS,0
mh_d0_C0_DEFAULT_N8192_q16_rep2,1,4,1,sm_89,D0_FCOLLECT_SERIAL,NVSHMEM,C0_DEFAULT,2048,8192,2048,16,8,1048576,45,0,0.000,0.000,0.000,0.000,PASS,0
mh_d0_C0_DEFAULT_N8192_q16_rep2,1,4,1,sm_89,D0_FCOLLECT_SERIAL,NVSHMEM,C0_DEFAULT,2048,8192,2048,16,9,1048576,45,0,0.000,0.000,0.000,0.000,PASS,0
mh_d0_C0_DEFAULT_N8192_q16_rep2,1,4,1,sm_89,D0_FCOLLECT_SERIAL,NVSHMEM,C0_DEFAULT,2048,8192,2048,16,10,1048576,45,0,0.000,0.000,0.000,0.000,PASS,0
mh_d0_C0_DEFAULT_N8192_q16_rep2,1,4,1,sm_89,D0_FCOLLECT_SERIAL,NVSHMEM,C0_DEFAULT,2048,8192,2048,16,11,1048576,45,0,0.000,0.000,0.000,0.000,PASS,0
mh_d0_C0_DEFAULT_N8192_q16_rep2,1,4,1,sm_89,D0_FCOLLECT_SERIAL,NVSHMEM,C0_DEFAULT,2048,8192,2048,16,12,1048576,45,0,0.000,0.000,0.000,0.000,PASS,0
mh_d0_C0_DEFAULT_N8192_q16_rep2,1,4,1,sm_89,D0_FCOLLECT_SERIAL,NVSHMEM,C0_DEFAULT,2048,8192,2048,16,13,1048576,45,0,0.000,0.000,0.000,0.000,PASS,0
mh_d0_C0_DEFAULT_N8192_q16_rep2,1,4,1,sm_89,D0_FCOLLECT_SERIAL,NVSHMEM,C0_DEFAULT,2048,8192,2048,16,14,1048576,45,0,0.000,0.000,0.000,0.000,PASS,0
mh_d0_C0_DEFAULT_N8192_q16_rep2,1,4,1,sm_89,D0_FCOLLECT_SERIAL,NVSHMEM,C0_DEFAULT,2048,8192,2048,16,15,1048576,45,0,0.000,0.000,0.000,0.000,PASS,0
mh_d0_C0_DEFAULT_N8192_q16_rep2,1,4,1,sm_89,D0_FCOLLECT_SERIAL,NVSHMEM,C0_DEFAULT,2048,8192,2048,16,0,1048576,46,0,551.680,559.776,14930.848,14371.072,PASS,0
mh_d0_C0_DEFAULT_N8192_q16_rep2,1,4,1,sm_89,D0_FCOLLECT_SERIAL,NVSHMEM,C0_DEFAULT,2048,8192,2048,16,1,1048576,46,0,0.000,0.000,0.000,0.000,PASS,0
mh_d0_C0_DEFAULT_N8192_q16_rep2,1,4,1,sm_89,D0_FCOLLECT_SERIAL,NVSHMEM,C0_DEFAULT,2048,8192,2048,16,2,1048576,46,0,0.000,0.000,0.000,0.000,PASS,0
mh_d0_C0_DEFAULT_N8192_q16_rep2,1,4,1,sm_89,D0_FCOLLECT_SERIAL,NVSHMEM,C0_DEFAULT,2048,8192,2048,16,3,1048576,46,0,0.000,0.000,0.000,0.000,PASS,0
mh_d0_C0_DEFAULT_N8192_q16_rep2,1,4,1,sm_89,D0_FCOLLECT_SERIAL,NVSHMEM,C0_DEFAULT,2048,8192,2048,16,4,1048576,46,0,0.000,0.000,0.000,0.000,PASS,0
mh_d0_C0_DEFAULT_N8192_q16_rep2,1,4,1,sm_89,D0_FCOLLECT_SERIAL,NVSHMEM,C0_DEFAULT,2048,8192,2048,16,5,1048576,46,0,0.000,0.000,0.000,0.000,PASS,0
mh_d0_C0_DEFAULT_N8192_q16_rep2,1,4,1,sm_89,D0_FCOLLECT_SERIAL,NVSHMEM,C0_DEFAULT,2048,8192,2048,16,6,1048576,46,0,0.000,0.000,0.000,0.000,PASS,0
mh_d0_C0_DEFAULT_N8192_q16_rep2,1,4,1,sm_89,D0_FCOLLECT_SERIAL,NVSHMEM,C0_DEFAULT,2048,8192,2048,16,7,1048576,46,0,0.000,0.000,0.000,0.000,PASS,0
mh_d0_C0_DEFAULT_N8192_q16_rep2,1,4,1,sm_89,D0_FCOLLECT_SERIAL,NVSHMEM,C0_DEFAULT,2048,8192,2048,16,8,1048576,46,0,0.000,0.000,0.000,0.000,PASS,0
mh_d0_C0_DEFAULT_N8192_q16_rep2,1,4,1,sm_89,D0_FCOLLECT_SERIAL,NVSHMEM,C0_DEFAULT,2048,8192,2048,16,9,1048576,46,0,0.000,0.000,0.000,0.000,PASS,0
mh_d0_C0_DEFAULT_N8192_q16_rep2,1,4,1,sm_89,D0_FCOLLECT_SERIAL,NVSHMEM,C0_DEFAULT,2048,8192,2048,16,10,1048576,46,0,0.000,0.000,0.000,0.000,PASS,0
mh_d0_C0_DEFAULT_N8192_q16_rep2,1,4,1,sm_89,D0_FCOLLECT_SERIAL,NVSHMEM,C0_DEFAULT,2048,8192,2048,16,11,1048576,46,0,0.000,0.000,0.000,0.000,PASS,0
mh_d0_C0_DEFAULT_N8192_q16_rep2,1,4,1,sm_89,D0_FCOLLECT_SERIAL,NVSHMEM,C0_DEFAULT,2048,8192,2048,16,12,1048576,46,0,0.000,0.000,0.000,0.000,PASS,0
mh_d0_C0_DEFAULT_N8192_q16_rep2,1,4,1,sm_89,D0_FCOLLECT_SERIAL,NVSHMEM,C0_DEFAULT,2048,8192,2048,16,13,1048576,46,0,0.000,0.000,0.000,0.000,PASS,0
mh_d0_C0_DEFAULT_N8192_q16_rep2,1,4,1,sm_89,D0_FCOLLECT_SERIAL,NVSHMEM,C0_DEFAULT,2048,8192,2048,16,14,1048576,46,0,0.000,0.000,0.000,0.000,PASS,0
mh_d0_C0_DEFAULT_N8192_q16_rep2,1,4,1,sm_89,D0_FCOLLECT_SERIAL,NVSHMEM,C0_DEFAULT,2048,8192,2048,16,15,1048576,46,0,0.000,0.000,0.000,0.000,PASS,0
mh_d0_C0_DEFAULT_N8192_q16_rep2,1,4,1,sm_89,D0_FCOLLECT_SERIAL,NVSHMEM,C0_DEFAULT,2048,8192,2048,16,0,1048576,47,0,550.496,558.656,14930.336,14371.681,PASS,0
mh_d0_C0_DEFAULT_N8192_q16_rep2,1,4,1,sm_89,D0_FCOLLECT_SERIAL,NVSHMEM,C0_DEFAULT,2048,8192,2048,16,1,1048576,47,0,0.000,0.000,0.000,0.000,PASS,0
mh_d0_C0_DEFAULT_N8192_q16_rep2,1,4,1,sm_89,D0_FCOLLECT_SERIAL,NVSHMEM,C0_DEFAULT,2048,8192,2048,16,2,1048576,47,0,0.000,0.000,0.000,0.000,PASS,0
mh_d0_C0_DEFAULT_N8192_q16_rep2,1,4,1,sm_89,D0_FCOLLECT_SERIAL,NVSHMEM,C0_DEFAULT,2048,8192,2048,16,3,1048576,47,0,0.000,0.000,0.000,0.000,PASS,0
mh_d0_C0_DEFAULT_N8192_q16_rep2,1,4,1,sm_89,D0_FCOLLECT_SERIAL,NVSHMEM,C0_DEFAULT,2048,8192,2048,16,4,1048576,47,0,0.000,0.000,0.000,0.000,PASS,0
mh_d0_C0_DEFAULT_N8192_q16_rep2,1,4,1,sm_89,D0_FCOLLECT_SERIAL,NVSHMEM,C0_DEFAULT,2048,8192,2048,16,5,1048576,47,0,0.000,0.000,0.000,0.000,PASS,0
mh_d0_C0_DEFAULT_N8192_q16_rep2,1,4,1,sm_89,D0_FCOLLECT_SERIAL,NVSHMEM,C0_DEFAULT,2048,8192,2048,16,6,1048576,47,0,0.000,0.000,0.000,0.000,PASS,0
mh_d0_C0_DEFAULT_N8192_q16_rep2,1,4,1,sm_89,D0_FCOLLECT_SERIAL,NVSHMEM,C0_DEFAULT,2048,8192,2048,16,7,1048576,47,0,0.000,0.000,0.000,0.000,PASS,0
mh_d0_C0_DEFAULT_N8192_q16_rep2,1,4,1,sm_89,D0_FCOLLECT_SERIAL,NVSHMEM,C0_DEFAULT,2048,8192,2048,16,8,1048576,47,0,0.000,0.000,0.000,0.000,PASS,0
mh_d0_C0_DEFAULT_N8192_q16_rep2,1,4,1,sm_89,D0_FCOLLECT_SERIAL,NVSHMEM,C0_DEFAULT,2048,8192,2048,16,9,1048576,47,0,0.000,0.000,0.000,0.000,PASS,0
mh_d0_C0_DEFAULT_N8192_q16_rep2,1,4,1,sm_89,D0_FCOLLECT_SERIAL,NVSHMEM,C0_DEFAULT,2048,8192,2048,16,10,1048576,47,0,0.000,0.000,0.000,0.000,PASS,0
mh_d0_C0_DEFAULT_N8192_q16_rep2,1,4,1,sm_89,D0_FCOLLECT_SERIAL,NVSHMEM,C0_DEFAULT,2048,8192,2048,16,11,1048576,47,0,0.000,0.000,0.000,0.000,PASS,0
mh_d0_C0_DEFAULT_N8192_q16_rep2,1,4,1,sm_89,D0_FCOLLECT_SERIAL,NVSHMEM,C0_DEFAULT,2048,8192,2048,16,12,1048576,47,0,0.000,0.000,0.000,0.000,PASS,0
mh_d0_C0_DEFAULT_N8192_q16_rep2,1,4,1,sm_89,D0_FCOLLECT_SERIAL,NVSHMEM,C0_DEFAULT,2048,8192,2048,16,13,1048576,47,0,0.000,0.000,0.000,0.000,PASS,0
mh_d0_C0_DEFAULT_N8192_q16_rep2,1,4,1,sm_89,D0_FCOLLECT_SERIAL,NVSHMEM,C0_DEFAULT,2048,8192,2048,16,14,1048576,47,0,0.000,0.000,0.000,0.000,PASS,0
mh_d0_C0_DEFAULT_N8192_q16_rep2,1,4,1,sm_89,D0_FCOLLECT_SERIAL,NVSHMEM,C0_DEFAULT,2048,8192,2048,16,15,1048576,47,0,0.000,0.000,0.000,0.000,PASS,0
mh_d0_C0_DEFAULT_N8192_q16_rep2,1,4,1,sm_89,D0_FCOLLECT_SERIAL,NVSHMEM,C0_DEFAULT,2048,8192,2048,16,0,1048576,48,0,549.856,558.336,14927.872,14369.536,PASS,0
mh_d0_C0_DEFAULT_N8192_q16_rep2,1,4,1,sm_89,D0_FCOLLECT_SERIAL,NVSHMEM,C0_DEFAULT,2048,8192,2048,16,1,1048576,48,0,0.000,0.000,0.000,0.000,PASS,0
mh_d0_C0_DEFAULT_N8192_q16_rep2,1,4,1,sm_89,D0_FCOLLECT_SERIAL,NVSHMEM,C0_DEFAULT,2048,8192,2048,16,2,1048576,48,0,0.000,0.000,0.000,0.000,PASS,0
mh_d0_C0_DEFAULT_N8192_q16_rep2,1,4,1,sm_89,D0_FCOLLECT_SERIAL,NVSHMEM,C0_DEFAULT,2048,8192,2048,16,3,1048576,48,0,0.000,0.000,0.000,0.000,PASS,0
mh_d0_C0_DEFAULT_N8192_q16_rep2,1,4,1,sm_89,D0_FCOLLECT_SERIAL,NVSHMEM,C0_DEFAULT,2048,8192,2048,16,4,1048576,48,0,0.000,0.000,0.000,0.000,PASS,0
mh_d0_C0_DEFAULT_N8192_q16_rep2,1,4,1,sm_89,D0_FCOLLECT_SERIAL,NVSHMEM,C0_DEFAULT,2048,8192,2048,16,5,1048576,48,0,0.000,0.000,0.000,0.000,PASS,0
mh_d0_C0_DEFAULT_N8192_q16_rep2,1,4,1,sm_89,D0_FCOLLECT_SERIAL,NVSHMEM,C0_DEFAULT,2048,8192,2048,16,6,1048576,48,0,0.000,0.000,0.000,0.000,PASS,0
mh_d0_C0_DEFAULT_N8192_q16_rep2,1,4,1,sm_89,D0_FCOLLECT_SERIAL,NVSHMEM,C0_DEFAULT,2048,8192,2048,16,7,1048576,48,0,0.000,0.000,0.000,0.000,PASS,0
mh_d0_C0_DEFAULT_N8192_q16_rep2,1,4,1,sm_89,D0_FCOLLECT_SERIAL,NVSHMEM,C0_DEFAULT,2048,8192,2048,16,8,1048576,48,0,0.000,0.000,0.000,0.000,PASS,0
mh_d0_C0_DEFAULT_N8192_q16_rep2,1,4,1,sm_89,D0_FCOLLECT_SERIAL,NVSHMEM,C0_DEFAULT,2048,8192,2048,16,9,1048576,48,0,0.000,0.000,0.000,0.000,PASS,0
mh_d0_C0_DEFAULT_N8192_q16_rep2,1,4,1,sm_89,D0_FCOLLECT_SERIAL,NVSHMEM,C0_DEFAULT,2048,8192,2048,16,10,1048576,48,0,0.000,0.000,0.000,0.000,PASS,0
mh_d0_C0_DEFAULT_N8192_q16_rep2,1,4,1,sm_89,D0_FCOLLECT_SERIAL,NVSHMEM,C0_DEFAULT,2048,8192,2048,16,11,1048576,48,0,0.000,0.000,0.000,0.000,PASS,0
mh_d0_C0_DEFAULT_N8192_q16_rep2,1,4,1,sm_89,D0_FCOLLECT_SERIAL,NVSHMEM,C0_DEFAULT,2048,8192,2048,16,12,1048576,48,0,0.000,0.000,0.000,0.000,PASS,0
mh_d0_C0_DEFAULT_N8192_q16_rep2,1,4,1,sm_89,D0_FCOLLECT_SERIAL,NVSHMEM,C0_DEFAULT,2048,8192,2048,16,13,1048576,48,0,0.000,0.000,0.000,0.000,PASS,0
mh_d0_C0_DEFAULT_N8192_q16_rep2,1,4,1,sm_89,D0_FCOLLECT_SERIAL,NVSHMEM,C0_DEFAULT,2048,8192,2048,16,14,1048576,48,0,0.000,0.000,0.000,0.000,PASS,0
mh_d0_C0_DEFAULT_N8192_q16_rep2,1,4,1,sm_89,D0_FCOLLECT_SERIAL,NVSHMEM,C0_DEFAULT,2048,8192,2048,16,15,1048576,48,0,0.000,0.000,0.000,0.000,PASS,0
mh_d0_C0_DEFAULT_N8192_q16_rep2,1,4,1,sm_89,D0_FCOLLECT_SERIAL,NVSHMEM,C0_DEFAULT,2048,8192,2048,16,0,1048576,49,0,547.744,555.936,14928.832,14372.896,PASS,0
mh_d0_C0_DEFAULT_N8192_q16_rep2,1,4,1,sm_89,D0_FCOLLECT_SERIAL,NVSHMEM,C0_DEFAULT,2048,8192,2048,16,1,1048576,49,0,0.000,0.000,0.000,0.000,PASS,0
mh_d0_C0_DEFAULT_N8192_q16_rep2,1,4,1,sm_89,D0_FCOLLECT_SERIAL,NVSHMEM,C0_DEFAULT,2048,8192,2048,16,2,1048576,49,0,0.000,0.000,0.000,0.000,PASS,0
mh_d0_C0_DEFAULT_N8192_q16_rep2,1,4,1,sm_89,D0_FCOLLECT_SERIAL,NVSHMEM,C0_DEFAULT,2048,8192,2048,16,3,1048576,49,0,0.000,0.000,0.000,0.000,PASS,0
mh_d0_C0_DEFAULT_N8192_q16_rep2,1,4,1,sm_89,D0_FCOLLECT_SERIAL,NVSHMEM,C0_DEFAULT,2048,8192,2048,16,4,1048576,49,0,0.000,0.000,0.000,0.000,PASS,0
mh_d0_C0_DEFAULT_N8192_q16_rep2,1,4,1,sm_89,D0_FCOLLECT_SERIAL,NVSHMEM,C0_DEFAULT,2048,8192,2048,16,5,1048576,49,0,0.000,0.000,0.000,0.000,PASS,0
mh_d0_C0_DEFAULT_N8192_q16_rep2,1,4,1,sm_89,D0_FCOLLECT_SERIAL,NVSHMEM,C0_DEFAULT,2048,8192,2048,16,6,1048576,49,0,0.000,0.000,0.000,0.000,PASS,0
mh_d0_C0_DEFAULT_N8192_q16_rep2,1,4,1,sm_89,D0_FCOLLECT_SERIAL,NVSHMEM,C0_DEFAULT,2048,8192,2048,16,7,1048576,49,0,0.000,0.000,0.000,0.000,PASS,0
mh_d0_C0_DEFAULT_N8192_q16_rep2,1,4,1,sm_89,D0_FCOLLECT_SERIAL,NVSHMEM,C0_DEFAULT,2048,8192,2048,16,8,1048576,49,0,0.000,0.000,0.000,0.000,PASS,0
mh_d0_C0_DEFAULT_N8192_q16_rep2,1,4,1,sm_89,D0_FCOLLECT_SERIAL,NVSHMEM,C0_DEFAULT,2048,8192,2048,16,9,1048576,49,0,0.000,0.000,0.000,0.000,PASS,0
mh_d0_C0_DEFAULT_N8192_q16_rep2,1,4,1,sm_89,D0_FCOLLECT_SERIAL,NVSHMEM,C0_DEFAULT,2048,8192,2048,16,10,1048576,49,0,0.000,0.000,0.000,0.000,PASS,0
mh_d0_C0_DEFAULT_N8192_q16_rep2,1,4,1,sm_89,D0_FCOLLECT_SERIAL,NVSHMEM,C0_DEFAULT,2048,8192,2048,16,11,1048576,49,0,0.000,0.000,0.000,0.000,PASS,0
mh_d0_C0_DEFAULT_N8192_q16_rep2,1,4,1,sm_89,D0_FCOLLECT_SERIAL,NVSHMEM,C0_DEFAULT,2048,8192,2048,16,12,1048576,49,0,0.000,0.000,0.000,0.000,PASS,0
mh_d0_C0_DEFAULT_N8192_q16_rep2,1,4,1,sm_89,D0_FCOLLECT_SERIAL,NVSHMEM,C0_DEFAULT,2048,8192,2048,16,13,1048576,49,0,0.000,0.000,0.000,0.000,PASS,0
mh_d0_C0_DEFAULT_N8192_q16_rep2,1,4,1,sm_89,D0_FCOLLECT_SERIAL,NVSHMEM,C0_DEFAULT,2048,8192,2048,16,14,1048576,49,0,0.000,0.000,0.000,0.000,PASS,0
mh_d0_C0_DEFAULT_N8192_q16_rep2,1,4,1,sm_89,D0_FCOLLECT_SERIAL,NVSHMEM,C0_DEFAULT,2048,8192,2048,16,15,1048576,49,0,0.000,0.000,0.000,0.000,PASS,0
