run_id,rank,rank_count,device,gfx_arch,path,family,candidate,M,N,K,q,slice_index,slice_bytes,iteration_index,t_issue_us,t_release_us,t_gemm_start_us,t_gemm_end_us,t_gemm_duration_us,correctness,status
mh_comm_C2_RING_SIMPLE_CH8_N2048_q16_rep4,1,4,1,sm_89,COMM_ONLY,NCCL,C2_RING_SIMPLE_CH8,2048,2048,2048,16,0,1048576,0,0,114.176,0.000,0.000,0.000,PASS,0
mh_comm_C2_RING_SIMPLE_CH8_N2048_q16_rep4,1,4,1,sm_89,COMM_ONLY,NCCL,C2_RING_SIMPLE_CH8,2048,2048,2048,16,1,1048576,0,0,194.240,0.000,0.000,0.000,PASS,0
mh_comm_C2_RING_SIMPLE_CH8_N2048_q16_rep4,1,4,1,sm_89,COMM_ONLY,NCCL,C2_RING_SIMPLE_CH8,2048,2048,2048,16,2,1048576,0,0,273.568,0.000,0.000,0.000,PASS,0
mh_comm_C2_RING_SIMPLE_CH8_N2048_q16_rep4,1,4,1,sm_89,COMM_ONLY,NCCL,C2_RING_SIMPLE_CH8,2048,2048,2048,16,3,1048576,0,0,354.144,0.000,0.000,0.000,PASS,0
mh_comm_C2_RING_SIMPLE_CH8_N2048_q16_rep4,1,4,1,sm_89,COMM_ONLY,NCCL,C2_RING_SIMPLE_CH8,2048,2048,2048,16,4,1048576,0,0,436.384,0.000,0.000,0.000,PASS,0
mh_comm_C2_RING_SIMPLE_CH8_N2048_q16_rep4,1,4,1,sm_89,COMM_ONLY,NCCL,C2_RING_SIMPLE_CH8,2048,2048,2048,16,5,1048576,0,0,517.184,0.000,0.000,0.000,PASS,0
mh_comm_C2_RING_SIMPLE_CH8_N2048_q16_rep4,1,4,1,sm_89,COMM_ONLY,NCCL,C2_RING_SIMPLE_CH8,2048,2048,2048,16,6,1048576,0,0,597.792,0.000,0.000,0.000,PASS,0
mh_comm_C2_RING_SIMPLE_CH8_N2048_q16_rep4,1,4,1,sm_89,COMM_ONLY,NCCL,C2_RING_SIMPLE_CH8,2048,2048,2048,16,7,1048576,0,0,679.072,0.000,0.000,0.000,PASS,0
mh_comm_C2_RING_SIMPLE_CH8_N2048_q16_rep4,1,4,1,sm_89,COMM_ONLY,NCCL,C2_RING_SIMPLE_CH8,2048,2048,2048,16,8,1048576,0,0,760.768,0.000,0.000,0.000,PASS,0
mh_comm_C2_RING_SIMPLE_CH8_N2048_q16_rep4,1,4,1,sm_89,COMM_ONLY,NCCL,C2_RING_SIMPLE_CH8,2048,2048,2048,16,9,1048576,0,0,843.264,0.000,0.000,0.000,PASS,0
mh_comm_C2_RING_SIMPLE_CH8_N2048_q16_rep4,1,4,1,sm_89,COMM_ONLY,NCCL,C2_RING_SIMPLE_CH8,2048,2048,2048,16,10,1048576,0,0,924.480,0.000,0.000,0.000,PASS,0
mh_comm_C2_RING_SIMPLE_CH8_N2048_q16_rep4,1,4,1,sm_89,COMM_ONLY,NCCL,C2_RING_SIMPLE_CH8,2048,2048,2048,16,11,1048576,0,0,1005.536,0.000,0.000,0.000,PASS,0
mh_comm_C2_RING_SIMPLE_CH8_N2048_q16_rep4,1,4,1,sm_89,COMM_ONLY,NCCL,C2_RING_SIMPLE_CH8,2048,2048,2048,16,12,1048576,0,0,1087.360,0.000,0.000,0.000,PASS,0
mh_comm_C2_RING_SIMPLE_CH8_N2048_q16_rep4,1,4,1,sm_89,COMM_ONLY,NCCL,C2_RING_SIMPLE_CH8,2048,2048,2048,16,13,1048576,0,0,1170.240,0.000,0.000,0.000,PASS,0
mh_comm_C2_RING_SIMPLE_CH8_N2048_q16_rep4,1,4,1,sm_89,COMM_ONLY,NCCL,C2_RING_SIMPLE_CH8,2048,2048,2048,16,14,1048576,0,0,1251.136,0.000,0.000,0.000,PASS,0
mh_comm_C2_RING_SIMPLE_CH8_N2048_q16_rep4,1,4,1,sm_89,COMM_ONLY,NCCL,C2_RING_SIMPLE_CH8,2048,2048,2048,16,15,1048576,0,0,1331.904,0.000,0.000,0.000,PASS,0
mh_comm_C2_RING_SIMPLE_CH8_N2048_q16_rep4,1,4,1,sm_89,COMM_ONLY,NCCL,C2_RING_SIMPLE_CH8,2048,2048,2048,16,0,1048576,1,0,111.392,0.000,0.000,0.000,PASS,0
mh_comm_C2_RING_SIMPLE_CH8_N2048_q16_rep4,1,4,1,sm_89,COMM_ONLY,NCCL,C2_RING_SIMPLE_CH8,2048,2048,2048,16,1,1048576,1,0,192.256,0.000,0.000,0.000,PASS,0
mh_comm_C2_RING_SIMPLE_CH8_N2048_q16_rep4,1,4,1,sm_89,COMM_ONLY,NCCL,C2_RING_SIMPLE_CH8,2048,2048,2048,16,2,1048576,1,0,273.184,0.000,0.000,0.000,PASS,0
mh_comm_C2_RING_SIMPLE_CH8_N2048_q16_rep4,1,4,1,sm_89,COMM_ONLY,NCCL,C2_RING_SIMPLE_CH8,2048,2048,2048,16,3,1048576,1,0,355.328,0.000,0.000,0.000,PASS,0
mh_comm_C2_RING_SIMPLE_CH8_N2048_q16_rep4,1,4,1,sm_89,COMM_ONLY,NCCL,C2_RING_SIMPLE_CH8,2048,2048,2048,16,4,1048576,1,0,437.056,0.000,0.000,0.000,PASS,0
mh_comm_C2_RING_SIMPLE_CH8_N2048_q16_rep4,1,4,1,sm_89,COMM_ONLY,NCCL,C2_RING_SIMPLE_CH8,2048,2048,2048,16,5,1048576,1,0,518.112,0.000,0.000,0.000,PASS,0
mh_comm_C2_RING_SIMPLE_CH8_N2048_q16_rep4,1,4,1,sm_89,COMM_ONLY,NCCL,C2_RING_SIMPLE_CH8,2048,2048,2048,16,6,1048576,1,0,597.952,0.000,0.000,0.000,PASS,0
mh_comm_C2_RING_SIMPLE_CH8_N2048_q16_rep4,1,4,1,sm_89,COMM_ONLY,NCCL,C2_RING_SIMPLE_CH8,2048,2048,2048,16,7,1048576,1,0,680.480,0.000,0.000,0.000,PASS,0
mh_comm_C2_RING_SIMPLE_CH8_N2048_q16_rep4,1,4,1,sm_89,COMM_ONLY,NCCL,C2_RING_SIMPLE_CH8,2048,2048,2048,16,8,1048576,1,0,761.280,0.000,0.000,0.000,PASS,0
mh_comm_C2_RING_SIMPLE_CH8_N2048_q16_rep4,1,4,1,sm_89,COMM_ONLY,NCCL,C2_RING_SIMPLE_CH8,2048,2048,2048,16,9,1048576,1,0,841.632,0.000,0.000,0.000,PASS,0
mh_comm_C2_RING_SIMPLE_CH8_N2048_q16_rep4,1,4,1,sm_89,COMM_ONLY,NCCL,C2_RING_SIMPLE_CH8,2048,2048,2048,16,10,1048576,1,0,922.816,0.000,0.000,0.000,PASS,0
mh_comm_C2_RING_SIMPLE_CH8_N2048_q16_rep4,1,4,1,sm_89,COMM_ONLY,NCCL,C2_RING_SIMPLE_CH8,2048,2048,2048,16,11,1048576,1,0,1004.640,0.000,0.000,0.000,PASS,0
mh_comm_C2_RING_SIMPLE_CH8_N2048_q16_rep4,1,4,1,sm_89,COMM_ONLY,NCCL,C2_RING_SIMPLE_CH8,2048,2048,2048,16,12,1048576,1,0,1085.056,0.000,0.000,0.000,PASS,0
mh_comm_C2_RING_SIMPLE_CH8_N2048_q16_rep4,1,4,1,sm_89,COMM_ONLY,NCCL,C2_RING_SIMPLE_CH8,2048,2048,2048,16,13,1048576,1,0,1167.040,0.000,0.000,0.000,PASS,0
mh_comm_C2_RING_SIMPLE_CH8_N2048_q16_rep4,1,4,1,sm_89,COMM_ONLY,NCCL,C2_RING_SIMPLE_CH8,2048,2048,2048,16,14,1048576,1,0,1248.192,0.000,0.000,0.000,PASS,0
mh_comm_C2_RING_SIMPLE_CH8_N2048_q16_rep4,1,4,1,sm_89,COMM_ONLY,NCCL,C2_RING_SIMPLE_CH8,2048,2048,2048,16,15,1048576,1,0,1329.888,0.000,0.000,0.000,PASS,0
mh_comm_C2_RING_SIMPLE_CH8_N2048_q16_rep4,1,4,1,sm_89,COMM_ONLY,NCCL,C2_RING_SIMPLE_CH8,2048,2048,2048,16,0,1048576,2,0,110.688,0.000,0.000,0.000,PASS,0
mh_comm_C2_RING_SIMPLE_CH8_N2048_q16_rep4,1,4,1,sm_89,COMM_ONLY,NCCL,C2_RING_SIMPLE_CH8,2048,2048,2048,16,1,1048576,2,0,191.872,0.000,0.000,0.000,PASS,0
mh_comm_C2_RING_SIMPLE_CH8_N2048_q16_rep4,1,4,1,sm_89,COMM_ONLY,NCCL,C2_RING_SIMPLE_CH8,2048,2048,2048,16,2,1048576,2,0,272.928,0.000,0.000,0.000,PASS,0
mh_comm_C2_RING_SIMPLE_CH8_N2048_q16_rep4,1,4,1,sm_89,COMM_ONLY,NCCL,C2_RING_SIMPLE_CH8,2048,2048,2048,16,3,1048576,2,0,365.600,0.000,0.000,0.000,PASS,0
mh_comm_C2_RING_SIMPLE_CH8_N2048_q16_rep4,1,4,1,sm_89,COMM_ONLY,NCCL,C2_RING_SIMPLE_CH8,2048,2048,2048,16,4,1048576,2,0,447.232,0.000,0.000,0.000,PASS,0
mh_comm_C2_RING_SIMPLE_CH8_N2048_q16_rep4,1,4,1,sm_89,COMM_ONLY,NCCL,C2_RING_SIMPLE_CH8,2048,2048,2048,16,5,1048576,2,0,528.064,0.000,0.000,0.000,PASS,0
mh_comm_C2_RING_SIMPLE_CH8_N2048_q16_rep4,1,4,1,sm_89,COMM_ONLY,NCCL,C2_RING_SIMPLE_CH8,2048,2048,2048,16,6,1048576,2,0,609.952,0.000,0.000,0.000,PASS,0
mh_comm_C2_RING_SIMPLE_CH8_N2048_q16_rep4,1,4,1,sm_89,COMM_ONLY,NCCL,C2_RING_SIMPLE_CH8,2048,2048,2048,16,7,1048576,2,0,691.008,0.000,0.000,0.000,PASS,0
mh_comm_C2_RING_SIMPLE_CH8_N2048_q16_rep4,1,4,1,sm_89,COMM_ONLY,NCCL,C2_RING_SIMPLE_CH8,2048,2048,2048,16,8,1048576,2,0,771.040,0.000,0.000,0.000,PASS,0
mh_comm_C2_RING_SIMPLE_CH8_N2048_q16_rep4,1,4,1,sm_89,COMM_ONLY,NCCL,C2_RING_SIMPLE_CH8,2048,2048,2048,16,9,1048576,2,0,852.512,0.000,0.000,0.000,PASS,0
mh_comm_C2_RING_SIMPLE_CH8_N2048_q16_rep4,1,4,1,sm_89,COMM_ONLY,NCCL,C2_RING_SIMPLE_CH8,2048,2048,2048,16,10,1048576,2,0,942.336,0.000,0.000,0.000,PASS,0
mh_comm_C2_RING_SIMPLE_CH8_N2048_q16_rep4,1,4,1,sm_89,COMM_ONLY,NCCL,C2_RING_SIMPLE_CH8,2048,2048,2048,16,11,1048576,2,0,1026.144,0.000,0.000,0.000,PASS,0
mh_comm_C2_RING_SIMPLE_CH8_N2048_q16_rep4,1,4,1,sm_89,COMM_ONLY,NCCL,C2_RING_SIMPLE_CH8,2048,2048,2048,16,12,1048576,2,0,1119.904,0.000,0.000,0.000,PASS,0
mh_comm_C2_RING_SIMPLE_CH8_N2048_q16_rep4,1,4,1,sm_89,COMM_ONLY,NCCL,C2_RING_SIMPLE_CH8,2048,2048,2048,16,13,1048576,2,0,1201.088,0.000,0.000,0.000,PASS,0
mh_comm_C2_RING_SIMPLE_CH8_N2048_q16_rep4,1,4,1,sm_89,COMM_ONLY,NCCL,C2_RING_SIMPLE_CH8,2048,2048,2048,16,14,1048576,2,0,1281.344,0.000,0.000,0.000,PASS,0
mh_comm_C2_RING_SIMPLE_CH8_N2048_q16_rep4,1,4,1,sm_89,COMM_ONLY,NCCL,C2_RING_SIMPLE_CH8,2048,2048,2048,16,15,1048576,2,0,1362.016,0.000,0.000,0.000,PASS,0
mh_comm_C2_RING_SIMPLE_CH8_N2048_q16_rep4,1,4,1,sm_89,COMM_ONLY,NCCL,C2_RING_SIMPLE_CH8,2048,2048,2048,16,0,1048576,3,0,122.784,0.000,0.000,0.000,PASS,0
mh_comm_C2_RING_SIMPLE_CH8_N2048_q16_rep4,1,4,1,sm_89,COMM_ONLY,NCCL,C2_RING_SIMPLE_CH8,2048,2048,2048,16,1,1048576,3,0,203.552,0.000,0.000,0.000,PASS,0
mh_comm_C2_RING_SIMPLE_CH8_N2048_q16_rep4,1,4,1,sm_89,COMM_ONLY,NCCL,C2_RING_SIMPLE_CH8,2048,2048,2048,16,2,1048576,3,0,284.640,0.000,0.000,0.000,PASS,0
mh_comm_C2_RING_SIMPLE_CH8_N2048_q16_rep4,1,4,1,sm_89,COMM_ONLY,NCCL,C2_RING_SIMPLE_CH8,2048,2048,2048,16,3,1048576,3,0,366.144,0.000,0.000,0.000,PASS,0
mh_comm_C2_RING_SIMPLE_CH8_N2048_q16_rep4,1,4,1,sm_89,COMM_ONLY,NCCL,C2_RING_SIMPLE_CH8,2048,2048,2048,16,4,1048576,3,0,448.288,0.000,0.000,0.000,PASS,0
mh_comm_C2_RING_SIMPLE_CH8_N2048_q16_rep4,1,4,1,sm_89,COMM_ONLY,NCCL,C2_RING_SIMPLE_CH8,2048,2048,2048,16,5,1048576,3,0,542.528,0.000,0.000,0.000,PASS,0
mh_comm_C2_RING_SIMPLE_CH8_N2048_q16_rep4,1,4,1,sm_89,COMM_ONLY,NCCL,C2_RING_SIMPLE_CH8,2048,2048,2048,16,6,1048576,3,0,634.016,0.000,0.000,0.000,PASS,0
mh_comm_C2_RING_SIMPLE_CH8_N2048_q16_rep4,1,4,1,sm_89,COMM_ONLY,NCCL,C2_RING_SIMPLE_CH8,2048,2048,2048,16,7,1048576,3,0,716.384,0.000,0.000,0.000,PASS,0
mh_comm_C2_RING_SIMPLE_CH8_N2048_q16_rep4,1,4,1,sm_89,COMM_ONLY,NCCL,C2_RING_SIMPLE_CH8,2048,2048,2048,16,8,1048576,3,0,798.848,0.000,0.000,0.000,PASS,0
mh_comm_C2_RING_SIMPLE_CH8_N2048_q16_rep4,1,4,1,sm_89,COMM_ONLY,NCCL,C2_RING_SIMPLE_CH8,2048,2048,2048,16,9,1048576,3,0,889.056,0.000,0.000,0.000,PASS,0
mh_comm_C2_RING_SIMPLE_CH8_N2048_q16_rep4,1,4,1,sm_89,COMM_ONLY,NCCL,C2_RING_SIMPLE_CH8,2048,2048,2048,16,10,1048576,3,0,972.000,0.000,0.000,0.000,PASS,0
mh_comm_C2_RING_SIMPLE_CH8_N2048_q16_rep4,1,4,1,sm_89,COMM_ONLY,NCCL,C2_RING_SIMPLE_CH8,2048,2048,2048,16,11,1048576,3,0,1071.840,0.000,0.000,0.000,PASS,0
mh_comm_C2_RING_SIMPLE_CH8_N2048_q16_rep4,1,4,1,sm_89,COMM_ONLY,NCCL,C2_RING_SIMPLE_CH8,2048,2048,2048,16,12,1048576,3,0,1151.136,0.000,0.000,0.000,PASS,0
mh_comm_C2_RING_SIMPLE_CH8_N2048_q16_rep4,1,4,1,sm_89,COMM_ONLY,NCCL,C2_RING_SIMPLE_CH8,2048,2048,2048,16,13,1048576,3,0,1231.392,0.000,0.000,0.000,PASS,0
mh_comm_C2_RING_SIMPLE_CH8_N2048_q16_rep4,1,4,1,sm_89,COMM_ONLY,NCCL,C2_RING_SIMPLE_CH8,2048,2048,2048,16,14,1048576,3,0,1329.600,0.000,0.000,0.000,PASS,0
mh_comm_C2_RING_SIMPLE_CH8_N2048_q16_rep4,1,4,1,sm_89,COMM_ONLY,NCCL,C2_RING_SIMPLE_CH8,2048,2048,2048,16,15,1048576,3,0,1418.624,0.000,0.000,0.000,PASS,0
mh_comm_C2_RING_SIMPLE_CH8_N2048_q16_rep4,1,4,1,sm_89,COMM_ONLY,NCCL,C2_RING_SIMPLE_CH8,2048,2048,2048,16,0,1048576,4,0,116.064,0.000,0.000,0.000,PASS,0
mh_comm_C2_RING_SIMPLE_CH8_N2048_q16_rep4,1,4,1,sm_89,COMM_ONLY,NCCL,C2_RING_SIMPLE_CH8,2048,2048,2048,16,1,1048576,4,0,205.568,0.000,0.000,0.000,PASS,0
mh_comm_C2_RING_SIMPLE_CH8_N2048_q16_rep4,1,4,1,sm_89,COMM_ONLY,NCCL,C2_RING_SIMPLE_CH8,2048,2048,2048,16,2,1048576,4,0,290.112,0.000,0.000,0.000,PASS,0
mh_comm_C2_RING_SIMPLE_CH8_N2048_q16_rep4,1,4,1,sm_89,COMM_ONLY,NCCL,C2_RING_SIMPLE_CH8,2048,2048,2048,16,3,1048576,4,0,374.016,0.000,0.000,0.000,PASS,0
mh_comm_C2_RING_SIMPLE_CH8_N2048_q16_rep4,1,4,1,sm_89,COMM_ONLY,NCCL,C2_RING_SIMPLE_CH8,2048,2048,2048,16,4,1048576,4,0,456.800,0.000,0.000,0.000,PASS,0
mh_comm_C2_RING_SIMPLE_CH8_N2048_q16_rep4,1,4,1,sm_89,COMM_ONLY,NCCL,C2_RING_SIMPLE_CH8,2048,2048,2048,16,5,1048576,4,0,537.952,0.000,0.000,0.000,PASS,0
mh_comm_C2_RING_SIMPLE_CH8_N2048_q16_rep4,1,4,1,sm_89,COMM_ONLY,NCCL,C2_RING_SIMPLE_CH8,2048,2048,2048,16,6,1048576,4,0,617.760,0.000,0.000,0.000,PASS,0
mh_comm_C2_RING_SIMPLE_CH8_N2048_q16_rep4,1,4,1,sm_89,COMM_ONLY,NCCL,C2_RING_SIMPLE_CH8,2048,2048,2048,16,7,1048576,4,0,718.016,0.000,0.000,0.000,PASS,0
mh_comm_C2_RING_SIMPLE_CH8_N2048_q16_rep4,1,4,1,sm_89,COMM_ONLY,NCCL,C2_RING_SIMPLE_CH8,2048,2048,2048,16,8,1048576,4,0,834.752,0.000,0.000,0.000,PASS,0
mh_comm_C2_RING_SIMPLE_CH8_N2048_q16_rep4,1,4,1,sm_89,COMM_ONLY,NCCL,C2_RING_SIMPLE_CH8,2048,2048,2048,16,9,1048576,4,0,965.056,0.000,0.000,0.000,PASS,0
mh_comm_C2_RING_SIMPLE_CH8_N2048_q16_rep4,1,4,1,sm_89,COMM_ONLY,NCCL,C2_RING_SIMPLE_CH8,2048,2048,2048,16,10,1048576,4,0,1070.208,0.000,0.000,0.000,PASS,0
mh_comm_C2_RING_SIMPLE_CH8_N2048_q16_rep4,1,4,1,sm_89,COMM_ONLY,NCCL,C2_RING_SIMPLE_CH8,2048,2048,2048,16,11,1048576,4,0,1160.512,0.000,0.000,0.000,PASS,0
mh_comm_C2_RING_SIMPLE_CH8_N2048_q16_rep4,1,4,1,sm_89,COMM_ONLY,NCCL,C2_RING_SIMPLE_CH8,2048,2048,2048,16,12,1048576,4,0,1247.936,0.000,0.000,0.000,PASS,0
mh_comm_C2_RING_SIMPLE_CH8_N2048_q16_rep4,1,4,1,sm_89,COMM_ONLY,NCCL,C2_RING_SIMPLE_CH8,2048,2048,2048,16,13,1048576,4,0,1349.536,0.000,0.000,0.000,PASS,0
mh_comm_C2_RING_SIMPLE_CH8_N2048_q16_rep4,1,4,1,sm_89,COMM_ONLY,NCCL,C2_RING_SIMPLE_CH8,2048,2048,2048,16,14,1048576,4,0,1443.232,0.000,0.000,0.000,PASS,0
mh_comm_C2_RING_SIMPLE_CH8_N2048_q16_rep4,1,4,1,sm_89,COMM_ONLY,NCCL,C2_RING_SIMPLE_CH8,2048,2048,2048,16,15,1048576,4,0,1523.712,0.000,0.000,0.000,PASS,0
mh_comm_C2_RING_SIMPLE_CH8_N2048_q16_rep4,1,4,1,sm_89,COMM_ONLY,NCCL,C2_RING_SIMPLE_CH8,2048,2048,2048,16,0,1048576,5,0,139.520,0.000,0.000,0.000,PASS,0
mh_comm_C2_RING_SIMPLE_CH8_N2048_q16_rep4,1,4,1,sm_89,COMM_ONLY,NCCL,C2_RING_SIMPLE_CH8,2048,2048,2048,16,1,1048576,5,0,220.192,0.000,0.000,0.000,PASS,0
mh_comm_C2_RING_SIMPLE_CH8_N2048_q16_rep4,1,4,1,sm_89,COMM_ONLY,NCCL,C2_RING_SIMPLE_CH8,2048,2048,2048,16,2,1048576,5,0,300.608,0.000,0.000,0.000,PASS,0
mh_comm_C2_RING_SIMPLE_CH8_N2048_q16_rep4,1,4,1,sm_89,COMM_ONLY,NCCL,C2_RING_SIMPLE_CH8,2048,2048,2048,16,3,1048576,5,0,382.880,0.000,0.000,0.000,PASS,0
mh_comm_C2_RING_SIMPLE_CH8_N2048_q16_rep4,1,4,1,sm_89,COMM_ONLY,NCCL,C2_RING_SIMPLE_CH8,2048,2048,2048,16,4,1048576,5,0,478.464,0.000,0.000,0.000,PASS,0
mh_comm_C2_RING_SIMPLE_CH8_N2048_q16_rep4,1,4,1,sm_89,COMM_ONLY,NCCL,C2_RING_SIMPLE_CH8,2048,2048,2048,16,5,1048576,5,0,570.336,0.000,0.000,0.000,PASS,0
mh_comm_C2_RING_SIMPLE_CH8_N2048_q16_rep4,1,4,1,sm_89,COMM_ONLY,NCCL,C2_RING_SIMPLE_CH8,2048,2048,2048,16,6,1048576,5,0,661.472,0.000,0.000,0.000,PASS,0
mh_comm_C2_RING_SIMPLE_CH8_N2048_q16_rep4,1,4,1,sm_89,COMM_ONLY,NCCL,C2_RING_SIMPLE_CH8,2048,2048,2048,16,7,1048576,5,0,765.568,0.000,0.000,0.000,PASS,0
mh_comm_C2_RING_SIMPLE_CH8_N2048_q16_rep4,1,4,1,sm_89,COMM_ONLY,NCCL,C2_RING_SIMPLE_CH8,2048,2048,2048,16,8,1048576,5,0,845.888,0.000,0.000,0.000,PASS,0
mh_comm_C2_RING_SIMPLE_CH8_N2048_q16_rep4,1,4,1,sm_89,COMM_ONLY,NCCL,C2_RING_SIMPLE_CH8,2048,2048,2048,16,9,1048576,5,0,925.664,0.000,0.000,0.000,PASS,0
mh_comm_C2_RING_SIMPLE_CH8_N2048_q16_rep4,1,4,1,sm_89,COMM_ONLY,NCCL,C2_RING_SIMPLE_CH8,2048,2048,2048,16,10,1048576,5,0,1006.528,0.000,0.000,0.000,PASS,0
mh_comm_C2_RING_SIMPLE_CH8_N2048_q16_rep4,1,4,1,sm_89,COMM_ONLY,NCCL,C2_RING_SIMPLE_CH8,2048,2048,2048,16,11,1048576,5,0,1090.688,0.000,0.000,0.000,PASS,0
mh_comm_C2_RING_SIMPLE_CH8_N2048_q16_rep4,1,4,1,sm_89,COMM_ONLY,NCCL,C2_RING_SIMPLE_CH8,2048,2048,2048,16,12,1048576,5,0,1184.288,0.000,0.000,0.000,PASS,0
mh_comm_C2_RING_SIMPLE_CH8_N2048_q16_rep4,1,4,1,sm_89,COMM_ONLY,NCCL,C2_RING_SIMPLE_CH8,2048,2048,2048,16,13,1048576,5,0,1275.168,0.000,0.000,0.000,PASS,0
mh_comm_C2_RING_SIMPLE_CH8_N2048_q16_rep4,1,4,1,sm_89,COMM_ONLY,NCCL,C2_RING_SIMPLE_CH8,2048,2048,2048,16,14,1048576,5,0,1355.936,0.000,0.000,0.000,PASS,0
mh_comm_C2_RING_SIMPLE_CH8_N2048_q16_rep4,1,4,1,sm_89,COMM_ONLY,NCCL,C2_RING_SIMPLE_CH8,2048,2048,2048,16,15,1048576,5,0,1436.608,0.000,0.000,0.000,PASS,0
mh_comm_C2_RING_SIMPLE_CH8_N2048_q16_rep4,1,4,1,sm_89,COMM_ONLY,NCCL,C2_RING_SIMPLE_CH8,2048,2048,2048,16,0,1048576,6,0,112.704,0.000,0.000,0.000,PASS,0
mh_comm_C2_RING_SIMPLE_CH8_N2048_q16_rep4,1,4,1,sm_89,COMM_ONLY,NCCL,C2_RING_SIMPLE_CH8,2048,2048,2048,16,1,1048576,6,0,193.184,0.000,0.000,0.000,PASS,0
mh_comm_C2_RING_SIMPLE_CH8_N2048_q16_rep4,1,4,1,sm_89,COMM_ONLY,NCCL,C2_RING_SIMPLE_CH8,2048,2048,2048,16,2,1048576,6,0,274.208,0.000,0.000,0.000,PASS,0
mh_comm_C2_RING_SIMPLE_CH8_N2048_q16_rep4,1,4,1,sm_89,COMM_ONLY,NCCL,C2_RING_SIMPLE_CH8,2048,2048,2048,16,3,1048576,6,0,369.984,0.000,0.000,0.000,PASS,0
mh_comm_C2_RING_SIMPLE_CH8_N2048_q16_rep4,1,4,1,sm_89,COMM_ONLY,NCCL,C2_RING_SIMPLE_CH8,2048,2048,2048,16,4,1048576,6,0,452.672,0.000,0.000,0.000,PASS,0
mh_comm_C2_RING_SIMPLE_CH8_N2048_q16_rep4,1,4,1,sm_89,COMM_ONLY,NCCL,C2_RING_SIMPLE_CH8,2048,2048,2048,16,5,1048576,6,0,533.504,0.000,0.000,0.000,PASS,0
mh_comm_C2_RING_SIMPLE_CH8_N2048_q16_rep4,1,4,1,sm_89,COMM_ONLY,NCCL,C2_RING_SIMPLE_CH8,2048,2048,2048,16,6,1048576,6,0,613.408,0.000,0.000,0.000,PASS,0
mh_comm_C2_RING_SIMPLE_CH8_N2048_q16_rep4,1,4,1,sm_89,COMM_ONLY,NCCL,C2_RING_SIMPLE_CH8,2048,2048,2048,16,7,1048576,6,0,695.136,0.000,0.000,0.000,PASS,0
mh_comm_C2_RING_SIMPLE_CH8_N2048_q16_rep4,1,4,1,sm_89,COMM_ONLY,NCCL,C2_RING_SIMPLE_CH8,2048,2048,2048,16,8,1048576,6,0,777.696,0.000,0.000,0.000,PASS,0
mh_comm_C2_RING_SIMPLE_CH8_N2048_q16_rep4,1,4,1,sm_89,COMM_ONLY,NCCL,C2_RING_SIMPLE_CH8,2048,2048,2048,16,9,1048576,6,0,869.056,0.000,0.000,0.000,PASS,0
mh_comm_C2_RING_SIMPLE_CH8_N2048_q16_rep4,1,4,1,sm_89,COMM_ONLY,NCCL,C2_RING_SIMPLE_CH8,2048,2048,2048,16,10,1048576,6,0,949.408,0.000,0.000,0.000,PASS,0
mh_comm_C2_RING_SIMPLE_CH8_N2048_q16_rep4,1,4,1,sm_89,COMM_ONLY,NCCL,C2_RING_SIMPLE_CH8,2048,2048,2048,16,11,1048576,6,0,1032.800,0.000,0.000,0.000,PASS,0
mh_comm_C2_RING_SIMPLE_CH8_N2048_q16_rep4,1,4,1,sm_89,COMM_ONLY,NCCL,C2_RING_SIMPLE_CH8,2048,2048,2048,16,12,1048576,6,0,1123.584,0.000,0.000,0.000,PASS,0
mh_comm_C2_RING_SIMPLE_CH8_N2048_q16_rep4,1,4,1,sm_89,COMM_ONLY,NCCL,C2_RING_SIMPLE_CH8,2048,2048,2048,16,13,1048576,6,0,1209.696,0.000,0.000,0.000,PASS,0
mh_comm_C2_RING_SIMPLE_CH8_N2048_q16_rep4,1,4,1,sm_89,COMM_ONLY,NCCL,C2_RING_SIMPLE_CH8,2048,2048,2048,16,14,1048576,6,0,1290.016,0.000,0.000,0.000,PASS,0
mh_comm_C2_RING_SIMPLE_CH8_N2048_q16_rep4,1,4,1,sm_89,COMM_ONLY,NCCL,C2_RING_SIMPLE_CH8,2048,2048,2048,16,15,1048576,6,0,1371.680,0.000,0.000,0.000,PASS,0
mh_comm_C2_RING_SIMPLE_CH8_N2048_q16_rep4,1,4,1,sm_89,COMM_ONLY,NCCL,C2_RING_SIMPLE_CH8,2048,2048,2048,16,0,1048576,7,0,110.560,0.000,0.000,0.000,PASS,0
mh_comm_C2_RING_SIMPLE_CH8_N2048_q16_rep4,1,4,1,sm_89,COMM_ONLY,NCCL,C2_RING_SIMPLE_CH8,2048,2048,2048,16,1,1048576,7,0,191.520,0.000,0.000,0.000,PASS,0
mh_comm_C2_RING_SIMPLE_CH8_N2048_q16_rep4,1,4,1,sm_89,COMM_ONLY,NCCL,C2_RING_SIMPLE_CH8,2048,2048,2048,16,2,1048576,7,0,272.032,0.000,0.000,0.000,PASS,0
mh_comm_C2_RING_SIMPLE_CH8_N2048_q16_rep4,1,4,1,sm_89,COMM_ONLY,NCCL,C2_RING_SIMPLE_CH8,2048,2048,2048,16,3,1048576,7,0,365.920,0.000,0.000,0.000,PASS,0
mh_comm_C2_RING_SIMPLE_CH8_N2048_q16_rep4,1,4,1,sm_89,COMM_ONLY,NCCL,C2_RING_SIMPLE_CH8,2048,2048,2048,16,4,1048576,7,0,446.976,0.000,0.000,0.000,PASS,0
mh_comm_C2_RING_SIMPLE_CH8_N2048_q16_rep4,1,4,1,sm_89,COMM_ONLY,NCCL,C2_RING_SIMPLE_CH8,2048,2048,2048,16,5,1048576,7,0,527.872,0.000,0.000,0.000,PASS,0
mh_comm_C2_RING_SIMPLE_CH8_N2048_q16_rep4,1,4,1,sm_89,COMM_ONLY,NCCL,C2_RING_SIMPLE_CH8,2048,2048,2048,16,6,1048576,7,0,608.160,0.000,0.000,0.000,PASS,0
mh_comm_C2_RING_SIMPLE_CH8_N2048_q16_rep4,1,4,1,sm_89,COMM_ONLY,NCCL,C2_RING_SIMPLE_CH8,2048,2048,2048,16,7,1048576,7,0,689.600,0.000,0.000,0.000,PASS,0
mh_comm_C2_RING_SIMPLE_CH8_N2048_q16_rep4,1,4,1,sm_89,COMM_ONLY,NCCL,C2_RING_SIMPLE_CH8,2048,2048,2048,16,8,1048576,7,0,770.912,0.000,0.000,0.000,PASS,0
mh_comm_C2_RING_SIMPLE_CH8_N2048_q16_rep4,1,4,1,sm_89,COMM_ONLY,NCCL,C2_RING_SIMPLE_CH8,2048,2048,2048,16,9,1048576,7,0,851.840,0.000,0.000,0.000,PASS,0
mh_comm_C2_RING_SIMPLE_CH8_N2048_q16_rep4,1,4,1,sm_89,COMM_ONLY,NCCL,C2_RING_SIMPLE_CH8,2048,2048,2048,16,10,1048576,7,0,933.376,0.000,0.000,0.000,PASS,0
mh_comm_C2_RING_SIMPLE_CH8_N2048_q16_rep4,1,4,1,sm_89,COMM_ONLY,NCCL,C2_RING_SIMPLE_CH8,2048,2048,2048,16,11,1048576,7,0,1015.232,0.000,0.000,0.000,PASS,0
mh_comm_C2_RING_SIMPLE_CH8_N2048_q16_rep4,1,4,1,sm_89,COMM_ONLY,NCCL,C2_RING_SIMPLE_CH8,2048,2048,2048,16,12,1048576,7,0,1096.224,0.000,0.000,0.000,PASS,0
mh_comm_C2_RING_SIMPLE_CH8_N2048_q16_rep4,1,4,1,sm_89,COMM_ONLY,NCCL,C2_RING_SIMPLE_CH8,2048,2048,2048,16,13,1048576,7,0,1178.816,0.000,0.000,0.000,PASS,0
mh_comm_C2_RING_SIMPLE_CH8_N2048_q16_rep4,1,4,1,sm_89,COMM_ONLY,NCCL,C2_RING_SIMPLE_CH8,2048,2048,2048,16,14,1048576,7,0,1259.456,0.000,0.000,0.000,PASS,0
mh_comm_C2_RING_SIMPLE_CH8_N2048_q16_rep4,1,4,1,sm_89,COMM_ONLY,NCCL,C2_RING_SIMPLE_CH8,2048,2048,2048,16,15,1048576,7,0,1340.096,0.000,0.000,0.000,PASS,0
mh_comm_C2_RING_SIMPLE_CH8_N2048_q16_rep4,1,4,1,sm_89,COMM_ONLY,NCCL,C2_RING_SIMPLE_CH8,2048,2048,2048,16,0,1048576,8,0,111.456,0.000,0.000,0.000,PASS,0
mh_comm_C2_RING_SIMPLE_CH8_N2048_q16_rep4,1,4,1,sm_89,COMM_ONLY,NCCL,C2_RING_SIMPLE_CH8,2048,2048,2048,16,1,1048576,8,0,191.456,0.000,0.000,0.000,PASS,0
mh_comm_C2_RING_SIMPLE_CH8_N2048_q16_rep4,1,4,1,sm_89,COMM_ONLY,NCCL,C2_RING_SIMPLE_CH8,2048,2048,2048,16,2,1048576,8,0,272.480,0.000,0.000,0.000,PASS,0
mh_comm_C2_RING_SIMPLE_CH8_N2048_q16_rep4,1,4,1,sm_89,COMM_ONLY,NCCL,C2_RING_SIMPLE_CH8,2048,2048,2048,16,3,1048576,8,0,354.688,0.000,0.000,0.000,PASS,0
mh_comm_C2_RING_SIMPLE_CH8_N2048_q16_rep4,1,4,1,sm_89,COMM_ONLY,NCCL,C2_RING_SIMPLE_CH8,2048,2048,2048,16,4,1048576,8,0,436.256,0.000,0.000,0.000,PASS,0
mh_comm_C2_RING_SIMPLE_CH8_N2048_q16_rep4,1,4,1,sm_89,COMM_ONLY,NCCL,C2_RING_SIMPLE_CH8,2048,2048,2048,16,5,1048576,8,0,518.688,0.000,0.000,0.000,PASS,0
mh_comm_C2_RING_SIMPLE_CH8_N2048_q16_rep4,1,4,1,sm_89,COMM_ONLY,NCCL,C2_RING_SIMPLE_CH8,2048,2048,2048,16,6,1048576,8,0,598.752,0.000,0.000,0.000,PASS,0
mh_comm_C2_RING_SIMPLE_CH8_N2048_q16_rep4,1,4,1,sm_89,COMM_ONLY,NCCL,C2_RING_SIMPLE_CH8,2048,2048,2048,16,7,1048576,8,0,680.608,0.000,0.000,0.000,PASS,0
mh_comm_C2_RING_SIMPLE_CH8_N2048_q16_rep4,1,4,1,sm_89,COMM_ONLY,NCCL,C2_RING_SIMPLE_CH8,2048,2048,2048,16,8,1048576,8,0,761.024,0.000,0.000,0.000,PASS,0
mh_comm_C2_RING_SIMPLE_CH8_N2048_q16_rep4,1,4,1,sm_89,COMM_ONLY,NCCL,C2_RING_SIMPLE_CH8,2048,2048,2048,16,9,1048576,8,0,842.304,0.000,0.000,0.000,PASS,0
mh_comm_C2_RING_SIMPLE_CH8_N2048_q16_rep4,1,4,1,sm_89,COMM_ONLY,NCCL,C2_RING_SIMPLE_CH8,2048,2048,2048,16,10,1048576,8,0,924.064,0.000,0.000,0.000,PASS,0
mh_comm_C2_RING_SIMPLE_CH8_N2048_q16_rep4,1,4,1,sm_89,COMM_ONLY,NCCL,C2_RING_SIMPLE_CH8,2048,2048,2048,16,11,1048576,8,0,1005.792,0.000,0.000,0.000,PASS,0
mh_comm_C2_RING_SIMPLE_CH8_N2048_q16_rep4,1,4,1,sm_89,COMM_ONLY,NCCL,C2_RING_SIMPLE_CH8,2048,2048,2048,16,12,1048576,8,0,1086.016,0.000,0.000,0.000,PASS,0
mh_comm_C2_RING_SIMPLE_CH8_N2048_q16_rep4,1,4,1,sm_89,COMM_ONLY,NCCL,C2_RING_SIMPLE_CH8,2048,2048,2048,16,13,1048576,8,0,1168.288,0.000,0.000,0.000,PASS,0
mh_comm_C2_RING_SIMPLE_CH8_N2048_q16_rep4,1,4,1,sm_89,COMM_ONLY,NCCL,C2_RING_SIMPLE_CH8,2048,2048,2048,16,14,1048576,8,0,1250.528,0.000,0.000,0.000,PASS,0
mh_comm_C2_RING_SIMPLE_CH8_N2048_q16_rep4,1,4,1,sm_89,COMM_ONLY,NCCL,C2_RING_SIMPLE_CH8,2048,2048,2048,16,15,1048576,8,0,1332.032,0.000,0.000,0.000,PASS,0
mh_comm_C2_RING_SIMPLE_CH8_N2048_q16_rep4,1,4,1,sm_89,COMM_ONLY,NCCL,C2_RING_SIMPLE_CH8,2048,2048,2048,16,0,1048576,9,0,111.264,0.000,0.000,0.000,PASS,0
mh_comm_C2_RING_SIMPLE_CH8_N2048_q16_rep4,1,4,1,sm_89,COMM_ONLY,NCCL,C2_RING_SIMPLE_CH8,2048,2048,2048,16,1,1048576,9,0,191.616,0.000,0.000,0.000,PASS,0
mh_comm_C2_RING_SIMPLE_CH8_N2048_q16_rep4,1,4,1,sm_89,COMM_ONLY,NCCL,C2_RING_SIMPLE_CH8,2048,2048,2048,16,2,1048576,9,0,279.264,0.000,0.000,0.000,PASS,0
mh_comm_C2_RING_SIMPLE_CH8_N2048_q16_rep4,1,4,1,sm_89,COMM_ONLY,NCCL,C2_RING_SIMPLE_CH8,2048,2048,2048,16,3,1048576,9,0,363.104,0.000,0.000,0.000,PASS,0
mh_comm_C2_RING_SIMPLE_CH8_N2048_q16_rep4,1,4,1,sm_89,COMM_ONLY,NCCL,C2_RING_SIMPLE_CH8,2048,2048,2048,16,4,1048576,9,0,445.056,0.000,0.000,0.000,PASS,0
mh_comm_C2_RING_SIMPLE_CH8_N2048_q16_rep4,1,4,1,sm_89,COMM_ONLY,NCCL,C2_RING_SIMPLE_CH8,2048,2048,2048,16,5,1048576,9,0,526.752,0.000,0.000,0.000,PASS,0
mh_comm_C2_RING_SIMPLE_CH8_N2048_q16_rep4,1,4,1,sm_89,COMM_ONLY,NCCL,C2_RING_SIMPLE_CH8,2048,2048,2048,16,6,1048576,9,0,606.944,0.000,0.000,0.000,PASS,0
mh_comm_C2_RING_SIMPLE_CH8_N2048_q16_rep4,1,4,1,sm_89,COMM_ONLY,NCCL,C2_RING_SIMPLE_CH8,2048,2048,2048,16,7,1048576,9,0,687.968,0.000,0.000,0.000,PASS,0
mh_comm_C2_RING_SIMPLE_CH8_N2048_q16_rep4,1,4,1,sm_89,COMM_ONLY,NCCL,C2_RING_SIMPLE_CH8,2048,2048,2048,16,8,1048576,9,0,780.576,0.000,0.000,0.000,PASS,0
mh_comm_C2_RING_SIMPLE_CH8_N2048_q16_rep4,1,4,1,sm_89,COMM_ONLY,NCCL,C2_RING_SIMPLE_CH8,2048,2048,2048,16,9,1048576,9,0,862.272,0.000,0.000,0.000,PASS,0
mh_comm_C2_RING_SIMPLE_CH8_N2048_q16_rep4,1,4,1,sm_89,COMM_ONLY,NCCL,C2_RING_SIMPLE_CH8,2048,2048,2048,16,10,1048576,9,0,942.976,0.000,0.000,0.000,PASS,0
mh_comm_C2_RING_SIMPLE_CH8_N2048_q16_rep4,1,4,1,sm_89,COMM_ONLY,NCCL,C2_RING_SIMPLE_CH8,2048,2048,2048,16,11,1048576,9,0,1024.320,0.000,0.000,0.000,PASS,0
mh_comm_C2_RING_SIMPLE_CH8_N2048_q16_rep4,1,4,1,sm_89,COMM_ONLY,NCCL,C2_RING_SIMPLE_CH8,2048,2048,2048,16,12,1048576,9,0,1105.664,0.000,0.000,0.000,PASS,0
mh_comm_C2_RING_SIMPLE_CH8_N2048_q16_rep4,1,4,1,sm_89,COMM_ONLY,NCCL,C2_RING_SIMPLE_CH8,2048,2048,2048,16,13,1048576,9,0,1188.032,0.000,0.000,0.000,PASS,0
mh_comm_C2_RING_SIMPLE_CH8_N2048_q16_rep4,1,4,1,sm_89,COMM_ONLY,NCCL,C2_RING_SIMPLE_CH8,2048,2048,2048,16,14,1048576,9,0,1268.224,0.000,0.000,0.000,PASS,0
mh_comm_C2_RING_SIMPLE_CH8_N2048_q16_rep4,1,4,1,sm_89,COMM_ONLY,NCCL,C2_RING_SIMPLE_CH8,2048,2048,2048,16,15,1048576,9,0,1348.832,0.000,0.000,0.000,PASS,0
mh_comm_C2_RING_SIMPLE_CH8_N2048_q16_rep4,1,4,1,sm_89,COMM_ONLY,NCCL,C2_RING_SIMPLE_CH8,2048,2048,2048,16,0,1048576,10,0,111.840,0.000,0.000,0.000,PASS,0
mh_comm_C2_RING_SIMPLE_CH8_N2048_q16_rep4,1,4,1,sm_89,COMM_ONLY,NCCL,C2_RING_SIMPLE_CH8,2048,2048,2048,16,1,1048576,10,0,192.192,0.000,0.000,0.000,PASS,0
mh_comm_C2_RING_SIMPLE_CH8_N2048_q16_rep4,1,4,1,sm_89,COMM_ONLY,NCCL,C2_RING_SIMPLE_CH8,2048,2048,2048,16,2,1048576,10,0,274.496,0.000,0.000,0.000,PASS,0
mh_comm_C2_RING_SIMPLE_CH8_N2048_q16_rep4,1,4,1,sm_89,COMM_ONLY,NCCL,C2_RING_SIMPLE_CH8,2048,2048,2048,16,3,1048576,10,0,355.552,0.000,0.000,0.000,PASS,0
mh_comm_C2_RING_SIMPLE_CH8_N2048_q16_rep4,1,4,1,sm_89,COMM_ONLY,NCCL,C2_RING_SIMPLE_CH8,2048,2048,2048,16,4,1048576,10,0,437.568,0.000,0.000,0.000,PASS,0
mh_comm_C2_RING_SIMPLE_CH8_N2048_q16_rep4,1,4,1,sm_89,COMM_ONLY,NCCL,C2_RING_SIMPLE_CH8,2048,2048,2048,16,5,1048576,10,0,519.776,0.000,0.000,0.000,PASS,0
mh_comm_C2_RING_SIMPLE_CH8_N2048_q16_rep4,1,4,1,sm_89,COMM_ONLY,NCCL,C2_RING_SIMPLE_CH8,2048,2048,2048,16,6,1048576,10,0,600.000,0.000,0.000,0.000,PASS,0
mh_comm_C2_RING_SIMPLE_CH8_N2048_q16_rep4,1,4,1,sm_89,COMM_ONLY,NCCL,C2_RING_SIMPLE_CH8,2048,2048,2048,16,7,1048576,10,0,681.216,0.000,0.000,0.000,PASS,0
mh_comm_C2_RING_SIMPLE_CH8_N2048_q16_rep4,1,4,1,sm_89,COMM_ONLY,NCCL,C2_RING_SIMPLE_CH8,2048,2048,2048,16,8,1048576,10,0,761.632,0.000,0.000,0.000,PASS,0
mh_comm_C2_RING_SIMPLE_CH8_N2048_q16_rep4,1,4,1,sm_89,COMM_ONLY,NCCL,C2_RING_SIMPLE_CH8,2048,2048,2048,16,9,1048576,10,0,844.064,0.000,0.000,0.000,PASS,0
mh_comm_C2_RING_SIMPLE_CH8_N2048_q16_rep4,1,4,1,sm_89,COMM_ONLY,NCCL,C2_RING_SIMPLE_CH8,2048,2048,2048,16,10,1048576,10,0,925.088,0.000,0.000,0.000,PASS,0
mh_comm_C2_RING_SIMPLE_CH8_N2048_q16_rep4,1,4,1,sm_89,COMM_ONLY,NCCL,C2_RING_SIMPLE_CH8,2048,2048,2048,16,11,1048576,10,0,1007.168,0.000,0.000,0.000,PASS,0
mh_comm_C2_RING_SIMPLE_CH8_N2048_q16_rep4,1,4,1,sm_89,COMM_ONLY,NCCL,C2_RING_SIMPLE_CH8,2048,2048,2048,16,12,1048576,10,0,1088.000,0.000,0.000,0.000,PASS,0
mh_comm_C2_RING_SIMPLE_CH8_N2048_q16_rep4,1,4,1,sm_89,COMM_ONLY,NCCL,C2_RING_SIMPLE_CH8,2048,2048,2048,16,13,1048576,10,0,1170.144,0.000,0.000,0.000,PASS,0
mh_comm_C2_RING_SIMPLE_CH8_N2048_q16_rep4,1,4,1,sm_89,COMM_ONLY,NCCL,C2_RING_SIMPLE_CH8,2048,2048,2048,16,14,1048576,10,0,1250.624,0.000,0.000,0.000,PASS,0
mh_comm_C2_RING_SIMPLE_CH8_N2048_q16_rep4,1,4,1,sm_89,COMM_ONLY,NCCL,C2_RING_SIMPLE_CH8,2048,2048,2048,16,15,1048576,10,0,1331.360,0.000,0.000,0.000,PASS,0
mh_comm_C2_RING_SIMPLE_CH8_N2048_q16_rep4,1,4,1,sm_89,COMM_ONLY,NCCL,C2_RING_SIMPLE_CH8,2048,2048,2048,16,0,1048576,11,0,113.088,0.000,0.000,0.000,PASS,0
mh_comm_C2_RING_SIMPLE_CH8_N2048_q16_rep4,1,4,1,sm_89,COMM_ONLY,NCCL,C2_RING_SIMPLE_CH8,2048,2048,2048,16,1,1048576,11,0,192.672,0.000,0.000,0.000,PASS,0
mh_comm_C2_RING_SIMPLE_CH8_N2048_q16_rep4,1,4,1,sm_89,COMM_ONLY,NCCL,C2_RING_SIMPLE_CH8,2048,2048,2048,16,2,1048576,11,0,272.448,0.000,0.000,0.000,PASS,0
mh_comm_C2_RING_SIMPLE_CH8_N2048_q16_rep4,1,4,1,sm_89,COMM_ONLY,NCCL,C2_RING_SIMPLE_CH8,2048,2048,2048,16,3,1048576,11,0,355.360,0.000,0.000,0.000,PASS,0
mh_comm_C2_RING_SIMPLE_CH8_N2048_q16_rep4,1,4,1,sm_89,COMM_ONLY,NCCL,C2_RING_SIMPLE_CH8,2048,2048,2048,16,4,1048576,11,0,436.832,0.000,0.000,0.000,PASS,0
mh_comm_C2_RING_SIMPLE_CH8_N2048_q16_rep4,1,4,1,sm_89,COMM_ONLY,NCCL,C2_RING_SIMPLE_CH8,2048,2048,2048,16,5,1048576,11,0,517.088,0.000,0.000,0.000,PASS,0
mh_comm_C2_RING_SIMPLE_CH8_N2048_q16_rep4,1,4,1,sm_89,COMM_ONLY,NCCL,C2_RING_SIMPLE_CH8,2048,2048,2048,16,6,1048576,11,0,597.376,0.000,0.000,0.000,PASS,0
mh_comm_C2_RING_SIMPLE_CH8_N2048_q16_rep4,1,4,1,sm_89,COMM_ONLY,NCCL,C2_RING_SIMPLE_CH8,2048,2048,2048,16,7,1048576,11,0,680.672,0.000,0.000,0.000,PASS,0
mh_comm_C2_RING_SIMPLE_CH8_N2048_q16_rep4,1,4,1,sm_89,COMM_ONLY,NCCL,C2_RING_SIMPLE_CH8,2048,2048,2048,16,8,1048576,11,0,762.048,0.000,0.000,0.000,PASS,0
mh_comm_C2_RING_SIMPLE_CH8_N2048_q16_rep4,1,4,1,sm_89,COMM_ONLY,NCCL,C2_RING_SIMPLE_CH8,2048,2048,2048,16,9,1048576,11,0,842.816,0.000,0.000,0.000,PASS,0
mh_comm_C2_RING_SIMPLE_CH8_N2048_q16_rep4,1,4,1,sm_89,COMM_ONLY,NCCL,C2_RING_SIMPLE_CH8,2048,2048,2048,16,10,1048576,11,0,937.056,0.000,0.000,0.000,PASS,0
mh_comm_C2_RING_SIMPLE_CH8_N2048_q16_rep4,1,4,1,sm_89,COMM_ONLY,NCCL,C2_RING_SIMPLE_CH8,2048,2048,2048,16,11,1048576,11,0,1018.240,0.000,0.000,0.000,PASS,0
mh_comm_C2_RING_SIMPLE_CH8_N2048_q16_rep4,1,4,1,sm_89,COMM_ONLY,NCCL,C2_RING_SIMPLE_CH8,2048,2048,2048,16,12,1048576,11,0,1098.880,0.000,0.000,0.000,PASS,0
mh_comm_C2_RING_SIMPLE_CH8_N2048_q16_rep4,1,4,1,sm_89,COMM_ONLY,NCCL,C2_RING_SIMPLE_CH8,2048,2048,2048,16,13,1048576,11,0,1180.736,0.000,0.000,0.000,PASS,0
mh_comm_C2_RING_SIMPLE_CH8_N2048_q16_rep4,1,4,1,sm_89,COMM_ONLY,NCCL,C2_RING_SIMPLE_CH8,2048,2048,2048,16,14,1048576,11,0,1260.576,0.000,0.000,0.000,PASS,0
mh_comm_C2_RING_SIMPLE_CH8_N2048_q16_rep4,1,4,1,sm_89,COMM_ONLY,NCCL,C2_RING_SIMPLE_CH8,2048,2048,2048,16,15,1048576,11,0,1341.408,0.000,0.000,0.000,PASS,0
mh_comm_C2_RING_SIMPLE_CH8_N2048_q16_rep4,1,4,1,sm_89,COMM_ONLY,NCCL,C2_RING_SIMPLE_CH8,2048,2048,2048,16,0,1048576,12,0,111.296,0.000,0.000,0.000,PASS,0
mh_comm_C2_RING_SIMPLE_CH8_N2048_q16_rep4,1,4,1,sm_89,COMM_ONLY,NCCL,C2_RING_SIMPLE_CH8,2048,2048,2048,16,1,1048576,12,0,191.936,0.000,0.000,0.000,PASS,0
mh_comm_C2_RING_SIMPLE_CH8_N2048_q16_rep4,1,4,1,sm_89,COMM_ONLY,NCCL,C2_RING_SIMPLE_CH8,2048,2048,2048,16,2,1048576,12,0,271.584,0.000,0.000,0.000,PASS,0
mh_comm_C2_RING_SIMPLE_CH8_N2048_q16_rep4,1,4,1,sm_89,COMM_ONLY,NCCL,C2_RING_SIMPLE_CH8,2048,2048,2048,16,3,1048576,12,0,353.472,0.000,0.000,0.000,PASS,0
mh_comm_C2_RING_SIMPLE_CH8_N2048_q16_rep4,1,4,1,sm_89,COMM_ONLY,NCCL,C2_RING_SIMPLE_CH8,2048,2048,2048,16,4,1048576,12,0,435.872,0.000,0.000,0.000,PASS,0
mh_comm_C2_RING_SIMPLE_CH8_N2048_q16_rep4,1,4,1,sm_89,COMM_ONLY,NCCL,C2_RING_SIMPLE_CH8,2048,2048,2048,16,5,1048576,12,0,517.888,0.000,0.000,0.000,PASS,0
mh_comm_C2_RING_SIMPLE_CH8_N2048_q16_rep4,1,4,1,sm_89,COMM_ONLY,NCCL,C2_RING_SIMPLE_CH8,2048,2048,2048,16,6,1048576,12,0,598.080,0.000,0.000,0.000,PASS,0
mh_comm_C2_RING_SIMPLE_CH8_N2048_q16_rep4,1,4,1,sm_89,COMM_ONLY,NCCL,C2_RING_SIMPLE_CH8,2048,2048,2048,16,7,1048576,12,0,680.480,0.000,0.000,0.000,PASS,0
mh_comm_C2_RING_SIMPLE_CH8_N2048_q16_rep4,1,4,1,sm_89,COMM_ONLY,NCCL,C2_RING_SIMPLE_CH8,2048,2048,2048,16,8,1048576,12,0,760.672,0.000,0.000,0.000,PASS,0
mh_comm_C2_RING_SIMPLE_CH8_N2048_q16_rep4,1,4,1,sm_89,COMM_ONLY,NCCL,C2_RING_SIMPLE_CH8,2048,2048,2048,16,9,1048576,12,0,841.184,0.000,0.000,0.000,PASS,0
mh_comm_C2_RING_SIMPLE_CH8_N2048_q16_rep4,1,4,1,sm_89,COMM_ONLY,NCCL,C2_RING_SIMPLE_CH8,2048,2048,2048,16,10,1048576,12,0,922.976,0.000,0.000,0.000,PASS,0
mh_comm_C2_RING_SIMPLE_CH8_N2048_q16_rep4,1,4,1,sm_89,COMM_ONLY,NCCL,C2_RING_SIMPLE_CH8,2048,2048,2048,16,11,1048576,12,0,1004.672,0.000,0.000,0.000,PASS,0
mh_comm_C2_RING_SIMPLE_CH8_N2048_q16_rep4,1,4,1,sm_89,COMM_ONLY,NCCL,C2_RING_SIMPLE_CH8,2048,2048,2048,16,12,1048576,12,0,1085.472,0.000,0.000,0.000,PASS,0
mh_comm_C2_RING_SIMPLE_CH8_N2048_q16_rep4,1,4,1,sm_89,COMM_ONLY,NCCL,C2_RING_SIMPLE_CH8,2048,2048,2048,16,13,1048576,12,0,1167.968,0.000,0.000,0.000,PASS,0
mh_comm_C2_RING_SIMPLE_CH8_N2048_q16_rep4,1,4,1,sm_89,COMM_ONLY,NCCL,C2_RING_SIMPLE_CH8,2048,2048,2048,16,14,1048576,12,0,1249.568,0.000,0.000,0.000,PASS,0
mh_comm_C2_RING_SIMPLE_CH8_N2048_q16_rep4,1,4,1,sm_89,COMM_ONLY,NCCL,C2_RING_SIMPLE_CH8,2048,2048,2048,16,15,1048576,12,0,1331.008,0.000,0.000,0.000,PASS,0
mh_comm_C2_RING_SIMPLE_CH8_N2048_q16_rep4,1,4,1,sm_89,COMM_ONLY,NCCL,C2_RING_SIMPLE_CH8,2048,2048,2048,16,0,1048576,13,0,119.456,0.000,0.000,0.000,PASS,0
mh_comm_C2_RING_SIMPLE_CH8_N2048_q16_rep4,1,4,1,sm_89,COMM_ONLY,NCCL,C2_RING_SIMPLE_CH8,2048,2048,2048,16,1,1048576,13,0,201.120,0.000,0.000,0.000,PASS,0
mh_comm_C2_RING_SIMPLE_CH8_N2048_q16_rep4,1,4,1,sm_89,COMM_ONLY,NCCL,C2_RING_SIMPLE_CH8,2048,2048,2048,16,2,1048576,13,0,280.832,0.000,0.000,0.000,PASS,0
mh_comm_C2_RING_SIMPLE_CH8_N2048_q16_rep4,1,4,1,sm_89,COMM_ONLY,NCCL,C2_RING_SIMPLE_CH8,2048,2048,2048,16,3,1048576,13,0,362.272,0.000,0.000,0.000,PASS,0
mh_comm_C2_RING_SIMPLE_CH8_N2048_q16_rep4,1,4,1,sm_89,COMM_ONLY,NCCL,C2_RING_SIMPLE_CH8,2048,2048,2048,16,4,1048576,13,0,443.456,0.000,0.000,0.000,PASS,0
mh_comm_C2_RING_SIMPLE_CH8_N2048_q16_rep4,1,4,1,sm_89,COMM_ONLY,NCCL,C2_RING_SIMPLE_CH8,2048,2048,2048,16,5,1048576,13,0,525.760,0.000,0.000,0.000,PASS,0
mh_comm_C2_RING_SIMPLE_CH8_N2048_q16_rep4,1,4,1,sm_89,COMM_ONLY,NCCL,C2_RING_SIMPLE_CH8,2048,2048,2048,16,6,1048576,13,0,615.584,0.000,0.000,0.000,PASS,0
mh_comm_C2_RING_SIMPLE_CH8_N2048_q16_rep4,1,4,1,sm_89,COMM_ONLY,NCCL,C2_RING_SIMPLE_CH8,2048,2048,2048,16,7,1048576,13,0,696.416,0.000,0.000,0.000,PASS,0
mh_comm_C2_RING_SIMPLE_CH8_N2048_q16_rep4,1,4,1,sm_89,COMM_ONLY,NCCL,C2_RING_SIMPLE_CH8,2048,2048,2048,16,8,1048576,13,0,777.728,0.000,0.000,0.000,PASS,0
mh_comm_C2_RING_SIMPLE_CH8_N2048_q16_rep4,1,4,1,sm_89,COMM_ONLY,NCCL,C2_RING_SIMPLE_CH8,2048,2048,2048,16,9,1048576,13,0,859.296,0.000,0.000,0.000,PASS,0
mh_comm_C2_RING_SIMPLE_CH8_N2048_q16_rep4,1,4,1,sm_89,COMM_ONLY,NCCL,C2_RING_SIMPLE_CH8,2048,2048,2048,16,10,1048576,13,0,940.480,0.000,0.000,0.000,PASS,0
mh_comm_C2_RING_SIMPLE_CH8_N2048_q16_rep4,1,4,1,sm_89,COMM_ONLY,NCCL,C2_RING_SIMPLE_CH8,2048,2048,2048,16,11,1048576,13,0,1022.368,0.000,0.000,0.000,PASS,0
mh_comm_C2_RING_SIMPLE_CH8_N2048_q16_rep4,1,4,1,sm_89,COMM_ONLY,NCCL,C2_RING_SIMPLE_CH8,2048,2048,2048,16,12,1048576,13,0,1103.968,0.000,0.000,0.000,PASS,0
mh_comm_C2_RING_SIMPLE_CH8_N2048_q16_rep4,1,4,1,sm_89,COMM_ONLY,NCCL,C2_RING_SIMPLE_CH8,2048,2048,2048,16,13,1048576,13,0,1188.224,0.000,0.000,0.000,PASS,0
mh_comm_C2_RING_SIMPLE_CH8_N2048_q16_rep4,1,4,1,sm_89,COMM_ONLY,NCCL,C2_RING_SIMPLE_CH8,2048,2048,2048,16,14,1048576,13,0,1281.152,0.000,0.000,0.000,PASS,0
mh_comm_C2_RING_SIMPLE_CH8_N2048_q16_rep4,1,4,1,sm_89,COMM_ONLY,NCCL,C2_RING_SIMPLE_CH8,2048,2048,2048,16,15,1048576,13,0,1361.376,0.000,0.000,0.000,PASS,0
mh_comm_C2_RING_SIMPLE_CH8_N2048_q16_rep4,1,4,1,sm_89,COMM_ONLY,NCCL,C2_RING_SIMPLE_CH8,2048,2048,2048,16,0,1048576,14,0,111.424,0.000,0.000,0.000,PASS,0
mh_comm_C2_RING_SIMPLE_CH8_N2048_q16_rep4,1,4,1,sm_89,COMM_ONLY,NCCL,C2_RING_SIMPLE_CH8,2048,2048,2048,16,1,1048576,14,0,192.800,0.000,0.000,0.000,PASS,0
mh_comm_C2_RING_SIMPLE_CH8_N2048_q16_rep4,1,4,1,sm_89,COMM_ONLY,NCCL,C2_RING_SIMPLE_CH8,2048,2048,2048,16,2,1048576,14,0,282.752,0.000,0.000,0.000,PASS,0
mh_comm_C2_RING_SIMPLE_CH8_N2048_q16_rep4,1,4,1,sm_89,COMM_ONLY,NCCL,C2_RING_SIMPLE_CH8,2048,2048,2048,16,3,1048576,14,0,363.680,0.000,0.000,0.000,PASS,0
mh_comm_C2_RING_SIMPLE_CH8_N2048_q16_rep4,1,4,1,sm_89,COMM_ONLY,NCCL,C2_RING_SIMPLE_CH8,2048,2048,2048,16,4,1048576,14,0,456.864,0.000,0.000,0.000,PASS,0
mh_comm_C2_RING_SIMPLE_CH8_N2048_q16_rep4,1,4,1,sm_89,COMM_ONLY,NCCL,C2_RING_SIMPLE_CH8,2048,2048,2048,16,5,1048576,14,0,552.000,0.000,0.000,0.000,PASS,0
mh_comm_C2_RING_SIMPLE_CH8_N2048_q16_rep4,1,4,1,sm_89,COMM_ONLY,NCCL,C2_RING_SIMPLE_CH8,2048,2048,2048,16,6,1048576,14,0,632.192,0.000,0.000,0.000,PASS,0
mh_comm_C2_RING_SIMPLE_CH8_N2048_q16_rep4,1,4,1,sm_89,COMM_ONLY,NCCL,C2_RING_SIMPLE_CH8,2048,2048,2048,16,7,1048576,14,0,713.408,0.000,0.000,0.000,PASS,0
mh_comm_C2_RING_SIMPLE_CH8_N2048_q16_rep4,1,4,1,sm_89,COMM_ONLY,NCCL,C2_RING_SIMPLE_CH8,2048,2048,2048,16,8,1048576,14,0,794.688,0.000,0.000,0.000,PASS,0
mh_comm_C2_RING_SIMPLE_CH8_N2048_q16_rep4,1,4,1,sm_89,COMM_ONLY,NCCL,C2_RING_SIMPLE_CH8,2048,2048,2048,16,9,1048576,14,0,886.752,0.000,0.000,0.000,PASS,0
mh_comm_C2_RING_SIMPLE_CH8_N2048_q16_rep4,1,4,1,sm_89,COMM_ONLY,NCCL,C2_RING_SIMPLE_CH8,2048,2048,2048,16,10,1048576,14,0,965.920,0.000,0.000,0.000,PASS,0
mh_comm_C2_RING_SIMPLE_CH8_N2048_q16_rep4,1,4,1,sm_89,COMM_ONLY,NCCL,C2_RING_SIMPLE_CH8,2048,2048,2048,16,11,1048576,14,0,1047.648,0.000,0.000,0.000,PASS,0
mh_comm_C2_RING_SIMPLE_CH8_N2048_q16_rep4,1,4,1,sm_89,COMM_ONLY,NCCL,C2_RING_SIMPLE_CH8,2048,2048,2048,16,12,1048576,14,0,1143.040,0.000,0.000,0.000,PASS,0
mh_comm_C2_RING_SIMPLE_CH8_N2048_q16_rep4,1,4,1,sm_89,COMM_ONLY,NCCL,C2_RING_SIMPLE_CH8,2048,2048,2048,16,13,1048576,14,0,1229.056,0.000,0.000,0.000,PASS,0
mh_comm_C2_RING_SIMPLE_CH8_N2048_q16_rep4,1,4,1,sm_89,COMM_ONLY,NCCL,C2_RING_SIMPLE_CH8,2048,2048,2048,16,14,1048576,14,0,1309.792,0.000,0.000,0.000,PASS,0
mh_comm_C2_RING_SIMPLE_CH8_N2048_q16_rep4,1,4,1,sm_89,COMM_ONLY,NCCL,C2_RING_SIMPLE_CH8,2048,2048,2048,16,15,1048576,14,0,1391.008,0.000,0.000,0.000,PASS,0
mh_comm_C2_RING_SIMPLE_CH8_N2048_q16_rep4,1,4,1,sm_89,COMM_ONLY,NCCL,C2_RING_SIMPLE_CH8,2048,2048,2048,16,0,1048576,15,0,117.344,0.000,0.000,0.000,PASS,0
mh_comm_C2_RING_SIMPLE_CH8_N2048_q16_rep4,1,4,1,sm_89,COMM_ONLY,NCCL,C2_RING_SIMPLE_CH8,2048,2048,2048,16,1,1048576,15,0,198.624,0.000,0.000,0.000,PASS,0
mh_comm_C2_RING_SIMPLE_CH8_N2048_q16_rep4,1,4,1,sm_89,COMM_ONLY,NCCL,C2_RING_SIMPLE_CH8,2048,2048,2048,16,2,1048576,15,0,300.128,0.000,0.000,0.000,PASS,0
mh_comm_C2_RING_SIMPLE_CH8_N2048_q16_rep4,1,4,1,sm_89,COMM_ONLY,NCCL,C2_RING_SIMPLE_CH8,2048,2048,2048,16,3,1048576,15,0,383.520,0.000,0.000,0.000,PASS,0
mh_comm_C2_RING_SIMPLE_CH8_N2048_q16_rep4,1,4,1,sm_89,COMM_ONLY,NCCL,C2_RING_SIMPLE_CH8,2048,2048,2048,16,4,1048576,15,0,464.896,0.000,0.000,0.000,PASS,0
mh_comm_C2_RING_SIMPLE_CH8_N2048_q16_rep4,1,4,1,sm_89,COMM_ONLY,NCCL,C2_RING_SIMPLE_CH8,2048,2048,2048,16,5,1048576,15,0,555.616,0.000,0.000,0.000,PASS,0
mh_comm_C2_RING_SIMPLE_CH8_N2048_q16_rep4,1,4,1,sm_89,COMM_ONLY,NCCL,C2_RING_SIMPLE_CH8,2048,2048,2048,16,6,1048576,15,0,662.784,0.000,0.000,0.000,PASS,0
mh_comm_C2_RING_SIMPLE_CH8_N2048_q16_rep4,1,4,1,sm_89,COMM_ONLY,NCCL,C2_RING_SIMPLE_CH8,2048,2048,2048,16,7,1048576,15,0,744.736,0.000,0.000,0.000,PASS,0
mh_comm_C2_RING_SIMPLE_CH8_N2048_q16_rep4,1,4,1,sm_89,COMM_ONLY,NCCL,C2_RING_SIMPLE_CH8,2048,2048,2048,16,8,1048576,15,0,824.992,0.000,0.000,0.000,PASS,0
mh_comm_C2_RING_SIMPLE_CH8_N2048_q16_rep4,1,4,1,sm_89,COMM_ONLY,NCCL,C2_RING_SIMPLE_CH8,2048,2048,2048,16,9,1048576,15,0,905.952,0.000,0.000,0.000,PASS,0
mh_comm_C2_RING_SIMPLE_CH8_N2048_q16_rep4,1,4,1,sm_89,COMM_ONLY,NCCL,C2_RING_SIMPLE_CH8,2048,2048,2048,16,10,1048576,15,0,997.312,0.000,0.000,0.000,PASS,0
mh_comm_C2_RING_SIMPLE_CH8_N2048_q16_rep4,1,4,1,sm_89,COMM_ONLY,NCCL,C2_RING_SIMPLE_CH8,2048,2048,2048,16,11,1048576,15,0,1081.600,0.000,0.000,0.000,PASS,0
mh_comm_C2_RING_SIMPLE_CH8_N2048_q16_rep4,1,4,1,sm_89,COMM_ONLY,NCCL,C2_RING_SIMPLE_CH8,2048,2048,2048,16,12,1048576,15,0,1162.912,0.000,0.000,0.000,PASS,0
mh_comm_C2_RING_SIMPLE_CH8_N2048_q16_rep4,1,4,1,sm_89,COMM_ONLY,NCCL,C2_RING_SIMPLE_CH8,2048,2048,2048,16,13,1048576,15,0,1244.928,0.000,0.000,0.000,PASS,0
mh_comm_C2_RING_SIMPLE_CH8_N2048_q16_rep4,1,4,1,sm_89,COMM_ONLY,NCCL,C2_RING_SIMPLE_CH8,2048,2048,2048,16,14,1048576,15,0,1337.760,0.000,0.000,0.000,PASS,0
mh_comm_C2_RING_SIMPLE_CH8_N2048_q16_rep4,1,4,1,sm_89,COMM_ONLY,NCCL,C2_RING_SIMPLE_CH8,2048,2048,2048,16,15,1048576,15,0,1418.912,0.000,0.000,0.000,PASS,0
mh_comm_C2_RING_SIMPLE_CH8_N2048_q16_rep4,1,4,1,sm_89,COMM_ONLY,NCCL,C2_RING_SIMPLE_CH8,2048,2048,2048,16,0,1048576,16,0,127.072,0.000,0.000,0.000,PASS,0
mh_comm_C2_RING_SIMPLE_CH8_N2048_q16_rep4,1,4,1,sm_89,COMM_ONLY,NCCL,C2_RING_SIMPLE_CH8,2048,2048,2048,16,1,1048576,16,0,209.888,0.000,0.000,0.000,PASS,0
mh_comm_C2_RING_SIMPLE_CH8_N2048_q16_rep4,1,4,1,sm_89,COMM_ONLY,NCCL,C2_RING_SIMPLE_CH8,2048,2048,2048,16,2,1048576,16,0,303.360,0.000,0.000,0.000,PASS,0
mh_comm_C2_RING_SIMPLE_CH8_N2048_q16_rep4,1,4,1,sm_89,COMM_ONLY,NCCL,C2_RING_SIMPLE_CH8,2048,2048,2048,16,3,1048576,16,0,384.352,0.000,0.000,0.000,PASS,0
mh_comm_C2_RING_SIMPLE_CH8_N2048_q16_rep4,1,4,1,sm_89,COMM_ONLY,NCCL,C2_RING_SIMPLE_CH8,2048,2048,2048,16,4,1048576,16,0,481.600,0.000,0.000,0.000,PASS,0
mh_comm_C2_RING_SIMPLE_CH8_N2048_q16_rep4,1,4,1,sm_89,COMM_ONLY,NCCL,C2_RING_SIMPLE_CH8,2048,2048,2048,16,5,1048576,16,0,576.416,0.000,0.000,0.000,PASS,0
mh_comm_C2_RING_SIMPLE_CH8_N2048_q16_rep4,1,4,1,sm_89,COMM_ONLY,NCCL,C2_RING_SIMPLE_CH8,2048,2048,2048,16,6,1048576,16,0,669.184,0.000,0.000,0.000,PASS,0
mh_comm_C2_RING_SIMPLE_CH8_N2048_q16_rep4,1,4,1,sm_89,COMM_ONLY,NCCL,C2_RING_SIMPLE_CH8,2048,2048,2048,16,7,1048576,16,0,751.776,0.000,0.000,0.000,PASS,0
mh_comm_C2_RING_SIMPLE_CH8_N2048_q16_rep4,1,4,1,sm_89,COMM_ONLY,NCCL,C2_RING_SIMPLE_CH8,2048,2048,2048,16,8,1048576,16,0,855.072,0.000,0.000,0.000,PASS,0
mh_comm_C2_RING_SIMPLE_CH8_N2048_q16_rep4,1,4,1,sm_89,COMM_ONLY,NCCL,C2_RING_SIMPLE_CH8,2048,2048,2048,16,9,1048576,16,0,936.896,0.000,0.000,0.000,PASS,0
mh_comm_C2_RING_SIMPLE_CH8_N2048_q16_rep4,1,4,1,sm_89,COMM_ONLY,NCCL,C2_RING_SIMPLE_CH8,2048,2048,2048,16,10,1048576,16,0,1026.816,0.000,0.000,0.000,PASS,0
mh_comm_C2_RING_SIMPLE_CH8_N2048_q16_rep4,1,4,1,sm_89,COMM_ONLY,NCCL,C2_RING_SIMPLE_CH8,2048,2048,2048,16,11,1048576,16,0,1121.600,0.000,0.000,0.000,PASS,0
mh_comm_C2_RING_SIMPLE_CH8_N2048_q16_rep4,1,4,1,sm_89,COMM_ONLY,NCCL,C2_RING_SIMPLE_CH8,2048,2048,2048,16,12,1048576,16,0,1202.624,0.000,0.000,0.000,PASS,0
mh_comm_C2_RING_SIMPLE_CH8_N2048_q16_rep4,1,4,1,sm_89,COMM_ONLY,NCCL,C2_RING_SIMPLE_CH8,2048,2048,2048,16,13,1048576,16,0,1284.608,0.000,0.000,0.000,PASS,0
mh_comm_C2_RING_SIMPLE_CH8_N2048_q16_rep4,1,4,1,sm_89,COMM_ONLY,NCCL,C2_RING_SIMPLE_CH8,2048,2048,2048,16,14,1048576,16,0,1377.248,0.000,0.000,0.000,PASS,0
mh_comm_C2_RING_SIMPLE_CH8_N2048_q16_rep4,1,4,1,sm_89,COMM_ONLY,NCCL,C2_RING_SIMPLE_CH8,2048,2048,2048,16,15,1048576,16,0,1458.080,0.000,0.000,0.000,PASS,0
mh_comm_C2_RING_SIMPLE_CH8_N2048_q16_rep4,1,4,1,sm_89,COMM_ONLY,NCCL,C2_RING_SIMPLE_CH8,2048,2048,2048,16,0,1048576,17,0,119.840,0.000,0.000,0.000,PASS,0
mh_comm_C2_RING_SIMPLE_CH8_N2048_q16_rep4,1,4,1,sm_89,COMM_ONLY,NCCL,C2_RING_SIMPLE_CH8,2048,2048,2048,16,1,1048576,17,0,200.736,0.000,0.000,0.000,PASS,0
mh_comm_C2_RING_SIMPLE_CH8_N2048_q16_rep4,1,4,1,sm_89,COMM_ONLY,NCCL,C2_RING_SIMPLE_CH8,2048,2048,2048,16,2,1048576,17,0,293.600,0.000,0.000,0.000,PASS,0
mh_comm_C2_RING_SIMPLE_CH8_N2048_q16_rep4,1,4,1,sm_89,COMM_ONLY,NCCL,C2_RING_SIMPLE_CH8,2048,2048,2048,16,3,1048576,17,0,376.544,0.000,0.000,0.000,PASS,0
mh_comm_C2_RING_SIMPLE_CH8_N2048_q16_rep4,1,4,1,sm_89,COMM_ONLY,NCCL,C2_RING_SIMPLE_CH8,2048,2048,2048,16,4,1048576,17,0,464.928,0.000,0.000,0.000,PASS,0
mh_comm_C2_RING_SIMPLE_CH8_N2048_q16_rep4,1,4,1,sm_89,COMM_ONLY,NCCL,C2_RING_SIMPLE_CH8,2048,2048,2048,16,5,1048576,17,0,549.856,0.000,0.000,0.000,PASS,0
mh_comm_C2_RING_SIMPLE_CH8_N2048_q16_rep4,1,4,1,sm_89,COMM_ONLY,NCCL,C2_RING_SIMPLE_CH8,2048,2048,2048,16,6,1048576,17,0,641.792,0.000,0.000,0.000,PASS,0
mh_comm_C2_RING_SIMPLE_CH8_N2048_q16_rep4,1,4,1,sm_89,COMM_ONLY,NCCL,C2_RING_SIMPLE_CH8,2048,2048,2048,16,7,1048576,17,0,723.424,0.000,0.000,0.000,PASS,0
mh_comm_C2_RING_SIMPLE_CH8_N2048_q16_rep4,1,4,1,sm_89,COMM_ONLY,NCCL,C2_RING_SIMPLE_CH8,2048,2048,2048,16,8,1048576,17,0,803.296,0.000,0.000,0.000,PASS,0
mh_comm_C2_RING_SIMPLE_CH8_N2048_q16_rep4,1,4,1,sm_89,COMM_ONLY,NCCL,C2_RING_SIMPLE_CH8,2048,2048,2048,16,9,1048576,17,0,896.416,0.000,0.000,0.000,PASS,0
mh_comm_C2_RING_SIMPLE_CH8_N2048_q16_rep4,1,4,1,sm_89,COMM_ONLY,NCCL,C2_RING_SIMPLE_CH8,2048,2048,2048,16,10,1048576,17,0,976.544,0.000,0.000,0.000,PASS,0
mh_comm_C2_RING_SIMPLE_CH8_N2048_q16_rep4,1,4,1,sm_89,COMM_ONLY,NCCL,C2_RING_SIMPLE_CH8,2048,2048,2048,16,11,1048576,17,0,1058.496,0.000,0.000,0.000,PASS,0
mh_comm_C2_RING_SIMPLE_CH8_N2048_q16_rep4,1,4,1,sm_89,COMM_ONLY,NCCL,C2_RING_SIMPLE_CH8,2048,2048,2048,16,12,1048576,17,0,1140.672,0.000,0.000,0.000,PASS,0
mh_comm_C2_RING_SIMPLE_CH8_N2048_q16_rep4,1,4,1,sm_89,COMM_ONLY,NCCL,C2_RING_SIMPLE_CH8,2048,2048,2048,16,13,1048576,17,0,1221.504,0.000,0.000,0.000,PASS,0
mh_comm_C2_RING_SIMPLE_CH8_N2048_q16_rep4,1,4,1,sm_89,COMM_ONLY,NCCL,C2_RING_SIMPLE_CH8,2048,2048,2048,16,14,1048576,17,0,1302.368,0.000,0.000,0.000,PASS,0
mh_comm_C2_RING_SIMPLE_CH8_N2048_q16_rep4,1,4,1,sm_89,COMM_ONLY,NCCL,C2_RING_SIMPLE_CH8,2048,2048,2048,16,15,1048576,17,0,1382.656,0.000,0.000,0.000,PASS,0
mh_comm_C2_RING_SIMPLE_CH8_N2048_q16_rep4,1,4,1,sm_89,COMM_ONLY,NCCL,C2_RING_SIMPLE_CH8,2048,2048,2048,16,0,1048576,18,0,111.520,0.000,0.000,0.000,PASS,0
mh_comm_C2_RING_SIMPLE_CH8_N2048_q16_rep4,1,4,1,sm_89,COMM_ONLY,NCCL,C2_RING_SIMPLE_CH8,2048,2048,2048,16,1,1048576,18,0,193.984,0.000,0.000,0.000,PASS,0
mh_comm_C2_RING_SIMPLE_CH8_N2048_q16_rep4,1,4,1,sm_89,COMM_ONLY,NCCL,C2_RING_SIMPLE_CH8,2048,2048,2048,16,2,1048576,18,0,274.144,0.000,0.000,0.000,PASS,0
mh_comm_C2_RING_SIMPLE_CH8_N2048_q16_rep4,1,4,1,sm_89,COMM_ONLY,NCCL,C2_RING_SIMPLE_CH8,2048,2048,2048,16,3,1048576,18,0,356.032,0.000,0.000,0.000,PASS,0
mh_comm_C2_RING_SIMPLE_CH8_N2048_q16_rep4,1,4,1,sm_89,COMM_ONLY,NCCL,C2_RING_SIMPLE_CH8,2048,2048,2048,16,4,1048576,18,0,448.480,0.000,0.000,0.000,PASS,0
mh_comm_C2_RING_SIMPLE_CH8_N2048_q16_rep4,1,4,1,sm_89,COMM_ONLY,NCCL,C2_RING_SIMPLE_CH8,2048,2048,2048,16,5,1048576,18,0,530.688,0.000,0.000,0.000,PASS,0
mh_comm_C2_RING_SIMPLE_CH8_N2048_q16_rep4,1,4,1,sm_89,COMM_ONLY,NCCL,C2_RING_SIMPLE_CH8,2048,2048,2048,16,6,1048576,18,0,621.696,0.000,0.000,0.000,PASS,0
mh_comm_C2_RING_SIMPLE_CH8_N2048_q16_rep4,1,4,1,sm_89,COMM_ONLY,NCCL,C2_RING_SIMPLE_CH8,2048,2048,2048,16,7,1048576,18,0,701.856,0.000,0.000,0.000,PASS,0
mh_comm_C2_RING_SIMPLE_CH8_N2048_q16_rep4,1,4,1,sm_89,COMM_ONLY,NCCL,C2_RING_SIMPLE_CH8,2048,2048,2048,16,8,1048576,18,0,783.072,0.000,0.000,0.000,PASS,0
mh_comm_C2_RING_SIMPLE_CH8_N2048_q16_rep4,1,4,1,sm_89,COMM_ONLY,NCCL,C2_RING_SIMPLE_CH8,2048,2048,2048,16,9,1048576,18,0,864.000,0.000,0.000,0.000,PASS,0
mh_comm_C2_RING_SIMPLE_CH8_N2048_q16_rep4,1,4,1,sm_89,COMM_ONLY,NCCL,C2_RING_SIMPLE_CH8,2048,2048,2048,16,10,1048576,18,0,946.208,0.000,0.000,0.000,PASS,0
mh_comm_C2_RING_SIMPLE_CH8_N2048_q16_rep4,1,4,1,sm_89,COMM_ONLY,NCCL,C2_RING_SIMPLE_CH8,2048,2048,2048,16,11,1048576,18,0,1028.704,0.000,0.000,0.000,PASS,0
mh_comm_C2_RING_SIMPLE_CH8_N2048_q16_rep4,1,4,1,sm_89,COMM_ONLY,NCCL,C2_RING_SIMPLE_CH8,2048,2048,2048,16,12,1048576,18,0,1120.160,0.000,0.000,0.000,PASS,0
mh_comm_C2_RING_SIMPLE_CH8_N2048_q16_rep4,1,4,1,sm_89,COMM_ONLY,NCCL,C2_RING_SIMPLE_CH8,2048,2048,2048,16,13,1048576,18,0,1204.192,0.000,0.000,0.000,PASS,0
mh_comm_C2_RING_SIMPLE_CH8_N2048_q16_rep4,1,4,1,sm_89,COMM_ONLY,NCCL,C2_RING_SIMPLE_CH8,2048,2048,2048,16,14,1048576,18,0,1286.080,0.000,0.000,0.000,PASS,0
mh_comm_C2_RING_SIMPLE_CH8_N2048_q16_rep4,1,4,1,sm_89,COMM_ONLY,NCCL,C2_RING_SIMPLE_CH8,2048,2048,2048,16,15,1048576,18,0,1366.400,0.000,0.000,0.000,PASS,0
mh_comm_C2_RING_SIMPLE_CH8_N2048_q16_rep4,1,4,1,sm_89,COMM_ONLY,NCCL,C2_RING_SIMPLE_CH8,2048,2048,2048,16,0,1048576,19,0,110.720,0.000,0.000,0.000,PASS,0
mh_comm_C2_RING_SIMPLE_CH8_N2048_q16_rep4,1,4,1,sm_89,COMM_ONLY,NCCL,C2_RING_SIMPLE_CH8,2048,2048,2048,16,1,1048576,19,0,190.880,0.000,0.000,0.000,PASS,0
mh_comm_C2_RING_SIMPLE_CH8_N2048_q16_rep4,1,4,1,sm_89,COMM_ONLY,NCCL,C2_RING_SIMPLE_CH8,2048,2048,2048,16,2,1048576,19,0,271.936,0.000,0.000,0.000,PASS,0
mh_comm_C2_RING_SIMPLE_CH8_N2048_q16_rep4,1,4,1,sm_89,COMM_ONLY,NCCL,C2_RING_SIMPLE_CH8,2048,2048,2048,16,3,1048576,19,0,353.664,0.000,0.000,0.000,PASS,0
mh_comm_C2_RING_SIMPLE_CH8_N2048_q16_rep4,1,4,1,sm_89,COMM_ONLY,NCCL,C2_RING_SIMPLE_CH8,2048,2048,2048,16,4,1048576,19,0,436.544,0.000,0.000,0.000,PASS,0
mh_comm_C2_RING_SIMPLE_CH8_N2048_q16_rep4,1,4,1,sm_89,COMM_ONLY,NCCL,C2_RING_SIMPLE_CH8,2048,2048,2048,16,5,1048576,19,0,517.920,0.000,0.000,0.000,PASS,0
mh_comm_C2_RING_SIMPLE_CH8_N2048_q16_rep4,1,4,1,sm_89,COMM_ONLY,NCCL,C2_RING_SIMPLE_CH8,2048,2048,2048,16,6,1048576,19,0,598.624,0.000,0.000,0.000,PASS,0
mh_comm_C2_RING_SIMPLE_CH8_N2048_q16_rep4,1,4,1,sm_89,COMM_ONLY,NCCL,C2_RING_SIMPLE_CH8,2048,2048,2048,16,7,1048576,19,0,680.960,0.000,0.000,0.000,PASS,0
mh_comm_C2_RING_SIMPLE_CH8_N2048_q16_rep4,1,4,1,sm_89,COMM_ONLY,NCCL,C2_RING_SIMPLE_CH8,2048,2048,2048,16,8,1048576,19,0,761.696,0.000,0.000,0.000,PASS,0
mh_comm_C2_RING_SIMPLE_CH8_N2048_q16_rep4,1,4,1,sm_89,COMM_ONLY,NCCL,C2_RING_SIMPLE_CH8,2048,2048,2048,16,9,1048576,19,0,842.784,0.000,0.000,0.000,PASS,0
mh_comm_C2_RING_SIMPLE_CH8_N2048_q16_rep4,1,4,1,sm_89,COMM_ONLY,NCCL,C2_RING_SIMPLE_CH8,2048,2048,2048,16,10,1048576,19,0,923.136,0.000,0.000,0.000,PASS,0
mh_comm_C2_RING_SIMPLE_CH8_N2048_q16_rep4,1,4,1,sm_89,COMM_ONLY,NCCL,C2_RING_SIMPLE_CH8,2048,2048,2048,16,11,1048576,19,0,1004.864,0.000,0.000,0.000,PASS,0
mh_comm_C2_RING_SIMPLE_CH8_N2048_q16_rep4,1,4,1,sm_89,COMM_ONLY,NCCL,C2_RING_SIMPLE_CH8,2048,2048,2048,16,12,1048576,19,0,1086.880,0.000,0.000,0.000,PASS,0
mh_comm_C2_RING_SIMPLE_CH8_N2048_q16_rep4,1,4,1,sm_89,COMM_ONLY,NCCL,C2_RING_SIMPLE_CH8,2048,2048,2048,16,13,1048576,19,0,1180.128,0.000,0.000,0.000,PASS,0
mh_comm_C2_RING_SIMPLE_CH8_N2048_q16_rep4,1,4,1,sm_89,COMM_ONLY,NCCL,C2_RING_SIMPLE_CH8,2048,2048,2048,16,14,1048576,19,0,1260.768,0.000,0.000,0.000,PASS,0
mh_comm_C2_RING_SIMPLE_CH8_N2048_q16_rep4,1,4,1,sm_89,COMM_ONLY,NCCL,C2_RING_SIMPLE_CH8,2048,2048,2048,16,15,1048576,19,0,1342.656,0.000,0.000,0.000,PASS,0
mh_comm_C2_RING_SIMPLE_CH8_N2048_q16_rep4,1,4,1,sm_89,COMM_ONLY,NCCL,C2_RING_SIMPLE_CH8,2048,2048,2048,16,0,1048576,20,0,110.112,0.000,0.000,0.000,PASS,0
mh_comm_C2_RING_SIMPLE_CH8_N2048_q16_rep4,1,4,1,sm_89,COMM_ONLY,NCCL,C2_RING_SIMPLE_CH8,2048,2048,2048,16,1,1048576,20,0,190.240,0.000,0.000,0.000,PASS,0
mh_comm_C2_RING_SIMPLE_CH8_N2048_q16_rep4,1,4,1,sm_89,COMM_ONLY,NCCL,C2_RING_SIMPLE_CH8,2048,2048,2048,16,2,1048576,20,0,271.872,0.000,0.000,0.000,PASS,0
mh_comm_C2_RING_SIMPLE_CH8_N2048_q16_rep4,1,4,1,sm_89,COMM_ONLY,NCCL,C2_RING_SIMPLE_CH8,2048,2048,2048,16,3,1048576,20,0,352.288,0.000,0.000,0.000,PASS,0
mh_comm_C2_RING_SIMPLE_CH8_N2048_q16_rep4,1,4,1,sm_89,COMM_ONLY,NCCL,C2_RING_SIMPLE_CH8,2048,2048,2048,16,4,1048576,20,0,433.760,0.000,0.000,0.000,PASS,0
mh_comm_C2_RING_SIMPLE_CH8_N2048_q16_rep4,1,4,1,sm_89,COMM_ONLY,NCCL,C2_RING_SIMPLE_CH8,2048,2048,2048,16,5,1048576,20,0,515.520,0.000,0.000,0.000,PASS,0
mh_comm_C2_RING_SIMPLE_CH8_N2048_q16_rep4,1,4,1,sm_89,COMM_ONLY,NCCL,C2_RING_SIMPLE_CH8,2048,2048,2048,16,6,1048576,20,0,596.064,0.000,0.000,0.000,PASS,0
mh_comm_C2_RING_SIMPLE_CH8_N2048_q16_rep4,1,4,1,sm_89,COMM_ONLY,NCCL,C2_RING_SIMPLE_CH8,2048,2048,2048,16,7,1048576,20,0,678.240,0.000,0.000,0.000,PASS,0
mh_comm_C2_RING_SIMPLE_CH8_N2048_q16_rep4,1,4,1,sm_89,COMM_ONLY,NCCL,C2_RING_SIMPLE_CH8,2048,2048,2048,16,8,1048576,20,0,758.400,0.000,0.000,0.000,PASS,0
mh_comm_C2_RING_SIMPLE_CH8_N2048_q16_rep4,1,4,1,sm_89,COMM_ONLY,NCCL,C2_RING_SIMPLE_CH8,2048,2048,2048,16,9,1048576,20,0,839.552,0.000,0.000,0.000,PASS,0
mh_comm_C2_RING_SIMPLE_CH8_N2048_q16_rep4,1,4,1,sm_89,COMM_ONLY,NCCL,C2_RING_SIMPLE_CH8,2048,2048,2048,16,10,1048576,20,0,920.064,0.000,0.000,0.000,PASS,0
mh_comm_C2_RING_SIMPLE_CH8_N2048_q16_rep4,1,4,1,sm_89,COMM_ONLY,NCCL,C2_RING_SIMPLE_CH8,2048,2048,2048,16,11,1048576,20,0,1002.048,0.000,0.000,0.000,PASS,0
mh_comm_C2_RING_SIMPLE_CH8_N2048_q16_rep4,1,4,1,sm_89,COMM_ONLY,NCCL,C2_RING_SIMPLE_CH8,2048,2048,2048,16,12,1048576,20,0,1082.176,0.000,0.000,0.000,PASS,0
mh_comm_C2_RING_SIMPLE_CH8_N2048_q16_rep4,1,4,1,sm_89,COMM_ONLY,NCCL,C2_RING_SIMPLE_CH8,2048,2048,2048,16,13,1048576,20,0,1164.576,0.000,0.000,0.000,PASS,0
mh_comm_C2_RING_SIMPLE_CH8_N2048_q16_rep4,1,4,1,sm_89,COMM_ONLY,NCCL,C2_RING_SIMPLE_CH8,2048,2048,2048,16,14,1048576,20,0,1245.600,0.000,0.000,0.000,PASS,0
mh_comm_C2_RING_SIMPLE_CH8_N2048_q16_rep4,1,4,1,sm_89,COMM_ONLY,NCCL,C2_RING_SIMPLE_CH8,2048,2048,2048,16,15,1048576,20,0,1327.520,0.000,0.000,0.000,PASS,0
mh_comm_C2_RING_SIMPLE_CH8_N2048_q16_rep4,1,4,1,sm_89,COMM_ONLY,NCCL,C2_RING_SIMPLE_CH8,2048,2048,2048,16,0,1048576,21,0,109.344,0.000,0.000,0.000,PASS,0
mh_comm_C2_RING_SIMPLE_CH8_N2048_q16_rep4,1,4,1,sm_89,COMM_ONLY,NCCL,C2_RING_SIMPLE_CH8,2048,2048,2048,16,1,1048576,21,0,205.344,0.000,0.000,0.000,PASS,0
mh_comm_C2_RING_SIMPLE_CH8_N2048_q16_rep4,1,4,1,sm_89,COMM_ONLY,NCCL,C2_RING_SIMPLE_CH8,2048,2048,2048,16,2,1048576,21,0,293.536,0.000,0.000,0.000,PASS,0
mh_comm_C2_RING_SIMPLE_CH8_N2048_q16_rep4,1,4,1,sm_89,COMM_ONLY,NCCL,C2_RING_SIMPLE_CH8,2048,2048,2048,16,3,1048576,21,0,374.496,0.000,0.000,0.000,PASS,0
mh_comm_C2_RING_SIMPLE_CH8_N2048_q16_rep4,1,4,1,sm_89,COMM_ONLY,NCCL,C2_RING_SIMPLE_CH8,2048,2048,2048,16,4,1048576,21,0,455.552,0.000,0.000,0.000,PASS,0
mh_comm_C2_RING_SIMPLE_CH8_N2048_q16_rep4,1,4,1,sm_89,COMM_ONLY,NCCL,C2_RING_SIMPLE_CH8,2048,2048,2048,16,5,1048576,21,0,550.112,0.000,0.000,0.000,PASS,0
mh_comm_C2_RING_SIMPLE_CH8_N2048_q16_rep4,1,4,1,sm_89,COMM_ONLY,NCCL,C2_RING_SIMPLE_CH8,2048,2048,2048,16,6,1048576,21,0,628.960,0.000,0.000,0.000,PASS,0
mh_comm_C2_RING_SIMPLE_CH8_N2048_q16_rep4,1,4,1,sm_89,COMM_ONLY,NCCL,C2_RING_SIMPLE_CH8,2048,2048,2048,16,7,1048576,21,0,710.912,0.000,0.000,0.000,PASS,0
mh_comm_C2_RING_SIMPLE_CH8_N2048_q16_rep4,1,4,1,sm_89,COMM_ONLY,NCCL,C2_RING_SIMPLE_CH8,2048,2048,2048,16,8,1048576,21,0,792.672,0.000,0.000,0.000,PASS,0
mh_comm_C2_RING_SIMPLE_CH8_N2048_q16_rep4,1,4,1,sm_89,COMM_ONLY,NCCL,C2_RING_SIMPLE_CH8,2048,2048,2048,16,9,1048576,21,0,872.160,0.000,0.000,0.000,PASS,0
mh_comm_C2_RING_SIMPLE_CH8_N2048_q16_rep4,1,4,1,sm_89,COMM_ONLY,NCCL,C2_RING_SIMPLE_CH8,2048,2048,2048,16,10,1048576,21,0,953.344,0.000,0.000,0.000,PASS,0
mh_comm_C2_RING_SIMPLE_CH8_N2048_q16_rep4,1,4,1,sm_89,COMM_ONLY,NCCL,C2_RING_SIMPLE_CH8,2048,2048,2048,16,11,1048576,21,0,1034.496,0.000,0.000,0.000,PASS,0
mh_comm_C2_RING_SIMPLE_CH8_N2048_q16_rep4,1,4,1,sm_89,COMM_ONLY,NCCL,C2_RING_SIMPLE_CH8,2048,2048,2048,16,12,1048576,21,0,1115.616,0.000,0.000,0.000,PASS,0
mh_comm_C2_RING_SIMPLE_CH8_N2048_q16_rep4,1,4,1,sm_89,COMM_ONLY,NCCL,C2_RING_SIMPLE_CH8,2048,2048,2048,16,13,1048576,21,0,1198.944,0.000,0.000,0.000,PASS,0
mh_comm_C2_RING_SIMPLE_CH8_N2048_q16_rep4,1,4,1,sm_89,COMM_ONLY,NCCL,C2_RING_SIMPLE_CH8,2048,2048,2048,16,14,1048576,21,0,1279.840,0.000,0.000,0.000,PASS,0
mh_comm_C2_RING_SIMPLE_CH8_N2048_q16_rep4,1,4,1,sm_89,COMM_ONLY,NCCL,C2_RING_SIMPLE_CH8,2048,2048,2048,16,15,1048576,21,0,1361.088,0.000,0.000,0.000,PASS,0
mh_comm_C2_RING_SIMPLE_CH8_N2048_q16_rep4,1,4,1,sm_89,COMM_ONLY,NCCL,C2_RING_SIMPLE_CH8,2048,2048,2048,16,0,1048576,22,0,111.520,0.000,0.000,0.000,PASS,0
mh_comm_C2_RING_SIMPLE_CH8_N2048_q16_rep4,1,4,1,sm_89,COMM_ONLY,NCCL,C2_RING_SIMPLE_CH8,2048,2048,2048,16,1,1048576,22,0,191.200,0.000,0.000,0.000,PASS,0
mh_comm_C2_RING_SIMPLE_CH8_N2048_q16_rep4,1,4,1,sm_89,COMM_ONLY,NCCL,C2_RING_SIMPLE_CH8,2048,2048,2048,16,2,1048576,22,0,271.904,0.000,0.000,0.000,PASS,0
mh_comm_C2_RING_SIMPLE_CH8_N2048_q16_rep4,1,4,1,sm_89,COMM_ONLY,NCCL,C2_RING_SIMPLE_CH8,2048,2048,2048,16,3,1048576,22,0,353.664,0.000,0.000,0.000,PASS,0
mh_comm_C2_RING_SIMPLE_CH8_N2048_q16_rep4,1,4,1,sm_89,COMM_ONLY,NCCL,C2_RING_SIMPLE_CH8,2048,2048,2048,16,4,1048576,22,0,434.784,0.000,0.000,0.000,PASS,0
mh_comm_C2_RING_SIMPLE_CH8_N2048_q16_rep4,1,4,1,sm_89,COMM_ONLY,NCCL,C2_RING_SIMPLE_CH8,2048,2048,2048,16,5,1048576,22,0,516.672,0.000,0.000,0.000,PASS,0
mh_comm_C2_RING_SIMPLE_CH8_N2048_q16_rep4,1,4,1,sm_89,COMM_ONLY,NCCL,C2_RING_SIMPLE_CH8,2048,2048,2048,16,6,1048576,22,0,598.720,0.000,0.000,0.000,PASS,0
mh_comm_C2_RING_SIMPLE_CH8_N2048_q16_rep4,1,4,1,sm_89,COMM_ONLY,NCCL,C2_RING_SIMPLE_CH8,2048,2048,2048,16,7,1048576,22,0,679.872,0.000,0.000,0.000,PASS,0
mh_comm_C2_RING_SIMPLE_CH8_N2048_q16_rep4,1,4,1,sm_89,COMM_ONLY,NCCL,C2_RING_SIMPLE_CH8,2048,2048,2048,16,8,1048576,22,0,760.992,0.000,0.000,0.000,PASS,0
mh_comm_C2_RING_SIMPLE_CH8_N2048_q16_rep4,1,4,1,sm_89,COMM_ONLY,NCCL,C2_RING_SIMPLE_CH8,2048,2048,2048,16,9,1048576,22,0,842.656,0.000,0.000,0.000,PASS,0
mh_comm_C2_RING_SIMPLE_CH8_N2048_q16_rep4,1,4,1,sm_89,COMM_ONLY,NCCL,C2_RING_SIMPLE_CH8,2048,2048,2048,16,10,1048576,22,0,924.192,0.000,0.000,0.000,PASS,0
mh_comm_C2_RING_SIMPLE_CH8_N2048_q16_rep4,1,4,1,sm_89,COMM_ONLY,NCCL,C2_RING_SIMPLE_CH8,2048,2048,2048,16,11,1048576,22,0,1006.784,0.000,0.000,0.000,PASS,0
mh_comm_C2_RING_SIMPLE_CH8_N2048_q16_rep4,1,4,1,sm_89,COMM_ONLY,NCCL,C2_RING_SIMPLE_CH8,2048,2048,2048,16,12,1048576,22,0,1086.400,0.000,0.000,0.000,PASS,0
mh_comm_C2_RING_SIMPLE_CH8_N2048_q16_rep4,1,4,1,sm_89,COMM_ONLY,NCCL,C2_RING_SIMPLE_CH8,2048,2048,2048,16,13,1048576,22,0,1168.448,0.000,0.000,0.000,PASS,0
mh_comm_C2_RING_SIMPLE_CH8_N2048_q16_rep4,1,4,1,sm_89,COMM_ONLY,NCCL,C2_RING_SIMPLE_CH8,2048,2048,2048,16,14,1048576,22,0,1249.696,0.000,0.000,0.000,PASS,0
mh_comm_C2_RING_SIMPLE_CH8_N2048_q16_rep4,1,4,1,sm_89,COMM_ONLY,NCCL,C2_RING_SIMPLE_CH8,2048,2048,2048,16,15,1048576,22,0,1331.968,0.000,0.000,0.000,PASS,0
mh_comm_C2_RING_SIMPLE_CH8_N2048_q16_rep4,1,4,1,sm_89,COMM_ONLY,NCCL,C2_RING_SIMPLE_CH8,2048,2048,2048,16,0,1048576,23,0,126.432,0.000,0.000,0.000,PASS,0
mh_comm_C2_RING_SIMPLE_CH8_N2048_q16_rep4,1,4,1,sm_89,COMM_ONLY,NCCL,C2_RING_SIMPLE_CH8,2048,2048,2048,16,1,1048576,23,0,208.320,0.000,0.000,0.000,PASS,0
mh_comm_C2_RING_SIMPLE_CH8_N2048_q16_rep4,1,4,1,sm_89,COMM_ONLY,NCCL,C2_RING_SIMPLE_CH8,2048,2048,2048,16,2,1048576,23,0,288.352,0.000,0.000,0.000,PASS,0
mh_comm_C2_RING_SIMPLE_CH8_N2048_q16_rep4,1,4,1,sm_89,COMM_ONLY,NCCL,C2_RING_SIMPLE_CH8,2048,2048,2048,16,3,1048576,23,0,369.632,0.000,0.000,0.000,PASS,0
mh_comm_C2_RING_SIMPLE_CH8_N2048_q16_rep4,1,4,1,sm_89,COMM_ONLY,NCCL,C2_RING_SIMPLE_CH8,2048,2048,2048,16,4,1048576,23,0,451.776,0.000,0.000,0.000,PASS,0
mh_comm_C2_RING_SIMPLE_CH8_N2048_q16_rep4,1,4,1,sm_89,COMM_ONLY,NCCL,C2_RING_SIMPLE_CH8,2048,2048,2048,16,5,1048576,23,0,532.992,0.000,0.000,0.000,PASS,0
mh_comm_C2_RING_SIMPLE_CH8_N2048_q16_rep4,1,4,1,sm_89,COMM_ONLY,NCCL,C2_RING_SIMPLE_CH8,2048,2048,2048,16,6,1048576,23,0,613.376,0.000,0.000,0.000,PASS,0
mh_comm_C2_RING_SIMPLE_CH8_N2048_q16_rep4,1,4,1,sm_89,COMM_ONLY,NCCL,C2_RING_SIMPLE_CH8,2048,2048,2048,16,7,1048576,23,0,703.776,0.000,0.000,0.000,PASS,0
mh_comm_C2_RING_SIMPLE_CH8_N2048_q16_rep4,1,4,1,sm_89,COMM_ONLY,NCCL,C2_RING_SIMPLE_CH8,2048,2048,2048,16,8,1048576,23,0,784.864,0.000,0.000,0.000,PASS,0
mh_comm_C2_RING_SIMPLE_CH8_N2048_q16_rep4,1,4,1,sm_89,COMM_ONLY,NCCL,C2_RING_SIMPLE_CH8,2048,2048,2048,16,9,1048576,23,0,866.048,0.000,0.000,0.000,PASS,0
mh_comm_C2_RING_SIMPLE_CH8_N2048_q16_rep4,1,4,1,sm_89,COMM_ONLY,NCCL,C2_RING_SIMPLE_CH8,2048,2048,2048,16,10,1048576,23,0,946.784,0.000,0.000,0.000,PASS,0
mh_comm_C2_RING_SIMPLE_CH8_N2048_q16_rep4,1,4,1,sm_89,COMM_ONLY,NCCL,C2_RING_SIMPLE_CH8,2048,2048,2048,16,11,1048576,23,0,1029.120,0.000,0.000,0.000,PASS,0
mh_comm_C2_RING_SIMPLE_CH8_N2048_q16_rep4,1,4,1,sm_89,COMM_ONLY,NCCL,C2_RING_SIMPLE_CH8,2048,2048,2048,16,12,1048576,23,0,1111.008,0.000,0.000,0.000,PASS,0
mh_comm_C2_RING_SIMPLE_CH8_N2048_q16_rep4,1,4,1,sm_89,COMM_ONLY,NCCL,C2_RING_SIMPLE_CH8,2048,2048,2048,16,13,1048576,23,0,1193.024,0.000,0.000,0.000,PASS,0
mh_comm_C2_RING_SIMPLE_CH8_N2048_q16_rep4,1,4,1,sm_89,COMM_ONLY,NCCL,C2_RING_SIMPLE_CH8,2048,2048,2048,16,14,1048576,23,0,1274.528,0.000,0.000,0.000,PASS,0
mh_comm_C2_RING_SIMPLE_CH8_N2048_q16_rep4,1,4,1,sm_89,COMM_ONLY,NCCL,C2_RING_SIMPLE_CH8,2048,2048,2048,16,15,1048576,23,0,1354.432,0.000,0.000,0.000,PASS,0
mh_comm_C2_RING_SIMPLE_CH8_N2048_q16_rep4,1,4,1,sm_89,COMM_ONLY,NCCL,C2_RING_SIMPLE_CH8,2048,2048,2048,16,0,1048576,24,0,136.480,0.000,0.000,0.000,PASS,0
mh_comm_C2_RING_SIMPLE_CH8_N2048_q16_rep4,1,4,1,sm_89,COMM_ONLY,NCCL,C2_RING_SIMPLE_CH8,2048,2048,2048,16,1,1048576,24,0,223.072,0.000,0.000,0.000,PASS,0
mh_comm_C2_RING_SIMPLE_CH8_N2048_q16_rep4,1,4,1,sm_89,COMM_ONLY,NCCL,C2_RING_SIMPLE_CH8,2048,2048,2048,16,2,1048576,24,0,303.968,0.000,0.000,0.000,PASS,0
mh_comm_C2_RING_SIMPLE_CH8_N2048_q16_rep4,1,4,1,sm_89,COMM_ONLY,NCCL,C2_RING_SIMPLE_CH8,2048,2048,2048,16,3,1048576,24,0,386.144,0.000,0.000,0.000,PASS,0
mh_comm_C2_RING_SIMPLE_CH8_N2048_q16_rep4,1,4,1,sm_89,COMM_ONLY,NCCL,C2_RING_SIMPLE_CH8,2048,2048,2048,16,4,1048576,24,0,481.056,0.000,0.000,0.000,PASS,0
mh_comm_C2_RING_SIMPLE_CH8_N2048_q16_rep4,1,4,1,sm_89,COMM_ONLY,NCCL,C2_RING_SIMPLE_CH8,2048,2048,2048,16,5,1048576,24,0,561.472,0.000,0.000,0.000,PASS,0
mh_comm_C2_RING_SIMPLE_CH8_N2048_q16_rep4,1,4,1,sm_89,COMM_ONLY,NCCL,C2_RING_SIMPLE_CH8,2048,2048,2048,16,6,1048576,24,0,641.504,0.000,0.000,0.000,PASS,0
mh_comm_C2_RING_SIMPLE_CH8_N2048_q16_rep4,1,4,1,sm_89,COMM_ONLY,NCCL,C2_RING_SIMPLE_CH8,2048,2048,2048,16,7,1048576,24,0,722.112,0.000,0.000,0.000,PASS,0
mh_comm_C2_RING_SIMPLE_CH8_N2048_q16_rep4,1,4,1,sm_89,COMM_ONLY,NCCL,C2_RING_SIMPLE_CH8,2048,2048,2048,16,8,1048576,24,0,810.048,0.000,0.000,0.000,PASS,0
mh_comm_C2_RING_SIMPLE_CH8_N2048_q16_rep4,1,4,1,sm_89,COMM_ONLY,NCCL,C2_RING_SIMPLE_CH8,2048,2048,2048,16,9,1048576,24,0,902.752,0.000,0.000,0.000,PASS,0
mh_comm_C2_RING_SIMPLE_CH8_N2048_q16_rep4,1,4,1,sm_89,COMM_ONLY,NCCL,C2_RING_SIMPLE_CH8,2048,2048,2048,16,10,1048576,24,0,985.344,0.000,0.000,0.000,PASS,0
mh_comm_C2_RING_SIMPLE_CH8_N2048_q16_rep4,1,4,1,sm_89,COMM_ONLY,NCCL,C2_RING_SIMPLE_CH8,2048,2048,2048,16,11,1048576,24,0,1067.712,0.000,0.000,0.000,PASS,0
mh_comm_C2_RING_SIMPLE_CH8_N2048_q16_rep4,1,4,1,sm_89,COMM_ONLY,NCCL,C2_RING_SIMPLE_CH8,2048,2048,2048,16,12,1048576,24,0,1149.120,0.000,0.000,0.000,PASS,0
mh_comm_C2_RING_SIMPLE_CH8_N2048_q16_rep4,1,4,1,sm_89,COMM_ONLY,NCCL,C2_RING_SIMPLE_CH8,2048,2048,2048,16,13,1048576,24,0,1230.976,0.000,0.000,0.000,PASS,0
mh_comm_C2_RING_SIMPLE_CH8_N2048_q16_rep4,1,4,1,sm_89,COMM_ONLY,NCCL,C2_RING_SIMPLE_CH8,2048,2048,2048,16,14,1048576,24,0,1324.000,0.000,0.000,0.000,PASS,0
mh_comm_C2_RING_SIMPLE_CH8_N2048_q16_rep4,1,4,1,sm_89,COMM_ONLY,NCCL,C2_RING_SIMPLE_CH8,2048,2048,2048,16,15,1048576,24,0,1405.536,0.000,0.000,0.000,PASS,0
mh_comm_C2_RING_SIMPLE_CH8_N2048_q16_rep4,1,4,1,sm_89,COMM_ONLY,NCCL,C2_RING_SIMPLE_CH8,2048,2048,2048,16,0,1048576,25,0,124.160,0.000,0.000,0.000,PASS,0
mh_comm_C2_RING_SIMPLE_CH8_N2048_q16_rep4,1,4,1,sm_89,COMM_ONLY,NCCL,C2_RING_SIMPLE_CH8,2048,2048,2048,16,1,1048576,25,0,204.480,0.000,0.000,0.000,PASS,0
mh_comm_C2_RING_SIMPLE_CH8_N2048_q16_rep4,1,4,1,sm_89,COMM_ONLY,NCCL,C2_RING_SIMPLE_CH8,2048,2048,2048,16,2,1048576,25,0,284.864,0.000,0.000,0.000,PASS,0
mh_comm_C2_RING_SIMPLE_CH8_N2048_q16_rep4,1,4,1,sm_89,COMM_ONLY,NCCL,C2_RING_SIMPLE_CH8,2048,2048,2048,16,3,1048576,25,0,366.656,0.000,0.000,0.000,PASS,0
mh_comm_C2_RING_SIMPLE_CH8_N2048_q16_rep4,1,4,1,sm_89,COMM_ONLY,NCCL,C2_RING_SIMPLE_CH8,2048,2048,2048,16,4,1048576,25,0,448.864,0.000,0.000,0.000,PASS,0
mh_comm_C2_RING_SIMPLE_CH8_N2048_q16_rep4,1,4,1,sm_89,COMM_ONLY,NCCL,C2_RING_SIMPLE_CH8,2048,2048,2048,16,5,1048576,25,0,531.136,0.000,0.000,0.000,PASS,0
mh_comm_C2_RING_SIMPLE_CH8_N2048_q16_rep4,1,4,1,sm_89,COMM_ONLY,NCCL,C2_RING_SIMPLE_CH8,2048,2048,2048,16,6,1048576,25,0,611.104,0.000,0.000,0.000,PASS,0
mh_comm_C2_RING_SIMPLE_CH8_N2048_q16_rep4,1,4,1,sm_89,COMM_ONLY,NCCL,C2_RING_SIMPLE_CH8,2048,2048,2048,16,7,1048576,25,0,704.480,0.000,0.000,0.000,PASS,0
mh_comm_C2_RING_SIMPLE_CH8_N2048_q16_rep4,1,4,1,sm_89,COMM_ONLY,NCCL,C2_RING_SIMPLE_CH8,2048,2048,2048,16,8,1048576,25,0,785.344,0.000,0.000,0.000,PASS,0
mh_comm_C2_RING_SIMPLE_CH8_N2048_q16_rep4,1,4,1,sm_89,COMM_ONLY,NCCL,C2_RING_SIMPLE_CH8,2048,2048,2048,16,9,1048576,25,0,874.464,0.000,0.000,0.000,PASS,0
mh_comm_C2_RING_SIMPLE_CH8_N2048_q16_rep4,1,4,1,sm_89,COMM_ONLY,NCCL,C2_RING_SIMPLE_CH8,2048,2048,2048,16,10,1048576,25,0,956.160,0.000,0.000,0.000,PASS,0
mh_comm_C2_RING_SIMPLE_CH8_N2048_q16_rep4,1,4,1,sm_89,COMM_ONLY,NCCL,C2_RING_SIMPLE_CH8,2048,2048,2048,16,11,1048576,25,0,1039.456,0.000,0.000,0.000,PASS,0
mh_comm_C2_RING_SIMPLE_CH8_N2048_q16_rep4,1,4,1,sm_89,COMM_ONLY,NCCL,C2_RING_SIMPLE_CH8,2048,2048,2048,16,12,1048576,25,0,1120.544,0.000,0.000,0.000,PASS,0
mh_comm_C2_RING_SIMPLE_CH8_N2048_q16_rep4,1,4,1,sm_89,COMM_ONLY,NCCL,C2_RING_SIMPLE_CH8,2048,2048,2048,16,13,1048576,25,0,1215.296,0.000,0.000,0.000,PASS,0
mh_comm_C2_RING_SIMPLE_CH8_N2048_q16_rep4,1,4,1,sm_89,COMM_ONLY,NCCL,C2_RING_SIMPLE_CH8,2048,2048,2048,16,14,1048576,25,0,1306.592,0.000,0.000,0.000,PASS,0
mh_comm_C2_RING_SIMPLE_CH8_N2048_q16_rep4,1,4,1,sm_89,COMM_ONLY,NCCL,C2_RING_SIMPLE_CH8,2048,2048,2048,16,15,1048576,25,0,1387.040,0.000,0.000,0.000,PASS,0
mh_comm_C2_RING_SIMPLE_CH8_N2048_q16_rep4,1,4,1,sm_89,COMM_ONLY,NCCL,C2_RING_SIMPLE_CH8,2048,2048,2048,16,0,1048576,26,0,113.856,0.000,0.000,0.000,PASS,0
mh_comm_C2_RING_SIMPLE_CH8_N2048_q16_rep4,1,4,1,sm_89,COMM_ONLY,NCCL,C2_RING_SIMPLE_CH8,2048,2048,2048,16,1,1048576,26,0,195.552,0.000,0.000,0.000,PASS,0
mh_comm_C2_RING_SIMPLE_CH8_N2048_q16_rep4,1,4,1,sm_89,COMM_ONLY,NCCL,C2_RING_SIMPLE_CH8,2048,2048,2048,16,2,1048576,26,0,275.968,0.000,0.000,0.000,PASS,0
mh_comm_C2_RING_SIMPLE_CH8_N2048_q16_rep4,1,4,1,sm_89,COMM_ONLY,NCCL,C2_RING_SIMPLE_CH8,2048,2048,2048,16,3,1048576,26,0,368.352,0.000,0.000,0.000,PASS,0
mh_comm_C2_RING_SIMPLE_CH8_N2048_q16_rep4,1,4,1,sm_89,COMM_ONLY,NCCL,C2_RING_SIMPLE_CH8,2048,2048,2048,16,4,1048576,26,0,451.168,0.000,0.000,0.000,PASS,0
mh_comm_C2_RING_SIMPLE_CH8_N2048_q16_rep4,1,4,1,sm_89,COMM_ONLY,NCCL,C2_RING_SIMPLE_CH8,2048,2048,2048,16,5,1048576,26,0,540.000,0.000,0.000,0.000,PASS,0
mh_comm_C2_RING_SIMPLE_CH8_N2048_q16_rep4,1,4,1,sm_89,COMM_ONLY,NCCL,C2_RING_SIMPLE_CH8,2048,2048,2048,16,6,1048576,26,0,620.160,0.000,0.000,0.000,PASS,0
mh_comm_C2_RING_SIMPLE_CH8_N2048_q16_rep4,1,4,1,sm_89,COMM_ONLY,NCCL,C2_RING_SIMPLE_CH8,2048,2048,2048,16,7,1048576,26,0,702.176,0.000,0.000,0.000,PASS,0
mh_comm_C2_RING_SIMPLE_CH8_N2048_q16_rep4,1,4,1,sm_89,COMM_ONLY,NCCL,C2_RING_SIMPLE_CH8,2048,2048,2048,16,8,1048576,26,0,782.400,0.000,0.000,0.000,PASS,0
mh_comm_C2_RING_SIMPLE_CH8_N2048_q16_rep4,1,4,1,sm_89,COMM_ONLY,NCCL,C2_RING_SIMPLE_CH8,2048,2048,2048,16,9,1048576,26,0,870.528,0.000,0.000,0.000,PASS,0
mh_comm_C2_RING_SIMPLE_CH8_N2048_q16_rep4,1,4,1,sm_89,COMM_ONLY,NCCL,C2_RING_SIMPLE_CH8,2048,2048,2048,16,10,1048576,26,0,952.736,0.000,0.000,0.000,PASS,0
mh_comm_C2_RING_SIMPLE_CH8_N2048_q16_rep4,1,4,1,sm_89,COMM_ONLY,NCCL,C2_RING_SIMPLE_CH8,2048,2048,2048,16,11,1048576,26,0,1035.104,0.000,0.000,0.000,PASS,0
mh_comm_C2_RING_SIMPLE_CH8_N2048_q16_rep4,1,4,1,sm_89,COMM_ONLY,NCCL,C2_RING_SIMPLE_CH8,2048,2048,2048,16,12,1048576,26,0,1144.608,0.000,0.000,0.000,PASS,0
mh_comm_C2_RING_SIMPLE_CH8_N2048_q16_rep4,1,4,1,sm_89,COMM_ONLY,NCCL,C2_RING_SIMPLE_CH8,2048,2048,2048,16,13,1048576,26,0,1228.192,0.000,0.000,0.000,PASS,0
mh_comm_C2_RING_SIMPLE_CH8_N2048_q16_rep4,1,4,1,sm_89,COMM_ONLY,NCCL,C2_RING_SIMPLE_CH8,2048,2048,2048,16,14,1048576,26,0,1319.904,0.000,0.000,0.000,PASS,0
mh_comm_C2_RING_SIMPLE_CH8_N2048_q16_rep4,1,4,1,sm_89,COMM_ONLY,NCCL,C2_RING_SIMPLE_CH8,2048,2048,2048,16,15,1048576,26,0,1401.632,0.000,0.000,0.000,PASS,0
mh_comm_C2_RING_SIMPLE_CH8_N2048_q16_rep4,1,4,1,sm_89,COMM_ONLY,NCCL,C2_RING_SIMPLE_CH8,2048,2048,2048,16,0,1048576,27,0,120.608,0.000,0.000,0.000,PASS,0
mh_comm_C2_RING_SIMPLE_CH8_N2048_q16_rep4,1,4,1,sm_89,COMM_ONLY,NCCL,C2_RING_SIMPLE_CH8,2048,2048,2048,16,1,1048576,27,0,201.984,0.000,0.000,0.000,PASS,0
mh_comm_C2_RING_SIMPLE_CH8_N2048_q16_rep4,1,4,1,sm_89,COMM_ONLY,NCCL,C2_RING_SIMPLE_CH8,2048,2048,2048,16,2,1048576,27,0,295.360,0.000,0.000,0.000,PASS,0
mh_comm_C2_RING_SIMPLE_CH8_N2048_q16_rep4,1,4,1,sm_89,COMM_ONLY,NCCL,C2_RING_SIMPLE_CH8,2048,2048,2048,16,3,1048576,27,0,388.288,0.000,0.000,0.000,PASS,0
mh_comm_C2_RING_SIMPLE_CH8_N2048_q16_rep4,1,4,1,sm_89,COMM_ONLY,NCCL,C2_RING_SIMPLE_CH8,2048,2048,2048,16,4,1048576,27,0,470.496,0.000,0.000,0.000,PASS,0
mh_comm_C2_RING_SIMPLE_CH8_N2048_q16_rep4,1,4,1,sm_89,COMM_ONLY,NCCL,C2_RING_SIMPLE_CH8,2048,2048,2048,16,5,1048576,27,0,552.032,0.000,0.000,0.000,PASS,0
mh_comm_C2_RING_SIMPLE_CH8_N2048_q16_rep4,1,4,1,sm_89,COMM_ONLY,NCCL,C2_RING_SIMPLE_CH8,2048,2048,2048,16,6,1048576,27,0,640.640,0.000,0.000,0.000,PASS,0
mh_comm_C2_RING_SIMPLE_CH8_N2048_q16_rep4,1,4,1,sm_89,COMM_ONLY,NCCL,C2_RING_SIMPLE_CH8,2048,2048,2048,16,7,1048576,27,0,741.760,0.000,0.000,0.000,PASS,0
mh_comm_C2_RING_SIMPLE_CH8_N2048_q16_rep4,1,4,1,sm_89,COMM_ONLY,NCCL,C2_RING_SIMPLE_CH8,2048,2048,2048,16,8,1048576,27,0,825.312,0.000,0.000,0.000,PASS,0
mh_comm_C2_RING_SIMPLE_CH8_N2048_q16_rep4,1,4,1,sm_89,COMM_ONLY,NCCL,C2_RING_SIMPLE_CH8,2048,2048,2048,16,9,1048576,27,0,907.296,0.000,0.000,0.000,PASS,0
mh_comm_C2_RING_SIMPLE_CH8_N2048_q16_rep4,1,4,1,sm_89,COMM_ONLY,NCCL,C2_RING_SIMPLE_CH8,2048,2048,2048,16,10,1048576,27,0,989.472,0.000,0.000,0.000,PASS,0
mh_comm_C2_RING_SIMPLE_CH8_N2048_q16_rep4,1,4,1,sm_89,COMM_ONLY,NCCL,C2_RING_SIMPLE_CH8,2048,2048,2048,16,11,1048576,27,0,1071.232,0.000,0.000,0.000,PASS,0
mh_comm_C2_RING_SIMPLE_CH8_N2048_q16_rep4,1,4,1,sm_89,COMM_ONLY,NCCL,C2_RING_SIMPLE_CH8,2048,2048,2048,16,12,1048576,27,0,1163.488,0.000,0.000,0.000,PASS,0
mh_comm_C2_RING_SIMPLE_CH8_N2048_q16_rep4,1,4,1,sm_89,COMM_ONLY,NCCL,C2_RING_SIMPLE_CH8,2048,2048,2048,16,13,1048576,27,0,1287.232,0.000,0.000,0.000,PASS,0
mh_comm_C2_RING_SIMPLE_CH8_N2048_q16_rep4,1,4,1,sm_89,COMM_ONLY,NCCL,C2_RING_SIMPLE_CH8,2048,2048,2048,16,14,1048576,27,0,1367.872,0.000,0.000,0.000,PASS,0
mh_comm_C2_RING_SIMPLE_CH8_N2048_q16_rep4,1,4,1,sm_89,COMM_ONLY,NCCL,C2_RING_SIMPLE_CH8,2048,2048,2048,16,15,1048576,27,0,1460.800,0.000,0.000,0.000,PASS,0
mh_comm_C2_RING_SIMPLE_CH8_N2048_q16_rep4,1,4,1,sm_89,COMM_ONLY,NCCL,C2_RING_SIMPLE_CH8,2048,2048,2048,16,0,1048576,28,0,111.808,0.000,0.000,0.000,PASS,0
mh_comm_C2_RING_SIMPLE_CH8_N2048_q16_rep4,1,4,1,sm_89,COMM_ONLY,NCCL,C2_RING_SIMPLE_CH8,2048,2048,2048,16,1,1048576,28,0,203.968,0.000,0.000,0.000,PASS,0
mh_comm_C2_RING_SIMPLE_CH8_N2048_q16_rep4,1,4,1,sm_89,COMM_ONLY,NCCL,C2_RING_SIMPLE_CH8,2048,2048,2048,16,2,1048576,28,0,301.056,0.000,0.000,0.000,PASS,0
mh_comm_C2_RING_SIMPLE_CH8_N2048_q16_rep4,1,4,1,sm_89,COMM_ONLY,NCCL,C2_RING_SIMPLE_CH8,2048,2048,2048,16,3,1048576,28,0,381.888,0.000,0.000,0.000,PASS,0
mh_comm_C2_RING_SIMPLE_CH8_N2048_q16_rep4,1,4,1,sm_89,COMM_ONLY,NCCL,C2_RING_SIMPLE_CH8,2048,2048,2048,16,4,1048576,28,0,463.200,0.000,0.000,0.000,PASS,0
mh_comm_C2_RING_SIMPLE_CH8_N2048_q16_rep4,1,4,1,sm_89,COMM_ONLY,NCCL,C2_RING_SIMPLE_CH8,2048,2048,2048,16,5,1048576,28,0,544.928,0.000,0.000,0.000,PASS,0
mh_comm_C2_RING_SIMPLE_CH8_N2048_q16_rep4,1,4,1,sm_89,COMM_ONLY,NCCL,C2_RING_SIMPLE_CH8,2048,2048,2048,16,6,1048576,28,0,624.704,0.000,0.000,0.000,PASS,0
mh_comm_C2_RING_SIMPLE_CH8_N2048_q16_rep4,1,4,1,sm_89,COMM_ONLY,NCCL,C2_RING_SIMPLE_CH8,2048,2048,2048,16,7,1048576,28,0,706.112,0.000,0.000,0.000,PASS,0
mh_comm_C2_RING_SIMPLE_CH8_N2048_q16_rep4,1,4,1,sm_89,COMM_ONLY,NCCL,C2_RING_SIMPLE_CH8,2048,2048,2048,16,8,1048576,28,0,794.464,0.000,0.000,0.000,PASS,0
mh_comm_C2_RING_SIMPLE_CH8_N2048_q16_rep4,1,4,1,sm_89,COMM_ONLY,NCCL,C2_RING_SIMPLE_CH8,2048,2048,2048,16,9,1048576,28,0,891.424,0.000,0.000,0.000,PASS,0
mh_comm_C2_RING_SIMPLE_CH8_N2048_q16_rep4,1,4,1,sm_89,COMM_ONLY,NCCL,C2_RING_SIMPLE_CH8,2048,2048,2048,16,10,1048576,28,0,971.936,0.000,0.000,0.000,PASS,0
mh_comm_C2_RING_SIMPLE_CH8_N2048_q16_rep4,1,4,1,sm_89,COMM_ONLY,NCCL,C2_RING_SIMPLE_CH8,2048,2048,2048,16,11,1048576,28,0,1053.504,0.000,0.000,0.000,PASS,0
mh_comm_C2_RING_SIMPLE_CH8_N2048_q16_rep4,1,4,1,sm_89,COMM_ONLY,NCCL,C2_RING_SIMPLE_CH8,2048,2048,2048,16,12,1048576,28,0,1135.616,0.000,0.000,0.000,PASS,0
mh_comm_C2_RING_SIMPLE_CH8_N2048_q16_rep4,1,4,1,sm_89,COMM_ONLY,NCCL,C2_RING_SIMPLE_CH8,2048,2048,2048,16,13,1048576,28,0,1218.048,0.000,0.000,0.000,PASS,0
mh_comm_C2_RING_SIMPLE_CH8_N2048_q16_rep4,1,4,1,sm_89,COMM_ONLY,NCCL,C2_RING_SIMPLE_CH8,2048,2048,2048,16,14,1048576,28,0,1298.336,0.000,0.000,0.000,PASS,0
mh_comm_C2_RING_SIMPLE_CH8_N2048_q16_rep4,1,4,1,sm_89,COMM_ONLY,NCCL,C2_RING_SIMPLE_CH8,2048,2048,2048,16,15,1048576,28,0,1382.752,0.000,0.000,0.000,PASS,0
mh_comm_C2_RING_SIMPLE_CH8_N2048_q16_rep4,1,4,1,sm_89,COMM_ONLY,NCCL,C2_RING_SIMPLE_CH8,2048,2048,2048,16,0,1048576,29,0,119.776,0.000,0.000,0.000,PASS,0
mh_comm_C2_RING_SIMPLE_CH8_N2048_q16_rep4,1,4,1,sm_89,COMM_ONLY,NCCL,C2_RING_SIMPLE_CH8,2048,2048,2048,16,1,1048576,29,0,205.824,0.000,0.000,0.000,PASS,0
mh_comm_C2_RING_SIMPLE_CH8_N2048_q16_rep4,1,4,1,sm_89,COMM_ONLY,NCCL,C2_RING_SIMPLE_CH8,2048,2048,2048,16,2,1048576,29,0,286.240,0.000,0.000,0.000,PASS,0
mh_comm_C2_RING_SIMPLE_CH8_N2048_q16_rep4,1,4,1,sm_89,COMM_ONLY,NCCL,C2_RING_SIMPLE_CH8,2048,2048,2048,16,3,1048576,29,0,379.072,0.000,0.000,0.000,PASS,0
mh_comm_C2_RING_SIMPLE_CH8_N2048_q16_rep4,1,4,1,sm_89,COMM_ONLY,NCCL,C2_RING_SIMPLE_CH8,2048,2048,2048,16,4,1048576,29,0,466.976,0.000,0.000,0.000,PASS,0
mh_comm_C2_RING_SIMPLE_CH8_N2048_q16_rep4,1,4,1,sm_89,COMM_ONLY,NCCL,C2_RING_SIMPLE_CH8,2048,2048,2048,16,5,1048576,29,0,560.192,0.000,0.000,0.000,PASS,0
mh_comm_C2_RING_SIMPLE_CH8_N2048_q16_rep4,1,4,1,sm_89,COMM_ONLY,NCCL,C2_RING_SIMPLE_CH8,2048,2048,2048,16,6,1048576,29,0,640.128,0.000,0.000,0.000,PASS,0
mh_comm_C2_RING_SIMPLE_CH8_N2048_q16_rep4,1,4,1,sm_89,COMM_ONLY,NCCL,C2_RING_SIMPLE_CH8,2048,2048,2048,16,7,1048576,29,0,722.944,0.000,0.000,0.000,PASS,0
mh_comm_C2_RING_SIMPLE_CH8_N2048_q16_rep4,1,4,1,sm_89,COMM_ONLY,NCCL,C2_RING_SIMPLE_CH8,2048,2048,2048,16,8,1048576,29,0,803.712,0.000,0.000,0.000,PASS,0
mh_comm_C2_RING_SIMPLE_CH8_N2048_q16_rep4,1,4,1,sm_89,COMM_ONLY,NCCL,C2_RING_SIMPLE_CH8,2048,2048,2048,16,9,1048576,29,0,885.664,0.000,0.000,0.000,PASS,0
mh_comm_C2_RING_SIMPLE_CH8_N2048_q16_rep4,1,4,1,sm_89,COMM_ONLY,NCCL,C2_RING_SIMPLE_CH8,2048,2048,2048,16,10,1048576,29,0,966.176,0.000,0.000,0.000,PASS,0
mh_comm_C2_RING_SIMPLE_CH8_N2048_q16_rep4,1,4,1,sm_89,COMM_ONLY,NCCL,C2_RING_SIMPLE_CH8,2048,2048,2048,16,11,1048576,29,0,1048.928,0.000,0.000,0.000,PASS,0
mh_comm_C2_RING_SIMPLE_CH8_N2048_q16_rep4,1,4,1,sm_89,COMM_ONLY,NCCL,C2_RING_SIMPLE_CH8,2048,2048,2048,16,12,1048576,29,0,1138.176,0.000,0.000,0.000,PASS,0
mh_comm_C2_RING_SIMPLE_CH8_N2048_q16_rep4,1,4,1,sm_89,COMM_ONLY,NCCL,C2_RING_SIMPLE_CH8,2048,2048,2048,16,13,1048576,29,0,1222.144,0.000,0.000,0.000,PASS,0
mh_comm_C2_RING_SIMPLE_CH8_N2048_q16_rep4,1,4,1,sm_89,COMM_ONLY,NCCL,C2_RING_SIMPLE_CH8,2048,2048,2048,16,14,1048576,29,0,1303.072,0.000,0.000,0.000,PASS,0
mh_comm_C2_RING_SIMPLE_CH8_N2048_q16_rep4,1,4,1,sm_89,COMM_ONLY,NCCL,C2_RING_SIMPLE_CH8,2048,2048,2048,16,15,1048576,29,0,1384.032,0.000,0.000,0.000,PASS,0
mh_comm_C2_RING_SIMPLE_CH8_N2048_q16_rep4,1,4,1,sm_89,COMM_ONLY,NCCL,C2_RING_SIMPLE_CH8,2048,2048,2048,16,0,1048576,30,0,110.560,0.000,0.000,0.000,PASS,0
mh_comm_C2_RING_SIMPLE_CH8_N2048_q16_rep4,1,4,1,sm_89,COMM_ONLY,NCCL,C2_RING_SIMPLE_CH8,2048,2048,2048,16,1,1048576,30,0,191.488,0.000,0.000,0.000,PASS,0
mh_comm_C2_RING_SIMPLE_CH8_N2048_q16_rep4,1,4,1,sm_89,COMM_ONLY,NCCL,C2_RING_SIMPLE_CH8,2048,2048,2048,16,2,1048576,30,0,272.256,0.000,0.000,0.000,PASS,0
mh_comm_C2_RING_SIMPLE_CH8_N2048_q16_rep4,1,4,1,sm_89,COMM_ONLY,NCCL,C2_RING_SIMPLE_CH8,2048,2048,2048,16,3,1048576,30,0,353.376,0.000,0.000,0.000,PASS,0
mh_comm_C2_RING_SIMPLE_CH8_N2048_q16_rep4,1,4,1,sm_89,COMM_ONLY,NCCL,C2_RING_SIMPLE_CH8,2048,2048,2048,16,4,1048576,30,0,435.584,0.000,0.000,0.000,PASS,0
mh_comm_C2_RING_SIMPLE_CH8_N2048_q16_rep4,1,4,1,sm_89,COMM_ONLY,NCCL,C2_RING_SIMPLE_CH8,2048,2048,2048,16,5,1048576,30,0,517.824,0.000,0.000,0.000,PASS,0
mh_comm_C2_RING_SIMPLE_CH8_N2048_q16_rep4,1,4,1,sm_89,COMM_ONLY,NCCL,C2_RING_SIMPLE_CH8,2048,2048,2048,16,6,1048576,30,0,597.760,0.000,0.000,0.000,PASS,0
mh_comm_C2_RING_SIMPLE_CH8_N2048_q16_rep4,1,4,1,sm_89,COMM_ONLY,NCCL,C2_RING_SIMPLE_CH8,2048,2048,2048,16,7,1048576,30,0,679.104,0.000,0.000,0.000,PASS,0
mh_comm_C2_RING_SIMPLE_CH8_N2048_q16_rep4,1,4,1,sm_89,COMM_ONLY,NCCL,C2_RING_SIMPLE_CH8,2048,2048,2048,16,8,1048576,30,0,760.128,0.000,0.000,0.000,PASS,0
mh_comm_C2_RING_SIMPLE_CH8_N2048_q16_rep4,1,4,1,sm_89,COMM_ONLY,NCCL,C2_RING_SIMPLE_CH8,2048,2048,2048,16,9,1048576,30,0,841.408,0.000,0.000,0.000,PASS,0
mh_comm_C2_RING_SIMPLE_CH8_N2048_q16_rep4,1,4,1,sm_89,COMM_ONLY,NCCL,C2_RING_SIMPLE_CH8,2048,2048,2048,16,10,1048576,30,0,922.336,0.000,0.000,0.000,PASS,0
mh_comm_C2_RING_SIMPLE_CH8_N2048_q16_rep4,1,4,1,sm_89,COMM_ONLY,NCCL,C2_RING_SIMPLE_CH8,2048,2048,2048,16,11,1048576,30,0,1003.904,0.000,0.000,0.000,PASS,0
mh_comm_C2_RING_SIMPLE_CH8_N2048_q16_rep4,1,4,1,sm_89,COMM_ONLY,NCCL,C2_RING_SIMPLE_CH8,2048,2048,2048,16,12,1048576,30,0,1084.928,0.000,0.000,0.000,PASS,0
mh_comm_C2_RING_SIMPLE_CH8_N2048_q16_rep4,1,4,1,sm_89,COMM_ONLY,NCCL,C2_RING_SIMPLE_CH8,2048,2048,2048,16,13,1048576,30,0,1166.656,0.000,0.000,0.000,PASS,0
mh_comm_C2_RING_SIMPLE_CH8_N2048_q16_rep4,1,4,1,sm_89,COMM_ONLY,NCCL,C2_RING_SIMPLE_CH8,2048,2048,2048,16,14,1048576,30,0,1248.224,0.000,0.000,0.000,PASS,0
mh_comm_C2_RING_SIMPLE_CH8_N2048_q16_rep4,1,4,1,sm_89,COMM_ONLY,NCCL,C2_RING_SIMPLE_CH8,2048,2048,2048,16,15,1048576,30,0,1328.704,0.000,0.000,0.000,PASS,0
mh_comm_C2_RING_SIMPLE_CH8_N2048_q16_rep4,1,4,1,sm_89,COMM_ONLY,NCCL,C2_RING_SIMPLE_CH8,2048,2048,2048,16,0,1048576,31,0,115.776,0.000,0.000,0.000,PASS,0
mh_comm_C2_RING_SIMPLE_CH8_N2048_q16_rep4,1,4,1,sm_89,COMM_ONLY,NCCL,C2_RING_SIMPLE_CH8,2048,2048,2048,16,1,1048576,31,0,195.968,0.000,0.000,0.000,PASS,0
mh_comm_C2_RING_SIMPLE_CH8_N2048_q16_rep4,1,4,1,sm_89,COMM_ONLY,NCCL,C2_RING_SIMPLE_CH8,2048,2048,2048,16,2,1048576,31,0,275.232,0.000,0.000,0.000,PASS,0
mh_comm_C2_RING_SIMPLE_CH8_N2048_q16_rep4,1,4,1,sm_89,COMM_ONLY,NCCL,C2_RING_SIMPLE_CH8,2048,2048,2048,16,3,1048576,31,0,356.320,0.000,0.000,0.000,PASS,0
mh_comm_C2_RING_SIMPLE_CH8_N2048_q16_rep4,1,4,1,sm_89,COMM_ONLY,NCCL,C2_RING_SIMPLE_CH8,2048,2048,2048,16,4,1048576,31,0,437.888,0.000,0.000,0.000,PASS,0
mh_comm_C2_RING_SIMPLE_CH8_N2048_q16_rep4,1,4,1,sm_89,COMM_ONLY,NCCL,C2_RING_SIMPLE_CH8,2048,2048,2048,16,5,1048576,31,0,520.032,0.000,0.000,0.000,PASS,0
mh_comm_C2_RING_SIMPLE_CH8_N2048_q16_rep4,1,4,1,sm_89,COMM_ONLY,NCCL,C2_RING_SIMPLE_CH8,2048,2048,2048,16,6,1048576,31,0,601.120,0.000,0.000,0.000,PASS,0
mh_comm_C2_RING_SIMPLE_CH8_N2048_q16_rep4,1,4,1,sm_89,COMM_ONLY,NCCL,C2_RING_SIMPLE_CH8,2048,2048,2048,16,7,1048576,31,0,682.624,0.000,0.000,0.000,PASS,0
mh_comm_C2_RING_SIMPLE_CH8_N2048_q16_rep4,1,4,1,sm_89,COMM_ONLY,NCCL,C2_RING_SIMPLE_CH8,2048,2048,2048,16,8,1048576,31,0,762.304,0.000,0.000,0.000,PASS,0
mh_comm_C2_RING_SIMPLE_CH8_N2048_q16_rep4,1,4,1,sm_89,COMM_ONLY,NCCL,C2_RING_SIMPLE_CH8,2048,2048,2048,16,9,1048576,31,0,843.552,0.000,0.000,0.000,PASS,0
mh_comm_C2_RING_SIMPLE_CH8_N2048_q16_rep4,1,4,1,sm_89,COMM_ONLY,NCCL,C2_RING_SIMPLE_CH8,2048,2048,2048,16,10,1048576,31,0,925.600,0.000,0.000,0.000,PASS,0
mh_comm_C2_RING_SIMPLE_CH8_N2048_q16_rep4,1,4,1,sm_89,COMM_ONLY,NCCL,C2_RING_SIMPLE_CH8,2048,2048,2048,16,11,1048576,31,0,1007.712,0.000,0.000,0.000,PASS,0
mh_comm_C2_RING_SIMPLE_CH8_N2048_q16_rep4,1,4,1,sm_89,COMM_ONLY,NCCL,C2_RING_SIMPLE_CH8,2048,2048,2048,16,12,1048576,31,0,1089.120,0.000,0.000,0.000,PASS,0
mh_comm_C2_RING_SIMPLE_CH8_N2048_q16_rep4,1,4,1,sm_89,COMM_ONLY,NCCL,C2_RING_SIMPLE_CH8,2048,2048,2048,16,13,1048576,31,0,1171.232,0.000,0.000,0.000,PASS,0
mh_comm_C2_RING_SIMPLE_CH8_N2048_q16_rep4,1,4,1,sm_89,COMM_ONLY,NCCL,C2_RING_SIMPLE_CH8,2048,2048,2048,16,14,1048576,31,0,1252.864,0.000,0.000,0.000,PASS,0
mh_comm_C2_RING_SIMPLE_CH8_N2048_q16_rep4,1,4,1,sm_89,COMM_ONLY,NCCL,C2_RING_SIMPLE_CH8,2048,2048,2048,16,15,1048576,31,0,1333.696,0.000,0.000,0.000,PASS,0
mh_comm_C2_RING_SIMPLE_CH8_N2048_q16_rep4,1,4,1,sm_89,COMM_ONLY,NCCL,C2_RING_SIMPLE_CH8,2048,2048,2048,16,0,1048576,32,0,111.168,0.000,0.000,0.000,PASS,0
mh_comm_C2_RING_SIMPLE_CH8_N2048_q16_rep4,1,4,1,sm_89,COMM_ONLY,NCCL,C2_RING_SIMPLE_CH8,2048,2048,2048,16,1,1048576,32,0,193.184,0.000,0.000,0.000,PASS,0
mh_comm_C2_RING_SIMPLE_CH8_N2048_q16_rep4,1,4,1,sm_89,COMM_ONLY,NCCL,C2_RING_SIMPLE_CH8,2048,2048,2048,16,2,1048576,32,0,282.240,0.000,0.000,0.000,PASS,0
mh_comm_C2_RING_SIMPLE_CH8_N2048_q16_rep4,1,4,1,sm_89,COMM_ONLY,NCCL,C2_RING_SIMPLE_CH8,2048,2048,2048,16,3,1048576,32,0,365.280,0.000,0.000,0.000,PASS,0
mh_comm_C2_RING_SIMPLE_CH8_N2048_q16_rep4,1,4,1,sm_89,COMM_ONLY,NCCL,C2_RING_SIMPLE_CH8,2048,2048,2048,16,4,1048576,32,0,447.392,0.000,0.000,0.000,PASS,0
mh_comm_C2_RING_SIMPLE_CH8_N2048_q16_rep4,1,4,1,sm_89,COMM_ONLY,NCCL,C2_RING_SIMPLE_CH8,2048,2048,2048,16,5,1048576,32,0,540.000,0.000,0.000,0.000,PASS,0
mh_comm_C2_RING_SIMPLE_CH8_N2048_q16_rep4,1,4,1,sm_89,COMM_ONLY,NCCL,C2_RING_SIMPLE_CH8,2048,2048,2048,16,6,1048576,32,0,619.040,0.000,0.000,0.000,PASS,0
mh_comm_C2_RING_SIMPLE_CH8_N2048_q16_rep4,1,4,1,sm_89,COMM_ONLY,NCCL,C2_RING_SIMPLE_CH8,2048,2048,2048,16,7,1048576,32,0,700.512,0.000,0.000,0.000,PASS,0
mh_comm_C2_RING_SIMPLE_CH8_N2048_q16_rep4,1,4,1,sm_89,COMM_ONLY,NCCL,C2_RING_SIMPLE_CH8,2048,2048,2048,16,8,1048576,32,0,780.128,0.000,0.000,0.000,PASS,0
mh_comm_C2_RING_SIMPLE_CH8_N2048_q16_rep4,1,4,1,sm_89,COMM_ONLY,NCCL,C2_RING_SIMPLE_CH8,2048,2048,2048,16,9,1048576,32,0,863.008,0.000,0.000,0.000,PASS,0
mh_comm_C2_RING_SIMPLE_CH8_N2048_q16_rep4,1,4,1,sm_89,COMM_ONLY,NCCL,C2_RING_SIMPLE_CH8,2048,2048,2048,16,10,1048576,32,0,944.352,0.000,0.000,0.000,PASS,0
mh_comm_C2_RING_SIMPLE_CH8_N2048_q16_rep4,1,4,1,sm_89,COMM_ONLY,NCCL,C2_RING_SIMPLE_CH8,2048,2048,2048,16,11,1048576,32,0,1026.496,0.000,0.000,0.000,PASS,0
mh_comm_C2_RING_SIMPLE_CH8_N2048_q16_rep4,1,4,1,sm_89,COMM_ONLY,NCCL,C2_RING_SIMPLE_CH8,2048,2048,2048,16,12,1048576,32,0,1107.680,0.000,0.000,0.000,PASS,0
mh_comm_C2_RING_SIMPLE_CH8_N2048_q16_rep4,1,4,1,sm_89,COMM_ONLY,NCCL,C2_RING_SIMPLE_CH8,2048,2048,2048,16,13,1048576,32,0,1190.528,0.000,0.000,0.000,PASS,0
mh_comm_C2_RING_SIMPLE_CH8_N2048_q16_rep4,1,4,1,sm_89,COMM_ONLY,NCCL,C2_RING_SIMPLE_CH8,2048,2048,2048,16,14,1048576,32,0,1270.912,0.000,0.000,0.000,PASS,0
mh_comm_C2_RING_SIMPLE_CH8_N2048_q16_rep4,1,4,1,sm_89,COMM_ONLY,NCCL,C2_RING_SIMPLE_CH8,2048,2048,2048,16,15,1048576,32,0,1351.936,0.000,0.000,0.000,PASS,0
mh_comm_C2_RING_SIMPLE_CH8_N2048_q16_rep4,1,4,1,sm_89,COMM_ONLY,NCCL,C2_RING_SIMPLE_CH8,2048,2048,2048,16,0,1048576,33,0,112.224,0.000,0.000,0.000,PASS,0
mh_comm_C2_RING_SIMPLE_CH8_N2048_q16_rep4,1,4,1,sm_89,COMM_ONLY,NCCL,C2_RING_SIMPLE_CH8,2048,2048,2048,16,1,1048576,33,0,193.824,0.000,0.000,0.000,PASS,0
mh_comm_C2_RING_SIMPLE_CH8_N2048_q16_rep4,1,4,1,sm_89,COMM_ONLY,NCCL,C2_RING_SIMPLE_CH8,2048,2048,2048,16,2,1048576,33,0,274.496,0.000,0.000,0.000,PASS,0
mh_comm_C2_RING_SIMPLE_CH8_N2048_q16_rep4,1,4,1,sm_89,COMM_ONLY,NCCL,C2_RING_SIMPLE_CH8,2048,2048,2048,16,3,1048576,33,0,357.024,0.000,0.000,0.000,PASS,0
mh_comm_C2_RING_SIMPLE_CH8_N2048_q16_rep4,1,4,1,sm_89,COMM_ONLY,NCCL,C2_RING_SIMPLE_CH8,2048,2048,2048,16,4,1048576,33,0,437.152,0.000,0.000,0.000,PASS,0
mh_comm_C2_RING_SIMPLE_CH8_N2048_q16_rep4,1,4,1,sm_89,COMM_ONLY,NCCL,C2_RING_SIMPLE_CH8,2048,2048,2048,16,5,1048576,33,0,517.824,0.000,0.000,0.000,PASS,0
mh_comm_C2_RING_SIMPLE_CH8_N2048_q16_rep4,1,4,1,sm_89,COMM_ONLY,NCCL,C2_RING_SIMPLE_CH8,2048,2048,2048,16,6,1048576,33,0,598.464,0.000,0.000,0.000,PASS,0
mh_comm_C2_RING_SIMPLE_CH8_N2048_q16_rep4,1,4,1,sm_89,COMM_ONLY,NCCL,C2_RING_SIMPLE_CH8,2048,2048,2048,16,7,1048576,33,0,680.288,0.000,0.000,0.000,PASS,0
mh_comm_C2_RING_SIMPLE_CH8_N2048_q16_rep4,1,4,1,sm_89,COMM_ONLY,NCCL,C2_RING_SIMPLE_CH8,2048,2048,2048,16,8,1048576,33,0,761.632,0.000,0.000,0.000,PASS,0
mh_comm_C2_RING_SIMPLE_CH8_N2048_q16_rep4,1,4,1,sm_89,COMM_ONLY,NCCL,C2_RING_SIMPLE_CH8,2048,2048,2048,16,9,1048576,33,0,842.624,0.000,0.000,0.000,PASS,0
mh_comm_C2_RING_SIMPLE_CH8_N2048_q16_rep4,1,4,1,sm_89,COMM_ONLY,NCCL,C2_RING_SIMPLE_CH8,2048,2048,2048,16,10,1048576,33,0,924.608,0.000,0.000,0.000,PASS,0
mh_comm_C2_RING_SIMPLE_CH8_N2048_q16_rep4,1,4,1,sm_89,COMM_ONLY,NCCL,C2_RING_SIMPLE_CH8,2048,2048,2048,16,11,1048576,33,0,1008.032,0.000,0.000,0.000,PASS,0
mh_comm_C2_RING_SIMPLE_CH8_N2048_q16_rep4,1,4,1,sm_89,COMM_ONLY,NCCL,C2_RING_SIMPLE_CH8,2048,2048,2048,16,12,1048576,33,0,1088.928,0.000,0.000,0.000,PASS,0
mh_comm_C2_RING_SIMPLE_CH8_N2048_q16_rep4,1,4,1,sm_89,COMM_ONLY,NCCL,C2_RING_SIMPLE_CH8,2048,2048,2048,16,13,1048576,33,0,1182.752,0.000,0.000,0.000,PASS,0
mh_comm_C2_RING_SIMPLE_CH8_N2048_q16_rep4,1,4,1,sm_89,COMM_ONLY,NCCL,C2_RING_SIMPLE_CH8,2048,2048,2048,16,14,1048576,33,0,1274.048,0.000,0.000,0.000,PASS,0
mh_comm_C2_RING_SIMPLE_CH8_N2048_q16_rep4,1,4,1,sm_89,COMM_ONLY,NCCL,C2_RING_SIMPLE_CH8,2048,2048,2048,16,15,1048576,33,0,1354.784,0.000,0.000,0.000,PASS,0
mh_comm_C2_RING_SIMPLE_CH8_N2048_q16_rep4,1,4,1,sm_89,COMM_ONLY,NCCL,C2_RING_SIMPLE_CH8,2048,2048,2048,16,0,1048576,34,0,121.504,0.000,0.000,0.000,PASS,0
mh_comm_C2_RING_SIMPLE_CH8_N2048_q16_rep4,1,4,1,sm_89,COMM_ONLY,NCCL,C2_RING_SIMPLE_CH8,2048,2048,2048,16,1,1048576,34,0,203.040,0.000,0.000,0.000,PASS,0
mh_comm_C2_RING_SIMPLE_CH8_N2048_q16_rep4,1,4,1,sm_89,COMM_ONLY,NCCL,C2_RING_SIMPLE_CH8,2048,2048,2048,16,2,1048576,34,0,283.392,0.000,0.000,0.000,PASS,0
mh_comm_C2_RING_SIMPLE_CH8_N2048_q16_rep4,1,4,1,sm_89,COMM_ONLY,NCCL,C2_RING_SIMPLE_CH8,2048,2048,2048,16,3,1048576,34,0,364.128,0.000,0.000,0.000,PASS,0
mh_comm_C2_RING_SIMPLE_CH8_N2048_q16_rep4,1,4,1,sm_89,COMM_ONLY,NCCL,C2_RING_SIMPLE_CH8,2048,2048,2048,16,4,1048576,34,0,445.408,0.000,0.000,0.000,PASS,0
mh_comm_C2_RING_SIMPLE_CH8_N2048_q16_rep4,1,4,1,sm_89,COMM_ONLY,NCCL,C2_RING_SIMPLE_CH8,2048,2048,2048,16,5,1048576,34,0,528.384,0.000,0.000,0.000,PASS,0
mh_comm_C2_RING_SIMPLE_CH8_N2048_q16_rep4,1,4,1,sm_89,COMM_ONLY,NCCL,C2_RING_SIMPLE_CH8,2048,2048,2048,16,6,1048576,34,0,608.128,0.000,0.000,0.000,PASS,0
mh_comm_C2_RING_SIMPLE_CH8_N2048_q16_rep4,1,4,1,sm_89,COMM_ONLY,NCCL,C2_RING_SIMPLE_CH8,2048,2048,2048,16,7,1048576,34,0,689.632,0.000,0.000,0.000,PASS,0
mh_comm_C2_RING_SIMPLE_CH8_N2048_q16_rep4,1,4,1,sm_89,COMM_ONLY,NCCL,C2_RING_SIMPLE_CH8,2048,2048,2048,16,8,1048576,34,0,769.728,0.000,0.000,0.000,PASS,0
mh_comm_C2_RING_SIMPLE_CH8_N2048_q16_rep4,1,4,1,sm_89,COMM_ONLY,NCCL,C2_RING_SIMPLE_CH8,2048,2048,2048,16,9,1048576,34,0,851.072,0.000,0.000,0.000,PASS,0
mh_comm_C2_RING_SIMPLE_CH8_N2048_q16_rep4,1,4,1,sm_89,COMM_ONLY,NCCL,C2_RING_SIMPLE_CH8,2048,2048,2048,16,10,1048576,34,0,932.576,0.000,0.000,0.000,PASS,0
mh_comm_C2_RING_SIMPLE_CH8_N2048_q16_rep4,1,4,1,sm_89,COMM_ONLY,NCCL,C2_RING_SIMPLE_CH8,2048,2048,2048,16,11,1048576,34,0,1014.432,0.000,0.000,0.000,PASS,0
mh_comm_C2_RING_SIMPLE_CH8_N2048_q16_rep4,1,4,1,sm_89,COMM_ONLY,NCCL,C2_RING_SIMPLE_CH8,2048,2048,2048,16,12,1048576,34,0,1098.080,0.000,0.000,0.000,PASS,0
mh_comm_C2_RING_SIMPLE_CH8_N2048_q16_rep4,1,4,1,sm_89,COMM_ONLY,NCCL,C2_RING_SIMPLE_CH8,2048,2048,2048,16,13,1048576,34,0,1180.480,0.000,0.000,0.000,PASS,0
mh_comm_C2_RING_SIMPLE_CH8_N2048_q16_rep4,1,4,1,sm_89,COMM_ONLY,NCCL,C2_RING_SIMPLE_CH8,2048,2048,2048,16,14,1048576,34,0,1261.728,0.000,0.000,0.000,PASS,0
mh_comm_C2_RING_SIMPLE_CH8_N2048_q16_rep4,1,4,1,sm_89,COMM_ONLY,NCCL,C2_RING_SIMPLE_CH8,2048,2048,2048,16,15,1048576,34,0,1342.016,0.000,0.000,0.000,PASS,0
mh_comm_C2_RING_SIMPLE_CH8_N2048_q16_rep4,1,4,1,sm_89,COMM_ONLY,NCCL,C2_RING_SIMPLE_CH8,2048,2048,2048,16,0,1048576,35,0,122.688,0.000,0.000,0.000,PASS,0
mh_comm_C2_RING_SIMPLE_CH8_N2048_q16_rep4,1,4,1,sm_89,COMM_ONLY,NCCL,C2_RING_SIMPLE_CH8,2048,2048,2048,16,1,1048576,35,0,204.576,0.000,0.000,0.000,PASS,0
mh_comm_C2_RING_SIMPLE_CH8_N2048_q16_rep4,1,4,1,sm_89,COMM_ONLY,NCCL,C2_RING_SIMPLE_CH8,2048,2048,2048,16,2,1048576,35,0,284.608,0.000,0.000,0.000,PASS,0
mh_comm_C2_RING_SIMPLE_CH8_N2048_q16_rep4,1,4,1,sm_89,COMM_ONLY,NCCL,C2_RING_SIMPLE_CH8,2048,2048,2048,16,3,1048576,35,0,365.056,0.000,0.000,0.000,PASS,0
mh_comm_C2_RING_SIMPLE_CH8_N2048_q16_rep4,1,4,1,sm_89,COMM_ONLY,NCCL,C2_RING_SIMPLE_CH8,2048,2048,2048,16,4,1048576,35,0,459.776,0.000,0.000,0.000,PASS,0
mh_comm_C2_RING_SIMPLE_CH8_N2048_q16_rep4,1,4,1,sm_89,COMM_ONLY,NCCL,C2_RING_SIMPLE_CH8,2048,2048,2048,16,5,1048576,35,0,543.040,0.000,0.000,0.000,PASS,0
mh_comm_C2_RING_SIMPLE_CH8_N2048_q16_rep4,1,4,1,sm_89,COMM_ONLY,NCCL,C2_RING_SIMPLE_CH8,2048,2048,2048,16,6,1048576,35,0,623.104,0.000,0.000,0.000,PASS,0
mh_comm_C2_RING_SIMPLE_CH8_N2048_q16_rep4,1,4,1,sm_89,COMM_ONLY,NCCL,C2_RING_SIMPLE_CH8,2048,2048,2048,16,7,1048576,35,0,715.232,0.000,0.000,0.000,PASS,0
mh_comm_C2_RING_SIMPLE_CH8_N2048_q16_rep4,1,4,1,sm_89,COMM_ONLY,NCCL,C2_RING_SIMPLE_CH8,2048,2048,2048,16,8,1048576,35,0,796.192,0.000,0.000,0.000,PASS,0
mh_comm_C2_RING_SIMPLE_CH8_N2048_q16_rep4,1,4,1,sm_89,COMM_ONLY,NCCL,C2_RING_SIMPLE_CH8,2048,2048,2048,16,9,1048576,35,0,877.184,0.000,0.000,0.000,PASS,0
mh_comm_C2_RING_SIMPLE_CH8_N2048_q16_rep4,1,4,1,sm_89,COMM_ONLY,NCCL,C2_RING_SIMPLE_CH8,2048,2048,2048,16,10,1048576,35,0,970.048,0.000,0.000,0.000,PASS,0
mh_comm_C2_RING_SIMPLE_CH8_N2048_q16_rep4,1,4,1,sm_89,COMM_ONLY,NCCL,C2_RING_SIMPLE_CH8,2048,2048,2048,16,11,1048576,35,0,1056.800,0.000,0.000,0.000,PASS,0
mh_comm_C2_RING_SIMPLE_CH8_N2048_q16_rep4,1,4,1,sm_89,COMM_ONLY,NCCL,C2_RING_SIMPLE_CH8,2048,2048,2048,16,12,1048576,35,0,1141.408,0.000,0.000,0.000,PASS,0
mh_comm_C2_RING_SIMPLE_CH8_N2048_q16_rep4,1,4,1,sm_89,COMM_ONLY,NCCL,C2_RING_SIMPLE_CH8,2048,2048,2048,16,13,1048576,35,0,1225.152,0.000,0.000,0.000,PASS,0
mh_comm_C2_RING_SIMPLE_CH8_N2048_q16_rep4,1,4,1,sm_89,COMM_ONLY,NCCL,C2_RING_SIMPLE_CH8,2048,2048,2048,16,14,1048576,35,0,1306.272,0.000,0.000,0.000,PASS,0
mh_comm_C2_RING_SIMPLE_CH8_N2048_q16_rep4,1,4,1,sm_89,COMM_ONLY,NCCL,C2_RING_SIMPLE_CH8,2048,2048,2048,16,15,1048576,35,0,1387.232,0.000,0.000,0.000,PASS,0
mh_comm_C2_RING_SIMPLE_CH8_N2048_q16_rep4,1,4,1,sm_89,COMM_ONLY,NCCL,C2_RING_SIMPLE_CH8,2048,2048,2048,16,0,1048576,36,0,129.856,0.000,0.000,0.000,PASS,0
mh_comm_C2_RING_SIMPLE_CH8_N2048_q16_rep4,1,4,1,sm_89,COMM_ONLY,NCCL,C2_RING_SIMPLE_CH8,2048,2048,2048,16,1,1048576,36,0,211.712,0.000,0.000,0.000,PASS,0
mh_comm_C2_RING_SIMPLE_CH8_N2048_q16_rep4,1,4,1,sm_89,COMM_ONLY,NCCL,C2_RING_SIMPLE_CH8,2048,2048,2048,16,2,1048576,36,0,292.480,0.000,0.000,0.000,PASS,0
mh_comm_C2_RING_SIMPLE_CH8_N2048_q16_rep4,1,4,1,sm_89,COMM_ONLY,NCCL,C2_RING_SIMPLE_CH8,2048,2048,2048,16,3,1048576,36,0,384.544,0.000,0.000,0.000,PASS,0
mh_comm_C2_RING_SIMPLE_CH8_N2048_q16_rep4,1,4,1,sm_89,COMM_ONLY,NCCL,C2_RING_SIMPLE_CH8,2048,2048,2048,16,4,1048576,36,0,465.440,0.000,0.000,0.000,PASS,0
mh_comm_C2_RING_SIMPLE_CH8_N2048_q16_rep4,1,4,1,sm_89,COMM_ONLY,NCCL,C2_RING_SIMPLE_CH8,2048,2048,2048,16,5,1048576,36,0,545.472,0.000,0.000,0.000,PASS,0
mh_comm_C2_RING_SIMPLE_CH8_N2048_q16_rep4,1,4,1,sm_89,COMM_ONLY,NCCL,C2_RING_SIMPLE_CH8,2048,2048,2048,16,6,1048576,36,0,625.888,0.000,0.000,0.000,PASS,0
mh_comm_C2_RING_SIMPLE_CH8_N2048_q16_rep4,1,4,1,sm_89,COMM_ONLY,NCCL,C2_RING_SIMPLE_CH8,2048,2048,2048,16,7,1048576,36,0,706.752,0.000,0.000,0.000,PASS,0
mh_comm_C2_RING_SIMPLE_CH8_N2048_q16_rep4,1,4,1,sm_89,COMM_ONLY,NCCL,C2_RING_SIMPLE_CH8,2048,2048,2048,16,8,1048576,36,0,797.856,0.000,0.000,0.000,PASS,0
mh_comm_C2_RING_SIMPLE_CH8_N2048_q16_rep4,1,4,1,sm_89,COMM_ONLY,NCCL,C2_RING_SIMPLE_CH8,2048,2048,2048,16,9,1048576,36,0,891.744,0.000,0.000,0.000,PASS,0
mh_comm_C2_RING_SIMPLE_CH8_N2048_q16_rep4,1,4,1,sm_89,COMM_ONLY,NCCL,C2_RING_SIMPLE_CH8,2048,2048,2048,16,10,1048576,36,0,971.552,0.000,0.000,0.000,PASS,0
mh_comm_C2_RING_SIMPLE_CH8_N2048_q16_rep4,1,4,1,sm_89,COMM_ONLY,NCCL,C2_RING_SIMPLE_CH8,2048,2048,2048,16,11,1048576,36,0,1052.384,0.000,0.000,0.000,PASS,0
mh_comm_C2_RING_SIMPLE_CH8_N2048_q16_rep4,1,4,1,sm_89,COMM_ONLY,NCCL,C2_RING_SIMPLE_CH8,2048,2048,2048,16,12,1048576,36,0,1133.504,0.000,0.000,0.000,PASS,0
mh_comm_C2_RING_SIMPLE_CH8_N2048_q16_rep4,1,4,1,sm_89,COMM_ONLY,NCCL,C2_RING_SIMPLE_CH8,2048,2048,2048,16,13,1048576,36,0,1214.816,0.000,0.000,0.000,PASS,0
mh_comm_C2_RING_SIMPLE_CH8_N2048_q16_rep4,1,4,1,sm_89,COMM_ONLY,NCCL,C2_RING_SIMPLE_CH8,2048,2048,2048,16,14,1048576,36,0,1295.744,0.000,0.000,0.000,PASS,0
mh_comm_C2_RING_SIMPLE_CH8_N2048_q16_rep4,1,4,1,sm_89,COMM_ONLY,NCCL,C2_RING_SIMPLE_CH8,2048,2048,2048,16,15,1048576,36,0,1377.664,0.000,0.000,0.000,PASS,0
mh_comm_C2_RING_SIMPLE_CH8_N2048_q16_rep4,1,4,1,sm_89,COMM_ONLY,NCCL,C2_RING_SIMPLE_CH8,2048,2048,2048,16,0,1048576,37,0,110.624,0.000,0.000,0.000,PASS,0
mh_comm_C2_RING_SIMPLE_CH8_N2048_q16_rep4,1,4,1,sm_89,COMM_ONLY,NCCL,C2_RING_SIMPLE_CH8,2048,2048,2048,16,1,1048576,37,0,201.408,0.000,0.000,0.000,PASS,0
mh_comm_C2_RING_SIMPLE_CH8_N2048_q16_rep4,1,4,1,sm_89,COMM_ONLY,NCCL,C2_RING_SIMPLE_CH8,2048,2048,2048,16,2,1048576,37,0,289.920,0.000,0.000,0.000,PASS,0
mh_comm_C2_RING_SIMPLE_CH8_N2048_q16_rep4,1,4,1,sm_89,COMM_ONLY,NCCL,C2_RING_SIMPLE_CH8,2048,2048,2048,16,3,1048576,37,0,374.208,0.000,0.000,0.000,PASS,0
mh_comm_C2_RING_SIMPLE_CH8_N2048_q16_rep4,1,4,1,sm_89,COMM_ONLY,NCCL,C2_RING_SIMPLE_CH8,2048,2048,2048,16,4,1048576,37,0,456.096,0.000,0.000,0.000,PASS,0
mh_comm_C2_RING_SIMPLE_CH8_N2048_q16_rep4,1,4,1,sm_89,COMM_ONLY,NCCL,C2_RING_SIMPLE_CH8,2048,2048,2048,16,5,1048576,37,0,538.624,0.000,0.000,0.000,PASS,0
mh_comm_C2_RING_SIMPLE_CH8_N2048_q16_rep4,1,4,1,sm_89,COMM_ONLY,NCCL,C2_RING_SIMPLE_CH8,2048,2048,2048,16,6,1048576,37,0,618.912,0.000,0.000,0.000,PASS,0
mh_comm_C2_RING_SIMPLE_CH8_N2048_q16_rep4,1,4,1,sm_89,COMM_ONLY,NCCL,C2_RING_SIMPLE_CH8,2048,2048,2048,16,7,1048576,37,0,701.088,0.000,0.000,0.000,PASS,0
mh_comm_C2_RING_SIMPLE_CH8_N2048_q16_rep4,1,4,1,sm_89,COMM_ONLY,NCCL,C2_RING_SIMPLE_CH8,2048,2048,2048,16,8,1048576,37,0,782.304,0.000,0.000,0.000,PASS,0
mh_comm_C2_RING_SIMPLE_CH8_N2048_q16_rep4,1,4,1,sm_89,COMM_ONLY,NCCL,C2_RING_SIMPLE_CH8,2048,2048,2048,16,9,1048576,37,0,864.448,0.000,0.000,0.000,PASS,0
mh_comm_C2_RING_SIMPLE_CH8_N2048_q16_rep4,1,4,1,sm_89,COMM_ONLY,NCCL,C2_RING_SIMPLE_CH8,2048,2048,2048,16,10,1048576,37,0,945.216,0.000,0.000,0.000,PASS,0
mh_comm_C2_RING_SIMPLE_CH8_N2048_q16_rep4,1,4,1,sm_89,COMM_ONLY,NCCL,C2_RING_SIMPLE_CH8,2048,2048,2048,16,11,1048576,37,0,1027.648,0.000,0.000,0.000,PASS,0
mh_comm_C2_RING_SIMPLE_CH8_N2048_q16_rep4,1,4,1,sm_89,COMM_ONLY,NCCL,C2_RING_SIMPLE_CH8,2048,2048,2048,16,12,1048576,37,0,1116.320,0.000,0.000,0.000,PASS,0
mh_comm_C2_RING_SIMPLE_CH8_N2048_q16_rep4,1,4,1,sm_89,COMM_ONLY,NCCL,C2_RING_SIMPLE_CH8,2048,2048,2048,16,13,1048576,37,0,1199.360,0.000,0.000,0.000,PASS,0
mh_comm_C2_RING_SIMPLE_CH8_N2048_q16_rep4,1,4,1,sm_89,COMM_ONLY,NCCL,C2_RING_SIMPLE_CH8,2048,2048,2048,16,14,1048576,37,0,1280.832,0.000,0.000,0.000,PASS,0
mh_comm_C2_RING_SIMPLE_CH8_N2048_q16_rep4,1,4,1,sm_89,COMM_ONLY,NCCL,C2_RING_SIMPLE_CH8,2048,2048,2048,16,15,1048576,37,0,1362.240,0.000,0.000,0.000,PASS,0
mh_comm_C2_RING_SIMPLE_CH8_N2048_q16_rep4,1,4,1,sm_89,COMM_ONLY,NCCL,C2_RING_SIMPLE_CH8,2048,2048,2048,16,0,1048576,38,0,117.856,0.000,0.000,0.000,PASS,0
mh_comm_C2_RING_SIMPLE_CH8_N2048_q16_rep4,1,4,1,sm_89,COMM_ONLY,NCCL,C2_RING_SIMPLE_CH8,2048,2048,2048,16,1,1048576,38,0,220.288,0.000,0.000,0.000,PASS,0
mh_comm_C2_RING_SIMPLE_CH8_N2048_q16_rep4,1,4,1,sm_89,COMM_ONLY,NCCL,C2_RING_SIMPLE_CH8,2048,2048,2048,16,2,1048576,38,0,300.576,0.000,0.000,0.000,PASS,0
mh_comm_C2_RING_SIMPLE_CH8_N2048_q16_rep4,1,4,1,sm_89,COMM_ONLY,NCCL,C2_RING_SIMPLE_CH8,2048,2048,2048,16,3,1048576,38,0,381.440,0.000,0.000,0.000,PASS,0
mh_comm_C2_RING_SIMPLE_CH8_N2048_q16_rep4,1,4,1,sm_89,COMM_ONLY,NCCL,C2_RING_SIMPLE_CH8,2048,2048,2048,16,4,1048576,38,0,462.880,0.000,0.000,0.000,PASS,0
mh_comm_C2_RING_SIMPLE_CH8_N2048_q16_rep4,1,4,1,sm_89,COMM_ONLY,NCCL,C2_RING_SIMPLE_CH8,2048,2048,2048,16,5,1048576,38,0,544.160,0.000,0.000,0.000,PASS,0
mh_comm_C2_RING_SIMPLE_CH8_N2048_q16_rep4,1,4,1,sm_89,COMM_ONLY,NCCL,C2_RING_SIMPLE_CH8,2048,2048,2048,16,6,1048576,38,0,624.384,0.000,0.000,0.000,PASS,0
mh_comm_C2_RING_SIMPLE_CH8_N2048_q16_rep4,1,4,1,sm_89,COMM_ONLY,NCCL,C2_RING_SIMPLE_CH8,2048,2048,2048,16,7,1048576,38,0,718.880,0.000,0.000,0.000,PASS,0
mh_comm_C2_RING_SIMPLE_CH8_N2048_q16_rep4,1,4,1,sm_89,COMM_ONLY,NCCL,C2_RING_SIMPLE_CH8,2048,2048,2048,16,8,1048576,38,0,799.616,0.000,0.000,0.000,PASS,0
mh_comm_C2_RING_SIMPLE_CH8_N2048_q16_rep4,1,4,1,sm_89,COMM_ONLY,NCCL,C2_RING_SIMPLE_CH8,2048,2048,2048,16,9,1048576,38,0,893.056,0.000,0.000,0.000,PASS,0
mh_comm_C2_RING_SIMPLE_CH8_N2048_q16_rep4,1,4,1,sm_89,COMM_ONLY,NCCL,C2_RING_SIMPLE_CH8,2048,2048,2048,16,10,1048576,38,0,974.496,0.000,0.000,0.000,PASS,0
mh_comm_C2_RING_SIMPLE_CH8_N2048_q16_rep4,1,4,1,sm_89,COMM_ONLY,NCCL,C2_RING_SIMPLE_CH8,2048,2048,2048,16,11,1048576,38,0,1057.120,0.000,0.000,0.000,PASS,0
mh_comm_C2_RING_SIMPLE_CH8_N2048_q16_rep4,1,4,1,sm_89,COMM_ONLY,NCCL,C2_RING_SIMPLE_CH8,2048,2048,2048,16,12,1048576,38,0,1138.048,0.000,0.000,0.000,PASS,0
mh_comm_C2_RING_SIMPLE_CH8_N2048_q16_rep4,1,4,1,sm_89,COMM_ONLY,NCCL,C2_RING_SIMPLE_CH8,2048,2048,2048,16,13,1048576,38,0,1228.928,0.000,0.000,0.000,PASS,0
mh_comm_C2_RING_SIMPLE_CH8_N2048_q16_rep4,1,4,1,sm_89,COMM_ONLY,NCCL,C2_RING_SIMPLE_CH8,2048,2048,2048,16,14,1048576,38,0,1319.392,0.000,0.000,0.000,PASS,0
mh_comm_C2_RING_SIMPLE_CH8_N2048_q16_rep4,1,4,1,sm_89,COMM_ONLY,NCCL,C2_RING_SIMPLE_CH8,2048,2048,2048,16,15,1048576,38,0,1431.712,0.000,0.000,0.000,PASS,0
mh_comm_C2_RING_SIMPLE_CH8_N2048_q16_rep4,1,4,1,sm_89,COMM_ONLY,NCCL,C2_RING_SIMPLE_CH8,2048,2048,2048,16,0,1048576,39,0,126.304,0.000,0.000,0.000,PASS,0
mh_comm_C2_RING_SIMPLE_CH8_N2048_q16_rep4,1,4,1,sm_89,COMM_ONLY,NCCL,C2_RING_SIMPLE_CH8,2048,2048,2048,16,1,1048576,39,0,207.072,0.000,0.000,0.000,PASS,0
mh_comm_C2_RING_SIMPLE_CH8_N2048_q16_rep4,1,4,1,sm_89,COMM_ONLY,NCCL,C2_RING_SIMPLE_CH8,2048,2048,2048,16,2,1048576,39,0,296.736,0.000,0.000,0.000,PASS,0
mh_comm_C2_RING_SIMPLE_CH8_N2048_q16_rep4,1,4,1,sm_89,COMM_ONLY,NCCL,C2_RING_SIMPLE_CH8,2048,2048,2048,16,3,1048576,39,0,390.304,0.000,0.000,0.000,PASS,0
mh_comm_C2_RING_SIMPLE_CH8_N2048_q16_rep4,1,4,1,sm_89,COMM_ONLY,NCCL,C2_RING_SIMPLE_CH8,2048,2048,2048,16,4,1048576,39,0,485.312,0.000,0.000,0.000,PASS,0
mh_comm_C2_RING_SIMPLE_CH8_N2048_q16_rep4,1,4,1,sm_89,COMM_ONLY,NCCL,C2_RING_SIMPLE_CH8,2048,2048,2048,16,5,1048576,39,0,566.016,0.000,0.000,0.000,PASS,0
mh_comm_C2_RING_SIMPLE_CH8_N2048_q16_rep4,1,4,1,sm_89,COMM_ONLY,NCCL,C2_RING_SIMPLE_CH8,2048,2048,2048,16,6,1048576,39,0,658.976,0.000,0.000,0.000,PASS,0
mh_comm_C2_RING_SIMPLE_CH8_N2048_q16_rep4,1,4,1,sm_89,COMM_ONLY,NCCL,C2_RING_SIMPLE_CH8,2048,2048,2048,16,7,1048576,39,0,752.896,0.000,0.000,0.000,PASS,0
mh_comm_C2_RING_SIMPLE_CH8_N2048_q16_rep4,1,4,1,sm_89,COMM_ONLY,NCCL,C2_RING_SIMPLE_CH8,2048,2048,2048,16,8,1048576,39,0,834.272,0.000,0.000,0.000,PASS,0
mh_comm_C2_RING_SIMPLE_CH8_N2048_q16_rep4,1,4,1,sm_89,COMM_ONLY,NCCL,C2_RING_SIMPLE_CH8,2048,2048,2048,16,9,1048576,39,0,936.192,0.000,0.000,0.000,PASS,0
mh_comm_C2_RING_SIMPLE_CH8_N2048_q16_rep4,1,4,1,sm_89,COMM_ONLY,NCCL,C2_RING_SIMPLE_CH8,2048,2048,2048,16,10,1048576,39,0,1028.768,0.000,0.000,0.000,PASS,0
mh_comm_C2_RING_SIMPLE_CH8_N2048_q16_rep4,1,4,1,sm_89,COMM_ONLY,NCCL,C2_RING_SIMPLE_CH8,2048,2048,2048,16,11,1048576,39,0,1110.528,0.000,0.000,0.000,PASS,0
mh_comm_C2_RING_SIMPLE_CH8_N2048_q16_rep4,1,4,1,sm_89,COMM_ONLY,NCCL,C2_RING_SIMPLE_CH8,2048,2048,2048,16,12,1048576,39,0,1201.248,0.000,0.000,0.000,PASS,0
mh_comm_C2_RING_SIMPLE_CH8_N2048_q16_rep4,1,4,1,sm_89,COMM_ONLY,NCCL,C2_RING_SIMPLE_CH8,2048,2048,2048,16,13,1048576,39,0,1289.344,0.000,0.000,0.000,PASS,0
mh_comm_C2_RING_SIMPLE_CH8_N2048_q16_rep4,1,4,1,sm_89,COMM_ONLY,NCCL,C2_RING_SIMPLE_CH8,2048,2048,2048,16,14,1048576,39,0,1396.160,0.000,0.000,0.000,PASS,0
mh_comm_C2_RING_SIMPLE_CH8_N2048_q16_rep4,1,4,1,sm_89,COMM_ONLY,NCCL,C2_RING_SIMPLE_CH8,2048,2048,2048,16,15,1048576,39,0,1476.000,0.000,0.000,0.000,PASS,0
mh_comm_C2_RING_SIMPLE_CH8_N2048_q16_rep4,1,4,1,sm_89,COMM_ONLY,NCCL,C2_RING_SIMPLE_CH8,2048,2048,2048,16,0,1048576,40,0,111.232,0.000,0.000,0.000,PASS,0
mh_comm_C2_RING_SIMPLE_CH8_N2048_q16_rep4,1,4,1,sm_89,COMM_ONLY,NCCL,C2_RING_SIMPLE_CH8,2048,2048,2048,16,1,1048576,40,0,201.248,0.000,0.000,0.000,PASS,0
mh_comm_C2_RING_SIMPLE_CH8_N2048_q16_rep4,1,4,1,sm_89,COMM_ONLY,NCCL,C2_RING_SIMPLE_CH8,2048,2048,2048,16,2,1048576,40,0,293.888,0.000,0.000,0.000,PASS,0
mh_comm_C2_RING_SIMPLE_CH8_N2048_q16_rep4,1,4,1,sm_89,COMM_ONLY,NCCL,C2_RING_SIMPLE_CH8,2048,2048,2048,16,3,1048576,40,0,374.880,0.000,0.000,0.000,PASS,0
mh_comm_C2_RING_SIMPLE_CH8_N2048_q16_rep4,1,4,1,sm_89,COMM_ONLY,NCCL,C2_RING_SIMPLE_CH8,2048,2048,2048,16,4,1048576,40,0,467.296,0.000,0.000,0.000,PASS,0
mh_comm_C2_RING_SIMPLE_CH8_N2048_q16_rep4,1,4,1,sm_89,COMM_ONLY,NCCL,C2_RING_SIMPLE_CH8,2048,2048,2048,16,5,1048576,40,0,548.640,0.000,0.000,0.000,PASS,0
mh_comm_C2_RING_SIMPLE_CH8_N2048_q16_rep4,1,4,1,sm_89,COMM_ONLY,NCCL,C2_RING_SIMPLE_CH8,2048,2048,2048,16,6,1048576,40,0,628.448,0.000,0.000,0.000,PASS,0
mh_comm_C2_RING_SIMPLE_CH8_N2048_q16_rep4,1,4,1,sm_89,COMM_ONLY,NCCL,C2_RING_SIMPLE_CH8,2048,2048,2048,16,7,1048576,40,0,709.568,0.000,0.000,0.000,PASS,0
mh_comm_C2_RING_SIMPLE_CH8_N2048_q16_rep4,1,4,1,sm_89,COMM_ONLY,NCCL,C2_RING_SIMPLE_CH8,2048,2048,2048,16,8,1048576,40,0,789.088,0.000,0.000,0.000,PASS,0
mh_comm_C2_RING_SIMPLE_CH8_N2048_q16_rep4,1,4,1,sm_89,COMM_ONLY,NCCL,C2_RING_SIMPLE_CH8,2048,2048,2048,16,9,1048576,40,0,872.288,0.000,0.000,0.000,PASS,0
mh_comm_C2_RING_SIMPLE_CH8_N2048_q16_rep4,1,4,1,sm_89,COMM_ONLY,NCCL,C2_RING_SIMPLE_CH8,2048,2048,2048,16,10,1048576,40,0,954.240,0.000,0.000,0.000,PASS,0
mh_comm_C2_RING_SIMPLE_CH8_N2048_q16_rep4,1,4,1,sm_89,COMM_ONLY,NCCL,C2_RING_SIMPLE_CH8,2048,2048,2048,16,11,1048576,40,0,1036.448,0.000,0.000,0.000,PASS,0
mh_comm_C2_RING_SIMPLE_CH8_N2048_q16_rep4,1,4,1,sm_89,COMM_ONLY,NCCL,C2_RING_SIMPLE_CH8,2048,2048,2048,16,12,1048576,40,0,1116.512,0.000,0.000,0.000,PASS,0
mh_comm_C2_RING_SIMPLE_CH8_N2048_q16_rep4,1,4,1,sm_89,COMM_ONLY,NCCL,C2_RING_SIMPLE_CH8,2048,2048,2048,16,13,1048576,40,0,1198.688,0.000,0.000,0.000,PASS,0
mh_comm_C2_RING_SIMPLE_CH8_N2048_q16_rep4,1,4,1,sm_89,COMM_ONLY,NCCL,C2_RING_SIMPLE_CH8,2048,2048,2048,16,14,1048576,40,0,1280.800,0.000,0.000,0.000,PASS,0
mh_comm_C2_RING_SIMPLE_CH8_N2048_q16_rep4,1,4,1,sm_89,COMM_ONLY,NCCL,C2_RING_SIMPLE_CH8,2048,2048,2048,16,15,1048576,40,0,1360.800,0.000,0.000,0.000,PASS,0
mh_comm_C2_RING_SIMPLE_CH8_N2048_q16_rep4,1,4,1,sm_89,COMM_ONLY,NCCL,C2_RING_SIMPLE_CH8,2048,2048,2048,16,0,1048576,41,0,111.232,0.000,0.000,0.000,PASS,0
mh_comm_C2_RING_SIMPLE_CH8_N2048_q16_rep4,1,4,1,sm_89,COMM_ONLY,NCCL,C2_RING_SIMPLE_CH8,2048,2048,2048,16,1,1048576,41,0,202.176,0.000,0.000,0.000,PASS,0
mh_comm_C2_RING_SIMPLE_CH8_N2048_q16_rep4,1,4,1,sm_89,COMM_ONLY,NCCL,C2_RING_SIMPLE_CH8,2048,2048,2048,16,2,1048576,41,0,281.792,0.000,0.000,0.000,PASS,0
mh_comm_C2_RING_SIMPLE_CH8_N2048_q16_rep4,1,4,1,sm_89,COMM_ONLY,NCCL,C2_RING_SIMPLE_CH8,2048,2048,2048,16,3,1048576,41,0,364.224,0.000,0.000,0.000,PASS,0
mh_comm_C2_RING_SIMPLE_CH8_N2048_q16_rep4,1,4,1,sm_89,COMM_ONLY,NCCL,C2_RING_SIMPLE_CH8,2048,2048,2048,16,4,1048576,41,0,460.928,0.000,0.000,0.000,PASS,0
mh_comm_C2_RING_SIMPLE_CH8_N2048_q16_rep4,1,4,1,sm_89,COMM_ONLY,NCCL,C2_RING_SIMPLE_CH8,2048,2048,2048,16,5,1048576,41,0,542.784,0.000,0.000,0.000,PASS,0
mh_comm_C2_RING_SIMPLE_CH8_N2048_q16_rep4,1,4,1,sm_89,COMM_ONLY,NCCL,C2_RING_SIMPLE_CH8,2048,2048,2048,16,6,1048576,41,0,622.208,0.000,0.000,0.000,PASS,0
mh_comm_C2_RING_SIMPLE_CH8_N2048_q16_rep4,1,4,1,sm_89,COMM_ONLY,NCCL,C2_RING_SIMPLE_CH8,2048,2048,2048,16,7,1048576,41,0,704.224,0.000,0.000,0.000,PASS,0
mh_comm_C2_RING_SIMPLE_CH8_N2048_q16_rep4,1,4,1,sm_89,COMM_ONLY,NCCL,C2_RING_SIMPLE_CH8,2048,2048,2048,16,8,1048576,41,0,784.704,0.000,0.000,0.000,PASS,0
mh_comm_C2_RING_SIMPLE_CH8_N2048_q16_rep4,1,4,1,sm_89,COMM_ONLY,NCCL,C2_RING_SIMPLE_CH8,2048,2048,2048,16,9,1048576,41,0,866.496,0.000,0.000,0.000,PASS,0
mh_comm_C2_RING_SIMPLE_CH8_N2048_q16_rep4,1,4,1,sm_89,COMM_ONLY,NCCL,C2_RING_SIMPLE_CH8,2048,2048,2048,16,10,1048576,41,0,946.752,0.000,0.000,0.000,PASS,0
mh_comm_C2_RING_SIMPLE_CH8_N2048_q16_rep4,1,4,1,sm_89,COMM_ONLY,NCCL,C2_RING_SIMPLE_CH8,2048,2048,2048,16,11,1048576,41,0,1028.192,0.000,0.000,0.000,PASS,0
mh_comm_C2_RING_SIMPLE_CH8_N2048_q16_rep4,1,4,1,sm_89,COMM_ONLY,NCCL,C2_RING_SIMPLE_CH8,2048,2048,2048,16,12,1048576,41,0,1109.376,0.000,0.000,0.000,PASS,0
mh_comm_C2_RING_SIMPLE_CH8_N2048_q16_rep4,1,4,1,sm_89,COMM_ONLY,NCCL,C2_RING_SIMPLE_CH8,2048,2048,2048,16,13,1048576,41,0,1193.440,0.000,0.000,0.000,PASS,0
mh_comm_C2_RING_SIMPLE_CH8_N2048_q16_rep4,1,4,1,sm_89,COMM_ONLY,NCCL,C2_RING_SIMPLE_CH8,2048,2048,2048,16,14,1048576,41,0,1273.248,0.000,0.000,0.000,PASS,0
mh_comm_C2_RING_SIMPLE_CH8_N2048_q16_rep4,1,4,1,sm_89,COMM_ONLY,NCCL,C2_RING_SIMPLE_CH8,2048,2048,2048,16,15,1048576,41,0,1364.768,0.000,0.000,0.000,PASS,0
mh_comm_C2_RING_SIMPLE_CH8_N2048_q16_rep4,1,4,1,sm_89,COMM_ONLY,NCCL,C2_RING_SIMPLE_CH8,2048,2048,2048,16,0,1048576,42,0,112.192,0.000,0.000,0.000,PASS,0
mh_comm_C2_RING_SIMPLE_CH8_N2048_q16_rep4,1,4,1,sm_89,COMM_ONLY,NCCL,C2_RING_SIMPLE_CH8,2048,2048,2048,16,1,1048576,42,0,191.232,0.000,0.000,0.000,PASS,0
mh_comm_C2_RING_SIMPLE_CH8_N2048_q16_rep4,1,4,1,sm_89,COMM_ONLY,NCCL,C2_RING_SIMPLE_CH8,2048,2048,2048,16,2,1048576,42,0,271.104,0.000,0.000,0.000,PASS,0
mh_comm_C2_RING_SIMPLE_CH8_N2048_q16_rep4,1,4,1,sm_89,COMM_ONLY,NCCL,C2_RING_SIMPLE_CH8,2048,2048,2048,16,3,1048576,42,0,354.272,0.000,0.000,0.000,PASS,0
mh_comm_C2_RING_SIMPLE_CH8_N2048_q16_rep4,1,4,1,sm_89,COMM_ONLY,NCCL,C2_RING_SIMPLE_CH8,2048,2048,2048,16,4,1048576,42,0,435.968,0.000,0.000,0.000,PASS,0
mh_comm_C2_RING_SIMPLE_CH8_N2048_q16_rep4,1,4,1,sm_89,COMM_ONLY,NCCL,C2_RING_SIMPLE_CH8,2048,2048,2048,16,5,1048576,42,0,518.016,0.000,0.000,0.000,PASS,0
mh_comm_C2_RING_SIMPLE_CH8_N2048_q16_rep4,1,4,1,sm_89,COMM_ONLY,NCCL,C2_RING_SIMPLE_CH8,2048,2048,2048,16,6,1048576,42,0,597.696,0.000,0.000,0.000,PASS,0
mh_comm_C2_RING_SIMPLE_CH8_N2048_q16_rep4,1,4,1,sm_89,COMM_ONLY,NCCL,C2_RING_SIMPLE_CH8,2048,2048,2048,16,7,1048576,42,0,679.488,0.000,0.000,0.000,PASS,0
mh_comm_C2_RING_SIMPLE_CH8_N2048_q16_rep4,1,4,1,sm_89,COMM_ONLY,NCCL,C2_RING_SIMPLE_CH8,2048,2048,2048,16,8,1048576,42,0,761.088,0.000,0.000,0.000,PASS,0
mh_comm_C2_RING_SIMPLE_CH8_N2048_q16_rep4,1,4,1,sm_89,COMM_ONLY,NCCL,C2_RING_SIMPLE_CH8,2048,2048,2048,16,9,1048576,42,0,841.632,0.000,0.000,0.000,PASS,0
mh_comm_C2_RING_SIMPLE_CH8_N2048_q16_rep4,1,4,1,sm_89,COMM_ONLY,NCCL,C2_RING_SIMPLE_CH8,2048,2048,2048,16,10,1048576,42,0,921.632,0.000,0.000,0.000,PASS,0
mh_comm_C2_RING_SIMPLE_CH8_N2048_q16_rep4,1,4,1,sm_89,COMM_ONLY,NCCL,C2_RING_SIMPLE_CH8,2048,2048,2048,16,11,1048576,42,0,1004.160,0.000,0.000,0.000,PASS,0
mh_comm_C2_RING_SIMPLE_CH8_N2048_q16_rep4,1,4,1,sm_89,COMM_ONLY,NCCL,C2_RING_SIMPLE_CH8,2048,2048,2048,16,12,1048576,42,0,1085.056,0.000,0.000,0.000,PASS,0
mh_comm_C2_RING_SIMPLE_CH8_N2048_q16_rep4,1,4,1,sm_89,COMM_ONLY,NCCL,C2_RING_SIMPLE_CH8,2048,2048,2048,16,13,1048576,42,0,1168.288,0.000,0.000,0.000,PASS,0
mh_comm_C2_RING_SIMPLE_CH8_N2048_q16_rep4,1,4,1,sm_89,COMM_ONLY,NCCL,C2_RING_SIMPLE_CH8,2048,2048,2048,16,14,1048576,42,0,1248.992,0.000,0.000,0.000,PASS,0
mh_comm_C2_RING_SIMPLE_CH8_N2048_q16_rep4,1,4,1,sm_89,COMM_ONLY,NCCL,C2_RING_SIMPLE_CH8,2048,2048,2048,16,15,1048576,42,0,1330.816,0.000,0.000,0.000,PASS,0
mh_comm_C2_RING_SIMPLE_CH8_N2048_q16_rep4,1,4,1,sm_89,COMM_ONLY,NCCL,C2_RING_SIMPLE_CH8,2048,2048,2048,16,0,1048576,43,0,124.160,0.000,0.000,0.000,PASS,0
mh_comm_C2_RING_SIMPLE_CH8_N2048_q16_rep4,1,4,1,sm_89,COMM_ONLY,NCCL,C2_RING_SIMPLE_CH8,2048,2048,2048,16,1,1048576,43,0,203.680,0.000,0.000,0.000,PASS,0
mh_comm_C2_RING_SIMPLE_CH8_N2048_q16_rep4,1,4,1,sm_89,COMM_ONLY,NCCL,C2_RING_SIMPLE_CH8,2048,2048,2048,16,2,1048576,43,0,293.504,0.000,0.000,0.000,PASS,0
mh_comm_C2_RING_SIMPLE_CH8_N2048_q16_rep4,1,4,1,sm_89,COMM_ONLY,NCCL,C2_RING_SIMPLE_CH8,2048,2048,2048,16,3,1048576,43,0,375.712,0.000,0.000,0.000,PASS,0
mh_comm_C2_RING_SIMPLE_CH8_N2048_q16_rep4,1,4,1,sm_89,COMM_ONLY,NCCL,C2_RING_SIMPLE_CH8,2048,2048,2048,16,4,1048576,43,0,457.440,0.000,0.000,0.000,PASS,0
mh_comm_C2_RING_SIMPLE_CH8_N2048_q16_rep4,1,4,1,sm_89,COMM_ONLY,NCCL,C2_RING_SIMPLE_CH8,2048,2048,2048,16,5,1048576,43,0,539.232,0.000,0.000,0.000,PASS,0
mh_comm_C2_RING_SIMPLE_CH8_N2048_q16_rep4,1,4,1,sm_89,COMM_ONLY,NCCL,C2_RING_SIMPLE_CH8,2048,2048,2048,16,6,1048576,43,0,619.072,0.000,0.000,0.000,PASS,0
mh_comm_C2_RING_SIMPLE_CH8_N2048_q16_rep4,1,4,1,sm_89,COMM_ONLY,NCCL,C2_RING_SIMPLE_CH8,2048,2048,2048,16,7,1048576,43,0,700.512,0.000,0.000,0.000,PASS,0
mh_comm_C2_RING_SIMPLE_CH8_N2048_q16_rep4,1,4,1,sm_89,COMM_ONLY,NCCL,C2_RING_SIMPLE_CH8,2048,2048,2048,16,8,1048576,43,0,780.416,0.000,0.000,0.000,PASS,0
mh_comm_C2_RING_SIMPLE_CH8_N2048_q16_rep4,1,4,1,sm_89,COMM_ONLY,NCCL,C2_RING_SIMPLE_CH8,2048,2048,2048,16,9,1048576,43,0,862.400,0.000,0.000,0.000,PASS,0
mh_comm_C2_RING_SIMPLE_CH8_N2048_q16_rep4,1,4,1,sm_89,COMM_ONLY,NCCL,C2_RING_SIMPLE_CH8,2048,2048,2048,16,10,1048576,43,0,942.976,0.000,0.000,0.000,PASS,0
mh_comm_C2_RING_SIMPLE_CH8_N2048_q16_rep4,1,4,1,sm_89,COMM_ONLY,NCCL,C2_RING_SIMPLE_CH8,2048,2048,2048,16,11,1048576,43,0,1025.920,0.000,0.000,0.000,PASS,0
mh_comm_C2_RING_SIMPLE_CH8_N2048_q16_rep4,1,4,1,sm_89,COMM_ONLY,NCCL,C2_RING_SIMPLE_CH8,2048,2048,2048,16,12,1048576,43,0,1106.464,0.000,0.000,0.000,PASS,0
mh_comm_C2_RING_SIMPLE_CH8_N2048_q16_rep4,1,4,1,sm_89,COMM_ONLY,NCCL,C2_RING_SIMPLE_CH8,2048,2048,2048,16,13,1048576,43,0,1188.448,0.000,0.000,0.000,PASS,0
mh_comm_C2_RING_SIMPLE_CH8_N2048_q16_rep4,1,4,1,sm_89,COMM_ONLY,NCCL,C2_RING_SIMPLE_CH8,2048,2048,2048,16,14,1048576,43,0,1286.592,0.000,0.000,0.000,PASS,0
mh_comm_C2_RING_SIMPLE_CH8_N2048_q16_rep4,1,4,1,sm_89,COMM_ONLY,NCCL,C2_RING_SIMPLE_CH8,2048,2048,2048,16,15,1048576,43,0,1367.360,0.000,0.000,0.000,PASS,0
mh_comm_C2_RING_SIMPLE_CH8_N2048_q16_rep4,1,4,1,sm_89,COMM_ONLY,NCCL,C2_RING_SIMPLE_CH8,2048,2048,2048,16,0,1048576,44,0,110.336,0.000,0.000,0.000,PASS,0
mh_comm_C2_RING_SIMPLE_CH8_N2048_q16_rep4,1,4,1,sm_89,COMM_ONLY,NCCL,C2_RING_SIMPLE_CH8,2048,2048,2048,16,1,1048576,44,0,191.936,0.000,0.000,0.000,PASS,0
mh_comm_C2_RING_SIMPLE_CH8_N2048_q16_rep4,1,4,1,sm_89,COMM_ONLY,NCCL,C2_RING_SIMPLE_CH8,2048,2048,2048,16,2,1048576,44,0,272.352,0.000,0.000,0.000,PASS,0
mh_comm_C2_RING_SIMPLE_CH8_N2048_q16_rep4,1,4,1,sm_89,COMM_ONLY,NCCL,C2_RING_SIMPLE_CH8,2048,2048,2048,16,3,1048576,44,0,355.040,0.000,0.000,0.000,PASS,0
mh_comm_C2_RING_SIMPLE_CH8_N2048_q16_rep4,1,4,1,sm_89,COMM_ONLY,NCCL,C2_RING_SIMPLE_CH8,2048,2048,2048,16,4,1048576,44,0,436.832,0.000,0.000,0.000,PASS,0
mh_comm_C2_RING_SIMPLE_CH8_N2048_q16_rep4,1,4,1,sm_89,COMM_ONLY,NCCL,C2_RING_SIMPLE_CH8,2048,2048,2048,16,5,1048576,44,0,518.272,0.000,0.000,0.000,PASS,0
mh_comm_C2_RING_SIMPLE_CH8_N2048_q16_rep4,1,4,1,sm_89,COMM_ONLY,NCCL,C2_RING_SIMPLE_CH8,2048,2048,2048,16,6,1048576,44,0,610.464,0.000,0.000,0.000,PASS,0
mh_comm_C2_RING_SIMPLE_CH8_N2048_q16_rep4,1,4,1,sm_89,COMM_ONLY,NCCL,C2_RING_SIMPLE_CH8,2048,2048,2048,16,7,1048576,44,0,691.616,0.000,0.000,0.000,PASS,0
mh_comm_C2_RING_SIMPLE_CH8_N2048_q16_rep4,1,4,1,sm_89,COMM_ONLY,NCCL,C2_RING_SIMPLE_CH8,2048,2048,2048,16,8,1048576,44,0,772.032,0.000,0.000,0.000,PASS,0
mh_comm_C2_RING_SIMPLE_CH8_N2048_q16_rep4,1,4,1,sm_89,COMM_ONLY,NCCL,C2_RING_SIMPLE_CH8,2048,2048,2048,16,9,1048576,44,0,864.096,0.000,0.000,0.000,PASS,0
mh_comm_C2_RING_SIMPLE_CH8_N2048_q16_rep4,1,4,1,sm_89,COMM_ONLY,NCCL,C2_RING_SIMPLE_CH8,2048,2048,2048,16,10,1048576,44,0,943.264,0.000,0.000,0.000,PASS,0
mh_comm_C2_RING_SIMPLE_CH8_N2048_q16_rep4,1,4,1,sm_89,COMM_ONLY,NCCL,C2_RING_SIMPLE_CH8,2048,2048,2048,16,11,1048576,44,0,1023.872,0.000,0.000,0.000,PASS,0
mh_comm_C2_RING_SIMPLE_CH8_N2048_q16_rep4,1,4,1,sm_89,COMM_ONLY,NCCL,C2_RING_SIMPLE_CH8,2048,2048,2048,16,12,1048576,44,0,1104.256,0.000,0.000,0.000,PASS,0
mh_comm_C2_RING_SIMPLE_CH8_N2048_q16_rep4,1,4,1,sm_89,COMM_ONLY,NCCL,C2_RING_SIMPLE_CH8,2048,2048,2048,16,13,1048576,44,0,1186.528,0.000,0.000,0.000,PASS,0
mh_comm_C2_RING_SIMPLE_CH8_N2048_q16_rep4,1,4,1,sm_89,COMM_ONLY,NCCL,C2_RING_SIMPLE_CH8,2048,2048,2048,16,14,1048576,44,0,1268.288,0.000,0.000,0.000,PASS,0
mh_comm_C2_RING_SIMPLE_CH8_N2048_q16_rep4,1,4,1,sm_89,COMM_ONLY,NCCL,C2_RING_SIMPLE_CH8,2048,2048,2048,16,15,1048576,44,0,1350.304,0.000,0.000,0.000,PASS,0
mh_comm_C2_RING_SIMPLE_CH8_N2048_q16_rep4,1,4,1,sm_89,COMM_ONLY,NCCL,C2_RING_SIMPLE_CH8,2048,2048,2048,16,0,1048576,45,0,121.216,0.000,0.000,0.000,PASS,0
mh_comm_C2_RING_SIMPLE_CH8_N2048_q16_rep4,1,4,1,sm_89,COMM_ONLY,NCCL,C2_RING_SIMPLE_CH8,2048,2048,2048,16,1,1048576,45,0,203.200,0.000,0.000,0.000,PASS,0
mh_comm_C2_RING_SIMPLE_CH8_N2048_q16_rep4,1,4,1,sm_89,COMM_ONLY,NCCL,C2_RING_SIMPLE_CH8,2048,2048,2048,16,2,1048576,45,0,285.184,0.000,0.000,0.000,PASS,0
mh_comm_C2_RING_SIMPLE_CH8_N2048_q16_rep4,1,4,1,sm_89,COMM_ONLY,NCCL,C2_RING_SIMPLE_CH8,2048,2048,2048,16,3,1048576,45,0,368.000,0.000,0.000,0.000,PASS,0
mh_comm_C2_RING_SIMPLE_CH8_N2048_q16_rep4,1,4,1,sm_89,COMM_ONLY,NCCL,C2_RING_SIMPLE_CH8,2048,2048,2048,16,4,1048576,45,0,449.280,0.000,0.000,0.000,PASS,0
mh_comm_C2_RING_SIMPLE_CH8_N2048_q16_rep4,1,4,1,sm_89,COMM_ONLY,NCCL,C2_RING_SIMPLE_CH8,2048,2048,2048,16,5,1048576,45,0,530.336,0.000,0.000,0.000,PASS,0
mh_comm_C2_RING_SIMPLE_CH8_N2048_q16_rep4,1,4,1,sm_89,COMM_ONLY,NCCL,C2_RING_SIMPLE_CH8,2048,2048,2048,16,6,1048576,45,0,610.752,0.000,0.000,0.000,PASS,0
mh_comm_C2_RING_SIMPLE_CH8_N2048_q16_rep4,1,4,1,sm_89,COMM_ONLY,NCCL,C2_RING_SIMPLE_CH8,2048,2048,2048,16,7,1048576,45,0,691.872,0.000,0.000,0.000,PASS,0
mh_comm_C2_RING_SIMPLE_CH8_N2048_q16_rep4,1,4,1,sm_89,COMM_ONLY,NCCL,C2_RING_SIMPLE_CH8,2048,2048,2048,16,8,1048576,45,0,772.832,0.000,0.000,0.000,PASS,0
mh_comm_C2_RING_SIMPLE_CH8_N2048_q16_rep4,1,4,1,sm_89,COMM_ONLY,NCCL,C2_RING_SIMPLE_CH8,2048,2048,2048,16,9,1048576,45,0,854.496,0.000,0.000,0.000,PASS,0
mh_comm_C2_RING_SIMPLE_CH8_N2048_q16_rep4,1,4,1,sm_89,COMM_ONLY,NCCL,C2_RING_SIMPLE_CH8,2048,2048,2048,16,10,1048576,45,0,935.712,0.000,0.000,0.000,PASS,0
mh_comm_C2_RING_SIMPLE_CH8_N2048_q16_rep4,1,4,1,sm_89,COMM_ONLY,NCCL,C2_RING_SIMPLE_CH8,2048,2048,2048,16,11,1048576,45,0,1016.928,0.000,0.000,0.000,PASS,0
mh_comm_C2_RING_SIMPLE_CH8_N2048_q16_rep4,1,4,1,sm_89,COMM_ONLY,NCCL,C2_RING_SIMPLE_CH8,2048,2048,2048,16,12,1048576,45,0,1097.632,0.000,0.000,0.000,PASS,0
mh_comm_C2_RING_SIMPLE_CH8_N2048_q16_rep4,1,4,1,sm_89,COMM_ONLY,NCCL,C2_RING_SIMPLE_CH8,2048,2048,2048,16,13,1048576,45,0,1179.776,0.000,0.000,0.000,PASS,0
mh_comm_C2_RING_SIMPLE_CH8_N2048_q16_rep4,1,4,1,sm_89,COMM_ONLY,NCCL,C2_RING_SIMPLE_CH8,2048,2048,2048,16,14,1048576,45,0,1261.824,0.000,0.000,0.000,PASS,0
mh_comm_C2_RING_SIMPLE_CH8_N2048_q16_rep4,1,4,1,sm_89,COMM_ONLY,NCCL,C2_RING_SIMPLE_CH8,2048,2048,2048,16,15,1048576,45,0,1342.880,0.000,0.000,0.000,PASS,0
mh_comm_C2_RING_SIMPLE_CH8_N2048_q16_rep4,1,4,1,sm_89,COMM_ONLY,NCCL,C2_RING_SIMPLE_CH8,2048,2048,2048,16,0,1048576,46,0,126.688,0.000,0.000,0.000,PASS,0
mh_comm_C2_RING_SIMPLE_CH8_N2048_q16_rep4,1,4,1,sm_89,COMM_ONLY,NCCL,C2_RING_SIMPLE_CH8,2048,2048,2048,16,1,1048576,46,0,210.848,0.000,0.000,0.000,PASS,0
mh_comm_C2_RING_SIMPLE_CH8_N2048_q16_rep4,1,4,1,sm_89,COMM_ONLY,NCCL,C2_RING_SIMPLE_CH8,2048,2048,2048,16,2,1048576,46,0,291.968,0.000,0.000,0.000,PASS,0
mh_comm_C2_RING_SIMPLE_CH8_N2048_q16_rep4,1,4,1,sm_89,COMM_ONLY,NCCL,C2_RING_SIMPLE_CH8,2048,2048,2048,16,3,1048576,46,0,373.376,0.000,0.000,0.000,PASS,0
mh_comm_C2_RING_SIMPLE_CH8_N2048_q16_rep4,1,4,1,sm_89,COMM_ONLY,NCCL,C2_RING_SIMPLE_CH8,2048,2048,2048,16,4,1048576,46,0,465.920,0.000,0.000,0.000,PASS,0
mh_comm_C2_RING_SIMPLE_CH8_N2048_q16_rep4,1,4,1,sm_89,COMM_ONLY,NCCL,C2_RING_SIMPLE_CH8,2048,2048,2048,16,5,1048576,46,0,547.744,0.000,0.000,0.000,PASS,0
mh_comm_C2_RING_SIMPLE_CH8_N2048_q16_rep4,1,4,1,sm_89,COMM_ONLY,NCCL,C2_RING_SIMPLE_CH8,2048,2048,2048,16,6,1048576,46,0,627.872,0.000,0.000,0.000,PASS,0
mh_comm_C2_RING_SIMPLE_CH8_N2048_q16_rep4,1,4,1,sm_89,COMM_ONLY,NCCL,C2_RING_SIMPLE_CH8,2048,2048,2048,16,7,1048576,46,0,708.608,0.000,0.000,0.000,PASS,0
mh_comm_C2_RING_SIMPLE_CH8_N2048_q16_rep4,1,4,1,sm_89,COMM_ONLY,NCCL,C2_RING_SIMPLE_CH8,2048,2048,2048,16,8,1048576,46,0,788.896,0.000,0.000,0.000,PASS,0
mh_comm_C2_RING_SIMPLE_CH8_N2048_q16_rep4,1,4,1,sm_89,COMM_ONLY,NCCL,C2_RING_SIMPLE_CH8,2048,2048,2048,16,9,1048576,46,0,878.208,0.000,0.000,0.000,PASS,0
mh_comm_C2_RING_SIMPLE_CH8_N2048_q16_rep4,1,4,1,sm_89,COMM_ONLY,NCCL,C2_RING_SIMPLE_CH8,2048,2048,2048,16,10,1048576,46,0,971.392,0.000,0.000,0.000,PASS,0
mh_comm_C2_RING_SIMPLE_CH8_N2048_q16_rep4,1,4,1,sm_89,COMM_ONLY,NCCL,C2_RING_SIMPLE_CH8,2048,2048,2048,16,11,1048576,46,0,1052.864,0.000,0.000,0.000,PASS,0
mh_comm_C2_RING_SIMPLE_CH8_N2048_q16_rep4,1,4,1,sm_89,COMM_ONLY,NCCL,C2_RING_SIMPLE_CH8,2048,2048,2048,16,12,1048576,46,0,1132.768,0.000,0.000,0.000,PASS,0
mh_comm_C2_RING_SIMPLE_CH8_N2048_q16_rep4,1,4,1,sm_89,COMM_ONLY,NCCL,C2_RING_SIMPLE_CH8,2048,2048,2048,16,13,1048576,46,0,1215.520,0.000,0.000,0.000,PASS,0
mh_comm_C2_RING_SIMPLE_CH8_N2048_q16_rep4,1,4,1,sm_89,COMM_ONLY,NCCL,C2_RING_SIMPLE_CH8,2048,2048,2048,16,14,1048576,46,0,1296.512,0.000,0.000,0.000,PASS,0
mh_comm_C2_RING_SIMPLE_CH8_N2048_q16_rep4,1,4,1,sm_89,COMM_ONLY,NCCL,C2_RING_SIMPLE_CH8,2048,2048,2048,16,15,1048576,46,0,1376.864,0.000,0.000,0.000,PASS,0
mh_comm_C2_RING_SIMPLE_CH8_N2048_q16_rep4,1,4,1,sm_89,COMM_ONLY,NCCL,C2_RING_SIMPLE_CH8,2048,2048,2048,16,0,1048576,47,0,114.464,0.000,0.000,0.000,PASS,0
mh_comm_C2_RING_SIMPLE_CH8_N2048_q16_rep4,1,4,1,sm_89,COMM_ONLY,NCCL,C2_RING_SIMPLE_CH8,2048,2048,2048,16,1,1048576,47,0,195.648,0.000,0.000,0.000,PASS,0
mh_comm_C2_RING_SIMPLE_CH8_N2048_q16_rep4,1,4,1,sm_89,COMM_ONLY,NCCL,C2_RING_SIMPLE_CH8,2048,2048,2048,16,2,1048576,47,0,275.776,0.000,0.000,0.000,PASS,0
mh_comm_C2_RING_SIMPLE_CH8_N2048_q16_rep4,1,4,1,sm_89,COMM_ONLY,NCCL,C2_RING_SIMPLE_CH8,2048,2048,2048,16,3,1048576,47,0,357.408,0.000,0.000,0.000,PASS,0
mh_comm_C2_RING_SIMPLE_CH8_N2048_q16_rep4,1,4,1,sm_89,COMM_ONLY,NCCL,C2_RING_SIMPLE_CH8,2048,2048,2048,16,4,1048576,47,0,440.448,0.000,0.000,0.000,PASS,0
mh_comm_C2_RING_SIMPLE_CH8_N2048_q16_rep4,1,4,1,sm_89,COMM_ONLY,NCCL,C2_RING_SIMPLE_CH8,2048,2048,2048,16,5,1048576,47,0,522.048,0.000,0.000,0.000,PASS,0
mh_comm_C2_RING_SIMPLE_CH8_N2048_q16_rep4,1,4,1,sm_89,COMM_ONLY,NCCL,C2_RING_SIMPLE_CH8,2048,2048,2048,16,6,1048576,47,0,602.688,0.000,0.000,0.000,PASS,0
mh_comm_C2_RING_SIMPLE_CH8_N2048_q16_rep4,1,4,1,sm_89,COMM_ONLY,NCCL,C2_RING_SIMPLE_CH8,2048,2048,2048,16,7,1048576,47,0,684.256,0.000,0.000,0.000,PASS,0
mh_comm_C2_RING_SIMPLE_CH8_N2048_q16_rep4,1,4,1,sm_89,COMM_ONLY,NCCL,C2_RING_SIMPLE_CH8,2048,2048,2048,16,8,1048576,47,0,764.448,0.000,0.000,0.000,PASS,0
mh_comm_C2_RING_SIMPLE_CH8_N2048_q16_rep4,1,4,1,sm_89,COMM_ONLY,NCCL,C2_RING_SIMPLE_CH8,2048,2048,2048,16,9,1048576,47,0,856.064,0.000,0.000,0.000,PASS,0
mh_comm_C2_RING_SIMPLE_CH8_N2048_q16_rep4,1,4,1,sm_89,COMM_ONLY,NCCL,C2_RING_SIMPLE_CH8,2048,2048,2048,16,10,1048576,47,0,948.832,0.000,0.000,0.000,PASS,0
mh_comm_C2_RING_SIMPLE_CH8_N2048_q16_rep4,1,4,1,sm_89,COMM_ONLY,NCCL,C2_RING_SIMPLE_CH8,2048,2048,2048,16,11,1048576,47,0,1031.904,0.000,0.000,0.000,PASS,0
mh_comm_C2_RING_SIMPLE_CH8_N2048_q16_rep4,1,4,1,sm_89,COMM_ONLY,NCCL,C2_RING_SIMPLE_CH8,2048,2048,2048,16,12,1048576,47,0,1112.352,0.000,0.000,0.000,PASS,0
mh_comm_C2_RING_SIMPLE_CH8_N2048_q16_rep4,1,4,1,sm_89,COMM_ONLY,NCCL,C2_RING_SIMPLE_CH8,2048,2048,2048,16,13,1048576,47,0,1194.112,0.000,0.000,0.000,PASS,0
mh_comm_C2_RING_SIMPLE_CH8_N2048_q16_rep4,1,4,1,sm_89,COMM_ONLY,NCCL,C2_RING_SIMPLE_CH8,2048,2048,2048,16,14,1048576,47,0,1274.464,0.000,0.000,0.000,PASS,0
mh_comm_C2_RING_SIMPLE_CH8_N2048_q16_rep4,1,4,1,sm_89,COMM_ONLY,NCCL,C2_RING_SIMPLE_CH8,2048,2048,2048,16,15,1048576,47,0,1356.416,0.000,0.000,0.000,PASS,0
mh_comm_C2_RING_SIMPLE_CH8_N2048_q16_rep4,1,4,1,sm_89,COMM_ONLY,NCCL,C2_RING_SIMPLE_CH8,2048,2048,2048,16,0,1048576,48,0,110.016,0.000,0.000,0.000,PASS,0
mh_comm_C2_RING_SIMPLE_CH8_N2048_q16_rep4,1,4,1,sm_89,COMM_ONLY,NCCL,C2_RING_SIMPLE_CH8,2048,2048,2048,16,1,1048576,48,0,191.424,0.000,0.000,0.000,PASS,0
mh_comm_C2_RING_SIMPLE_CH8_N2048_q16_rep4,1,4,1,sm_89,COMM_ONLY,NCCL,C2_RING_SIMPLE_CH8,2048,2048,2048,16,2,1048576,48,0,271.584,0.000,0.000,0.000,PASS,0
mh_comm_C2_RING_SIMPLE_CH8_N2048_q16_rep4,1,4,1,sm_89,COMM_ONLY,NCCL,C2_RING_SIMPLE_CH8,2048,2048,2048,16,3,1048576,48,0,364.672,0.000,0.000,0.000,PASS,0
mh_comm_C2_RING_SIMPLE_CH8_N2048_q16_rep4,1,4,1,sm_89,COMM_ONLY,NCCL,C2_RING_SIMPLE_CH8,2048,2048,2048,16,4,1048576,48,0,445.152,0.000,0.000,0.000,PASS,0
mh_comm_C2_RING_SIMPLE_CH8_N2048_q16_rep4,1,4,1,sm_89,COMM_ONLY,NCCL,C2_RING_SIMPLE_CH8,2048,2048,2048,16,5,1048576,48,0,527.936,0.000,0.000,0.000,PASS,0
mh_comm_C2_RING_SIMPLE_CH8_N2048_q16_rep4,1,4,1,sm_89,COMM_ONLY,NCCL,C2_RING_SIMPLE_CH8,2048,2048,2048,16,6,1048576,48,0,625.824,0.000,0.000,0.000,PASS,0
mh_comm_C2_RING_SIMPLE_CH8_N2048_q16_rep4,1,4,1,sm_89,COMM_ONLY,NCCL,C2_RING_SIMPLE_CH8,2048,2048,2048,16,7,1048576,48,0,706.880,0.000,0.000,0.000,PASS,0
mh_comm_C2_RING_SIMPLE_CH8_N2048_q16_rep4,1,4,1,sm_89,COMM_ONLY,NCCL,C2_RING_SIMPLE_CH8,2048,2048,2048,16,8,1048576,48,0,787.072,0.000,0.000,0.000,PASS,0
mh_comm_C2_RING_SIMPLE_CH8_N2048_q16_rep4,1,4,1,sm_89,COMM_ONLY,NCCL,C2_RING_SIMPLE_CH8,2048,2048,2048,16,9,1048576,48,0,881.312,0.000,0.000,0.000,PASS,0
mh_comm_C2_RING_SIMPLE_CH8_N2048_q16_rep4,1,4,1,sm_89,COMM_ONLY,NCCL,C2_RING_SIMPLE_CH8,2048,2048,2048,16,10,1048576,48,0,961.952,0.000,0.000,0.000,PASS,0
mh_comm_C2_RING_SIMPLE_CH8_N2048_q16_rep4,1,4,1,sm_89,COMM_ONLY,NCCL,C2_RING_SIMPLE_CH8,2048,2048,2048,16,11,1048576,48,0,1042.688,0.000,0.000,0.000,PASS,0
mh_comm_C2_RING_SIMPLE_CH8_N2048_q16_rep4,1,4,1,sm_89,COMM_ONLY,NCCL,C2_RING_SIMPLE_CH8,2048,2048,2048,16,12,1048576,48,0,1122.816,0.000,0.000,0.000,PASS,0
mh_comm_C2_RING_SIMPLE_CH8_N2048_q16_rep4,1,4,1,sm_89,COMM_ONLY,NCCL,C2_RING_SIMPLE_CH8,2048,2048,2048,16,13,1048576,48,0,1204.640,0.000,0.000,0.000,PASS,0
mh_comm_C2_RING_SIMPLE_CH8_N2048_q16_rep4,1,4,1,sm_89,COMM_ONLY,NCCL,C2_RING_SIMPLE_CH8,2048,2048,2048,16,14,1048576,48,0,1285.248,0.000,0.000,0.000,PASS,0
mh_comm_C2_RING_SIMPLE_CH8_N2048_q16_rep4,1,4,1,sm_89,COMM_ONLY,NCCL,C2_RING_SIMPLE_CH8,2048,2048,2048,16,15,1048576,48,0,1365.504,0.000,0.000,0.000,PASS,0
mh_comm_C2_RING_SIMPLE_CH8_N2048_q16_rep4,1,4,1,sm_89,COMM_ONLY,NCCL,C2_RING_SIMPLE_CH8,2048,2048,2048,16,0,1048576,49,0,111.968,0.000,0.000,0.000,PASS,0
mh_comm_C2_RING_SIMPLE_CH8_N2048_q16_rep4,1,4,1,sm_89,COMM_ONLY,NCCL,C2_RING_SIMPLE_CH8,2048,2048,2048,16,1,1048576,49,0,192.160,0.000,0.000,0.000,PASS,0
mh_comm_C2_RING_SIMPLE_CH8_N2048_q16_rep4,1,4,1,sm_89,COMM_ONLY,NCCL,C2_RING_SIMPLE_CH8,2048,2048,2048,16,2,1048576,49,0,279.360,0.000,0.000,0.000,PASS,0
mh_comm_C2_RING_SIMPLE_CH8_N2048_q16_rep4,1,4,1,sm_89,COMM_ONLY,NCCL,C2_RING_SIMPLE_CH8,2048,2048,2048,16,3,1048576,49,0,370.784,0.000,0.000,0.000,PASS,0
mh_comm_C2_RING_SIMPLE_CH8_N2048_q16_rep4,1,4,1,sm_89,COMM_ONLY,NCCL,C2_RING_SIMPLE_CH8,2048,2048,2048,16,4,1048576,49,0,457.632,0.000,0.000,0.000,PASS,0
mh_comm_C2_RING_SIMPLE_CH8_N2048_q16_rep4,1,4,1,sm_89,COMM_ONLY,NCCL,C2_RING_SIMPLE_CH8,2048,2048,2048,16,5,1048576,49,0,539.392,0.000,0.000,0.000,PASS,0
mh_comm_C2_RING_SIMPLE_CH8_N2048_q16_rep4,1,4,1,sm_89,COMM_ONLY,NCCL,C2_RING_SIMPLE_CH8,2048,2048,2048,16,6,1048576,49,0,620.288,0.000,0.000,0.000,PASS,0
mh_comm_C2_RING_SIMPLE_CH8_N2048_q16_rep4,1,4,1,sm_89,COMM_ONLY,NCCL,C2_RING_SIMPLE_CH8,2048,2048,2048,16,7,1048576,49,0,701.536,0.000,0.000,0.000,PASS,0
mh_comm_C2_RING_SIMPLE_CH8_N2048_q16_rep4,1,4,1,sm_89,COMM_ONLY,NCCL,C2_RING_SIMPLE_CH8,2048,2048,2048,16,8,1048576,49,0,781.568,0.000,0.000,0.000,PASS,0
mh_comm_C2_RING_SIMPLE_CH8_N2048_q16_rep4,1,4,1,sm_89,COMM_ONLY,NCCL,C2_RING_SIMPLE_CH8,2048,2048,2048,16,9,1048576,49,0,863.936,0.000,0.000,0.000,PASS,0
mh_comm_C2_RING_SIMPLE_CH8_N2048_q16_rep4,1,4,1,sm_89,COMM_ONLY,NCCL,C2_RING_SIMPLE_CH8,2048,2048,2048,16,10,1048576,49,0,945.344,0.000,0.000,0.000,PASS,0
mh_comm_C2_RING_SIMPLE_CH8_N2048_q16_rep4,1,4,1,sm_89,COMM_ONLY,NCCL,C2_RING_SIMPLE_CH8,2048,2048,2048,16,11,1048576,49,0,1028.000,0.000,0.000,0.000,PASS,0
mh_comm_C2_RING_SIMPLE_CH8_N2048_q16_rep4,1,4,1,sm_89,COMM_ONLY,NCCL,C2_RING_SIMPLE_CH8,2048,2048,2048,16,12,1048576,49,0,1119.520,0.000,0.000,0.000,PASS,0
mh_comm_C2_RING_SIMPLE_CH8_N2048_q16_rep4,1,4,1,sm_89,COMM_ONLY,NCCL,C2_RING_SIMPLE_CH8,2048,2048,2048,16,13,1048576,49,0,1213.760,0.000,0.000,0.000,PASS,0
mh_comm_C2_RING_SIMPLE_CH8_N2048_q16_rep4,1,4,1,sm_89,COMM_ONLY,NCCL,C2_RING_SIMPLE_CH8,2048,2048,2048,16,14,1048576,49,0,1295.040,0.000,0.000,0.000,PASS,0
mh_comm_C2_RING_SIMPLE_CH8_N2048_q16_rep4,1,4,1,sm_89,COMM_ONLY,NCCL,C2_RING_SIMPLE_CH8,2048,2048,2048,16,15,1048576,49,0,1375.808,0.000,0.000,0.000,PASS,0
