run_id,rank,rank_count,device,gfx_arch,path,family,candidate,M,N,K,q,slice_index,slice_bytes,iteration_index,t_issue_us,t_release_us,t_gemm_start_us,t_gemm_end_us,t_gemm_duration_us,correctness,status
PHASEB_formal_r1_C2_RING_SIMPLE_CH8_N2048_q16_rep5,1,4,1,sm_89,R1_EVENT_OVERLAP,NCCL,C2_RING_SIMPLE_CH8,2048,2048,2048,16,0,1048576,0,0,113.248,119.936,428.832,308.896,PASS,0
PHASEB_formal_r1_C2_RING_SIMPLE_CH8_N2048_q16_rep5,1,4,1,sm_89,R1_EVENT_OVERLAP,NCCL,C2_RING_SIMPLE_CH8,2048,2048,2048,16,1,1048576,0,0,197.984,432.160,706.464,274.304,PASS,0
PHASEB_formal_r1_C2_RING_SIMPLE_CH8_N2048_q16_rep5,1,4,1,sm_89,R1_EVENT_OVERLAP,NCCL,C2_RING_SIMPLE_CH8,2048,2048,2048,16,2,1048576,0,0,439.200,709.888,1014.528,304.640,PASS,0
PHASEB_formal_r1_C2_RING_SIMPLE_CH8_N2048_q16_rep5,1,4,1,sm_89,R1_EVENT_OVERLAP,NCCL,C2_RING_SIMPLE_CH8,2048,2048,2048,16,3,1048576,0,0,730.720,1018.016,1327.552,309.536,PASS,0
PHASEB_formal_r1_C2_RING_SIMPLE_CH8_N2048_q16_rep5,1,4,1,sm_89,R1_EVENT_OVERLAP,NCCL,C2_RING_SIMPLE_CH8,2048,2048,2048,16,4,1048576,0,0,988.928,1330.944,1645.216,314.272,PASS,0
PHASEB_formal_r1_C2_RING_SIMPLE_CH8_N2048_q16_rep5,1,4,1,sm_89,R1_EVENT_OVERLAP,NCCL,C2_RING_SIMPLE_CH8,2048,2048,2048,16,5,1048576,0,0,1077.856,1648.736,1958.432,309.696,PASS,0
PHASEB_formal_r1_C2_RING_SIMPLE_CH8_N2048_q16_rep5,1,4,1,sm_89,R1_EVENT_OVERLAP,NCCL,C2_RING_SIMPLE_CH8,2048,2048,2048,16,6,1048576,0,0,1317.120,1961.760,2236.128,274.368,PASS,0
PHASEB_formal_r1_C2_RING_SIMPLE_CH8_N2048_q16_rep5,1,4,1,sm_89,R1_EVENT_OVERLAP,NCCL,C2_RING_SIMPLE_CH8,2048,2048,2048,16,7,1048576,0,0,1417.632,2239.424,2545.856,306.432,PASS,0
PHASEB_formal_r1_C2_RING_SIMPLE_CH8_N2048_q16_rep5,1,4,1,sm_89,R1_EVENT_OVERLAP,NCCL,C2_RING_SIMPLE_CH8,2048,2048,2048,16,8,1048576,0,0,1673.152,2549.216,2823.072,273.856,PASS,0
PHASEB_formal_r1_C2_RING_SIMPLE_CH8_N2048_q16_rep5,1,4,1,sm_89,R1_EVENT_OVERLAP,NCCL,C2_RING_SIMPLE_CH8,2048,2048,2048,16,9,1048576,0,0,1979.648,2826.400,3133.664,307.264,PASS,0
PHASEB_formal_r1_C2_RING_SIMPLE_CH8_N2048_q16_rep5,1,4,1,sm_89,R1_EVENT_OVERLAP,NCCL,C2_RING_SIMPLE_CH8,2048,2048,2048,16,10,1048576,0,0,2283.392,3137.056,3408.736,271.680,PASS,0
PHASEB_formal_r1_C2_RING_SIMPLE_CH8_N2048_q16_rep5,1,4,1,sm_89,R1_EVENT_OVERLAP,NCCL,C2_RING_SIMPLE_CH8,2048,2048,2048,16,11,1048576,0,0,2570.176,3412.096,3716.288,304.192,PASS,0
PHASEB_formal_r1_C2_RING_SIMPLE_CH8_N2048_q16_rep5,1,4,1,sm_89,R1_EVENT_OVERLAP,NCCL,C2_RING_SIMPLE_CH8,2048,2048,2048,16,12,1048576,0,0,2871.744,3719.520,3979.296,259.776,PASS,0
PHASEB_formal_r1_C2_RING_SIMPLE_CH8_N2048_q16_rep5,1,4,1,sm_89,R1_EVENT_OVERLAP,NCCL,C2_RING_SIMPLE_CH8,2048,2048,2048,16,13,1048576,0,0,3158.784,3982.624,4241.472,258.848,PASS,0
PHASEB_formal_r1_C2_RING_SIMPLE_CH8_N2048_q16_rep5,1,4,1,sm_89,R1_EVENT_OVERLAP,NCCL,C2_RING_SIMPLE_CH8,2048,2048,2048,16,14,1048576,0,0,3459.104,4244.800,4504.512,259.712,PASS,0
PHASEB_formal_r1_C2_RING_SIMPLE_CH8_N2048_q16_rep5,1,4,1,sm_89,R1_EVENT_OVERLAP,NCCL,C2_RING_SIMPLE_CH8,2048,2048,2048,16,15,1048576,0,0,3746.720,4507.840,4766.560,258.720,PASS,0
PHASEB_formal_r1_C2_RING_SIMPLE_CH8_N2048_q16_rep5,1,4,1,sm_89,R1_EVENT_OVERLAP,NCCL,C2_RING_SIMPLE_CH8,2048,2048,2048,16,0,1048576,1,0,134.176,140.640,447.456,306.816,PASS,0
PHASEB_formal_r1_C2_RING_SIMPLE_CH8_N2048_q16_rep5,1,4,1,sm_89,R1_EVENT_OVERLAP,NCCL,C2_RING_SIMPLE_CH8,2048,2048,2048,16,1,1048576,1,0,223.360,451.072,727.296,276.224,PASS,0
PHASEB_formal_r1_C2_RING_SIMPLE_CH8_N2048_q16_rep5,1,4,1,sm_89,R1_EVENT_OVERLAP,NCCL,C2_RING_SIMPLE_CH8,2048,2048,2048,16,2,1048576,1,0,470.816,731.264,1045.632,314.368,PASS,0
PHASEB_formal_r1_C2_RING_SIMPLE_CH8_N2048_q16_rep5,1,4,1,sm_89,R1_EVENT_OVERLAP,NCCL,C2_RING_SIMPLE_CH8,2048,2048,2048,16,3,1048576,1,0,796.064,1048.960,1318.848,269.888,PASS,0
PHASEB_formal_r1_C2_RING_SIMPLE_CH8_N2048_q16_rep5,1,4,1,sm_89,R1_EVENT_OVERLAP,NCCL,C2_RING_SIMPLE_CH8,2048,2048,2048,16,4,1048576,1,0,1078.400,1322.176,1628.352,306.176,PASS,0
PHASEB_formal_r1_C2_RING_SIMPLE_CH8_N2048_q16_rep5,1,4,1,sm_89,R1_EVENT_OVERLAP,NCCL,C2_RING_SIMPLE_CH8,2048,2048,2048,16,5,1048576,1,0,1382.048,1631.712,1901.536,269.824,PASS,0
PHASEB_formal_r1_C2_RING_SIMPLE_CH8_N2048_q16_rep5,1,4,1,sm_89,R1_EVENT_OVERLAP,NCCL,C2_RING_SIMPLE_CH8,2048,2048,2048,16,6,1048576,1,0,1666.240,1904.864,2213.792,308.928,PASS,0
PHASEB_formal_r1_C2_RING_SIMPLE_CH8_N2048_q16_rep5,1,4,1,sm_89,R1_EVENT_OVERLAP,NCCL,C2_RING_SIMPLE_CH8,2048,2048,2048,16,7,1048576,1,0,1970.944,2217.120,2486.720,269.600,PASS,0
PHASEB_formal_r1_C2_RING_SIMPLE_CH8_N2048_q16_rep5,1,4,1,sm_89,R1_EVENT_OVERLAP,NCCL,C2_RING_SIMPLE_CH8,2048,2048,2048,16,8,1048576,1,0,2248.224,2490.016,2796.960,306.944,PASS,0
PHASEB_formal_r1_C2_RING_SIMPLE_CH8_N2048_q16_rep5,1,4,1,sm_89,R1_EVENT_OVERLAP,NCCL,C2_RING_SIMPLE_CH8,2048,2048,2048,16,9,1048576,1,0,2557.984,2800.320,3070.624,270.304,PASS,0
PHASEB_formal_r1_C2_RING_SIMPLE_CH8_N2048_q16_rep5,1,4,1,sm_89,R1_EVENT_OVERLAP,NCCL,C2_RING_SIMPLE_CH8,2048,2048,2048,16,10,1048576,1,0,2836.992,3073.824,3380.032,306.208,PASS,0
PHASEB_formal_r1_C2_RING_SIMPLE_CH8_N2048_q16_rep5,1,4,1,sm_89,R1_EVENT_OVERLAP,NCCL,C2_RING_SIMPLE_CH8,2048,2048,2048,16,11,1048576,1,0,3143.488,3383.456,3652.128,268.672,PASS,0
PHASEB_formal_r1_C2_RING_SIMPLE_CH8_N2048_q16_rep5,1,4,1,sm_89,R1_EVENT_OVERLAP,NCCL,C2_RING_SIMPLE_CH8,2048,2048,2048,16,12,1048576,1,0,3424.608,3655.584,3963.264,307.680,PASS,0
PHASEB_formal_r1_C2_RING_SIMPLE_CH8_N2048_q16_rep5,1,4,1,sm_89,R1_EVENT_OVERLAP,NCCL,C2_RING_SIMPLE_CH8,2048,2048,2048,16,13,1048576,1,0,3732.960,3966.592,4248.960,282.368,PASS,0
PHASEB_formal_r1_C2_RING_SIMPLE_CH8_N2048_q16_rep5,1,4,1,sm_89,R1_EVENT_OVERLAP,NCCL,C2_RING_SIMPLE_CH8,2048,2048,2048,16,14,1048576,1,0,3972.864,4252.352,4547.936,295.584,PASS,0
PHASEB_formal_r1_C2_RING_SIMPLE_CH8_N2048_q16_rep5,1,4,1,sm_89,R1_EVENT_OVERLAP,NCCL,C2_RING_SIMPLE_CH8,2048,2048,2048,16,15,1048576,1,0,4273.536,4551.264,4810.496,259.232,PASS,0
PHASEB_formal_r1_C2_RING_SIMPLE_CH8_N2048_q16_rep5,1,4,1,sm_89,R1_EVENT_OVERLAP,NCCL,C2_RING_SIMPLE_CH8,2048,2048,2048,16,0,1048576,2,0,116.832,123.264,432.032,308.768,PASS,0
PHASEB_formal_r1_C2_RING_SIMPLE_CH8_N2048_q16_rep5,1,4,1,sm_89,R1_EVENT_OVERLAP,NCCL,C2_RING_SIMPLE_CH8,2048,2048,2048,16,1,1048576,2,0,210.592,435.456,741.632,306.176,PASS,0
PHASEB_formal_r1_C2_RING_SIMPLE_CH8_N2048_q16_rep5,1,4,1,sm_89,R1_EVENT_OVERLAP,NCCL,C2_RING_SIMPLE_CH8,2048,2048,2048,16,2,1048576,2,0,453.280,744.960,1023.232,278.272,PASS,0
PHASEB_formal_r1_C2_RING_SIMPLE_CH8_N2048_q16_rep5,1,4,1,sm_89,R1_EVENT_OVERLAP,NCCL,C2_RING_SIMPLE_CH8,2048,2048,2048,16,3,1048576,2,0,763.968,1031.872,1343.872,312.000,PASS,0
PHASEB_formal_r1_C2_RING_SIMPLE_CH8_N2048_q16_rep5,1,4,1,sm_89,R1_EVENT_OVERLAP,NCCL,C2_RING_SIMPLE_CH8,2048,2048,2048,16,4,1048576,2,0,1077.280,1347.072,1616.576,269.504,PASS,0
PHASEB_formal_r1_C2_RING_SIMPLE_CH8_N2048_q16_rep5,1,4,1,sm_89,R1_EVENT_OVERLAP,NCCL,C2_RING_SIMPLE_CH8,2048,2048,2048,16,5,1048576,2,0,1371.456,1620.000,1891.104,271.104,PASS,0
PHASEB_formal_r1_C2_RING_SIMPLE_CH8_N2048_q16_rep5,1,4,1,sm_89,R1_EVENT_OVERLAP,NCCL,C2_RING_SIMPLE_CH8,2048,2048,2048,16,6,1048576,2,0,1671.296,1894.560,2199.936,305.376,PASS,0
PHASEB_formal_r1_C2_RING_SIMPLE_CH8_N2048_q16_rep5,1,4,1,sm_89,R1_EVENT_OVERLAP,NCCL,C2_RING_SIMPLE_CH8,2048,2048,2048,16,7,1048576,2,0,1975.520,2203.392,2473.888,270.496,PASS,0
PHASEB_formal_r1_C2_RING_SIMPLE_CH8_N2048_q16_rep5,1,4,1,sm_89,R1_EVENT_OVERLAP,NCCL,C2_RING_SIMPLE_CH8,2048,2048,2048,16,8,1048576,2,0,2249.184,2477.344,2751.040,273.696,PASS,0
PHASEB_formal_r1_C2_RING_SIMPLE_CH8_N2048_q16_rep5,1,4,1,sm_89,R1_EVENT_OVERLAP,NCCL,C2_RING_SIMPLE_CH8,2048,2048,2048,16,9,1048576,2,0,2536.960,2754.656,3063.744,309.088,PASS,0
PHASEB_formal_r1_C2_RING_SIMPLE_CH8_N2048_q16_rep5,1,4,1,sm_89,R1_EVENT_OVERLAP,NCCL,C2_RING_SIMPLE_CH8,2048,2048,2048,16,10,1048576,2,0,2809.440,3067.040,3340.288,273.248,PASS,0
PHASEB_formal_r1_C2_RING_SIMPLE_CH8_N2048_q16_rep5,1,4,1,sm_89,R1_EVENT_OVERLAP,NCCL,C2_RING_SIMPLE_CH8,2048,2048,2048,16,11,1048576,2,0,3091.392,3343.616,3647.168,303.552,PASS,0
PHASEB_formal_r1_C2_RING_SIMPLE_CH8_N2048_q16_rep5,1,4,1,sm_89,R1_EVENT_OVERLAP,NCCL,C2_RING_SIMPLE_CH8,2048,2048,2048,16,12,1048576,2,0,3394.144,3650.528,3921.760,271.232,PASS,0
PHASEB_formal_r1_C2_RING_SIMPLE_CH8_N2048_q16_rep5,1,4,1,sm_89,R1_EVENT_OVERLAP,NCCL,C2_RING_SIMPLE_CH8,2048,2048,2048,16,13,1048576,2,0,3676.416,3925.056,4229.792,304.736,PASS,0
PHASEB_formal_r1_C2_RING_SIMPLE_CH8_N2048_q16_rep5,1,4,1,sm_89,R1_EVENT_OVERLAP,NCCL,C2_RING_SIMPLE_CH8,2048,2048,2048,16,14,1048576,2,0,3978.400,4233.280,4494.080,260.800,PASS,0
PHASEB_formal_r1_C2_RING_SIMPLE_CH8_N2048_q16_rep5,1,4,1,sm_89,R1_EVENT_OVERLAP,NCCL,C2_RING_SIMPLE_CH8,2048,2048,2048,16,15,1048576,2,0,4259.136,4497.440,4755.456,258.016,PASS,0
PHASEB_formal_r1_C2_RING_SIMPLE_CH8_N2048_q16_rep5,1,4,1,sm_89,R1_EVENT_OVERLAP,NCCL,C2_RING_SIMPLE_CH8,2048,2048,2048,16,0,1048576,3,0,137.856,144.416,460.032,315.616,PASS,0
PHASEB_formal_r1_C2_RING_SIMPLE_CH8_N2048_q16_rep5,1,4,1,sm_89,R1_EVENT_OVERLAP,NCCL,C2_RING_SIMPLE_CH8,2048,2048,2048,16,1,1048576,3,0,228.768,463.424,768.224,304.800,PASS,0
PHASEB_formal_r1_C2_RING_SIMPLE_CH8_N2048_q16_rep5,1,4,1,sm_89,R1_EVENT_OVERLAP,NCCL,C2_RING_SIMPLE_CH8,2048,2048,2048,16,2,1048576,3,0,479.136,772.736,1040.704,267.968,PASS,0
PHASEB_formal_r1_C2_RING_SIMPLE_CH8_N2048_q16_rep5,1,4,1,sm_89,R1_EVENT_OVERLAP,NCCL,C2_RING_SIMPLE_CH8,2048,2048,2048,16,3,1048576,3,0,792.832,1043.904,1353.600,309.696,PASS,0
PHASEB_formal_r1_C2_RING_SIMPLE_CH8_N2048_q16_rep5,1,4,1,sm_89,R1_EVENT_OVERLAP,NCCL,C2_RING_SIMPLE_CH8,2048,2048,2048,16,4,1048576,3,0,1104.416,1356.960,1635.296,278.336,PASS,0
PHASEB_formal_r1_C2_RING_SIMPLE_CH8_N2048_q16_rep5,1,4,1,sm_89,R1_EVENT_OVERLAP,NCCL,C2_RING_SIMPLE_CH8,2048,2048,2048,16,5,1048576,3,0,1382.272,1638.592,1944.064,305.472,PASS,0
PHASEB_formal_r1_C2_RING_SIMPLE_CH8_N2048_q16_rep5,1,4,1,sm_89,R1_EVENT_OVERLAP,NCCL,C2_RING_SIMPLE_CH8,2048,2048,2048,16,6,1048576,3,0,1687.968,1947.296,2219.936,272.640,PASS,0
PHASEB_formal_r1_C2_RING_SIMPLE_CH8_N2048_q16_rep5,1,4,1,sm_89,R1_EVENT_OVERLAP,NCCL,C2_RING_SIMPLE_CH8,2048,2048,2048,16,7,1048576,3,0,1974.496,2223.232,2528.064,304.832,PASS,0
PHASEB_formal_r1_C2_RING_SIMPLE_CH8_N2048_q16_rep5,1,4,1,sm_89,R1_EVENT_OVERLAP,NCCL,C2_RING_SIMPLE_CH8,2048,2048,2048,16,8,1048576,3,0,2271.584,2531.456,2803.072,271.616,PASS,0
PHASEB_formal_r1_C2_RING_SIMPLE_CH8_N2048_q16_rep5,1,4,1,sm_89,R1_EVENT_OVERLAP,NCCL,C2_RING_SIMPLE_CH8,2048,2048,2048,16,9,1048576,3,0,2560.512,2806.432,3112.864,306.432,PASS,0
PHASEB_formal_r1_C2_RING_SIMPLE_CH8_N2048_q16_rep5,1,4,1,sm_89,R1_EVENT_OVERLAP,NCCL,C2_RING_SIMPLE_CH8,2048,2048,2048,16,10,1048576,3,0,2854.016,3116.192,3384.224,268.032,PASS,0
PHASEB_formal_r1_C2_RING_SIMPLE_CH8_N2048_q16_rep5,1,4,1,sm_89,R1_EVENT_OVERLAP,NCCL,C2_RING_SIMPLE_CH8,2048,2048,2048,16,11,1048576,3,0,3134.496,3387.680,3691.264,303.584,PASS,0
PHASEB_formal_r1_C2_RING_SIMPLE_CH8_N2048_q16_rep5,1,4,1,sm_89,R1_EVENT_OVERLAP,NCCL,C2_RING_SIMPLE_CH8,2048,2048,2048,16,12,1048576,3,0,3442.144,3694.560,3969.792,275.232,PASS,0
PHASEB_formal_r1_C2_RING_SIMPLE_CH8_N2048_q16_rep5,1,4,1,sm_89,R1_EVENT_OVERLAP,NCCL,C2_RING_SIMPLE_CH8,2048,2048,2048,16,13,1048576,3,0,3720.736,3973.152,4278.432,305.280,PASS,0
PHASEB_formal_r1_C2_RING_SIMPLE_CH8_N2048_q16_rep5,1,4,1,sm_89,R1_EVENT_OVERLAP,NCCL,C2_RING_SIMPLE_CH8,2048,2048,2048,16,14,1048576,3,0,4027.872,4281.696,4541.184,259.488,PASS,0
PHASEB_formal_r1_C2_RING_SIMPLE_CH8_N2048_q16_rep5,1,4,1,sm_89,R1_EVENT_OVERLAP,NCCL,C2_RING_SIMPLE_CH8,2048,2048,2048,16,15,1048576,3,0,4306.368,4544.448,4803.232,258.784,PASS,0
PHASEB_formal_r1_C2_RING_SIMPLE_CH8_N2048_q16_rep5,1,4,1,sm_89,R1_EVENT_OVERLAP,NCCL,C2_RING_SIMPLE_CH8,2048,2048,2048,16,0,1048576,4,0,122.144,128.384,437.440,309.056,PASS,0
PHASEB_formal_r1_C2_RING_SIMPLE_CH8_N2048_q16_rep5,1,4,1,sm_89,R1_EVENT_OVERLAP,NCCL,C2_RING_SIMPLE_CH8,2048,2048,2048,16,1,1048576,4,0,220.160,441.024,755.424,314.400,PASS,0
PHASEB_formal_r1_C2_RING_SIMPLE_CH8_N2048_q16_rep5,1,4,1,sm_89,R1_EVENT_OVERLAP,NCCL,C2_RING_SIMPLE_CH8,2048,2048,2048,16,2,1048576,4,0,459.008,758.720,1036.576,277.856,PASS,0
PHASEB_formal_r1_C2_RING_SIMPLE_CH8_N2048_q16_rep5,1,4,1,sm_89,R1_EVENT_OVERLAP,NCCL,C2_RING_SIMPLE_CH8,2048,2048,2048,16,3,1048576,4,0,776.000,1039.904,1344.448,304.544,PASS,0
PHASEB_formal_r1_C2_RING_SIMPLE_CH8_N2048_q16_rep5,1,4,1,sm_89,R1_EVENT_OVERLAP,NCCL,C2_RING_SIMPLE_CH8,2048,2048,2048,16,4,1048576,4,0,1088.640,1348.128,1616.512,268.384,PASS,0
PHASEB_formal_r1_C2_RING_SIMPLE_CH8_N2048_q16_rep5,1,4,1,sm_89,R1_EVENT_OVERLAP,NCCL,C2_RING_SIMPLE_CH8,2048,2048,2048,16,5,1048576,4,0,1378.528,1620.256,1924.800,304.544,PASS,0
PHASEB_formal_r1_C2_RING_SIMPLE_CH8_N2048_q16_rep5,1,4,1,sm_89,R1_EVENT_OVERLAP,NCCL,C2_RING_SIMPLE_CH8,2048,2048,2048,16,6,1048576,4,0,1674.272,1928.160,2199.360,271.200,PASS,0
PHASEB_formal_r1_C2_RING_SIMPLE_CH8_N2048_q16_rep5,1,4,1,sm_89,R1_EVENT_OVERLAP,NCCL,C2_RING_SIMPLE_CH8,2048,2048,2048,16,7,1048576,4,0,1965.344,2202.656,2506.432,303.776,PASS,0
PHASEB_formal_r1_C2_RING_SIMPLE_CH8_N2048_q16_rep5,1,4,1,sm_89,R1_EVENT_OVERLAP,NCCL,C2_RING_SIMPLE_CH8,2048,2048,2048,16,8,1048576,4,0,2258.976,2510.272,2780.672,270.400,PASS,0
PHASEB_formal_r1_C2_RING_SIMPLE_CH8_N2048_q16_rep5,1,4,1,sm_89,R1_EVENT_OVERLAP,NCCL,C2_RING_SIMPLE_CH8,2048,2048,2048,16,9,1048576,4,0,2555.808,2783.968,3090.784,306.816,PASS,0
PHASEB_formal_r1_C2_RING_SIMPLE_CH8_N2048_q16_rep5,1,4,1,sm_89,R1_EVENT_OVERLAP,NCCL,C2_RING_SIMPLE_CH8,2048,2048,2048,16,10,1048576,4,0,2844.576,3094.080,3363.872,269.792,PASS,0
PHASEB_formal_r1_C2_RING_SIMPLE_CH8_N2048_q16_rep5,1,4,1,sm_89,R1_EVENT_OVERLAP,NCCL,C2_RING_SIMPLE_CH8,2048,2048,2048,16,11,1048576,4,0,3145.888,3367.296,3674.272,306.976,PASS,0
PHASEB_formal_r1_C2_RING_SIMPLE_CH8_N2048_q16_rep5,1,4,1,sm_89,R1_EVENT_OVERLAP,NCCL,C2_RING_SIMPLE_CH8,2048,2048,2048,16,12,1048576,4,0,3439.040,3677.920,3947.360,269.440,PASS,0
PHASEB_formal_r1_C2_RING_SIMPLE_CH8_N2048_q16_rep5,1,4,1,sm_89,R1_EVENT_OVERLAP,NCCL,C2_RING_SIMPLE_CH8,2048,2048,2048,16,13,1048576,4,0,3712.320,3950.560,4219.232,268.672,PASS,0
PHASEB_formal_r1_C2_RING_SIMPLE_CH8_N2048_q16_rep5,1,4,1,sm_89,R1_EVENT_OVERLAP,NCCL,C2_RING_SIMPLE_CH8,2048,2048,2048,16,14,1048576,4,0,4006.400,4222.560,4519.360,296.800,PASS,0
PHASEB_formal_r1_C2_RING_SIMPLE_CH8_N2048_q16_rep5,1,4,1,sm_89,R1_EVENT_OVERLAP,NCCL,C2_RING_SIMPLE_CH8,2048,2048,2048,16,15,1048576,4,0,4294.368,4522.720,4780.864,258.144,PASS,0
PHASEB_formal_r1_C2_RING_SIMPLE_CH8_N2048_q16_rep5,1,4,1,sm_89,R1_EVENT_OVERLAP,NCCL,C2_RING_SIMPLE_CH8,2048,2048,2048,16,0,1048576,5,0,134.336,140.704,450.592,309.888,PASS,0
PHASEB_formal_r1_C2_RING_SIMPLE_CH8_N2048_q16_rep5,1,4,1,sm_89,R1_EVENT_OVERLAP,NCCL,C2_RING_SIMPLE_CH8,2048,2048,2048,16,1,1048576,5,0,264.000,454.176,762.400,308.224,PASS,0
PHASEB_formal_r1_C2_RING_SIMPLE_CH8_N2048_q16_rep5,1,4,1,sm_89,R1_EVENT_OVERLAP,NCCL,C2_RING_SIMPLE_CH8,2048,2048,2048,16,2,1048576,5,0,474.784,765.920,1037.568,271.648,PASS,0
PHASEB_formal_r1_C2_RING_SIMPLE_CH8_N2048_q16_rep5,1,4,1,sm_89,R1_EVENT_OVERLAP,NCCL,C2_RING_SIMPLE_CH8,2048,2048,2048,16,3,1048576,5,0,796.512,1041.248,1352.928,311.680,PASS,0
PHASEB_formal_r1_C2_RING_SIMPLE_CH8_N2048_q16_rep5,1,4,1,sm_89,R1_EVENT_OVERLAP,NCCL,C2_RING_SIMPLE_CH8,2048,2048,2048,16,4,1048576,5,0,1091.840,1356.256,1628.000,271.744,PASS,0
PHASEB_formal_r1_C2_RING_SIMPLE_CH8_N2048_q16_rep5,1,4,1,sm_89,R1_EVENT_OVERLAP,NCCL,C2_RING_SIMPLE_CH8,2048,2048,2048,16,5,1048576,5,0,1392.992,1631.360,1934.752,303.392,PASS,0
PHASEB_formal_r1_C2_RING_SIMPLE_CH8_N2048_q16_rep5,1,4,1,sm_89,R1_EVENT_OVERLAP,NCCL,C2_RING_SIMPLE_CH8,2048,2048,2048,16,6,1048576,5,0,1692.480,1938.784,2213.376,274.592,PASS,0
PHASEB_formal_r1_C2_RING_SIMPLE_CH8_N2048_q16_rep5,1,4,1,sm_89,R1_EVENT_OVERLAP,NCCL,C2_RING_SIMPLE_CH8,2048,2048,2048,16,7,1048576,5,0,1975.744,2216.896,2495.456,278.560,PASS,0
PHASEB_formal_r1_C2_RING_SIMPLE_CH8_N2048_q16_rep5,1,4,1,sm_89,R1_EVENT_OVERLAP,NCCL,C2_RING_SIMPLE_CH8,2048,2048,2048,16,8,1048576,5,0,2274.496,2499.008,2806.432,307.424,PASS,0
PHASEB_formal_r1_C2_RING_SIMPLE_CH8_N2048_q16_rep5,1,4,1,sm_89,R1_EVENT_OVERLAP,NCCL,C2_RING_SIMPLE_CH8,2048,2048,2048,16,9,1048576,5,0,2548.192,2809.792,3078.880,269.088,PASS,0
PHASEB_formal_r1_C2_RING_SIMPLE_CH8_N2048_q16_rep5,1,4,1,sm_89,R1_EVENT_OVERLAP,NCCL,C2_RING_SIMPLE_CH8,2048,2048,2048,16,10,1048576,5,0,2826.368,3082.240,3350.944,268.704,PASS,0
PHASEB_formal_r1_C2_RING_SIMPLE_CH8_N2048_q16_rep5,1,4,1,sm_89,R1_EVENT_OVERLAP,NCCL,C2_RING_SIMPLE_CH8,2048,2048,2048,16,11,1048576,5,0,3137.472,3354.272,3661.600,307.328,PASS,0
PHASEB_formal_r1_C2_RING_SIMPLE_CH8_N2048_q16_rep5,1,4,1,sm_89,R1_EVENT_OVERLAP,NCCL,C2_RING_SIMPLE_CH8,2048,2048,2048,16,12,1048576,5,0,3410.496,3664.896,3935.296,270.400,PASS,0
PHASEB_formal_r1_C2_RING_SIMPLE_CH8_N2048_q16_rep5,1,4,1,sm_89,R1_EVENT_OVERLAP,NCCL,C2_RING_SIMPLE_CH8,2048,2048,2048,16,13,1048576,5,0,3695.904,3938.528,4208.032,269.504,PASS,0
PHASEB_formal_r1_C2_RING_SIMPLE_CH8_N2048_q16_rep5,1,4,1,sm_89,R1_EVENT_OVERLAP,NCCL,C2_RING_SIMPLE_CH8,2048,2048,2048,16,14,1048576,5,0,3997.568,4211.328,4508.064,296.736,PASS,0
PHASEB_formal_r1_C2_RING_SIMPLE_CH8_N2048_q16_rep5,1,4,1,sm_89,R1_EVENT_OVERLAP,NCCL,C2_RING_SIMPLE_CH8,2048,2048,2048,16,15,1048576,5,0,4272.288,4511.424,4770.848,259.424,PASS,0
PHASEB_formal_r1_C2_RING_SIMPLE_CH8_N2048_q16_rep5,1,4,1,sm_89,R1_EVENT_OVERLAP,NCCL,C2_RING_SIMPLE_CH8,2048,2048,2048,16,0,1048576,6,0,126.624,133.152,440.992,307.840,PASS,0
PHASEB_formal_r1_C2_RING_SIMPLE_CH8_N2048_q16_rep5,1,4,1,sm_89,R1_EVENT_OVERLAP,NCCL,C2_RING_SIMPLE_CH8,2048,2048,2048,16,1,1048576,6,0,213.984,444.288,728.864,284.576,PASS,0
PHASEB_formal_r1_C2_RING_SIMPLE_CH8_N2048_q16_rep5,1,4,1,sm_89,R1_EVENT_OVERLAP,NCCL,C2_RING_SIMPLE_CH8,2048,2048,2048,16,2,1048576,6,0,452.000,732.128,1048.352,316.224,PASS,0
PHASEB_formal_r1_C2_RING_SIMPLE_CH8_N2048_q16_rep5,1,4,1,sm_89,R1_EVENT_OVERLAP,NCCL,C2_RING_SIMPLE_CH8,2048,2048,2048,16,3,1048576,6,0,766.816,1052.064,1372.896,320.832,PASS,0
PHASEB_formal_r1_C2_RING_SIMPLE_CH8_N2048_q16_rep5,1,4,1,sm_89,R1_EVENT_OVERLAP,NCCL,C2_RING_SIMPLE_CH8,2048,2048,2048,16,4,1048576,6,0,1022.432,1376.224,1681.664,305.440,PASS,0
PHASEB_formal_r1_C2_RING_SIMPLE_CH8_N2048_q16_rep5,1,4,1,sm_89,R1_EVENT_OVERLAP,NCCL,C2_RING_SIMPLE_CH8,2048,2048,2048,16,5,1048576,6,0,1118.272,1684.960,1990.560,305.600,PASS,0
PHASEB_formal_r1_C2_RING_SIMPLE_CH8_N2048_q16_rep5,1,4,1,sm_89,R1_EVENT_OVERLAP,NCCL,C2_RING_SIMPLE_CH8,2048,2048,2048,16,6,1048576,6,0,1365.760,1994.336,2266.496,272.160,PASS,0
PHASEB_formal_r1_C2_RING_SIMPLE_CH8_N2048_q16_rep5,1,4,1,sm_89,R1_EVENT_OVERLAP,NCCL,C2_RING_SIMPLE_CH8,2048,2048,2048,16,7,1048576,6,0,1463.072,2270.112,2577.056,306.944,PASS,0
PHASEB_formal_r1_C2_RING_SIMPLE_CH8_N2048_q16_rep5,1,4,1,sm_89,R1_EVENT_OVERLAP,NCCL,C2_RING_SIMPLE_CH8,2048,2048,2048,16,8,1048576,6,0,1703.552,2580.480,2851.584,271.104,PASS,0
PHASEB_formal_r1_C2_RING_SIMPLE_CH8_N2048_q16_rep5,1,4,1,sm_89,R1_EVENT_OVERLAP,NCCL,C2_RING_SIMPLE_CH8,2048,2048,2048,16,9,1048576,6,0,2014.336,2855.264,3158.016,302.752,PASS,0
PHASEB_formal_r1_C2_RING_SIMPLE_CH8_N2048_q16_rep5,1,4,1,sm_89,R1_EVENT_OVERLAP,NCCL,C2_RING_SIMPLE_CH8,2048,2048,2048,16,10,1048576,6,0,2328.000,3161.824,3437.472,275.648,PASS,0
PHASEB_formal_r1_C2_RING_SIMPLE_CH8_N2048_q16_rep5,1,4,1,sm_89,R1_EVENT_OVERLAP,NCCL,C2_RING_SIMPLE_CH8,2048,2048,2048,16,11,1048576,6,0,2608.256,3441.536,3745.344,303.808,PASS,0
PHASEB_formal_r1_C2_RING_SIMPLE_CH8_N2048_q16_rep5,1,4,1,sm_89,R1_EVENT_OVERLAP,NCCL,C2_RING_SIMPLE_CH8,2048,2048,2048,16,12,1048576,6,0,2905.216,3748.768,4010.112,261.344,PASS,0
PHASEB_formal_r1_C2_RING_SIMPLE_CH8_N2048_q16_rep5,1,4,1,sm_89,R1_EVENT_OVERLAP,NCCL,C2_RING_SIMPLE_CH8,2048,2048,2048,16,13,1048576,6,0,3198.976,4013.760,4273.088,259.328,PASS,0
PHASEB_formal_r1_C2_RING_SIMPLE_CH8_N2048_q16_rep5,1,4,1,sm_89,R1_EVENT_OVERLAP,NCCL,C2_RING_SIMPLE_CH8,2048,2048,2048,16,14,1048576,6,0,3490.432,4276.448,4536.352,259.904,PASS,0
PHASEB_formal_r1_C2_RING_SIMPLE_CH8_N2048_q16_rep5,1,4,1,sm_89,R1_EVENT_OVERLAP,NCCL,C2_RING_SIMPLE_CH8,2048,2048,2048,16,15,1048576,6,0,3785.440,4539.680,4797.248,257.568,PASS,0
PHASEB_formal_r1_C2_RING_SIMPLE_CH8_N2048_q16_rep5,1,4,1,sm_89,R1_EVENT_OVERLAP,NCCL,C2_RING_SIMPLE_CH8,2048,2048,2048,16,0,1048576,7,0,136.096,142.688,453.216,310.528,PASS,0
PHASEB_formal_r1_C2_RING_SIMPLE_CH8_N2048_q16_rep5,1,4,1,sm_89,R1_EVENT_OVERLAP,NCCL,C2_RING_SIMPLE_CH8,2048,2048,2048,16,1,1048576,7,0,225.120,456.480,739.072,282.592,PASS,0
PHASEB_formal_r1_C2_RING_SIMPLE_CH8_N2048_q16_rep5,1,4,1,sm_89,R1_EVENT_OVERLAP,NCCL,C2_RING_SIMPLE_CH8,2048,2048,2048,16,2,1048576,7,0,475.168,749.696,1062.880,313.184,PASS,0
PHASEB_formal_r1_C2_RING_SIMPLE_CH8_N2048_q16_rep5,1,4,1,sm_89,R1_EVENT_OVERLAP,NCCL,C2_RING_SIMPLE_CH8,2048,2048,2048,16,3,1048576,7,0,802.112,1066.112,1373.088,306.976,PASS,0
PHASEB_formal_r1_C2_RING_SIMPLE_CH8_N2048_q16_rep5,1,4,1,sm_89,R1_EVENT_OVERLAP,NCCL,C2_RING_SIMPLE_CH8,2048,2048,2048,16,4,1048576,7,0,1040.640,1376.384,1645.376,268.992,PASS,0
PHASEB_formal_r1_C2_RING_SIMPLE_CH8_N2048_q16_rep5,1,4,1,sm_89,R1_EVENT_OVERLAP,NCCL,C2_RING_SIMPLE_CH8,2048,2048,2048,16,5,1048576,7,0,1129.472,1648.672,1958.176,309.504,PASS,0
PHASEB_formal_r1_C2_RING_SIMPLE_CH8_N2048_q16_rep5,1,4,1,sm_89,R1_EVENT_OVERLAP,NCCL,C2_RING_SIMPLE_CH8,2048,2048,2048,16,6,1048576,7,0,1382.464,1961.664,2270.112,308.448,PASS,0
PHASEB_formal_r1_C2_RING_SIMPLE_CH8_N2048_q16_rep5,1,4,1,sm_89,R1_EVENT_OVERLAP,NCCL,C2_RING_SIMPLE_CH8,2048,2048,2048,16,7,1048576,7,0,1675.104,2273.920,2580.576,306.656,PASS,0
PHASEB_formal_r1_C2_RING_SIMPLE_CH8_N2048_q16_rep5,1,4,1,sm_89,R1_EVENT_OVERLAP,NCCL,C2_RING_SIMPLE_CH8,2048,2048,2048,16,8,1048576,7,0,1935.232,2584.032,2863.040,279.008,PASS,0
PHASEB_formal_r1_C2_RING_SIMPLE_CH8_N2048_q16_rep5,1,4,1,sm_89,R1_EVENT_OVERLAP,NCCL,C2_RING_SIMPLE_CH8,2048,2048,2048,16,9,1048576,7,0,2024.352,2866.720,3175.776,309.056,PASS,0
PHASEB_formal_r1_C2_RING_SIMPLE_CH8_N2048_q16_rep5,1,4,1,sm_89,R1_EVENT_OVERLAP,NCCL,C2_RING_SIMPLE_CH8,2048,2048,2048,16,10,1048576,7,0,2262.816,3179.104,3475.936,296.832,PASS,0
PHASEB_formal_r1_C2_RING_SIMPLE_CH8_N2048_q16_rep5,1,4,1,sm_89,R1_EVENT_OVERLAP,NCCL,C2_RING_SIMPLE_CH8,2048,2048,2048,16,11,1048576,7,0,2350.592,3479.264,3739.104,259.840,PASS,0
PHASEB_formal_r1_C2_RING_SIMPLE_CH8_N2048_q16_rep5,1,4,1,sm_89,R1_EVENT_OVERLAP,NCCL,C2_RING_SIMPLE_CH8,2048,2048,2048,16,12,1048576,7,0,2590.752,3742.688,4002.080,259.392,PASS,0
PHASEB_formal_r1_C2_RING_SIMPLE_CH8_N2048_q16_rep5,1,4,1,sm_89,R1_EVENT_OVERLAP,NCCL,C2_RING_SIMPLE_CH8,2048,2048,2048,16,13,1048576,7,0,2894.016,4005.408,4265.664,260.256,PASS,0
PHASEB_formal_r1_C2_RING_SIMPLE_CH8_N2048_q16_rep5,1,4,1,sm_89,R1_EVENT_OVERLAP,NCCL,C2_RING_SIMPLE_CH8,2048,2048,2048,16,14,1048576,7,0,3144.064,4268.992,4528.384,259.392,PASS,0
PHASEB_formal_r1_C2_RING_SIMPLE_CH8_N2048_q16_rep5,1,4,1,sm_89,R1_EVENT_OVERLAP,NCCL,C2_RING_SIMPLE_CH8,2048,2048,2048,16,15,1048576,7,0,3236.160,4531.744,4791.136,259.392,PASS,0
PHASEB_formal_r1_C2_RING_SIMPLE_CH8_N2048_q16_rep5,1,4,1,sm_89,R1_EVENT_OVERLAP,NCCL,C2_RING_SIMPLE_CH8,2048,2048,2048,16,0,1048576,8,0,122.432,128.672,438.272,309.600,PASS,0
PHASEB_formal_r1_C2_RING_SIMPLE_CH8_N2048_q16_rep5,1,4,1,sm_89,R1_EVENT_OVERLAP,NCCL,C2_RING_SIMPLE_CH8,2048,2048,2048,16,1,1048576,8,0,208.704,441.824,716.704,274.880,PASS,0
PHASEB_formal_r1_C2_RING_SIMPLE_CH8_N2048_q16_rep5,1,4,1,sm_89,R1_EVENT_OVERLAP,NCCL,C2_RING_SIMPLE_CH8,2048,2048,2048,16,2,1048576,8,0,448.160,720.000,1024.416,304.416,PASS,0
PHASEB_formal_r1_C2_RING_SIMPLE_CH8_N2048_q16_rep5,1,4,1,sm_89,R1_EVENT_OVERLAP,NCCL,C2_RING_SIMPLE_CH8,2048,2048,2048,16,3,1048576,8,0,738.784,1027.872,1336.960,309.088,PASS,0
PHASEB_formal_r1_C2_RING_SIMPLE_CH8_N2048_q16_rep5,1,4,1,sm_89,R1_EVENT_OVERLAP,NCCL,C2_RING_SIMPLE_CH8,2048,2048,2048,16,4,1048576,8,0,1002.592,1340.576,1620.544,279.968,PASS,0
PHASEB_formal_r1_C2_RING_SIMPLE_CH8_N2048_q16_rep5,1,4,1,sm_89,R1_EVENT_OVERLAP,NCCL,C2_RING_SIMPLE_CH8,2048,2048,2048,16,5,1048576,8,0,1104.960,1623.840,1929.760,305.920,PASS,0
PHASEB_formal_r1_C2_RING_SIMPLE_CH8_N2048_q16_rep5,1,4,1,sm_89,R1_EVENT_OVERLAP,NCCL,C2_RING_SIMPLE_CH8,2048,2048,2048,16,6,1048576,8,0,1347.488,1933.056,2245.120,312.064,PASS,0
PHASEB_formal_r1_C2_RING_SIMPLE_CH8_N2048_q16_rep5,1,4,1,sm_89,R1_EVENT_OVERLAP,NCCL,C2_RING_SIMPLE_CH8,2048,2048,2048,16,7,1048576,8,0,1658.528,2248.480,2526.336,277.856,PASS,0
PHASEB_formal_r1_C2_RING_SIMPLE_CH8_N2048_q16_rep5,1,4,1,sm_89,R1_EVENT_OVERLAP,NCCL,C2_RING_SIMPLE_CH8,2048,2048,2048,16,8,1048576,8,0,1905.664,2529.568,2836.192,306.624,PASS,0
PHASEB_formal_r1_C2_RING_SIMPLE_CH8_N2048_q16_rep5,1,4,1,sm_89,R1_EVENT_OVERLAP,NCCL,C2_RING_SIMPLE_CH8,2048,2048,2048,16,9,1048576,8,0,2005.504,2839.424,3153.568,314.144,PASS,0
PHASEB_formal_r1_C2_RING_SIMPLE_CH8_N2048_q16_rep5,1,4,1,sm_89,R1_EVENT_OVERLAP,NCCL,C2_RING_SIMPLE_CH8,2048,2048,2048,16,10,1048576,8,0,2255.200,3156.864,3460.672,303.808,PASS,0
PHASEB_formal_r1_C2_RING_SIMPLE_CH8_N2048_q16_rep5,1,4,1,sm_89,R1_EVENT_OVERLAP,NCCL,C2_RING_SIMPLE_CH8,2048,2048,2048,16,11,1048576,8,0,2556.832,3464.032,3722.528,258.496,PASS,0
PHASEB_formal_r1_C2_RING_SIMPLE_CH8_N2048_q16_rep5,1,4,1,sm_89,R1_EVENT_OVERLAP,NCCL,C2_RING_SIMPLE_CH8,2048,2048,2048,16,12,1048576,8,0,2804.096,3725.856,3985.792,259.936,PASS,0
PHASEB_formal_r1_C2_RING_SIMPLE_CH8_N2048_q16_rep5,1,4,1,sm_89,R1_EVENT_OVERLAP,NCCL,C2_RING_SIMPLE_CH8,2048,2048,2048,16,13,1048576,8,0,2928.000,3989.120,4247.936,258.816,PASS,0
PHASEB_formal_r1_C2_RING_SIMPLE_CH8_N2048_q16_rep5,1,4,1,sm_89,R1_EVENT_OVERLAP,NCCL,C2_RING_SIMPLE_CH8,2048,2048,2048,16,14,1048576,8,0,3175.968,4251.264,4511.104,259.840,PASS,0
PHASEB_formal_r1_C2_RING_SIMPLE_CH8_N2048_q16_rep5,1,4,1,sm_89,R1_EVENT_OVERLAP,NCCL,C2_RING_SIMPLE_CH8,2048,2048,2048,16,15,1048576,8,0,3453.312,4514.432,4772.896,258.464,PASS,0
PHASEB_formal_r1_C2_RING_SIMPLE_CH8_N2048_q16_rep5,1,4,1,sm_89,R1_EVENT_OVERLAP,NCCL,C2_RING_SIMPLE_CH8,2048,2048,2048,16,0,1048576,9,0,133.632,139.872,450.304,310.432,PASS,0
PHASEB_formal_r1_C2_RING_SIMPLE_CH8_N2048_q16_rep5,1,4,1,sm_89,R1_EVENT_OVERLAP,NCCL,C2_RING_SIMPLE_CH8,2048,2048,2048,16,1,1048576,9,0,222.400,453.536,729.088,275.552,PASS,0
PHASEB_formal_r1_C2_RING_SIMPLE_CH8_N2048_q16_rep5,1,4,1,sm_89,R1_EVENT_OVERLAP,NCCL,C2_RING_SIMPLE_CH8,2048,2048,2048,16,2,1048576,9,0,459.872,738.080,1048.256,310.176,PASS,0
PHASEB_formal_r1_C2_RING_SIMPLE_CH8_N2048_q16_rep5,1,4,1,sm_89,R1_EVENT_OVERLAP,NCCL,C2_RING_SIMPLE_CH8,2048,2048,2048,16,3,1048576,9,0,767.200,1052.576,1365.920,313.344,PASS,0
PHASEB_formal_r1_C2_RING_SIMPLE_CH8_N2048_q16_rep5,1,4,1,sm_89,R1_EVENT_OVERLAP,NCCL,C2_RING_SIMPLE_CH8,2048,2048,2048,16,4,1048576,9,0,1025.376,1369.280,1691.264,321.984,PASS,0
PHASEB_formal_r1_C2_RING_SIMPLE_CH8_N2048_q16_rep5,1,4,1,sm_89,R1_EVENT_OVERLAP,NCCL,C2_RING_SIMPLE_CH8,2048,2048,2048,16,5,1048576,9,0,1114.784,1694.656,1966.304,271.648,PASS,0
PHASEB_formal_r1_C2_RING_SIMPLE_CH8_N2048_q16_rep5,1,4,1,sm_89,R1_EVENT_OVERLAP,NCCL,C2_RING_SIMPLE_CH8,2048,2048,2048,16,6,1048576,9,0,1356.384,1969.536,2283.360,313.824,PASS,0
PHASEB_formal_r1_C2_RING_SIMPLE_CH8_N2048_q16_rep5,1,4,1,sm_89,R1_EVENT_OVERLAP,NCCL,C2_RING_SIMPLE_CH8,2048,2048,2048,16,7,1048576,9,0,1458.848,2286.752,2600.480,313.728,PASS,0
PHASEB_formal_r1_C2_RING_SIMPLE_CH8_N2048_q16_rep5,1,4,1,sm_89,R1_EVENT_OVERLAP,NCCL,C2_RING_SIMPLE_CH8,2048,2048,2048,16,8,1048576,9,0,1710.848,2603.808,2913.024,309.216,PASS,0
PHASEB_formal_r1_C2_RING_SIMPLE_CH8_N2048_q16_rep5,1,4,1,sm_89,R1_EVENT_OVERLAP,NCCL,C2_RING_SIMPLE_CH8,2048,2048,2048,16,9,1048576,9,0,2026.688,2916.448,3224.320,307.872,PASS,0
PHASEB_formal_r1_C2_RING_SIMPLE_CH8_N2048_q16_rep5,1,4,1,sm_89,R1_EVENT_OVERLAP,NCCL,C2_RING_SIMPLE_CH8,2048,2048,2048,16,10,1048576,9,0,2259.936,3227.840,3487.424,259.584,PASS,0
PHASEB_formal_r1_C2_RING_SIMPLE_CH8_N2048_q16_rep5,1,4,1,sm_89,R1_EVENT_OVERLAP,NCCL,C2_RING_SIMPLE_CH8,2048,2048,2048,16,11,1048576,9,0,2349.792,3490.784,3750.432,259.648,PASS,0
PHASEB_formal_r1_C2_RING_SIMPLE_CH8_N2048_q16_rep5,1,4,1,sm_89,R1_EVENT_OVERLAP,NCCL,C2_RING_SIMPLE_CH8,2048,2048,2048,16,12,1048576,9,0,2593.312,3753.760,4012.672,258.912,PASS,0
PHASEB_formal_r1_C2_RING_SIMPLE_CH8_N2048_q16_rep5,1,4,1,sm_89,R1_EVENT_OVERLAP,NCCL,C2_RING_SIMPLE_CH8,2048,2048,2048,16,13,1048576,9,0,2905.632,4016.032,4276.128,260.096,PASS,0
PHASEB_formal_r1_C2_RING_SIMPLE_CH8_N2048_q16_rep5,1,4,1,sm_89,R1_EVENT_OVERLAP,NCCL,C2_RING_SIMPLE_CH8,2048,2048,2048,16,14,1048576,9,0,3148.480,4279.488,4537.920,258.432,PASS,0
PHASEB_formal_r1_C2_RING_SIMPLE_CH8_N2048_q16_rep5,1,4,1,sm_89,R1_EVENT_OVERLAP,NCCL,C2_RING_SIMPLE_CH8,2048,2048,2048,16,15,1048576,9,0,3238.240,4541.248,4800.352,259.104,PASS,0
PHASEB_formal_r1_C2_RING_SIMPLE_CH8_N2048_q16_rep5,1,4,1,sm_89,R1_EVENT_OVERLAP,NCCL,C2_RING_SIMPLE_CH8,2048,2048,2048,16,0,1048576,10,0,117.152,123.328,434.240,310.912,PASS,0
PHASEB_formal_r1_C2_RING_SIMPLE_CH8_N2048_q16_rep5,1,4,1,sm_89,R1_EVENT_OVERLAP,NCCL,C2_RING_SIMPLE_CH8,2048,2048,2048,16,1,1048576,10,0,206.880,437.856,708.032,270.176,PASS,0
PHASEB_formal_r1_C2_RING_SIMPLE_CH8_N2048_q16_rep5,1,4,1,sm_89,R1_EVENT_OVERLAP,NCCL,C2_RING_SIMPLE_CH8,2048,2048,2048,16,2,1048576,10,0,444.288,711.392,1023.072,311.680,PASS,0
PHASEB_formal_r1_C2_RING_SIMPLE_CH8_N2048_q16_rep5,1,4,1,sm_89,R1_EVENT_OVERLAP,NCCL,C2_RING_SIMPLE_CH8,2048,2048,2048,16,3,1048576,10,0,739.136,1026.880,1335.296,308.416,PASS,0
PHASEB_formal_r1_C2_RING_SIMPLE_CH8_N2048_q16_rep5,1,4,1,sm_89,R1_EVENT_OVERLAP,NCCL,C2_RING_SIMPLE_CH8,2048,2048,2048,16,4,1048576,10,0,1000.448,1338.656,1615.392,276.736,PASS,0
PHASEB_formal_r1_C2_RING_SIMPLE_CH8_N2048_q16_rep5,1,4,1,sm_89,R1_EVENT_OVERLAP,NCCL,C2_RING_SIMPLE_CH8,2048,2048,2048,16,5,1048576,10,0,1091.744,1618.784,1926.720,307.936,PASS,0
PHASEB_formal_r1_C2_RING_SIMPLE_CH8_N2048_q16_rep5,1,4,1,sm_89,R1_EVENT_OVERLAP,NCCL,C2_RING_SIMPLE_CH8,2048,2048,2048,16,6,1048576,10,0,1344.800,1930.400,2237.408,307.008,PASS,0
PHASEB_formal_r1_C2_RING_SIMPLE_CH8_N2048_q16_rep5,1,4,1,sm_89,R1_EVENT_OVERLAP,NCCL,C2_RING_SIMPLE_CH8,2048,2048,2048,16,7,1048576,10,0,1645.472,2240.800,2510.560,269.760,PASS,0
PHASEB_formal_r1_C2_RING_SIMPLE_CH8_N2048_q16_rep5,1,4,1,sm_89,R1_EVENT_OVERLAP,NCCL,C2_RING_SIMPLE_CH8,2048,2048,2048,16,8,1048576,10,0,1903.296,2514.304,2821.376,307.072,PASS,0
PHASEB_formal_r1_C2_RING_SIMPLE_CH8_N2048_q16_rep5,1,4,1,sm_89,R1_EVENT_OVERLAP,NCCL,C2_RING_SIMPLE_CH8,2048,2048,2048,16,9,1048576,10,0,2000.640,2825.056,3095.264,270.208,PASS,0
PHASEB_formal_r1_C2_RING_SIMPLE_CH8_N2048_q16_rep5,1,4,1,sm_89,R1_EVENT_OVERLAP,NCCL,C2_RING_SIMPLE_CH8,2048,2048,2048,16,10,1048576,10,0,2250.400,3098.400,3404.288,305.888,PASS,0
PHASEB_formal_r1_C2_RING_SIMPLE_CH8_N2048_q16_rep5,1,4,1,sm_89,R1_EVENT_OVERLAP,NCCL,C2_RING_SIMPLE_CH8,2048,2048,2048,16,11,1048576,10,0,2550.208,3407.488,3676.192,268.704,PASS,0
PHASEB_formal_r1_C2_RING_SIMPLE_CH8_N2048_q16_rep5,1,4,1,sm_89,R1_EVENT_OVERLAP,NCCL,C2_RING_SIMPLE_CH8,2048,2048,2048,16,12,1048576,10,0,2862.304,3679.520,3976.640,297.120,PASS,0
PHASEB_formal_r1_C2_RING_SIMPLE_CH8_N2048_q16_rep5,1,4,1,sm_89,R1_EVENT_OVERLAP,NCCL,C2_RING_SIMPLE_CH8,2048,2048,2048,16,13,1048576,10,0,3168.768,3979.968,4238.880,258.912,PASS,0
PHASEB_formal_r1_C2_RING_SIMPLE_CH8_N2048_q16_rep5,1,4,1,sm_89,R1_EVENT_OVERLAP,NCCL,C2_RING_SIMPLE_CH8,2048,2048,2048,16,14,1048576,10,0,3441.792,4242.464,4502.048,259.584,PASS,0
PHASEB_formal_r1_C2_RING_SIMPLE_CH8_N2048_q16_rep5,1,4,1,sm_89,R1_EVENT_OVERLAP,NCCL,C2_RING_SIMPLE_CH8,2048,2048,2048,16,15,1048576,10,0,3753.824,4505.344,4763.264,257.920,PASS,0
PHASEB_formal_r1_C2_RING_SIMPLE_CH8_N2048_q16_rep5,1,4,1,sm_89,R1_EVENT_OVERLAP,NCCL,C2_RING_SIMPLE_CH8,2048,2048,2048,16,0,1048576,11,0,138.528,145.056,454.464,309.408,PASS,0
PHASEB_formal_r1_C2_RING_SIMPLE_CH8_N2048_q16_rep5,1,4,1,sm_89,R1_EVENT_OVERLAP,NCCL,C2_RING_SIMPLE_CH8,2048,2048,2048,16,1,1048576,11,0,223.296,457.792,740.416,282.624,PASS,0
PHASEB_formal_r1_C2_RING_SIMPLE_CH8_N2048_q16_rep5,1,4,1,sm_89,R1_EVENT_OVERLAP,NCCL,C2_RING_SIMPLE_CH8,2048,2048,2048,16,2,1048576,11,0,464.032,743.712,1063.776,320.064,PASS,0
PHASEB_formal_r1_C2_RING_SIMPLE_CH8_N2048_q16_rep5,1,4,1,sm_89,R1_EVENT_OVERLAP,NCCL,C2_RING_SIMPLE_CH8,2048,2048,2048,16,3,1048576,11,0,779.360,1067.136,1370.528,303.392,PASS,0
PHASEB_formal_r1_C2_RING_SIMPLE_CH8_N2048_q16_rep5,1,4,1,sm_89,R1_EVENT_OVERLAP,NCCL,C2_RING_SIMPLE_CH8,2048,2048,2048,16,4,1048576,11,0,1056.832,1374.240,1687.872,313.632,PASS,0
PHASEB_formal_r1_C2_RING_SIMPLE_CH8_N2048_q16_rep5,1,4,1,sm_89,R1_EVENT_OVERLAP,NCCL,C2_RING_SIMPLE_CH8,2048,2048,2048,16,5,1048576,11,0,1340.704,1694.528,2006.112,311.584,PASS,0
PHASEB_formal_r1_C2_RING_SIMPLE_CH8_N2048_q16_rep5,1,4,1,sm_89,R1_EVENT_OVERLAP,NCCL,C2_RING_SIMPLE_CH8,2048,2048,2048,16,6,1048576,11,0,1616.544,2009.472,2280.576,271.104,PASS,0
PHASEB_formal_r1_C2_RING_SIMPLE_CH8_N2048_q16_rep5,1,4,1,sm_89,R1_EVENT_OVERLAP,NCCL,C2_RING_SIMPLE_CH8,2048,2048,2048,16,7,1048576,11,0,1723.744,2284.000,2590.336,306.336,PASS,0
PHASEB_formal_r1_C2_RING_SIMPLE_CH8_N2048_q16_rep5,1,4,1,sm_89,R1_EVENT_OVERLAP,NCCL,C2_RING_SIMPLE_CH8,2048,2048,2048,16,8,1048576,11,0,2023.904,2593.664,2864.256,270.592,PASS,0
PHASEB_formal_r1_C2_RING_SIMPLE_CH8_N2048_q16_rep5,1,4,1,sm_89,R1_EVENT_OVERLAP,NCCL,C2_RING_SIMPLE_CH8,2048,2048,2048,16,9,1048576,11,0,2332.416,2867.680,3174.624,306.944,PASS,0
PHASEB_formal_r1_C2_RING_SIMPLE_CH8_N2048_q16_rep5,1,4,1,sm_89,R1_EVENT_OVERLAP,NCCL,C2_RING_SIMPLE_CH8,2048,2048,2048,16,10,1048576,11,0,2609.024,3178.112,3447.872,269.760,PASS,0
PHASEB_formal_r1_C2_RING_SIMPLE_CH8_N2048_q16_rep5,1,4,1,sm_89,R1_EVENT_OVERLAP,NCCL,C2_RING_SIMPLE_CH8,2048,2048,2048,16,11,1048576,11,0,2917.472,3451.104,3718.656,267.552,PASS,0
PHASEB_formal_r1_C2_RING_SIMPLE_CH8_N2048_q16_rep5,1,4,1,sm_89,R1_EVENT_OVERLAP,NCCL,C2_RING_SIMPLE_CH8,2048,2048,2048,16,12,1048576,11,0,3205.376,3721.856,4029.152,307.296,PASS,0
PHASEB_formal_r1_C2_RING_SIMPLE_CH8_N2048_q16_rep5,1,4,1,sm_89,R1_EVENT_OVERLAP,NCCL,C2_RING_SIMPLE_CH8,2048,2048,2048,16,13,1048576,11,0,3507.104,4032.512,4294.144,261.632,PASS,0
PHASEB_formal_r1_C2_RING_SIMPLE_CH8_N2048_q16_rep5,1,4,1,sm_89,R1_EVENT_OVERLAP,NCCL,C2_RING_SIMPLE_CH8,2048,2048,2048,16,14,1048576,11,0,3777.056,4297.760,4556.448,258.688,PASS,0
PHASEB_formal_r1_C2_RING_SIMPLE_CH8_N2048_q16_rep5,1,4,1,sm_89,R1_EVENT_OVERLAP,NCCL,C2_RING_SIMPLE_CH8,2048,2048,2048,16,15,1048576,11,0,4066.656,4559.808,4818.912,259.104,PASS,0
PHASEB_formal_r1_C2_RING_SIMPLE_CH8_N2048_q16_rep5,1,4,1,sm_89,R1_EVENT_OVERLAP,NCCL,C2_RING_SIMPLE_CH8,2048,2048,2048,16,0,1048576,12,0,112.192,118.368,424.480,306.112,PASS,0
PHASEB_formal_r1_C2_RING_SIMPLE_CH8_N2048_q16_rep5,1,4,1,sm_89,R1_EVENT_OVERLAP,NCCL,C2_RING_SIMPLE_CH8,2048,2048,2048,16,1,1048576,12,0,198.336,428.096,706.176,278.080,PASS,0
PHASEB_formal_r1_C2_RING_SIMPLE_CH8_N2048_q16_rep5,1,4,1,sm_89,R1_EVENT_OVERLAP,NCCL,C2_RING_SIMPLE_CH8,2048,2048,2048,16,2,1048576,12,0,434.240,709.568,1014.848,305.280,PASS,0
PHASEB_formal_r1_C2_RING_SIMPLE_CH8_N2048_q16_rep5,1,4,1,sm_89,R1_EVENT_OVERLAP,NCCL,C2_RING_SIMPLE_CH8,2048,2048,2048,16,3,1048576,12,0,733.952,1021.472,1338.944,317.472,PASS,0
PHASEB_formal_r1_C2_RING_SIMPLE_CH8_N2048_q16_rep5,1,4,1,sm_89,R1_EVENT_OVERLAP,NCCL,C2_RING_SIMPLE_CH8,2048,2048,2048,16,4,1048576,12,0,987.168,1342.336,1653.344,311.008,PASS,0
PHASEB_formal_r1_C2_RING_SIMPLE_CH8_N2048_q16_rep5,1,4,1,sm_89,R1_EVENT_OVERLAP,NCCL,C2_RING_SIMPLE_CH8,2048,2048,2048,16,5,1048576,12,0,1086.528,1656.960,1967.904,310.944,PASS,0
PHASEB_formal_r1_C2_RING_SIMPLE_CH8_N2048_q16_rep5,1,4,1,sm_89,R1_EVENT_OVERLAP,NCCL,C2_RING_SIMPLE_CH8,2048,2048,2048,16,6,1048576,12,0,1331.936,1971.296,2277.152,305.856,PASS,0
PHASEB_formal_r1_C2_RING_SIMPLE_CH8_N2048_q16_rep5,1,4,1,sm_89,R1_EVENT_OVERLAP,NCCL,C2_RING_SIMPLE_CH8,2048,2048,2048,16,7,1048576,12,0,1645.952,2280.448,2585.536,305.088,PASS,0
PHASEB_formal_r1_C2_RING_SIMPLE_CH8_N2048_q16_rep5,1,4,1,sm_89,R1_EVENT_OVERLAP,NCCL,C2_RING_SIMPLE_CH8,2048,2048,2048,16,8,1048576,12,0,1905.152,2589.024,2905.312,316.288,PASS,0
PHASEB_formal_r1_C2_RING_SIMPLE_CH8_N2048_q16_rep5,1,4,1,sm_89,R1_EVENT_OVERLAP,NCCL,C2_RING_SIMPLE_CH8,2048,2048,2048,16,9,1048576,12,0,1996.608,2908.960,3179.296,270.336,PASS,0
PHASEB_formal_r1_C2_RING_SIMPLE_CH8_N2048_q16_rep5,1,4,1,sm_89,R1_EVENT_OVERLAP,NCCL,C2_RING_SIMPLE_CH8,2048,2048,2048,16,10,1048576,12,0,2250.176,3182.752,3480.352,297.600,PASS,0
PHASEB_formal_r1_C2_RING_SIMPLE_CH8_N2048_q16_rep5,1,4,1,sm_89,R1_EVENT_OVERLAP,NCCL,C2_RING_SIMPLE_CH8,2048,2048,2048,16,11,1048576,12,0,2551.584,3483.680,3742.336,258.656,PASS,0
PHASEB_formal_r1_C2_RING_SIMPLE_CH8_N2048_q16_rep5,1,4,1,sm_89,R1_EVENT_OVERLAP,NCCL,C2_RING_SIMPLE_CH8,2048,2048,2048,16,12,1048576,12,0,2803.680,3745.696,4005.280,259.584,PASS,0
PHASEB_formal_r1_C2_RING_SIMPLE_CH8_N2048_q16_rep5,1,4,1,sm_89,R1_EVENT_OVERLAP,NCCL,C2_RING_SIMPLE_CH8,2048,2048,2048,16,13,1048576,12,0,2915.072,4008.608,4267.776,259.168,PASS,0
PHASEB_formal_r1_C2_RING_SIMPLE_CH8_N2048_q16_rep5,1,4,1,sm_89,R1_EVENT_OVERLAP,NCCL,C2_RING_SIMPLE_CH8,2048,2048,2048,16,14,1048576,12,0,3201.792,4271.136,4530.848,259.712,PASS,0
PHASEB_formal_r1_C2_RING_SIMPLE_CH8_N2048_q16_rep5,1,4,1,sm_89,R1_EVENT_OVERLAP,NCCL,C2_RING_SIMPLE_CH8,2048,2048,2048,16,15,1048576,12,0,3456.384,4534.368,4792.416,258.048,PASS,0
PHASEB_formal_r1_C2_RING_SIMPLE_CH8_N2048_q16_rep5,1,4,1,sm_89,R1_EVENT_OVERLAP,NCCL,C2_RING_SIMPLE_CH8,2048,2048,2048,16,0,1048576,13,0,129.472,136.032,453.440,317.408,PASS,0
PHASEB_formal_r1_C2_RING_SIMPLE_CH8_N2048_q16_rep5,1,4,1,sm_89,R1_EVENT_OVERLAP,NCCL,C2_RING_SIMPLE_CH8,2048,2048,2048,16,1,1048576,13,0,264.512,456.736,759.456,302.720,PASS,0
PHASEB_formal_r1_C2_RING_SIMPLE_CH8_N2048_q16_rep5,1,4,1,sm_89,R1_EVENT_OVERLAP,NCCL,C2_RING_SIMPLE_CH8,2048,2048,2048,16,2,1048576,13,0,479.360,762.816,1038.912,276.096,PASS,0
PHASEB_formal_r1_C2_RING_SIMPLE_CH8_N2048_q16_rep5,1,4,1,sm_89,R1_EVENT_OVERLAP,NCCL,C2_RING_SIMPLE_CH8,2048,2048,2048,16,3,1048576,13,0,777.984,1042.816,1347.200,304.384,PASS,0
PHASEB_formal_r1_C2_RING_SIMPLE_CH8_N2048_q16_rep5,1,4,1,sm_89,R1_EVENT_OVERLAP,NCCL,C2_RING_SIMPLE_CH8,2048,2048,2048,16,4,1048576,13,0,1086.752,1350.816,1622.016,271.200,PASS,0
PHASEB_formal_r1_C2_RING_SIMPLE_CH8_N2048_q16_rep5,1,4,1,sm_89,R1_EVENT_OVERLAP,NCCL,C2_RING_SIMPLE_CH8,2048,2048,2048,16,5,1048576,13,0,1366.400,1625.376,1930.752,305.376,PASS,0
PHASEB_formal_r1_C2_RING_SIMPLE_CH8_N2048_q16_rep5,1,4,1,sm_89,R1_EVENT_OVERLAP,NCCL,C2_RING_SIMPLE_CH8,2048,2048,2048,16,6,1048576,13,0,1687.616,1938.144,2204.160,266.016,PASS,0
PHASEB_formal_r1_C2_RING_SIMPLE_CH8_N2048_q16_rep5,1,4,1,sm_89,R1_EVENT_OVERLAP,NCCL,C2_RING_SIMPLE_CH8,2048,2048,2048,16,7,1048576,13,0,1966.336,2207.744,2514.624,306.880,PASS,0
PHASEB_formal_r1_C2_RING_SIMPLE_CH8_N2048_q16_rep5,1,4,1,sm_89,R1_EVENT_OVERLAP,NCCL,C2_RING_SIMPLE_CH8,2048,2048,2048,16,8,1048576,13,0,2266.912,2518.336,2825.280,306.944,PASS,0
PHASEB_formal_r1_C2_RING_SIMPLE_CH8_N2048_q16_rep5,1,4,1,sm_89,R1_EVENT_OVERLAP,NCCL,C2_RING_SIMPLE_CH8,2048,2048,2048,16,9,1048576,13,0,2503.264,2828.576,3101.472,272.896,PASS,0
PHASEB_formal_r1_C2_RING_SIMPLE_CH8_N2048_q16_rep5,1,4,1,sm_89,R1_EVENT_OVERLAP,NCCL,C2_RING_SIMPLE_CH8,2048,2048,2048,16,10,1048576,13,0,2593.120,3104.800,3408.928,304.128,PASS,0
PHASEB_formal_r1_C2_RING_SIMPLE_CH8_N2048_q16_rep5,1,4,1,sm_89,R1_EVENT_OVERLAP,NCCL,C2_RING_SIMPLE_CH8,2048,2048,2048,16,11,1048576,13,0,2834.816,3414.048,3719.936,305.888,PASS,0
PHASEB_formal_r1_C2_RING_SIMPLE_CH8_N2048_q16_rep5,1,4,1,sm_89,R1_EVENT_OVERLAP,NCCL,C2_RING_SIMPLE_CH8,2048,2048,2048,16,12,1048576,13,0,3129.888,3723.744,4020.064,296.320,PASS,0
PHASEB_formal_r1_C2_RING_SIMPLE_CH8_N2048_q16_rep5,1,4,1,sm_89,R1_EVENT_OVERLAP,NCCL,C2_RING_SIMPLE_CH8,2048,2048,2048,16,13,1048576,13,0,3378.624,4023.392,4283.936,260.544,PASS,0
PHASEB_formal_r1_C2_RING_SIMPLE_CH8_N2048_q16_rep5,1,4,1,sm_89,R1_EVENT_OVERLAP,NCCL,C2_RING_SIMPLE_CH8,2048,2048,2048,16,14,1048576,13,0,3468.096,4287.296,4545.920,258.624,PASS,0
PHASEB_formal_r1_C2_RING_SIMPLE_CH8_N2048_q16_rep5,1,4,1,sm_89,R1_EVENT_OVERLAP,NCCL,C2_RING_SIMPLE_CH8,2048,2048,2048,16,15,1048576,13,0,3757.696,4549.248,4808.704,259.456,PASS,0
PHASEB_formal_r1_C2_RING_SIMPLE_CH8_N2048_q16_rep5,1,4,1,sm_89,R1_EVENT_OVERLAP,NCCL,C2_RING_SIMPLE_CH8,2048,2048,2048,16,0,1048576,14,0,119.872,126.240,435.264,309.024,PASS,0
PHASEB_formal_r1_C2_RING_SIMPLE_CH8_N2048_q16_rep5,1,4,1,sm_89,R1_EVENT_OVERLAP,NCCL,C2_RING_SIMPLE_CH8,2048,2048,2048,16,1,1048576,14,0,207.072,438.560,716.704,278.144,PASS,0
PHASEB_formal_r1_C2_RING_SIMPLE_CH8_N2048_q16_rep5,1,4,1,sm_89,R1_EVENT_OVERLAP,NCCL,C2_RING_SIMPLE_CH8,2048,2048,2048,16,2,1048576,14,0,445.440,719.968,1023.008,303.040,PASS,0
PHASEB_formal_r1_C2_RING_SIMPLE_CH8_N2048_q16_rep5,1,4,1,sm_89,R1_EVENT_OVERLAP,NCCL,C2_RING_SIMPLE_CH8,2048,2048,2048,16,3,1048576,14,0,742.432,1026.400,1334.368,307.968,PASS,0
PHASEB_formal_r1_C2_RING_SIMPLE_CH8_N2048_q16_rep5,1,4,1,sm_89,R1_EVENT_OVERLAP,NCCL,C2_RING_SIMPLE_CH8,2048,2048,2048,16,4,1048576,14,0,1000.160,1337.664,1612.544,274.880,PASS,0
PHASEB_formal_r1_C2_RING_SIMPLE_CH8_N2048_q16_rep5,1,4,1,sm_89,R1_EVENT_OVERLAP,NCCL,C2_RING_SIMPLE_CH8,2048,2048,2048,16,5,1048576,14,0,1089.792,1616.096,1922.400,306.304,PASS,0
PHASEB_formal_r1_C2_RING_SIMPLE_CH8_N2048_q16_rep5,1,4,1,sm_89,R1_EVENT_OVERLAP,NCCL,C2_RING_SIMPLE_CH8,2048,2048,2048,16,6,1048576,14,0,1344.896,1925.760,2235.168,309.408,PASS,0
PHASEB_formal_r1_C2_RING_SIMPLE_CH8_N2048_q16_rep5,1,4,1,sm_89,R1_EVENT_OVERLAP,NCCL,C2_RING_SIMPLE_CH8,2048,2048,2048,16,7,1048576,14,0,1643.712,2238.528,2512.256,273.728,PASS,0
PHASEB_formal_r1_C2_RING_SIMPLE_CH8_N2048_q16_rep5,1,4,1,sm_89,R1_EVENT_OVERLAP,NCCL,C2_RING_SIMPLE_CH8,2048,2048,2048,16,8,1048576,14,0,1897.760,2516.032,2819.808,303.776,PASS,0
PHASEB_formal_r1_C2_RING_SIMPLE_CH8_N2048_q16_rep5,1,4,1,sm_89,R1_EVENT_OVERLAP,NCCL,C2_RING_SIMPLE_CH8,2048,2048,2048,16,9,1048576,14,0,2003.456,2823.168,3135.040,311.872,PASS,0
PHASEB_formal_r1_C2_RING_SIMPLE_CH8_N2048_q16_rep5,1,4,1,sm_89,R1_EVENT_OVERLAP,NCCL,C2_RING_SIMPLE_CH8,2048,2048,2048,16,10,1048576,14,0,2249.440,3138.784,3427.616,288.832,PASS,0
PHASEB_formal_r1_C2_RING_SIMPLE_CH8_N2048_q16_rep5,1,4,1,sm_89,R1_EVENT_OVERLAP,NCCL,C2_RING_SIMPLE_CH8,2048,2048,2048,16,11,1048576,14,0,2536.064,3431.008,3690.272,259.264,PASS,0
PHASEB_formal_r1_C2_RING_SIMPLE_CH8_N2048_q16_rep5,1,4,1,sm_89,R1_EVENT_OVERLAP,NCCL,C2_RING_SIMPLE_CH8,2048,2048,2048,16,12,1048576,14,0,2792.608,3693.600,3953.408,259.808,PASS,0
PHASEB_formal_r1_C2_RING_SIMPLE_CH8_N2048_q16_rep5,1,4,1,sm_89,R1_EVENT_OVERLAP,NCCL,C2_RING_SIMPLE_CH8,2048,2048,2048,16,13,1048576,14,0,2894.432,3956.736,4215.552,258.816,PASS,0
PHASEB_formal_r1_C2_RING_SIMPLE_CH8_N2048_q16_rep5,1,4,1,sm_89,R1_EVENT_OVERLAP,NCCL,C2_RING_SIMPLE_CH8,2048,2048,2048,16,14,1048576,14,0,3145.472,4218.976,4478.720,259.744,PASS,0
PHASEB_formal_r1_C2_RING_SIMPLE_CH8_N2048_q16_rep5,1,4,1,sm_89,R1_EVENT_OVERLAP,NCCL,C2_RING_SIMPLE_CH8,2048,2048,2048,16,15,1048576,14,0,3446.720,4482.048,4740.384,258.336,PASS,0
PHASEB_formal_r1_C2_RING_SIMPLE_CH8_N2048_q16_rep5,1,4,1,sm_89,R1_EVENT_OVERLAP,NCCL,C2_RING_SIMPLE_CH8,2048,2048,2048,16,0,1048576,15,0,133.440,140.384,449.056,308.672,PASS,0
PHASEB_formal_r1_C2_RING_SIMPLE_CH8_N2048_q16_rep5,1,4,1,sm_89,R1_EVENT_OVERLAP,NCCL,C2_RING_SIMPLE_CH8,2048,2048,2048,16,1,1048576,15,0,260.352,452.384,756.192,303.808,PASS,0
PHASEB_formal_r1_C2_RING_SIMPLE_CH8_N2048_q16_rep5,1,4,1,sm_89,R1_EVENT_OVERLAP,NCCL,C2_RING_SIMPLE_CH8,2048,2048,2048,16,2,1048576,15,0,470.848,759.648,1030.432,270.784,PASS,0
PHASEB_formal_r1_C2_RING_SIMPLE_CH8_N2048_q16_rep5,1,4,1,sm_89,R1_EVENT_OVERLAP,NCCL,C2_RING_SIMPLE_CH8,2048,2048,2048,16,3,1048576,15,0,789.760,1033.824,1340.128,306.304,PASS,0
PHASEB_formal_r1_C2_RING_SIMPLE_CH8_N2048_q16_rep5,1,4,1,sm_89,R1_EVENT_OVERLAP,NCCL,C2_RING_SIMPLE_CH8,2048,2048,2048,16,4,1048576,15,0,1084.192,1343.520,1615.488,271.968,PASS,0
PHASEB_formal_r1_C2_RING_SIMPLE_CH8_N2048_q16_rep5,1,4,1,sm_89,R1_EVENT_OVERLAP,NCCL,C2_RING_SIMPLE_CH8,2048,2048,2048,16,5,1048576,15,0,1379.008,1618.880,1929.376,310.496,PASS,0
PHASEB_formal_r1_C2_RING_SIMPLE_CH8_N2048_q16_rep5,1,4,1,sm_89,R1_EVENT_OVERLAP,NCCL,C2_RING_SIMPLE_CH8,2048,2048,2048,16,6,1048576,15,0,1676.448,1932.672,2200.800,268.128,PASS,0
PHASEB_formal_r1_C2_RING_SIMPLE_CH8_N2048_q16_rep5,1,4,1,sm_89,R1_EVENT_OVERLAP,NCCL,C2_RING_SIMPLE_CH8,2048,2048,2048,16,7,1048576,15,0,1963.072,2204.064,2511.616,307.552,PASS,0
PHASEB_formal_r1_C2_RING_SIMPLE_CH8_N2048_q16_rep5,1,4,1,sm_89,R1_EVENT_OVERLAP,NCCL,C2_RING_SIMPLE_CH8,2048,2048,2048,16,8,1048576,15,0,2267.968,2514.944,2786.976,272.032,PASS,0
PHASEB_formal_r1_C2_RING_SIMPLE_CH8_N2048_q16_rep5,1,4,1,sm_89,R1_EVENT_OVERLAP,NCCL,C2_RING_SIMPLE_CH8,2048,2048,2048,16,9,1048576,15,0,2555.616,2790.176,3100.256,310.080,PASS,0
PHASEB_formal_r1_C2_RING_SIMPLE_CH8_N2048_q16_rep5,1,4,1,sm_89,R1_EVENT_OVERLAP,NCCL,C2_RING_SIMPLE_CH8,2048,2048,2048,16,10,1048576,15,0,2849.248,3103.808,3377.824,274.016,PASS,0
PHASEB_formal_r1_C2_RING_SIMPLE_CH8_N2048_q16_rep5,1,4,1,sm_89,R1_EVENT_OVERLAP,NCCL,C2_RING_SIMPLE_CH8,2048,2048,2048,16,11,1048576,15,0,3143.872,3381.120,3689.760,308.640,PASS,0
PHASEB_formal_r1_C2_RING_SIMPLE_CH8_N2048_q16_rep5,1,4,1,sm_89,R1_EVENT_OVERLAP,NCCL,C2_RING_SIMPLE_CH8,2048,2048,2048,16,12,1048576,15,0,3438.400,3692.992,3964.352,271.360,PASS,0
PHASEB_formal_r1_C2_RING_SIMPLE_CH8_N2048_q16_rep5,1,4,1,sm_89,R1_EVENT_OVERLAP,NCCL,C2_RING_SIMPLE_CH8,2048,2048,2048,16,13,1048576,15,0,3728.192,3967.584,4274.400,306.816,PASS,0
PHASEB_formal_r1_C2_RING_SIMPLE_CH8_N2048_q16_rep5,1,4,1,sm_89,R1_EVENT_OVERLAP,NCCL,C2_RING_SIMPLE_CH8,2048,2048,2048,16,14,1048576,15,0,4028.352,4277.824,4537.344,259.520,PASS,0
PHASEB_formal_r1_C2_RING_SIMPLE_CH8_N2048_q16_rep5,1,4,1,sm_89,R1_EVENT_OVERLAP,NCCL,C2_RING_SIMPLE_CH8,2048,2048,2048,16,15,1048576,15,0,4318.144,4540.672,4799.328,258.656,PASS,0
PHASEB_formal_r1_C2_RING_SIMPLE_CH8_N2048_q16_rep5,1,4,1,sm_89,R1_EVENT_OVERLAP,NCCL,C2_RING_SIMPLE_CH8,2048,2048,2048,16,0,1048576,16,0,112.256,118.624,435.200,316.576,PASS,0
PHASEB_formal_r1_C2_RING_SIMPLE_CH8_N2048_q16_rep5,1,4,1,sm_89,R1_EVENT_OVERLAP,NCCL,C2_RING_SIMPLE_CH8,2048,2048,2048,16,1,1048576,16,0,199.936,438.720,708.160,269.440,PASS,0
PHASEB_formal_r1_C2_RING_SIMPLE_CH8_N2048_q16_rep5,1,4,1,sm_89,R1_EVENT_OVERLAP,NCCL,C2_RING_SIMPLE_CH8,2048,2048,2048,16,2,1048576,16,0,456.416,711.520,1019.808,308.288,PASS,0
PHASEB_formal_r1_C2_RING_SIMPLE_CH8_N2048_q16_rep5,1,4,1,sm_89,R1_EVENT_OVERLAP,NCCL,C2_RING_SIMPLE_CH8,2048,2048,2048,16,3,1048576,16,0,774.464,1023.424,1327.904,304.480,PASS,0
PHASEB_formal_r1_C2_RING_SIMPLE_CH8_N2048_q16_rep5,1,4,1,sm_89,R1_EVENT_OVERLAP,NCCL,C2_RING_SIMPLE_CH8,2048,2048,2048,16,4,1048576,16,0,1086.144,1331.680,1609.984,278.304,PASS,0
PHASEB_formal_r1_C2_RING_SIMPLE_CH8_N2048_q16_rep5,1,4,1,sm_89,R1_EVENT_OVERLAP,NCCL,C2_RING_SIMPLE_CH8,2048,2048,2048,16,5,1048576,16,0,1381.376,1613.888,1917.728,303.840,PASS,0
PHASEB_formal_r1_C2_RING_SIMPLE_CH8_N2048_q16_rep5,1,4,1,sm_89,R1_EVENT_OVERLAP,NCCL,C2_RING_SIMPLE_CH8,2048,2048,2048,16,6,1048576,16,0,1674.752,1921.760,2193.280,271.520,PASS,0
PHASEB_formal_r1_C2_RING_SIMPLE_CH8_N2048_q16_rep5,1,4,1,sm_89,R1_EVENT_OVERLAP,NCCL,C2_RING_SIMPLE_CH8,2048,2048,2048,16,7,1048576,16,0,1954.880,2196.544,2504.192,307.648,PASS,0
PHASEB_formal_r1_C2_RING_SIMPLE_CH8_N2048_q16_rep5,1,4,1,sm_89,R1_EVENT_OVERLAP,NCCL,C2_RING_SIMPLE_CH8,2048,2048,2048,16,8,1048576,16,0,2263.552,2507.648,2778.144,270.496,PASS,0
PHASEB_formal_r1_C2_RING_SIMPLE_CH8_N2048_q16_rep5,1,4,1,sm_89,R1_EVENT_OVERLAP,NCCL,C2_RING_SIMPLE_CH8,2048,2048,2048,16,9,1048576,16,0,2534.912,2782.176,3088.544,306.368,PASS,0
PHASEB_formal_r1_C2_RING_SIMPLE_CH8_N2048_q16_rep5,1,4,1,sm_89,R1_EVENT_OVERLAP,NCCL,C2_RING_SIMPLE_CH8,2048,2048,2048,16,10,1048576,16,0,2841.664,3091.904,3364.480,272.576,PASS,0
PHASEB_formal_r1_C2_RING_SIMPLE_CH8_N2048_q16_rep5,1,4,1,sm_89,R1_EVENT_OVERLAP,NCCL,C2_RING_SIMPLE_CH8,2048,2048,2048,16,11,1048576,16,0,3119.904,3368.416,3672.992,304.576,PASS,0
PHASEB_formal_r1_C2_RING_SIMPLE_CH8_N2048_q16_rep5,1,4,1,sm_89,R1_EVENT_OVERLAP,NCCL,C2_RING_SIMPLE_CH8,2048,2048,2048,16,12,1048576,16,0,3426.400,3676.288,3945.088,268.800,PASS,0
PHASEB_formal_r1_C2_RING_SIMPLE_CH8_N2048_q16_rep5,1,4,1,sm_89,R1_EVENT_OVERLAP,NCCL,C2_RING_SIMPLE_CH8,2048,2048,2048,16,13,1048576,16,0,3705.376,3948.480,4252.704,304.224,PASS,0
PHASEB_formal_r1_C2_RING_SIMPLE_CH8_N2048_q16_rep5,1,4,1,sm_89,R1_EVENT_OVERLAP,NCCL,C2_RING_SIMPLE_CH8,2048,2048,2048,16,14,1048576,16,0,4016.928,4256.160,4515.872,259.712,PASS,0
PHASEB_formal_r1_C2_RING_SIMPLE_CH8_N2048_q16_rep5,1,4,1,sm_89,R1_EVENT_OVERLAP,NCCL,C2_RING_SIMPLE_CH8,2048,2048,2048,16,15,1048576,16,0,4294.272,4519.232,4777.536,258.304,PASS,0
PHASEB_formal_r1_C2_RING_SIMPLE_CH8_N2048_q16_rep5,1,4,1,sm_89,R1_EVENT_OVERLAP,NCCL,C2_RING_SIMPLE_CH8,2048,2048,2048,16,0,1048576,17,0,134.176,140.800,450.496,309.696,PASS,0
PHASEB_formal_r1_C2_RING_SIMPLE_CH8_N2048_q16_rep5,1,4,1,sm_89,R1_EVENT_OVERLAP,NCCL,C2_RING_SIMPLE_CH8,2048,2048,2048,16,1,1048576,17,0,249.280,454.016,764.384,310.368,PASS,0
PHASEB_formal_r1_C2_RING_SIMPLE_CH8_N2048_q16_rep5,1,4,1,sm_89,R1_EVENT_OVERLAP,NCCL,C2_RING_SIMPLE_CH8,2048,2048,2048,16,2,1048576,17,0,473.568,767.680,1038.048,270.368,PASS,0
PHASEB_formal_r1_C2_RING_SIMPLE_CH8_N2048_q16_rep5,1,4,1,sm_89,R1_EVENT_OVERLAP,NCCL,C2_RING_SIMPLE_CH8,2048,2048,2048,16,3,1048576,17,0,788.896,1041.408,1347.840,306.432,PASS,0
PHASEB_formal_r1_C2_RING_SIMPLE_CH8_N2048_q16_rep5,1,4,1,sm_89,R1_EVENT_OVERLAP,NCCL,C2_RING_SIMPLE_CH8,2048,2048,2048,16,4,1048576,17,0,1090.912,1351.328,1627.520,276.192,PASS,0
PHASEB_formal_r1_C2_RING_SIMPLE_CH8_N2048_q16_rep5,1,4,1,sm_89,R1_EVENT_OVERLAP,NCCL,C2_RING_SIMPLE_CH8,2048,2048,2048,16,5,1048576,17,0,1371.456,1630.816,1935.584,304.768,PASS,0
PHASEB_formal_r1_C2_RING_SIMPLE_CH8_N2048_q16_rep5,1,4,1,sm_89,R1_EVENT_OVERLAP,NCCL,C2_RING_SIMPLE_CH8,2048,2048,2048,16,6,1048576,17,0,1683.104,1938.912,2213.984,275.072,PASS,0
PHASEB_formal_r1_C2_RING_SIMPLE_CH8_N2048_q16_rep5,1,4,1,sm_89,R1_EVENT_OVERLAP,NCCL,C2_RING_SIMPLE_CH8,2048,2048,2048,16,7,1048576,17,0,1949.536,2217.216,2521.600,304.384,PASS,0
PHASEB_formal_r1_C2_RING_SIMPLE_CH8_N2048_q16_rep5,1,4,1,sm_89,R1_EVENT_OVERLAP,NCCL,C2_RING_SIMPLE_CH8,2048,2048,2048,16,8,1048576,17,0,2260.864,2524.960,2797.216,272.256,PASS,0
PHASEB_formal_r1_C2_RING_SIMPLE_CH8_N2048_q16_rep5,1,4,1,sm_89,R1_EVENT_OVERLAP,NCCL,C2_RING_SIMPLE_CH8,2048,2048,2048,16,9,1048576,17,0,2538.240,2800.768,3103.040,302.272,PASS,0
PHASEB_formal_r1_C2_RING_SIMPLE_CH8_N2048_q16_rep5,1,4,1,sm_89,R1_EVENT_OVERLAP,NCCL,C2_RING_SIMPLE_CH8,2048,2048,2048,16,10,1048576,17,0,2847.456,3106.272,3379.808,273.536,PASS,0
PHASEB_formal_r1_C2_RING_SIMPLE_CH8_N2048_q16_rep5,1,4,1,sm_89,R1_EVENT_OVERLAP,NCCL,C2_RING_SIMPLE_CH8,2048,2048,2048,16,11,1048576,17,0,3122.432,3383.104,3684.352,301.248,PASS,0
PHASEB_formal_r1_C2_RING_SIMPLE_CH8_N2048_q16_rep5,1,4,1,sm_89,R1_EVENT_OVERLAP,NCCL,C2_RING_SIMPLE_CH8,2048,2048,2048,16,12,1048576,17,0,3429.408,3687.680,3962.208,274.528,PASS,0
PHASEB_formal_r1_C2_RING_SIMPLE_CH8_N2048_q16_rep5,1,4,1,sm_89,R1_EVENT_OVERLAP,NCCL,C2_RING_SIMPLE_CH8,2048,2048,2048,16,13,1048576,17,0,3705.248,3965.472,4267.840,302.368,PASS,0
PHASEB_formal_r1_C2_RING_SIMPLE_CH8_N2048_q16_rep5,1,4,1,sm_89,R1_EVENT_OVERLAP,NCCL,C2_RING_SIMPLE_CH8,2048,2048,2048,16,14,1048576,17,0,4010.432,4271.104,4529.536,258.432,PASS,0
PHASEB_formal_r1_C2_RING_SIMPLE_CH8_N2048_q16_rep5,1,4,1,sm_89,R1_EVENT_OVERLAP,NCCL,C2_RING_SIMPLE_CH8,2048,2048,2048,16,15,1048576,17,0,4286.976,4532.864,4791.712,258.848,PASS,0
PHASEB_formal_r1_C2_RING_SIMPLE_CH8_N2048_q16_rep5,1,4,1,sm_89,R1_EVENT_OVERLAP,NCCL,C2_RING_SIMPLE_CH8,2048,2048,2048,16,0,1048576,18,0,117.248,123.840,431.424,307.584,PASS,0
PHASEB_formal_r1_C2_RING_SIMPLE_CH8_N2048_q16_rep5,1,4,1,sm_89,R1_EVENT_OVERLAP,NCCL,C2_RING_SIMPLE_CH8,2048,2048,2048,16,1,1048576,18,0,205.792,434.816,742.080,307.264,PASS,0
PHASEB_formal_r1_C2_RING_SIMPLE_CH8_N2048_q16_rep5,1,4,1,sm_89,R1_EVENT_OVERLAP,NCCL,C2_RING_SIMPLE_CH8,2048,2048,2048,16,2,1048576,18,0,452.352,746.080,1017.088,271.008,PASS,0
PHASEB_formal_r1_C2_RING_SIMPLE_CH8_N2048_q16_rep5,1,4,1,sm_89,R1_EVENT_OVERLAP,NCCL,C2_RING_SIMPLE_CH8,2048,2048,2048,16,3,1048576,18,0,759.296,1020.448,1326.112,305.664,PASS,0
PHASEB_formal_r1_C2_RING_SIMPLE_CH8_N2048_q16_rep5,1,4,1,sm_89,R1_EVENT_OVERLAP,NCCL,C2_RING_SIMPLE_CH8,2048,2048,2048,16,4,1048576,18,0,1069.696,1330.016,1600.608,270.592,PASS,0
PHASEB_formal_r1_C2_RING_SIMPLE_CH8_N2048_q16_rep5,1,4,1,sm_89,R1_EVENT_OVERLAP,NCCL,C2_RING_SIMPLE_CH8,2048,2048,2048,16,5,1048576,18,0,1347.424,1604.416,1911.744,307.328,PASS,0
PHASEB_formal_r1_C2_RING_SIMPLE_CH8_N2048_q16_rep5,1,4,1,sm_89,R1_EVENT_OVERLAP,NCCL,C2_RING_SIMPLE_CH8,2048,2048,2048,16,6,1048576,18,0,1657.088,1915.008,2195.104,280.096,PASS,0
PHASEB_formal_r1_C2_RING_SIMPLE_CH8_N2048_q16_rep5,1,4,1,sm_89,R1_EVENT_OVERLAP,NCCL,C2_RING_SIMPLE_CH8,2048,2048,2048,16,7,1048576,18,0,1943.072,2198.464,2507.456,308.992,PASS,0
PHASEB_formal_r1_C2_RING_SIMPLE_CH8_N2048_q16_rep5,1,4,1,sm_89,R1_EVENT_OVERLAP,NCCL,C2_RING_SIMPLE_CH8,2048,2048,2048,16,8,1048576,18,0,2245.952,2510.816,2780.832,270.016,PASS,0
PHASEB_formal_r1_C2_RING_SIMPLE_CH8_N2048_q16_rep5,1,4,1,sm_89,R1_EVENT_OVERLAP,NCCL,C2_RING_SIMPLE_CH8,2048,2048,2048,16,9,1048576,18,0,2525.728,2784.160,3088.480,304.320,PASS,0
PHASEB_formal_r1_C2_RING_SIMPLE_CH8_N2048_q16_rep5,1,4,1,sm_89,R1_EVENT_OVERLAP,NCCL,C2_RING_SIMPLE_CH8,2048,2048,2048,16,10,1048576,18,0,2837.760,3092.096,3368.896,276.800,PASS,0
PHASEB_formal_r1_C2_RING_SIMPLE_CH8_N2048_q16_rep5,1,4,1,sm_89,R1_EVENT_OVERLAP,NCCL,C2_RING_SIMPLE_CH8,2048,2048,2048,16,11,1048576,18,0,3116.352,3372.288,3674.368,302.080,PASS,0
PHASEB_formal_r1_C2_RING_SIMPLE_CH8_N2048_q16_rep5,1,4,1,sm_89,R1_EVENT_OVERLAP,NCCL,C2_RING_SIMPLE_CH8,2048,2048,2048,16,12,1048576,18,0,3425.920,3677.600,3945.312,267.712,PASS,0
PHASEB_formal_r1_C2_RING_SIMPLE_CH8_N2048_q16_rep5,1,4,1,sm_89,R1_EVENT_OVERLAP,NCCL,C2_RING_SIMPLE_CH8,2048,2048,2048,16,13,1048576,18,0,3698.432,3948.640,4255.328,306.688,PASS,0
PHASEB_formal_r1_C2_RING_SIMPLE_CH8_N2048_q16_rep5,1,4,1,sm_89,R1_EVENT_OVERLAP,NCCL,C2_RING_SIMPLE_CH8,2048,2048,2048,16,14,1048576,18,0,4008.352,4258.688,4518.432,259.744,PASS,0
PHASEB_formal_r1_C2_RING_SIMPLE_CH8_N2048_q16_rep5,1,4,1,sm_89,R1_EVENT_OVERLAP,NCCL,C2_RING_SIMPLE_CH8,2048,2048,2048,16,15,1048576,18,0,4288.320,4521.792,4779.968,258.176,PASS,0
PHASEB_formal_r1_C2_RING_SIMPLE_CH8_N2048_q16_rep5,1,4,1,sm_89,R1_EVENT_OVERLAP,NCCL,C2_RING_SIMPLE_CH8,2048,2048,2048,16,0,1048576,19,0,135.360,142.336,451.328,308.992,PASS,0
PHASEB_formal_r1_C2_RING_SIMPLE_CH8_N2048_q16_rep5,1,4,1,sm_89,R1_EVENT_OVERLAP,NCCL,C2_RING_SIMPLE_CH8,2048,2048,2048,16,1,1048576,19,0,224.128,455.232,732.960,277.728,PASS,0
PHASEB_formal_r1_C2_RING_SIMPLE_CH8_N2048_q16_rep5,1,4,1,sm_89,R1_EVENT_OVERLAP,NCCL,C2_RING_SIMPLE_CH8,2048,2048,2048,16,2,1048576,19,0,467.616,737.088,1040.992,303.904,PASS,0
PHASEB_formal_r1_C2_RING_SIMPLE_CH8_N2048_q16_rep5,1,4,1,sm_89,R1_EVENT_OVERLAP,NCCL,C2_RING_SIMPLE_CH8,2048,2048,2048,16,3,1048576,19,0,787.552,1044.608,1368.160,323.552,PASS,0
PHASEB_formal_r1_C2_RING_SIMPLE_CH8_N2048_q16_rep5,1,4,1,sm_89,R1_EVENT_OVERLAP,NCCL,C2_RING_SIMPLE_CH8,2048,2048,2048,16,4,1048576,19,0,1029.120,1372.128,1648.544,276.416,PASS,0
PHASEB_formal_r1_C2_RING_SIMPLE_CH8_N2048_q16_rep5,1,4,1,sm_89,R1_EVENT_OVERLAP,NCCL,C2_RING_SIMPLE_CH8,2048,2048,2048,16,5,1048576,19,0,1118.368,1651.808,1955.680,303.872,PASS,0
PHASEB_formal_r1_C2_RING_SIMPLE_CH8_N2048_q16_rep5,1,4,1,sm_89,R1_EVENT_OVERLAP,NCCL,C2_RING_SIMPLE_CH8,2048,2048,2048,16,6,1048576,19,0,1381.664,1958.880,2265.440,306.560,PASS,0
PHASEB_formal_r1_C2_RING_SIMPLE_CH8_N2048_q16_rep5,1,4,1,sm_89,R1_EVENT_OVERLAP,NCCL,C2_RING_SIMPLE_CH8,2048,2048,2048,16,7,1048576,19,0,1679.008,2269.056,2573.376,304.320,PASS,0
PHASEB_formal_r1_C2_RING_SIMPLE_CH8_N2048_q16_rep5,1,4,1,sm_89,R1_EVENT_OVERLAP,NCCL,C2_RING_SIMPLE_CH8,2048,2048,2048,16,8,1048576,19,0,1924.928,2576.704,2885.440,308.736,PASS,0
PHASEB_formal_r1_C2_RING_SIMPLE_CH8_N2048_q16_rep5,1,4,1,sm_89,R1_EVENT_OVERLAP,NCCL,C2_RING_SIMPLE_CH8,2048,2048,2048,16,9,1048576,19,0,2018.080,2888.800,3156.768,267.968,PASS,0
PHASEB_formal_r1_C2_RING_SIMPLE_CH8_N2048_q16_rep5,1,4,1,sm_89,R1_EVENT_OVERLAP,NCCL,C2_RING_SIMPLE_CH8,2048,2048,2048,16,10,1048576,19,0,2254.080,3159.968,3467.488,307.520,PASS,0
PHASEB_formal_r1_C2_RING_SIMPLE_CH8_N2048_q16_rep5,1,4,1,sm_89,R1_EVENT_OVERLAP,NCCL,C2_RING_SIMPLE_CH8,2048,2048,2048,16,11,1048576,19,0,2359.040,3470.688,3729.664,258.976,PASS,0
PHASEB_formal_r1_C2_RING_SIMPLE_CH8_N2048_q16_rep5,1,4,1,sm_89,R1_EVENT_OVERLAP,NCCL,C2_RING_SIMPLE_CH8,2048,2048,2048,16,12,1048576,19,0,2666.432,3733.024,3991.840,258.816,PASS,0
PHASEB_formal_r1_C2_RING_SIMPLE_CH8_N2048_q16_rep5,1,4,1,sm_89,R1_EVENT_OVERLAP,NCCL,C2_RING_SIMPLE_CH8,2048,2048,2048,16,13,1048576,19,0,2936.096,3995.200,4254.464,259.264,PASS,0
PHASEB_formal_r1_C2_RING_SIMPLE_CH8_N2048_q16_rep5,1,4,1,sm_89,R1_EVENT_OVERLAP,NCCL,C2_RING_SIMPLE_CH8,2048,2048,2048,16,14,1048576,19,0,3243.392,4257.824,4516.896,259.072,PASS,0
PHASEB_formal_r1_C2_RING_SIMPLE_CH8_N2048_q16_rep5,1,4,1,sm_89,R1_EVENT_OVERLAP,NCCL,C2_RING_SIMPLE_CH8,2048,2048,2048,16,15,1048576,19,0,3515.872,4520.224,4779.264,259.040,PASS,0
PHASEB_formal_r1_C2_RING_SIMPLE_CH8_N2048_q16_rep5,1,4,1,sm_89,R1_EVENT_OVERLAP,NCCL,C2_RING_SIMPLE_CH8,2048,2048,2048,16,0,1048576,20,0,119.200,125.408,432.896,307.488,PASS,0
PHASEB_formal_r1_C2_RING_SIMPLE_CH8_N2048_q16_rep5,1,4,1,sm_89,R1_EVENT_OVERLAP,NCCL,C2_RING_SIMPLE_CH8,2048,2048,2048,16,1,1048576,20,0,207.840,436.960,706.080,269.120,PASS,0
PHASEB_formal_r1_C2_RING_SIMPLE_CH8_N2048_q16_rep5,1,4,1,sm_89,R1_EVENT_OVERLAP,NCCL,C2_RING_SIMPLE_CH8,2048,2048,2048,16,2,1048576,20,0,453.248,709.376,1014.688,305.312,PASS,0
PHASEB_formal_r1_C2_RING_SIMPLE_CH8_N2048_q16_rep5,1,4,1,sm_89,R1_EVENT_OVERLAP,NCCL,C2_RING_SIMPLE_CH8,2048,2048,2048,16,3,1048576,20,0,762.272,1018.528,1334.368,315.840,PASS,0
PHASEB_formal_r1_C2_RING_SIMPLE_CH8_N2048_q16_rep5,1,4,1,sm_89,R1_EVENT_OVERLAP,NCCL,C2_RING_SIMPLE_CH8,2048,2048,2048,16,4,1048576,20,0,1004.928,1338.624,1608.384,269.760,PASS,0
PHASEB_formal_r1_C2_RING_SIMPLE_CH8_N2048_q16_rep5,1,4,1,sm_89,R1_EVENT_OVERLAP,NCCL,C2_RING_SIMPLE_CH8,2048,2048,2048,16,5,1048576,20,0,1092.256,1612.192,1920.544,308.352,PASS,0
PHASEB_formal_r1_C2_RING_SIMPLE_CH8_N2048_q16_rep5,1,4,1,sm_89,R1_EVENT_OVERLAP,NCCL,C2_RING_SIMPLE_CH8,2048,2048,2048,16,6,1048576,20,0,1349.472,1923.904,2232.768,308.864,PASS,0
PHASEB_formal_r1_C2_RING_SIMPLE_CH8_N2048_q16_rep5,1,4,1,sm_89,R1_EVENT_OVERLAP,NCCL,C2_RING_SIMPLE_CH8,2048,2048,2048,16,7,1048576,20,0,1643.232,2236.416,2509.184,272.768,PASS,0
PHASEB_formal_r1_C2_RING_SIMPLE_CH8_N2048_q16_rep5,1,4,1,sm_89,R1_EVENT_OVERLAP,NCCL,C2_RING_SIMPLE_CH8,2048,2048,2048,16,8,1048576,20,0,1910.464,2512.576,2815.680,303.104,PASS,0
PHASEB_formal_r1_C2_RING_SIMPLE_CH8_N2048_q16_rep5,1,4,1,sm_89,R1_EVENT_OVERLAP,NCCL,C2_RING_SIMPLE_CH8,2048,2048,2048,16,9,1048576,20,0,2001.760,2819.072,3127.040,307.968,PASS,0
PHASEB_formal_r1_C2_RING_SIMPLE_CH8_N2048_q16_rep5,1,4,1,sm_89,R1_EVENT_OVERLAP,NCCL,C2_RING_SIMPLE_CH8,2048,2048,2048,16,10,1048576,20,0,2242.912,3130.560,3437.952,307.392,PASS,0
PHASEB_formal_r1_C2_RING_SIMPLE_CH8_N2048_q16_rep5,1,4,1,sm_89,R1_EVENT_OVERLAP,NCCL,C2_RING_SIMPLE_CH8,2048,2048,2048,16,11,1048576,20,0,2541.216,3441.536,3739.328,297.792,PASS,0
PHASEB_formal_r1_C2_RING_SIMPLE_CH8_N2048_q16_rep5,1,4,1,sm_89,R1_EVENT_OVERLAP,NCCL,C2_RING_SIMPLE_CH8,2048,2048,2048,16,12,1048576,20,0,2806.784,3742.656,4003.232,260.576,PASS,0
PHASEB_formal_r1_C2_RING_SIMPLE_CH8_N2048_q16_rep5,1,4,1,sm_89,R1_EVENT_OVERLAP,NCCL,C2_RING_SIMPLE_CH8,2048,2048,2048,16,13,1048576,20,0,2905.856,4006.528,4265.984,259.456,PASS,0
PHASEB_formal_r1_C2_RING_SIMPLE_CH8_N2048_q16_rep5,1,4,1,sm_89,R1_EVENT_OVERLAP,NCCL,C2_RING_SIMPLE_CH8,2048,2048,2048,16,14,1048576,20,0,3198.976,4269.280,4530.080,260.800,PASS,0
PHASEB_formal_r1_C2_RING_SIMPLE_CH8_N2048_q16_rep5,1,4,1,sm_89,R1_EVENT_OVERLAP,NCCL,C2_RING_SIMPLE_CH8,2048,2048,2048,16,15,1048576,20,0,3497.472,4533.440,4791.680,258.240,PASS,0
PHASEB_formal_r1_C2_RING_SIMPLE_CH8_N2048_q16_rep5,1,4,1,sm_89,R1_EVENT_OVERLAP,NCCL,C2_RING_SIMPLE_CH8,2048,2048,2048,16,0,1048576,21,0,137.216,143.488,453.824,310.336,PASS,0
PHASEB_formal_r1_C2_RING_SIMPLE_CH8_N2048_q16_rep5,1,4,1,sm_89,R1_EVENT_OVERLAP,NCCL,C2_RING_SIMPLE_CH8,2048,2048,2048,16,1,1048576,21,0,227.648,457.248,728.864,271.616,PASS,0
PHASEB_formal_r1_C2_RING_SIMPLE_CH8_N2048_q16_rep5,1,4,1,sm_89,R1_EVENT_OVERLAP,NCCL,C2_RING_SIMPLE_CH8,2048,2048,2048,16,2,1048576,21,0,463.680,734.976,1045.728,310.752,PASS,0
PHASEB_formal_r1_C2_RING_SIMPLE_CH8_N2048_q16_rep5,1,4,1,sm_89,R1_EVENT_OVERLAP,NCCL,C2_RING_SIMPLE_CH8,2048,2048,2048,16,3,1048576,21,0,785.472,1049.408,1373.536,324.128,PASS,0
PHASEB_formal_r1_C2_RING_SIMPLE_CH8_N2048_q16_rep5,1,4,1,sm_89,R1_EVENT_OVERLAP,NCCL,C2_RING_SIMPLE_CH8,2048,2048,2048,16,4,1048576,21,0,1034.432,1383.200,1658.176,274.976,PASS,0
PHASEB_formal_r1_C2_RING_SIMPLE_CH8_N2048_q16_rep5,1,4,1,sm_89,R1_EVENT_OVERLAP,NCCL,C2_RING_SIMPLE_CH8,2048,2048,2048,16,5,1048576,21,0,1149.312,1661.632,1972.480,310.848,PASS,0
PHASEB_formal_r1_C2_RING_SIMPLE_CH8_N2048_q16_rep5,1,4,1,sm_89,R1_EVENT_OVERLAP,NCCL,C2_RING_SIMPLE_CH8,2048,2048,2048,16,6,1048576,21,0,1403.904,1976.096,2256.704,280.608,PASS,0
PHASEB_formal_r1_C2_RING_SIMPLE_CH8_N2048_q16_rep5,1,4,1,sm_89,R1_EVENT_OVERLAP,NCCL,C2_RING_SIMPLE_CH8,2048,2048,2048,16,7,1048576,21,0,1710.560,2260.064,2529.216,269.152,PASS,0
PHASEB_formal_r1_C2_RING_SIMPLE_CH8_N2048_q16_rep5,1,4,1,sm_89,R1_EVENT_OVERLAP,NCCL,C2_RING_SIMPLE_CH8,2048,2048,2048,16,8,1048576,21,0,2010.656,2533.056,2841.952,308.896,PASS,0
PHASEB_formal_r1_C2_RING_SIMPLE_CH8_N2048_q16_rep5,1,4,1,sm_89,R1_EVENT_OVERLAP,NCCL,C2_RING_SIMPLE_CH8,2048,2048,2048,16,9,1048576,21,0,2298.880,2845.216,3118.752,273.536,PASS,0
PHASEB_formal_r1_C2_RING_SIMPLE_CH8_N2048_q16_rep5,1,4,1,sm_89,R1_EVENT_OVERLAP,NCCL,C2_RING_SIMPLE_CH8,2048,2048,2048,16,10,1048576,21,0,2604.800,3122.080,3424.544,302.464,PASS,0
PHASEB_formal_r1_C2_RING_SIMPLE_CH8_N2048_q16_rep5,1,4,1,sm_89,R1_EVENT_OVERLAP,NCCL,C2_RING_SIMPLE_CH8,2048,2048,2048,16,11,1048576,21,0,2887.840,3428.032,3697.472,269.440,PASS,0
PHASEB_formal_r1_C2_RING_SIMPLE_CH8_N2048_q16_rep5,1,4,1,sm_89,R1_EVENT_OVERLAP,NCCL,C2_RING_SIMPLE_CH8,2048,2048,2048,16,12,1048576,21,0,3177.632,3700.672,3972.480,271.808,PASS,0
PHASEB_formal_r1_C2_RING_SIMPLE_CH8_N2048_q16_rep5,1,4,1,sm_89,R1_EVENT_OVERLAP,NCCL,C2_RING_SIMPLE_CH8,2048,2048,2048,16,13,1048576,21,0,3458.112,3975.872,4237.216,261.344,PASS,0
PHASEB_formal_r1_C2_RING_SIMPLE_CH8_N2048_q16_rep5,1,4,1,sm_89,R1_EVENT_OVERLAP,NCCL,C2_RING_SIMPLE_CH8,2048,2048,2048,16,14,1048576,21,0,3752.736,4240.544,4499.552,259.008,PASS,0
PHASEB_formal_r1_C2_RING_SIMPLE_CH8_N2048_q16_rep5,1,4,1,sm_89,R1_EVENT_OVERLAP,NCCL,C2_RING_SIMPLE_CH8,2048,2048,2048,16,15,1048576,21,0,4023.648,4502.880,4761.920,259.040,PASS,0
PHASEB_formal_r1_C2_RING_SIMPLE_CH8_N2048_q16_rep5,1,4,1,sm_89,R1_EVENT_OVERLAP,NCCL,C2_RING_SIMPLE_CH8,2048,2048,2048,16,0,1048576,22,0,120.544,127.040,435.648,308.608,PASS,0
PHASEB_formal_r1_C2_RING_SIMPLE_CH8_N2048_q16_rep5,1,4,1,sm_89,R1_EVENT_OVERLAP,NCCL,C2_RING_SIMPLE_CH8,2048,2048,2048,16,1,1048576,22,0,210.976,439.104,725.728,286.624,PASS,0
PHASEB_formal_r1_C2_RING_SIMPLE_CH8_N2048_q16_rep5,1,4,1,sm_89,R1_EVENT_OVERLAP,NCCL,C2_RING_SIMPLE_CH8,2048,2048,2048,16,2,1048576,22,0,445.248,729.024,1041.152,312.128,PASS,0
PHASEB_formal_r1_C2_RING_SIMPLE_CH8_N2048_q16_rep5,1,4,1,sm_89,R1_EVENT_OVERLAP,NCCL,C2_RING_SIMPLE_CH8,2048,2048,2048,16,3,1048576,22,0,750.368,1044.544,1349.856,305.312,PASS,0
PHASEB_formal_r1_C2_RING_SIMPLE_CH8_N2048_q16_rep5,1,4,1,sm_89,R1_EVENT_OVERLAP,NCCL,C2_RING_SIMPLE_CH8,2048,2048,2048,16,4,1048576,22,0,1018.496,1353.184,1660.672,307.488,PASS,0
PHASEB_formal_r1_C2_RING_SIMPLE_CH8_N2048_q16_rep5,1,4,1,sm_89,R1_EVENT_OVERLAP,NCCL,C2_RING_SIMPLE_CH8,2048,2048,2048,16,5,1048576,22,0,1339.168,1664.032,1937.920,273.888,PASS,0
PHASEB_formal_r1_C2_RING_SIMPLE_CH8_N2048_q16_rep5,1,4,1,sm_89,R1_EVENT_OVERLAP,NCCL,C2_RING_SIMPLE_CH8,2048,2048,2048,16,6,1048576,22,0,1670.912,1941.504,2247.520,306.016,PASS,0
PHASEB_formal_r1_C2_RING_SIMPLE_CH8_N2048_q16_rep5,1,4,1,sm_89,R1_EVENT_OVERLAP,NCCL,C2_RING_SIMPLE_CH8,2048,2048,2048,16,7,1048576,22,0,1960.096,2250.976,2523.040,272.064,PASS,0
PHASEB_formal_r1_C2_RING_SIMPLE_CH8_N2048_q16_rep5,1,4,1,sm_89,R1_EVENT_OVERLAP,NCCL,C2_RING_SIMPLE_CH8,2048,2048,2048,16,8,1048576,22,0,2257.120,2526.336,2835.712,309.376,PASS,0
PHASEB_formal_r1_C2_RING_SIMPLE_CH8_N2048_q16_rep5,1,4,1,sm_89,R1_EVENT_OVERLAP,NCCL,C2_RING_SIMPLE_CH8,2048,2048,2048,16,9,1048576,22,0,2545.632,2838.880,3154.784,315.904,PASS,0
PHASEB_formal_r1_C2_RING_SIMPLE_CH8_N2048_q16_rep5,1,4,1,sm_89,R1_EVENT_OVERLAP,NCCL,C2_RING_SIMPLE_CH8,2048,2048,2048,16,10,1048576,22,0,2812.160,3158.240,3459.424,301.184,PASS,0
PHASEB_formal_r1_C2_RING_SIMPLE_CH8_N2048_q16_rep5,1,4,1,sm_89,R1_EVENT_OVERLAP,NCCL,C2_RING_SIMPLE_CH8,2048,2048,2048,16,11,1048576,22,0,2911.744,3462.752,3767.360,304.608,PASS,0
PHASEB_formal_r1_C2_RING_SIMPLE_CH8_N2048_q16_rep5,1,4,1,sm_89,R1_EVENT_OVERLAP,NCCL,C2_RING_SIMPLE_CH8,2048,2048,2048,16,12,1048576,22,0,3147.616,3771.168,4068.288,297.120,PASS,0
PHASEB_formal_r1_C2_RING_SIMPLE_CH8_N2048_q16_rep5,1,4,1,sm_89,R1_EVENT_OVERLAP,NCCL,C2_RING_SIMPLE_CH8,2048,2048,2048,16,13,1048576,22,0,3235.488,4071.616,4330.272,258.656,PASS,0
PHASEB_formal_r1_C2_RING_SIMPLE_CH8_N2048_q16_rep5,1,4,1,sm_89,R1_EVENT_OVERLAP,NCCL,C2_RING_SIMPLE_CH8,2048,2048,2048,16,14,1048576,22,0,3542.432,4333.600,4593.248,259.648,PASS,0
PHASEB_formal_r1_C2_RING_SIMPLE_CH8_N2048_q16_rep5,1,4,1,sm_89,R1_EVENT_OVERLAP,NCCL,C2_RING_SIMPLE_CH8,2048,2048,2048,16,15,1048576,22,0,3840.960,4596.576,4854.688,258.112,PASS,0
PHASEB_formal_r1_C2_RING_SIMPLE_CH8_N2048_q16_rep5,1,4,1,sm_89,R1_EVENT_OVERLAP,NCCL,C2_RING_SIMPLE_CH8,2048,2048,2048,16,0,1048576,23,0,141.056,147.584,457.024,309.440,PASS,0
PHASEB_formal_r1_C2_RING_SIMPLE_CH8_N2048_q16_rep5,1,4,1,sm_89,R1_EVENT_OVERLAP,NCCL,C2_RING_SIMPLE_CH8,2048,2048,2048,16,1,1048576,23,0,225.088,460.384,736.224,275.840,PASS,0
PHASEB_formal_r1_C2_RING_SIMPLE_CH8_N2048_q16_rep5,1,4,1,sm_89,R1_EVENT_OVERLAP,NCCL,C2_RING_SIMPLE_CH8,2048,2048,2048,16,2,1048576,23,0,471.328,739.584,1053.760,314.176,PASS,0
PHASEB_formal_r1_C2_RING_SIMPLE_CH8_N2048_q16_rep5,1,4,1,sm_89,R1_EVENT_OVERLAP,NCCL,C2_RING_SIMPLE_CH8,2048,2048,2048,16,3,1048576,23,0,803.360,1057.056,1364.096,307.040,PASS,0
PHASEB_formal_r1_C2_RING_SIMPLE_CH8_N2048_q16_rep5,1,4,1,sm_89,R1_EVENT_OVERLAP,NCCL,C2_RING_SIMPLE_CH8,2048,2048,2048,16,4,1048576,23,0,1116.032,1367.456,1636.320,268.864,PASS,0
PHASEB_formal_r1_C2_RING_SIMPLE_CH8_N2048_q16_rep5,1,4,1,sm_89,R1_EVENT_OVERLAP,NCCL,C2_RING_SIMPLE_CH8,2048,2048,2048,16,5,1048576,23,0,1393.056,1639.616,1948.160,308.544,PASS,0
PHASEB_formal_r1_C2_RING_SIMPLE_CH8_N2048_q16_rep5,1,4,1,sm_89,R1_EVENT_OVERLAP,NCCL,C2_RING_SIMPLE_CH8,2048,2048,2048,16,6,1048576,23,0,1695.648,1951.776,2220.800,269.024,PASS,0
PHASEB_formal_r1_C2_RING_SIMPLE_CH8_N2048_q16_rep5,1,4,1,sm_89,R1_EVENT_OVERLAP,NCCL,C2_RING_SIMPLE_CH8,2048,2048,2048,16,7,1048576,23,0,1976.864,2224.000,2527.296,303.296,PASS,0
PHASEB_formal_r1_C2_RING_SIMPLE_CH8_N2048_q16_rep5,1,4,1,sm_89,R1_EVENT_OVERLAP,NCCL,C2_RING_SIMPLE_CH8,2048,2048,2048,16,8,1048576,23,0,2286.272,2530.944,2801.216,270.272,PASS,0
PHASEB_formal_r1_C2_RING_SIMPLE_CH8_N2048_q16_rep5,1,4,1,sm_89,R1_EVENT_OVERLAP,NCCL,C2_RING_SIMPLE_CH8,2048,2048,2048,16,9,1048576,23,0,2565.824,2804.672,3112.192,307.520,PASS,0
PHASEB_formal_r1_C2_RING_SIMPLE_CH8_N2048_q16_rep5,1,4,1,sm_89,R1_EVENT_OVERLAP,NCCL,C2_RING_SIMPLE_CH8,2048,2048,2048,16,10,1048576,23,0,2876.352,3115.744,3386.464,270.720,PASS,0
PHASEB_formal_r1_C2_RING_SIMPLE_CH8_N2048_q16_rep5,1,4,1,sm_89,R1_EVENT_OVERLAP,NCCL,C2_RING_SIMPLE_CH8,2048,2048,2048,16,11,1048576,23,0,3152.800,3390.080,3659.904,269.824,PASS,0
PHASEB_formal_r1_C2_RING_SIMPLE_CH8_N2048_q16_rep5,1,4,1,sm_89,R1_EVENT_OVERLAP,NCCL,C2_RING_SIMPLE_CH8,2048,2048,2048,16,12,1048576,23,0,3443.488,3663.360,3968.000,304.640,PASS,0
PHASEB_formal_r1_C2_RING_SIMPLE_CH8_N2048_q16_rep5,1,4,1,sm_89,R1_EVENT_OVERLAP,NCCL,C2_RING_SIMPLE_CH8,2048,2048,2048,16,13,1048576,23,0,3737.088,3971.488,4242.240,270.752,PASS,0
PHASEB_formal_r1_C2_RING_SIMPLE_CH8_N2048_q16_rep5,1,4,1,sm_89,R1_EVENT_OVERLAP,NCCL,C2_RING_SIMPLE_CH8,2048,2048,2048,16,14,1048576,23,0,4009.120,4245.408,4504.192,258.784,PASS,0
PHASEB_formal_r1_C2_RING_SIMPLE_CH8_N2048_q16_rep5,1,4,1,sm_89,R1_EVENT_OVERLAP,NCCL,C2_RING_SIMPLE_CH8,2048,2048,2048,16,15,1048576,23,0,4299.872,4507.520,4766.336,258.816,PASS,0
PHASEB_formal_r1_C2_RING_SIMPLE_CH8_N2048_q16_rep5,1,4,1,sm_89,R1_EVENT_OVERLAP,NCCL,C2_RING_SIMPLE_CH8,2048,2048,2048,16,0,1048576,24,0,113.056,119.392,428.128,308.736,PASS,0
PHASEB_formal_r1_C2_RING_SIMPLE_CH8_N2048_q16_rep5,1,4,1,sm_89,R1_EVENT_OVERLAP,NCCL,C2_RING_SIMPLE_CH8,2048,2048,2048,16,1,1048576,24,0,199.072,431.648,705.024,273.376,PASS,0
PHASEB_formal_r1_C2_RING_SIMPLE_CH8_N2048_q16_rep5,1,4,1,sm_89,R1_EVENT_OVERLAP,NCCL,C2_RING_SIMPLE_CH8,2048,2048,2048,16,2,1048576,24,0,439.328,708.320,1010.176,301.856,PASS,0
PHASEB_formal_r1_C2_RING_SIMPLE_CH8_N2048_q16_rep5,1,4,1,sm_89,R1_EVENT_OVERLAP,NCCL,C2_RING_SIMPLE_CH8,2048,2048,2048,16,3,1048576,24,0,756.384,1013.952,1323.136,309.184,PASS,0
PHASEB_formal_r1_C2_RING_SIMPLE_CH8_N2048_q16_rep5,1,4,1,sm_89,R1_EVENT_OVERLAP,NCCL,C2_RING_SIMPLE_CH8,2048,2048,2048,16,4,1048576,24,0,1000.416,1326.784,1602.144,275.360,PASS,0
PHASEB_formal_r1_C2_RING_SIMPLE_CH8_N2048_q16_rep5,1,4,1,sm_89,R1_EVENT_OVERLAP,NCCL,C2_RING_SIMPLE_CH8,2048,2048,2048,16,5,1048576,24,0,1090.624,1610.016,1924.544,314.528,PASS,0
PHASEB_formal_r1_C2_RING_SIMPLE_CH8_N2048_q16_rep5,1,4,1,sm_89,R1_EVENT_OVERLAP,NCCL,C2_RING_SIMPLE_CH8,2048,2048,2048,16,6,1048576,24,0,1333.664,1927.744,2257.568,329.824,PASS,0
PHASEB_formal_r1_C2_RING_SIMPLE_CH8_N2048_q16_rep5,1,4,1,sm_89,R1_EVENT_OVERLAP,NCCL,C2_RING_SIMPLE_CH8,2048,2048,2048,16,7,1048576,24,0,1644.896,2267.136,2538.656,271.520,PASS,0
PHASEB_formal_r1_C2_RING_SIMPLE_CH8_N2048_q16_rep5,1,4,1,sm_89,R1_EVENT_OVERLAP,NCCL,C2_RING_SIMPLE_CH8,2048,2048,2048,16,8,1048576,24,0,1968.064,2541.920,2849.728,307.808,PASS,0
PHASEB_formal_r1_C2_RING_SIMPLE_CH8_N2048_q16_rep5,1,4,1,sm_89,R1_EVENT_OVERLAP,NCCL,C2_RING_SIMPLE_CH8,2048,2048,2048,16,9,1048576,24,0,2277.312,2852.992,3123.552,270.560,PASS,0
PHASEB_formal_r1_C2_RING_SIMPLE_CH8_N2048_q16_rep5,1,4,1,sm_89,R1_EVENT_OVERLAP,NCCL,C2_RING_SIMPLE_CH8,2048,2048,2048,16,10,1048576,24,0,2580.000,3127.360,3432.576,305.216,PASS,0
PHASEB_formal_r1_C2_RING_SIMPLE_CH8_N2048_q16_rep5,1,4,1,sm_89,R1_EVENT_OVERLAP,NCCL,C2_RING_SIMPLE_CH8,2048,2048,2048,16,11,1048576,24,0,2887.040,3436.192,3706.080,269.888,PASS,0
PHASEB_formal_r1_C2_RING_SIMPLE_CH8_N2048_q16_rep5,1,4,1,sm_89,R1_EVENT_OVERLAP,NCCL,C2_RING_SIMPLE_CH8,2048,2048,2048,16,12,1048576,24,0,3176.704,3709.376,4014.368,304.992,PASS,0
PHASEB_formal_r1_C2_RING_SIMPLE_CH8_N2048_q16_rep5,1,4,1,sm_89,R1_EVENT_OVERLAP,NCCL,C2_RING_SIMPLE_CH8,2048,2048,2048,16,13,1048576,24,0,3469.888,4017.728,4277.312,259.584,PASS,0
PHASEB_formal_r1_C2_RING_SIMPLE_CH8_N2048_q16_rep5,1,4,1,sm_89,R1_EVENT_OVERLAP,NCCL,C2_RING_SIMPLE_CH8,2048,2048,2048,16,14,1048576,24,0,3756.960,4280.672,4541.440,260.768,PASS,0
PHASEB_formal_r1_C2_RING_SIMPLE_CH8_N2048_q16_rep5,1,4,1,sm_89,R1_EVENT_OVERLAP,NCCL,C2_RING_SIMPLE_CH8,2048,2048,2048,16,15,1048576,24,0,4048.992,4544.768,4803.456,258.688,PASS,0
PHASEB_formal_r1_C2_RING_SIMPLE_CH8_N2048_q16_rep5,1,4,1,sm_89,R1_EVENT_OVERLAP,NCCL,C2_RING_SIMPLE_CH8,2048,2048,2048,16,0,1048576,25,0,137.536,143.904,459.424,315.520,PASS,0
PHASEB_formal_r1_C2_RING_SIMPLE_CH8_N2048_q16_rep5,1,4,1,sm_89,R1_EVENT_OVERLAP,NCCL,C2_RING_SIMPLE_CH8,2048,2048,2048,16,1,1048576,25,0,249.536,462.848,766.400,303.552,PASS,0
PHASEB_formal_r1_C2_RING_SIMPLE_CH8_N2048_q16_rep5,1,4,1,sm_89,R1_EVENT_OVERLAP,NCCL,C2_RING_SIMPLE_CH8,2048,2048,2048,16,2,1048576,25,0,481.344,769.696,1040.864,271.168,PASS,0
PHASEB_formal_r1_C2_RING_SIMPLE_CH8_N2048_q16_rep5,1,4,1,sm_89,R1_EVENT_OVERLAP,NCCL,C2_RING_SIMPLE_CH8,2048,2048,2048,16,3,1048576,25,0,780.480,1044.224,1351.296,307.072,PASS,0
PHASEB_formal_r1_C2_RING_SIMPLE_CH8_N2048_q16_rep5,1,4,1,sm_89,R1_EVENT_OVERLAP,NCCL,C2_RING_SIMPLE_CH8,2048,2048,2048,16,4,1048576,25,0,1090.720,1354.528,1629.120,274.592,PASS,0
PHASEB_formal_r1_C2_RING_SIMPLE_CH8_N2048_q16_rep5,1,4,1,sm_89,R1_EVENT_OVERLAP,NCCL,C2_RING_SIMPLE_CH8,2048,2048,2048,16,5,1048576,25,0,1375.008,1632.768,1936.992,304.224,PASS,0
PHASEB_formal_r1_C2_RING_SIMPLE_CH8_N2048_q16_rep5,1,4,1,sm_89,R1_EVENT_OVERLAP,NCCL,C2_RING_SIMPLE_CH8,2048,2048,2048,16,6,1048576,25,0,1683.264,1940.352,2210.336,269.984,PASS,0
PHASEB_formal_r1_C2_RING_SIMPLE_CH8_N2048_q16_rep5,1,4,1,sm_89,R1_EVENT_OVERLAP,NCCL,C2_RING_SIMPLE_CH8,2048,2048,2048,16,7,1048576,25,0,1965.248,2213.856,2516.704,302.848,PASS,0
PHASEB_formal_r1_C2_RING_SIMPLE_CH8_N2048_q16_rep5,1,4,1,sm_89,R1_EVENT_OVERLAP,NCCL,C2_RING_SIMPLE_CH8,2048,2048,2048,16,8,1048576,25,0,2266.784,2520.672,2793.696,273.024,PASS,0
PHASEB_formal_r1_C2_RING_SIMPLE_CH8_N2048_q16_rep5,1,4,1,sm_89,R1_EVENT_OVERLAP,NCCL,C2_RING_SIMPLE_CH8,2048,2048,2048,16,9,1048576,25,0,2536.768,2797.184,3102.304,305.120,PASS,0
PHASEB_formal_r1_C2_RING_SIMPLE_CH8_N2048_q16_rep5,1,4,1,sm_89,R1_EVENT_OVERLAP,NCCL,C2_RING_SIMPLE_CH8,2048,2048,2048,16,10,1048576,25,0,2843.904,3106.016,3375.648,269.632,PASS,0
PHASEB_formal_r1_C2_RING_SIMPLE_CH8_N2048_q16_rep5,1,4,1,sm_89,R1_EVENT_OVERLAP,NCCL,C2_RING_SIMPLE_CH8,2048,2048,2048,16,11,1048576,25,0,3130.816,3379.232,3682.432,303.200,PASS,0
PHASEB_formal_r1_C2_RING_SIMPLE_CH8_N2048_q16_rep5,1,4,1,sm_89,R1_EVENT_OVERLAP,NCCL,C2_RING_SIMPLE_CH8,2048,2048,2048,16,12,1048576,25,0,3428.192,3685.760,3955.936,270.176,PASS,0
PHASEB_formal_r1_C2_RING_SIMPLE_CH8_N2048_q16_rep5,1,4,1,sm_89,R1_EVENT_OVERLAP,NCCL,C2_RING_SIMPLE_CH8,2048,2048,2048,16,13,1048576,25,0,3715.264,3959.200,4262.784,303.584,PASS,0
PHASEB_formal_r1_C2_RING_SIMPLE_CH8_N2048_q16_rep5,1,4,1,sm_89,R1_EVENT_OVERLAP,NCCL,C2_RING_SIMPLE_CH8,2048,2048,2048,16,14,1048576,25,0,4010.432,4266.112,4524.992,258.880,PASS,0
PHASEB_formal_r1_C2_RING_SIMPLE_CH8_N2048_q16_rep5,1,4,1,sm_89,R1_EVENT_OVERLAP,NCCL,C2_RING_SIMPLE_CH8,2048,2048,2048,16,15,1048576,25,0,4284.768,4528.352,4787.296,258.944,PASS,0
PHASEB_formal_r1_C2_RING_SIMPLE_CH8_N2048_q16_rep5,1,4,1,sm_89,R1_EVENT_OVERLAP,NCCL,C2_RING_SIMPLE_CH8,2048,2048,2048,16,0,1048576,26,0,116.224,123.072,433.472,310.400,PASS,0
PHASEB_formal_r1_C2_RING_SIMPLE_CH8_N2048_q16_rep5,1,4,1,sm_89,R1_EVENT_OVERLAP,NCCL,C2_RING_SIMPLE_CH8,2048,2048,2048,16,1,1048576,26,0,206.016,436.672,716.064,279.392,PASS,0
PHASEB_formal_r1_C2_RING_SIMPLE_CH8_N2048_q16_rep5,1,4,1,sm_89,R1_EVENT_OVERLAP,NCCL,C2_RING_SIMPLE_CH8,2048,2048,2048,16,2,1048576,26,0,443.072,719.392,1028.064,308.672,PASS,0
PHASEB_formal_r1_C2_RING_SIMPLE_CH8_N2048_q16_rep5,1,4,1,sm_89,R1_EVENT_OVERLAP,NCCL,C2_RING_SIMPLE_CH8,2048,2048,2048,16,3,1048576,26,0,752.736,1031.264,1350.080,318.816,PASS,0
PHASEB_formal_r1_C2_RING_SIMPLE_CH8_N2048_q16_rep5,1,4,1,sm_89,R1_EVENT_OVERLAP,NCCL,C2_RING_SIMPLE_CH8,2048,2048,2048,16,4,1048576,26,0,1004.672,1353.376,1632.000,278.624,PASS,0
PHASEB_formal_r1_C2_RING_SIMPLE_CH8_N2048_q16_rep5,1,4,1,sm_89,R1_EVENT_OVERLAP,NCCL,C2_RING_SIMPLE_CH8,2048,2048,2048,16,5,1048576,26,0,1096.384,1642.208,1952.416,310.208,PASS,0
PHASEB_formal_r1_C2_RING_SIMPLE_CH8_N2048_q16_rep5,1,4,1,sm_89,R1_EVENT_OVERLAP,NCCL,C2_RING_SIMPLE_CH8,2048,2048,2048,16,6,1048576,26,0,1359.424,1955.968,2226.240,270.272,PASS,0
PHASEB_formal_r1_C2_RING_SIMPLE_CH8_N2048_q16_rep5,1,4,1,sm_89,R1_EVENT_OVERLAP,NCCL,C2_RING_SIMPLE_CH8,2048,2048,2048,16,7,1048576,26,0,1671.776,2229.536,2530.144,300.608,PASS,0
PHASEB_formal_r1_C2_RING_SIMPLE_CH8_N2048_q16_rep5,1,4,1,sm_89,R1_EVENT_OVERLAP,NCCL,C2_RING_SIMPLE_CH8,2048,2048,2048,16,8,1048576,26,0,1966.464,2533.376,2837.248,303.872,PASS,0
PHASEB_formal_r1_C2_RING_SIMPLE_CH8_N2048_q16_rep5,1,4,1,sm_89,R1_EVENT_OVERLAP,NCCL,C2_RING_SIMPLE_CH8,2048,2048,2048,16,9,1048576,26,0,2250.016,2841.120,3144.832,303.712,PASS,0
PHASEB_formal_r1_C2_RING_SIMPLE_CH8_N2048_q16_rep5,1,4,1,sm_89,R1_EVENT_OVERLAP,NCCL,C2_RING_SIMPLE_CH8,2048,2048,2048,16,10,1048576,26,0,2500.864,3148.672,3454.272,305.600,PASS,0
PHASEB_formal_r1_C2_RING_SIMPLE_CH8_N2048_q16_rep5,1,4,1,sm_89,R1_EVENT_OVERLAP,NCCL,C2_RING_SIMPLE_CH8,2048,2048,2048,16,11,1048576,26,0,2800.992,3457.696,3762.272,304.576,PASS,0
PHASEB_formal_r1_C2_RING_SIMPLE_CH8_N2048_q16_rep5,1,4,1,sm_89,R1_EVENT_OVERLAP,NCCL,C2_RING_SIMPLE_CH8,2048,2048,2048,16,12,1048576,26,0,3054.656,3765.568,4063.648,298.080,PASS,0
PHASEB_formal_r1_C2_RING_SIMPLE_CH8_N2048_q16_rep5,1,4,1,sm_89,R1_EVENT_OVERLAP,NCCL,C2_RING_SIMPLE_CH8,2048,2048,2048,16,13,1048576,26,0,3264.576,4067.008,4326.944,259.936,PASS,0
PHASEB_formal_r1_C2_RING_SIMPLE_CH8_N2048_q16_rep5,1,4,1,sm_89,R1_EVENT_OVERLAP,NCCL,C2_RING_SIMPLE_CH8,2048,2048,2048,16,14,1048576,26,0,3548.128,4330.272,4589.792,259.520,PASS,0
PHASEB_formal_r1_C2_RING_SIMPLE_CH8_N2048_q16_rep5,1,4,1,sm_89,R1_EVENT_OVERLAP,NCCL,C2_RING_SIMPLE_CH8,2048,2048,2048,16,15,1048576,26,0,3801.440,4593.120,4852.192,259.072,PASS,0
PHASEB_formal_r1_C2_RING_SIMPLE_CH8_N2048_q16_rep5,1,4,1,sm_89,R1_EVENT_OVERLAP,NCCL,C2_RING_SIMPLE_CH8,2048,2048,2048,16,0,1048576,27,0,134.816,141.632,456.640,315.008,PASS,0
PHASEB_formal_r1_C2_RING_SIMPLE_CH8_N2048_q16_rep5,1,4,1,sm_89,R1_EVENT_OVERLAP,NCCL,C2_RING_SIMPLE_CH8,2048,2048,2048,16,1,1048576,27,0,254.304,459.968,734.560,274.592,PASS,0
PHASEB_formal_r1_C2_RING_SIMPLE_CH8_N2048_q16_rep5,1,4,1,sm_89,R1_EVENT_OVERLAP,NCCL,C2_RING_SIMPLE_CH8,2048,2048,2048,16,2,1048576,27,0,471.232,737.824,1045.088,307.264,PASS,0
PHASEB_formal_r1_C2_RING_SIMPLE_CH8_N2048_q16_rep5,1,4,1,sm_89,R1_EVENT_OVERLAP,NCCL,C2_RING_SIMPLE_CH8,2048,2048,2048,16,3,1048576,27,0,784.064,1048.480,1322.368,273.888,PASS,0
PHASEB_formal_r1_C2_RING_SIMPLE_CH8_N2048_q16_rep5,1,4,1,sm_89,R1_EVENT_OVERLAP,NCCL,C2_RING_SIMPLE_CH8,2048,2048,2048,16,4,1048576,27,0,1098.624,1325.696,1632.352,306.656,PASS,0
PHASEB_formal_r1_C2_RING_SIMPLE_CH8_N2048_q16_rep5,1,4,1,sm_89,R1_EVENT_OVERLAP,NCCL,C2_RING_SIMPLE_CH8,2048,2048,2048,16,5,1048576,27,0,1382.304,1635.584,1940.224,304.640,PASS,0
PHASEB_formal_r1_C2_RING_SIMPLE_CH8_N2048_q16_rep5,1,4,1,sm_89,R1_EVENT_OVERLAP,NCCL,C2_RING_SIMPLE_CH8,2048,2048,2048,16,6,1048576,27,0,1691.296,1943.744,2211.872,268.128,PASS,0
PHASEB_formal_r1_C2_RING_SIMPLE_CH8_N2048_q16_rep5,1,4,1,sm_89,R1_EVENT_OVERLAP,NCCL,C2_RING_SIMPLE_CH8,2048,2048,2048,16,7,1048576,27,0,1969.280,2215.296,2520.192,304.896,PASS,0
PHASEB_formal_r1_C2_RING_SIMPLE_CH8_N2048_q16_rep5,1,4,1,sm_89,R1_EVENT_OVERLAP,NCCL,C2_RING_SIMPLE_CH8,2048,2048,2048,16,8,1048576,27,0,2279.104,2523.488,2794.784,271.296,PASS,0
PHASEB_formal_r1_C2_RING_SIMPLE_CH8_N2048_q16_rep5,1,4,1,sm_89,R1_EVENT_OVERLAP,NCCL,C2_RING_SIMPLE_CH8,2048,2048,2048,16,9,1048576,27,0,2559.328,2798.112,3103.904,305.792,PASS,0
PHASEB_formal_r1_C2_RING_SIMPLE_CH8_N2048_q16_rep5,1,4,1,sm_89,R1_EVENT_OVERLAP,NCCL,C2_RING_SIMPLE_CH8,2048,2048,2048,16,10,1048576,27,0,2864.160,3107.232,3374.304,267.072,PASS,0
PHASEB_formal_r1_C2_RING_SIMPLE_CH8_N2048_q16_rep5,1,4,1,sm_89,R1_EVENT_OVERLAP,NCCL,C2_RING_SIMPLE_CH8,2048,2048,2048,16,11,1048576,27,0,3141.408,3378.112,3682.944,304.832,PASS,0
PHASEB_formal_r1_C2_RING_SIMPLE_CH8_N2048_q16_rep5,1,4,1,sm_89,R1_EVENT_OVERLAP,NCCL,C2_RING_SIMPLE_CH8,2048,2048,2048,16,12,1048576,27,0,3455.392,3686.368,3963.488,277.120,PASS,0
PHASEB_formal_r1_C2_RING_SIMPLE_CH8_N2048_q16_rep5,1,4,1,sm_89,R1_EVENT_OVERLAP,NCCL,C2_RING_SIMPLE_CH8,2048,2048,2048,16,13,1048576,27,0,3731.936,3966.816,4273.248,306.432,PASS,0
PHASEB_formal_r1_C2_RING_SIMPLE_CH8_N2048_q16_rep5,1,4,1,sm_89,R1_EVENT_OVERLAP,NCCL,C2_RING_SIMPLE_CH8,2048,2048,2048,16,14,1048576,27,0,4045.056,4276.544,4536.448,259.904,PASS,0
PHASEB_formal_r1_C2_RING_SIMPLE_CH8_N2048_q16_rep5,1,4,1,sm_89,R1_EVENT_OVERLAP,NCCL,C2_RING_SIMPLE_CH8,2048,2048,2048,16,15,1048576,27,0,4321.152,4539.808,4799.072,259.264,PASS,0
PHASEB_formal_r1_C2_RING_SIMPLE_CH8_N2048_q16_rep5,1,4,1,sm_89,R1_EVENT_OVERLAP,NCCL,C2_RING_SIMPLE_CH8,2048,2048,2048,16,0,1048576,28,0,124.352,130.752,439.200,308.448,PASS,0
PHASEB_formal_r1_C2_RING_SIMPLE_CH8_N2048_q16_rep5,1,4,1,sm_89,R1_EVENT_OVERLAP,NCCL,C2_RING_SIMPLE_CH8,2048,2048,2048,16,1,1048576,28,0,213.056,442.816,718.336,275.520,PASS,0
PHASEB_formal_r1_C2_RING_SIMPLE_CH8_N2048_q16_rep5,1,4,1,sm_89,R1_EVENT_OVERLAP,NCCL,C2_RING_SIMPLE_CH8,2048,2048,2048,16,2,1048576,28,0,449.344,721.888,1031.584,309.696,PASS,0
PHASEB_formal_r1_C2_RING_SIMPLE_CH8_N2048_q16_rep5,1,4,1,sm_89,R1_EVENT_OVERLAP,NCCL,C2_RING_SIMPLE_CH8,2048,2048,2048,16,3,1048576,28,0,748.288,1034.848,1304.608,269.760,PASS,0
PHASEB_formal_r1_C2_RING_SIMPLE_CH8_N2048_q16_rep5,1,4,1,sm_89,R1_EVENT_OVERLAP,NCCL,C2_RING_SIMPLE_CH8,2048,2048,2048,16,4,1048576,28,0,1060.064,1308.768,1615.520,306.752,PASS,0
PHASEB_formal_r1_C2_RING_SIMPLE_CH8_N2048_q16_rep5,1,4,1,sm_89,R1_EVENT_OVERLAP,NCCL,C2_RING_SIMPLE_CH8,2048,2048,2048,16,5,1048576,28,0,1359.552,1618.880,1890.208,271.328,PASS,0
PHASEB_formal_r1_C2_RING_SIMPLE_CH8_N2048_q16_rep5,1,4,1,sm_89,R1_EVENT_OVERLAP,NCCL,C2_RING_SIMPLE_CH8,2048,2048,2048,16,6,1048576,28,0,1633.088,1893.440,2194.208,300.768,PASS,0
PHASEB_formal_r1_C2_RING_SIMPLE_CH8_N2048_q16_rep5,1,4,1,sm_89,R1_EVENT_OVERLAP,NCCL,C2_RING_SIMPLE_CH8,2048,2048,2048,16,7,1048576,28,0,1944.320,2198.208,2466.560,268.352,PASS,0
PHASEB_formal_r1_C2_RING_SIMPLE_CH8_N2048_q16_rep5,1,4,1,sm_89,R1_EVENT_OVERLAP,NCCL,C2_RING_SIMPLE_CH8,2048,2048,2048,16,8,1048576,28,0,2217.600,2469.952,2772.768,302.816,PASS,0
PHASEB_formal_r1_C2_RING_SIMPLE_CH8_N2048_q16_rep5,1,4,1,sm_89,R1_EVENT_OVERLAP,NCCL,C2_RING_SIMPLE_CH8,2048,2048,2048,16,9,1048576,28,0,2528.896,2776.192,3046.688,270.496,PASS,0
PHASEB_formal_r1_C2_RING_SIMPLE_CH8_N2048_q16_rep5,1,4,1,sm_89,R1_EVENT_OVERLAP,NCCL,C2_RING_SIMPLE_CH8,2048,2048,2048,16,10,1048576,28,0,2802.176,3050.016,3355.552,305.536,PASS,0
PHASEB_formal_r1_C2_RING_SIMPLE_CH8_N2048_q16_rep5,1,4,1,sm_89,R1_EVENT_OVERLAP,NCCL,C2_RING_SIMPLE_CH8,2048,2048,2048,16,11,1048576,28,0,3114.688,3359.392,3627.872,268.480,PASS,0
PHASEB_formal_r1_C2_RING_SIMPLE_CH8_N2048_q16_rep5,1,4,1,sm_89,R1_EVENT_OVERLAP,NCCL,C2_RING_SIMPLE_CH8,2048,2048,2048,16,12,1048576,28,0,3387.712,3631.616,3940.128,308.512,PASS,0
PHASEB_formal_r1_C2_RING_SIMPLE_CH8_N2048_q16_rep5,1,4,1,sm_89,R1_EVENT_OVERLAP,NCCL,C2_RING_SIMPLE_CH8,2048,2048,2048,16,13,1048576,28,0,3696.256,3943.456,4239.136,295.680,PASS,0
PHASEB_formal_r1_C2_RING_SIMPLE_CH8_N2048_q16_rep5,1,4,1,sm_89,R1_EVENT_OVERLAP,NCCL,C2_RING_SIMPLE_CH8,2048,2048,2048,16,14,1048576,28,0,3932.000,4242.496,4502.528,260.032,PASS,0
PHASEB_formal_r1_C2_RING_SIMPLE_CH8_N2048_q16_rep5,1,4,1,sm_89,R1_EVENT_OVERLAP,NCCL,C2_RING_SIMPLE_CH8,2048,2048,2048,16,15,1048576,28,0,4021.536,4505.888,4764.352,258.464,PASS,0
PHASEB_formal_r1_C2_RING_SIMPLE_CH8_N2048_q16_rep5,1,4,1,sm_89,R1_EVENT_OVERLAP,NCCL,C2_RING_SIMPLE_CH8,2048,2048,2048,16,0,1048576,29,0,139.136,145.696,458.304,312.608,PASS,0
PHASEB_formal_r1_C2_RING_SIMPLE_CH8_N2048_q16_rep5,1,4,1,sm_89,R1_EVENT_OVERLAP,NCCL,C2_RING_SIMPLE_CH8,2048,2048,2048,16,1,1048576,29,0,254.432,461.664,733.056,271.392,PASS,0
PHASEB_formal_r1_C2_RING_SIMPLE_CH8_N2048_q16_rep5,1,4,1,sm_89,R1_EVENT_OVERLAP,NCCL,C2_RING_SIMPLE_CH8,2048,2048,2048,16,2,1048576,29,0,476.096,736.704,1043.808,307.104,PASS,0
PHASEB_formal_r1_C2_RING_SIMPLE_CH8_N2048_q16_rep5,1,4,1,sm_89,R1_EVENT_OVERLAP,NCCL,C2_RING_SIMPLE_CH8,2048,2048,2048,16,3,1048576,29,0,790.688,1047.232,1320.160,272.928,PASS,0
PHASEB_formal_r1_C2_RING_SIMPLE_CH8_N2048_q16_rep5,1,4,1,sm_89,R1_EVENT_OVERLAP,NCCL,C2_RING_SIMPLE_CH8,2048,2048,2048,16,4,1048576,29,0,1095.520,1323.584,1630.176,306.592,PASS,0
PHASEB_formal_r1_C2_RING_SIMPLE_CH8_N2048_q16_rep5,1,4,1,sm_89,R1_EVENT_OVERLAP,NCCL,C2_RING_SIMPLE_CH8,2048,2048,2048,16,5,1048576,29,0,1377.696,1633.504,1944.288,310.784,PASS,0
PHASEB_formal_r1_C2_RING_SIMPLE_CH8_N2048_q16_rep5,1,4,1,sm_89,R1_EVENT_OVERLAP,NCCL,C2_RING_SIMPLE_CH8,2048,2048,2048,16,6,1048576,29,0,1687.616,1947.808,2221.984,274.176,PASS,0
PHASEB_formal_r1_C2_RING_SIMPLE_CH8_N2048_q16_rep5,1,4,1,sm_89,R1_EVENT_OVERLAP,NCCL,C2_RING_SIMPLE_CH8,2048,2048,2048,16,7,1048576,29,0,1971.776,2225.408,2497.760,272.352,PASS,0
PHASEB_formal_r1_C2_RING_SIMPLE_CH8_N2048_q16_rep5,1,4,1,sm_89,R1_EVENT_OVERLAP,NCCL,C2_RING_SIMPLE_CH8,2048,2048,2048,16,8,1048576,29,0,2274.816,2501.120,2772.288,271.168,PASS,0
PHASEB_formal_r1_C2_RING_SIMPLE_CH8_N2048_q16_rep5,1,4,1,sm_89,R1_EVENT_OVERLAP,NCCL,C2_RING_SIMPLE_CH8,2048,2048,2048,16,9,1048576,29,0,2551.008,2775.744,3083.424,307.680,PASS,0
PHASEB_formal_r1_C2_RING_SIMPLE_CH8_N2048_q16_rep5,1,4,1,sm_89,R1_EVENT_OVERLAP,NCCL,C2_RING_SIMPLE_CH8,2048,2048,2048,16,10,1048576,29,0,2839.744,3086.752,3356.448,269.696,PASS,0
PHASEB_formal_r1_C2_RING_SIMPLE_CH8_N2048_q16_rep5,1,4,1,sm_89,R1_EVENT_OVERLAP,NCCL,C2_RING_SIMPLE_CH8,2048,2048,2048,16,11,1048576,29,0,3134.272,3359.744,3627.008,267.264,PASS,0
PHASEB_formal_r1_C2_RING_SIMPLE_CH8_N2048_q16_rep5,1,4,1,sm_89,R1_EVENT_OVERLAP,NCCL,C2_RING_SIMPLE_CH8,2048,2048,2048,16,12,1048576,29,0,3410.528,3630.528,3936.800,306.272,PASS,0
PHASEB_formal_r1_C2_RING_SIMPLE_CH8_N2048_q16_rep5,1,4,1,sm_89,R1_EVENT_OVERLAP,NCCL,C2_RING_SIMPLE_CH8,2048,2048,2048,16,13,1048576,29,0,3711.488,3940.096,4213.600,273.504,PASS,0
PHASEB_formal_r1_C2_RING_SIMPLE_CH8_N2048_q16_rep5,1,4,1,sm_89,R1_EVENT_OVERLAP,NCCL,C2_RING_SIMPLE_CH8,2048,2048,2048,16,14,1048576,29,0,3993.856,4216.864,4510.560,293.696,PASS,0
PHASEB_formal_r1_C2_RING_SIMPLE_CH8_N2048_q16_rep5,1,4,1,sm_89,R1_EVENT_OVERLAP,NCCL,C2_RING_SIMPLE_CH8,2048,2048,2048,16,15,1048576,29,0,4277.120,4513.920,4773.216,259.296,PASS,0
PHASEB_formal_r1_C2_RING_SIMPLE_CH8_N2048_q16_rep5,1,4,1,sm_89,R1_EVENT_OVERLAP,NCCL,C2_RING_SIMPLE_CH8,2048,2048,2048,16,0,1048576,30,0,119.040,125.280,435.104,309.824,PASS,0
PHASEB_formal_r1_C2_RING_SIMPLE_CH8_N2048_q16_rep5,1,4,1,sm_89,R1_EVENT_OVERLAP,NCCL,C2_RING_SIMPLE_CH8,2048,2048,2048,16,1,1048576,30,0,207.872,438.720,743.168,304.448,PASS,0
PHASEB_formal_r1_C2_RING_SIMPLE_CH8_N2048_q16_rep5,1,4,1,sm_89,R1_EVENT_OVERLAP,NCCL,C2_RING_SIMPLE_CH8,2048,2048,2048,16,2,1048576,30,0,463.296,746.720,1026.560,279.840,PASS,0
PHASEB_formal_r1_C2_RING_SIMPLE_CH8_N2048_q16_rep5,1,4,1,sm_89,R1_EVENT_OVERLAP,NCCL,C2_RING_SIMPLE_CH8,2048,2048,2048,16,3,1048576,30,0,771.648,1030.016,1306.592,276.576,PASS,0
PHASEB_formal_r1_C2_RING_SIMPLE_CH8_N2048_q16_rep5,1,4,1,sm_89,R1_EVENT_OVERLAP,NCCL,C2_RING_SIMPLE_CH8,2048,2048,2048,16,4,1048576,30,0,1072.704,1309.920,1615.808,305.888,PASS,0
PHASEB_formal_r1_C2_RING_SIMPLE_CH8_N2048_q16_rep5,1,4,1,sm_89,R1_EVENT_OVERLAP,NCCL,C2_RING_SIMPLE_CH8,2048,2048,2048,16,5,1048576,30,0,1371.968,1619.488,1890.176,270.688,PASS,0
PHASEB_formal_r1_C2_RING_SIMPLE_CH8_N2048_q16_rep5,1,4,1,sm_89,R1_EVENT_OVERLAP,NCCL,C2_RING_SIMPLE_CH8,2048,2048,2048,16,6,1048576,30,0,1660.864,1893.344,2196.896,303.552,PASS,0
PHASEB_formal_r1_C2_RING_SIMPLE_CH8_N2048_q16_rep5,1,4,1,sm_89,R1_EVENT_OVERLAP,NCCL,C2_RING_SIMPLE_CH8,2048,2048,2048,16,7,1048576,30,0,1953.056,2200.128,2468.480,268.352,PASS,0
PHASEB_formal_r1_C2_RING_SIMPLE_CH8_N2048_q16_rep5,1,4,1,sm_89,R1_EVENT_OVERLAP,NCCL,C2_RING_SIMPLE_CH8,2048,2048,2048,16,8,1048576,30,0,2246.912,2471.936,2778.080,306.144,PASS,0
PHASEB_formal_r1_C2_RING_SIMPLE_CH8_N2048_q16_rep5,1,4,1,sm_89,R1_EVENT_OVERLAP,NCCL,C2_RING_SIMPLE_CH8,2048,2048,2048,16,9,1048576,30,0,2543.552,2781.536,3053.472,271.936,PASS,0
PHASEB_formal_r1_C2_RING_SIMPLE_CH8_N2048_q16_rep5,1,4,1,sm_89,R1_EVENT_OVERLAP,NCCL,C2_RING_SIMPLE_CH8,2048,2048,2048,16,10,1048576,30,0,2834.848,3056.928,3363.648,306.720,PASS,0
PHASEB_formal_r1_C2_RING_SIMPLE_CH8_N2048_q16_rep5,1,4,1,sm_89,R1_EVENT_OVERLAP,NCCL,C2_RING_SIMPLE_CH8,2048,2048,2048,16,11,1048576,30,0,3131.072,3367.008,3637.536,270.528,PASS,0
PHASEB_formal_r1_C2_RING_SIMPLE_CH8_N2048_q16_rep5,1,4,1,sm_89,R1_EVENT_OVERLAP,NCCL,C2_RING_SIMPLE_CH8,2048,2048,2048,16,12,1048576,30,0,3405.280,3640.992,3913.344,272.352,PASS,0
PHASEB_formal_r1_C2_RING_SIMPLE_CH8_N2048_q16_rep5,1,4,1,sm_89,R1_EVENT_OVERLAP,NCCL,C2_RING_SIMPLE_CH8,2048,2048,2048,16,13,1048576,30,0,3698.592,3916.640,4221.504,304.864,PASS,0
PHASEB_formal_r1_C2_RING_SIMPLE_CH8_N2048_q16_rep5,1,4,1,sm_89,R1_EVENT_OVERLAP,NCCL,C2_RING_SIMPLE_CH8,2048,2048,2048,16,14,1048576,30,0,3986.944,4224.864,4485.088,260.224,PASS,0
PHASEB_formal_r1_C2_RING_SIMPLE_CH8_N2048_q16_rep5,1,4,1,sm_89,R1_EVENT_OVERLAP,NCCL,C2_RING_SIMPLE_CH8,2048,2048,2048,16,15,1048576,30,0,4261.152,4488.448,4746.304,257.856,PASS,0
PHASEB_formal_r1_C2_RING_SIMPLE_CH8_N2048_q16_rep5,1,4,1,sm_89,R1_EVENT_OVERLAP,NCCL,C2_RING_SIMPLE_CH8,2048,2048,2048,16,0,1048576,31,0,139.520,146.208,462.560,316.352,PASS,0
PHASEB_formal_r1_C2_RING_SIMPLE_CH8_N2048_q16_rep5,1,4,1,sm_89,R1_EVENT_OVERLAP,NCCL,C2_RING_SIMPLE_CH8,2048,2048,2048,16,1,1048576,31,0,223.808,465.824,736.704,270.880,PASS,0
PHASEB_formal_r1_C2_RING_SIMPLE_CH8_N2048_q16_rep5,1,4,1,sm_89,R1_EVENT_OVERLAP,NCCL,C2_RING_SIMPLE_CH8,2048,2048,2048,16,2,1048576,31,0,472.736,740.032,1050.144,310.112,PASS,0
PHASEB_formal_r1_C2_RING_SIMPLE_CH8_N2048_q16_rep5,1,4,1,sm_89,R1_EVENT_OVERLAP,NCCL,C2_RING_SIMPLE_CH8,2048,2048,2048,16,3,1048576,31,0,794.208,1058.592,1333.920,275.328,PASS,0
PHASEB_formal_r1_C2_RING_SIMPLE_CH8_N2048_q16_rep5,1,4,1,sm_89,R1_EVENT_OVERLAP,NCCL,C2_RING_SIMPLE_CH8,2048,2048,2048,16,4,1048576,31,0,1100.096,1337.408,1640.992,303.584,PASS,0
PHASEB_formal_r1_C2_RING_SIMPLE_CH8_N2048_q16_rep5,1,4,1,sm_89,R1_EVENT_OVERLAP,NCCL,C2_RING_SIMPLE_CH8,2048,2048,2048,16,5,1048576,31,0,1386.240,1644.320,1917.472,273.152,PASS,0
PHASEB_formal_r1_C2_RING_SIMPLE_CH8_N2048_q16_rep5,1,4,1,sm_89,R1_EVENT_OVERLAP,NCCL,C2_RING_SIMPLE_CH8,2048,2048,2048,16,6,1048576,31,0,1686.432,1920.768,2191.648,270.880,PASS,0
PHASEB_formal_r1_C2_RING_SIMPLE_CH8_N2048_q16_rep5,1,4,1,sm_89,R1_EVENT_OVERLAP,NCCL,C2_RING_SIMPLE_CH8,2048,2048,2048,16,7,1048576,31,0,1970.688,2195.264,2465.120,269.856,PASS,0
PHASEB_formal_r1_C2_RING_SIMPLE_CH8_N2048_q16_rep5,1,4,1,sm_89,R1_EVENT_OVERLAP,NCCL,C2_RING_SIMPLE_CH8,2048,2048,2048,16,8,1048576,31,0,2251.712,2468.416,2774.272,305.856,PASS,0
PHASEB_formal_r1_C2_RING_SIMPLE_CH8_N2048_q16_rep5,1,4,1,sm_89,R1_EVENT_OVERLAP,NCCL,C2_RING_SIMPLE_CH8,2048,2048,2048,16,9,1048576,31,0,2559.584,2777.664,3053.312,275.648,PASS,0
PHASEB_formal_r1_C2_RING_SIMPLE_CH8_N2048_q16_rep5,1,4,1,sm_89,R1_EVENT_OVERLAP,NCCL,C2_RING_SIMPLE_CH8,2048,2048,2048,16,10,1048576,31,0,2832.064,3057.152,3360.480,303.328,PASS,0
PHASEB_formal_r1_C2_RING_SIMPLE_CH8_N2048_q16_rep5,1,4,1,sm_89,R1_EVENT_OVERLAP,NCCL,C2_RING_SIMPLE_CH8,2048,2048,2048,16,11,1048576,31,0,3119.136,3363.936,3634.016,270.080,PASS,0
PHASEB_formal_r1_C2_RING_SIMPLE_CH8_N2048_q16_rep5,1,4,1,sm_89,R1_EVENT_OVERLAP,NCCL,C2_RING_SIMPLE_CH8,2048,2048,2048,16,12,1048576,31,0,3403.552,3637.152,3908.928,271.776,PASS,0
PHASEB_formal_r1_C2_RING_SIMPLE_CH8_N2048_q16_rep5,1,4,1,sm_89,R1_EVENT_OVERLAP,NCCL,C2_RING_SIMPLE_CH8,2048,2048,2048,16,13,1048576,31,0,3692.096,3912.576,4217.728,305.152,PASS,0
PHASEB_formal_r1_C2_RING_SIMPLE_CH8_N2048_q16_rep5,1,4,1,sm_89,R1_EVENT_OVERLAP,NCCL,C2_RING_SIMPLE_CH8,2048,2048,2048,16,14,1048576,31,0,3966.944,4221.376,4481.600,260.224,PASS,0
PHASEB_formal_r1_C2_RING_SIMPLE_CH8_N2048_q16_rep5,1,4,1,sm_89,R1_EVENT_OVERLAP,NCCL,C2_RING_SIMPLE_CH8,2048,2048,2048,16,15,1048576,31,0,4259.584,4484.960,4743.712,258.752,PASS,0
PHASEB_formal_r1_C2_RING_SIMPLE_CH8_N2048_q16_rep5,1,4,1,sm_89,R1_EVENT_OVERLAP,NCCL,C2_RING_SIMPLE_CH8,2048,2048,2048,16,0,1048576,32,0,116.288,122.816,428.864,306.048,PASS,0
PHASEB_formal_r1_C2_RING_SIMPLE_CH8_N2048_q16_rep5,1,4,1,sm_89,R1_EVENT_OVERLAP,NCCL,C2_RING_SIMPLE_CH8,2048,2048,2048,16,1,1048576,32,0,207.040,432.768,702.912,270.144,PASS,0
PHASEB_formal_r1_C2_RING_SIMPLE_CH8_N2048_q16_rep5,1,4,1,sm_89,R1_EVENT_OVERLAP,NCCL,C2_RING_SIMPLE_CH8,2048,2048,2048,16,2,1048576,32,0,443.520,706.400,1013.536,307.136,PASS,0
PHASEB_formal_r1_C2_RING_SIMPLE_CH8_N2048_q16_rep5,1,4,1,sm_89,R1_EVENT_OVERLAP,NCCL,C2_RING_SIMPLE_CH8,2048,2048,2048,16,3,1048576,32,0,757.280,1016.896,1325.984,309.088,PASS,0
PHASEB_formal_r1_C2_RING_SIMPLE_CH8_N2048_q16_rep5,1,4,1,sm_89,R1_EVENT_OVERLAP,NCCL,C2_RING_SIMPLE_CH8,2048,2048,2048,16,4,1048576,32,0,1003.264,1329.280,1609.312,280.032,PASS,0
PHASEB_formal_r1_C2_RING_SIMPLE_CH8_N2048_q16_rep5,1,4,1,sm_89,R1_EVENT_OVERLAP,NCCL,C2_RING_SIMPLE_CH8,2048,2048,2048,16,5,1048576,32,0,1093.440,1612.544,1920.704,308.160,PASS,0
PHASEB_formal_r1_C2_RING_SIMPLE_CH8_N2048_q16_rep5,1,4,1,sm_89,R1_EVENT_OVERLAP,NCCL,C2_RING_SIMPLE_CH8,2048,2048,2048,16,6,1048576,32,0,1339.712,1924.000,2236.992,312.992,PASS,0
PHASEB_formal_r1_C2_RING_SIMPLE_CH8_N2048_q16_rep5,1,4,1,sm_89,R1_EVENT_OVERLAP,NCCL,C2_RING_SIMPLE_CH8,2048,2048,2048,16,7,1048576,32,0,1640.224,2240.352,2541.888,301.536,PASS,0
PHASEB_formal_r1_C2_RING_SIMPLE_CH8_N2048_q16_rep5,1,4,1,sm_89,R1_EVENT_OVERLAP,NCCL,C2_RING_SIMPLE_CH8,2048,2048,2048,16,8,1048576,32,0,1888.448,2545.216,2817.792,272.576,PASS,0
PHASEB_formal_r1_C2_RING_SIMPLE_CH8_N2048_q16_rep5,1,4,1,sm_89,R1_EVENT_OVERLAP,NCCL,C2_RING_SIMPLE_CH8,2048,2048,2048,16,9,1048576,32,0,2002.880,2821.408,3124.704,303.296,PASS,0
PHASEB_formal_r1_C2_RING_SIMPLE_CH8_N2048_q16_rep5,1,4,1,sm_89,R1_EVENT_OVERLAP,NCCL,C2_RING_SIMPLE_CH8,2048,2048,2048,16,10,1048576,32,0,2260.704,3128.000,3402.272,274.272,PASS,0
PHASEB_formal_r1_C2_RING_SIMPLE_CH8_N2048_q16_rep5,1,4,1,sm_89,R1_EVENT_OVERLAP,NCCL,C2_RING_SIMPLE_CH8,2048,2048,2048,16,11,1048576,32,0,2557.792,3406.176,3709.120,302.944,PASS,0
PHASEB_formal_r1_C2_RING_SIMPLE_CH8_N2048_q16_rep5,1,4,1,sm_89,R1_EVENT_OVERLAP,NCCL,C2_RING_SIMPLE_CH8,2048,2048,2048,16,12,1048576,32,0,2866.656,3712.800,3972.768,259.968,PASS,0
PHASEB_formal_r1_C2_RING_SIMPLE_CH8_N2048_q16_rep5,1,4,1,sm_89,R1_EVENT_OVERLAP,NCCL,C2_RING_SIMPLE_CH8,2048,2048,2048,16,13,1048576,32,0,3142.400,3976.096,4235.008,258.912,PASS,0
PHASEB_formal_r1_C2_RING_SIMPLE_CH8_N2048_q16_rep5,1,4,1,sm_89,R1_EVENT_OVERLAP,NCCL,C2_RING_SIMPLE_CH8,2048,2048,2048,16,14,1048576,32,0,3451.872,4238.336,4498.208,259.872,PASS,0
PHASEB_formal_r1_C2_RING_SIMPLE_CH8_N2048_q16_rep5,1,4,1,sm_89,R1_EVENT_OVERLAP,NCCL,C2_RING_SIMPLE_CH8,2048,2048,2048,16,15,1048576,32,0,3727.328,4501.536,4759.328,257.792,PASS,0
PHASEB_formal_r1_C2_RING_SIMPLE_CH8_N2048_q16_rep5,1,4,1,sm_89,R1_EVENT_OVERLAP,NCCL,C2_RING_SIMPLE_CH8,2048,2048,2048,16,0,1048576,33,0,139.360,145.568,457.792,312.224,PASS,0
PHASEB_formal_r1_C2_RING_SIMPLE_CH8_N2048_q16_rep5,1,4,1,sm_89,R1_EVENT_OVERLAP,NCCL,C2_RING_SIMPLE_CH8,2048,2048,2048,16,1,1048576,33,0,225.408,461.088,733.632,272.544,PASS,0
PHASEB_formal_r1_C2_RING_SIMPLE_CH8_N2048_q16_rep5,1,4,1,sm_89,R1_EVENT_OVERLAP,NCCL,C2_RING_SIMPLE_CH8,2048,2048,2048,16,2,1048576,33,0,469.280,737.120,1046.816,309.696,PASS,0
PHASEB_formal_r1_C2_RING_SIMPLE_CH8_N2048_q16_rep5,1,4,1,sm_89,R1_EVENT_OVERLAP,NCCL,C2_RING_SIMPLE_CH8,2048,2048,2048,16,3,1048576,33,0,782.048,1050.816,1322.528,271.712,PASS,0
PHASEB_formal_r1_C2_RING_SIMPLE_CH8_N2048_q16_rep5,1,4,1,sm_89,R1_EVENT_OVERLAP,NCCL,C2_RING_SIMPLE_CH8,2048,2048,2048,16,4,1048576,33,0,1089.632,1326.080,1632.960,306.880,PASS,0
PHASEB_formal_r1_C2_RING_SIMPLE_CH8_N2048_q16_rep5,1,4,1,sm_89,R1_EVENT_OVERLAP,NCCL,C2_RING_SIMPLE_CH8,2048,2048,2048,16,5,1048576,33,0,1382.560,1636.288,1909.344,273.056,PASS,0
PHASEB_formal_r1_C2_RING_SIMPLE_CH8_N2048_q16_rep5,1,4,1,sm_89,R1_EVENT_OVERLAP,NCCL,C2_RING_SIMPLE_CH8,2048,2048,2048,16,6,1048576,33,0,1674.752,1912.704,2219.328,306.624,PASS,0
PHASEB_formal_r1_C2_RING_SIMPLE_CH8_N2048_q16_rep5,1,4,1,sm_89,R1_EVENT_OVERLAP,NCCL,C2_RING_SIMPLE_CH8,2048,2048,2048,16,7,1048576,33,0,1962.528,2222.816,2500.800,277.984,PASS,0
PHASEB_formal_r1_C2_RING_SIMPLE_CH8_N2048_q16_rep5,1,4,1,sm_89,R1_EVENT_OVERLAP,NCCL,C2_RING_SIMPLE_CH8,2048,2048,2048,16,8,1048576,33,0,2261.472,2504.032,2778.240,274.208,PASS,0
PHASEB_formal_r1_C2_RING_SIMPLE_CH8_N2048_q16_rep5,1,4,1,sm_89,R1_EVENT_OVERLAP,NCCL,C2_RING_SIMPLE_CH8,2048,2048,2048,16,9,1048576,33,0,2551.616,2781.568,3088.096,306.528,PASS,0
PHASEB_formal_r1_C2_RING_SIMPLE_CH8_N2048_q16_rep5,1,4,1,sm_89,R1_EVENT_OVERLAP,NCCL,C2_RING_SIMPLE_CH8,2048,2048,2048,16,10,1048576,33,0,2858.176,3091.360,3358.816,267.456,PASS,0
PHASEB_formal_r1_C2_RING_SIMPLE_CH8_N2048_q16_rep5,1,4,1,sm_89,R1_EVENT_OVERLAP,NCCL,C2_RING_SIMPLE_CH8,2048,2048,2048,16,11,1048576,33,0,3132.800,3362.336,3668.192,305.856,PASS,0
PHASEB_formal_r1_C2_RING_SIMPLE_CH8_N2048_q16_rep5,1,4,1,sm_89,R1_EVENT_OVERLAP,NCCL,C2_RING_SIMPLE_CH8,2048,2048,2048,16,12,1048576,33,0,3444.288,3671.456,3939.648,268.192,PASS,0
PHASEB_formal_r1_C2_RING_SIMPLE_CH8_N2048_q16_rep5,1,4,1,sm_89,R1_EVENT_OVERLAP,NCCL,C2_RING_SIMPLE_CH8,2048,2048,2048,16,13,1048576,33,0,3720.928,3942.880,4245.888,303.008,PASS,0
PHASEB_formal_r1_C2_RING_SIMPLE_CH8_N2048_q16_rep5,1,4,1,sm_89,R1_EVENT_OVERLAP,NCCL,C2_RING_SIMPLE_CH8,2048,2048,2048,16,14,1048576,33,0,4029.600,4249.216,4508.800,259.584,PASS,0
PHASEB_formal_r1_C2_RING_SIMPLE_CH8_N2048_q16_rep5,1,4,1,sm_89,R1_EVENT_OVERLAP,NCCL,C2_RING_SIMPLE_CH8,2048,2048,2048,16,15,1048576,33,0,4309.632,4512.160,4771.488,259.328,PASS,0
PHASEB_formal_r1_C2_RING_SIMPLE_CH8_N2048_q16_rep5,1,4,1,sm_89,R1_EVENT_OVERLAP,NCCL,C2_RING_SIMPLE_CH8,2048,2048,2048,16,0,1048576,34,0,122.144,128.704,437.568,308.864,PASS,0
PHASEB_formal_r1_C2_RING_SIMPLE_CH8_N2048_q16_rep5,1,4,1,sm_89,R1_EVENT_OVERLAP,NCCL,C2_RING_SIMPLE_CH8,2048,2048,2048,16,1,1048576,34,0,213.344,441.056,712.064,271.008,PASS,0
PHASEB_formal_r1_C2_RING_SIMPLE_CH8_N2048_q16_rep5,1,4,1,sm_89,R1_EVENT_OVERLAP,NCCL,C2_RING_SIMPLE_CH8,2048,2048,2048,16,2,1048576,34,0,451.744,715.488,1026.176,310.688,PASS,0
PHASEB_formal_r1_C2_RING_SIMPLE_CH8_N2048_q16_rep5,1,4,1,sm_89,R1_EVENT_OVERLAP,NCCL,C2_RING_SIMPLE_CH8,2048,2048,2048,16,3,1048576,34,0,741.696,1030.048,1334.400,304.352,PASS,0
PHASEB_formal_r1_C2_RING_SIMPLE_CH8_N2048_q16_rep5,1,4,1,sm_89,R1_EVENT_OVERLAP,NCCL,C2_RING_SIMPLE_CH8,2048,2048,2048,16,4,1048576,34,0,1000.864,1337.696,1643.712,306.016,PASS,0
PHASEB_formal_r1_C2_RING_SIMPLE_CH8_N2048_q16_rep5,1,4,1,sm_89,R1_EVENT_OVERLAP,NCCL,C2_RING_SIMPLE_CH8,2048,2048,2048,16,5,1048576,34,0,1088.736,1647.040,1923.904,276.864,PASS,0
PHASEB_formal_r1_C2_RING_SIMPLE_CH8_N2048_q16_rep5,1,4,1,sm_89,R1_EVENT_OVERLAP,NCCL,C2_RING_SIMPLE_CH8,2048,2048,2048,16,6,1048576,34,0,1324.160,1927.520,2233.344,305.824,PASS,0
PHASEB_formal_r1_C2_RING_SIMPLE_CH8_N2048_q16_rep5,1,4,1,sm_89,R1_EVENT_OVERLAP,NCCL,C2_RING_SIMPLE_CH8,2048,2048,2048,16,7,1048576,34,0,1418.688,2236.640,2543.744,307.104,PASS,0
PHASEB_formal_r1_C2_RING_SIMPLE_CH8_N2048_q16_rep5,1,4,1,sm_89,R1_EVENT_OVERLAP,NCCL,C2_RING_SIMPLE_CH8,2048,2048,2048,16,8,1048576,34,0,1658.144,2547.008,2852.032,305.024,PASS,0
PHASEB_formal_r1_C2_RING_SIMPLE_CH8_N2048_q16_rep5,1,4,1,sm_89,R1_EVENT_OVERLAP,NCCL,C2_RING_SIMPLE_CH8,2048,2048,2048,16,9,1048576,34,0,1955.040,2855.648,3129.984,274.336,PASS,0
PHASEB_formal_r1_C2_RING_SIMPLE_CH8_N2048_q16_rep5,1,4,1,sm_89,R1_EVENT_OVERLAP,NCCL,C2_RING_SIMPLE_CH8,2048,2048,2048,16,10,1048576,34,0,2204.384,3133.280,3437.280,304.000,PASS,0
PHASEB_formal_r1_C2_RING_SIMPLE_CH8_N2048_q16_rep5,1,4,1,sm_89,R1_EVENT_OVERLAP,NCCL,C2_RING_SIMPLE_CH8,2048,2048,2048,16,11,1048576,34,0,2311.136,3440.576,3699.968,259.392,PASS,0
PHASEB_formal_r1_C2_RING_SIMPLE_CH8_N2048_q16_rep5,1,4,1,sm_89,R1_EVENT_OVERLAP,NCCL,C2_RING_SIMPLE_CH8,2048,2048,2048,16,12,1048576,34,0,2628.224,3703.328,3963.104,259.776,PASS,0
PHASEB_formal_r1_C2_RING_SIMPLE_CH8_N2048_q16_rep5,1,4,1,sm_89,R1_EVENT_OVERLAP,NCCL,C2_RING_SIMPLE_CH8,2048,2048,2048,16,13,1048576,34,0,2904.384,3966.464,4224.864,258.400,PASS,0
PHASEB_formal_r1_C2_RING_SIMPLE_CH8_N2048_q16_rep5,1,4,1,sm_89,R1_EVENT_OVERLAP,NCCL,C2_RING_SIMPLE_CH8,2048,2048,2048,16,14,1048576,34,0,3191.776,4228.192,4488.800,260.608,PASS,0
PHASEB_formal_r1_C2_RING_SIMPLE_CH8_N2048_q16_rep5,1,4,1,sm_89,R1_EVENT_OVERLAP,NCCL,C2_RING_SIMPLE_CH8,2048,2048,2048,16,15,1048576,34,0,3474.112,4492.128,4750.496,258.368,PASS,0
PHASEB_formal_r1_C2_RING_SIMPLE_CH8_N2048_q16_rep5,1,4,1,sm_89,R1_EVENT_OVERLAP,NCCL,C2_RING_SIMPLE_CH8,2048,2048,2048,16,0,1048576,35,0,133.856,140.352,451.136,310.784,PASS,0
PHASEB_formal_r1_C2_RING_SIMPLE_CH8_N2048_q16_rep5,1,4,1,sm_89,R1_EVENT_OVERLAP,NCCL,C2_RING_SIMPLE_CH8,2048,2048,2048,16,1,1048576,35,0,224.352,454.432,728.192,273.760,PASS,0
PHASEB_formal_r1_C2_RING_SIMPLE_CH8_N2048_q16_rep5,1,4,1,sm_89,R1_EVENT_OVERLAP,NCCL,C2_RING_SIMPLE_CH8,2048,2048,2048,16,2,1048576,35,0,468.928,731.904,1034.240,302.336,PASS,0
PHASEB_formal_r1_C2_RING_SIMPLE_CH8_N2048_q16_rep5,1,4,1,sm_89,R1_EVENT_OVERLAP,NCCL,C2_RING_SIMPLE_CH8,2048,2048,2048,16,3,1048576,35,0,781.184,1037.536,1367.296,329.760,PASS,0
PHASEB_formal_r1_C2_RING_SIMPLE_CH8_N2048_q16_rep5,1,4,1,sm_89,R1_EVENT_OVERLAP,NCCL,C2_RING_SIMPLE_CH8,2048,2048,2048,16,4,1048576,35,0,1024.544,1370.944,1640.032,269.088,PASS,0
PHASEB_formal_r1_C2_RING_SIMPLE_CH8_N2048_q16_rep5,1,4,1,sm_89,R1_EVENT_OVERLAP,NCCL,C2_RING_SIMPLE_CH8,2048,2048,2048,16,5,1048576,35,0,1130.528,1643.360,1950.880,307.520,PASS,0
PHASEB_formal_r1_C2_RING_SIMPLE_CH8_N2048_q16_rep5,1,4,1,sm_89,R1_EVENT_OVERLAP,NCCL,C2_RING_SIMPLE_CH8,2048,2048,2048,16,6,1048576,35,0,1387.520,1954.816,2262.656,307.840,PASS,0
PHASEB_formal_r1_C2_RING_SIMPLE_CH8_N2048_q16_rep5,1,4,1,sm_89,R1_EVENT_OVERLAP,NCCL,C2_RING_SIMPLE_CH8,2048,2048,2048,16,7,1048576,35,0,1696.448,2266.176,2536.704,270.528,PASS,0
PHASEB_formal_r1_C2_RING_SIMPLE_CH8_N2048_q16_rep5,1,4,1,sm_89,R1_EVENT_OVERLAP,NCCL,C2_RING_SIMPLE_CH8,2048,2048,2048,16,8,1048576,35,0,2003.200,2540.480,2848.288,307.808,PASS,0
PHASEB_formal_r1_C2_RING_SIMPLE_CH8_N2048_q16_rep5,1,4,1,sm_89,R1_EVENT_OVERLAP,NCCL,C2_RING_SIMPLE_CH8,2048,2048,2048,16,9,1048576,35,0,2291.904,2851.616,3121.600,269.984,PASS,0
PHASEB_formal_r1_C2_RING_SIMPLE_CH8_N2048_q16_rep5,1,4,1,sm_89,R1_EVENT_OVERLAP,NCCL,C2_RING_SIMPLE_CH8,2048,2048,2048,16,10,1048576,35,0,2594.816,3125.152,3429.184,304.032,PASS,0
PHASEB_formal_r1_C2_RING_SIMPLE_CH8_N2048_q16_rep5,1,4,1,sm_89,R1_EVENT_OVERLAP,NCCL,C2_RING_SIMPLE_CH8,2048,2048,2048,16,11,1048576,35,0,2883.168,3432.416,3700.448,268.032,PASS,0
PHASEB_formal_r1_C2_RING_SIMPLE_CH8_N2048_q16_rep5,1,4,1,sm_89,R1_EVENT_OVERLAP,NCCL,C2_RING_SIMPLE_CH8,2048,2048,2048,16,12,1048576,35,0,3184.064,3703.776,4010.368,306.592,PASS,0
PHASEB_formal_r1_C2_RING_SIMPLE_CH8_N2048_q16_rep5,1,4,1,sm_89,R1_EVENT_OVERLAP,NCCL,C2_RING_SIMPLE_CH8,2048,2048,2048,16,13,1048576,35,0,3470.080,4013.600,4274.592,260.992,PASS,0
PHASEB_formal_r1_C2_RING_SIMPLE_CH8_N2048_q16_rep5,1,4,1,sm_89,R1_EVENT_OVERLAP,NCCL,C2_RING_SIMPLE_CH8,2048,2048,2048,16,14,1048576,35,0,3776.192,4277.952,4536.480,258.528,PASS,0
PHASEB_formal_r1_C2_RING_SIMPLE_CH8_N2048_q16_rep5,1,4,1,sm_89,R1_EVENT_OVERLAP,NCCL,C2_RING_SIMPLE_CH8,2048,2048,2048,16,15,1048576,35,0,4052.096,4539.840,4798.848,259.008,PASS,0
PHASEB_formal_r1_C2_RING_SIMPLE_CH8_N2048_q16_rep5,1,4,1,sm_89,R1_EVENT_OVERLAP,NCCL,C2_RING_SIMPLE_CH8,2048,2048,2048,16,0,1048576,36,0,124.064,130.336,440.288,309.952,PASS,0
PHASEB_formal_r1_C2_RING_SIMPLE_CH8_N2048_q16_rep5,1,4,1,sm_89,R1_EVENT_OVERLAP,NCCL,C2_RING_SIMPLE_CH8,2048,2048,2048,16,1,1048576,36,0,212.640,443.616,716.608,272.992,PASS,0
PHASEB_formal_r1_C2_RING_SIMPLE_CH8_N2048_q16_rep5,1,4,1,sm_89,R1_EVENT_OVERLAP,NCCL,C2_RING_SIMPLE_CH8,2048,2048,2048,16,2,1048576,36,0,450.528,720.064,1025.856,305.792,PASS,0
PHASEB_formal_r1_C2_RING_SIMPLE_CH8_N2048_q16_rep5,1,4,1,sm_89,R1_EVENT_OVERLAP,NCCL,C2_RING_SIMPLE_CH8,2048,2048,2048,16,3,1048576,36,0,739.616,1029.216,1344.512,315.296,PASS,0
PHASEB_formal_r1_C2_RING_SIMPLE_CH8_N2048_q16_rep5,1,4,1,sm_89,R1_EVENT_OVERLAP,NCCL,C2_RING_SIMPLE_CH8,2048,2048,2048,16,4,1048576,36,0,993.824,1347.968,1664.576,316.608,PASS,0
PHASEB_formal_r1_C2_RING_SIMPLE_CH8_N2048_q16_rep5,1,4,1,sm_89,R1_EVENT_OVERLAP,NCCL,C2_RING_SIMPLE_CH8,2048,2048,2048,16,5,1048576,36,0,1098.240,1667.936,1939.232,271.296,PASS,0
PHASEB_formal_r1_C2_RING_SIMPLE_CH8_N2048_q16_rep5,1,4,1,sm_89,R1_EVENT_OVERLAP,NCCL,C2_RING_SIMPLE_CH8,2048,2048,2048,16,6,1048576,36,0,1337.216,1942.496,2248.384,305.888,PASS,0
PHASEB_formal_r1_C2_RING_SIMPLE_CH8_N2048_q16_rep5,1,4,1,sm_89,R1_EVENT_OVERLAP,NCCL,C2_RING_SIMPLE_CH8,2048,2048,2048,16,7,1048576,36,0,1435.456,2257.696,2568.480,310.784,PASS,0
PHASEB_formal_r1_C2_RING_SIMPLE_CH8_N2048_q16_rep5,1,4,1,sm_89,R1_EVENT_OVERLAP,NCCL,C2_RING_SIMPLE_CH8,2048,2048,2048,16,8,1048576,36,0,1674.272,2571.872,2845.952,274.080,PASS,0
PHASEB_formal_r1_C2_RING_SIMPLE_CH8_N2048_q16_rep5,1,4,1,sm_89,R1_EVENT_OVERLAP,NCCL,C2_RING_SIMPLE_CH8,2048,2048,2048,16,9,1048576,36,0,1983.296,2849.280,3155.136,305.856,PASS,0
PHASEB_formal_r1_C2_RING_SIMPLE_CH8_N2048_q16_rep5,1,4,1,sm_89,R1_EVENT_OVERLAP,NCCL,C2_RING_SIMPLE_CH8,2048,2048,2048,16,10,1048576,36,0,2307.712,3159.040,3432.096,273.056,PASS,0
PHASEB_formal_r1_C2_RING_SIMPLE_CH8_N2048_q16_rep5,1,4,1,sm_89,R1_EVENT_OVERLAP,NCCL,C2_RING_SIMPLE_CH8,2048,2048,2048,16,11,1048576,36,0,2612.864,3435.744,3742.560,306.816,PASS,0
PHASEB_formal_r1_C2_RING_SIMPLE_CH8_N2048_q16_rep5,1,4,1,sm_89,R1_EVENT_OVERLAP,NCCL,C2_RING_SIMPLE_CH8,2048,2048,2048,16,12,1048576,36,0,2895.648,3746.112,4006.016,259.904,PASS,0
PHASEB_formal_r1_C2_RING_SIMPLE_CH8_N2048_q16_rep5,1,4,1,sm_89,R1_EVENT_OVERLAP,NCCL,C2_RING_SIMPLE_CH8,2048,2048,2048,16,13,1048576,36,0,3194.560,4009.344,4268.416,259.072,PASS,0
PHASEB_formal_r1_C2_RING_SIMPLE_CH8_N2048_q16_rep5,1,4,1,sm_89,R1_EVENT_OVERLAP,NCCL,C2_RING_SIMPLE_CH8,2048,2048,2048,16,14,1048576,36,0,3481.824,4271.744,4531.808,260.064,PASS,0
PHASEB_formal_r1_C2_RING_SIMPLE_CH8_N2048_q16_rep5,1,4,1,sm_89,R1_EVENT_OVERLAP,NCCL,C2_RING_SIMPLE_CH8,2048,2048,2048,16,15,1048576,36,0,3781.216,4535.232,4793.824,258.592,PASS,0
PHASEB_formal_r1_C2_RING_SIMPLE_CH8_N2048_q16_rep5,1,4,1,sm_89,R1_EVENT_OVERLAP,NCCL,C2_RING_SIMPLE_CH8,2048,2048,2048,16,0,1048576,37,0,137.376,143.808,456.384,312.576,PASS,0
PHASEB_formal_r1_C2_RING_SIMPLE_CH8_N2048_q16_rep5,1,4,1,sm_89,R1_EVENT_OVERLAP,NCCL,C2_RING_SIMPLE_CH8,2048,2048,2048,16,1,1048576,37,0,253.184,459.808,742.048,282.240,PASS,0
PHASEB_formal_r1_C2_RING_SIMPLE_CH8_N2048_q16_rep5,1,4,1,sm_89,R1_EVENT_OVERLAP,NCCL,C2_RING_SIMPLE_CH8,2048,2048,2048,16,2,1048576,37,0,473.248,745.696,1052.608,306.912,PASS,0
PHASEB_formal_r1_C2_RING_SIMPLE_CH8_N2048_q16_rep5,1,4,1,sm_89,R1_EVENT_OVERLAP,NCCL,C2_RING_SIMPLE_CH8,2048,2048,2048,16,3,1048576,37,0,784.928,1056.128,1328.384,272.256,PASS,0
PHASEB_formal_r1_C2_RING_SIMPLE_CH8_N2048_q16_rep5,1,4,1,sm_89,R1_EVENT_OVERLAP,NCCL,C2_RING_SIMPLE_CH8,2048,2048,2048,16,4,1048576,37,0,1091.872,1332.000,1637.344,305.344,PASS,0
PHASEB_formal_r1_C2_RING_SIMPLE_CH8_N2048_q16_rep5,1,4,1,sm_89,R1_EVENT_OVERLAP,NCCL,C2_RING_SIMPLE_CH8,2048,2048,2048,16,5,1048576,37,0,1382.720,1640.672,1912.096,271.424,PASS,0
PHASEB_formal_r1_C2_RING_SIMPLE_CH8_N2048_q16_rep5,1,4,1,sm_89,R1_EVENT_OVERLAP,NCCL,C2_RING_SIMPLE_CH8,2048,2048,2048,16,6,1048576,37,0,1688.160,1915.296,2219.232,303.936,PASS,0
PHASEB_formal_r1_C2_RING_SIMPLE_CH8_N2048_q16_rep5,1,4,1,sm_89,R1_EVENT_OVERLAP,NCCL,C2_RING_SIMPLE_CH8,2048,2048,2048,16,7,1048576,37,0,1971.456,2222.816,2495.168,272.352,PASS,0
PHASEB_formal_r1_C2_RING_SIMPLE_CH8_N2048_q16_rep5,1,4,1,sm_89,R1_EVENT_OVERLAP,NCCL,C2_RING_SIMPLE_CH8,2048,2048,2048,16,8,1048576,37,0,2244.000,2498.752,2803.328,304.576,PASS,0
PHASEB_formal_r1_C2_RING_SIMPLE_CH8_N2048_q16_rep5,1,4,1,sm_89,R1_EVENT_OVERLAP,NCCL,C2_RING_SIMPLE_CH8,2048,2048,2048,16,9,1048576,37,0,2552.192,2806.592,3083.136,276.544,PASS,0
PHASEB_formal_r1_C2_RING_SIMPLE_CH8_N2048_q16_rep5,1,4,1,sm_89,R1_EVENT_OVERLAP,NCCL,C2_RING_SIMPLE_CH8,2048,2048,2048,16,10,1048576,37,0,2832.128,3086.560,3391.776,305.216,PASS,0
PHASEB_formal_r1_C2_RING_SIMPLE_CH8_N2048_q16_rep5,1,4,1,sm_89,R1_EVENT_OVERLAP,NCCL,C2_RING_SIMPLE_CH8,2048,2048,2048,16,11,1048576,37,0,3137.408,3395.360,3663.744,268.384,PASS,0
PHASEB_formal_r1_C2_RING_SIMPLE_CH8_N2048_q16_rep5,1,4,1,sm_89,R1_EVENT_OVERLAP,NCCL,C2_RING_SIMPLE_CH8,2048,2048,2048,16,12,1048576,37,0,3427.648,3667.040,3971.488,304.448,PASS,0
PHASEB_formal_r1_C2_RING_SIMPLE_CH8_N2048_q16_rep5,1,4,1,sm_89,R1_EVENT_OVERLAP,NCCL,C2_RING_SIMPLE_CH8,2048,2048,2048,16,13,1048576,37,0,3721.120,3974.848,4244.672,269.824,PASS,0
PHASEB_formal_r1_C2_RING_SIMPLE_CH8_N2048_q16_rep5,1,4,1,sm_89,R1_EVENT_OVERLAP,NCCL,C2_RING_SIMPLE_CH8,2048,2048,2048,16,14,1048576,37,0,4014.624,4248.064,4543.840,295.776,PASS,0
PHASEB_formal_r1_C2_RING_SIMPLE_CH8_N2048_q16_rep5,1,4,1,sm_89,R1_EVENT_OVERLAP,NCCL,C2_RING_SIMPLE_CH8,2048,2048,2048,16,15,1048576,37,0,4315.936,4547.136,4806.240,259.104,PASS,0
PHASEB_formal_r1_C2_RING_SIMPLE_CH8_N2048_q16_rep5,1,4,1,sm_89,R1_EVENT_OVERLAP,NCCL,C2_RING_SIMPLE_CH8,2048,2048,2048,16,0,1048576,38,0,110.912,117.312,428.896,311.584,PASS,0
PHASEB_formal_r1_C2_RING_SIMPLE_CH8_N2048_q16_rep5,1,4,1,sm_89,R1_EVENT_OVERLAP,NCCL,C2_RING_SIMPLE_CH8,2048,2048,2048,16,1,1048576,38,0,205.504,432.224,707.520,275.296,PASS,0
PHASEB_formal_r1_C2_RING_SIMPLE_CH8_N2048_q16_rep5,1,4,1,sm_89,R1_EVENT_OVERLAP,NCCL,C2_RING_SIMPLE_CH8,2048,2048,2048,16,2,1048576,38,0,446.560,711.136,1014.496,303.360,PASS,0
PHASEB_formal_r1_C2_RING_SIMPLE_CH8_N2048_q16_rep5,1,4,1,sm_89,R1_EVENT_OVERLAP,NCCL,C2_RING_SIMPLE_CH8,2048,2048,2048,16,3,1048576,38,0,755.840,1022.368,1320.288,297.920,PASS,0
PHASEB_formal_r1_C2_RING_SIMPLE_CH8_N2048_q16_rep5,1,4,1,sm_89,R1_EVENT_OVERLAP,NCCL,C2_RING_SIMPLE_CH8,2048,2048,2048,16,4,1048576,38,0,1032.576,1328.896,1639.552,310.656,PASS,0
PHASEB_formal_r1_C2_RING_SIMPLE_CH8_N2048_q16_rep5,1,4,1,sm_89,R1_EVENT_OVERLAP,NCCL,C2_RING_SIMPLE_CH8,2048,2048,2048,16,5,1048576,38,0,1363.776,1642.880,1915.040,272.160,PASS,0
PHASEB_formal_r1_C2_RING_SIMPLE_CH8_N2048_q16_rep5,1,4,1,sm_89,R1_EVENT_OVERLAP,NCCL,C2_RING_SIMPLE_CH8,2048,2048,2048,16,6,1048576,38,0,1658.080,1918.368,2224.256,305.888,PASS,0
PHASEB_formal_r1_C2_RING_SIMPLE_CH8_N2048_q16_rep5,1,4,1,sm_89,R1_EVENT_OVERLAP,NCCL,C2_RING_SIMPLE_CH8,2048,2048,2048,16,7,1048576,38,0,1967.904,2227.808,2534.144,306.336,PASS,0
PHASEB_formal_r1_C2_RING_SIMPLE_CH8_N2048_q16_rep5,1,4,1,sm_89,R1_EVENT_OVERLAP,NCCL,C2_RING_SIMPLE_CH8,2048,2048,2048,16,8,1048576,38,0,2202.048,2537.920,2843.232,305.312,PASS,0
PHASEB_formal_r1_C2_RING_SIMPLE_CH8_N2048_q16_rep5,1,4,1,sm_89,R1_EVENT_OVERLAP,NCCL,C2_RING_SIMPLE_CH8,2048,2048,2048,16,9,1048576,38,0,2490.400,2846.496,3153.440,306.944,PASS,0
PHASEB_formal_r1_C2_RING_SIMPLE_CH8_N2048_q16_rep5,1,4,1,sm_89,R1_EVENT_OVERLAP,NCCL,C2_RING_SIMPLE_CH8,2048,2048,2048,16,10,1048576,38,0,2795.712,3156.832,3460.032,303.200,PASS,0
PHASEB_formal_r1_C2_RING_SIMPLE_CH8_N2048_q16_rep5,1,4,1,sm_89,R1_EVENT_OVERLAP,NCCL,C2_RING_SIMPLE_CH8,2048,2048,2048,16,11,1048576,38,0,3103.392,3463.456,3767.456,304.000,PASS,0
PHASEB_formal_r1_C2_RING_SIMPLE_CH8_N2048_q16_rep5,1,4,1,sm_89,R1_EVENT_OVERLAP,NCCL,C2_RING_SIMPLE_CH8,2048,2048,2048,16,12,1048576,38,0,3344.000,3770.880,4068.640,297.760,PASS,0
PHASEB_formal_r1_C2_RING_SIMPLE_CH8_N2048_q16_rep5,1,4,1,sm_89,R1_EVENT_OVERLAP,NCCL,C2_RING_SIMPLE_CH8,2048,2048,2048,16,13,1048576,38,0,3433.728,4072.000,4331.232,259.232,PASS,0
PHASEB_formal_r1_C2_RING_SIMPLE_CH8_N2048_q16_rep5,1,4,1,sm_89,R1_EVENT_OVERLAP,NCCL,C2_RING_SIMPLE_CH8,2048,2048,2048,16,14,1048576,38,0,3673.152,4334.560,4594.272,259.712,PASS,0
PHASEB_formal_r1_C2_RING_SIMPLE_CH8_N2048_q16_rep5,1,4,1,sm_89,R1_EVENT_OVERLAP,NCCL,C2_RING_SIMPLE_CH8,2048,2048,2048,16,15,1048576,38,0,3975.520,4597.984,4856.000,258.016,PASS,0
PHASEB_formal_r1_C2_RING_SIMPLE_CH8_N2048_q16_rep5,1,4,1,sm_89,R1_EVENT_OVERLAP,NCCL,C2_RING_SIMPLE_CH8,2048,2048,2048,16,0,1048576,39,0,135.712,142.272,453.472,311.200,PASS,0
PHASEB_formal_r1_C2_RING_SIMPLE_CH8_N2048_q16_rep5,1,4,1,sm_89,R1_EVENT_OVERLAP,NCCL,C2_RING_SIMPLE_CH8,2048,2048,2048,16,1,1048576,39,0,224.128,456.832,742.592,285.760,PASS,0
PHASEB_formal_r1_C2_RING_SIMPLE_CH8_N2048_q16_rep5,1,4,1,sm_89,R1_EVENT_OVERLAP,NCCL,C2_RING_SIMPLE_CH8,2048,2048,2048,16,2,1048576,39,0,468.064,746.272,1052.928,306.656,PASS,0
PHASEB_formal_r1_C2_RING_SIMPLE_CH8_N2048_q16_rep5,1,4,1,sm_89,R1_EVENT_OVERLAP,NCCL,C2_RING_SIMPLE_CH8,2048,2048,2048,16,3,1048576,39,0,800.192,1056.576,1363.104,306.528,PASS,0
PHASEB_formal_r1_C2_RING_SIMPLE_CH8_N2048_q16_rep5,1,4,1,sm_89,R1_EVENT_OVERLAP,NCCL,C2_RING_SIMPLE_CH8,2048,2048,2048,16,4,1048576,39,0,1097.504,1366.368,1638.784,272.416,PASS,0
PHASEB_formal_r1_C2_RING_SIMPLE_CH8_N2048_q16_rep5,1,4,1,sm_89,R1_EVENT_OVERLAP,NCCL,C2_RING_SIMPLE_CH8,2048,2048,2048,16,5,1048576,39,0,1388.416,1642.144,1947.360,305.216,PASS,0
PHASEB_formal_r1_C2_RING_SIMPLE_CH8_N2048_q16_rep5,1,4,1,sm_89,R1_EVENT_OVERLAP,NCCL,C2_RING_SIMPLE_CH8,2048,2048,2048,16,6,1048576,39,0,1690.304,1950.624,2219.488,268.864,PASS,0
PHASEB_formal_r1_C2_RING_SIMPLE_CH8_N2048_q16_rep5,1,4,1,sm_89,R1_EVENT_OVERLAP,NCCL,C2_RING_SIMPLE_CH8,2048,2048,2048,16,7,1048576,39,0,1974.656,2222.784,2529.504,306.720,PASS,0
PHASEB_formal_r1_C2_RING_SIMPLE_CH8_N2048_q16_rep5,1,4,1,sm_89,R1_EVENT_OVERLAP,NCCL,C2_RING_SIMPLE_CH8,2048,2048,2048,16,8,1048576,39,0,2281.216,2532.800,2805.856,273.056,PASS,0
PHASEB_formal_r1_C2_RING_SIMPLE_CH8_N2048_q16_rep5,1,4,1,sm_89,R1_EVENT_OVERLAP,NCCL,C2_RING_SIMPLE_CH8,2048,2048,2048,16,9,1048576,39,0,2560.000,2809.152,3113.408,304.256,PASS,0
PHASEB_formal_r1_C2_RING_SIMPLE_CH8_N2048_q16_rep5,1,4,1,sm_89,R1_EVENT_OVERLAP,NCCL,C2_RING_SIMPLE_CH8,2048,2048,2048,16,10,1048576,39,0,2872.224,3116.672,3384.256,267.584,PASS,0
PHASEB_formal_r1_C2_RING_SIMPLE_CH8_N2048_q16_rep5,1,4,1,sm_89,R1_EVENT_OVERLAP,NCCL,C2_RING_SIMPLE_CH8,2048,2048,2048,16,11,1048576,39,0,3150.656,3387.552,3692.448,304.896,PASS,0
PHASEB_formal_r1_C2_RING_SIMPLE_CH8_N2048_q16_rep5,1,4,1,sm_89,R1_EVENT_OVERLAP,NCCL,C2_RING_SIMPLE_CH8,2048,2048,2048,16,12,1048576,39,0,3443.680,3696.160,3967.904,271.744,PASS,0
PHASEB_formal_r1_C2_RING_SIMPLE_CH8_N2048_q16_rep5,1,4,1,sm_89,R1_EVENT_OVERLAP,NCCL,C2_RING_SIMPLE_CH8,2048,2048,2048,16,13,1048576,39,0,3740.000,3971.456,4276.384,304.928,PASS,0
PHASEB_formal_r1_C2_RING_SIMPLE_CH8_N2048_q16_rep5,1,4,1,sm_89,R1_EVENT_OVERLAP,NCCL,C2_RING_SIMPLE_CH8,2048,2048,2048,16,14,1048576,39,0,4048.512,4279.680,4538.592,258.912,PASS,0
PHASEB_formal_r1_C2_RING_SIMPLE_CH8_N2048_q16_rep5,1,4,1,sm_89,R1_EVENT_OVERLAP,NCCL,C2_RING_SIMPLE_CH8,2048,2048,2048,16,15,1048576,39,0,4320.800,4542.272,4801.216,258.944,PASS,0
PHASEB_formal_r1_C2_RING_SIMPLE_CH8_N2048_q16_rep5,1,4,1,sm_89,R1_EVENT_OVERLAP,NCCL,C2_RING_SIMPLE_CH8,2048,2048,2048,16,0,1048576,40,0,116.640,122.752,431.808,309.056,PASS,0
PHASEB_formal_r1_C2_RING_SIMPLE_CH8_N2048_q16_rep5,1,4,1,sm_89,R1_EVENT_OVERLAP,NCCL,C2_RING_SIMPLE_CH8,2048,2048,2048,16,1,1048576,40,0,204.320,435.232,709.632,274.400,PASS,0
PHASEB_formal_r1_C2_RING_SIMPLE_CH8_N2048_q16_rep5,1,4,1,sm_89,R1_EVENT_OVERLAP,NCCL,C2_RING_SIMPLE_CH8,2048,2048,2048,16,2,1048576,40,0,442.176,713.696,1020.640,306.944,PASS,0
PHASEB_formal_r1_C2_RING_SIMPLE_CH8_N2048_q16_rep5,1,4,1,sm_89,R1_EVENT_OVERLAP,NCCL,C2_RING_SIMPLE_CH8,2048,2048,2048,16,3,1048576,40,0,733.952,1023.936,1331.712,307.776,PASS,0
PHASEB_formal_r1_C2_RING_SIMPLE_CH8_N2048_q16_rep5,1,4,1,sm_89,R1_EVENT_OVERLAP,NCCL,C2_RING_SIMPLE_CH8,2048,2048,2048,16,4,1048576,40,0,1010.944,1335.648,1605.632,269.984,PASS,0
PHASEB_formal_r1_C2_RING_SIMPLE_CH8_N2048_q16_rep5,1,4,1,sm_89,R1_EVENT_OVERLAP,NCCL,C2_RING_SIMPLE_CH8,2048,2048,2048,16,5,1048576,40,0,1103.040,1615.680,1920.352,304.672,PASS,0
PHASEB_formal_r1_C2_RING_SIMPLE_CH8_N2048_q16_rep5,1,4,1,sm_89,R1_EVENT_OVERLAP,NCCL,C2_RING_SIMPLE_CH8,2048,2048,2048,16,6,1048576,40,0,1344.608,1923.936,2229.344,305.408,PASS,0
PHASEB_formal_r1_C2_RING_SIMPLE_CH8_N2048_q16_rep5,1,4,1,sm_89,R1_EVENT_OVERLAP,NCCL,C2_RING_SIMPLE_CH8,2048,2048,2048,16,7,1048576,40,0,1648.576,2232.960,2508.160,275.200,PASS,0
PHASEB_formal_r1_C2_RING_SIMPLE_CH8_N2048_q16_rep5,1,4,1,sm_89,R1_EVENT_OVERLAP,NCCL,C2_RING_SIMPLE_CH8,2048,2048,2048,16,8,1048576,40,0,1897.504,2511.328,2814.368,303.040,PASS,0
PHASEB_formal_r1_C2_RING_SIMPLE_CH8_N2048_q16_rep5,1,4,1,sm_89,R1_EVENT_OVERLAP,NCCL,C2_RING_SIMPLE_CH8,2048,2048,2048,16,9,1048576,40,0,2002.688,2817.792,3122.560,304.768,PASS,0
PHASEB_formal_r1_C2_RING_SIMPLE_CH8_N2048_q16_rep5,1,4,1,sm_89,R1_EVENT_OVERLAP,NCCL,C2_RING_SIMPLE_CH8,2048,2048,2048,16,10,1048576,40,0,2239.264,3125.952,3437.344,311.392,PASS,0
PHASEB_formal_r1_C2_RING_SIMPLE_CH8_N2048_q16_rep5,1,4,1,sm_89,R1_EVENT_OVERLAP,NCCL,C2_RING_SIMPLE_CH8,2048,2048,2048,16,11,1048576,40,0,2532.480,3440.832,3699.296,258.464,PASS,0
PHASEB_formal_r1_C2_RING_SIMPLE_CH8_N2048_q16_rep5,1,4,1,sm_89,R1_EVENT_OVERLAP,NCCL,C2_RING_SIMPLE_CH8,2048,2048,2048,16,12,1048576,40,0,2788.800,3702.624,3962.176,259.552,PASS,0
PHASEB_formal_r1_C2_RING_SIMPLE_CH8_N2048_q16_rep5,1,4,1,sm_89,R1_EVENT_OVERLAP,NCCL,C2_RING_SIMPLE_CH8,2048,2048,2048,16,13,1048576,40,0,2891.808,3965.536,4224.192,258.656,PASS,0
PHASEB_formal_r1_C2_RING_SIMPLE_CH8_N2048_q16_rep5,1,4,1,sm_89,R1_EVENT_OVERLAP,NCCL,C2_RING_SIMPLE_CH8,2048,2048,2048,16,14,1048576,40,0,3170.816,4227.520,4487.168,259.648,PASS,0
PHASEB_formal_r1_C2_RING_SIMPLE_CH8_N2048_q16_rep5,1,4,1,sm_89,R1_EVENT_OVERLAP,NCCL,C2_RING_SIMPLE_CH8,2048,2048,2048,16,15,1048576,40,0,3430.656,4490.528,4748.928,258.400,PASS,0
PHASEB_formal_r1_C2_RING_SIMPLE_CH8_N2048_q16_rep5,1,4,1,sm_89,R1_EVENT_OVERLAP,NCCL,C2_RING_SIMPLE_CH8,2048,2048,2048,16,0,1048576,41,0,135.072,141.504,453.312,311.808,PASS,0
PHASEB_formal_r1_C2_RING_SIMPLE_CH8_N2048_q16_rep5,1,4,1,sm_89,R1_EVENT_OVERLAP,NCCL,C2_RING_SIMPLE_CH8,2048,2048,2048,16,1,1048576,41,0,223.968,456.640,726.432,269.792,PASS,0
PHASEB_formal_r1_C2_RING_SIMPLE_CH8_N2048_q16_rep5,1,4,1,sm_89,R1_EVENT_OVERLAP,NCCL,C2_RING_SIMPLE_CH8,2048,2048,2048,16,2,1048576,41,0,468.928,729.984,1043.744,313.760,PASS,0
PHASEB_formal_r1_C2_RING_SIMPLE_CH8_N2048_q16_rep5,1,4,1,sm_89,R1_EVENT_OVERLAP,NCCL,C2_RING_SIMPLE_CH8,2048,2048,2048,16,3,1048576,41,0,781.696,1047.072,1361.568,314.496,PASS,0
PHASEB_formal_r1_C2_RING_SIMPLE_CH8_N2048_q16_rep5,1,4,1,sm_89,R1_EVENT_OVERLAP,NCCL,C2_RING_SIMPLE_CH8,2048,2048,2048,16,4,1048576,41,0,1020.064,1365.088,1675.584,310.496,PASS,0
PHASEB_formal_r1_C2_RING_SIMPLE_CH8_N2048_q16_rep5,1,4,1,sm_89,R1_EVENT_OVERLAP,NCCL,C2_RING_SIMPLE_CH8,2048,2048,2048,16,5,1048576,41,0,1108.320,1678.848,1953.408,274.560,PASS,0
PHASEB_formal_r1_C2_RING_SIMPLE_CH8_N2048_q16_rep5,1,4,1,sm_89,R1_EVENT_OVERLAP,NCCL,C2_RING_SIMPLE_CH8,2048,2048,2048,16,6,1048576,41,0,1354.688,1956.704,2268.160,311.456,PASS,0
PHASEB_formal_r1_C2_RING_SIMPLE_CH8_N2048_q16_rep5,1,4,1,sm_89,R1_EVENT_OVERLAP,NCCL,C2_RING_SIMPLE_CH8,2048,2048,2048,16,7,1048576,41,0,1453.792,2271.360,2581.760,310.400,PASS,0
PHASEB_formal_r1_C2_RING_SIMPLE_CH8_N2048_q16_rep5,1,4,1,sm_89,R1_EVENT_OVERLAP,NCCL,C2_RING_SIMPLE_CH8,2048,2048,2048,16,8,1048576,41,0,1689.568,2585.440,2889.728,304.288,PASS,0
PHASEB_formal_r1_C2_RING_SIMPLE_CH8_N2048_q16_rep5,1,4,1,sm_89,R1_EVENT_OVERLAP,NCCL,C2_RING_SIMPLE_CH8,2048,2048,2048,16,9,1048576,41,0,1994.880,2892.960,3173.056,280.096,PASS,0
PHASEB_formal_r1_C2_RING_SIMPLE_CH8_N2048_q16_rep5,1,4,1,sm_89,R1_EVENT_OVERLAP,NCCL,C2_RING_SIMPLE_CH8,2048,2048,2048,16,10,1048576,41,0,2245.344,3176.384,3485.472,309.088,PASS,0
PHASEB_formal_r1_C2_RING_SIMPLE_CH8_N2048_q16_rep5,1,4,1,sm_89,R1_EVENT_OVERLAP,NCCL,C2_RING_SIMPLE_CH8,2048,2048,2048,16,11,1048576,41,0,2351.456,3489.184,3749.120,259.936,PASS,0
PHASEB_formal_r1_C2_RING_SIMPLE_CH8_N2048_q16_rep5,1,4,1,sm_89,R1_EVENT_OVERLAP,NCCL,C2_RING_SIMPLE_CH8,2048,2048,2048,16,12,1048576,41,0,2597.728,3752.448,4011.680,259.232,PASS,0
PHASEB_formal_r1_C2_RING_SIMPLE_CH8_N2048_q16_rep5,1,4,1,sm_89,R1_EVENT_OVERLAP,NCCL,C2_RING_SIMPLE_CH8,2048,2048,2048,16,13,1048576,41,0,2912.480,4015.008,4275.328,260.320,PASS,0
PHASEB_formal_r1_C2_RING_SIMPLE_CH8_N2048_q16_rep5,1,4,1,sm_89,R1_EVENT_OVERLAP,NCCL,C2_RING_SIMPLE_CH8,2048,2048,2048,16,14,1048576,41,0,3224.288,4278.656,4537.888,259.232,PASS,0
PHASEB_formal_r1_C2_RING_SIMPLE_CH8_N2048_q16_rep5,1,4,1,sm_89,R1_EVENT_OVERLAP,NCCL,C2_RING_SIMPLE_CH8,2048,2048,2048,16,15,1048576,41,0,3506.656,4541.216,4800.256,259.040,PASS,0
PHASEB_formal_r1_C2_RING_SIMPLE_CH8_N2048_q16_rep5,1,4,1,sm_89,R1_EVENT_OVERLAP,NCCL,C2_RING_SIMPLE_CH8,2048,2048,2048,16,0,1048576,42,0,116.480,123.040,434.496,311.456,PASS,0
PHASEB_formal_r1_C2_RING_SIMPLE_CH8_N2048_q16_rep5,1,4,1,sm_89,R1_EVENT_OVERLAP,NCCL,C2_RING_SIMPLE_CH8,2048,2048,2048,16,1,1048576,42,0,211.968,438.208,742.976,304.768,PASS,0
PHASEB_formal_r1_C2_RING_SIMPLE_CH8_N2048_q16_rep5,1,4,1,sm_89,R1_EVENT_OVERLAP,NCCL,C2_RING_SIMPLE_CH8,2048,2048,2048,16,2,1048576,42,0,457.344,746.304,1016.864,270.560,PASS,0
PHASEB_formal_r1_C2_RING_SIMPLE_CH8_N2048_q16_rep5,1,4,1,sm_89,R1_EVENT_OVERLAP,NCCL,C2_RING_SIMPLE_CH8,2048,2048,2048,16,3,1048576,42,0,762.624,1020.800,1326.784,305.984,PASS,0
PHASEB_formal_r1_C2_RING_SIMPLE_CH8_N2048_q16_rep5,1,4,1,sm_89,R1_EVENT_OVERLAP,NCCL,C2_RING_SIMPLE_CH8,2048,2048,2048,16,4,1048576,42,0,1073.504,1331.136,1605.056,273.920,PASS,0
PHASEB_formal_r1_C2_RING_SIMPLE_CH8_N2048_q16_rep5,1,4,1,sm_89,R1_EVENT_OVERLAP,NCCL,C2_RING_SIMPLE_CH8,2048,2048,2048,16,5,1048576,42,0,1363.456,1608.448,1915.072,306.624,PASS,0
PHASEB_formal_r1_C2_RING_SIMPLE_CH8_N2048_q16_rep5,1,4,1,sm_89,R1_EVENT_OVERLAP,NCCL,C2_RING_SIMPLE_CH8,2048,2048,2048,16,6,1048576,42,0,1662.272,1918.304,2189.728,271.424,PASS,0
PHASEB_formal_r1_C2_RING_SIMPLE_CH8_N2048_q16_rep5,1,4,1,sm_89,R1_EVENT_OVERLAP,NCCL,C2_RING_SIMPLE_CH8,2048,2048,2048,16,7,1048576,42,0,1942.656,2193.088,2496.672,303.584,PASS,0
PHASEB_formal_r1_C2_RING_SIMPLE_CH8_N2048_q16_rep5,1,4,1,sm_89,R1_EVENT_OVERLAP,NCCL,C2_RING_SIMPLE_CH8,2048,2048,2048,16,8,1048576,42,0,2247.168,2500.256,2773.184,272.928,PASS,0
PHASEB_formal_r1_C2_RING_SIMPLE_CH8_N2048_q16_rep5,1,4,1,sm_89,R1_EVENT_OVERLAP,NCCL,C2_RING_SIMPLE_CH8,2048,2048,2048,16,9,1048576,42,0,2520.576,2776.576,3082.784,306.208,PASS,0
PHASEB_formal_r1_C2_RING_SIMPLE_CH8_N2048_q16_rep5,1,4,1,sm_89,R1_EVENT_OVERLAP,NCCL,C2_RING_SIMPLE_CH8,2048,2048,2048,16,10,1048576,42,0,2832.256,3086.048,3358.752,272.704,PASS,0
PHASEB_formal_r1_C2_RING_SIMPLE_CH8_N2048_q16_rep5,1,4,1,sm_89,R1_EVENT_OVERLAP,NCCL,C2_RING_SIMPLE_CH8,2048,2048,2048,16,11,1048576,42,0,3122.816,3362.112,3665.952,303.840,PASS,0
PHASEB_formal_r1_C2_RING_SIMPLE_CH8_N2048_q16_rep5,1,4,1,sm_89,R1_EVENT_OVERLAP,NCCL,C2_RING_SIMPLE_CH8,2048,2048,2048,16,12,1048576,42,0,3427.008,3669.312,3936.640,267.328,PASS,0
PHASEB_formal_r1_C2_RING_SIMPLE_CH8_N2048_q16_rep5,1,4,1,sm_89,R1_EVENT_OVERLAP,NCCL,C2_RING_SIMPLE_CH8,2048,2048,2048,16,13,1048576,42,0,3713.952,3939.872,4244.480,304.608,PASS,0
PHASEB_formal_r1_C2_RING_SIMPLE_CH8_N2048_q16_rep5,1,4,1,sm_89,R1_EVENT_OVERLAP,NCCL,C2_RING_SIMPLE_CH8,2048,2048,2048,16,14,1048576,42,0,4022.464,4247.744,4508.384,260.640,PASS,0
PHASEB_formal_r1_C2_RING_SIMPLE_CH8_N2048_q16_rep5,1,4,1,sm_89,R1_EVENT_OVERLAP,NCCL,C2_RING_SIMPLE_CH8,2048,2048,2048,16,15,1048576,42,0,4299.040,4511.712,4769.184,257.472,PASS,0
PHASEB_formal_r1_C2_RING_SIMPLE_CH8_N2048_q16_rep5,1,4,1,sm_89,R1_EVENT_OVERLAP,NCCL,C2_RING_SIMPLE_CH8,2048,2048,2048,16,0,1048576,43,0,139.712,146.304,458.848,312.544,PASS,0
PHASEB_formal_r1_C2_RING_SIMPLE_CH8_N2048_q16_rep5,1,4,1,sm_89,R1_EVENT_OVERLAP,NCCL,C2_RING_SIMPLE_CH8,2048,2048,2048,16,1,1048576,43,0,250.880,462.144,767.648,305.504,PASS,0
PHASEB_formal_r1_C2_RING_SIMPLE_CH8_N2048_q16_rep5,1,4,1,sm_89,R1_EVENT_OVERLAP,NCCL,C2_RING_SIMPLE_CH8,2048,2048,2048,16,2,1048576,43,0,477.760,770.976,1043.392,272.416,PASS,0
PHASEB_formal_r1_C2_RING_SIMPLE_CH8_N2048_q16_rep5,1,4,1,sm_89,R1_EVENT_OVERLAP,NCCL,C2_RING_SIMPLE_CH8,2048,2048,2048,16,3,1048576,43,0,784.224,1046.752,1357.696,310.944,PASS,0
PHASEB_formal_r1_C2_RING_SIMPLE_CH8_N2048_q16_rep5,1,4,1,sm_89,R1_EVENT_OVERLAP,NCCL,C2_RING_SIMPLE_CH8,2048,2048,2048,16,4,1048576,43,0,1094.208,1361.120,1634.880,273.760,PASS,0
PHASEB_formal_r1_C2_RING_SIMPLE_CH8_N2048_q16_rep5,1,4,1,sm_89,R1_EVENT_OVERLAP,NCCL,C2_RING_SIMPLE_CH8,2048,2048,2048,16,5,1048576,43,0,1389.408,1638.080,1944.544,306.464,PASS,0
PHASEB_formal_r1_C2_RING_SIMPLE_CH8_N2048_q16_rep5,1,4,1,sm_89,R1_EVENT_OVERLAP,NCCL,C2_RING_SIMPLE_CH8,2048,2048,2048,16,6,1048576,43,0,1681.248,1947.936,2217.632,269.696,PASS,0
PHASEB_formal_r1_C2_RING_SIMPLE_CH8_N2048_q16_rep5,1,4,1,sm_89,R1_EVENT_OVERLAP,NCCL,C2_RING_SIMPLE_CH8,2048,2048,2048,16,7,1048576,43,0,1988.992,2221.280,2527.104,305.824,PASS,0
PHASEB_formal_r1_C2_RING_SIMPLE_CH8_N2048_q16_rep5,1,4,1,sm_89,R1_EVENT_OVERLAP,NCCL,C2_RING_SIMPLE_CH8,2048,2048,2048,16,8,1048576,43,0,2269.408,2530.464,2836.032,305.568,PASS,0
PHASEB_formal_r1_C2_RING_SIMPLE_CH8_N2048_q16_rep5,1,4,1,sm_89,R1_EVENT_OVERLAP,NCCL,C2_RING_SIMPLE_CH8,2048,2048,2048,16,9,1048576,43,0,2571.040,2839.360,3110.976,271.616,PASS,0
PHASEB_formal_r1_C2_RING_SIMPLE_CH8_N2048_q16_rep5,1,4,1,sm_89,R1_EVENT_OVERLAP,NCCL,C2_RING_SIMPLE_CH8,2048,2048,2048,16,10,1048576,43,0,2854.976,3114.304,3422.464,308.160,PASS,0
PHASEB_formal_r1_C2_RING_SIMPLE_CH8_N2048_q16_rep5,1,4,1,sm_89,R1_EVENT_OVERLAP,NCCL,C2_RING_SIMPLE_CH8,2048,2048,2048,16,11,1048576,43,0,3161.280,3425.760,3693.216,267.456,PASS,0
PHASEB_formal_r1_C2_RING_SIMPLE_CH8_N2048_q16_rep5,1,4,1,sm_89,R1_EVENT_OVERLAP,NCCL,C2_RING_SIMPLE_CH8,2048,2048,2048,16,12,1048576,43,0,3444.704,3696.800,4002.528,305.728,PASS,0
PHASEB_formal_r1_C2_RING_SIMPLE_CH8_N2048_q16_rep5,1,4,1,sm_89,R1_EVENT_OVERLAP,NCCL,C2_RING_SIMPLE_CH8,2048,2048,2048,16,13,1048576,43,0,3746.816,4005.856,4273.632,267.776,PASS,0
PHASEB_formal_r1_C2_RING_SIMPLE_CH8_N2048_q16_rep5,1,4,1,sm_89,R1_EVENT_OVERLAP,NCCL,C2_RING_SIMPLE_CH8,2048,2048,2048,16,14,1048576,43,0,4029.504,4276.928,4573.120,296.192,PASS,0
PHASEB_formal_r1_C2_RING_SIMPLE_CH8_N2048_q16_rep5,1,4,1,sm_89,R1_EVENT_OVERLAP,NCCL,C2_RING_SIMPLE_CH8,2048,2048,2048,16,15,1048576,43,0,4335.392,4576.448,4835.552,259.104,PASS,0
PHASEB_formal_r1_C2_RING_SIMPLE_CH8_N2048_q16_rep5,1,4,1,sm_89,R1_EVENT_OVERLAP,NCCL,C2_RING_SIMPLE_CH8,2048,2048,2048,16,0,1048576,44,0,132.416,138.656,448.768,310.112,PASS,0
PHASEB_formal_r1_C2_RING_SIMPLE_CH8_N2048_q16_rep5,1,4,1,sm_89,R1_EVENT_OVERLAP,NCCL,C2_RING_SIMPLE_CH8,2048,2048,2048,16,1,1048576,44,0,225.248,452.128,736.352,284.224,PASS,0
PHASEB_formal_r1_C2_RING_SIMPLE_CH8_N2048_q16_rep5,1,4,1,sm_89,R1_EVENT_OVERLAP,NCCL,C2_RING_SIMPLE_CH8,2048,2048,2048,16,2,1048576,44,0,458.912,739.776,1046.912,307.136,PASS,0
PHASEB_formal_r1_C2_RING_SIMPLE_CH8_N2048_q16_rep5,1,4,1,sm_89,R1_EVENT_OVERLAP,NCCL,C2_RING_SIMPLE_CH8,2048,2048,2048,16,3,1048576,44,0,765.408,1050.496,1360.544,310.048,PASS,0
PHASEB_formal_r1_C2_RING_SIMPLE_CH8_N2048_q16_rep5,1,4,1,sm_89,R1_EVENT_OVERLAP,NCCL,C2_RING_SIMPLE_CH8,2048,2048,2048,16,4,1048576,44,0,1012.704,1364.064,1673.248,309.184,PASS,0
PHASEB_formal_r1_C2_RING_SIMPLE_CH8_N2048_q16_rep5,1,4,1,sm_89,R1_EVENT_OVERLAP,NCCL,C2_RING_SIMPLE_CH8,2048,2048,2048,16,5,1048576,44,0,1103.552,1676.768,1989.152,312.384,PASS,0
PHASEB_formal_r1_C2_RING_SIMPLE_CH8_N2048_q16_rep5,1,4,1,sm_89,R1_EVENT_OVERLAP,NCCL,C2_RING_SIMPLE_CH8,2048,2048,2048,16,6,1048576,44,0,1337.664,1992.416,2301.440,309.024,PASS,0
PHASEB_formal_r1_C2_RING_SIMPLE_CH8_N2048_q16_rep5,1,4,1,sm_89,R1_EVENT_OVERLAP,NCCL,C2_RING_SIMPLE_CH8,2048,2048,2048,16,7,1048576,44,0,1425.536,2304.736,2576.128,271.392,PASS,0
PHASEB_formal_r1_C2_RING_SIMPLE_CH8_N2048_q16_rep5,1,4,1,sm_89,R1_EVENT_OVERLAP,NCCL,C2_RING_SIMPLE_CH8,2048,2048,2048,16,8,1048576,44,0,1665.248,2588.064,2859.904,271.840,PASS,0
PHASEB_formal_r1_C2_RING_SIMPLE_CH8_N2048_q16_rep5,1,4,1,sm_89,R1_EVENT_OVERLAP,NCCL,C2_RING_SIMPLE_CH8,2048,2048,2048,16,9,1048576,44,0,1981.696,2863.616,3170.848,307.232,PASS,0
PHASEB_formal_r1_C2_RING_SIMPLE_CH8_N2048_q16_rep5,1,4,1,sm_89,R1_EVENT_OVERLAP,NCCL,C2_RING_SIMPLE_CH8,2048,2048,2048,16,10,1048576,44,0,2215.328,3174.624,3447.552,272.928,PASS,0
PHASEB_formal_r1_C2_RING_SIMPLE_CH8_N2048_q16_rep5,1,4,1,sm_89,R1_EVENT_OVERLAP,NCCL,C2_RING_SIMPLE_CH8,2048,2048,2048,16,11,1048576,44,0,2311.072,3450.976,3744.672,293.696,PASS,0
PHASEB_formal_r1_C2_RING_SIMPLE_CH8_N2048_q16_rep5,1,4,1,sm_89,R1_EVENT_OVERLAP,NCCL,C2_RING_SIMPLE_CH8,2048,2048,2048,16,12,1048576,44,0,2607.872,3748.032,4007.968,259.936,PASS,0
PHASEB_formal_r1_C2_RING_SIMPLE_CH8_N2048_q16_rep5,1,4,1,sm_89,R1_EVENT_OVERLAP,NCCL,C2_RING_SIMPLE_CH8,2048,2048,2048,16,13,1048576,44,0,2908.832,4011.296,4270.240,258.944,PASS,0
PHASEB_formal_r1_C2_RING_SIMPLE_CH8_N2048_q16_rep5,1,4,1,sm_89,R1_EVENT_OVERLAP,NCCL,C2_RING_SIMPLE_CH8,2048,2048,2048,16,14,1048576,44,0,3200.672,4273.600,4533.696,260.096,PASS,0
PHASEB_formal_r1_C2_RING_SIMPLE_CH8_N2048_q16_rep5,1,4,1,sm_89,R1_EVENT_OVERLAP,NCCL,C2_RING_SIMPLE_CH8,2048,2048,2048,16,15,1048576,44,0,3496.448,4537.024,4795.264,258.240,PASS,0
PHASEB_formal_r1_C2_RING_SIMPLE_CH8_N2048_q16_rep5,1,4,1,sm_89,R1_EVENT_OVERLAP,NCCL,C2_RING_SIMPLE_CH8,2048,2048,2048,16,0,1048576,45,0,136.832,143.392,455.200,311.808,PASS,0
PHASEB_formal_r1_C2_RING_SIMPLE_CH8_N2048_q16_rep5,1,4,1,sm_89,R1_EVENT_OVERLAP,NCCL,C2_RING_SIMPLE_CH8,2048,2048,2048,16,1,1048576,45,0,222.528,458.464,727.872,269.408,PASS,0
PHASEB_formal_r1_C2_RING_SIMPLE_CH8_N2048_q16_rep5,1,4,1,sm_89,R1_EVENT_OVERLAP,NCCL,C2_RING_SIMPLE_CH8,2048,2048,2048,16,2,1048576,45,0,471.872,731.328,1040.192,308.864,PASS,0
PHASEB_formal_r1_C2_RING_SIMPLE_CH8_N2048_q16_rep5,1,4,1,sm_89,R1_EVENT_OVERLAP,NCCL,C2_RING_SIMPLE_CH8,2048,2048,2048,16,3,1048576,45,0,786.528,1043.456,1355.520,312.064,PASS,0
PHASEB_formal_r1_C2_RING_SIMPLE_CH8_N2048_q16_rep5,1,4,1,sm_89,R1_EVENT_OVERLAP,NCCL,C2_RING_SIMPLE_CH8,2048,2048,2048,16,4,1048576,45,0,1030.784,1359.360,1665.056,305.696,PASS,0
PHASEB_formal_r1_C2_RING_SIMPLE_CH8_N2048_q16_rep5,1,4,1,sm_89,R1_EVENT_OVERLAP,NCCL,C2_RING_SIMPLE_CH8,2048,2048,2048,16,5,1048576,45,0,1145.536,1668.544,1939.712,271.168,PASS,0
PHASEB_formal_r1_C2_RING_SIMPLE_CH8_N2048_q16_rep5,1,4,1,sm_89,R1_EVENT_OVERLAP,NCCL,C2_RING_SIMPLE_CH8,2048,2048,2048,16,6,1048576,45,0,1378.368,1943.200,2248.224,305.024,PASS,0
PHASEB_formal_r1_C2_RING_SIMPLE_CH8_N2048_q16_rep5,1,4,1,sm_89,R1_EVENT_OVERLAP,NCCL,C2_RING_SIMPLE_CH8,2048,2048,2048,16,7,1048576,45,0,1688.864,2251.744,2525.408,273.664,PASS,0
PHASEB_formal_r1_C2_RING_SIMPLE_CH8_N2048_q16_rep5,1,4,1,sm_89,R1_EVENT_OVERLAP,NCCL,C2_RING_SIMPLE_CH8,2048,2048,2048,16,8,1048576,45,0,1991.296,2528.704,2833.824,305.120,PASS,0
PHASEB_formal_r1_C2_RING_SIMPLE_CH8_N2048_q16_rep5,1,4,1,sm_89,R1_EVENT_OVERLAP,NCCL,C2_RING_SIMPLE_CH8,2048,2048,2048,16,9,1048576,45,0,2270.720,2837.152,3112.448,275.296,PASS,0
PHASEB_formal_r1_C2_RING_SIMPLE_CH8_N2048_q16_rep5,1,4,1,sm_89,R1_EVENT_OVERLAP,NCCL,C2_RING_SIMPLE_CH8,2048,2048,2048,16,10,1048576,45,0,2572.288,3115.712,3421.600,305.888,PASS,0
PHASEB_formal_r1_C2_RING_SIMPLE_CH8_N2048_q16_rep5,1,4,1,sm_89,R1_EVENT_OVERLAP,NCCL,C2_RING_SIMPLE_CH8,2048,2048,2048,16,11,1048576,45,0,2864.416,3424.928,3694.144,269.216,PASS,0
PHASEB_formal_r1_C2_RING_SIMPLE_CH8_N2048_q16_rep5,1,4,1,sm_89,R1_EVENT_OVERLAP,NCCL,C2_RING_SIMPLE_CH8,2048,2048,2048,16,12,1048576,45,0,3163.040,3697.888,4004.544,306.656,PASS,0
PHASEB_formal_r1_C2_RING_SIMPLE_CH8_N2048_q16_rep5,1,4,1,sm_89,R1_EVENT_OVERLAP,NCCL,C2_RING_SIMPLE_CH8,2048,2048,2048,16,13,1048576,45,0,3449.024,4007.840,4267.744,259.904,PASS,0
PHASEB_formal_r1_C2_RING_SIMPLE_CH8_N2048_q16_rep5,1,4,1,sm_89,R1_EVENT_OVERLAP,NCCL,C2_RING_SIMPLE_CH8,2048,2048,2048,16,14,1048576,45,0,3751.040,4271.072,4529.280,258.208,PASS,0
PHASEB_formal_r1_C2_RING_SIMPLE_CH8_N2048_q16_rep5,1,4,1,sm_89,R1_EVENT_OVERLAP,NCCL,C2_RING_SIMPLE_CH8,2048,2048,2048,16,15,1048576,45,0,4032.192,4532.640,4791.552,258.912,PASS,0
PHASEB_formal_r1_C2_RING_SIMPLE_CH8_N2048_q16_rep5,1,4,1,sm_89,R1_EVENT_OVERLAP,NCCL,C2_RING_SIMPLE_CH8,2048,2048,2048,16,0,1048576,46,0,116.448,123.104,430.272,307.168,PASS,0
PHASEB_formal_r1_C2_RING_SIMPLE_CH8_N2048_q16_rep5,1,4,1,sm_89,R1_EVENT_OVERLAP,NCCL,C2_RING_SIMPLE_CH8,2048,2048,2048,16,1,1048576,46,0,203.936,433.600,706.752,273.152,PASS,0
PHASEB_formal_r1_C2_RING_SIMPLE_CH8_N2048_q16_rep5,1,4,1,sm_89,R1_EVENT_OVERLAP,NCCL,C2_RING_SIMPLE_CH8,2048,2048,2048,16,2,1048576,46,0,439.936,710.208,1013.568,303.360,PASS,0
PHASEB_formal_r1_C2_RING_SIMPLE_CH8_N2048_q16_rep5,1,4,1,sm_89,R1_EVENT_OVERLAP,NCCL,C2_RING_SIMPLE_CH8,2048,2048,2048,16,3,1048576,46,0,730.336,1017.376,1285.536,268.160,PASS,0
PHASEB_formal_r1_C2_RING_SIMPLE_CH8_N2048_q16_rep5,1,4,1,sm_89,R1_EVENT_OVERLAP,NCCL,C2_RING_SIMPLE_CH8,2048,2048,2048,16,4,1048576,46,0,1029.184,1289.792,1602.912,313.120,PASS,0
PHASEB_formal_r1_C2_RING_SIMPLE_CH8_N2048_q16_rep5,1,4,1,sm_89,R1_EVENT_OVERLAP,NCCL,C2_RING_SIMPLE_CH8,2048,2048,2048,16,5,1048576,46,0,1338.752,1606.112,1912.768,306.656,PASS,0
PHASEB_formal_r1_C2_RING_SIMPLE_CH8_N2048_q16_rep5,1,4,1,sm_89,R1_EVENT_OVERLAP,NCCL,C2_RING_SIMPLE_CH8,2048,2048,2048,16,6,1048576,46,0,1580.128,1916.288,2188.256,271.968,PASS,0
PHASEB_formal_r1_C2_RING_SIMPLE_CH8_N2048_q16_rep5,1,4,1,sm_89,R1_EVENT_OVERLAP,NCCL,C2_RING_SIMPLE_CH8,2048,2048,2048,16,7,1048576,46,0,1695.232,2191.616,2496.576,304.960,PASS,0
PHASEB_formal_r1_C2_RING_SIMPLE_CH8_N2048_q16_rep5,1,4,1,sm_89,R1_EVENT_OVERLAP,NCCL,C2_RING_SIMPLE_CH8,2048,2048,2048,16,8,1048576,46,0,1931.552,2500.032,2771.456,271.424,PASS,0
PHASEB_formal_r1_C2_RING_SIMPLE_CH8_N2048_q16_rep5,1,4,1,sm_89,R1_EVENT_OVERLAP,NCCL,C2_RING_SIMPLE_CH8,2048,2048,2048,16,9,1048576,46,0,2239.520,2775.232,3080.864,305.632,PASS,0
PHASEB_formal_r1_C2_RING_SIMPLE_CH8_N2048_q16_rep5,1,4,1,sm_89,R1_EVENT_OVERLAP,NCCL,C2_RING_SIMPLE_CH8,2048,2048,2048,16,10,1048576,46,0,2511.200,3084.864,3360.064,275.200,PASS,0
PHASEB_formal_r1_C2_RING_SIMPLE_CH8_N2048_q16_rep5,1,4,1,sm_89,R1_EVENT_OVERLAP,NCCL,C2_RING_SIMPLE_CH8,2048,2048,2048,16,11,1048576,46,0,2822.752,3363.456,3668.256,304.800,PASS,0
PHASEB_formal_r1_C2_RING_SIMPLE_CH8_N2048_q16_rep5,1,4,1,sm_89,R1_EVENT_OVERLAP,NCCL,C2_RING_SIMPLE_CH8,2048,2048,2048,16,12,1048576,46,0,3097.504,3672.096,3943.712,271.616,PASS,0
PHASEB_formal_r1_C2_RING_SIMPLE_CH8_N2048_q16_rep5,1,4,1,sm_89,R1_EVENT_OVERLAP,NCCL,C2_RING_SIMPLE_CH8,2048,2048,2048,16,13,1048576,46,0,3414.112,3947.104,4242.304,295.200,PASS,0
PHASEB_formal_r1_C2_RING_SIMPLE_CH8_N2048_q16_rep5,1,4,1,sm_89,R1_EVENT_OVERLAP,NCCL,C2_RING_SIMPLE_CH8,2048,2048,2048,16,14,1048576,46,0,3689.280,4245.632,4505.856,260.224,PASS,0
PHASEB_formal_r1_C2_RING_SIMPLE_CH8_N2048_q16_rep5,1,4,1,sm_89,R1_EVENT_OVERLAP,NCCL,C2_RING_SIMPLE_CH8,2048,2048,2048,16,15,1048576,46,0,3997.952,4509.504,4767.392,257.888,PASS,0
PHASEB_formal_r1_C2_RING_SIMPLE_CH8_N2048_q16_rep5,1,4,1,sm_89,R1_EVENT_OVERLAP,NCCL,C2_RING_SIMPLE_CH8,2048,2048,2048,16,0,1048576,47,0,137.984,144.736,453.504,308.768,PASS,0
PHASEB_formal_r1_C2_RING_SIMPLE_CH8_N2048_q16_rep5,1,4,1,sm_89,R1_EVENT_OVERLAP,NCCL,C2_RING_SIMPLE_CH8,2048,2048,2048,16,1,1048576,47,0,224.704,456.992,729.888,272.896,PASS,0
PHASEB_formal_r1_C2_RING_SIMPLE_CH8_N2048_q16_rep5,1,4,1,sm_89,R1_EVENT_OVERLAP,NCCL,C2_RING_SIMPLE_CH8,2048,2048,2048,16,2,1048576,47,0,472.480,737.984,1045.856,307.872,PASS,0
PHASEB_formal_r1_C2_RING_SIMPLE_CH8_N2048_q16_rep5,1,4,1,sm_89,R1_EVENT_OVERLAP,NCCL,C2_RING_SIMPLE_CH8,2048,2048,2048,16,3,1048576,47,0,789.760,1049.184,1356.224,307.040,PASS,0
PHASEB_formal_r1_C2_RING_SIMPLE_CH8_N2048_q16_rep5,1,4,1,sm_89,R1_EVENT_OVERLAP,NCCL,C2_RING_SIMPLE_CH8,2048,2048,2048,16,4,1048576,47,0,1038.944,1359.552,1637.792,278.240,PASS,0
PHASEB_formal_r1_C2_RING_SIMPLE_CH8_N2048_q16_rep5,1,4,1,sm_89,R1_EVENT_OVERLAP,NCCL,C2_RING_SIMPLE_CH8,2048,2048,2048,16,5,1048576,47,0,1127.328,1641.088,1947.168,306.080,PASS,0
PHASEB_formal_r1_C2_RING_SIMPLE_CH8_N2048_q16_rep5,1,4,1,sm_89,R1_EVENT_OVERLAP,NCCL,C2_RING_SIMPLE_CH8,2048,2048,2048,16,6,1048576,47,0,1370.912,1950.336,2252.288,301.952,PASS,0
PHASEB_formal_r1_C2_RING_SIMPLE_CH8_N2048_q16_rep5,1,4,1,sm_89,R1_EVENT_OVERLAP,NCCL,C2_RING_SIMPLE_CH8,2048,2048,2048,16,7,1048576,47,0,1670.080,2255.712,2560.288,304.576,PASS,0
PHASEB_formal_r1_C2_RING_SIMPLE_CH8_N2048_q16_rep5,1,4,1,sm_89,R1_EVENT_OVERLAP,NCCL,C2_RING_SIMPLE_CH8,2048,2048,2048,16,8,1048576,47,0,1916.544,2564.000,2868.480,304.480,PASS,0
PHASEB_formal_r1_C2_RING_SIMPLE_CH8_N2048_q16_rep5,1,4,1,sm_89,R1_EVENT_OVERLAP,NCCL,C2_RING_SIMPLE_CH8,2048,2048,2048,16,9,1048576,47,0,2008.864,2871.808,3145.152,273.344,PASS,0
PHASEB_formal_r1_C2_RING_SIMPLE_CH8_N2048_q16_rep5,1,4,1,sm_89,R1_EVENT_OVERLAP,NCCL,C2_RING_SIMPLE_CH8,2048,2048,2048,16,10,1048576,47,0,2243.680,3148.544,3455.968,307.424,PASS,0
PHASEB_formal_r1_C2_RING_SIMPLE_CH8_N2048_q16_rep5,1,4,1,sm_89,R1_EVENT_OVERLAP,NCCL,C2_RING_SIMPLE_CH8,2048,2048,2048,16,11,1048576,47,0,2337.504,3459.296,3719.136,259.840,PASS,0
PHASEB_formal_r1_C2_RING_SIMPLE_CH8_N2048_q16_rep5,1,4,1,sm_89,R1_EVENT_OVERLAP,NCCL,C2_RING_SIMPLE_CH8,2048,2048,2048,16,12,1048576,47,0,2630.976,3722.496,3982.400,259.904,PASS,0
PHASEB_formal_r1_C2_RING_SIMPLE_CH8_N2048_q16_rep5,1,4,1,sm_89,R1_EVENT_OVERLAP,NCCL,C2_RING_SIMPLE_CH8,2048,2048,2048,16,13,1048576,47,0,2886.176,3985.728,4245.696,259.968,PASS,0
PHASEB_formal_r1_C2_RING_SIMPLE_CH8_N2048_q16_rep5,1,4,1,sm_89,R1_EVENT_OVERLAP,NCCL,C2_RING_SIMPLE_CH8,2048,2048,2048,16,14,1048576,47,0,3194.816,4249.024,4507.936,258.912,PASS,0
PHASEB_formal_r1_C2_RING_SIMPLE_CH8_N2048_q16_rep5,1,4,1,sm_89,R1_EVENT_OVERLAP,NCCL,C2_RING_SIMPLE_CH8,2048,2048,2048,16,15,1048576,47,0,3483.488,4511.264,4770.304,259.040,PASS,0
PHASEB_formal_r1_C2_RING_SIMPLE_CH8_N2048_q16_rep5,1,4,1,sm_89,R1_EVENT_OVERLAP,NCCL,C2_RING_SIMPLE_CH8,2048,2048,2048,16,0,1048576,48,0,112.672,119.168,429.696,310.528,PASS,0
PHASEB_formal_r1_C2_RING_SIMPLE_CH8_N2048_q16_rep5,1,4,1,sm_89,R1_EVENT_OVERLAP,NCCL,C2_RING_SIMPLE_CH8,2048,2048,2048,16,1,1048576,48,0,202.016,433.024,708.928,275.904,PASS,0
PHASEB_formal_r1_C2_RING_SIMPLE_CH8_N2048_q16_rep5,1,4,1,sm_89,R1_EVENT_OVERLAP,NCCL,C2_RING_SIMPLE_CH8,2048,2048,2048,16,2,1048576,48,0,439.968,712.928,1015.584,302.656,PASS,0
PHASEB_formal_r1_C2_RING_SIMPLE_CH8_N2048_q16_rep5,1,4,1,sm_89,R1_EVENT_OVERLAP,NCCL,C2_RING_SIMPLE_CH8,2048,2048,2048,16,3,1048576,48,0,735.296,1019.424,1326.720,307.296,PASS,0
PHASEB_formal_r1_C2_RING_SIMPLE_CH8_N2048_q16_rep5,1,4,1,sm_89,R1_EVENT_OVERLAP,NCCL,C2_RING_SIMPLE_CH8,2048,2048,2048,16,4,1048576,48,0,990.880,1330.144,1611.840,281.696,PASS,0
PHASEB_formal_r1_C2_RING_SIMPLE_CH8_N2048_q16_rep5,1,4,1,sm_89,R1_EVENT_OVERLAP,NCCL,C2_RING_SIMPLE_CH8,2048,2048,2048,16,5,1048576,48,0,1096.384,1615.200,1920.288,305.088,PASS,0
PHASEB_formal_r1_C2_RING_SIMPLE_CH8_N2048_q16_rep5,1,4,1,sm_89,R1_EVENT_OVERLAP,NCCL,C2_RING_SIMPLE_CH8,2048,2048,2048,16,6,1048576,48,0,1337.120,1924.096,2230.464,306.368,PASS,0
PHASEB_formal_r1_C2_RING_SIMPLE_CH8_N2048_q16_rep5,1,4,1,sm_89,R1_EVENT_OVERLAP,NCCL,C2_RING_SIMPLE_CH8,2048,2048,2048,16,7,1048576,48,0,1643.392,2233.792,2543.584,309.792,PASS,0
PHASEB_formal_r1_C2_RING_SIMPLE_CH8_N2048_q16_rep5,1,4,1,sm_89,R1_EVENT_OVERLAP,NCCL,C2_RING_SIMPLE_CH8,2048,2048,2048,16,8,1048576,48,0,1897.440,2546.976,2860.544,313.568,PASS,0
PHASEB_formal_r1_C2_RING_SIMPLE_CH8_N2048_q16_rep5,1,4,1,sm_89,R1_EVENT_OVERLAP,NCCL,C2_RING_SIMPLE_CH8,2048,2048,2048,16,9,1048576,48,0,2001.376,2863.968,3167.552,303.584,PASS,0
PHASEB_formal_r1_C2_RING_SIMPLE_CH8_N2048_q16_rep5,1,4,1,sm_89,R1_EVENT_OVERLAP,NCCL,C2_RING_SIMPLE_CH8,2048,2048,2048,16,10,1048576,48,0,2295.776,3170.976,3479.744,308.768,PASS,0
PHASEB_formal_r1_C2_RING_SIMPLE_CH8_N2048_q16_rep5,1,4,1,sm_89,R1_EVENT_OVERLAP,NCCL,C2_RING_SIMPLE_CH8,2048,2048,2048,16,11,1048576,48,0,2606.528,3483.488,3778.016,294.528,PASS,0
PHASEB_formal_r1_C2_RING_SIMPLE_CH8_N2048_q16_rep5,1,4,1,sm_89,R1_EVENT_OVERLAP,NCCL,C2_RING_SIMPLE_CH8,2048,2048,2048,16,12,1048576,48,0,2852.960,3781.376,4039.200,257.824,PASS,0
PHASEB_formal_r1_C2_RING_SIMPLE_CH8_N2048_q16_rep5,1,4,1,sm_89,R1_EVENT_OVERLAP,NCCL,C2_RING_SIMPLE_CH8,2048,2048,2048,16,13,1048576,48,0,3157.248,4042.560,4298.144,255.584,PASS,0
PHASEB_formal_r1_C2_RING_SIMPLE_CH8_N2048_q16_rep5,1,4,1,sm_89,R1_EVENT_OVERLAP,NCCL,C2_RING_SIMPLE_CH8,2048,2048,2048,16,14,1048576,48,0,3435.872,4301.504,4558.944,257.440,PASS,0
PHASEB_formal_r1_C2_RING_SIMPLE_CH8_N2048_q16_rep5,1,4,1,sm_89,R1_EVENT_OVERLAP,NCCL,C2_RING_SIMPLE_CH8,2048,2048,2048,16,15,1048576,48,0,3742.720,4562.272,4817.376,255.104,PASS,0
PHASEB_formal_r1_C2_RING_SIMPLE_CH8_N2048_q16_rep5,1,4,1,sm_89,R1_EVENT_OVERLAP,NCCL,C2_RING_SIMPLE_CH8,2048,2048,2048,16,0,1048576,49,0,134.496,140.704,448.480,307.776,PASS,0
PHASEB_formal_r1_C2_RING_SIMPLE_CH8_N2048_q16_rep5,1,4,1,sm_89,R1_EVENT_OVERLAP,NCCL,C2_RING_SIMPLE_CH8,2048,2048,2048,16,1,1048576,49,0,249.920,451.872,757.312,305.440,PASS,0
PHASEB_formal_r1_C2_RING_SIMPLE_CH8_N2048_q16_rep5,1,4,1,sm_89,R1_EVENT_OVERLAP,NCCL,C2_RING_SIMPLE_CH8,2048,2048,2048,16,2,1048576,49,0,472.384,762.944,1027.872,264.928,PASS,0
PHASEB_formal_r1_C2_RING_SIMPLE_CH8_N2048_q16_rep5,1,4,1,sm_89,R1_EVENT_OVERLAP,NCCL,C2_RING_SIMPLE_CH8,2048,2048,2048,16,3,1048576,49,0,793.568,1031.168,1336.192,305.024,PASS,0
PHASEB_formal_r1_C2_RING_SIMPLE_CH8_N2048_q16_rep5,1,4,1,sm_89,R1_EVENT_OVERLAP,NCCL,C2_RING_SIMPLE_CH8,2048,2048,2048,16,4,1048576,49,0,1099.392,1339.904,1611.776,271.872,PASS,0
PHASEB_formal_r1_C2_RING_SIMPLE_CH8_N2048_q16_rep5,1,4,1,sm_89,R1_EVENT_OVERLAP,NCCL,C2_RING_SIMPLE_CH8,2048,2048,2048,16,5,1048576,49,0,1376.768,1615.136,1916.576,301.440,PASS,0
PHASEB_formal_r1_C2_RING_SIMPLE_CH8_N2048_q16_rep5,1,4,1,sm_89,R1_EVENT_OVERLAP,NCCL,C2_RING_SIMPLE_CH8,2048,2048,2048,16,6,1048576,49,0,1681.728,1920.128,2196.928,276.800,PASS,0
PHASEB_formal_r1_C2_RING_SIMPLE_CH8_N2048_q16_rep5,1,4,1,sm_89,R1_EVENT_OVERLAP,NCCL,C2_RING_SIMPLE_CH8,2048,2048,2048,16,7,1048576,49,0,1960.928,2200.352,2502.400,302.048,PASS,0
PHASEB_formal_r1_C2_RING_SIMPLE_CH8_N2048_q16_rep5,1,4,1,sm_89,R1_EVENT_OVERLAP,NCCL,C2_RING_SIMPLE_CH8,2048,2048,2048,16,8,1048576,49,0,2265.696,2505.824,2773.600,267.776,PASS,0
PHASEB_formal_r1_C2_RING_SIMPLE_CH8_N2048_q16_rep5,1,4,1,sm_89,R1_EVENT_OVERLAP,NCCL,C2_RING_SIMPLE_CH8,2048,2048,2048,16,9,1048576,49,0,2550.176,2776.864,3079.936,303.072,PASS,0
PHASEB_formal_r1_C2_RING_SIMPLE_CH8_N2048_q16_rep5,1,4,1,sm_89,R1_EVENT_OVERLAP,NCCL,C2_RING_SIMPLE_CH8,2048,2048,2048,16,10,1048576,49,0,2853.792,3083.520,3348.512,264.992,PASS,0
PHASEB_formal_r1_C2_RING_SIMPLE_CH8_N2048_q16_rep5,1,4,1,sm_89,R1_EVENT_OVERLAP,NCCL,C2_RING_SIMPLE_CH8,2048,2048,2048,16,11,1048576,49,0,3133.568,3351.904,3654.496,302.592,PASS,0
PHASEB_formal_r1_C2_RING_SIMPLE_CH8_N2048_q16_rep5,1,4,1,sm_89,R1_EVENT_OVERLAP,NCCL,C2_RING_SIMPLE_CH8,2048,2048,2048,16,12,1048576,49,0,3439.456,3657.792,3959.584,301.792,PASS,0
PHASEB_formal_r1_C2_RING_SIMPLE_CH8_N2048_q16_rep5,1,4,1,sm_89,R1_EVENT_OVERLAP,NCCL,C2_RING_SIMPLE_CH8,2048,2048,2048,16,13,1048576,49,0,3724.672,3962.976,4265.632,302.656,PASS,0
PHASEB_formal_r1_C2_RING_SIMPLE_CH8_N2048_q16_rep5,1,4,1,sm_89,R1_EVENT_OVERLAP,NCCL,C2_RING_SIMPLE_CH8,2048,2048,2048,16,14,1048576,49,0,4032.480,4269.152,4524.512,255.360,PASS,0
PHASEB_formal_r1_C2_RING_SIMPLE_CH8_N2048_q16_rep5,1,4,1,sm_89,R1_EVENT_OVERLAP,NCCL,C2_RING_SIMPLE_CH8,2048,2048,2048,16,15,1048576,49,0,4309.568,4527.808,4784.576,256.768,PASS,0
PHASEB_formal_r1_C2_RING_SIMPLE_CH8_N2048_q16_rep5,1,4,1,sm_89,R1_EVENT_OVERLAP,NCCL,C2_RING_SIMPLE_CH8,2048,2048,2048,16,0,1048576,50,0,110.688,117.184,424.128,306.944,PASS,0
PHASEB_formal_r1_C2_RING_SIMPLE_CH8_N2048_q16_rep5,1,4,1,sm_89,R1_EVENT_OVERLAP,NCCL,C2_RING_SIMPLE_CH8,2048,2048,2048,16,1,1048576,50,0,200.000,427.424,694.816,267.392,PASS,0
PHASEB_formal_r1_C2_RING_SIMPLE_CH8_N2048_q16_rep5,1,4,1,sm_89,R1_EVENT_OVERLAP,NCCL,C2_RING_SIMPLE_CH8,2048,2048,2048,16,2,1048576,50,0,433.568,698.048,1005.344,307.296,PASS,0
PHASEB_formal_r1_C2_RING_SIMPLE_CH8_N2048_q16_rep5,1,4,1,sm_89,R1_EVENT_OVERLAP,NCCL,C2_RING_SIMPLE_CH8,2048,2048,2048,16,3,1048576,50,0,726.240,1008.864,1319.456,310.592,PASS,0
PHASEB_formal_r1_C2_RING_SIMPLE_CH8_N2048_q16_rep5,1,4,1,sm_89,R1_EVENT_OVERLAP,NCCL,C2_RING_SIMPLE_CH8,2048,2048,2048,16,4,1048576,50,0,980.576,1323.232,1605.568,282.336,PASS,0
PHASEB_formal_r1_C2_RING_SIMPLE_CH8_N2048_q16_rep5,1,4,1,sm_89,R1_EVENT_OVERLAP,NCCL,C2_RING_SIMPLE_CH8,2048,2048,2048,16,5,1048576,50,0,1072.352,1608.864,1908.768,299.904,PASS,0
PHASEB_formal_r1_C2_RING_SIMPLE_CH8_N2048_q16_rep5,1,4,1,sm_89,R1_EVENT_OVERLAP,NCCL,C2_RING_SIMPLE_CH8,2048,2048,2048,16,6,1048576,50,0,1329.568,1912.224,2214.240,302.016,PASS,0
PHASEB_formal_r1_C2_RING_SIMPLE_CH8_N2048_q16_rep5,1,4,1,sm_89,R1_EVENT_OVERLAP,NCCL,C2_RING_SIMPLE_CH8,2048,2048,2048,16,7,1048576,50,0,1633.184,2217.472,2521.536,304.064,PASS,0
PHASEB_formal_r1_C2_RING_SIMPLE_CH8_N2048_q16_rep5,1,4,1,sm_89,R1_EVENT_OVERLAP,NCCL,C2_RING_SIMPLE_CH8,2048,2048,2048,16,8,1048576,50,0,1882.176,2524.800,2825.664,300.864,PASS,0
PHASEB_formal_r1_C2_RING_SIMPLE_CH8_N2048_q16_rep5,1,4,1,sm_89,R1_EVENT_OVERLAP,NCCL,C2_RING_SIMPLE_CH8,2048,2048,2048,16,9,1048576,50,0,1994.240,2829.056,3094.592,265.536,PASS,0
PHASEB_formal_r1_C2_RING_SIMPLE_CH8_N2048_q16_rep5,1,4,1,sm_89,R1_EVENT_OVERLAP,NCCL,C2_RING_SIMPLE_CH8,2048,2048,2048,16,10,1048576,50,0,2303.776,3098.112,3401.536,303.424,PASS,0
PHASEB_formal_r1_C2_RING_SIMPLE_CH8_N2048_q16_rep5,1,4,1,sm_89,R1_EVENT_OVERLAP,NCCL,C2_RING_SIMPLE_CH8,2048,2048,2048,16,11,1048576,50,0,2610.112,3404.960,3703.872,298.912,PASS,0
PHASEB_formal_r1_C2_RING_SIMPLE_CH8_N2048_q16_rep5,1,4,1,sm_89,R1_EVENT_OVERLAP,NCCL,C2_RING_SIMPLE_CH8,2048,2048,2048,16,12,1048576,50,0,2887.584,3707.072,4001.312,294.240,PASS,0
PHASEB_formal_r1_C2_RING_SIMPLE_CH8_N2048_q16_rep5,1,4,1,sm_89,R1_EVENT_OVERLAP,NCCL,C2_RING_SIMPLE_CH8,2048,2048,2048,16,13,1048576,50,0,3196.832,4004.640,4260.512,255.872,PASS,0
PHASEB_formal_r1_C2_RING_SIMPLE_CH8_N2048_q16_rep5,1,4,1,sm_89,R1_EVENT_OVERLAP,NCCL,C2_RING_SIMPLE_CH8,2048,2048,2048,16,14,1048576,50,0,3470.432,4263.840,4520.928,257.088,PASS,0
PHASEB_formal_r1_C2_RING_SIMPLE_CH8_N2048_q16_rep5,1,4,1,sm_89,R1_EVENT_OVERLAP,NCCL,C2_RING_SIMPLE_CH8,2048,2048,2048,16,15,1048576,50,0,3783.456,4524.288,4780.704,256.416,PASS,0
PHASEB_formal_r1_C2_RING_SIMPLE_CH8_N2048_q16_rep5,1,4,1,sm_89,R1_EVENT_OVERLAP,NCCL,C2_RING_SIMPLE_CH8,2048,2048,2048,16,0,1048576,51,0,134.080,141.184,447.840,306.656,PASS,0
PHASEB_formal_r1_C2_RING_SIMPLE_CH8_N2048_q16_rep5,1,4,1,sm_89,R1_EVENT_OVERLAP,NCCL,C2_RING_SIMPLE_CH8,2048,2048,2048,16,1,1048576,51,0,222.016,451.200,717.312,266.112,PASS,0
PHASEB_formal_r1_C2_RING_SIMPLE_CH8_N2048_q16_rep5,1,4,1,sm_89,R1_EVENT_OVERLAP,NCCL,C2_RING_SIMPLE_CH8,2048,2048,2048,16,2,1048576,51,0,469.536,720.704,1026.912,306.208,PASS,0
PHASEB_formal_r1_C2_RING_SIMPLE_CH8_N2048_q16_rep5,1,4,1,sm_89,R1_EVENT_OVERLAP,NCCL,C2_RING_SIMPLE_CH8,2048,2048,2048,16,3,1048576,51,0,783.136,1030.336,1335.008,304.672,PASS,0
PHASEB_formal_r1_C2_RING_SIMPLE_CH8_N2048_q16_rep5,1,4,1,sm_89,R1_EVENT_OVERLAP,NCCL,C2_RING_SIMPLE_CH8,2048,2048,2048,16,4,1048576,51,0,1015.328,1338.336,1643.840,305.504,PASS,0
PHASEB_formal_r1_C2_RING_SIMPLE_CH8_N2048_q16_rep5,1,4,1,sm_89,R1_EVENT_OVERLAP,NCCL,C2_RING_SIMPLE_CH8,2048,2048,2048,16,5,1048576,51,0,1107.456,1647.168,1916.832,269.664,PASS,0
PHASEB_formal_r1_C2_RING_SIMPLE_CH8_N2048_q16_rep5,1,4,1,sm_89,R1_EVENT_OVERLAP,NCCL,C2_RING_SIMPLE_CH8,2048,2048,2048,16,6,1048576,51,0,1354.304,1920.416,2221.376,300.960,PASS,0
PHASEB_formal_r1_C2_RING_SIMPLE_CH8_N2048_q16_rep5,1,4,1,sm_89,R1_EVENT_OVERLAP,NCCL,C2_RING_SIMPLE_CH8,2048,2048,2048,16,7,1048576,51,0,1659.680,2225.024,2495.104,270.080,PASS,0
PHASEB_formal_r1_C2_RING_SIMPLE_CH8_N2048_q16_rep5,1,4,1,sm_89,R1_EVENT_OVERLAP,NCCL,C2_RING_SIMPLE_CH8,2048,2048,2048,16,8,1048576,51,0,1965.600,2498.720,2803.616,304.896,PASS,0
PHASEB_formal_r1_C2_RING_SIMPLE_CH8_N2048_q16_rep5,1,4,1,sm_89,R1_EVENT_OVERLAP,NCCL,C2_RING_SIMPLE_CH8,2048,2048,2048,16,9,1048576,51,0,2262.112,2807.008,3073.440,266.432,PASS,0
PHASEB_formal_r1_C2_RING_SIMPLE_CH8_N2048_q16_rep5,1,4,1,sm_89,R1_EVENT_OVERLAP,NCCL,C2_RING_SIMPLE_CH8,2048,2048,2048,16,10,1048576,51,0,2545.056,3077.280,3377.376,300.096,PASS,0
PHASEB_formal_r1_C2_RING_SIMPLE_CH8_N2048_q16_rep5,1,4,1,sm_89,R1_EVENT_OVERLAP,NCCL,C2_RING_SIMPLE_CH8,2048,2048,2048,16,11,1048576,51,0,2848.096,3380.832,3678.048,297.216,PASS,0
PHASEB_formal_r1_C2_RING_SIMPLE_CH8_N2048_q16_rep5,1,4,1,sm_89,R1_EVENT_OVERLAP,NCCL,C2_RING_SIMPLE_CH8,2048,2048,2048,16,12,1048576,51,0,3128.608,3681.408,3948.128,266.720,PASS,0
PHASEB_formal_r1_C2_RING_SIMPLE_CH8_N2048_q16_rep5,1,4,1,sm_89,R1_EVENT_OVERLAP,NCCL,C2_RING_SIMPLE_CH8,2048,2048,2048,16,13,1048576,51,0,3437.472,3951.840,4246.400,294.560,PASS,0
PHASEB_formal_r1_C2_RING_SIMPLE_CH8_N2048_q16_rep5,1,4,1,sm_89,R1_EVENT_OVERLAP,NCCL,C2_RING_SIMPLE_CH8,2048,2048,2048,16,14,1048576,51,0,3705.984,4249.728,4505.472,255.744,PASS,0
PHASEB_formal_r1_C2_RING_SIMPLE_CH8_N2048_q16_rep5,1,4,1,sm_89,R1_EVENT_OVERLAP,NCCL,C2_RING_SIMPLE_CH8,2048,2048,2048,16,15,1048576,51,0,4013.856,4508.832,4764.640,255.808,PASS,0
PHASEB_formal_r1_C2_RING_SIMPLE_CH8_N2048_q16_rep5,1,4,1,sm_89,R1_EVENT_OVERLAP,NCCL,C2_RING_SIMPLE_CH8,2048,2048,2048,16,0,1048576,52,0,116.448,122.656,426.848,304.192,PASS,0
PHASEB_formal_r1_C2_RING_SIMPLE_CH8_N2048_q16_rep5,1,4,1,sm_89,R1_EVENT_OVERLAP,NCCL,C2_RING_SIMPLE_CH8,2048,2048,2048,16,1,1048576,52,0,205.248,430.592,702.624,272.032,PASS,0
PHASEB_formal_r1_C2_RING_SIMPLE_CH8_N2048_q16_rep5,1,4,1,sm_89,R1_EVENT_OVERLAP,NCCL,C2_RING_SIMPLE_CH8,2048,2048,2048,16,2,1048576,52,0,447.136,713.760,1015.488,301.728,PASS,0
PHASEB_formal_r1_C2_RING_SIMPLE_CH8_N2048_q16_rep5,1,4,1,sm_89,R1_EVENT_OVERLAP,NCCL,C2_RING_SIMPLE_CH8,2048,2048,2048,16,3,1048576,52,0,765.888,1018.816,1326.272,307.456,PASS,0
PHASEB_formal_r1_C2_RING_SIMPLE_CH8_N2048_q16_rep5,1,4,1,sm_89,R1_EVENT_OVERLAP,NCCL,C2_RING_SIMPLE_CH8,2048,2048,2048,16,4,1048576,52,0,1005.472,1329.824,1606.560,276.736,PASS,0
PHASEB_formal_r1_C2_RING_SIMPLE_CH8_N2048_q16_rep5,1,4,1,sm_89,R1_EVENT_OVERLAP,NCCL,C2_RING_SIMPLE_CH8,2048,2048,2048,16,5,1048576,52,0,1121.888,1610.176,1912.480,302.304,PASS,0
PHASEB_formal_r1_C2_RING_SIMPLE_CH8_N2048_q16_rep5,1,4,1,sm_89,R1_EVENT_OVERLAP,NCCL,C2_RING_SIMPLE_CH8,2048,2048,2048,16,6,1048576,52,0,1347.648,1915.776,2220.672,304.896,PASS,0
PHASEB_formal_r1_C2_RING_SIMPLE_CH8_N2048_q16_rep5,1,4,1,sm_89,R1_EVENT_OVERLAP,NCCL,C2_RING_SIMPLE_CH8,2048,2048,2048,16,7,1048576,52,0,1670.944,2223.872,2500.608,276.736,PASS,0
PHASEB_formal_r1_C2_RING_SIMPLE_CH8_N2048_q16_rep5,1,4,1,sm_89,R1_EVENT_OVERLAP,NCCL,C2_RING_SIMPLE_CH8,2048,2048,2048,16,8,1048576,52,0,1901.216,2504.032,2769.248,265.216,PASS,0
PHASEB_formal_r1_C2_RING_SIMPLE_CH8_N2048_q16_rep5,1,4,1,sm_89,R1_EVENT_OVERLAP,NCCL,C2_RING_SIMPLE_CH8,2048,2048,2048,16,9,1048576,52,0,1993.504,2772.864,3072.608,299.744,PASS,0
PHASEB_formal_r1_C2_RING_SIMPLE_CH8_N2048_q16_rep5,1,4,1,sm_89,R1_EVENT_OVERLAP,NCCL,C2_RING_SIMPLE_CH8,2048,2048,2048,16,10,1048576,52,0,2230.304,3075.904,3344.128,268.224,PASS,0
PHASEB_formal_r1_C2_RING_SIMPLE_CH8_N2048_q16_rep5,1,4,1,sm_89,R1_EVENT_OVERLAP,NCCL,C2_RING_SIMPLE_CH8,2048,2048,2048,16,11,1048576,52,0,2520.000,3347.456,3650.240,302.784,PASS,0
PHASEB_formal_r1_C2_RING_SIMPLE_CH8_N2048_q16_rep5,1,4,1,sm_89,R1_EVENT_OVERLAP,NCCL,C2_RING_SIMPLE_CH8,2048,2048,2048,16,12,1048576,52,0,2824.256,3653.728,3910.752,257.024,PASS,0
PHASEB_formal_r1_C2_RING_SIMPLE_CH8_N2048_q16_rep5,1,4,1,sm_89,R1_EVENT_OVERLAP,NCCL,C2_RING_SIMPLE_CH8,2048,2048,2048,16,13,1048576,52,0,3094.496,3914.080,4170.080,256.000,PASS,0
PHASEB_formal_r1_C2_RING_SIMPLE_CH8_N2048_q16_rep5,1,4,1,sm_89,R1_EVENT_OVERLAP,NCCL,C2_RING_SIMPLE_CH8,2048,2048,2048,16,14,1048576,52,0,3399.552,4173.760,4430.528,256.768,PASS,0
PHASEB_formal_r1_C2_RING_SIMPLE_CH8_N2048_q16_rep5,1,4,1,sm_89,R1_EVENT_OVERLAP,NCCL,C2_RING_SIMPLE_CH8,2048,2048,2048,16,15,1048576,52,0,3670.912,4433.824,4689.280,255.456,PASS,0
PHASEB_formal_r1_C2_RING_SIMPLE_CH8_N2048_q16_rep5,1,4,1,sm_89,R1_EVENT_OVERLAP,NCCL,C2_RING_SIMPLE_CH8,2048,2048,2048,16,0,1048576,53,0,144.032,150.432,459.232,308.800,PASS,0
PHASEB_formal_r1_C2_RING_SIMPLE_CH8_N2048_q16_rep5,1,4,1,sm_89,R1_EVENT_OVERLAP,NCCL,C2_RING_SIMPLE_CH8,2048,2048,2048,16,1,1048576,53,0,244.544,462.720,767.840,305.120,PASS,0
PHASEB_formal_r1_C2_RING_SIMPLE_CH8_N2048_q16_rep5,1,4,1,sm_89,R1_EVENT_OVERLAP,NCCL,C2_RING_SIMPLE_CH8,2048,2048,2048,16,2,1048576,53,0,480.544,771.296,1047.328,276.032,PASS,0
PHASEB_formal_r1_C2_RING_SIMPLE_CH8_N2048_q16_rep5,1,4,1,sm_89,R1_EVENT_OVERLAP,NCCL,C2_RING_SIMPLE_CH8,2048,2048,2048,16,3,1048576,53,0,777.984,1051.424,1321.696,270.272,PASS,0
PHASEB_formal_r1_C2_RING_SIMPLE_CH8_N2048_q16_rep5,1,4,1,sm_89,R1_EVENT_OVERLAP,NCCL,C2_RING_SIMPLE_CH8,2048,2048,2048,16,4,1048576,53,0,1067.040,1325.088,1639.168,314.080,PASS,0
PHASEB_formal_r1_C2_RING_SIMPLE_CH8_N2048_q16_rep5,1,4,1,sm_89,R1_EVENT_OVERLAP,NCCL,C2_RING_SIMPLE_CH8,2048,2048,2048,16,5,1048576,53,0,1389.120,1642.624,1958.112,315.488,PASS,0
PHASEB_formal_r1_C2_RING_SIMPLE_CH8_N2048_q16_rep5,1,4,1,sm_89,R1_EVENT_OVERLAP,NCCL,C2_RING_SIMPLE_CH8,2048,2048,2048,16,6,1048576,53,0,1661.920,1961.440,2231.968,270.528,PASS,0
PHASEB_formal_r1_C2_RING_SIMPLE_CH8_N2048_q16_rep5,1,4,1,sm_89,R1_EVENT_OVERLAP,NCCL,C2_RING_SIMPLE_CH8,2048,2048,2048,16,7,1048576,53,0,1997.792,2235.200,2505.120,269.920,PASS,0
PHASEB_formal_r1_C2_RING_SIMPLE_CH8_N2048_q16_rep5,1,4,1,sm_89,R1_EVENT_OVERLAP,NCCL,C2_RING_SIMPLE_CH8,2048,2048,2048,16,8,1048576,53,0,2290.080,2508.384,2816.800,308.416,PASS,0
PHASEB_formal_r1_C2_RING_SIMPLE_CH8_N2048_q16_rep5,1,4,1,sm_89,R1_EVENT_OVERLAP,NCCL,C2_RING_SIMPLE_CH8,2048,2048,2048,16,9,1048576,53,0,2594.240,2820.000,3092.288,272.288,PASS,0
PHASEB_formal_r1_C2_RING_SIMPLE_CH8_N2048_q16_rep5,1,4,1,sm_89,R1_EVENT_OVERLAP,NCCL,C2_RING_SIMPLE_CH8,2048,2048,2048,16,10,1048576,53,0,2867.392,3095.616,3369.248,273.632,PASS,0
PHASEB_formal_r1_C2_RING_SIMPLE_CH8_N2048_q16_rep5,1,4,1,sm_89,R1_EVENT_OVERLAP,NCCL,C2_RING_SIMPLE_CH8,2048,2048,2048,16,11,1048576,53,0,3146.880,3372.544,3680.352,307.808,PASS,0
PHASEB_formal_r1_C2_RING_SIMPLE_CH8_N2048_q16_rep5,1,4,1,sm_89,R1_EVENT_OVERLAP,NCCL,C2_RING_SIMPLE_CH8,2048,2048,2048,16,12,1048576,53,0,3452.032,3683.712,3955.008,271.296,PASS,0
PHASEB_formal_r1_C2_RING_SIMPLE_CH8_N2048_q16_rep5,1,4,1,sm_89,R1_EVENT_OVERLAP,NCCL,C2_RING_SIMPLE_CH8,2048,2048,2048,16,13,1048576,53,0,3725.600,3958.368,4231.296,272.928,PASS,0
PHASEB_formal_r1_C2_RING_SIMPLE_CH8_N2048_q16_rep5,1,4,1,sm_89,R1_EVENT_OVERLAP,NCCL,C2_RING_SIMPLE_CH8,2048,2048,2048,16,14,1048576,53,0,4015.104,4235.104,4532.512,297.408,PASS,0
PHASEB_formal_r1_C2_RING_SIMPLE_CH8_N2048_q16_rep5,1,4,1,sm_89,R1_EVENT_OVERLAP,NCCL,C2_RING_SIMPLE_CH8,2048,2048,2048,16,15,1048576,53,0,4310.016,4535.904,4795.040,259.136,PASS,0
PHASEB_formal_r1_C2_RING_SIMPLE_CH8_N2048_q16_rep5,1,4,1,sm_89,R1_EVENT_OVERLAP,NCCL,C2_RING_SIMPLE_CH8,2048,2048,2048,16,0,1048576,54,0,113.696,119.840,430.432,310.592,PASS,0
PHASEB_formal_r1_C2_RING_SIMPLE_CH8_N2048_q16_rep5,1,4,1,sm_89,R1_EVENT_OVERLAP,NCCL,C2_RING_SIMPLE_CH8,2048,2048,2048,16,1,1048576,54,0,201.984,433.728,704.832,271.104,PASS,0
PHASEB_formal_r1_C2_RING_SIMPLE_CH8_N2048_q16_rep5,1,4,1,sm_89,R1_EVENT_OVERLAP,NCCL,C2_RING_SIMPLE_CH8,2048,2048,2048,16,2,1048576,54,0,439.968,708.128,1012.832,304.704,PASS,0
PHASEB_formal_r1_C2_RING_SIMPLE_CH8_N2048_q16_rep5,1,4,1,sm_89,R1_EVENT_OVERLAP,NCCL,C2_RING_SIMPLE_CH8,2048,2048,2048,16,3,1048576,54,0,735.392,1016.192,1325.472,309.280,PASS,0
PHASEB_formal_r1_C2_RING_SIMPLE_CH8_N2048_q16_rep5,1,4,1,sm_89,R1_EVENT_OVERLAP,NCCL,C2_RING_SIMPLE_CH8,2048,2048,2048,16,4,1048576,54,0,985.504,1328.832,1660.512,331.680,PASS,0
PHASEB_formal_r1_C2_RING_SIMPLE_CH8_N2048_q16_rep5,1,4,1,sm_89,R1_EVENT_OVERLAP,NCCL,C2_RING_SIMPLE_CH8,2048,2048,2048,16,5,1048576,54,0,1077.984,1664.000,1940.832,276.832,PASS,0
PHASEB_formal_r1_C2_RING_SIMPLE_CH8_N2048_q16_rep5,1,4,1,sm_89,R1_EVENT_OVERLAP,NCCL,C2_RING_SIMPLE_CH8,2048,2048,2048,16,6,1048576,54,0,1315.840,1944.416,2256.864,312.448,PASS,0
PHASEB_formal_r1_C2_RING_SIMPLE_CH8_N2048_q16_rep5,1,4,1,sm_89,R1_EVENT_OVERLAP,NCCL,C2_RING_SIMPLE_CH8,2048,2048,2048,16,7,1048576,54,0,1418.944,2260.704,2532.640,271.936,PASS,0
PHASEB_formal_r1_C2_RING_SIMPLE_CH8_N2048_q16_rep5,1,4,1,sm_89,R1_EVENT_OVERLAP,NCCL,C2_RING_SIMPLE_CH8,2048,2048,2048,16,8,1048576,54,0,1672.640,2535.968,2840.064,304.096,PASS,0
PHASEB_formal_r1_C2_RING_SIMPLE_CH8_N2048_q16_rep5,1,4,1,sm_89,R1_EVENT_OVERLAP,NCCL,C2_RING_SIMPLE_CH8,2048,2048,2048,16,9,1048576,54,0,1984.128,2843.328,3118.240,274.912,PASS,0
PHASEB_formal_r1_C2_RING_SIMPLE_CH8_N2048_q16_rep5,1,4,1,sm_89,R1_EVENT_OVERLAP,NCCL,C2_RING_SIMPLE_CH8,2048,2048,2048,16,10,1048576,54,0,2300.736,3125.568,3432.928,307.360,PASS,0
PHASEB_formal_r1_C2_RING_SIMPLE_CH8_N2048_q16_rep5,1,4,1,sm_89,R1_EVENT_OVERLAP,NCCL,C2_RING_SIMPLE_CH8,2048,2048,2048,16,11,1048576,54,0,2603.648,3436.576,3707.072,270.496,PASS,0
PHASEB_formal_r1_C2_RING_SIMPLE_CH8_N2048_q16_rep5,1,4,1,sm_89,R1_EVENT_OVERLAP,NCCL,C2_RING_SIMPLE_CH8,2048,2048,2048,16,12,1048576,54,0,2877.440,3710.272,4007.168,296.896,PASS,0
PHASEB_formal_r1_C2_RING_SIMPLE_CH8_N2048_q16_rep5,1,4,1,sm_89,R1_EVENT_OVERLAP,NCCL,C2_RING_SIMPLE_CH8,2048,2048,2048,16,13,1048576,54,0,3186.144,4010.528,4269.184,258.656,PASS,0
PHASEB_formal_r1_C2_RING_SIMPLE_CH8_N2048_q16_rep5,1,4,1,sm_89,R1_EVENT_OVERLAP,NCCL,C2_RING_SIMPLE_CH8,2048,2048,2048,16,14,1048576,54,0,3463.008,4272.512,4532.160,259.648,PASS,0
PHASEB_formal_r1_C2_RING_SIMPLE_CH8_N2048_q16_rep5,1,4,1,sm_89,R1_EVENT_OVERLAP,NCCL,C2_RING_SIMPLE_CH8,2048,2048,2048,16,15,1048576,54,0,3768.736,4535.456,4792.800,257.344,PASS,0
PHASEB_formal_r1_C2_RING_SIMPLE_CH8_N2048_q16_rep5,1,4,1,sm_89,R1_EVENT_OVERLAP,NCCL,C2_RING_SIMPLE_CH8,2048,2048,2048,16,0,1048576,55,0,138.176,144.928,453.600,308.672,PASS,0
PHASEB_formal_r1_C2_RING_SIMPLE_CH8_N2048_q16_rep5,1,4,1,sm_89,R1_EVENT_OVERLAP,NCCL,C2_RING_SIMPLE_CH8,2048,2048,2048,16,1,1048576,55,0,223.744,456.864,737.216,280.352,PASS,0
PHASEB_formal_r1_C2_RING_SIMPLE_CH8_N2048_q16_rep5,1,4,1,sm_89,R1_EVENT_OVERLAP,NCCL,C2_RING_SIMPLE_CH8,2048,2048,2048,16,2,1048576,55,0,463.040,740.576,1049.792,309.216,PASS,0
PHASEB_formal_r1_C2_RING_SIMPLE_CH8_N2048_q16_rep5,1,4,1,sm_89,R1_EVENT_OVERLAP,NCCL,C2_RING_SIMPLE_CH8,2048,2048,2048,16,3,1048576,55,0,772.160,1053.344,1364.320,310.976,PASS,0
PHASEB_formal_r1_C2_RING_SIMPLE_CH8_N2048_q16_rep5,1,4,1,sm_89,R1_EVENT_OVERLAP,NCCL,C2_RING_SIMPLE_CH8,2048,2048,2048,16,4,1048576,55,0,1027.264,1368.128,1635.872,267.744,PASS,0
PHASEB_formal_r1_C2_RING_SIMPLE_CH8_N2048_q16_rep5,1,4,1,sm_89,R1_EVENT_OVERLAP,NCCL,C2_RING_SIMPLE_CH8,2048,2048,2048,16,5,1048576,55,0,1125.600,1639.264,1946.144,306.880,PASS,0
PHASEB_formal_r1_C2_RING_SIMPLE_CH8_N2048_q16_rep5,1,4,1,sm_89,R1_EVENT_OVERLAP,NCCL,C2_RING_SIMPLE_CH8,2048,2048,2048,16,6,1048576,55,0,1374.496,1949.504,2261.152,311.648,PASS,0
PHASEB_formal_r1_C2_RING_SIMPLE_CH8_N2048_q16_rep5,1,4,1,sm_89,R1_EVENT_OVERLAP,NCCL,C2_RING_SIMPLE_CH8,2048,2048,2048,16,7,1048576,55,0,1676.768,2264.512,2573.376,308.864,PASS,0
PHASEB_formal_r1_C2_RING_SIMPLE_CH8_N2048_q16_rep5,1,4,1,sm_89,R1_EVENT_OVERLAP,NCCL,C2_RING_SIMPLE_CH8,2048,2048,2048,16,8,1048576,55,0,1935.424,2576.736,2847.872,271.136,PASS,0
PHASEB_formal_r1_C2_RING_SIMPLE_CH8_N2048_q16_rep5,1,4,1,sm_89,R1_EVENT_OVERLAP,NCCL,C2_RING_SIMPLE_CH8,2048,2048,2048,16,9,1048576,55,0,2056.672,2851.264,3158.816,307.552,PASS,0
PHASEB_formal_r1_C2_RING_SIMPLE_CH8_N2048_q16_rep5,1,4,1,sm_89,R1_EVENT_OVERLAP,NCCL,C2_RING_SIMPLE_CH8,2048,2048,2048,16,10,1048576,55,0,2297.920,3162.272,3434.240,271.968,PASS,0
PHASEB_formal_r1_C2_RING_SIMPLE_CH8_N2048_q16_rep5,1,4,1,sm_89,R1_EVENT_OVERLAP,NCCL,C2_RING_SIMPLE_CH8,2048,2048,2048,16,11,1048576,55,0,2604.320,3438.208,3745.024,306.816,PASS,0
PHASEB_formal_r1_C2_RING_SIMPLE_CH8_N2048_q16_rep5,1,4,1,sm_89,R1_EVENT_OVERLAP,NCCL,C2_RING_SIMPLE_CH8,2048,2048,2048,16,12,1048576,55,0,2908.384,3748.320,4043.200,294.880,PASS,0
PHASEB_formal_r1_C2_RING_SIMPLE_CH8_N2048_q16_rep5,1,4,1,sm_89,R1_EVENT_OVERLAP,NCCL,C2_RING_SIMPLE_CH8,2048,2048,2048,16,13,1048576,55,0,3202.304,4046.528,4306.432,259.904,PASS,0
PHASEB_formal_r1_C2_RING_SIMPLE_CH8_N2048_q16_rep5,1,4,1,sm_89,R1_EVENT_OVERLAP,NCCL,C2_RING_SIMPLE_CH8,2048,2048,2048,16,14,1048576,55,0,3486.976,4309.760,4568.352,258.592,PASS,0
PHASEB_formal_r1_C2_RING_SIMPLE_CH8_N2048_q16_rep5,1,4,1,sm_89,R1_EVENT_OVERLAP,NCCL,C2_RING_SIMPLE_CH8,2048,2048,2048,16,15,1048576,55,0,3790.976,4571.680,4830.720,259.040,PASS,0
PHASEB_formal_r1_C2_RING_SIMPLE_CH8_N2048_q16_rep5,1,4,1,sm_89,R1_EVENT_OVERLAP,NCCL,C2_RING_SIMPLE_CH8,2048,2048,2048,16,0,1048576,56,0,112.384,118.720,427.936,309.216,PASS,0
PHASEB_formal_r1_C2_RING_SIMPLE_CH8_N2048_q16_rep5,1,4,1,sm_89,R1_EVENT_OVERLAP,NCCL,C2_RING_SIMPLE_CH8,2048,2048,2048,16,1,1048576,56,0,199.840,431.488,706.816,275.328,PASS,0
PHASEB_formal_r1_C2_RING_SIMPLE_CH8_N2048_q16_rep5,1,4,1,sm_89,R1_EVENT_OVERLAP,NCCL,C2_RING_SIMPLE_CH8,2048,2048,2048,16,2,1048576,56,0,438.208,710.144,1015.936,305.792,PASS,0
PHASEB_formal_r1_C2_RING_SIMPLE_CH8_N2048_q16_rep5,1,4,1,sm_89,R1_EVENT_OVERLAP,NCCL,C2_RING_SIMPLE_CH8,2048,2048,2048,16,3,1048576,56,0,730.368,1019.552,1334.880,315.328,PASS,0
PHASEB_formal_r1_C2_RING_SIMPLE_CH8_N2048_q16_rep5,1,4,1,sm_89,R1_EVENT_OVERLAP,NCCL,C2_RING_SIMPLE_CH8,2048,2048,2048,16,4,1048576,56,0,985.024,1338.528,1647.904,309.376,PASS,0
PHASEB_formal_r1_C2_RING_SIMPLE_CH8_N2048_q16_rep5,1,4,1,sm_89,R1_EVENT_OVERLAP,NCCL,C2_RING_SIMPLE_CH8,2048,2048,2048,16,5,1048576,56,0,1086.304,1651.296,1924.256,272.960,PASS,0
PHASEB_formal_r1_C2_RING_SIMPLE_CH8_N2048_q16_rep5,1,4,1,sm_89,R1_EVENT_OVERLAP,NCCL,C2_RING_SIMPLE_CH8,2048,2048,2048,16,6,1048576,56,0,1327.808,1927.616,2240.416,312.800,PASS,0
PHASEB_formal_r1_C2_RING_SIMPLE_CH8_N2048_q16_rep5,1,4,1,sm_89,R1_EVENT_OVERLAP,NCCL,C2_RING_SIMPLE_CH8,2048,2048,2048,16,7,1048576,56,0,1658.432,2243.680,2552.672,308.992,PASS,0
PHASEB_formal_r1_C2_RING_SIMPLE_CH8_N2048_q16_rep5,1,4,1,sm_89,R1_EVENT_OVERLAP,NCCL,C2_RING_SIMPLE_CH8,2048,2048,2048,16,8,1048576,56,0,1962.560,2556.064,2828.000,271.936,PASS,0
PHASEB_formal_r1_C2_RING_SIMPLE_CH8_N2048_q16_rep5,1,4,1,sm_89,R1_EVENT_OVERLAP,NCCL,C2_RING_SIMPLE_CH8,2048,2048,2048,16,9,1048576,56,0,2215.872,2831.520,3138.592,307.072,PASS,0
PHASEB_formal_r1_C2_RING_SIMPLE_CH8_N2048_q16_rep5,1,4,1,sm_89,R1_EVENT_OVERLAP,NCCL,C2_RING_SIMPLE_CH8,2048,2048,2048,16,10,1048576,56,0,2308.128,3142.048,3418.656,276.608,PASS,0
PHASEB_formal_r1_C2_RING_SIMPLE_CH8_N2048_q16_rep5,1,4,1,sm_89,R1_EVENT_OVERLAP,NCCL,C2_RING_SIMPLE_CH8,2048,2048,2048,16,11,1048576,56,0,2563.040,3422.080,3690.848,268.768,PASS,0
PHASEB_formal_r1_C2_RING_SIMPLE_CH8_N2048_q16_rep5,1,4,1,sm_89,R1_EVENT_OVERLAP,NCCL,C2_RING_SIMPLE_CH8,2048,2048,2048,16,12,1048576,56,0,2852.576,3694.176,3989.600,295.424,PASS,0
PHASEB_formal_r1_C2_RING_SIMPLE_CH8_N2048_q16_rep5,1,4,1,sm_89,R1_EVENT_OVERLAP,NCCL,C2_RING_SIMPLE_CH8,2048,2048,2048,16,13,1048576,56,0,3172.160,3992.928,4251.840,258.912,PASS,0
PHASEB_formal_r1_C2_RING_SIMPLE_CH8_N2048_q16_rep5,1,4,1,sm_89,R1_EVENT_OVERLAP,NCCL,C2_RING_SIMPLE_CH8,2048,2048,2048,16,14,1048576,56,0,3471.104,4255.200,4514.944,259.744,PASS,0
PHASEB_formal_r1_C2_RING_SIMPLE_CH8_N2048_q16_rep5,1,4,1,sm_89,R1_EVENT_OVERLAP,NCCL,C2_RING_SIMPLE_CH8,2048,2048,2048,16,15,1048576,56,0,3749.600,4518.272,4776.928,258.656,PASS,0
PHASEB_formal_r1_C2_RING_SIMPLE_CH8_N2048_q16_rep5,1,4,1,sm_89,R1_EVENT_OVERLAP,NCCL,C2_RING_SIMPLE_CH8,2048,2048,2048,16,0,1048576,57,0,132.480,138.752,452.256,313.504,PASS,0
PHASEB_formal_r1_C2_RING_SIMPLE_CH8_N2048_q16_rep5,1,4,1,sm_89,R1_EVENT_OVERLAP,NCCL,C2_RING_SIMPLE_CH8,2048,2048,2048,16,1,1048576,57,0,242.848,455.584,762.720,307.136,PASS,0
PHASEB_formal_r1_C2_RING_SIMPLE_CH8_N2048_q16_rep5,1,4,1,sm_89,R1_EVENT_OVERLAP,NCCL,C2_RING_SIMPLE_CH8,2048,2048,2048,16,2,1048576,57,0,469.920,766.688,1044.384,277.696,PASS,0
PHASEB_formal_r1_C2_RING_SIMPLE_CH8_N2048_q16_rep5,1,4,1,sm_89,R1_EVENT_OVERLAP,NCCL,C2_RING_SIMPLE_CH8,2048,2048,2048,16,3,1048576,57,0,784.608,1047.680,1354.432,306.752,PASS,0
PHASEB_formal_r1_C2_RING_SIMPLE_CH8_N2048_q16_rep5,1,4,1,sm_89,R1_EVENT_OVERLAP,NCCL,C2_RING_SIMPLE_CH8,2048,2048,2048,16,4,1048576,57,0,1088.512,1357.760,1635.264,277.504,PASS,0
PHASEB_formal_r1_C2_RING_SIMPLE_CH8_N2048_q16_rep5,1,4,1,sm_89,R1_EVENT_OVERLAP,NCCL,C2_RING_SIMPLE_CH8,2048,2048,2048,16,5,1048576,57,0,1388.832,1639.264,1913.088,273.824,PASS,0
PHASEB_formal_r1_C2_RING_SIMPLE_CH8_N2048_q16_rep5,1,4,1,sm_89,R1_EVENT_OVERLAP,NCCL,C2_RING_SIMPLE_CH8,2048,2048,2048,16,6,1048576,57,0,1687.904,1916.416,2226.976,310.560,PASS,0
PHASEB_formal_r1_C2_RING_SIMPLE_CH8_N2048_q16_rep5,1,4,1,sm_89,R1_EVENT_OVERLAP,NCCL,C2_RING_SIMPLE_CH8,2048,2048,2048,16,7,1048576,57,0,1969.408,2230.336,2539.872,309.536,PASS,0
PHASEB_formal_r1_C2_RING_SIMPLE_CH8_N2048_q16_rep5,1,4,1,sm_89,R1_EVENT_OVERLAP,NCCL,C2_RING_SIMPLE_CH8,2048,2048,2048,16,8,1048576,57,0,2204.224,2543.200,2850.208,307.008,PASS,0
PHASEB_formal_r1_C2_RING_SIMPLE_CH8_N2048_q16_rep5,1,4,1,sm_89,R1_EVENT_OVERLAP,NCCL,C2_RING_SIMPLE_CH8,2048,2048,2048,16,9,1048576,57,0,2294.368,2853.600,3173.856,320.256,PASS,0
PHASEB_formal_r1_C2_RING_SIMPLE_CH8_N2048_q16_rep5,1,4,1,sm_89,R1_EVENT_OVERLAP,NCCL,C2_RING_SIMPLE_CH8,2048,2048,2048,16,10,1048576,57,0,2529.408,3184.960,3453.440,268.480,PASS,0
PHASEB_formal_r1_C2_RING_SIMPLE_CH8_N2048_q16_rep5,1,4,1,sm_89,R1_EVENT_OVERLAP,NCCL,C2_RING_SIMPLE_CH8,2048,2048,2048,16,11,1048576,57,0,2839.840,3457.056,3757.760,300.704,PASS,0
PHASEB_formal_r1_C2_RING_SIMPLE_CH8_N2048_q16_rep5,1,4,1,sm_89,R1_EVENT_OVERLAP,NCCL,C2_RING_SIMPLE_CH8,2048,2048,2048,16,12,1048576,57,0,3092.224,3761.056,4019.712,258.656,PASS,0
PHASEB_formal_r1_C2_RING_SIMPLE_CH8_N2048_q16_rep5,1,4,1,sm_89,R1_EVENT_OVERLAP,NCCL,C2_RING_SIMPLE_CH8,2048,2048,2048,16,13,1048576,57,0,3196.832,4023.296,4283.488,260.192,PASS,0
PHASEB_formal_r1_C2_RING_SIMPLE_CH8_N2048_q16_rep5,1,4,1,sm_89,R1_EVENT_OVERLAP,NCCL,C2_RING_SIMPLE_CH8,2048,2048,2048,16,14,1048576,57,0,3511.360,4286.816,4545.504,258.688,PASS,0
PHASEB_formal_r1_C2_RING_SIMPLE_CH8_N2048_q16_rep5,1,4,1,sm_89,R1_EVENT_OVERLAP,NCCL,C2_RING_SIMPLE_CH8,2048,2048,2048,16,15,1048576,57,0,3749.024,4548.864,4807.744,258.880,PASS,0
PHASEB_formal_r1_C2_RING_SIMPLE_CH8_N2048_q16_rep5,1,4,1,sm_89,R1_EVENT_OVERLAP,NCCL,C2_RING_SIMPLE_CH8,2048,2048,2048,16,0,1048576,58,0,112.192,118.560,428.320,309.760,PASS,0
PHASEB_formal_r1_C2_RING_SIMPLE_CH8_N2048_q16_rep5,1,4,1,sm_89,R1_EVENT_OVERLAP,NCCL,C2_RING_SIMPLE_CH8,2048,2048,2048,16,1,1048576,58,0,208.992,431.712,706.016,274.304,PASS,0
PHASEB_formal_r1_C2_RING_SIMPLE_CH8_N2048_q16_rep5,1,4,1,sm_89,R1_EVENT_OVERLAP,NCCL,C2_RING_SIMPLE_CH8,2048,2048,2048,16,2,1048576,58,0,445.600,709.280,1014.176,304.896,PASS,0
PHASEB_formal_r1_C2_RING_SIMPLE_CH8_N2048_q16_rep5,1,4,1,sm_89,R1_EVENT_OVERLAP,NCCL,C2_RING_SIMPLE_CH8,2048,2048,2048,16,3,1048576,58,0,753.472,1017.536,1291.040,273.504,PASS,0
PHASEB_formal_r1_C2_RING_SIMPLE_CH8_N2048_q16_rep5,1,4,1,sm_89,R1_EVENT_OVERLAP,NCCL,C2_RING_SIMPLE_CH8,2048,2048,2048,16,4,1048576,58,0,1030.304,1294.432,1597.440,303.008,PASS,0
PHASEB_formal_r1_C2_RING_SIMPLE_CH8_N2048_q16_rep5,1,4,1,sm_89,R1_EVENT_OVERLAP,NCCL,C2_RING_SIMPLE_CH8,2048,2048,2048,16,5,1048576,58,0,1337.760,1600.672,1871.232,270.560,PASS,0
PHASEB_formal_r1_C2_RING_SIMPLE_CH8_N2048_q16_rep5,1,4,1,sm_89,R1_EVENT_OVERLAP,NCCL,C2_RING_SIMPLE_CH8,2048,2048,2048,16,6,1048576,58,0,1627.200,1874.624,2181.760,307.136,PASS,0
PHASEB_formal_r1_C2_RING_SIMPLE_CH8_N2048_q16_rep5,1,4,1,sm_89,R1_EVENT_OVERLAP,NCCL,C2_RING_SIMPLE_CH8,2048,2048,2048,16,7,1048576,58,0,1931.808,2185.344,2454.496,269.152,PASS,0
PHASEB_formal_r1_C2_RING_SIMPLE_CH8_N2048_q16_rep5,1,4,1,sm_89,R1_EVENT_OVERLAP,NCCL,C2_RING_SIMPLE_CH8,2048,2048,2048,16,8,1048576,58,0,2212.992,2457.824,2764.000,306.176,PASS,0
PHASEB_formal_r1_C2_RING_SIMPLE_CH8_N2048_q16_rep5,1,4,1,sm_89,R1_EVENT_OVERLAP,NCCL,C2_RING_SIMPLE_CH8,2048,2048,2048,16,9,1048576,58,0,2522.880,2767.328,3038.400,271.072,PASS,0
PHASEB_formal_r1_C2_RING_SIMPLE_CH8_N2048_q16_rep5,1,4,1,sm_89,R1_EVENT_OVERLAP,NCCL,C2_RING_SIMPLE_CH8,2048,2048,2048,16,10,1048576,58,0,2803.424,3041.664,3347.872,306.208,PASS,0
PHASEB_formal_r1_C2_RING_SIMPLE_CH8_N2048_q16_rep5,1,4,1,sm_89,R1_EVENT_OVERLAP,NCCL,C2_RING_SIMPLE_CH8,2048,2048,2048,16,11,1048576,58,0,3112.480,3351.264,3620.384,269.120,PASS,0
PHASEB_formal_r1_C2_RING_SIMPLE_CH8_N2048_q16_rep5,1,4,1,sm_89,R1_EVENT_OVERLAP,NCCL,C2_RING_SIMPLE_CH8,2048,2048,2048,16,12,1048576,58,0,3391.008,3624.032,3929.376,305.344,PASS,0
PHASEB_formal_r1_C2_RING_SIMPLE_CH8_N2048_q16_rep5,1,4,1,sm_89,R1_EVENT_OVERLAP,NCCL,C2_RING_SIMPLE_CH8,2048,2048,2048,16,13,1048576,58,0,3700.576,3932.672,4199.200,266.528,PASS,0
PHASEB_formal_r1_C2_RING_SIMPLE_CH8_N2048_q16_rep5,1,4,1,sm_89,R1_EVENT_OVERLAP,NCCL,C2_RING_SIMPLE_CH8,2048,2048,2048,16,14,1048576,58,0,3980.320,4202.560,4500.544,297.984,PASS,0
PHASEB_formal_r1_C2_RING_SIMPLE_CH8_N2048_q16_rep5,1,4,1,sm_89,R1_EVENT_OVERLAP,NCCL,C2_RING_SIMPLE_CH8,2048,2048,2048,16,15,1048576,58,0,4287.456,4503.872,4762.176,258.304,PASS,0
PHASEB_formal_r1_C2_RING_SIMPLE_CH8_N2048_q16_rep5,1,4,1,sm_89,R1_EVENT_OVERLAP,NCCL,C2_RING_SIMPLE_CH8,2048,2048,2048,16,0,1048576,59,0,132.576,139.104,450.528,311.424,PASS,0
PHASEB_formal_r1_C2_RING_SIMPLE_CH8_N2048_q16_rep5,1,4,1,sm_89,R1_EVENT_OVERLAP,NCCL,C2_RING_SIMPLE_CH8,2048,2048,2048,16,1,1048576,59,0,269.440,453.952,760.288,306.336,PASS,0
PHASEB_formal_r1_C2_RING_SIMPLE_CH8_N2048_q16_rep5,1,4,1,sm_89,R1_EVENT_OVERLAP,NCCL,C2_RING_SIMPLE_CH8,2048,2048,2048,16,2,1048576,59,0,470.656,763.872,1033.600,269.728,PASS,0
PHASEB_formal_r1_C2_RING_SIMPLE_CH8_N2048_q16_rep5,1,4,1,sm_89,R1_EVENT_OVERLAP,NCCL,C2_RING_SIMPLE_CH8,2048,2048,2048,16,3,1048576,59,0,782.368,1036.864,1310.272,273.408,PASS,0
PHASEB_formal_r1_C2_RING_SIMPLE_CH8_N2048_q16_rep5,1,4,1,sm_89,R1_EVENT_OVERLAP,NCCL,C2_RING_SIMPLE_CH8,2048,2048,2048,16,4,1048576,59,0,1091.584,1314.720,1622.528,307.808,PASS,0
PHASEB_formal_r1_C2_RING_SIMPLE_CH8_N2048_q16_rep5,1,4,1,sm_89,R1_EVENT_OVERLAP,NCCL,C2_RING_SIMPLE_CH8,2048,2048,2048,16,5,1048576,59,0,1382.880,1625.952,1902.240,276.288,PASS,0
PHASEB_formal_r1_C2_RING_SIMPLE_CH8_N2048_q16_rep5,1,4,1,sm_89,R1_EVENT_OVERLAP,NCCL,C2_RING_SIMPLE_CH8,2048,2048,2048,16,6,1048576,59,0,1654.112,1905.568,2181.120,275.552,PASS,0
PHASEB_formal_r1_C2_RING_SIMPLE_CH8_N2048_q16_rep5,1,4,1,sm_89,R1_EVENT_OVERLAP,NCCL,C2_RING_SIMPLE_CH8,2048,2048,2048,16,7,1048576,59,0,1956.192,2184.448,2490.784,306.336,PASS,0
PHASEB_formal_r1_C2_RING_SIMPLE_CH8_N2048_q16_rep5,1,4,1,sm_89,R1_EVENT_OVERLAP,NCCL,C2_RING_SIMPLE_CH8,2048,2048,2048,16,8,1048576,59,0,2242.496,2495.072,2765.120,270.048,PASS,0
PHASEB_formal_r1_C2_RING_SIMPLE_CH8_N2048_q16_rep5,1,4,1,sm_89,R1_EVENT_OVERLAP,NCCL,C2_RING_SIMPLE_CH8,2048,2048,2048,16,9,1048576,59,0,2528.736,2768.384,3038.624,270.240,PASS,0
PHASEB_formal_r1_C2_RING_SIMPLE_CH8_N2048_q16_rep5,1,4,1,sm_89,R1_EVENT_OVERLAP,NCCL,C2_RING_SIMPLE_CH8,2048,2048,2048,16,10,1048576,59,0,2821.824,3041.920,3345.120,303.200,PASS,0
PHASEB_formal_r1_C2_RING_SIMPLE_CH8_N2048_q16_rep5,1,4,1,sm_89,R1_EVENT_OVERLAP,NCCL,C2_RING_SIMPLE_CH8,2048,2048,2048,16,11,1048576,59,0,3104.896,3348.448,3616.096,267.648,PASS,0
PHASEB_formal_r1_C2_RING_SIMPLE_CH8_N2048_q16_rep5,1,4,1,sm_89,R1_EVENT_OVERLAP,NCCL,C2_RING_SIMPLE_CH8,2048,2048,2048,16,12,1048576,59,0,3394.112,3619.424,3923.968,304.544,PASS,0
PHASEB_formal_r1_C2_RING_SIMPLE_CH8_N2048_q16_rep5,1,4,1,sm_89,R1_EVENT_OVERLAP,NCCL,C2_RING_SIMPLE_CH8,2048,2048,2048,16,13,1048576,59,0,3675.648,3927.328,4195.584,268.256,PASS,0
PHASEB_formal_r1_C2_RING_SIMPLE_CH8_N2048_q16_rep5,1,4,1,sm_89,R1_EVENT_OVERLAP,NCCL,C2_RING_SIMPLE_CH8,2048,2048,2048,16,14,1048576,59,0,3967.776,4198.912,4459.296,260.384,PASS,0
PHASEB_formal_r1_C2_RING_SIMPLE_CH8_N2048_q16_rep5,1,4,1,sm_89,R1_EVENT_OVERLAP,NCCL,C2_RING_SIMPLE_CH8,2048,2048,2048,16,15,1048576,59,0,4256.352,4462.624,4721.728,259.104,PASS,0
PHASEB_formal_r1_C2_RING_SIMPLE_CH8_N2048_q16_rep5,1,4,1,sm_89,R1_EVENT_OVERLAP,NCCL,C2_RING_SIMPLE_CH8,2048,2048,2048,16,0,1048576,60,0,113.504,119.936,442.560,322.624,PASS,0
PHASEB_formal_r1_C2_RING_SIMPLE_CH8_N2048_q16_rep5,1,4,1,sm_89,R1_EVENT_OVERLAP,NCCL,C2_RING_SIMPLE_CH8,2048,2048,2048,16,1,1048576,60,0,203.360,445.824,728.320,282.496,PASS,0
PHASEB_formal_r1_C2_RING_SIMPLE_CH8_N2048_q16_rep5,1,4,1,sm_89,R1_EVENT_OVERLAP,NCCL,C2_RING_SIMPLE_CH8,2048,2048,2048,16,2,1048576,60,0,452.000,731.648,1036.384,304.736,PASS,0
PHASEB_formal_r1_C2_RING_SIMPLE_CH8_N2048_q16_rep5,1,4,1,sm_89,R1_EVENT_OVERLAP,NCCL,C2_RING_SIMPLE_CH8,2048,2048,2048,16,3,1048576,60,0,766.080,1039.776,1343.680,303.904,PASS,0
PHASEB_formal_r1_C2_RING_SIMPLE_CH8_N2048_q16_rep5,1,4,1,sm_89,R1_EVENT_OVERLAP,NCCL,C2_RING_SIMPLE_CH8,2048,2048,2048,16,4,1048576,60,0,1007.296,1347.008,1660.160,313.152,PASS,0
PHASEB_formal_r1_C2_RING_SIMPLE_CH8_N2048_q16_rep5,1,4,1,sm_89,R1_EVENT_OVERLAP,NCCL,C2_RING_SIMPLE_CH8,2048,2048,2048,16,5,1048576,60,0,1096.864,1663.744,1985.152,321.408,PASS,0
PHASEB_formal_r1_C2_RING_SIMPLE_CH8_N2048_q16_rep5,1,4,1,sm_89,R1_EVENT_OVERLAP,NCCL,C2_RING_SIMPLE_CH8,2048,2048,2048,16,6,1048576,60,0,1333.408,1988.704,2293.888,305.184,PASS,0
PHASEB_formal_r1_C2_RING_SIMPLE_CH8_N2048_q16_rep5,1,4,1,sm_89,R1_EVENT_OVERLAP,NCCL,C2_RING_SIMPLE_CH8,2048,2048,2048,16,7,1048576,60,0,1637.664,2297.152,2569.536,272.384,PASS,0
PHASEB_formal_r1_C2_RING_SIMPLE_CH8_N2048_q16_rep5,1,4,1,sm_89,R1_EVENT_OVERLAP,NCCL,C2_RING_SIMPLE_CH8,2048,2048,2048,16,8,1048576,60,0,1907.552,2572.896,2873.888,300.992,PASS,0
PHASEB_formal_r1_C2_RING_SIMPLE_CH8_N2048_q16_rep5,1,4,1,sm_89,R1_EVENT_OVERLAP,NCCL,C2_RING_SIMPLE_CH8,2048,2048,2048,16,9,1048576,60,0,2009.376,2877.184,3182.496,305.312,PASS,0
PHASEB_formal_r1_C2_RING_SIMPLE_CH8_N2048_q16_rep5,1,4,1,sm_89,R1_EVENT_OVERLAP,NCCL,C2_RING_SIMPLE_CH8,2048,2048,2048,16,10,1048576,60,0,2303.264,3186.304,3492.096,305.792,PASS,0
PHASEB_formal_r1_C2_RING_SIMPLE_CH8_N2048_q16_rep5,1,4,1,sm_89,R1_EVENT_OVERLAP,NCCL,C2_RING_SIMPLE_CH8,2048,2048,2048,16,11,1048576,60,0,2608.736,3495.392,3791.648,296.256,PASS,0
PHASEB_formal_r1_C2_RING_SIMPLE_CH8_N2048_q16_rep5,1,4,1,sm_89,R1_EVENT_OVERLAP,NCCL,C2_RING_SIMPLE_CH8,2048,2048,2048,16,12,1048576,60,0,2845.344,3795.008,4055.168,260.160,PASS,0
PHASEB_formal_r1_C2_RING_SIMPLE_CH8_N2048_q16_rep5,1,4,1,sm_89,R1_EVENT_OVERLAP,NCCL,C2_RING_SIMPLE_CH8,2048,2048,2048,16,13,1048576,60,0,3158.496,4058.496,4317.088,258.592,PASS,0
PHASEB_formal_r1_C2_RING_SIMPLE_CH8_N2048_q16_rep5,1,4,1,sm_89,R1_EVENT_OVERLAP,NCCL,C2_RING_SIMPLE_CH8,2048,2048,2048,16,14,1048576,60,0,3438.592,4320.448,4579.840,259.392,PASS,0
PHASEB_formal_r1_C2_RING_SIMPLE_CH8_N2048_q16_rep5,1,4,1,sm_89,R1_EVENT_OVERLAP,NCCL,C2_RING_SIMPLE_CH8,2048,2048,2048,16,15,1048576,60,0,3750.720,4583.200,4841.728,258.528,PASS,0
PHASEB_formal_r1_C2_RING_SIMPLE_CH8_N2048_q16_rep5,1,4,1,sm_89,R1_EVENT_OVERLAP,NCCL,C2_RING_SIMPLE_CH8,2048,2048,2048,16,0,1048576,61,0,133.472,140.160,454.784,314.624,PASS,0
PHASEB_formal_r1_C2_RING_SIMPLE_CH8_N2048_q16_rep5,1,4,1,sm_89,R1_EVENT_OVERLAP,NCCL,C2_RING_SIMPLE_CH8,2048,2048,2048,16,1,1048576,61,0,220.192,458.080,741.056,282.976,PASS,0
PHASEB_formal_r1_C2_RING_SIMPLE_CH8_N2048_q16_rep5,1,4,1,sm_89,R1_EVENT_OVERLAP,NCCL,C2_RING_SIMPLE_CH8,2048,2048,2048,16,2,1048576,61,0,473.376,744.416,1047.872,303.456,PASS,0
PHASEB_formal_r1_C2_RING_SIMPLE_CH8_N2048_q16_rep5,1,4,1,sm_89,R1_EVENT_OVERLAP,NCCL,C2_RING_SIMPLE_CH8,2048,2048,2048,16,3,1048576,61,0,780.992,1051.168,1323.552,272.384,PASS,0
PHASEB_formal_r1_C2_RING_SIMPLE_CH8_N2048_q16_rep5,1,4,1,sm_89,R1_EVENT_OVERLAP,NCCL,C2_RING_SIMPLE_CH8,2048,2048,2048,16,4,1048576,61,0,1069.344,1326.944,1631.936,304.992,PASS,0
PHASEB_formal_r1_C2_RING_SIMPLE_CH8_N2048_q16_rep5,1,4,1,sm_89,R1_EVENT_OVERLAP,NCCL,C2_RING_SIMPLE_CH8,2048,2048,2048,16,5,1048576,61,0,1381.152,1635.392,1907.456,272.064,PASS,0
PHASEB_formal_r1_C2_RING_SIMPLE_CH8_N2048_q16_rep5,1,4,1,sm_89,R1_EVENT_OVERLAP,NCCL,C2_RING_SIMPLE_CH8,2048,2048,2048,16,6,1048576,61,0,1659.776,1910.848,2215.936,305.088,PASS,0
PHASEB_formal_r1_C2_RING_SIMPLE_CH8_N2048_q16_rep5,1,4,1,sm_89,R1_EVENT_OVERLAP,NCCL,C2_RING_SIMPLE_CH8,2048,2048,2048,16,7,1048576,61,0,1963.168,2219.648,2489.952,270.304,PASS,0
PHASEB_formal_r1_C2_RING_SIMPLE_CH8_N2048_q16_rep5,1,4,1,sm_89,R1_EVENT_OVERLAP,NCCL,C2_RING_SIMPLE_CH8,2048,2048,2048,16,8,1048576,61,0,2250.464,2493.120,2797.600,304.480,PASS,0
PHASEB_formal_r1_C2_RING_SIMPLE_CH8_N2048_q16_rep5,1,4,1,sm_89,R1_EVENT_OVERLAP,NCCL,C2_RING_SIMPLE_CH8,2048,2048,2048,16,9,1048576,61,0,2549.088,2801.216,3071.104,269.888,PASS,0
PHASEB_formal_r1_C2_RING_SIMPLE_CH8_N2048_q16_rep5,1,4,1,sm_89,R1_EVENT_OVERLAP,NCCL,C2_RING_SIMPLE_CH8,2048,2048,2048,16,10,1048576,61,0,2827.648,3074.464,3346.432,271.968,PASS,0
PHASEB_formal_r1_C2_RING_SIMPLE_CH8_N2048_q16_rep5,1,4,1,sm_89,R1_EVENT_OVERLAP,NCCL,C2_RING_SIMPLE_CH8,2048,2048,2048,16,11,1048576,61,0,3130.976,3349.760,3655.712,305.952,PASS,0
PHASEB_formal_r1_C2_RING_SIMPLE_CH8_N2048_q16_rep5,1,4,1,sm_89,R1_EVENT_OVERLAP,NCCL,C2_RING_SIMPLE_CH8,2048,2048,2048,16,12,1048576,61,0,3412.384,3659.168,3929.856,270.688,PASS,0
PHASEB_formal_r1_C2_RING_SIMPLE_CH8_N2048_q16_rep5,1,4,1,sm_89,R1_EVENT_OVERLAP,NCCL,C2_RING_SIMPLE_CH8,2048,2048,2048,16,13,1048576,61,0,3699.776,3933.056,4205.120,272.064,PASS,0
PHASEB_formal_r1_C2_RING_SIMPLE_CH8_N2048_q16_rep5,1,4,1,sm_89,R1_EVENT_OVERLAP,NCCL,C2_RING_SIMPLE_CH8,2048,2048,2048,16,14,1048576,61,0,3986.976,4208.448,4504.352,295.904,PASS,0
PHASEB_formal_r1_C2_RING_SIMPLE_CH8_N2048_q16_rep5,1,4,1,sm_89,R1_EVENT_OVERLAP,NCCL,C2_RING_SIMPLE_CH8,2048,2048,2048,16,15,1048576,61,0,4277.088,4507.680,4767.072,259.392,PASS,0
PHASEB_formal_r1_C2_RING_SIMPLE_CH8_N2048_q16_rep5,1,4,1,sm_89,R1_EVENT_OVERLAP,NCCL,C2_RING_SIMPLE_CH8,2048,2048,2048,16,0,1048576,62,0,122.624,129.376,437.888,308.512,PASS,0
PHASEB_formal_r1_C2_RING_SIMPLE_CH8_N2048_q16_rep5,1,4,1,sm_89,R1_EVENT_OVERLAP,NCCL,C2_RING_SIMPLE_CH8,2048,2048,2048,16,1,1048576,62,0,209.088,441.280,715.904,274.624,PASS,0
PHASEB_formal_r1_C2_RING_SIMPLE_CH8_N2048_q16_rep5,1,4,1,sm_89,R1_EVENT_OVERLAP,NCCL,C2_RING_SIMPLE_CH8,2048,2048,2048,16,2,1048576,62,0,447.680,719.264,1029.760,310.496,PASS,0
PHASEB_formal_r1_C2_RING_SIMPLE_CH8_N2048_q16_rep5,1,4,1,sm_89,R1_EVENT_OVERLAP,NCCL,C2_RING_SIMPLE_CH8,2048,2048,2048,16,3,1048576,62,0,742.592,1033.088,1342.592,309.504,PASS,0
PHASEB_formal_r1_C2_RING_SIMPLE_CH8_N2048_q16_rep5,1,4,1,sm_89,R1_EVENT_OVERLAP,NCCL,C2_RING_SIMPLE_CH8,2048,2048,2048,16,4,1048576,62,0,1005.312,1346.592,1630.080,283.488,PASS,0
PHASEB_formal_r1_C2_RING_SIMPLE_CH8_N2048_q16_rep5,1,4,1,sm_89,R1_EVENT_OVERLAP,NCCL,C2_RING_SIMPLE_CH8,2048,2048,2048,16,5,1048576,62,0,1106.208,1633.312,1939.232,305.920,PASS,0
PHASEB_formal_r1_C2_RING_SIMPLE_CH8_N2048_q16_rep5,1,4,1,sm_89,R1_EVENT_OVERLAP,NCCL,C2_RING_SIMPLE_CH8,2048,2048,2048,16,6,1048576,62,0,1353.216,1942.688,2250.144,307.456,PASS,0
PHASEB_formal_r1_C2_RING_SIMPLE_CH8_N2048_q16_rep5,1,4,1,sm_89,R1_EVENT_OVERLAP,NCCL,C2_RING_SIMPLE_CH8,2048,2048,2048,16,7,1048576,62,0,1662.208,2253.632,2528.928,275.296,PASS,0
PHASEB_formal_r1_C2_RING_SIMPLE_CH8_N2048_q16_rep5,1,4,1,sm_89,R1_EVENT_OVERLAP,NCCL,C2_RING_SIMPLE_CH8,2048,2048,2048,16,8,1048576,62,0,1910.080,2532.352,2840.096,307.744,PASS,0
PHASEB_formal_r1_C2_RING_SIMPLE_CH8_N2048_q16_rep5,1,4,1,sm_89,R1_EVENT_OVERLAP,NCCL,C2_RING_SIMPLE_CH8,2048,2048,2048,16,9,1048576,62,0,2012.320,2843.456,3153.376,309.920,PASS,0
PHASEB_formal_r1_C2_RING_SIMPLE_CH8_N2048_q16_rep5,1,4,1,sm_89,R1_EVENT_OVERLAP,NCCL,C2_RING_SIMPLE_CH8,2048,2048,2048,16,10,1048576,62,0,2259.872,3156.992,3428.992,272.000,PASS,0
PHASEB_formal_r1_C2_RING_SIMPLE_CH8_N2048_q16_rep5,1,4,1,sm_89,R1_EVENT_OVERLAP,NCCL,C2_RING_SIMPLE_CH8,2048,2048,2048,16,11,1048576,62,0,2556.064,3432.512,3728.672,296.160,PASS,0
PHASEB_formal_r1_C2_RING_SIMPLE_CH8_N2048_q16_rep5,1,4,1,sm_89,R1_EVENT_OVERLAP,NCCL,C2_RING_SIMPLE_CH8,2048,2048,2048,16,12,1048576,62,0,2816.192,3732.032,3992.000,259.968,PASS,0
PHASEB_formal_r1_C2_RING_SIMPLE_CH8_N2048_q16_rep5,1,4,1,sm_89,R1_EVENT_OVERLAP,NCCL,C2_RING_SIMPLE_CH8,2048,2048,2048,16,13,1048576,62,0,2920.768,3995.328,4254.528,259.200,PASS,0
PHASEB_formal_r1_C2_RING_SIMPLE_CH8_N2048_q16_rep5,1,4,1,sm_89,R1_EVENT_OVERLAP,NCCL,C2_RING_SIMPLE_CH8,2048,2048,2048,16,14,1048576,62,0,3167.296,4257.856,4517.664,259.808,PASS,0
PHASEB_formal_r1_C2_RING_SIMPLE_CH8_N2048_q16_rep5,1,4,1,sm_89,R1_EVENT_OVERLAP,NCCL,C2_RING_SIMPLE_CH8,2048,2048,2048,16,15,1048576,62,0,3451.520,4520.992,4779.904,258.912,PASS,0
PHASEB_formal_r1_C2_RING_SIMPLE_CH8_N2048_q16_rep5,1,4,1,sm_89,R1_EVENT_OVERLAP,NCCL,C2_RING_SIMPLE_CH8,2048,2048,2048,16,0,1048576,63,0,135.680,142.272,451.968,309.696,PASS,0
PHASEB_formal_r1_C2_RING_SIMPLE_CH8_N2048_q16_rep5,1,4,1,sm_89,R1_EVENT_OVERLAP,NCCL,C2_RING_SIMPLE_CH8,2048,2048,2048,16,1,1048576,63,0,219.456,455.328,733.120,277.792,PASS,0
PHASEB_formal_r1_C2_RING_SIMPLE_CH8_N2048_q16_rep5,1,4,1,sm_89,R1_EVENT_OVERLAP,NCCL,C2_RING_SIMPLE_CH8,2048,2048,2048,16,2,1048576,63,0,470.336,736.864,1040.768,303.904,PASS,0
PHASEB_formal_r1_C2_RING_SIMPLE_CH8_N2048_q16_rep5,1,4,1,sm_89,R1_EVENT_OVERLAP,NCCL,C2_RING_SIMPLE_CH8,2048,2048,2048,16,3,1048576,63,0,780.064,1044.800,1365.696,320.896,PASS,0
PHASEB_formal_r1_C2_RING_SIMPLE_CH8_N2048_q16_rep5,1,4,1,sm_89,R1_EVENT_OVERLAP,NCCL,C2_RING_SIMPLE_CH8,2048,2048,2048,16,4,1048576,63,0,1030.592,1369.280,1640.256,270.976,PASS,0
PHASEB_formal_r1_C2_RING_SIMPLE_CH8_N2048_q16_rep5,1,4,1,sm_89,R1_EVENT_OVERLAP,NCCL,C2_RING_SIMPLE_CH8,2048,2048,2048,16,5,1048576,63,0,1133.184,1643.616,1918.208,274.592,PASS,0
PHASEB_formal_r1_C2_RING_SIMPLE_CH8_N2048_q16_rep5,1,4,1,sm_89,R1_EVENT_OVERLAP,NCCL,C2_RING_SIMPLE_CH8,2048,2048,2048,16,6,1048576,63,0,1384.000,1921.504,2226.208,304.704,PASS,0
PHASEB_formal_r1_C2_RING_SIMPLE_CH8_N2048_q16_rep5,1,4,1,sm_89,R1_EVENT_OVERLAP,NCCL,C2_RING_SIMPLE_CH8,2048,2048,2048,16,7,1048576,63,0,1695.584,2229.536,2538.336,308.800,PASS,0
PHASEB_formal_r1_C2_RING_SIMPLE_CH8_N2048_q16_rep5,1,4,1,sm_89,R1_EVENT_OVERLAP,NCCL,C2_RING_SIMPLE_CH8,2048,2048,2048,16,8,1048576,63,0,2016.704,2541.600,2846.336,304.736,PASS,0
PHASEB_formal_r1_C2_RING_SIMPLE_CH8_N2048_q16_rep5,1,4,1,sm_89,R1_EVENT_OVERLAP,NCCL,C2_RING_SIMPLE_CH8,2048,2048,2048,16,9,1048576,63,0,2294.432,2849.760,3119.360,269.600,PASS,0
PHASEB_formal_r1_C2_RING_SIMPLE_CH8_N2048_q16_rep5,1,4,1,sm_89,R1_EVENT_OVERLAP,NCCL,C2_RING_SIMPLE_CH8,2048,2048,2048,16,10,1048576,63,0,2598.464,3123.040,3429.280,306.240,PASS,0
PHASEB_formal_r1_C2_RING_SIMPLE_CH8_N2048_q16_rep5,1,4,1,sm_89,R1_EVENT_OVERLAP,NCCL,C2_RING_SIMPLE_CH8,2048,2048,2048,16,11,1048576,63,0,2874.208,3432.704,3703.360,270.656,PASS,0
PHASEB_formal_r1_C2_RING_SIMPLE_CH8_N2048_q16_rep5,1,4,1,sm_89,R1_EVENT_OVERLAP,NCCL,C2_RING_SIMPLE_CH8,2048,2048,2048,16,12,1048576,63,0,3182.176,3706.656,4010.752,304.096,PASS,0
PHASEB_formal_r1_C2_RING_SIMPLE_CH8_N2048_q16_rep5,1,4,1,sm_89,R1_EVENT_OVERLAP,NCCL,C2_RING_SIMPLE_CH8,2048,2048,2048,16,13,1048576,63,0,3461.824,4014.176,4274.272,260.096,PASS,0
PHASEB_formal_r1_C2_RING_SIMPLE_CH8_N2048_q16_rep5,1,4,1,sm_89,R1_EVENT_OVERLAP,NCCL,C2_RING_SIMPLE_CH8,2048,2048,2048,16,14,1048576,63,0,3766.464,4277.984,4536.768,258.784,PASS,0
PHASEB_formal_r1_C2_RING_SIMPLE_CH8_N2048_q16_rep5,1,4,1,sm_89,R1_EVENT_OVERLAP,NCCL,C2_RING_SIMPLE_CH8,2048,2048,2048,16,15,1048576,63,0,4048.352,4540.096,4799.328,259.232,PASS,0
PHASEB_formal_r1_C2_RING_SIMPLE_CH8_N2048_q16_rep5,1,4,1,sm_89,R1_EVENT_OVERLAP,NCCL,C2_RING_SIMPLE_CH8,2048,2048,2048,16,0,1048576,64,0,122.528,128.832,436.320,307.488,PASS,0
PHASEB_formal_r1_C2_RING_SIMPLE_CH8_N2048_q16_rep5,1,4,1,sm_89,R1_EVENT_OVERLAP,NCCL,C2_RING_SIMPLE_CH8,2048,2048,2048,16,1,1048576,64,0,209.792,439.680,714.560,274.880,PASS,0
PHASEB_formal_r1_C2_RING_SIMPLE_CH8_N2048_q16_rep5,1,4,1,sm_89,R1_EVENT_OVERLAP,NCCL,C2_RING_SIMPLE_CH8,2048,2048,2048,16,2,1048576,64,0,452.032,717.888,1019.968,302.080,PASS,0
PHASEB_formal_r1_C2_RING_SIMPLE_CH8_N2048_q16_rep5,1,4,1,sm_89,R1_EVENT_OVERLAP,NCCL,C2_RING_SIMPLE_CH8,2048,2048,2048,16,3,1048576,64,0,761.024,1023.552,1331.296,307.744,PASS,0
PHASEB_formal_r1_C2_RING_SIMPLE_CH8_N2048_q16_rep5,1,4,1,sm_89,R1_EVENT_OVERLAP,NCCL,C2_RING_SIMPLE_CH8,2048,2048,2048,16,4,1048576,64,0,997.536,1335.712,1623.104,287.392,PASS,0
PHASEB_formal_r1_C2_RING_SIMPLE_CH8_N2048_q16_rep5,1,4,1,sm_89,R1_EVENT_OVERLAP,NCCL,C2_RING_SIMPLE_CH8,2048,2048,2048,16,5,1048576,64,0,1086.208,1626.400,1941.024,314.624,PASS,0
PHASEB_formal_r1_C2_RING_SIMPLE_CH8_N2048_q16_rep5,1,4,1,sm_89,R1_EVENT_OVERLAP,NCCL,C2_RING_SIMPLE_CH8,2048,2048,2048,16,6,1048576,64,0,1342.144,1944.320,2261.536,317.216,PASS,0
PHASEB_formal_r1_C2_RING_SIMPLE_CH8_N2048_q16_rep5,1,4,1,sm_89,R1_EVENT_OVERLAP,NCCL,C2_RING_SIMPLE_CH8,2048,2048,2048,16,7,1048576,64,0,1652.416,2264.960,2535.776,270.816,PASS,0
PHASEB_formal_r1_C2_RING_SIMPLE_CH8_N2048_q16_rep5,1,4,1,sm_89,R1_EVENT_OVERLAP,NCCL,C2_RING_SIMPLE_CH8,2048,2048,2048,16,8,1048576,64,0,1978.560,2539.136,2856.128,316.992,PASS,0
PHASEB_formal_r1_C2_RING_SIMPLE_CH8_N2048_q16_rep5,1,4,1,sm_89,R1_EVENT_OVERLAP,NCCL,C2_RING_SIMPLE_CH8,2048,2048,2048,16,9,1048576,64,0,2271.136,2859.424,3162.144,302.720,PASS,0
PHASEB_formal_r1_C2_RING_SIMPLE_CH8_N2048_q16_rep5,1,4,1,sm_89,R1_EVENT_OVERLAP,NCCL,C2_RING_SIMPLE_CH8,2048,2048,2048,16,10,1048576,64,0,2566.784,3165.536,3474.528,308.992,PASS,0
PHASEB_formal_r1_C2_RING_SIMPLE_CH8_N2048_q16_rep5,1,4,1,sm_89,R1_EVENT_OVERLAP,NCCL,C2_RING_SIMPLE_CH8,2048,2048,2048,16,11,1048576,64,0,2848.704,3477.920,3750.240,272.320,PASS,0
PHASEB_formal_r1_C2_RING_SIMPLE_CH8_N2048_q16_rep5,1,4,1,sm_89,R1_EVENT_OVERLAP,NCCL,C2_RING_SIMPLE_CH8,2048,2048,2048,16,12,1048576,64,0,3133.856,3753.632,4051.200,297.568,PASS,0
PHASEB_formal_r1_C2_RING_SIMPLE_CH8_N2048_q16_rep5,1,4,1,sm_89,R1_EVENT_OVERLAP,NCCL,C2_RING_SIMPLE_CH8,2048,2048,2048,16,13,1048576,64,0,3397.664,4054.528,4313.696,259.168,PASS,0
PHASEB_formal_r1_C2_RING_SIMPLE_CH8_N2048_q16_rep5,1,4,1,sm_89,R1_EVENT_OVERLAP,NCCL,C2_RING_SIMPLE_CH8,2048,2048,2048,16,14,1048576,64,0,3485.728,4317.024,4577.312,260.288,PASS,0
PHASEB_formal_r1_C2_RING_SIMPLE_CH8_N2048_q16_rep5,1,4,1,sm_89,R1_EVENT_OVERLAP,NCCL,C2_RING_SIMPLE_CH8,2048,2048,2048,16,15,1048576,64,0,3772.224,4580.672,4839.552,258.880,PASS,0
PHASEB_formal_r1_C2_RING_SIMPLE_CH8_N2048_q16_rep5,1,4,1,sm_89,R1_EVENT_OVERLAP,NCCL,C2_RING_SIMPLE_CH8,2048,2048,2048,16,0,1048576,65,0,137.504,143.616,453.216,309.600,PASS,0
PHASEB_formal_r1_C2_RING_SIMPLE_CH8_N2048_q16_rep5,1,4,1,sm_89,R1_EVENT_OVERLAP,NCCL,C2_RING_SIMPLE_CH8,2048,2048,2048,16,1,1048576,65,0,223.328,456.608,740.384,283.776,PASS,0
PHASEB_formal_r1_C2_RING_SIMPLE_CH8_N2048_q16_rep5,1,4,1,sm_89,R1_EVENT_OVERLAP,NCCL,C2_RING_SIMPLE_CH8,2048,2048,2048,16,2,1048576,65,0,463.136,743.680,1051.776,308.096,PASS,0
PHASEB_formal_r1_C2_RING_SIMPLE_CH8_N2048_q16_rep5,1,4,1,sm_89,R1_EVENT_OVERLAP,NCCL,C2_RING_SIMPLE_CH8,2048,2048,2048,16,3,1048576,65,0,768.544,1054.976,1370.400,315.424,PASS,0
PHASEB_formal_r1_C2_RING_SIMPLE_CH8_N2048_q16_rep5,1,4,1,sm_89,R1_EVENT_OVERLAP,NCCL,C2_RING_SIMPLE_CH8,2048,2048,2048,16,4,1048576,65,0,1029.440,1374.048,1688.672,314.624,PASS,0
PHASEB_formal_r1_C2_RING_SIMPLE_CH8_N2048_q16_rep5,1,4,1,sm_89,R1_EVENT_OVERLAP,NCCL,C2_RING_SIMPLE_CH8,2048,2048,2048,16,5,1048576,65,0,1118.240,1691.968,2001.280,309.312,PASS,0
PHASEB_formal_r1_C2_RING_SIMPLE_CH8_N2048_q16_rep5,1,4,1,sm_89,R1_EVENT_OVERLAP,NCCL,C2_RING_SIMPLE_CH8,2048,2048,2048,16,6,1048576,65,0,1363.072,2008.928,2324.160,315.232,PASS,0
PHASEB_formal_r1_C2_RING_SIMPLE_CH8_N2048_q16_rep5,1,4,1,sm_89,R1_EVENT_OVERLAP,NCCL,C2_RING_SIMPLE_CH8,2048,2048,2048,16,7,1048576,65,0,1664.224,2327.744,2634.208,306.464,PASS,0
PHASEB_formal_r1_C2_RING_SIMPLE_CH8_N2048_q16_rep5,1,4,1,sm_89,R1_EVENT_OVERLAP,NCCL,C2_RING_SIMPLE_CH8,2048,2048,2048,16,8,1048576,65,0,1930.432,2638.272,2910.816,272.544,PASS,0
PHASEB_formal_r1_C2_RING_SIMPLE_CH8_N2048_q16_rep5,1,4,1,sm_89,R1_EVENT_OVERLAP,NCCL,C2_RING_SIMPLE_CH8,2048,2048,2048,16,9,1048576,65,0,2049.696,2914.176,3220.992,306.816,PASS,0
PHASEB_formal_r1_C2_RING_SIMPLE_CH8_N2048_q16_rep5,1,4,1,sm_89,R1_EVENT_OVERLAP,NCCL,C2_RING_SIMPLE_CH8,2048,2048,2048,16,10,1048576,65,0,2300.896,3224.288,3519.968,295.680,PASS,0
PHASEB_formal_r1_C2_RING_SIMPLE_CH8_N2048_q16_rep5,1,4,1,sm_89,R1_EVENT_OVERLAP,NCCL,C2_RING_SIMPLE_CH8,2048,2048,2048,16,11,1048576,65,0,2543.232,3523.296,3782.624,259.328,PASS,0
PHASEB_formal_r1_C2_RING_SIMPLE_CH8_N2048_q16_rep5,1,4,1,sm_89,R1_EVENT_OVERLAP,NCCL,C2_RING_SIMPLE_CH8,2048,2048,2048,16,12,1048576,65,0,2644.832,3785.952,4044.896,258.944,PASS,0
PHASEB_formal_r1_C2_RING_SIMPLE_CH8_N2048_q16_rep5,1,4,1,sm_89,R1_EVENT_OVERLAP,NCCL,C2_RING_SIMPLE_CH8,2048,2048,2048,16,13,1048576,65,0,2933.280,4048.320,4307.872,259.552,PASS,0
PHASEB_formal_r1_C2_RING_SIMPLE_CH8_N2048_q16_rep5,1,4,1,sm_89,R1_EVENT_OVERLAP,NCCL,C2_RING_SIMPLE_CH8,2048,2048,2048,16,14,1048576,65,0,3190.176,4311.200,4570.304,259.104,PASS,0
PHASEB_formal_r1_C2_RING_SIMPLE_CH8_N2048_q16_rep5,1,4,1,sm_89,R1_EVENT_OVERLAP,NCCL,C2_RING_SIMPLE_CH8,2048,2048,2048,16,15,1048576,65,0,3280.800,4573.632,4832.512,258.880,PASS,0
PHASEB_formal_r1_C2_RING_SIMPLE_CH8_N2048_q16_rep5,1,4,1,sm_89,R1_EVENT_OVERLAP,NCCL,C2_RING_SIMPLE_CH8,2048,2048,2048,16,0,1048576,66,0,129.152,135.712,443.776,308.064,PASS,0
PHASEB_formal_r1_C2_RING_SIMPLE_CH8_N2048_q16_rep5,1,4,1,sm_89,R1_EVENT_OVERLAP,NCCL,C2_RING_SIMPLE_CH8,2048,2048,2048,16,1,1048576,66,0,216.704,447.680,723.008,275.328,PASS,0
PHASEB_formal_r1_C2_RING_SIMPLE_CH8_N2048_q16_rep5,1,4,1,sm_89,R1_EVENT_OVERLAP,NCCL,C2_RING_SIMPLE_CH8,2048,2048,2048,16,2,1048576,66,0,454.048,726.304,1040.800,314.496,PASS,0
PHASEB_formal_r1_C2_RING_SIMPLE_CH8_N2048_q16_rep5,1,4,1,sm_89,R1_EVENT_OVERLAP,NCCL,C2_RING_SIMPLE_CH8,2048,2048,2048,16,3,1048576,66,0,789.184,1044.128,1353.824,309.696,PASS,0
PHASEB_formal_r1_C2_RING_SIMPLE_CH8_N2048_q16_rep5,1,4,1,sm_89,R1_EVENT_OVERLAP,NCCL,C2_RING_SIMPLE_CH8,2048,2048,2048,16,4,1048576,66,0,1096.896,1357.152,1631.840,274.688,PASS,0
PHASEB_formal_r1_C2_RING_SIMPLE_CH8_N2048_q16_rep5,1,4,1,sm_89,R1_EVENT_OVERLAP,NCCL,C2_RING_SIMPLE_CH8,2048,2048,2048,16,5,1048576,66,0,1385.504,1635.264,1939.264,304.000,PASS,0
PHASEB_formal_r1_C2_RING_SIMPLE_CH8_N2048_q16_rep5,1,4,1,sm_89,R1_EVENT_OVERLAP,NCCL,C2_RING_SIMPLE_CH8,2048,2048,2048,16,6,1048576,66,0,1687.520,1942.720,2217.024,274.304,PASS,0
PHASEB_formal_r1_C2_RING_SIMPLE_CH8_N2048_q16_rep5,1,4,1,sm_89,R1_EVENT_OVERLAP,NCCL,C2_RING_SIMPLE_CH8,2048,2048,2048,16,7,1048576,66,0,1966.816,2220.256,2525.280,305.024,PASS,0
PHASEB_formal_r1_C2_RING_SIMPLE_CH8_N2048_q16_rep5,1,4,1,sm_89,R1_EVENT_OVERLAP,NCCL,C2_RING_SIMPLE_CH8,2048,2048,2048,16,8,1048576,66,0,2275.360,2528.608,2800.672,272.064,PASS,0
PHASEB_formal_r1_C2_RING_SIMPLE_CH8_N2048_q16_rep5,1,4,1,sm_89,R1_EVENT_OVERLAP,NCCL,C2_RING_SIMPLE_CH8,2048,2048,2048,16,9,1048576,66,0,2554.848,2803.904,3111.904,308.000,PASS,0
PHASEB_formal_r1_C2_RING_SIMPLE_CH8_N2048_q16_rep5,1,4,1,sm_89,R1_EVENT_OVERLAP,NCCL,C2_RING_SIMPLE_CH8,2048,2048,2048,16,10,1048576,66,0,2863.360,3115.648,3387.328,271.680,PASS,0
PHASEB_formal_r1_C2_RING_SIMPLE_CH8_N2048_q16_rep5,1,4,1,sm_89,R1_EVENT_OVERLAP,NCCL,C2_RING_SIMPLE_CH8,2048,2048,2048,16,11,1048576,66,0,3143.712,3390.976,3698.176,307.200,PASS,0
PHASEB_formal_r1_C2_RING_SIMPLE_CH8_N2048_q16_rep5,1,4,1,sm_89,R1_EVENT_OVERLAP,NCCL,C2_RING_SIMPLE_CH8,2048,2048,2048,16,12,1048576,66,0,3450.688,3701.408,3972.832,271.424,PASS,0
PHASEB_formal_r1_C2_RING_SIMPLE_CH8_N2048_q16_rep5,1,4,1,sm_89,R1_EVENT_OVERLAP,NCCL,C2_RING_SIMPLE_CH8,2048,2048,2048,16,13,1048576,66,0,3727.296,3976.832,4279.328,302.496,PASS,0
PHASEB_formal_r1_C2_RING_SIMPLE_CH8_N2048_q16_rep5,1,4,1,sm_89,R1_EVENT_OVERLAP,NCCL,C2_RING_SIMPLE_CH8,2048,2048,2048,16,14,1048576,66,0,4035.392,4282.592,4542.272,259.680,PASS,0
PHASEB_formal_r1_C2_RING_SIMPLE_CH8_N2048_q16_rep5,1,4,1,sm_89,R1_EVENT_OVERLAP,NCCL,C2_RING_SIMPLE_CH8,2048,2048,2048,16,15,1048576,66,0,4307.200,4545.600,4805.120,259.520,PASS,0
PHASEB_formal_r1_C2_RING_SIMPLE_CH8_N2048_q16_rep5,1,4,1,sm_89,R1_EVENT_OVERLAP,NCCL,C2_RING_SIMPLE_CH8,2048,2048,2048,16,0,1048576,67,0,137.376,143.904,454.400,310.496,PASS,0
PHASEB_formal_r1_C2_RING_SIMPLE_CH8_N2048_q16_rep5,1,4,1,sm_89,R1_EVENT_OVERLAP,NCCL,C2_RING_SIMPLE_CH8,2048,2048,2048,16,1,1048576,67,0,225.568,457.664,735.680,278.016,PASS,0
PHASEB_formal_r1_C2_RING_SIMPLE_CH8_N2048_q16_rep5,1,4,1,sm_89,R1_EVENT_OVERLAP,NCCL,C2_RING_SIMPLE_CH8,2048,2048,2048,16,2,1048576,67,0,470.720,739.104,1042.176,303.072,PASS,0
PHASEB_formal_r1_C2_RING_SIMPLE_CH8_N2048_q16_rep5,1,4,1,sm_89,R1_EVENT_OVERLAP,NCCL,C2_RING_SIMPLE_CH8,2048,2048,2048,16,3,1048576,67,0,780.192,1045.440,1318.432,272.992,PASS,0
PHASEB_formal_r1_C2_RING_SIMPLE_CH8_N2048_q16_rep5,1,4,1,sm_89,R1_EVENT_OVERLAP,NCCL,C2_RING_SIMPLE_CH8,2048,2048,2048,16,4,1048576,67,0,1061.152,1321.856,1631.168,309.312,PASS,0
PHASEB_formal_r1_C2_RING_SIMPLE_CH8_N2048_q16_rep5,1,4,1,sm_89,R1_EVENT_OVERLAP,NCCL,C2_RING_SIMPLE_CH8,2048,2048,2048,16,5,1048576,67,0,1378.240,1634.560,1904.480,269.920,PASS,0
PHASEB_formal_r1_C2_RING_SIMPLE_CH8_N2048_q16_rep5,1,4,1,sm_89,R1_EVENT_OVERLAP,NCCL,C2_RING_SIMPLE_CH8,2048,2048,2048,16,6,1048576,67,0,1654.656,1907.712,2212.640,304.928,PASS,0
PHASEB_formal_r1_C2_RING_SIMPLE_CH8_N2048_q16_rep5,1,4,1,sm_89,R1_EVENT_OVERLAP,NCCL,C2_RING_SIMPLE_CH8,2048,2048,2048,16,7,1048576,67,0,1965.504,2216.192,2485.696,269.504,PASS,0
PHASEB_formal_r1_C2_RING_SIMPLE_CH8_N2048_q16_rep5,1,4,1,sm_89,R1_EVENT_OVERLAP,NCCL,C2_RING_SIMPLE_CH8,2048,2048,2048,16,8,1048576,67,0,2244.576,2488.960,2794.656,305.696,PASS,0
PHASEB_formal_r1_C2_RING_SIMPLE_CH8_N2048_q16_rep5,1,4,1,sm_89,R1_EVENT_OVERLAP,NCCL,C2_RING_SIMPLE_CH8,2048,2048,2048,16,9,1048576,67,0,2555.776,2797.888,3070.560,272.672,PASS,0
PHASEB_formal_r1_C2_RING_SIMPLE_CH8_N2048_q16_rep5,1,4,1,sm_89,R1_EVENT_OVERLAP,NCCL,C2_RING_SIMPLE_CH8,2048,2048,2048,16,10,1048576,67,0,2827.648,3074.208,3377.344,303.136,PASS,0
PHASEB_formal_r1_C2_RING_SIMPLE_CH8_N2048_q16_rep5,1,4,1,sm_89,R1_EVENT_OVERLAP,NCCL,C2_RING_SIMPLE_CH8,2048,2048,2048,16,11,1048576,67,0,3137.824,3380.640,3648.928,268.288,PASS,0
PHASEB_formal_r1_C2_RING_SIMPLE_CH8_N2048_q16_rep5,1,4,1,sm_89,R1_EVENT_OVERLAP,NCCL,C2_RING_SIMPLE_CH8,2048,2048,2048,16,12,1048576,67,0,3415.648,3652.224,3957.408,305.184,PASS,0
PHASEB_formal_r1_C2_RING_SIMPLE_CH8_N2048_q16_rep5,1,4,1,sm_89,R1_EVENT_OVERLAP,NCCL,C2_RING_SIMPLE_CH8,2048,2048,2048,16,13,1048576,67,0,3729.152,3961.056,4234.304,273.248,PASS,0
PHASEB_formal_r1_C2_RING_SIMPLE_CH8_N2048_q16_rep5,1,4,1,sm_89,R1_EVENT_OVERLAP,NCCL,C2_RING_SIMPLE_CH8,2048,2048,2048,16,14,1048576,67,0,4001.152,4237.664,4533.344,295.680,PASS,0
PHASEB_formal_r1_C2_RING_SIMPLE_CH8_N2048_q16_rep5,1,4,1,sm_89,R1_EVENT_OVERLAP,NCCL,C2_RING_SIMPLE_CH8,2048,2048,2048,16,15,1048576,67,0,4300.640,4536.672,4795.488,258.816,PASS,0
PHASEB_formal_r1_C2_RING_SIMPLE_CH8_N2048_q16_rep5,1,4,1,sm_89,R1_EVENT_OVERLAP,NCCL,C2_RING_SIMPLE_CH8,2048,2048,2048,16,0,1048576,68,0,126.688,133.152,446.976,313.824,PASS,0
PHASEB_formal_r1_C2_RING_SIMPLE_CH8_N2048_q16_rep5,1,4,1,sm_89,R1_EVENT_OVERLAP,NCCL,C2_RING_SIMPLE_CH8,2048,2048,2048,16,1,1048576,68,0,211.712,450.496,722.240,271.744,PASS,0
PHASEB_formal_r1_C2_RING_SIMPLE_CH8_N2048_q16_rep5,1,4,1,sm_89,R1_EVENT_OVERLAP,NCCL,C2_RING_SIMPLE_CH8,2048,2048,2048,16,2,1048576,68,0,460.640,725.600,1029.632,304.032,PASS,0
PHASEB_formal_r1_C2_RING_SIMPLE_CH8_N2048_q16_rep5,1,4,1,sm_89,R1_EVENT_OVERLAP,NCCL,C2_RING_SIMPLE_CH8,2048,2048,2048,16,3,1048576,68,0,768.832,1033.408,1313.472,280.064,PASS,0
PHASEB_formal_r1_C2_RING_SIMPLE_CH8_N2048_q16_rep5,1,4,1,sm_89,R1_EVENT_OVERLAP,NCCL,C2_RING_SIMPLE_CH8,2048,2048,2048,16,4,1048576,68,0,1083.488,1317.120,1624.192,307.072,PASS,0
PHASEB_formal_r1_C2_RING_SIMPLE_CH8_N2048_q16_rep5,1,4,1,sm_89,R1_EVENT_OVERLAP,NCCL,C2_RING_SIMPLE_CH8,2048,2048,2048,16,5,1048576,68,0,1377.504,1628.128,1900.128,272.000,PASS,0
PHASEB_formal_r1_C2_RING_SIMPLE_CH8_N2048_q16_rep5,1,4,1,sm_89,R1_EVENT_OVERLAP,NCCL,C2_RING_SIMPLE_CH8,2048,2048,2048,16,6,1048576,68,0,1654.560,1903.328,2176.320,272.992,PASS,0
PHASEB_formal_r1_C2_RING_SIMPLE_CH8_N2048_q16_rep5,1,4,1,sm_89,R1_EVENT_OVERLAP,NCCL,C2_RING_SIMPLE_CH8,2048,2048,2048,16,7,1048576,68,0,1975.584,2179.584,2483.904,304.320,PASS,0
PHASEB_formal_r1_C2_RING_SIMPLE_CH8_N2048_q16_rep5,1,4,1,sm_89,R1_EVENT_OVERLAP,NCCL,C2_RING_SIMPLE_CH8,2048,2048,2048,16,8,1048576,68,0,2230.112,2487.424,2755.872,268.448,PASS,0
PHASEB_formal_r1_C2_RING_SIMPLE_CH8_N2048_q16_rep5,1,4,1,sm_89,R1_EVENT_OVERLAP,NCCL,C2_RING_SIMPLE_CH8,2048,2048,2048,16,9,1048576,68,0,2511.488,2759.328,3065.152,305.824,PASS,0
PHASEB_formal_r1_C2_RING_SIMPLE_CH8_N2048_q16_rep5,1,4,1,sm_89,R1_EVENT_OVERLAP,NCCL,C2_RING_SIMPLE_CH8,2048,2048,2048,16,10,1048576,68,0,2817.824,3068.448,3339.488,271.040,PASS,0
PHASEB_formal_r1_C2_RING_SIMPLE_CH8_N2048_q16_rep5,1,4,1,sm_89,R1_EVENT_OVERLAP,NCCL,C2_RING_SIMPLE_CH8,2048,2048,2048,16,11,1048576,68,0,3090.080,3343.296,3647.936,304.640,PASS,0
PHASEB_formal_r1_C2_RING_SIMPLE_CH8_N2048_q16_rep5,1,4,1,sm_89,R1_EVENT_OVERLAP,NCCL,C2_RING_SIMPLE_CH8,2048,2048,2048,16,12,1048576,68,0,3401.984,3651.264,3920.448,269.184,PASS,0
PHASEB_formal_r1_C2_RING_SIMPLE_CH8_N2048_q16_rep5,1,4,1,sm_89,R1_EVENT_OVERLAP,NCCL,C2_RING_SIMPLE_CH8,2048,2048,2048,16,13,1048576,68,0,3680.064,3923.648,4228.320,304.672,PASS,0
PHASEB_formal_r1_C2_RING_SIMPLE_CH8_N2048_q16_rep5,1,4,1,sm_89,R1_EVENT_OVERLAP,NCCL,C2_RING_SIMPLE_CH8,2048,2048,2048,16,14,1048576,68,0,3983.584,4231.648,4492.608,260.960,PASS,0
PHASEB_formal_r1_C2_RING_SIMPLE_CH8_N2048_q16_rep5,1,4,1,sm_89,R1_EVENT_OVERLAP,NCCL,C2_RING_SIMPLE_CH8,2048,2048,2048,16,15,1048576,68,0,4265.856,4495.936,4753.600,257.664,PASS,0
PHASEB_formal_r1_C2_RING_SIMPLE_CH8_N2048_q16_rep5,1,4,1,sm_89,R1_EVENT_OVERLAP,NCCL,C2_RING_SIMPLE_CH8,2048,2048,2048,16,0,1048576,69,0,133.216,139.520,446.208,306.688,PASS,0
PHASEB_formal_r1_C2_RING_SIMPLE_CH8_N2048_q16_rep5,1,4,1,sm_89,R1_EVENT_OVERLAP,NCCL,C2_RING_SIMPLE_CH8,2048,2048,2048,16,1,1048576,69,0,221.792,450.048,731.392,281.344,PASS,0
PHASEB_formal_r1_C2_RING_SIMPLE_CH8_N2048_q16_rep5,1,4,1,sm_89,R1_EVENT_OVERLAP,NCCL,C2_RING_SIMPLE_CH8,2048,2048,2048,16,2,1048576,69,0,462.464,734.976,1037.376,302.400,PASS,0
PHASEB_formal_r1_C2_RING_SIMPLE_CH8_N2048_q16_rep5,1,4,1,sm_89,R1_EVENT_OVERLAP,NCCL,C2_RING_SIMPLE_CH8,2048,2048,2048,16,3,1048576,69,0,773.824,1040.704,1350.176,309.472,PASS,0
PHASEB_formal_r1_C2_RING_SIMPLE_CH8_N2048_q16_rep5,1,4,1,sm_89,R1_EVENT_OVERLAP,NCCL,C2_RING_SIMPLE_CH8,2048,2048,2048,16,4,1048576,69,0,1027.328,1353.792,1632.928,279.136,PASS,0
PHASEB_formal_r1_C2_RING_SIMPLE_CH8_N2048_q16_rep5,1,4,1,sm_89,R1_EVENT_OVERLAP,NCCL,C2_RING_SIMPLE_CH8,2048,2048,2048,16,5,1048576,69,0,1118.368,1636.640,1937.920,301.280,PASS,0
PHASEB_formal_r1_C2_RING_SIMPLE_CH8_N2048_q16_rep5,1,4,1,sm_89,R1_EVENT_OVERLAP,NCCL,C2_RING_SIMPLE_CH8,2048,2048,2048,16,6,1048576,69,0,1360.640,1941.312,2246.464,305.152,PASS,0
PHASEB_formal_r1_C2_RING_SIMPLE_CH8_N2048_q16_rep5,1,4,1,sm_89,R1_EVENT_OVERLAP,NCCL,C2_RING_SIMPLE_CH8,2048,2048,2048,16,7,1048576,69,0,1661.728,2249.792,2555.712,305.920,PASS,0
PHASEB_formal_r1_C2_RING_SIMPLE_CH8_N2048_q16_rep5,1,4,1,sm_89,R1_EVENT_OVERLAP,NCCL,C2_RING_SIMPLE_CH8,2048,2048,2048,16,8,1048576,69,0,1927.584,2559.072,2874.656,315.584,PASS,0
PHASEB_formal_r1_C2_RING_SIMPLE_CH8_N2048_q16_rep5,1,4,1,sm_89,R1_EVENT_OVERLAP,NCCL,C2_RING_SIMPLE_CH8,2048,2048,2048,16,9,1048576,69,0,2019.904,2877.920,3147.840,269.920,PASS,0
PHASEB_formal_r1_C2_RING_SIMPLE_CH8_N2048_q16_rep5,1,4,1,sm_89,R1_EVENT_OVERLAP,NCCL,C2_RING_SIMPLE_CH8,2048,2048,2048,16,10,1048576,69,0,2323.552,3151.200,3456.480,305.280,PASS,0
PHASEB_formal_r1_C2_RING_SIMPLE_CH8_N2048_q16_rep5,1,4,1,sm_89,R1_EVENT_OVERLAP,NCCL,C2_RING_SIMPLE_CH8,2048,2048,2048,16,11,1048576,69,0,2632.064,3459.840,3727.648,267.808,PASS,0
PHASEB_formal_r1_C2_RING_SIMPLE_CH8_N2048_q16_rep5,1,4,1,sm_89,R1_EVENT_OVERLAP,NCCL,C2_RING_SIMPLE_CH8,2048,2048,2048,16,12,1048576,69,0,2906.880,3731.552,4027.968,296.416,PASS,0
PHASEB_formal_r1_C2_RING_SIMPLE_CH8_N2048_q16_rep5,1,4,1,sm_89,R1_EVENT_OVERLAP,NCCL,C2_RING_SIMPLE_CH8,2048,2048,2048,16,13,1048576,69,0,3215.520,4031.296,4291.520,260.224,PASS,0
PHASEB_formal_r1_C2_RING_SIMPLE_CH8_N2048_q16_rep5,1,4,1,sm_89,R1_EVENT_OVERLAP,NCCL,C2_RING_SIMPLE_CH8,2048,2048,2048,16,14,1048576,69,0,3489.792,4294.880,4553.952,259.072,PASS,0
PHASEB_formal_r1_C2_RING_SIMPLE_CH8_N2048_q16_rep5,1,4,1,sm_89,R1_EVENT_OVERLAP,NCCL,C2_RING_SIMPLE_CH8,2048,2048,2048,16,15,1048576,69,0,3802.528,4557.312,4816.960,259.648,PASS,0
PHASEB_formal_r1_C2_RING_SIMPLE_CH8_N2048_q16_rep5,1,4,1,sm_89,R1_EVENT_OVERLAP,NCCL,C2_RING_SIMPLE_CH8,2048,2048,2048,16,0,1048576,70,0,124.288,130.400,440.320,309.920,PASS,0
PHASEB_formal_r1_C2_RING_SIMPLE_CH8_N2048_q16_rep5,1,4,1,sm_89,R1_EVENT_OVERLAP,NCCL,C2_RING_SIMPLE_CH8,2048,2048,2048,16,1,1048576,70,0,213.824,443.968,737.632,293.664,PASS,0
PHASEB_formal_r1_C2_RING_SIMPLE_CH8_N2048_q16_rep5,1,4,1,sm_89,R1_EVENT_OVERLAP,NCCL,C2_RING_SIMPLE_CH8,2048,2048,2048,16,2,1048576,70,0,450.144,741.120,1046.944,305.824,PASS,0
PHASEB_formal_r1_C2_RING_SIMPLE_CH8_N2048_q16_rep5,1,4,1,sm_89,R1_EVENT_OVERLAP,NCCL,C2_RING_SIMPLE_CH8,2048,2048,2048,16,3,1048576,70,0,768.576,1050.272,1361.344,311.072,PASS,0
PHASEB_formal_r1_C2_RING_SIMPLE_CH8_N2048_q16_rep5,1,4,1,sm_89,R1_EVENT_OVERLAP,NCCL,C2_RING_SIMPLE_CH8,2048,2048,2048,16,4,1048576,70,0,1019.936,1364.736,1641.664,276.928,PASS,0
PHASEB_formal_r1_C2_RING_SIMPLE_CH8_N2048_q16_rep5,1,4,1,sm_89,R1_EVENT_OVERLAP,NCCL,C2_RING_SIMPLE_CH8,2048,2048,2048,16,5,1048576,70,0,1119.264,1658.176,1968.192,310.016,PASS,0
PHASEB_formal_r1_C2_RING_SIMPLE_CH8_N2048_q16_rep5,1,4,1,sm_89,R1_EVENT_OVERLAP,NCCL,C2_RING_SIMPLE_CH8,2048,2048,2048,16,6,1048576,70,0,1371.264,1971.488,2244.160,272.672,PASS,0
PHASEB_formal_r1_C2_RING_SIMPLE_CH8_N2048_q16_rep5,1,4,1,sm_89,R1_EVENT_OVERLAP,NCCL,C2_RING_SIMPLE_CH8,2048,2048,2048,16,7,1048576,70,0,1674.240,2247.488,2552.608,305.120,PASS,0
PHASEB_formal_r1_C2_RING_SIMPLE_CH8_N2048_q16_rep5,1,4,1,sm_89,R1_EVENT_OVERLAP,NCCL,C2_RING_SIMPLE_CH8,2048,2048,2048,16,8,1048576,70,0,1991.008,2556.672,2828.448,271.776,PASS,0
PHASEB_formal_r1_C2_RING_SIMPLE_CH8_N2048_q16_rep5,1,4,1,sm_89,R1_EVENT_OVERLAP,NCCL,C2_RING_SIMPLE_CH8,2048,2048,2048,16,9,1048576,70,0,2295.680,2831.776,3136.960,305.184,PASS,0
PHASEB_formal_r1_C2_RING_SIMPLE_CH8_N2048_q16_rep5,1,4,1,sm_89,R1_EVENT_OVERLAP,NCCL,C2_RING_SIMPLE_CH8,2048,2048,2048,16,10,1048576,70,0,2570.784,3140.832,3413.216,272.384,PASS,0
PHASEB_formal_r1_C2_RING_SIMPLE_CH8_N2048_q16_rep5,1,4,1,sm_89,R1_EVENT_OVERLAP,NCCL,C2_RING_SIMPLE_CH8,2048,2048,2048,16,11,1048576,70,0,2879.072,3416.896,3718.432,301.536,PASS,0
PHASEB_formal_r1_C2_RING_SIMPLE_CH8_N2048_q16_rep5,1,4,1,sm_89,R1_EVENT_OVERLAP,NCCL,C2_RING_SIMPLE_CH8,2048,2048,2048,16,12,1048576,70,0,3173.408,3722.272,3992.160,269.888,PASS,0
PHASEB_formal_r1_C2_RING_SIMPLE_CH8_N2048_q16_rep5,1,4,1,sm_89,R1_EVENT_OVERLAP,NCCL,C2_RING_SIMPLE_CH8,2048,2048,2048,16,13,1048576,70,0,3467.008,3996.512,4293.536,297.024,PASS,0
PHASEB_formal_r1_C2_RING_SIMPLE_CH8_N2048_q16_rep5,1,4,1,sm_89,R1_EVENT_OVERLAP,NCCL,C2_RING_SIMPLE_CH8,2048,2048,2048,16,14,1048576,70,0,3741.760,4296.864,4557.408,260.544,PASS,0
PHASEB_formal_r1_C2_RING_SIMPLE_CH8_N2048_q16_rep5,1,4,1,sm_89,R1_EVENT_OVERLAP,NCCL,C2_RING_SIMPLE_CH8,2048,2048,2048,16,15,1048576,70,0,4052.512,4560.736,4818.880,258.144,PASS,0
PHASEB_formal_r1_C2_RING_SIMPLE_CH8_N2048_q16_rep5,1,4,1,sm_89,R1_EVENT_OVERLAP,NCCL,C2_RING_SIMPLE_CH8,2048,2048,2048,16,0,1048576,71,0,135.328,141.952,451.680,309.728,PASS,0
PHASEB_formal_r1_C2_RING_SIMPLE_CH8_N2048_q16_rep5,1,4,1,sm_89,R1_EVENT_OVERLAP,NCCL,C2_RING_SIMPLE_CH8,2048,2048,2048,16,1,1048576,71,0,224.320,455.040,736.896,281.856,PASS,0
PHASEB_formal_r1_C2_RING_SIMPLE_CH8_N2048_q16_rep5,1,4,1,sm_89,R1_EVENT_OVERLAP,NCCL,C2_RING_SIMPLE_CH8,2048,2048,2048,16,2,1048576,71,0,461.632,740.128,1047.648,307.520,PASS,0
PHASEB_formal_r1_C2_RING_SIMPLE_CH8_N2048_q16_rep5,1,4,1,sm_89,R1_EVENT_OVERLAP,NCCL,C2_RING_SIMPLE_CH8,2048,2048,2048,16,3,1048576,71,0,794.272,1050.944,1322.912,271.968,PASS,0
PHASEB_formal_r1_C2_RING_SIMPLE_CH8_N2048_q16_rep5,1,4,1,sm_89,R1_EVENT_OVERLAP,NCCL,C2_RING_SIMPLE_CH8,2048,2048,2048,16,4,1048576,71,0,1098.240,1326.976,1633.376,306.400,PASS,0
PHASEB_formal_r1_C2_RING_SIMPLE_CH8_N2048_q16_rep5,1,4,1,sm_89,R1_EVENT_OVERLAP,NCCL,C2_RING_SIMPLE_CH8,2048,2048,2048,16,5,1048576,71,0,1405.952,1636.896,1913.568,276.672,PASS,0
PHASEB_formal_r1_C2_RING_SIMPLE_CH8_N2048_q16_rep5,1,4,1,sm_89,R1_EVENT_OVERLAP,NCCL,C2_RING_SIMPLE_CH8,2048,2048,2048,16,6,1048576,71,0,1681.600,1916.832,2222.496,305.664,PASS,0
PHASEB_formal_r1_C2_RING_SIMPLE_CH8_N2048_q16_rep5,1,4,1,sm_89,R1_EVENT_OVERLAP,NCCL,C2_RING_SIMPLE_CH8,2048,2048,2048,16,7,1048576,71,0,1990.656,2225.856,2496.160,270.304,PASS,0
PHASEB_formal_r1_C2_RING_SIMPLE_CH8_N2048_q16_rep5,1,4,1,sm_89,R1_EVENT_OVERLAP,NCCL,C2_RING_SIMPLE_CH8,2048,2048,2048,16,8,1048576,71,0,2265.888,2499.424,2808.736,309.312,PASS,0
PHASEB_formal_r1_C2_RING_SIMPLE_CH8_N2048_q16_rep5,1,4,1,sm_89,R1_EVENT_OVERLAP,NCCL,C2_RING_SIMPLE_CH8,2048,2048,2048,16,9,1048576,71,0,2568.864,2812.064,3118.976,306.912,PASS,0
PHASEB_formal_r1_C2_RING_SIMPLE_CH8_N2048_q16_rep5,1,4,1,sm_89,R1_EVENT_OVERLAP,NCCL,C2_RING_SIMPLE_CH8,2048,2048,2048,16,10,1048576,71,0,2800.704,3122.400,3403.392,280.992,PASS,0
PHASEB_formal_r1_C2_RING_SIMPLE_CH8_N2048_q16_rep5,1,4,1,sm_89,R1_EVENT_OVERLAP,NCCL,C2_RING_SIMPLE_CH8,2048,2048,2048,16,11,1048576,71,0,2890.048,3407.808,3711.232,303.424,PASS,0
PHASEB_formal_r1_C2_RING_SIMPLE_CH8_N2048_q16_rep5,1,4,1,sm_89,R1_EVENT_OVERLAP,NCCL,C2_RING_SIMPLE_CH8,2048,2048,2048,16,12,1048576,71,0,3128.448,3714.624,3984.800,270.176,PASS,0
PHASEB_formal_r1_C2_RING_SIMPLE_CH8_N2048_q16_rep5,1,4,1,sm_89,R1_EVENT_OVERLAP,NCCL,C2_RING_SIMPLE_CH8,2048,2048,2048,16,13,1048576,71,0,3425.312,3988.256,4282.880,294.624,PASS,0
PHASEB_formal_r1_C2_RING_SIMPLE_CH8_N2048_q16_rep5,1,4,1,sm_89,R1_EVENT_OVERLAP,NCCL,C2_RING_SIMPLE_CH8,2048,2048,2048,16,14,1048576,71,0,3730.944,4286.432,4545.056,258.624,PASS,0
PHASEB_formal_r1_C2_RING_SIMPLE_CH8_N2048_q16_rep5,1,4,1,sm_89,R1_EVENT_OVERLAP,NCCL,C2_RING_SIMPLE_CH8,2048,2048,2048,16,15,1048576,71,0,4039.008,4548.384,4807.456,259.072,PASS,0
PHASEB_formal_r1_C2_RING_SIMPLE_CH8_N2048_q16_rep5,1,4,1,sm_89,R1_EVENT_OVERLAP,NCCL,C2_RING_SIMPLE_CH8,2048,2048,2048,16,0,1048576,72,0,123.328,129.792,438.016,308.224,PASS,0
PHASEB_formal_r1_C2_RING_SIMPLE_CH8_N2048_q16_rep5,1,4,1,sm_89,R1_EVENT_OVERLAP,NCCL,C2_RING_SIMPLE_CH8,2048,2048,2048,16,1,1048576,72,0,209.344,441.376,716.480,275.104,PASS,0
PHASEB_formal_r1_C2_RING_SIMPLE_CH8_N2048_q16_rep5,1,4,1,sm_89,R1_EVENT_OVERLAP,NCCL,C2_RING_SIMPLE_CH8,2048,2048,2048,16,2,1048576,72,0,456.384,720.128,1024.544,304.416,PASS,0
PHASEB_formal_r1_C2_RING_SIMPLE_CH8_N2048_q16_rep5,1,4,1,sm_89,R1_EVENT_OVERLAP,NCCL,C2_RING_SIMPLE_CH8,2048,2048,2048,16,3,1048576,72,0,765.920,1028.000,1314.240,286.240,PASS,0
PHASEB_formal_r1_C2_RING_SIMPLE_CH8_N2048_q16_rep5,1,4,1,sm_89,R1_EVENT_OVERLAP,NCCL,C2_RING_SIMPLE_CH8,2048,2048,2048,16,4,1048576,72,0,1088.576,1317.760,1587.776,270.016,PASS,0
PHASEB_formal_r1_C2_RING_SIMPLE_CH8_N2048_q16_rep5,1,4,1,sm_89,R1_EVENT_OVERLAP,NCCL,C2_RING_SIMPLE_CH8,2048,2048,2048,16,5,1048576,72,0,1360.480,1591.008,1903.840,312.832,PASS,0
PHASEB_formal_r1_C2_RING_SIMPLE_CH8_N2048_q16_rep5,1,4,1,sm_89,R1_EVENT_OVERLAP,NCCL,C2_RING_SIMPLE_CH8,2048,2048,2048,16,6,1048576,72,0,1670.944,1911.808,2180.768,268.960,PASS,0
PHASEB_formal_r1_C2_RING_SIMPLE_CH8_N2048_q16_rep5,1,4,1,sm_89,R1_EVENT_OVERLAP,NCCL,C2_RING_SIMPLE_CH8,2048,2048,2048,16,7,1048576,72,0,1959.488,2184.096,2492.128,308.032,PASS,0
PHASEB_formal_r1_C2_RING_SIMPLE_CH8_N2048_q16_rep5,1,4,1,sm_89,R1_EVENT_OVERLAP,NCCL,C2_RING_SIMPLE_CH8,2048,2048,2048,16,8,1048576,72,0,2260.192,2495.616,2767.072,271.456,PASS,0
PHASEB_formal_r1_C2_RING_SIMPLE_CH8_N2048_q16_rep5,1,4,1,sm_89,R1_EVENT_OVERLAP,NCCL,C2_RING_SIMPLE_CH8,2048,2048,2048,16,9,1048576,72,0,2543.008,2770.336,3076.928,306.592,PASS,0
PHASEB_formal_r1_C2_RING_SIMPLE_CH8_N2048_q16_rep5,1,4,1,sm_89,R1_EVENT_OVERLAP,NCCL,C2_RING_SIMPLE_CH8,2048,2048,2048,16,10,1048576,72,0,2849.600,3080.224,3347.200,266.976,PASS,0
PHASEB_formal_r1_C2_RING_SIMPLE_CH8_N2048_q16_rep5,1,4,1,sm_89,R1_EVENT_OVERLAP,NCCL,C2_RING_SIMPLE_CH8,2048,2048,2048,16,11,1048576,72,0,3134.592,3351.392,3659.008,307.616,PASS,0
PHASEB_formal_r1_C2_RING_SIMPLE_CH8_N2048_q16_rep5,1,4,1,sm_89,R1_EVENT_OVERLAP,NCCL,C2_RING_SIMPLE_CH8,2048,2048,2048,16,12,1048576,72,0,3439.616,3662.400,3930.560,268.160,PASS,0
PHASEB_formal_r1_C2_RING_SIMPLE_CH8_N2048_q16_rep5,1,4,1,sm_89,R1_EVENT_OVERLAP,NCCL,C2_RING_SIMPLE_CH8,2048,2048,2048,16,13,1048576,72,0,3718.784,3934.016,4241.792,307.776,PASS,0
PHASEB_formal_r1_C2_RING_SIMPLE_CH8_N2048_q16_rep5,1,4,1,sm_89,R1_EVENT_OVERLAP,NCCL,C2_RING_SIMPLE_CH8,2048,2048,2048,16,14,1048576,72,0,4025.088,4245.088,4539.904,294.816,PASS,0
PHASEB_formal_r1_C2_RING_SIMPLE_CH8_N2048_q16_rep5,1,4,1,sm_89,R1_EVENT_OVERLAP,NCCL,C2_RING_SIMPLE_CH8,2048,2048,2048,16,15,1048576,72,0,4299.104,4543.200,4801.856,258.656,PASS,0
PHASEB_formal_r1_C2_RING_SIMPLE_CH8_N2048_q16_rep5,1,4,1,sm_89,R1_EVENT_OVERLAP,NCCL,C2_RING_SIMPLE_CH8,2048,2048,2048,16,0,1048576,73,0,138.208,144.544,465.440,320.896,PASS,0
PHASEB_formal_r1_C2_RING_SIMPLE_CH8_N2048_q16_rep5,1,4,1,sm_89,R1_EVENT_OVERLAP,NCCL,C2_RING_SIMPLE_CH8,2048,2048,2048,16,1,1048576,73,0,227.616,468.736,738.784,270.048,PASS,0
PHASEB_formal_r1_C2_RING_SIMPLE_CH8_N2048_q16_rep5,1,4,1,sm_89,R1_EVENT_OVERLAP,NCCL,C2_RING_SIMPLE_CH8,2048,2048,2048,16,2,1048576,73,0,484.896,743.104,1059.872,316.768,PASS,0
PHASEB_formal_r1_C2_RING_SIMPLE_CH8_N2048_q16_rep5,1,4,1,sm_89,R1_EVENT_OVERLAP,NCCL,C2_RING_SIMPLE_CH8,2048,2048,2048,16,3,1048576,73,0,797.920,1063.264,1333.696,270.432,PASS,0
PHASEB_formal_r1_C2_RING_SIMPLE_CH8_N2048_q16_rep5,1,4,1,sm_89,R1_EVENT_OVERLAP,NCCL,C2_RING_SIMPLE_CH8,2048,2048,2048,16,4,1048576,73,0,1102.208,1337.088,1610.080,272.992,PASS,0
PHASEB_formal_r1_C2_RING_SIMPLE_CH8_N2048_q16_rep5,1,4,1,sm_89,R1_EVENT_OVERLAP,NCCL,C2_RING_SIMPLE_CH8,2048,2048,2048,16,5,1048576,73,0,1391.552,1613.344,1920.192,306.848,PASS,0
PHASEB_formal_r1_C2_RING_SIMPLE_CH8_N2048_q16_rep5,1,4,1,sm_89,R1_EVENT_OVERLAP,NCCL,C2_RING_SIMPLE_CH8,2048,2048,2048,16,6,1048576,73,0,1685.920,1923.488,2193.920,270.432,PASS,0
PHASEB_formal_r1_C2_RING_SIMPLE_CH8_N2048_q16_rep5,1,4,1,sm_89,R1_EVENT_OVERLAP,NCCL,C2_RING_SIMPLE_CH8,2048,2048,2048,16,7,1048576,73,0,1957.760,2197.888,2472.032,274.144,PASS,0
PHASEB_formal_r1_C2_RING_SIMPLE_CH8_N2048_q16_rep5,1,4,1,sm_89,R1_EVENT_OVERLAP,NCCL,C2_RING_SIMPLE_CH8,2048,2048,2048,16,8,1048576,73,0,2264.416,2475.744,2782.912,307.168,PASS,0
PHASEB_formal_r1_C2_RING_SIMPLE_CH8_N2048_q16_rep5,1,4,1,sm_89,R1_EVENT_OVERLAP,NCCL,C2_RING_SIMPLE_CH8,2048,2048,2048,16,9,1048576,73,0,2543.872,2786.944,3056.192,269.248,PASS,0
PHASEB_formal_r1_C2_RING_SIMPLE_CH8_N2048_q16_rep5,1,4,1,sm_89,R1_EVENT_OVERLAP,NCCL,C2_RING_SIMPLE_CH8,2048,2048,2048,16,10,1048576,73,0,2821.568,3059.936,3366.432,306.496,PASS,0
PHASEB_formal_r1_C2_RING_SIMPLE_CH8_N2048_q16_rep5,1,4,1,sm_89,R1_EVENT_OVERLAP,NCCL,C2_RING_SIMPLE_CH8,2048,2048,2048,16,11,1048576,73,0,3127.200,3369.760,3640.032,270.272,PASS,0
PHASEB_formal_r1_C2_RING_SIMPLE_CH8_N2048_q16_rep5,1,4,1,sm_89,R1_EVENT_OVERLAP,NCCL,C2_RING_SIMPLE_CH8,2048,2048,2048,16,12,1048576,73,0,3412.064,3643.328,3912.000,268.672,PASS,0
PHASEB_formal_r1_C2_RING_SIMPLE_CH8_N2048_q16_rep5,1,4,1,sm_89,R1_EVENT_OVERLAP,NCCL,C2_RING_SIMPLE_CH8,2048,2048,2048,16,13,1048576,73,0,3710.976,3915.264,4222.112,306.848,PASS,0
PHASEB_formal_r1_C2_RING_SIMPLE_CH8_N2048_q16_rep5,1,4,1,sm_89,R1_EVENT_OVERLAP,NCCL,C2_RING_SIMPLE_CH8,2048,2048,2048,16,14,1048576,73,0,3985.408,4225.440,4484.064,258.624,PASS,0
PHASEB_formal_r1_C2_RING_SIMPLE_CH8_N2048_q16_rep5,1,4,1,sm_89,R1_EVENT_OVERLAP,NCCL,C2_RING_SIMPLE_CH8,2048,2048,2048,16,15,1048576,73,0,4265.280,4487.488,4746.144,258.656,PASS,0
PHASEB_formal_r1_C2_RING_SIMPLE_CH8_N2048_q16_rep5,1,4,1,sm_89,R1_EVENT_OVERLAP,NCCL,C2_RING_SIMPLE_CH8,2048,2048,2048,16,0,1048576,74,0,124.224,130.560,442.784,312.224,PASS,0
PHASEB_formal_r1_C2_RING_SIMPLE_CH8_N2048_q16_rep5,1,4,1,sm_89,R1_EVENT_OVERLAP,NCCL,C2_RING_SIMPLE_CH8,2048,2048,2048,16,1,1048576,74,0,211.904,446.048,720.960,274.912,PASS,0
PHASEB_formal_r1_C2_RING_SIMPLE_CH8_N2048_q16_rep5,1,4,1,sm_89,R1_EVENT_OVERLAP,NCCL,C2_RING_SIMPLE_CH8,2048,2048,2048,16,2,1048576,74,0,456.960,724.544,1039.072,314.528,PASS,0
PHASEB_formal_r1_C2_RING_SIMPLE_CH8_N2048_q16_rep5,1,4,1,sm_89,R1_EVENT_OVERLAP,NCCL,C2_RING_SIMPLE_CH8,2048,2048,2048,16,3,1048576,74,0,775.200,1042.496,1329.600,287.104,PASS,0
PHASEB_formal_r1_C2_RING_SIMPLE_CH8_N2048_q16_rep5,1,4,1,sm_89,R1_EVENT_OVERLAP,NCCL,C2_RING_SIMPLE_CH8,2048,2048,2048,16,4,1048576,74,0,1056.192,1332.832,1614.816,281.984,PASS,0
PHASEB_formal_r1_C2_RING_SIMPLE_CH8_N2048_q16_rep5,1,4,1,sm_89,R1_EVENT_OVERLAP,NCCL,C2_RING_SIMPLE_CH8,2048,2048,2048,16,5,1048576,74,0,1377.024,1618.112,1897.152,279.040,PASS,0
PHASEB_formal_r1_C2_RING_SIMPLE_CH8_N2048_q16_rep5,1,4,1,sm_89,R1_EVENT_OVERLAP,NCCL,C2_RING_SIMPLE_CH8,2048,2048,2048,16,6,1048576,74,0,1671.808,1900.448,2204.512,304.064,PASS,0
PHASEB_formal_r1_C2_RING_SIMPLE_CH8_N2048_q16_rep5,1,4,1,sm_89,R1_EVENT_OVERLAP,NCCL,C2_RING_SIMPLE_CH8,2048,2048,2048,16,7,1048576,74,0,1962.592,2208.160,2479.712,271.552,PASS,0
PHASEB_formal_r1_C2_RING_SIMPLE_CH8_N2048_q16_rep5,1,4,1,sm_89,R1_EVENT_OVERLAP,NCCL,C2_RING_SIMPLE_CH8,2048,2048,2048,16,8,1048576,74,0,2240.992,2483.104,2789.632,306.528,PASS,0
PHASEB_formal_r1_C2_RING_SIMPLE_CH8_N2048_q16_rep5,1,4,1,sm_89,R1_EVENT_OVERLAP,NCCL,C2_RING_SIMPLE_CH8,2048,2048,2048,16,9,1048576,74,0,2541.024,2792.992,3064.800,271.808,PASS,0
PHASEB_formal_r1_C2_RING_SIMPLE_CH8_N2048_q16_rep5,1,4,1,sm_89,R1_EVENT_OVERLAP,NCCL,C2_RING_SIMPLE_CH8,2048,2048,2048,16,10,1048576,74,0,2818.560,3068.224,3374.976,306.752,PASS,0
PHASEB_formal_r1_C2_RING_SIMPLE_CH8_N2048_q16_rep5,1,4,1,sm_89,R1_EVENT_OVERLAP,NCCL,C2_RING_SIMPLE_CH8,2048,2048,2048,16,11,1048576,74,0,3124.800,3378.560,3647.680,269.120,PASS,0
PHASEB_formal_r1_C2_RING_SIMPLE_CH8_N2048_q16_rep5,1,4,1,sm_89,R1_EVENT_OVERLAP,NCCL,C2_RING_SIMPLE_CH8,2048,2048,2048,16,12,1048576,74,0,3409.056,3651.072,3955.072,304.000,PASS,0
PHASEB_formal_r1_C2_RING_SIMPLE_CH8_N2048_q16_rep5,1,4,1,sm_89,R1_EVENT_OVERLAP,NCCL,C2_RING_SIMPLE_CH8,2048,2048,2048,16,13,1048576,74,0,3712.672,3958.400,4226.432,268.032,PASS,0
PHASEB_formal_r1_C2_RING_SIMPLE_CH8_N2048_q16_rep5,1,4,1,sm_89,R1_EVENT_OVERLAP,NCCL,C2_RING_SIMPLE_CH8,2048,2048,2048,16,14,1048576,74,0,3990.656,4229.760,4528.864,299.104,PASS,0
PHASEB_formal_r1_C2_RING_SIMPLE_CH8_N2048_q16_rep5,1,4,1,sm_89,R1_EVENT_OVERLAP,NCCL,C2_RING_SIMPLE_CH8,2048,2048,2048,16,15,1048576,74,0,4298.752,4532.192,4790.848,258.656,PASS,0
PHASEB_formal_r1_C2_RING_SIMPLE_CH8_N2048_q16_rep5,1,4,1,sm_89,R1_EVENT_OVERLAP,NCCL,C2_RING_SIMPLE_CH8,2048,2048,2048,16,0,1048576,75,0,137.504,144.000,451.808,307.808,PASS,0
PHASEB_formal_r1_C2_RING_SIMPLE_CH8_N2048_q16_rep5,1,4,1,sm_89,R1_EVENT_OVERLAP,NCCL,C2_RING_SIMPLE_CH8,2048,2048,2048,16,1,1048576,75,0,249.472,455.648,764.768,309.120,PASS,0
PHASEB_formal_r1_C2_RING_SIMPLE_CH8_N2048_q16_rep5,1,4,1,sm_89,R1_EVENT_OVERLAP,NCCL,C2_RING_SIMPLE_CH8,2048,2048,2048,16,2,1048576,75,0,486.112,768.000,1038.368,270.368,PASS,0
PHASEB_formal_r1_C2_RING_SIMPLE_CH8_N2048_q16_rep5,1,4,1,sm_89,R1_EVENT_OVERLAP,NCCL,C2_RING_SIMPLE_CH8,2048,2048,2048,16,3,1048576,75,0,774.208,1042.048,1360.064,318.016,PASS,0
PHASEB_formal_r1_C2_RING_SIMPLE_CH8_N2048_q16_rep5,1,4,1,sm_89,R1_EVENT_OVERLAP,NCCL,C2_RING_SIMPLE_CH8,2048,2048,2048,16,4,1048576,75,0,1077.056,1370.720,1644.672,273.952,PASS,0
PHASEB_formal_r1_C2_RING_SIMPLE_CH8_N2048_q16_rep5,1,4,1,sm_89,R1_EVENT_OVERLAP,NCCL,C2_RING_SIMPLE_CH8,2048,2048,2048,16,5,1048576,75,0,1381.760,1648.576,1955.680,307.104,PASS,0
PHASEB_formal_r1_C2_RING_SIMPLE_CH8_N2048_q16_rep5,1,4,1,sm_89,R1_EVENT_OVERLAP,NCCL,C2_RING_SIMPLE_CH8,2048,2048,2048,16,6,1048576,75,0,1664.576,1959.008,2229.440,270.432,PASS,0
PHASEB_formal_r1_C2_RING_SIMPLE_CH8_N2048_q16_rep5,1,4,1,sm_89,R1_EVENT_OVERLAP,NCCL,C2_RING_SIMPLE_CH8,2048,2048,2048,16,7,1048576,75,0,1965.376,2233.280,2542.496,309.216,PASS,0
PHASEB_formal_r1_C2_RING_SIMPLE_CH8_N2048_q16_rep5,1,4,1,sm_89,R1_EVENT_OVERLAP,NCCL,C2_RING_SIMPLE_CH8,2048,2048,2048,16,8,1048576,75,0,2251.968,2545.952,2819.680,273.728,PASS,0
PHASEB_formal_r1_C2_RING_SIMPLE_CH8_N2048_q16_rep5,1,4,1,sm_89,R1_EVENT_OVERLAP,NCCL,C2_RING_SIMPLE_CH8,2048,2048,2048,16,9,1048576,75,0,2553.376,2823.392,3131.136,307.744,PASS,0
PHASEB_formal_r1_C2_RING_SIMPLE_CH8_N2048_q16_rep5,1,4,1,sm_89,R1_EVENT_OVERLAP,NCCL,C2_RING_SIMPLE_CH8,2048,2048,2048,16,10,1048576,75,0,2843.360,3134.720,3408.192,273.472,PASS,0
PHASEB_formal_r1_C2_RING_SIMPLE_CH8_N2048_q16_rep5,1,4,1,sm_89,R1_EVENT_OVERLAP,NCCL,C2_RING_SIMPLE_CH8,2048,2048,2048,16,11,1048576,75,0,3140.832,3411.840,3720.832,308.992,PASS,0
PHASEB_formal_r1_C2_RING_SIMPLE_CH8_N2048_q16_rep5,1,4,1,sm_89,R1_EVENT_OVERLAP,NCCL,C2_RING_SIMPLE_CH8,2048,2048,2048,16,12,1048576,75,0,3428.064,3724.160,4028.224,304.064,PASS,0
PHASEB_formal_r1_C2_RING_SIMPLE_CH8_N2048_q16_rep5,1,4,1,sm_89,R1_EVENT_OVERLAP,NCCL,C2_RING_SIMPLE_CH8,2048,2048,2048,16,13,1048576,75,0,3713.632,4031.616,4328.704,297.088,PASS,0
PHASEB_formal_r1_C2_RING_SIMPLE_CH8_N2048_q16_rep5,1,4,1,sm_89,R1_EVENT_OVERLAP,NCCL,C2_RING_SIMPLE_CH8,2048,2048,2048,16,14,1048576,75,0,3971.840,4332.384,4591.360,258.976,PASS,0
PHASEB_formal_r1_C2_RING_SIMPLE_CH8_N2048_q16_rep5,1,4,1,sm_89,R1_EVENT_OVERLAP,NCCL,C2_RING_SIMPLE_CH8,2048,2048,2048,16,15,1048576,75,0,4153.600,4594.656,4854.144,259.488,PASS,0
PHASEB_formal_r1_C2_RING_SIMPLE_CH8_N2048_q16_rep5,1,4,1,sm_89,R1_EVENT_OVERLAP,NCCL,C2_RING_SIMPLE_CH8,2048,2048,2048,16,0,1048576,76,0,123.456,130.496,438.976,308.480,PASS,0
PHASEB_formal_r1_C2_RING_SIMPLE_CH8_N2048_q16_rep5,1,4,1,sm_89,R1_EVENT_OVERLAP,NCCL,C2_RING_SIMPLE_CH8,2048,2048,2048,16,1,1048576,76,0,233.696,442.560,746.400,303.840,PASS,0
PHASEB_formal_r1_C2_RING_SIMPLE_CH8_N2048_q16_rep5,1,4,1,sm_89,R1_EVENT_OVERLAP,NCCL,C2_RING_SIMPLE_CH8,2048,2048,2048,16,2,1048576,76,0,461.600,756.000,1025.248,269.248,PASS,0
PHASEB_formal_r1_C2_RING_SIMPLE_CH8_N2048_q16_rep5,1,4,1,sm_89,R1_EVENT_OVERLAP,NCCL,C2_RING_SIMPLE_CH8,2048,2048,2048,16,3,1048576,76,0,766.976,1030.976,1355.680,324.704,PASS,0
PHASEB_formal_r1_C2_RING_SIMPLE_CH8_N2048_q16_rep5,1,4,1,sm_89,R1_EVENT_OVERLAP,NCCL,C2_RING_SIMPLE_CH8,2048,2048,2048,16,4,1048576,76,0,1097.984,1359.040,1634.208,275.168,PASS,0
PHASEB_formal_r1_C2_RING_SIMPLE_CH8_N2048_q16_rep5,1,4,1,sm_89,R1_EVENT_OVERLAP,NCCL,C2_RING_SIMPLE_CH8,2048,2048,2048,16,5,1048576,76,0,1384.768,1637.536,1941.440,303.904,PASS,0
PHASEB_formal_r1_C2_RING_SIMPLE_CH8_N2048_q16_rep5,1,4,1,sm_89,R1_EVENT_OVERLAP,NCCL,C2_RING_SIMPLE_CH8,2048,2048,2048,16,6,1048576,76,0,1681.024,1945.248,2214.112,268.864,PASS,0
PHASEB_formal_r1_C2_RING_SIMPLE_CH8_N2048_q16_rep5,1,4,1,sm_89,R1_EVENT_OVERLAP,NCCL,C2_RING_SIMPLE_CH8,2048,2048,2048,16,7,1048576,76,0,1961.024,2217.408,2521.248,303.840,PASS,0
PHASEB_formal_r1_C2_RING_SIMPLE_CH8_N2048_q16_rep5,1,4,1,sm_89,R1_EVENT_OVERLAP,NCCL,C2_RING_SIMPLE_CH8,2048,2048,2048,16,8,1048576,76,0,2266.144,2524.768,2797.888,273.120,PASS,0
PHASEB_formal_r1_C2_RING_SIMPLE_CH8_N2048_q16_rep5,1,4,1,sm_89,R1_EVENT_OVERLAP,NCCL,C2_RING_SIMPLE_CH8,2048,2048,2048,16,9,1048576,76,0,2548.736,2801.216,3110.720,309.504,PASS,0
PHASEB_formal_r1_C2_RING_SIMPLE_CH8_N2048_q16_rep5,1,4,1,sm_89,R1_EVENT_OVERLAP,NCCL,C2_RING_SIMPLE_CH8,2048,2048,2048,16,10,1048576,76,0,2848.160,3114.112,3383.232,269.120,PASS,0
PHASEB_formal_r1_C2_RING_SIMPLE_CH8_N2048_q16_rep5,1,4,1,sm_89,R1_EVENT_OVERLAP,NCCL,C2_RING_SIMPLE_CH8,2048,2048,2048,16,11,1048576,76,0,3139.616,3386.944,3694.208,307.264,PASS,0
PHASEB_formal_r1_C2_RING_SIMPLE_CH8_N2048_q16_rep5,1,4,1,sm_89,R1_EVENT_OVERLAP,NCCL,C2_RING_SIMPLE_CH8,2048,2048,2048,16,12,1048576,76,0,3436.864,3697.600,3978.720,281.120,PASS,0
PHASEB_formal_r1_C2_RING_SIMPLE_CH8_N2048_q16_rep5,1,4,1,sm_89,R1_EVENT_OVERLAP,NCCL,C2_RING_SIMPLE_CH8,2048,2048,2048,16,13,1048576,76,0,3722.880,3982.112,4286.720,304.608,PASS,0
PHASEB_formal_r1_C2_RING_SIMPLE_CH8_N2048_q16_rep5,1,4,1,sm_89,R1_EVENT_OVERLAP,NCCL,C2_RING_SIMPLE_CH8,2048,2048,2048,16,14,1048576,76,0,4019.904,4290.240,4550.080,259.840,PASS,0
PHASEB_formal_r1_C2_RING_SIMPLE_CH8_N2048_q16_rep5,1,4,1,sm_89,R1_EVENT_OVERLAP,NCCL,C2_RING_SIMPLE_CH8,2048,2048,2048,16,15,1048576,76,0,4306.272,4553.408,4811.808,258.400,PASS,0
PHASEB_formal_r1_C2_RING_SIMPLE_CH8_N2048_q16_rep5,1,4,1,sm_89,R1_EVENT_OVERLAP,NCCL,C2_RING_SIMPLE_CH8,2048,2048,2048,16,0,1048576,77,0,132.768,139.296,467.648,328.352,PASS,0
PHASEB_formal_r1_C2_RING_SIMPLE_CH8_N2048_q16_rep5,1,4,1,sm_89,R1_EVENT_OVERLAP,NCCL,C2_RING_SIMPLE_CH8,2048,2048,2048,16,1,1048576,77,0,222.752,471.136,747.328,276.192,PASS,0
PHASEB_formal_r1_C2_RING_SIMPLE_CH8_N2048_q16_rep5,1,4,1,sm_89,R1_EVENT_OVERLAP,NCCL,C2_RING_SIMPLE_CH8,2048,2048,2048,16,2,1048576,77,0,477.920,750.624,1055.424,304.800,PASS,0
PHASEB_formal_r1_C2_RING_SIMPLE_CH8_N2048_q16_rep5,1,4,1,sm_89,R1_EVENT_OVERLAP,NCCL,C2_RING_SIMPLE_CH8,2048,2048,2048,16,3,1048576,77,0,777.792,1058.848,1369.440,310.592,PASS,0
PHASEB_formal_r1_C2_RING_SIMPLE_CH8_N2048_q16_rep5,1,4,1,sm_89,R1_EVENT_OVERLAP,NCCL,C2_RING_SIMPLE_CH8,2048,2048,2048,16,4,1048576,77,0,1025.312,1372.864,1677.248,304.384,PASS,0
PHASEB_formal_r1_C2_RING_SIMPLE_CH8_N2048_q16_rep5,1,4,1,sm_89,R1_EVENT_OVERLAP,NCCL,C2_RING_SIMPLE_CH8,2048,2048,2048,16,5,1048576,77,0,1114.080,1680.576,1990.176,309.600,PASS,0
PHASEB_formal_r1_C2_RING_SIMPLE_CH8_N2048_q16_rep5,1,4,1,sm_89,R1_EVENT_OVERLAP,NCCL,C2_RING_SIMPLE_CH8,2048,2048,2048,16,6,1048576,77,0,1362.464,2000.672,2307.904,307.232,PASS,0
PHASEB_formal_r1_C2_RING_SIMPLE_CH8_N2048_q16_rep5,1,4,1,sm_89,R1_EVENT_OVERLAP,NCCL,C2_RING_SIMPLE_CH8,2048,2048,2048,16,7,1048576,77,0,1666.016,2311.168,2591.168,280.000,PASS,0
PHASEB_formal_r1_C2_RING_SIMPLE_CH8_N2048_q16_rep5,1,4,1,sm_89,R1_EVENT_OVERLAP,NCCL,C2_RING_SIMPLE_CH8,2048,2048,2048,16,8,1048576,77,0,1926.048,2594.624,2902.752,308.128,PASS,0
PHASEB_formal_r1_C2_RING_SIMPLE_CH8_N2048_q16_rep5,1,4,1,sm_89,R1_EVENT_OVERLAP,NCCL,C2_RING_SIMPLE_CH8,2048,2048,2048,16,9,1048576,77,0,2039.712,2906.624,3177.408,270.784,PASS,0
PHASEB_formal_r1_C2_RING_SIMPLE_CH8_N2048_q16_rep5,1,4,1,sm_89,R1_EVENT_OVERLAP,NCCL,C2_RING_SIMPLE_CH8,2048,2048,2048,16,10,1048576,77,0,2352.544,3180.736,3485.056,304.320,PASS,0
PHASEB_formal_r1_C2_RING_SIMPLE_CH8_N2048_q16_rep5,1,4,1,sm_89,R1_EVENT_OVERLAP,NCCL,C2_RING_SIMPLE_CH8,2048,2048,2048,16,11,1048576,77,0,2659.648,3488.288,3757.856,269.568,PASS,0
PHASEB_formal_r1_C2_RING_SIMPLE_CH8_N2048_q16_rep5,1,4,1,sm_89,R1_EVENT_OVERLAP,NCCL,C2_RING_SIMPLE_CH8,2048,2048,2048,16,12,1048576,77,0,2932.896,3761.248,4055.552,294.304,PASS,0
PHASEB_formal_r1_C2_RING_SIMPLE_CH8_N2048_q16_rep5,1,4,1,sm_89,R1_EVENT_OVERLAP,NCCL,C2_RING_SIMPLE_CH8,2048,2048,2048,16,13,1048576,77,0,3242.048,4058.880,4318.688,259.808,PASS,0
PHASEB_formal_r1_C2_RING_SIMPLE_CH8_N2048_q16_rep5,1,4,1,sm_89,R1_EVENT_OVERLAP,NCCL,C2_RING_SIMPLE_CH8,2048,2048,2048,16,14,1048576,77,0,3522.400,4322.336,4580.992,258.656,PASS,0
PHASEB_formal_r1_C2_RING_SIMPLE_CH8_N2048_q16_rep5,1,4,1,sm_89,R1_EVENT_OVERLAP,NCCL,C2_RING_SIMPLE_CH8,2048,2048,2048,16,15,1048576,77,0,3825.824,4584.320,4843.232,258.912,PASS,0
PHASEB_formal_r1_C2_RING_SIMPLE_CH8_N2048_q16_rep5,1,4,1,sm_89,R1_EVENT_OVERLAP,NCCL,C2_RING_SIMPLE_CH8,2048,2048,2048,16,0,1048576,78,0,125.504,131.968,440.608,308.640,PASS,0
PHASEB_formal_r1_C2_RING_SIMPLE_CH8_N2048_q16_rep5,1,4,1,sm_89,R1_EVENT_OVERLAP,NCCL,C2_RING_SIMPLE_CH8,2048,2048,2048,16,1,1048576,78,0,224.448,444.224,758.336,314.112,PASS,0
PHASEB_formal_r1_C2_RING_SIMPLE_CH8_N2048_q16_rep5,1,4,1,sm_89,R1_EVENT_OVERLAP,NCCL,C2_RING_SIMPLE_CH8,2048,2048,2048,16,2,1048576,78,0,462.240,761.632,1033.440,271.808,PASS,0
PHASEB_formal_r1_C2_RING_SIMPLE_CH8_N2048_q16_rep5,1,4,1,sm_89,R1_EVENT_OVERLAP,NCCL,C2_RING_SIMPLE_CH8,2048,2048,2048,16,3,1048576,78,0,785.120,1036.736,1344.416,307.680,PASS,0
PHASEB_formal_r1_C2_RING_SIMPLE_CH8_N2048_q16_rep5,1,4,1,sm_89,R1_EVENT_OVERLAP,NCCL,C2_RING_SIMPLE_CH8,2048,2048,2048,16,4,1048576,78,0,1085.568,1347.744,1621.344,273.600,PASS,0
PHASEB_formal_r1_C2_RING_SIMPLE_CH8_N2048_q16_rep5,1,4,1,sm_89,R1_EVENT_OVERLAP,NCCL,C2_RING_SIMPLE_CH8,2048,2048,2048,16,5,1048576,78,0,1363.648,1624.672,1928.320,303.648,PASS,0
PHASEB_formal_r1_C2_RING_SIMPLE_CH8_N2048_q16_rep5,1,4,1,sm_89,R1_EVENT_OVERLAP,NCCL,C2_RING_SIMPLE_CH8,2048,2048,2048,16,6,1048576,78,0,1671.744,1931.648,2204.672,273.024,PASS,0
PHASEB_formal_r1_C2_RING_SIMPLE_CH8_N2048_q16_rep5,1,4,1,sm_89,R1_EVENT_OVERLAP,NCCL,C2_RING_SIMPLE_CH8,2048,2048,2048,16,7,1048576,78,0,1949.984,2208.160,2515.008,306.848,PASS,0
PHASEB_formal_r1_C2_RING_SIMPLE_CH8_N2048_q16_rep5,1,4,1,sm_89,R1_EVENT_OVERLAP,NCCL,C2_RING_SIMPLE_CH8,2048,2048,2048,16,8,1048576,78,0,2258.432,2518.240,2788.608,270.368,PASS,0
PHASEB_formal_r1_C2_RING_SIMPLE_CH8_N2048_q16_rep5,1,4,1,sm_89,R1_EVENT_OVERLAP,NCCL,C2_RING_SIMPLE_CH8,2048,2048,2048,16,9,1048576,78,0,2537.600,2791.904,3099.232,307.328,PASS,0
PHASEB_formal_r1_C2_RING_SIMPLE_CH8_N2048_q16_rep5,1,4,1,sm_89,R1_EVENT_OVERLAP,NCCL,C2_RING_SIMPLE_CH8,2048,2048,2048,16,10,1048576,78,0,2848.256,3102.752,3377.248,274.496,PASS,0
PHASEB_formal_r1_C2_RING_SIMPLE_CH8_N2048_q16_rep5,1,4,1,sm_89,R1_EVENT_OVERLAP,NCCL,C2_RING_SIMPLE_CH8,2048,2048,2048,16,11,1048576,78,0,3129.088,3380.576,3686.848,306.272,PASS,0
PHASEB_formal_r1_C2_RING_SIMPLE_CH8_N2048_q16_rep5,1,4,1,sm_89,R1_EVENT_OVERLAP,NCCL,C2_RING_SIMPLE_CH8,2048,2048,2048,16,12,1048576,78,0,3439.744,3690.048,3960.160,270.112,PASS,0
PHASEB_formal_r1_C2_RING_SIMPLE_CH8_N2048_q16_rep5,1,4,1,sm_89,R1_EVENT_OVERLAP,NCCL,C2_RING_SIMPLE_CH8,2048,2048,2048,16,13,1048576,78,0,3711.040,3963.520,4269.440,305.920,PASS,0
PHASEB_formal_r1_C2_RING_SIMPLE_CH8_N2048_q16_rep5,1,4,1,sm_89,R1_EVENT_OVERLAP,NCCL,C2_RING_SIMPLE_CH8,2048,2048,2048,16,14,1048576,78,0,4020.544,4272.864,4533.216,260.352,PASS,0
PHASEB_formal_r1_C2_RING_SIMPLE_CH8_N2048_q16_rep5,1,4,1,sm_89,R1_EVENT_OVERLAP,NCCL,C2_RING_SIMPLE_CH8,2048,2048,2048,16,15,1048576,78,0,4299.136,4536.576,4795.328,258.752,PASS,0
PHASEB_formal_r1_C2_RING_SIMPLE_CH8_N2048_q16_rep5,1,4,1,sm_89,R1_EVENT_OVERLAP,NCCL,C2_RING_SIMPLE_CH8,2048,2048,2048,16,0,1048576,79,0,132.480,138.784,448.256,309.472,PASS,0
PHASEB_formal_r1_C2_RING_SIMPLE_CH8_N2048_q16_rep5,1,4,1,sm_89,R1_EVENT_OVERLAP,NCCL,C2_RING_SIMPLE_CH8,2048,2048,2048,16,1,1048576,79,0,248.352,451.680,758.016,306.336,PASS,0
PHASEB_formal_r1_C2_RING_SIMPLE_CH8_N2048_q16_rep5,1,4,1,sm_89,R1_EVENT_OVERLAP,NCCL,C2_RING_SIMPLE_CH8,2048,2048,2048,16,2,1048576,79,0,471.680,761.216,1045.056,283.840,PASS,0
PHASEB_formal_r1_C2_RING_SIMPLE_CH8_N2048_q16_rep5,1,4,1,sm_89,R1_EVENT_OVERLAP,NCCL,C2_RING_SIMPLE_CH8,2048,2048,2048,16,3,1048576,79,0,789.504,1048.384,1356.224,307.840,PASS,0
PHASEB_formal_r1_C2_RING_SIMPLE_CH8_N2048_q16_rep5,1,4,1,sm_89,R1_EVENT_OVERLAP,NCCL,C2_RING_SIMPLE_CH8,2048,2048,2048,16,4,1048576,79,0,1097.216,1359.552,1631.264,271.712,PASS,0
PHASEB_formal_r1_C2_RING_SIMPLE_CH8_N2048_q16_rep5,1,4,1,sm_89,R1_EVENT_OVERLAP,NCCL,C2_RING_SIMPLE_CH8,2048,2048,2048,16,5,1048576,79,0,1383.232,1634.624,1942.528,307.904,PASS,0
PHASEB_formal_r1_C2_RING_SIMPLE_CH8_N2048_q16_rep5,1,4,1,sm_89,R1_EVENT_OVERLAP,NCCL,C2_RING_SIMPLE_CH8,2048,2048,2048,16,6,1048576,79,0,1689.056,1945.920,2214.304,268.384,PASS,0
PHASEB_formal_r1_C2_RING_SIMPLE_CH8_N2048_q16_rep5,1,4,1,sm_89,R1_EVENT_OVERLAP,NCCL,C2_RING_SIMPLE_CH8,2048,2048,2048,16,7,1048576,79,0,1969.504,2217.728,2524.704,306.976,PASS,0
PHASEB_formal_r1_C2_RING_SIMPLE_CH8_N2048_q16_rep5,1,4,1,sm_89,R1_EVENT_OVERLAP,NCCL,C2_RING_SIMPLE_CH8,2048,2048,2048,16,8,1048576,79,0,2274.336,2528.032,2802.208,274.176,PASS,0
PHASEB_formal_r1_C2_RING_SIMPLE_CH8_N2048_q16_rep5,1,4,1,sm_89,R1_EVENT_OVERLAP,NCCL,C2_RING_SIMPLE_CH8,2048,2048,2048,16,9,1048576,79,0,2555.424,2805.632,3111.936,306.304,PASS,0
PHASEB_formal_r1_C2_RING_SIMPLE_CH8_N2048_q16_rep5,1,4,1,sm_89,R1_EVENT_OVERLAP,NCCL,C2_RING_SIMPLE_CH8,2048,2048,2048,16,10,1048576,79,0,2860.608,3115.360,3391.232,275.872,PASS,0
PHASEB_formal_r1_C2_RING_SIMPLE_CH8_N2048_q16_rep5,1,4,1,sm_89,R1_EVENT_OVERLAP,NCCL,C2_RING_SIMPLE_CH8,2048,2048,2048,16,11,1048576,79,0,3141.952,3394.496,3697.728,303.232,PASS,0
PHASEB_formal_r1_C2_RING_SIMPLE_CH8_N2048_q16_rep5,1,4,1,sm_89,R1_EVENT_OVERLAP,NCCL,C2_RING_SIMPLE_CH8,2048,2048,2048,16,12,1048576,79,0,3448.032,3700.992,3972.352,271.360,PASS,0
PHASEB_formal_r1_C2_RING_SIMPLE_CH8_N2048_q16_rep5,1,4,1,sm_89,R1_EVENT_OVERLAP,NCCL,C2_RING_SIMPLE_CH8,2048,2048,2048,16,13,1048576,79,0,3729.856,3975.680,4251.552,275.872,PASS,0
PHASEB_formal_r1_C2_RING_SIMPLE_CH8_N2048_q16_rep5,1,4,1,sm_89,R1_EVENT_OVERLAP,NCCL,C2_RING_SIMPLE_CH8,2048,2048,2048,16,14,1048576,79,0,4039.488,4254.784,4552.160,297.376,PASS,0
PHASEB_formal_r1_C2_RING_SIMPLE_CH8_N2048_q16_rep5,1,4,1,sm_89,R1_EVENT_OVERLAP,NCCL,C2_RING_SIMPLE_CH8,2048,2048,2048,16,15,1048576,79,0,4311.840,4555.488,4814.336,258.848,PASS,0
